# HS4 archived input geometry. Coordinates in metres; Z up.
# No smoothing or exaggeration.
mtllib hs4_scene.mtl
o rock
s off
usemtl rock
v 0 0 9
v 0.25 0 9
v 0.25 0.25 9
v 0 0.25 9
v 0.25 0.5 9
v 0 0.5 9
v 0.25 0.75 9
v 0 0.75 9
v 0.25 1 9
v 0 1 9
v 0.25 1.25 9
v 0 1.25 9
v 0 1.25 8.95
v 0.25 1.25 8.95
v 0.25 1.5 8.95
v 0 1.5 8.95
v 0.25 1.75 8.95
v 0 1.75 8.95
v 0 1.75 8.9
v 0.25 1.75 8.9
v 0.25 2 8.9
v 0 2 8.9
v 0.25 2.25 8.9
v 0 2.25 8.9
v 0.25 2.5 8.9
v 0 2.5 8.9
v 0.25 2.75 8.9
v 0 2.75 8.9
v 0.25 3 8.9
v 0 3 8.9
v 0.25 3.25 8.9
v 0 3.25 8.9
v 0.25 3.5 8.9
v 0 3.5 8.9
v 0.25 3.5 8.95
v 0 3.5 8.95
v 0.25 3.75 8.95
v 0 3.75 8.95
v 0.25 3.75 9
v 0 3.75 9
v 0.25 4 9
v 0 4 9
v 0.25 4 9.05
v 0 4 9.05
v 0.25 4.25 9.05
v 0 4.25 9.05
v 0.25 4.25 9.1
v 0 4.25 9.1
v 0.25 4.5 9.1
v 0 4.5 9.1
v 0.25 4.75 9.1
v 0 4.75 9.1
v 0.25 4.75 9.15
v 0 4.75 9.15
v 0.25 5 9.15
v 0 5 9.15
v 0.25 5.25 9.15
v 0 5.25 9.15
v 0.25 5.25 9.2
v 0 5.25 9.2
v 0.25 5.5 9.2
v 0 5.5 9.2
v 0.25 5.75 9.2
v 0 5.75 9.2
v 0.25 6 9.2
v 0 6 9.2
v 0.25 6.25 9.2
v 0 6.25 9.2
v 0.25 6.5 9.2
v 0 6.5 9.2
v 0 6.5 9.15
v 0.25 6.5 9.15
v 0.25 6.75 9.15
v 0 6.75 9.15
v 0.25 7 9.15
v 0 7 9.15
v 0 7 9.1
v 0.25 7 9.1
v 0.25 7.25 9.1
v 0 7.25 9.1
v 0.25 7.5 9.1
v 0 7.5 9.1
v 0 7.5 9.05
v 0.25 7.5 9.05
v 0.25 7.75 9.05
v 0 7.75 9.05
v 0.25 8 9.05
v 0 8 9.05
v 0 8 9
v 0.25 8 9
v 0.25 8.25 9
v 0 8.25 9
v 0 8.25 8.95
v 0.25 8.25 8.95
v 0.25 8.5 8.95
v 0 8.5 8.95
v 0.25 8.75 8.95
v 0 8.75 8.95
v 0 8.75 8.9
v 0.25 8.75 8.9
v 0.25 9 8.9
v 0 9 8.9
v 0.25 9.25 8.9
v 0 9.25 8.9
v 0.25 9.5 8.9
v 0 9.5 8.9
v 0.25 9.75 8.9
v 0 9.75 8.9
v 0.25 9.75 8.95
v 0 9.75 8.95
v 0.25 10 8.95
v 0 10 8.95
v 0.25 10.25 8.95
v 0 10.25 8.95
v 0.25 10.25 9
v 0 10.25 9
v 0.25 10.5 9
v 0 10.5 9
v 0.25 10.75 9
v 0 10.75 9
v 0.25 10.75 9.05
v 0 10.75 9.05
v 0.25 11 9.05
v 0 11 9.05
v 0.25 11.25 9.05
v 0 11.25 9.05
v 0.25 11.5 9.05
v 0 11.5 9.05
v 0.25 11.75 9.05
v 0 11.75 9.05
v 0.25 12 9.05
v 0 12 9.05
v 0.5 0 9
v 0.5 0.25 9
v 0.5 0.5 9
v 0.5 0.75 9
v 0.5 1 9
v 0.5 1.25 9
v 0.5 1.25 8.95
v 0.5 1.5 8.95
v 0.5 1.75 8.95
v 0.5 1.75 8.9
v 0.5 2 8.9
v 0.5 2.25 8.9
v 0.5 2.5 8.9
v 0.5 2.75 8.9
v 0.5 3 8.9
v 0.5 3.25 8.9
v 0.5 3.5 8.9
v 0.5 3.5 8.95
v 0.5 3.75 8.95
v 0.5 3.75 9
v 0.5 4 9
v 0.5 4 9.05
v 0.5 4.25 9.05
v 0.5 4.25 9.1
v 0.5 4.5 9.1
v 0.5 4.75 9.1
v 0.5 4.75 9.15
v 0.5 5 9.15
v 0.5 5.25 9.15
v 0.5 5.25 9.2
v 0.5 5.5 9.2
v 0.5 5.75 9.2
v 0.5 6 9.2
v 0.5 6.25 9.2
v 0.5 6.5 9.2
v 0.5 6.5 9.15
v 0.5 6.75 9.15
v 0.5 7 9.15
v 0.5 7 9.1
v 0.5 7.25 9.1
v 0.5 7.5 9.1
v 0.5 7.5 9.05
v 0.5 7.75 9.05
v 0.5 8 9.05
v 0.5 8 9
v 0.5 8.25 9
v 0.5 8.25 8.95
v 0.5 8.5 8.95
v 0.5 8.75 8.95
v 0.5 8.75 8.9
v 0.5 9 8.9
v 0.5 9.25 8.9
v 0.5 9.5 8.9
v 0.5 9.75 8.9
v 0.5 9.75 8.95
v 0.5 10 8.95
v 0.5 10.25 8.95
v 0.5 10.25 9
v 0.5 10.5 9
v 0.5 10.75 9
v 0.5 10.75 9.05
v 0.5 11 9.05
v 0.5 11.25 9.05
v 0.5 11.5 9.05
v 0.5 11.75 9.05
v 0.5 12 9.05
v 0.75 0 9
v 0.75 0.25 9
v 0.75 0.5 9
v 0.75 0.75 9
v 0.75 1 9
v 0.75 1.25 9
v 0.75 1.25 8.95
v 0.75 1.5 8.95
v 0.75 1.75 8.95
v 0.75 1.75 8.9
v 0.75 2 8.9
v 0.75 2.25 8.9
v 0.75 2.5 8.9
v 0.75 2.75 8.9
v 0.75 3 8.9
v 0.75 3.25 8.9
v 0.75 3.5 8.9
v 0.75 3.5 8.95
v 0.75 3.75 8.95
v 0.75 3.75 9
v 0.75 4 9
v 0.75 4 9.05
v 0.75 4.25 9.05
v 0.75 4.25 9.1
v 0.75 4.5 9.1
v 0.75 4.75 9.1
v 0.75 4.75 9.15
v 0.75 5 9.15
v 0.75 5.25 9.15
v 0.75 5.25 9.2
v 0.75 5.5 9.2
v 0.75 5.75 9.2
v 0.75 6 9.2
v 0.75 6.25 9.2
v 0.75 6.5 9.2
v 0.75 6.5 9.15
v 0.75 6.75 9.15
v 0.75 7 9.15
v 0.75 7 9.1
v 0.75 7.25 9.1
v 0.75 7.5 9.1
v 0.75 7.5 9.05
v 0.75 7.75 9.05
v 0.75 8 9.05
v 0.75 8 9
v 0.75 8.25 9
v 0.75 8.25 8.95
v 0.75 8.5 8.95
v 0.75 8.75 8.95
v 0.75 8.75 8.9
v 0.75 9 8.9
v 0.75 9.25 8.9
v 0.75 9.5 8.9
v 0.75 9.75 8.9
v 0.75 9.75 8.95
v 0.75 10 8.95
v 0.75 10.25 8.95
v 0.75 10.25 9
v 0.75 10.5 9
v 0.75 10.75 9
v 0.75 10.75 9.05
v 0.75 11 9.05
v 0.75 11.25 9.05
v 0.75 11.5 9.05
v 0.75 11.75 9.05
v 0.75 12 9.05
v 1 0 9
v 1 0.25 9
v 1 0.5 9
v 1 0.75 9
v 1 1 9
v 1 1.25 9
v 1 1.25 8.95
v 1 1.5 8.95
v 1 1.75 8.95
v 1 1.75 8.9
v 1 2 8.9
v 1 2.25 8.9
v 1 2.5 8.9
v 1 2.75 8.9
v 1 3 8.9
v 1 3.25 8.9
v 1 3.5 8.9
v 1 3.25 8.95
v 1 3.5 8.95
v 1 3.75 8.95
v 1 3.75 9
v 1 4 9
v 1 4 9.05
v 1 4.25 9.05
v 1 4.25 9.1
v 1 4.5 9.1
v 1 4.75 9.1
v 1 4.5 9.15
v 1 4.75 9.15
v 1 5 9.15
v 1 5.25 9.15
v 1 5 9.2
v 1 5.25 9.2
v 1 5.5 9.2
v 1 5.75 9.2
v 1 6 9.2
v 1 6.25 9.2
v 1 6.5 9.2
v 1 6.5 9.15
v 1 6.75 9.15
v 1 7 9.15
v 1 7 9.1
v 1 7.25 9.1
v 1 7.5 9.1
v 1 7.5 9.05
v 1 7.75 9.05
v 1 8 9.05
v 1 8 9
v 1 8.25 9
v 1 8.25 8.95
v 1 8.5 8.95
v 1 8.5 9
v 1 8.75 8.95
v 1 8.75 8.9
v 1 9 8.9
v 1 9 8.95
v 1 9.25 8.9
v 1 9.5 8.9
v 1 9.75 8.9
v 1 9.5 8.95
v 1 9.75 8.95
v 1 10 8.95
v 1 10.25 8.95
v 1 10.25 9
v 1 10.5 9
v 1 10.75 9
v 1 10.5 9.05
v 1 10.75 9.05
v 1 11 9.05
v 1 11.25 9.05
v 1 11 9.1
v 1 11.25 9.1
v 1 11.5 9.05
v 1 11.5 9.1
v 1 11.75 9.05
v 1 11.75 9.1
v 1 12 9.05
v 1 12 9.1
v 1.25 0 9
v 1.25 0.25 9
v 1.25 0 8.95
v 1.25 0.25 8.95
v 1.25 0.5 9
v 1.25 0.5 8.95
v 1.25 0.75 9
v 1.25 0.75 8.95
v 1.25 1 9
v 1.25 1 8.95
v 1.25 1.25 9
v 1.25 1.25 8.95
v 1.25 1.5 8.95
v 1.25 1.75 8.95
v 1.25 1.5 8.9
v 1.25 1.75 8.9
v 1.25 2 8.9
v 1.25 2.25 8.9
v 1.25 2.5 8.9
v 1.25 2.25 8.85
v 1.25 2.5 8.85
v 1.25 2.75 8.9
v 1.25 2.75 8.85
v 1.25 3 8.9
v 1.25 3.25 8.9
v 1.25 3.25 8.95
v 1.25 3.5 8.95
v 1.25 3.75 8.95
v 1.25 3.5 9
v 1.25 3.75 9
v 1.25 4 9
v 1.25 3.75 9.05
v 1.25 4 9.05
v 1.25 4.25 9.05
v 1.25 4.25 9.1
v 1.25 4.5 9.1
v 1.25 4.5 9.15
v 1.25 4.75 9.15
v 1.25 5 9.15
v 1.25 4.75 9.2
v 1.25 5 9.2
v 1.25 5.25 9.2
v 1.25 5.5 9.2
v 1.25 5.25 9.25
v 1.25 5.5 9.25
v 1.25 5.75 9.2
v 1.25 5.75 9.25
v 1.25 6 9.2
v 1.25 6 9.25
v 1.25 6.25 9.2
v 1.25 6.25 9.25
v 1.25 6.5 9.2
v 1.25 6.5 9.15
v 1.25 6.75 9.15
v 1.25 6.75 9.2
v 1.25 7 9.15
v 1.25 7 9.2
v 1.25 7 9.1
v 1.25 7.25 9.1
v 1.25 7.25 9.15
v 1.25 7.5 9.1
v 1.25 7.5 9.05
v 1.25 7.75 9.05
v 1.25 7.75 9.1
v 1.25 8 9.05
v 1.25 8 9
v 1.25 8.25 9
v 1.25 8.25 9.05
v 1.25 8.5 9
v 1.25 8.5 8.95
v 1.25 8.75 8.95
v 1.25 8.75 9
v 1.25 9 8.95
v 1.25 9 8.9
v 1.25 9.25 8.9
v 1.25 9.25 8.95
v 1.25 9.5 8.9
v 1.25 9.5 8.95
v 1.25 9.75 8.95
v 1.25 10 8.95
v 1.25 9.75 9
v 1.25 10 9
v 1.25 10.25 8.95
v 1.25 10.25 9
v 1.25 10.5 9
v 1.25 10.25 9.05
v 1.25 10.5 9.05
v 1.25 10.75 9.05
v 1.25 11 9.05
v 1.25 10.75 9.1
v 1.25 11 9.1
v 1.25 11.25 9.1
v 1.25 11.5 9.1
v 1.25 11.75 9.1
v 1.25 12 9.1
v 1.5 0 8.95
v 1.5 0.25 8.95
v 1.5 0.5 8.95
v 1.5 0.75 8.95
v 1.5 1 8.95
v 1.5 1.25 8.95
v 1.5 1.5 8.95
v 1.5 1.25 8.9
v 1.5 1.5 8.9
v 1.5 1.75 8.9
v 1.5 2 8.9
v 1.5 1.75 8.85
v 1.5 2 8.85
v 1.5 2.25 8.9
v 1.5 2.25 8.85
v 1.5 2.5 8.85
v 1.5 2.75 8.85
v 1.5 2.75 8.9
v 1.5 3 8.9
v 1.5 3.25 8.9
v 1.5 3.25 8.95
v 1.5 3.5 8.95
v 1.5 3.5 9
v 1.5 3.75 9
v 1.5 3.75 9.05
v 1.5 4 9.05
v 1.5 4.25 9.05
v 1.5 4 9.1
v 1.5 4.25 9.1
v 1.5 4.5 9.1
v 1.5 4.25 9.15
v 1.5 4.5 9.15
v 1.5 4.75 9.15
v 1.5 4.5 9.2
v 1.5 4.75 9.2
v 1.5 5 9.2
v 1.5 5.25 9.2
v 1.5 5 9.25
v 1.5 5.25 9.25
v 1.5 5.5 9.25
v 1.5 5.75 9.25
v 1.5 6 9.25
v 1.5 6.25 9.25
v 1.5 6.25 9.2
v 1.5 6.5 9.2
v 1.5 6.5 9.25
v 1.5 6.75 9.2
v 1.5 7 9.2
v 1.5 7 9.15
v 1.5 7.25 9.15
v 1.5 7.25 9.1
v 1.5 7.5 9.1
v 1.5 7.5 9.15
v 1.5 7.75 9.1
v 1.5 7.75 9.05
v 1.5 8 9.05
v 1.5 8.25 9.05
v 1.5 8.25 9
v 1.5 8.5 9
v 1.5 8.75 9
v 1.5 8.75 8.95
v 1.5 9 8.95
v 1.5 9 9
v 1.5 9.25 8.95
v 1.5 9.25 9
v 1.5 9.5 8.95
v 1.5 9.5 9
v 1.5 9.75 8.95
v 1.5 9.75 9
v 1.5 10 9
v 1.5 10.25 9
v 1.5 10 9.05
v 1.5 10.25 9.05
v 1.5 10.5 9.05
v 1.5 10.25 9.1
v 1.5 10.5 9.1
v 1.5 10.75 9.05
v 1.5 10.75 9.1
v 1.5 11 9.1
v 1.5 10.75 9.15
v 1.5 11 9.15
v 1.5 11.25 9.1
v 1.5 11.25 9.15
v 1.5 11.5 9.1
v 1.5 11.5 9.15
v 1.5 11.75 9.1
v 1.5 11.75 9.15
v 1.5 12 9.1
v 1.5 12 9.15
v 1.75 0 8.95
v 1.75 0.25 8.95
v 1.75 0 8.9
v 1.75 0.25 8.9
v 1.75 0.5 8.95
v 1.75 0.5 8.9
v 1.75 0.75 8.95
v 1.75 0.75 8.9
v 1.75 1 8.95
v 1.75 1 8.9
v 1.75 1.25 8.95
v 1.75 1.25 8.9
v 1.75 1.5 8.9
v 1.75 1.75 8.9
v 1.75 1.5 8.85
v 1.75 1.75 8.85
v 1.75 2 8.85
v 1.75 2.25 8.85
v 1.75 2.5 8.85
v 1.75 2.75 8.85
v 1.75 2.75 8.9
v 1.75 3 8.9
v 1.75 3 8.85
v 1.75 3.25 8.9
v 1.75 3.25 8.95
v 1.75 3.5 8.95
v 1.75 3.5 9
v 1.75 3.75 9
v 1.75 3.75 9.05
v 1.75 4 9.05
v 1.75 4 9.1
v 1.75 4.25 9.1
v 1.75 4.25 9.15
v 1.75 4.5 9.15
v 1.75 4.5 9.2
v 1.75 4.75 9.2
v 1.75 5 9.2
v 1.75 4.75 9.25
v 1.75 5 9.25
v 1.75 5.25 9.25
v 1.75 5.5 9.25
v 1.75 5.25 9.3
v 1.75 5.5 9.3
v 1.75 5.75 9.25
v 1.75 5.75 9.3
v 1.75 6 9.25
v 1.75 6 9.3
v 1.75 6.25 9.25
v 1.75 6.25 9.3
v 1.75 6.5 9.25
v 1.75 6.5 9.2
v 1.75 6.75 9.2
v 1.75 6.75 9.25
v 1.75 7 9.2
v 1.75 7 9.15
v 1.75 7.25 9.15
v 1.75 7.25 9.2
v 1.75 7.5 9.15
v 1.75 7.5 9.1
v 1.75 7.75 9.1
v 1.75 7.75 9.05
v 1.75 8 9.05
v 1.75 8 9.1
v 1.75 8.25 9.05
v 1.75 8.25 9
v 1.75 8.5 9
v 1.75 8.5 9.05
v 1.75 8.75 9
v 1.75 9 9
v 1.75 9.25 9
v 1.75 9.5 9
v 1.75 9.75 9
v 1.75 9.5 9.05
v 1.75 9.75 9.05
v 1.75 10 9
v 1.75 10 9.05
v 1.75 10.25 9.05
v 1.75 10 9.1
v 1.75 10.25 9.1
v 1.75 10.5 9.1
v 1.75 10.75 9.1
v 1.75 10.5 9.15
v 1.75 10.75 9.15
v 1.75 11 9.15
v 1.75 10.75 9.2
v 1.75 11 9.2
v 1.75 11.25 9.15
v 1.75 11.25 9.2
v 1.75 11.5 9.15
v 1.75 11.5 9.2
v 1.75 11.75 9.15
v 1.75 11.75 9.2
v 1.75 12 9.15
v 1.75 12 9.2
v 2 0 8.9
v 2 0.25 8.9
v 2 0 8.85
v 2 0.25 8.85
v 2 0.5 8.9
v 2 0.5 8.85
v 2 0.75 8.9
v 2 0.75 8.85
v 2 1 8.9
v 2 1 8.85
v 2 1.25 8.9
v 2 1.25 8.85
v 2 1.5 8.9
v 2 1.5 8.85
v 2 1.75 8.85
v 2 2 8.85
v 2 1.75 8.8
v 2 2 8.8
v 2 2.25 8.85
v 2 2.25 8.8
v 2 2.5 8.85
v 2 2.5 8.8
v 2 2.75 8.85
v 2 3 8.85
v 2 3 8.9
v 2 3.25 8.9
v 2 3.25 8.95
v 2 3.5 8.95
v 2 3.5 9
v 2 3.75 9
v 2 3.75 9.05
v 2 4 9.05
v 2 4 9.1
v 2 4.25 9.1
v 2 4.25 9.15
v 2 4.5 9.15
v 2 4.5 9.2
v 2 4.75 9.2
v 2 4.75 9.25
v 2 5 9.25
v 2 5.25 9.25
v 2 5 9.3
v 2 5.25 9.3
v 2 5.5 9.3
v 2 5.75 9.3
v 2 6 9.3
v 2 6.25 9.3
v 2 6.25 9.25
v 2 6.5 9.25
v 2 6.5 9.3
v 2 6.75 9.25
v 2 6.75 9.2
v 2 7 9.2
v 2 7.25 9.2
v 2 7.25 9.15
v 2 7.5 9.15
v 2 7.5 9.1
v 2 7.75 9.1
v 2 8 9.1
v 2 8 9.05
v 2 8.25 9.05
v 2 8.5 9.05
v 2 8.5 9
v 2 8.75 9
v 2 8.75 9.05
v 2 9 9
v 2 9.25 9
v 2 9.5 9
v 2 9.25 9.05
v 2 9.5 9.05
v 2 9.75 9.05
v 2 10 9.05
v 2 9.75 9.1
v 2 10 9.1
v 2 10.25 9.1
v 2 10.5 9.1
v 2 10.25 9.15
v 2 10.5 9.15
v 2 10.75 9.15
v 2 10.5 9.2
v 2 10.75 9.2
v 2 11 9.2
v 2 11.25 9.2
v 2 11.5 9.2
v 2 11.75 9.2
v 2 12 9.2
v 2.25 0 8.85
v 2.25 0.25 8.85
v 2.25 0.5 8.85
v 2.25 0.75 8.85
v 2.25 1 8.85
v 2.25 1.25 8.85
v 2.25 1.5 8.85
v 2.25 1.25 8.8
v 2.25 1.5 8.8
v 2.25 1.75 8.85
v 2.25 1.75 8.8
v 2.25 2 8.8
v 2.25 2.25 8.8
v 2.25 2.5 8.8
v 2.25 2.5 8.85
v 2.25 2.75 8.85
v 2.25 2.75 8.8
v 2.25 3 8.85
v 2.25 3 8.9
v 2.25 3.25 8.9
v 2.25 3.25 8.95
v 2.25 3.5 8.95
v 2.25 3.5 9
v 2.25 3.75 9
v 2.25 3.75 9.05
v 2.25 4 9.05
v 2.25 4 9.1
v 2.25 4.25 9.1
v 2.25 4.25 9.15
v 2.25 4.5 9.15
v 2.25 4.5 9.2
v 2.25 4.75 9.2
v 2.25 4.5 9.25
v 2.25 4.75 9.25
v 2.25 5 9.25
v 2.25 5 9.3
v 2.25 5.25 9.3
v 2.25 5.5 9.3
v 2.25 5.75 9.3
v 2.25 6 9.3
v 2.25 6.25 9.3
v 2.25 6.5 9.3
v 2.25 6.5 9.25
v 2.25 6.75 9.25
v 2.25 6.75 9.2
v 2.25 7 9.2
v 2.25 7.25 9.2
v 2.25 7.25 9.15
v 2.25 7.5 9.15
v 2.25 7.5 9.1
v 2.25 7.75 9.1
v 2.25 8 9.1
v 2.25 8 9.05
v 2.25 8.25 9.05
v 2.25 8.5 9.05
v 2.25 8.75 9.05
v 2.25 8.75 9
v 2.25 9 9
v 2.25 9 9.05
v 2.25 9.25 9
v 2.25 9.25 9.05
v 2.25 9.5 9.05
v 2.25 9.75 9.05
v 2.25 9.75 9.1
v 2.25 10 9.1
v 2.25 10.25 9.1
v 2.25 10 9.15
v 2.25 10.25 9.15
v 2.25 10.5 9.15
v 2.25 10.5 9.2
v 2.25 10.75 9.2
v 2.25 11 9.2
v 2.25 10.75 9.25
v 2.25 11 9.25
v 2.25 11.25 9.2
v 2.25 11.25 9.25
v 2.25 11.5 9.2
v 2.25 11.5 9.25
v 2.25 11.75 9.2
v 2.25 11.75 9.25
v 2.25 12 9.2
v 2.25 12 9.25
v 2.5 0 8.85
v 2.5 0.25 8.85
v 2.5 0 8.8
v 2.5 0.25 8.8
v 2.5 0.5 8.85
v 2.5 0.5 8.8
v 2.5 0.75 8.85
v 2.5 0.75 8.8
v 2.5 1 8.85
v 2.5 1 8.8
v 2.5 1.25 8.85
v 2.5 1.25 8.8
v 2.5 1.5 8.8
v 2.5 1.75 8.8
v 2.5 2 8.8
v 2.5 1.75 8.75
v 2.5 2 8.75
v 2.5 2.25 8.8
v 2.5 2.25 8.75
v 2.5 2.5 8.8
v 2.5 2.5 8.75
v 2.5 2.75 8.8
v 2.5 2.75 8.85
v 2.5 3 8.85
v 2.5 3 8.8
v 2.5 3 8.9
v 2.5 3.25 8.9
v 2.5 3.25 8.85
v 2.5 3.25 8.95
v 2.5 3.5 8.95
v 2.5 3.5 8.9
v 2.5 3.5 9
v 2.5 3.75 9
v 2.5 3.75 9.05
v 2.5 4 9.05
v 2.5 4 9.1
v 2.5 4.25 9.1
v 2.5 4.25 9.15
v 2.5 4.5 9.15
v 2.5 4.5 9.25
v 2.5 4.75 9.25
v 2.5 4.5 9.2
v 2.5 4.75 9.2
v 2.5 5 9.25
v 2.5 5 9.3
v 2.5 5.25 9.3
v 2.5 5.5 9.3
v 2.5 5.75 9.3
v 2.5 6 9.3
v 2.5 6.25 9.3
v 2.5 6.5 9.3
v 2.5 6.25 9.25
v 2.5 6.5 9.25
v 2.5 6.75 9.25
v 2.5 6.75 9.2
v 2.5 7 9.2
v 2.5 7.25 9.2
v 2.5 7 9.15
v 2.5 7.25 9.15
v 2.5 7.5 9.15
v 2.5 7.5 9.1
v 2.5 7.75 9.1
v 2.5 8 9.1
v 2.5 8 9.05
v 2.5 8.25 9.05
v 2.5 8.5 9.05
v 2.5 8.75 9.05
v 2.5 9 9.05
v 2.5 9.25 9.05
v 2.5 9.5 9.05
v 2.5 9.75 9.05
v 2.5 9.5 9.1
v 2.5 9.75 9.1
v 2.5 10 9.1
v 2.5 10 9.15
v 2.5 10.25 9.15
v 2.5 10.5 9.15
v 2.5 10.25 9.2
v 2.5 10.5 9.2
v 2.5 10.75 9.2
v 2.5 10.75 9.25
v 2.5 11 9.25
v 2.5 11.25 9.25
v 2.5 11.5 9.25
v 2.5 11.75 9.25
v 2.5 12 9.25
v 2.75 0 8.8
v 2.75 0.25 8.8
v 2.75 0.5 8.8
v 2.75 0.75 8.8
v 2.75 1 8.8
v 2.75 1.25 8.8
v 2.75 1.5 8.8
v 2.75 1.25 8.75
v 2.75 1.5 8.75
v 2.75 1.75 8.8
v 2.75 1.75 8.75
v 2.75 2 8.75
v 2.75 2.25 8.75
v 2.75 2.5 8.75
v 2.75 2.5 8.8
v 2.75 2.75 8.8
v 2.75 2.75 8.75
v 2.75 3 8.8
v 2.75 3 8.85
v 2.75 3.25 8.85
v 2.75 3.25 8.9
v 2.75 3.5 8.9
v 2.75 3.5 9
v 2.75 3.75 9
v 2.75 3.5 8.95
v 2.75 3.75 8.95
v 2.75 3.75 9.05
v 2.75 4 9.05
v 2.75 4 9
v 2.75 4 9.1
v 2.75 4.25 9.1
v 2.75 4.25 9.15
v 2.75 4.5 9.15
v 2.75 4.5 9.2
v 2.75 4.75 9.2
v 2.75 4.75 9.25
v 2.75 5 9.25
v 2.75 5 9.3
v 2.75 5.25 9.3
v 2.75 5.25 9.25
v 2.75 5.5 9.3
v 2.75 5.75 9.3
v 2.75 6 9.3
v 2.75 6.25 9.3
v 2.75 6 9.25
v 2.75 6.25 9.25
v 2.75 6.5 9.25
v 2.75 6.75 9.25
v 2.75 6.5 9.2
v 2.75 6.75 9.2
v 2.75 7 9.2
v 2.75 7 9.15
v 2.75 7.25 9.15
v 2.75 7.5 9.15
v 2.75 7.25 9.1
v 2.75 7.5 9.1
v 2.75 7.75 9.1
v 2.75 8 9.1
v 2.75 7.75 9.05
v 2.75 8 9.05
v 2.75 8.25 9.05
v 2.75 8.5 9.05
v 2.75 8.25 9
v 2.75 8.5 9
v 2.75 8.75 9.05
v 2.75 8.75 9
v 2.75 9 9.05
v 2.75 9 9
v 2.75 9.25 9.05
v 2.75 9.5 9.05
v 2.75 9.5 9.1
v 2.75 9.75 9.1
v 2.75 10 9.1
v 2.75 10 9.15
v 2.75 10.25 9.15
v 2.75 10.25 9.2
v 2.75 10.5 9.2
v 2.75 10.75 9.2
v 2.75 10.75 9.25
v 2.75 11 9.25
v 2.75 11.25 9.25
v 2.75 11.5 9.25
v 2.75 11.75 9.25
v 2.75 12 9.25
v 3 0 8.8
v 3 0.25 8.8
v 3 0 8.75
v 3 0.25 8.75
v 3 0.5 8.8
v 3 0.5 8.75
v 3 0.75 8.8
v 3 0.75 8.75
v 3 1 8.8
v 3 1 8.75
v 3 1.25 8.8
v 3 1.25 8.75
v 3 1.5 8.75
v 3 1.75 8.75
v 3 2 8.75
v 3 1.75 8.7
v 3 2 8.7
v 3 2.25 8.75
v 3 2.25 8.7
v 3 2.5 8.75
v 3 2.75 8.75
v 3 2.75 8.8
v 3 3 8.8
v 3 3 8.75
v 3 3 8.85
v 3 3.25 8.85
v 3 3.25 8.8
v 3 3.25 8.9
v 3 3.5 8.9
v 3 3.5 8.85
v 3 3.5 8.95
v 3 3.75 8.95
v 3 3.75 9
v 3 4 9
v 3 4 9.1
v 3 4.25 9.1
v 3 4 9.05
v 3 4.25 9.05
v 3 4.25 9.15
v 3 4.5 9.15
v 3 4.5 9.1
v 3 4.5 9.2
v 3 4.75 9.2
v 3 4.75 9.15
v 3 4.75 9.25
v 3 5 9.25
v 3 5 9.2
v 3 5.25 9.25
v 3 5.25 9.3
v 3 5.5 9.3
v 3 5.5 9.25
v 3 5.75 9.3
v 3 5.75 9.25
v 3 6 9.3
v 3 6 9.25
v 3 6.25 9.25
v 3 6.5 9.25
v 3 6.25 9.2
v 3 6.5 9.2
v 3 6.75 9.2
v 3 7 9.2
v 3 6.75 9.15
v 3 7 9.15
v 3 7.25 9.15
v 3 7 9.1
v 3 7.25 9.1
v 3 7.5 9.1
v 3 7.75 9.1
v 3 7.5 9.05
v 3 7.75 9.05
v 3 8 9.05
v 3 8.25 9.05
v 3 8 9
v 3 8.25 9
v 3 8.5 9
v 3 8.75 9
v 3 9 9
v 3 9 9.05
v 3 9.25 9.05
v 3 9.25 9
v 3 9.5 9.05
v 3 9.5 9.1
v 3 9.75 9.1
v 3 9.75 9.05
v 3 10 9.1
v 3 10 9.15
v 3 10.25 9.15
v 3 10.25 9.2
v 3 10.5 9.2
v 3 10.5 9.15
v 3 10.75 9.2
v 3 10.75 9.25
v 3 11 9.25
v 3 11.25 9.25
v 3 11.5 9.25
v 3 11.75 9.25
v 3 12 9.25
v 3.25 0 8.75
v 3.25 0.25 8.75
v 3.25 0.5 8.75
v 3.25 0.75 8.75
v 3.25 1 8.75
v 3.25 1.25 8.75
v 3.25 1.5 8.75
v 3.25 1.75 8.75
v 3.25 1.5 8.7
v 3.25 1.75 8.7
v 3.25 2 8.7
v 3.25 2.25 8.7
v 3.25 2.25 8.75
v 3.25 2.5 8.75
v 3.25 2.5 8.7
v 3.25 2.75 8.75
v 3.25 2.75 8.7
v 3.25 3 8.75
v 3.25 3 8.8
v 3.25 3.25 8.8
v 3.25 3.25 8.85
v 3.25 3.5 8.85
v 3.25 3.5 8.95
v 3.25 3.75 8.95
v 3.25 3.5 8.9
v 3.25 3.75 8.9
v 3.25 3.75 9
v 3.25 4 9
v 3.25 4 8.95
v 3.25 4 9.05
v 3.25 4.25 9.05
v 3.25 4.25 9
v 3.25 4.25 9.1
v 3.25 4.5 9.1
v 3.25 4.5 9.15
v 3.25 4.75 9.15
v 3.25 4.75 9.2
v 3.25 5 9.2
v 3.25 5 9.15
v 3.25 5 9.25
v 3.25 5.25 9.25
v 3.25 5.25 9.2
v 3.25 5.5 9.25
v 3.25 5.5 9.2
v 3.25 5.75 9.25
v 3.25 5.75 9.2
v 3.25 6 9.25
v 3.25 6 9.2
v 3.25 6.25 9.25
v 3.25 6.25 9.2
v 3.25 6.5 9.2
v 3.25 6.25 9.15
v 3.25 6.5 9.15
v 3.25 6.75 9.2
v 3.25 6.75 9.15
v 3.25 7 9.15
v 3.25 6.75 9.1
v 3.25 7 9.1
v 3.25 7.25 9.1
v 3.25 7.5 9.1
v 3.25 7.25 9.05
v 3.25 7.5 9.05
v 3.25 7.75 9.05
v 3.25 8 9.05
v 3.25 7.75 9
v 3.25 8 9
v 3.25 8.25 9
v 3.25 8.5 9
v 3.25 8.75 9
v 3.25 9 9
v 3.25 9.25 9
v 3.25 9.25 9.05
v 3.25 9.5 9.05
v 3.25 9.5 9
v 3.25 9.75 9.05
v 3.25 9.75 9.1
v 3.25 10 9.1
v 3.25 10 9.15
v 3.25 10.25 9.15
v 3.25 10.25 9.1
v 3.25 10.5 9.15
v 3.25 10.5 9.2
v 3.25 10.75 9.2
v 3.25 10.75 9.25
v 3.25 11 9.25
v 3.25 11 9.2
v 3.25 11.25 9.25
v 3.25 11.5 9.25
v 3.25 11.75 9.25
v 3.25 12 9.25
v 3.5 0 8.75
v 3.5 0.25 8.75
v 3.5 0.5 8.75
v 3.5 0.75 8.75
v 3.5 1 8.75
v 3.5 1.25 8.75
v 3.5 1.5 8.75
v 3.5 1.5 8.7
v 3.5 1.75 8.7
v 3.5 2 8.7
v 3.5 2.25 8.7
v 3.5 2.5 8.7
v 3.5 2.75 8.7
v 3.5 2.75 8.75
v 3.5 3 8.75
v 3.5 3 8.7
v 3.5 3 8.8
v 3.5 3.25 8.8
v 3.5 3.25 8.75
v 3.5 3.25 8.85
v 3.5 3.5 8.85
v 3.5 3.5 8.8
v 3.5 3.5 8.9
v 3.5 3.75 8.9
v 3.5 3.75 8.85
v 3.5 3.75 8.95
v 3.5 4 8.95
v 3.5 4 8.9
v 3.5 4 9
v 3.5 4.25 9
v 3.5 4.25 9.1
v 3.5 4.5 9.1
v 3.5 4.25 9.05
v 3.5 4.5 9.05
v 3.5 4.5 9.15
v 3.5 4.75 9.15
v 3.5 4.75 9.1
v 3.5 5 9.15
v 3.5 5 9.2
v 3.5 5.25 9.2
v 3.5 5.25 9.15
v 3.5 5.5 9.2
v 3.5 5.5 9.15
v 3.5 5.75 9.2
v 3.5 6 9.2
v 3.5 5.75 9.15
v 3.5 6 9.15
v 3.5 6.25 9.2
v 3.5 6.25 9.15
v 3.5 6.5 9.15
v 3.5 6.75 9.15
v 3.5 6.5 9.1
v 3.5 6.75 9.1
v 3.5 7 9.1
v 3.5 7.25 9.1
v 3.5 7 9.05
v 3.5 7.25 9.05
v 3.5 7.5 9.05
v 3.5 7.25 9
v 3.5 7.5 9
v 3.5 7.75 9.05
v 3.5 7.75 9
v 3.5 8 9
v 3.5 8.25 9
v 3.5 8 8.95
v 3.5 8.25 8.95
v 3.5 8.5 9
v 3.5 8.5 8.95
v 3.5 8.75 9
v 3.5 8.75 8.95
v 3.5 9 9
v 3.5 9 8.95
v 3.5 9.25 9
v 3.5 9.5 9
v 3.5 9.5 9.05
v 3.5 9.75 9.05
v 3.5 9.75 9
v 3.5 9.75 9.1
v 3.5 10 9.1
v 3.5 10 9.05
v 3.5 10.25 9.1
v 3.5 10.25 9.15
v 3.5 10.5 9.15
v 3.5 10.5 9.2
v 3.5 10.75 9.2
v 3.5 10.75 9.15
v 3.5 11 9.2
v 3.5 11 9.25
v 3.5 11.25 9.25
v 3.5 11.25 9.2
v 3.5 11.5 9.25
v 3.5 11.5 9.2
v 3.5 11.75 9.25
v 3.5 11.75 9.2
v 3.5 12 9.25
v 3.5 12 9.2
v 3.75 0 8.75
v 3.75 0.25 8.75
v 3.75 0.5 8.75
v 3.75 0.75 8.75
v 3.75 1 8.75
v 3.75 1.25 8.75
v 3.75 1.5 8.75
v 3.75 1.25 8.7
v 3.75 1.5 8.7
v 3.75 1.75 8.7
v 3.75 2 8.7
v 3.75 2.25 8.7
v 3.75 2 8.65
v 3.75 2.25 8.65
v 3.75 2.5 8.7
v 3.75 2.5 8.65
v 3.75 2.75 8.7
v 3.75 2.75 8.65
v 3.75 3 8.7
v 3.75 3 8.75
v 3.75 3.25 8.75
v 3.75 3.25 8.8
v 3.75 3.5 8.8
v 3.75 3.5 8.75
v 3.75 3.5 8.85
v 3.75 3.75 8.85
v 3.75 3.75 8.9
v 3.75 4 8.9
v 3.75 4 9
v 3.75 4.25 9
v 3.75 4 8.95
v 3.75 4.25 8.95
v 3.75 4.25 9.05
v 3.75 4.5 9.05
v 3.75 4.5 9
v 3.75 4.5 9.1
v 3.75 4.75 9.1
v 3.75 4.75 9.05
v 3.75 4.75 9.15
v 3.75 5 9.15
v 3.75 5 9.1
v 3.75 5.25 9.15
v 3.75 5.25 9.1
v 3.75 5.5 9.15
v 3.75 5.5 9.2
v 3.75 5.75 9.2
v 3.75 5.75 9.15
v 3.75 6 9.15
v 3.75 6.25 9.15
v 3.75 6 9.1
v 3.75 6.25 9.1
v 3.75 6.5 9.15
v 3.75 6.5 9.1
v 3.75 6.75 9.1
v 3.75 6.5 9.05
v 3.75 6.75 9.05
v 3.75 7 9.1
v 3.75 7 9.05
v 3.75 7.25 9.05
v 3.75 7 9
v 3.75 7.25 9
v 3.75 7.5 9
v 3.75 7.75 9
v 3.75 7.5 8.95
v 3.75 7.75 8.95
v 3.75 8 9
v 3.75 8 8.95
v 3.75 8.25 8.95
v 3.75 8.5 8.95
v 3.75 8.75 8.95
v 3.75 9 8.95
v 3.75 9 9
v 3.75 9.25 9
v 3.75 9.25 8.95
v 3.75 9.5 9
v 3.75 9.5 8.95
v 3.75 9.75 9
v 3.75 9.75 9.05
v 3.75 10 9.05
v 3.75 10 9.1
v 3.75 10.25 9.1
v 3.75 10.25 9.05
v 3.75 10.25 9.15
v 3.75 10.5 9.15
v 3.75 10.5 9.1
v 3.75 10.75 9.15
v 3.75 10.75 9.2
v 3.75 11 9.2
v 3.75 11 9.15
v 3.75 11.25 9.2
v 3.75 11.5 9.2
v 3.75 11.75 9.2
v 3.75 12 9.2
v 4 0 8.75
v 4 0.25 8.75
v 4 0.5 8.75
v 4 0.75 8.75
v 4 1 8.75
v 4 1.25 8.75
v 4 1.25 8.7
v 4 1.5 8.7
v 4 1.75 8.7
v 4 2 8.7
v 4 1.75 8.65
v 4 2 8.65
v 4 2.25 8.65
v 4 2.5 8.65
v 4 2.75 8.65
v 4 2.75 8.7
v 4 3 8.7
v 4 3 8.65
v 4 3 8.75
v 4 3.25 8.75
v 4 3.25 8.7
v 4 3.5 8.75
v 4 3.5 8.85
v 4 3.75 8.85
v 4 3.5 8.8
v 4 3.75 8.8
v 4 3.75 8.9
v 4 4 8.9
v 4 4 8.85
v 4 4 8.95
v 4 4.25 8.95
v 4 4.25 8.9
v 4 4.25 9
v 4 4.5 9
v 4 4.5 8.95
v 4 4.5 9.05
v 4 4.75 9.05
v 4 4.75 9
v 4 4.75 9.1
v 4 5 9.1
v 4 5 9.05
v 4 5.25 9.1
v 4 5.25 9.05
v 4 5.25 9.15
v 4 5.5 9.15
v 4 5.5 9.1
v 4 5.75 9.15
v 4 5.75 9.1
v 4 6 9.15
v 4 6 9.1
v 4 6.25 9.1
v 4 6 9.05
v 4 6.25 9.05
v 4 6.5 9.1
v 4 6.5 9.05
v 4 6.75 9.05
v 4 7 9.05
v 4 6.75 9
v 4 7 9
v 4 7.25 9
v 4 7.5 9
v 4 7.25 8.95
v 4 7.5 8.95
v 4 7.75 8.95
v 4 8 8.95
v 4 8.25 8.95
v 4 8 8.9
v 4 8.25 8.9
v 4 8.5 8.95
v 4 8.5 8.9
v 4 8.75 8.95
v 4 8.75 8.9
v 4 9 8.95
v 4 9 8.9
v 4 9.25 8.95
v 4 9.5 8.95
v 4 9.5 9
v 4 9.75 9
v 4 9.75 8.95
v 4 9.75 9.05
v 4 10 9.05
v 4 10 9
v 4 10.25 9.05
v 4 10.25 9
v 4 10.25 9.1
v 4 10.5 9.1
v 4 10.5 9.05
v 4 10.5 9.15
v 4 10.75 9.15
v 4 10.75 9.1
v 4 11 9.15
v 4 11 9.2
v 4 11.25 9.2
v 4 11.25 9.15
v 4 11.5 9.2
v 4 11.5 9.15
v 4 11.75 9.2
v 4 11.75 9.15
v 4 12 9.2
v 4 12 9.15
v 4.25 0 8.75
v 4.25 0.25 8.75
v 4.25 0.5 8.75
v 4.25 0.75 8.75
v 4.25 1 8.75
v 4.25 1.25 8.75
v 4.25 1.25 8.7
v 4.25 1.5 8.7
v 4.25 1.75 8.7
v 4.25 1.75 8.65
v 4.25 2 8.65
v 4.25 2.25 8.65
v 4.25 2.5 8.65
v 4.25 2.75 8.65
v 4.25 3 8.65
v 4.25 3 8.7
v 4.25 3.25 8.7
v 4.25 3.25 8.75
v 4.25 3.5 8.75
v 4.25 3.5 8.7
v 4.25 3.5 8.8
v 4.25 3.75 8.8
v 4.25 3.75 8.75
v 4.25 3.75 8.85
v 4.25 4 8.85
v 4.25 4 8.9
v 4.25 4.25 8.9
v 4.25 4.25 8.95
v 4.25 4.5 8.95
v 4.25 4.5 9
v 4.25 4.75 9
v 4.25 4.75 9.05
v 4.25 5 9.05
v 4.25 5 9
v 4.25 5.25 9.05
v 4.25 5.25 9.1
v 4.25 5.5 9.1
v 4.25 5.5 9.05
v 4.25 5.75 9.1
v 4.25 5.75 9.05
v 4.25 6 9.1
v 4.25 6 9.05
v 4.25 6.25 9.05
v 4.25 6.5 9.05
v 4.25 6.25 9
v 4.25 6.5 9
v 4.25 6.75 9.05
v 4.25 6.75 9
v 4.25 7 9
v 4.25 7.25 9
v 4.25 7 8.95
v 4.25 7.25 8.95
v 4.25 7.5 8.95
v 4.25 7.75 8.95
v 4.25 8 8.95
v 4.25 7.75 8.9
v 4.25 8 8.9
v 4.25 8.25 8.9
v 4.25 8.5 8.9
v 4.25 8.75 8.9
v 4.25 9 8.9
v 4.25 9 8.95
v 4.25 9.25 8.95
v 4.25 9.25 8.9
v 4.25 9.5 8.95
v 4.25 9.5 8.9
v 4.25 9.75 8.95
v 4.25 9.75 9
v 4.25 10 9
v 4.25 10 8.95
v 4.25 10.25 9
v 4.25 10.25 9.05
v 4.25 10.5 9.05
v 4.25 10.5 9
v 4.25 10.5 9.1
v 4.25 10.75 9.1
v 4.25 10.75 9.05
v 4.25 10.75 9.15
v 4.25 11 9.15
v 4.25 11 9.1
v 4.25 11.25 9.15
v 4.25 11.25 9.1
v 4.25 11.5 9.15
v 4.25 11.5 9.1
v 4.25 11.75 9.15
v 4.25 11.75 9.1
v 4.25 12 9.15
v 4.25 12 9.1
v 4.5 0 8.75
v 4.5 0.25 8.75
v 4.5 0.5 8.75
v 4.5 0.75 8.75
v 4.5 1 8.75
v 4.5 1.25 8.75
v 4.5 1.25 8.7
v 4.5 1.5 8.7
v 4.5 1.75 8.7
v 4.5 1.5 8.65
v 4.5 1.75 8.65
v 4.5 2 8.65
v 4.5 2.25 8.65
v 4.5 2.5 8.65
v 4.5 2.25 8.6
v 4.5 2.5 8.6
v 4.5 2.75 8.65
v 4.5 2.75 8.6
v 4.5 3 8.65
v 4.5 3 8.7
v 4.5 3.25 8.7
v 4.5 3.25 8.65
v 4.5 3.5 8.7
v 4.5 3.5 8.75
v 4.5 3.75 8.75
v 4.5 3.75 8.85
v 4.5 4 8.85
v 4.5 3.75 8.8
v 4.5 4 8.8
v 4.5 4 8.9
v 4.5 4.25 8.9
v 4.5 4.25 8.85
v 4.5 4.25 8.95
v 4.5 4.5 8.95
v 4.5 4.5 8.9
v 4.5 4.5 9
v 4.5 4.75 9
v 4.5 4.75 8.95
v 4.5 5 9
v 4.5 5 9.05
v 4.5 5.25 9.05
v 4.5 5.25 9
v 4.5 5.5 9.05
v 4.5 5.5 9
v 4.5 5.75 9.05
v 4.5 5.75 9
v 4.5 6 9.05
v 4.5 6 9
v 4.5 6.25 9.05
v 4.5 6.25 9
v 4.5 6.5 9
v 4.5 6.75 9
v 4.5 7 9
v 4.5 6.75 8.95
v 4.5 7 8.95
v 4.5 7.25 8.95
v 4.5 7.5 8.95
v 4.5 7.75 8.95
v 4.5 7.5 8.9
v 4.5 7.75 8.9
v 4.5 8 8.9
v 4.5 8.25 8.9
v 4.5 8.5 8.9
v 4.5 8.75 8.9
v 4.5 9 8.9
v 4.5 9.25 8.9
v 4.5 9.5 8.9
v 4.5 9.5 8.95
v 4.5 9.75 8.95
v 4.5 9.75 8.9
v 4.5 10 8.95
v 4.5 10 9
v 4.5 10.25 9
v 4.5 10.25 8.95
v 4.5 10.5 9
v 4.5 10.5 9.05
v 4.5 10.75 9.05
v 4.5 10.75 9
v 4.5 10.75 9.1
v 4.5 11 9.1
v 4.5 11 9.05
v 4.5 11.25 9.1
v 4.5 11.25 9.05
v 4.5 11.5 9.1
v 4.5 11.5 9.05
v 4.5 11.75 9.1
v 4.5 11.75 9.05
v 4.5 12 9.1
v 4.5 12 9.05
v 4.75 0 8.75
v 4.75 0.25 8.75
v 4.75 0.5 8.75
v 4.75 0.75 8.75
v 4.75 1 8.75
v 4.75 1.25 8.75
v 4.75 1 8.7
v 4.75 1.25 8.7
v 4.75 1.5 8.7
v 4.75 1.5 8.65
v 4.75 1.75 8.65
v 4.75 2 8.65
v 4.75 2.25 8.65
v 4.75 2 8.6
v 4.75 2.25 8.6
v 4.75 2.5 8.6
v 4.75 2.75 8.6
v 4.75 2.75 8.65
v 4.75 3 8.65
v 4.75 3.25 8.65
v 4.75 3.25 8.7
v 4.75 3.5 8.7
v 4.75 3.5 8.75
v 4.75 3.75 8.75
v 4.75 3.75 8.8
v 4.75 4 8.8
v 4.75 4 8.85
v 4.75 4.25 8.85
v 4.75 4.25 8.9
v 4.75 4.5 8.9
v 4.75 4.5 8.95
v 4.75 4.75 8.95
v 4.75 4.75 9
v 4.75 5 9
v 4.75 5 8.95
v 4.75 5.25 9
v 4.75 5.5 9
v 4.75 5.75 9
v 4.75 6 9
v 4.75 6.25 9
v 4.75 6.5 9
v 4.75 6.75 9
v 4.75 6.5 8.95
v 4.75 6.75 8.95
v 4.75 7 8.95
v 4.75 7.25 8.95
v 4.75 7.5 8.95
v 4.75 7.5 8.9
v 4.75 7.75 8.9
v 4.75 8 8.9
v 4.75 8.25 8.9
v 4.75 8.5 8.9
v 4.75 8.75 8.9
v 4.75 9 8.9
v 4.75 9.25 8.9
v 4.75 9.5 8.9
v 4.75 9.75 8.9
v 4.75 9.75 8.95
v 4.75 10 8.95
v 4.75 10 8.9
v 4.75 10.25 8.95
v 4.75 10.25 8.9
v 4.75 10.25 9
v 4.75 10.5 9
v 4.75 10.5 8.95
v 4.75 10.75 9
v 4.75 10.75 9.05
v 4.75 11 9.05
v 4.75 11 9
v 4.75 11.25 9.05
v 4.75 11.25 9
v 4.75 11.5 9.05
v 4.75 11.5 9
v 4.75 11.75 9.05
v 4.75 11.75 9
v 4.75 12 9.05
v 4.75 12 9
v 5 0 8.75
v 5 0.25 8.75
v 5 0.5 8.75
v 5 0.75 8.75
v 5 1 8.75
v 5 1 8.7
v 5 1.25 8.7
v 5 1.5 8.7
v 5 1.5 8.65
v 5 1.75 8.65
v 5 2 8.65
v 5 2 8.6
v 5 2.25 8.6
v 5 2.5 8.6
v 5 2.75 8.6
v 5 2.75 8.65
v 5 3 8.65
v 5 3.25 8.65
v 5 3.25 8.7
v 5 3.5 8.7
v 5 3.5 8.75
v 5 3.75 8.75
v 5 3.75 8.8
v 5 4 8.8
v 5 4 8.85
v 5 4.25 8.85
v 5 4.25 8.9
v 5 4.5 8.9
v 5 4.5 8.85
v 5 4.5 8.95
v 5 4.75 8.95
v 5 4.75 8.9
v 5 5 8.95
v 5 5 9
v 5 5.25 9
v 5 5.25 8.95
v 5 5.5 9
v 5 5.75 9
v 5 6 9
v 5 6.25 9
v 5 6.5 9
v 5 6.25 8.95
v 5 6.5 8.95
v 5 6.75 8.95
v 5 7 8.95
v 5 7.25 8.95
v 5 7.5 8.95
v 5 7.5 8.9
v 5 7.75 8.9
v 5 7.75 8.95
v 5 8 8.9
v 5 8.25 8.9
v 5 8.5 8.9
v 5 8.75 8.9
v 5 9 8.9
v 5 9.25 8.9
v 5 9.5 8.9
v 5 9.75 8.9
v 5 10 8.9
v 5 10.25 8.9
v 5 10.25 8.95
v 5 10.5 8.95
v 5 10.5 8.9
v 5 10.5 9
v 5 10.75 9
v 5 10.75 8.95
v 5 11 9
v 5 11 8.95
v 5 11.25 9
v 5 11.5 9
v 5 11.75 9
v 5 12 9
v 5.25 0 8.75
v 5.25 0.25 8.75
v 5.25 0.5 8.75
v 5.25 0.75 8.75
v 5.25 1 8.75
v 5.25 1 8.7
v 5.25 1.25 8.7
v 5.25 1.25 8.75
v 5.25 1.5 8.7
v 5.25 1.5 8.65
v 5.25 1.75 8.65
v 5.25 2 8.65
v 5.25 2 8.6
v 5.25 2.25 8.6
v 5.25 2.25 8.65
v 5.25 2.5 8.6
v 5.25 2.75 8.6
v 5.25 2.5 8.65
v 5.25 2.75 8.65
v 5.25 3 8.65
v 5.25 3.25 8.65
v 5.25 3.25 8.7
v 5.25 3.5 8.7
v 5.25 3.5 8.75
v 5.25 3.75 8.75
v 5.25 3.75 8.8
v 5.25 4 8.8
v 5.25 4 8.85
v 5.25 4.25 8.85
v 5.25 4.25 8.8
v 5.25 4.5 8.85
v 5.25 4.5 8.9
v 5.25 4.75 8.9
v 5.25 4.75 8.95
v 5.25 5 8.95
v 5.25 5.25 8.95
v 5.25 5.25 9
v 5.25 5.5 9
v 5.25 5.5 8.95
v 5.25 5.75 9
v 5.25 6 9
v 5.25 6.25 9
v 5.25 6.25 8.95
v 5.25 6.5 8.95
v 5.25 6.5 9
v 5.25 6.75 8.95
v 5.25 7 8.95
v 5.25 7.25 8.95
v 5.25 7.5 8.95
v 5.25 7.75 8.95
v 5.25 7.75 8.9
v 5.25 8 8.9
v 5.25 8 8.95
v 5.25 8.25 8.9
v 5.25 8.25 8.95
v 5.25 8.5 8.9
v 5.25 8.5 8.95
v 5.25 8.75 8.9
v 5.25 9 8.9
v 5.25 9.25 8.9
v 5.25 9.5 8.9
v 5.25 9.75 8.9
v 5.25 10 8.9
v 5.25 10.25 8.9
v 5.25 10.5 8.9
v 5.25 10.5 8.95
v 5.25 10.75 8.95
v 5.25 10.75 8.9
v 5.25 11 8.95
v 5.25 11 9
v 5.25 11.25 9
v 5.25 11.25 8.95
v 5.25 11.5 9
v 5.25 11.5 8.95
v 5.25 11.75 9
v 5.25 11.75 8.95
v 5.25 12 9
v 5.25 12 8.95
v 5.5 0 8.75
v 5.5 0.25 8.75
v 5.5 0.5 8.75
v 5.5 0.75 8.75
v 5.5 1 8.75
v 5.5 1.25 8.75
v 5.5 1.25 8.7
v 5.5 1.5 8.7
v 5.5 1.5 8.65
v 5.5 1.75 8.65
v 5.5 1.75 8.7
v 5.5 2 8.65
v 5.5 2.25 8.65
v 5.5 2.25 8.6
v 5.5 2.5 8.6
v 5.5 2.5 8.65
v 5.5 2.75 8.65
v 5.5 3 8.65
v 5.5 3.25 8.65
v 5.5 3 8.7
v 5.5 3.25 8.7
v 5.5 3.5 8.7
v 5.5 3.5 8.75
v 5.5 3.75 8.75
v 5.5 3.75 8.8
v 5.5 4 8.8
v 5.5 4.25 8.8
v 5.5 4.25 8.85
v 5.5 4.5 8.85
v 5.5 4.5 8.9
v 5.5 4.75 8.9
v 5.5 4.75 8.95
v 5.5 5 8.95
v 5.5 5.25 8.95
v 5.5 5.5 8.95
v 5.5 5.5 9
v 5.5 5.75 9
v 5.5 5.75 8.95
v 5.5 6 9
v 5.5 6.25 9
v 5.5 6.5 9
v 5.5 6.5 8.95
v 5.5 6.75 8.95
v 5.5 6.75 9
v 5.5 7 8.95
v 5.5 7 9
v 5.5 7.25 8.95
v 5.5 7.25 9
v 5.5 7.5 8.95
v 5.5 7.5 9
v 5.5 7.75 8.95
v 5.5 7.75 9
v 5.5 8 8.95
v 5.5 8 9
v 5.5 8.25 8.95
v 5.5 8.5 8.95
v 5.5 8.5 8.9
v 5.5 8.75 8.9
v 5.5 8.75 8.95
v 5.5 9 8.9
v 5.5 9 8.95
v 5.5 9.25 8.9
v 5.5 9.5 8.9
v 5.5 9.75 8.9
v 5.5 10 8.9
v 5.5 10.25 8.9
v 5.5 10.5 8.9
v 5.5 10.75 8.9
v 5.5 10.75 8.95
v 5.5 11 8.95
v 5.5 11 8.9
v 5.5 11.25 8.95
v 5.5 11.25 8.9
v 5.5 11.5 8.95
v 5.5 11.5 8.9
v 5.5 11.75 8.95
v 5.5 11.75 8.9
v 5.5 12 8.95
v 5.5 12 8.9
v 5.75 0 8.75
v 5.75 0.25 8.75
v 5.75 0 8.8
v 5.75 0.25 8.8
v 5.75 0.5 8.75
v 5.75 0.5 8.8
v 5.75 0.75 8.75
v 5.75 0.75 8.8
v 5.75 1 8.75
v 5.75 1 8.8
v 5.75 1.25 8.75
v 5.75 1.25 8.8
v 5.75 1.25 8.7
v 5.75 1.5 8.7
v 5.75 1.5 8.75
v 5.75 1.75 8.7
v 5.75 1.75 8.75
v 5.75 1.75 8.65
v 5.75 2 8.65
v 5.75 2 8.7
v 5.75 2.25 8.65
v 5.75 2.25 8.7
v 5.75 2.5 8.65
v 5.75 2.5 8.7
v 5.75 2.75 8.65
v 5.75 2.75 8.7
v 5.75 3 8.65
v 5.75 3 8.7
v 5.75 3.25 8.7
v 5.75 3.5 8.7
v 5.75 3.25 8.75
v 5.75 3.5 8.75
v 5.75 3.75 8.75
v 5.75 3.75 8.8
v 5.75 4 8.8
v 5.75 4.25 8.8
v 5.75 4 8.85
v 5.75 4.25 8.85
v 5.75 4.5 8.85
v 5.75 4.5 8.9
v 5.75 4.75 8.9
v 5.75 4.75 8.95
v 5.75 5 8.95
v 5.75 5 8.9
v 5.75 5.25 8.95
v 5.75 5.5 8.95
v 5.75 5.75 8.95
v 5.75 5.75 9
v 5.75 6 9
v 5.75 6.25 9
v 5.75 6.5 9
v 5.75 6.75 9
v 5.75 7 9
v 5.75 7.25 9
v 5.75 7.5 9
v 5.75 7.75 9
v 5.75 8 9
v 5.75 8 8.95
v 5.75 8.25 8.95
v 5.75 8.25 9
v 5.75 8.5 8.95
v 5.75 8.5 9
v 5.75 8.75 8.95
v 5.75 8.75 9
v 5.75 9 8.95
v 5.75 9 9
v 5.75 9 8.9
v 5.75 9.25 8.9
v 5.75 9.25 8.95
v 5.75 9.5 8.9
v 5.75 9.5 8.95
v 5.75 9.75 8.9
v 5.75 9.75 8.95
v 5.75 10 8.9
v 5.75 10.25 8.9
v 5.75 10.5 8.9
v 5.75 10.75 8.9
v 5.75 11 8.9
v 5.75 11.25 8.9
v 5.75 11.5 8.9
v 5.75 11.75 8.9
v 5.75 12 8.9
v 6 0 8.8
v 6 0.25 8.8
v 6 0 8.85
v 6 0.25 8.85
v 6 0.5 8.8
v 6 0.5 8.85
v 6 0.75 8.8
v 6 0.75 8.85
v 6 1 8.8
v 6 1 8.85
v 6 1.25 8.8
v 6 1.25 8.75
v 6 1.5 8.75
v 6 1.5 8.8
v 6 1.75 8.75
v 6 1.75 8.8
v 6 1.75 8.7
v 6 2 8.7
v 6 2 8.75
v 6 2.25 8.7
v 6 2.25 8.75
v 6 2.5 8.7
v 6 2.5 8.75
v 6 2.75 8.7
v 6 2.75 8.75
v 6 3 8.7
v 6 3 8.75
v 6 3.25 8.7
v 6 3.25 8.75
v 6 3.5 8.75
v 6 3.75 8.75
v 6 3.5 8.8
v 6 3.75 8.8
v 6 4 8.8
v 6 4 8.85
v 6 4.25 8.85
v 6 4.5 8.85
v 6 4.5 8.9
v 6 4.75 8.9
v 6 5 8.9
v 6 5 8.95
v 6 5.25 8.95
v 6 5.5 8.95
v 6 5.75 8.95
v 6 5.75 9
v 6 6 9
v 6 6.25 9
v 6 6.5 9
v 6 6.75 9
v 6 7 9
v 6 6.75 9.05
v 6 7 9.05
v 6 7.25 9
v 6 7.25 9.05
v 6 7.5 9
v 6 7.5 9.05
v 6 7.75 9
v 6 7.75 9.05
v 6 8 9
v 6 8 9.05
v 6 8.25 9
v 6 8.25 9.05
v 6 8.5 9
v 6 8.5 9.05
v 6 8.75 9
v 6 8.75 9.05
v 6 9 9
v 6 9 8.95
v 6 9.25 8.95
v 6 9.25 9
v 6 9.5 8.95
v 6 9.5 9
v 6 9.75 8.95
v 6 9.75 8.9
v 6 10 8.9
v 6 10 8.95
v 6 10.25 8.9
v 6 10.25 8.95
v 6 10.5 8.9
v 6 10.75 8.9
v 6 11 8.9
v 6 11.25 8.9
v 6 11.5 8.9
v 6 11.75 8.9
v 6 12 8.9
v 6.25 0 8.85
v 6.25 0.25 8.85
v 6.25 0 8.9
v 6.25 0.25 8.9
v 6.25 0.5 8.85
v 6.25 0.5 8.9
v 6.25 0.75 8.85
v 6.25 0.75 8.9
v 6.25 1 8.85
v 6.25 1 8.9
v 6.25 1 8.8
v 6.25 1.25 8.8
v 6.25 1.25 8.9
v 6.25 1.5 8.8
v 6.25 1.25 8.85
v 6.25 1.5 8.85
v 6.25 1.75 8.8
v 6.25 1.75 8.85
v 6.25 1.75 8.75
v 6.25 2 8.75
v 6.25 2 8.85
v 6.25 2.25 8.75
v 6.25 2 8.8
v 6.25 2.25 8.8
v 6.25 2.5 8.75
v 6.25 2.5 8.8
v 6.25 2.75 8.75
v 6.25 2.75 8.8
v 6.25 3 8.75
v 6.25 3 8.8
v 6.25 3.25 8.75
v 6.25 3.25 8.8
v 6.25 3.5 8.75
v 6.25 3.5 8.8
v 6.25 3.75 8.8
v 6.25 4 8.8
v 6.25 3.75 8.85
v 6.25 4 8.85
v 6.25 4.25 8.85
v 6.25 4.5 8.85
v 6.25 4.25 8.9
v 6.25 4.5 8.9
v 6.25 4.75 8.9
v 6.25 5 8.9
v 6.25 5 8.95
v 6.25 5.25 8.95
v 6.25 5.5 8.95
v 6.25 5.75 8.95
v 6.25 5.75 9
v 6.25 6 9
v 6.25 6.25 9
v 6.25 6.5 9
v 6.25 6.75 9
v 6.25 6.5 9.05
v 6.25 6.75 9.05
v 6.25 7 9.05
v 6.25 7.25 9.05
v 6.25 7.5 9.05
v 6.25 7.75 9.05
v 6.25 7.5 9.1
v 6.25 7.75 9.1
v 6.25 8 9.05
v 6.25 8 9.1
v 6.25 8.25 9.05
v 6.25 8.25 9.1
v 6.25 8.5 9.05
v 6.25 8.5 9.1
v 6.25 8.75 9.05
v 6.25 8.75 9.1
v 6.25 8.75 9
v 6.25 9 9
v 6.25 9 9.1
v 6.25 9.25 9
v 6.25 9 9.05
v 6.25 9.25 9.05
v 6.25 9.5 9
v 6.25 9.5 9.05
v 6.25 9.5 8.95
v 6.25 9.75 8.95
v 6.25 9.75 9
v 6.25 10 8.95
v 6.25 10 9
v 6.25 10.25 8.95
v 6.25 10.25 8.9
v 6.25 10.5 8.9
v 6.25 10.5 8.95
v 6.25 10.75 8.9
v 6.25 10.75 8.95
v 6.25 11 8.9
v 6.25 11.25 8.9
v 6.25 11.5 8.9
v 6.25 11.75 8.9
v 6.25 12 8.9
v 6.5 0 8.9
v 6.5 0.25 8.9
v 6.5 0 8.95
v 6.5 0.25 8.95
v 6.5 0.5 8.9
v 6.5 0.5 8.95
v 6.5 0.75 8.9
v 6.5 0.75 8.95
v 6.5 1 8.9
v 6.5 1 8.95
v 6.5 1.25 8.9
v 6.5 1.25 8.95
v 6.5 1.25 8.85
v 6.5 1.5 8.85
v 6.5 1.5 8.95
v 6.5 1.75 8.85
v 6.5 1.75 8.95
v 6.5 2 8.85
v 6.5 1.75 8.9
v 6.5 2 8.9
v 6.5 2 8.8
v 6.5 2.25 8.8
v 6.5 2.25 8.9
v 6.5 2.5 8.8
v 6.5 2.25 8.85
v 6.5 2.5 8.85
v 6.5 2.75 8.8
v 6.5 2.75 8.85
v 6.5 3 8.8
v 6.5 3 8.85
v 6.5 3.25 8.8
v 6.5 3.25 8.85
v 6.5 3.5 8.8
v 6.5 3.5 8.85
v 6.5 3.75 8.8
v 6.5 3.75 8.85
v 6.5 4 8.85
v 6.5 4.25 8.85
v 6.5 4 8.9
v 6.5 4.25 8.9
v 6.5 4.5 8.9
v 6.5 4.75 8.9
v 6.5 5 8.9
v 6.5 5 8.95
v 6.5 5.25 8.95
v 6.5 5.5 8.95
v 6.5 5.75 8.95
v 6.5 5.75 9
v 6.5 6 9
v 6.5 6.25 9
v 6.5 6.5 9
v 6.5 6.5 9.05
v 6.5 6.75 9.05
v 6.5 7 9.05
v 6.5 7.25 9.05
v 6.5 7.5 9.05
v 6.5 7.25 9.1
v 6.5 7.5 9.1
v 6.5 7.75 9.1
v 6.5 8 9.1
v 6.5 8.25 9.1
v 6.5 8 9.15
v 6.5 8.25 9.15
v 6.5 8.5 9.1
v 6.5 8.5 9.15
v 6.5 8.75 9.1
v 6.5 8.75 9.15
v 6.5 9 9.1
v 6.5 9 9.05
v 6.5 9.25 9.05
v 6.5 9.25 9.1
v 6.5 9.5 9.05
v 6.5 9.5 9.1
v 6.5 9.5 9
v 6.5 9.75 9
v 6.5 9.75 9.05
v 6.5 10 9
v 6.5 10 9.05
v 6.5 10 8.95
v 6.5 10.25 8.95
v 6.5 10.25 9
v 6.5 10.5 8.95
v 6.5 10.5 9
v 6.5 10.75 8.95
v 6.5 10.75 8.9
v 6.5 11 8.9
v 6.5 11 8.95
v 6.5 11.25 8.9
v 6.5 11.25 8.95
v 6.5 11.5 8.9
v 6.5 11.5 8.95
v 6.5 11.75 8.9
v 6.5 11.75 8.95
v 6.5 12 8.9
v 6.5 12 8.95
v 6.75 0 8.95
v 6.75 0.25 8.95
v 6.75 0 9.05
v 6.75 0.25 9.05
v 6.75 0.5 8.95
v 6.75 0.5 9.05
v 6.75 0.75 8.95
v 6.75 0.75 9.05
v 6.75 1 8.95
v 6.75 1 9.05
v 6.75 1.25 8.95
v 6.75 1.25 9.05
v 6.75 1.5 8.95
v 6.75 1.5 9.05
v 6.75 1.75 8.95
v 6.75 1.5 9
v 6.75 1.75 9
v 6.75 1.75 8.9
v 6.75 2 8.9
v 6.75 2 9
v 6.75 2.25 8.9
v 6.75 2 8.95
v 6.75 2.25 8.95
v 6.75 2.25 8.85
v 6.75 2.5 8.85
v 6.75 2.5 8.95
v 6.75 2.75 8.85
v 6.75 2.75 8.95
v 6.75 3 8.85
v 6.75 2.75 8.9
v 6.75 3 8.9
v 6.75 3.25 8.85
v 6.75 3.25 8.9
v 6.75 3.5 8.85
v 6.75 3.5 8.9
v 6.75 3.75 8.85
v 6.75 3.75 8.9
v 6.75 4 8.85
v 6.75 4 8.9
v 6.75 4.25 8.9
v 6.75 4.5 8.9
v 6.75 4.75 8.9
v 6.75 5 8.9
v 6.75 4.75 8.95
v 6.75 5 8.95
v 6.75 5.25 8.95
v 6.75 5.5 8.95
v 6.75 5.75 8.95
v 6.75 5.75 9
v 6.75 6 9
v 6.75 6.25 9
v 6.75 6.5 9
v 6.75 6.5 9.05
v 6.75 6.75 9.05
v 6.75 7 9.05
v 6.75 7.25 9.05
v 6.75 7 9.1
v 6.75 7.25 9.1
v 6.75 7.5 9.1
v 6.75 7.75 9.1
v 6.75 8 9.1
v 6.75 7.75 9.15
v 6.75 8 9.15
v 6.75 8.25 9.15
v 6.75 8.5 9.15
v 6.75 8.75 9.15
v 6.75 8.75 9.1
v 6.75 9 9.1
v 6.75 9 9.15
v 6.75 9.25 9.1
v 6.75 9.25 9.15
v 6.75 9.5 9.1
v 6.75 9.5 9.15
v 6.75 9.5 9.05
v 6.75 9.75 9.05
v 6.75 9.75 9.1
v 6.75 10 9.05
v 6.75 10 9.1
v 6.75 10 9
v 6.75 10.25 9
v 6.75 10.25 9.05
v 6.75 10.5 9
v 6.75 10.5 9.05
v 6.75 10.5 8.95
v 6.75 10.75 8.95
v 6.75 10.75 9
v 6.75 11 8.95
v 6.75 11 9
v 6.75 11.25 8.95
v 6.75 11.5 8.95
v 6.75 11.75 8.95
v 6.75 12 8.95
v 7 0 9.05
v 7 0.25 9.05
v 7 0 9.15
v 7 0.25 9.15
v 7 0.5 9.05
v 7 0.5 9.15
v 7 0.75 9.05
v 7 0.75 9.15
v 7 1 9.05
v 7 1 9.15
v 7 1.25 9.05
v 7 1.25 9.15
v 7 1.5 9.05
v 7 1.25 9.1
v 7 1.5 9.1
v 7 1.5 9
v 7 1.75 9
v 7 1.75 9.1
v 7 2 9
v 7 2 9.1
v 7 2 8.95
v 7 2.25 8.95
v 7 2 9.05
v 7 2.25 9.05
v 7 2.5 8.95
v 7 2.5 9.05
v 7 2.75 8.95
v 7 2.5 9
v 7 2.75 9
v 7 2.75 8.9
v 7 3 8.9
v 7 3 9
v 7 3.25 8.9
v 7 3 8.95
v 7 3.25 8.95
v 7 3.5 8.9
v 7 3.5 8.95
v 7 3.75 8.9
v 7 3.75 8.95
v 7 4 8.9
v 7 4 8.95
v 7 4.25 8.9
v 7 4.25 8.95
v 7 4.5 8.9
v 7 4.5 8.95
v 7 4.75 8.9
v 7 4.75 8.95
v 7 5 8.95
v 7 5.25 8.95
v 7 5.5 8.95
v 7 5.75 8.95
v 7 5.75 9
v 7 6 9
v 7 6 8.95
v 7 6.25 9
v 7 6.5 9
v 7 6.5 9.05
v 7 6.75 9.05
v 7 7 9.05
v 7 7 9.1
v 7 7.25 9.1
v 7 7.5 9.1
v 7 7.75 9.1
v 7 7.5 9.15
v 7 7.75 9.15
v 7 8 9.15
v 7 8.25 9.15
v 7 8.5 9.15
v 7 8.25 9.2
v 7 8.5 9.2
v 7 8.75 9.15
v 7 8.75 9.2
v 7 9 9.15
v 7 9 9.2
v 7 9.25 9.15
v 7 9.25 9.2
v 7 9.5 9.15
v 7 9.5 9.2
v 7 9.5 9.1
v 7 9.75 9.1
v 7 9.75 9.15
v 7 10 9.1
v 7 10 9.15
v 7 10 9.05
v 7 10.25 9.05
v 7 10.25 9.1
v 7 10.5 9.05
v 7 10.5 9.1
v 7 10.5 9
v 7 10.75 9
v 7 10.75 9.05
v 7 11 9
v 7 11 8.95
v 7 11.25 8.95
v 7 11.25 9
v 7 11.5 8.95
v 7 11.5 9
v 7 11.75 8.95
v 7 11.75 9
v 7 12 8.95
v 7 12 9
v 7.25 0 9.15
v 7.25 0.25 9.15
v 7.25 0 9.25
v 7.25 0.25 9.25
v 7.25 0.5 9.15
v 7.25 0.5 9.25
v 7.25 0.75 9.15
v 7.25 0.75 9.25
v 7.25 1 9.15
v 7.25 1 9.25
v 7.25 1.25 9.15
v 7.25 1 9.2
v 7.25 1.25 9.2
v 7.25 1.25 9.1
v 7.25 1.5 9.1
v 7.25 1.5 9.2
v 7.25 1.75 9.1
v 7.25 1.75 9.2
v 7.25 2 9.1
v 7.25 1.75 9.15
v 7.25 2 9.15
v 7.25 2 9.05
v 7.25 2.25 9.05
v 7.25 2.25 9.15
v 7.25 2.5 9.05
v 7.25 2.25 9.1
v 7.25 2.5 9.1
v 7.25 2.5 9
v 7.25 2.75 9
v 7.25 2.75 9.05
v 7.25 3 9
v 7.25 3 9.05
v 7.25 3 8.95
v 7.25 3.25 8.95
v 7.25 3.25 9
v 7.25 3.5 8.95
v 7.25 3.5 9
v 7.25 3.75 8.95
v 7.25 3.75 9
v 7.25 4 8.95
v 7.25 4.25 8.95
v 7.25 4.5 8.95
v 7.25 4.75 8.95
v 7.25 5 8.95
v 7.25 5.25 8.95
v 7.25 5.5 8.95
v 7.25 5.75 8.95
v 7.25 6 8.95
v 7.25 6 9
v 7.25 6.25 9
v 7.25 6.5 9
v 7.25 6.5 9.05
v 7.25 6.75 9.05
v 7.25 6.75 9
v 7.25 7 9.05
v 7.25 7 9.1
v 7.25 7.25 9.1
v 7.25 7.25 9.05
v 7.25 7.5 9.1
v 7.25 7.5 9.15
v 7.25 7.75 9.15
v 7.25 7.75 9.1
v 7.25 8 9.15
v 7.25 8.25 9.15
v 7.25 8.25 9.2
v 7.25 8.5 9.2
v 7.25 8.75 9.2
v 7.25 9 9.2
v 7.25 9.25 9.2
v 7.25 9 9.25
v 7.25 9.25 9.25
v 7.25 9.5 9.2
v 7.25 9.5 9.15
v 7.25 9.75 9.15
v 7.25 9.75 9.2
v 7.25 10 9.15
v 7.25 10 9.2
v 7.25 10 9.1
v 7.25 10.25 9.1
v 7.25 10.25 9.15
v 7.25 10.5 9.1
v 7.25 10.5 9.05
v 7.25 10.75 9.05
v 7.25 10.75 9.1
v 7.25 10.75 9
v 7.25 11 9
v 7.25 11 9.05
v 7.25 11.25 9
v 7.25 11.25 9.05
v 7.25 11.5 9
v 7.25 11.5 9.05
v 7.25 11.75 9
v 7.25 11.75 9.05
v 7.25 12 9
v 7.25 12 9.05
v 7.5 0 9.25
v 7.5 0.25 9.25
v 7.5 0 9.3
v 7.5 0.25 9.3
v 7.5 0.5 9.25
v 7.5 0.5 9.3
v 7.5 0.75 9.25
v 7.5 0.75 9.3
v 7.5 1 9.25
v 7.5 1 9.3
v 7.5 1 9.2
v 7.5 1.25 9.2
v 7.5 1.25 9.3
v 7.5 1.5 9.2
v 7.5 1.25 9.25
v 7.5 1.5 9.25
v 7.5 1.75 9.2
v 7.5 1.75 9.25
v 7.5 1.75 9.15
v 7.5 2 9.15
v 7.5 2 9.2
v 7.5 2.25 9.15
v 7.5 2.25 9.2
v 7.5 2.25 9.1
v 7.5 2.5 9.1
v 7.5 2.5 9.15
v 7.5 2.5 9.05
v 7.5 2.75 9.05
v 7.5 2.75 9.15
v 7.5 3 9.05
v 7.5 2.75 9.1
v 7.5 3 9.1
v 7.5 3 9
v 7.5 3.25 9
v 7.5 3.25 9.05
v 7.5 3.5 9
v 7.5 3.5 9.05
v 7.5 3.75 9
v 7.5 3.75 8.95
v 7.5 4 8.95
v 7.5 4 9
v 7.5 4.25 8.95
v 7.5 4.25 9
v 7.5 4.5 8.95
v 7.5 4.75 8.95
v 7.5 5 8.95
v 7.5 5.25 8.95
v 7.5 5.5 8.95
v 7.5 5.75 8.95
v 7.5 6 8.95
v 7.5 6 9
v 7.5 6.25 9
v 7.5 6.25 8.95
v 7.5 6.5 9
v 7.5 6.75 9
v 7.5 6.75 9.05
v 7.5 7 9.05
v 7.5 7 9
v 7.5 7.25 9.05
v 7.5 7.25 9.1
v 7.5 7.5 9.1
v 7.5 7.5 9.05
v 7.5 7.75 9.1
v 7.5 7.75 9.15
v 7.5 8 9.15
v 7.5 8.25 9.15
v 7.5 8.25 9.2
v 7.5 8.5 9.2
v 7.5 8.75 9.2
v 7.5 9 9.2
v 7.5 8.75 9.25
v 7.5 9 9.25
v 7.5 9.25 9.25
v 7.5 9.25 9.2
v 7.5 9.5 9.2
v 7.5 9.5 9.25
v 7.5 9.75 9.2
v 7.5 9.75 9.25
v 7.5 10 9.2
v 7.5 10 9.15
v 7.5 10.25 9.15
v 7.5 10.25 9.2
v 7.5 10.25 9.1
v 7.5 10.5 9.1
v 7.5 10.5 9.15
v 7.5 10.75 9.1
v 7.5 10.75 9.05
v 7.5 11 9.05
v 7.5 11 9.1
v 7.5 11.25 9.05
v 7.5 11.5 9.05
v 7.5 11.75 9.05
v 7.5 12 9.05
v 7.75 0 9.3
v 7.75 0.25 9.3
v 7.75 0 9.35
v 7.75 0.25 9.35
v 7.75 0.5 9.3
v 7.75 0.5 9.35
v 7.75 0.75 9.3
v 7.75 0.75 9.35
v 7.75 1 9.3
v 7.75 1 9.35
v 7.75 1.25 9.3
v 7.75 1.25 9.35
v 7.75 1.25 9.25
v 7.75 1.5 9.25
v 7.75 1.5 9.3
v 7.75 1.75 9.25
v 7.75 1.75 9.3
v 7.75 1.75 9.2
v 7.75 2 9.2
v 7.75 2 9.25
v 7.75 2.25 9.2
v 7.75 2.25 9.25
v 7.75 2.25 9.15
v 7.75 2.5 9.15
v 7.75 2.5 9.2
v 7.75 2.75 9.15
v 7.75 2.75 9.1
v 7.75 3 9.1
v 7.75 3 9.15
v 7.75 3 9.05
v 7.75 3.25 9.05
v 7.75 3.25 9.1
v 7.75 3.5 9.05
v 7.75 3.5 9.1
v 7.75 3.5 9
v 7.75 3.75 9
v 7.75 3.75 9.05
v 7.75 4 9
v 7.75 4 9.05
v 7.75 4.25 9
v 7.75 4.25 8.95
v 7.75 4.5 8.95
v 7.75 4.5 9
v 7.75 4.75 8.95
v 7.75 4.75 9
v 7.75 5 8.95
v 7.75 5.25 8.95
v 7.75 5.5 8.95
v 7.75 5.75 8.95
v 7.75 6 8.95
v 7.75 6.25 8.95
v 7.75 6.25 9
v 7.75 6.5 9
v 7.75 6.5 8.95
v 7.75 6.75 9
v 7.75 6.75 8.95
v 7.75 7 9
v 7.75 7 9.05
v 7.75 7.25 9.05
v 7.75 7.25 9
v 7.75 7.5 9.05
v 7.75 7.5 9.1
v 7.75 7.75 9.1
v 7.75 7.75 9.15
v 7.75 8 9.15
v 7.75 8 9.1
v 7.75 8.25 9.15
v 7.75 8.25 9.2
v 7.75 8.5 9.2
v 7.75 8.5 9.15
v 7.75 8.75 9.2
v 7.75 8.75 9.25
v 7.75 9 9.25
v 7.75 9 9.2
v 7.75 9.25 9.25
v 7.75 9.5 9.25
v 7.75 9.75 9.25
v 7.75 9.75 9.2
v 7.75 10 9.2
v 7.75 10.25 9.2
v 7.75 10.25 9.15
v 7.75 10.5 9.15
v 7.75 10.5 9.1
v 7.75 10.75 9.1
v 7.75 10.75 9.15
v 7.75 11 9.1
v 7.75 11 9.05
v 7.75 11.25 9.05
v 7.75 11.25 9.1
v 7.75 11.5 9.05
v 7.75 11.5 9.1
v 7.75 11.75 9.05
v 7.75 11.75 9.1
v 7.75 12 9.05
v 7.75 12 9.1
v 8 0 9.35
v 8 0.25 9.35
v 8 0 9.4
v 8 0.25 9.4
v 8 0.5 9.35
v 8 0.5 9.4
v 8 0.75 9.35
v 8 0.75 9.4
v 8 1 9.35
v 8 1 9.4
v 8 1.25 9.35
v 8 1.25 9.4
v 8 1.25 9.3
v 8 1.5 9.3
v 8 1.5 9.35
v 8 1.75 9.3
v 8 1.75 9.35
v 8 1.75 9.25
v 8 2 9.25
v 8 2 9.3
v 8 2.25 9.25
v 8 2.25 9.2
v 8 2.5 9.2
v 8 2.5 9.25
v 8 2.5 9.15
v 8 2.75 9.15
v 8 2.75 9.2
v 8 3 9.15
v 8 3 9.1
v 8 3.25 9.1
v 8 3.25 9.15
v 8 3.5 9.1
v 8 3.5 9.05
v 8 3.75 9.05
v 8 3.75 9.1
v 8 4 9.05
v 8 4 9
v 8 4.25 9
v 8 4.25 9.05
v 8 4.5 9
v 8 4.75 9
v 8 4.75 8.95
v 8 5 8.95
v 8 5 9
v 8 5.25 8.95
v 8 5.5 8.95
v 8 5.75 8.95
v 8 6 8.95
v 8 6.25 8.95
v 8 6.5 8.95
v 8 6.75 8.95
v 8 6.75 9
v 8 7 9
v 8 7 8.95
v 8 7.25 9
v 8 7.25 9.05
v 8 7.5 9.05
v 8 7.5 9
v 8 7.5 9.1
v 8 7.75 9.1
v 8 7.75 9.05
v 8 8 9.1
v 8 8 9.15
v 8 8.25 9.15
v 8 8.25 9.1
v 8 8.5 9.15
v 8 8.5 9.2
v 8 8.75 9.2
v 8 8.75 9.15
v 8 9 9.2
v 8 9 9.25
v 8 9.25 9.25
v 8 9.25 9.2
v 8 9.5 9.25
v 8 9.5 9.2
v 8 9.75 9.25
v 8 9.75 9.2
v 8 10 9.2
v 8 10.25 9.2
v 8 10.25 9.15
v 8 10.5 9.15
v 8 10.75 9.15
v 8 10.75 9.1
v 8 11 9.1
v 8 11.25 9.1
v 8 11.5 9.1
v 8 11.75 9.1
v 8 12 9.1
v 8.25 0 9.4
v 8.25 0.25 9.4
v 8.25 0.5 9.4
v 8.25 0.75 9.4
v 8.25 1 9.4
v 8.25 1.25 9.4
v 8.25 1.25 9.35
v 8.25 1.5 9.35
v 8.25 1.75 9.35
v 8.25 1.75 9.3
v 8.25 2 9.3
v 8.25 2 9.25
v 8.25 2.25 9.25
v 8.25 2.25 9.3
v 8.25 2.5 9.25
v 8.25 2.5 9.2
v 8.25 2.75 9.2
v 8.25 2.75 9.15
v 8.25 3 9.15
v 8.25 3 9.2
v 8.25 3.25 9.15
v 8.25 3.25 9.1
v 8.25 3.5 9.1
v 8.25 3.75 9.1
v 8.25 3.75 9.05
v 8.25 4 9.05
v 8.25 4 9.1
v 8.25 4.25 9.05
v 8.25 4.25 9
v 8.25 4.5 9
v 8.25 4.5 9.05
v 8.25 4.75 9
v 8.25 5 9
v 8.25 5 8.95
v 8.25 5.25 8.95
v 8.25 5.25 9
v 8.25 5.5 8.95
v 8.25 5.75 8.95
v 8.25 6 8.95
v 8.25 6.25 8.95
v 8.25 6.5 8.95
v 8.25 6.75 8.95
v 8.25 7 8.95
v 8.25 7 9
v 8.25 7.25 9
v 8.25 7.25 8.95
v 8.25 7.5 9
v 8.25 7.5 9.05
v 8.25 7.75 9.05
v 8.25 7.75 9
v 8.25 7.75 9.1
v 8.25 8 9.1
v 8.25 8 9.05
v 8.25 8.25 9.1
v 8.25 8.25 9.05
v 8.25 8.25 9.15
v 8.25 8.5 9.15
v 8.25 8.5 9.1
v 8.25 8.75 9.15
v 8.25 8.75 9.2
v 8.25 9 9.2
v 8.25 9 9.15
v 8.25 9.25 9.2
v 8.25 9.5 9.2
v 8.25 9.75 9.2
v 8.25 10 9.2
v 8.25 10.25 9.2
v 8.25 10 9.15
v 8.25 10.25 9.15
v 8.25 10.5 9.15
v 8.25 10.75 9.15
v 8.25 10.5 9.1
v 8.25 10.75 9.1
v 8.25 11 9.1
v 8.25 11.25 9.1
v 8.25 11.5 9.1
v 8.25 11.75 9.1
v 8.25 12 9.1
v 8.5 0 9.4
v 8.5 0.25 9.4
v 8.5 0.5 9.4
v 8.5 0.75 9.4
v 8.5 1 9.4
v 8.5 1.25 9.4
v 8.5 1.25 9.35
v 8.5 1.5 9.35
v 8.5 1.75 9.35
v 8.5 1.75 9.3
v 8.5 2 9.3
v 8.5 2.25 9.3
v 8.5 2.25 9.25
v 8.5 2.5 9.25
v 8.5 2.5 9.2
v 8.5 2.75 9.2
v 8.5 3 9.2
v 8.5 3 9.15
v 8.5 3.25 9.15
v 8.5 3.25 9.1
v 8.5 3.5 9.1
v 8.5 3.5 9.15
v 8.5 3.75 9.1
v 8.5 4 9.1
v 8.5 4 9.05
v 8.5 4.25 9.05
v 8.5 4.5 9.05
v 8.5 4.5 9
v 8.5 4.75 9
v 8.5 4.75 9.05
v 8.5 5 9
v 8.5 5.25 9
v 8.5 5.25 8.95
v 8.5 5.5 8.95
v 8.5 5.5 9
v 8.5 5.75 8.95
v 8.5 6 8.95
v 8.5 6.25 8.95
v 8.5 6.5 8.95
v 8.5 6.25 8.9
v 8.5 6.5 8.9
v 8.5 6.75 8.95
v 8.5 6.75 8.9
v 8.5 7 8.95
v 8.5 7.25 8.95
v 8.5 7.25 9
v 8.5 7.5 9
v 8.5 7.5 8.95
v 8.5 7.75 9
v 8.5 7.75 9.05
v 8.5 8 9.05
v 8.5 8 9
v 8.5 8.25 9.05
v 8.5 8.25 9.1
v 8.5 8.5 9.1
v 8.5 8.5 9.05
v 8.5 8.5 9.15
v 8.5 8.75 9.15
v 8.5 8.75 9.1
v 8.5 9 9.15
v 8.5 9 9.1
v 8.5 9 9.2
v 8.5 9.25 9.2
v 8.5 9.25 9.15
v 8.5 9.5 9.2
v 8.5 9.5 9.15
v 8.5 9.75 9.2
v 8.5 9.75 9.15
v 8.5 10 9.2
v 8.5 10 9.15
v 8.5 10.25 9.15
v 8.5 10 9.1
v 8.5 10.25 9.1
v 8.5 10.5 9.15
v 8.5 10.5 9.1
v 8.5 10.75 9.1
v 8.5 11 9.1
v 8.5 10.75 9.05
v 8.5 11 9.05
v 8.5 11.25 9.1
v 8.5 11.25 9.05
v 8.5 11.5 9.1
v 8.5 11.5 9.05
v 8.5 11.75 9.1
v 8.5 11.75 9.05
v 8.5 12 9.1
v 8.5 12 9.05
v 8.75 0 9.4
v 8.75 0.25 9.4
v 8.75 0 9.35
v 8.75 0.25 9.35
v 8.75 0.5 9.4
v 8.75 0.5 9.35
v 8.75 0.75 9.4
v 8.75 0.75 9.35
v 8.75 1 9.4
v 8.75 1 9.35
v 8.75 1.25 9.4
v 8.75 1.25 9.35
v 8.75 1.5 9.35
v 8.75 1.75 9.35
v 8.75 1.5 9.3
v 8.75 1.75 9.3
v 8.75 2 9.3
v 8.75 2.25 9.3
v 8.75 2 9.25
v 8.75 2.25 9.25
v 8.75 2.5 9.25
v 8.75 2.5 9.2
v 8.75 2.75 9.2
v 8.75 3 9.2
v 8.75 3 9.15
v 8.75 3.25 9.15
v 8.75 3.5 9.15
v 8.75 3.5 9.1
v 8.75 3.75 9.1
v 8.75 4 9.1
v 8.75 4 9.05
v 8.75 4.25 9.05
v 8.75 4.25 9.1
v 8.75 4.5 9.05
v 8.75 4.75 9.05
v 8.75 4.75 9
v 8.75 5 9
v 8.75 5 9.05
v 8.75 5.25 9
v 8.75 5.5 9
v 8.75 5.5 8.95
v 8.75 5.75 8.95
v 8.75 6 8.95
v 8.75 6.25 8.95
v 8.75 6.25 8.9
v 8.75 6.5 8.9
v 8.75 6.75 8.9
v 8.75 6.75 8.95
v 8.75 7 8.95
v 8.75 7 8.9
v 8.75 7.25 8.95
v 8.75 7.25 8.9
v 8.75 7.5 8.95
v 8.75 7.5 9
v 8.75 7.75 9
v 8.75 7.75 8.95
v 8.75 8 9
v 8.75 8 8.95
v 8.75 8 9.05
v 8.75 8.25 9.05
v 8.75 8.25 9
v 8.75 8.5 9.05
v 8.75 8.5 9
v 8.75 8.5 9.1
v 8.75 8.75 9.1
v 8.75 8.75 9.05
v 8.75 9 9.1
v 8.75 9 9.05
v 8.75 9 9.15
v 8.75 9.25 9.15
v 8.75 9.25 9.1
v 8.75 9.5 9.15
v 8.75 9.5 9.1
v 8.75 9.75 9.15
v 8.75 9.75 9.1
v 8.75 10 9.15
v 8.75 10 9.1
v 8.75 10.25 9.1
v 8.75 10 9.05
v 8.75 10.25 9.05
v 8.75 10.5 9.1
v 8.75 10.5 9.05
v 8.75 10.75 9.1
v 8.75 10.75 9.05
v 8.75 11 9.05
v 8.75 10.75 9
v 8.75 11 9
v 8.75 11.25 9.05
v 8.75 11.25 9
v 8.75 11.5 9.05
v 8.75 11.5 9
v 8.75 11.75 9.05
v 8.75 11.75 9
v 8.75 12 9.05
v 8.75 12 9
v 9 0 9.35
v 9 0.25 9.35
v 9 0 9.3
v 9 0.25 9.3
v 9 0.5 9.35
v 9 0.5 9.3
v 9 0.75 9.35
v 9 0.75 9.3
v 9 1 9.35
v 9 1 9.3
v 9 1.25 9.35
v 9 1.25 9.3
v 9 1.5 9.35
v 9 1.5 9.3
v 9 1.75 9.3
v 9 2 9.3
v 9 1.75 9.25
v 9 2 9.25
v 9 2.25 9.25
v 9 2.5 9.25
v 9 2.25 9.2
v 9 2.5 9.2
v 9 2.75 9.2
v 9 3 9.2
v 9 2.75 9.15
v 9 3 9.15
v 9 3.25 9.15
v 9 3.5 9.15
v 9 3.5 9.1
v 9 3.75 9.1
v 9 4 9.1
v 9 4.25 9.1
v 9 4.25 9.05
v 9 4.5 9.05
v 9 4.5 9.1
v 9 4.75 9.05
v 9 4.75 9.1
v 9 5 9.05
v 9 5 9
v 9 5.25 9
v 9 5.25 9.05
v 9 5.5 9
v 9 5.5 8.95
v 9 5.75 8.95
v 9 5.75 9
v 9 6 8.95
v 9 6.25 8.95
v 9 6.25 8.9
v 9 6.5 8.9
v 9 6.75 8.9
v 9 7 8.9
v 9 7.25 8.9
v 9 7.25 8.95
v 9 7.5 8.95
v 9 7.5 8.9
v 9 7.75 8.95
v 9 7.75 8.9
v 9 8 8.95
v 9 8 9
v 9 8.25 9
v 9 8.25 8.95
v 9 8.5 9
v 9 8.5 9.05
v 9 8.75 9.05
v 9 8.75 9
v 9 9 9.05
v 9 9 9
v 9 9 9.1
v 9 9.25 9.1
v 9 9.25 9.05
v 9 9.5 9.1
v 9 9.5 9.05
v 9 9.75 9.1
v 9 9.75 9.05
v 9 10 9.1
v 9 9.75 9
v 9 10 9
v 9 10 9.05
v 9 10.25 9.05
v 9 10.25 9
v 9 10.5 9.05
v 9 10.5 9
v 9 10.75 9.05
v 9 10.75 9
v 9 11 9
v 9 10.75 8.95
v 9 11 8.95
v 9 11.25 9
v 9 11.25 8.95
v 9 11.5 9
v 9 11.5 8.95
v 9 11.75 9
v 9 11.75 8.95
v 9 12 9
v 9 12 8.95
v 9.25 0 9.3
v 9.25 0.25 9.3
v 9.25 0 9.25
v 9.25 0.25 9.25
v 9.25 0.5 9.3
v 9.25 0.5 9.25
v 9.25 0.75 9.3
v 9.25 0.75 9.25
v 9.25 1 9.3
v 9.25 1 9.25
v 9.25 1.25 9.3
v 9.25 1.25 9.25
v 9.25 1.5 9.3
v 9.25 1.5 9.25
v 9.25 1.75 9.3
v 9.25 1.75 9.25
v 9.25 2 9.25
v 9.25 2.25 9.25
v 9.25 2 9.2
v 9.25 2.25 9.2
v 9.25 2.5 9.2
v 9.25 2.75 9.2
v 9.25 2.5 9.15
v 9.25 2.75 9.15
v 9.25 3 9.15
v 9.25 3.25 9.15
v 9.25 3.5 9.15
v 9.25 3.5 9.1
v 9.25 3.75 9.1
v 9.25 3.75 9.15
v 9.25 4 9.1
v 9.25 4.25 9.1
v 9.25 4.5 9.1
v 9.25 4.75 9.1
v 9.25 4.75 9.05
v 9.25 5 9.05
v 9.25 5 9.1
v 9.25 5.25 9.05
v 9.25 5.25 9
v 9.25 5.5 9
v 9.25 5.5 9.05
v 9.25 5.75 9
v 9.25 5.75 8.95
v 9.25 6 8.95
v 9.25 6.25 8.95
v 9.25 6.25 8.9
v 9.25 6.5 8.9
v 9.25 6.75 8.9
v 9.25 7 8.9
v 9.25 7.25 8.9
v 9.25 7.5 8.9
v 9.25 7.75 8.9
v 9.25 7.75 8.95
v 9.25 8 8.95
v 9.25 8 8.9
v 9.25 8.25 8.95
v 9.25 8.25 9
v 9.25 8.5 9
v 9.25 8.5 8.95
v 9.25 8.75 9
v 9.25 8.75 8.95
v 9.25 9 9
v 9.25 9 8.95
v 9.25 9 9.05
v 9.25 9.25 9.05
v 9.25 9.25 9
v 9.25 9.5 9.05
v 9.25 9.5 9
v 9.25 9.75 9.05
v 9.25 9.5 8.95
v 9.25 9.75 8.95
v 9.25 9.75 9
v 9.25 10 9
v 9.25 10 8.95
v 9.25 10.25 9
v 9.25 10.25 8.95
v 9.25 10.5 9
v 9.25 10.5 8.95
v 9.25 10.75 9
v 9.25 10.75 8.95
v 9.25 11 8.95
v 9.25 10.75 8.9
v 9.25 11 8.9
v 9.25 11.25 8.95
v 9.25 11.25 8.9
v 9.25 11.5 8.95
v 9.25 11.5 8.9
v 9.25 11.75 8.95
v 9.25 11.75 8.9
v 9.25 12 8.95
v 9.25 12 8.9
v 9.5 0 9.25
v 9.5 0.25 9.25
v 9.5 0 9.2
v 9.5 0.25 9.2
v 9.5 0.5 9.25
v 9.5 0.5 9.2
v 9.5 0.75 9.25
v 9.5 0.75 9.2
v 9.5 1 9.25
v 9.5 1 9.2
v 9.5 1.25 9.25
v 9.5 1.25 9.2
v 9.5 1.5 9.25
v 9.5 1.5 9.2
v 9.5 1.75 9.25
v 9.5 1.75 9.2
v 9.5 2 9.25
v 9.5 2 9.2
v 9.5 2.25 9.2
v 9.5 2.5 9.2
v 9.5 2.25 9.15
v 9.5 2.5 9.15
v 9.5 2.75 9.15
v 9.5 3 9.15
v 9.5 3.25 9.15
v 9.5 3.5 9.15
v 9.5 3.75 9.15
v 9.5 3.75 9.1
v 9.5 4 9.1
v 9.5 4 9.15
v 9.5 4.25 9.1
v 9.5 4.25 9.15
v 9.5 4.5 9.1
v 9.5 4.75 9.1
v 9.5 5 9.1
v 9.5 5 9.05
v 9.5 5.25 9.05
v 9.5 5.5 9.05
v 9.5 5.5 9
v 9.5 5.75 9
v 9.5 5.75 8.95
v 9.5 6 8.95
v 9.5 6 9
v 9.5 6.25 8.95
v 9.5 6.25 8.9
v 9.5 6.5 8.9
v 9.5 6.75 8.9
v 9.5 7 8.9
v 9.5 7.25 8.9
v 9.5 7 8.85
v 9.5 7.25 8.85
v 9.5 7.5 8.9
v 9.5 7.5 8.85
v 9.5 7.75 8.9
v 9.5 8 8.9
v 9.5 8 8.95
v 9.5 8.25 8.95
v 9.5 8.25 8.9
v 9.5 8.5 8.95
v 9.5 8.5 8.9
v 9.5 8.75 8.95
v 9.5 8.75 8.9
v 9.5 9 8.95
v 9.5 9 9
v 9.5 9.25 9
v 9.5 9.25 8.95
v 9.5 9.5 9
v 9.5 9.5 8.95
v 9.5 9.75 8.95
v 9.5 9.5 8.9
v 9.5 9.75 8.9
v 9.5 10 8.95
v 9.5 10 8.9
v 9.5 10.25 8.95
v 9.5 10.25 8.9
v 9.5 10.5 8.95
v 9.5 10.5 8.9
v 9.5 10.75 8.95
v 9.5 10.75 8.9
v 9.5 11 8.9
v 9.5 10.75 8.85
v 9.5 11 8.85
v 9.5 11.25 8.9
v 9.5 11.25 8.85
v 9.5 11.5 8.9
v 9.5 11.5 8.85
v 9.5 11.75 8.9
v 9.5 11.75 8.85
v 9.5 12 8.9
v 9.5 12 8.85
v 9.75 0 9.2
v 9.75 0.25 9.2
v 9.75 0 9.15
v 9.75 0.25 9.15
v 9.75 0.5 9.2
v 9.75 0.5 9.15
v 9.75 0.75 9.2
v 9.75 0.75 9.15
v 9.75 1 9.2
v 9.75 1 9.15
v 9.75 1.25 9.2
v 9.75 1.25 9.15
v 9.75 1.5 9.2
v 9.75 1.5 9.15
v 9.75 1.75 9.2
v 9.75 1.75 9.15
v 9.75 2 9.2
v 9.75 2 9.15
v 9.75 2.25 9.2
v 9.75 2.25 9.15
v 9.75 2.5 9.15
v 9.75 2.75 9.15
v 9.75 3 9.15
v 9.75 3.25 9.15
v 9.75 3.5 9.15
v 9.75 3.75 9.15
v 9.75 4 9.15
v 9.75 4.25 9.15
v 9.75 4.25 9.1
v 9.75 4.5 9.1
v 9.75 4.5 9.15
v 9.75 4.75 9.1
v 9.75 4.75 9.15
v 9.75 5 9.1
v 9.75 5 9.05
v 9.75 5.25 9.05
v 9.75 5.25 9.1
v 9.75 5.5 9.05
v 9.75 5.5 9
v 9.75 5.75 9
v 9.75 6 9
v 9.75 6 8.95
v 9.75 6.25 8.95
v 9.75 6.25 8.9
v 9.75 6.5 8.9
v 9.75 6.75 8.9
v 9.75 7 8.9
v 9.75 6.75 8.85
v 9.75 7 8.85
v 9.75 7.25 8.85
v 9.75 7.5 8.85
v 9.75 7.5 8.9
v 9.75 7.75 8.9
v 9.75 7.75 8.85
v 9.75 8 8.9
v 9.75 8 8.85
v 9.75 8.25 8.9
v 9.75 8.25 8.85
v 9.75 8.5 8.9
v 9.75 8.75 8.9
v 9.75 8.75 8.95
v 9.75 9 8.95
v 9.75 9 8.9
v 9.75 9.25 8.95
v 9.75 9.25 8.9
v 9.75 9.5 8.95
v 9.75 9.5 8.9
v 9.75 9.75 8.9
v 9.75 10 8.9
v 9.75 10.25 8.9
v 9.75 10 8.85
v 9.75 10.25 8.85
v 9.75 10.5 8.9
v 9.75 10.5 8.85
v 9.75 10.75 8.9
v 9.75 10.75 8.85
v 9.75 11 8.85
v 9.75 11.25 8.85
v 9.75 11.5 8.85
v 9.75 11.75 8.85
v 9.75 12 8.85
v 10 0 9.15
v 10 0.25 9.15
v 10 0 9.1
v 10 0.25 9.1
v 10 0.5 9.15
v 10 0.5 9.1
v 10 0.75 9.15
v 10 0.75 9.1
v 10 1 9.15
v 10 1 9.1
v 10 1.25 9.15
v 10 1.25 9.1
v 10 1.5 9.15
v 10 1.75 9.15
v 10 2 9.15
v 10 2.25 9.15
v 10 2.5 9.15
v 10 2.75 9.15
v 10 3 9.15
v 10 3.25 9.15
v 10 3.5 9.15
v 10 3.75 9.15
v 10 4 9.15
v 10 4.25 9.15
v 10 4.5 9.15
v 10 4.75 9.15
v 10 4.75 9.1
v 10 5 9.1
v 10 5.25 9.1
v 10 5.25 9.05
v 10 5.5 9.05
v 10 5.5 9
v 10 5.75 9
v 10 6 9
v 10 6 8.95
v 10 6.25 8.95
v 10 6.25 8.9
v 10 6.5 8.9
v 10 6.75 8.9
v 10 6.75 8.85
v 10 7 8.85
v 10 7.25 8.85
v 10 7.5 8.85
v 10 7.75 8.85
v 10 8 8.85
v 10 8.25 8.85
v 10 8.25 8.9
v 10 8.5 8.9
v 10 8.5 8.85
v 10 8.75 8.9
v 10 8.75 8.85
v 10 9 8.9
v 10 9 8.85
v 10 9.25 8.9
v 10 9.25 8.85
v 10 9.5 8.9
v 10 9.5 8.85
v 10 9.75 8.9
v 10 9.75 8.85
v 10 10 8.9
v 10 10 8.85
v 10 10.25 8.85
v 10 10.5 8.85
v 10 10.75 8.85
v 10 11 8.85
v 10 10.75 8.8
v 10 11 8.8
v 10 11.25 8.85
v 10 11.25 8.8
v 10 11.5 8.85
v 10 11.5 8.8
v 10 11.75 8.85
v 10 11.75 8.8
v 10 12 8.85
v 10 12 8.8
v 10.25 0 9.1
v 10.25 0.25 9.1
v 10.25 0.5 9.1
v 10.25 0.75 9.1
v 10.25 1 9.1
v 10.25 1.25 9.1
v 10.25 1.25 9.15
v 10.25 1.5 9.15
v 10.25 1.5 9.1
v 10.25 1.75 9.15
v 10.25 1.75 9.1
v 10.25 2 9.15
v 10.25 2 9.1
v 10.25 2.25 9.15
v 10.25 2.25 9.1
v 10.25 2.5 9.15
v 10.25 2.75 9.15
v 10.25 3 9.15
v 10.25 3.25 9.15
v 10.25 3.5 9.15
v 10.25 3.75 9.15
v 10.25 4 9.15
v 10.25 4.25 9.15
v 10.25 4.5 9.15
v 10.25 4.75 9.15
v 10.25 4.75 9.1
v 10.25 5 9.1
v 10.25 5 9.15
v 10.25 5.25 9.1
v 10.25 5.25 9.05
v 10.25 5.5 9.05
v 10.25 5.5 9
v 10.25 5.75 9
v 10.25 6 9
v 10.25 6 8.95
v 10.25 6.25 8.95
v 10.25 6.25 8.9
v 10.25 6.5 8.9
v 10.25 6.75 8.9
v 10.25 6.5 8.85
v 10.25 6.75 8.85
v 10.25 7 8.85
v 10.25 7.25 8.85
v 10.25 7 8.8
v 10.25 7.25 8.8
v 10.25 7.5 8.85
v 10.25 7.5 8.8
v 10.25 7.75 8.85
v 10.25 7.75 8.8
v 10.25 8 8.85
v 10.25 8 8.8
v 10.25 8.25 8.85
v 10.25 8.25 8.8
v 10.25 8.5 8.85
v 10.25 8.5 8.8
v 10.25 8.75 8.85
v 10.25 9 8.85
v 10.25 9.25 8.85
v 10.25 9.5 8.85
v 10.25 9.75 8.85
v 10.25 10 8.85
v 10.25 10.25 8.85
v 10.25 10.5 8.85
v 10.25 10.75 8.85
v 10.25 10.75 8.8
v 10.25 11 8.8
v 10.25 11 8.85
v 10.25 11.25 8.8
v 10.25 11.25 8.85
v 10.25 11.5 8.8
v 10.25 11.5 8.85
v 10.25 11.75 8.8
v 10.25 11.75 8.85
v 10.25 12 8.8
v 10.25 12 8.85
v 10.5 0 9.1
v 10.5 0.25 9.1
v 10.5 0 9.05
v 10.5 0.25 9.05
v 10.5 0.5 9.1
v 10.5 0.5 9.05
v 10.5 0.75 9.1
v 10.5 0.75 9.05
v 10.5 1 9.1
v 10.5 1 9.05
v 10.5 1.25 9.1
v 10.5 1.25 9.05
v 10.5 1.5 9.1
v 10.5 1.5 9.05
v 10.5 1.75 9.1
v 10.5 2 9.1
v 10.5 2.25 9.1
v 10.5 2.25 9.15
v 10.5 2.5 9.15
v 10.5 2.5 9.1
v 10.5 2.75 9.15
v 10.5 3 9.15
v 10.5 3.25 9.15
v 10.5 3.5 9.15
v 10.5 3.75 9.15
v 10.5 3.5 9.2
v 10.5 3.75 9.2
v 10.5 4 9.15
v 10.5 4 9.2
v 10.5 4.25 9.15
v 10.5 4.25 9.2
v 10.5 4.5 9.15
v 10.5 4.5 9.2
v 10.5 4.75 9.15
v 10.5 5 9.15
v 10.5 5 9.1
v 10.5 5.25 9.1
v 10.5 5.25 9.05
v 10.5 5.5 9.05
v 10.5 5.5 9
v 10.5 5.75 9
v 10.5 6 9
v 10.5 5.75 8.95
v 10.5 6 8.95
v 10.5 6.25 8.95
v 10.5 6 8.9
v 10.5 6.25 8.9
v 10.5 6.5 8.9
v 10.5 6.25 8.85
v 10.5 6.5 8.85
v 10.5 6.75 8.85
v 10.5 7 8.85
v 10.5 6.75 8.8
v 10.5 7 8.8
v 10.5 7.25 8.8
v 10.5 7.5 8.8
v 10.5 7.75 8.8
v 10.5 7.5 8.75
v 10.5 7.75 8.75
v 10.5 8 8.8
v 10.5 8 8.75
v 10.5 8.25 8.8
v 10.5 8.5 8.8
v 10.5 8.5 8.85
v 10.5 8.75 8.85
v 10.5 8.75 8.8
v 10.5 9 8.85
v 10.5 9 8.8
v 10.5 9.25 8.85
v 10.5 9.25 8.8
v 10.5 9.5 8.85
v 10.5 9.5 8.8
v 10.5 9.75 8.85
v 10.5 10 8.85
v 10.5 10.25 8.85
v 10.5 10.5 8.85
v 10.5 10.75 8.85
v 10.5 11 8.85
v 10.5 11.25 8.85
v 10.5 11.5 8.85
v 10.5 11.75 8.85
v 10.5 12 8.85
v 10.75 0 9.05
v 10.75 0.25 9.05
v 10.75 0 9
v 10.75 0.25 9
v 10.75 0.5 9.05
v 10.75 0.5 9
v 10.75 0.75 9.05
v 10.75 0.75 9
v 10.75 1 9.05
v 10.75 1 9
v 10.75 1.25 9.05
v 10.75 1.5 9.05
v 10.75 1.5 9.1
v 10.75 1.75 9.1
v 10.75 1.75 9.05
v 10.75 2 9.1
v 10.75 2.25 9.1
v 10.75 2.5 9.1
v 10.75 2.25 9.15
v 10.75 2.5 9.15
v 10.75 2.75 9.15
v 10.75 3 9.15
v 10.75 3.25 9.15
v 10.75 3 9.2
v 10.75 3.25 9.2
v 10.75 3.5 9.15
v 10.75 3.5 9.2
v 10.75 3.75 9.2
v 10.75 4 9.2
v 10.75 4.25 9.2
v 10.75 4.5 9.2
v 10.75 4.5 9.15
v 10.75 4.75 9.15
v 10.75 5 9.15
v 10.75 5 9.1
v 10.75 5.25 9.1
v 10.75 5.25 9.05
v 10.75 5.5 9.05
v 10.75 5.5 9
v 10.75 5.75 9
v 10.75 5.75 8.95
v 10.75 6 8.95
v 10.75 6 8.9
v 10.75 6.25 8.9
v 10.75 6.25 8.85
v 10.75 6.5 8.85
v 10.75 6.75 8.85
v 10.75 6.5 8.8
v 10.75 6.75 8.8
v 10.75 7 8.8
v 10.75 7.25 8.8
v 10.75 7 8.75
v 10.75 7.25 8.75
v 10.75 7.5 8.8
v 10.75 7.5 8.75
v 10.75 7.75 8.75
v 10.75 8 8.75
v 10.75 8 8.8
v 10.75 8.25 8.8
v 10.75 8.25 8.75
v 10.75 8.5 8.8
v 10.75 8.5 8.75
v 10.75 8.75 8.8
v 10.75 8.75 8.75
v 10.75 9 8.8
v 10.75 9.25 8.8
v 10.75 9.5 8.8
v 10.75 9.5 8.85
v 10.75 9.75 8.85
v 10.75 10 8.85
v 10.75 10.25 8.85
v 10.75 10.5 8.85
v 10.75 10.75 8.85
v 10.75 11 8.85
v 10.75 10.75 8.9
v 10.75 11 8.9
v 10.75 11.25 8.85
v 10.75 11.25 8.9
v 10.75 11.5 8.85
v 10.75 11.5 8.9
v 10.75 11.75 8.85
v 10.75 11.75 8.9
v 10.75 12 8.85
v 10.75 12 8.9
v 11 0 9
v 11 0.25 9
v 11 0.5 9
v 11 0.75 9
v 11 1 9
v 11 1 9.05
v 11 1.25 9.05
v 11 1.25 9
v 11 1.5 9.05
v 11 1.75 9.05
v 11 1.75 9.1
v 11 2 9.1
v 11 2.25 9.1
v 11 2.25 9.15
v 11 2.5 9.15
v 11 2.75 9.15
v 11 3 9.15
v 11 3 9.2
v 11 3.25 9.2
v 11 3.5 9.2
v 11 3.75 9.2
v 11 4 9.2
v 11 4.25 9.2
v 11 4.5 9.2
v 11 4.5 9.15
v 11 4.75 9.15
v 11 5 9.15
v 11 5 9.1
v 11 5.25 9.1
v 11 5.25 9.05
v 11 5.5 9.05
v 11 5.5 9
v 11 5.75 9
v 11 5.75 8.95
v 11 6 8.95
v 11 6 8.9
v 11 6.25 8.9
v 11 6.25 8.85
v 11 6.5 8.85
v 11 6.5 8.8
v 11 6.75 8.8
v 11 7 8.8
v 11 6.75 8.75
v 11 7 8.75
v 11 7.25 8.75
v 11 7.5 8.75
v 11 7.75 8.75
v 11 7.5 8.7
v 11 7.75 8.7
v 11 8 8.75
v 11 8.25 8.75
v 11 8.5 8.75
v 11 8.75 8.75
v 11 8.75 8.8
v 11 9 8.8
v 11 9.25 8.8
v 11 9.5 8.8
v 11 9.5 8.85
v 11 9.75 8.85
v 11 10 8.85
v 11 10.25 8.85
v 11 10.5 8.85
v 11 10.75 8.85
v 11 10.5 8.9
v 11 10.75 8.9
v 11 11 8.9
v 11 11.25 8.9
v 11 11.5 8.9
v 11 11.75 8.9
v 11 12 8.9
v 11.25 0 9
v 11.25 0.25 9
v 11.25 0.5 9
v 11.25 0.75 9
v 11.25 1 9
v 11.25 1.25 9
v 11.25 1.25 9.05
v 11.25 1.5 9.05
v 11.25 1.75 9.05
v 11.25 1.75 9.1
v 11.25 2 9.1
v 11.25 2.25 9.1
v 11.25 2.25 9.15
v 11.25 2.5 9.15
v 11.25 2.75 9.15
v 11.25 3 9.15
v 11.25 3 9.2
v 11.25 3.25 9.2
v 11.25 3.5 9.2
v 11.25 3.75 9.2
v 11.25 4 9.2
v 11.25 4.25 9.2
v 11.25 4.5 9.2
v 11.25 4.5 9.15
v 11.25 4.75 9.15
v 11.25 5 9.15
v 11.25 5 9.1
v 11.25 5.25 9.1
v 11.25 5.25 9.05
v 11.25 5.5 9.05
v 11.25 5.5 9
v 11.25 5.75 9
v 11.25 5.75 8.95
v 11.25 6 8.95
v 11.25 6 8.9
v 11.25 6.25 8.9
v 11.25 6.25 8.85
v 11.25 6.5 8.85
v 11.25 6.5 8.8
v 11.25 6.75 8.8
v 11.25 6.75 8.75
v 11.25 7 8.75
v 11.25 7.25 8.75
v 11.25 7.5 8.75
v 11.25 7.5 8.7
v 11.25 7.75 8.7
v 11.25 7.75 8.75
v 11.25 8 8.75
v 11.25 8.25 8.75
v 11.25 8.5 8.75
v 11.25 8.75 8.75
v 11.25 8.75 8.8
v 11.25 9 8.8
v 11.25 9.25 8.8
v 11.25 9.5 8.8
v 11.25 9.5 8.85
v 11.25 9.75 8.85
v 11.25 10 8.85
v 11.25 10.25 8.85
v 11.25 10.5 8.85
v 11.25 10.5 8.9
v 11.25 10.75 8.9
v 11.25 11 8.9
v 11.25 11.25 8.9
v 11.25 11.5 8.9
v 11.25 11.75 8.9
v 11.25 12 8.9
v 11.5 0 9
v 11.5 0.25 9
v 11.5 0.5 9
v 11.5 0.75 9
v 11.5 1 9
v 11.5 1.25 9
v 11.5 1.25 9.05
v 11.5 1.5 9.05
v 11.5 1.75 9.05
v 11.5 1.75 9.1
v 11.5 2 9.1
v 11.5 2.25 9.1
v 11.5 2.25 9.15
v 11.5 2.5 9.15
v 11.5 2.75 9.15
v 11.5 3 9.15
v 11.5 3 9.2
v 11.5 3.25 9.2
v 11.5 3.5 9.2
v 11.5 3.75 9.2
v 11.5 4 9.2
v 11.5 4.25 9.2
v 11.5 4.5 9.2
v 11.5 4.5 9.15
v 11.5 4.75 9.15
v 11.5 5 9.15
v 11.5 5 9.1
v 11.5 5.25 9.1
v 11.5 5.25 9.05
v 11.5 5.5 9.05
v 11.5 5.5 9
v 11.5 5.75 9
v 11.5 5.75 8.95
v 11.5 6 8.95
v 11.5 6 8.9
v 11.5 6.25 8.9
v 11.5 6.25 8.85
v 11.5 6.5 8.85
v 11.5 6.5 8.8
v 11.5 6.75 8.8
v 11.5 6.75 8.75
v 11.5 7 8.75
v 11.5 7.25 8.75
v 11.5 7.5 8.75
v 11.5 7.5 8.7
v 11.5 7.75 8.7
v 11.5 7.75 8.75
v 11.5 8 8.75
v 11.5 8.25 8.75
v 11.5 8.5 8.75
v 11.5 8.75 8.75
v 11.5 8.75 8.8
v 11.5 9 8.8
v 11.5 9.25 8.8
v 11.5 9.5 8.8
v 11.5 9.5 8.85
v 11.5 9.75 8.85
v 11.5 10 8.85
v 11.5 10.25 8.85
v 11.5 10.5 8.85
v 11.5 10.5 8.9
v 11.5 10.75 8.9
v 11.5 11 8.9
v 11.5 11.25 8.9
v 11.5 11.5 8.9
v 11.5 11.75 8.9
v 11.5 12 8.9
v 11.75 0 9
v 11.75 0.25 9
v 11.75 0.5 9
v 11.75 0.75 9
v 11.75 1 9
v 11.75 1.25 9
v 11.75 1.25 9.05
v 11.75 1.5 9.05
v 11.75 1.75 9.05
v 11.75 1.75 9.1
v 11.75 2 9.1
v 11.75 2.25 9.1
v 11.75 2.25 9.15
v 11.75 2.5 9.15
v 11.75 2.75 9.15
v 11.75 3 9.15
v 11.75 3 9.2
v 11.75 3.25 9.2
v 11.75 3.5 9.2
v 11.75 3.75 9.2
v 11.75 4 9.2
v 11.75 4.25 9.2
v 11.75 4.5 9.2
v 11.75 4.5 9.15
v 11.75 4.75 9.15
v 11.75 5 9.15
v 11.75 5 9.1
v 11.75 5.25 9.1
v 11.75 5.25 9.05
v 11.75 5.5 9.05
v 11.75 5.5 9
v 11.75 5.75 9
v 11.75 5.75 8.95
v 11.75 6 8.95
v 11.75 6 8.9
v 11.75 6.25 8.9
v 11.75 6.25 8.85
v 11.75 6.5 8.85
v 11.75 6.5 8.8
v 11.75 6.75 8.8
v 11.75 6.75 8.75
v 11.75 7 8.75
v 11.75 7.25 8.75
v 11.75 7.5 8.75
v 11.75 7.5 8.7
v 11.75 7.75 8.7
v 11.75 7.75 8.75
v 11.75 8 8.75
v 11.75 8.25 8.75
v 11.75 8.5 8.75
v 11.75 8.75 8.75
v 11.75 8.75 8.8
v 11.75 9 8.8
v 11.75 9.25 8.8
v 11.75 9.5 8.8
v 11.75 9.5 8.85
v 11.75 9.75 8.85
v 11.75 10 8.85
v 11.75 10.25 8.85
v 11.75 10.5 8.85
v 11.75 10.5 8.9
v 11.75 10.75 8.9
v 11.75 11 8.9
v 11.75 11.25 8.9
v 11.75 11.5 8.9
v 11.75 11.75 8.9
v 11.75 12 8.9
v 12 0 9
v 12 0.25 9
v 12 0.5 9
v 12 0.75 9
v 12 1 9
v 12 1.25 9
v 12 1.25 9.05
v 12 1.5 9.05
v 12 1.75 9.05
v 12 1.75 9.1
v 12 2 9.1
v 12 2.25 9.1
v 12 2.25 9.15
v 12 2.5 9.15
v 12 2.75 9.15
v 12 3 9.15
v 12 3 9.2
v 12 3.25 9.2
v 12 3.5 9.2
v 12 3.75 9.2
v 12 4 9.2
v 12 4.25 9.2
v 12 4.5 9.2
v 12 4.5 9.15
v 12 4.75 9.15
v 12 5 9.15
v 12 5 9.1
v 12 5.25 9.1
v 12 5.25 9.05
v 12 5.5 9.05
v 12 5.5 9
v 12 5.75 9
v 12 5.75 8.95
v 12 6 8.95
v 12 6 8.9
v 12 6.25 8.9
v 12 6.25 8.85
v 12 6.5 8.85
v 12 6.5 8.8
v 12 6.75 8.8
v 12 6.75 8.75
v 12 7 8.75
v 12 7.25 8.75
v 12 7.5 8.75
v 12 7.5 8.7
v 12 7.75 8.7
v 12 7.75 8.75
v 12 8 8.75
v 12 8.25 8.75
v 12 8.5 8.75
v 12 8.75 8.75
v 12 8.75 8.8
v 12 9 8.8
v 12 9.25 8.8
v 12 9.5 8.8
v 12 9.5 8.85
v 12 9.75 8.85
v 12 10 8.85
v 12 10.25 8.85
v 12 10.5 8.85
v 12 10.5 8.9
v 12 10.75 8.9
v 12 11 8.9
v 12 11.25 8.9
v 12 11.5 8.9
v 12 11.75 8.9
v 12 12 8.9
v 0 0 0
v 0 0.25 0
v 12 0 0
v 12 0.25 0
v 0 0.5 0
v 12 0.5 0
v 0 0.75 0
v 12 0.75 0
v 0 1 0
v 12 1 0
v 0 1.25 0
v 12 1.25 0
v 0 1.5 0
v 12 1.5 0
v 0 1.75 0
v 12 1.75 0
v 0 2 0
v 12 2 0
v 0 2.25 0
v 12 2.25 0
v 0 2.5 0
v 12 2.5 0
v 0 2.75 0
v 12 2.75 0
v 0 3 0
v 12 3 0
v 0 3.25 0
v 12 3.25 0
v 0 3.5 0
v 12 3.5 0
v 0 3.75 0
v 12 3.75 0
v 0 4 0
v 12 4 0
v 0 4.25 0
v 12 4.25 0
v 0 4.5 0
v 12 4.5 0
v 0 4.75 0
v 12 4.75 0
v 0 5 0
v 12 5 0
v 0 5.25 0
v 12 5.25 0
v 0 5.5 0
v 12 5.5 0
v 0 5.75 0
v 12 5.75 0
v 0 6 0
v 12 6 0
v 0 6.25 0
v 12 6.25 0
v 0 6.5 0
v 12 6.5 0
v 0 6.75 0
v 12 6.75 0
v 0 7 0
v 12 7 0
v 0 7.25 0
v 12 7.25 0
v 0 7.5 0
v 12 7.5 0
v 0 7.75 0
v 12 7.75 0
v 0 8 0
v 12 8 0
v 0 8.25 0
v 12 8.25 0
v 0 8.5 0
v 12 8.5 0
v 0 8.75 0
v 12 8.75 0
v 0 9 0
v 12 9 0
v 0 9.25 0
v 12 9.25 0
v 0 9.5 0
v 12 9.5 0
v 0 9.75 0
v 12 9.75 0
v 0 10 0
v 12 10 0
v 0 10.25 0
v 12 10.25 0
v 0 10.5 0
v 12 10.5 0
v 0 10.75 0
v 12 10.75 0
v 0 11 0
v 12 11 0
v 0 11.25 0
v 12 11.25 0
v 0 11.5 0
v 12 11.5 0
v 0 11.75 0
v 12 11.75 0
v 0 12 0
v 12 12 0
v 0.25 0 0
v 0.25 12 0
v 0.5 0 0
v 0.5 12 0
v 0.75 0 0
v 0.75 12 0
v 1 0 0
v 1 12 0
v 1.25 0 0
v 1.25 12 0
v 1.5 0 0
v 1.5 12 0
v 1.75 0 0
v 1.75 12 0
v 2 0 0
v 2 12 0
v 2.25 0 0
v 2.25 12 0
v 2.5 0 0
v 2.5 12 0
v 2.75 0 0
v 2.75 12 0
v 3 0 0
v 3 12 0
v 3.25 0 0
v 3.25 12 0
v 3.5 0 0
v 3.5 12 0
v 3.75 0 0
v 3.75 12 0
v 4 0 0
v 4 12 0
v 4.25 0 0
v 4.25 12 0
v 4.5 0 0
v 4.5 12 0
v 4.75 0 0
v 4.75 12 0
v 5 0 0
v 5 12 0
v 5.25 0 0
v 5.25 12 0
v 5.5 0 0
v 5.5 12 0
v 5.75 0 0
v 5.75 12 0
v 6 0 0
v 6 12 0
v 6.25 0 0
v 6.25 12 0
v 6.5 0 0
v 6.5 12 0
v 6.75 0 0
v 6.75 12 0
v 7 0 0
v 7 12 0
v 7.25 0 0
v 7.25 12 0
v 7.5 0 0
v 7.5 12 0
v 7.75 0 0
v 7.75 12 0
v 8 0 0
v 8 12 0
v 8.25 0 0
v 8.25 12 0
v 8.5 0 0
v 8.5 12 0
v 8.75 0 0
v 8.75 12 0
v 9 0 0
v 9 12 0
v 9.25 0 0
v 9.25 12 0
v 9.5 0 0
v 9.5 12 0
v 9.75 0 0
v 9.75 12 0
v 10 0 0
v 10 12 0
v 10.25 0 0
v 10.25 12 0
v 10.5 0 0
v 10.5 12 0
v 10.75 0 0
v 10.75 12 0
v 11 0 0
v 11 12 0
v 11.25 0 0
v 11.25 12 0
v 11.5 0 0
v 11.5 12 0
v 11.75 0 0
v 11.75 12 0
f 1 2 3
f 1 3 4
f 4 3 5
f 4 5 6
f 6 5 7
f 6 7 8
f 8 7 9
f 8 9 10
f 10 9 11
f 10 11 12
f 13 12 11
f 13 11 14
f 13 14 15
f 13 15 16
f 16 15 17
f 16 17 18
f 19 18 17
f 19 17 20
f 19 20 21
f 19 21 22
f 22 21 23
f 22 23 24
f 24 23 25
f 24 25 26
f 26 25 27
f 26 27 28
f 28 27 29
f 28 29 30
f 30 29 31
f 30 31 32
f 32 31 33
f 32 33 34
f 33 35 36
f 33 36 34
f 36 35 37
f 36 37 38
f 37 39 40
f 37 40 38
f 40 39 41
f 40 41 42
f 41 43 44
f 41 44 42
f 44 43 45
f 44 45 46
f 45 47 48
f 45 48 46
f 48 47 49
f 48 49 50
f 50 49 51
f 50 51 52
f 51 53 54
f 51 54 52
f 54 53 55
f 54 55 56
f 56 55 57
f 56 57 58
f 57 59 60
f 57 60 58
f 60 59 61
f 60 61 62
f 62 61 63
f 62 63 64
f 64 63 65
f 64 65 66
f 66 65 67
f 66 67 68
f 68 67 69
f 68 69 70
f 71 70 69
f 71 69 72
f 71 72 73
f 71 73 74
f 74 73 75
f 74 75 76
f 77 76 75
f 77 75 78
f 77 78 79
f 77 79 80
f 80 79 81
f 80 81 82
f 83 82 81
f 83 81 84
f 83 84 85
f 83 85 86
f 86 85 87
f 86 87 88
f 89 88 87
f 89 87 90
f 89 90 91
f 89 91 92
f 93 92 91
f 93 91 94
f 93 94 95
f 93 95 96
f 96 95 97
f 96 97 98
f 99 98 97
f 99 97 100
f 99 100 101
f 99 101 102
f 102 101 103
f 102 103 104
f 104 103 105
f 104 105 106
f 106 105 107
f 106 107 108
f 107 109 110
f 107 110 108
f 110 109 111
f 110 111 112
f 112 111 113
f 112 113 114
f 113 115 116
f 113 116 114
f 116 115 117
f 116 117 118
f 118 117 119
f 118 119 120
f 119 121 122
f 119 122 120
f 122 121 123
f 122 123 124
f 124 123 125
f 124 125 126
f 126 125 127
f 126 127 128
f 128 127 129
f 128 129 130
f 130 129 131
f 130 131 132
f 2 133 134
f 2 134 3
f 3 134 135
f 3 135 5
f 5 135 136
f 5 136 7
f 7 136 137
f 7 137 9
f 9 137 138
f 9 138 11
f 14 11 138
f 14 138 139
f 14 139 140
f 14 140 15
f 15 140 141
f 15 141 17
f 20 17 141
f 20 141 142
f 20 142 143
f 20 143 21
f 21 143 144
f 21 144 23
f 23 144 145
f 23 145 25
f 25 145 146
f 25 146 27
f 27 146 147
f 27 147 29
f 29 147 148
f 29 148 31
f 31 148 149
f 31 149 33
f 149 150 35
f 149 35 33
f 35 150 151
f 35 151 37
f 151 152 39
f 151 39 37
f 39 152 153
f 39 153 41
f 153 154 43
f 153 43 41
f 43 154 155
f 43 155 45
f 155 156 47
f 155 47 45
f 47 156 157
f 47 157 49
f 49 157 158
f 49 158 51
f 158 159 53
f 158 53 51
f 53 159 160
f 53 160 55
f 55 160 161
f 55 161 57
f 161 162 59
f 161 59 57
f 59 162 163
f 59 163 61
f 61 163 164
f 61 164 63
f 63 164 165
f 63 165 65
f 65 165 166
f 65 166 67
f 67 166 167
f 67 167 69
f 72 69 167
f 72 167 168
f 72 168 169
f 72 169 73
f 73 169 170
f 73 170 75
f 78 75 170
f 78 170 171
f 78 171 172
f 78 172 79
f 79 172 173
f 79 173 81
f 84 81 173
f 84 173 174
f 84 174 175
f 84 175 85
f 85 175 176
f 85 176 87
f 90 87 176
f 90 176 177
f 90 177 178
f 90 178 91
f 94 91 178
f 94 178 179
f 94 179 180
f 94 180 95
f 95 180 181
f 95 181 97
f 100 97 181
f 100 181 182
f 100 182 183
f 100 183 101
f 101 183 184
f 101 184 103
f 103 184 185
f 103 185 105
f 105 185 186
f 105 186 107
f 186 187 109
f 186 109 107
f 109 187 188
f 109 188 111
f 111 188 189
f 111 189 113
f 189 190 115
f 189 115 113
f 115 190 191
f 115 191 117
f 117 191 192
f 117 192 119
f 192 193 121
f 192 121 119
f 121 193 194
f 121 194 123
f 123 194 195
f 123 195 125
f 125 195 196
f 125 196 127
f 127 196 197
f 127 197 129
f 129 197 198
f 129 198 131
f 133 199 200
f 133 200 134
f 134 200 201
f 134 201 135
f 135 201 202
f 135 202 136
f 136 202 203
f 136 203 137
f 137 203 204
f 137 204 138
f 139 138 204
f 139 204 205
f 139 205 206
f 139 206 140
f 140 206 207
f 140 207 141
f 142 141 207
f 142 207 208
f 142 208 209
f 142 209 143
f 143 209 210
f 143 210 144
f 144 210 211
f 144 211 145
f 145 211 212
f 145 212 146
f 146 212 213
f 146 213 147
f 147 213 214
f 147 214 148
f 148 214 215
f 148 215 149
f 215 216 150
f 215 150 149
f 150 216 217
f 150 217 151
f 217 218 152
f 217 152 151
f 152 218 219
f 152 219 153
f 219 220 154
f 219 154 153
f 154 220 221
f 154 221 155
f 221 222 156
f 221 156 155
f 156 222 223
f 156 223 157
f 157 223 224
f 157 224 158
f 224 225 159
f 224 159 158
f 159 225 226
f 159 226 160
f 160 226 227
f 160 227 161
f 227 228 162
f 227 162 161
f 162 228 229
f 162 229 163
f 163 229 230
f 163 230 164
f 164 230 231
f 164 231 165
f 165 231 232
f 165 232 166
f 166 232 233
f 166 233 167
f 168 167 233
f 168 233 234
f 168 234 235
f 168 235 169
f 169 235 236
f 169 236 170
f 171 170 236
f 171 236 237
f 171 237 238
f 171 238 172
f 172 238 239
f 172 239 173
f 174 173 239
f 174 239 240
f 174 240 241
f 174 241 175
f 175 241 242
f 175 242 176
f 177 176 242
f 177 242 243
f 177 243 244
f 177 244 178
f 179 178 244
f 179 244 245
f 179 245 246
f 179 246 180
f 180 246 247
f 180 247 181
f 182 181 247
f 182 247 248
f 182 248 249
f 182 249 183
f 183 249 250
f 183 250 184
f 184 250 251
f 184 251 185
f 185 251 252
f 185 252 186
f 252 253 187
f 252 187 186
f 187 253 254
f 187 254 188
f 188 254 255
f 188 255 189
f 255 256 190
f 255 190 189
f 190 256 257
f 190 257 191
f 191 257 258
f 191 258 192
f 258 259 193
f 258 193 192
f 193 259 260
f 193 260 194
f 194 260 261
f 194 261 195
f 195 261 262
f 195 262 196
f 196 262 263
f 196 263 197
f 197 263 264
f 197 264 198
f 199 265 266
f 199 266 200
f 200 266 267
f 200 267 201
f 201 267 268
f 201 268 202
f 202 268 269
f 202 269 203
f 203 269 270
f 203 270 204
f 205 204 270
f 205 270 271
f 205 271 272
f 205 272 206
f 206 272 273
f 206 273 207
f 208 207 273
f 208 273 274
f 208 274 275
f 208 275 209
f 209 275 276
f 209 276 210
f 210 276 277
f 210 277 211
f 211 277 278
f 211 278 212
f 212 278 279
f 212 279 213
f 213 279 280
f 213 280 214
f 214 280 281
f 214 281 215
f 282 283 281
f 282 281 280
f 281 283 216
f 281 216 215
f 216 283 284
f 216 284 217
f 284 285 218
f 284 218 217
f 218 285 286
f 218 286 219
f 286 287 220
f 286 220 219
f 220 287 288
f 220 288 221
f 288 289 222
f 288 222 221
f 222 289 290
f 222 290 223
f 223 290 291
f 223 291 224
f 292 293 291
f 292 291 290
f 291 293 225
f 291 225 224
f 225 293 294
f 225 294 226
f 226 294 295
f 226 295 227
f 296 297 295
f 296 295 294
f 295 297 228
f 295 228 227
f 228 297 298
f 228 298 229
f 229 298 299
f 229 299 230
f 230 299 300
f 230 300 231
f 231 300 301
f 231 301 232
f 232 301 302
f 232 302 233
f 234 233 302
f 234 302 303
f 234 303 304
f 234 304 235
f 235 304 305
f 235 305 236
f 237 236 305
f 237 305 306
f 237 306 307
f 237 307 238
f 238 307 308
f 238 308 239
f 240 239 308
f 240 308 309
f 240 309 310
f 240 310 241
f 241 310 311
f 241 311 242
f 243 242 311
f 243 311 312
f 243 312 313
f 243 313 244
f 245 244 313
f 245 313 314
f 245 314 315
f 245 315 246
f 313 316 315
f 313 315 314
f 246 315 317
f 246 317 247
f 248 247 317
f 248 317 318
f 248 318 319
f 248 319 249
f 317 320 319
f 317 319 318
f 249 319 321
f 249 321 250
f 250 321 322
f 250 322 251
f 251 322 323
f 251 323 252
f 324 325 323
f 324 323 322
f 323 325 253
f 323 253 252
f 253 325 326
f 253 326 254
f 254 326 327
f 254 327 255
f 327 328 256
f 327 256 255
f 256 328 329
f 256 329 257
f 257 329 330
f 257 330 258
f 331 332 330
f 331 330 329
f 330 332 259
f 330 259 258
f 259 332 333
f 259 333 260
f 260 333 334
f 260 334 261
f 335 336 334
f 335 334 333
f 261 334 337
f 261 337 262
f 336 338 337
f 336 337 334
f 262 337 339
f 262 339 263
f 338 340 339
f 338 339 337
f 263 339 341
f 263 341 264
f 340 342 341
f 340 341 339
f 265 343 344
f 265 344 266
f 345 346 344
f 345 344 343
f 266 344 347
f 266 347 267
f 346 348 347
f 346 347 344
f 267 347 349
f 267 349 268
f 348 350 349
f 348 349 347
f 268 349 351
f 268 351 269
f 350 352 351
f 350 351 349
f 269 351 353
f 269 353 270
f 352 354 353
f 352 353 351
f 271 270 353
f 271 353 354
f 271 354 355
f 271 355 272
f 272 355 356
f 272 356 273
f 357 358 356
f 357 356 355
f 274 273 356
f 274 356 358
f 274 358 359
f 274 359 275
f 275 359 360
f 275 360 276
f 276 360 361
f 276 361 277
f 362 363 361
f 362 361 360
f 277 361 364
f 277 364 278
f 363 365 364
f 363 364 361
f 278 364 366
f 278 366 279
f 279 366 367
f 279 367 280
f 367 368 282
f 367 282 280
f 282 368 369
f 282 369 283
f 283 369 370
f 283 370 284
f 371 372 370
f 371 370 369
f 370 372 285
f 370 285 284
f 285 372 373
f 285 373 286
f 374 375 373
f 374 373 372
f 373 375 287
f 373 287 286
f 287 375 376
f 287 376 288
f 376 377 289
f 376 289 288
f 289 377 378
f 289 378 290
f 378 379 292
f 378 292 290
f 292 379 380
f 292 380 293
f 293 380 381
f 293 381 294
f 382 383 381
f 382 381 380
f 381 383 296
f 381 296 294
f 296 383 384
f 296 384 297
f 297 384 385
f 297 385 298
f 386 387 385
f 386 385 384
f 298 385 388
f 298 388 299
f 387 389 388
f 387 388 385
f 299 388 390
f 299 390 300
f 389 391 390
f 389 390 388
f 300 390 392
f 300 392 301
f 391 393 392
f 391 392 390
f 301 392 394
f 301 394 302
f 303 302 394
f 303 394 395
f 303 395 396
f 303 396 304
f 394 397 396
f 394 396 395
f 304 396 398
f 304 398 305
f 397 399 398
f 397 398 396
f 306 305 398
f 306 398 400
f 306 400 401
f 306 401 307
f 398 402 401
f 398 401 400
f 307 401 403
f 307 403 308
f 309 308 403
f 309 403 404
f 309 404 405
f 309 405 310
f 403 406 405
f 403 405 404
f 310 405 407
f 310 407 311
f 312 311 407
f 312 407 408
f 312 408 409
f 312 409 313
f 407 410 409
f 407 409 408
f 313 409 411
f 313 411 316
f 315 316 411
f 315 411 412
f 315 412 413
f 315 413 317
f 411 414 413
f 411 413 412
f 317 413 415
f 317 415 320
f 319 320 415
f 319 415 416
f 319 416 417
f 319 417 321
f 415 418 417
f 415 417 416
f 321 417 419
f 321 419 322
f 418 420 419
f 418 419 417
f 419 420 324
f 419 324 322
f 324 420 421
f 324 421 325
f 325 421 422
f 325 422 326
f 423 424 422
f 423 422 421
f 326 422 425
f 326 425 327
f 424 426 425
f 424 425 422
f 425 426 328
f 425 328 327
f 328 426 427
f 328 427 329
f 428 429 427
f 428 427 426
f 427 429 331
f 427 331 329
f 331 429 430
f 331 430 332
f 332 430 431
f 332 431 333
f 432 433 431
f 432 431 430
f 431 433 335
f 431 335 333
f 335 433 434
f 335 434 336
f 336 434 435
f 336 435 338
f 338 435 436
f 338 436 340
f 340 436 437
f 340 437 342
f 345 438 439
f 345 439 346
f 346 439 440
f 346 440 348
f 348 440 441
f 348 441 350
f 350 441 442
f 350 442 352
f 352 442 443
f 352 443 354
f 354 443 444
f 354 444 355
f 445 446 444
f 445 444 443
f 357 355 444
f 357 444 446
f 357 446 447
f 357 447 358
f 358 447 448
f 358 448 359
f 449 450 448
f 449 448 447
f 359 448 451
f 359 451 360
f 450 452 451
f 450 451 448
f 362 360 451
f 362 451 452
f 362 452 453
f 362 453 363
f 363 453 454
f 363 454 365
f 454 455 364
f 454 364 365
f 364 455 456
f 364 456 366
f 366 456 457
f 366 457 367
f 457 458 368
f 457 368 367
f 368 458 459
f 368 459 369
f 459 460 371
f 459 371 369
f 371 460 461
f 371 461 372
f 461 462 374
f 461 374 372
f 374 462 463
f 374 463 375
f 375 463 464
f 375 464 376
f 465 466 464
f 465 464 463
f 464 466 377
f 464 377 376
f 377 466 467
f 377 467 378
f 468 469 467
f 468 467 466
f 467 469 379
f 467 379 378
f 379 469 470
f 379 470 380
f 471 472 470
f 471 470 469
f 470 472 382
f 470 382 380
f 382 472 473
f 382 473 383
f 383 473 474
f 383 474 384
f 475 476 474
f 475 474 473
f 474 476 386
f 474 386 384
f 386 476 477
f 386 477 387
f 387 477 478
f 387 478 389
f 389 478 479
f 389 479 391
f 391 479 480
f 391 480 393
f 392 393 480
f 392 480 481
f 392 481 482
f 392 482 394
f 480 483 482
f 480 482 481
f 394 482 484
f 394 484 397
f 397 484 485
f 397 485 399
f 398 399 485
f 398 485 486
f 398 486 487
f 398 487 402
f 401 402 487
f 401 487 488
f 401 488 489
f 401 489 403
f 487 490 489
f 487 489 488
f 403 489 491
f 403 491 406
f 405 406 491
f 405 491 492
f 405 492 493
f 405 493 407
f 407 493 494
f 407 494 410
f 409 410 494
f 409 494 495
f 409 495 496
f 409 496 411
f 411 496 497
f 411 497 414
f 413 414 497
f 413 497 498
f 413 498 499
f 413 499 415
f 497 500 499
f 497 499 498
f 415 499 501
f 415 501 418
f 500 502 501
f 500 501 499
f 418 501 503
f 418 503 420
f 502 504 503
f 502 503 501
f 420 503 505
f 420 505 421
f 504 506 505
f 504 505 503
f 505 506 423
f 505 423 421
f 423 506 507
f 423 507 424
f 424 507 508
f 424 508 426
f 509 510 508
f 509 508 507
f 508 510 428
f 508 428 426
f 428 510 511
f 428 511 429
f 512 513 511
f 512 511 510
f 429 511 514
f 429 514 430
f 513 515 514
f 513 514 511
f 514 515 432
f 514 432 430
f 432 515 516
f 432 516 433
f 517 518 516
f 517 516 515
f 433 516 519
f 433 519 434
f 518 520 519
f 518 519 516
f 434 519 521
f 434 521 435
f 520 522 521
f 520 521 519
f 435 521 523
f 435 523 436
f 522 524 523
f 522 523 521
f 436 523 525
f 436 525 437
f 524 526 525
f 524 525 523
f 438 527 528
f 438 528 439
f 529 530 528
f 529 528 527
f 439 528 531
f 439 531 440
f 530 532 531
f 530 531 528
f 440 531 533
f 440 533 441
f 532 534 533
f 532 533 531
f 441 533 535
f 441 535 442
f 534 536 535
f 534 535 533
f 442 535 537
f 442 537 443
f 536 538 537
f 536 537 535
f 445 443 537
f 445 537 538
f 445 538 539
f 445 539 446
f 446 539 540
f 446 540 447
f 541 542 540
f 541 540 539
f 449 447 540
f 449 540 542
f 449 542 543
f 449 543 450
f 450 543 544
f 450 544 452
f 452 544 545
f 452 545 453
f 453 545 546
f 453 546 454
f 546 547 455
f 546 455 454
f 455 547 548
f 455 548 456
f 546 549 548
f 546 548 547
f 456 548 550
f 456 550 457
f 550 551 458
f 550 458 457
f 458 551 552
f 458 552 459
f 552 553 460
f 552 460 459
f 460 553 554
f 460 554 461
f 554 555 462
f 554 462 461
f 462 555 556
f 462 556 463
f 556 557 465
f 556 465 463
f 465 557 558
f 465 558 466
f 558 559 468
f 558 468 466
f 468 559 560
f 468 560 469
f 560 561 471
f 560 471 469
f 471 561 562
f 471 562 472
f 472 562 563
f 472 563 473
f 564 565 563
f 564 563 562
f 563 565 475
f 563 475 473
f 475 565 566
f 475 566 476
f 476 566 567
f 476 567 477
f 568 569 567
f 568 567 566
f 477 567 570
f 477 570 478
f 569 571 570
f 569 570 567
f 478 570 572
f 478 572 479
f 571 573 572
f 571 572 570
f 479 572 574
f 479 574 480
f 573 575 574
f 573 574 572
f 480 574 576
f 480 576 483
f 482 483 576
f 482 576 577
f 482 577 578
f 482 578 484
f 576 579 578
f 576 578 577
f 484 578 580
f 484 580 485
f 486 485 580
f 486 580 581
f 486 581 582
f 486 582 487
f 580 583 582
f 580 582 581
f 487 582 584
f 487 584 490
f 489 490 584
f 489 584 585
f 489 585 586
f 489 586 491
f 492 491 586
f 492 586 587
f 492 587 588
f 492 588 493
f 586 589 588
f 586 588 587
f 493 588 590
f 493 590 494
f 495 494 590
f 495 590 591
f 495 591 592
f 495 592 496
f 590 593 592
f 590 592 591
f 496 592 594
f 496 594 497
f 497 594 595
f 497 595 500
f 500 595 596
f 500 596 502
f 502 596 597
f 502 597 504
f 504 597 598
f 504 598 506
f 599 600 598
f 599 598 597
f 506 598 601
f 506 601 507
f 600 602 601
f 600 601 598
f 601 602 509
f 601 509 507
f 509 602 603
f 509 603 510
f 604 605 603
f 604 603 602
f 603 605 512
f 603 512 510
f 512 605 606
f 512 606 513
f 513 606 607
f 513 607 515
f 608 609 607
f 608 607 606
f 607 609 517
f 607 517 515
f 517 609 610
f 517 610 518
f 611 612 610
f 611 610 609
f 518 610 613
f 518 613 520
f 612 614 613
f 612 613 610
f 520 613 615
f 520 615 522
f 614 616 615
f 614 615 613
f 522 615 617
f 522 617 524
f 616 618 617
f 616 617 615
f 524 617 619
f 524 619 526
f 618 620 619
f 618 619 617
f 529 621 622
f 529 622 530
f 623 624 622
f 623 622 621
f 530 622 625
f 530 625 532
f 624 626 625
f 624 625 622
f 532 625 627
f 532 627 534
f 626 628 627
f 626 627 625
f 534 627 629
f 534 629 536
f 628 630 629
f 628 629 627
f 536 629 631
f 536 631 538
f 630 632 631
f 630 631 629
f 538 631 633
f 538 633 539
f 632 634 633
f 632 633 631
f 541 539 633
f 541 633 634
f 541 634 635
f 541 635 542
f 542 635 636
f 542 636 543
f 637 638 636
f 637 636 635
f 543 636 639
f 543 639 544
f 638 640 639
f 638 639 636
f 544 639 641
f 544 641 545
f 640 642 641
f 640 641 639
f 545 641 643
f 545 643 546
f 546 643 644
f 546 644 549
f 644 645 548
f 644 548 549
f 548 645 646
f 548 646 550
f 646 647 551
f 646 551 550
f 551 647 648
f 551 648 552
f 648 649 553
f 648 553 552
f 553 649 650
f 553 650 554
f 650 651 555
f 650 555 554
f 555 651 652
f 555 652 556
f 652 653 557
f 652 557 556
f 557 653 654
f 557 654 558
f 654 655 559
f 654 559 558
f 559 655 656
f 559 656 560
f 656 657 561
f 656 561 560
f 561 657 658
f 561 658 562
f 658 659 564
f 658 564 562
f 564 659 660
f 564 660 565
f 565 660 661
f 565 661 566
f 662 663 661
f 662 661 660
f 661 663 568
f 661 568 566
f 568 663 664
f 568 664 569
f 569 664 665
f 569 665 571
f 571 665 666
f 571 666 573
f 573 666 667
f 573 667 575
f 574 575 667
f 574 667 668
f 574 668 669
f 574 669 576
f 667 670 669
f 667 669 668
f 576 669 671
f 576 671 579
f 578 579 671
f 578 671 672
f 578 672 673
f 578 673 580
f 580 673 674
f 580 674 583
f 582 583 674
f 582 674 675
f 582 675 676
f 582 676 584
f 585 584 676
f 585 676 677
f 585 677 678
f 585 678 586
f 586 678 679
f 586 679 589
f 588 589 679
f 588 679 680
f 588 680 681
f 588 681 590
f 590 681 682
f 590 682 593
f 592 593 682
f 592 682 683
f 592 683 684
f 592 684 594
f 682 685 684
f 682 684 683
f 594 684 686
f 594 686 595
f 595 686 687
f 595 687 596
f 596 687 688
f 596 688 597
f 689 690 688
f 689 688 687
f 688 690 599
f 688 599 597
f 599 690 691
f 599 691 600
f 600 691 692
f 600 692 602
f 693 694 692
f 693 692 691
f 692 694 604
f 692 604 602
f 604 694 695
f 604 695 605
f 605 695 696
f 605 696 606
f 697 698 696
f 697 696 695
f 696 698 608
f 696 608 606
f 608 698 699
f 608 699 609
f 700 701 699
f 700 699 698
f 699 701 611
f 699 611 609
f 611 701 702
f 611 702 612
f 612 702 703
f 612 703 614
f 614 703 704
f 614 704 616
f 616 704 705
f 616 705 618
f 618 705 706
f 618 706 620
f 623 707 708
f 623 708 624
f 624 708 709
f 624 709 626
f 626 709 710
f 626 710 628
f 628 710 711
f 628 711 630
f 630 711 712
f 630 712 632
f 632 712 713
f 632 713 634
f 714 715 713
f 714 713 712
f 634 713 716
f 634 716 635
f 715 717 716
f 715 716 713
f 637 635 716
f 637 716 717
f 637 717 718
f 637 718 638
f 638 718 719
f 638 719 640
f 640 719 720
f 640 720 642
f 720 721 641
f 720 641 642
f 641 721 722
f 641 722 643
f 720 723 722
f 720 722 721
f 643 722 724
f 643 724 644
f 724 725 645
f 724 645 644
f 645 725 726
f 645 726 646
f 726 727 647
f 726 647 646
f 647 727 728
f 647 728 648
f 728 729 649
f 728 649 648
f 649 729 730
f 649 730 650
f 730 731 651
f 730 651 650
f 651 731 732
f 651 732 652
f 732 733 653
f 732 653 652
f 653 733 734
f 653 734 654
f 734 735 655
f 734 655 654
f 655 735 736
f 655 736 656
f 736 737 657
f 736 657 656
f 657 737 738
f 657 738 658
f 739 740 738
f 739 738 737
f 738 740 659
f 738 659 658
f 659 740 741
f 659 741 660
f 741 742 662
f 741 662 660
f 662 742 743
f 662 743 663
f 663 743 744
f 663 744 664
f 664 744 745
f 664 745 665
f 665 745 746
f 665 746 666
f 666 746 747
f 666 747 667
f 667 747 748
f 667 748 670
f 669 670 748
f 669 748 749
f 669 749 750
f 669 750 671
f 672 671 750
f 672 750 751
f 672 751 752
f 672 752 673
f 673 752 753
f 673 753 674
f 675 674 753
f 675 753 754
f 675 754 755
f 675 755 676
f 677 676 755
f 677 755 756
f 677 756 757
f 677 757 678
f 678 757 758
f 678 758 679
f 680 679 758
f 680 758 759
f 680 759 760
f 680 760 681
f 681 760 761
f 681 761 682
f 682 761 762
f 682 762 685
f 684 685 762
f 684 762 763
f 684 763 764
f 684 764 686
f 762 765 764
f 762 764 763
f 686 764 766
f 686 766 687
f 765 767 766
f 765 766 764
f 766 767 689
f 766 689 687
f 689 767 768
f 689 768 690
f 690 768 769
f 690 769 691
f 769 770 693
f 769 693 691
f 693 770 771
f 693 771 694
f 694 771 772
f 694 772 695
f 773 774 772
f 773 772 771
f 772 774 697
f 772 697 695
f 697 774 775
f 697 775 698
f 775 776 700
f 775 700 698
f 700 776 777
f 700 777 701
f 701 777 778
f 701 778 702
f 779 780 778
f 779 778 777
f 702 778 781
f 702 781 703
f 780 782 781
f 780 781 778
f 703 781 783
f 703 783 704
f 782 784 783
f 782 783 781
f 704 783 785
f 704 785 705
f 784 786 785
f 784 785 783
f 705 785 787
f 705 787 706
f 786 788 787
f 786 787 785
f 707 789 790
f 707 790 708
f 791 792 790
f 791 790 789
f 708 790 793
f 708 793 709
f 792 794 793
f 792 793 790
f 709 793 795
f 709 795 710
f 794 796 795
f 794 795 793
f 710 795 797
f 710 797 711
f 796 798 797
f 796 797 795
f 711 797 799
f 711 799 712
f 798 800 799
f 798 799 797
f 714 712 799
f 714 799 800
f 714 800 801
f 714 801 715
f 715 801 802
f 715 802 717
f 717 802 803
f 717 803 718
f 804 805 803
f 804 803 802
f 718 803 806
f 718 806 719
f 805 807 806
f 805 806 803
f 719 806 808
f 719 808 720
f 807 809 808
f 807 808 806
f 720 808 810
f 720 810 723
f 810 811 722
f 810 722 723
f 722 811 812
f 722 812 724
f 810 813 812
f 810 812 811
f 812 814 725
f 812 725 724
f 725 814 815
f 725 815 726
f 812 816 815
f 812 815 814
f 815 817 727
f 815 727 726
f 727 817 818
f 727 818 728
f 815 819 818
f 815 818 817
f 818 820 729
f 818 729 728
f 729 820 821
f 729 821 730
f 821 822 731
f 821 731 730
f 731 822 823
f 731 823 732
f 823 824 733
f 823 733 732
f 733 824 825
f 733 825 734
f 825 826 735
f 825 735 734
f 735 826 827
f 735 827 736
f 827 828 739
f 827 739 736
f 739 828 829
f 739 829 740
f 830 831 829
f 830 829 828
f 740 829 832
f 740 832 741
f 832 833 742
f 832 742 741
f 742 833 834
f 742 834 743
f 743 834 835
f 743 835 744
f 744 835 836
f 744 836 745
f 745 836 837
f 745 837 746
f 746 837 838
f 746 838 747
f 747 838 839
f 747 839 748
f 840 841 839
f 840 839 838
f 749 748 839
f 749 839 841
f 749 841 842
f 749 842 750
f 751 750 842
f 751 842 843
f 751 843 844
f 751 844 752
f 752 844 845
f 752 845 753
f 846 847 845
f 846 845 844
f 754 753 845
f 754 845 847
f 754 847 848
f 754 848 755
f 756 755 848
f 756 848 849
f 756 849 850
f 756 850 757
f 757 850 851
f 757 851 758
f 759 758 851
f 759 851 852
f 759 852 853
f 759 853 760
f 760 853 854
f 760 854 761
f 761 854 855
f 761 855 762
f 762 855 856
f 762 856 765
f 765 856 857
f 765 857 767
f 767 857 858
f 767 858 768
f 768 858 859
f 768 859 769
f 860 861 859
f 860 859 858
f 859 861 770
f 859 770 769
f 770 861 862
f 770 862 771
f 862 863 773
f 862 773 771
f 773 863 864
f 773 864 774
f 774 864 865
f 774 865 775
f 866 867 865
f 866 865 864
f 865 867 776
f 865 776 775
f 776 867 868
f 776 868 777
f 868 869 779
f 868 779 777
f 779 869 870
f 779 870 780
f 780 870 871
f 780 871 782
f 782 871 872
f 782 872 784
f 784 872 873
f 784 873 786
f 786 873 874
f 786 874 788
f 791 875 876
f 791 876 792
f 792 876 877
f 792 877 794
f 794 877 878
f 794 878 796
f 796 878 879
f 796 879 798
f 798 879 880
f 798 880 800
f 800 880 881
f 800 881 801
f 882 883 881
f 882 881 880
f 801 881 884
f 801 884 802
f 883 885 884
f 883 884 881
f 804 802 884
f 804 884 885
f 804 885 886
f 804 886 805
f 805 886 887
f 805 887 807
f 807 887 888
f 807 888 809
f 888 889 808
f 888 808 809
f 808 889 890
f 808 890 810
f 888 891 890
f 888 890 889
f 810 890 892
f 810 892 813
f 892 893 812
f 892 812 813
f 812 893 894
f 812 894 816
f 894 895 815
f 894 815 816
f 815 895 896
f 815 896 819
f 896 897 820
f 896 820 819
f 820 897 898
f 820 898 821
f 899 900 898
f 899 898 897
f 898 901 822
f 898 822 821
f 822 901 902
f 822 902 823
f 898 903 902
f 898 902 901
f 902 904 824
f 902 824 823
f 824 904 905
f 824 905 825
f 905 906 826
f 905 826 825
f 826 906 907
f 826 907 827
f 907 908 830
f 907 830 827
f 830 908 909
f 830 909 831
f 909 910 829
f 909 829 831
f 829 910 911
f 829 911 832
f 911 912 833
f 911 833 832
f 833 912 913
f 833 913 834
f 911 914 913
f 911 913 912
f 834 913 915
f 834 915 835
f 835 915 916
f 835 916 836
f 836 916 917
f 836 917 837
f 837 917 918
f 837 918 838
f 919 920 918
f 919 918 917
f 840 838 918
f 840 918 920
f 840 920 921
f 840 921 841
f 841 921 922
f 841 922 842
f 923 924 922
f 923 922 921
f 843 842 922
f 843 922 924
f 843 924 925
f 843 925 844
f 846 844 925
f 846 925 926
f 846 926 927
f 846 927 847
f 847 927 928
f 847 928 848
f 929 930 928
f 929 928 927
f 849 848 928
f 849 928 930
f 849 930 931
f 849 931 850
f 850 931 932
f 850 932 851
f 933 934 932
f 933 932 931
f 852 851 932
f 852 932 934
f 852 934 935
f 852 935 853
f 853 935 936
f 853 936 854
f 937 938 936
f 937 936 935
f 854 936 939
f 854 939 855
f 938 940 939
f 938 939 936
f 855 939 941
f 855 941 856
f 940 942 941
f 940 941 939
f 856 941 943
f 856 943 857
f 857 943 944
f 857 944 858
f 944 945 860
f 944 860 858
f 860 945 946
f 860 946 861
f 861 946 947
f 861 947 862
f 947 948 863
f 947 863 862
f 863 948 949
f 863 949 864
f 949 950 866
f 949 866 864
f 866 950 951
f 866 951 867
f 867 951 952
f 867 952 868
f 952 953 869
f 952 869 868
f 869 953 954
f 869 954 870
f 870 954 955
f 870 955 871
f 871 955 956
f 871 956 872
f 872 956 957
f 872 957 873
f 873 957 958
f 873 958 874
f 875 959 960
f 875 960 876
f 961 962 960
f 961 960 959
f 876 960 963
f 876 963 877
f 962 964 963
f 962 963 960
f 877 963 965
f 877 965 878
f 964 966 965
f 964 965 963
f 878 965 967
f 878 967 879
f 966 968 967
f 966 967 965
f 879 967 969
f 879 969 880
f 968 970 969
f 968 969 967
f 882 880 969
f 882 969 970
f 882 970 971
f 882 971 883
f 883 971 972
f 883 972 885
f 885 972 973
f 885 973 886
f 974 975 973
f 974 973 972
f 886 973 976
f 886 976 887
f 975 977 976
f 975 976 973
f 887 976 978
f 887 978 888
f 888 978 979
f 888 979 891
f 979 980 890
f 979 890 891
f 890 980 981
f 890 981 892
f 979 982 981
f 979 981 980
f 981 983 893
f 981 893 892
f 893 983 984
f 893 984 894
f 981 985 984
f 981 984 983
f 984 986 895
f 984 895 894
f 895 986 987
f 895 987 896
f 984 988 987
f 984 987 986
f 987 989 899
f 987 899 896
f 899 989 990
f 899 990 900
f 990 991 898
f 990 898 900
f 898 991 992
f 898 992 903
f 992 993 904
f 992 904 903
f 904 993 994
f 904 994 905
f 995 996 994
f 995 994 993
f 994 997 906
f 994 906 905
f 906 997 998
f 906 998 907
f 994 999 998
f 994 998 997
f 998 1000 908
f 998 908 907
f 908 1000 1001
f 908 1001 909
f 998 1002 1001
f 998 1001 1000
f 1001 1003 910
f 1001 910 909
f 910 1003 1004
f 910 1004 911
f 1001 1005 1004
f 1001 1004 1003
f 911 1004 1006
f 911 1006 914
f 1006 1007 913
f 1006 913 914
f 913 1007 1008
f 913 1008 915
f 1006 1009 1008
f 1006 1008 1007
f 915 1008 1010
f 915 1010 916
f 1009 1011 1010
f 1009 1010 1008
f 916 1010 1012
f 916 1012 917
f 1011 1013 1012
f 1011 1012 1010
f 919 917 1012
f 919 1012 1013
f 919 1013 1014
f 919 1014 920
f 920 1014 1015
f 920 1015 921
f 1016 1017 1015
f 1016 1015 1014
f 923 921 1015
f 923 1015 1017
f 923 1017 1018
f 923 1018 924
f 924 1018 1019
f 924 1019 925
f 1020 1021 1019
f 1020 1019 1018
f 926 925 1019
f 926 1019 1021
f 926 1021 1022
f 926 1022 927
f 1023 1024 1022
f 1023 1022 1021
f 929 927 1022
f 929 1022 1024
f 929 1024 1025
f 929 1025 930
f 930 1025 1026
f 930 1026 931
f 1027 1028 1026
f 1027 1026 1025
f 933 931 1026
f 933 1026 1028
f 933 1028 1029
f 933 1029 934
f 934 1029 1030
f 934 1030 935
f 1031 1032 1030
f 1031 1030 1029
f 937 935 1030
f 937 1030 1032
f 937 1032 1033
f 937 1033 938
f 938 1033 1034
f 938 1034 940
f 940 1034 1035
f 940 1035 942
f 1035 1036 941
f 1035 941 942
f 941 1036 1037
f 941 1037 943
f 1035 1038 1037
f 1035 1037 1036
f 943 1037 1039
f 943 1039 944
f 1039 1040 945
f 1039 945 944
f 945 1040 1041
f 945 1041 946
f 1039 1042 1041
f 1039 1041 1040
f 946 1041 1043
f 946 1043 947
f 1043 1044 948
f 1043 948 947
f 948 1044 1045
f 948 1045 949
f 1045 1046 950
f 1045 950 949
f 950 1046 1047
f 950 1047 951
f 1045 1048 1047
f 1045 1047 1046
f 951 1047 1049
f 951 1049 952
f 1049 1050 953
f 1049 953 952
f 953 1050 1051
f 953 1051 954
f 954 1051 1052
f 954 1052 955
f 955 1052 1053
f 955 1053 956
f 956 1053 1054
f 956 1054 957
f 957 1054 1055
f 957 1055 958
f 961 1056 1057
f 961 1057 962
f 962 1057 1058
f 962 1058 964
f 964 1058 1059
f 964 1059 966
f 966 1059 1060
f 966 1060 968
f 968 1060 1061
f 968 1061 970
f 970 1061 1062
f 970 1062 971
f 971 1062 1063
f 971 1063 972
f 1064 1065 1063
f 1064 1063 1062
f 974 972 1063
f 974 1063 1065
f 974 1065 1066
f 974 1066 975
f 975 1066 1067
f 975 1067 977
f 1067 1068 976
f 1067 976 977
f 976 1068 1069
f 976 1069 978
f 1067 1070 1069
f 1067 1069 1068
f 978 1069 1071
f 978 1071 979
f 1070 1072 1071
f 1070 1071 1069
f 979 1071 1073
f 979 1073 982
f 1073 1074 981
f 1073 981 982
f 981 1074 1075
f 981 1075 985
f 1075 1076 984
f 1075 984 985
f 984 1076 1077
f 984 1077 988
f 1077 1078 989
f 1077 989 988
f 989 1078 1079
f 989 1079 990
f 1080 1081 1079
f 1080 1079 1078
f 1079 1082 991
f 1079 991 990
f 991 1082 1083
f 991 1083 992
f 1079 1084 1083
f 1079 1083 1082
f 1083 1085 995
f 1083 995 992
f 995 1085 1086
f 995 1086 996
f 1083 1087 1086
f 1083 1086 1085
f 1086 1088 994
f 1086 994 996
f 994 1088 1089
f 994 1089 999
f 1089 1090 998
f 1089 998 999
f 998 1090 1091
f 998 1091 1002
f 1091 1092 1001
f 1091 1001 1002
f 1001 1092 1093
f 1001 1093 1005
f 1091 1094 1093
f 1091 1093 1092
f 1093 1095 1004
f 1093 1004 1005
f 1004 1095 1096
f 1004 1096 1006
f 1093 1097 1096
f 1093 1096 1095
f 1006 1096 1098
f 1006 1098 1009
f 1097 1099 1098
f 1097 1098 1096
f 1009 1098 1100
f 1009 1100 1011
f 1099 1101 1100
f 1099 1100 1098
f 1011 1100 1102
f 1011 1102 1013
f 1101 1103 1102
f 1101 1102 1100
f 1013 1102 1104
f 1013 1104 1014
f 1103 1105 1104
f 1103 1104 1102
f 1016 1014 1104
f 1016 1104 1105
f 1016 1105 1106
f 1016 1106 1017
f 1107 1108 1106
f 1107 1106 1105
f 1017 1106 1109
f 1017 1109 1018
f 1108 1110 1109
f 1108 1109 1106
f 1020 1018 1109
f 1020 1109 1110
f 1020 1110 1111
f 1020 1111 1021
f 1112 1113 1111
f 1112 1111 1110
f 1023 1021 1111
f 1023 1111 1113
f 1023 1113 1114
f 1023 1114 1024
f 1024 1114 1115
f 1024 1115 1025
f 1116 1117 1115
f 1116 1115 1114
f 1027 1025 1115
f 1027 1115 1117
f 1027 1117 1118
f 1027 1118 1028
f 1028 1118 1119
f 1028 1119 1029
f 1120 1121 1119
f 1120 1119 1118
f 1031 1029 1119
f 1031 1119 1121
f 1031 1121 1122
f 1031 1122 1032
f 1032 1122 1123
f 1032 1123 1033
f 1033 1123 1124
f 1033 1124 1034
f 1034 1124 1125
f 1034 1125 1035
f 1035 1125 1126
f 1035 1126 1038
f 1126 1127 1037
f 1126 1037 1038
f 1037 1127 1128
f 1037 1128 1039
f 1126 1129 1128
f 1126 1128 1127
f 1039 1128 1130
f 1039 1130 1042
f 1130 1131 1041
f 1130 1041 1042
f 1041 1131 1132
f 1041 1132 1043
f 1132 1133 1044
f 1132 1044 1043
f 1044 1133 1134
f 1044 1134 1045
f 1132 1135 1134
f 1132 1134 1133
f 1045 1134 1136
f 1045 1136 1048
f 1136 1137 1047
f 1136 1047 1048
f 1047 1137 1138
f 1047 1138 1049
f 1138 1139 1050
f 1138 1050 1049
f 1050 1139 1140
f 1050 1140 1051
f 1138 1141 1140
f 1138 1140 1139
f 1051 1140 1142
f 1051 1142 1052
f 1052 1142 1143
f 1052 1143 1053
f 1053 1143 1144
f 1053 1144 1054
f 1054 1144 1145
f 1054 1145 1055
f 1056 1146 1147
f 1056 1147 1057
f 1057 1147 1148
f 1057 1148 1058
f 1058 1148 1149
f 1058 1149 1059
f 1059 1149 1150
f 1059 1150 1060
f 1060 1150 1151
f 1060 1151 1061
f 1061 1151 1152
f 1061 1152 1062
f 1064 1062 1152
f 1064 1152 1153
f 1064 1153 1154
f 1064 1154 1065
f 1065 1154 1155
f 1065 1155 1066
f 1066 1155 1156
f 1066 1156 1067
f 1067 1156 1157
f 1067 1157 1070
f 1070 1157 1158
f 1070 1158 1072
f 1158 1159 1071
f 1158 1071 1072
f 1071 1159 1160
f 1071 1160 1073
f 1158 1161 1160
f 1158 1160 1159
f 1160 1162 1074
f 1160 1074 1073
f 1074 1162 1163
f 1074 1163 1075
f 1160 1164 1163
f 1160 1163 1162
f 1163 1165 1076
f 1163 1076 1075
f 1076 1165 1166
f 1076 1166 1077
f 1163 1167 1166
f 1163 1166 1165
f 1166 1168 1080
f 1166 1080 1077
f 1080 1168 1169
f 1080 1169 1081
f 1166 1170 1169
f 1166 1169 1168
f 1169 1171 1079
f 1169 1079 1081
f 1079 1171 1172
f 1079 1172 1084
f 1169 1173 1172
f 1169 1172 1171
f 1172 1174 1083
f 1172 1083 1084
f 1083 1174 1175
f 1083 1175 1087
f 1175 1176 1088
f 1175 1088 1087
f 1088 1176 1177
f 1088 1177 1089
f 1178 1179 1177
f 1178 1177 1176
f 1177 1180 1090
f 1177 1090 1089
f 1090 1180 1181
f 1090 1181 1091
f 1177 1182 1181
f 1177 1181 1180
f 1091 1181 1183
f 1091 1183 1094
f 1183 1184 1093
f 1183 1093 1094
f 1093 1184 1185
f 1093 1185 1097
f 1183 1186 1185
f 1183 1185 1184
f 1097 1185 1187
f 1097 1187 1099
f 1186 1188 1187
f 1186 1187 1185
f 1099 1187 1189
f 1099 1189 1101
f 1101 1189 1190
f 1101 1190 1103
f 1191 1192 1190
f 1191 1190 1189
f 1103 1190 1193
f 1103 1193 1105
f 1192 1194 1193
f 1192 1193 1190
f 1107 1105 1193
f 1107 1193 1194
f 1107 1194 1195
f 1107 1195 1108
f 1108 1195 1196
f 1108 1196 1110
f 1197 1198 1196
f 1197 1196 1195
f 1112 1110 1196
f 1112 1196 1198
f 1112 1198 1199
f 1112 1199 1113
f 1113 1199 1200
f 1113 1200 1114
f 1201 1202 1200
f 1201 1200 1199
f 1116 1114 1200
f 1116 1200 1202
f 1116 1202 1203
f 1116 1203 1117
f 1204 1205 1203
f 1204 1203 1202
f 1117 1203 1206
f 1117 1206 1118
f 1205 1207 1206
f 1205 1206 1203
f 1120 1118 1206
f 1120 1206 1207
f 1120 1207 1208
f 1120 1208 1121
f 1121 1208 1209
f 1121 1209 1122
f 1210 1211 1209
f 1210 1209 1208
f 1122 1209 1212
f 1122 1212 1123
f 1211 1213 1212
f 1211 1212 1209
f 1123 1212 1214
f 1123 1214 1124
f 1213 1215 1214
f 1213 1214 1212
f 1124 1214 1216
f 1124 1216 1125
f 1215 1217 1216
f 1215 1216 1214
f 1125 1216 1218
f 1125 1218 1126
f 1126 1218 1219
f 1126 1219 1129
f 1219 1220 1128
f 1219 1128 1129
f 1128 1220 1221
f 1128 1221 1130
f 1219 1222 1221
f 1219 1221 1220
f 1221 1223 1131
f 1221 1131 1130
f 1131 1223 1224
f 1131 1224 1132
f 1221 1225 1224
f 1221 1224 1223
f 1132 1224 1226
f 1132 1226 1135
f 1226 1227 1134
f 1226 1134 1135
f 1134 1227 1228
f 1134 1228 1136
f 1228 1229 1137
f 1228 1137 1136
f 1137 1229 1230
f 1137 1230 1138
f 1228 1231 1230
f 1228 1230 1229
f 1138 1230 1232
f 1138 1232 1141
f 1232 1233 1140
f 1232 1140 1141
f 1140 1233 1234
f 1140 1234 1142
f 1232 1235 1234
f 1232 1234 1233
f 1142 1234 1236
f 1142 1236 1143
f 1235 1237 1236
f 1235 1236 1234
f 1143 1236 1238
f 1143 1238 1144
f 1237 1239 1238
f 1237 1238 1236
f 1144 1238 1240
f 1144 1240 1145
f 1239 1241 1240
f 1239 1240 1238
f 1146 1242 1243
f 1146 1243 1147
f 1147 1243 1244
f 1147 1244 1148
f 1148 1244 1245
f 1148 1245 1149
f 1149 1245 1246
f 1149 1246 1150
f 1150 1246 1247
f 1150 1247 1151
f 1151 1247 1248
f 1151 1248 1152
f 1249 1250 1248
f 1249 1248 1247
f 1153 1152 1248
f 1153 1248 1250
f 1153 1250 1251
f 1153 1251 1154
f 1154 1251 1252
f 1154 1252 1155
f 1155 1252 1253
f 1155 1253 1156
f 1254 1255 1253
f 1254 1253 1252
f 1156 1253 1256
f 1156 1256 1157
f 1255 1257 1256
f 1255 1256 1253
f 1157 1256 1258
f 1157 1258 1158
f 1257 1259 1258
f 1257 1258 1256
f 1158 1258 1260
f 1158 1260 1161
f 1260 1261 1160
f 1260 1160 1161
f 1160 1261 1262
f 1160 1262 1164
f 1262 1263 1163
f 1262 1163 1164
f 1163 1263 1264
f 1163 1264 1167
f 1262 1265 1264
f 1262 1264 1263
f 1264 1266 1166
f 1264 1166 1167
f 1166 1266 1267
f 1166 1267 1170
f 1267 1268 1169
f 1267 1169 1170
f 1169 1268 1269
f 1169 1269 1173
f 1269 1270 1174
f 1269 1174 1173
f 1174 1270 1271
f 1174 1271 1175
f 1272 1273 1271
f 1272 1271 1270
f 1271 1274 1178
f 1271 1178 1175
f 1178 1274 1275
f 1178 1275 1179
f 1271 1276 1275
f 1271 1275 1274
f 1275 1277 1177
f 1275 1177 1179
f 1177 1277 1278
f 1177 1278 1182
f 1275 1279 1278
f 1275 1278 1277
f 1278 1280 1181
f 1278 1181 1182
f 1181 1280 1281
f 1181 1281 1183
f 1278 1282 1281
f 1278 1281 1280
f 1183 1281 1283
f 1183 1283 1186
f 1282 1284 1283
f 1282 1283 1281
f 1186 1283 1285
f 1186 1285 1188
f 1285 1286 1187
f 1285 1187 1188
f 1187 1286 1287
f 1187 1287 1189
f 1285 1288 1287
f 1285 1287 1286
f 1191 1189 1287
f 1191 1287 1288
f 1191 1288 1289
f 1191 1289 1192
f 1192 1289 1290
f 1192 1290 1194
f 1291 1292 1290
f 1291 1290 1289
f 1194 1290 1293
f 1194 1293 1195
f 1292 1294 1293
f 1292 1293 1290
f 1197 1195 1293
f 1197 1293 1294
f 1197 1294 1295
f 1197 1295 1198
f 1296 1297 1295
f 1296 1295 1294
f 1198 1295 1298
f 1198 1298 1199
f 1297 1299 1298
f 1297 1298 1295
f 1201 1199 1298
f 1201 1298 1299
f 1201 1299 1300
f 1201 1300 1202
f 1301 1302 1300
f 1301 1300 1299
f 1204 1202 1300
f 1204 1300 1302
f 1204 1302 1303
f 1204 1303 1205
f 1205 1303 1304
f 1205 1304 1207
f 1305 1306 1304
f 1305 1304 1303
f 1207 1304 1307
f 1207 1307 1208
f 1306 1308 1307
f 1306 1307 1304
f 1210 1208 1307
f 1210 1307 1308
f 1210 1308 1309
f 1210 1309 1211
f 1211 1309 1310
f 1211 1310 1213
f 1213 1310 1311
f 1213 1311 1215
f 1215 1311 1312
f 1215 1312 1217
f 1312 1313 1216
f 1312 1216 1217
f 1216 1313 1314
f 1216 1314 1218
f 1312 1315 1314
f 1312 1314 1313
f 1218 1314 1316
f 1218 1316 1219
f 1315 1317 1316
f 1315 1316 1314
f 1219 1316 1318
f 1219 1318 1222
f 1318 1319 1221
f 1318 1221 1222
f 1221 1319 1320
f 1221 1320 1225
f 1320 1321 1224
f 1320 1224 1225
f 1224 1321 1322
f 1224 1322 1226
f 1320 1323 1322
f 1320 1322 1321
f 1322 1324 1227
f 1322 1227 1226
f 1227 1324 1325
f 1227 1325 1228
f 1322 1326 1325
f 1322 1325 1324
f 1228 1325 1327
f 1228 1327 1231
f 1327 1328 1230
f 1327 1230 1231
f 1230 1328 1329
f 1230 1329 1232
f 1327 1330 1329
f 1327 1329 1328
f 1232 1329 1331
f 1232 1331 1235
f 1235 1331 1332
f 1235 1332 1237
f 1237 1332 1333
f 1237 1333 1239
f 1239 1333 1334
f 1239 1334 1241
f 1242 1335 1336
f 1242 1336 1243
f 1243 1336 1337
f 1243 1337 1244
f 1244 1337 1338
f 1244 1338 1245
f 1245 1338 1339
f 1245 1339 1246
f 1246 1339 1340
f 1246 1340 1247
f 1249 1247 1340
f 1249 1340 1341
f 1249 1341 1342
f 1249 1342 1250
f 1250 1342 1343
f 1250 1343 1251
f 1251 1343 1344
f 1251 1344 1252
f 1345 1346 1344
f 1345 1344 1343
f 1254 1252 1344
f 1254 1344 1346
f 1254 1346 1347
f 1254 1347 1255
f 1255 1347 1348
f 1255 1348 1257
f 1257 1348 1349
f 1257 1349 1259
f 1349 1350 1258
f 1349 1258 1259
f 1258 1350 1351
f 1258 1351 1260
f 1349 1352 1351
f 1349 1351 1350
f 1351 1353 1261
f 1351 1261 1260
f 1261 1353 1354
f 1261 1354 1262
f 1351 1355 1354
f 1351 1354 1353
f 1262 1354 1356
f 1262 1356 1265
f 1356 1357 1266
f 1356 1266 1265
f 1266 1357 1358
f 1266 1358 1267
f 1359 1360 1358
f 1359 1358 1357
f 1358 1361 1268
f 1358 1268 1267
f 1268 1361 1362
f 1268 1362 1269
f 1358 1363 1362
f 1358 1362 1361
f 1362 1364 1272
f 1362 1272 1269
f 1272 1364 1365
f 1272 1365 1273
f 1362 1366 1365
f 1362 1365 1364
f 1365 1367 1271
f 1365 1271 1273
f 1271 1367 1368
f 1271 1368 1276
f 1365 1369 1368
f 1365 1368 1367
f 1368 1370 1275
f 1368 1275 1276
f 1275 1370 1371
f 1275 1371 1279
f 1368 1372 1371
f 1368 1371 1370
f 1371 1373 1278
f 1371 1278 1279
f 1278 1373 1374
f 1278 1374 1282
f 1371 1375 1374
f 1371 1374 1373
f 1282 1374 1376
f 1282 1376 1284
f 1375 1377 1376
f 1375 1376 1374
f 1376 1378 1283
f 1376 1283 1284
f 1283 1378 1379
f 1283 1379 1285
f 1376 1380 1379
f 1376 1379 1378
f 1285 1379 1381
f 1285 1381 1288
f 1380 1382 1381
f 1380 1381 1379
f 1288 1381 1383
f 1288 1383 1289
f 1382 1384 1383
f 1382 1383 1381
f 1291 1289 1383
f 1291 1383 1384
f 1291 1384 1385
f 1291 1385 1292
f 1386 1387 1385
f 1386 1385 1384
f 1292 1385 1388
f 1292 1388 1294
f 1387 1389 1388
f 1387 1388 1385
f 1296 1294 1388
f 1296 1388 1389
f 1296 1389 1390
f 1296 1390 1297
f 1297 1390 1391
f 1297 1391 1299
f 1392 1393 1391
f 1392 1391 1390
f 1301 1299 1391
f 1301 1391 1393
f 1301 1393 1394
f 1301 1394 1302
f 1302 1394 1395
f 1302 1395 1303
f 1396 1397 1395
f 1396 1395 1394
f 1305 1303 1395
f 1305 1395 1397
f 1305 1397 1398
f 1305 1398 1306
f 1306 1398 1399
f 1306 1399 1308
f 1308 1399 1400
f 1308 1400 1309
f 1401 1402 1400
f 1401 1400 1399
f 1309 1400 1403
f 1309 1403 1310
f 1402 1404 1403
f 1402 1403 1400
f 1310 1403 1405
f 1310 1405 1311
f 1404 1406 1405
f 1404 1405 1403
f 1311 1405 1407
f 1311 1407 1312
f 1406 1408 1407
f 1406 1407 1405
f 1312 1407 1409
f 1312 1409 1315
f 1315 1409 1410
f 1315 1410 1317
f 1410 1411 1316
f 1410 1316 1317
f 1316 1411 1412
f 1316 1412 1318
f 1410 1413 1412
f 1410 1412 1411
f 1412 1414 1319
f 1412 1319 1318
f 1319 1414 1415
f 1319 1415 1320
f 1412 1416 1415
f 1412 1415 1414
f 1320 1415 1417
f 1320 1417 1323
f 1416 1418 1417
f 1416 1417 1415
f 1417 1419 1322
f 1417 1322 1323
f 1322 1419 1420
f 1322 1420 1326
f 1417 1421 1420
f 1417 1420 1419
f 1420 1422 1325
f 1420 1325 1326
f 1325 1422 1423
f 1325 1423 1327
f 1420 1424 1423
f 1420 1423 1422
f 1327 1423 1425
f 1327 1425 1330
f 1425 1426 1329
f 1425 1329 1330
f 1329 1426 1427
f 1329 1427 1331
f 1425 1428 1427
f 1425 1427 1426
f 1331 1427 1429
f 1331 1429 1332
f 1428 1430 1429
f 1428 1429 1427
f 1332 1429 1431
f 1332 1431 1333
f 1430 1432 1431
f 1430 1431 1429
f 1333 1431 1433
f 1333 1433 1334
f 1432 1434 1433
f 1432 1433 1431
f 1335 1435 1436
f 1335 1436 1336
f 1336 1436 1437
f 1336 1437 1337
f 1337 1437 1438
f 1337 1438 1338
f 1338 1438 1439
f 1338 1439 1339
f 1339 1439 1440
f 1339 1440 1340
f 1341 1340 1440
f 1341 1440 1441
f 1341 1441 1442
f 1341 1442 1342
f 1342 1442 1443
f 1342 1443 1343
f 1345 1343 1443
f 1345 1443 1444
f 1345 1444 1445
f 1345 1445 1346
f 1346 1445 1446
f 1346 1446 1347
f 1347 1446 1447
f 1347 1447 1348
f 1348 1447 1448
f 1348 1448 1349
f 1349 1448 1449
f 1349 1449 1352
f 1449 1450 1351
f 1449 1351 1352
f 1351 1450 1451
f 1351 1451 1355
f 1451 1452 1354
f 1451 1354 1355
f 1354 1452 1453
f 1354 1453 1356
f 1451 1454 1453
f 1451 1453 1452
f 1453 1455 1359
f 1453 1359 1356
f 1359 1455 1456
f 1359 1456 1360
f 1453 1457 1456
f 1453 1456 1455
f 1456 1458 1358
f 1456 1358 1360
f 1358 1458 1459
f 1358 1459 1363
f 1459 1460 1362
f 1459 1362 1363
f 1362 1460 1461
f 1362 1461 1366
f 1461 1462 1365
f 1461 1365 1366
f 1365 1462 1463
f 1365 1463 1369
f 1463 1464 1368
f 1463 1368 1369
f 1368 1464 1465
f 1368 1465 1372
f 1465 1466 1371
f 1465 1371 1372
f 1371 1466 1467
f 1371 1467 1375
f 1465 1468 1467
f 1465 1467 1466
f 1375 1467 1469
f 1375 1469 1377
f 1469 1470 1376
f 1469 1376 1377
f 1376 1470 1471
f 1376 1471 1380
f 1469 1472 1471
f 1469 1471 1470
f 1380 1471 1473
f 1380 1473 1382
f 1472 1474 1473
f 1472 1473 1471
f 1382 1473 1475
f 1382 1475 1384
f 1474 1476 1475
f 1474 1475 1473
f 1386 1384 1475
f 1386 1475 1476
f 1386 1476 1477
f 1386 1477 1387
f 1387 1477 1478
f 1387 1478 1389
f 1479 1480 1478
f 1479 1478 1477
f 1389 1478 1481
f 1389 1481 1390
f 1480 1482 1481
f 1480 1481 1478
f 1392 1390 1481
f 1392 1481 1482
f 1392 1482 1483
f 1392 1483 1393
f 1393 1483 1484
f 1393 1484 1394
f 1485 1486 1484
f 1485 1484 1483
f 1396 1394 1484
f 1396 1484 1486
f 1396 1486 1487
f 1396 1487 1397
f 1397 1487 1488
f 1397 1488 1398
f 1398 1488 1489
f 1398 1489 1399
f 1490 1491 1489
f 1490 1489 1488
f 1401 1399 1489
f 1401 1489 1491
f 1401 1491 1492
f 1401 1492 1402
f 1402 1492 1493
f 1402 1493 1404
f 1404 1493 1494
f 1404 1494 1406
f 1406 1494 1495
f 1406 1495 1408
f 1495 1496 1407
f 1495 1407 1408
f 1407 1496 1497
f 1407 1497 1409
f 1495 1498 1497
f 1495 1497 1496
f 1409 1497 1499
f 1409 1499 1410
f 1498 1500 1499
f 1498 1499 1497
f 1410 1499 1501
f 1410 1501 1413
f 1501 1502 1412
f 1501 1412 1413
f 1412 1502 1503
f 1412 1503 1416
f 1501 1504 1503
f 1501 1503 1502
f 1416 1503 1505
f 1416 1505 1418
f 1505 1506 1417
f 1505 1417 1418
f 1417 1506 1507
f 1417 1507 1421
f 1505 1508 1507
f 1505 1507 1506
f 1507 1509 1420
f 1507 1420 1421
f 1420 1509 1510
f 1420 1510 1424
f 1507 1511 1510
f 1507 1510 1509
f 1510 1512 1423
f 1510 1423 1424
f 1423 1512 1513
f 1423 1513 1425
f 1510 1514 1513
f 1510 1513 1512
f 1425 1513 1515
f 1425 1515 1428
f 1514 1516 1515
f 1514 1515 1513
f 1428 1515 1517
f 1428 1517 1430
f 1516 1518 1517
f 1516 1517 1515
f 1430 1517 1519
f 1430 1519 1432
f 1518 1520 1519
f 1518 1519 1517
f 1432 1519 1521
f 1432 1521 1434
f 1520 1522 1521
f 1520 1521 1519
f 1435 1523 1524
f 1435 1524 1436
f 1436 1524 1525
f 1436 1525 1437
f 1437 1525 1526
f 1437 1526 1438
f 1438 1526 1527
f 1438 1527 1439
f 1439 1527 1528
f 1439 1528 1440
f 1441 1440 1528
f 1441 1528 1529
f 1441 1529 1530
f 1441 1530 1442
f 1442 1530 1531
f 1442 1531 1443
f 1532 1533 1531
f 1532 1531 1530
f 1444 1443 1531
f 1444 1531 1533
f 1444 1533 1534
f 1444 1534 1445
f 1445 1534 1535
f 1445 1535 1446
f 1446 1535 1536
f 1446 1536 1447
f 1537 1538 1536
f 1537 1536 1535
f 1447 1536 1539
f 1447 1539 1448
f 1538 1540 1539
f 1538 1539 1536
f 1448 1539 1541
f 1448 1541 1449
f 1541 1542 1450
f 1541 1450 1449
f 1450 1542 1543
f 1450 1543 1451
f 1541 1544 1543
f 1541 1543 1542
f 1451 1543 1545
f 1451 1545 1454
f 1545 1546 1453
f 1545 1453 1454
f 1453 1546 1547
f 1453 1547 1457
f 1547 1548 1458
f 1547 1458 1457
f 1458 1548 1549
f 1458 1549 1459
f 1550 1551 1549
f 1550 1549 1548
f 1549 1552 1460
f 1549 1460 1459
f 1460 1552 1553
f 1460 1553 1461
f 1549 1554 1553
f 1549 1553 1552
f 1553 1555 1462
f 1553 1462 1461
f 1462 1555 1556
f 1462 1556 1463
f 1553 1557 1556
f 1553 1556 1555
f 1556 1558 1464
f 1556 1464 1463
f 1464 1558 1559
f 1464 1559 1465
f 1556 1560 1559
f 1556 1559 1558
f 1465 1559 1561
f 1465 1561 1468
f 1561 1562 1467
f 1561 1467 1468
f 1467 1562 1563
f 1467 1563 1469
f 1561 1564 1563
f 1561 1563 1562
f 1469 1563 1565
f 1469 1565 1472
f 1564 1566 1565
f 1564 1565 1563
f 1472 1565 1567
f 1472 1567 1474
f 1566 1568 1567
f 1566 1567 1565
f 1474 1567 1569
f 1474 1569 1476
f 1568 1570 1569
f 1568 1569 1567
f 1476 1569 1571
f 1476 1571 1477
f 1570 1572 1571
f 1570 1571 1569
f 1479 1477 1571
f 1479 1571 1572
f 1479 1572 1573
f 1479 1573 1480
f 1480 1573 1574
f 1480 1574 1482
f 1482 1574 1575
f 1482 1575 1483
f 1576 1577 1575
f 1576 1575 1574
f 1485 1483 1575
f 1485 1575 1577
f 1485 1577 1578
f 1485 1578 1486
f 1486 1578 1579
f 1486 1579 1487
f 1487 1579 1580
f 1487 1580 1488
f 1581 1582 1580
f 1581 1580 1579
f 1490 1488 1580
f 1490 1580 1582
f 1490 1582 1583
f 1490 1583 1491
f 1491 1583 1584
f 1491 1584 1492
f 1492 1584 1585
f 1492 1585 1493
f 1493 1585 1586
f 1493 1586 1494
f 1494 1586 1587
f 1494 1587 1495
f 1495 1587 1588
f 1495 1588 1498
f 1498 1588 1589
f 1498 1589 1500
f 1589 1590 1499
f 1589 1499 1500
f 1499 1590 1591
f 1499 1591 1501
f 1589 1592 1591
f 1589 1591 1590
f 1501 1591 1593
f 1501 1593 1504
f 1593 1594 1503
f 1593 1503 1504
f 1503 1594 1595
f 1503 1595 1505
f 1593 1596 1595
f 1593 1595 1594
f 1505 1595 1597
f 1505 1597 1508
f 1597 1598 1507
f 1597 1507 1508
f 1507 1598 1599
f 1507 1599 1511
f 1597 1600 1599
f 1597 1599 1598
f 1599 1601 1510
f 1599 1510 1511
f 1510 1601 1602
f 1510 1602 1514
f 1599 1603 1602
f 1599 1602 1601
f 1514 1602 1604
f 1514 1604 1516
f 1603 1605 1604
f 1603 1604 1602
f 1516 1604 1606
f 1516 1606 1518
f 1605 1607 1606
f 1605 1606 1604
f 1518 1606 1608
f 1518 1608 1520
f 1607 1609 1608
f 1607 1608 1606
f 1520 1608 1610
f 1520 1610 1522
f 1609 1611 1610
f 1609 1610 1608
f 1523 1612 1613
f 1523 1613 1524
f 1524 1613 1614
f 1524 1614 1525
f 1525 1614 1615
f 1525 1615 1526
f 1526 1615 1616
f 1526 1616 1527
f 1527 1616 1617
f 1527 1617 1528
f 1618 1619 1617
f 1618 1617 1616
f 1529 1528 1617
f 1529 1617 1619
f 1529 1619 1620
f 1529 1620 1530
f 1532 1530 1620
f 1532 1620 1621
f 1532 1621 1622
f 1532 1622 1533
f 1533 1622 1623
f 1533 1623 1534
f 1534 1623 1624
f 1534 1624 1535
f 1625 1626 1624
f 1625 1624 1623
f 1537 1535 1624
f 1537 1624 1626
f 1537 1626 1627
f 1537 1627 1538
f 1538 1627 1628
f 1538 1628 1540
f 1628 1629 1539
f 1628 1539 1540
f 1539 1629 1630
f 1539 1630 1541
f 1541 1630 1631
f 1541 1631 1544
f 1631 1632 1543
f 1631 1543 1544
f 1543 1632 1633
f 1543 1633 1545
f 1633 1634 1546
f 1633 1546 1545
f 1546 1634 1635
f 1546 1635 1547
f 1635 1636 1550
f 1635 1550 1547
f 1550 1636 1637
f 1550 1637 1551
f 1637 1638 1549
f 1637 1549 1551
f 1549 1638 1639
f 1549 1639 1554
f 1639 1640 1553
f 1639 1553 1554
f 1553 1640 1641
f 1553 1641 1557
f 1641 1642 1556
f 1641 1556 1557
f 1556 1642 1643
f 1556 1643 1560
f 1643 1644 1559
f 1643 1559 1560
f 1559 1644 1645
f 1559 1645 1561
f 1643 1646 1645
f 1643 1645 1644
f 1561 1645 1647
f 1561 1647 1564
f 1564 1647 1648
f 1564 1648 1566
f 1566 1648 1649
f 1566 1649 1568
f 1568 1649 1650
f 1568 1650 1570
f 1570 1650 1651
f 1570 1651 1572
f 1572 1651 1652
f 1572 1652 1573
f 1573 1652 1653
f 1573 1653 1574
f 1654 1655 1653
f 1654 1653 1652
f 1576 1574 1653
f 1576 1653 1655
f 1576 1655 1656
f 1576 1656 1577
f 1577 1656 1657
f 1577 1657 1578
f 1578 1657 1658
f 1578 1658 1579
f 1581 1579 1658
f 1581 1658 1659
f 1581 1659 1660
f 1581 1660 1582
f 1582 1660 1661
f 1582 1661 1583
f 1583 1661 1662
f 1583 1662 1584
f 1584 1662 1663
f 1584 1663 1585
f 1585 1663 1664
f 1585 1664 1586
f 1586 1664 1665
f 1586 1665 1587
f 1587 1665 1666
f 1587 1666 1588
f 1588 1666 1667
f 1588 1667 1589
f 1589 1667 1668
f 1589 1668 1592
f 1668 1669 1591
f 1668 1591 1592
f 1591 1669 1670
f 1591 1670 1593
f 1668 1671 1670
f 1668 1670 1669
f 1593 1670 1672
f 1593 1672 1596
f 1671 1673 1672
f 1671 1672 1670
f 1672 1674 1595
f 1672 1595 1596
f 1595 1674 1675
f 1595 1675 1597
f 1672 1676 1675
f 1672 1675 1674
f 1597 1675 1677
f 1597 1677 1600
f 1677 1678 1599
f 1677 1599 1600
f 1599 1678 1679
f 1599 1679 1603
f 1677 1680 1679
f 1677 1679 1678
f 1603 1679 1681
f 1603 1681 1605
f 1680 1682 1681
f 1680 1681 1679
f 1605 1681 1683
f 1605 1683 1607
f 1682 1684 1683
f 1682 1683 1681
f 1607 1683 1685
f 1607 1685 1609
f 1684 1686 1685
f 1684 1685 1683
f 1609 1685 1687
f 1609 1687 1611
f 1686 1688 1687
f 1686 1687 1685
f 1612 1689 1690
f 1612 1690 1613
f 1613 1690 1691
f 1613 1691 1614
f 1614 1691 1692
f 1614 1692 1615
f 1615 1692 1693
f 1615 1693 1616
f 1618 1616 1693
f 1618 1693 1694
f 1618 1694 1695
f 1618 1695 1619
f 1619 1695 1696
f 1619 1696 1620
f 1621 1620 1696
f 1621 1696 1697
f 1621 1697 1698
f 1621 1698 1622
f 1622 1698 1699
f 1622 1699 1623
f 1625 1623 1699
f 1625 1699 1700
f 1625 1700 1701
f 1625 1701 1626
f 1626 1701 1702
f 1626 1702 1627
f 1627 1702 1703
f 1627 1703 1628
f 1703 1704 1629
f 1703 1629 1628
f 1629 1704 1705
f 1629 1705 1630
f 1630 1705 1706
f 1630 1706 1631
f 1706 1707 1632
f 1706 1632 1631
f 1632 1707 1708
f 1632 1708 1633
f 1708 1709 1634
f 1708 1634 1633
f 1634 1709 1710
f 1634 1710 1635
f 1710 1711 1636
f 1710 1636 1635
f 1636 1711 1712
f 1636 1712 1637
f 1712 1713 1638
f 1712 1638 1637
f 1638 1713 1714
f 1638 1714 1639
f 1714 1715 1640
f 1714 1640 1639
f 1640 1715 1716
f 1640 1716 1641
f 1714 1717 1716
f 1714 1716 1715
f 1716 1718 1642
f 1716 1642 1641
f 1642 1718 1719
f 1642 1719 1643
f 1716 1720 1719
f 1716 1719 1718
f 1643 1719 1721
f 1643 1721 1646
f 1721 1722 1645
f 1721 1645 1646
f 1645 1722 1723
f 1645 1723 1647
f 1721 1724 1723
f 1721 1723 1722
f 1647 1723 1725
f 1647 1725 1648
f 1648 1725 1726
f 1648 1726 1649
f 1649 1726 1727
f 1649 1727 1650
f 1650 1727 1728
f 1650 1728 1651
f 1651 1728 1729
f 1651 1729 1652
f 1730 1731 1729
f 1730 1729 1728
f 1654 1652 1729
f 1654 1729 1731
f 1654 1731 1732
f 1654 1732 1655
f 1655 1732 1733
f 1655 1733 1656
f 1656 1733 1734
f 1656 1734 1657
f 1657 1734 1735
f 1657 1735 1658
f 1659 1658 1735
f 1659 1735 1736
f 1659 1736 1737
f 1659 1737 1660
f 1735 1738 1737
f 1735 1737 1736
f 1660 1737 1739
f 1660 1739 1661
f 1661 1739 1740
f 1661 1740 1662
f 1662 1740 1741
f 1662 1741 1663
f 1663 1741 1742
f 1663 1742 1664
f 1664 1742 1743
f 1664 1743 1665
f 1665 1743 1744
f 1665 1744 1666
f 1666 1744 1745
f 1666 1745 1667
f 1667 1745 1746
f 1667 1746 1668
f 1668 1746 1747
f 1668 1747 1671
f 1671 1747 1748
f 1671 1748 1673
f 1748 1749 1672
f 1748 1672 1673
f 1672 1749 1750
f 1672 1750 1676
f 1748 1751 1750
f 1748 1750 1749
f 1750 1752 1675
f 1750 1675 1676
f 1675 1752 1753
f 1675 1753 1677
f 1750 1754 1753
f 1750 1753 1752
f 1677 1753 1755
f 1677 1755 1680
f 1754 1756 1755
f 1754 1755 1753
f 1680 1755 1757
f 1680 1757 1682
f 1682 1757 1758
f 1682 1758 1684
f 1684 1758 1759
f 1684 1759 1686
f 1686 1759 1760
f 1686 1760 1688
f 1689 1761 1762
f 1689 1762 1690
f 1690 1762 1763
f 1690 1763 1691
f 1691 1763 1764
f 1691 1764 1692
f 1692 1764 1765
f 1692 1765 1693
f 1694 1693 1765
f 1694 1765 1766
f 1694 1766 1767
f 1694 1767 1695
f 1765 1768 1767
f 1765 1767 1766
f 1695 1767 1769
f 1695 1769 1696
f 1697 1696 1769
f 1697 1769 1770
f 1697 1770 1771
f 1697 1771 1698
f 1698 1771 1772
f 1698 1772 1699
f 1700 1699 1772
f 1700 1772 1773
f 1700 1773 1774
f 1700 1774 1701
f 1772 1775 1774
f 1772 1774 1773
f 1701 1774 1776
f 1701 1776 1702
f 1702 1776 1777
f 1702 1777 1703
f 1778 1779 1777
f 1778 1777 1776
f 1777 1779 1704
f 1777 1704 1703
f 1704 1779 1780
f 1704 1780 1705
f 1705 1780 1781
f 1705 1781 1706
f 1781 1782 1707
f 1781 1707 1706
f 1707 1782 1783
f 1707 1783 1708
f 1783 1784 1709
f 1783 1709 1708
f 1709 1784 1785
f 1709 1785 1710
f 1785 1786 1711
f 1785 1711 1710
f 1711 1786 1787
f 1711 1787 1712
f 1787 1788 1713
f 1787 1713 1712
f 1713 1788 1789
f 1713 1789 1714
f 1787 1790 1789
f 1787 1789 1788
f 1714 1789 1791
f 1714 1791 1717
f 1791 1792 1716
f 1791 1716 1717
f 1716 1792 1793
f 1716 1793 1720
f 1793 1794 1719
f 1793 1719 1720
f 1719 1794 1795
f 1719 1795 1721
f 1721 1795 1796
f 1721 1796 1724
f 1796 1797 1723
f 1796 1723 1724
f 1723 1797 1798
f 1723 1798 1725
f 1796 1799 1798
f 1796 1798 1797
f 1725 1798 1800
f 1725 1800 1726
f 1726 1800 1801
f 1726 1801 1727
f 1727 1801 1802
f 1727 1802 1728
f 1730 1728 1802
f 1730 1802 1803
f 1730 1803 1804
f 1730 1804 1731
f 1802 1805 1804
f 1802 1804 1803
f 1731 1804 1806
f 1731 1806 1732
f 1732 1806 1807
f 1732 1807 1733
f 1733 1807 1808
f 1733 1808 1734
f 1734 1808 1809
f 1734 1809 1735
f 1735 1809 1810
f 1735 1810 1738
f 1737 1738 1810
f 1737 1810 1811
f 1737 1811 1812
f 1737 1812 1739
f 1810 1813 1812
f 1810 1812 1811
f 1739 1812 1814
f 1739 1814 1740
f 1813 1815 1814
f 1813 1814 1812
f 1740 1814 1816
f 1740 1816 1741
f 1815 1817 1816
f 1815 1816 1814
f 1741 1816 1818
f 1741 1818 1742
f 1742 1818 1819
f 1742 1819 1743
f 1743 1819 1820
f 1743 1820 1744
f 1744 1820 1821
f 1744 1821 1745
f 1745 1821 1822
f 1745 1822 1746
f 1746 1822 1823
f 1746 1823 1747
f 1747 1823 1824
f 1747 1824 1748
f 1748 1824 1825
f 1748 1825 1751
f 1825 1826 1750
f 1825 1750 1751
f 1750 1826 1827
f 1750 1827 1754
f 1825 1828 1827
f 1825 1827 1826
f 1754 1827 1829
f 1754 1829 1756
f 1829 1830 1755
f 1829 1755 1756
f 1755 1830 1831
f 1755 1831 1757
f 1829 1832 1831
f 1829 1831 1830
f 1757 1831 1833
f 1757 1833 1758
f 1832 1834 1833
f 1832 1833 1831
f 1758 1833 1835
f 1758 1835 1759
f 1834 1836 1835
f 1834 1835 1833
f 1759 1835 1837
f 1759 1837 1760
f 1836 1838 1837
f 1836 1837 1835
f 1761 1839 1840
f 1761 1840 1762
f 1762 1840 1841
f 1762 1841 1763
f 1763 1841 1842
f 1763 1842 1764
f 1764 1842 1843
f 1764 1843 1765
f 1765 1843 1844
f 1765 1844 1768
f 1767 1768 1844
f 1767 1844 1845
f 1767 1845 1846
f 1767 1846 1769
f 1770 1769 1846
f 1770 1846 1847
f 1770 1847 1848
f 1770 1848 1771
f 1846 1849 1848
f 1846 1848 1847
f 1771 1848 1850
f 1771 1850 1772
f 1772 1850 1851
f 1772 1851 1775
f 1774 1775 1851
f 1774 1851 1852
f 1774 1852 1853
f 1774 1853 1776
f 1851 1854 1853
f 1851 1853 1852
f 1853 1854 1778
f 1853 1778 1776
f 1778 1854 1855
f 1778 1855 1779
f 1779 1855 1856
f 1779 1856 1780
f 1780 1856 1857
f 1780 1857 1781
f 1858 1859 1857
f 1858 1857 1856
f 1857 1859 1782
f 1857 1782 1781
f 1782 1859 1860
f 1782 1860 1783
f 1860 1861 1784
f 1860 1784 1783
f 1784 1861 1862
f 1784 1862 1785
f 1862 1863 1786
f 1862 1786 1785
f 1786 1863 1864
f 1786 1864 1787
f 1787 1864 1865
f 1787 1865 1790
f 1865 1866 1789
f 1865 1789 1790
f 1789 1866 1867
f 1789 1867 1791
f 1867 1868 1792
f 1867 1792 1791
f 1792 1868 1869
f 1792 1869 1793
f 1869 1870 1794
f 1869 1794 1793
f 1794 1870 1871
f 1794 1871 1795
f 1795 1871 1872
f 1795 1872 1796
f 1796 1872 1873
f 1796 1873 1799
f 1873 1874 1798
f 1873 1798 1799
f 1798 1874 1875
f 1798 1875 1800
f 1873 1876 1875
f 1873 1875 1874
f 1800 1875 1877
f 1800 1877 1801
f 1801 1877 1878
f 1801 1878 1802
f 1802 1878 1879
f 1802 1879 1805
f 1804 1805 1879
f 1804 1879 1880
f 1804 1880 1881
f 1804 1881 1806
f 1879 1882 1881
f 1879 1881 1880
f 1806 1881 1883
f 1806 1883 1807
f 1882 1884 1883
f 1882 1883 1881
f 1807 1883 1885
f 1807 1885 1808
f 1884 1886 1885
f 1884 1885 1883
f 1808 1885 1887
f 1808 1887 1809
f 1886 1888 1887
f 1886 1887 1885
f 1809 1887 1889
f 1809 1889 1810
f 1888 1890 1889
f 1888 1889 1887
f 1810 1889 1891
f 1810 1891 1813
f 1890 1892 1891
f 1890 1891 1889
f 1813 1891 1893
f 1813 1893 1815
f 1815 1893 1894
f 1815 1894 1817
f 1816 1817 1894
f 1816 1894 1895
f 1816 1895 1896
f 1816 1896 1818
f 1894 1897 1896
f 1894 1896 1895
f 1818 1896 1898
f 1818 1898 1819
f 1897 1899 1898
f 1897 1898 1896
f 1819 1898 1900
f 1819 1900 1820
f 1820 1900 1901
f 1820 1901 1821
f 1821 1901 1902
f 1821 1902 1822
f 1822 1902 1903
f 1822 1903 1823
f 1823 1903 1904
f 1823 1904 1824
f 1824 1904 1905
f 1824 1905 1825
f 1825 1905 1906
f 1825 1906 1828
f 1906 1907 1827
f 1906 1827 1828
f 1827 1907 1908
f 1827 1908 1829
f 1906 1909 1908
f 1906 1908 1907
f 1829 1908 1910
f 1829 1910 1832
f 1909 1911 1910
f 1909 1910 1908
f 1832 1910 1912
f 1832 1912 1834
f 1911 1913 1912
f 1911 1912 1910
f 1834 1912 1914
f 1834 1914 1836
f 1913 1915 1914
f 1913 1914 1912
f 1836 1914 1916
f 1836 1916 1838
f 1915 1917 1916
f 1915 1916 1914
f 1839 1918 1919
f 1839 1919 1840
f 1920 1921 1919
f 1920 1919 1918
f 1840 1919 1922
f 1840 1922 1841
f 1921 1923 1922
f 1921 1922 1919
f 1841 1922 1924
f 1841 1924 1842
f 1923 1925 1924
f 1923 1924 1922
f 1842 1924 1926
f 1842 1926 1843
f 1925 1927 1926
f 1925 1926 1924
f 1843 1926 1928
f 1843 1928 1844
f 1927 1929 1928
f 1927 1928 1926
f 1845 1844 1928
f 1845 1928 1930
f 1845 1930 1931
f 1845 1931 1846
f 1928 1932 1931
f 1928 1931 1930
f 1846 1931 1933
f 1846 1933 1849
f 1932 1934 1933
f 1932 1933 1931
f 1848 1849 1933
f 1848 1933 1935
f 1848 1935 1936
f 1848 1936 1850
f 1933 1937 1936
f 1933 1936 1935
f 1850 1936 1938
f 1850 1938 1851
f 1937 1939 1938
f 1937 1938 1936
f 1851 1938 1940
f 1851 1940 1854
f 1939 1941 1940
f 1939 1940 1938
f 1854 1940 1942
f 1854 1942 1855
f 1941 1943 1942
f 1941 1942 1940
f 1855 1942 1944
f 1855 1944 1856
f 1943 1945 1944
f 1943 1944 1942
f 1944 1945 1858
f 1944 1858 1856
f 1858 1945 1946
f 1858 1946 1859
f 1859 1946 1947
f 1859 1947 1860
f 1948 1949 1947
f 1948 1947 1946
f 1947 1949 1861
f 1947 1861 1860
f 1861 1949 1950
f 1861 1950 1862
f 1950 1951 1863
f 1950 1863 1862
f 1863 1951 1952
f 1863 1952 1864
f 1864 1952 1953
f 1864 1953 1865
f 1954 1955 1953
f 1954 1953 1952
f 1953 1955 1866
f 1953 1866 1865
f 1866 1955 1956
f 1866 1956 1867
f 1956 1957 1868
f 1956 1868 1867
f 1868 1957 1958
f 1868 1958 1869
f 1958 1959 1870
f 1958 1870 1869
f 1870 1959 1960
f 1870 1960 1871
f 1958 1961 1960
f 1958 1960 1959
f 1871 1960 1962
f 1871 1962 1872
f 1872 1962 1963
f 1872 1963 1873
f 1873 1963 1964
f 1873 1964 1876
f 1964 1965 1875
f 1964 1875 1876
f 1875 1965 1966
f 1875 1966 1877
f 1877 1966 1967
f 1877 1967 1878
f 1878 1967 1968
f 1878 1968 1879
f 1879 1968 1969
f 1879 1969 1882
f 1882 1969 1970
f 1882 1970 1884
f 1884 1970 1971
f 1884 1971 1886
f 1886 1971 1972
f 1886 1972 1888
f 1888 1972 1973
f 1888 1973 1890
f 1890 1973 1974
f 1890 1974 1892
f 1891 1892 1974
f 1891 1974 1975
f 1891 1975 1976
f 1891 1976 1893
f 1974 1977 1976
f 1974 1976 1975
f 1893 1976 1978
f 1893 1978 1894
f 1977 1979 1978
f 1977 1978 1976
f 1894 1978 1980
f 1894 1980 1897
f 1979 1981 1980
f 1979 1980 1978
f 1897 1980 1982
f 1897 1982 1899
f 1981 1983 1982
f 1981 1982 1980
f 1898 1899 1982
f 1898 1982 1984
f 1898 1984 1985
f 1898 1985 1900
f 1982 1986 1985
f 1982 1985 1984
f 1900 1985 1987
f 1900 1987 1901
f 1986 1988 1987
f 1986 1987 1985
f 1901 1987 1989
f 1901 1989 1902
f 1988 1990 1989
f 1988 1989 1987
f 1902 1989 1991
f 1902 1991 1903
f 1903 1991 1992
f 1903 1992 1904
f 1904 1992 1993
f 1904 1993 1905
f 1905 1993 1994
f 1905 1994 1906
f 1906 1994 1995
f 1906 1995 1909
f 1909 1995 1996
f 1909 1996 1911
f 1911 1996 1997
f 1911 1997 1913
f 1913 1997 1998
f 1913 1998 1915
f 1915 1998 1999
f 1915 1999 1917
f 1920 2000 2001
f 1920 2001 1921
f 2002 2003 2001
f 2002 2001 2000
f 1921 2001 2004
f 1921 2004 1923
f 2003 2005 2004
f 2003 2004 2001
f 1923 2004 2006
f 1923 2006 1925
f 2005 2007 2006
f 2005 2006 2004
f 1925 2006 2008
f 1925 2008 1927
f 2007 2009 2008
f 2007 2008 2006
f 1927 2008 2010
f 1927 2010 1929
f 1928 1929 2010
f 1928 2010 2011
f 1928 2011 2012
f 1928 2012 1932
f 2010 2013 2012
f 2010 2012 2011
f 1932 2012 2014
f 1932 2014 1934
f 2013 2015 2014
f 2013 2014 2012
f 1933 1934 2014
f 1933 2014 2016
f 1933 2016 2017
f 1933 2017 1937
f 2014 2018 2017
f 2014 2017 2016
f 1937 2017 2019
f 1937 2019 1939
f 2018 2020 2019
f 2018 2019 2017
f 1939 2019 2021
f 1939 2021 1941
f 2020 2022 2021
f 2020 2021 2019
f 1941 2021 2023
f 1941 2023 1943
f 2022 2024 2023
f 2022 2023 2021
f 1943 2023 2025
f 1943 2025 1945
f 2024 2026 2025
f 2024 2025 2023
f 1945 2025 2027
f 1945 2027 1946
f 2026 2028 2027
f 2026 2027 2025
f 2027 2028 1948
f 2027 1948 1946
f 1948 2028 2029
f 1948 2029 1949
f 1949 2029 2030
f 1949 2030 1950
f 2031 2032 2030
f 2031 2030 2029
f 2030 2032 1951
f 2030 1951 1950
f 1951 2032 2033
f 1951 2033 1952
f 2033 2034 1954
f 2033 1954 1952
f 1954 2034 2035
f 1954 2035 1955
f 1955 2035 2036
f 1955 2036 1956
f 2036 2037 1957
f 2036 1957 1956
f 1957 2037 2038
f 1957 2038 1958
f 1958 2038 2039
f 1958 2039 1961
f 2039 2040 1960
f 2039 1960 1961
f 1960 2040 2041
f 1960 2041 1962
f 1962 2041 2042
f 1962 2042 1963
f 1963 2042 2043
f 1963 2043 1964
f 2043 2044 1965
f 2043 1965 1964
f 1965 2044 2045
f 1965 2045 1966
f 1966 2045 2046
f 1966 2046 1967
f 1967 2046 2047
f 1967 2047 1968
f 1968 2047 2048
f 1968 2048 1969
f 1969 2048 2049
f 1969 2049 1970
f 2050 2051 2049
f 2050 2049 2048
f 1970 2049 2052
f 1970 2052 1971
f 2051 2053 2052
f 2051 2052 2049
f 1971 2052 2054
f 1971 2054 1972
f 2053 2055 2054
f 2053 2054 2052
f 1972 2054 2056
f 1972 2056 1973
f 2055 2057 2056
f 2055 2056 2054
f 1973 2056 2058
f 1973 2058 1974
f 2057 2059 2058
f 2057 2058 2056
f 1974 2058 2060
f 1974 2060 1977
f 2059 2061 2060
f 2059 2060 2058
f 1977 2060 2062
f 1977 2062 1979
f 2061 2063 2062
f 2061 2062 2060
f 1979 2062 2064
f 1979 2064 1981
f 2063 2065 2064
f 2063 2064 2062
f 1981 2064 2066
f 1981 2066 1983
f 1982 1983 2066
f 1982 2066 2067
f 1982 2067 2068
f 1982 2068 1986
f 2066 2069 2068
f 2066 2068 2067
f 1986 2068 2070
f 1986 2070 1988
f 2069 2071 2070
f 2069 2070 2068
f 1988 2070 2072
f 1988 2072 1990
f 1989 1990 2072
f 1989 2072 2073
f 1989 2073 2074
f 1989 2074 1991
f 2072 2075 2074
f 2072 2074 2073
f 1991 2074 2076
f 1991 2076 1992
f 2075 2077 2076
f 2075 2076 2074
f 1992 2076 2078
f 1992 2078 1993
f 1993 2078 2079
f 1993 2079 1994
f 1994 2079 2080
f 1994 2080 1995
f 1995 2080 2081
f 1995 2081 1996
f 1996 2081 2082
f 1996 2082 1997
f 1997 2082 2083
f 1997 2083 1998
f 1998 2083 2084
f 1998 2084 1999
f 2002 2085 2086
f 2002 2086 2003
f 2087 2088 2086
f 2087 2086 2085
f 2003 2086 2089
f 2003 2089 2005
f 2088 2090 2089
f 2088 2089 2086
f 2005 2089 2091
f 2005 2091 2007
f 2090 2092 2091
f 2090 2091 2089
f 2007 2091 2093
f 2007 2093 2009
f 2092 2094 2093
f 2092 2093 2091
f 2008 2009 2093
f 2008 2093 2095
f 2008 2095 2096
f 2008 2096 2010
f 2094 2097 2096
f 2094 2096 2095
f 2010 2096 2098
f 2010 2098 2013
f 2099 2100 2098
f 2099 2098 2096
f 2013 2098 2101
f 2013 2101 2015
f 2100 2102 2101
f 2100 2101 2098
f 2014 2015 2101
f 2014 2101 2103
f 2014 2103 2104
f 2014 2104 2018
f 2102 2105 2104
f 2102 2104 2103
f 2018 2104 2106
f 2018 2106 2020
f 2107 2108 2106
f 2107 2106 2104
f 2020 2106 2109
f 2020 2109 2022
f 2108 2110 2109
f 2108 2109 2106
f 2022 2109 2111
f 2022 2111 2024
f 2110 2112 2111
f 2110 2111 2109
f 2024 2111 2113
f 2024 2113 2026
f 2112 2114 2113
f 2112 2113 2111
f 2026 2113 2115
f 2026 2115 2028
f 2114 2116 2115
f 2114 2115 2113
f 2028 2115 2117
f 2028 2117 2029
f 2116 2118 2117
f 2116 2117 2115
f 2117 2118 2031
f 2117 2031 2029
f 2031 2118 2119
f 2031 2119 2032
f 2032 2119 2120
f 2032 2120 2033
f 2121 2122 2120
f 2121 2120 2119
f 2120 2122 2034
f 2120 2034 2033
f 2034 2122 2123
f 2034 2123 2035
f 2035 2123 2124
f 2035 2124 2036
f 2125 2126 2124
f 2125 2124 2123
f 2124 2126 2037
f 2124 2037 2036
f 2037 2126 2127
f 2037 2127 2038
f 2038 2127 2128
f 2038 2128 2039
f 2128 2129 2040
f 2128 2040 2039
f 2040 2129 2130
f 2040 2130 2041
f 2041 2130 2131
f 2041 2131 2042
f 2042 2131 2132
f 2042 2132 2043
f 2132 2133 2044
f 2132 2044 2043
f 2044 2133 2134
f 2044 2134 2045
f 2045 2134 2135
f 2045 2135 2046
f 2046 2135 2136
f 2046 2136 2047
f 2047 2136 2137
f 2047 2137 2048
f 2138 2139 2137
f 2138 2137 2136
f 2137 2139 2050
f 2137 2050 2048
f 2050 2139 2140
f 2050 2140 2051
f 2051 2140 2141
f 2051 2141 2053
f 2053 2141 2142
f 2053 2142 2055
f 2055 2142 2143
f 2055 2143 2057
f 2144 2145 2143
f 2144 2143 2142
f 2057 2143 2146
f 2057 2146 2059
f 2145 2147 2146
f 2145 2146 2143
f 2059 2146 2148
f 2059 2148 2061
f 2147 2149 2148
f 2147 2148 2146
f 2061 2148 2150
f 2061 2150 2063
f 2149 2151 2150
f 2149 2150 2148
f 2063 2150 2152
f 2063 2152 2065
f 2151 2153 2152
f 2151 2152 2150
f 2064 2065 2152
f 2064 2152 2154
f 2064 2154 2155
f 2064 2155 2066
f 2153 2156 2155
f 2153 2155 2154
f 2066 2155 2157
f 2066 2157 2069
f 2158 2159 2157
f 2158 2157 2155
f 2069 2157 2160
f 2069 2160 2071
f 2159 2161 2160
f 2159 2160 2157
f 2070 2071 2160
f 2070 2160 2162
f 2070 2162 2163
f 2070 2163 2072
f 2160 2164 2163
f 2160 2163 2162
f 2072 2163 2165
f 2072 2165 2075
f 2164 2166 2165
f 2164 2165 2163
f 2075 2165 2167
f 2075 2167 2077
f 2076 2077 2167
f 2076 2167 2168
f 2076 2168 2169
f 2076 2169 2078
f 2167 2170 2169
f 2167 2169 2168
f 2078 2169 2171
f 2078 2171 2079
f 2170 2172 2171
f 2170 2171 2169
f 2079 2171 2173
f 2079 2173 2080
f 2080 2173 2174
f 2080 2174 2081
f 2081 2174 2175
f 2081 2175 2082
f 2082 2175 2176
f 2082 2176 2083
f 2083 2176 2177
f 2083 2177 2084
f 2087 2178 2179
f 2087 2179 2088
f 2180 2181 2179
f 2180 2179 2178
f 2088 2179 2182
f 2088 2182 2090
f 2181 2183 2182
f 2181 2182 2179
f 2090 2182 2184
f 2090 2184 2092
f 2183 2185 2184
f 2183 2184 2182
f 2092 2184 2186
f 2092 2186 2094
f 2185 2187 2186
f 2185 2186 2184
f 2094 2186 2188
f 2094 2188 2097
f 2187 2189 2188
f 2187 2188 2186
f 2099 2097 2188
f 2099 2188 2190
f 2099 2190 2191
f 2099 2191 2100
f 2189 2192 2191
f 2189 2191 2190
f 2100 2191 2193
f 2100 2193 2102
f 2192 2194 2193
f 2192 2193 2191
f 2102 2193 2195
f 2102 2195 2105
f 2196 2197 2195
f 2196 2195 2193
f 2107 2105 2195
f 2107 2195 2198
f 2107 2198 2199
f 2107 2199 2108
f 2197 2200 2199
f 2197 2199 2198
f 2108 2199 2201
f 2108 2201 2110
f 2202 2203 2201
f 2202 2201 2199
f 2110 2201 2204
f 2110 2204 2112
f 2203 2205 2204
f 2203 2204 2201
f 2112 2204 2206
f 2112 2206 2114
f 2205 2207 2206
f 2205 2206 2204
f 2114 2206 2208
f 2114 2208 2116
f 2207 2209 2208
f 2207 2208 2206
f 2116 2208 2210
f 2116 2210 2118
f 2209 2211 2210
f 2209 2210 2208
f 2118 2210 2212
f 2118 2212 2119
f 2211 2213 2212
f 2211 2212 2210
f 2212 2213 2121
f 2212 2121 2119
f 2121 2213 2214
f 2121 2214 2122
f 2122 2214 2215
f 2122 2215 2123
f 2216 2217 2215
f 2216 2215 2214
f 2215 2217 2125
f 2215 2125 2123
f 2125 2217 2218
f 2125 2218 2126
f 2126 2218 2219
f 2126 2219 2127
f 2127 2219 2220
f 2127 2220 2128
f 2220 2221 2129
f 2220 2129 2128
f 2129 2221 2222
f 2129 2222 2130
f 2130 2222 2223
f 2130 2223 2131
f 2131 2223 2224
f 2131 2224 2132
f 2224 2225 2133
f 2224 2133 2132
f 2133 2225 2226
f 2133 2226 2134
f 2134 2226 2227
f 2134 2227 2135
f 2135 2227 2228
f 2135 2228 2136
f 2228 2229 2138
f 2228 2138 2136
f 2138 2229 2230
f 2138 2230 2139
f 2139 2230 2231
f 2139 2231 2140
f 2140 2231 2232
f 2140 2232 2141
f 2141 2232 2233
f 2141 2233 2142
f 2234 2235 2233
f 2234 2233 2232
f 2233 2235 2144
f 2233 2144 2142
f 2144 2235 2236
f 2144 2236 2145
f 2145 2236 2237
f 2145 2237 2147
f 2147 2237 2238
f 2147 2238 2149
f 2239 2240 2238
f 2239 2238 2237
f 2149 2238 2241
f 2149 2241 2151
f 2240 2242 2241
f 2240 2241 2238
f 2151 2241 2243
f 2151 2243 2153
f 2242 2244 2243
f 2242 2243 2241
f 2153 2243 2245
f 2153 2245 2156
f 2158 2156 2245
f 2158 2245 2246
f 2158 2246 2247
f 2158 2247 2159
f 2245 2248 2247
f 2245 2247 2246
f 2159 2247 2249
f 2159 2249 2161
f 2248 2250 2249
f 2248 2249 2247
f 2160 2161 2249
f 2160 2249 2251
f 2160 2251 2252
f 2160 2252 2164
f 2249 2253 2252
f 2249 2252 2251
f 2164 2252 2254
f 2164 2254 2166
f 2253 2255 2254
f 2253 2254 2252
f 2165 2166 2254
f 2165 2254 2256
f 2165 2256 2257
f 2165 2257 2167
f 2254 2258 2257
f 2254 2257 2256
f 2167 2257 2259
f 2167 2259 2170
f 2258 2260 2259
f 2258 2259 2257
f 2170 2259 2261
f 2170 2261 2172
f 2171 2172 2261
f 2171 2261 2262
f 2171 2262 2263
f 2171 2263 2173
f 2261 2264 2263
f 2261 2263 2262
f 2173 2263 2265
f 2173 2265 2174
f 2264 2266 2265
f 2264 2265 2263
f 2174 2265 2267
f 2174 2267 2175
f 2266 2268 2267
f 2266 2267 2265
f 2175 2267 2269
f 2175 2269 2176
f 2268 2270 2269
f 2268 2269 2267
f 2176 2269 2271
f 2176 2271 2177
f 2270 2272 2271
f 2270 2271 2269
f 2180 2273 2274
f 2180 2274 2181
f 2275 2276 2274
f 2275 2274 2273
f 2181 2274 2277
f 2181 2277 2183
f 2276 2278 2277
f 2276 2277 2274
f 2183 2277 2279
f 2183 2279 2185
f 2278 2280 2279
f 2278 2279 2277
f 2185 2279 2281
f 2185 2281 2187
f 2280 2282 2281
f 2280 2281 2279
f 2187 2281 2283
f 2187 2283 2189
f 2282 2284 2283
f 2282 2283 2281
f 2189 2283 2285
f 2189 2285 2192
f 2284 2286 2285
f 2284 2285 2283
f 2192 2285 2287
f 2192 2287 2194
f 2288 2289 2287
f 2288 2287 2285
f 2196 2194 2287
f 2196 2287 2290
f 2196 2290 2291
f 2196 2291 2197
f 2289 2292 2291
f 2289 2291 2290
f 2197 2291 2293
f 2197 2293 2200
f 2294 2295 2293
f 2294 2293 2291
f 2202 2200 2293
f 2202 2293 2296
f 2202 2296 2297
f 2202 2297 2203
f 2295 2298 2297
f 2295 2297 2296
f 2203 2297 2299
f 2203 2299 2205
f 2298 2300 2299
f 2298 2299 2297
f 2205 2299 2301
f 2205 2301 2207
f 2302 2303 2301
f 2302 2301 2299
f 2207 2301 2304
f 2207 2304 2209
f 2303 2305 2304
f 2303 2304 2301
f 2209 2304 2306
f 2209 2306 2211
f 2305 2307 2306
f 2305 2306 2304
f 2211 2306 2308
f 2211 2308 2213
f 2307 2309 2308
f 2307 2308 2306
f 2213 2308 2310
f 2213 2310 2214
f 2309 2311 2310
f 2309 2310 2308
f 2310 2311 2216
f 2310 2216 2214
f 2216 2311 2312
f 2216 2312 2217
f 2217 2312 2313
f 2217 2313 2218
f 2218 2313 2314
f 2218 2314 2219
f 2219 2314 2315
f 2219 2315 2220
f 2316 2317 2315
f 2316 2315 2314
f 2315 2317 2221
f 2315 2221 2220
f 2221 2317 2318
f 2221 2318 2222
f 2222 2318 2319
f 2222 2319 2223
f 2223 2319 2320
f 2223 2320 2224
f 2320 2321 2225
f 2320 2225 2224
f 2225 2321 2322
f 2225 2322 2226
f 2226 2322 2323
f 2226 2323 2227
f 2227 2323 2324
f 2227 2324 2228
f 2324 2325 2229
f 2324 2229 2228
f 2229 2325 2326
f 2229 2326 2230
f 2230 2326 2327
f 2230 2327 2231
f 2231 2327 2328
f 2231 2328 2232
f 2329 2330 2328
f 2329 2328 2327
f 2328 2330 2234
f 2328 2234 2232
f 2234 2330 2331
f 2234 2331 2235
f 2235 2331 2332
f 2235 2332 2236
f 2236 2332 2333
f 2236 2333 2237
f 2334 2335 2333
f 2334 2333 2332
f 2333 2335 2239
f 2333 2239 2237
f 2239 2335 2336
f 2239 2336 2240
f 2240 2336 2337
f 2240 2337 2242
f 2242 2337 2338
f 2242 2338 2244
f 2243 2244 2338
f 2243 2338 2339
f 2243 2339 2340
f 2243 2340 2245
f 2338 2341 2340
f 2338 2340 2339
f 2245 2340 2342
f 2245 2342 2248
f 2341 2343 2342
f 2341 2342 2340
f 2248 2342 2344
f 2248 2344 2250
f 2343 2345 2344
f 2343 2344 2342
f 2249 2250 2344
f 2249 2344 2346
f 2249 2346 2347
f 2249 2347 2253
f 2344 2348 2347
f 2344 2347 2346
f 2253 2347 2349
f 2253 2349 2255
f 2348 2350 2349
f 2348 2349 2347
f 2254 2255 2349
f 2254 2349 2351
f 2254 2351 2352
f 2254 2352 2258
f 2349 2353 2352
f 2349 2352 2351
f 2258 2352 2354
f 2258 2354 2260
f 2353 2355 2354
f 2353 2354 2352
f 2259 2260 2354
f 2259 2354 2356
f 2259 2356 2357
f 2259 2357 2261
f 2354 2358 2357
f 2354 2357 2356
f 2261 2357 2359
f 2261 2359 2264
f 2358 2360 2359
f 2358 2359 2357
f 2264 2359 2361
f 2264 2361 2266
f 2266 2361 2362
f 2266 2362 2268
f 2268 2362 2363
f 2268 2363 2270
f 2270 2363 2364
f 2270 2364 2272
f 2275 2365 2366
f 2275 2366 2276
f 2367 2368 2366
f 2367 2366 2365
f 2276 2366 2369
f 2276 2369 2278
f 2368 2370 2369
f 2368 2369 2366
f 2278 2369 2371
f 2278 2371 2280
f 2370 2372 2371
f 2370 2371 2369
f 2280 2371 2373
f 2280 2373 2282
f 2372 2374 2373
f 2372 2373 2371
f 2282 2373 2375
f 2282 2375 2284
f 2374 2376 2375
f 2374 2375 2373
f 2284 2375 2377
f 2284 2377 2286
f 2378 2379 2377
f 2378 2377 2375
f 2288 2286 2377
f 2288 2377 2380
f 2288 2380 2381
f 2288 2381 2289
f 2379 2382 2381
f 2379 2381 2380
f 2289 2381 2383
f 2289 2383 2292
f 2382 2384 2383
f 2382 2383 2381
f 2294 2292 2383
f 2294 2383 2385
f 2294 2385 2386
f 2294 2386 2295
f 2387 2388 2386
f 2387 2386 2385
f 2295 2386 2389
f 2295 2389 2298
f 2388 2390 2389
f 2388 2389 2386
f 2298 2389 2391
f 2298 2391 2300
f 2392 2393 2391
f 2392 2391 2389
f 2302 2300 2391
f 2302 2391 2394
f 2302 2394 2395
f 2302 2395 2303
f 2393 2396 2395
f 2393 2395 2394
f 2303 2395 2397
f 2303 2397 2305
f 2398 2399 2397
f 2398 2397 2395
f 2305 2397 2400
f 2305 2400 2307
f 2399 2401 2400
f 2399 2400 2397
f 2307 2400 2402
f 2307 2402 2309
f 2401 2403 2402
f 2401 2402 2400
f 2309 2402 2404
f 2309 2404 2311
f 2403 2405 2404
f 2403 2404 2402
f 2311 2404 2406
f 2311 2406 2312
f 2405 2407 2406
f 2405 2406 2404
f 2312 2406 2408
f 2312 2408 2313
f 2407 2409 2408
f 2407 2408 2406
f 2313 2408 2410
f 2313 2410 2314
f 2409 2411 2410
f 2409 2410 2408
f 2410 2411 2316
f 2410 2316 2314
f 2316 2411 2412
f 2316 2412 2317
f 2317 2412 2413
f 2317 2413 2318
f 2318 2413 2414
f 2318 2414 2319
f 2319 2414 2415
f 2319 2415 2320
f 2415 2416 2321
f 2415 2321 2320
f 2321 2416 2417
f 2321 2417 2322
f 2415 2418 2417
f 2415 2417 2416
f 2322 2417 2419
f 2322 2419 2323
f 2323 2419 2420
f 2323 2420 2324
f 2420 2421 2325
f 2420 2325 2324
f 2325 2421 2422
f 2325 2422 2326
f 2326 2422 2423
f 2326 2423 2327
f 2423 2424 2329
f 2423 2329 2327
f 2329 2424 2425
f 2329 2425 2330
f 2330 2425 2426
f 2330 2426 2331
f 2331 2426 2427
f 2331 2427 2332
f 2428 2429 2427
f 2428 2427 2426
f 2427 2429 2334
f 2427 2334 2332
f 2334 2429 2430
f 2334 2430 2335
f 2335 2430 2431
f 2335 2431 2336
f 2336 2431 2432
f 2336 2432 2337
f 2433 2434 2432
f 2433 2432 2431
f 2337 2432 2435
f 2337 2435 2338
f 2434 2436 2435
f 2434 2435 2432
f 2338 2435 2437
f 2338 2437 2341
f 2436 2438 2437
f 2436 2437 2435
f 2341 2437 2439
f 2341 2439 2343
f 2438 2440 2439
f 2438 2439 2437
f 2343 2439 2441
f 2343 2441 2345
f 2440 2442 2441
f 2440 2441 2439
f 2344 2345 2441
f 2344 2441 2443
f 2344 2443 2444
f 2344 2444 2348
f 2441 2445 2444
f 2441 2444 2443
f 2348 2444 2446
f 2348 2446 2350
f 2445 2447 2446
f 2445 2446 2444
f 2349 2350 2446
f 2349 2446 2448
f 2349 2448 2449
f 2349 2449 2353
f 2446 2450 2449
f 2446 2449 2448
f 2353 2449 2451
f 2353 2451 2355
f 2450 2452 2451
f 2450 2451 2449
f 2354 2355 2451
f 2354 2451 2453
f 2354 2453 2454
f 2354 2454 2358
f 2451 2455 2454
f 2451 2454 2453
f 2358 2454 2456
f 2358 2456 2360
f 2359 2360 2456
f 2359 2456 2457
f 2359 2457 2458
f 2359 2458 2361
f 2456 2459 2458
f 2456 2458 2457
f 2361 2458 2460
f 2361 2460 2362
f 2459 2461 2460
f 2459 2460 2458
f 2362 2460 2462
f 2362 2462 2363
f 2461 2463 2462
f 2461 2462 2460
f 2363 2462 2464
f 2363 2464 2364
f 2463 2465 2464
f 2463 2464 2462
f 2367 2466 2467
f 2367 2467 2368
f 2468 2469 2467
f 2468 2467 2466
f 2368 2467 2470
f 2368 2470 2370
f 2469 2471 2470
f 2469 2470 2467
f 2370 2470 2472
f 2370 2472 2372
f 2471 2473 2472
f 2471 2472 2470
f 2372 2472 2474
f 2372 2474 2374
f 2473 2475 2474
f 2473 2474 2472
f 2374 2474 2476
f 2374 2476 2376
f 2477 2478 2476
f 2477 2476 2474
f 2378 2376 2476
f 2378 2476 2479
f 2378 2479 2480
f 2378 2480 2379
f 2478 2481 2480
f 2478 2480 2479
f 2379 2480 2482
f 2379 2482 2382
f 2481 2483 2482
f 2481 2482 2480
f 2382 2482 2484
f 2382 2484 2384
f 2485 2486 2484
f 2485 2484 2482
f 2387 2384 2484
f 2387 2484 2487
f 2387 2487 2488
f 2387 2488 2388
f 2486 2489 2488
f 2486 2488 2487
f 2388 2488 2490
f 2388 2490 2390
f 2491 2492 2490
f 2491 2490 2488
f 2392 2390 2490
f 2392 2490 2493
f 2392 2493 2494
f 2392 2494 2393
f 2490 2495 2494
f 2490 2494 2493
f 2393 2494 2496
f 2393 2496 2396
f 2495 2497 2496
f 2495 2496 2494
f 2398 2396 2496
f 2398 2496 2498
f 2398 2498 2499
f 2398 2499 2399
f 2496 2500 2499
f 2496 2499 2498
f 2399 2499 2501
f 2399 2501 2401
f 2500 2502 2501
f 2500 2501 2499
f 2401 2501 2503
f 2401 2503 2403
f 2502 2504 2503
f 2502 2503 2501
f 2403 2503 2505
f 2403 2505 2405
f 2405 2505 2506
f 2405 2506 2407
f 2407 2506 2507
f 2407 2507 2409
f 2409 2507 2508
f 2409 2508 2411
f 2411 2508 2509
f 2411 2509 2412
f 2412 2509 2510
f 2412 2510 2413
f 2413 2510 2511
f 2413 2511 2414
f 2414 2511 2512
f 2414 2512 2415
f 2415 2512 2513
f 2415 2513 2418
f 2513 2514 2417
f 2513 2417 2418
f 2417 2514 2515
f 2417 2515 2419
f 2419 2515 2516
f 2419 2516 2420
f 2516 2517 2421
f 2516 2421 2420
f 2421 2517 2518
f 2421 2518 2422
f 2516 2519 2518
f 2516 2518 2517
f 2422 2518 2520
f 2422 2520 2423
f 2520 2521 2424
f 2520 2424 2423
f 2424 2521 2522
f 2424 2522 2425
f 2520 2523 2522
f 2520 2522 2521
f 2425 2522 2524
f 2425 2524 2426
f 2524 2525 2428
f 2524 2428 2426
f 2428 2525 2526
f 2428 2526 2429
f 2524 2527 2526
f 2524 2526 2525
f 2429 2526 2528
f 2429 2528 2430
f 2430 2528 2529
f 2430 2529 2431
f 2529 2530 2433
f 2529 2433 2431
f 2433 2530 2531
f 2433 2531 2434
f 2434 2531 2532
f 2434 2532 2436
f 2436 2532 2533
f 2436 2533 2438
f 2438 2533 2534
f 2438 2534 2440
f 2535 2536 2534
f 2535 2534 2533
f 2440 2534 2537
f 2440 2537 2442
f 2441 2442 2537
f 2441 2537 2538
f 2441 2538 2539
f 2441 2539 2445
f 2537 2540 2539
f 2537 2539 2538
f 2445 2539 2541
f 2445 2541 2447
f 2540 2542 2541
f 2540 2541 2539
f 2446 2447 2541
f 2446 2541 2543
f 2446 2543 2544
f 2446 2544 2450
f 2541 2545 2544
f 2541 2544 2543
f 2450 2544 2546
f 2450 2546 2452
f 2451 2452 2546
f 2451 2546 2547
f 2451 2547 2548
f 2451 2548 2455
f 2546 2549 2548
f 2546 2548 2547
f 2454 2455 2548
f 2454 2548 2550
f 2454 2550 2551
f 2454 2551 2456
f 2548 2552 2551
f 2548 2551 2550
f 2456 2551 2553
f 2456 2553 2459
f 2552 2554 2553
f 2552 2553 2551
f 2459 2553 2555
f 2459 2555 2461
f 2554 2556 2555
f 2554 2555 2553
f 2461 2555 2557
f 2461 2557 2463
f 2556 2558 2557
f 2556 2557 2555
f 2463 2557 2559
f 2463 2559 2465
f 2558 2560 2559
f 2558 2559 2557
f 2468 2561 2562
f 2468 2562 2469
f 2563 2564 2562
f 2563 2562 2561
f 2469 2562 2565
f 2469 2565 2471
f 2564 2566 2565
f 2564 2565 2562
f 2471 2565 2567
f 2471 2567 2473
f 2566 2568 2567
f 2566 2567 2565
f 2473 2567 2569
f 2473 2569 2475
f 2568 2570 2569
f 2568 2569 2567
f 2477 2475 2569
f 2477 2569 2571
f 2477 2571 2572
f 2477 2572 2478
f 2570 2573 2572
f 2570 2572 2571
f 2478 2572 2574
f 2478 2574 2481
f 2575 2576 2574
f 2575 2574 2572
f 2481 2574 2577
f 2481 2577 2483
f 2576 2578 2577
f 2576 2577 2574
f 2485 2483 2577
f 2485 2577 2579
f 2485 2579 2580
f 2485 2580 2486
f 2577 2581 2580
f 2577 2580 2579
f 2486 2580 2582
f 2486 2582 2489
f 2581 2583 2582
f 2581 2582 2580
f 2491 2489 2582
f 2491 2582 2584
f 2491 2584 2585
f 2491 2585 2492
f 2582 2586 2585
f 2582 2585 2584
f 2490 2492 2585
f 2490 2585 2587
f 2490 2587 2588
f 2490 2588 2495
f 2586 2589 2588
f 2586 2588 2587
f 2495 2588 2590
f 2495 2590 2497
f 2591 2592 2590
f 2591 2590 2588
f 2496 2497 2590
f 2496 2590 2593
f 2496 2593 2594
f 2496 2594 2500
f 2590 2595 2594
f 2590 2594 2593
f 2500 2594 2596
f 2500 2596 2502
f 2595 2597 2596
f 2595 2596 2594
f 2502 2596 2598
f 2502 2598 2504
f 2503 2504 2598
f 2503 2598 2599
f 2503 2599 2600
f 2503 2600 2505
f 2598 2601 2600
f 2598 2600 2599
f 2505 2600 2602
f 2505 2602 2506
f 2601 2603 2602
f 2601 2602 2600
f 2506 2602 2604
f 2506 2604 2507
f 2507 2604 2605
f 2507 2605 2508
f 2508 2605 2606
f 2508 2606 2509
f 2509 2606 2607
f 2509 2607 2510
f 2510 2607 2608
f 2510 2608 2511
f 2511 2608 2609
f 2511 2609 2512
f 2512 2609 2610
f 2512 2610 2513
f 2610 2611 2514
f 2610 2514 2513
f 2514 2611 2612
f 2514 2612 2515
f 2610 2613 2612
f 2610 2612 2611
f 2515 2612 2614
f 2515 2614 2516
f 2516 2614 2615
f 2516 2615 2519
f 2615 2616 2518
f 2615 2518 2519
f 2518 2616 2617
f 2518 2617 2520
f 2615 2618 2617
f 2615 2617 2616
f 2520 2617 2619
f 2520 2619 2523
f 2619 2620 2522
f 2619 2522 2523
f 2522 2620 2621
f 2522 2621 2524
f 2619 2622 2621
f 2619 2621 2620
f 2524 2621 2623
f 2524 2623 2527
f 2623 2624 2526
f 2623 2526 2527
f 2526 2624 2625
f 2526 2625 2528
f 2528 2625 2626
f 2528 2626 2529
f 2626 2627 2530
f 2626 2530 2529
f 2530 2627 2628
f 2530 2628 2531
f 2531 2628 2629
f 2531 2629 2532
f 2532 2629 2630
f 2532 2630 2533
f 2631 2632 2630
f 2631 2630 2629
f 2630 2632 2535
f 2630 2535 2533
f 2535 2632 2633
f 2535 2633 2536
f 2534 2536 2633
f 2534 2633 2634
f 2534 2634 2635
f 2534 2635 2537
f 2633 2636 2635
f 2633 2635 2634
f 2537 2635 2637
f 2537 2637 2540
f 2636 2638 2637
f 2636 2637 2635
f 2540 2637 2639
f 2540 2639 2542
f 2541 2542 2639
f 2541 2639 2640
f 2541 2640 2641
f 2541 2641 2545
f 2639 2642 2641
f 2639 2641 2640
f 2544 2545 2641
f 2544 2641 2643
f 2544 2643 2644
f 2544 2644 2546
f 2641 2645 2644
f 2641 2644 2643
f 2546 2644 2646
f 2546 2646 2549
f 2548 2549 2646
f 2548 2646 2647
f 2548 2647 2648
f 2548 2648 2552
f 2646 2649 2648
f 2646 2648 2647
f 2552 2648 2650
f 2552 2650 2554
f 2554 2650 2651
f 2554 2651 2556
f 2556 2651 2652
f 2556 2652 2558
f 2558 2652 2653
f 2558 2653 2560
f 2563 2654 2655
f 2563 2655 2564
f 2656 2657 2655
f 2656 2655 2654
f 2564 2655 2658
f 2564 2658 2566
f 2657 2659 2658
f 2657 2658 2655
f 2566 2658 2660
f 2566 2660 2568
f 2659 2661 2660
f 2659 2660 2658
f 2568 2660 2662
f 2568 2662 2570
f 2661 2663 2662
f 2661 2662 2660
f 2570 2662 2664
f 2570 2664 2573
f 2663 2665 2664
f 2663 2664 2662
f 2575 2573 2664
f 2575 2664 2666
f 2575 2666 2667
f 2575 2667 2576
f 2664 2668 2667
f 2664 2667 2666
f 2576 2667 2669
f 2576 2669 2578
f 2668 2670 2669
f 2668 2669 2667
f 2577 2578 2669
f 2577 2669 2671
f 2577 2671 2672
f 2577 2672 2581
f 2669 2673 2672
f 2669 2672 2671
f 2581 2672 2674
f 2581 2674 2583
f 2673 2675 2674
f 2673 2674 2672
f 2582 2583 2674
f 2582 2674 2676
f 2582 2676 2677
f 2582 2677 2586
f 2674 2678 2677
f 2674 2677 2676
f 2586 2677 2679
f 2586 2679 2589
f 2591 2589 2679
f 2591 2679 2680
f 2591 2680 2681
f 2591 2681 2592
f 2679 2682 2681
f 2679 2681 2680
f 2590 2592 2681
f 2590 2681 2683
f 2590 2683 2684
f 2590 2684 2595
f 2681 2685 2684
f 2681 2684 2683
f 2595 2684 2686
f 2595 2686 2597
f 2685 2687 2686
f 2685 2686 2684
f 2596 2597 2686
f 2596 2686 2688
f 2596 2688 2689
f 2596 2689 2598
f 2686 2690 2689
f 2686 2689 2688
f 2598 2689 2691
f 2598 2691 2601
f 2690 2692 2691
f 2690 2691 2689
f 2601 2691 2693
f 2601 2693 2603
f 2602 2603 2693
f 2602 2693 2694
f 2602 2694 2695
f 2602 2695 2604
f 2693 2696 2695
f 2693 2695 2694
f 2604 2695 2697
f 2604 2697 2605
f 2696 2698 2697
f 2696 2697 2695
f 2605 2697 2699
f 2605 2699 2606
f 2606 2699 2700
f 2606 2700 2607
f 2607 2700 2701
f 2607 2701 2608
f 2608 2701 2702
f 2608 2702 2609
f 2609 2702 2703
f 2609 2703 2610
f 2610 2703 2704
f 2610 2704 2613
f 2704 2705 2612
f 2704 2612 2613
f 2612 2705 2706
f 2612 2706 2614
f 2704 2707 2706
f 2704 2706 2705
f 2614 2706 2708
f 2614 2708 2615
f 2707 2709 2708
f 2707 2708 2706
f 2615 2708 2710
f 2615 2710 2618
f 2710 2711 2617
f 2710 2617 2618
f 2617 2711 2712
f 2617 2712 2619
f 2710 2713 2712
f 2710 2712 2711
f 2619 2712 2714
f 2619 2714 2622
f 2714 2715 2621
f 2714 2621 2622
f 2621 2715 2716
f 2621 2716 2623
f 2716 2717 2624
f 2716 2624 2623
f 2624 2717 2718
f 2624 2718 2625
f 2716 2719 2718
f 2716 2718 2717
f 2625 2718 2720
f 2625 2720 2626
f 2720 2721 2627
f 2720 2627 2626
f 2627 2721 2722
f 2627 2722 2628
f 2720 2723 2722
f 2720 2722 2721
f 2628 2722 2724
f 2628 2724 2629
f 2724 2725 2631
f 2724 2631 2629
f 2631 2725 2726
f 2631 2726 2632
f 2724 2727 2726
f 2724 2726 2725
f 2632 2726 2728
f 2632 2728 2633
f 2633 2728 2729
f 2633 2729 2636
f 2636 2729 2730
f 2636 2730 2638
f 2637 2638 2730
f 2637 2730 2731
f 2637 2731 2732
f 2637 2732 2639
f 2639 2732 2733
f 2639 2733 2642
f 2641 2642 2733
f 2641 2733 2734
f 2641 2734 2735
f 2641 2735 2645
f 2644 2645 2735
f 2644 2735 2736
f 2644 2736 2737
f 2644 2737 2646
f 2735 2738 2737
f 2735 2737 2736
f 2646 2737 2739
f 2646 2739 2649
f 2648 2649 2739
f 2648 2739 2740
f 2648 2740 2741
f 2648 2741 2650
f 2739 2742 2741
f 2739 2741 2740
f 2650 2741 2743
f 2650 2743 2651
f 2742 2744 2743
f 2742 2743 2741
f 2651 2743 2745
f 2651 2745 2652
f 2744 2746 2745
f 2744 2745 2743
f 2652 2745 2747
f 2652 2747 2653
f 2746 2748 2747
f 2746 2747 2745
f 2656 2749 2750
f 2656 2750 2657
f 2751 2752 2750
f 2751 2750 2749
f 2657 2750 2753
f 2657 2753 2659
f 2752 2754 2753
f 2752 2753 2750
f 2659 2753 2755
f 2659 2755 2661
f 2754 2756 2755
f 2754 2755 2753
f 2661 2755 2757
f 2661 2757 2663
f 2756 2758 2757
f 2756 2757 2755
f 2663 2757 2759
f 2663 2759 2665
f 2758 2760 2759
f 2758 2759 2757
f 2664 2665 2759
f 2664 2759 2761
f 2664 2761 2762
f 2664 2762 2668
f 2759 2763 2762
f 2759 2762 2761
f 2668 2762 2764
f 2668 2764 2670
f 2763 2765 2764
f 2763 2764 2762
f 2669 2670 2764
f 2669 2764 2766
f 2669 2766 2767
f 2669 2767 2673
f 2764 2768 2767
f 2764 2767 2766
f 2673 2767 2769
f 2673 2769 2675
f 2674 2675 2769
f 2674 2769 2770
f 2674 2770 2771
f 2674 2771 2678
f 2769 2772 2771
f 2769 2771 2770
f 2677 2678 2771
f 2677 2771 2773
f 2677 2773 2774
f 2677 2774 2679
f 2771 2775 2774
f 2771 2774 2773
f 2679 2774 2776
f 2679 2776 2682
f 2681 2682 2776
f 2681 2776 2777
f 2681 2777 2778
f 2681 2778 2685
f 2776 2779 2778
f 2776 2778 2777
f 2685 2778 2780
f 2685 2780 2687
f 2686 2687 2780
f 2686 2780 2781
f 2686 2781 2782
f 2686 2782 2690
f 2780 2783 2782
f 2780 2782 2781
f 2690 2782 2784
f 2690 2784 2692
f 2691 2692 2784
f 2691 2784 2785
f 2691 2785 2786
f 2691 2786 2693
f 2784 2787 2786
f 2784 2786 2785
f 2693 2786 2788
f 2693 2788 2696
f 2696 2788 2789
f 2696 2789 2698
f 2697 2698 2789
f 2697 2789 2790
f 2697 2790 2791
f 2697 2791 2699
f 2789 2792 2791
f 2789 2791 2790
f 2699 2791 2793
f 2699 2793 2700
f 2700 2793 2794
f 2700 2794 2701
f 2701 2794 2795
f 2701 2795 2702
f 2702 2795 2796
f 2702 2796 2703
f 2703 2796 2797
f 2703 2797 2704
f 2704 2797 2798
f 2704 2798 2707
f 2707 2798 2799
f 2707 2799 2709
f 2799 2800 2708
f 2799 2708 2709
f 2708 2800 2801
f 2708 2801 2710
f 2799 2802 2801
f 2799 2801 2800
f 2710 2801 2803
f 2710 2803 2713
f 2803 2804 2712
f 2803 2712 2713
f 2712 2804 2805
f 2712 2805 2714
f 2803 2806 2805
f 2803 2805 2804
f 2805 2807 2715
f 2805 2715 2714
f 2715 2807 2808
f 2715 2808 2716
f 2805 2809 2808
f 2805 2808 2807
f 2716 2808 2810
f 2716 2810 2719
f 2810 2811 2718
f 2810 2718 2719
f 2718 2811 2812
f 2718 2812 2720
f 2810 2813 2812
f 2810 2812 2811
f 2720 2812 2814
f 2720 2814 2723
f 2814 2815 2722
f 2814 2722 2723
f 2722 2815 2816
f 2722 2816 2724
f 2814 2817 2816
f 2814 2816 2815
f 2724 2816 2818
f 2724 2818 2727
f 2818 2819 2726
f 2818 2726 2727
f 2726 2819 2820
f 2726 2820 2728
f 2818 2821 2820
f 2818 2820 2819
f 2728 2820 2822
f 2728 2822 2729
f 2821 2823 2822
f 2821 2822 2820
f 2729 2822 2824
f 2729 2824 2730
f 2823 2825 2824
f 2823 2824 2822
f 2731 2730 2824
f 2731 2824 2825
f 2731 2825 2826
f 2731 2826 2732
f 2732 2826 2827
f 2732 2827 2733
f 2734 2733 2827
f 2734 2827 2828
f 2734 2828 2829
f 2734 2829 2735
f 2735 2829 2830
f 2735 2830 2738
f 2737 2738 2830
f 2737 2830 2831
f 2737 2831 2832
f 2737 2832 2739
f 2739 2832 2833
f 2739 2833 2742
f 2742 2833 2834
f 2742 2834 2744
f 2744 2834 2835
f 2744 2835 2746
f 2746 2835 2836
f 2746 2836 2748
f 2751 2837 2838
f 2751 2838 2752
f 2752 2838 2839
f 2752 2839 2754
f 2754 2839 2840
f 2754 2840 2756
f 2756 2840 2841
f 2756 2841 2758
f 2758 2841 2842
f 2758 2842 2760
f 2759 2760 2842
f 2759 2842 2843
f 2759 2843 2844
f 2759 2844 2763
f 2763 2844 2845
f 2763 2845 2765
f 2764 2765 2845
f 2764 2845 2846
f 2764 2846 2847
f 2764 2847 2768
f 2767 2768 2847
f 2767 2847 2848
f 2767 2848 2849
f 2767 2849 2769
f 2847 2850 2849
f 2847 2849 2848
f 2769 2849 2851
f 2769 2851 2772
f 2771 2772 2851
f 2771 2851 2852
f 2771 2852 2853
f 2771 2853 2775
f 2774 2775 2853
f 2774 2853 2854
f 2774 2854 2855
f 2774 2855 2776
f 2853 2856 2855
f 2853 2855 2854
f 2776 2855 2857
f 2776 2857 2779
f 2778 2779 2857
f 2778 2857 2858
f 2778 2858 2859
f 2778 2859 2780
f 2780 2859 2860
f 2780 2860 2783
f 2782 2783 2860
f 2782 2860 2861
f 2782 2861 2862
f 2782 2862 2784
f 2860 2863 2862
f 2860 2862 2861
f 2784 2862 2864
f 2784 2864 2787
f 2786 2787 2864
f 2786 2864 2865
f 2786 2865 2866
f 2786 2866 2788
f 2864 2867 2866
f 2864 2866 2865
f 2788 2866 2868
f 2788 2868 2789
f 2789 2868 2869
f 2789 2869 2792
f 2791 2792 2869
f 2791 2869 2870
f 2791 2870 2871
f 2791 2871 2793
f 2869 2872 2871
f 2869 2871 2870
f 2793 2871 2873
f 2793 2873 2794
f 2794 2873 2874
f 2794 2874 2795
f 2795 2874 2875
f 2795 2875 2796
f 2796 2875 2876
f 2796 2876 2797
f 2797 2876 2877
f 2797 2877 2798
f 2798 2877 2878
f 2798 2878 2799
f 2799 2878 2879
f 2799 2879 2802
f 2879 2880 2801
f 2879 2801 2802
f 2801 2880 2881
f 2801 2881 2803
f 2879 2882 2881
f 2879 2881 2880
f 2803 2881 2883
f 2803 2883 2806
f 2883 2884 2805
f 2883 2805 2806
f 2805 2884 2885
f 2805 2885 2809
f 2883 2886 2885
f 2883 2885 2884
f 2885 2887 2808
f 2885 2808 2809
f 2808 2887 2888
f 2808 2888 2810
f 2885 2889 2888
f 2885 2888 2887
f 2810 2888 2890
f 2810 2890 2813
f 2889 2891 2890
f 2889 2890 2888
f 2890 2892 2812
f 2890 2812 2813
f 2812 2892 2893
f 2812 2893 2814
f 2890 2894 2893
f 2890 2893 2892
f 2814 2893 2895
f 2814 2895 2817
f 2895 2896 2816
f 2895 2816 2817
f 2816 2896 2897
f 2816 2897 2818
f 2895 2898 2897
f 2895 2897 2896
f 2818 2897 2899
f 2818 2899 2821
f 2821 2899 2900
f 2821 2900 2823
f 2823 2900 2901
f 2823 2901 2825
f 2825 2901 2902
f 2825 2902 2826
f 2826 2902 2903
f 2826 2903 2827
f 2904 2905 2903
f 2904 2903 2902
f 2828 2827 2903
f 2828 2903 2905
f 2828 2905 2906
f 2828 2906 2829
f 2829 2906 2907
f 2829 2907 2830
f 2908 2909 2907
f 2908 2907 2906
f 2831 2830 2907
f 2831 2907 2909
f 2831 2909 2910
f 2831 2910 2832
f 2832 2910 2911
f 2832 2911 2833
f 2833 2911 2912
f 2833 2912 2834
f 2834 2912 2913
f 2834 2913 2835
f 2835 2913 2914
f 2835 2914 2836
f 2837 2915 2916
f 2837 2916 2838
f 2838 2916 2917
f 2838 2917 2839
f 2839 2917 2918
f 2839 2918 2840
f 2840 2918 2919
f 2840 2919 2841
f 2841 2919 2920
f 2841 2920 2842
f 2843 2842 2920
f 2843 2920 2921
f 2843 2921 2922
f 2843 2922 2844
f 2844 2922 2923
f 2844 2923 2845
f 2846 2845 2923
f 2846 2923 2924
f 2846 2924 2925
f 2846 2925 2847
f 2847 2925 2926
f 2847 2926 2850
f 2849 2850 2926
f 2849 2926 2927
f 2849 2927 2928
f 2849 2928 2851
f 2852 2851 2928
f 2852 2928 2929
f 2852 2929 2930
f 2852 2930 2853
f 2853 2930 2931
f 2853 2931 2856
f 2855 2856 2931
f 2855 2931 2932
f 2855 2932 2933
f 2855 2933 2857
f 2858 2857 2933
f 2858 2933 2934
f 2858 2934 2935
f 2858 2935 2859
f 2933 2936 2935
f 2933 2935 2934
f 2859 2935 2937
f 2859 2937 2860
f 2860 2937 2938
f 2860 2938 2863
f 2862 2863 2938
f 2862 2938 2939
f 2862 2939 2940
f 2862 2940 2864
f 2864 2940 2941
f 2864 2941 2867
f 2866 2867 2941
f 2866 2941 2942
f 2866 2942 2943
f 2866 2943 2868
f 2941 2944 2943
f 2941 2943 2942
f 2868 2943 2945
f 2868 2945 2869
f 2869 2945 2946
f 2869 2946 2872
f 2871 2872 2946
f 2871 2946 2947
f 2871 2947 2948
f 2871 2948 2873
f 2946 2949 2948
f 2946 2948 2947
f 2873 2948 2950
f 2873 2950 2874
f 2874 2950 2951
f 2874 2951 2875
f 2875 2951 2952
f 2875 2952 2876
f 2876 2952 2953
f 2876 2953 2877
f 2954 2955 2953
f 2954 2953 2952
f 2877 2953 2956
f 2877 2956 2878
f 2955 2957 2956
f 2955 2956 2953
f 2878 2956 2958
f 2878 2958 2879
f 2879 2958 2959
f 2879 2959 2882
f 2959 2960 2881
f 2959 2881 2882
f 2881 2960 2961
f 2881 2961 2883
f 2959 2962 2961
f 2959 2961 2960
f 2883 2961 2963
f 2883 2963 2886
f 2963 2964 2885
f 2963 2885 2886
f 2885 2964 2965
f 2885 2965 2889
f 2963 2966 2965
f 2963 2965 2964
f 2889 2965 2967
f 2889 2967 2891
f 2967 2968 2890
f 2967 2890 2891
f 2890 2968 2969
f 2890 2969 2894
f 2967 2970 2969
f 2967 2969 2968
f 2969 2971 2893
f 2969 2893 2894
f 2893 2971 2972
f 2893 2972 2895
f 2969 2973 2972
f 2969 2972 2971
f 2895 2972 2974
f 2895 2974 2898
f 2973 2975 2974
f 2973 2974 2972
f 2974 2976 2897
f 2974 2897 2898
f 2897 2976 2977
f 2897 2977 2899
f 2974 2978 2977
f 2974 2977 2976
f 2899 2977 2979
f 2899 2979 2900
f 2978 2980 2979
f 2978 2979 2977
f 2900 2979 2981
f 2900 2981 2901
f 2980 2982 2981
f 2980 2981 2979
f 2901 2981 2983
f 2901 2983 2902
f 2982 2984 2983
f 2982 2983 2981
f 2904 2902 2983
f 2904 2983 2984
f 2904 2984 2985
f 2904 2985 2905
f 2986 2987 2985
f 2986 2985 2984
f 2905 2985 2988
f 2905 2988 2906
f 2987 2989 2988
f 2987 2988 2985
f 2908 2906 2988
f 2908 2988 2989
f 2908 2989 2990
f 2908 2990 2909
f 2909 2990 2991
f 2909 2991 2910
f 2992 2993 2991
f 2992 2991 2990
f 2910 2991 2994
f 2910 2994 2911
f 2993 2995 2994
f 2993 2994 2991
f 2911 2994 2996
f 2911 2996 2912
f 2995 2997 2996
f 2995 2996 2994
f 2912 2996 2998
f 2912 2998 2913
f 2997 2999 2998
f 2997 2998 2996
f 2913 2998 3000
f 2913 3000 2914
f 2999 3001 3000
f 2999 3000 2998
f 2915 3002 3003
f 2915 3003 2916
f 3004 3005 3003
f 3004 3003 3002
f 2916 3003 3006
f 2916 3006 2917
f 3005 3007 3006
f 3005 3006 3003
f 2917 3006 3008
f 2917 3008 2918
f 3007 3009 3008
f 3007 3008 3006
f 2918 3008 3010
f 2918 3010 2919
f 3009 3011 3010
f 3009 3010 3008
f 2919 3010 3012
f 2919 3012 2920
f 3011 3013 3012
f 3011 3012 3010
f 2921 2920 3012
f 2921 3012 3013
f 2921 3013 3014
f 2921 3014 2922
f 2922 3014 3015
f 2922 3015 2923
f 3016 3017 3015
f 3016 3015 3014
f 2924 2923 3015
f 2924 3015 3017
f 2924 3017 3018
f 2924 3018 2925
f 2925 3018 3019
f 2925 3019 2926
f 3020 3021 3019
f 3020 3019 3018
f 2927 2926 3019
f 2927 3019 3021
f 2927 3021 3022
f 2927 3022 2928
f 2929 2928 3022
f 2929 3022 3023
f 2929 3023 3024
f 2929 3024 2930
f 2930 3024 3025
f 2930 3025 2931
f 2932 2931 3025
f 2932 3025 3026
f 2932 3026 3027
f 2932 3027 2933
f 2933 3027 3028
f 2933 3028 2936
f 2935 2936 3028
f 2935 3028 3029
f 2935 3029 3030
f 2935 3030 2937
f 2937 3030 3031
f 2937 3031 2938
f 2939 2938 3031
f 2939 3031 3032
f 2939 3032 3033
f 2939 3033 2940
f 3031 3034 3033
f 3031 3033 3032
f 2940 3033 3035
f 2940 3035 2941
f 2941 3035 3036
f 2941 3036 2944
f 2943 2944 3036
f 2943 3036 3037
f 2943 3037 3038
f 2943 3038 2945
f 3036 3039 3038
f 3036 3038 3037
f 2945 3038 3040
f 2945 3040 2946
f 2946 3040 3041
f 2946 3041 2949
f 2948 2949 3041
f 2948 3041 3042
f 2948 3042 3043
f 2948 3043 2950
f 2950 3043 3044
f 2950 3044 2951
f 2951 3044 3045
f 2951 3045 2952
f 2954 2952 3045
f 2954 3045 3046
f 2954 3046 3047
f 2954 3047 2955
f 2955 3047 3048
f 2955 3048 2957
f 3048 3049 2956
f 3048 2956 2957
f 2956 3049 3050
f 2956 3050 2958
f 3048 3051 3050
f 3048 3050 3049
f 2958 3050 3052
f 2958 3052 2959
f 3051 3053 3052
f 3051 3052 3050
f 2959 3052 3054
f 2959 3054 2962
f 3054 3055 2961
f 3054 2961 2962
f 2961 3055 3056
f 2961 3056 2963
f 3054 3057 3056
f 3054 3056 3055
f 2963 3056 3058
f 2963 3058 2966
f 3057 3059 3058
f 3057 3058 3056
f 3058 3060 2965
f 3058 2965 2966
f 2965 3060 3061
f 2965 3061 2967
f 3058 3062 3061
f 3058 3061 3060
f 2967 3061 3063
f 2967 3063 2970
f 3062 3064 3063
f 3062 3063 3061
f 3063 3065 2969
f 3063 2969 2970
f 2969 3065 3066
f 2969 3066 2973
f 3063 3067 3066
f 3063 3066 3065
f 2973 3066 3068
f 2973 3068 2975
f 3067 3069 3068
f 3067 3068 3066
f 3068 3070 2974
f 3068 2974 2975
f 2974 3070 3071
f 2974 3071 2978
f 3068 3072 3071
f 3068 3071 3070
f 2978 3071 3073
f 2978 3073 2980
f 3072 3074 3073
f 3072 3073 3071
f 2980 3073 3075
f 2980 3075 2982
f 3074 3076 3075
f 3074 3075 3073
f 2982 3075 3077
f 2982 3077 2984
f 3076 3078 3077
f 3076 3077 3075
f 2986 2984 3077
f 2986 3077 3078
f 2986 3078 3079
f 2986 3079 2987
f 3080 3081 3079
f 3080 3079 3078
f 2987 3079 3082
f 2987 3082 2989
f 3081 3083 3082
f 3081 3082 3079
f 2989 3082 3084
f 2989 3084 2990
f 3083 3085 3084
f 3083 3084 3082
f 2992 2990 3084
f 2992 3084 3085
f 2992 3085 3086
f 2992 3086 2993
f 3087 3088 3086
f 3087 3086 3085
f 2993 3086 3089
f 2993 3089 2995
f 3088 3090 3089
f 3088 3089 3086
f 2995 3089 3091
f 2995 3091 2997
f 3090 3092 3091
f 3090 3091 3089
f 2997 3091 3093
f 2997 3093 2999
f 3092 3094 3093
f 3092 3093 3091
f 2999 3093 3095
f 2999 3095 3001
f 3094 3096 3095
f 3094 3095 3093
f 3004 3097 3098
f 3004 3098 3005
f 3099 3100 3098
f 3099 3098 3097
f 3005 3098 3101
f 3005 3101 3007
f 3100 3102 3101
f 3100 3101 3098
f 3007 3101 3103
f 3007 3103 3009
f 3102 3104 3103
f 3102 3103 3101
f 3009 3103 3105
f 3009 3105 3011
f 3104 3106 3105
f 3104 3105 3103
f 3011 3105 3107
f 3011 3107 3013
f 3106 3108 3107
f 3106 3107 3105
f 3013 3107 3109
f 3013 3109 3014
f 3108 3110 3109
f 3108 3109 3107
f 3016 3014 3109
f 3016 3109 3110
f 3016 3110 3111
f 3016 3111 3017
f 3017 3111 3112
f 3017 3112 3018
f 3113 3114 3112
f 3113 3112 3111
f 3020 3018 3112
f 3020 3112 3114
f 3020 3114 3115
f 3020 3115 3021
f 3021 3115 3116
f 3021 3116 3022
f 3117 3118 3116
f 3117 3116 3115
f 3023 3022 3116
f 3023 3116 3118
f 3023 3118 3119
f 3023 3119 3024
f 3024 3119 3120
f 3024 3120 3025
f 3121 3122 3120
f 3121 3120 3119
f 3026 3025 3120
f 3026 3120 3122
f 3026 3122 3123
f 3026 3123 3027
f 3027 3123 3124
f 3027 3124 3028
f 3029 3028 3124
f 3029 3124 3125
f 3029 3125 3126
f 3029 3126 3030
f 3030 3126 3127
f 3030 3127 3031
f 3031 3127 3128
f 3031 3128 3034
f 3033 3034 3128
f 3033 3128 3129
f 3033 3129 3130
f 3033 3130 3035
f 3128 3131 3130
f 3128 3130 3129
f 3035 3130 3132
f 3035 3132 3036
f 3131 3133 3132
f 3131 3132 3130
f 3036 3132 3134
f 3036 3134 3039
f 3038 3039 3134
f 3038 3134 3135
f 3038 3135 3136
f 3038 3136 3040
f 3134 3137 3136
f 3134 3136 3135
f 3040 3136 3138
f 3040 3138 3041
f 3042 3041 3138
f 3042 3138 3139
f 3042 3139 3140
f 3042 3140 3043
f 3138 3141 3140
f 3138 3140 3139
f 3043 3140 3142
f 3043 3142 3044
f 3044 3142 3143
f 3044 3143 3045
f 3046 3045 3143
f 3046 3143 3144
f 3046 3144 3145
f 3046 3145 3047
f 3047 3145 3146
f 3047 3146 3048
f 3048 3146 3147
f 3048 3147 3051
f 3051 3147 3148
f 3051 3148 3053
f 3148 3149 3052
f 3148 3052 3053
f 3052 3149 3150
f 3052 3150 3054
f 3148 3151 3150
f 3148 3150 3149
f 3054 3150 3152
f 3054 3152 3057
f 3151 3153 3152
f 3151 3152 3150
f 3057 3152 3154
f 3057 3154 3059
f 3154 3155 3058
f 3154 3058 3059
f 3058 3155 3156
f 3058 3156 3062
f 3154 3157 3156
f 3154 3156 3155
f 3062 3156 3158
f 3062 3158 3064
f 3158 3159 3063
f 3158 3063 3064
f 3063 3159 3160
f 3063 3160 3067
f 3158 3161 3160
f 3158 3160 3159
f 3067 3160 3162
f 3067 3162 3069
f 3161 3163 3162
f 3161 3162 3160
f 3162 3164 3068
f 3162 3068 3069
f 3068 3164 3165
f 3068 3165 3072
f 3162 3166 3165
f 3162 3165 3164
f 3072 3165 3167
f 3072 3167 3074
f 3166 3168 3167
f 3166 3167 3165
f 3074 3167 3169
f 3074 3169 3076
f 3168 3170 3169
f 3168 3169 3167
f 3076 3169 3171
f 3076 3171 3078
f 3172 3173 3171
f 3172 3171 3169
f 3080 3078 3171
f 3080 3171 3174
f 3080 3174 3175
f 3080 3175 3081
f 3173 3176 3175
f 3173 3175 3174
f 3081 3175 3177
f 3081 3177 3083
f 3176 3178 3177
f 3176 3177 3175
f 3083 3177 3179
f 3083 3179 3085
f 3178 3180 3179
f 3178 3179 3177
f 3087 3085 3179
f 3087 3179 3180
f 3087 3180 3181
f 3087 3181 3088
f 3182 3183 3181
f 3182 3181 3180
f 3088 3181 3184
f 3088 3184 3090
f 3183 3185 3184
f 3183 3184 3181
f 3090 3184 3186
f 3090 3186 3092
f 3185 3187 3186
f 3185 3186 3184
f 3092 3186 3188
f 3092 3188 3094
f 3187 3189 3188
f 3187 3188 3186
f 3094 3188 3190
f 3094 3190 3096
f 3189 3191 3190
f 3189 3190 3188
f 3099 3192 3193
f 3099 3193 3100
f 3194 3195 3193
f 3194 3193 3192
f 3100 3193 3196
f 3100 3196 3102
f 3195 3197 3196
f 3195 3196 3193
f 3102 3196 3198
f 3102 3198 3104
f 3197 3199 3198
f 3197 3198 3196
f 3104 3198 3200
f 3104 3200 3106
f 3199 3201 3200
f 3199 3200 3198
f 3106 3200 3202
f 3106 3202 3108
f 3201 3203 3202
f 3201 3202 3200
f 3108 3202 3204
f 3108 3204 3110
f 3203 3205 3204
f 3203 3204 3202
f 3110 3204 3206
f 3110 3206 3111
f 3205 3207 3206
f 3205 3206 3204
f 3113 3111 3206
f 3113 3206 3207
f 3113 3207 3208
f 3113 3208 3114
f 3114 3208 3209
f 3114 3209 3115
f 3210 3211 3209
f 3210 3209 3208
f 3117 3115 3209
f 3117 3209 3211
f 3117 3211 3212
f 3117 3212 3118
f 3118 3212 3213
f 3118 3213 3119
f 3214 3215 3213
f 3214 3213 3212
f 3121 3119 3213
f 3121 3213 3215
f 3121 3215 3216
f 3121 3216 3122
f 3122 3216 3217
f 3122 3217 3123
f 3123 3217 3218
f 3123 3218 3124
f 3125 3124 3218
f 3125 3218 3219
f 3125 3219 3220
f 3125 3220 3126
f 3218 3221 3220
f 3218 3220 3219
f 3126 3220 3222
f 3126 3222 3127
f 3127 3222 3223
f 3127 3223 3128
f 3128 3223 3224
f 3128 3224 3131
f 3131 3224 3225
f 3131 3225 3133
f 3132 3133 3225
f 3132 3225 3226
f 3132 3226 3227
f 3132 3227 3134
f 3225 3228 3227
f 3225 3227 3226
f 3134 3227 3229
f 3134 3229 3137
f 3136 3137 3229
f 3136 3229 3230
f 3136 3230 3231
f 3136 3231 3138
f 3229 3232 3231
f 3229 3231 3230
f 3138 3231 3233
f 3138 3233 3141
f 3140 3141 3233
f 3140 3233 3234
f 3140 3234 3235
f 3140 3235 3142
f 3142 3235 3236
f 3142 3236 3143
f 3144 3143 3236
f 3144 3236 3237
f 3144 3237 3238
f 3144 3238 3145
f 3145 3238 3239
f 3145 3239 3146
f 3146 3239 3240
f 3146 3240 3147
f 3147 3240 3241
f 3147 3241 3148
f 3148 3241 3242
f 3148 3242 3151
f 3151 3242 3243
f 3151 3243 3153
f 3243 3244 3152
f 3243 3152 3153
f 3152 3244 3245
f 3152 3245 3154
f 3243 3246 3245
f 3243 3245 3244
f 3154 3245 3247
f 3154 3247 3157
f 3247 3248 3156
f 3247 3156 3157
f 3156 3248 3249
f 3156 3249 3158
f 3247 3250 3249
f 3247 3249 3248
f 3158 3249 3251
f 3158 3251 3161
f 3250 3252 3251
f 3250 3251 3249
f 3161 3251 3253
f 3161 3253 3163
f 3252 3254 3253
f 3252 3253 3251
f 3253 3255 3162
f 3253 3162 3163
f 3162 3255 3256
f 3162 3256 3166
f 3253 3257 3256
f 3253 3256 3255
f 3166 3256 3258
f 3166 3258 3168
f 3257 3259 3258
f 3257 3258 3256
f 3168 3258 3260
f 3168 3260 3170
f 3261 3262 3260
f 3261 3260 3258
f 3172 3170 3260
f 3172 3260 3263
f 3172 3263 3264
f 3172 3264 3173
f 3262 3265 3264
f 3262 3264 3263
f 3173 3264 3266
f 3173 3266 3176
f 3265 3267 3266
f 3265 3266 3264
f 3176 3266 3268
f 3176 3268 3178
f 3267 3269 3268
f 3267 3268 3266
f 3178 3268 3270
f 3178 3270 3180
f 3269 3271 3270
f 3269 3270 3268
f 3182 3180 3270
f 3182 3270 3271
f 3182 3271 3272
f 3182 3272 3183
f 3273 3274 3272
f 3273 3272 3271
f 3183 3272 3275
f 3183 3275 3185
f 3274 3276 3275
f 3274 3275 3272
f 3185 3275 3277
f 3185 3277 3187
f 3276 3278 3277
f 3276 3277 3275
f 3187 3277 3279
f 3187 3279 3189
f 3278 3280 3279
f 3278 3279 3277
f 3189 3279 3281
f 3189 3281 3191
f 3280 3282 3281
f 3280 3281 3279
f 3194 3283 3284
f 3194 3284 3195
f 3285 3286 3284
f 3285 3284 3283
f 3195 3284 3287
f 3195 3287 3197
f 3286 3288 3287
f 3286 3287 3284
f 3197 3287 3289
f 3197 3289 3199
f 3288 3290 3289
f 3288 3289 3287
f 3199 3289 3291
f 3199 3291 3201
f 3290 3292 3291
f 3290 3291 3289
f 3201 3291 3293
f 3201 3293 3203
f 3292 3294 3293
f 3292 3293 3291
f 3203 3293 3295
f 3203 3295 3205
f 3294 3296 3295
f 3294 3295 3293
f 3205 3295 3297
f 3205 3297 3207
f 3296 3298 3297
f 3296 3297 3295
f 3207 3297 3299
f 3207 3299 3208
f 3298 3300 3299
f 3298 3299 3297
f 3210 3208 3299
f 3210 3299 3300
f 3210 3300 3301
f 3210 3301 3211
f 3211 3301 3302
f 3211 3302 3212
f 3303 3304 3302
f 3303 3302 3301
f 3214 3212 3302
f 3214 3302 3304
f 3214 3304 3305
f 3214 3305 3215
f 3215 3305 3306
f 3215 3306 3216
f 3216 3306 3307
f 3216 3307 3217
f 3217 3307 3308
f 3217 3308 3218
f 3218 3308 3309
f 3218 3309 3221
f 3220 3221 3309
f 3220 3309 3310
f 3220 3310 3311
f 3220 3311 3222
f 3309 3312 3311
f 3309 3311 3310
f 3222 3311 3313
f 3222 3313 3223
f 3312 3314 3313
f 3312 3313 3311
f 3223 3313 3315
f 3223 3315 3224
f 3224 3315 3316
f 3224 3316 3225
f 3225 3316 3317
f 3225 3317 3228
f 3227 3228 3317
f 3227 3317 3318
f 3227 3318 3319
f 3227 3319 3229
f 3229 3319 3320
f 3229 3320 3232
f 3231 3232 3320
f 3231 3320 3321
f 3231 3321 3322
f 3231 3322 3233
f 3234 3233 3322
f 3234 3322 3323
f 3234 3323 3324
f 3234 3324 3235
f 3322 3325 3324
f 3322 3324 3323
f 3235 3324 3326
f 3235 3326 3236
f 3237 3236 3326
f 3237 3326 3327
f 3237 3327 3328
f 3237 3328 3238
f 3238 3328 3329
f 3238 3329 3239
f 3239 3329 3330
f 3239 3330 3240
f 3240 3330 3331
f 3240 3331 3241
f 3332 3333 3331
f 3332 3331 3330
f 3241 3331 3334
f 3241 3334 3242
f 3333 3335 3334
f 3333 3334 3331
f 3242 3334 3336
f 3242 3336 3243
f 3243 3336 3337
f 3243 3337 3246
f 3337 3338 3245
f 3337 3245 3246
f 3245 3338 3339
f 3245 3339 3247
f 3337 3340 3339
f 3337 3339 3338
f 3247 3339 3341
f 3247 3341 3250
f 3340 3342 3341
f 3340 3341 3339
f 3250 3341 3343
f 3250 3343 3252
f 3342 3344 3343
f 3342 3343 3341
f 3252 3343 3345
f 3252 3345 3254
f 3345 3346 3253
f 3345 3253 3254
f 3253 3346 3347
f 3253 3347 3257
f 3345 3348 3347
f 3345 3347 3346
f 3257 3347 3349
f 3257 3349 3259
f 3348 3350 3349
f 3348 3349 3347
f 3261 3259 3349
f 3261 3349 3350
f 3261 3350 3351
f 3261 3351 3262
f 3352 3353 3351
f 3352 3351 3350
f 3262 3351 3354
f 3262 3354 3265
f 3353 3355 3354
f 3353 3354 3351
f 3265 3354 3356
f 3265 3356 3267
f 3355 3357 3356
f 3355 3356 3354
f 3267 3356 3358
f 3267 3358 3269
f 3357 3359 3358
f 3357 3358 3356
f 3269 3358 3360
f 3269 3360 3271
f 3359 3361 3360
f 3359 3360 3358
f 3273 3271 3360
f 3273 3360 3361
f 3273 3361 3362
f 3273 3362 3274
f 3363 3364 3362
f 3363 3362 3361
f 3274 3362 3365
f 3274 3365 3276
f 3364 3366 3365
f 3364 3365 3362
f 3276 3365 3367
f 3276 3367 3278
f 3366 3368 3367
f 3366 3367 3365
f 3278 3367 3369
f 3278 3369 3280
f 3368 3370 3369
f 3368 3369 3367
f 3280 3369 3371
f 3280 3371 3282
f 3370 3372 3371
f 3370 3371 3369
f 3285 3373 3374
f 3285 3374 3286
f 3375 3376 3374
f 3375 3374 3373
f 3286 3374 3377
f 3286 3377 3288
f 3376 3378 3377
f 3376 3377 3374
f 3288 3377 3379
f 3288 3379 3290
f 3378 3380 3379
f 3378 3379 3377
f 3290 3379 3381
f 3290 3381 3292
f 3380 3382 3381
f 3380 3381 3379
f 3292 3381 3383
f 3292 3383 3294
f 3382 3384 3383
f 3382 3383 3381
f 3294 3383 3385
f 3294 3385 3296
f 3384 3386 3385
f 3384 3385 3383
f 3296 3385 3387
f 3296 3387 3298
f 3386 3388 3387
f 3386 3387 3385
f 3298 3387 3389
f 3298 3389 3300
f 3388 3390 3389
f 3388 3389 3387
f 3300 3389 3391
f 3300 3391 3301
f 3390 3392 3391
f 3390 3391 3389
f 3303 3301 3391
f 3303 3391 3392
f 3303 3392 3393
f 3303 3393 3304
f 3304 3393 3394
f 3304 3394 3305
f 3305 3394 3395
f 3305 3395 3306
f 3306 3395 3396
f 3306 3396 3307
f 3307 3396 3397
f 3307 3397 3308
f 3308 3397 3398
f 3308 3398 3309
f 3309 3398 3399
f 3309 3399 3312
f 3312 3399 3400
f 3312 3400 3314
f 3313 3314 3400
f 3313 3400 3401
f 3313 3401 3402
f 3313 3402 3315
f 3400 3403 3402
f 3400 3402 3401
f 3315 3402 3404
f 3315 3404 3316
f 3403 3405 3404
f 3403 3404 3402
f 3316 3404 3406
f 3316 3406 3317
f 3318 3317 3406
f 3318 3406 3407
f 3318 3407 3408
f 3318 3408 3319
f 3406 3409 3408
f 3406 3408 3407
f 3319 3408 3410
f 3319 3410 3320
f 3321 3320 3410
f 3321 3410 3411
f 3321 3411 3412
f 3321 3412 3322
f 3322 3412 3413
f 3322 3413 3325
f 3324 3325 3413
f 3324 3413 3414
f 3324 3414 3415
f 3324 3415 3326
f 3327 3326 3415
f 3327 3415 3416
f 3327 3416 3417
f 3327 3417 3328
f 3328 3417 3418
f 3328 3418 3329
f 3329 3418 3419
f 3329 3419 3330
f 3420 3421 3419
f 3420 3419 3418
f 3332 3330 3419
f 3332 3419 3421
f 3332 3421 3422
f 3332 3422 3333
f 3333 3422 3423
f 3333 3423 3335
f 3423 3424 3334
f 3423 3334 3335
f 3334 3424 3425
f 3334 3425 3336
f 3423 3426 3425
f 3423 3425 3424
f 3336 3425 3427
f 3336 3427 3337
f 3426 3428 3427
f 3426 3427 3425
f 3337 3427 3429
f 3337 3429 3340
f 3428 3430 3429
f 3428 3429 3427
f 3340 3429 3431
f 3340 3431 3342
f 3342 3431 3432
f 3342 3432 3344
f 3432 3433 3343
f 3432 3343 3344
f 3343 3433 3434
f 3343 3434 3345
f 3432 3435 3434
f 3432 3434 3433
f 3345 3434 3436
f 3345 3436 3348
f 3435 3437 3436
f 3435 3436 3434
f 3348 3436 3438
f 3348 3438 3350
f 3437 3439 3438
f 3437 3438 3436
f 3352 3350 3438
f 3352 3438 3439
f 3352 3439 3440
f 3352 3440 3353
f 3353 3440 3441
f 3353 3441 3355
f 3355 3441 3442
f 3355 3442 3357
f 3443 3444 3442
f 3443 3442 3441
f 3357 3442 3445
f 3357 3445 3359
f 3444 3446 3445
f 3444 3445 3442
f 3359 3445 3447
f 3359 3447 3361
f 3446 3448 3447
f 3446 3447 3445
f 3363 3361 3447
f 3363 3447 3448
f 3363 3448 3449
f 3363 3449 3364
f 3364 3449 3450
f 3364 3450 3366
f 3366 3450 3451
f 3366 3451 3368
f 3368 3451 3452
f 3368 3452 3370
f 3370 3452 3453
f 3370 3453 3372
f 3375 3454 3455
f 3375 3455 3376
f 3456 3457 3455
f 3456 3455 3454
f 3376 3455 3458
f 3376 3458 3378
f 3457 3459 3458
f 3457 3458 3455
f 3378 3458 3460
f 3378 3460 3380
f 3459 3461 3460
f 3459 3460 3458
f 3380 3460 3462
f 3380 3462 3382
f 3461 3463 3462
f 3461 3462 3460
f 3382 3462 3464
f 3382 3464 3384
f 3463 3465 3464
f 3463 3464 3462
f 3384 3464 3466
f 3384 3466 3386
f 3386 3466 3467
f 3386 3467 3388
f 3388 3467 3468
f 3388 3468 3390
f 3390 3468 3469
f 3390 3469 3392
f 3392 3469 3470
f 3392 3470 3393
f 3393 3470 3471
f 3393 3471 3394
f 3394 3471 3472
f 3394 3472 3395
f 3395 3472 3473
f 3395 3473 3396
f 3396 3473 3474
f 3396 3474 3397
f 3397 3474 3475
f 3397 3475 3398
f 3398 3475 3476
f 3398 3476 3399
f 3399 3476 3477
f 3399 3477 3400
f 3400 3477 3478
f 3400 3478 3403
f 3403 3478 3479
f 3403 3479 3405
f 3404 3405 3479
f 3404 3479 3480
f 3404 3480 3481
f 3404 3481 3406
f 3406 3481 3482
f 3406 3482 3409
f 3408 3409 3482
f 3408 3482 3483
f 3408 3483 3484
f 3408 3484 3410
f 3411 3410 3484
f 3411 3484 3485
f 3411 3485 3486
f 3411 3486 3412
f 3412 3486 3487
f 3412 3487 3413
f 3414 3413 3487
f 3414 3487 3488
f 3414 3488 3489
f 3414 3489 3415
f 3416 3415 3489
f 3416 3489 3490
f 3416 3490 3491
f 3416 3491 3417
f 3417 3491 3492
f 3417 3492 3418
f 3420 3418 3492
f 3420 3492 3493
f 3420 3493 3494
f 3420 3494 3421
f 3421 3494 3495
f 3421 3495 3422
f 3422 3495 3496
f 3422 3496 3423
f 3423 3496 3497
f 3423 3497 3426
f 3426 3497 3498
f 3426 3498 3428
f 3428 3498 3499
f 3428 3499 3430
f 3499 3500 3429
f 3499 3429 3430
f 3429 3500 3501
f 3429 3501 3431
f 3499 3502 3501
f 3499 3501 3500
f 3431 3501 3503
f 3431 3503 3432
f 3502 3504 3503
f 3502 3503 3501
f 3432 3503 3505
f 3432 3505 3435
f 3504 3506 3505
f 3504 3505 3503
f 3435 3505 3507
f 3435 3507 3437
f 3506 3508 3507
f 3506 3507 3505
f 3437 3507 3509
f 3437 3509 3439
f 3508 3510 3509
f 3508 3509 3507
f 3439 3509 3511
f 3439 3511 3440
f 3510 3512 3511
f 3510 3511 3509
f 3440 3511 3513
f 3440 3513 3441
f 3512 3514 3513
f 3512 3513 3511
f 3443 3441 3513
f 3443 3513 3514
f 3443 3514 3515
f 3443 3515 3444
f 3444 3515 3516
f 3444 3516 3446
f 3446 3516 3517
f 3446 3517 3448
f 3448 3517 3518
f 3448 3518 3449
f 3519 3520 3518
f 3519 3518 3517
f 3449 3518 3521
f 3449 3521 3450
f 3520 3522 3521
f 3520 3521 3518
f 3450 3521 3523
f 3450 3523 3451
f 3522 3524 3523
f 3522 3523 3521
f 3451 3523 3525
f 3451 3525 3452
f 3524 3526 3525
f 3524 3525 3523
f 3452 3525 3527
f 3452 3527 3453
f 3526 3528 3527
f 3526 3527 3525
f 3456 3529 3530
f 3456 3530 3457
f 3457 3530 3531
f 3457 3531 3459
f 3459 3531 3532
f 3459 3532 3461
f 3461 3532 3533
f 3461 3533 3463
f 3463 3533 3534
f 3463 3534 3465
f 3534 3535 3464
f 3534 3464 3465
f 3464 3535 3536
f 3464 3536 3466
f 3534 3537 3536
f 3534 3536 3535
f 3466 3536 3538
f 3466 3538 3467
f 3537 3539 3538
f 3537 3538 3536
f 3467 3538 3540
f 3467 3540 3468
f 3539 3541 3540
f 3539 3540 3538
f 3468 3540 3542
f 3468 3542 3469
f 3541 3543 3542
f 3541 3542 3540
f 3469 3542 3544
f 3469 3544 3470
f 3470 3544 3545
f 3470 3545 3471
f 3471 3545 3546
f 3471 3546 3472
f 3472 3546 3547
f 3472 3547 3473
f 3473 3547 3548
f 3473 3548 3474
f 3474 3548 3549
f 3474 3549 3475
f 3475 3549 3550
f 3475 3550 3476
f 3476 3550 3551
f 3476 3551 3477
f 3477 3551 3552
f 3477 3552 3478
f 3478 3552 3553
f 3478 3553 3479
f 3480 3479 3553
f 3480 3553 3554
f 3480 3554 3555
f 3480 3555 3481
f 3553 3556 3555
f 3553 3555 3554
f 3481 3555 3557
f 3481 3557 3482
f 3483 3482 3557
f 3483 3557 3558
f 3483 3558 3559
f 3483 3559 3484
f 3485 3484 3559
f 3485 3559 3560
f 3485 3560 3561
f 3485 3561 3486
f 3486 3561 3562
f 3486 3562 3487
f 3488 3487 3562
f 3488 3562 3563
f 3488 3563 3564
f 3488 3564 3489
f 3490 3489 3564
f 3490 3564 3565
f 3490 3565 3566
f 3490 3566 3491
f 3491 3566 3567
f 3491 3567 3492
f 3568 3569 3567
f 3568 3567 3566
f 3493 3492 3567
f 3493 3567 3569
f 3493 3569 3570
f 3493 3570 3494
f 3494 3570 3571
f 3494 3571 3495
f 3572 3573 3571
f 3572 3571 3570
f 3495 3571 3574
f 3495 3574 3496
f 3573 3575 3574
f 3573 3574 3571
f 3496 3574 3576
f 3496 3576 3497
f 3575 3577 3576
f 3575 3576 3574
f 3497 3576 3578
f 3497 3578 3498
f 3577 3579 3578
f 3577 3578 3576
f 3498 3578 3580
f 3498 3580 3499
f 3579 3581 3580
f 3579 3580 3578
f 3499 3580 3582
f 3499 3582 3502
f 3581 3583 3582
f 3581 3582 3580
f 3502 3582 3584
f 3502 3584 3504
f 3504 3584 3585
f 3504 3585 3506
f 3506 3585 3586
f 3506 3586 3508
f 3508 3586 3587
f 3508 3587 3510
f 3510 3587 3588
f 3510 3588 3512
f 3512 3588 3589
f 3512 3589 3514
f 3514 3589 3590
f 3514 3590 3515
f 3515 3590 3591
f 3515 3591 3516
f 3516 3591 3592
f 3516 3592 3517
f 3519 3517 3592
f 3519 3592 3593
f 3519 3593 3594
f 3519 3594 3520
f 3592 3595 3594
f 3592 3594 3593
f 3520 3594 3596
f 3520 3596 3522
f 3595 3597 3596
f 3595 3596 3594
f 3522 3596 3598
f 3522 3598 3524
f 3597 3599 3598
f 3597 3598 3596
f 3524 3598 3600
f 3524 3600 3526
f 3599 3601 3600
f 3599 3600 3598
f 3526 3600 3602
f 3526 3602 3528
f 3601 3603 3602
f 3601 3602 3600
f 3529 3604 3605
f 3529 3605 3530
f 3606 3607 3605
f 3606 3605 3604
f 3530 3605 3608
f 3530 3608 3531
f 3607 3609 3608
f 3607 3608 3605
f 3531 3608 3610
f 3531 3610 3532
f 3609 3611 3610
f 3609 3610 3608
f 3532 3610 3612
f 3532 3612 3533
f 3611 3613 3612
f 3611 3612 3610
f 3533 3612 3614
f 3533 3614 3534
f 3613 3615 3614
f 3613 3614 3612
f 3534 3614 3616
f 3534 3616 3537
f 3615 3617 3616
f 3615 3616 3614
f 3537 3616 3618
f 3537 3618 3539
f 3539 3618 3619
f 3539 3619 3541
f 3541 3619 3620
f 3541 3620 3543
f 3620 3621 3542
f 3620 3542 3543
f 3542 3621 3622
f 3542 3622 3544
f 3620 3623 3622
f 3620 3622 3621
f 3544 3622 3624
f 3544 3624 3545
f 3545 3624 3625
f 3545 3625 3546
f 3546 3625 3626
f 3546 3626 3547
f 3547 3626 3627
f 3547 3627 3548
f 3548 3627 3628
f 3548 3628 3549
f 3629 3630 3628
f 3629 3628 3627
f 3549 3628 3631
f 3549 3631 3550
f 3630 3632 3631
f 3630 3631 3628
f 3550 3631 3633
f 3550 3633 3551
f 3632 3634 3633
f 3632 3633 3631
f 3551 3633 3635
f 3551 3635 3552
f 3634 3636 3635
f 3634 3635 3633
f 3552 3635 3637
f 3552 3637 3553
f 3553 3637 3638
f 3553 3638 3556
f 3555 3556 3638
f 3555 3638 3639
f 3555 3639 3640
f 3555 3640 3557
f 3558 3557 3640
f 3558 3640 3641
f 3558 3641 3642
f 3558 3642 3559
f 3560 3559 3642
f 3560 3642 3643
f 3560 3643 3644
f 3560 3644 3561
f 3561 3644 3645
f 3561 3645 3562
f 3646 3647 3645
f 3646 3645 3644
f 3563 3562 3645
f 3563 3645 3647
f 3563 3647 3648
f 3563 3648 3564
f 3649 3650 3648
f 3649 3648 3647
f 3565 3564 3648
f 3565 3648 3650
f 3565 3650 3651
f 3565 3651 3566
f 3652 3653 3651
f 3652 3651 3650
f 3568 3566 3651
f 3568 3651 3653
f 3568 3653 3654
f 3568 3654 3569
f 3569 3654 3655
f 3569 3655 3570
f 3656 3657 3655
f 3656 3655 3654
f 3572 3570 3655
f 3572 3655 3657
f 3572 3657 3658
f 3572 3658 3573
f 3573 3658 3659
f 3573 3659 3575
f 3575 3659 3660
f 3575 3660 3577
f 3661 3662 3660
f 3661 3660 3659
f 3577 3660 3663
f 3577 3663 3579
f 3662 3664 3663
f 3662 3663 3660
f 3579 3663 3665
f 3579 3665 3581
f 3581 3665 3666
f 3581 3666 3583
f 3666 3667 3582
f 3666 3582 3583
f 3582 3667 3668
f 3582 3668 3584
f 3666 3669 3668
f 3666 3668 3667
f 3584 3668 3670
f 3584 3670 3585
f 3669 3671 3670
f 3669 3670 3668
f 3585 3670 3672
f 3585 3672 3586
f 3671 3673 3672
f 3671 3672 3670
f 3586 3672 3674
f 3586 3674 3587
f 3673 3675 3674
f 3673 3674 3672
f 3587 3674 3676
f 3587 3676 3588
f 3588 3676 3677
f 3588 3677 3589
f 3589 3677 3678
f 3589 3678 3590
f 3590 3678 3679
f 3590 3679 3591
f 3591 3679 3680
f 3591 3680 3592
f 3592 3680 3681
f 3592 3681 3595
f 3595 3681 3682
f 3595 3682 3597
f 3597 3682 3683
f 3597 3683 3599
f 3599 3683 3684
f 3599 3684 3601
f 3601 3684 3685
f 3601 3685 3603
f 3606 3686 3687
f 3606 3687 3607
f 3688 3689 3687
f 3688 3687 3686
f 3607 3687 3690
f 3607 3690 3609
f 3689 3691 3690
f 3689 3690 3687
f 3609 3690 3692
f 3609 3692 3611
f 3691 3693 3692
f 3691 3692 3690
f 3611 3692 3694
f 3611 3694 3613
f 3693 3695 3694
f 3693 3694 3692
f 3613 3694 3696
f 3613 3696 3615
f 3615 3696 3697
f 3615 3697 3617
f 3697 3698 3616
f 3697 3616 3617
f 3616 3698 3699
f 3616 3699 3618
f 3697 3700 3699
f 3697 3699 3698
f 3618 3699 3701
f 3618 3701 3619
f 3619 3701 3702
f 3619 3702 3620
f 3620 3702 3703
f 3620 3703 3623
f 3704 3705 3703
f 3704 3703 3702
f 3703 3705 3622
f 3703 3622 3623
f 3622 3705 3706
f 3622 3706 3624
f 3624 3706 3707
f 3624 3707 3625
f 3625 3707 3708
f 3625 3708 3626
f 3709 3710 3708
f 3709 3708 3707
f 3626 3708 3711
f 3626 3711 3627
f 3710 3712 3711
f 3710 3711 3708
f 3711 3712 3629
f 3711 3629 3627
f 3629 3712 3713
f 3629 3713 3630
f 3630 3713 3714
f 3630 3714 3632
f 3632 3714 3715
f 3632 3715 3634
f 3634 3715 3716
f 3634 3716 3636
f 3635 3636 3716
f 3635 3716 3717
f 3635 3717 3718
f 3635 3718 3637
f 3637 3718 3719
f 3637 3719 3638
f 3639 3638 3719
f 3639 3719 3720
f 3639 3720 3721
f 3639 3721 3640
f 3641 3640 3721
f 3641 3721 3722
f 3641 3722 3723
f 3641 3723 3642
f 3643 3642 3723
f 3643 3723 3724
f 3643 3724 3725
f 3643 3725 3644
f 3646 3644 3725
f 3646 3725 3726
f 3646 3726 3727
f 3646 3727 3647
f 3649 3647 3727
f 3649 3727 3728
f 3649 3728 3729
f 3649 3729 3650
f 3652 3650 3729
f 3652 3729 3730
f 3652 3730 3731
f 3652 3731 3653
f 3653 3731 3732
f 3653 3732 3654
f 3733 3734 3732
f 3733 3732 3731
f 3656 3654 3732
f 3656 3732 3734
f 3656 3734 3735
f 3656 3735 3657
f 3657 3735 3736
f 3657 3736 3658
f 3737 3738 3736
f 3737 3736 3735
f 3658 3736 3739
f 3658 3739 3659
f 3738 3740 3739
f 3738 3739 3736
f 3661 3659 3739
f 3661 3739 3740
f 3661 3740 3741
f 3661 3741 3662
f 3662 3741 3742
f 3662 3742 3664
f 3742 3743 3663
f 3742 3663 3664
f 3663 3743 3744
f 3663 3744 3665
f 3742 3745 3744
f 3742 3744 3743
f 3665 3744 3746
f 3665 3746 3666
f 3745 3747 3746
f 3745 3746 3744
f 3666 3746 3748
f 3666 3748 3669
f 3747 3749 3748
f 3747 3748 3746
f 3669 3748 3750
f 3669 3750 3671
f 3671 3750 3751
f 3671 3751 3673
f 3673 3751 3752
f 3673 3752 3675
f 3752 3753 3674
f 3752 3674 3675
f 3674 3753 3754
f 3674 3754 3676
f 3676 3754 3755
f 3676 3755 3677
f 3677 3755 3756
f 3677 3756 3678
f 3678 3756 3757
f 3678 3757 3679
f 3679 3757 3758
f 3679 3758 3680
f 3680 3758 3759
f 3680 3759 3681
f 3760 3761 3759
f 3760 3759 3758
f 3681 3759 3762
f 3681 3762 3682
f 3761 3763 3762
f 3761 3762 3759
f 3682 3762 3764
f 3682 3764 3683
f 3763 3765 3764
f 3763 3764 3762
f 3683 3764 3766
f 3683 3766 3684
f 3765 3767 3766
f 3765 3766 3764
f 3684 3766 3768
f 3684 3768 3685
f 3767 3769 3768
f 3767 3768 3766
f 3688 3770 3771
f 3688 3771 3689
f 3689 3771 3772
f 3689 3772 3691
f 3691 3772 3773
f 3691 3773 3693
f 3693 3773 3774
f 3693 3774 3695
f 3774 3775 3694
f 3774 3694 3695
f 3694 3775 3776
f 3694 3776 3696
f 3774 3777 3776
f 3774 3776 3775
f 3696 3776 3778
f 3696 3778 3697
f 3697 3778 3779
f 3697 3779 3700
f 3779 3780 3699
f 3779 3699 3700
f 3699 3780 3781
f 3699 3781 3701
f 3701 3781 3782
f 3701 3782 3702
f 3782 3783 3704
f 3782 3704 3702
f 3704 3783 3784
f 3704 3784 3705
f 3705 3784 3785
f 3705 3785 3706
f 3706 3785 3786
f 3706 3786 3707
f 3786 3787 3709
f 3786 3709 3707
f 3709 3787 3788
f 3709 3788 3710
f 3710 3788 3789
f 3710 3789 3712
f 3712 3789 3790
f 3712 3790 3713
f 3713 3790 3791
f 3713 3791 3714
f 3714 3791 3792
f 3714 3792 3715
f 3715 3792 3793
f 3715 3793 3716
f 3717 3716 3793
f 3717 3793 3794
f 3717 3794 3795
f 3717 3795 3718
f 3718 3795 3796
f 3718 3796 3719
f 3720 3719 3796
f 3720 3796 3797
f 3720 3797 3798
f 3720 3798 3721
f 3722 3721 3798
f 3722 3798 3799
f 3722 3799 3800
f 3722 3800 3723
f 3724 3723 3800
f 3724 3800 3801
f 3724 3801 3802
f 3724 3802 3725
f 3726 3725 3802
f 3726 3802 3803
f 3726 3803 3804
f 3726 3804 3727
f 3728 3727 3804
f 3728 3804 3805
f 3728 3805 3806
f 3728 3806 3729
f 3730 3729 3806
f 3730 3806 3807
f 3730 3807 3808
f 3730 3808 3731
f 3733 3731 3808
f 3733 3808 3809
f 3733 3809 3810
f 3733 3810 3734
f 3734 3810 3811
f 3734 3811 3735
f 3812 3813 3811
f 3812 3811 3810
f 3737 3735 3811
f 3737 3811 3813
f 3737 3813 3814
f 3737 3814 3738
f 3738 3814 3815
f 3738 3815 3740
f 3740 3815 3816
f 3740 3816 3741
f 3817 3818 3816
f 3817 3816 3815
f 3741 3816 3819
f 3741 3819 3742
f 3742 3819 3820
f 3742 3820 3745
f 3745 3820 3821
f 3745 3821 3747
f 3747 3821 3822
f 3747 3822 3749
f 3822 3823 3748
f 3822 3748 3749
f 3748 3823 3824
f 3748 3824 3750
f 3750 3824 3825
f 3750 3825 3751
f 3751 3825 3826
f 3751 3826 3752
f 3826 3827 3753
f 3826 3753 3752
f 3753 3827 3828
f 3753 3828 3754
f 3754 3828 3829
f 3754 3829 3755
f 3755 3829 3830
f 3755 3830 3756
f 3756 3830 3831
f 3756 3831 3757
f 3757 3831 3832
f 3757 3832 3758
f 3833 3834 3832
f 3833 3832 3831
f 3832 3834 3760
f 3832 3760 3758
f 3760 3834 3835
f 3760 3835 3761
f 3761 3835 3836
f 3761 3836 3763
f 3763 3836 3837
f 3763 3837 3765
f 3765 3837 3838
f 3765 3838 3767
f 3767 3838 3839
f 3767 3839 3769
f 3770 3840 3841
f 3770 3841 3771
f 3771 3841 3842
f 3771 3842 3772
f 3772 3842 3843
f 3772 3843 3773
f 3773 3843 3844
f 3773 3844 3774
f 3774 3844 3845
f 3774 3845 3777
f 3845 3846 3776
f 3845 3776 3777
f 3776 3846 3847
f 3776 3847 3778
f 3778 3847 3848
f 3778 3848 3779
f 3848 3849 3780
f 3848 3780 3779
f 3780 3849 3850
f 3780 3850 3781
f 3781 3850 3851
f 3781 3851 3782
f 3851 3852 3783
f 3851 3783 3782
f 3783 3852 3853
f 3783 3853 3784
f 3784 3853 3854
f 3784 3854 3785
f 3785 3854 3855
f 3785 3855 3786
f 3855 3856 3787
f 3855 3787 3786
f 3787 3856 3857
f 3787 3857 3788
f 3788 3857 3858
f 3788 3858 3789
f 3789 3858 3859
f 3789 3859 3790
f 3790 3859 3860
f 3790 3860 3791
f 3791 3860 3861
f 3791 3861 3792
f 3792 3861 3862
f 3792 3862 3793
f 3794 3793 3862
f 3794 3862 3863
f 3794 3863 3864
f 3794 3864 3795
f 3795 3864 3865
f 3795 3865 3796
f 3797 3796 3865
f 3797 3865 3866
f 3797 3866 3867
f 3797 3867 3798
f 3799 3798 3867
f 3799 3867 3868
f 3799 3868 3869
f 3799 3869 3800
f 3801 3800 3869
f 3801 3869 3870
f 3801 3870 3871
f 3801 3871 3802
f 3803 3802 3871
f 3803 3871 3872
f 3803 3872 3873
f 3803 3873 3804
f 3805 3804 3873
f 3805 3873 3874
f 3805 3874 3875
f 3805 3875 3806
f 3807 3806 3875
f 3807 3875 3876
f 3807 3876 3877
f 3807 3877 3808
f 3809 3808 3877
f 3809 3877 3878
f 3809 3878 3879
f 3809 3879 3810
f 3812 3810 3879
f 3812 3879 3880
f 3812 3880 3881
f 3812 3881 3813
f 3813 3881 3882
f 3813 3882 3814
f 3814 3882 3883
f 3814 3883 3815
f 3817 3815 3883
f 3817 3883 3884
f 3817 3884 3885
f 3817 3885 3818
f 3885 3886 3816
f 3885 3816 3818
f 3816 3886 3887
f 3816 3887 3819
f 3819 3887 3888
f 3819 3888 3820
f 3820 3888 3889
f 3820 3889 3821
f 3821 3889 3890
f 3821 3890 3822
f 3890 3891 3823
f 3890 3823 3822
f 3823 3891 3892
f 3823 3892 3824
f 3824 3892 3893
f 3824 3893 3825
f 3825 3893 3894
f 3825 3894 3826
f 3894 3895 3827
f 3894 3827 3826
f 3827 3895 3896
f 3827 3896 3828
f 3828 3896 3897
f 3828 3897 3829
f 3829 3897 3898
f 3829 3898 3830
f 3830 3898 3899
f 3830 3899 3831
f 3899 3900 3833
f 3899 3833 3831
f 3833 3900 3901
f 3833 3901 3834
f 3834 3901 3902
f 3834 3902 3835
f 3835 3902 3903
f 3835 3903 3836
f 3836 3903 3904
f 3836 3904 3837
f 3837 3904 3905
f 3837 3905 3838
f 3838 3905 3906
f 3838 3906 3839
f 3840 3907 3908
f 3840 3908 3841
f 3841 3908 3909
f 3841 3909 3842
f 3842 3909 3910
f 3842 3910 3843
f 3843 3910 3911
f 3843 3911 3844
f 3844 3911 3912
f 3844 3912 3845
f 3912 3913 3846
f 3912 3846 3845
f 3846 3913 3914
f 3846 3914 3847
f 3847 3914 3915
f 3847 3915 3848
f 3915 3916 3849
f 3915 3849 3848
f 3849 3916 3917
f 3849 3917 3850
f 3850 3917 3918
f 3850 3918 3851
f 3918 3919 3852
f 3918 3852 3851
f 3852 3919 3920
f 3852 3920 3853
f 3853 3920 3921
f 3853 3921 3854
f 3854 3921 3922
f 3854 3922 3855
f 3922 3923 3856
f 3922 3856 3855
f 3856 3923 3924
f 3856 3924 3857
f 3857 3924 3925
f 3857 3925 3858
f 3858 3925 3926
f 3858 3926 3859
f 3859 3926 3927
f 3859 3927 3860
f 3860 3927 3928
f 3860 3928 3861
f 3861 3928 3929
f 3861 3929 3862
f 3863 3862 3929
f 3863 3929 3930
f 3863 3930 3931
f 3863 3931 3864
f 3864 3931 3932
f 3864 3932 3865
f 3866 3865 3932
f 3866 3932 3933
f 3866 3933 3934
f 3866 3934 3867
f 3868 3867 3934
f 3868 3934 3935
f 3868 3935 3936
f 3868 3936 3869
f 3870 3869 3936
f 3870 3936 3937
f 3870 3937 3938
f 3870 3938 3871
f 3872 3871 3938
f 3872 3938 3939
f 3872 3939 3940
f 3872 3940 3873
f 3874 3873 3940
f 3874 3940 3941
f 3874 3941 3942
f 3874 3942 3875
f 3876 3875 3942
f 3876 3942 3943
f 3876 3943 3944
f 3876 3944 3877
f 3878 3877 3944
f 3878 3944 3945
f 3878 3945 3946
f 3878 3946 3879
f 3880 3879 3946
f 3880 3946 3947
f 3880 3947 3948
f 3880 3948 3881
f 3881 3948 3949
f 3881 3949 3882
f 3882 3949 3950
f 3882 3950 3883
f 3884 3883 3950
f 3884 3950 3951
f 3884 3951 3952
f 3884 3952 3885
f 3952 3953 3886
f 3952 3886 3885
f 3886 3953 3954
f 3886 3954 3887
f 3887 3954 3955
f 3887 3955 3888
f 3888 3955 3956
f 3888 3956 3889
f 3889 3956 3957
f 3889 3957 3890
f 3957 3958 3891
f 3957 3891 3890
f 3891 3958 3959
f 3891 3959 3892
f 3892 3959 3960
f 3892 3960 3893
f 3893 3960 3961
f 3893 3961 3894
f 3961 3962 3895
f 3961 3895 3894
f 3895 3962 3963
f 3895 3963 3896
f 3896 3963 3964
f 3896 3964 3897
f 3897 3964 3965
f 3897 3965 3898
f 3898 3965 3966
f 3898 3966 3899
f 3966 3967 3900
f 3966 3900 3899
f 3900 3967 3968
f 3900 3968 3901
f 3901 3968 3969
f 3901 3969 3902
f 3902 3969 3970
f 3902 3970 3903
f 3903 3970 3971
f 3903 3971 3904
f 3904 3971 3972
f 3904 3972 3905
f 3905 3972 3973
f 3905 3973 3906
f 3907 3974 3975
f 3907 3975 3908
f 3908 3975 3976
f 3908 3976 3909
f 3909 3976 3977
f 3909 3977 3910
f 3910 3977 3978
f 3910 3978 3911
f 3911 3978 3979
f 3911 3979 3912
f 3979 3980 3913
f 3979 3913 3912
f 3913 3980 3981
f 3913 3981 3914
f 3914 3981 3982
f 3914 3982 3915
f 3982 3983 3916
f 3982 3916 3915
f 3916 3983 3984
f 3916 3984 3917
f 3917 3984 3985
f 3917 3985 3918
f 3985 3986 3919
f 3985 3919 3918
f 3919 3986 3987
f 3919 3987 3920
f 3920 3987 3988
f 3920 3988 3921
f 3921 3988 3989
f 3921 3989 3922
f 3989 3990 3923
f 3989 3923 3922
f 3923 3990 3991
f 3923 3991 3924
f 3924 3991 3992
f 3924 3992 3925
f 3925 3992 3993
f 3925 3993 3926
f 3926 3993 3994
f 3926 3994 3927
f 3927 3994 3995
f 3927 3995 3928
f 3928 3995 3996
f 3928 3996 3929
f 3930 3929 3996
f 3930 3996 3997
f 3930 3997 3998
f 3930 3998 3931
f 3931 3998 3999
f 3931 3999 3932
f 3933 3932 3999
f 3933 3999 4000
f 3933 4000 4001
f 3933 4001 3934
f 3935 3934 4001
f 3935 4001 4002
f 3935 4002 4003
f 3935 4003 3936
f 3937 3936 4003
f 3937 4003 4004
f 3937 4004 4005
f 3937 4005 3938
f 3939 3938 4005
f 3939 4005 4006
f 3939 4006 4007
f 3939 4007 3940
f 3941 3940 4007
f 3941 4007 4008
f 3941 4008 4009
f 3941 4009 3942
f 3943 3942 4009
f 3943 4009 4010
f 3943 4010 4011
f 3943 4011 3944
f 3945 3944 4011
f 3945 4011 4012
f 3945 4012 4013
f 3945 4013 3946
f 3947 3946 4013
f 3947 4013 4014
f 3947 4014 4015
f 3947 4015 3948
f 3948 4015 4016
f 3948 4016 3949
f 3949 4016 4017
f 3949 4017 3950
f 3951 3950 4017
f 3951 4017 4018
f 3951 4018 4019
f 3951 4019 3952
f 4019 4020 3953
f 4019 3953 3952
f 3953 4020 4021
f 3953 4021 3954
f 3954 4021 4022
f 3954 4022 3955
f 3955 4022 4023
f 3955 4023 3956
f 3956 4023 4024
f 3956 4024 3957
f 4024 4025 3958
f 4024 3958 3957
f 3958 4025 4026
f 3958 4026 3959
f 3959 4026 4027
f 3959 4027 3960
f 3960 4027 4028
f 3960 4028 3961
f 4028 4029 3962
f 4028 3962 3961
f 3962 4029 4030
f 3962 4030 3963
f 3963 4030 4031
f 3963 4031 3964
f 3964 4031 4032
f 3964 4032 3965
f 3965 4032 4033
f 3965 4033 3966
f 4033 4034 3967
f 4033 3967 3966
f 3967 4034 4035
f 3967 4035 3968
f 3968 4035 4036
f 3968 4036 3969
f 3969 4036 4037
f 3969 4037 3970
f 3970 4037 4038
f 3970 4038 3971
f 3971 4038 4039
f 3971 4039 3972
f 3972 4039 4040
f 3972 4040 3973
f 3974 4041 4042
f 3974 4042 3975
f 3975 4042 4043
f 3975 4043 3976
f 3976 4043 4044
f 3976 4044 3977
f 3977 4044 4045
f 3977 4045 3978
f 3978 4045 4046
f 3978 4046 3979
f 4046 4047 3980
f 4046 3980 3979
f 3980 4047 4048
f 3980 4048 3981
f 3981 4048 4049
f 3981 4049 3982
f 4049 4050 3983
f 4049 3983 3982
f 3983 4050 4051
f 3983 4051 3984
f 3984 4051 4052
f 3984 4052 3985
f 4052 4053 3986
f 4052 3986 3985
f 3986 4053 4054
f 3986 4054 3987
f 3987 4054 4055
f 3987 4055 3988
f 3988 4055 4056
f 3988 4056 3989
f 4056 4057 3990
f 4056 3990 3989
f 3990 4057 4058
f 3990 4058 3991
f 3991 4058 4059
f 3991 4059 3992
f 3992 4059 4060
f 3992 4060 3993
f 3993 4060 4061
f 3993 4061 3994
f 3994 4061 4062
f 3994 4062 3995
f 3995 4062 4063
f 3995 4063 3996
f 3997 3996 4063
f 3997 4063 4064
f 3997 4064 4065
f 3997 4065 3998
f 3998 4065 4066
f 3998 4066 3999
f 4000 3999 4066
f 4000 4066 4067
f 4000 4067 4068
f 4000 4068 4001
f 4002 4001 4068
f 4002 4068 4069
f 4002 4069 4070
f 4002 4070 4003
f 4004 4003 4070
f 4004 4070 4071
f 4004 4071 4072
f 4004 4072 4005
f 4006 4005 4072
f 4006 4072 4073
f 4006 4073 4074
f 4006 4074 4007
f 4008 4007 4074
f 4008 4074 4075
f 4008 4075 4076
f 4008 4076 4009
f 4010 4009 4076
f 4010 4076 4077
f 4010 4077 4078
f 4010 4078 4011
f 4012 4011 4078
f 4012 4078 4079
f 4012 4079 4080
f 4012 4080 4013
f 4014 4013 4080
f 4014 4080 4081
f 4014 4081 4082
f 4014 4082 4015
f 4015 4082 4083
f 4015 4083 4016
f 4016 4083 4084
f 4016 4084 4017
f 4018 4017 4084
f 4018 4084 4085
f 4018 4085 4086
f 4018 4086 4019
f 4086 4087 4020
f 4086 4020 4019
f 4020 4087 4088
f 4020 4088 4021
f 4021 4088 4089
f 4021 4089 4022
f 4022 4089 4090
f 4022 4090 4023
f 4023 4090 4091
f 4023 4091 4024
f 4091 4092 4025
f 4091 4025 4024
f 4025 4092 4093
f 4025 4093 4026
f 4026 4093 4094
f 4026 4094 4027
f 4027 4094 4095
f 4027 4095 4028
f 4095 4096 4029
f 4095 4029 4028
f 4029 4096 4097
f 4029 4097 4030
f 4030 4097 4098
f 4030 4098 4031
f 4031 4098 4099
f 4031 4099 4032
f 4032 4099 4100
f 4032 4100 4033
f 4100 4101 4034
f 4100 4034 4033
f 4034 4101 4102
f 4034 4102 4035
f 4035 4102 4103
f 4035 4103 4036
f 4036 4103 4104
f 4036 4104 4037
f 4037 4104 4105
f 4037 4105 4038
f 4038 4105 4106
f 4038 4106 4039
f 4039 4106 4107
f 4039 4107 4040
f 4108 1 4
f 4108 4 4109
f 4110 4111 4042
f 4110 4042 4041
f 4109 4 6
f 4109 6 4112
f 4111 4113 4043
f 4111 4043 4042
f 4112 6 8
f 4112 8 4114
f 4113 4115 4044
f 4113 4044 4043
f 4114 8 10
f 4114 10 4116
f 4115 4117 4045
f 4115 4045 4044
f 4116 10 12
f 4116 12 4118
f 4117 4119 4046
f 4117 4046 4045
f 4118 13 16
f 4118 16 4120
f 4119 4121 4048
f 4119 4048 4047
f 4120 16 18
f 4120 18 4122
f 4121 4123 4049
f 4121 4049 4048
f 4122 19 22
f 4122 22 4124
f 4123 4125 4051
f 4123 4051 4050
f 4124 22 24
f 4124 24 4126
f 4125 4127 4052
f 4125 4052 4051
f 4126 24 26
f 4126 26 4128
f 4127 4129 4054
f 4127 4054 4053
f 4128 26 28
f 4128 28 4130
f 4129 4131 4055
f 4129 4055 4054
f 4130 28 30
f 4130 30 4132
f 4131 4133 4056
f 4131 4056 4055
f 4132 30 32
f 4132 32 4134
f 4133 4135 4058
f 4133 4058 4057
f 4134 32 34
f 4134 34 4136
f 4135 4137 4059
f 4135 4059 4058
f 4136 36 38
f 4136 38 4138
f 4137 4139 4060
f 4137 4060 4059
f 4138 40 42
f 4138 42 4140
f 4139 4141 4061
f 4139 4061 4060
f 4140 44 46
f 4140 46 4142
f 4141 4143 4062
f 4141 4062 4061
f 4142 48 50
f 4142 50 4144
f 4143 4145 4063
f 4143 4063 4062
f 4144 50 52
f 4144 52 4146
f 4145 4147 4065
f 4145 4065 4064
f 4146 54 56
f 4146 56 4148
f 4147 4149 4066
f 4147 4066 4065
f 4148 56 58
f 4148 58 4150
f 4149 4151 4068
f 4149 4068 4067
f 4150 60 62
f 4150 62 4152
f 4151 4153 4070
f 4151 4070 4069
f 4152 62 64
f 4152 64 4154
f 4153 4155 4072
f 4153 4072 4071
f 4154 64 66
f 4154 66 4156
f 4155 4157 4074
f 4155 4074 4073
f 4156 66 68
f 4156 68 4158
f 4157 4159 4076
f 4157 4076 4075
f 4158 68 70
f 4158 70 4160
f 4159 4161 4078
f 4159 4078 4077
f 4160 71 74
f 4160 74 4162
f 4161 4163 4080
f 4161 4080 4079
f 4162 74 76
f 4162 76 4164
f 4163 4165 4082
f 4163 4082 4081
f 4164 77 80
f 4164 80 4166
f 4165 4167 4083
f 4165 4083 4082
f 4166 80 82
f 4166 82 4168
f 4167 4169 4084
f 4167 4084 4083
f 4168 83 86
f 4168 86 4170
f 4169 4171 4086
f 4169 4086 4085
f 4170 86 88
f 4170 88 4172
f 4171 4173 4088
f 4171 4088 4087
f 4172 89 92
f 4172 92 4174
f 4173 4175 4089
f 4173 4089 4088
f 4174 93 96
f 4174 96 4176
f 4175 4177 4090
f 4175 4090 4089
f 4176 96 98
f 4176 98 4178
f 4177 4179 4091
f 4177 4091 4090
f 4178 99 102
f 4178 102 4180
f 4179 4181 4093
f 4179 4093 4092
f 4180 102 104
f 4180 104 4182
f 4181 4183 4094
f 4181 4094 4093
f 4182 104 106
f 4182 106 4184
f 4183 4185 4095
f 4183 4095 4094
f 4184 106 108
f 4184 108 4186
f 4185 4187 4097
f 4185 4097 4096
f 4186 110 112
f 4186 112 4188
f 4187 4189 4098
f 4187 4098 4097
f 4188 112 114
f 4188 114 4190
f 4189 4191 4099
f 4189 4099 4098
f 4190 116 118
f 4190 118 4192
f 4191 4193 4100
f 4191 4100 4099
f 4192 118 120
f 4192 120 4194
f 4193 4195 4102
f 4193 4102 4101
f 4194 122 124
f 4194 124 4196
f 4195 4197 4103
f 4195 4103 4102
f 4196 124 126
f 4196 126 4198
f 4197 4199 4104
f 4197 4104 4103
f 4198 126 128
f 4198 128 4200
f 4199 4201 4105
f 4199 4105 4104
f 4200 128 130
f 4200 130 4202
f 4201 4203 4106
f 4201 4106 4105
f 4202 130 132
f 4202 132 4204
f 4203 4205 4107
f 4203 4107 4106
f 4108 4206 2
f 4108 2 1
f 4204 132 131
f 4204 131 4207
f 4206 4208 133
f 4206 133 2
f 4207 131 198
f 4207 198 4209
f 4208 4210 199
f 4208 199 133
f 4209 198 264
f 4209 264 4211
f 4210 4212 265
f 4210 265 199
f 4211 264 341
f 4211 341 4213
f 4212 4214 343
f 4212 343 265
f 4213 342 437
f 4213 437 4215
f 4214 4216 438
f 4214 438 345
f 4215 437 525
f 4215 525 4217
f 4216 4218 527
f 4216 527 438
f 4217 526 619
f 4217 619 4219
f 4218 4220 621
f 4218 621 529
f 4219 620 706
f 4219 706 4221
f 4220 4222 707
f 4220 707 623
f 4221 706 787
f 4221 787 4223
f 4222 4224 789
f 4222 789 707
f 4223 788 874
f 4223 874 4225
f 4224 4226 875
f 4224 875 791
f 4225 874 958
f 4225 958 4227
f 4226 4228 959
f 4226 959 875
f 4227 958 1055
f 4227 1055 4229
f 4228 4230 1056
f 4228 1056 961
f 4229 1055 1145
f 4229 1145 4231
f 4230 4232 1146
f 4230 1146 1056
f 4231 1145 1240
f 4231 1240 4233
f 4232 4234 1242
f 4232 1242 1146
f 4233 1241 1334
f 4233 1334 4235
f 4234 4236 1335
f 4234 1335 1242
f 4235 1334 1433
f 4235 1433 4237
f 4236 4238 1435
f 4236 1435 1335
f 4237 1434 1521
f 4237 1521 4239
f 4238 4240 1523
f 4238 1523 1435
f 4239 1522 1610
f 4239 1610 4241
f 4240 4242 1612
f 4240 1612 1523
f 4241 1611 1687
f 4241 1687 4243
f 4242 4244 1689
f 4242 1689 1612
f 4243 1688 1760
f 4243 1760 4245
f 4244 4246 1761
f 4244 1761 1689
f 4245 1760 1837
f 4245 1837 4247
f 4246 4248 1839
f 4246 1839 1761
f 4247 1838 1916
f 4247 1916 4249
f 4248 4250 1918
f 4248 1918 1839
f 4249 1917 1999
f 4249 1999 4251
f 4250 4252 2000
f 4250 2000 1920
f 4251 1999 2084
f 4251 2084 4253
f 4252 4254 2085
f 4252 2085 2002
f 4253 2084 2177
f 4253 2177 4255
f 4254 4256 2178
f 4254 2178 2087
f 4255 2177 2271
f 4255 2271 4257
f 4256 4258 2273
f 4256 2273 2180
f 4257 2272 2364
f 4257 2364 4259
f 4258 4260 2365
f 4258 2365 2275
f 4259 2364 2464
f 4259 2464 4261
f 4260 4262 2466
f 4260 2466 2367
f 4261 2465 2559
f 4261 2559 4263
f 4262 4264 2561
f 4262 2561 2468
f 4263 2560 2653
f 4263 2653 4265
f 4264 4266 2654
f 4264 2654 2563
f 4265 2653 2747
f 4265 2747 4267
f 4266 4268 2749
f 4266 2749 2656
f 4267 2748 2836
f 4267 2836 4269
f 4268 4270 2837
f 4268 2837 2751
f 4269 2836 2914
f 4269 2914 4271
f 4270 4272 2915
f 4270 2915 2837
f 4271 2914 3000
f 4271 3000 4273
f 4272 4274 3002
f 4272 3002 2915
f 4273 3001 3095
f 4273 3095 4275
f 4274 4276 3097
f 4274 3097 3004
f 4275 3096 3190
f 4275 3190 4277
f 4276 4278 3192
f 4276 3192 3099
f 4277 3191 3281
f 4277 3281 4279
f 4278 4280 3283
f 4278 3283 3194
f 4279 3282 3371
f 4279 3371 4281
f 4280 4282 3373
f 4280 3373 3285
f 4281 3372 3453
f 4281 3453 4283
f 4282 4284 3454
f 4282 3454 3375
f 4283 3453 3527
f 4283 3527 4285
f 4284 4286 3529
f 4284 3529 3456
f 4285 3528 3602
f 4285 3602 4287
f 4286 4288 3604
f 4286 3604 3529
f 4287 3603 3685
f 4287 3685 4289
f 4288 4290 3686
f 4288 3686 3606
f 4289 3685 3768
f 4289 3768 4291
f 4290 4292 3770
f 4290 3770 3688
f 4291 3769 3839
f 4291 3839 4293
f 4292 4294 3840
f 4292 3840 3770
f 4293 3839 3906
f 4293 3906 4295
f 4294 4296 3907
f 4294 3907 3840
f 4295 3906 3973
f 4295 3973 4297
f 4296 4298 3974
f 4296 3974 3907
f 4297 3973 4040
f 4297 4040 4299
f 4298 4110 4041
f 4298 4041 3974
f 4299 4040 4107
f 4299 4107 4205
f 4108 4204 4205
f 4108 4205 4110
o cover
s off
usemtl cover
v 0 0 9
v 0.25 0 9
v 0.25 0.25 9
v 0 0.25 9
v 0.25 0.5 9
v 0 0.5 9
v 0.25 0.75 9
v 0 0.75 9
v 0.25 1 9
v 0 1 9
v 0.25 1.25 9
v 0 1.25 9
v 0 1.25 8.95
v 0.25 1.25 8.95
v 0.25 1.5 8.95
v 0 1.5 8.95
v 0.25 1.75 8.95
v 0 1.75 8.95
v 0 1.75 8.9
v 0.25 1.75 8.9
v 0.25 2 8.9
v 0 2 8.9
v 0.25 2.25 8.9
v 0 2.25 8.9
v 0.25 2.5 8.9
v 0 2.5 8.9
v 0.25 2.75 8.9
v 0 2.75 8.9
v 0.25 3 8.9
v 0 3 8.9
v 0.25 3.25 8.9
v 0 3.25 8.9
v 0.25 3.5 8.9
v 0 3.5 8.9
v 0.25 3.5 8.95
v 0 3.5 8.95
v 0.25 3.75 8.95
v 0 3.75 8.95
v 0.25 3.75 9
v 0 3.75 9
v 0.25 4 9
v 0 4 9
v 0.25 4 9.05
v 0 4 9.05
v 0.25 4.25 9.05
v 0 4.25 9.05
v 0.25 4.25 9.1
v 0 4.25 9.1
v 0.25 4.5 9.1
v 0 4.5 9.1
v 0.25 4.75 9.1
v 0 4.75 9.1
v 0.25 4.75 9.15
v 0 4.75 9.15
v 0.25 5 9.15
v 0 5 9.15
v 0.25 5.25 9.15
v 0 5.25 9.15
v 0.25 5.25 9.2
v 0 5.25 9.2
v 0.25 5.5 9.2
v 0 5.5 9.2
v 0.25 5.75 9.2
v 0 5.75 9.2
v 0.25 6 9.2
v 0 6 9.2
v 0.25 6.25 9.2
v 0 6.25 9.2
v 0.25 6.5 9.2
v 0 6.5 9.2
v 0 6.5 9.15
v 0.25 6.5 9.15
v 0.25 6.75 9.15
v 0 6.75 9.15
v 0.25 7 9.15
v 0 7 9.15
v 0 7 9.1
v 0.25 7 9.1
v 0.25 7.25 9.1
v 0 7.25 9.1
v 0.25 7.5 9.1
v 0 7.5 9.1
v 0 7.5 9.05
v 0.25 7.5 9.05
v 0.25 7.75 9.05
v 0 7.75 9.05
v 0.25 8 9.05
v 0 8 9.05
v 0 8 9
v 0.25 8 9
v 0.25 8.25 9
v 0 8.25 9
v 0 8.25 8.95
v 0.25 8.25 8.95
v 0.25 8.5 8.95
v 0 8.5 8.95
v 0.25 8.75 8.95
v 0 8.75 8.95
v 0 8.75 8.9
v 0.25 8.75 8.9
v 0.25 9 8.9
v 0 9 8.9
v 0.25 9.25 8.9
v 0 9.25 8.9
v 0.25 9.5 8.9
v 0 9.5 8.9
v 0.25 9.75 8.9
v 0 9.75 8.9
v 0.25 9.75 8.95
v 0 9.75 8.95
v 0.25 10 8.95
v 0 10 8.95
v 0.25 10.25 8.95
v 0 10.25 8.95
v 0.25 10.25 9
v 0 10.25 9
v 0.25 10.5 9
v 0 10.5 9
v 0.25 10.75 9
v 0 10.75 9
v 0.25 10.75 9.05
v 0 10.75 9.05
v 0.25 11 9.05
v 0 11 9.05
v 0.25 11.25 9.05
v 0 11.25 9.05
v 0.25 11.5 9.05
v 0 11.5 9.05
v 0.25 11.75 9.05
v 0 11.75 9.05
v 0.25 12 9.05
v 0 12 9.05
v 0.5 0 9
v 0.5 0.25 9
v 0.5 0.5 9
v 0.5 0.75 9
v 0.5 1 9
v 0.5 1.25 9
v 0.5 1.25 8.95
v 0.5 1.5 8.95
v 0.5 1.75 8.95
v 0.5 1.75 8.9
v 0.5 2 8.9
v 0.5 2.25 8.9
v 0.5 2.5 8.9
v 0.5 2.75 8.9
v 0.5 3 8.9
v 0.5 3.25 8.9
v 0.5 3.5 8.9
v 0.5 3.5 8.95
v 0.5 3.75 8.95
v 0.5 3.75 9
v 0.5 4 9
v 0.5 4 9.05
v 0.5 4.25 9.05
v 0.5 4.25 9.1
v 0.5 4.5 9.1
v 0.5 4.75 9.1
v 0.5 4.75 9.15
v 0.5 5 9.15
v 0.5 5.25 9.15
v 0.5 5.25 9.2
v 0.5 5.5 9.2
v 0.5 5.75 9.2
v 0.5 6 9.2
v 0.5 6.25 9.2
v 0.5 6.5 9.2
v 0.5 6.5 9.15
v 0.5 6.75 9.15
v 0.5 7 9.15
v 0.5 7 9.1
v 0.5 7.25 9.1
v 0.5 7.5 9.1
v 0.5 7.5 9.05
v 0.5 7.75 9.05
v 0.5 8 9.05
v 0.5 8 9
v 0.5 8.25 9
v 0.5 8.25 8.95
v 0.5 8.5 8.95
v 0.5 8.75 8.95
v 0.5 8.75 8.9
v 0.5 9 8.9
v 0.5 9.25 8.9
v 0.5 9.5 8.9
v 0.5 9.75 8.9
v 0.5 9.75 8.95
v 0.5 10 8.95
v 0.5 10.25 8.95
v 0.5 10.25 9
v 0.5 10.5 9
v 0.5 10.75 9
v 0.5 10.75 9.05
v 0.5 11 9.05
v 0.5 11.25 9.05
v 0.5 11.5 9.05
v 0.5 11.75 9.05
v 0.5 12 9.05
v 0.75 0 9
v 0.75 0.25 9
v 0.75 0.5 9
v 0.75 0.75 9
v 0.75 1 9
v 0.75 1.25 9
v 0.75 1.25 8.95
v 0.75 1.5 8.95
v 0.75 1.75 8.95
v 0.75 1.75 8.9
v 0.75 2 8.9
v 0.75 2.25 8.9
v 0.75 2.5 8.9
v 0.75 2.75 8.9
v 0.75 3 8.9
v 0.75 3.25 8.9
v 0.75 3.5 8.9
v 0.75 3.5 8.95
v 0.75 3.75 8.95
v 0.75 3.75 9
v 0.75 4 9
v 0.75 4 9.05
v 0.75 4.25 9.05
v 0.75 4.25 9.1
v 0.75 4.5 9.1
v 0.75 4.75 9.1
v 0.75 4.75 9.15
v 0.75 5 9.15
v 0.75 5.25 9.15
v 0.75 5.25 9.2
v 0.75 5.5 9.2
v 0.75 5.75 9.2
v 0.75 6 9.2
v 0.75 6.25 9.2
v 0.75 6.5 9.2
v 0.75 6.5 9.15
v 0.75 6.75 9.15
v 0.75 7 9.15
v 0.75 7 9.1
v 0.75 7.25 9.1
v 0.75 7.5 9.1
v 0.75 7.5 9.05
v 0.75 7.75 9.05
v 0.75 8 9.05
v 0.75 8 9
v 0.75 8.25 9
v 0.75 8.25 8.95
v 0.75 8.5 8.95
v 0.75 8.75 8.95
v 0.75 8.75 8.9
v 0.75 9 8.9
v 0.75 9.25 8.9
v 0.75 9.5 8.9
v 0.75 9.75 8.9
v 0.75 9.75 8.95
v 0.75 10 8.95
v 0.75 10.25 8.95
v 0.75 10.25 9
v 0.75 10.5 9
v 0.75 10.75 9
v 0.75 10.75 9.05
v 0.75 11 9.05
v 0.75 11.25 9.05
v 0.75 11.5 9.05
v 0.75 11.75 9.05
v 0.75 12 9.05
v 1 0 9
v 1 0.25 9
v 1 0.5 9
v 1 0.75 9
v 1 1 9
v 1 1.25 9
v 1 1.25 8.95
v 1 1.5 8.95
v 1 1.75 8.95
v 1 1.75 8.9
v 1 2 8.9
v 1 2.25 8.9
v 1 2.5 8.9
v 1 2.75 8.9
v 1 3 8.9
v 1 3.25 8.9
v 1 3.5 8.9
v 1 3.25 8.95
v 1 3.5 8.95
v 1 3.75 8.95
v 1 3.75 9
v 1 4 9
v 1 4 9.05
v 1 4.25 9.05
v 1 4.25 9.1
v 1 4.5 9.1
v 1 4.75 9.1
v 1 4.5 9.15
v 1 4.75 9.15
v 1 5 9.15
v 1 5.25 9.15
v 1 5 9.2
v 1 5.25 9.2
v 1 5.5 9.2
v 1 5.75 9.2
v 1 6 9.2
v 1 6.25 9.2
v 1 6.5 9.2
v 1 6.5 9.15
v 1 6.75 9.15
v 1 7 9.15
v 1 7 9.1
v 1 7.25 9.1
v 1 7.5 9.1
v 1 7.5 9.05
v 1 7.75 9.05
v 1 8 9.05
v 1 8 9
v 1 8.25 9
v 1 8.25 8.95
v 1 8.5 8.95
v 1 8.5 9
v 1 8.75 8.95
v 1 8.75 8.9
v 1 9 8.9
v 1 9 8.95
v 1 9.25 8.9
v 1 9.5 8.9
v 1 9.75 8.9
v 1 9.5 8.95
v 1 9.75 8.95
v 1 10 8.95
v 1 10.25 8.95
v 1 10.25 9
v 1 10.5 9
v 1 10.75 9
v 1 10.5 9.05
v 1 10.75 9.05
v 1 11 9.05
v 1 11.25 9.05
v 1 11 9.1
v 1 11.25 9.1
v 1 11.5 9.05
v 1 11.5 9.1
v 1 11.75 9.05
v 1 11.75 9.1
v 1 12 9.05
v 1 12 9.1
v 1.25 0 9
v 1.25 0.25 9
v 1.25 0 8.95
v 1.25 0.25 8.95
v 1.25 0.5 9
v 1.25 0.5 8.95
v 1.25 0.75 9
v 1.25 0.75 8.95
v 1.25 1 9
v 1.25 1 8.95
v 1.25 1.25 9
v 1.25 1.25 8.95
v 1.25 1.5 8.95
v 1.25 1.75 8.95
v 1.25 1.5 8.9
v 1.25 1.75 8.9
v 1.25 2 8.9
v 1.25 2.25 8.9
v 1.25 2.5 8.9
v 1.25 2.25 8.85
v 1.25 2.5 8.85
v 1.25 2.75 8.9
v 1.25 2.75 8.85
v 1.25 3 8.9
v 1.25 3.25 8.9
v 1.25 3.25 8.95
v 1.25 3.5 8.95
v 1.25 3.75 8.95
v 1.25 3.5 9
v 1.25 3.75 9
v 1.25 4 9
v 1.25 3.75 9.05
v 1.25 4 9.05
v 1.25 4.25 9.05
v 1.25 4.25 9.1
v 1.25 4.5 9.1
v 1.25 4.5 9.15
v 1.25 4.75 9.15
v 1.25 5 9.15
v 1.25 4.75 9.2
v 1.25 5 9.2
v 1.25 5.25 9.2
v 1.25 5.5 9.2
v 1.25 5.25 9.25
v 1.25 5.5 9.25
v 1.25 5.75 9.2
v 1.25 5.75 9.25
v 1.25 6 9.2
v 1.25 6 9.25
v 1.25 6.25 9.2
v 1.25 6.25 9.25
v 1.25 6.5 9.2
v 1.25 6.5 9.15
v 1.25 6.75 9.15
v 1.25 6.75 9.2
v 1.25 7 9.15
v 1.25 7 9.2
v 1.25 7 9.1
v 1.25 7.25 9.1
v 1.25 7.25 9.15
v 1.25 7.5 9.1
v 1.25 7.5 9.05
v 1.25 7.75 9.05
v 1.25 7.75 9.1
v 1.25 8 9.05
v 1.25 8 9
v 1.25 8.25 9
v 1.25 8.25 9.05
v 1.25 8.5 9
v 1.25 8.5 8.95
v 1.25 8.75 8.95
v 1.25 8.75 9
v 1.25 9 8.95
v 1.25 9 8.9
v 1.25 9.25 8.9
v 1.25 9.25 8.95
v 1.25 9.5 8.9
v 1.25 9.5 8.95
v 1.25 9.75 8.95
v 1.25 10 8.95
v 1.25 9.75 9
v 1.25 10 9
v 1.25 10.25 8.95
v 1.25 10.25 9
v 1.25 10.5 9
v 1.25 10.25 9.05
v 1.25 10.5 9.05
v 1.25 10.75 9.05
v 1.25 11 9.05
v 1.25 10.75 9.1
v 1.25 11 9.1
v 1.25 11.25 9.1
v 1.25 11.5 9.1
v 1.25 11.75 9.1
v 1.25 12 9.1
v 1.5 0 8.95
v 1.5 0.25 8.95
v 1.5 0.5 8.95
v 1.5 0.75 8.95
v 1.5 1 8.95
v 1.5 1.25 8.95
v 1.5 1.5 8.95
v 1.5 1.25 8.9
v 1.5 1.5 8.9
v 1.5 1.75 8.9
v 1.5 2 8.9
v 1.5 1.75 8.85
v 1.5 2 8.85
v 1.5 2.25 8.9
v 1.5 2.25 8.85
v 1.5 2.5 8.85
v 1.5 2.75 8.85
v 1.5 2.75 8.9
v 1.5 3 8.9
v 1.5 3.25 8.9
v 1.5 3.25 8.95
v 1.5 3.5 8.95
v 1.5 3.5 9
v 1.5 3.75 9
v 1.5 3.75 9.05
v 1.5 4 9.05
v 1.5 4.25 9.05
v 1.5 4 9.1
v 1.5 4.25 9.1
v 1.5 4.5 9.1
v 1.5 4.25 9.15
v 1.5 4.5 9.15
v 1.5 4.75 9.15
v 1.5 4.5 9.2
v 1.5 4.75 9.2
v 1.5 5 9.2
v 1.5 5.25 9.2
v 1.5 5 9.25
v 1.5 5.25 9.25
v 1.5 5.5 9.25
v 1.5 5.75 9.25
v 1.5 6 9.25
v 1.5 6.25 9.25
v 1.5 6.25 9.2
v 1.5 6.5 9.2
v 1.5 6.5 9.25
v 1.5 6.75 9.2
v 1.5 7 9.2
v 1.5 7 9.15
v 1.5 7.25 9.15
v 1.5 7.25 9.1
v 1.5 7.5 9.1
v 1.5 7.5 9.15
v 1.5 7.75 9.1
v 1.5 7.75 9.05
v 1.5 8 9.05
v 1.5 8.25 9.05
v 1.5 8.25 9
v 1.5 8.5 9
v 1.5 8.75 9
v 1.5 8.75 8.95
v 1.5 9 8.95
v 1.5 9 9
v 1.5 9.25 8.95
v 1.5 9.25 9
v 1.5 9.5 8.95
v 1.5 9.5 9
v 1.5 9.75 8.95
v 1.5 9.75 9
v 1.5 10 9
v 1.5 10.25 9
v 1.5 10 9.05
v 1.5 10.25 9.05
v 1.5 10.5 9.05
v 1.5 10.25 9.1
v 1.5 10.5 9.1
v 1.5 10.75 9.05
v 1.5 10.75 9.1
v 1.5 11 9.1
v 1.5 10.75 9.15
v 1.5 11 9.15
v 1.5 11.25 9.1
v 1.5 11.25 9.15
v 1.5 11.5 9.1
v 1.5 11.5 9.15
v 1.5 11.75 9.1
v 1.5 11.75 9.15
v 1.5 12 9.1
v 1.5 12 9.15
v 1.75 0 8.95
v 1.75 0.25 8.95
v 1.75 0 8.9
v 1.75 0.25 8.9
v 1.75 0.5 8.95
v 1.75 0.5 8.9
v 1.75 0.75 8.95
v 1.75 0.75 8.9
v 1.75 1 8.95
v 1.75 1 8.9
v 1.75 1.25 8.95
v 1.75 1.25 8.9
v 1.75 1.5 8.9
v 1.75 1.75 8.9
v 1.75 1.5 8.85
v 1.75 1.75 8.85
v 1.75 2 8.85
v 1.75 2.25 8.85
v 1.75 2.5 8.85
v 1.75 2.75 8.85
v 1.75 2.75 8.9
v 1.75 3 8.9
v 1.75 3 8.85
v 1.75 3.25 8.9
v 1.75 3.25 8.95
v 1.75 3.5 8.95
v 1.75 3.5 9
v 1.75 3.75 9
v 1.75 3.75 9.05
v 1.75 4 9.05
v 1.75 4 9.1
v 1.75 4.25 9.1
v 1.75 4.25 9.15
v 1.75 4.5 9.15
v 1.75 4.5 9.2
v 1.75 4.75 9.2
v 1.75 5 9.2
v 1.75 4.75 9.25
v 1.75 5 9.25
v 1.75 5.25 9.25
v 1.75 5.5 9.25
v 1.75 5.25 9.3
v 1.75 5.5 9.3
v 1.75 5.75 9.25
v 1.75 5.75 9.3
v 1.75 6 9.25
v 1.75 6 9.3
v 1.75 6.25 9.25
v 1.75 6.25 9.3
v 1.75 6.5 9.25
v 1.75 6.5 9.2
v 1.75 6.75 9.2
v 1.75 6.75 9.25
v 1.75 7 9.2
v 1.75 7 9.15
v 1.75 7.25 9.15
v 1.75 7.25 9.2
v 1.75 7.5 9.15
v 1.75 7.5 9.1
v 1.75 7.75 9.1
v 1.75 7.75 9.05
v 1.75 8 9.05
v 1.75 8 9.1
v 1.75 8.25 9.05
v 1.75 8.25 9
v 1.75 8.5 9
v 1.75 8.5 9.05
v 1.75 8.75 9
v 1.75 9 9
v 1.75 9.25 9
v 1.75 9.5 9
v 1.75 9.75 9
v 1.75 9.5 9.05
v 1.75 9.75 9.05
v 1.75 10 9
v 1.75 10 9.05
v 1.75 10.25 9.05
v 1.75 10 9.1
v 1.75 10.25 9.1
v 1.75 10.5 9.1
v 1.75 10.75 9.1
v 1.75 10.5 9.15
v 1.75 10.75 9.15
v 1.75 11 9.15
v 1.75 10.75 9.2
v 1.75 11 9.2
v 1.75 11.25 9.15
v 1.75 11.25 9.2
v 1.75 11.5 9.15
v 1.75 11.5 9.2
v 1.75 11.75 9.15
v 1.75 11.75 9.2
v 1.75 12 9.15
v 1.75 12 9.2
v 2 0 8.9
v 2 0.25 8.9
v 2 0 8.85
v 2 0.25 8.85
v 2 0.5 8.9
v 2 0.5 8.85
v 2 0.75 8.9
v 2 0.75 8.85
v 2 1 8.9
v 2 1 8.85
v 2 1.25 8.9
v 2 1.25 8.85
v 2 1.5 8.9
v 2 1.5 8.85
v 2 1.75 8.85
v 2 2 8.85
v 2 1.75 8.8
v 2 2 8.8
v 2 2.25 8.85
v 2 2.25 8.8
v 2 2.5 8.85
v 2 2.5 8.8
v 2 2.75 8.85
v 2 3 8.85
v 2 3 8.9
v 2 3.25 8.9
v 2 3.25 8.95
v 2 3.5 8.95
v 2 3.5 9
v 2 3.75 9
v 2 3.75 9.05
v 2 4 9.05
v 2 4 9.1
v 2 4.25 9.1
v 2 4.25 9.15
v 2 4.5 9.15
v 2 4.5 9.2
v 2 4.75 9.2
v 2 4.75 9.25
v 2 5 9.25
v 2 5.25 9.25
v 2 5 9.3
v 2 5.25 9.3
v 2 5.5 9.3
v 2 5.75 9.3
v 2 6 9.3
v 2 6.25 9.3
v 2 6.25 9.25
v 2 6.5 9.25
v 2 6.5 9.3
v 2 6.75 9.25
v 2 6.75 9.2
v 2 7 9.2
v 2 7.25 9.2
v 2 7.25 9.15
v 2 7.5 9.15
v 2 7.5 9.1
v 2 7.75 9.1
v 2 8 9.1
v 2 8 9.05
v 2 8.25 9.05
v 2 8.5 9.05
v 2 8.5 9
v 2 8.75 9
v 2 8.75 9.05
v 2 9 9
v 2 9.25 9
v 2 9.5 9
v 2 9.25 9.05
v 2 9.5 9.05
v 2 9.75 9.05
v 2 10 9.05
v 2 9.75 9.1
v 2 10 9.1
v 2 10.25 9.1
v 2 10.5 9.1
v 2 10.25 9.15
v 2 10.5 9.15
v 2 10.75 9.15
v 2 10.5 9.2
v 2 10.75 9.2
v 2 11 9.2
v 2 11.25 9.2
v 2 11.5 9.2
v 2 11.75 9.2
v 2 12 9.2
v 2.25 0 8.85
v 2.25 0.25 8.85
v 2.25 0.5 8.85
v 2.25 0.75 8.85
v 2.25 1 8.85
v 2.25 1.25 8.85
v 2.25 1.5 8.85
v 2.25 1.25 8.8
v 2.25 1.5 8.8
v 2.25 1.75 8.85
v 2.25 1.75 8.8
v 2.25 2 8.8
v 2.25 2.25 8.8
v 2.25 2.5 8.8
v 2.25 2.5 8.85
v 2.25 2.75 8.85
v 2.25 2.75 8.8
v 2.25 3 8.85
v 2.25 3 8.9
v 2.25 3.25 8.9
v 2.25 3.25 8.95
v 2.25 3.5 8.95
v 2.25 3.5 9
v 2.25 3.75 9
v 2.25 3.75 9.05
v 2.25 4 9.05
v 2.25 4 9.1
v 2.25 4.25 9.1
v 2.25 4.25 9.15
v 2.25 4.5 9.15
v 2.25 4.5 9.2
v 2.25 4.75 9.2
v 2.25 4.5 9.25
v 2.25 4.75 9.25
v 2.25 5 9.25
v 2.25 5 9.3
v 2.25 5.25 9.3
v 2.25 5.5 9.3
v 2.25 5.75 9.3
v 2.25 6 9.3
v 2.25 6.25 9.3
v 2.25 6.5 9.3
v 2.25 6.5 9.25
v 2.25 6.75 9.25
v 2.25 6.75 9.2
v 2.25 7 9.2
v 2.25 7.25 9.2
v 2.25 7.25 9.15
v 2.25 7.5 9.15
v 2.25 7.5 9.1
v 2.25 7.75 9.1
v 2.25 8 9.1
v 2.25 8 9.05
v 2.25 8.25 9.05
v 2.25 8.5 9.05
v 2.25 8.75 9.05
v 2.25 8.75 9
v 2.25 9 9
v 2.25 9 9.05
v 2.25 9.25 9
v 2.25 9.25 9.05
v 2.25 9.5 9.05
v 2.25 9.75 9.05
v 2.25 9.75 9.1
v 2.25 10 9.1
v 2.25 10.25 9.1
v 2.25 10 9.15
v 2.25 10.25 9.15
v 2.25 10.5 9.15
v 2.25 10.5 9.2
v 2.25 10.75 9.2
v 2.25 11 9.2
v 2.25 10.75 9.25
v 2.25 11 9.25
v 2.25 11.25 9.2
v 2.25 11.25 9.25
v 2.25 11.5 9.2
v 2.25 11.5 9.25
v 2.25 11.75 9.2
v 2.25 11.75 9.25
v 2.25 12 9.2
v 2.25 12 9.25
v 2.5 0 8.85
v 2.5 0.25 8.85
v 2.5 0 8.8
v 2.5 0.25 8.8
v 2.5 0.5 8.85
v 2.5 0.5 8.8
v 2.5 0.75 8.85
v 2.5 0.75 8.8
v 2.5 1 8.85
v 2.5 1 8.8
v 2.5 1.25 8.85
v 2.5 1.25 8.8
v 2.5 1.5 8.8
v 2.5 1.75 8.8
v 2.5 2 8.8
v 2.5 1.75 8.75
v 2.5 2 8.75
v 2.5 2.25 8.8
v 2.5 2.25 8.75
v 2.5 2.5 8.8
v 2.5 2.5 8.75
v 2.5 2.75 8.8
v 2.5 2.75 8.85
v 2.5 3 8.85
v 2.5 3 8.8
v 2.5 3 8.9
v 2.5 3.25 8.9
v 2.5 3.25 8.85
v 2.5 3.25 8.95
v 2.5 3.5 8.95
v 2.5 3.5 8.9
v 2.5 3.5 9
v 2.5 3.75 9
v 2.5 3.75 9.05
v 2.5 4 9.05
v 2.5 4 9.1
v 2.5 4.25 9.1
v 2.5 4.25 9.15
v 2.5 4.5 9.15
v 2.5 4.5 9.25
v 2.5 4.75 9.25
v 2.5 4.5 9.2
v 2.5 4.75 9.2
v 2.5 5 9.25
v 2.5 5 9.3
v 2.5 5.25 9.3
v 2.5 5.5 9.3
v 2.5 5.75 9.3
v 2.5 6 9.3
v 2.5 6.25 9.3
v 2.5 6.5 9.3
v 2.5 6.25 9.25
v 2.5 6.5 9.25
v 2.5 6.75 9.25
v 2.5 6.75 9.2
v 2.5 7 9.2
v 2.5 7.25 9.2
v 2.5 7 9.15
v 2.5 7.25 9.15
v 2.5 7.5 9.15
v 2.5 7.5 9.1
v 2.5 7.75 9.1
v 2.5 8 9.1
v 2.5 8 9.05
v 2.5 8.25 9.05
v 2.5 8.5 9.05
v 2.5 8.75 9.05
v 2.5 9 9.05
v 2.5 9.25 9.05
v 2.5 9.5 9.05
v 2.5 9.75 9.05
v 2.5 9.5 9.1
v 2.5 9.75 9.1
v 2.5 10 9.1
v 2.5 10 9.15
v 2.5 10.25 9.15
v 2.5 10.5 9.15
v 2.5 10.25 9.2
v 2.5 10.5 9.2
v 2.5 10.75 9.2
v 2.5 10.75 9.25
v 2.5 11 9.25
v 2.5 11.25 9.25
v 2.5 11.5 9.25
v 2.5 11.75 9.25
v 2.5 12 9.25
v 2.75 0 8.8
v 2.75 0.25 8.8
v 2.75 0.5 8.8
v 2.75 0.75 8.8
v 2.75 1 8.8
v 2.75 1.25 8.8
v 2.75 1.5 8.8
v 2.75 1.25 8.75
v 2.75 1.5 8.75
v 2.75 1.75 8.8
v 2.75 1.75 8.75
v 2.75 2 8.75
v 2.75 2.25 8.75
v 2.75 2.5 8.75
v 2.75 2.5 8.8
v 2.75 2.75 8.8
v 2.75 2.75 8.75
v 2.75 3 8.8
v 2.75 3 8.85
v 2.75 3.25 8.85
v 2.75 3.25 8.9
v 2.75 3.5 8.9
v 2.75 3.5 9
v 2.75 3.75 9
v 2.75 3.5 8.95
v 2.75 3.75 8.95
v 2.75 3.75 9.05
v 2.75 4 9.05
v 2.75 4 9
v 2.75 4 9.1
v 2.75 4.25 9.1
v 2.75 4.25 9.15
v 2.75 4.5 9.15
v 2.75 4.5 9.2
v 2.75 4.75 9.2
v 2.75 4.75 9.25
v 2.75 5 9.25
v 2.75 5 9.3
v 2.75 5.25 9.3
v 2.75 5.25 9.25
v 2.75 5.5 9.3
v 2.75 5.75 9.3
v 2.75 6 9.3
v 2.75 6.25 9.3
v 2.75 6 9.25
v 2.75 6.25 9.25
v 2.75 6.5 9.25
v 2.75 6.75 9.25
v 2.75 6.5 9.2
v 2.75 6.75 9.2
v 2.75 7 9.2
v 2.75 7 9.15
v 2.75 7.25 9.15
v 2.75 7.5 9.15
v 2.75 7.25 9.1
v 2.75 7.5 9.1
v 2.75 7.75 9.1
v 2.75 8 9.1
v 2.75 7.75 9.05
v 2.75 8 9.05
v 2.75 8.25 9.05
v 2.75 8.5 9.05
v 2.75 8.25 9
v 2.75 8.5 9
v 2.75 8.75 9.05
v 2.75 8.75 9
v 2.75 9 9.05
v 2.75 9 9
v 2.75 9.25 9.05
v 2.75 9.5 9.05
v 2.75 9.5 9.1
v 2.75 9.75 9.1
v 2.75 10 9.1
v 2.75 10 9.15
v 2.75 10.25 9.15
v 2.75 10.25 9.2
v 2.75 10.5 9.2
v 2.75 10.75 9.2
v 2.75 10.75 9.25
v 2.75 11 9.25
v 2.75 11.25 9.25
v 2.75 11.5 9.25
v 2.75 11.75 9.25
v 2.75 12 9.25
v 3 0 8.8
v 3 0.25 8.8
v 3 0 8.75
v 3 0.25 8.75
v 3 0.5 8.8
v 3 0.5 8.75
v 3 0.75 8.8
v 3 0.75 8.75
v 3 1 8.8
v 3 1 8.75
v 3 1.25 8.8
v 3 1.25 8.75
v 3 1.5 8.75
v 3 1.75 8.75
v 3 2 8.75
v 3 1.75 8.7
v 3 2 8.7
v 3 2.25 8.75
v 3 2.25 8.7
v 3 2.5 8.75
v 3 2.75 8.75
v 3 2.75 8.8
v 3 3 8.8
v 3 3 8.75
v 3 3 8.85
v 3 3.25 8.85
v 3 3.25 8.8
v 3 3.25 8.9
v 3 3.5 8.9
v 3 3.5 8.85
v 3 3.5 8.95
v 3 3.75 8.95
v 3 3.75 9
v 3 4 9
v 3 4 9.1
v 3 4.25 9.1
v 3 4 9.05
v 3 4.25 9.05
v 3 4.25 9.15
v 3 4.5 9.15
v 3 4.5 9.1
v 3 4.5 9.2
v 3 4.75 9.2
v 3 4.75 9.15
v 3 4.75 9.25
v 3 5 9.25
v 3 5 9.2
v 3 5.25 9.25
v 3 5.25 9.3
v 3 5.5 9.3
v 3 5.5 9.25
v 3 5.75 9.3
v 3 5.75 9.25
v 3 6 9.3
v 3 6 9.25
v 3 6.25 9.25
v 3 6.5 9.25
v 3 6.25 9.2
v 3 6.5 9.2
v 3 6.75 9.2
v 3 7 9.2
v 3 6.75 9.15
v 3 7 9.15
v 3 7.25 9.15
v 3 7 9.1
v 3 7.25 9.1
v 3 7.5 9.1
v 3 7.75 9.1
v 3 7.5 9.05
v 3 7.75 9.05
v 3 8 9.05
v 3 8.25 9.05
v 3 8 9
v 3 8.25 9
v 3 8.5 9
v 3 8.75 9
v 3 9 9
v 3 9 9.05
v 3 9.25 9.05
v 3 9.25 9
v 3 9.5 9.05
v 3 9.5 9.1
v 3 9.75 9.1
v 3 9.75 9.05
v 3 10 9.1
v 3 10 9.15
v 3 10.25 9.15
v 3 10.25 9.2
v 3 10.5 9.2
v 3 10.5 9.15
v 3 10.75 9.2
v 3 10.75 9.25
v 3 11 9.25
v 3 11.25 9.25
v 3 11.5 9.25
v 3 11.75 9.25
v 3 12 9.25
v 3.25 0 8.75
v 3.25 0.25 8.75
v 3.25 0.5 8.75
v 3.25 0.75 8.75
v 3.25 1 8.75
v 3.25 1.25 8.75
v 3.25 1.5 8.75
v 3.25 1.75 8.75
v 3.25 1.5 8.7
v 3.25 1.75 8.7
v 3.25 2 8.7
v 3.25 2.25 8.7
v 3.25 2.25 8.75
v 3.25 2.5 8.75
v 3.25 2.5 8.7
v 3.25 2.75 8.75
v 3.25 2.75 8.7
v 3.25 3 8.75
v 3.25 3 8.8
v 3.25 3.25 8.8
v 3.25 3.25 8.85
v 3.25 3.5 8.85
v 3.25 3.5 8.95
v 3.25 3.75 8.95
v 3.25 3.5 8.9
v 3.25 3.75 8.9
v 3.25 3.75 9
v 3.25 4 9
v 3.25 4 8.95
v 3.25 4 9.05
v 3.25 4.25 9.05
v 3.25 4.25 9
v 3.25 4.25 9.1
v 3.25 4.5 9.1
v 3.25 4.5 9.15
v 3.25 4.75 9.15
v 3.25 4.75 9.2
v 3.25 5 9.2
v 3.25 5 9.15
v 3.25 5 9.25
v 3.25 5.25 9.25
v 3.25 5.25 9.2
v 3.25 5.5 9.25
v 3.25 5.5 9.2
v 3.25 5.75 9.25
v 3.25 5.75 9.2
v 3.25 6 9.25
v 3.25 6 9.2
v 3.25 6.25 9.25
v 3.25 6.25 9.2
v 3.25 6.5 9.2
v 3.25 6.25 9.15
v 3.25 6.5 9.15
v 3.25 6.75 9.2
v 3.25 6.75 9.15
v 3.25 7 9.15
v 3.25 6.75 9.1
v 3.25 7 9.1
v 3.25 7.25 9.1
v 3.25 7.5 9.1
v 3.25 7.25 9.05
v 3.25 7.5 9.05
v 3.25 7.75 9.05
v 3.25 8 9.05
v 3.25 7.75 9
v 3.25 8 9
v 3.25 8.25 9
v 3.25 8.5 9
v 3.25 8.75 9
v 3.25 9 9
v 3.25 9.25 9
v 3.25 9.25 9.05
v 3.25 9.5 9.05
v 3.25 9.5 9
v 3.25 9.75 9.05
v 3.25 9.75 9.1
v 3.25 10 9.1
v 3.25 10 9.15
v 3.25 10.25 9.15
v 3.25 10.25 9.1
v 3.25 10.5 9.15
v 3.25 10.5 9.2
v 3.25 10.75 9.2
v 3.25 10.75 9.25
v 3.25 11 9.25
v 3.25 11 9.2
v 3.25 11.25 9.25
v 3.25 11.5 9.25
v 3.25 11.75 9.25
v 3.25 12 9.25
v 3.5 0 8.75
v 3.5 0.25 8.75
v 3.5 0.5 8.75
v 3.5 0.75 8.75
v 3.5 1 8.75
v 3.5 1.25 8.75
v 3.5 1.5 8.75
v 3.5 1.5 8.7
v 3.5 1.75 8.7
v 3.5 2 8.7
v 3.5 2.25 8.7
v 3.5 2.5 8.7
v 3.5 2.75 8.7
v 3.5 2.75 8.75
v 3.5 3 8.75
v 3.5 3 8.7
v 3.5 3 8.8
v 3.5 3.25 8.8
v 3.5 3.25 8.75
v 3.5 3.25 8.85
v 3.5 3.5 8.85
v 3.5 3.5 8.8
v 3.5 3.5 8.9
v 3.5 3.75 8.9
v 3.5 3.75 8.85
v 3.5 3.75 8.95
v 3.5 4 8.95
v 3.5 4 8.9
v 3.5 4 9
v 3.5 4.25 9
v 3.5 4.25 9.1
v 3.5 4.5 9.1
v 3.5 4.25 9.05
v 3.5 4.5 9.05
v 3.5 4.5 9.15
v 3.5 4.75 9.15
v 3.5 4.75 9.1
v 3.5 5 9.15
v 3.5 5 9.2
v 3.5 5.25 9.2
v 3.5 5.25 9.15
v 3.5 5.5 9.2
v 3.5 5.5 9.15
v 3.5 5.75 9.2
v 3.5 6 9.2
v 3.5 5.75 9.15
v 3.5 6 9.15
v 3.5 6.25 9.2
v 3.5 6.25 9.15
v 3.5 6.5 9.15
v 3.5 6.75 9.15
v 3.5 6.5 9.1
v 3.5 6.75 9.1
v 3.5 7 9.1
v 3.5 7.25 9.1
v 3.5 7 9.05
v 3.5 7.25 9.05
v 3.5 7.5 9.05
v 3.5 7.25 9
v 3.5 7.5 9
v 3.5 7.75 9.05
v 3.5 7.75 9
v 3.5 8 9
v 3.5 8.25 9
v 3.5 8 8.95
v 3.5 8.25 8.95
v 3.5 8.5 9
v 3.5 8.5 8.95
v 3.5 8.75 9
v 3.5 8.75 8.95
v 3.5 9 9
v 3.5 9 8.95
v 3.5 9.25 9
v 3.5 9.5 9
v 3.5 9.5 9.05
v 3.5 9.75 9.05
v 3.5 9.75 9
v 3.5 9.75 9.1
v 3.5 10 9.1
v 3.5 10 9.05
v 3.5 10.25 9.1
v 3.5 10.25 9.15
v 3.5 10.5 9.15
v 3.5 10.5 9.2
v 3.5 10.75 9.2
v 3.5 10.75 9.15
v 3.5 11 9.2
v 3.5 11 9.25
v 3.5 11.25 9.25
v 3.5 11.25 9.2
v 3.5 11.5 9.25
v 3.5 11.5 9.2
v 3.5 11.75 9.25
v 3.5 11.75 9.2
v 3.5 12 9.25
v 3.5 12 9.2
v 3.75 0 8.75
v 3.75 0.25 8.75
v 3.75 0.5 8.75
v 3.75 0.75 8.75
v 3.75 1 8.75
v 3.75 1.25 8.75
v 3.75 1.5 8.75
v 3.75 1.25 8.7
v 3.75 1.5 8.7
v 3.75 1.75 8.7
v 3.75 2 8.7
v 3.75 2.25 8.7
v 3.75 2 8.65
v 3.75 2.25 8.65
v 3.75 2.5 8.7
v 3.75 2.5 8.65
v 3.75 2.75 8.7
v 3.75 2.75 8.65
v 3.75 3 8.7
v 3.75 3 8.75
v 3.75 3.25 8.75
v 3.75 3.25 8.8
v 3.75 3.5 8.8
v 3.75 3.5 8.75
v 3.75 3.5 8.85
v 3.75 3.75 8.85
v 3.75 3.75 8.9
v 3.75 4 8.9
v 3.75 4 9
v 3.75 4.25 9
v 3.75 4 8.95
v 3.75 4.25 8.95
v 3.75 4.25 9.05
v 3.75 4.5 9.05
v 3.75 4.5 9
v 3.75 4.5 9.1
v 3.75 4.75 9.1
v 3.75 4.75 9.05
v 3.75 4.75 9.15
v 3.75 5 9.15
v 3.75 5 9.1
v 3.75 5.25 9.15
v 3.75 5.25 9.1
v 3.75 5.5 9.15
v 3.75 5.5 9.2
v 3.75 5.75 9.2
v 3.75 5.75 9.15
v 3.75 6 9.15
v 3.75 6.25 9.15
v 3.75 6 9.1
v 3.75 6.25 9.1
v 3.75 6.5 9.15
v 3.75 6.5 9.1
v 3.75 6.75 9.1
v 3.75 6.5 9.05
v 3.75 6.75 9.05
v 3.75 7 9.1
v 3.75 7 9.05
v 3.75 7.25 9.05
v 3.75 7 9
v 3.75 7.25 9
v 3.75 7.5 9
v 3.75 7.75 9
v 3.75 7.5 8.95
v 3.75 7.75 8.95
v 3.75 8 9
v 3.75 8 8.95
v 3.75 8.25 8.95
v 3.75 8.5 8.95
v 3.75 8.75 8.95
v 3.75 9 8.95
v 3.75 9 9
v 3.75 9.25 9
v 3.75 9.25 8.95
v 3.75 9.5 9
v 3.75 9.5 8.95
v 3.75 9.75 9
v 3.75 9.75 9.05
v 3.75 10 9.05
v 3.75 10 9.1
v 3.75 10.25 9.1
v 3.75 10.25 9.05
v 3.75 10.25 9.15
v 3.75 10.5 9.15
v 3.75 10.5 9.1
v 3.75 10.75 9.15
v 3.75 10.75 9.2
v 3.75 11 9.2
v 3.75 11 9.15
v 3.75 11.25 9.2
v 3.75 11.5 9.2
v 3.75 11.75 9.2
v 3.75 12 9.2
v 4 0 8.75
v 4 0.25 8.75
v 4 0.5 8.75
v 4 0.75 8.75
v 4 1 8.75
v 4 1.25 8.75
v 4 1.25 8.7
v 4 1.5 8.7
v 4 1.75 8.7
v 4 2 8.7
v 4 1.75 8.65
v 4 2 8.65
v 4 2.25 8.65
v 4 2.5 8.65
v 4 2.75 8.65
v 4 2.75 8.7
v 4 3 8.7
v 4 3 8.65
v 4 3 8.75
v 4 3.25 8.75
v 4 3.25 8.7
v 4 3.5 8.75
v 4 3.5 8.85
v 4 3.75 8.85
v 4 3.5 8.8
v 4 3.75 8.8
v 4 3.75 8.9
v 4 4 8.9
v 4 4 8.85
v 4 4 8.95
v 4 4.25 8.95
v 4 4.25 8.9
v 4 4.25 9
v 4 4.5 9
v 4 4.5 8.95
v 4 4.5 9.05
v 4 4.75 9.05
v 4 4.75 9
v 4 4.75 9.1
v 4 5 9.1
v 4 5 9.05
v 4 5.25 9.1
v 4 5.25 9.05
v 4 5.25 9.15
v 4 5.5 9.15
v 4 5.5 9.1
v 4 5.75 9.15
v 4 5.75 9.1
v 4 6 9.15
v 4 6 9.1
v 4 6.25 9.1
v 4 6 9.05
v 4 6.25 9.05
v 4 6.5 9.1
v 4 6.5 9.05
v 4 6.75 9.05
v 4 7 9.05
v 4 6.75 9
v 4 7 9
v 4 7.25 9
v 4 7.5 9
v 4 7.25 8.95
v 4 7.5 8.95
v 4 7.75 8.95
v 4 8 8.95
v 4 8.25 8.95
v 4 8 8.9
v 4 8.25 8.9
v 4 8.5 8.95
v 4 8.5 8.9
v 4 8.75 8.95
v 4 8.75 8.9
v 4 9 8.95
v 4 9 8.9
v 4 9.25 8.95
v 4 9.5 8.95
v 4 9.5 9
v 4 9.75 9
v 4 9.75 8.95
v 4 9.75 9.05
v 4 10 9.05
v 4 10 9
v 4 10.25 9.05
v 4 10.25 9
v 4 10.25 9.1
v 4 10.5 9.1
v 4 10.5 9.05
v 4 10.5 9.15
v 4 10.75 9.15
v 4 10.75 9.1
v 4 11 9.15
v 4 11 9.2
v 4 11.25 9.2
v 4 11.25 9.15
v 4 11.5 9.2
v 4 11.5 9.15
v 4 11.75 9.2
v 4 11.75 9.15
v 4 12 9.2
v 4 12 9.15
v 4.25 0 8.75
v 4.25 0.25 8.75
v 4.25 0.5 8.75
v 4.25 0.75 8.75
v 4.25 1 8.75
v 4.25 1.25 8.75
v 4.25 1.25 8.7
v 4.25 1.5 8.7
v 4.25 1.75 8.7
v 4.25 1.75 8.65
v 4.25 2 8.65
v 4.25 2.25 8.65
v 4.25 2.5 8.65
v 4.25 2.75 8.65
v 4.25 3 8.65
v 4.25 3 8.7
v 4.25 3.25 8.7
v 4.25 3.25 8.75
v 4.25 3.5 8.75
v 4.25 3.5 8.7
v 4.25 3.5 8.8
v 4.25 3.75 8.8
v 4.25 3.75 8.75
v 4.25 3.75 8.85
v 4.25 4 8.85
v 4.25 4 8.9
v 4.25 4.25 8.9
v 4.25 4.25 8.95
v 4.25 4.5 8.95
v 4.25 4.5 9
v 4.25 4.75 9
v 4.25 4.75 9.05
v 4.25 5 9.05
v 4.25 5 9
v 4.25 5.25 9.05
v 4.25 5.25 9.1
v 4.25 5.5 9.1
v 4.25 5.5 9.05
v 4.25 5.75 9.1
v 4.25 5.75 9.05
v 4.25 6 9.1
v 4.25 6 9.05
v 4.25 6.25 9.05
v 4.25 6.5 9.05
v 4.25 6.25 9
v 4.25 6.5 9
v 4.25 6.75 9.05
v 4.25 6.75 9
v 4.25 7 9
v 4.25 7.25 9
v 4.25 7 8.95
v 4.25 7.25 8.95
v 4.25 7.5 8.95
v 4.25 7.75 8.95
v 4.25 8 8.95
v 4.25 7.75 8.9
v 4.25 8 8.9
v 4.25 8.25 8.9
v 4.25 8.5 8.9
v 4.25 8.75 8.9
v 4.25 9 8.9
v 4.25 9 8.95
v 4.25 9.25 8.95
v 4.25 9.25 8.9
v 4.25 9.5 8.95
v 4.25 9.5 8.9
v 4.25 9.75 8.95
v 4.25 9.75 9
v 4.25 10 9
v 4.25 10 8.95
v 4.25 10.25 9
v 4.25 10.25 9.05
v 4.25 10.5 9.05
v 4.25 10.5 9
v 4.25 10.5 9.1
v 4.25 10.75 9.1
v 4.25 10.75 9.05
v 4.25 10.75 9.15
v 4.25 11 9.15
v 4.25 11 9.1
v 4.25 11.25 9.15
v 4.25 11.25 9.1
v 4.25 11.5 9.15
v 4.25 11.5 9.1
v 4.25 11.75 9.15
v 4.25 11.75 9.1
v 4.25 12 9.15
v 4.25 12 9.1
v 4.5 0 8.75
v 4.5 0.25 8.75
v 4.5 0.5 8.75
v 4.5 0.75 8.75
v 4.5 1 8.75
v 4.5 1.25 8.75
v 4.5 1.25 8.7
v 4.5 1.5 8.7
v 4.5 1.75 8.7
v 4.5 1.5 8.65
v 4.5 1.75 8.65
v 4.5 2 8.65
v 4.5 2.25 8.65
v 4.5 2.5 8.65
v 4.5 2.25 8.6
v 4.5 2.5 8.6
v 4.5 2.75 8.65
v 4.5 2.75 8.6
v 4.5 3 8.65
v 4.5 3 8.7
v 4.5 3.25 8.7
v 4.5 3.25 8.65
v 4.5 3.5 8.7
v 4.5 3.5 8.75
v 4.5 3.75 8.75
v 4.5 3.75 8.85
v 4.5 4 8.85
v 4.5 3.75 8.8
v 4.5 4 8.8
v 4.5 4 8.9
v 4.5 4.25 8.9
v 4.5 4.25 8.85
v 4.5 4.25 8.95
v 4.5 4.5 8.95
v 4.5 4.5 8.9
v 4.5 4.5 9
v 4.5 4.75 9
v 4.5 4.75 8.95
v 4.5 5 9
v 4.5 5 9.05
v 4.5 5.25 9.05
v 4.5 5.25 9
v 4.5 5.5 9.05
v 4.5 5.5 9
v 4.5 5.75 9.05
v 4.5 5.75 9
v 4.5 6 9.05
v 4.5 6 9
v 4.5 6.25 9.05
v 4.5 6.25 9
v 4.5 6.5 9
v 4.5 6.75 9
v 4.5 7 9
v 4.5 6.75 8.95
v 4.5 7 8.95
v 4.5 7.25 8.95
v 4.5 7.5 8.95
v 4.5 7.75 8.95
v 4.5 7.5 8.9
v 4.5 7.75 8.9
v 4.5 8 8.9
v 4.5 8.25 8.9
v 4.5 8.5 8.9
v 4.5 8.75 8.9
v 4.5 9 8.9
v 4.5 9.25 8.9
v 4.5 9.5 8.9
v 4.5 9.5 8.95
v 4.5 9.75 8.95
v 4.5 9.75 8.9
v 4.5 10 8.95
v 4.5 10 9
v 4.5 10.25 9
v 4.5 10.25 8.95
v 4.5 10.5 9
v 4.5 10.5 9.05
v 4.5 10.75 9.05
v 4.5 10.75 9
v 4.5 10.75 9.1
v 4.5 11 9.1
v 4.5 11 9.05
v 4.5 11.25 9.1
v 4.5 11.25 9.05
v 4.5 11.5 9.1
v 4.5 11.5 9.05
v 4.5 11.75 9.1
v 4.5 11.75 9.05
v 4.5 12 9.1
v 4.5 12 9.05
v 4.75 0 8.75
v 4.75 0.25 8.75
v 4.75 0.5 8.75
v 4.75 0.75 8.75
v 4.75 1 8.75
v 4.75 1.25 8.75
v 4.75 1 8.7
v 4.75 1.25 8.7
v 4.75 1.5 8.7
v 4.75 1.5 8.65
v 4.75 1.75 8.65
v 4.75 2 8.65
v 4.75 2.25 8.65
v 4.75 2 8.6
v 4.75 2.25 8.6
v 4.75 2.5 8.6
v 4.75 2.75 8.6
v 4.75 2.75 8.65
v 4.75 3 8.65
v 4.75 3.25 8.65
v 4.75 3.25 8.7
v 4.75 3.5 8.7
v 4.75 3.5 8.75
v 4.75 3.75 8.75
v 4.75 3.75 8.8
v 4.75 4 8.8
v 4.75 4 8.85
v 4.75 4.25 8.85
v 4.75 4.25 8.9
v 4.75 4.5 8.9
v 4.75 4.5 8.95
v 4.75 4.75 8.95
v 4.75 4.75 9
v 4.75 5 9
v 4.75 5 8.95
v 4.75 5.25 9
v 4.75 5.5 9
v 4.75 5.75 9
v 4.75 6 9
v 4.75 6.25 9
v 4.75 6.5 9
v 4.75 6.75 9
v 4.75 6.5 8.95
v 4.75 6.75 8.95
v 4.75 7 8.95
v 4.75 7.25 8.95
v 4.75 7.5 8.95
v 4.75 7.5 8.9
v 4.75 7.75 8.9
v 4.75 8 8.9
v 4.75 8.25 8.9
v 4.75 8.5 8.9
v 4.75 8.75 8.9
v 4.75 9 8.9
v 4.75 9.25 8.9
v 4.75 9.5 8.9
v 4.75 9.75 8.9
v 4.75 9.75 8.95
v 4.75 10 8.95
v 4.75 10 8.9
v 4.75 10.25 8.95
v 4.75 10.25 8.9
v 4.75 10.25 9
v 4.75 10.5 9
v 4.75 10.5 8.95
v 4.75 10.75 9
v 4.75 10.75 9.05
v 4.75 11 9.05
v 4.75 11 9
v 4.75 11.25 9.05
v 4.75 11.25 9
v 4.75 11.5 9.05
v 4.75 11.5 9
v 4.75 11.75 9.05
v 4.75 11.75 9
v 4.75 12 9.05
v 4.75 12 9
v 5 0 8.75
v 5 0.25 8.75
v 5 0.5 8.75
v 5 0.75 8.75
v 5 1 8.75
v 5 1 8.7
v 5 1.25 8.7
v 5 1.5 8.7
v 5 1.5 8.65
v 5 1.75 8.65
v 5 2 8.65
v 5 2 8.6
v 5 2.25 8.6
v 5 2.5 8.6
v 5 2.75 8.6
v 5 2.75 8.65
v 5 3 8.65
v 5 3.25 8.65
v 5 3.25 8.7
v 5 3.5 8.7
v 5 3.5 8.75
v 5 3.75 8.75
v 5 3.75 8.8
v 5 4 8.8
v 5 4 8.85
v 5 4.25 8.85
v 5 4.25 8.9
v 5 4.5 8.9
v 5 4.5 8.85
v 5 4.5 8.95
v 5 4.75 8.95
v 5 4.75 8.9
v 5 5 8.95
v 5 5 9
v 5 5.25 9
v 5 5.25 8.95
v 5 5.5 9
v 5 5.75 9
v 5 6 9
v 5 6.25 9
v 5 6.5 9
v 5 6.25 8.95
v 5 6.5 8.95
v 5 6.75 8.95
v 5 7 8.95
v 5 7.25 8.95
v 5 7.5 8.95
v 5 7.5 8.9
v 5 7.75 8.9
v 5 7.75 8.95
v 5 8 8.9
v 5 8.25 8.9
v 5 8.5 8.9
v 5 8.75 8.9
v 5 9 8.9
v 5 9.25 8.9
v 5 9.5 8.9
v 5 9.75 8.9
v 5 10 8.9
v 5 10.25 8.9
v 5 10.25 8.95
v 5 10.5 8.95
v 5 10.5 8.9
v 5 10.5 9
v 5 10.75 9
v 5 10.75 8.95
v 5 11 9
v 5 11 8.95
v 5 11.25 9
v 5 11.5 9
v 5 11.75 9
v 5 12 9
v 5.25 0 8.75
v 5.25 0.25 8.75
v 5.25 0.5 8.75
v 5.25 0.75 8.75
v 5.25 1 8.75
v 5.25 1 8.7
v 5.25 1.25 8.7
v 5.25 1.25 8.75
v 5.25 1.5 8.7
v 5.25 1.5 8.65
v 5.25 1.75 8.65
v 5.25 2 8.65
v 5.25 2 8.6
v 5.25 2.25 8.6
v 5.25 2.25 8.65
v 5.25 2.5 8.6
v 5.25 2.75 8.6
v 5.25 2.5 8.65
v 5.25 2.75 8.65
v 5.25 3 8.65
v 5.25 3.25 8.65
v 5.25 3.25 8.7
v 5.25 3.5 8.7
v 5.25 3.5 8.75
v 5.25 3.75 8.75
v 5.25 3.75 8.8
v 5.25 4 8.8
v 5.25 4 8.85
v 5.25 4.25 8.85
v 5.25 4.25 8.8
v 5.25 4.5 8.85
v 5.25 4.5 8.9
v 5.25 4.75 8.9
v 5.25 4.75 8.95
v 5.25 5 8.95
v 5.25 5.25 8.95
v 5.25 5.25 9
v 5.25 5.5 9
v 5.25 5.5 8.95
v 5.25 5.75 9
v 5.25 6 9
v 5.25 6.25 9
v 5.25 6.25 8.95
v 5.25 6.5 8.95
v 5.25 6.5 9
v 5.25 6.75 8.95
v 5.25 7 8.95
v 5.25 7.25 8.95
v 5.25 7.5 8.95
v 5.25 7.75 8.95
v 5.25 7.75 8.9
v 5.25 8 8.9
v 5.25 8 8.95
v 5.25 8.25 8.9
v 5.25 8.25 8.95
v 5.25 8.5 8.9
v 5.25 8.5 8.95
v 5.25 8.75 8.9
v 5.25 9 8.9
v 5.25 9.25 8.9
v 5.25 9.5 8.9
v 5.25 9.75 8.9
v 5.25 10 8.9
v 5.25 10.25 8.9
v 5.25 10.5 8.9
v 5.25 10.5 8.95
v 5.25 10.75 8.95
v 5.25 10.75 8.9
v 5.25 11 8.95
v 5.25 11 9
v 5.25 11.25 9
v 5.25 11.25 8.95
v 5.25 11.5 9
v 5.25 11.5 8.95
v 5.25 11.75 9
v 5.25 11.75 8.95
v 5.25 12 9
v 5.25 12 8.95
v 5.5 0 8.75
v 5.5 0.25 8.75
v 5.5 0.5 8.75
v 5.5 0.75 8.75
v 5.5 1 8.75
v 5.5 1.25 8.75
v 5.5 1.25 8.7
v 5.5 1.5 8.7
v 5.5 1.5 8.65
v 5.5 1.75 8.65
v 5.5 1.75 8.7
v 5.5 2 8.65
v 5.5 2.25 8.65
v 5.5 2.25 8.6
v 5.5 2.5 8.6
v 5.5 2.5 8.65
v 5.5 2.75 8.65
v 5.5 3 8.65
v 5.5 3.25 8.65
v 5.5 3 8.7
v 5.5 3.25 8.7
v 5.5 3.5 8.7
v 5.5 3.5 8.75
v 5.5 3.75 8.75
v 5.5 3.75 8.8
v 5.5 4 8.8
v 5.5 4.25 8.8
v 5.5 4.25 8.85
v 5.5 4.5 8.85
v 5.5 4.5 8.9
v 5.5 4.75 8.9
v 5.5 4.75 8.95
v 5.5 5 8.95
v 5.5 5.25 8.95
v 5.5 5.5 8.95
v 5.5 5.5 9
v 5.5 5.75 9
v 5.5 5.75 8.95
v 5.5 6 9
v 5.5 6.25 9
v 5.5 6.5 9
v 5.5 6.5 8.95
v 5.5 6.75 8.95
v 5.5 6.75 9
v 5.5 7 8.95
v 5.5 7 9
v 5.5 7.25 8.95
v 5.5 7.25 9
v 5.5 7.5 8.95
v 5.5 7.5 9
v 5.5 7.75 8.95
v 5.5 7.75 9
v 5.5 8 8.95
v 5.5 8 9
v 5.5 8.25 8.95
v 5.5 8.5 8.95
v 5.5 8.5 8.9
v 5.5 8.75 8.9
v 5.5 8.75 8.95
v 5.5 9 8.9
v 5.5 9 8.95
v 5.5 9.25 8.9
v 5.5 9.5 8.9
v 5.5 9.75 8.9
v 5.5 10 8.9
v 5.5 10.25 8.9
v 5.5 10.5 8.9
v 5.5 10.75 8.9
v 5.5 10.75 8.95
v 5.5 11 8.95
v 5.5 11 8.9
v 5.5 11.25 8.95
v 5.5 11.25 8.9
v 5.5 11.5 8.95
v 5.5 11.5 8.9
v 5.5 11.75 8.95
v 5.5 11.75 8.9
v 5.5 12 8.95
v 5.5 12 8.9
v 5.75 0 8.75
v 5.75 0.25 8.75
v 5.75 0 8.8
v 5.75 0.25 8.8
v 5.75 0.5 8.75
v 5.75 0.5 8.8
v 5.75 0.75 8.75
v 5.75 0.75 8.8
v 5.75 1 8.75
v 5.75 1 8.8
v 5.75 1.25 8.75
v 5.75 1.25 8.8
v 5.75 1.25 8.7
v 5.75 1.5 8.7
v 5.75 1.5 8.75
v 5.75 1.75 8.7
v 5.75 1.75 8.75
v 5.75 1.75 8.65
v 5.75 2 8.65
v 5.75 2 8.7
v 5.75 2.25 8.65
v 5.75 2.25 8.7
v 5.75 2.5 8.65
v 5.75 2.5 8.7
v 5.75 2.75 8.65
v 5.75 2.75 8.7
v 5.75 3 8.65
v 5.75 3 8.7
v 5.75 3.25 8.7
v 5.75 3.5 8.7
v 5.75 3.25 8.75
v 5.75 3.5 8.75
v 5.75 3.75 8.75
v 5.75 3.75 8.8
v 5.75 4 8.8
v 5.75 4.25 8.8
v 5.75 4 8.85
v 5.75 4.25 8.85
v 5.75 4.5 8.85
v 5.75 4.5 8.9
v 5.75 4.75 8.9
v 5.75 4.75 8.95
v 5.75 5 8.95
v 5.75 5 8.9
v 5.75 5.25 8.95
v 5.75 5.5 8.95
v 5.75 5.75 8.95
v 5.75 5.75 9
v 5.75 6 9
v 5.75 6.25 9
v 5.75 6.5 9
v 5.75 6.75 9
v 5.75 7 9
v 5.75 7.25 9
v 5.75 7.5 9
v 5.75 7.75 9
v 5.75 8 9
v 5.75 8 8.95
v 5.75 8.25 8.95
v 5.75 8.25 9
v 5.75 8.5 8.95
v 5.75 8.5 9
v 5.75 8.75 8.95
v 5.75 8.75 9
v 5.75 9 8.95
v 5.75 9 9
v 5.75 9 8.9
v 5.75 9.25 8.9
v 5.75 9.25 8.95
v 5.75 9.5 8.9
v 5.75 9.5 8.95
v 5.75 9.75 8.9
v 5.75 9.75 8.95
v 5.75 10 8.9
v 5.75 10.25 8.9
v 5.75 10.5 8.9
v 5.75 10.75 8.9
v 5.75 11 8.9
v 5.75 11.25 8.9
v 5.75 11.5 8.9
v 5.75 11.75 8.9
v 5.75 12 8.9
v 6 0 8.8
v 6 0.25 8.8
v 6 0 8.85
v 6 0.25 8.85
v 6 0.5 8.8
v 6 0.5 8.85
v 6 0.75 8.8
v 6 0.75 8.85
v 6 1 8.8
v 6 1 8.85
v 6 1.25 8.8
v 6 1.25 8.75
v 6 1.5 8.75
v 6 1.5 8.8
v 6 1.75 8.75
v 6 1.75 8.8
v 6 1.75 8.7
v 6 2 8.7
v 6 2 8.75
v 6 2.25 8.7
v 6 2.25 8.75
v 6 2.5 8.7
v 6 2.5 8.75
v 6 2.75 8.7
v 6 2.75 8.75
v 6 3 8.7
v 6 3 8.75
v 6 3.25 8.7
v 6 3.25 8.75
v 6 3.5 8.75
v 6 3.75 8.75
v 6 3.5 8.8
v 6 3.75 8.8
v 6 4 8.8
v 6 4 8.85
v 6 4.25 8.85
v 6 4.5 8.85
v 6 4.5 8.9
v 6 4.75 8.9
v 6 5 8.9
v 6 5 8.95
v 6 5.25 8.95
v 6 5.5 8.95
v 6 5.75 8.95
v 6 5.75 9
v 6 6 9
v 6 6.25 9
v 6 6.5 9
v 6 6.75 9
v 6 7 9
v 6 6.75 9.05
v 6 7 9.05
v 6 7.25 9
v 6 7.25 9.05
v 6 7.5 9
v 6 7.5 9.05
v 6 7.75 9
v 6 7.75 9.05
v 6 8 9
v 6 8 9.05
v 6 8.25 9
v 6 8.25 9.05
v 6 8.5 9
v 6 8.5 9.05
v 6 8.75 9
v 6 8.75 9.05
v 6 9 9
v 6 9 8.95
v 6 9.25 8.95
v 6 9.25 9
v 6 9.5 8.95
v 6 9.5 9
v 6 9.75 8.95
v 6 9.75 8.9
v 6 10 8.9
v 6 10 8.95
v 6 10.25 8.9
v 6 10.25 8.95
v 6 10.5 8.9
v 6 10.75 8.9
v 6 11 8.9
v 6 11.25 8.9
v 6 11.5 8.9
v 6 11.75 8.9
v 6 12 8.9
v 6.25 0 8.85
v 6.25 0.25 8.85
v 6.25 0 8.9
v 6.25 0.25 8.9
v 6.25 0.5 8.85
v 6.25 0.5 8.9
v 6.25 0.75 8.85
v 6.25 0.75 8.9
v 6.25 1 8.85
v 6.25 1 8.9
v 6.25 1 8.8
v 6.25 1.25 8.8
v 6.25 1.25 8.9
v 6.25 1.5 8.8
v 6.25 1.25 8.85
v 6.25 1.5 8.85
v 6.25 1.75 8.8
v 6.25 1.75 8.85
v 6.25 1.75 8.75
v 6.25 2 8.75
v 6.25 2 8.85
v 6.25 2.25 8.75
v 6.25 2 8.8
v 6.25 2.25 8.8
v 6.25 2.5 8.75
v 6.25 2.5 8.8
v 6.25 2.75 8.75
v 6.25 2.75 8.8
v 6.25 3 8.75
v 6.25 3 8.8
v 6.25 3.25 8.75
v 6.25 3.25 8.8
v 6.25 3.5 8.75
v 6.25 3.5 8.8
v 6.25 3.75 8.8
v 6.25 4 8.8
v 6.25 3.75 8.85
v 6.25 4 8.85
v 6.25 4.25 8.85
v 6.25 4.5 8.85
v 6.25 4.25 8.9
v 6.25 4.5 8.9
v 6.25 4.75 8.9
v 6.25 5 8.9
v 6.25 5 8.95
v 6.25 5.25 8.95
v 6.25 5.5 8.95
v 6.25 5.75 8.95
v 6.25 5.75 9
v 6.25 6 9
v 6.25 6.25 9
v 6.25 6.5 9
v 6.25 6.75 9
v 6.25 6.5 9.05
v 6.25 6.75 9.05
v 6.25 7 9.05
v 6.25 7.25 9.05
v 6.25 7.5 9.05
v 6.25 7.75 9.05
v 6.25 7.5 9.1
v 6.25 7.75 9.1
v 6.25 8 9.05
v 6.25 8 9.1
v 6.25 8.25 9.05
v 6.25 8.25 9.1
v 6.25 8.5 9.05
v 6.25 8.5 9.1
v 6.25 8.75 9.05
v 6.25 8.75 9.1
v 6.25 8.75 9
v 6.25 9 9
v 6.25 9 9.1
v 6.25 9.25 9
v 6.25 9 9.05
v 6.25 9.25 9.05
v 6.25 9.5 9
v 6.25 9.5 9.05
v 6.25 9.5 8.95
v 6.25 9.75 8.95
v 6.25 9.75 9
v 6.25 10 8.95
v 6.25 10 9
v 6.25 10.25 8.95
v 6.25 10.25 8.9
v 6.25 10.5 8.9
v 6.25 10.5 8.95
v 6.25 10.75 8.9
v 6.25 10.75 8.95
v 6.25 11 8.9
v 6.25 11.25 8.9
v 6.25 11.5 8.9
v 6.25 11.75 8.9
v 6.25 12 8.9
v 6.5 0 8.9
v 6.5 0.25 8.9
v 6.5 0 8.95
v 6.5 0.25 8.95
v 6.5 0.5 8.9
v 6.5 0.5 8.95
v 6.5 0.75 8.9
v 6.5 0.75 8.95
v 6.5 1 8.9
v 6.5 1 8.95
v 6.5 1.25 8.9
v 6.5 1.25 8.95
v 6.5 1.25 8.85
v 6.5 1.5 8.85
v 6.5 1.5 8.95
v 6.5 1.75 8.85
v 6.5 1.75 8.95
v 6.5 2 8.85
v 6.5 1.75 8.9
v 6.5 2 8.9
v 6.5 2 8.8
v 6.5 2.25 8.8
v 6.5 2.25 8.9
v 6.5 2.5 8.8
v 6.5 2.25 8.85
v 6.5 2.5 8.85
v 6.5 2.75 8.8
v 6.5 2.75 8.85
v 6.5 3 8.8
v 6.5 3 8.85
v 6.5 3.25 8.8
v 6.5 3.25 8.85
v 6.5 3.5 8.8
v 6.5 3.5 8.85
v 6.5 3.75 8.8
v 6.5 3.75 8.85
v 6.5 4 8.85
v 6.5 4.25 8.85
v 6.5 4 8.9
v 6.5 4.25 8.9
v 6.5 4.5 8.9
v 6.5 4.75 8.9
v 6.5 5 8.9
v 6.5 5 8.95
v 6.5 5.25 8.95
v 6.5 5.5 8.95
v 6.5 5.75 8.95
v 6.5 5.75 9
v 6.5 6 9
v 6.5 6.25 9
v 6.5 6.5 9
v 6.5 6.5 9.05
v 6.5 6.75 9.05
v 6.5 7 9.05
v 6.5 7.25 9.05
v 6.5 7.5 9.05
v 6.5 7.25 9.1
v 6.5 7.5 9.1
v 6.5 7.75 9.1
v 6.5 8 9.1
v 6.5 8.25 9.1
v 6.5 8 9.15
v 6.5 8.25 9.15
v 6.5 8.5 9.1
v 6.5 8.5 9.15
v 6.5 8.75 9.1
v 6.5 8.75 9.15
v 6.5 9 9.1
v 6.5 9 9.05
v 6.5 9.25 9.05
v 6.5 9.25 9.1
v 6.5 9.5 9.05
v 6.5 9.5 9.1
v 6.5 9.5 9
v 6.5 9.75 9
v 6.5 9.75 9.05
v 6.5 10 9
v 6.5 10 9.05
v 6.5 10 8.95
v 6.5 10.25 8.95
v 6.5 10.25 9
v 6.5 10.5 8.95
v 6.5 10.5 9
v 6.5 10.75 8.95
v 6.5 10.75 8.9
v 6.5 11 8.9
v 6.5 11 8.95
v 6.5 11.25 8.9
v 6.5 11.25 8.95
v 6.5 11.5 8.9
v 6.5 11.5 8.95
v 6.5 11.75 8.9
v 6.5 11.75 8.95
v 6.5 12 8.9
v 6.5 12 8.95
v 6.75 0 8.95
v 6.75 0.25 8.95
v 6.75 0 9.05
v 6.75 0.25 9.05
v 6.75 0.5 8.95
v 6.75 0.5 9.05
v 6.75 0.75 8.95
v 6.75 0.75 9.05
v 6.75 1 8.95
v 6.75 1 9.05
v 6.75 1.25 8.95
v 6.75 1.25 9.05
v 6.75 1.5 8.95
v 6.75 1.5 9.05
v 6.75 1.75 8.95
v 6.75 1.5 9
v 6.75 1.75 9
v 6.75 1.75 8.9
v 6.75 2 8.9
v 6.75 2 9
v 6.75 2.25 8.9
v 6.75 2 8.95
v 6.75 2.25 8.95
v 6.75 2.25 8.85
v 6.75 2.5 8.85
v 6.75 2.5 8.95
v 6.75 2.75 8.85
v 6.75 2.75 8.95
v 6.75 3 8.85
v 6.75 2.75 8.9
v 6.75 3 8.9
v 6.75 3.25 8.85
v 6.75 3.25 8.9
v 6.75 3.5 8.85
v 6.75 3.5 8.9
v 6.75 3.75 8.85
v 6.75 3.75 8.9
v 6.75 4 8.85
v 6.75 4 8.9
v 6.75 4.25 8.9
v 6.75 4.5 8.9
v 6.75 4.75 8.9
v 6.75 5 8.9
v 6.75 4.75 8.95
v 6.75 5 8.95
v 6.75 5.25 8.95
v 6.75 5.5 8.95
v 6.75 5.75 8.95
v 6.75 5.75 9
v 6.75 6 9
v 6.75 6.25 9
v 6.75 6.5 9
v 6.75 6.5 9.05
v 6.75 6.75 9.05
v 6.75 7 9.05
v 6.75 7.25 9.05
v 6.75 7 9.1
v 6.75 7.25 9.1
v 6.75 7.5 9.1
v 6.75 7.75 9.1
v 6.75 8 9.1
v 6.75 7.75 9.15
v 6.75 8 9.15
v 6.75 8.25 9.15
v 6.75 8.5 9.15
v 6.75 8.75 9.15
v 6.75 8.75 9.1
v 6.75 9 9.1
v 6.75 9 9.15
v 6.75 9.25 9.1
v 6.75 9.25 9.15
v 6.75 9.5 9.1
v 6.75 9.5 9.15
v 6.75 9.5 9.05
v 6.75 9.75 9.05
v 6.75 9.75 9.1
v 6.75 10 9.05
v 6.75 10 9.1
v 6.75 10 9
v 6.75 10.25 9
v 6.75 10.25 9.05
v 6.75 10.5 9
v 6.75 10.5 9.05
v 6.75 10.5 8.95
v 6.75 10.75 8.95
v 6.75 10.75 9
v 6.75 11 8.95
v 6.75 11 9
v 6.75 11.25 8.95
v 6.75 11.5 8.95
v 6.75 11.75 8.95
v 6.75 12 8.95
v 7 0 9.05
v 7 0.25 9.05
v 7 0 9.15
v 7 0.25 9.15
v 7 0.5 9.05
v 7 0.5 9.15
v 7 0.75 9.05
v 7 0.75 9.15
v 7 1 9.05
v 7 1 9.15
v 7 1.25 9.05
v 7 1.25 9.15
v 7 1.5 9.05
v 7 1.25 9.1
v 7 1.5 9.1
v 7 1.5 9
v 7 1.75 9
v 7 1.75 9.1
v 7 2 9
v 7 2 9.1
v 7 2 8.95
v 7 2.25 8.95
v 7 2 9.05
v 7 2.25 9.05
v 7 2.5 8.95
v 7 2.5 9.05
v 7 2.75 8.95
v 7 2.5 9
v 7 2.75 9
v 7 2.75 8.9
v 7 3 8.9
v 7 3 9
v 7 3.25 8.9
v 7 3 8.95
v 7 3.25 8.95
v 7 3.5 8.9
v 7 3.5 8.95
v 7 3.75 8.9
v 7 3.75 8.95
v 7 4 8.9
v 7 4 8.95
v 7 4.25 8.9
v 7 4.25 8.95
v 7 4.5 8.9
v 7 4.5 8.95
v 7 4.75 8.9
v 7 4.75 8.95
v 7 5 8.95
v 7 5.25 8.95
v 7 5.5 8.95
v 7 5.75 8.95
v 7 5.75 9
v 7 6 9
v 7 6 8.95
v 7 6.25 9
v 7 6.5 9
v 7 6.5 9.05
v 7 6.75 9.05
v 7 7 9.05
v 7 7 9.1
v 7 7.25 9.1
v 7 7.5 9.1
v 7 7.75 9.1
v 7 7.5 9.15
v 7 7.75 9.15
v 7 8 9.15
v 7 8.25 9.15
v 7 8.5 9.15
v 7 8.25 9.2
v 7 8.5 9.2
v 7 8.75 9.15
v 7 8.75 9.2
v 7 9 9.15
v 7 9 9.2
v 7 9.25 9.15
v 7 9.25 9.2
v 7 9.5 9.15
v 7 9.5 9.2
v 7 9.5 9.1
v 7 9.75 9.1
v 7 9.75 9.15
v 7 10 9.1
v 7 10 9.15
v 7 10 9.05
v 7 10.25 9.05
v 7 10.25 9.1
v 7 10.5 9.05
v 7 10.5 9.1
v 7 10.5 9
v 7 10.75 9
v 7 10.75 9.05
v 7 11 9
v 7 11 8.95
v 7 11.25 8.95
v 7 11.25 9
v 7 11.5 8.95
v 7 11.5 9
v 7 11.75 8.95
v 7 11.75 9
v 7 12 8.95
v 7 12 9
v 7.25 0 9.15
v 7.25 0.25 9.15
v 7.25 0 9.25
v 7.25 0.25 9.25
v 7.25 0.5 9.15
v 7.25 0.5 9.25
v 7.25 0.75 9.15
v 7.25 0.75 9.25
v 7.25 1 9.15
v 7.25 1 9.25
v 7.25 1.25 9.15
v 7.25 1 9.2
v 7.25 1.25 9.2
v 7.25 1.25 9.1
v 7.25 1.5 9.1
v 7.25 1.5 9.2
v 7.25 1.75 9.1
v 7.25 1.75 9.2
v 7.25 2 9.1
v 7.25 1.75 9.15
v 7.25 2 9.15
v 7.25 2 9.05
v 7.25 2.25 9.05
v 7.25 2.25 9.15
v 7.25 2.5 9.05
v 7.25 2.25 9.1
v 7.25 2.5 9.1
v 7.25 2.5 9
v 7.25 2.75 9
v 7.25 2.75 9.05
v 7.25 3 9
v 7.25 3 9.05
v 7.25 3 8.95
v 7.25 3.25 8.95
v 7.25 3.25 9
v 7.25 3.5 8.95
v 7.25 3.5 9
v 7.25 3.75 8.95
v 7.25 3.75 9
v 7.25 4 8.95
v 7.25 4.25 8.95
v 7.25 4.5 8.95
v 7.25 4.75 8.95
v 7.25 5 8.95
v 7.25 5.25 8.95
v 7.25 5.5 8.95
v 7.25 5.75 8.95
v 7.25 6 8.95
v 7.25 6 9
v 7.25 6.25 9
v 7.25 6.5 9
v 7.25 6.5 9.05
v 7.25 6.75 9.05
v 7.25 6.75 9
v 7.25 7 9.05
v 7.25 7 9.1
v 7.25 7.25 9.1
v 7.25 7.25 9.05
v 7.25 7.5 9.1
v 7.25 7.5 9.15
v 7.25 7.75 9.15
v 7.25 7.75 9.1
v 7.25 8 9.15
v 7.25 8.25 9.15
v 7.25 8.25 9.2
v 7.25 8.5 9.2
v 7.25 8.75 9.2
v 7.25 9 9.2
v 7.25 9.25 9.2
v 7.25 9 9.25
v 7.25 9.25 9.25
v 7.25 9.5 9.2
v 7.25 9.5 9.15
v 7.25 9.75 9.15
v 7.25 9.75 9.2
v 7.25 10 9.15
v 7.25 10 9.2
v 7.25 10 9.1
v 7.25 10.25 9.1
v 7.25 10.25 9.15
v 7.25 10.5 9.1
v 7.25 10.5 9.05
v 7.25 10.75 9.05
v 7.25 10.75 9.1
v 7.25 10.75 9
v 7.25 11 9
v 7.25 11 9.05
v 7.25 11.25 9
v 7.25 11.25 9.05
v 7.25 11.5 9
v 7.25 11.5 9.05
v 7.25 11.75 9
v 7.25 11.75 9.05
v 7.25 12 9
v 7.25 12 9.05
v 7.5 0 9.25
v 7.5 0.25 9.25
v 7.5 0 9.3
v 7.5 0.25 9.3
v 7.5 0.5 9.25
v 7.5 0.5 9.3
v 7.5 0.75 9.25
v 7.5 0.75 9.3
v 7.5 1 9.25
v 7.5 1 9.3
v 7.5 1 9.2
v 7.5 1.25 9.2
v 7.5 1.25 9.3
v 7.5 1.5 9.2
v 7.5 1.25 9.25
v 7.5 1.5 9.25
v 7.5 1.75 9.2
v 7.5 1.75 9.25
v 7.5 1.75 9.15
v 7.5 2 9.15
v 7.5 2 9.2
v 7.5 2.25 9.15
v 7.5 2.25 9.2
v 7.5 2.25 9.1
v 7.5 2.5 9.1
v 7.5 2.5 9.15
v 7.5 2.5 9.05
v 7.5 2.75 9.05
v 7.5 2.75 9.15
v 7.5 3 9.05
v 7.5 2.75 9.1
v 7.5 3 9.1
v 7.5 3 9
v 7.5 3.25 9
v 7.5 3.25 9.05
v 7.5 3.5 9
v 7.5 3.5 9.05
v 7.5 3.75 9
v 7.5 3.75 8.95
v 7.5 4 8.95
v 7.5 4 9
v 7.5 4.25 8.95
v 7.5 4.25 9
v 7.5 4.5 8.95
v 7.5 4.75 8.95
v 7.5 5 8.95
v 7.5 5.25 8.95
v 7.5 5.5 8.95
v 7.5 5.75 8.95
v 7.5 6 8.95
v 7.5 6 9
v 7.5 6.25 9
v 7.5 6.25 8.95
v 7.5 6.5 9
v 7.5 6.75 9
v 7.5 6.75 9.05
v 7.5 7 9.05
v 7.5 7 9
v 7.5 7.25 9.05
v 7.5 7.25 9.1
v 7.5 7.5 9.1
v 7.5 7.5 9.05
v 7.5 7.75 9.1
v 7.5 7.75 9.15
v 7.5 8 9.15
v 7.5 8.25 9.15
v 7.5 8.25 9.2
v 7.5 8.5 9.2
v 7.5 8.75 9.2
v 7.5 9 9.2
v 7.5 8.75 9.25
v 7.5 9 9.25
v 7.5 9.25 9.25
v 7.5 9.25 9.2
v 7.5 9.5 9.2
v 7.5 9.5 9.25
v 7.5 9.75 9.2
v 7.5 9.75 9.25
v 7.5 10 9.2
v 7.5 10 9.15
v 7.5 10.25 9.15
v 7.5 10.25 9.2
v 7.5 10.25 9.1
v 7.5 10.5 9.1
v 7.5 10.5 9.15
v 7.5 10.75 9.1
v 7.5 10.75 9.05
v 7.5 11 9.05
v 7.5 11 9.1
v 7.5 11.25 9.05
v 7.5 11.5 9.05
v 7.5 11.75 9.05
v 7.5 12 9.05
v 7.75 0 9.3
v 7.75 0.25 9.3
v 7.75 0 9.35
v 7.75 0.25 9.35
v 7.75 0.5 9.3
v 7.75 0.5 9.35
v 7.75 0.75 9.3
v 7.75 0.75 9.35
v 7.75 1 9.3
v 7.75 1 9.35
v 7.75 1.25 9.3
v 7.75 1.25 9.35
v 7.75 1.25 9.25
v 7.75 1.5 9.25
v 7.75 1.5 9.3
v 7.75 1.75 9.25
v 7.75 1.75 9.3
v 7.75 1.75 9.2
v 7.75 2 9.2
v 7.75 2 9.25
v 7.75 2.25 9.2
v 7.75 2.25 9.25
v 7.75 2.25 9.15
v 7.75 2.5 9.15
v 7.75 2.5 9.2
v 7.75 2.75 9.15
v 7.75 2.75 9.1
v 7.75 3 9.1
v 7.75 3 9.15
v 7.75 3 9.05
v 7.75 3.25 9.05
v 7.75 3.25 9.1
v 7.75 3.5 9.05
v 7.75 3.5 9.1
v 7.75 3.5 9
v 7.75 3.75 9
v 7.75 3.75 9.05
v 7.75 4 9
v 7.75 4 9.05
v 7.75 4.25 9
v 7.75 4.25 8.95
v 7.75 4.5 8.95
v 7.75 4.5 9
v 7.75 4.75 8.95
v 7.75 4.75 9
v 7.75 5 8.95
v 7.75 5.25 8.95
v 7.75 5.5 8.95
v 7.75 5.75 8.95
v 7.75 6 8.95
v 7.75 6.25 8.95
v 7.75 6.25 9
v 7.75 6.5 9
v 7.75 6.5 8.95
v 7.75 6.75 9
v 7.75 6.75 8.95
v 7.75 7 9
v 7.75 7 9.05
v 7.75 7.25 9.05
v 7.75 7.25 9
v 7.75 7.5 9.05
v 7.75 7.5 9.1
v 7.75 7.75 9.1
v 7.75 7.75 9.15
v 7.75 8 9.15
v 7.75 8 9.1
v 7.75 8.25 9.15
v 7.75 8.25 9.2
v 7.75 8.5 9.2
v 7.75 8.5 9.15
v 7.75 8.75 9.2
v 7.75 8.75 9.25
v 7.75 9 9.25
v 7.75 9 9.2
v 7.75 9.25 9.25
v 7.75 9.5 9.25
v 7.75 9.75 9.25
v 7.75 9.75 9.2
v 7.75 10 9.2
v 7.75 10.25 9.2
v 7.75 10.25 9.15
v 7.75 10.5 9.15
v 7.75 10.5 9.1
v 7.75 10.75 9.1
v 7.75 10.75 9.15
v 7.75 11 9.1
v 7.75 11 9.05
v 7.75 11.25 9.05
v 7.75 11.25 9.1
v 7.75 11.5 9.05
v 7.75 11.5 9.1
v 7.75 11.75 9.05
v 7.75 11.75 9.1
v 7.75 12 9.05
v 7.75 12 9.1
v 8 0 9.35
v 8 0.25 9.35
v 8 0 9.4
v 8 0.25 9.4
v 8 0.5 9.35
v 8 0.5 9.4
v 8 0.75 9.35
v 8 0.75 9.4
v 8 1 9.35
v 8 1 9.4
v 8 1.25 9.35
v 8 1.25 9.4
v 8 1.25 9.3
v 8 1.5 9.3
v 8 1.5 9.35
v 8 1.75 9.3
v 8 1.75 9.35
v 8 1.75 9.25
v 8 2 9.25
v 8 2 9.3
v 8 2.25 9.25
v 8 2.25 9.2
v 8 2.5 9.2
v 8 2.5 9.25
v 8 2.5 9.15
v 8 2.75 9.15
v 8 2.75 9.2
v 8 3 9.15
v 8 3 9.1
v 8 3.25 9.1
v 8 3.25 9.15
v 8 3.5 9.1
v 8 3.5 9.05
v 8 3.75 9.05
v 8 3.75 9.1
v 8 4 9.05
v 8 4 9
v 8 4.25 9
v 8 4.25 9.05
v 8 4.5 9
v 8 4.75 9
v 8 4.75 8.95
v 8 5 8.95
v 8 5 9
v 8 5.25 8.95
v 8 5.5 8.95
v 8 5.75 8.95
v 8 6 8.95
v 8 6.25 8.95
v 8 6.5 8.95
v 8 6.75 8.95
v 8 6.75 9
v 8 7 9
v 8 7 8.95
v 8 7.25 9
v 8 7.25 9.05
v 8 7.5 9.05
v 8 7.5 9
v 8 7.5 9.1
v 8 7.75 9.1
v 8 7.75 9.05
v 8 8 9.1
v 8 8 9.15
v 8 8.25 9.15
v 8 8.25 9.1
v 8 8.5 9.15
v 8 8.5 9.2
v 8 8.75 9.2
v 8 8.75 9.15
v 8 9 9.2
v 8 9 9.25
v 8 9.25 9.25
v 8 9.25 9.2
v 8 9.5 9.25
v 8 9.5 9.2
v 8 9.75 9.25
v 8 9.75 9.2
v 8 10 9.2
v 8 10.25 9.2
v 8 10.25 9.15
v 8 10.5 9.15
v 8 10.75 9.15
v 8 10.75 9.1
v 8 11 9.1
v 8 11.25 9.1
v 8 11.5 9.1
v 8 11.75 9.1
v 8 12 9.1
v 8.25 0 9.4
v 8.25 0.25 9.4
v 8.25 0.5 9.4
v 8.25 0.75 9.4
v 8.25 1 9.4
v 8.25 1.25 9.4
v 8.25 1.25 9.35
v 8.25 1.5 9.35
v 8.25 1.75 9.35
v 8.25 1.75 9.3
v 8.25 2 9.3
v 8.25 2 9.25
v 8.25 2.25 9.25
v 8.25 2.25 9.3
v 8.25 2.5 9.25
v 8.25 2.5 9.2
v 8.25 2.75 9.2
v 8.25 2.75 9.15
v 8.25 3 9.15
v 8.25 3 9.2
v 8.25 3.25 9.15
v 8.25 3.25 9.1
v 8.25 3.5 9.1
v 8.25 3.75 9.1
v 8.25 3.75 9.05
v 8.25 4 9.05
v 8.25 4 9.1
v 8.25 4.25 9.05
v 8.25 4.25 9
v 8.25 4.5 9
v 8.25 4.5 9.05
v 8.25 4.75 9
v 8.25 5 9
v 8.25 5 8.95
v 8.25 5.25 8.95
v 8.25 5.25 9
v 8.25 5.5 8.95
v 8.25 5.75 8.95
v 8.25 6 8.95
v 8.25 6.25 8.95
v 8.25 6.5 8.95
v 8.25 6.75 8.95
v 8.25 7 8.95
v 8.25 7 9
v 8.25 7.25 9
v 8.25 7.25 8.95
v 8.25 7.5 9
v 8.25 7.5 9.05
v 8.25 7.75 9.05
v 8.25 7.75 9
v 8.25 7.75 9.1
v 8.25 8 9.1
v 8.25 8 9.05
v 8.25 8.25 9.1
v 8.25 8.25 9.05
v 8.25 8.25 9.15
v 8.25 8.5 9.15
v 8.25 8.5 9.1
v 8.25 8.75 9.15
v 8.25 8.75 9.2
v 8.25 9 9.2
v 8.25 9 9.15
v 8.25 9.25 9.2
v 8.25 9.5 9.2
v 8.25 9.75 9.2
v 8.25 10 9.2
v 8.25 10.25 9.2
v 8.25 10 9.15
v 8.25 10.25 9.15
v 8.25 10.5 9.15
v 8.25 10.75 9.15
v 8.25 10.5 9.1
v 8.25 10.75 9.1
v 8.25 11 9.1
v 8.25 11.25 9.1
v 8.25 11.5 9.1
v 8.25 11.75 9.1
v 8.25 12 9.1
v 8.5 0 9.4
v 8.5 0.25 9.4
v 8.5 0.5 9.4
v 8.5 0.75 9.4
v 8.5 1 9.4
v 8.5 1.25 9.4
v 8.5 1.25 9.35
v 8.5 1.5 9.35
v 8.5 1.75 9.35
v 8.5 1.75 9.3
v 8.5 2 9.3
v 8.5 2.25 9.3
v 8.5 2.25 9.25
v 8.5 2.5 9.25
v 8.5 2.5 9.2
v 8.5 2.75 9.2
v 8.5 3 9.2
v 8.5 3 9.15
v 8.5 3.25 9.15
v 8.5 3.25 9.1
v 8.5 3.5 9.1
v 8.5 3.5 9.15
v 8.5 3.75 9.1
v 8.5 4 9.1
v 8.5 4 9.05
v 8.5 4.25 9.05
v 8.5 4.5 9.05
v 8.5 4.5 9
v 8.5 4.75 9
v 8.5 4.75 9.05
v 8.5 5 9
v 8.5 5.25 9
v 8.5 5.25 8.95
v 8.5 5.5 8.95
v 8.5 5.5 9
v 8.5 5.75 8.95
v 8.5 6 8.95
v 8.5 6.25 8.95
v 8.5 6.5 8.95
v 8.5 6.25 8.9
v 8.5 6.5 8.9
v 8.5 6.75 8.95
v 8.5 6.75 8.9
v 8.5 7 8.95
v 8.5 7.25 8.95
v 8.5 7.25 9
v 8.5 7.5 9
v 8.5 7.5 8.95
v 8.5 7.75 9
v 8.5 7.75 9.05
v 8.5 8 9.05
v 8.5 8 9
v 8.5 8.25 9.05
v 8.5 8.25 9.1
v 8.5 8.5 9.1
v 8.5 8.5 9.05
v 8.5 8.5 9.15
v 8.5 8.75 9.15
v 8.5 8.75 9.1
v 8.5 9 9.15
v 8.5 9 9.1
v 8.5 9 9.2
v 8.5 9.25 9.2
v 8.5 9.25 9.15
v 8.5 9.5 9.2
v 8.5 9.5 9.15
v 8.5 9.75 9.2
v 8.5 9.75 9.15
v 8.5 10 9.2
v 8.5 10 9.15
v 8.5 10.25 9.15
v 8.5 10 9.1
v 8.5 10.25 9.1
v 8.5 10.5 9.15
v 8.5 10.5 9.1
v 8.5 10.75 9.1
v 8.5 11 9.1
v 8.5 10.75 9.05
v 8.5 11 9.05
v 8.5 11.25 9.1
v 8.5 11.25 9.05
v 8.5 11.5 9.1
v 8.5 11.5 9.05
v 8.5 11.75 9.1
v 8.5 11.75 9.05
v 8.5 12 9.1
v 8.5 12 9.05
v 8.75 0 9.4
v 8.75 0.25 9.4
v 8.75 0 9.35
v 8.75 0.25 9.35
v 8.75 0.5 9.4
v 8.75 0.5 9.35
v 8.75 0.75 9.4
v 8.75 0.75 9.35
v 8.75 1 9.4
v 8.75 1 9.35
v 8.75 1.25 9.4
v 8.75 1.25 9.35
v 8.75 1.5 9.35
v 8.75 1.75 9.35
v 8.75 1.5 9.3
v 8.75 1.75 9.3
v 8.75 2 9.3
v 8.75 2.25 9.3
v 8.75 2 9.25
v 8.75 2.25 9.25
v 8.75 2.5 9.25
v 8.75 2.5 9.2
v 8.75 2.75 9.2
v 8.75 3 9.2
v 8.75 3 9.15
v 8.75 3.25 9.15
v 8.75 3.5 9.15
v 8.75 3.5 9.1
v 8.75 3.75 9.1
v 8.75 4 9.1
v 8.75 4 9.05
v 8.75 4.25 9.05
v 8.75 4.25 9.1
v 8.75 4.5 9.05
v 8.75 4.75 9.05
v 8.75 4.75 9
v 8.75 5 9
v 8.75 5 9.05
v 8.75 5.25 9
v 8.75 5.5 9
v 8.75 5.5 8.95
v 8.75 5.75 8.95
v 8.75 6 8.95
v 8.75 6.25 8.95
v 8.75 6.25 8.9
v 8.75 6.5 8.9
v 8.75 6.75 8.9
v 8.75 6.75 8.95
v 8.75 7 8.95
v 8.75 7 8.9
v 8.75 7.25 8.95
v 8.75 7.25 8.9
v 8.75 7.5 8.95
v 8.75 7.5 9
v 8.75 7.75 9
v 8.75 7.75 8.95
v 8.75 8 9
v 8.75 8 8.95
v 8.75 8 9.05
v 8.75 8.25 9.05
v 8.75 8.25 9
v 8.75 8.5 9.05
v 8.75 8.5 9
v 8.75 8.5 9.1
v 8.75 8.75 9.1
v 8.75 8.75 9.05
v 8.75 9 9.1
v 8.75 9 9.05
v 8.75 9 9.15
v 8.75 9.25 9.15
v 8.75 9.25 9.1
v 8.75 9.5 9.15
v 8.75 9.5 9.1
v 8.75 9.75 9.15
v 8.75 9.75 9.1
v 8.75 10 9.15
v 8.75 10 9.1
v 8.75 10.25 9.1
v 8.75 10 9.05
v 8.75 10.25 9.05
v 8.75 10.5 9.1
v 8.75 10.5 9.05
v 8.75 10.75 9.1
v 8.75 10.75 9.05
v 8.75 11 9.05
v 8.75 10.75 9
v 8.75 11 9
v 8.75 11.25 9.05
v 8.75 11.25 9
v 8.75 11.5 9.05
v 8.75 11.5 9
v 8.75 11.75 9.05
v 8.75 11.75 9
v 8.75 12 9.05
v 8.75 12 9
v 9 0 9.35
v 9 0.25 9.35
v 9 0 9.3
v 9 0.25 9.3
v 9 0.5 9.35
v 9 0.5 9.3
v 9 0.75 9.35
v 9 0.75 9.3
v 9 1 9.35
v 9 1 9.3
v 9 1.25 9.35
v 9 1.25 9.3
v 9 1.5 9.35
v 9 1.5 9.3
v 9 1.75 9.3
v 9 2 9.3
v 9 1.75 9.25
v 9 2 9.25
v 9 2.25 9.25
v 9 2.5 9.25
v 9 2.25 9.2
v 9 2.5 9.2
v 9 2.75 9.2
v 9 3 9.2
v 9 2.75 9.15
v 9 3 9.15
v 9 3.25 9.15
v 9 3.5 9.15
v 9 3.5 9.1
v 9 3.75 9.1
v 9 4 9.1
v 9 4.25 9.1
v 9 4.25 9.05
v 9 4.5 9.05
v 9 4.5 9.1
v 9 4.75 9.05
v 9 4.75 9.1
v 9 5 9.05
v 9 5 9
v 9 5.25 9
v 9 5.25 9.05
v 9 5.5 9
v 9 5.5 8.95
v 9 5.75 8.95
v 9 5.75 9
v 9 6 8.95
v 9 6.25 8.95
v 9 6.25 8.9
v 9 6.5 8.9
v 9 6.75 8.9
v 9 7 8.9
v 9 7.25 8.9
v 9 7.25 8.95
v 9 7.5 8.95
v 9 7.5 8.9
v 9 7.75 8.95
v 9 7.75 8.9
v 9 8 8.95
v 9 8 9
v 9 8.25 9
v 9 8.25 8.95
v 9 8.5 9
v 9 8.5 9.05
v 9 8.75 9.05
v 9 8.75 9
v 9 9 9.05
v 9 9 9
v 9 9 9.1
v 9 9.25 9.1
v 9 9.25 9.05
v 9 9.5 9.1
v 9 9.5 9.05
v 9 9.75 9.1
v 9 9.75 9.05
v 9 10 9.1
v 9 9.75 9
v 9 10 9
v 9 10 9.05
v 9 10.25 9.05
v 9 10.25 9
v 9 10.5 9.05
v 9 10.5 9
v 9 10.75 9.05
v 9 10.75 9
v 9 11 9
v 9 10.75 8.95
v 9 11 8.95
v 9 11.25 9
v 9 11.25 8.95
v 9 11.5 9
v 9 11.5 8.95
v 9 11.75 9
v 9 11.75 8.95
v 9 12 9
v 9 12 8.95
v 9.25 0 9.3
v 9.25 0.25 9.3
v 9.25 0 9.25
v 9.25 0.25 9.25
v 9.25 0.5 9.3
v 9.25 0.5 9.25
v 9.25 0.75 9.3
v 9.25 0.75 9.25
v 9.25 1 9.3
v 9.25 1 9.25
v 9.25 1.25 9.3
v 9.25 1.25 9.25
v 9.25 1.5 9.3
v 9.25 1.5 9.25
v 9.25 1.75 9.3
v 9.25 1.75 9.25
v 9.25 2 9.25
v 9.25 2.25 9.25
v 9.25 2 9.2
v 9.25 2.25 9.2
v 9.25 2.5 9.2
v 9.25 2.75 9.2
v 9.25 2.5 9.15
v 9.25 2.75 9.15
v 9.25 3 9.15
v 9.25 3.25 9.15
v 9.25 3.5 9.15
v 9.25 3.5 9.1
v 9.25 3.75 9.1
v 9.25 3.75 9.15
v 9.25 4 9.1
v 9.25 4.25 9.1
v 9.25 4.5 9.1
v 9.25 4.75 9.1
v 9.25 4.75 9.05
v 9.25 5 9.05
v 9.25 5 9.1
v 9.25 5.25 9.05
v 9.25 5.25 9
v 9.25 5.5 9
v 9.25 5.5 9.05
v 9.25 5.75 9
v 9.25 5.75 8.95
v 9.25 6 8.95
v 9.25 6.25 8.95
v 9.25 6.25 8.9
v 9.25 6.5 8.9
v 9.25 6.75 8.9
v 9.25 7 8.9
v 9.25 7.25 8.9
v 9.25 7.5 8.9
v 9.25 7.75 8.9
v 9.25 7.75 8.95
v 9.25 8 8.95
v 9.25 8 8.9
v 9.25 8.25 8.95
v 9.25 8.25 9
v 9.25 8.5 9
v 9.25 8.5 8.95
v 9.25 8.75 9
v 9.25 8.75 8.95
v 9.25 9 9
v 9.25 9 8.95
v 9.25 9 9.05
v 9.25 9.25 9.05
v 9.25 9.25 9
v 9.25 9.5 9.05
v 9.25 9.5 9
v 9.25 9.75 9.05
v 9.25 9.5 8.95
v 9.25 9.75 8.95
v 9.25 9.75 9
v 9.25 10 9
v 9.25 10 8.95
v 9.25 10.25 9
v 9.25 10.25 8.95
v 9.25 10.5 9
v 9.25 10.5 8.95
v 9.25 10.75 9
v 9.25 10.75 8.95
v 9.25 11 8.95
v 9.25 10.75 8.9
v 9.25 11 8.9
v 9.25 11.25 8.95
v 9.25 11.25 8.9
v 9.25 11.5 8.95
v 9.25 11.5 8.9
v 9.25 11.75 8.95
v 9.25 11.75 8.9
v 9.25 12 8.95
v 9.25 12 8.9
v 9.5 0 9.25
v 9.5 0.25 9.25
v 9.5 0 9.2
v 9.5 0.25 9.2
v 9.5 0.5 9.25
v 9.5 0.5 9.2
v 9.5 0.75 9.25
v 9.5 0.75 9.2
v 9.5 1 9.25
v 9.5 1 9.2
v 9.5 1.25 9.25
v 9.5 1.25 9.2
v 9.5 1.5 9.25
v 9.5 1.5 9.2
v 9.5 1.75 9.25
v 9.5 1.75 9.2
v 9.5 2 9.25
v 9.5 2 9.2
v 9.5 2.25 9.2
v 9.5 2.5 9.2
v 9.5 2.25 9.15
v 9.5 2.5 9.15
v 9.5 2.75 9.15
v 9.5 3 9.15
v 9.5 3.25 9.15
v 9.5 3.5 9.15
v 9.5 3.75 9.15
v 9.5 3.75 9.1
v 9.5 4 9.1
v 9.5 4 9.15
v 9.5 4.25 9.1
v 9.5 4.25 9.15
v 9.5 4.5 9.1
v 9.5 4.75 9.1
v 9.5 5 9.1
v 9.5 5 9.05
v 9.5 5.25 9.05
v 9.5 5.5 9.05
v 9.5 5.5 9
v 9.5 5.75 9
v 9.5 5.75 8.95
v 9.5 6 8.95
v 9.5 6 9
v 9.5 6.25 8.95
v 9.5 6.25 8.9
v 9.5 6.5 8.9
v 9.5 6.75 8.9
v 9.5 7 8.9
v 9.5 7.25 8.9
v 9.5 7 8.85
v 9.5 7.25 8.85
v 9.5 7.5 8.9
v 9.5 7.5 8.85
v 9.5 7.75 8.9
v 9.5 8 8.9
v 9.5 8 8.95
v 9.5 8.25 8.95
v 9.5 8.25 8.9
v 9.5 8.5 8.95
v 9.5 8.5 8.9
v 9.5 8.75 8.95
v 9.5 8.75 8.9
v 9.5 9 8.95
v 9.5 9 9
v 9.5 9.25 9
v 9.5 9.25 8.95
v 9.5 9.5 9
v 9.5 9.5 8.95
v 9.5 9.75 8.95
v 9.5 9.5 8.9
v 9.5 9.75 8.9
v 9.5 10 8.95
v 9.5 10 8.9
v 9.5 10.25 8.95
v 9.5 10.25 8.9
v 9.5 10.5 8.95
v 9.5 10.5 8.9
v 9.5 10.75 8.95
v 9.5 10.75 8.9
v 9.5 11 8.9
v 9.5 10.75 8.85
v 9.5 11 8.85
v 9.5 11.25 8.9
v 9.5 11.25 8.85
v 9.5 11.5 8.9
v 9.5 11.5 8.85
v 9.5 11.75 8.9
v 9.5 11.75 8.85
v 9.5 12 8.9
v 9.5 12 8.85
v 9.75 0 9.2
v 9.75 0.25 9.2
v 9.75 0 9.15
v 9.75 0.25 9.15
v 9.75 0.5 9.2
v 9.75 0.5 9.15
v 9.75 0.75 9.2
v 9.75 0.75 9.15
v 9.75 1 9.2
v 9.75 1 9.15
v 9.75 1.25 9.2
v 9.75 1.25 9.15
v 9.75 1.5 9.2
v 9.75 1.5 9.15
v 9.75 1.75 9.2
v 9.75 1.75 9.15
v 9.75 2 9.2
v 9.75 2 9.15
v 9.75 2.25 9.2
v 9.75 2.25 9.15
v 9.75 2.5 9.15
v 9.75 2.75 9.15
v 9.75 3 9.15
v 9.75 3.25 9.15
v 9.75 3.5 9.15
v 9.75 3.75 9.15
v 9.75 4 9.15
v 9.75 4.25 9.15
v 9.75 4.25 9.1
v 9.75 4.5 9.1
v 9.75 4.5 9.15
v 9.75 4.75 9.1
v 9.75 4.75 9.15
v 9.75 5 9.1
v 9.75 5 9.05
v 9.75 5.25 9.05
v 9.75 5.25 9.1
v 9.75 5.5 9.05
v 9.75 5.5 9
v 9.75 5.75 9
v 9.75 6 9
v 9.75 6 8.95
v 9.75 6.25 8.95
v 9.75 6.25 8.9
v 9.75 6.5 8.9
v 9.75 6.75 8.9
v 9.75 7 8.9
v 9.75 6.75 8.85
v 9.75 7 8.85
v 9.75 7.25 8.85
v 9.75 7.5 8.85
v 9.75 7.5 8.9
v 9.75 7.75 8.9
v 9.75 7.75 8.85
v 9.75 8 8.9
v 9.75 8 8.85
v 9.75 8.25 8.9
v 9.75 8.25 8.85
v 9.75 8.5 8.9
v 9.75 8.75 8.9
v 9.75 8.75 8.95
v 9.75 9 8.95
v 9.75 9 8.9
v 9.75 9.25 8.95
v 9.75 9.25 8.9
v 9.75 9.5 8.95
v 9.75 9.5 8.9
v 9.75 9.75 8.9
v 9.75 10 8.9
v 9.75 10.25 8.9
v 9.75 10 8.85
v 9.75 10.25 8.85
v 9.75 10.5 8.9
v 9.75 10.5 8.85
v 9.75 10.75 8.9
v 9.75 10.75 8.85
v 9.75 11 8.85
v 9.75 11.25 8.85
v 9.75 11.5 8.85
v 9.75 11.75 8.85
v 9.75 12 8.85
v 10 0 9.15
v 10 0.25 9.15
v 10 0 9.1
v 10 0.25 9.1
v 10 0.5 9.15
v 10 0.5 9.1
v 10 0.75 9.15
v 10 0.75 9.1
v 10 1 9.15
v 10 1 9.1
v 10 1.25 9.15
v 10 1.25 9.1
v 10 1.5 9.15
v 10 1.75 9.15
v 10 2 9.15
v 10 2.25 9.15
v 10 2.5 9.15
v 10 2.75 9.15
v 10 3 9.15
v 10 3.25 9.15
v 10 3.5 9.15
v 10 3.75 9.15
v 10 4 9.15
v 10 4.25 9.15
v 10 4.5 9.15
v 10 4.75 9.15
v 10 4.75 9.1
v 10 5 9.1
v 10 5.25 9.1
v 10 5.25 9.05
v 10 5.5 9.05
v 10 5.5 9
v 10 5.75 9
v 10 6 9
v 10 6 8.95
v 10 6.25 8.95
v 10 6.25 8.9
v 10 6.5 8.9
v 10 6.75 8.9
v 10 6.75 8.85
v 10 7 8.85
v 10 7.25 8.85
v 10 7.5 8.85
v 10 7.75 8.85
v 10 8 8.85
v 10 8.25 8.85
v 10 8.25 8.9
v 10 8.5 8.9
v 10 8.5 8.85
v 10 8.75 8.9
v 10 8.75 8.85
v 10 9 8.9
v 10 9 8.85
v 10 9.25 8.9
v 10 9.25 8.85
v 10 9.5 8.9
v 10 9.5 8.85
v 10 9.75 8.9
v 10 9.75 8.85
v 10 10 8.9
v 10 10 8.85
v 10 10.25 8.85
v 10 10.5 8.85
v 10 10.75 8.85
v 10 11 8.85
v 10 10.75 8.8
v 10 11 8.8
v 10 11.25 8.85
v 10 11.25 8.8
v 10 11.5 8.85
v 10 11.5 8.8
v 10 11.75 8.85
v 10 11.75 8.8
v 10 12 8.85
v 10 12 8.8
v 10.25 0 9.1
v 10.25 0.25 9.1
v 10.25 0.5 9.1
v 10.25 0.75 9.1
v 10.25 1 9.1
v 10.25 1.25 9.1
v 10.25 1.25 9.15
v 10.25 1.5 9.15
v 10.25 1.5 9.1
v 10.25 1.75 9.15
v 10.25 1.75 9.1
v 10.25 2 9.15
v 10.25 2 9.1
v 10.25 2.25 9.15
v 10.25 2.25 9.1
v 10.25 2.5 9.15
v 10.25 2.75 9.15
v 10.25 3 9.15
v 10.25 3.25 9.15
v 10.25 3.5 9.15
v 10.25 3.75 9.15
v 10.25 4 9.15
v 10.25 4.25 9.15
v 10.25 4.5 9.15
v 10.25 4.75 9.15
v 10.25 4.75 9.1
v 10.25 5 9.1
v 10.25 5 9.15
v 10.25 5.25 9.1
v 10.25 5.25 9.05
v 10.25 5.5 9.05
v 10.25 5.5 9
v 10.25 5.75 9
v 10.25 6 9
v 10.25 6 8.95
v 10.25 6.25 8.95
v 10.25 6.25 8.9
v 10.25 6.5 8.9
v 10.25 6.75 8.9
v 10.25 6.5 8.85
v 10.25 6.75 8.85
v 10.25 7 8.85
v 10.25 7.25 8.85
v 10.25 7 8.8
v 10.25 7.25 8.8
v 10.25 7.5 8.85
v 10.25 7.5 8.8
v 10.25 7.75 8.85
v 10.25 7.75 8.8
v 10.25 8 8.85
v 10.25 8 8.8
v 10.25 8.25 8.85
v 10.25 8.25 8.8
v 10.25 8.5 8.85
v 10.25 8.5 8.8
v 10.25 8.75 8.85
v 10.25 9 8.85
v 10.25 9.25 8.85
v 10.25 9.5 8.85
v 10.25 9.75 8.85
v 10.25 10 8.85
v 10.25 10.25 8.85
v 10.25 10.5 8.85
v 10.25 10.75 8.85
v 10.25 10.75 8.8
v 10.25 11 8.8
v 10.25 11 8.85
v 10.25 11.25 8.8
v 10.25 11.25 8.85
v 10.25 11.5 8.8
v 10.25 11.5 8.85
v 10.25 11.75 8.8
v 10.25 11.75 8.85
v 10.25 12 8.8
v 10.25 12 8.85
v 10.5 0 9.1
v 10.5 0.25 9.1
v 10.5 0 9.05
v 10.5 0.25 9.05
v 10.5 0.5 9.1
v 10.5 0.5 9.05
v 10.5 0.75 9.1
v 10.5 0.75 9.05
v 10.5 1 9.1
v 10.5 1 9.05
v 10.5 1.25 9.1
v 10.5 1.25 9.05
v 10.5 1.5 9.1
v 10.5 1.5 9.05
v 10.5 1.75 9.1
v 10.5 2 9.1
v 10.5 2.25 9.1
v 10.5 2.25 9.15
v 10.5 2.5 9.15
v 10.5 2.5 9.1
v 10.5 2.75 9.15
v 10.5 3 9.15
v 10.5 3.25 9.15
v 10.5 3.5 9.15
v 10.5 3.75 9.15
v 10.5 3.5 9.2
v 10.5 3.75 9.2
v 10.5 4 9.15
v 10.5 4 9.2
v 10.5 4.25 9.15
v 10.5 4.25 9.2
v 10.5 4.5 9.15
v 10.5 4.5 9.2
v 10.5 4.75 9.15
v 10.5 5 9.15
v 10.5 5 9.1
v 10.5 5.25 9.1
v 10.5 5.25 9.05
v 10.5 5.5 9.05
v 10.5 5.5 9
v 10.5 5.75 9
v 10.5 6 9
v 10.5 5.75 8.95
v 10.5 6 8.95
v 10.5 6.25 8.95
v 10.5 6 8.9
v 10.5 6.25 8.9
v 10.5 6.5 8.9
v 10.5 6.25 8.85
v 10.5 6.5 8.85
v 10.5 6.75 8.85
v 10.5 7 8.85
v 10.5 6.75 8.8
v 10.5 7 8.8
v 10.5 7.25 8.8
v 10.5 7.5 8.8
v 10.5 7.75 8.8
v 10.5 7.5 8.75
v 10.5 7.75 8.75
v 10.5 8 8.8
v 10.5 8 8.75
v 10.5 8.25 8.8
v 10.5 8.5 8.8
v 10.5 8.5 8.85
v 10.5 8.75 8.85
v 10.5 8.75 8.8
v 10.5 9 8.85
v 10.5 9 8.8
v 10.5 9.25 8.85
v 10.5 9.25 8.8
v 10.5 9.5 8.85
v 10.5 9.5 8.8
v 10.5 9.75 8.85
v 10.5 10 8.85
v 10.5 10.25 8.85
v 10.5 10.5 8.85
v 10.5 10.75 8.85
v 10.5 11 8.85
v 10.5 11.25 8.85
v 10.5 11.5 8.85
v 10.5 11.75 8.85
v 10.5 12 8.85
v 10.75 0 9.05
v 10.75 0.25 9.05
v 10.75 0 9
v 10.75 0.25 9
v 10.75 0.5 9.05
v 10.75 0.5 9
v 10.75 0.75 9.05
v 10.75 0.75 9
v 10.75 1 9.05
v 10.75 1 9
v 10.75 1.25 9.05
v 10.75 1.5 9.05
v 10.75 1.5 9.1
v 10.75 1.75 9.1
v 10.75 1.75 9.05
v 10.75 2 9.1
v 10.75 2.25 9.1
v 10.75 2.5 9.1
v 10.75 2.25 9.15
v 10.75 2.5 9.15
v 10.75 2.75 9.15
v 10.75 3 9.15
v 10.75 3.25 9.15
v 10.75 3 9.2
v 10.75 3.25 9.2
v 10.75 3.5 9.15
v 10.75 3.5 9.2
v 10.75 3.75 9.2
v 10.75 4 9.2
v 10.75 4.25 9.2
v 10.75 4.5 9.2
v 10.75 4.5 9.15
v 10.75 4.75 9.15
v 10.75 5 9.15
v 10.75 5 9.1
v 10.75 5.25 9.1
v 10.75 5.25 9.05
v 10.75 5.5 9.05
v 10.75 5.5 9
v 10.75 5.75 9
v 10.75 5.75 8.95
v 10.75 6 8.95
v 10.75 6 8.9
v 10.75 6.25 8.9
v 10.75 6.25 8.85
v 10.75 6.5 8.85
v 10.75 6.75 8.85
v 10.75 6.5 8.8
v 10.75 6.75 8.8
v 10.75 7 8.8
v 10.75 7.25 8.8
v 10.75 7 8.75
v 10.75 7.25 8.75
v 10.75 7.5 8.8
v 10.75 7.5 8.75
v 10.75 7.75 8.75
v 10.75 8 8.75
v 10.75 8 8.8
v 10.75 8.25 8.8
v 10.75 8.25 8.75
v 10.75 8.5 8.8
v 10.75 8.5 8.75
v 10.75 8.75 8.8
v 10.75 8.75 8.75
v 10.75 9 8.8
v 10.75 9.25 8.8
v 10.75 9.5 8.8
v 10.75 9.5 8.85
v 10.75 9.75 8.85
v 10.75 10 8.85
v 10.75 10.25 8.85
v 10.75 10.5 8.85
v 10.75 10.75 8.85
v 10.75 11 8.85
v 10.75 10.75 8.9
v 10.75 11 8.9
v 10.75 11.25 8.85
v 10.75 11.25 8.9
v 10.75 11.5 8.85
v 10.75 11.5 8.9
v 10.75 11.75 8.85
v 10.75 11.75 8.9
v 10.75 12 8.85
v 10.75 12 8.9
v 11 0 9
v 11 0.25 9
v 11 0.5 9
v 11 0.75 9
v 11 1 9
v 11 1 9.05
v 11 1.25 9.05
v 11 1.25 9
v 11 1.5 9.05
v 11 1.75 9.05
v 11 1.75 9.1
v 11 2 9.1
v 11 2.25 9.1
v 11 2.25 9.15
v 11 2.5 9.15
v 11 2.75 9.15
v 11 3 9.15
v 11 3 9.2
v 11 3.25 9.2
v 11 3.5 9.2
v 11 3.75 9.2
v 11 4 9.2
v 11 4.25 9.2
v 11 4.5 9.2
v 11 4.5 9.15
v 11 4.75 9.15
v 11 5 9.15
v 11 5 9.1
v 11 5.25 9.1
v 11 5.25 9.05
v 11 5.5 9.05
v 11 5.5 9
v 11 5.75 9
v 11 5.75 8.95
v 11 6 8.95
v 11 6 8.9
v 11 6.25 8.9
v 11 6.25 8.85
v 11 6.5 8.85
v 11 6.5 8.8
v 11 6.75 8.8
v 11 7 8.8
v 11 6.75 8.75
v 11 7 8.75
v 11 7.25 8.75
v 11 7.5 8.75
v 11 7.75 8.75
v 11 7.5 8.7
v 11 7.75 8.7
v 11 8 8.75
v 11 8.25 8.75
v 11 8.5 8.75
v 11 8.75 8.75
v 11 8.75 8.8
v 11 9 8.8
v 11 9.25 8.8
v 11 9.5 8.8
v 11 9.5 8.85
v 11 9.75 8.85
v 11 10 8.85
v 11 10.25 8.85
v 11 10.5 8.85
v 11 10.75 8.85
v 11 10.5 8.9
v 11 10.75 8.9
v 11 11 8.9
v 11 11.25 8.9
v 11 11.5 8.9
v 11 11.75 8.9
v 11 12 8.9
v 11.25 0 9
v 11.25 0.25 9
v 11.25 0.5 9
v 11.25 0.75 9
v 11.25 1 9
v 11.25 1.25 9
v 11.25 1.25 9.05
v 11.25 1.5 9.05
v 11.25 1.75 9.05
v 11.25 1.75 9.1
v 11.25 2 9.1
v 11.25 2.25 9.1
v 11.25 2.25 9.15
v 11.25 2.5 9.15
v 11.25 2.75 9.15
v 11.25 3 9.15
v 11.25 3 9.2
v 11.25 3.25 9.2
v 11.25 3.5 9.2
v 11.25 3.75 9.2
v 11.25 4 9.2
v 11.25 4.25 9.2
v 11.25 4.5 9.2
v 11.25 4.5 9.15
v 11.25 4.75 9.15
v 11.25 5 9.15
v 11.25 5 9.1
v 11.25 5.25 9.1
v 11.25 5.25 9.05
v 11.25 5.5 9.05
v 11.25 5.5 9
v 11.25 5.75 9
v 11.25 5.75 8.95
v 11.25 6 8.95
v 11.25 6 8.9
v 11.25 6.25 8.9
v 11.25 6.25 8.85
v 11.25 6.5 8.85
v 11.25 6.5 8.8
v 11.25 6.75 8.8
v 11.25 6.75 8.75
v 11.25 7 8.75
v 11.25 7.25 8.75
v 11.25 7.5 8.75
v 11.25 7.5 8.7
v 11.25 7.75 8.7
v 11.25 7.75 8.75
v 11.25 8 8.75
v 11.25 8.25 8.75
v 11.25 8.5 8.75
v 11.25 8.75 8.75
v 11.25 8.75 8.8
v 11.25 9 8.8
v 11.25 9.25 8.8
v 11.25 9.5 8.8
v 11.25 9.5 8.85
v 11.25 9.75 8.85
v 11.25 10 8.85
v 11.25 10.25 8.85
v 11.25 10.5 8.85
v 11.25 10.5 8.9
v 11.25 10.75 8.9
v 11.25 11 8.9
v 11.25 11.25 8.9
v 11.25 11.5 8.9
v 11.25 11.75 8.9
v 11.25 12 8.9
v 11.5 0 9
v 11.5 0.25 9
v 11.5 0.5 9
v 11.5 0.75 9
v 11.5 1 9
v 11.5 1.25 9
v 11.5 1.25 9.05
v 11.5 1.5 9.05
v 11.5 1.75 9.05
v 11.5 1.75 9.1
v 11.5 2 9.1
v 11.5 2.25 9.1
v 11.5 2.25 9.15
v 11.5 2.5 9.15
v 11.5 2.75 9.15
v 11.5 3 9.15
v 11.5 3 9.2
v 11.5 3.25 9.2
v 11.5 3.5 9.2
v 11.5 3.75 9.2
v 11.5 4 9.2
v 11.5 4.25 9.2
v 11.5 4.5 9.2
v 11.5 4.5 9.15
v 11.5 4.75 9.15
v 11.5 5 9.15
v 11.5 5 9.1
v 11.5 5.25 9.1
v 11.5 5.25 9.05
v 11.5 5.5 9.05
v 11.5 5.5 9
v 11.5 5.75 9
v 11.5 5.75 8.95
v 11.5 6 8.95
v 11.5 6 8.9
v 11.5 6.25 8.9
v 11.5 6.25 8.85
v 11.5 6.5 8.85
v 11.5 6.5 8.8
v 11.5 6.75 8.8
v 11.5 6.75 8.75
v 11.5 7 8.75
v 11.5 7.25 8.75
v 11.5 7.5 8.75
v 11.5 7.5 8.7
v 11.5 7.75 8.7
v 11.5 7.75 8.75
v 11.5 8 8.75
v 11.5 8.25 8.75
v 11.5 8.5 8.75
v 11.5 8.75 8.75
v 11.5 8.75 8.8
v 11.5 9 8.8
v 11.5 9.25 8.8
v 11.5 9.5 8.8
v 11.5 9.5 8.85
v 11.5 9.75 8.85
v 11.5 10 8.85
v 11.5 10.25 8.85
v 11.5 10.5 8.85
v 11.5 10.5 8.9
v 11.5 10.75 8.9
v 11.5 11 8.9
v 11.5 11.25 8.9
v 11.5 11.5 8.9
v 11.5 11.75 8.9
v 11.5 12 8.9
v 11.75 0 9
v 11.75 0.25 9
v 11.75 0.5 9
v 11.75 0.75 9
v 11.75 1 9
v 11.75 1.25 9
v 11.75 1.25 9.05
v 11.75 1.5 9.05
v 11.75 1.75 9.05
v 11.75 1.75 9.1
v 11.75 2 9.1
v 11.75 2.25 9.1
v 11.75 2.25 9.15
v 11.75 2.5 9.15
v 11.75 2.75 9.15
v 11.75 3 9.15
v 11.75 3 9.2
v 11.75 3.25 9.2
v 11.75 3.5 9.2
v 11.75 3.75 9.2
v 11.75 4 9.2
v 11.75 4.25 9.2
v 11.75 4.5 9.2
v 11.75 4.5 9.15
v 11.75 4.75 9.15
v 11.75 5 9.15
v 11.75 5 9.1
v 11.75 5.25 9.1
v 11.75 5.25 9.05
v 11.75 5.5 9.05
v 11.75 5.5 9
v 11.75 5.75 9
v 11.75 5.75 8.95
v 11.75 6 8.95
v 11.75 6 8.9
v 11.75 6.25 8.9
v 11.75 6.25 8.85
v 11.75 6.5 8.85
v 11.75 6.5 8.8
v 11.75 6.75 8.8
v 11.75 6.75 8.75
v 11.75 7 8.75
v 11.75 7.25 8.75
v 11.75 7.5 8.75
v 11.75 7.5 8.7
v 11.75 7.75 8.7
v 11.75 7.75 8.75
v 11.75 8 8.75
v 11.75 8.25 8.75
v 11.75 8.5 8.75
v 11.75 8.75 8.75
v 11.75 8.75 8.8
v 11.75 9 8.8
v 11.75 9.25 8.8
v 11.75 9.5 8.8
v 11.75 9.5 8.85
v 11.75 9.75 8.85
v 11.75 10 8.85
v 11.75 10.25 8.85
v 11.75 10.5 8.85
v 11.75 10.5 8.9
v 11.75 10.75 8.9
v 11.75 11 8.9
v 11.75 11.25 8.9
v 11.75 11.5 8.9
v 11.75 11.75 8.9
v 11.75 12 8.9
v 12 0 9
v 12 0.25 9
v 12 0.5 9
v 12 0.75 9
v 12 1 9
v 12 1.25 9
v 12 1.25 9.05
v 12 1.5 9.05
v 12 1.75 9.05
v 12 1.75 9.1
v 12 2 9.1
v 12 2.25 9.1
v 12 2.25 9.15
v 12 2.5 9.15
v 12 2.75 9.15
v 12 3 9.15
v 12 3 9.2
v 12 3.25 9.2
v 12 3.5 9.2
v 12 3.75 9.2
v 12 4 9.2
v 12 4.25 9.2
v 12 4.5 9.2
v 12 4.5 9.15
v 12 4.75 9.15
v 12 5 9.15
v 12 5 9.1
v 12 5.25 9.1
v 12 5.25 9.05
v 12 5.5 9.05
v 12 5.5 9
v 12 5.75 9
v 12 5.75 8.95
v 12 6 8.95
v 12 6 8.9
v 12 6.25 8.9
v 12 6.25 8.85
v 12 6.5 8.85
v 12 6.5 8.8
v 12 6.75 8.8
v 12 6.75 8.75
v 12 7 8.75
v 12 7.25 8.75
v 12 7.5 8.75
v 12 7.5 8.7
v 12 7.75 8.7
v 12 7.75 8.75
v 12 8 8.75
v 12 8.25 8.75
v 12 8.5 8.75
v 12 8.75 8.75
v 12 8.75 8.8
v 12 9 8.8
v 12 9.25 8.8
v 12 9.5 8.8
v 12 9.5 8.85
v 12 9.75 8.85
v 12 10 8.85
v 12 10.25 8.85
v 12 10.5 8.85
v 12 10.5 8.9
v 12 10.75 8.9
v 12 11 8.9
v 12 11.25 8.9
v 12 11.5 8.9
v 12 11.75 8.9
v 12 12 8.9
v 0 0 12
v 0 0.25 12
v 12 0.25 12
v 12 0 12
v 0 0.5 12
v 12 0.5 12
v 0 0.75 12
v 12 0.75 12
v 0 1 12
v 12 1 12
v 0 1.25 12
v 12 1.25 12
v 0 1.5 12
v 12 1.5 12
v 0 1.75 12
v 12 1.75 12
v 0 2 12
v 12 2 12
v 0 2.25 12
v 12 2.25 12
v 0 2.5 12
v 12 2.5 12
v 0 2.75 12
v 12 2.75 12
v 0 3 12
v 12 3 12
v 0 3.25 12
v 12 3.25 12
v 0 3.5 12
v 12 3.5 12
v 0 3.75 12
v 12 3.75 12
v 0 4 12
v 12 4 12
v 0 4.25 12
v 12 4.25 12
v 0 4.5 12
v 12 4.5 12
v 0 4.75 12
v 12 4.75 12
v 0 5 12
v 12 5 12
v 0 5.25 12
v 12 5.25 12
v 0 5.5 12
v 12 5.5 12
v 0 5.75 12
v 12 5.75 12
v 0 6 12
v 12 6 12
v 0 6.25 12
v 12 6.25 12
v 0 6.5 12
v 12 6.5 12
v 0 6.75 12
v 12 6.75 12
v 0 7 12
v 12 7 12
v 0 7.25 12
v 12 7.25 12
v 0 7.5 12
v 12 7.5 12
v 0 7.75 12
v 12 7.75 12
v 0 8 12
v 12 8 12
v 0 8.25 12
v 12 8.25 12
v 0 8.5 12
v 12 8.5 12
v 0 8.75 12
v 12 8.75 12
v 0 9 12
v 12 9 12
v 0 9.25 12
v 12 9.25 12
v 0 9.5 12
v 12 9.5 12
v 0 9.75 12
v 12 9.75 12
v 0 10 12
v 12 10 12
v 0 10.25 12
v 12 10.25 12
v 0 10.5 12
v 12 10.5 12
v 0 10.75 12
v 12 10.75 12
v 0 11 12
v 12 11 12
v 0 11.25 12
v 12 11.25 12
v 0 11.5 12
v 12 11.5 12
v 0 11.75 12
v 12 11.75 12
v 0 12 12
v 12 12 12
v 0.25 0 12
v 0.25 12 12
v 0.5 0 12
v 0.5 12 12
v 0.75 0 12
v 0.75 12 12
v 1 0 12
v 1 12 12
v 1.25 0 12
v 1.25 12 12
v 1.5 0 12
v 1.5 12 12
v 1.75 0 12
v 1.75 12 12
v 2 0 12
v 2 12 12
v 2.25 0 12
v 2.25 12 12
v 2.5 0 12
v 2.5 12 12
v 2.75 0 12
v 2.75 12 12
v 3 0 12
v 3 12 12
v 3.25 0 12
v 3.25 12 12
v 3.5 0 12
v 3.5 12 12
v 3.75 0 12
v 3.75 12 12
v 4 0 12
v 4 12 12
v 4.25 0 12
v 4.25 12 12
v 4.5 0 12
v 4.5 12 12
v 4.75 0 12
v 4.75 12 12
v 5 0 12
v 5 12 12
v 5.25 0 12
v 5.25 12 12
v 5.5 0 12
v 5.5 12 12
v 5.75 0 12
v 5.75 12 12
v 6 0 12
v 6 12 12
v 6.25 0 12
v 6.25 12 12
v 6.5 0 12
v 6.5 12 12
v 6.75 0 12
v 6.75 12 12
v 7 0 12
v 7 12 12
v 7.25 0 12
v 7.25 12 12
v 7.5 0 12
v 7.5 12 12
v 7.75 0 12
v 7.75 12 12
v 8 0 12
v 8 12 12
v 8.25 0 12
v 8.25 12 12
v 8.5 0 12
v 8.5 12 12
v 8.75 0 12
v 8.75 12 12
v 9 0 12
v 9 12 12
v 9.25 0 12
v 9.25 12 12
v 9.5 0 12
v 9.5 12 12
v 9.75 0 12
v 9.75 12 12
v 10 0 12
v 10 12 12
v 10.25 0 12
v 10.25 12 12
v 10.5 0 12
v 10.5 12 12
v 10.75 0 12
v 10.75 12 12
v 11 0 12
v 11 12 12
v 11.25 0 12
v 11.25 12 12
v 11.5 0 12
v 11.5 12 12
v 11.75 0 12
v 11.75 12 12
f 4302 4301 4300
f 4303 4302 4300
f 4304 4302 4303
f 4305 4304 4303
f 4306 4304 4305
f 4307 4306 4305
f 4308 4306 4307
f 4309 4308 4307
f 4310 4308 4309
f 4311 4310 4309
f 4310 4311 4312
f 4313 4310 4312
f 4314 4313 4312
f 4315 4314 4312
f 4316 4314 4315
f 4317 4316 4315
f 4316 4317 4318
f 4319 4316 4318
f 4320 4319 4318
f 4321 4320 4318
f 4322 4320 4321
f 4323 4322 4321
f 4324 4322 4323
f 4325 4324 4323
f 4326 4324 4325
f 4327 4326 4325
f 4328 4326 4327
f 4329 4328 4327
f 4330 4328 4329
f 4331 4330 4329
f 4332 4330 4331
f 4333 4332 4331
f 4335 4334 4332
f 4333 4335 4332
f 4336 4334 4335
f 4337 4336 4335
f 4339 4338 4336
f 4337 4339 4336
f 4340 4338 4339
f 4341 4340 4339
f 4343 4342 4340
f 4341 4343 4340
f 4344 4342 4343
f 4345 4344 4343
f 4347 4346 4344
f 4345 4347 4344
f 4348 4346 4347
f 4349 4348 4347
f 4350 4348 4349
f 4351 4350 4349
f 4353 4352 4350
f 4351 4353 4350
f 4354 4352 4353
f 4355 4354 4353
f 4356 4354 4355
f 4357 4356 4355
f 4359 4358 4356
f 4357 4359 4356
f 4360 4358 4359
f 4361 4360 4359
f 4362 4360 4361
f 4363 4362 4361
f 4364 4362 4363
f 4365 4364 4363
f 4366 4364 4365
f 4367 4366 4365
f 4368 4366 4367
f 4369 4368 4367
f 4368 4369 4370
f 4371 4368 4370
f 4372 4371 4370
f 4373 4372 4370
f 4374 4372 4373
f 4375 4374 4373
f 4374 4375 4376
f 4377 4374 4376
f 4378 4377 4376
f 4379 4378 4376
f 4380 4378 4379
f 4381 4380 4379
f 4380 4381 4382
f 4383 4380 4382
f 4384 4383 4382
f 4385 4384 4382
f 4386 4384 4385
f 4387 4386 4385
f 4386 4387 4388
f 4389 4386 4388
f 4390 4389 4388
f 4391 4390 4388
f 4390 4391 4392
f 4393 4390 4392
f 4394 4393 4392
f 4395 4394 4392
f 4396 4394 4395
f 4397 4396 4395
f 4396 4397 4398
f 4399 4396 4398
f 4400 4399 4398
f 4401 4400 4398
f 4402 4400 4401
f 4403 4402 4401
f 4404 4402 4403
f 4405 4404 4403
f 4406 4404 4405
f 4407 4406 4405
f 4409 4408 4406
f 4407 4409 4406
f 4410 4408 4409
f 4411 4410 4409
f 4412 4410 4411
f 4413 4412 4411
f 4415 4414 4412
f 4413 4415 4412
f 4416 4414 4415
f 4417 4416 4415
f 4418 4416 4417
f 4419 4418 4417
f 4421 4420 4418
f 4419 4421 4418
f 4422 4420 4421
f 4423 4422 4421
f 4424 4422 4423
f 4425 4424 4423
f 4426 4424 4425
f 4427 4426 4425
f 4428 4426 4427
f 4429 4428 4427
f 4430 4428 4429
f 4431 4430 4429
f 4433 4432 4301
f 4302 4433 4301
f 4434 4433 4302
f 4304 4434 4302
f 4435 4434 4304
f 4306 4435 4304
f 4436 4435 4306
f 4308 4436 4306
f 4437 4436 4308
f 4310 4437 4308
f 4437 4310 4313
f 4438 4437 4313
f 4439 4438 4313
f 4314 4439 4313
f 4440 4439 4314
f 4316 4440 4314
f 4440 4316 4319
f 4441 4440 4319
f 4442 4441 4319
f 4320 4442 4319
f 4443 4442 4320
f 4322 4443 4320
f 4444 4443 4322
f 4324 4444 4322
f 4445 4444 4324
f 4326 4445 4324
f 4446 4445 4326
f 4328 4446 4326
f 4447 4446 4328
f 4330 4447 4328
f 4448 4447 4330
f 4332 4448 4330
f 4334 4449 4448
f 4332 4334 4448
f 4450 4449 4334
f 4336 4450 4334
f 4338 4451 4450
f 4336 4338 4450
f 4452 4451 4338
f 4340 4452 4338
f 4342 4453 4452
f 4340 4342 4452
f 4454 4453 4342
f 4344 4454 4342
f 4346 4455 4454
f 4344 4346 4454
f 4456 4455 4346
f 4348 4456 4346
f 4457 4456 4348
f 4350 4457 4348
f 4352 4458 4457
f 4350 4352 4457
f 4459 4458 4352
f 4354 4459 4352
f 4460 4459 4354
f 4356 4460 4354
f 4358 4461 4460
f 4356 4358 4460
f 4462 4461 4358
f 4360 4462 4358
f 4463 4462 4360
f 4362 4463 4360
f 4464 4463 4362
f 4364 4464 4362
f 4465 4464 4364
f 4366 4465 4364
f 4466 4465 4366
f 4368 4466 4366
f 4466 4368 4371
f 4467 4466 4371
f 4468 4467 4371
f 4372 4468 4371
f 4469 4468 4372
f 4374 4469 4372
f 4469 4374 4377
f 4470 4469 4377
f 4471 4470 4377
f 4378 4471 4377
f 4472 4471 4378
f 4380 4472 4378
f 4472 4380 4383
f 4473 4472 4383
f 4474 4473 4383
f 4384 4474 4383
f 4475 4474 4384
f 4386 4475 4384
f 4475 4386 4389
f 4476 4475 4389
f 4477 4476 4389
f 4390 4477 4389
f 4477 4390 4393
f 4478 4477 4393
f 4479 4478 4393
f 4394 4479 4393
f 4480 4479 4394
f 4396 4480 4394
f 4480 4396 4399
f 4481 4480 4399
f 4482 4481 4399
f 4400 4482 4399
f 4483 4482 4400
f 4402 4483 4400
f 4484 4483 4402
f 4404 4484 4402
f 4485 4484 4404
f 4406 4485 4404
f 4408 4486 4485
f 4406 4408 4485
f 4487 4486 4408
f 4410 4487 4408
f 4488 4487 4410
f 4412 4488 4410
f 4414 4489 4488
f 4412 4414 4488
f 4490 4489 4414
f 4416 4490 4414
f 4491 4490 4416
f 4418 4491 4416
f 4420 4492 4491
f 4418 4420 4491
f 4493 4492 4420
f 4422 4493 4420
f 4494 4493 4422
f 4424 4494 4422
f 4495 4494 4424
f 4426 4495 4424
f 4496 4495 4426
f 4428 4496 4426
f 4497 4496 4428
f 4430 4497 4428
f 4499 4498 4432
f 4433 4499 4432
f 4500 4499 4433
f 4434 4500 4433
f 4501 4500 4434
f 4435 4501 4434
f 4502 4501 4435
f 4436 4502 4435
f 4503 4502 4436
f 4437 4503 4436
f 4503 4437 4438
f 4504 4503 4438
f 4505 4504 4438
f 4439 4505 4438
f 4506 4505 4439
f 4440 4506 4439
f 4506 4440 4441
f 4507 4506 4441
f 4508 4507 4441
f 4442 4508 4441
f 4509 4508 4442
f 4443 4509 4442
f 4510 4509 4443
f 4444 4510 4443
f 4511 4510 4444
f 4445 4511 4444
f 4512 4511 4445
f 4446 4512 4445
f 4513 4512 4446
f 4447 4513 4446
f 4514 4513 4447
f 4448 4514 4447
f 4449 4515 4514
f 4448 4449 4514
f 4516 4515 4449
f 4450 4516 4449
f 4451 4517 4516
f 4450 4451 4516
f 4518 4517 4451
f 4452 4518 4451
f 4453 4519 4518
f 4452 4453 4518
f 4520 4519 4453
f 4454 4520 4453
f 4455 4521 4520
f 4454 4455 4520
f 4522 4521 4455
f 4456 4522 4455
f 4523 4522 4456
f 4457 4523 4456
f 4458 4524 4523
f 4457 4458 4523
f 4525 4524 4458
f 4459 4525 4458
f 4526 4525 4459
f 4460 4526 4459
f 4461 4527 4526
f 4460 4461 4526
f 4528 4527 4461
f 4462 4528 4461
f 4529 4528 4462
f 4463 4529 4462
f 4530 4529 4463
f 4464 4530 4463
f 4531 4530 4464
f 4465 4531 4464
f 4532 4531 4465
f 4466 4532 4465
f 4532 4466 4467
f 4533 4532 4467
f 4534 4533 4467
f 4468 4534 4467
f 4535 4534 4468
f 4469 4535 4468
f 4535 4469 4470
f 4536 4535 4470
f 4537 4536 4470
f 4471 4537 4470
f 4538 4537 4471
f 4472 4538 4471
f 4538 4472 4473
f 4539 4538 4473
f 4540 4539 4473
f 4474 4540 4473
f 4541 4540 4474
f 4475 4541 4474
f 4541 4475 4476
f 4542 4541 4476
f 4543 4542 4476
f 4477 4543 4476
f 4543 4477 4478
f 4544 4543 4478
f 4545 4544 4478
f 4479 4545 4478
f 4546 4545 4479
f 4480 4546 4479
f 4546 4480 4481
f 4547 4546 4481
f 4548 4547 4481
f 4482 4548 4481
f 4549 4548 4482
f 4483 4549 4482
f 4550 4549 4483
f 4484 4550 4483
f 4551 4550 4484
f 4485 4551 4484
f 4486 4552 4551
f 4485 4486 4551
f 4553 4552 4486
f 4487 4553 4486
f 4554 4553 4487
f 4488 4554 4487
f 4489 4555 4554
f 4488 4489 4554
f 4556 4555 4489
f 4490 4556 4489
f 4557 4556 4490
f 4491 4557 4490
f 4492 4558 4557
f 4491 4492 4557
f 4559 4558 4492
f 4493 4559 4492
f 4560 4559 4493
f 4494 4560 4493
f 4561 4560 4494
f 4495 4561 4494
f 4562 4561 4495
f 4496 4562 4495
f 4563 4562 4496
f 4497 4563 4496
f 4565 4564 4498
f 4499 4565 4498
f 4566 4565 4499
f 4500 4566 4499
f 4567 4566 4500
f 4501 4567 4500
f 4568 4567 4501
f 4502 4568 4501
f 4569 4568 4502
f 4503 4569 4502
f 4569 4503 4504
f 4570 4569 4504
f 4571 4570 4504
f 4505 4571 4504
f 4572 4571 4505
f 4506 4572 4505
f 4572 4506 4507
f 4573 4572 4507
f 4574 4573 4507
f 4508 4574 4507
f 4575 4574 4508
f 4509 4575 4508
f 4576 4575 4509
f 4510 4576 4509
f 4577 4576 4510
f 4511 4577 4510
f 4578 4577 4511
f 4512 4578 4511
f 4579 4578 4512
f 4513 4579 4512
f 4580 4579 4513
f 4514 4580 4513
f 4580 4582 4581
f 4579 4580 4581
f 4515 4582 4580
f 4514 4515 4580
f 4583 4582 4515
f 4516 4583 4515
f 4517 4584 4583
f 4516 4517 4583
f 4585 4584 4517
f 4518 4585 4517
f 4519 4586 4585
f 4518 4519 4585
f 4587 4586 4519
f 4520 4587 4519
f 4521 4588 4587
f 4520 4521 4587
f 4589 4588 4521
f 4522 4589 4521
f 4590 4589 4522
f 4523 4590 4522
f 4590 4592 4591
f 4589 4590 4591
f 4524 4592 4590
f 4523 4524 4590
f 4593 4592 4524
f 4525 4593 4524
f 4594 4593 4525
f 4526 4594 4525
f 4594 4596 4595
f 4593 4594 4595
f 4527 4596 4594
f 4526 4527 4594
f 4597 4596 4527
f 4528 4597 4527
f 4598 4597 4528
f 4529 4598 4528
f 4599 4598 4529
f 4530 4599 4529
f 4600 4599 4530
f 4531 4600 4530
f 4601 4600 4531
f 4532 4601 4531
f 4601 4532 4533
f 4602 4601 4533
f 4603 4602 4533
f 4534 4603 4533
f 4604 4603 4534
f 4535 4604 4534
f 4604 4535 4536
f 4605 4604 4536
f 4606 4605 4536
f 4537 4606 4536
f 4607 4606 4537
f 4538 4607 4537
f 4607 4538 4539
f 4608 4607 4539
f 4609 4608 4539
f 4540 4609 4539
f 4610 4609 4540
f 4541 4610 4540
f 4610 4541 4542
f 4611 4610 4542
f 4612 4611 4542
f 4543 4612 4542
f 4612 4543 4544
f 4613 4612 4544
f 4614 4613 4544
f 4545 4614 4544
f 4614 4615 4612
f 4613 4614 4612
f 4616 4614 4545
f 4546 4616 4545
f 4616 4546 4547
f 4617 4616 4547
f 4618 4617 4547
f 4548 4618 4547
f 4618 4619 4616
f 4617 4618 4616
f 4620 4618 4548
f 4549 4620 4548
f 4621 4620 4549
f 4550 4621 4549
f 4622 4621 4550
f 4551 4622 4550
f 4622 4624 4623
f 4621 4622 4623
f 4552 4624 4622
f 4551 4552 4622
f 4625 4624 4552
f 4553 4625 4552
f 4626 4625 4553
f 4554 4626 4553
f 4555 4627 4626
f 4554 4555 4626
f 4628 4627 4555
f 4556 4628 4555
f 4629 4628 4556
f 4557 4629 4556
f 4629 4631 4630
f 4628 4629 4630
f 4558 4631 4629
f 4557 4558 4629
f 4632 4631 4558
f 4559 4632 4558
f 4633 4632 4559
f 4560 4633 4559
f 4633 4635 4634
f 4632 4633 4634
f 4636 4633 4560
f 4561 4636 4560
f 4636 4637 4635
f 4633 4636 4635
f 4638 4636 4561
f 4562 4638 4561
f 4638 4639 4637
f 4636 4638 4637
f 4640 4638 4562
f 4563 4640 4562
f 4640 4641 4639
f 4638 4640 4639
f 4643 4642 4564
f 4565 4643 4564
f 4643 4645 4644
f 4642 4643 4644
f 4646 4643 4565
f 4566 4646 4565
f 4646 4647 4645
f 4643 4646 4645
f 4648 4646 4566
f 4567 4648 4566
f 4648 4649 4647
f 4646 4648 4647
f 4650 4648 4567
f 4568 4650 4567
f 4650 4651 4649
f 4648 4650 4649
f 4652 4650 4568
f 4569 4652 4568
f 4652 4653 4651
f 4650 4652 4651
f 4652 4569 4570
f 4653 4652 4570
f 4654 4653 4570
f 4571 4654 4570
f 4655 4654 4571
f 4572 4655 4571
f 4655 4657 4656
f 4654 4655 4656
f 4655 4572 4573
f 4657 4655 4573
f 4658 4657 4573
f 4574 4658 4573
f 4659 4658 4574
f 4575 4659 4574
f 4660 4659 4575
f 4576 4660 4575
f 4660 4662 4661
f 4659 4660 4661
f 4663 4660 4576
f 4577 4663 4576
f 4663 4664 4662
f 4660 4663 4662
f 4665 4663 4577
f 4578 4665 4577
f 4666 4665 4578
f 4579 4666 4578
f 4581 4667 4666
f 4579 4581 4666
f 4668 4667 4581
f 4582 4668 4581
f 4669 4668 4582
f 4583 4669 4582
f 4669 4671 4670
f 4668 4669 4670
f 4584 4671 4669
f 4583 4584 4669
f 4672 4671 4584
f 4585 4672 4584
f 4672 4674 4673
f 4671 4672 4673
f 4586 4674 4672
f 4585 4586 4672
f 4675 4674 4586
f 4587 4675 4586
f 4588 4676 4675
f 4587 4588 4675
f 4677 4676 4588
f 4589 4677 4588
f 4591 4678 4677
f 4589 4591 4677
f 4679 4678 4591
f 4592 4679 4591
f 4680 4679 4592
f 4593 4680 4592
f 4680 4682 4681
f 4679 4680 4681
f 4595 4682 4680
f 4593 4595 4680
f 4683 4682 4595
f 4596 4683 4595
f 4684 4683 4596
f 4597 4684 4596
f 4684 4686 4685
f 4683 4684 4685
f 4687 4684 4597
f 4598 4687 4597
f 4687 4688 4686
f 4684 4687 4686
f 4689 4687 4598
f 4599 4689 4598
f 4689 4690 4688
f 4687 4689 4688
f 4691 4689 4599
f 4600 4691 4599
f 4691 4692 4690
f 4689 4691 4690
f 4693 4691 4600
f 4601 4693 4600
f 4693 4601 4602
f 4694 4693 4602
f 4695 4694 4602
f 4603 4695 4602
f 4695 4696 4693
f 4694 4695 4693
f 4697 4695 4603
f 4604 4697 4603
f 4697 4698 4696
f 4695 4697 4696
f 4697 4604 4605
f 4699 4697 4605
f 4700 4699 4605
f 4606 4700 4605
f 4700 4701 4697
f 4699 4700 4697
f 4702 4700 4606
f 4607 4702 4606
f 4702 4607 4608
f 4703 4702 4608
f 4704 4703 4608
f 4609 4704 4608
f 4704 4705 4702
f 4703 4704 4702
f 4706 4704 4609
f 4610 4706 4609
f 4706 4610 4611
f 4707 4706 4611
f 4708 4707 4611
f 4612 4708 4611
f 4708 4709 4706
f 4707 4708 4706
f 4710 4708 4612
f 4615 4710 4612
f 4710 4615 4614
f 4711 4710 4614
f 4712 4711 4614
f 4616 4712 4614
f 4712 4713 4710
f 4711 4712 4710
f 4714 4712 4616
f 4619 4714 4616
f 4714 4619 4618
f 4715 4714 4618
f 4716 4715 4618
f 4620 4716 4618
f 4716 4717 4714
f 4715 4716 4714
f 4718 4716 4620
f 4621 4718 4620
f 4718 4719 4717
f 4716 4718 4717
f 4623 4719 4718
f 4621 4623 4718
f 4720 4719 4623
f 4624 4720 4623
f 4721 4720 4624
f 4625 4721 4624
f 4721 4723 4722
f 4720 4721 4722
f 4724 4721 4625
f 4626 4724 4625
f 4724 4725 4723
f 4721 4724 4723
f 4627 4725 4724
f 4626 4627 4724
f 4726 4725 4627
f 4628 4726 4627
f 4726 4728 4727
f 4725 4726 4727
f 4630 4728 4726
f 4628 4630 4726
f 4729 4728 4630
f 4631 4729 4630
f 4730 4729 4631
f 4632 4730 4631
f 4730 4732 4731
f 4729 4730 4731
f 4634 4732 4730
f 4632 4634 4730
f 4733 4732 4634
f 4635 4733 4634
f 4734 4733 4635
f 4637 4734 4635
f 4735 4734 4637
f 4639 4735 4637
f 4736 4735 4639
f 4641 4736 4639
f 4738 4737 4644
f 4645 4738 4644
f 4739 4738 4645
f 4647 4739 4645
f 4740 4739 4647
f 4649 4740 4647
f 4741 4740 4649
f 4651 4741 4649
f 4742 4741 4651
f 4653 4742 4651
f 4743 4742 4653
f 4654 4743 4653
f 4743 4745 4744
f 4742 4743 4744
f 4743 4654 4656
f 4745 4743 4656
f 4746 4745 4656
f 4657 4746 4656
f 4747 4746 4657
f 4658 4747 4657
f 4747 4749 4748
f 4746 4747 4748
f 4750 4747 4658
f 4659 4750 4658
f 4750 4751 4749
f 4747 4750 4749
f 4750 4659 4661
f 4751 4750 4661
f 4752 4751 4661
f 4662 4752 4661
f 4753 4752 4662
f 4664 4753 4662
f 4663 4754 4753
f 4664 4663 4753
f 4755 4754 4663
f 4665 4755 4663
f 4756 4755 4665
f 4666 4756 4665
f 4667 4757 4756
f 4666 4667 4756
f 4758 4757 4667
f 4668 4758 4667
f 4670 4759 4758
f 4668 4670 4758
f 4760 4759 4670
f 4671 4760 4670
f 4673 4761 4760
f 4671 4673 4760
f 4762 4761 4673
f 4674 4762 4673
f 4763 4762 4674
f 4675 4763 4674
f 4763 4765 4764
f 4762 4763 4764
f 4676 4765 4763
f 4675 4676 4763
f 4766 4765 4676
f 4677 4766 4676
f 4766 4768 4767
f 4765 4766 4767
f 4678 4768 4766
f 4677 4678 4766
f 4769 4768 4678
f 4679 4769 4678
f 4769 4771 4770
f 4768 4769 4770
f 4681 4771 4769
f 4679 4681 4769
f 4772 4771 4681
f 4682 4772 4681
f 4773 4772 4682
f 4683 4773 4682
f 4773 4775 4774
f 4772 4773 4774
f 4685 4775 4773
f 4683 4685 4773
f 4776 4775 4685
f 4686 4776 4685
f 4777 4776 4686
f 4688 4777 4686
f 4778 4777 4688
f 4690 4778 4688
f 4779 4778 4690
f 4692 4779 4690
f 4779 4692 4691
f 4780 4779 4691
f 4781 4780 4691
f 4693 4781 4691
f 4781 4782 4779
f 4780 4781 4779
f 4783 4781 4693
f 4696 4783 4693
f 4784 4783 4696
f 4698 4784 4696
f 4784 4698 4697
f 4785 4784 4697
f 4786 4785 4697
f 4701 4786 4697
f 4786 4701 4700
f 4787 4786 4700
f 4788 4787 4700
f 4702 4788 4700
f 4788 4789 4786
f 4787 4788 4786
f 4790 4788 4702
f 4705 4790 4702
f 4790 4705 4704
f 4791 4790 4704
f 4792 4791 4704
f 4706 4792 4704
f 4793 4792 4706
f 4709 4793 4706
f 4793 4709 4708
f 4794 4793 4708
f 4795 4794 4708
f 4710 4795 4708
f 4796 4795 4710
f 4713 4796 4710
f 4796 4713 4712
f 4797 4796 4712
f 4798 4797 4712
f 4714 4798 4712
f 4798 4799 4796
f 4797 4798 4796
f 4800 4798 4714
f 4717 4800 4714
f 4800 4801 4799
f 4798 4800 4799
f 4802 4800 4717
f 4719 4802 4717
f 4802 4803 4801
f 4800 4802 4801
f 4804 4802 4719
f 4720 4804 4719
f 4804 4805 4803
f 4802 4804 4803
f 4722 4805 4804
f 4720 4722 4804
f 4806 4805 4722
f 4723 4806 4722
f 4807 4806 4723
f 4725 4807 4723
f 4807 4809 4808
f 4806 4807 4808
f 4727 4809 4807
f 4725 4727 4807
f 4810 4809 4727
f 4728 4810 4727
f 4810 4812 4811
f 4809 4810 4811
f 4813 4810 4728
f 4729 4813 4728
f 4813 4814 4812
f 4810 4813 4812
f 4731 4814 4813
f 4729 4731 4813
f 4815 4814 4731
f 4732 4815 4731
f 4815 4817 4816
f 4814 4815 4816
f 4818 4815 4732
f 4733 4818 4732
f 4818 4819 4817
f 4815 4818 4817
f 4820 4818 4733
f 4734 4820 4733
f 4820 4821 4819
f 4818 4820 4819
f 4822 4820 4734
f 4735 4822 4734
f 4822 4823 4821
f 4820 4822 4821
f 4824 4822 4735
f 4736 4824 4735
f 4824 4825 4823
f 4822 4824 4823
f 4827 4826 4737
f 4738 4827 4737
f 4827 4829 4828
f 4826 4827 4828
f 4830 4827 4738
f 4739 4830 4738
f 4830 4831 4829
f 4827 4830 4829
f 4832 4830 4739
f 4740 4832 4739
f 4832 4833 4831
f 4830 4832 4831
f 4834 4832 4740
f 4741 4834 4740
f 4834 4835 4833
f 4832 4834 4833
f 4836 4834 4741
f 4742 4836 4741
f 4836 4837 4835
f 4834 4836 4835
f 4836 4742 4744
f 4837 4836 4744
f 4838 4837 4744
f 4745 4838 4744
f 4839 4838 4745
f 4746 4839 4745
f 4839 4841 4840
f 4838 4839 4840
f 4839 4746 4748
f 4841 4839 4748
f 4842 4841 4748
f 4749 4842 4748
f 4843 4842 4749
f 4751 4843 4749
f 4844 4843 4751
f 4752 4844 4751
f 4845 4844 4752
f 4753 4845 4752
f 4754 4846 4845
f 4753 4754 4845
f 4847 4846 4754
f 4755 4847 4754
f 4847 4848 4845
f 4846 4847 4845
f 4849 4847 4755
f 4756 4849 4755
f 4757 4850 4849
f 4756 4757 4849
f 4851 4850 4757
f 4758 4851 4757
f 4759 4852 4851
f 4758 4759 4851
f 4853 4852 4759
f 4760 4853 4759
f 4761 4854 4853
f 4760 4761 4853
f 4855 4854 4761
f 4762 4855 4761
f 4764 4856 4855
f 4762 4764 4855
f 4857 4856 4764
f 4765 4857 4764
f 4767 4858 4857
f 4765 4767 4857
f 4859 4858 4767
f 4768 4859 4767
f 4770 4860 4859
f 4768 4770 4859
f 4861 4860 4770
f 4771 4861 4770
f 4862 4861 4771
f 4772 4862 4771
f 4862 4864 4863
f 4861 4862 4863
f 4774 4864 4862
f 4772 4774 4862
f 4865 4864 4774
f 4775 4865 4774
f 4866 4865 4775
f 4776 4866 4775
f 4866 4868 4867
f 4865 4866 4867
f 4869 4866 4776
f 4777 4869 4776
f 4869 4870 4868
f 4866 4869 4868
f 4871 4869 4777
f 4778 4871 4777
f 4871 4872 4870
f 4869 4871 4870
f 4873 4871 4778
f 4779 4873 4778
f 4873 4874 4872
f 4871 4873 4872
f 4875 4873 4779
f 4782 4875 4779
f 4875 4782 4781
f 4876 4875 4781
f 4877 4876 4781
f 4783 4877 4781
f 4877 4878 4875
f 4876 4877 4875
f 4879 4877 4783
f 4784 4879 4783
f 4879 4784 4785
f 4880 4879 4785
f 4881 4880 4785
f 4786 4881 4785
f 4881 4882 4879
f 4880 4881 4879
f 4883 4881 4786
f 4789 4883 4786
f 4883 4789 4788
f 4884 4883 4788
f 4885 4884 4788
f 4790 4885 4788
f 4885 4790 4791
f 4886 4885 4791
f 4887 4886 4791
f 4792 4887 4791
f 4887 4888 4885
f 4886 4887 4885
f 4889 4887 4792
f 4793 4889 4792
f 4889 4793 4794
f 4890 4889 4794
f 4891 4890 4794
f 4795 4891 4794
f 4891 4892 4889
f 4890 4891 4889
f 4893 4891 4795
f 4796 4893 4795
f 4894 4893 4796
f 4799 4894 4796
f 4895 4894 4799
f 4801 4895 4799
f 4896 4895 4801
f 4803 4896 4801
f 4897 4896 4803
f 4805 4897 4803
f 4897 4899 4898
f 4896 4897 4898
f 4900 4897 4805
f 4806 4900 4805
f 4900 4901 4899
f 4897 4900 4899
f 4808 4901 4900
f 4806 4808 4900
f 4902 4901 4808
f 4809 4902 4808
f 4902 4904 4903
f 4901 4902 4903
f 4811 4904 4902
f 4809 4811 4902
f 4905 4904 4811
f 4812 4905 4811
f 4906 4905 4812
f 4814 4906 4812
f 4906 4908 4907
f 4905 4906 4907
f 4816 4908 4906
f 4814 4816 4906
f 4909 4908 4816
f 4817 4909 4816
f 4909 4911 4910
f 4908 4909 4910
f 4912 4909 4817
f 4819 4912 4817
f 4912 4913 4911
f 4909 4912 4911
f 4914 4912 4819
f 4821 4914 4819
f 4914 4915 4913
f 4912 4914 4913
f 4916 4914 4821
f 4823 4916 4821
f 4916 4917 4915
f 4914 4916 4915
f 4918 4916 4823
f 4825 4918 4823
f 4918 4919 4917
f 4916 4918 4917
f 4921 4920 4828
f 4829 4921 4828
f 4921 4923 4922
f 4920 4921 4922
f 4924 4921 4829
f 4831 4924 4829
f 4924 4925 4923
f 4921 4924 4923
f 4926 4924 4831
f 4833 4926 4831
f 4926 4927 4925
f 4924 4926 4925
f 4928 4926 4833
f 4835 4928 4833
f 4928 4929 4927
f 4926 4928 4927
f 4930 4928 4835
f 4837 4930 4835
f 4930 4931 4929
f 4928 4930 4929
f 4932 4930 4837
f 4838 4932 4837
f 4932 4933 4931
f 4930 4932 4931
f 4932 4838 4840
f 4933 4932 4840
f 4934 4933 4840
f 4841 4934 4840
f 4935 4934 4841
f 4842 4935 4841
f 4935 4937 4936
f 4934 4935 4936
f 4938 4935 4842
f 4843 4938 4842
f 4938 4939 4937
f 4935 4938 4937
f 4940 4938 4843
f 4844 4940 4843
f 4940 4941 4939
f 4938 4940 4939
f 4942 4940 4844
f 4845 4942 4844
f 4943 4942 4845
f 4848 4943 4845
f 4847 4944 4943
f 4848 4847 4943
f 4945 4944 4847
f 4849 4945 4847
f 4850 4946 4945
f 4849 4850 4945
f 4947 4946 4850
f 4851 4947 4850
f 4852 4948 4947
f 4851 4852 4947
f 4949 4948 4852
f 4853 4949 4852
f 4854 4950 4949
f 4853 4854 4949
f 4951 4950 4854
f 4855 4951 4854
f 4856 4952 4951
f 4855 4856 4951
f 4953 4952 4856
f 4857 4953 4856
f 4858 4954 4953
f 4857 4858 4953
f 4955 4954 4858
f 4859 4955 4858
f 4860 4956 4955
f 4859 4860 4955
f 4957 4956 4860
f 4861 4957 4860
f 4863 4958 4957
f 4861 4863 4957
f 4959 4958 4863
f 4864 4959 4863
f 4960 4959 4864
f 4865 4960 4864
f 4960 4962 4961
f 4959 4960 4961
f 4867 4962 4960
f 4865 4867 4960
f 4963 4962 4867
f 4868 4963 4867
f 4964 4963 4868
f 4870 4964 4868
f 4965 4964 4870
f 4872 4965 4870
f 4966 4965 4872
f 4874 4966 4872
f 4966 4874 4873
f 4967 4966 4873
f 4968 4967 4873
f 4875 4968 4873
f 4968 4969 4966
f 4967 4968 4966
f 4970 4968 4875
f 4878 4970 4875
f 4970 4878 4877
f 4971 4970 4877
f 4972 4971 4877
f 4879 4972 4877
f 4973 4972 4879
f 4882 4973 4879
f 4973 4882 4881
f 4974 4973 4881
f 4975 4974 4881
f 4883 4975 4881
f 4975 4883 4884
f 4976 4975 4884
f 4977 4976 4884
f 4885 4977 4884
f 4978 4977 4885
f 4888 4978 4885
f 4978 4888 4887
f 4979 4978 4887
f 4980 4979 4887
f 4889 4980 4887
f 4981 4980 4889
f 4892 4981 4889
f 4981 4892 4891
f 4982 4981 4891
f 4983 4982 4891
f 4893 4983 4891
f 4983 4984 4981
f 4982 4983 4981
f 4985 4983 4893
f 4894 4985 4893
f 4986 4985 4894
f 4895 4986 4894
f 4987 4986 4895
f 4896 4987 4895
f 4987 4989 4988
f 4986 4987 4988
f 4898 4989 4987
f 4896 4898 4987
f 4990 4989 4898
f 4899 4990 4898
f 4991 4990 4899
f 4901 4991 4899
f 4991 4993 4992
f 4990 4991 4992
f 4903 4993 4991
f 4901 4903 4991
f 4994 4993 4903
f 4904 4994 4903
f 4995 4994 4904
f 4905 4995 4904
f 4995 4997 4996
f 4994 4995 4996
f 4907 4997 4995
f 4905 4907 4995
f 4998 4997 4907
f 4908 4998 4907
f 4998 5000 4999
f 4997 4998 4999
f 4910 5000 4998
f 4908 4910 4998
f 5001 5000 4910
f 4911 5001 4910
f 5002 5001 4911
f 4913 5002 4911
f 5003 5002 4913
f 4915 5003 4913
f 5004 5003 4915
f 4917 5004 4915
f 5005 5004 4917
f 4919 5005 4917
f 5007 5006 4922
f 4923 5007 4922
f 5008 5007 4923
f 4925 5008 4923
f 5009 5008 4925
f 4927 5009 4925
f 5010 5009 4927
f 4929 5010 4927
f 5011 5010 4929
f 4931 5011 4929
f 5012 5011 4931
f 4933 5012 4931
f 5012 5014 5013
f 5011 5012 5013
f 5015 5012 4933
f 4934 5015 4933
f 5015 5016 5014
f 5012 5015 5014
f 5015 4934 4936
f 5016 5015 4936
f 5017 5016 4936
f 4937 5017 4936
f 5018 5017 4937
f 4939 5018 4937
f 5019 5018 4939
f 4941 5019 4939
f 4940 5020 5019
f 4941 4940 5019
f 5021 5020 4940
f 4942 5021 4940
f 5021 5022 5019
f 5020 5021 5019
f 5023 5021 4942
f 4943 5023 4942
f 4944 5024 5023
f 4943 4944 5023
f 5025 5024 4944
f 4945 5025 4944
f 4946 5026 5025
f 4945 4946 5025
f 5027 5026 4946
f 4947 5027 4946
f 4948 5028 5027
f 4947 4948 5027
f 5029 5028 4948
f 4949 5029 4948
f 4950 5030 5029
f 4949 4950 5029
f 5031 5030 4950
f 4951 5031 4950
f 4952 5032 5031
f 4951 4952 5031
f 5033 5032 4952
f 4953 5033 4952
f 4954 5034 5033
f 4953 4954 5033
f 5035 5034 4954
f 4955 5035 4954
f 4956 5036 5035
f 4955 4956 5035
f 5037 5036 4956
f 4957 5037 4956
f 5037 5039 5038
f 5036 5037 5038
f 4958 5039 5037
f 4957 4958 5037
f 5040 5039 4958
f 4959 5040 4958
f 4961 5041 5040
f 4959 4961 5040
f 5042 5041 4961
f 4962 5042 4961
f 5043 5042 4962
f 4963 5043 4962
f 5044 5043 4963
f 4964 5044 4963
f 5045 5044 4964
f 4965 5045 4964
f 5046 5045 4965
f 4966 5046 4965
f 5047 5046 4966
f 4969 5047 4966
f 5047 4969 4968
f 5048 5047 4968
f 5049 5048 4968
f 4970 5049 4968
f 5049 4970 4971
f 5050 5049 4971
f 5051 5050 4971
f 4972 5051 4971
f 5052 5051 4972
f 4973 5052 4972
f 5052 4973 4974
f 5053 5052 4974
f 5054 5053 4974
f 4975 5054 4974
f 5054 4975 4976
f 5055 5054 4976
f 5056 5055 4976
f 4977 5056 4976
f 5057 5056 4977
f 4978 5057 4977
f 5057 4978 4979
f 5058 5057 4979
f 5059 5058 4979
f 4980 5059 4979
f 5060 5059 4980
f 4981 5060 4980
f 5061 5060 4981
f 4984 5061 4981
f 5061 4984 4983
f 5062 5061 4983
f 5063 5062 4983
f 4985 5063 4983
f 5063 5064 5061
f 5062 5063 5061
f 5065 5063 4985
f 4986 5065 4985
f 5065 5066 5064
f 5063 5065 5064
f 4988 5066 5065
f 4986 4988 5065
f 5067 5066 4988
f 4989 5067 4988
f 5068 5067 4989
f 4990 5068 4989
f 4992 5069 5068
f 4990 4992 5068
f 5070 5069 4992
f 4993 5070 4992
f 5071 5070 4993
f 4994 5071 4993
f 5071 5073 5072
f 5070 5071 5072
f 4996 5073 5071
f 4994 4996 5071
f 5074 5073 4996
f 4997 5074 4996
f 4999 5075 5074
f 4997 4999 5074
f 5076 5075 4999
f 5000 5076 4999
f 5077 5076 5000
f 5001 5077 5000
f 5077 5079 5078
f 5076 5077 5078
f 5080 5077 5001
f 5002 5080 5001
f 5080 5081 5079
f 5077 5080 5079
f 5082 5080 5002
f 5003 5082 5002
f 5082 5083 5081
f 5080 5082 5081
f 5084 5082 5003
f 5004 5084 5003
f 5084 5085 5083
f 5082 5084 5083
f 5086 5084 5004
f 5005 5086 5004
f 5086 5087 5085
f 5084 5086 5085
f 5089 5088 5006
f 5007 5089 5006
f 5089 5091 5090
f 5088 5089 5090
f 5092 5089 5007
f 5008 5092 5007
f 5092 5093 5091
f 5089 5092 5091
f 5094 5092 5008
f 5009 5094 5008
f 5094 5095 5093
f 5092 5094 5093
f 5096 5094 5009
f 5010 5096 5009
f 5096 5097 5095
f 5094 5096 5095
f 5098 5096 5010
f 5011 5098 5010
f 5098 5099 5097
f 5096 5098 5097
f 5098 5011 5013
f 5099 5098 5013
f 5100 5099 5013
f 5014 5100 5013
f 5101 5100 5014
f 5016 5101 5014
f 5102 5101 5016
f 5017 5102 5016
f 5102 5104 5103
f 5101 5102 5103
f 5105 5102 5017
f 5018 5105 5017
f 5105 5106 5104
f 5102 5105 5104
f 5107 5105 5018
f 5019 5107 5018
f 5107 5108 5106
f 5105 5107 5106
f 5109 5107 5019
f 5022 5109 5019
f 5021 5110 5109
f 5022 5021 5109
f 5111 5110 5021
f 5023 5111 5021
f 5111 5112 5109
f 5110 5111 5109
f 5024 5113 5111
f 5023 5024 5111
f 5114 5113 5024
f 5025 5114 5024
f 5114 5115 5111
f 5113 5114 5111
f 5026 5116 5114
f 5025 5026 5114
f 5117 5116 5026
f 5027 5117 5026
f 5117 5118 5114
f 5116 5117 5114
f 5028 5119 5117
f 5027 5028 5117
f 5120 5119 5028
f 5029 5120 5028
f 5030 5121 5120
f 5029 5030 5120
f 5122 5121 5030
f 5031 5122 5030
f 5032 5123 5122
f 5031 5032 5122
f 5124 5123 5032
f 5033 5124 5032
f 5034 5125 5124
f 5033 5034 5124
f 5126 5125 5034
f 5035 5126 5034
f 5038 5127 5126
f 5035 5038 5126
f 5128 5127 5038
f 5039 5128 5038
f 5128 5130 5129
f 5127 5128 5129
f 5131 5128 5039
f 5040 5131 5039
f 5041 5132 5131
f 5040 5041 5131
f 5133 5132 5041
f 5042 5133 5041
f 5134 5133 5042
f 5043 5134 5042
f 5135 5134 5043
f 5044 5135 5043
f 5136 5135 5044
f 5045 5136 5044
f 5137 5136 5045
f 5046 5137 5045
f 5138 5137 5046
f 5047 5138 5046
f 5138 5140 5139
f 5137 5138 5139
f 5138 5047 5048
f 5140 5138 5048
f 5141 5140 5048
f 5049 5141 5048
f 5141 5049 5050
f 5142 5141 5050
f 5143 5142 5050
f 5051 5143 5050
f 5144 5143 5051
f 5052 5144 5051
f 5144 5146 5145
f 5143 5144 5145
f 5144 5052 5053
f 5146 5144 5053
f 5147 5146 5053
f 5054 5147 5053
f 5147 5054 5055
f 5148 5147 5055
f 5149 5148 5055
f 5056 5149 5055
f 5150 5149 5056
f 5057 5150 5056
f 5150 5057 5058
f 5151 5150 5058
f 5152 5151 5058
f 5059 5152 5058
f 5153 5152 5059
f 5060 5153 5059
f 5154 5153 5060
f 5061 5154 5060
f 5155 5154 5061
f 5064 5155 5061
f 5156 5155 5064
f 5066 5156 5064
f 5157 5156 5066
f 5067 5157 5066
f 5158 5157 5067
f 5068 5158 5067
f 5158 5160 5159
f 5157 5158 5159
f 5069 5160 5158
f 5068 5069 5158
f 5161 5160 5069
f 5070 5161 5069
f 5072 5162 5161
f 5070 5072 5161
f 5163 5162 5072
f 5073 5163 5072
f 5164 5163 5073
f 5074 5164 5073
f 5164 5166 5165
f 5163 5164 5165
f 5075 5166 5164
f 5074 5075 5164
f 5167 5166 5075
f 5076 5167 5075
f 5078 5168 5167
f 5076 5078 5167
f 5169 5168 5078
f 5079 5169 5078
f 5170 5169 5079
f 5081 5170 5079
f 5171 5170 5081
f 5083 5171 5081
f 5172 5171 5083
f 5085 5172 5083
f 5173 5172 5085
f 5087 5173 5085
f 5175 5174 5090
f 5091 5175 5090
f 5176 5175 5091
f 5093 5176 5091
f 5177 5176 5093
f 5095 5177 5093
f 5178 5177 5095
f 5097 5178 5095
f 5179 5178 5097
f 5099 5179 5097
f 5180 5179 5099
f 5100 5180 5099
f 5180 5182 5181
f 5179 5180 5181
f 5183 5180 5100
f 5101 5183 5100
f 5183 5184 5182
f 5180 5183 5182
f 5183 5101 5103
f 5184 5183 5103
f 5185 5184 5103
f 5104 5185 5103
f 5186 5185 5104
f 5106 5186 5104
f 5187 5186 5106
f 5108 5187 5106
f 5107 5188 5187
f 5108 5107 5187
f 5189 5188 5107
f 5109 5189 5107
f 5189 5190 5187
f 5188 5189 5187
f 5191 5189 5109
f 5112 5191 5109
f 5111 5192 5191
f 5112 5111 5191
f 5193 5192 5111
f 5115 5193 5111
f 5114 5194 5193
f 5115 5114 5193
f 5195 5194 5114
f 5118 5195 5114
f 5119 5196 5195
f 5118 5119 5195
f 5197 5196 5119
f 5120 5197 5119
f 5197 5199 5198
f 5196 5197 5198
f 5121 5200 5197
f 5120 5121 5197
f 5201 5200 5121
f 5122 5201 5121
f 5201 5202 5197
f 5200 5201 5197
f 5123 5203 5201
f 5122 5123 5201
f 5204 5203 5123
f 5124 5204 5123
f 5125 5205 5204
f 5124 5125 5204
f 5206 5205 5125
f 5126 5206 5125
f 5129 5207 5206
f 5126 5129 5206
f 5208 5207 5129
f 5130 5208 5129
f 5128 5209 5208
f 5130 5128 5208
f 5210 5209 5128
f 5131 5210 5128
f 5132 5211 5210
f 5131 5132 5210
f 5212 5211 5132
f 5133 5212 5132
f 5212 5213 5210
f 5211 5212 5210
f 5214 5212 5133
f 5134 5214 5133
f 5215 5214 5134
f 5135 5215 5134
f 5216 5215 5135
f 5136 5216 5135
f 5217 5216 5136
f 5137 5217 5136
f 5217 5219 5218
f 5216 5217 5218
f 5217 5137 5139
f 5219 5217 5139
f 5220 5219 5139
f 5140 5220 5139
f 5221 5220 5140
f 5141 5221 5140
f 5221 5223 5222
f 5220 5221 5222
f 5221 5141 5142
f 5223 5221 5142
f 5224 5223 5142
f 5143 5224 5142
f 5224 5143 5145
f 5225 5224 5145
f 5226 5225 5145
f 5146 5226 5145
f 5227 5226 5146
f 5147 5227 5146
f 5227 5229 5228
f 5226 5227 5228
f 5227 5147 5148
f 5229 5227 5148
f 5230 5229 5148
f 5149 5230 5148
f 5231 5230 5149
f 5150 5231 5149
f 5231 5233 5232
f 5230 5231 5232
f 5231 5150 5151
f 5233 5231 5151
f 5234 5233 5151
f 5152 5234 5151
f 5235 5234 5152
f 5153 5235 5152
f 5235 5237 5236
f 5234 5235 5236
f 5238 5235 5153
f 5154 5238 5153
f 5238 5239 5237
f 5235 5238 5237
f 5240 5238 5154
f 5155 5240 5154
f 5240 5241 5239
f 5238 5240 5239
f 5242 5240 5155
f 5156 5242 5155
f 5243 5242 5156
f 5157 5243 5156
f 5159 5244 5243
f 5157 5159 5243
f 5245 5244 5159
f 5160 5245 5159
f 5246 5245 5160
f 5161 5246 5160
f 5162 5247 5246
f 5161 5162 5246
f 5248 5247 5162
f 5163 5248 5162
f 5165 5249 5248
f 5163 5165 5248
f 5250 5249 5165
f 5166 5250 5165
f 5251 5250 5166
f 5167 5251 5166
f 5168 5252 5251
f 5167 5168 5251
f 5253 5252 5168
f 5169 5253 5168
f 5254 5253 5169
f 5170 5254 5169
f 5255 5254 5170
f 5171 5255 5170
f 5256 5255 5171
f 5172 5256 5171
f 5257 5256 5172
f 5173 5257 5172
f 5259 5258 5174
f 5175 5259 5174
f 5259 5261 5260
f 5258 5259 5260
f 5262 5259 5175
f 5176 5262 5175
f 5262 5263 5261
f 5259 5262 5261
f 5264 5262 5176
f 5177 5264 5176
f 5264 5265 5263
f 5262 5264 5263
f 5266 5264 5177
f 5178 5266 5177
f 5266 5267 5265
f 5264 5266 5265
f 5268 5266 5178
f 5179 5268 5178
f 5268 5269 5267
f 5266 5268 5267
f 5268 5179 5181
f 5269 5268 5181
f 5270 5269 5181
f 5182 5270 5181
f 5271 5270 5182
f 5184 5271 5182
f 5272 5271 5184
f 5185 5272 5184
f 5272 5274 5273
f 5271 5272 5273
f 5275 5272 5185
f 5186 5275 5185
f 5275 5276 5274
f 5272 5275 5274
f 5277 5275 5186
f 5187 5277 5186
f 5278 5277 5187
f 5190 5278 5187
f 5189 5279 5278
f 5190 5189 5278
f 5280 5279 5189
f 5191 5280 5189
f 5280 5281 5278
f 5279 5280 5278
f 5192 5282 5280
f 5191 5192 5280
f 5283 5282 5192
f 5193 5283 5192
f 5283 5284 5280
f 5282 5283 5280
f 5194 5285 5283
f 5193 5194 5283
f 5286 5285 5194
f 5195 5286 5194
f 5286 5287 5283
f 5285 5286 5283
f 5198 5288 5286
f 5195 5198 5286
f 5289 5288 5198
f 5199 5289 5198
f 5197 5290 5289
f 5199 5197 5289
f 5291 5290 5197
f 5202 5291 5197
f 5203 5292 5291
f 5202 5203 5291
f 5293 5292 5203
f 5204 5293 5203
f 5293 5295 5294
f 5292 5293 5294
f 5205 5296 5293
f 5204 5205 5293
f 5297 5296 5205
f 5206 5297 5205
f 5297 5298 5293
f 5296 5297 5293
f 5207 5299 5297
f 5206 5207 5297
f 5300 5299 5207
f 5208 5300 5207
f 5300 5301 5297
f 5299 5300 5297
f 5209 5302 5300
f 5208 5209 5300
f 5303 5302 5209
f 5210 5303 5209
f 5303 5304 5300
f 5302 5303 5300
f 5305 5303 5210
f 5213 5305 5210
f 5212 5306 5305
f 5213 5212 5305
f 5307 5306 5212
f 5214 5307 5212
f 5307 5308 5305
f 5306 5307 5305
f 5309 5307 5214
f 5215 5309 5214
f 5309 5310 5308
f 5307 5309 5308
f 5311 5309 5215
f 5216 5311 5215
f 5311 5312 5310
f 5309 5311 5310
f 5311 5216 5218
f 5312 5311 5218
f 5313 5312 5218
f 5219 5313 5218
f 5314 5313 5219
f 5220 5314 5219
f 5314 5316 5315
f 5313 5314 5315
f 5314 5220 5222
f 5316 5314 5222
f 5317 5316 5222
f 5223 5317 5222
f 5318 5317 5223
f 5224 5318 5223
f 5318 5320 5319
f 5317 5318 5319
f 5318 5224 5225
f 5320 5318 5225
f 5321 5320 5225
f 5226 5321 5225
f 5321 5323 5322
f 5320 5321 5322
f 5321 5226 5228
f 5323 5321 5228
f 5324 5323 5228
f 5229 5324 5228
f 5325 5324 5229
f 5230 5325 5229
f 5325 5327 5326
f 5324 5325 5326
f 5325 5230 5232
f 5327 5325 5232
f 5328 5327 5232
f 5233 5328 5232
f 5329 5328 5233
f 5234 5329 5233
f 5329 5331 5330
f 5328 5329 5330
f 5329 5234 5236
f 5331 5329 5236
f 5332 5331 5236
f 5237 5332 5236
f 5333 5332 5237
f 5239 5333 5237
f 5334 5333 5239
f 5241 5334 5239
f 5240 5335 5334
f 5241 5240 5334
f 5336 5335 5240
f 5242 5336 5240
f 5336 5337 5334
f 5335 5336 5334
f 5338 5336 5242
f 5243 5338 5242
f 5244 5339 5338
f 5243 5244 5338
f 5340 5339 5244
f 5245 5340 5244
f 5340 5341 5338
f 5339 5340 5338
f 5342 5340 5245
f 5246 5342 5245
f 5247 5343 5342
f 5246 5247 5342
f 5344 5343 5247
f 5248 5344 5247
f 5249 5345 5344
f 5248 5249 5344
f 5346 5345 5249
f 5250 5346 5249
f 5346 5347 5344
f 5345 5346 5344
f 5348 5346 5250
f 5251 5348 5250
f 5252 5349 5348
f 5251 5252 5348
f 5350 5349 5252
f 5253 5350 5252
f 5351 5350 5253
f 5254 5351 5253
f 5352 5351 5254
f 5255 5352 5254
f 5353 5352 5255
f 5256 5353 5255
f 5354 5353 5256
f 5257 5354 5256
f 5356 5355 5260
f 5261 5356 5260
f 5357 5356 5261
f 5263 5357 5261
f 5358 5357 5263
f 5265 5358 5263
f 5359 5358 5265
f 5267 5359 5265
f 5360 5359 5267
f 5269 5360 5267
f 5361 5360 5269
f 5270 5361 5269
f 5362 5361 5270
f 5271 5362 5270
f 5362 5364 5363
f 5361 5362 5363
f 5362 5271 5273
f 5364 5362 5273
f 5365 5364 5273
f 5274 5365 5273
f 5366 5365 5274
f 5276 5366 5274
f 5275 5367 5366
f 5276 5275 5366
f 5368 5367 5275
f 5277 5368 5275
f 5368 5369 5366
f 5367 5368 5366
f 5370 5368 5277
f 5278 5370 5277
f 5370 5371 5369
f 5368 5370 5369
f 5372 5370 5278
f 5281 5372 5278
f 5280 5373 5372
f 5281 5280 5372
f 5374 5373 5280
f 5284 5374 5280
f 5283 5375 5374
f 5284 5283 5374
f 5376 5375 5283
f 5287 5376 5283
f 5288 5377 5376
f 5287 5288 5376
f 5378 5377 5288
f 5289 5378 5288
f 5378 5380 5379
f 5377 5378 5379
f 5290 5381 5378
f 5289 5290 5378
f 5382 5381 5290
f 5291 5382 5290
f 5382 5383 5378
f 5381 5382 5378
f 5294 5384 5382
f 5291 5294 5382
f 5385 5384 5294
f 5295 5385 5294
f 5385 5386 5382
f 5384 5385 5382
f 5293 5387 5385
f 5295 5293 5385
f 5388 5387 5293
f 5298 5388 5293
f 5297 5389 5388
f 5298 5297 5388
f 5390 5389 5297
f 5301 5390 5297
f 5300 5391 5390
f 5301 5300 5390
f 5392 5391 5300
f 5304 5392 5300
f 5392 5393 5390
f 5391 5392 5390
f 5303 5394 5392
f 5304 5303 5392
f 5395 5394 5303
f 5305 5395 5303
f 5395 5396 5392
f 5394 5395 5392
f 5397 5395 5305
f 5308 5397 5305
f 5397 5398 5396
f 5395 5397 5396
f 5399 5397 5308
f 5310 5399 5308
f 5399 5400 5398
f 5397 5399 5398
f 5401 5399 5310
f 5312 5401 5310
f 5401 5402 5400
f 5399 5401 5400
f 5403 5401 5312
f 5313 5403 5312
f 5403 5404 5402
f 5401 5403 5402
f 5403 5313 5315
f 5404 5403 5315
f 5405 5404 5315
f 5316 5405 5315
f 5405 5407 5406
f 5404 5405 5406
f 5408 5405 5316
f 5317 5408 5316
f 5408 5409 5407
f 5405 5408 5407
f 5408 5317 5319
f 5409 5408 5319
f 5410 5409 5319
f 5320 5410 5319
f 5410 5412 5411
f 5409 5410 5411
f 5410 5320 5322
f 5412 5410 5322
f 5413 5412 5322
f 5323 5413 5322
f 5414 5413 5323
f 5324 5414 5323
f 5414 5416 5415
f 5413 5414 5415
f 5414 5324 5326
f 5416 5414 5326
f 5417 5416 5326
f 5327 5417 5326
f 5418 5417 5327
f 5328 5418 5327
f 5418 5420 5419
f 5417 5418 5419
f 5418 5328 5330
f 5420 5418 5330
f 5421 5420 5330
f 5331 5421 5330
f 5422 5421 5331
f 5332 5422 5331
f 5423 5422 5332
f 5333 5423 5332
f 5424 5423 5333
f 5334 5424 5333
f 5425 5424 5334
f 5337 5425 5334
f 5336 5426 5425
f 5337 5336 5425
f 5427 5426 5336
f 5338 5427 5336
f 5427 5428 5425
f 5426 5427 5425
f 5429 5427 5338
f 5341 5429 5338
f 5340 5430 5429
f 5341 5340 5429
f 5431 5430 5340
f 5342 5431 5340
f 5343 5432 5431
f 5342 5343 5431
f 5433 5432 5343
f 5344 5433 5343
f 5433 5434 5431
f 5432 5433 5431
f 5435 5433 5344
f 5347 5435 5344
f 5346 5436 5435
f 5347 5346 5435
f 5437 5436 5346
f 5348 5437 5346
f 5349 5438 5437
f 5348 5349 5437
f 5439 5438 5349
f 5350 5439 5349
f 5439 5440 5437
f 5438 5439 5437
f 5441 5439 5350
f 5351 5441 5350
f 5442 5441 5351
f 5352 5442 5351
f 5443 5442 5352
f 5353 5443 5352
f 5444 5443 5353
f 5354 5444 5353
f 5446 5445 5355
f 5356 5446 5355
f 5447 5446 5356
f 5357 5447 5356
f 5448 5447 5357
f 5358 5448 5357
f 5449 5448 5358
f 5359 5449 5358
f 5450 5449 5359
f 5360 5450 5359
f 5451 5450 5360
f 5361 5451 5360
f 5451 5361 5363
f 5452 5451 5363
f 5453 5452 5363
f 5364 5453 5363
f 5454 5453 5364
f 5365 5454 5364
f 5455 5454 5365
f 5366 5455 5365
f 5456 5455 5366
f 5369 5456 5366
f 5457 5456 5369
f 5371 5457 5369
f 5370 5458 5457
f 5371 5370 5457
f 5459 5458 5370
f 5372 5459 5370
f 5459 5460 5457
f 5458 5459 5457
f 5373 5461 5459
f 5372 5373 5459
f 5462 5461 5373
f 5374 5462 5373
f 5462 5463 5459
f 5461 5462 5459
f 5375 5464 5462
f 5374 5375 5462
f 5465 5464 5375
f 5376 5465 5375
f 5465 5466 5462
f 5464 5465 5462
f 5379 5467 5465
f 5376 5379 5465
f 5468 5467 5379
f 5380 5468 5379
f 5468 5469 5465
f 5467 5468 5465
f 5378 5470 5468
f 5380 5378 5468
f 5471 5470 5378
f 5383 5471 5378
f 5471 5472 5468
f 5470 5471 5468
f 5382 5473 5471
f 5383 5382 5471
f 5474 5473 5382
f 5386 5474 5382
f 5387 5475 5474
f 5386 5387 5474
f 5476 5475 5387
f 5388 5476 5387
f 5476 5478 5477
f 5475 5476 5477
f 5389 5479 5476
f 5388 5389 5476
f 5480 5479 5389
f 5390 5480 5389
f 5480 5481 5476
f 5479 5480 5476
f 5482 5480 5390
f 5393 5482 5390
f 5392 5483 5482
f 5393 5392 5482
f 5484 5483 5392
f 5396 5484 5392
f 5484 5485 5482
f 5483 5484 5482
f 5486 5484 5396
f 5398 5486 5396
f 5486 5487 5485
f 5484 5486 5485
f 5488 5486 5398
f 5400 5488 5398
f 5489 5488 5400
f 5402 5489 5400
f 5489 5491 5490
f 5488 5489 5490
f 5492 5489 5402
f 5404 5492 5402
f 5492 5493 5491
f 5489 5492 5491
f 5492 5404 5406
f 5493 5492 5406
f 5494 5493 5406
f 5407 5494 5406
f 5495 5494 5407
f 5409 5495 5407
f 5495 5497 5496
f 5494 5495 5496
f 5495 5409 5411
f 5497 5495 5411
f 5498 5497 5411
f 5412 5498 5411
f 5499 5498 5412
f 5413 5499 5412
f 5499 5501 5500
f 5498 5499 5500
f 5499 5413 5415
f 5501 5499 5415
f 5502 5501 5415
f 5416 5502 5415
f 5502 5504 5503
f 5501 5502 5503
f 5505 5502 5416
f 5417 5505 5416
f 5505 5506 5504
f 5502 5505 5504
f 5505 5417 5419
f 5506 5505 5419
f 5507 5506 5419
f 5420 5507 5419
f 5508 5507 5420
f 5421 5508 5420
f 5508 5510 5509
f 5507 5508 5509
f 5511 5508 5421
f 5422 5511 5421
f 5511 5512 5510
f 5508 5511 5510
f 5513 5511 5422
f 5423 5513 5422
f 5513 5514 5512
f 5511 5513 5512
f 5515 5513 5423
f 5424 5515 5423
f 5515 5516 5514
f 5513 5515 5514
f 5517 5515 5424
f 5425 5517 5424
f 5518 5517 5425
f 5428 5518 5425
f 5427 5519 5518
f 5428 5427 5518
f 5520 5519 5427
f 5429 5520 5427
f 5520 5521 5518
f 5519 5520 5518
f 5430 5522 5520
f 5429 5430 5520
f 5523 5522 5430
f 5431 5523 5430
f 5523 5524 5520
f 5522 5523 5520
f 5525 5523 5431
f 5434 5525 5431
f 5433 5526 5525
f 5434 5433 5525
f 5527 5526 5433
f 5435 5527 5433
f 5436 5528 5527
f 5435 5436 5527
f 5529 5528 5436
f 5437 5529 5436
f 5529 5530 5527
f 5528 5529 5527
f 5531 5529 5437
f 5440 5531 5437
f 5439 5532 5531
f 5440 5439 5531
f 5533 5532 5439
f 5441 5533 5439
f 5533 5534 5531
f 5532 5533 5531
f 5535 5533 5441
f 5442 5535 5441
f 5535 5536 5534
f 5533 5535 5534
f 5537 5535 5442
f 5443 5537 5442
f 5537 5538 5536
f 5535 5537 5536
f 5539 5537 5443
f 5444 5539 5443
f 5539 5540 5538
f 5537 5539 5538
f 5542 5541 5445
f 5446 5542 5445
f 5543 5542 5446
f 5447 5543 5446
f 5544 5543 5447
f 5448 5544 5447
f 5545 5544 5448
f 5449 5545 5448
f 5546 5545 5449
f 5450 5546 5449
f 5547 5546 5450
f 5451 5547 5450
f 5547 5549 5548
f 5546 5547 5548
f 5547 5451 5452
f 5549 5547 5452
f 5550 5549 5452
f 5453 5550 5452
f 5551 5550 5453
f 5454 5551 5453
f 5552 5551 5454
f 5455 5552 5454
f 5552 5554 5553
f 5551 5552 5553
f 5555 5552 5455
f 5456 5555 5455
f 5555 5556 5554
f 5552 5555 5554
f 5557 5555 5456
f 5457 5557 5456
f 5557 5558 5556
f 5555 5557 5556
f 5559 5557 5457
f 5460 5559 5457
f 5459 5560 5559
f 5460 5459 5559
f 5561 5560 5459
f 5463 5561 5459
f 5462 5562 5561
f 5463 5462 5561
f 5563 5562 5462
f 5466 5563 5462
f 5563 5564 5561
f 5562 5563 5561
f 5465 5565 5563
f 5466 5465 5563
f 5566 5565 5465
f 5469 5566 5465
f 5468 5567 5566
f 5469 5468 5566
f 5568 5567 5468
f 5472 5568 5468
f 5473 5569 5568
f 5472 5473 5568
f 5570 5569 5473
f 5474 5570 5473
f 5570 5572 5571
f 5569 5570 5571
f 5477 5573 5570
f 5474 5477 5570
f 5574 5573 5477
f 5478 5574 5477
f 5574 5575 5570
f 5573 5574 5570
f 5476 5576 5574
f 5478 5476 5574
f 5577 5576 5476
f 5481 5577 5476
f 5577 5578 5574
f 5576 5577 5574
f 5480 5579 5577
f 5481 5480 5577
f 5580 5579 5480
f 5482 5580 5480
f 5580 5581 5577
f 5579 5580 5577
f 5582 5580 5482
f 5485 5582 5482
f 5582 5583 5581
f 5580 5582 5581
f 5584 5582 5485
f 5487 5584 5485
f 5486 5585 5584
f 5487 5486 5584
f 5586 5585 5486
f 5488 5586 5486
f 5586 5587 5584
f 5585 5586 5584
f 5586 5488 5490
f 5587 5586 5490
f 5588 5587 5490
f 5491 5588 5490
f 5589 5588 5491
f 5493 5589 5491
f 5589 5591 5590
f 5588 5589 5590
f 5592 5589 5493
f 5494 5592 5493
f 5592 5593 5591
f 5589 5592 5591
f 5592 5494 5496
f 5593 5592 5496
f 5594 5593 5496
f 5497 5594 5496
f 5594 5596 5595
f 5593 5594 5595
f 5597 5594 5497
f 5498 5597 5497
f 5597 5598 5596
f 5594 5597 5596
f 5597 5498 5500
f 5598 5597 5500
f 5599 5598 5500
f 5501 5599 5500
f 5599 5601 5600
f 5598 5599 5600
f 5599 5501 5503
f 5601 5599 5503
f 5602 5601 5503
f 5504 5602 5503
f 5603 5602 5504
f 5506 5603 5504
f 5603 5605 5604
f 5602 5603 5604
f 5606 5603 5506
f 5507 5606 5506
f 5606 5607 5605
f 5603 5606 5605
f 5606 5507 5509
f 5607 5606 5509
f 5608 5607 5509
f 5510 5608 5509
f 5609 5608 5510
f 5512 5609 5510
f 5610 5609 5512
f 5514 5610 5512
f 5611 5610 5514
f 5516 5611 5514
f 5515 5612 5611
f 5516 5515 5611
f 5613 5612 5515
f 5517 5613 5515
f 5613 5614 5611
f 5612 5613 5611
f 5615 5613 5517
f 5518 5615 5517
f 5615 5616 5614
f 5613 5615 5614
f 5617 5615 5518
f 5521 5617 5518
f 5520 5618 5617
f 5521 5520 5617
f 5619 5618 5520
f 5524 5619 5520
f 5523 5620 5619
f 5524 5523 5619
f 5621 5620 5523
f 5525 5621 5523
f 5621 5622 5619
f 5620 5621 5619
f 5526 5623 5621
f 5525 5526 5621
f 5624 5623 5526
f 5527 5624 5526
f 5624 5625 5621
f 5623 5624 5621
f 5626 5624 5527
f 5530 5626 5527
f 5529 5627 5626
f 5530 5529 5626
f 5628 5627 5529
f 5531 5628 5529
f 5628 5629 5626
f 5627 5628 5626
f 5630 5628 5531
f 5534 5630 5531
f 5631 5630 5534
f 5536 5631 5534
f 5632 5631 5536
f 5538 5632 5536
f 5633 5632 5538
f 5540 5633 5538
f 5635 5634 5541
f 5542 5635 5541
f 5636 5635 5542
f 5543 5636 5542
f 5637 5636 5543
f 5544 5637 5543
f 5638 5637 5544
f 5545 5638 5544
f 5639 5638 5545
f 5546 5639 5545
f 5639 5546 5548
f 5640 5639 5548
f 5641 5640 5548
f 5549 5641 5548
f 5642 5641 5549
f 5550 5642 5549
f 5643 5642 5550
f 5551 5643 5550
f 5643 5645 5644
f 5642 5643 5644
f 5643 5551 5553
f 5645 5643 5553
f 5646 5645 5553
f 5554 5646 5553
f 5647 5646 5554
f 5556 5647 5554
f 5648 5647 5556
f 5558 5648 5556
f 5557 5649 5648
f 5558 5557 5648
f 5650 5649 5557
f 5559 5650 5557
f 5650 5651 5648
f 5649 5650 5648
f 5560 5652 5650
f 5559 5560 5650
f 5653 5652 5560
f 5561 5653 5560
f 5653 5654 5650
f 5652 5653 5650
f 5655 5653 5561
f 5564 5655 5561
f 5565 5656 5655
f 5564 5565 5655
f 5657 5656 5565
f 5566 5657 5565
f 5657 5659 5658
f 5656 5657 5658
f 5567 5660 5657
f 5566 5567 5657
f 5661 5660 5567
f 5568 5661 5567
f 5661 5662 5657
f 5660 5661 5657
f 5571 5663 5661
f 5568 5571 5661
f 5664 5663 5571
f 5572 5664 5571
f 5664 5665 5661
f 5663 5664 5661
f 5570 5666 5664
f 5572 5570 5664
f 5667 5666 5570
f 5575 5667 5570
f 5667 5668 5664
f 5666 5667 5664
f 5574 5669 5667
f 5575 5574 5667
f 5670 5669 5574
f 5578 5670 5574
f 5670 5671 5667
f 5669 5670 5667
f 5577 5672 5670
f 5578 5577 5670
f 5673 5672 5577
f 5581 5673 5577
f 5673 5674 5670
f 5672 5673 5670
f 5675 5673 5581
f 5583 5675 5581
f 5675 5676 5674
f 5673 5675 5674
f 5582 5677 5675
f 5583 5582 5675
f 5678 5677 5582
f 5584 5678 5582
f 5678 5679 5675
f 5677 5678 5675
f 5680 5678 5584
f 5587 5680 5584
f 5680 5681 5679
f 5678 5680 5679
f 5682 5680 5587
f 5588 5682 5587
f 5682 5683 5681
f 5680 5682 5681
f 5682 5588 5590
f 5683 5682 5590
f 5684 5683 5590
f 5591 5684 5590
f 5684 5686 5685
f 5683 5684 5685
f 5687 5684 5591
f 5593 5687 5591
f 5687 5688 5686
f 5684 5687 5686
f 5687 5593 5595
f 5688 5687 5595
f 5689 5688 5595
f 5596 5689 5595
f 5690 5689 5596
f 5598 5690 5596
f 5690 5692 5691
f 5689 5690 5691
f 5690 5598 5600
f 5692 5690 5600
f 5693 5692 5600
f 5601 5693 5600
f 5694 5693 5601
f 5602 5694 5601
f 5694 5696 5695
f 5693 5694 5695
f 5694 5602 5604
f 5696 5694 5604
f 5697 5696 5604
f 5605 5697 5604
f 5698 5697 5605
f 5607 5698 5605
f 5699 5698 5607
f 5608 5699 5607
f 5699 5701 5700
f 5698 5699 5700
f 5702 5699 5608
f 5609 5702 5608
f 5702 5703 5701
f 5699 5702 5701
f 5704 5702 5609
f 5610 5704 5609
f 5704 5705 5703
f 5702 5704 5703
f 5706 5704 5610
f 5611 5706 5610
f 5706 5707 5705
f 5704 5706 5705
f 5708 5706 5611
f 5614 5708 5611
f 5709 5708 5614
f 5616 5709 5614
f 5615 5710 5709
f 5616 5615 5709
f 5711 5710 5615
f 5617 5711 5615
f 5711 5712 5709
f 5710 5711 5709
f 5618 5713 5711
f 5617 5618 5711
f 5714 5713 5618
f 5619 5714 5618
f 5714 5715 5711
f 5713 5714 5711
f 5716 5714 5619
f 5622 5716 5619
f 5716 5717 5715
f 5714 5716 5715
f 5621 5718 5716
f 5622 5621 5716
f 5719 5718 5621
f 5625 5719 5621
f 5719 5720 5716
f 5718 5719 5716
f 5624 5721 5719
f 5625 5624 5719
f 5722 5721 5624
f 5626 5722 5624
f 5722 5723 5719
f 5721 5722 5719
f 5724 5722 5626
f 5629 5724 5626
f 5628 5725 5724
f 5629 5628 5724
f 5726 5725 5628
f 5630 5726 5628
f 5726 5727 5724
f 5725 5726 5724
f 5728 5726 5630
f 5631 5728 5630
f 5728 5729 5727
f 5726 5728 5727
f 5730 5728 5631
f 5632 5730 5631
f 5730 5731 5729
f 5728 5730 5729
f 5732 5730 5632
f 5633 5732 5632
f 5732 5733 5731
f 5730 5732 5731
f 5735 5734 5634
f 5635 5735 5634
f 5736 5735 5635
f 5636 5736 5635
f 5737 5736 5636
f 5637 5737 5636
f 5738 5737 5637
f 5638 5738 5637
f 5739 5738 5638
f 5639 5739 5638
f 5739 5639 5640
f 5740 5739 5640
f 5741 5740 5640
f 5641 5741 5640
f 5742 5741 5641
f 5642 5742 5641
f 5742 5642 5644
f 5743 5742 5644
f 5744 5743 5644
f 5645 5744 5644
f 5745 5744 5645
f 5646 5745 5645
f 5746 5745 5646
f 5647 5746 5646
f 5747 5746 5647
f 5648 5747 5647
f 5748 5747 5648
f 5651 5748 5648
f 5650 5749 5748
f 5651 5650 5748
f 5750 5749 5650
f 5654 5750 5650
f 5653 5751 5750
f 5654 5653 5750
f 5752 5751 5653
f 5655 5752 5653
f 5752 5753 5750
f 5751 5752 5750
f 5658 5754 5752
f 5655 5658 5752
f 5755 5754 5658
f 5659 5755 5658
f 5755 5756 5752
f 5754 5755 5752
f 5657 5757 5755
f 5659 5657 5755
f 5758 5757 5657
f 5662 5758 5657
f 5661 5759 5758
f 5662 5661 5758
f 5760 5759 5661
f 5665 5760 5661
f 5664 5761 5760
f 5665 5664 5760
f 5762 5761 5664
f 5668 5762 5664
f 5667 5763 5762
f 5668 5667 5762
f 5764 5763 5667
f 5671 5764 5667
f 5670 5765 5764
f 5671 5670 5764
f 5766 5765 5670
f 5674 5766 5670
f 5766 5767 5764
f 5765 5766 5764
f 5768 5766 5674
f 5676 5768 5674
f 5675 5769 5768
f 5676 5675 5768
f 5770 5769 5675
f 5679 5770 5675
f 5770 5771 5768
f 5769 5770 5768
f 5772 5770 5679
f 5681 5772 5679
f 5772 5773 5771
f 5770 5772 5771
f 5774 5772 5681
f 5683 5774 5681
f 5774 5775 5773
f 5772 5774 5773
f 5774 5683 5685
f 5775 5774 5685
f 5776 5775 5685
f 5686 5776 5685
f 5777 5776 5686
f 5688 5777 5686
f 5777 5779 5778
f 5776 5777 5778
f 5780 5777 5688
f 5689 5780 5688
f 5780 5781 5779
f 5777 5780 5779
f 5780 5689 5691
f 5781 5780 5691
f 5782 5781 5691
f 5692 5782 5691
f 5783 5782 5692
f 5693 5783 5692
f 5783 5785 5784
f 5782 5783 5784
f 5783 5693 5695
f 5785 5783 5695
f 5786 5785 5695
f 5696 5786 5695
f 5787 5786 5696
f 5697 5787 5696
f 5788 5787 5697
f 5698 5788 5697
f 5788 5790 5789
f 5787 5788 5789
f 5788 5698 5700
f 5790 5788 5700
f 5791 5790 5700
f 5701 5791 5700
f 5792 5791 5701
f 5703 5792 5701
f 5793 5792 5703
f 5705 5793 5703
f 5794 5793 5705
f 5707 5794 5705
f 5706 5795 5794
f 5707 5706 5794
f 5796 5795 5706
f 5708 5796 5706
f 5796 5797 5794
f 5795 5796 5794
f 5798 5796 5708
f 5709 5798 5708
f 5798 5799 5797
f 5796 5798 5797
f 5800 5798 5709
f 5712 5800 5709
f 5711 5801 5800
f 5712 5711 5800
f 5802 5801 5711
f 5715 5802 5711
f 5802 5803 5800
f 5801 5802 5800
f 5804 5802 5715
f 5717 5804 5715
f 5716 5805 5804
f 5717 5716 5804
f 5806 5805 5716
f 5720 5806 5716
f 5806 5807 5804
f 5805 5806 5804
f 5719 5808 5806
f 5720 5719 5806
f 5809 5808 5719
f 5723 5809 5719
f 5809 5810 5806
f 5808 5809 5806
f 5722 5811 5809
f 5723 5722 5809
f 5812 5811 5722
f 5724 5812 5722
f 5812 5813 5809
f 5811 5812 5809
f 5814 5812 5724
f 5727 5814 5724
f 5814 5815 5813
f 5812 5814 5813
f 5816 5814 5727
f 5729 5816 5727
f 5816 5817 5815
f 5814 5816 5815
f 5818 5816 5729
f 5731 5818 5729
f 5818 5819 5817
f 5816 5818 5817
f 5820 5818 5731
f 5733 5820 5731
f 5820 5821 5819
f 5818 5820 5819
f 5823 5822 5734
f 5735 5823 5734
f 5824 5823 5735
f 5736 5824 5735
f 5825 5824 5736
f 5737 5825 5736
f 5826 5825 5737
f 5738 5826 5737
f 5827 5826 5738
f 5739 5827 5738
f 5827 5739 5740
f 5828 5827 5740
f 5829 5828 5740
f 5741 5829 5740
f 5830 5829 5741
f 5742 5830 5741
f 5830 5832 5831
f 5829 5830 5831
f 5830 5742 5743
f 5832 5830 5743
f 5833 5832 5743
f 5744 5833 5743
f 5834 5833 5744
f 5745 5834 5744
f 5835 5834 5745
f 5746 5835 5745
f 5835 5837 5836
f 5834 5835 5836
f 5838 5835 5746
f 5747 5838 5746
f 5838 5839 5837
f 5835 5838 5837
f 5840 5838 5747
f 5748 5840 5747
f 5749 5841 5840
f 5748 5749 5840
f 5842 5841 5749
f 5750 5842 5749
f 5842 5843 5840
f 5841 5842 5840
f 5844 5842 5750
f 5753 5844 5750
f 5752 5845 5844
f 5753 5752 5844
f 5846 5845 5752
f 5756 5846 5752
f 5757 5847 5846
f 5756 5757 5846
f 5848 5847 5757
f 5758 5848 5757
f 5848 5850 5849
f 5847 5848 5849
f 5759 5851 5848
f 5758 5759 5848
f 5852 5851 5759
f 5760 5852 5759
f 5852 5853 5848
f 5851 5852 5848
f 5761 5854 5852
f 5760 5761 5852
f 5855 5854 5761
f 5762 5855 5761
f 5855 5856 5852
f 5854 5855 5852
f 5763 5857 5855
f 5762 5763 5855
f 5858 5857 5763
f 5764 5858 5763
f 5858 5859 5855
f 5857 5858 5855
f 5860 5858 5764
f 5767 5860 5764
f 5766 5861 5860
f 5767 5766 5860
f 5862 5861 5766
f 5768 5862 5766
f 5862 5863 5860
f 5861 5862 5860
f 5864 5862 5768
f 5771 5864 5768
f 5864 5865 5863
f 5862 5864 5863
f 5866 5864 5771
f 5773 5866 5771
f 5866 5867 5865
f 5864 5866 5865
f 5868 5866 5773
f 5775 5868 5773
f 5868 5869 5867
f 5866 5868 5867
f 5870 5868 5775
f 5776 5870 5775
f 5870 5871 5869
f 5868 5870 5869
f 5870 5776 5778
f 5871 5870 5778
f 5872 5871 5778
f 5779 5872 5778
f 5873 5872 5779
f 5781 5873 5779
f 5874 5873 5781
f 5782 5874 5781
f 5874 5876 5875
f 5873 5874 5875
f 5874 5782 5784
f 5876 5874 5784
f 5877 5876 5784
f 5785 5877 5784
f 5878 5877 5785
f 5786 5878 5785
f 5879 5878 5786
f 5787 5879 5786
f 5879 5881 5880
f 5878 5879 5880
f 5879 5787 5789
f 5881 5879 5789
f 5882 5881 5789
f 5790 5882 5789
f 5883 5882 5790
f 5791 5883 5790
f 5884 5883 5791
f 5792 5884 5791
f 5885 5884 5792
f 5793 5885 5792
f 5886 5885 5793
f 5794 5886 5793
f 5887 5886 5794
f 5797 5887 5794
f 5888 5887 5797
f 5799 5888 5797
f 5798 5889 5888
f 5799 5798 5888
f 5890 5889 5798
f 5800 5890 5798
f 5890 5891 5888
f 5889 5890 5888
f 5892 5890 5800
f 5803 5892 5800
f 5802 5893 5892
f 5803 5802 5892
f 5894 5893 5802
f 5804 5894 5802
f 5894 5895 5892
f 5893 5894 5892
f 5896 5894 5804
f 5807 5896 5804
f 5806 5897 5896
f 5807 5806 5896
f 5898 5897 5806
f 5810 5898 5806
f 5898 5899 5896
f 5897 5898 5896
f 5809 5900 5898
f 5810 5809 5898
f 5901 5900 5809
f 5813 5901 5809
f 5901 5902 5898
f 5900 5901 5898
f 5903 5901 5813
f 5815 5903 5813
f 5903 5904 5902
f 5901 5903 5902
f 5905 5903 5815
f 5817 5905 5815
f 5905 5906 5904
f 5903 5905 5904
f 5907 5905 5817
f 5819 5907 5817
f 5907 5908 5906
f 5905 5907 5906
f 5909 5907 5819
f 5821 5909 5819
f 5909 5910 5908
f 5907 5909 5908
f 5912 5911 5822
f 5823 5912 5822
f 5913 5912 5823
f 5824 5913 5823
f 5914 5913 5824
f 5825 5914 5824
f 5915 5914 5825
f 5826 5915 5825
f 5916 5915 5826
f 5827 5916 5826
f 5916 5918 5917
f 5915 5916 5917
f 5916 5827 5828
f 5918 5916 5828
f 5919 5918 5828
f 5829 5919 5828
f 5919 5829 5831
f 5920 5919 5831
f 5921 5920 5831
f 5832 5921 5831
f 5922 5921 5832
f 5833 5922 5832
f 5923 5922 5833
f 5834 5923 5833
f 5923 5925 5924
f 5922 5923 5924
f 5923 5834 5836
f 5925 5923 5836
f 5926 5925 5836
f 5837 5926 5836
f 5927 5926 5837
f 5839 5927 5837
f 5838 5928 5927
f 5839 5838 5927
f 5929 5928 5838
f 5840 5929 5838
f 5930 5929 5840
f 5843 5930 5840
f 5842 5931 5930
f 5843 5842 5930
f 5932 5931 5842
f 5844 5932 5842
f 5845 5933 5932
f 5844 5845 5932
f 5934 5933 5845
f 5846 5934 5845
f 5849 5935 5934
f 5846 5849 5934
f 5936 5935 5849
f 5850 5936 5849
f 5848 5937 5936
f 5850 5848 5936
f 5938 5937 5848
f 5853 5938 5848
f 5852 5939 5938
f 5853 5852 5938
f 5940 5939 5852
f 5856 5940 5852
f 5855 5941 5940
f 5856 5855 5940
f 5942 5941 5855
f 5859 5942 5855
f 5858 5943 5942
f 5859 5858 5942
f 5944 5943 5858
f 5860 5944 5858
f 5944 5945 5942
f 5943 5944 5942
f 5946 5944 5860
f 5863 5946 5860
f 5947 5946 5863
f 5865 5947 5863
f 5948 5947 5865
f 5867 5948 5865
f 5949 5948 5867
f 5869 5949 5867
f 5950 5949 5869
f 5871 5950 5869
f 5951 5950 5871
f 5872 5951 5871
f 5952 5951 5872
f 5873 5952 5872
f 5952 5954 5953
f 5951 5952 5953
f 5952 5873 5875
f 5954 5952 5875
f 5955 5954 5875
f 5876 5955 5875
f 5956 5955 5876
f 5877 5956 5876
f 5957 5956 5877
f 5878 5957 5877
f 5957 5878 5880
f 5958 5957 5880
f 5959 5958 5880
f 5881 5959 5880
f 5960 5959 5881
f 5882 5960 5881
f 5961 5960 5882
f 5883 5961 5882
f 5962 5961 5883
f 5884 5962 5883
f 5963 5962 5884
f 5885 5963 5884
f 5964 5963 5885
f 5886 5964 5885
f 5965 5964 5886
f 5887 5965 5886
f 5966 5965 5887
f 5888 5966 5887
f 5967 5966 5888
f 5891 5967 5888
f 5890 5968 5967
f 5891 5890 5967
f 5969 5968 5890
f 5892 5969 5890
f 5969 5970 5967
f 5968 5969 5967
f 5971 5969 5892
f 5895 5971 5892
f 5971 5972 5970
f 5969 5971 5970
f 5894 5973 5971
f 5895 5894 5971
f 5974 5973 5894
f 5896 5974 5894
f 5974 5975 5971
f 5973 5974 5971
f 5976 5974 5896
f 5899 5976 5896
f 5898 5977 5976
f 5899 5898 5976
f 5978 5977 5898
f 5902 5978 5898
f 5978 5979 5976
f 5977 5978 5976
f 5980 5978 5902
f 5904 5980 5902
f 5980 5981 5979
f 5978 5980 5979
f 5982 5980 5904
f 5906 5982 5904
f 5982 5983 5981
f 5980 5982 5981
f 5984 5982 5906
f 5908 5984 5906
f 5984 5985 5983
f 5982 5984 5983
f 5986 5984 5908
f 5910 5986 5908
f 5986 5987 5985
f 5984 5986 5985
f 5989 5988 5911
f 5912 5989 5911
f 5990 5989 5912
f 5913 5990 5912
f 5991 5990 5913
f 5914 5991 5913
f 5992 5991 5914
f 5915 5992 5914
f 5992 5915 5917
f 5993 5992 5917
f 5994 5993 5917
f 5918 5994 5917
f 5995 5994 5918
f 5919 5995 5918
f 5995 5919 5920
f 5996 5995 5920
f 5997 5996 5920
f 5921 5997 5920
f 5998 5997 5921
f 5922 5998 5921
f 5998 5922 5924
f 5999 5998 5924
f 6000 5999 5924
f 5925 6000 5924
f 6001 6000 5925
f 5926 6001 5925
f 6002 6001 5926
f 5927 6002 5926
f 5928 6003 6002
f 5927 5928 6002
f 6004 6003 5928
f 5929 6004 5928
f 6005 6004 5929
f 5930 6005 5929
f 5931 6006 6005
f 5930 5931 6005
f 6007 6006 5931
f 5932 6007 5931
f 5933 6008 6007
f 5932 5933 6007
f 6009 6008 5933
f 5934 6009 5933
f 5935 6010 6009
f 5934 5935 6009
f 6011 6010 5935
f 5936 6011 5935
f 5937 6012 6011
f 5936 5937 6011
f 6013 6012 5937
f 5938 6013 5937
f 5939 6014 6013
f 5938 5939 6013
f 6015 6014 5939
f 5940 6015 5939
f 6015 6016 6013
f 6014 6015 6013
f 5941 6017 6015
f 5940 5941 6015
f 6018 6017 5941
f 5942 6018 5941
f 6018 6019 6015
f 6017 6018 6015
f 6020 6018 5942
f 5945 6020 5942
f 5944 6021 6020
f 5945 5944 6020
f 6022 6021 5944
f 5946 6022 5944
f 6022 6023 6020
f 6021 6022 6020
f 6024 6022 5946
f 5947 6024 5946
f 6025 6024 5947
f 5948 6025 5947
f 6026 6025 5948
f 5949 6026 5948
f 6027 6026 5949
f 5950 6027 5949
f 6028 6027 5950
f 5951 6028 5950
f 6028 6030 6029
f 6027 6028 6029
f 6028 5951 5953
f 6030 6028 5953
f 6031 6030 5953
f 5954 6031 5953
f 6032 6031 5954
f 5955 6032 5954
f 6033 6032 5955
f 5956 6033 5955
f 6034 6033 5956
f 5957 6034 5956
f 6034 5957 5958
f 6035 6034 5958
f 6036 6035 5958
f 5959 6036 5958
f 6036 6037 6034
f 6035 6036 6034
f 6038 6036 5959
f 5960 6038 5959
f 6039 6038 5960
f 5961 6039 5960
f 6040 6039 5961
f 5962 6040 5961
f 6041 6040 5962
f 5963 6041 5962
f 6042 6041 5963
f 5964 6042 5963
f 6043 6042 5964
f 5965 6043 5964
f 6044 6043 5965
f 5966 6044 5965
f 6045 6044 5966
f 5967 6045 5966
f 6046 6045 5967
f 5970 6046 5967
f 6047 6046 5970
f 5972 6047 5970
f 5971 6048 6047
f 5972 5971 6047
f 6049 6048 5971
f 5975 6049 5971
f 6049 6050 6047
f 6048 6049 6047
f 5974 6051 6049
f 5975 5974 6049
f 6052 6051 5974
f 5976 6052 5974
f 6052 6053 6049
f 6051 6052 6049
f 6054 6052 5976
f 5979 6054 5976
f 6054 6055 6053
f 6052 6054 6053
f 6056 6054 5979
f 5981 6056 5979
f 6057 6056 5981
f 5983 6057 5981
f 6058 6057 5983
f 5985 6058 5983
f 6059 6058 5985
f 5987 6059 5985
f 6061 6060 5988
f 5989 6061 5988
f 6062 6061 5989
f 5990 6062 5989
f 6063 6062 5990
f 5991 6063 5990
f 6064 6063 5991
f 5992 6064 5991
f 6064 5992 5993
f 6065 6064 5993
f 6066 6065 5993
f 5994 6066 5993
f 6066 6067 6064
f 6065 6066 6064
f 6068 6066 5994
f 5995 6068 5994
f 6068 5995 5996
f 6069 6068 5996
f 6070 6069 5996
f 5997 6070 5996
f 6071 6070 5997
f 5998 6071 5997
f 6071 5998 5999
f 6072 6071 5999
f 6073 6072 5999
f 6000 6073 5999
f 6073 6074 6071
f 6072 6073 6071
f 6075 6073 6000
f 6001 6075 6000
f 6076 6075 6001
f 6002 6076 6001
f 6076 6078 6077
f 6075 6076 6077
f 6003 6078 6076
f 6002 6003 6076
f 6079 6078 6003
f 6004 6079 6003
f 6080 6079 6004
f 6005 6080 6004
f 6006 6081 6080
f 6005 6006 6080
f 6082 6081 6006
f 6007 6082 6006
f 6008 6083 6082
f 6007 6008 6082
f 6084 6083 6008
f 6009 6084 6008
f 6010 6085 6084
f 6009 6010 6084
f 6086 6085 6010
f 6011 6086 6010
f 6012 6087 6086
f 6011 6012 6086
f 6088 6087 6012
f 6013 6088 6012
f 6088 6089 6086
f 6087 6088 6086
f 6090 6088 6013
f 6016 6090 6013
f 6015 6091 6090
f 6016 6015 6090
f 6092 6091 6015
f 6019 6092 6015
f 6018 6093 6092
f 6019 6018 6092
f 6094 6093 6018
f 6020 6094 6018
f 6095 6094 6020
f 6023 6095 6020
f 6022 6096 6095
f 6023 6022 6095
f 6097 6096 6022
f 6024 6097 6022
f 6097 6098 6095
f 6096 6097 6095
f 6099 6097 6024
f 6025 6099 6024
f 6100 6099 6025
f 6026 6100 6025
f 6101 6100 6026
f 6027 6101 6026
f 6101 6027 6029
f 6102 6101 6029
f 6103 6102 6029
f 6030 6103 6029
f 6103 6104 6101
f 6102 6103 6101
f 6105 6103 6030
f 6031 6105 6030
f 6106 6105 6031
f 6032 6106 6031
f 6107 6106 6032
f 6033 6107 6032
f 6108 6107 6033
f 6034 6108 6033
f 6109 6108 6034
f 6037 6109 6034
f 6109 6037 6036
f 6110 6109 6036
f 6111 6110 6036
f 6038 6111 6036
f 6111 6112 6109
f 6110 6111 6109
f 6113 6111 6038
f 6039 6113 6038
f 6113 6114 6112
f 6111 6113 6112
f 6115 6113 6039
f 6040 6115 6039
f 6115 6116 6114
f 6113 6115 6114
f 6117 6115 6040
f 6041 6117 6040
f 6118 6117 6041
f 6042 6118 6041
f 6119 6118 6042
f 6043 6119 6042
f 6120 6119 6043
f 6044 6120 6043
f 6121 6120 6044
f 6045 6121 6044
f 6122 6121 6045
f 6046 6122 6045
f 6123 6122 6046
f 6047 6123 6046
f 6124 6123 6047
f 6050 6124 6047
f 6049 6125 6124
f 6050 6049 6124
f 6126 6125 6049
f 6053 6126 6049
f 6126 6127 6124
f 6125 6126 6124
f 6128 6126 6053
f 6055 6128 6053
f 6054 6129 6128
f 6055 6054 6128
f 6130 6129 6054
f 6056 6130 6054
f 6130 6131 6128
f 6129 6130 6128
f 6132 6130 6056
f 6057 6132 6056
f 6132 6133 6131
f 6130 6132 6131
f 6134 6132 6057
f 6058 6134 6057
f 6134 6135 6133
f 6132 6134 6133
f 6136 6134 6058
f 6059 6136 6058
f 6136 6137 6135
f 6134 6136 6135
f 6139 6138 6060
f 6061 6139 6060
f 6140 6139 6061
f 6062 6140 6061
f 6141 6140 6062
f 6063 6141 6062
f 6142 6141 6063
f 6064 6142 6063
f 6143 6142 6064
f 6067 6143 6064
f 6143 6067 6066
f 6144 6143 6066
f 6145 6144 6066
f 6068 6145 6066
f 6145 6068 6069
f 6146 6145 6069
f 6147 6146 6069
f 6070 6147 6069
f 6147 6148 6145
f 6146 6147 6145
f 6149 6147 6070
f 6071 6149 6070
f 6150 6149 6071
f 6074 6150 6071
f 6150 6074 6073
f 6151 6150 6073
f 6152 6151 6073
f 6075 6152 6073
f 6152 6153 6150
f 6151 6152 6150
f 6077 6153 6152
f 6075 6077 6152
f 6154 6153 6077
f 6078 6154 6077
f 6155 6154 6078
f 6079 6155 6078
f 6156 6155 6079
f 6080 6156 6079
f 6156 6158 6157
f 6155 6156 6157
f 6081 6158 6156
f 6080 6081 6156
f 6159 6158 6081
f 6082 6159 6081
f 6083 6160 6159
f 6082 6083 6159
f 6161 6160 6083
f 6084 6161 6083
f 6085 6162 6161
f 6084 6085 6161
f 6163 6162 6085
f 6086 6163 6085
f 6164 6163 6086
f 6089 6164 6086
f 6088 6165 6164
f 6089 6088 6164
f 6166 6165 6088
f 6090 6166 6088
f 6091 6167 6166
f 6090 6091 6166
f 6168 6167 6091
f 6092 6168 6091
f 6093 6169 6168
f 6092 6093 6168
f 6170 6169 6093
f 6094 6170 6093
f 6171 6170 6094
f 6095 6171 6094
f 6172 6171 6095
f 6098 6172 6095
f 6097 6173 6172
f 6098 6097 6172
f 6174 6173 6097
f 6099 6174 6097
f 6174 6175 6172
f 6173 6174 6172
f 6176 6174 6099
f 6100 6176 6099
f 6177 6176 6100
f 6101 6177 6100
f 6178 6177 6101
f 6104 6178 6101
f 6178 6104 6103
f 6179 6178 6103
f 6180 6179 6103
f 6105 6180 6103
f 6180 6181 6178
f 6179 6180 6178
f 6182 6180 6105
f 6106 6182 6105
f 6182 6183 6181
f 6180 6182 6181
f 6184 6182 6106
f 6107 6184 6106
f 6184 6185 6183
f 6182 6184 6183
f 6186 6184 6107
f 6108 6186 6107
f 6186 6187 6185
f 6184 6186 6185
f 6188 6186 6108
f 6109 6188 6108
f 6188 6189 6187
f 6186 6188 6187
f 6190 6188 6109
f 6112 6190 6109
f 6190 6191 6189
f 6188 6190 6189
f 6192 6190 6112
f 6114 6192 6112
f 6193 6192 6114
f 6116 6193 6114
f 6193 6116 6115
f 6194 6193 6115
f 6195 6194 6115
f 6117 6195 6115
f 6195 6196 6193
f 6194 6195 6193
f 6197 6195 6117
f 6118 6197 6117
f 6197 6198 6196
f 6195 6197 6196
f 6199 6197 6118
f 6119 6199 6118
f 6200 6199 6119
f 6120 6200 6119
f 6201 6200 6120
f 6121 6201 6120
f 6202 6201 6121
f 6122 6202 6121
f 6203 6202 6122
f 6123 6203 6122
f 6204 6203 6123
f 6124 6204 6123
f 6205 6204 6124
f 6127 6205 6124
f 6126 6206 6205
f 6127 6126 6205
f 6207 6206 6126
f 6128 6207 6126
f 6207 6208 6205
f 6206 6207 6205
f 6209 6207 6128
f 6131 6209 6128
f 6209 6210 6208
f 6207 6209 6208
f 6211 6209 6131
f 6133 6211 6131
f 6211 6212 6210
f 6209 6211 6210
f 6213 6211 6133
f 6135 6213 6133
f 6213 6214 6212
f 6211 6213 6212
f 6215 6213 6135
f 6137 6215 6135
f 6215 6216 6214
f 6213 6215 6214
f 6218 6217 6138
f 6139 6218 6138
f 6218 6220 6219
f 6217 6218 6219
f 6221 6218 6139
f 6140 6221 6139
f 6221 6222 6220
f 6218 6221 6220
f 6223 6221 6140
f 6141 6223 6140
f 6223 6224 6222
f 6221 6223 6222
f 6225 6223 6141
f 6142 6225 6141
f 6225 6226 6224
f 6223 6225 6224
f 6227 6225 6142
f 6143 6227 6142
f 6227 6228 6226
f 6225 6227 6226
f 6227 6143 6144
f 6229 6227 6144
f 6230 6229 6144
f 6145 6230 6144
f 6230 6231 6227
f 6229 6230 6227
f 6232 6230 6145
f 6148 6232 6145
f 6232 6233 6231
f 6230 6232 6231
f 6232 6148 6147
f 6234 6232 6147
f 6235 6234 6147
f 6149 6235 6147
f 6235 6236 6232
f 6234 6235 6232
f 6237 6235 6149
f 6150 6237 6149
f 6237 6238 6236
f 6235 6237 6236
f 6239 6237 6150
f 6153 6239 6150
f 6239 6240 6238
f 6237 6239 6238
f 6241 6239 6153
f 6154 6241 6153
f 6241 6242 6240
f 6239 6241 6240
f 6243 6241 6154
f 6155 6243 6154
f 6243 6244 6242
f 6241 6243 6242
f 6157 6244 6243
f 6155 6157 6243
f 6245 6244 6157
f 6158 6245 6157
f 6246 6245 6158
f 6159 6246 6158
f 6246 6248 6247
f 6245 6246 6247
f 6160 6248 6246
f 6159 6160 6246
f 6249 6248 6160
f 6161 6249 6160
f 6162 6250 6249
f 6161 6162 6249
f 6251 6250 6162
f 6163 6251 6162
f 6252 6251 6163
f 6164 6252 6163
f 6252 6254 6253
f 6251 6252 6253
f 6165 6254 6252
f 6164 6165 6252
f 6255 6254 6165
f 6166 6255 6165
f 6167 6256 6255
f 6166 6167 6255
f 6257 6256 6167
f 6168 6257 6167
f 6169 6258 6257
f 6168 6169 6257
f 6259 6258 6169
f 6170 6259 6169
f 6259 6260 6257
f 6258 6259 6257
f 6261 6259 6170
f 6171 6261 6170
f 6262 6261 6171
f 6172 6262 6171
f 6263 6262 6172
f 6175 6263 6172
f 6174 6264 6263
f 6175 6174 6263
f 6265 6264 6174
f 6176 6265 6174
f 6266 6265 6176
f 6177 6266 6176
f 6267 6266 6177
f 6178 6267 6177
f 6268 6267 6178
f 6181 6268 6178
f 6269 6268 6181
f 6183 6269 6181
f 6270 6269 6183
f 6185 6270 6183
f 6271 6270 6185
f 6187 6271 6185
f 6272 6271 6187
f 6189 6272 6187
f 6273 6272 6189
f 6191 6273 6189
f 6273 6191 6190
f 6274 6273 6190
f 6275 6274 6190
f 6192 6275 6190
f 6275 6276 6273
f 6274 6275 6273
f 6277 6275 6192
f 6193 6277 6192
f 6277 6278 6276
f 6275 6277 6276
f 6279 6277 6193
f 6196 6279 6193
f 6279 6280 6278
f 6277 6279 6278
f 6281 6279 6196
f 6198 6281 6196
f 6281 6282 6280
f 6279 6281 6280
f 6281 6198 6197
f 6283 6281 6197
f 6284 6283 6197
f 6199 6284 6197
f 6284 6285 6281
f 6283 6284 6281
f 6286 6284 6199
f 6200 6286 6199
f 6286 6287 6285
f 6284 6286 6285
f 6288 6286 6200
f 6201 6288 6200
f 6288 6289 6287
f 6286 6288 6287
f 6290 6288 6201
f 6202 6290 6201
f 6291 6290 6202
f 6203 6291 6202
f 6292 6291 6203
f 6204 6292 6203
f 6293 6292 6204
f 6205 6293 6204
f 6294 6293 6205
f 6208 6294 6205
f 6295 6294 6208
f 6210 6295 6208
f 6296 6295 6210
f 6212 6296 6210
f 6297 6296 6212
f 6214 6297 6212
f 6298 6297 6214
f 6216 6298 6214
f 6300 6299 6219
f 6220 6300 6219
f 6300 6302 6301
f 6299 6300 6301
f 6303 6300 6220
f 6222 6303 6220
f 6303 6304 6302
f 6300 6303 6302
f 6305 6303 6222
f 6224 6305 6222
f 6305 6306 6304
f 6303 6305 6304
f 6307 6305 6224
f 6226 6307 6224
f 6307 6308 6306
f 6305 6307 6306
f 6309 6307 6226
f 6228 6309 6226
f 6309 6228 6227
f 6310 6309 6227
f 6311 6310 6227
f 6231 6311 6227
f 6311 6312 6309
f 6310 6311 6309
f 6313 6311 6231
f 6233 6313 6231
f 6313 6314 6312
f 6311 6313 6312
f 6313 6233 6232
f 6315 6313 6232
f 6316 6315 6232
f 6236 6316 6232
f 6316 6317 6313
f 6315 6316 6313
f 6318 6316 6236
f 6238 6318 6236
f 6318 6319 6317
f 6316 6318 6317
f 6320 6318 6238
f 6240 6320 6238
f 6320 6321 6319
f 6318 6320 6319
f 6322 6320 6240
f 6242 6322 6240
f 6322 6323 6321
f 6320 6322 6321
f 6324 6322 6242
f 6244 6324 6242
f 6324 6325 6323
f 6322 6324 6323
f 6326 6324 6244
f 6245 6326 6244
f 6326 6327 6325
f 6324 6326 6325
f 6247 6327 6326
f 6245 6247 6326
f 6328 6327 6247
f 6248 6328 6247
f 6329 6328 6248
f 6249 6329 6248
f 6329 6331 6330
f 6328 6329 6330
f 6250 6331 6329
f 6249 6250 6329
f 6332 6331 6250
f 6251 6332 6250
f 6253 6333 6332
f 6251 6253 6332
f 6334 6333 6253
f 6254 6334 6253
f 6335 6334 6254
f 6255 6335 6254
f 6256 6336 6335
f 6255 6256 6335
f 6337 6336 6256
f 6257 6337 6256
f 6338 6337 6257
f 6260 6338 6257
f 6259 6339 6338
f 6260 6259 6338
f 6340 6339 6259
f 6261 6340 6259
f 6341 6340 6261
f 6262 6341 6261
f 6342 6341 6262
f 6263 6342 6262
f 6264 6343 6342
f 6263 6264 6342
f 6344 6343 6264
f 6265 6344 6264
f 6345 6344 6265
f 6266 6345 6265
f 6346 6345 6266
f 6267 6346 6266
f 6347 6346 6267
f 6268 6347 6267
f 6348 6347 6268
f 6269 6348 6268
f 6348 6350 6349
f 6347 6348 6349
f 6351 6348 6269
f 6270 6351 6269
f 6351 6352 6350
f 6348 6351 6350
f 6353 6351 6270
f 6271 6353 6270
f 6353 6354 6352
f 6351 6353 6352
f 6355 6353 6271
f 6272 6355 6271
f 6355 6356 6354
f 6353 6355 6354
f 6357 6355 6272
f 6273 6357 6272
f 6357 6358 6356
f 6355 6357 6356
f 6359 6357 6273
f 6276 6359 6273
f 6359 6360 6358
f 6357 6359 6358
f 6361 6359 6276
f 6278 6361 6276
f 6361 6362 6360
f 6359 6361 6360
f 6363 6361 6278
f 6280 6363 6278
f 6363 6364 6362
f 6361 6363 6362
f 6365 6363 6280
f 6282 6365 6280
f 6365 6282 6281
f 6366 6365 6281
f 6367 6366 6281
f 6285 6367 6281
f 6367 6368 6365
f 6366 6367 6365
f 6369 6367 6285
f 6287 6369 6285
f 6369 6370 6368
f 6367 6369 6368
f 6371 6369 6287
f 6289 6371 6287
f 6371 6289 6288
f 6372 6371 6288
f 6373 6372 6288
f 6290 6373 6288
f 6373 6374 6371
f 6372 6373 6371
f 6375 6373 6290
f 6291 6375 6290
f 6375 6376 6374
f 6373 6375 6374
f 6377 6375 6291
f 6292 6377 6291
f 6378 6377 6292
f 6293 6378 6292
f 6379 6378 6293
f 6294 6379 6293
f 6380 6379 6294
f 6295 6380 6294
f 6381 6380 6295
f 6296 6381 6295
f 6382 6381 6296
f 6297 6382 6296
f 6383 6382 6297
f 6298 6383 6297
f 6385 6384 6301
f 6302 6385 6301
f 6385 6387 6386
f 6384 6385 6386
f 6388 6385 6302
f 6304 6388 6302
f 6388 6389 6387
f 6385 6388 6387
f 6390 6388 6304
f 6306 6390 6304
f 6390 6391 6389
f 6388 6390 6389
f 6392 6390 6306
f 6308 6392 6306
f 6392 6393 6391
f 6390 6392 6391
f 6392 6308 6307
f 6394 6392 6307
f 6395 6394 6307
f 6309 6395 6307
f 6395 6396 6393
f 6394 6395 6393
f 6397 6395 6309
f 6312 6397 6309
f 6397 6399 6398
f 6395 6397 6398
f 6400 6397 6312
f 6314 6400 6312
f 6400 6401 6399
f 6397 6400 6399
f 6400 6314 6313
f 6402 6400 6313
f 6403 6402 6313
f 6317 6403 6313
f 6403 6404 6401
f 6402 6403 6401
f 6405 6403 6317
f 6319 6405 6317
f 6405 6407 6406
f 6403 6405 6406
f 6408 6405 6319
f 6321 6408 6319
f 6408 6409 6407
f 6405 6408 6407
f 6410 6408 6321
f 6323 6410 6321
f 6410 6411 6409
f 6408 6410 6409
f 6412 6410 6323
f 6325 6412 6323
f 6412 6413 6411
f 6410 6412 6411
f 6414 6412 6325
f 6327 6414 6325
f 6414 6415 6413
f 6412 6414 6413
f 6416 6414 6327
f 6328 6416 6327
f 6416 6417 6415
f 6414 6416 6415
f 6330 6417 6416
f 6328 6330 6416
f 6418 6417 6330
f 6331 6418 6330
f 6419 6418 6331
f 6332 6419 6331
f 6419 6421 6420
f 6418 6419 6420
f 6333 6421 6419
f 6332 6333 6419
f 6422 6421 6333
f 6334 6422 6333
f 6423 6422 6334
f 6335 6423 6334
f 6423 6425 6424
f 6422 6423 6424
f 6336 6425 6423
f 6335 6336 6423
f 6426 6425 6336
f 6337 6426 6336
f 6427 6426 6337
f 6338 6427 6337
f 6339 6428 6427
f 6338 6339 6427
f 6429 6428 6339
f 6340 6429 6339
f 6430 6429 6340
f 6341 6430 6340
f 6431 6430 6341
f 6342 6431 6341
f 6343 6432 6431
f 6342 6343 6431
f 6433 6432 6343
f 6344 6433 6343
f 6434 6433 6344
f 6345 6434 6344
f 6435 6434 6345
f 6346 6435 6345
f 6436 6435 6346
f 6347 6436 6346
f 6436 6438 6437
f 6435 6436 6437
f 6349 6438 6436
f 6347 6349 6436
f 6439 6438 6349
f 6350 6439 6349
f 6440 6439 6350
f 6352 6440 6350
f 6441 6440 6352
f 6354 6441 6352
f 6442 6441 6354
f 6356 6442 6354
f 6442 6444 6443
f 6441 6442 6443
f 6445 6442 6356
f 6358 6445 6356
f 6445 6446 6444
f 6442 6445 6444
f 6447 6445 6358
f 6360 6447 6358
f 6447 6448 6446
f 6445 6447 6446
f 6449 6447 6360
f 6362 6449 6360
f 6449 6450 6448
f 6447 6449 6448
f 6451 6449 6362
f 6364 6451 6362
f 6451 6452 6450
f 6449 6451 6450
f 6451 6364 6363
f 6453 6451 6363
f 6454 6453 6363
f 6365 6454 6363
f 6454 6455 6452
f 6453 6454 6452
f 6456 6454 6365
f 6368 6456 6365
f 6456 6458 6457
f 6454 6456 6457
f 6459 6456 6368
f 6370 6459 6368
f 6459 6460 6458
f 6456 6459 6458
f 6459 6370 6369
f 6461 6459 6369
f 6462 6461 6369
f 6371 6462 6369
f 6462 6463 6459
f 6461 6462 6459
f 6464 6462 6371
f 6374 6464 6371
f 6464 6465 6463
f 6462 6464 6463
f 6466 6464 6374
f 6376 6466 6374
f 6466 6376 6375
f 6467 6466 6375
f 6468 6467 6375
f 6377 6468 6375
f 6468 6469 6466
f 6467 6468 6466
f 6470 6468 6377
f 6378 6470 6377
f 6470 6471 6469
f 6468 6470 6469
f 6472 6470 6378
f 6379 6472 6378
f 6473 6472 6379
f 6380 6473 6379
f 6474 6473 6380
f 6381 6474 6380
f 6475 6474 6381
f 6382 6475 6381
f 6476 6475 6382
f 6383 6476 6382
f 6478 6477 6386
f 6387 6478 6386
f 6478 6480 6479
f 6477 6478 6479
f 6481 6478 6387
f 6389 6481 6387
f 6481 6482 6480
f 6478 6481 6480
f 6483 6481 6389
f 6391 6483 6389
f 6483 6484 6482
f 6481 6483 6482
f 6485 6483 6391
f 6393 6485 6391
f 6485 6486 6484
f 6483 6485 6484
f 6487 6485 6393
f 6396 6487 6393
f 6487 6488 6486
f 6485 6487 6486
f 6487 6396 6398
f 6489 6487 6398
f 6490 6489 6398
f 6399 6490 6398
f 6490 6491 6488
f 6489 6490 6488
f 6492 6490 6399
f 6401 6492 6399
f 6492 6493 6491
f 6490 6492 6491
f 6494 6492 6401
f 6404 6494 6401
f 6494 6496 6495
f 6492 6494 6495
f 6494 6404 6406
f 6497 6494 6406
f 6498 6497 6406
f 6407 6498 6406
f 6498 6499 6496
f 6497 6498 6496
f 6500 6498 6407
f 6409 6500 6407
f 6500 6502 6501
f 6498 6500 6501
f 6503 6500 6409
f 6411 6503 6409
f 6503 6504 6502
f 6500 6503 6502
f 6505 6503 6411
f 6413 6505 6411
f 6505 6506 6504
f 6503 6505 6504
f 6507 6505 6413
f 6415 6507 6413
f 6507 6508 6506
f 6505 6507 6506
f 6509 6507 6415
f 6417 6509 6415
f 6509 6510 6508
f 6507 6509 6508
f 6511 6509 6417
f 6418 6511 6417
f 6511 6512 6510
f 6509 6511 6510
f 6420 6512 6511
f 6418 6420 6511
f 6513 6512 6420
f 6421 6513 6420
f 6514 6513 6421
f 6422 6514 6421
f 6514 6516 6515
f 6513 6514 6515
f 6424 6516 6514
f 6422 6424 6514
f 6517 6516 6424
f 6425 6517 6424
f 6518 6517 6425
f 6426 6518 6425
f 6519 6518 6426
f 6427 6519 6426
f 6428 6520 6519
f 6427 6428 6519
f 6521 6520 6428
f 6429 6521 6428
f 6522 6521 6429
f 6430 6522 6429
f 6523 6522 6430
f 6431 6523 6430
f 6432 6524 6523
f 6431 6432 6523
f 6525 6524 6432
f 6433 6525 6432
f 6526 6525 6433
f 6434 6526 6433
f 6527 6526 6434
f 6435 6527 6434
f 6437 6528 6527
f 6435 6437 6527
f 6529 6528 6437
f 6438 6529 6437
f 6530 6529 6438
f 6439 6530 6438
f 6531 6530 6439
f 6440 6531 6439
f 6532 6531 6440
f 6441 6532 6440
f 6532 6534 6533
f 6531 6532 6533
f 6443 6534 6532
f 6441 6443 6532
f 6535 6534 6443
f 6444 6535 6443
f 6536 6535 6444
f 6446 6536 6444
f 6537 6536 6446
f 6448 6537 6446
f 6537 6539 6538
f 6536 6537 6538
f 6540 6537 6448
f 6450 6540 6448
f 6540 6541 6539
f 6537 6540 6539
f 6542 6540 6450
f 6452 6542 6450
f 6542 6543 6541
f 6540 6542 6541
f 6544 6542 6452
f 6455 6544 6452
f 6544 6455 6457
f 6545 6544 6457
f 6546 6545 6457
f 6458 6546 6457
f 6546 6547 6544
f 6545 6546 6544
f 6548 6546 6458
f 6460 6548 6458
f 6548 6549 6547
f 6546 6548 6547
f 6548 6460 6459
f 6550 6548 6459
f 6551 6550 6459
f 6463 6551 6459
f 6551 6552 6548
f 6550 6551 6548
f 6553 6551 6463
f 6465 6553 6463
f 6553 6554 6552
f 6551 6553 6552
f 6553 6465 6464
f 6555 6553 6464
f 6556 6555 6464
f 6466 6556 6464
f 6556 6557 6553
f 6555 6556 6553
f 6558 6556 6466
f 6469 6558 6466
f 6558 6559 6557
f 6556 6558 6557
f 6560 6558 6469
f 6471 6560 6469
f 6560 6471 6470
f 6561 6560 6470
f 6562 6561 6470
f 6472 6562 6470
f 6562 6563 6560
f 6561 6562 6560
f 6564 6562 6472
f 6473 6564 6472
f 6564 6565 6563
f 6562 6564 6563
f 6566 6564 6473
f 6474 6566 6473
f 6566 6567 6565
f 6564 6566 6565
f 6568 6566 6474
f 6475 6568 6474
f 6568 6569 6567
f 6566 6568 6567
f 6570 6568 6475
f 6476 6570 6475
f 6570 6571 6569
f 6568 6570 6569
f 6573 6572 6479
f 6480 6573 6479
f 6573 6575 6574
f 6572 6573 6574
f 6576 6573 6480
f 6482 6576 6480
f 6576 6577 6575
f 6573 6576 6575
f 6578 6576 6482
f 6484 6578 6482
f 6578 6579 6577
f 6576 6578 6577
f 6580 6578 6484
f 6486 6580 6484
f 6580 6581 6579
f 6578 6580 6579
f 6582 6580 6486
f 6488 6582 6486
f 6582 6583 6581
f 6580 6582 6581
f 6584 6582 6488
f 6491 6584 6488
f 6584 6585 6583
f 6582 6584 6583
f 6586 6584 6491
f 6493 6586 6491
f 6586 6588 6587
f 6584 6586 6587
f 6586 6493 6495
f 6589 6586 6495
f 6590 6589 6495
f 6496 6590 6495
f 6590 6591 6588
f 6589 6590 6588
f 6592 6590 6496
f 6499 6592 6496
f 6592 6594 6593
f 6590 6592 6593
f 6592 6499 6501
f 6595 6592 6501
f 6596 6595 6501
f 6502 6596 6501
f 6596 6597 6594
f 6595 6596 6594
f 6598 6596 6502
f 6504 6598 6502
f 6598 6599 6597
f 6596 6598 6597
f 6600 6598 6504
f 6506 6600 6504
f 6600 6602 6601
f 6598 6600 6601
f 6603 6600 6506
f 6508 6603 6506
f 6603 6604 6602
f 6600 6603 6602
f 6605 6603 6508
f 6510 6605 6508
f 6605 6606 6604
f 6603 6605 6604
f 6607 6605 6510
f 6512 6607 6510
f 6607 6608 6606
f 6605 6607 6606
f 6609 6607 6512
f 6513 6609 6512
f 6609 6610 6608
f 6607 6609 6608
f 6515 6610 6609
f 6513 6515 6609
f 6611 6610 6515
f 6516 6611 6515
f 6612 6611 6516
f 6517 6612 6516
f 6613 6612 6517
f 6518 6613 6517
f 6614 6613 6518
f 6519 6614 6518
f 6614 6616 6615
f 6613 6614 6615
f 6520 6616 6614
f 6519 6520 6614
f 6617 6616 6520
f 6521 6617 6520
f 6618 6617 6521
f 6522 6618 6521
f 6619 6618 6522
f 6523 6619 6522
f 6524 6620 6619
f 6523 6524 6619
f 6621 6620 6524
f 6525 6621 6524
f 6622 6621 6525
f 6526 6622 6525
f 6623 6622 6526
f 6527 6623 6526
f 6528 6624 6623
f 6527 6528 6623
f 6625 6624 6528
f 6529 6625 6528
f 6626 6625 6529
f 6530 6626 6529
f 6627 6626 6530
f 6531 6627 6530
f 6627 6629 6628
f 6626 6627 6628
f 6533 6629 6627
f 6531 6533 6627
f 6630 6629 6533
f 6534 6630 6533
f 6631 6630 6534
f 6535 6631 6534
f 6632 6631 6535
f 6536 6632 6535
f 6632 6634 6633
f 6631 6632 6633
f 6538 6634 6632
f 6536 6538 6632
f 6635 6634 6538
f 6539 6635 6538
f 6636 6635 6539
f 6541 6636 6539
f 6637 6636 6541
f 6543 6637 6541
f 6637 6543 6542
f 6638 6637 6542
f 6639 6638 6542
f 6544 6639 6542
f 6639 6640 6637
f 6638 6639 6637
f 6641 6639 6544
f 6547 6641 6544
f 6641 6642 6640
f 6639 6641 6640
f 6643 6641 6547
f 6549 6643 6547
f 6643 6644 6642
f 6641 6643 6642
f 6643 6549 6548
f 6645 6643 6548
f 6646 6645 6548
f 6552 6646 6548
f 6646 6647 6643
f 6645 6646 6643
f 6648 6646 6552
f 6554 6648 6552
f 6648 6649 6647
f 6646 6648 6647
f 6648 6554 6553
f 6650 6648 6553
f 6651 6650 6553
f 6557 6651 6553
f 6651 6652 6648
f 6650 6651 6648
f 6653 6651 6557
f 6559 6653 6557
f 6653 6654 6652
f 6651 6653 6652
f 6653 6559 6558
f 6655 6653 6558
f 6656 6655 6558
f 6560 6656 6558
f 6656 6657 6653
f 6655 6656 6653
f 6658 6656 6560
f 6563 6658 6560
f 6658 6659 6657
f 6656 6658 6657
f 6660 6658 6563
f 6565 6660 6563
f 6661 6660 6565
f 6567 6661 6565
f 6662 6661 6567
f 6569 6662 6567
f 6663 6662 6569
f 6571 6663 6569
f 6665 6664 6574
f 6575 6665 6574
f 6665 6667 6666
f 6664 6665 6666
f 6668 6665 6575
f 6577 6668 6575
f 6668 6669 6667
f 6665 6668 6667
f 6670 6668 6577
f 6579 6670 6577
f 6670 6671 6669
f 6668 6670 6669
f 6672 6670 6579
f 6581 6672 6579
f 6672 6673 6671
f 6670 6672 6671
f 6674 6672 6581
f 6583 6674 6581
f 6674 6675 6673
f 6672 6674 6673
f 6676 6674 6583
f 6585 6676 6583
f 6676 6678 6677
f 6674 6676 6677
f 6676 6585 6587
f 6679 6676 6587
f 6680 6679 6587
f 6588 6680 6587
f 6680 6681 6678
f 6679 6680 6678
f 6682 6680 6588
f 6591 6682 6588
f 6682 6683 6681
f 6680 6682 6681
f 6682 6591 6593
f 6684 6682 6593
f 6685 6684 6593
f 6594 6685 6593
f 6685 6687 6686
f 6684 6685 6686
f 6688 6685 6594
f 6597 6688 6594
f 6688 6689 6687
f 6685 6688 6687
f 6690 6688 6597
f 6599 6690 6597
f 6690 6692 6691
f 6688 6690 6691
f 6690 6599 6601
f 6693 6690 6601
f 6694 6693 6601
f 6602 6694 6601
f 6694 6695 6692
f 6693 6694 6692
f 6696 6694 6602
f 6604 6696 6602
f 6696 6698 6697
f 6694 6696 6697
f 6699 6696 6604
f 6606 6699 6604
f 6699 6700 6698
f 6696 6699 6698
f 6701 6699 6606
f 6608 6701 6606
f 6701 6702 6700
f 6699 6701 6700
f 6703 6701 6608
f 6610 6703 6608
f 6703 6704 6702
f 6701 6703 6702
f 6705 6703 6610
f 6611 6705 6610
f 6705 6706 6704
f 6703 6705 6704
f 6707 6705 6611
f 6612 6707 6611
f 6707 6708 6706
f 6705 6707 6706
f 6709 6707 6612
f 6613 6709 6612
f 6709 6710 6708
f 6707 6709 6708
f 6615 6710 6709
f 6613 6615 6709
f 6711 6710 6615
f 6616 6711 6615
f 6712 6711 6616
f 6617 6712 6616
f 6713 6712 6617
f 6618 6713 6617
f 6714 6713 6618
f 6619 6714 6618
f 6620 6715 6714
f 6619 6620 6714
f 6716 6715 6620
f 6621 6716 6620
f 6716 6717 6714
f 6715 6716 6714
f 6718 6716 6621
f 6622 6718 6621
f 6719 6718 6622
f 6623 6719 6622
f 6624 6720 6719
f 6623 6624 6719
f 6721 6720 6624
f 6625 6721 6624
f 6722 6721 6625
f 6626 6722 6625
f 6628 6723 6722
f 6626 6628 6722
f 6724 6723 6628
f 6629 6724 6628
f 6725 6724 6629
f 6630 6725 6629
f 6726 6725 6630
f 6631 6726 6630
f 6726 6728 6727
f 6725 6726 6727
f 6633 6728 6726
f 6631 6633 6726
f 6729 6728 6633
f 6634 6729 6633
f 6730 6729 6634
f 6635 6730 6634
f 6731 6730 6635
f 6636 6731 6635
f 6731 6733 6732
f 6730 6731 6732
f 6734 6731 6636
f 6637 6734 6636
f 6734 6735 6733
f 6731 6734 6733
f 6736 6734 6637
f 6640 6736 6637
f 6736 6737 6735
f 6734 6736 6735
f 6738 6736 6640
f 6642 6738 6640
f 6738 6739 6737
f 6736 6738 6737
f 6740 6738 6642
f 6644 6740 6642
f 6740 6741 6739
f 6738 6740 6739
f 6740 6644 6643
f 6742 6740 6643
f 6743 6742 6643
f 6647 6743 6643
f 6743 6744 6740
f 6742 6743 6740
f 6745 6743 6647
f 6649 6745 6647
f 6745 6746 6744
f 6743 6745 6744
f 6745 6649 6648
f 6747 6745 6648
f 6748 6747 6648
f 6652 6748 6648
f 6748 6749 6745
f 6747 6748 6745
f 6750 6748 6652
f 6654 6750 6652
f 6750 6751 6749
f 6748 6750 6749
f 6750 6654 6653
f 6752 6750 6653
f 6753 6752 6653
f 6657 6753 6653
f 6753 6754 6750
f 6752 6753 6750
f 6755 6753 6657
f 6659 6755 6657
f 6755 6659 6658
f 6756 6755 6658
f 6757 6756 6658
f 6660 6757 6658
f 6757 6758 6755
f 6756 6757 6755
f 6759 6757 6660
f 6661 6759 6660
f 6759 6760 6758
f 6757 6759 6758
f 6761 6759 6661
f 6662 6761 6661
f 6761 6762 6760
f 6759 6761 6760
f 6763 6761 6662
f 6663 6763 6662
f 6763 6764 6762
f 6761 6763 6762
f 6766 6765 6666
f 6667 6766 6666
f 6766 6768 6767
f 6765 6766 6767
f 6769 6766 6667
f 6669 6769 6667
f 6769 6770 6768
f 6766 6769 6768
f 6771 6769 6669
f 6671 6771 6669
f 6771 6772 6770
f 6769 6771 6770
f 6773 6771 6671
f 6673 6773 6671
f 6773 6774 6772
f 6771 6773 6772
f 6775 6773 6673
f 6675 6775 6673
f 6775 6777 6776
f 6773 6775 6776
f 6775 6675 6677
f 6778 6775 6677
f 6779 6778 6677
f 6678 6779 6677
f 6779 6780 6777
f 6778 6779 6777
f 6781 6779 6678
f 6681 6781 6678
f 6781 6782 6780
f 6779 6781 6780
f 6783 6781 6681
f 6683 6783 6681
f 6783 6785 6784
f 6781 6783 6784
f 6783 6683 6686
f 6786 6783 6686
f 6787 6786 6686
f 6687 6787 6686
f 6787 6788 6785
f 6786 6787 6785
f 6789 6787 6687
f 6689 6789 6687
f 6789 6791 6790
f 6787 6789 6790
f 6789 6689 6691
f 6792 6789 6691
f 6793 6792 6691
f 6692 6793 6691
f 6793 6794 6789
f 6792 6793 6789
f 6795 6793 6692
f 6695 6795 6692
f 6795 6796 6794
f 6793 6795 6794
f 6795 6695 6697
f 6797 6795 6697
f 6798 6797 6697
f 6698 6798 6697
f 6798 6799 6795
f 6797 6798 6795
f 6800 6798 6698
f 6700 6800 6698
f 6800 6801 6799
f 6798 6800 6799
f 6802 6800 6700
f 6702 6802 6700
f 6802 6803 6801
f 6800 6802 6801
f 6804 6802 6702
f 6704 6804 6702
f 6805 6804 6704
f 6706 6805 6704
f 6806 6805 6706
f 6708 6806 6706
f 6807 6806 6708
f 6710 6807 6708
f 6808 6807 6710
f 6711 6808 6710
f 6809 6808 6711
f 6712 6809 6711
f 6810 6809 6712
f 6713 6810 6712
f 6811 6810 6713
f 6714 6811 6713
f 6812 6811 6714
f 6717 6812 6714
f 6716 6813 6812
f 6717 6716 6812
f 6814 6813 6716
f 6718 6814 6716
f 6815 6814 6718
f 6719 6815 6718
f 6720 6816 6815
f 6719 6720 6815
f 6817 6816 6720
f 6721 6817 6720
f 6817 6818 6815
f 6816 6817 6815
f 6819 6817 6721
f 6722 6819 6721
f 6723 6820 6819
f 6722 6723 6819
f 6821 6820 6723
f 6724 6821 6723
f 6821 6822 6819
f 6820 6821 6819
f 6823 6821 6724
f 6725 6823 6724
f 6727 6824 6823
f 6725 6727 6823
f 6825 6824 6727
f 6728 6825 6727
f 6825 6826 6823
f 6824 6825 6823
f 6827 6825 6728
f 6729 6827 6728
f 6828 6827 6729
f 6730 6828 6729
f 6732 6829 6828
f 6730 6732 6828
f 6830 6829 6732
f 6733 6830 6732
f 6831 6830 6733
f 6735 6831 6733
f 6832 6831 6735
f 6737 6832 6735
f 6833 6832 6737
f 6739 6833 6737
f 6833 6835 6834
f 6832 6833 6834
f 6836 6833 6739
f 6741 6836 6739
f 6836 6741 6740
f 6837 6836 6740
f 6838 6837 6740
f 6744 6838 6740
f 6838 6839 6836
f 6837 6838 6836
f 6840 6838 6744
f 6746 6840 6744
f 6840 6841 6839
f 6838 6840 6839
f 6840 6746 6745
f 6842 6840 6745
f 6843 6842 6745
f 6749 6843 6745
f 6843 6844 6840
f 6842 6843 6840
f 6845 6843 6749
f 6751 6845 6749
f 6845 6751 6750
f 6846 6845 6750
f 6847 6846 6750
f 6754 6847 6750
f 6847 6848 6845
f 6846 6847 6845
f 6847 6754 6753
f 6849 6847 6753
f 6850 6849 6753
f 6755 6850 6753
f 6850 6851 6847
f 6849 6850 6847
f 6852 6850 6755
f 6758 6852 6755
f 6852 6853 6851
f 6850 6852 6851
f 6854 6852 6758
f 6760 6854 6758
f 6854 6855 6853
f 6852 6854 6853
f 6856 6854 6760
f 6762 6856 6760
f 6856 6857 6855
f 6854 6856 6855
f 6858 6856 6762
f 6764 6858 6762
f 6858 6859 6857
f 6856 6858 6857
f 6861 6860 6767
f 6768 6861 6767
f 6861 6863 6862
f 6860 6861 6862
f 6864 6861 6768
f 6770 6864 6768
f 6864 6865 6863
f 6861 6864 6863
f 6866 6864 6770
f 6772 6866 6770
f 6866 6867 6865
f 6864 6866 6865
f 6868 6866 6772
f 6774 6868 6772
f 6868 6869 6867
f 6866 6868 6867
f 6868 6774 6776
f 6870 6868 6776
f 6871 6870 6776
f 6777 6871 6776
f 6871 6872 6869
f 6870 6871 6869
f 6873 6871 6777
f 6780 6873 6777
f 6873 6875 6874
f 6871 6873 6874
f 6876 6873 6780
f 6782 6876 6780
f 6876 6877 6875
f 6873 6876 6875
f 6876 6782 6784
f 6878 6876 6784
f 6879 6878 6784
f 6785 6879 6784
f 6879 6880 6876
f 6878 6879 6876
f 6881 6879 6785
f 6788 6881 6785
f 6881 6882 6880
f 6879 6881 6880
f 6881 6788 6790
f 6883 6881 6790
f 6884 6883 6790
f 6791 6884 6790
f 6884 6885 6881
f 6883 6884 6881
f 6884 6791 6789
f 6886 6884 6789
f 6887 6886 6789
f 6794 6887 6789
f 6887 6888 6885
f 6886 6887 6885
f 6889 6887 6794
f 6796 6889 6794
f 6889 6891 6890
f 6887 6889 6890
f 6889 6796 6795
f 6892 6889 6795
f 6893 6892 6795
f 6799 6893 6795
f 6893 6894 6889
f 6892 6893 6889
f 6895 6893 6799
f 6801 6895 6799
f 6895 6896 6894
f 6893 6895 6894
f 6897 6895 6801
f 6803 6897 6801
f 6897 6803 6802
f 6898 6897 6802
f 6899 6898 6802
f 6804 6899 6802
f 6899 6900 6897
f 6898 6899 6897
f 6901 6899 6804
f 6805 6901 6804
f 6901 6902 6900
f 6899 6901 6900
f 6903 6901 6805
f 6806 6903 6805
f 6904 6903 6806
f 6807 6904 6806
f 6905 6904 6807
f 6808 6905 6807
f 6906 6905 6808
f 6809 6906 6808
f 6907 6906 6809
f 6810 6907 6809
f 6908 6907 6810
f 6811 6908 6810
f 6909 6908 6811
f 6812 6909 6811
f 6813 6910 6909
f 6812 6813 6909
f 6911 6910 6813
f 6814 6911 6813
f 6911 6912 6909
f 6910 6911 6909
f 6913 6911 6814
f 6815 6913 6814
f 6914 6913 6815
f 6818 6914 6815
f 6817 6915 6914
f 6818 6817 6914
f 6916 6915 6817
f 6819 6916 6817
f 6916 6917 6914
f 6915 6916 6914
f 6918 6916 6819
f 6822 6918 6819
f 6821 6919 6918
f 6822 6821 6918
f 6920 6919 6821
f 6823 6920 6821
f 6920 6921 6918
f 6919 6920 6918
f 6922 6920 6823
f 6826 6922 6823
f 6825 6923 6922
f 6826 6825 6922
f 6924 6923 6825
f 6827 6924 6825
f 6925 6924 6827
f 6828 6925 6827
f 6829 6926 6925
f 6828 6829 6925
f 6927 6926 6829
f 6830 6927 6829
f 6928 6927 6830
f 6831 6928 6830
f 6929 6928 6831
f 6832 6929 6831
f 6929 6931 6930
f 6928 6929 6930
f 6834 6931 6929
f 6832 6834 6929
f 6932 6931 6834
f 6835 6932 6834
f 6932 6835 6833
f 6933 6932 6833
f 6934 6933 6833
f 6836 6934 6833
f 6934 6935 6932
f 6933 6934 6932
f 6936 6934 6836
f 6839 6936 6836
f 6936 6937 6935
f 6934 6936 6935
f 6938 6936 6839
f 6841 6938 6839
f 6938 6841 6840
f 6939 6938 6840
f 6940 6939 6840
f 6844 6940 6840
f 6940 6941 6938
f 6939 6940 6938
f 6940 6844 6843
f 6942 6940 6843
f 6943 6942 6843
f 6845 6943 6843
f 6943 6944 6940
f 6942 6943 6940
f 6945 6943 6845
f 6848 6945 6845
f 6945 6848 6847
f 6946 6945 6847
f 6947 6946 6847
f 6851 6947 6847
f 6947 6948 6945
f 6946 6947 6945
f 6949 6947 6851
f 6853 6949 6851
f 6950 6949 6853
f 6855 6950 6853
f 6951 6950 6855
f 6857 6951 6855
f 6952 6951 6857
f 6859 6952 6857
f 6954 6953 6862
f 6863 6954 6862
f 6954 6956 6955
f 6953 6954 6955
f 6957 6954 6863
f 6865 6957 6863
f 6957 6958 6956
f 6954 6957 6956
f 6959 6957 6865
f 6867 6959 6865
f 6959 6960 6958
f 6957 6959 6958
f 6961 6959 6867
f 6869 6961 6867
f 6961 6962 6960
f 6959 6961 6960
f 6963 6961 6869
f 6872 6963 6869
f 6963 6964 6962
f 6961 6963 6962
f 6963 6872 6874
f 6965 6963 6874
f 6966 6965 6874
f 6875 6966 6874
f 6966 6967 6963
f 6965 6966 6963
f 6968 6966 6875
f 6877 6968 6875
f 6968 6969 6967
f 6966 6968 6967
f 6968 6877 6876
f 6970 6968 6876
f 6971 6970 6876
f 6880 6971 6876
f 6971 6972 6968
f 6970 6971 6968
f 6973 6971 6880
f 6882 6973 6880
f 6973 6974 6972
f 6971 6973 6972
f 6973 6882 6881
f 6975 6973 6881
f 6976 6975 6881
f 6885 6976 6881
f 6976 6977 6973
f 6975 6976 6973
f 6978 6976 6885
f 6888 6978 6885
f 6978 6888 6890
f 6979 6978 6890
f 6980 6979 6890
f 6891 6980 6890
f 6980 6981 6978
f 6979 6980 6978
f 6980 6891 6889
f 6982 6980 6889
f 6983 6982 6889
f 6894 6983 6889
f 6983 6984 6980
f 6982 6983 6980
f 6985 6983 6894
f 6896 6985 6894
f 6985 6986 6984
f 6983 6985 6984
f 6985 6896 6895
f 6987 6985 6895
f 6988 6987 6895
f 6897 6988 6895
f 6988 6989 6985
f 6987 6988 6985
f 6990 6988 6897
f 6900 6990 6897
f 6990 6991 6989
f 6988 6990 6989
f 6992 6990 6900
f 6902 6992 6900
f 6992 6902 6901
f 6993 6992 6901
f 6994 6993 6901
f 6903 6994 6901
f 6994 6995 6992
f 6993 6994 6992
f 6996 6994 6903
f 6904 6996 6903
f 6996 6997 6995
f 6994 6996 6995
f 6998 6996 6904
f 6905 6998 6904
f 6999 6998 6905
f 6906 6999 6905
f 7000 6999 6906
f 6907 7000 6906
f 7001 7000 6907
f 6908 7001 6907
f 7002 7001 6908
f 6909 7002 6908
f 7003 7002 6909
f 6912 7003 6909
f 6911 7004 7003
f 6912 6911 7003
f 7005 7004 6911
f 6913 7005 6911
f 7005 7006 7003
f 7004 7005 7003
f 7007 7005 6913
f 6914 7007 6913
f 7007 7008 7006
f 7005 7007 7006
f 7009 7007 6914
f 6917 7009 6914
f 6916 7010 7009
f 6917 6916 7009
f 7011 7010 6916
f 6918 7011 6916
f 7011 7012 7009
f 7010 7011 7009
f 7013 7011 6918
f 6921 7013 6918
f 6920 7014 7013
f 6921 6920 7013
f 7015 7014 6920
f 6922 7015 6920
f 6923 7016 7015
f 6922 6923 7015
f 7017 7016 6923
f 6924 7017 6923
f 7017 7018 7015
f 7016 7017 7015
f 7019 7017 6924
f 6925 7019 6924
f 6926 7020 7019
f 6925 6926 7019
f 7021 7020 6926
f 6927 7021 6926
f 7021 7022 7019
f 7020 7021 7019
f 7023 7021 6927
f 6928 7023 6927
f 6930 7024 7023
f 6928 6930 7023
f 7025 7024 6930
f 6931 7025 6930
f 7025 7026 7023
f 7024 7025 7023
f 7027 7025 6931
f 6932 7027 6931
f 7028 7027 6932
f 6935 7028 6932
f 7029 7028 6935
f 6937 7029 6935
f 7029 6937 6936
f 7030 7029 6936
f 7031 7030 6936
f 6938 7031 6936
f 7032 7031 6938
f 6941 7032 6938
f 7032 6941 6940
f 7033 7032 6940
f 7034 7033 6940
f 6944 7034 6940
f 7034 6944 6943
f 7035 7034 6943
f 7036 7035 6943
f 6945 7036 6943
f 7036 7037 7034
f 7035 7036 7034
f 7038 7036 6945
f 6948 7038 6945
f 7038 6948 6947
f 7039 7038 6947
f 7040 7039 6947
f 6949 7040 6947
f 7040 7041 7038
f 7039 7040 7038
f 7042 7040 6949
f 6950 7042 6949
f 7042 7043 7041
f 7040 7042 7041
f 7044 7042 6950
f 6951 7044 6950
f 7044 7045 7043
f 7042 7044 7043
f 7046 7044 6951
f 6952 7046 6951
f 7046 7047 7045
f 7044 7046 7045
f 7049 7048 6955
f 6956 7049 6955
f 7049 7051 7050
f 7048 7049 7050
f 7052 7049 6956
f 6958 7052 6956
f 7052 7053 7051
f 7049 7052 7051
f 7054 7052 6958
f 6960 7054 6958
f 7054 7055 7053
f 7052 7054 7053
f 7056 7054 6960
f 6962 7056 6960
f 7056 7057 7055
f 7054 7056 7055
f 7058 7056 6962
f 6964 7058 6962
f 7058 7059 7057
f 7056 7058 7057
f 7058 6964 6963
f 7060 7058 6963
f 7061 7060 6963
f 6967 7061 6963
f 7061 7062 7058
f 7060 7061 7058
f 7063 7061 6967
f 6969 7063 6967
f 7063 7064 7062
f 7061 7063 7062
f 7063 6969 6968
f 7065 7063 6968
f 7066 7065 6968
f 6972 7066 6968
f 7066 7067 7063
f 7065 7066 7063
f 7068 7066 6972
f 6974 7068 6972
f 7068 6974 6973
f 7069 7068 6973
f 7070 7069 6973
f 6977 7070 6973
f 7070 7071 7068
f 7069 7070 7068
f 7070 6977 6976
f 7072 7070 6976
f 7073 7072 6976
f 6978 7073 6976
f 7073 7074 7070
f 7072 7073 7070
f 7075 7073 6978
f 6981 7075 6978
f 7075 6981 6980
f 7076 7075 6980
f 7077 7076 6980
f 6984 7077 6980
f 7077 7078 7075
f 7076 7077 7075
f 7079 7077 6984
f 6986 7079 6984
f 7079 6986 6985
f 7080 7079 6985
f 7081 7080 6985
f 6989 7081 6985
f 7081 7082 7079
f 7080 7081 7079
f 7083 7081 6989
f 6991 7083 6989
f 7083 6991 6990
f 7084 7083 6990
f 7085 7084 6990
f 6992 7085 6990
f 7085 7086 7083
f 7084 7085 7083
f 7087 7085 6992
f 6995 7087 6992
f 7088 7087 6995
f 6997 7088 6995
f 7088 6997 6996
f 7089 7088 6996
f 7090 7089 6996
f 6998 7090 6996
f 7090 7091 7088
f 7089 7090 7088
f 7092 7090 6998
f 6999 7092 6998
f 7093 7092 6999
f 7000 7093 6999
f 7094 7093 7000
f 7001 7094 7000
f 7095 7094 7001
f 7002 7095 7001
f 7096 7095 7002
f 7003 7096 7002
f 7097 7096 7003
f 7006 7097 7003
f 7098 7097 7006
f 7008 7098 7006
f 7007 7099 7098
f 7008 7007 7098
f 7100 7099 7007
f 7009 7100 7007
f 7100 7101 7098
f 7099 7100 7098
f 7102 7100 7009
f 7012 7102 7009
f 7011 7103 7102
f 7012 7011 7102
f 7104 7103 7011
f 7013 7104 7011
f 7104 7105 7102
f 7103 7104 7102
f 7014 7106 7104
f 7013 7014 7104
f 7107 7106 7014
f 7015 7107 7014
f 7107 7108 7104
f 7106 7107 7104
f 7109 7107 7015
f 7018 7109 7015
f 7017 7110 7109
f 7018 7017 7109
f 7111 7110 7017
f 7019 7111 7017
f 7111 7112 7109
f 7110 7111 7109
f 7113 7111 7019
f 7022 7113 7019
f 7021 7114 7113
f 7022 7021 7113
f 7115 7114 7021
f 7023 7115 7021
f 7115 7116 7113
f 7114 7115 7113
f 7117 7115 7023
f 7026 7117 7023
f 7025 7118 7117
f 7026 7025 7117
f 7119 7118 7025
f 7027 7119 7025
f 7119 7120 7117
f 7118 7119 7117
f 7121 7119 7027
f 7028 7121 7027
f 7121 7122 7120
f 7119 7121 7120
f 7123 7121 7028
f 7029 7123 7028
f 7123 7124 7122
f 7121 7123 7122
f 7123 7029 7030
f 7124 7123 7030
f 7125 7124 7030
f 7031 7125 7030
f 7126 7125 7031
f 7032 7126 7031
f 7126 7032 7033
f 7127 7126 7033
f 7128 7127 7033
f 7034 7128 7033
f 7129 7128 7034
f 7037 7129 7034
f 7129 7037 7036
f 7130 7129 7036
f 7131 7130 7036
f 7038 7131 7036
f 7132 7131 7038
f 7041 7132 7038
f 7133 7132 7041
f 7043 7133 7041
f 7134 7133 7043
f 7045 7134 7043
f 7135 7134 7045
f 7047 7135 7045
f 7137 7136 7050
f 7051 7137 7050
f 7138 7137 7051
f 7053 7138 7051
f 7139 7138 7053
f 7055 7139 7053
f 7140 7139 7055
f 7057 7140 7055
f 7141 7140 7057
f 7059 7141 7057
f 7141 7059 7058
f 7142 7141 7058
f 7143 7142 7058
f 7062 7143 7058
f 7144 7143 7062
f 7064 7144 7062
f 7144 7064 7063
f 7145 7144 7063
f 7146 7145 7063
f 7067 7146 7063
f 7146 7067 7066
f 7147 7146 7066
f 7148 7147 7066
f 7068 7148 7066
f 7148 7149 7146
f 7147 7148 7146
f 7150 7148 7068
f 7071 7150 7068
f 7150 7071 7070
f 7151 7150 7070
f 7152 7151 7070
f 7074 7152 7070
f 7152 7074 7073
f 7153 7152 7073
f 7154 7153 7073
f 7075 7154 7073
f 7154 7155 7152
f 7153 7154 7152
f 7156 7154 7075
f 7078 7156 7075
f 7156 7078 7077
f 7157 7156 7077
f 7158 7157 7077
f 7079 7158 7077
f 7159 7158 7079
f 7082 7159 7079
f 7159 7082 7081
f 7160 7159 7081
f 7161 7160 7081
f 7083 7161 7081
f 7161 7162 7159
f 7160 7161 7159
f 7163 7161 7083
f 7086 7163 7083
f 7163 7086 7085
f 7164 7163 7085
f 7165 7164 7085
f 7087 7165 7085
f 7165 7166 7163
f 7164 7165 7163
f 7167 7165 7087
f 7088 7167 7087
f 7168 7167 7088
f 7091 7168 7088
f 7168 7091 7090
f 7169 7168 7090
f 7170 7169 7090
f 7092 7170 7090
f 7170 7171 7168
f 7169 7170 7168
f 7172 7170 7092
f 7093 7172 7092
f 7173 7172 7093
f 7094 7173 7093
f 7174 7173 7094
f 7095 7174 7094
f 7175 7174 7095
f 7096 7175 7095
f 7176 7175 7096
f 7097 7176 7096
f 7177 7176 7097
f 7098 7177 7097
f 7178 7177 7098
f 7101 7178 7098
f 7100 7179 7178
f 7101 7100 7178
f 7180 7179 7100
f 7102 7180 7100
f 7180 7181 7178
f 7179 7180 7178
f 7182 7180 7102
f 7105 7182 7102
f 7104 7183 7182
f 7105 7104 7182
f 7184 7183 7104
f 7108 7184 7104
f 7184 7185 7182
f 7183 7184 7182
f 7107 7186 7184
f 7108 7107 7184
f 7187 7186 7107
f 7109 7187 7107
f 7187 7188 7184
f 7186 7187 7184
f 7189 7187 7109
f 7112 7189 7109
f 7189 7190 7188
f 7187 7189 7188
f 7111 7191 7189
f 7112 7111 7189
f 7192 7191 7111
f 7113 7192 7111
f 7192 7193 7189
f 7191 7192 7189
f 7194 7192 7113
f 7116 7194 7113
f 7115 7195 7194
f 7116 7115 7194
f 7196 7195 7115
f 7117 7196 7115
f 7196 7197 7194
f 7195 7196 7194
f 7198 7196 7117
f 7120 7198 7117
f 7199 7198 7120
f 7122 7199 7120
f 7200 7199 7122
f 7124 7200 7122
f 7201 7200 7124
f 7125 7201 7124
f 7202 7201 7125
f 7126 7202 7125
f 7202 7204 7203
f 7201 7202 7203
f 7202 7126 7127
f 7204 7202 7127
f 7205 7204 7127
f 7128 7205 7127
f 7206 7205 7128
f 7129 7206 7128
f 7206 7208 7207
f 7205 7206 7207
f 7206 7129 7130
f 7208 7206 7130
f 7209 7208 7130
f 7131 7209 7130
f 7210 7209 7131
f 7132 7210 7131
f 7211 7210 7132
f 7133 7211 7132
f 7212 7211 7133
f 7134 7212 7133
f 7213 7212 7134
f 7135 7213 7134
f 7215 7214 7136
f 7137 7215 7136
f 7216 7215 7137
f 7138 7216 7137
f 7217 7216 7138
f 7139 7217 7138
f 7218 7217 7139
f 7140 7218 7139
f 7219 7218 7140
f 7141 7219 7140
f 7219 7141 7142
f 7220 7219 7142
f 7221 7220 7142
f 7143 7221 7142
f 7222 7221 7143
f 7144 7222 7143
f 7222 7144 7145
f 7223 7222 7145
f 7224 7223 7145
f 7146 7224 7145
f 7225 7224 7146
f 7149 7225 7146
f 7225 7149 7148
f 7226 7225 7148
f 7227 7226 7148
f 7150 7227 7148
f 7227 7150 7151
f 7228 7227 7151
f 7229 7228 7151
f 7152 7229 7151
f 7230 7229 7152
f 7155 7230 7152
f 7230 7155 7154
f 7231 7230 7154
f 7232 7231 7154
f 7156 7232 7154
f 7232 7156 7157
f 7233 7232 7157
f 7234 7233 7157
f 7158 7234 7157
f 7234 7235 7232
f 7233 7234 7232
f 7236 7234 7158
f 7159 7236 7158
f 7237 7236 7159
f 7162 7237 7159
f 7237 7162 7161
f 7238 7237 7161
f 7239 7238 7161
f 7163 7239 7161
f 7240 7239 7163
f 7166 7240 7163
f 7240 7166 7165
f 7241 7240 7165
f 7242 7241 7165
f 7167 7242 7165
f 7242 7243 7240
f 7241 7242 7240
f 7244 7242 7167
f 7168 7244 7167
f 7245 7244 7168
f 7171 7245 7168
f 7245 7171 7170
f 7246 7245 7170
f 7247 7246 7170
f 7172 7247 7170
f 7247 7248 7245
f 7246 7247 7245
f 7249 7247 7172
f 7173 7249 7172
f 7250 7249 7173
f 7174 7250 7173
f 7251 7250 7174
f 7175 7251 7174
f 7252 7251 7175
f 7176 7252 7175
f 7252 7254 7253
f 7251 7252 7253
f 7255 7252 7176
f 7177 7255 7176
f 7255 7256 7254
f 7252 7255 7254
f 7257 7255 7177
f 7178 7257 7177
f 7258 7257 7178
f 7181 7258 7178
f 7180 7259 7258
f 7181 7180 7258
f 7260 7259 7180
f 7182 7260 7180
f 7260 7261 7258
f 7259 7260 7258
f 7262 7260 7182
f 7185 7262 7182
f 7184 7263 7262
f 7185 7184 7262
f 7264 7263 7184
f 7188 7264 7184
f 7264 7265 7262
f 7263 7264 7262
f 7266 7264 7188
f 7190 7266 7188
f 7189 7267 7266
f 7190 7189 7266
f 7268 7267 7189
f 7193 7268 7189
f 7268 7269 7266
f 7267 7268 7266
f 7192 7270 7268
f 7193 7192 7268
f 7271 7270 7192
f 7194 7271 7192
f 7271 7272 7268
f 7270 7271 7268
f 7273 7271 7194
f 7197 7273 7194
f 7273 7274 7272
f 7271 7273 7272
f 7196 7275 7273
f 7197 7196 7273
f 7276 7275 7196
f 7198 7276 7196
f 7276 7277 7273
f 7275 7276 7273
f 7278 7276 7198
f 7199 7278 7198
f 7278 7279 7277
f 7276 7278 7277
f 7280 7278 7199
f 7200 7280 7199
f 7280 7281 7279
f 7278 7280 7279
f 7282 7280 7200
f 7201 7282 7200
f 7282 7283 7281
f 7280 7282 7281
f 7282 7201 7203
f 7283 7282 7203
f 7284 7283 7203
f 7204 7284 7203
f 7284 7286 7285
f 7283 7284 7285
f 7287 7284 7204
f 7205 7287 7204
f 7287 7288 7286
f 7284 7287 7286
f 7287 7205 7207
f 7288 7287 7207
f 7289 7288 7207
f 7208 7289 7207
f 7290 7289 7208
f 7209 7290 7208
f 7290 7292 7291
f 7289 7290 7291
f 7293 7290 7209
f 7210 7293 7209
f 7293 7294 7292
f 7290 7293 7292
f 7295 7293 7210
f 7211 7295 7210
f 7295 7296 7294
f 7293 7295 7294
f 7297 7295 7211
f 7212 7297 7211
f 7297 7298 7296
f 7295 7297 7296
f 7299 7297 7212
f 7213 7299 7212
f 7299 7300 7298
f 7297 7299 7298
f 7302 7301 7214
f 7215 7302 7214
f 7302 7304 7303
f 7301 7302 7303
f 7305 7302 7215
f 7216 7305 7215
f 7305 7306 7304
f 7302 7305 7304
f 7307 7305 7216
f 7217 7307 7216
f 7307 7308 7306
f 7305 7307 7306
f 7309 7307 7217
f 7218 7309 7217
f 7309 7310 7308
f 7307 7309 7308
f 7311 7309 7218
f 7219 7311 7218
f 7311 7312 7310
f 7309 7311 7310
f 7311 7219 7220
f 7312 7311 7220
f 7313 7312 7220
f 7221 7313 7220
f 7314 7313 7221
f 7222 7314 7221
f 7314 7316 7315
f 7313 7314 7315
f 7314 7222 7223
f 7316 7314 7223
f 7317 7316 7223
f 7224 7317 7223
f 7318 7317 7224
f 7225 7318 7224
f 7318 7320 7319
f 7317 7318 7319
f 7318 7225 7226
f 7320 7318 7226
f 7321 7320 7226
f 7227 7321 7226
f 7321 7227 7228
f 7322 7321 7228
f 7323 7322 7228
f 7229 7323 7228
f 7324 7323 7229
f 7230 7324 7229
f 7324 7230 7231
f 7325 7324 7231
f 7326 7325 7231
f 7232 7326 7231
f 7327 7326 7232
f 7235 7327 7232
f 7327 7235 7234
f 7328 7327 7234
f 7329 7328 7234
f 7236 7329 7234
f 7330 7329 7236
f 7237 7330 7236
f 7330 7237 7238
f 7331 7330 7238
f 7332 7331 7238
f 7239 7332 7238
f 7332 7333 7330
f 7331 7332 7330
f 7334 7332 7239
f 7240 7334 7239
f 7335 7334 7240
f 7243 7335 7240
f 7335 7243 7242
f 7336 7335 7242
f 7337 7336 7242
f 7244 7337 7242
f 7337 7338 7335
f 7336 7337 7335
f 7339 7337 7244
f 7245 7339 7244
f 7340 7339 7245
f 7248 7340 7245
f 7340 7248 7247
f 7341 7340 7247
f 7342 7341 7247
f 7249 7342 7247
f 7343 7342 7249
f 7250 7343 7249
f 7344 7343 7250
f 7251 7344 7250
f 7344 7251 7253
f 7345 7344 7253
f 7346 7345 7253
f 7254 7346 7253
f 7347 7346 7254
f 7256 7347 7254
f 7255 7348 7347
f 7256 7255 7347
f 7349 7348 7255
f 7257 7349 7255
f 7349 7350 7347
f 7348 7349 7347
f 7351 7349 7257
f 7258 7351 7257
f 7351 7352 7350
f 7349 7351 7350
f 7353 7351 7258
f 7261 7353 7258
f 7260 7354 7353
f 7261 7260 7353
f 7355 7354 7260
f 7262 7355 7260
f 7355 7356 7353
f 7354 7355 7353
f 7357 7355 7262
f 7265 7357 7262
f 7357 7358 7356
f 7355 7357 7356
f 7264 7359 7357
f 7265 7264 7357
f 7360 7359 7264
f 7266 7360 7264
f 7360 7361 7357
f 7359 7360 7357
f 7362 7360 7266
f 7269 7362 7266
f 7362 7363 7361
f 7360 7362 7361
f 7268 7364 7362
f 7269 7268 7362
f 7365 7364 7268
f 7272 7365 7268
f 7365 7366 7362
f 7364 7365 7362
f 7367 7365 7272
f 7274 7367 7272
f 7367 7368 7366
f 7365 7367 7366
f 7273 7369 7367
f 7274 7273 7367
f 7370 7369 7273
f 7277 7370 7273
f 7370 7371 7367
f 7369 7370 7367
f 7372 7370 7277
f 7279 7372 7277
f 7372 7373 7371
f 7370 7372 7371
f 7374 7372 7279
f 7281 7374 7279
f 7374 7375 7373
f 7372 7374 7373
f 7376 7374 7281
f 7283 7376 7281
f 7376 7377 7375
f 7374 7376 7375
f 7376 7283 7285
f 7377 7376 7285
f 7378 7377 7285
f 7286 7378 7285
f 7378 7380 7379
f 7377 7378 7379
f 7381 7378 7286
f 7288 7381 7286
f 7381 7382 7380
f 7378 7381 7380
f 7383 7381 7288
f 7289 7383 7288
f 7383 7384 7382
f 7381 7383 7382
f 7383 7289 7291
f 7384 7383 7291
f 7385 7384 7291
f 7292 7385 7291
f 7385 7387 7386
f 7384 7385 7386
f 7388 7385 7292
f 7294 7388 7292
f 7388 7389 7387
f 7385 7388 7387
f 7390 7388 7294
f 7296 7390 7294
f 7390 7391 7389
f 7388 7390 7389
f 7392 7390 7296
f 7298 7392 7296
f 7392 7393 7391
f 7390 7392 7391
f 7394 7392 7298
f 7300 7394 7298
f 7394 7395 7393
f 7392 7394 7393
f 7397 7396 7303
f 7304 7397 7303
f 7397 7399 7398
f 7396 7397 7398
f 7400 7397 7304
f 7306 7400 7304
f 7400 7401 7399
f 7397 7400 7399
f 7402 7400 7306
f 7308 7402 7306
f 7402 7403 7401
f 7400 7402 7401
f 7404 7402 7308
f 7310 7404 7308
f 7404 7405 7403
f 7402 7404 7403
f 7406 7404 7310
f 7312 7406 7310
f 7406 7407 7405
f 7404 7406 7405
f 7408 7406 7312
f 7313 7408 7312
f 7408 7409 7407
f 7406 7408 7407
f 7408 7313 7315
f 7409 7408 7315
f 7410 7409 7315
f 7316 7410 7315
f 7411 7410 7316
f 7317 7411 7316
f 7411 7413 7412
f 7410 7411 7412
f 7411 7317 7319
f 7413 7411 7319
f 7414 7413 7319
f 7320 7414 7319
f 7415 7414 7320
f 7321 7415 7320
f 7415 7417 7416
f 7414 7415 7416
f 7415 7321 7322
f 7417 7415 7322
f 7418 7417 7322
f 7323 7418 7322
f 7419 7418 7323
f 7324 7419 7323
f 7419 7421 7420
f 7418 7419 7420
f 7419 7324 7325
f 7421 7419 7325
f 7422 7421 7325
f 7326 7422 7325
f 7423 7422 7326
f 7327 7423 7326
f 7423 7327 7328
f 7424 7423 7328
f 7425 7424 7328
f 7329 7425 7328
f 7426 7425 7329
f 7330 7426 7329
f 7427 7426 7330
f 7333 7427 7330
f 7427 7333 7332
f 7428 7427 7332
f 7429 7428 7332
f 7334 7429 7332
f 7429 7430 7427
f 7428 7429 7427
f 7431 7429 7334
f 7335 7431 7334
f 7431 7432 7430
f 7429 7431 7430
f 7433 7431 7335
f 7338 7433 7335
f 7433 7338 7337
f 7434 7433 7337
f 7435 7434 7337
f 7339 7435 7337
f 7435 7436 7433
f 7434 7435 7433
f 7437 7435 7339
f 7340 7437 7339
f 7437 7340 7341
f 7438 7437 7341
f 7439 7438 7341
f 7342 7439 7341
f 7439 7440 7437
f 7438 7439 7437
f 7441 7439 7342
f 7343 7441 7342
f 7442 7441 7343
f 7344 7442 7343
f 7442 7344 7345
f 7443 7442 7345
f 7444 7443 7345
f 7346 7444 7345
f 7445 7444 7346
f 7347 7445 7346
f 7446 7445 7347
f 7350 7446 7347
f 7447 7446 7350
f 7352 7447 7350
f 7351 7448 7447
f 7352 7351 7447
f 7449 7448 7351
f 7353 7449 7351
f 7449 7450 7447
f 7448 7449 7447
f 7451 7449 7353
f 7356 7451 7353
f 7451 7452 7450
f 7449 7451 7450
f 7453 7451 7356
f 7358 7453 7356
f 7357 7454 7453
f 7358 7357 7453
f 7455 7454 7357
f 7361 7455 7357
f 7455 7456 7453
f 7454 7455 7453
f 7457 7455 7361
f 7363 7457 7361
f 7362 7458 7457
f 7363 7362 7457
f 7459 7458 7362
f 7366 7459 7362
f 7459 7460 7457
f 7458 7459 7457
f 7461 7459 7366
f 7368 7461 7366
f 7461 7462 7460
f 7459 7461 7460
f 7367 7463 7461
f 7368 7367 7461
f 7464 7463 7367
f 7371 7464 7367
f 7464 7465 7461
f 7463 7464 7461
f 7466 7464 7371
f 7373 7466 7371
f 7466 7467 7465
f 7464 7466 7465
f 7468 7466 7373
f 7375 7468 7373
f 7468 7469 7467
f 7466 7468 7467
f 7470 7468 7375
f 7377 7470 7375
f 7470 7472 7471
f 7468 7470 7471
f 7470 7377 7379
f 7473 7470 7379
f 7474 7473 7379
f 7380 7474 7379
f 7474 7475 7472
f 7473 7474 7472
f 7476 7474 7380
f 7382 7476 7380
f 7476 7477 7475
f 7474 7476 7475
f 7478 7476 7382
f 7384 7478 7382
f 7478 7479 7477
f 7476 7478 7477
f 7478 7384 7386
f 7479 7478 7386
f 7480 7479 7386
f 7387 7480 7386
f 7480 7482 7481
f 7479 7480 7481
f 7483 7480 7387
f 7389 7483 7387
f 7483 7484 7482
f 7480 7483 7482
f 7485 7483 7389
f 7391 7485 7389
f 7485 7486 7484
f 7483 7485 7484
f 7487 7485 7391
f 7393 7487 7391
f 7487 7488 7486
f 7485 7487 7486
f 7489 7487 7393
f 7395 7489 7393
f 7489 7490 7488
f 7487 7489 7488
f 7492 7491 7398
f 7399 7492 7398
f 7492 7494 7493
f 7491 7492 7493
f 7495 7492 7399
f 7401 7495 7399
f 7495 7496 7494
f 7492 7495 7494
f 7497 7495 7401
f 7403 7497 7401
f 7497 7498 7496
f 7495 7497 7496
f 7499 7497 7403
f 7405 7499 7403
f 7499 7500 7498
f 7497 7499 7498
f 7501 7499 7405
f 7407 7501 7405
f 7501 7502 7500
f 7499 7501 7500
f 7503 7501 7407
f 7409 7503 7407
f 7503 7504 7502
f 7501 7503 7502
f 7505 7503 7409
f 7410 7505 7409
f 7505 7506 7504
f 7503 7505 7504
f 7505 7410 7412
f 7506 7505 7412
f 7507 7506 7412
f 7413 7507 7412
f 7508 7507 7413
f 7414 7508 7413
f 7508 7510 7509
f 7507 7508 7509
f 7508 7414 7416
f 7510 7508 7416
f 7511 7510 7416
f 7417 7511 7416
f 7512 7511 7417
f 7418 7512 7417
f 7512 7514 7513
f 7511 7512 7513
f 7512 7418 7420
f 7514 7512 7420
f 7515 7514 7420
f 7421 7515 7420
f 7516 7515 7421
f 7422 7516 7421
f 7517 7516 7422
f 7423 7517 7422
f 7517 7423 7424
f 7518 7517 7424
f 7519 7518 7424
f 7425 7519 7424
f 7519 7520 7517
f 7518 7519 7517
f 7521 7519 7425
f 7426 7521 7425
f 7522 7521 7426
f 7427 7522 7426
f 7523 7522 7427
f 7430 7523 7427
f 7524 7523 7430
f 7432 7524 7430
f 7524 7432 7431
f 7525 7524 7431
f 7526 7525 7431
f 7433 7526 7431
f 7526 7527 7524
f 7525 7526 7524
f 7528 7526 7433
f 7436 7528 7433
f 7528 7436 7435
f 7529 7528 7435
f 7530 7529 7435
f 7437 7530 7435
f 7530 7531 7528
f 7529 7530 7528
f 7532 7530 7437
f 7440 7532 7437
f 7532 7440 7439
f 7533 7532 7439
f 7534 7533 7439
f 7441 7534 7439
f 7535 7534 7441
f 7442 7535 7441
f 7535 7442 7443
f 7536 7535 7443
f 7537 7536 7443
f 7444 7537 7443
f 7538 7537 7444
f 7445 7538 7444
f 7539 7538 7445
f 7446 7539 7445
f 7540 7539 7446
f 7447 7540 7446
f 7541 7540 7447
f 7450 7541 7447
f 7542 7541 7450
f 7452 7542 7450
f 7451 7543 7542
f 7452 7451 7542
f 7544 7543 7451
f 7453 7544 7451
f 7544 7545 7542
f 7543 7544 7542
f 7546 7544 7453
f 7456 7546 7453
f 7455 7547 7546
f 7456 7455 7546
f 7548 7547 7455
f 7457 7548 7455
f 7548 7549 7546
f 7547 7548 7546
f 7550 7548 7457
f 7460 7550 7457
f 7550 7551 7549
f 7548 7550 7549
f 7552 7550 7460
f 7462 7552 7460
f 7552 7553 7551
f 7550 7552 7551
f 7461 7554 7552
f 7462 7461 7552
f 7555 7554 7461
f 7465 7555 7461
f 7555 7556 7552
f 7554 7555 7552
f 7557 7555 7465
f 7467 7557 7465
f 7557 7558 7556
f 7555 7557 7556
f 7559 7557 7467
f 7469 7559 7467
f 7559 7561 7560
f 7557 7559 7560
f 7559 7469 7471
f 7562 7559 7471
f 7563 7562 7471
f 7472 7563 7471
f 7563 7564 7561
f 7562 7563 7561
f 7565 7563 7472
f 7475 7565 7472
f 7565 7566 7564
f 7563 7565 7564
f 7567 7565 7475
f 7477 7567 7475
f 7567 7568 7566
f 7565 7567 7566
f 7569 7567 7477
f 7479 7569 7477
f 7569 7570 7568
f 7567 7569 7568
f 7569 7479 7481
f 7570 7569 7481
f 7571 7570 7481
f 7482 7571 7481
f 7571 7573 7572
f 7570 7571 7572
f 7574 7571 7482
f 7484 7574 7482
f 7574 7575 7573
f 7571 7574 7573
f 7576 7574 7484
f 7486 7576 7484
f 7576 7577 7575
f 7574 7576 7575
f 7578 7576 7486
f 7488 7578 7486
f 7578 7579 7577
f 7576 7578 7577
f 7580 7578 7488
f 7490 7580 7488
f 7580 7581 7579
f 7578 7580 7579
f 7583 7582 7493
f 7494 7583 7493
f 7583 7585 7584
f 7582 7583 7584
f 7586 7583 7494
f 7496 7586 7494
f 7586 7587 7585
f 7583 7586 7585
f 7588 7586 7496
f 7498 7588 7496
f 7588 7589 7587
f 7586 7588 7587
f 7590 7588 7498
f 7500 7590 7498
f 7590 7591 7589
f 7588 7590 7589
f 7592 7590 7500
f 7502 7592 7500
f 7592 7593 7591
f 7590 7592 7591
f 7594 7592 7502
f 7504 7594 7502
f 7594 7595 7593
f 7592 7594 7593
f 7596 7594 7504
f 7506 7596 7504
f 7596 7597 7595
f 7594 7596 7595
f 7598 7596 7506
f 7507 7598 7506
f 7598 7599 7597
f 7596 7598 7597
f 7598 7507 7509
f 7599 7598 7509
f 7600 7599 7509
f 7510 7600 7509
f 7601 7600 7510
f 7511 7601 7510
f 7601 7603 7602
f 7600 7601 7602
f 7601 7511 7513
f 7603 7601 7513
f 7604 7603 7513
f 7514 7604 7513
f 7605 7604 7514
f 7515 7605 7514
f 7606 7605 7515
f 7516 7606 7515
f 7607 7606 7516
f 7517 7607 7516
f 7608 7607 7517
f 7520 7608 7517
f 7608 7520 7519
f 7609 7608 7519
f 7610 7609 7519
f 7521 7610 7519
f 7610 7611 7608
f 7609 7610 7608
f 7612 7610 7521
f 7522 7612 7521
f 7612 7613 7611
f 7610 7612 7611
f 7614 7612 7522
f 7523 7614 7522
f 7615 7614 7523
f 7524 7615 7523
f 7616 7615 7524
f 7527 7616 7524
f 7616 7527 7526
f 7617 7616 7526
f 7618 7617 7526
f 7528 7618 7526
f 7619 7618 7528
f 7531 7619 7528
f 7619 7531 7530
f 7620 7619 7530
f 7621 7620 7530
f 7532 7621 7530
f 7621 7532 7533
f 7622 7621 7533
f 7623 7622 7533
f 7534 7623 7533
f 7623 7624 7621
f 7622 7623 7621
f 7625 7623 7534
f 7535 7625 7534
f 7625 7535 7536
f 7626 7625 7536
f 7627 7626 7536
f 7537 7627 7536
f 7628 7627 7537
f 7538 7628 7537
f 7629 7628 7538
f 7539 7629 7538
f 7630 7629 7539
f 7540 7630 7539
f 7630 7632 7631
f 7629 7630 7631
f 7633 7630 7540
f 7541 7633 7540
f 7633 7634 7632
f 7630 7633 7632
f 7635 7633 7541
f 7542 7635 7541
f 7636 7635 7542
f 7545 7636 7542
f 7544 7637 7636
f 7545 7544 7636
f 7638 7637 7544
f 7546 7638 7544
f 7638 7639 7636
f 7637 7638 7636
f 7640 7638 7546
f 7549 7640 7546
f 7640 7641 7639
f 7638 7640 7639
f 7642 7640 7549
f 7551 7642 7549
f 7642 7643 7641
f 7640 7642 7641
f 7644 7642 7551
f 7553 7644 7551
f 7552 7645 7644
f 7553 7552 7644
f 7646 7645 7552
f 7556 7646 7552
f 7646 7647 7644
f 7645 7646 7644
f 7648 7646 7556
f 7558 7648 7556
f 7648 7649 7647
f 7646 7648 7647
f 7648 7558 7560
f 7649 7648 7560
f 7650 7649 7560
f 7561 7650 7560
f 7650 7652 7651
f 7649 7650 7651
f 7653 7650 7561
f 7564 7653 7561
f 7653 7654 7652
f 7650 7653 7652
f 7655 7653 7564
f 7566 7655 7564
f 7655 7656 7654
f 7653 7655 7654
f 7657 7655 7566
f 7568 7657 7566
f 7657 7658 7656
f 7655 7657 7656
f 7659 7657 7568
f 7570 7659 7568
f 7659 7660 7658
f 7657 7659 7658
f 7659 7570 7572
f 7660 7659 7572
f 7661 7660 7572
f 7573 7661 7572
f 7661 7663 7662
f 7660 7661 7662
f 7664 7661 7573
f 7575 7664 7573
f 7664 7665 7663
f 7661 7664 7663
f 7666 7664 7575
f 7577 7666 7575
f 7666 7667 7665
f 7664 7666 7665
f 7668 7666 7577
f 7579 7668 7577
f 7668 7669 7667
f 7666 7668 7667
f 7670 7668 7579
f 7581 7670 7579
f 7670 7671 7669
f 7668 7670 7669
f 7673 7672 7584
f 7585 7673 7584
f 7673 7675 7674
f 7672 7673 7674
f 7676 7673 7585
f 7587 7676 7585
f 7676 7677 7675
f 7673 7676 7675
f 7678 7676 7587
f 7589 7678 7587
f 7678 7679 7677
f 7676 7678 7677
f 7680 7678 7589
f 7591 7680 7589
f 7680 7681 7679
f 7678 7680 7679
f 7682 7680 7591
f 7593 7682 7591
f 7682 7683 7681
f 7680 7682 7681
f 7684 7682 7593
f 7595 7684 7593
f 7684 7685 7683
f 7682 7684 7683
f 7686 7684 7595
f 7597 7686 7595
f 7686 7687 7685
f 7684 7686 7685
f 7688 7686 7597
f 7599 7688 7597
f 7688 7689 7687
f 7686 7688 7687
f 7690 7688 7599
f 7600 7690 7599
f 7690 7691 7689
f 7688 7690 7689
f 7690 7600 7602
f 7691 7690 7602
f 7692 7691 7602
f 7603 7692 7602
f 7693 7692 7603
f 7604 7693 7603
f 7694 7693 7604
f 7605 7694 7604
f 7695 7694 7605
f 7606 7695 7605
f 7696 7695 7606
f 7607 7696 7606
f 7697 7696 7607
f 7608 7697 7607
f 7698 7697 7608
f 7611 7698 7608
f 7699 7698 7611
f 7613 7699 7611
f 7699 7613 7612
f 7700 7699 7612
f 7701 7700 7612
f 7614 7701 7612
f 7701 7702 7699
f 7700 7701 7699
f 7703 7701 7614
f 7615 7703 7614
f 7703 7704 7702
f 7701 7703 7702
f 7705 7703 7615
f 7616 7705 7615
f 7705 7616 7617
f 7706 7705 7617
f 7707 7706 7617
f 7618 7707 7617
f 7707 7708 7705
f 7706 7707 7705
f 7709 7707 7618
f 7619 7709 7618
f 7709 7619 7620
f 7710 7709 7620
f 7711 7710 7620
f 7621 7711 7620
f 7712 7711 7621
f 7624 7712 7621
f 7712 7624 7623
f 7713 7712 7623
f 7714 7713 7623
f 7625 7714 7623
f 7714 7625 7626
f 7715 7714 7626
f 7716 7715 7626
f 7627 7716 7626
f 7717 7716 7627
f 7628 7717 7627
f 7718 7717 7628
f 7629 7718 7628
f 7718 7720 7719
f 7717 7718 7719
f 7718 7629 7631
f 7720 7718 7631
f 7721 7720 7631
f 7632 7721 7631
f 7722 7721 7632
f 7634 7722 7632
f 7633 7723 7722
f 7634 7633 7722
f 7724 7723 7633
f 7635 7724 7633
f 7724 7725 7722
f 7723 7724 7722
f 7726 7724 7635
f 7636 7726 7635
f 7726 7727 7725
f 7724 7726 7725
f 7728 7726 7636
f 7639 7728 7636
f 7728 7729 7727
f 7726 7728 7727
f 7730 7728 7639
f 7641 7730 7639
f 7731 7730 7641
f 7643 7731 7641
f 7642 7732 7731
f 7643 7642 7731
f 7733 7732 7642
f 7644 7733 7642
f 7733 7734 7731
f 7732 7733 7731
f 7735 7733 7644
f 7647 7735 7644
f 7735 7736 7734
f 7733 7735 7734
f 7737 7735 7647
f 7649 7737 7647
f 7737 7738 7736
f 7735 7737 7736
f 7737 7649 7651
f 7738 7737 7651
f 7739 7738 7651
f 7652 7739 7651
f 7740 7739 7652
f 7654 7740 7652
f 7741 7740 7654
f 7656 7741 7654
f 7741 7743 7742
f 7740 7741 7742
f 7744 7741 7656
f 7658 7744 7656
f 7744 7745 7743
f 7741 7744 7743
f 7746 7744 7658
f 7660 7746 7658
f 7746 7747 7745
f 7744 7746 7745
f 7746 7660 7662
f 7747 7746 7662
f 7748 7747 7662
f 7663 7748 7662
f 7749 7748 7663
f 7665 7749 7663
f 7750 7749 7665
f 7667 7750 7665
f 7751 7750 7667
f 7669 7751 7667
f 7752 7751 7669
f 7671 7752 7669
f 7754 7753 7674
f 7675 7754 7674
f 7754 7756 7755
f 7753 7754 7755
f 7757 7754 7675
f 7677 7757 7675
f 7757 7758 7756
f 7754 7757 7756
f 7759 7757 7677
f 7679 7759 7677
f 7759 7760 7758
f 7757 7759 7758
f 7761 7759 7679
f 7681 7761 7679
f 7761 7762 7760
f 7759 7761 7760
f 7763 7761 7681
f 7683 7763 7681
f 7763 7764 7762
f 7761 7763 7762
f 7765 7763 7683
f 7685 7765 7683
f 7766 7765 7685
f 7687 7766 7685
f 7767 7766 7687
f 7689 7767 7687
f 7768 7767 7689
f 7691 7768 7689
f 7769 7768 7691
f 7692 7769 7691
f 7770 7769 7692
f 7693 7770 7692
f 7771 7770 7693
f 7694 7771 7693
f 7772 7771 7694
f 7695 7772 7694
f 7773 7772 7695
f 7696 7773 7695
f 7774 7773 7696
f 7697 7774 7696
f 7775 7774 7697
f 7698 7775 7697
f 7776 7775 7698
f 7699 7776 7698
f 7777 7776 7699
f 7702 7777 7699
f 7778 7777 7702
f 7704 7778 7702
f 7778 7704 7703
f 7779 7778 7703
f 7780 7779 7703
f 7705 7780 7703
f 7781 7780 7705
f 7708 7781 7705
f 7781 7708 7707
f 7782 7781 7707
f 7783 7782 7707
f 7709 7783 7707
f 7783 7709 7710
f 7784 7783 7710
f 7785 7784 7710
f 7711 7785 7710
f 7786 7785 7711
f 7712 7786 7711
f 7786 7712 7713
f 7787 7786 7713
f 7788 7787 7713
f 7714 7788 7713
f 7788 7714 7715
f 7789 7788 7715
f 7790 7789 7715
f 7716 7790 7715
f 7791 7790 7716
f 7717 7791 7716
f 7791 7717 7719
f 7792 7791 7719
f 7793 7792 7719
f 7720 7793 7719
f 7794 7793 7720
f 7721 7794 7720
f 7795 7794 7721
f 7722 7795 7721
f 7796 7795 7722
f 7725 7796 7722
f 7797 7796 7725
f 7727 7797 7725
f 7798 7797 7727
f 7729 7798 7727
f 7728 7799 7798
f 7729 7728 7798
f 7800 7799 7728
f 7730 7800 7728
f 7800 7801 7798
f 7799 7800 7798
f 7802 7800 7730
f 7731 7802 7730
f 7802 7803 7801
f 7800 7802 7801
f 7804 7802 7731
f 7734 7804 7731
f 7804 7805 7803
f 7802 7804 7803
f 7806 7804 7734
f 7736 7806 7734
f 7806 7807 7805
f 7804 7806 7805
f 7808 7806 7736
f 7738 7808 7736
f 7808 7809 7807
f 7806 7808 7807
f 7810 7808 7738
f 7739 7810 7738
f 7810 7811 7809
f 7808 7810 7809
f 7812 7810 7739
f 7740 7812 7739
f 7812 7813 7811
f 7810 7812 7811
f 7812 7740 7742
f 7813 7812 7742
f 7814 7813 7742
f 7743 7814 7742
f 7815 7814 7743
f 7745 7815 7743
f 7816 7815 7745
f 7747 7816 7745
f 7817 7816 7747
f 7748 7817 7747
f 7817 7819 7818
f 7816 7817 7818
f 7820 7817 7748
f 7749 7820 7748
f 7820 7821 7819
f 7817 7820 7819
f 7822 7820 7749
f 7750 7822 7749
f 7822 7823 7821
f 7820 7822 7821
f 7824 7822 7750
f 7751 7824 7750
f 7824 7825 7823
f 7822 7824 7823
f 7826 7824 7751
f 7752 7826 7751
f 7826 7827 7825
f 7824 7826 7825
f 7829 7828 7755
f 7756 7829 7755
f 7830 7829 7756
f 7758 7830 7756
f 7831 7830 7758
f 7760 7831 7758
f 7832 7831 7760
f 7762 7832 7760
f 7833 7832 7762
f 7764 7833 7762
f 7763 7834 7833
f 7764 7763 7833
f 7835 7834 7763
f 7765 7835 7763
f 7835 7836 7833
f 7834 7835 7833
f 7837 7835 7765
f 7766 7837 7765
f 7837 7838 7836
f 7835 7837 7836
f 7839 7837 7766
f 7767 7839 7766
f 7839 7840 7838
f 7837 7839 7838
f 7841 7839 7767
f 7768 7841 7767
f 7841 7842 7840
f 7839 7841 7840
f 7843 7841 7768
f 7769 7843 7768
f 7844 7843 7769
f 7770 7844 7769
f 7845 7844 7770
f 7771 7845 7770
f 7846 7845 7771
f 7772 7846 7771
f 7847 7846 7772
f 7773 7847 7772
f 7848 7847 7773
f 7774 7848 7773
f 7849 7848 7774
f 7775 7849 7774
f 7850 7849 7775
f 7776 7850 7775
f 7851 7850 7776
f 7777 7851 7776
f 7852 7851 7777
f 7778 7852 7777
f 7852 7778 7779
f 7853 7852 7779
f 7854 7853 7779
f 7780 7854 7779
f 7854 7855 7852
f 7853 7854 7852
f 7856 7854 7780
f 7781 7856 7780
f 7856 7781 7782
f 7857 7856 7782
f 7858 7857 7782
f 7783 7858 7782
f 7858 7783 7784
f 7859 7858 7784
f 7860 7859 7784
f 7785 7860 7784
f 7861 7860 7785
f 7786 7861 7785
f 7861 7786 7787
f 7862 7861 7787
f 7863 7862 7787
f 7788 7863 7787
f 7863 7788 7789
f 7864 7863 7789
f 7865 7864 7789
f 7790 7865 7789
f 7866 7865 7790
f 7791 7866 7790
f 7866 7868 7867
f 7865 7866 7867
f 7866 7791 7792
f 7868 7866 7792
f 7869 7868 7792
f 7793 7869 7792
f 7870 7869 7793
f 7794 7870 7793
f 7870 7872 7871
f 7869 7870 7871
f 7873 7870 7794
f 7795 7873 7794
f 7873 7874 7872
f 7870 7873 7872
f 7875 7873 7795
f 7796 7875 7795
f 7875 7876 7874
f 7873 7875 7874
f 7877 7875 7796
f 7797 7877 7796
f 7877 7878 7876
f 7875 7877 7876
f 7879 7877 7797
f 7798 7879 7797
f 7879 7880 7878
f 7877 7879 7878
f 7881 7879 7798
f 7801 7881 7798
f 7881 7882 7880
f 7879 7881 7880
f 7883 7881 7801
f 7803 7883 7801
f 7884 7883 7803
f 7805 7884 7803
f 7885 7884 7805
f 7807 7885 7805
f 7886 7885 7807
f 7809 7886 7807
f 7887 7886 7809
f 7811 7887 7809
f 7888 7887 7811
f 7813 7888 7811
f 7889 7888 7813
f 7814 7889 7813
f 7890 7889 7814
f 7815 7890 7814
f 7891 7890 7815
f 7816 7891 7815
f 7891 7816 7818
f 7892 7891 7818
f 7893 7892 7818
f 7819 7893 7818
f 7893 7894 7891
f 7892 7893 7891
f 7895 7893 7819
f 7821 7895 7819
f 7895 7896 7894
f 7893 7895 7894
f 7897 7895 7821
f 7823 7897 7821
f 7897 7898 7896
f 7895 7897 7896
f 7899 7897 7823
f 7825 7899 7823
f 7899 7900 7898
f 7897 7899 7898
f 7901 7899 7825
f 7827 7901 7825
f 7901 7902 7900
f 7899 7901 7900
f 7904 7903 7828
f 7829 7904 7828
f 7904 7906 7905
f 7903 7904 7905
f 7907 7904 7829
f 7830 7907 7829
f 7907 7908 7906
f 7904 7907 7906
f 7909 7907 7830
f 7831 7909 7830
f 7909 7910 7908
f 7907 7909 7908
f 7911 7909 7831
f 7832 7911 7831
f 7911 7912 7910
f 7909 7911 7910
f 7913 7911 7832
f 7833 7913 7832
f 7913 7914 7912
f 7911 7913 7912
f 7915 7913 7833
f 7836 7915 7833
f 7915 7916 7914
f 7913 7915 7914
f 7917 7915 7836
f 7838 7917 7836
f 7918 7917 7838
f 7840 7918 7838
f 7919 7918 7840
f 7842 7919 7840
f 7841 7920 7919
f 7842 7841 7919
f 7921 7920 7841
f 7843 7921 7841
f 7921 7922 7919
f 7920 7921 7919
f 7923 7921 7843
f 7844 7923 7843
f 7924 7923 7844
f 7845 7924 7844
f 7925 7924 7845
f 7846 7925 7845
f 7926 7925 7846
f 7847 7926 7846
f 7927 7926 7847
f 7848 7927 7847
f 7927 7929 7928
f 7926 7927 7928
f 7930 7927 7848
f 7849 7930 7848
f 7930 7931 7929
f 7927 7930 7929
f 7932 7930 7849
f 7850 7932 7849
f 7932 7933 7931
f 7930 7932 7931
f 7934 7932 7850
f 7851 7934 7850
f 7934 7935 7933
f 7932 7934 7933
f 7936 7934 7851
f 7852 7936 7851
f 7937 7936 7852
f 7855 7937 7852
f 7937 7855 7854
f 7938 7937 7854
f 7939 7938 7854
f 7856 7939 7854
f 7939 7856 7857
f 7940 7939 7857
f 7941 7940 7857
f 7858 7941 7857
f 7941 7858 7859
f 7942 7941 7859
f 7943 7942 7859
f 7860 7943 7859
f 7944 7943 7860
f 7861 7944 7860
f 7944 7946 7945
f 7943 7944 7945
f 7944 7861 7862
f 7946 7944 7862
f 7947 7946 7862
f 7863 7947 7862
f 7947 7949 7948
f 7946 7947 7948
f 7947 7863 7864
f 7949 7947 7864
f 7950 7949 7864
f 7865 7950 7864
f 7950 7952 7951
f 7949 7950 7951
f 7950 7865 7867
f 7952 7950 7867
f 7953 7952 7867
f 7868 7953 7867
f 7954 7953 7868
f 7869 7954 7868
f 7954 7956 7955
f 7953 7954 7955
f 7954 7869 7871
f 7956 7954 7871
f 7957 7956 7871
f 7872 7957 7871
f 7958 7957 7872
f 7874 7958 7872
f 7959 7958 7874
f 7876 7959 7874
f 7959 7961 7960
f 7958 7959 7960
f 7962 7959 7876
f 7878 7962 7876
f 7962 7963 7961
f 7959 7962 7961
f 7964 7962 7878
f 7880 7964 7878
f 7965 7964 7880
f 7882 7965 7880
f 7881 7966 7965
f 7882 7881 7965
f 7967 7966 7881
f 7883 7967 7881
f 7967 7968 7965
f 7966 7967 7965
f 7969 7967 7883
f 7884 7969 7883
f 7969 7970 7968
f 7967 7969 7968
f 7971 7969 7884
f 7885 7971 7884
f 7971 7972 7970
f 7969 7971 7970
f 7973 7971 7885
f 7886 7973 7885
f 7973 7974 7972
f 7971 7973 7972
f 7975 7973 7886
f 7887 7975 7886
f 7976 7975 7887
f 7888 7976 7887
f 7977 7976 7888
f 7889 7977 7888
f 7978 7977 7889
f 7890 7978 7889
f 7979 7978 7890
f 7891 7979 7890
f 7980 7979 7891
f 7894 7980 7891
f 7981 7980 7894
f 7896 7981 7894
f 7982 7981 7896
f 7898 7982 7896
f 7983 7982 7898
f 7900 7983 7898
f 7984 7983 7900
f 7902 7984 7900
f 7986 7985 7905
f 7906 7986 7905
f 7986 7988 7987
f 7985 7986 7987
f 7989 7986 7906
f 7908 7989 7906
f 7989 7990 7988
f 7986 7989 7988
f 7991 7989 7908
f 7910 7991 7908
f 7991 7992 7990
f 7989 7991 7990
f 7993 7991 7910
f 7912 7993 7910
f 7993 7994 7992
f 7991 7993 7992
f 7995 7993 7912
f 7914 7995 7912
f 7996 7995 7914
f 7916 7996 7914
f 7915 7997 7996
f 7916 7915 7996
f 7998 7997 7915
f 7917 7998 7915
f 7998 7999 7996
f 7997 7998 7996
f 8000 7998 7917
f 7918 8000 7917
f 8001 8000 7918
f 7919 8001 7918
f 8002 8001 7919
f 7922 8002 7919
f 8002 8004 8003
f 8001 8002 8003
f 7921 8004 8002
f 7922 7921 8002
f 8005 8004 7921
f 7923 8005 7921
f 8006 8005 7923
f 7924 8006 7923
f 8007 8006 7924
f 7925 8007 7924
f 8007 8009 8008
f 8006 8007 8008
f 8010 8007 7925
f 7926 8010 7925
f 8010 8011 8009
f 8007 8010 8009
f 7928 8011 8010
f 7926 7928 8010
f 8012 8011 7928
f 7929 8012 7928
f 8013 8012 7929
f 7931 8013 7929
f 8014 8013 7931
f 7933 8014 7931
f 8015 8014 7933
f 7935 8015 7933
f 8015 7935 7934
f 8016 8015 7934
f 8017 8016 7934
f 7936 8017 7934
f 8018 8017 7936
f 7937 8018 7936
f 8018 7937 7938
f 8019 8018 7938
f 8020 8019 7938
f 7939 8020 7938
f 8020 7939 7940
f 8021 8020 7940
f 8022 8021 7940
f 7941 8022 7940
f 8022 7941 7942
f 8023 8022 7942
f 8024 8023 7942
f 7943 8024 7942
f 8024 7943 7945
f 8025 8024 7945
f 8026 8025 7945
f 7946 8026 7945
f 8026 7946 7948
f 8027 8026 7948
f 8028 8027 7948
f 7949 8028 7948
f 8028 7949 7951
f 8029 8028 7951
f 8030 8029 7951
f 7952 8030 7951
f 8031 8030 7952
f 7953 8031 7952
f 8031 8033 8032
f 8030 8031 8032
f 8031 7953 7955
f 8033 8031 7955
f 8034 8033 7955
f 7956 8034 7955
f 8035 8034 7956
f 7957 8035 7956
f 8035 8037 8036
f 8034 8035 8036
f 8038 8035 7957
f 7958 8038 7957
f 8038 8039 8037
f 8035 8038 8037
f 8038 7958 7960
f 8039 8038 7960
f 8040 8039 7960
f 7961 8040 7960
f 8041 8040 7961
f 7963 8041 7961
f 7962 8042 8041
f 7963 7962 8041
f 8043 8042 7962
f 7964 8043 7962
f 8043 8044 8041
f 8042 8043 8041
f 8045 8043 7964
f 7965 8045 7964
f 8045 8046 8044
f 8043 8045 8044
f 8047 8045 7965
f 7968 8047 7965
f 8047 8048 8046
f 8045 8047 8046
f 8049 8047 7968
f 7970 8049 7968
f 8050 8049 7970
f 7972 8050 7970
f 8051 8050 7972
f 7974 8051 7972
f 7973 8052 8051
f 7974 7973 8051
f 8053 8052 7973
f 7975 8053 7973
f 8054 8053 7975
f 7976 8054 7975
f 8055 8054 7976
f 7977 8055 7976
f 8056 8055 7977
f 7978 8056 7977
f 8057 8056 7978
f 7979 8057 7978
f 8058 8057 7979
f 7980 8058 7979
f 8058 8060 8059
f 8057 8058 8059
f 8061 8058 7980
f 7981 8061 7980
f 8061 8062 8060
f 8058 8061 8060
f 8063 8061 7981
f 7982 8063 7981
f 8063 8064 8062
f 8061 8063 8062
f 8065 8063 7982
f 7983 8065 7982
f 8065 8066 8064
f 8063 8065 8064
f 8067 8065 7983
f 7984 8067 7983
f 8067 8068 8066
f 8065 8067 8066
f 8070 8069 7987
f 7988 8070 7987
f 8071 8070 7988
f 7990 8071 7988
f 8072 8071 7990
f 7992 8072 7990
f 8073 8072 7992
f 7994 8073 7992
f 7993 8074 8073
f 7994 7993 8073
f 8075 8074 7993
f 7995 8075 7993
f 8075 8076 8073
f 8074 8075 8073
f 8077 8075 7995
f 7996 8077 7995
f 8078 8077 7996
f 7999 8078 7996
f 7998 8079 8078
f 7999 7998 8078
f 8080 8079 7998
f 8000 8080 7998
f 8081 8080 8000
f 8001 8081 8000
f 8003 8082 8081
f 8001 8003 8081
f 8083 8082 8003
f 8004 8083 8003
f 8084 8083 8004
f 8005 8084 8004
f 8085 8084 8005
f 8006 8085 8005
f 8008 8086 8085
f 8006 8008 8085
f 8087 8086 8008
f 8009 8087 8008
f 8088 8087 8009
f 8011 8088 8009
f 8089 8088 8011
f 8012 8089 8011
f 8090 8089 8012
f 8013 8090 8012
f 8091 8090 8013
f 8014 8091 8013
f 8092 8091 8014
f 8015 8092 8014
f 8092 8015 8016
f 8093 8092 8016
f 8094 8093 8016
f 8017 8094 8016
f 8095 8094 8017
f 8018 8095 8017
f 8095 8018 8019
f 8096 8095 8019
f 8097 8096 8019
f 8020 8097 8019
f 8097 8020 8021
f 8098 8097 8021
f 8099 8098 8021
f 8022 8099 8021
f 8099 8022 8023
f 8100 8099 8023
f 8101 8100 8023
f 8024 8101 8023
f 8101 8024 8025
f 8102 8101 8025
f 8103 8102 8025
f 8026 8103 8025
f 8103 8026 8027
f 8104 8103 8027
f 8105 8104 8027
f 8028 8105 8027
f 8105 8028 8029
f 8106 8105 8029
f 8107 8106 8029
f 8030 8107 8029
f 8107 8030 8032
f 8108 8107 8032
f 8109 8108 8032
f 8033 8109 8032
f 8110 8109 8033
f 8034 8110 8033
f 8110 8112 8111
f 8109 8110 8111
f 8110 8034 8036
f 8112 8110 8036
f 8113 8112 8036
f 8037 8113 8036
f 8114 8113 8037
f 8039 8114 8037
f 8115 8114 8039
f 8040 8115 8039
f 8115 8117 8116
f 8114 8115 8116
f 8118 8115 8040
f 8041 8118 8040
f 8119 8118 8041
f 8044 8119 8041
f 8120 8119 8044
f 8046 8120 8044
f 8121 8120 8046
f 8048 8121 8046
f 8047 8122 8121
f 8048 8047 8121
f 8123 8122 8047
f 8049 8123 8047
f 8124 8123 8049
f 8050 8124 8049
f 8125 8124 8050
f 8051 8125 8050
f 8052 8126 8125
f 8051 8052 8125
f 8127 8126 8052
f 8053 8127 8052
f 8128 8127 8053
f 8054 8128 8053
f 8129 8128 8054
f 8055 8129 8054
f 8130 8129 8055
f 8056 8130 8055
f 8131 8130 8056
f 8057 8131 8056
f 8131 8133 8132
f 8130 8131 8132
f 8059 8133 8131
f 8057 8059 8131
f 8134 8133 8059
f 8060 8134 8059
f 8135 8134 8060
f 8062 8135 8060
f 8136 8135 8062
f 8064 8136 8062
f 8137 8136 8064
f 8066 8137 8064
f 8138 8137 8066
f 8068 8138 8066
f 8140 8139 8069
f 8070 8140 8069
f 8141 8140 8070
f 8071 8141 8070
f 8142 8141 8071
f 8072 8142 8071
f 8143 8142 8072
f 8073 8143 8072
f 8144 8143 8073
f 8076 8144 8073
f 8075 8145 8144
f 8076 8075 8144
f 8146 8145 8075
f 8077 8146 8075
f 8147 8146 8077
f 8078 8147 8077
f 8079 8148 8147
f 8078 8079 8147
f 8149 8148 8079
f 8080 8149 8079
f 8150 8149 8080
f 8081 8150 8080
f 8082 8151 8150
f 8081 8082 8150
f 8152 8151 8082
f 8083 8152 8082
f 8153 8152 8083
f 8084 8153 8083
f 8154 8153 8084
f 8085 8154 8084
f 8086 8155 8154
f 8085 8086 8154
f 8156 8155 8086
f 8087 8156 8086
f 8157 8156 8087
f 8088 8157 8087
f 8158 8157 8088
f 8089 8158 8088
f 8159 8158 8089
f 8090 8159 8089
f 8160 8159 8090
f 8091 8160 8090
f 8161 8160 8091
f 8092 8161 8091
f 8161 8092 8093
f 8162 8161 8093
f 8163 8162 8093
f 8094 8163 8093
f 8164 8163 8094
f 8095 8164 8094
f 8164 8095 8096
f 8165 8164 8096
f 8166 8165 8096
f 8097 8166 8096
f 8166 8097 8098
f 8167 8166 8098
f 8168 8167 8098
f 8099 8168 8098
f 8168 8099 8100
f 8169 8168 8100
f 8170 8169 8100
f 8101 8170 8100
f 8170 8101 8102
f 8171 8170 8102
f 8172 8171 8102
f 8103 8172 8102
f 8172 8103 8104
f 8173 8172 8104
f 8174 8173 8104
f 8105 8174 8104
f 8174 8105 8106
f 8175 8174 8106
f 8176 8175 8106
f 8107 8176 8106
f 8176 8107 8108
f 8177 8176 8108
f 8178 8177 8108
f 8109 8178 8108
f 8178 8109 8111
f 8179 8178 8111
f 8180 8179 8111
f 8112 8180 8111
f 8181 8180 8112
f 8113 8181 8112
f 8182 8181 8113
f 8114 8182 8113
f 8182 8114 8116
f 8183 8182 8116
f 8184 8183 8116
f 8117 8184 8116
f 8115 8185 8184
f 8117 8115 8184
f 8186 8185 8115
f 8118 8186 8115
f 8187 8186 8118
f 8119 8187 8118
f 8188 8187 8119
f 8120 8188 8119
f 8189 8188 8120
f 8121 8189 8120
f 8122 8190 8189
f 8121 8122 8189
f 8191 8190 8122
f 8123 8191 8122
f 8192 8191 8123
f 8124 8192 8123
f 8193 8192 8124
f 8125 8193 8124
f 8126 8194 8193
f 8125 8126 8193
f 8195 8194 8126
f 8127 8195 8126
f 8196 8195 8127
f 8128 8196 8127
f 8197 8196 8128
f 8129 8197 8128
f 8198 8197 8129
f 8130 8198 8129
f 8132 8199 8198
f 8130 8132 8198
f 8200 8199 8132
f 8133 8200 8132
f 8201 8200 8133
f 8134 8201 8133
f 8202 8201 8134
f 8135 8202 8134
f 8203 8202 8135
f 8136 8203 8135
f 8204 8203 8136
f 8137 8204 8136
f 8205 8204 8137
f 8138 8205 8137
f 8207 8206 8139
f 8140 8207 8139
f 8208 8207 8140
f 8141 8208 8140
f 8209 8208 8141
f 8142 8209 8141
f 8210 8209 8142
f 8143 8210 8142
f 8211 8210 8143
f 8144 8211 8143
f 8145 8212 8211
f 8144 8145 8211
f 8213 8212 8145
f 8146 8213 8145
f 8214 8213 8146
f 8147 8214 8146
f 8148 8215 8214
f 8147 8148 8214
f 8216 8215 8148
f 8149 8216 8148
f 8217 8216 8149
f 8150 8217 8149
f 8151 8218 8217
f 8150 8151 8217
f 8219 8218 8151
f 8152 8219 8151
f 8220 8219 8152
f 8153 8220 8152
f 8221 8220 8153
f 8154 8221 8153
f 8155 8222 8221
f 8154 8155 8221
f 8223 8222 8155
f 8156 8223 8155
f 8224 8223 8156
f 8157 8224 8156
f 8225 8224 8157
f 8158 8225 8157
f 8226 8225 8158
f 8159 8226 8158
f 8227 8226 8159
f 8160 8227 8159
f 8228 8227 8160
f 8161 8228 8160
f 8228 8161 8162
f 8229 8228 8162
f 8230 8229 8162
f 8163 8230 8162
f 8231 8230 8163
f 8164 8231 8163
f 8231 8164 8165
f 8232 8231 8165
f 8233 8232 8165
f 8166 8233 8165
f 8233 8166 8167
f 8234 8233 8167
f 8235 8234 8167
f 8168 8235 8167
f 8235 8168 8169
f 8236 8235 8169
f 8237 8236 8169
f 8170 8237 8169
f 8237 8170 8171
f 8238 8237 8171
f 8239 8238 8171
f 8172 8239 8171
f 8239 8172 8173
f 8240 8239 8173
f 8241 8240 8173
f 8174 8241 8173
f 8241 8174 8175
f 8242 8241 8175
f 8243 8242 8175
f 8176 8243 8175
f 8243 8176 8177
f 8244 8243 8177
f 8245 8244 8177
f 8178 8245 8177
f 8245 8178 8179
f 8246 8245 8179
f 8247 8246 8179
f 8180 8247 8179
f 8248 8247 8180
f 8181 8248 8180
f 8249 8248 8181
f 8182 8249 8181
f 8249 8182 8183
f 8250 8249 8183
f 8251 8250 8183
f 8184 8251 8183
f 8185 8252 8251
f 8184 8185 8251
f 8253 8252 8185
f 8186 8253 8185
f 8254 8253 8186
f 8187 8254 8186
f 8255 8254 8187
f 8188 8255 8187
f 8256 8255 8188
f 8189 8256 8188
f 8190 8257 8256
f 8189 8190 8256
f 8258 8257 8190
f 8191 8258 8190
f 8259 8258 8191
f 8192 8259 8191
f 8260 8259 8192
f 8193 8260 8192
f 8194 8261 8260
f 8193 8194 8260
f 8262 8261 8194
f 8195 8262 8194
f 8263 8262 8195
f 8196 8263 8195
f 8264 8263 8196
f 8197 8264 8196
f 8265 8264 8197
f 8198 8265 8197
f 8199 8266 8265
f 8198 8199 8265
f 8267 8266 8199
f 8200 8267 8199
f 8268 8267 8200
f 8201 8268 8200
f 8269 8268 8201
f 8202 8269 8201
f 8270 8269 8202
f 8203 8270 8202
f 8271 8270 8203
f 8204 8271 8203
f 8272 8271 8204
f 8205 8272 8204
f 8274 8273 8206
f 8207 8274 8206
f 8275 8274 8207
f 8208 8275 8207
f 8276 8275 8208
f 8209 8276 8208
f 8277 8276 8209
f 8210 8277 8209
f 8278 8277 8210
f 8211 8278 8210
f 8212 8279 8278
f 8211 8212 8278
f 8280 8279 8212
f 8213 8280 8212
f 8281 8280 8213
f 8214 8281 8213
f 8215 8282 8281
f 8214 8215 8281
f 8283 8282 8215
f 8216 8283 8215
f 8284 8283 8216
f 8217 8284 8216
f 8218 8285 8284
f 8217 8218 8284
f 8286 8285 8218
f 8219 8286 8218
f 8287 8286 8219
f 8220 8287 8219
f 8288 8287 8220
f 8221 8288 8220
f 8222 8289 8288
f 8221 8222 8288
f 8290 8289 8222
f 8223 8290 8222
f 8291 8290 8223
f 8224 8291 8223
f 8292 8291 8224
f 8225 8292 8224
f 8293 8292 8225
f 8226 8293 8225
f 8294 8293 8226
f 8227 8294 8226
f 8295 8294 8227
f 8228 8295 8227
f 8295 8228 8229
f 8296 8295 8229
f 8297 8296 8229
f 8230 8297 8229
f 8298 8297 8230
f 8231 8298 8230
f 8298 8231 8232
f 8299 8298 8232
f 8300 8299 8232
f 8233 8300 8232
f 8300 8233 8234
f 8301 8300 8234
f 8302 8301 8234
f 8235 8302 8234
f 8302 8235 8236
f 8303 8302 8236
f 8304 8303 8236
f 8237 8304 8236
f 8304 8237 8238
f 8305 8304 8238
f 8306 8305 8238
f 8239 8306 8238
f 8306 8239 8240
f 8307 8306 8240
f 8308 8307 8240
f 8241 8308 8240
f 8308 8241 8242
f 8309 8308 8242
f 8310 8309 8242
f 8243 8310 8242
f 8310 8243 8244
f 8311 8310 8244
f 8312 8311 8244
f 8245 8312 8244
f 8312 8245 8246
f 8313 8312 8246
f 8314 8313 8246
f 8247 8314 8246
f 8315 8314 8247
f 8248 8315 8247
f 8316 8315 8248
f 8249 8316 8248
f 8316 8249 8250
f 8317 8316 8250
f 8318 8317 8250
f 8251 8318 8250
f 8252 8319 8318
f 8251 8252 8318
f 8320 8319 8252
f 8253 8320 8252
f 8321 8320 8253
f 8254 8321 8253
f 8322 8321 8254
f 8255 8322 8254
f 8323 8322 8255
f 8256 8323 8255
f 8257 8324 8323
f 8256 8257 8323
f 8325 8324 8257
f 8258 8325 8257
f 8326 8325 8258
f 8259 8326 8258
f 8327 8326 8259
f 8260 8327 8259
f 8261 8328 8327
f 8260 8261 8327
f 8329 8328 8261
f 8262 8329 8261
f 8330 8329 8262
f 8263 8330 8262
f 8331 8330 8263
f 8264 8331 8263
f 8332 8331 8264
f 8265 8332 8264
f 8266 8333 8332
f 8265 8266 8332
f 8334 8333 8266
f 8267 8334 8266
f 8335 8334 8267
f 8268 8335 8267
f 8336 8335 8268
f 8269 8336 8268
f 8337 8336 8269
f 8270 8337 8269
f 8338 8337 8270
f 8271 8338 8270
f 8339 8338 8271
f 8272 8339 8271
f 8341 8340 8273
f 8274 8341 8273
f 8342 8341 8274
f 8275 8342 8274
f 8343 8342 8275
f 8276 8343 8275
f 8344 8343 8276
f 8277 8344 8276
f 8345 8344 8277
f 8278 8345 8277
f 8279 8346 8345
f 8278 8279 8345
f 8347 8346 8279
f 8280 8347 8279
f 8348 8347 8280
f 8281 8348 8280
f 8282 8349 8348
f 8281 8282 8348
f 8350 8349 8282
f 8283 8350 8282
f 8351 8350 8283
f 8284 8351 8283
f 8285 8352 8351
f 8284 8285 8351
f 8353 8352 8285
f 8286 8353 8285
f 8354 8353 8286
f 8287 8354 8286
f 8355 8354 8287
f 8288 8355 8287
f 8289 8356 8355
f 8288 8289 8355
f 8357 8356 8289
f 8290 8357 8289
f 8358 8357 8290
f 8291 8358 8290
f 8359 8358 8291
f 8292 8359 8291
f 8360 8359 8292
f 8293 8360 8292
f 8361 8360 8293
f 8294 8361 8293
f 8362 8361 8294
f 8295 8362 8294
f 8362 8295 8296
f 8363 8362 8296
f 8364 8363 8296
f 8297 8364 8296
f 8365 8364 8297
f 8298 8365 8297
f 8365 8298 8299
f 8366 8365 8299
f 8367 8366 8299
f 8300 8367 8299
f 8367 8300 8301
f 8368 8367 8301
f 8369 8368 8301
f 8302 8369 8301
f 8369 8302 8303
f 8370 8369 8303
f 8371 8370 8303
f 8304 8371 8303
f 8371 8304 8305
f 8372 8371 8305
f 8373 8372 8305
f 8306 8373 8305
f 8373 8306 8307
f 8374 8373 8307
f 8375 8374 8307
f 8308 8375 8307
f 8375 8308 8309
f 8376 8375 8309
f 8377 8376 8309
f 8310 8377 8309
f 8377 8310 8311
f 8378 8377 8311
f 8379 8378 8311
f 8312 8379 8311
f 8379 8312 8313
f 8380 8379 8313
f 8381 8380 8313
f 8314 8381 8313
f 8382 8381 8314
f 8315 8382 8314
f 8383 8382 8315
f 8316 8383 8315
f 8383 8316 8317
f 8384 8383 8317
f 8385 8384 8317
f 8318 8385 8317
f 8319 8386 8385
f 8318 8319 8385
f 8387 8386 8319
f 8320 8387 8319
f 8388 8387 8320
f 8321 8388 8320
f 8389 8388 8321
f 8322 8389 8321
f 8390 8389 8322
f 8323 8390 8322
f 8324 8391 8390
f 8323 8324 8390
f 8392 8391 8324
f 8325 8392 8324
f 8393 8392 8325
f 8326 8393 8325
f 8394 8393 8326
f 8327 8394 8326
f 8328 8395 8394
f 8327 8328 8394
f 8396 8395 8328
f 8329 8396 8328
f 8397 8396 8329
f 8330 8397 8329
f 8398 8397 8330
f 8331 8398 8330
f 8399 8398 8331
f 8332 8399 8331
f 8333 8400 8399
f 8332 8333 8399
f 8401 8400 8333
f 8334 8401 8333
f 8402 8401 8334
f 8335 8402 8334
f 8403 8402 8335
f 8336 8403 8335
f 8404 8403 8336
f 8337 8404 8336
f 8405 8404 8337
f 8338 8405 8337
f 8406 8405 8338
f 8339 8406 8338
f 4300 8407 8408
f 4300 8408 4303
f 8340 8341 8409
f 8340 8409 8410
f 4303 8408 8411
f 4303 8411 4305
f 8341 8342 8412
f 8341 8412 8409
f 4305 8411 8413
f 4305 8413 4307
f 8342 8343 8414
f 8342 8414 8412
f 4307 8413 8415
f 4307 8415 4309
f 8343 8344 8416
f 8343 8416 8414
f 4309 8415 8417
f 4309 8417 4311
f 8344 8345 8418
f 8344 8418 8416
f 4312 8417 8419
f 4312 8419 4315
f 8346 8347 8420
f 8346 8420 8418
f 4315 8419 8421
f 4315 8421 4317
f 8347 8348 8422
f 8347 8422 8420
f 4318 8421 8423
f 4318 8423 4321
f 8349 8350 8424
f 8349 8424 8422
f 4321 8423 8425
f 4321 8425 4323
f 8350 8351 8426
f 8350 8426 8424
f 4323 8425 8427
f 4323 8427 4325
f 8352 8353 8428
f 8352 8428 8426
f 4325 8427 8429
f 4325 8429 4327
f 8353 8354 8430
f 8353 8430 8428
f 4327 8429 8431
f 4327 8431 4329
f 8354 8355 8432
f 8354 8432 8430
f 4329 8431 8433
f 4329 8433 4331
f 8356 8357 8434
f 8356 8434 8432
f 4331 8433 8435
f 4331 8435 4333
f 8357 8358 8436
f 8357 8436 8434
f 4335 8435 8437
f 4335 8437 4337
f 8358 8359 8438
f 8358 8438 8436
f 4339 8437 8439
f 4339 8439 4341
f 8359 8360 8440
f 8359 8440 8438
f 4343 8439 8441
f 4343 8441 4345
f 8360 8361 8442
f 8360 8442 8440
f 4347 8441 8443
f 4347 8443 4349
f 8361 8362 8444
f 8361 8444 8442
f 4349 8443 8445
f 4349 8445 4351
f 8363 8364 8446
f 8363 8446 8444
f 4353 8445 8447
f 4353 8447 4355
f 8364 8365 8448
f 8364 8448 8446
f 4355 8447 8449
f 4355 8449 4357
f 8366 8367 8450
f 8366 8450 8448
f 4359 8449 8451
f 4359 8451 4361
f 8368 8369 8452
f 8368 8452 8450
f 4361 8451 8453
f 4361 8453 4363
f 8370 8371 8454
f 8370 8454 8452
f 4363 8453 8455
f 4363 8455 4365
f 8372 8373 8456
f 8372 8456 8454
f 4365 8455 8457
f 4365 8457 4367
f 8374 8375 8458
f 8374 8458 8456
f 4367 8457 8459
f 4367 8459 4369
f 8376 8377 8460
f 8376 8460 8458
f 4370 8459 8461
f 4370 8461 4373
f 8378 8379 8462
f 8378 8462 8460
f 4373 8461 8463
f 4373 8463 4375
f 8380 8381 8464
f 8380 8464 8462
f 4376 8463 8465
f 4376 8465 4379
f 8381 8382 8466
f 8381 8466 8464
f 4379 8465 8467
f 4379 8467 4381
f 8382 8383 8468
f 8382 8468 8466
f 4382 8467 8469
f 4382 8469 4385
f 8384 8385 8470
f 8384 8470 8468
f 4385 8469 8471
f 4385 8471 4387
f 8386 8387 8472
f 8386 8472 8470
f 4388 8471 8473
f 4388 8473 4391
f 8387 8388 8474
f 8387 8474 8472
f 4392 8473 8475
f 4392 8475 4395
f 8388 8389 8476
f 8388 8476 8474
f 4395 8475 8477
f 4395 8477 4397
f 8389 8390 8478
f 8389 8478 8476
f 4398 8477 8479
f 4398 8479 4401
f 8391 8392 8480
f 8391 8480 8478
f 4401 8479 8481
f 4401 8481 4403
f 8392 8393 8482
f 8392 8482 8480
f 4403 8481 8483
f 4403 8483 4405
f 8393 8394 8484
f 8393 8484 8482
f 4405 8483 8485
f 4405 8485 4407
f 8395 8396 8486
f 8395 8486 8484
f 4409 8485 8487
f 4409 8487 4411
f 8396 8397 8488
f 8396 8488 8486
f 4411 8487 8489
f 4411 8489 4413
f 8397 8398 8490
f 8397 8490 8488
f 4415 8489 8491
f 4415 8491 4417
f 8398 8399 8492
f 8398 8492 8490
f 4417 8491 8493
f 4417 8493 4419
f 8400 8401 8494
f 8400 8494 8492
f 4421 8493 8495
f 4421 8495 4423
f 8401 8402 8496
f 8401 8496 8494
f 4423 8495 8497
f 4423 8497 4425
f 8402 8403 8498
f 8402 8498 8496
f 4425 8497 8499
f 4425 8499 4427
f 8403 8404 8500
f 8403 8500 8498
f 4427 8499 8501
f 4427 8501 4429
f 8404 8405 8502
f 8404 8502 8500
f 4429 8501 8503
f 4429 8503 4431
f 8405 8406 8504
f 8405 8504 8502
f 4300 4301 8505
f 4300 8505 8407
f 4431 8503 8506
f 4431 8506 4430
f 4301 4432 8507
f 4301 8507 8505
f 4430 8506 8508
f 4430 8508 4497
f 4432 4498 8509
f 4432 8509 8507
f 4497 8508 8510
f 4497 8510 4563
f 4498 4564 8511
f 4498 8511 8509
f 4563 8510 8512
f 4563 8512 4640
f 4564 4642 8513
f 4564 8513 8511
f 4641 8512 8514
f 4641 8514 4736
f 4644 4737 8515
f 4644 8515 8513
f 4736 8514 8516
f 4736 8516 4824
f 4737 4826 8517
f 4737 8517 8515
f 4825 8516 8518
f 4825 8518 4918
f 4828 4920 8519
f 4828 8519 8517
f 4919 8518 8520
f 4919 8520 5005
f 4922 5006 8521
f 4922 8521 8519
f 5005 8520 8522
f 5005 8522 5086
f 5006 5088 8523
f 5006 8523 8521
f 5087 8522 8524
f 5087 8524 5173
f 5090 5174 8525
f 5090 8525 8523
f 5173 8524 8526
f 5173 8526 5257
f 5174 5258 8527
f 5174 8527 8525
f 5257 8526 8528
f 5257 8528 5354
f 5260 5355 8529
f 5260 8529 8527
f 5354 8528 8530
f 5354 8530 5444
f 5355 5445 8531
f 5355 8531 8529
f 5444 8530 8532
f 5444 8532 5539
f 5445 5541 8533
f 5445 8533 8531
f 5540 8532 8534
f 5540 8534 5633
f 5541 5634 8535
f 5541 8535 8533
f 5633 8534 8536
f 5633 8536 5732
f 5634 5734 8537
f 5634 8537 8535
f 5733 8536 8538
f 5733 8538 5820
f 5734 5822 8539
f 5734 8539 8537
f 5821 8538 8540
f 5821 8540 5909
f 5822 5911 8541
f 5822 8541 8539
f 5910 8540 8542
f 5910 8542 5986
f 5911 5988 8543
f 5911 8543 8541
f 5987 8542 8544
f 5987 8544 6059
f 5988 6060 8545
f 5988 8545 8543
f 6059 8544 8546
f 6059 8546 6136
f 6060 6138 8547
f 6060 8547 8545
f 6137 8546 8548
f 6137 8548 6215
f 6138 6217 8549
f 6138 8549 8547
f 6216 8548 8550
f 6216 8550 6298
f 6219 6299 8551
f 6219 8551 8549
f 6298 8550 8552
f 6298 8552 6383
f 6301 6384 8553
f 6301 8553 8551
f 6383 8552 8554
f 6383 8554 6476
f 6386 6477 8555
f 6386 8555 8553
f 6476 8554 8556
f 6476 8556 6570
f 6479 6572 8557
f 6479 8557 8555
f 6571 8556 8558
f 6571 8558 6663
f 6574 6664 8559
f 6574 8559 8557
f 6663 8558 8560
f 6663 8560 6763
f 6666 6765 8561
f 6666 8561 8559
f 6764 8560 8562
f 6764 8562 6858
f 6767 6860 8563
f 6767 8563 8561
f 6859 8562 8564
f 6859 8564 6952
f 6862 6953 8565
f 6862 8565 8563
f 6952 8564 8566
f 6952 8566 7046
f 6955 7048 8567
f 6955 8567 8565
f 7047 8566 8568
f 7047 8568 7135
f 7050 7136 8569
f 7050 8569 8567
f 7135 8568 8570
f 7135 8570 7213
f 7136 7214 8571
f 7136 8571 8569
f 7213 8570 8572
f 7213 8572 7299
f 7214 7301 8573
f 7214 8573 8571
f 7300 8572 8574
f 7300 8574 7394
f 7303 7396 8575
f 7303 8575 8573
f 7395 8574 8576
f 7395 8576 7489
f 7398 7491 8577
f 7398 8577 8575
f 7490 8576 8578
f 7490 8578 7580
f 7493 7582 8579
f 7493 8579 8577
f 7581 8578 8580
f 7581 8580 7670
f 7584 7672 8581
f 7584 8581 8579
f 7671 8580 8582
f 7671 8582 7752
f 7674 7753 8583
f 7674 8583 8581
f 7752 8582 8584
f 7752 8584 7826
f 7755 7828 8585
f 7755 8585 8583
f 7827 8584 8586
f 7827 8586 7901
f 7828 7903 8587
f 7828 8587 8585
f 7902 8586 8588
f 7902 8588 7984
f 7905 7985 8589
f 7905 8589 8587
f 7984 8588 8590
f 7984 8590 8067
f 7987 8069 8591
f 7987 8591 8589
f 8068 8590 8592
f 8068 8592 8138
f 8069 8139 8593
f 8069 8593 8591
f 8138 8592 8594
f 8138 8594 8205
f 8139 8206 8595
f 8139 8595 8593
f 8205 8594 8596
f 8205 8596 8272
f 8206 8273 8597
f 8206 8597 8595
f 8272 8596 8598
f 8272 8598 8339
f 8273 8340 8410
f 8273 8410 8597
f 8339 8598 8504
f 8339 8504 8406
f 8407 8410 8504
f 8407 8504 8503
o Tx_COL6_markers
s off
usemtl Tx_COL6_markers
v 1.66 2.6 27
v 1.54 2.6 27
v 1.6 2.66 27
v 1.6 2.54 27
v 1.6 2.6 27.06
v 1.6 2.6 26.94
v 1.66 2.85 27
v 1.54 2.85 27
v 1.6 2.91 27
v 1.6 2.79 27
v 1.6 2.85 27.06
v 1.6 2.85 26.94
v 1.66 3.1 27
v 1.54 3.1 27
v 1.6 3.16 27
v 1.6 3.04 27
v 1.6 3.1 27.06
v 1.6 3.1 26.94
v 1.66 3.35 27
v 1.54 3.35 27
v 1.6 3.41 27
v 1.6 3.29 27
v 1.6 3.35 27.06
v 1.6 3.35 26.94
v 1.66 3.6 27
v 1.54 3.6 27
v 1.6 3.66 27
v 1.6 3.54 27
v 1.6 3.6 27.06
v 1.6 3.6 26.94
v 1.66 3.85 27
v 1.54 3.85 27
v 1.6 3.91 27
v 1.6 3.79 27
v 1.6 3.85 27.06
v 1.6 3.85 26.94
v 1.66 4.1 27
v 1.54 4.1 27
v 1.6 4.16 27
v 1.6 4.04 27
v 1.6 4.1 27.06
v 1.6 4.1 26.94
v 1.66 4.35 27
v 1.54 4.35 27
v 1.6 4.41 27
v 1.6 4.29 27
v 1.6 4.35 27.06
v 1.6 4.35 26.94
v 1.66 4.6 27
v 1.54 4.6 27
v 1.6 4.66 27
v 1.6 4.54 27
v 1.6 4.6 27.06
v 1.6 4.6 26.94
v 1.66 4.85 27
v 1.54 4.85 27
v 1.6 4.91 27
v 1.6 4.79 27
v 1.6 4.85 27.06
v 1.6 4.85 26.94
v 1.66 5.1 27
v 1.54 5.1 27
v 1.6 5.16 27
v 1.6 5.04 27
v 1.6 5.1 27.06
v 1.6 5.1 26.94
v 1.66 5.35 27
v 1.54 5.35 27
v 1.6 5.41 27
v 1.6 5.29 27
v 1.6 5.35 27.06
v 1.6 5.35 26.94
v 1.66 5.6 27
v 1.54 5.6 27
v 1.6 5.66 27
v 1.6 5.54 27
v 1.6 5.6 27.06
v 1.6 5.6 26.94
v 1.66 5.85 27
v 1.54 5.85 27
v 1.6 5.91 27
v 1.6 5.79 27
v 1.6 5.85 27.06
v 1.6 5.85 26.94
v 1.66 6.1 27
v 1.54 6.1 27
v 1.6 6.16 27
v 1.6 6.04 27
v 1.6 6.1 27.06
v 1.6 6.1 26.94
v 1.66 6.35 27
v 1.54 6.35 27
v 1.6 6.41 27
v 1.6 6.29 27
v 1.6 6.35 27.06
v 1.6 6.35 26.94
v 1.66 6.6 27
v 1.54 6.6 27
v 1.6 6.66 27
v 1.6 6.54 27
v 1.6 6.6 27.06
v 1.6 6.6 26.94
v 1.66 6.85 27
v 1.54 6.85 27
v 1.6 6.91 27
v 1.6 6.79 27
v 1.6 6.85 27.06
v 1.6 6.85 26.94
v 1.66 7.1 27
v 1.54 7.1 27
v 1.6 7.16 27
v 1.6 7.04 27
v 1.6 7.1 27.06
v 1.6 7.1 26.94
v 1.66 7.35 27
v 1.54 7.35 27
v 1.6 7.41 27
v 1.6 7.29 27
v 1.6 7.35 27.06
v 1.6 7.35 26.94
v 1.66 7.6 27
v 1.54 7.6 27
v 1.6 7.66 27
v 1.6 7.54 27
v 1.6 7.6 27.06
v 1.6 7.6 26.94
v 1.66 7.85 27
v 1.54 7.85 27
v 1.6 7.91 27
v 1.6 7.79 27
v 1.6 7.85 27.06
v 1.6 7.85 26.94
v 1.66 8.1 27
v 1.54 8.1 27
v 1.6 8.16 27
v 1.6 8.04 27
v 1.6 8.1 27.06
v 1.6 8.1 26.94
v 1.66 8.35 27
v 1.54 8.35 27
v 1.6 8.41 27
v 1.6 8.29 27
v 1.6 8.35 27.06
v 1.6 8.35 26.94
v 1.66 8.6 27
v 1.54 8.6 27
v 1.6 8.66 27
v 1.6 8.54 27
v 1.6 8.6 27.06
v 1.6 8.6 26.94
f 8599 8601 8603
f 8601 8600 8603
f 8600 8602 8603
f 8602 8599 8603
f 8601 8599 8604
f 8600 8601 8604
f 8602 8600 8604
f 8599 8602 8604
f 8605 8607 8609
f 8607 8606 8609
f 8606 8608 8609
f 8608 8605 8609
f 8607 8605 8610
f 8606 8607 8610
f 8608 8606 8610
f 8605 8608 8610
f 8611 8613 8615
f 8613 8612 8615
f 8612 8614 8615
f 8614 8611 8615
f 8613 8611 8616
f 8612 8613 8616
f 8614 8612 8616
f 8611 8614 8616
f 8617 8619 8621
f 8619 8618 8621
f 8618 8620 8621
f 8620 8617 8621
f 8619 8617 8622
f 8618 8619 8622
f 8620 8618 8622
f 8617 8620 8622
f 8623 8625 8627
f 8625 8624 8627
f 8624 8626 8627
f 8626 8623 8627
f 8625 8623 8628
f 8624 8625 8628
f 8626 8624 8628
f 8623 8626 8628
f 8629 8631 8633
f 8631 8630 8633
f 8630 8632 8633
f 8632 8629 8633
f 8631 8629 8634
f 8630 8631 8634
f 8632 8630 8634
f 8629 8632 8634
f 8635 8637 8639
f 8637 8636 8639
f 8636 8638 8639
f 8638 8635 8639
f 8637 8635 8640
f 8636 8637 8640
f 8638 8636 8640
f 8635 8638 8640
f 8641 8643 8645
f 8643 8642 8645
f 8642 8644 8645
f 8644 8641 8645
f 8643 8641 8646
f 8642 8643 8646
f 8644 8642 8646
f 8641 8644 8646
f 8647 8649 8651
f 8649 8648 8651
f 8648 8650 8651
f 8650 8647 8651
f 8649 8647 8652
f 8648 8649 8652
f 8650 8648 8652
f 8647 8650 8652
f 8653 8655 8657
f 8655 8654 8657
f 8654 8656 8657
f 8656 8653 8657
f 8655 8653 8658
f 8654 8655 8658
f 8656 8654 8658
f 8653 8656 8658
f 8659 8661 8663
f 8661 8660 8663
f 8660 8662 8663
f 8662 8659 8663
f 8661 8659 8664
f 8660 8661 8664
f 8662 8660 8664
f 8659 8662 8664
f 8665 8667 8669
f 8667 8666 8669
f 8666 8668 8669
f 8668 8665 8669
f 8667 8665 8670
f 8666 8667 8670
f 8668 8666 8670
f 8665 8668 8670
f 8671 8673 8675
f 8673 8672 8675
f 8672 8674 8675
f 8674 8671 8675
f 8673 8671 8676
f 8672 8673 8676
f 8674 8672 8676
f 8671 8674 8676
f 8677 8679 8681
f 8679 8678 8681
f 8678 8680 8681
f 8680 8677 8681
f 8679 8677 8682
f 8678 8679 8682
f 8680 8678 8682
f 8677 8680 8682
f 8683 8685 8687
f 8685 8684 8687
f 8684 8686 8687
f 8686 8683 8687
f 8685 8683 8688
f 8684 8685 8688
f 8686 8684 8688
f 8683 8686 8688
f 8689 8691 8693
f 8691 8690 8693
f 8690 8692 8693
f 8692 8689 8693
f 8691 8689 8694
f 8690 8691 8694
f 8692 8690 8694
f 8689 8692 8694
f 8695 8697 8699
f 8697 8696 8699
f 8696 8698 8699
f 8698 8695 8699
f 8697 8695 8700
f 8696 8697 8700
f 8698 8696 8700
f 8695 8698 8700
f 8701 8703 8705
f 8703 8702 8705
f 8702 8704 8705
f 8704 8701 8705
f 8703 8701 8706
f 8702 8703 8706
f 8704 8702 8706
f 8701 8704 8706
f 8707 8709 8711
f 8709 8708 8711
f 8708 8710 8711
f 8710 8707 8711
f 8709 8707 8712
f 8708 8709 8712
f 8710 8708 8712
f 8707 8710 8712
f 8713 8715 8717
f 8715 8714 8717
f 8714 8716 8717
f 8716 8713 8717
f 8715 8713 8718
f 8714 8715 8718
f 8716 8714 8718
f 8713 8716 8718
f 8719 8721 8723
f 8721 8720 8723
f 8720 8722 8723
f 8722 8719 8723
f 8721 8719 8724
f 8720 8721 8724
f 8722 8720 8724
f 8719 8722 8724
f 8725 8727 8729
f 8727 8726 8729
f 8726 8728 8729
f 8728 8725 8729
f 8727 8725 8730
f 8726 8727 8730
f 8728 8726 8730
f 8725 8728 8730
f 8731 8733 8735
f 8733 8732 8735
f 8732 8734 8735
f 8734 8731 8735
f 8733 8731 8736
f 8732 8733 8736
f 8734 8732 8736
f 8731 8734 8736
f 8737 8739 8741
f 8739 8738 8741
f 8738 8740 8741
f 8740 8737 8741
f 8739 8737 8742
f 8738 8739 8742
f 8740 8738 8742
f 8737 8740 8742
f 8743 8745 8747
f 8745 8744 8747
f 8744 8746 8747
f 8746 8743 8747
f 8745 8743 8748
f 8744 8745 8748
f 8746 8744 8748
f 8743 8746 8748
o Rx_COL6_markers
s off
usemtl Rx_COL6_markers
v 1.66 3.9 27
v 1.54 3.9 27
v 1.6 3.96 27
v 1.6 3.84 27
v 1.6 3.9 27.06
v 1.6 3.9 26.94
v 1.66 4.15 27
v 1.54 4.15 27
v 1.6 4.21 27
v 1.6 4.09 27
v 1.6 4.15 27.06
v 1.6 4.15 26.94
v 1.66 4.4 27
v 1.54 4.4 27
v 1.6 4.46 27
v 1.6 4.34 27
v 1.6 4.4 27.06
v 1.6 4.4 26.94
v 1.66 4.65 27
v 1.54 4.65 27
v 1.6 4.71 27
v 1.6 4.59 27
v 1.6 4.65 27.06
v 1.6 4.65 26.94
v 1.66 4.9 27
v 1.54 4.9 27
v 1.6 4.96 27
v 1.6 4.84 27
v 1.6 4.9 27.06
v 1.6 4.9 26.94
v 1.66 5.15 27
v 1.54 5.15 27
v 1.6 5.21 27
v 1.6 5.09 27
v 1.6 5.15 27.06
v 1.6 5.15 26.94
v 1.66 5.4 27
v 1.54 5.4 27
v 1.6 5.46 27
v 1.6 5.34 27
v 1.6 5.4 27.06
v 1.6 5.4 26.94
v 1.66 5.65 27
v 1.54 5.65 27
v 1.6 5.71 27
v 1.6 5.59 27
v 1.6 5.65 27.06
v 1.6 5.65 26.94
v 1.66 5.9 27
v 1.54 5.9 27
v 1.6 5.96 27
v 1.6 5.84 27
v 1.6 5.9 27.06
v 1.6 5.9 26.94
v 1.66 6.15 27
v 1.54 6.15 27
v 1.6 6.21 27
v 1.6 6.09 27
v 1.6 6.15 27.06
v 1.6 6.15 26.94
v 1.66 6.4 27
v 1.54 6.4 27
v 1.6 6.46 27
v 1.6 6.34 27
v 1.6 6.4 27.06
v 1.6 6.4 26.94
v 1.66 6.65 27
v 1.54 6.65 27
v 1.6 6.71 27
v 1.6 6.59 27
v 1.6 6.65 27.06
v 1.6 6.65 26.94
v 1.66 6.9 27
v 1.54 6.9 27
v 1.6 6.96 27
v 1.6 6.84 27
v 1.6 6.9 27.06
v 1.6 6.9 26.94
v 1.66 7.15 27
v 1.54 7.15 27
v 1.6 7.21 27
v 1.6 7.09 27
v 1.6 7.15 27.06
v 1.6 7.15 26.94
v 1.66 7.4 27
v 1.54 7.4 27
v 1.6 7.46 27
v 1.6 7.34 27
v 1.6 7.4 27.06
v 1.6 7.4 26.94
v 1.66 7.65 27
v 1.54 7.65 27
v 1.6 7.71 27
v 1.6 7.59 27
v 1.6 7.65 27.06
v 1.6 7.65 26.94
v 1.66 7.9 27
v 1.54 7.9 27
v 1.6 7.96 27
v 1.6 7.84 27
v 1.6 7.9 27.06
v 1.6 7.9 26.94
v 1.66 8.15 27
v 1.54 8.15 27
v 1.6 8.21 27
v 1.6 8.09 27
v 1.6 8.15 27.06
v 1.6 8.15 26.94
v 1.66 8.4 27
v 1.54 8.4 27
v 1.6 8.46 27
v 1.6 8.34 27
v 1.6 8.4 27.06
v 1.6 8.4 26.94
v 1.66 8.65 27
v 1.54 8.65 27
v 1.6 8.71 27
v 1.6 8.59 27
v 1.6 8.65 27.06
v 1.6 8.65 26.94
v 1.66 8.9 27
v 1.54 8.9 27
v 1.6 8.96 27
v 1.6 8.84 27
v 1.6 8.9 27.06
v 1.6 8.9 26.94
v 1.66 9.15 27
v 1.54 9.15 27
v 1.6 9.21 27
v 1.6 9.09 27
v 1.6 9.15 27.06
v 1.6 9.15 26.94
v 1.66 9.4 27
v 1.54 9.4 27
v 1.6 9.46 27
v 1.6 9.34 27
v 1.6 9.4 27.06
v 1.6 9.4 26.94
v 1.66 9.65 27
v 1.54 9.65 27
v 1.6 9.71 27
v 1.6 9.59 27
v 1.6 9.65 27.06
v 1.6 9.65 26.94
v 1.66 9.9 27
v 1.54 9.9 27
v 1.6 9.96 27
v 1.6 9.84 27
v 1.6 9.9 27.06
v 1.6 9.9 26.94
f 8749 8751 8753
f 8751 8750 8753
f 8750 8752 8753
f 8752 8749 8753
f 8751 8749 8754
f 8750 8751 8754
f 8752 8750 8754
f 8749 8752 8754
f 8755 8757 8759
f 8757 8756 8759
f 8756 8758 8759
f 8758 8755 8759
f 8757 8755 8760
f 8756 8757 8760
f 8758 8756 8760
f 8755 8758 8760
f 8761 8763 8765
f 8763 8762 8765
f 8762 8764 8765
f 8764 8761 8765
f 8763 8761 8766
f 8762 8763 8766
f 8764 8762 8766
f 8761 8764 8766
f 8767 8769 8771
f 8769 8768 8771
f 8768 8770 8771
f 8770 8767 8771
f 8769 8767 8772
f 8768 8769 8772
f 8770 8768 8772
f 8767 8770 8772
f 8773 8775 8777
f 8775 8774 8777
f 8774 8776 8777
f 8776 8773 8777
f 8775 8773 8778
f 8774 8775 8778
f 8776 8774 8778
f 8773 8776 8778
f 8779 8781 8783
f 8781 8780 8783
f 8780 8782 8783
f 8782 8779 8783
f 8781 8779 8784
f 8780 8781 8784
f 8782 8780 8784
f 8779 8782 8784
f 8785 8787 8789
f 8787 8786 8789
f 8786 8788 8789
f 8788 8785 8789
f 8787 8785 8790
f 8786 8787 8790
f 8788 8786 8790
f 8785 8788 8790
f 8791 8793 8795
f 8793 8792 8795
f 8792 8794 8795
f 8794 8791 8795
f 8793 8791 8796
f 8792 8793 8796
f 8794 8792 8796
f 8791 8794 8796
f 8797 8799 8801
f 8799 8798 8801
f 8798 8800 8801
f 8800 8797 8801
f 8799 8797 8802
f 8798 8799 8802
f 8800 8798 8802
f 8797 8800 8802
f 8803 8805 8807
f 8805 8804 8807
f 8804 8806 8807
f 8806 8803 8807
f 8805 8803 8808
f 8804 8805 8808
f 8806 8804 8808
f 8803 8806 8808
f 8809 8811 8813
f 8811 8810 8813
f 8810 8812 8813
f 8812 8809 8813
f 8811 8809 8814
f 8810 8811 8814
f 8812 8810 8814
f 8809 8812 8814
f 8815 8817 8819
f 8817 8816 8819
f 8816 8818 8819
f 8818 8815 8819
f 8817 8815 8820
f 8816 8817 8820
f 8818 8816 8820
f 8815 8818 8820
f 8821 8823 8825
f 8823 8822 8825
f 8822 8824 8825
f 8824 8821 8825
f 8823 8821 8826
f 8822 8823 8826
f 8824 8822 8826
f 8821 8824 8826
f 8827 8829 8831
f 8829 8828 8831
f 8828 8830 8831
f 8830 8827 8831
f 8829 8827 8832
f 8828 8829 8832
f 8830 8828 8832
f 8827 8830 8832
f 8833 8835 8837
f 8835 8834 8837
f 8834 8836 8837
f 8836 8833 8837
f 8835 8833 8838
f 8834 8835 8838
f 8836 8834 8838
f 8833 8836 8838
f 8839 8841 8843
f 8841 8840 8843
f 8840 8842 8843
f 8842 8839 8843
f 8841 8839 8844
f 8840 8841 8844
f 8842 8840 8844
f 8839 8842 8844
f 8845 8847 8849
f 8847 8846 8849
f 8846 8848 8849
f 8848 8845 8849
f 8847 8845 8850
f 8846 8847 8850
f 8848 8846 8850
f 8845 8848 8850
f 8851 8853 8855
f 8853 8852 8855
f 8852 8854 8855
f 8854 8851 8855
f 8853 8851 8856
f 8852 8853 8856
f 8854 8852 8856
f 8851 8854 8856
f 8857 8859 8861
f 8859 8858 8861
f 8858 8860 8861
f 8860 8857 8861
f 8859 8857 8862
f 8858 8859 8862
f 8860 8858 8862
f 8857 8860 8862
f 8863 8865 8867
f 8865 8864 8867
f 8864 8866 8867
f 8866 8863 8867
f 8865 8863 8868
f 8864 8865 8868
f 8866 8864 8868
f 8863 8866 8868
f 8869 8871 8873
f 8871 8870 8873
f 8870 8872 8873
f 8872 8869 8873
f 8871 8869 8874
f 8870 8871 8874
f 8872 8870 8874
f 8869 8872 8874
f 8875 8877 8879
f 8877 8876 8879
f 8876 8878 8879
f 8878 8875 8879
f 8877 8875 8880
f 8876 8877 8880
f 8878 8876 8880
f 8875 8878 8880
f 8881 8883 8885
f 8883 8882 8885
f 8882 8884 8885
f 8884 8881 8885
f 8883 8881 8886
f 8882 8883 8886
f 8884 8882 8886
f 8881 8884 8886
f 8887 8889 8891
f 8889 8888 8891
f 8888 8890 8891
f 8890 8887 8891
f 8889 8887 8892
f 8888 8889 8892
f 8890 8888 8892
f 8887 8890 8892
f 8893 8895 8897
f 8895 8894 8897
f 8894 8896 8897
f 8896 8893 8897
f 8895 8893 8898
f 8894 8895 8898
f 8896 8894 8898
f 8893 8896 8898
