# HS4 archived input geometry. Coordinates in metres; Z up.
# No smoothing or exaggeration.
o interface
s off
v 0 0 9
v 0.25 0 9
v 0.25 0.25 9
v 0 0.25 9
v 0.25 0.5 9
v 0 0.5 9
v 0.25 0.75 9
v 0 0.75 9
v 0.25 1 9
v 0 1 9
v 0.25 1.25 9
v 0 1.25 9
v 0 1.25 8.95
v 0.25 1.25 8.95
v 0.25 1.5 8.95
v 0 1.5 8.95
v 0.25 1.75 8.95
v 0 1.75 8.95
v 0 1.75 8.9
v 0.25 1.75 8.9
v 0.25 2 8.9
v 0 2 8.9
v 0.25 2.25 8.9
v 0 2.25 8.9
v 0.25 2.5 8.9
v 0 2.5 8.9
v 0.25 2.75 8.9
v 0 2.75 8.9
v 0.25 3 8.9
v 0 3 8.9
v 0.25 3.25 8.9
v 0 3.25 8.9
v 0.25 3.5 8.9
v 0 3.5 8.9
v 0.25 3.5 8.95
v 0 3.5 8.95
v 0.25 3.75 8.95
v 0 3.75 8.95
v 0.25 3.75 9
v 0 3.75 9
v 0.25 4 9
v 0 4 9
v 0.25 4 9.05
v 0 4 9.05
v 0.25 4.25 9.05
v 0 4.25 9.05
v 0.25 4.25 9.1
v 0 4.25 9.1
v 0.25 4.5 9.1
v 0 4.5 9.1
v 0.25 4.75 9.1
v 0 4.75 9.1
v 0.25 4.75 9.15
v 0 4.75 9.15
v 0.25 5 9.15
v 0 5 9.15
v 0.25 5.25 9.15
v 0 5.25 9.15
v 0.25 5.25 9.2
v 0 5.25 9.2
v 0.25 5.5 9.2
v 0 5.5 9.2
v 0.25 5.75 9.2
v 0 5.75 9.2
v 0.25 6 9.2
v 0 6 9.2
v 0.25 6.25 9.2
v 0 6.25 9.2
v 0.25 6.5 9.2
v 0 6.5 9.2
v 0 6.5 9.15
v 0.25 6.5 9.15
v 0.25 6.75 9.15
v 0 6.75 9.15
v 0.25 7 9.15
v 0 7 9.15
v 0 7 9.1
v 0.25 7 9.1
v 0.25 7.25 9.1
v 0 7.25 9.1
v 0.25 7.5 9.1
v 0 7.5 9.1
v 0 7.5 9.05
v 0.25 7.5 9.05
v 0.25 7.75 9.05
v 0 7.75 9.05
v 0.25 8 9.05
v 0 8 9.05
v 0 8 9
v 0.25 8 9
v 0.25 8.25 9
v 0 8.25 9
v 0 8.25 8.95
v 0.25 8.25 8.95
v 0.25 8.5 8.95
v 0 8.5 8.95
v 0.25 8.75 8.95
v 0 8.75 8.95
v 0 8.75 8.9
v 0.25 8.75 8.9
v 0.25 9 8.9
v 0 9 8.9
v 0.25 9.25 8.9
v 0 9.25 8.9
v 0.25 9.5 8.9
v 0 9.5 8.9
v 0.25 9.75 8.9
v 0 9.75 8.9
v 0.25 9.75 8.95
v 0 9.75 8.95
v 0.25 10 8.95
v 0 10 8.95
v 0.25 10.25 8.95
v 0 10.25 8.95
v 0.25 10.25 9
v 0 10.25 9
v 0.25 10.5 9
v 0 10.5 9
v 0.25 10.75 9
v 0 10.75 9
v 0.25 10.75 9.05
v 0 10.75 9.05
v 0.25 11 9.05
v 0 11 9.05
v 0.25 11.25 9.05
v 0 11.25 9.05
v 0.25 11.5 9.05
v 0 11.5 9.05
v 0.25 11.75 9.05
v 0 11.75 9.05
v 0.25 12 9.05
v 0 12 9.05
v 0.5 0 9
v 0.5 0.25 9
v 0.5 0.5 9
v 0.5 0.75 9
v 0.5 1 9
v 0.5 1.25 9
v 0.5 1.25 8.95
v 0.5 1.5 8.95
v 0.5 1.75 8.95
v 0.5 1.75 8.9
v 0.5 2 8.9
v 0.5 2.25 8.9
v 0.5 2.5 8.9
v 0.5 2.75 8.9
v 0.5 3 8.9
v 0.5 3.25 8.9
v 0.5 3.5 8.9
v 0.5 3.5 8.95
v 0.5 3.75 8.95
v 0.5 3.75 9
v 0.5 4 9
v 0.5 4 9.05
v 0.5 4.25 9.05
v 0.5 4.25 9.1
v 0.5 4.5 9.1
v 0.5 4.75 9.1
v 0.5 4.75 9.15
v 0.5 5 9.15
v 0.5 5.25 9.15
v 0.5 5.25 9.2
v 0.5 5.5 9.2
v 0.5 5.75 9.2
v 0.5 6 9.2
v 0.5 6.25 9.2
v 0.5 6.5 9.2
v 0.5 6.5 9.15
v 0.5 6.75 9.15
v 0.5 7 9.15
v 0.5 7 9.1
v 0.5 7.25 9.1
v 0.5 7.5 9.1
v 0.5 7.5 9.05
v 0.5 7.75 9.05
v 0.5 8 9.05
v 0.5 8 9
v 0.5 8.25 9
v 0.5 8.25 8.95
v 0.5 8.5 8.95
v 0.5 8.75 8.95
v 0.5 8.75 8.9
v 0.5 9 8.9
v 0.5 9.25 8.9
v 0.5 9.5 8.9
v 0.5 9.75 8.9
v 0.5 9.75 8.95
v 0.5 10 8.95
v 0.5 10.25 8.95
v 0.5 10.25 9
v 0.5 10.5 9
v 0.5 10.75 9
v 0.5 10.75 9.05
v 0.5 11 9.05
v 0.5 11.25 9.05
v 0.5 11.5 9.05
v 0.5 11.75 9.05
v 0.5 12 9.05
v 0.75 0 9
v 0.75 0.25 9
v 0.75 0.5 9
v 0.75 0.75 9
v 0.75 1 9
v 0.75 1.25 9
v 0.75 1.25 8.95
v 0.75 1.5 8.95
v 0.75 1.75 8.95
v 0.75 1.75 8.9
v 0.75 2 8.9
v 0.75 2.25 8.9
v 0.75 2.5 8.9
v 0.75 2.75 8.9
v 0.75 3 8.9
v 0.75 3.25 8.9
v 0.75 3.5 8.9
v 0.75 3.5 8.95
v 0.75 3.75 8.95
v 0.75 3.75 9
v 0.75 4 9
v 0.75 4 9.05
v 0.75 4.25 9.05
v 0.75 4.25 9.1
v 0.75 4.5 9.1
v 0.75 4.75 9.1
v 0.75 4.75 9.15
v 0.75 5 9.15
v 0.75 5.25 9.15
v 0.75 5.25 9.2
v 0.75 5.5 9.2
v 0.75 5.75 9.2
v 0.75 6 9.2
v 0.75 6.25 9.2
v 0.75 6.5 9.2
v 0.75 6.5 9.15
v 0.75 6.75 9.15
v 0.75 7 9.15
v 0.75 7 9.1
v 0.75 7.25 9.1
v 0.75 7.5 9.1
v 0.75 7.5 9.05
v 0.75 7.75 9.05
v 0.75 8 9.05
v 0.75 8 9
v 0.75 8.25 9
v 0.75 8.25 8.95
v 0.75 8.5 8.95
v 0.75 8.75 8.95
v 0.75 8.75 8.9
v 0.75 9 8.9
v 0.75 9.25 8.9
v 0.75 9.5 8.9
v 0.75 9.75 8.9
v 0.75 9.75 8.95
v 0.75 10 8.95
v 0.75 10.25 8.95
v 0.75 10.25 9
v 0.75 10.5 9
v 0.75 10.75 9
v 0.75 10.75 9.05
v 0.75 11 9.05
v 0.75 11.25 9.05
v 0.75 11.5 9.05
v 0.75 11.75 9.05
v 0.75 12 9.05
v 1 0 9
v 1 0.25 9
v 1 0.5 9
v 1 0.75 9
v 1 1 9
v 1 1.25 9
v 1 1.25 8.95
v 1 1.5 8.95
v 1 1.75 8.95
v 1 1.75 8.9
v 1 2 8.9
v 1 2.25 8.9
v 1 2.5 8.9
v 1 2.75 8.9
v 1 3 8.9
v 1 3.25 8.9
v 1 3.5 8.9
v 1 3.25 8.95
v 1 3.5 8.95
v 1 3.75 8.95
v 1 3.75 9
v 1 4 9
v 1 4 9.05
v 1 4.25 9.05
v 1 4.25 9.1
v 1 4.5 9.1
v 1 4.75 9.1
v 1 4.5 9.15
v 1 4.75 9.15
v 1 5 9.15
v 1 5.25 9.15
v 1 5 9.2
v 1 5.25 9.2
v 1 5.5 9.2
v 1 5.75 9.2
v 1 6 9.2
v 1 6.25 9.2
v 1 6.5 9.2
v 1 6.5 9.15
v 1 6.75 9.15
v 1 7 9.15
v 1 7 9.1
v 1 7.25 9.1
v 1 7.5 9.1
v 1 7.5 9.05
v 1 7.75 9.05
v 1 8 9.05
v 1 8 9
v 1 8.25 9
v 1 8.25 8.95
v 1 8.5 8.95
v 1 8.5 9
v 1 8.75 8.95
v 1 8.75 8.9
v 1 9 8.9
v 1 9 8.95
v 1 9.25 8.9
v 1 9.5 8.9
v 1 9.75 8.9
v 1 9.5 8.95
v 1 9.75 8.95
v 1 10 8.95
v 1 10.25 8.95
v 1 10.25 9
v 1 10.5 9
v 1 10.75 9
v 1 10.5 9.05
v 1 10.75 9.05
v 1 11 9.05
v 1 11.25 9.05
v 1 11 9.1
v 1 11.25 9.1
v 1 11.5 9.05
v 1 11.5 9.1
v 1 11.75 9.05
v 1 11.75 9.1
v 1 12 9.05
v 1 12 9.1
v 1.25 0 9
v 1.25 0.25 9
v 1.25 0 8.95
v 1.25 0.25 8.95
v 1.25 0.5 9
v 1.25 0.5 8.95
v 1.25 0.75 9
v 1.25 0.75 8.95
v 1.25 1 9
v 1.25 1 8.95
v 1.25 1.25 9
v 1.25 1.25 8.95
v 1.25 1.5 8.95
v 1.25 1.75 8.95
v 1.25 1.5 8.9
v 1.25 1.75 8.9
v 1.25 2 8.9
v 1.25 2.25 8.9
v 1.25 2.5 8.9
v 1.25 2.25 8.85
v 1.25 2.5 8.85
v 1.25 2.75 8.9
v 1.25 2.75 8.85
v 1.25 3 8.9
v 1.25 3.25 8.9
v 1.25 3.25 8.95
v 1.25 3.5 8.95
v 1.25 3.75 8.95
v 1.25 3.5 9
v 1.25 3.75 9
v 1.25 4 9
v 1.25 3.75 9.05
v 1.25 4 9.05
v 1.25 4.25 9.05
v 1.25 4.25 9.1
v 1.25 4.5 9.1
v 1.25 4.5 9.15
v 1.25 4.75 9.15
v 1.25 5 9.15
v 1.25 4.75 9.2
v 1.25 5 9.2
v 1.25 5.25 9.2
v 1.25 5.5 9.2
v 1.25 5.25 9.25
v 1.25 5.5 9.25
v 1.25 5.75 9.2
v 1.25 5.75 9.25
v 1.25 6 9.2
v 1.25 6 9.25
v 1.25 6.25 9.2
v 1.25 6.25 9.25
v 1.25 6.5 9.2
v 1.25 6.5 9.15
v 1.25 6.75 9.15
v 1.25 6.75 9.2
v 1.25 7 9.15
v 1.25 7 9.2
v 1.25 7 9.1
v 1.25 7.25 9.1
v 1.25 7.25 9.15
v 1.25 7.5 9.1
v 1.25 7.5 9.05
v 1.25 7.75 9.05
v 1.25 7.75 9.1
v 1.25 8 9.05
v 1.25 8 9
v 1.25 8.25 9
v 1.25 8.25 9.05
v 1.25 8.5 9
v 1.25 8.5 8.95
v 1.25 8.75 8.95
v 1.25 8.75 9
v 1.25 9 8.95
v 1.25 9 8.9
v 1.25 9.25 8.9
v 1.25 9.25 8.95
v 1.25 9.5 8.9
v 1.25 9.5 8.95
v 1.25 9.75 8.95
v 1.25 10 8.95
v 1.25 9.75 9
v 1.25 10 9
v 1.25 10.25 8.95
v 1.25 10.25 9
v 1.25 10.5 9
v 1.25 10.25 9.05
v 1.25 10.5 9.05
v 1.25 10.75 9.05
v 1.25 11 9.05
v 1.25 10.75 9.1
v 1.25 11 9.1
v 1.25 11.25 9.1
v 1.25 11.5 9.1
v 1.25 11.75 9.1
v 1.25 12 9.1
v 1.5 0 8.95
v 1.5 0.25 8.95
v 1.5 0.5 8.95
v 1.5 0.75 8.95
v 1.5 1 8.95
v 1.5 1.25 8.95
v 1.5 1.5 8.95
v 1.5 1.25 8.9
v 1.5 1.5 8.9
v 1.5 1.75 8.9
v 1.5 2 8.9
v 1.5 1.75 8.85
v 1.5 2 8.85
v 1.5 2.25 8.9
v 1.5 2.25 8.85
v 1.5 2.5 8.85
v 1.5 2.75 8.85
v 1.5 2.75 8.9
v 1.5 3 8.9
v 1.5 3.25 8.9
v 1.5 3.25 8.95
v 1.5 3.5 8.95
v 1.5 3.5 9
v 1.5 3.75 9
v 1.5 3.75 9.05
v 1.5 4 9.05
v 1.5 4.25 9.05
v 1.5 4 9.1
v 1.5 4.25 9.1
v 1.5 4.5 9.1
v 1.5 4.25 9.15
v 1.5 4.5 9.15
v 1.5 4.75 9.15
v 1.5 4.5 9.2
v 1.5 4.75 9.2
v 1.5 5 9.2
v 1.5 5.25 9.2
v 1.5 5 9.25
v 1.5 5.25 9.25
v 1.5 5.5 9.25
v 1.5 5.75 9.25
v 1.5 6 9.25
v 1.5 6.25 9.25
v 1.5 6.25 9.2
v 1.5 6.5 9.2
v 1.5 6.5 9.25
v 1.5 6.75 9.2
v 1.5 7 9.2
v 1.5 7 9.15
v 1.5 7.25 9.15
v 1.5 7.25 9.1
v 1.5 7.5 9.1
v 1.5 7.5 9.15
v 1.5 7.75 9.1
v 1.5 7.75 9.05
v 1.5 8 9.05
v 1.5 8.25 9.05
v 1.5 8.25 9
v 1.5 8.5 9
v 1.5 8.75 9
v 1.5 8.75 8.95
v 1.5 9 8.95
v 1.5 9 9
v 1.5 9.25 8.95
v 1.5 9.25 9
v 1.5 9.5 8.95
v 1.5 9.5 9
v 1.5 9.75 8.95
v 1.5 9.75 9
v 1.5 10 9
v 1.5 10.25 9
v 1.5 10 9.05
v 1.5 10.25 9.05
v 1.5 10.5 9.05
v 1.5 10.25 9.1
v 1.5 10.5 9.1
v 1.5 10.75 9.05
v 1.5 10.75 9.1
v 1.5 11 9.1
v 1.5 10.75 9.15
v 1.5 11 9.15
v 1.5 11.25 9.1
v 1.5 11.25 9.15
v 1.5 11.5 9.1
v 1.5 11.5 9.15
v 1.5 11.75 9.1
v 1.5 11.75 9.15
v 1.5 12 9.1
v 1.5 12 9.15
v 1.75 0 8.95
v 1.75 0.25 8.95
v 1.75 0 8.9
v 1.75 0.25 8.9
v 1.75 0.5 8.95
v 1.75 0.5 8.9
v 1.75 0.75 8.95
v 1.75 0.75 8.9
v 1.75 1 8.95
v 1.75 1 8.9
v 1.75 1.25 8.95
v 1.75 1.25 8.9
v 1.75 1.5 8.9
v 1.75 1.75 8.9
v 1.75 1.5 8.85
v 1.75 1.75 8.85
v 1.75 2 8.85
v 1.75 2.25 8.85
v 1.75 2.5 8.85
v 1.75 2.75 8.85
v 1.75 2.75 8.9
v 1.75 3 8.9
v 1.75 3 8.85
v 1.75 3.25 8.9
v 1.75 3.25 8.95
v 1.75 3.5 8.95
v 1.75 3.5 9
v 1.75 3.75 9
v 1.75 3.75 9.05
v 1.75 4 9.05
v 1.75 4 9.1
v 1.75 4.25 9.1
v 1.75 4.25 9.15
v 1.75 4.5 9.15
v 1.75 4.5 9.2
v 1.75 4.75 9.2
v 1.75 5 9.2
v 1.75 4.75 9.25
v 1.75 5 9.25
v 1.75 5.25 9.25
v 1.75 5.5 9.25
v 1.75 5.25 9.3
v 1.75 5.5 9.3
v 1.75 5.75 9.25
v 1.75 5.75 9.3
v 1.75 6 9.25
v 1.75 6 9.3
v 1.75 6.25 9.25
v 1.75 6.25 9.3
v 1.75 6.5 9.25
v 1.75 6.5 9.2
v 1.75 6.75 9.2
v 1.75 6.75 9.25
v 1.75 7 9.2
v 1.75 7 9.15
v 1.75 7.25 9.15
v 1.75 7.25 9.2
v 1.75 7.5 9.15
v 1.75 7.5 9.1
v 1.75 7.75 9.1
v 1.75 7.75 9.05
v 1.75 8 9.05
v 1.75 8 9.1
v 1.75 8.25 9.05
v 1.75 8.25 9
v 1.75 8.5 9
v 1.75 8.5 9.05
v 1.75 8.75 9
v 1.75 9 9
v 1.75 9.25 9
v 1.75 9.5 9
v 1.75 9.75 9
v 1.75 9.5 9.05
v 1.75 9.75 9.05
v 1.75 10 9
v 1.75 10 9.05
v 1.75 10.25 9.05
v 1.75 10 9.1
v 1.75 10.25 9.1
v 1.75 10.5 9.1
v 1.75 10.75 9.1
v 1.75 10.5 9.15
v 1.75 10.75 9.15
v 1.75 11 9.15
v 1.75 10.75 9.2
v 1.75 11 9.2
v 1.75 11.25 9.15
v 1.75 11.25 9.2
v 1.75 11.5 9.15
v 1.75 11.5 9.2
v 1.75 11.75 9.15
v 1.75 11.75 9.2
v 1.75 12 9.15
v 1.75 12 9.2
v 2 0 8.9
v 2 0.25 8.9
v 2 0 8.85
v 2 0.25 8.85
v 2 0.5 8.9
v 2 0.5 8.85
v 2 0.75 8.9
v 2 0.75 8.85
v 2 1 8.9
v 2 1 8.85
v 2 1.25 8.9
v 2 1.25 8.85
v 2 1.5 8.9
v 2 1.5 8.85
v 2 1.75 8.85
v 2 2 8.85
v 2 1.75 8.8
v 2 2 8.8
v 2 2.25 8.85
v 2 2.25 8.8
v 2 2.5 8.85
v 2 2.5 8.8
v 2 2.75 8.85
v 2 3 8.85
v 2 3 8.9
v 2 3.25 8.9
v 2 3.25 8.95
v 2 3.5 8.95
v 2 3.5 9
v 2 3.75 9
v 2 3.75 9.05
v 2 4 9.05
v 2 4 9.1
v 2 4.25 9.1
v 2 4.25 9.15
v 2 4.5 9.15
v 2 4.5 9.2
v 2 4.75 9.2
v 2 4.75 9.25
v 2 5 9.25
v 2 5.25 9.25
v 2 5 9.3
v 2 5.25 9.3
v 2 5.5 9.3
v 2 5.75 9.3
v 2 6 9.3
v 2 6.25 9.3
v 2 6.25 9.25
v 2 6.5 9.25
v 2 6.5 9.3
v 2 6.75 9.25
v 2 6.75 9.2
v 2 7 9.2
v 2 7.25 9.2
v 2 7.25 9.15
v 2 7.5 9.15
v 2 7.5 9.1
v 2 7.75 9.1
v 2 8 9.1
v 2 8 9.05
v 2 8.25 9.05
v 2 8.5 9.05
v 2 8.5 9
v 2 8.75 9
v 2 8.75 9.05
v 2 9 9
v 2 9.25 9
v 2 9.5 9
v 2 9.25 9.05
v 2 9.5 9.05
v 2 9.75 9.05
v 2 10 9.05
v 2 9.75 9.1
v 2 10 9.1
v 2 10.25 9.1
v 2 10.5 9.1
v 2 10.25 9.15
v 2 10.5 9.15
v 2 10.75 9.15
v 2 10.5 9.2
v 2 10.75 9.2
v 2 11 9.2
v 2 11.25 9.2
v 2 11.5 9.2
v 2 11.75 9.2
v 2 12 9.2
v 2.25 0 8.85
v 2.25 0.25 8.85
v 2.25 0.5 8.85
v 2.25 0.75 8.85
v 2.25 1 8.85
v 2.25 1.25 8.85
v 2.25 1.5 8.85
v 2.25 1.25 8.8
v 2.25 1.5 8.8
v 2.25 1.75 8.85
v 2.25 1.75 8.8
v 2.25 2 8.8
v 2.25 2.25 8.8
v 2.25 2.5 8.8
v 2.25 2.5 8.85
v 2.25 2.75 8.85
v 2.25 2.75 8.8
v 2.25 3 8.85
v 2.25 3 8.9
v 2.25 3.25 8.9
v 2.25 3.25 8.95
v 2.25 3.5 8.95
v 2.25 3.5 9
v 2.25 3.75 9
v 2.25 3.75 9.05
v 2.25 4 9.05
v 2.25 4 9.1
v 2.25 4.25 9.1
v 2.25 4.25 9.15
v 2.25 4.5 9.15
v 2.25 4.5 9.2
v 2.25 4.75 9.2
v 2.25 4.5 9.25
v 2.25 4.75 9.25
v 2.25 5 9.25
v 2.25 5 9.3
v 2.25 5.25 9.3
v 2.25 5.5 9.3
v 2.25 5.75 9.3
v 2.25 6 9.3
v 2.25 6.25 9.3
v 2.25 6.5 9.3
v 2.25 6.5 9.25
v 2.25 6.75 9.25
v 2.25 6.75 9.2
v 2.25 7 9.2
v 2.25 7.25 9.2
v 2.25 7.25 9.15
v 2.25 7.5 9.15
v 2.25 7.5 9.1
v 2.25 7.75 9.1
v 2.25 8 9.1
v 2.25 8 9.05
v 2.25 8.25 9.05
v 2.25 8.5 9.05
v 2.25 8.75 9.05
v 2.25 8.75 9
v 2.25 9 9
v 2.25 9 9.05
v 2.25 9.25 9
v 2.25 9.25 9.05
v 2.25 9.5 9.05
v 2.25 9.75 9.05
v 2.25 9.75 9.1
v 2.25 10 9.1
v 2.25 10.25 9.1
v 2.25 10 9.15
v 2.25 10.25 9.15
v 2.25 10.5 9.15
v 2.25 10.5 9.2
v 2.25 10.75 9.2
v 2.25 11 9.2
v 2.25 10.75 9.25
v 2.25 11 9.25
v 2.25 11.25 9.2
v 2.25 11.25 9.25
v 2.25 11.5 9.2
v 2.25 11.5 9.25
v 2.25 11.75 9.2
v 2.25 11.75 9.25
v 2.25 12 9.2
v 2.25 12 9.25
v 2.5 0 8.85
v 2.5 0.25 8.85
v 2.5 0 8.8
v 2.5 0.25 8.8
v 2.5 0.5 8.85
v 2.5 0.5 8.8
v 2.5 0.75 8.85
v 2.5 0.75 8.8
v 2.5 1 8.85
v 2.5 1 8.8
v 2.5 1.25 8.85
v 2.5 1.25 8.8
v 2.5 1.5 8.8
v 2.5 1.75 8.8
v 2.5 2 8.8
v 2.5 1.75 8.75
v 2.5 2 8.75
v 2.5 2.25 8.8
v 2.5 2.25 8.75
v 2.5 2.5 8.8
v 2.5 2.5 8.75
v 2.5 2.75 8.8
v 2.5 2.75 8.85
v 2.5 3 8.85
v 2.5 3 8.8
v 2.5 3 8.9
v 2.5 3.25 8.9
v 2.5 3.25 8.85
v 2.5 3.25 8.95
v 2.5 3.5 8.95
v 2.5 3.5 8.9
v 2.5 3.5 9
v 2.5 3.75 9
v 2.5 3.75 9.05
v 2.5 4 9.05
v 2.5 4 9.1
v 2.5 4.25 9.1
v 2.5 4.25 9.15
v 2.5 4.5 9.15
v 2.5 4.5 9.25
v 2.5 4.75 9.25
v 2.5 4.5 9.2
v 2.5 4.75 9.2
v 2.5 5 9.25
v 2.5 5 9.3
v 2.5 5.25 9.3
v 2.5 5.5 9.3
v 2.5 5.75 9.3
v 2.5 6 9.3
v 2.5 6.25 9.3
v 2.5 6.5 9.3
v 2.5 6.25 9.25
v 2.5 6.5 9.25
v 2.5 6.75 9.25
v 2.5 6.75 9.2
v 2.5 7 9.2
v 2.5 7.25 9.2
v 2.5 7 9.15
v 2.5 7.25 9.15
v 2.5 7.5 9.15
v 2.5 7.5 9.1
v 2.5 7.75 9.1
v 2.5 8 9.1
v 2.5 8 9.05
v 2.5 8.25 9.05
v 2.5 8.5 9.05
v 2.5 8.75 9.05
v 2.5 9 9.05
v 2.5 9.25 9.05
v 2.5 9.5 9.05
v 2.5 9.75 9.05
v 2.5 9.5 9.1
v 2.5 9.75 9.1
v 2.5 10 9.1
v 2.5 10 9.15
v 2.5 10.25 9.15
v 2.5 10.5 9.15
v 2.5 10.25 9.2
v 2.5 10.5 9.2
v 2.5 10.75 9.2
v 2.5 10.75 9.25
v 2.5 11 9.25
v 2.5 11.25 9.25
v 2.5 11.5 9.25
v 2.5 11.75 9.25
v 2.5 12 9.25
v 2.75 0 8.8
v 2.75 0.25 8.8
v 2.75 0.5 8.8
v 2.75 0.75 8.8
v 2.75 1 8.8
v 2.75 1.25 8.8
v 2.75 1.5 8.8
v 2.75 1.25 8.75
v 2.75 1.5 8.75
v 2.75 1.75 8.8
v 2.75 1.75 8.75
v 2.75 2 8.75
v 2.75 2.25 8.75
v 2.75 2.5 8.75
v 2.75 2.5 8.8
v 2.75 2.75 8.8
v 2.75 2.75 8.75
v 2.75 3 8.8
v 2.75 3 8.85
v 2.75 3.25 8.85
v 2.75 3.25 8.9
v 2.75 3.5 8.9
v 2.75 3.5 9
v 2.75 3.75 9
v 2.75 3.5 8.95
v 2.75 3.75 8.95
v 2.75 3.75 9.05
v 2.75 4 9.05
v 2.75 4 9
v 2.75 4 9.1
v 2.75 4.25 9.1
v 2.75 4.25 9.15
v 2.75 4.5 9.15
v 2.75 4.5 9.2
v 2.75 4.75 9.2
v 2.75 4.75 9.25
v 2.75 5 9.25
v 2.75 5 9.3
v 2.75 5.25 9.3
v 2.75 5.25 9.25
v 2.75 5.5 9.3
v 2.75 5.75 9.3
v 2.75 6 9.3
v 2.75 6.25 9.3
v 2.75 6 9.25
v 2.75 6.25 9.25
v 2.75 6.5 9.25
v 2.75 6.75 9.25
v 2.75 6.5 9.2
v 2.75 6.75 9.2
v 2.75 7 9.2
v 2.75 7 9.15
v 2.75 7.25 9.15
v 2.75 7.5 9.15
v 2.75 7.25 9.1
v 2.75 7.5 9.1
v 2.75 7.75 9.1
v 2.75 8 9.1
v 2.75 7.75 9.05
v 2.75 8 9.05
v 2.75 8.25 9.05
v 2.75 8.5 9.05
v 2.75 8.25 9
v 2.75 8.5 9
v 2.75 8.75 9.05
v 2.75 8.75 9
v 2.75 9 9.05
v 2.75 9 9
v 2.75 9.25 9.05
v 2.75 9.5 9.05
v 2.75 9.5 9.1
v 2.75 9.75 9.1
v 2.75 10 9.1
v 2.75 10 9.15
v 2.75 10.25 9.15
v 2.75 10.25 9.2
v 2.75 10.5 9.2
v 2.75 10.75 9.2
v 2.75 10.75 9.25
v 2.75 11 9.25
v 2.75 11.25 9.25
v 2.75 11.5 9.25
v 2.75 11.75 9.25
v 2.75 12 9.25
v 3 0 8.8
v 3 0.25 8.8
v 3 0 8.75
v 3 0.25 8.75
v 3 0.5 8.8
v 3 0.5 8.75
v 3 0.75 8.8
v 3 0.75 8.75
v 3 1 8.8
v 3 1 8.75
v 3 1.25 8.8
v 3 1.25 8.75
v 3 1.5 8.75
v 3 1.75 8.75
v 3 2 8.75
v 3 1.75 8.7
v 3 2 8.7
v 3 2.25 8.75
v 3 2.25 8.7
v 3 2.5 8.75
v 3 2.75 8.75
v 3 2.75 8.8
v 3 3 8.8
v 3 3 8.75
v 3 3 8.85
v 3 3.25 8.85
v 3 3.25 8.8
v 3 3.25 8.9
v 3 3.5 8.9
v 3 3.5 8.85
v 3 3.5 8.95
v 3 3.75 8.95
v 3 3.75 9
v 3 4 9
v 3 4 9.1
v 3 4.25 9.1
v 3 4 9.05
v 3 4.25 9.05
v 3 4.25 9.15
v 3 4.5 9.15
v 3 4.5 9.1
v 3 4.5 9.2
v 3 4.75 9.2
v 3 4.75 9.15
v 3 4.75 9.25
v 3 5 9.25
v 3 5 9.2
v 3 5.25 9.25
v 3 5.25 9.3
v 3 5.5 9.3
v 3 5.5 9.25
v 3 5.75 9.3
v 3 5.75 9.25
v 3 6 9.3
v 3 6 9.25
v 3 6.25 9.25
v 3 6.5 9.25
v 3 6.25 9.2
v 3 6.5 9.2
v 3 6.75 9.2
v 3 7 9.2
v 3 6.75 9.15
v 3 7 9.15
v 3 7.25 9.15
v 3 7 9.1
v 3 7.25 9.1
v 3 7.5 9.1
v 3 7.75 9.1
v 3 7.5 9.05
v 3 7.75 9.05
v 3 8 9.05
v 3 8.25 9.05
v 3 8 9
v 3 8.25 9
v 3 8.5 9
v 3 8.75 9
v 3 9 9
v 3 9 9.05
v 3 9.25 9.05
v 3 9.25 9
v 3 9.5 9.05
v 3 9.5 9.1
v 3 9.75 9.1
v 3 9.75 9.05
v 3 10 9.1
v 3 10 9.15
v 3 10.25 9.15
v 3 10.25 9.2
v 3 10.5 9.2
v 3 10.5 9.15
v 3 10.75 9.2
v 3 10.75 9.25
v 3 11 9.25
v 3 11.25 9.25
v 3 11.5 9.25
v 3 11.75 9.25
v 3 12 9.25
v 3.25 0 8.75
v 3.25 0.25 8.75
v 3.25 0.5 8.75
v 3.25 0.75 8.75
v 3.25 1 8.75
v 3.25 1.25 8.75
v 3.25 1.5 8.75
v 3.25 1.75 8.75
v 3.25 1.5 8.7
v 3.25 1.75 8.7
v 3.25 2 8.7
v 3.25 2.25 8.7
v 3.25 2.25 8.75
v 3.25 2.5 8.75
v 3.25 2.5 8.7
v 3.25 2.75 8.75
v 3.25 2.75 8.7
v 3.25 3 8.75
v 3.25 3 8.8
v 3.25 3.25 8.8
v 3.25 3.25 8.85
v 3.25 3.5 8.85
v 3.25 3.5 8.95
v 3.25 3.75 8.95
v 3.25 3.5 8.9
v 3.25 3.75 8.9
v 3.25 3.75 9
v 3.25 4 9
v 3.25 4 8.95
v 3.25 4 9.05
v 3.25 4.25 9.05
v 3.25 4.25 9
v 3.25 4.25 9.1
v 3.25 4.5 9.1
v 3.25 4.5 9.15
v 3.25 4.75 9.15
v 3.25 4.75 9.2
v 3.25 5 9.2
v 3.25 5 9.15
v 3.25 5 9.25
v 3.25 5.25 9.25
v 3.25 5.25 9.2
v 3.25 5.5 9.25
v 3.25 5.5 9.2
v 3.25 5.75 9.25
v 3.25 5.75 9.2
v 3.25 6 9.25
v 3.25 6 9.2
v 3.25 6.25 9.25
v 3.25 6.25 9.2
v 3.25 6.5 9.2
v 3.25 6.25 9.15
v 3.25 6.5 9.15
v 3.25 6.75 9.2
v 3.25 6.75 9.15
v 3.25 7 9.15
v 3.25 6.75 9.1
v 3.25 7 9.1
v 3.25 7.25 9.1
v 3.25 7.5 9.1
v 3.25 7.25 9.05
v 3.25 7.5 9.05
v 3.25 7.75 9.05
v 3.25 8 9.05
v 3.25 7.75 9
v 3.25 8 9
v 3.25 8.25 9
v 3.25 8.5 9
v 3.25 8.75 9
v 3.25 9 9
v 3.25 9.25 9
v 3.25 9.25 9.05
v 3.25 9.5 9.05
v 3.25 9.5 9
v 3.25 9.75 9.05
v 3.25 9.75 9.1
v 3.25 10 9.1
v 3.25 10 9.15
v 3.25 10.25 9.15
v 3.25 10.25 9.1
v 3.25 10.5 9.15
v 3.25 10.5 9.2
v 3.25 10.75 9.2
v 3.25 10.75 9.25
v 3.25 11 9.25
v 3.25 11 9.2
v 3.25 11.25 9.25
v 3.25 11.5 9.25
v 3.25 11.75 9.25
v 3.25 12 9.25
v 3.5 0 8.75
v 3.5 0.25 8.75
v 3.5 0.5 8.75
v 3.5 0.75 8.75
v 3.5 1 8.75
v 3.5 1.25 8.75
v 3.5 1.5 8.75
v 3.5 1.5 8.7
v 3.5 1.75 8.7
v 3.5 2 8.7
v 3.5 2.25 8.7
v 3.5 2.5 8.7
v 3.5 2.75 8.7
v 3.5 2.75 8.75
v 3.5 3 8.75
v 3.5 3 8.7
v 3.5 3 8.8
v 3.5 3.25 8.8
v 3.5 3.25 8.75
v 3.5 3.25 8.85
v 3.5 3.5 8.85
v 3.5 3.5 8.8
v 3.5 3.5 8.9
v 3.5 3.75 8.9
v 3.5 3.75 8.85
v 3.5 3.75 8.95
v 3.5 4 8.95
v 3.5 4 8.9
v 3.5 4 9
v 3.5 4.25 9
v 3.5 4.25 9.1
v 3.5 4.5 9.1
v 3.5 4.25 9.05
v 3.5 4.5 9.05
v 3.5 4.5 9.15
v 3.5 4.75 9.15
v 3.5 4.75 9.1
v 3.5 5 9.15
v 3.5 5 9.2
v 3.5 5.25 9.2
v 3.5 5.25 9.15
v 3.5 5.5 9.2
v 3.5 5.5 9.15
v 3.5 5.75 9.2
v 3.5 6 9.2
v 3.5 5.75 9.15
v 3.5 6 9.15
v 3.5 6.25 9.2
v 3.5 6.25 9.15
v 3.5 6.5 9.15
v 3.5 6.75 9.15
v 3.5 6.5 9.1
v 3.5 6.75 9.1
v 3.5 7 9.1
v 3.5 7.25 9.1
v 3.5 7 9.05
v 3.5 7.25 9.05
v 3.5 7.5 9.05
v 3.5 7.25 9
v 3.5 7.5 9
v 3.5 7.75 9.05
v 3.5 7.75 9
v 3.5 8 9
v 3.5 8.25 9
v 3.5 8 8.95
v 3.5 8.25 8.95
v 3.5 8.5 9
v 3.5 8.5 8.95
v 3.5 8.75 9
v 3.5 8.75 8.95
v 3.5 9 9
v 3.5 9 8.95
v 3.5 9.25 9
v 3.5 9.5 9
v 3.5 9.5 9.05
v 3.5 9.75 9.05
v 3.5 9.75 9
v 3.5 9.75 9.1
v 3.5 10 9.1
v 3.5 10 9.05
v 3.5 10.25 9.1
v 3.5 10.25 9.15
v 3.5 10.5 9.15
v 3.5 10.5 9.2
v 3.5 10.75 9.2
v 3.5 10.75 9.15
v 3.5 11 9.2
v 3.5 11 9.25
v 3.5 11.25 9.25
v 3.5 11.25 9.2
v 3.5 11.5 9.25
v 3.5 11.5 9.2
v 3.5 11.75 9.25
v 3.5 11.75 9.2
v 3.5 12 9.25
v 3.5 12 9.2
v 3.75 0 8.75
v 3.75 0.25 8.75
v 3.75 0.5 8.75
v 3.75 0.75 8.75
v 3.75 1 8.75
v 3.75 1.25 8.75
v 3.75 1.5 8.75
v 3.75 1.25 8.7
v 3.75 1.5 8.7
v 3.75 1.75 8.7
v 3.75 2 8.7
v 3.75 2.25 8.7
v 3.75 2 8.65
v 3.75 2.25 8.65
v 3.75 2.5 8.7
v 3.75 2.5 8.65
v 3.75 2.75 8.7
v 3.75 2.75 8.65
v 3.75 3 8.7
v 3.75 3 8.75
v 3.75 3.25 8.75
v 3.75 3.25 8.8
v 3.75 3.5 8.8
v 3.75 3.5 8.75
v 3.75 3.5 8.85
v 3.75 3.75 8.85
v 3.75 3.75 8.9
v 3.75 4 8.9
v 3.75 4 9
v 3.75 4.25 9
v 3.75 4 8.95
v 3.75 4.25 8.95
v 3.75 4.25 9.05
v 3.75 4.5 9.05
v 3.75 4.5 9
v 3.75 4.5 9.1
v 3.75 4.75 9.1
v 3.75 4.75 9.05
v 3.75 4.75 9.15
v 3.75 5 9.15
v 3.75 5 9.1
v 3.75 5.25 9.15
v 3.75 5.25 9.1
v 3.75 5.5 9.15
v 3.75 5.5 9.2
v 3.75 5.75 9.2
v 3.75 5.75 9.15
v 3.75 6 9.15
v 3.75 6.25 9.15
v 3.75 6 9.1
v 3.75 6.25 9.1
v 3.75 6.5 9.15
v 3.75 6.5 9.1
v 3.75 6.75 9.1
v 3.75 6.5 9.05
v 3.75 6.75 9.05
v 3.75 7 9.1
v 3.75 7 9.05
v 3.75 7.25 9.05
v 3.75 7 9
v 3.75 7.25 9
v 3.75 7.5 9
v 3.75 7.75 9
v 3.75 7.5 8.95
v 3.75 7.75 8.95
v 3.75 8 9
v 3.75 8 8.95
v 3.75 8.25 8.95
v 3.75 8.5 8.95
v 3.75 8.75 8.95
v 3.75 9 8.95
v 3.75 9 9
v 3.75 9.25 9
v 3.75 9.25 8.95
v 3.75 9.5 9
v 3.75 9.5 8.95
v 3.75 9.75 9
v 3.75 9.75 9.05
v 3.75 10 9.05
v 3.75 10 9.1
v 3.75 10.25 9.1
v 3.75 10.25 9.05
v 3.75 10.25 9.15
v 3.75 10.5 9.15
v 3.75 10.5 9.1
v 3.75 10.75 9.15
v 3.75 10.75 9.2
v 3.75 11 9.2
v 3.75 11 9.15
v 3.75 11.25 9.2
v 3.75 11.5 9.2
v 3.75 11.75 9.2
v 3.75 12 9.2
v 4 0 8.75
v 4 0.25 8.75
v 4 0.5 8.75
v 4 0.75 8.75
v 4 1 8.75
v 4 1.25 8.75
v 4 1.25 8.7
v 4 1.5 8.7
v 4 1.75 8.7
v 4 2 8.7
v 4 1.75 8.65
v 4 2 8.65
v 4 2.25 8.65
v 4 2.5 8.65
v 4 2.75 8.65
v 4 2.75 8.7
v 4 3 8.7
v 4 3 8.65
v 4 3 8.75
v 4 3.25 8.75
v 4 3.25 8.7
v 4 3.5 8.75
v 4 3.5 8.85
v 4 3.75 8.85
v 4 3.5 8.8
v 4 3.75 8.8
v 4 3.75 8.9
v 4 4 8.9
v 4 4 8.85
v 4 4 8.95
v 4 4.25 8.95
v 4 4.25 8.9
v 4 4.25 9
v 4 4.5 9
v 4 4.5 8.95
v 4 4.5 9.05
v 4 4.75 9.05
v 4 4.75 9
v 4 4.75 9.1
v 4 5 9.1
v 4 5 9.05
v 4 5.25 9.1
v 4 5.25 9.05
v 4 5.25 9.15
v 4 5.5 9.15
v 4 5.5 9.1
v 4 5.75 9.15
v 4 5.75 9.1
v 4 6 9.15
v 4 6 9.1
v 4 6.25 9.1
v 4 6 9.05
v 4 6.25 9.05
v 4 6.5 9.1
v 4 6.5 9.05
v 4 6.75 9.05
v 4 7 9.05
v 4 6.75 9
v 4 7 9
v 4 7.25 9
v 4 7.5 9
v 4 7.25 8.95
v 4 7.5 8.95
v 4 7.75 8.95
v 4 8 8.95
v 4 8.25 8.95
v 4 8 8.9
v 4 8.25 8.9
v 4 8.5 8.95
v 4 8.5 8.9
v 4 8.75 8.95
v 4 8.75 8.9
v 4 9 8.95
v 4 9 8.9
v 4 9.25 8.95
v 4 9.5 8.95
v 4 9.5 9
v 4 9.75 9
v 4 9.75 8.95
v 4 9.75 9.05
v 4 10 9.05
v 4 10 9
v 4 10.25 9.05
v 4 10.25 9
v 4 10.25 9.1
v 4 10.5 9.1
v 4 10.5 9.05
v 4 10.5 9.15
v 4 10.75 9.15
v 4 10.75 9.1
v 4 11 9.15
v 4 11 9.2
v 4 11.25 9.2
v 4 11.25 9.15
v 4 11.5 9.2
v 4 11.5 9.15
v 4 11.75 9.2
v 4 11.75 9.15
v 4 12 9.2
v 4 12 9.15
v 4.25 0 8.75
v 4.25 0.25 8.75
v 4.25 0.5 8.75
v 4.25 0.75 8.75
v 4.25 1 8.75
v 4.25 1.25 8.75
v 4.25 1.25 8.7
v 4.25 1.5 8.7
v 4.25 1.75 8.7
v 4.25 1.75 8.65
v 4.25 2 8.65
v 4.25 2.25 8.65
v 4.25 2.5 8.65
v 4.25 2.75 8.65
v 4.25 3 8.65
v 4.25 3 8.7
v 4.25 3.25 8.7
v 4.25 3.25 8.75
v 4.25 3.5 8.75
v 4.25 3.5 8.7
v 4.25 3.5 8.8
v 4.25 3.75 8.8
v 4.25 3.75 8.75
v 4.25 3.75 8.85
v 4.25 4 8.85
v 4.25 4 8.9
v 4.25 4.25 8.9
v 4.25 4.25 8.95
v 4.25 4.5 8.95
v 4.25 4.5 9
v 4.25 4.75 9
v 4.25 4.75 9.05
v 4.25 5 9.05
v 4.25 5 9
v 4.25 5.25 9.05
v 4.25 5.25 9.1
v 4.25 5.5 9.1
v 4.25 5.5 9.05
v 4.25 5.75 9.1
v 4.25 5.75 9.05
v 4.25 6 9.1
v 4.25 6 9.05
v 4.25 6.25 9.05
v 4.25 6.5 9.05
v 4.25 6.25 9
v 4.25 6.5 9
v 4.25 6.75 9.05
v 4.25 6.75 9
v 4.25 7 9
v 4.25 7.25 9
v 4.25 7 8.95
v 4.25 7.25 8.95
v 4.25 7.5 8.95
v 4.25 7.75 8.95
v 4.25 8 8.95
v 4.25 7.75 8.9
v 4.25 8 8.9
v 4.25 8.25 8.9
v 4.25 8.5 8.9
v 4.25 8.75 8.9
v 4.25 9 8.9
v 4.25 9 8.95
v 4.25 9.25 8.95
v 4.25 9.25 8.9
v 4.25 9.5 8.95
v 4.25 9.5 8.9
v 4.25 9.75 8.95
v 4.25 9.75 9
v 4.25 10 9
v 4.25 10 8.95
v 4.25 10.25 9
v 4.25 10.25 9.05
v 4.25 10.5 9.05
v 4.25 10.5 9
v 4.25 10.5 9.1
v 4.25 10.75 9.1
v 4.25 10.75 9.05
v 4.25 10.75 9.15
v 4.25 11 9.15
v 4.25 11 9.1
v 4.25 11.25 9.15
v 4.25 11.25 9.1
v 4.25 11.5 9.15
v 4.25 11.5 9.1
v 4.25 11.75 9.15
v 4.25 11.75 9.1
v 4.25 12 9.15
v 4.25 12 9.1
v 4.5 0 8.75
v 4.5 0.25 8.75
v 4.5 0.5 8.75
v 4.5 0.75 8.75
v 4.5 1 8.75
v 4.5 1.25 8.75
v 4.5 1.25 8.7
v 4.5 1.5 8.7
v 4.5 1.75 8.7
v 4.5 1.5 8.65
v 4.5 1.75 8.65
v 4.5 2 8.65
v 4.5 2.25 8.65
v 4.5 2.5 8.65
v 4.5 2.25 8.6
v 4.5 2.5 8.6
v 4.5 2.75 8.65
v 4.5 2.75 8.6
v 4.5 3 8.65
v 4.5 3 8.7
v 4.5 3.25 8.7
v 4.5 3.25 8.65
v 4.5 3.5 8.7
v 4.5 3.5 8.75
v 4.5 3.75 8.75
v 4.5 3.75 8.85
v 4.5 4 8.85
v 4.5 3.75 8.8
v 4.5 4 8.8
v 4.5 4 8.9
v 4.5 4.25 8.9
v 4.5 4.25 8.85
v 4.5 4.25 8.95
v 4.5 4.5 8.95
v 4.5 4.5 8.9
v 4.5 4.5 9
v 4.5 4.75 9
v 4.5 4.75 8.95
v 4.5 5 9
v 4.5 5 9.05
v 4.5 5.25 9.05
v 4.5 5.25 9
v 4.5 5.5 9.05
v 4.5 5.5 9
v 4.5 5.75 9.05
v 4.5 5.75 9
v 4.5 6 9.05
v 4.5 6 9
v 4.5 6.25 9.05
v 4.5 6.25 9
v 4.5 6.5 9
v 4.5 6.75 9
v 4.5 7 9
v 4.5 6.75 8.95
v 4.5 7 8.95
v 4.5 7.25 8.95
v 4.5 7.5 8.95
v 4.5 7.75 8.95
v 4.5 7.5 8.9
v 4.5 7.75 8.9
v 4.5 8 8.9
v 4.5 8.25 8.9
v 4.5 8.5 8.9
v 4.5 8.75 8.9
v 4.5 9 8.9
v 4.5 9.25 8.9
v 4.5 9.5 8.9
v 4.5 9.5 8.95
v 4.5 9.75 8.95
v 4.5 9.75 8.9
v 4.5 10 8.95
v 4.5 10 9
v 4.5 10.25 9
v 4.5 10.25 8.95
v 4.5 10.5 9
v 4.5 10.5 9.05
v 4.5 10.75 9.05
v 4.5 10.75 9
v 4.5 10.75 9.1
v 4.5 11 9.1
v 4.5 11 9.05
v 4.5 11.25 9.1
v 4.5 11.25 9.05
v 4.5 11.5 9.1
v 4.5 11.5 9.05
v 4.5 11.75 9.1
v 4.5 11.75 9.05
v 4.5 12 9.1
v 4.5 12 9.05
v 4.75 0 8.75
v 4.75 0.25 8.75
v 4.75 0.5 8.75
v 4.75 0.75 8.75
v 4.75 1 8.75
v 4.75 1.25 8.75
v 4.75 1 8.7
v 4.75 1.25 8.7
v 4.75 1.5 8.7
v 4.75 1.5 8.65
v 4.75 1.75 8.65
v 4.75 2 8.65
v 4.75 2.25 8.65
v 4.75 2 8.6
v 4.75 2.25 8.6
v 4.75 2.5 8.6
v 4.75 2.75 8.6
v 4.75 2.75 8.65
v 4.75 3 8.65
v 4.75 3.25 8.65
v 4.75 3.25 8.7
v 4.75 3.5 8.7
v 4.75 3.5 8.75
v 4.75 3.75 8.75
v 4.75 3.75 8.8
v 4.75 4 8.8
v 4.75 4 8.85
v 4.75 4.25 8.85
v 4.75 4.25 8.9
v 4.75 4.5 8.9
v 4.75 4.5 8.95
v 4.75 4.75 8.95
v 4.75 4.75 9
v 4.75 5 9
v 4.75 5 8.95
v 4.75 5.25 9
v 4.75 5.5 9
v 4.75 5.75 9
v 4.75 6 9
v 4.75 6.25 9
v 4.75 6.5 9
v 4.75 6.75 9
v 4.75 6.5 8.95
v 4.75 6.75 8.95
v 4.75 7 8.95
v 4.75 7.25 8.95
v 4.75 7.5 8.95
v 4.75 7.5 8.9
v 4.75 7.75 8.9
v 4.75 8 8.9
v 4.75 8.25 8.9
v 4.75 8.5 8.9
v 4.75 8.75 8.9
v 4.75 9 8.9
v 4.75 9.25 8.9
v 4.75 9.5 8.9
v 4.75 9.75 8.9
v 4.75 9.75 8.95
v 4.75 10 8.95
v 4.75 10 8.9
v 4.75 10.25 8.95
v 4.75 10.25 8.9
v 4.75 10.25 9
v 4.75 10.5 9
v 4.75 10.5 8.95
v 4.75 10.75 9
v 4.75 10.75 9.05
v 4.75 11 9.05
v 4.75 11 9
v 4.75 11.25 9.05
v 4.75 11.25 9
v 4.75 11.5 9.05
v 4.75 11.5 9
v 4.75 11.75 9.05
v 4.75 11.75 9
v 4.75 12 9.05
v 4.75 12 9
v 5 0 8.75
v 5 0.25 8.75
v 5 0.5 8.75
v 5 0.75 8.75
v 5 1 8.75
v 5 1 8.7
v 5 1.25 8.7
v 5 1.5 8.7
v 5 1.5 8.65
v 5 1.75 8.65
v 5 2 8.65
v 5 2 8.6
v 5 2.25 8.6
v 5 2.5 8.6
v 5 2.75 8.6
v 5 2.75 8.65
v 5 3 8.65
v 5 3.25 8.65
v 5 3.25 8.7
v 5 3.5 8.7
v 5 3.5 8.75
v 5 3.75 8.75
v 5 3.75 8.8
v 5 4 8.8
v 5 4 8.85
v 5 4.25 8.85
v 5 4.25 8.9
v 5 4.5 8.9
v 5 4.5 8.85
v 5 4.5 8.95
v 5 4.75 8.95
v 5 4.75 8.9
v 5 5 8.95
v 5 5 9
v 5 5.25 9
v 5 5.25 8.95
v 5 5.5 9
v 5 5.75 9
v 5 6 9
v 5 6.25 9
v 5 6.5 9
v 5 6.25 8.95
v 5 6.5 8.95
v 5 6.75 8.95
v 5 7 8.95
v 5 7.25 8.95
v 5 7.5 8.95
v 5 7.5 8.9
v 5 7.75 8.9
v 5 7.75 8.95
v 5 8 8.9
v 5 8.25 8.9
v 5 8.5 8.9
v 5 8.75 8.9
v 5 9 8.9
v 5 9.25 8.9
v 5 9.5 8.9
v 5 9.75 8.9
v 5 10 8.9
v 5 10.25 8.9
v 5 10.25 8.95
v 5 10.5 8.95
v 5 10.5 8.9
v 5 10.5 9
v 5 10.75 9
v 5 10.75 8.95
v 5 11 9
v 5 11 8.95
v 5 11.25 9
v 5 11.5 9
v 5 11.75 9
v 5 12 9
v 5.25 0 8.75
v 5.25 0.25 8.75
v 5.25 0.5 8.75
v 5.25 0.75 8.75
v 5.25 1 8.75
v 5.25 1 8.7
v 5.25 1.25 8.7
v 5.25 1.25 8.75
v 5.25 1.5 8.7
v 5.25 1.5 8.65
v 5.25 1.75 8.65
v 5.25 2 8.65
v 5.25 2 8.6
v 5.25 2.25 8.6
v 5.25 2.25 8.65
v 5.25 2.5 8.6
v 5.25 2.75 8.6
v 5.25 2.5 8.65
v 5.25 2.75 8.65
v 5.25 3 8.65
v 5.25 3.25 8.65
v 5.25 3.25 8.7
v 5.25 3.5 8.7
v 5.25 3.5 8.75
v 5.25 3.75 8.75
v 5.25 3.75 8.8
v 5.25 4 8.8
v 5.25 4 8.85
v 5.25 4.25 8.85
v 5.25 4.25 8.8
v 5.25 4.5 8.85
v 5.25 4.5 8.9
v 5.25 4.75 8.9
v 5.25 4.75 8.95
v 5.25 5 8.95
v 5.25 5.25 8.95
v 5.25 5.25 9
v 5.25 5.5 9
v 5.25 5.5 8.95
v 5.25 5.75 9
v 5.25 6 9
v 5.25 6.25 9
v 5.25 6.25 8.95
v 5.25 6.5 8.95
v 5.25 6.5 9
v 5.25 6.75 8.95
v 5.25 7 8.95
v 5.25 7.25 8.95
v 5.25 7.5 8.95
v 5.25 7.75 8.95
v 5.25 7.75 8.9
v 5.25 8 8.9
v 5.25 8 8.95
v 5.25 8.25 8.9
v 5.25 8.25 8.95
v 5.25 8.5 8.9
v 5.25 8.5 8.95
v 5.25 8.75 8.9
v 5.25 9 8.9
v 5.25 9.25 8.9
v 5.25 9.5 8.9
v 5.25 9.75 8.9
v 5.25 10 8.9
v 5.25 10.25 8.9
v 5.25 10.5 8.9
v 5.25 10.5 8.95
v 5.25 10.75 8.95
v 5.25 10.75 8.9
v 5.25 11 8.95
v 5.25 11 9
v 5.25 11.25 9
v 5.25 11.25 8.95
v 5.25 11.5 9
v 5.25 11.5 8.95
v 5.25 11.75 9
v 5.25 11.75 8.95
v 5.25 12 9
v 5.25 12 8.95
v 5.5 0 8.75
v 5.5 0.25 8.75
v 5.5 0.5 8.75
v 5.5 0.75 8.75
v 5.5 1 8.75
v 5.5 1.25 8.75
v 5.5 1.25 8.7
v 5.5 1.5 8.7
v 5.5 1.5 8.65
v 5.5 1.75 8.65
v 5.5 1.75 8.7
v 5.5 2 8.65
v 5.5 2.25 8.65
v 5.5 2.25 8.6
v 5.5 2.5 8.6
v 5.5 2.5 8.65
v 5.5 2.75 8.65
v 5.5 3 8.65
v 5.5 3.25 8.65
v 5.5 3 8.7
v 5.5 3.25 8.7
v 5.5 3.5 8.7
v 5.5 3.5 8.75
v 5.5 3.75 8.75
v 5.5 3.75 8.8
v 5.5 4 8.8
v 5.5 4.25 8.8
v 5.5 4.25 8.85
v 5.5 4.5 8.85
v 5.5 4.5 8.9
v 5.5 4.75 8.9
v 5.5 4.75 8.95
v 5.5 5 8.95
v 5.5 5.25 8.95
v 5.5 5.5 8.95
v 5.5 5.5 9
v 5.5 5.75 9
v 5.5 5.75 8.95
v 5.5 6 9
v 5.5 6.25 9
v 5.5 6.5 9
v 5.5 6.5 8.95
v 5.5 6.75 8.95
v 5.5 6.75 9
v 5.5 7 8.95
v 5.5 7 9
v 5.5 7.25 8.95
v 5.5 7.25 9
v 5.5 7.5 8.95
v 5.5 7.5 9
v 5.5 7.75 8.95
v 5.5 7.75 9
v 5.5 8 8.95
v 5.5 8 9
v 5.5 8.25 8.95
v 5.5 8.5 8.95
v 5.5 8.5 8.9
v 5.5 8.75 8.9
v 5.5 8.75 8.95
v 5.5 9 8.9
v 5.5 9 8.95
v 5.5 9.25 8.9
v 5.5 9.5 8.9
v 5.5 9.75 8.9
v 5.5 10 8.9
v 5.5 10.25 8.9
v 5.5 10.5 8.9
v 5.5 10.75 8.9
v 5.5 10.75 8.95
v 5.5 11 8.95
v 5.5 11 8.9
v 5.5 11.25 8.95
v 5.5 11.25 8.9
v 5.5 11.5 8.95
v 5.5 11.5 8.9
v 5.5 11.75 8.95
v 5.5 11.75 8.9
v 5.5 12 8.95
v 5.5 12 8.9
v 5.75 0 8.75
v 5.75 0.25 8.75
v 5.75 0 8.8
v 5.75 0.25 8.8
v 5.75 0.5 8.75
v 5.75 0.5 8.8
v 5.75 0.75 8.75
v 5.75 0.75 8.8
v 5.75 1 8.75
v 5.75 1 8.8
v 5.75 1.25 8.75
v 5.75 1.25 8.8
v 5.75 1.25 8.7
v 5.75 1.5 8.7
v 5.75 1.5 8.75
v 5.75 1.75 8.7
v 5.75 1.75 8.75
v 5.75 1.75 8.65
v 5.75 2 8.65
v 5.75 2 8.7
v 5.75 2.25 8.65
v 5.75 2.25 8.7
v 5.75 2.5 8.65
v 5.75 2.5 8.7
v 5.75 2.75 8.65
v 5.75 2.75 8.7
v 5.75 3 8.65
v 5.75 3 8.7
v 5.75 3.25 8.7
v 5.75 3.5 8.7
v 5.75 3.25 8.75
v 5.75 3.5 8.75
v 5.75 3.75 8.75
v 5.75 3.75 8.8
v 5.75 4 8.8
v 5.75 4.25 8.8
v 5.75 4 8.85
v 5.75 4.25 8.85
v 5.75 4.5 8.85
v 5.75 4.5 8.9
v 5.75 4.75 8.9
v 5.75 4.75 8.95
v 5.75 5 8.95
v 5.75 5 8.9
v 5.75 5.25 8.95
v 5.75 5.5 8.95
v 5.75 5.75 8.95
v 5.75 5.75 9
v 5.75 6 9
v 5.75 6.25 9
v 5.75 6.5 9
v 5.75 6.75 9
v 5.75 7 9
v 5.75 7.25 9
v 5.75 7.5 9
v 5.75 7.75 9
v 5.75 8 9
v 5.75 8 8.95
v 5.75 8.25 8.95
v 5.75 8.25 9
v 5.75 8.5 8.95
v 5.75 8.5 9
v 5.75 8.75 8.95
v 5.75 8.75 9
v 5.75 9 8.95
v 5.75 9 9
v 5.75 9 8.9
v 5.75 9.25 8.9
v 5.75 9.25 8.95
v 5.75 9.5 8.9
v 5.75 9.5 8.95
v 5.75 9.75 8.9
v 5.75 9.75 8.95
v 5.75 10 8.9
v 5.75 10.25 8.9
v 5.75 10.5 8.9
v 5.75 10.75 8.9
v 5.75 11 8.9
v 5.75 11.25 8.9
v 5.75 11.5 8.9
v 5.75 11.75 8.9
v 5.75 12 8.9
v 6 0 8.8
v 6 0.25 8.8
v 6 0 8.85
v 6 0.25 8.85
v 6 0.5 8.8
v 6 0.5 8.85
v 6 0.75 8.8
v 6 0.75 8.85
v 6 1 8.8
v 6 1 8.85
v 6 1.25 8.8
v 6 1.25 8.75
v 6 1.5 8.75
v 6 1.5 8.8
v 6 1.75 8.75
v 6 1.75 8.8
v 6 1.75 8.7
v 6 2 8.7
v 6 2 8.75
v 6 2.25 8.7
v 6 2.25 8.75
v 6 2.5 8.7
v 6 2.5 8.75
v 6 2.75 8.7
v 6 2.75 8.75
v 6 3 8.7
v 6 3 8.75
v 6 3.25 8.7
v 6 3.25 8.75
v 6 3.5 8.75
v 6 3.75 8.75
v 6 3.5 8.8
v 6 3.75 8.8
v 6 4 8.8
v 6 4 8.85
v 6 4.25 8.85
v 6 4.5 8.85
v 6 4.5 8.9
v 6 4.75 8.9
v 6 5 8.9
v 6 5 8.95
v 6 5.25 8.95
v 6 5.5 8.95
v 6 5.75 8.95
v 6 5.75 9
v 6 6 9
v 6 6.25 9
v 6 6.5 9
v 6 6.75 9
v 6 7 9
v 6 6.75 9.05
v 6 7 9.05
v 6 7.25 9
v 6 7.25 9.05
v 6 7.5 9
v 6 7.5 9.05
v 6 7.75 9
v 6 7.75 9.05
v 6 8 9
v 6 8 9.05
v 6 8.25 9
v 6 8.25 9.05
v 6 8.5 9
v 6 8.5 9.05
v 6 8.75 9
v 6 8.75 9.05
v 6 9 9
v 6 9 8.95
v 6 9.25 8.95
v 6 9.25 9
v 6 9.5 8.95
v 6 9.5 9
v 6 9.75 8.95
v 6 9.75 8.9
v 6 10 8.9
v 6 10 8.95
v 6 10.25 8.9
v 6 10.25 8.95
v 6 10.5 8.9
v 6 10.75 8.9
v 6 11 8.9
v 6 11.25 8.9
v 6 11.5 8.9
v 6 11.75 8.9
v 6 12 8.9
v 6.25 0 8.85
v 6.25 0.25 8.85
v 6.25 0 8.9
v 6.25 0.25 8.9
v 6.25 0.5 8.85
v 6.25 0.5 8.9
v 6.25 0.75 8.85
v 6.25 0.75 8.9
v 6.25 1 8.85
v 6.25 1 8.9
v 6.25 1 8.8
v 6.25 1.25 8.8
v 6.25 1.25 8.9
v 6.25 1.5 8.8
v 6.25 1.25 8.85
v 6.25 1.5 8.85
v 6.25 1.75 8.8
v 6.25 1.75 8.85
v 6.25 1.75 8.75
v 6.25 2 8.75
v 6.25 2 8.85
v 6.25 2.25 8.75
v 6.25 2 8.8
v 6.25 2.25 8.8
v 6.25 2.5 8.75
v 6.25 2.5 8.8
v 6.25 2.75 8.75
v 6.25 2.75 8.8
v 6.25 3 8.75
v 6.25 3 8.8
v 6.25 3.25 8.75
v 6.25 3.25 8.8
v 6.25 3.5 8.75
v 6.25 3.5 8.8
v 6.25 3.75 8.8
v 6.25 4 8.8
v 6.25 3.75 8.85
v 6.25 4 8.85
v 6.25 4.25 8.85
v 6.25 4.5 8.85
v 6.25 4.25 8.9
v 6.25 4.5 8.9
v 6.25 4.75 8.9
v 6.25 5 8.9
v 6.25 5 8.95
v 6.25 5.25 8.95
v 6.25 5.5 8.95
v 6.25 5.75 8.95
v 6.25 5.75 9
v 6.25 6 9
v 6.25 6.25 9
v 6.25 6.5 9
v 6.25 6.75 9
v 6.25 6.5 9.05
v 6.25 6.75 9.05
v 6.25 7 9.05
v 6.25 7.25 9.05
v 6.25 7.5 9.05
v 6.25 7.75 9.05
v 6.25 7.5 9.1
v 6.25 7.75 9.1
v 6.25 8 9.05
v 6.25 8 9.1
v 6.25 8.25 9.05
v 6.25 8.25 9.1
v 6.25 8.5 9.05
v 6.25 8.5 9.1
v 6.25 8.75 9.05
v 6.25 8.75 9.1
v 6.25 8.75 9
v 6.25 9 9
v 6.25 9 9.1
v 6.25 9.25 9
v 6.25 9 9.05
v 6.25 9.25 9.05
v 6.25 9.5 9
v 6.25 9.5 9.05
v 6.25 9.5 8.95
v 6.25 9.75 8.95
v 6.25 9.75 9
v 6.25 10 8.95
v 6.25 10 9
v 6.25 10.25 8.95
v 6.25 10.25 8.9
v 6.25 10.5 8.9
v 6.25 10.5 8.95
v 6.25 10.75 8.9
v 6.25 10.75 8.95
v 6.25 11 8.9
v 6.25 11.25 8.9
v 6.25 11.5 8.9
v 6.25 11.75 8.9
v 6.25 12 8.9
v 6.5 0 8.9
v 6.5 0.25 8.9
v 6.5 0 8.95
v 6.5 0.25 8.95
v 6.5 0.5 8.9
v 6.5 0.5 8.95
v 6.5 0.75 8.9
v 6.5 0.75 8.95
v 6.5 1 8.9
v 6.5 1 8.95
v 6.5 1.25 8.9
v 6.5 1.25 8.95
v 6.5 1.25 8.85
v 6.5 1.5 8.85
v 6.5 1.5 8.95
v 6.5 1.75 8.85
v 6.5 1.75 8.95
v 6.5 2 8.85
v 6.5 1.75 8.9
v 6.5 2 8.9
v 6.5 2 8.8
v 6.5 2.25 8.8
v 6.5 2.25 8.9
v 6.5 2.5 8.8
v 6.5 2.25 8.85
v 6.5 2.5 8.85
v 6.5 2.75 8.8
v 6.5 2.75 8.85
v 6.5 3 8.8
v 6.5 3 8.85
v 6.5 3.25 8.8
v 6.5 3.25 8.85
v 6.5 3.5 8.8
v 6.5 3.5 8.85
v 6.5 3.75 8.8
v 6.5 3.75 8.85
v 6.5 4 8.85
v 6.5 4.25 8.85
v 6.5 4 8.9
v 6.5 4.25 8.9
v 6.5 4.5 8.9
v 6.5 4.75 8.9
v 6.5 5 8.9
v 6.5 5 8.95
v 6.5 5.25 8.95
v 6.5 5.5 8.95
v 6.5 5.75 8.95
v 6.5 5.75 9
v 6.5 6 9
v 6.5 6.25 9
v 6.5 6.5 9
v 6.5 6.5 9.05
v 6.5 6.75 9.05
v 6.5 7 9.05
v 6.5 7.25 9.05
v 6.5 7.5 9.05
v 6.5 7.25 9.1
v 6.5 7.5 9.1
v 6.5 7.75 9.1
v 6.5 8 9.1
v 6.5 8.25 9.1
v 6.5 8 9.15
v 6.5 8.25 9.15
v 6.5 8.5 9.1
v 6.5 8.5 9.15
v 6.5 8.75 9.1
v 6.5 8.75 9.15
v 6.5 9 9.1
v 6.5 9 9.05
v 6.5 9.25 9.05
v 6.5 9.25 9.1
v 6.5 9.5 9.05
v 6.5 9.5 9.1
v 6.5 9.5 9
v 6.5 9.75 9
v 6.5 9.75 9.05
v 6.5 10 9
v 6.5 10 9.05
v 6.5 10 8.95
v 6.5 10.25 8.95
v 6.5 10.25 9
v 6.5 10.5 8.95
v 6.5 10.5 9
v 6.5 10.75 8.95
v 6.5 10.75 8.9
v 6.5 11 8.9
v 6.5 11 8.95
v 6.5 11.25 8.9
v 6.5 11.25 8.95
v 6.5 11.5 8.9
v 6.5 11.5 8.95
v 6.5 11.75 8.9
v 6.5 11.75 8.95
v 6.5 12 8.9
v 6.5 12 8.95
v 6.75 0 8.95
v 6.75 0.25 8.95
v 6.75 0 9.05
v 6.75 0.25 9.05
v 6.75 0.5 8.95
v 6.75 0.5 9.05
v 6.75 0.75 8.95
v 6.75 0.75 9.05
v 6.75 1 8.95
v 6.75 1 9.05
v 6.75 1.25 8.95
v 6.75 1.25 9.05
v 6.75 1.5 8.95
v 6.75 1.5 9.05
v 6.75 1.75 8.95
v 6.75 1.5 9
v 6.75 1.75 9
v 6.75 1.75 8.9
v 6.75 2 8.9
v 6.75 2 9
v 6.75 2.25 8.9
v 6.75 2 8.95
v 6.75 2.25 8.95
v 6.75 2.25 8.85
v 6.75 2.5 8.85
v 6.75 2.5 8.95
v 6.75 2.75 8.85
v 6.75 2.75 8.95
v 6.75 3 8.85
v 6.75 2.75 8.9
v 6.75 3 8.9
v 6.75 3.25 8.85
v 6.75 3.25 8.9
v 6.75 3.5 8.85
v 6.75 3.5 8.9
v 6.75 3.75 8.85
v 6.75 3.75 8.9
v 6.75 4 8.85
v 6.75 4 8.9
v 6.75 4.25 8.9
v 6.75 4.5 8.9
v 6.75 4.75 8.9
v 6.75 5 8.9
v 6.75 4.75 8.95
v 6.75 5 8.95
v 6.75 5.25 8.95
v 6.75 5.5 8.95
v 6.75 5.75 8.95
v 6.75 5.75 9
v 6.75 6 9
v 6.75 6.25 9
v 6.75 6.5 9
v 6.75 6.5 9.05
v 6.75 6.75 9.05
v 6.75 7 9.05
v 6.75 7.25 9.05
v 6.75 7 9.1
v 6.75 7.25 9.1
v 6.75 7.5 9.1
v 6.75 7.75 9.1
v 6.75 8 9.1
v 6.75 7.75 9.15
v 6.75 8 9.15
v 6.75 8.25 9.15
v 6.75 8.5 9.15
v 6.75 8.75 9.15
v 6.75 8.75 9.1
v 6.75 9 9.1
v 6.75 9 9.15
v 6.75 9.25 9.1
v 6.75 9.25 9.15
v 6.75 9.5 9.1
v 6.75 9.5 9.15
v 6.75 9.5 9.05
v 6.75 9.75 9.05
v 6.75 9.75 9.1
v 6.75 10 9.05
v 6.75 10 9.1
v 6.75 10 9
v 6.75 10.25 9
v 6.75 10.25 9.05
v 6.75 10.5 9
v 6.75 10.5 9.05
v 6.75 10.5 8.95
v 6.75 10.75 8.95
v 6.75 10.75 9
v 6.75 11 8.95
v 6.75 11 9
v 6.75 11.25 8.95
v 6.75 11.5 8.95
v 6.75 11.75 8.95
v 6.75 12 8.95
v 7 0 9.05
v 7 0.25 9.05
v 7 0 9.15
v 7 0.25 9.15
v 7 0.5 9.05
v 7 0.5 9.15
v 7 0.75 9.05
v 7 0.75 9.15
v 7 1 9.05
v 7 1 9.15
v 7 1.25 9.05
v 7 1.25 9.15
v 7 1.5 9.05
v 7 1.25 9.1
v 7 1.5 9.1
v 7 1.5 9
v 7 1.75 9
v 7 1.75 9.1
v 7 2 9
v 7 2 9.1
v 7 2 8.95
v 7 2.25 8.95
v 7 2 9.05
v 7 2.25 9.05
v 7 2.5 8.95
v 7 2.5 9.05
v 7 2.75 8.95
v 7 2.5 9
v 7 2.75 9
v 7 2.75 8.9
v 7 3 8.9
v 7 3 9
v 7 3.25 8.9
v 7 3 8.95
v 7 3.25 8.95
v 7 3.5 8.9
v 7 3.5 8.95
v 7 3.75 8.9
v 7 3.75 8.95
v 7 4 8.9
v 7 4 8.95
v 7 4.25 8.9
v 7 4.25 8.95
v 7 4.5 8.9
v 7 4.5 8.95
v 7 4.75 8.9
v 7 4.75 8.95
v 7 5 8.95
v 7 5.25 8.95
v 7 5.5 8.95
v 7 5.75 8.95
v 7 5.75 9
v 7 6 9
v 7 6 8.95
v 7 6.25 9
v 7 6.5 9
v 7 6.5 9.05
v 7 6.75 9.05
v 7 7 9.05
v 7 7 9.1
v 7 7.25 9.1
v 7 7.5 9.1
v 7 7.75 9.1
v 7 7.5 9.15
v 7 7.75 9.15
v 7 8 9.15
v 7 8.25 9.15
v 7 8.5 9.15
v 7 8.25 9.2
v 7 8.5 9.2
v 7 8.75 9.15
v 7 8.75 9.2
v 7 9 9.15
v 7 9 9.2
v 7 9.25 9.15
v 7 9.25 9.2
v 7 9.5 9.15
v 7 9.5 9.2
v 7 9.5 9.1
v 7 9.75 9.1
v 7 9.75 9.15
v 7 10 9.1
v 7 10 9.15
v 7 10 9.05
v 7 10.25 9.05
v 7 10.25 9.1
v 7 10.5 9.05
v 7 10.5 9.1
v 7 10.5 9
v 7 10.75 9
v 7 10.75 9.05
v 7 11 9
v 7 11 8.95
v 7 11.25 8.95
v 7 11.25 9
v 7 11.5 8.95
v 7 11.5 9
v 7 11.75 8.95
v 7 11.75 9
v 7 12 8.95
v 7 12 9
v 7.25 0 9.15
v 7.25 0.25 9.15
v 7.25 0 9.25
v 7.25 0.25 9.25
v 7.25 0.5 9.15
v 7.25 0.5 9.25
v 7.25 0.75 9.15
v 7.25 0.75 9.25
v 7.25 1 9.15
v 7.25 1 9.25
v 7.25 1.25 9.15
v 7.25 1 9.2
v 7.25 1.25 9.2
v 7.25 1.25 9.1
v 7.25 1.5 9.1
v 7.25 1.5 9.2
v 7.25 1.75 9.1
v 7.25 1.75 9.2
v 7.25 2 9.1
v 7.25 1.75 9.15
v 7.25 2 9.15
v 7.25 2 9.05
v 7.25 2.25 9.05
v 7.25 2.25 9.15
v 7.25 2.5 9.05
v 7.25 2.25 9.1
v 7.25 2.5 9.1
v 7.25 2.5 9
v 7.25 2.75 9
v 7.25 2.75 9.05
v 7.25 3 9
v 7.25 3 9.05
v 7.25 3 8.95
v 7.25 3.25 8.95
v 7.25 3.25 9
v 7.25 3.5 8.95
v 7.25 3.5 9
v 7.25 3.75 8.95
v 7.25 3.75 9
v 7.25 4 8.95
v 7.25 4.25 8.95
v 7.25 4.5 8.95
v 7.25 4.75 8.95
v 7.25 5 8.95
v 7.25 5.25 8.95
v 7.25 5.5 8.95
v 7.25 5.75 8.95
v 7.25 6 8.95
v 7.25 6 9
v 7.25 6.25 9
v 7.25 6.5 9
v 7.25 6.5 9.05
v 7.25 6.75 9.05
v 7.25 6.75 9
v 7.25 7 9.05
v 7.25 7 9.1
v 7.25 7.25 9.1
v 7.25 7.25 9.05
v 7.25 7.5 9.1
v 7.25 7.5 9.15
v 7.25 7.75 9.15
v 7.25 7.75 9.1
v 7.25 8 9.15
v 7.25 8.25 9.15
v 7.25 8.25 9.2
v 7.25 8.5 9.2
v 7.25 8.75 9.2
v 7.25 9 9.2
v 7.25 9.25 9.2
v 7.25 9 9.25
v 7.25 9.25 9.25
v 7.25 9.5 9.2
v 7.25 9.5 9.15
v 7.25 9.75 9.15
v 7.25 9.75 9.2
v 7.25 10 9.15
v 7.25 10 9.2
v 7.25 10 9.1
v 7.25 10.25 9.1
v 7.25 10.25 9.15
v 7.25 10.5 9.1
v 7.25 10.5 9.05
v 7.25 10.75 9.05
v 7.25 10.75 9.1
v 7.25 10.75 9
v 7.25 11 9
v 7.25 11 9.05
v 7.25 11.25 9
v 7.25 11.25 9.05
v 7.25 11.5 9
v 7.25 11.5 9.05
v 7.25 11.75 9
v 7.25 11.75 9.05
v 7.25 12 9
v 7.25 12 9.05
v 7.5 0 9.25
v 7.5 0.25 9.25
v 7.5 0 9.3
v 7.5 0.25 9.3
v 7.5 0.5 9.25
v 7.5 0.5 9.3
v 7.5 0.75 9.25
v 7.5 0.75 9.3
v 7.5 1 9.25
v 7.5 1 9.3
v 7.5 1 9.2
v 7.5 1.25 9.2
v 7.5 1.25 9.3
v 7.5 1.5 9.2
v 7.5 1.25 9.25
v 7.5 1.5 9.25
v 7.5 1.75 9.2
v 7.5 1.75 9.25
v 7.5 1.75 9.15
v 7.5 2 9.15
v 7.5 2 9.2
v 7.5 2.25 9.15
v 7.5 2.25 9.2
v 7.5 2.25 9.1
v 7.5 2.5 9.1
v 7.5 2.5 9.15
v 7.5 2.5 9.05
v 7.5 2.75 9.05
v 7.5 2.75 9.15
v 7.5 3 9.05
v 7.5 2.75 9.1
v 7.5 3 9.1
v 7.5 3 9
v 7.5 3.25 9
v 7.5 3.25 9.05
v 7.5 3.5 9
v 7.5 3.5 9.05
v 7.5 3.75 9
v 7.5 3.75 8.95
v 7.5 4 8.95
v 7.5 4 9
v 7.5 4.25 8.95
v 7.5 4.25 9
v 7.5 4.5 8.95
v 7.5 4.75 8.95
v 7.5 5 8.95
v 7.5 5.25 8.95
v 7.5 5.5 8.95
v 7.5 5.75 8.95
v 7.5 6 8.95
v 7.5 6 9
v 7.5 6.25 9
v 7.5 6.25 8.95
v 7.5 6.5 9
v 7.5 6.75 9
v 7.5 6.75 9.05
v 7.5 7 9.05
v 7.5 7 9
v 7.5 7.25 9.05
v 7.5 7.25 9.1
v 7.5 7.5 9.1
v 7.5 7.5 9.05
v 7.5 7.75 9.1
v 7.5 7.75 9.15
v 7.5 8 9.15
v 7.5 8.25 9.15
v 7.5 8.25 9.2
v 7.5 8.5 9.2
v 7.5 8.75 9.2
v 7.5 9 9.2
v 7.5 8.75 9.25
v 7.5 9 9.25
v 7.5 9.25 9.25
v 7.5 9.25 9.2
v 7.5 9.5 9.2
v 7.5 9.5 9.25
v 7.5 9.75 9.2
v 7.5 9.75 9.25
v 7.5 10 9.2
v 7.5 10 9.15
v 7.5 10.25 9.15
v 7.5 10.25 9.2
v 7.5 10.25 9.1
v 7.5 10.5 9.1
v 7.5 10.5 9.15
v 7.5 10.75 9.1
v 7.5 10.75 9.05
v 7.5 11 9.05
v 7.5 11 9.1
v 7.5 11.25 9.05
v 7.5 11.5 9.05
v 7.5 11.75 9.05
v 7.5 12 9.05
v 7.75 0 9.3
v 7.75 0.25 9.3
v 7.75 0 9.35
v 7.75 0.25 9.35
v 7.75 0.5 9.3
v 7.75 0.5 9.35
v 7.75 0.75 9.3
v 7.75 0.75 9.35
v 7.75 1 9.3
v 7.75 1 9.35
v 7.75 1.25 9.3
v 7.75 1.25 9.35
v 7.75 1.25 9.25
v 7.75 1.5 9.25
v 7.75 1.5 9.3
v 7.75 1.75 9.25
v 7.75 1.75 9.3
v 7.75 1.75 9.2
v 7.75 2 9.2
v 7.75 2 9.25
v 7.75 2.25 9.2
v 7.75 2.25 9.25
v 7.75 2.25 9.15
v 7.75 2.5 9.15
v 7.75 2.5 9.2
v 7.75 2.75 9.15
v 7.75 2.75 9.1
v 7.75 3 9.1
v 7.75 3 9.15
v 7.75 3 9.05
v 7.75 3.25 9.05
v 7.75 3.25 9.1
v 7.75 3.5 9.05
v 7.75 3.5 9.1
v 7.75 3.5 9
v 7.75 3.75 9
v 7.75 3.75 9.05
v 7.75 4 9
v 7.75 4 9.05
v 7.75 4.25 9
v 7.75 4.25 8.95
v 7.75 4.5 8.95
v 7.75 4.5 9
v 7.75 4.75 8.95
v 7.75 4.75 9
v 7.75 5 8.95
v 7.75 5.25 8.95
v 7.75 5.5 8.95
v 7.75 5.75 8.95
v 7.75 6 8.95
v 7.75 6.25 8.95
v 7.75 6.25 9
v 7.75 6.5 9
v 7.75 6.5 8.95
v 7.75 6.75 9
v 7.75 6.75 8.95
v 7.75 7 9
v 7.75 7 9.05
v 7.75 7.25 9.05
v 7.75 7.25 9
v 7.75 7.5 9.05
v 7.75 7.5 9.1
v 7.75 7.75 9.1
v 7.75 7.75 9.15
v 7.75 8 9.15
v 7.75 8 9.1
v 7.75 8.25 9.15
v 7.75 8.25 9.2
v 7.75 8.5 9.2
v 7.75 8.5 9.15
v 7.75 8.75 9.2
v 7.75 8.75 9.25
v 7.75 9 9.25
v 7.75 9 9.2
v 7.75 9.25 9.25
v 7.75 9.5 9.25
v 7.75 9.75 9.25
v 7.75 9.75 9.2
v 7.75 10 9.2
v 7.75 10.25 9.2
v 7.75 10.25 9.15
v 7.75 10.5 9.15
v 7.75 10.5 9.1
v 7.75 10.75 9.1
v 7.75 10.75 9.15
v 7.75 11 9.1
v 7.75 11 9.05
v 7.75 11.25 9.05
v 7.75 11.25 9.1
v 7.75 11.5 9.05
v 7.75 11.5 9.1
v 7.75 11.75 9.05
v 7.75 11.75 9.1
v 7.75 12 9.05
v 7.75 12 9.1
v 8 0 9.35
v 8 0.25 9.35
v 8 0 9.4
v 8 0.25 9.4
v 8 0.5 9.35
v 8 0.5 9.4
v 8 0.75 9.35
v 8 0.75 9.4
v 8 1 9.35
v 8 1 9.4
v 8 1.25 9.35
v 8 1.25 9.4
v 8 1.25 9.3
v 8 1.5 9.3
v 8 1.5 9.35
v 8 1.75 9.3
v 8 1.75 9.35
v 8 1.75 9.25
v 8 2 9.25
v 8 2 9.3
v 8 2.25 9.25
v 8 2.25 9.2
v 8 2.5 9.2
v 8 2.5 9.25
v 8 2.5 9.15
v 8 2.75 9.15
v 8 2.75 9.2
v 8 3 9.15
v 8 3 9.1
v 8 3.25 9.1
v 8 3.25 9.15
v 8 3.5 9.1
v 8 3.5 9.05
v 8 3.75 9.05
v 8 3.75 9.1
v 8 4 9.05
v 8 4 9
v 8 4.25 9
v 8 4.25 9.05
v 8 4.5 9
v 8 4.75 9
v 8 4.75 8.95
v 8 5 8.95
v 8 5 9
v 8 5.25 8.95
v 8 5.5 8.95
v 8 5.75 8.95
v 8 6 8.95
v 8 6.25 8.95
v 8 6.5 8.95
v 8 6.75 8.95
v 8 6.75 9
v 8 7 9
v 8 7 8.95
v 8 7.25 9
v 8 7.25 9.05
v 8 7.5 9.05
v 8 7.5 9
v 8 7.5 9.1
v 8 7.75 9.1
v 8 7.75 9.05
v 8 8 9.1
v 8 8 9.15
v 8 8.25 9.15
v 8 8.25 9.1
v 8 8.5 9.15
v 8 8.5 9.2
v 8 8.75 9.2
v 8 8.75 9.15
v 8 9 9.2
v 8 9 9.25
v 8 9.25 9.25
v 8 9.25 9.2
v 8 9.5 9.25
v 8 9.5 9.2
v 8 9.75 9.25
v 8 9.75 9.2
v 8 10 9.2
v 8 10.25 9.2
v 8 10.25 9.15
v 8 10.5 9.15
v 8 10.75 9.15
v 8 10.75 9.1
v 8 11 9.1
v 8 11.25 9.1
v 8 11.5 9.1
v 8 11.75 9.1
v 8 12 9.1
v 8.25 0 9.4
v 8.25 0.25 9.4
v 8.25 0.5 9.4
v 8.25 0.75 9.4
v 8.25 1 9.4
v 8.25 1.25 9.4
v 8.25 1.25 9.35
v 8.25 1.5 9.35
v 8.25 1.75 9.35
v 8.25 1.75 9.3
v 8.25 2 9.3
v 8.25 2 9.25
v 8.25 2.25 9.25
v 8.25 2.25 9.3
v 8.25 2.5 9.25
v 8.25 2.5 9.2
v 8.25 2.75 9.2
v 8.25 2.75 9.15
v 8.25 3 9.15
v 8.25 3 9.2
v 8.25 3.25 9.15
v 8.25 3.25 9.1
v 8.25 3.5 9.1
v 8.25 3.75 9.1
v 8.25 3.75 9.05
v 8.25 4 9.05
v 8.25 4 9.1
v 8.25 4.25 9.05
v 8.25 4.25 9
v 8.25 4.5 9
v 8.25 4.5 9.05
v 8.25 4.75 9
v 8.25 5 9
v 8.25 5 8.95
v 8.25 5.25 8.95
v 8.25 5.25 9
v 8.25 5.5 8.95
v 8.25 5.75 8.95
v 8.25 6 8.95
v 8.25 6.25 8.95
v 8.25 6.5 8.95
v 8.25 6.75 8.95
v 8.25 7 8.95
v 8.25 7 9
v 8.25 7.25 9
v 8.25 7.25 8.95
v 8.25 7.5 9
v 8.25 7.5 9.05
v 8.25 7.75 9.05
v 8.25 7.75 9
v 8.25 7.75 9.1
v 8.25 8 9.1
v 8.25 8 9.05
v 8.25 8.25 9.1
v 8.25 8.25 9.05
v 8.25 8.25 9.15
v 8.25 8.5 9.15
v 8.25 8.5 9.1
v 8.25 8.75 9.15
v 8.25 8.75 9.2
v 8.25 9 9.2
v 8.25 9 9.15
v 8.25 9.25 9.2
v 8.25 9.5 9.2
v 8.25 9.75 9.2
v 8.25 10 9.2
v 8.25 10.25 9.2
v 8.25 10 9.15
v 8.25 10.25 9.15
v 8.25 10.5 9.15
v 8.25 10.75 9.15
v 8.25 10.5 9.1
v 8.25 10.75 9.1
v 8.25 11 9.1
v 8.25 11.25 9.1
v 8.25 11.5 9.1
v 8.25 11.75 9.1
v 8.25 12 9.1
v 8.5 0 9.4
v 8.5 0.25 9.4
v 8.5 0.5 9.4
v 8.5 0.75 9.4
v 8.5 1 9.4
v 8.5 1.25 9.4
v 8.5 1.25 9.35
v 8.5 1.5 9.35
v 8.5 1.75 9.35
v 8.5 1.75 9.3
v 8.5 2 9.3
v 8.5 2.25 9.3
v 8.5 2.25 9.25
v 8.5 2.5 9.25
v 8.5 2.5 9.2
v 8.5 2.75 9.2
v 8.5 3 9.2
v 8.5 3 9.15
v 8.5 3.25 9.15
v 8.5 3.25 9.1
v 8.5 3.5 9.1
v 8.5 3.5 9.15
v 8.5 3.75 9.1
v 8.5 4 9.1
v 8.5 4 9.05
v 8.5 4.25 9.05
v 8.5 4.5 9.05
v 8.5 4.5 9
v 8.5 4.75 9
v 8.5 4.75 9.05
v 8.5 5 9
v 8.5 5.25 9
v 8.5 5.25 8.95
v 8.5 5.5 8.95
v 8.5 5.5 9
v 8.5 5.75 8.95
v 8.5 6 8.95
v 8.5 6.25 8.95
v 8.5 6.5 8.95
v 8.5 6.25 8.9
v 8.5 6.5 8.9
v 8.5 6.75 8.95
v 8.5 6.75 8.9
v 8.5 7 8.95
v 8.5 7.25 8.95
v 8.5 7.25 9
v 8.5 7.5 9
v 8.5 7.5 8.95
v 8.5 7.75 9
v 8.5 7.75 9.05
v 8.5 8 9.05
v 8.5 8 9
v 8.5 8.25 9.05
v 8.5 8.25 9.1
v 8.5 8.5 9.1
v 8.5 8.5 9.05
v 8.5 8.5 9.15
v 8.5 8.75 9.15
v 8.5 8.75 9.1
v 8.5 9 9.15
v 8.5 9 9.1
v 8.5 9 9.2
v 8.5 9.25 9.2
v 8.5 9.25 9.15
v 8.5 9.5 9.2
v 8.5 9.5 9.15
v 8.5 9.75 9.2
v 8.5 9.75 9.15
v 8.5 10 9.2
v 8.5 10 9.15
v 8.5 10.25 9.15
v 8.5 10 9.1
v 8.5 10.25 9.1
v 8.5 10.5 9.15
v 8.5 10.5 9.1
v 8.5 10.75 9.1
v 8.5 11 9.1
v 8.5 10.75 9.05
v 8.5 11 9.05
v 8.5 11.25 9.1
v 8.5 11.25 9.05
v 8.5 11.5 9.1
v 8.5 11.5 9.05
v 8.5 11.75 9.1
v 8.5 11.75 9.05
v 8.5 12 9.1
v 8.5 12 9.05
v 8.75 0 9.4
v 8.75 0.25 9.4
v 8.75 0 9.35
v 8.75 0.25 9.35
v 8.75 0.5 9.4
v 8.75 0.5 9.35
v 8.75 0.75 9.4
v 8.75 0.75 9.35
v 8.75 1 9.4
v 8.75 1 9.35
v 8.75 1.25 9.4
v 8.75 1.25 9.35
v 8.75 1.5 9.35
v 8.75 1.75 9.35
v 8.75 1.5 9.3
v 8.75 1.75 9.3
v 8.75 2 9.3
v 8.75 2.25 9.3
v 8.75 2 9.25
v 8.75 2.25 9.25
v 8.75 2.5 9.25
v 8.75 2.5 9.2
v 8.75 2.75 9.2
v 8.75 3 9.2
v 8.75 3 9.15
v 8.75 3.25 9.15
v 8.75 3.5 9.15
v 8.75 3.5 9.1
v 8.75 3.75 9.1
v 8.75 4 9.1
v 8.75 4 9.05
v 8.75 4.25 9.05
v 8.75 4.25 9.1
v 8.75 4.5 9.05
v 8.75 4.75 9.05
v 8.75 4.75 9
v 8.75 5 9
v 8.75 5 9.05
v 8.75 5.25 9
v 8.75 5.5 9
v 8.75 5.5 8.95
v 8.75 5.75 8.95
v 8.75 6 8.95
v 8.75 6.25 8.95
v 8.75 6.25 8.9
v 8.75 6.5 8.9
v 8.75 6.75 8.9
v 8.75 6.75 8.95
v 8.75 7 8.95
v 8.75 7 8.9
v 8.75 7.25 8.95
v 8.75 7.25 8.9
v 8.75 7.5 8.95
v 8.75 7.5 9
v 8.75 7.75 9
v 8.75 7.75 8.95
v 8.75 8 9
v 8.75 8 8.95
v 8.75 8 9.05
v 8.75 8.25 9.05
v 8.75 8.25 9
v 8.75 8.5 9.05
v 8.75 8.5 9
v 8.75 8.5 9.1
v 8.75 8.75 9.1
v 8.75 8.75 9.05
v 8.75 9 9.1
v 8.75 9 9.05
v 8.75 9 9.15
v 8.75 9.25 9.15
v 8.75 9.25 9.1
v 8.75 9.5 9.15
v 8.75 9.5 9.1
v 8.75 9.75 9.15
v 8.75 9.75 9.1
v 8.75 10 9.15
v 8.75 10 9.1
v 8.75 10.25 9.1
v 8.75 10 9.05
v 8.75 10.25 9.05
v 8.75 10.5 9.1
v 8.75 10.5 9.05
v 8.75 10.75 9.1
v 8.75 10.75 9.05
v 8.75 11 9.05
v 8.75 10.75 9
v 8.75 11 9
v 8.75 11.25 9.05
v 8.75 11.25 9
v 8.75 11.5 9.05
v 8.75 11.5 9
v 8.75 11.75 9.05
v 8.75 11.75 9
v 8.75 12 9.05
v 8.75 12 9
v 9 0 9.35
v 9 0.25 9.35
v 9 0 9.3
v 9 0.25 9.3
v 9 0.5 9.35
v 9 0.5 9.3
v 9 0.75 9.35
v 9 0.75 9.3
v 9 1 9.35
v 9 1 9.3
v 9 1.25 9.35
v 9 1.25 9.3
v 9 1.5 9.35
v 9 1.5 9.3
v 9 1.75 9.3
v 9 2 9.3
v 9 1.75 9.25
v 9 2 9.25
v 9 2.25 9.25
v 9 2.5 9.25
v 9 2.25 9.2
v 9 2.5 9.2
v 9 2.75 9.2
v 9 3 9.2
v 9 2.75 9.15
v 9 3 9.15
v 9 3.25 9.15
v 9 3.5 9.15
v 9 3.5 9.1
v 9 3.75 9.1
v 9 4 9.1
v 9 4.25 9.1
v 9 4.25 9.05
v 9 4.5 9.05
v 9 4.5 9.1
v 9 4.75 9.05
v 9 4.75 9.1
v 9 5 9.05
v 9 5 9
v 9 5.25 9
v 9 5.25 9.05
v 9 5.5 9
v 9 5.5 8.95
v 9 5.75 8.95
v 9 5.75 9
v 9 6 8.95
v 9 6.25 8.95
v 9 6.25 8.9
v 9 6.5 8.9
v 9 6.75 8.9
v 9 7 8.9
v 9 7.25 8.9
v 9 7.25 8.95
v 9 7.5 8.95
v 9 7.5 8.9
v 9 7.75 8.95
v 9 7.75 8.9
v 9 8 8.95
v 9 8 9
v 9 8.25 9
v 9 8.25 8.95
v 9 8.5 9
v 9 8.5 9.05
v 9 8.75 9.05
v 9 8.75 9
v 9 9 9.05
v 9 9 9
v 9 9 9.1
v 9 9.25 9.1
v 9 9.25 9.05
v 9 9.5 9.1
v 9 9.5 9.05
v 9 9.75 9.1
v 9 9.75 9.05
v 9 10 9.1
v 9 9.75 9
v 9 10 9
v 9 10 9.05
v 9 10.25 9.05
v 9 10.25 9
v 9 10.5 9.05
v 9 10.5 9
v 9 10.75 9.05
v 9 10.75 9
v 9 11 9
v 9 10.75 8.95
v 9 11 8.95
v 9 11.25 9
v 9 11.25 8.95
v 9 11.5 9
v 9 11.5 8.95
v 9 11.75 9
v 9 11.75 8.95
v 9 12 9
v 9 12 8.95
v 9.25 0 9.3
v 9.25 0.25 9.3
v 9.25 0 9.25
v 9.25 0.25 9.25
v 9.25 0.5 9.3
v 9.25 0.5 9.25
v 9.25 0.75 9.3
v 9.25 0.75 9.25
v 9.25 1 9.3
v 9.25 1 9.25
v 9.25 1.25 9.3
v 9.25 1.25 9.25
v 9.25 1.5 9.3
v 9.25 1.5 9.25
v 9.25 1.75 9.3
v 9.25 1.75 9.25
v 9.25 2 9.25
v 9.25 2.25 9.25
v 9.25 2 9.2
v 9.25 2.25 9.2
v 9.25 2.5 9.2
v 9.25 2.75 9.2
v 9.25 2.5 9.15
v 9.25 2.75 9.15
v 9.25 3 9.15
v 9.25 3.25 9.15
v 9.25 3.5 9.15
v 9.25 3.5 9.1
v 9.25 3.75 9.1
v 9.25 3.75 9.15
v 9.25 4 9.1
v 9.25 4.25 9.1
v 9.25 4.5 9.1
v 9.25 4.75 9.1
v 9.25 4.75 9.05
v 9.25 5 9.05
v 9.25 5 9.1
v 9.25 5.25 9.05
v 9.25 5.25 9
v 9.25 5.5 9
v 9.25 5.5 9.05
v 9.25 5.75 9
v 9.25 5.75 8.95
v 9.25 6 8.95
v 9.25 6.25 8.95
v 9.25 6.25 8.9
v 9.25 6.5 8.9
v 9.25 6.75 8.9
v 9.25 7 8.9
v 9.25 7.25 8.9
v 9.25 7.5 8.9
v 9.25 7.75 8.9
v 9.25 7.75 8.95
v 9.25 8 8.95
v 9.25 8 8.9
v 9.25 8.25 8.95
v 9.25 8.25 9
v 9.25 8.5 9
v 9.25 8.5 8.95
v 9.25 8.75 9
v 9.25 8.75 8.95
v 9.25 9 9
v 9.25 9 8.95
v 9.25 9 9.05
v 9.25 9.25 9.05
v 9.25 9.25 9
v 9.25 9.5 9.05
v 9.25 9.5 9
v 9.25 9.75 9.05
v 9.25 9.5 8.95
v 9.25 9.75 8.95
v 9.25 9.75 9
v 9.25 10 9
v 9.25 10 8.95
v 9.25 10.25 9
v 9.25 10.25 8.95
v 9.25 10.5 9
v 9.25 10.5 8.95
v 9.25 10.75 9
v 9.25 10.75 8.95
v 9.25 11 8.95
v 9.25 10.75 8.9
v 9.25 11 8.9
v 9.25 11.25 8.95
v 9.25 11.25 8.9
v 9.25 11.5 8.95
v 9.25 11.5 8.9
v 9.25 11.75 8.95
v 9.25 11.75 8.9
v 9.25 12 8.95
v 9.25 12 8.9
v 9.5 0 9.25
v 9.5 0.25 9.25
v 9.5 0 9.2
v 9.5 0.25 9.2
v 9.5 0.5 9.25
v 9.5 0.5 9.2
v 9.5 0.75 9.25
v 9.5 0.75 9.2
v 9.5 1 9.25
v 9.5 1 9.2
v 9.5 1.25 9.25
v 9.5 1.25 9.2
v 9.5 1.5 9.25
v 9.5 1.5 9.2
v 9.5 1.75 9.25
v 9.5 1.75 9.2
v 9.5 2 9.25
v 9.5 2 9.2
v 9.5 2.25 9.2
v 9.5 2.5 9.2
v 9.5 2.25 9.15
v 9.5 2.5 9.15
v 9.5 2.75 9.15
v 9.5 3 9.15
v 9.5 3.25 9.15
v 9.5 3.5 9.15
v 9.5 3.75 9.15
v 9.5 3.75 9.1
v 9.5 4 9.1
v 9.5 4 9.15
v 9.5 4.25 9.1
v 9.5 4.25 9.15
v 9.5 4.5 9.1
v 9.5 4.75 9.1
v 9.5 5 9.1
v 9.5 5 9.05
v 9.5 5.25 9.05
v 9.5 5.5 9.05
v 9.5 5.5 9
v 9.5 5.75 9
v 9.5 5.75 8.95
v 9.5 6 8.95
v 9.5 6 9
v 9.5 6.25 8.95
v 9.5 6.25 8.9
v 9.5 6.5 8.9
v 9.5 6.75 8.9
v 9.5 7 8.9
v 9.5 7.25 8.9
v 9.5 7 8.85
v 9.5 7.25 8.85
v 9.5 7.5 8.9
v 9.5 7.5 8.85
v 9.5 7.75 8.9
v 9.5 8 8.9
v 9.5 8 8.95
v 9.5 8.25 8.95
v 9.5 8.25 8.9
v 9.5 8.5 8.95
v 9.5 8.5 8.9
v 9.5 8.75 8.95
v 9.5 8.75 8.9
v 9.5 9 8.95
v 9.5 9 9
v 9.5 9.25 9
v 9.5 9.25 8.95
v 9.5 9.5 9
v 9.5 9.5 8.95
v 9.5 9.75 8.95
v 9.5 9.5 8.9
v 9.5 9.75 8.9
v 9.5 10 8.95
v 9.5 10 8.9
v 9.5 10.25 8.95
v 9.5 10.25 8.9
v 9.5 10.5 8.95
v 9.5 10.5 8.9
v 9.5 10.75 8.95
v 9.5 10.75 8.9
v 9.5 11 8.9
v 9.5 10.75 8.85
v 9.5 11 8.85
v 9.5 11.25 8.9
v 9.5 11.25 8.85
v 9.5 11.5 8.9
v 9.5 11.5 8.85
v 9.5 11.75 8.9
v 9.5 11.75 8.85
v 9.5 12 8.9
v 9.5 12 8.85
v 9.75 0 9.2
v 9.75 0.25 9.2
v 9.75 0 9.15
v 9.75 0.25 9.15
v 9.75 0.5 9.2
v 9.75 0.5 9.15
v 9.75 0.75 9.2
v 9.75 0.75 9.15
v 9.75 1 9.2
v 9.75 1 9.15
v 9.75 1.25 9.2
v 9.75 1.25 9.15
v 9.75 1.5 9.2
v 9.75 1.5 9.15
v 9.75 1.75 9.2
v 9.75 1.75 9.15
v 9.75 2 9.2
v 9.75 2 9.15
v 9.75 2.25 9.2
v 9.75 2.25 9.15
v 9.75 2.5 9.15
v 9.75 2.75 9.15
v 9.75 3 9.15
v 9.75 3.25 9.15
v 9.75 3.5 9.15
v 9.75 3.75 9.15
v 9.75 4 9.15
v 9.75 4.25 9.15
v 9.75 4.25 9.1
v 9.75 4.5 9.1
v 9.75 4.5 9.15
v 9.75 4.75 9.1
v 9.75 4.75 9.15
v 9.75 5 9.1
v 9.75 5 9.05
v 9.75 5.25 9.05
v 9.75 5.25 9.1
v 9.75 5.5 9.05
v 9.75 5.5 9
v 9.75 5.75 9
v 9.75 6 9
v 9.75 6 8.95
v 9.75 6.25 8.95
v 9.75 6.25 8.9
v 9.75 6.5 8.9
v 9.75 6.75 8.9
v 9.75 7 8.9
v 9.75 6.75 8.85
v 9.75 7 8.85
v 9.75 7.25 8.85
v 9.75 7.5 8.85
v 9.75 7.5 8.9
v 9.75 7.75 8.9
v 9.75 7.75 8.85
v 9.75 8 8.9
v 9.75 8 8.85
v 9.75 8.25 8.9
v 9.75 8.25 8.85
v 9.75 8.5 8.9
v 9.75 8.75 8.9
v 9.75 8.75 8.95
v 9.75 9 8.95
v 9.75 9 8.9
v 9.75 9.25 8.95
v 9.75 9.25 8.9
v 9.75 9.5 8.95
v 9.75 9.5 8.9
v 9.75 9.75 8.9
v 9.75 10 8.9
v 9.75 10.25 8.9
v 9.75 10 8.85
v 9.75 10.25 8.85
v 9.75 10.5 8.9
v 9.75 10.5 8.85
v 9.75 10.75 8.9
v 9.75 10.75 8.85
v 9.75 11 8.85
v 9.75 11.25 8.85
v 9.75 11.5 8.85
v 9.75 11.75 8.85
v 9.75 12 8.85
v 10 0 9.15
v 10 0.25 9.15
v 10 0 9.1
v 10 0.25 9.1
v 10 0.5 9.15
v 10 0.5 9.1
v 10 0.75 9.15
v 10 0.75 9.1
v 10 1 9.15
v 10 1 9.1
v 10 1.25 9.15
v 10 1.25 9.1
v 10 1.5 9.15
v 10 1.75 9.15
v 10 2 9.15
v 10 2.25 9.15
v 10 2.5 9.15
v 10 2.75 9.15
v 10 3 9.15
v 10 3.25 9.15
v 10 3.5 9.15
v 10 3.75 9.15
v 10 4 9.15
v 10 4.25 9.15
v 10 4.5 9.15
v 10 4.75 9.15
v 10 4.75 9.1
v 10 5 9.1
v 10 5.25 9.1
v 10 5.25 9.05
v 10 5.5 9.05
v 10 5.5 9
v 10 5.75 9
v 10 6 9
v 10 6 8.95
v 10 6.25 8.95
v 10 6.25 8.9
v 10 6.5 8.9
v 10 6.75 8.9
v 10 6.75 8.85
v 10 7 8.85
v 10 7.25 8.85
v 10 7.5 8.85
v 10 7.75 8.85
v 10 8 8.85
v 10 8.25 8.85
v 10 8.25 8.9
v 10 8.5 8.9
v 10 8.5 8.85
v 10 8.75 8.9
v 10 8.75 8.85
v 10 9 8.9
v 10 9 8.85
v 10 9.25 8.9
v 10 9.25 8.85
v 10 9.5 8.9
v 10 9.5 8.85
v 10 9.75 8.9
v 10 9.75 8.85
v 10 10 8.9
v 10 10 8.85
v 10 10.25 8.85
v 10 10.5 8.85
v 10 10.75 8.85
v 10 11 8.85
v 10 10.75 8.8
v 10 11 8.8
v 10 11.25 8.85
v 10 11.25 8.8
v 10 11.5 8.85
v 10 11.5 8.8
v 10 11.75 8.85
v 10 11.75 8.8
v 10 12 8.85
v 10 12 8.8
v 10.25 0 9.1
v 10.25 0.25 9.1
v 10.25 0.5 9.1
v 10.25 0.75 9.1
v 10.25 1 9.1
v 10.25 1.25 9.1
v 10.25 1.25 9.15
v 10.25 1.5 9.15
v 10.25 1.5 9.1
v 10.25 1.75 9.15
v 10.25 1.75 9.1
v 10.25 2 9.15
v 10.25 2 9.1
v 10.25 2.25 9.15
v 10.25 2.25 9.1
v 10.25 2.5 9.15
v 10.25 2.75 9.15
v 10.25 3 9.15
v 10.25 3.25 9.15
v 10.25 3.5 9.15
v 10.25 3.75 9.15
v 10.25 4 9.15
v 10.25 4.25 9.15
v 10.25 4.5 9.15
v 10.25 4.75 9.15
v 10.25 4.75 9.1
v 10.25 5 9.1
v 10.25 5 9.15
v 10.25 5.25 9.1
v 10.25 5.25 9.05
v 10.25 5.5 9.05
v 10.25 5.5 9
v 10.25 5.75 9
v 10.25 6 9
v 10.25 6 8.95
v 10.25 6.25 8.95
v 10.25 6.25 8.9
v 10.25 6.5 8.9
v 10.25 6.75 8.9
v 10.25 6.5 8.85
v 10.25 6.75 8.85
v 10.25 7 8.85
v 10.25 7.25 8.85
v 10.25 7 8.8
v 10.25 7.25 8.8
v 10.25 7.5 8.85
v 10.25 7.5 8.8
v 10.25 7.75 8.85
v 10.25 7.75 8.8
v 10.25 8 8.85
v 10.25 8 8.8
v 10.25 8.25 8.85
v 10.25 8.25 8.8
v 10.25 8.5 8.85
v 10.25 8.5 8.8
v 10.25 8.75 8.85
v 10.25 9 8.85
v 10.25 9.25 8.85
v 10.25 9.5 8.85
v 10.25 9.75 8.85
v 10.25 10 8.85
v 10.25 10.25 8.85
v 10.25 10.5 8.85
v 10.25 10.75 8.85
v 10.25 10.75 8.8
v 10.25 11 8.8
v 10.25 11 8.85
v 10.25 11.25 8.8
v 10.25 11.25 8.85
v 10.25 11.5 8.8
v 10.25 11.5 8.85
v 10.25 11.75 8.8
v 10.25 11.75 8.85
v 10.25 12 8.8
v 10.25 12 8.85
v 10.5 0 9.1
v 10.5 0.25 9.1
v 10.5 0 9.05
v 10.5 0.25 9.05
v 10.5 0.5 9.1
v 10.5 0.5 9.05
v 10.5 0.75 9.1
v 10.5 0.75 9.05
v 10.5 1 9.1
v 10.5 1 9.05
v 10.5 1.25 9.1
v 10.5 1.25 9.05
v 10.5 1.5 9.1
v 10.5 1.5 9.05
v 10.5 1.75 9.1
v 10.5 2 9.1
v 10.5 2.25 9.1
v 10.5 2.25 9.15
v 10.5 2.5 9.15
v 10.5 2.5 9.1
v 10.5 2.75 9.15
v 10.5 3 9.15
v 10.5 3.25 9.15
v 10.5 3.5 9.15
v 10.5 3.75 9.15
v 10.5 3.5 9.2
v 10.5 3.75 9.2
v 10.5 4 9.15
v 10.5 4 9.2
v 10.5 4.25 9.15
v 10.5 4.25 9.2
v 10.5 4.5 9.15
v 10.5 4.5 9.2
v 10.5 4.75 9.15
v 10.5 5 9.15
v 10.5 5 9.1
v 10.5 5.25 9.1
v 10.5 5.25 9.05
v 10.5 5.5 9.05
v 10.5 5.5 9
v 10.5 5.75 9
v 10.5 6 9
v 10.5 5.75 8.95
v 10.5 6 8.95
v 10.5 6.25 8.95
v 10.5 6 8.9
v 10.5 6.25 8.9
v 10.5 6.5 8.9
v 10.5 6.25 8.85
v 10.5 6.5 8.85
v 10.5 6.75 8.85
v 10.5 7 8.85
v 10.5 6.75 8.8
v 10.5 7 8.8
v 10.5 7.25 8.8
v 10.5 7.5 8.8
v 10.5 7.75 8.8
v 10.5 7.5 8.75
v 10.5 7.75 8.75
v 10.5 8 8.8
v 10.5 8 8.75
v 10.5 8.25 8.8
v 10.5 8.5 8.8
v 10.5 8.5 8.85
v 10.5 8.75 8.85
v 10.5 8.75 8.8
v 10.5 9 8.85
v 10.5 9 8.8
v 10.5 9.25 8.85
v 10.5 9.25 8.8
v 10.5 9.5 8.85
v 10.5 9.5 8.8
v 10.5 9.75 8.85
v 10.5 10 8.85
v 10.5 10.25 8.85
v 10.5 10.5 8.85
v 10.5 10.75 8.85
v 10.5 11 8.85
v 10.5 11.25 8.85
v 10.5 11.5 8.85
v 10.5 11.75 8.85
v 10.5 12 8.85
v 10.75 0 9.05
v 10.75 0.25 9.05
v 10.75 0 9
v 10.75 0.25 9
v 10.75 0.5 9.05
v 10.75 0.5 9
v 10.75 0.75 9.05
v 10.75 0.75 9
v 10.75 1 9.05
v 10.75 1 9
v 10.75 1.25 9.05
v 10.75 1.5 9.05
v 10.75 1.5 9.1
v 10.75 1.75 9.1
v 10.75 1.75 9.05
v 10.75 2 9.1
v 10.75 2.25 9.1
v 10.75 2.5 9.1
v 10.75 2.25 9.15
v 10.75 2.5 9.15
v 10.75 2.75 9.15
v 10.75 3 9.15
v 10.75 3.25 9.15
v 10.75 3 9.2
v 10.75 3.25 9.2
v 10.75 3.5 9.15
v 10.75 3.5 9.2
v 10.75 3.75 9.2
v 10.75 4 9.2
v 10.75 4.25 9.2
v 10.75 4.5 9.2
v 10.75 4.5 9.15
v 10.75 4.75 9.15
v 10.75 5 9.15
v 10.75 5 9.1
v 10.75 5.25 9.1
v 10.75 5.25 9.05
v 10.75 5.5 9.05
v 10.75 5.5 9
v 10.75 5.75 9
v 10.75 5.75 8.95
v 10.75 6 8.95
v 10.75 6 8.9
v 10.75 6.25 8.9
v 10.75 6.25 8.85
v 10.75 6.5 8.85
v 10.75 6.75 8.85
v 10.75 6.5 8.8
v 10.75 6.75 8.8
v 10.75 7 8.8
v 10.75 7.25 8.8
v 10.75 7 8.75
v 10.75 7.25 8.75
v 10.75 7.5 8.8
v 10.75 7.5 8.75
v 10.75 7.75 8.75
v 10.75 8 8.75
v 10.75 8 8.8
v 10.75 8.25 8.8
v 10.75 8.25 8.75
v 10.75 8.5 8.8
v 10.75 8.5 8.75
v 10.75 8.75 8.8
v 10.75 8.75 8.75
v 10.75 9 8.8
v 10.75 9.25 8.8
v 10.75 9.5 8.8
v 10.75 9.5 8.85
v 10.75 9.75 8.85
v 10.75 10 8.85
v 10.75 10.25 8.85
v 10.75 10.5 8.85
v 10.75 10.75 8.85
v 10.75 11 8.85
v 10.75 10.75 8.9
v 10.75 11 8.9
v 10.75 11.25 8.85
v 10.75 11.25 8.9
v 10.75 11.5 8.85
v 10.75 11.5 8.9
v 10.75 11.75 8.85
v 10.75 11.75 8.9
v 10.75 12 8.85
v 10.75 12 8.9
v 11 0 9
v 11 0.25 9
v 11 0.5 9
v 11 0.75 9
v 11 1 9
v 11 1 9.05
v 11 1.25 9.05
v 11 1.25 9
v 11 1.5 9.05
v 11 1.75 9.05
v 11 1.75 9.1
v 11 2 9.1
v 11 2.25 9.1
v 11 2.25 9.15
v 11 2.5 9.15
v 11 2.75 9.15
v 11 3 9.15
v 11 3 9.2
v 11 3.25 9.2
v 11 3.5 9.2
v 11 3.75 9.2
v 11 4 9.2
v 11 4.25 9.2
v 11 4.5 9.2
v 11 4.5 9.15
v 11 4.75 9.15
v 11 5 9.15
v 11 5 9.1
v 11 5.25 9.1
v 11 5.25 9.05
v 11 5.5 9.05
v 11 5.5 9
v 11 5.75 9
v 11 5.75 8.95
v 11 6 8.95
v 11 6 8.9
v 11 6.25 8.9
v 11 6.25 8.85
v 11 6.5 8.85
v 11 6.5 8.8
v 11 6.75 8.8
v 11 7 8.8
v 11 6.75 8.75
v 11 7 8.75
v 11 7.25 8.75
v 11 7.5 8.75
v 11 7.75 8.75
v 11 7.5 8.7
v 11 7.75 8.7
v 11 8 8.75
v 11 8.25 8.75
v 11 8.5 8.75
v 11 8.75 8.75
v 11 8.75 8.8
v 11 9 8.8
v 11 9.25 8.8
v 11 9.5 8.8
v 11 9.5 8.85
v 11 9.75 8.85
v 11 10 8.85
v 11 10.25 8.85
v 11 10.5 8.85
v 11 10.75 8.85
v 11 10.5 8.9
v 11 10.75 8.9
v 11 11 8.9
v 11 11.25 8.9
v 11 11.5 8.9
v 11 11.75 8.9
v 11 12 8.9
v 11.25 0 9
v 11.25 0.25 9
v 11.25 0.5 9
v 11.25 0.75 9
v 11.25 1 9
v 11.25 1.25 9
v 11.25 1.25 9.05
v 11.25 1.5 9.05
v 11.25 1.75 9.05
v 11.25 1.75 9.1
v 11.25 2 9.1
v 11.25 2.25 9.1
v 11.25 2.25 9.15
v 11.25 2.5 9.15
v 11.25 2.75 9.15
v 11.25 3 9.15
v 11.25 3 9.2
v 11.25 3.25 9.2
v 11.25 3.5 9.2
v 11.25 3.75 9.2
v 11.25 4 9.2
v 11.25 4.25 9.2
v 11.25 4.5 9.2
v 11.25 4.5 9.15
v 11.25 4.75 9.15
v 11.25 5 9.15
v 11.25 5 9.1
v 11.25 5.25 9.1
v 11.25 5.25 9.05
v 11.25 5.5 9.05
v 11.25 5.5 9
v 11.25 5.75 9
v 11.25 5.75 8.95
v 11.25 6 8.95
v 11.25 6 8.9
v 11.25 6.25 8.9
v 11.25 6.25 8.85
v 11.25 6.5 8.85
v 11.25 6.5 8.8
v 11.25 6.75 8.8
v 11.25 6.75 8.75
v 11.25 7 8.75
v 11.25 7.25 8.75
v 11.25 7.5 8.75
v 11.25 7.5 8.7
v 11.25 7.75 8.7
v 11.25 7.75 8.75
v 11.25 8 8.75
v 11.25 8.25 8.75
v 11.25 8.5 8.75
v 11.25 8.75 8.75
v 11.25 8.75 8.8
v 11.25 9 8.8
v 11.25 9.25 8.8
v 11.25 9.5 8.8
v 11.25 9.5 8.85
v 11.25 9.75 8.85
v 11.25 10 8.85
v 11.25 10.25 8.85
v 11.25 10.5 8.85
v 11.25 10.5 8.9
v 11.25 10.75 8.9
v 11.25 11 8.9
v 11.25 11.25 8.9
v 11.25 11.5 8.9
v 11.25 11.75 8.9
v 11.25 12 8.9
v 11.5 0 9
v 11.5 0.25 9
v 11.5 0.5 9
v 11.5 0.75 9
v 11.5 1 9
v 11.5 1.25 9
v 11.5 1.25 9.05
v 11.5 1.5 9.05
v 11.5 1.75 9.05
v 11.5 1.75 9.1
v 11.5 2 9.1
v 11.5 2.25 9.1
v 11.5 2.25 9.15
v 11.5 2.5 9.15
v 11.5 2.75 9.15
v 11.5 3 9.15
v 11.5 3 9.2
v 11.5 3.25 9.2
v 11.5 3.5 9.2
v 11.5 3.75 9.2
v 11.5 4 9.2
v 11.5 4.25 9.2
v 11.5 4.5 9.2
v 11.5 4.5 9.15
v 11.5 4.75 9.15
v 11.5 5 9.15
v 11.5 5 9.1
v 11.5 5.25 9.1
v 11.5 5.25 9.05
v 11.5 5.5 9.05
v 11.5 5.5 9
v 11.5 5.75 9
v 11.5 5.75 8.95
v 11.5 6 8.95
v 11.5 6 8.9
v 11.5 6.25 8.9
v 11.5 6.25 8.85
v 11.5 6.5 8.85
v 11.5 6.5 8.8
v 11.5 6.75 8.8
v 11.5 6.75 8.75
v 11.5 7 8.75
v 11.5 7.25 8.75
v 11.5 7.5 8.75
v 11.5 7.5 8.7
v 11.5 7.75 8.7
v 11.5 7.75 8.75
v 11.5 8 8.75
v 11.5 8.25 8.75
v 11.5 8.5 8.75
v 11.5 8.75 8.75
v 11.5 8.75 8.8
v 11.5 9 8.8
v 11.5 9.25 8.8
v 11.5 9.5 8.8
v 11.5 9.5 8.85
v 11.5 9.75 8.85
v 11.5 10 8.85
v 11.5 10.25 8.85
v 11.5 10.5 8.85
v 11.5 10.5 8.9
v 11.5 10.75 8.9
v 11.5 11 8.9
v 11.5 11.25 8.9
v 11.5 11.5 8.9
v 11.5 11.75 8.9
v 11.5 12 8.9
v 11.75 0 9
v 11.75 0.25 9
v 11.75 0.5 9
v 11.75 0.75 9
v 11.75 1 9
v 11.75 1.25 9
v 11.75 1.25 9.05
v 11.75 1.5 9.05
v 11.75 1.75 9.05
v 11.75 1.75 9.1
v 11.75 2 9.1
v 11.75 2.25 9.1
v 11.75 2.25 9.15
v 11.75 2.5 9.15
v 11.75 2.75 9.15
v 11.75 3 9.15
v 11.75 3 9.2
v 11.75 3.25 9.2
v 11.75 3.5 9.2
v 11.75 3.75 9.2
v 11.75 4 9.2
v 11.75 4.25 9.2
v 11.75 4.5 9.2
v 11.75 4.5 9.15
v 11.75 4.75 9.15
v 11.75 5 9.15
v 11.75 5 9.1
v 11.75 5.25 9.1
v 11.75 5.25 9.05
v 11.75 5.5 9.05
v 11.75 5.5 9
v 11.75 5.75 9
v 11.75 5.75 8.95
v 11.75 6 8.95
v 11.75 6 8.9
v 11.75 6.25 8.9
v 11.75 6.25 8.85
v 11.75 6.5 8.85
v 11.75 6.5 8.8
v 11.75 6.75 8.8
v 11.75 6.75 8.75
v 11.75 7 8.75
v 11.75 7.25 8.75
v 11.75 7.5 8.75
v 11.75 7.5 8.7
v 11.75 7.75 8.7
v 11.75 7.75 8.75
v 11.75 8 8.75
v 11.75 8.25 8.75
v 11.75 8.5 8.75
v 11.75 8.75 8.75
v 11.75 8.75 8.8
v 11.75 9 8.8
v 11.75 9.25 8.8
v 11.75 9.5 8.8
v 11.75 9.5 8.85
v 11.75 9.75 8.85
v 11.75 10 8.85
v 11.75 10.25 8.85
v 11.75 10.5 8.85
v 11.75 10.5 8.9
v 11.75 10.75 8.9
v 11.75 11 8.9
v 11.75 11.25 8.9
v 11.75 11.5 8.9
v 11.75 11.75 8.9
v 11.75 12 8.9
v 12 0 9
v 12 0.25 9
v 12 0.5 9
v 12 0.75 9
v 12 1 9
v 12 1.25 9
v 12 1.25 9.05
v 12 1.5 9.05
v 12 1.75 9.05
v 12 1.75 9.1
v 12 2 9.1
v 12 2.25 9.1
v 12 2.25 9.15
v 12 2.5 9.15
v 12 2.75 9.15
v 12 3 9.15
v 12 3 9.2
v 12 3.25 9.2
v 12 3.5 9.2
v 12 3.75 9.2
v 12 4 9.2
v 12 4.25 9.2
v 12 4.5 9.2
v 12 4.5 9.15
v 12 4.75 9.15
v 12 5 9.15
v 12 5 9.1
v 12 5.25 9.1
v 12 5.25 9.05
v 12 5.5 9.05
v 12 5.5 9
v 12 5.75 9
v 12 5.75 8.95
v 12 6 8.95
v 12 6 8.9
v 12 6.25 8.9
v 12 6.25 8.85
v 12 6.5 8.85
v 12 6.5 8.8
v 12 6.75 8.8
v 12 6.75 8.75
v 12 7 8.75
v 12 7.25 8.75
v 12 7.5 8.75
v 12 7.5 8.7
v 12 7.75 8.7
v 12 7.75 8.75
v 12 8 8.75
v 12 8.25 8.75
v 12 8.5 8.75
v 12 8.75 8.75
v 12 8.75 8.8
v 12 9 8.8
v 12 9.25 8.8
v 12 9.5 8.8
v 12 9.5 8.85
v 12 9.75 8.85
v 12 10 8.85
v 12 10.25 8.85
v 12 10.5 8.85
v 12 10.5 8.9
v 12 10.75 8.9
v 12 11 8.9
v 12 11.25 8.9
v 12 11.5 8.9
v 12 11.75 8.9
v 12 12 8.9
f 1 2 3
f 1 3 4
f 4 3 5
f 4 5 6
f 6 5 7
f 6 7 8
f 8 7 9
f 8 9 10
f 10 9 11
f 10 11 12
f 13 12 11
f 13 11 14
f 13 14 15
f 13 15 16
f 16 15 17
f 16 17 18
f 19 18 17
f 19 17 20
f 19 20 21
f 19 21 22
f 22 21 23
f 22 23 24
f 24 23 25
f 24 25 26
f 26 25 27
f 26 27 28
f 28 27 29
f 28 29 30
f 30 29 31
f 30 31 32
f 32 31 33
f 32 33 34
f 33 35 36
f 33 36 34
f 36 35 37
f 36 37 38
f 37 39 40
f 37 40 38
f 40 39 41
f 40 41 42
f 41 43 44
f 41 44 42
f 44 43 45
f 44 45 46
f 45 47 48
f 45 48 46
f 48 47 49
f 48 49 50
f 50 49 51
f 50 51 52
f 51 53 54
f 51 54 52
f 54 53 55
f 54 55 56
f 56 55 57
f 56 57 58
f 57 59 60
f 57 60 58
f 60 59 61
f 60 61 62
f 62 61 63
f 62 63 64
f 64 63 65
f 64 65 66
f 66 65 67
f 66 67 68
f 68 67 69
f 68 69 70
f 71 70 69
f 71 69 72
f 71 72 73
f 71 73 74
f 74 73 75
f 74 75 76
f 77 76 75
f 77 75 78
f 77 78 79
f 77 79 80
f 80 79 81
f 80 81 82
f 83 82 81
f 83 81 84
f 83 84 85
f 83 85 86
f 86 85 87
f 86 87 88
f 89 88 87
f 89 87 90
f 89 90 91
f 89 91 92
f 93 92 91
f 93 91 94
f 93 94 95
f 93 95 96
f 96 95 97
f 96 97 98
f 99 98 97
f 99 97 100
f 99 100 101
f 99 101 102
f 102 101 103
f 102 103 104
f 104 103 105
f 104 105 106
f 106 105 107
f 106 107 108
f 107 109 110
f 107 110 108
f 110 109 111
f 110 111 112
f 112 111 113
f 112 113 114
f 113 115 116
f 113 116 114
f 116 115 117
f 116 117 118
f 118 117 119
f 118 119 120
f 119 121 122
f 119 122 120
f 122 121 123
f 122 123 124
f 124 123 125
f 124 125 126
f 126 125 127
f 126 127 128
f 128 127 129
f 128 129 130
f 130 129 131
f 130 131 132
f 2 133 134
f 2 134 3
f 3 134 135
f 3 135 5
f 5 135 136
f 5 136 7
f 7 136 137
f 7 137 9
f 9 137 138
f 9 138 11
f 14 11 138
f 14 138 139
f 14 139 140
f 14 140 15
f 15 140 141
f 15 141 17
f 20 17 141
f 20 141 142
f 20 142 143
f 20 143 21
f 21 143 144
f 21 144 23
f 23 144 145
f 23 145 25
f 25 145 146
f 25 146 27
f 27 146 147
f 27 147 29
f 29 147 148
f 29 148 31
f 31 148 149
f 31 149 33
f 149 150 35
f 149 35 33
f 35 150 151
f 35 151 37
f 151 152 39
f 151 39 37
f 39 152 153
f 39 153 41
f 153 154 43
f 153 43 41
f 43 154 155
f 43 155 45
f 155 156 47
f 155 47 45
f 47 156 157
f 47 157 49
f 49 157 158
f 49 158 51
f 158 159 53
f 158 53 51
f 53 159 160
f 53 160 55
f 55 160 161
f 55 161 57
f 161 162 59
f 161 59 57
f 59 162 163
f 59 163 61
f 61 163 164
f 61 164 63
f 63 164 165
f 63 165 65
f 65 165 166
f 65 166 67
f 67 166 167
f 67 167 69
f 72 69 167
f 72 167 168
f 72 168 169
f 72 169 73
f 73 169 170
f 73 170 75
f 78 75 170
f 78 170 171
f 78 171 172
f 78 172 79
f 79 172 173
f 79 173 81
f 84 81 173
f 84 173 174
f 84 174 175
f 84 175 85
f 85 175 176
f 85 176 87
f 90 87 176
f 90 176 177
f 90 177 178
f 90 178 91
f 94 91 178
f 94 178 179
f 94 179 180
f 94 180 95
f 95 180 181
f 95 181 97
f 100 97 181
f 100 181 182
f 100 182 183
f 100 183 101
f 101 183 184
f 101 184 103
f 103 184 185
f 103 185 105
f 105 185 186
f 105 186 107
f 186 187 109
f 186 109 107
f 109 187 188
f 109 188 111
f 111 188 189
f 111 189 113
f 189 190 115
f 189 115 113
f 115 190 191
f 115 191 117
f 117 191 192
f 117 192 119
f 192 193 121
f 192 121 119
f 121 193 194
f 121 194 123
f 123 194 195
f 123 195 125
f 125 195 196
f 125 196 127
f 127 196 197
f 127 197 129
f 129 197 198
f 129 198 131
f 133 199 200
f 133 200 134
f 134 200 201
f 134 201 135
f 135 201 202
f 135 202 136
f 136 202 203
f 136 203 137
f 137 203 204
f 137 204 138
f 139 138 204
f 139 204 205
f 139 205 206
f 139 206 140
f 140 206 207
f 140 207 141
f 142 141 207
f 142 207 208
f 142 208 209
f 142 209 143
f 143 209 210
f 143 210 144
f 144 210 211
f 144 211 145
f 145 211 212
f 145 212 146
f 146 212 213
f 146 213 147
f 147 213 214
f 147 214 148
f 148 214 215
f 148 215 149
f 215 216 150
f 215 150 149
f 150 216 217
f 150 217 151
f 217 218 152
f 217 152 151
f 152 218 219
f 152 219 153
f 219 220 154
f 219 154 153
f 154 220 221
f 154 221 155
f 221 222 156
f 221 156 155
f 156 222 223
f 156 223 157
f 157 223 224
f 157 224 158
f 224 225 159
f 224 159 158
f 159 225 226
f 159 226 160
f 160 226 227
f 160 227 161
f 227 228 162
f 227 162 161
f 162 228 229
f 162 229 163
f 163 229 230
f 163 230 164
f 164 230 231
f 164 231 165
f 165 231 232
f 165 232 166
f 166 232 233
f 166 233 167
f 168 167 233
f 168 233 234
f 168 234 235
f 168 235 169
f 169 235 236
f 169 236 170
f 171 170 236
f 171 236 237
f 171 237 238
f 171 238 172
f 172 238 239
f 172 239 173
f 174 173 239
f 174 239 240
f 174 240 241
f 174 241 175
f 175 241 242
f 175 242 176
f 177 176 242
f 177 242 243
f 177 243 244
f 177 244 178
f 179 178 244
f 179 244 245
f 179 245 246
f 179 246 180
f 180 246 247
f 180 247 181
f 182 181 247
f 182 247 248
f 182 248 249
f 182 249 183
f 183 249 250
f 183 250 184
f 184 250 251
f 184 251 185
f 185 251 252
f 185 252 186
f 252 253 187
f 252 187 186
f 187 253 254
f 187 254 188
f 188 254 255
f 188 255 189
f 255 256 190
f 255 190 189
f 190 256 257
f 190 257 191
f 191 257 258
f 191 258 192
f 258 259 193
f 258 193 192
f 193 259 260
f 193 260 194
f 194 260 261
f 194 261 195
f 195 261 262
f 195 262 196
f 196 262 263
f 196 263 197
f 197 263 264
f 197 264 198
f 199 265 266
f 199 266 200
f 200 266 267
f 200 267 201
f 201 267 268
f 201 268 202
f 202 268 269
f 202 269 203
f 203 269 270
f 203 270 204
f 205 204 270
f 205 270 271
f 205 271 272
f 205 272 206
f 206 272 273
f 206 273 207
f 208 207 273
f 208 273 274
f 208 274 275
f 208 275 209
f 209 275 276
f 209 276 210
f 210 276 277
f 210 277 211
f 211 277 278
f 211 278 212
f 212 278 279
f 212 279 213
f 213 279 280
f 213 280 214
f 214 280 281
f 214 281 215
f 282 283 281
f 282 281 280
f 281 283 216
f 281 216 215
f 216 283 284
f 216 284 217
f 284 285 218
f 284 218 217
f 218 285 286
f 218 286 219
f 286 287 220
f 286 220 219
f 220 287 288
f 220 288 221
f 288 289 222
f 288 222 221
f 222 289 290
f 222 290 223
f 223 290 291
f 223 291 224
f 292 293 291
f 292 291 290
f 291 293 225
f 291 225 224
f 225 293 294
f 225 294 226
f 226 294 295
f 226 295 227
f 296 297 295
f 296 295 294
f 295 297 228
f 295 228 227
f 228 297 298
f 228 298 229
f 229 298 299
f 229 299 230
f 230 299 300
f 230 300 231
f 231 300 301
f 231 301 232
f 232 301 302
f 232 302 233
f 234 233 302
f 234 302 303
f 234 303 304
f 234 304 235
f 235 304 305
f 235 305 236
f 237 236 305
f 237 305 306
f 237 306 307
f 237 307 238
f 238 307 308
f 238 308 239
f 240 239 308
f 240 308 309
f 240 309 310
f 240 310 241
f 241 310 311
f 241 311 242
f 243 242 311
f 243 311 312
f 243 312 313
f 243 313 244
f 245 244 313
f 245 313 314
f 245 314 315
f 245 315 246
f 313 316 315
f 313 315 314
f 246 315 317
f 246 317 247
f 248 247 317
f 248 317 318
f 248 318 319
f 248 319 249
f 317 320 319
f 317 319 318
f 249 319 321
f 249 321 250
f 250 321 322
f 250 322 251
f 251 322 323
f 251 323 252
f 324 325 323
f 324 323 322
f 323 325 253
f 323 253 252
f 253 325 326
f 253 326 254
f 254 326 327
f 254 327 255
f 327 328 256
f 327 256 255
f 256 328 329
f 256 329 257
f 257 329 330
f 257 330 258
f 331 332 330
f 331 330 329
f 330 332 259
f 330 259 258
f 259 332 333
f 259 333 260
f 260 333 334
f 260 334 261
f 335 336 334
f 335 334 333
f 261 334 337
f 261 337 262
f 336 338 337
f 336 337 334
f 262 337 339
f 262 339 263
f 338 340 339
f 338 339 337
f 263 339 341
f 263 341 264
f 340 342 341
f 340 341 339
f 265 343 344
f 265 344 266
f 345 346 344
f 345 344 343
f 266 344 347
f 266 347 267
f 346 348 347
f 346 347 344
f 267 347 349
f 267 349 268
f 348 350 349
f 348 349 347
f 268 349 351
f 268 351 269
f 350 352 351
f 350 351 349
f 269 351 353
f 269 353 270
f 352 354 353
f 352 353 351
f 271 270 353
f 271 353 354
f 271 354 355
f 271 355 272
f 272 355 356
f 272 356 273
f 357 358 356
f 357 356 355
f 274 273 356
f 274 356 358
f 274 358 359
f 274 359 275
f 275 359 360
f 275 360 276
f 276 360 361
f 276 361 277
f 362 363 361
f 362 361 360
f 277 361 364
f 277 364 278
f 363 365 364
f 363 364 361
f 278 364 366
f 278 366 279
f 279 366 367
f 279 367 280
f 367 368 282
f 367 282 280
f 282 368 369
f 282 369 283
f 283 369 370
f 283 370 284
f 371 372 370
f 371 370 369
f 370 372 285
f 370 285 284
f 285 372 373
f 285 373 286
f 374 375 373
f 374 373 372
f 373 375 287
f 373 287 286
f 287 375 376
f 287 376 288
f 376 377 289
f 376 289 288
f 289 377 378
f 289 378 290
f 378 379 292
f 378 292 290
f 292 379 380
f 292 380 293
f 293 380 381
f 293 381 294
f 382 383 381
f 382 381 380
f 381 383 296
f 381 296 294
f 296 383 384
f 296 384 297
f 297 384 385
f 297 385 298
f 386 387 385
f 386 385 384
f 298 385 388
f 298 388 299
f 387 389 388
f 387 388 385
f 299 388 390
f 299 390 300
f 389 391 390
f 389 390 388
f 300 390 392
f 300 392 301
f 391 393 392
f 391 392 390
f 301 392 394
f 301 394 302
f 303 302 394
f 303 394 395
f 303 395 396
f 303 396 304
f 394 397 396
f 394 396 395
f 304 396 398
f 304 398 305
f 397 399 398
f 397 398 396
f 306 305 398
f 306 398 400
f 306 400 401
f 306 401 307
f 398 402 401
f 398 401 400
f 307 401 403
f 307 403 308
f 309 308 403
f 309 403 404
f 309 404 405
f 309 405 310
f 403 406 405
f 403 405 404
f 310 405 407
f 310 407 311
f 312 311 407
f 312 407 408
f 312 408 409
f 312 409 313
f 407 410 409
f 407 409 408
f 313 409 411
f 313 411 316
f 315 316 411
f 315 411 412
f 315 412 413
f 315 413 317
f 411 414 413
f 411 413 412
f 317 413 415
f 317 415 320
f 319 320 415
f 319 415 416
f 319 416 417
f 319 417 321
f 415 418 417
f 415 417 416
f 321 417 419
f 321 419 322
f 418 420 419
f 418 419 417
f 419 420 324
f 419 324 322
f 324 420 421
f 324 421 325
f 325 421 422
f 325 422 326
f 423 424 422
f 423 422 421
f 326 422 425
f 326 425 327
f 424 426 425
f 424 425 422
f 425 426 328
f 425 328 327
f 328 426 427
f 328 427 329
f 428 429 427
f 428 427 426
f 427 429 331
f 427 331 329
f 331 429 430
f 331 430 332
f 332 430 431
f 332 431 333
f 432 433 431
f 432 431 430
f 431 433 335
f 431 335 333
f 335 433 434
f 335 434 336
f 336 434 435
f 336 435 338
f 338 435 436
f 338 436 340
f 340 436 437
f 340 437 342
f 345 438 439
f 345 439 346
f 346 439 440
f 346 440 348
f 348 440 441
f 348 441 350
f 350 441 442
f 350 442 352
f 352 442 443
f 352 443 354
f 354 443 444
f 354 444 355
f 445 446 444
f 445 444 443
f 357 355 444
f 357 444 446
f 357 446 447
f 357 447 358
f 358 447 448
f 358 448 359
f 449 450 448
f 449 448 447
f 359 448 451
f 359 451 360
f 450 452 451
f 450 451 448
f 362 360 451
f 362 451 452
f 362 452 453
f 362 453 363
f 363 453 454
f 363 454 365
f 454 455 364
f 454 364 365
f 364 455 456
f 364 456 366
f 366 456 457
f 366 457 367
f 457 458 368
f 457 368 367
f 368 458 459
f 368 459 369
f 459 460 371
f 459 371 369
f 371 460 461
f 371 461 372
f 461 462 374
f 461 374 372
f 374 462 463
f 374 463 375
f 375 463 464
f 375 464 376
f 465 466 464
f 465 464 463
f 464 466 377
f 464 377 376
f 377 466 467
f 377 467 378
f 468 469 467
f 468 467 466
f 467 469 379
f 467 379 378
f 379 469 470
f 379 470 380
f 471 472 470
f 471 470 469
f 470 472 382
f 470 382 380
f 382 472 473
f 382 473 383
f 383 473 474
f 383 474 384
f 475 476 474
f 475 474 473
f 474 476 386
f 474 386 384
f 386 476 477
f 386 477 387
f 387 477 478
f 387 478 389
f 389 478 479
f 389 479 391
f 391 479 480
f 391 480 393
f 392 393 480
f 392 480 481
f 392 481 482
f 392 482 394
f 480 483 482
f 480 482 481
f 394 482 484
f 394 484 397
f 397 484 485
f 397 485 399
f 398 399 485
f 398 485 486
f 398 486 487
f 398 487 402
f 401 402 487
f 401 487 488
f 401 488 489
f 401 489 403
f 487 490 489
f 487 489 488
f 403 489 491
f 403 491 406
f 405 406 491
f 405 491 492
f 405 492 493
f 405 493 407
f 407 493 494
f 407 494 410
f 409 410 494
f 409 494 495
f 409 495 496
f 409 496 411
f 411 496 497
f 411 497 414
f 413 414 497
f 413 497 498
f 413 498 499
f 413 499 415
f 497 500 499
f 497 499 498
f 415 499 501
f 415 501 418
f 500 502 501
f 500 501 499
f 418 501 503
f 418 503 420
f 502 504 503
f 502 503 501
f 420 503 505
f 420 505 421
f 504 506 505
f 504 505 503
f 505 506 423
f 505 423 421
f 423 506 507
f 423 507 424
f 424 507 508
f 424 508 426
f 509 510 508
f 509 508 507
f 508 510 428
f 508 428 426
f 428 510 511
f 428 511 429
f 512 513 511
f 512 511 510
f 429 511 514
f 429 514 430
f 513 515 514
f 513 514 511
f 514 515 432
f 514 432 430
f 432 515 516
f 432 516 433
f 517 518 516
f 517 516 515
f 433 516 519
f 433 519 434
f 518 520 519
f 518 519 516
f 434 519 521
f 434 521 435
f 520 522 521
f 520 521 519
f 435 521 523
f 435 523 436
f 522 524 523
f 522 523 521
f 436 523 525
f 436 525 437
f 524 526 525
f 524 525 523
f 438 527 528
f 438 528 439
f 529 530 528
f 529 528 527
f 439 528 531
f 439 531 440
f 530 532 531
f 530 531 528
f 440 531 533
f 440 533 441
f 532 534 533
f 532 533 531
f 441 533 535
f 441 535 442
f 534 536 535
f 534 535 533
f 442 535 537
f 442 537 443
f 536 538 537
f 536 537 535
f 445 443 537
f 445 537 538
f 445 538 539
f 445 539 446
f 446 539 540
f 446 540 447
f 541 542 540
f 541 540 539
f 449 447 540
f 449 540 542
f 449 542 543
f 449 543 450
f 450 543 544
f 450 544 452
f 452 544 545
f 452 545 453
f 453 545 546
f 453 546 454
f 546 547 455
f 546 455 454
f 455 547 548
f 455 548 456
f 546 549 548
f 546 548 547
f 456 548 550
f 456 550 457
f 550 551 458
f 550 458 457
f 458 551 552
f 458 552 459
f 552 553 460
f 552 460 459
f 460 553 554
f 460 554 461
f 554 555 462
f 554 462 461
f 462 555 556
f 462 556 463
f 556 557 465
f 556 465 463
f 465 557 558
f 465 558 466
f 558 559 468
f 558 468 466
f 468 559 560
f 468 560 469
f 560 561 471
f 560 471 469
f 471 561 562
f 471 562 472
f 472 562 563
f 472 563 473
f 564 565 563
f 564 563 562
f 563 565 475
f 563 475 473
f 475 565 566
f 475 566 476
f 476 566 567
f 476 567 477
f 568 569 567
f 568 567 566
f 477 567 570
f 477 570 478
f 569 571 570
f 569 570 567
f 478 570 572
f 478 572 479
f 571 573 572
f 571 572 570
f 479 572 574
f 479 574 480
f 573 575 574
f 573 574 572
f 480 574 576
f 480 576 483
f 482 483 576
f 482 576 577
f 482 577 578
f 482 578 484
f 576 579 578
f 576 578 577
f 484 578 580
f 484 580 485
f 486 485 580
f 486 580 581
f 486 581 582
f 486 582 487
f 580 583 582
f 580 582 581
f 487 582 584
f 487 584 490
f 489 490 584
f 489 584 585
f 489 585 586
f 489 586 491
f 492 491 586
f 492 586 587
f 492 587 588
f 492 588 493
f 586 589 588
f 586 588 587
f 493 588 590
f 493 590 494
f 495 494 590
f 495 590 591
f 495 591 592
f 495 592 496
f 590 593 592
f 590 592 591
f 496 592 594
f 496 594 497
f 497 594 595
f 497 595 500
f 500 595 596
f 500 596 502
f 502 596 597
f 502 597 504
f 504 597 598
f 504 598 506
f 599 600 598
f 599 598 597
f 506 598 601
f 506 601 507
f 600 602 601
f 600 601 598
f 601 602 509
f 601 509 507
f 509 602 603
f 509 603 510
f 604 605 603
f 604 603 602
f 603 605 512
f 603 512 510
f 512 605 606
f 512 606 513
f 513 606 607
f 513 607 515
f 608 609 607
f 608 607 606
f 607 609 517
f 607 517 515
f 517 609 610
f 517 610 518
f 611 612 610
f 611 610 609
f 518 610 613
f 518 613 520
f 612 614 613
f 612 613 610
f 520 613 615
f 520 615 522
f 614 616 615
f 614 615 613
f 522 615 617
f 522 617 524
f 616 618 617
f 616 617 615
f 524 617 619
f 524 619 526
f 618 620 619
f 618 619 617
f 529 621 622
f 529 622 530
f 623 624 622
f 623 622 621
f 530 622 625
f 530 625 532
f 624 626 625
f 624 625 622
f 532 625 627
f 532 627 534
f 626 628 627
f 626 627 625
f 534 627 629
f 534 629 536
f 628 630 629
f 628 629 627
f 536 629 631
f 536 631 538
f 630 632 631
f 630 631 629
f 538 631 633
f 538 633 539
f 632 634 633
f 632 633 631
f 541 539 633
f 541 633 634
f 541 634 635
f 541 635 542
f 542 635 636
f 542 636 543
f 637 638 636
f 637 636 635
f 543 636 639
f 543 639 544
f 638 640 639
f 638 639 636
f 544 639 641
f 544 641 545
f 640 642 641
f 640 641 639
f 545 641 643
f 545 643 546
f 546 643 644
f 546 644 549
f 644 645 548
f 644 548 549
f 548 645 646
f 548 646 550
f 646 647 551
f 646 551 550
f 551 647 648
f 551 648 552
f 648 649 553
f 648 553 552
f 553 649 650
f 553 650 554
f 650 651 555
f 650 555 554
f 555 651 652
f 555 652 556
f 652 653 557
f 652 557 556
f 557 653 654
f 557 654 558
f 654 655 559
f 654 559 558
f 559 655 656
f 559 656 560
f 656 657 561
f 656 561 560
f 561 657 658
f 561 658 562
f 658 659 564
f 658 564 562
f 564 659 660
f 564 660 565
f 565 660 661
f 565 661 566
f 662 663 661
f 662 661 660
f 661 663 568
f 661 568 566
f 568 663 664
f 568 664 569
f 569 664 665
f 569 665 571
f 571 665 666
f 571 666 573
f 573 666 667
f 573 667 575
f 574 575 667
f 574 667 668
f 574 668 669
f 574 669 576
f 667 670 669
f 667 669 668
f 576 669 671
f 576 671 579
f 578 579 671
f 578 671 672
f 578 672 673
f 578 673 580
f 580 673 674
f 580 674 583
f 582 583 674
f 582 674 675
f 582 675 676
f 582 676 584
f 585 584 676
f 585 676 677
f 585 677 678
f 585 678 586
f 586 678 679
f 586 679 589
f 588 589 679
f 588 679 680
f 588 680 681
f 588 681 590
f 590 681 682
f 590 682 593
f 592 593 682
f 592 682 683
f 592 683 684
f 592 684 594
f 682 685 684
f 682 684 683
f 594 684 686
f 594 686 595
f 595 686 687
f 595 687 596
f 596 687 688
f 596 688 597
f 689 690 688
f 689 688 687
f 688 690 599
f 688 599 597
f 599 690 691
f 599 691 600
f 600 691 692
f 600 692 602
f 693 694 692
f 693 692 691
f 692 694 604
f 692 604 602
f 604 694 695
f 604 695 605
f 605 695 696
f 605 696 606
f 697 698 696
f 697 696 695
f 696 698 608
f 696 608 606
f 608 698 699
f 608 699 609
f 700 701 699
f 700 699 698
f 699 701 611
f 699 611 609
f 611 701 702
f 611 702 612
f 612 702 703
f 612 703 614
f 614 703 704
f 614 704 616
f 616 704 705
f 616 705 618
f 618 705 706
f 618 706 620
f 623 707 708
f 623 708 624
f 624 708 709
f 624 709 626
f 626 709 710
f 626 710 628
f 628 710 711
f 628 711 630
f 630 711 712
f 630 712 632
f 632 712 713
f 632 713 634
f 714 715 713
f 714 713 712
f 634 713 716
f 634 716 635
f 715 717 716
f 715 716 713
f 637 635 716
f 637 716 717
f 637 717 718
f 637 718 638
f 638 718 719
f 638 719 640
f 640 719 720
f 640 720 642
f 720 721 641
f 720 641 642
f 641 721 722
f 641 722 643
f 720 723 722
f 720 722 721
f 643 722 724
f 643 724 644
f 724 725 645
f 724 645 644
f 645 725 726
f 645 726 646
f 726 727 647
f 726 647 646
f 647 727 728
f 647 728 648
f 728 729 649
f 728 649 648
f 649 729 730
f 649 730 650
f 730 731 651
f 730 651 650
f 651 731 732
f 651 732 652
f 732 733 653
f 732 653 652
f 653 733 734
f 653 734 654
f 734 735 655
f 734 655 654
f 655 735 736
f 655 736 656
f 736 737 657
f 736 657 656
f 657 737 738
f 657 738 658
f 739 740 738
f 739 738 737
f 738 740 659
f 738 659 658
f 659 740 741
f 659 741 660
f 741 742 662
f 741 662 660
f 662 742 743
f 662 743 663
f 663 743 744
f 663 744 664
f 664 744 745
f 664 745 665
f 665 745 746
f 665 746 666
f 666 746 747
f 666 747 667
f 667 747 748
f 667 748 670
f 669 670 748
f 669 748 749
f 669 749 750
f 669 750 671
f 672 671 750
f 672 750 751
f 672 751 752
f 672 752 673
f 673 752 753
f 673 753 674
f 675 674 753
f 675 753 754
f 675 754 755
f 675 755 676
f 677 676 755
f 677 755 756
f 677 756 757
f 677 757 678
f 678 757 758
f 678 758 679
f 680 679 758
f 680 758 759
f 680 759 760
f 680 760 681
f 681 760 761
f 681 761 682
f 682 761 762
f 682 762 685
f 684 685 762
f 684 762 763
f 684 763 764
f 684 764 686
f 762 765 764
f 762 764 763
f 686 764 766
f 686 766 687
f 765 767 766
f 765 766 764
f 766 767 689
f 766 689 687
f 689 767 768
f 689 768 690
f 690 768 769
f 690 769 691
f 769 770 693
f 769 693 691
f 693 770 771
f 693 771 694
f 694 771 772
f 694 772 695
f 773 774 772
f 773 772 771
f 772 774 697
f 772 697 695
f 697 774 775
f 697 775 698
f 775 776 700
f 775 700 698
f 700 776 777
f 700 777 701
f 701 777 778
f 701 778 702
f 779 780 778
f 779 778 777
f 702 778 781
f 702 781 703
f 780 782 781
f 780 781 778
f 703 781 783
f 703 783 704
f 782 784 783
f 782 783 781
f 704 783 785
f 704 785 705
f 784 786 785
f 784 785 783
f 705 785 787
f 705 787 706
f 786 788 787
f 786 787 785
f 707 789 790
f 707 790 708
f 791 792 790
f 791 790 789
f 708 790 793
f 708 793 709
f 792 794 793
f 792 793 790
f 709 793 795
f 709 795 710
f 794 796 795
f 794 795 793
f 710 795 797
f 710 797 711
f 796 798 797
f 796 797 795
f 711 797 799
f 711 799 712
f 798 800 799
f 798 799 797
f 714 712 799
f 714 799 800
f 714 800 801
f 714 801 715
f 715 801 802
f 715 802 717
f 717 802 803
f 717 803 718
f 804 805 803
f 804 803 802
f 718 803 806
f 718 806 719
f 805 807 806
f 805 806 803
f 719 806 808
f 719 808 720
f 807 809 808
f 807 808 806
f 720 808 810
f 720 810 723
f 810 811 722
f 810 722 723
f 722 811 812
f 722 812 724
f 810 813 812
f 810 812 811
f 812 814 725
f 812 725 724
f 725 814 815
f 725 815 726
f 812 816 815
f 812 815 814
f 815 817 727
f 815 727 726
f 727 817 818
f 727 818 728
f 815 819 818
f 815 818 817
f 818 820 729
f 818 729 728
f 729 820 821
f 729 821 730
f 821 822 731
f 821 731 730
f 731 822 823
f 731 823 732
f 823 824 733
f 823 733 732
f 733 824 825
f 733 825 734
f 825 826 735
f 825 735 734
f 735 826 827
f 735 827 736
f 827 828 739
f 827 739 736
f 739 828 829
f 739 829 740
f 830 831 829
f 830 829 828
f 740 829 832
f 740 832 741
f 832 833 742
f 832 742 741
f 742 833 834
f 742 834 743
f 743 834 835
f 743 835 744
f 744 835 836
f 744 836 745
f 745 836 837
f 745 837 746
f 746 837 838
f 746 838 747
f 747 838 839
f 747 839 748
f 840 841 839
f 840 839 838
f 749 748 839
f 749 839 841
f 749 841 842
f 749 842 750
f 751 750 842
f 751 842 843
f 751 843 844
f 751 844 752
f 752 844 845
f 752 845 753
f 846 847 845
f 846 845 844
f 754 753 845
f 754 845 847
f 754 847 848
f 754 848 755
f 756 755 848
f 756 848 849
f 756 849 850
f 756 850 757
f 757 850 851
f 757 851 758
f 759 758 851
f 759 851 852
f 759 852 853
f 759 853 760
f 760 853 854
f 760 854 761
f 761 854 855
f 761 855 762
f 762 855 856
f 762 856 765
f 765 856 857
f 765 857 767
f 767 857 858
f 767 858 768
f 768 858 859
f 768 859 769
f 860 861 859
f 860 859 858
f 859 861 770
f 859 770 769
f 770 861 862
f 770 862 771
f 862 863 773
f 862 773 771
f 773 863 864
f 773 864 774
f 774 864 865
f 774 865 775
f 866 867 865
f 866 865 864
f 865 867 776
f 865 776 775
f 776 867 868
f 776 868 777
f 868 869 779
f 868 779 777
f 779 869 870
f 779 870 780
f 780 870 871
f 780 871 782
f 782 871 872
f 782 872 784
f 784 872 873
f 784 873 786
f 786 873 874
f 786 874 788
f 791 875 876
f 791 876 792
f 792 876 877
f 792 877 794
f 794 877 878
f 794 878 796
f 796 878 879
f 796 879 798
f 798 879 880
f 798 880 800
f 800 880 881
f 800 881 801
f 882 883 881
f 882 881 880
f 801 881 884
f 801 884 802
f 883 885 884
f 883 884 881
f 804 802 884
f 804 884 885
f 804 885 886
f 804 886 805
f 805 886 887
f 805 887 807
f 807 887 888
f 807 888 809
f 888 889 808
f 888 808 809
f 808 889 890
f 808 890 810
f 888 891 890
f 888 890 889
f 810 890 892
f 810 892 813
f 892 893 812
f 892 812 813
f 812 893 894
f 812 894 816
f 894 895 815
f 894 815 816
f 815 895 896
f 815 896 819
f 896 897 820
f 896 820 819
f 820 897 898
f 820 898 821
f 899 900 898
f 899 898 897
f 898 901 822
f 898 822 821
f 822 901 902
f 822 902 823
f 898 903 902
f 898 902 901
f 902 904 824
f 902 824 823
f 824 904 905
f 824 905 825
f 905 906 826
f 905 826 825
f 826 906 907
f 826 907 827
f 907 908 830
f 907 830 827
f 830 908 909
f 830 909 831
f 909 910 829
f 909 829 831
f 829 910 911
f 829 911 832
f 911 912 833
f 911 833 832
f 833 912 913
f 833 913 834
f 911 914 913
f 911 913 912
f 834 913 915
f 834 915 835
f 835 915 916
f 835 916 836
f 836 916 917
f 836 917 837
f 837 917 918
f 837 918 838
f 919 920 918
f 919 918 917
f 840 838 918
f 840 918 920
f 840 920 921
f 840 921 841
f 841 921 922
f 841 922 842
f 923 924 922
f 923 922 921
f 843 842 922
f 843 922 924
f 843 924 925
f 843 925 844
f 846 844 925
f 846 925 926
f 846 926 927
f 846 927 847
f 847 927 928
f 847 928 848
f 929 930 928
f 929 928 927
f 849 848 928
f 849 928 930
f 849 930 931
f 849 931 850
f 850 931 932
f 850 932 851
f 933 934 932
f 933 932 931
f 852 851 932
f 852 932 934
f 852 934 935
f 852 935 853
f 853 935 936
f 853 936 854
f 937 938 936
f 937 936 935
f 854 936 939
f 854 939 855
f 938 940 939
f 938 939 936
f 855 939 941
f 855 941 856
f 940 942 941
f 940 941 939
f 856 941 943
f 856 943 857
f 857 943 944
f 857 944 858
f 944 945 860
f 944 860 858
f 860 945 946
f 860 946 861
f 861 946 947
f 861 947 862
f 947 948 863
f 947 863 862
f 863 948 949
f 863 949 864
f 949 950 866
f 949 866 864
f 866 950 951
f 866 951 867
f 867 951 952
f 867 952 868
f 952 953 869
f 952 869 868
f 869 953 954
f 869 954 870
f 870 954 955
f 870 955 871
f 871 955 956
f 871 956 872
f 872 956 957
f 872 957 873
f 873 957 958
f 873 958 874
f 875 959 960
f 875 960 876
f 961 962 960
f 961 960 959
f 876 960 963
f 876 963 877
f 962 964 963
f 962 963 960
f 877 963 965
f 877 965 878
f 964 966 965
f 964 965 963
f 878 965 967
f 878 967 879
f 966 968 967
f 966 967 965
f 879 967 969
f 879 969 880
f 968 970 969
f 968 969 967
f 882 880 969
f 882 969 970
f 882 970 971
f 882 971 883
f 883 971 972
f 883 972 885
f 885 972 973
f 885 973 886
f 974 975 973
f 974 973 972
f 886 973 976
f 886 976 887
f 975 977 976
f 975 976 973
f 887 976 978
f 887 978 888
f 888 978 979
f 888 979 891
f 979 980 890
f 979 890 891
f 890 980 981
f 890 981 892
f 979 982 981
f 979 981 980
f 981 983 893
f 981 893 892
f 893 983 984
f 893 984 894
f 981 985 984
f 981 984 983
f 984 986 895
f 984 895 894
f 895 986 987
f 895 987 896
f 984 988 987
f 984 987 986
f 987 989 899
f 987 899 896
f 899 989 990
f 899 990 900
f 990 991 898
f 990 898 900
f 898 991 992
f 898 992 903
f 992 993 904
f 992 904 903
f 904 993 994
f 904 994 905
f 995 996 994
f 995 994 993
f 994 997 906
f 994 906 905
f 906 997 998
f 906 998 907
f 994 999 998
f 994 998 997
f 998 1000 908
f 998 908 907
f 908 1000 1001
f 908 1001 909
f 998 1002 1001
f 998 1001 1000
f 1001 1003 910
f 1001 910 909
f 910 1003 1004
f 910 1004 911
f 1001 1005 1004
f 1001 1004 1003
f 911 1004 1006
f 911 1006 914
f 1006 1007 913
f 1006 913 914
f 913 1007 1008
f 913 1008 915
f 1006 1009 1008
f 1006 1008 1007
f 915 1008 1010
f 915 1010 916
f 1009 1011 1010
f 1009 1010 1008
f 916 1010 1012
f 916 1012 917
f 1011 1013 1012
f 1011 1012 1010
f 919 917 1012
f 919 1012 1013
f 919 1013 1014
f 919 1014 920
f 920 1014 1015
f 920 1015 921
f 1016 1017 1015
f 1016 1015 1014
f 923 921 1015
f 923 1015 1017
f 923 1017 1018
f 923 1018 924
f 924 1018 1019
f 924 1019 925
f 1020 1021 1019
f 1020 1019 1018
f 926 925 1019
f 926 1019 1021
f 926 1021 1022
f 926 1022 927
f 1023 1024 1022
f 1023 1022 1021
f 929 927 1022
f 929 1022 1024
f 929 1024 1025
f 929 1025 930
f 930 1025 1026
f 930 1026 931
f 1027 1028 1026
f 1027 1026 1025
f 933 931 1026
f 933 1026 1028
f 933 1028 1029
f 933 1029 934
f 934 1029 1030
f 934 1030 935
f 1031 1032 1030
f 1031 1030 1029
f 937 935 1030
f 937 1030 1032
f 937 1032 1033
f 937 1033 938
f 938 1033 1034
f 938 1034 940
f 940 1034 1035
f 940 1035 942
f 1035 1036 941
f 1035 941 942
f 941 1036 1037
f 941 1037 943
f 1035 1038 1037
f 1035 1037 1036
f 943 1037 1039
f 943 1039 944
f 1039 1040 945
f 1039 945 944
f 945 1040 1041
f 945 1041 946
f 1039 1042 1041
f 1039 1041 1040
f 946 1041 1043
f 946 1043 947
f 1043 1044 948
f 1043 948 947
f 948 1044 1045
f 948 1045 949
f 1045 1046 950
f 1045 950 949
f 950 1046 1047
f 950 1047 951
f 1045 1048 1047
f 1045 1047 1046
f 951 1047 1049
f 951 1049 952
f 1049 1050 953
f 1049 953 952
f 953 1050 1051
f 953 1051 954
f 954 1051 1052
f 954 1052 955
f 955 1052 1053
f 955 1053 956
f 956 1053 1054
f 956 1054 957
f 957 1054 1055
f 957 1055 958
f 961 1056 1057
f 961 1057 962
f 962 1057 1058
f 962 1058 964
f 964 1058 1059
f 964 1059 966
f 966 1059 1060
f 966 1060 968
f 968 1060 1061
f 968 1061 970
f 970 1061 1062
f 970 1062 971
f 971 1062 1063
f 971 1063 972
f 1064 1065 1063
f 1064 1063 1062
f 974 972 1063
f 974 1063 1065
f 974 1065 1066
f 974 1066 975
f 975 1066 1067
f 975 1067 977
f 1067 1068 976
f 1067 976 977
f 976 1068 1069
f 976 1069 978
f 1067 1070 1069
f 1067 1069 1068
f 978 1069 1071
f 978 1071 979
f 1070 1072 1071
f 1070 1071 1069
f 979 1071 1073
f 979 1073 982
f 1073 1074 981
f 1073 981 982
f 981 1074 1075
f 981 1075 985
f 1075 1076 984
f 1075 984 985
f 984 1076 1077
f 984 1077 988
f 1077 1078 989
f 1077 989 988
f 989 1078 1079
f 989 1079 990
f 1080 1081 1079
f 1080 1079 1078
f 1079 1082 991
f 1079 991 990
f 991 1082 1083
f 991 1083 992
f 1079 1084 1083
f 1079 1083 1082
f 1083 1085 995
f 1083 995 992
f 995 1085 1086
f 995 1086 996
f 1083 1087 1086
f 1083 1086 1085
f 1086 1088 994
f 1086 994 996
f 994 1088 1089
f 994 1089 999
f 1089 1090 998
f 1089 998 999
f 998 1090 1091
f 998 1091 1002
f 1091 1092 1001
f 1091 1001 1002
f 1001 1092 1093
f 1001 1093 1005
f 1091 1094 1093
f 1091 1093 1092
f 1093 1095 1004
f 1093 1004 1005
f 1004 1095 1096
f 1004 1096 1006
f 1093 1097 1096
f 1093 1096 1095
f 1006 1096 1098
f 1006 1098 1009
f 1097 1099 1098
f 1097 1098 1096
f 1009 1098 1100
f 1009 1100 1011
f 1099 1101 1100
f 1099 1100 1098
f 1011 1100 1102
f 1011 1102 1013
f 1101 1103 1102
f 1101 1102 1100
f 1013 1102 1104
f 1013 1104 1014
f 1103 1105 1104
f 1103 1104 1102
f 1016 1014 1104
f 1016 1104 1105
f 1016 1105 1106
f 1016 1106 1017
f 1107 1108 1106
f 1107 1106 1105
f 1017 1106 1109
f 1017 1109 1018
f 1108 1110 1109
f 1108 1109 1106
f 1020 1018 1109
f 1020 1109 1110
f 1020 1110 1111
f 1020 1111 1021
f 1112 1113 1111
f 1112 1111 1110
f 1023 1021 1111
f 1023 1111 1113
f 1023 1113 1114
f 1023 1114 1024
f 1024 1114 1115
f 1024 1115 1025
f 1116 1117 1115
f 1116 1115 1114
f 1027 1025 1115
f 1027 1115 1117
f 1027 1117 1118
f 1027 1118 1028
f 1028 1118 1119
f 1028 1119 1029
f 1120 1121 1119
f 1120 1119 1118
f 1031 1029 1119
f 1031 1119 1121
f 1031 1121 1122
f 1031 1122 1032
f 1032 1122 1123
f 1032 1123 1033
f 1033 1123 1124
f 1033 1124 1034
f 1034 1124 1125
f 1034 1125 1035
f 1035 1125 1126
f 1035 1126 1038
f 1126 1127 1037
f 1126 1037 1038
f 1037 1127 1128
f 1037 1128 1039
f 1126 1129 1128
f 1126 1128 1127
f 1039 1128 1130
f 1039 1130 1042
f 1130 1131 1041
f 1130 1041 1042
f 1041 1131 1132
f 1041 1132 1043
f 1132 1133 1044
f 1132 1044 1043
f 1044 1133 1134
f 1044 1134 1045
f 1132 1135 1134
f 1132 1134 1133
f 1045 1134 1136
f 1045 1136 1048
f 1136 1137 1047
f 1136 1047 1048
f 1047 1137 1138
f 1047 1138 1049
f 1138 1139 1050
f 1138 1050 1049
f 1050 1139 1140
f 1050 1140 1051
f 1138 1141 1140
f 1138 1140 1139
f 1051 1140 1142
f 1051 1142 1052
f 1052 1142 1143
f 1052 1143 1053
f 1053 1143 1144
f 1053 1144 1054
f 1054 1144 1145
f 1054 1145 1055
f 1056 1146 1147
f 1056 1147 1057
f 1057 1147 1148
f 1057 1148 1058
f 1058 1148 1149
f 1058 1149 1059
f 1059 1149 1150
f 1059 1150 1060
f 1060 1150 1151
f 1060 1151 1061
f 1061 1151 1152
f 1061 1152 1062
f 1064 1062 1152
f 1064 1152 1153
f 1064 1153 1154
f 1064 1154 1065
f 1065 1154 1155
f 1065 1155 1066
f 1066 1155 1156
f 1066 1156 1067
f 1067 1156 1157
f 1067 1157 1070
f 1070 1157 1158
f 1070 1158 1072
f 1158 1159 1071
f 1158 1071 1072
f 1071 1159 1160
f 1071 1160 1073
f 1158 1161 1160
f 1158 1160 1159
f 1160 1162 1074
f 1160 1074 1073
f 1074 1162 1163
f 1074 1163 1075
f 1160 1164 1163
f 1160 1163 1162
f 1163 1165 1076
f 1163 1076 1075
f 1076 1165 1166
f 1076 1166 1077
f 1163 1167 1166
f 1163 1166 1165
f 1166 1168 1080
f 1166 1080 1077
f 1080 1168 1169
f 1080 1169 1081
f 1166 1170 1169
f 1166 1169 1168
f 1169 1171 1079
f 1169 1079 1081
f 1079 1171 1172
f 1079 1172 1084
f 1169 1173 1172
f 1169 1172 1171
f 1172 1174 1083
f 1172 1083 1084
f 1083 1174 1175
f 1083 1175 1087
f 1175 1176 1088
f 1175 1088 1087
f 1088 1176 1177
f 1088 1177 1089
f 1178 1179 1177
f 1178 1177 1176
f 1177 1180 1090
f 1177 1090 1089
f 1090 1180 1181
f 1090 1181 1091
f 1177 1182 1181
f 1177 1181 1180
f 1091 1181 1183
f 1091 1183 1094
f 1183 1184 1093
f 1183 1093 1094
f 1093 1184 1185
f 1093 1185 1097
f 1183 1186 1185
f 1183 1185 1184
f 1097 1185 1187
f 1097 1187 1099
f 1186 1188 1187
f 1186 1187 1185
f 1099 1187 1189
f 1099 1189 1101
f 1101 1189 1190
f 1101 1190 1103
f 1191 1192 1190
f 1191 1190 1189
f 1103 1190 1193
f 1103 1193 1105
f 1192 1194 1193
f 1192 1193 1190
f 1107 1105 1193
f 1107 1193 1194
f 1107 1194 1195
f 1107 1195 1108
f 1108 1195 1196
f 1108 1196 1110
f 1197 1198 1196
f 1197 1196 1195
f 1112 1110 1196
f 1112 1196 1198
f 1112 1198 1199
f 1112 1199 1113
f 1113 1199 1200
f 1113 1200 1114
f 1201 1202 1200
f 1201 1200 1199
f 1116 1114 1200
f 1116 1200 1202
f 1116 1202 1203
f 1116 1203 1117
f 1204 1205 1203
f 1204 1203 1202
f 1117 1203 1206
f 1117 1206 1118
f 1205 1207 1206
f 1205 1206 1203
f 1120 1118 1206
f 1120 1206 1207
f 1120 1207 1208
f 1120 1208 1121
f 1121 1208 1209
f 1121 1209 1122
f 1210 1211 1209
f 1210 1209 1208
f 1122 1209 1212
f 1122 1212 1123
f 1211 1213 1212
f 1211 1212 1209
f 1123 1212 1214
f 1123 1214 1124
f 1213 1215 1214
f 1213 1214 1212
f 1124 1214 1216
f 1124 1216 1125
f 1215 1217 1216
f 1215 1216 1214
f 1125 1216 1218
f 1125 1218 1126
f 1126 1218 1219
f 1126 1219 1129
f 1219 1220 1128
f 1219 1128 1129
f 1128 1220 1221
f 1128 1221 1130
f 1219 1222 1221
f 1219 1221 1220
f 1221 1223 1131
f 1221 1131 1130
f 1131 1223 1224
f 1131 1224 1132
f 1221 1225 1224
f 1221 1224 1223
f 1132 1224 1226
f 1132 1226 1135
f 1226 1227 1134
f 1226 1134 1135
f 1134 1227 1228
f 1134 1228 1136
f 1228 1229 1137
f 1228 1137 1136
f 1137 1229 1230
f 1137 1230 1138
f 1228 1231 1230
f 1228 1230 1229
f 1138 1230 1232
f 1138 1232 1141
f 1232 1233 1140
f 1232 1140 1141
f 1140 1233 1234
f 1140 1234 1142
f 1232 1235 1234
f 1232 1234 1233
f 1142 1234 1236
f 1142 1236 1143
f 1235 1237 1236
f 1235 1236 1234
f 1143 1236 1238
f 1143 1238 1144
f 1237 1239 1238
f 1237 1238 1236
f 1144 1238 1240
f 1144 1240 1145
f 1239 1241 1240
f 1239 1240 1238
f 1146 1242 1243
f 1146 1243 1147
f 1147 1243 1244
f 1147 1244 1148
f 1148 1244 1245
f 1148 1245 1149
f 1149 1245 1246
f 1149 1246 1150
f 1150 1246 1247
f 1150 1247 1151
f 1151 1247 1248
f 1151 1248 1152
f 1249 1250 1248
f 1249 1248 1247
f 1153 1152 1248
f 1153 1248 1250
f 1153 1250 1251
f 1153 1251 1154
f 1154 1251 1252
f 1154 1252 1155
f 1155 1252 1253
f 1155 1253 1156
f 1254 1255 1253
f 1254 1253 1252
f 1156 1253 1256
f 1156 1256 1157
f 1255 1257 1256
f 1255 1256 1253
f 1157 1256 1258
f 1157 1258 1158
f 1257 1259 1258
f 1257 1258 1256
f 1158 1258 1260
f 1158 1260 1161
f 1260 1261 1160
f 1260 1160 1161
f 1160 1261 1262
f 1160 1262 1164
f 1262 1263 1163
f 1262 1163 1164
f 1163 1263 1264
f 1163 1264 1167
f 1262 1265 1264
f 1262 1264 1263
f 1264 1266 1166
f 1264 1166 1167
f 1166 1266 1267
f 1166 1267 1170
f 1267 1268 1169
f 1267 1169 1170
f 1169 1268 1269
f 1169 1269 1173
f 1269 1270 1174
f 1269 1174 1173
f 1174 1270 1271
f 1174 1271 1175
f 1272 1273 1271
f 1272 1271 1270
f 1271 1274 1178
f 1271 1178 1175
f 1178 1274 1275
f 1178 1275 1179
f 1271 1276 1275
f 1271 1275 1274
f 1275 1277 1177
f 1275 1177 1179
f 1177 1277 1278
f 1177 1278 1182
f 1275 1279 1278
f 1275 1278 1277
f 1278 1280 1181
f 1278 1181 1182
f 1181 1280 1281
f 1181 1281 1183
f 1278 1282 1281
f 1278 1281 1280
f 1183 1281 1283
f 1183 1283 1186
f 1282 1284 1283
f 1282 1283 1281
f 1186 1283 1285
f 1186 1285 1188
f 1285 1286 1187
f 1285 1187 1188
f 1187 1286 1287
f 1187 1287 1189
f 1285 1288 1287
f 1285 1287 1286
f 1191 1189 1287
f 1191 1287 1288
f 1191 1288 1289
f 1191 1289 1192
f 1192 1289 1290
f 1192 1290 1194
f 1291 1292 1290
f 1291 1290 1289
f 1194 1290 1293
f 1194 1293 1195
f 1292 1294 1293
f 1292 1293 1290
f 1197 1195 1293
f 1197 1293 1294
f 1197 1294 1295
f 1197 1295 1198
f 1296 1297 1295
f 1296 1295 1294
f 1198 1295 1298
f 1198 1298 1199
f 1297 1299 1298
f 1297 1298 1295
f 1201 1199 1298
f 1201 1298 1299
f 1201 1299 1300
f 1201 1300 1202
f 1301 1302 1300
f 1301 1300 1299
f 1204 1202 1300
f 1204 1300 1302
f 1204 1302 1303
f 1204 1303 1205
f 1205 1303 1304
f 1205 1304 1207
f 1305 1306 1304
f 1305 1304 1303
f 1207 1304 1307
f 1207 1307 1208
f 1306 1308 1307
f 1306 1307 1304
f 1210 1208 1307
f 1210 1307 1308
f 1210 1308 1309
f 1210 1309 1211
f 1211 1309 1310
f 1211 1310 1213
f 1213 1310 1311
f 1213 1311 1215
f 1215 1311 1312
f 1215 1312 1217
f 1312 1313 1216
f 1312 1216 1217
f 1216 1313 1314
f 1216 1314 1218
f 1312 1315 1314
f 1312 1314 1313
f 1218 1314 1316
f 1218 1316 1219
f 1315 1317 1316
f 1315 1316 1314
f 1219 1316 1318
f 1219 1318 1222
f 1318 1319 1221
f 1318 1221 1222
f 1221 1319 1320
f 1221 1320 1225
f 1320 1321 1224
f 1320 1224 1225
f 1224 1321 1322
f 1224 1322 1226
f 1320 1323 1322
f 1320 1322 1321
f 1322 1324 1227
f 1322 1227 1226
f 1227 1324 1325
f 1227 1325 1228
f 1322 1326 1325
f 1322 1325 1324
f 1228 1325 1327
f 1228 1327 1231
f 1327 1328 1230
f 1327 1230 1231
f 1230 1328 1329
f 1230 1329 1232
f 1327 1330 1329
f 1327 1329 1328
f 1232 1329 1331
f 1232 1331 1235
f 1235 1331 1332
f 1235 1332 1237
f 1237 1332 1333
f 1237 1333 1239
f 1239 1333 1334
f 1239 1334 1241
f 1242 1335 1336
f 1242 1336 1243
f 1243 1336 1337
f 1243 1337 1244
f 1244 1337 1338
f 1244 1338 1245
f 1245 1338 1339
f 1245 1339 1246
f 1246 1339 1340
f 1246 1340 1247
f 1249 1247 1340
f 1249 1340 1341
f 1249 1341 1342
f 1249 1342 1250
f 1250 1342 1343
f 1250 1343 1251
f 1251 1343 1344
f 1251 1344 1252
f 1345 1346 1344
f 1345 1344 1343
f 1254 1252 1344
f 1254 1344 1346
f 1254 1346 1347
f 1254 1347 1255
f 1255 1347 1348
f 1255 1348 1257
f 1257 1348 1349
f 1257 1349 1259
f 1349 1350 1258
f 1349 1258 1259
f 1258 1350 1351
f 1258 1351 1260
f 1349 1352 1351
f 1349 1351 1350
f 1351 1353 1261
f 1351 1261 1260
f 1261 1353 1354
f 1261 1354 1262
f 1351 1355 1354
f 1351 1354 1353
f 1262 1354 1356
f 1262 1356 1265
f 1356 1357 1266
f 1356 1266 1265
f 1266 1357 1358
f 1266 1358 1267
f 1359 1360 1358
f 1359 1358 1357
f 1358 1361 1268
f 1358 1268 1267
f 1268 1361 1362
f 1268 1362 1269
f 1358 1363 1362
f 1358 1362 1361
f 1362 1364 1272
f 1362 1272 1269
f 1272 1364 1365
f 1272 1365 1273
f 1362 1366 1365
f 1362 1365 1364
f 1365 1367 1271
f 1365 1271 1273
f 1271 1367 1368
f 1271 1368 1276
f 1365 1369 1368
f 1365 1368 1367
f 1368 1370 1275
f 1368 1275 1276
f 1275 1370 1371
f 1275 1371 1279
f 1368 1372 1371
f 1368 1371 1370
f 1371 1373 1278
f 1371 1278 1279
f 1278 1373 1374
f 1278 1374 1282
f 1371 1375 1374
f 1371 1374 1373
f 1282 1374 1376
f 1282 1376 1284
f 1375 1377 1376
f 1375 1376 1374
f 1376 1378 1283
f 1376 1283 1284
f 1283 1378 1379
f 1283 1379 1285
f 1376 1380 1379
f 1376 1379 1378
f 1285 1379 1381
f 1285 1381 1288
f 1380 1382 1381
f 1380 1381 1379
f 1288 1381 1383
f 1288 1383 1289
f 1382 1384 1383
f 1382 1383 1381
f 1291 1289 1383
f 1291 1383 1384
f 1291 1384 1385
f 1291 1385 1292
f 1386 1387 1385
f 1386 1385 1384
f 1292 1385 1388
f 1292 1388 1294
f 1387 1389 1388
f 1387 1388 1385
f 1296 1294 1388
f 1296 1388 1389
f 1296 1389 1390
f 1296 1390 1297
f 1297 1390 1391
f 1297 1391 1299
f 1392 1393 1391
f 1392 1391 1390
f 1301 1299 1391
f 1301 1391 1393
f 1301 1393 1394
f 1301 1394 1302
f 1302 1394 1395
f 1302 1395 1303
f 1396 1397 1395
f 1396 1395 1394
f 1305 1303 1395
f 1305 1395 1397
f 1305 1397 1398
f 1305 1398 1306
f 1306 1398 1399
f 1306 1399 1308
f 1308 1399 1400
f 1308 1400 1309
f 1401 1402 1400
f 1401 1400 1399
f 1309 1400 1403
f 1309 1403 1310
f 1402 1404 1403
f 1402 1403 1400
f 1310 1403 1405
f 1310 1405 1311
f 1404 1406 1405
f 1404 1405 1403
f 1311 1405 1407
f 1311 1407 1312
f 1406 1408 1407
f 1406 1407 1405
f 1312 1407 1409
f 1312 1409 1315
f 1315 1409 1410
f 1315 1410 1317
f 1410 1411 1316
f 1410 1316 1317
f 1316 1411 1412
f 1316 1412 1318
f 1410 1413 1412
f 1410 1412 1411
f 1412 1414 1319
f 1412 1319 1318
f 1319 1414 1415
f 1319 1415 1320
f 1412 1416 1415
f 1412 1415 1414
f 1320 1415 1417
f 1320 1417 1323
f 1416 1418 1417
f 1416 1417 1415
f 1417 1419 1322
f 1417 1322 1323
f 1322 1419 1420
f 1322 1420 1326
f 1417 1421 1420
f 1417 1420 1419
f 1420 1422 1325
f 1420 1325 1326
f 1325 1422 1423
f 1325 1423 1327
f 1420 1424 1423
f 1420 1423 1422
f 1327 1423 1425
f 1327 1425 1330
f 1425 1426 1329
f 1425 1329 1330
f 1329 1426 1427
f 1329 1427 1331
f 1425 1428 1427
f 1425 1427 1426
f 1331 1427 1429
f 1331 1429 1332
f 1428 1430 1429
f 1428 1429 1427
f 1332 1429 1431
f 1332 1431 1333
f 1430 1432 1431
f 1430 1431 1429
f 1333 1431 1433
f 1333 1433 1334
f 1432 1434 1433
f 1432 1433 1431
f 1335 1435 1436
f 1335 1436 1336
f 1336 1436 1437
f 1336 1437 1337
f 1337 1437 1438
f 1337 1438 1338
f 1338 1438 1439
f 1338 1439 1339
f 1339 1439 1440
f 1339 1440 1340
f 1341 1340 1440
f 1341 1440 1441
f 1341 1441 1442
f 1341 1442 1342
f 1342 1442 1443
f 1342 1443 1343
f 1345 1343 1443
f 1345 1443 1444
f 1345 1444 1445
f 1345 1445 1346
f 1346 1445 1446
f 1346 1446 1347
f 1347 1446 1447
f 1347 1447 1348
f 1348 1447 1448
f 1348 1448 1349
f 1349 1448 1449
f 1349 1449 1352
f 1449 1450 1351
f 1449 1351 1352
f 1351 1450 1451
f 1351 1451 1355
f 1451 1452 1354
f 1451 1354 1355
f 1354 1452 1453
f 1354 1453 1356
f 1451 1454 1453
f 1451 1453 1452
f 1453 1455 1359
f 1453 1359 1356
f 1359 1455 1456
f 1359 1456 1360
f 1453 1457 1456
f 1453 1456 1455
f 1456 1458 1358
f 1456 1358 1360
f 1358 1458 1459
f 1358 1459 1363
f 1459 1460 1362
f 1459 1362 1363
f 1362 1460 1461
f 1362 1461 1366
f 1461 1462 1365
f 1461 1365 1366
f 1365 1462 1463
f 1365 1463 1369
f 1463 1464 1368
f 1463 1368 1369
f 1368 1464 1465
f 1368 1465 1372
f 1465 1466 1371
f 1465 1371 1372
f 1371 1466 1467
f 1371 1467 1375
f 1465 1468 1467
f 1465 1467 1466
f 1375 1467 1469
f 1375 1469 1377
f 1469 1470 1376
f 1469 1376 1377
f 1376 1470 1471
f 1376 1471 1380
f 1469 1472 1471
f 1469 1471 1470
f 1380 1471 1473
f 1380 1473 1382
f 1472 1474 1473
f 1472 1473 1471
f 1382 1473 1475
f 1382 1475 1384
f 1474 1476 1475
f 1474 1475 1473
f 1386 1384 1475
f 1386 1475 1476
f 1386 1476 1477
f 1386 1477 1387
f 1387 1477 1478
f 1387 1478 1389
f 1479 1480 1478
f 1479 1478 1477
f 1389 1478 1481
f 1389 1481 1390
f 1480 1482 1481
f 1480 1481 1478
f 1392 1390 1481
f 1392 1481 1482
f 1392 1482 1483
f 1392 1483 1393
f 1393 1483 1484
f 1393 1484 1394
f 1485 1486 1484
f 1485 1484 1483
f 1396 1394 1484
f 1396 1484 1486
f 1396 1486 1487
f 1396 1487 1397
f 1397 1487 1488
f 1397 1488 1398
f 1398 1488 1489
f 1398 1489 1399
f 1490 1491 1489
f 1490 1489 1488
f 1401 1399 1489
f 1401 1489 1491
f 1401 1491 1492
f 1401 1492 1402
f 1402 1492 1493
f 1402 1493 1404
f 1404 1493 1494
f 1404 1494 1406
f 1406 1494 1495
f 1406 1495 1408
f 1495 1496 1407
f 1495 1407 1408
f 1407 1496 1497
f 1407 1497 1409
f 1495 1498 1497
f 1495 1497 1496
f 1409 1497 1499
f 1409 1499 1410
f 1498 1500 1499
f 1498 1499 1497
f 1410 1499 1501
f 1410 1501 1413
f 1501 1502 1412
f 1501 1412 1413
f 1412 1502 1503
f 1412 1503 1416
f 1501 1504 1503
f 1501 1503 1502
f 1416 1503 1505
f 1416 1505 1418
f 1505 1506 1417
f 1505 1417 1418
f 1417 1506 1507
f 1417 1507 1421
f 1505 1508 1507
f 1505 1507 1506
f 1507 1509 1420
f 1507 1420 1421
f 1420 1509 1510
f 1420 1510 1424
f 1507 1511 1510
f 1507 1510 1509
f 1510 1512 1423
f 1510 1423 1424
f 1423 1512 1513
f 1423 1513 1425
f 1510 1514 1513
f 1510 1513 1512
f 1425 1513 1515
f 1425 1515 1428
f 1514 1516 1515
f 1514 1515 1513
f 1428 1515 1517
f 1428 1517 1430
f 1516 1518 1517
f 1516 1517 1515
f 1430 1517 1519
f 1430 1519 1432
f 1518 1520 1519
f 1518 1519 1517
f 1432 1519 1521
f 1432 1521 1434
f 1520 1522 1521
f 1520 1521 1519
f 1435 1523 1524
f 1435 1524 1436
f 1436 1524 1525
f 1436 1525 1437
f 1437 1525 1526
f 1437 1526 1438
f 1438 1526 1527
f 1438 1527 1439
f 1439 1527 1528
f 1439 1528 1440
f 1441 1440 1528
f 1441 1528 1529
f 1441 1529 1530
f 1441 1530 1442
f 1442 1530 1531
f 1442 1531 1443
f 1532 1533 1531
f 1532 1531 1530
f 1444 1443 1531
f 1444 1531 1533
f 1444 1533 1534
f 1444 1534 1445
f 1445 1534 1535
f 1445 1535 1446
f 1446 1535 1536
f 1446 1536 1447
f 1537 1538 1536
f 1537 1536 1535
f 1447 1536 1539
f 1447 1539 1448
f 1538 1540 1539
f 1538 1539 1536
f 1448 1539 1541
f 1448 1541 1449
f 1541 1542 1450
f 1541 1450 1449
f 1450 1542 1543
f 1450 1543 1451
f 1541 1544 1543
f 1541 1543 1542
f 1451 1543 1545
f 1451 1545 1454
f 1545 1546 1453
f 1545 1453 1454
f 1453 1546 1547
f 1453 1547 1457
f 1547 1548 1458
f 1547 1458 1457
f 1458 1548 1549
f 1458 1549 1459
f 1550 1551 1549
f 1550 1549 1548
f 1549 1552 1460
f 1549 1460 1459
f 1460 1552 1553
f 1460 1553 1461
f 1549 1554 1553
f 1549 1553 1552
f 1553 1555 1462
f 1553 1462 1461
f 1462 1555 1556
f 1462 1556 1463
f 1553 1557 1556
f 1553 1556 1555
f 1556 1558 1464
f 1556 1464 1463
f 1464 1558 1559
f 1464 1559 1465
f 1556 1560 1559
f 1556 1559 1558
f 1465 1559 1561
f 1465 1561 1468
f 1561 1562 1467
f 1561 1467 1468
f 1467 1562 1563
f 1467 1563 1469
f 1561 1564 1563
f 1561 1563 1562
f 1469 1563 1565
f 1469 1565 1472
f 1564 1566 1565
f 1564 1565 1563
f 1472 1565 1567
f 1472 1567 1474
f 1566 1568 1567
f 1566 1567 1565
f 1474 1567 1569
f 1474 1569 1476
f 1568 1570 1569
f 1568 1569 1567
f 1476 1569 1571
f 1476 1571 1477
f 1570 1572 1571
f 1570 1571 1569
f 1479 1477 1571
f 1479 1571 1572
f 1479 1572 1573
f 1479 1573 1480
f 1480 1573 1574
f 1480 1574 1482
f 1482 1574 1575
f 1482 1575 1483
f 1576 1577 1575
f 1576 1575 1574
f 1485 1483 1575
f 1485 1575 1577
f 1485 1577 1578
f 1485 1578 1486
f 1486 1578 1579
f 1486 1579 1487
f 1487 1579 1580
f 1487 1580 1488
f 1581 1582 1580
f 1581 1580 1579
f 1490 1488 1580
f 1490 1580 1582
f 1490 1582 1583
f 1490 1583 1491
f 1491 1583 1584
f 1491 1584 1492
f 1492 1584 1585
f 1492 1585 1493
f 1493 1585 1586
f 1493 1586 1494
f 1494 1586 1587
f 1494 1587 1495
f 1495 1587 1588
f 1495 1588 1498
f 1498 1588 1589
f 1498 1589 1500
f 1589 1590 1499
f 1589 1499 1500
f 1499 1590 1591
f 1499 1591 1501
f 1589 1592 1591
f 1589 1591 1590
f 1501 1591 1593
f 1501 1593 1504
f 1593 1594 1503
f 1593 1503 1504
f 1503 1594 1595
f 1503 1595 1505
f 1593 1596 1595
f 1593 1595 1594
f 1505 1595 1597
f 1505 1597 1508
f 1597 1598 1507
f 1597 1507 1508
f 1507 1598 1599
f 1507 1599 1511
f 1597 1600 1599
f 1597 1599 1598
f 1599 1601 1510
f 1599 1510 1511
f 1510 1601 1602
f 1510 1602 1514
f 1599 1603 1602
f 1599 1602 1601
f 1514 1602 1604
f 1514 1604 1516
f 1603 1605 1604
f 1603 1604 1602
f 1516 1604 1606
f 1516 1606 1518
f 1605 1607 1606
f 1605 1606 1604
f 1518 1606 1608
f 1518 1608 1520
f 1607 1609 1608
f 1607 1608 1606
f 1520 1608 1610
f 1520 1610 1522
f 1609 1611 1610
f 1609 1610 1608
f 1523 1612 1613
f 1523 1613 1524
f 1524 1613 1614
f 1524 1614 1525
f 1525 1614 1615
f 1525 1615 1526
f 1526 1615 1616
f 1526 1616 1527
f 1527 1616 1617
f 1527 1617 1528
f 1618 1619 1617
f 1618 1617 1616
f 1529 1528 1617
f 1529 1617 1619
f 1529 1619 1620
f 1529 1620 1530
f 1532 1530 1620
f 1532 1620 1621
f 1532 1621 1622
f 1532 1622 1533
f 1533 1622 1623
f 1533 1623 1534
f 1534 1623 1624
f 1534 1624 1535
f 1625 1626 1624
f 1625 1624 1623
f 1537 1535 1624
f 1537 1624 1626
f 1537 1626 1627
f 1537 1627 1538
f 1538 1627 1628
f 1538 1628 1540
f 1628 1629 1539
f 1628 1539 1540
f 1539 1629 1630
f 1539 1630 1541
f 1541 1630 1631
f 1541 1631 1544
f 1631 1632 1543
f 1631 1543 1544
f 1543 1632 1633
f 1543 1633 1545
f 1633 1634 1546
f 1633 1546 1545
f 1546 1634 1635
f 1546 1635 1547
f 1635 1636 1550
f 1635 1550 1547
f 1550 1636 1637
f 1550 1637 1551
f 1637 1638 1549
f 1637 1549 1551
f 1549 1638 1639
f 1549 1639 1554
f 1639 1640 1553
f 1639 1553 1554
f 1553 1640 1641
f 1553 1641 1557
f 1641 1642 1556
f 1641 1556 1557
f 1556 1642 1643
f 1556 1643 1560
f 1643 1644 1559
f 1643 1559 1560
f 1559 1644 1645
f 1559 1645 1561
f 1643 1646 1645
f 1643 1645 1644
f 1561 1645 1647
f 1561 1647 1564
f 1564 1647 1648
f 1564 1648 1566
f 1566 1648 1649
f 1566 1649 1568
f 1568 1649 1650
f 1568 1650 1570
f 1570 1650 1651
f 1570 1651 1572
f 1572 1651 1652
f 1572 1652 1573
f 1573 1652 1653
f 1573 1653 1574
f 1654 1655 1653
f 1654 1653 1652
f 1576 1574 1653
f 1576 1653 1655
f 1576 1655 1656
f 1576 1656 1577
f 1577 1656 1657
f 1577 1657 1578
f 1578 1657 1658
f 1578 1658 1579
f 1581 1579 1658
f 1581 1658 1659
f 1581 1659 1660
f 1581 1660 1582
f 1582 1660 1661
f 1582 1661 1583
f 1583 1661 1662
f 1583 1662 1584
f 1584 1662 1663
f 1584 1663 1585
f 1585 1663 1664
f 1585 1664 1586
f 1586 1664 1665
f 1586 1665 1587
f 1587 1665 1666
f 1587 1666 1588
f 1588 1666 1667
f 1588 1667 1589
f 1589 1667 1668
f 1589 1668 1592
f 1668 1669 1591
f 1668 1591 1592
f 1591 1669 1670
f 1591 1670 1593
f 1668 1671 1670
f 1668 1670 1669
f 1593 1670 1672
f 1593 1672 1596
f 1671 1673 1672
f 1671 1672 1670
f 1672 1674 1595
f 1672 1595 1596
f 1595 1674 1675
f 1595 1675 1597
f 1672 1676 1675
f 1672 1675 1674
f 1597 1675 1677
f 1597 1677 1600
f 1677 1678 1599
f 1677 1599 1600
f 1599 1678 1679
f 1599 1679 1603
f 1677 1680 1679
f 1677 1679 1678
f 1603 1679 1681
f 1603 1681 1605
f 1680 1682 1681
f 1680 1681 1679
f 1605 1681 1683
f 1605 1683 1607
f 1682 1684 1683
f 1682 1683 1681
f 1607 1683 1685
f 1607 1685 1609
f 1684 1686 1685
f 1684 1685 1683
f 1609 1685 1687
f 1609 1687 1611
f 1686 1688 1687
f 1686 1687 1685
f 1612 1689 1690
f 1612 1690 1613
f 1613 1690 1691
f 1613 1691 1614
f 1614 1691 1692
f 1614 1692 1615
f 1615 1692 1693
f 1615 1693 1616
f 1618 1616 1693
f 1618 1693 1694
f 1618 1694 1695
f 1618 1695 1619
f 1619 1695 1696
f 1619 1696 1620
f 1621 1620 1696
f 1621 1696 1697
f 1621 1697 1698
f 1621 1698 1622
f 1622 1698 1699
f 1622 1699 1623
f 1625 1623 1699
f 1625 1699 1700
f 1625 1700 1701
f 1625 1701 1626
f 1626 1701 1702
f 1626 1702 1627
f 1627 1702 1703
f 1627 1703 1628
f 1703 1704 1629
f 1703 1629 1628
f 1629 1704 1705
f 1629 1705 1630
f 1630 1705 1706
f 1630 1706 1631
f 1706 1707 1632
f 1706 1632 1631
f 1632 1707 1708
f 1632 1708 1633
f 1708 1709 1634
f 1708 1634 1633
f 1634 1709 1710
f 1634 1710 1635
f 1710 1711 1636
f 1710 1636 1635
f 1636 1711 1712
f 1636 1712 1637
f 1712 1713 1638
f 1712 1638 1637
f 1638 1713 1714
f 1638 1714 1639
f 1714 1715 1640
f 1714 1640 1639
f 1640 1715 1716
f 1640 1716 1641
f 1714 1717 1716
f 1714 1716 1715
f 1716 1718 1642
f 1716 1642 1641
f 1642 1718 1719
f 1642 1719 1643
f 1716 1720 1719
f 1716 1719 1718
f 1643 1719 1721
f 1643 1721 1646
f 1721 1722 1645
f 1721 1645 1646
f 1645 1722 1723
f 1645 1723 1647
f 1721 1724 1723
f 1721 1723 1722
f 1647 1723 1725
f 1647 1725 1648
f 1648 1725 1726
f 1648 1726 1649
f 1649 1726 1727
f 1649 1727 1650
f 1650 1727 1728
f 1650 1728 1651
f 1651 1728 1729
f 1651 1729 1652
f 1730 1731 1729
f 1730 1729 1728
f 1654 1652 1729
f 1654 1729 1731
f 1654 1731 1732
f 1654 1732 1655
f 1655 1732 1733
f 1655 1733 1656
f 1656 1733 1734
f 1656 1734 1657
f 1657 1734 1735
f 1657 1735 1658
f 1659 1658 1735
f 1659 1735 1736
f 1659 1736 1737
f 1659 1737 1660
f 1735 1738 1737
f 1735 1737 1736
f 1660 1737 1739
f 1660 1739 1661
f 1661 1739 1740
f 1661 1740 1662
f 1662 1740 1741
f 1662 1741 1663
f 1663 1741 1742
f 1663 1742 1664
f 1664 1742 1743
f 1664 1743 1665
f 1665 1743 1744
f 1665 1744 1666
f 1666 1744 1745
f 1666 1745 1667
f 1667 1745 1746
f 1667 1746 1668
f 1668 1746 1747
f 1668 1747 1671
f 1671 1747 1748
f 1671 1748 1673
f 1748 1749 1672
f 1748 1672 1673
f 1672 1749 1750
f 1672 1750 1676
f 1748 1751 1750
f 1748 1750 1749
f 1750 1752 1675
f 1750 1675 1676
f 1675 1752 1753
f 1675 1753 1677
f 1750 1754 1753
f 1750 1753 1752
f 1677 1753 1755
f 1677 1755 1680
f 1754 1756 1755
f 1754 1755 1753
f 1680 1755 1757
f 1680 1757 1682
f 1682 1757 1758
f 1682 1758 1684
f 1684 1758 1759
f 1684 1759 1686
f 1686 1759 1760
f 1686 1760 1688
f 1689 1761 1762
f 1689 1762 1690
f 1690 1762 1763
f 1690 1763 1691
f 1691 1763 1764
f 1691 1764 1692
f 1692 1764 1765
f 1692 1765 1693
f 1694 1693 1765
f 1694 1765 1766
f 1694 1766 1767
f 1694 1767 1695
f 1765 1768 1767
f 1765 1767 1766
f 1695 1767 1769
f 1695 1769 1696
f 1697 1696 1769
f 1697 1769 1770
f 1697 1770 1771
f 1697 1771 1698
f 1698 1771 1772
f 1698 1772 1699
f 1700 1699 1772
f 1700 1772 1773
f 1700 1773 1774
f 1700 1774 1701
f 1772 1775 1774
f 1772 1774 1773
f 1701 1774 1776
f 1701 1776 1702
f 1702 1776 1777
f 1702 1777 1703
f 1778 1779 1777
f 1778 1777 1776
f 1777 1779 1704
f 1777 1704 1703
f 1704 1779 1780
f 1704 1780 1705
f 1705 1780 1781
f 1705 1781 1706
f 1781 1782 1707
f 1781 1707 1706
f 1707 1782 1783
f 1707 1783 1708
f 1783 1784 1709
f 1783 1709 1708
f 1709 1784 1785
f 1709 1785 1710
f 1785 1786 1711
f 1785 1711 1710
f 1711 1786 1787
f 1711 1787 1712
f 1787 1788 1713
f 1787 1713 1712
f 1713 1788 1789
f 1713 1789 1714
f 1787 1790 1789
f 1787 1789 1788
f 1714 1789 1791
f 1714 1791 1717
f 1791 1792 1716
f 1791 1716 1717
f 1716 1792 1793
f 1716 1793 1720
f 1793 1794 1719
f 1793 1719 1720
f 1719 1794 1795
f 1719 1795 1721
f 1721 1795 1796
f 1721 1796 1724
f 1796 1797 1723
f 1796 1723 1724
f 1723 1797 1798
f 1723 1798 1725
f 1796 1799 1798
f 1796 1798 1797
f 1725 1798 1800
f 1725 1800 1726
f 1726 1800 1801
f 1726 1801 1727
f 1727 1801 1802
f 1727 1802 1728
f 1730 1728 1802
f 1730 1802 1803
f 1730 1803 1804
f 1730 1804 1731
f 1802 1805 1804
f 1802 1804 1803
f 1731 1804 1806
f 1731 1806 1732
f 1732 1806 1807
f 1732 1807 1733
f 1733 1807 1808
f 1733 1808 1734
f 1734 1808 1809
f 1734 1809 1735
f 1735 1809 1810
f 1735 1810 1738
f 1737 1738 1810
f 1737 1810 1811
f 1737 1811 1812
f 1737 1812 1739
f 1810 1813 1812
f 1810 1812 1811
f 1739 1812 1814
f 1739 1814 1740
f 1813 1815 1814
f 1813 1814 1812
f 1740 1814 1816
f 1740 1816 1741
f 1815 1817 1816
f 1815 1816 1814
f 1741 1816 1818
f 1741 1818 1742
f 1742 1818 1819
f 1742 1819 1743
f 1743 1819 1820
f 1743 1820 1744
f 1744 1820 1821
f 1744 1821 1745
f 1745 1821 1822
f 1745 1822 1746
f 1746 1822 1823
f 1746 1823 1747
f 1747 1823 1824
f 1747 1824 1748
f 1748 1824 1825
f 1748 1825 1751
f 1825 1826 1750
f 1825 1750 1751
f 1750 1826 1827
f 1750 1827 1754
f 1825 1828 1827
f 1825 1827 1826
f 1754 1827 1829
f 1754 1829 1756
f 1829 1830 1755
f 1829 1755 1756
f 1755 1830 1831
f 1755 1831 1757
f 1829 1832 1831
f 1829 1831 1830
f 1757 1831 1833
f 1757 1833 1758
f 1832 1834 1833
f 1832 1833 1831
f 1758 1833 1835
f 1758 1835 1759
f 1834 1836 1835
f 1834 1835 1833
f 1759 1835 1837
f 1759 1837 1760
f 1836 1838 1837
f 1836 1837 1835
f 1761 1839 1840
f 1761 1840 1762
f 1762 1840 1841
f 1762 1841 1763
f 1763 1841 1842
f 1763 1842 1764
f 1764 1842 1843
f 1764 1843 1765
f 1765 1843 1844
f 1765 1844 1768
f 1767 1768 1844
f 1767 1844 1845
f 1767 1845 1846
f 1767 1846 1769
f 1770 1769 1846
f 1770 1846 1847
f 1770 1847 1848
f 1770 1848 1771
f 1846 1849 1848
f 1846 1848 1847
f 1771 1848 1850
f 1771 1850 1772
f 1772 1850 1851
f 1772 1851 1775
f 1774 1775 1851
f 1774 1851 1852
f 1774 1852 1853
f 1774 1853 1776
f 1851 1854 1853
f 1851 1853 1852
f 1853 1854 1778
f 1853 1778 1776
f 1778 1854 1855
f 1778 1855 1779
f 1779 1855 1856
f 1779 1856 1780
f 1780 1856 1857
f 1780 1857 1781
f 1858 1859 1857
f 1858 1857 1856
f 1857 1859 1782
f 1857 1782 1781
f 1782 1859 1860
f 1782 1860 1783
f 1860 1861 1784
f 1860 1784 1783
f 1784 1861 1862
f 1784 1862 1785
f 1862 1863 1786
f 1862 1786 1785
f 1786 1863 1864
f 1786 1864 1787
f 1787 1864 1865
f 1787 1865 1790
f 1865 1866 1789
f 1865 1789 1790
f 1789 1866 1867
f 1789 1867 1791
f 1867 1868 1792
f 1867 1792 1791
f 1792 1868 1869
f 1792 1869 1793
f 1869 1870 1794
f 1869 1794 1793
f 1794 1870 1871
f 1794 1871 1795
f 1795 1871 1872
f 1795 1872 1796
f 1796 1872 1873
f 1796 1873 1799
f 1873 1874 1798
f 1873 1798 1799
f 1798 1874 1875
f 1798 1875 1800
f 1873 1876 1875
f 1873 1875 1874
f 1800 1875 1877
f 1800 1877 1801
f 1801 1877 1878
f 1801 1878 1802
f 1802 1878 1879
f 1802 1879 1805
f 1804 1805 1879
f 1804 1879 1880
f 1804 1880 1881
f 1804 1881 1806
f 1879 1882 1881
f 1879 1881 1880
f 1806 1881 1883
f 1806 1883 1807
f 1882 1884 1883
f 1882 1883 1881
f 1807 1883 1885
f 1807 1885 1808
f 1884 1886 1885
f 1884 1885 1883
f 1808 1885 1887
f 1808 1887 1809
f 1886 1888 1887
f 1886 1887 1885
f 1809 1887 1889
f 1809 1889 1810
f 1888 1890 1889
f 1888 1889 1887
f 1810 1889 1891
f 1810 1891 1813
f 1890 1892 1891
f 1890 1891 1889
f 1813 1891 1893
f 1813 1893 1815
f 1815 1893 1894
f 1815 1894 1817
f 1816 1817 1894
f 1816 1894 1895
f 1816 1895 1896
f 1816 1896 1818
f 1894 1897 1896
f 1894 1896 1895
f 1818 1896 1898
f 1818 1898 1819
f 1897 1899 1898
f 1897 1898 1896
f 1819 1898 1900
f 1819 1900 1820
f 1820 1900 1901
f 1820 1901 1821
f 1821 1901 1902
f 1821 1902 1822
f 1822 1902 1903
f 1822 1903 1823
f 1823 1903 1904
f 1823 1904 1824
f 1824 1904 1905
f 1824 1905 1825
f 1825 1905 1906
f 1825 1906 1828
f 1906 1907 1827
f 1906 1827 1828
f 1827 1907 1908
f 1827 1908 1829
f 1906 1909 1908
f 1906 1908 1907
f 1829 1908 1910
f 1829 1910 1832
f 1909 1911 1910
f 1909 1910 1908
f 1832 1910 1912
f 1832 1912 1834
f 1911 1913 1912
f 1911 1912 1910
f 1834 1912 1914
f 1834 1914 1836
f 1913 1915 1914
f 1913 1914 1912
f 1836 1914 1916
f 1836 1916 1838
f 1915 1917 1916
f 1915 1916 1914
f 1839 1918 1919
f 1839 1919 1840
f 1920 1921 1919
f 1920 1919 1918
f 1840 1919 1922
f 1840 1922 1841
f 1921 1923 1922
f 1921 1922 1919
f 1841 1922 1924
f 1841 1924 1842
f 1923 1925 1924
f 1923 1924 1922
f 1842 1924 1926
f 1842 1926 1843
f 1925 1927 1926
f 1925 1926 1924
f 1843 1926 1928
f 1843 1928 1844
f 1927 1929 1928
f 1927 1928 1926
f 1845 1844 1928
f 1845 1928 1930
f 1845 1930 1931
f 1845 1931 1846
f 1928 1932 1931
f 1928 1931 1930
f 1846 1931 1933
f 1846 1933 1849
f 1932 1934 1933
f 1932 1933 1931
f 1848 1849 1933
f 1848 1933 1935
f 1848 1935 1936
f 1848 1936 1850
f 1933 1937 1936
f 1933 1936 1935
f 1850 1936 1938
f 1850 1938 1851
f 1937 1939 1938
f 1937 1938 1936
f 1851 1938 1940
f 1851 1940 1854
f 1939 1941 1940
f 1939 1940 1938
f 1854 1940 1942
f 1854 1942 1855
f 1941 1943 1942
f 1941 1942 1940
f 1855 1942 1944
f 1855 1944 1856
f 1943 1945 1944
f 1943 1944 1942
f 1944 1945 1858
f 1944 1858 1856
f 1858 1945 1946
f 1858 1946 1859
f 1859 1946 1947
f 1859 1947 1860
f 1948 1949 1947
f 1948 1947 1946
f 1947 1949 1861
f 1947 1861 1860
f 1861 1949 1950
f 1861 1950 1862
f 1950 1951 1863
f 1950 1863 1862
f 1863 1951 1952
f 1863 1952 1864
f 1864 1952 1953
f 1864 1953 1865
f 1954 1955 1953
f 1954 1953 1952
f 1953 1955 1866
f 1953 1866 1865
f 1866 1955 1956
f 1866 1956 1867
f 1956 1957 1868
f 1956 1868 1867
f 1868 1957 1958
f 1868 1958 1869
f 1958 1959 1870
f 1958 1870 1869
f 1870 1959 1960
f 1870 1960 1871
f 1958 1961 1960
f 1958 1960 1959
f 1871 1960 1962
f 1871 1962 1872
f 1872 1962 1963
f 1872 1963 1873
f 1873 1963 1964
f 1873 1964 1876
f 1964 1965 1875
f 1964 1875 1876
f 1875 1965 1966
f 1875 1966 1877
f 1877 1966 1967
f 1877 1967 1878
f 1878 1967 1968
f 1878 1968 1879
f 1879 1968 1969
f 1879 1969 1882
f 1882 1969 1970
f 1882 1970 1884
f 1884 1970 1971
f 1884 1971 1886
f 1886 1971 1972
f 1886 1972 1888
f 1888 1972 1973
f 1888 1973 1890
f 1890 1973 1974
f 1890 1974 1892
f 1891 1892 1974
f 1891 1974 1975
f 1891 1975 1976
f 1891 1976 1893
f 1974 1977 1976
f 1974 1976 1975
f 1893 1976 1978
f 1893 1978 1894
f 1977 1979 1978
f 1977 1978 1976
f 1894 1978 1980
f 1894 1980 1897
f 1979 1981 1980
f 1979 1980 1978
f 1897 1980 1982
f 1897 1982 1899
f 1981 1983 1982
f 1981 1982 1980
f 1898 1899 1982
f 1898 1982 1984
f 1898 1984 1985
f 1898 1985 1900
f 1982 1986 1985
f 1982 1985 1984
f 1900 1985 1987
f 1900 1987 1901
f 1986 1988 1987
f 1986 1987 1985
f 1901 1987 1989
f 1901 1989 1902
f 1988 1990 1989
f 1988 1989 1987
f 1902 1989 1991
f 1902 1991 1903
f 1903 1991 1992
f 1903 1992 1904
f 1904 1992 1993
f 1904 1993 1905
f 1905 1993 1994
f 1905 1994 1906
f 1906 1994 1995
f 1906 1995 1909
f 1909 1995 1996
f 1909 1996 1911
f 1911 1996 1997
f 1911 1997 1913
f 1913 1997 1998
f 1913 1998 1915
f 1915 1998 1999
f 1915 1999 1917
f 1920 2000 2001
f 1920 2001 1921
f 2002 2003 2001
f 2002 2001 2000
f 1921 2001 2004
f 1921 2004 1923
f 2003 2005 2004
f 2003 2004 2001
f 1923 2004 2006
f 1923 2006 1925
f 2005 2007 2006
f 2005 2006 2004
f 1925 2006 2008
f 1925 2008 1927
f 2007 2009 2008
f 2007 2008 2006
f 1927 2008 2010
f 1927 2010 1929
f 1928 1929 2010
f 1928 2010 2011
f 1928 2011 2012
f 1928 2012 1932
f 2010 2013 2012
f 2010 2012 2011
f 1932 2012 2014
f 1932 2014 1934
f 2013 2015 2014
f 2013 2014 2012
f 1933 1934 2014
f 1933 2014 2016
f 1933 2016 2017
f 1933 2017 1937
f 2014 2018 2017
f 2014 2017 2016
f 1937 2017 2019
f 1937 2019 1939
f 2018 2020 2019
f 2018 2019 2017
f 1939 2019 2021
f 1939 2021 1941
f 2020 2022 2021
f 2020 2021 2019
f 1941 2021 2023
f 1941 2023 1943
f 2022 2024 2023
f 2022 2023 2021
f 1943 2023 2025
f 1943 2025 1945
f 2024 2026 2025
f 2024 2025 2023
f 1945 2025 2027
f 1945 2027 1946
f 2026 2028 2027
f 2026 2027 2025
f 2027 2028 1948
f 2027 1948 1946
f 1948 2028 2029
f 1948 2029 1949
f 1949 2029 2030
f 1949 2030 1950
f 2031 2032 2030
f 2031 2030 2029
f 2030 2032 1951
f 2030 1951 1950
f 1951 2032 2033
f 1951 2033 1952
f 2033 2034 1954
f 2033 1954 1952
f 1954 2034 2035
f 1954 2035 1955
f 1955 2035 2036
f 1955 2036 1956
f 2036 2037 1957
f 2036 1957 1956
f 1957 2037 2038
f 1957 2038 1958
f 1958 2038 2039
f 1958 2039 1961
f 2039 2040 1960
f 2039 1960 1961
f 1960 2040 2041
f 1960 2041 1962
f 1962 2041 2042
f 1962 2042 1963
f 1963 2042 2043
f 1963 2043 1964
f 2043 2044 1965
f 2043 1965 1964
f 1965 2044 2045
f 1965 2045 1966
f 1966 2045 2046
f 1966 2046 1967
f 1967 2046 2047
f 1967 2047 1968
f 1968 2047 2048
f 1968 2048 1969
f 1969 2048 2049
f 1969 2049 1970
f 2050 2051 2049
f 2050 2049 2048
f 1970 2049 2052
f 1970 2052 1971
f 2051 2053 2052
f 2051 2052 2049
f 1971 2052 2054
f 1971 2054 1972
f 2053 2055 2054
f 2053 2054 2052
f 1972 2054 2056
f 1972 2056 1973
f 2055 2057 2056
f 2055 2056 2054
f 1973 2056 2058
f 1973 2058 1974
f 2057 2059 2058
f 2057 2058 2056
f 1974 2058 2060
f 1974 2060 1977
f 2059 2061 2060
f 2059 2060 2058
f 1977 2060 2062
f 1977 2062 1979
f 2061 2063 2062
f 2061 2062 2060
f 1979 2062 2064
f 1979 2064 1981
f 2063 2065 2064
f 2063 2064 2062
f 1981 2064 2066
f 1981 2066 1983
f 1982 1983 2066
f 1982 2066 2067
f 1982 2067 2068
f 1982 2068 1986
f 2066 2069 2068
f 2066 2068 2067
f 1986 2068 2070
f 1986 2070 1988
f 2069 2071 2070
f 2069 2070 2068
f 1988 2070 2072
f 1988 2072 1990
f 1989 1990 2072
f 1989 2072 2073
f 1989 2073 2074
f 1989 2074 1991
f 2072 2075 2074
f 2072 2074 2073
f 1991 2074 2076
f 1991 2076 1992
f 2075 2077 2076
f 2075 2076 2074
f 1992 2076 2078
f 1992 2078 1993
f 1993 2078 2079
f 1993 2079 1994
f 1994 2079 2080
f 1994 2080 1995
f 1995 2080 2081
f 1995 2081 1996
f 1996 2081 2082
f 1996 2082 1997
f 1997 2082 2083
f 1997 2083 1998
f 1998 2083 2084
f 1998 2084 1999
f 2002 2085 2086
f 2002 2086 2003
f 2087 2088 2086
f 2087 2086 2085
f 2003 2086 2089
f 2003 2089 2005
f 2088 2090 2089
f 2088 2089 2086
f 2005 2089 2091
f 2005 2091 2007
f 2090 2092 2091
f 2090 2091 2089
f 2007 2091 2093
f 2007 2093 2009
f 2092 2094 2093
f 2092 2093 2091
f 2008 2009 2093
f 2008 2093 2095
f 2008 2095 2096
f 2008 2096 2010
f 2094 2097 2096
f 2094 2096 2095
f 2010 2096 2098
f 2010 2098 2013
f 2099 2100 2098
f 2099 2098 2096
f 2013 2098 2101
f 2013 2101 2015
f 2100 2102 2101
f 2100 2101 2098
f 2014 2015 2101
f 2014 2101 2103
f 2014 2103 2104
f 2014 2104 2018
f 2102 2105 2104
f 2102 2104 2103
f 2018 2104 2106
f 2018 2106 2020
f 2107 2108 2106
f 2107 2106 2104
f 2020 2106 2109
f 2020 2109 2022
f 2108 2110 2109
f 2108 2109 2106
f 2022 2109 2111
f 2022 2111 2024
f 2110 2112 2111
f 2110 2111 2109
f 2024 2111 2113
f 2024 2113 2026
f 2112 2114 2113
f 2112 2113 2111
f 2026 2113 2115
f 2026 2115 2028
f 2114 2116 2115
f 2114 2115 2113
f 2028 2115 2117
f 2028 2117 2029
f 2116 2118 2117
f 2116 2117 2115
f 2117 2118 2031
f 2117 2031 2029
f 2031 2118 2119
f 2031 2119 2032
f 2032 2119 2120
f 2032 2120 2033
f 2121 2122 2120
f 2121 2120 2119
f 2120 2122 2034
f 2120 2034 2033
f 2034 2122 2123
f 2034 2123 2035
f 2035 2123 2124
f 2035 2124 2036
f 2125 2126 2124
f 2125 2124 2123
f 2124 2126 2037
f 2124 2037 2036
f 2037 2126 2127
f 2037 2127 2038
f 2038 2127 2128
f 2038 2128 2039
f 2128 2129 2040
f 2128 2040 2039
f 2040 2129 2130
f 2040 2130 2041
f 2041 2130 2131
f 2041 2131 2042
f 2042 2131 2132
f 2042 2132 2043
f 2132 2133 2044
f 2132 2044 2043
f 2044 2133 2134
f 2044 2134 2045
f 2045 2134 2135
f 2045 2135 2046
f 2046 2135 2136
f 2046 2136 2047
f 2047 2136 2137
f 2047 2137 2048
f 2138 2139 2137
f 2138 2137 2136
f 2137 2139 2050
f 2137 2050 2048
f 2050 2139 2140
f 2050 2140 2051
f 2051 2140 2141
f 2051 2141 2053
f 2053 2141 2142
f 2053 2142 2055
f 2055 2142 2143
f 2055 2143 2057
f 2144 2145 2143
f 2144 2143 2142
f 2057 2143 2146
f 2057 2146 2059
f 2145 2147 2146
f 2145 2146 2143
f 2059 2146 2148
f 2059 2148 2061
f 2147 2149 2148
f 2147 2148 2146
f 2061 2148 2150
f 2061 2150 2063
f 2149 2151 2150
f 2149 2150 2148
f 2063 2150 2152
f 2063 2152 2065
f 2151 2153 2152
f 2151 2152 2150
f 2064 2065 2152
f 2064 2152 2154
f 2064 2154 2155
f 2064 2155 2066
f 2153 2156 2155
f 2153 2155 2154
f 2066 2155 2157
f 2066 2157 2069
f 2158 2159 2157
f 2158 2157 2155
f 2069 2157 2160
f 2069 2160 2071
f 2159 2161 2160
f 2159 2160 2157
f 2070 2071 2160
f 2070 2160 2162
f 2070 2162 2163
f 2070 2163 2072
f 2160 2164 2163
f 2160 2163 2162
f 2072 2163 2165
f 2072 2165 2075
f 2164 2166 2165
f 2164 2165 2163
f 2075 2165 2167
f 2075 2167 2077
f 2076 2077 2167
f 2076 2167 2168
f 2076 2168 2169
f 2076 2169 2078
f 2167 2170 2169
f 2167 2169 2168
f 2078 2169 2171
f 2078 2171 2079
f 2170 2172 2171
f 2170 2171 2169
f 2079 2171 2173
f 2079 2173 2080
f 2080 2173 2174
f 2080 2174 2081
f 2081 2174 2175
f 2081 2175 2082
f 2082 2175 2176
f 2082 2176 2083
f 2083 2176 2177
f 2083 2177 2084
f 2087 2178 2179
f 2087 2179 2088
f 2180 2181 2179
f 2180 2179 2178
f 2088 2179 2182
f 2088 2182 2090
f 2181 2183 2182
f 2181 2182 2179
f 2090 2182 2184
f 2090 2184 2092
f 2183 2185 2184
f 2183 2184 2182
f 2092 2184 2186
f 2092 2186 2094
f 2185 2187 2186
f 2185 2186 2184
f 2094 2186 2188
f 2094 2188 2097
f 2187 2189 2188
f 2187 2188 2186
f 2099 2097 2188
f 2099 2188 2190
f 2099 2190 2191
f 2099 2191 2100
f 2189 2192 2191
f 2189 2191 2190
f 2100 2191 2193
f 2100 2193 2102
f 2192 2194 2193
f 2192 2193 2191
f 2102 2193 2195
f 2102 2195 2105
f 2196 2197 2195
f 2196 2195 2193
f 2107 2105 2195
f 2107 2195 2198
f 2107 2198 2199
f 2107 2199 2108
f 2197 2200 2199
f 2197 2199 2198
f 2108 2199 2201
f 2108 2201 2110
f 2202 2203 2201
f 2202 2201 2199
f 2110 2201 2204
f 2110 2204 2112
f 2203 2205 2204
f 2203 2204 2201
f 2112 2204 2206
f 2112 2206 2114
f 2205 2207 2206
f 2205 2206 2204
f 2114 2206 2208
f 2114 2208 2116
f 2207 2209 2208
f 2207 2208 2206
f 2116 2208 2210
f 2116 2210 2118
f 2209 2211 2210
f 2209 2210 2208
f 2118 2210 2212
f 2118 2212 2119
f 2211 2213 2212
f 2211 2212 2210
f 2212 2213 2121
f 2212 2121 2119
f 2121 2213 2214
f 2121 2214 2122
f 2122 2214 2215
f 2122 2215 2123
f 2216 2217 2215
f 2216 2215 2214
f 2215 2217 2125
f 2215 2125 2123
f 2125 2217 2218
f 2125 2218 2126
f 2126 2218 2219
f 2126 2219 2127
f 2127 2219 2220
f 2127 2220 2128
f 2220 2221 2129
f 2220 2129 2128
f 2129 2221 2222
f 2129 2222 2130
f 2130 2222 2223
f 2130 2223 2131
f 2131 2223 2224
f 2131 2224 2132
f 2224 2225 2133
f 2224 2133 2132
f 2133 2225 2226
f 2133 2226 2134
f 2134 2226 2227
f 2134 2227 2135
f 2135 2227 2228
f 2135 2228 2136
f 2228 2229 2138
f 2228 2138 2136
f 2138 2229 2230
f 2138 2230 2139
f 2139 2230 2231
f 2139 2231 2140
f 2140 2231 2232
f 2140 2232 2141
f 2141 2232 2233
f 2141 2233 2142
f 2234 2235 2233
f 2234 2233 2232
f 2233 2235 2144
f 2233 2144 2142
f 2144 2235 2236
f 2144 2236 2145
f 2145 2236 2237
f 2145 2237 2147
f 2147 2237 2238
f 2147 2238 2149
f 2239 2240 2238
f 2239 2238 2237
f 2149 2238 2241
f 2149 2241 2151
f 2240 2242 2241
f 2240 2241 2238
f 2151 2241 2243
f 2151 2243 2153
f 2242 2244 2243
f 2242 2243 2241
f 2153 2243 2245
f 2153 2245 2156
f 2158 2156 2245
f 2158 2245 2246
f 2158 2246 2247
f 2158 2247 2159
f 2245 2248 2247
f 2245 2247 2246
f 2159 2247 2249
f 2159 2249 2161
f 2248 2250 2249
f 2248 2249 2247
f 2160 2161 2249
f 2160 2249 2251
f 2160 2251 2252
f 2160 2252 2164
f 2249 2253 2252
f 2249 2252 2251
f 2164 2252 2254
f 2164 2254 2166
f 2253 2255 2254
f 2253 2254 2252
f 2165 2166 2254
f 2165 2254 2256
f 2165 2256 2257
f 2165 2257 2167
f 2254 2258 2257
f 2254 2257 2256
f 2167 2257 2259
f 2167 2259 2170
f 2258 2260 2259
f 2258 2259 2257
f 2170 2259 2261
f 2170 2261 2172
f 2171 2172 2261
f 2171 2261 2262
f 2171 2262 2263
f 2171 2263 2173
f 2261 2264 2263
f 2261 2263 2262
f 2173 2263 2265
f 2173 2265 2174
f 2264 2266 2265
f 2264 2265 2263
f 2174 2265 2267
f 2174 2267 2175
f 2266 2268 2267
f 2266 2267 2265
f 2175 2267 2269
f 2175 2269 2176
f 2268 2270 2269
f 2268 2269 2267
f 2176 2269 2271
f 2176 2271 2177
f 2270 2272 2271
f 2270 2271 2269
f 2180 2273 2274
f 2180 2274 2181
f 2275 2276 2274
f 2275 2274 2273
f 2181 2274 2277
f 2181 2277 2183
f 2276 2278 2277
f 2276 2277 2274
f 2183 2277 2279
f 2183 2279 2185
f 2278 2280 2279
f 2278 2279 2277
f 2185 2279 2281
f 2185 2281 2187
f 2280 2282 2281
f 2280 2281 2279
f 2187 2281 2283
f 2187 2283 2189
f 2282 2284 2283
f 2282 2283 2281
f 2189 2283 2285
f 2189 2285 2192
f 2284 2286 2285
f 2284 2285 2283
f 2192 2285 2287
f 2192 2287 2194
f 2288 2289 2287
f 2288 2287 2285
f 2196 2194 2287
f 2196 2287 2290
f 2196 2290 2291
f 2196 2291 2197
f 2289 2292 2291
f 2289 2291 2290
f 2197 2291 2293
f 2197 2293 2200
f 2294 2295 2293
f 2294 2293 2291
f 2202 2200 2293
f 2202 2293 2296
f 2202 2296 2297
f 2202 2297 2203
f 2295 2298 2297
f 2295 2297 2296
f 2203 2297 2299
f 2203 2299 2205
f 2298 2300 2299
f 2298 2299 2297
f 2205 2299 2301
f 2205 2301 2207
f 2302 2303 2301
f 2302 2301 2299
f 2207 2301 2304
f 2207 2304 2209
f 2303 2305 2304
f 2303 2304 2301
f 2209 2304 2306
f 2209 2306 2211
f 2305 2307 2306
f 2305 2306 2304
f 2211 2306 2308
f 2211 2308 2213
f 2307 2309 2308
f 2307 2308 2306
f 2213 2308 2310
f 2213 2310 2214
f 2309 2311 2310
f 2309 2310 2308
f 2310 2311 2216
f 2310 2216 2214
f 2216 2311 2312
f 2216 2312 2217
f 2217 2312 2313
f 2217 2313 2218
f 2218 2313 2314
f 2218 2314 2219
f 2219 2314 2315
f 2219 2315 2220
f 2316 2317 2315
f 2316 2315 2314
f 2315 2317 2221
f 2315 2221 2220
f 2221 2317 2318
f 2221 2318 2222
f 2222 2318 2319
f 2222 2319 2223
f 2223 2319 2320
f 2223 2320 2224
f 2320 2321 2225
f 2320 2225 2224
f 2225 2321 2322
f 2225 2322 2226
f 2226 2322 2323
f 2226 2323 2227
f 2227 2323 2324
f 2227 2324 2228
f 2324 2325 2229
f 2324 2229 2228
f 2229 2325 2326
f 2229 2326 2230
f 2230 2326 2327
f 2230 2327 2231
f 2231 2327 2328
f 2231 2328 2232
f 2329 2330 2328
f 2329 2328 2327
f 2328 2330 2234
f 2328 2234 2232
f 2234 2330 2331
f 2234 2331 2235
f 2235 2331 2332
f 2235 2332 2236
f 2236 2332 2333
f 2236 2333 2237
f 2334 2335 2333
f 2334 2333 2332
f 2333 2335 2239
f 2333 2239 2237
f 2239 2335 2336
f 2239 2336 2240
f 2240 2336 2337
f 2240 2337 2242
f 2242 2337 2338
f 2242 2338 2244
f 2243 2244 2338
f 2243 2338 2339
f 2243 2339 2340
f 2243 2340 2245
f 2338 2341 2340
f 2338 2340 2339
f 2245 2340 2342
f 2245 2342 2248
f 2341 2343 2342
f 2341 2342 2340
f 2248 2342 2344
f 2248 2344 2250
f 2343 2345 2344
f 2343 2344 2342
f 2249 2250 2344
f 2249 2344 2346
f 2249 2346 2347
f 2249 2347 2253
f 2344 2348 2347
f 2344 2347 2346
f 2253 2347 2349
f 2253 2349 2255
f 2348 2350 2349
f 2348 2349 2347
f 2254 2255 2349
f 2254 2349 2351
f 2254 2351 2352
f 2254 2352 2258
f 2349 2353 2352
f 2349 2352 2351
f 2258 2352 2354
f 2258 2354 2260
f 2353 2355 2354
f 2353 2354 2352
f 2259 2260 2354
f 2259 2354 2356
f 2259 2356 2357
f 2259 2357 2261
f 2354 2358 2357
f 2354 2357 2356
f 2261 2357 2359
f 2261 2359 2264
f 2358 2360 2359
f 2358 2359 2357
f 2264 2359 2361
f 2264 2361 2266
f 2266 2361 2362
f 2266 2362 2268
f 2268 2362 2363
f 2268 2363 2270
f 2270 2363 2364
f 2270 2364 2272
f 2275 2365 2366
f 2275 2366 2276
f 2367 2368 2366
f 2367 2366 2365
f 2276 2366 2369
f 2276 2369 2278
f 2368 2370 2369
f 2368 2369 2366
f 2278 2369 2371
f 2278 2371 2280
f 2370 2372 2371
f 2370 2371 2369
f 2280 2371 2373
f 2280 2373 2282
f 2372 2374 2373
f 2372 2373 2371
f 2282 2373 2375
f 2282 2375 2284
f 2374 2376 2375
f 2374 2375 2373
f 2284 2375 2377
f 2284 2377 2286
f 2378 2379 2377
f 2378 2377 2375
f 2288 2286 2377
f 2288 2377 2380
f 2288 2380 2381
f 2288 2381 2289
f 2379 2382 2381
f 2379 2381 2380
f 2289 2381 2383
f 2289 2383 2292
f 2382 2384 2383
f 2382 2383 2381
f 2294 2292 2383
f 2294 2383 2385
f 2294 2385 2386
f 2294 2386 2295
f 2387 2388 2386
f 2387 2386 2385
f 2295 2386 2389
f 2295 2389 2298
f 2388 2390 2389
f 2388 2389 2386
f 2298 2389 2391
f 2298 2391 2300
f 2392 2393 2391
f 2392 2391 2389
f 2302 2300 2391
f 2302 2391 2394
f 2302 2394 2395
f 2302 2395 2303
f 2393 2396 2395
f 2393 2395 2394
f 2303 2395 2397
f 2303 2397 2305
f 2398 2399 2397
f 2398 2397 2395
f 2305 2397 2400
f 2305 2400 2307
f 2399 2401 2400
f 2399 2400 2397
f 2307 2400 2402
f 2307 2402 2309
f 2401 2403 2402
f 2401 2402 2400
f 2309 2402 2404
f 2309 2404 2311
f 2403 2405 2404
f 2403 2404 2402
f 2311 2404 2406
f 2311 2406 2312
f 2405 2407 2406
f 2405 2406 2404
f 2312 2406 2408
f 2312 2408 2313
f 2407 2409 2408
f 2407 2408 2406
f 2313 2408 2410
f 2313 2410 2314
f 2409 2411 2410
f 2409 2410 2408
f 2410 2411 2316
f 2410 2316 2314
f 2316 2411 2412
f 2316 2412 2317
f 2317 2412 2413
f 2317 2413 2318
f 2318 2413 2414
f 2318 2414 2319
f 2319 2414 2415
f 2319 2415 2320
f 2415 2416 2321
f 2415 2321 2320
f 2321 2416 2417
f 2321 2417 2322
f 2415 2418 2417
f 2415 2417 2416
f 2322 2417 2419
f 2322 2419 2323
f 2323 2419 2420
f 2323 2420 2324
f 2420 2421 2325
f 2420 2325 2324
f 2325 2421 2422
f 2325 2422 2326
f 2326 2422 2423
f 2326 2423 2327
f 2423 2424 2329
f 2423 2329 2327
f 2329 2424 2425
f 2329 2425 2330
f 2330 2425 2426
f 2330 2426 2331
f 2331 2426 2427
f 2331 2427 2332
f 2428 2429 2427
f 2428 2427 2426
f 2427 2429 2334
f 2427 2334 2332
f 2334 2429 2430
f 2334 2430 2335
f 2335 2430 2431
f 2335 2431 2336
f 2336 2431 2432
f 2336 2432 2337
f 2433 2434 2432
f 2433 2432 2431
f 2337 2432 2435
f 2337 2435 2338
f 2434 2436 2435
f 2434 2435 2432
f 2338 2435 2437
f 2338 2437 2341
f 2436 2438 2437
f 2436 2437 2435
f 2341 2437 2439
f 2341 2439 2343
f 2438 2440 2439
f 2438 2439 2437
f 2343 2439 2441
f 2343 2441 2345
f 2440 2442 2441
f 2440 2441 2439
f 2344 2345 2441
f 2344 2441 2443
f 2344 2443 2444
f 2344 2444 2348
f 2441 2445 2444
f 2441 2444 2443
f 2348 2444 2446
f 2348 2446 2350
f 2445 2447 2446
f 2445 2446 2444
f 2349 2350 2446
f 2349 2446 2448
f 2349 2448 2449
f 2349 2449 2353
f 2446 2450 2449
f 2446 2449 2448
f 2353 2449 2451
f 2353 2451 2355
f 2450 2452 2451
f 2450 2451 2449
f 2354 2355 2451
f 2354 2451 2453
f 2354 2453 2454
f 2354 2454 2358
f 2451 2455 2454
f 2451 2454 2453
f 2358 2454 2456
f 2358 2456 2360
f 2359 2360 2456
f 2359 2456 2457
f 2359 2457 2458
f 2359 2458 2361
f 2456 2459 2458
f 2456 2458 2457
f 2361 2458 2460
f 2361 2460 2362
f 2459 2461 2460
f 2459 2460 2458
f 2362 2460 2462
f 2362 2462 2363
f 2461 2463 2462
f 2461 2462 2460
f 2363 2462 2464
f 2363 2464 2364
f 2463 2465 2464
f 2463 2464 2462
f 2367 2466 2467
f 2367 2467 2368
f 2468 2469 2467
f 2468 2467 2466
f 2368 2467 2470
f 2368 2470 2370
f 2469 2471 2470
f 2469 2470 2467
f 2370 2470 2472
f 2370 2472 2372
f 2471 2473 2472
f 2471 2472 2470
f 2372 2472 2474
f 2372 2474 2374
f 2473 2475 2474
f 2473 2474 2472
f 2374 2474 2476
f 2374 2476 2376
f 2477 2478 2476
f 2477 2476 2474
f 2378 2376 2476
f 2378 2476 2479
f 2378 2479 2480
f 2378 2480 2379
f 2478 2481 2480
f 2478 2480 2479
f 2379 2480 2482
f 2379 2482 2382
f 2481 2483 2482
f 2481 2482 2480
f 2382 2482 2484
f 2382 2484 2384
f 2485 2486 2484
f 2485 2484 2482
f 2387 2384 2484
f 2387 2484 2487
f 2387 2487 2488
f 2387 2488 2388
f 2486 2489 2488
f 2486 2488 2487
f 2388 2488 2490
f 2388 2490 2390
f 2491 2492 2490
f 2491 2490 2488
f 2392 2390 2490
f 2392 2490 2493
f 2392 2493 2494
f 2392 2494 2393
f 2490 2495 2494
f 2490 2494 2493
f 2393 2494 2496
f 2393 2496 2396
f 2495 2497 2496
f 2495 2496 2494
f 2398 2396 2496
f 2398 2496 2498
f 2398 2498 2499
f 2398 2499 2399
f 2496 2500 2499
f 2496 2499 2498
f 2399 2499 2501
f 2399 2501 2401
f 2500 2502 2501
f 2500 2501 2499
f 2401 2501 2503
f 2401 2503 2403
f 2502 2504 2503
f 2502 2503 2501
f 2403 2503 2505
f 2403 2505 2405
f 2405 2505 2506
f 2405 2506 2407
f 2407 2506 2507
f 2407 2507 2409
f 2409 2507 2508
f 2409 2508 2411
f 2411 2508 2509
f 2411 2509 2412
f 2412 2509 2510
f 2412 2510 2413
f 2413 2510 2511
f 2413 2511 2414
f 2414 2511 2512
f 2414 2512 2415
f 2415 2512 2513
f 2415 2513 2418
f 2513 2514 2417
f 2513 2417 2418
f 2417 2514 2515
f 2417 2515 2419
f 2419 2515 2516
f 2419 2516 2420
f 2516 2517 2421
f 2516 2421 2420
f 2421 2517 2518
f 2421 2518 2422
f 2516 2519 2518
f 2516 2518 2517
f 2422 2518 2520
f 2422 2520 2423
f 2520 2521 2424
f 2520 2424 2423
f 2424 2521 2522
f 2424 2522 2425
f 2520 2523 2522
f 2520 2522 2521
f 2425 2522 2524
f 2425 2524 2426
f 2524 2525 2428
f 2524 2428 2426
f 2428 2525 2526
f 2428 2526 2429
f 2524 2527 2526
f 2524 2526 2525
f 2429 2526 2528
f 2429 2528 2430
f 2430 2528 2529
f 2430 2529 2431
f 2529 2530 2433
f 2529 2433 2431
f 2433 2530 2531
f 2433 2531 2434
f 2434 2531 2532
f 2434 2532 2436
f 2436 2532 2533
f 2436 2533 2438
f 2438 2533 2534
f 2438 2534 2440
f 2535 2536 2534
f 2535 2534 2533
f 2440 2534 2537
f 2440 2537 2442
f 2441 2442 2537
f 2441 2537 2538
f 2441 2538 2539
f 2441 2539 2445
f 2537 2540 2539
f 2537 2539 2538
f 2445 2539 2541
f 2445 2541 2447
f 2540 2542 2541
f 2540 2541 2539
f 2446 2447 2541
f 2446 2541 2543
f 2446 2543 2544
f 2446 2544 2450
f 2541 2545 2544
f 2541 2544 2543
f 2450 2544 2546
f 2450 2546 2452
f 2451 2452 2546
f 2451 2546 2547
f 2451 2547 2548
f 2451 2548 2455
f 2546 2549 2548
f 2546 2548 2547
f 2454 2455 2548
f 2454 2548 2550
f 2454 2550 2551
f 2454 2551 2456
f 2548 2552 2551
f 2548 2551 2550
f 2456 2551 2553
f 2456 2553 2459
f 2552 2554 2553
f 2552 2553 2551
f 2459 2553 2555
f 2459 2555 2461
f 2554 2556 2555
f 2554 2555 2553
f 2461 2555 2557
f 2461 2557 2463
f 2556 2558 2557
f 2556 2557 2555
f 2463 2557 2559
f 2463 2559 2465
f 2558 2560 2559
f 2558 2559 2557
f 2468 2561 2562
f 2468 2562 2469
f 2563 2564 2562
f 2563 2562 2561
f 2469 2562 2565
f 2469 2565 2471
f 2564 2566 2565
f 2564 2565 2562
f 2471 2565 2567
f 2471 2567 2473
f 2566 2568 2567
f 2566 2567 2565
f 2473 2567 2569
f 2473 2569 2475
f 2568 2570 2569
f 2568 2569 2567
f 2477 2475 2569
f 2477 2569 2571
f 2477 2571 2572
f 2477 2572 2478
f 2570 2573 2572
f 2570 2572 2571
f 2478 2572 2574
f 2478 2574 2481
f 2575 2576 2574
f 2575 2574 2572
f 2481 2574 2577
f 2481 2577 2483
f 2576 2578 2577
f 2576 2577 2574
f 2485 2483 2577
f 2485 2577 2579
f 2485 2579 2580
f 2485 2580 2486
f 2577 2581 2580
f 2577 2580 2579
f 2486 2580 2582
f 2486 2582 2489
f 2581 2583 2582
f 2581 2582 2580
f 2491 2489 2582
f 2491 2582 2584
f 2491 2584 2585
f 2491 2585 2492
f 2582 2586 2585
f 2582 2585 2584
f 2490 2492 2585
f 2490 2585 2587
f 2490 2587 2588
f 2490 2588 2495
f 2586 2589 2588
f 2586 2588 2587
f 2495 2588 2590
f 2495 2590 2497
f 2591 2592 2590
f 2591 2590 2588
f 2496 2497 2590
f 2496 2590 2593
f 2496 2593 2594
f 2496 2594 2500
f 2590 2595 2594
f 2590 2594 2593
f 2500 2594 2596
f 2500 2596 2502
f 2595 2597 2596
f 2595 2596 2594
f 2502 2596 2598
f 2502 2598 2504
f 2503 2504 2598
f 2503 2598 2599
f 2503 2599 2600
f 2503 2600 2505
f 2598 2601 2600
f 2598 2600 2599
f 2505 2600 2602
f 2505 2602 2506
f 2601 2603 2602
f 2601 2602 2600
f 2506 2602 2604
f 2506 2604 2507
f 2507 2604 2605
f 2507 2605 2508
f 2508 2605 2606
f 2508 2606 2509
f 2509 2606 2607
f 2509 2607 2510
f 2510 2607 2608
f 2510 2608 2511
f 2511 2608 2609
f 2511 2609 2512
f 2512 2609 2610
f 2512 2610 2513
f 2610 2611 2514
f 2610 2514 2513
f 2514 2611 2612
f 2514 2612 2515
f 2610 2613 2612
f 2610 2612 2611
f 2515 2612 2614
f 2515 2614 2516
f 2516 2614 2615
f 2516 2615 2519
f 2615 2616 2518
f 2615 2518 2519
f 2518 2616 2617
f 2518 2617 2520
f 2615 2618 2617
f 2615 2617 2616
f 2520 2617 2619
f 2520 2619 2523
f 2619 2620 2522
f 2619 2522 2523
f 2522 2620 2621
f 2522 2621 2524
f 2619 2622 2621
f 2619 2621 2620
f 2524 2621 2623
f 2524 2623 2527
f 2623 2624 2526
f 2623 2526 2527
f 2526 2624 2625
f 2526 2625 2528
f 2528 2625 2626
f 2528 2626 2529
f 2626 2627 2530
f 2626 2530 2529
f 2530 2627 2628
f 2530 2628 2531
f 2531 2628 2629
f 2531 2629 2532
f 2532 2629 2630
f 2532 2630 2533
f 2631 2632 2630
f 2631 2630 2629
f 2630 2632 2535
f 2630 2535 2533
f 2535 2632 2633
f 2535 2633 2536
f 2534 2536 2633
f 2534 2633 2634
f 2534 2634 2635
f 2534 2635 2537
f 2633 2636 2635
f 2633 2635 2634
f 2537 2635 2637
f 2537 2637 2540
f 2636 2638 2637
f 2636 2637 2635
f 2540 2637 2639
f 2540 2639 2542
f 2541 2542 2639
f 2541 2639 2640
f 2541 2640 2641
f 2541 2641 2545
f 2639 2642 2641
f 2639 2641 2640
f 2544 2545 2641
f 2544 2641 2643
f 2544 2643 2644
f 2544 2644 2546
f 2641 2645 2644
f 2641 2644 2643
f 2546 2644 2646
f 2546 2646 2549
f 2548 2549 2646
f 2548 2646 2647
f 2548 2647 2648
f 2548 2648 2552
f 2646 2649 2648
f 2646 2648 2647
f 2552 2648 2650
f 2552 2650 2554
f 2554 2650 2651
f 2554 2651 2556
f 2556 2651 2652
f 2556 2652 2558
f 2558 2652 2653
f 2558 2653 2560
f 2563 2654 2655
f 2563 2655 2564
f 2656 2657 2655
f 2656 2655 2654
f 2564 2655 2658
f 2564 2658 2566
f 2657 2659 2658
f 2657 2658 2655
f 2566 2658 2660
f 2566 2660 2568
f 2659 2661 2660
f 2659 2660 2658
f 2568 2660 2662
f 2568 2662 2570
f 2661 2663 2662
f 2661 2662 2660
f 2570 2662 2664
f 2570 2664 2573
f 2663 2665 2664
f 2663 2664 2662
f 2575 2573 2664
f 2575 2664 2666
f 2575 2666 2667
f 2575 2667 2576
f 2664 2668 2667
f 2664 2667 2666
f 2576 2667 2669
f 2576 2669 2578
f 2668 2670 2669
f 2668 2669 2667
f 2577 2578 2669
f 2577 2669 2671
f 2577 2671 2672
f 2577 2672 2581
f 2669 2673 2672
f 2669 2672 2671
f 2581 2672 2674
f 2581 2674 2583
f 2673 2675 2674
f 2673 2674 2672
f 2582 2583 2674
f 2582 2674 2676
f 2582 2676 2677
f 2582 2677 2586
f 2674 2678 2677
f 2674 2677 2676
f 2586 2677 2679
f 2586 2679 2589
f 2591 2589 2679
f 2591 2679 2680
f 2591 2680 2681
f 2591 2681 2592
f 2679 2682 2681
f 2679 2681 2680
f 2590 2592 2681
f 2590 2681 2683
f 2590 2683 2684
f 2590 2684 2595
f 2681 2685 2684
f 2681 2684 2683
f 2595 2684 2686
f 2595 2686 2597
f 2685 2687 2686
f 2685 2686 2684
f 2596 2597 2686
f 2596 2686 2688
f 2596 2688 2689
f 2596 2689 2598
f 2686 2690 2689
f 2686 2689 2688
f 2598 2689 2691
f 2598 2691 2601
f 2690 2692 2691
f 2690 2691 2689
f 2601 2691 2693
f 2601 2693 2603
f 2602 2603 2693
f 2602 2693 2694
f 2602 2694 2695
f 2602 2695 2604
f 2693 2696 2695
f 2693 2695 2694
f 2604 2695 2697
f 2604 2697 2605
f 2696 2698 2697
f 2696 2697 2695
f 2605 2697 2699
f 2605 2699 2606
f 2606 2699 2700
f 2606 2700 2607
f 2607 2700 2701
f 2607 2701 2608
f 2608 2701 2702
f 2608 2702 2609
f 2609 2702 2703
f 2609 2703 2610
f 2610 2703 2704
f 2610 2704 2613
f 2704 2705 2612
f 2704 2612 2613
f 2612 2705 2706
f 2612 2706 2614
f 2704 2707 2706
f 2704 2706 2705
f 2614 2706 2708
f 2614 2708 2615
f 2707 2709 2708
f 2707 2708 2706
f 2615 2708 2710
f 2615 2710 2618
f 2710 2711 2617
f 2710 2617 2618
f 2617 2711 2712
f 2617 2712 2619
f 2710 2713 2712
f 2710 2712 2711
f 2619 2712 2714
f 2619 2714 2622
f 2714 2715 2621
f 2714 2621 2622
f 2621 2715 2716
f 2621 2716 2623
f 2716 2717 2624
f 2716 2624 2623
f 2624 2717 2718
f 2624 2718 2625
f 2716 2719 2718
f 2716 2718 2717
f 2625 2718 2720
f 2625 2720 2626
f 2720 2721 2627
f 2720 2627 2626
f 2627 2721 2722
f 2627 2722 2628
f 2720 2723 2722
f 2720 2722 2721
f 2628 2722 2724
f 2628 2724 2629
f 2724 2725 2631
f 2724 2631 2629
f 2631 2725 2726
f 2631 2726 2632
f 2724 2727 2726
f 2724 2726 2725
f 2632 2726 2728
f 2632 2728 2633
f 2633 2728 2729
f 2633 2729 2636
f 2636 2729 2730
f 2636 2730 2638
f 2637 2638 2730
f 2637 2730 2731
f 2637 2731 2732
f 2637 2732 2639
f 2639 2732 2733
f 2639 2733 2642
f 2641 2642 2733
f 2641 2733 2734
f 2641 2734 2735
f 2641 2735 2645
f 2644 2645 2735
f 2644 2735 2736
f 2644 2736 2737
f 2644 2737 2646
f 2735 2738 2737
f 2735 2737 2736
f 2646 2737 2739
f 2646 2739 2649
f 2648 2649 2739
f 2648 2739 2740
f 2648 2740 2741
f 2648 2741 2650
f 2739 2742 2741
f 2739 2741 2740
f 2650 2741 2743
f 2650 2743 2651
f 2742 2744 2743
f 2742 2743 2741
f 2651 2743 2745
f 2651 2745 2652
f 2744 2746 2745
f 2744 2745 2743
f 2652 2745 2747
f 2652 2747 2653
f 2746 2748 2747
f 2746 2747 2745
f 2656 2749 2750
f 2656 2750 2657
f 2751 2752 2750
f 2751 2750 2749
f 2657 2750 2753
f 2657 2753 2659
f 2752 2754 2753
f 2752 2753 2750
f 2659 2753 2755
f 2659 2755 2661
f 2754 2756 2755
f 2754 2755 2753
f 2661 2755 2757
f 2661 2757 2663
f 2756 2758 2757
f 2756 2757 2755
f 2663 2757 2759
f 2663 2759 2665
f 2758 2760 2759
f 2758 2759 2757
f 2664 2665 2759
f 2664 2759 2761
f 2664 2761 2762
f 2664 2762 2668
f 2759 2763 2762
f 2759 2762 2761
f 2668 2762 2764
f 2668 2764 2670
f 2763 2765 2764
f 2763 2764 2762
f 2669 2670 2764
f 2669 2764 2766
f 2669 2766 2767
f 2669 2767 2673
f 2764 2768 2767
f 2764 2767 2766
f 2673 2767 2769
f 2673 2769 2675
f 2674 2675 2769
f 2674 2769 2770
f 2674 2770 2771
f 2674 2771 2678
f 2769 2772 2771
f 2769 2771 2770
f 2677 2678 2771
f 2677 2771 2773
f 2677 2773 2774
f 2677 2774 2679
f 2771 2775 2774
f 2771 2774 2773
f 2679 2774 2776
f 2679 2776 2682
f 2681 2682 2776
f 2681 2776 2777
f 2681 2777 2778
f 2681 2778 2685
f 2776 2779 2778
f 2776 2778 2777
f 2685 2778 2780
f 2685 2780 2687
f 2686 2687 2780
f 2686 2780 2781
f 2686 2781 2782
f 2686 2782 2690
f 2780 2783 2782
f 2780 2782 2781
f 2690 2782 2784
f 2690 2784 2692
f 2691 2692 2784
f 2691 2784 2785
f 2691 2785 2786
f 2691 2786 2693
f 2784 2787 2786
f 2784 2786 2785
f 2693 2786 2788
f 2693 2788 2696
f 2696 2788 2789
f 2696 2789 2698
f 2697 2698 2789
f 2697 2789 2790
f 2697 2790 2791
f 2697 2791 2699
f 2789 2792 2791
f 2789 2791 2790
f 2699 2791 2793
f 2699 2793 2700
f 2700 2793 2794
f 2700 2794 2701
f 2701 2794 2795
f 2701 2795 2702
f 2702 2795 2796
f 2702 2796 2703
f 2703 2796 2797
f 2703 2797 2704
f 2704 2797 2798
f 2704 2798 2707
f 2707 2798 2799
f 2707 2799 2709
f 2799 2800 2708
f 2799 2708 2709
f 2708 2800 2801
f 2708 2801 2710
f 2799 2802 2801
f 2799 2801 2800
f 2710 2801 2803
f 2710 2803 2713
f 2803 2804 2712
f 2803 2712 2713
f 2712 2804 2805
f 2712 2805 2714
f 2803 2806 2805
f 2803 2805 2804
f 2805 2807 2715
f 2805 2715 2714
f 2715 2807 2808
f 2715 2808 2716
f 2805 2809 2808
f 2805 2808 2807
f 2716 2808 2810
f 2716 2810 2719
f 2810 2811 2718
f 2810 2718 2719
f 2718 2811 2812
f 2718 2812 2720
f 2810 2813 2812
f 2810 2812 2811
f 2720 2812 2814
f 2720 2814 2723
f 2814 2815 2722
f 2814 2722 2723
f 2722 2815 2816
f 2722 2816 2724
f 2814 2817 2816
f 2814 2816 2815
f 2724 2816 2818
f 2724 2818 2727
f 2818 2819 2726
f 2818 2726 2727
f 2726 2819 2820
f 2726 2820 2728
f 2818 2821 2820
f 2818 2820 2819
f 2728 2820 2822
f 2728 2822 2729
f 2821 2823 2822
f 2821 2822 2820
f 2729 2822 2824
f 2729 2824 2730
f 2823 2825 2824
f 2823 2824 2822
f 2731 2730 2824
f 2731 2824 2825
f 2731 2825 2826
f 2731 2826 2732
f 2732 2826 2827
f 2732 2827 2733
f 2734 2733 2827
f 2734 2827 2828
f 2734 2828 2829
f 2734 2829 2735
f 2735 2829 2830
f 2735 2830 2738
f 2737 2738 2830
f 2737 2830 2831
f 2737 2831 2832
f 2737 2832 2739
f 2739 2832 2833
f 2739 2833 2742
f 2742 2833 2834
f 2742 2834 2744
f 2744 2834 2835
f 2744 2835 2746
f 2746 2835 2836
f 2746 2836 2748
f 2751 2837 2838
f 2751 2838 2752
f 2752 2838 2839
f 2752 2839 2754
f 2754 2839 2840
f 2754 2840 2756
f 2756 2840 2841
f 2756 2841 2758
f 2758 2841 2842
f 2758 2842 2760
f 2759 2760 2842
f 2759 2842 2843
f 2759 2843 2844
f 2759 2844 2763
f 2763 2844 2845
f 2763 2845 2765
f 2764 2765 2845
f 2764 2845 2846
f 2764 2846 2847
f 2764 2847 2768
f 2767 2768 2847
f 2767 2847 2848
f 2767 2848 2849
f 2767 2849 2769
f 2847 2850 2849
f 2847 2849 2848
f 2769 2849 2851
f 2769 2851 2772
f 2771 2772 2851
f 2771 2851 2852
f 2771 2852 2853
f 2771 2853 2775
f 2774 2775 2853
f 2774 2853 2854
f 2774 2854 2855
f 2774 2855 2776
f 2853 2856 2855
f 2853 2855 2854
f 2776 2855 2857
f 2776 2857 2779
f 2778 2779 2857
f 2778 2857 2858
f 2778 2858 2859
f 2778 2859 2780
f 2780 2859 2860
f 2780 2860 2783
f 2782 2783 2860
f 2782 2860 2861
f 2782 2861 2862
f 2782 2862 2784
f 2860 2863 2862
f 2860 2862 2861
f 2784 2862 2864
f 2784 2864 2787
f 2786 2787 2864
f 2786 2864 2865
f 2786 2865 2866
f 2786 2866 2788
f 2864 2867 2866
f 2864 2866 2865
f 2788 2866 2868
f 2788 2868 2789
f 2789 2868 2869
f 2789 2869 2792
f 2791 2792 2869
f 2791 2869 2870
f 2791 2870 2871
f 2791 2871 2793
f 2869 2872 2871
f 2869 2871 2870
f 2793 2871 2873
f 2793 2873 2794
f 2794 2873 2874
f 2794 2874 2795
f 2795 2874 2875
f 2795 2875 2796
f 2796 2875 2876
f 2796 2876 2797
f 2797 2876 2877
f 2797 2877 2798
f 2798 2877 2878
f 2798 2878 2799
f 2799 2878 2879
f 2799 2879 2802
f 2879 2880 2801
f 2879 2801 2802
f 2801 2880 2881
f 2801 2881 2803
f 2879 2882 2881
f 2879 2881 2880
f 2803 2881 2883
f 2803 2883 2806
f 2883 2884 2805
f 2883 2805 2806
f 2805 2884 2885
f 2805 2885 2809
f 2883 2886 2885
f 2883 2885 2884
f 2885 2887 2808
f 2885 2808 2809
f 2808 2887 2888
f 2808 2888 2810
f 2885 2889 2888
f 2885 2888 2887
f 2810 2888 2890
f 2810 2890 2813
f 2889 2891 2890
f 2889 2890 2888
f 2890 2892 2812
f 2890 2812 2813
f 2812 2892 2893
f 2812 2893 2814
f 2890 2894 2893
f 2890 2893 2892
f 2814 2893 2895
f 2814 2895 2817
f 2895 2896 2816
f 2895 2816 2817
f 2816 2896 2897
f 2816 2897 2818
f 2895 2898 2897
f 2895 2897 2896
f 2818 2897 2899
f 2818 2899 2821
f 2821 2899 2900
f 2821 2900 2823
f 2823 2900 2901
f 2823 2901 2825
f 2825 2901 2902
f 2825 2902 2826
f 2826 2902 2903
f 2826 2903 2827
f 2904 2905 2903
f 2904 2903 2902
f 2828 2827 2903
f 2828 2903 2905
f 2828 2905 2906
f 2828 2906 2829
f 2829 2906 2907
f 2829 2907 2830
f 2908 2909 2907
f 2908 2907 2906
f 2831 2830 2907
f 2831 2907 2909
f 2831 2909 2910
f 2831 2910 2832
f 2832 2910 2911
f 2832 2911 2833
f 2833 2911 2912
f 2833 2912 2834
f 2834 2912 2913
f 2834 2913 2835
f 2835 2913 2914
f 2835 2914 2836
f 2837 2915 2916
f 2837 2916 2838
f 2838 2916 2917
f 2838 2917 2839
f 2839 2917 2918
f 2839 2918 2840
f 2840 2918 2919
f 2840 2919 2841
f 2841 2919 2920
f 2841 2920 2842
f 2843 2842 2920
f 2843 2920 2921
f 2843 2921 2922
f 2843 2922 2844
f 2844 2922 2923
f 2844 2923 2845
f 2846 2845 2923
f 2846 2923 2924
f 2846 2924 2925
f 2846 2925 2847
f 2847 2925 2926
f 2847 2926 2850
f 2849 2850 2926
f 2849 2926 2927
f 2849 2927 2928
f 2849 2928 2851
f 2852 2851 2928
f 2852 2928 2929
f 2852 2929 2930
f 2852 2930 2853
f 2853 2930 2931
f 2853 2931 2856
f 2855 2856 2931
f 2855 2931 2932
f 2855 2932 2933
f 2855 2933 2857
f 2858 2857 2933
f 2858 2933 2934
f 2858 2934 2935
f 2858 2935 2859
f 2933 2936 2935
f 2933 2935 2934
f 2859 2935 2937
f 2859 2937 2860
f 2860 2937 2938
f 2860 2938 2863
f 2862 2863 2938
f 2862 2938 2939
f 2862 2939 2940
f 2862 2940 2864
f 2864 2940 2941
f 2864 2941 2867
f 2866 2867 2941
f 2866 2941 2942
f 2866 2942 2943
f 2866 2943 2868
f 2941 2944 2943
f 2941 2943 2942
f 2868 2943 2945
f 2868 2945 2869
f 2869 2945 2946
f 2869 2946 2872
f 2871 2872 2946
f 2871 2946 2947
f 2871 2947 2948
f 2871 2948 2873
f 2946 2949 2948
f 2946 2948 2947
f 2873 2948 2950
f 2873 2950 2874
f 2874 2950 2951
f 2874 2951 2875
f 2875 2951 2952
f 2875 2952 2876
f 2876 2952 2953
f 2876 2953 2877
f 2954 2955 2953
f 2954 2953 2952
f 2877 2953 2956
f 2877 2956 2878
f 2955 2957 2956
f 2955 2956 2953
f 2878 2956 2958
f 2878 2958 2879
f 2879 2958 2959
f 2879 2959 2882
f 2959 2960 2881
f 2959 2881 2882
f 2881 2960 2961
f 2881 2961 2883
f 2959 2962 2961
f 2959 2961 2960
f 2883 2961 2963
f 2883 2963 2886
f 2963 2964 2885
f 2963 2885 2886
f 2885 2964 2965
f 2885 2965 2889
f 2963 2966 2965
f 2963 2965 2964
f 2889 2965 2967
f 2889 2967 2891
f 2967 2968 2890
f 2967 2890 2891
f 2890 2968 2969
f 2890 2969 2894
f 2967 2970 2969
f 2967 2969 2968
f 2969 2971 2893
f 2969 2893 2894
f 2893 2971 2972
f 2893 2972 2895
f 2969 2973 2972
f 2969 2972 2971
f 2895 2972 2974
f 2895 2974 2898
f 2973 2975 2974
f 2973 2974 2972
f 2974 2976 2897
f 2974 2897 2898
f 2897 2976 2977
f 2897 2977 2899
f 2974 2978 2977
f 2974 2977 2976
f 2899 2977 2979
f 2899 2979 2900
f 2978 2980 2979
f 2978 2979 2977
f 2900 2979 2981
f 2900 2981 2901
f 2980 2982 2981
f 2980 2981 2979
f 2901 2981 2983
f 2901 2983 2902
f 2982 2984 2983
f 2982 2983 2981
f 2904 2902 2983
f 2904 2983 2984
f 2904 2984 2985
f 2904 2985 2905
f 2986 2987 2985
f 2986 2985 2984
f 2905 2985 2988
f 2905 2988 2906
f 2987 2989 2988
f 2987 2988 2985
f 2908 2906 2988
f 2908 2988 2989
f 2908 2989 2990
f 2908 2990 2909
f 2909 2990 2991
f 2909 2991 2910
f 2992 2993 2991
f 2992 2991 2990
f 2910 2991 2994
f 2910 2994 2911
f 2993 2995 2994
f 2993 2994 2991
f 2911 2994 2996
f 2911 2996 2912
f 2995 2997 2996
f 2995 2996 2994
f 2912 2996 2998
f 2912 2998 2913
f 2997 2999 2998
f 2997 2998 2996
f 2913 2998 3000
f 2913 3000 2914
f 2999 3001 3000
f 2999 3000 2998
f 2915 3002 3003
f 2915 3003 2916
f 3004 3005 3003
f 3004 3003 3002
f 2916 3003 3006
f 2916 3006 2917
f 3005 3007 3006
f 3005 3006 3003
f 2917 3006 3008
f 2917 3008 2918
f 3007 3009 3008
f 3007 3008 3006
f 2918 3008 3010
f 2918 3010 2919
f 3009 3011 3010
f 3009 3010 3008
f 2919 3010 3012
f 2919 3012 2920
f 3011 3013 3012
f 3011 3012 3010
f 2921 2920 3012
f 2921 3012 3013
f 2921 3013 3014
f 2921 3014 2922
f 2922 3014 3015
f 2922 3015 2923
f 3016 3017 3015
f 3016 3015 3014
f 2924 2923 3015
f 2924 3015 3017
f 2924 3017 3018
f 2924 3018 2925
f 2925 3018 3019
f 2925 3019 2926
f 3020 3021 3019
f 3020 3019 3018
f 2927 2926 3019
f 2927 3019 3021
f 2927 3021 3022
f 2927 3022 2928
f 2929 2928 3022
f 2929 3022 3023
f 2929 3023 3024
f 2929 3024 2930
f 2930 3024 3025
f 2930 3025 2931
f 2932 2931 3025
f 2932 3025 3026
f 2932 3026 3027
f 2932 3027 2933
f 2933 3027 3028
f 2933 3028 2936
f 2935 2936 3028
f 2935 3028 3029
f 2935 3029 3030
f 2935 3030 2937
f 2937 3030 3031
f 2937 3031 2938
f 2939 2938 3031
f 2939 3031 3032
f 2939 3032 3033
f 2939 3033 2940
f 3031 3034 3033
f 3031 3033 3032
f 2940 3033 3035
f 2940 3035 2941
f 2941 3035 3036
f 2941 3036 2944
f 2943 2944 3036
f 2943 3036 3037
f 2943 3037 3038
f 2943 3038 2945
f 3036 3039 3038
f 3036 3038 3037
f 2945 3038 3040
f 2945 3040 2946
f 2946 3040 3041
f 2946 3041 2949
f 2948 2949 3041
f 2948 3041 3042
f 2948 3042 3043
f 2948 3043 2950
f 2950 3043 3044
f 2950 3044 2951
f 2951 3044 3045
f 2951 3045 2952
f 2954 2952 3045
f 2954 3045 3046
f 2954 3046 3047
f 2954 3047 2955
f 2955 3047 3048
f 2955 3048 2957
f 3048 3049 2956
f 3048 2956 2957
f 2956 3049 3050
f 2956 3050 2958
f 3048 3051 3050
f 3048 3050 3049
f 2958 3050 3052
f 2958 3052 2959
f 3051 3053 3052
f 3051 3052 3050
f 2959 3052 3054
f 2959 3054 2962
f 3054 3055 2961
f 3054 2961 2962
f 2961 3055 3056
f 2961 3056 2963
f 3054 3057 3056
f 3054 3056 3055
f 2963 3056 3058
f 2963 3058 2966
f 3057 3059 3058
f 3057 3058 3056
f 3058 3060 2965
f 3058 2965 2966
f 2965 3060 3061
f 2965 3061 2967
f 3058 3062 3061
f 3058 3061 3060
f 2967 3061 3063
f 2967 3063 2970
f 3062 3064 3063
f 3062 3063 3061
f 3063 3065 2969
f 3063 2969 2970
f 2969 3065 3066
f 2969 3066 2973
f 3063 3067 3066
f 3063 3066 3065
f 2973 3066 3068
f 2973 3068 2975
f 3067 3069 3068
f 3067 3068 3066
f 3068 3070 2974
f 3068 2974 2975
f 2974 3070 3071
f 2974 3071 2978
f 3068 3072 3071
f 3068 3071 3070
f 2978 3071 3073
f 2978 3073 2980
f 3072 3074 3073
f 3072 3073 3071
f 2980 3073 3075
f 2980 3075 2982
f 3074 3076 3075
f 3074 3075 3073
f 2982 3075 3077
f 2982 3077 2984
f 3076 3078 3077
f 3076 3077 3075
f 2986 2984 3077
f 2986 3077 3078
f 2986 3078 3079
f 2986 3079 2987
f 3080 3081 3079
f 3080 3079 3078
f 2987 3079 3082
f 2987 3082 2989
f 3081 3083 3082
f 3081 3082 3079
f 2989 3082 3084
f 2989 3084 2990
f 3083 3085 3084
f 3083 3084 3082
f 2992 2990 3084
f 2992 3084 3085
f 2992 3085 3086
f 2992 3086 2993
f 3087 3088 3086
f 3087 3086 3085
f 2993 3086 3089
f 2993 3089 2995
f 3088 3090 3089
f 3088 3089 3086
f 2995 3089 3091
f 2995 3091 2997
f 3090 3092 3091
f 3090 3091 3089
f 2997 3091 3093
f 2997 3093 2999
f 3092 3094 3093
f 3092 3093 3091
f 2999 3093 3095
f 2999 3095 3001
f 3094 3096 3095
f 3094 3095 3093
f 3004 3097 3098
f 3004 3098 3005
f 3099 3100 3098
f 3099 3098 3097
f 3005 3098 3101
f 3005 3101 3007
f 3100 3102 3101
f 3100 3101 3098
f 3007 3101 3103
f 3007 3103 3009
f 3102 3104 3103
f 3102 3103 3101
f 3009 3103 3105
f 3009 3105 3011
f 3104 3106 3105
f 3104 3105 3103
f 3011 3105 3107
f 3011 3107 3013
f 3106 3108 3107
f 3106 3107 3105
f 3013 3107 3109
f 3013 3109 3014
f 3108 3110 3109
f 3108 3109 3107
f 3016 3014 3109
f 3016 3109 3110
f 3016 3110 3111
f 3016 3111 3017
f 3017 3111 3112
f 3017 3112 3018
f 3113 3114 3112
f 3113 3112 3111
f 3020 3018 3112
f 3020 3112 3114
f 3020 3114 3115
f 3020 3115 3021
f 3021 3115 3116
f 3021 3116 3022
f 3117 3118 3116
f 3117 3116 3115
f 3023 3022 3116
f 3023 3116 3118
f 3023 3118 3119
f 3023 3119 3024
f 3024 3119 3120
f 3024 3120 3025
f 3121 3122 3120
f 3121 3120 3119
f 3026 3025 3120
f 3026 3120 3122
f 3026 3122 3123
f 3026 3123 3027
f 3027 3123 3124
f 3027 3124 3028
f 3029 3028 3124
f 3029 3124 3125
f 3029 3125 3126
f 3029 3126 3030
f 3030 3126 3127
f 3030 3127 3031
f 3031 3127 3128
f 3031 3128 3034
f 3033 3034 3128
f 3033 3128 3129
f 3033 3129 3130
f 3033 3130 3035
f 3128 3131 3130
f 3128 3130 3129
f 3035 3130 3132
f 3035 3132 3036
f 3131 3133 3132
f 3131 3132 3130
f 3036 3132 3134
f 3036 3134 3039
f 3038 3039 3134
f 3038 3134 3135
f 3038 3135 3136
f 3038 3136 3040
f 3134 3137 3136
f 3134 3136 3135
f 3040 3136 3138
f 3040 3138 3041
f 3042 3041 3138
f 3042 3138 3139
f 3042 3139 3140
f 3042 3140 3043
f 3138 3141 3140
f 3138 3140 3139
f 3043 3140 3142
f 3043 3142 3044
f 3044 3142 3143
f 3044 3143 3045
f 3046 3045 3143
f 3046 3143 3144
f 3046 3144 3145
f 3046 3145 3047
f 3047 3145 3146
f 3047 3146 3048
f 3048 3146 3147
f 3048 3147 3051
f 3051 3147 3148
f 3051 3148 3053
f 3148 3149 3052
f 3148 3052 3053
f 3052 3149 3150
f 3052 3150 3054
f 3148 3151 3150
f 3148 3150 3149
f 3054 3150 3152
f 3054 3152 3057
f 3151 3153 3152
f 3151 3152 3150
f 3057 3152 3154
f 3057 3154 3059
f 3154 3155 3058
f 3154 3058 3059
f 3058 3155 3156
f 3058 3156 3062
f 3154 3157 3156
f 3154 3156 3155
f 3062 3156 3158
f 3062 3158 3064
f 3158 3159 3063
f 3158 3063 3064
f 3063 3159 3160
f 3063 3160 3067
f 3158 3161 3160
f 3158 3160 3159
f 3067 3160 3162
f 3067 3162 3069
f 3161 3163 3162
f 3161 3162 3160
f 3162 3164 3068
f 3162 3068 3069
f 3068 3164 3165
f 3068 3165 3072
f 3162 3166 3165
f 3162 3165 3164
f 3072 3165 3167
f 3072 3167 3074
f 3166 3168 3167
f 3166 3167 3165
f 3074 3167 3169
f 3074 3169 3076
f 3168 3170 3169
f 3168 3169 3167
f 3076 3169 3171
f 3076 3171 3078
f 3172 3173 3171
f 3172 3171 3169
f 3080 3078 3171
f 3080 3171 3174
f 3080 3174 3175
f 3080 3175 3081
f 3173 3176 3175
f 3173 3175 3174
f 3081 3175 3177
f 3081 3177 3083
f 3176 3178 3177
f 3176 3177 3175
f 3083 3177 3179
f 3083 3179 3085
f 3178 3180 3179
f 3178 3179 3177
f 3087 3085 3179
f 3087 3179 3180
f 3087 3180 3181
f 3087 3181 3088
f 3182 3183 3181
f 3182 3181 3180
f 3088 3181 3184
f 3088 3184 3090
f 3183 3185 3184
f 3183 3184 3181
f 3090 3184 3186
f 3090 3186 3092
f 3185 3187 3186
f 3185 3186 3184
f 3092 3186 3188
f 3092 3188 3094
f 3187 3189 3188
f 3187 3188 3186
f 3094 3188 3190
f 3094 3190 3096
f 3189 3191 3190
f 3189 3190 3188
f 3099 3192 3193
f 3099 3193 3100
f 3194 3195 3193
f 3194 3193 3192
f 3100 3193 3196
f 3100 3196 3102
f 3195 3197 3196
f 3195 3196 3193
f 3102 3196 3198
f 3102 3198 3104
f 3197 3199 3198
f 3197 3198 3196
f 3104 3198 3200
f 3104 3200 3106
f 3199 3201 3200
f 3199 3200 3198
f 3106 3200 3202
f 3106 3202 3108
f 3201 3203 3202
f 3201 3202 3200
f 3108 3202 3204
f 3108 3204 3110
f 3203 3205 3204
f 3203 3204 3202
f 3110 3204 3206
f 3110 3206 3111
f 3205 3207 3206
f 3205 3206 3204
f 3113 3111 3206
f 3113 3206 3207
f 3113 3207 3208
f 3113 3208 3114
f 3114 3208 3209
f 3114 3209 3115
f 3210 3211 3209
f 3210 3209 3208
f 3117 3115 3209
f 3117 3209 3211
f 3117 3211 3212
f 3117 3212 3118
f 3118 3212 3213
f 3118 3213 3119
f 3214 3215 3213
f 3214 3213 3212
f 3121 3119 3213
f 3121 3213 3215
f 3121 3215 3216
f 3121 3216 3122
f 3122 3216 3217
f 3122 3217 3123
f 3123 3217 3218
f 3123 3218 3124
f 3125 3124 3218
f 3125 3218 3219
f 3125 3219 3220
f 3125 3220 3126
f 3218 3221 3220
f 3218 3220 3219
f 3126 3220 3222
f 3126 3222 3127
f 3127 3222 3223
f 3127 3223 3128
f 3128 3223 3224
f 3128 3224 3131
f 3131 3224 3225
f 3131 3225 3133
f 3132 3133 3225
f 3132 3225 3226
f 3132 3226 3227
f 3132 3227 3134
f 3225 3228 3227
f 3225 3227 3226
f 3134 3227 3229
f 3134 3229 3137
f 3136 3137 3229
f 3136 3229 3230
f 3136 3230 3231
f 3136 3231 3138
f 3229 3232 3231
f 3229 3231 3230
f 3138 3231 3233
f 3138 3233 3141
f 3140 3141 3233
f 3140 3233 3234
f 3140 3234 3235
f 3140 3235 3142
f 3142 3235 3236
f 3142 3236 3143
f 3144 3143 3236
f 3144 3236 3237
f 3144 3237 3238
f 3144 3238 3145
f 3145 3238 3239
f 3145 3239 3146
f 3146 3239 3240
f 3146 3240 3147
f 3147 3240 3241
f 3147 3241 3148
f 3148 3241 3242
f 3148 3242 3151
f 3151 3242 3243
f 3151 3243 3153
f 3243 3244 3152
f 3243 3152 3153
f 3152 3244 3245
f 3152 3245 3154
f 3243 3246 3245
f 3243 3245 3244
f 3154 3245 3247
f 3154 3247 3157
f 3247 3248 3156
f 3247 3156 3157
f 3156 3248 3249
f 3156 3249 3158
f 3247 3250 3249
f 3247 3249 3248
f 3158 3249 3251
f 3158 3251 3161
f 3250 3252 3251
f 3250 3251 3249
f 3161 3251 3253
f 3161 3253 3163
f 3252 3254 3253
f 3252 3253 3251
f 3253 3255 3162
f 3253 3162 3163
f 3162 3255 3256
f 3162 3256 3166
f 3253 3257 3256
f 3253 3256 3255
f 3166 3256 3258
f 3166 3258 3168
f 3257 3259 3258
f 3257 3258 3256
f 3168 3258 3260
f 3168 3260 3170
f 3261 3262 3260
f 3261 3260 3258
f 3172 3170 3260
f 3172 3260 3263
f 3172 3263 3264
f 3172 3264 3173
f 3262 3265 3264
f 3262 3264 3263
f 3173 3264 3266
f 3173 3266 3176
f 3265 3267 3266
f 3265 3266 3264
f 3176 3266 3268
f 3176 3268 3178
f 3267 3269 3268
f 3267 3268 3266
f 3178 3268 3270
f 3178 3270 3180
f 3269 3271 3270
f 3269 3270 3268
f 3182 3180 3270
f 3182 3270 3271
f 3182 3271 3272
f 3182 3272 3183
f 3273 3274 3272
f 3273 3272 3271
f 3183 3272 3275
f 3183 3275 3185
f 3274 3276 3275
f 3274 3275 3272
f 3185 3275 3277
f 3185 3277 3187
f 3276 3278 3277
f 3276 3277 3275
f 3187 3277 3279
f 3187 3279 3189
f 3278 3280 3279
f 3278 3279 3277
f 3189 3279 3281
f 3189 3281 3191
f 3280 3282 3281
f 3280 3281 3279
f 3194 3283 3284
f 3194 3284 3195
f 3285 3286 3284
f 3285 3284 3283
f 3195 3284 3287
f 3195 3287 3197
f 3286 3288 3287
f 3286 3287 3284
f 3197 3287 3289
f 3197 3289 3199
f 3288 3290 3289
f 3288 3289 3287
f 3199 3289 3291
f 3199 3291 3201
f 3290 3292 3291
f 3290 3291 3289
f 3201 3291 3293
f 3201 3293 3203
f 3292 3294 3293
f 3292 3293 3291
f 3203 3293 3295
f 3203 3295 3205
f 3294 3296 3295
f 3294 3295 3293
f 3205 3295 3297
f 3205 3297 3207
f 3296 3298 3297
f 3296 3297 3295
f 3207 3297 3299
f 3207 3299 3208
f 3298 3300 3299
f 3298 3299 3297
f 3210 3208 3299
f 3210 3299 3300
f 3210 3300 3301
f 3210 3301 3211
f 3211 3301 3302
f 3211 3302 3212
f 3303 3304 3302
f 3303 3302 3301
f 3214 3212 3302
f 3214 3302 3304
f 3214 3304 3305
f 3214 3305 3215
f 3215 3305 3306
f 3215 3306 3216
f 3216 3306 3307
f 3216 3307 3217
f 3217 3307 3308
f 3217 3308 3218
f 3218 3308 3309
f 3218 3309 3221
f 3220 3221 3309
f 3220 3309 3310
f 3220 3310 3311
f 3220 3311 3222
f 3309 3312 3311
f 3309 3311 3310
f 3222 3311 3313
f 3222 3313 3223
f 3312 3314 3313
f 3312 3313 3311
f 3223 3313 3315
f 3223 3315 3224
f 3224 3315 3316
f 3224 3316 3225
f 3225 3316 3317
f 3225 3317 3228
f 3227 3228 3317
f 3227 3317 3318
f 3227 3318 3319
f 3227 3319 3229
f 3229 3319 3320
f 3229 3320 3232
f 3231 3232 3320
f 3231 3320 3321
f 3231 3321 3322
f 3231 3322 3233
f 3234 3233 3322
f 3234 3322 3323
f 3234 3323 3324
f 3234 3324 3235
f 3322 3325 3324
f 3322 3324 3323
f 3235 3324 3326
f 3235 3326 3236
f 3237 3236 3326
f 3237 3326 3327
f 3237 3327 3328
f 3237 3328 3238
f 3238 3328 3329
f 3238 3329 3239
f 3239 3329 3330
f 3239 3330 3240
f 3240 3330 3331
f 3240 3331 3241
f 3332 3333 3331
f 3332 3331 3330
f 3241 3331 3334
f 3241 3334 3242
f 3333 3335 3334
f 3333 3334 3331
f 3242 3334 3336
f 3242 3336 3243
f 3243 3336 3337
f 3243 3337 3246
f 3337 3338 3245
f 3337 3245 3246
f 3245 3338 3339
f 3245 3339 3247
f 3337 3340 3339
f 3337 3339 3338
f 3247 3339 3341
f 3247 3341 3250
f 3340 3342 3341
f 3340 3341 3339
f 3250 3341 3343
f 3250 3343 3252
f 3342 3344 3343
f 3342 3343 3341
f 3252 3343 3345
f 3252 3345 3254
f 3345 3346 3253
f 3345 3253 3254
f 3253 3346 3347
f 3253 3347 3257
f 3345 3348 3347
f 3345 3347 3346
f 3257 3347 3349
f 3257 3349 3259
f 3348 3350 3349
f 3348 3349 3347
f 3261 3259 3349
f 3261 3349 3350
f 3261 3350 3351
f 3261 3351 3262
f 3352 3353 3351
f 3352 3351 3350
f 3262 3351 3354
f 3262 3354 3265
f 3353 3355 3354
f 3353 3354 3351
f 3265 3354 3356
f 3265 3356 3267
f 3355 3357 3356
f 3355 3356 3354
f 3267 3356 3358
f 3267 3358 3269
f 3357 3359 3358
f 3357 3358 3356
f 3269 3358 3360
f 3269 3360 3271
f 3359 3361 3360
f 3359 3360 3358
f 3273 3271 3360
f 3273 3360 3361
f 3273 3361 3362
f 3273 3362 3274
f 3363 3364 3362
f 3363 3362 3361
f 3274 3362 3365
f 3274 3365 3276
f 3364 3366 3365
f 3364 3365 3362
f 3276 3365 3367
f 3276 3367 3278
f 3366 3368 3367
f 3366 3367 3365
f 3278 3367 3369
f 3278 3369 3280
f 3368 3370 3369
f 3368 3369 3367
f 3280 3369 3371
f 3280 3371 3282
f 3370 3372 3371
f 3370 3371 3369
f 3285 3373 3374
f 3285 3374 3286
f 3375 3376 3374
f 3375 3374 3373
f 3286 3374 3377
f 3286 3377 3288
f 3376 3378 3377
f 3376 3377 3374
f 3288 3377 3379
f 3288 3379 3290
f 3378 3380 3379
f 3378 3379 3377
f 3290 3379 3381
f 3290 3381 3292
f 3380 3382 3381
f 3380 3381 3379
f 3292 3381 3383
f 3292 3383 3294
f 3382 3384 3383
f 3382 3383 3381
f 3294 3383 3385
f 3294 3385 3296
f 3384 3386 3385
f 3384 3385 3383
f 3296 3385 3387
f 3296 3387 3298
f 3386 3388 3387
f 3386 3387 3385
f 3298 3387 3389
f 3298 3389 3300
f 3388 3390 3389
f 3388 3389 3387
f 3300 3389 3391
f 3300 3391 3301
f 3390 3392 3391
f 3390 3391 3389
f 3303 3301 3391
f 3303 3391 3392
f 3303 3392 3393
f 3303 3393 3304
f 3304 3393 3394
f 3304 3394 3305
f 3305 3394 3395
f 3305 3395 3306
f 3306 3395 3396
f 3306 3396 3307
f 3307 3396 3397
f 3307 3397 3308
f 3308 3397 3398
f 3308 3398 3309
f 3309 3398 3399
f 3309 3399 3312
f 3312 3399 3400
f 3312 3400 3314
f 3313 3314 3400
f 3313 3400 3401
f 3313 3401 3402
f 3313 3402 3315
f 3400 3403 3402
f 3400 3402 3401
f 3315 3402 3404
f 3315 3404 3316
f 3403 3405 3404
f 3403 3404 3402
f 3316 3404 3406
f 3316 3406 3317
f 3318 3317 3406
f 3318 3406 3407
f 3318 3407 3408
f 3318 3408 3319
f 3406 3409 3408
f 3406 3408 3407
f 3319 3408 3410
f 3319 3410 3320
f 3321 3320 3410
f 3321 3410 3411
f 3321 3411 3412
f 3321 3412 3322
f 3322 3412 3413
f 3322 3413 3325
f 3324 3325 3413
f 3324 3413 3414
f 3324 3414 3415
f 3324 3415 3326
f 3327 3326 3415
f 3327 3415 3416
f 3327 3416 3417
f 3327 3417 3328
f 3328 3417 3418
f 3328 3418 3329
f 3329 3418 3419
f 3329 3419 3330
f 3420 3421 3419
f 3420 3419 3418
f 3332 3330 3419
f 3332 3419 3421
f 3332 3421 3422
f 3332 3422 3333
f 3333 3422 3423
f 3333 3423 3335
f 3423 3424 3334
f 3423 3334 3335
f 3334 3424 3425
f 3334 3425 3336
f 3423 3426 3425
f 3423 3425 3424
f 3336 3425 3427
f 3336 3427 3337
f 3426 3428 3427
f 3426 3427 3425
f 3337 3427 3429
f 3337 3429 3340
f 3428 3430 3429
f 3428 3429 3427
f 3340 3429 3431
f 3340 3431 3342
f 3342 3431 3432
f 3342 3432 3344
f 3432 3433 3343
f 3432 3343 3344
f 3343 3433 3434
f 3343 3434 3345
f 3432 3435 3434
f 3432 3434 3433
f 3345 3434 3436
f 3345 3436 3348
f 3435 3437 3436
f 3435 3436 3434
f 3348 3436 3438
f 3348 3438 3350
f 3437 3439 3438
f 3437 3438 3436
f 3352 3350 3438
f 3352 3438 3439
f 3352 3439 3440
f 3352 3440 3353
f 3353 3440 3441
f 3353 3441 3355
f 3355 3441 3442
f 3355 3442 3357
f 3443 3444 3442
f 3443 3442 3441
f 3357 3442 3445
f 3357 3445 3359
f 3444 3446 3445
f 3444 3445 3442
f 3359 3445 3447
f 3359 3447 3361
f 3446 3448 3447
f 3446 3447 3445
f 3363 3361 3447
f 3363 3447 3448
f 3363 3448 3449
f 3363 3449 3364
f 3364 3449 3450
f 3364 3450 3366
f 3366 3450 3451
f 3366 3451 3368
f 3368 3451 3452
f 3368 3452 3370
f 3370 3452 3453
f 3370 3453 3372
f 3375 3454 3455
f 3375 3455 3376
f 3456 3457 3455
f 3456 3455 3454
f 3376 3455 3458
f 3376 3458 3378
f 3457 3459 3458
f 3457 3458 3455
f 3378 3458 3460
f 3378 3460 3380
f 3459 3461 3460
f 3459 3460 3458
f 3380 3460 3462
f 3380 3462 3382
f 3461 3463 3462
f 3461 3462 3460
f 3382 3462 3464
f 3382 3464 3384
f 3463 3465 3464
f 3463 3464 3462
f 3384 3464 3466
f 3384 3466 3386
f 3386 3466 3467
f 3386 3467 3388
f 3388 3467 3468
f 3388 3468 3390
f 3390 3468 3469
f 3390 3469 3392
f 3392 3469 3470
f 3392 3470 3393
f 3393 3470 3471
f 3393 3471 3394
f 3394 3471 3472
f 3394 3472 3395
f 3395 3472 3473
f 3395 3473 3396
f 3396 3473 3474
f 3396 3474 3397
f 3397 3474 3475
f 3397 3475 3398
f 3398 3475 3476
f 3398 3476 3399
f 3399 3476 3477
f 3399 3477 3400
f 3400 3477 3478
f 3400 3478 3403
f 3403 3478 3479
f 3403 3479 3405
f 3404 3405 3479
f 3404 3479 3480
f 3404 3480 3481
f 3404 3481 3406
f 3406 3481 3482
f 3406 3482 3409
f 3408 3409 3482
f 3408 3482 3483
f 3408 3483 3484
f 3408 3484 3410
f 3411 3410 3484
f 3411 3484 3485
f 3411 3485 3486
f 3411 3486 3412
f 3412 3486 3487
f 3412 3487 3413
f 3414 3413 3487
f 3414 3487 3488
f 3414 3488 3489
f 3414 3489 3415
f 3416 3415 3489
f 3416 3489 3490
f 3416 3490 3491
f 3416 3491 3417
f 3417 3491 3492
f 3417 3492 3418
f 3420 3418 3492
f 3420 3492 3493
f 3420 3493 3494
f 3420 3494 3421
f 3421 3494 3495
f 3421 3495 3422
f 3422 3495 3496
f 3422 3496 3423
f 3423 3496 3497
f 3423 3497 3426
f 3426 3497 3498
f 3426 3498 3428
f 3428 3498 3499
f 3428 3499 3430
f 3499 3500 3429
f 3499 3429 3430
f 3429 3500 3501
f 3429 3501 3431
f 3499 3502 3501
f 3499 3501 3500
f 3431 3501 3503
f 3431 3503 3432
f 3502 3504 3503
f 3502 3503 3501
f 3432 3503 3505
f 3432 3505 3435
f 3504 3506 3505
f 3504 3505 3503
f 3435 3505 3507
f 3435 3507 3437
f 3506 3508 3507
f 3506 3507 3505
f 3437 3507 3509
f 3437 3509 3439
f 3508 3510 3509
f 3508 3509 3507
f 3439 3509 3511
f 3439 3511 3440
f 3510 3512 3511
f 3510 3511 3509
f 3440 3511 3513
f 3440 3513 3441
f 3512 3514 3513
f 3512 3513 3511
f 3443 3441 3513
f 3443 3513 3514
f 3443 3514 3515
f 3443 3515 3444
f 3444 3515 3516
f 3444 3516 3446
f 3446 3516 3517
f 3446 3517 3448
f 3448 3517 3518
f 3448 3518 3449
f 3519 3520 3518
f 3519 3518 3517
f 3449 3518 3521
f 3449 3521 3450
f 3520 3522 3521
f 3520 3521 3518
f 3450 3521 3523
f 3450 3523 3451
f 3522 3524 3523
f 3522 3523 3521
f 3451 3523 3525
f 3451 3525 3452
f 3524 3526 3525
f 3524 3525 3523
f 3452 3525 3527
f 3452 3527 3453
f 3526 3528 3527
f 3526 3527 3525
f 3456 3529 3530
f 3456 3530 3457
f 3457 3530 3531
f 3457 3531 3459
f 3459 3531 3532
f 3459 3532 3461
f 3461 3532 3533
f 3461 3533 3463
f 3463 3533 3534
f 3463 3534 3465
f 3534 3535 3464
f 3534 3464 3465
f 3464 3535 3536
f 3464 3536 3466
f 3534 3537 3536
f 3534 3536 3535
f 3466 3536 3538
f 3466 3538 3467
f 3537 3539 3538
f 3537 3538 3536
f 3467 3538 3540
f 3467 3540 3468
f 3539 3541 3540
f 3539 3540 3538
f 3468 3540 3542
f 3468 3542 3469
f 3541 3543 3542
f 3541 3542 3540
f 3469 3542 3544
f 3469 3544 3470
f 3470 3544 3545
f 3470 3545 3471
f 3471 3545 3546
f 3471 3546 3472
f 3472 3546 3547
f 3472 3547 3473
f 3473 3547 3548
f 3473 3548 3474
f 3474 3548 3549
f 3474 3549 3475
f 3475 3549 3550
f 3475 3550 3476
f 3476 3550 3551
f 3476 3551 3477
f 3477 3551 3552
f 3477 3552 3478
f 3478 3552 3553
f 3478 3553 3479
f 3480 3479 3553
f 3480 3553 3554
f 3480 3554 3555
f 3480 3555 3481
f 3553 3556 3555
f 3553 3555 3554
f 3481 3555 3557
f 3481 3557 3482
f 3483 3482 3557
f 3483 3557 3558
f 3483 3558 3559
f 3483 3559 3484
f 3485 3484 3559
f 3485 3559 3560
f 3485 3560 3561
f 3485 3561 3486
f 3486 3561 3562
f 3486 3562 3487
f 3488 3487 3562
f 3488 3562 3563
f 3488 3563 3564
f 3488 3564 3489
f 3490 3489 3564
f 3490 3564 3565
f 3490 3565 3566
f 3490 3566 3491
f 3491 3566 3567
f 3491 3567 3492
f 3568 3569 3567
f 3568 3567 3566
f 3493 3492 3567
f 3493 3567 3569
f 3493 3569 3570
f 3493 3570 3494
f 3494 3570 3571
f 3494 3571 3495
f 3572 3573 3571
f 3572 3571 3570
f 3495 3571 3574
f 3495 3574 3496
f 3573 3575 3574
f 3573 3574 3571
f 3496 3574 3576
f 3496 3576 3497
f 3575 3577 3576
f 3575 3576 3574
f 3497 3576 3578
f 3497 3578 3498
f 3577 3579 3578
f 3577 3578 3576
f 3498 3578 3580
f 3498 3580 3499
f 3579 3581 3580
f 3579 3580 3578
f 3499 3580 3582
f 3499 3582 3502
f 3581 3583 3582
f 3581 3582 3580
f 3502 3582 3584
f 3502 3584 3504
f 3504 3584 3585
f 3504 3585 3506
f 3506 3585 3586
f 3506 3586 3508
f 3508 3586 3587
f 3508 3587 3510
f 3510 3587 3588
f 3510 3588 3512
f 3512 3588 3589
f 3512 3589 3514
f 3514 3589 3590
f 3514 3590 3515
f 3515 3590 3591
f 3515 3591 3516
f 3516 3591 3592
f 3516 3592 3517
f 3519 3517 3592
f 3519 3592 3593
f 3519 3593 3594
f 3519 3594 3520
f 3592 3595 3594
f 3592 3594 3593
f 3520 3594 3596
f 3520 3596 3522
f 3595 3597 3596
f 3595 3596 3594
f 3522 3596 3598
f 3522 3598 3524
f 3597 3599 3598
f 3597 3598 3596
f 3524 3598 3600
f 3524 3600 3526
f 3599 3601 3600
f 3599 3600 3598
f 3526 3600 3602
f 3526 3602 3528
f 3601 3603 3602
f 3601 3602 3600
f 3529 3604 3605
f 3529 3605 3530
f 3606 3607 3605
f 3606 3605 3604
f 3530 3605 3608
f 3530 3608 3531
f 3607 3609 3608
f 3607 3608 3605
f 3531 3608 3610
f 3531 3610 3532
f 3609 3611 3610
f 3609 3610 3608
f 3532 3610 3612
f 3532 3612 3533
f 3611 3613 3612
f 3611 3612 3610
f 3533 3612 3614
f 3533 3614 3534
f 3613 3615 3614
f 3613 3614 3612
f 3534 3614 3616
f 3534 3616 3537
f 3615 3617 3616
f 3615 3616 3614
f 3537 3616 3618
f 3537 3618 3539
f 3539 3618 3619
f 3539 3619 3541
f 3541 3619 3620
f 3541 3620 3543
f 3620 3621 3542
f 3620 3542 3543
f 3542 3621 3622
f 3542 3622 3544
f 3620 3623 3622
f 3620 3622 3621
f 3544 3622 3624
f 3544 3624 3545
f 3545 3624 3625
f 3545 3625 3546
f 3546 3625 3626
f 3546 3626 3547
f 3547 3626 3627
f 3547 3627 3548
f 3548 3627 3628
f 3548 3628 3549
f 3629 3630 3628
f 3629 3628 3627
f 3549 3628 3631
f 3549 3631 3550
f 3630 3632 3631
f 3630 3631 3628
f 3550 3631 3633
f 3550 3633 3551
f 3632 3634 3633
f 3632 3633 3631
f 3551 3633 3635
f 3551 3635 3552
f 3634 3636 3635
f 3634 3635 3633
f 3552 3635 3637
f 3552 3637 3553
f 3553 3637 3638
f 3553 3638 3556
f 3555 3556 3638
f 3555 3638 3639
f 3555 3639 3640
f 3555 3640 3557
f 3558 3557 3640
f 3558 3640 3641
f 3558 3641 3642
f 3558 3642 3559
f 3560 3559 3642
f 3560 3642 3643
f 3560 3643 3644
f 3560 3644 3561
f 3561 3644 3645
f 3561 3645 3562
f 3646 3647 3645
f 3646 3645 3644
f 3563 3562 3645
f 3563 3645 3647
f 3563 3647 3648
f 3563 3648 3564
f 3649 3650 3648
f 3649 3648 3647
f 3565 3564 3648
f 3565 3648 3650
f 3565 3650 3651
f 3565 3651 3566
f 3652 3653 3651
f 3652 3651 3650
f 3568 3566 3651
f 3568 3651 3653
f 3568 3653 3654
f 3568 3654 3569
f 3569 3654 3655
f 3569 3655 3570
f 3656 3657 3655
f 3656 3655 3654
f 3572 3570 3655
f 3572 3655 3657
f 3572 3657 3658
f 3572 3658 3573
f 3573 3658 3659
f 3573 3659 3575
f 3575 3659 3660
f 3575 3660 3577
f 3661 3662 3660
f 3661 3660 3659
f 3577 3660 3663
f 3577 3663 3579
f 3662 3664 3663
f 3662 3663 3660
f 3579 3663 3665
f 3579 3665 3581
f 3581 3665 3666
f 3581 3666 3583
f 3666 3667 3582
f 3666 3582 3583
f 3582 3667 3668
f 3582 3668 3584
f 3666 3669 3668
f 3666 3668 3667
f 3584 3668 3670
f 3584 3670 3585
f 3669 3671 3670
f 3669 3670 3668
f 3585 3670 3672
f 3585 3672 3586
f 3671 3673 3672
f 3671 3672 3670
f 3586 3672 3674
f 3586 3674 3587
f 3673 3675 3674
f 3673 3674 3672
f 3587 3674 3676
f 3587 3676 3588
f 3588 3676 3677
f 3588 3677 3589
f 3589 3677 3678
f 3589 3678 3590
f 3590 3678 3679
f 3590 3679 3591
f 3591 3679 3680
f 3591 3680 3592
f 3592 3680 3681
f 3592 3681 3595
f 3595 3681 3682
f 3595 3682 3597
f 3597 3682 3683
f 3597 3683 3599
f 3599 3683 3684
f 3599 3684 3601
f 3601 3684 3685
f 3601 3685 3603
f 3606 3686 3687
f 3606 3687 3607
f 3688 3689 3687
f 3688 3687 3686
f 3607 3687 3690
f 3607 3690 3609
f 3689 3691 3690
f 3689 3690 3687
f 3609 3690 3692
f 3609 3692 3611
f 3691 3693 3692
f 3691 3692 3690
f 3611 3692 3694
f 3611 3694 3613
f 3693 3695 3694
f 3693 3694 3692
f 3613 3694 3696
f 3613 3696 3615
f 3615 3696 3697
f 3615 3697 3617
f 3697 3698 3616
f 3697 3616 3617
f 3616 3698 3699
f 3616 3699 3618
f 3697 3700 3699
f 3697 3699 3698
f 3618 3699 3701
f 3618 3701 3619
f 3619 3701 3702
f 3619 3702 3620
f 3620 3702 3703
f 3620 3703 3623
f 3704 3705 3703
f 3704 3703 3702
f 3703 3705 3622
f 3703 3622 3623
f 3622 3705 3706
f 3622 3706 3624
f 3624 3706 3707
f 3624 3707 3625
f 3625 3707 3708
f 3625 3708 3626
f 3709 3710 3708
f 3709 3708 3707
f 3626 3708 3711
f 3626 3711 3627
f 3710 3712 3711
f 3710 3711 3708
f 3711 3712 3629
f 3711 3629 3627
f 3629 3712 3713
f 3629 3713 3630
f 3630 3713 3714
f 3630 3714 3632
f 3632 3714 3715
f 3632 3715 3634
f 3634 3715 3716
f 3634 3716 3636
f 3635 3636 3716
f 3635 3716 3717
f 3635 3717 3718
f 3635 3718 3637
f 3637 3718 3719
f 3637 3719 3638
f 3639 3638 3719
f 3639 3719 3720
f 3639 3720 3721
f 3639 3721 3640
f 3641 3640 3721
f 3641 3721 3722
f 3641 3722 3723
f 3641 3723 3642
f 3643 3642 3723
f 3643 3723 3724
f 3643 3724 3725
f 3643 3725 3644
f 3646 3644 3725
f 3646 3725 3726
f 3646 3726 3727
f 3646 3727 3647
f 3649 3647 3727
f 3649 3727 3728
f 3649 3728 3729
f 3649 3729 3650
f 3652 3650 3729
f 3652 3729 3730
f 3652 3730 3731
f 3652 3731 3653
f 3653 3731 3732
f 3653 3732 3654
f 3733 3734 3732
f 3733 3732 3731
f 3656 3654 3732
f 3656 3732 3734
f 3656 3734 3735
f 3656 3735 3657
f 3657 3735 3736
f 3657 3736 3658
f 3737 3738 3736
f 3737 3736 3735
f 3658 3736 3739
f 3658 3739 3659
f 3738 3740 3739
f 3738 3739 3736
f 3661 3659 3739
f 3661 3739 3740
f 3661 3740 3741
f 3661 3741 3662
f 3662 3741 3742
f 3662 3742 3664
f 3742 3743 3663
f 3742 3663 3664
f 3663 3743 3744
f 3663 3744 3665
f 3742 3745 3744
f 3742 3744 3743
f 3665 3744 3746
f 3665 3746 3666
f 3745 3747 3746
f 3745 3746 3744
f 3666 3746 3748
f 3666 3748 3669
f 3747 3749 3748
f 3747 3748 3746
f 3669 3748 3750
f 3669 3750 3671
f 3671 3750 3751
f 3671 3751 3673
f 3673 3751 3752
f 3673 3752 3675
f 3752 3753 3674
f 3752 3674 3675
f 3674 3753 3754
f 3674 3754 3676
f 3676 3754 3755
f 3676 3755 3677
f 3677 3755 3756
f 3677 3756 3678
f 3678 3756 3757
f 3678 3757 3679
f 3679 3757 3758
f 3679 3758 3680
f 3680 3758 3759
f 3680 3759 3681
f 3760 3761 3759
f 3760 3759 3758
f 3681 3759 3762
f 3681 3762 3682
f 3761 3763 3762
f 3761 3762 3759
f 3682 3762 3764
f 3682 3764 3683
f 3763 3765 3764
f 3763 3764 3762
f 3683 3764 3766
f 3683 3766 3684
f 3765 3767 3766
f 3765 3766 3764
f 3684 3766 3768
f 3684 3768 3685
f 3767 3769 3768
f 3767 3768 3766
f 3688 3770 3771
f 3688 3771 3689
f 3689 3771 3772
f 3689 3772 3691
f 3691 3772 3773
f 3691 3773 3693
f 3693 3773 3774
f 3693 3774 3695
f 3774 3775 3694
f 3774 3694 3695
f 3694 3775 3776
f 3694 3776 3696
f 3774 3777 3776
f 3774 3776 3775
f 3696 3776 3778
f 3696 3778 3697
f 3697 3778 3779
f 3697 3779 3700
f 3779 3780 3699
f 3779 3699 3700
f 3699 3780 3781
f 3699 3781 3701
f 3701 3781 3782
f 3701 3782 3702
f 3782 3783 3704
f 3782 3704 3702
f 3704 3783 3784
f 3704 3784 3705
f 3705 3784 3785
f 3705 3785 3706
f 3706 3785 3786
f 3706 3786 3707
f 3786 3787 3709
f 3786 3709 3707
f 3709 3787 3788
f 3709 3788 3710
f 3710 3788 3789
f 3710 3789 3712
f 3712 3789 3790
f 3712 3790 3713
f 3713 3790 3791
f 3713 3791 3714
f 3714 3791 3792
f 3714 3792 3715
f 3715 3792 3793
f 3715 3793 3716
f 3717 3716 3793
f 3717 3793 3794
f 3717 3794 3795
f 3717 3795 3718
f 3718 3795 3796
f 3718 3796 3719
f 3720 3719 3796
f 3720 3796 3797
f 3720 3797 3798
f 3720 3798 3721
f 3722 3721 3798
f 3722 3798 3799
f 3722 3799 3800
f 3722 3800 3723
f 3724 3723 3800
f 3724 3800 3801
f 3724 3801 3802
f 3724 3802 3725
f 3726 3725 3802
f 3726 3802 3803
f 3726 3803 3804
f 3726 3804 3727
f 3728 3727 3804
f 3728 3804 3805
f 3728 3805 3806
f 3728 3806 3729
f 3730 3729 3806
f 3730 3806 3807
f 3730 3807 3808
f 3730 3808 3731
f 3733 3731 3808
f 3733 3808 3809
f 3733 3809 3810
f 3733 3810 3734
f 3734 3810 3811
f 3734 3811 3735
f 3812 3813 3811
f 3812 3811 3810
f 3737 3735 3811
f 3737 3811 3813
f 3737 3813 3814
f 3737 3814 3738
f 3738 3814 3815
f 3738 3815 3740
f 3740 3815 3816
f 3740 3816 3741
f 3817 3818 3816
f 3817 3816 3815
f 3741 3816 3819
f 3741 3819 3742
f 3742 3819 3820
f 3742 3820 3745
f 3745 3820 3821
f 3745 3821 3747
f 3747 3821 3822
f 3747 3822 3749
f 3822 3823 3748
f 3822 3748 3749
f 3748 3823 3824
f 3748 3824 3750
f 3750 3824 3825
f 3750 3825 3751
f 3751 3825 3826
f 3751 3826 3752
f 3826 3827 3753
f 3826 3753 3752
f 3753 3827 3828
f 3753 3828 3754
f 3754 3828 3829
f 3754 3829 3755
f 3755 3829 3830
f 3755 3830 3756
f 3756 3830 3831
f 3756 3831 3757
f 3757 3831 3832
f 3757 3832 3758
f 3833 3834 3832
f 3833 3832 3831
f 3832 3834 3760
f 3832 3760 3758
f 3760 3834 3835
f 3760 3835 3761
f 3761 3835 3836
f 3761 3836 3763
f 3763 3836 3837
f 3763 3837 3765
f 3765 3837 3838
f 3765 3838 3767
f 3767 3838 3839
f 3767 3839 3769
f 3770 3840 3841
f 3770 3841 3771
f 3771 3841 3842
f 3771 3842 3772
f 3772 3842 3843
f 3772 3843 3773
f 3773 3843 3844
f 3773 3844 3774
f 3774 3844 3845
f 3774 3845 3777
f 3845 3846 3776
f 3845 3776 3777
f 3776 3846 3847
f 3776 3847 3778
f 3778 3847 3848
f 3778 3848 3779
f 3848 3849 3780
f 3848 3780 3779
f 3780 3849 3850
f 3780 3850 3781
f 3781 3850 3851
f 3781 3851 3782
f 3851 3852 3783
f 3851 3783 3782
f 3783 3852 3853
f 3783 3853 3784
f 3784 3853 3854
f 3784 3854 3785
f 3785 3854 3855
f 3785 3855 3786
f 3855 3856 3787
f 3855 3787 3786
f 3787 3856 3857
f 3787 3857 3788
f 3788 3857 3858
f 3788 3858 3789
f 3789 3858 3859
f 3789 3859 3790
f 3790 3859 3860
f 3790 3860 3791
f 3791 3860 3861
f 3791 3861 3792
f 3792 3861 3862
f 3792 3862 3793
f 3794 3793 3862
f 3794 3862 3863
f 3794 3863 3864
f 3794 3864 3795
f 3795 3864 3865
f 3795 3865 3796
f 3797 3796 3865
f 3797 3865 3866
f 3797 3866 3867
f 3797 3867 3798
f 3799 3798 3867
f 3799 3867 3868
f 3799 3868 3869
f 3799 3869 3800
f 3801 3800 3869
f 3801 3869 3870
f 3801 3870 3871
f 3801 3871 3802
f 3803 3802 3871
f 3803 3871 3872
f 3803 3872 3873
f 3803 3873 3804
f 3805 3804 3873
f 3805 3873 3874
f 3805 3874 3875
f 3805 3875 3806
f 3807 3806 3875
f 3807 3875 3876
f 3807 3876 3877
f 3807 3877 3808
f 3809 3808 3877
f 3809 3877 3878
f 3809 3878 3879
f 3809 3879 3810
f 3812 3810 3879
f 3812 3879 3880
f 3812 3880 3881
f 3812 3881 3813
f 3813 3881 3882
f 3813 3882 3814
f 3814 3882 3883
f 3814 3883 3815
f 3817 3815 3883
f 3817 3883 3884
f 3817 3884 3885
f 3817 3885 3818
f 3885 3886 3816
f 3885 3816 3818
f 3816 3886 3887
f 3816 3887 3819
f 3819 3887 3888
f 3819 3888 3820
f 3820 3888 3889
f 3820 3889 3821
f 3821 3889 3890
f 3821 3890 3822
f 3890 3891 3823
f 3890 3823 3822
f 3823 3891 3892
f 3823 3892 3824
f 3824 3892 3893
f 3824 3893 3825
f 3825 3893 3894
f 3825 3894 3826
f 3894 3895 3827
f 3894 3827 3826
f 3827 3895 3896
f 3827 3896 3828
f 3828 3896 3897
f 3828 3897 3829
f 3829 3897 3898
f 3829 3898 3830
f 3830 3898 3899
f 3830 3899 3831
f 3899 3900 3833
f 3899 3833 3831
f 3833 3900 3901
f 3833 3901 3834
f 3834 3901 3902
f 3834 3902 3835
f 3835 3902 3903
f 3835 3903 3836
f 3836 3903 3904
f 3836 3904 3837
f 3837 3904 3905
f 3837 3905 3838
f 3838 3905 3906
f 3838 3906 3839
f 3840 3907 3908
f 3840 3908 3841
f 3841 3908 3909
f 3841 3909 3842
f 3842 3909 3910
f 3842 3910 3843
f 3843 3910 3911
f 3843 3911 3844
f 3844 3911 3912
f 3844 3912 3845
f 3912 3913 3846
f 3912 3846 3845
f 3846 3913 3914
f 3846 3914 3847
f 3847 3914 3915
f 3847 3915 3848
f 3915 3916 3849
f 3915 3849 3848
f 3849 3916 3917
f 3849 3917 3850
f 3850 3917 3918
f 3850 3918 3851
f 3918 3919 3852
f 3918 3852 3851
f 3852 3919 3920
f 3852 3920 3853
f 3853 3920 3921
f 3853 3921 3854
f 3854 3921 3922
f 3854 3922 3855
f 3922 3923 3856
f 3922 3856 3855
f 3856 3923 3924
f 3856 3924 3857
f 3857 3924 3925
f 3857 3925 3858
f 3858 3925 3926
f 3858 3926 3859
f 3859 3926 3927
f 3859 3927 3860
f 3860 3927 3928
f 3860 3928 3861
f 3861 3928 3929
f 3861 3929 3862
f 3863 3862 3929
f 3863 3929 3930
f 3863 3930 3931
f 3863 3931 3864
f 3864 3931 3932
f 3864 3932 3865
f 3866 3865 3932
f 3866 3932 3933
f 3866 3933 3934
f 3866 3934 3867
f 3868 3867 3934
f 3868 3934 3935
f 3868 3935 3936
f 3868 3936 3869
f 3870 3869 3936
f 3870 3936 3937
f 3870 3937 3938
f 3870 3938 3871
f 3872 3871 3938
f 3872 3938 3939
f 3872 3939 3940
f 3872 3940 3873
f 3874 3873 3940
f 3874 3940 3941
f 3874 3941 3942
f 3874 3942 3875
f 3876 3875 3942
f 3876 3942 3943
f 3876 3943 3944
f 3876 3944 3877
f 3878 3877 3944
f 3878 3944 3945
f 3878 3945 3946
f 3878 3946 3879
f 3880 3879 3946
f 3880 3946 3947
f 3880 3947 3948
f 3880 3948 3881
f 3881 3948 3949
f 3881 3949 3882
f 3882 3949 3950
f 3882 3950 3883
f 3884 3883 3950
f 3884 3950 3951
f 3884 3951 3952
f 3884 3952 3885
f 3952 3953 3886
f 3952 3886 3885
f 3886 3953 3954
f 3886 3954 3887
f 3887 3954 3955
f 3887 3955 3888
f 3888 3955 3956
f 3888 3956 3889
f 3889 3956 3957
f 3889 3957 3890
f 3957 3958 3891
f 3957 3891 3890
f 3891 3958 3959
f 3891 3959 3892
f 3892 3959 3960
f 3892 3960 3893
f 3893 3960 3961
f 3893 3961 3894
f 3961 3962 3895
f 3961 3895 3894
f 3895 3962 3963
f 3895 3963 3896
f 3896 3963 3964
f 3896 3964 3897
f 3897 3964 3965
f 3897 3965 3898
f 3898 3965 3966
f 3898 3966 3899
f 3966 3967 3900
f 3966 3900 3899
f 3900 3967 3968
f 3900 3968 3901
f 3901 3968 3969
f 3901 3969 3902
f 3902 3969 3970
f 3902 3970 3903
f 3903 3970 3971
f 3903 3971 3904
f 3904 3971 3972
f 3904 3972 3905
f 3905 3972 3973
f 3905 3973 3906
f 3907 3974 3975
f 3907 3975 3908
f 3908 3975 3976
f 3908 3976 3909
f 3909 3976 3977
f 3909 3977 3910
f 3910 3977 3978
f 3910 3978 3911
f 3911 3978 3979
f 3911 3979 3912
f 3979 3980 3913
f 3979 3913 3912
f 3913 3980 3981
f 3913 3981 3914
f 3914 3981 3982
f 3914 3982 3915
f 3982 3983 3916
f 3982 3916 3915
f 3916 3983 3984
f 3916 3984 3917
f 3917 3984 3985
f 3917 3985 3918
f 3985 3986 3919
f 3985 3919 3918
f 3919 3986 3987
f 3919 3987 3920
f 3920 3987 3988
f 3920 3988 3921
f 3921 3988 3989
f 3921 3989 3922
f 3989 3990 3923
f 3989 3923 3922
f 3923 3990 3991
f 3923 3991 3924
f 3924 3991 3992
f 3924 3992 3925
f 3925 3992 3993
f 3925 3993 3926
f 3926 3993 3994
f 3926 3994 3927
f 3927 3994 3995
f 3927 3995 3928
f 3928 3995 3996
f 3928 3996 3929
f 3930 3929 3996
f 3930 3996 3997
f 3930 3997 3998
f 3930 3998 3931
f 3931 3998 3999
f 3931 3999 3932
f 3933 3932 3999
f 3933 3999 4000
f 3933 4000 4001
f 3933 4001 3934
f 3935 3934 4001
f 3935 4001 4002
f 3935 4002 4003
f 3935 4003 3936
f 3937 3936 4003
f 3937 4003 4004
f 3937 4004 4005
f 3937 4005 3938
f 3939 3938 4005
f 3939 4005 4006
f 3939 4006 4007
f 3939 4007 3940
f 3941 3940 4007
f 3941 4007 4008
f 3941 4008 4009
f 3941 4009 3942
f 3943 3942 4009
f 3943 4009 4010
f 3943 4010 4011
f 3943 4011 3944
f 3945 3944 4011
f 3945 4011 4012
f 3945 4012 4013
f 3945 4013 3946
f 3947 3946 4013
f 3947 4013 4014
f 3947 4014 4015
f 3947 4015 3948
f 3948 4015 4016
f 3948 4016 3949
f 3949 4016 4017
f 3949 4017 3950
f 3951 3950 4017
f 3951 4017 4018
f 3951 4018 4019
f 3951 4019 3952
f 4019 4020 3953
f 4019 3953 3952
f 3953 4020 4021
f 3953 4021 3954
f 3954 4021 4022
f 3954 4022 3955
f 3955 4022 4023
f 3955 4023 3956
f 3956 4023 4024
f 3956 4024 3957
f 4024 4025 3958
f 4024 3958 3957
f 3958 4025 4026
f 3958 4026 3959
f 3959 4026 4027
f 3959 4027 3960
f 3960 4027 4028
f 3960 4028 3961
f 4028 4029 3962
f 4028 3962 3961
f 3962 4029 4030
f 3962 4030 3963
f 3963 4030 4031
f 3963 4031 3964
f 3964 4031 4032
f 3964 4032 3965
f 3965 4032 4033
f 3965 4033 3966
f 4033 4034 3967
f 4033 3967 3966
f 3967 4034 4035
f 3967 4035 3968
f 3968 4035 4036
f 3968 4036 3969
f 3969 4036 4037
f 3969 4037 3970
f 3970 4037 4038
f 3970 4038 3971
f 3971 4038 4039
f 3971 4039 3972
f 3972 4039 4040
f 3972 4040 3973
f 3974 4041 4042
f 3974 4042 3975
f 3975 4042 4043
f 3975 4043 3976
f 3976 4043 4044
f 3976 4044 3977
f 3977 4044 4045
f 3977 4045 3978
f 3978 4045 4046
f 3978 4046 3979
f 4046 4047 3980
f 4046 3980 3979
f 3980 4047 4048
f 3980 4048 3981
f 3981 4048 4049
f 3981 4049 3982
f 4049 4050 3983
f 4049 3983 3982
f 3983 4050 4051
f 3983 4051 3984
f 3984 4051 4052
f 3984 4052 3985
f 4052 4053 3986
f 4052 3986 3985
f 3986 4053 4054
f 3986 4054 3987
f 3987 4054 4055
f 3987 4055 3988
f 3988 4055 4056
f 3988 4056 3989
f 4056 4057 3990
f 4056 3990 3989
f 3990 4057 4058
f 3990 4058 3991
f 3991 4058 4059
f 3991 4059 3992
f 3992 4059 4060
f 3992 4060 3993
f 3993 4060 4061
f 3993 4061 3994
f 3994 4061 4062
f 3994 4062 3995
f 3995 4062 4063
f 3995 4063 3996
f 3997 3996 4063
f 3997 4063 4064
f 3997 4064 4065
f 3997 4065 3998
f 3998 4065 4066
f 3998 4066 3999
f 4000 3999 4066
f 4000 4066 4067
f 4000 4067 4068
f 4000 4068 4001
f 4002 4001 4068
f 4002 4068 4069
f 4002 4069 4070
f 4002 4070 4003
f 4004 4003 4070
f 4004 4070 4071
f 4004 4071 4072
f 4004 4072 4005
f 4006 4005 4072
f 4006 4072 4073
f 4006 4073 4074
f 4006 4074 4007
f 4008 4007 4074
f 4008 4074 4075
f 4008 4075 4076
f 4008 4076 4009
f 4010 4009 4076
f 4010 4076 4077
f 4010 4077 4078
f 4010 4078 4011
f 4012 4011 4078
f 4012 4078 4079
f 4012 4079 4080
f 4012 4080 4013
f 4014 4013 4080
f 4014 4080 4081
f 4014 4081 4082
f 4014 4082 4015
f 4015 4082 4083
f 4015 4083 4016
f 4016 4083 4084
f 4016 4084 4017
f 4018 4017 4084
f 4018 4084 4085
f 4018 4085 4086
f 4018 4086 4019
f 4086 4087 4020
f 4086 4020 4019
f 4020 4087 4088
f 4020 4088 4021
f 4021 4088 4089
f 4021 4089 4022
f 4022 4089 4090
f 4022 4090 4023
f 4023 4090 4091
f 4023 4091 4024
f 4091 4092 4025
f 4091 4025 4024
f 4025 4092 4093
f 4025 4093 4026
f 4026 4093 4094
f 4026 4094 4027
f 4027 4094 4095
f 4027 4095 4028
f 4095 4096 4029
f 4095 4029 4028
f 4029 4096 4097
f 4029 4097 4030
f 4030 4097 4098
f 4030 4098 4031
f 4031 4098 4099
f 4031 4099 4032
f 4032 4099 4100
f 4032 4100 4033
f 4100 4101 4034
f 4100 4034 4033
f 4034 4101 4102
f 4034 4102 4035
f 4035 4102 4103
f 4035 4103 4036
f 4036 4103 4104
f 4036 4104 4037
f 4037 4104 4105
f 4037 4105 4038
f 4038 4105 4106
f 4038 4106 4039
f 4039 4106 4107
f 4039 4107 4040
