<?xml version='1.0' encoding='utf-8'?>
<VTKFile type="PolyData" version="0.1" byte_order="LittleEndian"><PolyData><Piece NumberOfPoints="4107" NumberOfPolys="7888" NumberOfVerts="0" NumberOfLines="0" NumberOfStrips="0"><PointData Scalars="z_m"><DataArray type="Float64" Name="z_m" NumberOfComponents="1" format="ascii">9.0 9.0 9.0 9.0 9.0 9.0 9.0 9.0 9.0 9.0 9.0 9.0 8.95 8.95 8.95 8.95 8.95 8.95 8.9 8.9 8.9 8.9 8.9 8.9 8.9 8.9 8.9 8.9 8.9 8.9 8.9 8.9 8.9 8.9 8.95 8.95 8.95 8.95 9.0 9.0 9.0 9.0 9.05 9.05 9.05 9.05 9.1 9.1 9.1 9.1 9.1 9.1 9.15 9.15 9.15 9.15 9.15 9.15 9.2 9.2 9.2 9.2 9.2 9.2 9.2 9.2 9.2 9.2 9.2 9.2 9.15 9.15 9.15 9.15 9.15 9.15 9.1 9.1 9.1 9.1 9.1 9.1 9.05 9.05 9.05 9.05 9.05 9.05 9.0 9.0 9.0 9.0 8.95 8.95 8.95 8.95 8.95 8.95 8.9 8.9 8.9 8.9 8.9 8.9 8.9 8.9 8.9 8.9 8.95 8.95 8.95 8.95 8.95 8.95 9.0 9.0 9.0 9.0 9.0 9.0 9.05 9.05 9.05 9.05 9.05 9.05 9.05 9.05 9.05 9.05 9.05 9.05 9.0 9.0 9.0 9.0 9.0 9.0 8.95 8.95 8.95 8.9 8.9 8.9 8.9 8.9 8.9 8.9 8.9 8.95 8.95 9.0 9.0 9.05 9.05 9.1 9.1 9.1 9.15 9.15 9.15 9.2 9.2 9.2 9.2 9.2 9.2 9.15 9.15 9.15 9.1 9.1 9.1 9.05 9.05 9.05 9.0 9.0 8.95 8.95 8.95 8.9 8.9 8.9 8.9 8.9 8.95 8.95 8.95 9.0 9.0 9.0 9.05 9.05 9.05 9.05 9.05 9.05 9.0 9.0 9.0 9.0 9.0 9.0 8.95 8.95 8.95 8.9 8.9 8.9 8.9 8.9 8.9 8.9 8.9 8.95 8.95 9.0 9.0 9.05 9.05 9.1 9.1 9.1 9.15 9.15 9.15 9.2 9.2 9.2 9.2 9.2 9.2 9.15 9.15 9.15 9.1 9.1 9.1 9.05 9.05 9.05 9.0 9.0 8.95 8.95 8.95 8.9 8.9 8.9 8.9 8.9 8.95 8.95 8.95 9.0 9.0 9.0 9.05 9.05 9.05 9.05 9.05 9.05 9.0 9.0 9.0 9.0 9.0 9.0 8.95 8.95 8.95 8.9 8.9 8.9 8.9 8.9 8.9 8.9 8.9 8.95 8.95 8.95 9.0 9.0 9.05 9.05 9.1 9.1 9.1 9.15 9.15 9.15 9.15 9.2 9.2 9.2 9.2 9.2 9.2 9.2 9.15 9.15 9.15 9.1 9.1 9.1 9.05 9.05 9.05 9.0 9.0 8.95 8.95 9.0 8.95 8.9 8.9 8.95 8.9 8.9 8.9 8.95 8.95 8.95 8.95 9.0 9.0 9.0 9.05 9.05 9.05 9.05 9.1 9.1 9.05 9.1 9.05 9.1 9.05 9.1 9.0 9.0 8.95 8.95 9.0 8.95 9.0 8.95 9.0 8.95 9.0 8.95 8.95 8.95 8.9 8.9 8.9 8.9 8.9 8.85 8.85 8.9 8.85 8.9 8.9 8.95 8.95 8.95 9.0 9.0 9.0 9.05 9.05 9.05 9.1 9.1 9.15 9.15 9.15 9.2 9.2 9.2 9.2 9.25 9.25 9.2 9.25 9.2 9.25 9.2 9.25 9.2 9.15 9.15 9.2 9.15 9.2 9.1 9.1 9.15 9.1 9.05 9.05 9.1 9.05 9.0 9.0 9.05 9.0 8.95 8.95 9.0 8.95 8.9 8.9 8.95 8.9 8.95 8.95 8.95 9.0 9.0 8.95 9.0 9.0 9.05 9.05 9.05 9.05 9.1 9.1 9.1 9.1 9.1 9.1 8.95 8.95 8.95 8.95 8.95 8.95 8.95 8.9 8.9 8.9 8.9 8.85 8.85 8.9 8.85 8.85 8.85 8.9 8.9 8.9 8.95 8.95 9.0 9.0 9.05 9.05 9.05 9.1 9.1 9.1 9.15 9.15 9.15 9.2 9.2 9.2 9.2 9.25 9.25 9.25 9.25 9.25 9.25 9.2 9.2 9.25 9.2 9.2 9.15 9.15 9.1 9.1 9.15 9.1 9.05 9.05 9.05 9.0 9.0 9.0 8.95 8.95 9.0 8.95 9.0 8.95 9.0 8.95 9.0 9.0 9.0 9.05 9.05 9.05 9.1 9.1 9.05 9.1 9.1 9.15 9.15 9.1 9.15 9.1 9.15 9.1 9.15 9.1 9.15 8.95 8.95 8.9 8.9 8.95 8.9 8.95 8.9 8.95 8.9 8.95 8.9 8.9 8.9 8.85 8.85 8.85 8.85 8.85 8.85 8.9 8.9 8.85 8.9 8.95 8.95 9.0 9.0 9.05 9.05 9.1 9.1 9.15 9.15 9.2 9.2 9.2 9.25 9.25 9.25 9.25 9.3 9.3 9.25 9.3 9.25 9.3 9.25 9.3 9.25 9.2 9.2 9.25 9.2 9.15 9.15 9.2 9.15 9.1 9.1 9.05 9.05 9.1 9.05 9.0 9.0 9.05 9.0 9.0 9.0 9.0 9.0 9.05 9.05 9.0 9.05 9.05 9.1 9.1 9.1 9.1 9.15 9.15 9.15 9.2 9.2 9.15 9.2 9.15 9.2 9.15 9.2 9.15 9.2 8.9 8.9 8.85 8.85 8.9 8.85 8.9 8.85 8.9 8.85 8.9 8.85 8.9 8.85 8.85 8.85 8.8 8.8 8.85 8.8 8.85 8.8 8.85 8.85 8.9 8.9 8.95 8.95 9.0 9.0 9.05 9.05 9.1 9.1 9.15 9.15 9.2 9.2 9.25 9.25 9.25 9.3 9.3 9.3 9.3 9.3 9.3 9.25 9.25 9.3 9.25 9.2 9.2 9.2 9.15 9.15 9.1 9.1 9.1 9.05 9.05 9.05 9.0 9.0 9.05 9.0 9.0 9.0 9.05 9.05 9.05 9.05 9.1 9.1 9.1 9.1 9.15 9.15 9.15 9.2 9.2 9.2 9.2 9.2 9.2 9.2 8.85 8.85 8.85 8.85 8.85 8.85 8.85 8.8 8.8 8.85 8.8 8.8 8.8 8.8 8.85 8.85 8.8 8.85 8.9 8.9 8.95 8.95 9.0 9.0 9.05 9.05 9.1 9.1 9.15 9.15 9.2 9.2 9.25 9.25 9.25 9.3 9.3 9.3 9.3 9.3 9.3 9.3 9.25 9.25 9.2 9.2 9.2 9.15 9.15 9.1 9.1 9.1 9.05 9.05 9.05 9.05 9.0 9.0 9.05 9.0 9.05 9.05 9.05 9.1 9.1 9.1 9.15 9.15 9.15 9.2 9.2 9.2 9.25 9.25 9.2 9.25 9.2 9.25 9.2 9.25 9.2 9.25 8.85 8.85 8.8 8.8 8.85 8.8 8.85 8.8 8.85 8.8 8.85 8.8 8.8 8.8 8.8 8.75 8.75 8.8 8.75 8.8 8.75 8.8 8.85 8.85 8.8 8.9 8.9 8.85 8.95 8.95 8.9 9.0 9.0 9.05 9.05 9.1 9.1 9.15 9.15 9.25 9.25 9.2 9.2 9.25 9.3 9.3 9.3 9.3 9.3 9.3 9.3 9.25 9.25 9.25 9.2 9.2 9.2 9.15 9.15 9.15 9.1 9.1 9.1 9.05 9.05 9.05 9.05 9.05 9.05 9.05 9.05 9.1 9.1 9.1 9.15 9.15 9.15 9.2 9.2 9.2 9.25 9.25 9.25 9.25 9.25 9.25 8.8 8.8 8.8 8.8 8.8 8.8 8.8 8.75 8.75 8.8 8.75 8.75 8.75 8.75 8.8 8.8 8.75 8.8 8.85 8.85 8.9 8.9 9.0 9.0 8.95 8.95 9.05 9.05 9.0 9.1 9.1 9.15 9.15 9.2 9.2 9.25 9.25 9.3 9.3 9.25 9.3 9.3 9.3 9.3 9.25 9.25 9.25 9.25 9.2 9.2 9.2 9.15 9.15 9.15 9.1 9.1 9.1 9.1 9.05 9.05 9.05 9.05 9.0 9.0 9.05 9.0 9.05 9.0 9.05 9.05 9.1 9.1 9.1 9.15 9.15 9.2 9.2 9.2 9.25 9.25 9.25 9.25 9.25 9.25 8.8 8.8 8.75 8.75 8.8 8.75 8.8 8.75 8.8 8.75 8.8 8.75 8.75 8.75 8.75 8.7 8.7 8.75 8.7 8.75 8.75 8.8 8.8 8.75 8.85 8.85 8.8 8.9 8.9 8.85 8.95 8.95 9.0 9.0 9.1 9.1 9.05 9.05 9.15 9.15 9.1 9.2 9.2 9.15 9.25 9.25 9.2 9.25 9.3 9.3 9.25 9.3 9.25 9.3 9.25 9.25 9.25 9.2 9.2 9.2 9.2 9.15 9.15 9.15 9.1 9.1 9.1 9.1 9.05 9.05 9.05 9.05 9.0 9.0 9.0 9.0 9.0 9.05 9.05 9.0 9.05 9.1 9.1 9.05 9.1 9.15 9.15 9.2 9.2 9.15 9.2 9.25 9.25 9.25 9.25 9.25 9.25 8.75 8.75 8.75 8.75 8.75 8.75 8.75 8.75 8.7 8.7 8.7 8.7 8.75 8.75 8.7 8.75 8.7 8.75 8.8 8.8 8.85 8.85 8.95 8.95 8.9 8.9 9.0 9.0 8.95 9.05 9.05 9.0 9.1 9.1 9.15 9.15 9.2 9.2 9.15 9.25 9.25 9.2 9.25 9.2 9.25 9.2 9.25 9.2 9.25 9.2 9.2 9.15 9.15 9.2 9.15 9.15 9.1 9.1 9.1 9.1 9.05 9.05 9.05 9.05 9.0 9.0 9.0 9.0 9.0 9.0 9.0 9.05 9.05 9.0 9.05 9.1 9.1 9.15 9.15 9.1 9.15 9.2 9.2 9.25 9.25 9.2 9.25 9.25 9.25 9.25 8.75 8.75 8.75 8.75 8.75 8.75 8.75 8.7 8.7 8.7 8.7 8.7 8.7 8.75 8.75 8.7 8.8 8.8 8.75 8.85 8.85 8.8 8.9 8.9 8.85 8.95 8.95 8.9 9.0 9.0 9.1 9.1 9.05 9.05 9.15 9.15 9.1 9.15 9.2 9.2 9.15 9.2 9.15 9.2 9.2 9.15 9.15 9.2 9.15 9.15 9.15 9.1 9.1 9.1 9.1 9.05 9.05 9.05 9.0 9.0 9.05 9.0 9.0 9.0 8.95 8.95 9.0 8.95 9.0 8.95 9.0 8.95 9.0 9.0 9.05 9.05 9.0 9.1 9.1 9.05 9.1 9.15 9.15 9.2 9.2 9.15 9.2 9.25 9.25 9.2 9.25 9.2 9.25 9.2 9.25 9.2 8.75 8.75 8.75 8.75 8.75 8.75 8.75 8.7 8.7 8.7 8.7 8.7 8.65 8.65 8.7 8.65 8.7 8.65 8.7 8.75 8.75 8.8 8.8 8.75 8.85 8.85 8.9 8.9 9.0 9.0 8.95 8.95 9.05 9.05 9.0 9.1 9.1 9.05 9.15 9.15 9.1 9.15 9.1 9.15 9.2 9.2 9.15 9.15 9.15 9.1 9.1 9.15 9.1 9.1 9.05 9.05 9.1 9.05 9.05 9.0 9.0 9.0 9.0 8.95 8.95 9.0 8.95 8.95 8.95 8.95 8.95 9.0 9.0 8.95 9.0 8.95 9.0 9.05 9.05 9.1 9.1 9.05 9.15 9.15 9.1 9.15 9.2 9.2 9.15 9.2 9.2 9.2 9.2 8.75 8.75 8.75 8.75 8.75 8.75 8.7 8.7 8.7 8.7 8.65 8.65 8.65 8.65 8.65 8.7 8.7 8.65 8.75 8.75 8.7 8.75 8.85 8.85 8.8 8.8 8.9 8.9 8.85 8.95 8.95 8.9 9.0 9.0 8.95 9.05 9.05 9.0 9.1 9.1 9.05 9.1 9.05 9.15 9.15 9.1 9.15 9.1 9.15 9.1 9.1 9.05 9.05 9.1 9.05 9.05 9.05 9.0 9.0 9.0 9.0 8.95 8.95 8.95 8.95 8.95 8.9 8.9 8.95 8.9 8.95 8.9 8.95 8.9 8.95 8.95 9.0 9.0 8.95 9.05 9.05 9.0 9.05 9.0 9.1 9.1 9.05 9.15 9.15 9.1 9.15 9.2 9.2 9.15 9.2 9.15 9.2 9.15 9.2 9.15 8.75 8.75 8.75 8.75 8.75 8.75 8.7 8.7 8.7 8.65 8.65 8.65 8.65 8.65 8.65 8.7 8.7 8.75 8.75 8.7 8.8 8.8 8.75 8.85 8.85 8.9 8.9 8.95 8.95 9.0 9.0 9.05 9.05 9.0 9.05 9.1 9.1 9.05 9.1 9.05 9.1 9.05 9.05 9.05 9.0 9.0 9.05 9.0 9.0 9.0 8.95 8.95 8.95 8.95 8.95 8.9 8.9 8.9 8.9 8.9 8.9 8.95 8.95 8.9 8.95 8.9 8.95 9.0 9.0 8.95 9.0 9.05 9.05 9.0 9.1 9.1 9.05 9.15 9.15 9.1 9.15 9.1 9.15 9.1 9.15 9.1 9.15 9.1 8.75 8.75 8.75 8.75 8.75 8.75 8.7 8.7 8.7 8.65 8.65 8.65 8.65 8.65 8.6 8.6 8.65 8.6 8.65 8.7 8.7 8.65 8.7 8.75 8.75 8.85 8.85 8.8 8.8 8.9 8.9 8.85 8.95 8.95 8.9 9.0 9.0 8.95 9.0 9.05 9.05 9.0 9.05 9.0 9.05 9.0 9.05 9.0 9.05 9.0 9.0 9.0 9.0 8.95 8.95 8.95 8.95 8.95 8.9 8.9 8.9 8.9 8.9 8.9 8.9 8.9 8.9 8.95 8.95 8.9 8.95 9.0 9.0 8.95 9.0 9.05 9.05 9.0 9.1 9.1 9.05 9.1 9.05 9.1 9.05 9.1 9.05 9.1 9.05 8.75 8.75 8.75 8.75 8.75 8.75 8.7 8.7 8.7 8.65 8.65 8.65 8.65 8.6 8.6 8.6 8.6 8.65 8.65 8.65 8.7 8.7 8.75 8.75 8.8 8.8 8.85 8.85 8.9 8.9 8.95 8.95 9.0 9.0 8.95 9.0 9.0 9.0 9.0 9.0 9.0 9.0 8.95 8.95 8.95 8.95 8.95 8.9 8.9 8.9 8.9 8.9 8.9 8.9 8.9 8.9 8.9 8.95 8.95 8.9 8.95 8.9 9.0 9.0 8.95 9.0 9.05 9.05 9.0 9.05 9.0 9.05 9.0 9.05 9.0 9.05 9.0 8.75 8.75 8.75 8.75 8.75 8.7 8.7 8.7 8.65 8.65 8.65 8.6 8.6 8.6 8.6 8.65 8.65 8.65 8.7 8.7 8.75 8.75 8.8 8.8 8.85 8.85 8.9 8.9 8.85 8.95 8.95 8.9 8.95 9.0 9.0 8.95 9.0 9.0 9.0 9.0 9.0 8.95 8.95 8.95 8.95 8.95 8.95 8.9 8.9 8.95 8.9 8.9 8.9 8.9 8.9 8.9 8.9 8.9 8.9 8.9 8.95 8.95 8.9 9.0 9.0 8.95 9.0 8.95 9.0 9.0 9.0 9.0 8.75 8.75 8.75 8.75 8.75 8.7 8.7 8.75 8.7 8.65 8.65 8.65 8.6 8.6 8.65 8.6 8.6 8.65 8.65 8.65 8.65 8.7 8.7 8.75 8.75 8.8 8.8 8.85 8.85 8.8 8.85 8.9 8.9 8.95 8.95 8.95 9.0 9.0 8.95 9.0 9.0 9.0 8.95 8.95 9.0 8.95 8.95 8.95 8.95 8.95 8.9 8.9 8.95 8.9 8.95 8.9 8.95 8.9 8.9 8.9 8.9 8.9 8.9 8.9 8.9 8.95 8.95 8.9 8.95 9.0 9.0 8.95 9.0 8.95 9.0 8.95 9.0 8.95 8.75 8.75 8.75 8.75 8.75 8.75 8.7 8.7 8.65 8.65 8.7 8.65 8.65 8.6 8.6 8.65 8.65 8.65 8.65 8.7 8.7 8.7 8.75 8.75 8.8 8.8 8.8 8.85 8.85 8.9 8.9 8.95 8.95 8.95 8.95 9.0 9.0 8.95 9.0 9.0 9.0 8.95 8.95 9.0 8.95 9.0 8.95 9.0 8.95 9.0 8.95 9.0 8.95 9.0 8.95 8.95 8.9 8.9 8.95 8.9 8.95 8.9 8.9 8.9 8.9 8.9 8.9 8.9 8.95 8.95 8.9 8.95 8.9 8.95 8.9 8.95 8.9 8.95 8.9 8.75 8.75 8.8 8.8 8.75 8.8 8.75 8.8 8.75 8.8 8.75 8.8 8.7 8.7 8.75 8.7 8.75 8.65 8.65 8.7 8.65 8.7 8.65 8.7 8.65 8.7 8.65 8.7 8.7 8.7 8.75 8.75 8.75 8.8 8.8 8.8 8.85 8.85 8.85 8.9 8.9 8.95 8.95 8.9 8.95 8.95 8.95 9.0 9.0 9.0 9.0 9.0 9.0 9.0 9.0 9.0 9.0 8.95 8.95 9.0 8.95 9.0 8.95 9.0 8.95 9.0 8.9 8.9 8.95 8.9 8.95 8.9 8.95 8.9 8.9 8.9 8.9 8.9 8.9 8.9 8.9 8.9 8.8 8.8 8.85 8.85 8.8 8.85 8.8 8.85 8.8 8.85 8.8 8.75 8.75 8.8 8.75 8.8 8.7 8.7 8.75 8.7 8.75 8.7 8.75 8.7 8.75 8.7 8.75 8.7 8.75 8.75 8.75 8.8 8.8 8.8 8.85 8.85 8.85 8.9 8.9 8.9 8.95 8.95 8.95 8.95 9.0 9.0 9.0 9.0 9.0 9.0 9.05 9.05 9.0 9.05 9.0 9.05 9.0 9.05 9.0 9.05 9.0 9.05 9.0 9.05 9.0 9.05 9.0 8.95 8.95 9.0 8.95 9.0 8.95 8.9 8.9 8.95 8.9 8.95 8.9 8.9 8.9 8.9 8.9 8.9 8.9 8.85 8.85 8.9 8.9 8.85 8.9 8.85 8.9 8.85 8.9 8.8 8.8 8.9 8.8 8.85 8.85 8.8 8.85 8.75 8.75 8.85 8.75 8.8 8.8 8.75 8.8 8.75 8.8 8.75 8.8 8.75 8.8 8.75 8.8 8.8 8.8 8.85 8.85 8.85 8.85 8.9 8.9 8.9 8.9 8.95 8.95 8.95 8.95 9.0 9.0 9.0 9.0 9.0 9.05 9.05 9.05 9.05 9.05 9.05 9.1 9.1 9.05 9.1 9.05 9.1 9.05 9.1 9.05 9.1 9.0 9.0 9.1 9.0 9.05 9.05 9.0 9.05 8.95 8.95 9.0 8.95 9.0 8.95 8.9 8.9 8.95 8.9 8.95 8.9 8.9 8.9 8.9 8.9 8.9 8.9 8.95 8.95 8.9 8.95 8.9 8.95 8.9 8.95 8.9 8.95 8.85 8.85 8.95 8.85 8.95 8.85 8.9 8.9 8.8 8.8 8.9 8.8 8.85 8.85 8.8 8.85 8.8 8.85 8.8 8.85 8.8 8.85 8.8 8.85 8.85 8.85 8.9 8.9 8.9 8.9 8.9 8.95 8.95 8.95 8.95 9.0 9.0 9.0 9.0 9.05 9.05 9.05 9.05 9.05 9.1 9.1 9.1 9.1 9.1 9.15 9.15 9.1 9.15 9.1 9.15 9.1 9.05 9.05 9.1 9.05 9.1 9.0 9.0 9.05 9.0 9.05 8.95 8.95 9.0 8.95 9.0 8.95 8.9 8.9 8.95 8.9 8.95 8.9 8.95 8.9 8.95 8.9 8.95 8.95 8.95 9.05 9.05 8.95 9.05 8.95 9.05 8.95 9.05 8.95 9.05 8.95 9.05 8.95 9.0 9.0 8.9 8.9 9.0 8.9 8.95 8.95 8.85 8.85 8.95 8.85 8.95 8.85 8.9 8.9 8.85 8.9 8.85 8.9 8.85 8.9 8.85 8.9 8.9 8.9 8.9 8.9 8.95 8.95 8.95 8.95 8.95 9.0 9.0 9.0 9.0 9.05 9.05 9.05 9.05 9.1 9.1 9.1 9.1 9.1 9.15 9.15 9.15 9.15 9.15 9.1 9.1 9.15 9.1 9.15 9.1 9.15 9.05 9.05 9.1 9.05 9.1 9.0 9.0 9.05 9.0 9.05 8.95 8.95 9.0 8.95 9.0 8.95 8.95 8.95 8.95 9.05 9.05 9.15 9.15 9.05 9.15 9.05 9.15 9.05 9.15 9.05 9.15 9.05 9.1 9.1 9.0 9.0 9.1 9.0 9.1 8.95 8.95 9.05 9.05 8.95 9.05 8.95 9.0 9.0 8.9 8.9 9.0 8.9 8.95 8.95 8.9 8.95 8.9 8.95 8.9 8.95 8.9 8.95 8.9 8.95 8.9 8.95 8.95 8.95 8.95 8.95 9.0 9.0 8.95 9.0 9.0 9.05 9.05 9.05 9.1 9.1 9.1 9.1 9.15 9.15 9.15 9.15 9.15 9.2 9.2 9.15 9.2 9.15 9.2 9.15 9.2 9.15 9.2 9.1 9.1 9.15 9.1 9.15 9.05 9.05 9.1 9.05 9.1 9.0 9.0 9.05 9.0 8.95 8.95 9.0 8.95 9.0 8.95 9.0 8.95 9.0 9.15 9.15 9.25 9.25 9.15 9.25 9.15 9.25 9.15 9.25 9.15 9.2 9.2 9.1 9.1 9.2 9.1 9.2 9.1 9.15 9.15 9.05 9.05 9.15 9.05 9.1 9.1 9.0 9.0 9.05 9.0 9.05 8.95 8.95 9.0 8.95 9.0 8.95 9.0 8.95 8.95 8.95 8.95 8.95 8.95 8.95 8.95 8.95 9.0 9.0 9.0 9.05 9.05 9.0 9.05 9.1 9.1 9.05 9.1 9.15 9.15 9.1 9.15 9.15 9.2 9.2 9.2 9.2 9.2 9.25 9.25 9.2 9.15 9.15 9.2 9.15 9.2 9.1 9.1 9.15 9.1 9.05 9.05 9.1 9.0 9.0 9.05 9.0 9.05 9.0 9.05 9.0 9.05 9.0 9.05 9.25 9.25 9.3 9.3 9.25 9.3 9.25 9.3 9.25 9.3 9.2 9.2 9.3 9.2 9.25 9.25 9.2 9.25 9.15 9.15 9.2 9.15 9.2 9.1 9.1 9.15 9.05 9.05 9.15 9.05 9.1 9.1 9.0 9.0 9.05 9.0 9.05 9.0 8.95 8.95 9.0 8.95 9.0 8.95 8.95 8.95 8.95 8.95 8.95 8.95 9.0 9.0 8.95 9.0 9.0 9.05 9.05 9.0 9.05 9.1 9.1 9.05 9.1 9.15 9.15 9.15 9.2 9.2 9.2 9.2 9.25 9.25 9.25 9.2 9.2 9.25 9.2 9.25 9.2 9.15 9.15 9.2 9.1 9.1 9.15 9.1 9.05 9.05 9.1 9.05 9.05 9.05 9.05 9.3 9.3 9.35 9.35 9.3 9.35 9.3 9.35 9.3 9.35 9.3 9.35 9.25 9.25 9.3 9.25 9.3 9.2 9.2 9.25 9.2 9.25 9.15 9.15 9.2 9.15 9.1 9.1 9.15 9.05 9.05 9.1 9.05 9.1 9.0 9.0 9.05 9.0 9.05 9.0 8.95 8.95 9.0 8.95 9.0 8.95 8.95 8.95 8.95 8.95 8.95 9.0 9.0 8.95 9.0 8.95 9.0 9.05 9.05 9.0 9.05 9.1 9.1 9.15 9.15 9.1 9.15 9.2 9.2 9.15 9.2 9.25 9.25 9.2 9.25 9.25 9.25 9.2 9.2 9.2 9.15 9.15 9.1 9.1 9.15 9.1 9.05 9.05 9.1 9.05 9.1 9.05 9.1 9.05 9.1 9.35 9.35 9.4 9.4 9.35 9.4 9.35 9.4 9.35 9.4 9.35 9.4 9.3 9.3 9.35 9.3 9.35 9.25 9.25 9.3 9.25 9.2 9.2 9.25 9.15 9.15 9.2 9.15 9.1 9.1 9.15 9.1 9.05 9.05 9.1 9.05 9.0 9.0 9.05 9.0 9.0 8.95 8.95 9.0 8.95 8.95 8.95 8.95 8.95 8.95 8.95 9.0 9.0 8.95 9.0 9.05 9.05 9.0 9.1 9.1 9.05 9.1 9.15 9.15 9.1 9.15 9.2 9.2 9.15 9.2 9.25 9.25 9.2 9.25 9.2 9.25 9.2 9.2 9.2 9.15 9.15 9.15 9.1 9.1 9.1 9.1 9.1 9.1 9.4 9.4 9.4 9.4 9.4 9.4 9.35 9.35 9.35 9.3 9.3 9.25 9.25 9.3 9.25 9.2 9.2 9.15 9.15 9.2 9.15 9.1 9.1 9.1 9.05 9.05 9.1 9.05 9.0 9.0 9.05 9.0 9.0 8.95 8.95 9.0 8.95 8.95 8.95 8.95 8.95 8.95 8.95 9.0 9.0 8.95 9.0 9.05 9.05 9.0 9.1 9.1 9.05 9.1 9.05 9.15 9.15 9.1 9.15 9.2 9.2 9.15 9.2 9.2 9.2 9.2 9.2 9.15 9.15 9.15 9.15 9.1 9.1 9.1 9.1 9.1 9.1 9.1 9.4 9.4 9.4 9.4 9.4 9.4 9.35 9.35 9.35 9.3 9.3 9.3 9.25 9.25 9.2 9.2 9.2 9.15 9.15 9.1 9.1 9.15 9.1 9.1 9.05 9.05 9.05 9.0 9.0 9.05 9.0 9.0 8.95 8.95 9.0 8.95 8.95 8.95 8.95 8.9 8.9 8.95 8.9 8.95 8.95 9.0 9.0 8.95 9.0 9.05 9.05 9.0 9.05 9.1 9.1 9.05 9.15 9.15 9.1 9.15 9.1 9.2 9.2 9.15 9.2 9.15 9.2 9.15 9.2 9.15 9.15 9.1 9.1 9.15 9.1 9.1 9.1 9.05 9.05 9.1 9.05 9.1 9.05 9.1 9.05 9.1 9.05 9.4 9.4 9.35 9.35 9.4 9.35 9.4 9.35 9.4 9.35 9.4 9.35 9.35 9.35 9.3 9.3 9.3 9.3 9.25 9.25 9.25 9.2 9.2 9.2 9.15 9.15 9.15 9.1 9.1 9.1 9.05 9.05 9.1 9.05 9.05 9.0 9.0 9.05 9.0 9.0 8.95 8.95 8.95 8.95 8.9 8.9 8.9 8.95 8.95 8.9 8.95 8.9 8.95 9.0 9.0 8.95 9.0 8.95 9.05 9.05 9.0 9.05 9.0 9.1 9.1 9.05 9.1 9.05 9.15 9.15 9.1 9.15 9.1 9.15 9.1 9.15 9.1 9.1 9.05 9.05 9.1 9.05 9.1 9.05 9.05 9.0 9.0 9.05 9.0 9.05 9.0 9.05 9.0 9.05 9.0 9.35 9.35 9.3 9.3 9.35 9.3 9.35 9.3 9.35 9.3 9.35 9.3 9.35 9.3 9.3 9.3 9.25 9.25 9.25 9.25 9.2 9.2 9.2 9.2 9.15 9.15 9.15 9.15 9.1 9.1 9.1 9.1 9.05 9.05 9.1 9.05 9.1 9.05 9.0 9.0 9.05 9.0 8.95 8.95 9.0 8.95 8.95 8.9 8.9 8.9 8.9 8.9 8.95 8.95 8.9 8.95 8.9 8.95 9.0 9.0 8.95 9.0 9.05 9.05 9.0 9.05 9.0 9.1 9.1 9.05 9.1 9.05 9.1 9.05 9.1 9.0 9.0 9.05 9.05 9.0 9.05 9.0 9.05 9.0 9.0 8.95 8.95 9.0 8.95 9.0 8.95 9.0 8.95 9.0 8.95 9.3 9.3 9.25 9.25 9.3 9.25 9.3 9.25 9.3 9.25 9.3 9.25 9.3 9.25 9.3 9.25 9.25 9.25 9.2 9.2 9.2 9.2 9.15 9.15 9.15 9.15 9.15 9.1 9.1 9.15 9.1 9.1 9.1 9.1 9.05 9.05 9.1 9.05 9.0 9.0 9.05 9.0 8.95 8.95 8.95 8.9 8.9 8.9 8.9 8.9 8.9 8.9 8.95 8.95 8.9 8.95 9.0 9.0 8.95 9.0 8.95 9.0 8.95 9.05 9.05 9.0 9.05 9.0 9.05 8.95 8.95 9.0 9.0 8.95 9.0 8.95 9.0 8.95 9.0 8.95 8.95 8.9 8.9 8.95 8.9 8.95 8.9 8.95 8.9 8.95 8.9 9.25 9.25 9.2 9.2 9.25 9.2 9.25 9.2 9.25 9.2 9.25 9.2 9.25 9.2 9.25 9.2 9.25 9.2 9.2 9.2 9.15 9.15 9.15 9.15 9.15 9.15 9.15 9.1 9.1 9.15 9.1 9.15 9.1 9.1 9.1 9.05 9.05 9.05 9.0 9.0 8.95 8.95 9.0 8.95 8.9 8.9 8.9 8.9 8.9 8.85 8.85 8.9 8.85 8.9 8.9 8.95 8.95 8.9 8.95 8.9 8.95 8.9 8.95 9.0 9.0 8.95 9.0 8.95 8.95 8.9 8.9 8.95 8.9 8.95 8.9 8.95 8.9 8.95 8.9 8.9 8.85 8.85 8.9 8.85 8.9 8.85 8.9 8.85 8.9 8.85 9.2 9.2 9.15 9.15 9.2 9.15 9.2 9.15 9.2 9.15 9.2 9.15 9.2 9.15 9.2 9.15 9.2 9.15 9.2 9.15 9.15 9.15 9.15 9.15 9.15 9.15 9.15 9.15 9.1 9.1 9.15 9.1 9.15 9.1 9.05 9.05 9.1 9.05 9.0 9.0 9.0 8.95 8.95 8.9 8.9 8.9 8.9 8.85 8.85 8.85 8.85 8.9 8.9 8.85 8.9 8.85 8.9 8.85 8.9 8.9 8.95 8.95 8.9 8.95 8.9 8.95 8.9 8.9 8.9 8.9 8.85 8.85 8.9 8.85 8.9 8.85 8.85 8.85 8.85 8.85 8.85 9.15 9.15 9.1 9.1 9.15 9.1 9.15 9.1 9.15 9.1 9.15 9.1 9.15 9.15 9.15 9.15 9.15 9.15 9.15 9.15 9.15 9.15 9.15 9.15 9.15 9.15 9.1 9.1 9.1 9.05 9.05 9.0 9.0 9.0 8.95 8.95 8.9 8.9 8.9 8.85 8.85 8.85 8.85 8.85 8.85 8.85 8.9 8.9 8.85 8.9 8.85 8.9 8.85 8.9 8.85 8.9 8.85 8.9 8.85 8.9 8.85 8.85 8.85 8.85 8.85 8.8 8.8 8.85 8.8 8.85 8.8 8.85 8.8 8.85 8.8 9.1 9.1 9.1 9.1 9.1 9.1 9.15 9.15 9.1 9.15 9.1 9.15 9.1 9.15 9.1 9.15 9.15 9.15 9.15 9.15 9.15 9.15 9.15 9.15 9.15 9.1 9.1 9.15 9.1 9.05 9.05 9.0 9.0 9.0 8.95 8.95 8.9 8.9 8.9 8.85 8.85 8.85 8.85 8.8 8.8 8.85 8.8 8.85 8.8 8.85 8.8 8.85 8.8 8.85 8.8 8.85 8.85 8.85 8.85 8.85 8.85 8.85 8.85 8.85 8.8 8.8 8.85 8.8 8.85 8.8 8.85 8.8 8.85 8.8 8.85 9.1 9.1 9.05 9.05 9.1 9.05 9.1 9.05 9.1 9.05 9.1 9.05 9.1 9.05 9.1 9.1 9.1 9.15 9.15 9.1 9.15 9.15 9.15 9.15 9.15 9.2 9.2 9.15 9.2 9.15 9.2 9.15 9.2 9.15 9.15 9.1 9.1 9.05 9.05 9.0 9.0 9.0 8.95 8.95 8.95 8.9 8.9 8.9 8.85 8.85 8.85 8.85 8.8 8.8 8.8 8.8 8.8 8.75 8.75 8.8 8.75 8.8 8.8 8.85 8.85 8.8 8.85 8.8 8.85 8.8 8.85 8.8 8.85 8.85 8.85 8.85 8.85 8.85 8.85 8.85 8.85 8.85 9.05 9.05 9.0 9.0 9.05 9.0 9.05 9.0 9.05 9.0 9.05 9.05 9.1 9.1 9.05 9.1 9.1 9.1 9.15 9.15 9.15 9.15 9.15 9.2 9.2 9.15 9.2 9.2 9.2 9.2 9.2 9.15 9.15 9.15 9.1 9.1 9.05 9.05 9.0 9.0 8.95 8.95 8.9 8.9 8.85 8.85 8.85 8.8 8.8 8.8 8.8 8.75 8.75 8.8 8.75 8.75 8.75 8.8 8.8 8.75 8.8 8.75 8.8 8.75 8.8 8.8 8.8 8.85 8.85 8.85 8.85 8.85 8.85 8.85 8.9 8.9 8.85 8.9 8.85 8.9 8.85 8.9 8.85 8.9 9.0 9.0 9.0 9.0 9.0 9.05 9.05 9.0 9.05 9.05 9.1 9.1 9.1 9.15 9.15 9.15 9.15 9.2 9.2 9.2 9.2 9.2 9.2 9.2 9.15 9.15 9.15 9.1 9.1 9.05 9.05 9.0 9.0 8.95 8.95 8.9 8.9 8.85 8.85 8.8 8.8 8.8 8.75 8.75 8.75 8.75 8.75 8.7 8.7 8.75 8.75 8.75 8.75 8.8 8.8 8.8 8.8 8.85 8.85 8.85 8.85 8.85 8.85 8.9 8.9 8.9 8.9 8.9 8.9 8.9 9.0 9.0 9.0 9.0 9.0 9.0 9.05 9.05 9.05 9.1 9.1 9.1 9.15 9.15 9.15 9.15 9.2 9.2 9.2 9.2 9.2 9.2 9.2 9.15 9.15 9.15 9.1 9.1 9.05 9.05 9.0 9.0 8.95 8.95 8.9 8.9 8.85 8.85 8.8 8.8 8.75 8.75 8.75 8.75 8.7 8.7 8.75 8.75 8.75 8.75 8.75 8.8 8.8 8.8 8.8 8.85 8.85 8.85 8.85 8.85 8.9 8.9 8.9 8.9 8.9 8.9 8.9 9.0 9.0 9.0 9.0 9.0 9.0 9.05 9.05 9.05 9.1 9.1 9.1 9.15 9.15 9.15 9.15 9.2 9.2 9.2 9.2 9.2 9.2 9.2 9.15 9.15 9.15 9.1 9.1 9.05 9.05 9.0 9.0 8.95 8.95 8.9 8.9 8.85 8.85 8.8 8.8 8.75 8.75 8.75 8.75 8.7 8.7 8.75 8.75 8.75 8.75 8.75 8.8 8.8 8.8 8.8 8.85 8.85 8.85 8.85 8.85 8.9 8.9 8.9 8.9 8.9 8.9 8.9 9.0 9.0 9.0 9.0 9.0 9.0 9.05 9.05 9.05 9.1 9.1 9.1 9.15 9.15 9.15 9.15 9.2 9.2 9.2 9.2 9.2 9.2 9.2 9.15 9.15 9.15 9.1 9.1 9.05 9.05 9.0 9.0 8.95 8.95 8.9 8.9 8.85 8.85 8.8 8.8 8.75 8.75 8.75 8.75 8.7 8.7 8.75 8.75 8.75 8.75 8.75 8.8 8.8 8.8 8.8 8.85 8.85 8.85 8.85 8.85 8.9 8.9 8.9 8.9 8.9 8.9 8.9 9.0 9.0 9.0 9.0 9.0 9.0 9.05 9.05 9.05 9.1 9.1 9.1 9.15 9.15 9.15 9.15 9.2 9.2 9.2 9.2 9.2 9.2 9.2 9.15 9.15 9.15 9.1 9.1 9.05 9.05 9.0 9.0 8.95 8.95 8.9 8.9 8.85 8.85 8.8 8.8 8.75 8.75 8.75 8.75 8.7 8.7 8.75 8.75 8.75 8.75 8.75 8.8 8.8 8.8 8.8 8.85 8.85 8.85 8.85 8.85 8.9 8.9 8.9 8.9 8.9 8.9 8.9</DataArray></PointData><Points><DataArray type="Float64" Name="Points" NumberOfComponents="3" format="ascii">0.0 0.0 9.0 0.25 0.0 9.0 0.25 0.25 9.0 0.0 0.25 9.0 0.25 0.5 9.0 0.0 0.5 9.0 0.25 0.75 9.0 0.0 0.75 9.0 0.25 1.0 9.0 0.0 1.0 9.0 0.25 1.25 9.0 0.0 1.25 9.0 0.0 1.25 8.95 0.25 1.25 8.95 0.25 1.5 8.95 0.0 1.5 8.95 0.25 1.75 8.95 0.0 1.75 8.95 0.0 1.75 8.9 0.25 1.75 8.9 0.25 2.0 8.9 0.0 2.0 8.9 0.25 2.25 8.9 0.0 2.25 8.9 0.25 2.5 8.9 0.0 2.5 8.9 0.25 2.75 8.9 0.0 2.75 8.9 0.25 3.0 8.9 0.0 3.0 8.9 0.25 3.25 8.9 0.0 3.25 8.9 0.25 3.5 8.9 0.0 3.5 8.9 0.25 3.5 8.95 0.0 3.5 8.95 0.25 3.75 8.95 0.0 3.75 8.95 0.25 3.75 9.0 0.0 3.75 9.0 0.25 4.0 9.0 0.0 4.0 9.0 0.25 4.0 9.05 0.0 4.0 9.05 0.25 4.25 9.05 0.0 4.25 9.05 0.25 4.25 9.1 0.0 4.25 9.1 0.25 4.5 9.1 0.0 4.5 9.1 0.25 4.75 9.1 0.0 4.75 9.1 0.25 4.75 9.15 0.0 4.75 9.15 0.25 5.0 9.15 0.0 5.0 9.15 0.25 5.25 9.15 0.0 5.25 9.15 0.25 5.25 9.2 0.0 5.25 9.2 0.25 5.5 9.2 0.0 5.5 9.2 0.25 5.75 9.2 0.0 5.75 9.2 0.25 6.0 9.2 0.0 6.0 9.2 0.25 6.25 9.2 0.0 6.25 9.2 0.25 6.5 9.2 0.0 6.5 9.2 0.0 6.5 9.15 0.25 6.5 9.15 0.25 6.75 9.15 0.0 6.75 9.15 0.25 7.0 9.15 0.0 7.0 9.15 0.0 7.0 9.1 0.25 7.0 9.1 0.25 7.25 9.1 0.0 7.25 9.1 0.25 7.5 9.1 0.0 7.5 9.1 0.0 7.5 9.05 0.25 7.5 9.05 0.25 7.75 9.05 0.0 7.75 9.05 0.25 8.0 9.05 0.0 8.0 9.05 0.0 8.0 9.0 0.25 8.0 9.0 0.25 8.25 9.0 0.0 8.25 9.0 0.0 8.25 8.95 0.25 8.25 8.95 0.25 8.5 8.95 0.0 8.5 8.95 0.25 8.75 8.95 0.0 8.75 8.95 0.0 8.75 8.9 0.25 8.75 8.9 0.25 9.0 8.9 0.0 9.0 8.9 0.25 9.25 8.9 0.0 9.25 8.9 0.25 9.5 8.9 0.0 9.5 8.9 0.25 9.75 8.9 0.0 9.75 8.9 0.25 9.75 8.95 0.0 9.75 8.95 0.25 10.0 8.95 0.0 10.0 8.95 0.25 10.25 8.95 0.0 10.25 8.95 0.25 10.25 9.0 0.0 10.25 9.0 0.25 10.5 9.0 0.0 10.5 9.0 0.25 10.75 9.0 0.0 10.75 9.0 0.25 10.75 9.05 0.0 10.75 9.05 0.25 11.0 9.05 0.0 11.0 9.05 0.25 11.25 9.05 0.0 11.25 9.05 0.25 11.5 9.05 0.0 11.5 9.05 0.25 11.75 9.05 0.0 11.75 9.05 0.25 12.0 9.05 0.0 12.0 9.05 0.5 0.0 9.0 0.5 0.25 9.0 0.5 0.5 9.0 0.5 0.75 9.0 0.5 1.0 9.0 0.5 1.25 9.0 0.5 1.25 8.95 0.5 1.5 8.95 0.5 1.75 8.95 0.5 1.75 8.9 0.5 2.0 8.9 0.5 2.25 8.9 0.5 2.5 8.9 0.5 2.75 8.9 0.5 3.0 8.9 0.5 3.25 8.9 0.5 3.5 8.9 0.5 3.5 8.95 0.5 3.75 8.95 0.5 3.75 9.0 0.5 4.0 9.0 0.5 4.0 9.05 0.5 4.25 9.05 0.5 4.25 9.1 0.5 4.5 9.1 0.5 4.75 9.1 0.5 4.75 9.15 0.5 5.0 9.15 0.5 5.25 9.15 0.5 5.25 9.2 0.5 5.5 9.2 0.5 5.75 9.2 0.5 6.0 9.2 0.5 6.25 9.2 0.5 6.5 9.2 0.5 6.5 9.15 0.5 6.75 9.15 0.5 7.0 9.15 0.5 7.0 9.1 0.5 7.25 9.1 0.5 7.5 9.1 0.5 7.5 9.05 0.5 7.75 9.05 0.5 8.0 9.05 0.5 8.0 9.0 0.5 8.25 9.0 0.5 8.25 8.95 0.5 8.5 8.95 0.5 8.75 8.95 0.5 8.75 8.9 0.5 9.0 8.9 0.5 9.25 8.9 0.5 9.5 8.9 0.5 9.75 8.9 0.5 9.75 8.95 0.5 10.0 8.95 0.5 10.25 8.95 0.5 10.25 9.0 0.5 10.5 9.0 0.5 10.75 9.0 0.5 10.75 9.05 0.5 11.0 9.05 0.5 11.25 9.05 0.5 11.5 9.05 0.5 11.75 9.05 0.5 12.0 9.05 0.75 0.0 9.0 0.75 0.25 9.0 0.75 0.5 9.0 0.75 0.75 9.0 0.75 1.0 9.0 0.75 1.25 9.0 0.75 1.25 8.95 0.75 1.5 8.95 0.75 1.75 8.95 0.75 1.75 8.9 0.75 2.0 8.9 0.75 2.25 8.9 0.75 2.5 8.9 0.75 2.75 8.9 0.75 3.0 8.9 0.75 3.25 8.9 0.75 3.5 8.9 0.75 3.5 8.95 0.75 3.75 8.95 0.75 3.75 9.0 0.75 4.0 9.0 0.75 4.0 9.05 0.75 4.25 9.05 0.75 4.25 9.1 0.75 4.5 9.1 0.75 4.75 9.1 0.75 4.75 9.15 0.75 5.0 9.15 0.75 5.25 9.15 0.75 5.25 9.2 0.75 5.5 9.2 0.75 5.75 9.2 0.75 6.0 9.2 0.75 6.25 9.2 0.75 6.5 9.2 0.75 6.5 9.15 0.75 6.75 9.15 0.75 7.0 9.15 0.75 7.0 9.1 0.75 7.25 9.1 0.75 7.5 9.1 0.75 7.5 9.05 0.75 7.75 9.05 0.75 8.0 9.05 0.75 8.0 9.0 0.75 8.25 9.0 0.75 8.25 8.95 0.75 8.5 8.95 0.75 8.75 8.95 0.75 8.75 8.9 0.75 9.0 8.9 0.75 9.25 8.9 0.75 9.5 8.9 0.75 9.75 8.9 0.75 9.75 8.95 0.75 10.0 8.95 0.75 10.25 8.95 0.75 10.25 9.0 0.75 10.5 9.0 0.75 10.75 9.0 0.75 10.75 9.05 0.75 11.0 9.05 0.75 11.25 9.05 0.75 11.5 9.05 0.75 11.75 9.05 0.75 12.0 9.05 1.0 0.0 9.0 1.0 0.25 9.0 1.0 0.5 9.0 1.0 0.75 9.0 1.0 1.0 9.0 1.0 1.25 9.0 1.0 1.25 8.95 1.0 1.5 8.95 1.0 1.75 8.95 1.0 1.75 8.9 1.0 2.0 8.9 1.0 2.25 8.9 1.0 2.5 8.9 1.0 2.75 8.9 1.0 3.0 8.9 1.0 3.25 8.9 1.0 3.5 8.9 1.0 3.25 8.95 1.0 3.5 8.95 1.0 3.75 8.95 1.0 3.75 9.0 1.0 4.0 9.0 1.0 4.0 9.05 1.0 4.25 9.05 1.0 4.25 9.1 1.0 4.5 9.1 1.0 4.75 9.1 1.0 4.5 9.15 1.0 4.75 9.15 1.0 5.0 9.15 1.0 5.25 9.15 1.0 5.0 9.2 1.0 5.25 9.2 1.0 5.5 9.2 1.0 5.75 9.2 1.0 6.0 9.2 1.0 6.25 9.2 1.0 6.5 9.2 1.0 6.5 9.15 1.0 6.75 9.15 1.0 7.0 9.15 1.0 7.0 9.1 1.0 7.25 9.1 1.0 7.5 9.1 1.0 7.5 9.05 1.0 7.75 9.05 1.0 8.0 9.05 1.0 8.0 9.0 1.0 8.25 9.0 1.0 8.25 8.95 1.0 8.5 8.95 1.0 8.5 9.0 1.0 8.75 8.95 1.0 8.75 8.9 1.0 9.0 8.9 1.0 9.0 8.95 1.0 9.25 8.9 1.0 9.5 8.9 1.0 9.75 8.9 1.0 9.5 8.95 1.0 9.75 8.95 1.0 10.0 8.95 1.0 10.25 8.95 1.0 10.25 9.0 1.0 10.5 9.0 1.0 10.75 9.0 1.0 10.5 9.05 1.0 10.75 9.05 1.0 11.0 9.05 1.0 11.25 9.05 1.0 11.0 9.1 1.0 11.25 9.1 1.0 11.5 9.05 1.0 11.5 9.1 1.0 11.75 9.05 1.0 11.75 9.1 1.0 12.0 9.05 1.0 12.0 9.1 1.25 0.0 9.0 1.25 0.25 9.0 1.25 0.0 8.95 1.25 0.25 8.95 1.25 0.5 9.0 1.25 0.5 8.95 1.25 0.75 9.0 1.25 0.75 8.95 1.25 1.0 9.0 1.25 1.0 8.95 1.25 1.25 9.0 1.25 1.25 8.95 1.25 1.5 8.95 1.25 1.75 8.95 1.25 1.5 8.9 1.25 1.75 8.9 1.25 2.0 8.9 1.25 2.25 8.9 1.25 2.5 8.9 1.25 2.25 8.85 1.25 2.5 8.85 1.25 2.75 8.9 1.25 2.75 8.85 1.25 3.0 8.9 1.25 3.25 8.9 1.25 3.25 8.95 1.25 3.5 8.95 1.25 3.75 8.95 1.25 3.5 9.0 1.25 3.75 9.0 1.25 4.0 9.0 1.25 3.75 9.05 1.25 4.0 9.05 1.25 4.25 9.05 1.25 4.25 9.1 1.25 4.5 9.1 1.25 4.5 9.15 1.25 4.75 9.15 1.25 5.0 9.15 1.25 4.75 9.2 1.25 5.0 9.2 1.25 5.25 9.2 1.25 5.5 9.2 1.25 5.25 9.25 1.25 5.5 9.25 1.25 5.75 9.2 1.25 5.75 9.25 1.25 6.0 9.2 1.25 6.0 9.25 1.25 6.25 9.2 1.25 6.25 9.25 1.25 6.5 9.2 1.25 6.5 9.15 1.25 6.75 9.15 1.25 6.75 9.2 1.25 7.0 9.15 1.25 7.0 9.2 1.25 7.0 9.1 1.25 7.25 9.1 1.25 7.25 9.15 1.25 7.5 9.1 1.25 7.5 9.05 1.25 7.75 9.05 1.25 7.75 9.1 1.25 8.0 9.05 1.25 8.0 9.0 1.25 8.25 9.0 1.25 8.25 9.05 1.25 8.5 9.0 1.25 8.5 8.95 1.25 8.75 8.95 1.25 8.75 9.0 1.25 9.0 8.95 1.25 9.0 8.9 1.25 9.25 8.9 1.25 9.25 8.95 1.25 9.5 8.9 1.25 9.5 8.95 1.25 9.75 8.95 1.25 10.0 8.95 1.25 9.75 9.0 1.25 10.0 9.0 1.25 10.25 8.95 1.25 10.25 9.0 1.25 10.5 9.0 1.25 10.25 9.05 1.25 10.5 9.05 1.25 10.75 9.05 1.25 11.0 9.05 1.25 10.75 9.1 1.25 11.0 9.1 1.25 11.25 9.1 1.25 11.5 9.1 1.25 11.75 9.1 1.25 12.0 9.1 1.5 0.0 8.95 1.5 0.25 8.95 1.5 0.5 8.95 1.5 0.75 8.95 1.5 1.0 8.95 1.5 1.25 8.95 1.5 1.5 8.95 1.5 1.25 8.9 1.5 1.5 8.9 1.5 1.75 8.9 1.5 2.0 8.9 1.5 1.75 8.85 1.5 2.0 8.85 1.5 2.25 8.9 1.5 2.25 8.85 1.5 2.5 8.85 1.5 2.75 8.85 1.5 2.75 8.9 1.5 3.0 8.9 1.5 3.25 8.9 1.5 3.25 8.95 1.5 3.5 8.95 1.5 3.5 9.0 1.5 3.75 9.0 1.5 3.75 9.05 1.5 4.0 9.05 1.5 4.25 9.05 1.5 4.0 9.1 1.5 4.25 9.1 1.5 4.5 9.1 1.5 4.25 9.15 1.5 4.5 9.15 1.5 4.75 9.15 1.5 4.5 9.2 1.5 4.75 9.2 1.5 5.0 9.2 1.5 5.25 9.2 1.5 5.0 9.25 1.5 5.25 9.25 1.5 5.5 9.25 1.5 5.75 9.25 1.5 6.0 9.25 1.5 6.25 9.25 1.5 6.25 9.2 1.5 6.5 9.2 1.5 6.5 9.25 1.5 6.75 9.2 1.5 7.0 9.2 1.5 7.0 9.15 1.5 7.25 9.15 1.5 7.25 9.1 1.5 7.5 9.1 1.5 7.5 9.15 1.5 7.75 9.1 1.5 7.75 9.05 1.5 8.0 9.05 1.5 8.25 9.05 1.5 8.25 9.0 1.5 8.5 9.0 1.5 8.75 9.0 1.5 8.75 8.95 1.5 9.0 8.95 1.5 9.0 9.0 1.5 9.25 8.95 1.5 9.25 9.0 1.5 9.5 8.95 1.5 9.5 9.0 1.5 9.75 8.95 1.5 9.75 9.0 1.5 10.0 9.0 1.5 10.25 9.0 1.5 10.0 9.05 1.5 10.25 9.05 1.5 10.5 9.05 1.5 10.25 9.1 1.5 10.5 9.1 1.5 10.75 9.05 1.5 10.75 9.1 1.5 11.0 9.1 1.5 10.75 9.15 1.5 11.0 9.15 1.5 11.25 9.1 1.5 11.25 9.15 1.5 11.5 9.1 1.5 11.5 9.15 1.5 11.75 9.1 1.5 11.75 9.15 1.5 12.0 9.1 1.5 12.0 9.15 1.75 0.0 8.95 1.75 0.25 8.95 1.75 0.0 8.9 1.75 0.25 8.9 1.75 0.5 8.95 1.75 0.5 8.9 1.75 0.75 8.95 1.75 0.75 8.9 1.75 1.0 8.95 1.75 1.0 8.9 1.75 1.25 8.95 1.75 1.25 8.9 1.75 1.5 8.9 1.75 1.75 8.9 1.75 1.5 8.85 1.75 1.75 8.85 1.75 2.0 8.85 1.75 2.25 8.85 1.75 2.5 8.85 1.75 2.75 8.85 1.75 2.75 8.9 1.75 3.0 8.9 1.75 3.0 8.85 1.75 3.25 8.9 1.75 3.25 8.95 1.75 3.5 8.95 1.75 3.5 9.0 1.75 3.75 9.0 1.75 3.75 9.05 1.75 4.0 9.05 1.75 4.0 9.1 1.75 4.25 9.1 1.75 4.25 9.15 1.75 4.5 9.15 1.75 4.5 9.2 1.75 4.75 9.2 1.75 5.0 9.2 1.75 4.75 9.25 1.75 5.0 9.25 1.75 5.25 9.25 1.75 5.5 9.25 1.75 5.25 9.3 1.75 5.5 9.3 1.75 5.75 9.25 1.75 5.75 9.3 1.75 6.0 9.25 1.75 6.0 9.3 1.75 6.25 9.25 1.75 6.25 9.3 1.75 6.5 9.25 1.75 6.5 9.2 1.75 6.75 9.2 1.75 6.75 9.25 1.75 7.0 9.2 1.75 7.0 9.15 1.75 7.25 9.15 1.75 7.25 9.2 1.75 7.5 9.15 1.75 7.5 9.1 1.75 7.75 9.1 1.75 7.75 9.05 1.75 8.0 9.05 1.75 8.0 9.1 1.75 8.25 9.05 1.75 8.25 9.0 1.75 8.5 9.0 1.75 8.5 9.05 1.75 8.75 9.0 1.75 9.0 9.0 1.75 9.25 9.0 1.75 9.5 9.0 1.75 9.75 9.0 1.75 9.5 9.05 1.75 9.75 9.05 1.75 10.0 9.0 1.75 10.0 9.05 1.75 10.25 9.05 1.75 10.0 9.1 1.75 10.25 9.1 1.75 10.5 9.1 1.75 10.75 9.1 1.75 10.5 9.15 1.75 10.75 9.15 1.75 11.0 9.15 1.75 10.75 9.2 1.75 11.0 9.2 1.75 11.25 9.15 1.75 11.25 9.2 1.75 11.5 9.15 1.75 11.5 9.2 1.75 11.75 9.15 1.75 11.75 9.2 1.75 12.0 9.15 1.75 12.0 9.2 2.0 0.0 8.9 2.0 0.25 8.9 2.0 0.0 8.85 2.0 0.25 8.85 2.0 0.5 8.9 2.0 0.5 8.85 2.0 0.75 8.9 2.0 0.75 8.85 2.0 1.0 8.9 2.0 1.0 8.85 2.0 1.25 8.9 2.0 1.25 8.85 2.0 1.5 8.9 2.0 1.5 8.85 2.0 1.75 8.85 2.0 2.0 8.85 2.0 1.75 8.8 2.0 2.0 8.8 2.0 2.25 8.85 2.0 2.25 8.8 2.0 2.5 8.85 2.0 2.5 8.8 2.0 2.75 8.85 2.0 3.0 8.85 2.0 3.0 8.9 2.0 3.25 8.9 2.0 3.25 8.95 2.0 3.5 8.95 2.0 3.5 9.0 2.0 3.75 9.0 2.0 3.75 9.05 2.0 4.0 9.05 2.0 4.0 9.1 2.0 4.25 9.1 2.0 4.25 9.15 2.0 4.5 9.15 2.0 4.5 9.2 2.0 4.75 9.2 2.0 4.75 9.25 2.0 5.0 9.25 2.0 5.25 9.25 2.0 5.0 9.3 2.0 5.25 9.3 2.0 5.5 9.3 2.0 5.75 9.3 2.0 6.0 9.3 2.0 6.25 9.3 2.0 6.25 9.25 2.0 6.5 9.25 2.0 6.5 9.3 2.0 6.75 9.25 2.0 6.75 9.2 2.0 7.0 9.2 2.0 7.25 9.2 2.0 7.25 9.15 2.0 7.5 9.15 2.0 7.5 9.1 2.0 7.75 9.1 2.0 8.0 9.1 2.0 8.0 9.05 2.0 8.25 9.05 2.0 8.5 9.05 2.0 8.5 9.0 2.0 8.75 9.0 2.0 8.75 9.05 2.0 9.0 9.0 2.0 9.25 9.0 2.0 9.5 9.0 2.0 9.25 9.05 2.0 9.5 9.05 2.0 9.75 9.05 2.0 10.0 9.05 2.0 9.75 9.1 2.0 10.0 9.1 2.0 10.25 9.1 2.0 10.5 9.1 2.0 10.25 9.15 2.0 10.5 9.15 2.0 10.75 9.15 2.0 10.5 9.2 2.0 10.75 9.2 2.0 11.0 9.2 2.0 11.25 9.2 2.0 11.5 9.2 2.0 11.75 9.2 2.0 12.0 9.2 2.25 0.0 8.85 2.25 0.25 8.85 2.25 0.5 8.85 2.25 0.75 8.85 2.25 1.0 8.85 2.25 1.25 8.85 2.25 1.5 8.85 2.25 1.25 8.8 2.25 1.5 8.8 2.25 1.75 8.85 2.25 1.75 8.8 2.25 2.0 8.8 2.25 2.25 8.8 2.25 2.5 8.8 2.25 2.5 8.85 2.25 2.75 8.85 2.25 2.75 8.8 2.25 3.0 8.85 2.25 3.0 8.9 2.25 3.25 8.9 2.25 3.25 8.95 2.25 3.5 8.95 2.25 3.5 9.0 2.25 3.75 9.0 2.25 3.75 9.05 2.25 4.0 9.05 2.25 4.0 9.1 2.25 4.25 9.1 2.25 4.25 9.15 2.25 4.5 9.15 2.25 4.5 9.2 2.25 4.75 9.2 2.25 4.5 9.25 2.25 4.75 9.25 2.25 5.0 9.25 2.25 5.0 9.3 2.25 5.25 9.3 2.25 5.5 9.3 2.25 5.75 9.3 2.25 6.0 9.3 2.25 6.25 9.3 2.25 6.5 9.3 2.25 6.5 9.25 2.25 6.75 9.25 2.25 6.75 9.2 2.25 7.0 9.2 2.25 7.25 9.2 2.25 7.25 9.15 2.25 7.5 9.15 2.25 7.5 9.1 2.25 7.75 9.1 2.25 8.0 9.1 2.25 8.0 9.05 2.25 8.25 9.05 2.25 8.5 9.05 2.25 8.75 9.05 2.25 8.75 9.0 2.25 9.0 9.0 2.25 9.0 9.05 2.25 9.25 9.0 2.25 9.25 9.05 2.25 9.5 9.05 2.25 9.75 9.05 2.25 9.75 9.1 2.25 10.0 9.1 2.25 10.25 9.1 2.25 10.0 9.15 2.25 10.25 9.15 2.25 10.5 9.15 2.25 10.5 9.2 2.25 10.75 9.2 2.25 11.0 9.2 2.25 10.75 9.25 2.25 11.0 9.25 2.25 11.25 9.2 2.25 11.25 9.25 2.25 11.5 9.2 2.25 11.5 9.25 2.25 11.75 9.2 2.25 11.75 9.25 2.25 12.0 9.2 2.25 12.0 9.25 2.5 0.0 8.85 2.5 0.25 8.85 2.5 0.0 8.8 2.5 0.25 8.8 2.5 0.5 8.85 2.5 0.5 8.8 2.5 0.75 8.85 2.5 0.75 8.8 2.5 1.0 8.85 2.5 1.0 8.8 2.5 1.25 8.85 2.5 1.25 8.8 2.5 1.5 8.8 2.5 1.75 8.8 2.5 2.0 8.8 2.5 1.75 8.75 2.5 2.0 8.75 2.5 2.25 8.8 2.5 2.25 8.75 2.5 2.5 8.8 2.5 2.5 8.75 2.5 2.75 8.8 2.5 2.75 8.85 2.5 3.0 8.85 2.5 3.0 8.8 2.5 3.0 8.9 2.5 3.25 8.9 2.5 3.25 8.85 2.5 3.25 8.95 2.5 3.5 8.95 2.5 3.5 8.9 2.5 3.5 9.0 2.5 3.75 9.0 2.5 3.75 9.05 2.5 4.0 9.05 2.5 4.0 9.1 2.5 4.25 9.1 2.5 4.25 9.15 2.5 4.5 9.15 2.5 4.5 9.25 2.5 4.75 9.25 2.5 4.5 9.2 2.5 4.75 9.2 2.5 5.0 9.25 2.5 5.0 9.3 2.5 5.25 9.3 2.5 5.5 9.3 2.5 5.75 9.3 2.5 6.0 9.3 2.5 6.25 9.3 2.5 6.5 9.3 2.5 6.25 9.25 2.5 6.5 9.25 2.5 6.75 9.25 2.5 6.75 9.2 2.5 7.0 9.2 2.5 7.25 9.2 2.5 7.0 9.15 2.5 7.25 9.15 2.5 7.5 9.15 2.5 7.5 9.1 2.5 7.75 9.1 2.5 8.0 9.1 2.5 8.0 9.05 2.5 8.25 9.05 2.5 8.5 9.05 2.5 8.75 9.05 2.5 9.0 9.05 2.5 9.25 9.05 2.5 9.5 9.05 2.5 9.75 9.05 2.5 9.5 9.1 2.5 9.75 9.1 2.5 10.0 9.1 2.5 10.0 9.15 2.5 10.25 9.15 2.5 10.5 9.15 2.5 10.25 9.2 2.5 10.5 9.2 2.5 10.75 9.2 2.5 10.75 9.25 2.5 11.0 9.25 2.5 11.25 9.25 2.5 11.5 9.25 2.5 11.75 9.25 2.5 12.0 9.25 2.75 0.0 8.8 2.75 0.25 8.8 2.75 0.5 8.8 2.75 0.75 8.8 2.75 1.0 8.8 2.75 1.25 8.8 2.75 1.5 8.8 2.75 1.25 8.75 2.75 1.5 8.75 2.75 1.75 8.8 2.75 1.75 8.75 2.75 2.0 8.75 2.75 2.25 8.75 2.75 2.5 8.75 2.75 2.5 8.8 2.75 2.75 8.8 2.75 2.75 8.75 2.75 3.0 8.8 2.75 3.0 8.85 2.75 3.25 8.85 2.75 3.25 8.9 2.75 3.5 8.9 2.75 3.5 9.0 2.75 3.75 9.0 2.75 3.5 8.95 2.75 3.75 8.95 2.75 3.75 9.05 2.75 4.0 9.05 2.75 4.0 9.0 2.75 4.0 9.1 2.75 4.25 9.1 2.75 4.25 9.15 2.75 4.5 9.15 2.75 4.5 9.2 2.75 4.75 9.2 2.75 4.75 9.25 2.75 5.0 9.25 2.75 5.0 9.3 2.75 5.25 9.3 2.75 5.25 9.25 2.75 5.5 9.3 2.75 5.75 9.3 2.75 6.0 9.3 2.75 6.25 9.3 2.75 6.0 9.25 2.75 6.25 9.25 2.75 6.5 9.25 2.75 6.75 9.25 2.75 6.5 9.2 2.75 6.75 9.2 2.75 7.0 9.2 2.75 7.0 9.15 2.75 7.25 9.15 2.75 7.5 9.15 2.75 7.25 9.1 2.75 7.5 9.1 2.75 7.75 9.1 2.75 8.0 9.1 2.75 7.75 9.05 2.75 8.0 9.05 2.75 8.25 9.05 2.75 8.5 9.05 2.75 8.25 9.0 2.75 8.5 9.0 2.75 8.75 9.05 2.75 8.75 9.0 2.75 9.0 9.05 2.75 9.0 9.0 2.75 9.25 9.05 2.75 9.5 9.05 2.75 9.5 9.1 2.75 9.75 9.1 2.75 10.0 9.1 2.75 10.0 9.15 2.75 10.25 9.15 2.75 10.25 9.2 2.75 10.5 9.2 2.75 10.75 9.2 2.75 10.75 9.25 2.75 11.0 9.25 2.75 11.25 9.25 2.75 11.5 9.25 2.75 11.75 9.25 2.75 12.0 9.25 3.0 0.0 8.8 3.0 0.25 8.8 3.0 0.0 8.75 3.0 0.25 8.75 3.0 0.5 8.8 3.0 0.5 8.75 3.0 0.75 8.8 3.0 0.75 8.75 3.0 1.0 8.8 3.0 1.0 8.75 3.0 1.25 8.8 3.0 1.25 8.75 3.0 1.5 8.75 3.0 1.75 8.75 3.0 2.0 8.75 3.0 1.75 8.7 3.0 2.0 8.7 3.0 2.25 8.75 3.0 2.25 8.7 3.0 2.5 8.75 3.0 2.75 8.75 3.0 2.75 8.8 3.0 3.0 8.8 3.0 3.0 8.75 3.0 3.0 8.85 3.0 3.25 8.85 3.0 3.25 8.8 3.0 3.25 8.9 3.0 3.5 8.9 3.0 3.5 8.85 3.0 3.5 8.95 3.0 3.75 8.95 3.0 3.75 9.0 3.0 4.0 9.0 3.0 4.0 9.1 3.0 4.25 9.1 3.0 4.0 9.05 3.0 4.25 9.05 3.0 4.25 9.15 3.0 4.5 9.15 3.0 4.5 9.1 3.0 4.5 9.2 3.0 4.75 9.2 3.0 4.75 9.15 3.0 4.75 9.25 3.0 5.0 9.25 3.0 5.0 9.2 3.0 5.25 9.25 3.0 5.25 9.3 3.0 5.5 9.3 3.0 5.5 9.25 3.0 5.75 9.3 3.0 5.75 9.25 3.0 6.0 9.3 3.0 6.0 9.25 3.0 6.25 9.25 3.0 6.5 9.25 3.0 6.25 9.2 3.0 6.5 9.2 3.0 6.75 9.2 3.0 7.0 9.2 3.0 6.75 9.15 3.0 7.0 9.15 3.0 7.25 9.15 3.0 7.0 9.1 3.0 7.25 9.1 3.0 7.5 9.1 3.0 7.75 9.1 3.0 7.5 9.05 3.0 7.75 9.05 3.0 8.0 9.05 3.0 8.25 9.05 3.0 8.0 9.0 3.0 8.25 9.0 3.0 8.5 9.0 3.0 8.75 9.0 3.0 9.0 9.0 3.0 9.0 9.05 3.0 9.25 9.05 3.0 9.25 9.0 3.0 9.5 9.05 3.0 9.5 9.1 3.0 9.75 9.1 3.0 9.75 9.05 3.0 10.0 9.1 3.0 10.0 9.15 3.0 10.25 9.15 3.0 10.25 9.2 3.0 10.5 9.2 3.0 10.5 9.15 3.0 10.75 9.2 3.0 10.75 9.25 3.0 11.0 9.25 3.0 11.25 9.25 3.0 11.5 9.25 3.0 11.75 9.25 3.0 12.0 9.25 3.25 0.0 8.75 3.25 0.25 8.75 3.25 0.5 8.75 3.25 0.75 8.75 3.25 1.0 8.75 3.25 1.25 8.75 3.25 1.5 8.75 3.25 1.75 8.75 3.25 1.5 8.7 3.25 1.75 8.7 3.25 2.0 8.7 3.25 2.25 8.7 3.25 2.25 8.75 3.25 2.5 8.75 3.25 2.5 8.7 3.25 2.75 8.75 3.25 2.75 8.7 3.25 3.0 8.75 3.25 3.0 8.8 3.25 3.25 8.8 3.25 3.25 8.85 3.25 3.5 8.85 3.25 3.5 8.95 3.25 3.75 8.95 3.25 3.5 8.9 3.25 3.75 8.9 3.25 3.75 9.0 3.25 4.0 9.0 3.25 4.0 8.95 3.25 4.0 9.05 3.25 4.25 9.05 3.25 4.25 9.0 3.25 4.25 9.1 3.25 4.5 9.1 3.25 4.5 9.15 3.25 4.75 9.15 3.25 4.75 9.2 3.25 5.0 9.2 3.25 5.0 9.15 3.25 5.0 9.25 3.25 5.25 9.25 3.25 5.25 9.2 3.25 5.5 9.25 3.25 5.5 9.2 3.25 5.75 9.25 3.25 5.75 9.2 3.25 6.0 9.25 3.25 6.0 9.2 3.25 6.25 9.25 3.25 6.25 9.2 3.25 6.5 9.2 3.25 6.25 9.15 3.25 6.5 9.15 3.25 6.75 9.2 3.25 6.75 9.15 3.25 7.0 9.15 3.25 6.75 9.1 3.25 7.0 9.1 3.25 7.25 9.1 3.25 7.5 9.1 3.25 7.25 9.05 3.25 7.5 9.05 3.25 7.75 9.05 3.25 8.0 9.05 3.25 7.75 9.0 3.25 8.0 9.0 3.25 8.25 9.0 3.25 8.5 9.0 3.25 8.75 9.0 3.25 9.0 9.0 3.25 9.25 9.0 3.25 9.25 9.05 3.25 9.5 9.05 3.25 9.5 9.0 3.25 9.75 9.05 3.25 9.75 9.1 3.25 10.0 9.1 3.25 10.0 9.15 3.25 10.25 9.15 3.25 10.25 9.1 3.25 10.5 9.15 3.25 10.5 9.2 3.25 10.75 9.2 3.25 10.75 9.25 3.25 11.0 9.25 3.25 11.0 9.2 3.25 11.25 9.25 3.25 11.5 9.25 3.25 11.75 9.25 3.25 12.0 9.25 3.5 0.0 8.75 3.5 0.25 8.75 3.5 0.5 8.75 3.5 0.75 8.75 3.5 1.0 8.75 3.5 1.25 8.75 3.5 1.5 8.75 3.5 1.5 8.7 3.5 1.75 8.7 3.5 2.0 8.7 3.5 2.25 8.7 3.5 2.5 8.7 3.5 2.75 8.7 3.5 2.75 8.75 3.5 3.0 8.75 3.5 3.0 8.7 3.5 3.0 8.8 3.5 3.25 8.8 3.5 3.25 8.75 3.5 3.25 8.85 3.5 3.5 8.85 3.5 3.5 8.8 3.5 3.5 8.9 3.5 3.75 8.9 3.5 3.75 8.85 3.5 3.75 8.95 3.5 4.0 8.95 3.5 4.0 8.9 3.5 4.0 9.0 3.5 4.25 9.0 3.5 4.25 9.1 3.5 4.5 9.1 3.5 4.25 9.05 3.5 4.5 9.05 3.5 4.5 9.15 3.5 4.75 9.15 3.5 4.75 9.1 3.5 5.0 9.15 3.5 5.0 9.2 3.5 5.25 9.2 3.5 5.25 9.15 3.5 5.5 9.2 3.5 5.5 9.15 3.5 5.75 9.2 3.5 6.0 9.2 3.5 5.75 9.15 3.5 6.0 9.15 3.5 6.25 9.2 3.5 6.25 9.15 3.5 6.5 9.15 3.5 6.75 9.15 3.5 6.5 9.1 3.5 6.75 9.1 3.5 7.0 9.1 3.5 7.25 9.1 3.5 7.0 9.05 3.5 7.25 9.05 3.5 7.5 9.05 3.5 7.25 9.0 3.5 7.5 9.0 3.5 7.75 9.05 3.5 7.75 9.0 3.5 8.0 9.0 3.5 8.25 9.0 3.5 8.0 8.95 3.5 8.25 8.95 3.5 8.5 9.0 3.5 8.5 8.95 3.5 8.75 9.0 3.5 8.75 8.95 3.5 9.0 9.0 3.5 9.0 8.95 3.5 9.25 9.0 3.5 9.5 9.0 3.5 9.5 9.05 3.5 9.75 9.05 3.5 9.75 9.0 3.5 9.75 9.1 3.5 10.0 9.1 3.5 10.0 9.05 3.5 10.25 9.1 3.5 10.25 9.15 3.5 10.5 9.15 3.5 10.5 9.2 3.5 10.75 9.2 3.5 10.75 9.15 3.5 11.0 9.2 3.5 11.0 9.25 3.5 11.25 9.25 3.5 11.25 9.2 3.5 11.5 9.25 3.5 11.5 9.2 3.5 11.75 9.25 3.5 11.75 9.2 3.5 12.0 9.25 3.5 12.0 9.2 3.75 0.0 8.75 3.75 0.25 8.75 3.75 0.5 8.75 3.75 0.75 8.75 3.75 1.0 8.75 3.75 1.25 8.75 3.75 1.5 8.75 3.75 1.25 8.7 3.75 1.5 8.7 3.75 1.75 8.7 3.75 2.0 8.7 3.75 2.25 8.7 3.75 2.0 8.65 3.75 2.25 8.65 3.75 2.5 8.7 3.75 2.5 8.65 3.75 2.75 8.7 3.75 2.75 8.65 3.75 3.0 8.7 3.75 3.0 8.75 3.75 3.25 8.75 3.75 3.25 8.8 3.75 3.5 8.8 3.75 3.5 8.75 3.75 3.5 8.85 3.75 3.75 8.85 3.75 3.75 8.9 3.75 4.0 8.9 3.75 4.0 9.0 3.75 4.25 9.0 3.75 4.0 8.95 3.75 4.25 8.95 3.75 4.25 9.05 3.75 4.5 9.05 3.75 4.5 9.0 3.75 4.5 9.1 3.75 4.75 9.1 3.75 4.75 9.05 3.75 4.75 9.15 3.75 5.0 9.15 3.75 5.0 9.1 3.75 5.25 9.15 3.75 5.25 9.1 3.75 5.5 9.15 3.75 5.5 9.2 3.75 5.75 9.2 3.75 5.75 9.15 3.75 6.0 9.15 3.75 6.25 9.15 3.75 6.0 9.1 3.75 6.25 9.1 3.75 6.5 9.15 3.75 6.5 9.1 3.75 6.75 9.1 3.75 6.5 9.05 3.75 6.75 9.05 3.75 7.0 9.1 3.75 7.0 9.05 3.75 7.25 9.05 3.75 7.0 9.0 3.75 7.25 9.0 3.75 7.5 9.0 3.75 7.75 9.0 3.75 7.5 8.95 3.75 7.75 8.95 3.75 8.0 9.0 3.75 8.0 8.95 3.75 8.25 8.95 3.75 8.5 8.95 3.75 8.75 8.95 3.75 9.0 8.95 3.75 9.0 9.0 3.75 9.25 9.0 3.75 9.25 8.95 3.75 9.5 9.0 3.75 9.5 8.95 3.75 9.75 9.0 3.75 9.75 9.05 3.75 10.0 9.05 3.75 10.0 9.1 3.75 10.25 9.1 3.75 10.25 9.05 3.75 10.25 9.15 3.75 10.5 9.15 3.75 10.5 9.1 3.75 10.75 9.15 3.75 10.75 9.2 3.75 11.0 9.2 3.75 11.0 9.15 3.75 11.25 9.2 3.75 11.5 9.2 3.75 11.75 9.2 3.75 12.0 9.2 4.0 0.0 8.75 4.0 0.25 8.75 4.0 0.5 8.75 4.0 0.75 8.75 4.0 1.0 8.75 4.0 1.25 8.75 4.0 1.25 8.7 4.0 1.5 8.7 4.0 1.75 8.7 4.0 2.0 8.7 4.0 1.75 8.65 4.0 2.0 8.65 4.0 2.25 8.65 4.0 2.5 8.65 4.0 2.75 8.65 4.0 2.75 8.7 4.0 3.0 8.7 4.0 3.0 8.65 4.0 3.0 8.75 4.0 3.25 8.75 4.0 3.25 8.7 4.0 3.5 8.75 4.0 3.5 8.85 4.0 3.75 8.85 4.0 3.5 8.8 4.0 3.75 8.8 4.0 3.75 8.9 4.0 4.0 8.9 4.0 4.0 8.85 4.0 4.0 8.95 4.0 4.25 8.95 4.0 4.25 8.9 4.0 4.25 9.0 4.0 4.5 9.0 4.0 4.5 8.95 4.0 4.5 9.05 4.0 4.75 9.05 4.0 4.75 9.0 4.0 4.75 9.1 4.0 5.0 9.1 4.0 5.0 9.05 4.0 5.25 9.1 4.0 5.25 9.05 4.0 5.25 9.15 4.0 5.5 9.15 4.0 5.5 9.1 4.0 5.75 9.15 4.0 5.75 9.1 4.0 6.0 9.15 4.0 6.0 9.1 4.0 6.25 9.1 4.0 6.0 9.05 4.0 6.25 9.05 4.0 6.5 9.1 4.0 6.5 9.05 4.0 6.75 9.05 4.0 7.0 9.05 4.0 6.75 9.0 4.0 7.0 9.0 4.0 7.25 9.0 4.0 7.5 9.0 4.0 7.25 8.95 4.0 7.5 8.95 4.0 7.75 8.95 4.0 8.0 8.95 4.0 8.25 8.95 4.0 8.0 8.9 4.0 8.25 8.9 4.0 8.5 8.95 4.0 8.5 8.9 4.0 8.75 8.95 4.0 8.75 8.9 4.0 9.0 8.95 4.0 9.0 8.9 4.0 9.25 8.95 4.0 9.5 8.95 4.0 9.5 9.0 4.0 9.75 9.0 4.0 9.75 8.95 4.0 9.75 9.05 4.0 10.0 9.05 4.0 10.0 9.0 4.0 10.25 9.05 4.0 10.25 9.0 4.0 10.25 9.1 4.0 10.5 9.1 4.0 10.5 9.05 4.0 10.5 9.15 4.0 10.75 9.15 4.0 10.75 9.1 4.0 11.0 9.15 4.0 11.0 9.2 4.0 11.25 9.2 4.0 11.25 9.15 4.0 11.5 9.2 4.0 11.5 9.15 4.0 11.75 9.2 4.0 11.75 9.15 4.0 12.0 9.2 4.0 12.0 9.15 4.25 0.0 8.75 4.25 0.25 8.75 4.25 0.5 8.75 4.25 0.75 8.75 4.25 1.0 8.75 4.25 1.25 8.75 4.25 1.25 8.7 4.25 1.5 8.7 4.25 1.75 8.7 4.25 1.75 8.65 4.25 2.0 8.65 4.25 2.25 8.65 4.25 2.5 8.65 4.25 2.75 8.65 4.25 3.0 8.65 4.25 3.0 8.7 4.25 3.25 8.7 4.25 3.25 8.75 4.25 3.5 8.75 4.25 3.5 8.7 4.25 3.5 8.8 4.25 3.75 8.8 4.25 3.75 8.75 4.25 3.75 8.85 4.25 4.0 8.85 4.25 4.0 8.9 4.25 4.25 8.9 4.25 4.25 8.95 4.25 4.5 8.95 4.25 4.5 9.0 4.25 4.75 9.0 4.25 4.75 9.05 4.25 5.0 9.05 4.25 5.0 9.0 4.25 5.25 9.05 4.25 5.25 9.1 4.25 5.5 9.1 4.25 5.5 9.05 4.25 5.75 9.1 4.25 5.75 9.05 4.25 6.0 9.1 4.25 6.0 9.05 4.25 6.25 9.05 4.25 6.5 9.05 4.25 6.25 9.0 4.25 6.5 9.0 4.25 6.75 9.05 4.25 6.75 9.0 4.25 7.0 9.0 4.25 7.25 9.0 4.25 7.0 8.95 4.25 7.25 8.95 4.25 7.5 8.95 4.25 7.75 8.95 4.25 8.0 8.95 4.25 7.75 8.9 4.25 8.0 8.9 4.25 8.25 8.9 4.25 8.5 8.9 4.25 8.75 8.9 4.25 9.0 8.9 4.25 9.0 8.95 4.25 9.25 8.95 4.25 9.25 8.9 4.25 9.5 8.95 4.25 9.5 8.9 4.25 9.75 8.95 4.25 9.75 9.0 4.25 10.0 9.0 4.25 10.0 8.95 4.25 10.25 9.0 4.25 10.25 9.05 4.25 10.5 9.05 4.25 10.5 9.0 4.25 10.5 9.1 4.25 10.75 9.1 4.25 10.75 9.05 4.25 10.75 9.15 4.25 11.0 9.15 4.25 11.0 9.1 4.25 11.25 9.15 4.25 11.25 9.1 4.25 11.5 9.15 4.25 11.5 9.1 4.25 11.75 9.15 4.25 11.75 9.1 4.25 12.0 9.15 4.25 12.0 9.1 4.5 0.0 8.75 4.5 0.25 8.75 4.5 0.5 8.75 4.5 0.75 8.75 4.5 1.0 8.75 4.5 1.25 8.75 4.5 1.25 8.7 4.5 1.5 8.7 4.5 1.75 8.7 4.5 1.5 8.65 4.5 1.75 8.65 4.5 2.0 8.65 4.5 2.25 8.65 4.5 2.5 8.65 4.5 2.25 8.6 4.5 2.5 8.6 4.5 2.75 8.65 4.5 2.75 8.6 4.5 3.0 8.65 4.5 3.0 8.7 4.5 3.25 8.7 4.5 3.25 8.65 4.5 3.5 8.7 4.5 3.5 8.75 4.5 3.75 8.75 4.5 3.75 8.85 4.5 4.0 8.85 4.5 3.75 8.8 4.5 4.0 8.8 4.5 4.0 8.9 4.5 4.25 8.9 4.5 4.25 8.85 4.5 4.25 8.95 4.5 4.5 8.95 4.5 4.5 8.9 4.5 4.5 9.0 4.5 4.75 9.0 4.5 4.75 8.95 4.5 5.0 9.0 4.5 5.0 9.05 4.5 5.25 9.05 4.5 5.25 9.0 4.5 5.5 9.05 4.5 5.5 9.0 4.5 5.75 9.05 4.5 5.75 9.0 4.5 6.0 9.05 4.5 6.0 9.0 4.5 6.25 9.05 4.5 6.25 9.0 4.5 6.5 9.0 4.5 6.75 9.0 4.5 7.0 9.0 4.5 6.75 8.95 4.5 7.0 8.95 4.5 7.25 8.95 4.5 7.5 8.95 4.5 7.75 8.95 4.5 7.5 8.9 4.5 7.75 8.9 4.5 8.0 8.9 4.5 8.25 8.9 4.5 8.5 8.9 4.5 8.75 8.9 4.5 9.0 8.9 4.5 9.25 8.9 4.5 9.5 8.9 4.5 9.5 8.95 4.5 9.75 8.95 4.5 9.75 8.9 4.5 10.0 8.95 4.5 10.0 9.0 4.5 10.25 9.0 4.5 10.25 8.95 4.5 10.5 9.0 4.5 10.5 9.05 4.5 10.75 9.05 4.5 10.75 9.0 4.5 10.75 9.1 4.5 11.0 9.1 4.5 11.0 9.05 4.5 11.25 9.1 4.5 11.25 9.05 4.5 11.5 9.1 4.5 11.5 9.05 4.5 11.75 9.1 4.5 11.75 9.05 4.5 12.0 9.1 4.5 12.0 9.05 4.75 0.0 8.75 4.75 0.25 8.75 4.75 0.5 8.75 4.75 0.75 8.75 4.75 1.0 8.75 4.75 1.25 8.75 4.75 1.0 8.7 4.75 1.25 8.7 4.75 1.5 8.7 4.75 1.5 8.65 4.75 1.75 8.65 4.75 2.0 8.65 4.75 2.25 8.65 4.75 2.0 8.6 4.75 2.25 8.6 4.75 2.5 8.6 4.75 2.75 8.6 4.75 2.75 8.65 4.75 3.0 8.65 4.75 3.25 8.65 4.75 3.25 8.7 4.75 3.5 8.7 4.75 3.5 8.75 4.75 3.75 8.75 4.75 3.75 8.8 4.75 4.0 8.8 4.75 4.0 8.85 4.75 4.25 8.85 4.75 4.25 8.9 4.75 4.5 8.9 4.75 4.5 8.95 4.75 4.75 8.95 4.75 4.75 9.0 4.75 5.0 9.0 4.75 5.0 8.95 4.75 5.25 9.0 4.75 5.5 9.0 4.75 5.75 9.0 4.75 6.0 9.0 4.75 6.25 9.0 4.75 6.5 9.0 4.75 6.75 9.0 4.75 6.5 8.95 4.75 6.75 8.95 4.75 7.0 8.95 4.75 7.25 8.95 4.75 7.5 8.95 4.75 7.5 8.9 4.75 7.75 8.9 4.75 8.0 8.9 4.75 8.25 8.9 4.75 8.5 8.9 4.75 8.75 8.9 4.75 9.0 8.9 4.75 9.25 8.9 4.75 9.5 8.9 4.75 9.75 8.9 4.75 9.75 8.95 4.75 10.0 8.95 4.75 10.0 8.9 4.75 10.25 8.95 4.75 10.25 8.9 4.75 10.25 9.0 4.75 10.5 9.0 4.75 10.5 8.95 4.75 10.75 9.0 4.75 10.75 9.05 4.75 11.0 9.05 4.75 11.0 9.0 4.75 11.25 9.05 4.75 11.25 9.0 4.75 11.5 9.05 4.75 11.5 9.0 4.75 11.75 9.05 4.75 11.75 9.0 4.75 12.0 9.05 4.75 12.0 9.0 5.0 0.0 8.75 5.0 0.25 8.75 5.0 0.5 8.75 5.0 0.75 8.75 5.0 1.0 8.75 5.0 1.0 8.7 5.0 1.25 8.7 5.0 1.5 8.7 5.0 1.5 8.65 5.0 1.75 8.65 5.0 2.0 8.65 5.0 2.0 8.6 5.0 2.25 8.6 5.0 2.5 8.6 5.0 2.75 8.6 5.0 2.75 8.65 5.0 3.0 8.65 5.0 3.25 8.65 5.0 3.25 8.7 5.0 3.5 8.7 5.0 3.5 8.75 5.0 3.75 8.75 5.0 3.75 8.8 5.0 4.0 8.8 5.0 4.0 8.85 5.0 4.25 8.85 5.0 4.25 8.9 5.0 4.5 8.9 5.0 4.5 8.85 5.0 4.5 8.95 5.0 4.75 8.95 5.0 4.75 8.9 5.0 5.0 8.95 5.0 5.0 9.0 5.0 5.25 9.0 5.0 5.25 8.95 5.0 5.5 9.0 5.0 5.75 9.0 5.0 6.0 9.0 5.0 6.25 9.0 5.0 6.5 9.0 5.0 6.25 8.95 5.0 6.5 8.95 5.0 6.75 8.95 5.0 7.0 8.95 5.0 7.25 8.95 5.0 7.5 8.95 5.0 7.5 8.9 5.0 7.75 8.9 5.0 7.75 8.95 5.0 8.0 8.9 5.0 8.25 8.9 5.0 8.5 8.9 5.0 8.75 8.9 5.0 9.0 8.9 5.0 9.25 8.9 5.0 9.5 8.9 5.0 9.75 8.9 5.0 10.0 8.9 5.0 10.25 8.9 5.0 10.25 8.95 5.0 10.5 8.95 5.0 10.5 8.9 5.0 10.5 9.0 5.0 10.75 9.0 5.0 10.75 8.95 5.0 11.0 9.0 5.0 11.0 8.95 5.0 11.25 9.0 5.0 11.5 9.0 5.0 11.75 9.0 5.0 12.0 9.0 5.25 0.0 8.75 5.25 0.25 8.75 5.25 0.5 8.75 5.25 0.75 8.75 5.25 1.0 8.75 5.25 1.0 8.7 5.25 1.25 8.7 5.25 1.25 8.75 5.25 1.5 8.7 5.25 1.5 8.65 5.25 1.75 8.65 5.25 2.0 8.65 5.25 2.0 8.6 5.25 2.25 8.6 5.25 2.25 8.65 5.25 2.5 8.6 5.25 2.75 8.6 5.25 2.5 8.65 5.25 2.75 8.65 5.25 3.0 8.65 5.25 3.25 8.65 5.25 3.25 8.7 5.25 3.5 8.7 5.25 3.5 8.75 5.25 3.75 8.75 5.25 3.75 8.8 5.25 4.0 8.8 5.25 4.0 8.85 5.25 4.25 8.85 5.25 4.25 8.8 5.25 4.5 8.85 5.25 4.5 8.9 5.25 4.75 8.9 5.25 4.75 8.95 5.25 5.0 8.95 5.25 5.25 8.95 5.25 5.25 9.0 5.25 5.5 9.0 5.25 5.5 8.95 5.25 5.75 9.0 5.25 6.0 9.0 5.25 6.25 9.0 5.25 6.25 8.95 5.25 6.5 8.95 5.25 6.5 9.0 5.25 6.75 8.95 5.25 7.0 8.95 5.25 7.25 8.95 5.25 7.5 8.95 5.25 7.75 8.95 5.25 7.75 8.9 5.25 8.0 8.9 5.25 8.0 8.95 5.25 8.25 8.9 5.25 8.25 8.95 5.25 8.5 8.9 5.25 8.5 8.95 5.25 8.75 8.9 5.25 9.0 8.9 5.25 9.25 8.9 5.25 9.5 8.9 5.25 9.75 8.9 5.25 10.0 8.9 5.25 10.25 8.9 5.25 10.5 8.9 5.25 10.5 8.95 5.25 10.75 8.95 5.25 10.75 8.9 5.25 11.0 8.95 5.25 11.0 9.0 5.25 11.25 9.0 5.25 11.25 8.95 5.25 11.5 9.0 5.25 11.5 8.95 5.25 11.75 9.0 5.25 11.75 8.95 5.25 12.0 9.0 5.25 12.0 8.95 5.5 0.0 8.75 5.5 0.25 8.75 5.5 0.5 8.75 5.5 0.75 8.75 5.5 1.0 8.75 5.5 1.25 8.75 5.5 1.25 8.7 5.5 1.5 8.7 5.5 1.5 8.65 5.5 1.75 8.65 5.5 1.75 8.7 5.5 2.0 8.65 5.5 2.25 8.65 5.5 2.25 8.6 5.5 2.5 8.6 5.5 2.5 8.65 5.5 2.75 8.65 5.5 3.0 8.65 5.5 3.25 8.65 5.5 3.0 8.7 5.5 3.25 8.7 5.5 3.5 8.7 5.5 3.5 8.75 5.5 3.75 8.75 5.5 3.75 8.8 5.5 4.0 8.8 5.5 4.25 8.8 5.5 4.25 8.85 5.5 4.5 8.85 5.5 4.5 8.9 5.5 4.75 8.9 5.5 4.75 8.95 5.5 5.0 8.95 5.5 5.25 8.95 5.5 5.5 8.95 5.5 5.5 9.0 5.5 5.75 9.0 5.5 5.75 8.95 5.5 6.0 9.0 5.5 6.25 9.0 5.5 6.5 9.0 5.5 6.5 8.95 5.5 6.75 8.95 5.5 6.75 9.0 5.5 7.0 8.95 5.5 7.0 9.0 5.5 7.25 8.95 5.5 7.25 9.0 5.5 7.5 8.95 5.5 7.5 9.0 5.5 7.75 8.95 5.5 7.75 9.0 5.5 8.0 8.95 5.5 8.0 9.0 5.5 8.25 8.95 5.5 8.5 8.95 5.5 8.5 8.9 5.5 8.75 8.9 5.5 8.75 8.95 5.5 9.0 8.9 5.5 9.0 8.95 5.5 9.25 8.9 5.5 9.5 8.9 5.5 9.75 8.9 5.5 10.0 8.9 5.5 10.25 8.9 5.5 10.5 8.9 5.5 10.75 8.9 5.5 10.75 8.95 5.5 11.0 8.95 5.5 11.0 8.9 5.5 11.25 8.95 5.5 11.25 8.9 5.5 11.5 8.95 5.5 11.5 8.9 5.5 11.75 8.95 5.5 11.75 8.9 5.5 12.0 8.95 5.5 12.0 8.9 5.75 0.0 8.75 5.75 0.25 8.75 5.75 0.0 8.8 5.75 0.25 8.8 5.75 0.5 8.75 5.75 0.5 8.8 5.75 0.75 8.75 5.75 0.75 8.8 5.75 1.0 8.75 5.75 1.0 8.8 5.75 1.25 8.75 5.75 1.25 8.8 5.75 1.25 8.7 5.75 1.5 8.7 5.75 1.5 8.75 5.75 1.75 8.7 5.75 1.75 8.75 5.75 1.75 8.65 5.75 2.0 8.65 5.75 2.0 8.7 5.75 2.25 8.65 5.75 2.25 8.7 5.75 2.5 8.65 5.75 2.5 8.7 5.75 2.75 8.65 5.75 2.75 8.7 5.75 3.0 8.65 5.75 3.0 8.7 5.75 3.25 8.7 5.75 3.5 8.7 5.75 3.25 8.75 5.75 3.5 8.75 5.75 3.75 8.75 5.75 3.75 8.8 5.75 4.0 8.8 5.75 4.25 8.8 5.75 4.0 8.85 5.75 4.25 8.85 5.75 4.5 8.85 5.75 4.5 8.9 5.75 4.75 8.9 5.75 4.75 8.95 5.75 5.0 8.95 5.75 5.0 8.9 5.75 5.25 8.95 5.75 5.5 8.95 5.75 5.75 8.95 5.75 5.75 9.0 5.75 6.0 9.0 5.75 6.25 9.0 5.75 6.5 9.0 5.75 6.75 9.0 5.75 7.0 9.0 5.75 7.25 9.0 5.75 7.5 9.0 5.75 7.75 9.0 5.75 8.0 9.0 5.75 8.0 8.95 5.75 8.25 8.95 5.75 8.25 9.0 5.75 8.5 8.95 5.75 8.5 9.0 5.75 8.75 8.95 5.75 8.75 9.0 5.75 9.0 8.95 5.75 9.0 9.0 5.75 9.0 8.9 5.75 9.25 8.9 5.75 9.25 8.95 5.75 9.5 8.9 5.75 9.5 8.95 5.75 9.75 8.9 5.75 9.75 8.95 5.75 10.0 8.9 5.75 10.25 8.9 5.75 10.5 8.9 5.75 10.75 8.9 5.75 11.0 8.9 5.75 11.25 8.9 5.75 11.5 8.9 5.75 11.75 8.9 5.75 12.0 8.9 6.0 0.0 8.8 6.0 0.25 8.8 6.0 0.0 8.85 6.0 0.25 8.85 6.0 0.5 8.8 6.0 0.5 8.85 6.0 0.75 8.8 6.0 0.75 8.85 6.0 1.0 8.8 6.0 1.0 8.85 6.0 1.25 8.8 6.0 1.25 8.75 6.0 1.5 8.75 6.0 1.5 8.8 6.0 1.75 8.75 6.0 1.75 8.8 6.0 1.75 8.7 6.0 2.0 8.7 6.0 2.0 8.75 6.0 2.25 8.7 6.0 2.25 8.75 6.0 2.5 8.7 6.0 2.5 8.75 6.0 2.75 8.7 6.0 2.75 8.75 6.0 3.0 8.7 6.0 3.0 8.75 6.0 3.25 8.7 6.0 3.25 8.75 6.0 3.5 8.75 6.0 3.75 8.75 6.0 3.5 8.8 6.0 3.75 8.8 6.0 4.0 8.8 6.0 4.0 8.85 6.0 4.25 8.85 6.0 4.5 8.85 6.0 4.5 8.9 6.0 4.75 8.9 6.0 5.0 8.9 6.0 5.0 8.95 6.0 5.25 8.95 6.0 5.5 8.95 6.0 5.75 8.95 6.0 5.75 9.0 6.0 6.0 9.0 6.0 6.25 9.0 6.0 6.5 9.0 6.0 6.75 9.0 6.0 7.0 9.0 6.0 6.75 9.05 6.0 7.0 9.05 6.0 7.25 9.0 6.0 7.25 9.05 6.0 7.5 9.0 6.0 7.5 9.05 6.0 7.75 9.0 6.0 7.75 9.05 6.0 8.0 9.0 6.0 8.0 9.05 6.0 8.25 9.0 6.0 8.25 9.05 6.0 8.5 9.0 6.0 8.5 9.05 6.0 8.75 9.0 6.0 8.75 9.05 6.0 9.0 9.0 6.0 9.0 8.95 6.0 9.25 8.95 6.0 9.25 9.0 6.0 9.5 8.95 6.0 9.5 9.0 6.0 9.75 8.95 6.0 9.75 8.9 6.0 10.0 8.9 6.0 10.0 8.95 6.0 10.25 8.9 6.0 10.25 8.95 6.0 10.5 8.9 6.0 10.75 8.9 6.0 11.0 8.9 6.0 11.25 8.9 6.0 11.5 8.9 6.0 11.75 8.9 6.0 12.0 8.9 6.25 0.0 8.85 6.25 0.25 8.85 6.25 0.0 8.9 6.25 0.25 8.9 6.25 0.5 8.85 6.25 0.5 8.9 6.25 0.75 8.85 6.25 0.75 8.9 6.25 1.0 8.85 6.25 1.0 8.9 6.25 1.0 8.8 6.25 1.25 8.8 6.25 1.25 8.9 6.25 1.5 8.8 6.25 1.25 8.85 6.25 1.5 8.85 6.25 1.75 8.8 6.25 1.75 8.85 6.25 1.75 8.75 6.25 2.0 8.75 6.25 2.0 8.85 6.25 2.25 8.75 6.25 2.0 8.8 6.25 2.25 8.8 6.25 2.5 8.75 6.25 2.5 8.8 6.25 2.75 8.75 6.25 2.75 8.8 6.25 3.0 8.75 6.25 3.0 8.8 6.25 3.25 8.75 6.25 3.25 8.8 6.25 3.5 8.75 6.25 3.5 8.8 6.25 3.75 8.8 6.25 4.0 8.8 6.25 3.75 8.85 6.25 4.0 8.85 6.25 4.25 8.85 6.25 4.5 8.85 6.25 4.25 8.9 6.25 4.5 8.9 6.25 4.75 8.9 6.25 5.0 8.9 6.25 5.0 8.95 6.25 5.25 8.95 6.25 5.5 8.95 6.25 5.75 8.95 6.25 5.75 9.0 6.25 6.0 9.0 6.25 6.25 9.0 6.25 6.5 9.0 6.25 6.75 9.0 6.25 6.5 9.05 6.25 6.75 9.05 6.25 7.0 9.05 6.25 7.25 9.05 6.25 7.5 9.05 6.25 7.75 9.05 6.25 7.5 9.1 6.25 7.75 9.1 6.25 8.0 9.05 6.25 8.0 9.1 6.25 8.25 9.05 6.25 8.25 9.1 6.25 8.5 9.05 6.25 8.5 9.1 6.25 8.75 9.05 6.25 8.75 9.1 6.25 8.75 9.0 6.25 9.0 9.0 6.25 9.0 9.1 6.25 9.25 9.0 6.25 9.0 9.05 6.25 9.25 9.05 6.25 9.5 9.0 6.25 9.5 9.05 6.25 9.5 8.95 6.25 9.75 8.95 6.25 9.75 9.0 6.25 10.0 8.95 6.25 10.0 9.0 6.25 10.25 8.95 6.25 10.25 8.9 6.25 10.5 8.9 6.25 10.5 8.95 6.25 10.75 8.9 6.25 10.75 8.95 6.25 11.0 8.9 6.25 11.25 8.9 6.25 11.5 8.9 6.25 11.75 8.9 6.25 12.0 8.9 6.5 0.0 8.9 6.5 0.25 8.9 6.5 0.0 8.95 6.5 0.25 8.95 6.5 0.5 8.9 6.5 0.5 8.95 6.5 0.75 8.9 6.5 0.75 8.95 6.5 1.0 8.9 6.5 1.0 8.95 6.5 1.25 8.9 6.5 1.25 8.95 6.5 1.25 8.85 6.5 1.5 8.85 6.5 1.5 8.95 6.5 1.75 8.85 6.5 1.75 8.95 6.5 2.0 8.85 6.5 1.75 8.9 6.5 2.0 8.9 6.5 2.0 8.8 6.5 2.25 8.8 6.5 2.25 8.9 6.5 2.5 8.8 6.5 2.25 8.85 6.5 2.5 8.85 6.5 2.75 8.8 6.5 2.75 8.85 6.5 3.0 8.8 6.5 3.0 8.85 6.5 3.25 8.8 6.5 3.25 8.85 6.5 3.5 8.8 6.5 3.5 8.85 6.5 3.75 8.8 6.5 3.75 8.85 6.5 4.0 8.85 6.5 4.25 8.85 6.5 4.0 8.9 6.5 4.25 8.9 6.5 4.5 8.9 6.5 4.75 8.9 6.5 5.0 8.9 6.5 5.0 8.95 6.5 5.25 8.95 6.5 5.5 8.95 6.5 5.75 8.95 6.5 5.75 9.0 6.5 6.0 9.0 6.5 6.25 9.0 6.5 6.5 9.0 6.5 6.5 9.05 6.5 6.75 9.05 6.5 7.0 9.05 6.5 7.25 9.05 6.5 7.5 9.05 6.5 7.25 9.1 6.5 7.5 9.1 6.5 7.75 9.1 6.5 8.0 9.1 6.5 8.25 9.1 6.5 8.0 9.15 6.5 8.25 9.15 6.5 8.5 9.1 6.5 8.5 9.15 6.5 8.75 9.1 6.5 8.75 9.15 6.5 9.0 9.1 6.5 9.0 9.05 6.5 9.25 9.05 6.5 9.25 9.1 6.5 9.5 9.05 6.5 9.5 9.1 6.5 9.5 9.0 6.5 9.75 9.0 6.5 9.75 9.05 6.5 10.0 9.0 6.5 10.0 9.05 6.5 10.0 8.95 6.5 10.25 8.95 6.5 10.25 9.0 6.5 10.5 8.95 6.5 10.5 9.0 6.5 10.75 8.95 6.5 10.75 8.9 6.5 11.0 8.9 6.5 11.0 8.95 6.5 11.25 8.9 6.5 11.25 8.95 6.5 11.5 8.9 6.5 11.5 8.95 6.5 11.75 8.9 6.5 11.75 8.95 6.5 12.0 8.9 6.5 12.0 8.95 6.75 0.0 8.95 6.75 0.25 8.95 6.75 0.0 9.05 6.75 0.25 9.05 6.75 0.5 8.95 6.75 0.5 9.05 6.75 0.75 8.95 6.75 0.75 9.05 6.75 1.0 8.95 6.75 1.0 9.05 6.75 1.25 8.95 6.75 1.25 9.05 6.75 1.5 8.95 6.75 1.5 9.05 6.75 1.75 8.95 6.75 1.5 9.0 6.75 1.75 9.0 6.75 1.75 8.9 6.75 2.0 8.9 6.75 2.0 9.0 6.75 2.25 8.9 6.75 2.0 8.95 6.75 2.25 8.95 6.75 2.25 8.85 6.75 2.5 8.85 6.75 2.5 8.95 6.75 2.75 8.85 6.75 2.75 8.95 6.75 3.0 8.85 6.75 2.75 8.9 6.75 3.0 8.9 6.75 3.25 8.85 6.75 3.25 8.9 6.75 3.5 8.85 6.75 3.5 8.9 6.75 3.75 8.85 6.75 3.75 8.9 6.75 4.0 8.85 6.75 4.0 8.9 6.75 4.25 8.9 6.75 4.5 8.9 6.75 4.75 8.9 6.75 5.0 8.9 6.75 4.75 8.95 6.75 5.0 8.95 6.75 5.25 8.95 6.75 5.5 8.95 6.75 5.75 8.95 6.75 5.75 9.0 6.75 6.0 9.0 6.75 6.25 9.0 6.75 6.5 9.0 6.75 6.5 9.05 6.75 6.75 9.05 6.75 7.0 9.05 6.75 7.25 9.05 6.75 7.0 9.1 6.75 7.25 9.1 6.75 7.5 9.1 6.75 7.75 9.1 6.75 8.0 9.1 6.75 7.75 9.15 6.75 8.0 9.15 6.75 8.25 9.15 6.75 8.5 9.15 6.75 8.75 9.15 6.75 8.75 9.1 6.75 9.0 9.1 6.75 9.0 9.15 6.75 9.25 9.1 6.75 9.25 9.15 6.75 9.5 9.1 6.75 9.5 9.15 6.75 9.5 9.05 6.75 9.75 9.05 6.75 9.75 9.1 6.75 10.0 9.05 6.75 10.0 9.1 6.75 10.0 9.0 6.75 10.25 9.0 6.75 10.25 9.05 6.75 10.5 9.0 6.75 10.5 9.05 6.75 10.5 8.95 6.75 10.75 8.95 6.75 10.75 9.0 6.75 11.0 8.95 6.75 11.0 9.0 6.75 11.25 8.95 6.75 11.5 8.95 6.75 11.75 8.95 6.75 12.0 8.95 7.0 0.0 9.05 7.0 0.25 9.05 7.0 0.0 9.15 7.0 0.25 9.15 7.0 0.5 9.05 7.0 0.5 9.15 7.0 0.75 9.05 7.0 0.75 9.15 7.0 1.0 9.05 7.0 1.0 9.15 7.0 1.25 9.05 7.0 1.25 9.15 7.0 1.5 9.05 7.0 1.25 9.1 7.0 1.5 9.1 7.0 1.5 9.0 7.0 1.75 9.0 7.0 1.75 9.1 7.0 2.0 9.0 7.0 2.0 9.1 7.0 2.0 8.95 7.0 2.25 8.95 7.0 2.0 9.05 7.0 2.25 9.05 7.0 2.5 8.95 7.0 2.5 9.05 7.0 2.75 8.95 7.0 2.5 9.0 7.0 2.75 9.0 7.0 2.75 8.9 7.0 3.0 8.9 7.0 3.0 9.0 7.0 3.25 8.9 7.0 3.0 8.95 7.0 3.25 8.95 7.0 3.5 8.9 7.0 3.5 8.95 7.0 3.75 8.9 7.0 3.75 8.95 7.0 4.0 8.9 7.0 4.0 8.95 7.0 4.25 8.9 7.0 4.25 8.95 7.0 4.5 8.9 7.0 4.5 8.95 7.0 4.75 8.9 7.0 4.75 8.95 7.0 5.0 8.95 7.0 5.25 8.95 7.0 5.5 8.95 7.0 5.75 8.95 7.0 5.75 9.0 7.0 6.0 9.0 7.0 6.0 8.95 7.0 6.25 9.0 7.0 6.5 9.0 7.0 6.5 9.05 7.0 6.75 9.05 7.0 7.0 9.05 7.0 7.0 9.1 7.0 7.25 9.1 7.0 7.5 9.1 7.0 7.75 9.1 7.0 7.5 9.15 7.0 7.75 9.15 7.0 8.0 9.15 7.0 8.25 9.15 7.0 8.5 9.15 7.0 8.25 9.2 7.0 8.5 9.2 7.0 8.75 9.15 7.0 8.75 9.2 7.0 9.0 9.15 7.0 9.0 9.2 7.0 9.25 9.15 7.0 9.25 9.2 7.0 9.5 9.15 7.0 9.5 9.2 7.0 9.5 9.1 7.0 9.75 9.1 7.0 9.75 9.15 7.0 10.0 9.1 7.0 10.0 9.15 7.0 10.0 9.05 7.0 10.25 9.05 7.0 10.25 9.1 7.0 10.5 9.05 7.0 10.5 9.1 7.0 10.5 9.0 7.0 10.75 9.0 7.0 10.75 9.05 7.0 11.0 9.0 7.0 11.0 8.95 7.0 11.25 8.95 7.0 11.25 9.0 7.0 11.5 8.95 7.0 11.5 9.0 7.0 11.75 8.95 7.0 11.75 9.0 7.0 12.0 8.95 7.0 12.0 9.0 7.25 0.0 9.15 7.25 0.25 9.15 7.25 0.0 9.25 7.25 0.25 9.25 7.25 0.5 9.15 7.25 0.5 9.25 7.25 0.75 9.15 7.25 0.75 9.25 7.25 1.0 9.15 7.25 1.0 9.25 7.25 1.25 9.15 7.25 1.0 9.2 7.25 1.25 9.2 7.25 1.25 9.1 7.25 1.5 9.1 7.25 1.5 9.2 7.25 1.75 9.1 7.25 1.75 9.2 7.25 2.0 9.1 7.25 1.75 9.15 7.25 2.0 9.15 7.25 2.0 9.05 7.25 2.25 9.05 7.25 2.25 9.15 7.25 2.5 9.05 7.25 2.25 9.1 7.25 2.5 9.1 7.25 2.5 9.0 7.25 2.75 9.0 7.25 2.75 9.05 7.25 3.0 9.0 7.25 3.0 9.05 7.25 3.0 8.95 7.25 3.25 8.95 7.25 3.25 9.0 7.25 3.5 8.95 7.25 3.5 9.0 7.25 3.75 8.95 7.25 3.75 9.0 7.25 4.0 8.95 7.25 4.25 8.95 7.25 4.5 8.95 7.25 4.75 8.95 7.25 5.0 8.95 7.25 5.25 8.95 7.25 5.5 8.95 7.25 5.75 8.95 7.25 6.0 8.95 7.25 6.0 9.0 7.25 6.25 9.0 7.25 6.5 9.0 7.25 6.5 9.05 7.25 6.75 9.05 7.25 6.75 9.0 7.25 7.0 9.05 7.25 7.0 9.1 7.25 7.25 9.1 7.25 7.25 9.05 7.25 7.5 9.1 7.25 7.5 9.15 7.25 7.75 9.15 7.25 7.75 9.1 7.25 8.0 9.15 7.25 8.25 9.15 7.25 8.25 9.2 7.25 8.5 9.2 7.25 8.75 9.2 7.25 9.0 9.2 7.25 9.25 9.2 7.25 9.0 9.25 7.25 9.25 9.25 7.25 9.5 9.2 7.25 9.5 9.15 7.25 9.75 9.15 7.25 9.75 9.2 7.25 10.0 9.15 7.25 10.0 9.2 7.25 10.0 9.1 7.25 10.25 9.1 7.25 10.25 9.15 7.25 10.5 9.1 7.25 10.5 9.05 7.25 10.75 9.05 7.25 10.75 9.1 7.25 10.75 9.0 7.25 11.0 9.0 7.25 11.0 9.05 7.25 11.25 9.0 7.25 11.25 9.05 7.25 11.5 9.0 7.25 11.5 9.05 7.25 11.75 9.0 7.25 11.75 9.05 7.25 12.0 9.0 7.25 12.0 9.05 7.5 0.0 9.25 7.5 0.25 9.25 7.5 0.0 9.3 7.5 0.25 9.3 7.5 0.5 9.25 7.5 0.5 9.3 7.5 0.75 9.25 7.5 0.75 9.3 7.5 1.0 9.25 7.5 1.0 9.3 7.5 1.0 9.2 7.5 1.25 9.2 7.5 1.25 9.3 7.5 1.5 9.2 7.5 1.25 9.25 7.5 1.5 9.25 7.5 1.75 9.2 7.5 1.75 9.25 7.5 1.75 9.15 7.5 2.0 9.15 7.5 2.0 9.2 7.5 2.25 9.15 7.5 2.25 9.2 7.5 2.25 9.1 7.5 2.5 9.1 7.5 2.5 9.15 7.5 2.5 9.05 7.5 2.75 9.05 7.5 2.75 9.15 7.5 3.0 9.05 7.5 2.75 9.1 7.5 3.0 9.1 7.5 3.0 9.0 7.5 3.25 9.0 7.5 3.25 9.05 7.5 3.5 9.0 7.5 3.5 9.05 7.5 3.75 9.0 7.5 3.75 8.95 7.5 4.0 8.95 7.5 4.0 9.0 7.5 4.25 8.95 7.5 4.25 9.0 7.5 4.5 8.95 7.5 4.75 8.95 7.5 5.0 8.95 7.5 5.25 8.95 7.5 5.5 8.95 7.5 5.75 8.95 7.5 6.0 8.95 7.5 6.0 9.0 7.5 6.25 9.0 7.5 6.25 8.95 7.5 6.5 9.0 7.5 6.75 9.0 7.5 6.75 9.05 7.5 7.0 9.05 7.5 7.0 9.0 7.5 7.25 9.05 7.5 7.25 9.1 7.5 7.5 9.1 7.5 7.5 9.05 7.5 7.75 9.1 7.5 7.75 9.15 7.5 8.0 9.15 7.5 8.25 9.15 7.5 8.25 9.2 7.5 8.5 9.2 7.5 8.75 9.2 7.5 9.0 9.2 7.5 8.75 9.25 7.5 9.0 9.25 7.5 9.25 9.25 7.5 9.25 9.2 7.5 9.5 9.2 7.5 9.5 9.25 7.5 9.75 9.2 7.5 9.75 9.25 7.5 10.0 9.2 7.5 10.0 9.15 7.5 10.25 9.15 7.5 10.25 9.2 7.5 10.25 9.1 7.5 10.5 9.1 7.5 10.5 9.15 7.5 10.75 9.1 7.5 10.75 9.05 7.5 11.0 9.05 7.5 11.0 9.1 7.5 11.25 9.05 7.5 11.5 9.05 7.5 11.75 9.05 7.5 12.0 9.05 7.75 0.0 9.3 7.75 0.25 9.3 7.75 0.0 9.35 7.75 0.25 9.35 7.75 0.5 9.3 7.75 0.5 9.35 7.75 0.75 9.3 7.75 0.75 9.35 7.75 1.0 9.3 7.75 1.0 9.35 7.75 1.25 9.3 7.75 1.25 9.35 7.75 1.25 9.25 7.75 1.5 9.25 7.75 1.5 9.3 7.75 1.75 9.25 7.75 1.75 9.3 7.75 1.75 9.2 7.75 2.0 9.2 7.75 2.0 9.25 7.75 2.25 9.2 7.75 2.25 9.25 7.75 2.25 9.15 7.75 2.5 9.15 7.75 2.5 9.2 7.75 2.75 9.15 7.75 2.75 9.1 7.75 3.0 9.1 7.75 3.0 9.15 7.75 3.0 9.05 7.75 3.25 9.05 7.75 3.25 9.1 7.75 3.5 9.05 7.75 3.5 9.1 7.75 3.5 9.0 7.75 3.75 9.0 7.75 3.75 9.05 7.75 4.0 9.0 7.75 4.0 9.05 7.75 4.25 9.0 7.75 4.25 8.95 7.75 4.5 8.95 7.75 4.5 9.0 7.75 4.75 8.95 7.75 4.75 9.0 7.75 5.0 8.95 7.75 5.25 8.95 7.75 5.5 8.95 7.75 5.75 8.95 7.75 6.0 8.95 7.75 6.25 8.95 7.75 6.25 9.0 7.75 6.5 9.0 7.75 6.5 8.95 7.75 6.75 9.0 7.75 6.75 8.95 7.75 7.0 9.0 7.75 7.0 9.05 7.75 7.25 9.05 7.75 7.25 9.0 7.75 7.5 9.05 7.75 7.5 9.1 7.75 7.75 9.1 7.75 7.75 9.15 7.75 8.0 9.15 7.75 8.0 9.1 7.75 8.25 9.15 7.75 8.25 9.2 7.75 8.5 9.2 7.75 8.5 9.15 7.75 8.75 9.2 7.75 8.75 9.25 7.75 9.0 9.25 7.75 9.0 9.2 7.75 9.25 9.25 7.75 9.5 9.25 7.75 9.75 9.25 7.75 9.75 9.2 7.75 10.0 9.2 7.75 10.25 9.2 7.75 10.25 9.15 7.75 10.5 9.15 7.75 10.5 9.1 7.75 10.75 9.1 7.75 10.75 9.15 7.75 11.0 9.1 7.75 11.0 9.05 7.75 11.25 9.05 7.75 11.25 9.1 7.75 11.5 9.05 7.75 11.5 9.1 7.75 11.75 9.05 7.75 11.75 9.1 7.75 12.0 9.05 7.75 12.0 9.1 8.0 0.0 9.35 8.0 0.25 9.35 8.0 0.0 9.4 8.0 0.25 9.4 8.0 0.5 9.35 8.0 0.5 9.4 8.0 0.75 9.35 8.0 0.75 9.4 8.0 1.0 9.35 8.0 1.0 9.4 8.0 1.25 9.35 8.0 1.25 9.4 8.0 1.25 9.3 8.0 1.5 9.3 8.0 1.5 9.35 8.0 1.75 9.3 8.0 1.75 9.35 8.0 1.75 9.25 8.0 2.0 9.25 8.0 2.0 9.3 8.0 2.25 9.25 8.0 2.25 9.2 8.0 2.5 9.2 8.0 2.5 9.25 8.0 2.5 9.15 8.0 2.75 9.15 8.0 2.75 9.2 8.0 3.0 9.15 8.0 3.0 9.1 8.0 3.25 9.1 8.0 3.25 9.15 8.0 3.5 9.1 8.0 3.5 9.05 8.0 3.75 9.05 8.0 3.75 9.1 8.0 4.0 9.05 8.0 4.0 9.0 8.0 4.25 9.0 8.0 4.25 9.05 8.0 4.5 9.0 8.0 4.75 9.0 8.0 4.75 8.95 8.0 5.0 8.95 8.0 5.0 9.0 8.0 5.25 8.95 8.0 5.5 8.95 8.0 5.75 8.95 8.0 6.0 8.95 8.0 6.25 8.95 8.0 6.5 8.95 8.0 6.75 8.95 8.0 6.75 9.0 8.0 7.0 9.0 8.0 7.0 8.95 8.0 7.25 9.0 8.0 7.25 9.05 8.0 7.5 9.05 8.0 7.5 9.0 8.0 7.5 9.1 8.0 7.75 9.1 8.0 7.75 9.05 8.0 8.0 9.1 8.0 8.0 9.15 8.0 8.25 9.15 8.0 8.25 9.1 8.0 8.5 9.15 8.0 8.5 9.2 8.0 8.75 9.2 8.0 8.75 9.15 8.0 9.0 9.2 8.0 9.0 9.25 8.0 9.25 9.25 8.0 9.25 9.2 8.0 9.5 9.25 8.0 9.5 9.2 8.0 9.75 9.25 8.0 9.75 9.2 8.0 10.0 9.2 8.0 10.25 9.2 8.0 10.25 9.15 8.0 10.5 9.15 8.0 10.75 9.15 8.0 10.75 9.1 8.0 11.0 9.1 8.0 11.25 9.1 8.0 11.5 9.1 8.0 11.75 9.1 8.0 12.0 9.1 8.25 0.0 9.4 8.25 0.25 9.4 8.25 0.5 9.4 8.25 0.75 9.4 8.25 1.0 9.4 8.25 1.25 9.4 8.25 1.25 9.35 8.25 1.5 9.35 8.25 1.75 9.35 8.25 1.75 9.3 8.25 2.0 9.3 8.25 2.0 9.25 8.25 2.25 9.25 8.25 2.25 9.3 8.25 2.5 9.25 8.25 2.5 9.2 8.25 2.75 9.2 8.25 2.75 9.15 8.25 3.0 9.15 8.25 3.0 9.2 8.25 3.25 9.15 8.25 3.25 9.1 8.25 3.5 9.1 8.25 3.75 9.1 8.25 3.75 9.05 8.25 4.0 9.05 8.25 4.0 9.1 8.25 4.25 9.05 8.25 4.25 9.0 8.25 4.5 9.0 8.25 4.5 9.05 8.25 4.75 9.0 8.25 5.0 9.0 8.25 5.0 8.95 8.25 5.25 8.95 8.25 5.25 9.0 8.25 5.5 8.95 8.25 5.75 8.95 8.25 6.0 8.95 8.25 6.25 8.95 8.25 6.5 8.95 8.25 6.75 8.95 8.25 7.0 8.95 8.25 7.0 9.0 8.25 7.25 9.0 8.25 7.25 8.95 8.25 7.5 9.0 8.25 7.5 9.05 8.25 7.75 9.05 8.25 7.75 9.0 8.25 7.75 9.1 8.25 8.0 9.1 8.25 8.0 9.05 8.25 8.25 9.1 8.25 8.25 9.05 8.25 8.25 9.15 8.25 8.5 9.15 8.25 8.5 9.1 8.25 8.75 9.15 8.25 8.75 9.2 8.25 9.0 9.2 8.25 9.0 9.15 8.25 9.25 9.2 8.25 9.5 9.2 8.25 9.75 9.2 8.25 10.0 9.2 8.25 10.25 9.2 8.25 10.0 9.15 8.25 10.25 9.15 8.25 10.5 9.15 8.25 10.75 9.15 8.25 10.5 9.1 8.25 10.75 9.1 8.25 11.0 9.1 8.25 11.25 9.1 8.25 11.5 9.1 8.25 11.75 9.1 8.25 12.0 9.1 8.5 0.0 9.4 8.5 0.25 9.4 8.5 0.5 9.4 8.5 0.75 9.4 8.5 1.0 9.4 8.5 1.25 9.4 8.5 1.25 9.35 8.5 1.5 9.35 8.5 1.75 9.35 8.5 1.75 9.3 8.5 2.0 9.3 8.5 2.25 9.3 8.5 2.25 9.25 8.5 2.5 9.25 8.5 2.5 9.2 8.5 2.75 9.2 8.5 3.0 9.2 8.5 3.0 9.15 8.5 3.25 9.15 8.5 3.25 9.1 8.5 3.5 9.1 8.5 3.5 9.15 8.5 3.75 9.1 8.5 4.0 9.1 8.5 4.0 9.05 8.5 4.25 9.05 8.5 4.5 9.05 8.5 4.5 9.0 8.5 4.75 9.0 8.5 4.75 9.05 8.5 5.0 9.0 8.5 5.25 9.0 8.5 5.25 8.95 8.5 5.5 8.95 8.5 5.5 9.0 8.5 5.75 8.95 8.5 6.0 8.95 8.5 6.25 8.95 8.5 6.5 8.95 8.5 6.25 8.9 8.5 6.5 8.9 8.5 6.75 8.95 8.5 6.75 8.9 8.5 7.0 8.95 8.5 7.25 8.95 8.5 7.25 9.0 8.5 7.5 9.0 8.5 7.5 8.95 8.5 7.75 9.0 8.5 7.75 9.05 8.5 8.0 9.05 8.5 8.0 9.0 8.5 8.25 9.05 8.5 8.25 9.1 8.5 8.5 9.1 8.5 8.5 9.05 8.5 8.5 9.15 8.5 8.75 9.15 8.5 8.75 9.1 8.5 9.0 9.15 8.5 9.0 9.1 8.5 9.0 9.2 8.5 9.25 9.2 8.5 9.25 9.15 8.5 9.5 9.2 8.5 9.5 9.15 8.5 9.75 9.2 8.5 9.75 9.15 8.5 10.0 9.2 8.5 10.0 9.15 8.5 10.25 9.15 8.5 10.0 9.1 8.5 10.25 9.1 8.5 10.5 9.15 8.5 10.5 9.1 8.5 10.75 9.1 8.5 11.0 9.1 8.5 10.75 9.05 8.5 11.0 9.05 8.5 11.25 9.1 8.5 11.25 9.05 8.5 11.5 9.1 8.5 11.5 9.05 8.5 11.75 9.1 8.5 11.75 9.05 8.5 12.0 9.1 8.5 12.0 9.05 8.75 0.0 9.4 8.75 0.25 9.4 8.75 0.0 9.35 8.75 0.25 9.35 8.75 0.5 9.4 8.75 0.5 9.35 8.75 0.75 9.4 8.75 0.75 9.35 8.75 1.0 9.4 8.75 1.0 9.35 8.75 1.25 9.4 8.75 1.25 9.35 8.75 1.5 9.35 8.75 1.75 9.35 8.75 1.5 9.3 8.75 1.75 9.3 8.75 2.0 9.3 8.75 2.25 9.3 8.75 2.0 9.25 8.75 2.25 9.25 8.75 2.5 9.25 8.75 2.5 9.2 8.75 2.75 9.2 8.75 3.0 9.2 8.75 3.0 9.15 8.75 3.25 9.15 8.75 3.5 9.15 8.75 3.5 9.1 8.75 3.75 9.1 8.75 4.0 9.1 8.75 4.0 9.05 8.75 4.25 9.05 8.75 4.25 9.1 8.75 4.5 9.05 8.75 4.75 9.05 8.75 4.75 9.0 8.75 5.0 9.0 8.75 5.0 9.05 8.75 5.25 9.0 8.75 5.5 9.0 8.75 5.5 8.95 8.75 5.75 8.95 8.75 6.0 8.95 8.75 6.25 8.95 8.75 6.25 8.9 8.75 6.5 8.9 8.75 6.75 8.9 8.75 6.75 8.95 8.75 7.0 8.95 8.75 7.0 8.9 8.75 7.25 8.95 8.75 7.25 8.9 8.75 7.5 8.95 8.75 7.5 9.0 8.75 7.75 9.0 8.75 7.75 8.95 8.75 8.0 9.0 8.75 8.0 8.95 8.75 8.0 9.05 8.75 8.25 9.05 8.75 8.25 9.0 8.75 8.5 9.05 8.75 8.5 9.0 8.75 8.5 9.1 8.75 8.75 9.1 8.75 8.75 9.05 8.75 9.0 9.1 8.75 9.0 9.05 8.75 9.0 9.15 8.75 9.25 9.15 8.75 9.25 9.1 8.75 9.5 9.15 8.75 9.5 9.1 8.75 9.75 9.15 8.75 9.75 9.1 8.75 10.0 9.15 8.75 10.0 9.1 8.75 10.25 9.1 8.75 10.0 9.05 8.75 10.25 9.05 8.75 10.5 9.1 8.75 10.5 9.05 8.75 10.75 9.1 8.75 10.75 9.05 8.75 11.0 9.05 8.75 10.75 9.0 8.75 11.0 9.0 8.75 11.25 9.05 8.75 11.25 9.0 8.75 11.5 9.05 8.75 11.5 9.0 8.75 11.75 9.05 8.75 11.75 9.0 8.75 12.0 9.05 8.75 12.0 9.0 9.0 0.0 9.35 9.0 0.25 9.35 9.0 0.0 9.3 9.0 0.25 9.3 9.0 0.5 9.35 9.0 0.5 9.3 9.0 0.75 9.35 9.0 0.75 9.3 9.0 1.0 9.35 9.0 1.0 9.3 9.0 1.25 9.35 9.0 1.25 9.3 9.0 1.5 9.35 9.0 1.5 9.3 9.0 1.75 9.3 9.0 2.0 9.3 9.0 1.75 9.25 9.0 2.0 9.25 9.0 2.25 9.25 9.0 2.5 9.25 9.0 2.25 9.2 9.0 2.5 9.2 9.0 2.75 9.2 9.0 3.0 9.2 9.0 2.75 9.15 9.0 3.0 9.15 9.0 3.25 9.15 9.0 3.5 9.15 9.0 3.5 9.1 9.0 3.75 9.1 9.0 4.0 9.1 9.0 4.25 9.1 9.0 4.25 9.05 9.0 4.5 9.05 9.0 4.5 9.1 9.0 4.75 9.05 9.0 4.75 9.1 9.0 5.0 9.05 9.0 5.0 9.0 9.0 5.25 9.0 9.0 5.25 9.05 9.0 5.5 9.0 9.0 5.5 8.95 9.0 5.75 8.95 9.0 5.75 9.0 9.0 6.0 8.95 9.0 6.25 8.95 9.0 6.25 8.9 9.0 6.5 8.9 9.0 6.75 8.9 9.0 7.0 8.9 9.0 7.25 8.9 9.0 7.25 8.95 9.0 7.5 8.95 9.0 7.5 8.9 9.0 7.75 8.95 9.0 7.75 8.9 9.0 8.0 8.95 9.0 8.0 9.0 9.0 8.25 9.0 9.0 8.25 8.95 9.0 8.5 9.0 9.0 8.5 9.05 9.0 8.75 9.05 9.0 8.75 9.0 9.0 9.0 9.05 9.0 9.0 9.0 9.0 9.0 9.1 9.0 9.25 9.1 9.0 9.25 9.05 9.0 9.5 9.1 9.0 9.5 9.05 9.0 9.75 9.1 9.0 9.75 9.05 9.0 10.0 9.1 9.0 9.75 9.0 9.0 10.0 9.0 9.0 10.0 9.05 9.0 10.25 9.05 9.0 10.25 9.0 9.0 10.5 9.05 9.0 10.5 9.0 9.0 10.75 9.05 9.0 10.75 9.0 9.0 11.0 9.0 9.0 10.75 8.95 9.0 11.0 8.95 9.0 11.25 9.0 9.0 11.25 8.95 9.0 11.5 9.0 9.0 11.5 8.95 9.0 11.75 9.0 9.0 11.75 8.95 9.0 12.0 9.0 9.0 12.0 8.95 9.25 0.0 9.3 9.25 0.25 9.3 9.25 0.0 9.25 9.25 0.25 9.25 9.25 0.5 9.3 9.25 0.5 9.25 9.25 0.75 9.3 9.25 0.75 9.25 9.25 1.0 9.3 9.25 1.0 9.25 9.25 1.25 9.3 9.25 1.25 9.25 9.25 1.5 9.3 9.25 1.5 9.25 9.25 1.75 9.3 9.25 1.75 9.25 9.25 2.0 9.25 9.25 2.25 9.25 9.25 2.0 9.2 9.25 2.25 9.2 9.25 2.5 9.2 9.25 2.75 9.2 9.25 2.5 9.15 9.25 2.75 9.15 9.25 3.0 9.15 9.25 3.25 9.15 9.25 3.5 9.15 9.25 3.5 9.1 9.25 3.75 9.1 9.25 3.75 9.15 9.25 4.0 9.1 9.25 4.25 9.1 9.25 4.5 9.1 9.25 4.75 9.1 9.25 4.75 9.05 9.25 5.0 9.05 9.25 5.0 9.1 9.25 5.25 9.05 9.25 5.25 9.0 9.25 5.5 9.0 9.25 5.5 9.05 9.25 5.75 9.0 9.25 5.75 8.95 9.25 6.0 8.95 9.25 6.25 8.95 9.25 6.25 8.9 9.25 6.5 8.9 9.25 6.75 8.9 9.25 7.0 8.9 9.25 7.25 8.9 9.25 7.5 8.9 9.25 7.75 8.9 9.25 7.75 8.95 9.25 8.0 8.95 9.25 8.0 8.9 9.25 8.25 8.95 9.25 8.25 9.0 9.25 8.5 9.0 9.25 8.5 8.95 9.25 8.75 9.0 9.25 8.75 8.95 9.25 9.0 9.0 9.25 9.0 8.95 9.25 9.0 9.05 9.25 9.25 9.05 9.25 9.25 9.0 9.25 9.5 9.05 9.25 9.5 9.0 9.25 9.75 9.05 9.25 9.5 8.95 9.25 9.75 8.95 9.25 9.75 9.0 9.25 10.0 9.0 9.25 10.0 8.95 9.25 10.25 9.0 9.25 10.25 8.95 9.25 10.5 9.0 9.25 10.5 8.95 9.25 10.75 9.0 9.25 10.75 8.95 9.25 11.0 8.95 9.25 10.75 8.9 9.25 11.0 8.9 9.25 11.25 8.95 9.25 11.25 8.9 9.25 11.5 8.95 9.25 11.5 8.9 9.25 11.75 8.95 9.25 11.75 8.9 9.25 12.0 8.95 9.25 12.0 8.9 9.5 0.0 9.25 9.5 0.25 9.25 9.5 0.0 9.2 9.5 0.25 9.2 9.5 0.5 9.25 9.5 0.5 9.2 9.5 0.75 9.25 9.5 0.75 9.2 9.5 1.0 9.25 9.5 1.0 9.2 9.5 1.25 9.25 9.5 1.25 9.2 9.5 1.5 9.25 9.5 1.5 9.2 9.5 1.75 9.25 9.5 1.75 9.2 9.5 2.0 9.25 9.5 2.0 9.2 9.5 2.25 9.2 9.5 2.5 9.2 9.5 2.25 9.15 9.5 2.5 9.15 9.5 2.75 9.15 9.5 3.0 9.15 9.5 3.25 9.15 9.5 3.5 9.15 9.5 3.75 9.15 9.5 3.75 9.1 9.5 4.0 9.1 9.5 4.0 9.15 9.5 4.25 9.1 9.5 4.25 9.15 9.5 4.5 9.1 9.5 4.75 9.1 9.5 5.0 9.1 9.5 5.0 9.05 9.5 5.25 9.05 9.5 5.5 9.05 9.5 5.5 9.0 9.5 5.75 9.0 9.5 5.75 8.95 9.5 6.0 8.95 9.5 6.0 9.0 9.5 6.25 8.95 9.5 6.25 8.9 9.5 6.5 8.9 9.5 6.75 8.9 9.5 7.0 8.9 9.5 7.25 8.9 9.5 7.0 8.85 9.5 7.25 8.85 9.5 7.5 8.9 9.5 7.5 8.85 9.5 7.75 8.9 9.5 8.0 8.9 9.5 8.0 8.95 9.5 8.25 8.95 9.5 8.25 8.9 9.5 8.5 8.95 9.5 8.5 8.9 9.5 8.75 8.95 9.5 8.75 8.9 9.5 9.0 8.95 9.5 9.0 9.0 9.5 9.25 9.0 9.5 9.25 8.95 9.5 9.5 9.0 9.5 9.5 8.95 9.5 9.75 8.95 9.5 9.5 8.9 9.5 9.75 8.9 9.5 10.0 8.95 9.5 10.0 8.9 9.5 10.25 8.95 9.5 10.25 8.9 9.5 10.5 8.95 9.5 10.5 8.9 9.5 10.75 8.95 9.5 10.75 8.9 9.5 11.0 8.9 9.5 10.75 8.85 9.5 11.0 8.85 9.5 11.25 8.9 9.5 11.25 8.85 9.5 11.5 8.9 9.5 11.5 8.85 9.5 11.75 8.9 9.5 11.75 8.85 9.5 12.0 8.9 9.5 12.0 8.85 9.75 0.0 9.2 9.75 0.25 9.2 9.75 0.0 9.15 9.75 0.25 9.15 9.75 0.5 9.2 9.75 0.5 9.15 9.75 0.75 9.2 9.75 0.75 9.15 9.75 1.0 9.2 9.75 1.0 9.15 9.75 1.25 9.2 9.75 1.25 9.15 9.75 1.5 9.2 9.75 1.5 9.15 9.75 1.75 9.2 9.75 1.75 9.15 9.75 2.0 9.2 9.75 2.0 9.15 9.75 2.25 9.2 9.75 2.25 9.15 9.75 2.5 9.15 9.75 2.75 9.15 9.75 3.0 9.15 9.75 3.25 9.15 9.75 3.5 9.15 9.75 3.75 9.15 9.75 4.0 9.15 9.75 4.25 9.15 9.75 4.25 9.1 9.75 4.5 9.1 9.75 4.5 9.15 9.75 4.75 9.1 9.75 4.75 9.15 9.75 5.0 9.1 9.75 5.0 9.05 9.75 5.25 9.05 9.75 5.25 9.1 9.75 5.5 9.05 9.75 5.5 9.0 9.75 5.75 9.0 9.75 6.0 9.0 9.75 6.0 8.95 9.75 6.25 8.95 9.75 6.25 8.9 9.75 6.5 8.9 9.75 6.75 8.9 9.75 7.0 8.9 9.75 6.75 8.85 9.75 7.0 8.85 9.75 7.25 8.85 9.75 7.5 8.85 9.75 7.5 8.9 9.75 7.75 8.9 9.75 7.75 8.85 9.75 8.0 8.9 9.75 8.0 8.85 9.75 8.25 8.9 9.75 8.25 8.85 9.75 8.5 8.9 9.75 8.75 8.9 9.75 8.75 8.95 9.75 9.0 8.95 9.75 9.0 8.9 9.75 9.25 8.95 9.75 9.25 8.9 9.75 9.5 8.95 9.75 9.5 8.9 9.75 9.75 8.9 9.75 10.0 8.9 9.75 10.25 8.9 9.75 10.0 8.85 9.75 10.25 8.85 9.75 10.5 8.9 9.75 10.5 8.85 9.75 10.75 8.9 9.75 10.75 8.85 9.75 11.0 8.85 9.75 11.25 8.85 9.75 11.5 8.85 9.75 11.75 8.85 9.75 12.0 8.85 10.0 0.0 9.15 10.0 0.25 9.15 10.0 0.0 9.1 10.0 0.25 9.1 10.0 0.5 9.15 10.0 0.5 9.1 10.0 0.75 9.15 10.0 0.75 9.1 10.0 1.0 9.15 10.0 1.0 9.1 10.0 1.25 9.15 10.0 1.25 9.1 10.0 1.5 9.15 10.0 1.75 9.15 10.0 2.0 9.15 10.0 2.25 9.15 10.0 2.5 9.15 10.0 2.75 9.15 10.0 3.0 9.15 10.0 3.25 9.15 10.0 3.5 9.15 10.0 3.75 9.15 10.0 4.0 9.15 10.0 4.25 9.15 10.0 4.5 9.15 10.0 4.75 9.15 10.0 4.75 9.1 10.0 5.0 9.1 10.0 5.25 9.1 10.0 5.25 9.05 10.0 5.5 9.05 10.0 5.5 9.0 10.0 5.75 9.0 10.0 6.0 9.0 10.0 6.0 8.95 10.0 6.25 8.95 10.0 6.25 8.9 10.0 6.5 8.9 10.0 6.75 8.9 10.0 6.75 8.85 10.0 7.0 8.85 10.0 7.25 8.85 10.0 7.5 8.85 10.0 7.75 8.85 10.0 8.0 8.85 10.0 8.25 8.85 10.0 8.25 8.9 10.0 8.5 8.9 10.0 8.5 8.85 10.0 8.75 8.9 10.0 8.75 8.85 10.0 9.0 8.9 10.0 9.0 8.85 10.0 9.25 8.9 10.0 9.25 8.85 10.0 9.5 8.9 10.0 9.5 8.85 10.0 9.75 8.9 10.0 9.75 8.85 10.0 10.0 8.9 10.0 10.0 8.85 10.0 10.25 8.85 10.0 10.5 8.85 10.0 10.75 8.85 10.0 11.0 8.85 10.0 10.75 8.8 10.0 11.0 8.8 10.0 11.25 8.85 10.0 11.25 8.8 10.0 11.5 8.85 10.0 11.5 8.8 10.0 11.75 8.85 10.0 11.75 8.8 10.0 12.0 8.85 10.0 12.0 8.8 10.25 0.0 9.1 10.25 0.25 9.1 10.25 0.5 9.1 10.25 0.75 9.1 10.25 1.0 9.1 10.25 1.25 9.1 10.25 1.25 9.15 10.25 1.5 9.15 10.25 1.5 9.1 10.25 1.75 9.15 10.25 1.75 9.1 10.25 2.0 9.15 10.25 2.0 9.1 10.25 2.25 9.15 10.25 2.25 9.1 10.25 2.5 9.15 10.25 2.75 9.15 10.25 3.0 9.15 10.25 3.25 9.15 10.25 3.5 9.15 10.25 3.75 9.15 10.25 4.0 9.15 10.25 4.25 9.15 10.25 4.5 9.15 10.25 4.75 9.15 10.25 4.75 9.1 10.25 5.0 9.1 10.25 5.0 9.15 10.25 5.25 9.1 10.25 5.25 9.05 10.25 5.5 9.05 10.25 5.5 9.0 10.25 5.75 9.0 10.25 6.0 9.0 10.25 6.0 8.95 10.25 6.25 8.95 10.25 6.25 8.9 10.25 6.5 8.9 10.25 6.75 8.9 10.25 6.5 8.85 10.25 6.75 8.85 10.25 7.0 8.85 10.25 7.25 8.85 10.25 7.0 8.8 10.25 7.25 8.8 10.25 7.5 8.85 10.25 7.5 8.8 10.25 7.75 8.85 10.25 7.75 8.8 10.25 8.0 8.85 10.25 8.0 8.8 10.25 8.25 8.85 10.25 8.25 8.8 10.25 8.5 8.85 10.25 8.5 8.8 10.25 8.75 8.85 10.25 9.0 8.85 10.25 9.25 8.85 10.25 9.5 8.85 10.25 9.75 8.85 10.25 10.0 8.85 10.25 10.25 8.85 10.25 10.5 8.85 10.25 10.75 8.85 10.25 10.75 8.8 10.25 11.0 8.8 10.25 11.0 8.85 10.25 11.25 8.8 10.25 11.25 8.85 10.25 11.5 8.8 10.25 11.5 8.85 10.25 11.75 8.8 10.25 11.75 8.85 10.25 12.0 8.8 10.25 12.0 8.85 10.5 0.0 9.1 10.5 0.25 9.1 10.5 0.0 9.05 10.5 0.25 9.05 10.5 0.5 9.1 10.5 0.5 9.05 10.5 0.75 9.1 10.5 0.75 9.05 10.5 1.0 9.1 10.5 1.0 9.05 10.5 1.25 9.1 10.5 1.25 9.05 10.5 1.5 9.1 10.5 1.5 9.05 10.5 1.75 9.1 10.5 2.0 9.1 10.5 2.25 9.1 10.5 2.25 9.15 10.5 2.5 9.15 10.5 2.5 9.1 10.5 2.75 9.15 10.5 3.0 9.15 10.5 3.25 9.15 10.5 3.5 9.15 10.5 3.75 9.15 10.5 3.5 9.2 10.5 3.75 9.2 10.5 4.0 9.15 10.5 4.0 9.2 10.5 4.25 9.15 10.5 4.25 9.2 10.5 4.5 9.15 10.5 4.5 9.2 10.5 4.75 9.15 10.5 5.0 9.15 10.5 5.0 9.1 10.5 5.25 9.1 10.5 5.25 9.05 10.5 5.5 9.05 10.5 5.5 9.0 10.5 5.75 9.0 10.5 6.0 9.0 10.5 5.75 8.95 10.5 6.0 8.95 10.5 6.25 8.95 10.5 6.0 8.9 10.5 6.25 8.9 10.5 6.5 8.9 10.5 6.25 8.85 10.5 6.5 8.85 10.5 6.75 8.85 10.5 7.0 8.85 10.5 6.75 8.8 10.5 7.0 8.8 10.5 7.25 8.8 10.5 7.5 8.8 10.5 7.75 8.8 10.5 7.5 8.75 10.5 7.75 8.75 10.5 8.0 8.8 10.5 8.0 8.75 10.5 8.25 8.8 10.5 8.5 8.8 10.5 8.5 8.85 10.5 8.75 8.85 10.5 8.75 8.8 10.5 9.0 8.85 10.5 9.0 8.8 10.5 9.25 8.85 10.5 9.25 8.8 10.5 9.5 8.85 10.5 9.5 8.8 10.5 9.75 8.85 10.5 10.0 8.85 10.5 10.25 8.85 10.5 10.5 8.85 10.5 10.75 8.85 10.5 11.0 8.85 10.5 11.25 8.85 10.5 11.5 8.85 10.5 11.75 8.85 10.5 12.0 8.85 10.75 0.0 9.05 10.75 0.25 9.05 10.75 0.0 9.0 10.75 0.25 9.0 10.75 0.5 9.05 10.75 0.5 9.0 10.75 0.75 9.05 10.75 0.75 9.0 10.75 1.0 9.05 10.75 1.0 9.0 10.75 1.25 9.05 10.75 1.5 9.05 10.75 1.5 9.1 10.75 1.75 9.1 10.75 1.75 9.05 10.75 2.0 9.1 10.75 2.25 9.1 10.75 2.5 9.1 10.75 2.25 9.15 10.75 2.5 9.15 10.75 2.75 9.15 10.75 3.0 9.15 10.75 3.25 9.15 10.75 3.0 9.2 10.75 3.25 9.2 10.75 3.5 9.15 10.75 3.5 9.2 10.75 3.75 9.2 10.75 4.0 9.2 10.75 4.25 9.2 10.75 4.5 9.2 10.75 4.5 9.15 10.75 4.75 9.15 10.75 5.0 9.15 10.75 5.0 9.1 10.75 5.25 9.1 10.75 5.25 9.05 10.75 5.5 9.05 10.75 5.5 9.0 10.75 5.75 9.0 10.75 5.75 8.95 10.75 6.0 8.95 10.75 6.0 8.9 10.75 6.25 8.9 10.75 6.25 8.85 10.75 6.5 8.85 10.75 6.75 8.85 10.75 6.5 8.8 10.75 6.75 8.8 10.75 7.0 8.8 10.75 7.25 8.8 10.75 7.0 8.75 10.75 7.25 8.75 10.75 7.5 8.8 10.75 7.5 8.75 10.75 7.75 8.75 10.75 8.0 8.75 10.75 8.0 8.8 10.75 8.25 8.8 10.75 8.25 8.75 10.75 8.5 8.8 10.75 8.5 8.75 10.75 8.75 8.8 10.75 8.75 8.75 10.75 9.0 8.8 10.75 9.25 8.8 10.75 9.5 8.8 10.75 9.5 8.85 10.75 9.75 8.85 10.75 10.0 8.85 10.75 10.25 8.85 10.75 10.5 8.85 10.75 10.75 8.85 10.75 11.0 8.85 10.75 10.75 8.9 10.75 11.0 8.9 10.75 11.25 8.85 10.75 11.25 8.9 10.75 11.5 8.85 10.75 11.5 8.9 10.75 11.75 8.85 10.75 11.75 8.9 10.75 12.0 8.85 10.75 12.0 8.9 11.0 0.0 9.0 11.0 0.25 9.0 11.0 0.5 9.0 11.0 0.75 9.0 11.0 1.0 9.0 11.0 1.0 9.05 11.0 1.25 9.05 11.0 1.25 9.0 11.0 1.5 9.05 11.0 1.75 9.05 11.0 1.75 9.1 11.0 2.0 9.1 11.0 2.25 9.1 11.0 2.25 9.15 11.0 2.5 9.15 11.0 2.75 9.15 11.0 3.0 9.15 11.0 3.0 9.2 11.0 3.25 9.2 11.0 3.5 9.2 11.0 3.75 9.2 11.0 4.0 9.2 11.0 4.25 9.2 11.0 4.5 9.2 11.0 4.5 9.15 11.0 4.75 9.15 11.0 5.0 9.15 11.0 5.0 9.1 11.0 5.25 9.1 11.0 5.25 9.05 11.0 5.5 9.05 11.0 5.5 9.0 11.0 5.75 9.0 11.0 5.75 8.95 11.0 6.0 8.95 11.0 6.0 8.9 11.0 6.25 8.9 11.0 6.25 8.85 11.0 6.5 8.85 11.0 6.5 8.8 11.0 6.75 8.8 11.0 7.0 8.8 11.0 6.75 8.75 11.0 7.0 8.75 11.0 7.25 8.75 11.0 7.5 8.75 11.0 7.75 8.75 11.0 7.5 8.7 11.0 7.75 8.7 11.0 8.0 8.75 11.0 8.25 8.75 11.0 8.5 8.75 11.0 8.75 8.75 11.0 8.75 8.8 11.0 9.0 8.8 11.0 9.25 8.8 11.0 9.5 8.8 11.0 9.5 8.85 11.0 9.75 8.85 11.0 10.0 8.85 11.0 10.25 8.85 11.0 10.5 8.85 11.0 10.75 8.85 11.0 10.5 8.9 11.0 10.75 8.9 11.0 11.0 8.9 11.0 11.25 8.9 11.0 11.5 8.9 11.0 11.75 8.9 11.0 12.0 8.9 11.25 0.0 9.0 11.25 0.25 9.0 11.25 0.5 9.0 11.25 0.75 9.0 11.25 1.0 9.0 11.25 1.25 9.0 11.25 1.25 9.05 11.25 1.5 9.05 11.25 1.75 9.05 11.25 1.75 9.1 11.25 2.0 9.1 11.25 2.25 9.1 11.25 2.25 9.15 11.25 2.5 9.15 11.25 2.75 9.15 11.25 3.0 9.15 11.25 3.0 9.2 11.25 3.25 9.2 11.25 3.5 9.2 11.25 3.75 9.2 11.25 4.0 9.2 11.25 4.25 9.2 11.25 4.5 9.2 11.25 4.5 9.15 11.25 4.75 9.15 11.25 5.0 9.15 11.25 5.0 9.1 11.25 5.25 9.1 11.25 5.25 9.05 11.25 5.5 9.05 11.25 5.5 9.0 11.25 5.75 9.0 11.25 5.75 8.95 11.25 6.0 8.95 11.25 6.0 8.9 11.25 6.25 8.9 11.25 6.25 8.85 11.25 6.5 8.85 11.25 6.5 8.8 11.25 6.75 8.8 11.25 6.75 8.75 11.25 7.0 8.75 11.25 7.25 8.75 11.25 7.5 8.75 11.25 7.5 8.7 11.25 7.75 8.7 11.25 7.75 8.75 11.25 8.0 8.75 11.25 8.25 8.75 11.25 8.5 8.75 11.25 8.75 8.75 11.25 8.75 8.8 11.25 9.0 8.8 11.25 9.25 8.8 11.25 9.5 8.8 11.25 9.5 8.85 11.25 9.75 8.85 11.25 10.0 8.85 11.25 10.25 8.85 11.25 10.5 8.85 11.25 10.5 8.9 11.25 10.75 8.9 11.25 11.0 8.9 11.25 11.25 8.9 11.25 11.5 8.9 11.25 11.75 8.9 11.25 12.0 8.9 11.5 0.0 9.0 11.5 0.25 9.0 11.5 0.5 9.0 11.5 0.75 9.0 11.5 1.0 9.0 11.5 1.25 9.0 11.5 1.25 9.05 11.5 1.5 9.05 11.5 1.75 9.05 11.5 1.75 9.1 11.5 2.0 9.1 11.5 2.25 9.1 11.5 2.25 9.15 11.5 2.5 9.15 11.5 2.75 9.15 11.5 3.0 9.15 11.5 3.0 9.2 11.5 3.25 9.2 11.5 3.5 9.2 11.5 3.75 9.2 11.5 4.0 9.2 11.5 4.25 9.2 11.5 4.5 9.2 11.5 4.5 9.15 11.5 4.75 9.15 11.5 5.0 9.15 11.5 5.0 9.1 11.5 5.25 9.1 11.5 5.25 9.05 11.5 5.5 9.05 11.5 5.5 9.0 11.5 5.75 9.0 11.5 5.75 8.95 11.5 6.0 8.95 11.5 6.0 8.9 11.5 6.25 8.9 11.5 6.25 8.85 11.5 6.5 8.85 11.5 6.5 8.8 11.5 6.75 8.8 11.5 6.75 8.75 11.5 7.0 8.75 11.5 7.25 8.75 11.5 7.5 8.75 11.5 7.5 8.7 11.5 7.75 8.7 11.5 7.75 8.75 11.5 8.0 8.75 11.5 8.25 8.75 11.5 8.5 8.75 11.5 8.75 8.75 11.5 8.75 8.8 11.5 9.0 8.8 11.5 9.25 8.8 11.5 9.5 8.8 11.5 9.5 8.85 11.5 9.75 8.85 11.5 10.0 8.85 11.5 10.25 8.85 11.5 10.5 8.85 11.5 10.5 8.9 11.5 10.75 8.9 11.5 11.0 8.9 11.5 11.25 8.9 11.5 11.5 8.9 11.5 11.75 8.9 11.5 12.0 8.9 11.75 0.0 9.0 11.75 0.25 9.0 11.75 0.5 9.0 11.75 0.75 9.0 11.75 1.0 9.0 11.75 1.25 9.0 11.75 1.25 9.05 11.75 1.5 9.05 11.75 1.75 9.05 11.75 1.75 9.1 11.75 2.0 9.1 11.75 2.25 9.1 11.75 2.25 9.15 11.75 2.5 9.15 11.75 2.75 9.15 11.75 3.0 9.15 11.75 3.0 9.2 11.75 3.25 9.2 11.75 3.5 9.2 11.75 3.75 9.2 11.75 4.0 9.2 11.75 4.25 9.2 11.75 4.5 9.2 11.75 4.5 9.15 11.75 4.75 9.15 11.75 5.0 9.15 11.75 5.0 9.1 11.75 5.25 9.1 11.75 5.25 9.05 11.75 5.5 9.05 11.75 5.5 9.0 11.75 5.75 9.0 11.75 5.75 8.95 11.75 6.0 8.95 11.75 6.0 8.9 11.75 6.25 8.9 11.75 6.25 8.85 11.75 6.5 8.85 11.75 6.5 8.8 11.75 6.75 8.8 11.75 6.75 8.75 11.75 7.0 8.75 11.75 7.25 8.75 11.75 7.5 8.75 11.75 7.5 8.7 11.75 7.75 8.7 11.75 7.75 8.75 11.75 8.0 8.75 11.75 8.25 8.75 11.75 8.5 8.75 11.75 8.75 8.75 11.75 8.75 8.8 11.75 9.0 8.8 11.75 9.25 8.8 11.75 9.5 8.8 11.75 9.5 8.85 11.75 9.75 8.85 11.75 10.0 8.85 11.75 10.25 8.85 11.75 10.5 8.85 11.75 10.5 8.9 11.75 10.75 8.9 11.75 11.0 8.9 11.75 11.25 8.9 11.75 11.5 8.9 11.75 11.75 8.9 11.75 12.0 8.9 12.0 0.0 9.0 12.0 0.25 9.0 12.0 0.5 9.0 12.0 0.75 9.0 12.0 1.0 9.0 12.0 1.25 9.0 12.0 1.25 9.05 12.0 1.5 9.05 12.0 1.75 9.05 12.0 1.75 9.1 12.0 2.0 9.1 12.0 2.25 9.1 12.0 2.25 9.15 12.0 2.5 9.15 12.0 2.75 9.15 12.0 3.0 9.15 12.0 3.0 9.2 12.0 3.25 9.2 12.0 3.5 9.2 12.0 3.75 9.2 12.0 4.0 9.2 12.0 4.25 9.2 12.0 4.5 9.2 12.0 4.5 9.15 12.0 4.75 9.15 12.0 5.0 9.15 12.0 5.0 9.1 12.0 5.25 9.1 12.0 5.25 9.05 12.0 5.5 9.05 12.0 5.5 9.0 12.0 5.75 9.0 12.0 5.75 8.95 12.0 6.0 8.95 12.0 6.0 8.9 12.0 6.25 8.9 12.0 6.25 8.85 12.0 6.5 8.85 12.0 6.5 8.8 12.0 6.75 8.8 12.0 6.75 8.75 12.0 7.0 8.75 12.0 7.25 8.75 12.0 7.5 8.75 12.0 7.5 8.7 12.0 7.75 8.7 12.0 7.75 8.75 12.0 8.0 8.75 12.0 8.25 8.75 12.0 8.5 8.75 12.0 8.75 8.75 12.0 8.75 8.8 12.0 9.0 8.8 12.0 9.25 8.8 12.0 9.5 8.8 12.0 9.5 8.85 12.0 9.75 8.85 12.0 10.0 8.85 12.0 10.25 8.85 12.0 10.5 8.85 12.0 10.5 8.9 12.0 10.75 8.9 12.0 11.0 8.9 12.0 11.25 8.9 12.0 11.5 8.9 12.0 11.75 8.9 12.0 12.0 8.9</DataArray></Points><Polys><DataArray type="Int32" Name="connectivity" NumberOfComponents="1" format="ascii">0 1 2 0 2 3 3 2 4 3 4 5 5 4 6 5 6 7 7 6 8 7 8 9 9 8 10 9 10 11 12 11 10 12 10 13 12 13 14 12 14 15 15 14 16 15 16 17 18 17 16 18 16 19 18 19 20 18 20 21 21 20 22 21 22 23 23 22 24 23 24 25 25 24 26 25 26 27 27 26 28 27 28 29 29 28 30 29 30 31 31 30 32 31 32 33 32 34 35 32 35 33 35 34 36 35 36 37 36 38 39 36 39 37 39 38 40 39 40 41 40 42 43 40 43 41 43 42 44 43 44 45 44 46 47 44 47 45 47 46 48 47 48 49 49 48 50 49 50 51 50 52 53 50 53 51 53 52 54 53 54 55 55 54 56 55 56 57 56 58 59 56 59 57 59 58 60 59 60 61 61 60 62 61 62 63 63 62 64 63 64 65 65 64 66 65 66 67 67 66 68 67 68 69 70 69 68 70 68 71 70 71 72 70 72 73 73 72 74 73 74 75 76 75 74 76 74 77 76 77 78 76 78 79 79 78 80 79 80 81 82 81 80 82 80 83 82 83 84 82 84 85 85 84 86 85 86 87 88 87 86 88 86 89 88 89 90 88 90 91 92 91 90 92 90 93 92 93 94 92 94 95 95 94 96 95 96 97 98 97 96 98 96 99 98 99 100 98 100 101 101 100 102 101 102 103 103 102 104 103 104 105 105 104 106 105 106 107 106 108 109 106 109 107 109 108 110 109 110 111 111 110 112 111 112 113 112 114 115 112 115 113 115 114 116 115 116 117 117 116 118 117 118 119 118 120 121 118 121 119 121 120 122 121 122 123 123 122 124 123 124 125 125 124 126 125 126 127 127 126 128 127 128 129 129 128 130 129 130 131 1 132 133 1 133 2 2 133 134 2 134 4 4 134 135 4 135 6 6 135 136 6 136 8 8 136 137 8 137 10 13 10 137 13 137 138 13 138 139 13 139 14 14 139 140 14 140 16 19 16 140 19 140 141 19 141 142 19 142 20 20 142 143 20 143 22 22 143 144 22 144 24 24 144 145 24 145 26 26 145 146 26 146 28 28 146 147 28 147 30 30 147 148 30 148 32 148 149 34 148 34 32 34 149 150 34 150 36 150 151 38 150 38 36 38 151 152 38 152 40 152 153 42 152 42 40 42 153 154 42 154 44 154 155 46 154 46 44 46 155 156 46 156 48 48 156 157 48 157 50 157 158 52 157 52 50 52 158 159 52 159 54 54 159 160 54 160 56 160 161 58 160 58 56 58 161 162 58 162 60 60 162 163 60 163 62 62 163 164 62 164 64 64 164 165 64 165 66 66 165 166 66 166 68 71 68 166 71 166 167 71 167 168 71 168 72 72 168 169 72 169 74 77 74 169 77 169 170 77 170 171 77 171 78 78 171 172 78 172 80 83 80 172 83 172 173 83 173 174 83 174 84 84 174 175 84 175 86 89 86 175 89 175 176 89 176 177 89 177 90 93 90 177 93 177 178 93 178 179 93 179 94 94 179 180 94 180 96 99 96 180 99 180 181 99 181 182 99 182 100 100 182 183 100 183 102 102 183 184 102 184 104 104 184 185 104 185 106 185 186 108 185 108 106 108 186 187 108 187 110 110 187 188 110 188 112 188 189 114 188 114 112 114 189 190 114 190 116 116 190 191 116 191 118 191 192 120 191 120 118 120 192 193 120 193 122 122 193 194 122 194 124 124 194 195 124 195 126 126 195 196 126 196 128 128 196 197 128 197 130 132 198 199 132 199 133 133 199 200 133 200 134 134 200 201 134 201 135 135 201 202 135 202 136 136 202 203 136 203 137 138 137 203 138 203 204 138 204 205 138 205 139 139 205 206 139 206 140 141 140 206 141 206 207 141 207 208 141 208 142 142 208 209 142 209 143 143 209 210 143 210 144 144 210 211 144 211 145 145 211 212 145 212 146 146 212 213 146 213 147 147 213 214 147 214 148 214 215 149 214 149 148 149 215 216 149 216 150 216 217 151 216 151 150 151 217 218 151 218 152 218 219 153 218 153 152 153 219 220 153 220 154 220 221 155 220 155 154 155 221 222 155 222 156 156 222 223 156 223 157 223 224 158 223 158 157 158 224 225 158 225 159 159 225 226 159 226 160 226 227 161 226 161 160 161 227 228 161 228 162 162 228 229 162 229 163 163 229 230 163 230 164 164 230 231 164 231 165 165 231 232 165 232 166 167 166 232 167 232 233 167 233 234 167 234 168 168 234 235 168 235 169 170 169 235 170 235 236 170 236 237 170 237 171 171 237 238 171 238 172 173 172 238 173 238 239 173 239 240 173 240 174 174 240 241 174 241 175 176 175 241 176 241 242 176 242 243 176 243 177 178 177 243 178 243 244 178 244 245 178 245 179 179 245 246 179 246 180 181 180 246 181 246 247 181 247 248 181 248 182 182 248 249 182 249 183 183 249 250 183 250 184 184 250 251 184 251 185 251 252 186 251 186 185 186 252 253 186 253 187 187 253 254 187 254 188 254 255 189 254 189 188 189 255 256 189 256 190 190 256 257 190 257 191 257 258 192 257 192 191 192 258 259 192 259 193 193 259 260 193 260 194 194 260 261 194 261 195 195 261 262 195 262 196 196 262 263 196 263 197 198 264 265 198 265 199 199 265 266 199 266 200 200 266 267 200 267 201 201 267 268 201 268 202 202 268 269 202 269 203 204 203 269 204 269 270 204 270 271 204 271 205 205 271 272 205 272 206 207 206 272 207 272 273 207 273 274 207 274 208 208 274 275 208 275 209 209 275 276 209 276 210 210 276 277 210 277 211 211 277 278 211 278 212 212 278 279 212 279 213 213 279 280 213 280 214 281 282 280 281 280 279 280 282 215 280 215 214 215 282 283 215 283 216 283 284 217 283 217 216 217 284 285 217 285 218 285 286 219 285 219 218 219 286 287 219 287 220 287 288 221 287 221 220 221 288 289 221 289 222 222 289 290 222 290 223 291 292 290 291 290 289 290 292 224 290 224 223 224 292 293 224 293 225 225 293 294 225 294 226 295 296 294 295 294 293 294 296 227 294 227 226 227 296 297 227 297 228 228 297 298 228 298 229 229 298 299 229 299 230 230 299 300 230 300 231 231 300 301 231 301 232 233 232 301 233 301 302 233 302 303 233 303 234 234 303 304 234 304 235 236 235 304 236 304 305 236 305 306 236 306 237 237 306 307 237 307 238 239 238 307 239 307 308 239 308 309 239 309 240 240 309 310 240 310 241 242 241 310 242 310 311 242 311 312 242 312 243 244 243 312 244 312 313 244 313 314 244 314 245 312 315 314 312 314 313 245 314 316 245 316 246 247 246 316 247 316 317 247 317 318 247 318 248 316 319 318 316 318 317 248 318 320 248 320 249 249 320 321 249 321 250 250 321 322 250 322 251 323 324 322 323 322 321 322 324 252 322 252 251 252 324 325 252 325 253 253 325 326 253 326 254 326 327 255 326 255 254 255 327 328 255 328 256 256 328 329 256 329 257 330 331 329 330 329 328 329 331 258 329 258 257 258 331 332 258 332 259 259 332 333 259 333 260 334 335 333 334 333 332 260 333 336 260 336 261 335 337 336 335 336 333 261 336 338 261 338 262 337 339 338 337 338 336 262 338 340 262 340 263 339 341 340 339 340 338 264 342 343 264 343 265 344 345 343 344 343 342 265 343 346 265 346 266 345 347 346 345 346 343 266 346 348 266 348 267 347 349 348 347 348 346 267 348 350 267 350 268 349 351 350 349 350 348 268 350 352 268 352 269 351 353 352 351 352 350 270 269 352 270 352 353 270 353 354 270 354 271 271 354 355 271 355 272 356 357 355 356 355 354 273 272 355 273 355 357 273 357 358 273 358 274 274 358 359 274 359 275 275 359 360 275 360 276 361 362 360 361 360 359 276 360 363 276 363 277 362 364 363 362 363 360 277 363 365 277 365 278 278 365 366 278 366 279 366 367 281 366 281 279 281 367 368 281 368 282 282 368 369 282 369 283 370 371 369 370 369 368 369 371 284 369 284 283 284 371 372 284 372 285 373 374 372 373 372 371 372 374 286 372 286 285 286 374 375 286 375 287 375 376 288 375 288 287 288 376 377 288 377 289 377 378 291 377 291 289 291 378 379 291 379 292 292 379 380 292 380 293 381 382 380 381 380 379 380 382 295 380 295 293 295 382 383 295 383 296 296 383 384 296 384 297 385 386 384 385 384 383 297 384 387 297 387 298 386 388 387 386 387 384 298 387 389 298 389 299 388 390 389 388 389 387 299 389 391 299 391 300 390 392 391 390 391 389 300 391 393 300 393 301 302 301 393 302 393 394 302 394 395 302 395 303 393 396 395 393 395 394 303 395 397 303 397 304 396 398 397 396 397 395 305 304 397 305 397 399 305 399 400 305 400 306 397 401 400 397 400 399 306 400 402 306 402 307 308 307 402 308 402 403 308 403 404 308 404 309 402 405 404 402 404 403 309 404 406 309 406 310 311 310 406 311 406 407 311 407 408 311 408 312 406 409 408 406 408 407 312 408 410 312 410 315 314 315 410 314 410 411 314 411 412 314 412 316 410 413 412 410 412 411 316 412 414 316 414 319 318 319 414 318 414 415 318 415 416 318 416 320 414 417 416 414 416 415 320 416 418 320 418 321 417 419 418 417 418 416 418 419 323 418 323 321 323 419 420 323 420 324 324 420 421 324 421 325 422 423 421 422 421 420 325 421 424 325 424 326 423 425 424 423 424 421 424 425 327 424 327 326 327 425 426 327 426 328 427 428 426 427 426 425 426 428 330 426 330 328 330 428 429 330 429 331 331 429 430 331 430 332 431 432 430 431 430 429 430 432 334 430 334 332 334 432 433 334 433 335 335 433 434 335 434 337 337 434 435 337 435 339 339 435 436 339 436 341 344 437 438 344 438 345 345 438 439 345 439 347 347 439 440 347 440 349 349 440 441 349 441 351 351 441 442 351 442 353 353 442 443 353 443 354 444 445 443 444 443 442 356 354 443 356 443 445 356 445 446 356 446 357 357 446 447 357 447 358 448 449 447 448 447 446 358 447 450 358 450 359 449 451 450 449 450 447 361 359 450 361 450 451 361 451 452 361 452 362 362 452 453 362 453 364 453 454 363 453 363 364 363 454 455 363 455 365 365 455 456 365 456 366 456 457 367 456 367 366 367 457 458 367 458 368 458 459 370 458 370 368 370 459 460 370 460 371 460 461 373 460 373 371 373 461 462 373 462 374 374 462 463 374 463 375 464 465 463 464 463 462 463 465 376 463 376 375 376 465 466 376 466 377 467 468 466 467 466 465 466 468 378 466 378 377 378 468 469 378 469 379 470 471 469 470 469 468 469 471 381 469 381 379 381 471 472 381 472 382 382 472 473 382 473 383 474 475 473 474 473 472 473 475 385 473 385 383 385 475 476 385 476 386 386 476 477 386 477 388 388 477 478 388 478 390 390 478 479 390 479 392 391 392 479 391 479 480 391 480 481 391 481 393 479 482 481 479 481 480 393 481 483 393 483 396 396 483 484 396 484 398 397 398 484 397 484 485 397 485 486 397 486 401 400 401 486 400 486 487 400 487 488 400 488 402 486 489 488 486 488 487 402 488 490 402 490 405 404 405 490 404 490 491 404 491 492 404 492 406 406 492 493 406 493 409 408 409 493 408 493 494 408 494 495 408 495 410 410 495 496 410 496 413 412 413 496 412 496 497 412 497 498 412 498 414 496 499 498 496 498 497 414 498 500 414 500 417 499 501 500 499 500 498 417 500 502 417 502 419 501 503 502 501 502 500 419 502 504 419 504 420 503 505 504 503 504 502 504 505 422 504 422 420 422 505 506 422 506 423 423 506 507 423 507 425 508 509 507 508 507 506 507 509 427 507 427 425 427 509 510 427 510 428 511 512 510 511 510 509 428 510 513 428 513 429 512 514 513 512 513 510 513 514 431 513 431 429 431 514 515 431 515 432 516 517 515 516 515 514 432 515 518 432 518 433 517 519 518 517 518 515 433 518 520 433 520 434 519 521 520 519 520 518 434 520 522 434 522 435 521 523 522 521 522 520 435 522 524 435 524 436 523 525 524 523 524 522 437 526 527 437 527 438 528 529 527 528 527 526 438 527 530 438 530 439 529 531 530 529 530 527 439 530 532 439 532 440 531 533 532 531 532 530 440 532 534 440 534 441 533 535 534 533 534 532 441 534 536 441 536 442 535 537 536 535 536 534 444 442 536 444 536 537 444 537 538 444 538 445 445 538 539 445 539 446 540 541 539 540 539 538 448 446 539 448 539 541 448 541 542 448 542 449 449 542 543 449 543 451 451 543 544 451 544 452 452 544 545 452 545 453 545 546 454 545 454 453 454 546 547 454 547 455 545 548 547 545 547 546 455 547 549 455 549 456 549 550 457 549 457 456 457 550 551 457 551 458 551 552 459 551 459 458 459 552 553 459 553 460 553 554 461 553 461 460 461 554 555 461 555 462 555 556 464 555 464 462 464 556 557 464 557 465 557 558 467 557 467 465 467 558 559 467 559 468 559 560 470 559 470 468 470 560 561 470 561 471 471 561 562 471 562 472 563 564 562 563 562 561 562 564 474 562 474 472 474 564 565 474 565 475 475 565 566 475 566 476 567 568 566 567 566 565 476 566 569 476 569 477 568 570 569 568 569 566 477 569 571 477 571 478 570 572 571 570 571 569 478 571 573 478 573 479 572 574 573 572 573 571 479 573 575 479 575 482 481 482 575 481 575 576 481 576 577 481 577 483 575 578 577 575 577 576 483 577 579 483 579 484 485 484 579 485 579 580 485 580 581 485 581 486 579 582 581 579 581 580 486 581 583 486 583 489 488 489 583 488 583 584 488 584 585 488 585 490 491 490 585 491 585 586 491 586 587 491 587 492 585 588 587 585 587 586 492 587 589 492 589 493 494 493 589 494 589 590 494 590 591 494 591 495 589 592 591 589 591 590 495 591 593 495 593 496 496 593 594 496 594 499 499 594 595 499 595 501 501 595 596 501 596 503 503 596 597 503 597 505 598 599 597 598 597 596 505 597 600 505 600 506 599 601 600 599 600 597 600 601 508 600 508 506 508 601 602 508 602 509 603 604 602 603 602 601 602 604 511 602 511 509 511 604 605 511 605 512 512 605 606 512 606 514 607 608 606 607 606 605 606 608 516 606 516 514 516 608 609 516 609 517 610 611 609 610 609 608 517 609 612 517 612 519 611 613 612 611 612 609 519 612 614 519 614 521 613 615 614 613 614 612 521 614 616 521 616 523 615 617 616 615 616 614 523 616 618 523 618 525 617 619 618 617 618 616 528 620 621 528 621 529 622 623 621 622 621 620 529 621 624 529 624 531 623 625 624 623 624 621 531 624 626 531 626 533 625 627 626 625 626 624 533 626 628 533 628 535 627 629 628 627 628 626 535 628 630 535 630 537 629 631 630 629 630 628 537 630 632 537 632 538 631 633 632 631 632 630 540 538 632 540 632 633 540 633 634 540 634 541 541 634 635 541 635 542 636 637 635 636 635 634 542 635 638 542 638 543 637 639 638 637 638 635 543 638 640 543 640 544 639 641 640 639 640 638 544 640 642 544 642 545 545 642 643 545 643 548 643 644 547 643 547 548 547 644 645 547 645 549 645 646 550 645 550 549 550 646 647 550 647 551 647 648 552 647 552 551 552 648 649 552 649 553 649 650 554 649 554 553 554 650 651 554 651 555 651 652 556 651 556 555 556 652 653 556 653 557 653 654 558 653 558 557 558 654 655 558 655 559 655 656 560 655 560 559 560 656 657 560 657 561 657 658 563 657 563 561 563 658 659 563 659 564 564 659 660 564 660 565 661 662 660 661 660 659 660 662 567 660 567 565 567 662 663 567 663 568 568 663 664 568 664 570 570 664 665 570 665 572 572 665 666 572 666 574 573 574 666 573 666 667 573 667 668 573 668 575 666 669 668 666 668 667 575 668 670 575 670 578 577 578 670 577 670 671 577 671 672 577 672 579 579 672 673 579 673 582 581 582 673 581 673 674 581 674 675 581 675 583 584 583 675 584 675 676 584 676 677 584 677 585 585 677 678 585 678 588 587 588 678 587 678 679 587 679 680 587 680 589 589 680 681 589 681 592 591 592 681 591 681 682 591 682 683 591 683 593 681 684 683 681 683 682 593 683 685 593 685 594 594 685 686 594 686 595 595 686 687 595 687 596 688 689 687 688 687 686 687 689 598 687 598 596 598 689 690 598 690 599 599 690 691 599 691 601 692 693 691 692 691 690 691 693 603 691 603 601 603 693 694 603 694 604 604 694 695 604 695 605 696 697 695 696 695 694 695 697 607 695 607 605 607 697 698 607 698 608 699 700 698 699 698 697 698 700 610 698 610 608 610 700 701 610 701 611 611 701 702 611 702 613 613 702 703 613 703 615 615 703 704 615 704 617 617 704 705 617 705 619 622 706 707 622 707 623 623 707 708 623 708 625 625 708 709 625 709 627 627 709 710 627 710 629 629 710 711 629 711 631 631 711 712 631 712 633 713 714 712 713 712 711 633 712 715 633 715 634 714 716 715 714 715 712 636 634 715 636 715 716 636 716 717 636 717 637 637 717 718 637 718 639 639 718 719 639 719 641 719 720 640 719 640 641 640 720 721 640 721 642 719 722 721 719 721 720 642 721 723 642 723 643 723 724 644 723 644 643 644 724 725 644 725 645 725 726 646 725 646 645 646 726 727 646 727 647 727 728 648 727 648 647 648 728 729 648 729 649 729 730 650 729 650 649 650 730 731 650 731 651 731 732 652 731 652 651 652 732 733 652 733 653 733 734 654 733 654 653 654 734 735 654 735 655 735 736 656 735 656 655 656 736 737 656 737 657 738 739 737 738 737 736 737 739 658 737 658 657 658 739 740 658 740 659 740 741 661 740 661 659 661 741 742 661 742 662 662 742 743 662 743 663 663 743 744 663 744 664 664 744 745 664 745 665 665 745 746 665 746 666 666 746 747 666 747 669 668 669 747 668 747 748 668 748 749 668 749 670 671 670 749 671 749 750 671 750 751 671 751 672 672 751 752 672 752 673 674 673 752 674 752 753 674 753 754 674 754 675 676 675 754 676 754 755 676 755 756 676 756 677 677 756 757 677 757 678 679 678 757 679 757 758 679 758 759 679 759 680 680 759 760 680 760 681 681 760 761 681 761 684 683 684 761 683 761 762 683 762 763 683 763 685 761 764 763 761 763 762 685 763 765 685 765 686 764 766 765 764 765 763 765 766 688 765 688 686 688 766 767 688 767 689 689 767 768 689 768 690 768 769 692 768 692 690 692 769 770 692 770 693 693 770 771 693 771 694 772 773 771 772 771 770 771 773 696 771 696 694 696 773 774 696 774 697 774 775 699 774 699 697 699 775 776 699 776 700 700 776 777 700 777 701 778 779 777 778 777 776 701 777 780 701 780 702 779 781 780 779 780 777 702 780 782 702 782 703 781 783 782 781 782 780 703 782 784 703 784 704 783 785 784 783 784 782 704 784 786 704 786 705 785 787 786 785 786 784 706 788 789 706 789 707 790 791 789 790 789 788 707 789 792 707 792 708 791 793 792 791 792 789 708 792 794 708 794 709 793 795 794 793 794 792 709 794 796 709 796 710 795 797 796 795 796 794 710 796 798 710 798 711 797 799 798 797 798 796 713 711 798 713 798 799 713 799 800 713 800 714 714 800 801 714 801 716 716 801 802 716 802 717 803 804 802 803 802 801 717 802 805 717 805 718 804 806 805 804 805 802 718 805 807 718 807 719 806 808 807 806 807 805 719 807 809 719 809 722 809 810 721 809 721 722 721 810 811 721 811 723 809 812 811 809 811 810 811 813 724 811 724 723 724 813 814 724 814 725 811 815 814 811 814 813 814 816 726 814 726 725 726 816 817 726 817 727 814 818 817 814 817 816 817 819 728 817 728 727 728 819 820 728 820 729 820 821 730 820 730 729 730 821 822 730 822 731 822 823 732 822 732 731 732 823 824 732 824 733 824 825 734 824 734 733 734 825 826 734 826 735 826 827 738 826 738 735 738 827 828 738 828 739 829 830 828 829 828 827 739 828 831 739 831 740 831 832 741 831 741 740 741 832 833 741 833 742 742 833 834 742 834 743 743 834 835 743 835 744 744 835 836 744 836 745 745 836 837 745 837 746 746 837 838 746 838 747 839 840 838 839 838 837 748 747 838 748 838 840 748 840 841 748 841 749 750 749 841 750 841 842 750 842 843 750 843 751 751 843 844 751 844 752 845 846 844 845 844 843 753 752 844 753 844 846 753 846 847 753 847 754 755 754 847 755 847 848 755 848 849 755 849 756 756 849 850 756 850 757 758 757 850 758 850 851 758 851 852 758 852 759 759 852 853 759 853 760 760 853 854 760 854 761 761 854 855 761 855 764 764 855 856 764 856 766 766 856 857 766 857 767 767 857 858 767 858 768 859 860 858 859 858 857 858 860 769 858 769 768 769 860 861 769 861 770 861 862 772 861 772 770 772 862 863 772 863 773 773 863 864 773 864 774 865 866 864 865 864 863 864 866 775 864 775 774 775 866 867 775 867 776 867 868 778 867 778 776 778 868 869 778 869 779 779 869 870 779 870 781 781 870 871 781 871 783 783 871 872 783 872 785 785 872 873 785 873 787 790 874 875 790 875 791 791 875 876 791 876 793 793 876 877 793 877 795 795 877 878 795 878 797 797 878 879 797 879 799 799 879 880 799 880 800 881 882 880 881 880 879 800 880 883 800 883 801 882 884 883 882 883 880 803 801 883 803 883 884 803 884 885 803 885 804 804 885 886 804 886 806 806 886 887 806 887 808 887 888 807 887 807 808 807 888 889 807 889 809 887 890 889 887 889 888 809 889 891 809 891 812 891 892 811 891 811 812 811 892 893 811 893 815 893 894 814 893 814 815 814 894 895 814 895 818 895 896 819 895 819 818 819 896 897 819 897 820 898 899 897 898 897 896 897 900 821 897 821 820 821 900 901 821 901 822 897 902 901 897 901 900 901 903 823 901 823 822 823 903 904 823 904 824 904 905 825 904 825 824 825 905 906 825 906 826 906 907 829 906 829 826 829 907 908 829 908 830 908 909 828 908 828 830 828 909 910 828 910 831 910 911 832 910 832 831 832 911 912 832 912 833 910 913 912 910 912 911 833 912 914 833 914 834 834 914 915 834 915 835 835 915 916 835 916 836 836 916 917 836 917 837 918 919 917 918 917 916 839 837 917 839 917 919 839 919 920 839 920 840 840 920 921 840 921 841 922 923 921 922 921 920 842 841 921 842 921 923 842 923 924 842 924 843 845 843 924 845 924 925 845 925 926 845 926 846 846 926 927 846 927 847 928 929 927 928 927 926 848 847 927 848 927 929 848 929 930 848 930 849 849 930 931 849 931 850 932 933 931 932 931 930 851 850 931 851 931 933 851 933 934 851 934 852 852 934 935 852 935 853 936 937 935 936 935 934 853 935 938 853 938 854 937 939 938 937 938 935 854 938 940 854 940 855 939 941 940 939 940 938 855 940 942 855 942 856 856 942 943 856 943 857 943 944 859 943 859 857 859 944 945 859 945 860 860 945 946 860 946 861 946 947 862 946 862 861 862 947 948 862 948 863 948 949 865 948 865 863 865 949 950 865 950 866 866 950 951 866 951 867 951 952 868 951 868 867 868 952 953 868 953 869 869 953 954 869 954 870 870 954 955 870 955 871 871 955 956 871 956 872 872 956 957 872 957 873 874 958 959 874 959 875 960 961 959 960 959 958 875 959 962 875 962 876 961 963 962 961 962 959 876 962 964 876 964 877 963 965 964 963 964 962 877 964 966 877 966 878 965 967 966 965 966 964 878 966 968 878 968 879 967 969 968 967 968 966 881 879 968 881 968 969 881 969 970 881 970 882 882 970 971 882 971 884 884 971 972 884 972 885 973 974 972 973 972 971 885 972 975 885 975 886 974 976 975 974 975 972 886 975 977 886 977 887 887 977 978 887 978 890 978 979 889 978 889 890 889 979 980 889 980 891 978 981 980 978 980 979 980 982 892 980 892 891 892 982 983 892 983 893 980 984 983 980 983 982 983 985 894 983 894 893 894 985 986 894 986 895 983 987 986 983 986 985 986 988 898 986 898 895 898 988 989 898 989 899 989 990 897 989 897 899 897 990 991 897 991 902 991 992 903 991 903 902 903 992 993 903 993 904 994 995 993 994 993 992 993 996 905 993 905 904 905 996 997 905 997 906 993 998 997 993 997 996 997 999 907 997 907 906 907 999 1000 907 1000 908 997 1001 1000 997 1000 999 1000 1002 909 1000 909 908 909 1002 1003 909 1003 910 1000 1004 1003 1000 1003 1002 910 1003 1005 910 1005 913 1005 1006 912 1005 912 913 912 1006 1007 912 1007 914 1005 1008 1007 1005 1007 1006 914 1007 1009 914 1009 915 1008 1010 1009 1008 1009 1007 915 1009 1011 915 1011 916 1010 1012 1011 1010 1011 1009 918 916 1011 918 1011 1012 918 1012 1013 918 1013 919 919 1013 1014 919 1014 920 1015 1016 1014 1015 1014 1013 922 920 1014 922 1014 1016 922 1016 1017 922 1017 923 923 1017 1018 923 1018 924 1019 1020 1018 1019 1018 1017 925 924 1018 925 1018 1020 925 1020 1021 925 1021 926 1022 1023 1021 1022 1021 1020 928 926 1021 928 1021 1023 928 1023 1024 928 1024 929 929 1024 1025 929 1025 930 1026 1027 1025 1026 1025 1024 932 930 1025 932 1025 1027 932 1027 1028 932 1028 933 933 1028 1029 933 1029 934 1030 1031 1029 1030 1029 1028 936 934 1029 936 1029 1031 936 1031 1032 936 1032 937 937 1032 1033 937 1033 939 939 1033 1034 939 1034 941 1034 1035 940 1034 940 941 940 1035 1036 940 1036 942 1034 1037 1036 1034 1036 1035 942 1036 1038 942 1038 943 1038 1039 944 1038 944 943 944 1039 1040 944 1040 945 1038 1041 1040 1038 1040 1039 945 1040 1042 945 1042 946 1042 1043 947 1042 947 946 947 1043 1044 947 1044 948 1044 1045 949 1044 949 948 949 1045 1046 949 1046 950 1044 1047 1046 1044 1046 1045 950 1046 1048 950 1048 951 1048 1049 952 1048 952 951 952 1049 1050 952 1050 953 953 1050 1051 953 1051 954 954 1051 1052 954 1052 955 955 1052 1053 955 1053 956 956 1053 1054 956 1054 957 960 1055 1056 960 1056 961 961 1056 1057 961 1057 963 963 1057 1058 963 1058 965 965 1058 1059 965 1059 967 967 1059 1060 967 1060 969 969 1060 1061 969 1061 970 970 1061 1062 970 1062 971 1063 1064 1062 1063 1062 1061 973 971 1062 973 1062 1064 973 1064 1065 973 1065 974 974 1065 1066 974 1066 976 1066 1067 975 1066 975 976 975 1067 1068 975 1068 977 1066 1069 1068 1066 1068 1067 977 1068 1070 977 1070 978 1069 1071 1070 1069 1070 1068 978 1070 1072 978 1072 981 1072 1073 980 1072 980 981 980 1073 1074 980 1074 984 1074 1075 983 1074 983 984 983 1075 1076 983 1076 987 1076 1077 988 1076 988 987 988 1077 1078 988 1078 989 1079 1080 1078 1079 1078 1077 1078 1081 990 1078 990 989 990 1081 1082 990 1082 991 1078 1083 1082 1078 1082 1081 1082 1084 994 1082 994 991 994 1084 1085 994 1085 995 1082 1086 1085 1082 1085 1084 1085 1087 993 1085 993 995 993 1087 1088 993 1088 998 1088 1089 997 1088 997 998 997 1089 1090 997 1090 1001 1090 1091 1000 1090 1000 1001 1000 1091 1092 1000 1092 1004 1090 1093 1092 1090 1092 1091 1092 1094 1003 1092 1003 1004 1003 1094 1095 1003 1095 1005 1092 1096 1095 1092 1095 1094 1005 1095 1097 1005 1097 1008 1096 1098 1097 1096 1097 1095 1008 1097 1099 1008 1099 1010 1098 1100 1099 1098 1099 1097 1010 1099 1101 1010 1101 1012 1100 1102 1101 1100 1101 1099 1012 1101 1103 1012 1103 1013 1102 1104 1103 1102 1103 1101 1015 1013 1103 1015 1103 1104 1015 1104 1105 1015 1105 1016 1106 1107 1105 1106 1105 1104 1016 1105 1108 1016 1108 1017 1107 1109 1108 1107 1108 1105 1019 1017 1108 1019 1108 1109 1019 1109 1110 1019 1110 1020 1111 1112 1110 1111 1110 1109 1022 1020 1110 1022 1110 1112 1022 1112 1113 1022 1113 1023 1023 1113 1114 1023 1114 1024 1115 1116 1114 1115 1114 1113 1026 1024 1114 1026 1114 1116 1026 1116 1117 1026 1117 1027 1027 1117 1118 1027 1118 1028 1119 1120 1118 1119 1118 1117 1030 1028 1118 1030 1118 1120 1030 1120 1121 1030 1121 1031 1031 1121 1122 1031 1122 1032 1032 1122 1123 1032 1123 1033 1033 1123 1124 1033 1124 1034 1034 1124 1125 1034 1125 1037 1125 1126 1036 1125 1036 1037 1036 1126 1127 1036 1127 1038 1125 1128 1127 1125 1127 1126 1038 1127 1129 1038 1129 1041 1129 1130 1040 1129 1040 1041 1040 1130 1131 1040 1131 1042 1131 1132 1043 1131 1043 1042 1043 1132 1133 1043 1133 1044 1131 1134 1133 1131 1133 1132 1044 1133 1135 1044 1135 1047 1135 1136 1046 1135 1046 1047 1046 1136 1137 1046 1137 1048 1137 1138 1049 1137 1049 1048 1049 1138 1139 1049 1139 1050 1137 1140 1139 1137 1139 1138 1050 1139 1141 1050 1141 1051 1051 1141 1142 1051 1142 1052 1052 1142 1143 1052 1143 1053 1053 1143 1144 1053 1144 1054 1055 1145 1146 1055 1146 1056 1056 1146 1147 1056 1147 1057 1057 1147 1148 1057 1148 1058 1058 1148 1149 1058 1149 1059 1059 1149 1150 1059 1150 1060 1060 1150 1151 1060 1151 1061 1063 1061 1151 1063 1151 1152 1063 1152 1153 1063 1153 1064 1064 1153 1154 1064 1154 1065 1065 1154 1155 1065 1155 1066 1066 1155 1156 1066 1156 1069 1069 1156 1157 1069 1157 1071 1157 1158 1070 1157 1070 1071 1070 1158 1159 1070 1159 1072 1157 1160 1159 1157 1159 1158 1159 1161 1073 1159 1073 1072 1073 1161 1162 1073 1162 1074 1159 1163 1162 1159 1162 1161 1162 1164 1075 1162 1075 1074 1075 1164 1165 1075 1165 1076 1162 1166 1165 1162 1165 1164 1165 1167 1079 1165 1079 1076 1079 1167 1168 1079 1168 1080 1165 1169 1168 1165 1168 1167 1168 1170 1078 1168 1078 1080 1078 1170 1171 1078 1171 1083 1168 1172 1171 1168 1171 1170 1171 1173 1082 1171 1082 1083 1082 1173 1174 1082 1174 1086 1174 1175 1087 1174 1087 1086 1087 1175 1176 1087 1176 1088 1177 1178 1176 1177 1176 1175 1176 1179 1089 1176 1089 1088 1089 1179 1180 1089 1180 1090 1176 1181 1180 1176 1180 1179 1090 1180 1182 1090 1182 1093 1182 1183 1092 1182 1092 1093 1092 1183 1184 1092 1184 1096 1182 1185 1184 1182 1184 1183 1096 1184 1186 1096 1186 1098 1185 1187 1186 1185 1186 1184 1098 1186 1188 1098 1188 1100 1100 1188 1189 1100 1189 1102 1190 1191 1189 1190 1189 1188 1102 1189 1192 1102 1192 1104 1191 1193 1192 1191 1192 1189 1106 1104 1192 1106 1192 1193 1106 1193 1194 1106 1194 1107 1107 1194 1195 1107 1195 1109 1196 1197 1195 1196 1195 1194 1111 1109 1195 1111 1195 1197 1111 1197 1198 1111 1198 1112 1112 1198 1199 1112 1199 1113 1200 1201 1199 1200 1199 1198 1115 1113 1199 1115 1199 1201 1115 1201 1202 1115 1202 1116 1203 1204 1202 1203 1202 1201 1116 1202 1205 1116 1205 1117 1204 1206 1205 1204 1205 1202 1119 1117 1205 1119 1205 1206 1119 1206 1207 1119 1207 1120 1120 1207 1208 1120 1208 1121 1209 1210 1208 1209 1208 1207 1121 1208 1211 1121 1211 1122 1210 1212 1211 1210 1211 1208 1122 1211 1213 1122 1213 1123 1212 1214 1213 1212 1213 1211 1123 1213 1215 1123 1215 1124 1214 1216 1215 1214 1215 1213 1124 1215 1217 1124 1217 1125 1125 1217 1218 1125 1218 1128 1218 1219 1127 1218 1127 1128 1127 1219 1220 1127 1220 1129 1218 1221 1220 1218 1220 1219 1220 1222 1130 1220 1130 1129 1130 1222 1223 1130 1223 1131 1220 1224 1223 1220 1223 1222 1131 1223 1225 1131 1225 1134 1225 1226 1133 1225 1133 1134 1133 1226 1227 1133 1227 1135 1227 1228 1136 1227 1136 1135 1136 1228 1229 1136 1229 1137 1227 1230 1229 1227 1229 1228 1137 1229 1231 1137 1231 1140 1231 1232 1139 1231 1139 1140 1139 1232 1233 1139 1233 1141 1231 1234 1233 1231 1233 1232 1141 1233 1235 1141 1235 1142 1234 1236 1235 1234 1235 1233 1142 1235 1237 1142 1237 1143 1236 1238 1237 1236 1237 1235 1143 1237 1239 1143 1239 1144 1238 1240 1239 1238 1239 1237 1145 1241 1242 1145 1242 1146 1146 1242 1243 1146 1243 1147 1147 1243 1244 1147 1244 1148 1148 1244 1245 1148 1245 1149 1149 1245 1246 1149 1246 1150 1150 1246 1247 1150 1247 1151 1248 1249 1247 1248 1247 1246 1152 1151 1247 1152 1247 1249 1152 1249 1250 1152 1250 1153 1153 1250 1251 1153 1251 1154 1154 1251 1252 1154 1252 1155 1253 1254 1252 1253 1252 1251 1155 1252 1255 1155 1255 1156 1254 1256 1255 1254 1255 1252 1156 1255 1257 1156 1257 1157 1256 1258 1257 1256 1257 1255 1157 1257 1259 1157 1259 1160 1259 1260 1159 1259 1159 1160 1159 1260 1261 1159 1261 1163 1261 1262 1162 1261 1162 1163 1162 1262 1263 1162 1263 1166 1261 1264 1263 1261 1263 1262 1263 1265 1165 1263 1165 1166 1165 1265 1266 1165 1266 1169 1266 1267 1168 1266 1168 1169 1168 1267 1268 1168 1268 1172 1268 1269 1173 1268 1173 1172 1173 1269 1270 1173 1270 1174 1271 1272 1270 1271 1270 1269 1270 1273 1177 1270 1177 1174 1177 1273 1274 1177 1274 1178 1270 1275 1274 1270 1274 1273 1274 1276 1176 1274 1176 1178 1176 1276 1277 1176 1277 1181 1274 1278 1277 1274 1277 1276 1277 1279 1180 1277 1180 1181 1180 1279 1280 1180 1280 1182 1277 1281 1280 1277 1280 1279 1182 1280 1282 1182 1282 1185 1281 1283 1282 1281 1282 1280 1185 1282 1284 1185 1284 1187 1284 1285 1186 1284 1186 1187 1186 1285 1286 1186 1286 1188 1284 1287 1286 1284 1286 1285 1190 1188 1286 1190 1286 1287 1190 1287 1288 1190 1288 1191 1191 1288 1289 1191 1289 1193 1290 1291 1289 1290 1289 1288 1193 1289 1292 1193 1292 1194 1291 1293 1292 1291 1292 1289 1196 1194 1292 1196 1292 1293 1196 1293 1294 1196 1294 1197 1295 1296 1294 1295 1294 1293 1197 1294 1297 1197 1297 1198 1296 1298 1297 1296 1297 1294 1200 1198 1297 1200 1297 1298 1200 1298 1299 1200 1299 1201 1300 1301 1299 1300 1299 1298 1203 1201 1299 1203 1299 1301 1203 1301 1302 1203 1302 1204 1204 1302 1303 1204 1303 1206 1304 1305 1303 1304 1303 1302 1206 1303 1306 1206 1306 1207 1305 1307 1306 1305 1306 1303 1209 1207 1306 1209 1306 1307 1209 1307 1308 1209 1308 1210 1210 1308 1309 1210 1309 1212 1212 1309 1310 1212 1310 1214 1214 1310 1311 1214 1311 1216 1311 1312 1215 1311 1215 1216 1215 1312 1313 1215 1313 1217 1311 1314 1313 1311 1313 1312 1217 1313 1315 1217 1315 1218 1314 1316 1315 1314 1315 1313 1218 1315 1317 1218 1317 1221 1317 1318 1220 1317 1220 1221 1220 1318 1319 1220 1319 1224 1319 1320 1223 1319 1223 1224 1223 1320 1321 1223 1321 1225 1319 1322 1321 1319 1321 1320 1321 1323 1226 1321 1226 1225 1226 1323 1324 1226 1324 1227 1321 1325 1324 1321 1324 1323 1227 1324 1326 1227 1326 1230 1326 1327 1229 1326 1229 1230 1229 1327 1328 1229 1328 1231 1326 1329 1328 1326 1328 1327 1231 1328 1330 1231 1330 1234 1234 1330 1331 1234 1331 1236 1236 1331 1332 1236 1332 1238 1238 1332 1333 1238 1333 1240 1241 1334 1335 1241 1335 1242 1242 1335 1336 1242 1336 1243 1243 1336 1337 1243 1337 1244 1244 1337 1338 1244 1338 1245 1245 1338 1339 1245 1339 1246 1248 1246 1339 1248 1339 1340 1248 1340 1341 1248 1341 1249 1249 1341 1342 1249 1342 1250 1250 1342 1343 1250 1343 1251 1344 1345 1343 1344 1343 1342 1253 1251 1343 1253 1343 1345 1253 1345 1346 1253 1346 1254 1254 1346 1347 1254 1347 1256 1256 1347 1348 1256 1348 1258 1348 1349 1257 1348 1257 1258 1257 1349 1350 1257 1350 1259 1348 1351 1350 1348 1350 1349 1350 1352 1260 1350 1260 1259 1260 1352 1353 1260 1353 1261 1350 1354 1353 1350 1353 1352 1261 1353 1355 1261 1355 1264 1355 1356 1265 1355 1265 1264 1265 1356 1357 1265 1357 1266 1358 1359 1357 1358 1357 1356 1357 1360 1267 1357 1267 1266 1267 1360 1361 1267 1361 1268 1357 1362 1361 1357 1361 1360 1361 1363 1271 1361 1271 1268 1271 1363 1364 1271 1364 1272 1361 1365 1364 1361 1364 1363 1364 1366 1270 1364 1270 1272 1270 1366 1367 1270 1367 1275 1364 1368 1367 1364 1367 1366 1367 1369 1274 1367 1274 1275 1274 1369 1370 1274 1370 1278 1367 1371 1370 1367 1370 1369 1370 1372 1277 1370 1277 1278 1277 1372 1373 1277 1373 1281 1370 1374 1373 1370 1373 1372 1281 1373 1375 1281 1375 1283 1374 1376 1375 1374 1375 1373 1375 1377 1282 1375 1282 1283 1282 1377 1378 1282 1378 1284 1375 1379 1378 1375 1378 1377 1284 1378 1380 1284 1380 1287 1379 1381 1380 1379 1380 1378 1287 1380 1382 1287 1382 1288 1381 1383 1382 1381 1382 1380 1290 1288 1382 1290 1382 1383 1290 1383 1384 1290 1384 1291 1385 1386 1384 1385 1384 1383 1291 1384 1387 1291 1387 1293 1386 1388 1387 1386 1387 1384 1295 1293 1387 1295 1387 1388 1295 1388 1389 1295 1389 1296 1296 1389 1390 1296 1390 1298 1391 1392 1390 1391 1390 1389 1300 1298 1390 1300 1390 1392 1300 1392 1393 1300 1393 1301 1301 1393 1394 1301 1394 1302 1395 1396 1394 1395 1394 1393 1304 1302 1394 1304 1394 1396 1304 1396 1397 1304 1397 1305 1305 1397 1398 1305 1398 1307 1307 1398 1399 1307 1399 1308 1400 1401 1399 1400 1399 1398 1308 1399 1402 1308 1402 1309 1401 1403 1402 1401 1402 1399 1309 1402 1404 1309 1404 1310 1403 1405 1404 1403 1404 1402 1310 1404 1406 1310 1406 1311 1405 1407 1406 1405 1406 1404 1311 1406 1408 1311 1408 1314 1314 1408 1409 1314 1409 1316 1409 1410 1315 1409 1315 1316 1315 1410 1411 1315 1411 1317 1409 1412 1411 1409 1411 1410 1411 1413 1318 1411 1318 1317 1318 1413 1414 1318 1414 1319 1411 1415 1414 1411 1414 1413 1319 1414 1416 1319 1416 1322 1415 1417 1416 1415 1416 1414 1416 1418 1321 1416 1321 1322 1321 1418 1419 1321 1419 1325 1416 1420 1419 1416 1419 1418 1419 1421 1324 1419 1324 1325 1324 1421 1422 1324 1422 1326 1419 1423 1422 1419 1422 1421 1326 1422 1424 1326 1424 1329 1424 1425 1328 1424 1328 1329 1328 1425 1426 1328 1426 1330 1424 1427 1426 1424 1426 1425 1330 1426 1428 1330 1428 1331 1427 1429 1428 1427 1428 1426 1331 1428 1430 1331 1430 1332 1429 1431 1430 1429 1430 1428 1332 1430 1432 1332 1432 1333 1431 1433 1432 1431 1432 1430 1334 1434 1435 1334 1435 1335 1335 1435 1436 1335 1436 1336 1336 1436 1437 1336 1437 1337 1337 1437 1438 1337 1438 1338 1338 1438 1439 1338 1439 1339 1340 1339 1439 1340 1439 1440 1340 1440 1441 1340 1441 1341 1341 1441 1442 1341 1442 1342 1344 1342 1442 1344 1442 1443 1344 1443 1444 1344 1444 1345 1345 1444 1445 1345 1445 1346 1346 1445 1446 1346 1446 1347 1347 1446 1447 1347 1447 1348 1348 1447 1448 1348 1448 1351 1448 1449 1350 1448 1350 1351 1350 1449 1450 1350 1450 1354 1450 1451 1353 1450 1353 1354 1353 1451 1452 1353 1452 1355 1450 1453 1452 1450 1452 1451 1452 1454 1358 1452 1358 1355 1358 1454 1455 1358 1455 1359 1452 1456 1455 1452 1455 1454 1455 1457 1357 1455 1357 1359 1357 1457 1458 1357 1458 1362 1458 1459 1361 1458 1361 1362 1361 1459 1460 1361 1460 1365 1460 1461 1364 1460 1364 1365 1364 1461 1462 1364 1462 1368 1462 1463 1367 1462 1367 1368 1367 1463 1464 1367 1464 1371 1464 1465 1370 1464 1370 1371 1370 1465 1466 1370 1466 1374 1464 1467 1466 1464 1466 1465 1374 1466 1468 1374 1468 1376 1468 1469 1375 1468 1375 1376 1375 1469 1470 1375 1470 1379 1468 1471 1470 1468 1470 1469 1379 1470 1472 1379 1472 1381 1471 1473 1472 1471 1472 1470 1381 1472 1474 1381 1474 1383 1473 1475 1474 1473 1474 1472 1385 1383 1474 1385 1474 1475 1385 1475 1476 1385 1476 1386 1386 1476 1477 1386 1477 1388 1478 1479 1477 1478 1477 1476 1388 1477 1480 1388 1480 1389 1479 1481 1480 1479 1480 1477 1391 1389 1480 1391 1480 1481 1391 1481 1482 1391 1482 1392 1392 1482 1483 1392 1483 1393 1484 1485 1483 1484 1483 1482 1395 1393 1483 1395 1483 1485 1395 1485 1486 1395 1486 1396 1396 1486 1487 1396 1487 1397 1397 1487 1488 1397 1488 1398 1489 1490 1488 1489 1488 1487 1400 1398 1488 1400 1488 1490 1400 1490 1491 1400 1491 1401 1401 1491 1492 1401 1492 1403 1403 1492 1493 1403 1493 1405 1405 1493 1494 1405 1494 1407 1494 1495 1406 1494 1406 1407 1406 1495 1496 1406 1496 1408 1494 1497 1496 1494 1496 1495 1408 1496 1498 1408 1498 1409 1497 1499 1498 1497 1498 1496 1409 1498 1500 1409 1500 1412 1500 1501 1411 1500 1411 1412 1411 1501 1502 1411 1502 1415 1500 1503 1502 1500 1502 1501 1415 1502 1504 1415 1504 1417 1504 1505 1416 1504 1416 1417 1416 1505 1506 1416 1506 1420 1504 1507 1506 1504 1506 1505 1506 1508 1419 1506 1419 1420 1419 1508 1509 1419 1509 1423 1506 1510 1509 1506 1509 1508 1509 1511 1422 1509 1422 1423 1422 1511 1512 1422 1512 1424 1509 1513 1512 1509 1512 1511 1424 1512 1514 1424 1514 1427 1513 1515 1514 1513 1514 1512 1427 1514 1516 1427 1516 1429 1515 1517 1516 1515 1516 1514 1429 1516 1518 1429 1518 1431 1517 1519 1518 1517 1518 1516 1431 1518 1520 1431 1520 1433 1519 1521 1520 1519 1520 1518 1434 1522 1523 1434 1523 1435 1435 1523 1524 1435 1524 1436 1436 1524 1525 1436 1525 1437 1437 1525 1526 1437 1526 1438 1438 1526 1527 1438 1527 1439 1440 1439 1527 1440 1527 1528 1440 1528 1529 1440 1529 1441 1441 1529 1530 1441 1530 1442 1531 1532 1530 1531 1530 1529 1443 1442 1530 1443 1530 1532 1443 1532 1533 1443 1533 1444 1444 1533 1534 1444 1534 1445 1445 1534 1535 1445 1535 1446 1536 1537 1535 1536 1535 1534 1446 1535 1538 1446 1538 1447 1537 1539 1538 1537 1538 1535 1447 1538 1540 1447 1540 1448 1540 1541 1449 1540 1449 1448 1449 1541 1542 1449 1542 1450 1540 1543 1542 1540 1542 1541 1450 1542 1544 1450 1544 1453 1544 1545 1452 1544 1452 1453 1452 1545 1546 1452 1546 1456 1546 1547 1457 1546 1457 1456 1457 1547 1548 1457 1548 1458 1549 1550 1548 1549 1548 1547 1548 1551 1459 1548 1459 1458 1459 1551 1552 1459 1552 1460 1548 1553 1552 1548 1552 1551 1552 1554 1461 1552 1461 1460 1461 1554 1555 1461 1555 1462 1552 1556 1555 1552 1555 1554 1555 1557 1463 1555 1463 1462 1463 1557 1558 1463 1558 1464 1555 1559 1558 1555 1558 1557 1464 1558 1560 1464 1560 1467 1560 1561 1466 1560 1466 1467 1466 1561 1562 1466 1562 1468 1560 1563 1562 1560 1562 1561 1468 1562 1564 1468 1564 1471 1563 1565 1564 1563 1564 1562 1471 1564 1566 1471 1566 1473 1565 1567 1566 1565 1566 1564 1473 1566 1568 1473 1568 1475 1567 1569 1568 1567 1568 1566 1475 1568 1570 1475 1570 1476 1569 1571 1570 1569 1570 1568 1478 1476 1570 1478 1570 1571 1478 1571 1572 1478 1572 1479 1479 1572 1573 1479 1573 1481 1481 1573 1574 1481 1574 1482 1575 1576 1574 1575 1574 1573 1484 1482 1574 1484 1574 1576 1484 1576 1577 1484 1577 1485 1485 1577 1578 1485 1578 1486 1486 1578 1579 1486 1579 1487 1580 1581 1579 1580 1579 1578 1489 1487 1579 1489 1579 1581 1489 1581 1582 1489 1582 1490 1490 1582 1583 1490 1583 1491 1491 1583 1584 1491 1584 1492 1492 1584 1585 1492 1585 1493 1493 1585 1586 1493 1586 1494 1494 1586 1587 1494 1587 1497 1497 1587 1588 1497 1588 1499 1588 1589 1498 1588 1498 1499 1498 1589 1590 1498 1590 1500 1588 1591 1590 1588 1590 1589 1500 1590 1592 1500 1592 1503 1592 1593 1502 1592 1502 1503 1502 1593 1594 1502 1594 1504 1592 1595 1594 1592 1594 1593 1504 1594 1596 1504 1596 1507 1596 1597 1506 1596 1506 1507 1506 1597 1598 1506 1598 1510 1596 1599 1598 1596 1598 1597 1598 1600 1509 1598 1509 1510 1509 1600 1601 1509 1601 1513 1598 1602 1601 1598 1601 1600 1513 1601 1603 1513 1603 1515 1602 1604 1603 1602 1603 1601 1515 1603 1605 1515 1605 1517 1604 1606 1605 1604 1605 1603 1517 1605 1607 1517 1607 1519 1606 1608 1607 1606 1607 1605 1519 1607 1609 1519 1609 1521 1608 1610 1609 1608 1609 1607 1522 1611 1612 1522 1612 1523 1523 1612 1613 1523 1613 1524 1524 1613 1614 1524 1614 1525 1525 1614 1615 1525 1615 1526 1526 1615 1616 1526 1616 1527 1617 1618 1616 1617 1616 1615 1528 1527 1616 1528 1616 1618 1528 1618 1619 1528 1619 1529 1531 1529 1619 1531 1619 1620 1531 1620 1621 1531 1621 1532 1532 1621 1622 1532 1622 1533 1533 1622 1623 1533 1623 1534 1624 1625 1623 1624 1623 1622 1536 1534 1623 1536 1623 1625 1536 1625 1626 1536 1626 1537 1537 1626 1627 1537 1627 1539 1627 1628 1538 1627 1538 1539 1538 1628 1629 1538 1629 1540 1540 1629 1630 1540 1630 1543 1630 1631 1542 1630 1542 1543 1542 1631 1632 1542 1632 1544 1632 1633 1545 1632 1545 1544 1545 1633 1634 1545 1634 1546 1634 1635 1549 1634 1549 1546 1549 1635 1636 1549 1636 1550 1636 1637 1548 1636 1548 1550 1548 1637 1638 1548 1638 1553 1638 1639 1552 1638 1552 1553 1552 1639 1640 1552 1640 1556 1640 1641 1555 1640 1555 1556 1555 1641 1642 1555 1642 1559 1642 1643 1558 1642 1558 1559 1558 1643 1644 1558 1644 1560 1642 1645 1644 1642 1644 1643 1560 1644 1646 1560 1646 1563 1563 1646 1647 1563 1647 1565 1565 1647 1648 1565 1648 1567 1567 1648 1649 1567 1649 1569 1569 1649 1650 1569 1650 1571 1571 1650 1651 1571 1651 1572 1572 1651 1652 1572 1652 1573 1653 1654 1652 1653 1652 1651 1575 1573 1652 1575 1652 1654 1575 1654 1655 1575 1655 1576 1576 1655 1656 1576 1656 1577 1577 1656 1657 1577 1657 1578 1580 1578 1657 1580 1657 1658 1580 1658 1659 1580 1659 1581 1581 1659 1660 1581 1660 1582 1582 1660 1661 1582 1661 1583 1583 1661 1662 1583 1662 1584 1584 1662 1663 1584 1663 1585 1585 1663 1664 1585 1664 1586 1586 1664 1665 1586 1665 1587 1587 1665 1666 1587 1666 1588 1588 1666 1667 1588 1667 1591 1667 1668 1590 1667 1590 1591 1590 1668 1669 1590 1669 1592 1667 1670 1669 1667 1669 1668 1592 1669 1671 1592 1671 1595 1670 1672 1671 1670 1671 1669 1671 1673 1594 1671 1594 1595 1594 1673 1674 1594 1674 1596 1671 1675 1674 1671 1674 1673 1596 1674 1676 1596 1676 1599 1676 1677 1598 1676 1598 1599 1598 1677 1678 1598 1678 1602 1676 1679 1678 1676 1678 1677 1602 1678 1680 1602 1680 1604 1679 1681 1680 1679 1680 1678 1604 1680 1682 1604 1682 1606 1681 1683 1682 1681 1682 1680 1606 1682 1684 1606 1684 1608 1683 1685 1684 1683 1684 1682 1608 1684 1686 1608 1686 1610 1685 1687 1686 1685 1686 1684 1611 1688 1689 1611 1689 1612 1612 1689 1690 1612 1690 1613 1613 1690 1691 1613 1691 1614 1614 1691 1692 1614 1692 1615 1617 1615 1692 1617 1692 1693 1617 1693 1694 1617 1694 1618 1618 1694 1695 1618 1695 1619 1620 1619 1695 1620 1695 1696 1620 1696 1697 1620 1697 1621 1621 1697 1698 1621 1698 1622 1624 1622 1698 1624 1698 1699 1624 1699 1700 1624 1700 1625 1625 1700 1701 1625 1701 1626 1626 1701 1702 1626 1702 1627 1702 1703 1628 1702 1628 1627 1628 1703 1704 1628 1704 1629 1629 1704 1705 1629 1705 1630 1705 1706 1631 1705 1631 1630 1631 1706 1707 1631 1707 1632 1707 1708 1633 1707 1633 1632 1633 1708 1709 1633 1709 1634 1709 1710 1635 1709 1635 1634 1635 1710 1711 1635 1711 1636 1711 1712 1637 1711 1637 1636 1637 1712 1713 1637 1713 1638 1713 1714 1639 1713 1639 1638 1639 1714 1715 1639 1715 1640 1713 1716 1715 1713 1715 1714 1715 1717 1641 1715 1641 1640 1641 1717 1718 1641 1718 1642 1715 1719 1718 1715 1718 1717 1642 1718 1720 1642 1720 1645 1720 1721 1644 1720 1644 1645 1644 1721 1722 1644 1722 1646 1720 1723 1722 1720 1722 1721 1646 1722 1724 1646 1724 1647 1647 1724 1725 1647 1725 1648 1648 1725 1726 1648 1726 1649 1649 1726 1727 1649 1727 1650 1650 1727 1728 1650 1728 1651 1729 1730 1728 1729 1728 1727 1653 1651 1728 1653 1728 1730 1653 1730 1731 1653 1731 1654 1654 1731 1732 1654 1732 1655 1655 1732 1733 1655 1733 1656 1656 1733 1734 1656 1734 1657 1658 1657 1734 1658 1734 1735 1658 1735 1736 1658 1736 1659 1734 1737 1736 1734 1736 1735 1659 1736 1738 1659 1738 1660 1660 1738 1739 1660 1739 1661 1661 1739 1740 1661 1740 1662 1662 1740 1741 1662 1741 1663 1663 1741 1742 1663 1742 1664 1664 1742 1743 1664 1743 1665 1665 1743 1744 1665 1744 1666 1666 1744 1745 1666 1745 1667 1667 1745 1746 1667 1746 1670 1670 1746 1747 1670 1747 1672 1747 1748 1671 1747 1671 1672 1671 1748 1749 1671 1749 1675 1747 1750 1749 1747 1749 1748 1749 1751 1674 1749 1674 1675 1674 1751 1752 1674 1752 1676 1749 1753 1752 1749 1752 1751 1676 1752 1754 1676 1754 1679 1753 1755 1754 1753 1754 1752 1679 1754 1756 1679 1756 1681 1681 1756 1757 1681 1757 1683 1683 1757 1758 1683 1758 1685 1685 1758 1759 1685 1759 1687 1688 1760 1761 1688 1761 1689 1689 1761 1762 1689 1762 1690 1690 1762 1763 1690 1763 1691 1691 1763 1764 1691 1764 1692 1693 1692 1764 1693 1764 1765 1693 1765 1766 1693 1766 1694 1764 1767 1766 1764 1766 1765 1694 1766 1768 1694 1768 1695 1696 1695 1768 1696 1768 1769 1696 1769 1770 1696 1770 1697 1697 1770 1771 1697 1771 1698 1699 1698 1771 1699 1771 1772 1699 1772 1773 1699 1773 1700 1771 1774 1773 1771 1773 1772 1700 1773 1775 1700 1775 1701 1701 1775 1776 1701 1776 1702 1777 1778 1776 1777 1776 1775 1776 1778 1703 1776 1703 1702 1703 1778 1779 1703 1779 1704 1704 1779 1780 1704 1780 1705 1780 1781 1706 1780 1706 1705 1706 1781 1782 1706 1782 1707 1782 1783 1708 1782 1708 1707 1708 1783 1784 1708 1784 1709 1784 1785 1710 1784 1710 1709 1710 1785 1786 1710 1786 1711 1786 1787 1712 1786 1712 1711 1712 1787 1788 1712 1788 1713 1786 1789 1788 1786 1788 1787 1713 1788 1790 1713 1790 1716 1790 1791 1715 1790 1715 1716 1715 1791 1792 1715 1792 1719 1792 1793 1718 1792 1718 1719 1718 1793 1794 1718 1794 1720 1720 1794 1795 1720 1795 1723 1795 1796 1722 1795 1722 1723 1722 1796 1797 1722 1797 1724 1795 1798 1797 1795 1797 1796 1724 1797 1799 1724 1799 1725 1725 1799 1800 1725 1800 1726 1726 1800 1801 1726 1801 1727 1729 1727 1801 1729 1801 1802 1729 1802 1803 1729 1803 1730 1801 1804 1803 1801 1803 1802 1730 1803 1805 1730 1805 1731 1731 1805 1806 1731 1806 1732 1732 1806 1807 1732 1807 1733 1733 1807 1808 1733 1808 1734 1734 1808 1809 1734 1809 1737 1736 1737 1809 1736 1809 1810 1736 1810 1811 1736 1811 1738 1809 1812 1811 1809 1811 1810 1738 1811 1813 1738 1813 1739 1812 1814 1813 1812 1813 1811 1739 1813 1815 1739 1815 1740 1814 1816 1815 1814 1815 1813 1740 1815 1817 1740 1817 1741 1741 1817 1818 1741 1818 1742 1742 1818 1819 1742 1819 1743 1743 1819 1820 1743 1820 1744 1744 1820 1821 1744 1821 1745 1745 1821 1822 1745 1822 1746 1746 1822 1823 1746 1823 1747 1747 1823 1824 1747 1824 1750 1824 1825 1749 1824 1749 1750 1749 1825 1826 1749 1826 1753 1824 1827 1826 1824 1826 1825 1753 1826 1828 1753 1828 1755 1828 1829 1754 1828 1754 1755 1754 1829 1830 1754 1830 1756 1828 1831 1830 1828 1830 1829 1756 1830 1832 1756 1832 1757 1831 1833 1832 1831 1832 1830 1757 1832 1834 1757 1834 1758 1833 1835 1834 1833 1834 1832 1758 1834 1836 1758 1836 1759 1835 1837 1836 1835 1836 1834 1760 1838 1839 1760 1839 1761 1761 1839 1840 1761 1840 1762 1762 1840 1841 1762 1841 1763 1763 1841 1842 1763 1842 1764 1764 1842 1843 1764 1843 1767 1766 1767 1843 1766 1843 1844 1766 1844 1845 1766 1845 1768 1769 1768 1845 1769 1845 1846 1769 1846 1847 1769 1847 1770 1845 1848 1847 1845 1847 1846 1770 1847 1849 1770 1849 1771 1771 1849 1850 1771 1850 1774 1773 1774 1850 1773 1850 1851 1773 1851 1852 1773 1852 1775 1850 1853 1852 1850 1852 1851 1852 1853 1777 1852 1777 1775 1777 1853 1854 1777 1854 1778 1778 1854 1855 1778 1855 1779 1779 1855 1856 1779 1856 1780 1857 1858 1856 1857 1856 1855 1856 1858 1781 1856 1781 1780 1781 1858 1859 1781 1859 1782 1859 1860 1783 1859 1783 1782 1783 1860 1861 1783 1861 1784 1861 1862 1785 1861 1785 1784 1785 1862 1863 1785 1863 1786 1786 1863 1864 1786 1864 1789 1864 1865 1788 1864 1788 1789 1788 1865 1866 1788 1866 1790 1866 1867 1791 1866 1791 1790 1791 1867 1868 1791 1868 1792 1868 1869 1793 1868 1793 1792 1793 1869 1870 1793 1870 1794 1794 1870 1871 1794 1871 1795 1795 1871 1872 1795 1872 1798 1872 1873 1797 1872 1797 1798 1797 1873 1874 1797 1874 1799 1872 1875 1874 1872 1874 1873 1799 1874 1876 1799 1876 1800 1800 1876 1877 1800 1877 1801 1801 1877 1878 1801 1878 1804 1803 1804 1878 1803 1878 1879 1803 1879 1880 1803 1880 1805 1878 1881 1880 1878 1880 1879 1805 1880 1882 1805 1882 1806 1881 1883 1882 1881 1882 1880 1806 1882 1884 1806 1884 1807 1883 1885 1884 1883 1884 1882 1807 1884 1886 1807 1886 1808 1885 1887 1886 1885 1886 1884 1808 1886 1888 1808 1888 1809 1887 1889 1888 1887 1888 1886 1809 1888 1890 1809 1890 1812 1889 1891 1890 1889 1890 1888 1812 1890 1892 1812 1892 1814 1814 1892 1893 1814 1893 1816 1815 1816 1893 1815 1893 1894 1815 1894 1895 1815 1895 1817 1893 1896 1895 1893 1895 1894 1817 1895 1897 1817 1897 1818 1896 1898 1897 1896 1897 1895 1818 1897 1899 1818 1899 1819 1819 1899 1900 1819 1900 1820 1820 1900 1901 1820 1901 1821 1821 1901 1902 1821 1902 1822 1822 1902 1903 1822 1903 1823 1823 1903 1904 1823 1904 1824 1824 1904 1905 1824 1905 1827 1905 1906 1826 1905 1826 1827 1826 1906 1907 1826 1907 1828 1905 1908 1907 1905 1907 1906 1828 1907 1909 1828 1909 1831 1908 1910 1909 1908 1909 1907 1831 1909 1911 1831 1911 1833 1910 1912 1911 1910 1911 1909 1833 1911 1913 1833 1913 1835 1912 1914 1913 1912 1913 1911 1835 1913 1915 1835 1915 1837 1914 1916 1915 1914 1915 1913 1838 1917 1918 1838 1918 1839 1919 1920 1918 1919 1918 1917 1839 1918 1921 1839 1921 1840 1920 1922 1921 1920 1921 1918 1840 1921 1923 1840 1923 1841 1922 1924 1923 1922 1923 1921 1841 1923 1925 1841 1925 1842 1924 1926 1925 1924 1925 1923 1842 1925 1927 1842 1927 1843 1926 1928 1927 1926 1927 1925 1844 1843 1927 1844 1927 1929 1844 1929 1930 1844 1930 1845 1927 1931 1930 1927 1930 1929 1845 1930 1932 1845 1932 1848 1931 1933 1932 1931 1932 1930 1847 1848 1932 1847 1932 1934 1847 1934 1935 1847 1935 1849 1932 1936 1935 1932 1935 1934 1849 1935 1937 1849 1937 1850 1936 1938 1937 1936 1937 1935 1850 1937 1939 1850 1939 1853 1938 1940 1939 1938 1939 1937 1853 1939 1941 1853 1941 1854 1940 1942 1941 1940 1941 1939 1854 1941 1943 1854 1943 1855 1942 1944 1943 1942 1943 1941 1943 1944 1857 1943 1857 1855 1857 1944 1945 1857 1945 1858 1858 1945 1946 1858 1946 1859 1947 1948 1946 1947 1946 1945 1946 1948 1860 1946 1860 1859 1860 1948 1949 1860 1949 1861 1949 1950 1862 1949 1862 1861 1862 1950 1951 1862 1951 1863 1863 1951 1952 1863 1952 1864 1953 1954 1952 1953 1952 1951 1952 1954 1865 1952 1865 1864 1865 1954 1955 1865 1955 1866 1955 1956 1867 1955 1867 1866 1867 1956 1957 1867 1957 1868 1957 1958 1869 1957 1869 1868 1869 1958 1959 1869 1959 1870 1957 1960 1959 1957 1959 1958 1870 1959 1961 1870 1961 1871 1871 1961 1962 1871 1962 1872 1872 1962 1963 1872 1963 1875 1963 1964 1874 1963 1874 1875 1874 1964 1965 1874 1965 1876 1876 1965 1966 1876 1966 1877 1877 1966 1967 1877 1967 1878 1878 1967 1968 1878 1968 1881 1881 1968 1969 1881 1969 1883 1883 1969 1970 1883 1970 1885 1885 1970 1971 1885 1971 1887 1887 1971 1972 1887 1972 1889 1889 1972 1973 1889 1973 1891 1890 1891 1973 1890 1973 1974 1890 1974 1975 1890 1975 1892 1973 1976 1975 1973 1975 1974 1892 1975 1977 1892 1977 1893 1976 1978 1977 1976 1977 1975 1893 1977 1979 1893 1979 1896 1978 1980 1979 1978 1979 1977 1896 1979 1981 1896 1981 1898 1980 1982 1981 1980 1981 1979 1897 1898 1981 1897 1981 1983 1897 1983 1984 1897 1984 1899 1981 1985 1984 1981 1984 1983 1899 1984 1986 1899 1986 1900 1985 1987 1986 1985 1986 1984 1900 1986 1988 1900 1988 1901 1987 1989 1988 1987 1988 1986 1901 1988 1990 1901 1990 1902 1902 1990 1991 1902 1991 1903 1903 1991 1992 1903 1992 1904 1904 1992 1993 1904 1993 1905 1905 1993 1994 1905 1994 1908 1908 1994 1995 1908 1995 1910 1910 1995 1996 1910 1996 1912 1912 1996 1997 1912 1997 1914 1914 1997 1998 1914 1998 1916 1919 1999 2000 1919 2000 1920 2001 2002 2000 2001 2000 1999 1920 2000 2003 1920 2003 1922 2002 2004 2003 2002 2003 2000 1922 2003 2005 1922 2005 1924 2004 2006 2005 2004 2005 2003 1924 2005 2007 1924 2007 1926 2006 2008 2007 2006 2007 2005 1926 2007 2009 1926 2009 1928 1927 1928 2009 1927 2009 2010 1927 2010 2011 1927 2011 1931 2009 2012 2011 2009 2011 2010 1931 2011 2013 1931 2013 1933 2012 2014 2013 2012 2013 2011 1932 1933 2013 1932 2013 2015 1932 2015 2016 1932 2016 1936 2013 2017 2016 2013 2016 2015 1936 2016 2018 1936 2018 1938 2017 2019 2018 2017 2018 2016 1938 2018 2020 1938 2020 1940 2019 2021 2020 2019 2020 2018 1940 2020 2022 1940 2022 1942 2021 2023 2022 2021 2022 2020 1942 2022 2024 1942 2024 1944 2023 2025 2024 2023 2024 2022 1944 2024 2026 1944 2026 1945 2025 2027 2026 2025 2026 2024 2026 2027 1947 2026 1947 1945 1947 2027 2028 1947 2028 1948 1948 2028 2029 1948 2029 1949 2030 2031 2029 2030 2029 2028 2029 2031 1950 2029 1950 1949 1950 2031 2032 1950 2032 1951 2032 2033 1953 2032 1953 1951 1953 2033 2034 1953 2034 1954 1954 2034 2035 1954 2035 1955 2035 2036 1956 2035 1956 1955 1956 2036 2037 1956 2037 1957 1957 2037 2038 1957 2038 1960 2038 2039 1959 2038 1959 1960 1959 2039 2040 1959 2040 1961 1961 2040 2041 1961 2041 1962 1962 2041 2042 1962 2042 1963 2042 2043 1964 2042 1964 1963 1964 2043 2044 1964 2044 1965 1965 2044 2045 1965 2045 1966 1966 2045 2046 1966 2046 1967 1967 2046 2047 1967 2047 1968 1968 2047 2048 1968 2048 1969 2049 2050 2048 2049 2048 2047 1969 2048 2051 1969 2051 1970 2050 2052 2051 2050 2051 2048 1970 2051 2053 1970 2053 1971 2052 2054 2053 2052 2053 2051 1971 2053 2055 1971 2055 1972 2054 2056 2055 2054 2055 2053 1972 2055 2057 1972 2057 1973 2056 2058 2057 2056 2057 2055 1973 2057 2059 1973 2059 1976 2058 2060 2059 2058 2059 2057 1976 2059 2061 1976 2061 1978 2060 2062 2061 2060 2061 2059 1978 2061 2063 1978 2063 1980 2062 2064 2063 2062 2063 2061 1980 2063 2065 1980 2065 1982 1981 1982 2065 1981 2065 2066 1981 2066 2067 1981 2067 1985 2065 2068 2067 2065 2067 2066 1985 2067 2069 1985 2069 1987 2068 2070 2069 2068 2069 2067 1987 2069 2071 1987 2071 1989 1988 1989 2071 1988 2071 2072 1988 2072 2073 1988 2073 1990 2071 2074 2073 2071 2073 2072 1990 2073 2075 1990 2075 1991 2074 2076 2075 2074 2075 2073 1991 2075 2077 1991 2077 1992 1992 2077 2078 1992 2078 1993 1993 2078 2079 1993 2079 1994 1994 2079 2080 1994 2080 1995 1995 2080 2081 1995 2081 1996 1996 2081 2082 1996 2082 1997 1997 2082 2083 1997 2083 1998 2001 2084 2085 2001 2085 2002 2086 2087 2085 2086 2085 2084 2002 2085 2088 2002 2088 2004 2087 2089 2088 2087 2088 2085 2004 2088 2090 2004 2090 2006 2089 2091 2090 2089 2090 2088 2006 2090 2092 2006 2092 2008 2091 2093 2092 2091 2092 2090 2007 2008 2092 2007 2092 2094 2007 2094 2095 2007 2095 2009 2093 2096 2095 2093 2095 2094 2009 2095 2097 2009 2097 2012 2098 2099 2097 2098 2097 2095 2012 2097 2100 2012 2100 2014 2099 2101 2100 2099 2100 2097 2013 2014 2100 2013 2100 2102 2013 2102 2103 2013 2103 2017 2101 2104 2103 2101 2103 2102 2017 2103 2105 2017 2105 2019 2106 2107 2105 2106 2105 2103 2019 2105 2108 2019 2108 2021 2107 2109 2108 2107 2108 2105 2021 2108 2110 2021 2110 2023 2109 2111 2110 2109 2110 2108 2023 2110 2112 2023 2112 2025 2111 2113 2112 2111 2112 2110 2025 2112 2114 2025 2114 2027 2113 2115 2114 2113 2114 2112 2027 2114 2116 2027 2116 2028 2115 2117 2116 2115 2116 2114 2116 2117 2030 2116 2030 2028 2030 2117 2118 2030 2118 2031 2031 2118 2119 2031 2119 2032 2120 2121 2119 2120 2119 2118 2119 2121 2033 2119 2033 2032 2033 2121 2122 2033 2122 2034 2034 2122 2123 2034 2123 2035 2124 2125 2123 2124 2123 2122 2123 2125 2036 2123 2036 2035 2036 2125 2126 2036 2126 2037 2037 2126 2127 2037 2127 2038 2127 2128 2039 2127 2039 2038 2039 2128 2129 2039 2129 2040 2040 2129 2130 2040 2130 2041 2041 2130 2131 2041 2131 2042 2131 2132 2043 2131 2043 2042 2043 2132 2133 2043 2133 2044 2044 2133 2134 2044 2134 2045 2045 2134 2135 2045 2135 2046 2046 2135 2136 2046 2136 2047 2137 2138 2136 2137 2136 2135 2136 2138 2049 2136 2049 2047 2049 2138 2139 2049 2139 2050 2050 2139 2140 2050 2140 2052 2052 2140 2141 2052 2141 2054 2054 2141 2142 2054 2142 2056 2143 2144 2142 2143 2142 2141 2056 2142 2145 2056 2145 2058 2144 2146 2145 2144 2145 2142 2058 2145 2147 2058 2147 2060 2146 2148 2147 2146 2147 2145 2060 2147 2149 2060 2149 2062 2148 2150 2149 2148 2149 2147 2062 2149 2151 2062 2151 2064 2150 2152 2151 2150 2151 2149 2063 2064 2151 2063 2151 2153 2063 2153 2154 2063 2154 2065 2152 2155 2154 2152 2154 2153 2065 2154 2156 2065 2156 2068 2157 2158 2156 2157 2156 2154 2068 2156 2159 2068 2159 2070 2158 2160 2159 2158 2159 2156 2069 2070 2159 2069 2159 2161 2069 2161 2162 2069 2162 2071 2159 2163 2162 2159 2162 2161 2071 2162 2164 2071 2164 2074 2163 2165 2164 2163 2164 2162 2074 2164 2166 2074 2166 2076 2075 2076 2166 2075 2166 2167 2075 2167 2168 2075 2168 2077 2166 2169 2168 2166 2168 2167 2077 2168 2170 2077 2170 2078 2169 2171 2170 2169 2170 2168 2078 2170 2172 2078 2172 2079 2079 2172 2173 2079 2173 2080 2080 2173 2174 2080 2174 2081 2081 2174 2175 2081 2175 2082 2082 2175 2176 2082 2176 2083 2086 2177 2178 2086 2178 2087 2179 2180 2178 2179 2178 2177 2087 2178 2181 2087 2181 2089 2180 2182 2181 2180 2181 2178 2089 2181 2183 2089 2183 2091 2182 2184 2183 2182 2183 2181 2091 2183 2185 2091 2185 2093 2184 2186 2185 2184 2185 2183 2093 2185 2187 2093 2187 2096 2186 2188 2187 2186 2187 2185 2098 2096 2187 2098 2187 2189 2098 2189 2190 2098 2190 2099 2188 2191 2190 2188 2190 2189 2099 2190 2192 2099 2192 2101 2191 2193 2192 2191 2192 2190 2101 2192 2194 2101 2194 2104 2195 2196 2194 2195 2194 2192 2106 2104 2194 2106 2194 2197 2106 2197 2198 2106 2198 2107 2196 2199 2198 2196 2198 2197 2107 2198 2200 2107 2200 2109 2201 2202 2200 2201 2200 2198 2109 2200 2203 2109 2203 2111 2202 2204 2203 2202 2203 2200 2111 2203 2205 2111 2205 2113 2204 2206 2205 2204 2205 2203 2113 2205 2207 2113 2207 2115 2206 2208 2207 2206 2207 2205 2115 2207 2209 2115 2209 2117 2208 2210 2209 2208 2209 2207 2117 2209 2211 2117 2211 2118 2210 2212 2211 2210 2211 2209 2211 2212 2120 2211 2120 2118 2120 2212 2213 2120 2213 2121 2121 2213 2214 2121 2214 2122 2215 2216 2214 2215 2214 2213 2214 2216 2124 2214 2124 2122 2124 2216 2217 2124 2217 2125 2125 2217 2218 2125 2218 2126 2126 2218 2219 2126 2219 2127 2219 2220 2128 2219 2128 2127 2128 2220 2221 2128 2221 2129 2129 2221 2222 2129 2222 2130 2130 2222 2223 2130 2223 2131 2223 2224 2132 2223 2132 2131 2132 2224 2225 2132 2225 2133 2133 2225 2226 2133 2226 2134 2134 2226 2227 2134 2227 2135 2227 2228 2137 2227 2137 2135 2137 2228 2229 2137 2229 2138 2138 2229 2230 2138 2230 2139 2139 2230 2231 2139 2231 2140 2140 2231 2232 2140 2232 2141 2233 2234 2232 2233 2232 2231 2232 2234 2143 2232 2143 2141 2143 2234 2235 2143 2235 2144 2144 2235 2236 2144 2236 2146 2146 2236 2237 2146 2237 2148 2238 2239 2237 2238 2237 2236 2148 2237 2240 2148 2240 2150 2239 2241 2240 2239 2240 2237 2150 2240 2242 2150 2242 2152 2241 2243 2242 2241 2242 2240 2152 2242 2244 2152 2244 2155 2157 2155 2244 2157 2244 2245 2157 2245 2246 2157 2246 2158 2244 2247 2246 2244 2246 2245 2158 2246 2248 2158 2248 2160 2247 2249 2248 2247 2248 2246 2159 2160 2248 2159 2248 2250 2159 2250 2251 2159 2251 2163 2248 2252 2251 2248 2251 2250 2163 2251 2253 2163 2253 2165 2252 2254 2253 2252 2253 2251 2164 2165 2253 2164 2253 2255 2164 2255 2256 2164 2256 2166 2253 2257 2256 2253 2256 2255 2166 2256 2258 2166 2258 2169 2257 2259 2258 2257 2258 2256 2169 2258 2260 2169 2260 2171 2170 2171 2260 2170 2260 2261 2170 2261 2262 2170 2262 2172 2260 2263 2262 2260 2262 2261 2172 2262 2264 2172 2264 2173 2263 2265 2264 2263 2264 2262 2173 2264 2266 2173 2266 2174 2265 2267 2266 2265 2266 2264 2174 2266 2268 2174 2268 2175 2267 2269 2268 2267 2268 2266 2175 2268 2270 2175 2270 2176 2269 2271 2270 2269 2270 2268 2179 2272 2273 2179 2273 2180 2274 2275 2273 2274 2273 2272 2180 2273 2276 2180 2276 2182 2275 2277 2276 2275 2276 2273 2182 2276 2278 2182 2278 2184 2277 2279 2278 2277 2278 2276 2184 2278 2280 2184 2280 2186 2279 2281 2280 2279 2280 2278 2186 2280 2282 2186 2282 2188 2281 2283 2282 2281 2282 2280 2188 2282 2284 2188 2284 2191 2283 2285 2284 2283 2284 2282 2191 2284 2286 2191 2286 2193 2287 2288 2286 2287 2286 2284 2195 2193 2286 2195 2286 2289 2195 2289 2290 2195 2290 2196 2288 2291 2290 2288 2290 2289 2196 2290 2292 2196 2292 2199 2293 2294 2292 2293 2292 2290 2201 2199 2292 2201 2292 2295 2201 2295 2296 2201 2296 2202 2294 2297 2296 2294 2296 2295 2202 2296 2298 2202 2298 2204 2297 2299 2298 2297 2298 2296 2204 2298 2300 2204 2300 2206 2301 2302 2300 2301 2300 2298 2206 2300 2303 2206 2303 2208 2302 2304 2303 2302 2303 2300 2208 2303 2305 2208 2305 2210 2304 2306 2305 2304 2305 2303 2210 2305 2307 2210 2307 2212 2306 2308 2307 2306 2307 2305 2212 2307 2309 2212 2309 2213 2308 2310 2309 2308 2309 2307 2309 2310 2215 2309 2215 2213 2215 2310 2311 2215 2311 2216 2216 2311 2312 2216 2312 2217 2217 2312 2313 2217 2313 2218 2218 2313 2314 2218 2314 2219 2315 2316 2314 2315 2314 2313 2314 2316 2220 2314 2220 2219 2220 2316 2317 2220 2317 2221 2221 2317 2318 2221 2318 2222 2222 2318 2319 2222 2319 2223 2319 2320 2224 2319 2224 2223 2224 2320 2321 2224 2321 2225 2225 2321 2322 2225 2322 2226 2226 2322 2323 2226 2323 2227 2323 2324 2228 2323 2228 2227 2228 2324 2325 2228 2325 2229 2229 2325 2326 2229 2326 2230 2230 2326 2327 2230 2327 2231 2328 2329 2327 2328 2327 2326 2327 2329 2233 2327 2233 2231 2233 2329 2330 2233 2330 2234 2234 2330 2331 2234 2331 2235 2235 2331 2332 2235 2332 2236 2333 2334 2332 2333 2332 2331 2332 2334 2238 2332 2238 2236 2238 2334 2335 2238 2335 2239 2239 2335 2336 2239 2336 2241 2241 2336 2337 2241 2337 2243 2242 2243 2337 2242 2337 2338 2242 2338 2339 2242 2339 2244 2337 2340 2339 2337 2339 2338 2244 2339 2341 2244 2341 2247 2340 2342 2341 2340 2341 2339 2247 2341 2343 2247 2343 2249 2342 2344 2343 2342 2343 2341 2248 2249 2343 2248 2343 2345 2248 2345 2346 2248 2346 2252 2343 2347 2346 2343 2346 2345 2252 2346 2348 2252 2348 2254 2347 2349 2348 2347 2348 2346 2253 2254 2348 2253 2348 2350 2253 2350 2351 2253 2351 2257 2348 2352 2351 2348 2351 2350 2257 2351 2353 2257 2353 2259 2352 2354 2353 2352 2353 2351 2258 2259 2353 2258 2353 2355 2258 2355 2356 2258 2356 2260 2353 2357 2356 2353 2356 2355 2260 2356 2358 2260 2358 2263 2357 2359 2358 2357 2358 2356 2263 2358 2360 2263 2360 2265 2265 2360 2361 2265 2361 2267 2267 2361 2362 2267 2362 2269 2269 2362 2363 2269 2363 2271 2274 2364 2365 2274 2365 2275 2366 2367 2365 2366 2365 2364 2275 2365 2368 2275 2368 2277 2367 2369 2368 2367 2368 2365 2277 2368 2370 2277 2370 2279 2369 2371 2370 2369 2370 2368 2279 2370 2372 2279 2372 2281 2371 2373 2372 2371 2372 2370 2281 2372 2374 2281 2374 2283 2373 2375 2374 2373 2374 2372 2283 2374 2376 2283 2376 2285 2377 2378 2376 2377 2376 2374 2287 2285 2376 2287 2376 2379 2287 2379 2380 2287 2380 2288 2378 2381 2380 2378 2380 2379 2288 2380 2382 2288 2382 2291 2381 2383 2382 2381 2382 2380 2293 2291 2382 2293 2382 2384 2293 2384 2385 2293 2385 2294 2386 2387 2385 2386 2385 2384 2294 2385 2388 2294 2388 2297 2387 2389 2388 2387 2388 2385 2297 2388 2390 2297 2390 2299 2391 2392 2390 2391 2390 2388 2301 2299 2390 2301 2390 2393 2301 2393 2394 2301 2394 2302 2392 2395 2394 2392 2394 2393 2302 2394 2396 2302 2396 2304 2397 2398 2396 2397 2396 2394 2304 2396 2399 2304 2399 2306 2398 2400 2399 2398 2399 2396 2306 2399 2401 2306 2401 2308 2400 2402 2401 2400 2401 2399 2308 2401 2403 2308 2403 2310 2402 2404 2403 2402 2403 2401 2310 2403 2405 2310 2405 2311 2404 2406 2405 2404 2405 2403 2311 2405 2407 2311 2407 2312 2406 2408 2407 2406 2407 2405 2312 2407 2409 2312 2409 2313 2408 2410 2409 2408 2409 2407 2409 2410 2315 2409 2315 2313 2315 2410 2411 2315 2411 2316 2316 2411 2412 2316 2412 2317 2317 2412 2413 2317 2413 2318 2318 2413 2414 2318 2414 2319 2414 2415 2320 2414 2320 2319 2320 2415 2416 2320 2416 2321 2414 2417 2416 2414 2416 2415 2321 2416 2418 2321 2418 2322 2322 2418 2419 2322 2419 2323 2419 2420 2324 2419 2324 2323 2324 2420 2421 2324 2421 2325 2325 2421 2422 2325 2422 2326 2422 2423 2328 2422 2328 2326 2328 2423 2424 2328 2424 2329 2329 2424 2425 2329 2425 2330 2330 2425 2426 2330 2426 2331 2427 2428 2426 2427 2426 2425 2426 2428 2333 2426 2333 2331 2333 2428 2429 2333 2429 2334 2334 2429 2430 2334 2430 2335 2335 2430 2431 2335 2431 2336 2432 2433 2431 2432 2431 2430 2336 2431 2434 2336 2434 2337 2433 2435 2434 2433 2434 2431 2337 2434 2436 2337 2436 2340 2435 2437 2436 2435 2436 2434 2340 2436 2438 2340 2438 2342 2437 2439 2438 2437 2438 2436 2342 2438 2440 2342 2440 2344 2439 2441 2440 2439 2440 2438 2343 2344 2440 2343 2440 2442 2343 2442 2443 2343 2443 2347 2440 2444 2443 2440 2443 2442 2347 2443 2445 2347 2445 2349 2444 2446 2445 2444 2445 2443 2348 2349 2445 2348 2445 2447 2348 2447 2448 2348 2448 2352 2445 2449 2448 2445 2448 2447 2352 2448 2450 2352 2450 2354 2449 2451 2450 2449 2450 2448 2353 2354 2450 2353 2450 2452 2353 2452 2453 2353 2453 2357 2450 2454 2453 2450 2453 2452 2357 2453 2455 2357 2455 2359 2358 2359 2455 2358 2455 2456 2358 2456 2457 2358 2457 2360 2455 2458 2457 2455 2457 2456 2360 2457 2459 2360 2459 2361 2458 2460 2459 2458 2459 2457 2361 2459 2461 2361 2461 2362 2460 2462 2461 2460 2461 2459 2362 2461 2463 2362 2463 2363 2462 2464 2463 2462 2463 2461 2366 2465 2466 2366 2466 2367 2467 2468 2466 2467 2466 2465 2367 2466 2469 2367 2469 2369 2468 2470 2469 2468 2469 2466 2369 2469 2471 2369 2471 2371 2470 2472 2471 2470 2471 2469 2371 2471 2473 2371 2473 2373 2472 2474 2473 2472 2473 2471 2373 2473 2475 2373 2475 2375 2476 2477 2475 2476 2475 2473 2377 2375 2475 2377 2475 2478 2377 2478 2479 2377 2479 2378 2477 2480 2479 2477 2479 2478 2378 2479 2481 2378 2481 2381 2480 2482 2481 2480 2481 2479 2381 2481 2483 2381 2483 2383 2484 2485 2483 2484 2483 2481 2386 2383 2483 2386 2483 2486 2386 2486 2487 2386 2487 2387 2485 2488 2487 2485 2487 2486 2387 2487 2489 2387 2489 2389 2490 2491 2489 2490 2489 2487 2391 2389 2489 2391 2489 2492 2391 2492 2493 2391 2493 2392 2489 2494 2493 2489 2493 2492 2392 2493 2495 2392 2495 2395 2494 2496 2495 2494 2495 2493 2397 2395 2495 2397 2495 2497 2397 2497 2498 2397 2498 2398 2495 2499 2498 2495 2498 2497 2398 2498 2500 2398 2500 2400 2499 2501 2500 2499 2500 2498 2400 2500 2502 2400 2502 2402 2501 2503 2502 2501 2502 2500 2402 2502 2504 2402 2504 2404 2404 2504 2505 2404 2505 2406 2406 2505 2506 2406 2506 2408 2408 2506 2507 2408 2507 2410 2410 2507 2508 2410 2508 2411 2411 2508 2509 2411 2509 2412 2412 2509 2510 2412 2510 2413 2413 2510 2511 2413 2511 2414 2414 2511 2512 2414 2512 2417 2512 2513 2416 2512 2416 2417 2416 2513 2514 2416 2514 2418 2418 2514 2515 2418 2515 2419 2515 2516 2420 2515 2420 2419 2420 2516 2517 2420 2517 2421 2515 2518 2517 2515 2517 2516 2421 2517 2519 2421 2519 2422 2519 2520 2423 2519 2423 2422 2423 2520 2521 2423 2521 2424 2519 2522 2521 2519 2521 2520 2424 2521 2523 2424 2523 2425 2523 2524 2427 2523 2427 2425 2427 2524 2525 2427 2525 2428 2523 2526 2525 2523 2525 2524 2428 2525 2527 2428 2527 2429 2429 2527 2528 2429 2528 2430 2528 2529 2432 2528 2432 2430 2432 2529 2530 2432 2530 2433 2433 2530 2531 2433 2531 2435 2435 2531 2532 2435 2532 2437 2437 2532 2533 2437 2533 2439 2534 2535 2533 2534 2533 2532 2439 2533 2536 2439 2536 2441 2440 2441 2536 2440 2536 2537 2440 2537 2538 2440 2538 2444 2536 2539 2538 2536 2538 2537 2444 2538 2540 2444 2540 2446 2539 2541 2540 2539 2540 2538 2445 2446 2540 2445 2540 2542 2445 2542 2543 2445 2543 2449 2540 2544 2543 2540 2543 2542 2449 2543 2545 2449 2545 2451 2450 2451 2545 2450 2545 2546 2450 2546 2547 2450 2547 2454 2545 2548 2547 2545 2547 2546 2453 2454 2547 2453 2547 2549 2453 2549 2550 2453 2550 2455 2547 2551 2550 2547 2550 2549 2455 2550 2552 2455 2552 2458 2551 2553 2552 2551 2552 2550 2458 2552 2554 2458 2554 2460 2553 2555 2554 2553 2554 2552 2460 2554 2556 2460 2556 2462 2555 2557 2556 2555 2556 2554 2462 2556 2558 2462 2558 2464 2557 2559 2558 2557 2558 2556 2467 2560 2561 2467 2561 2468 2562 2563 2561 2562 2561 2560 2468 2561 2564 2468 2564 2470 2563 2565 2564 2563 2564 2561 2470 2564 2566 2470 2566 2472 2565 2567 2566 2565 2566 2564 2472 2566 2568 2472 2568 2474 2567 2569 2568 2567 2568 2566 2476 2474 2568 2476 2568 2570 2476 2570 2571 2476 2571 2477 2569 2572 2571 2569 2571 2570 2477 2571 2573 2477 2573 2480 2574 2575 2573 2574 2573 2571 2480 2573 2576 2480 2576 2482 2575 2577 2576 2575 2576 2573 2484 2482 2576 2484 2576 2578 2484 2578 2579 2484 2579 2485 2576 2580 2579 2576 2579 2578 2485 2579 2581 2485 2581 2488 2580 2582 2581 2580 2581 2579 2490 2488 2581 2490 2581 2583 2490 2583 2584 2490 2584 2491 2581 2585 2584 2581 2584 2583 2489 2491 2584 2489 2584 2586 2489 2586 2587 2489 2587 2494 2585 2588 2587 2585 2587 2586 2494 2587 2589 2494 2589 2496 2590 2591 2589 2590 2589 2587 2495 2496 2589 2495 2589 2592 2495 2592 2593 2495 2593 2499 2589 2594 2593 2589 2593 2592 2499 2593 2595 2499 2595 2501 2594 2596 2595 2594 2595 2593 2501 2595 2597 2501 2597 2503 2502 2503 2597 2502 2597 2598 2502 2598 2599 2502 2599 2504 2597 2600 2599 2597 2599 2598 2504 2599 2601 2504 2601 2505 2600 2602 2601 2600 2601 2599 2505 2601 2603 2505 2603 2506 2506 2603 2604 2506 2604 2507 2507 2604 2605 2507 2605 2508 2508 2605 2606 2508 2606 2509 2509 2606 2607 2509 2607 2510 2510 2607 2608 2510 2608 2511 2511 2608 2609 2511 2609 2512 2609 2610 2513 2609 2513 2512 2513 2610 2611 2513 2611 2514 2609 2612 2611 2609 2611 2610 2514 2611 2613 2514 2613 2515 2515 2613 2614 2515 2614 2518 2614 2615 2517 2614 2517 2518 2517 2615 2616 2517 2616 2519 2614 2617 2616 2614 2616 2615 2519 2616 2618 2519 2618 2522 2618 2619 2521 2618 2521 2522 2521 2619 2620 2521 2620 2523 2618 2621 2620 2618 2620 2619 2523 2620 2622 2523 2622 2526 2622 2623 2525 2622 2525 2526 2525 2623 2624 2525 2624 2527 2527 2624 2625 2527 2625 2528 2625 2626 2529 2625 2529 2528 2529 2626 2627 2529 2627 2530 2530 2627 2628 2530 2628 2531 2531 2628 2629 2531 2629 2532 2630 2631 2629 2630 2629 2628 2629 2631 2534 2629 2534 2532 2534 2631 2632 2534 2632 2535 2533 2535 2632 2533 2632 2633 2533 2633 2634 2533 2634 2536 2632 2635 2634 2632 2634 2633 2536 2634 2636 2536 2636 2539 2635 2637 2636 2635 2636 2634 2539 2636 2638 2539 2638 2541 2540 2541 2638 2540 2638 2639 2540 2639 2640 2540 2640 2544 2638 2641 2640 2638 2640 2639 2543 2544 2640 2543 2640 2642 2543 2642 2643 2543 2643 2545 2640 2644 2643 2640 2643 2642 2545 2643 2645 2545 2645 2548 2547 2548 2645 2547 2645 2646 2547 2646 2647 2547 2647 2551 2645 2648 2647 2645 2647 2646 2551 2647 2649 2551 2649 2553 2553 2649 2650 2553 2650 2555 2555 2650 2651 2555 2651 2557 2557 2651 2652 2557 2652 2559 2562 2653 2654 2562 2654 2563 2655 2656 2654 2655 2654 2653 2563 2654 2657 2563 2657 2565 2656 2658 2657 2656 2657 2654 2565 2657 2659 2565 2659 2567 2658 2660 2659 2658 2659 2657 2567 2659 2661 2567 2661 2569 2660 2662 2661 2660 2661 2659 2569 2661 2663 2569 2663 2572 2662 2664 2663 2662 2663 2661 2574 2572 2663 2574 2663 2665 2574 2665 2666 2574 2666 2575 2663 2667 2666 2663 2666 2665 2575 2666 2668 2575 2668 2577 2667 2669 2668 2667 2668 2666 2576 2577 2668 2576 2668 2670 2576 2670 2671 2576 2671 2580 2668 2672 2671 2668 2671 2670 2580 2671 2673 2580 2673 2582 2672 2674 2673 2672 2673 2671 2581 2582 2673 2581 2673 2675 2581 2675 2676 2581 2676 2585 2673 2677 2676 2673 2676 2675 2585 2676 2678 2585 2678 2588 2590 2588 2678 2590 2678 2679 2590 2679 2680 2590 2680 2591 2678 2681 2680 2678 2680 2679 2589 2591 2680 2589 2680 2682 2589 2682 2683 2589 2683 2594 2680 2684 2683 2680 2683 2682 2594 2683 2685 2594 2685 2596 2684 2686 2685 2684 2685 2683 2595 2596 2685 2595 2685 2687 2595 2687 2688 2595 2688 2597 2685 2689 2688 2685 2688 2687 2597 2688 2690 2597 2690 2600 2689 2691 2690 2689 2690 2688 2600 2690 2692 2600 2692 2602 2601 2602 2692 2601 2692 2693 2601 2693 2694 2601 2694 2603 2692 2695 2694 2692 2694 2693 2603 2694 2696 2603 2696 2604 2695 2697 2696 2695 2696 2694 2604 2696 2698 2604 2698 2605 2605 2698 2699 2605 2699 2606 2606 2699 2700 2606 2700 2607 2607 2700 2701 2607 2701 2608 2608 2701 2702 2608 2702 2609 2609 2702 2703 2609 2703 2612 2703 2704 2611 2703 2611 2612 2611 2704 2705 2611 2705 2613 2703 2706 2705 2703 2705 2704 2613 2705 2707 2613 2707 2614 2706 2708 2707 2706 2707 2705 2614 2707 2709 2614 2709 2617 2709 2710 2616 2709 2616 2617 2616 2710 2711 2616 2711 2618 2709 2712 2711 2709 2711 2710 2618 2711 2713 2618 2713 2621 2713 2714 2620 2713 2620 2621 2620 2714 2715 2620 2715 2622 2715 2716 2623 2715 2623 2622 2623 2716 2717 2623 2717 2624 2715 2718 2717 2715 2717 2716 2624 2717 2719 2624 2719 2625 2719 2720 2626 2719 2626 2625 2626 2720 2721 2626 2721 2627 2719 2722 2721 2719 2721 2720 2627 2721 2723 2627 2723 2628 2723 2724 2630 2723 2630 2628 2630 2724 2725 2630 2725 2631 2723 2726 2725 2723 2725 2724 2631 2725 2727 2631 2727 2632 2632 2727 2728 2632 2728 2635 2635 2728 2729 2635 2729 2637 2636 2637 2729 2636 2729 2730 2636 2730 2731 2636 2731 2638 2638 2731 2732 2638 2732 2641 2640 2641 2732 2640 2732 2733 2640 2733 2734 2640 2734 2644 2643 2644 2734 2643 2734 2735 2643 2735 2736 2643 2736 2645 2734 2737 2736 2734 2736 2735 2645 2736 2738 2645 2738 2648 2647 2648 2738 2647 2738 2739 2647 2739 2740 2647 2740 2649 2738 2741 2740 2738 2740 2739 2649 2740 2742 2649 2742 2650 2741 2743 2742 2741 2742 2740 2650 2742 2744 2650 2744 2651 2743 2745 2744 2743 2744 2742 2651 2744 2746 2651 2746 2652 2745 2747 2746 2745 2746 2744 2655 2748 2749 2655 2749 2656 2750 2751 2749 2750 2749 2748 2656 2749 2752 2656 2752 2658 2751 2753 2752 2751 2752 2749 2658 2752 2754 2658 2754 2660 2753 2755 2754 2753 2754 2752 2660 2754 2756 2660 2756 2662 2755 2757 2756 2755 2756 2754 2662 2756 2758 2662 2758 2664 2757 2759 2758 2757 2758 2756 2663 2664 2758 2663 2758 2760 2663 2760 2761 2663 2761 2667 2758 2762 2761 2758 2761 2760 2667 2761 2763 2667 2763 2669 2762 2764 2763 2762 2763 2761 2668 2669 2763 2668 2763 2765 2668 2765 2766 2668 2766 2672 2763 2767 2766 2763 2766 2765 2672 2766 2768 2672 2768 2674 2673 2674 2768 2673 2768 2769 2673 2769 2770 2673 2770 2677 2768 2771 2770 2768 2770 2769 2676 2677 2770 2676 2770 2772 2676 2772 2773 2676 2773 2678 2770 2774 2773 2770 2773 2772 2678 2773 2775 2678 2775 2681 2680 2681 2775 2680 2775 2776 2680 2776 2777 2680 2777 2684 2775 2778 2777 2775 2777 2776 2684 2777 2779 2684 2779 2686 2685 2686 2779 2685 2779 2780 2685 2780 2781 2685 2781 2689 2779 2782 2781 2779 2781 2780 2689 2781 2783 2689 2783 2691 2690 2691 2783 2690 2783 2784 2690 2784 2785 2690 2785 2692 2783 2786 2785 2783 2785 2784 2692 2785 2787 2692 2787 2695 2695 2787 2788 2695 2788 2697 2696 2697 2788 2696 2788 2789 2696 2789 2790 2696 2790 2698 2788 2791 2790 2788 2790 2789 2698 2790 2792 2698 2792 2699 2699 2792 2793 2699 2793 2700 2700 2793 2794 2700 2794 2701 2701 2794 2795 2701 2795 2702 2702 2795 2796 2702 2796 2703 2703 2796 2797 2703 2797 2706 2706 2797 2798 2706 2798 2708 2798 2799 2707 2798 2707 2708 2707 2799 2800 2707 2800 2709 2798 2801 2800 2798 2800 2799 2709 2800 2802 2709 2802 2712 2802 2803 2711 2802 2711 2712 2711 2803 2804 2711 2804 2713 2802 2805 2804 2802 2804 2803 2804 2806 2714 2804 2714 2713 2714 2806 2807 2714 2807 2715 2804 2808 2807 2804 2807 2806 2715 2807 2809 2715 2809 2718 2809 2810 2717 2809 2717 2718 2717 2810 2811 2717 2811 2719 2809 2812 2811 2809 2811 2810 2719 2811 2813 2719 2813 2722 2813 2814 2721 2813 2721 2722 2721 2814 2815 2721 2815 2723 2813 2816 2815 2813 2815 2814 2723 2815 2817 2723 2817 2726 2817 2818 2725 2817 2725 2726 2725 2818 2819 2725 2819 2727 2817 2820 2819 2817 2819 2818 2727 2819 2821 2727 2821 2728 2820 2822 2821 2820 2821 2819 2728 2821 2823 2728 2823 2729 2822 2824 2823 2822 2823 2821 2730 2729 2823 2730 2823 2824 2730 2824 2825 2730 2825 2731 2731 2825 2826 2731 2826 2732 2733 2732 2826 2733 2826 2827 2733 2827 2828 2733 2828 2734 2734 2828 2829 2734 2829 2737 2736 2737 2829 2736 2829 2830 2736 2830 2831 2736 2831 2738 2738 2831 2832 2738 2832 2741 2741 2832 2833 2741 2833 2743 2743 2833 2834 2743 2834 2745 2745 2834 2835 2745 2835 2747 2750 2836 2837 2750 2837 2751 2751 2837 2838 2751 2838 2753 2753 2838 2839 2753 2839 2755 2755 2839 2840 2755 2840 2757 2757 2840 2841 2757 2841 2759 2758 2759 2841 2758 2841 2842 2758 2842 2843 2758 2843 2762 2762 2843 2844 2762 2844 2764 2763 2764 2844 2763 2844 2845 2763 2845 2846 2763 2846 2767 2766 2767 2846 2766 2846 2847 2766 2847 2848 2766 2848 2768 2846 2849 2848 2846 2848 2847 2768 2848 2850 2768 2850 2771 2770 2771 2850 2770 2850 2851 2770 2851 2852 2770 2852 2774 2773 2774 2852 2773 2852 2853 2773 2853 2854 2773 2854 2775 2852 2855 2854 2852 2854 2853 2775 2854 2856 2775 2856 2778 2777 2778 2856 2777 2856 2857 2777 2857 2858 2777 2858 2779 2779 2858 2859 2779 2859 2782 2781 2782 2859 2781 2859 2860 2781 2860 2861 2781 2861 2783 2859 2862 2861 2859 2861 2860 2783 2861 2863 2783 2863 2786 2785 2786 2863 2785 2863 2864 2785 2864 2865 2785 2865 2787 2863 2866 2865 2863 2865 2864 2787 2865 2867 2787 2867 2788 2788 2867 2868 2788 2868 2791 2790 2791 2868 2790 2868 2869 2790 2869 2870 2790 2870 2792 2868 2871 2870 2868 2870 2869 2792 2870 2872 2792 2872 2793 2793 2872 2873 2793 2873 2794 2794 2873 2874 2794 2874 2795 2795 2874 2875 2795 2875 2796 2796 2875 2876 2796 2876 2797 2797 2876 2877 2797 2877 2798 2798 2877 2878 2798 2878 2801 2878 2879 2800 2878 2800 2801 2800 2879 2880 2800 2880 2802 2878 2881 2880 2878 2880 2879 2802 2880 2882 2802 2882 2805 2882 2883 2804 2882 2804 2805 2804 2883 2884 2804 2884 2808 2882 2885 2884 2882 2884 2883 2884 2886 2807 2884 2807 2808 2807 2886 2887 2807 2887 2809 2884 2888 2887 2884 2887 2886 2809 2887 2889 2809 2889 2812 2888 2890 2889 2888 2889 2887 2889 2891 2811 2889 2811 2812 2811 2891 2892 2811 2892 2813 2889 2893 2892 2889 2892 2891 2813 2892 2894 2813 2894 2816 2894 2895 2815 2894 2815 2816 2815 2895 2896 2815 2896 2817 2894 2897 2896 2894 2896 2895 2817 2896 2898 2817 2898 2820 2820 2898 2899 2820 2899 2822 2822 2899 2900 2822 2900 2824 2824 2900 2901 2824 2901 2825 2825 2901 2902 2825 2902 2826 2903 2904 2902 2903 2902 2901 2827 2826 2902 2827 2902 2904 2827 2904 2905 2827 2905 2828 2828 2905 2906 2828 2906 2829 2907 2908 2906 2907 2906 2905 2830 2829 2906 2830 2906 2908 2830 2908 2909 2830 2909 2831 2831 2909 2910 2831 2910 2832 2832 2910 2911 2832 2911 2833 2833 2911 2912 2833 2912 2834 2834 2912 2913 2834 2913 2835 2836 2914 2915 2836 2915 2837 2837 2915 2916 2837 2916 2838 2838 2916 2917 2838 2917 2839 2839 2917 2918 2839 2918 2840 2840 2918 2919 2840 2919 2841 2842 2841 2919 2842 2919 2920 2842 2920 2921 2842 2921 2843 2843 2921 2922 2843 2922 2844 2845 2844 2922 2845 2922 2923 2845 2923 2924 2845 2924 2846 2846 2924 2925 2846 2925 2849 2848 2849 2925 2848 2925 2926 2848 2926 2927 2848 2927 2850 2851 2850 2927 2851 2927 2928 2851 2928 2929 2851 2929 2852 2852 2929 2930 2852 2930 2855 2854 2855 2930 2854 2930 2931 2854 2931 2932 2854 2932 2856 2857 2856 2932 2857 2932 2933 2857 2933 2934 2857 2934 2858 2932 2935 2934 2932 2934 2933 2858 2934 2936 2858 2936 2859 2859 2936 2937 2859 2937 2862 2861 2862 2937 2861 2937 2938 2861 2938 2939 2861 2939 2863 2863 2939 2940 2863 2940 2866 2865 2866 2940 2865 2940 2941 2865 2941 2942 2865 2942 2867 2940 2943 2942 2940 2942 2941 2867 2942 2944 2867 2944 2868 2868 2944 2945 2868 2945 2871 2870 2871 2945 2870 2945 2946 2870 2946 2947 2870 2947 2872 2945 2948 2947 2945 2947 2946 2872 2947 2949 2872 2949 2873 2873 2949 2950 2873 2950 2874 2874 2950 2951 2874 2951 2875 2875 2951 2952 2875 2952 2876 2953 2954 2952 2953 2952 2951 2876 2952 2955 2876 2955 2877 2954 2956 2955 2954 2955 2952 2877 2955 2957 2877 2957 2878 2878 2957 2958 2878 2958 2881 2958 2959 2880 2958 2880 2881 2880 2959 2960 2880 2960 2882 2958 2961 2960 2958 2960 2959 2882 2960 2962 2882 2962 2885 2962 2963 2884 2962 2884 2885 2884 2963 2964 2884 2964 2888 2962 2965 2964 2962 2964 2963 2888 2964 2966 2888 2966 2890 2966 2967 2889 2966 2889 2890 2889 2967 2968 2889 2968 2893 2966 2969 2968 2966 2968 2967 2968 2970 2892 2968 2892 2893 2892 2970 2971 2892 2971 2894 2968 2972 2971 2968 2971 2970 2894 2971 2973 2894 2973 2897 2972 2974 2973 2972 2973 2971 2973 2975 2896 2973 2896 2897 2896 2975 2976 2896 2976 2898 2973 2977 2976 2973 2976 2975 2898 2976 2978 2898 2978 2899 2977 2979 2978 2977 2978 2976 2899 2978 2980 2899 2980 2900 2979 2981 2980 2979 2980 2978 2900 2980 2982 2900 2982 2901 2981 2983 2982 2981 2982 2980 2903 2901 2982 2903 2982 2983 2903 2983 2984 2903 2984 2904 2985 2986 2984 2985 2984 2983 2904 2984 2987 2904 2987 2905 2986 2988 2987 2986 2987 2984 2907 2905 2987 2907 2987 2988 2907 2988 2989 2907 2989 2908 2908 2989 2990 2908 2990 2909 2991 2992 2990 2991 2990 2989 2909 2990 2993 2909 2993 2910 2992 2994 2993 2992 2993 2990 2910 2993 2995 2910 2995 2911 2994 2996 2995 2994 2995 2993 2911 2995 2997 2911 2997 2912 2996 2998 2997 2996 2997 2995 2912 2997 2999 2912 2999 2913 2998 3000 2999 2998 2999 2997 2914 3001 3002 2914 3002 2915 3003 3004 3002 3003 3002 3001 2915 3002 3005 2915 3005 2916 3004 3006 3005 3004 3005 3002 2916 3005 3007 2916 3007 2917 3006 3008 3007 3006 3007 3005 2917 3007 3009 2917 3009 2918 3008 3010 3009 3008 3009 3007 2918 3009 3011 2918 3011 2919 3010 3012 3011 3010 3011 3009 2920 2919 3011 2920 3011 3012 2920 3012 3013 2920 3013 2921 2921 3013 3014 2921 3014 2922 3015 3016 3014 3015 3014 3013 2923 2922 3014 2923 3014 3016 2923 3016 3017 2923 3017 2924 2924 3017 3018 2924 3018 2925 3019 3020 3018 3019 3018 3017 2926 2925 3018 2926 3018 3020 2926 3020 3021 2926 3021 2927 2928 2927 3021 2928 3021 3022 2928 3022 3023 2928 3023 2929 2929 3023 3024 2929 3024 2930 2931 2930 3024 2931 3024 3025 2931 3025 3026 2931 3026 2932 2932 3026 3027 2932 3027 2935 2934 2935 3027 2934 3027 3028 2934 3028 3029 2934 3029 2936 2936 3029 3030 2936 3030 2937 2938 2937 3030 2938 3030 3031 2938 3031 3032 2938 3032 2939 3030 3033 3032 3030 3032 3031 2939 3032 3034 2939 3034 2940 2940 3034 3035 2940 3035 2943 2942 2943 3035 2942 3035 3036 2942 3036 3037 2942 3037 2944 3035 3038 3037 3035 3037 3036 2944 3037 3039 2944 3039 2945 2945 3039 3040 2945 3040 2948 2947 2948 3040 2947 3040 3041 2947 3041 3042 2947 3042 2949 2949 3042 3043 2949 3043 2950 2950 3043 3044 2950 3044 2951 2953 2951 3044 2953 3044 3045 2953 3045 3046 2953 3046 2954 2954 3046 3047 2954 3047 2956 3047 3048 2955 3047 2955 2956 2955 3048 3049 2955 3049 2957 3047 3050 3049 3047 3049 3048 2957 3049 3051 2957 3051 2958 3050 3052 3051 3050 3051 3049 2958 3051 3053 2958 3053 2961 3053 3054 2960 3053 2960 2961 2960 3054 3055 2960 3055 2962 3053 3056 3055 3053 3055 3054 2962 3055 3057 2962 3057 2965 3056 3058 3057 3056 3057 3055 3057 3059 2964 3057 2964 2965 2964 3059 3060 2964 3060 2966 3057 3061 3060 3057 3060 3059 2966 3060 3062 2966 3062 2969 3061 3063 3062 3061 3062 3060 3062 3064 2968 3062 2968 2969 2968 3064 3065 2968 3065 2972 3062 3066 3065 3062 3065 3064 2972 3065 3067 2972 3067 2974 3066 3068 3067 3066 3067 3065 3067 3069 2973 3067 2973 2974 2973 3069 3070 2973 3070 2977 3067 3071 3070 3067 3070 3069 2977 3070 3072 2977 3072 2979 3071 3073 3072 3071 3072 3070 2979 3072 3074 2979 3074 2981 3073 3075 3074 3073 3074 3072 2981 3074 3076 2981 3076 2983 3075 3077 3076 3075 3076 3074 2985 2983 3076 2985 3076 3077 2985 3077 3078 2985 3078 2986 3079 3080 3078 3079 3078 3077 2986 3078 3081 2986 3081 2988 3080 3082 3081 3080 3081 3078 2988 3081 3083 2988 3083 2989 3082 3084 3083 3082 3083 3081 2991 2989 3083 2991 3083 3084 2991 3084 3085 2991 3085 2992 3086 3087 3085 3086 3085 3084 2992 3085 3088 2992 3088 2994 3087 3089 3088 3087 3088 3085 2994 3088 3090 2994 3090 2996 3089 3091 3090 3089 3090 3088 2996 3090 3092 2996 3092 2998 3091 3093 3092 3091 3092 3090 2998 3092 3094 2998 3094 3000 3093 3095 3094 3093 3094 3092 3003 3096 3097 3003 3097 3004 3098 3099 3097 3098 3097 3096 3004 3097 3100 3004 3100 3006 3099 3101 3100 3099 3100 3097 3006 3100 3102 3006 3102 3008 3101 3103 3102 3101 3102 3100 3008 3102 3104 3008 3104 3010 3103 3105 3104 3103 3104 3102 3010 3104 3106 3010 3106 3012 3105 3107 3106 3105 3106 3104 3012 3106 3108 3012 3108 3013 3107 3109 3108 3107 3108 3106 3015 3013 3108 3015 3108 3109 3015 3109 3110 3015 3110 3016 3016 3110 3111 3016 3111 3017 3112 3113 3111 3112 3111 3110 3019 3017 3111 3019 3111 3113 3019 3113 3114 3019 3114 3020 3020 3114 3115 3020 3115 3021 3116 3117 3115 3116 3115 3114 3022 3021 3115 3022 3115 3117 3022 3117 3118 3022 3118 3023 3023 3118 3119 3023 3119 3024 3120 3121 3119 3120 3119 3118 3025 3024 3119 3025 3119 3121 3025 3121 3122 3025 3122 3026 3026 3122 3123 3026 3123 3027 3028 3027 3123 3028 3123 3124 3028 3124 3125 3028 3125 3029 3029 3125 3126 3029 3126 3030 3030 3126 3127 3030 3127 3033 3032 3033 3127 3032 3127 3128 3032 3128 3129 3032 3129 3034 3127 3130 3129 3127 3129 3128 3034 3129 3131 3034 3131 3035 3130 3132 3131 3130 3131 3129 3035 3131 3133 3035 3133 3038 3037 3038 3133 3037 3133 3134 3037 3134 3135 3037 3135 3039 3133 3136 3135 3133 3135 3134 3039 3135 3137 3039 3137 3040 3041 3040 3137 3041 3137 3138 3041 3138 3139 3041 3139 3042 3137 3140 3139 3137 3139 3138 3042 3139 3141 3042 3141 3043 3043 3141 3142 3043 3142 3044 3045 3044 3142 3045 3142 3143 3045 3143 3144 3045 3144 3046 3046 3144 3145 3046 3145 3047 3047 3145 3146 3047 3146 3050 3050 3146 3147 3050 3147 3052 3147 3148 3051 3147 3051 3052 3051 3148 3149 3051 3149 3053 3147 3150 3149 3147 3149 3148 3053 3149 3151 3053 3151 3056 3150 3152 3151 3150 3151 3149 3056 3151 3153 3056 3153 3058 3153 3154 3057 3153 3057 3058 3057 3154 3155 3057 3155 3061 3153 3156 3155 3153 3155 3154 3061 3155 3157 3061 3157 3063 3157 3158 3062 3157 3062 3063 3062 3158 3159 3062 3159 3066 3157 3160 3159 3157 3159 3158 3066 3159 3161 3066 3161 3068 3160 3162 3161 3160 3161 3159 3161 3163 3067 3161 3067 3068 3067 3163 3164 3067 3164 3071 3161 3165 3164 3161 3164 3163 3071 3164 3166 3071 3166 3073 3165 3167 3166 3165 3166 3164 3073 3166 3168 3073 3168 3075 3167 3169 3168 3167 3168 3166 3075 3168 3170 3075 3170 3077 3171 3172 3170 3171 3170 3168 3079 3077 3170 3079 3170 3173 3079 3173 3174 3079 3174 3080 3172 3175 3174 3172 3174 3173 3080 3174 3176 3080 3176 3082 3175 3177 3176 3175 3176 3174 3082 3176 3178 3082 3178 3084 3177 3179 3178 3177 3178 3176 3086 3084 3178 3086 3178 3179 3086 3179 3180 3086 3180 3087 3181 3182 3180 3181 3180 3179 3087 3180 3183 3087 3183 3089 3182 3184 3183 3182 3183 3180 3089 3183 3185 3089 3185 3091 3184 3186 3185 3184 3185 3183 3091 3185 3187 3091 3187 3093 3186 3188 3187 3186 3187 3185 3093 3187 3189 3093 3189 3095 3188 3190 3189 3188 3189 3187 3098 3191 3192 3098 3192 3099 3193 3194 3192 3193 3192 3191 3099 3192 3195 3099 3195 3101 3194 3196 3195 3194 3195 3192 3101 3195 3197 3101 3197 3103 3196 3198 3197 3196 3197 3195 3103 3197 3199 3103 3199 3105 3198 3200 3199 3198 3199 3197 3105 3199 3201 3105 3201 3107 3200 3202 3201 3200 3201 3199 3107 3201 3203 3107 3203 3109 3202 3204 3203 3202 3203 3201 3109 3203 3205 3109 3205 3110 3204 3206 3205 3204 3205 3203 3112 3110 3205 3112 3205 3206 3112 3206 3207 3112 3207 3113 3113 3207 3208 3113 3208 3114 3209 3210 3208 3209 3208 3207 3116 3114 3208 3116 3208 3210 3116 3210 3211 3116 3211 3117 3117 3211 3212 3117 3212 3118 3213 3214 3212 3213 3212 3211 3120 3118 3212 3120 3212 3214 3120 3214 3215 3120 3215 3121 3121 3215 3216 3121 3216 3122 3122 3216 3217 3122 3217 3123 3124 3123 3217 3124 3217 3218 3124 3218 3219 3124 3219 3125 3217 3220 3219 3217 3219 3218 3125 3219 3221 3125 3221 3126 3126 3221 3222 3126 3222 3127 3127 3222 3223 3127 3223 3130 3130 3223 3224 3130 3224 3132 3131 3132 3224 3131 3224 3225 3131 3225 3226 3131 3226 3133 3224 3227 3226 3224 3226 3225 3133 3226 3228 3133 3228 3136 3135 3136 3228 3135 3228 3229 3135 3229 3230 3135 3230 3137 3228 3231 3230 3228 3230 3229 3137 3230 3232 3137 3232 3140 3139 3140 3232 3139 3232 3233 3139 3233 3234 3139 3234 3141 3141 3234 3235 3141 3235 3142 3143 3142 3235 3143 3235 3236 3143 3236 3237 3143 3237 3144 3144 3237 3238 3144 3238 3145 3145 3238 3239 3145 3239 3146 3146 3239 3240 3146 3240 3147 3147 3240 3241 3147 3241 3150 3150 3241 3242 3150 3242 3152 3242 3243 3151 3242 3151 3152 3151 3243 3244 3151 3244 3153 3242 3245 3244 3242 3244 3243 3153 3244 3246 3153 3246 3156 3246 3247 3155 3246 3155 3156 3155 3247 3248 3155 3248 3157 3246 3249 3248 3246 3248 3247 3157 3248 3250 3157 3250 3160 3249 3251 3250 3249 3250 3248 3160 3250 3252 3160 3252 3162 3251 3253 3252 3251 3252 3250 3252 3254 3161 3252 3161 3162 3161 3254 3255 3161 3255 3165 3252 3256 3255 3252 3255 3254 3165 3255 3257 3165 3257 3167 3256 3258 3257 3256 3257 3255 3167 3257 3259 3167 3259 3169 3260 3261 3259 3260 3259 3257 3171 3169 3259 3171 3259 3262 3171 3262 3263 3171 3263 3172 3261 3264 3263 3261 3263 3262 3172 3263 3265 3172 3265 3175 3264 3266 3265 3264 3265 3263 3175 3265 3267 3175 3267 3177 3266 3268 3267 3266 3267 3265 3177 3267 3269 3177 3269 3179 3268 3270 3269 3268 3269 3267 3181 3179 3269 3181 3269 3270 3181 3270 3271 3181 3271 3182 3272 3273 3271 3272 3271 3270 3182 3271 3274 3182 3274 3184 3273 3275 3274 3273 3274 3271 3184 3274 3276 3184 3276 3186 3275 3277 3276 3275 3276 3274 3186 3276 3278 3186 3278 3188 3277 3279 3278 3277 3278 3276 3188 3278 3280 3188 3280 3190 3279 3281 3280 3279 3280 3278 3193 3282 3283 3193 3283 3194 3284 3285 3283 3284 3283 3282 3194 3283 3286 3194 3286 3196 3285 3287 3286 3285 3286 3283 3196 3286 3288 3196 3288 3198 3287 3289 3288 3287 3288 3286 3198 3288 3290 3198 3290 3200 3289 3291 3290 3289 3290 3288 3200 3290 3292 3200 3292 3202 3291 3293 3292 3291 3292 3290 3202 3292 3294 3202 3294 3204 3293 3295 3294 3293 3294 3292 3204 3294 3296 3204 3296 3206 3295 3297 3296 3295 3296 3294 3206 3296 3298 3206 3298 3207 3297 3299 3298 3297 3298 3296 3209 3207 3298 3209 3298 3299 3209 3299 3300 3209 3300 3210 3210 3300 3301 3210 3301 3211 3302 3303 3301 3302 3301 3300 3213 3211 3301 3213 3301 3303 3213 3303 3304 3213 3304 3214 3214 3304 3305 3214 3305 3215 3215 3305 3306 3215 3306 3216 3216 3306 3307 3216 3307 3217 3217 3307 3308 3217 3308 3220 3219 3220 3308 3219 3308 3309 3219 3309 3310 3219 3310 3221 3308 3311 3310 3308 3310 3309 3221 3310 3312 3221 3312 3222 3311 3313 3312 3311 3312 3310 3222 3312 3314 3222 3314 3223 3223 3314 3315 3223 3315 3224 3224 3315 3316 3224 3316 3227 3226 3227 3316 3226 3316 3317 3226 3317 3318 3226 3318 3228 3228 3318 3319 3228 3319 3231 3230 3231 3319 3230 3319 3320 3230 3320 3321 3230 3321 3232 3233 3232 3321 3233 3321 3322 3233 3322 3323 3233 3323 3234 3321 3324 3323 3321 3323 3322 3234 3323 3325 3234 3325 3235 3236 3235 3325 3236 3325 3326 3236 3326 3327 3236 3327 3237 3237 3327 3328 3237 3328 3238 3238 3328 3329 3238 3329 3239 3239 3329 3330 3239 3330 3240 3331 3332 3330 3331 3330 3329 3240 3330 3333 3240 3333 3241 3332 3334 3333 3332 3333 3330 3241 3333 3335 3241 3335 3242 3242 3335 3336 3242 3336 3245 3336 3337 3244 3336 3244 3245 3244 3337 3338 3244 3338 3246 3336 3339 3338 3336 3338 3337 3246 3338 3340 3246 3340 3249 3339 3341 3340 3339 3340 3338 3249 3340 3342 3249 3342 3251 3341 3343 3342 3341 3342 3340 3251 3342 3344 3251 3344 3253 3344 3345 3252 3344 3252 3253 3252 3345 3346 3252 3346 3256 3344 3347 3346 3344 3346 3345 3256 3346 3348 3256 3348 3258 3347 3349 3348 3347 3348 3346 3260 3258 3348 3260 3348 3349 3260 3349 3350 3260 3350 3261 3351 3352 3350 3351 3350 3349 3261 3350 3353 3261 3353 3264 3352 3354 3353 3352 3353 3350 3264 3353 3355 3264 3355 3266 3354 3356 3355 3354 3355 3353 3266 3355 3357 3266 3357 3268 3356 3358 3357 3356 3357 3355 3268 3357 3359 3268 3359 3270 3358 3360 3359 3358 3359 3357 3272 3270 3359 3272 3359 3360 3272 3360 3361 3272 3361 3273 3362 3363 3361 3362 3361 3360 3273 3361 3364 3273 3364 3275 3363 3365 3364 3363 3364 3361 3275 3364 3366 3275 3366 3277 3365 3367 3366 3365 3366 3364 3277 3366 3368 3277 3368 3279 3367 3369 3368 3367 3368 3366 3279 3368 3370 3279 3370 3281 3369 3371 3370 3369 3370 3368 3284 3372 3373 3284 3373 3285 3374 3375 3373 3374 3373 3372 3285 3373 3376 3285 3376 3287 3375 3377 3376 3375 3376 3373 3287 3376 3378 3287 3378 3289 3377 3379 3378 3377 3378 3376 3289 3378 3380 3289 3380 3291 3379 3381 3380 3379 3380 3378 3291 3380 3382 3291 3382 3293 3381 3383 3382 3381 3382 3380 3293 3382 3384 3293 3384 3295 3383 3385 3384 3383 3384 3382 3295 3384 3386 3295 3386 3297 3385 3387 3386 3385 3386 3384 3297 3386 3388 3297 3388 3299 3387 3389 3388 3387 3388 3386 3299 3388 3390 3299 3390 3300 3389 3391 3390 3389 3390 3388 3302 3300 3390 3302 3390 3391 3302 3391 3392 3302 3392 3303 3303 3392 3393 3303 3393 3304 3304 3393 3394 3304 3394 3305 3305 3394 3395 3305 3395 3306 3306 3395 3396 3306 3396 3307 3307 3396 3397 3307 3397 3308 3308 3397 3398 3308 3398 3311 3311 3398 3399 3311 3399 3313 3312 3313 3399 3312 3399 3400 3312 3400 3401 3312 3401 3314 3399 3402 3401 3399 3401 3400 3314 3401 3403 3314 3403 3315 3402 3404 3403 3402 3403 3401 3315 3403 3405 3315 3405 3316 3317 3316 3405 3317 3405 3406 3317 3406 3407 3317 3407 3318 3405 3408 3407 3405 3407 3406 3318 3407 3409 3318 3409 3319 3320 3319 3409 3320 3409 3410 3320 3410 3411 3320 3411 3321 3321 3411 3412 3321 3412 3324 3323 3324 3412 3323 3412 3413 3323 3413 3414 3323 3414 3325 3326 3325 3414 3326 3414 3415 3326 3415 3416 3326 3416 3327 3327 3416 3417 3327 3417 3328 3328 3417 3418 3328 3418 3329 3419 3420 3418 3419 3418 3417 3331 3329 3418 3331 3418 3420 3331 3420 3421 3331 3421 3332 3332 3421 3422 3332 3422 3334 3422 3423 3333 3422 3333 3334 3333 3423 3424 3333 3424 3335 3422 3425 3424 3422 3424 3423 3335 3424 3426 3335 3426 3336 3425 3427 3426 3425 3426 3424 3336 3426 3428 3336 3428 3339 3427 3429 3428 3427 3428 3426 3339 3428 3430 3339 3430 3341 3341 3430 3431 3341 3431 3343 3431 3432 3342 3431 3342 3343 3342 3432 3433 3342 3433 3344 3431 3434 3433 3431 3433 3432 3344 3433 3435 3344 3435 3347 3434 3436 3435 3434 3435 3433 3347 3435 3437 3347 3437 3349 3436 3438 3437 3436 3437 3435 3351 3349 3437 3351 3437 3438 3351 3438 3439 3351 3439 3352 3352 3439 3440 3352 3440 3354 3354 3440 3441 3354 3441 3356 3442 3443 3441 3442 3441 3440 3356 3441 3444 3356 3444 3358 3443 3445 3444 3443 3444 3441 3358 3444 3446 3358 3446 3360 3445 3447 3446 3445 3446 3444 3362 3360 3446 3362 3446 3447 3362 3447 3448 3362 3448 3363 3363 3448 3449 3363 3449 3365 3365 3449 3450 3365 3450 3367 3367 3450 3451 3367 3451 3369 3369 3451 3452 3369 3452 3371 3374 3453 3454 3374 3454 3375 3455 3456 3454 3455 3454 3453 3375 3454 3457 3375 3457 3377 3456 3458 3457 3456 3457 3454 3377 3457 3459 3377 3459 3379 3458 3460 3459 3458 3459 3457 3379 3459 3461 3379 3461 3381 3460 3462 3461 3460 3461 3459 3381 3461 3463 3381 3463 3383 3462 3464 3463 3462 3463 3461 3383 3463 3465 3383 3465 3385 3385 3465 3466 3385 3466 3387 3387 3466 3467 3387 3467 3389 3389 3467 3468 3389 3468 3391 3391 3468 3469 3391 3469 3392 3392 3469 3470 3392 3470 3393 3393 3470 3471 3393 3471 3394 3394 3471 3472 3394 3472 3395 3395 3472 3473 3395 3473 3396 3396 3473 3474 3396 3474 3397 3397 3474 3475 3397 3475 3398 3398 3475 3476 3398 3476 3399 3399 3476 3477 3399 3477 3402 3402 3477 3478 3402 3478 3404 3403 3404 3478 3403 3478 3479 3403 3479 3480 3403 3480 3405 3405 3480 3481 3405 3481 3408 3407 3408 3481 3407 3481 3482 3407 3482 3483 3407 3483 3409 3410 3409 3483 3410 3483 3484 3410 3484 3485 3410 3485 3411 3411 3485 3486 3411 3486 3412 3413 3412 3486 3413 3486 3487 3413 3487 3488 3413 3488 3414 3415 3414 3488 3415 3488 3489 3415 3489 3490 3415 3490 3416 3416 3490 3491 3416 3491 3417 3419 3417 3491 3419 3491 3492 3419 3492 3493 3419 3493 3420 3420 3493 3494 3420 3494 3421 3421 3494 3495 3421 3495 3422 3422 3495 3496 3422 3496 3425 3425 3496 3497 3425 3497 3427 3427 3497 3498 3427 3498 3429 3498 3499 3428 3498 3428 3429 3428 3499 3500 3428 3500 3430 3498 3501 3500 3498 3500 3499 3430 3500 3502 3430 3502 3431 3501 3503 3502 3501 3502 3500 3431 3502 3504 3431 3504 3434 3503 3505 3504 3503 3504 3502 3434 3504 3506 3434 3506 3436 3505 3507 3506 3505 3506 3504 3436 3506 3508 3436 3508 3438 3507 3509 3508 3507 3508 3506 3438 3508 3510 3438 3510 3439 3509 3511 3510 3509 3510 3508 3439 3510 3512 3439 3512 3440 3511 3513 3512 3511 3512 3510 3442 3440 3512 3442 3512 3513 3442 3513 3514 3442 3514 3443 3443 3514 3515 3443 3515 3445 3445 3515 3516 3445 3516 3447 3447 3516 3517 3447 3517 3448 3518 3519 3517 3518 3517 3516 3448 3517 3520 3448 3520 3449 3519 3521 3520 3519 3520 3517 3449 3520 3522 3449 3522 3450 3521 3523 3522 3521 3522 3520 3450 3522 3524 3450 3524 3451 3523 3525 3524 3523 3524 3522 3451 3524 3526 3451 3526 3452 3525 3527 3526 3525 3526 3524 3455 3528 3529 3455 3529 3456 3456 3529 3530 3456 3530 3458 3458 3530 3531 3458 3531 3460 3460 3531 3532 3460 3532 3462 3462 3532 3533 3462 3533 3464 3533 3534 3463 3533 3463 3464 3463 3534 3535 3463 3535 3465 3533 3536 3535 3533 3535 3534 3465 3535 3537 3465 3537 3466 3536 3538 3537 3536 3537 3535 3466 3537 3539 3466 3539 3467 3538 3540 3539 3538 3539 3537 3467 3539 3541 3467 3541 3468 3540 3542 3541 3540 3541 3539 3468 3541 3543 3468 3543 3469 3469 3543 3544 3469 3544 3470 3470 3544 3545 3470 3545 3471 3471 3545 3546 3471 3546 3472 3472 3546 3547 3472 3547 3473 3473 3547 3548 3473 3548 3474 3474 3548 3549 3474 3549 3475 3475 3549 3550 3475 3550 3476 3476 3550 3551 3476 3551 3477 3477 3551 3552 3477 3552 3478 3479 3478 3552 3479 3552 3553 3479 3553 3554 3479 3554 3480 3552 3555 3554 3552 3554 3553 3480 3554 3556 3480 3556 3481 3482 3481 3556 3482 3556 3557 3482 3557 3558 3482 3558 3483 3484 3483 3558 3484 3558 3559 3484 3559 3560 3484 3560 3485 3485 3560 3561 3485 3561 3486 3487 3486 3561 3487 3561 3562 3487 3562 3563 3487 3563 3488 3489 3488 3563 3489 3563 3564 3489 3564 3565 3489 3565 3490 3490 3565 3566 3490 3566 3491 3567 3568 3566 3567 3566 3565 3492 3491 3566 3492 3566 3568 3492 3568 3569 3492 3569 3493 3493 3569 3570 3493 3570 3494 3571 3572 3570 3571 3570 3569 3494 3570 3573 3494 3573 3495 3572 3574 3573 3572 3573 3570 3495 3573 3575 3495 3575 3496 3574 3576 3575 3574 3575 3573 3496 3575 3577 3496 3577 3497 3576 3578 3577 3576 3577 3575 3497 3577 3579 3497 3579 3498 3578 3580 3579 3578 3579 3577 3498 3579 3581 3498 3581 3501 3580 3582 3581 3580 3581 3579 3501 3581 3583 3501 3583 3503 3503 3583 3584 3503 3584 3505 3505 3584 3585 3505 3585 3507 3507 3585 3586 3507 3586 3509 3509 3586 3587 3509 3587 3511 3511 3587 3588 3511 3588 3513 3513 3588 3589 3513 3589 3514 3514 3589 3590 3514 3590 3515 3515 3590 3591 3515 3591 3516 3518 3516 3591 3518 3591 3592 3518 3592 3593 3518 3593 3519 3591 3594 3593 3591 3593 3592 3519 3593 3595 3519 3595 3521 3594 3596 3595 3594 3595 3593 3521 3595 3597 3521 3597 3523 3596 3598 3597 3596 3597 3595 3523 3597 3599 3523 3599 3525 3598 3600 3599 3598 3599 3597 3525 3599 3601 3525 3601 3527 3600 3602 3601 3600 3601 3599 3528 3603 3604 3528 3604 3529 3605 3606 3604 3605 3604 3603 3529 3604 3607 3529 3607 3530 3606 3608 3607 3606 3607 3604 3530 3607 3609 3530 3609 3531 3608 3610 3609 3608 3609 3607 3531 3609 3611 3531 3611 3532 3610 3612 3611 3610 3611 3609 3532 3611 3613 3532 3613 3533 3612 3614 3613 3612 3613 3611 3533 3613 3615 3533 3615 3536 3614 3616 3615 3614 3615 3613 3536 3615 3617 3536 3617 3538 3538 3617 3618 3538 3618 3540 3540 3618 3619 3540 3619 3542 3619 3620 3541 3619 3541 3542 3541 3620 3621 3541 3621 3543 3619 3622 3621 3619 3621 3620 3543 3621 3623 3543 3623 3544 3544 3623 3624 3544 3624 3545 3545 3624 3625 3545 3625 3546 3546 3625 3626 3546 3626 3547 3547 3626 3627 3547 3627 3548 3628 3629 3627 3628 3627 3626 3548 3627 3630 3548 3630 3549 3629 3631 3630 3629 3630 3627 3549 3630 3632 3549 3632 3550 3631 3633 3632 3631 3632 3630 3550 3632 3634 3550 3634 3551 3633 3635 3634 3633 3634 3632 3551 3634 3636 3551 3636 3552 3552 3636 3637 3552 3637 3555 3554 3555 3637 3554 3637 3638 3554 3638 3639 3554 3639 3556 3557 3556 3639 3557 3639 3640 3557 3640 3641 3557 3641 3558 3559 3558 3641 3559 3641 3642 3559 3642 3643 3559 3643 3560 3560 3643 3644 3560 3644 3561 3645 3646 3644 3645 3644 3643 3562 3561 3644 3562 3644 3646 3562 3646 3647 3562 3647 3563 3648 3649 3647 3648 3647 3646 3564 3563 3647 3564 3647 3649 3564 3649 3650 3564 3650 3565 3651 3652 3650 3651 3650 3649 3567 3565 3650 3567 3650 3652 3567 3652 3653 3567 3653 3568 3568 3653 3654 3568 3654 3569 3655 3656 3654 3655 3654 3653 3571 3569 3654 3571 3654 3656 3571 3656 3657 3571 3657 3572 3572 3657 3658 3572 3658 3574 3574 3658 3659 3574 3659 3576 3660 3661 3659 3660 3659 3658 3576 3659 3662 3576 3662 3578 3661 3663 3662 3661 3662 3659 3578 3662 3664 3578 3664 3580 3580 3664 3665 3580 3665 3582 3665 3666 3581 3665 3581 3582 3581 3666 3667 3581 3667 3583 3665 3668 3667 3665 3667 3666 3583 3667 3669 3583 3669 3584 3668 3670 3669 3668 3669 3667 3584 3669 3671 3584 3671 3585 3670 3672 3671 3670 3671 3669 3585 3671 3673 3585 3673 3586 3672 3674 3673 3672 3673 3671 3586 3673 3675 3586 3675 3587 3587 3675 3676 3587 3676 3588 3588 3676 3677 3588 3677 3589 3589 3677 3678 3589 3678 3590 3590 3678 3679 3590 3679 3591 3591 3679 3680 3591 3680 3594 3594 3680 3681 3594 3681 3596 3596 3681 3682 3596 3682 3598 3598 3682 3683 3598 3683 3600 3600 3683 3684 3600 3684 3602 3605 3685 3686 3605 3686 3606 3687 3688 3686 3687 3686 3685 3606 3686 3689 3606 3689 3608 3688 3690 3689 3688 3689 3686 3608 3689 3691 3608 3691 3610 3690 3692 3691 3690 3691 3689 3610 3691 3693 3610 3693 3612 3692 3694 3693 3692 3693 3691 3612 3693 3695 3612 3695 3614 3614 3695 3696 3614 3696 3616 3696 3697 3615 3696 3615 3616 3615 3697 3698 3615 3698 3617 3696 3699 3698 3696 3698 3697 3617 3698 3700 3617 3700 3618 3618 3700 3701 3618 3701 3619 3619 3701 3702 3619 3702 3622 3703 3704 3702 3703 3702 3701 3702 3704 3621 3702 3621 3622 3621 3704 3705 3621 3705 3623 3623 3705 3706 3623 3706 3624 3624 3706 3707 3624 3707 3625 3708 3709 3707 3708 3707 3706 3625 3707 3710 3625 3710 3626 3709 3711 3710 3709 3710 3707 3710 3711 3628 3710 3628 3626 3628 3711 3712 3628 3712 3629 3629 3712 3713 3629 3713 3631 3631 3713 3714 3631 3714 3633 3633 3714 3715 3633 3715 3635 3634 3635 3715 3634 3715 3716 3634 3716 3717 3634 3717 3636 3636 3717 3718 3636 3718 3637 3638 3637 3718 3638 3718 3719 3638 3719 3720 3638 3720 3639 3640 3639 3720 3640 3720 3721 3640 3721 3722 3640 3722 3641 3642 3641 3722 3642 3722 3723 3642 3723 3724 3642 3724 3643 3645 3643 3724 3645 3724 3725 3645 3725 3726 3645 3726 3646 3648 3646 3726 3648 3726 3727 3648 3727 3728 3648 3728 3649 3651 3649 3728 3651 3728 3729 3651 3729 3730 3651 3730 3652 3652 3730 3731 3652 3731 3653 3732 3733 3731 3732 3731 3730 3655 3653 3731 3655 3731 3733 3655 3733 3734 3655 3734 3656 3656 3734 3735 3656 3735 3657 3736 3737 3735 3736 3735 3734 3657 3735 3738 3657 3738 3658 3737 3739 3738 3737 3738 3735 3660 3658 3738 3660 3738 3739 3660 3739 3740 3660 3740 3661 3661 3740 3741 3661 3741 3663 3741 3742 3662 3741 3662 3663 3662 3742 3743 3662 3743 3664 3741 3744 3743 3741 3743 3742 3664 3743 3745 3664 3745 3665 3744 3746 3745 3744 3745 3743 3665 3745 3747 3665 3747 3668 3746 3748 3747 3746 3747 3745 3668 3747 3749 3668 3749 3670 3670 3749 3750 3670 3750 3672 3672 3750 3751 3672 3751 3674 3751 3752 3673 3751 3673 3674 3673 3752 3753 3673 3753 3675 3675 3753 3754 3675 3754 3676 3676 3754 3755 3676 3755 3677 3677 3755 3756 3677 3756 3678 3678 3756 3757 3678 3757 3679 3679 3757 3758 3679 3758 3680 3759 3760 3758 3759 3758 3757 3680 3758 3761 3680 3761 3681 3760 3762 3761 3760 3761 3758 3681 3761 3763 3681 3763 3682 3762 3764 3763 3762 3763 3761 3682 3763 3765 3682 3765 3683 3764 3766 3765 3764 3765 3763 3683 3765 3767 3683 3767 3684 3766 3768 3767 3766 3767 3765 3687 3769 3770 3687 3770 3688 3688 3770 3771 3688 3771 3690 3690 3771 3772 3690 3772 3692 3692 3772 3773 3692 3773 3694 3773 3774 3693 3773 3693 3694 3693 3774 3775 3693 3775 3695 3773 3776 3775 3773 3775 3774 3695 3775 3777 3695 3777 3696 3696 3777 3778 3696 3778 3699 3778 3779 3698 3778 3698 3699 3698 3779 3780 3698 3780 3700 3700 3780 3781 3700 3781 3701 3781 3782 3703 3781 3703 3701 3703 3782 3783 3703 3783 3704 3704 3783 3784 3704 3784 3705 3705 3784 3785 3705 3785 3706 3785 3786 3708 3785 3708 3706 3708 3786 3787 3708 3787 3709 3709 3787 3788 3709 3788 3711 3711 3788 3789 3711 3789 3712 3712 3789 3790 3712 3790 3713 3713 3790 3791 3713 3791 3714 3714 3791 3792 3714 3792 3715 3716 3715 3792 3716 3792 3793 3716 3793 3794 3716 3794 3717 3717 3794 3795 3717 3795 3718 3719 3718 3795 3719 3795 3796 3719 3796 3797 3719 3797 3720 3721 3720 3797 3721 3797 3798 3721 3798 3799 3721 3799 3722 3723 3722 3799 3723 3799 3800 3723 3800 3801 3723 3801 3724 3725 3724 3801 3725 3801 3802 3725 3802 3803 3725 3803 3726 3727 3726 3803 3727 3803 3804 3727 3804 3805 3727 3805 3728 3729 3728 3805 3729 3805 3806 3729 3806 3807 3729 3807 3730 3732 3730 3807 3732 3807 3808 3732 3808 3809 3732 3809 3733 3733 3809 3810 3733 3810 3734 3811 3812 3810 3811 3810 3809 3736 3734 3810 3736 3810 3812 3736 3812 3813 3736 3813 3737 3737 3813 3814 3737 3814 3739 3739 3814 3815 3739 3815 3740 3816 3817 3815 3816 3815 3814 3740 3815 3818 3740 3818 3741 3741 3818 3819 3741 3819 3744 3744 3819 3820 3744 3820 3746 3746 3820 3821 3746 3821 3748 3821 3822 3747 3821 3747 3748 3747 3822 3823 3747 3823 3749 3749 3823 3824 3749 3824 3750 3750 3824 3825 3750 3825 3751 3825 3826 3752 3825 3752 3751 3752 3826 3827 3752 3827 3753 3753 3827 3828 3753 3828 3754 3754 3828 3829 3754 3829 3755 3755 3829 3830 3755 3830 3756 3756 3830 3831 3756 3831 3757 3832 3833 3831 3832 3831 3830 3831 3833 3759 3831 3759 3757 3759 3833 3834 3759 3834 3760 3760 3834 3835 3760 3835 3762 3762 3835 3836 3762 3836 3764 3764 3836 3837 3764 3837 3766 3766 3837 3838 3766 3838 3768 3769 3839 3840 3769 3840 3770 3770 3840 3841 3770 3841 3771 3771 3841 3842 3771 3842 3772 3772 3842 3843 3772 3843 3773 3773 3843 3844 3773 3844 3776 3844 3845 3775 3844 3775 3776 3775 3845 3846 3775 3846 3777 3777 3846 3847 3777 3847 3778 3847 3848 3779 3847 3779 3778 3779 3848 3849 3779 3849 3780 3780 3849 3850 3780 3850 3781 3850 3851 3782 3850 3782 3781 3782 3851 3852 3782 3852 3783 3783 3852 3853 3783 3853 3784 3784 3853 3854 3784 3854 3785 3854 3855 3786 3854 3786 3785 3786 3855 3856 3786 3856 3787 3787 3856 3857 3787 3857 3788 3788 3857 3858 3788 3858 3789 3789 3858 3859 3789 3859 3790 3790 3859 3860 3790 3860 3791 3791 3860 3861 3791 3861 3792 3793 3792 3861 3793 3861 3862 3793 3862 3863 3793 3863 3794 3794 3863 3864 3794 3864 3795 3796 3795 3864 3796 3864 3865 3796 3865 3866 3796 3866 3797 3798 3797 3866 3798 3866 3867 3798 3867 3868 3798 3868 3799 3800 3799 3868 3800 3868 3869 3800 3869 3870 3800 3870 3801 3802 3801 3870 3802 3870 3871 3802 3871 3872 3802 3872 3803 3804 3803 3872 3804 3872 3873 3804 3873 3874 3804 3874 3805 3806 3805 3874 3806 3874 3875 3806 3875 3876 3806 3876 3807 3808 3807 3876 3808 3876 3877 3808 3877 3878 3808 3878 3809 3811 3809 3878 3811 3878 3879 3811 3879 3880 3811 3880 3812 3812 3880 3881 3812 3881 3813 3813 3881 3882 3813 3882 3814 3816 3814 3882 3816 3882 3883 3816 3883 3884 3816 3884 3817 3884 3885 3815 3884 3815 3817 3815 3885 3886 3815 3886 3818 3818 3886 3887 3818 3887 3819 3819 3887 3888 3819 3888 3820 3820 3888 3889 3820 3889 3821 3889 3890 3822 3889 3822 3821 3822 3890 3891 3822 3891 3823 3823 3891 3892 3823 3892 3824 3824 3892 3893 3824 3893 3825 3893 3894 3826 3893 3826 3825 3826 3894 3895 3826 3895 3827 3827 3895 3896 3827 3896 3828 3828 3896 3897 3828 3897 3829 3829 3897 3898 3829 3898 3830 3898 3899 3832 3898 3832 3830 3832 3899 3900 3832 3900 3833 3833 3900 3901 3833 3901 3834 3834 3901 3902 3834 3902 3835 3835 3902 3903 3835 3903 3836 3836 3903 3904 3836 3904 3837 3837 3904 3905 3837 3905 3838 3839 3906 3907 3839 3907 3840 3840 3907 3908 3840 3908 3841 3841 3908 3909 3841 3909 3842 3842 3909 3910 3842 3910 3843 3843 3910 3911 3843 3911 3844 3911 3912 3845 3911 3845 3844 3845 3912 3913 3845 3913 3846 3846 3913 3914 3846 3914 3847 3914 3915 3848 3914 3848 3847 3848 3915 3916 3848 3916 3849 3849 3916 3917 3849 3917 3850 3917 3918 3851 3917 3851 3850 3851 3918 3919 3851 3919 3852 3852 3919 3920 3852 3920 3853 3853 3920 3921 3853 3921 3854 3921 3922 3855 3921 3855 3854 3855 3922 3923 3855 3923 3856 3856 3923 3924 3856 3924 3857 3857 3924 3925 3857 3925 3858 3858 3925 3926 3858 3926 3859 3859 3926 3927 3859 3927 3860 3860 3927 3928 3860 3928 3861 3862 3861 3928 3862 3928 3929 3862 3929 3930 3862 3930 3863 3863 3930 3931 3863 3931 3864 3865 3864 3931 3865 3931 3932 3865 3932 3933 3865 3933 3866 3867 3866 3933 3867 3933 3934 3867 3934 3935 3867 3935 3868 3869 3868 3935 3869 3935 3936 3869 3936 3937 3869 3937 3870 3871 3870 3937 3871 3937 3938 3871 3938 3939 3871 3939 3872 3873 3872 3939 3873 3939 3940 3873 3940 3941 3873 3941 3874 3875 3874 3941 3875 3941 3942 3875 3942 3943 3875 3943 3876 3877 3876 3943 3877 3943 3944 3877 3944 3945 3877 3945 3878 3879 3878 3945 3879 3945 3946 3879 3946 3947 3879 3947 3880 3880 3947 3948 3880 3948 3881 3881 3948 3949 3881 3949 3882 3883 3882 3949 3883 3949 3950 3883 3950 3951 3883 3951 3884 3951 3952 3885 3951 3885 3884 3885 3952 3953 3885 3953 3886 3886 3953 3954 3886 3954 3887 3887 3954 3955 3887 3955 3888 3888 3955 3956 3888 3956 3889 3956 3957 3890 3956 3890 3889 3890 3957 3958 3890 3958 3891 3891 3958 3959 3891 3959 3892 3892 3959 3960 3892 3960 3893 3960 3961 3894 3960 3894 3893 3894 3961 3962 3894 3962 3895 3895 3962 3963 3895 3963 3896 3896 3963 3964 3896 3964 3897 3897 3964 3965 3897 3965 3898 3965 3966 3899 3965 3899 3898 3899 3966 3967 3899 3967 3900 3900 3967 3968 3900 3968 3901 3901 3968 3969 3901 3969 3902 3902 3969 3970 3902 3970 3903 3903 3970 3971 3903 3971 3904 3904 3971 3972 3904 3972 3905 3906 3973 3974 3906 3974 3907 3907 3974 3975 3907 3975 3908 3908 3975 3976 3908 3976 3909 3909 3976 3977 3909 3977 3910 3910 3977 3978 3910 3978 3911 3978 3979 3912 3978 3912 3911 3912 3979 3980 3912 3980 3913 3913 3980 3981 3913 3981 3914 3981 3982 3915 3981 3915 3914 3915 3982 3983 3915 3983 3916 3916 3983 3984 3916 3984 3917 3984 3985 3918 3984 3918 3917 3918 3985 3986 3918 3986 3919 3919 3986 3987 3919 3987 3920 3920 3987 3988 3920 3988 3921 3988 3989 3922 3988 3922 3921 3922 3989 3990 3922 3990 3923 3923 3990 3991 3923 3991 3924 3924 3991 3992 3924 3992 3925 3925 3992 3993 3925 3993 3926 3926 3993 3994 3926 3994 3927 3927 3994 3995 3927 3995 3928 3929 3928 3995 3929 3995 3996 3929 3996 3997 3929 3997 3930 3930 3997 3998 3930 3998 3931 3932 3931 3998 3932 3998 3999 3932 3999 4000 3932 4000 3933 3934 3933 4000 3934 4000 4001 3934 4001 4002 3934 4002 3935 3936 3935 4002 3936 4002 4003 3936 4003 4004 3936 4004 3937 3938 3937 4004 3938 4004 4005 3938 4005 4006 3938 4006 3939 3940 3939 4006 3940 4006 4007 3940 4007 4008 3940 4008 3941 3942 3941 4008 3942 4008 4009 3942 4009 4010 3942 4010 3943 3944 3943 4010 3944 4010 4011 3944 4011 4012 3944 4012 3945 3946 3945 4012 3946 4012 4013 3946 4013 4014 3946 4014 3947 3947 4014 4015 3947 4015 3948 3948 4015 4016 3948 4016 3949 3950 3949 4016 3950 4016 4017 3950 4017 4018 3950 4018 3951 4018 4019 3952 4018 3952 3951 3952 4019 4020 3952 4020 3953 3953 4020 4021 3953 4021 3954 3954 4021 4022 3954 4022 3955 3955 4022 4023 3955 4023 3956 4023 4024 3957 4023 3957 3956 3957 4024 4025 3957 4025 3958 3958 4025 4026 3958 4026 3959 3959 4026 4027 3959 4027 3960 4027 4028 3961 4027 3961 3960 3961 4028 4029 3961 4029 3962 3962 4029 4030 3962 4030 3963 3963 4030 4031 3963 4031 3964 3964 4031 4032 3964 4032 3965 4032 4033 3966 4032 3966 3965 3966 4033 4034 3966 4034 3967 3967 4034 4035 3967 4035 3968 3968 4035 4036 3968 4036 3969 3969 4036 4037 3969 4037 3970 3970 4037 4038 3970 4038 3971 3971 4038 4039 3971 4039 3972 3973 4040 4041 3973 4041 3974 3974 4041 4042 3974 4042 3975 3975 4042 4043 3975 4043 3976 3976 4043 4044 3976 4044 3977 3977 4044 4045 3977 4045 3978 4045 4046 3979 4045 3979 3978 3979 4046 4047 3979 4047 3980 3980 4047 4048 3980 4048 3981 4048 4049 3982 4048 3982 3981 3982 4049 4050 3982 4050 3983 3983 4050 4051 3983 4051 3984 4051 4052 3985 4051 3985 3984 3985 4052 4053 3985 4053 3986 3986 4053 4054 3986 4054 3987 3987 4054 4055 3987 4055 3988 4055 4056 3989 4055 3989 3988 3989 4056 4057 3989 4057 3990 3990 4057 4058 3990 4058 3991 3991 4058 4059 3991 4059 3992 3992 4059 4060 3992 4060 3993 3993 4060 4061 3993 4061 3994 3994 4061 4062 3994 4062 3995 3996 3995 4062 3996 4062 4063 3996 4063 4064 3996 4064 3997 3997 4064 4065 3997 4065 3998 3999 3998 4065 3999 4065 4066 3999 4066 4067 3999 4067 4000 4001 4000 4067 4001 4067 4068 4001 4068 4069 4001 4069 4002 4003 4002 4069 4003 4069 4070 4003 4070 4071 4003 4071 4004 4005 4004 4071 4005 4071 4072 4005 4072 4073 4005 4073 4006 4007 4006 4073 4007 4073 4074 4007 4074 4075 4007 4075 4008 4009 4008 4075 4009 4075 4076 4009 4076 4077 4009 4077 4010 4011 4010 4077 4011 4077 4078 4011 4078 4079 4011 4079 4012 4013 4012 4079 4013 4079 4080 4013 4080 4081 4013 4081 4014 4014 4081 4082 4014 4082 4015 4015 4082 4083 4015 4083 4016 4017 4016 4083 4017 4083 4084 4017 4084 4085 4017 4085 4018 4085 4086 4019 4085 4019 4018 4019 4086 4087 4019 4087 4020 4020 4087 4088 4020 4088 4021 4021 4088 4089 4021 4089 4022 4022 4089 4090 4022 4090 4023 4090 4091 4024 4090 4024 4023 4024 4091 4092 4024 4092 4025 4025 4092 4093 4025 4093 4026 4026 4093 4094 4026 4094 4027 4094 4095 4028 4094 4028 4027 4028 4095 4096 4028 4096 4029 4029 4096 4097 4029 4097 4030 4030 4097 4098 4030 4098 4031 4031 4098 4099 4031 4099 4032 4099 4100 4033 4099 4033 4032 4033 4100 4101 4033 4101 4034 4034 4101 4102 4034 4102 4035 4035 4102 4103 4035 4103 4036 4036 4103 4104 4036 4104 4037 4037 4104 4105 4037 4105 4038 4038 4105 4106 4038 4106 4039</DataArray><DataArray type="Int32" Name="offsets" NumberOfComponents="1" format="ascii">3 6 9 12 15 18 21 24 27 30 33 36 39 42 45 48 51 54 57 60 63 66 69 72 75 78 81 84 87 90 93 96 99 102 105 108 111 114 117 120 123 126 129 132 135 138 141 144 147 150 153 156 159 162 165 168 171 174 177 180 183 186 189 192 195 198 201 204 207 210 213 216 219 222 225 228 231 234 237 240 243 246 249 252 255 258 261 264 267 270 273 276 279 282 285 288 291 294 297 300 303 306 309 312 315 318 321 324 327 330 333 336 339 342 345 348 351 354 357 360 363 366 369 372 375 378 381 384 387 390 393 396 399 402 405 408 411 414 417 420 423 426 429 432 435 438 441 444 447 450 453 456 459 462 465 468 471 474 477 480 483 486 489 492 495 498 501 504 507 510 513 516 519 522 525 528 531 534 537 540 543 546 549 552 555 558 561 564 567 570 573 576 579 582 585 588 591 594 597 600 603 606 609 612 615 618 621 624 627 630 633 636 639 642 645 648 651 654 657 660 663 666 669 672 675 678 681 684 687 690 693 696 699 702 705 708 711 714 717 720 723 726 729 732 735 738 741 744 747 750 753 756 759 762 765 768 771 774 777 780 783 786 789 792 795 798 801 804 807 810 813 816 819 822 825 828 831 834 837 840 843 846 849 852 855 858 861 864 867 870 873 876 879 882 885 888 891 894 897 900 903 906 909 912 915 918 921 924 927 930 933 936 939 942 945 948 951 954 957 960 963 966 969 972 975 978 981 984 987 990 993 996 999 1002 1005 1008 1011 1014 1017 1020 1023 1026 1029 1032 1035 1038 1041 1044 1047 1050 1053 1056 1059 1062 1065 1068 1071 1074 1077 1080 1083 1086 1089 1092 1095 1098 1101 1104 1107 1110 1113 1116 1119 1122 1125 1128 1131 1134 1137 1140 1143 1146 1149 1152 1155 1158 1161 1164 1167 1170 1173 1176 1179 1182 1185 1188 1191 1194 1197 1200 1203 1206 1209 1212 1215 1218 1221 1224 1227 1230 1233 1236 1239 1242 1245 1248 1251 1254 1257 1260 1263 1266 1269 1272 1275 1278 1281 1284 1287 1290 1293 1296 1299 1302 1305 1308 1311 1314 1317 1320 1323 1326 1329 1332 1335 1338 1341 1344 1347 1350 1353 1356 1359 1362 1365 1368 1371 1374 1377 1380 1383 1386 1389 1392 1395 1398 1401 1404 1407 1410 1413 1416 1419 1422 1425 1428 1431 1434 1437 1440 1443 1446 1449 1452 1455 1458 1461 1464 1467 1470 1473 1476 1479 1482 1485 1488 1491 1494 1497 1500 1503 1506 1509 1512 1515 1518 1521 1524 1527 1530 1533 1536 1539 1542 1545 1548 1551 1554 1557 1560 1563 1566 1569 1572 1575 1578 1581 1584 1587 1590 1593 1596 1599 1602 1605 1608 1611 1614 1617 1620 1623 1626 1629 1632 1635 1638 1641 1644 1647 1650 1653 1656 1659 1662 1665 1668 1671 1674 1677 1680 1683 1686 1689 1692 1695 1698 1701 1704 1707 1710 1713 1716 1719 1722 1725 1728 1731 1734 1737 1740 1743 1746 1749 1752 1755 1758 1761 1764 1767 1770 1773 1776 1779 1782 1785 1788 1791 1794 1797 1800 1803 1806 1809 1812 1815 1818 1821 1824 1827 1830 1833 1836 1839 1842 1845 1848 1851 1854 1857 1860 1863 1866 1869 1872 1875 1878 1881 1884 1887 1890 1893 1896 1899 1902 1905 1908 1911 1914 1917 1920 1923 1926 1929 1932 1935 1938 1941 1944 1947 1950 1953 1956 1959 1962 1965 1968 1971 1974 1977 1980 1983 1986 1989 1992 1995 1998 2001 2004 2007 2010 2013 2016 2019 2022 2025 2028 2031 2034 2037 2040 2043 2046 2049 2052 2055 2058 2061 2064 2067 2070 2073 2076 2079 2082 2085 2088 2091 2094 2097 2100 2103 2106 2109 2112 2115 2118 2121 2124 2127 2130 2133 2136 2139 2142 2145 2148 2151 2154 2157 2160 2163 2166 2169 2172 2175 2178 2181 2184 2187 2190 2193 2196 2199 2202 2205 2208 2211 2214 2217 2220 2223 2226 2229 2232 2235 2238 2241 2244 2247 2250 2253 2256 2259 2262 2265 2268 2271 2274 2277 2280 2283 2286 2289 2292 2295 2298 2301 2304 2307 2310 2313 2316 2319 2322 2325 2328 2331 2334 2337 2340 2343 2346 2349 2352 2355 2358 2361 2364 2367 2370 2373 2376 2379 2382 2385 2388 2391 2394 2397 2400 2403 2406 2409 2412 2415 2418 2421 2424 2427 2430 2433 2436 2439 2442 2445 2448 2451 2454 2457 2460 2463 2466 2469 2472 2475 2478 2481 2484 2487 2490 2493 2496 2499 2502 2505 2508 2511 2514 2517 2520 2523 2526 2529 2532 2535 2538 2541 2544 2547 2550 2553 2556 2559 2562 2565 2568 2571 2574 2577 2580 2583 2586 2589 2592 2595 2598 2601 2604 2607 2610 2613 2616 2619 2622 2625 2628 2631 2634 2637 2640 2643 2646 2649 2652 2655 2658 2661 2664 2667 2670 2673 2676 2679 2682 2685 2688 2691 2694 2697 2700 2703 2706 2709 2712 2715 2718 2721 2724 2727 2730 2733 2736 2739 2742 2745 2748 2751 2754 2757 2760 2763 2766 2769 2772 2775 2778 2781 2784 2787 2790 2793 2796 2799 2802 2805 2808 2811 2814 2817 2820 2823 2826 2829 2832 2835 2838 2841 2844 2847 2850 2853 2856 2859 2862 2865 2868 2871 2874 2877 2880 2883 2886 2889 2892 2895 2898 2901 2904 2907 2910 2913 2916 2919 2922 2925 2928 2931 2934 2937 2940 2943 2946 2949 2952 2955 2958 2961 2964 2967 2970 2973 2976 2979 2982 2985 2988 2991 2994 2997 3000 3003 3006 3009 3012 3015 3018 3021 3024 3027 3030 3033 3036 3039 3042 3045 3048 3051 3054 3057 3060 3063 3066 3069 3072 3075 3078 3081 3084 3087 3090 3093 3096 3099 3102 3105 3108 3111 3114 3117 3120 3123 3126 3129 3132 3135 3138 3141 3144 3147 3150 3153 3156 3159 3162 3165 3168 3171 3174 3177 3180 3183 3186 3189 3192 3195 3198 3201 3204 3207 3210 3213 3216 3219 3222 3225 3228 3231 3234 3237 3240 3243 3246 3249 3252 3255 3258 3261 3264 3267 3270 3273 3276 3279 3282 3285 3288 3291 3294 3297 3300 3303 3306 3309 3312 3315 3318 3321 3324 3327 3330 3333 3336 3339 3342 3345 3348 3351 3354 3357 3360 3363 3366 3369 3372 3375 3378 3381 3384 3387 3390 3393 3396 3399 3402 3405 3408 3411 3414 3417 3420 3423 3426 3429 3432 3435 3438 3441 3444 3447 3450 3453 3456 3459 3462 3465 3468 3471 3474 3477 3480 3483 3486 3489 3492 3495 3498 3501 3504 3507 3510 3513 3516 3519 3522 3525 3528 3531 3534 3537 3540 3543 3546 3549 3552 3555 3558 3561 3564 3567 3570 3573 3576 3579 3582 3585 3588 3591 3594 3597 3600 3603 3606 3609 3612 3615 3618 3621 3624 3627 3630 3633 3636 3639 3642 3645 3648 3651 3654 3657 3660 3663 3666 3669 3672 3675 3678 3681 3684 3687 3690 3693 3696 3699 3702 3705 3708 3711 3714 3717 3720 3723 3726 3729 3732 3735 3738 3741 3744 3747 3750 3753 3756 3759 3762 3765 3768 3771 3774 3777 3780 3783 3786 3789 3792 3795 3798 3801 3804 3807 3810 3813 3816 3819 3822 3825 3828 3831 3834 3837 3840 3843 3846 3849 3852 3855 3858 3861 3864 3867 3870 3873 3876 3879 3882 3885 3888 3891 3894 3897 3900 3903 3906 3909 3912 3915 3918 3921 3924 3927 3930 3933 3936 3939 3942 3945 3948 3951 3954 3957 3960 3963 3966 3969 3972 3975 3978 3981 3984 3987 3990 3993 3996 3999 4002 4005 4008 4011 4014 4017 4020 4023 4026 4029 4032 4035 4038 4041 4044 4047 4050 4053 4056 4059 4062 4065 4068 4071 4074 4077 4080 4083 4086 4089 4092 4095 4098 4101 4104 4107 4110 4113 4116 4119 4122 4125 4128 4131 4134 4137 4140 4143 4146 4149 4152 4155 4158 4161 4164 4167 4170 4173 4176 4179 4182 4185 4188 4191 4194 4197 4200 4203 4206 4209 4212 4215 4218 4221 4224 4227 4230 4233 4236 4239 4242 4245 4248 4251 4254 4257 4260 4263 4266 4269 4272 4275 4278 4281 4284 4287 4290 4293 4296 4299 4302 4305 4308 4311 4314 4317 4320 4323 4326 4329 4332 4335 4338 4341 4344 4347 4350 4353 4356 4359 4362 4365 4368 4371 4374 4377 4380 4383 4386 4389 4392 4395 4398 4401 4404 4407 4410 4413 4416 4419 4422 4425 4428 4431 4434 4437 4440 4443 4446 4449 4452 4455 4458 4461 4464 4467 4470 4473 4476 4479 4482 4485 4488 4491 4494 4497 4500 4503 4506 4509 4512 4515 4518 4521 4524 4527 4530 4533 4536 4539 4542 4545 4548 4551 4554 4557 4560 4563 4566 4569 4572 4575 4578 4581 4584 4587 4590 4593 4596 4599 4602 4605 4608 4611 4614 4617 4620 4623 4626 4629 4632 4635 4638 4641 4644 4647 4650 4653 4656 4659 4662 4665 4668 4671 4674 4677 4680 4683 4686 4689 4692 4695 4698 4701 4704 4707 4710 4713 4716 4719 4722 4725 4728 4731 4734 4737 4740 4743 4746 4749 4752 4755 4758 4761 4764 4767 4770 4773 4776 4779 4782 4785 4788 4791 4794 4797 4800 4803 4806 4809 4812 4815 4818 4821 4824 4827 4830 4833 4836 4839 4842 4845 4848 4851 4854 4857 4860 4863 4866 4869 4872 4875 4878 4881 4884 4887 4890 4893 4896 4899 4902 4905 4908 4911 4914 4917 4920 4923 4926 4929 4932 4935 4938 4941 4944 4947 4950 4953 4956 4959 4962 4965 4968 4971 4974 4977 4980 4983 4986 4989 4992 4995 4998 5001 5004 5007 5010 5013 5016 5019 5022 5025 5028 5031 5034 5037 5040 5043 5046 5049 5052 5055 5058 5061 5064 5067 5070 5073 5076 5079 5082 5085 5088 5091 5094 5097 5100 5103 5106 5109 5112 5115 5118 5121 5124 5127 5130 5133 5136 5139 5142 5145 5148 5151 5154 5157 5160 5163 5166 5169 5172 5175 5178 5181 5184 5187 5190 5193 5196 5199 5202 5205 5208 5211 5214 5217 5220 5223 5226 5229 5232 5235 5238 5241 5244 5247 5250 5253 5256 5259 5262 5265 5268 5271 5274 5277 5280 5283 5286 5289 5292 5295 5298 5301 5304 5307 5310 5313 5316 5319 5322 5325 5328 5331 5334 5337 5340 5343 5346 5349 5352 5355 5358 5361 5364 5367 5370 5373 5376 5379 5382 5385 5388 5391 5394 5397 5400 5403 5406 5409 5412 5415 5418 5421 5424 5427 5430 5433 5436 5439 5442 5445 5448 5451 5454 5457 5460 5463 5466 5469 5472 5475 5478 5481 5484 5487 5490 5493 5496 5499 5502 5505 5508 5511 5514 5517 5520 5523 5526 5529 5532 5535 5538 5541 5544 5547 5550 5553 5556 5559 5562 5565 5568 5571 5574 5577 5580 5583 5586 5589 5592 5595 5598 5601 5604 5607 5610 5613 5616 5619 5622 5625 5628 5631 5634 5637 5640 5643 5646 5649 5652 5655 5658 5661 5664 5667 5670 5673 5676 5679 5682 5685 5688 5691 5694 5697 5700 5703 5706 5709 5712 5715 5718 5721 5724 5727 5730 5733 5736 5739 5742 5745 5748 5751 5754 5757 5760 5763 5766 5769 5772 5775 5778 5781 5784 5787 5790 5793 5796 5799 5802 5805 5808 5811 5814 5817 5820 5823 5826 5829 5832 5835 5838 5841 5844 5847 5850 5853 5856 5859 5862 5865 5868 5871 5874 5877 5880 5883 5886 5889 5892 5895 5898 5901 5904 5907 5910 5913 5916 5919 5922 5925 5928 5931 5934 5937 5940 5943 5946 5949 5952 5955 5958 5961 5964 5967 5970 5973 5976 5979 5982 5985 5988 5991 5994 5997 6000 6003 6006 6009 6012 6015 6018 6021 6024 6027 6030 6033 6036 6039 6042 6045 6048 6051 6054 6057 6060 6063 6066 6069 6072 6075 6078 6081 6084 6087 6090 6093 6096 6099 6102 6105 6108 6111 6114 6117 6120 6123 6126 6129 6132 6135 6138 6141 6144 6147 6150 6153 6156 6159 6162 6165 6168 6171 6174 6177 6180 6183 6186 6189 6192 6195 6198 6201 6204 6207 6210 6213 6216 6219 6222 6225 6228 6231 6234 6237 6240 6243 6246 6249 6252 6255 6258 6261 6264 6267 6270 6273 6276 6279 6282 6285 6288 6291 6294 6297 6300 6303 6306 6309 6312 6315 6318 6321 6324 6327 6330 6333 6336 6339 6342 6345 6348 6351 6354 6357 6360 6363 6366 6369 6372 6375 6378 6381 6384 6387 6390 6393 6396 6399 6402 6405 6408 6411 6414 6417 6420 6423 6426 6429 6432 6435 6438 6441 6444 6447 6450 6453 6456 6459 6462 6465 6468 6471 6474 6477 6480 6483 6486 6489 6492 6495 6498 6501 6504 6507 6510 6513 6516 6519 6522 6525 6528 6531 6534 6537 6540 6543 6546 6549 6552 6555 6558 6561 6564 6567 6570 6573 6576 6579 6582 6585 6588 6591 6594 6597 6600 6603 6606 6609 6612 6615 6618 6621 6624 6627 6630 6633 6636 6639 6642 6645 6648 6651 6654 6657 6660 6663 6666 6669 6672 6675 6678 6681 6684 6687 6690 6693 6696 6699 6702 6705 6708 6711 6714 6717 6720 6723 6726 6729 6732 6735 6738 6741 6744 6747 6750 6753 6756 6759 6762 6765 6768 6771 6774 6777 6780 6783 6786 6789 6792 6795 6798 6801 6804 6807 6810 6813 6816 6819 6822 6825 6828 6831 6834 6837 6840 6843 6846 6849 6852 6855 6858 6861 6864 6867 6870 6873 6876 6879 6882 6885 6888 6891 6894 6897 6900 6903 6906 6909 6912 6915 6918 6921 6924 6927 6930 6933 6936 6939 6942 6945 6948 6951 6954 6957 6960 6963 6966 6969 6972 6975 6978 6981 6984 6987 6990 6993 6996 6999 7002 7005 7008 7011 7014 7017 7020 7023 7026 7029 7032 7035 7038 7041 7044 7047 7050 7053 7056 7059 7062 7065 7068 7071 7074 7077 7080 7083 7086 7089 7092 7095 7098 7101 7104 7107 7110 7113 7116 7119 7122 7125 7128 7131 7134 7137 7140 7143 7146 7149 7152 7155 7158 7161 7164 7167 7170 7173 7176 7179 7182 7185 7188 7191 7194 7197 7200 7203 7206 7209 7212 7215 7218 7221 7224 7227 7230 7233 7236 7239 7242 7245 7248 7251 7254 7257 7260 7263 7266 7269 7272 7275 7278 7281 7284 7287 7290 7293 7296 7299 7302 7305 7308 7311 7314 7317 7320 7323 7326 7329 7332 7335 7338 7341 7344 7347 7350 7353 7356 7359 7362 7365 7368 7371 7374 7377 7380 7383 7386 7389 7392 7395 7398 7401 7404 7407 7410 7413 7416 7419 7422 7425 7428 7431 7434 7437 7440 7443 7446 7449 7452 7455 7458 7461 7464 7467 7470 7473 7476 7479 7482 7485 7488 7491 7494 7497 7500 7503 7506 7509 7512 7515 7518 7521 7524 7527 7530 7533 7536 7539 7542 7545 7548 7551 7554 7557 7560 7563 7566 7569 7572 7575 7578 7581 7584 7587 7590 7593 7596 7599 7602 7605 7608 7611 7614 7617 7620 7623 7626 7629 7632 7635 7638 7641 7644 7647 7650 7653 7656 7659 7662 7665 7668 7671 7674 7677 7680 7683 7686 7689 7692 7695 7698 7701 7704 7707 7710 7713 7716 7719 7722 7725 7728 7731 7734 7737 7740 7743 7746 7749 7752 7755 7758 7761 7764 7767 7770 7773 7776 7779 7782 7785 7788 7791 7794 7797 7800 7803 7806 7809 7812 7815 7818 7821 7824 7827 7830 7833 7836 7839 7842 7845 7848 7851 7854 7857 7860 7863 7866 7869 7872 7875 7878 7881 7884 7887 7890 7893 7896 7899 7902 7905 7908 7911 7914 7917 7920 7923 7926 7929 7932 7935 7938 7941 7944 7947 7950 7953 7956 7959 7962 7965 7968 7971 7974 7977 7980 7983 7986 7989 7992 7995 7998 8001 8004 8007 8010 8013 8016 8019 8022 8025 8028 8031 8034 8037 8040 8043 8046 8049 8052 8055 8058 8061 8064 8067 8070 8073 8076 8079 8082 8085 8088 8091 8094 8097 8100 8103 8106 8109 8112 8115 8118 8121 8124 8127 8130 8133 8136 8139 8142 8145 8148 8151 8154 8157 8160 8163 8166 8169 8172 8175 8178 8181 8184 8187 8190 8193 8196 8199 8202 8205 8208 8211 8214 8217 8220 8223 8226 8229 8232 8235 8238 8241 8244 8247 8250 8253 8256 8259 8262 8265 8268 8271 8274 8277 8280 8283 8286 8289 8292 8295 8298 8301 8304 8307 8310 8313 8316 8319 8322 8325 8328 8331 8334 8337 8340 8343 8346 8349 8352 8355 8358 8361 8364 8367 8370 8373 8376 8379 8382 8385 8388 8391 8394 8397 8400 8403 8406 8409 8412 8415 8418 8421 8424 8427 8430 8433 8436 8439 8442 8445 8448 8451 8454 8457 8460 8463 8466 8469 8472 8475 8478 8481 8484 8487 8490 8493 8496 8499 8502 8505 8508 8511 8514 8517 8520 8523 8526 8529 8532 8535 8538 8541 8544 8547 8550 8553 8556 8559 8562 8565 8568 8571 8574 8577 8580 8583 8586 8589 8592 8595 8598 8601 8604 8607 8610 8613 8616 8619 8622 8625 8628 8631 8634 8637 8640 8643 8646 8649 8652 8655 8658 8661 8664 8667 8670 8673 8676 8679 8682 8685 8688 8691 8694 8697 8700 8703 8706 8709 8712 8715 8718 8721 8724 8727 8730 8733 8736 8739 8742 8745 8748 8751 8754 8757 8760 8763 8766 8769 8772 8775 8778 8781 8784 8787 8790 8793 8796 8799 8802 8805 8808 8811 8814 8817 8820 8823 8826 8829 8832 8835 8838 8841 8844 8847 8850 8853 8856 8859 8862 8865 8868 8871 8874 8877 8880 8883 8886 8889 8892 8895 8898 8901 8904 8907 8910 8913 8916 8919 8922 8925 8928 8931 8934 8937 8940 8943 8946 8949 8952 8955 8958 8961 8964 8967 8970 8973 8976 8979 8982 8985 8988 8991 8994 8997 9000 9003 9006 9009 9012 9015 9018 9021 9024 9027 9030 9033 9036 9039 9042 9045 9048 9051 9054 9057 9060 9063 9066 9069 9072 9075 9078 9081 9084 9087 9090 9093 9096 9099 9102 9105 9108 9111 9114 9117 9120 9123 9126 9129 9132 9135 9138 9141 9144 9147 9150 9153 9156 9159 9162 9165 9168 9171 9174 9177 9180 9183 9186 9189 9192 9195 9198 9201 9204 9207 9210 9213 9216 9219 9222 9225 9228 9231 9234 9237 9240 9243 9246 9249 9252 9255 9258 9261 9264 9267 9270 9273 9276 9279 9282 9285 9288 9291 9294 9297 9300 9303 9306 9309 9312 9315 9318 9321 9324 9327 9330 9333 9336 9339 9342 9345 9348 9351 9354 9357 9360 9363 9366 9369 9372 9375 9378 9381 9384 9387 9390 9393 9396 9399 9402 9405 9408 9411 9414 9417 9420 9423 9426 9429 9432 9435 9438 9441 9444 9447 9450 9453 9456 9459 9462 9465 9468 9471 9474 9477 9480 9483 9486 9489 9492 9495 9498 9501 9504 9507 9510 9513 9516 9519 9522 9525 9528 9531 9534 9537 9540 9543 9546 9549 9552 9555 9558 9561 9564 9567 9570 9573 9576 9579 9582 9585 9588 9591 9594 9597 9600 9603 9606 9609 9612 9615 9618 9621 9624 9627 9630 9633 9636 9639 9642 9645 9648 9651 9654 9657 9660 9663 9666 9669 9672 9675 9678 9681 9684 9687 9690 9693 9696 9699 9702 9705 9708 9711 9714 9717 9720 9723 9726 9729 9732 9735 9738 9741 9744 9747 9750 9753 9756 9759 9762 9765 9768 9771 9774 9777 9780 9783 9786 9789 9792 9795 9798 9801 9804 9807 9810 9813 9816 9819 9822 9825 9828 9831 9834 9837 9840 9843 9846 9849 9852 9855 9858 9861 9864 9867 9870 9873 9876 9879 9882 9885 9888 9891 9894 9897 9900 9903 9906 9909 9912 9915 9918 9921 9924 9927 9930 9933 9936 9939 9942 9945 9948 9951 9954 9957 9960 9963 9966 9969 9972 9975 9978 9981 9984 9987 9990 9993 9996 9999 10002 10005 10008 10011 10014 10017 10020 10023 10026 10029 10032 10035 10038 10041 10044 10047 10050 10053 10056 10059 10062 10065 10068 10071 10074 10077 10080 10083 10086 10089 10092 10095 10098 10101 10104 10107 10110 10113 10116 10119 10122 10125 10128 10131 10134 10137 10140 10143 10146 10149 10152 10155 10158 10161 10164 10167 10170 10173 10176 10179 10182 10185 10188 10191 10194 10197 10200 10203 10206 10209 10212 10215 10218 10221 10224 10227 10230 10233 10236 10239 10242 10245 10248 10251 10254 10257 10260 10263 10266 10269 10272 10275 10278 10281 10284 10287 10290 10293 10296 10299 10302 10305 10308 10311 10314 10317 10320 10323 10326 10329 10332 10335 10338 10341 10344 10347 10350 10353 10356 10359 10362 10365 10368 10371 10374 10377 10380 10383 10386 10389 10392 10395 10398 10401 10404 10407 10410 10413 10416 10419 10422 10425 10428 10431 10434 10437 10440 10443 10446 10449 10452 10455 10458 10461 10464 10467 10470 10473 10476 10479 10482 10485 10488 10491 10494 10497 10500 10503 10506 10509 10512 10515 10518 10521 10524 10527 10530 10533 10536 10539 10542 10545 10548 10551 10554 10557 10560 10563 10566 10569 10572 10575 10578 10581 10584 10587 10590 10593 10596 10599 10602 10605 10608 10611 10614 10617 10620 10623 10626 10629 10632 10635 10638 10641 10644 10647 10650 10653 10656 10659 10662 10665 10668 10671 10674 10677 10680 10683 10686 10689 10692 10695 10698 10701 10704 10707 10710 10713 10716 10719 10722 10725 10728 10731 10734 10737 10740 10743 10746 10749 10752 10755 10758 10761 10764 10767 10770 10773 10776 10779 10782 10785 10788 10791 10794 10797 10800 10803 10806 10809 10812 10815 10818 10821 10824 10827 10830 10833 10836 10839 10842 10845 10848 10851 10854 10857 10860 10863 10866 10869 10872 10875 10878 10881 10884 10887 10890 10893 10896 10899 10902 10905 10908 10911 10914 10917 10920 10923 10926 10929 10932 10935 10938 10941 10944 10947 10950 10953 10956 10959 10962 10965 10968 10971 10974 10977 10980 10983 10986 10989 10992 10995 10998 11001 11004 11007 11010 11013 11016 11019 11022 11025 11028 11031 11034 11037 11040 11043 11046 11049 11052 11055 11058 11061 11064 11067 11070 11073 11076 11079 11082 11085 11088 11091 11094 11097 11100 11103 11106 11109 11112 11115 11118 11121 11124 11127 11130 11133 11136 11139 11142 11145 11148 11151 11154 11157 11160 11163 11166 11169 11172 11175 11178 11181 11184 11187 11190 11193 11196 11199 11202 11205 11208 11211 11214 11217 11220 11223 11226 11229 11232 11235 11238 11241 11244 11247 11250 11253 11256 11259 11262 11265 11268 11271 11274 11277 11280 11283 11286 11289 11292 11295 11298 11301 11304 11307 11310 11313 11316 11319 11322 11325 11328 11331 11334 11337 11340 11343 11346 11349 11352 11355 11358 11361 11364 11367 11370 11373 11376 11379 11382 11385 11388 11391 11394 11397 11400 11403 11406 11409 11412 11415 11418 11421 11424 11427 11430 11433 11436 11439 11442 11445 11448 11451 11454 11457 11460 11463 11466 11469 11472 11475 11478 11481 11484 11487 11490 11493 11496 11499 11502 11505 11508 11511 11514 11517 11520 11523 11526 11529 11532 11535 11538 11541 11544 11547 11550 11553 11556 11559 11562 11565 11568 11571 11574 11577 11580 11583 11586 11589 11592 11595 11598 11601 11604 11607 11610 11613 11616 11619 11622 11625 11628 11631 11634 11637 11640 11643 11646 11649 11652 11655 11658 11661 11664 11667 11670 11673 11676 11679 11682 11685 11688 11691 11694 11697 11700 11703 11706 11709 11712 11715 11718 11721 11724 11727 11730 11733 11736 11739 11742 11745 11748 11751 11754 11757 11760 11763 11766 11769 11772 11775 11778 11781 11784 11787 11790 11793 11796 11799 11802 11805 11808 11811 11814 11817 11820 11823 11826 11829 11832 11835 11838 11841 11844 11847 11850 11853 11856 11859 11862 11865 11868 11871 11874 11877 11880 11883 11886 11889 11892 11895 11898 11901 11904 11907 11910 11913 11916 11919 11922 11925 11928 11931 11934 11937 11940 11943 11946 11949 11952 11955 11958 11961 11964 11967 11970 11973 11976 11979 11982 11985 11988 11991 11994 11997 12000 12003 12006 12009 12012 12015 12018 12021 12024 12027 12030 12033 12036 12039 12042 12045 12048 12051 12054 12057 12060 12063 12066 12069 12072 12075 12078 12081 12084 12087 12090 12093 12096 12099 12102 12105 12108 12111 12114 12117 12120 12123 12126 12129 12132 12135 12138 12141 12144 12147 12150 12153 12156 12159 12162 12165 12168 12171 12174 12177 12180 12183 12186 12189 12192 12195 12198 12201 12204 12207 12210 12213 12216 12219 12222 12225 12228 12231 12234 12237 12240 12243 12246 12249 12252 12255 12258 12261 12264 12267 12270 12273 12276 12279 12282 12285 12288 12291 12294 12297 12300 12303 12306 12309 12312 12315 12318 12321 12324 12327 12330 12333 12336 12339 12342 12345 12348 12351 12354 12357 12360 12363 12366 12369 12372 12375 12378 12381 12384 12387 12390 12393 12396 12399 12402 12405 12408 12411 12414 12417 12420 12423 12426 12429 12432 12435 12438 12441 12444 12447 12450 12453 12456 12459 12462 12465 12468 12471 12474 12477 12480 12483 12486 12489 12492 12495 12498 12501 12504 12507 12510 12513 12516 12519 12522 12525 12528 12531 12534 12537 12540 12543 12546 12549 12552 12555 12558 12561 12564 12567 12570 12573 12576 12579 12582 12585 12588 12591 12594 12597 12600 12603 12606 12609 12612 12615 12618 12621 12624 12627 12630 12633 12636 12639 12642 12645 12648 12651 12654 12657 12660 12663 12666 12669 12672 12675 12678 12681 12684 12687 12690 12693 12696 12699 12702 12705 12708 12711 12714 12717 12720 12723 12726 12729 12732 12735 12738 12741 12744 12747 12750 12753 12756 12759 12762 12765 12768 12771 12774 12777 12780 12783 12786 12789 12792 12795 12798 12801 12804 12807 12810 12813 12816 12819 12822 12825 12828 12831 12834 12837 12840 12843 12846 12849 12852 12855 12858 12861 12864 12867 12870 12873 12876 12879 12882 12885 12888 12891 12894 12897 12900 12903 12906 12909 12912 12915 12918 12921 12924 12927 12930 12933 12936 12939 12942 12945 12948 12951 12954 12957 12960 12963 12966 12969 12972 12975 12978 12981 12984 12987 12990 12993 12996 12999 13002 13005 13008 13011 13014 13017 13020 13023 13026 13029 13032 13035 13038 13041 13044 13047 13050 13053 13056 13059 13062 13065 13068 13071 13074 13077 13080 13083 13086 13089 13092 13095 13098 13101 13104 13107 13110 13113 13116 13119 13122 13125 13128 13131 13134 13137 13140 13143 13146 13149 13152 13155 13158 13161 13164 13167 13170 13173 13176 13179 13182 13185 13188 13191 13194 13197 13200 13203 13206 13209 13212 13215 13218 13221 13224 13227 13230 13233 13236 13239 13242 13245 13248 13251 13254 13257 13260 13263 13266 13269 13272 13275 13278 13281 13284 13287 13290 13293 13296 13299 13302 13305 13308 13311 13314 13317 13320 13323 13326 13329 13332 13335 13338 13341 13344 13347 13350 13353 13356 13359 13362 13365 13368 13371 13374 13377 13380 13383 13386 13389 13392 13395 13398 13401 13404 13407 13410 13413 13416 13419 13422 13425 13428 13431 13434 13437 13440 13443 13446 13449 13452 13455 13458 13461 13464 13467 13470 13473 13476 13479 13482 13485 13488 13491 13494 13497 13500 13503 13506 13509 13512 13515 13518 13521 13524 13527 13530 13533 13536 13539 13542 13545 13548 13551 13554 13557 13560 13563 13566 13569 13572 13575 13578 13581 13584 13587 13590 13593 13596 13599 13602 13605 13608 13611 13614 13617 13620 13623 13626 13629 13632 13635 13638 13641 13644 13647 13650 13653 13656 13659 13662 13665 13668 13671 13674 13677 13680 13683 13686 13689 13692 13695 13698 13701 13704 13707 13710 13713 13716 13719 13722 13725 13728 13731 13734 13737 13740 13743 13746 13749 13752 13755 13758 13761 13764 13767 13770 13773 13776 13779 13782 13785 13788 13791 13794 13797 13800 13803 13806 13809 13812 13815 13818 13821 13824 13827 13830 13833 13836 13839 13842 13845 13848 13851 13854 13857 13860 13863 13866 13869 13872 13875 13878 13881 13884 13887 13890 13893 13896 13899 13902 13905 13908 13911 13914 13917 13920 13923 13926 13929 13932 13935 13938 13941 13944 13947 13950 13953 13956 13959 13962 13965 13968 13971 13974 13977 13980 13983 13986 13989 13992 13995 13998 14001 14004 14007 14010 14013 14016 14019 14022 14025 14028 14031 14034 14037 14040 14043 14046 14049 14052 14055 14058 14061 14064 14067 14070 14073 14076 14079 14082 14085 14088 14091 14094 14097 14100 14103 14106 14109 14112 14115 14118 14121 14124 14127 14130 14133 14136 14139 14142 14145 14148 14151 14154 14157 14160 14163 14166 14169 14172 14175 14178 14181 14184 14187 14190 14193 14196 14199 14202 14205 14208 14211 14214 14217 14220 14223 14226 14229 14232 14235 14238 14241 14244 14247 14250 14253 14256 14259 14262 14265 14268 14271 14274 14277 14280 14283 14286 14289 14292 14295 14298 14301 14304 14307 14310 14313 14316 14319 14322 14325 14328 14331 14334 14337 14340 14343 14346 14349 14352 14355 14358 14361 14364 14367 14370 14373 14376 14379 14382 14385 14388 14391 14394 14397 14400 14403 14406 14409 14412 14415 14418 14421 14424 14427 14430 14433 14436 14439 14442 14445 14448 14451 14454 14457 14460 14463 14466 14469 14472 14475 14478 14481 14484 14487 14490 14493 14496 14499 14502 14505 14508 14511 14514 14517 14520 14523 14526 14529 14532 14535 14538 14541 14544 14547 14550 14553 14556 14559 14562 14565 14568 14571 14574 14577 14580 14583 14586 14589 14592 14595 14598 14601 14604 14607 14610 14613 14616 14619 14622 14625 14628 14631 14634 14637 14640 14643 14646 14649 14652 14655 14658 14661 14664 14667 14670 14673 14676 14679 14682 14685 14688 14691 14694 14697 14700 14703 14706 14709 14712 14715 14718 14721 14724 14727 14730 14733 14736 14739 14742 14745 14748 14751 14754 14757 14760 14763 14766 14769 14772 14775 14778 14781 14784 14787 14790 14793 14796 14799 14802 14805 14808 14811 14814 14817 14820 14823 14826 14829 14832 14835 14838 14841 14844 14847 14850 14853 14856 14859 14862 14865 14868 14871 14874 14877 14880 14883 14886 14889 14892 14895 14898 14901 14904 14907 14910 14913 14916 14919 14922 14925 14928 14931 14934 14937 14940 14943 14946 14949 14952 14955 14958 14961 14964 14967 14970 14973 14976 14979 14982 14985 14988 14991 14994 14997 15000 15003 15006 15009 15012 15015 15018 15021 15024 15027 15030 15033 15036 15039 15042 15045 15048 15051 15054 15057 15060 15063 15066 15069 15072 15075 15078 15081 15084 15087 15090 15093 15096 15099 15102 15105 15108 15111 15114 15117 15120 15123 15126 15129 15132 15135 15138 15141 15144 15147 15150 15153 15156 15159 15162 15165 15168 15171 15174 15177 15180 15183 15186 15189 15192 15195 15198 15201 15204 15207 15210 15213 15216 15219 15222 15225 15228 15231 15234 15237 15240 15243 15246 15249 15252 15255 15258 15261 15264 15267 15270 15273 15276 15279 15282 15285 15288 15291 15294 15297 15300 15303 15306 15309 15312 15315 15318 15321 15324 15327 15330 15333 15336 15339 15342 15345 15348 15351 15354 15357 15360 15363 15366 15369 15372 15375 15378 15381 15384 15387 15390 15393 15396 15399 15402 15405 15408 15411 15414 15417 15420 15423 15426 15429 15432 15435 15438 15441 15444 15447 15450 15453 15456 15459 15462 15465 15468 15471 15474 15477 15480 15483 15486 15489 15492 15495 15498 15501 15504 15507 15510 15513 15516 15519 15522 15525 15528 15531 15534 15537 15540 15543 15546 15549 15552 15555 15558 15561 15564 15567 15570 15573 15576 15579 15582 15585 15588 15591 15594 15597 15600 15603 15606 15609 15612 15615 15618 15621 15624 15627 15630 15633 15636 15639 15642 15645 15648 15651 15654 15657 15660 15663 15666 15669 15672 15675 15678 15681 15684 15687 15690 15693 15696 15699 15702 15705 15708 15711 15714 15717 15720 15723 15726 15729 15732 15735 15738 15741 15744 15747 15750 15753 15756 15759 15762 15765 15768 15771 15774 15777 15780 15783 15786 15789 15792 15795 15798 15801 15804 15807 15810 15813 15816 15819 15822 15825 15828 15831 15834 15837 15840 15843 15846 15849 15852 15855 15858 15861 15864 15867 15870 15873 15876 15879 15882 15885 15888 15891 15894 15897 15900 15903 15906 15909 15912 15915 15918 15921 15924 15927 15930 15933 15936 15939 15942 15945 15948 15951 15954 15957 15960 15963 15966 15969 15972 15975 15978 15981 15984 15987 15990 15993 15996 15999 16002 16005 16008 16011 16014 16017 16020 16023 16026 16029 16032 16035 16038 16041 16044 16047 16050 16053 16056 16059 16062 16065 16068 16071 16074 16077 16080 16083 16086 16089 16092 16095 16098 16101 16104 16107 16110 16113 16116 16119 16122 16125 16128 16131 16134 16137 16140 16143 16146 16149 16152 16155 16158 16161 16164 16167 16170 16173 16176 16179 16182 16185 16188 16191 16194 16197 16200 16203 16206 16209 16212 16215 16218 16221 16224 16227 16230 16233 16236 16239 16242 16245 16248 16251 16254 16257 16260 16263 16266 16269 16272 16275 16278 16281 16284 16287 16290 16293 16296 16299 16302 16305 16308 16311 16314 16317 16320 16323 16326 16329 16332 16335 16338 16341 16344 16347 16350 16353 16356 16359 16362 16365 16368 16371 16374 16377 16380 16383 16386 16389 16392 16395 16398 16401 16404 16407 16410 16413 16416 16419 16422 16425 16428 16431 16434 16437 16440 16443 16446 16449 16452 16455 16458 16461 16464 16467 16470 16473 16476 16479 16482 16485 16488 16491 16494 16497 16500 16503 16506 16509 16512 16515 16518 16521 16524 16527 16530 16533 16536 16539 16542 16545 16548 16551 16554 16557 16560 16563 16566 16569 16572 16575 16578 16581 16584 16587 16590 16593 16596 16599 16602 16605 16608 16611 16614 16617 16620 16623 16626 16629 16632 16635 16638 16641 16644 16647 16650 16653 16656 16659 16662 16665 16668 16671 16674 16677 16680 16683 16686 16689 16692 16695 16698 16701 16704 16707 16710 16713 16716 16719 16722 16725 16728 16731 16734 16737 16740 16743 16746 16749 16752 16755 16758 16761 16764 16767 16770 16773 16776 16779 16782 16785 16788 16791 16794 16797 16800 16803 16806 16809 16812 16815 16818 16821 16824 16827 16830 16833 16836 16839 16842 16845 16848 16851 16854 16857 16860 16863 16866 16869 16872 16875 16878 16881 16884 16887 16890 16893 16896 16899 16902 16905 16908 16911 16914 16917 16920 16923 16926 16929 16932 16935 16938 16941 16944 16947 16950 16953 16956 16959 16962 16965 16968 16971 16974 16977 16980 16983 16986 16989 16992 16995 16998 17001 17004 17007 17010 17013 17016 17019 17022 17025 17028 17031 17034 17037 17040 17043 17046 17049 17052 17055 17058 17061 17064 17067 17070 17073 17076 17079 17082 17085 17088 17091 17094 17097 17100 17103 17106 17109 17112 17115 17118 17121 17124 17127 17130 17133 17136 17139 17142 17145 17148 17151 17154 17157 17160 17163 17166 17169 17172 17175 17178 17181 17184 17187 17190 17193 17196 17199 17202 17205 17208 17211 17214 17217 17220 17223 17226 17229 17232 17235 17238 17241 17244 17247 17250 17253 17256 17259 17262 17265 17268 17271 17274 17277 17280 17283 17286 17289 17292 17295 17298 17301 17304 17307 17310 17313 17316 17319 17322 17325 17328 17331 17334 17337 17340 17343 17346 17349 17352 17355 17358 17361 17364 17367 17370 17373 17376 17379 17382 17385 17388 17391 17394 17397 17400 17403 17406 17409 17412 17415 17418 17421 17424 17427 17430 17433 17436 17439 17442 17445 17448 17451 17454 17457 17460 17463 17466 17469 17472 17475 17478 17481 17484 17487 17490 17493 17496 17499 17502 17505 17508 17511 17514 17517 17520 17523 17526 17529 17532 17535 17538 17541 17544 17547 17550 17553 17556 17559 17562 17565 17568 17571 17574 17577 17580 17583 17586 17589 17592 17595 17598 17601 17604 17607 17610 17613 17616 17619 17622 17625 17628 17631 17634 17637 17640 17643 17646 17649 17652 17655 17658 17661 17664 17667 17670 17673 17676 17679 17682 17685 17688 17691 17694 17697 17700 17703 17706 17709 17712 17715 17718 17721 17724 17727 17730 17733 17736 17739 17742 17745 17748 17751 17754 17757 17760 17763 17766 17769 17772 17775 17778 17781 17784 17787 17790 17793 17796 17799 17802 17805 17808 17811 17814 17817 17820 17823 17826 17829 17832 17835 17838 17841 17844 17847 17850 17853 17856 17859 17862 17865 17868 17871 17874 17877 17880 17883 17886 17889 17892 17895 17898 17901 17904 17907 17910 17913 17916 17919 17922 17925 17928 17931 17934 17937 17940 17943 17946 17949 17952 17955 17958 17961 17964 17967 17970 17973 17976 17979 17982 17985 17988 17991 17994 17997 18000 18003 18006 18009 18012 18015 18018 18021 18024 18027 18030 18033 18036 18039 18042 18045 18048 18051 18054 18057 18060 18063 18066 18069 18072 18075 18078 18081 18084 18087 18090 18093 18096 18099 18102 18105 18108 18111 18114 18117 18120 18123 18126 18129 18132 18135 18138 18141 18144 18147 18150 18153 18156 18159 18162 18165 18168 18171 18174 18177 18180 18183 18186 18189 18192 18195 18198 18201 18204 18207 18210 18213 18216 18219 18222 18225 18228 18231 18234 18237 18240 18243 18246 18249 18252 18255 18258 18261 18264 18267 18270 18273 18276 18279 18282 18285 18288 18291 18294 18297 18300 18303 18306 18309 18312 18315 18318 18321 18324 18327 18330 18333 18336 18339 18342 18345 18348 18351 18354 18357 18360 18363 18366 18369 18372 18375 18378 18381 18384 18387 18390 18393 18396 18399 18402 18405 18408 18411 18414 18417 18420 18423 18426 18429 18432 18435 18438 18441 18444 18447 18450 18453 18456 18459 18462 18465 18468 18471 18474 18477 18480 18483 18486 18489 18492 18495 18498 18501 18504 18507 18510 18513 18516 18519 18522 18525 18528 18531 18534 18537 18540 18543 18546 18549 18552 18555 18558 18561 18564 18567 18570 18573 18576 18579 18582 18585 18588 18591 18594 18597 18600 18603 18606 18609 18612 18615 18618 18621 18624 18627 18630 18633 18636 18639 18642 18645 18648 18651 18654 18657 18660 18663 18666 18669 18672 18675 18678 18681 18684 18687 18690 18693 18696 18699 18702 18705 18708 18711 18714 18717 18720 18723 18726 18729 18732 18735 18738 18741 18744 18747 18750 18753 18756 18759 18762 18765 18768 18771 18774 18777 18780 18783 18786 18789 18792 18795 18798 18801 18804 18807 18810 18813 18816 18819 18822 18825 18828 18831 18834 18837 18840 18843 18846 18849 18852 18855 18858 18861 18864 18867 18870 18873 18876 18879 18882 18885 18888 18891 18894 18897 18900 18903 18906 18909 18912 18915 18918 18921 18924 18927 18930 18933 18936 18939 18942 18945 18948 18951 18954 18957 18960 18963 18966 18969 18972 18975 18978 18981 18984 18987 18990 18993 18996 18999 19002 19005 19008 19011 19014 19017 19020 19023 19026 19029 19032 19035 19038 19041 19044 19047 19050 19053 19056 19059 19062 19065 19068 19071 19074 19077 19080 19083 19086 19089 19092 19095 19098 19101 19104 19107 19110 19113 19116 19119 19122 19125 19128 19131 19134 19137 19140 19143 19146 19149 19152 19155 19158 19161 19164 19167 19170 19173 19176 19179 19182 19185 19188 19191 19194 19197 19200 19203 19206 19209 19212 19215 19218 19221 19224 19227 19230 19233 19236 19239 19242 19245 19248 19251 19254 19257 19260 19263 19266 19269 19272 19275 19278 19281 19284 19287 19290 19293 19296 19299 19302 19305 19308 19311 19314 19317 19320 19323 19326 19329 19332 19335 19338 19341 19344 19347 19350 19353 19356 19359 19362 19365 19368 19371 19374 19377 19380 19383 19386 19389 19392 19395 19398 19401 19404 19407 19410 19413 19416 19419 19422 19425 19428 19431 19434 19437 19440 19443 19446 19449 19452 19455 19458 19461 19464 19467 19470 19473 19476 19479 19482 19485 19488 19491 19494 19497 19500 19503 19506 19509 19512 19515 19518 19521 19524 19527 19530 19533 19536 19539 19542 19545 19548 19551 19554 19557 19560 19563 19566 19569 19572 19575 19578 19581 19584 19587 19590 19593 19596 19599 19602 19605 19608 19611 19614 19617 19620 19623 19626 19629 19632 19635 19638 19641 19644 19647 19650 19653 19656 19659 19662 19665 19668 19671 19674 19677 19680 19683 19686 19689 19692 19695 19698 19701 19704 19707 19710 19713 19716 19719 19722 19725 19728 19731 19734 19737 19740 19743 19746 19749 19752 19755 19758 19761 19764 19767 19770 19773 19776 19779 19782 19785 19788 19791 19794 19797 19800 19803 19806 19809 19812 19815 19818 19821 19824 19827 19830 19833 19836 19839 19842 19845 19848 19851 19854 19857 19860 19863 19866 19869 19872 19875 19878 19881 19884 19887 19890 19893 19896 19899 19902 19905 19908 19911 19914 19917 19920 19923 19926 19929 19932 19935 19938 19941 19944 19947 19950 19953 19956 19959 19962 19965 19968 19971 19974 19977 19980 19983 19986 19989 19992 19995 19998 20001 20004 20007 20010 20013 20016 20019 20022 20025 20028 20031 20034 20037 20040 20043 20046 20049 20052 20055 20058 20061 20064 20067 20070 20073 20076 20079 20082 20085 20088 20091 20094 20097 20100 20103 20106 20109 20112 20115 20118 20121 20124 20127 20130 20133 20136 20139 20142 20145 20148 20151 20154 20157 20160 20163 20166 20169 20172 20175 20178 20181 20184 20187 20190 20193 20196 20199 20202 20205 20208 20211 20214 20217 20220 20223 20226 20229 20232 20235 20238 20241 20244 20247 20250 20253 20256 20259 20262 20265 20268 20271 20274 20277 20280 20283 20286 20289 20292 20295 20298 20301 20304 20307 20310 20313 20316 20319 20322 20325 20328 20331 20334 20337 20340 20343 20346 20349 20352 20355 20358 20361 20364 20367 20370 20373 20376 20379 20382 20385 20388 20391 20394 20397 20400 20403 20406 20409 20412 20415 20418 20421 20424 20427 20430 20433 20436 20439 20442 20445 20448 20451 20454 20457 20460 20463 20466 20469 20472 20475 20478 20481 20484 20487 20490 20493 20496 20499 20502 20505 20508 20511 20514 20517 20520 20523 20526 20529 20532 20535 20538 20541 20544 20547 20550 20553 20556 20559 20562 20565 20568 20571 20574 20577 20580 20583 20586 20589 20592 20595 20598 20601 20604 20607 20610 20613 20616 20619 20622 20625 20628 20631 20634 20637 20640 20643 20646 20649 20652 20655 20658 20661 20664 20667 20670 20673 20676 20679 20682 20685 20688 20691 20694 20697 20700 20703 20706 20709 20712 20715 20718 20721 20724 20727 20730 20733 20736 20739 20742 20745 20748 20751 20754 20757 20760 20763 20766 20769 20772 20775 20778 20781 20784 20787 20790 20793 20796 20799 20802 20805 20808 20811 20814 20817 20820 20823 20826 20829 20832 20835 20838 20841 20844 20847 20850 20853 20856 20859 20862 20865 20868 20871 20874 20877 20880 20883 20886 20889 20892 20895 20898 20901 20904 20907 20910 20913 20916 20919 20922 20925 20928 20931 20934 20937 20940 20943 20946 20949 20952 20955 20958 20961 20964 20967 20970 20973 20976 20979 20982 20985 20988 20991 20994 20997 21000 21003 21006 21009 21012 21015 21018 21021 21024 21027 21030 21033 21036 21039 21042 21045 21048 21051 21054 21057 21060 21063 21066 21069 21072 21075 21078 21081 21084 21087 21090 21093 21096 21099 21102 21105 21108 21111 21114 21117 21120 21123 21126 21129 21132 21135 21138 21141 21144 21147 21150 21153 21156 21159 21162 21165 21168 21171 21174 21177 21180 21183 21186 21189 21192 21195 21198 21201 21204 21207 21210 21213 21216 21219 21222 21225 21228 21231 21234 21237 21240 21243 21246 21249 21252 21255 21258 21261 21264 21267 21270 21273 21276 21279 21282 21285 21288 21291 21294 21297 21300 21303 21306 21309 21312 21315 21318 21321 21324 21327 21330 21333 21336 21339 21342 21345 21348 21351 21354 21357 21360 21363 21366 21369 21372 21375 21378 21381 21384 21387 21390 21393 21396 21399 21402 21405 21408 21411 21414 21417 21420 21423 21426 21429 21432 21435 21438 21441 21444 21447 21450 21453 21456 21459 21462 21465 21468 21471 21474 21477 21480 21483 21486 21489 21492 21495 21498 21501 21504 21507 21510 21513 21516 21519 21522 21525 21528 21531 21534 21537 21540 21543 21546 21549 21552 21555 21558 21561 21564 21567 21570 21573 21576 21579 21582 21585 21588 21591 21594 21597 21600 21603 21606 21609 21612 21615 21618 21621 21624 21627 21630 21633 21636 21639 21642 21645 21648 21651 21654 21657 21660 21663 21666 21669 21672 21675 21678 21681 21684 21687 21690 21693 21696 21699 21702 21705 21708 21711 21714 21717 21720 21723 21726 21729 21732 21735 21738 21741 21744 21747 21750 21753 21756 21759 21762 21765 21768 21771 21774 21777 21780 21783 21786 21789 21792 21795 21798 21801 21804 21807 21810 21813 21816 21819 21822 21825 21828 21831 21834 21837 21840 21843 21846 21849 21852 21855 21858 21861 21864 21867 21870 21873 21876 21879 21882 21885 21888 21891 21894 21897 21900 21903 21906 21909 21912 21915 21918 21921 21924 21927 21930 21933 21936 21939 21942 21945 21948 21951 21954 21957 21960 21963 21966 21969 21972 21975 21978 21981 21984 21987 21990 21993 21996 21999 22002 22005 22008 22011 22014 22017 22020 22023 22026 22029 22032 22035 22038 22041 22044 22047 22050 22053 22056 22059 22062 22065 22068 22071 22074 22077 22080 22083 22086 22089 22092 22095 22098 22101 22104 22107 22110 22113 22116 22119 22122 22125 22128 22131 22134 22137 22140 22143 22146 22149 22152 22155 22158 22161 22164 22167 22170 22173 22176 22179 22182 22185 22188 22191 22194 22197 22200 22203 22206 22209 22212 22215 22218 22221 22224 22227 22230 22233 22236 22239 22242 22245 22248 22251 22254 22257 22260 22263 22266 22269 22272 22275 22278 22281 22284 22287 22290 22293 22296 22299 22302 22305 22308 22311 22314 22317 22320 22323 22326 22329 22332 22335 22338 22341 22344 22347 22350 22353 22356 22359 22362 22365 22368 22371 22374 22377 22380 22383 22386 22389 22392 22395 22398 22401 22404 22407 22410 22413 22416 22419 22422 22425 22428 22431 22434 22437 22440 22443 22446 22449 22452 22455 22458 22461 22464 22467 22470 22473 22476 22479 22482 22485 22488 22491 22494 22497 22500 22503 22506 22509 22512 22515 22518 22521 22524 22527 22530 22533 22536 22539 22542 22545 22548 22551 22554 22557 22560 22563 22566 22569 22572 22575 22578 22581 22584 22587 22590 22593 22596 22599 22602 22605 22608 22611 22614 22617 22620 22623 22626 22629 22632 22635 22638 22641 22644 22647 22650 22653 22656 22659 22662 22665 22668 22671 22674 22677 22680 22683 22686 22689 22692 22695 22698 22701 22704 22707 22710 22713 22716 22719 22722 22725 22728 22731 22734 22737 22740 22743 22746 22749 22752 22755 22758 22761 22764 22767 22770 22773 22776 22779 22782 22785 22788 22791 22794 22797 22800 22803 22806 22809 22812 22815 22818 22821 22824 22827 22830 22833 22836 22839 22842 22845 22848 22851 22854 22857 22860 22863 22866 22869 22872 22875 22878 22881 22884 22887 22890 22893 22896 22899 22902 22905 22908 22911 22914 22917 22920 22923 22926 22929 22932 22935 22938 22941 22944 22947 22950 22953 22956 22959 22962 22965 22968 22971 22974 22977 22980 22983 22986 22989 22992 22995 22998 23001 23004 23007 23010 23013 23016 23019 23022 23025 23028 23031 23034 23037 23040 23043 23046 23049 23052 23055 23058 23061 23064 23067 23070 23073 23076 23079 23082 23085 23088 23091 23094 23097 23100 23103 23106 23109 23112 23115 23118 23121 23124 23127 23130 23133 23136 23139 23142 23145 23148 23151 23154 23157 23160 23163 23166 23169 23172 23175 23178 23181 23184 23187 23190 23193 23196 23199 23202 23205 23208 23211 23214 23217 23220 23223 23226 23229 23232 23235 23238 23241 23244 23247 23250 23253 23256 23259 23262 23265 23268 23271 23274 23277 23280 23283 23286 23289 23292 23295 23298 23301 23304 23307 23310 23313 23316 23319 23322 23325 23328 23331 23334 23337 23340 23343 23346 23349 23352 23355 23358 23361 23364 23367 23370 23373 23376 23379 23382 23385 23388 23391 23394 23397 23400 23403 23406 23409 23412 23415 23418 23421 23424 23427 23430 23433 23436 23439 23442 23445 23448 23451 23454 23457 23460 23463 23466 23469 23472 23475 23478 23481 23484 23487 23490 23493 23496 23499 23502 23505 23508 23511 23514 23517 23520 23523 23526 23529 23532 23535 23538 23541 23544 23547 23550 23553 23556 23559 23562 23565 23568 23571 23574 23577 23580 23583 23586 23589 23592 23595 23598 23601 23604 23607 23610 23613 23616 23619 23622 23625 23628 23631 23634 23637 23640 23643 23646 23649 23652 23655 23658 23661 23664</DataArray></Polys></Piece></PolyData></VTKFile>