model,frequency_Hz,epsilon_real,epsilon_loss,alpha_Np_m,normal_cover_interface_abs_R,normal_cover_interface_phase_deg
current_cover,20000000.0,11.301508888433354,1.1433913057740175,0.07119218029806343,0.0,0.0
current_cover,20300000.0,11.297934041126995,1.1308347093642428,0.07147974310395873,0.0,0.0
current_cover,20600000.0,11.294391612804743,1.1186050471051523,0.0717647520397721,0.0,0.0
current_cover,20900000.0,11.290882292436686,1.1066874279173686,0.0720471523654273,0.0,0.0
current_cover,21200000.0,11.287406702941349,1.0950678804120206,0.07232689437242003,0.0,0.0
current_cover,21500000.0,11.283965403980883,1.0837332855216089,0.0726039331874046,0.0,0.0
current_cover,21800000.0,11.28055889471979,1.0726713147347233,0.07287822857641976,0.0,0.0
current_cover,22100000.0,11.277187616540564,1.0618703734094543,0.07314974475046843,0.0,0.0
current_cover,22400000.0,11.273851955710493,1.0513195486957172,0.07341845017308343,0.0,0.0
current_cover,22700000.0,11.270552245994605,1.041008561645573,0.0736843173704351,0.0,0.0
current_cover,23000000.0,11.26728877121044,1.030927723133791,0.07394732274446626,0.0,0.0
current_cover,23300000.0,11.264061767720955,1.0210678932491208,0.07420744638947555,0.0,0.0
current_cover,23600000.0,11.260871426862526,1.011420443850641,0.07446467191251022,0.0,0.0
current_cover,23900000.0,11.257717897305541,1.0019772240136573,0.07471898625787526,0.0,0.0
current_cover,24200000.0,11.254601287345592,0.9927305281164281,0.07497037953601528,0.0,0.0
current_cover,24500000.0,11.251521667123752,0.9836730663428795,0.07521884485697986,0.0,0.0
current_cover,24800000.0,11.248479070774874,0.9747979373978054,0.07546437816864207,0.0,0.0
current_cover,25100000.0,11.24547349850321,0.9660986032501157,0.0757069780998013,0.0,0.0
current_cover,25400000.0,11.24250491858503,0.9575688657367809,0.07594664580826764,0.0,0.0
current_cover,25700000.0,11.239573269298214,0.949202844875441,0.07618338483399413,0.0,0.0
current_cover,26000000.0,11.236678460779128,0.9409949587474047,0.07641720095729546,0.0,0.0
current_cover,26300000.0,11.233820376807289,0.9329399048251497,0.07664810206216667,0.0,0.0
current_cover,26600000.0,11.230998876518587,0.9250326426295755,0.0768760980046932,0.0,0.0
current_cover,26900000.0,11.228213796048038,0.9172683776123173,0.07710120048652394,0.0,0.0
current_cover,27200000.0,11.225464950103195,0.9096425461675137,0.07732342293336192,0.0,0.0
current_cover,27500000.0,11.222752133469495,0.9021508016856197,0.07754278037841118,0.0,0.0
current_cover,27800000.0,11.220075122448986,0.8947890015692972,0.07775928935070586,0.0,0.0
current_cover,28100000.0,11.217433676233924,0.8875531951381436,0.07797296776823576,0.0,0.0
current_cover,28400000.0,11.214827538216891,0.8804396123551312,0.07818383483577251,0.0,0.0
current_cover,28700000.0,11.212256437239105,0.8734446533131792,0.07839191094729263,0.0,0.0
current_cover,29000000.0,11.209720088778678,0.866564878425326,0.07859721759288661,0.0,0.0
current_cover,29300000.0,11.207218196080618,0.8597969992665616,0.07879977727003719,0.0,0.0
current_cover,29600000.0,11.204750451230407,0.8531378700195654,0.07899961339914593,0.0,0.0
current_cover,29900000.0,11.20231653617301,0.8465844794804076,0.07919675024318316,0.0,0.0
current_cover,30200000.0,11.199916123679156,0.840133943583757,0.0793912128313344,0.0,0.0
current_cover,30500000.0,11.197548878260784,0.8337834984103195,0.07958302688651372,0.0,0.0
current_cover,30800000.0,11.195214457037496,0.827530493642138,0.07977221875661415,0.0,0.0
current_cover,31100000.0,11.192912510555862,0.8213723864340534,0.07995881534936503,0.0,0.0
current_cover,31400000.0,11.190642683563416,0.8153067356720526,0.08014284407066535,0.0,0.0
current_cover,31700000.0,11.188404615739135,0.8093311965914788,0.08032433276626427,0.0,0.0
current_cover,32000000.0,11.186197942382185,0.8034435157301161,0.08050330966666007,0.0,0.0
current_cover,32300000.0,11.184022295060666,0.797641526193051,0.08067980333509106,0.0,0.0
current_cover,32600000.0,11.181877302222071,0.7919231432079348,0.08085384261849346,0.0,0.0
current_cover,32900000.0,11.179762589767106,0.7862863599508668,0.08102545660130411,0.0,0.0
current_cover,33200000.0,11.177677781588525,0.7807292436245704,0.08119467456198738,0.0,0.0
current_cover,33500000.0,11.175622500076528,0.7752499317718877,0.0813615259321693,0.0,0.0
current_cover,33800000.0,11.173596366592289,0.7698466288088512,0.08152604025826432,0.0,0.0
current_cover,34100000.0,11.171599001911058,0.7645176027627331,0.08168824716548306,0.0,0.0
current_cover,34400000.0,11.169630026636346,0.759261182201527,0.08184817632411286,0.0,0.0
current_cover,34700000.0,11.167689061586513,0.7540757533422857,0.08200585741796576,0.0,0.0
current_cover,35000000.0,11.165775728155165,0.7489597573266329,0.08216132011489188,0.0,0.0
current_cover,35300000.0,11.163889648646622,0.7439116876526011,0.0823145940392601,0.0,0.0
current_cover,35600000.0,11.162030446587744,0.7389300877527017,0.08246570874630979,0.0,0.0
current_cover,35900000.0,11.160197747017273,0.7340135487088517,0.08261469369828273,0.0,0.0
current_cover,36200000.0,11.158391176753891,0.7291607070954222,0.08276157824224532,0.0,0.0
current_cover,36500000.0,11.156610364644095,0.7243702429422947,0.08290639158951688,0.0,0.0
current_cover,36800000.0,11.154854941790934,0.7196408778103534,0.08304916279662086,0.0,0.0
current_cover,37100000.0,11.15312454176467,0.7149713729723759,0.0831899207476808,0.0,0.0
current_cover,37400000.0,11.151418800796316,0.7103605276927538,0.08332869413818471,0.0,0.0
current_cover,37700000.0,11.149737357954988,0.7058071775999273,0.08346551146004545,0.0,0.0
current_cover,38000000.0,11.14807985530998,0.7013101931458267,0.08360040098788762,0.0,0.0
current_cover,38300000.0,11.146445938078427,0.696868478147001,0.08373339076649366,0.0,0.0
current_cover,38600000.0,11.144835254759345,0.6924809684024631,0.08386450859934608,0.0,0.0
current_cover,38900000.0,11.14324745725485,0.6881466303836188,0.08399378203820418,0.0,0.0
current_cover,39200000.0,11.141682200979313,0.6838644599919472,0.08412123837365729,0.0,0.0
current_cover,39500000.0,11.140139144957116,0.6796334813803905,0.08424690462659899,0.0,0.0
current_cover,39800000.0,11.13861795190975,0.6754527458346684,0.08437080754056864,0.0,0.0
current_cover,40100000.0,11.137118288332813,0.6713213307109899,0.08449297357491024,0.0,0.0
current_cover,40400000.0,11.135639824563626,0.6672383384268521,0.08461342889870004,0.0,0.0
current_cover,40700000.0,11.134182234839937,0.6632028955018388,0.08473219938539708,0.0,0.0
current_cover,41000000.0,11.132745197350353,0.6592141516455214,0.08484931060817263,0.0,0.0
current_cover,41300000.0,11.13132839427698,0.65527127888976,0.08496478783587749,0.0,0.0
current_cover,41600000.0,11.129931511830776,0.6513734707628618,0.08507865602960712,0.0,0.0
current_cover,41900000.0,11.128554240280096,0.6475199415032264,0.08519093983982735,0.0,0.0
current_cover,42200000.0,11.127196273972878,0.6437099253102481,0.08530166360402469,0.0,0.0
current_cover,42500000.0,11.125857311352881,0.6399426756303896,0.08541085134484777,0.0,0.0
current_cover,42800000.0,11.124537054970393,0.6362174644764711,0.08551852676870751,0.0,0.0
current_cover,43100000.0,11.123235211487776,0.6325335817783357,0.0856247132648057,0.0,0.0
current_cover,43400000.0,11.121951491680212,0.6288903347631725,0.08572943390456299,0.0,0.0
current_cover,43700000.0,11.120685610432004,0.6252870473638767,0.08583271144141927,0.0,0.0
current_cover,44000000.0,11.11943728672873,0.6217230596539316,0.08593456831098013,0.0,0.0
current_cover,44300000.0,11.118206243645561,0.6181977273073828,0.08603502663148532,0.0,0.0
current_cover,44600000.0,11.116992208332054,0.6147104210825676,0.0861341082045758,0.0,0.0
current_cover,44900000.0,11.115794911993643,0.6112605263283385,0.08623183451633762,0.0,0.0
current_cover,45200000.0,11.114614089870143,0.6078474425115965,0.08632822673860203,0.0,0.0
current_cover,45500000.0,11.113449481211447,0.6044705827650202,0.08642330573048188,0.0,0.0
current_cover,45800000.0,11.112300829250689,0.6011293734539421,0.08651709204012648,0.0,0.0
current_cover,46100000.0,11.111167881175064,0.597823253761388,0.08660960590667699,0.0,0.0
current_cover,46400000.0,11.110050388094518,0.594551675290346,0.08670086726240636,0.0,0.0
current_cover,46700000.0,11.108948105008482,0.591314101682396,0.08679089573502803,0.0,0.0
current_cover,47000000.0,11.107860790770841,0.5881100082518698,0.08687971065015908,0.0,0.0
current_cover,47300000.0,11.106788208053311,0.5849388816347704,0.08696733103392397,0.0,0.0
current_cover,47600000.0,11.105730123307353,0.5818002194517121,0.08705377561568599,0.0,0.0
current_cover,47900000.0,11.104686306724806,0.578693529984198,0.08713906283089456,0.0,0.0
current_cover,48200000.0,11.10365653219736,0.5756183318635748,0.08722321082403645,0.0,0.0
current_cover,48500000.0,11.102640577274993,0.5725741537720582,0.08730623745168066,0.0,0.0
current_cover,48800000.0,11.1016382231235,0.569560534155241,0.08738816028560686,0.0,0.0
current_cover,49100000.0,11.100649254481247,0.566577020945541,0.08746899661600778,0.0,0.0
current_cover,49400000.0,11.099673459615214,0.5636231712960669,0.08754876345475676,0.0,0.0
current_cover,49700000.0,11.098710630276468,0.5606985513244155,0.08762747753873232,0.0,0.0
current_cover,50000000.0,11.097760561655132,0.5578027358659339,0.08770515533319184,0.0,0.0
current_cover,50300000.0,11.096823052334958,0.5549353082360124,0.08778181303518726,0.0,0.0
current_cover,50600000.0,11.095897904247556,0.552095860000992,0.0878574665770157,0.0,0.0
current_cover,50900000.0,11.094984922626393,0.5492839907572942,0.0879321316296992,0.0,0.0
current_cover,51200000.0,11.094083915960594,0.5464993079184037,0.08800582360648708,0.0,0.0
current_cover,51500000.0,11.093194695948641,0.5437414265093508,0.08807855766637573,0.0,0.0
current_cover,51800000.0,11.092317077452003,0.5410099689683616,0.08815034871764098,0.0,0.0
current_cover,52100000.0,11.091450878448782,0.538304564955361,0.08822121142137743,0.0,0.0
current_cover,52400000.0,11.090595919987408,0.5356248511670265,0.08829116019504106,0.0,0.0
current_cover,52700000.0,11.089752026140424,0.532970471158114,0.0883602092159912,0.0,0.0
current_cover,53000000.0,11.088919023958443,0.5303410751687813,0.0884283724250267,0.0,0.0
current_cover,53300000.0,11.088096743424265,0.5277363199576566,0.08849566352991432,0.0,0.0
current_cover,53600000.0,11.087285017407238,0.525155868640411,0.0885620960089054,0.0,0.0
current_cover,53900000.0,11.086483681617878,0.5225993905335999,0.08862768311423729,0.0,0.0
current_cover,54200000.0,11.08569257456277,0.52006656100356,0.08869243787561788,0.0,0.0
current_cover,54500000.0,11.084911537499805,0.5175570613201491,0.08875637310368975,0.0,0.0
current_cover,54800000.0,11.084140414393751,0.5150705785151353,0.08881950139347171,0.0,0.0
current_cover,55100000.0,11.083379051872216,0.5126068052450433,0.08888183512777598,0.0,0.0
current_cover,55400000.0,11.082627299181986,0.5101654396582844,0.08894338648059899,0.0,0.0
current_cover,55700000.0,11.081885008145793,0.5077461852663923,0.0890041674204833,0.0,0.0
current_cover,56000000.0,11.081152033119507,0.5053487508192109,0.08906418971384995,0.0,0.0
current_cover,56300000.0,11.08042823094978,0.5029728501838742,0.08912346492829921,0.0,0.0
current_cover,56600000.0,11.079713460932158,0.5006182022274324,0.08918200443587845,0.0,0.0
current_cover,56900000.0,11.079007584769665,0.49828453070298506,0.08923981941631608,0.0,0.0
current_cover,57200000.0,11.078310466531875,0.4959715641391882,0.08929692086022041,0.0,0.0
current_cover,57500000.0,11.077621972614484,0.49367903573300437,0.08935331957224232,0.0,0.0
current_cover,57800000.0,11.076941971699394,0.4914066832455788,0.08940902617420136,0.0,0.0
current_cover,58100000.0,11.076270334715295,0.48915424890112186,0.08946405110817374,0.0,0.0
current_cover,58400000.0,11.075606934798785,0.4869214792886899,0.08951840463954268,0.0,0.0
current_cover,58700000.0,11.074951647256011,0.48470812526675566,0.08957209686000923,0.0,0.0
current_cover,59000000.0,11.07430434952483,0.4825139418704694,0.08962513769056442,0.0,0.0
current_cover,59300000.0,11.073664921137514,0.4803386882215145,0.08967753688442132,0.0,0.0
current_cover,59600000.0,11.073033243683986,0.47818212744046207,0.08972930402990734,0.0,0.0
current_cover,59900000.0,11.072409200775594,0.47604402656154043,0.08978044855331618,0.0,0.0
current_cover,60200000.0,11.071792678009423,0.4739241564497313,0.0898309797217193,0.0,0.0
current_cover,60500000.0,11.071183562933143,0.4718222917201141,0.08988090664573709,0.0,0.0
current_cover,60800000.0,11.070581745010397,0.46973821065937993,0.08993023828226915,0.0,0.0
current_cover,61100000.0,11.069987115586722,0.46767169514944185,0.08997898343718415,0.0,0.0
current_cover,61400000.0,11.069399567856006,0.4656225305930686,0.09002715076796888,0.0,0.0
current_cover,61700000.0,11.068818996827485,0.46359050584147726,0.09007474878633712,0.0,0.0
current_cover,62000000.0,11.068245299293258,0.4615754131238148,0.09012178586079772,0.0,0.0
current_cover,62300000.0,11.067678373796333,0.4595770479784708,0.09016827021918268,0.0,0.0
current_cover,62600000.0,11.067118120599204,0.4575952091861575,0.0902142099511352,0.0,0.0
current_cover,62900000.0,11.066564441652936,0.45562969870470205,0.09025961301055764,0.0,0.0
current_cover,63200000.0,11.066017240566772,0.4536803216054943,0.09030448721802017,0.0,0.0
current_cover,63500000.0,11.065476422578259,0.45174688601153845,0.09034884026313006,0.0,0.0
current_cover,63800000.0,11.064941894523857,0.44982920303705487,0.09039267970686159,0.0,0.0
current_cover,64100000.0,11.064413564810083,0.4479270867285876,0.09043601298384803,0.0,0.0
current_cover,64400000.0,11.06389134338512,0.44604035400756537,0.09047884740463434,0.0,0.0
current_cover,64700000.0,11.063375141710935,0.4441688246142755,0.0905211901578928,0.0,0.0
current_cover,65000000.0,11.062864872735885,0.4423123210532032,0.09056304831260038,0.0,0.0
current_cover,65300000.0,11.06236045086779,0.4404706685396974,0.09060442882017908,0.0,0.0
current_cover,65600000.0,11.061861791947486,0.43864369494792244,0.09064533851659966,0.0,0.0
current_cover,65900000.0,11.061368813222856,0.43683123076005415,0.09068578412444879,0.0,0.0
current_cover,66200000.0,11.06088143332331,0.43503310901668735,0.09072577225496029,0.0,0.0
current_cover,66500000.0,11.06039957223473,0.43324916526841445,0.09076530941001076,0.0,0.0
current_cover,66800000.0,11.059923151274852,0.4314792375285449,0.09080440198408046,0.0,0.0
current_cover,67100000.0,11.059452093069115,0.42972316622692774,0.09084305626617908,0.0,0.0
current_cover,67400000.0,11.058986321526934,0.42798079416484913,0.09088127844173782,0.0,0.0
current_cover,67700000.0,11.058525761818387,0.4262519664709702,0.09091907459446745,0.0,0.0
current_cover,68000000.0,11.058070340351371,0.42453653055827945,0.09095645070818338,0.0,0.0
current_cover,68300000.0,11.057619984749127,0.42283433608202625,0.09099341266859771,0.0,0.0
current_cover,68600000.0,11.057174623828217,0.4211452348986115,0.09102996626507924,0.0,0.0
current_cover,68900000.0,11.056734187576883,0.4194690810254065,0.09106611719238161,0.0,0.0
current_cover,69200000.0,11.056298607133812,0.4178057306014749,0.09110187105234001,0.0,0.0
current_cover,69500000.0,11.0558678147673,0.4161550418491723,0.09113723335553701,0.0,0.0
current_cover,69800000.0,11.055441743854798,0.41451687503659984,0.09117220952293836,0.0,0.0
current_cover,70100000.0,11.055020328862831,0.41289109244088756,0.09120680488749837,0.0,0.0
current_cover,70400000.0,11.054603505327306,0.4112775583122863,0.09124102469573628,0.0,0.0
current_cover,70700000.0,11.054191209834178,0.4096761388390444,0.09127487410928341,0.0,0.0
current_cover,71000000.0,11.05378338000048,0.408086702113051,0.09130835820640194,0.0,0.0
current_cover,71300000.0,11.05337995445571,0.4065091180962215,0.09134148198347573,0.0,0.0
current_cover,71600000.0,11.052980872823566,0.4049432585876098,0.09137425035647335,0.0,0.0
current_cover,71900000.0,11.05258607570402,0.4033889971912251,0.09140666816238435,0.0,0.0
current_cover,72200000.0,11.052195504655748,0.40184620928453585,0.09143874016062853,0.0,0.0
current_cover,72500000.0,11.051809102178858,0.4003147719876434,0.09147047103443934,0.0,0.0
current_cover,72800000.0,11.051426811697981,0.39879456413310715,0.09150186539222134,0.0,0.0
current_cover,73100000.0,11.051048577545654,0.39728546623640526,0.09153292776888255,0.0,0.0
current_cover,73400000.0,11.05067434494603,0.3957873604670137,0.09156366262714166,0.0,0.0
current_cover,73700000.0,11.050304059998895,0.3943001306200894,0.09159407435881116,0.0,0.0
current_cover,74000000.0,11.049937669663986,0.3928236620887403,0.09162416728605637,0.0,0.0
current_cover,74300000.0,11.049575121745608,0.39135784183686956,0.09165394566263078,0.0,0.0
current_cover,74600000.0,11.049216364877536,0.38990255837257737,0.0916834136750885,0.0,0.0
current_cover,74900000.0,11.048861348508217,0.3884577017221091,0.09171257544397367,0.0,0.0
current_cover,75200000.0,11.048510022886235,0.38702316340433374,0.09174143502498809,0.0,0.0
current_cover,75500000.0,11.04816233904608,0.3855988364057414,0.09176999641013626,0.0,0.0
current_cover,75800000.0,11.047818248794147,0.3841846151559458,0.09179826352884955,0.0,0.0
current_cover,76100000.0,11.04747770469504,0.3827803955036816,0.09182624024908893,0.0,0.0
current_cover,76400000.0,11.047140660058119,0.38138607469328056,0.09185393037842693,0.0,0.0
current_cover,76700000.0,11.046807068924293,0.38000155134162084,0.09188133766510959,0.0,0.0
current_cover,77000000.0,11.046476886053085,0.3786267254155318,0.09190846579909816,0.0,0.0
current_cover,77300000.0,11.046150066909934,0.37726149820964844,0.09193531841309129,0.0,0.0
current_cover,77600000.0,11.045826567653728,0.37590577232470235,0.0919618990835281,0.0,0.0
current_cover,77900000.0,11.045506345124592,0.3745594516462386,0.09198821133157223,0.0,0.0
current_cover,78200000.0,11.045189356831894,0.3732224413237504,0.09201425862407762,0.0,0.0
current_cover,78500000.0,11.04487556094249,0.37189464775021996,0.09204004437453589,0.0,0.0
current_cover,78800000.0,11.044564916269179,0.370575978542057,0.09206557194400597,0.0,0.0
current_cover,79100000.0,11.044257382259392,0.3692663425194257,0.09209084464202648,0.0,0.0
current_cover,79400000.0,11.043952918984084,0.3679656496869506,0.09211586572751067,0.0,0.0
current_cover,79700000.0,11.043651487126846,0.3666738112147935,0.09214063840962476,0.0,0.0
current_cover,80000000.0,11.043353047973211,0.3653907394200917,0.09216516584864962,0.0,0.0
current_cover,80300000.0,11.043057563400179,0.36411634774875135,0.09218945115682639,0.0,0.0
current_cover,80600000.0,11.042764995865928,0.36285055075758554,0.09221349739918631,0.0,0.0
current_cover,80900000.0,11.042475308399723,0.36159326409679116,0.09223730759436483,0.0,0.0
current_cover,81200000.0,11.042188464592018,0.36034440449275557,0.09226088471540042,0.0,0.0
current_cover,81500000.0,11.041904428584745,0.35910388973118734,0.09228423169051861,0.0,0.0
current_cover,81800000.0,11.041623165061782,0.3578716386405624,0.09230735140390138,0.0,0.0
current_cover,82100000.0,11.041344639239613,0.35664757107587797,0.09233024669644174,0.0,0.0
current_cover,82400000.0,11.041068816858141,0.35543160790271144,0.09235292036648475,0.0,0.0
current_cover,82700000.0,11.040795664171705,0.3542236709815716,0.09237537517055433,0.0,0.0
current_cover,83000000.0,11.040525147940238,0.3530236831525406,0.09239761382406661,0.0,0.0
current_cover,83300000.0,11.04025723542061,0.3518315682201986,0.09241963900203,0.0,0.0
current_cover,83600000.0,11.039991894358126,0.3506472509388241,0.09244145333973212,0.0,0.0
current_cover,83900000.0,11.039729092978181,0.3494706569978654,0.09246305943341405,0.0,0.0
current_cover,84200000.0,11.039468799978085,0.3483017130076775,0.09248445984093194,0.0,0.0
current_cover,84500000.0,11.03921098451902,0.3471403464855162,0.09250565708240636,0.0,0.0
current_cover,84800000.0,11.038955616218171,0.34598648584178804,0.0925266536408596,0.0,0.0
current_cover,85100000.0,11.038702665140987,0.34484006036654646,0.09254745196284107,0.0,0.0
current_cover,85400000.0,11.038452101793588,0.34370100021623184,0.09256805445904114,0.0,0.0
current_cover,85700000.0,11.038203897115332,0.3425692364006494,0.0925884635048937,0.0,0.0
current_cover,86000000.0,11.037958022471491,0.34144470077017897,0.09260868144116742,0.0,0.0
current_cover,86300000.0,11.03771444964609,0.3403273260032139,0.09262871057454623,0.0,0.0
current_cover,86600000.0,11.03747315083487,0.33921704559382165,0.09264855317819884,0.0,0.0
current_cover,86900000.0,11.037234098638367,0.33811379383962403,0.09266821149233813,0.0,0.0
current_cover,87200000.0,11.03699726605515,0.337017505829891,0.09268768772476986,0.0,0.0
current_cover,87500000.0,11.036762626475156,0.33592811743384365,0.09270698405143152,0.0,0.0
current_cover,87800000.0,11.036530153673164,0.3348455652891623,0.09272610261692107,0.0,0.0
current_cover,88100000.0,11.036299821802384,0.333769786790697,0.09274504553501632,0.0,0.0
current_cover,88400000.0,11.036071605388171,0.332700720079373,0.09276381488918434,0.0,0.0
current_cover,88700000.0,11.035845479321837,0.33163830403129,0.09278241273308195,0.0,0.0
current_cover,89000000.0,11.03562141885461,0.33058247824701054,0.09280084109104667,0.0,0.0
current_cover,89300000.0,11.035399399591663,0.3295331830410333,0.09281910195857902,0.0,0.0
current_cover,89600000.0,11.035179397486287,0.3284903594314475,0.09283719730281585,0.0,0.0
current_cover,89900000.0,11.034961388834155,0.32745394912976555,0.09285512906299515,0.0,0.0
current_cover,90200000.0,11.034745350267693,0.32642389453092957,0.09287289915091218,0.0,0.0
current_cover,90500000.0,11.034531258750556,0.32540013870348866,0.09289050945136765,0.0,0.0
current_cover,90800000.0,11.0343190915722,0.3243826253799438,0.09290796182260744,0.0,0.0
current_cover,91100000.0,11.034108826342562,0.3233712989472559,0.09292525809675456,0.0,0.0
current_cover,91400000.0,11.033900440986828,0.3223661044375159,0.09294240008023318,0.0,0.0
current_cover,91700000.0,11.033693913740304,0.3213669875187711,0.09295938955418506,0.0,0.0
current_cover,92000000.0,11.033489223143373,0.32037389448600695,0.09297622827487835,0.0,0.0
current_cover,92300000.0,11.033286348036546,0.3193867722522798,0.09299291797410923,0.0,0.0
current_cover,92600000.0,11.033085267555608,0.31840556833999833,0.09300946035959612,0.0,0.0
current_cover,92900000.0,11.032885961126839,0.31743023087235056,0.09302585711536689,0.0,0.0
current_cover,93200000.0,11.032688408462342,0.3164607085648736,0.09304210990213901,0.0,0.0
current_cover,93500000.0,11.032492589555432,0.3154969507171635,0.09305822035769318,0.0,0.0
current_cover,93800000.0,11.032298484676119,0.3145389072047221,0.09307419009723988,0.0,0.0
current_cover,94100000.0,11.032106074366684,0.3135865284709395,0.0930900207137797,0.0,0.0
current_cover,94400000.0,11.031915339437305,0.31263976551920714,0.09310571377845701,0.0,0.0
current_cover,94700000.0,11.031726260961792,0.3116985699051616,0.09312127084090739,0.0,0.0
current_cover,95000000.0,11.031538820273383,0.3107628937290554,0.09313669342959909,0.0,0.0
current_cover,95300000.0,11.031352998960612,0.30983268962825194,0.09315198305216806,0.0,0.0
current_cover,95600000.0,11.031168778863261,0.30890791076984314,0.09316714119574725,0.0,0.0
current_cover,95900000.0,11.030986142068375,0.30798851084338696,0.09318216932729016,0.0,0.0
current_cover,96200000.0,11.030805070906359,0.307074444053763,0.09319706889388849,0.0,0.0
current_cover,96500000.0,11.030625547947126,0.30616566511414295,0.09321184132308416,0.0,0.0
current_cover,96800000.0,11.030447555996341,0.305262129239075,0.09322648802317603,0.0,0.0
current_cover,97100000.0,11.030271078091696,0.3043637921376795,0.09324101038352116,0.0,0.0
current_cover,97400000.0,11.030096097499282,0.30347061000695336,0.09325540977483056,0.0,0.0
current_cover,97700000.0,11.029922597710014,0.30258253952518216,0.09326968754946006,0.0,0.0
current_cover,98000000.0,11.029750562436108,0.30169953784545667,0.09328384504169596,0.0,0.0
current_cover,98300000.0,11.02957997560764,0.30082156258929355,0.09329788356803549,0.0,0.0
current_cover,98600000.0,11.029410821369146,0.2999485718403567,0.09331180442746284,0.0,0.0
current_cover,98900000.0,11.029243084076299,0.29908052413827835,0.09332560890171983,0.0,0.0
current_cover,99200000.0,11.029076748292633,0.2982173784725772,0.0933392982555722,0.0,0.0
current_cover,99500000.0,11.028911798786321,0.2973590942766737,0.09335287373707139,0.0,0.0
current_cover,99800000.0,11.028748220527026,0.29650563142199815,0.09336633657781139,0.0,0.0
current_cover,100100000.0,11.028585998682786,0.29565695021219185,0.09337968799318139,0.0,0.0
current_cover,100400000.0,11.028425118616967,0.2948130113773987,0.09339292918261415,0.0,0.0
current_cover,100700000.0,11.028265565885272,0.293973776068646,0.0934060613298297,0.0,0.0
current_cover,101000000.0,11.028107326232782,0.29313920585231296,0.09341908560307544,0.0,0.0
current_cover,101300000.0,11.027950385591064,0.29230926270468477,0.09343200315536149,0.0,0.0
current_cover,101600000.0,11.027794730075339,0.2914839090065907,0.09344481512469234,0.0,0.0
current_cover,101900000.0,11.027640345981666,0.2906631075381264,0.09345752263429465,0.0,0.0
current_cover,102200000.0,11.027487219784208,0.28984682147345586,0.09347012679284074,0.0,0.0
current_cover,102500000.0,11.027335338132525,0.2890350143756943,0.09348262869466847,0.0,0.0
current_cover,102800000.0,11.027184687848921,0.28822765019186947,0.09349502941999766,0.0,0.0
current_cover,103100000.0,11.027035255925835,0.28742469324796005,0.09350733003514229,0.0,0.0
current_cover,103400000.0,11.026887029523273,0.28662610824400936,0.0935195315927195,0.0,0.0
current_cover,103700000.0,11.026739995966294,0.28583186024931434,0.09353163513185488,0.0,0.0
current_cover,104000000.0,11.026594142742521,0.28504191469768647,0.09354364167838425,0.0,0.0
current_cover,104300000.0,11.02644945749972,0.2842562373827856,0.09355555224505205,0.0,0.0
current_cover,104600000.0,11.026305928043389,0.2834747944535242,0.09356736783170663,0.0,0.0
current_cover,104900000.0,11.026163542334416,0.2826975524095399,0.09357908942549181,0.0,0.0
current_cover,105200000.0,11.02602228848676,0.28192447809673754,0.09359071800103547,0.0,0.0
current_cover,105500000.0,11.025882154765172,0.28115553870289756,0.09360225452063511,0.0,0.0
current_cover,105800000.0,11.025743129582969,0.28039070175334985,0.09361369993443994,0.0,0.0
current_cover,106100000.0,11.02560520149982,0.27962993510671263,0.09362505518063018,0.0,0.0
current_cover,106400000.0,11.025468359219596,0.2788732069506954,0.09363632118559338,0.0,0.0
current_cover,106700000.0,11.025332591588237,0.27812048579796295,0.09364749886409761,0.0,0.0
current_cover,107000000.0,11.02519788759166,0.27737174048206203,0.09365858911946191,0.0,0.0
current_cover,107300000.0,11.025064236353707,0.27662694015340794,0.09366959284372402,0.0,0.0
current_cover,107600000.0,11.024931627134128,0.27588605427532986,0.09368051091780483,0.0,0.0
current_cover,107900000.0,11.02480004932658,0.2751490526201757,0.09369134421167089,0.0,0.0
current_cover,108200000.0,11.024669492456681,0.2744159052654728,0.09370209358449352,0.0,0.0
current_cover,108500000.0,11.02453994618009,0.27368658259014594,0.09371275988480562,0.0,0.0
current_cover,108800000.0,11.024411400280604,0.2729610552707905,0.09372334395065601,0.0,0.0
current_cover,109100000.0,11.024283844668311,0.272239294278,0.09373384660976089,0.0,0.0
current_cover,109400000.0,11.024157269377756,0.2715212708727468,0.0937442686796531,0.0,0.0
current_cover,109700000.0,11.024031664566143,0.2708069566028162,0.09375461096782875,0.0,0.0
current_cover,110000000.0,11.02390702051156,0.2700963232992915,0.09376487427189174,0.0,0.0
current_cover,110300000.0,11.02378332761125,0.2693893430730907,0.09377505937969548,0.0,0.0
current_cover,110600000.0,11.023660576379887,0.2686859883115524,0.09378516706948266,0.0,0.0
current_cover,110900000.0,11.023538757447902,0.2679862316750713,0.09379519811002271,0.0,0.0
current_cover,111200000.0,11.02341786155982,0.2672900460937825,0.0938051532607467,0.0,0.0
current_cover,111500000.0,11.023297879572631,0.2665974047642924,0.09381503327188057,0.0,0.0
current_cover,111800000.0,11.023178802454195,0.2659082811464575,0.09382483888457578,0.0,0.0
current_cover,112100000.0,11.023060621281651,0.265222648960208,0.09383457083103798,0.0,0.0
current_cover,112400000.0,11.02294332723988,0.26454048218241805,0.09384422983465376,0.0,0.0
current_cover,112700000.0,11.022826911619966,0.2638617550438192,0.09385381661011508,0.0,0.0
current_cover,113000000.0,11.0227113658177,0.2631864420259584,0.09386333186354195,0.0,0.0
current_cover,113300000.0,11.02259668133211,0.2625145178581991,0.09387277629260304,0.0,0.0
current_cover,113600000.0,11.022482849763989,0.26184595751476425,0.0938821505866343,0.0,0.0
current_cover,113900000.0,11.02236986281448,0.26118073621182125,0.09389145542675574,0.0,0.0
current_cover,114200000.0,11.022257712283663,0.2605188294046081,0.09390069148598647,0.0,0.0
current_cover,114500000.0,11.022146390069167,0.2598602127845993,0.09390985942935762,0.0,0.0
current_cover,114800000.0,11.02203588816481,0.2592048622767125,0.09391895991402385,0.0,0.0
current_cover,115100000.0,11.02192619865926,0.25855275403655287,0.09392799358937262,0.0,0.0
current_cover,115400000.0,11.021817313734708,0.2579038644476966,0.0939369610971322,0.0,0.0
current_cover,115700000.0,11.021709225665575,0.2572581701190126,0.09394586307147773,0.0,0.0
current_cover,116000000.0,11.02160192681723,0.2566156478820204,0.09395470013913548,0.0,0.0
current_cover,116300000.0,11.021495409644734,0.25597627478828566,0.0939634729194858,0.0,0.0
current_cover,116600000.0,11.0213896666916,0.25534002810685064,0.09397218202466417,0.0,0.0
current_cover,116900000.0,11.021284690588574,0.2547068853217014,0.0939808280596609,0.0,0.0
current_cover,117200000.0,11.021180474052434,0.2540768241292685,0.09398941162241897,0.0,0.0
current_cover,117500000.0,11.021077009884813,0.2534498224359633,0.09399793330393058,0.0,0.0
current_cover,117800000.0,11.020974290971031,0.2528258583557469,0.09400639368833216,0.0,0.0
current_cover,118100000.0,11.020872310278953,0.2522049102077333,0.09401479335299785,0.0,0.0
current_cover,118400000.0,11.020771060857868,0.2515869565138245,0.09402313286863148,0.0,0.0
current_cover,118700000.0,11.020670535837368,0.25097197599637877,0.09403141279935724,0.0,0.0
current_cover,119000000.0,11.02057072842627,0.2503599475759092,0.09403963370280882,0.0,0.0
current_cover,119300000.0,11.020471631911526,0.2497508503688149,0.0940477961302173,0.0,0.0
current_cover,119600000.0,11.020373239657182,0.2491446636851423,0.09405590062649757,0.0,0.0
current_cover,119900000.0,11.020275545103322,0.24854136702637633,0.09406394773033358,0.0,0.0
current_cover,120200000.0,11.020178541765052,0.24794094008326212,0.09407193797426192,0.0,0.0
current_cover,120500000.0,11.020082223231478,0.24734336273365554,0.09407987188475463,0.0,0.0
current_cover,120800000.0,11.01998658316473,0.24674861504040257,0.09408774998230025,0.0,0.0
current_cover,121100000.0,11.019891615298963,0.24615667724924745,0.0940955727814841,0.0,0.0
current_cover,121400000.0,11.019797313439412,0.24556752978676835,0.09410334079106678,0.0,0.0
current_cover,121700000.0,11.019703671461423,0.2449811532583409,0.094111054514062,0.0,0.0
current_cover,122000000.0,11.019610683309535,0.244397528446129,0.09411871444781299,0.0,0.0
current_cover,122300000.0,11.019518342996554,0.24381663630710132,0.09412632108406757,0.0,0.0
current_cover,122600000.0,11.019426644602635,0.24323845797107574,0.09413387490905253,0.0,0.0
current_cover,122900000.0,11.019335582274412,0.2426629747387883,0.09414137640354649,0.0,0.0
current_cover,123200000.0,11.019245150224098,0.2420901680799883,0.09414882604295176,0.0,0.0
current_cover,123500000.0,11.019155342728629,0.241520019631558,0.09415622429736521,0.0,0.0
current_cover,123800000.0,11.019066154128808,0.24095251119565808,0.09416357163164808,0.0,0.0
current_cover,124100000.0,11.01897757882847,0.2403876247378962,0.09417086850549455,0.0,0.0
current_cover,124400000.0,11.018889611293643,0.23982534238552028,0.09417811537349945,0.0,0.0
current_cover,124700000.0,11.01880224605175,0.23926564642563525,0.09418531268522495,0.0,0.0
current_cover,125000000.0,11.01871547769079,0.23870851930344325,0.09419246088526621,0.0,0.0
current_cover,125300000.0,11.018629300858557,0.2381539436205063,0.09419956041331598,0.0,0.0
current_cover,125600000.0,11.018543710261856,0.23760190213303192,0.09420661170422838,0.0,0.0
current_cover,125900000.0,11.018458700665741,0.23705237775018093,0.09421361518808172,0.0,0.0
current_cover,126200000.0,11.018374266892753,0.23650535353239696,0.09422057129024018,0.0,0.0
current_cover,126500000.0,11.018290403822181,0.23596081268975788,0.09422748043141488,0.0,0.0
current_cover,126800000.0,11.018207106389326,0.23541873858034823,0.09423434302772377,0.0,0.0
current_cover,127100000.0,11.018124369584772,0.23487911470865247,0.09424115949075089,0.0,0.0
current_cover,127400000.0,11.018042188453688,0.2343419247239693,0.09424793022760455,0.0,0.0
current_cover,127700000.0,11.017960558095112,0.23380715241884598,0.09425465564097471,0.0,0.0
current_cover,128000000.0,11.01787947366127,0.23327478172753258,0.09426133612918956,0.0,0.0
current_cover,128300000.0,11.017798930356893,0.23274479672445642,0.09426797208627129,0.0,0.0
current_cover,128600000.0,11.017718923438535,0.23221718162271543,0.09427456390199102,0.0,0.0
current_cover,128900000.0,11.017639448213929,0.23169192077259101,0.09428111196192275,0.0,0.0
current_cover,129200000.0,11.017560500041325,0.23116899866007964,0.09428761664749692,0.0,0.0
current_cover,129500000.0,11.017482074328848,0.2306483999054431,0.09429407833605277,0.0,0.0
current_cover,129800000.0,11.01740416653387,0.23013010926177707,0.09430049740089025,0.0,0.0
current_cover,130100000.0,11.017326772162384,0.2296141116135976,0.09430687421132095,0.0,0.0
current_cover,130400000.0,11.017249886768386,0.22910039197544568,0.09431320913271844,0.0,0.0
current_cover,130700000.0,11.017173505953275,0.22858893549050907,0.09431950252656783,0.0,0.0
current_cover,131000000.0,11.017097625365254,0.22807972742926175,0.09432575475051466,0.0,0.0
current_cover,131300000.0,11.017022240698743,0.22757275318811998,0.09433196615841298,0.0,0.0
current_cover,131600000.0,11.016947347693794,0.2270679982881154,0.09433813710037292,0.0,0.0
current_cover,131900000.0,11.016872942135528,0.22656544837358478,0.09434426792280727,0.0,0.0
current_cover,132200000.0,11.016799019853565,0.2260650892108758,0.09435035896847777,0.0,0.0
current_cover,132500000.0,11.016725576721473,0.22556690668706925,0.09435641057654048,0.0,0.0
current_cover,132800000.0,11.016652608656218,0.22507088680871656,0.09436242308259056,0.0,0.0
current_cover,133100000.0,11.016580111617627,0.22457701570059369,0.09436839681870655,0.0,0.0
current_cover,133400000.0,11.016508081607853,0.22408527960446972,0.09437433211349369,0.0,0.0
current_cover,133700000.0,11.01643651467086,0.22359566487789098,0.09438022929212696,0.0,0.0
current_cover,134000000.0,11.01636540689189,0.2231081579929801,0.09438608867639342,0.0,0.0
current_cover,134300000.0,11.016294754396968,0.22262274553524974,0.09439191058473388,0.0,0.0
current_cover,134600000.0,11.0162245533524,0.22213941420243088,0.09439769533228393,0.0,0.0
current_cover,134900000.0,11.016154799964266,0.22165815080331563,0.09440344323091457,0.0,0.0
current_cover,135200000.0,11.016085490477941,0.22117894225661386,0.09440915458927225,0.0,0.0
current_cover,135500000.0,11.016016621177615,0.22070177558982382,0.09441482971281805,0.0,0.0
current_cover,135800000.0,11.015948188385812,0.22022663793811703,0.09442046890386678,0.0,0.0
current_cover,136100000.0,11.01588018846293,0.21975351654323572,0.09442607246162506,0.0,0.0
current_cover,136400000.0,11.015812617806771,0.21928239875240463,0.09443164068222927,0.0,0.0
current_cover,136700000.0,11.0157454728521,0.21881327201725548,0.09443717385878275,0.0,0.0
current_cover,137000000.0,11.015678750070176,0.21834612389276423,0.09444267228139243,0.0,0.0
current_cover,137300000.0,11.01561244596833,0.21788094203620176,0.09444813623720519,0.0,0.0
current_cover,137600000.0,11.01554655708952,0.21741771420609662,0.09445356601044348,0.0,0.0
current_cover,137900000.0,11.015481080011897,0.21695642826121064,0.09445896188244061,0.0,0.0
current_cover,138200000.0,11.015416011348393,0.2164970721595263,0.09446432413167537,0.0,0.0
current_cover,138500000.0,11.015351347746291,0.21603963395724687,0.09446965303380635,0.0,0.0
current_cover,138800000.0,11.015287085886818,0.21558410180780807,0.09447494886170575,0.0,0.0
current_cover,139100000.0,11.015223222484742,0.21513046396090157,0.0944802118854927,0.0,0.0
current_cover,139400000.0,11.01515975428796,0.21467870876151007,0.09448544237256601,0.0,0.0
current_cover,139700000.0,11.015096678077116,0.2142288246489541,0.09449064058763662,0.0,0.0
current_cover,140000000.0,11.0150339906652,0.21378080015594986,0.09449580679275976,0.0,0.0
current_cover,140300000.0,11.014971688897171,0.21333462390767818,0.0945009412473661,0.0,0.0
current_cover,140600000.0,11.014909769649572,0.2128902846208648,0.09450604420829319,0.0,0.0
current_cover,140900000.0,11.014848229830157,0.212447771102871,0.09451111592981595,0.0,0.0
current_cover,141200000.0,11.014787066377528,0.2120070722507955,0.09451615666367695,0.0,0.0
current_cover,141500000.0,11.014726276260758,0.2115681770505864,0.09452116665911635,0.0,0.0
current_cover,141800000.0,11.014665856479043,0.21113107457616387,0.09452614616290111,0.0,0.0
current_cover,142100000.0,11.014605804061347,0.21069575398855295,0.09453109541935446,0.0,0.0
current_cover,142400000.0,11.014546116066043,0.21026220453502648,0.09453601467038399,0.0,0.0
current_cover,142700000.0,11.01448678958058,0.2098304155482582,0.09454090415551042,0.0,0.0
current_cover,143000000.0,11.014427821721135,0.2094003764454854,0.09454576411189515,0.0,0.0
current_cover,143300000.0,11.01436920963228,0.2089720767276816,0.09455059477436792,0.0,0.0
current_cover,143600000.0,11.01431095048665,0.20854550597873867,0.09455539637545399,0.0,0.0
current_cover,143900000.0,11.014253041484617,0.20812065386465844,0.09456016914540069,0.0,0.0
current_cover,144200000.0,11.014195479853969,0.20769751013275378,0.09456491331220415,0.0,0.0
current_cover,144500000.0,11.01413826284959,0.20727606461085846,0.09456962910163515,0.0,0.0
current_cover,144800000.0,11.014081387753148,0.20685630720654685,0.0945743167372649,0.0,0.0
current_cover,145100000.0,11.014024851872781,0.20643822790636196,0.09457897644049042,0.0,0.0
current_cover,145400000.0,11.0139686525428,0.20602181677505238,0.0945836084305596,0.0,0.0
current_cover,145700000.0,11.01391278712338,0.20560706395481854,0.09458821292459588,0.0,0.0
current_cover,146000000.0,11.013857253000262,0.20519395966456683,0.09459279013762266,0.0,0.0
current_cover,146300000.0,11.01380204758447,0.20478249419917266,0.09459734028258728,0.0,0.0
current_cover,146600000.0,11.013747168312007,0.20437265792875214,0.09460186357038493,0.0,0.0
current_cover,146900000.0,11.013692612643583,0.2039644412979411,0.09460636020988188,0.0,0.0
current_cover,147200000.0,11.01363837806432,0.20355783482518375,0.09461083040793877,0.0,0.0
current_cover,147500000.0,11.013584462083486,0.2031528291020278,0.09461527436943329,0.0,0.0
current_cover,147800000.0,11.013530862234212,0.20274941479242897,0.09461969229728284,0.0,0.0
current_cover,148100000.0,11.013477576073223,0.20234758263206237,0.09462408439246665,0.0,0.0
current_cover,148400000.0,11.013424601180569,0.2019473234276421,0.09462845085404775,0.0,0.0
current_cover,148700000.0,11.01337193515937,0.2015486280562485,0.09463279187919464,0.0,0.0
current_cover,149000000.0,11.013319575635542,0.20115148746466271,0.09463710766320257,0.0,0.0
current_cover,149300000.0,11.01326752025755,0.20075589266870902,0.09464139839951481,0.0,0.0
current_cover,149600000.0,11.013215766696147,0.20036183475260416,0.09464566427974323,0.0,0.0
current_cover,149900000.0,11.01316431264413,0.1999693048683146,0.09464990549368914,0.0,0.0
current_cover,150200000.0,11.013113155816088,0.1995782942349198,0.09465412222936323,0.0,0.0
current_cover,150500000.0,11.013062293948161,0.19918879413798418,0.09465831467300595,0.0,0.0
current_cover,150800000.0,11.0130117247978,0.19880079592893435,0.09466248300910689,0.0,0.0
current_cover,151100000.0,11.012961446143517,0.19841429102444458,0.09466662742042467,0.0,0.0
current_cover,151400000.0,11.012911455784671,0.19802927090582845,0.09467074808800592,0.0,0.0
current_cover,151700000.0,11.012861751541223,0.19764572711843736,0.09467484519120443,0.0,0.0
current_cover,152000000.0,11.012812331253503,0.19726365127106574,0.09467891890769987,0.0,0.0
current_cover,152300000.0,11.012763192781998,0.19688303503536259,0.09468296941351635,0.0,0.0
current_cover,152600000.0,11.012714334007118,0.19650387014524978,0.09468699688304064,0.0,0.0
current_cover,152900000.0,11.01266575282898,0.19612614839634668,0.09469100148904032,0.0,0.0
current_cover,153200000.0,11.012617447167191,0.19574986164540098,0.09469498340268157,0.0,0.0
current_cover,153500000.0,11.012569414960632,0.19537500180972567,0.09469894279354675,0.0,0.0
current_cover,153800000.0,11.012521654167246,0.19500156086664255,0.09470287982965184,0.0,0.0
current_cover,154100000.0,11.01247416276383,0.19462953085293144,0.09470679467746357,0.0,0.0
current_cover,154400000.0,11.01242693874583,0.19425890386428543,0.09471068750191632,0.0,0.0
current_cover,154700000.0,11.01237998012713,0.1938896720547723,0.09471455846642891,0.0,0.0
current_cover,155000000.0,11.012333284939865,0.19352182763630155,0.09471840773292112,0.0,0.0
current_cover,155300000.0,11.012286851234201,0.19315536287809723,0.09472223546182999,0.0,0.0
current_cover,155600000.0,11.012240677078161,0.19279027010617664,0.09472604181212589,0.0,0.0
current_cover,155900000.0,11.012194760557415,0.19242654170283433,0.09472982694132849,0.0,0.0
current_cover,156200000.0,11.012149099775096,0.19206417010613214,0.0947335910055224,0.0,0.0
current_cover,156500000.0,11.01210369285161,0.1917031478093943,0.09473733415937277,0.0,0.0
current_cover,156800000.0,11.012058537924448,0.1913434673607081,0.09474105655614051,0.0,0.0
current_cover,157100000.0,11.012013633148001,0.19098512136243004,0.09474475834769751,0.0,0.0
current_cover,157400000.0,11.011968976693383,0.19062810247069706,0.0947484396845415,0.0,0.0
current_cover,157700000.0,11.011924566748247,0.19027240339494317,0.09475210071581083,0.0,0.0
current_cover,158000000.0,11.011880401516603,0.1899180168974211,0.0947557415892991,0.0,0.0
current_cover,158300000.0,11.011836479218651,0.18956493579272912,0.09475936245146944,0.0,0.0
current_cover,158600000.0,11.011792798090607,0.18921315294734298,0.09476296344746885,0.0,0.0
current_cover,158900000.0,11.011749356384525,0.18886266127915263,0.0947665447211421,0.0,0.0
current_cover,159200000.0,11.011706152368136,0.1885134537570039,0.09477010641504573,0.0,0.0
current_cover,159500000.0,11.011663184324675,0.18816552340024528,0.09477364867046169,0.0,0.0
current_cover,159800000.0,11.011620450552721,0.18781886327827907,0.09477717162741081,0.0,0.0
current_cover,160100000.0,11.01157794936603,0.18747346651011756,0.09478067542466624,0.0,0.0
current_cover,160400000.0,11.011535679093377,0.18712932626394385,0.09478416019976664,0.0,0.0
current_cover,160700000.0,11.011493638078395,0.18678643575667725,0.09478762608902923,0.0,0.0
current_cover,161000000.0,11.011451824679424,0.18644478825354313,0.09479107322756256,0.0,0.0
current_cover,161300000.0,11.011410237269347,0.18610437706764751,0.09479450174927938,0.0,0.0
current_cover,161600000.0,11.01136887423544,0.18576519555955584,0.09479791178690909,0.0,0.0
current_cover,161900000.0,11.01132773397923,0.18542723713687653,0.09480130347201031,0.0,0.0
current_cover,162200000.0,11.01128681491633,0.18509049525384835,0.09480467693498294,0.0,0.0
current_cover,162500000.0,11.011246115476302,0.18475496341093256,0.09480803230508036,0.0,0.0
current_cover,162800000.0,11.011205634102508,0.18442063515440904,0.09481136971042155,0.0,0.0
current_cover,163100000.0,11.011165369251968,0.18408750407597674,0.09481468927800264,0.0,0.0
current_cover,163400000.0,11.011125319395212,0.18375556381235805,0.09481799113370885,0.0,0.0
current_cover,163700000.0,11.011085483016148,0.18342480804490766,0.09482127540232586,0.0,0.0
current_cover,164000000.0,11.011045858611915,0.18309523049922494,0.0948245422075513,0.0,0.0
current_cover,164300000.0,11.011006444692752,0.1827668249447708,0.094827791672006,0.0,0.0
current_cover,164600000.0,11.010967239781856,0.18243958519448827,0.09483102391724514,0.0,0.0
current_cover,164900000.0,11.010928242415257,0.18211350510442686,0.09483423906376919,0.0,0.0
current_cover,165200000.0,11.010889451141674,0.18178857857337102,0.09483743723103484,0.0,0.0
current_cover,165500000.0,11.010850864522396,0.18146479954247227,0.09484061853746571,0.0,0.0
current_cover,165800000.0,11.010812481131143,0.18114216199488514,0.09484378310046307,0.0,0.0
current_cover,166100000.0,11.010774299553946,0.1808206599554068,0.09484693103641609,0.0,0.0
current_cover,166400000.0,11.010736318389013,0.1805002874901203,0.09485006246071243,0.0,0.0
current_cover,166700000.0,11.010698536246613,0.18018103870604163,0.09485317748774838,0.0,0.0
current_cover,167000000.0,11.010660951748944,0.17986290775077016,0.09485627623093902,0.0,0.0
current_cover,167300000.0,11.010623563530022,0.17954588881214273,0.0948593588027282,0.0,0.0
current_cover,167600000.0,11.010586370235545,0.17922997611789127,0.09486242531459832,0.0,0.0
current_cover,167900000.0,11.010549370522792,0.17891516393530382,0.09486547587708036,0.0,0.0
current_cover,168200000.0,11.010512563060493,0.178601446570889,0.09486851059976326,0.0,0.0
current_cover,168500000.0,11.010475946528716,0.17828881837004373,0.09487152959130357,0.0,0.0
current_cover,168800000.0,11.010439519618753,0.17797727371672467,0.09487453295943492,0.0,0.0
current_cover,169100000.0,11.010403281033007,0.1776668070331225,0.09487752081097724,0.0,0.0
current_cover,169400000.0,11.01036722948488,0.1773574127793398,0.09488049325184608,0.0,0.0
current_cover,169700000.0,11.010331363698661,0.17704908545307202,0.09488345038706164,0.0,0.0
current_cover,170000000.0,11.010295682409415,0.17674181958929153,0.09488639232075774,0.0,0.0
current_rock,20000000.0,9.0,0.8987551792261173,0.06271045657581528,0.056899904794485964,-0.32539368515519734
current_rock,20300000.0,9.0,0.8854730829813963,0.06271273326449293,0.05683101759358481,-0.4244902660371876
current_rock,20600000.0,9.0,0.8725778439088516,0.06271491175311782,0.05676236777787473,-0.5201340914074842
current_rock,20900000.0,9.0,0.8600528030871936,0.06271699760183451,0.0566939904091551,-0.6124459332980682
current_rock,21200000.0,9.0,0.8478822445529407,0.06271899598325438,0.05662591807398553,-0.7015413850328195
current_rock,21500000.0,9.0,0.836051329512667,0.06272091171438281,0.056558181024048394,-0.7875311735497471
current_rock,21800000.0,9.0,0.8245460359872633,0.0627227492855225,0.05649080730746472,-0.8705214458019992
current_rock,22100000.0,9.0,0.8133531033720519,0.06272451288647622,0.05642382289188728,-0.9506140318221373
current_rock,22400000.0,9.0,0.8024599814518903,0.06272620643033253,0.05635725178009037,-1.0279066867513016
current_rock,22700000.0,9.0,0.7918547834591341,0.06272783357508635,0.05629111611869185,-1.102493313884629
current_rock,23000000.0,9.0,0.7815262428053192,0.062729397743316,0.05622543630056758,-1.1744641705637506
current_rock,23300000.0,9.0,0.7714636731554655,0.06273090214011375,0.05616023106145185,-1.243906058551648
current_rock,23600000.0,9.0,0.761656931547557,0.06273234976944468,0.05609551757116439,-1.3109025003520718
current_rock,23900000.0,9.0,0.7520963842896379,0.06273374344908943,0.056031311519856096,-1.3755339027819418
current_rock,24200000.0,9.0,0.7427728753934852,0.06273508582430855,0.05596762719962054,-1.4378777089693875
current_rock,24500000.0,9.0,0.7336776973274426,0.06273637938035222,0.05590447758178709,-1.4980085398281566
current_rock,24800000.0,9.0,0.72480256389203,0.06273762645392549,0.05584187439017745,-1.5559983259518018
current_rock,25100000.0,9.0,0.7161395850407308,0.06273882924370693,0.05577982817057806,-1.611916430775185
current_rock,25400000.0,9.0,0.7076812434851316,0.06273998982000951,0.05571834835666249,-1.6658297657645407
current_rock,25700000.0,9.0,0.6994203729386127,0.0627411101336622,0.055657443332571,-1.7178028983219233
current_rock,26000000.0,9.0,0.6913501378662441,0.06274219202418348,0.05559712049234099,-1.7678981530209608
current_rock,26300000.0,9.0,0.6834640146206213,0.0627432372273104,0.05553738629636307,-1.8161757067304525
current_rock,26600000.0,9.0,0.6757557738542235,0.06274424738194069,0.055478246325024294,-1.8626936781275936
current_rock,26900000.0,9.0,0.6682194641086372,0.06274522403653937,0.05541970532968985,-1.907508212053927
current_rock,27200000.0,9.0,0.660849396489792,0.06274616865505674,0.055361767281157305,-1.9506735591238658
current_rock,27500000.0,9.0,0.653640130346267,0.06274708262239978,0.05530443541571712,-1.9922421509558554
current_rock,27800000.0,9.0,0.6465864598749045,0.06274796724949491,0.05524771227893434,-2.0322646713619332
current_rock,28100000.0,9.0,0.639683401584425,0.06274882377797696,0.055191599767267244,-2.070790123799406
current_rock,28400000.0,9.0,0.6329261825536037,0.06274965338453484,0.05513609916762477,-2.107865895360678
current_rock,28700000.0,9.0,0.6263102294258656,0.06275045718494329,0.05508121119496474,-2.1435378175512367
current_rock,29000000.0,9.0,0.6198311580869773,0.06275123623780543,0.05502693602802168,-2.1778502240839863
current_rock,29300000.0,9.0,0.6134847639768718,0.0627519915480301,0.054973273343256614,-2.210846005896418
current_rock,29600000.0,9.0,0.6072670129906197,0.06275272407006496,0.05492022234710728,-2.242566663579896
current_rock,29900000.0,9.0,0.6011740329271688,0.06275343471090522,0.05486778180662246,-2.2730523573925616
current_rock,30200000.0,9.0,0.5952021054477598,0.0627541243328947,0.054815950078548795,-2.3023419550137203
current_rock,30500000.0,9.0,0.5893476585089295,0.06275479375633658,0.05476472513694819,-2.3304730771825217
current_rock,30800000.0,9.0,0.5836072592377385,0.06275544376192745,0.05471410459940764,-2.357482141353079
current_rock,31100000.0,9.0,0.577977607219368,0.06275607509302883,0.05466408575190863,-2.383404403486274
current_rock,31400000.0,9.0,0.5724555281695014,0.06275668845778822,0.054614665572417107,-2.408273998088778
current_rock,31700000.0,9.0,0.5670379679660046,0.06275728453112085,0.05456584075325222,-2.4321239766010625
current_rock,32000000.0,9.0,0.5617219870163233,0.06275786395656271,0.05451760772229036,-2.4549863442278324
current_rock,32300000.0,9.0,0.5565047549387723,0.06275842734800419,0.0544699626630572,-2.4768920952971376
current_rock,32600000.0,9.0,0.5513835455374952,0.06275897529131301,0.05442290153376032,-2.497871247227565
current_rock,32900000.0,9.0,0.5463557320523509,0.06275950834585453,0.054376420085308935,-2.517952873177349
current_rock,33200000.0,9.0,0.5414187826663357,0.06276002704591672,0.05433051387837033,-2.5371651334430325
current_rock,33500000.0,9.0,0.5365702562543984,0.06276053190204665,0.05428517829950604,-2.5555353056711083
current_rock,33800000.0,9.0,0.5318077983586493,0.06276102340230454,0.054240408576431025,-2.5730898139411096
current_rock,34100000.0,9.0,0.5271291373760219,0.0627615020134413,0.05419619979243723,-2.589854256774597
current_rock,34400000.0,9.0,0.5225320809454169,0.0627619681820048,0.05415254690001999,-2.6058534341209256
current_rock,34700000.0,9.0,0.5180145125222577,0.06276242233537985,0.05410944473374659,-2.6211113733669373
current_rock,35000000.0,9.0,0.5135743881292099,0.06276286488276595,0.0540668880224012,-2.635651354414993
current_rock,35300000.0,9.0,0.5092097332725877,0.0627632962160977,0.054024871400441044,-2.649495933870781
current_rock,35600000.0,9.0,0.5049186400146726,0.06276371671091124,0.05398338941879843,-2.662666968379418
current_rock,35900000.0,9.0,0.500699264192823,0.06276412672716034,0.05394243655505764,-2.675185637146695
current_rock,36200000.0,9.0,0.49654982277686033,0.06276452660998548,0.05390200722303921,-2.6870724636793204
current_rock,36500000.0,9.0,0.4924685913567766,0.06276491669043921,0.053862095781818775,-2.698347336776752
current_rock,36800000.0,9.0,0.48845390175332454,0.06276529728617028,0.053822696544209514,-2.709029530804771
current_rock,37100000.0,9.0,0.4845041397445375,0.06276566870206937,0.053783803784733755,-2.7191377252796602
current_rock,37400000.0,9.0,0.4806177429016669,0.06276603123087886,0.053745411747109395,-2.728690023790109
current_rock,37700000.0,9.0,0.4767931985284442,0.06276638515376874,0.05370751465127536,-2.7377039722825667
current_rock,38000000.0,9.0,0.4730290416979564,0.06276673074088125,0.05367010669997817,-2.746196576734487
current_rock,38300000.0,9.0,0.4693238533817845,0.06276706825184547,0.05363318208494447,-2.754184320238401
current_rock,38600000.0,9.0,0.46567625866638196,0.06276739793626437,0.053596734992656866,-2.761683179519155
current_rock,38900000.0,9.0,0.46208492505198834,0.0627677200341758,0.05356075960975577,-2.768708640905016
current_rock,39200000.0,9.0,0.4585485608296516,0.06276803477648861,0.05352525012808672,-2.775275715772569
current_rock,39500000.0,9.0,0.45506591353221126,0.06276834238539616,0.05349020074940848,-2.7813989554847565
current_rock,39800000.0,9.0,0.45163576845533526,0.06276864307476793,0.0534556056897838,-2.7870924658397462
current_rock,40100000.0,9.0,0.4482569472449463,0.06276893705052076,0.053421459183665816,-2.7923699210484063
current_rock,40400000.0,9.0,0.44492830654758275,0.06276922451097096,0.05338775548769803,-2.7972445772568073
current_rock,40700000.0,9.0,0.44164873672045074,0.06276950564716849,0.053354488884242504,-2.801729285629613
current_rock,41000000.0,9.0,0.438417160598106,0.06276978064321376,0.05332165368465026,-2.805836505009785
current_rock,41300000.0,9.0,0.4352325323128897,0.06277004967655905,0.053289244232289465,-2.809578314168844
current_rock,41600000.0,9.0,0.43209383616640246,0.06277031291829407,0.05325725490534159,-2.812966423662239
current_rock,41900000.0,9.0,0.42900008554945923,0.06277057053341799,0.05322568011938074,-2.8160121873027495
current_rock,42200000.0,9.0,0.42595032190811244,0.0627708226810974,0.05319451432974729,-2.818726613265157
current_rock,42500000.0,9.0,0.4229436137534669,0.06277106951491217,0.053163752033726176,-2.821120374834565
current_rock,42800000.0,9.0,0.41997905571313887,0.06277131118308889,0.05313338777254199,-2.82320382081027
current_rock,43100000.0,9.0,0.4170557676223282,0.06277154782872321,0.053103416133180245,-2.8249869855767757
current_rock,43400000.0,9.0,0.4141728936525886,0.06277177958999142,0.053073831750045125,-2.826479598852937
current_rock,43700000.0,9.0,0.4113296014764839,0.06277200660035198,0.05304462930646283,-2.8276910951299716
current_rock,44000000.0,9.0,0.4085250814664169,0.06277222898873745,0.05301580353603948,-2.828630622808596
current_rock,44300000.0,9.0,0.4057585459260123,0.06277244687973735,0.05298734922388136,-2.829307053045265
current_rock,44600000.0,9.0,0.403029228352519,0.0627726603937725,0.05295926120768645,-2.8297289883169965
current_rock,44900000.0,9.0,0.4003363827287828,0.06277286964726118,0.05293153437871395,-2.8299047707140685
current_rock,45200000.0,9.0,0.3976792828434147,0.06277307475277781,0.0529041636826399,-2.8298424899694496
current_rock,45500000.0,9.0,0.39505722163785373,0.0627732758192041,0.05287714412030467,-2.829549991233612
current_rock,45800000.0,9.0,0.39246951057909046,0.06277347295187342,0.05285047074835956,-2.829034882602977
current_rock,46100000.0,9.0,0.38991547905688384,0.06277366625270864,0.05282413867981854,-2.8283045424100477
current_rock,46400000.0,9.0,0.3873944738043608,0.06277385582035383,0.05279814308452131,-2.827366126282859
current_rock,46700000.0,9.0,0.3849058583409496,0.06277404175029988,0.052772479189511654,-2.826226573981478
current_rock,47000000.0,9.0,0.38244901243664553,0.06277422413500465,0.05274714227933843,-2.824892616018504
current_rock,47300000.0,9.0,0.3800233315966669,0.06277440306400796,0.05272212769628324,-2.8233707800706447
current_rock,47600000.0,9.0,0.3776282265655954,0.06277457862404116,0.05269743084051898,-2.821667397188225
current_rock,47900000.0,9.0,0.37526312285015334,0.06277475089913238,0.052673047170204594,-2.819788607809026
current_rock,48200000.0,9.0,0.3729274602597996,0.06277491997070683,0.052648972201520414,-2.817740367582756
current_rock,48500000.0,9.0,0.37062069246437823,0.06277508591768295,0.05262520150864596,-2.815528453012452
current_rock,48800000.0,9.0,0.3683422865680808,0.06277524881656449,0.05260173072368776,-2.813158466918394
current_rock,49100000.0,9.0,0.3660917226990294,0.06277540874152861,0.05257855553655765,-2.810635843730465
current_rock,49400000.0,9.0,0.3638684936138126,0.06277556576451016,0.052555671694805337,-2.8079658546144994
current_rock,49700000.0,9.0,0.36167210431634494,0.06277571995528261,0.05253307500341047,-2.8051536124377283
current_rock,50000000.0,9.0,0.3595020716904469,0.06277587138153544,0.052510761324534645,-2.8022040765787515
current_rock,50300000.0,9.0,0.35735792414557344,0.06277602010894845,0.05248872657723859,-2.799122057586769
current_rock,50600000.0,9.0,0.35523920127514513,0.06277616620126274,0.05246696673716447,-2.79591222169522
current_rock,50900000.0,9.0,0.35314545352696153,0.06277630972034924,0.0524454778361896,-2.792579095194098
current_rock,51200000.0,9.0,0.35107624188520203,0.06277645072627389,0.05242425596204985,-2.789127068665878
current_rock,51500000.0,9.0,0.34903113756354065,0.06277658927736059,0.05240329725793836,-2.785560401089105
current_rock,51800000.0,9.0,0.3470097217089256,0.06277672543025144,0.052382597922079804,-2.7818832238140803
current_rock,52100000.0,9.0,0.34501158511559205,0.06277685923996461,0.052362154207283594,-2.7780995444145598
current_rock,52400000.0,9.0,0.3430363279488997,0.06277699075994977,0.0523419624204756,-2.7742132504196926
current_rock,52700000.0,9.0,0.34108355947860236,0.06277712004214163,0.05232201892221392,-2.770228112929685
current_rock,53000000.0,9.0,0.33915289782117636,0.06277724713701098,0.052302320126186304,-2.7661477901192217
current_rock,53300000.0,9.0,0.33724396969085074,0.062777372093614,0.05228286249869421,-2.761975830631978
current_rock,53600000.0,9.0,0.335356410158999,0.06277749495963961,0.05226364255812256,-2.7577156768699216
current_rock,53900000.0,9.0,0.3334898624215648,0.06277761578145478,0.05224465687439836,-2.7533706681805326
current_rock,54200000.0,9.0,0.33164397757421304,0.06277773460414846,0.05222590206843846,-2.748944043945386
current_rock,54500000.0,9.0,0.3298184143949054,0.06277785147157344,0.05220737481158787,-2.7444389465731636
current_rock,54800000.0,9.0,0.32801283913361945,0.06277796642638692,0.05218907182505011,-2.739858424400077
current_rock,55100000.0,9.0,0.3262269253089354,0.06277807951008924,0.05217098987931098,-2.7352054345007595
current_rock,55400000.0,9.0,0.3244603535112337,0.06277819076306156,0.05215312579355547,-2.7304828454124355
current_rock,55700000.0,9.0,0.3227128112122503,0.0627783002246016,0.052135476435080555,-2.7256934397750574
current_rock,56000000.0,9.0,0.32098399258075616,0.06277840793295855,0.05211803871870317,-2.7208399168902004
current_rock,56300000.0,9.0,0.3192735983041268,0.06277851392536636,0.0521008096061656,-2.715924895201188
current_rock,56600000.0,9.0,0.3175813354155891,0.06277861823807591,0.05208378610553771,-2.710950914697013
current_rock,56900000.0,9.0,0.3159069171269304,0.06277872090638602,0.05206696527061795,-2.7059204392424503
current_rock,57200000.0,9.0,0.31425006266647454,0.0627788219646732,0.05205034420033335,-2.7008358588366925
current_rock,57500000.0,9.0,0.31261049712212774,0.06277892144642057,0.05203392003813911,-2.6956994918027477
current_rock,57800000.0,9.0,0.31098795128931395,0.06277901938424539,0.05201768997141796,-2.6905135869099173
current_rock,58100000.0,9.0,0.30938216152362036,0.06277911580992589,0.052001651230880755,-2.685280325431296
current_rock,58400000.0,9.0,0.3077928695979853,0.06277921075442713,0.051985801089968725,-2.6800018231384257
current_rock,58700000.0,9.0,0.30621982256426483,0.06277930424792563,0.05197013686425683,-2.674680132235135
current_rock,59000000.0,9.0,0.30466277261902275,0.0627793963198334,0.05195465591085938,-2.669317243232469
current_rock,59300000.0,9.0,0.30312147697339537,0.06277948699882122,0.05193935562783941,-2.6639150867663988
current_rock,59600000.0,9.0,0.301595697726885,0.06277957631284072,0.051924233453619045,-2.6584755353604868
current_rock,59900000.0,9.0,0.3000852017449473,0.06277966428914605,0.05190928686639595,-2.6530004051347347
current_rock,60200000.0,9.0,0.2985897605402383,0.06277975095431465,0.05189451338356098,-2.647491457462818
current_rock,60500000.0,9.0,0.29710915015739414,0.06277983633426723,0.051879910561121685,-2.641950400578956
current_rock,60800000.0,9.0,0.29564315106122274,0.06277992045428724,0.05186547599312889,-2.636378891136209
current_rock,61100000.0,9.0,0.294191548028189,0.06278000333903952,0.05185120731110884,-2.630778535717602
current_rock,61400000.0,9.0,0.2927541300410805,0.06278008501258839,0.05183710218349938,-2.625150892301649
current_rock,61700000.0,9.0,0.2913306901867479,0.06278016549841506,0.051823158315091364,-2.61949747168367
current_rock,62000000.0,9.0,0.289921025556812,0.06278024481943462,0.051809373446475994,-2.6138197388541955
current_rock,62300000.0,9.0,0.2885249371512415,0.06278032299801217,0.051795745353496105,-2.60811911433603
current_rock,62600000.0,9.0,0.28714222978470194,0.06278040005597878,0.05178227184670425,-2.6023969754809966
current_rock,62900000.0,9.0,0.2857727119955858,0.0627804760146465,0.051768950770825634,-2.596654657727822
current_rock,63200000.0,9.0,0.284416195957632,0.06278055089482325,0.05175578000422768,-2.5908934558222314
current_rock,63500000.0,9.0,0.28307249739405266,0.06278062471682706,0.05174275745839435,-2.5851146250005863
current_rock,63800000.0,9.0,0.2817414354940806,0.06278069750049974,0.051729881077407835,-2.5793193821379936
current_rock,64100000.0,9.0,0.28042283283186187,0.0627807692652203,0.05171714883743484,-2.573508906862257
current_rock,64400000.0,9.0,0.279116515287614,0.06278084002991775,0.051704558746220534,-2.5676843426344176
current_rock,64700000.0,9.0,0.277822311970979,0.06278090981308375,0.05169210884258745,-2.561846797797226
current_rock,65000000.0,9.0,0.27654005514649765,0.06278097863278449,0.05167979719594149,-2.5559973465923065
current_rock,65300000.0,9.0,0.2752695801611385,0.06278104650667246,0.05166762190578362,-2.550137030147134
current_rock,65600000.0,9.0,0.2740107253738162,0.06278111345199777,0.05165558110122856,-2.5442668574326492
current_rock,65900000.0,9.0,0.27276333208683373,0.06278117948561915,0.05164367294052921,-2.5383878061925143
current_rock,66200000.0,9.0,0.2715272444791895,0.06278124462401444,0.051631895610607936,-2.532500823844803
current_rock,66500000.0,9.0,0.2703023095416894,0.06278130888329095,0.05162024732659386,-2.5266068283570235
current_rock,66800000.0,9.0,0.26908837701380756,0.06278137227919546,0.05160872633136706,-2.5207067090952764
current_rock,67100000.0,9.0,0.2678852993222406,0.06278143482712371,0.05159733089510823,-2.5148013276483776
current_rock,67400000.0,9.0,0.26669293152110307,0.06278149654212986,0.05158605931485568,-2.508891518627659
current_rock,67700000.0,9.0,0.2655111312337126,0.06278155743893556,0.05157490991406839,-2.5029780904431815
current_rock,68000000.0,9.0,0.2643397585959168,0.06278161753193862,0.05156388104219501,-2.4970618260572253
current_rock,68300000.0,9.0,0.2631786762009128,0.06278167683522162,0.05155297107424962,-2.4911434837155415
current_rock,68600000.0,9.0,0.26202774904551523,0.06278173536256011,0.05154217841039356,-2.4852237976572242
current_rock,68900000.0,9.0,0.26088684447782795,0.06278179312743061,0.05153150147552368,-2.4793034788037516
current_rock,69200000.0,9.0,0.2597558321462767,0.06278185014301838,0.05152093871886625,-2.4733832154278934
current_rock,69500000.0,9.0,0.2586345839499618,0.06278190642222485,0.051510488613577876,-2.467463673803018
current_rock,69800000.0,9.0,0.25752297399029145,0.06278196197767509,0.05150014965635198,-2.4615454988335013
current_rock,70100000.0,9.0,0.25642087852385653,0.06278201682172478,0.051489920367031206,-2.4556293146667247
current_rock,70400000.0,9.0,0.2553281759165106,0.06278207096646707,0.05147979928822625,-2.4497157252872794
current_rock,70700000.0,9.0,0.2542447465986187,0.0627821244237392,0.05146978498494043,-2.443805315093859
current_rock,71000000.0,9.0,0.25317047302144147,0.06278217720512917,0.05145987604420034,-2.4378986494594015
current_rock,71300000.0,9.0,0.25210523961461917,0.06278222932198174,0.05145007107469185,-2.4319962752750266
current_rock,71600000.0,9.0,0.25104893274472545,0.0627822807854047,0.051440368706402784,-2.4260987214781324
current_rock,71900000.0,9.0,0.25000144067485874,0.06278233160627482,0.051430767590270196,-2.4202064995652868
current_rock,72200000.0,9.0,0.24896265352524025,0.06278238179524341,0.05142126639783434,-2.414320104090244
current_rock,72500000.0,9.0,0.24793246323479096,0.06278243136274209,0.051411863820897755,-2.408440013147597
current_rock,72800000.0,9.0,0.24691076352365854,0.0627824803189881,0.05140255857118966,-2.4025666888424975
current_rock,73100000.0,9.0,0.24589744985666684,0.06278252867398962,0.05139334938003623,-2.3967005777468393
current_rock,73400000.0,9.0,0.24489241940766138,0.06278257643755078,0.05138423499803608,-2.390842111342312
current_rock,73700000.0,9.0,0.2438955710247265,0.06278262361927678,0.0513752141947417,-2.384991706450688
current_rock,74000000.0,9.0,0.24290680519624788,0.06278267022857863,0.051366285758344524,-2.37914976565188
current_rock,74300000.0,9.0,0.2419260240177974,0.06278271627467782,0.05135744849536702,-2.373316677689885
current_rock,74600000.0,9.0,0.24095313115981698,0.06278276176661096,0.051348701230359006,-2.367492817867163
current_rock,74900000.0,9.0,0.23998803183607936,0.06278280671323408,0.051340042805599215,-2.361678548427741
current_rock,75200000.0,9.0,0.23903063277290348,0.06278285112322708,0.05133147208080119,-2.3558742189293977
current_rock,75500000.0,9.0,0.2380808421791039,0.0627828950050979,0.0513229879328259,-2.3500801666051134
current_rock,75800000.0,9.0,0.23713856971665362,0.06278293836718649,0.051314589255397135,-2.3442967167143727
current_rock,76100000.0,9.0,0.23620372647204133,0.06278298121766883,0.05130627495882228,-2.3385241828844223
current_rock,76400000.0,9.0,0.23527622492830294,0.06278302356456082,0.0512980439697194,-2.332762867441687
current_rock,76700000.0,9.0,0.23435597893770987,0.06278306541572201,0.05128989523074631,-2.3270130617340086
current_rock,77000000.0,9.0,0.2334429036950954,0.0627831067788592,0.05128182770033626,-2.3212750464435508
current_rock,77300000.0,9.0,0.23253691571180263,0.06278314766153001,0.05127384035243724,-2.3155490918909303
current_rock,77600000.0,9.0,0.2316379327902364,0.06278318807114638,0.05126593217625622,-2.3098354583306935
current_rock,77900000.0,9.0,0.23074587399900315,0.06278322801497788,0.05125810217600691,-2.3041343962384886
current_rock,78200000.0,9.0,0.2298606596486233,0.06278326750015491,0.05125034937066271,-2.2984461465900883
current_rock,78500000.0,9.0,0.22898221126780055,0.0627833065336721,0.05124267279371381,-2.2927709411325137
current_rock,78800000.0,9.0,0.2281104515802328,0.06278334512239114,0.05123507149292757,-2.287109002647601
current_rock,79100000.0,9.0,0.22724530448195124,0.06278338327304396,0.05122754453011417,-2.281460545208063
current_rock,79400000.0,9.0,0.22638669501917308,0.06278342099223565,0.05122009098089556,-2.275825774426388
current_rock,79700000.0,9.0,0.22553454936665426,0.06278345828644726,0.051212709934478726,-2.270204887696733
current_rock,80000000.0,9.0,0.2246887948065293,0.0627834951620386,0.05120540049343252,-2.2645980744300447
current_rock,80300000.0,9.0,0.2238493597076257,0.06278353162525101,0.05119816177346881,-2.259005516282552
current_rock,80600000.0,9.0,0.22301617350524,0.06278356768220991,0.051190992903226915,-2.2534273873779003
current_rock,80900000.0,9.0,0.22218916668136396,0.06278360333892748,0.0511838930240621,-2.24786385452304
current_rock,81200000.0,9.0,0.22136827074534907,0.06278363860130504,0.0511768612898376,-2.2423150774180844
current_rock,81500000.0,9.0,0.22055341821499808,0.0627836734751356,0.05116989686672051,-2.2367812088602905
current_rock,81800000.0,9.0,0.2197445425980727,0.06278370796610612,0.05116299893298044,-2.2312623949424135
current_rock,82100000.0,9.0,0.21894157837420639,0.0627837420798,0.05115616667879277,-2.2257587752454184
current_rock,82400000.0,9.0,0.2181444609772129,0.06278377582169917,0.05114939930604446,-2.2202704830259288
current_rock,82700000.0,9.0,0.21735312677777924,0.06278380919718637,0.05114269602814336,-2.214797645398412
current_rock,83000000.0,9.0,0.21656751306653427,0.06278384221154734,0.051136056069831244,-2.2093403835122882
current_rock,83300000.0,9.0,0.21578755803748315,0.06278387486997278,0.05112947866699965,-2.2038988127241512
current_rock,83600000.0,9.0,0.2150132007717984,0.06278390717756051,0.05112296306650917,-2.19847304276518
current_rock,83900000.0,9.0,0.2142443812219588,0.0627839391393174,0.051116508526011704,-2.1930631779039245
current_rock,84200000.0,9.0,0.21348104019622738,0.06278397076016137,0.05111011431377599,-2.187669317104571
current_rock,84500000.0,9.0,0.2127231193434597,0.06278400204492318,0.05110377970851581,-2.1822915541808485
current_rock,84800000.0,9.0,0.21197056113823518,0.06278403299834838,0.051097503999221756,-2.176929977945634
current_rock,85100000.0,9.0,0.2112233088663025,0.06278406362509904,0.05109128648499544,-2.171584672356455
current_rock,85400000.0,9.0,0.21048130661033193,0.06278409392975555,0.05108512647488657,-2.1662557166569782
current_rock,85700000.0,9.0,0.2097444992359667,0.06278412391681824,0.05107902328773313,-2.1609431855145758
current_rock,86000000.0,9.0,0.20901283237816676,0.06278415359070919,0.051072976252004514,-2.1556471491540705
current_rock,86300000.0,9.0,0.20828625242783716,0.06278418295577379,0.05106698470564629,-2.150367673487886
current_rock,86600000.0,9.0,0.20756470651873377,0.06278421201628226,0.05106104799592955,-2.1451048202424787
current_rock,86900000.0,9.0,0.20684814251464145,0.06278424077643135,0.05105516547930066,-2.1398586470814376
current_rock,87200000.0,9.0,0.20613650899681582,0.06278426924034576,0.051049336521235555,-2.1346292077250655
current_rock,87500000.0,9.0,0.20542975525168397,0.06278429741207961,0.05104356049609504,-2.129416552066778
current_rock,87800000.0,9.0,0.20472783125879662,0.06278432529561787,0.05103783678698401,-2.1242207262862145
current_rock,88100000.0,9.0,0.20403068767902774,0.06278435289487792,0.05103216478561196,-2.1190417729593114
current_rock,88400000.0,9.0,0.20333827584301298,0.0627843802137107,0.051026543892156294,-2.113879731165349
current_rock,88700000.0,9.0,0.2026505477398235,0.06278440725590222,0.05102097351512791,-2.1087346365910378
current_rock,89000000.0,9.0,0.20196745600586902,0.06278443402517485,0.05101545307123994,-2.1036065216317166
current_rock,89300000.0,9.0,0.201288953914024,0.06278446052518849,0.05100998198527703,-2.0984954154899107
current_rock,89600000.0,9.0,0.2006149953629726,0.06278448675954194,0.05100455968996882,-2.09340134427102
current_rock,89900000.0,9.0,0.1999455348667669,0.06278451273177409,0.05099918562586401,-2.088324331076533
current_rock,90200000.0,9.0,0.1992805275445936,0.06278453844536505,0.05099385924120781,-2.0832643960945925
current_rock,90500000.0,9.0,0.1986199291107441,0.06278456390373745,0.05098857999182051,-2.0782215566881552
current_rock,90800000.0,9.0,0.19796369586478352,0.06278458911025743,0.05098334734097874,-2.0731958274807036
current_rock,91100000.0,9.0,0.19731178468191377,0.06278461406823585,0.05097816075929875,-2.068187220439617
current_rock,91400000.0,9.0,0.19666415300352674,0.06278463878092934,0.05097301972462151,-2.06319574495728
current_rock,91700000.0,9.0,0.19602075882794268,0.06278466325154138,0.050967923721899684,-2.0582214079299828
current_rock,92000000.0,9.0,0.1953815607013298,0.06278468748322326,0.05096287224308701,-2.053264213834641
current_rock,92300000.0,9.0,0.19474651770880114,0.06278471147907529,0.050957864787028934,-2.0483241648034465
current_rock,92600000.0,9.0,0.19411558946568405,0.06278473524214752,0.050952900859355825,-2.0434012606964833
current_rock,92900000.0,9.0,0.19348873610895956,0.06278475877544097,0.05094797997237713,-2.0384954991723574
current_rock,93200000.0,9.0,0.19286591828886637,0.0627847820819084,0.05094310164497844,-2.033606875756882
current_rock,93500000.0,9.0,0.1922470971606668,0.06278480516445524,0.05093826540251939,-2.0287353839099334
current_rock,93800000.0,9.0,0.19163223437657081,0.0627848280259407,0.0509334707767336,-2.0238810150904496
current_rock,94100000.0,9.0,0.1910212920778145,0.06278485066917835,0.05092871730563065,-2.0190437588196746
current_rock,94400000.0,9.0,0.19041423288688925,0.06278487309693724,0.050924004533398945,-2.014223602742692
current_rock,94700000.0,9.0,0.18981101989991916,0.06278489531194262,0.05091933201031152,-2.009420532688218
current_rock,95000000.0,9.0,0.18921161667918257,0.06278491731687676,0.050914699292631795,-2.0046345327268846
current_rock,95300000.0,9.0,0.18861598724577486,0.06278493911437981,0.05091010594252218,-1.9998655852278284
current_rock,95600000.0,9.0,0.18802409607240947,0.06278496070705063,0.05090555152795405,-1.9951136709137665
current_rock,95900000.0,9.0,0.18743590807635394,0.06278498209744746,0.050901035622618766,-1.9903787689146097
current_rock,96200000.0,9.0,0.18685138861249836,0.06278500328808874,0.05089655780584015,-1.9856608568195984
current_rock,96500000.0,9.0,0.1862705034665528,0.0627850242814538,0.05089211766248953,-1.9809599107279716
current_rock,96800000.0,9.0,0.1856932188483713,0.06278504507998367,0.050887714782900946,-1.9762759052983159
current_rock,97100000.0,9.0,0.18511950138540004,0.06278506568608178,0.050883348762788244,-1.971608813796563
current_rock,97400000.0,9.0,0.1845493181162458,0.0627850861021145,0.050879019203163775,-1.9669586081426502
current_rock,97700000.0,9.0,0.1839826364843638,0.06278510633041207,0.050874725710258424,-1.9623252589559164
current_rock,98000000.0,9.0,0.18341942433186065,0.06278512637326901,0.050870467895442306,-1.95770873559931
current_rock,98300000.0,9.0,0.18285964989341144,0.06278514623294501,0.05086624537514829,-1.9531090062222787
current_rock,98600000.0,9.0,0.18230328179028746,0.06278516591166536,0.050862057770794854,-1.9485260378026499
current_rock,98900000.0,9.0,0.1817502890244929,0.06278518541162169,0.050857904708711654,-1.943959796187231
current_rock,99200000.0,9.0,0.1812006409730075,0.06278520473497254,0.05085378582006625,-1.9394102461313392
current_rock,99500000.0,9.0,0.18065430738213412,0.06278522388384401,0.05084970074079124,-1.9348773513373057
current_rock,99800000.0,9.0,0.18011125836194733,0.0627852428603303,0.0508456491115133,-1.9303610744918644
current_rock,100100000.0,9.0,0.1795714643808426,0.0627852616664942,0.05084163057748301,-1.9258613773025537
current_rock,100400000.0,9.0,0.1790348962601827,0.06278528030436785,0.05083764478850627,-1.9213782205331102
current_rock,100700000.0,9.0,0.17850152516904016,0.06278529877595315,0.0508336913988769,-1.9169115640378598
current_rock,101000000.0,9.0,0.17797132261903312,0.06278531708322226,0.0508297700673091,-1.9124613667952823
current_rock,101300000.0,9.0,0.17744426045925318,0.06278533522811824,0.05082588045687292,-1.9080275869405166
current_rock,101600000.0,9.0,0.1769203108712829,0.06278535321255549,0.05082202223492967,-1.903610181797043
current_rock,101900000.0,9.0,0.1763994463643017,0.06278537103842034,0.05081819507306848,-1.8992091079075135
current_rock,102200000.0,9.0,0.17588163977027735,0.06278538870757143,0.050814398647043825,-1.894824321063716
current_rock,102500000.0,9.0,0.17536686423924241,0.06278540622184024,0.050810632636715,-1.8904557763356677
current_rock,102800000.0,9.0,0.17485509323465317,0.06278542358303162,0.05080689672598518,-1.886103428100007
current_rock,103100000.0,9.0,0.1743463005288297,0.06278544079292415,0.05080319060274254,-1.881767230067522
current_rock,103400000.0,9.0,0.17384046019847527,0.06278545785327073,0.05079951395880177,-1.8774471353099638
current_rock,103700000.0,9.0,0.17333754662027334,0.0627854747657989,0.05079586648984706,-1.8731430962860984
current_rock,104000000.0,9.0,0.17283753446656103,0.06278549153221132,0.05079224789537523,-1.8688550648670585
current_rock,104300000.0,9.0,0.17234039870107712,0.06278550815418622,0.05078865787864112,-1.864582992360952
current_rock,104600000.0,9.0,0.17184611457478344,0.06278552463337782,0.05078509614660198,-1.8603268295368793
current_rock,104900000.0,9.0,0.17135465762175736,0.06278554097141671,0.05078156240986475,-1.8560865266481743
current_rock,105200000.0,9.0,0.17086600365515534,0.06278555716991026,0.050778056382632684,-1.8518620334550826
current_rock,105500000.0,9.0,0.17038012876324496,0.06278557323044306,0.05077457778265361,-1.8476532992467865
current_rock,105800000.0,9.0,0.16989700930550422,0.06278558915457726,0.050771126331168766,-1.8434602728628031
current_rock,106100000.0,9.0,0.1694166219087874,0.06278560494385294,0.05076770175286282,-1.8392829027137927
current_rock,106400000.0,9.0,0.16893894346355587,0.06278562059978854,0.05076430377581412,-1.835121136801805
current_rock,106700000.0,9.0,0.16846395112017193,0.06278563612388117,0.05076093213144609,-1.8309749227399486
current_rock,107000000.0,9.0,0.16799162228525555,0.06278565151760697,0.05075758655447926,-1.8268442077715092
current_rock,107300000.0,9.0,0.167521934618102,0.06278566678242153,0.050754266782884555,-1.8227289387885166
current_rock,107600000.0,9.0,0.1670548660271593,0.06278568191976013,0.05075097255783679,-1.818629062349809
current_rock,107900000.0,9.0,0.1665903946665648,0.06278569693103818,0.05074770362366873,-1.8145445246986152
current_rock,108200000.0,9.0,0.16612849893273887,0.06278571181765147,0.050744459727826687,-1.8104752717795853
current_rock,108500000.0,9.0,0.16566915746103542,0.0627857265809765,0.050741240620826134,-1.8064212492553755
current_rock,108800000.0,9.0,0.165212349122448,0.0627857412223709,0.050738046056208276,-1.8023824025227666
current_rock,109100000.0,9.0,0.16475805302036978,0.0627857557431736,0.05073487579049734,-1.7983586767283128
current_rock,109400000.0,9.0,0.16430624848740719,0.06278577014470524,0.050731729583158594,-1.794350016783544
current_rock,109700000.0,9.0,0.16385691508224562,0.06278578442826839,0.050728607196556974,-1.7903563673797374
current_rock,110000000.0,9.0,0.16341003258656675,0.06278579859514792,0.05072550839591571,-1.7863776730023213
current_rock,110300000.0,9.0,0.1629655810020158,0.06278581264661126,0.05072243294927748,-1.7824138779447334
current_rock,110600000.0,9.0,0.1625235405472183,0.06278582658390865,0.050719380627463645,-1.778464926322053
current_rock,110900000.0,9.0,0.1620838916548453,0.0627858404082735,0.0507163512040362,-1.7745307620841066
current_rock,111200000.0,9.0,0.16164661496872612,0.06278585412092254,0.05071334445525953,-1.770611329028246
current_rock,111500000.0,9.0,0.16121169134100757,0.06278586772305617,0.050710360160062064,-1.7667065708118035
current_rock,111800000.0,9.0,0.16077910182935906,0.06278588121585878,0.05070739810000036,-1.7628164309640781
current_rock,112100000.0,9.0,0.1603488276942225,0.06278589460049892,0.05070445805922181,-1.7589408528980712
current_rock,112400000.0,9.0,0.15992085039610626,0.06278590787812946,0.050701539824428855,-1.7550797799218634
current_rock,112700000.0,9.0,0.15949515159292232,0.06278592104988807,0.050698643184844135,-1.751233155249594
current_rock,113000000.0,9.0,0.1590717131373659,0.0627859341168973,0.050695767932175194,-1.7474009220122089
current_rock,113300000.0,9.0,0.15865051707433664,0.06278594708026485,0.05069291386058063,-1.7435830232678255
current_rock,113600000.0,9.0,0.15823154563840092,0.06278595994108387,0.050690080766636086,-1.7397794020118302
current_rock,113900000.0,9.0,0.15781478125129364,0.06278597270043305,0.050687268449301465,-1.7359900011866551
current_rock,114200000.0,9.0,0.15740020651946013,0.06278598535937704,0.05068447670988795,-1.732214763691277
current_rock,114500000.0,9.0,0.1569878042316362,0.06278599791896647,0.05068170535202609,-1.728453632390428
current_rock,114800000.0,9.0,0.1565775573564664,0.0627860103802383,0.050678954181633824,-1.7247065501235452
current_rock,115100000.0,9.0,0.1561694490401594,0.06278602274421602,0.05067622300688563,-1.720973459713419
current_rock,115400000.0,9.0,0.15576346260417975,0.06278603501190981,0.050673511638182116,-1.7172543039745927
current_rock,115700000.0,9.0,0.1553595815429762,0.06278604718431677,0.05067081988811885,-1.7135490257215695
current_rock,116000000.0,9.0,0.15495778952174433,0.06278605926242115,0.050668147571457656,-1.7098575677766452
current_rock,116300000.0,9.0,0.1545580703742248,0.06278607124719449,0.050665494505096775,-1.706179872977621
current_rock,116600000.0,9.0,0.1541604081005347,0.06278608313959591,0.05066286050804223,-1.7025158841852097
current_rock,116900000.0,9.0,0.15376478686503287,0.06278609494057216,0.050660245401379124,-1.6988655442902603
current_rock,117200000.0,9.0,0.15337119099421795,0.06278610665105798,0.05065764900824424,-1.6952287962206931
current_rock,117500000.0,9.0,0.15297960497465826,0.06278611827197614,0.050655071153798026,-1.6916055829482972
current_rock,117800000.0,9.0,0.1525900134509537,0.06278612980423764,0.050652511665197575,-1.6879958474952708
current_rock,118100000.0,9.0,0.15220240122372858,0.06278614124874206,0.05064997037157009,-1.6843995329405468
current_rock,118400000.0,9.0,0.15181675324765492,0.06278615260637745,0.05064744710398648,-1.680816582425958
current_rock,118700000.0,9.0,0.15143305462950585,0.06278616387802076,0.0506449416954355,-1.6772469391621645
current_rock,119000000.0,9.0,0.1510512906262382,0.06278617506453785,0.05064245398079794,-1.6736905464344334
current_rock,119300000.0,9.0,0.1506714466431043,0.0627861861667837,0.05063998379682223,-1.6701473476081803
current_rock,119600000.0,9.0,0.1502935082317922,0.06278619718560266,0.05063753098209889,-1.666617286134393
current_rock,119900000.0,9.0,0.14991746108859338,0.06278620812182847,0.05063509537703661,-1.6631003055548292
current_rock,120200000.0,9.0,0.14954329105259853,0.06278621897628445,0.050632676823838256,-1.659596349507063
current_rock,120500000.0,9.0,0.14917098410391988,0.06278622974978378,0.050630275166476904,-1.6561053617293746
current_rock,120800000.0,9.0,0.14880052636193994,0.06278624044312943,0.050627890250672894,-1.6526272860654596
current_rock,121100000.0,9.0,0.14843190408358667,0.0627862510571146,0.050625521923870855,-1.6491620664689806
current_rock,121400000.0,9.0,0.1480651036616338,0.06278626159252255,0.05062317003521667,-1.6457096470079993
current_rock,121700000.0,9.0,0.14770011162302663,0.06278627205012702,0.050620834435536124,-1.6422699718691878
current_rock,122000000.0,9.0,0.14733691462723236,0.06278628243069219,0.05061851497731169,-1.6388429853620046
current_rock,122300000.0,9.0,0.14697549946461444,0.06278629273497285,0.05061621151466229,-1.6354286319225892
current_rock,122600000.0,9.0,0.1466158530548315,0.06278630296371464,0.050613923903321,-1.6320268561176507
current_rock,122900000.0,9.0,0.1462579624452591,0.06278631311765408,0.0506116520006144,-1.6286376026481446
current_rock,123200000.0,9.0,0.14590181480943462,0.06278632319751874,0.05060939566544233,-1.62526081635282
current_rock,123500000.0,9.0,0.14554739744552503,0.06278633320402732,0.05060715475825651,-1.621896442211701
current_rock,123800000.0,9.0,0.14519469777481697,0.06278634313788994,0.05060492914104192,-1.6185444253493437
current_rock,124100000.0,9.0,0.1448437033402284,0.06278635299980805,0.05060271867729562,-1.6152047110380874
current_rock,124400000.0,9.0,0.144494401804842,0.06278636279047461,0.05060052323200813,-1.6118772447010974
current_rock,124700000.0,9.0,0.14414678095045985,0.06278637251057444,0.05059834267164426,-1.6085619719153164
current_rock,125000000.0,9.0,0.14380082867617874,0.06278638216078396,0.05059617686412348,-1.6052588384143622
current_rock,125300000.0,9.0,0.14345653299698596,0.06278639174177163,0.05059402567880235,-1.6019677900912077
current_rock,125600000.0,9.0,0.14311388204237535,0.06278640125419786,0.0505918889864551,-1.5986887730008732
current_rock,125900000.0,9.0,0.14277286405498288,0.06278641069871525,0.050589766659256345,-1.5954217333629253
current_rock,126200000.0,9.0,0.14243346738924204,0.06278642007596864,0.050587658570762854,-1.5921666175639186
current_rock,126500000.0,9.0,0.14209568051005803,0.06278642938659523,0.05058556459589624,-1.5889233721597344
current_rock,126800000.0,9.0,0.14175949199150115,0.06278643863122471,0.05058348461092527,-1.5856919438778247
current_rock,127100000.0,9.0,0.14142489051551804,0.0627864478104793,0.05058141849344914,-1.5824722796193613
current_rock,127400000.0,9.0,0.14109186487066203,0.06278645692497399,0.05057936612238052,-1.5792643264612933
current_rock,127700000.0,9.0,0.1407604039508406,0.0627864659753165,0.0505773273779291,-1.5760680316583089
current_rock,128000000.0,9.0,0.1404304967540808,0.06278647496210737,0.05057530214158492,-1.5728833426447562
current_rock,128300000.0,9.0,0.1401021323813121,0.06278648388594031,0.050573290296103086,-1.5697102070363893
current_rock,128600000.0,9.0,0.13977530003516597,0.06278649274740195,0.05057129172548648,-1.5665485726321773
current_rock,128900000.0,9.0,0.13944998901879244,0.06278650154707215,0.05056930631497168,-1.5633983874158623
current_rock,129200000.0,9.0,0.13912618873469307,0.06278651028552408,0.05056733395101261,-1.5602595995575887
current_rock,129500000.0,9.0,0.13880388868357021,0.06278651896332424,0.05056537452126541,-1.5571321574153836
current_rock,129800000.0,9.0,0.13848307846319216,0.06278652758103263,0.05056342791457373,-1.554016009536572
current_rock,130100000.0,9.0,0.13816374776727397,0.06278653613920278,0.05056149402095398,-1.5509111046591362
current_rock,130400000.0,9.0,0.1378458863843738,0.06278654463838187,0.05055957273158042,-1.5478173917130065
current_rock,130700000.0,9.0,0.13752948419680447,0.06278655307911078,0.05055766393877108,-1.5447348198212807
current_rock,131000000.0,9.0,0.13721453117955987,0.06278656146192423,0.05055576753597355,-1.541663338301371
current_rock,131300000.0,9.0,0.13690101739925623,0.06278656978735084,0.0505538834177512,-1.5386028966660998
current_rock,131600000.0,9.0,0.13658893301308772,0.06278657805591323,0.05055201147976891,-1.5355534446247467
current_rock,131900000.0,9.0,0.1362782682677964,0.06278658626812804,0.05055015161878026,-1.532514932083988
current_rock,132200000.0,9.0,0.13596901349865614,0.06278659442450607,0.05054830373261338,-1.529487309148849
current_rock,132500000.0,9.0,0.13566115912847054,0.06278660252555239,0.050546467720158465,-1.5264705261235314
current_rock,132800000.0,9.0,0.13535469566658392,0.06278661057176631,0.05054464348135438,-1.5234645335122337
current_rock,133100000.0,9.0,0.1350496137079064,0.06278661856364155,0.05054283091717576,-1.5204692820199086
current_rock,133400000.0,9.0,0.1347459039319516,0.06278662650166632,0.050541029929620895,-1.517484722552935
current_rock,133700000.0,9.0,0.1344435571018874,0.06278663438632326,0.05053924042169849,-1.5145108062198067
current_rock,134000000.0,9.0,0.1341425640635996,0.06278664221808972,0.05053746229741637,-1.5115474843316867
current_rock,134300000.0,9.0,0.13384291574476803,0.0627866499974377,0.05053569546176821,-1.5085947084030147
current_rock,134600000.0,9.0,0.133544603153955,0.06278665772483387,0.050533939820722545,-1.5056524301519718
current_rock,134900000.0,9.0,0.13324761737970606,0.06278666540073985,0.050532195281210765,-1.5027206015009478
current_rock,135200000.0,9.0,0.13295194958966233,0.06278667302561201,0.05053046175111493,-1.4997991745769992
current_rock,135500000.0,9.0,0.1326575910296852,0.06278668059990176,0.050528739139257144,-1.4968881017121751
current_rock,135800000.0,9.0,0.13236453302299223,0.06278668812405554,0.05052702735538762,-1.4939873354438922
current_rock,136100000.0,9.0,0.13207276696930453,0.0627866955985148,0.05052532631017397,-1.4910968285152042
current_rock,136400000.0,9.0,0.13178228434400546,0.06278670302371621,0.05052363591518993,-1.488216533875085
current_rock,136700000.0,9.0,0.1314930766973105,0.06278671040009162,0.050521956082904586,-1.4853464046786355
current_rock,137000000.0,9.0,0.13120513565344777,0.06278671772806817,0.05052028672667175,-1.4824863942872677
current_rock,137300000.0,9.0,0.13091845290984955,0.06278672500806833,0.05051862776071934,-1.479636456268859
current_rock,137600000.0,9.0,0.13063302023635423,0.06278673224051,0.05051697910013918,-1.4767965443978583
current_rock,137900000.0,9.0,0.13034882947441875,0.06278673942580652,0.050515340660876214,-1.4739666126553919
current_rock,138200000.0,9.0,0.13006587253634114,0.06278674656436671,0.05051371235971906,-1.4711466152292765
current_rock,138500000.0,9.0,0.12978414140449346,0.06278675365659504,0.05051209411428963,-1.468336506514062
current_rock,138800000.0,9.0,0.12950362813056443,0.06278676070289155,0.05051048584303326,-1.4655362411110167
current_rock,139100000.0,9.0,0.12922432483481197,0.06278676770365205,0.05050888746520929,-1.462745773828072
current_rock,139400000.0,9.0,0.1289462237053253,0.06278677465926799,0.05050729890088111,-1.4599650596797715
current_rock,139700000.0,9.0,0.12866931699729667,0.06278678157012671,0.050505720070907235,-1.4571940538871417
current_rock,140000000.0,9.0,0.12839359703230246,0.06278678843661137,0.05050415089693087,-1.4544327118776275
current_rock,140300000.0,9.0,0.12811905619759334,0.06278679525910107,0.05050259130137239,-1.451680989284851
current_rock,140600000.0,9.0,0.12784568694539364,0.06278680203797078,0.05050104120741874,-1.4489388419485203
current_rock,140900000.0,9.0,0.1275734817922097,0.06278680877359162,0.050499500539015196,-1.4462062259141786
current_rock,141200000.0,9.0,0.12730243331814692,0.06278681546633065,0.05049796922085672,-1.4434830974329864
current_rock,141500000.0,9.0,0.12703253416623564,0.06278682211655111,0.05049644717837837,-1.4407694129615023
current_rock,141800000.0,9.0,0.12676377704176547,0.06278682872461239,0.05049493433774791,-1.4380651291613566
current_rock,142100000.0,9.0,0.12649615471162803,0.06278683529087008,0.050493430625856144,-1.4353702028990285
current_rock,142400000.0,9.0,0.12622966000366814,0.06278684181567604,0.050491935970309404,-1.4326845912454742
current_rock,142700000.0,9.0,0.12596428580604307,0.06278684829937843,0.05049045029942079,-1.4300082514758312
current_rock,143000000.0,9.0,0.12570002506658984,0.06278685474232178,0.050488973542202255,-1.427341141069046
current_rock,143300000.0,9.0,0.1254368707922006,0.06278686114484694,0.05048750562835652,-1.4246832177075102
current_rock,143600000.0,9.0,0.12517481604820574,0.06278686750729136,0.050486046488269036,-1.422034439276674
current_rock,143900000.0,9.0,0.12491385395776473,0.0627868738299888,0.050484596053000264,-1.4193947638646285
current_rock,144200000.0,9.0,0.12465397770126453,0.06278688011326969,0.050483154254277816,-1.4167641497616958
current_rock,144500000.0,9.0,0.12439518051572555,0.06278688635746092,0.05048172102448899,-1.414142555459973
current_rock,144800000.0,9.0,0.12413745569421508,0.06278689256288614,0.05048029629667329,-1.4115299396528749
current_rock,145100000.0,9.0,0.12388079658526772,0.06278689872986551,0.05047888000451451,-1.4089262612346853
current_rock,145400000.0,9.0,0.12362519659231325,0.06278690485871596,0.05047747208233399,-1.40633147930004
current_rock,145700000.0,9.0,0.12337064917311151,0.0627869109497512,0.05047607246508314,-1.4037455531434382
current_rock,146000000.0,9.0,0.12311714783919415,0.06278691700328164,0.05047468108833627,-1.4011684422587254
current_rock,146300000.0,9.0,0.12286468615531335,0.06278692301961454,0.050473297888283496,-1.3986001063385658
current_rock,146600000.0,9.0,0.12261325773889731,0.06278692899905407,0.050471922801723926,-1.3960405052738987
current_rock,146900000.0,9.0,0.12236285625951221,0.06278693494190123,0.0504705557660587,-1.3934895991533784
current_rock,147200000.0,9.0,0.12211347543833113,0.06278694084845397,0.05046919671928408,-1.3909473482628256
current_rock,147500000.0,9.0,0.12186510904760912,0.06278694671900727,0.050467845599985274,-1.3884137130846108
current_rock,147800000.0,9.0,0.12161775091016472,0.06278695255385305,0.05046650234732897,-1.3858886542971194
current_rock,148100000.0,9.0,0.12137139489886796,0.06278695835328028,0.05046516690105762,-1.3833721327741049
current_rock,148400000.0,9.0,0.12112603493613437,0.06278696411757506,0.050463839201482556,-1.3808641095841
current_rock,148700000.0,9.0,0.12088166499342531,0.06278696984702063,0.05046251918947792,-1.3783645459897855
current_rock,149000000.0,9.0,0.12063827909075399,0.06278697554189726,0.05046120680647406,-1.375873403447375
current_rock,149300000.0,9.0,0.12039587129619789,0.0627869812024825,0.050459901994451536,-1.3733906436059644
current_rock,149600000.0,9.0,0.12015443572541673,0.06278698682905112,0.05045860469593516,-1.3709162283068796
current_rock,149900000.0,9.0,0.11991396654117642,0.06278699242187512,0.05045731485398748,-1.3684501195830427
current_rock,150200000.0,9.0,0.11967445795287844,0.06278699798122378,0.05045603241220337,-1.3659922796582769
current_rock,150500000.0,9.0,0.1194359042160953,0.06278700350736376,0.05045475731470382,-1.3635426709466563
current_rock,150800000.0,9.0,0.11919829963211105,0.06278700900055899,0.05045348950613047,-1.3611012560518045
current_rock,151100000.0,9.0,0.11896163854746754,0.06278701446107078,0.05045222893163893,-1.3586679977662561
current_rock,151400000.0,9.0,0.11872591535351615,0.06278701988915794,0.050450975536894316,-1.3562428590707032
current_rock,151700000.0,9.0,0.11849112448597458,0.06278702528507668,0.05044972926806545,-1.3538258031333104
current_rock,152000000.0,9.0,0.1182572604244891,0.06278703064908062,0.05044849007181822,-1.3514167933090564
current_rock,152300000.0,9.0,0.11802431769220187,0.06278703598142102,0.050447257895311695,-1.3490157931389488
current_rock,152600000.0,9.0,0.11779229085532335,0.06278704128234652,0.0504460326861915,-1.346622766349366
current_rock,152900000.0,9.0,0.1175611745227099,0.06278704655210346,0.05044481439258529,-1.3442376768512978
current_rock,153200000.0,9.0,0.11733096334544613,0.06278705179093569,0.050443602963097266,-1.341860488739628
current_rock,153500000.0,9.0,0.11710165201643222,0.0627870569990847,0.050442398346802635,-1.3394911662924143
current_rock,153800000.0,9.0,0.11687323526997624,0.06278706217678962,0.05044120049324288,-1.337129673970136
current_rock,154100000.0,9.0,0.11664570788139093,0.06278706732428727,0.05044000935242094,-1.3347759764149454
current_rock,154400000.0,9.0,0.11641906466659549,0.06278707244181216,0.05043882487479556,-1.3324300384499392
current_rock,154700000.0,9.0,0.11619330048172168,0.06278707752959654,0.05043764701127683,-1.3300918250784022
current_rock,155000000.0,9.0,0.11596841022272479,0.0627870825878704,0.05043647571322121,-1.3277613014830487
current_rock,155300000.0,9.0,0.11574438882499898,0.06278708761686153,0.05043531093242679,-1.325438433025268
current_rock,155600000.0,9.0,0.11552123126299708,0.06278709261679552,0.050434152621128284,-1.323123185244369
current_rock,155900000.0,9.0,0.11529893254985468,0.06278709758789576,0.050433000731992646,-1.3208155238568131
current_rock,156200000.0,9.0,0.11507748773701884,0.06278710253038354,0.05043185521811446,-1.3185154147554388
current_rock,156500000.0,9.0,0.1148568919138808,0.06278710744447805,0.05043071603301086,-1.3162228240087184
current_rock,156800000.0,9.0,0.1146371402074129,0.0627871123303963,0.05042958313061778,-1.3139377178599554
current_rock,157100000.0,9.0,0.11441822778180995,0.06278711718835328,0.05042845646528468,-1.311660062726545
current_rock,157400000.0,9.0,0.11420014983813433,0.062787122018562,0.050427335991771086,-1.3093898251991563
current_rock,157700000.0,9.0,0.1139829016139654,0.06278712682123332,0.05042622166524126,-1.3071269720410001
current_rock,158000000.0,9.0,0.11376647838305282,0.06278713159657619,0.05042511344126043,-1.3048714701870272
current_rock,158300000.0,9.0,0.11355087545497375,0.06278713634479752,0.05042401127579055,-1.3026232867431422
current_rock,158600000.0,9.0,0.1133360881747941,0.06278714106610234,0.05042291512518599,-1.3003823889854351
current_rock,158900000.0,9.0,0.11312211192273344,0.06278714576069369,0.05042182494618954,-1.2981487443593895
current_rock,159200000.0,9.0,0.11290894211383382,0.06278715042877271,0.05042074069592786,-1.295922320479111
current_rock,159500000.0,9.0,0.11269657419763225,0.06278715507053868,0.05041966233190815,-1.2937030851265237
current_rock,159800000.0,9.0,0.11248500365783694,0.06278715968618895,0.050418589812013526,-1.2914910062506026
current_rock,160100000.0,9.0,0.11227422601200716,0.06278716427591909,0.05041752309449943,-1.2892860519665725
current_rock,160400000.0,9.0,0.11206423681123658,0.06278716883992279,0.05041646213798966,-1.2870881905551326
current_rock,160700000.0,9.0,0.11185503163984035,0.06278717337839196,0.05041540690147215,-1.2848973904616732
current_rock,161000000.0,9.0,0.11164660611504562,0.06278717789151674,0.050414357344296126,-1.2827136202954572
current_rock,161300000.0,9.0,0.11143895588668534,0.06278718237948545,0.05041331342616719,-1.2805368488288762
current_rock,161600000.0,9.0,0.11123207663689569,0.06278718684248473,0.050412275107144244,-1.2783670449966378
current_rock,161900000.0,9.0,0.11102596407981682,0.06278719128069946,0.050411242347635936,-1.2762041778949753
current_rock,162200000.0,9.0,0.11082061396129682,0.0627871956943128,0.05041021510839649,-1.2740482167808793
current_rock,162500000.0,9.0,0.11061602205859905,0.06278720008350623,0.05040919335052264,-1.271899131071291
current_rock,162800000.0,9.0,0.11041218418011269,0.06278720444845957,0.050408177035449836,-1.2697568903423309
current_rock,163100000.0,9.0,0.1102090961650665,0.062787208789351,0.050407166124948874,-1.2676214643285009
current_rock,163400000.0,9.0,0.11000675388324568,0.06278721310635701,0.05040616058112229,-1.2654928229219107
current_rock,163700000.0,9.0,0.10980515323471195,0.06278721739965254,0.05040516036640097,-1.26337093617149
current_rock,164000000.0,9.0,0.1096042901495265,0.06278722166941089,0.05040416544354098,-1.2612557742821948
current_rock,164300000.0,9.0,0.10940416058747623,0.06278722591580381,0.05040317577561994,-1.2591473076142448
current_rock,164600000.0,9.0,0.10920476053780281,0.06278723013900145,0.050402191326033845,-1.257045506682329
current_rock,164900000.0,9.0,0.10900608601893479,0.06278723433917245,0.050401212058494085,-1.2549503421548132
current_rock,165200000.0,9.0,0.10880813307822243,0.06278723851648389,0.05040023793702355,-1.2528617848529993
current_rock,165500000.0,9.0,0.10861089779167579,0.06278724267110136,0.05039926892595446,-1.2507798057502955
current_rock,165800000.0,9.0,0.10841437626370534,0.06278724680318895,0.050398304989924,-1.2487043759714946
current_rock,166100000.0,9.0,0.10821856462686541,0.06278725091290925,0.05039734609387228,-1.2466354667919552
current_rock,166400000.0,9.0,0.10802345904160061,0.0627872550004234,0.05039639220303873,-1.2445730496368472
current_rock,166700000.0,9.0,0.10782905569599487,0.0627872590658911,0.05039544328295906,-1.242517096080385
current_rock,167000000.0,9.0,0.10763535080552303,0.06278726310947061,0.05039449929946244,-1.240467577845047
current_rock,167300000.0,9.0,0.10744234061280541,0.06278726713131878,0.05039356021866858,-1.2384244668008062
current_rock,167600000.0,9.0,0.10725002138736481,0.06278727113159101,0.05039262600698462,-1.236387734964371
current_rock,167900000.0,9.0,0.1070583894253862,0.06278727511044141,0.050391696631102156,-1.2343573544984205
current_rock,168200000.0,9.0,0.10686744104947886,0.0627872790680226,0.05039077205799475,-1.2323332977108334
current_rock,168500000.0,9.0,0.10667717260844121,0.06278728300448595,0.0503898522549148,-1.2303155370539316
current_rock,168800000.0,9.0,0.10648758047702811,0.06278728691998141,0.05038893718939072,-1.228304045123727
current_rock,169100000.0,9.0,0.10629866105572054,0.06278729081465764,0.05038802682922449,-1.2262987946591508
current_rock,169400000.0,9.0,0.10611041077049789,0.06278729468866194,0.050387121142488604,-1.2242997585413125
current_rock,169700000.0,9.0,0.10592282607261251,0.06278729854214041,0.05038622009752346,-1.2223069097927408
current_rock,170000000.0,9.0,0.10573590343836672,0.06278730237523776,0.050385323662934835,-1.2203202215766307
SS-A01_theta1,20000000.0,7.675382612440349,2.48362866264739,0.1855336422345066,0.1005057074151518,31.619373387366224
SS-A01_theta1,20300000.0,7.657243325975731,2.4626409933526383,0.18697396208038924,0.10094242224977573,31.34399819150502
SS-A01_theta1,20600000.0,7.639544139062097,2.44211447231178,0.18840070534601544,0.10136915582965524,31.07527859007739
SS-A01_theta1,20900000.0,7.622268201639318,2.422032853800761,0.18981418458462387,0.10178629295623617,30.812963380780793
SS-A01_theta1,21200000.0,7.605399537357507,2.402380674971835,0.19121470114196226,0.102194198704984,30.55681408099344
SS-A01_theta1,21500000.0,7.588922986781402,2.3831432082324704,0.19260254569861068,0.10259321965595256,30.306604104414173
SS-A01_theta1,21800000.0,7.572824155012099,2.3643064171074846,0.19397799877941335,0.10298368503331848,30.062118003835767
SS-A01_theta1,22100000.0,7.557089363327767,2.3458569152878384,0.19534133123241054,0.10336590776178203,29.823150773687548
SS-A01_theta1,22400000.0,7.541705604485646,2.3277819285982124,0.19669280467945635,0.10374018544694365,29.58950720669173
SS-A01_theta1,22700000.0,7.5266605013638,2.310069259641149,0.19803267194052998,0.10410680128606446,29.361001299597604
SS-A01_theta1,23000000.0,7.511942268653095,2.2927072548983647,0.19936117743357998,0.10446602491499388,29.1374557035008
SS-A01_theta1,23300000.0,7.497539677338328,2.2756847740903154,0.20067855755159195,0.1048181131964934,28.91870121473149
SS-A01_theta1,23600000.0,7.483442021732833,2.258991161613456,0.20198504101843656,0.10516331095468942,28.70457630271619
SS-A01_theta1,23900000.0,7.469639088853455,2.242616219891002,0.20328084922492698,0.10550185165994812,28.494926671586985
SS-A01_theta1,24200000.0,7.456121129942973,2.2265501844878313,0.2045661965464065,0.10583395806806835,28.289604852640004
SS-A01_theta1,24500000.0,7.442878833965136,2.2107837008534177,0.20584129064308368,0.10615984281733601,28.088469825034707
SS-A01_theta1,24800000.0,7.42990330291358,2.195307802568624,0.20710633274423773,0.10647970898666584,27.891386662381905
SS-A01_theta1,25100000.0,7.417186028790466,2.180113890983008,0.2083615179173332,0.10679375061777083,27.6982262030974
SS-A01_theta1,25400000.0,7.40471887212364,2.1651937161389907,0.20960703532300565,0.10710215320404406,27.508864742601
SS-A01_theta1,25700000.0,7.392494041902858,2.150539358888061,0.21084306845680617,0.10740509414860622,27.323183745621943
SS-A01_theta1,26000000.0,7.38050407682612,2.1361432141121397,0.212069795378532,0.10770274319376365,27.141069577033523
SS-A01_theta1,26300000.0,7.368741827756713,2.1219979749704367,0.21328738892990481,0.10799526282393503,26.962413249784102
SS-A01_theta1,26600000.0,7.357200441300082,2.1080966180986955,0.214496016941309,0.10828280864393128,26.787110188622087
SS-A01_theta1,26900000.0,7.345873344417448,2.09443238969365,0.21569584242824988,0.10856552973432473,26.61506000842771
SS-A01_theta1,27200000.0,7.334754230000038,2.0809987924209072,0.21688702377814248,0.1088435689854965,26.446166306069646
SS-A01_theta1,27500000.0,7.323837043334231,2.067789573089414,0.2180697149280052,0.10911706341183114,26.280336464798314
SS-A01_theta1,27800000.0,7.3131159693935865,2.054798711040104,0.21924406553358647,0.1093861444474077,26.117481470271873
SS-A01_theta1,28100000.0,7.302585420899022,2.042020407200449,0.22041022113042374,0.10965093822443334,25.957515737388377
SS-A01_theta1,28400000.0,7.292240027093105,2.0294490737603064,0.22156832328729223,0.10991156583556845,25.800356947165255
SS-A01_theta1,28700000.0,7.282074623178785,2.01707932442792,0.22271850975247895,0.11016814358120683,25.645925892970922
SS-A01_theta1,29000000.0,7.272084240376784,2.0049059652279917,0.22386091459328247,0.11042078320269243,25.494146335468994
SS-A01_theta1,29300000.0,7.262264096559503,1.9929239858066277,0.22499566832911588,0.11066959210238371,25.344944865687463
SS-A01_theta1,29600000.0,7.252609587422485,1.9811285512105297,0.22612289805856348,0.11091467355140675,25.19825077567097
SS-A01_theta1,29900000.0,7.243116278157594,1.9695149941102608,0.22724272758072364,0.1111561268858806,25.053995936217873
SS-A01_theta1,30200000.0,7.233779895594643,1.958078807439526,0.22835527751114362,0.11139404769233825,24.912114681241075
SS-A01_theta1,30500000.0,7.224596320780846,1.9468156374245094,0.22946066539263726,0.11162852798301881,24.772543698327343
SS-A01_theta1,30800000.0,7.215561581969669,1.935721276979095,0.23055900580125657,0.11185965636165694,24.63522192510193
SS-A01_theta1,31100000.0,7.206671847992776,1.9247916594435521,0.23165041044767062,0.11208751818035001,24.500090451034325
SS-A01_theta1,31400000.0,7.197923421990689,1.9140228526458016,0.23273498827419245,0.11231219568804955,24.36709242434761
SS-A01_theta1,31700000.0,7.189312735479571,1.903411053265858,0.23381284554767645,0.11253376817117822,24.23617296371896
SS-A01_theta1,32000000.0,7.180836342733119,1.8929525814853552,0.23488408594849935,0.11275231208684579,24.10727907448054
SS-A01_theta1,32300000.0,7.1724909154600756,1.882643875905297,0.2359488106558209,0.11296790118910324,23.98035956905113
SS-A01_theta1,32600000.0,7.1642732377592395,1.8724814887163215,0.2370071184293125,0.11318060664864511,23.855364991347425
SS-A01_theta1,32900000.0,7.156180201335137,1.8624620811068242,0.2380591056875299,0.11339049716634203,23.732247544941934
SS-A01_theta1,33200000.0,7.148208800958616,1.852582418895224,0.23910486658309363,0.11359763908096444,23.61096102474914
SS-A01_theta1,33500000.0,7.140356130157797,1.8428393683736082,0.2401444930748359,0.1138020964714298,23.49146075203784
SS-A01_theta1,33800000.0,7.132619377125726,1.8332298923507675,0.24117807499705737,0.11400393125388769,23.373703512579862
SS-A01_theta1,34100000.0,7.1249958208320425,1.8237510463834703,0.24220570012603784,0.1142032032739368,23.257647497758885
SS-A01_theta1,34400000.0,7.117482827326812,1.8143999751854798,0.24322745424392686,0.11439997039424697,23.143252248473953
SS-A01_theta1,34700000.0,7.110077846225426,1.8051739092045243,0.24424342120014175,0.11459428857784591,23.030478601683267
SS-A01_theta1,35000000.0,7.102778407364261,1.7960701613580239,0.24525368297038702,0.11478621196731127,22.919288639443586
SS-A01_theta1,35300000.0,7.095582117617405,1.7870861239189852,0.24625831971340953,0.11497579296009348,22.809645640310404
SS-A01_theta1,35600000.0,7.0884866578653964,1.7782192655439484,0.24725740982558875,0.1151630822801847,22.701514032971026
SS-A01_theta1,35900000.0,7.081489780107556,1.769467128435447,0.2482510299934674,0.11534812904633075,22.594859351992692
SS-A01_theta1,36200000.0,7.074589304709908,1.7608273256318285,0.24923925524431023,0.11553098083697605,22.48964819557314
SS-A01_theta1,36500000.0,7.067783117781344,1.752297538417762,0.25022215899478323,0.11571168375211595,22.385848185189197
SS-A01_theta1,36800000.0,7.0610691686709925,1.7438755138491517,0.2511998130978373,0.11589028247222372,22.283427927044936
SS-A01_theta1,37100000.0,7.054445467580295,1.7355590623865222,0.2521722878878731,0.11606682031440842,22.18235697522612
SS-A01_theta1,37400000.0,7.04791008328367,1.7273460556313418,0.25313965222426715,0.11624133928594742,22.08260579647478
SS-A01_theta1,37700000.0,7.041461140951957,1.7192344241600124,0.25410197353332564,0.11641388013533706,21.984145736500665
SS-A01_theta1,38000000.0,7.0350968200732895,1.7112221554506306,0.2550593178487398,0.11658448240098528,21.886948987753502
SS-A01_theta1,38300000.0,7.028815352466259,1.7033072918978365,0.25601174985060154,0.1167531844576758,21.790988558581926
SS-A01_theta1,38600000.0,7.022615020380622,1.6954879289114007,0.25695933290304623,0.11692002356091223,21.69623824371179
SS-A01_theta1,38900000.0,7.016494154681037,1.687762213094383,0.25790212909057514,0.11708503588925687,21.602672595977705
SS-A01_theta1,39200000.0,7.010451133109595,1.6801283404970049,0.25884019925311985,0.11724825658476376,21.510266899247753
SS-A01_theta1,39500000.0,7.004484378623157,1.672584554942514,0.2597736030198943,0.1174097197916046,21.41899714248288
SS-A01_theta1,39800000.0,6.998592357801735,1.665129146421588,0.2607023988420888,0.11756945869297686,21.328839994876724
SS-A01_theta1,40100000.0,6.9927735793243775,1.6577604495519993,0.26162664402445507,0.11772750554638413,21.239772782024357
SS-A01_theta1,40400000.0,6.987026592509218,1.6504768421004077,0.2625463947558211,0.11788389171736588,21.151773463070825
SS-A01_theta1,40700000.0,6.98134998591453,1.643276743563381,0.263461706138588,0.11803864771175765,21.06482060879378
SS-A01_theta1,41000000.0,6.975742385997813,1.6361586138048367,0.26437263221724167,0.1181918032065518,20.978893380576093
SS-A01_theta1,41300000.0,6.970202455830092,1.6291209517472998,0.26527922600592546,0.11834338707942996,20.89397151022733
SS-A01_theta1,41600000.0,6.964728893862804,1.6221622941144727,0.2661815395151059,0.11849342743702923,20.810035280614937
SS-A01_theta1,41900000.0,6.9593204327447165,1.615281214222769,0.2670796237773706,0.1186419516420074,20.72706550706772
SS-A01_theta1,42200000.0,6.953975838186543,1.6084763208195827,0.26797352887239123,0.11878898633896262,20.645043519516754
SS-A01_theta1,42500000.0,6.948693907870997,1.6017462569661605,0.26886330395108377,0.11893455747926443,20.563951145339995
SS-A01_theta1,42800000.0,6.9434734704061505,1.5950896989630918,0.2697489972589974,0.11907869034484682,20.48377069287921
SS-A01_theta1,43100000.0,6.938313384320123,1.5885053553165014,0.2706306561589626,0.11922140957101442,20.404484935598955
SS-A01_theta1,43400000.0,6.933212537095137,1.5819919657431296,0.27150832715302337,0.11936273916830756,20.326077096858928
SS-A01_theta1,43700000.0,6.928169844239198,1.5755483002126165,0.2723820559036865,0.11950270254347088,20.24853083527307
SS-A01_theta1,44000000.0,6.923184248393651,1.5691731580253263,0.27325188725450783,0.11964132251956813,20.171830230628885
SS-A01_theta1,44300000.0,6.918254718475003,1.5628653669241868,0.2741178652500426,0.11977862135528179,20.0959597703432
SS-A01_theta1,44600000.0,6.913380248849487,1.5566237822390732,0.2749800331551852,0.11991462076343609,20.02090433643061
SS-A01_theta1,44900000.0,6.9085598585388786,1.5504472860623366,0.2758384334739185,0.12004934192878032,19.94664919296272
SS-A01_theta1,45200000.0,6.903792590456221,1.5443347864541406,0.2766931079674945,0.12018280552506426,19.873179973996734
SS-A01_theta1,45500000.0,6.899077510670105,1.5382852166763623,0.2775440976720685,0.12031503173143976,19.800482671953887
SS-A01_theta1,45800000.0,6.894413707696294,1.532297534453838,0.27839144291580614,0.12044604024821846,19.72854362642809
SS-A01_theta1,46100000.0,6.889800291815461,1.526370721261816,0.2792351833354807,0.12057585031201513,19.65734951340689
SS-A01_theta1,46400000.0,6.885236394415966,1.5205037816385318,0.28007535789258176,0.12070448071030407,19.58688733488734
SS-A01_theta1,46700000.0,6.880721167360564,1.5146957425218615,0.2809120048889499,0.12083194979541408,19.517144408870326
SS-A01_theta1,47000000.0,6.87625378237602,1.508945652609064,0.28174516198195504,0.12095827549798854,19.448108359717455
SS-A01_theta1,47300000.0,6.871833430464697,1.503252581738679,0.2825748661992355,0.12108347533993337,19.379767108855702
SS-A01_theta1,47600000.0,6.867459321337163,1.4976156202936783,0.2834011539530131,0.12120756644687528,19.31210886581545
SS-A01_theta1,47900000.0,6.863130682864952,1.4920338786250027,0.2842240610539946,0.12133056556015161,19.245122119588096
SS-A01_theta1,48200000.0,6.858846760552627,1.4865064864946897,0.28504362272488243,0.12145248904835461,19.178795630290463
SS-A01_theta1,48500000.0,6.854606817028383,1.4810325925377983,0.2858598736134984,0.12157335291844393,19.113118421123577
SS-A01_theta1,48800000.0,6.850410131552389,1.4756113637423833,0.2866728478055415,0.12169317282645331,19.048079770613587
SS-A01_theta1,49100000.0,6.846255999542169,1.4702419849468262,0.2874825788369867,0.1218119640878021,18.983669205124055
SS-A01_theta1,49400000.0,6.842143732114339,1.4649236583538272,0.288289099706141,0.12192974168723326,18.91987649162832
SS-A01_theta1,49700000.0,6.838072655642008,1.4596556030604135,0.2890924428853634,0.12204652028839104,18.85669163073176
SS-A01_theta1,50000000.0,6.834042111327256,1.4544370546033616,0.28989264033246603,0.12216231424305396,18.79410484993436
SS-A01_theta1,50300000.0,6.830051454788071,1.4492672645194156,0.2906897235018014,0.12227713760003966,18.73210659712352
SS-A01_theta1,50600000.0,6.82610005565916,1.444145499919759,0.2914837233550495,0.12239100411379145,18.670687534288778
SS-A01_theta1,50900000.0,6.822187297206118,1.4390710430781832,0.2922746703717134,0.12250392725266383,18.609838531449256
SS-A01_theta1,51200000.0,6.818312575952402,1.4340431910324511,0.293062594559333,0.1226159202069163,18.549550660786046
SS-A01_theta1,51500000.0,6.81447530131864,1.4290612551983333,0.2938475254634243,0.12272699589642948,18.489815190971
SS-A01_theta1,51800000.0,6.810674895273781,1.4241245609958888,0.29462949217715895,0.12283716697815375,18.43062358168539
SS-A01_theta1,52100000.0,6.806910791997635,1.4192324474874844,0.2954085233507832,0.12294644585330236,18.3719674783199
SS-A01_theta1,52400000.0,6.803182437554369,1.4143842670271578,0.29618464720079224,0.1230548446742973,18.313838706850287
SS-A01_theta1,52700000.0,6.799489289576548,1.409579384920894,0.29695789151886565,0.12316237535148074,18.256229268881214
SS-A01_theta1,53000000.0,6.795830816959312,1.4048171790974093,0.29772828368056736,0.12326904955959919,18.199131336852233
SS-A01_theta1,53300000.0,6.792206499564317,1.4000970397890788,0.2984958506538248,0.12337487874406998,18.142537249399968
SS-A01_theta1,53600000.0,6.788615827933073,1.395418369222631,0.2992606190071879,0.12347987412703947,18.086439506870423
SS-A01_theta1,53900000.0,6.785058303009331,1.3907805813192495,0.3000226149178769,0.12358404671324032,18.030830766975836
SS-A01_theta1,54200000.0,6.781533435870182,1.3861831014037749,0.30078186417962727,0.12368740729565568,17.975703840591088
SS-A01_theta1,54500000.0,6.778040747465552,1.3816253659226438,0.30153839221033396,0.12378996646099813,17.921051687684056
SS-A01_theta1,54800000.0,6.774579768365783,1.377106822170302,0.3022922240595067,0.12389173459501163,17.866867413375378
SS-A01_theta1,55100000.0,6.771150038517003,1.3726269280237426,0.3030433844155342,0.12399272188760038,17.813144264122556
SS-A01_theta1,55400000.0,6.767751107004023,1.3681851516849388,0.30379189761277237,0.12409293833779422,17.75987562402437
SS-A01_theta1,55700000.0,6.764382531820457,1.363780971430852,0.30453778763845385,0.12419239375855573,17.707055011240698
SS-A01_theta1,56000000.0,6.761043879645844,1.359413875370782,0.3052810781394288,0.12429109778143384,17.65467607452406
SS-A01_theta1,56300000.0,6.757734725629485,1.355083361210794,0.30602179242874045,0.12438905986107235,17.602732589858586
SS-A01_theta1,56600000.0,6.754454653180801,1.3507889360249785,0.3067599534920391,0.12448628927957564,17.551218457202644
SS-A01_theta1,56900000.0,6.751203253765933,1.3465301160333216,0.3074955839938426,0.12458279515073988,17.500127697331564
SS-A01_theta1,57200000.0,6.74798012671042,1.3423064263859614,0.30822870628364535,0.12467858642415247,17.449454448776915
SS-A01_theta1,57500000.0,6.744784879007689,1.338117400953591,0.3089593424018785,0.12477367188916619,17.399192964858532
SS-A01_theta1,57800000.0,6.741617125133199,1.3339625821238421,0.3096875140857307,0.12486806017875123,17.3493376108068
SS-A01_theta1,58100000.0,6.738476486864017,1.3298415206034193,0.3104132427748294,0.12496175977323076,17.29988286097132
SS-A01_theta1,58400000.0,6.735362593103665,1.3257537752258028,0.31113654961678744,0.12505477900390355,17.250823296113406
SS-A01_theta1,58700000.0,6.732275079712019,1.3216989127643377,0.3118574554726192,0.1251471260565587,17.202153600779216
SS-A01_theta1,59000000.0,6.729213589340138,1.3176765077505355,0.31257598092203076,0.12523880897488363,17.153868560751132
SS-A01_theta1,59300000.0,6.726177771269816,1.3136861422974095,0.31329214626858615,0.12532983566377398,17.1059630605742
SS-A01_theta1,59600000.0,6.7231672812577195,1.3097274059276882,0.31400597154475446,0.125420213892543,17.058432081155654
SS-A01_theta1,59900000.0,6.720181781383951,1.3057998954067385,0.314717476516839,0.12550995129803985,17.011270697434284
SS-A01_theta1,60200000.0,6.71722093990489,1.3019032145800626,0.31542668068979557,0.12559905538767505,16.96447407611818
SS-A01_theta1,60500000.0,6.71428443111018,1.2980369742152105,0.316133603311939,0.12568753354235926,16.918037473487882
SS-A01_theta1,60800000.0,6.711371935183702,1.2942007918479632,0.31683826337954357,0.1257753930193582,16.871956233262896
SS-A01_theta1,61100000.0,6.7084831380684395,1.2903942916326674,0.3175406796413381,0.1258626409550645,16.826225784529676
SS-A01_theta1,61400000.0,6.705617731335069,1.286617104196576,0.31824087060290207,0.1259492843676925,16.78084163972877
SS-A01_theta1,61700000.0,6.702775412054183,1.2828688664980725,0.31893885453096066,0.1260353301598957,16.73579939269936
SS-A01_theta1,62000000.0,6.6999558826720165,1.2791492216886597,0.3196346494575853,0.1261207851213117,16.691094716779055
SS-A01_theta1,62300000.0,6.6971588508895765,1.275457818978599,0.32032827318430207,0.12620565593103522,16.646723362957566
SS-A01_theta1,62600000.0,6.694384029545036,1.2717943135060716,0.3210197432861064,0.12628994916002353,16.60268115808192
SS-A01_theta1,62900000.0,6.691631136499333,1.2681583662097768,0.32170907711539215,0.12637367127343485,16.558964003112088
SS-A01_theta1,63200000.0,6.688899894524823,1.264549643704838,0.3223962918057935,0.1264568286329027,16.51556787142499
SS-A01_theta1,63500000.0,6.686190031196946,1.2609678181619342,0.323081404275943,0.12653942749874875,16.472488807165572
SS-A01_theta1,63800000.0,6.683501278788752,1.257412567189546,0.32376443123314896,0.12662147403213567,16.42972292364324
SS-A01_theta1,64100000.0,6.680833374168241,1.2538835737192298,0.3244453891769927,0.12670297429716107,16.38726640177249
SS-A01_theta1,64400000.0,6.678186058698416,1.2503805258938192,0.3251242944028475,0.12678393426289714,16.34511548855579
SS-A01_theta1,64700000.0,6.67555907813996,1.246903116958485,0.325801163005325,0.12686435980537375,16.303266495608238
SS-A01_theta1,65000000.0,6.672952182556461,1.2434510451545433,0.32647601088164613,0.12694425670951132,16.26171579772165
SS-A01_theta1,65300000.0,6.6703651262221,1.2400240136159462,0.32714885373494007,0.12702363067100159,16.220459831467632
SS-A01_theta1,65600000.0,6.667797667531747,1.236621730268377,0.3278197070774754,0.12710248729813886,16.17949509383812
SS-A01_theta1,65900000.0,6.665249568913371,1.2332439077308626,0.32848858623382254,0.12718083211360448,16.138818140922183
SS-A01_theta1,66200000.0,6.662720596742689,1.229890263219833,0.3291555063439489,0.12725867055620485,16.098425586617896
SS-A01_theta1,66500000.0,6.6602105212600184,1.2265605184555648,0.32982048236625156,0.1273360079825649,16.058314101378546
SS-A01_theta1,66800000.0,6.657719116489236,1.2232543995709289,0.33048352908052553,0.1274128496687773,16.018480410991728
SS-A01_theta1,67100000.0,6.655246160158791,1.2199716370223768,0.33114466109087126,0.12748920081201134,15.978921295390483
SS-A01_theta1,67400000.0,6.652791433624715,1.2167119655031096,0.33180389282854217,0.12756506653207958,15.939633587495496
SS-A01_theta1,67700000.0,6.650354721795568,1.213475123858356,0.3324612385547345,0.12764045187296602,15.900614172087487
SS-A01_theta1,68000000.0,6.647935813059254,1.2102608550027072,0.333116712363319,0.12771536180431575,15.861859984708616
SS-A01_theta1,68300000.0,6.645534499211675,1.2070689058394466,0.33377032818351937,0.1277898012228875,15.823368010592448
SS-A01_theta1,68600000.0,6.643150575387132,1.2038990271818135,0.334422099782533,0.1278637749539704,15.785135283621075
SS-A01_theta1,68900000.0,6.640783839990464,1.2007509736761615,0.3350720407681035,0.12793728775276603,15.747158885309187
SS-A01_theta1,69200000.0,6.638434094630851,1.1976245037269373,0.3357201645910378,0.1280103443057355,15.709435943813801
SS-A01_theta1,69500000.0,6.636101144057222,1.1945193794234445,0.33636648454767515,0.1280829492319162,15.671963632969069
SS-A01_theta1,69800000.0,6.633784796095265,1.1914353664683393,0.3370110137823063,0.12815510708420366,15.63473917134555
SS-A01_theta1,70100000.0,6.631484861585941,1.188372234107802,0.3376537652895447,0.12822682235060473,15.597759821332943
SS-A01_theta1,70400000.0,6.629201154325491,1.1853297550633535,0.3382947519166517,0.12829809945546,15.561022888245889
SS-A01_theta1,70700000.0,6.6269334910068975,1.1823077054652567,0.33893398636581573,0.12836894276063712,15.524525719451939
SS-A01_theta1,71000000.0,6.6246816911627295,1.179305864787465,0.3395714811963862,0.12843935656669564,15.488265703521161
SS-A01_theta1,71300000.0,6.622445577109368,1.1763240157840786,0.3402072488270651,0.12850934511402493,15.45224026939672
SS-A01_theta1,71600000.0,6.620224973892546,1.1733619444272643,0.3408413015380551,0.12857891258395465,15.41644688558586
SS-A01_theta1,71900000.0,6.618019709234179,1.1704194398466015,0.34147365147316827,0.1286480630998404,15.380883059370705
SS-A01_theta1,72200000.0,6.615829613480461,1.1674962942698088,0.34210431064189023,0.12871680072812286,15.34554633603815
SS-A01_theta1,72500000.0,6.613654519551148,1.1645923029648266,0.3427332909214091,0.12878512947936363,15.310434298128587
SS-A01_theta1,72800000.0,6.611494262890065,1.1617072641832085,0.3433606040586029,0.12885305330925656,15.275544564702711
SS-A01_theta1,73100000.0,6.609348681416732,1.1588409791047927,0.3439862616719911,0.1289205761196163,15.240874790625965
SS-A01_theta1,73400000.0,6.607217615479133,1.1559932517836162,0.3446102752536472,0.12898770175934404,15.206422665870093
SS-A01_theta1,73700000.0,6.605100907807561,1.1531638890950422,0.3452326561710773,0.1290544340253722,15.172185914831399
SS-A01_theta1,74000000.0,6.602998403469534,1.1503527006840644,0.34585341566906225,0.1291207766635868,15.138162295665161
SS-A01_theta1,74300000.0,6.600909949825736,1.147559498914764,0.3464725648714657,0.12918673336972977,15.104349599635821
SS-A01_theta1,74600000.0,6.598835396486967,1.1447840988208773,0.34709011478300766,0.12925230779028113,15.070745650482376
SS-A01_theta1,74900000.0,6.596774595272067,1.1420263180574655,0.34770607629100725,0.129317503523322,15.037348303798801
SS-A01_theta1,75200000.0,6.594727400166801,1.1392859768536354,0.3483204601670915,0.12938232411937675,15.004155446428909
SS-A01_theta1,75500000.0,6.59269366728365,1.1365628979662936,0.3489332770688718,0.12944677308223995,14.971164995875029
SS-A01_theta1,75800000.0,6.5906732548225335,1.1338569066349193,0.3495445375415932,0.12951085386978178,14.938374899720843
SS-A01_theta1,76100000.0,6.58866602303238,1.1311678305373059,0.3501542520197491,0.12957456989473778,14.905783135067134
SS-A01_theta1,76400000.0,6.586671834173578,1.1284954997462675,0.3507624308286711,0.12963792452548223,14.873387707980635
SS-A01_theta1,76700000.0,6.584690552481245,1.1258397466872747,0.3513690841860855,0.12970092108678238,14.841186652955574
SS-A01_theta1,77000000.0,6.582722044129304,1.1232004060969984,0.3519742222036457,0.12976356286053903,14.809178032387319
SS-A01_theta1,77300000.0,6.5807661771953745,1.1205773149827425,0.3525778548884342,0.12982585308650987,14.777359936058074
SS-A01_theta1,77600000.0,6.578822821626403,1.1179703125827374,0.3531799921444393,0.12988779496301803,14.745730480634174
SS-A01_theta1,77900000.0,6.576891849205063,1.115379240327277,0.3537806437740048,0.12994939164764527,14.714287809174674
SS-A01_theta1,78200000.0,6.574973133516883,1.112803941800676,0.354379819479254,0.13001064625791123,14.683030090650929
SS-A01_theta1,78500000.0,6.573066549918079,1.1102442627040312,0.3549775288634891,0.13007156187193764,14.651955519477019
SS-A01_theta1,78800000.0,6.571171975504093,1.1077000508187569,0.3555737814325642,0.13013214152909947,14.621062315050398
SS-A01_theta1,79100000.0,6.569289289078797,1.1051711559708886,0.3561685865962361,0.13019238823066195,14.590348721302938
SS-A01_theta1,79400000.0,6.567418371124364,1.1026574299961271,0.3567619536694908,0.13025230494040485,14.55981300626171
SS-A01_theta1,79700000.0,6.56555910377178,1.1001587267056094,0.35735389187384664,0.13031189458523407,14.52945346161952
SS-A01_theta1,80000000.0,6.563711370771979,1.0976749018523793,0.35794441033863345,0.1303711600557798,14.499268402314724
SS-A01_theta1,80300000.0,6.561875057467601,1.0952058130985616,0.35853351810225303,0.13043010420698353,14.46925616612037
SS-A01_theta1,80600000.0,6.560050050765326,1.0927513199831957,0.3591212241134146,0.1304887298586733,14.439415113242026
SS-A01_theta1,80900000.0,6.5582362391088145,1.0903112838907365,0.3597075372323503,0.13054703979612559,14.409743625924554
SS-A01_theta1,81200000.0,6.55643351245219,1.0878855680201907,0.3602924662320098,0.1306050367706185,14.38024010806713
SS-A01_theta1,81500000.0,6.5546417622341,1.085474037354882,0.3608760197992342,0.1306627234999713,14.350902984846664
SS-A01_theta1,81800000.0,6.552860881352288,1.0830765586328255,0.36145820653591065,0.13072010266907566,14.321730702349184
SS-A01_theta1,82100000.0,6.5510907641387215,1.0806930003177024,0.36203903496010653,0.13077717693041402,14.292721727209141
SS-A01_theta1,82400000.0,6.549331306335208,1.0783232325704133,0.3626185135071856,0.13083394890456967,14.263874546256254
SS-A01_theta1,82700000.0,6.547582405069538,1.0759671272212006,0.36319665053090344,0.13089042118072544,14.235187666169912
SS-A01_theta1,83000000.0,6.545843958832084,1.0736245577423287,0.36377345430448693,0.13094659631715375,14.206659613140769
SS-A01_theta1,83300000.0,6.544115867452912,1.071295399221306,0.3643489330216938,0.13100247684169578,14.178288932539502
SS-A01_theta1,83600000.0,6.542398032079338,1.068979528334635,0.3649230947978557,0.13105806525223274,14.150074188592397
SS-A01_theta1,83900000.0,6.540690355153936,1.0666768233220802,0.3654959476709028,0.13111336401714738,14.122013964063726
SS-A01_theta1,84200000.0,6.538992740393017,1.0643871639614444,0.3660674996023729,0.1311683755757759,14.094106859944727
SS-A01_theta1,84500000.0,6.537305092765499,1.0621104315438343,0.3666377584784028,0.13122310233885304,14.06635149514893
SS-A01_theta1,84800000.0,6.5356273184722475,1.0598465088494136,0.36720673211070387,0.13127754668894645,14.038746506213833
SS-A01_theta1,85100000.0,6.533959324925786,1.0575952801236201,0.3677744282375208,0.13133171098088497,14.011290547008532
SS-A01_theta1,85400000.0,6.532301020730445,1.055356631053856,0.36834085452457727,0.1313855975421769,13.983982288447585
SS-A01_theta1,85700000.0,6.530652315662884,1.053130448746612,0.3689060185660022,0.13143920867342182,13.956820418210336
SS-A01_theta1,86000000.0,6.529013120653005,1.050916621705044,0.36946992788524435,0.13149254664871382,13.92980364046622
SS-A01_theta1,86300000.0,6.527383347765243,1.0487150398069789,0.3700325899359718,0.1315456137160375,13.902930675605507
SS-A01_theta1,86600000.0,6.525762910180222,1.0465255942833303,0.3705940121029545,0.13159841209765694,13.876200259975302
SS-A01_theta1,86900000.0,6.524151722176776,1.044348177696937,0.3711542017029352,0.13165094399049657,13.84961114562112
SS-A01_theta1,87200000.0,6.5225496991143075,1.0421826839217994,0.37171316598548626,0.13170321156651585,13.823162100033379
SS-A01_theta1,87500000.0,6.5209567574155045,1.040029008122704,0.37227091213385083,0.13175521697307685,13.796851905899006
SS-A01_theta1,87800000.0,6.519372814549383,1.0378870467352397,0.37282744726577344,0.13180696233330458,13.770679360858011
SS-A01_theta1,88100000.0,6.517797789014656,1.0357566974461823,0.37338277843431483,0.13185844974644156,13.744643277264746
SS-A01_theta1,88400000.0,6.516231600323428,1.0336378591742519,0.373936912628656,0.13190968128819563,13.718742481953948
SS-A01_theta1,88700000.0,6.514674168985201,1.0315304320512255,0.3744898567748885,0.13196065901108056,13.69297581601135
SS-A01_theta1,89000000.0,6.513125416491178,1.0294343174034055,0.37504161773679306,0.1320113849447526,13.66734213454874
SS-A01_theta1,89300000.0,6.511585265298881,1.0273494177334226,0.3755922023166037,0.1320618610963384,13.641840306483335
SS-A01_theta1,89600000.0,6.510053638817046,1.0252756367023894,0.37614161725576517,0.13211208945075933,13.616469214321617
SS-A01_theta1,89900000.0,6.508530461390809,1.0232128791123665,0.37668986923567244,0.13216207197104876,13.591227753947043
SS-A01_theta1,90200000.0,6.507015658287172,1.0211610508891644,0.37723696487840375,0.1322118105986641,13.566114834412131
SS-A01_theta1,90500000.0,6.505509155680754,1.01912005906545,0.37778291074743836,0.13226130725379245,13.54112937773437
SS-A01_theta1,90800000.0,6.504010880639775,1.0170898117641674,0.378327713348367,0.1323105638356532,13.516270318696
SS-A01_theta1,91100000.0,6.502520761112344,1.0150702181822575,0.3788713791295891,0.1323595822227921,13.491536604647731
SS-A01_theta1,91400000.0,6.501038725912969,1.0130611885746696,0.37941391448299866,0.13240836427337305,13.466927195315948
SS-A01_theta1,91700000.0,6.499564704709338,1.0110626342386722,0.37995532574466345,0.1324569118254627,13.44244106261395
SS-A01_theta1,92000000.0,6.49809862800933,1.009074467498433,0.3804956191954897,0.1325052266973119,13.418077190456266
SS-A01_theta1,92300000.0,6.496640427148272,1.0070966016898824,0.3810348010618786,0.13255331068763052,13.39383457457676
SS-A01_theta1,92600000.0,6.495190034276438,1.0051289511458503,0.38157287751637364,0.1326011655758589,13.369712222350103
SS-A01_theta1,92900000.0,6.493747382346759,1.003171431181461,0.38210985467829656,0.13264879312243388,13.34570915261645
SS-A01_theta1,93200000.0,6.492312405102767,1.0012239580797933,0.38264573861437495,0.1326961950690507,13.321824395509449
SS-A01_theta1,93500000.0,6.490885037066769,0.999286449077794,0.38318053533936103,0.1327433731389202,13.298056992287451
SS-A01_theta1,93800000.0,6.4894652135282085,0.9973588223524342,0.38371425081663824,0.13279032903702148,13.27440599516773
SS-A01_theta1,94100000.0,6.4880528705322655,0.99544099700712,0.38424689095882353,0.13283706445035104,13.250870467163853
SS-A01_theta1,94400000.0,6.4866479448686425,0.9935328930583317,0.38477846162835644,0.13288358104816642,13.227449481925984
SS-A01_theta1,94700000.0,6.485250374060565,0.9916344314225016,0.3853089686380818,0.1329298804822272,13.204142123584038
SS-A01_theta1,95000000.0,6.483860096353967,0.9897455339031194,0.38583841775182287,0.13297596438703096,13.180947486593755
SS-A01_theta1,95300000.0,6.482477050706877,0.9878661231780645,0.3863668146849477,0.13302183438004547,13.157864675585609
SS-A01_theta1,95600000.0,6.481101176778995,0.9859961227871541,0.38689416510492497,0.13306749206193733,13.134892805216284
SS-A01_theta1,95900000.0,6.479732414921443,0.984135457119907,0.38742047463187346,0.13311293901679674,13.112031000022936
SS-A01_theta1,96200000.0,6.478370706166713,0.9822840514035196,0.3879457488391021,0.13315817681235823,13.089278394280054
SS-A01_theta1,96500000.0,6.477015992218775,0.9804418316910504,0.3884699932536441,0.13320320700021798,13.066634131858873
SS-A01_theta1,96800000.0,6.475668215443371,0.9786087248498003,0.3889932133567816,0.1332480311160478,13.044097366089217
SS-A01_theta1,97100000.0,6.474327318858477,0.9767846585498993,0.38951541458456423,0.13329265067980514,13.021667259623928
SS-A01_theta1,97400000.0,6.472993246124927,0.9749695612530807,0.39003660232831844,0.13333706719594,12.999342984305564
SS-A01_theta1,97700000.0,6.471665941537196,0.9731633622016482,0.39055678193515114,0.1333812821535986,12.977123721035467
SS-A01_theta1,98000000.0,6.470345350014364,0.9713659914076331,0.39107595870844664,0.13342529702682313,12.955008659645245
SS-A01_theta1,98300000.0,6.469031417091212,0.9695773796421278,0.39159413790835357,0.13346911327474897,12.932996998770335
SS-A01_theta1,98600000.0,6.467724088909484,0.9677974584248027,0.3921113247522685,0.13351273234179842,12.911087945725868
SS-A01_theta1,98900000.0,6.466423312209292,0.9660261600135994,0.3926275244153105,0.13355615565787138,12.88928071638469
SS-A01_theta1,99200000.0,6.465129034320683,0.9642634173945939,0.39314274203078975,0.133599384638533,12.867574535057457
SS-A01_theta1,99500000.0,6.463841203155333,0.9625091642720293,0.3936569826906695,0.13364242068519802,12.845968634374827
SS-A01_theta1,99800000.0,6.462559767198388,0.9607633350585136,0.39417025144602075,0.133685265185313,12.824462255171648
SS-A01_theta1,100100000.0,6.461284675500452,0.9590258648653843,0.39468255330747315,0.1337279195125348,12.803054646373203
SS-A01_theta1,100400000.0,6.4600158776697,0.9572966894932243,0.3951938932456561,0.1337703850269061,12.781745064883342
SS-A01_theta1,100700000.0,6.458753323864128,0.9555757454225409,0.3957042761916366,0.1338126630750299,12.760532775474468
SS-A01_theta1,101000000.0,6.457496964783932,0.9538629698045931,0.3962137070373491,0.1338547549902388,12.73941705067953
SS-A01_theta1,101300000.0,6.456246751664021,0.9521583004523729,0.3967221906360209,0.13389666209276363,12.718397170685716
SS-A01_theta1,101600000.0,6.455002636266645,0.9504616758317302,0.3972297318025905,0.13393838568989827,12.697472423230018
SS-A01_theta1,101900000.0,6.453764570874162,0.9487730350526467,0.39773633531412167,0.13397992707616233,12.676642103496532
SS-A01_theta1,102200000.0,6.452532508281902,0.9470923178606453,0.39824200591021014,0.13402128753346154,12.655905514015453
SS-A01_theta1,102500000.0,6.45130640179117,0.9454194646283436,0.3987467482933857,0.1340624683312457,12.635261964563748
SS-A01_theta1,102800000.0,6.450086205202357,0.9437544163471424,0.39925056712950907,0.13410347072666293,12.6147107720676
SS-A01_theta1,103100000.0,6.448871872808164,0.942097114619046,0.39975346704816284,0.13414429596471364,12.594251260506299
SS-A01_theta1,103400000.0,6.447663359386939,0.9404475016486155,0.40025545264303697,0.1341849452784006,12.57388276081785
SS-A01_theta1,103700000.0,6.44646062019612,0.9388055202350529,0.40075652847231075,0.1342254198888771,12.553604610806124
SS-A01_theta1,104000000.0,6.44526361096579,0.9371711137644039,0.40125669905902606,0.13426572100559284,12.533416155049428
SS-A01_theta1,104300000.0,6.444072287892334,0.9355442262018944,0.4017559688914602,0.13430584982643856,12.513316744810716
SS-A01_theta1,104600000.0,6.442886607632204,0.9339248020843831,0.40225434242349006,0.1343458075378863,12.493305737949246
SS-A01_theta1,104900000.0,6.44170652729577,0.9323127865129326,0.4027518240749539,0.13438559531513036,12.473382498833516
SS-A01_theta1,105200000.0,6.440532004441292,0.9307081251455012,0.40324841823200597,0.1344252143222235,12.453546398255845
SS-A01_theta1,105500000.0,6.439362997068979,0.9291107641897461,0.4037441292474684,0.1344646657122126,12.43379681334819
SS-A01_theta1,105800000.0,6.438199463615134,0.9275206503959447,0.4042389614411784,0.1345039506272725,12.41413312749935
SS-A01_theta1,106100000.0,6.437041362946404,0.9259377310500168,0.4047329191003285,0.13454307019883682,12.394554730273475
SS-A01_theta1,106400000.0,6.435888654354133,0.9243619539666702,0.4052260064798066,0.1345820255477271,12.37506101733005
SS-A01_theta1,106700000.0,6.4347412975487694,0.9227932674826366,0.4057182278025262,0.13462081778428112,12.35565139034484
SS-A01_theta1,107000000.0,6.4335992526544015,0.9212316204500263,0.40620958725975764,0.13465944800847765,12.33632525693244
SS-A01_theta1,107300000.0,6.432462480203357,0.9196769622297768,0.4067000890114508,0.1346979173100605,12.317082030569816
SS-A01_theta1,107600000.0,6.431330941130895,0.9181292426852048,0.4071897371865557,0.13473622676866082,12.297921130521116
SS-A01_theta1,107900000.0,6.4302045967699755,0.916588412175663,0.4076785358833405,0.13477437745391666,12.278841981763804
SS-A01_theta1,108200000.0,6.429083408846119,0.9150544215502817,0.4081664891696999,0.13481237042559177,12.259844014915693
SS-A01_theta1,108500000.0,6.427967339472346,0.9135272221418208,0.4086536010834669,0.1348502067336919,12.240926666163425
SS-A01_theta1,108800000.0,6.426856351144189,0.9120067657606032,0.40913987563271387,0.13488788741858015,12.222089377191804
SS-A01_theta1,109100000.0,6.425750406734783,0.910493004688549,0.40962531679605463,0.13492541351109014,12.203331595114406
SS-A01_theta1,109400000.0,6.4246494694900464,0.908985891673296,0.41010992852294015,0.13496278603263773,12.184652772405206
SS-A01_theta1,109700000.0,6.4235535030239115,0.9074853799224079,0.41059371473394995,0.13500000599533127,12.16605236683122
SS-A01_theta1,110000000.0,6.422462471313658,0.9059914230976764,0.41107667932108316,0.1350370744020793,12.147529841386357
SS-A01_theta1,110300000.0,6.421376338695285,0.9045039753095026,0.41155882614804234,0.13507399224669903,12.129084664226045
SS-A01_theta1,110600000.0,6.420295069858992,0.9030229911113633,0.4120401590505144,0.13511076051402024,12.110716308603044
SS-A01_theta1,110900000.0,6.419218629844694,0.9015484254943636,0.41252068183644974,0.13514738017999003,12.0924242528042
SS-A01_theta1,111200000.0,6.418146984037629,0.9000802338818706,0.41300039828633694,0.13518385221177515,12.074207980088163
SS-A01_theta1,111500000.0,6.417080098164024,0.8986183721242215,0.4134793121534724,0.13522017756786292,12.056066978624
SS-A01_theta1,111800000.0,6.41601793828682,0.8971627964935169,0.4139574271642296,0.13525635719816104,12.038000741430816
SS-A01_theta1,112100000.0,6.414960470801476,0.8957134636784886,0.41443474701832256,0.13529239204409543,12.020008766318286
SS-A01_theta1,112400000.0,6.4139076624318285,0.8942703307794411,0.41491127538906664,0.13532828303870734,12.002090555828001
SS-A01_theta1,112700000.0,6.412859480226013,0.8928333553032723,0.41538701592363747,0.13536403110674877,11.984245617175823
SS-A01_theta1,113000000.0,6.411815891552448,0.891402495158562,0.4158619722433244,0.13539963716477643,11.966473462194969
SS-A01_theta1,113300000.0,6.410776864095876,0.8899777086507378,0.41633614794378276,0.13543510212124482,11.948773607280085
SS-A01_theta1,113600000.0,6.409742365853478,0.8885589544773066,0.4168095465952817,0.1354704268765975,11.93114557333205
SS-A01_theta1,113900000.0,6.40871236513102,0.887146191723159,0.4172821717429496,0.13550561232335764,11.913588885703618
SS-A01_theta1,114200000.0,6.407686830539087,0.8857393798559428,0.41775402690701763,0.13554065934621684,11.896103074145971
SS-A01_theta1,114500000.0,6.406665730989347,0.8843384787214974,0.4182251155830566,0.13557556882212285,11.878687672755893
SS-A01_theta1,114800000.0,6.405649035690889,0.8829434485393637,0.41869544124221625,0.13561034162036661,11.861342219923863
SS-A01_theta1,115100000.0,6.404636714146596,0.8815542498983495,0.4191650073314563,0.13564497860266728,11.844066258282819
SS-A01_theta1,115400000.0,6.4036287361496,0.8801708437521666,0.4196338172737795,0.13567948062325658,11.82685933465778
SS-A01_theta1,115700000.0,6.402625071779758,0.8787931914151226,0.42010187446845726,0.13571384852896173,11.809721000016065
SS-A01_theta1,116000000.0,6.401625691400195,0.8774212545578839,0.42056918229125734,0.13574808315928805,11.792650809418387
SS-A01_theta1,116300000.0,6.4006305656539055,0.8760549952032891,0.4210357440946637,0.13578218534649858,11.775648321970538
SS-A01_theta1,116600000.0,6.399639665460382,0.874694375722231,0.4215015632080995,0.1358161559156958,11.758713100775843
SS-A01_theta1,116900000.0,6.398652962012318,0.8733393588295895,0.42196664293814073,0.135849995684898,11.741844712888284
SS-A01_theta1,117200000.0,6.397670426772334,0.8719899075802284,0.42243098656873374,0.13588370546511885,11.725042729266294
SS-A01_theta1,117500000.0,6.396692031469777,0.8706459853650457,0.4228945973614062,0.13591728606044315,11.70830672472723
SS-A01_theta1,117800000.0,6.39571774809754,0.8693075559070772,0.4233574785554757,0.13595073826810222,11.691636277902473
SS-A01_theta1,118100000.0,6.394747548908947,0.8679745832576639,0.4238196333682594,0.13598406287854922,11.675030971193245
SS-A01_theta1,118400000.0,6.393781406414678,0.8666470317926585,0.4242810649952749,0.13601726067553166,11.658490390726909
SS-A01_theta1,118700000.0,6.392819293379721,0.8653248662087014,0.42474177661044626,0.13605033243616538,11.642014126314061
SS-A01_theta1,119000000.0,6.391861182820403,0.8640080515195365,0.42520177136630144,0.13608327893100475,11.625601771406135
SS-A01_theta1,119300000.0,6.390907048001424,0.8626965530523831,0.4256610523941703,0.13611610092411475,11.60925292305359
SS-A01_theta1,119600000.0,6.389956862432964,0.86139033644436,0.42611962280438026,0.13614879917313935,11.592967181864797
SS-A01_theta1,119900000.0,6.38901059986781,0.8600893676389527,0.42657748568644865,0.1361813744293715,11.576744151965354
SS-A01_theta1,120200000.0,6.388068234298543,0.8587936128825389,0.4270346441092737,0.13621382743782054,11.560583440958103
SS-A01_theta1,120500000.0,6.3871297399547355,0.8575030387209504,0.42749110112132227,0.13624615893727932,11.544484659883626
SS-A01_theta1,120800000.0,6.3861950913002286,0.856217611996096,0.42794685975081787,0.1362783696603905,11.528447423181358
SS-A01_theta1,121100000.0,6.385264263030406,0.8549372998426155,0.42840192300592234,0.13631046033371186,11.512471348651143
SS-A01_theta1,121400000.0,6.384337230069543,0.8536620696845939,0.4288562938749198,0.13634243167778073,11.496556057415455
SS-A01_theta1,121700000.0,6.383413967568161,0.8523918892323082,0.42930997532639514,0.1363742844071775,11.48070117388202
SS-A01_theta1,122000000.0,6.382494450900441,0.8511267264790303,0.4297629703094133,0.13640601923058862,11.464906325707073
SS-A01_theta1,122300000.0,6.381578655661664,0.849866549697861,0.43021528175369383,0.13643763685086904,11.44917114375895
SS-A01_theta1,122600000.0,6.380666557665683,0.8486113274386176,0.4306669125697851,0.1364691379651023,11.433495262082413
SS-A01_theta1,122900000.0,6.3797581329424435,0.8473610285247564,0.43111786564923577,0.13650052326466217,11.41787831786324
SS-A01_theta1,123200000.0,6.378853357735525,0.8461156220503425,0.431568143864766,0.1365317934352715,11.40231995139347
SS-A01_theta1,123500000.0,6.377952208499717,0.8448750773770536,0.4320177500704332,0.1365629491570616,11.386819806036986
SS-A01_theta1,123800000.0,6.3770546618986375,0.8436393641312304,0.4324666871018001,0.13659399110463047,11.371377528195659
SS-A01_theta1,124100000.0,6.37616069480238,0.842408452200962,0.432914957776097,0.1366249199470994,11.355992767275938
SS-A01_theta1,124400000.0,6.37527028428519,0.8411823117332163,0.4333625648923865,0.13665573634817058,11.340665175655877
SS-A01_theta1,124700000.0,6.374383407623172,0.8399609131309977,0.43380951123172123,0.13668644096618268,11.325394408652555
SS-A01_theta1,125000000.0,6.37350004229203,0.8387442270505556,0.434255799557305,0.1367170344541663,11.310180124490046
SS-A01_theta1,125300000.0,6.372620165964847,0.8375322243986205,0.4347014326146481,0.13674751745989844,11.295021984267722
SS-A01_theta1,125600000.0,6.371743756509877,0.83632487632968,0.4351464131317226,0.13677789062595577,11.279919651929054
SS-A01_theta1,125900000.0,6.370870791988384,0.835122154243292,0.435590743819117,0.13680815458976942,11.264872794230739
SS-A01_theta1,126200000.0,6.370001250652493,0.8339240297814309,0.4360344273701866,0.13683830998367588,11.249881080712345
SS-A01_theta1,126500000.0,6.369135110943092,0.8327304748258715,0.4364774664612049,0.13686835743496986,11.234944183666295
SS-A01_theta1,126800000.0,6.368272351487738,0.8315414614956023,0.4369198637515102,0.13689829756595523,11.220061778108224
SS-A01_theta1,127100000.0,6.367412951098612,0.830356962144278,0.43736162188365385,0.13692813099399548,11.205233541747816
SS-A01_theta1,127400000.0,6.366556888770482,0.8291769493577034,0.43780274348354536,0.13695785833156435,11.190459154959953
SS-A01_theta1,127700000.0,6.365704143678713,0.8280013959513488,0.4382432311605953,0.13698748018629436,11.175738300756267
SS-A01_theta1,128000000.0,6.364854695177285,0.826830274967898,0.4386830875078572,0.13701699716102622,11.16107066475704
SS-A01_theta1,128300000.0,6.3640085227968495,0.8256635596748301,0.4391223151021689,0.13704640985385688,11.146455935163534
SS-A01_theta1,128600000.0,6.363165606242808,0.8245012235620299,0.43956091650429086,0.13707571885818662,11.131893802730637
SS-A01_theta1,128900000.0,6.362325925393416,0.8233432403394327,0.4399988942590439,0.13710492476276692,11.11738396073986
SS-A01_theta1,129200000.0,6.361489460297908,0.822189583934693,0.44043625089544436,0.13713402815174594,11.102926104972687
SS-A01_theta1,129500000.0,6.360656191174653,0.8210402284908898,0.4408729889268391,0.13716302960471535,11.088519933684283
SS-A01_theta1,129800000.0,6.359826098409335,0.8198951483642605,0.4413091108510393,0.13719192969675476,11.074165147577586
SS-A01_theta1,130100000.0,6.358999162553146,0.8187543181219581,0.4417446191504505,0.1372207289984771,11.059861449777626
SS-A01_theta1,130400000.0,6.358175364321021,0.8176177125398439,0.4421795162922039,0.1372494280760722,11.045608545806276
SS-A01_theta1,130700000.0,6.3573546845898745,0.8164853066003025,0.44261380472828404,0.13727802749135146,11.031406143557229
SS-A01_theta1,131000000.0,6.356537104396883,0.8153570754900912,0.44304748689565787,0.13730652780178987,11.017253953271442
SS-A01_theta1,131300000.0,6.355722604937765,0.8142329945982086,0.4434805652163986,0.1373349295605695,11.003151687512712
SS-A01_theta1,131600000.0,6.354911167565105,0.8131130395137983,0.44391304209781324,0.1373632333166212,10.989099061143744
SS-A01_theta1,131900000.0,6.354102773786687,0.8119971860240707,0.4443449199325624,0.13739143961466657,10.975095791302316
SS-A01_theta1,132200000.0,6.353297405263854,0.8108854101122591,0.44477620109878524,0.13741954899525838,10.961141597377996
SS-A01_theta1,132500000.0,6.35249504380988,0.8097776879555966,0.44520688796021957,0.13744756199482236,10.94723620098894
SS-A01_theta1,132800000.0,6.3516956713883825,0.8086739959233171,0.4456369828663199,0.13747547914569608,10.93337932595906
SS-A01_theta1,133100000.0,6.350899270111731,0.8075743105746884,0.44606648815237854,0.13750330097616953,10.919570698295566
SS-A01_theta1,133400000.0,6.350105822239492,0.8064786086570596,0.44649540613963906,0.1375310280105241,10.905810046166586
SS-A01_theta1,133700000.0,6.3493153101768876,0.8053868671039413,0.44692373913541455,0.13755866076907122,10.892097099879278
SS-A01_theta1,134000000.0,6.3485277164732805,0.804299063033107,0.4473514894332022,0.1375861997681908,10.878431591858098
SS-A01_theta1,134300000.0,6.347743023820666,0.8032151737447155,0.44777865931279476,0.13761364552036853,10.864813256623389
SS-A01_theta1,134600000.0,6.346961215052191,0.8021351767194601,0.4482052510403947,0.13764099853423434,10.851241830770144
SS-A01_theta1,134900000.0,6.346182273140693,0.8010590496167382,0.4486312668687243,0.13766825931459878,10.83771705294716
SS-A01_theta1,135200000.0,6.345406181197255,0.799986770272846,0.449056709037136,0.13769542836248896,10.824238663836425
SS-A01_theta1,135500000.0,6.344632922469778,0.7989183166991903,0.4494815797717199,0.13772250617518567,10.81080640613263
SS-A01_theta1,135800000.0,6.34386248034157,0.7978536670805301,0.44990588128541337,0.13774949324625846,10.797420024523108
SS-A01_theta1,136100000.0,6.343094838329954,0.7967927997732309,0.45032961577810576,0.1377763900656013,10.784079265667907
SS-A01_theta1,136400000.0,6.3423299800849,0.7957356933035483,0.45075278543674513,0.13780319711946704,10.770783878180156
SS-A01_theta1,136700000.0,6.341567889387658,0.7946823263659255,0.45117539243544136,0.1378299148905022,10.757533612606636
SS-A01_theta1,137000000.0,6.340808550149429,0.793632677821318,0.45159743893557086,0.13785654385778084,10.744328221408654
SS-A01_theta1,137300000.0,6.340051946410033,0.7925867266955328,0.4520189270858776,0.13788308449683828,10.73116745894305
SS-A01_theta1,137600000.0,6.339298062336603,0.7915444521775905,0.45243985902257433,0.13790953727970448,10.718051081443512
SS-A01_theta1,137900000.0,6.338546882222295,0.7905058336181086,0.45286023686944327,0.13793590267493686,10.704978847002106
SS-A01_theta1,138200000.0,6.337798390485015,0.7894708505277015,0.45328006273793536,0.13796218114765282,10.69195051555101
SS-A01_theta1,138500000.0,6.337052571666157,0.7884394825754016,0.45369933872726836,0.13798837315956203,10.678965848844493
SS-A01_theta1,138800000.0,6.336309410429354,0.787411709587096,0.4541180669245224,0.13801447916899806,10.666024610441038
SS-A01_theta1,139100000.0,6.335568891559259,0.786387511543989,0.4545362494047392,0.13804049963094983,10.653126565685819
SS-A01_theta1,139400000.0,6.334830999960321,0.785366868581073,0.4549538882310137,0.13806643499709295,10.640271481693219
SS-A01_theta1,139700000.0,6.3340957206555935,0.784349760985628,0.45537098545459187,0.13809228571582025,10.627459127329715
SS-A01_theta1,140000000.0,6.333363038785546,0.7833361691957306,0.4557875431149609,0.13811805223227178,10.614689273196865
SS-A01_theta1,140300000.0,6.332632939606891,0.7823260737987862,0.4562035632399436,0.1381437349883656,10.601961691614516
SS-A01_theta1,140600000.0,6.331905408491434,0.7813194555300744,0.45661904784578894,0.13816933442282706,10.589276156604248
SS-A01_theta1,140900000.0,6.331180430924927,0.7803162952713156,0.45703399893726304,0.1381948509712181,10.576632443872974
SS-A01_theta1,141200000.0,6.33045799250594,0.7793165740492521,0.45744841850773865,0.13822028506596643,10.564030330796758
SS-A01_theta1,141500000.0,6.329738078944743,0.7783202730342437,0.45786230853928295,0.13824563713639457,10.551469596404768
SS-A01_theta1,141800000.0,6.329020676062218,0.7773273735388869,0.4582756710027472,0.13827090760874733,10.538950021363567
SS-A01_theta1,142100000.0,6.32830576978875,0.7763378570166427,0.4586885078578529,0.13829609690622074,10.526471387961394
SS-A01_theta1,142400000.0,6.327593346163169,0.7753517050604842,0.4591008210532776,0.13832120544898985,10.514033480092731
SS-A01_theta1,142700000.0,6.326883391331676,0.7743688994015587,0.45951261252674,0.13834623365423523,10.501636083243108
SS-A01_theta1,143000000.0,6.326175891546799,0.7733894219078677,0.459923884205086,0.13837118193617146,10.489278984473918
SS-A01_theta1,143300000.0,6.325470833166354,0.7724132545829594,0.46033463800437086,0.138396050706073,10.4769619724076
SS-A01_theta1,143600000.0,6.32476820265242,0.7714403795646357,0.4607448758299413,0.13842084037230082,10.46468483721284
SS-A01_theta1,143900000.0,6.324067986570322,0.7704707791236809,0.46115459957652066,0.13844555134032946,10.452447370590052
SS-A01_theta1,144200000.0,6.323370171587636,0.7695044356625939,0.4615638111282866,0.138470184012772,10.440249365756927
SS-A01_theta1,144500000.0,6.322674744473195,0.7685413317143458,0.4619725123589535,0.13849473878940657,10.42809061743425
SS-A01_theta1,144800000.0,6.32198169209611,0.7675814499411451,0.4623807051318519,0.13851921606720138,10.415970921831807
SS-A01_theta1,145100000.0,6.321291001424811,0.7666247731332209,0.4627883913000072,0.13854361624033956,10.403890076634507
SS-A01_theta1,145400000.0,6.320602659526083,0.7656712842076149,0.463195572706217,0.13856793970024478,10.391847880988584
SS-A01_theta1,145700000.0,6.319916653564124,0.7647209662069943,0.46360225118313014,0.13859218683560537,10.379844135488057
SS-A01_theta1,146000000.0,6.319232970799619,0.7637738022984734,0.4640084285533221,0.1386163580323986,10.36787864216128
SS-A01_theta1,146300000.0,6.318551598588808,0.7628297757724484,0.4644141066293711,0.13864045367391498,10.355951204457654
SS-A01_theta1,146600000.0,6.3178725243825795,0.7618888700414472,0.4648192872139333,0.1386644741407821,10.344061627234481
SS-A01_theta1,146900000.0,6.317195735725573,0.760951068638995,0.4652239720998179,0.13868841981098765,10.332209716744051
SS-A01_theta1,147200000.0,6.316521220255278,0.7600163552184843,0.4656281630700599,0.13871229105990343,10.320395280620714
SS-A01_theta1,147500000.0,6.315848965701164,0.7590847135520667,0.4660318618979935,0.13873608826030825,10.30861812786824
SS-A01_theta1,147800000.0,6.315178959883807,0.7581561275295524,0.466435070347325,0.13875981178241018,10.296878068847283
SS-A01_theta1,148100000.0,6.314511190714026,0.757230581157323,0.466837790172204,0.13878346199386973,10.28517491526295
SS-A01_theta1,148400000.0,6.313845646192037,0.7563080585572561,0.46724002311729385,0.13880703925982163,10.27350848015255
SS-A01_theta1,148700000.0,6.31318231440661,0.7553885439656627,0.4676417709178428,0.13883054394289784,10.261878577873427
SS-A01_theta1,149000000.0,6.31252118353424,0.7544720217322376,0.46804303529975405,0.13885397640324837,10.250285024091026
SS-A01_theta1,149300000.0,6.3118622418383215,0.7535584763190181,0.46844381797965345,0.1388773369985632,10.238727635766995
SS-A01_theta1,149600000.0,6.311205477668341,0.7526478922993566,0.4688441206649584,0.138900626084094,10.227206231147443
SS-A01_theta1,149900000.0,6.310550879459069,0.7517402543569058,0.4692439450539464,0.13892384401267505,10.215720629751395
SS-A01_theta1,150200000.0,6.309898435729772,0.7508355472846117,0.4696432928358206,0.13894699113474396,10.204270652359252
SS-A01_theta1,150500000.0,6.309248135083425,0.7499337559837224,0.4700421656907785,0.13897006779836285,10.192856121001524
SS-A01_theta1,150800000.0,6.308599966205928,0.7490348654628018,0.47044056529007505,0.13899307434923863,10.181476858947528
SS-A01_theta1,151100000.0,6.30795391786535,0.7481388608367595,0.4708384932960896,0.13901601113074302,10.17013269069436
SS-A01_theta1,151400000.0,6.307309978911167,0.7472457273258891,0.4712359513623903,0.13903887848393284,10.158823441955903
SS-A01_theta1,151700000.0,6.306668138273507,0.7463554502549185,0.4716329411337985,0.13906167674757053,10.147548939651939
SS-A01_theta1,152000000.0,6.30602838496241,0.7454680150520672,0.4720294642464511,0.1390844062581424,10.13630901189749
SS-A01_theta1,152300000.0,6.305390708067097,0.7445834072481178,0.47242552232786444,0.13910706734987924,10.125103487992114
SS-A01_theta1,152600000.0,6.304755096755244,0.7437016124754956,0.4728211169969962,0.13912966035477506,10.113932198409486
SS-A01_theta1,152900000.0,6.304121540272259,0.7428226164673578,0.47321624986430627,0.13915218560260628,10.10279497478692
SS-A01_theta1,153200000.0,6.303490027940584,0.7419464050566963,0.4736109225318204,0.1391746434209509,10.091691649915187
SS-A01_theta1,153500000.0,6.302860549158979,0.7410729641754431,0.4740051365931876,0.13919703413520618,10.080622057728299
SS-A01_theta1,153800000.0,6.302233093401841,0.7402022798535939,0.4743988936337428,0.13921935806860827,10.06958603329346
SS-A01_theta1,154100000.0,6.301607650218508,0.7393343382183332,0.47479219523056426,0.1392416155422497,10.058583412801115
SS-A01_theta1,154400000.0,6.300984209232586,0.738469125493176,0.4751850429525345,0.13926380687509787,10.047614033555153
SS-A01_theta1,154700000.0,6.300362760141277,0.7376066279971126,0.4755774383603971,0.13928593238401277,10.036677733963117
SS-A01_theta1,155000000.0,6.299743292714716,0.7367468321437678,0.4759693830068157,0.13930799238376468,10.025774353526616
SS-A01_theta1,155300000.0,6.299125796795308,0.7358897244405634,0.4763608784364301,0.13932998718705192,10.014903732831776
SS-A01_theta1,155600000.0,6.298510262297087,0.7350352914878971,0.47675192618591505,0.13935191710451778,10.004065713539848
SS-A01_theta1,155900000.0,6.297896679205069,0.734183519978323,0.47714252778403515,0.1393737824447684,9.993260138377847
SS-A01_theta1,156200000.0,6.297285037574618,0.7333343966957433,0.4775326847517002,0.139395583514389,9.98248685112933
SS-A01_theta1,156500000.0,6.296675327530817,0.732487908514612,0.4779223986020221,0.1394173206179612,9.971745696625314
SS-A01_theta1,156800000.0,6.296067539267847,0.7316440423991422,0.4783116708403689,0.13943899405807958,9.961036520735195
SS-A01_theta1,157100000.0,6.295461663048371,0.7308027854025247,0.47870050296441924,0.139460604135368,9.950359170357853
SS-A01_theta1,157400000.0,6.294857689202927,0.7299641246661526,0.47908889646421554,0.1394821511484965,9.93971349341276
SS-A01_theta1,157700000.0,6.294255608129322,0.7291280474188566,0.4794768528222183,0.1395036353941967,9.92909933883128
SS-A01_theta1,158000000.0,6.293655410292046,0.7282945409761485,0.4798643735133593,0.13952505716727812,9.91851655654802
SS-A01_theta1,158300000.0,6.293057086221674,0.7274635927394687,0.4802514600050931,0.1395464167606441,9.907964997492229
SS-A01_theta1,158600000.0,6.292460626514287,0.7266351901954451,0.4806381137574487,0.13956771446530788,9.897444513579309
SS-A01_theta1,158900000.0,6.291866021830894,0.7258093209151609,0.48102433622308277,0.13958895057040718,9.886954957702496
SS-A01_theta1,159200000.0,6.291273262896869,0.7249859725534266,0.48141012884732953,0.13961012536322018,9.876496183724518
SS-A01_theta1,159500000.0,6.290682340501374,0.7241651328480605,0.48179549306825126,0.13963123912918077,9.866068046469364
SS-A01_theta1,159800000.0,6.290093245496813,0.7233467896191782,0.4821804303166882,0.13965229215189334,9.855670401714193
SS-A01_theta1,160100000.0,6.28950596879827,0.7225309307684892,0.48256494201631017,0.13967328471314835,9.84530310618126
SS-A01_theta1,160400000.0,6.288920501382972,0.7217175442785998,0.482949029583664,0.139694217092936,9.834966017529998
SS-A01_theta1,160700000.0,6.2883368342897406,0.7209066182123228,0.48333269442822235,0.1397150895694616,9.824658994349095
SS-A01_theta1,161000000.0,6.287754958618464,0.7200981407119974,0.4837159379524338,0.13973590241916,9.814381896148719
SS-A01_theta1,161300000.0,6.28717486552956,0.7192920999988107,0.48409876155176884,0.1397566559167101,9.804134583352777
SS-A01_theta1,161600000.0,6.2865965462434605,0.7184884843721326,0.48448116661476914,0.13977735033504834,9.79391691729132
SS-A01_theta1,161900000.0,6.2860199920400825,0.7176872822088532,0.48486315452309403,0.1397979859453835,9.783728760192956
SS-A01_theta1,162200000.0,6.285445194258329,0.7168884819627281,0.48524472665156737,0.1398185630172103,9.773569975177367
SS-A01_theta1,162500000.0,6.284872144295572,0.7160920721637306,0.4856258843682237,0.1398390818183232,9.763440426247902
SS-A01_theta1,162800000.0,6.284300833607154,0.7152980414174096,0.4860066290343541,0.1398595426148298,9.753339978284254
SS-A01_theta1,163100000.0,6.283731253705886,0.7145063784042577,0.48638696200455334,0.13987994567116507,9.743268497035212
SS-A01_theta1,163400000.0,6.283163396161567,0.7137170718790795,0.48676688462676265,0.139900291250104,9.733225849111452
SS-A01_theta1,163700000.0,6.282597252600483,0.7129301106703725,0.4871463982423166,0.13992057961277532,9.723211901978459
SS-A01_theta1,164000000.0,6.282032814704938,0.7121454836797095,0.48752550418598584,0.13994081101867428,9.71322652394944
SS-A01_theta1,164300000.0,6.28147007421277,0.7113631798811315,0.4879042037860227,0.13996098572567578,9.703269584178432
SS-A01_theta1,164600000.0,6.280909022916881,0.7105831883205431,0.48828249836420434,0.1399811039900476,9.693340952653337
SS-A01_theta1,164900000.0,6.280349652664772,0.7098054981151151,0.48866038923587446,0.1400011660664626,9.683440500189102
SS-A01_theta1,165200000.0,6.279791955358081,0.709030098452696,0.48903787770998947,0.14002117220801136,9.673568098421025
SS-A01_theta1,165500000.0,6.27923592295212,0.7082569785912243,0.489414965089158,0.1400411226662155,9.663723619797972
SS-A01_theta1,165800000.0,6.278681547455431,0.7074861278581509,0.48979165266968516,0.14006101769103887,9.653906937575815
SS-A01_theta1,166100000.0,6.27812882092933,0.7067175356498653,0.4901679417416128,0.14008085753090074,9.64411792581085
SS-A01_theta1,166400000.0,6.277577735487472,0.7059511914311278,0.49054383358876247,0.14010064243268772,9.634356459353297
SS-A01_theta1,166700000.0,6.277028283295404,0.7051870847345086,0.49091932948877565,0.1401203726417655,9.624622413840891
SS-A01_theta1,167000000.0,6.276480456570135,0.7044252051598304,0.49129443071315454,0.14014004840199082,9.614915665692509
SS-A01_theta1,167300000.0,6.275934247579708,0.7036655423736182,0.4916691385273033,0.14015966995572374,9.605236092101858
SS-A01_theta1,167600000.0,6.275389648642768,0.7029080861085543,0.4920434541905675,0.14017923754383918,9.59558357103123
SS-A01_theta1,167900000.0,6.2748466521281445,0.7021528261629374,0.4924173789562738,0.14019875140573765,9.585957981205368
SS-A01_theta1,168200000.0,6.274305250454435,0.7013997524001504,0.49279091407177045,0.14021821177935812,9.576359202105298
SS-A01_theta1,168500000.0,6.273765436089594,0.7006488547481277,0.49316406077846486,0.14023761890118835,9.566787113962267
SS-A01_theta1,168800000.0,6.273227201550517,0.6999001231988342,0.49353682031186347,0.14025697300627643,9.557241597751803
SS-A01_theta1,169100000.0,6.272690539402643,0.6991535478077463,0.49390919390161053,0.1402762743282422,9.547722535187724
SS-A01_theta1,169400000.0,6.272155442259553,0.6984091186933357,0.4942811827715248,0.1402955230992879,9.538229808716254
SS-A01_theta1,169700000.0,6.271621902782567,0.6976668260365632,0.494652788139639,0.14031471955020955,9.528763301510237
SS-A01_theta1,170000000.0,6.271089913680361,0.6969266600803753,0.49502401121823697,0.14033386391040692,9.519322897463365
SS-A01_theta2,20000000.0,8.495619747807622,2.424372274562813,0.17261134034261336,0.0768216585315907,35.07162628532124
SS-A01_theta2,20300000.0,8.477850824698248,2.4037499849029826,0.17391355465426134,0.07716990345882382,34.7457842589932
SS-A01_theta2,20600000.0,8.460516938753265,2.3835795121854657,0.1752030341845684,0.07751006223658274,34.428248716874656
SS-A01_theta2,20900000.0,8.443601354546947,2.363845029024623,0.1764800796283337,0.07784245168038108,34.11868996446362
SS-A01_theta2,21200000.0,8.427088206596597,2.3445314656235694,0.17774498071094608,0.07816737230155443,33.81679594753993
SS-A01_theta2,21500000.0,8.410962442748431,2.325624464030553,0.17899801672571508,0.07848510931585724,33.52227103995523
SS-A01_theta2,21800000.0,8.395209771967467,2.30711033571513,0.180239457038341,0.07879593357876932,33.23483493473143
SS-A01_theta2,22100000.0,8.379816616134478,2.2889760221838023,0.1814695615609264,0.0791001024537135,32.95422162796717
SS-A01_theta2,22400000.0,8.364770065493522,2.2712090583816433,0.18268858119772272,0.07939786061878656,32.680178486278514
SS-A01_theta2,22700000.0,8.350057837429576,2.2537975386505407,0.18389675826462829,0.07968944081706966,32.412465389569334
SS-A01_theta2,23000000.0,8.335668238287658,2.2367300850360845,0.18509432688428154,0.07997506455510367,32.1508539418554
SS-A01_theta2,23300000.0,8.321590127973202,2.2199958177544494,0.18628151335844828,0.08025494275368743,31.89512674367869
SS-A01_theta2,23600000.0,8.307812887098715,2.203584327647815,0.18745853651926084,0.0805292763547729,31.64507672035698
SS-A01_theta2,23900000.0,8.294326386464189,2.187485650472357,0.18862560806074488,0.08079825688789047,31.40050650093552
SS-A01_theta2,24200000.0,8.281120958679013,2.171690242876789,0.18978293285195644,0.08106206699922323,31.161227843255723
SS-A01_theta2,24500000.0,8.268187371750926,2.1561889599419417,0.19093070923294828,0.08132088094618009,30.927061101033747
SS-A01_theta2,24800000.0,8.255516804483777,2.1409730341631588,0.19206912929469164,0.0815748650600615,30.697834729268287
SS-A01_theta2,25100000.0,8.243100823540354,2.1260340557675135,0.19319837914399324,0.08182417817918938,30.473384824670646
SS-A01_theta2,25400000.0,8.23093136203936,2.1113639542669995,0.19431863915436826,0.08206897205467194,30.253554698140935
SS-A01_theta2,25700000.0,8.219000699567449,2.096954981157254,0.19543008420376207,0.08230939173078913,30.03819447660959
SS-A01_theta2,26000000.0,8.207301443497641,2.0827996936788487,0.19653288389994286,0.08254557590181852,29.827160731824016
SS-A01_theta2,26300000.0,8.195826511514973,2.068890939565065,0.1976272027943313,0.08277765724697436,29.620316133892008
SS-A01_theta2,26600000.0,8.184569115258713,2.0552218427062683,0.1987132005849765,0.08300576274499318,29.417529127602144
SS-A01_theta2,26900000.0,8.173522744998294,2.041785789666627,0.19979103230933787,0.08323001396978091,29.218673629724275
SS-A01_theta2,27200000.0,8.162681155267055,2.028576416994079,0.2008608485274851,0.0834505273684175,29.023628745661018
SS-A01_theta2,27500000.0,8.152038351384167,2.015587599269075,0.20192279549628536,0.08366741452272099,28.832278503966528
SS-A01_theta2,27800000.0,8.141588576800999,2.0028134378419575,0.20297701533511067,0.08388078239547438,28.644511607384107
SS-A01_theta2,28100000.0,8.131326301213242,1.9902482502126377,0.20402364618355676,0.08409073356233632,28.4602211991715
SS-A01_theta2,28400000.0,8.121246209384944,1.9778865600098476,0.20506282235163567,0.08429736643037962,28.27930464359118
SS-A01_theta2,28700000.0,8.111343190634887,1.9657230875304685,0.20609467446287413,0.08450077544413055,28.101663319539156
SS-A01_theta2,29000000.0,8.10161232893963,1.95375274080236,0.20711932959071339,0.08470105127991588,27.927202426372585
SS-A01_theta2,29300000.0,8.092048893611215,1.9419706071369334,0.2081369113885927,0.08489828102926866,27.755830801076204
SS-A01_theta2,29600000.0,8.082648330510656,1.9303719451400796,0.20914754021406076,0.0850925483720863,27.587460745977108
SS-A01_theta2,29900000.0,8.073406253761437,1.9189521771524636,0.21015133324724775,0.08528393374018647,27.42200786628373
SS-A01_theta2,30200000.0,8.064318437929902,1.9077068820922076,0.2111484046040024,0.08547251447185958,27.259390916781992
SS-A01_theta2,30500000.0,8.055380810641926,1.896631788674966,0.2121388654439821,0.08565836495797645,27.09953165707446
SS-A01_theta2,30800000.0,8.046589445607568,1.8857227689881606,0.21312282407396768,0.08584155678016721,26.94235471479832
SS-A01_theta2,31100000.0,8.037940556027417,1.874975832397743,0.2141003860466519,0.0860221588415567,26.787787456299004
SS-A01_theta2,31400000.0,8.029430488356384,1.8643871197674147,0.2150716542551437,0.08620023749050491,26.635759864279247
SS-A01_theta2,31700000.0,8.021055716402355,1.853952897971567,0.21603672902340643,0.08637585663777105,26.48620442197746
SS-A01_theta2,32000000.0,8.012812835738764,1.8436695546845145,0.21699570819284333,0.08654907786749483,26.339056003463785
SS-A01_theta2,32300000.0,8.004698558411672,1.8335335934297734,0.21794868720522495,0.08671996054235818,26.19425176967244
SS-A01_theta2,32600000.0,7.996709707923262,1.823541628874197,0.21889575918214274,0.08688856190326907,26.051731069816256
SS-A01_theta2,32900000.0,7.988843214474934,1.8136903823528585,0.21983701500116734,0.08705493716388853,25.911435347855704
SS-A01_theta2,33200000.0,7.981096110454381,1.8039766776114141,0.22077254336886978,0.0872191396002953,25.77330805371716
SS-A01_theta2,33500000.0,7.973465526152051,1.7943974367536288,0.22170243089086536,0.08738122063607187,25.63729455897724
SS-A01_theta2,33800000.0,7.965948685693418,1.7849496763824895,0.22262676213902216,0.08754122992306898,25.503342076749643
SS-A01_theta2,34100000.0,7.958542903174413,1.7756305039241107,0.2235456197159749,0.08769921541809726,25.37139958552885
SS-A01_theta2,34400000.0,7.951245578988165,1.7664371141242996,0.22445908431707107,0.08785522345577339,25.241417756761845
SS-A01_theta2,34700000.0,7.944054196332055,1.7573667857083033,0.2253672347898726,0.08800929881773535,25.113348885934762
SS-A01_theta2,35000000.0,7.936966317884733,1.7484168781948601,0.22627014819133015,0.08816148479843246,24.987146826974772
SS-A01_theta2,35300000.0,7.929979582643506,1.7395848288562106,0.22716789984273703,0.08831182326767384,24.862766929781817
SS-A01_theta2,35600000.0,7.923091702913024,1.7308681498162557,0.22806056338256775,0.08846035473011991,24.740165980715382
SS-A01_theta2,35900000.0,7.916300461436874,1.7222644252795154,0.22894821081729788,0.08860711838187887,24.619302145874194
SS-A01_theta2,36200000.0,7.909603708664164,1.7137713088840087,0.22983091257029895,0.08875215216436781,24.500134917016457
SS-A01_theta2,36500000.0,7.902999360143675,1.7053865211715467,0.23070873752889395,0.08889549281558624,24.382625059977308
SS-A01_theta2,36800000.0,7.896485394038665,1.6971078471693737,0.23158175308965795,0.08903717591893955,24.26673456545038
SS-A01_theta2,37100000.0,7.89005984875581,1.688933134077417,0.23245002520204253,0.0891772359497455,24.15242660200741
SS-A01_theta2,37400000.0,7.883720820682147,1.6808602890557376,0.23331361841039674,0.08931570631954426,24.039665471238262
SS-A01_theta2,37700000.0,7.8774664620243176,1.6728872771071241,0.23417259589445735,0.0894526194183305,23.928416564900573
SS-A01_theta2,38000000.0,7.87129497874469,1.665012119050027,0.23502701950837357,0.08958800665481409,23.8186463239751
SS-A01_theta2,38300000.0,7.865204628589319,1.6572328895773372,0.23587694981833132,0.08972189849481524,23.710322199528555
SS-A01_theta2,38600000.0,7.859193719202958,1.649547715396743,0.2367224461388362,0.08985432449788865,23.603412615292353
SS-A01_theta2,38900000.0,7.853260606326657,1.641954773448663,0.23756356656771271,0.08998531335226892,23.497886931870166
SS-A01_theta2,39200000.0,7.8474036920737165,1.6344522891979727,0.23840036801987616,0.09011489290822529,23.393715412492686
SS-A01_theta2,39500000.0,7.841621423280027,1.6270385349959293,0.23923290625992472,0.09024309020990338,23.290869190242667
SS-A01_theta2,39800000.0,7.835912289925057,1.619711828508946,0.24006123593360623,0.09036993152573485,23.18932023667774
SS-A01_theta2,40100000.0,7.830274823619948,1.6124705312110028,0.24088541059820237,0.0904954423774853,23.08904133178208
SS-A01_theta2,40400000.0,7.8247075961593975,1.6053130469366843,0.24170548275187667,0.09061964756800922,22.990006035182727
SS-A01_theta2,40700000.0,7.819209218134187,1.5982378204919943,0.24252150386202861,0.09074257120777675,22.89218865856916
SS-A01_theta2,41000000.0,7.813778337601402,1.5912433363202443,0.2433335243926945,0.0908642367402343,22.79556423925868
SS-A01_theta2,41300000.0,7.808413638809523,1.5843281172204526,0.2441415938310319,0.09098466696605655,22.700108514852335
SS-A01_theta2,41600000.0,7.803113840975763,1.5774907231158566,0.24494576071292784,0.09110388406634343,22.605797898930927
SS-A01_theta2,41900000.0,7.797877697113158,1.5707297498702117,0.24574607264776108,0.0912219096248152,22.51260945774107
SS-A01_theta2,42200000.0,7.792703992905023,1.5640438281497442,0.24654257634235677,0.09133876464905455,22.42052088782589
SS-A01_theta2,42500000.0,7.787591545624564,1.5574316223286597,0.2473353176241609,0.09145446959084119,22.32951049455607
SS-A01_theta2,42800000.0,7.782539203097529,1.5508918294362815,0.2481243414636675,0.09156904436562337,22.239557171520058
SS-A01_theta2,43100000.0,7.777545842705884,1.544423178143956,0.24890969199612756,0.09168250837116783,22.150640380733968
SS-A01_theta2,43400000.0,7.772610370430628,1.538024427789969,0.24969141254256644,0.09179488050542764,22.06274013363408
SS-A01_theta2,43700000.0,7.767731719931957,1.5316943674407966,0.25046954563013624,0.09190617918366488,21.97583697281616
SS-A01_theta2,44000000.0,7.76290885166507,1.5254318149871033,0.25124413301182774,0.09201642235486397,21.889911954488237
SS-A01_theta2,44300000.0,7.758140752030001,1.5192356162730103,0.25201521568556945,0.09212562751746821,21.804946631605606
SS-A01_theta2,44600000.0,7.753426432553957,1.5131046442571492,0.25278283391273204,0.09223381173447256,21.72092303765643
SS-A01_theta2,44900000.0,7.748764929104702,1.5070377982041923,0.25354702723606354,0.09234099164790198,21.637823671070652
SS-A01_theta2,45200000.0,7.744155301133625,1.5010340029055291,0.2543078344970752,0.0924471834927036,21.555631480223823
SS-A01_theta2,45500000.0,7.739596630947162,1.4950922079278766,0.2550652938528988,0.09255240311008064,21.474329849010633
SS-A01_theta2,45800000.0,7.735088023005349,1.4892113868886385,0.25581944279263347,0.09265666596029341,21.39390258296283
SS-A01_theta2,46100000.0,7.730628603246325,1.4833905367569142,0.2565703181532026,0.09275998713495091,21.314333895888776
SS-A01_theta2,46400000.0,7.726217518435653,1.4776286771790716,0.2573179561347367,0.09286238136881898,21.235608397011312
SS-A01_theta2,46700000.0,7.721853935539404,1.4719248498278936,0.2580623923154995,0.09296386305116253,21.157711078583805
SS-A01_theta2,47000000.0,7.717537041119987,1.4662781177743238,0.25880366166637553,0.0930644462366473,21.080627303963233
SS-A01_theta2,47300000.0,7.713266040753763,1.4606875648808864,0.25954179856493087,0.09316414465581824,21.00434279612135
SS-A01_theta2,47600000.0,7.709040158469523,1.4551522952159215,0.2602768368090669,0.09326297172517395,20.928843626575787
SS-A01_theta2,47900000.0,7.704858636206952,1.4496714324877789,0.2610088096302767,0.09336094055685591,20.854116204723105
SS-A01_theta2,48200000.0,7.700720733294259,1.4442441194981823,0.2617377497065208,0.09345806396796874,20.780147267557375
SS-A01_theta2,48500000.0,7.696625725944182,1.4388695176140183,0.26246368917473534,0.09355435448954713,20.70692386975877
SS-A01_theta2,48800000.0,7.692572906767588,1.4335468062567895,0.26318665964298404,0.0936498243751877,20.634433374136012
SS-A01_theta2,49100000.0,7.6885615843039945,1.4282751824090698,0.2639066922022658,0.09374448560935554,20.56266344240928
SS-A01_theta2,49400000.0,7.68459108256826,1.4230538601372797,0.2646238174379923,0.09383834991538544,20.491602026318862
SS-A01_theta2,49700000.0,7.680660740612882,1.4178820701301662,0.26533806544114363,0.09393142876318555,20.421237359047193
SS-A01_theta2,50000000.0,7.6767699121051685,1.4127590592523591,0.2660494658191149,0.09402373337665983,20.351557946940915
SS-A01_theta2,50300000.0,7.672917964918804,1.4076840901124512,0.2667580477062635,0.09411527474085964,20.282552561521555
SS-A01_theta2,50600000.0,7.669104280739135,1.4026564406450255,0.2674638397741647,0.09420606360887607,20.214210231772938
SS-A01_theta2,50900000.0,7.665328254681703,1.3976754037061268,0.2681668702415919,0.09429611050848545,20.14652023669465
SS-A01_theta2,51200000.0,7.66158929492349,1.392740286681641,0.26886716688422047,0.09438542574855545,20.079472098110777
SS-A01_theta2,51500000.0,7.6578868223463665,1.38785041110813,0.26956475704407434,0.09447401942522536,20.01305557372426
SS-A01_theta2,51800000.0,7.654220270192285,1.3830051123056344,0.2702596676387162,0.0945619014278663,19.94726065040698
SS-A01_theta2,52100000.0,7.6505890837297565,1.378203739022013,0.2709519251701941,0.09464908144483439,19.882077537716437
SS-A01_theta2,52400000.0,7.646992719931185,1.3734456530883923,0.2716415557337497,0.09473556896902138,19.81749666163059
SS-A01_theta2,52700000.0,7.6434306471606615,1.3687302290853158,0.27232858502629703,0.09482137330321397,19.753508658491974
SS-A01_theta2,53000000.0,7.639902344871777,1.3640568540192122,0.27301303835467927,0.09490650356526835,19.690104369153598
SS-A01_theta2,53300000.0,7.636407303315129,1.359424927008793,0.2736949406437088,0.09499096869310779,19.627274833318403
SS-A01_theta2,53600000.0,7.632945023255129,1.354833858981044,0.27437431644400007,0.09507477744955013,19.565011284065445
SS-A01_theta2,53900000.0,7.629515015695765,1.3502830723764427,0.2750511899395989,0.09515793842697276,19.503305142555327
SS-A01_theta2,54200000.0,7.62611680161501,1.345772000863096,0.2757255849554168,0.09524046005181984,19.442148012908568
SS-A01_theta2,54500000.0,7.622749911707531,1.3413000890594609,0.27639752496447456,0.09532235058895995,19.381531677250017
SS-A01_theta2,54800000.0,7.619413886135407,1.3368667922653652,0.2770670330949627,0.09540361814589964,19.32144809091338
SS-A01_theta2,55100000.0,7.616108274286575,1.3324715762010253,0.27773413213712334,0.09548427067685739,19.26188937780004
SS-A01_theta2,55400000.0,7.612832634540704,1.3281139167537805,0.27839884454995795,0.0955643159867041,19.202847825886106
SS-A01_theta2,55700000.0,7.609586534042233,1.3237932997322865,0.2790611924677691,0.09564376173477687,19.144315882872547
SS-A01_theta2,56000000.0,7.60636954848035,1.3195092206279027,0.2797211977065381,0.09572261543856743,19.08628615197317
SS-A01_theta2,56300000.0,7.603181261875601,1.3152611843830313,0.280378881770146,0.09580088447729385,19.028751387835346
SS-A01_theta2,56600000.0,7.600021266372959,1.3110487051661595,0.2810342658564396,0.09587857609535716,18.97170449258854
SS-A01_theta2,56900000.0,7.596889162041081,1.3068713061533992,0.2816873708631513,0.09595569740568878,18.915138512016497
SS-A01_theta2,57200000.0,7.593784556677564,1.30272851931628,0.2823382173936729,0.09603225539299258,18.85904663184803
SS-A01_theta2,57500000.0,7.590707065619958,1.2986198852156021,0.28298682576269013,0.09610825691688551,18.80342217416264
SS-A01_theta2,57800000.0,7.587656311562386,1.2945449528011361,0.2836332160016808,0.0961837087149394,18.748258593906783
SS-A01_theta2,58100000.0,7.584631924377524,1.2905032792169877,0.2842774078642819,0.09625861740563038,18.693549475516736
SS-A01_theta2,58400000.0,7.581633540943793,1.286494429612423,0.2849194208315279,0.09633298949119597,18.639288529644446
SS-A01_theta2,58700000.0,7.5786608049775674,1.282517976957985,0.2855592741169637,0.09640683136040669,18.585469589982477
SS-A01_theta2,59000000.0,7.5757133668702386,1.2785735018667335,0.2861969866716394,0.09648014929125182,18.532086610185242
SS-A01_theta2,59300000.0,7.572790883529968,1.2746605924204213,0.28683257718898403,0.09655294945354555,18.479133660882262
SS-A01_theta2,59600000.0,7.569893018227963,1.2707788440004686,0.2874660641095682,0.09662523791145353,18.426604926781135
SS-A01_theta2,59900000.0,7.567019440449132,1.2669278591235689,0.28809746562575445,0.09669702062594636,18.374494703856403
SS-A01_theta2,60200000.0,7.564169825746984,1.263107247281772,0.28872679968623893,0.09676830345717809,18.322797396621887
SS-A01_theta2,60500000.0,7.561343855602602,1.2593166247869227,0.2893540840004911,0.09683909216679627,18.271507515483485
SS-A01_theta2,60800000.0,7.558541217287579,1.2555556146192848,0.28997933604308795,0.09690939242018422,18.220619674169424
SS-A01_theta2,61100000.0,7.555761603730791,1.2518238462802496,0.2906025730579518,0.0969792097886373,18.170128587235844
SS-A01_theta2,61400000.0,7.553004713388861,1.248120955648976,0.2912238120624907,0.0970485497514778,18.120029067644715
SS-A01_theta2,61700000.0,7.550270250120209,1.2444465848428563,0.29184306985164565,0.09711741769810779,18.07031602441197
SS-A01_theta2,62000000.0,7.547557923062557,1.2408003820816695,0.2924603630018455,0.09718581893000448,18.020984460323167
SS-A01_theta2,62300000.0,7.544867446513814,1.237182001555332,0.2930757078748752,0.09725375866265813,17.972029469715046
SS-A01_theta2,62600000.0,7.5421985398161775,1.2335911032951068,0.2936891206216552,0.09732124202745593,17.923446236319922
SS-A01_theta2,62900000.0,7.539550927243399,1.2300273530481884,0.2943006171859391,0.09738827407351298,17.875230031171697
SS-A01_theta2,63200000.0,7.536924337891081,1.2264904221555464,0.2949102133079287,0.09745485976945226,17.827376210570876
SS-A01_theta2,63500000.0,7.534318505569927,1.222979987432928,0.2955179245278087,0.09752100400513551,17.779880214106864
SS-A01_theta2,63800000.0,7.531733168701851,1.2194957310549372,0.2961237661892059,0.09758671159334661,17.732737562735828
SS-A01_theta2,64100000.0,7.5291680702188355,1.2160373404420777,0.29672775344257096,0.09765198727142817,17.685943856912047
SS-A01_theta2,64400000.0,7.526622957464487,1.212604508150687,0.29732990124848835,0.09771683570287501,17.639494774771123
SS-A01_theta2,64700000.0,7.524097582098174,1.2091969317656643,0.2979302243809134,0.0977812614788833,17.59338607036348
SS-A01_theta2,65000000.0,7.521591700001697,1.2058143137959183,0.2985287374303411,0.09784526911985908,17.547613571936477
SS-A01_theta2,65300000.0,7.5191050711883705,1.2024563615724402,0.29912545480690567,0.09790886307688627,17.50217318026338
SS-A01_theta2,65600000.0,7.516637459714499,1.1991227871489443,0.299720390743415,0.09797204773315488,17.45706086701824
SS-A01_theta2,65900000.0,7.514188633593122,1.1958133072049835,0.30031355929832176,0.0980348274053533,17.412272673194582
SS-A01_theta2,66200000.0,7.511758364710002,1.1925276429514684,0.3009049743586279,0.09809720634502254,17.367804707566883
SS-A01_theta2,66500000.0,7.509346428741745,1.1892655200385354,0.30149464964273304,0.09815918873987592,17.323653145193557
SS-A01_theta2,66800000.0,7.5069526050760285,1.1860266684656748,0.3020825987032194,0.0982207787150846,17.279814225959875
SS-A01_theta2,67100000.0,7.504576676733859,1.18281082249407,0.3026688349295801,0.09828198033452933,17.23628425315986
SS-A01_theta2,67400000.0,7.502218430293782,1.1796177205610767,0.30325337155089166,0.09834279760202147,17.193059592115716
SS-A01_theta2,67700000.0,7.499877655818017,1.176447105196776,0.3038362216384294,0.09840323446249113,17.150136668833802
SS-A01_theta2,68000000.0,7.497554146780439,1.1732987229425575,0.30441739810823054,0.09846329480314737,17.107511968695896
SS-A01_theta2,68300000.0,7.495247699996364,1.1701723242716606,0.3049969137236047,0.09852298245460707,17.065182035184886
SS-A01_theta2,68600000.0,7.492958115554065,1.1670676635116186,0.3055747810975916,0.09858230119199737,17.023143468643426
SS-A01_theta2,68900000.0,7.490685196748013,1.1639844987685637,0.3061510126953705,0.09864125473602912,16.98139292506507
SS-A01_theta2,69200000.0,7.48842875001373,1.1609225918533324,0.3067256208366206,0.098699846754045,16.939927114916536
SS-A01_theta2,69500000.0,7.486188584864268,1.1578817082093198,0.3072986176978338,0.09875808086104174,16.898742801990274
SS-A01_theta2,69800000.0,7.483964513828227,1.1548616168420365,0.3078700153145801,0.09881596062066636,16.85783680228639
SS-A01_theta2,70100000.0,7.48175635238928,1.1518620902503236,0.30843982558372934,0.09887348954618927,16.817205982923227
SS-A01_theta2,70400000.0,7.479563918927181,1.1488829043591777,0.3090080602656279,0.09893067110145294,16.776847261075545
SS-A01_theta2,70700000.0,7.477387034660166,1.1459238384541357,0.3095747309862319,0.09898750870179909,16.736757602939385
SS-A01_theta2,71000000.0,7.475225523588771,1.1429846751171933,0.31013984923919957,0.09904400571497177,16.69693402272336
SS-A01_theta2,71300000.0,7.473079212440971,1.1400652001641924,0.3107034263879412,0.09910016546200084,16.657373581664856
SS-A01_theta2,71600000.0,7.470947930618637,1.1371652025836576,0.3112654736676292,0.09915599121806365,16.618073387070957
SS-A01_theta2,71900000.0,7.468831510145257,1.134284474477036,0.31182600218717077,0.099211486213326,16.579030591383358
SS-A01_theta2,72200000.0,7.466729785614902,1.1314228110002935,0.312385022931139,0.09926665363376476,16.540242391266055
SS-A01_theta2,72500000.0,7.464642594142384,1.1285800103068495,0.3129425467616704,0.09932149662196983,16.501706026715905
SS-A01_theta2,72800000.0,7.462569775314578,1.1257558734917905,0.31349858442032164,0.09937601827792898,16.463418780194605
SS-A01_theta2,73100000.0,7.460511171142903,1.122950204537361,0.31405314652989613,0.09943022165979319,16.4253779757824
SS-A01_theta2,73400000.0,7.458466626016873,1.1201628102596584,0.3146062435962301,0.09948410978462587,16.387580978351803
SS-A01_theta2,73700000.0,7.456435986658758,1.1173935002565358,0.3151578860099484,0.09953768562913375,16.350025192761755
SS-A01_theta2,74000000.0,7.454419102079261,1.1146420868566578,0.3157080840481859,0.09959095213038223,16.312708063070993
SS-A01_theta2,74300000.0,7.452415823534232,1.1119083850696907,0.3162568478762764,0.09964391218649422,16.27562707177045
SS-A01_theta2,74600000.0,7.450426004482365,1.1091922125375944,0.31680418754941003,0.09969656865733273,16.238779739033973
SS-A01_theta2,74900000.0,7.448449500543859,1.1064933894869842,0.3173501130142592,0.09974892436516947,16.20216362198681
SS-A01_theta2,75200000.0,7.446486169460014,1.103811738682538,0.3178946341105743,0.09980098209533705,16.165776313991586
SS-A01_theta2,75500000.0,7.444535871053747,1.1011470853814258,0.31843776057275064,0.09985274459686899,16.129615443950943
SS-A01_theta2,75800000.0,7.44259846719099,1.0984992572887278,0.31897950203136544,0.09990421458312279,16.093678675626922
SS-A01_theta2,76100000.0,7.440673821742956,1.0958680845138173,0.3195198680146864,0.09995539473239204,16.05796370697588
SS-A01_theta2,76400000.0,7.438761800549247,1.0932533995276923,0.32005886795015426,0.10000628768850386,16.022468269499225
SS-A01_theta2,76700000.0,7.436862271381784,1.090655037121215,0.3205965111658347,0.10005689606140346,15.987190127609054
SS-A01_theta2,77000000.0,7.434975103909537,1.088072834364258,0.3211328068918486,0.10010722242772636,15.952127078008667
SS-A01_theta2,77300000.0,7.433100169664026,1.085506630565716,0.3216677642617722,0.10015726933135856,15.917276949087102
SS-A01_theta2,77600000.0,7.431237342005591,1.0829562672343669,0.3222013923140144,0.1002070392839847,15.88263760032772
SS-A01_theta2,77900000.0,7.429386496090397,1.080421588040567,0.32273369999316753,0.10025653476562356,15.848206921730341
SS-A01_theta2,78200000.0,7.427547508838146,1.077902438778752,0.323264696151336,0.1003057582251544,15.813982833246362
SS-A01_theta2,78500000.0,7.425720258900519,1.075398667330727,0.32379438954943873,0.10035471208083015,15.779963284226858
SS-A01_theta2,78800000.0,7.4239046266302715,1.072910123629729,0.32432278885849125,0.10040339872078095,15.746146252883062
SS-A01_theta2,79100000.0,7.422100494051015,1.0704366596252317,0.3248499026608617,0.1004518205035069,15.712529745758946
SS-A01_theta2,79400000.0,7.420307744827636,1.0679781292484913,0.3253757394515077,0.10049997975836106,15.679111797215631
SS-A01_theta2,79700000.0,7.418526264237359,1.0655343883787998,0.3259003076391893,0.10054787878602174,15.645890468927336
SS-A01_theta2,80000000.0,7.416755939141414,1.0631052948104396,0.3264236155476624,0.10059551985895569,15.612863849388543
SS-A01_theta2,80300000.0,7.41499665795732,1.060690708220314,0.32694567141684966,0.10064290522187208,15.580030053431885
SS-A01_theta2,80600000.0,7.413248310631744,1.0582904901362435,0.3274664834039919,0.10069003709216601,15.547387221756916
SS-A01_theta2,80900000.0,7.411510788613935,1.055904503905908,0.32798605958477967,0.10073691766035443,15.51493352046906
SS-A01_theta2,81200000.0,7.409783984829721,1.0535326146664252,0.32850440795446556,0.1007835490905028,15.482667140628704
SS-A01_theta2,81500000.0,7.408067793656046,1.051174689314535,0.329021536428955,0.10082993352064312,15.45058629780996
SS-A01_theta2,81800000.0,7.406362110896028,1.0488305964773992,0.32953745284588176,0.10087607306318382,15.418689231669228
SS-A01_theta2,82100000.0,7.404666833754568,1.0465002064839812,0.3300521649656628,0.10092196980531067,15.386974205522998
SS-A01_theta2,82400000.0,7.402981860814421,1.0441833913370033,0.3305656804725366,0.10096762580938151,15.355439505934623
SS-A01_theta2,82700000.0,7.4013070920127895,1.0418800246854567,0.33107800697558115,0.10101304311331155,15.324083442310034
SS-A01_theta2,83000000.0,7.399642428618392,1.0395899817976708,0.3315891520097185,0.101058223730952,15.29290434650211
SS-A01_theta2,83300000.0,7.397987773208996,1.0373131395349078,0.3320991230366995,0.10110316965246077,15.261900572423492
SS-A01_theta2,83600000.0,7.396343029649414,1.0350493763254849,0.33260792744607404,0.10114788284466704,15.231070495667439
SS-A01_theta2,83900000.0,7.394708103069946,1.0327985721393977,0.3331155725561418,0.10119236525142689,15.200412513136863
SS-A01_theta2,84200000.0,7.39308289984525,1.030560608463456,0.3336220656148923,0.10123661879397475,15.16992504268104
SS-A01_theta2,84500000.0,7.3914673275736655,1.0283353682768903,0.33412741380092364,0.10128064537126504,15.139606522740005
SS-A01_theta2,84800000.0,7.389861295056915,1.0261227360274467,0.3346316242243505,0.10132444686031017,15.109455411996322
SS-A01_theta2,85100000.0,7.388264712280242,1.0239225976079385,0.3351347039276948,0.10136802511651025,15.07947018903408
SS-A01_theta2,85400000.0,7.3866774903929375,1.021734840333256,0.33563665988676267,0.10141138197397716,15.049649352005048
SS-A01_theta2,85700000.0,7.385099541689247,1.019559352917815,0.3361374990115056,0.1014545192458527,15.019991418301489
SS-A01_theta2,86000000.0,7.3835307795896625,1.017396025453447,0.3366372281468703,0.10149743872462033,14.990494924236023
SS-A01_theta2,86300000.0,7.381971118622587,1.015244749387704,0.3371358540736318,0.10154014218241177,14.961158424727703
SS-A01_theta2,86600000.0,7.380420474406355,1.0131054175025824,0.33763338350921424,0.10158263137130734,14.931980492994676
SS-A01_theta2,86900000.0,7.378878763631605,1.0109779238936545,0.3381298231084995,0.10162490802363042,14.902959720253179
SS-A01_theta2,87200000.0,7.377345904044001,1.0088621639495892,0.3386251794646207,0.10166697385223791,14.874094715422313
SS-A01_theta2,87500000.0,7.3758218144272885,1.0067580343320646,0.3391194591097441,0.10170883055080363,14.845384104835096
SS-A01_theta2,87800000.0,7.374306414586687,1.0046654329560594,0.3396126685158397,0.10175047979409764,14.816826531955156
SS-A01_theta2,88100000.0,7.372799625332585,1.0025842589705092,0.3401048140954361,0.10179192323826014,14.788420657099056
SS-A01_theta2,88400000.0,7.371301368464573,1.0005144127393317,0.3405959022023667,0.10183316252107062,14.76016515716424
SS-A01_theta2,88700000.0,7.369811566755764,0.9984557958227998,0.34108593913250296,0.10187419926221139,14.7320587253624
SS-A01_theta2,89000000.0,7.368330143937432,0.996408310959267,0.3415749311244759,0.10191503506352773,14.704100070958024
SS-A01_theta2,89300000.0,7.36685702468393,0.9943718620472247,0.3420628843603854,0.10195567150928185,14.676287919012154
SS-A01_theta2,89600000.0,7.365392134597899,0.9923463541276981,0.3425498049665011,0.10199611016640357,14.648621010131224
SS-A01_theta2,89900000.0,7.363935400195759,0.9903316933669587,0.34303569901394904,0.10203635258473615,14.621098100220637
SS-A01_theta2,90200000.0,7.362486748893478,0.9883277870395584,0.343520572519389,0.10207640029727705,14.59371796024337
SS-A01_theta2,90500000.0,7.361046108992606,0.9863345435116778,0.34400443144568343,0.10211625482041548,14.5664793759832
SS-A01_theta2,90800000.0,7.359613409666562,0.9843518722247665,0.34448728170255133,0.1021559176541654,14.539381147812348
SS-A01_theta2,91100000.0,7.358188580947198,0.9823796836794925,0.3449691291472169,0.10219539028239427,14.512422090463836
SS-A01_theta2,91400000.0,7.356771553711592,0.9804178894199734,0.34544997958504414,0.10223467417304807,14.485601032808047
SS-A01_theta2,91700000.0,7.355362259669103,0.9784664020183014,0.34592983877016575,0.10227377077837203,14.45891681763374
SS-A01_theta2,92000000.0,7.353960631348663,0.9765251350593378,0.34640871240609866,0.10231268153512814,14.43236830143303
SS-A01_theta2,92300000.0,7.352566602086289,0.9745940031257837,0.3468866061463524,0.10235140786480842,14.405954354190584
SS-A01_theta2,92600000.0,7.35118010601285,0.9726729217835216,0.347363525595028,0.10238995117384467,14.37967385917684
SS-A01_theta2,92900000.0,7.349801078042036,0.9707618075672092,0.3478394763074062,0.10242831285381461,14.353525712745013
SS-A01_theta2,93200000.0,7.348429453858564,0.9688605779661414,0.3483144637905303,0.10246649428164478,14.327508824132034
SS-A01_theta2,93500000.0,7.3470651699065845,0.9669691514103473,0.34878849350377505,0.10250449681980969,14.301622115263061
SS-A01_theta2,93800000.0,7.345708163378312,0.9650874472569518,0.34926157085941345,0.10254232181652725,14.275864520559965
SS-A01_theta2,94100000.0,7.3443583722028505,0.9632153857767562,0.3497337012231681,0.10257997060595218,14.250234986752877
SS-A01_theta2,94400000.0,7.343015735035233,0.9613528881410724,0.35020488991476045,0.10261744450836435,14.224732472695777
SS-A01_theta2,94700000.0,7.341680191245642,0.9594998764087752,0.3506751422084483,0.10265474483035619,14.199355949185003
SS-A01_theta2,95000000.0,7.34035168090884,0.957656273513587,0.351144463333556,0.10269187286501431,14.174104398781518
SS-A01_theta2,95300000.0,7.339030144793784,0.9558220032515803,0.3516128584749976,0.10272882989210058,14.14897681563613
SS-A01_theta2,95600000.0,7.337715524353417,0.9539969902688985,0.3520803327737919,0.10276561717822885,14.123972205318044
SS-A01_theta2,95900000.0,7.336407761714648,0.9521811600496877,0.35254689132756994,0.10280223597703923,14.099089584646537
SS-A01_theta2,96200000.0,7.335106799668515,0.9503744389042361,0.35301253919107456,0.10283868752936892,14.074327981525666
SS-A01_theta2,96500000.0,7.333812581660512,0.948576753957319,0.3534772813766531,0.10287497306342094,14.04968643478199
SS-A01_theta2,96800000.0,7.332525051781088,0.9467880331367409,0.3539411228547442,0.10291109379493034,14.025163994005156
SS-A01_theta2,97100000.0,7.331244154756324,0.9450082051620748,0.35440406855435497,0.10294705092732606,14.000759719391473
SS-A01_theta2,97400000.0,7.329969835938752,0.9432371995335913,0.35486612336353307,0.10298284565189274,13.97647268159009
SS-A01_theta2,97700000.0,7.328702041298363,0.9414749465213781,0.3553272921298317,0.1030184791479272,13.95230196155218
SS-A01_theta2,98000000.0,7.327440717413735,0.939721377154641,0.35578757966076807,0.10305395258289457,13.928246650382587
SS-A01_theta2,98300000.0,7.326185811463356,0.937976423211187,0.3562469907242743,0.10308926711258068,13.9043058491942
SS-A01_theta2,98600000.0,7.324937271217061,0.9362400172070812,0.3567055300491426,0.10312442388124259,13.880478668964864
SS-A01_theta2,98900000.0,7.323695045027641,0.9345120923864833,0.35716320232546533,0.10315942402175617,13.85676423039692
SS-A01_theta2,99200000.0,7.322459081822584,0.9327925827116458,0.35762001220506595,0.10319426865576212,13.833161663778991
SS-A01_theta2,99500000.0,7.321229331095961,0.931081422853086,0.35807596430192695,0.103228958893809,13.80967010885045
SS-A01_theta2,99800000.0,7.320005742900449,0.9293785481799149,0.35853106319260897,0.10326349583549418,13.786288714668004
SS-A01_theta2,100100000.0,7.318788267839497,0.927683894750333,0.3589853134166665,0.10329788056960289,13.763016639474804
SS-A01_theta2,100400000.0,7.3175768570596125,0.9259973993022765,0.3594387194770564,0.10333211417424464,13.739853050571693
SS-A01_theta2,100700000.0,7.316371462242791,0.9243189992442227,0.3598912858405404,0.1033661977169879,13.716797124190679
SS-A01_theta2,101000000.0,7.315172035599063,0.9226486326461433,0.3603430169380835,0.10340013225499232,13.693848045370713
SS-A01_theta2,101300000.0,7.313978529859178,0.9209862382306059,0.3607939171652448,0.10343391883513922,13.671005007835413
SS-A01_theta2,101600000.0,7.312790898267403,0.9193317553640221,0.36124399088256454,0.1034675584941597,13.648267213873023
SS-A01_theta2,101900000.0,7.311609094574435,0.9176851240480369,0.3616932424159452,0.10350105225876137,13.625633874218323
SS-A01_theta2,102200000.0,7.3104330730304525,0.9160462849110598,0.3621416760570278,0.10353440114575241,13.60310420793667
SS-A01_theta2,102500000.0,7.309262788378262,0.914415179199928,0.36258929606356155,0.10356760616216454,13.580677442309774
SS-A01_theta2,102800000.0,7.308098195846569,0.912791748771712,0.3630361066597713,0.10360066830537311,13.558352812723717
SS-A01_theta2,103100000.0,7.306939251143361,0.911175936085644,0.36348211203671604,0.10363358856321608,13.536129562558566
SS-A01_theta2,103400000.0,7.305785910449388,0.9095676841951817,0.3639273163526459,0.10366636791411135,13.514006943079972
SS-A01_theta2,103700000.0,7.304638130411765,0.9079669367402009,0.3643717237333538,0.10369900732717167,13.491984213332632
SS-A01_theta2,104000000.0,7.3034958681376745,0.9063736379393026,0.36481533827251955,0.10373150776231803,13.470060640035365
SS-A01_theta2,104300000.0,7.302359081188165,0.9047877325822554,0.3652581640320538,0.10376387017039206,13.44823549747809
SS-A01_theta2,104600000.0,7.3012277275720585,0.9032091660225469,0.3657002050424323,0.1037960954932652,13.426508067420409
SS-A01_theta2,104900000.0,7.3001017657399565,0.9016378841700607,0.366141465303031,0.10382818466394814,13.404877638991923
SS-A01_theta2,105200000.0,7.298981154578338,0.9000738334838634,0.36658194878245204,0.10386013860669713,13.383343508594113
SS-A01_theta2,105500000.0,7.297865853403758,0.8985169609651078,0.3670216594188481,0.10389195823711915,13.361904979803944
SS-A01_theta2,105800000.0,7.296755821957138,0.8969672141500481,0.3674606011202419,0.10392364446227624,13.340561363278947
SS-A01_theta2,106100000.0,7.2956510203981475,0.8954245411031595,0.36789877776484003,0.10395519818078697,13.319311976663835
SS-A01_theta2,106400000.0,7.2945514092996735,0.8938888904103736,0.3683361932013456,0.10398662028292754,13.298156144498778
SS-A01_theta2,106700000.0,7.293456949642387,0.8923602111724097,0.3687728512492636,0.104017911650731,13.277093198128977
SS-A01_theta2,107000000.0,7.292367602809385,0.8908384529982168,0.36920875569920436,0.10404907315808463,13.256122475615857
SS-A01_theta2,107300000.0,7.291283330580921,0.8893235659985109,0.36964391031318156,0.10408010567082668,13.235243321649556
SS-A01_theta2,107600000.0,7.290204095129228,0.8878155007794181,0.37007831882490766,0.10411101004684113,13.214455087462902
SS-A01_theta2,107900000.0,7.289129859013408,0.886314208436211,0.3705119849400853,0.1041417871361516,13.193757130746754
SS-A01_theta2,108200000.0,7.288060585174419,0.8848196405471431,0.3709449123366932,0.10417243778101243,13.173148815566714
SS-A01_theta2,108500000.0,7.2869962369301176,0.8833317491673759,0.37137710466527085,0.10420296281600112,13.15262951228105
SS-A01_theta2,108800000.0,7.285936777970412,0.8818504868230022,0.37180856554919806,0.1042333630681066,13.132198597460093
SS-A01_theta2,109100000.0,7.284882172352457,0.8803758065051548,0.37223929858497024,0.10426363935681815,13.111855453806744
SS-A01_theta2,109400000.0,7.283832384495946,0.8789076616642111,0.37266930734247306,0.1042937924942125,13.09159947007836
SS-A01_theta2,109700000.0,7.282787379178468,0.8774460062040782,0.3730985953652487,0.10432382328503924,13.071430041009746
SS-A01_theta2,110000000.0,7.281747121530941,0.8759907944765706,0.3735271661707642,0.10435373252680535,13.051346567237513
SS-A01_theta2,110300000.0,7.280711577033106,0.8745419812758701,0.37395502325067254,0.10438352100985922,13.031348455225428
SS-A01_theta2,110600000.0,7.279680711509102,0.8730995218330676,0.37438217007107183,0.10441318951747207,13.01143511719109
SS-A01_theta2,110900000.0,7.27865449112311,0.8716633718107868,0.3748086100727605,0.10444273882591922,12.991605971033637
SS-A01_theta2,111200000.0,7.277632882375045,0.8702334872978922,0.3752343466714911,0.10447216970456033,12.971860440262633
SS-A01_theta2,111500000.0,7.276615852096335,0.8688098248042686,0.3756593832582175,0.10450148291591788,12.95219795392797
SS-A01_theta2,111800000.0,7.275603367445762,0.8673923412556864,0.37608372319934325,0.1045306792157546,12.932617946551007
SS-A01_theta2,112100000.0,7.274595395905349,0.8659809939887358,0.37650736983696265,0.10455975935315057,12.913119858056572
SS-A01_theta2,112400000.0,7.27359190527633,0.86457574074584,0.3769303264891017,0.10458872407057843,12.893703133706124
SS-A01_theta2,112700000.0,7.2725928636751656,0.8631765396703417,0.3773525964499555,0.10461757410397798,12.87436722403194
SS-A01_theta2,113000000.0,7.271598239529633,0.8617833493016587,0.37777418299012117,0.10464631018282969,12.855111584772196
SS-A01_theta2,113300000.0,7.270608001574959,0.8603961285705138,0.37819508935682933,0.10467493303022664,12.835935676807178
SS-A01_theta2,113600000.0,7.269622118850027,0.8590148367942347,0.37861531877417315,0.10470344336294676,12.816838966096336
SS-A01_theta2,113900000.0,7.268640560693624,0.8576394336721186,0.3790348744433327,0.1047318418915229,12.797820923616346
SS-A01_theta2,114200000.0,7.2676632967407615,0.8562698792808662,0.37945375954279786,0.10476012932031231,12.778881025300038
SS-A01_theta2,114500000.0,7.266690296919039,0.854906134070087,0.37987197722858884,0.10478830634756495,12.760018751976425
SS-A01_theta2,114800000.0,7.265721531445059,0.8535481588578593,0.38028953063447285,0.10481637366549168,12.741233589311355
SS-A01_theta2,115100000.0,7.264756970820912,0.8521959148263637,0.3807064228721784,0.10484433196033059,12.722525027749231
SS-A01_theta2,115400000.0,7.26379658583069,0.8508493635175736,0.38112265703160775,0.10487218191241311,12.70389256245554
SS-A01_theta2,115700000.0,7.262840347537078,0.8495084668290108,0.3815382361810462,0.10489992419622834,12.6853356932603
SS-A01_theta2,116000000.0,7.261888227277964,0.8481731870095606,0.38195316336736856,0.10492755948048771,12.666853924602199
SS-A01_theta2,116300000.0,7.260940196663135,0.8468434866553469,0.38236744161624375,0.10495508842818792,12.648446765473706
SS-A01_theta2,116600000.0,7.259996227570986,0.8455193287056648,0.3827810739323362,0.1049825116966732,12.630113729366872
SS-A01_theta2,116900000.0,7.259056292145301,0.8442006764389745,0.3831940632995062,0.10500982993769704,12.611854334220036
SS-A01_theta2,117200000.0,7.258120362792074,0.8428874934689478,0.38360641268100604,0.10503704379748267,12.593668102365218
SS-A01_theta2,117500000.0,7.257188412176375,0.8415797437405732,0.38401812501967464,0.1050641539167829,12.575554560476302
SS-A01_theta2,117800000.0,7.256260413219255,0.8402773915263144,0.38442920323813023,0.1050911609309397,12.557513239517966
SS-A01_theta2,118100000.0,7.255336339094712,0.8389804014223247,0.3848396502389606,0.1051180654699419,12.53954367469543
SS-A01_theta2,118400000.0,7.254416163226685,0.8376887383447125,0.3852494689049099,0.10514486815848283,12.521645405404799
SS-A01_theta2,118700000.0,7.253499859286096,0.8364023675258593,0.38565866209906496,0.10517156961601774,12.503817975184178
SS-A01_theta2,119000000.0,7.252587401187944,0.8351212545107929,0.38606723266503895,0.10519817045681887,12.486060931665593
SS-A01_theta2,119300000.0,7.251678763088422,0.8338453651536049,0.3864751834271517,0.1052246712900316,12.468373826527394
SS-A01_theta2,119600000.0,7.250773919382091,0.832574665613921,0.38688251719060873,0.10525107271972849,12.45075621544749
SS-A01_theta2,119900000.0,7.249872844699087,0.831309122353422,0.3872892367416787,0.10527737534496347,12.433207658057214
SS-A01_theta2,120200000.0,7.248975513902369,0.8300487021324119,0.38769534484786866,0.10530357975982504,12.415727717895843
SS-A01_theta2,120500000.0,7.248081902085008,0.8287933720064297,0.3881008442580955,0.10532968655348816,12.398315962365766
SS-A01_theta2,120800000.0,7.247191984567505,0.8275430993229125,0.38850573770285773,0.10535569631026727,12.380971962688188
SS-A01_theta2,121100000.0,7.246305736895164,0.826297851717903,0.3889100278944043,0.10538160960966601,12.363695293859681
SS-A01_theta2,121400000.0,7.245423134835486,0.8250575971128021,0.3893137175269015,0.10540742702642897,12.346485534609105
SS-A01_theta2,121700000.0,7.244544154375606,0.8238223037111627,0.3897168092765966,0.1054331491305905,12.329342267355281
SS-A01_theta2,122000000.0,7.243668771719766,0.8225919399955341,0.3901193058019829,0.10545877648752462,12.312265078165238
SS-A01_theta2,122300000.0,7.242796963286822,0.821366474724341,0.39052120974395915,0.10548430965799356,12.295253556712888
SS-A01_theta2,122600000.0,7.241928705707784,0.8201458769288125,0.3909225237259901,0.10550974919819515,12.278307296238602
SS-A01_theta2,122900000.0,7.2410639758233994,0.8189301159099462,0.39132325035426246,0.10553509565981077,12.261425893508969
SS-A01_theta2,123200000.0,7.240202750681754,0.8177191612355201,0.39172339221784264,0.10556034959005176,12.244608948777412
SS-A01_theta2,123500000.0,7.239345007535918,0.8165129827371342,0.39212295188882784,0.10558551153170573,12.227856065745106
SS-A01_theta2,123800000.0,7.238490723841624,0.8153115505073075,0.39252193192250195,0.10561058202318234,12.211166851522693
SS-A01_theta2,124100000.0,7.237639877254969,0.814114834896596,0.3929203348574818,0.10563556159855776,12.194540916592244
SS-A01_theta2,124400000.0,7.236792445630158,0.8129228065107635,0.3933181632158686,0.10566045078761958,12.177977874769974
SS-A01_theta2,124700000.0,7.235948407017273,0.8117354362079836,0.39371541950339456,0.10568525011591037,12.161477343169345
SS-A01_theta2,125000000.0,7.235107739660064,0.8105526950960779,0.3941121062095669,0.10570996010477146,12.145038942164632
SS-A01_theta2,125300000.0,7.234270421993796,0.8093745545297961,0.3945082258078135,0.10573458127138531,12.128662295355149
SS-A01_theta2,125600000.0,7.233436432643088,0.8082009861081271,0.39490378075562355,0.10575911412881794,12.112347029529811
SS-A01_theta2,125900000.0,7.2326057504198165,0.807031961671647,0.3952987734946886,0.1057835591860608,12.09609277463217
SS-A01_theta2,126200000.0,7.231778354321029,0.8058674532999034,0.39569320645104117,0.10580791694807164,12.079899163726049
SS-A01_theta2,126500000.0,7.2309542235268855,0.8047074333088345,0.3960870820351933,0.1058321879158157,12.063765832961552
SS-A01_theta2,126800000.0,7.2301333373986285,0.803551874248218,0.39648040264227075,0.10585637258630555,12.047692421541472
SS-A01_theta2,127100000.0,7.229315675476594,0.8024007488991577,0.39687317065214867,0.10588047145264094,12.031678571688303
SS-A01_theta2,127400000.0,7.228501217478225,0.8012540302716008,0.39726538842958353,0.10590448500404809,12.015723928611523
SS-A01_theta2,127700000.0,7.227689943296133,0.8001116916018896,0.3976570583243455,0.10592841372591842,11.99982814047546
SS-A01_theta2,128000000.0,7.226881832996171,0.7989737063503407,0.39804818267134745,0.10595225809984682,11.983990858367447
SS-A01_theta2,128300000.0,7.226076866815545,0.797840048198861,0.39843876379077414,0.10597601860366951,11.968211736266523
SS-A01_theta2,128600000.0,7.225275025160938,0.7967106910485913,0.39882880398820963,0.10599969571150107,11.952490431012507
SS-A01_theta2,128900000.0,7.22447628860666,0.7955856090175784,0.39921830555476123,0.10602328989377204,11.936826602275335
SS-A01_theta2,129200000.0,7.223680637892838,0.7944647764384843,0.3996072707671869,0.1060468016172648,11.921219912525109
SS-A01_theta2,129500000.0,7.222888053923607,0.7933481678563162,0.3999957018880153,0.10607023134514978,11.905670027002214
SS-A01_theta2,129800000.0,7.222098517765345,0.7922357580261914,0.4003836011656692,0.10609357953702109,11.89017661368803
SS-A01_theta2,130100000.0,7.221312010644917,0.7911275219111287,0.4007709708345851,0.1061168466489315,11.874739343275962
SS-A01_theta2,130400000.0,7.22052851394795,0.7900234346798681,0.401157813115333,0.10614003313342746,11.85935788914282
SS-A01_theta2,130700000.0,7.219748009217123,0.7889234717047185,0.4015441302147328,0.10616313943958311,11.844031927320632
SS-A01_theta2,131000000.0,7.218970478150491,0.787827608559434,0.40192992432597313,0.10618616601303466,11.828761136468765
SS-A01_theta2,131300000.0,7.218195902599818,0.7867358210171114,0.40231519762872336,0.10620911329601335,11.813545197846393
SS-A01_theta2,131600000.0,7.217424264568941,0.7856480850481254,0.40269995228925154,0.10623198172737887,11.798383795285476
SS-A01_theta2,131900000.0,7.216655546212148,0.7845643768180768,0.4030841904605334,0.10625477174265222,11.783276615163793
SS-A01_theta2,132200000.0,7.2158897298325835,0.783484672685776,0.4034679142823664,0.10627748377404764,11.76822334637862
SS-A01_theta2,132500000.0,7.215126797880672,0.7824089492012491,0.40385112588147937,0.10630011825050474,11.753223680320598
SS-A01_theta2,132800000.0,7.214366732952558,0.7813371831037663,0.4042338273716419,0.10632267559772055,11.738277310847858
SS-A01_theta2,133100000.0,7.2136095177885675,0.7802693513198982,0.40461602085377196,0.10634515623817979,11.723383934260694
SS-A01_theta2,133400000.0,7.212855135271698,0.779205430961596,0.40499770841604327,0.10636756059118668,11.70854324927633
SS-A01_theta2,133700000.0,7.212103568426114,0.7781453993242953,0.40537889213399164,0.10638988907289464,11.693754957004199
SS-A01_theta2,134000000.0,7.2113548004156725,0.7770892338850393,0.405759574070618,0.10641214209633713,11.679018760921311
SS-A01_theta2,134300000.0,7.210608814542458,0.776036912300635,0.4061397562764941,0.10643432007145645,11.664334366848255
SS-A01_theta2,134600000.0,7.209865594245347,0.774988412405821,0.4065194407898633,0.10645642340513434,11.649701482925092
SS-A01_theta2,134900000.0,7.209125123098579,0.7739437122114657,0.40689862963674306,0.10647845250122052,11.63511981958791
SS-A01_theta2,135200000.0,7.208387384810352,0.7729027899027845,0.4072773248310246,0.10650040776056087,11.620589089545518
SS-A01_theta2,135500000.0,7.207652363221441,0.7718656238375801,0.4076555283745733,0.10652228958102695,11.606109007756382
SS-A01_theta2,135800000.0,7.206920042303821,0.7708321925445024,0.4080332422573256,0.1065440983575432,11.591679291405956
SS-A01_theta2,136100000.0,7.206190406159314,0.7698024747213323,0.40841046845738754,0.10656583448211523,11.577299659884234
SS-A01_theta2,136400000.0,7.205463439018253,0.7687764492332844,0.40878720894113,0.10658749834385738,11.562969834763548
SS-A01_theta2,136700000.0,7.204739125238167,0.7677540951113319,0.4091634656632851,0.10660909032901905,11.548689539776774
SS-A01_theta2,137000000.0,7.204017449302477,0.7667353915505506,0.4095392405670396,0.10663061082101243,11.534458500795646
SS-A01_theta2,137300000.0,7.203298395819201,0.765720317908483,0.40991453558412855,0.10665206020043853,11.52027644580942
SS-A01_theta2,137600000.0,7.202581949519689,0.7647088537035247,0.41028935263492805,0.10667343884511359,11.506143104903815
SS-A01_theta2,137900000.0,7.201868095257371,0.7637009786133245,0.4106636936285456,0.1066947471300949,11.492058210240122
SS-A01_theta2,138200000.0,7.201156818006511,0.7626966724732125,0.4110375604629125,0.10671598542770655,11.478021496034726
SS-A01_theta2,138500000.0,7.200448102860984,0.7616959152746375,0.4114109550248713,0.10673715410756471,11.464032698538675
SS-A01_theta2,138800000.0,7.199741935033071,0.7606986871636303,0.41178387919026566,0.10675825353660248,11.450091556017663
SS-A01_theta2,139100000.0,7.199038299852252,0.7597049684392831,0.41215633482402875,0.10677928407909525,11.4361978087322
SS-A01_theta2,139400000.0,7.198337182764045,0.7587147395522443,0.4125283237802678,0.10680024609668436,11.422351198917967
SS-A01_theta2,139700000.0,7.197638569328822,0.7577279811032371,0.4128998479023534,0.10682113994840224,11.408551470766524
SS-A01_theta2,140000000.0,7.196942445220666,0.7567446738415899,0.4132709090230018,0.10684196599069538,11.394798370406146
SS-A01_theta2,140300000.0,7.196248796226235,0.7557647986637883,0.41364150896436064,0.10686272457744898,11.381091645882922
SS-A01_theta2,140600000.0,7.195557608243631,0.75478833661204,0.41401164953809183,0.10688341606000977,11.367431047142077
SS-A01_theta2,140900000.0,7.1948688672813015,0.7538152688728628,0.4143813325454548,0.10690404078720918,11.353816326009591
SS-A01_theta2,141200000.0,7.194182559456929,0.7528455767756831,0.41475055977738773,0.10692459910538643,11.340247236173903
SS-A01_theta2,141500000.0,7.193498670996354,0.7518792417914534,0.4151193330145882,0.1069450913584114,11.326723533167906
SS-A01_theta2,141800000.0,7.192817188232511,0.7509162455312884,0.4154876540275947,0.10696551788770635,11.313244974351207
SS-A01_theta2,142100000.0,7.192138097604359,0.7499565697451127,0.4158555245768647,0.10698587903226878,11.29981131889249
SS-A01_theta2,142400000.0,7.191461385655839,0.7490001963203262,0.4162229464128535,0.10700617512869304,11.286422327752135
SS-A01_theta2,142700000.0,7.190787039034852,0.7480471072804874,0.4165899212760924,0.10702640651119157,11.273077763665121
SS-A01_theta2,143000000.0,7.190115044492227,0.7470972847840078,0.4169564508972658,0.10704657351161735,11.259777391123947
SS-A01_theta2,143300000.0,7.189445388880715,0.7461507111228645,0.41732253699728683,0.10706667645948431,11.246520976361928
SS-A01_theta2,143600000.0,7.188778059153996,0.7452073687213269,0.41768818128737367,0.1070867156819882,11.233308287336643
SS-A01_theta2,143900000.0,7.1881130423656945,0.7442672401346976,0.4180533854691235,0.1071066915040279,11.220139093713485
SS-A01_theta2,144200000.0,7.187450325668402,0.7433303080480685,0.4184181512345875,0.10712660424822568,11.207013166849508
SS-A01_theta2,144500000.0,7.186789896312726,0.7423965552750923,0.4187824802663438,0.10714645423494722,11.193930279777456
SS-A01_theta2,144800000.0,7.186131741646326,0.7414659647567634,0.4191463742375692,0.10716624178232226,11.180890207189861
SS-A01_theta2,145100000.0,7.185475849112987,0.7405385195602214,0.41950983481211335,0.1071859672062637,11.16789272542354
SS-A01_theta2,145400000.0,7.184822206251683,0.7396142028775573,0.419872863644567,0.10720563082048803,11.154937612443995
SS-A01_theta2,145700000.0,7.184170800695669,0.7386929980246445,0.4202354623803351,0.10722523293653403,11.142024647830269
SS-A01_theta2,146000000.0,7.18352162017156,0.7377748884399745,0.4205976326557053,0.10724477386378271,11.129153612759755
SS-A01_theta2,146300000.0,7.18287465249846,0.7368598576835113,0.4209593760979178,0.10726425390947562,11.11632428999335
SS-A01_theta2,146600000.0,7.182229885587048,0.7359478894355544,0.42132069432523295,0.10728367337873407,11.103536463860628
SS-A01_theta2,146900000.0,7.181587307438719,0.7350389674956195,0.421681588947,0.10730303257457778,11.090789920245308
SS-A01_theta2,147200000.0,7.180946906144726,0.7341330757813275,0.422042061563724,0.10732233179794298,11.078084446570806
SS-A01_theta2,147500000.0,7.180308669885308,0.7332301983273096,0.4224021137671324,0.10734157134770078,11.06541983178603
SS-A01_theta2,147800000.0,7.179672586928853,0.7323303192841218,0.42276174714024123,0.10736075152067552,11.0527958663512
SS-A01_theta2,148100000.0,7.179038645631064,0.7314334229171725,0.4231209632574192,0.10737987261166208,11.040212342223974
SS-A01_theta2,148400000.0,7.178406834434135,0.7305394936056654,0.4234797636844545,0.10739893491344354,11.027669052845726
SS-A01_theta2,148700000.0,7.177777141865928,0.7296485158415464,0.42383814997861624,0.10741793871680914,11.015165793127778
SS-A01_theta2,149000000.0,7.17714955653917,0.7287604742284728,0.4241961236887205,0.10743688431057115,11.00270235943809
SS-A01_theta2,149300000.0,7.176524067150661,0.7278753534807854,0.424553686355192,0.10745577198158203,10.990278549587853
SS-A01_theta2,149600000.0,7.17590066248047,0.7269931384224937,0.42491083951012515,0.1074746020147513,10.977894162818338
SS-A01_theta2,149900000.0,7.175279331391174,0.7261138139862784,0.4252675846773484,0.10749337469306226,10.96554899978792
SS-A01_theta2,150200000.0,7.174660062827072,0.7252373652124956,0.4256239233724834,0.1075120902975889,10.953242862559152
SS-A01_theta2,150500000.0,7.174042845813433,0.7243637772481996,0.4259798571030058,0.10753074910751184,10.940975554586052
SS-A01_theta2,150800000.0,7.173427669455736,0.7234930353461723,0.42633538736830534,0.1075493514001347,10.92874688070152
SS-A01_theta2,151100000.0,7.172814522938932,0.7226251248639665,0.4266905156597461,0.1075678974509,10.916556647104926
SS-A01_theta2,151400000.0,7.1722033955267,0.7217600312629563,0.4270452434607244,0.10758638753340519,10.904404661349764
SS-A01_theta2,151700000.0,7.17159427656072,0.7208977401073984,0.4273995722467266,0.10760482191941904,10.892290732331386
SS-A01_theta2,152000000.0,7.170987155459959,0.7200382370635086,0.4277535034853883,0.10762320087889542,10.880214670275196
SS-A01_theta2,152300000.0,7.170382021719954,0.7191815078985413,0.428107038636551,0.10764152467999068,10.868176286724495
SS-A01_theta2,152600000.0,7.169778864912107,0.7183275384798835,0.4284601791523179,0.1076597935890773,10.856175394528865
SS-A01_theta2,152900000.0,7.169177674682993,0.717476314774158,0.42881292647711144,0.10767800787076036,10.844211807832439
SS-A01_theta2,153200000.0,7.168578440753667,0.7166278228463355,0.42916528204772836,0.10769616778789123,10.832285342062422
SS-A01_theta2,153500000.0,7.167981152918982,0.7157820488588565,0.4295172472933946,0.10771427360158298,10.820395813917685
SS-A01_theta2,153800000.0,7.167385801046925,0.7149389790707635,0.4298688236358201,0.10773232557122495,10.808543041357485
SS-A01_theta2,154100000.0,7.166792375077942,0.7140985998368422,0.4302200124892535,0.10775032395449714,10.796726843590333
SS-A01_theta2,154400000.0,7.166200865024281,0.7132608976067719,0.4305708152605354,0.10776826900738457,10.784947041062964
SS-A01_theta2,154700000.0,7.165611260969343,0.7124258589242831,0.4309212333491505,0.10778616098419123,10.773203455449403
SS-A01_theta2,155000000.0,7.165023553067039,0.7115934704263288,0.43127126814728184,0.10780400013755458,10.761495909640207
SS-A01_theta2,155300000.0,7.164437731541146,0.7107637188422611,0.43162092103986294,0.10782178671845896,10.749824227731796
SS-A01_theta2,155600000.0,7.163853786684688,0.7099365909930158,0.4319701934046275,0.10783952097624953,10.738188235015848
SS-A01_theta2,155900000.0,7.1632717088593,0.7091120737903104,0.4323190866121639,0.10785720315864623,10.726587757968911
SS-A01_theta2,156200000.0,7.162691488494623,0.7082901542358442,0.43266760202596244,0.1078748335117565,10.71502262424201
SS-A01_theta2,156500000.0,7.1621131160876885,0.7074708194205137,0.43301574100246887,0.10789241228008917,10.7034926626505
SS-A01_theta2,156800000.0,7.161536582202314,0.7066540565236314,0.4333635048911325,0.10790993970656759,10.691997703163883
SS-A01_theta2,157100000.0,7.160961877468512,0.7058398528121531,0.433710895034455,0.10792741603254254,10.680537576895818
SS-A01_theta2,157400000.0,7.160388992581896,0.7050281956399178,0.4340579127680415,0.10794484149780544,10.669112116094233
SS-A01_theta2,157700000.0,7.159817918303097,0.7042190724468907,0.4344045594206476,0.10796221634060076,10.657721154131545
SS-A01_theta2,158000000.0,7.159248645457185,0.7034124707584166,0.43475083631422823,0.10797954079763912,10.646364525494938
SS-A01_theta2,158300000.0,7.158681164933106,0.7026083781844802,0.43509674476398436,0.1079968151041095,10.635042065776778
SS-A01_theta2,158600000.0,7.1581154676831025,0.7018067824189758,0.43544228607841157,0.10801403949369191,10.623753611665148
SS-A01_theta2,158900000.0,7.157551544722169,0.7010076712389819,0.4357874615593457,0.10803121419856969,10.612499000934424
SS-A01_theta2,159200000.0,7.1569893871274886,0.7002110325040466,0.4361322725020104,0.10804833944944155,10.60127807243603
SS-A01_theta2,159500000.0,7.156428986037893,0.6994168541554786,0.4364767201950626,0.10806541547553375,10.590090666089207
SS-A01_theta2,159800000.0,7.155870332653314,0.6986251242156442,0.4368208059206373,0.10808244250461188,10.57893662287194
SS-A01_theta2,160100000.0,7.1553134182342575,0.6978358307872752,0.43716453095439406,0.108099420762993,10.56781578481193
SS-A01_theta2,160400000.0,7.154758234101266,0.697048962052782,0.4375078965655618,0.10811635047555704,10.55672799497773
SS-A01_theta2,160700000.0,7.154204771634395,0.6962645062735735,0.4378509040169827,0.10813323186575856,10.545673097469917
SS-A01_theta2,161000000.0,7.153653022272698,0.6954824517893827,0.4381935545651551,0.10815006515563834,10.534650937412296
SS-A01_theta2,161300000.0,7.153102977513712,0.6947027870176049,0.4385358494602799,0.10816685056583446,10.523661360943393
SS-A01_theta2,161600000.0,7.15255462891295,0.6939255004526359,0.438877789946302,0.1081835883155938,10.512704215207826
SS-A01_theta2,161900000.0,7.152007968083393,0.6931505806652204,0.4392193772609527,0.1082002786227831,10.501779348347856
SS-A01_theta2,162200000.0,7.151462986695004,0.692378016301807,0.4395606126357933,0.10821692170389993,10.49088660949504
SS-A01_theta2,162500000.0,7.150919676474227,0.691607796083911,0.4399014972962576,0.10823351777408392,10.480025848761963
SS-A01_theta2,162800000.0,7.150378029203502,0.690839908807479,0.44024203246169213,0.10825006704712721,10.469196917233981
SS-A01_theta2,163100000.0,7.149838036720789,0.6900743433422668,0.4405822193453993,0.10826656973548553,10.458399666961173
SS-A01_theta2,163400000.0,7.149299690919078,0.6893110886312169,0.4409220591546769,0.10828302605028836,10.447633950950271
SS-A01_theta2,163700000.0,7.148762983745935,0.6885501336898481,0.4412615530908599,0.10829943620134994,10.436899623156735
SS-A01_theta2,164000000.0,7.148227907203022,0.6877914676056471,0.4416007023493606,0.10831580039717958,10.426196538476841
SS-A01_theta2,164300000.0,7.147694453345639,0.6870350795374686,0.44193950811970834,0.10833211884499175,10.415524552739956
SS-A01_theta2,164600000.0,7.147162614282269,0.6862809587149413,0.4422779715855898,0.1083483917507161,10.404883522700818
SS-A01_theta2,164900000.0,7.146632382174123,0.6855290944378769,0.44261609392488654,0.10836461931900875,10.394273306031792
SS-A01_theta2,165200000.0,7.146103749234691,0.6847794760756915,0.4429538763097168,0.10838080175326059,10.383693761315518
SS-A01_theta2,165500000.0,7.145576707729304,0.6840320930668261,0.4432913199064723,0.10839693925560871,10.37314474803726
SS-A01_theta2,165800000.0,7.14505124997469,0.6832869349181758,0.44362842587585644,0.10841303202694519,10.362626126577588
SS-A01_theta2,166100000.0,7.144527368338539,0.6825439912045261,0.44396519537292334,0.10842908026692767,10.352137758205014
SS-A01_theta2,166400000.0,7.144005055239086,0.681803251567992,0.4443016295471148,0.10844508417398831,10.34167950506876
SS-A01_theta2,166700000.0,7.143484303144665,0.6810647057174658,0.44463772954229824,0.1084610439453439,10.331251230191567
SS-A01_theta2,167000000.0,7.142965104573306,0.6803283434280661,0.44497349649680273,0.10847695977700458,10.320852797462598
SS-A01_theta2,167300000.0,7.142447452092307,0.679594154540598,0.4453089315434573,0.1084928318637842,10.310484071630375
SS-A01_theta2,167600000.0,7.14193133831783,0.6788621289610132,0.44564403580962575,0.10850866039930913,10.300144918295793
SS-A01_theta2,167900000.0,7.141416755914487,0.6781322566598795,0.44597881041724385,0.1085244455760269,10.28983520390531
SS-A01_theta2,168200000.0,7.140903697594935,0.6774045276718523,0.44631325648285447,0.10854018758521644,10.27955479574398
SS-A01_theta2,168500000.0,7.140392156119484,0.6766789320951552,0.4466473751176444,0.10855588661699633,10.269303561928815
SS-A01_theta2,168800000.0,7.139882124295692,0.6759554600910608,0.4469811674274773,0.10857154286033364,10.259081371402008
SS-A01_theta2,169100000.0,7.139373594977976,0.6752341018833818,0.44731463451293096,0.10858715650305363,10.24888809392433
SS-A01_theta2,169400000.0,7.138866561067227,0.6745148477579634,0.44764777746933054,0.10860272773184772,10.238723600068557
SS-A01_theta2,169700000.0,7.138361015510424,0.6737976880621818,0.4479805973867835,0.10861825673228223,10.228587761212985
SS-A01_theta2,170000000.0,7.1378569513002486,0.6730826132044475,0.44831309535021313,0.10863374368880772,10.218480449534953
SS-A01_theta3,20000000.0,10.657156125176732,3.1756570437560927,0.20169947410267006,0.047527545611580124,83.56454662017764
SS-A01_theta3,20300000.0,10.63860932236203,3.147384048139115,0.2031093265351022,0.04736015079425327,82.96151271740143
SS-A01_theta3,20600000.0,10.620465785806749,3.119803455519824,0.2045088312506214,0.04719980547923912,82.36820793614775
SS-A01_theta3,20900000.0,10.602711070345249,3.0928882551432504,0.20589821912775352,0.04704623530256639,81.7844102314143
SS-A01_theta3,21200000.0,10.585331445846338,3.0666128668224317,0.20727771262159764,0.04689917828570975,81.20990435254146
SS-A01_theta3,21500000.0,10.56831385231062,3.0409530458964165,0.20864752618776494,0.046758384169939333,80.64448152740528
SS-A01_theta3,21800000.0,10.551645858368321,3.015885795742782,0.21000786667929747,0.04662361379322972,80.08793917033225
SS-A01_theta3,22100000.0,10.535315622877286,2.9913892871485297,0.21135893371863837,0.04649463850654562,79.54008061135899
SS-A01_theta3,22400000.0,10.51931185935104,2.9674427839159474,0.21270092004654284,0.04637123962659441,79.00071484472082
SS-A01_theta3,22700000.0,10.503623802973612,2.9440265741442815,0.21403401184965182,0.04625320792237926,78.4696562946915
SS-A01_theta3,23000000.0,10.488241179981678,2.921121906684895,0.21535838906829946,0.046140343133108316,77.94672459710424
SS-A01_theta3,23300000.0,10.473154179215685,2.8987109323180267,0.2166742256859931,0.0460324535152195,77.43174439506208
SS-A01_theta3,23600000.0,10.458353425660732,2.8767766492440434,0.21798169000187975,0.04592935541645988,76.924545147519
SS-A01_theta3,23900000.0,10.443829955814644,2.855302852521864,0.21928094488740493,0.04583087287512943,76.42496094954218
SS-A01_theta3,24200000.0,10.429575194735984,2.8342740871227754,0.22057214802827033,0.045736837242747276,75.93283036320736
SS-A01_theta3,24500000.0,10.415580934638188,2.8136756042994553,0.22185545215270405,0.04564708682853809,75.44799625818135
SS-A01_theta3,24800000.0,10.401839314908226,2.793493320998355,0.22313100524697965,0.04556146656426177,74.97030566115374
SS-A01_theta3,25100000.0,10.388342803439,2.7737137820688673,0.22439895075904137,0.04547982768802464,74.49960961336191
SS-A01_theta3,25400000.0,10.375084179174605,2.754324125045407,0.22565942779102854,0.04540202744581456,74.03576303553741
SS-A01_theta3,25700000.0,10.362056515776406,2.735312047298887,0.2269125712814293,0.04532792880959866,73.57862459966992
SS-A01_theta3,26000000.0,10.349253166325763,2.716665775372329,0.22815851217753721,0.04525740021090957,73.12805660704596
SS-A01_theta3,26300000.0,10.336667748986615,2.698374036331861,0.22939737759883622,0.0451903152889266,72.68392487207817
SS-A01_theta3,26600000.0,10.324294133557402,2.6804260309790746,0.2306292909918858,0.04512655265213142,72.24609861148511
SS-A01_theta3,26900000.0,10.312126428847955,2.6628114087842127,0.23185437227724626,0.04506599565268535,71.81445033843102
SS-A01_theta3,27200000.0,10.300158970822109,2.6455202444115846,0.23307273798893158,0.04500853217273606,71.38885576127038
SS-A01_theta3,27500000.0,10.288386311451749,2.628543015719651,0.2342845014068555,0.04495405442192104,70.96919368657589
SS-A01_theta3,27800000.0,10.276803208232401,2.6118705831279865,0.2354897726826897,0.04490245874538282,70.55534592616418
SS-A01_theta3,28100000.0,10.26540461431439,2.595494170252371,0.23668865895953645,0.0448536454416642,70.14719720785423
SS-A01_theta3,28400000.0,10.254185669207343,2.579405345717298,0.23788126448577676,0.04480751858989059,69.74463508972518
SS-A01_theta3,28700000.0,10.243141690019037,2.5635960060626317,0.23906769072344222,0.044763985885691686,69.34754987765594
SS-A01_theta3,29000000.0,10.232268163192673,2.5480583596677984,0.24024803645142503,0.04472295848534907,68.9558345459531
SS-A01_theta3,29300000.0,10.221560736709398,2.532784911623016,0.2414223978638253,0.04468435085769247,68.56938466088812
SS-A01_theta3,29600000.0,10.211015212725385,2.517768449482631,0.24259086866371252,0.044648080643299705,68.18809830698108
SS-A01_theta3,29900000.0,10.200627540615217,2.503002029840681,0.24375354015255898,0.04461406852058259,67.8118760158843
SS-A01_theta3,30200000.0,10.190393810395202,2.48847896567343,0.24491050131558756,0.04458223807837124,67.44062069772815
SS-A01_theta3,30500000.0,10.180310246502446,2.474192814397865,0.24606183890325914,0.044552515694632984,67.074237574804
SS-A01_theta3,30800000.0,10.170373201907113,2.460137366598979,0.24720763750911093,0.04452483042098476,66.71263411747164
SS-A01_theta3,31100000.0,10.160579152536938,2.4463066353822303,0.24834797964414426,0.04449911387268208,66.355719982182
SS-A01_theta3,31400000.0,10.150924691994703,2.432694846310777,0.24948294580794508,0.04447530012378408,66.00340695152126
SS-A01_theta3,31700000.0,10.141406526550524,2.4192964278900826,0.25061261455671235,0.04445332560721692,65.65560887618172
SS-A01_theta3,32000000.0,10.132021470392322,2.4061060025652066,0.25173706256835704,0.044433129019471905,65.31224161877809
SS-A01_theta3,32300000.0,10.122766441118817,2.3931183781985825,0.2528563647048231,0.04441465122969231,64.97322299943005
SS-A01_theta3,32600000.0,10.113638455460553,2.3803285399984078,0.25397059407177547,0.04439783519291805,64.63847274303727
SS-A01_theta3,32900000.0,10.104634625215475,2.367731642869878,0.25507982207578817,0.04438262586726978,64.3079124281813
SS-A01_theta3,33200000.0,10.095752153386394,2.355323004163443,0.2561841184791612,0.04436897013486988,63.98146543758641
SS-A01_theta3,33500000.0,10.086988330508651,2.3430980967960666,0.25728355145248344,0.044356816726306196,63.65905691008312
SS-A01_theta3,33800000.0,10.078340531156963,2.331052542723123,0.2583781876250545,0.044346116148458646,63.34061369401671
SS-A01_theta3,34100000.0,10.069806210621223,2.319182106740089,0.25946809213327204,0.044336820615518684,63.02606430204591
SS-A01_theta3,34400000.0,10.061382901741704,2.3074826905946058,0.26055332866708164,0.04432888398303941,62.71533886728499
SS-A01_theta3,34700000.0,10.053068211894642,2.2959503273907966,0.2616339595145867,0.044322261684867297,62.40836910073827
SS-A01_theta3,35000000.0,10.044859820119902,2.284581176268907,0.2627100456049024,0.04431691067281079,62.105088249984036
SS-A01_theta3,35300000.0,10.036755474382803,2.273371517344474,0.26378164654934116,0.044312789358912,61.80543105906446
SS-A01_theta3,35600000.0,10.028752988962825,2.2623177468922724,0.26484882068100657,0.04430985756019463,61.50933372954057
SS-A01_theta3,35900000.0,10.020850241962261,2.2514163727612084,0.2659116250928708,0.044308076445767224,61.21673388267393
SS-A01_theta3,36200000.0,10.013045172928354,2.240664010007236,0.2669701156744039,0.04430740848616844,60.9275705226973
SS-A01_theta3,36500000.0,10.005335780582897,2.230057376732236,0.2680243471468265,0.044307817404847495,60.641784001140124
SS-A01_theta3,36800000.0,9.997720120653547,2.219593290117479,0.2690743730970431,0.04430926813167807,60.35931598217291
SS-A01_theta3,37100000.0,9.990196303801566,2.209268662641083,0.2701202460103189,0.0443117267584092,60.080109408939734
SS-A01_theta3,37400000.0,9.982762493640916,2.199080498469503,0.2711620173017573,0.044315160495962694,59.80410847084776
SS-A01_theta3,37700000.0,9.975416904844002,2.1890258900136867,0.27219973734662695,0.04431953763349112,59.53125857178171
SS-A01_theta3,38000000.0,9.968157801329628,2.179102014641165,0.27323345550959705,0.04432482749911393,59.2615062992183
SS-A01_theta3,38300000.0,9.96098349452896,2.1693061315357864,0.27426322017291915,0.04433100042225614,58.994799394207284
SS-A01_theta3,38600000.0,9.953892341725581,2.1596355786974044,0.2752890787636102,0.044338027697513736,58.7310867221997
SS-A01_theta3,38900000.0,9.946882744465896,2.1500877700741934,0.27631107777967256,0.04434588154997857,58.47031824469084
SS-A01_theta3,39200000.0,9.939953147036418,2.140660192820786,0.27732926281539894,0.044354535101955896,58.21244499165697
SS-A01_theta3,39500000.0,9.933102035004605,2.1313504046757554,0.27834367858579484,0.044363962341011504,57.957419034761216
SS-A01_theta3,39800000.0,9.926327933820174,2.122156031452393,0.2793543689501602,0.04437413808928944,57.705193461305
SS-A01_theta3,40100000.0,9.919629407473897,2.1130747646370662,0.28036137693486407,0.04438503797404435,57.45572234890233
SS-A01_theta3,40400000.0,9.913005057211182,2.104104359089759,0.28136474475534384,0.04439663839933308,57.20896074085723
SS-A01_theta3,40700000.0,9.90645352029771,2.09524263084173,0.2823645138373653,0.044408916518817156,56.96486462222035
SS-A01_theta3,41000000.0,9.899973468834771,2.086487454985487,0.2833607248375689,0.044421850209624344,56.723390896508505
SS-A01_theta3,41300000.0,9.893563608621879,2.077836763652567,0.28435341766333494,0.044435418047226685,56.48449736306328
SS-A01_theta3,41600000.0,9.887222678064422,2.069288544074841,0.2853426314919929,0.044449599281287965,56.248142695033565
SS-A01_theta3,41900000.0,9.880949447124392,2.0608408367253315,0.28632840478940275,0.04446437381244083,56.0142864179616
SS-A01_theta3,42200000.0,9.874742716312007,2.052491733534712,0.2873107753279313,0.04447972216995307,55.78288888895489
SS-A01_theta3,42500000.0,9.868601315716532,2.0442393761799025,0.2882897802038497,0.04449562549024543,55.553911276427556
SS-A01_theta3,42800000.0,9.862524104074383,2.036081954441355,0.28926545585417274,0.04451206549622438,55.32731554039408
SS-A01_theta3,43100000.0,9.856509967872935,2.0280177046257997,0.2902378380729628,0.04452902447739565,55.10306441329972
SS-A01_theta3,43400000.0,9.850557820488298,2.0200449080514122,0.2912069620271192,0.04454648527072679,54.88112138137046
SS-A01_theta3,43700000.0,9.84466660135571,2.0121618895925057,0.2921728622716713,0.04456443124222509,54.66145066647004
SS-A01_theta3,44000000.0,9.838835275170938,2.0043670162810243,0.2931355727645968,0.04458284626920479,54.44401720844532
SS-A01_theta3,44300000.0,9.83306283112147,1.9966586959622385,0.2940951268811796,0.04460171472321017,54.22878664795151
SS-A01_theta3,44600000.0,9.827348282146065,1.9890353760021913,0.2950515574279291,0.04462102145357267,54.01572530973697
SS-A01_theta3,44900000.0,9.821690664221544,1.9814955420445624,0.29600489665607166,0.044640751771572014,53.804800186379296
SS-A01_theta3,45200000.0,9.816089035675539,1.974037716814745,0.29695517627463636,0.04466089143517973,53.59597892245582
SS-A01_theta3,45500000.0,9.810542476524212,1.9666604589690464,0.29790242746314455,0.04468142663435816,53.38922979914057
SS-A01_theta3,45800000.0,9.805050087833749,1.9593623619869973,0.29884668088392086,0.04470234397689635,53.184521719209364
SS-A01_theta3,46100000.0,9.799610991104734,1.952142053104911,0.2997879666940374,0.04472363047475724,52.98182419244752
SS-A01_theta3,46400000.0,9.794224327678364,1.9449981922888844,0.30072631455690857,0.04474527353091972,52.78110732144294
SS-A01_theta3,46700000.0,9.788889258163652,1.9379294712455193,0.3016617536535411,0.04476726092669191,52.58234178775789
SS-A01_theta3,47000000.0,9.7836049618847,1.9309346124687736,0.3025943126934599,0.04478958080947933,52.38549883846649
SS-A01_theta3,47300000.0,9.778370636347256,1.924012368321382,0.3035240199253174,0.04481222168099002,52.19055027304734
SS-A01_theta3,47600000.0,9.773185496723736,1.9171615201493717,0.304450903147196,0.044835172385857755,51.99746843062177
SS-A01_theta3,47900000.0,9.768048775355954,1.9103808774283026,0.3053749897166177,0.04485842210066894,51.806226177527314
SS-A01_theta3,48200000.0,9.762959721274894,1.903669276939881,0.30629630656026957,0.04488196032337556,51.616796895217604
SS-A01_theta3,48500000.0,9.757917599736786,1.8970255819776893,0.3072148801834528,0.044905776863080574,51.429154468478394
SS-A01_theta3,48800000.0,9.752921691774842,1.8904486815808366,0.30813073667926966,0.044929861830180585,51.24327327395141
SS-A01_theta3,49100000.0,9.74797129376606,1.883937489794367,0.30904390173755264,0.04495420562685276,51.05912816895631
SS-A01_theta3,49400000.0,9.743065717012488,1.8774909449553407,0.30995440065354596,0.044978798937870955,50.87669448060418
SS-A01_theta3,49700000.0,9.73820428733635,1.871108009003553,0.3108622583363502,0.045003632721741404,50.695947995191865
SS-A01_theta3,50000000.0,9.733386344688554,1.8647876668158734,0.3117674993171331,0.04502869820214246,50.51686494787124
SS-A01_theta3,50300000.0,9.728611242770011,1.8585289255632849,0.3126701477571199,0.04505398685965978,50.33942201258395
SS-A01_theta3,50600000.0,9.723878348665275,1.8523308140896975,0.313570227455365,0.045079490423803756,50.16359629225561
SS-A01_theta3,50900000.0,9.719187042488102,1.8461923823116884,0.31446776185631775,0.045105200865299316,49.98936530924134
SS-A01_theta3,51200000.0,9.714536717038351,1.8401127006383236,0.3153627740571829,0.04513111038863829,49.816706996015064
SS-A01_theta3,51500000.0,9.709926777469917,1.8340908594103011,0.3162552868150885,0.045157211424883534,49.645599686097164
SS-A01_theta3,51800000.0,9.705356640969217,1.8281259683576407,0.31714532255406314,0.045183496624715914,49.47602210521275
SS-A01_theta3,52100000.0,9.700825736443846,1.8222171560752132,0.3180329033718306,0.045209958851716255,49.307953362673175
SS-A01_theta3,52400000.0,9.696333504221014,1.8163635695154166,0.31891805104642595,0.04523659117587076,49.141372942977576
SS-A01_theta3,52700000.0,9.691879395755452,1.810564373497352,0.3198007870426429,0.045263386867294905,48.97626069762468
SS-A01_theta3,53000000.0,9.687462873346359,1.804818750231863,0.32068113251831193,0.045290339390165565,48.8125968371315
SS-A01_theta3,53300000.0,9.683083409863142,1.7991258988618362,0.32155910833041873,0.045317442396854396,48.65036192325233
SS-A01_theta3,53600000.0,9.678740488479553,1.793485035017203,0.32243473504106746,0.045344689722255915,48.489536861391976
SS-A01_theta3,53900000.0,9.674433602415995,1.787895390384068,0.3233080329232898,0.045372075378301284,48.33010289320902
SS-A01_theta3,54200000.0,9.670162254689624,1.7823562122874768,0.32417902196671305,0.04539959354865409,48.17204158940257
SS-A01_theta3,54500000.0,9.665925957872046,1.7768667632872681,0.3250477218830798,0.04542723858357765,48.01533484267865
SS-A01_theta3,54800000.0,9.661724233854288,1.7714263207865717,0.32591415211163355,0.045455004994971585,47.859964860889924
SS-A01_theta3,55100000.0,9.657556613618784,1.766034176652478,0.3267783318243719,0.045482887451569046,47.705914160345436
SS-A01_theta3,55400000.0,9.653422637018174,1.7606896368484195,0.3276402799311669,0.045510880774289275,47.55316555928482
SS-A01_theta3,55700000.0,9.649321852560618,1.7553920210778517,0.32850001508476145,0.045538979931741566,47.401702171511516
SS-A01_theta3,56000000.0,9.645253817201468,1.7501406624388491,0.3293575556856452,0.04556718003587239,47.251507400184146
SS-A01_theta3,56300000.0,9.641218096140992,1.7449349070891758,0.33021291988680934,0.04559547633775368,47.10256493175677
SS-A01_theta3,56600000.0,9.637214262628033,1.7397741139215077,0.3310661255983894,0.04562386422350545,46.95485873006804
SS-A01_theta3,56900000.0,9.633241897769318,1.7346576542484144,0.331917190492195,0.045652339210347836,46.80837303057366
SS-A01_theta3,57200000.0,9.629300590344295,1.7295849114967676,0.33276613200613087,0.04568089694277984,46.663092334717376
SS-A01_theta3,57500000.0,9.625389936625242,1.7245552809112552,0.3336129673485161,0.045709533188878486,46.51900140443861
SS-A01_theta3,57800000.0,9.62150954020256,1.719568169266663,0.33445771350229714,0.04573824383671464,46.37608525681219
SS-A01_theta3,58100000.0,9.617659011814942,1.7146229945886349,0.3353003872291648,0.04576702489088293,46.23432915881532
SS-A01_theta3,58400000.0,9.613837969184425,1.709719185882625,0.33614100507357475,0.045795872469139166,46.0937186222215
SS-A01_theta3,58700000.0,9.610046036855993,1.704856182870726,0.3369795833666717,0.04582478279914465,45.954239398613645
SS-A01_theta3,59000000.0,9.606282846041724,1.7000334357361617,0.33781613823012757,0.045853752215310344,45.815877474518594
SS-A01_theta3,59300000.0,9.602548034469226,1.6952504048751273,0.33865068557988703,0.045882777155740975,45.678619066654065
SS-A01_theta3,59600000.0,9.5988412462343,1.6905065606557637,0.3394832411298299,0.04591185415927235,45.542450617290186
SS-A01_theta3,59900000.0,9.595162131657599,1.685801383184005,0.34031382039534763,0.045940979862602184,45.40735878971754
SS-A01_theta3,60200000.0,9.591510347145297,1.6811343620761028,0.34114243869684285,0.04597015099750735,45.27333046382485
SS-A01_theta3,60500000.0,9.587885555053479,1.6765049962375513,0.34196911116314493,0.045999364388148264,45.140352731777284
SS-A01_theta3,60800000.0,9.58428742355623,1.6719127936482552,0.34279385273485313,0.04602861694845547,45.00841289379681
SS-A01_theta3,61100000.0,9.580715626517312,1.6673572711537006,0.34361667816760255,0.04605790567959557,44.877498454041095
SS-A01_theta3,61400000.0,9.57716984336523,1.6628379542619403,0.3444376020352583,0.046087227667515364,44.74759711657665
SS-A01_theta3,61700000.0,9.573649758971701,1.6583543769462188,0.34525663873303963,0.04611658008055956,44.61869678144665
SS-A01_theta3,62000000.0,9.570155063533281,1.6539060814530198,0.34607380248057357,0.046145960167161895,44.49078554082746
SS-A01_theta3,62300000.0,9.566685452456188,1.6494926181154095,0.34688910732488526,0.04617536525360493,44.3638516752755
SS-A01_theta3,62600000.0,9.563240626244117,1.6451135451714507,0.34770256714331843,0.04620479274184794,44.237883650058464
SS-A01_theta3,62900000.0,9.559820290389009,1.6407684285875663,0.34851419564639496,0.0462342401074198,44.11287011157098
SS-A01_theta3,63200000.0,9.556424155264684,1.6364568418866934,0.34932400638061606,0.046263704897375246,43.988799883832286
SS-A01_theta3,63500000.0,9.55305193602319,1.6321783659810292,0.3501320127311951,0.046293184728312044,43.86566196506211
SS-A01_theta3,63800000.0,9.549703352493875,1.6279325890092937,0.3509382279247405,0.04632267728444738,43.74344552433509
SS-A01_theta3,64100000.0,9.546378129085031,1.6237191061783138,0.3517426650318768,0.046352180315751175,43.62213989831049
SS-A01_theta3,64400000.0,9.543075994688067,1.6195375196088113,0.3525453369698102,0.04638169163613456,43.501734588035184
SS-A01_theta3,64700000.0,9.539796682584107,1.6153874381852775,0.35334625650484397,0.04641120912169269,43.382219255818285
SS-A01_theta3,65000000.0,9.536539930352975,1.6112684774097763,0.3541454362548357,0.04644073070899842,43.26358372217574
SS-A01_theta3,65300000.0,9.533305479784458,1.6071802592595892,0.35494288869160706,0.04647025439344664,43.14581796284285
SS-A01_theta3,65600000.0,9.530093076791813,1.60312241204856,0.355738626143302,0.046499778227646796,43.0289121058535
SS-A01_theta3,65900000.0,9.526902471327434,1.5990945702920416,0.35653266079669726,0.046529300319862826,42.91285642868356
SS-A01_theta3,66200000.0,9.523733417300612,1.595096374575318,0.35732500469946343,0.04655881883249829,42.79764135545747
SS-A01_theta3,66500000.0,9.520585672497345,1.5911274714254229,0.3581156697623825,0.0465883319806253,42.683257454216886
SS-A01_theta3,66800000.0,9.517458998502107,1.5871875131862114,0.35890466776151536,0.04661783803055686,42.56969543424767
SS-A01_theta3,67100000.0,9.514353160621559,1.5832761578966497,0.35969201034033293,0.0466473352984597,42.45694614346764
SS-A01_theta3,67400000.0,9.511267927810115,1.5793930691721474,0.3604777090117951,0.046676822149007605,42.34500056586882
SS-A01_theta3,67700000.0,9.508203072597327,1.5755379160889182,0.3612617751603953,0.046706296994072936,42.23384981901751
SS-A01_theta3,68000000.0,9.505158371017014,1.5717103730712274,0.3620442200441607,0.04673575829145686,42.123485151606424
SS-A01_theta3,68300000.0,9.50213360253811,1.5679101197814613,0.36282505479661187,0.04676520454365457,42.01389794106132
SS-A01_theta3,68600000.0,9.499128549997195,1.564136841012941,0.36360429042868575,0.04679463429665621,41.905079691198644
SS-A01_theta3,68900000.0,9.496142999532596,1.5603902265853833,0.3643819378306192,0.046824046138782806,41.79702202993274
SS-A01_theta3,69200000.0,9.493176740520093,1.5566699712429524,0.36515800777379637,0.0468534386995538,41.68971670703353
SS-A01_theta3,69500000.0,9.490229565510143,1.5529757745548027,0.3659325109125579,0.04688281064858759,41.5831555919308
SS-A01_theta3,69800000.0,9.48730127016656,1.5493073408180655,0.3667054577859771,0.04691216069453354,41.47733067156516
SS-A01_theta3,70100000.0,9.484391653206682,1.5456643789631999,0.36747685881960107,0.04694148758403258,41.372234048286174
SS-A01_theta3,70400000.0,9.481500516342892,1.5420466024616277,0.36824672432715677,0.046970790100708655,41.26785793779272
SS-A01_theta3,70700000.0,9.478627664225543,1.5384537292356113,0.36901506451222593,0.04700006706418748,41.16419466711834
SS-A01_theta3,71000000.0,9.475772904387172,1.5348854815702926,0.3697818894698869,0.047029317329143235,41.06123667265818
SS-A01_theta3,71300000.0,9.472936047188036,1.53134158602784,0.370547209188326,0.04705853978437163,40.95897649823753
SS-A01_theta3,71600000.0,9.470116905762865,1.5278217733636326,0.37131103355041534,0.047087733351888955,40.85740679322021
SS-A01_theta3,71900000.0,9.46731529596888,1.5243257784444606,0.37207337233526705,0.04711689698605567,40.756520310657635
SS-A01_theta3,72200000.0,9.464531036334954,1.5208533401686224,0.3728342352197497,0.04714602967272546,40.656309905474146
SS-A01_theta3,72500000.0,9.46176394801196,1.5174042013879367,0.373593631779984,0.04717513042841624,40.55676853269209
SS-A01_theta3,72800000.0,9.459013854724224,1.5139781088315574,0.37435157149280474,0.04720419829950536,40.457889245691895
SS-A01_theta3,73100000.0,9.456280582722083,1.5105748130315935,0.37510806373720146,0.0472332323614463,40.359665194509056
SS-A01_theta3,73400000.0,9.453563960735499,1.507194068250425,0.3758631177957247,0.04726223171800706,40.26208962416491
SS-A01_theta3,73700000.0,9.45086381992873,1.5038356324097364,0.37661674285587365,0.04729119550052917,40.16515587303273
SS-A01_theta3,74000000.0,9.448179993855971,1.5004992670211554,0.37736894801145304,0.047320122867207506,40.068857371235936
SS-A01_theta3,74300000.0,9.445512318418032,1.4971847371185143,0.3781197422639091,0.04734901300238911,39.97318763907997
SS-A01_theta3,74600000.0,9.44286063181993,1.4938918111916373,0.37886913452363863,0.04737786511589153,39.878140285514995
SS-A01_theta3,74900000.0,9.440224774529424,1.4906202611216446,0.3796171336112739,0.04740667844233981,39.78370900662985
SS-A01_theta3,75200000.0,9.437604589236475,1.4873698621177278,0.3803637482589468,0.04743545224052012,39.68988758417733
SS-A01_theta3,75500000.0,9.434999920813574,1.4841403926553494,0.3811089871115281,0.047464185792753494,39.59666988412686
SS-A01_theta3,75800000.0,9.432410616276941,1.480931634415834,0.3818528587278453,0.04749287840428349,39.50404985524873
SS-A01_theta3,76100000.0,9.429836524748554,1.4777433722273132,0.38259537158187773,0.047521529402682186,39.412021527724626
SS-A01_theta3,76400000.0,9.427277497419013,1.474575394006994,0.3833365340639331,0.047550138137271984,39.3205790117866
SS-A01_theta3,76700000.0,9.424733387511186,1.4714274907047007,0.3840763544817988,0.04757870397856213,39.22971649638286
SS-A01_theta3,77000000.0,9.422204050244645,1.4682994562476779,0.38481484106187674,0.04760722631770069,39.13942824787031
SS-A01_theta3,77300000.0,9.419689342800847,1.4651910874866085,0.3855520019502971,0.047635704565941704,39.04970860873203
SS-A01_theta3,77600000.0,9.417189124289074,1.4621021841428117,0.3862878452140106,0.04766413815412569,38.960551996320625
SS-A01_theta3,77900000.0,9.414703255713079,1.4590325487566065,0.38702237884186474,0.04769252653217395,38.87195290162646
SS-A01_theta3,78200000.0,9.412231599938423,1.4559819866367945,0.3877556107456594,0.04772086916859738,38.7839058880688
SS-A01_theta3,78500000.0,9.409774021660535,1.452950305811245,0.3884875487611847,0.047749165550017,38.696405590311755
SS-A01_theta3,78800000.0,9.407330387373399,1.449937316978542,0.3892182006492403,0.047777415180697995,38.60944671310223
SS-A01_theta3,79100000.0,9.404900565338929,1.4469428334606835,0.38994757409663844,0.047805617582095186,38.523024030131396
SS-A01_theta3,79400000.0,9.40248442555694,1.443966671156791,0.3906756767171895,0.047833772292411716,38.43713238291697
SS-A01_theta3,79700000.0,9.400081839735787,1.4410086484978057,0.3914025160526691,0.04786187886616801,38.351766679707985
SS-A01_theta3,80000000.0,9.397692681263559,1.4380685864021565,0.39212809957377065,0.04788993687378303,38.26692189440986
SS-A01_theta3,80300000.0,9.395316825179913,1.4351463082323646,0.3928524346810399,0.04791794590116552,38.18259306553066
SS-A01_theta3,80600000.0,9.39295414814844,1.4322416397525775,0.39357552870579887,0.04794590554931736,38.098775295146964
SS-A01_theta3,80900000.0,9.390604528429625,1.4293544090869739,0.39429738891104477,0.04797381543394524,38.01546374788974
SS-A01_theta3,81200000.0,9.38826784585434,1.426484446679067,0.39501802249234325,0.048001675185084525,37.932653649949025
SS-A01_theta3,81500000.0,9.385943981797881,1.4236315852518462,0.3957374365787018,0.048029484446731205,37.8503402880982
SS-A01_theta3,81800000.0,9.38363281915452,1.4207956597687497,0.3964556382334296,0.048057242876484614,37.76851900873559
SS-A01_theta3,82100000.0,9.381334242312574,1.4179765073954484,0.39717263445498296,0.048084950145198424,37.68718521694507
SS-A01_theta3,82400000.0,9.379048137129974,1.4151739674624246,0.39788843217779774,0.04811260593664133,37.60633437557368
SS-A01_theta3,82700000.0,9.37677439091031,1.4123878814283166,0.3986030382731076,0.048140209947166036,37.52596200432686
SS-A01_theta3,83000000.0,9.374512892379364,1.4096180928440134,0.3993164595497471,0.04816776188538718,37.44606367887989
SS-A01_theta3,83300000.0,9.372263531662101,1.4068644473174943,0.4000287027549454,0.04819526147186694,37.366635030006975
SS-A01_theta3,83600000.0,9.370026200260117,1.4041267924793757,0.4007397745751035,0.04822270843880961,37.28767174272501
SS-A01_theta3,83900000.0,9.367800791029527,1.401404977949163,0.40144968163656125,0.04825010252976229,37.209169555455034
SS-A01_theta3,84200000.0,9.36558719815928,1.398698855302178,0.40215843050634964,0.04827744349932587,37.13112425919666
SS-A01_theta3,84500000.0,9.363385317149914,1.396008278037166,0.4028660276929344,0.04830473111287048,37.05353169672034
SS-A01_theta3,84800000.0,9.361195044792703,1.3933331015445403,0.4035724796469438,0.04833196514626045,36.976387761772266
SS-A01_theta3,85100000.0,9.359016279149227,1.3906731830752703,0.4042777927618877,0.048359145385584903,36.89968839829504
SS-A01_theta3,85400000.0,9.356848919531314,1.3880283817103876,0.4049819733748633,0.04838627162689575,36.82342959966217
SS-A01_theta3,85700000.0,9.354692866481399,1.3853985583311024,0.40568502776725235,0.048413343675952285,36.74760740792635
SS-A01_theta3,86000000.0,9.352548021753226,1.3827835755895042,0.40638696216540365,0.048440361347972,36.67221791308161
SS-A01_theta3,86300000.0,9.350414288292933,1.3801832978798447,0.40708778274130697,0.04846732446738796,36.59725725233839
SS-A01_theta3,86600000.0,9.348291570220512,1.3775975913103895,0.407787495613257,0.048494232867612445,36.52272160941193
SS-A01_theta3,86900000.0,9.346179772811594,1.375026323675817,0.40848610684650577,0.04852108639080533,36.44860721382409
SS-A01_theta3,87200000.0,9.344078802479592,1.3724693644301527,0.4091836224539039,0.0485478848876503,36.374910340216005
SS-A01_theta3,87500000.0,9.341988566758172,1.369926584660242,0.40988004839653536,0.04857462821713527,36.301627307674565
SS-A01_theta3,87800000.0,9.339908974284075,1.3673978570597236,0.41057539058433795,0.04860131624633828,36.228754479070346
SS-A01_theta3,88100000.0,9.337839934780234,1.3648830559035185,0.41126965487671796,0.04862794885021929,36.15628826040722
SS-A01_theta3,88400000.0,9.33578135903922,1.362382057022802,0.4119628470831532,0.04865452591141723,36.08422510018336
SS-A01_theta3,88700000.0,9.33373315890698,1.3598947377804569,0.41265497296378767,0.04868104732005155,36.01256148876395
SS-A01_theta3,89000000.0,9.331695247266914,1.3574209770470052,0.4133460382300171,0.048707512973529085,35.94129395776467
SS-A01_theta3,89300000.0,9.329667538024182,1.354960655176983,0.4140360485450646,0.04873392277635596,35.87041907944568
SS-A01_theta3,89600000.0,9.327649946090379,1.3525136539857847,0.4147250095245503,0.048760276639953054,35.79993346611741
SS-A01_theta3,89900000.0,9.325642387368422,1.350079856726921,0.41541292673704777,0.04878657448247778,35.7298337695548
SS-A01_theta3,90200000.0,9.323644778737737,1.3476591480697293,0.4160998057046369,0.04881281622864904,35.66011668042343
SS-A01_theta3,90500000.0,9.321657038039742,1.3452514140774905,0.41678565190344546,0.048839001809576406,35.59077892771502
SS-A01_theta3,90800000.0,9.319679084063553,1.3428565421859622,0.4174704707641843,0.048865131162594236,35.52181727819273
SS-A01_theta3,91100000.0,9.317710836531967,1.3404744211823028,0.4181542676726722,0.04889120423109977,35.4532285358455
SS-A01_theta3,91400000.0,9.315752216087702,1.3381049411844022,0.4188370479703553,0.04891722096439455,35.3850095413528
SS-A01_theta3,91700000.0,9.313803144279873,1.3357479936205894,0.4195188169548191,0.04894318131753058,35.31715717155794
SS-A01_theta3,92000000.0,9.311863543550725,1.3334034712097111,0.4201995798802894,0.0489690852511597,35.2496683389503
SS-A01_theta3,92300000.0,9.309933337222587,1.3310712679415861,0.4208793419581301,0.04899493273138666,35.18253999115693
SS-A01_theta3,92600000.0,9.308012449485059,1.3287512790578129,0.4215581083573311,0.04902072372962656,35.11576911044211
SS-A01_theta3,92900000.0,9.306100805382444,1.326443401032932,0.4222358842049898,0.04904645822246435,35.049352713216265
SS-A01_theta3,93200000.0,9.30419833080139,1.3241475315559341,0.42291267458678666,0.04907213619151939,34.98328784955239
SS-A01_theta3,93500000.0,9.302304952458739,1.3218635695120917,0.4235884845474496,0.0490977576233121,34.917571602710815
SS-A01_theta3,93800000.0,9.300420597889612,1.3195914149651482,0.42426331909122006,0.04912332250913416,34.85220108867301
SS-A01_theta3,94100000.0,9.298545195435683,1.3173309691397923,0.4249371831823014,0.04914883084492251,34.78717345568114
SS-A01_theta3,94400000.0,9.29667867423367,1.3150821344044832,0.42561008174531123,0.04917428263113555,34.72248588378751
SS-A01_theta3,94700000.0,9.294820964204025,1.312844814254561,0.4262820196657202,0.04919967787263267,34.65813558441029
SS-A01_theta3,95000000.0,9.292971996039809,1.3106189132956658,0.4269530017902867,0.049225016578557046,34.594119799896625
SS-A01_theta3,95300000.0,9.291131701195779,1.3084043372274632,0.42762303292748755,0.0492502987622204,34.53043580309409
SS-A01_theta3,95600000.0,9.289300011877641,1.3062009928276412,0.42829211784793836,0.049275524440991966,34.46708089692762
SS-A01_theta3,95900000.0,9.2874768610315,1.3040087879362052,0.42896026128481163,0.049300693636188817,34.40405241398468
SS-A01_theta3,96200000.0,9.2856621823335,1.3018276314400472,0.42962746793424705,0.04932580637296899,34.34134771610727
SS-A01_theta3,96500000.0,9.283855910179614,1.2996574332577824,0.43029374245575613,0.0493508626802283,34.27896419398966
SS-A01_theta3,96800000.0,9.282057979675638,1.2974981043248588,0.4309590894726222,0.049375862590498226,34.21689926678368
SS-A01_theta3,97100000.0,9.28026832662733,1.295349556578924,0.43162351357229384,0.04940080613984751,34.15515038171004
SS-A01_theta3,97400000.0,9.27848688753073,1.2932117029454486,0.4322870193067732,0.04942569336778499,34.093715013676125
SS-A01_theta3,97700000.0,9.27671359956264,1.2910844573235958,0.43294961119299774,0.04945052431716587,34.03259066489968
SS-A01_theta3,98000000.0,9.274948400571265,1.2889677345723474,0.4336112937132199,0.0494752990340989,33.971774864539576
SS-A01_theta3,98300000.0,9.273191229067013,1.2868614504968567,0.43427207131537765,0.0495000175678576,33.91126516833098
SS-A01_theta3,98600000.0,9.271442024213428,1.2847655218350424,0.43493194841346156,0.049524679970791685,33.851059158227955
SS-A01_theta3,98900000.0,9.269700725818314,1.28267986624442,0.43559092938787913,0.04954928629824201,33.791154442051045
SS-A01_theta3,99200000.0,9.267967274324969,1.2806044022891436,0.4362490185858092,0.04957383660845724,33.731548653140216
SS-A01_theta3,99500000.0,9.266241610803586,1.2785390494272832,0.43690622032155574,0.04959833096251164,33.67223945001447
SS-A01_theta3,99800000.0,9.264523676942785,1.2764837279983128,0.43756253887689556,0.04962276942422632,33.613224516035665
SS-A01_theta3,100100000.0,9.262813415041288,1.2744383592108106,0.4382179785014205,0.049647152060091335,33.55450155907837
SS-A01_theta3,100400000.0,9.261110767999732,1.27240286513037,0.43887254341287624,0.04967147893918957,33.49606831120511
SS-A01_theta3,100700000.0,9.259415679312614,1.2703771686677106,0.43952623779749445,0.04969575013312344,33.43792252834594
SS-A01_theta3,101000000.0,9.257728093060372,1.2683611935669963,0.440179065810324,0.04971996571594188,33.38006198998435
SS-A01_theta3,101300000.0,9.256047953901591,1.2663548643943443,0.4408310315755547,0.04974412576407058,33.32248449884689
SS-A01_theta3,101600000.0,9.254375207065323,1.264358106526523,0.4414821391868369,0.04976823035624299,33.26518788059817
SS-A01_theta3,101900000.0,9.252709798343561,1.2623708461398504,0.4421323927075992,0.04979227957343277,33.20816998354124
SS-A01_theta3,102200000.0,9.251051674083804,1.2603930101992602,0.4427817961713579,0.04981627349878875,33.15142867832139
SS-A01_theta3,102500000.0,9.249400781181762,1.2584245264475724,0.44343035358202926,0.049840212217571164,33.09496185763568
SS-A01_theta3,102800000.0,9.247757067074167,1.2564653233949126,0.44407806891422774,0.04986409581708816,33.0387674359467
SS-A01_theta3,103100000.0,9.246120479731703,1.2545153303083312,0.44472494611356955,0.0498879243866358,32.98284334920039
SS-A01_theta3,103400000.0,9.244490967652045,1.2525744772015799,0.4453709890969674,0.049911698017438305,32.927187554548624
SS-A01_theta3,103700000.0,9.242868479853017,1.2506426948250573,0.44601620175292134,0.04993541680258961,32.87179803007614
SS-A01_theta3,104000000.0,9.241252965865852,1.2487199146559265,0.44666058794180985,0.049959080836996905,32.81667277453149
SS-A01_theta3,104300000.0,9.23964437572855,1.2468060688883758,0.4473041514961697,0.04998269021732562,32.761809807061674
SS-A01_theta3,104600000.0,9.238042659979362,1.2449010904240627,0.44794689622098055,0.05000624504194446,32.707207166952195
SS-A01_theta3,104900000.0,9.236447769650363,1.2430049128626934,0.4485888258939411,0.050029745410873495,32.6528629133696
SS-A01_theta3,105200000.0,9.23485965626111,1.241117470492757,0.44922994426574037,0.0500531914257326,32.59877512510848
SS-A01_theta3,105500000.0,9.233278271812447,1.23923869828242,0.44987025506033035,0.05007658318969019,32.5449419003432
SS-A01_theta3,105800000.0,9.231703568780343,1.237368531870558,0.4505097619751921,0.05009992080741554,32.49136135638178
SS-A01_theta3,106100000.0,9.230135500109881,1.235506907557927,0.4511484686815967,0.05012320438502975,32.43803162942483
SS-A01_theta3,106400000.0,9.228574019209304,1.2336537622984867,0.45178637882486694,0.050146434030059556,32.3849508743274
SS-A01_theta3,106700000.0,9.227019079944178,1.2318090336908605,0.4524234960246349,0.050169609851391364,32.33211726436509
SS-A01_theta3,107000000.0,9.225470636631616,1.2299726599699166,0.4530598238750911,0.05019273195922686,32.27952899100265
SS-A01_theta3,107300000.0,9.223928644034626,1.2281445799985018,0.4536953659452382,0.05021580046503926,32.22718426366719
SS-A01_theta3,107600000.0,9.22239305735652,1.2263247332592964,0.4543301257791364,0.05023881548153099,32.17508130952404
SS-A01_theta3,107900000.0,9.220863832235406,1.2245130598467935,0.45496410689614686,0.05026177712259253,32.12321837325593
SS-A01_theta3,108200000.0,9.219340924738786,1.222709500459417,0.45559731279117394,0.05028468550326086,32.07159371684646
SS-A01_theta3,108500000.0,9.217824291358227,1.2209139963917455,0.4562297469349002,0.05030754073968125,32.02020561936505
SS-A01_theta3,108800000.0,9.21631388900409,1.2191264895268745,0.4568614127740236,0.05033034294906763,31.969052376756917
SS-A01_theta3,109100000.0,9.21480967500038,1.217346922328888,0.45749231373148785,0.05035309224966538,31.918132301634827
SS-A01_theta3,109400000.0,9.213311607079634,1.2155752378354483,0.4581224532067121,0.05037578876071474,31.867443723074405
SS-A01_theta3,109700000.0,9.211819643377913,1.2138113796505008,0.45875183457581575,0.050398432602414514,31.81698498641255
SS-A01_theta3,110000000.0,9.210333742429855,1.212055291937096,0.4593804611918436,0.050421023895887006,31.766754453048918
SS-A01_theta3,110300000.0,9.208853863163812,1.2103069194103153,0.4600083363849853,0.05044356276314424,31.716750500249685
SS-A01_theta3,110600000.0,9.207379964897042,1.2085662073303083,0.4606354634627929,0.050466049327054195,31.666971520954853
SS-A01_theta3,110900000.0,9.205912007330992,1.2068331014954363,0.4612618457103965,0.05048848371130836,31.617415923588013
SS-A01_theta3,111200000.0,9.204449950546646,1.2051075482355238,0.4618874863907168,0.050510866040389894,31.568082131868945
SS-A01_theta3,111500000.0,9.202993754999932,1.2033894944052084,0.46251238874467504,0.050533196439542336,31.518968584629228
SS-A01_theta3,111800000.0,9.201543381517205,1.2016788873773923,0.4631365559914,0.05055547503473969,31.470073735629796
SS-A01_theta3,112100000.0,9.200098791290792,1.1999756750367954,0.46375999132843354,0.05057770195265663,31.421396053381862
SS-A01_theta3,112400000.0,9.198659945874608,1.1982798057736044,0.4643826979319325,0.050599877320639766,31.372934020969996
SS-A01_theta3,112700000.0,9.197226807179845,1.19659122847722,0.4650046789568692,0.05062200126667882,31.324686135878274
SS-A01_theta3,113000000.0,9.195799337470683,1.1949098925300903,0.46562593753722875,0.05064407391938019,31.27665090981786
SS-A01_theta3,113300000.0,9.194377499360114,1.193235747801648,0.4662464767862044,0.05066609540793923,31.22882686855829
SS-A01_theta3,113600000.0,9.192961255805805,1.191568744642327,0.46686629979638916,0.050688065862114155,31.18121255176039
SS-A01_theta3,113900000.0,9.19155057010601,1.1899088338776793,0.4674854096399691,0.05070998541220095,31.13380651281173
SS-A01_theta3,114200000.0,9.190145405895557,1.1882559668025685,0.46810380936890916,0.05073185418900791,31.08660731866452
SS-A01_theta3,114500000.0,9.188745727141889,1.1866100951754581,0.4687215020151407,0.050753672323831475,31.039613549675774
SS-A01_theta3,114800000.0,9.187351498141162,1.1849711712127815,0.4693384905907453,0.05077543994843225,30.992823799449866
SS-A01_theta3,115100000.0,9.185962683514383,1.1833391475833883,0.46995477808813496,0.05079715719501226,30.94623667468262
SS-A01_theta3,115400000.0,9.18457924820364,1.1817139774030858,0.47057036748023384,0.050818824196191686,30.899850795008767
SS-A01_theta3,115700000.0,9.183201157468334,1.1800956142292478,0.4711852617206545,0.05084044108498754,30.85366479285035
SS-A01_theta3,116000000.0,9.18182837688153,1.1784840120555105,0.47179946374387355,0.05086200799479117,30.807677313268247
SS-A01_theta3,116300000.0,9.180460872326286,1.1768791253065438,0.4724129764654057,0.05088352505934809,30.761887013815027
SS-A01_theta3,116600000.0,9.179098609992096,1.1752809088328944,0.473025802781974,0.050904992412736966,30.716292564390233
SS-A01_theta3,116900000.0,9.177741556371343,1.1736893179059094,0.47363794557167976,0.050926410189349666,30.67089264709758
SS-A01_theta3,117200000.0,9.17638967825583,1.172104308212732,0.47424940769417,0.05094777852387177,30.625685956104242
SS-A01_theta3,117500000.0,9.175042942733343,1.1705258358513686,0.47486019199080315,0.050969097551263484,30.5806711975019
SS-A01_theta3,117800000.0,9.173701317184248,1.1689538573258265,0.47547030128481255,0.050990367406741274,30.535847089169717
SS-A01_theta3,118100000.0,9.17236476927818,1.1673883295413208,0.47607973838146705,0.05101158822575925,30.491212360639476
SS-A01_theta3,118400000.0,9.171033266970738,1.1658292097995564,0.476688506068233,0.05103276014399165,30.44676575296244
SS-A01_theta3,118700000.0,9.169706778500235,1.1642764557940675,0.4772966071149304,0.05105388329731614,30.402506018577515
SS-A01_theta3,119000000.0,9.168385272384501,1.1627300256056299,0.47790404427388994,0.05107495782179612,30.358431921182227
SS-A01_theta3,119300000.0,9.16706871741774,1.1611898776977412,0.47851082028010783,0.05109598385366464,30.314542235604765
SS-A01_theta3,119600000.0,9.165757082667382,1.1596559709121514,0.47911693785139614,0.05111696152930876,30.270835747677516
SS-A01_theta3,119900000.0,9.16445033747105,1.15812826446448,0.4797223996885382,0.05113789098525331,30.227311254113438
SS-A01_theta3,120200000.0,9.163148451433512,1.1566067179398714,0.4803272084754337,0.05115877235814613,30.18396756238277
SS-A01_theta3,120500000.0,9.161851394423692,1.155091291288726,0.4809313668792487,0.05117960578474298,30.1408034905924
SS-A01_theta3,120800000.0,9.16055913657174,1.1535819448224842,0.4815348775505595,0.051200391401892954,30.09781786736637
SS-A01_theta3,121100000.0,9.159271648266103,1.1520786392094746,0.482137743123499,0.05122112934652467,30.055009531728075
SS-A01_theta3,121400000.0,9.157988900150672,1.150581335470819,0.48273996621589926,0.05124181975563276,30.01237733298398
SS-A01_theta3,121700000.0,9.156710863121958,1.1490899949763895,0.48334154942943086,0.05126246276626339,29.969920130609474
SS-A01_theta3,122000000.0,9.15543750832629,1.147604579440828,0.4839424953497433,0.051283058515501995,29.927636794135346
SS-A01_theta3,122300000.0,9.154168807157076,1.1461250509196224,0.48454280654660553,0.05130360714046077,29.88552620303626
SS-A01_theta3,122600000.0,9.15290473125207,1.1446513718052211,0.48514248557403616,0.05132410877826534,29.843587246620764
SS-A01_theta3,122900000.0,9.151645252490715,1.1431835048232288,0.48574153497044525,0.05134456356604345,29.80181882392271
SS-A01_theta3,123200000.0,9.150390342991477,1.14172141302863,0.48633995725876406,0.05136497164091283,29.760219843593912
SS-A01_theta3,123500000.0,9.149139975109254,1.1402650598020743,0.4869377549465775,0.051385333139969604,29.718789223798552
SS-A01_theta3,123800000.0,9.147894121432802,1.1388144088462167,0.4875349305262559,0.051405648200277244,29.677525892108747
SS-A01_theta3,124100000.0,9.146652754782187,1.1373694241820977,0.48813148647508287,0.05142591695885573,29.636428785401463
SS-A01_theta3,124400000.0,9.14541584820628,1.1359300701455788,0.4887274252553819,0.05144613955267046,29.595496849756987
SS-A01_theta3,124700000.0,9.144183374980297,1.1344963113838318,0.489322749314647,0.05146631611862259,29.554729040358623
SS-A01_theta3,125000000.0,9.142955308603351,1.1330681128518645,0.48991746108566353,0.05148644679353837,29.514124321393613
SS-A01_theta3,125300000.0,9.141731622796039,1.1316454398090987,0.4905115629866329,0.05150653171415938,29.47368166595559
SS-A01_theta3,125600000.0,9.140512291498078,1.1302282578159972,0.49110505742129523,0.05152657101713312,29.433400055948027
SS-A01_theta3,125900000.0,9.13929728886595,1.1288165327307338,0.4916979467790514,0.05154656483900384,29.393278481989036
SS-A01_theta3,126200000.0,9.138086589270594,1.127410230705903,0.49229023343507955,0.051566513316202926,29.353315943317536
SS-A01_theta3,126500000.0,9.136880167295121,1.1260093181852877,0.492881919750458,0.05158641658504075,29.313511447700492
SS-A01_theta3,126800000.0,9.13567799773255,1.1246137619006493,0.4934730080722771,0.051606274781697714,29.273864011341157
SS-A01_theta3,127100000.0,9.134480055583605,1.123223528868586,0.49406350073376054,0.051626088042215176,29.23437265878955
SS-A01_theta3,127400000.0,9.133286316054491,1.1218385863874074,0.49465340005437564,0.051645856502488825,29.195036422852112
SS-A01_theta3,127700000.0,9.132096754554748,1.12045890203407,0.49524270833994916,0.05166558029825957,29.155854344504494
SS-A01_theta3,128000000.0,9.1309113466951,1.119084443661142,0.49583142788277795,0.051685259565106036,29.116825472804408
SS-A01_theta3,128300000.0,9.129730068285342,1.1177151793938145,0.4964195609617418,0.05170489443843772,29.077948864805606
SS-A01_theta3,128600000.0,9.128552895332263,1.1163510776269512,0.4970071098424125,0.05172448505348621,29.039223585473948
SS-A01_theta3,128900000.0,9.127379804037568,1.1149921070221693,0.4975940767771613,0.05174403154530002,29.000648707602593
SS-A01_theta3,129200000.0,9.126210770795877,1.1136382365049735,0.4981804640052695,0.0517635340487362,28.962223311730494
SS-A01_theta3,129500000.0,9.12504577219268,1.1122894352619095,0.4987662737530305,0.05178299269845423,28.92394648606021
SS-A01_theta3,129800000.0,9.123884785002387,1.1109456727377722,0.4993515082338595,0.05180240762890925,28.885817326377907
SS-A01_theta3,130100000.0,9.122727786186353,1.1096069186328403,0.499936169648396,0.05182177897434611,28.847834935973534
SS-A01_theta3,130400000.0,9.121574752890963,1.1082731429001444,0.5005202601846058,0.051841106868792626,28.809998425562554
SS-A01_theta3,130700000.0,9.120425662445697,1.1069443157427796,0.5011037820178844,0.0518603914460541,28.77230691320833
SS-A01_theta3,131000000.0,9.119280492361277,1.1056204076112466,0.5016867373111581,0.051879632839707306,28.73475952424571
SS-A01_theta3,131300000.0,9.118139220327794,1.1043013892008302,0.502269128214984,0.05189883118309484,28.69735539120546
SS-A01_theta3,131600000.0,9.117001824212869,1.1029872314490063,0.5028509568676477,0.051917986609319344,28.66009365373971
SS-A01_theta3,131900000.0,9.11586828205984,1.1016779055328907,0.503432225395263,0.0519370992512391,28.62297345854797
SS-A01_theta3,132200000.0,9.114738572085976,1.1003733828667122,0.5040129359118671,0.05195616924146148,28.585993959304915
SS-A01_theta3,132500000.0,9.113612672680716,1.0990736350993264,0.5045930905195188,0.05197519671233893,28.549154316588194
SS-A01_theta3,132800000.0,9.112490562403892,1.0977786341117506,0.505172691308391,0.05199418179596426,28.512453697807146
SS-A01_theta3,133100000.0,9.111372219984041,1.09648835201474,0.5057517403568661,0.05201312462416472,28.47589127713349
SS-A01_theta3,133400000.0,9.110257624316686,1.0952027611463937,0.5063302397316295,0.052032025328498654,28.439466235431503
SS-A01_theta3,133700000.0,9.109146754462634,1.0939218340697783,0.5069081914877592,0.05205088404025058,28.403177760189653
SS-A01_theta3,134000000.0,9.108039589646356,1.092645543570605,0.5074855976688215,0.0520697008904267,28.367025045453467
SS-A01_theta3,134300000.0,9.106936109254299,1.0913738626549097,0.5080624603069558,0.052088476009751056,28.33100729175841
SS-A01_theta3,134600000.0,9.10583629283331,1.090106764546786,0.5086387814229689,0.05210720952866102,28.295123706064388
SS-A01_theta3,134900000.0,9.104740120088987,1.0888442226861257,0.5092145630264197,0.05212590157730441,28.259373501690007
SS-A01_theta3,135200000.0,9.10364757088414,1.087586210726405,0.5097898071157082,0.05214455228553398,28.223755898249223
SS-A01_theta3,135500000.0,9.102558625237199,1.0863327025324911,0.5103645156781642,0.05216316178290546,28.188270121587042
SS-A01_theta3,135800000.0,9.101473263320681,1.0850836721784696,0.5109386906901288,0.052181730198673226,28.152915403717
SS-A01_theta3,136100000.0,9.100391465459662,1.0838390939455143,0.5115123341170438,0.05220025766178671,28.117690982759427
SS-A01_theta3,136400000.0,9.099313212130284,1.082598942319767,0.512085447913532,0.05221874430088722,28.082596102879982
SS-A01_theta3,136700000.0,9.098238483958236,1.0813631919902582,0.5126580340234842,0.05223719024430511,28.047630014229142
SS-A01_theta3,137000000.0,9.097167261717308,1.0801318178468382,0.5132300943801373,0.05225559562005611,28.01279197288252
SS-A01_theta3,137300000.0,9.096099526327938,1.0789047949781538,0.5138016309061618,0.05227396055583875,27.978081240781886
SS-A01_theta3,137600000.0,9.095035258855756,1.0776820986696265,0.514372645513736,0.05229228517903112,27.943497085676675
SS-A01_theta3,137900000.0,9.09397444051019,1.0764637044014749,0.514943140104631,0.05231056961668828,27.90903878106647
SS-A01_theta3,138200000.0,9.092917052643042,1.07524958784675,0.515513116570288,0.05232881399553983,27.87470560614383
SS-A01_theta3,138500000.0,9.09186307674712,1.0740397248694031,0.5160825767918974,0.0523470184419865,27.84049684573851
SS-A01_theta3,138800000.0,9.09081249445487,1.0728340915223666,0.5166515226404756,0.05236518308209847,27.80641179026131
SS-A01_theta3,139100000.0,9.089765287536991,1.0716326640456666,0.5172199559769431,0.05238330804161282,27.77244973564925
SS-A01_theta3,139400000.0,9.088721437901155,1.0704354188645584,0.5177878786522001,0.052401393445930686,27.738609983311626
SS-A01_theta3,139700000.0,9.087680927590633,1.0692423325876796,0.5183552925072028,0.05241943942011577,27.704891840075916
SS-A01_theta3,140000000.0,9.086643738783023,1.0680533820052267,0.5189221993730357,0.05243744608889109,27.67129461813519
SS-A01_theta3,140300000.0,9.085609853788943,1.066868544087159,0.5194886010709896,0.05245541357663865,27.637817634995127
SS-A01_theta3,140600000.0,9.084579255050768,1.065687795981417,0.5200544994126307,0.05247334200739574,27.604460213422833
SS-A01_theta3,140900000.0,9.083551925141355,1.0645111150121684,0.5206198961998771,0.05249123150485392,27.57122168139539
SS-A01_theta3,141200000.0,9.082527846762824,1.0633384786780704,0.5211847932250678,0.05250908219235695,27.53810137204933
SS-A01_theta3,141500000.0,9.081507002745298,1.0621698646505546,0.5217491922710356,0.0525268941928992,27.505098623630616
SS-A01_theta3,141800000.0,9.0804893760457,1.0610052507721335,0.5223130951111765,0.05254466762912406,27.472212779445183
SS-A01_theta3,142100000.0,9.079474949746556,1.0598446150547252,0.5228765035095206,0.052562402623321826,27.43944318781035
SS-A01_theta3,142400000.0,9.078463707054796,1.0586879356779988,0.5234394192208004,0.052580099297428816,27.406789202006237
SS-A01_theta3,142700000.0,9.077455631300587,1.0575351909877424,0.5240018439905204,0.05259775777302543,27.374250180228454
SS-A01_theta3,143000000.0,9.076450705936173,1.0563863594942449,0.524563779555025,0.05261537817133525,27.341825485540525
SS-A01_theta3,143300000.0,9.075448914534718,1.0552414198706985,0.5251252276415631,0.05263296061322312,27.30951448582761
SS-A01_theta3,143600000.0,9.07445024078918,1.0541003509516274,0.5256861899683599,0.052650505219194274,27.277316553750406
SS-A01_theta3,143900000.0,9.073454668511182,1.0529631317313193,0.5262466682446767,0.05266801210939334,27.245231066699308
SS-A01_theta3,144200000.0,9.072462181629914,1.0518297413622941,0.5268066641708815,0.05268548140360265,27.21325740674983
SS-A01_theta3,144500000.0,9.071472764191029,1.0507001591537772,0.5273661794385115,0.052702913221241515,27.181394960617872
SS-A01_theta3,144800000.0,9.070486400355561,1.0495743645701936,0.5279252157303368,0.0527203076813654,27.149643119615632
SS-A01_theta3,145100000.0,9.069503074398853,1.0484523372296837,0.5284837747204253,0.05273766490266449,27.118001279608414
SS-A01_theta3,145400000.0,9.068522770709498,1.0473340569026304,0.5290418580742046,0.05275498500346312,27.086468840971392
SS-A01_theta3,145700000.0,9.067545473788295,1.0462195035102098,0.529599467448525,0.052772268101719144,27.055045208547106
SS-A01_theta3,146000000.0,9.066571168247208,1.0451086571229542,0.5301566044917223,0.05278951431502244,27.02372979160375
SS-A01_theta3,146300000.0,9.065599838808348,1.0440014979593286,0.5307132708436754,0.05280672376059495,26.992522003793148
SS-A01_theta3,146600000.0,9.064631470302952,1.0428980063843347,0.5312694681358714,0.05282389655528964,26.96142126311004
SS-A01_theta3,146900000.0,9.063666047670399,1.0417981629081208,0.5318251979914637,0.05284103281558965,26.930426991851466
SS-A01_theta3,147200000.0,9.062703555957201,1.0407019481846103,0.532380462025331,0.052858132657608206,26.89953861657639
SS-A01_theta3,147500000.0,9.061743980316034,1.0396093430101476,0.5329352618441372,0.052875196197087825,26.868755568066106
SS-A01_theta3,147800000.0,9.06078730600477,1.0385203283221598,0.53348959904639,0.05289222354939985,26.838077281285045
SS-A01_theta3,148100000.0,9.05983351838552,1.0374348851978297,0.5340434752224977,0.052909214829543916,26.807503195341862
SS-A01_theta3,148400000.0,9.058882602923687,1.036352994852791,0.5345968919548287,0.052926170152147636,26.777032753451223
SS-A01_theta3,148700000.0,9.057934545187026,1.0352746386398297,0.5351498508177659,0.05294308963146643,26.746665402895538
SS-A01_theta3,149000000.0,9.056989330844727,1.0341997980476079,0.535702353377765,0.05295997338138297,26.71640059498769
SS-A01_theta3,149300000.0,9.056046945666495,1.0331284546993986,0.5362544011934098,0.052976821515406995,26.6862377850339
SS-A01_theta3,149600000.0,9.055107375521638,1.0320605903518303,0.5368059958154662,0.052993634146675114,26.65617643229678
SS-A01_theta3,149900000.0,9.054170606378193,1.0309961868936595,0.5373571387869395,0.053010411387950304,26.626215999959502
SS-A01_theta3,150200000.0,9.053236624302007,1.0299352263445396,0.5379078316431273,0.05302715335162245,26.596355955089386
SS-A01_theta3,150500000.0,9.0523054154559,1.0288776908538173,0.538458075911673,0.053043860149707626,26.56659576860266
SS-A01_theta3,150800000.0,9.05137696609876,1.0278235626993357,0.5390078731126208,0.053060531893848274,26.536934915229374
SS-A01_theta3,151100000.0,9.050451262584724,1.026772824286253,0.539557224758467,0.05307716869531299,26.507372873478655
SS-A01_theta3,151400000.0,9.049528291362302,1.025725458145873,0.5401061323542133,0.053093770664996535,26.47790912560435
SS-A01_theta3,151700000.0,9.048608038973544,1.024681446934489,0.540654597397418,0.053110337913420666,26.448543157570676
SS-A01_theta3,152000000.0,9.04769049205323,1.023640773432245,0.5412026213782487,0.05312687055073241,26.419274459019608
SS-A01_theta3,152300000.0,9.046775637328023,1.0226034205419994,0.5417502057795319,0.05314336868670614,26.390102523236468
SS-A01_theta3,152600000.0,9.045863461615674,1.0215693712882148,0.5422973520768056,0.053159832430742286,26.361026847117948
SS-A01_theta3,152900000.0,9.044953951824219,1.0205386088158468,0.5428440617383671,0.053176261891868325,26.332046931139104
SS-A01_theta3,153200000.0,9.04404709495118,1.0195111163892547,0.5433903362253243,0.053192657178738584,26.303162279321384
SS-A01_theta3,153500000.0,9.043142878082778,1.01848687739112,0.5439361769916448,0.05320901839963432,26.274372399200878
SS-A01_theta3,153800000.0,9.04224128839316,1.0174658753213757,0.5444815854842041,0.05322534566246446,26.245676801796645
SS-A01_theta3,154100000.0,9.041342313143637,1.016448093796151,0.5450265631428338,0.05324163907476543,26.21707500157973
SS-A01_theta3,154400000.0,9.040445939681907,1.0154335165467283,0.545571111400372,0.0532578987437015,26.18856651644255
SS-A01_theta3,154700000.0,9.039552155441315,1.0144221274185024,0.5461152316827073,0.05327412477606555,26.16015086766789
SS-A01_theta3,155000000.0,9.038660947940103,1.013413910369961,0.5466589254088271,0.05329031727827877,26.131827579899316
SS-A01_theta3,155300000.0,9.037772304780683,1.0124088494716779,0.5472021939908673,0.053306476356391554,26.103596181111175
SS-A01_theta3,155600000.0,9.036886213648895,1.0114069289053034,0.5477450388341542,0.05332260211608351,26.07545620257902
SS-A01_theta3,155900000.0,9.036002662313289,1.0104081329625803,0.5482874613372527,0.053338694662664346,26.047407178850445
SS-A01_theta3,156200000.0,9.035121638624423,1.0094124460443652,0.5488294628920126,0.05335475410107374,26.019448647716434
SS-A01_theta3,156500000.0,9.034243130514142,1.008419852659656,0.5493710448836119,0.05337078053588235,25.991580150182486
SS-A01_theta3,156800000.0,9.033367125994891,1.007430337424639,0.5499122086906034,0.053386774071292074,25.9638012304406
SS-A01_theta3,157100000.0,9.032493613159012,1.006443885061733,0.5504529556849556,0.053402734811136346,25.936111435841134
SS-A01_theta3,157400000.0,9.031622580178079,1.0054604803986622,0.5509932872321014,0.05341866285888113,25.908510316865303
SS-A01_theta3,157700000.0,9.030754015302195,1.004480108367522,0.5515332046909789,0.053434558317625204,25.88099742709769
SS-A01_theta3,158000000.0,9.029887906859347,1.0035027540038637,0.5520727094140752,0.05345042129010058,25.85357232319931
SS-A01_theta3,158300000.0,9.029024243254728,1.0025284024457832,0.5526118027474678,0.05346625187867338,25.826234564880604
SS-A01_theta3,158600000.0,9.02816301297009,1.0015570389330297,0.5531504860308702,0.05348205018534437,25.798983714875106
SS-A01_theta3,158900000.0,9.027304204563091,1.0005886488061126,0.5536887605976724,0.05349781631174956,25.771819338913122
SS-A01_theta3,159200000.0,9.026447806666642,0.9996232175054218,0.5542266277749811,0.05351355035916075,25.744741005695797
SS-A01_theta3,159500000.0,9.025593807988297,0.9986607305703603,0.5547640888836637,0.05352925242848654,25.717748286869295
SS-A01_theta3,159800000.0,9.024742197309598,0.9977011736384829,0.5553011452383876,0.05354492262027252,25.69084075699961
SS-A01_theta3,160100000.0,9.023892963485467,0.9967445324446462,0.5558377981476627,0.05356056103470236,25.664017993547255
SS-A01_theta3,160400000.0,9.023046095443586,0.9957907928201613,0.5563740489138788,0.0535761677715983,25.637279576842303
SS-A01_theta3,160700000.0,9.022201582183788,0.9948399406919697,0.5569098988333502,0.05359174293042183,25.610625090060097
SS-A01_theta3,161000000.0,9.021359412777443,0.9938919620818067,0.5574453491963502,0.053607286610275084,25.584054119196164
SS-A01_theta3,161300000.0,9.020519576366883,0.992946843105394,0.5579804012871542,0.05362279890990036,25.55756625304291
SS-A01_theta3,161600000.0,9.019682062164788,0.9920045699716294,0.5585150563840773,0.05363827992768203,25.531161083165188
SS-A01_theta3,161900000.0,9.01884685945361,0.9910651289817866,0.5590493157595132,0.053653729761646916,25.504838203876762
SS-A01_theta3,162200000.0,9.018013957584994,0.9901285065287269,0.5595831806799733,0.05366914850946477,25.47859721221715
SS-A01_theta3,162500000.0,9.017183345979209,0.989194689096114,0.560116652406123,0.05368453626844965,25.45243770792811
SS-A01_theta3,162800000.0,9.016355014124564,0.9882636632576384,0.5606497321928201,0.053699893135560305,25.426359293430924
SS-A01_theta3,163100000.0,9.01552895157686,0.9873354156762578,0.5611824212891547,0.05371521920740143,25.40036157380371
SS-A01_theta3,163400000.0,9.014705147958836,0.9864099331034327,0.5617147209384838,0.053730514580223855,25.374444156759083
SS-A01_theta3,163700000.0,9.013883592959603,0.9854872023783735,0.5622466323784662,0.053745779349926075,25.348606652621548
SS-A01_theta3,164000000.0,9.013064276334113,0.9845672104273061,0.5627781568411049,0.05376101361205498,25.32284867430587
SS-A01_theta3,164300000.0,9.012247187902613,0.9836499442627289,0.5633092955527774,0.053776217461806136,25.297169837295257
SS-A01_theta3,164600000.0,9.011432317550112,0.9827353909826896,0.5638400497342756,0.05379139099402541,25.271569759619712
SS-A01_theta3,164900000.0,9.01061965522585,0.9818235377700615,0.5643704206008388,0.05380653430320987,25.24604806183446
SS-A01_theta3,165200000.0,9.009809190942775,0.9809143718918343,0.5649004093621905,0.05382164748350795,25.22060436699942
SS-A01_theta3,165500000.0,9.009000914777028,0.9800078806984072,0.5654300172225744,0.05383673062872104,25.195238300657834
SS-A01_theta3,165800000.0,9.008194816867421,0.9791040516228878,0.5659592453807855,0.05385178383230415,25.169949490815675
SS-A01_theta3,166100000.0,9.007390887414942,0.9782028721804055,0.5664880950302085,0.05386680718736689,25.144737567921236
SS-A01_theta3,166400000.0,9.006589116682234,0.977304329967423,0.5670165673588499,0.0538818007866747,25.11960216484463
SS-A01_theta3,166700000.0,9.005789494993117,0.976408412661064,0.5675446635493735,0.05389676472264908,25.094542916858156
SS-A01_theta3,167000000.0,9.004992012732075,0.9755151080184359,0.5680723847791309,0.05391169908736919,25.069559461615945
SS-A01_theta3,167300000.0,9.00419666034378,0.974624403875975,0.5685997322202003,0.05392660397257276,25.04465143913456
SS-A01_theta3,167600000.0,9.003403428332605,0.9737362881487778,0.5691267070394114,0.05394147946965672,25.01981849177327
SS-A01_theta3,167900000.0,9.002612307262146,0.9728507488299639,0.5696533103983874,0.05395632566967832,24.995060264215184
SS-A01_theta3,168200000.0,9.00182328775474,0.971967773990023,0.5701795434535717,0.05397114266335642,24.97037640344767
SS-A01_theta3,168500000.0,9.00103636049101,0.971087351776181,0.5707054073562621,0.05398593054107216,24.945766558743724
SS-A01_theta3,168800000.0,9.000251516209387,0.970209470411767,0.5712309032526411,0.0540006893928698,24.92123038164321
SS-A01_theta3,169100000.0,8.999468745705654,0.9693341181955927,0.5717560322838117,0.05401541930845827,24.89676752593429
SS-A01_theta3,169400000.0,8.998688039832485,0.9684612835013291,0.5722807955858239,0.05403012037721179,24.87237764763501
SS-A01_theta3,169700000.0,8.997909389499005,0.9675909547768978,0.5728051942897099,0.05404479268817089,24.848060404975264
SS-A01_theta3,170000000.0,8.997132785670338,0.9667231205438638,0.5733292295215133,0.054059436330043474,24.82381545837876
