frequency_Hz,B2D-C1m-D10m-W4m-T0.5m-E20-S0.02_200ns_re,B2D-C1m-D10m-W4m-T0.5m-E20-S0.02_200ns_im,B2D-C1m-D10m-W4m-T0.5m-E20-S0.02_400ns_re,B2D-C1m-D10m-W4m-T0.5m-E20-S0.02_400ns_im,B2D-C1m-D2m-W4m-T0.5m-E20-S0.02_200ns_re,B2D-C1m-D2m-W4m-T0.5m-E20-S0.02_200ns_im,B2D-C1m-D2m-W4m-T0.5m-E20-S0.02_400ns_re,B2D-C1m-D2m-W4m-T0.5m-E20-S0.02_400ns_im,B2D-C1m-D5m-W4m-T0.5m-E20-S0.02_200ns_re,B2D-C1m-D5m-W4m-T0.5m-E20-S0.02_200ns_im,B2D-C1m-D5m-W4m-T0.5m-E20-S0.02_400ns_re,B2D-C1m-D5m-W4m-T0.5m-E20-S0.02_400ns_im,B2D-C1m-D10m-NC_200ns_re,B2D-C1m-D10m-NC_200ns_im,B2D-C1m-D10m-NC_400ns_re,B2D-C1m-D10m-NC_400ns_im,B2D-C3m-D10m-W1m-T0.5m-E20-S0.02_200ns_re,B2D-C3m-D10m-W1m-T0.5m-E20-S0.02_200ns_im,B2D-C3m-D10m-W1m-T0.5m-E20-S0.02_400ns_re,B2D-C3m-D10m-W1m-T0.5m-E20-S0.02_400ns_im,B2D-C3m-D10m-W2m-T0.5m-E20-S0.02_200ns_re,B2D-C3m-D10m-W2m-T0.5m-E20-S0.02_200ns_im,B2D-C3m-D10m-W2m-T0.5m-E20-S0.02_400ns_re,B2D-C3m-D10m-W2m-T0.5m-E20-S0.02_400ns_im,B2D-C3m-D10m-W4m-T0.25m-E20-S0.02_200ns_re,B2D-C3m-D10m-W4m-T0.25m-E20-S0.02_200ns_im,B2D-C3m-D10m-W4m-T0.25m-E20-S0.02_400ns_re,B2D-C3m-D10m-W4m-T0.25m-E20-S0.02_400ns_im,B2D-C3m-D10m-W4m-T0.5m-E12-S0.005_200ns_re,B2D-C3m-D10m-W4m-T0.5m-E12-S0.005_200ns_im,B2D-C3m-D10m-W4m-T0.5m-E12-S0.005_400ns_re,B2D-C3m-D10m-W4m-T0.5m-E12-S0.005_400ns_im,B2D-C3m-D10m-W4m-T0.5m-E20-S0.005_200ns_re,B2D-C3m-D10m-W4m-T0.5m-E20-S0.005_200ns_im,B2D-C3m-D10m-W4m-T0.5m-E20-S0.005_400ns_re,B2D-C3m-D10m-W4m-T0.5m-E20-S0.005_400ns_im,B2D-C3m-D10m-W4m-T0.5m-E20-S0.02_200ns_re,B2D-C3m-D10m-W4m-T0.5m-E20-S0.02_200ns_im,B2D-C3m-D10m-W4m-T0.5m-E20-S0.02_400ns_re,B2D-C3m-D10m-W4m-T0.5m-E20-S0.02_400ns_im,B2D-C3m-D10m-W4m-T0.5m-E20-S0.05_200ns_re,B2D-C3m-D10m-W4m-T0.5m-E20-S0.05_200ns_im,B2D-C3m-D10m-W4m-T0.5m-E20-S0.05_400ns_re,B2D-C3m-D10m-W4m-T0.5m-E20-S0.05_400ns_im,B2D-C3m-D10m-W4m-T0.5m-E28-S0.05_200ns_re,B2D-C3m-D10m-W4m-T0.5m-E28-S0.05_200ns_im,B2D-C3m-D10m-W4m-T0.5m-E28-S0.05_400ns_re,B2D-C3m-D10m-W4m-T0.5m-E28-S0.05_400ns_im,B2D-C3m-D10m-W4m-T1m-E20-S0.02_200ns_re,B2D-C3m-D10m-W4m-T1m-E20-S0.02_200ns_im,B2D-C3m-D10m-W4m-T1m-E20-S0.02_400ns_re,B2D-C3m-D10m-W4m-T1m-E20-S0.02_400ns_im,B2D-C3m-D20m-W4m-T0.5m-E20-S0.02_200ns_re,B2D-C3m-D20m-W4m-T0.5m-E20-S0.02_200ns_im,B2D-C3m-D20m-W4m-T0.5m-E20-S0.02_400ns_re,B2D-C3m-D20m-W4m-T0.5m-E20-S0.02_400ns_im,B2D-C3m-D5m-W4m-T0.5m-E20-S0.02_200ns_re,B2D-C3m-D5m-W4m-T0.5m-E20-S0.02_200ns_im,B2D-C3m-D5m-W4m-T0.5m-E20-S0.02_400ns_re,B2D-C3m-D5m-W4m-T0.5m-E20-S0.02_400ns_im,B2D-C3m-D10m-NC_200ns_re,B2D-C3m-D10m-NC_200ns_im,B2D-C3m-D10m-NC_400ns_re,B2D-C3m-D10m-NC_400ns_im,B2D-C3m-D10m-OFF_200ns_re,B2D-C3m-D10m-OFF_200ns_im,B2D-C3m-D10m-OFF_400ns_re,B2D-C3m-D10m-OFF_400ns_im,B2D-C5m-D10m-W4m-T0.5m-E20-S0.02_200ns_re,B2D-C5m-D10m-W4m-T0.5m-E20-S0.02_200ns_im,B2D-C5m-D10m-W4m-T0.5m-E20-S0.02_400ns_re,B2D-C5m-D10m-W4m-T0.5m-E20-S0.02_400ns_im,B2D-C5m-D20m-W4m-T0.5m-E20-S0.02_200ns_re,B2D-C5m-D20m-W4m-T0.5m-E20-S0.02_200ns_im,B2D-C5m-D20m-W4m-T0.5m-E20-S0.02_400ns_re,B2D-C5m-D20m-W4m-T0.5m-E20-S0.02_400ns_im,B2D-C5m-D10m-NC_200ns_re,B2D-C5m-D10m-NC_200ns_im,B2D-C5m-D10m-NC_400ns_re,B2D-C5m-D10m-NC_400ns_im,B2D-C8m-D10m-W4m-T0.5m-E20-S0.02_200ns_re,B2D-C8m-D10m-W4m-T0.5m-E20-S0.02_200ns_im,B2D-C8m-D10m-W4m-T0.5m-E20-S0.02_400ns_re,B2D-C8m-D10m-W4m-T0.5m-E20-S0.02_400ns_im,B2D-C8m-D10m-W4m-T0.5m-E28-S0.05_200ns_re,B2D-C8m-D10m-W4m-T0.5m-E28-S0.05_200ns_im,B2D-C8m-D10m-W4m-T0.5m-E28-S0.05_400ns_re,B2D-C8m-D10m-W4m-T0.5m-E28-S0.05_400ns_im,B2D-C8m-D20m-W4m-T0.25m-E20-S0.02_200ns_re,B2D-C8m-D20m-W4m-T0.25m-E20-S0.02_200ns_im,B2D-C8m-D20m-W4m-T0.25m-E20-S0.02_400ns_re,B2D-C8m-D20m-W4m-T0.25m-E20-S0.02_400ns_im,B2D-C8m-D20m-W4m-T0.5m-E20-S0.02_200ns_re,B2D-C8m-D20m-W4m-T0.5m-E20-S0.02_200ns_im,B2D-C8m-D20m-W4m-T0.5m-E20-S0.02_400ns_re,B2D-C8m-D20m-W4m-T0.5m-E20-S0.02_400ns_im,B2D-C8m-D10m-NC_200ns_re,B2D-C8m-D10m-NC_200ns_im,B2D-C8m-D10m-NC_400ns_re,B2D-C8m-D10m-NC_400ns_im
20000000.0,0.03299075002700036,0.07292433199604531,0.03299072431596528,0.07292442411082511,-0.16484999400634237,0.17981194836673176,-0.16484999867365602,0.17981205217731855,0.06361204838522383,0.1455996588602808,0.06361204655521036,0.14559971787317139,0.0,0.0,0.0,0.0,0.0035015156946514026,-0.004775372920958532,0.003501516497763646,-0.004775384234097402,0.00577557692544417,-0.007736871380961574,0.00577557858026978,-0.007736894360983015,0.00873699344931822,-0.008494010850068179,0.008736995017827098,-0.008494033609796503,0.005123592459895576,-0.0033514228624937914,0.005123593114518599,-0.003351432279643518,0.013643528903138247,-0.0033786081631514975,0.013643529407104893,-0.003378617471984313,0.012511220632433151,-0.013359002055118196,0.012511223970562924,-0.013359048398074336,0.012899766591509376,-0.022721916419719435,0.012899779551112545,-0.02272205051840004,0.014529142493081793,-0.022710742192328937,0.014529155510501823,-0.02271087458542098,0.013704041693479496,-0.011901352496950679,0.013704048911222344,-0.011901451905387717,0.002873712606280776,-0.003362179912597796,0.0028730853947607216,-0.0033631332227326283,0.027083862299349448,-0.026232083611789747,0.02708386517522854,-0.026232111987930296,0.0,0.0,0.0,0.0,0.0032190793317923294,-0.015933607708392472,0.00321908313966901,-0.015933654888426574,-0.0036699220796734267,-0.0014811924569926305,-0.003669919774623054,-0.0014812350817443587,-0.0008808935900077586,-0.00031598276456001884,-0.0008808613537567567,-0.0003159629706939171,0.0,0.0,0.0,0.0,0.00028936859663275527,0.00023470707366790577,0.0002893701304884644,0.00023467439533852996,0.00048226230447312446,0.0002698004809307264,0.0004822665874826271,0.00026971265737962824,4.714021730478635e-05,3.673256543024195e-05,4.714085329737827e-05,3.672669254228822e-05,7.352101714985793e-05,5.153695942006209e-05,7.352309136621216e-05,5.1525872247992766e-05,0.0,0.0,0.0,0.0
20300000.0,0.06833535377889177,0.04494327236967521,0.06833545587712919,0.04494329777896233,-0.11326364992720173,0.21996414086250127,-0.11326356255410275,0.2199640893586441,0.11478058006527903,0.11469982201252904,0.11478062927528043,0.11469979526011187,0.0,0.0,0.0,0.0,0.00020491586504078896,-0.006009490005817852,0.00020490617934854072,-0.006009483846854735,0.0004465556918518132,-0.009790990106521846,0.00044653601947430843,-0.009790977616404462,0.002518382894763249,-0.01220896555871498,0.002518363437644666,-0.012208953071878526,0.0024156202327958454,-0.005764730623971204,0.002415612172782744,-0.005764725488061728,0.009644811493274119,-0.010760210299624262,0.00964480348118002,-0.010760205285411217,0.002903928345283191,-0.018483185039869454,0.0029038888265517926,-0.018483159501567314,-0.002210269623169836,-0.026548888454614783,-0.0022103846977259423,-0.026548818430986998,-0.0008227856568865377,-0.027492731904208867,-0.0008228990781589118,-0.02749266252248539,0.0047875449065344355,-0.017648479322367905,0.00478745990336904,-0.017648425254433775,-0.0011892964710398246,-0.004348855878600233,-0.001190162718849308,-0.0043481001940914865,0.01475505439090341,-0.03560962089408726,0.014755029606455139,-0.03560960388778156,0.0,0.0,0.0,0.0,-0.0065519457085230215,-0.01525583667332242,-0.00655198599906015,-0.015255811427032029,-0.0039027772505804137,0.0009535067761561322,-0.003902813367979263,0.0009535290121522877,-0.0007532622704076175,0.0005770976405052863,-0.0007532459770445143,0.0005770776722400228,0.0,0.0,0.0,0.0,0.0003776689614696238,1.1258703596084274e-05,0.00037764142010132673,1.1275581989877992e-05,0.0005531388657331604,-7.994203219752194e-05,0.0005530648120384285,-7.989734608315757e-05,5.6628401999603284e-05,-2.171934984573909e-05,5.6623502146635474e-05,-2.1717154366385216e-05,8.317522435419278e-05,-3.6889128059769405e-05,8.316581828182734e-05,-3.6885854473922564e-05,0.0,0.0,0.0,0.0
20600000.0,0.08377650162032069,0.0013720562743486653,0.08377652278648284,0.0013719419302269387,-0.0520834079721233,0.24547531269518785,-0.05208349684484759,0.24547526341576642,0.15214872838417293,0.0662538490024378,0.1521486834771295,0.06625382095760912,0.0,0.0,0.0,0.0,-0.0032697583208616265,-0.005153615977004478,-0.0032697472732223787,-0.005153610505837847,-0.005208405457175047,-0.008472682702958423,-0.005208383037953013,-0.008472671597276715,-0.00489565642703127,-0.01177152492797262,-0.004895634084149947,-0.011771514001736705,-0.0012604382518901502,-0.006254007099993686,-0.0012604290504896198,-0.0062540025493618145,0.001955306136643742,-0.01472976742365617,0.0019553150323403656,-0.014729762758019405,-0.00819311487462926,-0.017269949737022117,-0.008193069124111219,-0.017269927800001028,-0.017158674507577132,-0.021013138951619936,-0.017158546280874987,-0.021013073807099047,-0.016542543465419612,-0.02262317625846144,-0.01654241636197895,-0.022623112521932498,-0.005920048363634578,-0.017426190707720224,-0.005919951352460373,-0.017426142926781907,-0.004346295099978192,-0.001478368172062261,-0.004345433859910486,-0.0014776168361247954,-0.0006660767481889707,-0.039381514084951164,-0.0006660451155937608,-0.039381500033359274,0.0,0.0,0.0,0.0,-0.014376465915944436,-0.008975350814631966,-0.01437642037440412,-0.008975328257346149,-0.002647227914039263,0.0030966483650729515,-0.002647188942610512,0.00309666866684033,7.817232060602919e-05,0.0009575393080307748,7.816277570071861e-05,0.0009575218895427895,0.0,0.0,0.0,0.0,0.00031122397906102606,-0.0002233642362021726,0.0003112532417972602,-0.00022334887143848903,0.0003945274889147754,-0.0004043432725122642,0.00039460507185395954,-0.0004043017310415564,1.0724874819345587e-05,-6.060081352643465e-05,1.0728805264648145e-05,-6.0598041201842534e-05,1.1291795964041285e-05,-9.147158126054933e-05,1.1298350742094954e-05,-9.146607763099723e-05,0.0,0.0,0.0,0.0
20900000.0,0.07327763453282188,-0.04503976271188748,0.07327750720853743,-0.045039774563054635,0.014580197879642043,0.2541132237774182,0.014580193866461144,0.25411332436362066,0.16983666105572226,0.0060432006535862115,0.16983665744110255,0.006043249715284915,0.0,0.0,0.0,0.0,-0.0056902237016345225,-0.002440735783039827,-0.005690223454131171,-0.0024407488158271207,-0.00920105693309381,-0.004130007300833682,-0.009201056441057176,-0.004130033747111739,-0.01091511229208919,-0.007116256287144296,-0.010915111928163412,-0.007116282610297731,-0.004648911986123494,-0.00455611083011398,-0.004648911782481946,-0.0045561216802845195,-0.006898472609030648,-0.01363121542604695,-0.006898472093403996,-0.013631225906538091,-0.016859407886848032,-0.009814810313780953,-0.016859407690169803,-0.009814864163738335,-0.026482945053061258,-0.0076857890519637095,-0.026482941796700743,-0.00768594080245677,-0.026911796035534508,-0.009397635262558879,-0.02691179383196385,-0.009397785572334172,-0.01472966277042076,-0.011187313499670282,-0.014729661046096965,-0.011187427806012451,-0.0037174387789917773,0.0028211645050681966,-0.0037168211881777324,0.0028202277348299276,-0.016686034723946364,-0.03659891065108489,-0.016686034589874055,-0.03659894933808161,0.0,0.0,0.0,0.0,-0.01725924897834119,0.0008774303704246478,-0.017259248315099285,0.0008773767656027331,-0.0003421665734180124,0.004112074683652267,-0.00034216540883136304,0.004112029742055157,0.0008565888674354483,0.0004581314749305676,0.0008565682029768595,0.0004581338359344045,0.0,0.0,0.0,0.0,0.00011307476032840214,-0.00037157044879876366,0.00011307554566286626,-0.0003716038365606522,6.755141919256857e-05,-0.0005669187438446244,6.755406361946825e-05,-0.0005670072134691395,-4.7110225210644785e-05,-4.094889722239259e-05,-4.71098580163698e-05,-4.095310611873515e-05,-7.358753190089828e-05,-5.731625341631741e-05,-7.358645196831048e-05,-5.732332644647897e-05,0.0,0.0,0.0,0.0
21200000.0,0.038404098504521755,-0.0796402414565911,0.03840410146938211,-0.07964010240048225,0.0821175170572701,0.24478604744756893,0.0821176065794873,0.24478601369612996,0.16425119632437202,-0.05821103811620709,0.1642512374209133,-0.05821105412007199,0.0,0.0,0.0,0.0,-0.006156954255594371,0.00122036441340434,-0.006156966603406033,0.0012203687569396493,-0.010059902650176866,0.001795048758085116,-0.010059927694229032,0.0017950575911633848,-0.013301765454215797,0.0002971420485984311,-0.013301790353565934,0.0002971509592821775,-0.006533013226125206,-0.001174477586468825,-0.006533023501084756,-0.0011744739697672202,-0.013776306556309237,-0.007529252586731872,-0.013776316508888442,-0.007529249444603536,-0.019825560847849033,0.001488718149422752,-0.019825611663257803,0.0014887370063494387,-0.026527162508394042,0.008862772546244457,-0.02652730592871677,0.008862823486325055,-0.02788852730041924,0.007686902938450757,-0.027888669128905974,0.007686954558314696,-0.018528523367095318,-0.0010159711424257978,-0.01852863139456673,-0.0010159324810228298,0.0002629151975952482,0.004728297847110596,0.00026193537338770057,0.004727822633983081,-0.03055584716789639,-0.027408075378883012,-0.030555885672335137,-0.027408062631579355,0.0,0.0,0.0,0.0,-0.013887239135542018,0.010805334370649788,-0.013887289585923668,0.010805352837174098,0.0021515170522619087,0.003577234277580388,0.0021514758503613507,0.0035772494454100467,0.0008582496227305114,-0.0004759514796166542,0.0008582475196377004,-0.00047592790915551575,0.0,0.0,0.0,0.0,-0.00013806904967594846,-0.0003687852527942681,-0.00013809918249307884,-0.0003687737636006716,-0.000294951381512476,-0.0004958790455695805,-0.0002950310865372785,-0.000495848966425072,-6.0141836769389556e-05,1.964144350452557e-05,-6.014510180563093e-05,1.9642900557670373e-05,-8.786849776498684e-05,3.419482936273255e-05,-8.787379886854296e-05,3.41970334982733e-05,0.0,0.0,0.0,0.0
21500000.0,-0.011278520514608203,-0.09021882841263462,-0.01127837305948276,-0.09021885125818763,0.14573057860442873,0.21764666324011905,0.1457305237600366,0.2176465973545323,0.13472736965332643,-0.11769971129529821,0.13472734371850237,-0.11769973821525426,0.0,0.0,0.0,0.0,-0.0044431253189287645,0.004547894762465532,-0.004443118097476884,0.004547904802969072,-0.007385405545214496,0.007242491439543031,-0.00738539087005563,0.007242511789549155,-0.011018530215167743,0.007922112218640365,-0.011018515501710624,0.007922132422086392,-0.0061754543704566345,0.002759919331500882,-0.0061754483588245535,0.0027599276830336805,-0.016033192475610747,0.0016647368015654251,-0.016033187021989193,0.0016647449413920157,-0.015750969990946828,0.012690907166556187,-0.01575093926525284,0.012690948219118425,-0.016962763948015436,0.022652522948067855,-0.01696267938519469,0.022652638850718887,-0.01877912369857171,0.022472548875740017,-0.018779038778617974,0.022472663159737394,-0.015929661168776477,0.009562720452850115,-0.015929597316180377,0.009562807960479702,0.004119840029950694,0.0024621252891225964,0.004119506938117468,0.0024631172163296355,-0.03974977360433485,-0.01309877102766599,-0.039749751943787714,-0.013098737491350931,0.0,0.0,0.0,0.0,-0.005251021513601017,0.01709651618731023,-0.005250991215348222,0.017096556745869407,0.003877484667221154,0.0016613775103717643,0.003877509448656724,0.0016614093839386612,6.724908637778526e-05,-0.0009889939295479877,6.727396434769162e-05,-0.0009889882339191303,0.0,0.0,0.0,0.0,-0.00033859848651474067,-0.00021138386118835228,-0.00033857999740405376,-0.0002113611257001935,-0.0005416797659663075,-0.0002152133348491958,-0.00054163104810101,-0.00021515341016176137,-1.419629391818944e-05,6.248397390962168e-05,-1.4194089118291231e-05,6.248574439915444e-05,-1.5755686064267138e-05,9.386940475586414e-05,-1.575227040007121e-05,9.387195733090437e-05,0.0,0.0,0.0,0.0
21800000.0,-0.0602937800329002,-0.07136607939407114,-0.06029382654647719,-0.07136623013662202,0.20076446267495385,0.17411596729262868,0.20076442061466793,0.17411602566918205,0.0838765298835753,-0.16359744157982092,0.08387651635275972,-0.16359741556959762,0.0,0.0,0.0,0.0,-0.0011014940956499686,0.006340042115660083,-0.001101486650895822,0.006340033926260702,-0.002034809233798285,0.010260184709039777,-0.0020347941622915755,0.010260168077248721,-0.004685796499089179,0.013006494956663062,-0.004685781570181291,0.01300647831171986,-0.0036104037669488775,0.005865395418457098,-0.0036103975781145436,0.005865388601922206,-0.012553758494306066,0.010755510216331032,-0.012553752402737928,0.01075550395436764,-0.005846997333193826,0.01969243519992503,-0.005846967207105536,0.019692400603982918,-0.0010584182203245973,0.028547453866359263,-0.0010583330467923702,0.02854735854168311,-0.0026634265229290577,0.029454568222085697,-0.0026633429330473746,0.029454472787389108,-0.007814806156432041,0.016838801772987466,-0.007814741625544741,0.016838729636454275,0.004404940053873929,-0.002057951016183779,0.00440591679186042,-0.0020577536219050785,-0.0424396333082484,0.0040570298805100435,-0.04243960625487375,0.004057004068318548,0.0,0.0,0.0,0.0,0.005608879344030981,0.01725591906009427,0.005608908915355926,0.01725588502318942,0.004156341267595565,-0.0009275410667655137,0.0041563633078425255,-0.000927568216219754,-0.0008017576014367478,-0.000600445011365025,-0.0008017471614465421,-0.0006004700234356619,0.0,0.0,0.0,0.0,-0.0004025790462875989,3.91966320663073e-05,-0.0004025639012041893,3.917674868958443e-05,-0.0005658250498186135,0.00016174893846709892,-0.0005657853882752306,0.00016169653937936346,4.6893662947411485e-05,4.4779091133761995e-05,4.689415683145626e-05,4.477718448470114e-05,7.315771287608186e-05,6.209178444294139e-05,7.315804224816702e-05,6.208913097083268e-05,0.0,0.0,0.0,0.0
22100000.0,-0.09184373150814906,-0.027312718470188457,-0.09184387929414584,-0.027312646395312612,0.243038890280026,0.11681777139520477,0.24303894100206236,0.11681779854986019,0.017557508908339514,-0.18826687541706377,0.01755752902865737,-0.18826686947604543,0.0,0.0,0.0,0.0,0.0027121644013092805,0.0059153019744293545,0.0027121565582746143,0.0059152963952691096,0.004150968637937069,0.009717164625044461,0.004150952719349732,0.009717153342435836,0.0035643366714452895,0.013606638824384731,0.0035643207562188195,0.013606627684936257,0.00033189366033070655,0.006999445802922111,0.00033188713278775595,0.006999441167224063,-0.0042940296288520585,0.016376356004457193,-0.004294035665218132,0.01637635139302418,0.006462635841778308,0.019795492367464362,0.006462602870648482,0.019795470068590504,0.015482809994914248,0.02425397879128255,0.015482719523909338,0.024253915341098775,0.01468494482340077,0.025928081666155123,0.01468485443172085,0.025928019751813025,0.0029654368313174473,0.018270626409435664,0.002965368005128255,0.018270578289907746,0.000777955443453493,-0.004864635774879389,0.0007780270916626364,-0.004865573756887898,-0.03787165545962523,0.021164124618906044,-0.03787168186247669,0.02116410293214699,0.0,0.0,0.0,0.0,0.014693404208664163,0.01103209385583881,0.014693371958081514,0.011032072057933107,0.00285508586097194,-0.0032088360878006483,0.0028550611131024084,-0.0032088515968453635,-0.0009505441651143087,0.0003501049829495173,-0.0009505698766574255,0.0003500875819248961,0.0,0.0,0.0,0.0,-0.0002990346143931788,0.00028013582427632855,-0.0002990522732986278,0.000280125539038778,-0.0003524411880064804,0.0004780075282688756,-0.0003524876292502199,0.00047798081800110026,6.320299304007904e-05,-1.744277470905331e-05,6.32019530684147e-05,-1.7442742766604624e-05,9.144800180393986e-05,-3.121834120278777e-05,9.144711084729806e-05,-3.121798526350972e-05,0.0,0.0,0.0,0.0
22400000.0,-0.09380018657660116,0.02835463247710379,-0.09380008920080485,0.02835477077584514,0.2691541018822079,0.04942838811251704,0.26915412551666407,0.04942834660708684,-0.055593963336839636,-0.18646831019650634,-0.05559395801699196,-0.18646832409330827,0.0,0.0,0.0,0.0,0.005643347696974388,0.00337456847215023,0.005643342915703897,0.003374575631895027,0.008991600670164246,0.0057339295594012185,0.008991591003422172,0.0057339440811574605,0.010815941896190395,0.009344636260532724,0.010815932378044124,0.009344650764099072,0.0042926234810920505,0.0056844905409150215,0.004292619508987627,0.00568449649809466,0.005939844666684735,0.016261697992952406,0.005939840701969956,0.016261703540262573,0.016760873735329085,0.012773706909879223,0.016760854764342525,0.012773736852761175,0.026665398955586284,0.011222306733653653,0.02666534426673195,0.0112223885225049,0.026969831573040892,0.013056341708836072,0.026969778378095555,0.013056423248844595,0.01263267848951699,0.01340556906409418,0.012632637268140456,0.013405631655988515,-0.0036404729868024788,-0.0034197701058147345,-0.0036413511272002097,-0.00341972812115543,-0.026562146660161545,0.03520489654489012,-0.02656216513187104,0.03520492220204119,0.0,0.0,0.0,0.0,0.018564827317213428,0.0005884389432431192,0.018564808683571243,0.0005884680496492933,0.0004468001344548611,-0.004305276245940348,0.0004467867313096008,-0.004305254808539161,-0.00022549643506408756,0.0010001282571465708,-0.0002255225218377177,0.0010001572964277727,0.0,0.0,0.0,0.0,-6.681102769334757e-05,0.0004095628919529304,-6.681999902014013e-05,0.00040957775075867175,1.3263105167027334e-05,0.0005989599286699843,1.323986035828284e-05,0.0005989988936256907,1.7705299349302095e-05,-6.386755615750417e-05,1.7705015899593946e-05,-6.386729511476119e-05,2.0277468202323234e-05,-9.511875230927558e-05,2.027684426053611e-05,-9.511931240524518e-05,0.0,0.0,0.0,0.0
22700000.0,-0.06382716200649696,0.07680725642983788,-0.06382703917225285,0.07680713604075251,0.2767518620619711,-0.02354920707258401,0.2767518234055615,-0.02354923435120071,-0.12510077959424848,-0.15641150127328274,-0.12510079149022602,-0.1564115102987742,0.0,0.0,0.0,0.0,0.00662584429615265,-0.0004178183632213006,0.006625851267209271,-0.0004178136871502147,0.010748519755075847,-0.00033840288798359097,0.010748533885745815,-0.0003383934277536582,0.014420612902497965,0.001602457087219733,0.01442062699506863,0.0016024663912190817,0.006857581624601039,0.0023067901426827575,0.006857587423652944,0.002306794027035153,0.014452746556713691,0.010178404470714497,0.014452752005482239,0.010178408323941568,0.021270960509752967,0.0010144033183330237,0.021270989500024484,0.0010144218902858881,0.02844021754049919,-0.005905497749537858,0.028440296824612687,-0.005905443444760294,0.029735432739840917,-0.004571932381335131,0.029735511593401043,-0.0045718795185294425,0.017853095631906513,0.0040137418744947695,0.017853156434661344,0.004013782367358942,-0.0049422833968719715,0.0011147043736734474,-0.004942142338393296,0.001115502768818999,-0.010261184432934556,0.04359055747855578,-0.010261158879217191,0.04359057420276358,0.0,0.0,0.0,0.0,0.01568045700169307,-0.01027730501443358,0.015680485142901546,-0.0102772865557057,-0.002165144663777596,-0.003783048697474811,-0.002165124221754411,-0.0037830345804792387,0.0007266853552252428,0.0007414706957789008,0.0007267216290287593,0.0007415053321118137,0.0,0.0,0.0,0.0,0.00019963878229845022,0.00036965766655683296,0.00019965278226408145,0.00036966756141154633,0.0003798725415506965,0.00046970140791913195,0.0003799092265381887,0.00046972717127502506,-4.616148531511044e-05,-4.855845834939032e-05,-4.6161393065347056e-05,-4.855735974018671e-05,-7.162735551702326e-05,-6.67294835636767e-05,-7.162803031945941e-05,-6.672694578213623e-05,0.0,0.0,0.0,0.0
23000000.0,-0.011079146701113984,0.10079943366078226,-0.011079286254037868,0.10079933105087946,0.26471293121820594,-0.09707555376135346,0.2647129010500464,-0.09707550898052375,-0.18000913771727767,-0.10046141420133381,-0.18000915007203133,-0.10046139863607095,0.0,0.0,0.0,0.0,0.00527255407289573,-0.004132117976915595,0.005272558556100648,-0.004132125542415821,0.00875456562728516,-0.006386597403331251,0.008754574703168316,-0.00638661274073371,0.012977351265313075,-0.006936488319919221,0.01297736018229756,-0.006936503590104337,0.007067469991000053,-0.0019941390731403885,0.007067473715416384,-0.0019941453676786125,0.018023267402476506,0.00011692415601416428,0.018023271063917434,0.00011691818871639725,0.018264726635230488,-0.01132985152630539,0.018264744470371852,-0.011329882860923846,0.020162384165196556,-0.021031920475266475,0.020162437003982348,-0.02103200691174223,0.021982415464073313,-0.020669040314263754,0.021982466955158486,-0.02066912612123062,0.016911699504213118,-0.006592130477873326,0.01691173850037586,-0.006592196507821058,-0.0018668194459010579,0.0047877068496440245,-0.0018661197326679257,0.004787485152455417,0.008320645273940386,0.0446558657715137,0.008320660010724623,0.04465583893393088,0.0,0.0,0.0,0.0,0.007001042679505076,-0.017556538312213377,0.0070010606135682,-0.01755656890079038,-0.003990612857577958,-0.0018219725421886324,-0.003990598347286323,-0.0018219953888518603,0.0010297713393256913,-0.00021181238829726112,0.0010298120020308943,-0.00021185958634362123,0.0,0.0,0.0,0.0,0.00038853528566562545,0.00017267994296688016,0.00038854585090319915,0.00017266402816673576,0.0005924496692486514,0.00014026559203372813,0.0005924772816854329,0.00014022376855038488,-6.613224988427646e-05,1.4747591038144492e-05,-6.613040941516601e-05,1.4746900408368901e-05,-9.475181266793697e-05,2.725707627604379e-05,-9.47476061057273e-05,2.7256245175522054e-05,0.0,0.0,0.0,0.0
23300000.0,0.04677340809279684,0.0913543194795352,0.046773328883254806,0.09135447344676706,0.23327489960396264,-0.165910664493218,0.2332749559540872,-0.16591063940390782,-0.21056374447606174,-0.025302891319547882,-0.2105637216572589,-0.02530288026169103,0.0,0.0,0.0,0.0,0.002025566925226485,-0.006444431322005784,0.002025558329677324,-0.006444434799124821,0.003661968578860808,-0.010281081349035048,0.00366195114617085,-0.010281088386985715,0.006870673578120545,-0.0132350591912207,0.006870656245794748,-0.01323506607809577,0.0047777293736643855,-0.005714067093965269,0.004777722221142255,-0.005714069981429759,0.015142981078433593,-0.010369770834742553,0.01514297425349298,-0.010369773650243275,0.008708693141358026,-0.01984723268978783,0.008708657618385018,-0.019847246412023622,0.004764151874233846,-0.02881607651995921,0.004764052859421497,-0.028816118041326888,0.006466775540026504,-0.02954256823415946,0.006466677343681226,-0.029542608570956475,0.010264910051965614,-0.01476447349540777,0.010264834872245387,-0.014764503788200045,0.0029692029989547564,0.004279067275444248,0.002968924434703979,0.0042784828330262314,0.025978321334960697,0.03799662073463139,0.02597829259033091,0.03799660985409048,0.0,0.0,0.0,0.0,-0.004357152249532703,-0.01853171009598853,-0.0043571872104308795,-0.018531724057901044,-0.004330482492804322,0.0008496714679573358,-0.0043305097439869655,0.0008496597700080599,0.00038315955676893054,-0.000992610317990028,0.00038309944695669174,-0.0009926526535082303,0.0,0.0,0.0,0.0,0.0004178526564047047,-0.00010211429682271955,0.00041783316926569114,-0.00010212300451328815,0.000558491998503996,-0.0002535421660958548,0.0005584405943750426,-0.0002535648826835768,-2.1662683131751237e-05,6.505572365611556e-05,-2.166448760476669e-05,6.50537324133893e-05,-2.5634382680550516e-05,9.602553042142858e-05,-2.5637795090460713e-05,9.602095494898322e-05,0.0,0.0,0.0,0.0
23600000.0,0.09006513409119066,0.05122320864895613,0.09006529752038972,0.05122326289938073,0.18406083762251058,-0.22497506466729433,0.18406084688027846,-0.2249751305034522,-0.20997504187769778,0.058594799653985064,-0.20997503842490062,0.058594770365175464,0.0,0.0,0.0,0.0,-0.0019910213926195297,-0.006511196324314739,-0.0019910227814392556,-0.0065111870336593825,-0.0027791532011676168,-0.010629506100279684,-0.002779155999832028,-0.010629487253645209,-0.001834612099017363,-0.014991791651556952,-0.0018346147663450552,-0.014991772932724245,0.0007324186635813135,-0.007514698616169824,0.0007324175143210709,-0.007514690883745345,0.006641556697253748,-0.017446713221410448,0.006641555591443193,-0.017446705809611274,-0.004077394206994711,-0.021457695453428016,-0.004077399307185203,-0.021457657118013174,-0.012345775475161247,-0.026541458087905312,-0.012345792550490842,-0.026541350399835295,-0.01134918366162907,-0.028095488118765388,-0.011349199787879627,-0.028095381384314777,0.00030660269294457976,-0.017793938391367448,0.0003065907107711041,-0.017793856989698043,0.005271356396626459,-7.943280312971979e-05,0.005270898827042458,-7.912683017963218e-05,0.039585186283680684,0.024578687435834468,0.039585181699301586,0.024578716921670463,0.0,0.0,0.0,0.0,-0.014274355747339484,-0.012782729033599338,-0.014274361127519342,-0.012782691058646378,-0.0030435094810385976,0.0032300047442710422,-0.0030435140638260805,0.0032300353657959135,-0.0006354593612556414,-0.0008678300050100063,-0.0006354985619481113,-0.000867757497200472,0.0,0.0,0.0,0.0,0.00027105075974986903,-0.0003402237633167715,0.00027104730994409465,-0.00034020143035107253,0.0002882595455631076,-0.0005461890627422861,0.00028825079731120695,-0.0005461299992433055,4.519364220101352e-05,5.27233262168636e-05,4.519231385557987e-05,5.2726244629042185e-05,6.975312812329548e-05,7.206256900005314e-05,6.974993399921914e-05,7.206855648789201e-05,0.0,0.0,0.0,0.0
23900000.0,0.1042601588860208,-0.006324237180816539,0.10426018798467851,-0.0063244054915259085,0.1200124805444105,-0.26971239552696247,0.12001241493625514,-0.26971238125216246,-0.1759680720137311,0.13828201019906672,-0.17596810257084172,0.13828201899204728,0.0,0.0,0.0,0.0,-0.005364056151549335,-0.00427606152246085,-0.00536404728951112,-0.004276062961018567,-0.008329952582151634,-0.007270796537536484,-0.008329934605519895,-0.0072707994830061295,-0.010104327679322012,-0.011477171104292694,-0.01010430984481303,-0.011477174151949043,-0.0036800697968715212,-0.006706563543190214,-0.0036800624197539378,-0.006706564747172905,-0.004554642657758734,-0.018415853454989417,-0.004554635554647746,-0.018415854651582464,-0.015602035915080137,-0.015512543687101754,-0.015601999433528135,-0.01551255029243137,-0.025204307097354217,-0.015014053317617737,-0.025204204152345255,-0.015014069711323685,-0.02524952751781484,-0.016855246405818036,-0.025249425565306183,-0.01685526347025501,-0.00952258219130897,-0.01479920663505041,-0.00952250447592462,-0.014799219545022169,0.0029031300775841373,-0.004467794666421554,0.002903429724106843,-0.004467467685724813,0.046663125557621754,0.006592826207288738,0.046663152782500106,0.00659282294223118,0.0,0.0,0.0,0.0,-0.019135479629063923,-0.0023377073908079637,-0.019135443349419745,-0.002337713759953175,-0.0006005778770870052,0.004421787752249884,-0.0006005479981681106,0.004421782195340285,-0.00108374253816379,6.723825847032572e-05,-0.0010836604010648898,6.727062978484355e-05,0.0,0.0,0.0,0.0,6.119706391416457e-06,-0.00043964975077415147,6.141741906162679e-06,-0.000439653972538423,-0.00010738647956998193,-0.0006121344165066489,-0.00010732813118607964,-0.0006121460826555847,6.93874256043614e-05,-1.1799787657196248e-05,6.939092173752215e-05,-1.1799771751697108e-05,9.866191413010483e-05,-2.2994447679280938e-05,9.86693596303212e-05,-2.299405099037699e-05,0.0,0.0,0.0,0.0
24200000.0,0.08472784807970157,-0.062473793668321065,0.08472767873448106,-0.06247379835022571,0.04523033969467605,-0.2964280190582649,0.045230377693059154,-0.29642796734505694,-0.11174771404404993,0.20031956581955512,-0.11174769257225137,0.2003195901167878,0.0,0.0,0.0,0.0,-0.006890810248179946,-0.0004987409140326804,-0.006890814438996529,-0.0004987478242881593,-0.011043878806027863,-0.0013383156679935837,-0.011043887345422831,-0.0013383296796760646,-0.014998418276995551,-0.0038185035803550704,-0.01499842688839692,-0.0038185174514673292,-0.0069069783178719035,-0.0035097203323779524,-0.006906981813727953,-0.003509726087131071,-0.014449366161464638,-0.012739904421799508,-0.01444936960832166,-0.012739910006207111,-0.021787796267723536,-0.004026367519763596,-0.02178781426829346,-0.004026395810402761,-0.02935416914146316,0.0017641209597130114,-0.02935421823572426,0.0017640410100341342,-0.03041834620899664,0.00026482188091847547,-0.030418395705694934,0.00026474285144573173,-0.01593946022057935,-0.006953540302554018,-0.01593949739630318,-0.0069536008831434515,-0.0021084569244891327,-0.00494670065368652,-0.002108254389000308,-0.004946959018905517,0.04584037756964676,-0.012919195914768977,0.04584036692520499,-0.012919216977000048,0.0,0.0,0.0,0.0,-0.017140015119657903,0.00906497740209744,-0.017140032962061014,0.009064949230108255,0.0020918305418220484,0.003969382902738516,0.002091814917271506,0.003969359460928246,-0.000532953798597191,0.0009561758679588195,-0.0005329297845477754,0.0009560879778831577,0.0,0.0,0.0,0.0,-0.00026716337588084116,-0.00035496077024887995,-0.0002671752803138361,-0.0003549781173042277,-0.00046256171189185125,-0.0004204685475137637,-0.0004625938338733704,-0.0004205144772733149,2.5871987013204034e-05,-6.652965884867967e-05,2.5870500401481422e-05,-6.653289123192963e-05,3.123860317089111e-05,-9.75254449038232e-05,3.1235728265244234e-05,-9.75325830836482e-05,0.0,0.0,0.0,0.0
24500000.0,0.03773534291797631,-0.09925255117563658,0.0377353614793563,-0.09925238380983181,-0.03527203715217553,-0.3025820420970522,-0.03527201131775115,-0.302582095439055,-0.02604436684458733,0.23318051904650972,-0.026044355467846003,0.23318048927622392,0.0,0.0,0.0,0.0,-0.00600789501968535,0.0035059645907686843,-0.006007898659376565,0.003505970531804792,-0.00994712388057195,0.0051282751840133756,-0.00994713124590163,0.005128287280186328,-0.014712922610954138,0.00536883669969157,-0.014712929850084322,0.005368848846746488,-0.0077791119478405335,0.0010044672072666572,-0.00777911498135353,0.0010044721606661255,-0.019414804086842707,-0.0022887654535779234,-0.019414807102656084,-0.0022887605418162593,-0.020403618231810583,0.009024290855034423,-0.020403632841258457,0.009024316072675731,-0.023354688011608005,0.017997546949885646,-0.02335472912590575,0.01799761681032308,-0.02507223917958612,0.01734607786248077,-0.025072279538669306,0.01734614792494682,-0.016912672572885867,0.0029908981783783872,-0.016912704362276543,0.0029909507798464574,-0.005324202824972701,-0.0010213297314258796,-0.00532438760084375,-0.0010214240388073392,0.03711100010406909,-0.030596320151179413,0.03711098853756312,-0.03059630489876497,0.0,0.0,0.0,0.0,-0.008950594054347505,0.017323375383845985,-0.008950608554066264,0.017323400494703378,0.0040300465674860675,0.0020291456332195423,0.004030034533826665,0.0020291677214920867,0.0005197949037949456,0.0009723841248110432,0.0005197047134970489,0.0009723677290800481,0.0,0.0,0.0,0.0,-0.0004329459874412578,-0.00011800446833731826,-0.0004329548062216304,-0.0001179876099435262,-0.0006266279921760542,-4.909873284120181e-05,-0.0006266512640635824,-4.905341960181886e-05,-4.450007241274534e-05,-5.7131850528691075e-05,-4.450224763274946e-05,-5.712921273826055e-05,-6.853660258343552e-05,-7.761199109523886e-05,-6.854173769710314e-05,-7.760649211618897e-05,0.0,0.0,0.0,0.0
24800000.0,-0.022029980324191456,-0.10500650001523759,-0.022029817248949257,-0.10500654063195469,-0.11588872656404448,-0.28701342794123264,-0.11588878101282063,-0.28701342259923024,0.06795231625961407,0.2296066251954585,0.06795228585512803,0.22960662971535228,0.0,0.0,0.0,0.0,-0.0029970170844251243,0.006327944657607887,-0.0029970110328960686,0.006327944452491963,-0.005382749909671247,0.009886881089791189,-0.0053827375893718,0.009886880640030071,-0.009235114254941834,0.012878388310831212,-0.009235101888108943,0.01287838775575878,-0.0059330312015006825,0.005274673319307865,-0.005933026153400078,0.005274673154152865,-0.017519719049417404,0.009287693839633349,-0.017519713961632988,0.009287693825861254,-0.011851557387664968,0.01908304014457407,-0.01185153178724363,0.019083038682351727,-0.009253936893884429,0.028086749070311612,-0.009253865873326106,0.028086744421823795,-0.01104380947082717,0.028500306712544443,-0.011043738342245035,0.02850030151918581,-0.012287570629894162,0.011682418650901027,-0.01228751707664344,0.011682416567040832,-0.0038531723796069173,0.003872318389715801,-0.003853183039396413,0.003872403443168082,0.02185001720000912,-0.043349277831746136,0.021850032701905775,-0.043349277189751234,0.0,0.0,0.0,0.0,0.002541157641125835,0.019442585183197636,0.0025411831199591006,0.019442583584790896,0.004486300014583833,-0.0006885590947778297,0.004486322548189037,-0.0006885606551687573,0.001106626803824895,9.057968350667522e-05,0.0011066158924819547,9.06703729892655e-05,0.0,0.0,0.0,0.0,-0.0004183765372971493,0.000173856947631279,-0.00041835932435674295,0.0001738555458477009,-0.0005278145674765256,0.00034711653260011133,-0.0005277683165232361,0.00034711263355369226,-7.288264540505907e-05,9.14294557219364e-06,-7.287959610380312e-05,9.143639356778976e-06,-0.00010280899562076229,1.950906110970152e-05,-0.00010280233992432386,1.9511214597756066e-05,0.0,0.0,0.0,0.0
25100000.0,-0.07609761690947181,-0.07757513088747636,-0.07609767865096018,-0.07757528776930478,-0.19079557169937544,-0.25007574615160344,-0.19079553876561306,-0.2500757055055942,0.1547162174339718,0.18836544240918762,0.15471623591569283,0.1883654654126925,0.0,0.0,0.0,0.0,0.0011063012321628207,0.006958909307243744,0.001106297593175043,0.006958904860832504,0.001100001223569791,0.011269404060080035,0.0010999937953286576,0.011269395005317762,-0.00037973447177819253,0.01602985365033227,-0.000379741990968796,0.016029844534784843,-0.00195627619923755,0.007791066103822075,-0.001956279221175805,0.007791062389177483,-0.009266021633621335,0.017842949434040634,-0.009266024361409109,0.017842945518943054,0.0009584015720065509,0.022598497272831253,0.0009583857583592703,0.02259847844518248,0.008119364255279038,0.028536822150295293,0.008119318743737836,0.028536770512824106,0.006858839651606274,0.029875693345578824,0.00685879378846721,0.029875641586425417,-0.0037619210693407013,0.016302034474865224,-0.0037619533934005744,0.016301995121663637,0.0010592324779779005,0.005401536474833435,0.0010592000318183636,0.005401493369374677,0.0025834120766248247,-0.04890399794273215,0.0025834028816404953,-0.04890400913486559,0.0,0.0,0.0,0.0,0.013241928619812882,0.014609222463318972,0.01324191265958774,0.0146092038420651,0.0032776106237406566,-0.0031816447637442735,0.003277596981355657,-0.003181661441880479,0.000681688008967285,-0.0008869756507419169,0.000681779439318575,-0.0008869681120060591,0.0,0.0,0.0,0.0,-0.00022584418217519442,0.0003975018861144264,-0.00022585464611069028,0.0003974891308846651,-0.0002049517399811407,0.0006004906221548367,-0.0002049797233567574,0.0006004562589136953,-2.9755387465968397e-05,6.825601003157544e-05,-2.9756091024069065e-05,6.825336565974283e-05,-3.5931935819633054e-05,9.934990379889541e-05,-3.593271856772162e-05,9.934375797726602e-05,0.0,0.0,0.0,0.0
25400000.0,-0.10754067428909764,-0.02474188642828068,-0.10754082312129754,-0.024741804161841685,-0.2543551319313835,-0.19367441681550268,-0.25435511533857635,-0.1936744663202461,0.21920668944729726,0.11490704985132894,0.21920669962224792,0.11490702341739123,0.0,0.0,0.0,0.0,0.004870839434353513,0.005151813424694396,0.0048708378031889765,0.005151819249245904,0.007274267764664444,0.008763417044379551,0.0072742644353027686,0.008763428915619542,0.008814801615649515,0.013620089318425954,0.008814798198876872,0.01362010127984803,0.0028004334336344527,0.007628939025870807,0.0028004320606171973,0.007628943865530147,0.0025398339678304183,0.020220323917866878,0.002539832172040235,0.02022032838284815,0.01360377415488756,0.01826782275674077,0.013603767145305312,0.018267847717380548,0.022803691002515336,0.0191502331786797,0.02280367322762089,0.01915030461778855,0.022496022750665645,0.020966962973886893,0.022496004760313326,0.020967034640463567,0.005747990639903833,0.015470440508774885,0.005747976156527557,0.015470492049848517,0.0051077710936056064,0.0021661960218359866,0.005107705995257561,0.0021663549679935556,-0.01744274981200533,-0.04620114065312819,-0.017442753397091337,-0.04620112487354788,0.0,0.0,0.0,0.0,0.01931326483251894,0.004491701938913906,0.019313258154468826,0.004491726996425527,0.0008341132453182354,-0.004523517207484673,0.0008341068036799015,-0.004523496109971603,-0.000377781202416827,-0.001063100406966555,-0.00037777626847912416,-0.0010631942704009134,0.0,0.0,0.0,0.0,6.608395781171339e-05,0.00045634623738521896,6.607898557575709e-05,0.0004563622123416877,0.0002071278474176097,0.0006022948159802866,0.00020711422568808757,0.0006023374241284074,4.409463064547481e-05,6.117755279966275e-05,4.409296545304642e-05,6.117913817682563e-05,6.779708621706959e-05,8.214990024413282e-05,6.779267612699869e-05,8.215269122224811e-05,0.0,0.0,0.0,0.0
25700000.0,-0.10577273249776908,0.03785384535336256,-0.10577263010342364,0.03785398400133033,-0.3015284997191259,-0.12119597953179273,-0.30152855162913994,-0.12119596970839552,0.24978523633007654,0.020652864585843034,0.24978520960839035,0.020652868283153936,0.0,0.0,0.0,0.0,0.006970188807294164,0.0015145814397534707,0.006970195196991824,0.0015145799132483262,0.011001293509366405,0.003197004216369592,0.011001306527973043,0.0031970011282957955,0.015129303495655222,0.006372274748466467,0.015129316621745659,0.006372271776815097,0.006683659586258273,0.004785892158462701,0.006683664895881236,0.004785890906273238,0.01374857080440961,0.01541069382937188,0.013748575740017088,0.015410693247147833,0.02167594659272254,0.007506751230504705,0.021675973939331072,0.00750674500238091,0.02973902582395027,0.0030984021205107126,0.02973910375884259,0.0030983819722010253,0.030490924001426833,0.004786844548226199,0.030491002135178746,0.004786824735560913,0.013114566783556825,0.009639919214775361,0.013114623214114829,0.009639905844952779,0.004695313642727683,-0.0030419136564088234,0.004695600413199941,-0.003041857479008314,-0.03481579905410115,-0.03558550903226809,-0.034815780972415666,-0.03558551415107836,0.0,0.0,0.0,0.0,0.01854233825205398,-0.0073423992477668065,0.01854236556676625,-0.0073424059300286615,-0.001954766863342172,-0.00420254726136271,-0.0019547442853991015,-0.004202552165381235,-0.001108586106191467,-0.00026236973092608196,-0.0011086842500276362,-0.00026237084212965556,0.0,0.0,0.0,0.0,0.0003349417089921758,0.00032237145709146375,0.0003349586260483761,0.00032236785020245406,0.0005347674848366069,0.00034993497445690025,0.0005348125404154302,0.0003499257411814227,7.599388428758402e-05,-6.8342948136290715e-06,7.599565778804163e-05,-6.833748813050988e-06,0.00010591667285098083,-1.669858301411864e-05,0.00010592014744048583,-1.6696302903795868e-05,0.0,0.0,0.0,0.0
26000000.0,-0.06985362148891028,0.0908616919999492,-0.06985349565014332,0.09086156995360462,-0.32826262822499785,-0.03732791339719199,-0.3282625974310065,-0.03732787121571235,0.24054119315739086,-0.07900027965487766,0.24054120748603935,-0.07900025907099284,0.0,0.0,0.0,0.0,0.0066496783832974415,-0.0026964877920470087,0.0066496742365842465,-0.002696493313891324,0.010968928392657062,-0.0035384513862553035,0.010968919976633629,-0.003538462639664175,0.016286838471152976,-0.0032817445802884038,0.016286830193344315,-0.0032817559774738214,0.008312302129304783,0.0002003922404671954,0.008312298698875509,0.00020038765231866762,0.020330320089193776,0.004958946942387854,0.020330317563718836,0.004958942651203557,0.022309713066526626,-0.006020667483504383,0.022309695834437093,-0.006020691246799714,0.026493400567893843,-0.014153611078208783,0.026493348941329486,-0.014153678356288779,0.028060365447096558,-0.013158636117054812,0.028060314250581087,-0.013158703651180659,0.016026575355482464,0.0008670094761935587,0.016026538895062004,0.0008669607947595637,0.00011059762189091771,-0.005641865413643643,0.00011061629639641524,-0.005642275488677129,-0.04653789084675708,-0.018756495444087307,-0.04653790350199927,-0.01875651192349892,0.0,0.0,0.0,0.0,0.011138003485754666,-0.016686836246629255,0.011137985725611088,-0.016686859788459074,-0.004061175401538719,-0.0023130216040332385,-0.004061189494507289,-0.0023130404781248615,-0.0008301371571590721,0.0007977926574529448,-0.0008301315549985588,0.0007978956747525245,0.0,0.0,0.0,0.0,0.00046587103464901247,4.9234547214283e-05,0.00046586056199515724,4.9220625221835235e-05,0.0006389096468097932,-5.1754964236039314e-05,0.0006388821335931993,-5.1791987138116724e-05,3.321239891818095e-05,-6.960700079261528e-05,3.3212107609870145e-05,-6.960839037617461e-05,3.9739761461987655e-05,-0.00010020074458338968,3.974034666498483e-05,-0.00010020377700925565,0.0,0.0,0.0,0.0
26300000.0,-0.009481491789998131,0.11669484014139808,-0.009481632558426156,0.11669473026815513,-0.33182563526807485,0.05222105183741288,-0.3318256090676215,0.05222101023377412,0.19246812842418137,-0.16752771042914816,0.19246813980688415,-0.1675277296404296,0.0,0.0,0.0,0.0,0.003995451052631438,-0.006011944482098741,0.003995447211380565,-0.006011938804075356,0.007148527746224431,-0.009132170807223616,0.007148519907545392,-0.009132159279284124,0.011764736149778798,-0.012018415556907414,0.011764728118983214,-0.012018404174146013,0.007066793484284517,-0.004559418394244119,0.007066790294025793,-0.004559413692623693,0.01981901266574937,-0.007538264393676997,0.019819009636549367,-0.007538260794927254,0.015186841081273883,-0.017651202237418673,0.015186824282416467,-0.01765117854020204,0.014097334008866369,-0.026698277034626017,0.014097287098053357,-0.026698207013815534,0.015963417007313296,-0.026735568623118766,0.01596336973137369,-0.02673549906292294,0.013699917945707796,-0.007923966666346871,0.013699884158647535,-0.007923916772211825,-0.004653467999496286,-0.0032764418885076196,-0.004653992683650188,-0.0032763970203522064,-0.050537907045082875,0.0015104577385560702,-0.050537919506005835,0.0015104752589092385,0.0,0.0,0.0,0.0,-0.0003304994037733877,-0.02018610462119419,-0.0003305157712389928,-0.020186080394839934,-0.0046925576785668,0.0004715580462342217,-0.004692570058544732,0.0004715771572509908,0.0002244971543134966,0.0011421034296610344,0.00022460347340569342,0.0011420876916226064,0.0,0.0,0.0,0.0,0.00040077845353891917,-0.0002489931745603968,0.0004007695903354147,-0.0002489790744508724,0.00047398646040619496,-0.0004338388693554407,0.00047396295848756154,-0.00043380171912765775,-4.335863025772824e-05,-6.471292375564985e-05,-4.3359405687226626e-05,-6.471230633309233e-05,-6.623989719400925e-05,-8.561730986933469e-05,-6.624198976368234e-05,-8.561709657506356e-05,0.0,0.0,0.0,0.0
26600000.0,0.05697954776184844,0.10520434281346969,0.056979457382013265,0.10520450055834729,-0.311065771903273,0.1410879656203381,-0.3110658139904672,0.14108795472426916,0.11323714431841125,-0.23031865675564855,0.11323712590238699,-0.23031865975742072,0.0,0.0,0.0,0.0,-8.893541303933716e-05,-0.007261460312258272,-8.892936180870947e-05,-0.007261458209645966,0.0008138412192977285,-0.011644201672234011,0.0008138535067487851,-0.01164419736547817,0.003009857598733845,-0.01676204853725416,0.003009869750833616,-0.01676204398649883,0.0033199545875177705,-0.007832294067096512,0.003319959598115929,-0.00783229232213234,0.012221233925259867,-0.017674833014384994,0.012221237679291619,-0.0176748312630588,0.002668710846720046,-0.023321483566636658,0.002668736198451427,-0.023321473971244622,-0.0032885468262477957,-0.030187152162786113,-0.003288472280118526,-0.030187126292155142,-0.0017434038192760681,-0.03125702009826625,-0.001743329690377493,-0.03125699374674973,0.00706014293292867,-0.013919607840194637,0.007060196029677002,-0.013919589423420753,-0.005360602802710446,0.0020427187477238817,-0.005360470382555604,0.002043346012571945,-0.0460292357809422,0.021823386025500824,-0.046029216379537274,0.021823393932177026,0.0,0.0,0.0,0.0,-0.011827772009525006,-0.01652767208019945,-0.011827746194626343,-0.01652766310379672,-0.0035853583593450367,0.0031345422505149045,-0.003585338544297656,0.0031345482044704553,0.0010940412400657351,0.00043173789617778624,0.0010940128892187317,0.0004316320364390336,0.0,0.0,0.0,0.0,0.0001644522390762404,-0.0004455774559302128,0.00016446664847080683,-0.00044557350135132623,0.00010846348956050633,-0.0006345361700645924,0.00010850143461027528,-0.0006345257730240306,-7.852070896063879e-05,4.27326298257924e-06,-7.852023761500959e-05,4.273577245861304e-06,-0.00010782872805492616,1.3290017206735172e-05,-0.00010782855951418924,1.3291392458647522e-05,0.0,0.0,0.0,0.0
26900000.0,0.10757538166421199,0.05790478053972148,0.10757555355128545,0.05790484786250971,-0.26656888649318233,0.22268955345049601,-0.2665688877792789,0.22268958948532447,0.015682326867526797,-0.2572401459296225,0.015682328682821378,-0.25724013171328153,0.0,0.0,0.0,0.0,-0.004191130096735662,-0.005984807152107585,-0.004191129224608403,-0.005984812787227511,-0.005884881386549523,-0.010172577139629269,-0.0058848795744594895,-0.010172588580367403,-0.007023965179840275,-0.01575691398096879,-0.007023963075262429,-0.01575692531120243,-0.0016744572040963135,-0.008441529140251092,-0.0016744564794635153,-0.008441533802639789,6.130820913341495e-05,-0.02178235786542082,6.130912156976365e-05,-0.021782361150164853,-0.010987348839812228,-0.0209709761647483,-0.010987344323851289,-0.02097099989650797,-0.0197585196726493,-0.023314673474793324,-0.019758508718453527,-0.02331474309461523,-0.01905689859091808,-0.02507508484996901,-0.019056887067364414,-0.025075154152488288,-0.0016322751162292093,-0.015309118560364432,-0.0016322675260198594,-0.015309167886480068,-0.0013106811253464912,0.005626074848426477,-0.0013099667533253978,0.00562583243871817,-0.03365587998966646,0.03873863670337574,-0.033655875692566894,0.03873861762795183,0.0,0.0,0.0,0.0,-0.019264003101255867,-0.006920680781444588,-0.019263999341276872,-0.006920704868713656,-0.001113752791681577,0.0046811903326160476,-0.0011137510884609014,0.004681172637110542,0.000961925647700923,-0.0006956142592073888,0.0009618253261294285,-0.0006955729719475556,0.0,0.0,0.0,0.0,-0.00014478236459325444,-0.00045541921267489016,-0.00014478155485164734,-0.00045543180488216706,-0.0003038643723911605,-0.0005685209526822277,-0.00030386236037571734,-0.0005685540308597581,-3.682123878689936e-05,7.032402016182715e-05,-3.682098864743466e-05,7.032389950989426e-05,-4.390407346477332e-05,9.981185490293143e-05,-4.3902735612277866e-05,9.981208094966831e-05,0.0,0.0,0.0,0.0
27200000.0,0.12401592872965495,-0.01114770467432935,0.12401596986047281,-0.011147886681049712,-0.2006979902599113,0.2906938272934063,-0.20069796129052264,0.29069382595369664,-0.0845907970687918,-0.24422904277291302,-0.08459078725723401,-0.24422904524654188,0.0,0.0,0.0,0.0,-0.006877424176501279,-0.00259854660605896,-0.006877429174792837,-0.0025985469373090986,-0.010647231628119869,-0.005171039550316614,-0.01064724177408749,-0.005171040268457272,-0.014865000309100651,-0.009203689776817736,-0.014865010379814692,-0.009203690830256406,-0.0062008686243189,-0.0061136457378063724,-0.006200872753161946,-0.006113646016382646,-0.012458720413071944,-0.018239750420518508,-0.01245872306483875,-0.018239751079354605,-0.021062624628228832,-0.011274322659298175,-0.021062645843713312,-0.011274324961773274,-0.029638611221614042,-0.008293499955367878,-0.02963867329905412,-0.00829350424700559,-0.030032634389293378,-0.010165963647584597,-0.03003269627802041,-0.010165968554905369,-0.009558829744328534,-0.01180892045875126,-0.009558873376825261,-0.011808923346442679,0.003955189081658261,0.004256430213225748,0.003954816042046616,0.0042556483324216465,-0.015402026820417802,0.0493401797467814,-0.01540204468894757,0.04934017754934805,0.0,0.0,0.0,0.0,-0.01993291988728174,0.005303467160083564,-0.019932941349189548,0.005303465701110177,0.001830924259145661,0.004506426260181939,0.0018309092769754898,0.004506426037284683,-6.898717016667888e-05,-0.0011943084477286092,-6.893523374174038e-05,-0.0011942186386733056,0.0,0.0,0.0,0.0,-0.0003962335840199671,-0.00027198276877404837,-0.00039624398065996047,-0.000271982627057632,-0.0005892098763240483,-0.00026305299327544773,-0.0005892370926119384,-0.0002630524835476322,4.1973113567905784e-05,6.82931982054491e-05,4.19731994369954e-05,6.829261253615826e-05,6.348177411297229e-05,8.92224667952135e-05,6.348210070683535e-05,8.922049257753528e-05,0.0,0.0,0.0,0.0
27500000.0,0.0987920386136949,-0.07909958046230203,0.09879185158394677,-0.0790995931877636,-0.11750605456261098,0.3394992358255817,-0.1175060539742816,0.33949921042044284,-0.17191961908234532,-0.19369828570434056,-0.17191961957448143,-0.19369829347720735,0.0,0.0,0.0,0.0,-0.0071913142194404145,0.001739882896341971,-0.007191314483236511,0.0017398875165919314,-0.01180553620178415,0.0016900151499927851,-0.011805536787171889,0.0016900245301889605,-0.017710309284154846,0.0007610734334808633,-0.0177103102396714,0.0007610827819246602,-0.008667965461370386,-0.001591967649488435,-0.008667965687749302,-0.0015919638368289135,-0.020898123267073743,-0.008089479151826673,-0.020898124088070347,-0.008089476904461712,-0.023984870652370205,0.0025431259281241125,-0.023984872690967052,0.0025431457362223853,-0.02941029794633465,0.009835945852818995,-0.02941030119784216,0.009836003529006376,-0.030791448901069884,0.008481835533977744,-0.03079145277452966,0.008481893148742259,-0.014251049934806304,-0.004680703820088894,-0.014251052309845136,-0.004680663548771946,0.005768739324437888,-0.0008997894655307093,0.005767914231192606,-0.0008992680748480808,0.005723274809362522,0.05173877780277181,0.005723273602114887,0.05173879475091692,0.0,0.0,0.0,0.0,-0.01348220568314673,0.015831581434096353,-0.013482206820093268,0.015831601402429563,0.004155350948408909,0.0026317715721062562,0.004155350364236199,0.0026317850921264707,-0.001050017125990621,-0.0005887233397254832,-0.0010499412917823747,-0.0005887814800189517,0.0,0.0,0.0,0.0,-0.0004822405006521535,2.89269091200417e-05,-0.0004822408478801776,2.893616978161262e-05,-0.0006271083345907869,0.00015348573674645039,-0.0006271091491001357,0.00015350993108187438,8.099582878173806e-05,-1.0824440153101023e-06,8.099472950107156e-05,-1.082337905522479e-06,0.00010971860239550324,-8.783618153707096e-06,0.00010971575666474109,-8.78329326337024e-06,0.0,0.0,0.0,0.0
27800000.0,0.03900703249113491,-0.12212850305291201,0.039007049034218255,-0.12212831683409586,-0.02251907345226556,0.36468706902713377,-0.022519100302787365,0.3646870664262689,-0.2330876401231592,-0.11382466574480854,-0.23308764903896417,-0.11382466722105566,0.0,0.0,0.0,0.0,-0.0049919499408872525,0.005525873184457408,-0.004991945266240805,0.005525873411797111,-0.008903008034138793,0.008075715966389785,-0.008902998536171935,0.00807571648089711,-0.014414320893919808,0.010747771500925651,-0.0144143113787365,0.010747772415020895,-0.008163451961273438,0.0035982862809316174,-0.008163448103083226,0.0035982864809254167,-0.022128818302476816,0.005257172923947229,-0.022128816080261515,0.005257173970189655,-0.018579093692473236,0.015755372487605612,-0.018579073463513396,0.015755374354754714,-0.018956614057323407,0.024854594782542705,-0.01895655557907361,0.024854597289981406,-0.02087948178942156,0.024492809088558554,-0.02087942325891845,0.024492812201312386,-0.014341791441253804,0.0037294823018829693,-0.014341750660790353,0.0037294844301918317,0.0025004320622770138,-0.005304148186443314,0.0025011148712366094,-0.0053033087094433995,0.02617817121650745,0.045407551719103045,0.02617818799638627,0.04540755207564251,0.0,0.0,0.0,0.0,-0.002082750947622003,0.020867995364895364,-0.0020827306155624115,0.02086799627243896,0.004966552295854854,-0.00028139215299827214,0.004966566244270609,-0.00028139113986780373,-0.0010675929458017208,0.0005696935682333315,-0.001067651831483829,0.0005696327866264728,0.0,0.0,0.0,0.0,-0.0003644982110131423,0.00032056901314780895,-0.00036448854248760654,0.00032056988233453154,-0.0004014862512917716,0.000505720972648005,-0.00040146094811888133,0.0005057231987857236,4.101261649225307e-05,-7.091610445764118e-05,4.101335451878185e-05,-7.091465284547738e-05,4.9033529037956214e-05,-9.931745795510594e-05,4.903529806910001e-05,-9.931415188191295e-05,0.0,0.0,0.0,0.0
28100000.0,-0.03541687527016535,-0.124499130124195,-0.03541669592312502,-0.12449917518964282,0.0776024149988217,0.3634115223379723,0.07760241434739612,0.3634115537122545,-0.25922141900204565,-0.016986587159323774,-0.25922142005634896,-0.016986575081557542,0.0,0.0,0.0,0.0,-0.001014524271603534,0.007426710064621922,-0.0010145244582204782,0.007426705086418517,-0.0028714346499683074,0.011773028238873606,-0.002871434973613418,0.011773018114058953,-0.005941663525554475,0.017247746614289405,-0.005941663425375054,0.017247736418722848,-0.00478750457374133,0.007659747663199101,-0.004787504712595592,0.007659743551131748,-0.01547541321542667,0.017142014111705406,-0.015475412209269734,0.017142011667393986,-0.006539120374910112,0.023723829108059702,-0.006539120295386169,0.023723807409230635,-0.0017023341203952214,0.03146423431435974,-0.001702336959183981,0.03146417208017005,-0.003521310404181577,0.032245234003998535,-0.003521312659977127,0.03224517161302476,-0.009940331184360218,0.010761344840605536,-0.009940332655254736,0.010761301319821004,-0.0029970630664450937,-0.005071745911933712,-0.002996241366496122,-0.005072596823348929,0.042479354170367856,0.03129486365101464,0.0424793528978924,0.031294846674147,0.0,0.0,0.0,0.0,0.010276848520817339,0.01849039161854188,0.010276847558102986,0.018490369865423073,0.003916092957730655,-0.0031582051217980966,0.003916092849891584,-0.0031582206348236275,-9.787156152896159e-05,0.0012120010758062127,-9.791864782471293e-05,0.0012120556214032518,0.0,0.0,0.0,0.0,-9.112304349656597e-05,0.0004789271825802466,-9.112289475865509e-05,0.0004789161681747478,-7.367370656652383e-06,0.0006455330730931186,-7.36705062109877e-06,0.0006455041455573074,-4.041910221275202e-05,-7.23961912668658e-05,-4.041774440111112e-05,-7.239780964207743e-05,-6.060724501111281e-05,-9.367224560807852e-05,-6.060441675970196e-05,-9.367584305486343e-05,0.0,0.0,0.0,0.0
28400000.0,-0.09892357597121304,-0.08479321402589696,-0.09892364717111235,-0.08479338079996777,0.17550642188196974,0.3346950687231685,0.1755064567168816,0.33469506192681014,-0.24686917773164652,0.0822869951204104,-0.24686916289661553,0.08228699244197168,0.0,0.0,0.0,0.0,0.003372417673659811,0.006749312871941804,0.0033724125609069233,0.006749314002262641,0.0042592612229199744,0.01145263836530458,0.004259250816076587,0.011452640603383163,0.004889157501239083,0.01785321001526996,0.00488914696011733,0.017853211811664826,0.0003541591024287527,0.00914018845594372,0.0003541548773924319,0.00914018937493713,-0.003046915217389312,0.023255064531292835,-0.003046917812739025,0.02325506396513813,0.008066298092373358,0.023513436912500102,0.00806627563665785,0.023513440873526553,0.01645211464644092,0.027160970847741994,0.016452050769132143,0.02716098543533252,0.015369367642463772,0.02884446440115196,0.015369303498587783,0.028844478425686937,-0.002540149870839059,0.0142692222468839,-0.0025401946471106385,0.014269232012501437,-0.0059118515179292785,-0.00037734618582302426,-0.005912869781198538,-0.0003781166633837485,0.05179634751861073,0.011689471757629077,0.05179633092865288,0.011689475766910012,0.0,0.0,0.0,0.0,0.01915869197654274,0.009392397874499553,0.019158669537965523,0.009392402989536836,0.0013527294975759219,-0.004903819863233433,0.0013527129461152754,-0.004903816475966577,0.0009712262650154457,0.0007419430082345468,0.0009712728538104898,0.0007419794905354216,0.0,0.0,0.0,0.0,0.0002231129136873733,0.0004356158081879613,0.00022310092429478345,0.00043561810461448247,0.00038943502790544926,0.0005144069743323043,0.00038940345481108807,0.0005144131655995254,-8.393933882899773e-05,-2.292534759029685e-06,-8.394175095816081e-05,-2.2932502679318123e-06,-0.00011238205804176005,4.198480434480789e-06,-0.00011238719154249566,4.197221663865269e-06,0.0,0.0,0.0,0.0
28700000.0,-0.12982251214729956,-0.016415129486878066,-0.12982266156808464,-0.016415035958770308,0.26367128472329426,0.27960000804155394,0.2636712667145673,0.2795999749627774,-0.19821978768931814,0.16949384194921735,-0.19821979645149668,0.16949382718992395,0.0,0.0,0.0,0.0,0.006635009368586964,0.003693981532268742,0.006635011777838429,0.003693986188298193,0.01003501424112585,0.007148756081583385,0.01003501908074611,0.0071487655681554685,0.01431971796118603,0.012151051213646125,0.014319722350244035,0.012151060908018652,0.005505635623826777,0.007449464428420427,0.005505637602695401,0.007449468275905091,0.010889575314109834,0.021182940111499127,0.010889575450512723,0.021182942462350307,0.02013568168875679,0.014989471125101295,0.02013569114154734,0.014989491850621373,0.02911711843103859,0.013227280452717372,0.029117148842189522,0.013227338765947949,0.029166031613598875,0.0152478271338089,0.029166061491068263,0.015247885842011977,0.005488364734915763,0.013259187288691021,0.005488385797242756,0.01325922809077118,-0.003663327559621621,0.004706791119282627,-0.003664014456525422,0.004707968557442599,0.05244781476267946,-0.010146591625278423,0.052447822132748456,-0.010146576970122334,0.0,0.0,0.0,0.0,0.021262046993129502,-0.0032762521353604246,0.021262057723113514,-0.0032762315509704543,-0.0017855867380518475,-0.004821890426765951,-0.0017855786330969181,-0.004821875028800382,0.0011565102186779086,-0.00041707228503917726,0.0011565397998580806,-0.0004171092213181016,0.0,0.0,0.0,0.0,0.00044515884565754504,0.00020751164302823533,0.00044516475500699926,0.00020752292486869717,0.0006223065085393387,0.00016797413011704343,0.0006223223319281601,0.00016800386442883397,-4.5385023106803146e-05,7.194377823960263e-05,-4.5384679751236945e-05,7.194656670017618e-05,-5.4191640906253724e-05,9.959736050224599e-05,-5.4190547523091936e-05,9.960308854473077e-05,0.0,0.0,0.0,0.0
29000000.0,-0.11793759651771296,0.05762138061806832,-0.11793748545068183,0.05762150924166931,0.33497160318410835,0.20125518151247868,0.33497157911146047,0.20125521030059768,-0.12054795818442443,0.2321581273585539,-0.12054796881782437,0.232158142185253,0.0,0.0,0.0,0.0,0.007610025515134566,-0.0006995650485958071,0.007610028922812262,-0.000699568622993807,0.012418895660154305,0.0002825967979849242,0.012418902617945093,0.0002825895844482673,0.018946064911048666,0.001959043718085085,0.018946072157369542,0.0019590369481069514,0.00885516757531235,0.0030941660329152354,0.008855170386809164,0.003094163087075108,0.021337386970536443,0.011372269002477786,0.021337388525608958,0.011372268236480743,0.025312658709459868,0.0009776502112949226,0.025312674371356536,0.0009776356988369095,0.031686875376188084,-0.005579121708097712,0.03168691851616501,-0.005579166581473838,0.0328728034646133,-0.00392368066184845,0.032872847149072015,-0.0039237250594621464,0.01165022205854882,0.0081530966704636,0.0116502518887458,0.008153065291215289,0.001847915469809891,0.005720507720105017,0.0018492375176961673,0.005721081766080438,0.04421115600108294,-0.03052159712013347,0.04421116674384962,-0.030521607373519277,0.0,0.0,0.0,0.0,0.015672906073710635,-0.014971346010125064,0.01567292140952503,-0.01497136189986703,-0.004312081448354377,-0.0028969983222747464,-0.004312070198615459,-0.002897010863770255,0.00027754735637586236,-0.0012062926178962874,0.00027752011500581375,-0.0012063185513053742,0.0,0.0,0.0,0.0,0.0004802996297641471,-0.00010988612148699062,0.00048030788352093623,-0.00010989546984285781,0.0005941699471563311,-0.00024787657568881016,0.0005941916541374326,-0.00024790157759380094,3.9298681137722724e-05,7.667217820983563e-05,3.9301244541434244e-05,7.667066828864755e-05,5.8580105843475394e-05,9.812633677164229e-05,5.8585148316581126e-05,9.812276156739852e-05,0.0,0.0,0.0,0.0
29300000.0,-0.0675430894536575,0.11299519937486141,-0.06754298354227473,0.11299507598958553,0.38324921307372506,0.10472537223808659,0.3832492475017375,0.10472538121682723,-0.025046537186099727,0.2614308772064116,-0.02504651898004795,0.26143088026369515,0.0,0.0,0.0,0.0,0.005922116055572246,-0.0049033976423872305,0.005922111930239282,-0.004903399151454657,0.01051451989840757,-0.006797637392045752,0.010514511561041218,-0.006797640499922597,0.016958358553779362,-0.009226102010351345,0.01695835063256368,-0.00922610548947922,0.009171640435354789,-0.0024639345559441805,0.009171637034924629,-0.0024639357917948246,0.024356589974033227,-0.002880942926239749,0.02435658902737714,-0.0028809432406007307,0.021589930808339375,-0.013639768296963117,0.021589913773837566,-0.013639776138722581,0.02308051664994082,-0.02263150672539649,0.023080464750293572,-0.022631526783072786,0.02500189111069062,-0.02192859135639247,0.025001839577903695,-0.021928612115574175,0.014088469061313447,0.0006163387872667458,0.01408843279439509,0.0006163256841057452,0.005819895359060467,0.0016945015399051355,0.005820331532277123,0.0016930541898853013,0.02838513220393679,-0.04594438821087232,0.028385120771460493,-0.04594439345872048,0.0,0.0,0.0,0.0,0.0042896211370688775,-0.021388266973682457,0.004289602685723537,-0.021388274257214346,-0.00524235211619839,0.00017658282182864138,-0.005242366882981742,0.00017657821328831425,-0.000870906075540745,-0.0008926811538375601,-0.0008709305399747791,-0.0008926627594019187,0.0,0.0,0.0,0.0,0.00031256175167726497,-0.00038270167781551123,0.0003125506374175302,-0.0003827049620215295,0.0003177101970379681,-0.0005589091594351281,0.00031768047002600497,-0.0005589176626917824,8.705796960128964e-05,5.205461132140599e-06,8.705553999277527e-05,5.203688160260178e-06,0.00011508106805990792,-5.846258519515146e-07,0.00011507561383439224,-5.87815755515031e-07,0.0,0.0,0.0,0.0
29600000.0,0.004814452157887672,0.13204115307684355,0.004814321545048017,0.13204107031977155,0.4038443186148939,-0.003278980573925977,0.4038443103654643,-0.0032790124426068934,0.07475754925139455,0.253151366584092,0.07475754346175023,0.25315134942789275,0.0,0.0,0.0,0.0,0.002130805399687574,-0.007433568400622814,0.0021308060005367224,-0.007433564664512837,0.004911188744486594,-0.01161913245463786,0.004911189916235514,-0.011619124905073885,0.008867804650435573,-0.017424665492718372,0.008867805373071747,-0.017424658307626628,0.006260648179619466,-0.0072933712999614375,0.006260648694500048,-0.007293368226249264,0.01858232672145732,-0.016500473264284166,0.018582327753520644,-0.016500472821729728,0.010128227734767847,-0.023634963665584485,0.010128228641008263,-0.023634948017099644,0.0062435684101487254,-0.03181830606338398,0.006243574041825184,-0.031818258509249686,0.008229690060439054,-0.03232085772501947,0.008229694854733793,-0.032320810370826014,0.012130297076851093,-0.006983115757347558,0.012130302566141893,-0.006983082912896177,0.004700373551727921,-0.003902324853579331,0.004698823316537926,-0.003902602577508296,0.007587592502957818,-0.05373196577752615,0.007587593207766474,-0.05373195565658773,0.0,0.0,0.0,0.0,-0.008797206990593054,-0.020084128773901422,-0.00879720528182304,-0.020084111751548783,-0.004182920157646208,0.0032429269788001314,-0.0041829172786194135,0.0032429405089828833,-0.0012311274524705595,0.0002527699478682699,-0.0012311170429342155,0.0002527940401186868,0.0,0.0,0.0,0.0,1.185276139636926e-05,-0.0004952224157895868,1.1855116540004929e-05,-0.0004952121823146305,-9.058626982749729e-05,-0.0006353916805181825,-9.057977860038591e-05,-0.0006353642824697969,4.924650764337457e-05,-7.317124360006755e-05,4.924585618226729e-05,-7.316840156801341e-05,5.8241646115675394e-05,-0.00010001347465882215,5.8240962111710814e-05,-0.00010000726944470184,0.0,0.0,0.0,0.0
29900000.0,0.07607770769874378,0.10886972430438155,0.07607764734018474,0.10886985763524532,0.39404161794666237,-0.11483920154988764,0.3940415968719435,-0.1148391790300761,0.16480017496399313,0.20830215832886012,0.16480016332653946,0.2083021714132412,0.0,0.0,0.0,0.0,-0.0024528566286576847,-0.0073776698277308594,-0.002452854220777567,-0.007377672183308592,-0.002489276673017571,-0.012456452092674986,-0.002489271819037242,-0.01245645682854235,-0.0025884346001348035,-0.0196109877089658,-0.0025884300383438585,-0.0196109919318731,0.0010681387393418618,-0.009665521414974176,0.0010681407054846659,-0.009665523385361807,0.005868908192681488,-0.02444889591731908,0.005868907463145945,-0.024448897973638084,-0.005078306906526109,-0.025352062161529354,-0.0050782965585511874,-0.025352070395844473,-0.012865166687305418,-0.029816049859705485,-0.012865134851466564,-0.02981607700042538,-0.01150879097728108,-0.03134588023143997,-0.011508759124936319,-0.03134590645241736,0.006460340950944499,-0.012312284449435329,0.0064603620765879555,-0.01231230541878342,-0.0006077223707805501,-0.006119988360693995,-0.0006078250426142517,-0.006118359673346729,-0.014682150152673046,-0.052485557671518024,-0.014682143811889148,-0.052485563356434894,0.0,0.0,0.0,0.0,-0.018794565951338882,-0.011449415211598701,-0.01879455435404509,-0.011449424466148383,-0.0015006010428351146,0.00512144284178187,-0.001500592215009533,0.005121433743432047,-0.00045420406736695895,0.001181759698942464,-0.0004541798303705491,0.0011817570034411973,0.0,0.0,0.0,0.0,-0.00029520566293683714,-0.0003991301330573682,-0.0002951989641459818,-0.0003991371646885067,-0.0004594193705145244,-0.00044633446259836895,-0.0004594013763394855,-0.00044635338640813815,-3.843178202345143e-05,-8.038500610671462e-05,-3.8429106190562834e-05,-8.038547681274433e-05,-5.685381276521184e-05,-0.00010136606533911463,-5.684811016237745e-05,-0.000101367839097255,0.0,0.0,0.0,0.0
30200000.0,0.12381190901125905,0.0506532785059115,0.12381204140025659,0.05065331801160189,0.353391094895251,-0.22138966428793982,0.3533911246178931,-0.22138965922764098,0.23229497692543077,0.13284661553276778,0.23229499348833826,0.13284661884966265,0.0,0.0,0.0,0.0,-0.0062219112050954095,-0.004727161673610536,-0.0062219145060211645,-0.00472716214669916,-0.009121134855789137,-0.00895888136781875,-0.009121141509289998,-0.00895888229759223,-0.01337933100371913,-0.014856764623557894,-0.013379337101412148,-0.01485676534602659,-0.004622626961328535,-0.00867916595744661,-0.0046226297125215865,-0.008679166313056763,-0.009273449625759156,-0.023643935237139424,-0.009273452043288444,-0.02364393294017353,-0.018622780070558065,-0.01809100553676346,-0.018622792300945434,-0.018091008046826118,-0.02745844498865324,-0.017336939381376537,-0.027458483930004718,-0.01733694812947134,-0.027195185088942253,-0.019353770216260113,-0.027195223103305466,-0.01935377921847442,-0.001121342516917423,-0.013779566941428234,-0.001121371804792659,-0.013779571003213198,-0.0054404979520299435,-0.0029379645984291547,-0.005438816938578839,-0.0029380502106440276,-0.03464267535138532,-0.0423465033056209,-0.034642683870401925,-0.04234650424647046,0.0,0.0,0.0,0.0,-0.022013246298584477,0.0013939936118647633,-0.022013259705218502,0.0013939900326535581,0.00180138713422906,0.005066187279757162,0.0018013747986103112,0.005066185367616272,0.0007560301668050329,0.0010255591746126669,0.0007560356212508168,0.0010255341483585978,0.0,0.0,0.0,0.0,-0.00047890341073042464,-0.00013430814928838686,-0.00047891283780643334,-0.0001343096254508569,-0.0006350435069180094,-7.212043456111816e-05,-0.0006350687850371628,-7.212453134075592e-05,-8.957711334289797e-05,-7.78319763872215e-06,-8.957842049284181e-05,-7.785258443582244e-06,-0.00011652677132900635,-2.5226567537117717e-06,-0.00011653034357550496,-2.5268881320705816e-06,0.0,0.0,0.0,0.0
30500000.0,0.13273659198848975,-0.02472430651351365,0.13273661254586244,-0.024724435192119643,0.28386647576460433,-0.31436812113451906,0.2838664643768283,-0.3143681494911481,0.2673841863161499,0.0369836399713952,0.2673841811594073,0.03698362454810966,0.0,0.0,0.0,0.0,-0.00784121314051589,-0.0003903566523576485,-0.007841211603782483,-0.00039035339115711665,-0.012655076398573328,-0.002296087469792707,-0.012655073251764293,-0.0022960809034531238,-0.019628216225498818,-0.004724403301627489,-0.019628212962487623,-0.004724397309279427,-0.00880694380925462,-0.0046064149431067625,-0.008806942491503378,-0.00460641223156788,-0.021311522128499405,-0.014202535631328117,-0.021311518289678588,-0.014202533629267267,-0.025666966250959433,-0.00439255087519419,-0.025666960587088283,-0.004392538719828809,-0.03241564589256285,0.001161141153250056,-0.03241563055689056,0.001161180043623311,-0.033316732467142174,-0.0006447824745914321,-0.033316717607895896,-0.0006447444386096235,-0.008270286065815924,-0.01099733012405435,-0.008270272410918267,-0.010997301232572143,-0.005507284308642113,0.0028707344181202465,-0.005507568272925312,0.002869029162605674,-0.048884977345721836,-0.024982217949220176,-0.04888497261769231,-0.024982209218458173,0.0,0.0,0.0,0.0,-0.01726818919446771,0.013759464965421686,-0.017268184398893993,0.013759478377925793,0.004460632427566225,0.0030664653813322618,0.004460637652599075,0.0030664773300440595,0.0012776895723902726,-8.566425694145341e-05,0.0012776624131447534,-8.567863811714815e-05,0.0,0.0,0.0,0.0,-0.0004613815349401307,0.0001880073883422373,-0.000461377637130056,0.000188016443390282,-0.0005454515335188148,0.0003303132394159025,-0.0005454413318091156,0.0003303374978045337,-5.267185632362725e-05,7.379494522452568e-05,-5.267310645962198e-05,7.379665716555905e-05,-6.157231365477855e-05,9.922424133090857e-05,-6.15746511059001e-05,9.922864354305894e-05,0.0,0.0,0.0,0.0
30800000.0,0.09920859577434982,-0.09381521482571875,0.09920847282825207,-0.0938152183429195,0.189835567754983,-0.3859065065444045,0.18983554777058487,-0.38590648286188634,0.2644608556374095,-0.06610365698238585,0.2644608450611017,-0.06610364571454674,0.0,0.0,0.0,0.0,-0.006722996653969915,0.004122173013846542,-0.006722994260975668,0.004122169908696405,-0.011825110748766576,0.005239801145486389,-0.011825105951366766,0.005239794819330124,-0.019032029009053986,0.007263193915817867,-0.01903202478153787,0.0072631875603306195,-0.00997171989359913,0.0011767488911964552,-0.009971717910111977,0.0011767462682628071,-0.02577845452444194,0.0005337106241947165,-0.025778453568072734,0.000533705675728191,-0.02370905353610908,0.01089715897565946,-0.023709044873406526,0.010897146946255987,-0.026099642927633226,0.019157829195344922,-0.02609961405600103,0.01915779498488912,-0.027835690108787503,0.018166086375368096,-0.027835661956011393,0.018166052814261313,-0.012815679964916171,-0.004870924582217606,-0.012815658777562078,-0.0048709520475929136,-0.0007221227162119703,0.006195887027190983,-0.000723821775331146,0.006196375772323126,-0.05496411245099608,-0.003303363858653041,-0.05496410576861166,-0.003303373186706704,0.0,0.0,0.0,0.0,-0.006306446870112836,0.021161448803196592,-0.006306436935496151,0.021161437455662346,0.005443106378095308,-0.0001351111306708841,0.005443114942664806,-0.00013512179754182618,0.0006181369470965592,-0.0011269427305991009,0.0006181131633198333,-0.0011269112171410356,0.0,0.0,0.0,0.0,-0.0002494815505116321,0.0004320846570851078,-0.00024947513829687296,0.0004320767098566769,-0.00022937065539707646,0.0005933452682618245,-0.0002293534701394151,0.0005933242975650899,3.699746737595433e-05,8.355570386164857e-05,3.6999188623099144e-05,8.355620728184299e-05,5.405410311709602e-05,0.00010370285843008809,5.405843179318026e-05,0.0001037034438204909,0.0,0.0,0.0,0.0
31100000.0,0.032666251782984546,-0.13437038256431588,0.03266626360125713,-0.13437026688177456,0.07783221802540652,-0.4295083505760431,0.07783224723136328,-0.4295083421893531,0.22301974869056806,-0.16189144442756742,0.22301976231682374,-0.16189144027016988,0.0,0.0,0.0,0.0,-0.003238673512377943,0.007227960932350452,-0.003238677436179671,0.007227959829445574,-0.006880671760072232,0.011034530996521852,-0.006880679743730411,0.011034528823413936,-0.011708124047451918,0.01688214473820482,-0.011708131984526915,0.016882143113370773,-0.007646179151151955,0.006660492694567033,-0.007646182455019357,0.0066604917889621085,-0.0209754184979829,0.015235012313223883,-0.020975423894689982,0.01523501269219274,-0.01345793688378194,0.022401681918617022,-0.013457952192453604,0.02240167848338004,-0.010834077694319433,0.030439225948414084,-0.010834121858572132,0.030439212203161148,-0.012809239482280077,0.030569590775154865,-0.012809282896540708,0.03056957757975587,-0.013407566333739851,0.0027008768656475723,-0.013407600985303247,0.0027008670943211577,0.0047403030656738565,0.0041051278212069775,0.004740998287282139,0.0041067878878902064,-0.051821922633266126,0.019037113430725672,-0.05182193465806506,0.01903711005859199,0.0,0.0,0.0,0.0,0.006886556383406628,0.020968982715865447,0.006886541607308061,0.020968978034644703,0.004349817032462511,-0.003320118957592655,0.004349803738477931,-0.003320122694608685,-0.0006173834560883051,-0.0011313352764994455,-0.0006173447486190753,-0.0011313025203487648,0.0,0.0,0.0,0.0,6.792710862413287e-05,0.0004948937749116311,6.791728343813475e-05,0.0004948910739730472,0.00018039072558906355,0.0006082953597656982,0.00018036477413829743,0.0006082880809765712,9.145946071242861e-05,1.0852608090416993e-05,9.14594407106506e-05,1.0851107689724415e-05,0.00011694405723972068,6.5116850600510645e-06,0.00011694339418255595,6.5079871958140245e-06,0.0,0.0,0.0,0.0
31400000.0,-0.04653342896798307,-0.13220774934700463,-0.04653332186241954,-0.1322077750272732,-0.04386746294921551,-0.4406553216733031,-0.04386746509699435,-0.44065534979901466,0.1479199357719594,-0.23639787212460162,0.14791993432616124,-0.23639788453525146,0.0,0.0,0.0,0.0,0.0014084389316266765,0.007828949615244163,0.0014084390709854233,0.00782895360135738,0.0004973179379490489,0.01306478011908263,0.0004973182858236669,0.013064788220624735,-0.0001557995318037797,0.020716583843397807,-0.00015579866633430584,0.02071659183680996,-0.0025861196222933813,0.009906358818730698,-0.0025861194898979534,0.009906362171062444,-0.008598408592241924,0.024580907496305926,-0.008598406974222428,0.02458091268902063,0.0014809925219694264,0.0261295514669988,0.001480994095452104,0.026129566941463622,0.008042552750382015,0.031236457527253236,0.008042553589000079,0.031236502621034834,0.006477811572807468,0.03241808291380943,0.00647781279272408,0.03241812722745063,-0.009902368273095874,0.009412695219661593,-0.009902367087434527,0.00941273037644974,0.0061026509183079725,-0.0016172809183578885,0.006104237593241635,-0.0016181782551503154,-0.03996595515674528,0.038272467812389355,-0.03996595514552581,0.03827248053561094,0.0,0.0,0.0,0.0,0.01758737830074608,0.01331510628716126,0.017587378663726838,0.013315121336232583,0.0015806596031424647,-0.005262606618503085,0.001580660359451258,-0.005262593480134026,-0.0012884797709062923,-9.198517956088281e-05,-0.001288439702705091,-9.203395830992278e-05,0.0,0.0,0.0,0.0,0.0003573744396163647,0.000349734844886207,0.00035737514308209484,0.0003497444180111664,0.0005128834098186985,0.0003705561998557094,0.0005128852097513459,0.000370581457192376,5.648427826088209e-05,-7.371293107061305e-05,5.6483027755405146e-05,-7.371262035205106e-05,6.557152152453227e-05,-9.735346462047545e-05,6.556858177475533e-05,-9.735211179284775e-05,0.0,0.0,0.0,0.0
31700000.0,-0.11281065815288827,-0.08632508839402409,-0.11281069634059548,-0.08632518561596303,-0.1658431045871609,-0.4172835181684045,-0.1658431275687562,-0.41728350957215365,0.048982165423865354,-0.278111447131165,0.048982156306621505,-0.2781114425380702,0.0,0.0,0.0,0.0,0.005602132666830073,0.005696813045638294,0.005602136213866515,0.00569681205962258,0.007779237510952441,0.010598977815187816,0.007779244710661715,0.010598975748351336,0.011630937905010796,0.01735919026554278,0.011630944948414879,0.017359187717583602,0.0034775324505957883,0.00973400385538259,0.0034775354340439435,0.00973400301379268,0.006926976031159882,0.025212676420120594,0.006926980590193921,0.025212673941725328,0.015927812850137002,0.020827244329027828,0.015927826436261228,0.020827239396332686,0.024094043427808742,0.02140469072992701,0.024094083458805926,0.02140467998777229,0.023432793609529767,0.02323416264754119,0.023432832882718913,0.023234151664121683,-0.0033829002930261254,0.013242641765166319,-0.0033828690588677546,0.013242633131209658,0.002112421119718988,-0.006004714907702713,0.00211133312102163,-0.006006193728333997,-0.021375939914008768,0.05116487173609485,-0.02137592792308851,0.051164869178267125,0.0,0.0,0.0,0.0,0.022035305064278532,0.0009696889648180829,0.022035318305739793,0.0009696852160203662,-0.0018129864642943971,-0.005206369946655798,-0.0018129752554187917,-0.005206373587562929,-0.0007768621249155672,0.001036118413368925,-0.0007769232459651221,0.001036073855152253,0.0,0.0,0.0,0.0,0.0004971508827154025,5.7434376774523344e-05,0.0004971588764277612,5.7431549276287797e-05,0.0006306830489322124,-1.94835981339736e-05,0.0006307040742044023,-1.949105775533866e-05,-3.482300792967408e-05,-8.699681376889146e-05,-3.4822524504818375e-05,-8.699571382475568e-05,-5.018807307521911e-05,-0.00010651444123865872,-5.018638095322103e-05,-0.00010651208595913175,0.0,0.0,0.0,0.0
32000000.0,-0.14346733925638233,-0.010317743864445283,-0.14346742520515932,-0.010317694597532068,-0.2782616907150839,-0.3600786678508303,-0.2782616804367848,-0.3600786505559288,-0.06009885570318829,-0.2797382320770261,-0.060098850717402286,-0.2797382263111041,0.0,0.0,0.0,0.0,0.007874881246287657,0.0015546047951948694,0.007874879908648325,0.0015546018207395207,0.01245603294718478,0.004447416569401064,0.012456030168387144,0.0044474105409522124,0.01955488981101894,0.007890394585939653,0.019554886588451836,0.007890388754376865,0.008435982584984458,0.00614451460243437,0.008435981446481833,0.00614451209800837,0.02008787510896326,0.01690355537524013,0.020087872230291737,0.016903551570146114,0.024930767372481455,0.008338712023367556,0.024930761136168655,0.008338700845285096,0.0319494945742278,0.004342117410583768,0.03194947980498597,0.004342084019025805,0.032385340161795284,0.0062270371626382826,0.03238532525009674,0.006227004477660891,0.004178491906166926,0.013042887544666648,0.004178480208203439,0.013042861389775062,-0.0038187489376610984,-0.005164628168000895,-0.003820087430028707,-0.005163368356378761,0.0008404569782101134,0.055550061280079,0.0008404530363037566,0.05555005057353313,0.0,0.0,0.0,0.0,0.018714268744879803,-0.011703478539865309,0.018714263681850696,-0.011703489449192084,-0.004532630761701739,-0.0031622231300012515,-0.00453263535692372,-0.0031622320661153225,0.000450941449244624,0.0012186350073868368,0.0004508959877753682,0.0012187096561095956,0.0,0.0,0.0,0.0,0.00042842887980754085,-0.0002593619258073332,0.00042842543923882204,-0.0002593681303215689,0.00048639298965014177,-0.00039915846556404233,0.00048638390322963687,-0.0003991747095133391,-9.350194945767498e-05,-1.4661428318518688e-05,-9.350089803206174e-05,-1.466212473033579e-05,-0.00011769397072924903,-1.1504439060949778e-05,-0.00011769197067934556,-1.1506431007113349e-05,0.0,0.0,0.0,0.0
32300000.0,-0.12680698262477108,0.07115556232207076,-0.12680692396934745,0.07115563557739613,-0.3716885751961385,-0.27255125688866855,-0.37168856129774497,-0.2725512656797431,-0.1634716301120065,-0.23951981512899678,-0.1634716261614173,-0.23951981874245032,0.0,0.0,0.0,0.0,0.007417204362418772,-0.003170313347498066,0.007417201786999783,-0.0031703120068069524,0.012893966945995317,-0.0033129083348297783,0.012893961733595916,-0.0033129055540284114,0.020817000239901517,-0.004497631869400998,0.020816995260481974,-0.004497628680574017,0.010534574047056822,0.00033300690605742034,0.010534571877933274,0.0003330080510410838,0.026247459245176685,0.0025723451487644766,0.02624745605498191,0.002572348090732035,0.025419091322149256,-0.0070776270958257115,0.02541908180174346,-0.007077620993977796,0.029014177684004494,-0.014212583100017717,0.029014148844943577,-0.014212568431608119,0.030397319280979218,-0.012866615352157496,0.030397291092796763,-0.012866600602620792,0.01050654831998088,0.008866627675270244,0.010506525687688395,0.008866639351147398,-0.0064740459820811225,0.0002756156237309071,-0.0064726400210872725,0.0002767853935399245,0.02297805344653625,0.050692809561044605,0.02297804381785795,0.05069281400417491,0.0,0.0,0.0,0.0,0.008813420992211718,-0.020281945932263845,0.008813411649398972,-0.02028194100204672,-0.0055354632939312864,9.379970731604459e-05,-0.005535470782191965,9.380394510039025e-05,0.0012742210200258342,0.0002834792314336809,0.0012743091111531157,0.0002835217926255851,0.0,0.0,0.0,0.0,0.00017992674179367896,-0.0004677018643812758,0.00017992163429170205,-0.00046769882396713314,0.00014150189840478333,-0.0006112375013751503,0.00014148857529505676,-0.0006112294895901371,-6.100791865293331e-05,7.37024270973663e-05,-6.100896798244548e-05,7.370143674467755e-05,-7.04965928619572e-05,9.573934772966197e-05,-7.049906385958593e-05,9.573765778103649e-05,0.0,0.0,0.0,0.0
32600000.0,-0.06710617482753634,0.13041974105741438,-0.06710611556201229,0.13041967508926966,-0.43791019391305497,-0.1608680984758486,-0.4379102008727074,-0.16086811220496866,-0.24532225247654083,-0.16187852151190274,-0.24532225462166224,-0.16187852567667171,0.0,0.0,0.0,0.0,0.004361621218109235,-0.006835622293316135,0.004361622492474737,-0.006835619831587536,0.008891130980295259,-0.01003700635250837,0.008891133622618952,-0.010037001374041843,0.014865810221145637,-0.01557643766205885,0.014865813237193493,-0.015576432949329977,0.008986185904618083,-0.005711697272865912,0.008986186996494894,-0.005711695200815825,0.023229413609939797,-0.012785050261921782,0.02322941650773913,-0.012785047444222819,0.01719090935661427,-0.020191373798376766,0.017190915062002432,-0.02019136472323524,0.016251519022056016,-0.028062175822450186,0.016251532828739812,-0.02806214811454044,0.018144316405425798,-0.027675858257637742,0.01814433025651141,-0.027675831152716768,0.013687866830153439,0.0019465553505746414,0.013687877891520372,0.0019465770098081592,-0.0034149935779979046,0.005565843061162923,-0.003414015188148767,0.0055643221053554015,0.041356504748755185,0.03739774015233799,0.04135650943325686,0.03739774922154204,0.0,0.0,0.0,0.0,-0.00422585875801218,-0.021780000387514598,-0.004225854216642233,-0.021779991382733677,-0.004437212276108937,0.003320668011772554,-0.004437208585393648,0.0033206752805945428,0.0009343029594859331,-0.0009224281103605847,0.0009343390950462549,-0.0009225283953320229,0.0,0.0,0.0,0.0,-0.0001441905893528883,-0.00048018428152918347,-0.00014418807187865923,-0.00048017927165933116,-0.0002598498212549316,-0.0005690543606649001,-0.0002598432124685246,-0.0005690412881405038,3.2661326073935015e-05,9.110766993902786e-05,3.2660572642839725e-05,9.11091979451939e-05,4.65627374026667e-05,0.00011019311400772835,4.656160091087713e-05,0.00011019624427532904,0.0,0.0,0.0,0.0
32900000.0,0.01609872644861099,0.14671111105712153,0.016098655650111482,0.14671106674858336,-0.47069329812238436,-0.03343956675344106,-0.47069331372274803,-0.033439559453911194,-0.292287954899102,-0.057193650882816804,-0.29228796057937956,-0.057193648833368194,0.0,0.0,0.0,0.0,-0.000254542656165313,-0.008149677303775249,-0.00025454013201908765,-0.008149678700407392,0.0017575019305198225,-0.013400044387980259,0.0017575070331332654,-0.013400047275046845,0.0036034636237189943,-0.021492821955609642,0.0036034684311374576,-0.021492825179907804,0.004257661498094478,-0.00988304351731184,0.004257663618069785,-0.009883044712879041,0.01202537939630588,-0.023823783229665274,0.012025382006306984,-0.023823786190321883,0.002965362319855558,-0.026522114466508206,0.002965371695495378,-0.026522120583893916,-0.0021426299925835224,-0.032533106394655675,-0.0021426013273853073,-0.03253312164549982,-0.0003326904294453925,-0.0332324935506243,-0.0003326623270325513,-0.033232508816942286,0.012727782513621833,-0.005661492678460611,0.012727804772936224,-0.005661504807550344,0.0027269274234669183,0.005977830680419238,0.0027253264217748097,0.005977059610120072,0.05292865931747315,0.017863699231547514,0.052928668130604706,0.017863693977766992,0.0,0.0,0.0,0.0,-0.015885024086685462,-0.015637531108411373,-0.01588501466576986,-0.01563753609247609,-0.0016573428422361758,0.005291669143526967,-0.001657335021704398,0.0052916651783752044,-0.0002718096170966078,-0.0012932845313446961,-0.00027191995364006516,-0.0012933113099391491,0.0,0.0,0.0,0.0,-0.000408130331869927,-0.0002915652235984112,-0.0004081247928766629,-0.00029156788898010433,-0.0005512821962696535,-0.000291796293642399,-0.0005512676948669082,-0.00029180329448497133,9.617635423353477e-05,1.848678639415624e-05,9.617833769226536e-05,1.8487012233947553e-05,0.00011929831675416835,1.6236575604899883e-05,0.00011930204797749866,1.623670424510948e-05,0.0,0.0,0.0,0.0
33200000.0,0.09469178759901098,0.1139751089884804,0.09469175869291746,0.11397518182373734,-0.4664065042807195,0.09971507440869676,-0.4664064935246941,0.09971509139723622,-0.2957367020473711,0.05938867323051422,-0.2957366981645748,0.05938868023770105,0.0,0.0,0.0,0.0,-0.004836732924673015,-0.006622988025374532,-0.004836734728598913,-0.006622990536835793,-0.006106177447733785,-0.012186696318017276,-0.006106181158472168,-0.012186701391455834,-0.00920840665908429,-0.020069068860142814,-0.009208410666943223,-0.02006907361143817,-0.0020682717439513,-0.010681837976188824,-0.0020682732805070714,-0.010681840081706362,-0.003554478147975715,-0.026654780659611355,-0.003554481366023765,-0.02665478303171831,-0.012491566788334296,-0.023815026469618417,-0.012491574520524296,-0.023815035830698328,-0.020057185373431707,-0.025989767018103294,-0.02005720550657486,-0.025989795694548512,-0.018902999481703375,-0.027567976366338343,-0.018903019602497295,-0.027568004518514044,0.007848388556894292,-0.011668458480844635,0.00784837282916584,-0.01166848067484505,0.006512694264827701,0.0010846365256824697,0.0065121394282599,0.0010862804891287325,0.055776158771820405,-0.004687647057086686,0.055776152404497736,-0.004687655355233744,0.0,0.0,0.0,0.0,-0.022081593080095274,-0.003914509518971876,-0.022081599739422586,-0.0039145190338345515,0.0017473565573027372,0.005263539193822275,0.0017473511205921,0.005263531057451587,-0.0012434341336771126,-0.0004728356498420183,-0.001243449341636449,-0.0004727180046470991,0.0,0.0,0.0,0.0,-0.0005013938087117253,1.9180564836851488e-05,-0.0005013975916199342,1.9174664737775515e-05,-0.0006130887107502758,0.00010434675295378781,-0.0006130986959078655,0.00010433126810127646,6.55566084617476e-05,-7.430473350567013e-05,6.55560192512894e-05,-7.430694784815728e-05,7.513933798719563e-05,-9.502517651593934e-05,7.513801394765096e-05,-9.502909373360069e-05,0.0,0.0,0.0,0.0
33500000.0,0.14208339617401577,0.043148221238340945,0.14208346812259975,0.04314823494609321,-0.42443690150834357,0.22777830980248837,-0.42443688610445207,0.22777829354518975,-0.2535031911414194,0.1700565270077421,-0.2535031844587934,0.17005651996734183,0.0,0.0,0.0,0.0,-0.007777972332789318,-0.0027511989866004782,-0.007777974506296914,-0.00275119660744938,-0.011999887256422426,-0.006725119983658878,-0.011999891638978966,-0.006725115105070678,-0.019165292389601518,-0.011583605417706977,-0.019165296426280065,-0.011583600284613915,-0.007814670766251197,-0.007748185750816816,-0.007814672585794824,-0.007748183733914615,-0.018147450160419965,-0.020162996754657492,-0.01814745206309709,-0.020162993164962728,-0.023905087348197185,-0.01282631188179284,-0.023905095328338177,-0.012826301815592522,-0.03140780252381603,-0.010436472608581937,-0.0314078272589029,-0.010436445546845086,-0.03129029156895058,-0.012408543165240538,-0.03129031582694353,-0.01240851614189431,0.00044565579579369796,-0.014215513808648161,0.0004456365535503437,-0.014215492966780374,0.0045635216143864454,-0.004810046326839235,0.00456517066994877,-0.004809709725977385,0.049415591387230506,-0.026543810552693614,0.0494155844264057,-0.02654380280636648,0.0,0.0,0.0,0.0,-0.02055509595374616,0.00936583264463664,-0.020555104175187466,0.00936584172032262,0.004490743390597629,0.0032539344494262323,0.004490736171518961,0.003253942118327302,-0.001074972020624898,0.0007971192520281889,-0.001074850206833844,0.0007971214046555986,0.0,0.0,0.0,0.0,-0.0003850003967258431,0.000322036005727,-0.0003850057026042464,0.0003220415326170567,-0.0004213333437448341,0.00045494089302788865,-0.00042134726922427035,0.0004549555393955629,-3.1121149575596974e-05,-9.524535676952439e-05,-3.112319156173271e-05,-9.524381194925269e-05,-4.393456832474385e-05,-0.00011359957351420036,-4.393795282453539e-05,-0.00011359662146492866,0.0,0.0,0.0,0.0
33800000.0,0.14257533470129147,-0.04195704057864624,0.14257533410842882,-0.04195710880652381,-0.34735066567661477,0.3400535308581336,-0.34735068692783955,0.3400535211593212,-0.17068918922934273,0.25709862390510363,-0.170689199294479,0.25709861989339,0.0,0.0,0.0,0.0,-0.008019636086793014,0.0021389530375302,-0.008019633231583612,0.002138954438352769,-0.01383729264321687,0.0011850420987933319,-0.013837286799585513,0.0011850449053589784,-0.02269468888245285,0.0012326605169761251,-0.02269468282732845,0.0012326629566867808,-0.010949372384807532,-0.002017239143649263,-0.01094936997019147,-0.0020172379716729694,-0.02662587307823827,-0.006432974468935981,-0.026625869205631147,-0.006432973355357419,-0.027241700821257098,0.0028421446944815187,-0.027241688829285238,0.0028421494674439884,-0.032151992113831795,0.00901712301427171,-0.03215195932565962,0.009017138545886816,-0.03313593256253,0.007275638822598296,-0.033135899825808224,0.007275653937321991,-0.00728852839654337,-0.0124310228061697,-0.007288503305787231,-0.012431010377378371,-0.0014310443155736152,-0.006504657060444785,-0.0014309212312824116,-0.006506273549707231,0.03487093455881052,-0.04410647467081663,0.03487094330385787,-0.04410647009833912,0.0,0.0,0.0,0.0,-0.011688924804296619,0.019542211459736336,-0.01168891371756331,0.019542216535247015,0.005545210390529576,2.5631063379272234e-05,0.005545220013971175,2.56356838486127e-05,9.32027725326634e-05,0.001341503247429543,9.319112858463541e-05,0.0013413806959476915,0.0,0.0,0.0,0.0,-0.00010764713184840957,0.0004904289028582198,-0.00010764004562702212,0.000490432301777588,-5.688713297047343e-05,0.0006156677205479966,-5.686831256213054e-05,0.0006156765849105739,-9.888821590919861e-05,-2.1653679366018252e-05,-9.88858149923999e-05,-2.1652274699413e-05,-0.00012069558523819524,-1.9845915055327623e-05,-0.0001206912651880998,-1.9843870417979304e-05,0.0,0.0,0.0,0.0
34100000.0,0.09639290142974488,-0.1131946437156186,0.09639283946022914,-0.11319463035863198,-0.24076892953264206,0.42691051303845295,-0.24076893023649149,0.4269105359798848,-0.05925133045344211,0.3059047362237832,-0.059251329881547576,0.3059047475792771,0.0,0.0,0.0,0.0,-0.005435250465751551,0.00633775931821301,-0.005435250176361706,0.0063377563819058125,-0.01088244704365593,0.0088463983297693,-0.010882446498705178,0.008846392321893326,-0.018325301823722384,0.014027038997618035,-0.01832530166269919,0.014027032819076801,-0.010298520345870088,0.00456671316771029,-0.010298520103155795,0.004566710684271946,-0.025857700496722202,0.009874131921089102,-0.025857700420345964,0.009874128082879352,-0.021128957192019016,0.017859000905861677,-0.021128957037326757,0.017858988629504857,-0.021748982575068965,0.025745749519858308,-0.021748980303783583,0.025745715748266562,-0.023547105195476092,0.024808468245555382,-0.02354710327394116,0.024808434514405953,-0.012986867580821126,-0.006724217799095378,-0.012986864951038513,-0.00672424366633706,-0.006220753909374821,-0.0024781363845107762,-0.006222301220603299,-0.0024780573389886484,0.014504861694433657,-0.05447374489568535,0.014504863103610433,-0.054473753558738736,0.0,0.0,0.0,0.0,0.0015281896442971288,0.022915421636802158,0.0015281901413288779,0.022915410193328434,0.004523085530493631,-0.003208772985723307,0.004523086229845319,-0.003208783145370653,0.0011847023254318856,0.0006462021383475403,0.0011845826702838735,0.0006462274941050339,0.0,0.0,0.0,0.0,0.0002148176564915616,0.00045403732958693155,0.00021481810750856312,0.0004540297587052322,0.0003288756063994924,0.0005215082872274124,0.0003288766312365965,0.0005214881551083295,-6.939000977723708e-05,7.497695279301553e-05,-6.938961724500814e-05,7.49740415724176e-05,-7.853883779773696e-05,9.423039201195138e-05,-7.853873879071216e-05,9.422540391490486e-05,0.0,0.0,0.0,0.0
34400000.0,0.01897767852512544,-0.14754490200262937,0.01897770258894127,-0.14754484836002257,-0.11295728806936722,0.48066625665840945,-0.11295726845604293,0.4806662475930552,0.06368708797378986,0.3076415880640364,0.06368709789060745,0.3076415823852541,0.0,0.0,0.0,0.0,-0.0008966709838205134,0.008348566316954908,-0.0008966734331323778,0.008348567198345869,-0.004052188928767464,0.01357050180482533,-0.004052193942492011,0.013570503640343734,-0.007309584527781965,0.02226601830287711,-0.007309589671294248,0.022266020536715114,-0.005988599402549255,0.009699010432214994,-0.005988601480822808,0.009699011167353166,-0.015868104749500844,0.023043718742169705,-0.015868108100363543,0.023043719734868517,-0.007450435767950125,0.026934239762343548,-0.007450445943611328,0.026934244471744417,-0.0035246643044430925,0.03382726611637432,-0.0035246921885985216,0.03382727780765604,-0.005571382151998705,0.03402794901809969,-0.0055714100357278085,0.03402796099813443,-0.014808489102939859,0.0012807529028417974,-0.014808510704682476,0.0012807605979294756,-0.005576112318635751,0.0037850816895157458,-0.005575849318276482,0.003786525213078651,-0.008362235987085853,-0.05590939699621744,-0.008362243071886155,-0.055909395174730925,0.0,0.0,0.0,0.0,0.014452373815110775,0.018102597624171768,0.014452364421757125,0.018102601958538855,0.0018124980157310233,-0.0052433651924688185,0.0018124894293123361,-0.005243361691025683,0.0011858768874617454,-0.0006510227872014163,0.001185914900709406,-0.0006509096925313429,0.0,0.0,0.0,0.0,0.0004477630277861522,0.00022803770313073457,0.0004477565913560966,0.00022804043399560214,0.0005767837171362089,0.0002128687547782171,0.0005767665839329084,0.0002128761962967296,2.9712263547310158e-05,9.86061328940302e-05,2.970934650647905e-05,9.860690714447173e-05,4.1401623022352396e-05,0.00011568178214327318,4.13969277843762e-05,0.0001156838022882134,0.0,0.0,0.0,0.0
34700000.0,-0.06455255467005827,-0.13424307137941582,-0.06455251084683766,-0.13424310374026982,0.025841626215040492,0.49631253770081774,0.025841609736197313,0.496312526232241,0.1785870957958906,0.26103617679239055,0.17858708623233355,0.26103617095244447,0.0,0.0,0.0,0.0,0.0040133696817719056,0.0074257256268572824,0.004013371446269787,0.0074257270489805904,0.004345896836127849,0.013622710149513217,0.004345900470575259,0.013622713068127457,0.006673737095525212,0.022838024988050876,0.006673741143792711,0.02283802799518142,0.0005513442789393252,0.011518174612072052,0.0005513457536565625,0.011518175834487998,3.3016508787397925e-05,0.028281302441861556,3.301833530855447e-05,0.028281304872699753,0.009163964829724591,0.026690018732927534,0.009163973209652454,0.02669002454209357,0.01630515502428409,0.03017721294852249,0.01630517724035485,0.03017722843081172,0.014681275719247822,0.03148505088322873,0.014681298186602021,0.03148506642976345,-0.012025335002206816,0.009175502981312533,-0.012025319496920872,0.009175515532304335,1.383205587046632e-05,0.006787409333322447,1.5140499648680361e-05,0.006786987431865565,-0.029985301549757537,-0.0481272065231666,-0.02998529729411814,-0.04812720241944035,0.0,0.0,0.0,0.0,0.022390138021499695,0.006643531939517722,0.022390145983401055,0.006643536998086841,-0.0015747886472823325,-0.005324310887886874,-0.0015747819626241721,-0.005324305890778813,9.265780342815333e-05,-0.001352365490574492,9.276095168075926e-05,-0.0013524140268010854,0.0,0.0,0.0,0.0,0.0004939780589765519,-9.32661284647196e-05,0.0004939832043504566,-9.326237526430248e-05,0.0005855635401488257,-0.00018166826310705986,0.0005855774038039385,-0.00018165825830784854,0.00010077443513978324,2.4599409531145255e-05,0.00010077625967852555,2.4601814668567812e-05,0.00012075203250816458,2.316108365985059e-05,0.00012075583124726563,2.3164550986276566e-05,0.0,0.0,0.0,0.0
35000000.0,-0.12751466375195264,-0.07769711099890497,-0.12751470181667912,-0.07769714413195727,0.16427616617470164,0.4720146131566494,0.16427616558522118,0.47201463227619644,0.26682846292129625,0.17283726179091324,0.26682846265393323,0.1728372726740251,0.0,0.0,0.0,0.0,0.007552588255805404,0.0038582328382973374,0.0075525883413476436,0.0038582307435073293,0.011381574527014493,0.008872351516464816,0.011381574721262666,0.008872347204749498,0.018714908669601016,0.015254263432626702,0.01871490890886207,0.015254258688803368,0.00705232542573242,0.009286896054310434,0.007052325533393855,0.009286894299110782,0.016289672407751254,0.023478475285130918,0.016289673667998272,0.02347847306730022,0.022871348745162834,0.016964958349968362,0.022871348892515186,0.016964948606865593,0.030734932358022604,0.015801922285150316,0.030734931727558035,0.01580189618163763,0.030088812045399038,0.017812612685438545,0.030088811555152972,0.017812586334799207,-0.005311447587921236,0.0144642965630708,-0.005311446816193666,0.014464278114557194,0.0056761487256125065,0.003808292148479886,0.005675599603449655,0.003807145066865414,-0.04679778905234855,-0.03234634196233721,-0.04679778873260432,-0.03234634718433038,0.0,0.0,0.0,0.0,0.022324774134780512,-0.007434800509564354,0.02232477356058382,-0.007434809767199235,-0.004381027190142106,-0.003423119634523797,-0.004381026928072629,-0.0034231274850369253,-0.0010897160284528695,-0.0008112926389916009,-0.0010897719261322436,-0.0008113831536016303,0.0,0.0,0.0,0.0,0.00033417383878031615,-0.0003759154119751251,0.0003341740296107787,-0.00037592142901332615,0.00035318248216498205,-0.0004991465292709663,0.00035318301384279494,-0.0004991627060906279,7.289152898692919e-05,-7.480322971376019e-05,7.289303839996819e-05,-7.480575598695083e-05,8.145474910747907e-05,-9.215104517767969e-05,8.14563566748916e-05,-9.215586795252584e-05,0.0,0.0,0.0,0.0
35300000.0,-0.1498148946397393,0.004177909930873747,-0.14981491682735282,0.004177951087689924,0.29087496559559156,0.4093249917101478,0.29087498188039973,0.4093249817925039,0.3139757560215912,0.056793981976472674,0.3139757652746624,0.056793976891101994,0.0,0.0,0.0,0.0,0.008442955813642072,-0.0011136276242785792,0.0084429540187827,-0.0011136264097603155,0.014528610571879597,0.0008953368320414601,0.01452860686549684,0.0008953392875360455,0.024402701162046014,0.0019642825321635193,0.02440269700327491,0.0019642849918829475,0.011191399519425715,0.003697277970994395,0.011191398008293163,0.0036972789466122036,0.027026066486271816,0.010104875979589423,0.02702606438266031,0.01010487586955855,0.028690572411150583,0.0010140686061286264,0.028690563946639713,0.0010140739707508173,0.034497739906612424,-0.004392194904567215,0.03449771751511577,-0.004392178612710906,0.03507155780435056,-0.0023344155012867684,0.035071535132871645,-0.0023343994157714043,0.003379265680578669,0.015340716840329782,0.003379249862994982,0.015340727521093389,0.006366777712237592,-0.0026023669324370946,0.006365811388043596,-0.0026017279993423292,-0.05599209155862184,-0.011106924879010882,-0.05599209606830868,-0.011106921497028743,0.0,0.0,0.0,0.0,0.014111800167015076,-0.01901922599102035,0.014111792280225188,-0.019019219950533905,-0.005565237021627922,-0.00024277294028696161,-0.005565243719985347,-0.0002427686167936205,-0.001276032737749233,0.000478177566292759,-0.0012761090322825908,0.00047823691432458126,0.0,0.0,0.0,0.0,3.483482799282456e-05,-0.0005020974295730785,3.48297071539605e-05,-0.0005020941755840003,-2.3342091807876386e-05,-0.0006094660716797762,-2.3355871192620725e-05,-0.0006094574453276991,-2.747486744425487e-05,-0.00010151623934184784,-2.747763294763672e-05,-0.0001015166940337986,-3.7702506773484856e-05,-0.00011713000520063854,-3.770742429054508e-05,-0.00011712959032172954,0.0,0.0,0.0,0.0
35600000.0,-0.12400642703399001,0.08545413930275858,-0.12400638527747532,0.08545415085916064,0.3950614841459199,0.31308559530698155,0.3950614669608754,0.31308558608485626,0.31230993038880683,-0.06867688295780727,0.3123099217415799,-0.06867688833861862,0.0,0.0,0.0,0.0,0.006340006338248827,-0.005729748799863099,0.006340008495783422,-0.005729747802195817,0.012587174721318206,-0.007538939864348393,0.012587179097010903,-0.007538937775885657,0.021473929467212827,-0.012407324804421194,0.02147393390385588,-0.012407322246337227,0.011429811580285332,-0.0033316486309082904,0.011429813341671036,-0.0033316477787392884,0.028204610311334477,-0.007185183880725088,0.02820461107917538,-0.00718518229300491,0.024366022469806126,-0.015558621607713707,0.024366031849304193,-0.015558616513339452,0.02606863083506994,-0.02327265531149436,0.02606865846387052,-0.023272642627172768,0.02769687999894188,-0.021857078384440953,0.027696907379038294,-0.02185706536256271,0.011350176560853242,0.011308876080397656,0.01135019552141614,0.01130888487116044,0.0013949469994045671,-0.006770192388114271,0.0013956342659326992,-0.006769417655050347,-0.05598565630506158,0.012129045915856285,-0.055985650134040554,0.012129048357091499,0.0,0.0,0.0,0.0,0.0006336840477416672,-0.023799349293653904,0.0006336940272007041,-0.023799344880042206,-0.004683778496584523,0.0030415692150409512,-0.004683770933496589,0.0030415729558481708,-0.00029037120730635024,0.0013371496469156696,-0.0002903125774196269,0.0013372114869918406,0.0,0.0,0.0,0.0,-0.0002794251870383846,-0.0004190628794127349,-0.00027941952849630525,-0.00041906002634428674,-0.0003883416223260383,-0.00046834400359374584,-0.0003883266092330473,-0.0004683362742667896,-0.00010209774749370126,-2.8317757588602888e-05,-0.00010209722432108492,-2.8315197261985503e-05,-0.0001200810708965605,-2.7488523043128765e-05,-0.00012007892956944488,-2.7484337505434553e-05,0.0,0.0,0.0,0.0
35900000.0,-0.05772850925673367,0.14001950133416674,-0.05772850751650793,0.1400194612376211,0.4680951196817702,0.19102498824866831,0.4680951191461844,0.19102500794854915,0.26211966762867434,-0.18366590945897965,0.26211966690499366,-0.18366589984841042,0.0,0.0,0.0,0.0,0.001970160011175892,-0.008339427951304934,0.0019701599981800655,-0.00833943051267294,0.006154254458238029,-0.013435497333085245,0.006154254491562483,-0.013435502536961685,0.010739893531848566,-0.02268416467443135,0.010739894048818144,-0.02268417000459433,0.007595015002124228,-0.009313322235880328,0.007595015015986917,-0.009313324335942674,0.01919558116010478,-0.02217227560609203,0.01919558205244698,-0.022172276838088756,0.011282626586286426,-0.026799145116337186,0.011282627404483492,-0.026799156268729085,0.008321144632120081,-0.03406380596852898,0.008321145031587207,-0.03406383847099992,0.0104777730220178,-0.0337758834289259,0.010477773825542158,-0.033775915674756796,0.015982720672234052,0.003432417396547649,0.0159827205531613,0.003432394897798119,-0.004860995075681274,-0.0049500254974166324,-0.004860413108701778,-0.004950717857509446,-0.0466967256326285,0.033532496111129184,-0.04669672590615903,0.03353248854513158,0.0,0.0,0.0,0.0,-0.013209983903969658,-0.0199210526630349,-0.01320998386162131,-0.01992106430190166,-0.00205356594724293,0.005212287396833659,-0.0020535658939735413,0.005212278584661334,0.0009722575840882541,0.0009727252897251404,0.0009723060554662766,0.0009726712323390174,0.0,0.0,0.0,0.0,-0.00047763919585008807,-0.0001611680206776711,-0.00047763914859899614,-0.0001611745546661325,-0.000591668584711158,-0.00013519195447209142,-0.0005916683356090857,-0.00013520927890287027,-7.707909389864653e-05,7.397373163975374e-05,-7.707705244541785e-05,7.397247173912547e-05,-8.522811584299461e-05,8.930933420980836e-05,-8.522517704534494e-05,8.930606365886717e-05,0.0,0.0,0.0,0.0
36200000.0,0.028249170075852703,0.14972524867753734,0.028249133579130614,0.14972525551964733,0.503846988353061,0.053087434370926445,0.5038470061357572,0.05308742742921613,0.17153159195747492,-0.2701469422795899,0.17153160015681834,-0.27014694543117823,0.0,0.0,0.0,0.0,-0.0031210585286487458,-0.007999176632393024,-0.003121060979367485,-0.007999175707396056,-0.002550912233104441,-0.014652522418296066,-0.002550917218755444,-0.014652520598972707,-0.004109812857663542,-0.025037979071228733,-0.004109818042167035,-0.025037977741477313,0.0009792799938566077,-0.01208242575876639,0.0009792779823456499,-0.012082425017470477,0.0031089108017638978,-0.029351794013604326,0.003108909500816992,-0.029351794275677356,-0.005966646286971411,-0.028595125751384565,-0.005966657059317981,-0.028595122698471087,-0.012468998172145973,-0.03285111799641349,-0.012469029345844262,-0.03285110731623231,-0.010495219517508758,-0.033803030087072194,-0.010495250457942973,-0.03380301986740264,0.015598339563524632,-0.005907594846049413,0.015598318071532447,-0.005907586711800583,-0.00683805502824697,0.0012758166247648361,-0.006838710104034362,0.0012754186973147341,-0.02958055297231965,0.0495331619417092,-0.029580560554101964,0.049533164772768146,0.0,0.0,0.0,0.0,-0.022320686677609558,-0.008733277175293708,-0.02232069779431356,-0.008733273279919906,0.001360372712241542,0.005455907476539679,0.0013603645326938363,0.005455910660044694,0.0013514073459575116,-0.00029430296230081865,0.0013513609328583698,-0.000294340150796657,0.0,0.0,0.0,0.0,-0.00047705758784388763,0.00016436055336477295,-0.00047706356344434653,0.00016436294039490207,-0.0005505942497947558,0.0002519150842275053,-0.0005506100678331904,0.0002519213208955762,2.451612571263695e-05,0.00010500904272348066,2.4514430393196562e-05,0.00010500766039012177,3.324945681271174e-05,0.00011931211927063146,3.324572122664904e-05,0.00011931055940639368,0.0,0.0,0.0,0.0
36500000.0,0.10616934610501261,0.11052610688216102,0.10616935997223464,0.11052613822166002,0.4993341905798232,-0.08944042508201466,0.49933417928972545,-0.08944043835349103,0.05497965846367947,-0.3149057398677808,0.05497965325401566,-0.3149057453490762,0.0,0.0,0.0,0.0,-0.007121458630713562,-0.0048180228520724455,-0.0071214571143443095,-0.004818020836814263,-0.010459398583122947,-0.010691859571718254,-0.01045939556205866,-0.010691855465341682,-0.017793863714246072,-0.018440740125740263,-0.017793861179889348,-0.01844073574558802,-0.006097193170681692,-0.010588753379872529,-0.006097191940646951,-0.010588751726800183,-0.014290853183211993,-0.026003974421493048,-0.014290853053843477,-0.026003973300640304,-0.021227024436896613,-0.02021474682583424,-0.021227018843923418,-0.020214737799397753,-0.028905306233774297,-0.020030772614606285,-0.02890528833655992,-0.020030746698913582,-0.027770581974422726,-0.021921381957273667,-0.02777056457220084,-0.021921356232942557,0.01007661403615856,-0.013712596243710351,0.01007662733870518,-0.013712578629350602,-0.0027675448580311013,0.0063979637619597796,-0.0027677767276372833,0.006398542550385855,-0.007412525199363529,0.05741662727870622,-0.007412520554176183,0.05741663393439378,0.0,0.0,0.0,0.0,-0.023322044529159314,0.005688718732777431,-0.023322038065806794,0.005688727947795513,0.0042948328389087465,0.0036658343184434727,0.004294837999189838,0.0036658407237704083,0.0004834822407104866,-0.0013040297987227945,0.00048345376111313954,-0.0013039930946519007,0.0,0.0,0.0,0.0,-0.00027757691414365127,0.000422020567182102,-0.000277573083295124,0.0004220251328836966,-0.0002832718246281729,0.000533601026250885,-0.0002832617459276321,0.0005336130727009447,0.00010389973690649867,3.279446994497448e-05,0.00010389901441953953,3.2796335588614056e-05,0.00012007173746297894,3.254510629968621e-05,0.0001200713890057159,3.254877764380382e-05,0.0,0.0,0.0,0.0
36800000.0,0.15014249343769848,0.03444817933001154,0.15014251849331828,0.03444816022346053,0.45496374438255316,-0.22491843394627864,0.4549637358039007,-0.22491842177701038,-0.06931839639818094,-0.31151822140472696,-0.0693183992234836,-0.3115182160912262,0.0,0.0,0.0,0.0,-0.008603965643622757,7.795669749555145e-05,-0.008603964133364173,7.795496527407408e-05,-0.014748016062554825,-0.0029024993188695447,-0.014748012975999814,-0.0029025027778359913,-0.025349917253535637,-0.005101412568755848,-0.025349913819539438,-0.0051014155560107355,-0.011108856192571182,-0.0052986971473654165,-0.011108854957072367,-0.005298698552994807,-0.026693930591420667,-0.013241289304390946,-0.026693929699455055,-0.013241289545153023,-0.029023002186349345,-0.004598069320980613,-0.029022995202190316,-0.004598075894016063,-0.0351595621259051,-0.00015693253477344626,-0.035159542299751934,-0.0001569531375249511,-0.035245683382370885,-0.002372887373407906,-0.035245663703989294,-0.002372907469895935,0.0009954682286732464,-0.017328102837163684,0.0009954813740193913,-0.01732811798805045,0.003764081278205822,0.005884970092543185,0.0037645502036909306,0.005885061783349244,0.016154072015510224,0.05579221484942032,0.016154077426726587,0.05579220931799789,0.0,0.0,0.0,0.0,-0.01583058985453789,0.018062814307445052,-0.015830582828762374,0.01806280687121742,0.005651713803835889,0.0004892519622963221,0.005651718283701257,0.0004892462518402141,-0.0008428242341977921,-0.0011147665005584173,-0.0008427983933430028,-0.0011147441628338584,0.0,0.0,0.0,0.0,3.8114666061517255e-05,0.0005042880500116809,3.811774003992241e-05,0.0005042838819129258,9.936135962362869e-05,0.0005945692676103675,9.936942095123413e-05,0.000594558299447101,8.203892595304296e-05,-7.35321982894277e-05,8.204078476836685e-05,-7.353206752824804e-05,8.972037826993073e-05,-8.71102059836204e-05,8.972369766979682e-05,-8.711077141576595e-05,0.0,0.0,0.0,0.0
37100000.0,0.14499928899079606,-0.053795277312142176,0.14499926656377937,-0.05379529540981842,0.3744678087748028,-0.34236185613330683,0.37446781951859975,-0.34236185053178936,-0.18235977400408387,-0.26111260265307656,-0.18235976982827395,-0.26111260136641157,0.0,0.0,0.0,0.0,-0.007039656702886532,0.0049492003006061935,-0.007039658384329073,0.004949199154967943,-0.01385790165541323,0.005984821394775963,-0.01385790501129236,0.005984819044638101,-0.023955262096258423,0.010291034629901219,-0.02395526500331613,0.010291031859898325,-0.012235257554472412,0.0019506410723035827,-0.012235258915133329,0.0019506401378368565,-0.02957342667048124,0.0043774462324908114,-0.02957342682860542,0.004377445457324214,-0.02654856056037147,0.01270516973121616,-0.026548567006017265,0.012705164215567777,-0.02905706233779881,0.01972824823815955,-0.029057082437745407,0.019728232824034464,-0.030346822336603907,0.01790892590835469,-0.03034684193812609,0.017908910608227302,-0.00879565273731231,-0.01535657253349676,-0.00879566738228732,-0.015356582462031199,0.007001072248364437,0.00017457605134829635,0.0070010557855368916,0.00017424372209440264,0.03718858029798611,0.044848582332241094,0.037188574589286816,0.044848577955223234,0.0,0.0,0.0,0.0,-0.0025910078900253097,0.0238685413948847,-0.002591015168825095,0.023868535962108695,0.004907026300031703,-0.002902968351639501,0.004907021015384316,-0.002902971540525101,-0.001398241438266723,0.00011157307183928822,-0.0013982229855713513,0.00011155867743006809,0.0,0.0,0.0,0.0,0.00033870114555867303,0.0003764294515562483,0.00033869738548730766,0.0003764273445163724,0.00043944630856884714,0.0004107469153158405,0.00043943643471777705,0.00041074143293862164,-2.1876311954827088e-05,-0.00010927534267679562,-2.1876706703949367e-05,-0.00010927709301356003,-2.945645034202471e-05,-0.00012224298576590797,-2.945767187867432e-05,-0.0001222458746461541,0.0,0.0,0.0,0.0
37400000.0,0.0918981267759662,-0.12488903574676158,0.0918981158560328,-0.12488901194913105,0.26454249699763466,-0.432374626650617,0.26454250194423423,-0.43237463559486855,-0.2672943194267319,-0.17190147816290668,-0.2672943182531995,-0.1719014810915347,0.0,0.0,0.0,0.0,-0.0029861015691494686,0.008066568723881673,-0.0029861025643569405,0.008066570283389751,-0.00806367320742396,0.012825882095942376,-0.008063675259244008,0.012825885205439036,-0.013979013300655652,0.02224232479090027,-0.013979015841151465,0.02224232747721011,-0.009026006570614697,0.008597038275571123,-0.009026007384520085,0.008597039532915574,-0.021849087814558743,0.020513637029159426,-0.02184908864209234,0.020513637063373835,-0.01467322151948025,0.025542729380783058,-0.014673226456054067,0.025542735407512396,-0.01281115756301432,0.03263293117285038,-0.012811171153011003,0.032632949911029385,-0.014896200234218782,0.031805430557586334,-0.014896213728228247,0.031805448812628256,-0.016064188871226293,-0.008201384963575364,-0.016064197500618604,-0.008201371443920635,0.004075190406069851,-0.005721080883711593,0.004075013774794911,-0.005720992631157884,0.052144370965081066,0.02634606178422061,0.0521443671941384,0.026346067403931528,0.0,0.0,0.0,0.0,0.011557596151305916,0.021011839593182202,0.011557591393497546,0.02101184641589704,0.002314177588566224,-0.0052440511173479365,0.00231417479234608,-0.0052440464608647375,-0.0006593234622869204,0.001241873982237962,-0.0006593259870939505,0.0012418574669670335,0.0,0.0,0.0,0.0,0.000498810888579726,9.11938441401361e-05,0.0004988090254798294,9.119706209226308e-05,0.0005973629938793579,5.883847946996923e-05,0.0005973581575986486,5.8846905455212095e-05,-0.00010647625624216062,-3.699860165795599e-05,-0.00010647781670769518,-3.699770845244643e-05,-0.00012089354248701056,-3.6917772364475354e-05,-0.000120896008574789,-3.691602036326458e-05,0.0,0.0,0.0,0.0
37700000.0,0.008281484672387762,-0.15501552657324957,0.00828150795275917,-0.1550155226095562,0.13423269131537552,-0.48792184529626503,0.13423268285292522,-0.487921851106627,-0.31185088375743675,-0.05767681645810718,-0.31185088630956415,-0.057676818447630396,0.0,0.0,0.0,0.0,0.00211511042587631,0.008328999155821748,0.0021151119675408836,0.008329000144254195,0.0006140130323757376,0.015184496089817756,0.0006140161078178608,0.015184498134605207,0.001120531288520965,0.026431093689634366,0.001120533966854964,0.026431096288273892,-0.002576352374219937,0.012266612860107884,-0.002576351133711796,0.012266613673295623,-0.006274932161424829,0.02936066844071661,-0.006274932157751323,0.02936066943065363,0.00238644049804293,0.02936696479182288,0.0023864465398588663,0.029366969739330173,0.007817289292383123,0.03408794565530826,0.0078173079147561,0.03408795913715146,0.005603289122461774,0.03452986048231921,0.005603307270092728,0.034529873874646455,-0.01826797472737951,0.0019717167381028133,-0.01826796140191078,0.0019717253414022196,-0.0024707190280608415,-0.006600147521028887,-0.0024705980257735405,-0.006600137711760823,0.058467919144710834,0.0033385928765756745,0.05846792481703034,0.003338596333341215,0.0,0.0,0.0,0.0,0.021475738492277685,0.010571792204293828,0.02147574530296481,0.010571796896984509,-0.0011782810169478353,-0.00564252862197101,-0.0011782765067138712,-0.005642525626994299,0.000692763427487364,0.0012255746068721152,0.0006927469355630933,0.0012255647331755881,0.0,0.0,0.0,0.0,0.00045126095399439237,-0.00023292961835075232,0.00045126403200157483,-0.00023292752685044604,0.0005090363497330941,-0.0003157623568927903,0.0005090444031097263,-0.000315756902619313,-8.675582313344421e-05,7.387709274908616e-05,-8.675443874039956e-05,7.387834516769942e-05,-9.353252025334768e-05,8.587225540956922e-05,-9.353025033931317e-05,8.587425475603538e-05,0.0,0.0,0.0,0.0
38000000.0,-0.07806977134617199,-0.13416386267434177,-0.0780697737029783,-0.1341638837028647,-0.005872113972387183,-0.504876612090559,-0.005872120497748767,-0.5048766021655364,-0.30994844231663876,0.06440860267537651,-0.30994844506196984,0.06440860607895438,0.0,0.0,0.0,0.0,0.006456038510101791,0.00565299468971503,0.0064560394689152645,0.0056529929970405846,0.009121453731452789,0.012203895105923124,0.00912145572382883,0.012203891718852944,0.016015197691658045,0.021272775654480824,0.016015200299889898,0.02127277263976346,0.004852363966563189,0.011625844373460481,0.004852364758775707,0.011625843008499004,0.011572532550580661,0.027743506028128806,0.011572533681608377,0.027743505912839694,0.018590144090836702,0.02284600954941496,0.018590148949570562,0.022846002782854313,0.02559550163022095,0.023682217944910988,0.025595514735229585,0.023682197395633153,0.023963737470467095,0.025265881070360763,0.023963750489144786,0.025265860997659928,-0.014453265125411008,0.011878711485483251,-0.014453256741845166,0.011878696835982083,-0.006876940226014483,-0.00164552226156367,-0.006877100266024172,-0.0016456357699290436,0.05504674597311521,-0.020333278617933104,0.05504674903998108,-0.020333284642319427,0.0,0.0,0.0,0.0,0.02360226276192634,-0.003626210922840656,0.023602267295594004,-0.0036262184466622216,-0.00426999414101914,-0.0039221664335329365,-0.004269991019363317,-0.003922171534004093,0.0014065271647254463,7.707640690490791e-05,0.0014065042891076018,7.70951557829136e-05,0.0,0.0,0.0,0.0,0.00021522070692725492,-0.00046085460926015287,0.000215222974340179,-0.00046085814800100877,0.00021184992669276426,-0.0005590136262494383,0.0002118558611883259,-0.0005590229159331273,2.0052309352536213e-05,0.00011332241867378912,2.005307537444878e-05,0.00011332058160640202,2.678086486440634e-05,0.00012455252771204073,2.6782224900046003e-05,0.00012454974588216317,0.0,0.0,0.0,0.0
38300000.0,-0.13865487878535276,-0.06945509823981766,-0.13865489605547765,-0.06945509056795096,-0.14455133856100133,-0.48230059020554883,-0.14455132592924969,-0.4823005847272075,-0.26234869778127035,0.1763992741291922,-0.2623486927046912,0.17639927661847565,0.0,0.0,0.0,0.0,0.008507247993158273,0.000996312129021959,0.008507246050797335,0.000996311382795767,0.014455065084298724,0.004915742443596827,0.014455061187490514,0.004915740875777175,0.025403608697018853,0.008505865556358572,0.025403605146479435,0.008505863306798034,0.010632644258009805,0.0068651713350398325,0.010632642687639304,0.0068651707159723685,0.0253175109251913,0.016247708128858562,0.025317510618243944,0.016247707003763878,0.028231458405784338,0.008313415808462565,0.028231450505700195,0.00831341180760603,0.034371937326362456,0.00514586676611728,0.03437191367146397,0.005145856241945523,0.033853230840094284,0.007378790978471272,0.03385320767248601,0.007378780532956597,-0.005656581110507375,0.01817851803513193,-0.0056565979618596884,0.0181785114946571,-0.005220476493214221,0.004800528123830361,-0.005220542441790599,0.0048008529059089255,0.042412915443421184,-0.04069349204773687,0.04241290893475025,-0.040693494292334265,0.0,0.0,0.0,0.0,0.017230360577798365,-0.0164325546175057,0.017230351918534836,-0.01643255821105072,-0.005790557886562908,-0.0007007764143551753,-0.005790564031556755,-0.0007007789480226734,0.0008247078677925401,-0.0011428588227353487,0.0008247318193355113,-0.0011428226166998456,0.0,0.0,0.0,0.0,-0.00011146068843004286,-0.0004971429750035838,-0.00011146506842152348,-0.0004971448586879035,-0.0001711759099265464,-0.0005715533272017126,-0.00017118745018507298,-0.0005715582484668857,0.00010886353299355278,4.033964244953836e-05,0.00010886137902588189,4.0339570169578565e-05,0.00012121959617417133,4.0023045055903594e-05,0.00012121643243290237,4.002259191437929e-05,0.0,0.0,0.0,0.0
38600000.0,-0.15386318323078285,0.017602062010510622,-0.15386317156266216,0.017602074318467942,-0.2708905128756598,-0.42244517247974045,-0.2708905109075772,-0.42244518741048864,-0.17634970701254815,0.26207201623736864,-0.17634970621809032,0.26207200961710697,0.0,0.0,0.0,0.0,0.007558239166876035,-0.003989246926050072,0.007558238884492141,-0.003989244806330561,0.014727363722009557,-0.004123542312470363,0.01472736308885203,-0.004123538053633524,0.02590480974792797,-0.007410909099409224,0.025904808360152742,-0.0074109051590021124,0.012705277491072309,-0.00036042886798171025,0.012705277253935776,-0.0003604271513495405,0.030076221618401178,-0.0010156942954928638,0.03007622069656435,-0.001015693853847921,0.027954259816745264,-0.009088428144750083,0.027954257720224973,-0.009088419414961635,0.031203470046392567,-0.015016316881276026,0.031203465106770523,-0.015016290996051396,0.03198060626314714,-0.01283720932718424,0.03198060138626602,-0.012837183938867014,0.005354835328276408,0.01860758853094069,0.005354832850450464,0.018607606947064426,0.0010731682179496715,0.0070264564979112265,0.001073644542039176,0.007026436443258177,0.022661493117801967,-0.054311651205278366,0.022661492267026517,-0.054311644477508025,0.0,0.0,0.0,0.0,0.004726963937109474,-0.02325565491111803,0.004726962350702024,-0.023255645416661253,-0.0051424164297060315,0.0028274478844778628,-0.005142417387794751,0.002827454860717893,-0.0005159970548973547,-0.0013130535896443973,-0.000515948007326017,-0.0013130863584080998,0.0,0.0,0.0,0.0,-0.0003927628354816193,-0.000325938243900481,-0.0003927635566398635,-0.000325933169317949,-0.0004823667848015134,-0.00034921661156772643,-0.00048236861383799123,-0.0003492032055341099,9.05502976564776e-05,-7.407920399415957e-05,9.055108299804715e-05,-7.407700069350653e-05,9.596811469236854e-05,-8.432295422267089e-05,9.59688149748672e-05,-8.431974599787395e-05,0.0,0.0,0.0,0.0
38900000.0,-0.11917298082788363,0.098584224981348,-0.11917297431903506,0.09858421087681535,-0.3751600792609935,-0.33048636221066374,-0.375160094313685,-0.3304863588093383,-0.06463097563245412,0.30913657838522823,-0.06463098264343614,0.30913658040342895,0.0,0.0,0.0,0.0,0.00396179708778277,-0.007548218217095837,0.003961799128241239,-0.0075482185758808384,0.009835011700396024,-0.011738507833062073,0.009835015803595581,-0.011738508499647082,0.01726924343002878,-0.020875477818751875,0.01726924724365375,-0.020875477646008278,0.010313876350934947,-0.007513780925687996,0.010313878001909416,-0.007513781217827642,0.02418883578599207,-0.017907195602468562,0.02418883615645484,-0.01790719501708793,0.017913025366034674,-0.023250199859958798,0.01791303386041676,-0.023250200414814515,0.017321358019039224,-0.029832202025549037,0.017321383065272755,-0.029832204825506636,0.019170176946573747,-0.0284012433562566,0.019170201492798356,-0.028401246193901386,0.014949087417406304,0.012800281945683167,0.014949105139983487,0.01280027876639167,0.006437944228125048,0.0030333016650558875,0.006437802932190095,0.0030326948500700723,-0.0009043193136264449,-0.058892465585302034,-0.0009043130611772199,-0.05889246650805191,0.0,0.0,0.0,0.0,-0.009366189086279064,-0.021711422881949716,-0.009366179831609145,-0.021711424069380314,-0.0025377080194814994,0.005331314322774006,-0.0025377011402056837,0.005331312972160163,-0.0013861671581025803,-0.00027708141830373734,-0.0013862126445829404,-0.0002771414867801525,0.0,0.0,0.0,0.0,-0.0005110283199130095,-1.7896075895862396e-05,-0.0005110232594134345,-1.789710096034014e-05,-0.0005942024713476712,1.5754794336686473e-05,-0.0005941890827116936,1.5751972554767235e-05,-1.8154063866404613e-05,-0.00011638610247288739,-1.8152179400487967e-05,-0.00011638778311962028,-2.4011229932341394e-05,-0.00012544388912871796,-2.4008492488292177e-05,-0.00012544581408135969,0.0,0.0,0.0,0.0
39200000.0,-0.04614940175082438,0.14748002742696897,-0.04614941657521854,0.14748002713389852,-0.44956385436832846,-0.21402904161784164,-0.4495638454148718,-0.2140290296303995,0.05656331072240306,0.3108606849738713,0.056563315735168374,0.31086069062600785,0.0,0.0,0.0,0.0,-0.0010011080694880548,-0.008441898103505707,-0.0010011090658252897,-0.00844189970722553,0.001491515875038374,-0.015257475494522055,0.0014915139190989635,-0.015257478715962947,0.0024728570340570855,-0.027126739311050585,0.0024728560097031504,-0.027126742278611005,0.00427652389482347,-0.01207287256467282,0.0042765230773511576,-0.012072873851192156,0.009777270062279797,-0.028462251265274574,0.009777270327347765,-0.028462251278838835,0.0016762983420548494,-0.029253648482846728,0.0016762951541267057,-0.029253655255107702,-0.0023757558201964457,-0.034280893141701796,-0.0023757663083188163,-0.03428091306509273,-1.9256127572475634e-05,-0.0340673444292392,-1.9266628896730253e-05,-0.03406736385986875,0.01983377124040686,0.0024951866102860265,0.01983376243436652,0.0024951727376389954,0.006112150226947222,-0.003648990895182891,0.006111441196644307,-0.003648698022452379,-0.024338719326181035,-0.05366757316590309,-0.024338721939805907,-0.05366757802161359,0.0,0.0,0.0,0.0,-0.020001412043988864,-0.012443796524749473,-0.020001416000290817,-0.012443804032113093,0.0010651217360759802,0.005843976179473742,0.0010651180398397742,0.005843970728989234,-0.0009858506262574451,0.0010190624558816808,-0.0009859183156635254,0.0010191241628874081,0.0,0.0,0.0,0.0,-0.00041613863726297495,0.00029884968271787216,-0.00041614145550283865,0.0002988456604064993,-0.0004615157022627159,0.0003728890651615302,-0.0004615232996627583,0.00037287842388522563,-0.00011021688145262942,-4.366444162684502e-05,-0.00011021930846055739,-4.3665621692667855e-05,-0.00012016411499615742,-4.3008864523130796e-05,-0.00012016704905448705,-4.301057323274904e-05,0.0,0.0,0.0,0.0
39500000.0,0.041612948520885595,0.14880003258051389,0.04161295440689372,0.14880004635529787,-0.4888018144809294,-0.08243448773555073,-0.48880180847261556,-0.0824345003985485,0.16966757925298026,0.26695376996477904,0.1696675819258786,0.2669537629098322,0.0,0.0,0.0,0.0,-0.005582336607076854,-0.006378107292349,-0.005582337451926378,-0.006378105881896801,-0.007383179771530024,-0.013450749173280485,-0.007383181458976651,-0.013450746383760759,-0.013333987286038962,-0.02392334714919997,-0.013333988767755045,-0.023923345393079387,-0.0033017761447879934,-0.012422226643547418,-0.0033017767999865555,-0.012422225486680816,-0.008051383272501766,-0.028998302243884666,-0.00805138267733696,-0.0289983023881355,-0.01506919022453701,-0.02507320924278389,-0.015069193943801906,-0.025073204356068857,-0.021083487542661317,-0.026973986822927287,-0.02108349850041691,-0.0269739713346695,-0.01895181750029451,-0.028074940453507224,-0.018951827979257985,-0.028074924964645476,0.018197443054006612,-0.008974875673715133,0.018197435870789036,-0.00897486321494867,0.00039040007224855344,-0.007104591241315461,0.0003908683235067656,-0.007103814369788353,-0.04372767125494903,-0.03952058744548381,-0.04372767390159993,-0.03952058376935241,0.0,0.0,0.0,0.0,-0.02343931481908612,0.0011628036725745972,-0.02343931922431608,0.0011628094668587607,0.004309414810222734,0.004138847307697091,0.004309411998235646,0.004138852550997996,0.0003261690965956632,0.0013854825412771277,0.00032624934075897727,0.0013855530457433929,0.0,0.0,0.0,0.0,-0.00014681938272076422,0.0004919184888230177,-0.0001468214343773866,0.0004919225005437511,-0.00013977350116078924,0.0005755649338965441,-0.00013977890600358478,0.0005755757084386914,-9.42214571963973e-05,7.321769868084971e-05,-9.422163706318543e-05,7.322053464875466e-05,-9.811145887539396e-05,8.149796153134048e-05,-9.811171461393542e-05,8.15013961030786e-05,0.0,0.0,0.0,0.0
39800000.0,0.11601658804181625,0.10219400970478176,0.11601659905873873,0.10219399813853869,-0.4904120617081986,0.053964877601021755,-0.49041207475938364,0.053964878993760124,0.25820067759245546,0.1836202331961445,0.2582006702800328,0.1836202343026372,0.0,0.0,0.0,0.0,-0.008184862035164997,-0.0021017811180676915,-0.008184860593175358,-0.00210178118408777,-0.013692758776656433,-0.006953068588373412,-0.013692755932773082,-0.006953068746291535,-0.024635979627220195,-0.012322317247008385,-0.024635977928120667,-0.012322317545642392,-0.00977076115157871,-0.008421044426253133,-0.009770759974209398,-0.008421044529590915,-0.023040812844776326,-0.01937499216241889,-0.023040813202300114,-0.01937499347705085,-0.026526585116698698,-0.012231653418105282,-0.026526580130664,-0.012231653375941676,-0.032453293154397045,-0.010542607636224943,-0.032453277270761305,-0.010542607467307619,-0.031225008919001596,-0.012648688057932844,-0.031224993031138126,-0.012648688355547222,0.010387232413293646,-0.017766532915036493,0.01038724513582423,-0.01776653377809012,-0.005664743314063969,-0.004298115278707826,-0.005663937434498223,-0.004298774860899357,-0.055851417479949816,-0.018826481750181756,-0.05585141376403158,-0.01882648169026524,0.0,0.0,0.0,0.0,-0.01854852408717278,0.014242369506359154,-0.018548518056839214,0.014242370163582763,0.005949950902788714,0.0008332384353799682,0.005949956288858971,0.0008332380237483505,0.0013482344528839008,0.00047442491337790216,0.0013483021591582656,0.0004743256338137769,0.0,0.0,0.0,0.0,0.0001851064692033333,0.00047997824169598857,0.00018511059770531801,0.00047997786890263683,0.00023825582913161725,0.0005411942415847193,0.0002382669176981267,0.0005411931988561491,1.5189358940403963e-05,0.00011921150448301887,1.5192140864428438e-05,0.00011921056837138622,2.01136650304079e-05,0.0001259371686437305,2.011690170888869e-05,0.00012593584085962561,0.0,0.0,0.0,0.0
40100000.0,0.153167717580466,0.02247770350743039,0.15316770127307677,0.022477696772725153,-0.4548763921257617,0.1846950860151182,-0.45487638402116914,0.1846950958385527,0.3090573265565624,0.07276982737943882,0.30905733107795896,0.07276983299741246,0.0,0.0,0.0,0.0,-0.00791804133529439,0.0028785955942254304,-0.007918042230059541,0.0028785945361065046,-0.015244906452274165,0.001970944249858775,-0.015244908287606052,0.0019709421944327232,-0.0274699002205665,0.0037011280542031955,-0.0274699021118181,0.003701127265173909,-0.01286428364740999,-0.0014498268697451522,-0.012864284440397,-0.0014498277219026079,-0.0299811262056906,-0.002986688915335378,-0.029981128154446424,-0.0029866879781828004,-0.028785892946032732,0.004786518311103549,-0.028785896224832186,0.004786514954123078,-0.032722155986135704,0.009347954209314224,-0.03272216560958441,0.00934794290466101,-0.03281483795945661,0.006865615529523694,-0.03281484805145851,0.006865604204087106,-0.0011371295584936547,-0.020828803201229817,-0.0011371377535880356,-0.020828812518605133,-0.006733469064613473,0.002280657295205657,-0.0067343272966411405,0.00227986372004807,-0.05871970569087637,0.00496131557732582,-0.05871970799859838,0.004961312922159067,0.0,0.0,0.0,0.0,-0.007145697260469319,0.02219253419107048,-0.0071457000106178725,0.022192529657100835,0.005334256052762498,-0.002829429282094509,0.0053342527111226445,-0.002829433285565841,0.001129740672460855,-0.0008842816419374344,0.0011296239300904176,-0.0008843409981018624,0.0,0.0,0.0,0.0,0.0004410156001668497,0.0002669848424758925,0.0004410130248757582,0.00026698176335671064,0.0005172213068931342,0.0002846626237484884,0.0005172144106353471,0.0002846543288939074,0.0001112185163165691,4.803152016208401e-05,0.00011121657690438269,4.802926302360788e-05,0.00011867932753517607,4.697147788945699e-05,0.00011867664619558127,4.696912771606776e-05,0.0,0.0,0.0,0.0
40400000.0,0.1408499553566287,-0.0648582357010632,0.14084995413167434,-0.06485821597078711,-0.38549447408096427,0.29994681177746685,-0.3854944700901157,0.2999467995124405,0.3144085949464426,-0.04954741161636633,0.31440859748114747,-0.049547418163694346,0.0,0.0,0.0,0.0,-0.00489767038889255,0.006825331921184841,-0.004897670757387118,0.006825333355923391,-0.011503817035766417,0.010224074743302225,-0.011503817682921635,0.010224077666084241,-0.02078184631682234,0.018633381386738535,-0.020781845573289104,0.01863338425383887,-0.011488789610361039,0.006074472051309954,-0.011488789883699724,0.0060744732930579914,-0.02648680455342145,0.014464454841775165,-0.026486802754824623,0.014464457159046873,-0.0211240852062744,0.02011669071516664,-0.021124085677072912,0.020116696086830643,-0.021906871657684235,0.02596139061606806,-0.0219068747520339,0.025961406531266107,-0.02334489559095232,0.023869560540116908,-0.02334489872488632,0.02386957694996994,-0.012585103741805881,-0.016973435129486347,-0.01258510696630566,-0.016973422161253637,-0.001891052676057825,0.0068579468211851236,-0.0018917922355470296,0.0068590022469727785,-0.05189050936107975,0.027899107512471488,-0.05189051013349655,0.02789911142975754,0.0,0.0,0.0,0.0,0.006703022007272352,0.022273088328759627,0.006703020228549406,0.022273093269905786,0.0026683545556167587,-0.005446063921194622,0.0026683530416775625,-0.005446058722949232,-0.00013893711220447358,-0.0014319601366388213,-0.00013898351922847496,-0.001431829356999259,0.0,0.0,0.0,0.0,0.0005132698370502453,-5.887160669004743e-05,0.0005132686507423045,-5.88676506687591e-05,0.0005828435050787562,-8.798979367696802e-05,0.0005828402494429952,-8.797923539916042e-05,9.88890173374557e-05,-7.190019323388697e-05,9.888765126930821e-05,-7.189756785308532e-05,0.00010111636510146127,-7.827335775445476e-05,0.00010111539086921084,-7.826986340120357e-05,0.0,0.0,0.0,0.0
40700000.0,0.08262959638448564,-0.13150734634511707,0.08262961793646184,-0.13150735146739834,-0.28804956691468675,0.3912984672914739,-0.288049579901994,0.3912984698606472,0.27295367717138674,-0.1653275563771981,0.2729536704614617,-0.1653275554804079,0.0,0.0,0.0,0.0,-0.0001929654507719647,0.008375845773763047,-0.00019296386843592472,0.008375845355791611,-0.0037624848876234296,0.014949210707987604,-0.003762481678265317,0.014949209749580916,-0.006778963317913167,0.02730546188230676,-0.00677896030941838,0.02730545940993956,-0.006099179027941659,0.011538148164831341,-0.006099177665532807,0.011538147777043761,-0.013768153577316866,0.026946695522893194,-0.01376815125831854,0.02694669275042827,-0.006198703169147279,0.028517971453863922,-0.006198697363160477,0.02851796865473588,-0.0037179120412247357,0.0337387617189826,-0.0037178945695472976,0.033738755466840686,-0.006111425565734407,0.03271710339322631,-0.006111407545780878,0.03271709718843141,-0.020099193841979,-0.00732765688221626,-0.020099179567871772,-0.007327660608769548,0.004624547198282869,0.005420923065029726,0.004625790022615206,0.0054215683998464215,-0.03652425987400676,0.04621155737181226,-0.03652425538143689,0.046211555965351536,0.0,0.0,0.0,0.0,0.01813189044218433,0.01451482725398101,0.018131895931524866,0.01451482589630082,-0.0010448588121434454,-0.005995980653747068,-0.0010448532056628324,-0.0059959819599431086,-0.0012843897428282958,-0.0006529840582221169,-0.0012842495792497743,-0.0006529535926080854,0.0,0.0,0.0,0.0,0.0003706038510316034,-0.0003615167082884341,0.00037060807833455556,-0.0003615176544595755,0.0004088633063332736,-0.00042330357301523236,0.00040887457124938464,-0.00042330599866424734,-1.1677516539521093e-05,-0.00012297467147170948,-1.1674647645065761e-05,-0.0001229743729886934,-1.587544810632835e-05,-0.0001272414972675051,-1.5871835408631796e-05,-0.0001272420575908484,0.0,0.0,0.0,0.0
41000000.0,-0.002849854804651386,-0.15544464102487154,-0.0028498666632899017,-0.15544466263414058,-0.1703012921299134,0.45230694337019806,-0.1703012842243865,0.45230695402775467,0.19031211384157132,-0.257177128784555,0.19031211744125898,-0.2571771235368985,0.0,0.0,0.0,0.0,0.0045532667005119265,0.007008261793972181,0.00455326561760927,0.007008260421311974,0.005310496366199402,0.014506535316927582,0.005310494049098224,0.014506532548063333,0.009812756361213815,0.02664030456947053,0.009812752416564763,0.02664030218767799,0.0014599054787325372,0.013031341295018706,0.001459904529511391,0.013031340110631007,0.003817234784385448,0.030139008089456354,0.003817231110211594,0.030139006127749113,0.010884165448139527,0.027123198518340885,0.010884159913260305,0.027123193789213573,0.01571690270031212,0.03010049278776883,0.015716888596685408,0.030100478063522118,0.013075049524204019,0.030533692464345563,0.013075035447855043,0.030533677117308144,-0.02106682129046078,0.005003000064549568,-0.021066830899179934,0.0050029876396031625,0.00709714763421232,-0.0007956873565326816,0.007097661572643688,-0.0007971002905655666,-0.015173208358604029,0.056908911165177045,-0.01517321168158503,0.05690890706535967,0.0,0.0,0.0,0.0,0.023156081299148923,0.0016643963519360483,0.023156077344964388,0.001664391798779974,-0.004382333613108358,-0.004246947682835511,-0.0043823372553859485,-0.004246952398656134,-0.001241287271653846,0.0007323720179854831,-0.0012412738827052294,0.0007322275253063282,0.0,0.0,0.0,0.0,7.177650963541282e-05,-0.0005138170911287432,7.177381353073997e-05,-0.0005138205991315203,6.752571299273313e-05,-0.0005837248306548304,6.751863309517603e-05,-0.0005837341679910679,-0.00011309624541411267,-5.3023923211270585e-05,-0.00011309698052031081,-5.302658336070465e-05,-0.00011802944485594935,-5.122754380693095e-05,-0.00011803135432586487,-5.123062759615493e-05,0.0,0.0,0.0,0.0
41300000.0,-0.08759077588217679,-0.12844505639046844,-0.08759079574750928,-0.12844503787186667,-0.04135181133352006,0.4789288939433778,-0.04135180466253985,0.47892888318392046,0.07842732790059159,-0.31092956024571805,0.07842733085958997,-0.3109295651435655,0.0,0.0,0.0,0.0,0.007695469594551696,0.0032129132839013863,0.007695468642616277,0.0032129147663191304,0.012585002461541706,0.009029760094207973,0.012585000563603899,0.009029763227536236,0.023318637760077365,0.01670136489222429,0.023318636476233223,0.016701369745538486,0.008585238120119243,0.01000370982973564,0.008585237288997405,0.010003711119800585,0.020240665492949006,0.022871280477415823,0.02024066415035719,0.022871284848772433,0.024289091343987934,0.016381242374196248,0.024289088582058582,0.0163812494963409,0.029873052911653986,0.016259915418388005,0.02987304345783315,0.01625993412441673,0.027814116210315376,0.018102821229115662,0.02781410605378909,0.018102839965195017,-0.015022840826212303,0.01595314408142734,-0.015022849549033879,0.015953157221691328,0.003317147005461152,-0.006342322366949205,0.0033155877336952244,-0.00634267189609794,0.008650942727605582,0.0582637984419776,0.008650939634705423,0.05826380303160583,0.0,0.0,0.0,0.0,0.020022384107960534,-0.011779205399234272,0.020022381339330764,-0.011779199997871359,-0.006052258788180609,-0.000858278243432764,-0.006052261883027654,-0.0008582732834927498,-5.073840990377221e-05,0.0014395628460448506,-5.0882559953890905e-05,0.001439565997776171,0.0,0.0,0.0,0.0,-0.0002585167074116157,-0.0004510185685902002,-0.0002585189528758747,-0.0004510149142760156,-0.000300508545763023,-0.0005039317801287524,-0.00030051450854529094,-0.0005039221577689545,-0.00010425087837262481,7.140166445296359e-05,-0.00010425296836302778,7.140321693377416e-05,-0.00010441824018414536,7.596877003912539e-05,-0.00010442035988944554,7.59715899576463e-05,0.0,0.0,0.0,0.0
41600000.0,-0.14349097019982793,-0.05926414037978667,-0.1434909455390141,-0.05926412397103675,0.0890620920052001,0.4697511531671772,0.08906208100720647,0.46975115039878546,-0.04602473284741393,-0.31792873462767446,-0.04602473760122905,-0.3179287354482696,0.0,0.0,0.0,0.0,0.00815116017435713,-0.00168345778469714,0.008151161764239134,-0.001683457275460043,0.015534742202504503,0.0003832185841599056,0.015534745553814844,0.0003832195640374181,0.029004028354563616,0.0007181547000403299,0.029004033484795855,0.0007181547996673032,0.012801827702084267,0.003458655859695625,0.012801829088417094,0.0034586563178500285,0.029810739713092005,0.007526928859878268,0.029810744528674604,0.007526929459523046,0.029396264705496833,-8.781827504833473e-05,0.029396272151970493,-8.781757265019507e-05,0.033956897903834715,-0.003174230065239314,0.033956917652282925,-0.003174226126379409,0.03319162238185669,-0.00041748028251475944,0.0331916422563765,-0.0004174755733750146,-0.0038318583576213427,0.02184670080954021,-0.0038318442599916125,0.0218467056460252,-0.003412880319650924,-0.0063030214208463775,-0.003413037388490636,-0.006301345072591502,0.031054870334408236,0.050075937152735506,0.031054875441576257,0.05007593909041397,0.0,0.0,0.0,0.0,0.009803314146310527,-0.021101744545743983,0.00980331974614046,-0.02110174360341155,-0.005402626043924386,0.002868267297616356,-0.0054026208588737745,0.00286826875750279,0.001184300682751882,0.000818175344608818,0.001184318663774775,0.0008183153873098092,0.0,0.0,0.0,0.0,-0.0004815744091644092,-0.00019841696000000297,-0.000481570638072526,-0.00019841596670922002,-0.000543993430241585,-0.0002174060419584123,-0.0005439835045208952,-0.000217403420382567,8.935458723158263e-06,0.00012749750759688538,8.937508624740076e-06,0.0001274988114925435,1.2670514713875036e-05,0.00012892273467990378,1.2673712610933308e-05,0.00012892373741912877,0.0,0.0,0.0,0.0
41900000.0,-0.15203177181857797,0.029063727984233623,-0.1520317603907344,0.02906369808589382,0.2112978960315175,0.42602313499558164,0.21129789575741142,0.4260231445193554,-0.16406935356265961,-0.2765849826814275,-0.16406935312740245,-0.2765849789709076,0.0,0.0,0.0,0.0,0.005770960816846582,-0.005977820374805987,0.005770961009048392,-0.005977821867018562,0.01310232914278231,-0.008462518876722669,0.013102329459691475,-0.008462522028281683,0.024689188659714034,-0.015923022790250485,0.02468918779597118,-0.01592302772516163,0.012609782105904799,-0.004375943987916742,0.012609782293601768,-0.0043759452999552195,0.02908405627067623,-0.010704934236491326,0.02908405611930931,-0.010704939279305492,0.024360697191987413,-0.016672396065226636,0.024360696373172175,-0.016672402932616848,0.026492706193124604,-0.021676658150347805,0.026492706165242907,-0.021676676432237585,0.027376711760105366,-0.01884128368006799,0.027376712543500048,-0.018841302215358624,0.008904372010022144,0.02061910131619271,0.008904374081168953,0.02061908805844581,-0.0071361035767480985,-0.0006878006795165703,-0.007134344008413507,-0.000687858533096275,0.04839162228535088,0.03368976025985049,0.04839162330019775,0.03368975519820694,0.0,0.0,0.0,0.0,-0.003949241189680208,-0.022987300846393666,-0.003949241482196442,-0.022987305780349132,-0.002681041095925707,0.00549551330906084,-0.0026810407350552623,0.005495508634567159,0.001327696404096912,-0.000555183642276802,0.0013278296402248202,-0.0005552141769875618,0.0,0.0,0.0,0.0,-0.0005030248115929226,0.00013862061592462283,-0.0005030246341917177,0.0001386172842163802,-0.0005633026942177821,0.00015749070541559718,-0.0005633022474356153,0.0001574819574354791,0.0001158007288708518,5.7289314183250895e-05,0.00011580118410137175,5.728710417685079e-05,0.00011791748903533517,5.435339536496997e-05,0.00011791747425604626,5.435027966349537e-05,0.0,0.0,0.0,0.0
42200000.0,-0.11074601551467822,0.10713991530637301,-0.11074604943115673,0.10713991012358015,0.31650506985284466,0.35149719781071553,0.31650507759785285,0.35149719738995877,-0.2573858469845973,-0.19287188078856587,-0.25738584439900336,-0.1928718814062993,0.0,0.0,0.0,0.0,0.0013887492209434527,-0.008178743335419014,0.0013887478862741887,-0.008178743386931586,0.006078465716825576,-0.014434176348590455,0.006078462890513947,-0.014434176361223905,0.01157568224718375,-0.027431387190462786,0.011575677700484732,-0.027431385701708777,0.008011113765640232,-0.010793725120537445,0.008011112578344637,-0.010793725182226765,0.018085785615035377,-0.025509624403332154,0.01808578048552789,-0.02550962353961772,0.010788953203942242,-0.02762713791023863,0.010788947215452538,-0.02762713633384095,0.009875196587636026,-0.03292993653188425,0.009875180537271433,-0.03292993471320216,0.012253875849182805,-0.03095914204556749,0.012253859400004785,-0.030959141042716354,0.01900866625499731,0.01251258024569779,0.019008654353093846,0.012512579371412258,-0.004553175713247981,0.0055285076508884146,-0.00455346473754048,0.005526702469735412,0.05784062820987401,0.011769178410874659,0.05784062342329577,0.011769177936157504,0.0,0.0,0.0,0.0,-0.016391482925243395,-0.01668906319802943,-0.016391486954795198,-0.01668906247822477,0.0010613854982324256,0.006013699758094404,0.0010613815014366423,0.00601369978351407,0.00024992190513728474,-0.0014181857169326406,0.0002498811587656746,-0.0014183103521485663,0.0,0.0,0.0,0.0,-0.0003129372500652039,0.0004185842885373603,-0.0003129400322023912,0.0004185843614337159,-0.0003512780901075985,0.0004665075456511403,-0.000351285369063703,0.00046650776257806115,0.00010892753601154936,-7.180179414767451e-05,0.00010892545717666735,-7.180145795615545e-05,0.0001065529879227256,-7.442559918047209e-05,0.00010655024703254412,-7.442481402009093e-05,0.0,0.0,0.0,0.0
42500000.0,-0.03389529969700078,0.14941177929062377,-0.0338952976728919,0.14941181576859108,0.3972443188659227,0.2520962434610876,0.39724431896165413,0.252096236595273,-0.3113098442710296,-0.07957890899406372,-0.3113098443639615,-0.07957891106221204,0.0,0.0,0.0,0.0,-0.003465941393123728,-0.007522932602700649,-0.0034659414272297795,-0.007522931356902518,-0.0031392095160427402,-0.015412937105795166,-0.003139209476586302,-0.015412934471305206,-0.006018552896961182,-0.029583506397335313,-0.006018551033577069,-0.029583502181873556,0.0005370543235940772,-0.013531596874996055,0.0005370542858855742,-0.013531595756754555,0.00042992910717742916,-0.03156868243252475,0.00042993066320917706,-0.031568677288024816,-0.006716623609499095,-0.029037420733386554,-0.006716621833597003,-0.02903741538709248,-0.0103274624060532,-0.03295564265679651,-0.010327460349230932,-0.03295562806567531,-0.0071311372812132845,-0.03259882196534036,-0.007131136006023553,-0.032598806824600146,0.02307826034729743,2.936332990444157e-05,0.023078259576941207,2.9374486908650965e-05,0.0020298889298828726,0.006856274952223629,0.0020280785631570097,0.006856804529562055,0.05785278412275119,-0.012131038834835906,0.057852783903889815,-0.012131034246829486,0.0,0.0,0.0,0.0,-0.023055934190807648,-0.0043559615221617776,-0.023055933623297165,-0.004355958078297917,0.00438339067751059,0.004232779125391772,0.004383390601191195,0.004232782768603727,-0.001060653798468536,-0.0009773985432204313,-0.0010607686030539298,-0.0009773497432412626,0.0,0.0,0.0,0.0,9.503409913236283e-06,0.0005233197410632329,9.503351243722591e-06,0.0005233222464848808,4.2422346098192065e-06,0.0005830239021893391,4.242095705819793e-06,0.0005830304417369092,-7.168484579267442e-06,-0.0001313832564981965,-7.167485406966989e-06,-0.00013138153104108596,-1.0475173688462291e-05,-0.00012949040747756158,-1.0473883421013852e-05,-0.00012948815478530662,0.0,0.0,0.0,0.0
42800000.0,0.052815102122913515,0.14275651156873082,0.052815139541500855,0.14275650170082876,0.44798910466627717,0.13543788470589035,0.44798909733727044,0.13543788406081525,-0.317341747245635,0.045644270917984286,-0.31734174965065876,0.045644270477923854,0.0,0.0,0.0,0.0,-0.007097880574775672,-0.004242922050968545,-0.007097879302527588,-0.004242922025250451,-0.011345787477367253,-0.010991350635729091,-0.01134578480363757,-0.010991350709090852,-0.02200790377169426,-0.02128054577229932,-0.022007899736671277,-0.02128054797209522,-0.00724667278173996,-0.011563558631175752,-0.007246671637425095,-0.011563558611523916,-0.017774712221417133,-0.02646556030570224,-0.017774707125418843,-0.026465562590662017,-0.02206123292587847,-0.020244929251646226,-0.022061227773278347,-0.02024493113884951,-0.027173287260986,-0.021559098736315008,-0.027173272753792332,-0.021559100866339165,-0.024193310220539388,-0.02308669209147851,-0.02419329502234291,-0.023086693510148137,0.019598022587111075,-0.01283423790206939,0.019598034040029688,-0.012834237178878993,0.006805513434670729,0.0021607247531605367,0.006806285435700943,0.002162498204349106,0.04839565229738696,-0.03412979261029392,0.048395656886015104,-0.03412979261814719,0.0,0.0,0.0,0.0,-0.02145998096818147,0.00964508933058994,-0.02145997757190088,0.009645088996609985,0.006016246644300338,0.0008493446574853181,0.006016250438520387,0.0008493448570288109,-0.0013979818764227048,0.0003674658923262797,-0.0013979270266517574,0.0003675698720773113,0.0,0.0,0.0,0.0,0.0003289243376087825,0.0004080247404463222,0.0003289269781205917,0.0004080249434359473,0.00035684455699680484,0.000459893700794467,0.0003568514630245545,0.000459894227793356,-0.00011792902397189664,-6.0502441710852395e-05,-0.00011792781488395576,-6.0503946819778776e-05,-0.00011684414031520873,-5.6244358823676066e-05,-0.0001168423783113326,-5.624595841347002e-05,0.0,0.0,0.0,0.0
43100000.0,0.12121776669005868,0.09035990154685258,0.12121774868047197,0.09035986491345227,0.4654790674807572,0.010252365368804917,0.4654790673633187,0.010252374013678178,-0.2746583886222851,0.1631634312968142,-0.2746583889506553,0.16316343460132465,0.0,0.0,0.0,0.0,-0.008238250088957955,0.0005102473135512042,-0.008238250173711492,0.0005102459473125265,-0.015635847080801568,-0.0026574077706769117,-0.015635847396914926,-0.0026574106182977175,-0.030608462678564763,-0.005116806177678512,-0.030608465378136884,-0.0051168100906267,-0.012608100113730814,-0.005491968233149791,-0.012608100198242767,-0.0054919694560595644,-0.02997461687716907,-0.011707118387459303,-0.029974619973103245,-0.011707123318105417,-0.029766493109690373,-0.004200773969456506,-0.029766495477623778,-0.004200779191663173,-0.034723279254443185,-0.0025394514859655715,-0.034723282627773244,-0.002539466729528428,-0.033027974587305664,-0.00558241563122408,-0.03302797734838947,-0.005582431690587697,0.00947630978913594,-0.021836472512957172,0.009476309530498384,-0.02183648487819312,0.005606364615040604,-0.004416790703876572,0.005608058803595384,-0.004417799011676493,0.030963555752180127,-0.050634678569764446,0.03096355529876149,-0.05063468325384868,0.0,0.0,0.0,0.0,-0.012077967343905982,0.020244588777240224,-0.012077967849947413,0.020244585079778332,0.005351267781925628,-0.002832651709574918,0.005351267679081673,-0.002832655968193265,-0.00044313359603620484,0.0013791757779895164,-0.00044304136781647685,0.0013791169406207615,0.0,0.0,0.0,0.0,0.0005106573083324406,0.00012055302581082117,0.0005106573175908125,0.00012054998913946235,0.0005618740216704055,0.00014849606921707448,0.0005618740328330318,0.00014848809910894545,-0.0001124801650291829,7.170286251501068e-05,-0.00011248200191005253,7.170228834141312e-05,-0.00010729550265864418,7.215449688047215e-05,-0.00010729731030068024,7.215320535713943e-05,0.0,0.0,0.0,0.0
43400000.0,0.14989766716677622,0.0099313379303414,0.1498976330964723,0.009931364028023637,0.4489058859764157,-0.1142627671842078,0.44890589566609407,-0.11426276913376654,-0.19029221748573377,0.25464734597131944,-0.1902922133741356,0.25464734526305044,0.0,0.0,0.0,0.0,-0.00649227312568712,0.005067896469833855,-0.006492274538523191,0.005067896814370698,-0.014442673642726334,0.006686963497221754,-0.014442676565451507,0.006686964355125724,-0.028458068303187645,0.013349608237874122,-0.028458071932632834,0.013349611669163153,-0.013606996714067066,0.0026178696725462913,-0.013606997974576984,0.002617869986583088,-0.03154753471514482,0.0076046234070705765,-0.03154753926997955,0.007604627383715368,-0.026972312726009307,0.013470494273059685,-0.02697231782065046,0.01347049767166375,-0.030195063195186833,0.01751860652739623,-0.030195078637156314,0.01751861284834355,-0.03049830850767421,0.013914681312366284,-0.03049832487172921,0.013914687143797622,-0.004166206577821185,-0.023849777777469328,-0.004166219451349207,-0.023849775201526313,-0.0005082298502046001,-0.007125439321688631,-0.0005094602266098036,-0.007127013315280095,0.008350697288349807,-0.058915724168597805,0.008350692678106952,-0.05891572295450942,0.0,0.0,0.0,0.0,0.0017369366160480126,0.02352778444203274,0.001736932747036235,0.023527785730767192,0.0026636950560003925,-0.005410714233322622,0.002663690471386815,-0.005410713221280616,0.0009270552773301688,0.0011159643406788433,0.0009269948235299807,0.0011158846581125204,0.0,0.0,0.0,0.0,0.00047764078303913493,-0.0002183891419100803,0.00047763744823470233,-0.00021838847250599258,0.0005357677138135841,-0.00022278574444456467,0.0005357589350722947,-0.00022278394817831781,4.9950509009022426e-06,0.00013408531315306504,4.995202019131284e-06,0.00013408728536745684,7.827759922918176e-06,0.00012860706972261937,7.826964299795236e-06,0.00012860902835143406,0.0,0.0,0.0,0.0
43700000.0,0.1305898030156314,-0.0725524856196973,0.13058983678434544,-0.07255245588695836,0.3999235912127048,-0.22910586656161946,0.3999235860946655,-0.22910587584692976,-0.07790971675375857,0.3061416382759816,-0.07790971918543477,0.3061416341379992,0.0,0.0,0.0,0.0,-0.0024811097849521957,0.00783119868488491,-0.0024811090815646253,0.007831199977088588,-0.008131490500936422,0.013733307879947532,-0.008131488905590345,0.013733310537096699,-0.01599287119003634,0.02748924602392755,-0.015992866913258297,0.02748924898624061,-0.009807851314285188,0.009929502958225811,-0.009807850688481778,0.009929504116101384,-0.021640739853843627,0.02448551242305186,-0.021640735015829193,0.0244855163128328,-0.014568751539819402,0.02644880931546112,-0.01456874676865283,0.026448813605339794,-0.015069024993216829,0.03154064380962396,-0.01506901461386434,0.03154065749594359,-0.017420785666693916,0.028625540626839197,-0.017420775634597874,0.028625555319690577,-0.0169148101721035,-0.017923564172004802,-0.01691480438295656,-0.01792355225722453,-0.006197340052125355,-0.0035806817719592487,-0.006198756078568124,-0.003579251365962932,-0.01578119253748156,-0.057551272613631355,-0.01578119037813508,-0.0575512685194397,0.0,0.0,0.0,0.0,0.014934322858060511,0.01824103240307018,0.014934325347049082,0.018241035813019835,-0.0010064642222076259,-0.005919998203493648,-0.0010064618820138094,-0.0059199939033991456,0.0014394835817697071,-0.00018424211899059628,0.001439416846125141,-0.00018418286113686122,0.0,0.0,0.0,0.0,0.00024322235050533436,-0.00046593963561036844,0.00024322403947962812,-0.0004659364696788515,0.0002900330878290447,-0.0005014908221383507,0.00029003760345602814,-0.0005014824823224018,0.00011883112780708416,6.401861550209276e-05,0.00011883299563919536,6.401769203279173e-05,0.00011436730471814371,5.8319637650683376e-05,0.00011436932246766673,5.831985766668879e-05,0.0,0.0,0.0,0.0
44000000.0,0.07013765622978241,-0.13115419643462012,0.07013767992190623,-0.13115423708048013,0.32248677472612997,-0.32610668652251107,0.32248676791661524,-0.3261066782984141,0.044578450465131425,0.31033349555014134,0.04457844745538608,0.31033349973870905,0.0,0.0,0.0,0.0,0.0023771400730367986,0.00783730495505175,0.002377141018236273,0.007837303919414396,0.0010935971119110377,0.01595381736274959,0.0010935990414893126,0.015953815089456924,0.002533253664275037,0.032032577919361316,0.002533255476485863,0.03203257294972062,-0.0024775448815503864,0.013830426505869298,-0.0024775440182054353,0.01383042559243286,-0.003678769808722393,0.032641264232765366,-0.003678766889720464,0.032641258694413366,0.003044467782807203,0.030042951798888495,0.003044470356257989,0.030042945832137846,0.005356467213360361,0.0345369874887016,0.005356476478524996,0.034536973434127205,0.0016565335251073066,0.0334112975996117,0.0016565438574929203,0.03341128373410562,-0.024442865258237134,-0.005708863306876921,-0.024442856313775962,-0.005708872095068429,-0.006448962588322615,0.003140907679057392,-0.006447361193501422,0.0031421327615230865,-0.03747923838381695,-0.046675917981092496,-0.037479235377212206,-0.04667592096079076,0.0,0.0,0.0,0.0,0.022653571115398563,0.006320397405826128,0.02265357317600092,0.006320393811549252,-0.004261695528583687,-0.004191739286861562,-0.004261692371827053,-0.004191742896626494,0.0006152670106942537,-0.0013124834943454289,0.000615321894564147,-0.0013124293840327539,0.0,0.0,0.0,0.0,-9.41137565888539e-05,-0.0005174034993959964,-9.41114225767592e-05,-0.0005174061776465066,-7.380090887920687e-05,-0.0005736777624569811,-7.379477682434299e-05,-0.0005736849206670058,0.00011622860942850366,-7.035409656275249e-05,0.00011622694294999292,-7.03555795364963e-05,0.00010801141306870932,-6.861598101259858e-05,0.00010801097794654879,-6.861787454148782e-05,0.0,0.0,0.0,0.0
44300000.0,-0.012060759434852741,-0.14776986773399337,-0.01206080578398172,-0.1477698838385102,0.2225316900337262,-0.39849163445555114,0.2225316999461242,-0.3984916319213738,0.15809427476754223,0.2675887773781742,0.15809427997851344,0.26758877824143745,0.0,0.0,0.0,0.0,0.006371647433645933,0.005099615911047906,0.00637164623699249,0.00509961550420357,0.009961801029298556,0.012530644927348789,0.009961798432051694,0.01253064411624294,0.02050724053524533,0.025108233337991948,0.020507235321893802,0.025108233060620933,0.0058293599688070685,0.012878992457602934,0.0058293589119315925,0.01287899205105525,0.01579658198081546,0.028920433419306946,0.0157965760515566,0.02892043170712988,0.019547345451911724,0.02295676774170019,0.019547339061155355,0.02295676763607979,0.02386466299197565,0.025455522185117374,0.023864647370473335,0.025455519573672092,0.020063634809723396,0.026639455998738626,0.02006361920624755,0.02663945228836795,-0.023959054039934813,0.008936903858968392,-0.023959064328536783,0.008936899595704872,-0.0009954812761776566,0.0071148728112877535,-0.0009944739719855988,0.007113135284757988,-0.05313536688282028,-0.027986637976338713,-0.05313537020196435,-0.027986639427458826,0.0,0.0,0.0,0.0,0.022080024097036244,-0.007820360619781752,0.02208002008990917,-0.00782036057952773,-0.00588063799857963,-0.000903321259004386,-0.005880642266589575,-0.0009033225334533768,-0.0007758295139126403,-0.0012200726470208423,-0.0007757867264501783,-0.001220119900933625,0.0,0.0,0.0,0.0,-0.0003921311075529843,-0.00035069452634495235,-0.00039213431219309314,-0.0003506954531680151,-0.00040621107277871715,-0.00041050826592936573,-0.00040621964100040486,-0.0004105106593481622,-1.5645772108996425e-06,-0.00013687911738280434,-1.5653859932740488e-06,-0.00013687685037844233,-4.098409860375796e-06,-0.00012757691621523293,-4.0999069383929054e-06,-0.00012757582815403623,0.0,0.0,0.0,0.0
44600000.0,-0.09007053142541821,-0.11739310836778571,-0.09007053864921488,-0.11739305785318344,0.1075247078351893,-0.4413419516967938,0.10752470539108572,-0.44134196094563904,0.24554769627106765,0.18561688731288228,0.2455476945719539,0.18561688234676232,0.0,0.0,0.0,0.0,0.008106734620362488,0.000598372774737399,0.008106734820728434,0.0005983738613828393,0.015314644558976909,0.004668530373397317,0.015314645006206717,0.004668532739342979,0.0313881648209815,0.009036529748915001,0.03138816618847784,0.009036534562419263,0.012167773527480108,0.007349078556714517,0.01216777363808319,0.0073490795303658984,0.02958375790016987,0.014608721538115432,0.029583757484374473,0.014608727455520665,0.029041293396552703,0.007775404456770829,0.029041295986438342,0.007775410105587355,0.03395898270596831,0.007561101879673515,0.033958987496880866,0.007561115794491258,0.03141534067176366,0.010759918428817628,0.03141534436588245,0.01075993250485574,-0.015254629777039952,0.021114394406694714,-0.015254628729316266,0.021114403820321925,0.005352288711108599,0.004794218285812946,0.00535045430795833,0.004793448469534667,-0.0600842232865304,-0.004497286067579154,-0.06008422302970473,-0.004497283128531038,0.0,0.0,0.0,0.0,0.013507546644802915,-0.01897880803381291,0.013507549028723531,-0.018978804709592012,-0.005274407929356073,0.0026908770146985006,-0.005274407043245333,0.002690880949275609,-0.0014406975731944272,-7.40006726118736e-07,-0.001440734288635781,-7.738378648980415e-07,0.0,0.0,0.0,0.0,-0.0005249065493941885,-3.590529620112193e-05,-0.0005249058482448277,-3.5902323832104344e-05,-0.0005711293278736207,-7.961912055165499e-05,-0.0005711273919715154,-7.961116670074375e-05,-0.00011972868784226876,-6.878862445169887e-05,-0.00011972609453891891,-6.878872862081664e-05,-0.00011172394803793395,-6.129272662214191e-05,-0.00011172236573742111,-6.129192117754201e-05,0.0,0.0,0.0,0.0
44900000.0,-0.1392190341031494,-0.04960839020185581,-0.13921898126824317,-0.04960839279501883,-0.014088957304799976,-0.45191494430132906,-0.014088963458661397,-0.4519149376515159,0.2944859734043135,0.07790995165974124,0.29448597000391885,0.07790995552196378,0.0,0.0,0.0,0.0,0.006993316242713377,-0.004073759090882589,0.006993316941944272,-0.004073759803478794,0.015251476924476037,-0.004836940143507107,0.015251478492103843,-0.00483694165473203,0.03115668601323307,-0.01048263347428069,0.031156689781710156,-0.010482636242723942,0.014260398964765386,-0.0008428237513644632,0.014260399622457953,-0.0008428243007863045,0.03259106677261059,-0.0050268975812510774,0.032591072270079735,-0.005026898367692212,0.028215171977819864,-0.01002472555556011,0.02821517571005927,-0.010024730379045721,0.03220263224278597,-0.012803012251385582,0.032202641124939646,-0.012803023227977661,0.03188573218658064,-0.0086289911434001,0.03188574140830269,-0.008629001064550224,-0.000952037091522584,0.026504249101565236,-0.0009520309862693921,0.02650424355342018,0.006955080875712838,-0.001767291495529122,0.006954560521293729,-0.001765402363403723,-0.057065663134565625,0.01992992229748758,-0.05706566130453439,0.019929920595144424,0.0,0.0,0.0,0.0,0.00017752045010865913,-0.023137887703919446,0.00017752198053244683,-0.023137891997466298,-0.0026968526106116997,0.005239355132694357,-0.0026968500325637024,0.005239352423298982,-0.0007724827162007841,0.0012091655148864788,-0.0007725108850991091,0.0012091895628110194,0.0,0.0,0.0,0.0,-0.000436160305881117,0.0002940992221542871,-0.00043615835069488185,0.0002940971458276209,-0.000501502168944512,0.0002828918195731944,-0.0005014969187158158,0.0002828862264703247,-0.00012122518957369266,6.891295834776656e-05,-0.00012122632418254398,6.891042795054148e-05,-0.000109491664431971,6.497474332434194e-05,-0.00010949176380847803,6.497298938690221e-05,0.0,0.0,0.0,0.0
45200000.0,-0.14367287349665503,0.03411332131445732,-0.1436728863951089,0.034113268221563686,-0.13349655341069422,-0.4298084569830678,-0.13349654457371685,-0.4298084555305728,0.29880715710230277,-0.038668802147640235,0.2988071620395658,-0.038668801179625234,0.0,0.0,0.0,0.0,0.0034482968397071545,-0.007279983780623667,0.003448295846766314,-0.007279983906141041,0.009810477555220132,-0.012613346553912663,0.00981047545559477,-0.012613346941943604,0.019806170804585577,-0.02646935702910369,0.019806167175374867,-0.0264693593141061,0.01132508007511035,-0.008811537317754414,0.011325079279359329,-0.008811537501756561,0.023766772172024275,-0.02276655645625425,0.023766770436523643,-0.022766561215824765,0.017495605959638283,-0.024122519890692473,0.017495599940886564,-0.024122520933829605,0.0193697468666727,-0.02854724298712341,0.019369732573878196,-0.028547244639103297,0.02149211872595913,-0.024829202941120343,0.021492105407460826,-0.024829205096363438,0.014224409701455443,0.022925897415674967,0.014224401683293308,0.02292589624553898,0.0024109693715104186,-0.006740807367012991,0.002412869676305718,-0.006740540391476202,-0.04446965347054288,0.04120989257213026,-0.0444696560031872,0.04120989234272443,0.0,0.0,0.0,0.0,-0.01300478672598615,-0.018927573026786604,-0.013004791928935333,-0.018927572045118524,0.000863949015297294,0.005800524824064013,0.0008639453351122484,0.005800524283987585,0.0006000431782808846,0.0012970517005861382,0.0006000535405803475,0.0012970781003254217,0.0,0.0,0.0,0.0,-0.00016331324773943834,0.0004998071092998657,-0.00016331604811625766,0.0004998066891879205,-0.0002266145900335914,0.0005283630266426087,-0.00022662210575674635,0.000528361860261839,-2.041173814859576e-06,0.00014092020673928118,-2.0432068197351327e-06,0.00014092230676254758,3.7433848376622336e-07,0.00012726325600809218,3.728383717316319e-07,0.00012726429151399543,0.0,0.0,0.0,0.0
45500000.0,-0.10168597554583414,0.1068343352807517,-0.10168602674634997,0.10683435846173239,-0.24214674062979213,-0.37695972469752803,-0.24214674409469694,-0.37695973319321396,0.2593338563232095,-0.14665555348624437,0.25933385476271553,-0.14665555813466113,0.0,0.0,0.0,0.0,-0.0012644647520687613,-0.007915192003128624,-0.0012644642734755962,-0.007915191020341439,0.0009383449754523099,-0.015923667668367614,0.000938345832096843,-0.015923665575904522,0.001318548085208704,-0.03320944315549923,0.0013185473876546894,-0.03320943933687914,0.004363705462168355,-0.013732006212251235,0.004363705779724114,-0.013732005411903003,0.006425334841807739,-0.03217871282309659,0.006425330986260747,-0.032178710478220296,0.0007918104447384167,-0.029633433824191258,0.0007918122022942953,-0.029633427887564068,4.3914060682936906e-05,-0.034337067560382906,4.391996525043851e-05,-0.034337053509254645,0.003965691434260066,-0.03239692809518857,0.003965696698983834,-0.032396914903834784,0.02499950345783475,0.011254554943310069,0.024999507491131112,0.011254562886087172,-0.004228651598637612,-0.005752790820629627,-0.004228633749221444,-0.005754658793467371,-0.02431119040679164,0.05572020895760943,-0.024311188937417683,0.055720211548365484,0.0,0.0,0.0,0.0,-0.02131962475645821,-0.008034198059622355,-0.02131962119621278,-0.0080341931781156,0.004066001964019961,0.004187760877414348,0.004066003563181653,0.004187764461498489,0.0014108822808935884,0.00019359368314653125,0.0014109109605300318,0.0001935967621378154,0.0,0.0,0.0,0.0,0.00017820313830441137,0.0004942664817413345,0.00017820432590553992,0.0004942691906109076,0.00014021475757886037,0.0005566459177153149,0.0001402178682212707,0.0005566531798208985,0.00012188181530348174,7.381853798804627e-05,0.00012188462298468039,7.381968459441168e-05,0.00010984614016251726,6.415938563719692e-05,0.00010984791958890128,6.416022026556334e-05,0.0,0.0,0.0,0.0
45800000.0,-0.02668462636185609,0.14472545895653965,-0.026684593451648198,0.1447255061771031,-0.332352728588333,-0.297480100940529,-0.3323527346160233,-0.2974800937242428,0.18327511480848102,-0.23062537382164905,0.18327511157887955,-0.2306253703953729,0.0,0.0,0.0,0.0,-0.005488113917152759,-0.005785615733973515,-0.0054881131928254945,-0.00578561669078681,-0.00822355336187286,-0.013630102927219667,-0.008223551787111205,-0.013630104775248952,-0.017803945552842038,-0.02827803249627081,-0.017803942133767237,-0.028278033152911775,-0.0041904041425908645,-0.013845586175889935,-0.004190403545166532,-0.013845586892433204,-0.01308194640903082,-0.02996733869724366,-0.013081943787440764,-0.02996733574828525,-0.01598689698496969,-0.024778856549996675,-0.015986892225399174,-0.02477886055644163,-0.01908548452357195,-0.028360770782288824,-0.019085473762686433,-0.02836078269155351,-0.014651817871452977,-0.028947488153782786,-0.014651807832379404,-0.02894749932510976,0.027419413998757136,-0.004717132223262865,0.027419419687177538,-0.004717140361492511,-0.007118242964097021,0.00028194594408503804,-0.007120036622453085,0.0002821648571007529,7.464074498386708e-05,0.06093186004410356,7.464271745050155e-05,0.06093185717846694,0.0,0.0,0.0,0.0,-0.021918285330968956,0.005522542909076833,-0.02191828180870914,0.0055225373558940305,0.00571871901429688,0.0010273121191914925,0.00571872159754605,0.0010273088589727308,0.0009215185970390394,-0.0010804179498116184,0.0009215336427246257,-0.0010804526729870645,0.0,0.0,0.0,0.0,0.00044389455716498105,0.0002800261530779835,0.00044389648452636266,0.00028002372931723585,0.0004484804936737419,0.00035691439921592405,0.00044848566588484573,0.00035690800413590296,0.00012657558762896315,-6.874428951775258e-05,0.00012657560303352966,-6.874738773987588e-05,0.0001108202686026516,-6.222939617472889e-05,0.00011082016699504038,-6.223153756224065e-05,0.0,0.0,0.0,0.0
46100000.0,0.056694338047307724,0.13519513648248704,0.05669437941898536,0.13519509488827453,-0.39782765555514743,-0.19733901078455673,-0.3978276465904571,-0.19733900825425366,0.08278733957145334,-0.27930698298962753,0.08278734375323893,-0.27930698168985657,0.0,0.0,0.0,0.0,-0.007756245663799177,-0.0016637528752134756,-0.007756246877562489,-0.0016637532079037953,-0.01446092097427254,-0.006572651271390839,-0.01446092336431093,-0.006572652054060768,-0.030850229304647314,-0.013345161369738179,-0.030850230865397066,-0.013345164042309676,-0.011332340712215228,-0.009082480626030787,-0.011332341646294708,-0.009082480909103907,-0.027747877561949963,-0.01707016444123255,-0.027747875401388455,-0.017070167085144305,-0.027036547871304606,-0.011400072850477727,-0.027036553163995336,-0.011400075841574875,-0.031548146320943715,-0.012816955767039673,-0.031548161515004836,-0.012816961622956313,-0.028111999190471693,-0.01583752036217234,-0.028112013589847606,-0.01583752564163632,0.020352484632951473,-0.019512181688835284,0.02035247433848042,-0.01951218398166077,-0.0037478477828187806,0.00604677035947887,-0.0037474123240031076,0.006048450782525805,0.02457815585978551,0.055871433584336216,0.02457815215772996,0.055871432620129724,0.0,0.0,0.0,0.0,-0.014753839535529778,0.01689787611612914,-0.014753846095970857,0.016897874481131225,0.0052231175903898475,-0.002486594395449515,0.00522311350349014,-0.0024865955205548573,-0.0004120756203462861,-0.0013554954555985432,-0.00041211948557418054,-0.0013555199582633293,0.0,0.0,0.0,0.0,0.000521506696003371,-5.195575850436285e-05,0.000521503678541535,-5.19565644161446e-05,0.0005721790246298042,1.168712300980701e-05,0.0005721710558788118,1.168494260284092e-05,4.354639827397477e-06,-0.0001454241697054215,4.351748785325071e-06,-0.0001454230179369631,2.2808665960383223e-06,-0.00012684258069484144,2.278831630064815e-06,-0.00012684149879760298,0.0,0.0,0.0,0.0
46400000.0,0.12078667919548991,0.08155575860225994,0.12078663036558623,0.08155572459625304,-0.43411610488644214,-0.0839207999110485,-0.4341161055874494,-0.08392080861571571,-0.027047843348285028,-0.2869249889413794,-0.02704784376612679,-0.28692499279043915,0.0,0.0,0.0,0.0,-0.00730048737675304,0.0029933768909486957,-0.007300487326887151,0.0029933781320004016,-0.015610144788581692,0.002750915464815762,-0.015610144794820258,0.002750917929482455,-0.033217014484677065,0.00644501282316412,-0.03321701636075147,0.006445014803180271,-0.014541164208296209,-0.001086554874468959,-0.014541164182745092,-0.0010865539117261847,-0.03241406017795612,0.0017971017735014527,-0.03241406270221603,0.0017971002318830642,-0.028632904650862656,0.005776883921125631,-0.028632905888727578,0.005776889497418836,-0.0332312281992273,0.006939858756911832,-0.03323122925975497,0.006939874424531922,-0.03202169066419458,0.0024123288902977436,-0.032021691285279985,0.002412343745131551,0.006011845064620047,-0.02789279832875735,0.00601184605743299,-0.027892787887196846,0.0029126094917160117,0.006485510365507707,0.0029141424210337163,0.006484885869681989,0.045015153886836856,0.0413236549414826,0.04501515396189859,0.041323658877754355,0.0,0.0,0.0,0.0,-0.0024956669778077867,0.022135333415089775,-0.0024956668058564446,0.02213533997785433,0.0027855163855576848,-0.005042686227856308,0.0027855166411825394,-0.005042682159061229,-0.0013611055941140648,-0.00038202551165866794,-0.0013611362985699316,-0.0003819703285650178,0.0,0.0,0.0,0.0,0.0003786665707679049,-0.0003609591107007759,0.000378666809226047,-0.0003609561463164823,0.0004612984949261545,-0.00033721333163327927,0.00046129910072068014,-0.00033720551289917466,-0.00012462391860879052,-7.754317439889746e-05,-0.00012462178472105734,-7.754095794609839e-05,-0.0001080054506843453,-6.579324058009206e-05,-0.00010800358205642624,-6.579173071230571e-05,0.0,0.0,0.0,0.0
46700000.0,0.14455559384589378,0.0020798200787233156,0.1445555682733186,0.0020798744294587834,-0.4388926481018274,0.03451407441786003,-0.43889265527367627,0.03451407713649601,-0.13047902789777766,-0.2536751207546857,-0.13047903075550948,-0.25367511935028375,0.0,0.0,0.0,0.0,-0.004308747043268113,0.0065587998328062724,-0.0043087459307855625,0.006558799517843994,-0.01129749696617921,0.011072034013796639,-0.011297494743089942,0.01107203347870822,-0.023967427289946386,0.02424672106307213,-0.023967425239092677,0.0242467223245022,-0.012661576533915309,0.00735678429973774,-0.012661575670335878,0.00735678406315543,-0.025529712265011995,0.019887745878488516,-0.025529713334762505,0.019887748239963088,-0.02033746755940058,0.020807818323202554,-0.020337462394849126,0.020807818286431967,-0.023670001985934164,0.024234984551199545,-0.023669987765757128,0.02423498223332743,-0.025215390230442836,0.019681950281729144,-0.025215376811758006,0.0196819476424146,-0.010746726082359714,-0.026763030931398646,-0.010746716846242066,-0.026763034152924803,0.007002893307245017,0.001206533995077308,0.007002113611576988,0.0012051765714105045,0.057860657335112364,0.01972550760451952,0.05786066106585963,0.0197255067406239,0.0,0.0,0.0,0.0,0.01047248884434282,0.01950096531930967,0.010472494730819903,0.019500963880449973,-0.0006694970760179331,-0.0056995236309766995,-0.0006694935774760324,-0.0056995247893496526,-0.001051529702081666,0.0009395855016833821,-0.0010514620906860728,0.0009396187467807238,0.0,0.0,0.0,0.0,7.652665048851759e-05,-0.0005163680369904,7.652914436562241e-05,-0.0005163689391025628,0.00016207579825788798,-0.0005470111947012413,0.00016208235864212384,-0.0005470135697791534,-0.0001306258122468762,6.930448233788411e-05,-0.00013062461287915994,6.93017314929989e-05,-0.0001108122920641108,5.974756675541926e-05,-0.00011081156362990896,5.974527183738587e-05,0.0,0.0,0.0,0.0
47000000.0,0.12094811164872965,-0.0765101997587827,0.12094816969492683,-0.0765101831981454,-0.41210718161863724,0.14942497330981297,-0.4121071783472132,0.1494249787512203,-0.21325099837596895,-0.18537018144667528,-0.21325099683218696,-0.1853701796176388,0.0,0.0,0.0,0.0,0.00015052303912455045,0.007802484481626237,0.00015052261096570874,0.007802483539553151,-0.0030528162684078097,0.015490144594512145,-0.003052817037783484,0.015490142702859089,-0.0061588531840044425,0.03382942757762919,-0.006158852272818649,0.033829425582080574,-0.006311571443646358,0.013286585309732146,-0.006311571767980695,0.013286584579994098,-0.009621273436579258,0.030806955299233607,-0.009621271231836204,0.03080695598289651,-0.005086287493213604,0.028550688988282502,-0.005086288173899334,0.028550684457570696,-0.006138389548439704,0.03327580604995717,-0.006138393409969467,0.0332757938390742,-0.0100573098898451,0.03026540193637217,-0.010057313978734328,0.03026539049840693,-0.02411411446085765,-0.01632435026708734,-0.024114118560831344,-0.01632435794158482,0.004901378106509924,-0.005134579675090123,0.004900216537095048,-0.005133683515666121,0.06088151821049337,-0.005240355273382846,0.06088151691055543,-0.005240358625655972,0.0,0.0,0.0,0.0,0.019594547636927473,0.010025892259850622,0.019594545612548586,0.010025887239216047,-0.003849291137498767,-0.004228924822303526,-0.0038492926067306144,-0.004228927635551827,0.00022659933225099849,0.0013870045173298706,0.00022663138588541187,0.0013869244633575306,0.0,0.0,0.0,0.0,-0.00025649716266684663,-0.00045312374900774444,-0.0002564982651591663,-0.00045312569935163083,-0.00020242850716556404,-0.0005324572346943057,-0.00020243141398168518,-0.000532462342018647,-5.793752308136391e-06,0.00014866082100439826,-5.796654789946842e-06,0.00014866078471698074,-4.403494457960733e-06,0.00012507877808332069,-4.405807032981102e-06,0.00012507886560442216,0.0,0.0,0.0,0.0
47300000.0,0.058973632845678026,-0.12856916555121245,0.05897364028409413,-0.12856922551874916,-0.35596822088892566,0.25260180259917675,-0.35596821648404386,0.25260179977142627,-0.26442202507800516,-0.09239015275878515,-0.26442202381122115,-0.09239015388437721,0.0,0.0,0.0,0.0,0.004508193095659863,0.006315240779581899,0.004508192273178224,0.006315241212252687,0.006230407186123443,0.0144751407913013,0.0062304055239650324,0.014475141574802564,0.014146412408265974,0.03169911001679182,0.014146410403952814,0.03169910926285624,0.0023203028044207485,0.01459576426848841,0.0023203021663817935,0.014595764591291527,0.009630885474081197,0.030725903429729584,0.009630885802422995,0.030725901380744602,0.011833405591758606,0.026387944568163846,0.01183340151371226,0.026387945430219162,0.013451241156332117,0.031038820859308203,0.01345123035569884,0.031038824936260312,0.008374962582976764,0.030705211296726986,0.008374952520469492,0.03070521552903216,-0.029379143907505068,-4.802618969179662e-05,-0.029379150510848717,-4.802217665655917e-05,-0.00153071158464968,-0.006914869016437564,-0.0015297407408922936,-0.006913914942636268,0.05354629856134352,-0.029286124539893876,0.053546295526103904,-0.029286123075028314,0.0,0.0,0.0,0.0,0.021708119784676683,-0.0028892858978863956,0.021708115405942863,-0.002889283783954255,-0.005573968031583831,-0.0011929022169603343,-0.005573970408320861,-0.001192900849225964,0.0012856993453027599,0.0005514283925869279,0.0012856078692209394,0.0005514010170024619,0.0,0.0,0.0,0.0,-0.00047949950096892735,-0.00019905139162901264,-0.000479501117666814,-0.000199050406951784,-0.0004830189464257728,-0.00030033584295807714,-0.00048302316578485716,-0.00030033325432299307,0.0001261644455894384,8.025372955344778e-05,0.00012616551559574418,8.025631310459858e-05,0.00010492547620799542,6.663439303977725e-05,0.00010492622075730651,6.66363869541442e-05,0.0,0.0,0.0,0.0
47600000.0,-0.020111037603449233,-0.13821209380509458,-0.020111097899743413,-0.13821209239966237,-0.27476627980465906,0.3367478272547899,-0.27476628206770926,0.33674782287143756,-0.2776513424039635,0.011872256614800847,-0.27765134307026784,0.011872255270958476,0.0,0.0,0.0,0.0,0.007245392797592842,0.002644475704443039,0.0072453932134237675,0.0026444764984105973,0.013301908860164247,0.008395874974688411,0.013301909617517538,0.008395876586234863,0.02988629830216638,0.018348936346505695,0.029886297676135598,0.01834893850286079,0.01022150693487589,0.010774539312670584,0.010221507239997152,0.010774539935638927,0.025382294482746204,0.01970546516447058,0.02538229263006997,0.01970546518232652,0.024580369636147736,0.015103748714622611,0.024580370576757105,0.015103752686258076,0.028491347218455587,0.018265569142911886,0.028491351230080397,0.01826557958809616,0.023953788694385025,0.020894560538415874,0.023953792806068464,0.02089457027918229,-0.02459275035631947,0.016516151490982622,-0.024592746614210625,0.016516157840214873,-0.0065713441677743845,-0.002569895829488189,-0.006570600019706774,-0.0025708986685160085,0.03712998786215138,-0.04827796650332772,0.03712998941399803,-0.04827796362252457,0.0,0.0,0.0,0.0,0.01612593038539245,-0.014666244272362405,0.0161259324690306,-0.01466624014526019,-0.00521080238906535,0.002269925832550257,-0.005210801185370428,0.0022699281587108544,0.0011493587852200449,-0.0007831863354681445,0.0011493390482328891,-0.0007830853414674266,0.0,0.0,0.0,0.0,-0.0004989036882605546,0.00013739788564492983,-0.0004989028649831084,0.0001373994825542013,-0.0005653942510832621,5.3738238150913276e-05,-0.0005653920940602575,5.374240803490693e-05,0.00013353980751418248,-6.876048276893698e-05,0.00013354168353885143,-6.876242598963245e-05,0.0001098105496382118,-5.622643242730874e-05,0.00010981204155768864,-5.622756246737026e-05,0.0,0.0,0.0,0.0
47900000.0,-0.09057754069382895,-0.10395348246316871,-0.09057753099524035,-0.10395342315936063,-0.17455045781744616,0.3959934916018568,-0.17455046283607345,0.39599349398880435,-0.2518544608852551,0.11285260518794615,-0.25185446272772083,0.11285260582847911,0.0,0.0,0.0,0.0,0.007423914734353332,-0.0019043710487167687,0.007423915553189886,-0.0019043715080186985,0.015687262272187752,-0.0006064244730552559,0.01568726394550879,-0.0006064253292095145,0.03540435018801702,-0.001793379919647009,0.03540435257604457,-0.0017933795494400329,0.014598145568307075,0.0031105576535210844,0.014598146221253216,0.0031105573144145637,0.03202391253997661,0.001686624358313793,0.032023912865568605,0.001686625935064967,0.02875167140199153,-0.0013754394934792913,0.028751675478623895,-0.0013754407495696341,0.033867875299065986,-0.000754318747269167,0.03386788604901625,-0.0007543233995619403,0.031498484997719345,0.004110516483400772,0.03149849507354219,0.004110511775174075,-0.011262556827205117,0.02765513701151434,-0.01126255021585365,0.027655132993530174,-0.005767037699840216,0.004004075976105526,-0.005768031150523711,0.0040035350932257074,0.014489344891060796,-0.05897182181603711,0.014489347710750167,-0.05897182356228825,0.0,0.0,0.0,0.0,0.0048722952779058915,-0.02114601755152279,0.004872299403601232,-0.021146019841154384,-0.0029050466064362013,0.0048679158224729235,-0.0029050440852884662,0.004867914522101557,-4.1092536335440855e-05,-0.0013807960486218462,-4.098459156409717e-05,-0.0013807861641197405,0.0,0.0,0.0,0.0,-0.0003078628996249222,0.0004135987638704819,-0.00030786112079539407,0.00041359788875183767,-0.00041665083020347993,0.0003847765086462118,-0.00041664617005920945,0.0003847742129110543,8.215687849144615e-06,-0.00015066585105216745,8.213216780461607e-06,-0.0001506667647745985,7.3071699731031e-06,-0.0001222149162600772,7.305927930190137e-06,-0.00012221588978178488,0.0,0.0,0.0,0.0
48200000.0,-0.13073129409281137,-0.03815470616270744,-0.1307312368028022,-0.038154723466988116,-0.06268193393478327,0.42630521092718254,-0.06268193040876469,0.42630521643575037,-0.1911958993347227,0.1967211036233536,-0.1911958980926869,0.19672110591371705,0.0,0.0,0.0,0.0,0.005010761966182997,-0.005731163100357151,0.005010761370733974,-0.005731163920451365,0.01255752853005987,-0.009363258474330394,0.012557527387372147,-0.009363260158579578,0.028474982191681875,-0.02177128063429734,0.028474982118652292,-0.021771283177109524,0.01386072150746287,-0.005734675437771841,0.013860721056339287,-0.005734676100701108,0.02718252744554661,-0.016877546630325924,0.027182528661867877,-0.016877547170416562,0.022910045140775992,-0.0173147491413701,0.022910043201505914,-0.017314753207330114,0.027697697849944802,-0.01957759865474884,0.02769769146193113,-0.019577609407107843,0.028483391191251428,-0.014046664966457456,0.028483384785239707,-0.01404667507372892,0.006144658189001007,0.029458982608097983,0.006144653060239591,0.029458975936229592,0.0001042706057887699,0.006979038080451971,0.0001039179633366416,0.00697998411472156,-0.010450287255771684,-0.059586610442188714,-0.01045028937332404,-0.059586613113573605,0.0,0.0,0.0,0.0,-0.008022260256169034,-0.020055888564385782,-0.008022263130186502,-0.020055892600744585,0.00047584404408951286,0.005634949478668716,0.00047584225625030285,0.0056349468374534695,-0.0011764169293968507,-0.0007048994562666167,-0.0011764182310400884,-0.0007050114059836687,0.0,0.0,0.0,0.0,1.1433743225097714e-05,0.0005134157070472156,1.14324992210868e-05,0.0005134137985720599,-9.828601406525195e-05,0.0005577932546501074,-9.828929390920393e-05,0.000557788240612922,-0.0001264087187990981,-8.381413707780894e-05,-0.000126408567147962,-8.381153356395998e-05,-0.0001007461861135539,-6.79914419450256e-05,-0.00010074674325011301,-6.799028389536943e-05,0.0,0.0,0.0,0.0
48500000.0,-0.12926234786499435,0.037776116685471095,-0.12926237207739177,0.03777606216090135,0.05270355059425924,0.42576059220490947,0.052703555625718934,0.42576058685291684,-0.1044510338003164,0.25214567957021927,-0.10445103159602098,0.2521456772816748,0.0,0.0,0.0,0.0,0.0008823994993178985,-0.007506101729788384,0.0008823987848032289,-0.007506100940211979,0.005027834576587509,-0.014791933875159202,0.0050278331016855304,-0.014791932331320368,0.011226383492683567,-0.03446146996284227,0.011226381030546406,-0.03446146933238481,0.008207481400418715,-0.012642283332219506,0.008207480818448687,-0.012642282720186415,0.01260629653864953,-0.029312599966573316,0.012606295933395018,-0.029312600781565834,0.00910883559290454,-0.027154161077000083,0.009108831995106925,-0.027154158232534087,0.012020754714463067,-0.03176292543778203,0.012020745251213327,-0.03176291664090769,0.0158989085888237,-0.027493366891043536,0.015898899739575256,-0.027493358110220356,0.021708042829267526,0.021173518407906045,0.021708037036908934,0.02117352516886939,0.005810296209624255,0.003789245713846867,0.005811161877119275,0.0037894322963438754,-0.033398880032933675,-0.050107601961791204,-0.03339888228119747,-0.050107599382300805,0.0,0.0,0.0,0.0,-0.017947721861460764,-0.011828258256500135,-0.01794772536748468,-0.011828254564562712,0.0036644611956972994,0.004289376828268132,0.0036644588363401454,0.004289379361104295,-0.0012200453749713347,0.0006048535164282498,-0.0012201583184321407,0.0006048664416837823,0.0,0.0,0.0,0.0,0.00032323375667431264,0.0003961727963854855,0.00032323202714934496,0.00039617461934682296,0.00025929095367160926,0.0005027486180821938,0.00025928641252903617,0.0005027534466108818,-0.00013717308446814513,6.688386965691961e-05,-0.00013717073490226994,6.688268828014543e-05,-0.00010910395960195274,5.1699791889348035e-05,-0.000109102969652497,5.170007094079665e-05,0.0,0.0,0.0,0.0
48800000.0,-0.08789067051910848,0.10033359588379653,-0.08789072171841639,0.10033362638600352,0.1632855416690262,0.39467083711523543,0.16328553462955142,0.39467083393104474,-0.0038224044364483234,0.2717260136370854,-0.003822407746746137,0.2717260122973073,0.0,0.0,0.0,0.0,-0.0034927317168538252,-0.006635921730932637,-0.0034927307650818307,-0.00663592126719692,-0.0042311841361666325,-0.014988489203993538,-0.004231182254208932,-0.01498848823612775,-0.010445260913201082,-0.03511957603492277,-0.010445259789648276,-0.03511957396224119,-0.0004134006020279912,-0.015136368050320925,-0.0004133998539401773,-0.015136367670606887,-0.006426996511798677,-0.031142260889623685,-0.006426996965636533,-0.031142260386069154,-0.007802637287021241,-0.027464794837221973,-0.007802633680249471,-0.027464792321161724,-0.007834840699665335,-0.03308407452778539,-0.00783482987312567,-0.03308406810396036,-0.002045339090784637,-0.0316964309467167,-0.0020453283084478358,-0.03169642510371773,0.030057514457539014,0.005491944479679489,0.03005752259533523,0.005491948106175926,0.006351420803561325,-0.002681087353607836,0.0063514691380532895,-0.0026818460574702385,-0.050462324892166066,-0.032266734711534184,-0.050462321973107294,-0.032266733238436984,0.0,0.0,0.0,0.0,-0.021370957353802567,0.0005434177292400477,-0.02137095297851488,0.0005434201006693229,0.005465656719330525,0.001340691524674753,0.005465659914570153,0.0013406930426285157,-0.0001501964782022469,0.0013446205860674354,-0.00015017229585367886,0.0013447317326580333,0.0,0.0,0.0,0.0,0.0004961269376266841,0.00011324951810820494,0.0004961292868159717,0.00011325063164946414,0.0005101847631863166,0.00024281466496489656,0.0005101910021849676,0.00024281756819988232,-1.1986940030794813e-05,0.0001532739434821906,-1.198899707333112e-05,0.00015327218792293706,-1.1065593881198765e-05,0.00011950765421886445,-1.1065490269857037e-05,0.00011950683056483058,0.0,0.0,0.0,0.0
49100000.0,-0.020148478563633887,0.130813263732108,-0.0201484422735021,0.13081331113247785,0.2611587311384014,0.33554218656727386,0.2611587309269794,0.3355421942175383,0.09665783154408558,0.2529447981097235,0.09665783172371079,0.25294480187959323,0.0,0.0,0.0,0.0,-0.006579334426241701,-0.0034651015471851565,-0.006579334329330777,-0.0034651025309386796,-0.011941079272105526,-0.009907737611605683,-0.011941079048931158,-0.009907739568490115,-0.028861715533658128,-0.023191513846811063,-0.028861714093565638,-0.023191515200771562,-0.008968757543094341,-0.012279762991298071,-0.008968757461680354,-0.0122797637687313,-0.023012873946065326,-0.021744321993395488,-0.023012873676393042,-0.02174432177812946,-0.021880320425346156,-0.01817516558580934,-0.02188031947578395,-0.018175169402240954,-0.02504824709573228,-0.02302906510023206,-0.025048245097465838,-0.023029076393839887,-0.019310837408866632,-0.02521887947597179,-0.01931083595965788,-0.025218890707598973,0.028214204378890884,-0.01231624472755044,0.028214204816499944,-0.012316253111372077,0.0013232094968813612,-0.006724006895105106,0.0013225771729707958,-0.006723948748906139,-0.05881791732421249,-0.009210305947306097,-0.05881791689289173,-0.009210308846625992,0.0,0.0,0.0,0.0,-0.017118463754577817,0.0125850916924648,-0.01711846299826192,0.012585087181534504,0.0052053988066163015,-0.002098756765903431,0.005205399030280944,-0.0020987601593134286,0.0010436458033069584,0.0008490382243948602,0.0010437527860247542,0.0008490037507229431,0.0,0.0,0.0,0.0,0.00045860623633586783,-0.00021451308514031098,0.00045860637724359776,-0.00021451561034524502,0.0005524923253261704,-0.00011549128716836776,0.0005524926386257789,-0.0001154980042414877,0.00012716088316011565,8.87336463293309e-05,0.00012715999327639338,8.873632860684211e-05,9.668177038690828e-05,7.004399546417517e-05,9.668108284444088e-05,7.004402957022648e-05,0.0,0.0,0.0,0.0
49400000.0,0.05292069619929407,0.12045843458161443,0.052920739311019815,0.12045839290529159,0.33939988355373885,0.25287940398187203,0.33939989013843785,0.25287940091345007,0.18296767039610273,0.1985231262739049,0.18296767371833056,0.19852312437252095,0.0,0.0,0.0,0.0,-0.007318660855261783,0.0008584640496565044,-0.007318661679541094,0.000858464344602794,-0.015386333319888479,-0.001378567618864679,-0.015386334962123271,-0.0013785670474888434,-0.037297866867902485,-0.0026683159853391203,-0.037297868067526,-0.0026683167363046323,-0.014410245565244395,-0.00503494866914167,-0.01441024621235698,-0.005034948430889585,-0.031154662221780427,-0.004595686110967279,-0.031154662071486428,-0.004595686098639362,-0.0281971992076393,-0.0026040263865780844,-0.028197202425204182,-0.0026040256677504203,-0.03366469819222573,-0.005025949211074021,-0.03366470764441942,-0.005025946492395406,-0.030065613377018963,-0.010232274804650388,-0.030065622762492694,-0.010232271566188444,0.016649416116003124,-0.026164846755236226,0.0166494091712579,-0.026164843784286518,-0.00480478664643158,-0.004829529801241961,-0.0048046560374856995,-0.004829035673822091,-0.05718377401991859,0.015076600585771871,-0.057183776395540065,0.015076601229480957,0.0,0.0,0.0,0.0,-0.006799052698426067,0.01997443156764689,-0.006799056533921544,0.01997443252169262,0.002987458383451269,-0.004731039578075524,0.0029874554991096147,-0.004731038394567122,0.0012722221761762853,-0.00041671555303679497,0.001272178733877638,-0.00041681650943559134,0.0,0.0,0.0,0.0,0.0002286803166597906,-0.00044860034356730694,0.00022867815555827065,-0.000448599416777995,0.0003695229493558827,-0.0004259681517666536,0.00036951719634714664,-0.0004259656252187938,0.00014218196028537022,-6.54406455353751e-05,0.00014218494082740563,-6.544080975601219e-05,0.00010897305541135438,-4.733135202883432e-05,0.00010897323941350123,-4.733080562147052e-05,0.0,0.0,0.0,0.0
49700000.0,0.10889987049936423,0.07279068375333253,0.1088998238134451,0.07279064551315173,0.3925607149543566,0.1528457637068641,0.39256070935550724,0.15284575983778836,0.2429728628144261,0.1161186138387933,0.24297285957833026,0.11611861186878514,0.0,0.0,0.0,0.0,-0.005495002472478916,0.004801767004131818,-0.005495001877555694,0.004801767484494235,-0.013383311231343953,0.0075561517917606125,-0.013383310051764852,0.007556152741841515,-0.03247560034472485,0.019228199546631686,-0.03247560058623833,0.019228200222904945,-0.014769468298780453,0.004054950720998818,-0.014769467817053794,0.004054951083595881,-0.02797613679019406,0.014013869831785541,-0.027976136546229213,0.014013869576906757,-0.02459694064167195,0.013728826491252732,-0.02459693863742274,0.013728828328176235,-0.030685385241504548,0.014719927443884728,-0.03068537890622025,0.01471993282248718,-0.030670564226532804,0.008203243388109627,-0.030670557393541742,0.008203248705122235,-0.0008129333384090387,-0.03122549701758004,-0.0008129277651249822,-0.031225493147246652,-0.006649737389743393,0.0012750479348824229,-0.006649385600049129,0.001274879460360978,-0.04600459558090364,0.03647709760242179,-0.04600459412173308,0.03647709897294504,0.0,0.0,0.0,0.0,0.005801281327094898,0.020116767837599525,0.005801283598415807,0.020116770212631252,-0.00034287571237001657,-0.005564572394156642,-0.0003428734452199933,-0.005564570708578742,0.00033483533903932994,-0.0012896623879399272,0.0003347418166299576,-0.0012896114380183121,0.0,0.0,0.0,0.0,-9.469075407508853e-05,-0.0004915300482650764,-9.468900510256617e-05,-0.0004915287822271353,3.632803192488154e-05,-0.0005622660388979739,3.6332745693812285e-05,-0.0005622626652979079,1.538598304051675e-05,-0.00015729175584056065,1.538468349338018e-05,-0.0001572946500587591,1.457171411800573e-05,-0.00011733052136264632,1.4572056585393511e-05,-0.0001173308662458794,0.0,0.0,0.0,0.0
50000000.0,0.1305093377510076,0.0026333791442070265,0.1305093050823558,0.0026334303883501775,0.4170512768316712,0.042804771102190387,0.4170512766541279,0.04280477763938961,0.26811718173406973,0.017369109999229693,0.26811718165200205,0.017369113714735818,0.0,0.0,0.0,0.0,-0.0017963887350660457,0.006994832553658625,-0.0017963887087546482,0.00699483184337879,-0.0066936847501963825,0.013735171997510065,-0.006693684715671111,0.013735170583387912,-0.015863006071036523,0.03460365969444723,-0.015863006133763236,0.03460365979085367,-0.009878677129940172,0.011762238945458137,-0.009878677142786785,0.011762238372213574,-0.014765073515917493,0.027320108082122374,-0.014765073982538013,0.02732010773607385,-0.012444779049879173,0.025082201365357548,-0.012444779058675692,0.025082198846085646,-0.0171322885587486,0.02938175089999362,-0.017132288574046584,0.029381743161351892,-0.02092442714370435,0.023854929636719646,-0.020924427212342778,0.023854921410496388,-0.01824960794264996,-0.02561677527619821,-0.0182496081149921,-0.025616781827416446,-0.0026418340899994064,0.0061852950573069165,-0.0026420068636880956,0.006185082298863165,-0.02733186015019129,0.05145046070904158,-0.027331860067235425,0.051450458924470865,0.0,0.0,0.0,0.0,0.01612400700744132,0.01307184358365987,0.016124007456539857,0.013071840777897137,-0.0035193351644551285,-0.0042931603567026855,-0.003519335084803288,-0.004293163033040059,-0.0009007968613872208,-0.0009726360100970055,-0.0009007398763571928,-0.0009725510009488403,0.0,0.0,0.0,0.0,-0.0003743333252401726,-0.000327579397399802,-0.0003743332671390931,-0.00032758145307099085,-0.0003110718636420984,-0.0004692860744981431,-0.00031107170569555365,-0.00046929160433251127,-0.00012937960622849687,-9.334111113901145e-05,-0.0001293819992298495,-9.333873006056592e-05,-9.31890597257734e-05,-7.174625814343472e-05,-9.318952023562588e-05,-7.174629529771437e-05,0.0,0.0,0.0,0.0
50300000.0,0.11089631681881684,-0.06807973021789593,0.11089637198936231,-0.06807970390224227,0.41138632524610586,-0.06922309197081944,0.41138633084930376,-0.06922309541070604,0.25469743907272857,-0.08363946826620605,0.2546974422598325,-0.0836394700297376,0.0,0.0,0.0,0.0,0.0024465455438047456,0.006710180733328741,0.0024465449336332767,0.006710181153756878,0.0022656326240237945,0.015009057967382944,0.0022656314137350364,0.015009058835175892,0.006749544581730049,0.03776943947051592,0.006749544958452702,0.0377694402480202,-0.001448131558262844,0.015328993937970381,-0.001448132043471162,0.015328994318998923,0.0035456985023287757,0.03058235432612122,0.003545698212320758,0.030582355017244822,0.003893144919693725,0.02753658309764262,0.003893142784910708,0.02753658492847677,0.0023008774684427635,0.03389530630182236,0.002300870915796338,0.03389531162622461,-0.004132310588524035,0.0314377188970596,-0.004132317633477101,0.031437724270013234,-0.029647287982591308,-0.011111217077548474,-0.029647293607126812,-0.01111121292402828,0.003625605222403294,0.00560528326987253,0.00362552127669602,0.005605429337954604,-0.00443220499357011,0.057617704643227796,-0.004432206530381677,0.05761770583256265,0.0,0.0,0.0,0.0,0.020508074300209955,0.0014914849732790003,0.020508071872583855,0.001491486419588739,-0.005339477844295004,-0.0014133084256471307,-0.005339480138133013,-0.0014133069290309663,-0.0012970448220173125,0.0002333361059712047,-0.0012969692223805396,0.0002332745709310302,0.0,0.0,0.0,0.0,-0.0004932956180780934,-2.837773070041294e-05,-0.0004932973773748017,-2.837660284882304e-05,-0.0005312765291023425,-0.00018536539793245765,-0.0005312812663973432,-0.00018536240227717826,-0.00014695181568669113,6.554110477452468e-05,-0.00014694856321284533,6.55425991809011e-05,-0.0001084364366406021,4.36512970907188e-05,-0.00010843608828992046,4.3651746651107715e-05,0.0,0.0,0.0,0.0
50600000.0,0.056128034779121094,-0.11687987750511297,0.05612805396987852,-0.11687993571244704,0.3762765160452588,-0.17514867086635633,0.3762765100600731,-0.17514867405337498,0.20451876218221088,-0.17231900737708372,0.20451875916609197,-0.17231900924805643,0.0,0.0,0.0,0.0,0.005743301467077799,0.004104091923153419,0.005743302215208246,0.004104092259161973,0.010304028466435966,0.010994649664233691,0.010304029996497377,0.01099465031755642,0.0272794529703404,0.027371591005042717,0.027279454212433052,0.027371590009622082,0.0075346542214802525,0.013461634568336933,0.007534654872401347,0.013461634819378787,0.020245301937876548,0.02279614080494241,0.0202453027758267,0.02279614091102644,0.01863729351314447,0.02035937366041196,0.018637296673773562,0.020359374685277487,0.020887838180627227,0.026723487267567236,0.020887847388401326,0.02672349054818568,0.014023146685453014,0.028406362099318017,0.014023155944428822,0.028406365887839513,-0.030985807927542908,0.007414012374638901,-0.030985800839744115,0.007414015534848772,0.006618073228580101,0.0001261283263573887,0.006618165547237709,0.00012609973502009098,0.01879698251837425,0.054129683987056865,0.018796984676349382,0.05412968480505498,0.0,0.0,0.0,0.0,0.017500743425507892,-0.010390540969680728,0.017500746264396128,-0.010390539656334852,-0.005125898539063201,0.001968802191633756,-0.005125895911973544,0.001968803471335434,-0.0004985951584473014,0.0012098444265120634,-0.0004986596475617944,0.0012097790258778218,0.0,0.0,0.0,0.0,-0.00040388254497969456,0.0002785538799088272,-0.0004038805749360108,0.0002785548627315393,-0.0005349443306243984,0.00017366503913507358,-0.0005349390994737746,0.0001736677046579871,-1.71537306243863e-05,0.00016116800845367152,-1.7153454656693157e-05,0.00016116425027234982,-1.7230903338827375e-05,0.00011476819299360841,-1.7230655139144346e-05,0.0001147674544128563,0.0,0.0,0.0,0.0
50900000.0,-0.016257939065432936,-0.12800763973044837,-0.016257999138616697,-0.1280076511586543,0.31455825521145186,-0.26740375677181305,0.3145582550444601,-0.2674037498674977,0.12478396326237373,-0.23569569033686122,0.12478396300419803,-0.23569568695942422,0.0,0.0,0.0,0.0,0.006970720988164203,0.0001398436439714601,0.006970720972041988,0.00013984275168610338,0.014603823234629942,0.0031864502180596332,0.014603823174347497,0.0031864483983667924,0.03826504280777243,0.006965981136808352,0.03826504105197159,0.006965979809663736,0.013870157734046984,0.006803585947288582,0.01387015768583666,0.006803585178857929,0.029336785829499945,0.006993613383087904,0.029336785695939227,0.006993612528688686,0.02665975705716761,0.006213540877553214,0.026659756647113397,0.006213537148234138,0.032215018860995315,0.010381855319124611,0.03221501793674264,0.01038184442697343,0.027413435011446552,0.015808531419146732,0.027413434613734466,0.015808520461277453,-0.021665570655137856,0.02361876378363803,-0.021665570649481936,0.023618755378151945,0.0037712413631396657,-0.0053638393275079466,0.0037711213932141163,-0.0053638559973236966,0.038497338186047614,0.04176514462351122,0.03849733805402167,0.04176514197300207,0.0,0.0,0.0,0.0,0.008335482089378843,-0.01832281315612505,0.008335481958120283,-0.01832281661491919,-0.002982826011752593,0.004566197545358364,-0.0029828260154403097,0.0045661944682535704,0.0007441139757133897,0.0010632311106419934,0.0007440594100103226,0.0010632967143564542,0.0,0.0,0.0,0.0,-0.00014669734641614696,0.00046434960082564203,-0.0001466973387636017,0.0004643473128780329,-0.0003208954377527107,0.0004616706482636346,-0.00032089537398150014,0.0004616645774788708,0.00013158469338492296,9.623424455185159e-05,0.00013158092153986445,9.623535508751502e-05,8.94191681055645e-05,7.244633356862096e-05,8.941814935781167e-05,7.244647594717435e-05,0.0,0.0,0.0,0.0
51200000.0,-0.08271015826807826,-0.09792820605407115,-0.08271016156339073,-0.09792814553029672,0.23096801078997942,-0.33948874975421006,0.23096801706483916,-0.339488752224959,0.027166282363332073,-0.2643928168165175,0.027166285269835555,-0.26439281792366387,0.0,0.0,0.0,0.0,0.005756675892307328,-0.003771189291271071,0.005756675034902514,-0.0037711889539124854,0.01371548753285623,-0.005604640479631939,0.013715485788921455,-0.005604639768961306,0.035602727080750185,-0.016198960698801557,0.035602726036700005,-0.016198958263203167,0.015293438253593195,-0.0022871545100429103,0.015293437516120889,-0.0022871541893039193,0.027714994256143655,-0.010949590631433637,0.027714993513967556,-0.010949590288838351,0.025280611161093702,-0.009841369132473687,0.025280607607449213,-0.009841367416271396,0.03240796554165115,-0.009450239411748385,0.03240795511324279,-0.009450234662459422,0.031536764124055594,-0.002081948635940023,0.031536753605102774,-0.0020819444267345943,-0.00476622716861641,0.03187737325201567,-0.00476623531039877,0.03187737613153985,-0.0023067740591500296,-0.006066042287422135,-0.002306699175903759,-0.00606585552807104,0.05148920900957421,0.02275446504334866,0.0514892063443142,0.022754466078410474,0.0,0.0,0.0,0.0,-0.003575801417653679,-0.019569280780366682,-0.0035758047424465644,-0.019569279336167256,0.0002521460345263904,0.0054069524714819295,0.00025214316305977036,0.005406953616009957,0.0012847444187116253,-5.2146442165224016e-05,0.0012848089739563306,-5.210302875013895e-05,0.0,0.0,0.0,0.0,0.0001678402052078809,0.0004530645124560806,0.0001678380999123874,0.00045306536496525496,2.3548605874168516e-05,0.00056163553568922,2.354302800000596e-05,0.0005616377619190871,0.00014994566873838266,-6.578499939990934e-05,0.00014994812401170066,-6.578176570570804e-05,0.00010679043980132974,-3.987669444427411e-05,0.00010679108861211262,-3.9875607150463566e-05,0.0,0.0,0.0,0.0
51500000.0,-0.12159908638975025,-0.03683884934115156,-0.12159902696860314,-0.036838854175371694,0.13177800347041568,-0.38643778047533317,0.13177799943764512,-0.3864377851897203,-0.07385839003466543,-0.25415331667189633,-0.07385839188311394,-0.25415331863555934,0.0,0.0,0.0,0.0,0.002588916699210131,-0.006275622067292375,0.0025889172464630406,-0.0062756213594212795,0.008047524300401676,-0.012272287178369368,0.00804752543663767,-0.012272285745027034,0.02009833364764546,-0.033776160463126814,0.020098336520739224,-0.03377615993795047,0.011288927249566427,-0.010577805899252724,0.011288927748125843,-0.010577805290374442,0.016232201280459435,-0.024525854783853163,0.016232201739889263,-0.024525854231534083,0.015163640544557211,-0.02217632842587136,0.015163643105452707,-0.02217632552696358,0.021464868787148816,-0.025915611303560127,0.021464876033078895,-0.02591560272654192,0.025032573656794455,-0.01921917580482102,0.025032580358121947,-0.01921916710222149,0.013969676261986308,0.029237774493040547,0.013969681062178552,0.029237781348548708,-0.0062478477315011105,-0.0014781553446923112,-0.0062476205891854875,-0.0014783312687356442,0.055777356116756494,0.0003698996321048753,0.055777357798866944,0.00036990197968123084,0.0,0.0,0.0,0.0,-0.01392537790965065,-0.01385524758210721,-0.013925375619507463,-0.013855244875522033,0.003339549806185005,0.004201927965091556,0.0033395516596215202,0.004201930223530326,0.0006442943621323138,-0.0010982201360576482,0.0006443268583353756,-0.0010982812137356746,0.0,0.0,0.0,0.0,0.000407133194613607,0.0002527148550584002,0.0004071345661671444,0.00025271647469082836,0.0003582670015660483,0.00043315281207156886,0.00035827060883519835,0.00043315708733615566,1.860030921818634e-05,-0.00016324236367637468,1.8602485972962768e-05,-0.00016324588968075204,1.9760595648676826e-05,-0.00011106975694019638,1.976149393101423e-05,-0.00011107089558493044,0.0,0.0,0.0,0.0
51800000.0,-0.12074292276932397,0.03479313183998656,-0.12074293530068303,0.03479307506804119,0.02432125037525168,-0.4051666081327987,0.024321247310439276,-0.4051666037579622,-0.16320273772281269,-0.20661129905215603,-0.16320273875037117,-0.2066112971513192,0.0,0.0,0.0,0.0,-0.001380910713230321,-0.0065484980891454825,-0.0013809101828528014,-0.0065484987159045716,-0.0003150392840964855,-0.01452153935598588,-0.0003150382149144093,-0.014521540651564635,-0.0027628591275288272,-0.0393609195668887,-0.00276285917313146,-0.039360922593346004,0.0032786916940281685,-0.015117562952095653,0.003278692150196605,-0.015117563519936539,-0.0007164212916279666,-0.02898484823950298,-0.0007164209376497865,-0.02898484870922502,1.209545324343253e-05,-0.026583596155791867,1.2097591948645459e-05,-0.026583599013651593,0.003235763919406054,-0.03336731140473148,0.0032357703366798773,-0.03336731956677497,0.010130838488066729,-0.029832979641515323,0.010130845066370853,-0.029832987264526878,0.028088287451566885,0.01647957088070484,0.028088292788602587,0.016479565307278676,-0.0046828844139668035,0.004290194528405067,-0.0046831645081226725,0.004289953596966711,0.05084566459560591,-0.021641442892985197,0.05084566650984357,-0.021641444899682227,0.0,0.0,0.0,0.0,-0.01908173600187979,-0.0033989274101813294,-0.01908173401999136,-0.0033989299931178607,0.0051187000513976955,0.0014427542523520742,0.005118701634444278,0.001442752192478025,-0.0005687723475631401,-0.0011251524471092011,-0.0005688274636455048,-0.001125175011935653,0.0,0.0,0.0,0.0,0.0004724882102991046,-4.964976914578756e-05,0.00047248930624732566,-4.9651270277450976e-05,0.0005473220140288504,0.00012857158029078164,0.0005473248894105609,0.0001285676315170292,-0.0001320061720804233,-9.86213998928065e-05,-0.00013201029443621337,-9.862213902422923e-05,-8.457845918741214e-05,-7.279550057504025e-05,-8.457993682498e-05,-7.279599038056972e-05,0.0,0.0,0.0,0.0
52100000.0,-0.08148408576668231,0.09349575876713345,-0.08148413851017011,0.09349577814860766,-0.08355770672728369,-0.3946780719885403,-0.0835577028381067,-0.3946780699807668,-0.22754171707070014,-0.1291257252658724,-0.22754171556627512,-0.12912572478828466,0.0,0.0,0.0,0.0,-0.004759327172443761,-0.004563649517749013,-0.004759327783958156,-0.00456364991950764,-0.008385514666116478,-0.011663483323413715,-0.008385515928651444,-0.011663484128671797,-0.02477841896060795,-0.0308586033238889,-0.024778421934023243,-0.030858602811246527,-0.005885967313979279,-0.014295204173453868,-0.0058859678735672105,-0.014295204516628246,-0.01689815315507559,-0.023011429753093893,-0.01689815355867097,-0.02301142996029526,-0.014803058498287669,-0.021720707837960873,-0.014803061258021444,-0.021720709422996975,-0.015943247640521463,-0.029322699388931284,-0.015943255580324944,-0.029322704236104613,-0.008114385590509698,-0.03037889912492986,-0.008114393004802878,-0.030378904165228704,0.03264814840181174,-0.002102613749098481,0.032648142878542785,-0.002102617991006639,0.0009013323482278679,0.006219195854633597,0.0009011029468481979,0.006219577378448804,0.037701164290382394,-0.03968406327457075,0.037701162210190375,-0.039684064828101384,0.0,0.0,0.0,0.0,-0.017372364512851846,0.00795869321751752,-0.01737236699376865,0.007958691748299884,0.004947596103910712,-0.001801966441622227,0.004947594186297977,-0.0018019675683653702,-0.0012418245337997291,-0.00013085508573951188,-0.0012418389842636657,-0.00013080813614152476,0.0,0.0,0.0,0.0,0.00033980229106589377,-0.0003259567855522505,0.00033980092688068453,-0.00032595753935993343,0.0005139787838643883,-0.0002283950257186973,0.0005139752044627244,-0.000228396986791779,-0.00015225695474896384,6.430800892331945e-05,-0.00015225609877944635,6.431212008806142e-05,-0.00010461748466639165,3.5176611255849366e-05,-0.00010461745760181884,3.517818114673332e-05,0.0,0.0,0.0,0.0
52400000.0,-0.017715004108360688,0.12093345696636604,-0.01771497905231456,0.12093350461101693,-0.18408477420251756,-0.35611048743608364,-0.1840847724223309,-0.35611049069640544,-0.25745685402077356,-0.033651099581753385,-0.25745685358337056,-0.033651100643176335,0.0,0.0,0.0,0.0,-0.006403096579603584,-0.0010758039258753627,-0.006403096929538776,-0.001075803354762428,-0.013353254504522738,-0.0048194946090234225,-0.01335325520194175,-0.004819493434688127,-0.03801968524457777,-0.011279004748661947,-0.03801968442622439,-0.011279001890951434,-0.012947776246669207,-0.008414812448378939,-0.012947776540613631,-0.0084148119194154,-0.026569883581295528,-0.009087780407735835,-0.02656988371472835,-0.009087780091086017,-0.024169967555771166,-0.009505179521095641,-0.024169968910108253,-0.00950517696700004,-0.0294772437112627,-0.015296020323759763,-0.029477247916361193,-0.015296012915804624,-0.02354841444870459,-0.020728376679915783,-0.02354841887239445,-0.020728369779046574,0.025957176001966786,-0.020133302506394557,0.02595717218839866,-0.020133297246431425,0.00558981850098661,0.0027303123864577117,0.005590293674053726,0.002730507375297009,0.01866915569593175,-0.05089699450775953,0.01866915435236649,-0.050896992448951295,0.0,0.0,0.0,0.0,-0.009617839235744441,0.016182800881988868,-0.009617840521428889,0.016182803158304893,0.002933610908954165,-0.004305579790784719,0.002933609918031266,-0.004305578090864515,-0.0007765852633383474,0.0009633111760258828,-0.000776548042594527,0.0009633200383376561,0.0,0.0,0.0,0.0,6.81508915860718e-05,-0.0004615188079135635,6.815022347694821e-05,-0.00046151763164559156,0.0002717236658398292,-0.0004928397782677507,0.00027172193146896007,-0.0004928367027261515,-2.1668671600139078e-05,0.00016447897425564406,-2.166520527424609e-05,0.00016447662731167156,-2.302217634309045e-05,0.0001067436419290857,-2.3020775820725703e-05,0.00010674313575975702,0.0,0.0,0.0,0.0
52700000.0,0.04947346826273247,0.10972025661856577,0.04947351014574508,0.10972022725906427,-0.2701265672229809,-0.292626415284051,-0.2701265703242157,-0.29262641738840856,-0.24895108073290828,0.06518966252685487,-0.24895108166136026,0.06518966179049812,0.0,0.0,0.0,0.0,-0.005806131204018072,0.0026687038598396384,-0.005806130637090234,0.0026687042105777437,-0.013569997958605029,0.0035237261629426087,-0.013569996796867656,0.0035237268572316793,-0.037733751018436124,0.012362277172147884,-0.03773374820799802,0.012362276158480512,-0.015411042768512573,0.0004197075007468243,-0.015411042240046413,0.0004197077898027146,-0.02653907626012142,0.007552138875880132,-0.02653907600142702,0.007552138988259571,-0.02501476646526868,0.005653863426203998,-0.025014763959902098,0.005653864771002048,-0.032807178069404586,0.00378068152698674,-0.03280717074162709,0.003780685717774901,-0.031008236320829496,-0.0041907810718591065,-0.031008229482274885,-0.004190776642953864,0.01021747219582636,-0.0313395309705804,0.010217477535505282,-0.0313395271467094,0.0053526532330039345,-0.003050665777848849,0.005352794166327612,-0.003051222778605478,-0.00301967889058119,-0.05360097914281425,-0.003019676801734761,-0.05360097790565277,0.0,0.0,0.0,0.0,0.0012533160725496373,0.018491666599960155,0.001253318310013185,0.018491667925211175,-0.00012704150208975307,-0.005150455631014239,-0.0001270398486425961,-0.005150454561952955,0.0003843799266860515,0.0011648750308204114,0.000384386137760373,0.0011648481741914907,0.0,0.0,0.0,0.0,-0.00022664012828954583,-0.0004026791621534187,-0.00022663899672892285,-0.00040267840639174324,-8.126563991339708e-05,-0.0005573692659481821,-8.126268413377602e-05,-0.0005573672968388621,0.00013146401308006261,0.00010250924760057956,0.00013146052840085076,0.00010250697258840091,7.909427124985768e-05,7.367728440144106e-05,7.909344950718378e-05,7.367624892395952e-05,0.0,0.0,0.0,0.0
53000000.0,0.09909937345430109,0.06500886426605845,0.09909934119558983,0.06500882837440258,-0.3357057837214086,-0.20915189658450473,-0.33570578610328994,-0.2091518929310361,-0.20403996406589187,0.15249302659275443,-0.20403996508430566,0.15249302783843888,0.0,0.0,0.0,0.0,-0.0032500130908346136,0.005380625504116665,-0.003250012747407993,0.00538062487987645,-0.00909361531786601,0.010429827062225172,-0.009093614642623038,0.010429825785283953,-0.024055567635237196,0.03162258353256675,-0.024055568860269716,0.031622580643865916,-0.01242881153389419,0.009067649217566753,-0.012428811257791494,0.009067648638989567,-0.017201243571847158,0.020928285948681236,-0.017201243476904438,0.02092828569592342,-0.01730115026716561,0.018474847092498692,-0.01730114896288626,0.018474844374299693,-0.02495302407801603,0.02132672953331749,-0.024953019995969328,0.021326721530982695,-0.02806154687530693,0.013639084800150414,-0.02806154254012938,0.013639077273644773,-0.00917426592838666,-0.03174910143112797,-0.009174262190740023,-0.031749107410835364,0.0004890903058765161,-0.006082490220503445,0.0004884663100739317,-0.006082561146637744,-0.023777798107531112,-0.04754199676329307,-0.023777797006758306,-0.04754199899264577,0.0,0.0,0.0,0.0,0.011331398154574401,0.014291872706280628,0.011331399483850646,0.014291870236391446,-0.0030682907502281864,-0.004063830701539928,-0.0030682896276346128,-0.00406383257911358,0.0011770763087497471,0.00030638050456133215,0.0011770594160580572,0.0003063740143787186,0.0,0.0,0.0,0.0,-0.00042155334565308067,-0.00017785991544627677,-0.00042155251998110543,-0.00017786122179330732,-0.00040188403272622963,-0.0003955420056271919,-0.00040188187372791617,-0.0003955454309512163,0.00015594301191157456,-6.177151778530288e-05,0.00015594228929671772,-6.17674376286459e-05,0.0001028137757685954,-2.988952697080549e-05,0.00010281317908322762,-2.988861622199579e-05,0.0,0.0,0.0,0.0
53300000.0,0.11677685405349791,0.0018962255281778084,0.1167768239866831,0.0018962594033844482,-0.3764231672304561,-0.1119875998508455,-0.37642316255687547,-0.11198759783933454,-0.13030685862104008,0.21548197858414397,-0.1303068567483905,0.21548197951553405,0.0,0.0,0.0,0.0,0.000324160908725446,0.006172606793146684,0.0003241601901464719,0.006172606526487101,-0.001610118794992843,0.01355512456000696,-0.0016101202609632992,0.01355512404134629,-0.0018970241129707688,0.03969871316756013,-0.0018970271554721307,0.03969871474845377,-0.005089398468122397,0.014479854209337617,-0.005089399126866567,0.014479854002715342,-0.002221821644099009,0.026487269441688,-0.002221821925054712,0.02648726940834223,-0.003926123654082403,0.024662167403480595,-0.003926126739735025,0.024662166421066445,-0.008769978077275198,0.0314169429420339,-0.008769987202590812,0.03141693978198745,-0.015792282979404604,0.026799886562361763,-0.015792291638597078,0.026799883134987823,-0.02547158052578169,-0.02113404777511363,-0.025471587473475665,-0.02113405079874653,-0.004704375861273036,-0.0037910753038197242,-0.004704364707720288,-0.0037904012094926998,-0.04025304033618937,-0.03389738470873738,-0.040253042756319246,-0.03389738551159738,0.0,0.0,0.0,0.0,0.017147401969985765,0.005286641428991601,0.017147399103166094,0.005286640384724706,-0.004801730184674113,-0.0015000977759775935,-0.004801732457416108,-0.0015000986884992074,0.0008879216424801939,-0.000815884879344253,0.0008879123703238179,-0.0008158766263441919,0.0,0.0,0.0,0.0,-0.0004377732054194894,0.0001161220387864148,-0.00043777482824935987,0.00011612134973049137,-0.0005599611253757075,-7.26097530794334e-05,-0.000559965399837381,-7.261155333182501e-05,2.5868625243674614e-05,-0.0001669752868025398,2.5872668423687628e-05,-0.0001669762345315462,2.67725939409047e-05,-0.00010268865005969019,2.6773384604439343e-05,-0.00010268843642080583,0.0,0.0,0.0,0.0
53600000.0,0.098472682372865,-0.05986734842713304,0.09847271682407666,-0.059867323720865784,-0.3897550452172922,-0.008323238839246017,-0.38975504449771137,-0.0083232443947594,-0.03952238647146089,0.2454873328969036,-0.03952238616413695,0.24548733043620885,0.0,0.0,0.0,0.0,0.0036651768456010814,0.004846047254080332,0.0036651767495996523,0.004846048042018936,0.0062125890465836164,0.011941605203912076,0.006212588874795699,0.011941606805443428,0.020895283254631636,0.033822470184414755,0.020895285397102725,0.033822473326477365,0.0039930140817148185,0.014778704251288133,0.003993014022825037,0.014778704968019696,0.012936022936635538,0.022634881195227052,0.012936023029745058,0.02263488148883397,0.01039598407086828,0.02233556679367865,0.01039598380083362,0.02233557014052323,0.010132338806172925,0.030786995551480345,0.010132337694436444,0.030787005492872055,0.001623962778602106,0.030971783201376724,0.0016239613824353683,0.030971792684017174,-0.03295414365504712,-0.003154132914474417,-0.03295414510657224,-0.003154125237305294,-0.005720750586604595,0.0017342398892381539,-0.005720044531479118,0.0017341384747808775,-0.04986787995890296,-0.015049442982824957,-0.04986788024957178,-0.015049440472019171,0.0,0.0,0.0,0.0,0.016860296948998155,-0.005232607538573575,0.0168602965906004,-0.005232604378875294,-0.004719498200906003,0.0015518725618512974,-0.004719498532793409,0.0015518751548633247,-0.00020262441524465657,-0.0011775635105948368,-0.00020262285156746884,-0.001177549691309565,0.0,0.0,0.0,0.0,-0.00027244303061024766,0.00035590433219923057,-0.0002724432923386644,0.0003559062212801223,-0.0004909551034373294,0.00028076958388112416,-0.000490955767922685,0.0002807745744881629,-0.00013208775094852854,-0.00010758835371049713,-0.0001320902371730881,-0.00010759173504126807,-7.38578264289913e-05,-7.494756992443286e-05,-7.385785370672693e-05,-7.494811061548035e-05,0.0,0.0,0.0,0.0
53900000.0,0.05091132425341982,-0.10190298085923288,0.05091134422951171,-0.1019030151536029,-0.37520572019050746,0.09430620600738848,-0.37520572582575085,0.09430620729298056,0.054383893521738,0.23915753132846618,0.054383890895159936,0.23915753207252521,0.0,0.0,0.0,0.0,0.005650977187428907,0.0019290856000289125,0.005650977949599678,0.0019290854568119187,0.011684374845458478,0.006293111757276648,0.01168437638992259,0.006293111441614485,0.03636535900322002,0.01613824994543478,0.03636536204462715,0.0161382470751974,0.011622041898874613,0.009902594568924172,0.011622042593444348,0.00990259442185959,0.023022506938538356,0.011122815382382356,0.023022507176563067,0.011122815114809725,0.020812809933254073,0.012558310801814798,0.020812813148531006,0.012558310072375178,0.02537123369913985,0.019851610688270682,0.025371243321252734,0.01985160892157012,0.01837604513097091,0.02488014586925047,0.018376054302102318,0.02488014440910291,-0.02898844913006826,0.015903419955762388,-0.02898844157888192,0.015903419198146196,-0.0017709921471151802,0.0056379962741957,-0.0017711881834117094,0.005637276920236189,-0.05121952146214426,0.005831298079243652,-0.051219519120778045,0.0058312977104293395,0.0,0.0,0.0,0.0,0.01080531868203849,-0.013603816441698058,0.010805321737677787,-0.013603817065650503,-0.0029034719683309618,0.003953393677807782,-0.0029034693999463457,0.003953393149899398,-0.001088566720149231,-0.00046324164155109315,-0.0010885474506636683,-0.00046323870277475976,0.0,0.0,0.0,0.0,1.970508591853104e-06,0.000443439237930221,1.9724042701341205e-06,0.00044343884797015676,-0.00022217038664251731,0.0005212752574266233,-0.00022216537480801435,0.00052127418629766,-0.0001608807616051422,6.0331170356420216e-05,-0.00016088295657112894,6.033484250522747e-05,-0.00010133327835148975,2.4889276353690093e-05,-0.00010133354588504062,2.4889380142667505e-05,0.0,0.0,0.0,0.0
54200000.0,-0.010957319603029703,-0.11228326877889572,-0.010957353315667717,-0.1122832846875248,-0.33430548025429374,0.18858001760043663,-0.3343054768701492,0.18858002211502622,0.13759898219582567,0.19872465934101768,0.13759898407517568,0.19872466147381118,0.0,0.0,0.0,0.0,0.005662989382308581,-0.0015342077997608783,0.005662988999702634,-0.0015342084007805568,0.013015275010886285,-0.001333843589609529,0.013015274207354821,-0.0013338448038489048,0.03919809276619901,-0.0071635285917182046,0.039198089133812175,-0.007163531239850585,0.015147072625801172,0.0015977120205228346,0.015147072271972206,0.0015977114600431719,0.024798274199653747,-0.0037532434188882746,0.024798273763835255,-0.0037532435021248034,0.023965451354563072,-0.001155828305076767,0.023965449624085977,-0.0011558308288464048,0.03194433546843101,0.0024407230137768465,0.03194433081038284,0.002440715324556919,0.028971412708578725,0.010641402341725836,0.028971408381188724,0.01064139509668749,-0.014995323360494694,0.02936695105675824,-0.014995326356412875,0.02936694484640867,0.0036104873337876597,0.004588232755732946,0.0036097732086020073,0.004588524086408086,-0.04427893239626002,0.02532092143764686,-0.0442789333990703,0.025320919614884474,0.0,0.0,0.0,0.0,0.0012626663939911964,-0.01705951951328899,0.0012626647795883628,-0.017059521897181185,-7.096493995106812e-05,0.004841418077148774,-7.096635205527946e-05,0.004841416034377488,-0.0009689267050916328,0.0006562491520156755,-0.0009689213189574275,0.0006562243066099427,0.0,0.0,0.0,0.0,0.0002695617978218934,0.0003460053642463379,0.0002695607315033044,0.00034600384877947477,0.00013802671624318918,0.0005508404542737821,0.00013802384054883987,0.0005508364497615048,-2.9023336630018548e-05,0.00017079586742241304,-2.9018984314177487e-05,0.0001707965206172446,-3.0164481174210778e-05,9.895128562931177e-05,-3.0164420337541742e-05,9.89513412967824e-05,0.0,0.0,0.0,0.0
54500000.0,-0.06845436638356261,-0.08857249803665468,-0.06845437880195249,-0.08857246507768934,-0.27045738570210176,0.2679238017251535,-0.2704573834291537,0.26792379691513446,0.198533415749786,0.13135128957867437,0.19853341676684266,0.13135128690819187,0.0,0.0,0.0,0.0,0.003772238521648319,-0.00435853207964243,0.003772238206380507,-0.0043585315381804435,0.00988651000904639,-0.008285145485714906,0.009886509376563879,-0.008285144362098151,0.02845814519185552,-0.028047678092740114,0.028458143226707477,-0.02804767382706075,0.013374511705407599,-0.007219002440336908,0.01337451138336121,-0.007219001947852632,0.018018518660142036,-0.01676567465438694,0.018018518824199248,-0.016765674117806384,0.019031367456001647,-0.014118813740559233,0.019031366138982264,-0.01411881135361881,0.02782554738401899,-0.015577048937892357,0.02782554310619645,-0.015577042372477479,0.0300147901518244,-0.007013273216486482,0.030014786310530894,-0.00701326700681193,0.004066855494414767,0.032581894618310514,0.004066851744084943,0.03258189913932341,0.005754869146713304,-0.00037838449032534527,0.005755252955701451,-0.00037769335182957775,-0.030360931375547295,0.04030495854178184,-0.030360932366704674,0.04030495994636141,0.0,0.0,0.0,0.0,-0.008411092423870059,-0.014608471340963547,-0.0084110936144981,-0.014608469078048358,0.002711531509525855,0.003935611273895745,0.0027115304581712962,0.0039356132776546815,2.4740895163688492e-05,0.0011564170745543834,2.4710893207213758e-05,0.0011564109111930065,0.0,0.0,0.0,0.0,0.000420036892919029,0.00010812604033816342,0.0004200361167363553,0.00010812756328704154,0.0004437407780315539,0.0003565486446106547,0.0004437387380136215,0.00035655273891421757,0.00013412688883107649,0.00011166572127763175,0.00013412584982575027,0.00011166127858786012,6.899871207366459e-05,7.57934460011711e-05,6.899865164200492e-05,7.579347216335464e-05,0.0,0.0,0.0,0.0
54800000.0,-0.10445546144471507,-0.03829723933815643,-0.10445542924092877,-0.03829722999325469,-0.1886480070493164,0.32697420195516713,-0.1886480120333971,0.32697420249577647,0.22941911228978995,0.04775207689556282,0.2294191095001068,0.047752077316559394,0.0,0.0,0.0,0.0,0.0006850547190140333,-0.005621195983778193,0.0006850552733581594,-0.0056211960143244255,0.0034980124675243474,-0.012229081636583317,0.0034980136162587883,-0.01222908171128978,0.007813464709954587,-0.03935755311854905,0.007813469347972557,-0.03935755202071789,0.006955850121080687,-0.013484448178004982,0.006955850631300109,-0.013484448146073191,0.0053459733314724645,-0.02356731183966332,0.00534597385072999,-0.02356731229223641,0.007882444432603108,-0.022055416382961823,0.007882446871370519,-0.02205541652738674,0.014524895721926612,-0.028263234635552692,0.014524902461481304,-0.028263234501629597,0.021245052237048867,-0.02232368127451423,0.021245058594246302,-0.02232368156854392,0.021517944656615384,0.024558623297693316,0.021517949428279337,0.024558624016357555,0.002913804627617367,-0.0048983308943064685,0.002914456403438237,-0.004898801175770018,-0.011875721156599184,0.04847616848175562,-0.01187571973789403,0.048476168491397686,0.0,0.0,0.0,0.0,-0.014950814037959503,-0.007275976182569366,-0.014950811735417346,-0.007275976442599585,0.004430864228822884,0.001619446934874702,0.004430866293766655,0.0016194467594132789,0.000972025171229518,0.000600829423810012,0.000972019434996696,0.0006008639073087352,0.0,0.0,0.0,0.0,0.0003941748606948181,-0.00016880792981055492,0.0003941764369344014,-0.000168808075642346,0.0005705317653408315,1.6252965522767227e-05,0.0005705360011347693,1.6252555795404078e-05,0.00016486733156284572,-6.0415562735727235e-05,0.0001648634032846985,-6.0412892764816206e-05,9.940406765451826e-05,-2.0376761092677498e-05,9.940415567655236e-05,-2.0376657630549744e-05,0.0,0.0,0.0,0.0
55100000.0,-0.10823915834426145,0.023204881225630913,-0.10823915184057853,0.023204849717998854,-0.09504718512116739,0.36194260848932913,-0.09504718199558937,0.3619426122606697,0.2271913497426823,-0.03961052181937674,0.22719135148127378,-0.03961051965964657,0.0,0.0,0.0,0.0,-0.002520626730238007,-0.004959014817842444,-0.0025206270787236917,-0.004959015226134511,-0.0038933883397476166,-0.011925986501978514,-0.0038933890653112257,-0.01192598735168815,-0.015734727409565608,-0.03716862477327254,-0.015734727204453236,-0.03716862947980104,-0.0018611528553762469,-0.015041193265886932,-0.0018611530912835406,-0.015041193661666341,-0.00869002826353693,-0.022096366208380402,-0.008690028975713915,-0.02209636658361802,-0.005630332751984213,-0.022475415318133685,-0.005630334241182311,-0.022475417144072196,-0.0034947143518948565,-0.03151441519980125,-0.0034947180263387168,-0.031514420208445415,0.005546757671339719,-0.03035058858710471,0.005546753575991659,-0.03035059318305855,0.03136704241041599,0.008250613266092444,0.031367040312709094,0.008250609654979257,-0.002355474446225969,-0.0051216083769674015,-0.0023560224469676427,-0.0051222063475933055,0.008091576017527302,0.04868706865836714,0.008091575121049743,0.048687067648351956,0.0,0.0,0.0,0.0,-0.01625309773029926,0.0023237560487459064,-0.016253099324664788,0.0023237543781391423,0.004493538667873054,-0.0012237270730039995,0.004493537365036104,-0.001223728615130426,0.001020916949585171,-0.0004818069804812808,0.001020955223637543,-0.00048180249026330557,0.0,0.0,0.0,0.0,0.00020691621007529193,-0.0003698961920122201,0.00020691521798710255,-0.00036989737274950585,0.0004659244322127165,-0.00033258691624382664,0.00046592177078252917,-0.0003325900992336983,3.053285063003841e-05,-0.0001737364447933487,3.053688919152364e-05,-0.00017373358206640432,3.2937725258364026e-05,-9.480532769146066e-05,3.293785426450313e-05,-9.480542205153597e-05,0.0,0.0,0.0,0.0
55400000.0,-0.07870916199112798,0.07713535864938592,-0.07870919283155331,0.07713535491780732,0.003469828957641141,0.3708526102016947,0.0034698304930174118,0.37085260544875354,0.19359893856754695,-0.11842722771645242,0.19359893954982255,-0.1184272302524576,0.0,0.0,0.0,0.0,-0.004770243460946233,-0.0026655058593405556,-0.004770243602266078,-0.0026655052995891992,-0.009766395202120748,-0.007602788501394286,-0.009766395511199732,-0.0076027873461583795,-0.03415819881978166,-0.022071301915886465,-0.03415820334848263,-0.022071301348205452,-0.010016052100937145,-0.011364623364521265,-0.010016052282232124,-0.011364622947986902,-0.01928505326335994,-0.013154675917554925,-0.01928505339934361,-0.013154675036048502,-0.0169888617850944,-0.015417076065112667,-0.01698886250103726,-0.01541707368367895,-0.02029863418599831,-0.024327233991968455,-0.02029863604469284,-0.024327227814147534,-0.012010273793158888,-0.028510974124856148,-0.012010275200914577,-0.02851096753086324,0.030397652326051627,-0.0105972686697271,0.030397650936713205,-0.01059726468984934,-0.005498540744220293,-0.0009566483536929127,-0.005499072823745621,-0.0009560335761662486,0.02629940727789659,0.04110332724900445,0.026299406995924812,0.041103328767391645,0.0,0.0,0.0,0.0,-0.012020936506203839,0.01090398680465654,-0.012020937043971003,0.010903989275767856,0.0029249581256038937,-0.0035484861661032596,0.0029249575409622253,-0.0035484841379727072,0.00015159747519533084,-0.0011053092670394449,0.00015160012334547446,-0.001105350751373635,0.0,0.0,0.0,0.0,-6.0806854577322156e-05,-0.00041440662953817764,-6.080730895519082e-05,-0.00041440509865253716,0.0001710205167810841,-0.0005482356589183723,0.0001710192683930245,-0.0005482315673290827,-0.00013538701367821204,-0.00011397837985782644,-0.00013538565452364537,-0.00011398335053058872,-6.383912540286474e-05,-7.590627681253181e-05,-6.383919249941528e-05,-7.590646968935744e-05,0.0,0.0,0.0,0.0
55700000.0,-0.02498835783964637,0.10681186784522367,-0.024988358765881458,0.10681189794814827,0.09983922298792436,0.3536369872223304,0.09983921792655792,0.35363698823359613,0.13461900262551296,-0.17824543943823556,0.1346190000065377,-0.17824543909117807,0.0,0.0,0.0,0.0,-0.005349824165193695,0.00043388534005828205,-0.005349823545607535,0.0004338851748855177,-0.012184844294530706,-0.0008290143799314365,-0.012184843016669333,-0.0008290146946805521,-0.041030693081687275,0.000974332631862751,-0.04103069193625686,0.0009743368655108497,-0.014683346954996068,-0.0037326620569473334,-0.014683346482307513,-0.0037326621232907087,-0.022965061048012103,-2.678412835166455e-05,-0.02296506012292099,-2.6784262921353275e-05,-0.022483819442179254,-0.00336513601189381,-0.022483816797951306,-0.0033651365762707997,-0.03037784357128004,-0.009077419118838748,-0.03037783669578431,-0.009077420883954801,-0.02577234030952269,-0.017358758518916773,-0.025772333023873273,-0.01735876078483045,0.019180888709115607,-0.025536613341110126,0.01918089326142791,-0.025536614546190606,-0.003869949875117129,0.003949143841047942,-0.0038692808147473556,0.00394960055134419,0.03987811662398144,0.02713876157665851,0.03987811836854149,0.02713876100984436,0.0,0.0,0.0,0.0,-0.0038064423919976775,0.015601375844596532,-0.003806439681468987,0.015601375082773927,0.0003381191189504307,-0.004529473794903538,0.00033812131566435255,-0.004529474305854819,-0.0008336436789591062,-0.0007227058134446906,-0.0008336878989751995,-0.000722706067236345,0.0,0.0,0.0,0.0,-0.0002971379998513157,-0.00028802892732215923,-0.0002971363551225181,-0.00028802930115290337,-0.00019551277935647704,-0.0005420981309924855,-0.0001955083904761068,-0.0005420990887969879,-0.00016698459751296468,5.9854442540085984e-05,-0.00016698992808983348,5.985486144055585e-05,-9.667716620498368e-05,1.5723449386939592e-05,-9.667748238229024e-05,1.5723509505960465e-05,0.0,0.0,0.0,0.0
56000000.0,0.03610094204692871,0.10295450572902354,0.036100971209279464,0.10295450378805526,0.18732454848185398,0.31209133556659907,0.18732455159083372,0.31209133974351033,0.05934534784870493,-0.2117586508239384,0.05934534925741275,-0.21175864875888095,0.0,0.0,0.0,0.0,-0.004128755248729021,0.0032774203527878853,-0.004128755675125717,0.0032774198124627674,-0.010426635125412531,0.006046360602240952,-0.010426635975235854,0.006046359485210928,-0.03369898614420208,0.0241765862230352,-0.03369898218946332,0.024176584674258095,-0.014236842791305548,0.005210924234383185,-0.014236843069014071,0.005210923820733626,-0.01869848798318685,0.012696563123341775,-0.018698488352001164,0.012696562269695733,-0.02039766092212858,0.009602774912849554,-0.020397662582581688,0.009602772585303399,-0.030395131883892645,0.00924184792168603,-0.030395136729140404,0.009241842013196333,-0.0312588400982321,-0.00041017651074781725,-0.031258845507878164,-0.00041018281461191464,0.001727874313786515,-0.031636531827871295,0.0017278708893400108,-0.03163653573952274,0.001051085456282408,0.005376681040182518,0.001051459975542457,0.005375971121544865,0.04678098926867591,0.009189769781052348,0.046780987949361474,0.009189768187233938,0.0,0.0,0.0,0.0,0.005539818468051294,0.014907388869801252,0.0055398165949753775,0.014907386506969544,-0.002306444391813045,-0.0038497738318383767,-0.0023064458239687724,-0.003849775689531043,-0.0010498135601864078,0.0003000365313567954,-0.0010498108162053654,0.00030008301031614337,0.0,0.0,0.0,0.0,-0.00040608814007470073,-4.6919124152111635e-05,-0.00040608920196660847,-4.692049583354674e-05,-0.000485059865916071,-0.00031509434147380944,-0.00048506265274994576,-0.0003150979976211943,-3.2526011004563316e-05,0.0001747303811541201,-3.25237525444777e-05,0.0001747354186605321,-3.567206287868885e-05,8.986691045720363e-05,-3.567193434861338e-05,8.986738381366877e-05,0.0,0.0,0.0,0.0
56300000.0,0.08523514069271698,0.06690713085468047,0.08523513587132925,0.06690710295864477,0.25999294609089674,0.24969221549238085,0.2599929487189385,0.24969221123951257,-0.021434840134404,-0.21555971986276035,-0.021434838958569458,-0.21555972179448446,0.0,0.0,0.0,0.0,-0.0015803409294576909,0.004929140849746716,-0.001580341306414823,0.004929141436463169,-0.005193782177336459,0.01070116002410515,-0.005193782964219906,0.01070116120150999,-0.014319576625418051,0.03943076868372941,-0.01431957850111587,0.039430764913682026,-0.008813224639851569,0.012355915762967129,-0.008813224924843155,0.01235591616823939,-0.008174911867911305,0.020692676851652436,-0.008174912578262195,0.020692677372956325,-0.011536172514233556,0.019164702255693555,-0.011536174175184044,0.019164704586017933,-0.020268258021481245,0.02459403374125202,-0.02026826196982512,0.024594040428169706,-0.02656914064958471,0.0169227305298989,-0.02656914496414231,0.01692273785973697,-0.01599534327665708,-0.027066899913108955,-0.01599534581914952,-0.027066895155662962,0.004978256857022245,0.002157938111096769,0.004977519897593652,0.002157650056432203,0.04608702623613681,-0.009780160531207116,0.046087025034900364,-0.009780158708529996,0.0,0.0,0.0,0.0,0.0128315773208314,0.00914829385529714,0.012831575657735073,0.009148296405598444,-0.0040553320803127235,-0.001797582637671269,-0.0040553333082726795,-0.0017975806770138547,-0.0003191217616418385,0.0010328979236007285,-0.0003190736393250404,0.0010328915280339857,0.0,0.0,0.0,0.0,-0.0003464431911552879,0.0002073374061950517,-0.0003464440741964836,0.00020733885202162128,-0.0005791963305057379,4.2087941579893595e-05,-0.0005791986747638589,4.209174745284372e-05,0.00013465808338963825,0.00011659395844532128,0.0001346621661326708,0.00011659003746444796,5.79635817672397e-05,7.5817904395592e-05,5.79641811313536e-05,7.581760924324499e-05,0.0,0.0,0.0,0.0
56600000.0,0.10692776679888283,0.01041631827450118,0.10692774058006194,0.010416325880498789,0.3131172519767631,0.17129828846352524,0.3131172476050139,0.17129828737113684,-0.09675617693162053,-0.1903261892656687,-0.09675617881904941,-0.19032618960023484,0.0,0.0,0.0,0.0,0.0013988813594210114,0.004885232300260611,0.0013988819924932727,0.004885232503866632,0.0016567388181272236,0.011619771983461646,0.001656740091419806,0.01161977241980594,0.010647732731307258,0.04109361056921301,0.010647729062824851,0.04109361281670232,-0.0002823798778308628,0.01519455696348615,-0.0002823794362996068,0.01519455711353146,0.004828253338402533,0.02136246415747678,0.004828253921530745,0.02136246471221881,0.0010561996985245514,0.022175235166720597,0.0010562022262945447,0.02217523611843575,-0.0032539826207980127,0.031831879008358044,-0.0032539754661797815,0.03183188089097655,-0.013032228563751858,0.02899170568402809,-0.013032220678340423,0.028991707879526984,-0.028108861176086464,-0.013573469069577015,-0.028108856071618504,-0.013573467981601084,0.004550532144676822,-0.002850641891271266,0.004550332477343488,-0.0028498916987871326,0.03811191252851387,-0.02673263684451399,0.03811191456363616,-0.026732636096070905,0.0,0.0,0.0,0.0,0.015616355870939458,0.0003607803186724823,0.015616358616682646,0.00036078124180249915,-0.004302095051777144,0.0008549535856658963,-0.0043020929902937155,0.0008549541712454811,0.0006843180376705504,0.00082329030072259,0.0006843073826630075,0.0008232413833368923,0.0,0.0,0.0,0.0,-0.00014701811220874106,0.000370608847745757,-0.00014701661240934527,0.00037060923888532216,-0.00043795761047960013,0.0003851016370148841,-0.00043795366200072294,0.0003851026670105284,0.0001692173031884181,-5.729797555176219e-05,0.0001692121362921739,-5.730052366459404e-05,9.363679482987664e-05,-1.048429835037723e-05,9.363625989067259e-05,-1.048492470090423e-05,0.0,0.0,0.0,0.0
56900000.0,0.09474308411520838,-0.048242215285725365,0.0947430942650982,-0.048242191175262406,0.3434770223552803,0.08276099429662764,0.34347702225513643,0.08276099810299797,-0.15688638688878598,-0.14048012544926536,-0.15688638672289557,-0.14048012396607135,0.0,0.0,0.0,0.0,0.0038038244843292546,0.0032250425159503493,0.0038038245632705525,0.003225041920003946,0.007765417350938719,0.008587724426270427,0.00776541753384663,0.008587723223932642,0.03247358100422559,0.02811384159090835,0.03247358374614606,0.028113845154067008,0.008379812443003232,0.012702938479023373,0.00837981249885189,0.012702938069352854,0.015777688238429732,0.014683763858471366,0.01577768867217344,0.014683763282349105,0.013115315678589923,0.01770479442392059,0.013115316121897536,0.01770479203602804,0.015034698333316499,0.028410033038404947,0.015034698751037467,0.02841002639170398,0.005115279918932458,0.03170013592637133,0.005115280568908531,0.031700128463683086,-0.030724108048126197,0.004219899627493362,-0.030724107984418936,0.004219894876626995,0.0002287629024451121,-0.005305324056891436,0.00022951280058691736,-0.005305212544932658,0.024316885748056905,-0.03904065971906334,0.024316886133362914,-0.03904066174376197,0.0,0.0,0.0,0.0,0.013003797973517806,-0.008405377701087957,0.013003798362660746,-0.008405380299294052,-0.0029937017167540603,0.0031403600846786617,-0.002993701566666118,0.003140358214011485,0.0010527135621174466,-0.00012284620428459903,0.0010526649379514197,-0.00012283088057785108,0.0,0.0,0.0,0.0,0.00010716537624233524,0.00037879808569840634,0.0001071654435520486,0.00037879675323893025,-0.00011678027711781169,0.0005740508137961342,-0.00011678011053817272,0.0005740473144228986,3.6489996681154935e-05,-0.0001756570161077775,3.648938884737163e-05,-0.00017565122842455594,3.884016877719887e-05,-8.457140631179527e-05,3.883965181472604e-05,-8.457062825328876e-05,0.0,0.0,0.0,0.0
57200000.0,0.0533455815182009,-0.09047676860601683,0.05334560313406911,-0.09047678091447864,0.34954000942697405,-0.009523202003542508,0.3495400125380428,-0.009523202185590662,-0.19447956607665162,-0.07341806061631928,-0.19447956503663733,-0.0734180608588062,0.0,0.0,0.0,0.0,0.004859873422581984,0.0005618599983492345,0.004859872886925132,0.0005618599756971321,0.011082539813820347,0.0027368815963129123,0.011082538730690317,0.0027368815274471103,0.04317866535882331,0.004689008935514494,0.04317866868516518,0.00468900558464469,0.014119684249898512,0.005724732886484674,0.014119683888644374,0.005724732868003457,0.020962487193905588,0.0031693625483342203,0.020962486646652678,0.003169362184891611,0.020590686692486315,0.007347649053528471,0.020590684542220572,0.007347648828819331,0.028429423647828855,0.015317808883587247,0.028429417796715484,0.015317809075860112,0.021981250280354914,0.023889072731378747,0.021981243538199635,0.023889072801246414,-0.023134765521980682,0.020386869164248367,-0.023134769722851445,0.020386869511575867,-0.004189198434680463,-0.003163547085129892,-0.0041891728393892436,-0.003164283639087273,0.00703858623967335,-0.044891218515672904,0.0070385843169518125,-0.04489121868726187,0.0,0.0,0.0,0.0,0.005967791375347531,-0.014136375268485324,0.005967789024509784,-0.014136375419006697,-0.0006354375497537035,0.004245678193655067,-0.0006354391582377161,0.004245678199396252,0.0004664813900774334,-0.0009391403285690103,0.00046650147120175234,-0.0009390932393031903,0.0,0.0,0.0,0.0,0.0003112018333908395,0.00023278945104010518,0.0003112007160552821,0.00023278948469851457,0.0002550874163986805,0.0005304322323098631,0.00025508449049738147,0.0005304323328019223,-0.0001336919824979077,-0.00012113519863277133,-0.00013368633264576602,-0.00012113668057622817,-5.175549294023085e-05,-7.602601769463035e-05,-5.175455196138046e-05,-7.602573514731148e-05,0.0,0.0,0.0,0.0
57500000.0,-0.003395755056445182,-0.10356555951495494,-0.003395769015234862,-0.10356557835741143,0.33151537105921136,-0.09908362595916742,0.33151537108305007,-0.0990836287288488,-0.20536573729403784,0.0015613037002566443,-0.20536573732744046,0.0015613028644594351,0.0,0.0,0.0,0.0,0.004271726533140452,-0.0021829518771241396,0.004271726518773278,-0.002182951374528841,0.010561218819901796,-0.0038709660630971143,0.010561218764820524,-0.003870965044022512,0.03852778340581153,-0.020978812434861993,0.038527779422899755,-0.020978815296643916,0.01488784355188244,-0.003297006755353493,0.014887843529464817,-0.0032970064196859994,0.018768033129973105,-0.009059326369673215,0.01876803280119077,-0.009059325834236631,0.021018783198947233,-0.005323802053126769,0.02101878298908133,-0.005323800027873915,0.03228550237523109,-0.003135877423304123,0.03228550256777396,-0.003135872040097354,0.031880176972670426,0.007856752056532912,0.031880177177569635,0.007856758384214402,-0.007970972958837308,0.029629160200663307,-0.00797097263208002,0.02962916409786942,-0.004927928185814778,0.0016288811439579831,-0.004928639019496472,0.00162893729889646,-0.010909384450620507,-0.043543754025058945,-0.010909384519976584,-0.043543752173548,0.0,0.0,0.0,0.0,-0.002996913999645301,-0.014900400240243528,-0.0029969141200112404,-0.014900398023108608,0.0019023201552670344,0.003799091937089827,0.0019023201203864915,0.0037990934104996654,-0.0005261851031761466,-0.0008932136611363717,-0.0005261408063148565,-0.0008932381986781479,0.0,0.0,0.0,0.0,0.000383602307408637,-3.87120014266884e-06,0.000383602289069529,-3.87018934588923e-06,0.0005264387063448339,0.00026971057941693743,0.0005264386649344033,0.00026971321925373104,-0.0001733220282957859,5.435055702207592e-05,-0.00017332544729242727,5.4345832261049054e-05,-9.080191590982167e-05,4.986091546754778e-06,-9.080193238020229e-05,4.985135255708428e-06,0.0,0.0,0.0,0.0
57800000.0,-0.05736702872774657,-0.0845139172048377,-0.05736704466799836,-0.08451390217719279,0.2912801197242061,-0.1798339017647308,0.29128011675673804,-0.1798339020128239,-0.18891980181490453,0.07448910063883574,-0.1889198027895489,0.07448910045535939,0.0,0.0,0.0,0.0,0.0023016156514543695,-0.004099829431346791,0.002301616167599718,-0.004099829420546541,0.006491705263506731,-0.008973546375216301,0.006491706311933854,-0.008973546326934922,0.01981794161035566,-0.039559479647572005,0.01981793945608956,-0.03955947515034097,0.010387712720934417,-0.011168917382207155,0.010387713070876714,-0.011168917352854635,0.010191267433413032,-0.017752557466991448,0.010191267988247432,-0.01775255717075197,0.014358715716475956,-0.015989433658042174,0.014358717812548605,-0.015989433452354262,0.025139001630996916,-0.020699734466127495,0.0251390071201385,-0.02069973460763208,0.031251884711451794,-0.01123687409345564,0.03125189117041316,-0.01123687439881138,0.00969446867195245,0.028969985100971485,0.00969447268724366,0.028969984814075644,-0.0014500548080178532,0.004925335357278016,-0.001449922943137949,0.004926009015264299,-0.026694762387293736,-0.0354099903381595,-0.02669476052742681,-0.03540999035915604,0.0,0.0,0.0,0.0,-0.010757065062087179,-0.010517776587839478,-0.010757062780847093,-0.01051777648503105,0.0037031159505573896,0.0019936072592940945,0.0037031174924706534,0.0019936073419444256,-0.0010230608466912372,-4.677121777518778e-05,-0.0010230891699762878,-4.6811609564656464e-05,0.0,0.0,0.0,0.0,0.0002986736968679793,-0.00023271111640355002,0.0002986747655882027,-0.00023271103955835315,0.0005854229171262659,-0.00010396691810399261,0.0005854257144193298,-0.00010396671867596297,-4.098435735500061e-05,0.00017840444473193884,-4.0987466753961144e-05,0.00017840934665969144,-4.217714883480994e-05,7.945413226195797e-05,-4.2177962676248626e-05,7.945441998913338e-05,0.0,0.0,0.0,0.0
58100000.0,-0.09220489078877137,-0.04040290374635447,-0.09220487528359911,-0.04040289067095415,0.2321894576443455,-0.24648542086742253,0.23218945760527276,-0.24648541735135865,-0.1479988021227996,0.1359743331417249,-0.14799880226373574,0.13597433448707363,0.0,0.0,0.0,0.0,-0.00034261684141512205,-0.004593093922864,-0.00034261687598302615,-0.0045930944799081885,0.0003646143033648741,-0.010890673283746821,0.0003646142577053979,-0.010890674417346702,-0.006384356050936901,-0.04409404914067494,-0.006384351289625556,-0.04409404786165538,0.002204491885088089,-0.015087032385750376,0.0022044918847612394,-0.015087032774061981,-0.0015823198377873382,-0.020027326864358486,-0.001582319609568117,-0.020027327454450017,0.002985759281379785,-0.02107348261563402,0.002985759301893154,-0.021073484899318373,0.009315429363788041,-0.03131038400661623,0.009315428772040946,-0.03131038995440605,0.019987738433144386,-0.026985643152706018,0.019987737521034887,-0.02698565006345177,0.02400356123524716,0.018700798446857902,0.024003560605059704,0.018700794060301007,0.0031905183060274567,0.003956736049467224,0.0031911445745009814,0.003956536287233803,-0.03791041231434633,-0.021950372793909878,-0.037910412517497605,-0.021950374699379438,0.0,0.0,0.0,0.0,-0.014650656832287723,-0.00260568411432871,-0.01465065692975287,-0.0026056865771408866,0.004133947877804189,-0.0004932730402202878,0.004133947836614027,-0.0004932747784849312,-0.0005913675374245031,0.0008202784859605572,-0.0005914031746030446,0.0008203096433732071,0.0,0.0,0.0,0.0,9.520786982619711e-05,-0.0003613308924315106,9.520786759509292e-05,-0.0003613321266655589,0.00040558255929568077,-0.000439170619181084,0.0004055825514654998,-0.00043917386160785554,0.00013450470601128472,0.00012633716425369812,0.00013451039500722572,0.00012633818177931744,4.5760627962465605e-05,7.633213665059202e-05,4.576107774312277e-05,7.63326906110251e-05,0.0,0.0,0.0,0.0
58400000.0,-0.09819032992689358,0.014481770888764345,-0.09819031952112312,0.014481755444784028,0.15878976227001118,-0.29488777527338783,0.15878976622996532,-0.2948877760765427,-0.08847727182111242,0.17833375777533433,-0.08847727013771589,0.17833375749482627,0.0,0.0,0.0,0.0,-0.0027633295161777482,-0.00356398028902305,-0.0027633300958598284,-0.0035639801470779275,-0.005679175247308876,-0.009082877647564658,-0.005679176427946686,-0.009082877382212473,-0.03059530275271527,-0.03271495548435155,-0.03059530237382546,-0.03271496019597464,-0.006751068977528973,-0.013652961396701357,-0.006751069390844577,-0.013652961313916023,-0.012368380284051739,-0.015334336852056651,-0.012368380891004449,-0.015334336963668704,-0.009160817287465761,-0.01896668796318579,-0.009160819682584531,-0.0189666875387573,-0.009800435901063054,-0.031238189007524397,-0.009800442104442197,-0.03123818723327787,0.001638069402567055,-0.03389818603984196,0.0016380622751128726,-0.03389818379100973,0.030226836078433905,0.0022842135629730365,0.030226831480433702,0.0022842150867390387,0.005021267834770526,-0.00036650514532965417,0.005021009549913913,-0.0003670754156814837,-0.04293522513075487,-0.005411064557428347,-0.042935227013643384,-0.005411064041680902,0.0,0.0,0.0,0.0,-0.013417806981344427,0.0060217559675095345,-0.013417809546901083,0.006021756528099331,0.003067483929733328,-0.002752296154966416,0.0030674820480314224,-0.002752295741053956,0.000357439745641841,0.0009321117894174336,0.00035747262092655774,0.0009321421509511651,0.0,0.0,0.0,0.0,-0.00014123378040409307,-0.000340609184029006,-0.00014123514394270842,-0.000340608905254669,5.7691143773297426e-05,-0.0005983893372203397,5.768755335111564e-05,-0.0005983885922020704,0.00017821529327477492,-5.3150498025900106e-05,0.00017821404077977832,-5.315613761069926e-05,8.804295998743328e-05,2.2156027768005515e-07,8.804321746680444e-05,2.211014376030107e-07,0.0,0.0,0.0,0.0
58700000.0,-0.07465666621182265,0.06340224653065007,-0.07465668115958124,0.06340223847216464,0.076459214430173,-0.32227499150637584,0.07645921232166586,-0.3222749953208748,-0.01844602055926714,0.19648723581214256,-0.018446021550367675,0.1964872341072592,0.0,0.0,0.0,0.0,-0.004179424510340368,-0.001418698752480907,-0.004179424219728389,-0.001418698218607517,-0.009605887247957412,-0.004295136094874863,-0.009605886677583442,-0.004295135005087047,-0.04396864912395415,-0.009429541327889979,-0.04396865350632595,-0.009429540934092984,-0.01328979655040996,-0.007385110733750366,-0.013289796349518213,-0.007385110350135449,-0.018485634000413143,-0.005563063932868317,-0.018485633963706505,-0.0055630633674397245,-0.01796485594616115,-0.01054130110557594,-0.017964854899787497,-0.010541298883644856,-0.025623458388004394,-0.0204468174449417,-0.025623454929672107,-0.020446811785198804,-0.017671902700271858,-0.029364159222367903,-0.01767189862370344,-0.02936415270494308,0.026330416005912127,-0.01477851715906553,0.026330418797670063,-0.014778512950677225,0.0025321039291696934,-0.004297049394160979,0.0025315963339025416,-0.004296743182749196,-0.04115979588943475,0.011551219352256226,-0.04115979498320854,0.01155122103067896,0.0,0.0,0.0,0.0,-0.007612036099629904,0.012371208684889723,-0.007612034897150011,0.012371211062848886,0.0009184418918479764,-0.003974482380449729,0.0009184428533615119,-0.003974480606544262,0.0009630132990352536,0.00021006120244493331,0.0009630381928218412,0.00021002776988865435,0.0,0.0,0.0,0.0,-0.00031436070116797055,-0.0001831691515050693,-0.0003143600027115667,-0.0001831678502597356,-0.0003179074940291571,-0.0005143406817111895,-0.000317905629657389,-0.0005143372532927515,4.3756584389598174e-05,-0.00018207100843170565,4.3751844607697876e-05,-0.00018206764173811507,4.513662248939454e-05,-7.445405145745099e-05,4.513629318836365e-05,-7.445406248507425e-05,0.0,0.0,0.0,0.0
59000000.0,-0.02957035304604716,0.09215492694595184,-0.029570359155862036,0.0921549410992526,-0.008994967167879508,-0.3274041817129856,-0.00899496997902105,-0.327404178310033,0.052830552023579,0.18852756932222547,0.052830550774721985,0.1885275710470964,0.0,0.0,0.0,0.0,-0.0041775123227338895,0.0010917335092770486,-0.0041775119290363705,0.0010917330798818625,-0.010179011307840824,0.001749497659417898,-0.010179010501026653,0.0017494968062479188,-0.04161569426133127,0.017372568023297674,-0.04161569332908499,0.017372571911018042,-0.015095687675191982,0.0014700608931548231,-0.015095687399700353,0.0014700605811341916,-0.01801797945725525,0.005716908309160829,-0.018017979011517582,0.005716908135859455,-0.02054881520187024,0.0012116325107598414,-0.020548813547627276,0.0012116308811442877,-0.03268958666976829,-0.0026344329770253694,-0.03268958266814792,-0.0026344380089611263,-0.03130860007119196,-0.014681873709449178,-0.03130859529967012,-0.014681879487646654,0.013671083244396698,-0.026776153880639697,0.01367108623002622,-0.02677615785879084,-0.0020739011708812427,-0.004482936649644387,-0.0020735583880622244,-0.00448249625554098,-0.03304759278034908,0.02629431812755456,-0.033047591544068666,0.026294316882484736,0.0,0.0,0.0,0.0,0.0006460269195329715,0.014323276393568563,0.0006460287082390437,0.014323274590523738,-0.001516585215213695,-0.00374127310200123,-0.0015165839062731834,-0.0037412745933878,0.0006959505414982914,-0.0006807029298627754,0.0006959176701357705,-0.0006807224608209594,0.0,0.0,0.0,0.0,-0.0003563042637395597,4.367908608315929e-05,-0.000356303300293348,4.3677975995137786e-05,-0.0005677076637837786,-0.00021841446829995448,-0.000567705131587104,-0.00021841743264872093,-0.0001363721681926222,-0.00012984416987649183,-0.00013636715529941057,-0.00012984106113833604,-3.998309774999598e-05,-7.620041020572899e-05,-3.998297619745017e-05,-7.620028919319566e-05,0.0,0.0,0.0,0.0
59300000.0,0.023216744920404153,0.09292207242086192,0.023216758125926162,0.0929220770012762,-0.09175184120065438,-0.31058176787424685,-0.0917518370790944,-0.3105817668247326,0.11608091480142946,0.15590596160245696,0.11608091696337652,0.15590596196649642,0.0,0.0,0.0,0.0,-0.0028271775180712666,0.0031364544049452547,-0.0028271780144208947,0.003136454232731012,-0.007343860583141293,0.006978680190897535,-0.007343861575897392,0.006978679833835599,-0.02437642962286901,0.03805540043713762,-0.02437642624703784,0.03805539922026924,-0.011554509549803527,0.009755278401563316,-0.011554509914773803,0.009755278302314707,-0.01140176919388125,0.014566512117191621,-0.011401769444042031,0.014566511860159892,-0.016215418593958475,0.012266133793119138,-0.016215420515884205,0.012266133048818517,-0.02857837401322172,0.016069580316269594,-0.028578379786118546,0.01606957893523031,-0.034459671370797196,0.00528782938729222,-0.03445967799826377,0.005287827339586215,-0.0034463517894636198,-0.02971713312290092,-0.0034463563354094617,-0.029717134167498216,-0.004816564700071524,-0.0008350657306337439,-0.00481619382407672,-0.0008354334805247277,-0.020028575207504673,0.036598593877307906,-0.02002857659315538,0.03659859328269732,0.0,0.0,0.0,0.0,0.008458883242482784,0.011339135830297664,0.008458881136093055,0.01133913497886141,-0.003354822296550708,-0.0021679031109442803,-0.003354824069077722,-0.002167903643616853,-0.0001836460496704717,-0.0009441725744991913,-0.00018366057719276796,-0.0009441412822042139,0.0,0.0,0.0,0.0,-0.00025402021594089774,0.0002467752705186399,-0.0002540215495869802,0.0002467748871666231,-0.0005876958035955226,0.00017078430089867425,-0.0005876993679692077,0.00017078331039499517,-0.00018145223060628268,5.314418568502788e-05,-0.00018145125725510525,5.3138232232186056e-05,-8.484190438196038e-05,-5.075218957983907e-06,-8.484198855995828e-05,-5.075347502270233e-06,0.0,0.0,0.0,0.0
59600000.0,0.06808548283515847,0.066154250142759,0.06808548627096656,0.06615423790377406,-0.16637463257131202,-0.2735809275201504,-0.1663746335963907,-0.273580931384366,0.16318488547418042,0.10321233630523352,0.16318488476881754,0.10321233423064768,0.0,0.0,0.0,0.0,-0.0006306535306705996,0.004079913046467709,-0.000630653449839258,0.004079913499623444,-0.002189356852213109,0.009687038922955082,-0.002189356694856315,0.009687039827340982,0.0015747261732883544,0.045250158471233703,0.001574724856517662,0.04525015550606071,-0.003958629755324239,0.01454080310240613,-0.0039586296517342134,0.014540803429909488,-0.001170318345906196,0.018052568887092946,-0.0011703183863929212,0.018052569122957607,-0.006607029951041454,0.018957177772321643,-0.006607029652464291,0.01895717952131548,-0.014734917402520864,0.02926066558189433,-0.014734915801760451,0.029260670760073992,-0.02586710950482285,0.023760260863568305,-0.02586710845606177,0.023760266984055534,-0.01923145292534656,-0.022692674174685123,-0.01923145175450003,-0.022692670052315123,-0.003389541341896063,0.0034468384729819945,-0.0033899226899478663,0.0034465373305963,-0.004247624592103705,0.04099596173587372,-0.0042476244756812775,0.040995962963293664,0.0,0.0,0.0,0.0,0.013179407600887316,0.004586320956143197,0.013179407821759526,0.004586322892215833,-0.003948345577320822,0.00014986800802319067,-0.003948345209721538,0.00014986964835372873,-0.0008791237804430807,-0.00036176974696644493,-0.000879094944814085,-0.0003617596508576071,0.0,0.0,0.0,0.0,-5.274530833077051e-05,0.00034537917857591083,-5.274501262420017e-05,0.00034538042175569217,-0.0003666617064297384,0.0004948196757723622,-0.0003666608917001213,0.0004948230003662957,-4.519752916110065e-05,0.00018413937458916507,-4.520358621817877e-05,0.00018414074637007616,-4.7603018323627566e-05,6.907798548638766e-05,-4.760306602236142e-05,6.907820959156652e-05,0.0,0.0,0.0,0.0
59900000.0,0.09203592304320551,0.02019348462714987,0.09203591168732572,0.020193482024879472,-0.2281639819966017,-0.2194612802700604,-0.22816398457959508,-0.219461277472476,0.18818958159552324,0.03757245496102968,0.18818958016565546,0.037572456580910796,0.0,0.0,0.0,0.0,0.0016653885469679608,0.0036758657109317028,0.0016653888397186734,0.003675865414919599,0.0034750901153088876,0.00908923978906273,0.0034750906965328454,0.009089239193549759,0.027027522361287026,0.03643616897344515,0.027027519651568355,0.03643617032768276,0.004974798169314454,0.014164951999731556,0.004974798364663968,0.01416495172529153,0.009009931250474779,0.015211709617325653,0.009009931376311897,0.01521170947037831,0.00493226837809857,0.019194084796808397,0.004932269469414052,0.019194083608979895,0.004076558266930874,0.032472641910104016,0.004076561465744533,0.03247263778258258,-0.008315746070842067,0.03437529110473747,-0.008315741863185622,0.03437528740747098,-0.028396120991189377,-0.00817759271410523,-0.028396118321467156,-0.008177595769396362,0.0008913526791047843,0.004693715565629475,0.00089111960171806,0.004694099764861903,0.011788658732434953,0.038972303900010274,0.01178865949543706,0.03897230317896572,0.0,0.0,0.0,0.0,0.013304085734773707,-0.003527979376784174,0.013304087005643339,-0.003527980513652551,-0.003112686107016316,0.0023622208794691346,-0.003112685029975637,0.0023622197430697156,-0.0007767129498077452,0.000528824389668614,-0.0007767065306865106,0.0005287987092188473,0.0,0.0,0.0,0.0,0.0001640689205615331,0.000303113976301006,0.00016406974156524257,0.00030311310148789516,7.905298836874408e-06,0.0006197803586758255,7.907503174919839e-06,0.0006197780042214163,0.00013672345269810648,0.00013189031035665266,0.0001367270605783233,0.0001318956189422238,3.396094824381635e-05,7.54705662870947e-05,3.39612192021832e-05,7.547051259138016e-05,0.0,0.0,0.0,0.0
60200000.0,0.08828469393015581,-0.031180738509810624,0.08828469194451571,-0.031180727894870586,-0.2734437407712491,-0.15230852084749813,-0.2734437370359686,-0.15230852023761088,0.18805905675421997,-0.03227244195073098,0.18805905883925078,-0.03227244153840303,0.0,0.0,0.0,0.0,0.003324696285666562,0.002122579628917265,0.003324695870986716,0.0021225795765218436,0.0077600921159373115,0.005532732429905707,0.007760091278456116,0.00553273233460061,0.04301818338220187,0.014735896835681217,0.04301818482633735,0.014735899413757636,0.012084287446697317,0.008806472176338787,0.01208428708112308,0.008806472178811475,0.015647188352843955,0.007296723892345369,0.01564718809507326,0.007296723943333916,0.0145330865890827,0.01309308268641729,0.014533084909992056,0.013093082583665705,0.02144853728907492,0.024672611494587215,0.021448531791357084,0.02467261121390152,0.01230008383701886,0.03340729064893111,0.01230007864581495,0.033407289314247635,-0.02796274049204328,0.008850518001544572,-0.027962744580179333,0.008850517485150533,0.004310935720944542,0.0019221235564188532,0.004311312913102938,0.0019222918473715822,0.025609206110871696,0.031016485682954453,0.025609205040986183,0.031016485594470566,0.0,0.0,0.0,0.0,0.008935064205779497,-0.010221720365485965,0.008935062557547724,-0.010221720633481368,-0.001181794057877994,0.003678249669867739,-0.0011817956099164917,0.0036782494487610506,1.3881112195690548e-05,0.0009285221506161179,1.3859068083377224e-05,0.0009285185156215903,0.0,0.0,0.0,0.0,0.00030938664250612646,0.0001410234109613384,0.0003093854577045363,0.0001410232346046314,0.00038420667384286844,0.0004915587629099605,0.0003842034965302332,0.0004915582738789226,0.00018311256709324653,-5.172740220871219e-05,0.00018311637320778118,-5.1732842287322e-05,8.100059047677632e-05,1.0000238624741087e-05,8.100047539727484e-05,9.999993402232121e-06,0.0,0.0,0.0,0.0
60500000.0,0.058185787708652015,-0.07268318594243794,0.05818579773701771,-0.07268318445541411,-0.2997629325469191,-0.0769166140804245,-0.29976293402309295,-0.07691661769001712,0.1630591614375021,-0.09709702133614684,0.1630591607778058,-0.09709702331161907,0.0,0.0,0.0,0.0,0.0038555304677601043,-2.8404937246762074e-05,0.003855530672424834,-2.8404525430403282e-05,0.009325445181382008,0.0003210908005115698,0.009325445605483651,0.0003210916313634016,0.04392910589449173,-0.012247669292854368,0.04392910837424324,-0.012247670942329592,0.014884540326356444,0.00039754925807500285,0.014884540540215596,0.00039754961439086856,0.01661826913449005,-0.0027452248829717973,0.01661826938072153,-0.002745224611338415,0.019096105919338413,0.00285254486626485,0.019096106870101437,0.00285254652816036,0.03152042167875635,0.008556376265687504,0.03152042448329695,0.008556381666515733,0.02898751573124514,0.021057829538221995,0.0289875174570966,0.021057834753278826,-0.01824485392027242,0.022654038401611842,-0.018244852151845237,0.02265404243902225,0.003991550948946099,-0.002410655935349837,0.003991659081577836,-0.0024110173158078396,0.03515737041680467,0.018513443196752633,0.035157371051717234,0.018513444291606618,0.0,0.0,0.0,0.0,0.001681489585543261,-0.013287351468754593,0.0016814903880089105,-0.01328734982492108,0.0011260704468867289,0.003649182970377751,0.00112607113133123,0.0036491844889425806,0.0007732564520566143,0.000493635134141357,0.0007732546302250398,0.0004936533217758665,0.0,0.0,0.0,0.0,0.00032743356344155927,-7.27387056613793e-05,0.0003274340692343003,-7.27375545110931e-05,0.0006074994994946792,0.000159343067096529,0.0006075008255308489,0.00015934615130674956,4.792382780038906e-05,-0.000184532540394855,4.791719742058831e-05,-0.0001845342812956119,4.99609999593531e-05,-6.309574789042927e-05,4.996080256347568e-05,-6.309564066242501e-05,0.0,0.0,0.0,0.0
60800000.0,0.010905602520026036,-0.09196268991441059,0.01090560354186465,-0.09196269948676417,-0.3060043431806321,0.0015623150307391143,-0.30600434575484314,0.001562318116747008,0.11671936557925022,-0.14839563875510464,0.11671936419725881,-0.14839563729429273,0.0,0.0,0.0,0.0,0.0031504594999205437,-0.0020695503682546246,0.0031504598029172826,-0.002069550777903828,0.00778992982572646,-0.004767659598087448,0.0077899304350026455,-0.004767660437700272,0.029391300290171785,-0.03508334754403819,0.029391298331184146,-0.03508334985197337,0.012431529315598766,-0.008077259834706751,0.012431529576375056,-0.008077260214889748,0.011848445647878236,-0.01135713627320456,0.01184844584945921,-0.011357136676465984,0.01727731178932146,-0.008047056522507035,0.017277312993059013,-0.008047058314033961,0.030934616313423646,-0.010408138978164061,0.0309346203456613,-0.010408144240308559,0.03603315668190277,0.0014002826170624871,0.03603316063900053,0.0014002784379485433,-0.002666060852668295,0.028703144242193446,-0.0026660578098756105,0.028703140644253722,0.0003020472864179169,-0.004597627581830466,0.0003017093499551038,-0.004597681304289836,0.03909365612091875,0.003502718892512746,0.03909365695274403,0.0035027176595860965,0.0,0.0,0.0,0.0,-0.005936071235680629,-0.011807098256817028,-0.005936070044320729,-0.011807099915081665,0.0029771908245947998,0.0023198304345513066,0.002977191921559097,0.002319829039649335,0.0008274904351281975,-0.0003684977851392546,0.0008275048256578543,-0.000368496817571895,0.0,0.0,0.0,0.0,0.00021485205931526252,-0.00025165241986968567,0.00021485288214506681,-0.00025165345473254774,0.0005837248569378062,-0.0002430339688856975,0.0005837270629598379,-0.0002430367041412751,-0.0001353175767988546,-0.00013508390534155978,-0.00013531694664692395,-0.00013507688233715953,-2.7437049787693013e-05,-7.44838720692087e-05,-2.7437008107256133e-05,-7.448368803153471e-05,0.0,0.0,0.0,0.0
61100000.0,-0.03920435301384373,-0.08333278971765168,-0.039204362213929755,-0.08333279025096374,-0.292397225670328,0.07797409028597713,-0.292397221818014,0.07797409137069167,0.0553653494854629,-0.17950292782987987,0.05536535128085518,-0.17950292726873585,0.0,0.0,0.0,0.0,0.0014947756582373017,-0.003369569121403515,0.001494775136954729,-0.0033695692582966785,0.003801400582858605,-0.008088805702954005,0.003801399517570303,-0.008088805974530544,0.004401801212097212,-0.045750997434119256,0.00440179921515238,-0.04575099513254344,0.0056359761947177844,-0.013640335619598432,0.005635975725759579,-0.013640335737889586,0.0032593872635047205,-0.015632263320974005,0.0032593867747223726,-0.015632263405585434,0.009860517687251047,-0.01602548996201847,0.009860515442426276,-0.01602549047121471,0.019926478697520622,-0.025835354908132047,0.019926472107314908,-0.02583535689054628,0.03093994049089588,-0.0189821457903534,0.030939934974654193,-0.018982147795107096,0.013481918397978632,0.02516928313822575,0.013481913798614187,0.025169281598067528,-0.003554754834617313,-0.002846258389062939,-0.0035547608283508225,-0.0028459502426869676,0.03697784634343293,-0.011655878949255793,0.0369778447490674,-0.011655879351096132,0.0,0.0,0.0,0.0,-0.011357991232671338,-0.006411320287014632,-0.011357993354707219,-0.006411320785318253,0.0037242941459325607,0.00019782274950586043,0.003724292390550943,0.00019782227663256435,0.000147353857023802,-0.0008817496376849476,0.00014735481519068117,-0.0008817605474078505,0.0,0.0,0.0,0.0,2.020674040892345e-05,-0.00032583030046851036,2.0205445864007743e-05,-0.000325830645444114,0.0003191160407070015,-0.0005508815997856686,0.00031911261670103386,-0.0005508825308808696,-0.0001857763288910519,4.848393007961249e-05,-0.00018576977368667258,4.848091918319142e-05,-7.681545503857024e-05,-1.5275851779961158e-05,-7.681521913127654e-05,-1.5275814043036462e-05,0.0,0.0,0.0,0.0
61400000.0,-0.0769197328980269,-0.049607797072319215,-0.07691973289557552,-0.04960778822071177,-0.26043905377612475,0.14749937158196502,-0.260439054081651,0.14749936782269657,-0.012726043077293525,-0.18647852648840058,-0.012726043253962871,-0.18647852815102084,0.0,0.0,0.0,0.0,-0.0005484858878759269,-0.0035646322975892986,-0.0005484858609818843,-0.003564631762422721,-0.001233077493161261,-0.00865747798016514,-0.001233077431962215,-0.008657476888096483,-0.022368286976949037,-0.040407135757149604,-0.022368284391149018,-0.040407134212912865,-0.0030753246462040806,-0.014365243595470645,-0.003075324624809639,-0.014365243119492277,-0.005980741455658745,-0.014308120039395078,-0.005980741422469293,-0.014308119540736186,-0.0005739915125246853,-0.018569562211979473,-0.0005739913404951835,-0.018569559922568146,0.0022167264470738246,-0.03255209646184909,0.0022167264684895827,-0.03255208972458945,0.015286579614077311,-0.03319661052879752,0.015286579533693612,-0.03319660484874021,0.02486709185986058,0.013448414656991758,0.02486709179643043,0.013448419390748256,-0.004319218912762324,0.0012681521000033058,-0.004318945479539593,0.001268117772184496,0.029306291680249785,-0.02465451401513974,0.02930629172502819,-0.024654512316082844,0.0,0.0,0.0,0.0,-0.012837328903636092,0.000984464963259768,-0.012837328722241637,0.0009844671365470958,0.003131723121711616,-0.0019418657484209234,0.003131723242887574,-0.0019418639917958558,-0.0006445607531873065,-0.0006020124979642105,-0.0006445686932821104,-0.0006020140961311427,0.0,0.0,0.0,0.0,-0.00017706248042514972,-0.0002690844875417042,-0.00017706237581194273,-0.0002690832089342621,-8.079618907430586e-05,-0.0006359401434608003,-8.079592103626965e-05,-0.0006359367676651573,-5.2540509955179004e-05,0.0001857834930447666,-5.25456118438683e-05,0.00018577822847731795,-5.250676971257917e-05,5.675852635533829e-05,-5.250669383372042e-05,5.675818081130046e-05,0.0,0.0,0.0,0.0
61700000.0,-0.0908772534065676,-0.001311486511532678,-0.09087724493550553,-0.0013114870925079458,-0.21273738219820615,0.2059494157982158,-0.2127373853112431,0.20594941698137603,-0.07844203486594381,-0.16862868337769754,-0.07844203610832068,-0.16862868277138432,0.0,0.0,0.0,0.0,-0.0023307888952572853,-0.002652330840348327,-0.002330788413686946,-0.002652330981170792,-0.005646361444817671,-0.006427942024011202,-0.0056463604621654895,-0.006427942316967972,-0.041533219595585535,-0.020759010857794635,-0.04153321858822068,-0.02075901359764032,-0.010625475891686165,-0.010042872453460916,-0.010625475464209444,-0.010042872572299189,-0.012627120491551125,-0.008147171524917951,-0.012627120034395034,-0.008147171638434259,-0.010548717011815256,-0.01501056640800158,-0.010548714955490368,-0.015010567054154933,-0.016241514935373402,-0.028311435198048684,-0.016241508861860154,-0.028311436615325647,-0.005766813291216977,-0.036352334261778196,-0.005766808259551226,-0.03635233551717221,0.02788152482275308,-0.0024141438745743926,0.027881529091153823,-0.002414144847740829,-0.0014205618905833717,0.004217096934226561,-0.0014206286688320802,0.004216861581944897,0.01740357995323194,-0.03358830082140685,0.017403581569119808,-0.03358830120882317,0.0,0.0,0.0,0.0,-0.009992978180029866,0.007857783508342209,-0.009992976236993911,0.007857782858387452,0.0014460175586421542,-0.0033410756094838234,0.001446019075800109,-0.003341076121536446,-0.0008466639719060254,0.0002004439742151476,-0.0008466666203617024,0.00020044953787845543,0.0,0.0,0.0,0.0,-0.0002990695407874,-0.0001077224179155678,-0.0002990684587516057,-0.0001077228109807038,-0.0004530606364596679,-0.00045984313186409054,-0.000453057789918887,-0.00045984416865962885,0.0001346233612053993,0.0001402325058847964,0.00013462007022724265,0.00014023913262661836,2.0617658492483315e-05,7.354781381252451e-05,2.061718738843865e-05,7.354777464030349e-05,0.0,0.0,0.0,0.0
62000000.0,-0.07716113766100108,0.04663021929940214,-0.07716113883465425,0.04663021128504141,-0.15278771951231818,0.2500029781648223,-0.1527877180807664,0.25000298053688397,-0.13306789278555442,-0.12858483917069208,-0.1330678921137789,-0.12858483837090517,0.0,0.0,0.0,0.0,-0.0033216811459269024,-0.0009677290931975335,-0.0033216813366649944,-0.0009677295019585586,-0.008062169950058262,-0.0022518404705067496,-0.008062170343379194,-0.002251841304975244,-0.04625061182518664,0.006447356680411076,-0.04625061457859658,0.0064473562099749415,-0.014374368225716694,-0.0022396020128567784,-0.014374368387613856,-0.0022396023763633366,-0.014518313245680758,0.0004227099534475087,-0.014518313391548077,0.0004227095513158474,-0.016845121504729832,-0.0066774392184001385,-0.016845122353110753,-0.006677440963102299,-0.02924861185388039,-0.014536018926207817,-0.029248613874941043,-0.014536024105929357,-0.025169936020404293,-0.02722636014270563,-0.02516993783572019,-0.027226364285795057,0.021759338616305968,-0.017145377524570904,0.02175933718192624,-0.017145381154492156,0.002608499835034195,0.003541357819379698,0.002608304282958329,0.00354144905673337,0.0031907841169740436,-0.03723110035939925,0.003190783538748576,-0.03723110181614686,0.0,0.0,0.0,0.0,-0.0038926597470734237,0.011935673867512264,-0.0038926605928111258,0.01193567223305081,-0.0007074120972703213,-0.003526493729431479,-0.0007074127466495383,-0.0035264949532276546,-0.00029923730003389437,0.0008047141368265898,-0.00029923355457128764,0.0008047180214703076,0.0,0.0,0.0,0.0,-0.0003000764373837228,9.1665453112455e-05,-0.0003000769191174868,9.166460395704235e-05,-0.0006436380429377664,-9.140262787354914e-05,-0.0006436393159958698,-9.140485228442685e-05,0.00019046509843434478,-4.580323829372901e-05,0.0001904724638990274,-4.5802369328384884e-05,7.259920487712179e-05,2.0739889741605566e-05,7.259927475899985e-05,2.0740447737921386e-05,0.0,0.0,0.0,0.0
62300000.0,-0.04046408043319616,0.07965621021145353,-0.04046408789261591,0.07965621195487671,-0.08470710586131958,0.2773721299211829,-0.08470710393574876,0.2773721286755233,-0.16946546701909426,-0.07192239712168202,-0.1694654664637767,-0.07192239761554475,0.0,0.0,0.0,0.0,-0.0032606692971413054,0.0009407883227154912,-0.003260669654800097,0.0009407885165089169,-0.007816211277123841,0.0024487391921965695,-0.007816212007746515,0.0024487395883880936,-0.03466470470986138,0.03170580766160924,-0.034664704708831096,0.03170581033304387,-0.013043610842522924,0.006269590658547486,-0.013043611160242108,0.006269590822718385,-0.01129998794046827,0.008260621168695081,-0.011299988303889563,0.008260621310022032,-0.01753446632123712,0.003600799415551137,-0.017534467849088742,0.003600800267754778,-0.032427966815397724,0.004154917044111528,-0.032427971373046205,0.004154919091327258,-0.03632747388046198,-0.008726695385071537,-0.03632747739160891,-0.008726693576555533,0.008720277393031495,-0.02600121419339274,0.008720274207099976,-0.026001212717893907,0.004345241447730075,-0.00010064497671180561,0.0043453494343808075,-0.00010048932087158846,-0.011128630041127963,-0.035196101153694315,-0.01112863136522435,-0.035196100502965066,0.0,0.0,0.0,0.0,0.003346830999554129,0.011940905673348823,0.003346829575320953,0.011940906515299332,-0.002557853283356337,-0.0024669603327893697,-0.002557854319860553,-0.002466959724600315,0.0004959573171916531,0.0006874584852951671,0.0004959624709570676,0.0006874561165872706,0.0,0.0,0.0,0.0,-0.00018327057231459776,0.0002497646982817514,-0.00018327127786221808,0.0002497651317057148,-0.0005711318571357538,0.0003201126286995759,-0.0005711336991041094,0.0003201137693267242,5.675038292451973e-05,-0.00018913504180062546,5.6748684848173525e-05,-0.00018914222789589985,5.512092391057877e-05,-5.0378344418788856e-05,5.512148504749348e-05,-5.0378557958197234e-05,0.0,0.0,0.0,0.0
62600000.0,0.007590623074868574,0.08814473872178752,0.007590625322656308,0.0881447455266624,-0.012944662941691831,0.28689104407776966,-0.012944663943855517,0.28689104215743555,-0.18302621866666158,-0.006372047695542449,-0.18302621896091154,-0.006372048285697929,0.0,0.0,0.0,0.0,-0.002216453368411919,0.002489459555839346,-0.0022164531816528665,0.002489459902101032,-0.005121569635257117,0.006167590168445258,-0.005121569252381164,0.006167590874341045,-0.010650841960746504,0.046052671253406174,-0.010650839389462874,0.046052670861620015,-0.007153895233749097,0.012489730377879482,-0.007153895074218042,0.01248973068210546,-0.004453760617586511,0.012686158720796925,-0.004453760483961844,0.01268615907677173,-0.012554815214599557,0.012458512405771671,-0.0125548143974612,0.01245851388043917,-0.024694185130677226,0.021485954012490538,-0.02469418317753025,0.021485958422985618,-0.03533064592478752,0.013023187277447335,-0.03533064424267707,0.013023190612081237,-0.006853854631238221,-0.02627550830504788,-0.00685385319893328,-0.026275505219999218,0.0023870501077070116,-0.0035695090601493007,0.002387167233401044,-0.0035696267690354944,-0.023412745641870458,-0.027961227732596683,-0.02341274495071133,-0.027961226472129397,0.0,0.0,0.0,0.0,0.009294311631464325,0.007983777786591872,0.009294312431876506,0.007983779168647231,-0.0034651479207497005,-0.0005690333536989556,-0.0034651473829541146,-0.0005690323366778216,0.0008371753402798277,-2.8490542753445425e-05,0.0008371740477599587,-2.8496949767031765e-05,0.0,0.0,0.0,0.0,2.2440247846589045e-06,0.0003059652472146013,2.2443896270374353e-06,0.0003059659465520781,-0.0002615503694798349,0.000605331634403683,-0.0002615494137998553,0.0006053334597950766,-0.0001361061077389536,-0.0001451416066231559,-0.00013611218223985588,-0.00014513753699674226,-1.3809066338410503e-05,-7.258387190489657e-05,-1.3809399845854387e-05,-7.258434462897867e-05,0.0,0.0,0.0,0.0
62900000.0,0.05230926169899419,0.07022678965033435,0.0523092677656507,0.0702267870016513,0.05800975974334932,0.27852766987534494,0.058009757536538586,0.27852767093330044,-0.17226117045623113,0.059260751203353834,-0.1722611712682749,0.059260751485744834,0.0,0.0,0.0,0.0,-0.0005446488879670142,0.0032332885532753153,-0.0005446485286952907,0.0032332883468768614,-0.0009450304656297703,0.007792761982408081,-0.0009450297342326053,0.007792761560430961,0.01745471124453246,0.044249644983921144,0.017454710495862003,0.044249642465871375,0.0011769915077763926,0.014263190570012796,0.0011769918188377915,0.014263190393315028,0.003354875342196806,0.012422820548628977,0.003354875710478211,0.012422820400665557,-0.00366515981072979,0.01709337157999613,-0.003665158285770076,0.0170933706868297,-0.008624278138114505,0.03162638837963527,-0.008624273570404739,0.031626386206610846,-0.022323149605945503,0.03070116449811877,-0.02232314616357911,0.030701162637832624,-0.019898376653713967,-0.018094543291667264,-0.01989837345219314,-0.018094544913751065,-0.0015247163029741273,-0.003958379072408036,-0.001524837710690008,-0.0039584601896507365,-0.03190022073459886,-0.016761855207008125,-0.03190021949684052,-0.016761855986551666,0.0,0.0,0.0,0.0,0.012018409327851032,0.0014809543298994754,0.012018410774857102,0.0014809534567845617,-0.0031389865224866753,0.001480752344335201,-0.0031389854164487474,0.0014807517621733268,0.0004385550162382401,-0.0007029468136465766,0.0004385473217993763,-0.0007029464025549714,0.0,0.0,0.0,0.0,0.00018218684885340508,0.0002412700712781657,0.0001821876315872828,0.00024126968132520688,0.00016070809971324707,0.0006444475788782711,0.0001607101473837247,0.0006444465595407678,-0.00019509488035396316,4.5367574877275274e-05,-0.00019508897374009848,4.537172256391386e-05,-6.831167433318797e-05,-2.6095412472670887e-05,-6.831200044388197e-05,-2.6095032978901145e-05,0.0,0.0,0.0,0.0
63200000.0,0.08054971621395879,0.03199719750854513,0.08054971329666216,0.031997192235515115,0.12389930671677973,0.2533238302817935,0.12389930828008744,0.2533238327147771,-0.1389464679219401,0.11630765222106021,-0.13894646737415428,0.11630765323496206,0.0,0.0,0.0,0.0,0.001234137358132159,0.00298625070924885,0.0012341370918562689,0.002986250348506303,0.0033433908800830636,0.006926317074899657,0.0033433903347201976,0.006926316339345817,0.03973563563440763,0.026705071208901643,0.03973563310949402,0.026705072359682447,0.008998189478106156,0.011019971426890152,0.008998189249965094,0.011019971116724037,0.00932988981634253,0.007962663107306867,0.009329889620040888,0.007962662736140658,0.006182749164388213,0.016142195601418052,0.006182748021423379,0.016142194068152094,0.01039990309068628,0.031147945444260472,0.010399900204284052,0.031147940838124555,-0.001519576745963036,0.03824549018622747,-0.0015195792604529856,0.03824548677210515,-0.026302356872072608,-0.004280316878045198,-0.026302359047207347,-0.004280320100377821,-0.00406296221257918,-0.00102577558131145,-0.004063010604724582,-0.0010256553176759553,-0.03545645161545252,-0.003374273952601925,-0.03545645256315311,-0.003374275128919635,0.0,0.0,0.0,0.0,0.010707862424538916,-0.00535464925528828,0.010707861301099797,-0.005354650722182441,-0.001727356661461954,0.0029649472662427456,-0.001727357460744372,0.002964946101521093,-0.0003348952198365396,-0.0007487643820880407,-0.0003348955159836464,-0.0007487552733778102,0.0,0.0,0.0,0.0,0.00028677747797445363,8.418545109378783e-05,0.000286776924752985,8.418460639347813e-05,0.0005227156820311052,0.0004175521123102044,0.0005227142243597882,0.000417549898628522,-5.866666474929616e-05,0.0001926191843892866,-5.866501733464702e-05,0.00019261225738631538,-5.751787084307125e-05,4.395027149683983e-05,-5.751754034122314e-05,4.395044851435159e-05,0.0,0.0,0.0,0.0
63500000.0,0.08455203957523594,-0.014727483086510063,0.0845520351168787,-0.014727480046801134,0.1809398979934258,0.21327391634955717,0.18093990022616424,0.21327391397023376,-0.0878129764647042,0.157402268524109,-0.08781297548330969,0.15740226750948239,0.0,0.0,0.0,0.0,0.0025936890549047575,0.001858571582481261,0.002593688740404332,0.0018585719343917617,0.0064190145634484,0.00395886709450366,0.006419013920520911,0.003958867814496614,0.04818813920302034,-0.0005778797840534367,0.048188140877591934,-0.0005778772426694445,0.013574312607758543,0.00395841759955573,0.013574312338057837,0.003958417899362132,0.011573528564767344,0.0012456274015875124,0.011573528229234853,0.001245627665390714,0.013827033288386303,0.010061610606378224,0.013827031944707358,0.010061612105396023,0.025992295875077787,0.020178564956786715,0.025992291793045297,0.02017856886805447,0.020156081329375297,0.03292734244600126,0.020156078516464504,0.032927345902272975,-0.024181052362486355,0.010633267978654715,-0.024181055184534728,0.010633270934363281,-0.0031479843596287083,0.0026900928019841785,-0.0031478688877299987,0.002690112107330833,-0.03371331358138718,0.010170749799399914,-0.03371331457463356,0.01017075095362685,0.0,0.0,0.0,0.0,0.0059002551035760575,-0.010267135355654489,0.005900253818396095,-0.010267133869660938,0.0002506280815310902,0.003384736969465507,0.0002506270372180097,0.003384738100457696,-0.0008006290733533206,-0.00013933298127710714,-0.0008006183462541117,-0.00013933222673045975,0.0,0.0,0.0,0.0,0.0002775082926689265,-0.00010193594117424709,0.0002775075236272073,-0.00010193512931522264,0.0006737572912811629,1.447155468525807e-05,0.0006737552761890697,1.4473704936790455e-05,0.00013791761587356177,0.00014773839669146582,0.00013791065806856295,0.0001477394853708347,7.038153036376116e-06,7.131847107899603e-05,7.038235978029661e-06,7.131826917827766e-05,0.0,0.0,0.0,0.0
63800000.0,0.06388352997248603,-0.05616613046293395,0.06388353298386562,-0.05616612680008615,0.22601379750626904,0.1611556205569542,0.226013794364043,0.16115561913772325,-0.025838724302310823,0.17743192535682795,-0.0258387257781294,0.17743192475591485,0.0,0.0,0.0,0.0,0.0031513189796541496,0.00020854375379997236,0.0031513194051839832,0.0002085439564467606,0.00740223894917591,-0.00010242859412556982,0.0074022398180488835,-0.0001024281773425173,0.03959255798179839,-0.028037393295569757,0.03959256044948489,-0.028037395646151708,0.013343570393899995,-0.00439936119984452,0.013343570754500433,-0.0043993610250367965,0.009697613246707704,-0.005177163146804276,0.00969761356911647,-0.005177162900622534,0.016902757207219565,0.0009163049715041893,0.01690275900866567,0.0009163058518950606,0.032899683956600256,0.002364869918757506,0.03289968874325666,0.0023648727004612624,0.03536926904383364,0.016325474436477805,0.03536927326160111,0.016325475869976458,-0.0143999255516718,0.021887191171551024,-0.014399921929928894,0.021887193012872785,0.00036528561707172,0.004077752344095131,0.00036527950298648193,0.0040776442446457395,-0.027087839928583435,0.021896628999073187,-0.027087838620126092,0.021896629649397426,0.0,0.0,0.0,0.0,-0.0007392077348740145,-0.011696002694343122,-0.0007392059372861581,-0.011696001868195083,0.0020969850235701415,0.0026237553313421813,0.002096986452286842,0.0026237560045672126,-0.0005582743104994847,0.0005808186462985532,-0.0005582734796618638,0.0005808060967709139,0.0,0.0,0.0,0.0,0.00016088790340518244,-0.0002444264817285102,0.00016088895286969773,-0.00024442598423490836,0.0005480652644251904,-0.0004006178237432323,0.0005480680515930203,-0.00040061652851619556,0.0001974299245901534,-4.545174725478773e-05,0.0001974335962060536,-4.5445779804254016e-05,6.369134685257904e-05,3.128696422294297e-05,6.369129977201737e-05,3.128688737064067e-05,0.0,0.0,0.0,0.0
64100000.0,0.02514664425789448,-0.0805854081369759,0.025146647179042247,-0.08058541098033345,0.2568093868271646,0.10032815085039459,0.25680938673247766,0.10032815428017727,0.03873925545384793,0.174149770831157,0.038739255529613104,0.17414977252167319,0.0,0.0,0.0,0.0,0.002767384672651474,-0.0014703506924220733,0.002767384711887644,-0.0014703511338112207,0.0060927709648908035,-0.003977687106683447,0.006092771049942769,-0.0039776880074882115,0.016742433356746744,-0.04588257714453192,0.016742430220745064,-0.04588257934115347,0.008449401615145291,-0.011110555460668081,0.008449401651184019,-0.011110555834299873,0.0048148239320155994,-0.009134513722813153,0.004814824046448507,-0.009134514059141452,0.014554927632396186,-0.008328149673268115,0.014554927829230735,-0.00832815153891886,0.028759395152206935,-0.016339413499338207,0.02875939600789934,-0.016339418476889023,0.03884244228963496,-0.006138921217463178,0.03884244172596141,-0.0061389254803358995,-0.00021651855669091447,0.026000733241687612,-0.00021651816346945907,0.026000729462445804,0.00349588939025125,0.002047268992683371,0.003495790379467678,0.002047297042039986,-0.01668506282031501,0.030164206148164396,-0.016685062635289682,0.030164204846542475,0.0,0.0,0.0,0.0,-0.006996437851192638,-0.009259872513950995,-0.006996437707726955,-0.009259874381662314,0.0031802627109343007,0.0009741251089536718,0.003180262804562517,0.0009741235860758479,0.00016761471710680098,0.0007812057070424316,0.00016760023969197846,0.0007812053191358359,0.0,0.0,0.0,0.0,-1.552497897705507e-05,-0.0002894430803124237,-1.552491691825253e-05,-0.00028944421339360815,0.00019344259337117364,-0.0006559761865574387,0.0001934427338454725,-0.0006559791976812335,5.988760735675669e-05,-0.00019386284063216408,5.98916845859776e-05,-0.00019386856424574717,5.961607615034836e-05,-3.7225156141573734e-05,5.961592147940564e-05,-3.722523221938445e-05,0.0,0.0,0.0,0.0
64400000.0,-0.02021552301658147,-0.08144119556786222,-0.020215525570748127,-0.08144119783531778,0.2719043383043598,0.03451361116432139,0.2719043412692912,0.034513609783083155,0.09754189734578489,0.14837842564352144,0.09754189884261422,0.14837842479162333,0.0,0.0,0.0,0.0,0.0015731699425174384,-0.002691804695899691,0.0015731695709959581,-0.0026918045602144502,0.002984243051663782,-0.006511546548949809,0.0029842422946728675,-0.006511546276449565,-0.012426676541025472,-0.047571138042592054,-0.01242667820188359,-0.047571134118122416,0.0006664287728668228,-0.013848591982352332,0.0006664284576629598,-0.013848591869567883,-0.0010326639559181672,-0.009585475612389871,-0.0010326642390410257,-0.009585475584493963,0.007651033402979124,-0.014761790249679052,0.0076510318305125224,-0.01476178971212505,0.01489706174741201,-0.029651340960725747,0.014897057603683095,-0.029651339748241412,0.029164667644892006,-0.026961741136716455,0.029164664394293993,-0.026961738450921757,0.013811774014286016,0.02182138044042148,0.013811770839737392,0.02182138160480207,0.00366307777016317,-0.0016390285138072613,0.0036631245403100365,-0.0016389396490481545,-0.004107484663101957,0.033889763013796426,-0.004107485733364058,0.03388976331137172,0.0,0.0,0.0,0.0,-0.010841668094634827,-0.0038415201246593256,-0.010841669669950704,-0.0038415195312637707,0.0031480717522569535,-0.000977357829150094,0.0031480704522195424,-0.0009773572891305093,0.0007352321000837492,0.0002963858037006162,0.0007352327438709949,0.00029640212925130527,0.0,0.0,0.0,0.0,-0.000182568331538846,-0.00022191316570996378,-0.00018256930580662356,-0.00022191274767635605,-0.0002467147047937601,-0.0006433179093221497,-0.0002467172934288442,-0.0006433167704855691,-0.00013757327633356908,-0.0001494881674020121,-0.0001375802150462846,-0.00014948971497830144,-6.952134157245382e-08,-6.964538427922662e-05,-6.964651078078532e-08,-6.964511056395395e-05,0.0,0.0,0.0,0.0
64700000.0,-0.059246793163069356,-0.05892873701733947,-0.059246794889546095,-0.05892873484260264,0.27079349012700504,-0.03242367077417185,0.27079348759464494,-0.03242367252296674,0.14313372372107835,0.10380066464866644,0.14313372225988985,0.10380066375645214,0.0,0.0,0.0,0.0,-7.462109567057951e-05,-0.003109754672671272,-7.462082535880654e-05,-0.003109754455429936,-0.000924150697763082,-0.007003112383841881,-0.0009241501498991056,-0.007003111941180862,-0.03755300179194876,-0.03222242562606681,-0.03755299721058236,-0.032222424762196056,-0.007243316587874915,-0.011709295568500977,-0.007243316360060703,-0.011709295380747164,-0.0057322264918866495,-0.006861980304364579,-0.005732226354467684,-0.006861980140413948,-0.0015458384715643092,-0.016429309115338242,-0.0015458373690862004,-0.01642930818682231,-0.004093885334263803,-0.033050523041573854,-0.004093882538867888,-0.033050520734619226,0.009338763428999641,-0.039035489624296815,0.009338767724749175,-0.03903548842025373,0.023284005174851075,0.010814280441756807,0.023284007542542895,0.010814282265577901,0.0007926460174090266,-0.0039001044761874937,0.0007927241921592554,-0.0039001670323486337,0.008794423762587655,0.03267119691965803,0.008794424427023273,0.0326711975387326,0.0,0.0,0.0,0.0,-0.01107637390101246,0.002734588358215717,-0.011076372740006946,0.0027345892863266386,0.0020368402655464024,-0.0025577433243242353,0.002036841296245484,-0.0025577425622174133,0.0006529293798180902,-0.00043920098026006826,0.0006529472544585246,-0.00043920320695178816,0.0,0.0,0.0,0.0,-0.00027639987799688015,-7.009155657300425e-05,-0.00027639908578436234,-7.009098361265842e-05,-0.0005912576690221272,-0.0003637015619375461,-0.000591255534004631,-0.00036370003778785076,-0.00019879338525186085,4.348335188808505e-05,-0.00019879212055684548,4.349048929697119e-05,-5.8607608892202734e-05,-3.6533217794954e-05,-5.8607229469487265e-05,-3.653312590046198e-05,0.0,0.0,0.0,0.0
65000000.0,-0.08101463463695069,-0.019700809202866765,-0.08101463289996502,-0.01970080788780848,0.2538664717476564,-0.09668698424060551,0.2538664716688288,-0.09668698126882447,0.16993443095150695,0.04639155866632905,0.1699344309129458,0.04639156035634784,0.0,0.0,0.0,0.0,-0.0016967536615553058,-0.0026093081130866835,-0.001696753651032168,-0.002609308435431501,-0.004446275851307746,-0.005381090262005728,-0.004446275826552437,-0.005381090916827702,-0.04951472999769635,-0.005081397344589789,-0.04951473011787044,-0.005081402336102769,-0.012510786249151806,-0.005508511053015752,-0.012510786232667215,-0.0055085113253454665,-0.007883368217832754,-0.0023628108977788997,-0.007883368214955055,-0.002362811079279936,-0.010117062874691385,-0.012902088016822688,-0.0101170628054561,-0.012902089339284828,-0.02185515065243493,-0.025302671940366395,-0.021855150783828492,-0.025302675324233803,-0.01412643099275357,-0.03804351783763593,-0.01412643246244727,-0.038043522711745936,0.02531170544371264,-0.0034648843187881084,0.02531170546341599,-0.003464887158258989,-0.0026886342377068218,-0.0028957944658642987,-0.0026887099169599082,-0.0028958618526786495,0.020190898069643026,0.026811662189416552,0.020190898104232247,0.02681166138016522,0.0,0.0,0.0,0.0,-0.007693687910212077,0.008312791225051797,-0.0076936878467250835,0.008312789844659108,0.00024707937863155394,-0.003237117143690682,0.0002470794128299758,-0.003237118362974911,3.421241387968621e-06,-0.0007816722945008792,3.4170274147982127e-06,-0.0007816912380746999,0.0,0.0,0.0,0.0,-0.00026251641845220774,0.00010633821809591382,-0.0002625163921763374,0.00010633728275166732,-0.0006957592184662076,7.10637656027302e-05,-0.0006957591473977232,7.106125023881305e-05,-6.305355232427701e-05,0.00019403420124319837,-6.304726309025455e-05,0.00019403024347752762,-6.161289374517764e-05,3.0047773364572095e-05,-6.161288786188379e-05,3.0047350428219488e-05,0.0,0.0,0.0,0.0
65300000.0,-0.0794936706343563,0.025057487020831104,-0.07949366960033899,0.025057485742856045,0.22234269573979049,-0.15473645389804602,0.2223426982981067,-0.15473645546935444,0.1748506032357966,-0.016409552390193483,0.1748506046940861,-0.016409553192673343,0.0,0.0,0.0,0.0,-0.0028236680985713747,-0.0013349555697317328,-0.0028236683762159487,-0.0013349553753840837,-0.00655749264388561,-0.0021895834794634084,-0.006557493206656773,-0.0021895830883664757,-0.04377828362247271,0.024218041727479545,-0.043778288724588776,0.024218042891099856,-0.013330501477206269,0.0025262676536854656,-0.013330501713376464,0.002526267808796945,-0.007205914393558999,0.002118496495128852,-0.007205914542630865,0.002118496653231716,-0.015400711847590287,-0.005366951845175549,-0.015400712982547304,-0.00536695106241325,-0.03236906384485394,-0.008913802167285212,-0.03236906664354677,-0.008913799628778918,-0.03330944070262376,-0.023988530300165678,-0.033309444934474186,-0.02398852617103131,0.01936618923199518,-0.016516763735637596,0.019366186785838124,-0.016516761963849547,-0.0038966174460171032,0.0004925715152737098,-0.0038966743678514604,0.0004926579515540652,0.028522219799391735,0.017245674718367354,0.02852221910348618,0.017245675265087357,0.0,0.0,0.0,0.0,-0.0018509163871414103,0.011102568932642498,-0.0018509175756804552,0.011102569727157174,-0.0016015209281974307,-0.0028017114064624593,-0.0016015219771148281,-0.0028017107191828927,-0.0006406388150352882,-0.0004401474325348431,-0.0006406582580780196,-0.0004401410448764409,0.0,0.0,0.0,0.0,-0.00014803676232588714,0.00023960006568302106,-0.00014803756690895398,0.00023960058089755876,-0.0005130960823649389,0.0004829738024270114,-0.00051309824506518,0.00048297517123785383,0.0001360701137258502,0.00015308431387239807,0.00013606395896914592,0.00015307980081757933,-7.276438140024766e-06,6.773484608402214e-05,-7.276823936308574e-06,6.773492675904436e-05,0.0,0.0,0.0,0.0
65600000.0,-0.05513549395269024,0.06267701966787342,-0.0551354947867182,0.06267701879259846,0.17817245142304472,-0.20345087165997455,0.17817244867757154,-0.2034508731204525,0.1575688947383327,-0.07666446425544393,0.157568893357535,-0.07666446511600356,0.0,0.0,0.0,0.0,-0.0031237559793595437,0.00034922314511476316,-0.0031237556344265727,0.0003492232975617071,-0.00667575631462114,0.0015952192366555096,-0.006675755615709988,0.0015952195445194661,-0.02218714834469182,0.04507071880092184,-0.022187146211962272,0.04507072373164789,-0.009481675321403316,0.009556091923442978,-0.009481675038855997,0.009556092057863452,-0.004458585116466907,0.005120259893388379,-0.004458584840108415,0.005120259947759109,-0.015797836509143792,0.003774825497771417,-0.015797835096321933,0.0037748261115808646,-0.03198872572085776,0.010652960987663107,-0.0319887214232466,0.010652962247789333,-0.04150946777278364,-0.0013331915417467144,-0.04150946162790348,-0.001333188962135523,0.007385117820561504,-0.0242933512763841,0.007385120915991195,-0.024293349928619534,-0.0018646205837669072,0.0034341777933590834,-0.0018645253787781257,0.003434224965864985,0.032697009976658364,0.0053854783978408705,0.032697010969364726,0.005385478764871721,0.0,0.0,0.0,0.0,0.004524225456691511,0.01024127817313314,0.004524226883660276,0.010241278833490242,-0.0028824366270470136,-0.0014166210153518932,-0.0028824354188685675,-0.0014166204269301375,-0.0007214430996498322,0.00028002000583171593,-0.0007214345846762171,0.00028003940644083514,0.0,0.0,0.0,0.0,2.1953705648058985e-05,0.00027953076907039076,2.19546080373334e-05,0.0002795312199026512,-0.00011460364402182677,0.0007006713505930406,-0.00011460124392215221,0.0007006725714688855,0.0002019219912270387,-4.026972714399335e-05,0.00020191993340290537,-4.0262175112104615e-05,5.319734161446377e-05,4.203635242561177e-05,5.319745698528777e-05,4.203663866775287e-05,0.0,0.0,0.0,0.0
65900000.0,-0.014759123666898688,0.08243295979477949,-0.014759124489600595,0.08243296023163538,0.12391338160036725,-0.2402583148595312,0.12391338152445996,-0.24025831167765688,0.12050082459375488,-0.1269118230242654,0.12050082447261445,-0.1269118214682763,0.0,0.0,0.0,0.0,-0.0024961400082901264,0.00195725356253007,-0.0024961400167242687,0.0019572531499463253,-0.004806176820771668,0.004855506642044816,-0.004806176840340015,0.004855505805508642,0.007568720670185769,0.049807875326351336,0.007568725229639028,0.04980787239414042,-0.0023843875625502164,0.0131368561542331,-0.0023843875587630237,0.013136855813897341,-0.0009664377034326321,0.005994830919505034,-0.0009664377716944728,0.005994830590374534,-0.011238407745068457,0.011662840812910247,-0.011238407804441408,0.011662839118180557,-0.020718893307211772,0.026773555638953894,-0.02071889401652527,0.02677355059093145,-0.03558003316454972,0.022353701545107185,-0.035580032728638855,0.022353694404536384,-0.00686281553895185,-0.024418165463082175,-0.00686281561119273,-0.024418169146805724,0.0016910644575673928,0.0035049902897270613,0.0016911028997412814,0.0035048878074519507,0.03221787875451554,-0.007086008203302185,0.032217878686012114,-0.0070860094241993465,0.0,0.0,0.0,0.0,0.00936136327509729,0.006052327776259858,0.009361363254761557,0.006052326069202252,-0.0031704159137433408,0.0004378734859500355,-0.003170415914794944,0.0004378720653690493,-0.00017524938893842545,0.000751513005418758,-0.0001752304469349042,0.0007515025862119273,0.0,0.0,0.0,0.0,0.00018210491904824266,0.0002120286946194483,0.0001821049209524972,0.00021202764150984876,0.00033761823428335447,0.0006306912827227507,0.00033761826201583744,0.0006306884844065053,6.756599729129675e-05,-0.0001959080708289207,6.757396597123488e-05,-0.00019590880695830037,6.372874749871471e-05,-2.2515937750711146e-05,6.372891804318215e-05,-2.2516010631079553e-05,0.0,0.0,0.0,0.0
66200000.0,0.030241337693880155,0.078511367420532,0.03024133780071736,0.07851136827196825,0.06259093676381866,-0.26323473205389547,0.06259093966755103,-0.2632347331968674,0.06841188274015764,-0.16103900227843582,0.06841188408694165,-0.16103900278761785,0.0,0.0,0.0,0.0,-0.001104142843658451,0.0030135534488238136,-0.0011041432407026264,0.003013553606315611,-0.0015208299618123533,0.006646743292755275,-0.0015208307669780652,0.006646743614027173,0.03471905667944952,0.03661155990531029,0.03471905314999901,0.03661155581362863,0.005424407900342487,0.012073914209032921,0.0054244075719580565,0.012073914326052204,0.001993273079349933,0.00498510452253953,0.0019932727632223646,0.004985104702711851,-0.0031790260017316996,0.015855099234478587,-0.0031790276343812707,0.015855099913594017,-0.0022883952385868156,0.033904393953022804,-0.00228840003879327,0.0339043964610255,-0.017165609144008442,0.03888085953211373,-0.01716561625366353,0.03888086113065725,-0.018943077098178662,-0.016881573515561854,-0.01894308064054684,-0.016881572140370338,0.003820210905963961,0.0006759921753669573,0.0038201020470580715,0.0006759613042603974,0.027224379092878337,-0.018445435767063145,0.0272243778641581,-0.018445435279744515,0.0,0.0,0.0,0.0,0.011109346751069893,-7.48815750881704e-05,0.01110934511216044,-7.488092964536008e-05,-0.0023782646758121473,0.002131470058017726,-0.0023782660065734262,0.0021314705882105045,0.000520769129018106,0.0005681953441651899,0.0005207571141951917,0.0005681770980388023,0.0,0.0,0.0,0.0,0.0002715997254938429,6.371150923456526e-05,0.00027159875192950267,6.371190553977613e-05,0.0006565251192398591,0.0002975773734164022,0.0006565225382928475,0.0002975784058847353,-0.00013621873893043812,-0.00015815492257331698,-0.00013622222928688643,-0.0001581622717310438,1.4945225728979494e-05,-6.581835005192715e-05,1.4945266890720177e-05,-6.581843987873981e-05,0.0,0.0,0.0,0.0
66500000.0,0.06697801593082886,0.05173049616769276,0.06697801686333094,0.05173049631250137,-0.0024502478100814074,-0.27117151184054933,-0.002450249684557093,-0.27117151403005835,0.007799346294341092,-0.1749602767825138,0.0077993454394871264,-0.17496027769669809,0.0,0.0,0.0,0.0,0.0006615282705553227,0.003187398239916206,0.0006615285274023108,0.0031873985682011607,0.0022120385470429937,0.0064552196255363015,0.002212039070428773,0.006455220290263242,0.04941531641507879,0.010247079842173434,0.049415312792824295,0.010247083796059542,0.011202971074126822,0.006822320098692103,0.0112029712720485,0.006822320370901025,0.0036690639976839634,0.0029265573997321326,0.0036690642504737525,0.0029265576596486653,0.005857601860164152,0.015066674900552357,0.005857602950868568,0.015066676247698751,0.01706204451186011,0.02951564720702038,0.01706204820569468,0.0295156511096053,0.007662286304800148,0.04227495538636106,0.0076622893758298005,0.04227496176929435,-0.02509918923149712,-0.004025215313390618,-0.02509918699711733,-0.004025212385315058,0.0027798533277092474,-0.002695944374167425,0.0027798289519438413,-0.0026958294275800654,0.018454313425841917,-0.027152816249738976,0.018454314215738066,-0.027152815165521815,0.0,0.0,0.0,0.0,0.009225626080599625,-0.0061402324418509124,0.009225627139059611,-0.0061402310962250795,-0.0007803396577230615,0.0030943769800018117,-0.0007803387964457897,0.003094378030397138,0.0007633445861543464,-0.00010902432877912815,0.0007633270995057728,-0.0001090110110766318,0.0,0.0,0.0,0.0,0.0002568262736915017,-0.00010857440896927528,0.00025682691253337,-0.00010857365758454307,0.0007074828735795791,-0.00016435871221176512,0.0007074845521515272,-0.0001643567266143009,-0.00020668472837570562,3.865609201625375e-05,-0.00020669051031774188,3.8661932123318365e-05,-4.769352848654762e-05,-4.778719441844714e-05,-4.7693610568444456e-05,-4.778738255595272e-05,0.0,0.0,0.0,0.0
66800000.0,0.08468096734979014,0.009482731011871692,0.08468096766908673,0.009482729976298288,-0.06769859011536994,-0.26361407536079184,-0.06769859154282898,-0.2636140733160204,-0.0538971598783462,-0.16704160317178207,-0.053897160357252005,-0.16704160228594844,0.0,0.0,0.0,0.0,0.0022844100892669417,0.0023942601351194526,0.002284410337452414,0.002394259839974211,0.005300408951704583,0.0043353191342418995,0.005300409452409838,0.00433531853303748,0.046401983988111795,-0.019725380355154698,0.046401988255773574,-0.019725377155836554,0.012973974408268418,-0.0007044717918489596,0.012973974616123485,-0.0007044720195636955,0.003995079099283316,0.0007637306461845128,0.0039950792941496616,0.0007637303690870567,0.013059134135787076,0.009552874441595804,0.013059135145674361,0.00955287319304432,0.030704192582270196,0.015022077867655526,0.0307041954373517,0.015022073730378338,0.03036667411656424,0.03099688443279547,0.030366679560344778,0.030996880593690435,-0.023387209479835747,0.010167732813130215,-0.023387207273813715,0.01016773025725115,-0.0005541138432505477,-0.00383160975758301,-0.0005539925757886976,-0.0038315911164943373,0.007133522972459616,-0.03204315178676609,0.007133523858925628,-0.03204315272969893,0.0,0.0,0.0,0.0,0.0043414413171305455,-0.010177618200842176,0.004341442319123701,-0.010177619413966,0.0010820710802192934,0.003004569549318603,0.001082071818757413,0.0030045685879542816,0.0003416858107314624,-0.0006929956746972721,0.00034170022399138134,-0.0006929788900009726,0.0,0.0,0.0,0.0,0.00014366448131397647,-0.00023927922974564808,0.0001436649907446963,-0.00023927993075290033,0.00046510074669470214,-0.0005651229522953827,0.0004651020857693311,-0.0005651247966653727,-7.054727073096956e-05,0.00019960348961944874,-7.053979360449603e-05,0.000199606964429222,-6.599909441717955e-05,1.4853326788966115e-05,-6.599941310270196e-05,1.4853476088205753e-05,0.0,0.0,0.0,0.0
67100000.0,0.0778573383273482,-0.03620046845256297,0.07785733719066457,-0.03620046887311901,-0.12962773141614292,-0.24087408491465112,-0.1296277295903252,-0.24087408397700472,-0.10916046363636411,-0.13824364199791717,-0.10916046293105097,-0.13824364177570203,0.0,0.0,0.0,0.0,0.0032660133775834765,0.0008338738840762971,0.0032660130895436623,0.0008338736953419357,0.0068317240748001495,0.0008943441716979805,0.006831723487074726,0.0008943437902360074,0.026899308667751143,-0.04254476234005722,0.026899311489572142,-0.04254476686948294,0.010202934024327703,-0.007838403620354484,0.010202933803469705,-0.007838403781377679,0.003416311521618809,-0.0008734603102737992,0.003416311255847404,-0.000873460457214037,0.016182945831921813,0.0010257586176294353,0.01618294461113834,0.0010257578522470112,0.03393028073500659,-0.004660315859212005,0.03393027669887516,-0.004660317935275771,0.04291121433129774,0.008670657643705226,0.042911210250458964,0.008670652943095547,-0.014276843714213783,0.021270467655583047,-0.014276846200047544,0.02127046597550475,-0.0034334762577401534,-0.0018027177638657577,-0.003433463079133503,-0.0018028459150229992,-0.005189069845854988,-0.03246609739842654,-0.00518907082477682,-0.03246609811917267,0.0,0.0,0.0,0.0,-0.001947461521574212,-0.01088476975965591,-0.0019474627023399194,-0.01088477051300174,0.0025810756002542234,0.0018922716243423565,0.00258107470137503,0.001892271098654419,-0.0003805368046485569,-0.0006755076314988173,-0.00038052061925952785,-0.0006755230455866013,0.0,0.0,0.0,0.0,-2.493797493485772e-05,-0.00027865378491753745,-2.4938615638347983e-05,-0.0002786541345756177,2.5518549627179254e-05,-0.0007371243875553546,2.55168699254682e-05,-0.0007371253010148848,0.00013839116338232316,0.00016179472959265695,0.00013839189115572026,0.00016178654659881886,-2.2732841145511884e-05,6.397248107248288e-05,-2.2732576766770762e-05,6.397287501158644e-05,0.0,0.0,0.0,0.0
67400000.0,0.04804606387862265,-0.07201645749182717,0.04804606341532747,-0.07201645627345954,-0.18484654506619336,-0.20401724592535686,-0.18484654423315305,-0.2040172474602997,-0.15124575998681422,-0.09198328690025903,-0.1512457597830732,-0.09198328740035322,0.0,0.0,0.0,0.0,0.0032749167214731756,-0.0010513995036518509,0.003274916557728602,-0.0010513992353935464,0.006330036620141755,-0.00287115912735203,0.0063300362880269745,-0.0028711585798220085,-0.0019902821784327784,-0.05019374712539104,-0.001990286947744835,-0.0501937495830731,0.003950528984809409,-0.012109523571879777,0.003950528841883738,-0.012109523368167174,0.002517044503790089,-0.001848160820998146,0.0025170443755939687,-0.0018481605771683007,0.014241484315135722,-0.007869737220772777,0.014241483647111863,-0.007869736080834855,0.0256102393510389,-0.02280814297311906,0.025610237620021792,-0.02280813919722391,0.04068353251285117,-0.017057232430062186,0.040683528195756935,-0.01705722826986289,-0.0005404099680532681,0.025758355583320736,-0.000540411439040156,0.02575835788883296,-0.0034881886597020184,0.0017280636080556633,-0.0034883243441683476,0.0017280561763044489,-0.016840282547789798,-0.028360848473482747,-0.01684028317138342,-0.02836084750337875,0.0,0.0,0.0,0.0,-0.007596989522838271,-0.00803848537609042,-0.0075969901793229155,-0.008038484278998226,0.0032095421269744406,0.00012916049657007989,0.0032095416637147878,0.00012916129684015232,-0.0007760611654887839,-6.71709345851923e-05,-0.0007760775794452002,-6.718660557680778e-05,0.0,0.0,0.0,0.0,-0.00018502901807693206,-0.0002112941604508478,-0.0001850293282785742,-0.0002112936052611758,-0.00043158901772955005,-0.0006051883373601186,-0.0004315898263200779,-0.0006051868880234679,0.0002101575858048932,-3.92637664248241e-05,0.00021014972818278466,-3.926166880319215e-05,4.2207899547008765e-05,5.36096956267329e-05,4.220829879386656e-05,5.3609312644198326e-05,0.0,0.0,0.0,0.0
67700000.0,0.0035593353678464723,-0.08726487529300186,0.003559336637536603,-0.08726487482807954,-0.2302455119087341,-0.15482763987371584,-0.23024551337092447,-0.15482764086061707,-0.17493368520067065,-0.033738411175434635,-0.17493368563803102,-0.03373841151989154,0.0,0.0,0.0,0.0,0.0022582882820643135,-0.0026936949937379495,0.0022582885489512705,-0.0026936948304125963,0.003899977347302297,-0.005848286859290397,0.00389997789195462,-0.005848286527736946,-0.02999955100828089,-0.04017583662312063,-0.02999955307897295,-0.04017583164132077,-0.0035394202204841463,-0.012101816116825148,-0.003539420016707595,-0.01210181597086546,0.001665661766999449,-0.0024026021472138837,0.0016656620024591007,-0.0024026020183072205,0.007807786770449354,-0.014363090230432363,0.007807787904681618,-0.01436308955966581,0.0085840755306279,-0.033232389524513906,0.008584079249878585,-0.033232387837102806,0.024248922729462663,-0.037195374069597165,0.024248927149386645,-0.03719536990307404,0.013555376926660756,0.022112970618081818,0.013555379209186924,0.022112972097104944,-0.0006516062117682964,0.0038614879917560074,-0.0006516071041673399,0.00386163171357623,-0.0262327712910988,-0.02026056053425407,-0.02623277030359361,-0.02026055995868603,0.0,0.0,0.0,0.0,-0.01077262824011882,-0.0025634381050991806,-0.01077262715092786,-0.002563437441494898,0.0027488770764421133,-0.0016936516655761125,0.002748877855552223,-0.0016936511636629348,-0.0004959064506877553,0.0006065589376476055,-0.0004959216366842156,0.0006065764058291734,0.0,0.0,0.0,0.0,-0.00027547236093994343,-6.203063242082862e-05,-0.00027547182627785105,-6.203027885476331e-05,-0.0007163479889484847,-0.00021932057603635258,-0.0007163465927888524,-0.00021931965284238686,7.113649849088688e-05,-0.00020219116237285562,7.114112715811416e-05,-0.00020218462665866355,6.828078669229853e-05,-7.199083768227865e-06,6.828032140759888e-05,-7.199434861604459e-06,0.0,0.0,0.0,0.0
68000000.0,-0.04280579178497845,-0.07706868928308097,-0.042805791341926636,-0.07706869056914911,-0.2631380884634922,-0.09574847172014245,-0.2631380895840252,-0.09574846999356623,-0.17711757314697252,0.02955969138783132,-0.17711757362580016,0.029559691974313296,0.0,0.0,0.0,0.0,0.00047837850623722034,-0.0035650034169947276,0.0004783786657256428,-0.003565003714001591,0.00021542701391297214,-0.00712218121036301,0.00021542733817625503,-0.007122181813755901,-0.04739336909929648,-0.016192092139732495,-0.047393363966257596,-0.016192090486441657,-0.00965112415817515,-0.007914508128038733,-0.009651124012314938,-0.007914508356449801,0.0008582948532023238,-0.0028522386650138287,0.0008582949808584317,-0.0028522389147269678,-0.0011519010832259369,-0.016406436153744153,-0.001151900424737562,-0.016406437407880503,-0.0113487794404179,-0.03241407457055345,-0.01134877783056254,-0.03241407858415357,-0.0007864721355446136,-0.04463955520355967,-0.0007864682088509767,-0.044639560193644456,0.023540262265299816,0.01134621448669293,0.023540263721585575,0.011346211964365693,0.002767972995549428,0.0028141203081162303,0.0027681249466979807,0.0028141134922492483,-0.03206392514053391,-0.009227282611021792,-0.032063924626591245,-0.009227283667954111,0.0,0.0,0.0,0.0,-0.010438598726238979,0.003766632585353591,-0.010438598071822014,0.00376663137527089,0.00134331392595044,-0.0029597228150777255,0.0013433144545160758,-0.0029597237029292955,0.00022304701739983557,0.0007566092496773535,0.00022306560639862028,0.0007566239178942169,0.0,0.0,0.0,0.0,-0.0002608726261215111,0.0001130294305227153,-0.00026087223795911996,0.0001130288129758128,-0.0007074657939796225,0.0002640338553874244,-0.0007074647767950637,0.0002640322359042102,-0.00013967085138233415,-0.00016291797922463047,-0.00013966646935159588,-0.0001629245002305879,3.0481132888837692e-05,-6.208818929565041e-05,3.0480845403246803e-05,-6.208769789850521e-05,0.0,0.0,0.0,0.0
68300000.0,-0.07745181284723657,-0.04393305693302807,-0.07745181411298319,-0.04393305734704711,-0.28139498701529675,-0.029797980199674612,-0.2813949847993982,-0.029797979248996853,-0.1571717824956167,0.09028660743479122,-0.15717178160857515,0.09028660787510034,0.0,0.0,0.0,0.0,-0.0015453909598122095,-0.0033449935736484804,-0.0015453913020948562,-0.0033449936976381878,-0.003652382321526204,-0.006249313954754143,-0.0036523830187960016,-0.006249314207266821,-0.048274181862829835,0.013342666845531426,-0.048274180626719954,0.01334266165184772,-0.01230909642948319,-0.0010842773491930302,-0.012309096696611732,-0.001084277468535788,-0.00017169461428778732,-0.0032781728633040075,-0.00017169489326818166,-0.003278172964371606,-0.009869795654580571,-0.01330804530765306,-0.009869797101238476,-0.013308045820991765,-0.02745197462471083,-0.020672261442001627,-0.027451979142398386,-0.02067226259875099,-0.025771544255981382,-0.03672114466357357,-0.025771549975104335,-0.03672114793813819,0.026143230850657062,-0.003243711036844843,0.026143227931314073,-0.003243712187128267,0.0039395035198737105,-0.0006015828221137554,0.003939487611191339,-0.0006017428086835253,-0.033482613852747534,0.003275451208807567,-0.033482615002164096,0.003275450834280491,0.0,0.0,0.0,0.0,-0.006690227688388006,0.008898624255024856,-0.006690229096356859,0.008898623745622558,-0.0005437966285910534,-0.0032314539359674654,-0.0005437977052480392,-0.0032314543678069185,0.000756585196640458,0.00024393456509130829,0.0007565992719662518,0.00024391480241092722,0.0,0.0,0.0,0.0,-0.00014521857627158852,0.00024716001500735274,-0.0001452193459314799,0.00024715968974931,-0.00040380706321485604,0.000645266518176868,-0.0004038090891285151,0.0006452656663640255,-0.0002110477526429122,3.921101769321922e-05,-0.00021105526049325363,3.920933875178889e-05,-3.666341828534314e-05,-5.933454360729229e-05,-3.666294493598343e-05,-5.933429743265606e-05,0.0,0.0,0.0,0.0
68600000.0,-0.08996400495315982,0.002864411228003405,-0.08996400534357463,0.0028644124425909467,-0.2835678027369255,0.03954121604658667,-0.28356780239425206,0.03954121340211714,-0.11706582003173338,0.14096720119245276,-0.11706581988455866,0.14096720002132201,0.0,0.0,0.0,0.0,-0.0031807727136268227,-0.002038633816539459,-0.0031807727583483825,-0.0020386334400228634,-0.0065303868104749085,-0.0034110422517841243,-0.0065303869000743475,-0.0034110414861601157,-0.032436349135402054,0.038263786630921004,-0.03243635429812741,0.0382637857621404,-0.010674237057898495,0.005982183863352475,-0.01067423711193527,0.005982184159606163,-0.001654999772433996,-0.0034010816965377444,-0.0016549998123949194,-0.003401081397839789,-0.01561633013094621,-0.005958992644579553,-0.015616330312774096,-0.005958991053987006,-0.0343416310126301,-0.001989408242451418,-0.03434163118451039,-0.001989403361932318,-0.042085679579194846,-0.016117582256100604,-0.042085681651023776,-0.016117576005058254,0.020373780749942227,-0.017050796992961637,0.020373780302918476,-0.017050793780725826,0.0018356429107910799,-0.0035859696842379662,0.0018354754671605633,-0.0035859432030065364,-0.03020565652585816,0.015559678483512585,-0.030205656657201985,0.015559679680123395,0.0,0.0,0.0,0.0,-0.0007248365813552482,0.011157917175623311,-0.0007248367552250556,0.011157918732763505,-0.002279024841513433,-0.0023985015620127115,-0.0022790249997228784,-0.002398500329320541,0.000633321262576203,-0.0004919769970683774,0.0006333002979914681,-0.0004919903722964136,0.0,0.0,0.0,0.0,2.8897596052956942e-05,0.0002879929924404223,2.889747247536434e-05,0.0002879938918027847,7.307820762036954e-05,0.0007639024147465534,7.307789345389892e-05,0.000763904789508274,-7.215561983997532e-05,0.00020219011580024926,-7.215441179653226e-05,0.00020219755647588045,-7.039950748577439e-05,-4.959590427233707e-07,-7.039925947083248e-05,-4.96403316674332e-07,0.0,0.0,0.0,0.0
68900000.0,-0.07619855094088024,0.04988033489719612,-0.0761985498003952,0.04988033528175606,-0.26899668262869625,0.10846080892507359,-0.2689966853205803,0.10846080953758985,-0.061208608919876895,0.1751223134159261,-0.061208610174915634,0.17512231376981902,0.0,0.0,0.0,0.0,-0.0038764381383344926,-3.961912966587988e-07,-0.0038764377754105794,-3.962599635087827e-07,-0.007488073828270103,0.0006056063779027454,-0.007488073085831104,0.0006056062361068371,-0.005304398289482037,0.05004832049911556,-0.005304398888931416,0.050048325578885056,-0.005397019368139411,0.010852639138661857,-0.005397019079786958,0.010852639099724115,-0.0034791316633970837,-0.002720824641727404,-0.0034791313812618796,-0.0027208246888505982,-0.016537178713072365,0.003417665830824035,-0.01653717716831693,0.003417665540993653,-0.02975074153023627,0.017383389840730956,-0.029750736823693558,0.017383388630989316,-0.04412688844078616,0.010150721250099082,-0.04412688224649486,0.010150721720336264,0.007915370952723322,-0.02560283690617382,0.00791537405918774,-0.025602837458208683,-0.001860027124727992,-0.003627238999612814,-0.001859988564334003,-0.003627065037932198,-0.022569881799533675,0.02592211404466127,-0.022569880680833876,0.025922113862506535,0.0,0.0,0.0,0.0,0.005537680882660823,0.009785445013505978,0.005537682397132926,0.009785444708739988,-0.003266776684668571,-0.0007213298460442275,-0.0032667754602400123,-0.0007213300978463622,-5.026118844853045e-05,-0.0008084367688923066,-5.027373094179666e-05,-0.0008084145951414712,0.0,0.0,0.0,0.0,0.00019554153286804876,0.00021769796083503934,0.00019554243858266318,0.00021769777421809522,0.0005274156013328479,0.0005660733767740567,0.000527417996735835,0.0005660728640464185,0.0001384065043836813,0.0001642601963709467,0.000138412821470979,0.00016425632158245662,-3.8215988112710875e-05,5.9989837282614644e-05,-3.821642705759132e-05,5.998955369079795e-05,0.0,0.0,0.0,0.0
69200000.0,-0.03957490838404709,0.08333515467815289,-0.03957490797910879,0.08333515362249955,-0.23789475777400781,0.17299380984725587,-0.237894756151789,0.17299381201182484,0.003971697183821732,0.1880389418766839,0.003971698085855735,0.18803894290061862,0.0,0.0,0.0,0.0,-0.003347179809061629,0.0021527592819126085,-0.0033471799947903946,0.002152758996345483,-0.0061341310807279115,0.004608914399540254,-0.006134131456683178,0.004608913811935622,0.023902428190872627,0.044585079306656894,0.02390243320623142,0.04458507974597126,0.0016399192516658445,0.01189734746661486,0.0016399191178351202,0.011897347240235945,-0.00506719872763739,-0.0008606511761541924,-0.005067198862747091,-0.0008606513906528335,-0.012237180540232373,0.011924237029646179,-0.01223718130789564,0.011924235800364613,-0.015215823341094392,0.031017297056479265,-0.015215825944608241,0.03101729329534919,-0.031162994023453905,0.03318230787735388,-0.031162995154538464,0.033182302552347664,-0.007337640027401449,-0.026019241801733983,-0.007337641590567046,-0.026019244230695904,-0.00408256148794095,-0.0006146096170169812,-0.004082382314884114,-0.0006146617775328878,-0.01151097532346057,0.03286365091084065,-0.011510975808633361,0.032863650038933656,0.0,0.0,0.0,0.0,0.010063470205096792,0.0051857103769634705,0.010063469413097437,0.005185709178377351,-0.0031498229969812996,0.0012467190545919493,-0.003149823674846175,0.0012467180778230613,-0.0007042994582846518,-0.0004184322377227545,-0.0007042760962363559,-0.0004184206984660932,0.0,0.0,0.0,0.0,0.0002899197755397154,6.071285349662503e-05,0.00028991926393473477,6.0712126540352074e-05,0.0007694081034728129,0.00012882663280322504,0.000769406725311228,0.00012882471114039618,0.00021197757030932962,-3.669111011106452e-05,0.0002119716304918029,-3.669539847805936e-05,3.088414821661445e-05,6.496780788722845e-05,3.0883826269700876e-05,6.496828675039978e-05,0.0,0.0,0.0,0.0
69500000.0,0.009777035385525323,0.09306258874016748,0.009777034409736984,0.09306258828513592,-0.1914006107971602,0.2292077941799846,-0.19140060970366335,0.22920779186446794,0.07068455562666998,0.17738466564242117,0.07068455611876345,0.17738466435453404,0.0,0.0,0.0,0.0,-0.001688556996441548,0.0037224189617433012,-0.0016885571469558158,0.003722419224189366,-0.002772329190968037,0.007341436611213226,-0.0027723295022212824,0.0073414371411786306,0.045173806038086184,0.02353471234579274,0.04517380638861823,0.023534707302445668,0.007987477954671363,0.008826093832539073,0.00798747783908027,0.00882609402970047,-0.005549502707040688,0.0020670201097914287,-0.0055495028071774755,0.0020670203027037815,-0.003934355992313954,0.016861689032737104,-0.003934356656408511,0.016861690115817396,0.004475362373121072,0.03439111088164282,0.004475360270483009,0.03439111441009857,-0.007492760773224916,0.045194124224693155,-0.007492764487295744,0.045194126469581875,-0.02048943938454073,-0.017999039930842287,-0.02048944060609159,-0.017999037698899656,-0.00292061195284532,0.002998516376052862,-0.0029206792362046485,0.002998333734268499,0.0015330675764531065,0.03529481156792258,0.001533067102840846,0.03529481224748565,0.0,0.0,0.0,0.0,0.011352100807229704,-0.0011906574209206156,0.011352100177767,-0.0011906563038905915,-0.001936670939983287,0.0028369536905472614,-0.0019366714446888977,0.0028369546556632486,-0.0007518331839762027,0.0003511295899727429,-0.0007518228632150681,0.00035110511166180913,0.0,0.0,0.0,0.0,0.00027323920133426327,-0.00012428669572273066,0.00027323882719088033,-0.00012428596212998855,0.000694418080485093,-0.0003695911809984409,0.0006944170975913266,-0.0003695892104644827,7.555619509247435e-05,-0.00020208411220323796,7.55545569717242e-05,-0.00020207700841012866,7.234270380962471e-05,8.409142083110055e-06,7.234326211857933e-05,8.409465138470296e-06,0.0,0.0,0.0,0.0
69800000.0,0.05775944191882232,0.07548715146799623,0.05775944138547118,0.07548715238385739,-0.13158945320716953,0.27341937778228953,-0.1315894556163144,0.2734193780447214,0.13061970927510913,0.14359446638648876,0.13061970792364264,0.14359446658734498,0.0,0.0,0.0,0.0,0.0006243349145798049,0.0041529076112993835,0.0006243351837191824,0.004152907596477462,0.0016440690879697684,0.007866430268464342,0.0016440696308706038,0.00786643023965894,0.05099818691947178,-0.006111711145408094,0.0509981817135845,-0.006111711397622344,0.011473281413103109,0.002763660419461189,0.011473281615391073,0.002763660399011769,-0.004182553678788281,0.005291436552553819,-0.0041825534835915334,0.005291436514951897,0.005869266193233358,0.016564182716237497,0.005869267301626735,0.016564182687915263,0.022847760858013544,0.02632865444125798,0.02284776447928749,0.026328654521904582,0.019027246696971645,0.042059356993760844,0.019027249198735774,0.04205935871702593,-0.02722304364306183,-0.003985417565047555,-0.027223041356311484,-0.0039854178209139945,0.0007448477290417088,0.004183478081074554,0.0007446639251789122,0.004183561939797187,0.014788201476161333,0.03270165869648167,0.014788202163469322,0.03270165869672326,0.0,0.0,0.0,0.0,0.008922692201892346,-0.007294011347497076,0.008922693351784972,-0.007294011416107082,-1.1302119666822819e-05,0.0034876184388394904,-1.1301122711415701e-05,0.003487618352906452,-0.0001342850708923038,0.0008310142171978896,-0.00013431050173196013,0.0008310053670328443,0.0,0.0,0.0,0.0,0.00014858945620233044,-0.0002658060337239476,0.0001485902179112486,-0.00026580610318660547,0.00032820495287566587,-0.0007222002061268995,0.0003282070000594217,-0.000722200403757256,-0.00013692069379445115,-0.00016791201716159776,-0.00013691349655786667,-0.00016791326598308842,4.61182089637191e-05,-5.764472936675702e-05,4.6118466656253077e-05,-5.764537453956109e-05,0.0,0.0,0.0,0.0
70100000.0,0.09019935035693649,0.034831088800174825,0.09019935124781497,0.0348310894335242,-0.061433940366125483,0.3024213162097169,-0.06143393884901727,0.30242131804106975,0.17590273316531935,0.08997203451951918,0.17590273400715972,0.08997203557214561,0.0,0.0,0.0,0.0,0.0028649215202065648,0.0032275889944912706,0.0028649213504934323,0.003227588797273029,0.005764557951106752,0.005886456815829888,0.0057645576067670845,0.005886456416263286,0.03896602503971636,-0.034203676703228325,0.038966024991992754,-0.034203671217525766,0.01093946990803829,-0.004153685129452356,0.010939469761005682,-0.004153685272896723,-0.0008261102834303813,0.007551969726634411,-0.0008261104501556815,0.007551969590437579,0.014115143278935705,0.010947494404035751,0.014115142608176257,0.010947493592993851,0.03381071052822193,0.009376802721050126,0.033810708737075146,0.009376799930592483,0.03954550398718126,0.02462771432104205,0.03954550386438527,0.02462771250593221,-0.025229093954241222,0.011576148161069,-0.025229095580101557,0.011576146503841755,0.0038984370990000627,0.0018614948642579066,0.003898538736159196,0.0018616768246744186,0.02636587846951599,0.02524820207648304,0.02636587803126389,0.025248201586791197,0.0,0.0,0.0,0.0,0.0034881096694512337,-0.011117884577345194,0.0034881089525988784,-0.011117885434472896,0.001982796771418549,0.0029392853489014215,0.001982796138118914,0.0029392846036273568,0.0006220546202015953,0.0005869395486257645,0.0006220474896245776,0.0005869656273631563,0.0,0.0,0.0,0.0,-3.865193951568813e-05,-0.00030679335284844456,-3.865242091549703e-05,-0.0003067939243095452,-0.0001814099535550895,-0.0007791782277735138,-0.00018141124431281241,-0.0007791797720955174,-0.00021517555680716782,3.384678736040314e-05,-0.00021517950867888658,3.384057478683644e-05,-2.4813322596628495e-05,-7.069520903257853e-05,-2.4814014267349194e-05,-7.069533445758225e-05,0.0,0.0,0.0,0.0
70400000.0,0.09688166719234204,-0.0177918358222513,0.0968816679314557,-0.017791836736648747,0.01529245797739165,0.31370973928409285,0.015292458727209635,0.3137097369686188,0.20007085380523648,0.02246878418689846,0.2000708542901748,0.022468782952842048,0.0,0.0,0.0,0.0,0.004278937731680088,0.001168263736204267,0.004278937663769966,0.0011682640097490093,0.008241234594297708,0.0018872334245685352,0.008241234457184277,0.001887233978010272,0.012826290044621658,-0.050772596901211386,0.012826295850722147,-0.050772597244190365,0.006629134117645208,-0.009521937924944268,0.006629134081961752,-0.009521937693506288,0.0037720697149694615,0.007585145814303473,0.0037720696829666167,0.007585146069700954,0.01811331478456779,0.0015992770777302212,0.01811331451374798,0.0015992781738276562,0.03361436940086904,-0.010973291599540858,0.03361436813610297,-0.010973288562510675,0.04706325291936153,-0.001518354118275056,0.047063252500478825,-0.0015183527810336273,-0.014998028371671523,0.02365631496188314,-0.014998028883848491,0.023656317499501256,0.0038503658920596706,-0.0021269313974130455,0.0038505422337635764,-0.0021270514837823384,0.03451686441905011,0.01379601084435933,0.03451686428466161,0.013796011585853307,0.0,0.0,0.0,0.0,-0.0032416158514578797,-0.011343026150100854,-0.0032416161702641944,-0.011343025004833862,0.0033517557181816926,0.001337027975708338,0.0033517554371016445,0.0013370289653806822,0.0008491517124369352,-0.0001894863083009568,0.0008491779795036791,-0.0001894810727804952,0.0,0.0,0.0,0.0,-0.000216806374286449,-0.00022749986189296578,-0.00021680659442324668,-0.0002274991148283334,-0.0006240349897801423,-0.0005114802287664588,-0.000624035597496686,-0.0005114782360351455,-7.938919338101869e-05,0.00020424172302568877,-7.93934920793049e-05,0.00020424780201722115,-7.430035608990693e-05,-1.66267190166991e-05,-7.430031349642263e-05,-1.6626062233626726e-05,0.0,0.0,0.0,0.0
70700000.0,0.07466988275086095,-0.06723218549809928,0.07466988175681522,-0.06723218633017325,0.09417319937027102,0.30569603077510976,0.09417319689522685,0.3056960312682975,0.1989620954976239,-0.05086743451617792,0.1989620942172401,-0.05086743435305152,0.0,0.0,0.0,0.0,0.00433691609952902,-0.0014053000992362286,0.004336916403847368,-0.0014053001803659981,0.00816354528616614,-0.0029567866768331896,0.008163545900814029,-0.0029567868449618118,-0.018504167210746658,-0.04955058882156038,-0.018504168155697442,-0.04955059487900826,9.06998566954087e-05,-0.011501561341077604,9.070011193657024e-05,-0.011501561429199114,0.0080734655377519,0.004742335625266492,0.008073465825155779,0.004742335538807652,0.016399795802040984,-0.008637288483555494,0.016399797018301854,-0.008637288841526924,0.022107136000471428,-0.02799952392858529,0.02210713940996456,-0.027999524432445355,0.038729873747566756,-0.027779735500928382,0.03872987541283379,-0.02777973672607459,0.00029672257441504257,0.028271281274413695,0.000296725379058671,0.028271280460700154,0.0005123821583445931,-0.004455604857994899,0.0005122438405358309,-0.004455771098093919,0.03788693048483083,-0.00017032564689145602,0.03788693133804344,-0.00017032592826637938,0.0,0.0,0.0,0.0,-0.009077155856424213,-0.007785742727961065,-0.009077154590219294,-0.007785743033494441,0.0035884877846328322,-0.0008001201863692131,0.0035884888603021636,-0.0008001204390808425,0.00032356508230435566,-0.0008247391694595763,0.0003235684091507096,-0.0008247650279855634,0.0,0.0,0.0,0.0,-0.00031489186579491957,-5.485775940883286e-05,-0.000314891059669975,-5.485794189041826e-05,-0.0008134289850687537,-2.5219794395070494e-05,-0.0008134268386505994,-2.522026336748695e-05,0.00013772569030123805,0.00017212694952206675,0.00013773302107367158,0.00017212869525451424,-5.43091600135881e-05,5.524328567219072e-05,-5.430863559041654e-05,5.524308865290095e-05,0.0,0.0,0.0,0.0
71000000.0,0.02883156396819686,-0.09847014347974437,0.02883156308043411,-0.09847014235154461,0.17036681290946376,0.2778856009088031,0.17036681443531165,0.2778856029596142,0.17140500078418341,-0.12074678739620026,0.17140500147112192,-0.12074678638217051,0.0,0.0,0.0,0.0,0.002931681331219238,-0.003654943649081588,0.002931681122042562,-0.0036549439141992934,0.005390911091566863,-0.007109173516269607,0.005390910661215997,-0.0071091740536815,-0.04386467592370735,-0.03044560623060022,-0.04386468205048999,-0.03044560451259315,-0.006369540168019938,-0.009452897302068664,-0.00636954036137638,-0.00945289752282008,0.010255716717047392,-0.0005442073836405825,0.010255716530071624,-0.0005442076480051128,0.009264777747713282,-0.016491886449841786,0.009264776848517897,-0.016491887500961866,0.0028908434556065288,-0.03590729089434319,0.00289084143884466,-0.0359072938620244,0.016902103707405303,-0.04524998513545597,0.016902101096825106,-0.045249986299495504,0.015789585768839487,0.02378755261300114,0.01578958381307416,0.023787550142785108,-0.0034049914418616822,-0.00305906975378889,-0.0034051426175665256,-0.0030589146634696363,0.03573925081935059,-0.014712058211742374,0.03573925016845081,-0.014712058992827792,0.0,0.0,0.0,0.0,-0.012042529196239826,-0.0015035213110934365,-0.012042530036108445,-0.001503522410857272,0.002559037663143471,-0.0027402603707571416,0.0025590369582673134,-0.002740261283804557,-0.0005134129565611545,-0.0007424527909591916,-0.000513437749049217,-0.0007424544290444146,0.0,0.0,0.0,0.0,-0.00029070581610568524,0.00014602047608036628,-0.0002907063346562211,0.00014601980109318902,-0.0006658242367869605,0.00048013546141589813,-0.0006658256044609345,0.0004801336658886157,0.00021910182467266281,-3.333682835204854e-05,0.0002191007571283876,-3.334436939894658e-05,1.863457795181489e-05,7.667772389652328e-05,1.8634293493136056e-05,7.66774135314563e-05,0.0,0.0,0.0,0.0
71300000.0,-0.02794847355549379,-0.10106530836600314,-0.027948472248755962,-0.10106530748258535,0.23887897067630703,0.23100488914694495,0.2388789719719817,0.2310048870516539,0.1196016911838953,-0.17772851853284521,0.11960169176545321,-0.1777285194823719,0.0,0.0,0.0,0.0,0.0004477633210946408,-0.004793897197046704,0.0004477631371635482,-0.004793896908481088,0.0006633832649463045,-0.009148044719410109,0.0006633828905080463,-0.009148044127258004,-0.05384780044462545,7.836109286074588e-05,-0.05384779787840088,7.836703562702496e-05,-0.010499719079671621,-0.004151560476614691,-0.010499719230484317,-0.004151560218076611,0.008963897070408677,-0.006698449517628546,0.008963896860635145,-0.006698449270331253,-0.001233578954945358,-0.019284701758593314,-0.0012335796675095878,-0.019284700522902654,-0.01773308508556326,-0.03178361302336441,-0.01773308711920052,-0.03178361009143771,-0.011411279635840543,-0.047650358177421026,-0.011411279796728735,-0.047650354793447036,0.026466234899370278,0.011480287042331838,0.02646623313026808,0.011480289702788582,-0.004557962470187249,0.001034671833366474,-0.004557793571532187,0.00103480288142066,0.028107881629164666,-0.027686133038798744,0.028107881040870808,-0.027686132138654784,0.0,0.0,0.0,0.0,-0.011034833986695247,0.0054945450298191645,-0.011034834746570965,0.005494546195237149,0.000570611780705832,-0.0037837442635577645,0.0005706111761796251,-0.003783743295841191,-0.0009198887666457267,1.3311858666043008e-05,-0.00091988919961139,1.333497330335831e-05,0.0,0.0,0.0,0.0,-0.00014896605002689967,0.00029592148418089437,-0.00014896648420048564,0.000295922194638365,-0.00023690291182987266,0.0007934624617860209,-0.00023690406668563924,0.0007934643364393423,8.08496423765348e-05,-0.00020732983641380542,8.084294305632511e-05,-0.0002073261003516791,7.647531554511033e-05,2.4981801146850557e-05,7.647525620768647e-05,2.4982072773127584e-05,0.0,0.0,0.0,0.0
71600000.0,-0.07883912856454955,-0.0726528991854849,-0.07883912776453172,-0.07265290069595665,0.29487589429305316,0.16705933066610612,0.29487589213023924,0.16705933012559626,0.04911696687754841,-0.21344182852665483,0.049116965945415814,-0.21344182869546557,0.0,0.0,0.0,0.0,-0.0023331730824409647,-0.004361612510180635,-0.0023331727699194005,-0.004361612411884153,-0.004570485617374942,-0.008250103395567976,-0.00457048497643342,-0.008250103195834413,-0.04442467925352389,0.031102736764125893,-0.044424673760783406,0.031102733394092752,-0.010894503690451529,0.002496048219299496,-0.010894503411968515,0.002496048296961817,0.0040033540404884604,-0.01144195353937505,0.00400335430346388,-0.011441953385741499,-0.011817793243448449,-0.015832140213433377,-0.011817791903521169,-0.01583213986384635,-0.03277046966259434,-0.016701106415567324,-0.03277046648692661,-0.016701105374778535,-0.03666887966702603,-0.03358813357482404,-0.03666887620516235,-0.0335881344804676,0.028767709979344858,-0.0048306614011153215,0.028767712852172167,-0.0048306603803354164,-0.001818105875514675,0.004413112802808428,-0.001817999648331181,0.004412934680274816,0.01585158413582377,-0.037048731900995335,0.015851585143380476,-0.0370487315359469,0.0,0.0,0.0,0.0,-0.006237321194941359,0.010866961792842744,-0.006237319941575947,0.01086696219162775,-0.0017111133481151342,-0.003513167805394346,-0.001711112327733133,-0.0035131675166866216,-0.0005098730483723557,0.000786931328150331,-0.0005098520599631229,0.0007869312717332377,0.0,0.0,0.0,0.0,5.8303284532712496e-05,0.0003324977823382369,5.830402519180211e-05,0.000332497974142143,0.0002989057687337038,0.0007800934857016273,0.00029890772110263697,0.0007800939945354912,-0.00013969274921521446,-0.0001739592341749585,-0.00013968686423027066,-0.0001739542859127141,6.264996958549318e-05,-5.3029575838081655e-05,6.265012115491686e-05,-5.3029748443123026e-05,0.0,0.0,0.0,0.0
71900000.0,-0.10772578924947496,-0.0203167660216792,-0.10772579096370904,-0.020316766648790008,0.3340209006066921,0.08930817892215259,0.3340209005579098,0.08930818081317682,-0.03157773182835655,-0.22179450162866488,-0.031577731748189564,-0.22179450089420527,0.0,0.0,0.0,0.0,-0.004472973194967977,-0.002408136158678076,-0.004472973158346605,-0.002408136456296006,-0.008581634224814394,-0.004519600959142167,-0.008581634152545092,-0.004519601568929943,-0.01869535008349743,0.05122530120036117,-0.01869535411039891,0.05122529637495177,-0.0074832926035597325,0.008138425027567564,-0.007483292578413625,0.008138424762378804,-0.0033462240767114793,-0.012628621863655098,-0.0033462239576742547,-0.012628622110526067,-0.01898037953331766,-0.0069404603310943,-0.018980379448997553,-0.006940461608877513,-0.036897291731992965,0.00446776588248099,-0.036897291394588194,0.004467762941501974,-0.04993618878025785,-0.007327811246526039,-0.049936190457607665,-0.0073278142763797405,0.021753328289165097,-0.01995358751258891,0.02175332877214231,-0.01995359024378729,0.0026187124707135467,0.004109850431063933,0.00261853127033973,0.0041097728468599826,0.0005879095217409258,-0.04117276186995866,0.0005879097071108674,-0.04117276287608718,0.0,0.0,0.0,0.0,0.0008694972944525148,0.012711612722398513,0.0008694974329550575,0.012711611551154078,-0.0034780900999642483,-0.001960290783458163,-0.003478090028533387,-0.001960291712293838,0.0003786386107798023,0.0008774878381672124,0.00037863892417533407,0.000877469174952239,0.0,0.0,0.0,0.0,0.00025030736814457555,0.0002361349104234023,0.0002503074001509731,0.00023613424905022384,0.000719154613349815,0.0004395906276073447,0.0007191546942344473,0.0004395888910408985,-0.00022068155143273316,3.423344352881941e-05,-0.0002206789985663704,3.422621576021356e-05,-1.2629471907388279e-05,-8.281523680864211e-05,-1.2629810104414219e-05,-8.28151874827654e-05,0.0,0.0,0.0,0.0
72200000.0,-0.10434472648703519,0.04088062554714611,-0.10434472684646323,0.04088062743392129,0.3528108469788265,0.002147146363427055,0.35281084852946876,0.0021471462720370482,-0.11200510093517835,-0.20000360101920478,-0.11200510041839351,-0.20000360113949966,0.0,0.0,0.0,0.0,-0.005192338153392484,0.00048515377127955617,-0.005192338422020271,0.0004851537619430246,-0.009926059870828396,0.0009678358589439995,-0.009926060423971705,0.0009678358413935939,0.01409060535316442,0.05289978602992562,0.014090601327328756,0.052899790508988076,-0.0015376178440966726,0.010818858303110801,-0.0015376180838977405,0.010818858300481793,-0.010596580315141324,-0.009173050575085995,-0.010596580533871247,-0.009173050691615003,-0.020134239774872498,0.004716965569357967,-0.02013424093870242,0.004716965607400425,-0.028385820054570132,0.024570829564353858,-0.028385822616222356,0.024570829508746783,-0.04607016508248307,0.022357671941293233,-0.04607016750425075,0.022357673954928714,0.007459792491538053,-0.028949576237309316,0.007459790011996148,-0.028949576488543016,0.004969708169380027,0.0002208838275095104,0.0049696617341545846,0.0002210606009782623,-0.015496403938108472,-0.03913133453536943,-0.015496404895735338,-0.0391313346158455,0.0,0.0,0.0,0.0,0.007937690706580014,0.010243259543699423,0.007937689669152093,0.010243259518773584,-0.004062857142876908,0.00037685711275514677,-0.0040628579438752865,0.0003768571200595261,0.0009583170587319501,0.00017488561387324353,0.0009583006402777983,0.00017488404667176383,0.0,0.0,0.0,0.0,0.0003486206252709678,4.0038688922550136e-05,0.0003486200698965547,4.003870722613101e-05,0.0008455478740572175,-9.146778646140774e-05,0.0008455464187200334,-9.146773278700948e-05,-8.066727832201082e-05,0.00020816293907444106,-8.067487445728716e-05,0.00020816308104087966,-7.88147178027998e-05,-3.316175703105273e-05,-7.881442837032182e-05,-3.316134278463778e-05,0.0,0.0,0.0,0.0
72500000.0,-0.06803044253812374,0.09210600899149313,-0.06803044054121798,0.09210600899523058,0.3488859322202025,-0.08910311387425907,0.3488859322297877,-0.08910311525517045,-0.18096319142228978,-0.14927787073290233,-0.1809631914403056,-0.1492778711482714,0.0,0.0,0.0,0.0,-0.004155677195800678,0.0033705159505927895,-0.004155677202522412,0.003370516203020202,-0.00796633724525364,0.006453382021163634,-0.007966337256846145,0.006453382541920405,0.04195777093232422,0.03537098151068108,0.041957775655717455,0.03537098469874422,0.004802837351714828,0.009663875367323271,0.004802837351817857,0.009663875591243709,-0.01487733836274785,-0.0016872021491138867,-0.014877338500340898,-0.001687201947589756,-0.014553728351742734,0.015362802878811976,-0.014553728292668211,0.015362803982966966,-0.009866743541419254,0.036593908468333325,-0.009866743615241091,0.03659391081124852,-0.025797794772532967,0.04505764010465896,-0.02579779274887528,0.04505764205183027,-0.009667135144088235,-0.028717016653487804,-0.009667135383057968,-0.028717014311013145,0.0030948123103726743,-0.004025614928337973,0.0030949761046237256,-0.004025600473227087,-0.029942913690714335,-0.030897868239648574,-0.029942913721153985,-0.030897867316738825,0.0,0.0,0.0,0.0,0.012514344930462329,0.00413355425112627,0.012514344914237086,0.004133555211012663,-0.0031909998000898554,0.002685502597429945,-0.0031909998135404294,0.0026855033334385325,0.0006898747579349163,-0.0007145368315377709,0.0006898711416525316,-0.0007145223338511641,0.0,0.0,0.0,0.0,0.00030911055127447185,-0.00018050983231887585,0.00030911054377114056,-0.00018050932835933509,0.0006194939930566079,-0.0005939811252346772,0.0006194939762274032,-0.0005939798090963677,0.00013955008779475975,0.00017394165460871136,0.00013955284801880907,0.0001739486186238537,-7.080520197888518e-05,5.1003066715793466e-05,-7.0804799150892e-05,5.100254391265935e-05,0.0,0.0,0.0,0.0
72800000.0,-0.008624424006878684,0.11660095900816714,-0.008624424431499023,0.11660095699095052,0.321285338100342,-0.17849670791751748,0.32128533661972725,-0.17849670804011453,-0.22805375513189574,-0.07500277859664095,-0.22805375561642904,-0.07500277868780358,0.0,0.0,0.0,0.0,-0.0016209358957830489,0.005241818513255225,-0.001620935636946541,0.005241818518271657,-0.0031601733367523366,0.01004965031917493,-0.0031601728018166853,0.010049650327843551,0.054715542936229156,0.004988231973271695,0.05471554531186129,0.004988227172660231,0.009307817199601942,0.005171567206019745,0.0093078174266914,0.005171567203518634,-0.014060466982542152,0.007494524141876013,-0.014060466779159952,0.0074945243061819156,-0.003759755340723814,0.021324153612312102,-0.0037597541997271833,0.021324153537747748,0.01243712588615864,0.03615425799095817,0.012437128296571842,0.03615425810468764,0.0042133608305974235,0.05242070483629391,0.004213362569057466,0.052420702861354584,-0.024119505337001357,-0.019047006809898903,-0.024119502924385472,-0.019047006568627012,-0.001556905038665235,-0.004944403831046884,-0.0015569214483903693,-0.004944545407695955,-0.04039061808318323,-0.017420447195576116,-0.040390617154479,-0.017420447210369616,0.0,0.0,0.0,0.0,0.012896778380824259,-0.0036379229142937675,0.012896779362286281,-0.0036379228985623513,-0.0011074402836221964,0.004116674090226979,-0.0011074395129746506,0.004116674129022613,-0.00021735403932510167,-0.0009895682010778728,-0.00021734098390524537,-0.0009895618975122034,0.0,0.0,0.0,0.0,0.00014169045826761817,-0.0003366284081920412,0.00014169099310379352,-0.00033662837171277715,0.00012907211246115935,-0.0008564892833931026,0.00012907351007029888,-0.0008564891874556224,0.00022024909146622917,-3.320761665293048e-05,0.00022025452850016336,-3.321256392041505e-05,6.851159916720917e-06,8.875855418466472e-05,6.8504402968017075e-06,8.875822727816285e-05,0.0,0.0,0.0,0.0
73100000.0,0.05607214976715014,0.10529773029269052,0.056072147846045084,0.10529773119436925,0.2706225412108729,-0.259836024869017,0.27062254119333673,-0.2598360231103385,-0.24526151052586798,0.01366974926254727,-0.2452615105964817,0.01366974993325698,0.0,0.0,0.0,0.0,0.0016109807973982981,0.005386741161572672,0.0016109807794286723,0.005386740881355934,0.0030117436833982936,0.01039163479394034,0.003011743644940168,0.010391634213711143,0.04774927060322298,-0.027202275694797606,0.04774926583936079,-0.02720227731226288,0.010449861006399885,-0.0009976760959560238,0.01044986098431977,-0.0009976763394163868,-0.0077506067800534595,0.015010004984830516,-0.007750606600911425,0.015010004765841245,0.00884351942201178,0.02030713576812815,0.008843519242137887,0.020307134529765847,0.030812467376598818,0.02314740814290417,0.030812467276575717,0.02314740548693095,0.03350886745363013,0.041328109658692824,0.03350886531653785,0.041328107959749616,-0.03106550837416222,-0.002800554035026437,-0.031065508314444656,-0.002800556645127017,-0.005050016480467434,-0.0015871328599530443,-0.005050126306393565,-0.0015870888458451304,-0.04496316757082042,-0.0005439172450323326,-0.04496316767550468,-0.0005439181992983322,0.0,0.0,0.0,0.0,0.008779513828272911,-0.010410757679331084,0.00877951375479924,-0.010410758741876691,0.0014811395316094433,0.004097414971781177,0.001481139509316165,0.004097414102133712,-0.0009642279075556814,-0.0003737218259871611,-0.0009642184419149658,-0.00037373397491080596,0.0,0.0,0.0,0.0,-9.090603968076039e-05,-0.0003614693327591567,-9.090604169159633e-05,-0.00036146995205399435,-0.00042487598084406386,-0.0007640234686476788,-0.00042487598692275697,-0.0007640250923088843,8.219668296405302e-05,-0.00020687270199459817,8.219026871714163e-05,-0.00020687594034995982,8.09642965009516e-05,4.1061549005405595e-05,8.096408335589445e-05,4.106241818391254e-05,0.0,0.0,0.0,0.0
73400000.0,0.10569368537207069,0.060210445261702716,0.10569368676941693,0.06021044695039279,0.1991582621571375,-0.3270966624470901,0.19915826414682414,-0.32709666285190053,-0.22834503269188033,0.1048449587620297,-0.22834503184782307,0.10484495862120013,0.0,0.0,0.0,0.0,0.004445065815627203,0.003659246438296293,0.0044450655232068925,0.0036592465091658255,0.00848879016513493,0.007158548934214082,0.008488789558349197,0.007158549081346166,0.02364813637652219,-0.04957795438816248,0.023648135473404608,-0.049577949733837556,0.00792615811398889,-0.006640309447107029,0.007926157861671612,-0.006640309380713916,0.0023016680881298157,0.017698969780454377,0.002301667856926315,0.01769896960644246,0.019022922325902414,0.012289399547775304,0.019022921028732043,0.012289399963819392,0.038768215084161284,0.0018946751599884237,0.03876821228492133,0.0018946758479359005,0.051550792484043484,0.01526232775803038,0.05155079092560655,0.01526233038705982,-0.027951407321570088,0.014893322262778952,-0.027951410048824954,0.014893322655602503,-0.004279520908667678,0.0033055760234930176,-0.004279454850475872,0.0033056446857884225,-0.0426103087457399,0.017223453992905036,-0.04261030969077595,0.017223454254541082,0.0,0.0,0.0,0.0,0.001438741361152296,-0.013757730239859711,0.001438740257011517,-0.013757729944885,0.003640941750493454,0.0025616537731707467,0.0036409408077489047,0.0025616539815302986,-0.0008619660868269818,0.000610296702276969,-0.0008619778470766448,0.0006102837054555721,0.0,0.0,0.0,0.0,-0.0002961094440792067,-0.00023882837055566597,-0.000296110129649918,-0.00023882823020215938,-0.0008106913368983726,-0.0003484365559955904,-0.0008106931407034779,-0.0003484361805092817,-0.00013722003060223642,-0.00017542234231626708,-0.00013722070879396142,-0.00017541536905696375,7.862169304218014e-05,-4.881183050997606e-05,7.862267167979553e-05,-4.8811750076538374e-05,0.0,0.0,0.0,0.0
73700000.0,0.12383502731500329,-0.005716022628590167,0.12383502862162032,-0.005716024500173944,0.1107556147470703,-0.37487469642790927,0.11075561368452469,-0.37487469835252796,-0.17779111399787695,0.18543948385503484,-0.17779111449809193,0.18543948299596025,0.0,0.0,0.0,0.0,0.005863973853230675,0.0005671736008991957,0.005863973998742722,0.0005671738712749175,0.011318098650157538,0.001264524610206763,0.011318098948038369,0.0012645251737950503,-0.008850125200090986,-0.054163901556009364,-0.008850120718157939,-0.054163901349852495,0.0027291067906460853,-0.009803966915896467,0.0027291069186858863,-0.009803966682824239,0.012624979870921038,0.013921933294597011,0.012624979714630058,0.013921933516456875,0.023142767015066568,-0.0003243927901053212,0.02314276775753399,-0.000324391576057792,0.03336949235699649,-0.020308340591796537,0.03336949389250776,-0.02030833805616794,0.05160490879074331,-0.016764291586909508,0.05160491213260343,-0.016764290559649453,-0.015444459217754058,0.028220087947616435,-0.01544445818437623,0.02822009049205576,0.00027759850664210717,0.005518118170883213,0.0002776171850413789,0.0055180380420551955,-0.03333999605368376,0.0330744668931402,-0.033339995596350036,0.033074467737563396,0.0,0.0,0.0,0.0,-0.006647499044021288,-0.01236815387554202,-0.006647498435398802,-0.01236815287361992,0.004547310349352074,5.681822514702617e-06,0.004547310834745133,5.682713847932064e-06,3.4980490312364054e-05,0.0010785480859993868,3.496362075594561e-05,0.0010785599438918325,0.0,0.0,0.0,0.0,-0.0003881046128455523,-1.2483080610081743e-05,-0.0003881042614679586,-1.2482423528581421e-05,-0.0008626375253726337,0.00022181961220724133,-0.0008626365857793417,0.00022182134217985094,-0.0002211159873937163,2.9964118198222423e-05,-0.00022110942905584352,2.9962231053559663e-05,-9.556706217495048e-07,-9.431058813902382e-05,-9.557385709513255e-07,-9.431164714612805e-05,0.0,0.0,0.0,0.0
74000000.0,0.10350589756615847,-0.07237580852581971,0.10350589528392362,-0.07237580929761123,0.010710612102222683,-0.3988225374902754,0.01071061067705159,-0.39882253577033566,-0.09912076177107565,0.24307741142752093,-0.09912076240432555,0.24307741230063584,0.0,0.0,0.0,0.0,0.005295925165896165,-0.0028701480580508587,0.005295925366020526,-0.0028701482749085017,0.010356863555628593,-0.00538043891319262,0.010356863977627029,-0.005380439353672273,-0.038094896691795554,-0.039427800037842076,-0.0380948971824111,-0.03942780426883985,-0.0032447787644684922,-0.009467124919410708,-0.0032447785910605376,-0.009467125106141339,0.019225157029666207,0.004418609079749558,0.0192251572092772,0.004418609225311343,0.019477231339898537,-0.013398582392866842,0.0194772322697645,-0.013398583445706436,0.01632788844051447,-0.035734700145681586,0.016327890141496937,-0.035734702481846625,0.0333078757799683,-0.043389692273152036,0.03330787572621574,-0.043389696249491294,0.002635602710938656,0.03257595486518028,0.002635604653768553,0.032575953231926746,0.0047951050203494106,0.0029789554864976253,0.00479502124620268,0.0029789944675400193,-0.018290098857633552,0.04434767081386326,-0.018290098234984953,0.044347670183782384,0.0,0.0,0.0,0.0,-0.012637556892421742,-0.006570343380673194,-0.012637556196487765,-0.006570344285066199,0.0038015166381768495,-0.002665846824314144,0.0038015172963667965,-0.0026658475787968428,0.0009402127433091323,0.0005762357482552716,0.0009402252011625478,0.0005762568833773685,0.0,0.0,0.0,0.0,-0.0003236792176721792,0.00022877245189079076,-0.0003236787299840671,0.0002287718904057101,-0.0005521133342298867,0.0007096139379427768,-0.0005521120517357758,0.0007096124392944603,-8.595922214027496e-05,0.00020670772524056247,-8.596332541799256e-05,0.0002067024859115918,-8.268636398867102e-05,-4.901333893769788e-05,-8.268747523487718e-05,-4.901310188643038e-05,0.0,0.0,0.0,0.0
74300000.0,0.04967523409814589,-0.11869432303079464,0.04967523400870988,-0.11869432045051553,-0.09453873987477124,-0.3960376965261787,-0.09453873778400634,-0.3960376959909695,-0.0024195436086813515,0.2680500103548553,-0.002419542510430972,0.2680500105412591,0.0,0.0,0.0,0.0,0.002844233427701681,-0.00545750664032596,0.002844233175423483,-0.005457506728888006,0.005733176392439532,-0.010486116974590232,0.005733175879278463,-0.010486117170799503,-0.053705633074692116,-0.010721382372253174,-0.053705636948564006,-0.0107213811976834,-0.007892097988261071,-0.005866360307777541,-0.007892098204841602,-0.005866360386932001,0.019144684323080696,-0.007717511387156151,0.019144684488544783,-0.007717511496849738,0.008925981771483293,-0.022421966109476443,0.008925980552163537,-0.022421966582143682,-0.006554947827218882,-0.03894476000685643,-0.006554950547425165,-0.038944760373752274,0.002908777775736837,-0.05501196187231017,0.0029087736042257006,-0.05501196026423827,0.020442802982181263,0.026166439621420068,0.020442801063637717,0.026166438643528522,0.005288149653175367,-0.002298246496707179,0.005288252190602805,-0.002298171880269706,0.0003873438950492414,0.04898109582433108,0.00038734319139877016,0.048981095525178375,0.0,0.0,0.0,0.0,-0.014335812307251672,0.0017199065577955253,-0.01433581335842149,0.0017199063446327045,0.0016051405570181032,-0.00445870381220459,0.001605139656909671,-0.004458704078615483,0.00101929870899653,-0.00048001151348842086,0.0010193245693699282,-0.0004800251986125659,0.0,0.0,0.0,0.0,-0.00012238236453754325,0.00038563253501422423,-0.000122383040945806,0.0003856323409081597,-2.7591251807734807e-06,0.0009075758458010341,-2.7609324106947497e-06,0.0009075753419125476,0.00013586703661161437,0.00017915645514676726,0.0001358638294206571,0.00017916211625390588,-8.641715244550596e-05,4.617917602445232e-05,-8.64167152343498e-05,4.618029551295422e-05,0.0,0.0,0.0,0.0
74600000.0,-0.021929107130581826,-0.1292580601453892,-0.02192910441365825,-0.12925806086630587,-0.1978111746971578,-0.3653699249058491,-0.1978111752180709,-0.36536992687368297,0.09891026430774019,0.25501165607501264,0.09891026394979718,0.2550116550167303,0.0,0.0,0.0,0.0,-0.0007137293983561221,-0.006242001867150293,-0.0007137293593544314,-0.00624200163615285,-0.0011210309756037873,-0.01217636974094205,-0.001121030912784704,-0.012176369270690657,-0.05021942274610325,0.021702240763943337,-0.050219420938660164,0.021702244159513384,-0.009647555298954558,-0.00036830459190184683,-0.009647555271342867,-0.0003683043930493568,0.011765335133802068,-0.018038700033329746,0.011765335101038943,-0.018038700265776697,-0.005162091771275357,-0.02407490411667368,-0.005162091717139106,-0.024074902967228695,-0.027390527760985606,-0.02870934748465004,-0.027390526593016773,-0.028709345060107694,-0.028917647735610785,-0.047291600642253684,-0.02891764439933553,-0.047291596967667715,0.03197842519934113,0.010745137432962792,0.031978425327437776,0.010745139128957248,0.0011339806242247619,-0.0057759548283513595,0.0011340311697551897,-0.005776124358064294,0.019824314818102096,0.045895287257692985,0.01982431487880376,0.04589528788260111,0.0,0.0,0.0,0.0,-0.011007864464502859,0.009631277495657287,-0.011007864121864941,0.009631278451919911,-0.0012841531201956968,-0.004660625014352604,-0.001284152930374205,-0.004660624179052775,0.0001599559714478005,-0.0011393337141640814,0.00015994020269261,-0.0011393647752839797,0.0,0.0,0.0,0.0,0.00013837540373629054,0.000389086372635461,0.00013837555432871795,0.0003890870056721951,0.0005583579751018419,0.0007263132206247747,0.0005583583890782506,0.0007263149123559742,0.00022427666583979544,-2.7567890782620452e-05,0.00022428300951560232,-2.7567132576677977e-05,-5.372993193475395e-06,9.9772229930295e-05,-5.371936417475354e-06,9.977156894080963e-05,0.0,0.0,0.0,0.0
74900000.0,-0.08939490950830731,-0.09932182990029048,-0.08939491113172693,-0.0993218325431684,-0.29166510395995005,-0.3076162525213846,-0.29166510528012424,-0.3076162510924121,0.19003413661120305,0.20409451962513003,0.19003413587726214,0.20409452045319654,0.0,0.0,0.0,0.0,-0.0041707808622390985,-0.004866122754066282,-0.004170780714176203,-0.004866122903621317,-0.007905638638149526,-0.009683699681161784,-0.007905638333404852,-0.009683699964114112,-0.028960801727606622,0.04635204025072426,-0.028960798922376796,0.04635203791174547,-0.008011659141516247,0.005051131544419718,-0.008011659011721406,0.00505113142574487,-0.0007188481605240327,-0.02239638479980499,-0.000718848509151826,-0.02239638482174655,-0.01804371146961614,-0.01745742266338368,-0.018043710637883237,-0.017457423166703734,-0.03894294577198565,-0.008463082678218825,-0.038942944358410614,-0.008463085165757889,-0.05087650852642156,-0.02275915319629007,-0.05087650606635208,-0.022759158024186377,0.03311701153452162,-0.008815743369339657,0.03311701247752552,-0.00881574443613431,-0.004197056780185449,-0.004294401630318134,-0.0041972936283727336,-0.0042944115687646445,0.03687803829025427,0.03523205182509059,0.03687803867762085,0.035232051456517866,0.0,0.0,0.0,0.0,-0.003694148089643079,0.014338799953648618,-0.0036941474821574616,0.014338799130541702,-0.003811530184997025,-0.003125758428424774,-0.0038115296354988004,-0.003125759010345064,-0.0008840447407720831,-0.0007724562583604211,-0.0008840813640418332,-0.0007724372499353649,0.0,0.0,0.0,0.0,0.00035269480319044533,0.00023076248592701631,0.00035269522265224396,0.00023076203824246022,0.0008944451895729344,0.00023478125658016324,0.0008944463158826466,0.00023478005311972083,8.899913926541103e-05,-0.00020890394080197439,8.899738796941392e-05,-0.00020891000116307623,8.426185852528079e-05,5.7374191101189354e-05,8.426097676306199e-05,5.737329445310024e-05,0.0,0.0,0.0,0.0
75200000.0,-0.13121822993920773,-0.03667806244710903,-0.1312182322569626,-0.036678059880784986,-0.36893339669595804,-0.22558068611439808,-0.36893339478052667,-0.2255806858012761,0.2569313026457678,0.12120111065763695,0.25693130371646333,0.12120111087283192,0.0,0.0,0.0,0.0,-0.006301310033514085,-0.001723863762038036,-0.006301310244744229,-0.0017238637871344054,-0.012226669533291101,-0.003684552514997108,-0.012226669939181534,-0.003684552570646815,0.0024836020659435576,0.05455293307585407,0.0024835993305671877,0.054552930925638066,-0.003683404685688174,0.008521217380504709,-0.0036834048566447564,0.00852121735393041,-0.013929597010026384,-0.01862018636377627,-0.013929597042427133,-0.01862018586663794,-0.02518324219246182,-0.004521880440563564,-0.02518324294285179,-0.004521880785588905,-0.037147524019353284,0.014865535966194443,-0.037147527248073686,0.014865536055665984,-0.05509292287682399,0.010045266468097225,-0.05509292860506321,0.010045265712321338,0.023094213887802084,-0.026043492848899064,0.023094212320010854,-0.026043492675995594,-0.0060313715473512275,0.0010445989591403304,-0.006031323430619295,0.0010448998084626737,0.04864610438124828,0.01839661216703803,0.04864610383346957,0.01839661212466126,0.0,0.0,0.0,0.0,0.00510933328041574,0.014081729204832527,0.0051093321801900515,0.014081729120889008,-0.005010983329761132,-0.00035757272232217474,-0.005010984127700624,-0.0003575728340479145,-0.0011521180172309187,0.00032455619715676676,-0.0011520943224638813,0.00032459845738230797,0.0,0.0,0.0,0.0,0.0004290524168695242,-3.053006422248927e-05,0.00042905180877994553,-3.0530155669339365e-05,0.0008589089311925591,-0.0003654396628149925,0.0008589073010298875,-0.0003654399141197473,-0.00013696678971797382,-0.00018230225094839625,-0.0001369716468389015,-0.0001822982973607168,9.459204617456862e-05,-4.336136652227651e-05,9.459141919165859e-05,-4.3360317263818615e-05,0.0,0.0,0.0,0.0
75500000.0,-0.1330142874290985,0.040224181644063606,-0.13301428394383663,0.04022418335313205,-0.4232714410655234,-0.12398492136033212,-0.423271441824717,-0.12398492321787558,0.2886365341400108,0.017368046466714304,0.2886365338042296,0.017368045447227587,0.0,0.0,0.0,0.0,-0.006298610666142679,0.002146442185022579,-0.006298610560563134,0.0021464423958406087,-0.012447044265400109,0.0038673749881041886,-0.012447044055491574,0.003867375390257166,0.03298154706453715,0.043477058462229934,0.03298154557404587,0.0434770614551212,0.001733001143335855,0.008924805006017777,0.001733001226085662,0.008924805178267547,-0.022863219115237143,-0.00753426619029085,-0.022863218462909174,-0.007534266201631112,-0.023858330047239917,0.010483220403699534,-0.02385832987211245,0.010483221142337129,-0.022535809243912297,0.03324057973283345,-0.022535807548145215,0.03324058295960697,-0.039939624485320735,0.03958529463812965,-0.03993962344009816,0.03958530051851028,0.004913032237453763,-0.03500430373190966,0.00491303359969919,-0.0350043022262696,-0.002603201731304239,0.0056663235817069335,-0.0026028441573089367,0.005666199929336813,0.05296812758211189,-0.0021160158456865474,0.05296812791102923,-0.0021160152838177737,0.0,0.0,0.0,0.0,0.01230657207614172,0.008827508665333994,0.012306572552809314,0.008827509781681897,-0.004376438688119322,0.002652360328482928,-0.0043764383342050905,0.002652361112225776,-0.00036418694132578366,0.0011638906221094203,-0.00036413942784463416,0.0011638606017925213,0.0,0.0,0.0,0.0,0.00032937672001764895,-0.0002901185919341742,0.0003293769795007506,-0.00029011799865941157,0.00045935848940814594,-0.0008225704106763487,0.0004593591713870637,-0.0008225688225707017,-0.00022700492721838827,2.7728230037382673e-05,-0.0002269994015975385,2.7731151931220666e-05,1.1909880491600688e-05,-0.00010558926830128712,1.1910989833552321e-05,-0.00010558900096668822,0.0,0.0,0.0,0.0
75800000.0,-0.09238589373320139,0.10751308320371322,-0.0923858929319934,0.10751307889738371,-0.4496763819842897,-0.009227458668377153,-0.44967638331471704,-0.009227457076207202,0.27908958856802,-0.0927386980482936,0.2790895878497608,-0.0927386972985147,0.0,0.0,0.0,0.0,-0.004080855069844347,0.0054058081225321075,-0.004080854915308407,0.005405807911074589,-0.00830887686507964,0.010376538599075502,-0.008308876578631441,0.01037653817590467,0.051796459963753705,0.01709575868052582,0.05179646310660502,0.017095759559992985,0.006326103774085823,0.006254798391111649,0.006326103901201918,0.006254798220510338,-0.02381235624692124,0.007149839353388643,-0.023812356351179176,0.007149838567087841,-0.014198141317962154,0.022408060223952475,-0.01419814082067461,0.02240805963795367,-7.119172602187973e-05,0.040297531106261886,-7.118915360848632e-05,0.04029752810626519,-0.010643410954195076,0.0554202357985929,-0.010643405569140896,0.05542023325726575,-0.01552452074756161,-0.03235483082401913,-0.015524519798752578,-0.03235483314719545,0.0032539646682892,0.005452125867208224,0.003253748913792265,0.0054517228599308964,0.04882420455756176,-0.023090819638710514,0.04882420498528717,-0.023090820276877366,0.0,0.0,0.0,0.0,0.015298744661834007,0.00032999647272902166,0.015298745563626426,0.0003299955412927602,-0.002074344343476753,0.004779709790355469,-0.002074343775937848,0.004779709069651972,0.0007902662869057053,0.0009581344053088969,0.0007902282947114259,0.0009580825910262547,0.0,0.0,0.0,0.0,8.765204675142968e-05,-0.00043918966389355774,8.765247215336558e-05,-0.00043919019820748417,-0.00014227300889047,-0.0009402124900930175,-0.00014227186853332796,-0.0009402139019982769,-8.938400534219682e-05,0.00021085092835448904,-8.938345387576874e-05,0.00021084468737342377,-8.61825363571711e-05,-6.59587064291145e-05,-8.618266975446431e-05,-6.595972155309937e-05,0.0,0.0,0.0,0.0
76100000.0,-0.0203806416874599,0.14314308864103964,-0.020380646633888944,0.14314308904066309,-0.4449351104975676,0.1109992988430406,-0.4449351085027615,0.11099929940641573,0.2282597463405338,-0.1929736535919062,0.22825974726639942,-0.1929736532964199,0.0,0.0,0.0,0.0,-0.0003493047758595935,0.006880631547758753,-0.00034930504666164097,0.006880631479489807,-0.001089682189586938,0.013503236022415877,-0.001089682729165986,0.013503235914029688,0.05235408289422594,-0.015267839350997292,0.05235408323162005,-0.015267842593914338,0.008555572995021521,0.0015660071872645176,0.008555572776018039,0.0015660071321121904,-0.01589940626323738,0.020093068345573784,-0.015899407145461453,0.02009306857448223,0.0007424208671622523,0.02697806808048142,0.0007424200723562535,0.026978067949556817,0.02255371086889113,0.03355120572246051,0.022553707129858935,0.03355120415876911,0.02255232326564993,0.051916964143373434,0.02255231978976724,0.05191695959230458,-0.0313193923611621,-0.01859484098604014,-0.03131939521752969,-0.018594841101645443,0.006450334246018485,0.0004131962628406427,0.006449900901472461,0.0004135188435299142,0.03655527231808264,-0.04110225331673689,0.03655527149123117,-0.041102253522765864,0.0,0.0,0.0,0.0,0.012931261051861043,-0.008457062645788938,0.012931259863542266,-0.00845706320846773,0.0010914419512815243,0.00518914864282749,0.0010914410415878706,0.005189148396183896,0.0012568465379914073,-0.00014097878801067054,0.0012567919663339921,-0.00014093141312798707,0.0,0.0,0.0,0.0,-0.00020091871850524967,-0.00041036059856480733,-0.0002009193895631256,-0.0004103607770673534,-0.0006950805718446418,-0.0006617919031555175,-0.000695082345337994,-0.0006617923865235298,0.00013802576093979724,0.00018271855496720946,0.00013801975781291276,0.00018272045028311368,-0.00010300950581410007,4.089498511916645e-05,-0.00010301025616143988,4.0895486733916186e-05,0.0,0.0,0.0,0.0
76400000.0,0.06121308004774306,0.13410700197140102,0.06121308192020791,0.13410700728871916,-0.40796204542148473,0.22821250069401344,-0.40796204557901916,0.22821249874061778,0.14233628459953707,-0.2681605963209108,0.1423362845110674,-0.26816059718184704,0.0,0.0,0.0,0.0,0.0036323596294209892,0.0059875704738203694,0.0036323596458345264,0.005987570752253646,0.006787007981387205,0.012010586004137735,0.006787008048640075,0.01201058655770737,0.0345075008610749,-0.04224653432578407,0.0345074975074553,-0.04224653416837043,0.0077683965490109586,-0.003441476948324862,0.007768396565069224,-0.003441476721704362,-0.001585449164018371,0.02630468220719706,-0.0015854488054287685,0.02630468314626455,0.0159436062188405,0.02233543159681517,0.015943606448999503,0.022335432385844456,0.03756993010794929,0.015261310414643958,0.0375699295353229,0.015261314296793671,0.048016829604286215,0.03024859537428881,0.04801682584351852,0.03024859920380152,-0.03690387801955808,0.0019457043275110664,-0.03690387730381417,0.001945707260688323,0.004065228611260352,-0.00517402893210317,0.004065670082887607,-0.005173583724257469,0.017860151155559834,-0.05307953796921083,0.01786015118128148,-0.05307953708650359,0.0,0.0,0.0,0.0,0.005941170686753594,-0.014415758099019627,0.005941170455479039,-0.014415756864991636,0.003959797314600166,0.0036631818371688496,0.003959797376026586,0.0036631827503867953,0.0005791395044241199,-0.0011506615514633722,0.0005791972004303148,-0.001150606269789023,0.0,0.0,0.0,0.0,-0.00041710421892560134,-0.00020801478126486472,-0.00041710416446250065,-0.00020801411653792456,-0.000963696746929088,-9.751606991414974e-05,-0.0009636966090553756,-9.751431524307463e-05,0.00022696834434299262,-2.8072535087630968e-05,0.00022697239230495825,-2.8067669447295884e-05,-1.8076615269535523e-05,0.00011168185642418393,-1.8075856779375954e-05,0.00011168219106139077,0.0,0.0,0.0,0.0
76700000.0,0.12629859767109508,0.08128674813751502,0.1262986030076192,0.08128674455905127,-0.33999422911495714,0.33373087078808794,-0.33999423073770174,0.33373087140448376,0.032940255363236304,-0.3064383618203834,0.03294025471826245,-0.30643836150701986,0.0,0.0,0.0,0.0,0.006468449936754439,0.0029622189693583323,0.006468450186446262,0.0029622188931313076,0.012570186571579711,0.006250887000149419,0.012570187067069583,0.006250886809212375,0.004532329708695215,-0.05440473005612034,0.004532330367709392,-0.05440472655085671,0.004379892685143716,-0.0070423718608765284,0.004379892890362669,-0.007042371925678026,0.014101565292762075,0.023085989116111705,0.014101566262361587,0.023085988642378652,0.02611764339327749,0.00978287646792353,0.026117644024715503,0.009782875984484463,0.03980884550014707,-0.008347618084826536,0.03980884912009941,-0.008347618195372775,0.056844291907665934,-0.0020396051672690874,0.056844295714810755,-0.0020396018581010367,-0.030016259821294966,0.02243999451087575,-0.03001625713296363,0.022439993180654483,-0.001999865836751269,-0.006394529684342842,-0.0019994300404491128,-0.006395098793092302,-0.004437289098909503,-0.05683182119045682,-0.004437288258266392,-0.05683182139496523,0.0,0.0,0.0,0.0,-0.0032716217854869,-0.015381504137010893,-0.00327162064890274,-0.01538150412766015,0.005439720053679764,0.0007078295248703625,0.005439720844208296,0.0007078292600652958,-0.0006599421671680261,-0.0011347501090597234,-0.0006598885399142773,-0.0011348184007431428,0.0,0.0,0.0,0.0,-0.00046678846793923867,9.017144748213468e-05,-0.000466787904159105,9.017124249055541e-05,-0.0008284939007268122,0.0005188097646282586,-0.0008284924170638419,0.000518809225042105,8.935702891221808e-05,-0.0002100445330910361,8.936004324056057e-05,-0.00021005012621344576,8.843239849909423e-05,7.41513899953361e-05,8.843222196475153e-05,7.415054473369764e-05,0.0,0.0,0.0,0.0
77000000.0,0.15288017959174738,4.298138885872049e-05,0.1528801741319299,4.297646594864091e-05,-0.24462059747275333,0.41931450178500995,-0.24462059672413972,0.4193145030234007,-0.08451775544275364,-0.30112361230625595,-0.08451775509447401,-0.30112361189267745,0.0,0.0,0.0,0.0,0.0071234413566401145,-0.0011977549877002502,0.007123441252851137,-0.001197755199981998,0.014149729734349137,-0.0019003640646104714,0.014149729487762386,-0.0019003644818553767,-0.027095848507457276,-0.04749000503836953,-0.027095844821374726,-0.04749000627516864,-0.00032558058902765197,-0.008081781163681967,-0.0003255806743780454,-0.00808178133880233,0.02537295066579759,0.011171508647692008,0.025372950097029445,0.011171507653202184,0.027560875716048372,-0.006568700499798297,0.02756087512196359,-0.006568700926038673,0.02846814737971215,-0.029231610853599932,0.028468146990654475,-0.02923161410750197,0.04596322967258004,-0.03372223304612021,0.04596323296580351,-0.03372223677514796,-0.012622589152961439,0.035824967889794834,-0.012622590804276967,0.03582496555040393,-0.006522717980658399,-0.002003977581154004,-0.0065234196501293695,-0.002004380540341799,-0.026817217035443264,-0.05144239942841011,-0.026817217340521893,-0.051442400188264514,0.0,0.0,0.0,0.0,-0.011479466838196117,-0.010934009042273374,-0.01147946690550583,-0.010934010045303921,0.004926330836298121,-0.0026136261883777934,0.004926330499230858,-0.002613626826544646,-0.0013366847952198668,-6.737957886571166e-05,-0.0013367631958587367,-6.742912223955955e-05,0.0,0.0,0.0,0.0,-0.0003218905306283659,0.0003626100876772398,-0.0003218907842139629,0.0003626096442985727,-0.00033891785872697255,0.0009264160765809493,-0.0003389185258342309,0.0009264149147298895,-0.00013638845744168293,-0.00018250555622500997,-0.0001363947744934535,-0.00018250629767635473,0.00011102273568752707,-3.883224192691159e-05,0.00011102199795942624,-3.8831539470152165e-05,0.0,0.0,0.0,0.0
77300000.0,0.1307078596697906,-0.08412075669194508,0.1307078556689305,-0.08412074925597324,-0.12763412667793972,0.4778057562972151,-0.127634125671662,0.47780575564409844,-0.19307005104470676,-0.25180000092144894,-0.19307005075965833,-0.251800001178637,0.0,0.0,0.0,0.0,0.005300614336206877,-0.005063511910890384,0.005300614150201,-0.005063511804948462,0.01082880953075005,-0.009659294220497827,0.010828809170568832,-0.009659293968894644,-0.049330703875881454,-0.023870500517375604,-0.04933070581464705,-0.02387050435487481,-0.0046829344930117145,-0.006340296822799019,-0.004682934645764192,-0.006340296736851769,0.027848773167931995,-0.005411862348594809,0.02784877213677106,-0.005411861694113895,0.019501304293946475,-0.021158381198574716,0.019501304032523592,-0.021158380601292492,0.007365033454860281,-0.040277578916644075,0.007365030409658857,-0.04027757854126435,0.01914657199120029,-0.053840511793879386,0.01914656810769344,-0.053840515386170296,0.009593141388940296,0.037253180396845664,0.009593139310865695,0.03725318215086304,-0.005437428657629084,0.00432843032307062,-0.005437773886903585,0.004329265277590366,-0.04562130603433445,-0.03746257612294812,-0.04562130672562148,-0.03746257577837753,0.0,0.0,0.0,0.0,-0.015770372560055534,-0.002567249349183953,-0.01577037348458532,-0.0025672493122073092,0.002545909684890546,-0.005064241100953382,0.00254590914434516,-0.00506424078518819,-0.0008003808076395558,0.0011057874559128322,-0.000800424052847859,0.0011058747264343083,0.0,0.0,0.0,0.0,-3.5295601882978644e-05,0.0004931915116088703,-3.5295970143067734e-05,0.0004931917410999631,0.0003038566816258026,0.0009478900260404544,0.00030385571839985914,0.0009478906271311871,-0.00022610551683044378,2.5814079322117323e-05,-0.00022610391106070438,2.582021187436112e-05,2.3751030909124893e-05,-0.00011737830094205037,2.3752191538051193e-05,-0.00011737785712284676,0.0,0.0,0.0,0.0
77600000.0,0.06532464295008467,-0.14370614192030473,0.06532465235708784,-0.1437061394237844,0.003291410734618694,0.5037221940865351,0.003291410207779677,0.5037221930814013,-0.27666564117519954,-0.16447723579938156,-0.27666564132887217,-0.16447723610123433,0.0,0.0,0.0,0.0,0.0015680530635293621,-0.00726878156918076,0.0015680531653750052,-0.007268781388731327,0.0036148173296943753,-0.01429218102498453,0.0036148175757233503,-0.014292180680811839,-0.054346128506651326,0.008282729438548131,-0.05434613238487529,0.00828273221299014,-0.0072371521667768945,-0.0025560867778438023,-0.007237152083853005,-0.0025560866290419426,0.020254552511065782,-0.02074951501798239,0.020254553258769903,-0.020749513931420438,0.004446815182486574,-0.028879100581804096,0.004446815754167943,-0.028879100407209535,-0.016381853855556017,-0.037703930475586844,-0.016381853543034453,-0.03770392737116879,-0.014376096369090874,-0.055474696560551706,-0.014376100316408014,-0.05547469215596834,0.029073921697445826,0.02588199697279947,0.02907392350674698,0.02588199895663479,0.0005148011575251132,0.007057735619099503,0.0005157656367060781,0.007057997467626365,-0.05764853252001956,-0.01686896811914096,-0.057648532153770304,-0.01686896745972888,0.0,0.0,0.0,0.0,-0.014584025245113708,0.006826377155775276,-0.014584025259772204,0.006826378097599672,-0.0008685267183601297,-0.005694615817319004,-0.0008685264399623804,-0.005694615286230942,0.0005025303834891304,0.001298418072764207,0.0005026246486998787,0.0012984532680633265,0.0,0.0,0.0,0.0,0.0002778208709628416,0.000420705878013905,0.0002778210650902224,0.000420706244426583,0.0008292727165510883,0.0005665326963679718,0.0008292732221910626,0.0005665336531421872,-9.181726568030513e-05,0.00020823947086512362,-9.181217142995024e-05,0.00020823579143325333,-9.03213827356808e-05,-8.17604150427087e-05,-9.032137615250235e-05,-8.176190033282182e-05,0.0,0.0,0.0,0.0
77900000.0,-0.023213917260733297,-0.15845857543210684,-0.023213916911057453,-0.15845858668050994,0.13908480290821146,0.49375346211930093,0.1390848017501476,0.4937534626753859,-0.32251537155798715,-0.05081265944964741,-0.3225153719769942,-0.050812659302224006,0.0,0.0,0.0,0.0,-0.002819113902717163,-0.006993799068666817,-0.0028191137156312607,-0.006993799180321503,-0.005088074480443794,-0.014081607488932946,-0.005088074126820885,-0.014081607757944425,-0.040238393106907466,0.03776727179828754,-0.040238389403072006,0.03776727552764214,-0.007226725572856196,0.0018822805985081459,-0.007226725418643554,0.001882280507047085,0.004982141801846751,-0.029188563710775384,0.004982142955562097,-0.02918856458012442,-0.012606766057619012,-0.026861765760230583,-0.01260676592148613,-0.026861766354656424,-0.0347587365093176,-0.022310254412658992,-0.03475873316691391,-0.02231025485023963,-0.04313493863192974,-0.038044051352756014,-0.043134933405603704,-0.038044047260527236,0.03898690210902345,0.005319712243476715,0.038986904100333675,0.00531971026119038,0.006227508220160161,0.0036150981232339063,0.006227661026468212,0.0036140125784811516,-0.060692491217754,0.007213151301357357,-0.06069249056883308,0.007213150888588871,0.0,0.0,0.0,0.0,-0.008267150060664363,0.01396813241444761,-0.008267149036605304,0.013968132419876156,-0.0040690141436812155,-0.004208882883759202,-0.00406901356448941,-0.004208883184091405,0.0013898519129291742,0.0002883344581050551,0.0013898779493359825,0.00028823551018319904,0.0,0.0,0.0,0.0,0.0004859931187972677,0.00016731485257537315,0.00048599353013756286,0.0001673146468590403,0.0010112200354157608,-6.3004269733824e-05,0.0010112211116286574,-6.300480788468121e-05,0.00013360166938980456,0.00018465754271801416,0.0001335964797242184,0.0001846541658778733,-0.00011837149421367599,3.647113199178875e-05,-0.00011837313364537749,3.6471645472602177e-05,0.0,0.0,0.0,0.0
78200000.0,-0.10669847714432379,-0.12236728688505139,-0.10669848994934483,-0.12236728440139188,0.26989244270234636,0.4471189334500565,0.2698924435240855,0.44711893473146347,-0.32297554713576204,0.07347549875626669,-0.3229755468497544,0.07347549928324781,0.0,0.0,0.0,0.0,-0.006343216901665727,-0.004267168190452253,-0.0063432170444635005,-0.00426716837827712,-0.012286705626134875,-0.00895573100390834,-0.012286705961408018,-0.008955731355584362,-0.011757716939545304,0.05416878506875378,-0.011757713596036723,0.054168780424291185,-0.004800873724679633,0.005446086408511519,-0.004800873842025766,0.005446086252291593,-0.012706004399660742,-0.027421307548578966,-0.012706005429869549,-0.02742130876238491,-0.02584213072238839,-0.015514225852342634,-0.025842131416553116,-0.01551422592079632,-0.04152622903146863,0.0008053933921274847,-0.041526229885114674,0.0008053898564099882,-0.05730354907838375,-0.007424789983772939,-0.05730354519593561,-0.007424796119551047,0.03566867140092356,-0.017508434634166292,0.03566866906012578,-0.01750843657578116,0.006603366793175525,-0.003160703499389683,0.006602173473009287,-0.0031607224088077146,-0.05393240025831858,0.030980170846518718,-0.05393240075939332,0.030980170228772863,0.0,0.0,0.0,0.0,0.0010421719679349906,0.016335197154134562,0.0010421718672901648,0.016335196059614532,-0.005848294515715224,-0.0010952995869644155,-0.005848294930110853,-0.0010953001970648302,0.001014369032489526,-0.0010305496454492413,0.0010142679064770732,-0.001030566144521572,0.0,0.0,0.0,0.0,0.0004965754624031149,-0.00016707435871410325,0.0004965751720966693,-0.00016707480283173481,0.0007655463508271509,-0.000677015242985135,0.0007655455832598079,-0.0006770164094973552,0.00022749091926499432,-2.226838083174698e-05,0.00022748966969388107,-2.2262445938281417e-05,-2.964068947264309e-05,0.0001223508732124401,-2.963964013602549e-05,0.0001223524856612812,0.0,0.0,0.0,0.0
78500000.0,-0.15798757209941883,-0.04589145265279626,-0.15798756608644027,-0.04589143876361845,0.3857851038098197,0.3657512173891888,0.3857851049903225,0.3657512161352514,-0.27671791361898457,0.19076935689132313,-0.276717913106868,0.19076935636005032,0.0,0.0,0.0,0.0,-0.007749684523986389,2.410429932808711e-05,-0.007749684687798464,2.4104487536646957e-05,-0.015429292248498427,-0.0005537056393052353,-0.015429292546457418,-0.0005537052107342788,0.021205645047253086,0.051495572765063,0.021205639544685795,0.05149557004747862,-0.0009134867927436119,0.006992585419041575,-0.0009134869294342707,0.006992585574224108,-0.02652878055148733,-0.01572854402756718,-0.02652878179689111,-0.01572854279820035,-0.03059232107327503,0.0015456408092120455,-0.03059232096670783,0.001545641645464002,-0.034282306634764836,0.023930141836686403,-0.034282310077387024,0.023930143311332586,-0.051954524827145576,0.026055434422474377,-0.05195453171762665,0.026055431069352153,0.020009451022257707,-0.03473123991032878,0.020009449358788345,-0.03473123709557058,0.0011268813405358458,-0.007350911190201259,0.0011270194775754305,-0.007349628215834514,-0.03811256836621624,0.050543048194640505,-0.03811256888794645,0.05054304880522409,0.0,0.0,0.0,0.0,0.010147332528230635,0.013033887179986436,0.01014733145760971,0.013033887454525939,-0.005492612080857384,0.00253275286863186,-0.005492612630916938,0.0025327534594907775,-0.0003224045465159975,-0.0014359444273850386,-0.000322411848067361,-0.0014358435754928678,0.0,0.0,0.0,0.0,0.0002969109198467379,-0.0004438162750233232,0.00029691051528857315,-0.0004438158479587173,0.0001890824119783474,-0.0010131450850252577,0.00018908134836692625,-0.001013143950459039,9.570063313191213e-05,-0.00020857724106804199,9.570646250622872e-05,-0.00020857820790354253,9.14538167755552e-05,8.949225949095307e-05,9.14552308977079e-05,8.949071776953588e-05,0.0,0.0,0.0,0.0
78800000.0,-0.15985940204883775,0.04729587450694339,-0.15985938776365316,0.04729586430426025,0.4775072608225095,0.2542820057528701,0.4775072591598857,0.25428200500043374,-0.18903924026375662,0.28398968852575024,-0.18903924104208514,0.2839896882146604,0.0,0.0,0.0,0.0,-0.00649119205372628,0.0044244017876025055,-0.006491191825777065,0.004424401892080709,-0.01330182900164445,0.008301870106450338,-0.013301828491499634,0.00830187027958118,0.046962559528367365,0.030408867573285647,0.04696255763514401,0.030408873769772526,0.003049262712913503,0.006126873186815374,0.0030492629026142026,0.00612687327488004,-0.03141136631059638,0.002057893796177268,-0.03141136485518459,0.0020578950308305366,-0.0249535487817667,0.018642699581803868,-0.024953547848205915,0.018642699156103504,-0.015277328526909884,0.03925992830117764,-0.015277326462268093,0.03925993123613125,-0.028682932238805137,0.05103106371463184,-0.028682934925345904,0.0510310710588584,-0.0027752178523066107,-0.0403026910223474,-0.0027752146269222067,-0.04030268995123265,-0.005518984581307507,-0.005153564723954673,-0.005517634734758303,-0.005153880394672683,-0.015477236357860136,0.06255216176492695,-0.015477235663652777,0.06255216210593062,0.0,0.0,0.0,0.0,0.015880969289813862,0.005114441964778393,0.015880969724129557,0.005114442875239433,-0.003063372934956732,0.0053329086803017844,-0.003063372184858082,0.005332909036354749,-0.0014049893394059154,-0.000515349631498907,-0.0014048909579997826,-0.000515350570907458,0.0,0.0,0.0,0.0,-3.670417190804187e-05,-0.000542879217277914,-3.6703616743238854e-05,-0.000542878955528181,-0.00047799764624656405,-0.0009227146260570862,-0.0004779961703036406,-0.0009227139408523044,-0.00013286219666852617,-0.00018837671629512442,-0.00013286514873556143,-0.0001883816264012239,0.0001257538057117813,-3.3345677437068844e-05,0.00012575186320518128,-3.3346745212270434e-05,0.0,0.0,0.0,0.0
79100000.0,-0.11057473903336756,0.127791044811147,-0.11057475398924765,0.1277910310458168,0.5372137715625911,0.11982055598369357,0.5372137715115919,0.11982055780659095,-0.07127618393078805,0.33899191468489676,-0.07127618388299695,0.3389919155818859,0.0,0.0,0.0,0.0,-0.002934735965144597,0.007402768899083867,-0.0029347359467521983,0.007402768662359449,-0.006480959069850911,0.01455014694894885,-0.006480959078814408,0.014550146421996146,0.05614964650376919,-0.001800533242018787,0.056149653183943826,-0.0018005322978638105,0.005763787515295604,0.0032870781041651753,0.005763787532618636,0.003287077907870639,-0.025294106422176554,0.01983921651584808,-0.025294105246722154,0.019839214831236518,-0.01050404319695275,0.029906452638400083,-0.010504044052122907,0.029906451756360752,0.009263196714453414,0.041468822283135864,0.009263198795736116,0.04146881994057594,0.004861122113318572,0.058834345145214684,0.00486112963632479,0.058834347258923,-0.02493246167343699,-0.03215334417332372,-0.02493246144672412,-0.03215334753552668,-0.007483137918878668,0.0016728109679036152,-0.007483647977657881,0.0016714213096662434,0.010535546160106435,0.06475734079020867,0.010535546256637218,0.06475734009814005,0.0,0.0,0.0,0.0,0.01618179928765784,-0.004765334720573833,0.016181799927899476,-0.004765335202066012,0.000600515268676105,0.0062266154197203605,0.0006005153195900448,0.006226614618199733,-0.001214017165825254,0.0009162065761358917,-0.0012140249243088874,0.0009161124747976146,0.0,0.0,0.0,0.0,-0.00036765449036124664,-0.0004148957153944366,-0.00036765445713982103,-0.0004148963166841213,-0.0009521547742501468,-0.00043676664191139025,-0.0009521546991422269,-0.0004367682426504871,-0.00023060113253947634,2.06766401618097e-05,-0.0002306044603486157,2.0681065393546305e-05,3.62859664058135e-05,-0.0001272805333485394,3.628536375899216e-05,-0.00012727831875736229,0.0,0.0,0.0,0.0
79400000.0,-0.024541472066115233,0.16964360901081932,-0.024541484177037276,0.16964362911025432,0.5591365546179716,-0.028469657564556883,0.5591365562003432,-0.028469658299158596,0.060602486604928174,0.3466145549972026,0.06060248740387486,0.3466145545362309,0.0,0.0,0.0,0.0,0.0017434807190852553,0.007882599692592862,0.0017434805189058267,0.007882599766617204,0.002815766962884325,0.015938942579467152,0.0028157665131267606,0.015938942785155064,0.04521548818454413,-0.03364421259310291,0.04521548812757459,-0.03364421953450858,0.006410153955384246,-0.0004580219737420066,0.006410153789691009,-0.00045802191331745234,-0.009914653189989409,0.031321800005898126,-0.009914655092579494,0.03132179893503917,0.008114631721113597,0.031244188449917942,0.008114631104135128,0.031244189750310625,0.031110910856394725,0.029526966231529173,0.031110908733889886,0.029526965110747483,0.037381200103974166,0.04641843123189915,0.03738120188637062,0.04641842362813975,-0.03886730448504849,-0.012930108614952474,-0.03886730757676382,-0.012930107931495627,-0.002891043250224712,0.007235272672957649,-0.002892441993898487,0.007235989436566115,0.03580108857369879,0.05641403834090397,0.03580108800456294,0.05641403849963922,0.0,0.0,0.0,0.0,0.010813168142217222,-0.01321223804674787,0.010813167787475209,-0.013212238393307985,0.004168208190732159,0.0048101166237302095,0.004168207507110111,0.004810116910363149,0.0001132529578189434,0.001541484006267524,0.00011316450903109398,0.0015414968592608602,0.0,0.0,0.0,0.0,-0.0005547654564157511,-0.00010533391890987787,-0.0005547659749236544,-0.00010533369648157986,-0.001027243988566795,0.0002436947950030799,-0.0010272453689506023,0.00024369540126656375,-9.773229313836396e-05,0.00021080964035036232,-9.77271099138477e-05,0.00021081096775787955,-9.248341198997423e-05,-9.796666709860347e-05,-9.248108499981811e-05,-9.796660926042478e-05,0.0,0.0,0.0,0.0
79700000.0,0.07192368644316538,0.15844143011408107,0.07192371182796009,0.15844143925357912,0.5401257520514644,-0.1799747261932083,0.5401257506987847,-0.17997472713054208,0.188061733909219,0.3041179345777607,0.1880617331211134,0.3041179340993523,0.0,0.0,0.0,0.0,0.005944875018009554,0.005626683973062541,0.005944875165674546,0.005626684090501044,0.011441985809053534,0.011823125238322518,0.01144198616932357,0.011823125515590505,0.01791366353724122,-0.05355458911637356,0.017913656538857126,-0.053554588064784525,0.004912815939782433,-0.0038109292448496035,0.004912816060842928,-0.003810929148258424,0.00968550014049363,0.032181975317342904,0.009685499211926185,0.03218197741882989,0.024644636237528772,0.021792815295967216,0.02464463787665494,0.021792815438629987,0.04272292871895722,0.007176814369657336,0.042722928347263434,0.00717681577532403,0.0575974096231473,0.017558171261043753,0.05759740179350814,0.017558169587090333,-0.03976100049818854,0.01092263010345107,-0.03976099908222608,0.010922632521669584,0.004414114598258578,0.0065814042656029415,0.004415045067878154,0.006582778509311993,0.05614522948881984,0.03846689870998432,0.056145229843705735,0.03846689903821243,0.0,0.0,0.0,0.0,0.0014925530483047567,-0.01723095795621532,0.0014925529092923995,-0.01723095789834872,0.006294935647801481,0.0015301763169617288,0.006294936198299794,0.0015301767159030533,0.001378901222734541,0.0007534149184209582,0.0013789172817340045,0.0007534967556495076,0.0,0.0,0.0,0.0,-0.0005125002456960459,0.00026089202400214617,-0.0005124998226104793,0.000260892330175011,-0.000664438726065697,0.0008307425996321172,-0.0006644375835520577,0.0008307434154914972,0.00013419111298951236,0.00019036588760457107,0.00013419031897754508,0.0001903607643498617,-0.0001338733593332364,3.0070583591168543e-05,-0.00013387387898688985,3.0068334126553964e-05,0.0,0.0,0.0,0.0
80000000.0,0.1484148917846877,0.09602572082104643,0.14841489651622908,0.09602569032242059,0.48001626878730264,-0.3233777859467466,0.4800162687427818,-0.3233777843537524,0.2924851737560292,0.2158160262861344,0.29248517373386207,0.21581602719966497,0.0,0.0,0.0,0.0,0.008190896187679542,0.0013428396463552872,0.008190896194577135,0.0013428394676964217,0.016372493241068042,0.0034415358730370826,0.016372493290123913,0.0034415354469530257,-0.01592438687371711,-0.05421154172728393,-0.015924384867217256,-0.0542115348464165,0.0019127582981663949,-0.0056962133029827555,0.0019127583046341101,-0.005696213449255083,0.026772822904785443,0.02162203267307916,0.026772825186881732,0.021622033432123544,0.0332614030649907,0.0043627269764954235,0.03326140260217336,0.004362725208949314,0.039823690061204786,-0.01815220879772994,0.039823690457730265,-0.018152208702517214,0.058088712978230816,-0.018140410943232155,0.058088711383364355,-0.018140402566658054,-0.027195587699390344,0.031371734731038714,-0.02719558619899587,0.031371732960849386,0.008066258424410222,6.63844924275736e-05,0.008067572683817303,6.523924672308112e-05,0.06801828108326191,0.01347238714147636,0.06801828109954045,0.013472386706155248,0.0,0.0,0.0,0.0,-0.00862522970335533,-0.015264759055867216,-0.008625230033457498,-0.01526475894603152,0.00612414985532439,-0.002448928317193122,0.006124149865954109,-0.002448928970608222,0.0014046756656576065,-0.0007627841077635367,0.0014047502815284219,-0.0007628013898681729,0.0,0.0,0.0,0.0,-0.00024993963089059434,0.0005295491287000686,-0.0002499396168413881,0.0005295486273126926,-1.1950950138839289e-05,0.0010715253242779,-1.1950910508318202e-05,0.0010715239743177563,0.00023212901405855746,-2.131781727143789e-05,0.00023212475288936218,-2.131509255320907e-05,-4.3124023415330726e-05,0.00013295778288124893,-4.312598750111363e-05,0.00013295885437969446,0.0,0.0,0.0,0.0
80300000.0,0.17968804962239915,0.0005147713443136581,0.17968801452984806,0.0005147724860137259,0.3817810957133183,-0.44750010711788946,0.3817810970907587,-0.4475001079611616,0.35778565408497265,0.09278648674320777,0.3577856548783611,0.09278648631305941,0.0,0.0,0.0,0.0,0.007639841909330869,-0.0035333874399725573,0.007639841753897869,-0.003533387337185445,0.01575142482175984,-0.0064377098907897334,0.015751424438363415,-0.006437709708990269,-0.04400421304694113,-0.0353581106519556,-0.04400420643208669,-0.035358113558359605,-0.001500093388594692,-0.0056028810625292635,-0.0015000935154425576,-0.005602880977903624,0.035159293844632344,0.002807056924282847,0.03515929440803234,0.0028070544764204897,0.030594219220029473,-0.01532741295071105,0.030594217577281313,-0.015327411873613528,0.02302072948193512,-0.03774135065107487,0.02302072986620196,-0.03774135006824508,0.03807692182593847,-0.048282883149326494,0.038076931081800325,-0.0482828818872747,-0.005269782740027651,0.04149525019714417,-0.005269784411932932,0.041495249612566454,0.0046779018719522725,-0.006751086572620579,0.004676547147283827,-0.006752304519210384,0.06910236754446153,-0.014740667116498685,0.06910236716929496,-0.014740666820827641,0.0,0.0,0.0,0.0,-0.015977273623819954,-0.007801936817685373,-0.01597727333279053,-0.007801936125176212,0.0036296654091891867,-0.005651576091253219,0.0036296648467750714,-0.005651575713883972,0.0001221284145422885,-0.0016224696322240106,0.00012211198104417065,-0.0016225367084956588,0.0,0.0,0.0,0.0,0.0001291541864620882,0.0005819738837118393,0.00012915375494948478,0.000581974159672427,0.0006552967974542412,0.0008574721707788058,0.0006552956326526527,0.0008574729044852347,9.739028397071081e-05,-0.0002116335520128132,9.73944592406184e-05,-0.00021163082398345523,9.428761527807694e-05,0.00010668571830763085,9.428913645415093e-05,0.00010668719077955302,0.0,0.0,0.0,0.0
80600000.0,0.15382622554736614,-0.09856841413490258,0.1538262339568366,-0.09856837531992824,0.2514469286486891,-0.5421750471904545,0.2514469271692157,-0.5421750479816438,0.3728159188967961,-0.04835949131613404,0.3728159181524058,-0.04835949179263821,0.0,0.0,0.0,0.0,0.004400220805166555,-0.007314872052091914,0.004400220988943104,-0.0073148719640272475,0.009585846894762717,-0.014412186007248806,0.009585847251917912,-0.01441218575709513,-0.05618704438014799,-0.003909552121271531,-0.056187048123439,-0.00390955833105977,-0.004184611479400857,-0.00370985115223732,-0.00418461132731629,-0.003709851082319915,0.0313767118019852,-0.018006708182738862,0.031376709202804776,-0.018006708518953474,0.017045307500842988,-0.030462056383967706,0.017045309075872872,-0.03046205508564981,-0.0021817861864574795,-0.044578912579964936,-0.0021817849708236636,-0.04457891370014977,0.004079343451089734,-0.06195099267272042,0.004079343874742847,-0.06195100295333589,0.018770433201276582,0.03776800800341107,0.01877043328920802,0.03776800921188794,-0.003010736608789699,-0.007798612130073934,-0.0030118221866786143,-0.00779705985824819,0.058752642766237706,-0.041634187027227654,0.058752643302144136,-0.041634186829881514,0.0,0.0,0.0,0.0,-0.01782928112781157,0.0026872900681667033,-0.01782928021331731,0.0026872894311793516,-0.0003371046458813254,-0.006832845867720039,-0.00033710398535991004,-0.006832845553319089,-0.0013223098128607447,-0.0009983056926188283,-0.001322369323092154,-0.0009982923210998251,0.0,0.0,0.0,0.0,0.00046695753259129447,0.0003874555561225179,0.00046695801909546475,0.00038745579790600004,0.0010516274228811184,0.0002734094201599646,0.001051628715966757,0.00027341007994152733,-0.00013430518861845542,-0.00018987620623533985,-0.0001343044325459175,-0.00018988113244233773,0.0001423091848460345,-2.7607169357679595e-05,0.00014230999354492013,-2.7608957793745503e-05,0.0,0.0,0.0,0.0
80900000.0,0.07686205285692616,-0.16905750281712528,0.07686209420430057,-0.16905751973011718,0.09776498777154607,-0.599087414489702,0.09776498772688669,-0.5990874127693786,0.3332484260799644,-0.18755759550715823,0.33324842600147253,-0.18755759466601774,0.0,0.0,0.0,0.0,-0.0004749219647433023,-0.008643540965849184,-0.0004749219651118963,-0.008643541187964843,-0.00017100724305318948,-0.017604966342901207,-0.00017100716762907808,-0.017604966786279874,-0.04824609257293133,0.02870616725435582,-0.04824609823698722,0.028706171752261866,-0.005330280079590466,-0.0007695167285248772,-0.005330280081857097,-0.0007695169125554457,0.016074999839704063,-0.03345988371040676,0.016074999776302334,-0.03345988098293162,-0.0031081356544220284,-0.03546228203963153,-0.003108134822411124,-0.03546228391770967,-0.027121571875682093,-0.035936352783991765,-0.027121573897870732,-0.035936354109622926,-0.0320618614376027,-0.05377302180870913,-0.03206187256319737,-0.05377302079912738,0.03689768809587424,0.021223839233144304,0.03689768868444876,0.021223838856869293,-0.008282036057568831,-0.0019138248069481278,-0.008280304921019166,-0.0019129062073233172,0.03819135789274153,-0.06267205894170047,0.03819135785450456,-0.06267205960223521,0.0,0.0,0.0,0.0,-0.013308738352500349,0.012525118897329435,-0.013308739392041247,0.01252511796451472,-0.004328536277563799,-0.005460856201509046,-0.004328536281964723,-0.005460856980093354,-0.0015825063170256115,0.0005845915256088574,-0.0015824984186325608,0.0005846438094749828,0.0,0.0,0.0,0.0,0.0006171569039601366,2.0001108893552555e-05,0.000617156903967242,2.000053953565839e-05,0.001003204659579815,-0.0004357267658292585,0.0010032046760448665,-0.0004357282780205196,-0.0002311139289439268,2.094645915917681e-05,-0.0002311187884957988,2.0947816423699805e-05,4.9115805126120904e-05,-0.00013904835687128525,4.911400558782475e-05,-0.00013904839822487247,0.0,0.0,0.0,0.0
81200000.0,-0.027992239672347985,-0.1865365323883168,-0.027992266098896046,-0.1865365748261496,-0.06835088681653989,-0.6125092145683055,-0.06835088524083233,-0.6125092151860372,0.24262122943705133,-0.3040157798673704,0.24262123016799286,-0.3040157801289638,0.0,0.0,0.0,0.0,-0.005324122673918019,-0.00697815576340588,-0.005324122891057215,-0.0069781556825603275,-0.010214370035832587,-0.014703907515084325,-0.010214370475138956,-0.014703907427275453,-0.023282045216538094,0.05085126477233359,-0.023282040077406307,0.050851269757131945,-0.004694845715824236,0.0021898973648575293,-0.004694845893638444,0.0021898974338654398,-0.005899912870141577,-0.03763228333366442,-0.005899910059501856,-0.037632283593509896,-0.02299008563681415,-0.028067293491361056,-0.02299008761043364,-0.02806729384842299,-0.04297645763209612,-0.014529147914814189,-0.042976458564515596,-0.01452914514386805,-0.05732037608712748,-0.02620424889623507,-0.05732037317049432,-0.026204237439188205,0.04291138208789924,-0.0028347792303122787,0.042911381799474846,-0.0028347792815850426,-0.006326778596493554,0.005874757956405574,-0.006326058890026687,0.005872873362520181,0.010406153489606496,-0.07407445516511757,0.010406152822806547,-0.07407445490119358,0.0,0.0,0.0,0.0,-0.0038358899457424656,0.018105399609865458,-0.0038358906979061302,0.01810540099003788,-0.006823422854232319,-0.001953516117396248,-0.006823423587285937,-0.001953515825420027,-0.00036656318904615404,0.0016771713969774282,-0.00036651725907699273,0.0016771715848875601,0.0,0.0,0.0,0.0,0.0005082938276013138,-0.0003692441220408682,0.0005082932994788791,-0.0003692439067322084,0.0005245245107889929,-0.0009676297740526252,0.0005245231110952986,-0.0009676292153386612,-9.786242561915515e-05,0.00020988879226990775,-9.785913908100241e-05,0.00020989277393823613,-9.662535822307916e-05,-0.00011454113162301383,-9.66246344198396e-05,-0.00011453961683116631,0.0,0.0,0.0,0.0
81500000.0,-0.12699945594012885,-0.1431150084107884,-0.12699949785440445,-0.14311497170713494,-0.23458720046278625,-0.5798664012453543,-0.23458720148162726,-0.5798664024378724,0.11231577634092105,-0.3792656101178693,0.11231577588873698,-0.37926561061597397,0.0,0.0,0.0,0.0,-0.008441028303777465,-0.0028139777639637487,-0.008441028169229092,-0.002813977583187466,-0.016996861237005945,-0.0065045531437704085,-0.016996861036441935,-0.006504552768078042,0.009631430872818036,0.054875787579732105,0.009631435066213001,0.05487578195331366,-0.002631014495621642,0.004225581509004428,-0.002631014381506702,0.004225581655546762,-0.02692939857397736,-0.028311731877209922,-0.026929399200855464,-0.02831173470131887,-0.035457775276833914,-0.010371486098492255,-0.03545777523594662,-0.010371484184645396,-0.04397159847036036,0.012290265780578125,-0.04397159533354511,0.012290266014957751,-0.062352092995838326,0.011085673128675921,-0.06235208193273145,0.011085668128473003,0.03449696275564751,-0.026481429837758697,0.03449696298534022,-0.026481429871353157,0.0013318274567435395,0.008660450506127404,0.0013298213211552223,0.008659957570372967,-0.020252542222408465,-0.07349411097203529,-0.0202525417935302,-0.0734941103837059,0.0,0.0,0.0,0.0,0.007277733887704585,0.017245290742152974,0.007277735460997192,0.017245291184579514,-0.0068056545252526135,0.002435409627381091,-0.006805654049969689,0.002435410210551936,0.0012366852121745708,0.0012315008782763925,0.0012366961971874701,0.0012314596939830835,0.0,0.0,0.0,0.0,0.0001775163973682936,-0.0006139325390961403,0.00017751674479704604,-0.0006139321301503742,-0.00018489805852883734,-0.0010917370492791179,-0.00018489714600544715,-0.0010917359692541595,0.00013185286327654921,0.00019001635338611322,0.0001318552873570411,0.0001900116212567582,-0.00014989364511475145,2.5810397957570785e-05,-0.00014989270632881357,2.5809033047607954e-05,0.0,0.0,0.0,0.0
81800000.0,-0.18688160912700713,-0.051199522531305774,-0.18688156161399494,-0.051199482865484924,-0.38814431699257224,-0.5020806461444494,-0.3881443177726984,-0.5020806450297215,-0.03965111972069302,-0.40012437761410524,-0.03965111998321014,-0.4001243771440528,0.0,0.0,0.0,0.0,-0.008676232459771782,0.0024558913207073374,-0.008676232323747257,0.0024558911641037184,-0.01798804965373524,0.004274245301218116,-0.01798804935600984,0.004274245051149705,0.038868020625722366,0.03965965824605178,0.038868014703787424,0.039659654909939945,8.559051818401997e-05,0.004777255723553253,8.55906287551278e-05,0.0047772555908807135,-0.03921709624079739,-0.008119853987778924,-0.039217098980778964,-0.008119852969770136,-0.035713154441173955,0.011684093915420135,-0.03571315265444586,0.011684093588101518,-0.029559787371479018,0.03510786811307298,-0.029559787857676767,0.035107865050349574,-0.04513290264470271,0.04469030753725178,-0.045132909530878784,0.04469029760059584,0.014104686369920572,-0.04169048046119883,0.014104685988325372,-0.04169048066516723,0.008029747485635674,0.003818983316634217,0.00802950372623279,0.0038210730463958953,-0.048730746308898176,-0.06049497449166097,-0.048730745828538424,-0.060494975006491813,0.0,0.0,0.0,0.0,0.015989326153579952,0.010082125175671308,0.015989326265030357,0.01008212358155447,-0.004179360914435826,0.006058090262371252,-0.004179360499308338,0.0060580897299047365,0.0017294967300118813,-0.0003864247114790942,0.0017294577589153093,-0.0003864490546447996,0.0,0.0,0.0,0.0,-0.00024110055488257842,-0.0006035768146830378,-0.0002411002773374804,-0.0006035771977650484,-0.0008236182036744921,-0.0007495333624802925,-0.0008236174742179969,-0.0007495343696319878,0.00023056287686706867,-1.802337715162139e-05,0.0002305574105907482,-1.802380168669515e-05,-5.431073614570181e-05,0.00014433540700053982,-5.431250254783748e-05,0.0001443352764880501,0.0,0.0,0.0,0.0
82100000.0,-0.1865097754238194,0.059806357701631896,-0.18650973981242114,0.05980629903270085,-0.5167340353457597,-0.3836452514069464,-0.5167340343472695,-0.3836452508933803,-0.1909757132101726,-0.3610969174062859,-0.1909757128373224,-0.3610969172835894,0.0,0.0,0.0,0.0,-0.005864050004246835,0.007004232567268787,-0.005864050159398282,0.00700423246341586,-0.012632655026332706,0.013883947825746645,-0.012632655278807192,0.01388394758208733,0.054348308968422465,0.010745262359677099,0.05434830649091893,0.010745268374691364,0.002548582876657157,0.003807934339747021,0.0025485827459910126,0.0038079342559882434,-0.03771324217242977,0.016088732253507487,-0.037713240777491386,0.01608873479756312,-0.023204374600450883,0.03030987248516226,-0.023204375126556265,0.030309870820005358,-0.004687090901463797,0.0458476365626268,-0.004687093571232204,0.045847637553578124,-0.011797787551021344,0.0624908606125274,-0.011797795824890045,0.06249086888217903,-0.011673133902072585,-0.04300441680197764,-0.011673133859848583,-0.04300441622187634,0.0077907851900649305,-0.004562532497971006,0.007792915350879781,-0.004562553364095834,-0.07009442716222392,-0.03673559152102257,-0.07009442769946705,-0.03673559191220477,0.0,0.0,0.0,0.0,0.019037640968766922,-0.0008874078613274605,0.019037639488349356,-0.0008874077103371292,0.0001503020497510832,0.007490171426610459,0.0001503015483077519,0.007490171126718792,0.0006127966547389008,-0.0016896911512560564,0.0006127569213267847,-0.0016896508598591709,0.0,0.0,0.0,0.0,-0.00057057116407222,-0.00033341072239068126,-0.0005705715144479484,-0.00033341091253191735,-0.001116613971658964,-8.220197969421861e-05,-0.001116614890712242,-8.220247794099578e-05,0.00010087569300942789,-0.0002084579737271497,0.00010087740066389017,-0.00020845260101509666,9.824016107451428e-05,0.00012148920440324673,9.824096176114239e-05,0.00012149104740899475,0.0,0.0,0.0,0.0
82400000.0,-0.12477583397319592,0.15325839657052143,-0.12477590401227001,0.15325836692882433,-0.6095832674112387,-0.23241398009602676,-0.6095832669562258,-0.2324139809363146,-0.31831364620838,-0.265756919870185,-0.31831364609751667,-0.26575692012944785,0.0,0.0,0.0,0.0,-0.0009131248610856346,0.009205499153225105,-0.000913124952867328,0.0092054993001085,-0.0026325206794126643,0.018860826208623394,-0.0026325209065403143,0.018860826451600587,0.050885139251731104,-0.02176484583979743,0.050885145180654234,-0.021764844153480567,0.004022808512474718,0.0017595172770228373,0.004022808438938874,0.0017595173996767244,-0.022244729530823015,0.03553004184068698,-0.0222447272904569,0.03553004012468364,-0.0020158327830701595,0.03867921591823631,-0.0020158343609013585,0.0386792166158898,0.021978529977424444,0.040687326617486974,0.02197853116613402,0.04068732880401171,0.025691998734334476,0.058171381226031826,0.025692007751642265,0.058171387620376436,-0.03413222390616433,-0.02950762750745639,-0.034132223347532076,-0.029507627851387497,0.0006159905384981457,-0.009156317994111873,0.0006156979848732647,-0.009158441443915422,-0.08038692195486252,-0.005801615176750374,-0.08038692229526401,-0.005801614642450659,0.0,0.0,0.0,0.0,0.015208953904791045,-0.011695689253670594,0.015208954209987802,-0.011695687945291411,0.004581351714008974,0.006092995019557179,0.004581351448957882,0.006092995468449658,-0.0011090989966859865,-0.001444855441647519,-0.0011090529604409483,-0.0014447992570865154,0.0,0.0,0.0,0.0,-0.0006657655792459138,8.942918063326033e-05,-0.0006657657476463186,8.942948397816508e-05,-0.0009341138157026307,0.0006275003981244254,-0.0009341142554522008,0.000627501192013824,-0.00012957056118789723,-0.00019270382509262163,-0.00012956609528824714,-0.00019270746307142872,0.0001564927152966078,-2.339272107576562e-05,0.00015649427590336273,-2.3394437675960944e-05,0.0,0.0,0.0,0.0
82700000.0,-0.021313665942040316,0.1979740795785574,-0.021313687520072122,0.19797416108309562,-0.658360092011522,-0.059104750564614505,-0.6583600928119591,-0.05910475110366065,-0.4009801432774749,-0.12674847314337967,-0.40098014350213784,-0.12674847333020978,0.0,0.0,0.0,0.0,0.004484844218792361,0.008220492717654793,0.004484844364782248,0.008220492809996927,0.008588611939130963,0.017291245451346526,0.008588612192842682,0.017291245685711942,0.02977469457744064,-0.04668837562512351,0.029774695589463107,-0.04668838134085718,0.004155946718723769,-0.0006399949798208127,0.004155946839965452,-0.0006399949058959464,0.0021044672233037076,0.042741910454111576,0.002104465278867984,0.04274190860236615,0.020487242590877308,0.03348749364791104,0.020487243487415263,0.033487495145891444,0.04115607634688345,0.021391064282752836,0.041156078173382404,0.021391063127524035,0.05403902340112232,0.033423732746186374,0.05403902800933835,0.03342372354890699,-0.045347982694330824,-0.005390596245476331,-0.04534798323810385,-0.005390596615143295,-0.007357798936298288,-0.005748626924400924,-0.007359866239903035,-0.005748065241860445,-0.0773709640931024,0.027310615989463827,-0.07737096355056039,0.027310616304887958,0.0,0.0,0.0,0.0,0.00582718996286502,-0.01838834176564319,0.005827191116037689,-0.018388342139530778,0.007405871938481745,0.00229714569580608,0.00740587237813628,0.0022971459808900363,-0.0018383654782923031,0.00015816471278640165,-0.001838293166020577,0.00015810794558035468,0.0,0.0,0.0,0.0,-0.0004774070493454019,0.0004879264804316108,-0.0004774067562269835,0.00048792667269026424,-0.0003493652807122771,0.0010752950458368105,-0.00034936451572331606,0.0010752955486026394,-0.00023258724510633044,1.5119026713250605e-05,-0.0002325923115931161,1.5116138015969227e-05,6.00198840210453e-05,-0.00014859582951487482,6.001741035266406e-05,-0.00014859677679623928,0.0,0.0,0.0,0.0
83000000.0,0.09028581596739294,0.1789466700743958,0.09028590886313737,0.17894668120698043,-0.6579398687717699,0.12345491588524737,-0.6579398693867411,0.12345491683204557,-0.42450058139340996,0.035752020121250894,-0.4245005816546428,0.03575202043029435,0.0,0.0,0.0,0.0,0.00843560219531092,0.0043166368368048325,0.008435602285160826,0.004316636675810059,0.01707053785939827,0.009551686723284547,0.017070538095408594,0.00955168642373394,-0.0017344785388626605,-0.055467274586902704,-0.001734483984311197,-0.05546727505785043,0.0030423926674476576,-0.0026361389883362563,0.003042392739283528,-0.002636139121761971,0.026669176227002822,0.034522913037321246,0.026669174812214536,0.03452291509121608,0.03628382039631006,0.016251229162747904,0.03628382176273881,0.01625122801863199,0.046209273551804486,-0.005378660438211114,0.04620927246817352,-0.005378662125963274,0.06340781055482836,-0.0028847332948345183,0.06340780153321468,-0.002884736399863641,-0.04101312482218944,0.02123731201602652,-0.041013124974231374,0.021237312582428558,-0.009042609296386672,0.002926519132600447,-0.009041791536491317,0.0029284806611400427,-0.061012918655068304,0.056993232529706006,-0.061012918374490965,0.05699323195048578,0.0,0.0,0.0,0.0,-0.005736315486515764,-0.01850715503346123,-0.0057363159050165535,-0.01850715608856035,0.00747032002640502,-0.002518425552835879,0.007470320326088853,-0.0025184260537969294,-0.0008692586373406641,0.0016549748673639897,-0.0008693311586966956,0.001654888399272636,0.0,0.0,0.0,0.0,-7.704877795511322e-05,0.0006891986731716315,-7.70485666894416e-05,0.0006891983329921914,0.00039054851534636725,0.0010662945111192812,0.000390549070315771,0.001066293622017156,-0.00010404235123218086,0.00020964816545188114,-0.00010404324061141779,0.0002096539379152773,-9.881794234622987e-05,-0.0001288575775362233,-9.88180287375684e-05,-0.00012885462469114373,0.0,0.0,0.0,0.0
83300000.0,0.17395671868968776,0.10209902747428146,0.17395671661039458,0.10209892357138983,-0.6069380960703867,0.3012895287632631,-0.6069380948524739,0.3012895292883684,-0.38334448793331966,0.19699419776118532,-0.383344487458567,0.19699419800312512,0.0,0.0,0.0,0.0,0.009510445767590525,-0.001199227061590591,0.00951044558059877,-0.0011992271305132363,0.019729570880503644,-0.0017675944318682468,0.019729570513998596,-0.0017675946303938872,-0.03284917850829494,-0.04498202518189487,-0.032849178548206126,-0.044982020001683054,0.0011387044914155098,-0.0036818183384781378,0.0011387043359452065,-0.003681818393019398,0.04236806401893389,0.01333201335698675,0.04236806606009935,0.013332014328369723,0.03959860831250417,-0.007163002970045795,0.039598606905999034,-0.0071630040970376285,0.035391126261702155,-0.030430336133846936,0.03539112455315774,-0.030430334958964522,0.0507456155506798,-0.038047498762821874,0.05074561365208474,-0.03804749002345886,-0.022183478015710634,0.041043179586722545,-0.022183477561263487,0.04104317964198856,-0.002672181985332145,0.009294562607294665,-0.0026703736267492673,0.00929351267448908,-0.03360214679783091,0.0779835956940218,-0.03360214742951584,0.07798359549147449,0.0,0.0,0.0,0.0,-0.015321492495482758,-0.01198608312945737,-0.015321493493662075,-0.011986082627046812,0.004648994828730935,-0.0065240959905708,0.004648994221673419,-0.006524096236958599,0.0009372484810477033,0.0016468313351651886,0.0009371515018870014,0.0016469240238023986,0.0,0.0,0.0,0.0,0.00036946030355977655,0.0005996131002348193,0.0003694598787564729,0.0005996129212206824,0.0009693586631236428,0.0006001893902123356,0.0009693575478930683,0.0006001889226610047,0.00012995912073243687,0.00019574661274646132,0.0001299647754766653,0.00019574539258826462,-0.00016344358118125513,1.9943206254424695e-05,-0.00016344049996419585,1.994230711943601e-05,0.0,0.0,0.0,0.0
83600000.0,0.20291212752290733,-0.00819229084477513,0.20291201352657318,-0.008192272369100806,-0.5079530732824029,0.4603717729783767,-0.5079530730906647,0.4603717715214941,-0.2822530601418656,0.33160553761148037,-0.28225306006098627,0.3316055369791826,0.0,0.0,0.0,0.0,0.007263659370629227,-0.00642020345230776,0.0072636593463322185,-0.0064202032457814084,0.01548241740328038,-0.01274221935658204,0.01548241729383193,-0.012742218936026006,-0.05278169687039025,-0.01864607266649898,-0.05278169191584503,-0.018646072998578234,-0.0009211467102243631,-0.00357436295659852,-0.000921146728906308,-0.003574362784291907,0.04312582530494424,-0.013468420303013318,0.043125825861402234,-0.013468422220825005,0.028996293917284532,-0.028592021119493438,0.02899629315739638,-0.028592019512345246,0.012364619069492377,-0.04519695353684483,0.012364620598944498,-0.04519695183890349,0.02059892077325287,-0.05998431077124167,0.020598929287670487,-0.059984309921446766,0.00483962457510323,0.046809582131402294,0.004839624729797265,0.04680958178902017,0.006326453689576184,0.007524091122817822,0.006325206084968116,0.007522478499851104,0.0005412477132935578,0.08631311221677151,0.000541247644010312,0.08631311287649623,0.0,0.0,0.0,0.0,-0.019496189614633508,-0.0011425692809865495,-0.019496188957853988,-0.0011425683634200823,-6.459520574075839e-05,-0.008136049576236815,-6.459530071190045e-05,-0.008136048880913904,0.001919380984196195,0.00010023399545389111,0.001919497018235461,0.00010033643839335582,0.0,0.0,0.0,0.0,0.0006705360400705018,0.0002483104656789692,0.0006705359708689684,0.00024831096241939576,0.0011372537634191104,-0.00012673164559373618,0.0011372535894373925,-0.0001267303360208416,0.00023519973020214024,-1.4920740170509816e-05,0.0002351966186058263,-1.492547983161785e-05,-6.67607099806844e-05,0.00015316847897395292,-6.676257755877657e-05,0.00015316564117995313,0.0,0.0,0.0,0.0
83900000.0,0.16775430894970178,-0.11727186292462477,0.16775434733757422,-0.11727174055620537,-0.3674843529247589,0.5877645516273446,-0.3674843544126585,0.5877645519623087,-0.13580058306770582,0.41785238219628695,-0.13580058374903992,0.4178523823937468,0.0,0.0,0.0,0.0,0.002411509198005035,-0.00950081276747028,0.002411509399943057,-0.009500812804802194,0.005669765994461784,-0.01948503312395644,0.005669766417849331,-0.019485033145301145,-0.05438841541407946,0.014594727811811481,-0.054388416114665716,0.014594723044481839,-0.0025369666615944197,-0.0024673401613313217,-0.002536966494204762,-0.0024673401938315465,0.02820580752519497,-0.03624900012624721,0.028205805816623908,-0.03624900031832112,0.007926746070319624,-0.040441599723564536,0.007926747737817763,-0.040441599424767105,-0.015082406120273006,-0.04459879508002018,-0.015082404681566075,-0.04459879716961268,-0.01662768664565384,-0.061269952182257725,-0.016627686876068637,-0.06126996054587153,0.030609866562670618,0.036176732838299586,0.03060986617507666,0.036176732425431624,0.009920584840930502,-0.0010755901055148342,0.009919203105340557,-0.0010741890042140767,0.03574156601619549,0.0800715561355787,0.035741566634838406,0.0800715560326637,0.0,0.0,0.0,0.0,-0.016763426728191533,0.010183195062694494,-0.01676342598602787,0.01018319420103353,-0.004902161793420845,-0.006646193154011826,-0.00490216109860242,-0.006646193286528046,0.001135097709372701,-0.0015863638192428198,0.0011351996921185048,-0.0015865046614464973,0.0,0.0,0.0,0.0,0.0006911849413615556,-0.00022110400848873724,0.0006911854419602292,-0.00022110411129006025,0.0008191009050939613,-0.0008044551152437407,0.0008191022280996663,-0.0008044553976276347,0.00010450210715262642,-0.00021168192722598178,0.00010449893186681436,-0.000211677429433621,9.96898607539265e-05,0.00013728253904332632,9.968760789291764e-05,0.00013728522455380698,0.0,0.0,0.0,0.0
84200000.0,0.07888991028686121,-0.19096681098999113,0.07889003823422591,-0.19096687290749514,-0.19552048314789694,0.672711669816394,-0.19552048225219565,0.6727116710166712,0.03382201497406001,0.44140118824333285,0.03382201547811192,0.44140118879933254,0.0,0.0,0.0,0.0,-0.0033961947739573617,-0.00930938095672218,-0.0033961948739538173,-0.009309381116764825,-0.006374951142566587,-0.019521244511139457,-0.006374951298351306,-0.01952124486334128,-0.03674677720823638,0.04315375145264966,-0.036746781790160554,0.04315375255895049,-0.003309626008491051,-0.0007741955546407553,-0.003309626092828921,-0.0007741956865601196,0.0025722901440285995,-0.04661004065047791,0.0025722902558840133,-0.046610039212808374,-0.01643476524541221,-0.038344530461571935,-0.016434765417194797,-0.03834453200258281,-0.0376440746021629,-0.028717012057924762,-0.03764407725814145,-0.028717012851600998,-0.048233103467064,-0.04149522492487279,-0.04823311162208732,-0.041495223449231844,0.045926480517383794,0.012664202406384106,0.045926479830042055,0.012664203095255289,0.00470141721447348,-0.0089585408053523,0.00470291955080171,-0.00895741530673888,0.06592097432035615,0.05983427211066328,0.06592097405160757,0.0598342716279916,0.0,0.0,0.0,0.0,-0.008057363342386381,0.017990312555696164,-0.008057364389499,0.01799031212401303,-0.007984640955815081,-0.002533617481304873,-0.007984641327047015,-0.002533618041283603,-0.0007379117926369361,-0.0018374709546549184,-0.0007380769816478505,-0.0018375663636618356,0.0,0.0,0.0,0.0,0.00041364661527154567,-0.0006090549557598024,0.0004136463309265537,-0.0006090553579554125,0.00014813771737287595,-0.0011419035488700047,0.00014813695280047057,-0.001141904612651956,-0.00013145297799255218,-0.00019613122435657715,-0.0001314478068561442,-0.00019613001819607234,0.00017151432237483277,-1.6774140519260072e-05,0.0001715175633112409,-1.6772738490544725e-05,0.0,0.0,0.0,0.0
84500000.0,-0.03680696514980575,-0.2056926257134819,-0.03680705393180439,-0.2056927551899861,-0.004819364771160295,0.7075799707604062,-0.004819364161681605,0.7075799694750344,0.2004304216276207,0.39783331479812034,0.20043042189134752,0.3978333140759389,0.0,0.0,0.0,0.0,-0.008137603666680704,-0.005841223523376016,-0.008137603750933309,-0.005841223381722216,-0.0164622496826361,-0.012683728000638439,-0.01646224989512035,-0.012683727751323204,-0.005728329789841169,0.056766379075199325,-0.005728328235043989,0.0567663834238914,-0.003120917462995365,0.0009870357242505179,-0.003120917531303391,0.0009870358434369564,-0.024816326182897086,-0.04043985880080925,-0.024816325060486477,-0.040439859155924296,-0.035625684229891874,-0.022713135293315645,-0.03562568547095779,-0.022713134740371288,-0.047577778580347285,-0.0027858382767362855,-0.047577778365717194,-0.0027858353044507567,-0.06342202335393488,-0.007332808912337896,-0.06342202047266454,-0.007332801217003748,0.04523056541438919,-0.015510335996395952,0.045230566646523584,-0.015510335196594838,-0.004875471281122756,-0.00901725113622831,-0.004874615535708671,-0.009018796548375008,0.08566697027904269,0.028656236169922522,0.08566697001752388,0.02865623654500382,0.0,0.0,0.0,0.0,0.00359849596431161,0.01949886192095107,0.003598495965421833,0.01949886304605286,-0.00805688087163503,0.002680145748826135,-0.008056881170817931,0.0026801462826142597,-0.0019751204797007205,-0.0003691959994256422,-0.001975203719563723,-0.00036900874906109493,0.0,0.0,0.0,0.0,-5.095582072200955e-05,-0.0007449402860686405,-5.095602822713374e-05,-0.0007449398773644589,-0.0005899964088840193,-0.0009923479573927807,-0.0005899969551297346,-0.0009923468609400743,-0.00023525869023366397,1.6074736819859936e-05,-0.00023525955521996877,1.6069699668719295e-05,7.325267704771932e-05,-0.0001589645651876026,7.325307026206929e-05,-0.00015896802541703892,0.0,0.0,0.0,0.0
84800000.0,-0.14377265386723437,-0.1554068180166297,-0.143772779550412,-0.15540669979880306,0.1900662966732547,0.688565351399788,0.19006629533032005,0.6885653515439571,0.33819443604244803,0.2934152854147243,0.3381944352800499,0.29341528553618446,0.0,0.0,0.0,0.0,-0.010121789880507492,-0.00024400700071680603,-0.01012178973493505,-0.00024400700952753596,-0.020997484855111992,-0.0012157316066776502,-0.020997484588868076,-0.0012157315711505134,0.027814195655125218,0.05022648066028523,0.027814199679824014,0.05022647864106489,-0.002119373103159461,0.0023492942668923433,-0.002119372979286993,0.002349294257328438,-0.04414033382547089,-0.01945973154404612,-0.0441403343704323,-0.01945973231433129,-0.04279030004172313,0.0013184377658745916,-0.04279029927654676,0.0013184386046276586,-0.04129985819924897,0.024485739831305864,-0.041299855358957416,0.024485738430996662,-0.05686919984428229,0.0296510443726703,-0.05686919301447446,0.02965104007478203,0.02867345675194599,-0.03839827964746689,0.028673457363552757,-0.03839828153172675,-0.010337496804012858,-0.0010031642185737155,-0.010339023945466153,-0.0010037500558013335,0.09121991607683633,-0.008383982660404854,0.09121991645670313,-0.008383982662536482,0.0,0.0,0.0,0.0,0.014127429061240093,0.014104363261367325,0.014127430088134219,0.014104362773196044,-0.005003630639993872,0.006994333171817857,-0.00500363008293192,0.006994333142657183,-0.0013893596214060722,0.0014899220205393249,-0.0013891540317274576,0.0014899885816817005,0.0,0.0,0.0,0.0,-0.0005067800449438664,-0.0005623270368459998,-0.0005067796193358731,-0.0005623270762527,-0.001079240857485786,-0.0004173649631553644,-0.0010792397156187405,-0.00041736507313316906,-0.00010339794668112745,0.00021131810613894686,-0.00010340206853598488,0.00021132083007557867,-0.00010191786381597012,-0.00014552934791822736,-0.00010192117026974756,-0.0001455286988232274,0.0,0.0,0.0,0.0
85100000.0,-0.20796838957442532,-0.05386349275109126,-0.2079682406304002,-0.053863377247466815,0.3739407451784942,0.6160935599186956,0.3739407460241928,0.6160935609434119,0.4258776683261054,0.14399813862557664,0.4258776688058248,0.1439981392253742,0.0,0.0,0.0,0.0,-0.008590088941765828,0.005560434669149572,-0.008590089035198645,0.005560434561090233,-0.018250095279725542,0.010961657528170576,-0.018250095407974953,0.010961657331591823,0.05179916439882959,0.02549912039017954,0.05179916195215384,0.025499116797846,-0.0006372382589532322,0.003006588781104824,-0.0006372383387081015,0.003006588689558498,-0.04818353085645555,0.009258240369746318,-0.04818353123824437,0.00925824105328843,-0.035080959376788456,0.025550595091146988,-0.03508095893436192,0.02555059430322615,-0.020672225068640415,0.04376334298939355,-0.020672227550914357,0.04376334078143884,-0.03056196599572658,0.056782175464306306,-0.030561971481890993,0.05678216992711782,0.0020601785672198503,-0.047927093295513146,0.002060176123141133,-0.047927093386107344,-0.006695510829839435,0.008124042566521439,-0.006695840864541225,0.008125490007159897,0.08119482397424704,-0.045021660483996584,0.08119482372822162,-0.04502166075492653,0.0,0.0,0.0,0.0,0.019788917781497162,0.003608395392774355,0.019788916853748617,0.003608394653028313,6.851619415471077e-05,0.008702765431181092,6.851585871814336e-05,0.008702765009118707,0.0005205782198665077,0.0019961601447420207,0.000520625008341824,0.001995940827953291,0.0,0.0,0.0,0.0,-0.0007558638863933709,-0.00013118099339237688,-0.0007558641554830103,-0.0001311813144724283,-0.0011088578553533068,0.00033857896113431707,-0.0011088585766394488,0.0003385780972280372,0.00013074153834935487,0.00019479055605131634,0.0001307456302086507,0.00019479312001635662,-0.000179530336495759,1.5100577385851466e-05,-0.00017952874314985934,1.5103360439638891e-05,0.0,0.0,0.0,0.0
85400000.0,-0.20717564989748993,0.0685141165501193,-0.20717555159339085,0.06851393729169786,0.53219762787338,0.494872495562376,0.5321976282956378,0.49487249426618973,0.4501890528051895,-0.02769014867386943,0.4501890530904902,-0.027690149376084605,0.0,0.0,0.0,0.0,-0.004003867457448962,0.009534130889576886,-0.004003867494549951,0.00953413103944456,-0.009003560505458807,0.019579928718044926,-0.009003560565080448,0.01957992895269456,0.057341338355545446,-0.008737205336800002,0.05734133528824259,-0.008737202547152378,0.0009205510889174207,0.002859030417539543,0.0009205510569536557,0.0028590305446698494,-0.03496027519327782,0.035642044427660835,-0.03496027442577443,0.03564204438603724,-0.014765084365382819,0.041462585554356224,-0.014765085026045455,0.04146258540562542,0.007481012887538441,0.04823441120525729,0.007481011689190353,0.04823441441170928,0.0067074095312449344,0.06452806294851143,0.006707405576566572,0.0645280691781096,-0.025271054734059106,-0.040777672948394184,-0.02527105406264596,-0.040777670215845774,0.003046347104671554,0.01023293374549894,0.003047656701305357,0.010233036520375549,0.05689682570739052,-0.07488171261505272,0.05689682563419751,-0.07488171220043682,0.0,0.0,0.0,0.0,0.01848029427352671,-0.00835600029931527,0.0184802939634352,-0.008355999068953679,0.0052325939826225465,0.007075687888075777,0.0052325938159683005,0.007075688423768156,0.001986751218794325,0.0006368851132094733,0.0019865230986582105,0.0006368597396289033,0.0,0.0,0.0,0.0,-0.0006843018129245593,0.00036842559353544857,-0.0006843019379445536,0.00036842601140563147,-0.0006644494954777258,0.0009524223616779182,-0.0006644498386521036,0.0009524234783100383,0.0002334863630757411,-1.5230203047167379e-05,0.00023348695939162667,-1.5234963825605519e-05,-7.813112997112626e-05,0.00016488324828856094,-7.812919148975084e-05,0.00016488093464772646,0.0,0.0,0.0,0.0
85700000.0,-0.13875004004892943,0.17290475534285576,-0.13875024727328977,0.1729046812703956,0.6520266699036341,0.333583814863772,0.6520266685128604,0.33358381513838253,0.40769229534276974,-0.19579173782035753,0.4076922946112198,-0.1957917377450542,0.0,0.0,0.0,0.0,0.002089273427891669,0.010237470039058394,0.002089273593579577,0.010237469992588899,0.0036517702532385954,0.021509217244741308,0.003651770514409236,0.021509217143062642,0.042167343247907496,-0.040125061314412847,0.04216734626104568,-0.04012505882238315,0.0021777616464930816,0.0019996294517312663,0.0021777617871059363,0.0019996294129498438,-0.008603566250666717,0.05008612515854338,-0.008603566749126657,0.0500861243706936,0.011381036348755202,0.043170843149923144,0.011381036335077255,0.04317084362141088,0.03355778474978166,0.036026500757856184,0.033557788183824044,0.03602650081897707,0.042156958079470286,0.04985423507302755,0.04215696450672013,0.04985423740099293,-0.04379378337197082,-0.019502189196856534,-0.043793780713283326,-0.019502190686807808,0.0103410650324669,0.0032204140780862645,0.010340982884308403,0.003219293714138871,0.022163052943685813,-0.09260226406854599,0.022163053420612755,-0.0926022642278781,0.0,0.0,0.0,0.0,0.010520406999287246,-0.017544700218564913,0.010520408346426535,-0.01754470039077205,0.008480614672926379,0.002672228985929337,0.008480615259486513,0.002672228855843173,0.0016196352052340046,-0.0013492708563234146,0.0016196316389134324,-0.001349038712405104,0.0,0.0,0.0,0.0,-0.0003143841085524457,0.000721505436004577,-0.00031438365739688834,0.0007215053339280075,6.52035960584385e-05,0.0011609954379707688,6.520480051719346e-05,0.0011609951753399628,0.00010409453887305631,-0.0002090658145590396,0.00010408991134625012,-0.00020906432736467195,0.00010448683474351128,0.0001520927981175646,0.00010448413194907857,0.0001520919352913097,0.0,0.0,0.0,0.0
86000000.0,-0.02216667557060248,0.22398219142682763,-0.022166719063942963,0.22398242238345745,0.7234884454235377,0.14423453336851821,0.7234884462816211,0.144234534525296,0.30504357304477026,-0.3353904768150784,0.3050435734131405,-0.33539047622997487,0.0,0.0,0.0,0.0,0.0075750576765329924,0.007351050206793275,0.007575057557936304,0.007351050062666786,0.01533812833690007,0.015891540486066447,0.01533812809819679,0.01589154027497841,0.011615224020530945,-0.05717648316510804,0.011615225939522134,-0.05717648628086636,0.0028573376449898547,0.0006654675012356392,0.0028573375458655903,0.0006654673773738295,0.021855927013220366,0.04689843014853068,0.021855926283187443,0.046898431128269635,0.0342746956323694,0.029604531140890344,0.03427469595388999,0.02960453117074735,0.048419393237420394,0.011026479470331196,0.04841939231272008,0.011026476268412466,0.06333376600567675,0.01749160038995967,0.0633337669276095,0.01749159424898039,-0.047128235574486865,0.008450138712959188,-0.047128237736387746,0.008450136454271728,0.008549842820286813,-0.006896633630674387,0.008548952952935451,-0.0068964211811533005,-0.017249887899012606,-0.09480391562709656,-0.017249888266803737,-0.09480391606479088,0.0,0.0,0.0,0.0,-0.001380257757009673,-0.020589936852729807,-0.0013802583637598786,-0.020589938144780717,0.008512322794381078,-0.0028522010556315536,0.008512322411043272,-0.0028522015538214873,-0.00027098324773433546,-0.002111840353947514,-0.00027075147394839405,-0.0021118580629035932,0.0,0.0,0.0,0.0,0.0002011788415146043,0.000770864063326826,0.00020117854785439704,0.0007708636841528005,0.0007686323277802387,0.000874121648308801,0.000768631556759658,0.000874120637604392,-0.00012811625144237837,-0.0001950810652999735,-0.00012811287630043466,-0.00019507736259072317,0.0001858593138486242,-1.4002833253812241e-05,0.0001858596318058403,-1.4000149647586113e-05,0.0,0.0,0.0,0.0
86300000.0,0.10557468040852314,0.202252571623859,0.10557492933522994,0.20225257951938147,0.7403615613139518,-0.058779332269324414,0.7403615620487898,-0.05877933345207964,0.15765517777959737,-0.42621374344618346,0.15765517812246976,-0.426213743961938,0.0,0.0,0.0,0.0,0.010505702801051342,0.0018155104752253237,0.010505702701429698,0.0018155106382948816,0.021896388950711554,0.004512877251798386,0.02189638883742795,0.0045128775710310265,-0.023258826392995147,-0.05358553295964441,-0.023258829513038037,-0.053585534347689645,0.0028185560056943615,-0.0008231114733376899,0.002818555919363419,-0.0008231113367855869,0.045513509582635336,0.026531029681507334,0.045513511057039935,0.026531030269453026,0.0456546483395055,0.00509041848339109,0.045654648478215876,0.005090418202826186,0.04661607119904154,-0.018287775981434606,0.046616068508434694,-0.018287774413039415,0.06252000389353363,-0.02147657309319584,0.06251999832301536,-0.021476573003553767,-0.034209398961898785,0.03338420973176426,-0.034209400631356246,0.03338421228215793,-0.000996961597580892,-0.011087461848433122,-0.0009966833793608743,-0.011086830579017715,-0.05463089159270851,-0.08072873587884999,-0.05463089192363313,-0.08072873537054193,0.0,0.0,0.0,0.0,-0.0130076991396475,-0.016247345665476587,-0.013007700269682232,-0.016247344740634162,0.005257795706736346,-0.0073762930434497775,0.005257795378103225,-0.0073762925132996315,-0.0019460408195293155,-0.0009167206566900177,-0.0019460786472187408,-0.0009169480711648248,0.0,0.0,0.0,0.0,0.0006421984765996314,0.00048727862525765886,0.0006421982313664643,0.0004872790279506489,0.0011450496127540788,0.0002136334609303958,0.0011450489599482694,0.0002136345205485668,-0.00023321394447428645,1.2454661330707495e-05,-0.00023321182803393015,1.2449881182874378e-05,8.221291115795282e-05,-0.00016918127752774126,8.22151403774285e-05,-0.00016918272359589537,0.0,0.0,0.0,0.0
86600000.0,0.20153216893053383,0.11232874826716,0.20153213797579106,0.11232848803874163,0.7006864177739409,-0.2598181635193413,0.7006864165504112,-0.25981816382788736,-0.012862957833819522,-0.4554225645892416,-0.012862958339104225,-0.4554225646988357,0.0,0.0,0.0,0.0,0.009793204132542144,-0.004471365684523221,0.009793204308081727,-0.004471365634032054,0.020867155313242236,-0.008747816613194459,0.020867155648332414,-0.00874781660556323,-0.049766327098977214,-0.03060988687120414,-0.049766328016533024,-0.030609883806377525,0.0020700254707737287,-0.0021216671959649602,0.0020700256178241006,-0.0021216671495523087,0.053461504538006466,-0.004281085300888776,0.05346150489723023,-0.0042810872676000145,0.04107657304813017,-0.02196608091067276,0.04107657267777576,-0.021966081165629703,0.028436347920560934,-0.04170191204583773,0.028436349748997003,-0.041701909904105605,0.03963367807669371,-0.053372469163434744,0.03963367876015056,-0.05337246419377095,-0.009586312020239518,0.046729219725364146,-0.009586309385907654,0.04672922079950581,-0.009896179727903132,-0.005390402544037443,-0.009895819538929373,-0.005390675262901823,-0.08346614605106595,-0.052430945931448036,-0.08346614548191944,-0.052430945725930655,0.0,0.0,0.0,0.0,-0.020127108229862856,-0.0059295496328672925,-0.02012710711656318,-0.005929548686054886,-7.802289544223129e-05,-0.009135042298737517,-7.802233476006393e-05,-0.009135042145416605,-0.0018403081679814193,0.0011595722198478597,-0.001840527493525812,0.0011596285397104111,0.0,0.0,0.0,0.0,0.0008152497666706893,-1.4291565122448446e-05,0.0008152501867062512,-1.4291456224668764e-05,0.0010333182642803251,-0.0005386288502933212,0.001033319370064234,-0.0005386285618698139,-0.00010675547942184949,0.00020821888229249907,-0.00010676096144379699,0.00020821878621291035,-0.00010555962491665127,-0.00015768124040960174,-0.00010556198179756393,-0.00015768261326343236,0.0,0.0,0.0,0.0
86900000.0,0.23204651994709025,-0.017039089662276297,0.23204625523042743,-0.01703901847730549,0.6069570646514837,-0.44325504336178767,0.6069570646228541,-0.4432550422887971,-0.18198917656546953,-0.4191688787105079,-0.18198917653484692,-0.4191688783167251,0.0,0.0,0.0,0.0,0.005614796921070919,-0.009305216243163272,0.005614796935697441,-0.009305216410112394,0.012418025524983278,-0.019234264218908947,0.012418025453280634,-0.019234264525607614,-0.05828504763331388,0.0033962309664161694,-0.05828504464828477,0.003396231466780364,0.0007676775103391265,-0.0029177427329045713,0.0007676775266212132,-0.002917742872114104,0.042156297353434624,-0.03467488092427118,0.04215629491245032,-0.034674880972119126,0.021675516997015976,-0.04194472620105216,0.02167551668819101,-0.04194472564515195,-2.8984506521112507e-05,-0.05085250548341946,-2.8982749885386738e-05,-0.0508525072986572,0.002465311319696184,-0.06676930118817381,0.0024653158591778634,-0.06676930217349764,0.018202793176682164,0.043971059710329996,0.01820279379920997,0.04397105720843797,-0.010085897027000357,0.00529943082489126,-0.010086090069664877,0.005299336940908006,-0.09857836868119385,-0.014479517393880315,-0.0985783685775985,-0.014479517962470823,0.0,0.0,0.0,0.0,-0.020043568015525537,0.006721888567142287,-0.020043567202666424,0.006721887355737977,-0.005469437183332815,-0.007409597242997279,-0.005469437148896361,-0.007409597752229047,-1.283042406363677e-05,0.0022016389438448414,-1.275775896836251e-05,0.002201846551386666,0.0,0.0,0.0,0.0,0.000638770734918026,-0.0005211254661645626,0.0006387707522588215,-0.000521125841530079,0.0004810001857009638,-0.0010615202934189938,0.000481000230324824,-0.001061521279169142,0.0001268256274915558,0.00019740444309945815,0.0001268276872625762,0.00019740980343385672,-0.0001910962179678677,1.156611266139862e-05,-0.00019109642971848473,1.1569012386303257e-05,0.0,0.0,0.0,0.0
87200000.0,0.1856039342363136,-0.1424441223049655,0.18560404541809383,-0.1424438593203945,0.4659443407331292,-0.5947350712194037,0.4659443416146001,-0.5947350712731634,-0.3257773380229807,-0.32282631408502027,-0.3257773377546158,-0.3228263141371883,0.0,0.0,0.0,0.0,-0.0006220966265146899,-0.010950412161761847,-0.0006220967762828877,-0.010950412160610767,-0.0006380090689095397,-0.023150838699365295,-0.0006380093308671064,-0.023150838588435363,-0.045782493922825296,0.03608661533107238,-0.045782493808442126,0.036086612431148524,-0.0008016029222233101,-0.0029880018299763833,-0.0008016030475328506,-0.0029880018327901325,0.01499097957919382,-0.05346924402611819,0.014990979923496184,-0.053469241136866685,-0.006028007471060803,-0.047451454598544274,-0.006028006696016774,-0.047451454329234366,-0.028915801655291062,-0.042260400749796645,-0.028915803374843563,-0.04226040236048334,-0.03595588547933737,-0.05666330416016763,-0.035955886674706505,-0.056663308511119226,0.03959927844610789,0.02616340513220905,0.03959927614579328,0.026163404761234688,-0.0012028013714608932,0.011443281052422094,-0.0012026516159249212,0.011443321566517284,-0.09705506203307124,0.026782650350753556,-0.09705506257548535,0.026782650307296763,0.0,0.0,0.0,0.0,-0.012649673026134067,0.017118502487917908,-0.012649674313752968,0.017118501733065727,-0.008845313030764856,-0.002814465379586295,-0.00884531346582662,-0.002814465372921404,0.0018740365032456907,0.0012092065066866553,0.0018742288232864723,0.0012091203950035379,0.0,0.0,0.0,0.0,0.000181443648406443,-0.000813137615608639,0.0001814433319964337,-0.0008131376033588822,-0.0002761282798164899,-0.0011320428825456474,-0.0002761291081370132,-0.0011320428490506629,0.0002350866267981644,-1.0946118933929938e-05,0.00023509104506480583,-1.0950145352239815e-05,-8.747624393556919e-05,0.00017233484790324383,-8.747327619396117e-05,0.00017233375213265845,0.0,0.0,0.0,0.0
87500000.0,0.07747411822987971,-0.22151795230227833,0.07747437437498661,-0.22151810222807455,0.2881664787613616,-0.7023301412878169,0.2881664787641416,-0.7023301420742172,-0.4240725970618282,-0.17999143272004403,-0.42407259705372446,-0.1799914329265846,0.0,0.0,0.0,0.0,-0.0067538592111020535,-0.008765729162021785,-0.006753859208394886,-0.008765729022087498,-0.01377275999895744,-0.018943249053549494,-0.013772759876879093,-0.018943248822168357,-0.016874499590578296,0.05566310730046098,-0.016874502395319624,0.05566310756572079,-0.0022589004278223968,-0.0022558012693707497,-0.002258900428934396,-0.002255801151562764,-0.01863919581885476,-0.05330059807518239,-0.018639192512116765,-0.05330059888983385,-0.03230509921495184,-0.036086158191210416,-0.03230509905964318,-0.036086159157534325,-0.048029989322094124,-0.01867818405963817,-0.04802999095769067,-0.018678182341915317,-0.06197187208665511,-0.02639299636381054,-0.0619718764151731,-0.026392994861751617,0.04731537179685397,-0.0004824024345282396,0.0473153715304111,-0.0004824002707835007,0.008926817813357246,0.007424883740810628,0.008926638615294635,0.007424530426149545,-0.07880191464732,0.06430180918242456,-0.07880191466216324,0.06430180970740196,0.0,0.0,0.0,0.0,-0.000533845738813099,0.021407511226072984,-0.0005338464842559176,0.021407512630986503,-0.008884519597469165,0.0029280143194085895,-0.00888451960424419,0.0029280147161330206,0.0020523131766854164,-0.0009459746705005045,0.0020522175661454867,-0.0009461483818711258,0.0,0.0,0.0,0.0,-0.00036419933810805105,-0.0007587545478600077,-0.0003641993413499023,-0.0007587542610849596,-0.0009151236472817459,-0.0007205542454613578,-0.000915123654396055,-0.0007205534967198446,0.00010823739923537801,-0.00020966845713132898,0.00010823189886544071,-0.0002096712406540746,0.00010548666979559584,0.00016432483116091134,0.00010548431515466916,0.00016432230609098042,0.0,0.0,0.0,0.0
87800000.0,-0.056081859819569146,-0.22818142297894894,-0.05608204700951802,-0.22818166844008658,0.08705439336732645,-0.7574921251166415,0.08705439252465919,-0.7574921251838305,-0.4630856432304027,-0.010486648305786161,-0.46308564347123404,-0.010486648377977303,0.0,0.0,0.0,0.0,-0.010613651851283379,-0.003453092596103602,-0.010613651708202276,-0.0034530926006226537,-0.02231596106517486,-0.00791435423700193,-0.022315960839981663,-0.007914354368381282,0.017922095296256657,0.05515917560779826,0.017922095944284067,0.055159178290551836,-0.003203745704808192,-0.0008367182353055114,-0.003203745582986528,-0.000836718234168643,-0.04656919311712748,-0.03353134735728247,-0.04656919448577579,-0.03353135104380556,-0.04765215758006036,-0.01147946724259441,-0.04765215868293993,-0.01147946725656368,-0.050479635684111734,0.011778843496074387,-0.05047963379975062,0.011778845168606722,-0.0662099461688932,0.013450212074488377,-0.06620994418641413,0.013450216380405777,0.03881816895450729,-0.02677710889588525,0.03881817110335106,-0.026777108708941455,0.011232333655507354,-0.0033180169221083133,0.011231832685403731,-0.0033175606231026222,-0.04661939240742807,0.0915212329948929,-0.04661939187738007,0.09152123298463266,0.0,0.0,0.0,0.0,0.011924040302064398,0.01792260907734544,0.011924041890853943,0.017922609802653255,-0.005526886615648152,0.007637477848575713,-0.005526886199330505,0.007637477871767828,0.00030251044308027275,-0.0022686608989772594,0.000302357973344769,-0.002268560986550483,0.0,0.0,0.0,0.0,-0.0007629863229379197,-0.0003743395636064406,-0.0007629860191888937,-0.00037433954216226084,-0.0011639867970627549,-3.04253447325209e-06,-0.0011639860023766602,-3.0424800030459664e-06,-0.00012800508738219918,-0.00019867681967866702,-0.0001280057795298717,-0.0001986705733401095,0.0001973144380711389,-8.005814009948153e-06,0.00019731282196122635,-8.002454350730659e-06,0.0,0.0,0.0,0.0
88100000.0,-0.1711837588850056,-0.16112350951966903,-0.17118399078540847,-0.1611232859955578,-0.12211524873505297,-0.7557265761928278,-0.12211524874409552,-0.7557265751903515,-0.43707632552853504,0.16232628193633047,-0.4370763255918133,0.16232628228050316,0.0,0.0,0.0,0.0,-0.010799609461232595,0.003166845784917882,-0.010799609479071215,0.003166845629806403,-0.023121415566516923,0.006168997867874282,-0.023121415731991668,0.006168997633849926,0.04605923638066178,0.03491459027321753,0.046059238896255295,0.03491458924860069,-0.003314319726886339,0.0009507940882542698,-0.0033143197356464427,0.000950793956093321,-0.05828074001281358,-0.0007654686568372426,-0.058280744029195475,-0.0007654666431733403,-0.04625295602424995,0.01784496712879502,-0.046252955921128436,0.017844968330322786,-0.03518336712067427,0.03843950271374297,-0.035183365559284585,0.0384395005533662,-0.04700055803852843,0.048753811893121224,-0.04700055392378699,0.04875380931575535,0.017152610677619418,-0.04374012225149215,0.01715261068809726,-0.043740124467504415,0.003526514525673541,-0.011275582951441265,0.0035272919097337763,-0.011275003459630284,-0.0057797725493564656,0.10352899131109439,-0.005779772610442269,0.10352899076575284,0.0,0.0,0.0,0.0,0.02014898228077122,0.007844367788791828,0.020148982915502156,0.007844365970981926,-6.9090033529839445e-06,0.009501852466016203,-6.909011790678932e-06,0.009501851991174703,-0.0017770539420305376,-0.001484510874107059,-0.0017769561265805756,-0.0014843809713909195,0.0,0.0,0.0,0.0,-0.0008387863125278727,0.00017976213815984465,-0.0008387863126224637,0.00017976178688172695,-0.0009175838423556293,0.0007145084724555772,-0.0009175838449522189,0.0007145075488921293,-0.0002360872072331155,1.2077690485057246e-05,-0.00023608106784100968,1.2076147541506543e-05,9.385233132475079e-05,-0.00017645423228884738,9.385627325375623e-05,-0.00017645386486719872,0.0,0.0,0.0,0.0
88400000.0,-0.23132186039653435,-0.042886609802508247,-0.23132160038424332,-0.042886394073150313,-0.3234274650174649,-0.6969347292417751,-0.3234274638812591,-0.6969347294738242,-0.3490160322968845,0.3145815578057096,-0.34901603185564767,0.3145815577513673,0.0,0.0,0.0,0.0,-0.007184577172214435,0.00878038222205646,-0.007184577334643616,0.008780382270231257,-0.01572869820734435,0.01836208756543556,-0.01572869843759017,0.01836208779923254,0.057516342461626624,0.0023698468750126267,0.057516341089198786,0.0023698445758100206,-0.0024568817820836975,0.002632154622034477,-0.0024568819200857517,0.0026321546554584074,-0.04888515978163677,0.033325934521272416,-0.04888515702210705,0.03332593879285639,-0.02819684182986759,0.04142803803348727,-0.028196840517955346,0.04142803785981641,-0.007339110599054455,0.051838523715815654,-0.007339112985187191,0.05183852248494247,-0.011046768109702065,0.06692198449675857,-0.011046771231992492,0.06692198082123468,-0.010168287050700275,-0.045677922107756785,-0.0101682892984718,-0.04567792178944785,-0.007468109467385964,-0.00929134374690932,-0.007467530420301682,-0.009292469954701232,0.03683386606357164,0.09794658623903274,0.036833865523214326,0.09794658638942622,0.0,0.0,0.0,0.0,0.021068226998493533,-0.0051926774186625835,0.021068224965960614,-0.0051926778652813255,0.005602139912780024,0.0077690832552264055,0.005602139394622729,0.007769083366653717,-0.0022263790851750898,0.0007180153815511403,-0.0022262711314690042,0.0007179268695409746,0.0,0.0,0.0,0.0,-0.0005525268598238764,0.0006662128625691821,-0.0005525272505210177,0.0006662129416667995,-0.0002819283911389414,0.0011269541593605936,-0.0002819294195135491,0.001126954372750788,-0.0001069411442282675,0.0002104746268969393,-0.000106944728013314,0.0002104694440276944,-0.00010641026949076426,-0.00017211447440956817,-0.00010641130026445289,-0.00017211846545706067,0.0,0.0,0.0,0.0
88700000.0,-0.2184046130148949,0.0887520112480189,-0.21840441675133793,0.08875171341637156,-0.5015753959690445,-0.5854011355583708,-0.5015753965769172,-0.5854011366601384,-0.21020420071160828,0.4249535488216907,-0.2102042009668743,0.42495354837420507,0.0,0.0,0.0,0.0,-0.000982091792227413,0.011391482499959693,-0.0009820917021421405,0.011391482648804185,-0.002591770075400346,0.024281280486249557,-0.0025917697506281367,0.02428128067066382,0.048382429269392624,-0.030711297119324854,0.04838242722308084,-0.03071129544848361,-0.0007671160028621671,0.0036881025550599134,-0.0007671159346356315,0.0036881026833839314,-0.02116167266920055,0.05615887618587578,-0.021161668249356058,0.056158872581789865,0.0003912259248934902,0.050622061173100974,0.00039122570504024345,0.050622059686034504,0.023340953994528846,0.04710242542816445,0.02334095325574226,0.04710242781389695,0.028916180115524437,0.06141286379330779,0.028916177074442162,0.06141286722863981,-0.03379410129325877,-0.03208652211954188,-0.03379410053535614,-0.03208652000760992,-0.011987602776243333,0.0010397170695171098,-0.011989087385445352,0.0010392233152032304,0.07388894256877743,0.07539834863266037,0.07388894283165803,0.07539834911570154,0.0,0.0,0.0,0.0,0.014275812736707305,-0.016414940526658484,0.014275812556618694,-0.016414938361108966,0.009164450152934212,0.0030446629779561363,0.009164450420619197,0.0030446634684437868,-0.000586317325041108,0.002285941549715176,-0.0005863892514317293,0.0022858525259152884,0.0,0.0,0.0,0.0,-2.187400298225839e-05,0.0008726566390322432,-2.1873802328098435e-05,0.0008726570147672419,0.0004717336103858827,0.0010599332276797213,0.00047173414727463836,0.0010599342162294079,0.00012880664500869443,0.00019708928074635423,0.00012880312883822853,0.00019709439892778846,-0.00020477786419270672,5.4918186265240365e-06,-0.0002047813516523611,5.494178466847188e-06,0.0,0.0,0.0,0.0
89000000.0,-0.13704681247075623,0.1930336854579906,-0.13704715017449942,0.19303351360235865,-0.6430437699603972,-0.42943467152734627,-0.6430437707781156,-0.42943467053994766,-0.03890563142145709,0.4773922802463204,-0.03890563173670358,0.47739228071216644,0.0,0.0,0.0,0.0,0.005661444676909433,0.010032778124383412,0.005661444783550351,0.010032777994126718,0.011729520321223319,0.02168459953436752,0.011729520401414284,0.021684599123744874,0.022167542717280497,-0.05254281972081287,0.022167544627245128,-0.05254281793598636,0.001337848051366386,0.0037116163947672476,0.0013378481462211766,0.003711616292818576,0.015185957076158552,0.058899316164399806,0.015185952547776438,0.058899311741242855,0.029415732888561585,0.04178582253265972,0.02941573113708973,0.04178582283236665,0.04603432797406892,0.025745705890244608,0.046034330035326754,0.02574570614812899,0.0586603185628336,0.03413637109238721,0.058660321973428964,0.03413637347246379,-0.04574937851490368,-0.007743620098437987,-0.045749376779323114,-0.007743621281775859,-0.005861069605523461,0.010640579410761575,-0.005861391563602325,0.01064241292765189,0.0988713882782779,0.039468535114920655,0.09887138863389566,0.0394685347520749,0.0,0.0,0.0,0.0,0.0022210693572395357,-0.02167206560852719,0.002221071534845187,-0.021672065715677036,0.009290293112242942,-0.00291945074997102,0.009290293470601618,-0.0029194511709960125,0.0016313693498535287,0.0017304109234430598,0.0016312937328626376,0.001730459869833112,0.0,0.0,0.0,0.0,0.0005271760820724225,0.0007046960151484427,0.0005271763619836278,0.0007046956938694393,0.0010230129639356988,0.0005435131069475574,0.001023013698643993,0.000543512247986655,0.00023421683576607677,-1.3111795169606921e-05,0.000234222742357737,-1.3110409241789966e-05,-9.914889842299601e-05,0.00018198810963099277,-9.914549225342739e-05,0.00018199060494339392,0.0,0.0,0.0,0.0
89300000.0,-0.012131971011105414,0.2380519072796261,-0.012132111201155205,0.23805228665644051,-0.7371357176776216,-0.2406991808213661,-0.7371357164745653,-0.2406991805126637,0.1418465785977725,0.46326927235328696,0.14184657918922827,0.4632692724096614,0.0,0.0,0.0,0.0,0.01041113662984916,0.005123563136322673,0.010411136477452843,0.00512356309454276,0.0221523483367152,0.011324765656468117,0.022152347883686474,0.011324765730634567,-0.011595763166002193,-0.05554002015320236,-0.011595761620121436,-0.05554002225989052,0.0032426415130135666,0.0025641446366790888,0.0032426413931778697,0.0025641445945439045,0.046898617123462216,0.03991839415613185,0.0468986128761415,0.03991839964949406,0.04838816623831832,0.017745654008834322,0.04838816672025281,0.017745656092884587,0.05266186481086166,-0.004796000756144281,0.052661864811468284,-0.004796002207186234,0.06759177686631812,-0.0051871582090115,0.06759177877475686,-0.005187161285221009,-0.042113505705502874,0.01899572921787751,-0.04211350714527384,0.018995728073733176,0.005641528296435716,0.010886872540922354,0.005643682242976844,0.010886938803437829,0.10724153452216445,-0.0038612081730633463,0.107241534115885,-0.00386120834320991,0.0,0.0,0.0,0.0,-0.01067050462835617,-0.018997072710433827,-0.010670504967983163,-0.018997074788373425,0.005874375896341988,-0.007871651406077262,0.005874375393289277,-0.007871651541350388,0.0023516625566388782,-0.00045507236093556003,0.002351684008800703,-0.0004550024723215529,0.0,0.0,0.0,0.0,0.000856836747411549,0.00022902571195970722,0.0008568363598495665,0.0002290255999355395,0.0011387876902766436,-0.00020152368908554763,0.0011387866503271837,-0.0002015239780490674,0.00010547243763792125,-0.00020847042549121397,0.00010547154871076714,-0.00020847625496855926,0.00010897262430464849,0.00017884245967536572,0.00010897378460494878,0.00017883845535493492,0.0,0.0,0.0,0.0
89600000.0,0.11867271029845128,0.20939759040722095,0.11867313157334358,0.20939768921746804,-0.7767652615906311,-0.033294180645057736,-0.7767652618897447,-0.03329418178198296,0.30707006184895036,0.38270104298331376,0.30707006158856665,0.38270104241863123,0.0,0.0,0.0,0.0,0.011566273537884086,-0.0016574830628428572,0.011566273569888708,-0.0016574829218569676,0.024882302921856336,-0.0032513322563545444,0.024882303170652875,-0.0032513318311231387,-0.040881473021299186,-0.03892523750175769,-0.04088147531538233,-0.03892523884746879,0.00430561789582562,0.0004712091645728833,0.004305617914429405,0.0004712092754175501,0.062023078987621716,0.005682654872003923,0.06202308543556789,0.0056826587469203105,0.05025782653022226,-0.013075998125927413,0.05025782895226705,-0.013075998939186206,0.04080710688523759,-0.033773649971237774,0.040807106163878615,-0.03377365009441746,0.05259668964545128,-0.04252473265378853,0.05259668705590492,-0.042524734440505085,-0.024277458160346654,0.039072926235448335,-0.024277458619456738,0.03907292764755255,0.012291941170293086,0.0013629208959713424,0.012291674503405403,0.0013604929700647972,0.09727057569680575,-0.04721020154316591,0.09727057573314468,-0.04721020118154229,0.0,0.0,0.0,0.0,-0.019639724898782518,-0.009368983945421405,-0.019639726819081105,-0.009368983486837124,0.00015723542092693776,-0.00990699276378848,0.00015723554894186975,-0.009906992298994055,0.0008829095419571331,-0.002245419743047705,0.0008829827542840007,-0.00224541186935312,0.0,0.0,0.0,0.0,0.0008208176895809771,-0.0003529729382307778,0.0008208177761837021,-0.00035297257385025205,0.0007717851868207504,-0.0008583857608073231,0.0007717854255826495,-0.0008583847834700009,-0.00012691721592972272,-0.00019509269453976685,-0.00012692211402942633,-0.0001950897244284988,0.00021127286580835403,-4.864341661914295e-06,0.000211268809252374,-4.864019473416192e-06,0.0,0.0,0.0,0.0
89900000.0,0.21530281812199803,0.11416743876858959,0.21530286393870313,0.11416697831835165,-0.7589594465458767,0.17733610306225955,-0.7589594473110051,0.17733610388651755,0.4330030611256195,0.2448773865670546,0.43300306075437867,0.24487738710284646,0.0,0.0,0.0,0.0,0.008671004539058558,-0.0079476641939209,0.008671004632441637,-0.007947664289986278,0.01880693121676913,-0.016916008809658933,0.01880693153866453,-0.016916009212536665,-0.05547762290513347,-0.008828196379354836,-0.055477624079660615,-0.008828193866321499,0.004074824093482476,-0.0019932788704579707,0.004074824164730373,-0.0019932789412138163,0.05449679955953357,-0.031403199137628235,0.05449680286820069,-0.031403206471210865,0.034082116307031285,-0.039629728367003736,0.03408211501361791,-0.03962973104924572,0.014615610923099709,-0.05096189793614769,0.014615610273528645,-0.050961897827917824,0.019156824518013593,-0.06462989686237108,0.01915682246844419,-0.06462989468198543,0.001600811830973825,0.045777570555699754,0.0016008129119846615,0.045777570408588986,0.008013592164694217,-0.009539824801535701,0.008010952840885821,-0.009539158318943919,0.07039927801158186,-0.08306808339705185,0.07039927823624836,-0.08306808361061258,0.0,0.0,0.0,0.0,-0.021389570060732055,0.0036381885905143463,-0.021389569610128945,0.003638190374843475,-0.005722327894144286,-0.008197255866789988,-0.005722327595947263,-0.008197256222615579,-0.0014321874228198084,-0.001965354110751605,-0.0014321514792516865,-0.001965439989078277,0.0,0.0,0.0,0.0,0.0004293447403505013,-0.000790759146937603,0.0004293449828711715,-0.0007907594054614719,7.965745782101408e-05,-0.0011492352572730624,7.965811063392891e-05,-0.001149235951899641,-0.0002317487736345214,1.1609676107582345e-05,-0.00023174422578264853,1.161293043594469e-05,0.00010232793801279172,-0.0001867294349722215,0.00010232967318657415,-0.00018672588588231065,0.0,0.0,0.0,0.0
90200000.0,0.24646084731694984,-0.020290452972901107,0.24646035444401804,-0.020290433514759343,-0.6850391311125943,0.3755764562717303,-0.6850391300040712,0.3755764564542545,0.5003043779016441,0.06729475193820633,0.5003043785816246,0.06729475200111779,0.0,0.0,0.0,0.0,0.0026925534994841627,-0.011526720853780148,0.002692553366991035,-0.01152672087624751,0.005951991532958445,-0.02477708602074813,0.005951991033059656,-0.02477708618769725,-0.050501705098810135,0.024043986021254682,-0.05050170230521722,0.02404398701516186,0.0024751674733796136,-0.004051302210697827,0.0024751673731611135,-0.00405130222239336,0.02665829158252464,-0.05754122605188172,0.026658283484326972,-0.05754122863308453,0.005487089298766179,-0.05226456038913341,0.005487086506006378,-0.052264558521272875,-0.01668700293090808,-0.050326081918001364,-0.016687003109806753,-0.05032608046232667,-0.02070923896375909,-0.06383869053782121,-0.02070923690948412,-0.06383868795488468,0.026717444452868833,0.03696729503720064,0.026717443930140305,0.036967294499063996,-0.003506553068804763,-0.012034680033536915,-0.003505433388182766,-0.012031905482402294,0.03104103951492654,-0.10511491498135683,0.031041039197168274,-0.10511491500550108,0.0,0.0,0.0,0.0,-0.015334299442555377,0.015210795841980485,-0.015334297701990351,0.015210795485359085,-0.009524327099956764,-0.003325866828518542,-0.009524327581146963,-0.003325866871691119,-0.002448195671890474,0.00015501461113842652,-0.002448302672211966,0.00015495484656469216,0.0,0.0,0.0,0.0,-0.00015305432382284323,-0.0008928127553957665,-0.00015305467554860286,-0.0008928128077485553,-0.0006430713721332637,-0.000952775270278039,-0.0006430723149808415,-0.0009527754161240409,-0.00010637820979297885,0.00020573088100661607,-0.00010637706808047653,0.0002057254920799778,-0.00011098883249260894,-0.00018327766470349616,-0.00011098628352534945,-0.00018328053906202513,0.0,0.0,0.0,0.0
90500000.0,0.19933075981447246,-0.15300836134133533,0.19933085576366238,-0.1530078472823817,-0.5604738197731969,0.5468053426670565,-0.5604738202131756,0.5468053415867331,0.49692445370582305,-0.12611499006469273,0.4969244534390995,-0.1261149907181789,0.0,0.0,0.0,0.0,-0.00430334584040537,-0.011103915990219093,-0.004303345786670576,-0.011103915857290758,-0.009194316680218861,-0.023948747023993633,-0.009194316678591719,-0.023948746502284735,-0.027938652649304174,0.048228080944525686,-0.027938651898850253,0.04822807780355731,-0.00010944439501159309,-0.004963274560466857,-0.00010944434313842066,-0.004963274460450862,-0.011428566022882336,-0.06280135917070595,-0.011428567762948205,-0.06280135046607427,-0.02532574993933423,-0.04630582303737185,-0.02532574748570937,-0.046305820314202606,-0.04211926372188657,-0.03215606963981088,-0.04211926140254718,-0.032156069601313675,-0.05288864799857862,-0.04074630208228314,-0.052888644821724284,-0.040746304399462474,0.042597517769003446,0.015744842397623415,0.04259751782531751,0.01574484299126766,-0.012013818602643056,-0.0037968651611777204,-0.012010995467967689,-0.003798475402419399,-0.014149355834778277,-0.1093545246552452,-0.014149355643997552,-0.10935452432967452,0.0,0.0,0.0,0.0,-0.0037957076710135595,0.021130797929316714,-0.0037957079219168577,0.021130796103420835,-0.009758402591952375,0.0029074974663672037,-0.009758402361399021,0.002907497939574455,-0.0011932597779242826,0.0021699772636196712,-0.0011933366981615734,0.002170111937957131,0.0,0.0,0.0,0.0,-0.0006769362130043532,-0.0006105767664195128,-0.0006769360607030706,-0.0006105764228152566,-0.0010906256331359998,-0.0003546307350177358,-0.0010906252360385338,-0.0003546298127474756,0.0001241967889775708,0.0001953284309195169,0.00012419141302189018,0.00019532956115142497,-0.00021538342851101788,3.978935524173721e-06,-0.0002153870060084273,3.977743133987133e-06,0.0,0.0,0.0,0.0
90800000.0,0.08525605196598818,-0.24075821119932073,0.08525657186470781,-0.24075839188863313,-0.3944310180524937,0.6784633395918434,-0.39443101882856624,0.6784633405178226,0.42026871744240424,-0.3078598473919243,0.4202687169638004,-0.30785984687149437,0.0,0.0,0.0,0.0,-0.00987089536968,-0.00678415741568017,-0.009870895267940938,-0.006784157531981805,-0.021267681007518746,-0.014621705211510516,-0.021267680530478117,-0.014621705356518078,0.004210488016035185,0.05543608374341602,0.004210484489924227,0.05543608335074168,-0.0029079316917517417,-0.004294253926317992,-0.002907931617500026,-0.004294254029616695,-0.04570775942357841,-0.04500623465970932,-0.04570775028290086,-0.04500623382099889,-0.04730832441392607,-0.023800579934174948,-0.04730832191502188,-0.02380058290070508,-0.05286171482836011,-0.002888018788993918,-0.05286171531247774,-0.0028880217971192224,-0.0662733252338974,-0.003794497639333372,-0.06627332816419695,-0.0037945012505389286,0.043942998881512096,-0.010615506296844046,0.0439429992794409,-0.0106155068296232,-0.009895016657122113,0.007898579217197721,-0.00989713701341799,0.007895801094818466,-0.05742001418307652,-0.09485070003940166,-0.05742001393556606,-0.09485070041111499,0.0,0.0,0.0,0.0,0.008930925234189147,0.01935249156350949,0.008930923210503039,0.01935249177466858,-0.006265908452384394,0.008148695829490293,-0.00626590810502492,0.00814869538052676,0.00120558170326035,0.0021910941105147685,0.0012057480420928357,0.0021911800319145414,0.0,0.0,0.0,0.0,-0.0009151002252210105,-6.129906891771952e-05,-0.0009150999778881896,-6.129938145704728e-05,-0.0010754264465973051,0.00039026318675894345,-0.0010754257818810231,0.00039026236407835313,0.00023140900150053767,-9.204482353197818e-06,0.0002314122323987533,-9.199965560924284e-06,-0.00010547296649932036,0.0001890877835393212,-0.00010547263064353274,0.00018909152578316935,0.0,0.0,0.0,0.0
91100000.0,-0.061316159348322685,-0.25199379379759534,-0.06131642841037532,-0.25199430132590805,-0.19906260031881473,0.760949062375218,-0.19906259915552837,0.7609490627051372,0.27828424181520006,-0.4505347599323528,0.27828424245140937,-0.45053475970132695,0.0,0.0,0.0,0.0,-0.012044008539078277,-4.308680171050128e-05,-0.01204400869120903,-4.308685335274731e-05,-0.02595229587383585,-2.354114373304128e-05,-0.025952296108016526,-2.3541538169524756e-05,0.03475805842947466,0.043293117158413,0.03475805854042591,0.04329312105151928,-0.004984958154548025,-0.002107561245452416,-0.004984958287160168,-0.0021075612776968455,-0.06348633265763937,-0.010617137026486034,-0.06348633272975945,-0.010617146444900527,-0.05260421743149024,0.007248919635017614,-0.05260422078613303,0.0072489174485781405,-0.04531486633580073,0.027266387451746255,-0.04531486970598664,0.027266388672998687,-0.05658582953122604,0.03395690262529172,-0.056585833268425034,0.03395690636493498,0.030414228019626677,-0.03314086759644397,0.030414227237567815,-0.03314086765611535,0.0010348574957745882,0.012687904170576303,0.0010322211649658186,0.012690535387804402,-0.09127736807853637,-0.06392473692683609,-0.0912773685616024,-0.0639247370445446,0.0,0.0,0.0,0.0,0.01823941813978891,0.010694195167715748,0.018239418429928378,0.01069419744591471,-0.000306971749655105,0.010374693716627803,-0.00030697231368392863,0.010374693555988301,0.002520273792818273,0.00015355947741113596,0.002520360132578503,0.00015336023193412984,0.0,0.0,0.0,0.0,-0.0007613222400415509,0.0005208686979898403,-0.0007613226325524636,0.000520868594037438,-0.00060655822656841,0.0009666017931238002,-0.0006065592625468241,0.0009666015103988457,0.00010825839245143243,-0.00020506006659104514,0.00010826133121000225,-0.00020506492352012629,0.00011070540604407597,0.0001874208383298992,0.00011070874499452543,0.0001874190108566154,0.0,0.0,0.0,0.0
91400000.0,-0.19220956569864,-0.17918675827425545,-0.1922100417137571,-0.17918640282822196,0.011411650558141417,0.7882823512857016,0.011411650466598644,0.7882823501429925,0.08915760514047832,-0.5308593415645788,0.08915760514205573,-0.5308593421757877,0.0,0.0,0.0,0.0,-0.010031377462397018,0.006783198320476913,-0.010031377467004887,0.006783198479439534,-0.021533480724990284,0.01472482809903397,-0.021533481036211555,0.014724828364279574,0.053135842477537665,0.016057560575703178,0.053135846649635,0.016057559813120292,-0.00555320113873492,0.0009970563639996044,-0.005553201130517493,0.000997056501461202,-0.05824187140273196,0.027757455009421506,-0.05824188097387051,0.027757455965229383,-0.03935355795920614,0.035838376849042675,-0.03935355982563493,0.03583838046390042,-0.022227119626972325,0.04794344157978969,-0.022227117665629237,0.04794344495952885,-0.02760812406258495,0.05953561046328559,-0.02760811951698372,0.0595356139935177,0.0067363703462390845,-0.044218816423224894,0.006736370609136344,-0.044218815632817154,0.011174764326067788,0.006272880972431949,0.011177888141872927,0.00627527937373884,-0.10980721591826637,-0.021771707227557613,-0.10980721590200204,-0.021771706709998284,0.0,0.0,0.0,0.0,0.020910207973241057,-0.001584666158336745,0.020910210488331415,-0.0015846666557877143,0.005889889024164319,0.008671222323812344,0.005889889046418517,0.008671222894889752,0.0014876735510789274,-0.002067475686430953,0.0014874426365487636,-0.0020675543916581773,0.0,0.0,0.0,0.0,-0.00027764452808298756,0.0008850040945702631,-0.00027764449592027063,0.0008850044837913629,0.00011550451764819059,0.0011322956269168571,0.00011550459825215853,0.0011322966534663692,-0.0001235231006972981,-0.00019663035175199184,-0.00012352887756961195,-0.00019663122075996853,0.00021900525608842258,-9.300619439045477e-07,0.00021900218295556328,-9.324759986384379e-07,0.0,0.0,0.0,0.0
91700000.0,-0.2617489754201543,-0.04406876233210255,-0.2617485412634366,-0.04406833564230794,0.2217511682351514,0.7584941320642855,0.22175116728419297,0.7584941324254402,-0.12056390822154839,-0.5335760510538847,-0.12056390871804012,-0.533576050915542,0.0,0.0,0.0,0.0,-0.004499346194059228,0.011313135873777469,-0.00449934605067881,0.011313135844616795,-0.009508343610097114,0.02443241448240485,-0.009508343355658866,0.024432414737830754,0.05294652746327699,-0.016839153532615114,0.052946525931726995,-0.01683915783743828,-0.004270394237089192,0.004035427943392733,-0.004270394113188303,0.004035427905392908,-0.03196350171026907,0.056167705705405524,-0.03196349991383585,0.056167715337124946,-0.01225484586834824,0.05192906899559091,-0.01225484207908778,0.05192907059235097,0.008403910966059414,0.052166075749340735,0.008403914103684684,0.052166073205413,0.010432293441013485,0.06447012412824904,0.010432296522097317,0.06447011892920784,-0.018934308683945744,-0.04020614625574126,-0.018934308046532067,-0.040206146707745916,0.01153587113252641,-0.0058122100157760315,0.011537939825821297,-0.005815789739244792,-0.10971970475539194,0.024437837845255217,-0.10971970426233568,0.024437837724832434,0.0,0.0,0.0,0.0,0.01618794009235458,-0.013073932467094096,0.01618793929255702,-0.013073935146451277,0.009955743719814336,0.003606006467862244,0.00995574422417178,0.003606006321831501,-0.0009629434174449614,-0.002378531651984872,-0.0009630076279343314,-0.002378272192132158,0.0,0.0,0.0,0.0,0.00033078146728371394,0.0008717697191258367,0.0003307817975191085,0.0008717695980777762,0.0007848986997984753,0.0008200209919522194,0.0007848995697017358,0.0008200206743822491,-0.00023226153805566696,8.84368493814236e-06,-0.000232260143008034,8.849545181988105e-06,0.00011063173038294849,-0.00019083205843628548,0.00011063064413363577,-0.00019082816496052146,0.0,0.0,0.0,0.0
92000000.0,-0.2442320450489639,0.10826466623338149,-0.2442316820391781,0.10826416576163922,0.416794185697281,0.6737235313036933,0.4167941861388762,0.6737235320314312,-0.3194084757407083,-0.4545627808281125,-0.3194084755686184,-0.4545627804552197,0.0,0.0,0.0,0.0,0.0026560317931370037,0.011950535149424013,0.0026560317498223185,0.011950535028475429,0.005953899935082774,0.02566965142213462,0.005953900173530258,0.025669651189943465,0.03415141582629033,-0.04395135842474929,0.03415141157627488,-0.043951356064596325,-0.0014091278039458643,0.005947830072443594,-0.0014091278551795483,0.005947829967766438,0.00578266041451414,0.064465441015372,0.0057826700484397975,0.06446543841317975,0.019214658369865134,0.04994096942196791,0.019214659764230646,0.0499409654706966,0.03614844038670384,0.03860052290323779,0.03614843747190832,0.038600520095315005,0.04453566450475677,0.04743809932217857,0.04453565885056321,0.04743809677979982,-0.03784499660165608,-0.022666393997951673,-0.037844997070106245,-0.022666394450752136,0.001621230429474707,-0.012929471409890425,0.001617248649896652,-0.012931126423808337,-0.09092826044069824,0.06680702259905047,-0.09092826062056147,0.06680702215393808,0.0,0.0,0.0,0.0,0.0059043662577416,-0.019809446296292776,0.005904363508157928,-0.019809445156525385,0.010282205560688595,-0.0029523542244476175,0.010282205367374786,-0.0029523546455152427,-0.0025407577518912206,-0.0004568145134129509,-0.0025404740467820375,-0.0004567701911923905,0.0,0.0,0.0,0.0,0.0008029860950458101,0.00048310758582204016,0.000802985945938417,0.0004831073255928686,0.0011200358169674018,0.00016425454072077628,0.0011200354236535759,0.00016425385881291277,-0.00010810093742108506,0.00020574502769932224,-0.00010809584304283248,0.00020574149537821995,-0.00010974416275288945,-0.00019345361980072084,-0.00010974000712593579,-0.00019345408270510234,0.0,0.0,0.0,0.0
92300000.0,-0.14467015213313061,0.22551955495700327,-0.14467070363605927,0.22551926502224262,0.5825312610563032,0.5400241288466106,0.5825312616486542,0.5400241284597911,-0.47566655604570585,-0.30248276478511116,-0.4756665557380728,-0.30248276491629156,0.0,0.0,0.0,0.0,0.00896422002695374,0.008440371688422488,0.008964219920986949,0.008440371733044572,0.01948257299118339,0.01795535190501596,0.019482572766087003,0.017955351656823382,0.003184485082204702,-0.055701173900928325,0.003184488266992247,-0.05570116990283225,0.002177480406604815,0.005968352410135935,0.00217748031566245,0.005968352463497695,0.041504348628723875,0.049827355015324315,0.04150434523374358,0.049827345417369884,0.044159379972970925,0.03057517740541016,0.044159375813407564,0.030575176179681307,0.05164836101261727,0.01187388353100971,0.05164835847966032,0.011873886667984834,0.06329449309891544,0.014443429032837685,0.06329449105986029,0.014443435007407857,-0.0436871042407212,0.0022247798692518472,-0.043687104590951265,0.002224780233049728,-0.009926283451836326,-0.00861476682666762,-0.009927451674251131,-0.008610452147010506,-0.056561119814766414,0.09808466463340437,-0.056561120219765115,0.09808466483652012,0.0,0.0,0.0,0.0,-0.006284633160458242,-0.01958570115590419,-0.006284631690849807,-0.019585698414829267,0.006656766840499984,-0.008515541505602187,0.006656766473362552,-0.0085155413207616,-0.00175165962081536,0.001913287861725621,-0.0017516392003642522,0.0019129847722751947,0.0,0.0,0.0,0.0,0.0009343208382510682,-0.000117172811059163,0.0009343206222744982,-0.00011717267678079679,0.0009819600874330092,-0.0005568567985676509,0.0009819595214963783,-0.000556856443793663,0.00012439727306201576,0.00019592978725313515,0.00012439203554137634,0.0001959262015418517,-0.0002244470171000046,-2.8254682433725975e-06,-0.00022444902791818322,-2.8292730291923363e-06,0.0,0.0,0.0,0.0
92600000.0,0.0028504162181768322,0.2679150213882906,0.00285020326556662,0.2679156080931193,0.7070794674850163,0.3669011501819739,0.7070794671727221,0.3669011495895518,-0.5626909196319865,-0.09840689548740045,-0.5626909197136172,-0.09840689581155004,0.0,0.0,0.0,0.0,0.012231618756057827,0.001960019788327827,0.012231618797265753,0.0019600198914559996,0.026367060939485043,0.0039051797630662577,0.026367060675944742,0.0039051800079192844,-0.029125237127242798,-0.04775218991346719,-0.029125233566652753,-0.04775219386117158,0.0053028289382552884,0.003925607055521141,0.005302828989901087,0.003925607143074217,0.06262779244585204,0.017518001330003585,0.06262778291645432,0.017518005531456993,0.053975733891380884,0.00045878712900560004,0.05397573286219881,0.00045879156613182204,0.049661852208338075,-0.01903200644625258,0.049661855551647704,-0.019032004084493792,0.060541222859075816,-0.023333232352783284,0.06054122914418869,-0.02333323074924465,-0.034743719029695086,0.02589877361393178,-0.034743718785950506,0.025898773988416224,-0.012773641198744912,0.003494257311530191,-0.012769075766549065,0.003494879089075198,-0.012410753500610383,0.11291339075773976,-0.012410753285301723,0.11291339114414711,0.0,0.0,0.0,0.0,-0.01619087782328066,-0.01259401895346457,-0.01619087513023132,-0.012594020727419775,0.00038377331359740197,-0.010913770244570742,0.0003837734820564265,-0.010913769880104951,0.0006816721977394025,0.002514440769360249,0.0006813547893855798,0.0025144471907481147,0.0,0.0,0.0,0.0,0.0006651706461227036,-0.0006726703190338412,0.0006651707594329537,-0.000672670104549411,0.0004317397774613596,-0.0010395876091280343,0.0004317400752285039,-0.001039587047216628,0.00023119304565710763,-1.0233236480416963e-05,0.00023119150181472037,-1.0226969052951063e-05,-0.00011652720484889301,0.00019439210792882022,-0.00011653007348755295,0.00019439543073929144,0.0,0.0,0.0,0.0
92900000.0,0.14846779195234916,0.22242027207963133,0.14846839981100857,0.22242040901973326,0.7814937811817515,0.16661851767261737,0.7814937804998898,0.16661851800066074,-0.5638801115700982,0.12686026388087157,-0.563880111963508,0.12686026397331318,0.0,0.0,0.0,0.0,0.011295967817272157,-0.005280110049000086,0.011295967926127304,-0.005280110095910118,0.0241644129686307,-0.011675088283482182,0.024164413252190542,-0.011675088023665126,-0.051255526496714054,-0.022703856936246325,-0.05125553110351788,-0.022703859905064405,0.006837204100083483,0.00035862928440622,0.006837204190887292,0.0003586292274206926,0.061783163442690636,-0.02113803948243742,0.061783168490535445,-0.02113803007088677,0.04519350064398964,-0.030140815298594248,0.045193505404022005,-0.030140814560979834,0.030740903999124214,-0.04372800735781368,0.030740906228082565,-0.04372801101838775,0.03723960474971122,-0.05321618497967506,0.03723960590859221,-0.05321619167774827,-0.014371140064483257,0.04041349921644155,-0.014371139579196779,0.04041349900326452,-0.004213936663660434,0.0126392723380917,-0.004213905408963825,0.012634548639539389,0.03407142301717769,0.10873606576173245,0.03407142339767333,0.10873606551783155,0.0,0.0,0.0,0.0,-0.020464089490943138,-0.0012727884638508158,-0.020464091562072184,-0.001272791106174509,-0.006173351887071021,-0.009142754936078745,-0.006173351493217183,-0.009142755124102564,0.0024991289034161923,0.0007767319873011047,0.002499164358393813,0.0007770584917778933,0.0,0.0,0.0,0.0,0.00010779321319276391,-0.0009441067428213046,0.00010779345358002956,-0.00094410686328672,-0.0002966968871618292,-0.0010825230599067481,-0.0002966962550452479,-0.001082523376453537,0.00010600328706900086,-0.00020464430457423077,0.00010600975542018887,-0.00020464504612505152,0.00011065064635573663,0.00020028983166753278,0.0001106548269440566,0.00020029129981935512,0.0,0.0,0.0,0.0
93200000.0,0.2448778894997936,0.10578164552156011,0.24487795464124495,0.10578102700654313,0.8003655070253881,-0.04667171287597682,0.8003655075097562,-0.04667171212120991,-0.47627744610145406,0.3375521832601436,-0.47627744590998233,0.3375521837156015,0.0,0.0,0.0,0.0,0.006429834271793666,-0.0107869121418247,0.006429834206283402,-0.0107869122533657,0.013527988506391253,-0.023419560660741467,0.013527988734484353,-0.023419560980286747,-0.05512961940668504,0.010622190560440004,-0.055129621659760986,0.01062219569743661,0.006113385401645743,-0.0036108176900597755,0.006113385328619714,-0.003610817780682396,0.03918555687497971,-0.052696746057478094,0.03918556609210455,-0.05269675200666768,0.02060720494492685,-0.05072584849578732,0.020607205259365102,-0.0507258535625823,0.0010792374543537875,-0.05378748322382876,0.0010792333253188957,-0.05378748521351895,0.0011452865174614857,-0.06511427121783697,0.0011452792868347217,-0.06511427177248663,0.010314943580240765,0.04115608813354754,0.01031494326428728,0.04115608755381572,0.008200269599495158,0.010580795811947041,0.008195487557859593,0.010581381942685653,0.07505021985319438,0.08621099473559468,0.07505021955653746,0.08621099437277735,0.0,0.0,0.0,0.0,-0.017647384164636293,0.01051551670421702,-0.017647386759435335,0.010515519106533588,-0.010476192699766074,-0.003790082568443154,-0.010476192961926145,-0.0037900829832864247,0.0020084904177952723,-0.0017001077712421875,0.00200882043903583,-0.0017001738609110362,0.0,0.0,0.0,0.0,-0.0005006836434748863,-0.0008124519524130847,-0.0005006838144865355,-0.0008124522137791246,-0.0008961397423732365,-0.000670447853124756,-0.0008961401941789404,-0.0006704485398500992,-0.00012367075210484302,-0.00019313384262886757,-0.00012367369927268612,-0.00019313964997991206,0.0002308204504810618,4.6322974753820745e-06,0.00023082025697895858,4.6278704246560665e-06,0.0,0.0,0.0,0.0
93500000.0,0.26272909755590135,-0.04327442360950329,0.2627284745489131,-0.04327442212380106,0.762173374510148,-0.25791555134516386,0.762173375207901,-0.2579155520859331,-0.31184358322409444,0.4990667338285988,-0.3118435827798649,0.49906673347194896,0.0,0.0,0.0,0.0,-0.0007397885318667363,-0.012632983834024003,-0.0007397886323250447,-0.012632983740786585,-0.0019945600545430153,-0.027210616945453125,-0.001994560384430244,-0.02721061712141193,-0.039189754261991894,0.04023551876811382,-0.039189748740554364,0.0402355202074034,0.0032030968981011654,-0.006624961650928185,0.003203096818280571,-0.006624961555104392,0.0024955958485204377,-0.06610321710633116,0.0024955889393751818,-0.0661032260136949,-0.011595199375856069,-0.054035293816468766,-0.011595204661411174,-0.05403529358139281,-0.02941907655896614,-0.04553583595212274,-0.02941907805835875,-0.04553583127680838,-0.03563994438910001,-0.054815520863570555,-0.03563994403838855,-0.054815513079731204,0.030997726822068472,0.028275274004471385,0.030997726271699833,0.028275274518378524,0.013412278154669721,-0.0009154577501817585,0.01341349012645665,-0.0009107216258996687,0.10362724712021709,0.049077830943232925,0.10362724681145608,0.04907783130592236,0.0,0.0,0.0,0.0,-0.008648062272605728,0.018723910952530787,-0.008648059468089997,0.01872391346634572,-0.010797071762214117,0.003143599393496288,-0.010797072140587005,0.003143599768009153,-0.00035708722014682337,-0.0026252008346432376,-0.0003571848152468249,-0.0026255281583900114,0.0,0.0,0.0,0.0,-0.0008993378318624679,-0.000331005279676333,-0.0008993380717630117,-0.00033100502822946964,-0.00111568999989764,2.0629353869594524e-05,-0.0011156906297404845,2.0630023456646995e-05,-0.00022792411983196814,1.0242175108032825e-05,-0.00022792849149411154,1.0246934735391733e-05,0.00012040124648393657,-0.0001990808314218384,0.00012039725748458352,-0.00019907896873405662,0.0,0.0,0.0,0.0
93800000.0,0.19819531232628762,-0.17784912289306476,0.19819537670051268,-0.17784849766185573,0.6693699105234447,-0.45219189456074105,0.6693699095383749,-0.45219189500915036,-0.09589265520660462,0.5842514078398011,-0.09589265572664374,0.58425140751838,0.0,0.0,0.0,0.0,-0.0077694012110551824,-0.010121277740296364,-0.007769401094979145,-0.010121277670975815,-0.01711974134333083,-0.02158518428005607,-0.017119741469612038,-0.021585183979723865,-0.009135422728125064,0.05536681957585188,-0.009135422172461105,0.055366813830218575,-0.0010454675213225073,-0.007550592701960568,-0.0010454674063709035,-0.007550592650019894,-0.03569900218464994,-0.05638915504617614,-0.03569901062686753,-0.05638914713516385,-0.04043964140895895,-0.03852705128663558,-0.04043964054652527,-0.03852704592775069,-0.05031534419621053,-0.021404103886084158,-0.05031533906809926,-0.02140410319675823,-0.06054872746330098,-0.025510061684855145,-0.06054871930076544,-0.025510063298625596,0.04098960978467758,0.006419104227276762,0.04098961048609695,0.006419104566290912,0.006765274532755328,-0.011692922503399927,0.006769859422222524,-0.011694749637157997,0.114984576209892,0.003511836621996167,0.11498457662105821,0.0035118368254103416,0.0,0.0,0.0,0.0,0.0035068765422394677,0.020440977017713635,0.0035068788774808013,0.020440973731510326,-0.0069230427869051425,0.008986547236716547,-0.006923042309733063,0.008986547498324171,-0.0024260137421343586,-0.0011168507044345688,-0.002426331375673385,-0.0011167218930268064,0.0,0.0,0.0,0.0,-0.0009154319514568243,0.00029630136997127465,-0.0009154316238841886,0.00029630152556592293,-0.0008656967828581941,0.000698805990836604,-0.0008656959104023088,0.0006988063990576165,-0.00010505189614207211,0.00020129337916330314,-0.00010504597964100526,0.00020129574313898502,-0.00011293898187325624,-0.00020507740559594367,-0.00011293571326120855,-0.00020507450122408954,0.0,0.0,0.0,0.0
94100000.0,0.07210485689100032,-0.2571409900019148,0.07210548439551445,-0.25714111685081775,0.5282028296266752,-0.6157281949979421,0.5282028295929901,-0.6157281939164534,0.13715859788603346,0.5784770185258594,0.13715859778668538,0.5784770191285986,0.0,0.0,0.0,0.0,-0.012220172333680779,-0.00404401940609489,-0.01222017231299688,-0.0040440195271145285,-0.026580785479136892,-0.008287443559055419,-0.026580785240353677,-0.008287443453781407,0.02410915539928027,0.050527412076590394,0.024109149606811542,0.050527412447692654,-0.005242655914141636,-0.00589929245089138,-0.005242655903826332,-0.00589929256909727,-0.062013433296966625,-0.026461028227856787,-0.06201342437474544,-0.026461020447541728,-0.05576618000521805,-0.009091341566261235,-0.05576617473664491,-0.00909134306836279,-0.054137377740865134,0.01065398495236991,-0.05413737812831343,0.010653979660375512,-0.064755989523265,0.013025127824704441,-0.06475599268233623,0.013025119669975993,0.037350731178527496,-0.01700722432074997,0.03735073115040599,-0.017007225071054677,-0.005947957703821061,-0.012224895198599484,-0.005950369938563682,-0.012229225920407316,0.10716854349227489,-0.04291320391260456,0.1071685435511256,-0.04291320432258772,0.0,0.0,0.0,0.0,0.014603234877821336,0.014916659857121317,0.014603231068861078,0.014916657862869442,-0.0002843393018689966,0.01143138409651101,-0.0002843392248266241,0.011431383579846965,-0.0022624532104469353,0.0014628912362297797,-0.002262295241246548,0.0014631915805978224,0.0,0.0,0.0,0.0,-0.0005391961140155388,0.0008014767326471883,-0.0005391960941381058,0.0008014763762815846,-0.0002541657180579193,0.0010796705309132903,-0.00025416567104308285,0.0010796695818839908,0.00012069332248998421,0.00019125718682744264,0.00012069339273956814,0.00019125093578509222,-0.0002351908067570463,-4.777036920700084e-06,-0.00023518949090117758,-4.781206882853439e-06,0.0,0.0,0.0,0.0
94400000.0,-0.07729066642962756,-0.25736676175662865,-0.07729085954880155,-0.2573673915296979,0.34828745571925523,-0.7368325546111123,0.34828745665934413,-0.7368325550453676,0.34988931665892586,0.4823450200191246,0.34988931721496996,0.48234501985892564,0.0,0.0,0.0,0.0,-0.012494456146900035,0.0035575832120002815,-0.012494456246688657,0.0035575832457510614,-0.026926680970040806,0.008232182603151728,-0.026926680839377326,0.008232182433459911,0.04848132781541281,0.027585924819803154,0.04848132911900471,0.027585930462308283,-0.007904821625867697,-0.0020546539769839,-0.007904821725164268,-0.0020546539409451725,-0.06680171551407277,0.013622493441758365,-0.06680170862264312,0.013622483549156073,-0.05175047539286304,0.02433612893817383,-0.05175047748557482,0.024336123904646456,-0.03909191769936271,0.039647172338973746,-0.0390919227310782,0.03964717390097405,-0.0463787509181639,0.047513176490156184,-0.04637875853408069,0.047513181275760985,0.021656751005554753,-0.03436780902011094,0.021656750430429028,-0.03436780857749966,-0.013570662624676544,-0.0019162739899201142,-0.013574642209407628,-0.0019133257894878852,0.0813967438987806,-0.0824758425080887,0.08139674356153748,-0.0824758424146097,0.0,0.0,0.0,0.0,0.02064212653618469,0.0039410046595804715,0.02064212508075336,0.003941008952779157,0.006569467720931144,0.009459450387822699,0.006569467265750362,0.009459450515009848,2.743944268424059e-05,0.002717520852243638,2.7714871922768225e-05,0.0027173381208882574,0.0,0.0,0.0,0.0,7.092963372379302e-05,0.0009670748160459652,7.092932481178593e-05,0.0009670749484627095,0.000460062722915211,0.001005551657087267,0.0004600619017516294,0.0010055520165650478,0.00022537202581318638,-8.03286042128093e-06,0.00022536630900482635,-8.03067710819505e-06,-0.00012234368537455964,0.00020189476964560527,-0.00012234808382594053,0.00020189531534242633,0.0,0.0,0.0,0.0
94700000.0,-0.20512872087018863,-0.1776130699867906,-0.20512935026650503,-0.17761280300052817,0.14196067207252128,-0.8066846426697367,0.14196067126807144,-0.8066846432282802,0.5085027934035917,0.3114421619232246,0.5085027930305532,0.3114421615479728,0.0,0.0,0.0,0.0,-0.008407676843400935,0.010066050849275143,-0.008407676767482997,0.01006605090243795,-0.017780526122733065,0.0222553301946391,-0.01778052624635862,0.02225532999376867,0.055291358835232174,-0.004996869390353709,0.05529136412206803,-0.004996871579891149,-0.007973882406174582,0.0027911483881695176,-0.007973882333052629,0.00279114844740036,-0.04768898744519845,0.04982250102746377,-0.047688998201394384,0.04982249526965177,-0.029177809687105594,0.04998856830542309,-0.029177814384029332,0.04998857090812692,-0.009980538993445975,0.055266448739757834,-0.009980536383656258,0.05526645307504907,-0.011461488526972374,0.06570548853748903,-0.011461482291556635,0.06570549506960788,-0.0007132238908802435,-0.040236933224520044,-0.000713223129020335,-0.040236933051431834,-0.0092454926682084,0.010289356816258532,-0.009242075763395974,0.01029289791001986,0.04185058811318498,-0.10856823423614514,0.04185058832459099,-0.10856823404168381,0.0,0.0,0.0,0.0,0.019295719911097464,-0.008643862023262727,0.019295724549861504,-0.008643861291304233,0.01095743164084162,0.0037743418846787335,0.010957431930922468,0.003774342174537537,0.002331438368457839,0.0014374878703762306,0.0023312378924504884,0.0014372440749212956,0.0,0.0,0.0,0.0,0.0006552111909225999,0.0007197553548934366,0.0006552114430746769,0.0007197555386113663,0.0009770188035655991,0.0005106238014178643,0.0009770194821427935,0.0005106242897170432,0.00010627365228366159,-0.00019849004863203845,0.00010627772614135722,-0.000198485655175773,0.00011355385148270614,0.0002077107395166422,0.00011355624762643401,0.0002077146315286882,0.0,0.0,0.0,0.0
95000000.0,-0.2719092652169648,-0.04018174284621523,-0.2719089146576854,-0.040181121263415776,-0.07654083932282774,-0.819937524763489,-0.07654083935002376,-0.8199375238118876,0.5885715371783924,0.09329069326101092,0.5885715370685993,0.09329069372677168,0.0,0.0,0.0,0.0,-0.0012920131562328407,0.013180076426294818,-0.0012920131661529055,0.013180076333910051,-0.0021001902501280867,0.02874483096324809,-0.0021001905466944137,0.028744831090449452,0.04235650161433746,-0.035420851707669954,0.042356498645024665,-0.03542085644164672,-0.00523029034037048,0.006995019116459389,-0.005230290335056509,0.006995019029076843,-0.010817707621083805,0.06891374673308803,-0.01081771200849424,0.06891375817092182,0.004457014185203612,0.05838493985253024,0.004457017214158476,0.05838494415728235,0.023199532491431363,0.05162456283092354,0.023199535810891625,0.05162455950039657,0.02785382815883697,0.06085272700373423,0.027853833191875843,0.06085271972764872,-0.02242866917421349,-0.03301107015390414,-0.022428669544898305,-0.033011071017782,0.0034396698865792885,0.013533755245859425,0.0034426983574036285,0.013529953358627722,-0.00500460601741981,-0.11677039445700643,-0.005004606008662371,-0.11677039471636874,0.0,0.0,0.0,0.0,0.010879911280270882,-0.018246840897333527,0.010879911166662204,-0.01824684566037149,0.01113031110535978,-0.0034469767571323473,0.01113031116693719,-0.0034469771165674956,0.002474580480648747,-0.0012147827294910485,0.0024743730090577287,-0.0012145739614197737,0.0,0.0,0.0,0.0,0.0009633123277392741,0.00016254939390591971,0.0009633123366512564,0.00016254909489532565,0.0010815936919961189,-0.0001949677471486666,0.0010815937174033508,-0.00019496855176726058,-0.00011812626540042004,-0.00019151670301198465,-0.000118123789921043,-0.00019152203935846046,0.0002372558265619773,6.347233494352622e-06,0.00023725852951983484,6.343285974708124e-06,0.0,0.0,0.0,0.0
95300000.0,-0.2545691525809062,0.11452942998158733,-0.2545685521681147,0.11452898666425426,-0.2920258811506029,-0.77509452624831,-0.29202588032523824,-0.7750945267530511,0.5787903840644706,-0.1377101660218898,0.578790384475643,-0.13771016618198928,0.0,0.0,0.0,0.0,0.006423756258877589,0.011728698422132311,0.006423756182542206,0.011728698496241918,0.014722704072472226,0.025164479085148628,0.014722704260497821,0.025164479468685386,0.014603087332038633,-0.052921406999985265,0.014603083311386378,-0.052921403415993495,-0.0004415278088130137,0.009013862145607732,-0.0004415278844671633,0.009013862194549915,0.03090331218257436,0.0633741013678275,0.030903324040818525,0.06337410418250045,0.03731161157677221,0.04593744370967556,0.03731161545613215,0.04593744031414815,0.04867492748755975,0.02960568021852339,0.0486749238617854,0.029605678030364402,0.05755846121327579,0.03439725939850291,0.05755845343186472,0.03439725604974342,-0.03656305252743053,-0.015270374623312932,-0.03656305322791198,-0.015270373712070295,0.013279980347300047,0.00468944101173463,0.013275891210992263,0.004686982668161477,-0.051460882573186595,-0.10557359998719562,-0.05146088279707861,-0.10557359981039838,0.0,0.0,0.0,0.0,-0.0016162269158437326,-0.02124334323772814,-0.0016162315446468511,-0.021243342257477593,0.006976831610473688,-0.00939850242437501,0.006976831295341768,-0.009398502255521635,0.00029226887938182955,-0.0027549459199320836,0.0002924747963541918,-0.002754776396372449,0.0,0.0,0.0,0.0,0.0008615043574833336,-0.0004682380387066587,0.0008615040978581234,-0.0004682378729228276,0.0007328597111202484,-0.0008144962727527627,0.0007328590143131919,-0.0008144958343905273,-0.0002249422155937708,6.118798040688489e-06,-0.00022494801399464137,6.118554679801491e-06,0.0001254522393905333,-0.0002023303255356268,0.00012544728448382614,-0.0002023313234502666,0.0,0.0,0.0,0.0
95600000.0,-0.1544565863250984,0.23824958644473782,-0.15445712806464318,0.23824902623350397,-0.48935908492267544,-0.6746386532875874,-0.48935908581072773,-0.6746386537636937,0.48219278578527014,-0.34619364981108447,0.48219278543405864,-0.34619365004917313,0.0,0.0,0.0,0.0,0.012035627452961606,0.006118654278012059,0.01203562757341281,0.006118654313496563,0.026693940276439676,0.012505334634582255,0.026693940705097674,0.01250533434236445,-0.01793037854339996,-0.05156380852227471,-0.017930374554207873,-0.05156380531515481,0.004832443967353939,0.007968040248528041,0.004832444056461327,0.007968040290663225,0.062248091773007275,0.03452468380581308,0.062248092876313166,0.0345246718600265,0.05738444141908605,0.01660081363604604,0.05738443769462265,0.016600810223053486,0.057179436707439635,-0.003212513273737727,0.05717943555177474,-0.0032125097429940297,0.06693167169332614,-0.0043326802339862525,0.06693166996567079,-0.004332672467640464,-0.0387320029653484,0.00714257475428326,-0.03873200166033097,0.007142575074453816,0.0113440976462309,-0.008511957021951844,0.01134224730465494,-0.008507689152764897,-0.08980828730319157,-0.07664372105196549,-0.0898082869833452,-0.07664372093393013,0.0,0.0,0.0,0.0,-0.0135765700677144,-0.016433385189571936,-0.013576568305569303,-0.016433380935367836,8.191720120009904e-05,-0.011749387999856253,8.191753873987295e-05,-0.011749387823812185,-0.0021823844598207742,-0.0017237320916194676,-0.0021822507689384096,-0.0017239235318555757,0.0,0.0,0.0,0.0,0.0003905228532516958,-0.0009033347379130419,0.00039052314581145,-0.0009033345911291235,7.976736740555879e-05,-0.0010894293435512736,7.976814272847577e-05,-0.0010894289465710472,-0.00010730830052541052,0.00019782383273536652,-0.0001073063181786793,0.00019782923924083207,-0.00011178209793794025,-0.000211273837763315,-0.00011178111993803697,-0.00021126858213449395,0.0,0.0,0.0,0.0
95900000.0,0.0004225317369126458,0.2888883717591284,0.0004220347627796883,0.28888901140391,-0.6544745680536987,-0.5249062838248904,-0.6544745680823798,-0.5249062827900275,0.3148945591937382,-0.5014145549926212,0.31489455917932396,-0.5014145545783322,0.0,0.0,0.0,0.0,0.013514290875709989,-0.001761509565170627,0.01351429085919964,-0.0017615097065544205,0.02937374710208207,-0.0049235031039103205,0.029373746691684133,-0.004923503518554639,-0.04378207369677245,-0.032143379043461096,-0.043782071327161276,-0.032143383215668564,0.008738503109293916,0.004013355229076865,0.008738503108417284,0.004013355120775941,0.07135656384895128,-0.007531408499701797,0.07135655219959869,-0.007531407847125138,0.057036751024402754,-0.019287137843306823,0.05703674814241744,-0.019287133824420266,0.04545708515870395,-0.0351950929816951,0.04545708834466833,-0.03519509261299447,0.05258966293876366,-0.041480826701914,0.052589670301564695,-0.0414808263506643,-0.028401151860313334,0.027004624600309057,-0.02840115201992166,0.027004623134104122,-0.0007952635964629806,-0.014238329285660711,-0.000790932335394956,-0.014237102793728695,-0.11358518109348825,-0.03458306812437684,-0.11358518111748772,-0.03458306851979387,0.0,0.0,0.0,0.0,-0.020530009224498436,-0.005584053065234684,-0.020530005522509498,-0.00558405544606444,-0.006889232454637018,-0.009563898238980073,-0.006889232461625205,-0.009563898647257929,-0.002632088613540695,0.0009260013042222681,-0.0026322549353023916,0.0009258974993002766,0.0,0.0,0.0,0.0,-0.00025083786074198144,-0.0009553890361928552,-0.00025083785884927323,-0.0009553893788165624,-0.000602615666097428,-0.0009071558470310492,-0.0006026156549125972,-0.0009071567565968053,0.000117735008349662,0.00019170590161365908,0.00011773924071256658,0.00019170201301221823,-0.0002400608803370119,-1.027652368179588e-05,-0.00024005608488675279,-1.0279457058004482e-05,0.0,0.0,0.0,0.0
96200000.0,0.16134580656241582,0.24529429811832415,0.16134653572969704,0.2452947076083376,-0.7753310956759094,-0.3357113483940992,-0.7753310947249279,-0.3357113487648036,0.10289896270911214,-0.5816099355098032,0.10289896306463753,-0.5816099356889879,0.0,0.0,0.0,0.0,0.010247684738960317,-0.009171018213905313,0.010247684604122398,-0.009171018149146448,0.021566853164488364,-0.020949221956755082,0.02156685282115056,-0.020949221447196464,-0.054054143205593874,-0.0016875485040657168,-0.054054147355712345,-0.0016875500844406588,0.009779740275510207,-0.0016330965553379428,0.009779740171236284,-0.0016330965146664767,0.05442781542356734,-0.047451920198227526,0.05442781776893568,-0.04745190924361964,0.036032316404972065,-0.048715244708816385,0.03603232065750461,-0.04871524244666148,0.0175548922320079,-0.05489833909020092,0.017554892091654395,-0.0548983418591007,0.019755685726433825,-0.06380153308084857,0.019755685016907165,-0.06380153983575099,-0.009001539658045843,0.037981654999754255,-0.009001541052292339,0.037981655599111264,-0.012338192051114305,-0.007281745942265161,-0.01233758163505172,-0.007286022996240149,-0.11864624330185336,0.013777970965861641,-0.11864624370186583,0.013777971126671673,0.0,0.0,0.0,0.0,-0.01991286161182515,0.007237275205270066,-0.0199128644155806,0.007237272147591511,-0.011233426049821915,-0.0036702062184872375,-0.011233426431397575,-0.0036702060451574425,-0.000629802407326352,0.002728308083916886,-0.0006298855439474949,0.002728441043672092,0.0,0.0,0.0,0.0,-0.0007896882071651845,-0.0005994662404447126,-0.0007896885251650332,-0.0005994661110833022,-0.0010289641429270802,-0.00034686068582345797,-0.00102896498594518,-0.0003468603499072742,0.0002245789897674655,-6.429347067182789e-06,0.00022457377753148933,-6.431801551798344e-06,-0.00013089294633950033,0.0002033692220351213,-0.00013089752544104272,0.00020336558634426183,0.0,0.0,0.0,0.0
96500000.0,0.2735279420673944,0.11743469306162524,0.2735282419655469,0.11743389089011202,-0.8427499938393588,-0.11974015724396736,-0.8427499944533299,-0.11974015796479875,-0.12226181709517192,-0.5766182130225701,-0.12226181737938902,-0.57661821324713,0.0,0.0,0.0,0.0,0.0032978140832522485,-0.013473759269473362,0.0032978141820372286,-0.013473759158117105,0.005868600481024444,-0.029751310344778403,0.005868601045605715,-0.029751310106931328,-0.04536480315685054,0.02910505443523448,-0.045364804048386276,0.02910505840434041,0.007388317924945653,-0.007054504749419266,0.007388317993830995,-0.007054504663059902,0.017391661545882897,-0.07043337254164328,0.01739167143205833,-0.07043337640293146,0.0017787281546954858,-0.0608670965672502,0.0017787297085885,-0.06086710094299974,-0.016638860964633295,-0.05527424757239885,-0.016638863383462876,-0.055274247127400145,-0.019753682453341526,-0.06352187015238542,-0.01975368855710613,-0.06352186865746035,0.013173398443605322,0.036610786592476074,0.013173399337720326,0.03661078776201521,-0.012977130648456736,0.006228282946196373,-0.012981238649716786,0.006228256586055636,-0.10387949042391043,0.060458791536518675,-0.10387949016350007,0.06045879189144898,0.0,0.0,0.0,0.0,-0.012050517191420695,0.01727064714530968,-0.012050519588772346,0.01727065018708629,-0.01126291550762204,0.0036635655682459856,-0.011262915228623882,0.003663565861174334,0.0019737652099252045,0.002003156226720648,0.0019738600178182963,0.002003230058818417,0.0,0.0,0.0,0.0,-0.0009950610934321702,1.529536650934915e-05,-0.000995060883029808,1.5295613479793246e-05,-0.001022845120717264,0.00035498416011137124,-0.0010228445693183374,0.00035498481167905993,0.0001060780774420067,-0.00019738523089074533,0.00010607774225412925,-0.00019737944907660676,0.00011051769748604556,0.00021717580663960234,0.00011051575691212179,0.00021718147694116396,0.0,0.0,0.0,0.0
96800000.0,0.29591986522365055,-0.05381859305722969,0.29591901344609717,-0.0538187665795391,-0.8510827984168259,0.10824995499520185,-0.8510827988897116,0.10824995566804319,-0.32824964210885454,-0.48863074437650766,-0.3282496422020156,-0.4886307440904716,0.0,0.0,0.0,0.0,-0.004939384131604996,-0.013084801717582195,-0.004939384049302831,-0.013084801828640025,-0.012195758316936534,-0.02801834811376125,-0.012195758191641204,-0.028018348680987515,-0.020880788105046122,0.049551330282014305,-0.020880784418075393,0.04955133061407935,0.0022018100783167682,-0.010282758001380898,0.002201810143224847,-0.010282758081260113,-0.026250231527811252,-0.06788940776932861,-0.026250236629516976,-0.06788941627634415,-0.033386739285527156,-0.051199566583036926,-0.033386743622699555,-0.05119956737330256,-0.04501827950472048,-0.0362024386283224,-0.04501827883222553,-0.036202436438088625,-0.05194720146253218,-0.04103924654930324,-0.05194719935923864,-0.0410392410595648,0.030964403276774632,0.02339310272409989,0.030964404186136107,0.02339310171372233,-0.00206871833369604,0.014326427612076031,-0.0020682164271974557,0.014330259707179493,-0.07145073962546,0.09761723348795215,-0.0714507393355408,0.09761723317667759,0.0,0.0,0.0,0.0,4.487687660770234e-05,0.02090427450754362,4.4880012900705424e-05,0.02090427627827296,-0.006957647467602968,0.00961205886828509,-0.006957647272363587,0.009612058558104764,0.002764185341595393,-0.0005948256030734456,0.002764261931227807,-0.0005948813884089077,0.0,0.0,0.0,0.0,-0.000776753729963886,0.0006281645422490101,-0.0007767535610057053,0.0006281643095178424,-0.0005895356544449726,0.0009044062618528415,-0.000589535212343506,0.0009044056515961074,-0.00011775202816011188,-0.00018961701582043133,-0.00011774649435203344,-0.0001896188412047195,0.0002452651506459347,1.3780862914813952e-05,0.0002452711937799279,1.378081734060288e-05,0.0,0.0,0.0,0.0
97100000.0,0.21819754685996884,-0.2098511485187089,0.21819750884222522,-0.20985027487496666,-0.7986640987541591,0.3323832502795909,-0.7986640981501516,0.3323832505892881,-0.4863306650079515,-0.33124321223523623,-0.48633066478858744,-0.3312432122181974,0.0,0.0,0.0,0.0,-0.011564146178297818,-0.008060128735138505,-0.011564146285929056,-0.008060128796699928,-0.02614902119788809,-0.016213499261596098,-0.02614902172578404,-0.016213499294963185,0.010823617653365147,0.05259191163374055,0.01082361755148753,0.05259190827182181,-0.004084780902148921,-0.010015075300913168,-0.004084780980845082,-0.010015075350437996,-0.06054400506662638,-0.040693614922105326,-0.06054401197945403,-0.040693608927114155,-0.05677625763552996,-0.023118063154740298,-0.05677625767156336,-0.023118059046495887,-0.05761831543330587,-0.004445753461411073,-0.057618313394886655,-0.004445754396712687,-0.06569791713031314,-0.0045475764452191925,-0.06569791223078347,-0.004547579076188413,0.03863287449396324,0.0026423174890766177,0.03863287349786759,0.0026423167721389973,0.010819194349982908,0.009763783576531182,0.010822656894236005,0.009762831306417752,-0.02652058496855325,0.11885169925635353,-0.026520585292592713,0.11885169902062387,0.0,0.0,0.0,0.0,0.01190822066461017,0.016976655460808843,0.011908221856725021,0.016976652325610075,3.210402973685689e-05,0.011885290864327658,3.210374422479845e-05,0.01188529073368727,0.0009852065024347212,-0.0026696871459250815,0.0009851868877532866,-0.002669777795190953,0.0,0.0,0.0,0.0,-0.00022482544002677685,0.0009772874889222294,-0.00022482565224457574,0.0009772873717253105,8.742309223741529e-05,0.0010729631745221013,8.742253444893322e-05,0.0010729628722003781,-0.00022196488793113645,7.336847858141482e-06,-0.00022196861601031515,7.332329388987091e-06,0.0001360110898218636,-0.00020692196983418398,0.00013600905679922448,-0.00020692760136853394,0.0,0.0,0.0,0.0
97400000.0,0.06619998614986855,-0.29626512656547277,0.06620085286564503,-0.29626522454763915,-0.6880159673028565,0.5367147917831403,-0.6880159670298198,0.5367147912730132,-0.5749804163214538,-0.1271491651912413,-0.5749804163027861,-0.12714916533737153,0.0,0.0,0.0,0.0,-0.014201064960634113,-0.00010644369243095753,-0.014201065012889202,-0.00010644359099387657,-0.030919973877297835,0.0015467752685225378,-0.03091997384971279,0.001546775741616102,0.038688749364922614,0.03718140236210843,0.03868874633536912,0.03718140279791271,-0.009268574357031767,-0.006135892616811134,-0.009268574401062324,-0.006135892543241539,-0.07305081090028409,0.0012522352904511536,-0.07305080438931277,0.001252240503887947,-0.059986341146215594,0.013334079107394814,-0.05998633744379589,0.013334078477441835,-0.05009200999765184,0.028844280677645884,-0.050092011263869196,0.02884427881794238,-0.05654021895377781,0.03307524173364129,-0.056540222063633294,0.03307523746991592,0.033717183682970386,-0.018891245110424393,0.033717183053740385,-0.01889124416685206,0.014240945706466945,-0.003588151443736365,0.01423964022532509,-0.00359116892174427,0.023541744084146998,0.12030693094931166,0.023541743879299304,0.12030693127209702,0.0,0.0,0.0,0.0,0.01931356634655934,0.007078447554036416,0.019313563284429236,0.0070784469034776976,0.007026431041687431,0.009607711810801334,0.007026430927895788,0.009607712058922857,-0.001740786966450969,-0.0022762832360143648,-0.0017409010581115325,-0.002276293974389887,0.0,0.0,0.0,0.0,0.00042748223976474264,0.0009114455780832031,0.00042748213586030204,0.0009114457605647885,0.0007239776181879876,0.000792610776002789,0.0007239773512672798,0.0007926112567986365,-0.0001040695469747277,0.00019476817321617546,-0.0001040724341319077,0.00019477328807226968,-0.00011191664339804674,-0.00022290720866635638,-0.00011192112429903034,-0.0002229034810312669,0.0,0.0,0.0,0.0
97700000.0,-0.10775823903678372,-0.2837236734496287,-0.10775846543074863,-0.2837245067084524,-0.5257833052632321,0.7063140569047022,-0.5257833057496981,0.7063140565792736,-0.5823767762387639,0.09510649760275669,-0.5823767763594496,0.09510649752719758,0.0,0.0,0.0,0.0,-0.011855368573087333,0.008002032377206092,-0.011855368472307504,0.008002032428464645,-0.024697337120795027,0.018958635435808446,-0.024697336696867467,0.018958635373053312,0.05294639154081082,0.008682297246949133,0.052946392239359596,0.0086822999523406,-0.01141290598079081,0.0001649651849362499,-0.011412905907516091,0.00016496522853515216,-0.0593305473601049,0.042796210654898914,-0.05933054384294323,0.04279620399225337,-0.04186632241509258,0.04516737698250495,-0.041866323560569185,0.04516737380787106,-0.02512897575955364,0.05207787383207574,-0.025128977322204094,0.052077875441767674,-0.027993584466685206,0.05884715792164741,-0.02799358798981544,0.05884716141754609,0.017845663432165537,-0.034203944984639634,0.01784566437415691,-0.03420394436960805,0.004958272374338435,-0.013947460906308606,0.004955753014591835,-0.013945914577945473,0.07034102698133893,0.10139236801883555,0.07034102731107694,0.10139236820849362,0.0,0.0,0.0,0.0,0.01975414683581178,-0.0051497982370278805,0.019754146704645592,-0.005149795317947792,0.011347309962737029,0.0036487045385058536,0.011347310200967797,0.003648704667668312,-0.002873836829500931,0.0002587907881093088,-0.0028738702226682733,0.0002589351464195033,0.0,0.0,0.0,0.0,0.0009021965348736671,0.0004554952900690523,0.0009021967109532625,0.0004554954070385975,0.0010547144124473107,0.00018305043609245786,0.0010547148749857627,0.000183050740474755,0.0001157033377232608,0.0001865903819293635,0.0001157091448682479,0.00018659125609588045,-0.00025051667847009185,-1.4472074212790176e-05,-0.0002505118096678416,-1.4469329570943046e-05,0.0,0.0,0.0,0.0
98000000.0,-0.24505308203167786,-0.17797874732190166,-0.24505386021617426,-0.17797840627648043,-0.32239422077167745,0.828315998852446,-0.32239422114428606,0.8283159994258966,-0.5076295688128525,0.30488473426744633,-0.5076295689453936,0.30488473443358544,0.0,0.0,0.0,0.0,-0.005286492976868118,0.0133965064485011,-0.0052864929277873784,0.01339650633893541,-0.009599712195711874,0.029792843315192385,-0.009599712287823081,0.029792842923825447,0.048523975766588734,-0.02291964946857661,0.04852397815561815,-0.022919650381481915,-0.009571932100143954,0.00674826161237263,-0.009571932057966137,0.006748261530049149,-0.024375217387543557,0.06908015642726184,-0.024375223884941732,0.06908015451541871,-0.008834004628418768,0.06108994102936549,-0.008834007232362495,0.06108994251653144,0.00857114032005768,0.05722208165475706,0.008571142175714641,0.05722208277819618,0.009865382823036839,0.06409810104288738,0.009865386514221086,0.06409810372397828,-0.0037839657499816326,-0.03832563905014297,-0.003783965157882818,-0.03832564007817041,-0.00893155908957155,-0.011940414955816436,-0.00892989438256464,-0.011938420864041177,0.1058557782577978,0.06497333075358824,0.10585577842728355,0.06497333040037745,0.0,0.0,0.0,0.0,0.013225881611241164,-0.015370450705304961,0.013225884299224333,-0.015370451068520197,0.011342676315329925,-0.003716606349939866,0.011342676458554024,-0.0037166066217082516,-0.0013201910735531897,0.002585680398354384,-0.0013200122554728466,0.002585727976750718,0.0,0.0,0.0,0.0,0.0009949788290164463,-0.00019880114479065014,0.0009949789580865342,-0.00019880134834693308,0.0009434684336326882,-0.0004994073790669518,0.0009434687705329736,-0.0004994079153846087,0.00021828515235000623,-6.31867619915738e-06,0.00021828390957878696,-6.324395215528966e-06,-0.00013820632172922842,0.00021080266563444638,-0.00013820565544264696,0.00021079740037066586,0.0,0.0,0.0,0.0
98300000.0,-0.30168247816537885,-0.015692562370830387,-0.3016820396291493,-0.015691854524078508,-0.09145563583004446,0.8928711376164102,-0.09145563509173016,0.8928711379353444,-0.36071668813628577,0.4733110853678255,-0.36071668787219124,0.47331108549919065,0.0,0.0,0.0,0.0,0.0032391399053288694,0.01413145989410225,0.0032391397824120816,0.014131459857381401,0.009068210250205766,0.03012602079157034,0.009068209880307876,0.030126020925038688,0.026898799649494265,-0.046452538628159346,0.0268987985629785,-0.04645254070049987,-0.004193562747918378,0.011251892425661936,-0.004193562844623244,0.011251892392834861,0.01933295017708403,0.0707873766596947,0.019332949722080883,0.07078738274316265,0.027456161259244993,0.055452725553649884,0.027456162937898654,0.055452727619339726,0.039335549556977156,0.04251167721028537,0.039335550167880484,0.04251167531381839,0.043961801891750696,0.04729162654368224,0.0439618037149323,0.04729162293202194,-0.024105158522630177,-0.02994891930279664,-0.02410515969180338,-0.029948919779187122,-0.014979531429503368,0.0008417248158423263,-0.014978061595769532,0.0008400683316409641,0.1238258470451079,0.016975420755855453,0.12382584665953544,0.016975420631908378,0.0,0.0,0.0,0.0,0.0021320038706562627,-0.02004915257906248,0.0021320030598026563,-0.020049154934838498,0.0070123316988564,-0.009680621487163421,0.007012331365501723,-0.009680621604744033,0.0014937463602500145,0.0025058854247390627,0.001493799734976875,0.002505670199582255,0.0,0.0,0.0,0.0,0.0006630645146543657,-0.0007733170853754245,0.00066306425930307,-0.0007733171946995299,0.0004392996942748084,-0.0009696479049097206,0.00043929901967842966,-0.0009696481893683995,0.00010383687825310517,-0.00019099105524844617,0.00010383200367414247,-0.0001909878806714005,0.0001139646560801566,0.00022568055204885695,0.00011395982961914797,0.00022568200486716705,0.0,0.0,0.0,0.0
98600000.0,-0.26158285515677804,0.15008425944974135,-0.26158222655746144,0.15008374103186384,0.15108896577624975,0.8939284443848265,0.15108896589352128,0.8939284434991777,-0.1611923274648639,0.5768590897405943,-0.16119232742223844,0.5768590893811307,0.0,0.0,0.0,0.0,0.010733057903372867,0.00988565159650534,0.010733057894423581,0.009885651729632627,0.02469289276876907,0.019747125162808743,0.024692892967696167,0.019747125503840834,-0.004319338497190017,-0.05350942514364476,-0.004319340245839243,-0.05350942393167202,0.002966540382487892,0.011940259375435858,0.002966540371012627,0.011940259482940974,0.056297174638924474,0.04732076621478143,0.056297180135626235,0.04732076538260799,0.054211822312328906,0.030183948176741637,0.05421182392271717,0.030183946395325734,0.0565175255689816,0.013018656968910136,0.056517523879065834,0.013018656803609474,0.0626785694746772,0.014410300237059914,0.06267856623806267,0.014410299140550364,-0.03650241131369114,-0.01185027173431763,-0.036502411540343616,-0.0118502704580834,-0.007617095226798654,0.013008873847681457,-0.007618619306796859,0.013007898280875452,0.12088433678422561,-0.03455846714717836,0.12088433674019683,-0.03455846674441432,0.0,0.0,0.0,0.0,-0.009594105194612013,-0.01762638134583483,-0.009594107123351847,-0.01762638017868312,1.1852823966762571e-06,-0.01197305517030145,1.1852503831732975e-06,-0.011973054786039938,0.002926320560103335,6.914632083976358e-05,0.0029260686320569107,6.909503230190239e-05,0.0,0.0,0.0,0.0,4.491948947915603e-05,-0.0010217227946043295,4.491944728712838e-05,-0.0010217224936042157,-0.00024518414992513726,-0.0010328602909766005,-0.0002451842570216911,-0.001032859495609273,-0.00011242722356641366,-0.0001851972582755934,-0.0001124225608037932,-0.00018519386230764212,0.0002528685035549927,1.4189138482834096e-05,0.00025287179458288733,1.4192718609251642e-05,0.0,0.0,0.0,0.0
98900000.0,-0.13923302873264376,0.2676298376731978,-0.13923361142214574,0.26762929219569287,0.3879960999433223,0.8297910395794474,0.38799609903598054,0.8297910397817958,0.06418522207821908,0.6003195806507904,0.06418522168721807,0.6003195807667367,0.0,0.0,0.0,0.0,0.014533862845368617,0.002095497977691707,0.014533862974506206,0.00209549794648467,0.03169299383654334,0.0022505454504653244,0.03169299412026305,0.0022505451679819544,-0.03402430577367355,-0.04150694182182235,-0.03402430449527216,-0.04150694039968528,0.009414629468377456,0.008370215822679938,0.00941462957374739,0.008370215802571579,0.07342323571168663,0.0069345865732231005,0.07342323375345927,0.006934581768376802,0.06195813467000377,-0.005893466624385724,0.061958132802921284,-0.005893467867011282,0.054134798513963744,-0.02108329353740146,0.054134798581127797,-0.021083292241456775,0.05975269186362553,-0.0231581350709007,0.05975269121457316,-0.023158132422409494,-0.036974415036247876,0.010037062786409479,-0.03697441378650623,0.01003706265858284,0.006646893794677311,0.013590412135926044,0.006646354306507618,0.013591688812738312,0.09721945226397821,-0.0808173154793792,0.09721945264085363,-0.08081731554145222,0.0,0.0,0.0,0.0,-0.017844936943294698,-0.009015128657466676,-0.017844935550666463,-0.009015127216429164,-0.007031006842389331,-0.009719256413859512,-0.007031006459435218,-0.009719256516390828,0.0016209247178657904,-0.0024446347814262026,0.001620882893913489,-0.002444346966711919,0.0,0.0,0.0,0.0,-0.0005974185617461103,-0.0008350920078470381,-0.0005974182560777308,-0.00083509207006216,-0.0008235663276145999,-0.0006651559191652723,-0.0008235655197808001,-0.0006651560892407815,-0.00021611641326657605,4.01990409670816e-06,-0.00021611492084261386,4.014395045714991e-06,0.00013913906277807087,-0.00021193259075857895,0.0001391407404973677,-0.00021193714249534423,0.0,0.0,0.0,0.0
99200000.0,0.026826866859650522,0.30145136372223647,0.02682640553904747,0.3014519984522366,0.6018941466647618,0.7033952416706342,0.6018941472099755,0.7033952424045822,0.2846828182550709,0.5388626612991487,0.2846828185455621,0.538862661615326,0.0,0.0,0.0,0.0,0.0132525603927931,-0.006531626581804062,0.01325256032070854,-0.006531626685571723,0.02750371856145506,-0.016213321811264336,0.027503718197962712,-0.01621332199337644,-0.051580586806466044,-0.014691747700723568,-0.05158058569327295,-0.014691748984532182,0.012788334095638731,0.0016194318920668138,0.012788334042710403,0.0016194318072138003,0.0645655758434529,-0.036155385153762154,0.06456557179188138,-0.03615538219817438,0.04785253299694148,-0.04011631345690603,0.04785253207350593,-0.04011631146678951,0.0329399734870961,-0.047990207623769265,0.03293997435049789,-0.047990207622262915,0.03634900196463775,-0.052520061658270834,0.03634900397730689,-0.0525200610943557,-0.025422804662284193,0.028580057997928066,-0.02542280515186235,0.028580056968735335,0.015039444721672623,0.001997738106368274,0.015040374727185224,0.001997925445181181,0.05662485605527223,-0.11375151532563166,0.056624855889701564,-0.11375151562036478,0.0,0.0,0.0,0.0,-0.01974453528635678,0.002724677657653274,-0.019744534334087405,0.0027246761858066293,-0.01141818736805078,-0.0037653441241616292,-0.011418187610125585,-0.0037653444244512,-0.0012035193030115465,-0.0026791959717371583,-0.001203197281732571,-0.002679170765844674,0.0,0.0,0.0,0.0,-0.0009893568609129488,-0.00028967054042539075,-0.0009893570328713963,-0.00028967078820585357,-0.001055488730145271,-2.2358526038601667e-05,-0.0010554891944636324,-2.2359178714737027e-05,-0.00010493942093603437,0.0001886266440038753,-0.00010494502912195003,0.00018862721987034092,-0.00011347656876381507,-0.00022697323268516811,-0.00011348157935486824,-0.0002269726101502556,0.0,0.0,0.0,0.0
99500000.0,0.1859578795491288,0.24125633691129167,0.1859585575420155,0.2412567134430219,0.7765182664704753,0.5222781491855528,0.7765182668452297,0.5222781484011989,0.4693831115317906,0.3989575248084236,0.46938311166945823,0.3989575243948451,0.0,0.0,0.0,0.0,0.007279291518798914,-0.012959245582536028,0.007279291462054971,-0.01295924548446692,0.013509097225743005,-0.029097192459332177,0.013509097186137353,-0.029097192044801545,-0.05068273939129142,0.017337521798722833,-0.05068274062620759,0.017337520951656415,0.011722660964437637,-0.006029014669124422,0.011722660916660743,-0.006029014594972182,0.03269383576470375,-0.06670718442033774,0.03269383963069572,-0.06670718116772889,0.016726060114763186,-0.060387405618399725,0.01672606228533624,-0.06038740503086615,0.00020533878129214145,-0.05832810774812458,0.00020533913589559916,-0.05832810832522739,0.0006227680070836072,-0.06366978078811769,0.0006227688222324446,-0.063669782313454,-0.0056535808978850355,0.037774753204473654,-0.005653581522686579,0.03777475394163332,0.010027661144185629,-0.011437694440203927,0.010027601941288822,-0.011438200107690477,0.005904354095989106,-0.12750939480342538,0.0059043539356835595,-0.12750939457164634,0.0,0.0,0.0,0.0,-0.014646571200749747,0.01344244605188294,-0.014646572624712917,0.013442445524475488,-0.011491629148643767,0.003645309162223498,-0.01149162928900438,0.003645309498494953,-0.002911392414297609,-0.00041709896953534553,-0.00291139105311089,-0.0004174525071931612,0.0,0.0,0.0,0.0,-0.0009611031373211176,0.0003841480465212044,-0.0009611032666896335,0.00038414829579380694,-0.0008464433293369211,0.0006261501542326187,-0.0008464436661412833,0.0006261508232370261,0.00011048528814683323,0.0001852091571379333,0.00011048781190936552,0.00018521411561778223,-0.00025360785866723745,-1.620263191171034e-05,-0.00025360487189374226,-1.619807525798933e-05,0.0,0.0,0.0,0.0
99800000.0,0.2894167138193282,0.10418332889369708,0.28941700333145803,0.10418261413258278,0.8979263309957375,0.29821747655333297,0.8979263301736893,0.298217476639266,0.5911746040674046,0.19799162875625598,0.591174603637775,0.19799162885298927,0.0,0.0,0.0,0.0,-0.0013330499662345119,-0.014891635430359429,-0.0013330498638595145,-0.014891635431737882,-0.0054138464010549114,-0.0317748779987852,-0.005413845983362364,-0.031774878124238626,-0.03166591574408528,0.04308599223296028,-0.03166591638004945,0.04308599338669694,0.006395146432396359,-0.011857878350070905,0.006395146509952099,-0.011857878348180861,-0.01107568837315398,-0.07378459548417027,-0.011075685969586857,-0.07378460021341482,-0.020544627099162938,-0.05943569961952733,-0.020544626920433018,-0.05943570200602721,-0.03274643126940191,-0.04842121836662727,-0.03274643184575865,-0.04842121923471154,-0.03509730399905209,-0.05289716411698464,-0.035097305334787166,-0.05289716538574396,0.015888270709695007,0.034681960159105074,0.015888271488648797,0.0346819602814179,-0.003960592781595551,-0.014730837432324506,-0.003960622812641645,-0.014730653513993275,-0.04628102908625209,-0.11951135246289368,-0.046281028850486905,-0.11951135246276579,0.0,0.0,0.0,0.0,-0.00437262422508411,0.019346668505235698,-0.004372624432406269,0.01934666981028954,-0.007204771060436599,0.009715778926647545,-0.007204770716327857,0.009715778863863989,-0.0019165618014795882,0.002239333152218137,-0.0019169426957645896,0.0022393629891723776,0.0,0.0,0.0,0.0,-0.0005212125217681773,0.0008990492238325487,-0.0005212122607076708,0.0008990492016778262,-0.000286080141812306,0.0010103449149880817,-0.00028607944230429894,0.001010344849817102,0.00021544541429818764,-2.984843035847007e-06,0.0002154490763430772,-2.98892926764438e-06,-0.00014214954724423023,0.0002113980044384789,-0.0001421463313349136,0.0002113929501064149,0.0,0.0,0.0,0.0
100100000.0,0.30368016573208223,-0.06946811478672998,0.3036794204139852,-0.06946831241999973,0.9556088036611143,0.04654887161791521,0.9556088041790005,0.04654887224523918,0.6305240604093143,-0.03747106134665046,0.6305240607227773,-0.03747106102676412,0.0,0.0,0.0,0.0,-0.009575260716900402,-0.011594527720674819,-0.009575260773168282,-0.011594527800880883,-0.02259371174913838,-0.02320102316242867,-0.022593712033597058,-0.02320102352639708,-0.0013958463722616443,0.053327944377727476,-0.0013958453006424065,0.053327944862672894,-0.0014656079210411121,-0.013682956026798365,-0.0014656079616699458,-0.013682956083528097,-0.05130870264492415,-0.054654675042996814,-0.051308708217376875,-0.05465467651536926,-0.05081787870875587,-0.03743315475217912,-0.050817881290832645,-0.037433154416547154,-0.05445008624275971,-0.021615420295617582,-0.05445008759654968,-0.02161541938595235,-0.05855601281211875,-0.02403285524725618,-0.058556014540315005,-0.02403285375073949,0.03222102570499885,0.02035197227976937,0.032221025356079736,0.0203519716936853,-0.014498836517638836,-0.004899708687688076,-0.014498659394746483,-0.0049001759020654845,-0.09092380878613682,-0.09095153951211898,-0.09092380893668661,-0.09095153968036129,0.0,0.0,0.0,0.0,0.0074185066552558965,0.018349652475166067,0.007418507841123301,0.018349652474327627,-0.00015227543877216476,0.012142001304766836,-0.00015227569134168562,0.012142001049298301,0.0008653069808772784,0.002828373524849326,0.0008653751321574532,0.00282877557339134,0.0,0.0,0.0,0.0,0.00014549093934590474,0.0010332259250134257,0.00014549077590686466,0.0010332257263598876,0.00039034695449657875,0.0009718658416062453,0.00039034651307190416,0.0009718653100776464,0.00010485599079856911,-0.00018787464246372565,0.0001048509343846149,-0.0001878765506688751,0.00011132295610138954,0.000230184676212275,0.00011131646135709161,0.0002301835208555758,0.0,0.0,0.0,0.0
100400000.0,0.2207122369158938,-0.22639605930235973,0.22071213844289872,-0.22639529159391714,0.9434060332330887,-0.2148107642524053,0.9434060334910583,-0.21481076505045849,0.5785781405216994,-0.2747301180768602,0.5785781406370489,-0.27473011852323737,0.0,0.0,0.0,0.0,-0.014535209091576462,-0.004172296760245331,-0.01453520912944839,-0.004172296666197894,-0.03191761508786328,-0.006314906252768537,-0.031917615352440976,-0.006314905839531093,0.02922320032631376,0.044445543659264786,0.029223200703057728,0.04444554264445344,-0.009137186972353106,-0.010671083830857242,-0.00913718699287358,-0.01067108376031456,-0.07366098001709531,-0.015851285314610664,-0.07366098043333835,-0.01585127891418381,-0.06331936249726056,-0.0020060845752993828,-0.0633193615454104,-0.0020060818767433375,-0.057293967566351967,0.012840124971702949,-0.05729396605894976,0.012840126604672264,-0.061781399610872256,0.012908593234911336,-0.06178139767035162,0.012908595242464571,0.038079327864899426,-0.000541914827337564,0.03807932765234767,-0.0005419141594273924,-0.012167784734586462,0.00937784916345663,-0.012168739481694502,0.009377812852974898,-0.12026324100184382,-0.046622441087322386,-0.1202632410479012,-0.04662244083019118,0.0,0.0,0.0,0.0,0.0165262296913653,0.010818908022429241,0.016526229556546923,0.010818906895849523,0.007019353587757848,0.009976215677255595,0.007019353495309133,0.009976216052336895,0.0028654837282644507,0.000788962757610534,0.0028658983150293693,0.0007888502261721442,0.0,0.0,0.0,0.0,0.0007554082737755152,0.000725914234479319,0.0007554081962055648,0.0007259144901610171,0.0009007435866408287,0.0005291156828803878,0.0009007433744727678,0.000529116369705207,-0.00011028249578259874,-0.00018413443365261628,-0.00011028244513511254,-0.00018412911758503014,0.00025618719025288783,1.987558189853189e-05,0.0002561885286098686,1.988264718022492e-05,0.0,0.0,0.0,0.0
100700000.0,0.06256024805072258,-0.3150947642653392,0.06256102620038462,-0.315094773256817,0.8601533392531593,-0.46658166362063014,0.8601533383940847,-0.4665816634514357,0.4391358208206668,-0.4790753343895062,0.4391358203621678,-0.4790753342717693,0.0,0.0,0.0,0.0,-0.014427994206087646,0.004803028276867849,-0.014427994099619923,0.004803028264234399,-0.030006306834536645,0.012969123679809513,-0.030006306339778632,0.012969123824859707,0.04920228303272012,0.019722139995153043,0.04920228203329913,0.01972213970897485,-0.013848220049119675,-0.003701871375739074,-0.013848219971286824,-0.0037018713979080076,-0.06997694454751979,0.029030494481077085,-0.06997693735740285,0.029030493664890855,-0.05348162161362069,0.03440339564983219,-0.05348161892536041,0.03440339401565495,-0.04019547172158866,0.042985113731020874,-0.0401954701245657,0.04298511151563389,-0.04379287502620599,0.04520955415428318,-0.04379287303334678,0.04520955164018403,0.0315984346228646,-0.02122818045225472,0.03159843538877283,-0.021228180680850528,0.001063428169139513,0.01538717486178598,0.0010636618286383737,0.015388576277075572,-0.12916474273281864,0.0059121587948709475,-0.12916474243692733,0.005912158698109238,0.0,0.0,0.0,0.0,0.0197070848270684,-0.0005483630514078186,0.019707083668862424,-0.0005483627910365385,0.01159317408370697,0.003992186947613163,0.01159317448963293,0.003992186849004042,0.002212009438707696,-0.002010655205580747,0.002211848623325352,-0.002011071379328655,0.0,0.0,0.0,0.0,0.0010466751903379645,0.00010493581622483816,0.0010466754688280844,0.00010493575311443237,0.0010337168762504234,-0.00013151165128988396,0.0010337176212118493,-0.00013151181151727087,-0.00021381777324336326,3.8111356559511478e-06,-0.00021381292594924162,3.809199554893894e-06,0.00014685391322188934,-0.00021270070828904863,0.00014686056613300025,-0.00021270460597122565,0.0,0.0,0.0,0.0
101000000.0,-0.12237370702271733,-0.30251030549726465,-0.12237383058627671,-0.30251107746855155,0.709987979411487,-0.6895067770541772,0.7099879799395197,-0.6895067763386891,0.229075660071139,-0.6186165888063329,0.22907566037986982,-0.6186165884464145,0.0,0.0,0.0,0.0,-0.009236983834910006,0.012185340778131604,-0.00923698389149763,0.01218534068230781,-0.01743420983633115,0.027835496124865244,-0.017434209805585965,0.027835495591048698,0.05143952452439038,-0.011870344803512012,0.05143952434068666,-0.011870343787663273,-0.013781252378414877,0.004879402483297213,-0.01378125243665096,0.00487940241858098,-0.04125549525237915,0.06407247990777876,-0.04125549752286162,0.06407247200932886,-0.024609111500573988,0.05890656194469557,-0.024609113832497087,0.05890655940852696,-0.009007914144042672,0.05830039314827218,-0.00900791699885417,0.05830039189818592,-0.010882080453399112,0.061828274062619926,-0.010882083491097205,0.06182827237675781,0.014898427139712567,-0.03502484660327809,0.014898426527778952,-0.03502484725881061,0.013453045930376106,0.007662611910646433,0.013454823916717373,0.00766199105909493,-0.11602922945864691,0.05764397180384151,-0.11602922968537399,0.05764397153237155,0.0,0.0,0.0,0.0,0.015833344737707478,-0.011686399373715517,0.015833345184923076,-0.011686398111905305,0.011799264503110862,-0.003583850518367626,0.011799264238447904,-0.0035838508678125436,-0.0005234566825080833,-0.0029610053098139133,-0.0005238618377632065,-0.002960795586034237,0.0,0.0,0.0,0.0,0.000891579923035124,-0.0005662295672976825,0.0008915797419177807,-0.0005662298034536661,0.0007359783779961049,-0.0007341057644083548,0.0007359779030053915,-0.0007341063925139224,-0.00010281263489275716,0.00018632743254443085,-0.00010281612318863154,0.00018632369338433818,-0.00011105151617840647,-0.00023520292980094837,-0.00011105765210572827,-0.00023520822314537781,0.0,0.0,0.0,0.0
101300000.0,-0.27269612339868843,-0.18757902841205976,-0.2726968682307671,-0.18757878684699847,0.5022721038695934,-0.8658112766058821,0.5022721043243692,-0.86581127733794,-0.023066155514747777,-0.6692519001117745,-0.023066155314673153,-0.6692519005218998,0.0,0.0,0.0,0.0,-0.0007359207753836472,0.015357915623823715,-0.0007359208467434541,0.015357915707156167,0.0014437536411122665,0.03297300260163638,0.0014437530930848652,0.03297300266051195,0.03527014005673834,-0.03894199526402531,0.035270141101591435,-0.038941995216902114,-0.008768864996810066,0.012051858901585888,-0.00876886503610308,0.012051858982388808,0.002591716112931408,0.07664458330357604,0.002591707661800058,0.07664458727779788,0.013231910697534488,0.06271987512910471,0.013231908445668239,0.06271987812660029,0.0254829763219675,0.05336976184082687,0.025482975632492355,0.0533697651315066,0.025595648436798513,0.05715774544475494,0.025595647255798326,0.05715774882008873,-0.006612451720329204,-0.03748904411089882,-0.006612452136792513,-0.03748904326464242,0.013865654003723193,-0.006992447184416051,0.013864547047184317,-0.00699450594449047,-0.08306787287292394,0.09970012111142523,-0.08306787307795105,0.09970012142669304,0.0,0.0,0.0,0.0,0.006296341541926154,-0.01860917220091096,0.006296342924954956,-0.018609172943882868,0.0074964533630748065,-0.009887036325594067,0.0074964531212273755,-0.009887035962464097,-0.002799706466163343,-0.0011387683134813642,-0.002799451286698229,-0.0011383871883197116,0.0,0.0,0.0,0.0,0.00035268697547508054,-0.0010000635112987766,0.00035268682151468056,-0.0010000632625661865,0.0001335702143521189,-0.00102838149562956,0.00013356980649348316,-0.0010283808398270367,0.00010946942084189004,0.00018104146839448276,0.00010946725551974623,0.00018104597154433577,-0.00026078192205147843,-2.1620047064629944e-05,-0.0002607850940776757,-2.161233804542917e-05,0.0,0.0,0.0,0.0
101600000.0,-0.3347724703164232,-0.005346558210263197,-0.3347721131140631,-0.005345864285104085,0.2511114855292149,-0.9806291206122069,0.2511114847697655,-0.9806291208032576,-0.28046854967641366,-0.6190469648481383,-0.28046855008877714,-0.619046964892263,0.0,0.0,0.0,0.0,0.008118931559252474,0.013158621613271748,0.008118931650713535,0.013158621657893832,0.020000150103768988,0.02646283168897412,0.020000150228334235,0.0264628322467928,0.006669894305410651,-0.05182365546031065,0.006669894179964331,-0.05182365652210308,-0.00041776533628024026,0.015183934178011782,-0.0004177652484287364,0.015183934190559967,0.04612332864439139,0.06191898830050491,0.0461233345754124,0.061918997054618785,0.04670843742690778,0.0442963324139356,0.04670844103566196,0.04429633427176327,0.05127440456202237,0.029786239044938156,0.05127440804019301,0.029786239104950596,0.05312703387622264,0.03289733054917576,0.05312703735889812,0.032897331167873745,-0.02598900036021945,-0.02783987219244466,-0.025988999449211292,-0.02783987203484628,0.0018389044271245325,-0.01544812607740198,0.0018366815220645094,-0.015446457727350094,-0.03590049867666778,0.12488605158776522,-0.035900498321360885,0.12488605171608924,0.0,0.0,0.0,0.0,-0.00548272599753119,-0.018830384140628098,-0.005482727149640709,-0.018830385593076926,0.00025926896577033176,-0.012485252425150861,0.0002592693538616686,-0.01248525229759423,-0.002461830186874181,0.00177293463647743,-0.0024614848897570596,0.0017726417020753615,0.0,0.0,0.0,0.0,-0.00034204601280407587,-0.0010081871876366222,-0.00034204575284491057,-0.0010081871204334902,-0.000521476353085859,-0.0008935352726098245,-0.0005214756669573717,-0.0008935350917198548,0.00021016339587731636,-4.220670788868119e-06,0.00021016825258612926,-4.220308682079121e-06,-0.0001496339114552825,0.00021631316859327399,-0.00014962554159581032,0.00021631376333175467,0.0,0.0,0.0,0.0
101900000.0,-0.28377600376787626,0.18276015226588527,-0.283775384920709,0.18275968882588245,-0.02552015320534906,-1.0232834258761159,-0.025520153223972386,-1.0232834252083478,-0.5031490052630829,-0.4712080061483874,-0.5031490052071845,-0.47120800579858724,0.0,0.0,0.0,0.0,0.01421589240612775,0.006301472585633405,0.014215892431707289,0.006301472500453542,0.03165107449515148,0.010486641442227551,0.03165107507781073,0.010486641265771368,-0.023964438296076196,-0.04606152853747858,-0.023964439340417698,-0.04606152821540377,0.008403645232597512,0.012995961665367872,0.008403645224312584,0.012995961583996518,0.07373556155276617,0.02471134998921798,0.07373557025435673,0.02471134188384383,0.06388517532979421,0.009945489897560833,0.063885176703252,0.009945485738597881,0.05930018304749751,-0.004348194078445999,0.05930018253241087,-0.004348197538774912,0.062305290382958844,-0.0025625163384290772,0.06230529050155553,-0.0025625197443019943,-0.03698937067516539,-0.009197638406547526,-0.03698937070671349,-0.00919763925607242,-0.0118610984073797,-0.010077384718087501,-0.011858820989189667,-0.010075129219018208,0.017437689010350255,0.1289160700697778,0.01743768907530807,0.12891606971561487,0.0,0.0,0.0,0.0,-0.015261197470678667,-0.012260509123152019,-0.01526119887734012,-0.012260507478686122,-0.007181310764764248,-0.010316874411515187,-0.007181310720099532,-0.010316874774304097,0.0001941101526199418,0.003034001809652409,0.00019379084454840267,0.003033701293276181,0.0,0.0,0.0,0.0,-0.000895503125370567,-0.0005833614893901995,-0.0008955031156574478,-0.0005833617228319099,-0.0009565480213566957,-0.00038777689637470303,-0.0009565479938302701,-0.0003877775098573011,0.00010100191291684268,-0.0001827944676193738,0.00010100050310057895,-0.000182798994714517,0.00011343378376693636,0.0002383950356090736,0.00011343172644018296,0.00023838702733769424,0.0,0.0,0.0,0.0
102200000.0,-0.1352280218609465,0.310894258169796,-0.13522857505032704,0.31089373619953165,-0.30700919679896543,-0.9883095110467508,-0.30700919625082435,-0.9883095110797768,-0.6542589198801565,-0.2448744803970584,-0.6542589196063062,-0.2448744804816556,0.0,0.0,0.0,0.0,0.01537753193560576,-0.00285481324154091,0.01537753186047297,-0.0028548132604839793,0.03217749578885787,-0.00939550424324409,0.03217749555137317,-0.00939550486889118,-0.045639584119719245,-0.023978249252280648,-0.0456395836018757,-0.023978248267439994,0.014549678518022802,0.006069848831145919,0.01454967844817645,0.006069848849605819,0.07519153899493602,-0.0220153813503714,0.07519152857264544,-0.022015389545799735,0.058455668785939,-0.028285223489888267,0.058455664130690366,-0.028285224295714784,0.0466119063314423,-0.0371702760169228,0.04661190299282225,-0.037170275037723854,0.05002838943016741,-0.03701213820311011,0.05002838618316474,-0.037012137939939294,-0.036079073319783106,0.012434627136997278,-0.036079074067721706,0.012434627252048358,-0.014948270172510547,0.004295672117535787,-0.014946121991854966,0.004292768066562758,0.06789219722374185,0.11112246317304653,0.06789219688560877,0.11112246314546326,0.0,0.0,0.0,0.0,-0.019489973637639935,-0.0012661691889803706,-0.019489971482748558,-0.00126616797507495,-0.011957111385314079,-0.004134987427121928,-0.011957111708355228,-0.004134987437097948,0.002674262769808422,0.0014507000927039826,0.0026740118614299035,0.0014510319686564799,0.0,0.0,0.0,0.0,-0.0010685193213078037,9.550909531697016e-05,-0.001068519519250799,9.550910425559778e-05,-0.0009918730684503885,0.0002768003433004651,-0.0009918735857112893,0.0002768003650430728,-0.00010675045066221855,-0.00017802273910660915,-0.00010675403631665858,-0.00017801983284471135,0.00026376609432787745,2.0371861253920542e-05,0.0002637594267511645,2.0376250063236512e-05,0.0,0.0,0.0,0.0
102500000.0,0.05974580473927915,0.3340912827777771,0.05974539652751076,0.33409190327814997,-0.5716084337337577,-0.8761208413927903,-0.5716084337329903,-0.8761208418809332,-0.7065848221823998,0.026799253012626423,-0.7065848222460502,0.026799252776726235,0.0,0.0,0.0,0.0,0.011134638654532125,-0.011114823163467236,0.011134638632867677,-0.011114823093663517,0.021248787009625403,-0.026159472386012794,0.021248786334361114,-0.026159472061294764,-0.05076616924867494,0.006273226129110299,-0.0507661683577183,0.006273225436260077,0.01571547794982564,-0.0032910660897584876,0.01571547797210826,-0.0032910660279696913,0.04942335195118375,-0.06155012959304429,0.04942334479409993,-0.061550116830218826,0.03207827387966944,-0.05677944843469618,0.03207827373799432,-0.05677944334360063,0.017492066913632698,-0.05714621045380852,0.0174920682724391,-0.05714620724702968,0.020568249828961882,-0.058592535438393156,0.02056825038651766,-0.05859253233715833,-0.023551475579211,0.03011049842552893,-0.023551475457551874,0.03011049911036423,-0.004712701328678293,0.014802597137887119,-0.004716218532216487,0.014800697676008667,0.10693596408660255,0.07453487114550228,0.10693596407772077,0.07453487147222404,0.0,0.0,0.0,0.0,-0.016614468861469334,0.010149588192774672,-0.01661446798080135,0.010149585572932551,-0.01217056442713016,0.0037344825613701005,-0.012170564438200415,0.0037344828644023664,0.002652765749047603,-0.0014894814637216314,0.0026530956785464355,-0.001489280240178914,0.0,0.0,0.0,0.0,-0.0007834729718325661,0.0007385193163145232,-0.0007834729724223166,0.0007385194946181173,-0.0006147549350146164,0.0008231865459293886,-0.0006147549370894012,0.0008231870134665087,-0.00020646077655328554,2.8245027152706825e-06,-0.00020645684449505097,2.8266872931226317e-06,0.00014914727617565404,-0.00021864363441181922,0.0001491533298363379,-0.00021863910109232165,0.0,0.0,0.0,0.0
102800000.0,0.23396391453336918,0.24515893581163084,0.23396457604562215,0.24515922012729163,-0.7981181518777376,-0.6932391077793625,-0.7981181524021537,-0.6932391078200624,-0.6480111306088929,0.3013416393226578,-0.6480111308657754,0.30134163936165237,0.0,0.0,0.0,0.0,0.002913227095540094,-0.015556368257080067,0.0029132271694365386,-0.015556368230505768,0.0026085178559540623,-0.03378061077610539,0.002608518298892193,-0.033780610067040584,-0.037836607391710686,0.033779997384755234,-0.03783660822916346,0.03377999660537512,0.011294300738043717,-0.011822841248346094,0.01129430079795668,-0.011822841273399831,0.0052268664981554025,-0.07933431855174433,0.005226881470193234,-0.07933431300382665,-0.0060436185312084945,-0.06518339093861414,-0.006043613091485156,-0.065183391574692,-0.017933495319574888,-0.05713384153752088,-0.017933492218553226,-0.057133843269397744,-0.015867697469609254,-0.05987787867397287,-0.015867694465512727,-0.0598778795185666,-0.0034120437361409017,0.03816483254490777,-0.003412043043823587,0.038164832423177586,0.009677049864968978,0.012135360237010673,0.009675535221028042,0.01213944668516831,0.12800004951692756,0.025334771696734038,0.12800004984744362,0.025334771689884406,0.0,0.0,0.0,0.0,-0.007687846869039561,0.017791792048654997,-0.007687849863145857,0.017791791605830554,-0.007662429651084324,0.010258095716167759,-0.007662429334359899,0.010258095730037553,0.00015752407738744978,-0.0030383262919286835,0.00015768012863759395,-0.0030386408528073616,0.0,0.0,0.0,0.0,-0.00015934346762236373,0.001068624254727979,-0.00015934327947775273,0.0010686242652298006,1.604502850938161e-05,0.001024931697557463,1.604552350187305e-05,0.0010249317297166272,-0.00010089844219862698,0.00017912786692875216,-0.00010089790821865563,0.0001791235008994363,-0.0001149433948981482,-0.00023816172260637813,-0.00011494148183288644,-0.00023816852281299816,0.0,0.0,0.0,0.0
103100000.0,0.3292565939988634,0.07586963173436345,0.32925675181028424,0.07586895678714711,-0.9676151664928057,-0.45203960085601125,-0.9676151664998045,-0.45203960023178524,-0.4846702801920699,0.533883676671536,-0.48467028013448754,0.533883676988367,0.0,0.0,0.0,0.0,-0.006438402540148047,-0.014561577733971376,-0.00643840251650829,-0.014561577816962767,-0.017176364877443007,-0.029402709029639595,-0.01717636417159696,-0.02940270961182989,-0.011809279267929185,0.04886800386216805,-0.01180927993824099,0.04886800482032072,0.0026602027675295403,-0.016433396654619514,0.0026602027361590785,-0.01643339671625199,-0.04157710601476339,-0.06837279346579805,-0.04157710262918357,-0.06837281034178488,-0.042301080209107056,-0.05022452781614106,-0.042301081739701374,-0.05022453346680322,-0.04718574506808437,-0.036995962079927835,-0.04718574724117275,-0.03699596506373837,-0.04664270450538055,-0.04047871144304338,-0.04664270571302609,-0.0404787143586276,0.017917811456761967,0.03400603461507501,0.0179178112702445,0.03400603387289891,0.015470798077949155,-0.0012863074677511577,0.015475381513695652,-0.0012853020616034883,0.12755357695766634,-0.028205814663763817,0.12755357691946045,-0.02820581500317587,0.0,0.0,0.0,0.0,0.003971433539362579,0.01884494033126316,0.003971433592283802,0.01884494359333644,-0.00011956003645963165,0.01286921162353849,-0.00011956005103286316,0.012869211270256642,-0.0024849388269885253,-0.0017594618976488619,-0.002485227205085039,-0.0017595809957242636,0.0,0.0,0.0,0.0,0.0005377507856891839,0.0009412594541231556,0.0005377507829962269,0.0009412592366260242,0.0006372238722960333,0.0007999596643628593,0.0006372238698020283,0.0007999590902869613,0.0001038411071405676,0.0001766347116927136,0.0001038369340236045,0.0001766358452073291,-0.0002633085962671089,-1.9559087576226375e-05,-0.00026331510652255474,-1.9558268505193155e-05,0.0,0.0,0.0,0.0
103400000.0,0.31605200125778055,-0.1164016139358921,0.31605133916249883,-0.11640164985709589,-1.0650880841183081,-0.1700003249952573,-1.0650880834095062,-0.17000032513688268,-0.24082654383120428,0.685107793536119,-0.24082654346013754,0.685107793392163,0.0,0.0,0.0,0.0,-0.013630340924841278,-0.008408726453055237,-0.013630341014454928,-0.008408726463102312,-0.03101185391044936,-0.01443653687667279,-0.03101185463296474,-0.014436537531722138,0.017862043230515212,0.0465130852654454,0.01786204430053573,0.0465130858369065,-0.007246260588686937,-0.01531848223979182,-0.0072462606471717095,-0.015318482192967053,-0.07374561090600906,-0.032145505245438244,-0.07374562921599903,-0.032145505992957624,-0.06354344633511744,-0.01708413018771182,-0.0635434520009781,-0.017084127672561067,-0.059864312545386156,-0.0037691503456471764,-0.05986431530504177,-0.0037691476397156976,-0.06110054164938106,-0.007218666966096521,-0.06110054439134416,-0.007218665291091497,0.033642834102678876,0.01891598029449426,0.033642833340181255,0.01891598064348443,0.007551280807810201,-0.013589824958131658,0.007551669889934942,-0.013594808137725067,0.1056661277772335,-0.07711345790390567,0.10566612744099757,-0.07711345781066825,0.0,0.0,0.0,0.0,0.01400992510905752,0.012971552717999657,0.014009928541362626,0.012971552150119692,0.007548494750487578,0.010493365897161766,0.007548494370318792,0.010493365984402203,-0.0028212352735366153,0.0011602691309775537,-0.002821327976235466,0.0011605240570702335,0.0,0.0,0.0,0.0,0.0010080767508142685,0.0004079092012432284,0.001008076507460487,0.00040790925268652245,0.0009908919783043757,0.0002438283809595987,0.0009908913380201056,0.00024382851410109652,0.00020434740347496927,-1.1938808057720962e-06,0.00020434999548513133,-1.1904768513204544e-06,-0.0001486916307840147,0.0002176553774262402,-0.00014868836793624496,0.00021766059175831742,0.0,0.0,0.0,0.0
103700000.0,0.20098505396863686,-0.2692864505888366,0.200985129335983,-0.2692858242550784,-1.0808333960088277,0.13151444882991825,-1.0808333963864527,0.13151444814150182,0.04479571072918276,0.7286054793166841,0.04479571044654307,0.7286054789492198,0.0,0.0,0.0,0.0,-0.01608758476650962,0.0007930342807185298,-0.01608758475394012,0.0007930343657420735,-0.03383705860566266,0.005852854686068554,-0.033837059166522465,0.005852855524395295,0.0407198026600355,0.02794725541788523,0.040719803140646604,0.027947254226873497,-0.014911411154400867,-0.00866291221377935,-0.014911411086082182,-0.008662912167650916,-0.07908591675222709,0.016300198864868776,-0.07908591452294189,0.016300218002811562,-0.06194996171407041,0.022327731258556582,-0.061949958188762366,0.02232773669621224,-0.05143460028698854,0.030780040279822174,-0.051434597011827066,0.030780042611908698,-0.05433156232096081,0.028251047270444474,-0.05433156012721696,0.02825104965327796,0.03872664491834854,-0.0023695738291280577,0.03872664549562188,-0.002369573155661442,-0.00711937416232189,-0.013862083933148028,-0.007124639279950884,-0.013861771637081688,0.06597501076092982,-0.1131985441509471,0.06597501092630154,-0.11319854384974803,0.0,0.0,0.0,0.0,0.018717847766374973,0.002462700485139635,0.018717846681639116,0.002462696960222388,0.012338912435502891,0.004004495633097349,0.012338912628450771,0.0040044959954599335,-0.0005289562790267155,0.003013309051382862,-0.0005287382906260518,0.003013386752897418,0.0,0.0,0.0,0.0,0.0010473885485282608,-0.0003044647614558471,0.001047388675040395,-0.0003044645275167568,0.0009315861183480934,-0.0004109744751872313,0.0009315864532268847,-0.00041097385796717845,0.00010108031985822663,-0.0001770469759065918,0.00010108250135942853,-0.0001770506321463472,0.00011336220614310832,0.00023764118020608294,0.00011336528999095208,0.00023763611558536013,0.0,0.0,0.0,0.0
104000000.0,0.02226879600441123,-0.33508189357402784,0.022269368346577778,-0.33508206543513097,-1.011476196765372,0.42886171116455785,-1.011476197278327,0.4288617117800584,0.3256744381143406,0.6560008330367566,0.32567443783841554,0.6560008334613201,0.0,0.0,0.0,0.0,-0.012877768476357687,0.009820659515114016,-0.012877768410881174,0.009820659479856886,-0.02451873649702918,0.0241881566219746,-0.02451873558549522,0.02418815706442956,0.04897831346127646,-5.5793342568222215e-06,0.04897831212868908,-5.579712961889527e-06,-0.017492065927264377,0.0013436123975338887,-0.01749206590676522,0.0013436123094265895,-0.055305159478045596,0.05904329170618894,-0.05530514020252042,0.059043286344092394,-0.0380364755562681,0.053700503681412215,-0.03803647060512105,0.05370049921113207,-0.024922026188527013,0.0543929532459515,-0.02492202452830128,0.0543929494887152,-0.028902418769860105,0.05359436894548253,-0.02890241697858187,0.05359436630293146,0.031457996699856494,-0.023142214258797367,0.031457997130239335,-0.023142215047712966,-0.01551998467219562,-0.0017658557039794687,-0.01551891153235374,-0.0017604418068231098,0.015074874799708482,-0.13039878691017748,0.015074875022669687,-0.13039878713874486,0.0,0.0,0.0,0.0,0.016475083253531864,-0.00867118173282222,0.016475079698970774,-0.008671180124736111,0.012347385186352255,-0.004090517183982456,0.012347385463272076,-0.004090517480548783,0.0022741666598022903,0.002062240929447512,0.0022742402812454543,0.0020620599689351593,0.0,0.0,0.0,0.0,0.0006358732450379989,-0.0008900202498551835,0.0006358734195117677,-0.0008900204508961451,0.0004859475348908404,-0.0008922843089465005,0.00048594799580570225,-0.0008922848448094101,-0.00010254349466265467,-0.00017560753936152196,-0.00010254769414075326,-0.00017560822406892385,0.0002623641924799358,2.1561698687833086e-05,0.000262358238927618,2.15612856777625e-05,0.0,0.0,0.0,0.0
104300000.0,-0.16345845606503673,-0.2940031960712588,-0.16345870736790857,-0.29400370131051545,-0.8605021432576194,0.6980025058548307,-0.8605021425046857,0.6980025060497894,0.5558017094888683,0.4786501755003769,0.5558017099997556,0.47865017560344825,0.0,0.0,0.0,0.0,-0.005071734468295119,0.015467947531334403,-0.005071734513876436,0.015467947499885781,-0.006338416575090378,0.03392271321386886,-0.006338416249036527,0.03392271227335186,0.04009563135253558,-0.02748161692022677,0.04009563111104342,-0.027481615430446027,-0.013872568974548471,0.01121609847886873,-0.013872569070166207,0.011216098496120708,-0.011125217963879663,0.08012221984724022,-0.011125226414314682,0.08012220114282798,-0.0005313574608720728,0.06566419245012867,-0.000531362717069328,0.06566418821192599,0.010189008232501351,0.05877852132192629,0.010189004221537346,0.058778520534218615,0.006124653579945516,0.06017829562695454,0.0061246506978136495,0.06017829462196289,0.01399048416478621,-0.036794448705663285,0.013990483281261845,-0.036794448756396037,-0.010074716358538183,0.011964795937473127,-0.010069296489724877,0.011962930404195049,-0.038565742661610614,-0.12577198949193757,-0.03856574291734205,-0.12577198960059377,0.0,0.0,0.0,0.0,0.008337292164242172,-0.016306273657392012,0.008337294315388988,-0.016306270138343848,0.007538843099915482,-0.010628274667510595,0.007538842744708063,-0.010628274800126292,0.0029661558853035785,-0.0008299467842363129,0.0029660094423178407,-0.0008300259164712998,0.0,0.0,0.0,0.0,-5.19027214096468e-05,-0.0010955122725846422,-5.190296619161927e-05,-0.0010955123418057156,-0.00015934183515042832,-0.0010013214238568935,-0.0001593424854178238,-0.0010013216067363828,-0.0002027062571343663,1.2129815019079615e-06,-0.000202705379969359,1.217151904597813e-06,0.000150795523992997,-0.0002161018187081254,0.00015079794492578458,-0.00021609603126648835,0.0,0.0,0.0,0.0
104600000.0,-0.29809866068603696,-0.15885590022443807,-0.2980990905074137,-0.15885558710020575,-0.6382232819468072,0.9165097438553431,-0.6382232821330689,0.9165097431428961,0.6978762658886879,0.22554134241104862,0.6978762657804438,0.22554134191152286,0.0,0.0,0.0,0.0,0.004608874615399827,0.015692800752077574,0.00460887462516979,0.01569280078807367,0.014166840812855241,0.03150359435242933,0.014166839877738369,0.0315035941226256,0.017453151247728727,-0.04502738856493238,0.017453152892130674,-0.04502738851336119,-0.005140029655663625,0.01738770476248419,-0.005140029594777218,0.017387704846157703,0.037000735833878196,0.07175009987838621,0.037000718359905704,0.0717501111804495,0.03690976157265169,0.05403660633234608,0.03690975820079956,0.054036612144500396,0.04145237646483224,0.04258102788372753,0.041452376621364806,0.042581031822777504,0.038514574166761406,0.04606305883513073,0.038514574020418024,0.046063061649718406,-0.008288648255131648,-0.03886214298786683,-0.008288647869100885,-0.03886214219757278,0.004393034951057473,0.015007657494081172,0.004390374467988067,0.015002378206446565,-0.08598778019805309,-0.09998594335061739,-0.08598778017682207,-0.09998594312345688,0.0,0.0,0.0,0.0,-0.0024850300112433388,-0.017806832863271893,-0.0024850266142593114,-0.017806835578227265,-0.00022261033193871071,-0.013040071912655549,-0.00022261029493364504,-0.013040071572874012,0.0008750000471735575,-0.002960906155635712,0.0008749074721947636,-0.002960790001480973,0.0,0.0,0.0,0.0,-0.0007209884024703683,-0.0008300507021345993,-0.0007209883471688272,-0.0008300504706681977,-0.0007358227444882459,-0.0006946129328326833,-0.0007358225952529551,-0.0006946123199185195,-9.958501914297813e-05,0.0001755869407844557,-9.958142477017873e-05,0.0001755846455040455,-0.00011123062629536662,-0.0002395041333898007,-0.00011122605383206974,-0.000239509144066119,0.0,0.0,0.0,0.0
104900000.0,-0.3387257721803394,0.028897800734085877,-0.33872541423185254,0.028898150811983214,-0.36114739500245463,1.0655277742730789,-0.36114739548428787,1.0655277747913345,0.7296767391214445,-0.062074065217700536,0.729676738738398,-0.06207406492315215,0.0,0.0,0.0,0.0,0.012745604145422362,0.010363627575983969,0.012745604152264889,0.010363627532854025,0.029603345186139052,0.017798582565689003,0.029603345022053418,0.0177985834853871,-0.010954659628680474,-0.04676356578440277,-0.010954659822495216,-0.04676356755241784,0.005726556846887831,0.017505639576739895,0.005726556900363278,0.017505639478159196,0.07128210328080087,0.03727143658674947,0.07128211703920329,0.03727145228189954,0.060843970940247516,0.023277205229959463,0.06084397705057398,0.023277207681346113,0.05798537529560832,0.011737445905936283,0.057985378829869205,0.01173744490330364,0.05723760201507133,0.016506103599752464,0.057237604446079615,0.016506102983072424,-0.028370355541348147,-0.028438669990919152,-0.02837035504494878,-0.02843867075500839,0.014901281044508607,0.00464416061784334,0.014896286780491153,0.004647589741580305,-0.11920907361412247,-0.05722958699290359,-0.11920907347266763,-0.057229587126656156,0.0,0.0,0.0,0.0,-0.011978260339290614,-0.012934496168114151,-0.01197826362094645,-0.012934499327471372,-0.00790377327542302,-0.01037394607979536,-0.007903773034279027,-0.010373946265445966,-0.002047149425706607,-0.0023152488216737765,-0.00204705832810248,-0.0023151364217000037,0.0,0.0,0.0,0.0,-0.001082639936228702,-0.00020549956539639425,-0.001082639781337491,-0.00020549972745698142,-0.0010048665350623764,-0.00010113961850777287,-0.0010048661243118318,-0.00010114005510786228,0.00010204328810203833,0.0001729081258901033,0.00010203990034796107,0.00017290555717863754,-0.0002637454672367312,-2.4058387296577166e-05,-0.00026375244499377004,-2.4060849412421703e-05,0.0,0.0,0.0,0.0
105200000.0,-0.27041704164361136,0.21058347216568052,-0.2704167726251896,0.21058308516182933,-0.05077491353193153,1.1315024524830477,-0.05077491283272906,1.1315024525996336,0.6474330265293986,-0.3380710026512759,0.6474330269261444,-0.3380710024603246,0.0,0.0,0.0,0.0,0.016440619909324994,0.0013247865310006546,0.016440619849390714,0.0013247865673804426,0.0344420795440854,-0.002236659205067326,0.03444208045696939,-0.0022366590840334766,-0.03529365677892571,-0.03227192855720773,-0.03529365861273703,-0.03227192807565871,0.014874851602456829,0.011332693957811557,0.014874851481806672,0.011332693947608163,0.0793878643880177,-0.010340973272988663,0.0793878779061501,-0.0103409889859023,0.06296314340805509,-0.015360301927756836,0.06296314498002431,-0.015360308101676878,0.05428184487291077,-0.022822211972894024,0.05428184327255536,-0.02282221486181868,0.056249442832367436,-0.01810581486472529,0.05624944169513668,-0.01810581668264888,-0.03975722794134384,-0.008543910407098565,-0.03975722892251099,-0.00854391046436831,0.012100791516211018,-0.009790185682277297,0.012104935327997168,-0.009785613192008213,-0.13254718827702305,-0.004555270387683663,-0.13254718847657898,-0.004555270403074019,0.0,0.0,0.0,0.0,-0.01686901722236911,-0.003747054790736115,-0.01686902000995616,-0.0037470509849413247,-0.012501436594924087,-0.0036744093546303702,-0.012501436866394045,-0.0036744094388438953,-0.0030467012680261973,0.0005060707467521297,-0.0030465638962127173,0.000505998823769005,0.0,0.0,0.0,0.0,-0.0009791687535098959,0.0005105095874284871,-0.0009791689748652743,0.0005105095522281999,-0.0008563053117853769,0.0005319492400985837,-0.0008563059067725476,0.000531949146562738,0.0001994459436929219,-2.2157572061587416e-06,0.0001994446944735273,-2.2117367279861355e-06,-0.00015335856430453987,0.00021694118198922752,-0.00015335831350427043,0.00021694920829418152,0.0,0.0,0.0,0.0
105500000.0,-0.11215070341330602,0.32719025346638375,-0.11215110503066228,0.3271900646590922,0.26809567000689327,1.10751019165248,0.26809566972968213,1.1075101909692506,0.46577344151668143,-0.5593001137026334,0.46577344149958577,-0.5593001140922524,0.0,0.0,0.0,0.0,0.01435520569145865,-0.008249908150119722,0.014355205775267166,-0.008249908096985337,0.02701476093027111,-0.021408851233942983,0.02701476101402278,-0.02140885216000754,-0.04720151774862558,-0.006664634106783751,-0.04720151695978103,-0.006664632280802607,0.01895508097204157,0.0009024397832462228,0.018955081008911634,0.000902439905885899,0.05886175179329456,-0.05364210954337523,0.05886173467787614,-0.05364212065109086,0.04291408475051384,-0.048106262780464704,0.042914078689982205,-0.048106263582027964,0.03195245495034271,-0.04914596171779806,0.03195245279079728,-0.04914595984334369,0.03635127554003503,-0.046002301049526295,0.0363512744119987,-0.04600229970674263,-0.03851089721517553,0.014687516655357058,-0.03851089679235287,0.01468751764400622,-0.0013959541264654263,-0.015463344949665725,-0.0013919273216345118,-0.01546812406630238,-0.12358738697371052,0.04925289868958771,-0.1235873868525772,0.04925289889531825,0.0,0.0,0.0,0.0,-0.01571883953636899,0.006342312444814979,-0.015718835298919487,0.006342314734965271,-0.012229044283991186,0.004432895572278994,-0.01222904419844184,0.004432895847386931,-0.0011873922655780689,0.00284393334264621,-0.001187451557726149,0.0028437668195238075,0.0,0.0,0.0,0.0,-0.0004529833202013833,0.0010093173441134695,-0.0004529832265447453,0.0010093175612553296,-0.0003533968364521911,0.0009422109032470871,-0.0003533965876343359,0.0009422114872421616,9.693296060220291e-05,-0.00017261458989992207,9.693708977920323e-05,-0.00017261476438079626,0.0001116575116739682,0.00024187033233147304,0.00011166550236652029,0.00024186715427276795,0.0,0.0,0.0,0.0
105800000.0,0.08682565427290712,0.33807220453189757,0.0868255432019609,0.33807260744168843,0.5694198259776968,0.9940428675264883,0.5694198254841183,0.9940428681115492,0.21457124150190054,-0.6924306998793526,0.21457124121142357,-0.6924306997006369,0.0,0.0,0.0,0.0,0.007191080572738429,-0.014982045463611371,0.0071910806017001505,-0.014982045584744696,0.010050111548032703,-0.03291691087750337,0.010050110593127215,-0.032916910909520425,-0.04259407796016035,0.02115301602782438,-0.04259407621539424,0.02115301494444566,0.016352892555019594,-0.010154779031040562,0.016352892662489182,-0.010154779108034973,0.017602172023678975,-0.07724555046908677,0.01760216340543508,-0.07724553249167343,0.008114487432202111,-0.0636288282095876,0.00811448726750541,-0.0636288223632846,-0.001081596569207477,-0.05838171430767147,-0.0010815947139448667,-0.05838171279263804,0.004625685451919992,-0.05802778400122577,0.004625686710546972,-0.05802778347438675,-0.024604935181137932,0.03381354238347001,-0.024604934372995046,0.0338135415526466,-0.013598756167922943,-0.0074533232275797445,-0.013604068842994366,-0.007456697849391958,-0.09363370848564756,0.09511526069030651,-0.09363370832777917,0.09511526045456264,0.0,0.0,0.0,0.0,-0.009235631136469635,0.013857585084608104,-0.009235629429632297,0.013857580554912374,-0.007215936251952826,0.010782961444945727,-0.007215936047053617,0.010782961223682719,0.0017699070484837875,0.0025113305375157324,0.0017697081628327282,0.002511384631588953,0.0,0.0,0.0,0.0,0.0002705399907085848,0.0010745524708113408,0.0002705401475537883,0.001074552275454721,0.0002941628066182034,0.0009605794564322423,0.00029416322929165517,0.0009605789383186902,-0.00010018540223910577,-0.00016891420368381205,-0.00010018690626623084,-0.0001689179257766682,0.0002657906961829326,2.3786803822645197e-05,0.0002657848004403718,2.3779946275226393e-05,0.0,0.0,0.0,0.0
106100000.0,0.26098805699611916,0.23603237782333508,0.2609884487320713,0.2360324150879194,0.8281393094645111,0.7991509050606425,0.8281393102005268,0.7991509052733221,-0.06644892863896956,-0.7187236373374475,-0.06644892838570371,-0.7187236371957653,0.0,0.0,0.0,0.0,-0.002556031644246559,-0.01648384048037599,-0.002556031783903734,-0.016483840472872657,-0.010387888289713487,-0.032761340629036795,-0.010387888242682664,-0.03276133964199346,-0.02307728770958306,0.04148650136077947,-0.023077289050355887,0.041486499758718764,0.007818474665327813,-0.017886250039225615,0.007818474562832023,-0.017886250119147462,-0.029406200955016004,-0.07318006365181873,-0.029406182601810826,-0.07318005747062273,-0.029121272328623604,-0.05684812618586932,-0.02912126673207638,-0.05684812653522897,-0.033470152460516545,-0.04763822248398242,-0.03347015138782439,-0.047638224134772145,-0.02816124803968023,-0.05053653860846907,-0.028161247910347242,-0.050536539600472,-0.002128886927515339,0.04240616190958235,-0.002128888016002861,0.04240616139711051,-0.013777068089154909,0.007136483326291909,-0.013779705358999195,0.0071422092629518374,-0.047555052581579105,0.12517439490389393,-0.04755505288746775,0.12517439482824955,0.0,0.0,0.0,0.0,0.00015797175274201436,0.016398591178386823,0.00015796709398330222,0.01639859008196254,0.0005570236237986137,0.012919877893395437,0.0005570233310265849,0.012919877798765356,0.003058180260104848,-0.00015643038658197383,0.0030582376933736555,-0.0001561972507460041,0.0,0.0,0.0,0.0,0.0008796047491443915,0.0006763489350873897,0.0008796045014278775,0.0006763488689927044,0.0008176437791433955,0.0005809115751844729,0.0008176431247477467,0.0005809113938539667,-0.00019480469120480848,2.0469717867399595e-06,-0.00019480757062950715,2.0495332933023747e-06,0.0001529674448050855,-0.00021872933758970703,0.00015296266469277953,-0.00021872133325473442,0.0,0.0,0.0,0.0
106400000.0,0.3501723833805883,0.05255708609405474,0.3501723523378715,0.05255671726220612,1.0223903341189526,0.5379059216104878,1.0223903340631608,0.5379059208863879,-0.3342333523841887,-0.6361980040594517,-0.33423335238083496,-0.6361980042980804,0.0,0.0,0.0,0.0,-0.011474665820756513,-0.012197544014753703,-0.011474665776788129,-0.012197543875757333,-0.02709961781014414,-0.021083666188175698,-0.0270996168085631,-0.021083666338626017,0.004531128400536488,0.047182929458784884,0.0045311269827550404,0.0471829310098002,-0.0037498406993847766,-0.019433948814835844,-0.003749840751098077,-0.01943394870171744,-0.06558158196889963,-0.04332117079879083,-0.06558157808150611,-0.043321189121854786,-0.055936800304614565,-0.030421336809340005,-0.05593680108403731,-0.030421342159527853,-0.05429049563986865,-0.020753758074420148,-0.05429049704824962,-0.020753758934290545,-0.051185581037302086,-0.0263517545684806,-0.05118558172300425,-0.026351754530978155,0.02181496410516104,0.037204882232231284,0.021814963903878493,0.03720488341299699,-0.001744371999940597,0.015447538176942999,-0.0017383672143012063,0.015449377416288712,0.006969838735940925,0.13414781900324613,0.006969838745568779,0.13414781933053632,0.0,0.0,0.0,0.0,0.009224987936285345,0.013308515998758708,0.009224987413134045,0.013308520637835386,0.008052643733364562,0.010052730460287762,0.008052643747994637,0.010052730756768824,0.001498566816103164,-0.002660592656894778,0.0014988341268349359,-0.0026606630129464293,0.0,0.0,0.0,0.0,0.0011106478242410844,-1.4751799511714125e-05,0.0011106478448965618,-1.4751552171787807e-05,0.0010007271935279505,-3.814409977564992e-05,0.001000727243599897,-3.814344948693815e-05,-9.525765301532374e-05,0.00016823204505556077,-9.525443683600088e-05,0.00016823378523156407,-0.00011341715348578418,-0.00024118604282818978,-0.0001134079622460149,-0.00024118398839334532,0.0,0.0,0.0,0.0
106700000.0,0.3217904841963559,-0.1509293902979323,0.32179014911671544,-0.15092929824484713,1.1354763021725276,0.23121119085107011,1.135476301567607,0.231211191080277,-0.5489452821080718,-0.4591557286047987,-0.5489452822777565,-0.4591557285256016,0.0,0.0,0.0,0.0,-0.016430373572639212,-0.003589969266570847,-0.01643037344742737,-0.0035899693376677533,-0.034264660304039296,-0.00203144406117417,-0.034264660570876515,-0.002031445045389546,0.030495320975873597,0.03618363767347432,0.030495322691152182,0.03618363888305964,-0.014298407667098445,-0.014081488487789784,-0.014298407554655057,-0.014081488458401736,-0.07842487793546127,0.0016070617504340134,-0.07842489591238433,0.0016070599642716843,-0.06323966190826269,0.0063841750556719035,-0.0632396670224793,0.006384176220450399,-0.056604333098128734,0.013118463987908058,-0.05660433391656028,0.013118465235407939,-0.057020963787039136,0.006350785563313366,-0.05702096375795662,0.006350786018600729,0.039289178270436764,0.019388485134726352,0.039289179423739995,0.0193884850871342,0.011906895064583978,0.010050850085491447,0.011907902399698855,0.010044710012820701,0.0607058129657716,0.12028213474349059,0.060705813278083554,0.1202821346666667,0.0,0.0,0.0,0.0,0.014958977354474712,0.005771247099190191,0.014958981866683985,0.005771247129345625,0.012377773583317264,0.00334298059540572,0.012377773839403972,0.003342980508151072,-0.0014428821235767941,-0.002685075416110294,-0.0014429755433624791,-0.002685374147034736,0.0,0.0,0.0,0.0,0.0008628128807259827,-0.0007008416444307386,0.0008628130925245614,-0.0007008417210556672,0.000768804673548118,-0.0006394667309024271,0.0007688052268619572,-0.0006394669325686664,9.69394119891831e-05,0.00016571740228243925,9.693989002101944e-05,0.000165714004452866,-0.00026482566488539305,-2.1751150768523075e-05,-0.0002648265890670132,-2.1760429348205435e-05,0.0,0.0,0.0,0.0
107000000.0,0.18425079520606857,-0.3043642522107035,0.1842509390222702,-0.30436396042446745,1.1574095582236765,-0.09594460357838841,1.157409558503197,-0.09594460311475927,-0.6796084278112247,-0.21541307977774693,-0.6796084277204599,-0.2154130796851632,0.0,0.0,0.0,0.0,-0.01565619278636632,0.006355198767195702,-0.01565619286994746,0.0063551986589800435,-0.029413011709614523,0.017729059536009117,-0.02941301264038998,0.017729059912412026,0.04557073166108694,0.012360491271351748,0.04557073265157641,0.012360489429937616,-0.020037869095560268,-0.003553681914553408,-0.020037869078613824,-0.003553682023749616,-0.06360088941448794,0.04585194992715458,-0.0636008893066986,0.045851967325305054,-0.04862782951444444,0.040896582650120195,-0.04862782798266352,0.04089658752458547,-0.03965510164282904,0.04255831297942336,-0.03965510042210951,0.0425583138184038,-0.04390715738901463,0.03676225861927662,-0.043907157037494926,0.036762258668716186,0.0441501706630163,-0.005552759027082743,0.044150170461371374,-0.005552760111172006,0.014986062608691952,-0.004354000557597715,0.014979934604895107,-0.004354170298014992,0.10441975948243254,0.0857282856258621,0.10441975936732462,0.08572828534273924,0.0,0.0,0.0,0.0,0.015499305280343378,-0.0036150504078023005,0.015499304912573564,-0.003615054742184043,0.011906377102150145,-0.004578515439973785,0.011906376991603906,-0.004578515645349057,-0.0030386072750800963,-0.00021781825616074002,-0.003038931477362894,-0.00021769201292443086,0.0,0.0,0.0,0.0,0.00024227662204623357,-0.001085371409317304,0.0002422765273308869,-0.0010853715753569304,0.00021926428978957802,-0.000974236264795536,0.00021926403871930233,-0.0009742366993492624,0.00019081544849797183,-5.47271596929022e-07,0.00019081234088247356,-5.465471701882052e-07,-0.0001503996051468448,0.00021770091774442335,-0.0001504078568146383,0.00021770464294945668,0.0,0.0,0.0,0.0
107300000.0,-0.01523510473420231,-0.35490274398773636,-0.015234863864463932,-0.3549029284520486,1.0858643674101245,-0.41663513004225194,1.0858643677862858,-0.4166351302876308,-0.7081831927959783,0.05816832870645783,-0.708183192745885,0.05816832865031074,0.0,0.0,0.0,0.0,-0.009370449812607262,0.014165570323797283,-0.00937044990618574,0.014165570409005568,-0.014232469303550488,0.031309003139512015,-0.014232468838642376,0.03130900399106906,0.04435583198036852,-0.015772402920021023,0.04435583004613619,-0.015772403680429647,-0.018791600466499858,0.008541582799225012,-0.018791600573926814,0.008541582788041069,-0.026288575033596828,0.0739527663617281,-0.026288558380102245,0.07395276455787325,-0.017118941990268866,0.06125616724000338,-0.017118937379038357,0.06125616535639722,-0.009096431906350233,0.05759860648288395,-0.009096431084245182,0.05759860518121229,-0.016227570152103965,0.05489433143577571,-0.016227570048165774,0.05489433108709818,0.03425928980108495,-0.02944309129067335,0.0342592887627049,-0.029443091004310418,0.0046617127426671345,-0.01489201026672049,0.004662357761951341,-0.014886039869452361,0.130485048669982,0.03624717403199895,0.1304850484119342,0.0362471741618009,0.0,0.0,0.0,0.0,0.010704019395213038,-0.011660465337172354,0.010704015243369724,-0.011660464646539026,0.006884886088307951,-0.010656971211901123,0.0068848859138057605,-0.010656971112652514,-0.0018085510864125354,0.0024525358916775986,-0.0018083838975542221,0.002452876372899482,0.0,0.0,0.0,0.0,-0.0004832305748578847,-0.0010017675296012385,-0.00048323071281686225,-0.001001767442389223,-0.0004194823186409735,-0.0009047994335986687,-0.0004194826788008754,-0.0009047992058413001,9.484381811830644e-05,-0.00016440124331040806,9.484552182215111e-05,-0.00016439882737984135,0.00011269016330572867,0.0002379951221769261,0.0001126961089923384,0.00023800138598062404,0.0,0.0,0.0,0.0
107600000.0,-0.20815808904814048,-0.2862478257997907,-0.2081583015733557,-0.28624801068183103,0.9264397297467326,-0.704345737253675,0.9264397295478091,-0.7043457376277473,-0.6316895634143762,0.3211389667181095,-0.6316895634326372,0.32113896665654806,0.0,0.0,0.0,0.0,0.0002836238176371353,0.017078329425686434,0.0002836239033214838,0.01707832951022681,0.006014852424598871,0.033941812739143984,0.0060148531896544455,0.033941812213754474,0.027322578992773572,-0.03810567746732829,0.027322578479022752,-0.038105675474383816,-0.010802971161787411,0.017942239213056155,-0.010802971166903319,0.017942239323318177,0.020530774945626717,0.07593765733471969,0.02053077162139516,0.07593764154782434,0.02049389826256487,0.060356897897761996,0.020493896057772076,0.060356893583346505,0.024804146757446688,0.053003509565982654,0.024804145348390705,0.05300350884635918,0.016899817568678088,0.05474823552857799,0.016899817200581424,0.05474823543886487,0.012443975829299347,-0.044106807500426726,0.01244397619404225,-0.04410680645713683,-0.009807019552980023,-0.012101529149390444,-0.0098013448152372,-0.012102938327871016,0.1342481803277522,-0.019730444684782356,0.13424818046581777,-0.019730444438195605,0.0,0.0,0.0,0.0,0.0022227543432578045,-0.015603641618582742,0.002222755320829606,-0.015603637633958556,-0.0007020758310147812,-0.012597253896359462,-0.0007020757484426099,-0.012597253721480683,0.001110456920251579,0.0028393210553616655,0.0011108017961234395,0.002839107733052515,0.0,0.0,0.0,0.0,-0.0010002361582905905,-0.0004859106660717316,-0.0010002360844580949,-0.00048591052861013395,-0.0008829502531071398,-0.0004611295496914636,-0.0008829500606708507,-0.00046112919255847373,-9.418880418365916e-05,-0.00016372442549084099,-9.418736120636595e-05,-0.00016372676388698437,0.0002611532931524607,2.1782804211056828e-05,0.0002611568988442059,2.1775531820367178e-05,0.0,0.0,0.0,0.0
107900000.0,-0.32982416788063773,-0.12343702831506675,-0.3298242947447534,-0.123436801098876,0.6921995398639282,-0.935300612059109,0.6921995394310798,-0.9353006118502236,-0.46225043439847724,0.5351696799975372,-0.46225043451172354,0.5351696800137944,0.0,0.0,0.0,0.0,0.009957668008574672,0.014006290776237051,0.00995766808969023,0.014006290685202316,0.02426814255433385,0.02462546708886748,0.024268141990908987,0.024625466402270035,0.0006862199536854519,-0.046645051212820476,0.0006862219631145194,-0.04664505096366156,0.0012846600564344612,0.021217314452812275,0.001284660172750307,0.021217314446715818,0.060365595134236116,0.05081954532508348,0.06036558031570394,0.050819550020790416,0.05118574075532223,0.038307346029156975,0.05118573676552529,0.038307348509491135,0.050484066648188275,0.030098628169795916,0.05048406609416389,0.030098629630131768,0.04450889530365032,0.03626954851468156,0.04450889527105062,0.036269548846107114,-0.014246759364155537,-0.044221617546185144,-0.014246758290568096,-0.04422161804137659,-0.015462497487817473,0.0014501252028935596,-0.015464594369547058,0.0014448711945078685,0.11490064092564012,-0.07254521956949134,0.11490064116903653,-0.07254521972430439,0.0,0.0,0.0,0.0,-0.006998981435280882,-0.014053241049168719,-0.006998977612148849,-0.014053242315497982,-0.007929228387538956,-0.009723165955634272,-0.00792922818850883,-0.0097231660445658,0.0029944182677681397,0.0005712978591390083,0.002994157580538115,0.0005709620231897361,0.0,0.0,0.0,0.0,-0.0010853999550732851,0.00023923539708903263,-0.0010853998002104959,0.00023923531934144648,-0.000980010031305767,0.00017222559914387148,-0.0009800096281935566,0.00017222539568706452,-0.00018800371795180126,-4.811924299019665e-07,-0.00018800628083681659,-4.815337746322257e-07,0.00014945526614695837,-0.00021391122685088249,0.00014944773796088384,-0.00021391188957409213,0.0,0.0,0.0,0.0
108200000.0,-0.3415006614424101,0.07771676923256621,-0.34150043279255016,0.07771683929037465,0.4025310089034875,-1.090544400610014,0.40253100921179197,-1.090544400128863,-0.2251566473164317,0.6693137579585908,-0.22515664724750195,0.6693137581193724,0.0,0.0,0.0,0.0,0.016243173828073054,0.0059435910890925925,0.016243173723978543,0.005943591012766092,0.03407579180871778,0.006522167312908778,0.03407579118591286,0.006522167905927745,-0.02589279927375543,-0.03845781646884916,-0.025892799299747082,-0.03845781843963891,0.013286694250858488,0.017003997742548904,0.013286694224852624,0.017003997623561418,0.07885389840115664,0.007202987186261112,0.0788539043377483,0.007203000939455251,0.06410146677966821,0.002573307471550379,0.06410146948147855,0.002573311128003297,0.058953655965247265,-0.003492209076313202,0.058953657379561264,-0.0034922086780539985,0.057319604966956206,0.005467407196164231,0.05731960517356782,0.005467407204832853,-0.03683380526300084,-0.02929952631360777,-0.03683380596379493,-0.02929952738149666,-0.007361387296668909,0.01361994296117075,-0.007366113579394096,0.01362262828328653,0.07567830928740449,-0.11300462979180281,0.07567830909906803,-0.11300463002430661,0.0,0.0,0.0,0.0,-0.01369620197937138,-0.007531613893064559,-0.013696203555340958,-0.007531617528428569,-0.01206221267771923,-0.0031958620220109424,-0.01206221280882147,-0.0031958622379733015,0.002072985662124438,-0.0022294347241142987,0.002072672302020351,-0.002229129859671275,0.0,0.0,0.0,0.0,-0.0007023196242670338,0.0008602557146417666,-0.0007023197335982445,0.0008602555464989337,-0.0006715299028954291,0.0007329532147650752,-0.000671530191212355,0.0007329527756212428,-9.397000192734595e-05,0.00016176340515983156,-9.396927329419213e-05,0.00016176578206739123,-0.00010927942773975019,-0.00023602646676579297,-0.00010927727888088157,-0.00023601977170528698,0.0,0.0,0.0,0.0
108500000.0,-0.24179617523261498,0.25084382055641186,-0.2417961576626766,0.25084360268212436,0.08143158290090469,-1.157579717778546,0.08143158334777212,-1.1575797182494227,0.04475218377115198,0.7042131468001003,0.04475218393315572,0.7042131466380965,0.0,0.0,0.0,0.0,0.016862771490110617,-0.004339482623549884,0.01686277142736259,-0.004339482503198155,0.031859028143202295,-0.014056658733849758,0.03185902877473268,-0.014056658166680336,-0.04289450667064898,-0.016701773456134106,-0.04289450853518417,-0.01670177316526633,0.020905789409148667,0.006562743841243446,0.020905789295269983,0.0065627438907682745,0.06896652437426098,-0.03942526292901505,0.06896653695733335,-0.03942526998385176,0.05441478686761769,-0.03439425824699072,0.05441479020502271,-0.03439426112775834,0.04697670623306749,-0.036256915731243566,0.04697670656789654,-0.03625691703082623,0.05084608865450235,-0.0274261010159762,0.05084608875466756,-0.027426101045350038,-0.04747946217595711,-0.004021955378746611,-0.047479463136632205,-0.004021954428594654,0.007203425152709997,0.013663584302946674,0.00720658095502813,0.013667698351582658,0.023331456669950512,-0.13402536282546862,0.023331456473179912,-0.13402536259498277,0.0,0.0,0.0,0.0,-0.015455284762012411,0.0016329031968354002,-0.015455288146490886,0.0016329050893943986,-0.011583336307474212,0.004466232960410821,-0.011583336505673003,0.004466233157117472,-0.0007840740661464451,-0.0029323803499607948,-0.0007837323996824352,-0.0029321012528384927,0.0,0.0,0.0,0.0,-1.7157194470485138e-05,0.0011091414096000562,-1.7157348338514566e-05,0.0011091415691879547,-8.596946562988705e-05,0.0009895206039374216,-8.596986823761199e-05,0.0009895210306893887,9.268731633937932e-05,0.00016129187113733678,9.268914999438493e-05,0.0001612902456855636,-0.00025839760147761126,-2.4333265187692632e-05,-0.00025839269084571015,-2.4337704005006344e-05,0.0,0.0,0.0,0.0
108800000.0,-0.0649935940848323,0.34076284233137244,-0.06499379085799717,0.3407628702990877,-0.24460845791238484,-1.1314082248093058,-0.2446084585395667,-1.1314082250972035,0.30793788289950896,0.6347632537887478,0.30793788264199407,0.634763253697983,0.0,0.0,0.0,0.0,0.011499665596403474,-0.013230580253477342,0.01149966572926786,-0.013230580217509669,0.018252146356168453,-0.029801576445407818,0.018252146861939877,-0.029801577131692625,-0.0444122451179112,0.010635962905951146,-0.04441224459642967,0.01063596459491123,0.021258076708562612,-0.00657058498927654,0.021258076779758994,-0.006570584893594855,0.03387833978732857,-0.07207410394774172,0.033878331747757784,-0.07207411524838392,0.025259286973920325,-0.05942003652920391,0.025259283933223742,-0.05942003956765518,0.01841361707678857,-0.056689822737382656,0.018413615877840073,-0.056689823143869944,0.027040198629585177,-0.05127749670705839,0.027040198742760424,-0.05127749705451379,-0.04224342996948849,0.023246362114520025,-0.042243428796453486,0.02324636283451298,0.015344652726675179,0.0016196923585454215,0.01534809602971876,0.0016161977099216074,-0.03305222763025739,-0.13191438194616012,-0.033052227367548426,-0.13191438181699766,0.0,0.0,0.0,0.0,-0.01164705268171673,0.010109516353324466,-0.01164705049917103,0.01010951940300231,-0.006733510669853615,0.010360339196296309,-0.0067335104101218235,0.010360339326311419,-0.002887375446263718,-0.0008929621865974013,-0.002887139335022937,-0.0008933300088500573,0.0,0.0,0.0,0.0,0.0006736309207866498,0.0008792870334559666,0.0006736311296435815,0.0008792871332019558,0.0005341760753339031,0.0008365814442186092,0.0005341766327049413,0.0008365817058546554,0.00018480120760955288,1.7585108480488998e-07,0.00018479896547773933,1.748177709259835e-07,-0.00015083888055045236,0.00021085509627027932,-0.00015084478080495956,0.00021085265537124087,0.0,0.0,0.0,0.0
109100000.0,0.13126317641389562,0.3199740153289383,0.1312632410547323,0.3199741831567735,-0.5489224059327285,-1.0148849030848908,-0.5489224059568087,-1.014884902394158,0.5256668758677847,0.4709071132338494,0.5256668759082856,0.4709071135406191,0.0,0.0,0.0,0.0,0.001960893295191113,-0.01753674007511563,0.0019608932912618116,-0.01753674021043139,-0.002007213671774366,-0.03499964811625489,-0.002007214424217807,-0.03499964854069049,-0.030199941584278633,0.03374269010221553,-0.030199940123907254,0.033742689409422155,0.013965558965267633,-0.017758723547700583,0.01396555903180996,-0.017758723631715156,-0.0138116901013845,-0.07853621806505373,-0.013811700004701777,-0.07853620919830462,-0.013134559269659007,-0.06335931030591269,-0.013134562019594398,-0.06335930709965965,-0.016904770760838517,-0.057391867346126446,-0.01690477135041135,-0.05739186613399738,-0.006186762995099571,-0.05782915926575072,-0.006186763712918264,-0.05782915938196709,-0.02252909113590107,0.04326257534266631,-0.022529090768685478,0.04326257405629974,0.009878515239726937,-0.011853688683970631,0.009874821310702941,-0.011856431106352261,-0.08366075811694884,-0.10704284896249305,-0.08366075808122986,-0.107042849226616,0.0,0.0,0.0,0.0,-0.003711155392572607,0.014810494146857422,-0.003711152755705882,0.014810491747226706,0.0006117625036594632,0.012289196338215902,0.0006117625229862256,0.012289196054837248,-0.0022834616917108974,0.0019561639238361295,-0.0022838431482625765,0.0019559755755693686,0.0,0.0,0.0,0.0,0.0010719203930520393,0.00027127700198548155,0.0010719204067584087,0.0002712767735744137,0.0009327050591707575,0.0003380314829399822,0.0009327050909035961,0.00033803087465855697,9.166943664240534e-05,-0.00015882372525766186,9.16693363777199e-05,-0.000158821207421056,0.00010653665658821865,0.00023623248382875772,0.00010653701522045367,0.000236238837686642,0.0,0.0,0.0,0.0
109400000.0,0.28421523187991937,0.19605628094824112,0.2842153657020745,0.19605618956728676,-0.8069618763761568,-0.8183653041783145,-0.8069618757734531,-0.8183653044551704,0.6655018538557442,0.2364167627305278,0.6655018541297082,0.2364167625350717,0.0,0.0,0.0,0.0,-0.008413104026054441,-0.015638850923380687,-0.00841310414424612,-0.015638850879469146,-0.02168720049049,-0.027654244838032582,-0.021687200798545803,-0.027654244026066976,-0.0055989160532732285,0.044538768938892304,-0.0055989168381245236,0.044538767730671225,0.0013999451409745234,-0.022890914173075316,0.0013999450597879104,-0.022890914207295054,-0.05654897477818821,-0.05618885914009297,-0.056548965273456986,-0.05618885074167679,-0.04699083378645952,-0.04458450228561617,-0.04699083039447771,-0.04458449984505819,-0.046540304412083344,-0.037867518566415015,-0.046540303006892714,-0.037867517774330395,-0.03753882284841126,-0.04463707982517917,-0.037538822758520496,-0.04463707871263978,0.00529528894659137,0.049052910644732606,0.005295287714197627,0.0490529106639741,-0.004381195864979759,-0.014801502150675105,-0.004383236737744767,-0.014797750243971564,-0.1197079840231936,-0.06378193021380696,-0.11970798424113838,-0.06378193015252975,0.0,0.0,0.0,0.0,0.005381299536708184,0.0140841055823131,0.005381297027845733,0.01408410339908528,0.007666380674194784,0.009566622635233557,0.007666380432645781,0.009566622740308617,0.00043039203634265277,0.002960133270789811,0.0004302520793686426,0.0029605155506544634,0.0,0.0,0.0,0.0,0.0010069311759153265,-0.0004512446272570969,0.0010069309784057623,-0.00045124454285883075,0.0009453422617298202,-0.0002997570516072301,0.0009453417344786885,-0.0002997568232814274,-9.10144754939779e-05,-0.00015735480933187773,-9.101203272621206e-05,-0.00015735564200269891,0.0002577506761127779,2.6197976524144906e-05,0.00025775643648984214,2.619488041943896e-05,0.0,0.0,0.0,0.0
109700000.0,0.3450077921249033,0.008861905413255045,0.3450076841689196,0.008861807871170413,-0.9983576520306912,-0.5586955122955146,-0.9983576525468578,-0.5586955126545661,0.7060793259082345,-0.034264180043592773,0.7060793255879005,-0.03426418019844846,0.0,0.0,0.0,0.0,-0.015913150246618102,-0.008116603710902837,-0.015913150171073198,-0.008116603627698282,-0.03365598440777262,-0.010308781523178823,-0.033655983563484426,-0.010308781362937225,0.02051936671076504,0.039480752942907316,0.020519365745755636,0.039480753740818386,-0.012061841146007168,-0.01990109824508579,-0.012061841153702346,-0.019901098181449584,-0.07844508642229897,-0.013233787617750181,-0.07844507960903258,-0.013233797533672487,-0.06402367386787944,-0.009761723407109457,-0.06402367178861113,-0.009761726991854403,-0.059908511213443205,-0.004872346429849017,-0.059908510318678054,-0.004872348200649412,-0.05620393805160262,-0.01606068853790532,-0.05620393664596435,-0.016060689038582154,0.031970231636663016,0.03832264602273483,0.031970231980295694,0.038322647033041335,-0.014748766114912826,-0.004547904520194379,-0.01474509290788717,-0.00454653668600713,-0.13499382839970764,-0.009712531023865267,-0.13499382826332607,-0.009712530897502347,0.0,0.0,0.0,0.0,0.0122905603862975,0.008337719230226526,0.012290558647734429,0.008337721729787972,0.011780162126719063,0.0032533878788711945,0.011780162329358745,0.003253388013618519,0.0027182190499672743,0.0012162488120566195,0.00271859048189782,0.0012163434498404513,0.0,0.0,0.0,0.0,0.0005086507577019006,-0.0009762085633155948,0.0005086509195777467,-0.0009762084462039411,0.0005672575012312109,-0.000813267702937992,0.0005672579362538954,-0.000813267389446537,-0.0001800526606814401,1.210237883242371e-07,-0.00018005430425915847,1.1897066087840358e-07,0.0001514891782221639,-0.00020995332459960991,0.0001514837798310964,-0.00020995754822195067,0.0,0.0,0.0,0.0
110000000.0,0.29368732941776443,-0.1815004543004477,0.293687267888302,-0.1815003394362833,-1.1085643644869663,-0.2576564787417084,-1.1085643645059378,-0.2576564781292774,0.6404960166143923,-0.30080390800358714,0.64049601663163,-0.30080390763494336,0.0,0.0,0.0,0.0,-0.017797783160105496,0.0024083349936603327,-0.017797783122546207,0.002408334902355591,-0.03352031393220045,0.010805232678166021,-0.03352031393662003,0.010805231847015762,0.038965278649584434,0.020666205614944033,0.03896527939765804,0.020666206372453644,-0.021555875330818708,-0.009610005178188885,-0.021555875293870486,-0.009610005185308523,-0.07142364998443895,0.034329999409109746,-0.07142366005838596,0.034329994216676596,-0.058038402229612984,0.02851895651278369,-0.05803840597900489,0.028518954869710456,-0.052170024754119027,0.02993426747954686,-0.052170026984384776,0.029934266678523613,-0.055660765100725484,0.01814927926626808,-0.05566076613403936,0.018149277773758854,0.048416906740698096,0.01432075359134899,0.04841690741942273,0.014320753067025294,-0.011929382354153972,0.009759558658032574,-0.011928631576523685,0.009756090007570606,-0.126986616354543,0.04573915373863713,-0.12698661634779285,0.04573915357127589,0.0,0.0,0.0,0.0,0.014597832709242198,-0.00017927910995751972,0.014597835102435397,-0.0001792777621147934,0.011423110212717802,-0.00425255809611258,0.011423110201121744,-0.00425255833620497,0.002475322984381023,-0.0016376512847955382,0.002475378143742546,-0.0016380023477751138,0.0,0.0,0.0,0.0,-0.00020599424479428308,-0.0010782883838516,-0.00020599423878309153,-0.0010782885774034412,-4.517999941811013e-05,-0.0009905283032622947,-4.5179982677723274e-05,-0.000990528822043757,-8.919943732621505e-05,0.00015434641495915002,-8.920086008856742e-05,0.00015434865051133784,-0.00010609841625353056,-0.00023568660742512293,-0.00010610038890490614,-0.00023567964898063565,0.0,0.0,0.0,0.0
110300000.0,0.14609084538446382,-0.3130439960275595,0.14609095853437282,-0.3130439681199704,-1.1299538947468335,0.059977984746907964,-1.1299538942152765,0.059977984424051556,0.47773527439106545,-0.5228338348079689,0.4777352747122876,-0.522833834997428,0.0,0.0,0.0,0.0,-0.01331263047185871,0.012183077259535935,-0.01331263055747911,0.012183077268673514,-0.021291536154322444,0.02803064820378154,-0.02129153692222019,0.028030648365657385,0.04343584243487442,-0.005052783891741797,0.043435843038707844,-0.0050527845566819,-0.023501002174171504,0.004462223874369897,-0.023501002179642683,0.004462223864862835,-0.03832491790676329,0.06885767538534537,-0.038324921501484255,0.06885768534937142,-0.031264706172649426,0.05640442800135759,-0.03126470730857989,0.05640443184107369,-0.02603800464686401,0.05419776240400154,-0.026038005124959795,0.054197765059058156,-0.036019127552876284,0.04622054784472596,-0.03601912888726133,0.046220549399919264,0.04879797897122273,-0.015132749011073088,0.04879797844589007,-0.015132749346634,0.00153177494236445,0.015292763979431356,0.001528620177225548,0.015292549883980655,-0.09723520638652872,0.09298168498347081,-0.09723520653162154,0.0929816850974845,0.0,0.0,0.0,0.0,0.011671630453847115,-0.008310069792656805,0.011671631492518486,-0.008310072025295767,0.006750041658889927,-0.010116853900342448,0.006750041453869926,-0.01011685374191984,-5.682266518647339e-05,-0.002960968527361274,-5.714644093757215e-05,-0.0029609916833663874,0.0,0.0,0.0,0.0,-0.0008278630173919055,-0.0007158746048929743,-0.0008278631845684004,-0.0007158744997184385,-0.0006390150509503201,-0.0007584168589716,-0.0006390155017470533,-0.0007584165777672069,8.786565284424341e-05,0.00015307673041320413,8.78682011489218e-05,0.00015307738169667573,-0.00025641111372465275,-2.553886449163656e-05,-0.000256403535971117,-2.5539536949281683e-05,0.0,0.0,0.0,0.0
110600000.0,-0.05006357870470879,-0.341882578284725,-0.050063580392389895,-0.34188268250353815,-1.0622804844344245,0.3685813065004595,-1.0622804850073777,0.3685813061935619,0.24177168161658358,-0.6660897827020023,0.24177168130472637,-0.6660897828994479,0.0,0.0,0.0,0.0,-0.004002170291599327,0.017672823365160184,-0.004002170247318304,0.017672823427204776,-0.0014109018900825276,0.03511532942181361,-0.0014109016018721832,0.03511533008239098,0.03262770692305139,-0.02856086671603464,0.03262770634772494,-0.028560867220065234,-0.016966924488698965,0.017296086579648318,-0.01696692447846715,0.017296086569615454,0.008305285072225388,0.0778069471984395,0.00830529466720975,0.07780694928139553,0.006506327725006145,0.06391238655665177,0.006506331541729082,0.06391238714414271,0.009204418078226695,0.05934465961954061,0.009204421002380059,0.05934465959397528,-0.004011768182209607,0.05847920892060188,-0.004011766244076398,0.05847920989334909,0.03256623493112443,-0.04016325656345998,0.03256623485255261,-0.040163256190737684,0.013530019513581237,0.007157196533725596,0.013530241656027897,0.0071599495036878125,-0.05104893523487419,0.12394279481218007,-0.05104893502665675,0.12394279488901816,0.0,0.0,0.0,0.0,0.004787976151149564,-0.01320710577387274,0.004787974088927172,-0.013207106583848827,-0.0004606021447415287,-0.012130155689519029,-0.0004606018794248712,-0.01213015558180075,-0.002528458746624551,-0.0015334725215296885,-0.0025284579681823516,-0.001533180426463332,0.0,0.0,0.0,0.0,-0.0010897261962696803,-4.7980827332594345e-05,-0.0010897260088427174,-4.798073277356707e-05,-0.0009690108073812098,-0.00021271808246581259,-0.00096901030792651,-0.00021271782540566164,0.0001748179410441253,9.508451910278382e-07,0.00017481779150330112,9.482853045028605e-07,-0.00014938169252332045,0.00020852286571937384,-0.00014938503281314297,0.00020851568065438641,0.0,0.0,0.0,0.0
110900000.0,-0.2299004182086719,-0.25758371292387494,-0.2299005078665317,-0.2575836868129926,-0.9125025037816812,0.6438154248075278,-0.9125025038005674,0.6438154254773281,-0.03169934101568117,-0.7079162900355982,-0.031699341057333186,-0.7079162896855848,0.0,0.0,0.0,0.0,0.0068204188201690386,0.016855351113932215,0.006820418849187604,0.0168553510483207,0.018891407202445976,0.029525291465162695,0.018891407733036658,0.029525291093221995,0.010583439823619756,-0.04168331968013206,0.010583439379303172,-0.041683319180634726,-0.004105186738655675,0.024177405189078627,-0.004105186769109537,0.02417740517185507,0.05115176385908171,0.05835639087432298,0.05115176457746884,0.0583563818752566,0.04160531415475077,0.048549375993616195,0.04160531420609459,0.04854937232794043,0.04108270516040591,0.04364150040203185,0.04108270456400476,0.04364149743535961,0.029361102367744252,0.050722900561808615,0.0293611028866394,0.05072289845665523,0.004805524586743104,-0.05211672892264119,0.004805524729434296,-0.05211672895308084,0.013390397731100734,-0.007261261318134871,0.013392686206827875,-0.007261804538700289,0.0034800091242885856,0.1334560047677229,0.0034800091090545493,0.13345600450961115,0.0,0.0,0.0,0.0,-0.0034637472129048774,-0.013326857350023147,-0.003463747849920651,-0.013326855435906282,-0.007474322857461857,-0.009538908781635769,-0.007474322874884365,-0.009538909090835546,-0.002642659353853105,0.0013174865077161257,-0.0026424012460637414,0.0013174697313758088,0.0,0.0,0.0,0.0,-0.0008814034327997433,0.000635770261155244,-0.0008814034316202424,0.0006357700390537957,-0.0008987329653109555,0.0004213665446570758,-0.0008987329569976055,0.0004213659569529682,8.796192022941796e-05,-0.00014927836841138742,8.79596307470365e-05,-0.0001492774970586197,0.000105398998314854,0.00023219371797722488,0.00010539315083235579,0.00023219938317708966,0.0,0.0,0.0,0.0
111200000.0,-0.3330794602891558,-0.08791251920385434,-0.3330794156214125,-0.08791244809627585,-0.6940050621160196,0.8645870389007229,-0.6940050614996522,0.864587038661881,-0.3005737269082829,-0.6411870010206542,-0.3005737266018258,-0.6411870011140763,0.0,0.0,0.0,0.0,0.015262535298546709,0.009976556160225414,0.015262535229283003,0.009976556161575445,0.03227221302884686,0.013358825154682563,0.03227221262116586,0.013358824751875886,-0.014805299544093486,-0.04000495830375428,-0.014805299096266822,-0.04000495790226921,0.010555002522835366,0.022446895555361834,0.010555002512987244,0.022446895604119277,0.07470486599906678,0.01817891616545353,0.07470485777447777,0.018178916616832907,0.06151903416804316,0.016088519021963066,0.06151903077025622,0.016088519440899063,0.058411181910372534,0.012739733223725125,0.058411179124135515,0.012739734332143371,0.05266552107228506,0.025649143836488975,0.052665519017338625,0.025649143732735524,-0.025310612093647933,-0.04653959628713267,-0.02531061207982077,-0.04653959621656156,0.0013835609972971952,-0.015093249008188536,0.0013828204747170503,-0.015095037946764478,0.05692136430972994,0.12011203314020236,0.05692136404822179,0.12011203324429687,0.0,0.0,0.0,0.0,-0.010180179756972052,-0.008865420289666304,-0.01018017795894366,-0.00886541980561617,-0.011631096202791014,-0.00333314625447656,-0.01163109649235139,-0.0033331461237651183,-0.0002928207173482633,0.002932031788390077,-0.0002928460058910787,0.0029318084513505482,0.0,0.0,0.0,0.0,-0.00029614311341674693,0.001041141041568494,-0.0002961433205683761,0.0010411411244035662,-0.00045684105117516083,0.0008820189431588688,-0.00045684159920256207,0.0008820191590217519,-8.40671522013281e-05,-0.00014988722756470452,-8.406572843000504e-05,-0.00014988543361482698,0.00025202950934044566,2.4797650368668656e-05,0.00025203684272412374,2.4801409864494417e-05,0.0,0.0,0.0,0.0
111500000.0,-0.32503145714360926,0.10996863969843673,-0.32503140697133404,0.1099685826531811,-0.42531846023098296,1.0146601820812862,-0.42531846062880163,1.0146601816136211,-0.5229543134905157,-0.4758500996372135,-0.5229543136618986,-0.4758500998519253,0.0,0.0,0.0,0.0,0.01826612916858039,-0.0005200533137781349,0.01826612919082038,-0.0005200532537372737,0.03396478844233286,-0.007465027973424299,0.03396478814751447,-0.0074650275646632736,-0.03460253472971431,-0.024349576045196386,-0.03460253437143024,-0.02434957646158864,0.021714920397201354,0.012533648007831744,0.02171492045548007,0.012533648001266329,0.07089436256323722,-0.027716581128629514,0.07089436396567805,-0.027716573791522592,0.059371083944867564,-0.02167661354434358,0.05937108473142416,-0.021676610490416692,0.055229762462047916,-0.022419347782573595,0.05522976392774126,-0.0224193453196051,0.0579713404770672,-0.008125513635704351,0.05797134065342391,-0.008125511778459327,-0.047512167715339615,-0.024850670080979853,-0.04751216752102039,-0.024850670246109985,-0.011726183031427695,-0.009490232034707446,-0.01172746598901142,-0.009489420103093948,0.10015331348623135,0.08644149099353626,0.1001533136556958,0.08644149122523004,0.0,0.0,0.0,0.0,-0.013149741779599822,-0.0015613344028224674,-0.013149741455933395,-0.0015613361024406913,-0.011354597326899807,0.004123707162605683,-0.011354597123258259,0.004123707391372022,0.0023184568809426764,0.001802704644845221,0.0023182680095743535,0.0018027313743971263,0.0,0.0,0.0,0.0,0.0004113023626644008,0.0009962289127400936,0.00041130249732646007,0.000996229073905397,0.00017461437973054217,0.0009787345956056015,0.00017461473578350706,0.0009787350214622847,-0.00017054135314253926,-2.6906857328867773e-06,-0.00017054019859585878,-2.6924279552531516e-06,0.00014681937072680284,-0.00020407715032888518,0.00014682058701964706,-0.00020408527173287894,0.0,0.0,0.0,0.0
111800000.0,-0.20937428149309767,0.2694144256617079,-0.20937434475114003,0.269414397291456,-0.12846554359136064,1.0838064014222937,-0.12846554389808773,1.0838064018613522,-0.6639987389104363,-0.23765677468321655,-0.6639987390308875,-0.23765677450094813,0.0,0.0,0.0,0.0,0.014725102210988439,-0.010869308080998508,0.014725102257102662,-0.010869308111821852,0.02348215046852431,-0.025408996334618905,0.023482150860644424,-0.02540899612273506,-0.04196401165715713,-0.0004201214724730562,-0.041964012049461985,-0.0004201217812607183,0.025237485471564014,-0.0021318432846442192,0.025237485446140795,-0.0021318433408765713,0.04176205414253786,-0.06268403941101042,0.04176206054145837,-0.06268404154492657,0.03625483643081395,-0.051272726042782324,0.03625483911848448,-0.051272727086782766,0.032822303129677266,-0.049519822156185,0.03282230523858232,-0.049519823798121365,0.04353333383585323,-0.03906283816145617,0.043533335452906385,-0.039062838451343396,-0.05393113426922014,0.005933849360260979,-0.05393113462123722,0.005933849158381577,-0.014345542385143517,0.00445606806344756,-0.014344780555475722,0.004456866572709828,0.12592112658086307,0.0384165862439545,0.12592112677010903,0.038416586040384004,0.0,0.0,0.0,0.0,-0.011539045503255352,0.005988222174281077,-0.01153904709785536,0.005988222025678169,-0.006755902524432145,0.009990409305586923,-0.0067559023645173966,0.009990409078184825,0.002747138547221084,-0.0009982980008942377,0.0027471598533566066,-0.000998142366128718,0.0,0.0,0.0,0.0,0.0009359489522751119,0.0005244191797117992,0.0009359490613150001,0.0005244190297020168,0.0007350931004168615,0.0006709462449947523,0.0007350933898493395,0.0006709458498193044,-8.738341212222167e-05,0.000145067439120794,-8.738521302120716e-05,0.00014506697144156533,-0.00010183263363217065,-0.00022789609072049188,-0.0001018405674102496,-0.00022789466390804591,0.0,0.0,0.0,0.0
112100000.0,-0.026292517256280235,0.33779279631696113,-0.02629252436500451,0.337792859920512,0.17290586769740912,1.068421071374928,0.1729058680915614,1.0684210715771911,-0.7017724988033791,0.03586506584272797,-0.7017724986570215,0.03586506590600891,0.0,0.0,0.0,0.0,0.0058943749971689385,-0.017346275027733782,0.005894374965947691,-0.017346275066074668,0.004731171686984226,-0.034071651945382087,0.004731171836795056,-0.03407165232221132,-0.03450833313836199,0.023266080768422626,-0.03450833339354631,0.023266081130373095,0.019688874358521957,-0.01631439468016538,0.01968887431233668,-0.016314394640858154,-0.0016217114642955721,-0.07448432035619135,-0.0016217141316303696,-0.07448432582563669,0.0006729806354854873,-0.06236404702917753,0.0006729794264117572,-0.06236404937405382,-0.0008326321875813392,-0.05919182734049855,-0.0008326338697770552,-0.05919182916123589,0.014332477370217589,-0.05665373738347057,0.014332477093930152,-0.05665373881531366,-0.041916555554493584,0.03543164803367915,-0.04191655567167629,0.03543164854018244,-0.004248200303564431,0.014348438677700415,-0.004247838867371456,0.014347837970120736,0.1300447242120839,-0.015624106368008484,0.13004472399897793,-0.015624106521713088,0.0,0.0,0.0,0.0,-0.006083361990903313,0.011232891117003874,-0.006083361962367917,0.011232892576529707,0.00040426196832754613,0.01203183691431775,0.0004042617520951808,0.012031836802890439,0.00061534274938424,-0.00283937384598687,0.0006154674545229,-0.002839382895430731,0.0,0.0,0.0,0.0,0.0010543910946410051,-0.0001676323245618505,0.0010543909569094012,-0.00016763239844408417,0.0009928778582946052,8.497656608597026e-05,0.0009928774965430875,8.497636861193314e-05,8.106156637666118e-05,0.00014733874313321849,8.106173528688032e-05,0.00014734035437413695,-0.0002465607662571756,-2.6680559031433404e-05,-0.0002465569557443814,-2.6673748294570032e-05,0.0,0.0,0.0,0.0
112400000.0,0.1623184623636149,0.2943287374410346,0.16231852099275557,0.2943287250906508,0.4554417173020511,0.9715839469737375,0.45544171748022677,0.9715839466421841,-0.6309795063739614,0.3015698135076832,-0.6309795063173311,0.3015698134047824,0.0,0.0,0.0,0.0,-0.005059848984018345,-0.017616270215128793,-0.0050598490228424,-0.01761627018747447,-0.015467401938892067,-0.03047908194263016,-0.015467402309326417,-0.030479082040301364,-0.015090939693038763,0.03841002707666519,-0.015090939372328194,0.03841002728074727,0.00691397178017894,-0.024856306593875388,0.00691397182589526,-0.024856306560778307,-0.04342106789920308,-0.05951179030954279,-0.043421072487504375,-0.0595117872687041,-0.03462369559161971,-0.05133965325350687,-0.03462369763853701,-0.05133965193361689,-0.03392877437781294,-0.04823525903256609,-0.03392877601767452,-0.0482352573606164,-0.019665214893038296,-0.054975214822803764,-0.01966521623468509,-0.05497521460961252,-0.015138374711824554,0.05339649837779348,-0.015138374112154906,0.05339649837115701,0.009540277188889945,0.011455830852852955,0.009539932793046546,0.01145583675847206,0.11208054394047906,-0.06643100286862591,0.11208054380666965,-0.06643100265722524,0.0,0.0,0.0,0.0,0.0012356492456433443,0.012502792969982579,0.0012356505344826019,0.012502792785980432,0.007386297976680112,0.00947591781296353,0.007386297881467385,0.009475918008078565,-0.002058267117902801,-0.0020220322307125116,-0.002058257181289491,-0.0020221297426701312,0.0,0.0,0.0,0.0,0.0007200254695618469,-0.0007808487534930464,0.0007200254039787524,-0.0007808486334823783,0.0008406893263384063,-0.0005377304487836909,0.0008406891524117555,-0.0005377301353917119,0.00016689717921281044,3.667473762902773e-06,0.00016689839678463159,3.666803834789789e-06,-0.00014658967845093684,0.00019835539164603233,-0.00014658475588191777,0.00019834977703681034,0.0,0.0,0.0,0.0
112700000.0,0.29462804545306653,0.15586572874458682,0.29462801653433246,0.15586567963416087,0.6978949307322608,0.8025891925095294,0.6978949304170072,0.8025891922986261,-0.4638133277523764,0.5178903718939267,-0.4638133278413079,0.5178903718095142,0.0,0.0,0.0,0.0,-0.014204571807184152,-0.011580550566748116,-0.014204571779103503,-0.0115805505232629,-0.029882596429530395,-0.016095896750783822,-0.029882596471807688,-0.016095896381401076,0.009280672120098643,0.03984717848764774,0.009280672286337222,0.03984717821316508,-0.008580854427947315,-0.024562659041166057,-0.00858085440508205,-0.024562659088218197,-0.06883126439942089,-0.023792410641135575,-0.06883126110098203,-0.02379240686569517,-0.05722046945317061,-0.02244932324784088,-0.057220468038394756,-0.022449321458580584,-0.05498583827375114,-0.02065395808197934,-0.05498583657470135,-0.02065395654318536,-0.04691772379054271,-0.0346657731027733,-0.046917723610746975,-0.03466577178018326,0.01749211140847251,0.053304576883306254,0.017492111290295043,0.05330457623558971,0.014763675399265708,-0.0015779711155659015,0.014763961134775627,-0.0015779581247272745,0.07533982493167457,-0.10542585337147159,0.07533982514647164,-0.10542585324768083,0.0,0.0,0.0,0.0,0.00789710958504486,0.0095178314736728,0.007897109288549586,0.009517830374434766,0.011521219935971772,0.0033113338632517753,0.011521220128130949,0.0033113339634951444,-0.0027894895489879445,0.0006527172503325573,-0.0027895653881131466,0.0006526820994849913,0.0,0.0,0.0,0.0,8.107125626111156e-05,-0.0010533030324779702,8.10713727048551e-05,-0.0010533029578283504,0.00034022916818798876,-0.0009399151088587132,0.00034022947073708565,-0.0009399149107025551,8.604855391070032e-05,-0.00014150375780275226,8.604757732655344e-05,-0.00014150444965821407,9.689644487309579e-05,0.00022564326249607802,9.688983514877236e-05,0.00022564072091313392,0.0,0.0,0.0,0.0
113000000.0,0.3291829005494975,-0.030458677907191145,0.32918286452725454,-0.03045863618476119,0.8826957821556505,0.576010962462064,0.8826957819134407,0.5760109628349284,-0.2277446561932237,0.6517278002319387,-0.22774465630602947,0.6517278003535978,0.0,0.0,0.0,0.0,-0.01826192430812057,-0.00141007090675771,-0.018261924261452123,-0.0014100709422280033,-0.03347557266093304,0.003782067949771317,-0.03347557230061682,0.003782067927389221,0.029981031700259564,0.02731127099103503,0.029981031465979413,0.02731127084439322,-0.021228821906973394,-0.015397828062702956,-0.021228821956341903,-0.015397828079443343,-0.06930096123754481,0.019473374611834515,-0.06930095820719373,0.01947337113101355,-0.05940478508966862,0.013854351209388938,-0.05940478354290235,0.013854349690845424,-0.05683387147949759,0.013827240044733458,-0.05683387003396945,0.013827238240523343,-0.05822416869349922,-0.00266909352930611,-0.058224167387024295,-0.0026690937406499415,0.044786052091993156,0.03474834137135474,0.04478605139487968,0.03474834157032092,0.006836882082097873,-0.013100348273027862,0.006836511650931243,-0.013100813874928008,0.02627379200650637,-0.12614425767736748,0.02627379211725156,-0.12614425790674488,0.0,0.0,0.0,0.0,0.011694384243810418,0.0034235775152211545,0.011694383325192348,0.003423577875139472,0.011235410103722643,-0.004091641158993298,0.01123541020824348,-0.004091641375609356,-0.000937556796429817,0.0026867596285597983,-0.0009376221829455744,0.0026868212390098734,0.0,0.0,0.0,0.0,-0.0005853910979425336,-0.0008722236478604373,-0.000585391014666925,-0.000872223782280912,-0.00030278415563600447,-0.0009545717639127815,-0.00030278393622040767,-0.000954572115603014,-7.8747876983698e-05,-0.0001440341393106337,-7.874799560170231e-05,-0.00014403307604027304,0.00024289798069787594,2.9953714999919612e-05,0.0002428979783246632,2.9960400851791746e-05,0.0,0.0,0.0,0.0
113300000.0,0.25714309508288125,-0.20375750632607037,0.257143145228369,-0.2037574858353537,0.997170758156372,0.3104025351432682,0.99717075863623,0.3104025353516562,0.03930819765172089,0.6837497279638143,0.039308197838550996,0.683749728068932,0.0,0.0,0.0,0.0,-0.015790420595806154,0.00924358103935674,-0.015790420642701974,0.009243580996297851,-0.025159623007226628,0.022000093541194587,-0.025159623100805106,0.02200009320822005,0.039825413367708506,0.005439788381451649,0.039825413231369566,0.005439788591871775,-0.02641494291503932,-0.0005443539297971256,-0.026414942927630136,-0.0005443538732663455,-0.04534844075605804,0.05482474626955991,-0.04534844437559116,0.054824743930169006,-0.04077923643309589,0.04472438843878024,-0.04077923806266881,0.04472438714829252,-0.0390432579599036,0.043215367088222933,-0.039043259924440576,0.04321536580675911,-0.049824302191979086,0.030155172272571917,-0.04982430247463299,0.03015517105023946,0.05713051995789442,0.003746973191454117,0.05713052023037335,0.003746973986594071,-0.007075094308788721,-0.012876193837001892,-0.007075633082720856,-0.01287541262944103,-0.026660548537634554,-0.12530046830950425,-0.026660548787361904,-0.12530046839076192,0.0,0.0,0.0,0.0,0.01145199866509472,-0.0036428177116789584,0.011451999056205864,-0.0036428169386510945,0.0066548692776535745,-0.009892857487727724,0.00665486901937129,-0.009892857569269609,0.0017539611556998125,0.0022197022985182002,0.0017540176572623523,0.002219800896796187,0.0,0.0,0.0,0.0,-0.0009938760648395828,-0.0003205013417613145,-0.0009938762316608063,-0.00032050141319928116,-0.0008229962309371786,-0.0005741618708867691,-0.0008229966719142112,-0.0005741620577595086,-0.00016250842446652314,-3.880524332089408e-06,-0.00016250748205948184,-3.880942955447608e-06,0.0001477352980714386,-0.0001942769909675235,0.00014774116800708725,-0.0001942793417555322,0.0,0.0,0.0,0.0
113600000.0,0.10359189700795923,-0.3089882647724096,0.10359190074254343,-0.30898831864109866,1.0343358970036292,0.02674836952479609,1.034335897080581,0.026748368948290135,0.295457526045098,0.6111677746142448,0.2954575260850447,0.6111677743641195,0.0,0.0,0.0,0.0,-0.007696374101300307,0.016570013694092722,-0.007696374130375716,0.016570013752129853,-0.008101501401029054,0.032139025211790795,-0.008101501683313472,0.03213902536948865,0.03556210248743241,-0.017943649231810355,0.03556210269537985,-0.01794364910968227,-0.02216684744460906,0.014713271772066605,-0.02216684737192054,0.014713271778575177,-0.006060635881397047,0.07006946670129821,-0.00606063756053743,0.07006947043355183,-0.008234948956683752,0.059481877698615904,-0.008234949956190007,0.05948187942701111,-0.007971936489624909,0.057437459005214464,-0.007971937493081782,0.057437461113650556,-0.024631608272201788,0.052731004095846856,-0.024631609308983116,0.05273100441479528,0.049891449663789444,-0.02919182201286219,0.04989145062236844,-0.02919182240593443,-0.014538364605144238,-0.0012426648231240733,-0.014537170122750354,-0.0012421605636205868,-0.07445730214554658,-0.10330239370492222,-0.07445730217314406,-0.1033023934431867,0.0,0.0,0.0,0.0,0.007373511937373678,-0.009295771124286034,0.007373512611039246,-0.009295771543989417,-0.00044526847118220303,-0.011875670673120453,-0.0004452684911484539,-0.011875670380732117,0.002800731625072217,-0.00028748261372868456,0.002800863621999383,-0.00028754410773501604,0.0,0.0,0.0,0.0,-0.0009729458024594351,0.00036137882183595593,-0.000972945831421157,0.00036137901764732305,-0.0010046954684241882,4.5640174789696175e-05,-0.0010046955406721736,4.564069584489516e-05,-8.386158985729253e-05,0.00013723272921595253,-8.386243759161971e-05,0.0001372320790693493,-9.352054722455705e-05,-0.00022475843744018675,-9.352475808555027e-05,-0.00022476274295968324,0.0,0.0,0.0,0.0
113900000.0,-0.08131926355414976,-0.3136548996001238,-0.08131931643524126,-0.31365488659260166,0.9932277219497863,-0.25320113860567517,0.9932277213576839,-0.25320113847354264,0.5017259948884885,0.4476119178945339,0.5017259946165566,0.4476119179655029,0.0,0.0,0.0,0.0,0.003106484787949171,0.01797051785580095,0.00310648484687448,0.017970517865492752,0.011506720152056005,0.03077993829248271,0.01150672035181799,0.030779938507023985,0.018937181717575413,-0.034627823732066076,0.018937181806357728,-0.03462782395271802,-0.00989955236418183,0.024884252611499846,-0.009899552372885978,0.024884252518546646,0.03440588262974842,0.06043560293376515,0.034405886453029666,0.06043560396000203,0.026635746959897233,0.0532954695708554,0.026635748744965326,0.05329547024663839,0.025543843098965624,0.05178439416168601,0.025543845247824493,0.051784394793912725,0.008806268510532789,0.05750442106712228,0.008806268744628198,0.05750442184810822,0.02516061424074678,-0.05263094212456565,0.025160613619014782,-0.052630943281869236,-0.009033981404748204,0.01131420090462143,-0.009033614911849952,0.011312614411423283,-0.10909381485751624,-0.06413698479592256,-0.1090938146119953,-0.06413698483763142,0.0,0.0,0.0,0.0,0.00092231885437144,-0.011693157648991814,0.0009223183743856112,-0.011693158254999503,-0.007327716806827311,-0.009299861527054532,-0.007327716515852956,-0.00929986160134888,0.00125409297977086,-0.002508262403821959,0.0012540164593346503,-0.00250842478594393,0.0,0.0,0.0,0.0,-0.0005370745466564131,0.0008804342598551784,-0.0005370743482657758,0.0008804342205337434,-0.0007710975318531155,0.0006494811708392945,-0.0007710970028611541,0.0006494810630641723,7.579728858075896e-05,0.00013978831611893838,7.579704068660931e-05,0.00013978943802328558,-0.0002406392999105833,-3.169011397119448e-05,-0.00024064153594594018,-3.1684759605354884e-05,0.0,0.0,0.0,0.0
114200000.0,-0.23821285997593833,-0.21729730546172732,-0.23821283140689076,-0.21729725798418542,0.8787715262462257,-0.5085825114157814,0.8787715266031526,-0.5085825109341613,0.6280959790669272,0.2203062527060098,0.6280959792607135,0.22030625293049866,0.0,0.0,0.0,0.0,0.012757415358848334,0.012979263259182972,0.012757415347380174,0.012979263213168224,0.026717133103801416,0.018635464628104614,0.026717133244119395,0.018635464418821357,-0.004006888117856988,-0.03889342735125467,-0.004006888351355542,-0.038893427381395895,0.006067562160112061,0.026257670909160424,0.006067562048492903,0.026257670946122857,0.061939411888843665,0.02994778252296726,0.06193941224968569,0.029947778637136935,0.05169159292327663,0.02870781074335582,0.05169159326183603,0.028707808964014703,0.049993206583678784,0.028427234871315932,0.0499932068268123,0.028427232838268424,0.03923668572472394,0.042945744905168226,0.03923668626472221,0.04294574492563186,-0.008801942133366936,-0.05818161770945096,-0.008801943453327965,-0.058181616718101736,0.004343513442172764,0.013687137876033262,0.004341577747155156,0.013687003126207742,-0.1248797409631166,-0.014650956447425756,-0.12487974107192912,-0.014650956640494428,0.0,0.0,0.0,0.0,-0.005699579560499046,-0.010116526866781328,-0.005699580096845125,-0.010116526276448212,-0.011351914518527906,-0.003183391214960807,-0.011351914690266085,-0.0031833914517847006,-0.0014418222941401382,-0.0023934876169846575,-0.0014420089303470718,-0.0023933873163173303,0.0,0.0,0.0,0.0,0.00012213976413733008,0.001017256486647966,0.00012213965224816548,0.0010172563264774226,-0.00021677077862847227,0.0009872954589695837,-0.00021677107979911625,0.0009872950324876228,0.00015710540147750862,4.627796343470436e-06,0.00015710662093226802,4.627600191042802e-06,-0.00014734462376964075,0.00019170095059450887,-0.00014733895476837233,0.00019170091350417806,0.0,0.0,0.0,0.0
114500000.0,-0.31684867784728965,-0.05147816242849501,-0.3168486396233092,-0.051478204353742285,0.7012202465889175,-0.7209393936112178,0.701220246836165,-0.720939394125736,0.6577663092038861,-0.03477105971521155,0.6577663093123647,-0.03477105999787966,0.0,0.0,0.0,0.0,0.01783597318223684,0.0034084298750087783,0.01783597316291008,0.0034084298995509243,0.032290151478640894,0.00018497534858852305,0.03229015128869861,0.00018497527057093066,-0.025119835025947168,-0.029472063215635558,-0.025119834973068578,-0.029472062989455594,0.020050150729900906,0.01825235955782034,0.02005015080776218,0.01825235967883998,0.0673319059106916,-0.0102962828296711,0.0673319020064369,-0.010296282499510312,0.058448467701126106,-0.0054414453797306805,0.058448465991759235,-0.005441445397664779,0.057129122104505825,-0.004459014691903462,0.05712912033813211,-0.00445901462852305,0.05649190284398742,0.013991040265977972,0.05649190327412157,0.013991039842267128,-0.04029975061180835,-0.043528803707374664,-0.04029974912852907,-0.04352880234776535,0.013675314850836173,0.003985880158509758,0.01367549249037836,0.003988103806861432,-0.11939605236894835,0.0366470740628273,-0.11939605247430052,0.03664707421491187,0.0,0.0,0.0,0.0,-0.01028572740361966,-0.005169115294023641,-0.010285726658807448,-0.005169114871279135,-0.010994378222278556,0.004097719401386257,-0.010994378352556566,0.00409771964135075,-0.0027827062777845413,-6.0592375390911e-05,-0.0027825758243480436,-6.0390118875375265e-05,0.0,0.0,0.0,0.0,0.0007204242620275636,0.0007187377299118225,0.000720424179284862,0.0007187378929529586,0.0004304798549057409,0.0009176881494710187,0.0004304796347298634,0.0009176885866537532,8.208287925270952e-05,-0.00013190405536533945,8.208226283556996e-05,-0.0001319052067856319,9.180424944332799e-05,0.00022235666875758398,9.180204710901307e-05,0.00022235151010363552,0.0,0.0,0.0,0.0
114800000.0,-0.29200098672622943,0.1298643168162954,-0.2920010389891985,0.12986429091276364,0.4752255191853152,-0.8755068200272973,0.47522551864534535,-0.8755068199722444,0.5890761464826966,-0.2787831957284794,0.5890761461814833,-0.278783195682351,0.0,0.0,0.0,0.0,0.016572401522090274,-0.007321083923940819,0.01657240154498396,-0.007321083936616901,0.026476405765251343,-0.017997114771887368,0.026476405724551455,-0.017997114618850674,-0.03703561296836,-0.009919042576214565,-0.037035612783220984,-0.009919042721833193,0.027033309651315562,0.0036392749455131934,0.027033309766871128,0.003639274819562388,0.04923891078278331,-0.04617220399951805,0.04923891183572948,-0.046172200142805764,0.04488921806175483,-0.03721223396965456,0.044889218322012425,-0.0372122323794315,0.04469576821261967,-0.03558027292915256,0.044695768423459015,-0.03558027150928922,0.054847698878525364,-0.019672767365122468,0.05484769836083103,-0.01967276827794251,-0.05822741894994721,-0.013417440000665692,-0.05822741773780393,-0.013417442029577842,0.010856143366680726,-0.009059554046089602,0.010858579038988125,-0.009060108256065291,-0.09386647118083857,0.08105583074450351,-0.09386647102616763,0.08105583074414824,0.0,0.0,0.0,0.0,-0.011336056042907217,0.0014476525122262274,-0.011336055807262824,0.0014476515982408955,-0.006432511100534555,0.009736501968973243,-0.006432510848966899,0.009736501965036837,-0.0015295671866226712,0.0023095403357444866,-0.0015293594007630418,0.0023093765019694956,0.0,0.0,0.0,0.0,0.0010036182833488283,0.00011828752793974218,0.0010036184554564898,0.00011828751227938028,0.0009030076695779599,0.0004670735611256305,0.0009030081294625347,0.00046707351852148804,-7.17824520393151e-05,-0.00013581588331135208,-7.178339772195841e-05,-0.00013581492596870248,0.00023693733300689246,3.157447136459268e-05,0.00023693339741015507,3.157844956547251e-05,0.0,0.0,0.0,0.0
115100000.0,-0.1720463394550933,0.26741607671931433,-0.1720463509010699,0.2674161357372924,0.21862449699084863,-0.9621789115042532,0.21862449733167466,-0.9621789110897794,0.4350094470363999,-0.47596895301437314,0.4350094472282393,-0.4759689527773503,0.0,0.0,0.0,0.0,0.009454140457698657,-0.015408182091718459,0.00945414041634507,-0.015408182096663836,0.011526252445122509,-0.0295816344972053,0.01152625256327866,-0.029581634463539785,-0.03575096949035128,0.012712431991033668,-0.03575096971880498,0.01271243188465121,0.02446352737682389,-0.012437473936898868,0.024463527205000446,-0.012437474029127316,0.014371998656869778,-0.06540543440225122,0.014372002378280513,-0.06540543620693029,0.01599121412372284,-0.05570376488479667,0.015991215575851925,-0.0557037653743464,0.017079258943006437,-0.05437496783103768,0.017079260042940803,-0.05437496800999497,0.034856632758653916,-0.04684822417999612,0.0348566314135752,-0.04684822333352656,-0.056028878921360104,0.021831452058734158,-0.05602888144915141,0.02183145119569474,-0.001450751882750012,-0.013974098301630988,-0.001451728220366988,-0.013976659544866266,-0.052901090209495294,0.11116797280263313,-0.05290109030855206,0.11116797269107792,0.0,0.0,0.0,0.0,-0.008533582790235528,0.007496292308218244,-0.00853358383824343,0.007496292341016897,0.0005368629121420554,0.011586020720969259,0.0005368627799171577,0.011586020523751017,0.0011299296847440132,0.0025110280222975234,0.0011297326264241292,0.0025108250015080102,0.0,0.0,0.0,0.0,0.0008556760204498914,-0.0005239396959240139,0.0008556759134634717,-0.0005239398268201967,0.0010038060776125235,-0.0001801568249675256,0.0010038057892316488,-0.00018015717638775186,-0.00015184806838419718,-6.410116540678246e-06,-0.00015184688473368624,-6.409468852552891e-06,0.0001449116460534583,-0.00018782862697719338,0.00014491679930728196,-0.00018782642501946611,0.0,0.0,0.0,0.0
115400000.0,0.003101003880416897,0.3160371144985703,0.0031010657773435923,0.31603711034402693,-0.04895924529675,-0.9761056738597063,-0.048959245123462836,-0.9761056743860195,0.22058160006317706,-0.5987268805922668,0.22058160017405015,-0.5987268808757165,0.0,0.0,0.0,0.0,-0.0009714191101011238,-0.018013974767086438,-0.0009714190826031199,-0.018013974710839875,-0.007191886849334139,-0.03066241161137384,-0.007191886800065106,-0.03066241171346462,-0.021985094805721417,0.030416761868366393,-0.021985094804989558,0.030416762148036014,0.013160790244555187,-0.02427966945010951,0.013160790192685567,-0.024279669243057356,-0.024977973325327696,-0.061644360726717196,-0.024977975896533167,-0.06164436420070274,-0.018104475341466753,-0.054724021406102,-0.018104476021321148,-0.05472402272724253,-0.016254457732920002,-0.0545329061785651,-0.01625445775043488,-0.054532907084123394,0.0031131328205304953,-0.05849671897337316,0.0031131341824490733,-0.058496717364448614,-0.03416605879940704,0.04985973314023795,-0.03416605914935644,0.049859736027173085,-0.012338692236596671,-0.006551094759416287,-0.012341286403859897,-0.006549670533331664,-0.0036610617324228656,0.1221168324920967,-0.0036610617630472575,0.12211683265971374,0.0,0.0,0.0,0.0,-0.002848484056436007,0.01093365019367809,-0.002848483692034165,0.010933651297278857,0.007210293495340636,0.008984814614038328,0.007210293401449519,0.008984814832103893,0.002706778108837682,0.0003831549099544418,0.002706589139890525,0.0003833819455962839,0.0,0.0,0.0,0.0,0.0003459974742483496,-0.0009339479458816413,0.0003459974236790231,-0.0009339477789040984,0.0006885640254949976,-0.0007568627329135325,0.0006885638858804555,-0.00075686228262839,-8.128277242036575e-05,0.00012661419872017632,-8.128246401639672e-05,0.0001266129224575252,-8.900963027258513e-05,-0.0002177647754137979,-8.900941580236577e-05,-0.00021777037565584578,0.0,0.0,0.0,0.0
115700000.0,0.17498268378058413,0.2603356081813786,0.17498266386995454,0.2603355473171405,-0.3075949918018068,-0.91789245723092,-0.30759499236948074,-0.9178924571229317,-0.02132191896435387,-0.6312027438488599,-0.021321919261993116,-0.6312027438131054,0.0,0.0,0.0,0.0,-0.011011136665757704,-0.014247718482451432,-0.01101113660941877,-0.014247718547139243,-0.023109631387576712,-0.02104254065639566,-0.02310963149862033,-0.02104254072726519,-0.0008428270287126338,0.037088261041986925,-0.0008428267363882469,0.037088260923596295,-0.0029599693558495233,-0.027643172164516727,-0.0029599691259463157,-0.02764317216092138,-0.055170643318930956,-0.03647260220645876,-0.05517064641124847,-0.03647259887674181,-0.045599540928762394,-0.0348092425344646,-0.045599542133857085,-0.034809241676256875,-0.04396146959467728,-0.036057386465842,-0.043961470479587206,-0.036057386637978084,-0.029912573172886425,-0.050663405463708955,-0.029912571535696486,-0.05066340742007469,-0.00012234379499176384,0.06067452766494341,-0.00012234074380756965,0.06067452742553314,-0.012245528023534291,0.0065637995428176055,-0.012243650183712873,0.006566332080609527,0.04540503284269448,0.11236861258247188,0.04540503303714161,0.11236861251721564,0.0,0.0,0.0,0.0,0.003769698998596027,0.01059209789589488,0.003769700054633063,0.010592097177834603,0.011036436205401401,0.0029935155681641845,0.011036436448165432,0.0029935155402114333,0.0017576226668367667,-0.0020652463965689094,0.001757874085242861,-0.0020650788441969326,0.0,0.0,0.0,0.0,-0.00030308455048810856,-0.0009408680506481915,-0.000303084368269424,-0.0009408680927833757,8.51659830658491e-05,-0.001023207576480445,8.516647271505917e-05,-0.0010232076817970892,6.772834072421574e-05,0.00013275211870222847,6.772710222691103e-05,0.0001327521422922473,-0.00023097152996598425,-3.227100704350505e-05,-0.00023097682607442493,-3.226925403509995e-05,0.0,0.0,0.0,0.0
116000000.0,0.28661961329130037,0.1202111704583757,0.2866195571748662,0.12021120536746821,-0.53849826811431,-0.7934034735690716,-0.5384982677677783,-0.7934034730950117,-0.25494859523458047,-0.5710217843739969,-0.2549485950793695,-0.5710217841338334,0.0,0.0,0.0,0.0,-0.017127392607392267,-0.005462997454202423,-0.017127392702761313,-0.005462997494845467,-0.03073647673912916,-0.004230141779459018,-0.03073647681772229,-0.004230141636710982,0.020085970681570586,0.030650857146738986,0.020085970457998314,0.030650856880740207,-0.01824753418456737,-0.021235169821906652,-0.01824753422761205,-0.021235170059696884,-0.06581512612748242,0.0012064496952035597,-0.06581512208047258,0.0012064522540669032,-0.057046818202501015,-0.0029814804624521685,-0.05704681715091198,-0.0029814793678184515,-0.05660726054770038,-0.005243784566843601,-0.05660726082749079,-0.005243783548365855,-0.05325491433204377,-0.025767595711073454,-0.053254916837914834,-0.025767597139505938,0.034175093704106985,0.050312148596020734,0.03417509289651832,0.0503121455752904,-0.0013480906543250626,0.013744287613377537,-0.0013457121415143547,0.013741969854493163,0.08602723345929064,0.08392707170618507,0.08602723330847084,0.08392707152631829,0.0,0.0,0.0,0.0,0.0090353521541644,0.006593483699035119,0.009035351111727152,0.006593482793959993,0.010599345341582023,-0.004043064619281722,0.010599345209300282,-0.0040430648289628834,-0.0007947711190112727,-0.0025696834061221807,-0.0007946299442664895,-0.0025699522392699237,0.0,0.0,0.0,0.0,-0.0008134508891117775,-0.0005480535192248226,-0.0008134510093213976,-0.0005480536742510367,-0.0005579744990029667,-0.0008663010165861351,-0.0005579748121604666,-0.0008663014305625438,0.00014743129987238035,8.28052074552943e-06,0.00014743160462415972,8.281607563276339e-06,-0.00014301300031149822,0.00018170687209817515,-0.00014300956042490043,0.0001817111839699237,0.0,0.0,0.0,0.0
116300000.0,0.30227953437501753,-0.05628343203785846,0.3022795827314084,-0.05628338399695565,-0.7253585551978716,-0.6131970070538841,-0.7253585548964523,-0.6131970075363427,-0.4467962334146023,-0.4290873831013329,-0.44679623327315454,-0.42908738331743734,0.0,0.0,0.0,0.0,-0.017174278208713645,0.005227096232175654,-0.017174278223890838,0.005227096344512461,-0.02753102845782962,0.013822580593156886,-0.027531028273607205,0.013822580653027217,0.0334819920976841,0.013699093603776191,0.03348199188414469,0.013699093905231052,-0.02727801910273797,-0.007190589062602726,-0.02727801933549756,-0.007190588978616574,-0.05328922852780238,0.03819326449175264,-0.05328922665714231,0.03819325980990129,-0.04856101829690118,0.02965724136778647,-0.04856101733587792,0.029657240094792314,-0.049832561768333505,0.02740573235760735,-0.04983256054419627,0.02740573259008272,-0.05899987518504446,0.008118466194389384,-0.058999876233698956,0.008118469111678905,0.05663359711317639,0.022346221925758414,0.05663359426711878,0.022346223203655313,0.01059909103495471,0.008698841957979653,0.010596365115148387,0.008696704018632317,0.11152280886680188,0.04192392513368759,0.11152280872985187,0.041923925343084534,0.0,0.0,0.0,0.0,0.011114485207748714,0.00033756673141738247,0.011114484532733115,0.00033756802997686464,0.006141694235971329,-0.009423791246291557,0.0061416940939906794,-0.009423791051332842,-0.002574690069096164,-0.0007039060665192665,-0.002574968952004042,-0.0007040183157585034,0.0,0.0,0.0,0.0,-0.0009704763147837525,7.121222022021811e-05,-0.0009704764163771529,7.121238436980093e-05,-0.0009739736301384028,-0.0003480614930140291,-0.0009739738994838376,-0.00034806106073403953,8.059698583906538e-05,-0.00012211159588559894,8.059783671399146e-05,-0.00012211209939039236,8.406024272744617e-05,0.0002134573894920777,8.406304868913139e-05,0.0002134527543233844,0.0,0.0,0.0,0.0
116600000.0,0.21932815144091222,-0.2101877311851581,0.2193281886022973,-0.21018779079759042,-0.8554536532034831,-0.3916431507433771,-0.8554536537067747,-0.3916431508714737,-0.5701826649334336,-0.2276083548522081,-0.570182665147847,-0.22760835489832232,0.0,0.0,0.0,0.0,-0.011146213542730266,0.014043472309879235,-0.011146213427814189,0.014043472297302628,-0.014747575702671156,0.026799546574693522,-0.014747575688481618,0.02679954635549109,0.03488355046051339,-0.007555064381008947,0.034883550807272456,-0.00755506423142549,-0.02675423422743961,0.009632935633447914,-0.02675423411046296,0.009632935854071434,-0.022038545072696536,0.06149193053543911,-0.02203855025895507,0.06149192949663984,-0.02317513824225159,0.051725769272437105,-0.023175139753277563,0.05172576849768973,-0.025876644552567996,0.05068558962406655,-0.025876644531962256,0.050685588225817924,-0.04491796811009863,0.03979452403187622,-0.04491796495515388,0.03979452462037614,0.05937532217424035,-0.013387352759593796,0.05937532379325461,-0.013387350159746347,0.013014711725269024,-0.003935313493684589,0.013012891849008668,-0.003932227264286325,0.11790180945576623,-0.006321399758164148,0.11790180969035902,-0.006321399674547479,0.0,0.0,0.0,0.0,0.00928890959416151,-0.005966610019910945,0.009288911064302852,-0.0059666096202875,-0.0005649300148249381,-0.011134758414073076,-0.0005649298040211193,-0.01113475834281985,-0.0019641093590649916,0.0017809368199976916,-0.0019641921912310067,0.0017812187571877303,0.0,0.0,0.0,0.0,-0.0007132593507890306,0.0006502667450547506,-0.0007132591787240017,0.0006502667907426485,-0.0009880865106666192,0.0003189906556428923,-0.000988086057958526,0.00031899077507091533,-6.443034287428873e-05,-0.0001298181674656007,-6.443094497399215e-05,-0.00012981873720718795,0.00022510012773580002,3.497529674234556e-05,0.00022509493116729118,3.497430111565336e-05,0.0,0.0,0.0,0.0
116900000.0,0.06783471929622209,-0.29211356291104096,0.06783465110528653,-0.29211358700258927,-0.9204798826471645,-0.1457941612517999,-0.9204798826598122,-0.1457941608086486,-0.6087290234282463,0.0032953254637106966,-0.6087290234148242,0.0032953256342977966,0.0,0.0,0.0,0.0,-0.001182258828777094,0.017867891759408394,-0.001182258863707375,0.017867891653366996,0.0030251827808456255,0.03021829401491516,0.0030251825486402595,0.03021829406414156,0.02416539470181789,-0.025595034266373773,0.02416539479443003,-0.025595034634065428,-0.01669599765761376,0.023311454668771603,-0.01669599744896999,0.023311454523323505,0.016856824524502656,0.06285539606730595,0.016856824436075613,0.06285540157992386,0.01015775652788875,0.05552251644743933,0.010157756015480857,0.05552251818056675,0.007085418867944782,0.05650313146696817,0.007085417414863571,0.05650313176593613,-0.015350037657391624,0.05853154592477949,-0.015350037521038473,0.05853154268086769,0.04154283512677637,-0.04437315479489712,0.041542837479561,-0.04437315664581831,0.003948083856009532,-0.012879551713282922,0.00395146890042497,-0.012878115677338542,0.10448344986947689,-0.05259580441671119,0.10448344991098679,-0.052595804652398215,0.0,0.0,0.0,0.0,0.0042378538756793205,-0.010088651693962447,0.004237853994560226,-0.01008865325640329,-0.00693295439530317,-0.008601061264755572,-0.00693295437294239,-0.008601061457369497,0.0004441063680715729,0.0025987276781762603,0.0004443851720381531,0.002598782111974174,0.0,0.0,0.0,0.0,-0.00015789775169849918,0.0009440357219432371,-0.00015789774460728268,0.0009440355675707224,-0.0005911057571950096,0.0008586557635510417,-0.0005911057388416907,0.0008586553573195488,-0.00014316266199898564,-9.403696850540655e-06,-0.00014316294567606747,-9.403103945260227e-06,0.0001429633455600765,-0.00017556378058714017,0.00014296421841919482,-0.00017555871050944916,0.0,0.0,0.0,0.0
117200000.0,-0.1011134445748425,-0.2781570557991415,-0.10111345406672712,-0.27815698203278316,-0.9170480445497446,0.1059080473189482,-0.9170480441859254,0.10590804729727665,-0.5583760550917489,0.22992660914907503,-0.5583760549714967,0.22992660912608187,0.0,0.0,0.0,0.0,0.00918115405946196,0.015346176871389616,0.009181153966594024,0.01534617691999074,0.019486451211207623,0.022992940031343778,0.019486451324596032,0.02299294024952303,0.005418241665935852,-0.03428222059943664,0.005418241290399806,-0.034282220647710915,-0.0005031275908606858,0.028916343555522417,-0.0005031277633946729,0.02891634335904314,0.04950520257052915,0.041811196336453804,0.049505208193153294,0.041811195406197044,0.03966167096730544,0.03978112599156702,0.0396616728662309,0.03978112617006957,0.0376609619485464,0.042737943721746774,0.037660962586073765,0.042737945078812345,0.020014260437349662,0.057664985528816715,0.020014257194034712,0.05766498579771451,0.009492103285055009,-0.059912264701011964,0.009492101266886266,-0.05991226683927664,-0.008400114814591575,-0.010370778689946292,-0.008399114616352676,-0.010374390182846582,0.07392961490050709,-0.0892053146642553,0.07392961467465398,-0.08920531468162096,0.0,0.0,0.0,0.0,-0.002200138314165656,-0.010598867020902958,-0.0022001399095898933,-0.010598866871504242,-0.01056193883758283,-0.002868315048218051,-0.010561939003210341,-0.0028683150546129355,0.0024193174987345856,0.0010150210855499608,0.0024193455219858606,0.0010147506865223477,0.0,0.0,0.0,0.0,0.00045493149860931226,0.0008328151179171073,0.00045493136822472025,0.000832815121853514,5.528498437001872e-05,0.001045266008347312,5.528464272686051e-05,0.001045266021066027,-7.915761678134459e-05,0.0001177898042783454,-7.915712946271469e-05,0.00011778983297006107,-7.904149674686778e-05,-0.0002108708495711653,-7.90372019565666e-05,-0.00021087340373071584,0.0,0.0,0.0,0.0
117500000.0,-0.23316075421649884,-0.1760949684411912,-0.23316067806302954,-0.1760949744071354,-0.8468183805180303,0.34499388574597845,-0.8468183805179876,0.3449938854224257,-0.42773033728579435,0.4197251367930619,-0.42773033728541066,0.41972513669823286,0.0,0.0,0.0,0.0,0.016258588549561637,0.007378444612626822,0.016258588604429747,0.007378444693443953,0.028857044928997766,0.007805493592982771,0.02885704511278675,0.0078054934269147225,-0.014645637439045345,-0.03092971766022856,-0.014645637454549387,-0.030929717279207125,0.016163994789522462,0.024284398222903292,0.016163994607481413,0.02428439842303476,0.06418920527447369,0.005975855075405434,0.06418920331438471,0.005975849578732095,0.05492004644123938,0.010185043171915709,0.0549200462392605,0.010185041197573241,0.05517371460150855,0.01410102007210412,0.05517371574137542,0.014101019164669992,0.04920700859520366,0.03701535937129563,0.04920700923385368,0.03701536257931082,-0.02560456084687246,-0.05482995405786539,-0.025604562797752806,-0.05482995188869211,-0.01318256390881345,0.001150234574495812,-0.013186321604692353,0.0011497069603763066,0.03170816805904053,-0.11025855223311964,0.03170816805290144,-0.11025855201532409,0.0,0.0,0.0,0.0,-0.0077151847988687905,-0.0073953583389538835,-0.007715184400680641,-0.007395356753505666,-0.010140635956403798,0.003834612935222026,-0.010140635969349887,0.0038346130870934303,0.0021431403457796705,-0.0014920940951270723,0.0021428828414400414,-0.0014920982977741915,0.0,0.0,0.0,0.0,0.0008644388643830325,0.000370889224186044,0.0008644388621661392,0.0003708893415819148,0.000684140084032947,0.0007980203011470621,0.0006841400810344567,0.0007980206093236575,6.136654798183372e-05,0.00012612109402709848,6.136638519649296e-05,0.00012612078668894355,-0.00022088457188829125,-3.775557497931459e-05,-0.00022088840471212734,-3.775856770005248e-05,0.0,0.0,0.0,0.0
117800000.0,-0.2879230870927785,-0.021000266192260142,-0.2879231087093075,-0.021000341490662322,-0.7162723955979544,0.5543011817657089,-0.7162723959456372,0.5543011817387509,-0.23672315647529274,0.5457732350783715,-0.23672315658667742,0.5457732350515272,0.0,0.0,0.0,0.0,0.017531475020831522,-0.0031895424741321676,0.017531475093889526,-0.0031895425344714567,0.02793583686936074,-0.009869230129012863,0.027935836671431957,-0.00986923026947295,-0.02911215724080307,-0.01707556177034064,-0.029112156850970905,-0.017075561786739968,0.027341948109196323,0.01086657191549989,0.027341948339994815,0.01086657207662256,0.055708544501257506,-0.03163304745588391,0.05570853936789888,-0.031633044524383536,0.05064693039068402,-0.02264582719450914,0.05064692844806018,-0.022645826610002473,0.0534645291808431,-0.01942145432312259,0.05346452811639324,-0.01942145519804228,0.06201115204612506,0.0032260299373660928,0.06201115520428857,0.0032260289169130374,-0.05174420503590227,-0.031101277625921853,-0.05174420270704161,-0.03110127586843703,-0.006380946469050741,0.011483875053883708,-0.006380980892075172,0.011487693919775666,-0.01490183361573827,-0.11260529203087799,-0.014901833397928499,-0.11260529203519809,0.0,0.0,0.0,0.0,-0.010392289675266397,-0.0017143165046320519,-0.010392288130958605,-0.0017143171439499838,-0.005912257017470779,0.00896489744003759,-0.005912256855992837,0.008964897459648569,-0.00011414734392189985,-0.0025954696968710778,-0.00011413078236444107,-0.0025952290019546354,0.0,0.0,0.0,0.0,0.0009008268896053551,-0.00023970765572300934,0.0009008270144050812,-0.00023970764705438796,0.0010333256572465643,0.0002160154783013013,0.001033325984664657,0.0002160155003281261,0.00013813193200462592,1.0219171173275754e-05,0.00013813185012168105,1.0219441577419275e-05,-0.00014299375062876152,0.0001710882217054177,-0.0001429951015268216,0.00017109277865756667,0.0,0.0,0.0,0.0
118100000.0,-0.25052745968797296,0.13702027666568029,-0.2505275309481192,0.13702031347148136,-0.5361440437775968,0.7191901794255244,-0.5361440437826133,0.7191901798390603,-0.01375087185400048,0.5905298255897264,-0.013750871877419968,0.5905298257441416,0.0,0.0,0.0,0.0,0.012558559805754044,-0.012579354201804449,0.012558559738252484,-0.012579354271267107,0.01722473120445045,-0.02374986036583948,0.017224731103127056,-0.0237498601553483,-0.03322502626453172,0.002224506157162409,-0.03322502632117619,0.0022245057557057635,0.02890160405601705,-0.006689716277421098,0.028901604185790575,-0.006689716538801349,0.02735469797028145,-0.057397089761622055,0.02735470175164778,-0.05739708520550835,0.02860535621039162,-0.04702152500550483,0.028605357136953558,-0.04702152319143238,0.033147859333936935,-0.046079515142878336,0.03314785869426373,-0.046079514021926116,0.05361307790130354,-0.032278191614153684,0.05361307644463409,-0.03227819468320092,-0.06017955309656031,0.003033821566432948,-0.06017955157672361,0.0030338190816507904,0.005913545116825958,0.011643641542917749,0.005917338450743159,0.011643178647020136,-0.05807661501185635,-0.09628377786826547,-0.05807661503804695,-0.09628377809262645,0.0,0.0,0.0,0.0,-0.009399103543714205,0.004374115261256861,-0.009399104425540372,0.004374113793176093,0.00045574491056754596,0.010627546058401549,0.00045574491784350357,0.010627545869155597,-0.002241314060171362,-0.001281759366975166,-0.0022410936419703376,-0.001281793092871908,0.0,0.0,0.0,0.0,0.0005556336160026376,-0.0007377193091855361,0.000555633616059481,-0.0007377194549178512,0.0009547298397762916,-0.0004612396594296797,0.000954729839534707,-0.000461240041659039,7.732437163099348e-05,-0.00011272920048099877,7.732466004028993e-05,-0.00011272935105921533,7.576897078820366e-05,0.0002084064633578464,7.577362758581785e-05,0.000208406060210109,0.0,0.0,0.0,0.0
118400000.0,-0.13488620041761124,0.2485511461665766,-0.13488614950482258,0.24855121037053607,-0.3205558861955353,0.8285544942555703,-0.3205558857249855,0.828554494162205,0.2083570841667779,0.5483028913752719,0.2083570843635414,0.5483028913495218,0.0,0.0,0.0,0.0,0.0031405264001307387,-0.017440581683260348,0.0031405263366934832,-0.017440581604020622,0.0006973277748016926,-0.0290172529664261,0.0006973279897835027,-0.029017252893851264,-0.025897441981172165,0.02024773562128246,-0.025897442385385716,0.02024773572853178,0.020097360843678302,-0.02213544603421269,0.02009736055950384,-0.02213544612216367,-0.010343828532754173,-0.062173628881694754,-0.010343824724358797,-0.062173633340322,-0.003100285013942994,-0.05445088104376339,-0.0031002833936071283,-0.05445088224259109,0.0014196741184235862,-0.05657149979357712,0.0014196752575657001,-0.05657149931593608,0.026515423677793137,-0.05716426648589845,0.026515420800379275,-0.05716426453159329,-0.048235946701538523,0.0359927585084705,-0.04823594929638375,0.03599275728271323,0.012891476880867003,0.0015883505222547,0.012890528842220306,0.0015846680236677457,-0.09076209138200397,-0.06442130340781205,-0.09076209160568283,-0.0644213033449006,0.0,0.0,0.0,0.0,-0.0052271781719213095,0.00875561351628562,-0.005227179512061753,0.008755614637294684,0.006530081371536767,0.008269344764258335,0.006530081161727708,0.00826934480025443,-0.0022633130212597052,0.0012017493064462315,-0.002263359592006964,0.0012015521184736144,0.0,0.0,0.0,0.0,-1.7816857123875707e-05,-0.0009146238266026785,-1.781701945446912e-05,-0.0009146237943298274,0.00047712509709185724,-0.0009522134276664929,0.0004771246701693599,-0.0009522133419892498,-5.7615845577174696e-05,-0.00012194363688422527,-5.7616201061705397e-05,-0.00012194386160047088,0.00021690212679459364,3.867494820042339e-05,0.0002169000895833051,3.867079676922458e-05,0.0,0.0,0.0,0.0
118700000.0,0.02136564834853516,0.2795610338221479,0.021365702757279337,0.27956097047925255,-0.08592597642864064,0.8755589205515264,-0.08592597667859536,0.8755589200930842,0.397040026049055,0.4261001777736766,0.3970400259380398,0.42610017757212404,0.0,0.0,0.0,0.0,-0.007332549440519642,-0.016062025320337625,-0.007332549346472206,-0.01606202527204914,-0.01569759744235455,-0.024016511551863573,-0.01569759738866594,-0.02401651177729036,-0.00993413382458641,0.030917201248726656,-0.009934133658759947,0.030917201633926084,0.003926785193414162,-0.029858055588661614,0.00392678515581224,-0.029858055296259067,-0.043632827414469944,-0.04462855338587701,-0.04363283234360438,-0.044628556335965186,-0.033084129823777175,-0.042664859918019715,-0.03308413121659726,-0.042664861319792635,-0.030552574647899178,-0.047368289948082065,-0.030552574265499288,-0.04736829113893748,-0.010132488417241348,-0.06257576916969754,-0.010132485947977443,-0.06257576665173303,-0.02004348324237526,0.0567334722706363,-0.020043484137957535,0.056733474883245094,0.008455459012139954,-0.009761823743730247,0.008451968291822709,-0.009760418352556144,-0.10781575456947223,-0.02262715024676254,-0.10781575446041813,-0.022627150045678945,0.0,0.0,0.0,0.0,0.0005681785098943237,0.010014782510140208,0.0005681798513279546,0.010014783652991355,0.010039146633090468,0.002855250531226261,0.01003914673505335,0.002855250732906711,-0.0001914342471565078,0.0025328290523134456,-0.00019160604020385108,0.0025328833131652573,0.0,0.0,0.0,0.0,-0.0005726401004437776,-0.0007019493480839856,-0.0005726400180350311,-0.000701949191054041,-0.00020402695885479716,-0.0010502939644254639,-0.0002040267382312777,-0.001050293551728032,-0.00013254796813555458,-1.1641801322070933e-05,-0.00013254806832208033,-1.1641295515119054e-05,0.00014105728945423834,-0.00016703753242097719,0.00014105415100118535,-0.0001670341848125645,0.0,0.0,0.0,0.0
119000000.0,0.1685079634740987,0.2213586518143842,0.16850788992120158,0.22135860954671216,0.15027299043899234,0.8580546859460156,0.15027299009599915,0.8580546863553451,0.5247571669284241,0.24268106504800357,0.5247571667793522,0.24268106524894506,0.0,0.0,0.0,0.0,-0.015114314227574255,-0.008983022951724706,-0.015114314204154766,-0.008983023059215611,-0.026216387163685795,-0.010765654195012075,-0.026216387412418385,-0.010765654232884003,0.00903420160992141,0.030804072764738066,0.009034201949290832,0.03080407254482509,-0.013884093941697984,-0.02694992731389334,-0.013884093658674601,-0.026949927329226853,-0.060671563871281364,-0.01154125466243272,-0.06067156591380751,-0.011541249484849914,-0.05086820633326283,-0.016262642608495526,-0.050868207524075615,-0.01626264108708142,-0.051661291546906796,-0.021893144203133375,-0.051661292869198405,-0.021893144499969708,-0.04367212939641263,-0.04638608138063205,-0.043672127431278795,-0.04638608429431201,0.014920147447568866,0.05833998012468555,0.014920149963657536,0.058339980704644745,-0.003379231216214862,-0.012373293064968038,-0.0033774106947106475,-0.012370067900647541,-0.10679550621725298,0.02200123365297202,-0.10679550606835164,0.022001233501995898,0.0,0.0,0.0,0.0,0.005973228193596469,0.007863191225240485,0.0059732290692977585,0.007863189712949747,0.009718977608230261,-0.00352532718525822,0.009718977758026881,-0.0035253273531026252,0.002017753736581085,0.001501727298304445,0.002017809768886991,0.001501872743972399,0.0,0.0,0.0,0.0,-0.0008748719172047004,-0.00019737745628845005,-0.0008748718003062095,-0.0001973775893873153,-0.0008063836940550573,-0.0007107409204962778,-0.000806383385580034,-0.0007107412774871591,-7.599861704932209e-05,0.00010706807451299483,-7.599803399216398e-05,0.00010706801779747366,-7.318259584110365e-05,-0.0002039249997665138,-7.317840794485164e-05,-0.00020392321751216969,0.0,0.0,0.0,0.0
119300000.0,0.25988980986203103,0.09325584357736716,0.2598897815653345,0.09325592465199861,0.37081056461582307,0.7786460545205358,0.37081056511762256,0.7786460546516736,0.5731111116156029,0.025863342075254536,0.5731111118723646,0.025863342117929733,0.0,0.0,0.0,0.0,-0.017457031095801767,0.001220552868957725,-0.01745703120806752,0.001220552879615866,-0.027354096995267696,0.005879898396287331,-0.027354097007403766,0.005879898678813333,0.0245042988654518,0.020194343682504723,0.0245042986093722,0.020194343411063187,-0.0269308440218623,-0.014319875017932304,-0.026930844084276373,-0.014319875275631944,-0.05577450615091095,0.024913477273756257,-0.055774500938937877,0.024913478419406943,-0.050577730905700946,0.01516387789517637,-0.050577729295099516,0.015163878895535277,-0.05477143392840844,0.010832343345128947,-0.054771434074126546,0.010832344870678412,-0.06242114081319983,-0.014038748013362579,-0.06242114400215826,-0.014038749266248374,0.04494520989412365,0.04023829406938262,0.04494521023515574,0.04023829174782634,-0.012059894892558987,-0.004046836030752843,-0.012056999328976303,-0.004049016695191199,-0.08828158861695101,0.062081356673743926,-0.0882815887864723,0.06208135660193648,0.0,0.0,0.0,0.0,0.009209403581678544,0.00315089663024537,0.00920940198083997,0.003150896072028786,0.005765039865906374,-0.008463535058297111,0.005765039660801108,-0.00846353511629161,0.002324973881897563,-0.0008899019775441275,0.002325093662193467,-0.0008899534295636613,0.0,0.0,0.0,0.0,-0.000802189524165442,0.000380115225354416,-0.0008021896873060541,0.00038011517798963723,-0.0010776378973673673,-7.104510292776922e-05,-0.0010776383326316363,-7.104522646272926e-05,5.32494684506446e-05,0.00011816728908797813,5.324925399463609e-05,0.00011816670122755113,-0.00021094513881791954,-3.861014596395762e-05,-0.0002109448547997772,-3.861463196130899e-05,0.0,0.0,0.0,0.0
119600000.0,0.2665819291878364,-0.06311445612737998,0.266582014741374,-0.0631144430050199,0.5599560447051743,0.6444075671268337,0.5599560445811704,0.6444075666501448,0.5356968547354342,-0.19160194342723003,0.5356968546460052,-0.19160194367798056,0.0,0.0,0.0,0.0,-0.013586763496633125,0.01088715857282807,-0.013586763449765726,0.010887158673995145,-0.018994753734546066,0.020041158539441994,-0.018994753418269283,0.02004115850481014,0.031289783279561334,0.0029108695268860174,0.03128978308578212,0.0029108697880246837,-0.03046222392563891,0.003592667251368198,-0.030462224146646122,0.003592667347319889,-0.031225975535747352,0.051717431815518466,-0.03122597522761339,0.051717426759068985,-0.03281686521701488,0.040592824049440424,-0.03281686439237319,0.04059282236477202,-0.03909213732454475,0.039475062612183365,-0.03909213558239344,0.03947506248330512,-0.059817970548863286,0.023364983110610638,-0.059817971021843164,0.023364986334797777,0.05989882258596424,0.008403110284916693,0.059898820499611816,0.008403110062786823,-0.009986605415789995,0.00768534916004171,-0.009989080603418188,0.007682835255650389,-0.05569814404769602,0.09115605686486106,-0.05569814403341411,0.09115605701632035,0.0,0.0,0.0,0.0,0.009284469319865707,-0.002479437273422036,0.009284469092392555,-0.0024794356887838376,-0.00027072214538748085,-0.010139068645614202,-0.0002707220943420907,-0.010139068454762423,0.0004915841980732694,-0.0024144123380125393,0.0004915435312824457,-0.002414509047497404,0.0,0.0,0.0,0.0,-0.00039319143343163887,0.0007854764045447382,-0.0003931913984871471,0.0007854765590877832,-0.0009011645800711676,0.000604550347745203,-0.0009011644838921029,0.000604550758950495,0.00012726718944122695,1.366379350997704e-05,0.00012726665863738162,1.3664138478475252e-05,-0.0001378487088032898,0.00016116449758385443,-0.00013785295698198752,0.000161165649970485,0.0,0.0,0.0,0.0
119900000.0,0.18708083825156052,-0.19680374207185025,0.18708083571860357,-0.19680382885778158,0.7046044547768417,0.46627692609754945,0.7046044544524932,0.46627692644342744,0.41916636897792614,-0.3770211886631216,0.41916636880357316,-0.37702118845945165,0.0,0.0,0.0,0.0,-0.004949887631397587,0.016595062745636824,-0.00494988755829695,0.016595062668031346,-0.004315345832267781,0.026903662930891414,-0.004315345936234394,0.026903662595231026,0.027239566354680278,-0.015028696137221687,0.027239566587098807,-0.015028696012450382,-0.023119496466421197,0.020405368307336857,-0.023119496353288582,0.020405368488326303,0.0038186554965591313,0.059635165551597424,0.003818650751540531,0.059635165983394245,-0.0041861475069282506,0.05144030306584568,-0.0041861492629777786,0.05144030242018971,-0.01025500832567161,0.05433883580772658,-0.010255008858337078,0.05433883392329619,-0.03669069290934601,0.0529837694677866,-0.03669068989961488,0.05298376921300019,0.05457876388040006,-0.026521921079392996,0.054578763652187945,-0.026521919196881072,0.0007926550424315337,0.012452357066663922,0.0007905610411285124,0.012455053085957957,-0.014681467538338211,0.10471745537530808,-0.014681467444191298,0.10471745528633392,0.0,0.0,0.0,0.0,0.006262662935242247,-0.007148234816966692,0.006262664398519746,-0.007148234886798832,-0.006088486110741087,-0.007989634805710466,-0.006088485986296632,-0.0079896349529065,-0.001754903564773258,-0.0016947174578660906,-0.0017549816988520206,-0.0016946929145120748,0.0,0.0,0.0,0.0,0.00017250279766756194,0.000851670046230879,0.00017250290105153,0.0008516699390526128,-0.0003461755453599835,0.0010340465942704213,-0.00034617526935676324,0.0010340463041416115,7.523242190643487e-05,-0.00010163394284745664,7.523284787680495e-05,-0.00010163351417702415,6.902739254144308e-05,0.0001979430597884857,6.902973898093023e-05,0.00019794661139371783,0.0,0.0,0.0,0.0
120200000.0,0.048357569072862816,-0.26433004572044183,0.04835748431493414,-0.2643300278223961,0.7951890682902132,0.2581725234045962,0.795189068757594,0.2581725234851575,0.24224641173867667,-0.5028511557986661,0.2422464120033112,-0.5028511557487008,0.0,0.0,0.0,0.0,0.005338883640320091,0.016374189587835986,0.005338883544581563,0.016374189552877283,0.011445240008441715,0.02433192716530641,0.011445239678309349,0.024331927351724403,0.013928199937623731,-0.02747419340833801,0.013928200014873937,-0.027474193588446383,-0.007439367617692483,0.030089977908716037,-0.007439367473708103,0.030089977791789124,0.036763334189302554,0.046308713696163295,0.036763335239584194,0.046308718009200334,0.025216902195950297,0.044384365923789915,0.025216901748166265,0.044384367739723984,0.02178074621480164,0.050583705113723454,0.021780744338812497,0.05058370612567842,-0.000892004030362159,0.06468209186166973,-0.0008920048539380332,0.06468208925659269,0.0305554593120263,-0.052673526248639746,0.030555461081647195,-0.05267352593313035,0.010664257641934682,0.006246191446891203,0.010667095646880398,0.006247842415405103,0.02788928367519361,0.10088826056508537,0.027889283541753684,0.10088826055525146,0.0,0.0,0.0,0.0,0.00120854228291023,-0.009334658075061952,0.0012085419869549696,-0.00933465934178912,-0.00951691278878286,-0.002895528276738446,-0.009516912989298021,-0.0028955282956530937,-0.0023500862365324338,0.0005639461182056493,-0.002350081572544127,0.0005640117406926493,0.0,0.0,0.0,0.0,0.0006532856007623877,0.0005583895029417363,0.0006532854528842336,0.0005583894797211997,0.00035916760023724237,0.0010353152712241354,0.00035916720207751496,0.001035315207090548,-4.90635451626531e-05,-0.00011490064410679679,-4.906323792397416e-05,-0.00011490109606882015,0.0002033586822989264,3.979184042179895e-05,0.00020336121373532023,3.978866811849002e-05,0.0,0.0,0.0,0.0
120500000.0,-0.10298789288650312,-0.24460987318815341,-0.10298786067806986,-0.24460979352190293,0.8263149740601818,0.03590505443966663,0.8263149738756965,0.03590505398165078,0.03278188581151653,-0.5510458442747108,0.0327818857251998,-0.5510458445290567,0.0,0.0,0.0,0.0,0.013626577871235668,0.010376528675848817,0.013626577877019486,0.01037652877381845,0.022858291726819857,0.013488892584618384,0.022858291991425972,0.01348889287901045,-0.003916042280621923,-0.030243428727558808,-0.003916042401371556,-0.030243428786420168,0.011049155225904883,0.029132236412465318,0.011049155113738607,0.029132236298394787,0.05603899898636655,0.016876931979510346,0.05603900278653384,0.016876930446557026,0.0453374404062572,0.02228281442759794,0.04533744225042824,0.02228281465251314,0.04616453820733568,0.029702138723848748,0.04616453968357348,0.029702140409341382,0.03545524420493962,0.054434823729877735,0.03545524208641382,0.05443482490709073,-0.004172262652502923,-0.06095877700188623,-0.004172262240089708,-0.060958778775116684,0.011047461727812902,-0.0052962323807008715,0.011048662336307302,-0.005299131544788338,0.06503535104741331,0.08066314737708069,0.06503535112841519,0.08066314751629022,0.0,0.0,0.0,0.0,-0.00416623286808715,-0.0083515530802174,-0.0041662339033621265,-0.008351552649202176,-0.009322928373137529,0.0031800873988032663,-0.009322928277939013,0.0031800875971299547,-0.0007797599602810124,0.002264688386091507,-0.0007796998553288859,0.0022647052457784866,0.0,0.0,0.0,0.0,0.0008489056412486207,3.718703655408717e-05,0.0008489057045295567,3.7187182641673644e-05,0.0009213641804137751,0.0006033479020004506,0.0009213643454728526,0.0006033482930121181,-0.0001224518110518602,-1.552183735498147e-05,-0.00012245223561535568,-1.5522026899361663e-05,0.00013554495718892667,-0.00015365208895445903,0.00013554140087990163,-0.00015365343806195142,0.0,0.0,0.0,0.0
120800000.0,-0.21688783435057246,-0.14623521981455667,-0.2168877624354053,-0.14623526459833158,0.7970697732305609,-0.1840320798719972,0.7970697728981122,-0.1840320794792092,-0.17675667024693098,-0.5158808125340784,-0.17675667042877308,-0.5158808123427718,0.0,0.0,0.0,0.0,0.017015789116641145,0.0007864580043417391,0.017015789202602605,0.0007864579659724313,0.026151837257017974,-0.0016851559875021849,0.026151837489351237,-0.0016851563094348876,-0.020065260104331628,-0.022547241187240274,-0.020065260171605814,-0.022547241115802308,0.02578769661562319,0.017783509109662532,0.025787696522627357,0.017783509216954485,0.055089423724410835,-0.01796916112138547,0.055089421846460596,-0.017969164362995116,0.049530376020186395,-0.006990076201603301,0.04953037600826349,-0.006990078019583734,0.05475474238396316,-0.0011170238684599099,0.05475474372531153,-0.0011170256981358762,0.060061544168974024,0.025603318962382104,0.06006154549422149,0.025603320627013204,-0.037739210941722945,-0.048279352691963595,-0.03773921281677417,-0.04827935313645071,0.0017755860363308784,-0.012024535600318131,0.0017727052418763378,-0.012025294325340496,0.09081049055944845,0.04768378685371033,0.09081049066639935,0.047683786695984054,0.0,0.0,0.0,0.0,-0.008056942917704646,-0.00456541508781072,-0.00805694243960886,-0.004565414273073998,-0.005652594301807312,0.0079483572089174,-0.0056525941565155335,0.00794835702237151,0.0014789980278209214,0.0018568272298011834,0.0014790357202656423,0.0018567655427688123,0.0,0.0,0.0,0.0,0.0006838630646228694,-0.00048761187673562745,0.0006838631703658393,-0.00048761200909552826,0.0011035991399808154,-8.565037295227285e-05,0.001103599423487367,-8.565072127453277e-05,-7.42961795623387e-05,9.664028650036016e-05,-7.42962749882281e-05,9.66406402795883e-05,-6.3336042032347e-05,-0.0001925598555914121,-6.33362126478687e-05,-0.0001925563627764859,0.0,0.0,0.0,0.0
121100000.0,-0.2572697369286061,-0.003923795125643892,-0.2572697920193008,-0.003923857210750725,0.7109925896497344,-0.3857002466262571,0.7109925901457217,-0.3857002464814627,-0.3545461799766372,-0.40471984067494304,-0.3545461797403533,-0.4047198405957033,0.0,0.0,0.0,0.0,0.014368722032344294,-0.008976340208498357,0.014368721973625043,-0.008976340271821925,0.02042474042609399,-0.01589887413420854,0.020424740077686465,-0.01589887429108927,-0.02896822717329428,-0.007234743244524111,-0.028968227128956414,-0.007234743152480405,0.031503260511087205,-2.0139701248922393e-05,0.031503260616332796,-2.013962421187898e-05,0.03458040999097989,-0.04578760047350272,0.034580407318912876,-0.04578759838216939,0.03668984417060983,-0.0333115974186029,0.03668984244363571,-0.03331159717922105,0.044750358611921115,-0.03143971011495239,0.0447503565996783,-0.03143971103494181,0.06453648319090632,-0.01222852330430868,0.06453648451713434,-0.012228524639127158,-0.05845753189035463,-0.018802358745340086,-0.058457532259367895,-0.018802356729729297,-0.008913410489455487,-0.008128907739752833,-0.00891375089568669,-0.008126120314685181,0.10124328124273063,0.0075935466862233625,0.10124328103761115,0.007593546634275583,0.0,0.0,0.0,0.0,-0.00916223758549961,0.0007173501241766189,-0.009162236948469626,0.0007173496606398544,5.3432595109370595e-05,0.00965655865424253,5.3432361298177966e-05,0.009656558589561826,0.0023384082577138088,-0.00025033287608522414,0.0023383386356528035,-0.0002503885115601179,0.0,0.0,0.0,0.0,0.00023611687495872502,-0.0007956565196209908,0.00023611670785328442,-0.0007956565651596748,0.000825493497984553,-0.0007459263253934978,0.0008254930558280194,-0.0007459264470668359,4.532095255171953e-05,0.00011144880078006736,4.5321206400217307e-05,0.00011144883730196398,-0.00019614770303633122,-4.2324345962185816e-05,-0.00019614466918937978,-4.232520113589544e-05,0.0,0.0,0.0,0.0
121400000.0,-0.21394436189437727,0.13444377697276622,-0.21394441277003295,0.13444383977159902,0.575709094117471,-0.554886263768104,0.5757090940812617,-0.554886264256389,-0.4745277317822456,-0.23656589317108967,-0.4745277317989576,-0.23656589339234557,0.0,0.0,0.0,0.0,0.006682539516646102,-0.015470296304144426,0.006682539478489957,-0.015470296238156322,0.007861285326583811,-0.024333491026425236,0.007861285243677685,-0.024333490682487025,-0.0276843885953042,0.010241905093344883,-0.027684388478007804,0.010241905053618439,0.026069276591272228,-0.018025109608032608,0.026069276652449958,-0.018025109715814835,0.0021100619716065694,-0.05676875306243545,0.002110064154265956,-0.0567687509437107,0.011506382573500673,-0.047748577102105116,0.01150638300207163,-0.0477485755239897,0.019569034477058267,-0.0510409769478386,0.01956903395772258,-0.051040974926316096,0.047144889524076916,-0.046404721014496886,0.04714488822457952,-0.04640472214354929,-0.05897622739090025,0.01732341168708018,-0.058976225265965354,0.01732341187283737,-0.011626531740134283,0.002840411694663203,-0.011623905152944758,0.0028403710201914123,0.09494367572942508,-0.03291808696048548,0.09494367573567786,-0.032918086740714614,0.0,0.0,0.0,0.0,-0.007130666882375181,0.005682515559271906,-0.007130667304622307,0.00568251504549977,0.0056254980293601875,0.007730160246580908,0.005625498042334698,0.007730160483156112,0.0010311225833419257,-0.0020869939494971845,0.0010310536278126392,-0.002086911494458832,0.0,0.0,0.0,0.0,-0.00029961754842133814,-0.0007631669305823152,-0.000299617535915786,-0.0007631667634768746,0.000198577978665071,-0.0011005580249801028,0.00019857801174794076,-0.0011005575837828019,0.00011744336252661469,1.6905290792124106e-05,0.00011744337770380753,1.6905151106527683e-05,-0.00013437392635751166,0.0001464029063953376,-0.00013437553947426295,0.00014640063282911342,0.0,0.0,0.0,0.0
121700000.0,-0.10458469503382162,0.22474248862844348,-0.10458462722620254,0.22474252765145764,0.40226618716454254,-0.6801177631158382,0.4022661867554831,-0.680117762961558,-0.5204433363075367,-0.038670939491154854,-0.5204433364756653,-0.03867093941629918,0.0,0.0,0.0,0.0,-0.003282278229306712,-0.016437969358477744,-0.003282278165244179,-0.016437969339534675,-0.007088043560329993,-0.02425475779228492,-0.007088043240457864,-0.024254757765191926,-0.016879621951687795,0.023779194953029048,-0.01687962200180948,0.023779194822104444,0.011278978518816984,-0.029837079593526994,0.011278978407915474,-0.02983707963488058,-0.030510837475389962,-0.047215998200783815,-0.030510835867502806,-0.04721600036949525,-0.017198348440587097,-0.04555112607081213,-0.01719834704350376,-0.04555112662936267,-0.012282224102705186,-0.05328107601797427,-0.012282222193121584,-0.05328107580366037,0.013430833895696992,-0.06532573849624868,0.013430832856101915,-0.06532573719685075,-0.03900906151177708,0.04748219075791127,-0.03900906157463169,0.047482188612512743,-0.004083851687425977,0.011137185967569962,-0.004084224578093654,0.011134777536462082,0.07328189015443343,-0.06722442613766333,0.07328189036493882,-0.06722442618883662,0.0,0.0,0.0,0.0,-0.00269213439415239,0.008629877768839833,-0.002692134827370296,0.008629878153193715,0.008989165092486928,0.002961452900677841,0.008989165299468027,0.002961452834384204,-0.0011957816000034427,-0.0019663172012656105,-0.0011956833109678655,-0.0019662405901925695,0.0,0.0,0.0,0.0,-0.000696767541370491,-0.00041241672651892713,-0.0006967673993898416,-0.00041241677843828484,-0.0005181885010188125,-0.0009975889280795514,-0.0005181881263780497,-0.0009975890630329332,7.28333167501205e-05,-9.146793431824563e-05,7.283328854157389e-05,-9.146796335812724e-05,5.790884739553803e-05,0.00018811487189651643,5.790751340839506e-05,0.0001881169038639996,0.0,0.0,0.0,0.0
122000000.0,0.03305484990553964,0.2408309610131809,0.033054877122722814,0.24083089077114295,0.20422315628198362,-0.7534479944112888,0.2042231564715422,-0.7534479940972147,-0.48808691702686247,0.15813863632632064,-0.4880869169419668,0.1581386364358437,0.0,0.0,0.0,0.0,-0.011985454850986343,-0.01158955220530089,-0.011985454843667753,-0.011589552265895975,-0.01926483403862278,-0.015889484448429414,-0.019264834046680335,-0.015889484738032422,-0.0005253542238108366,0.02878173453239441,-0.0005253543516516856,0.02878173459451716,-0.007735781671144082,-0.031167446659274844,-0.007735781688182897,-0.031167446547350153,-0.05151501629136135,-0.02087913013550491,-0.05151501836240868,-0.020879131292339537,-0.039510991076454616,-0.027725504208831353,-0.03951099170139116,-0.027725505423759955,-0.04000482333034938,-0.037340433091017644,-0.040004823299625514,-0.037340434846299786,-0.025484833559431763,-0.06228910802251875,-0.025484832191054352,-0.06228910702883894,-0.005529444050495158,0.0611037877009295,-0.0055294461118649,0.06110378801401595,0.006902275727100005,0.009498545837509198,0.006900130534418736,0.00949919303410951,0.04011560809422576,-0.08984376420536933,0.04011560801700398,-0.08984376439774877,0.0,0.0,0.0,0.0,0.0025918655621666176,0.008570659651681467,0.0025918659249839493,0.008570660023039522,0.008935755624804642,-0.0028143977576107204,0.00893575553880055,-0.002814397926876211,-0.0022719332518903457,-4.468456209139049e-05,-0.0022718549221423245,-4.479967863346701e-05,0.0,0.0,0.0,0.0,-0.0007928793058766814,0.00010158705418206182,-0.0007928793704934378,0.00010158694171025218,-0.0010252582084717687,-0.0004751976775949629,-0.0010252583770977708,-0.0004751979719941346,-4.1445948710361336e-05,-0.00010741182440909824,-4.144602341682457e-05,-0.00010741189352359015,0.0001897541595212715,4.450314766302199e-05,0.00018975624657002754,4.4503492219405416e-05,0.0,0.0,0.0,0.0
122300000.0,0.15473849416805763,0.18142360780629474,0.1547384237554894,0.18142359177684853,-0.0034254866228735636,-0.7709540922345255,-0.003425486368016095,-0.7709540924018938,-0.38543508076294586,0.32453020495978535,-0.3854350806858662,0.3245302048962486,0.0,0.0,0.0,0.0,-0.01635970775532769,-0.0026934454785489947,-0.016359707813549562,-0.002693445481831702,-0.02457087082653686,-0.0022873805941898695,-0.024570871087917112,-0.002287380568958497,0.015574212517478259,0.023743230668593185,0.015574212585377722,0.023743230781079205,-0.024259722406952733,-0.02138150649873438,-0.024259722300271847,-0.021381506508987513,-0.053477449920919184,0.012412729575991932,-0.05347745069360599,0.01241273148824007,-0.04783571890347105,-0.0006477516305665176,-0.047835719957873835,-0.0006477509884490473,-0.054114031129699924,-0.008566200389985568,-0.05411403275802229,-0.008566200330555773,-0.056458458697335345,-0.0378421027419833,-0.05645845776338376,-0.037842104235267016,0.029710138168809408,0.05347797136267474,0.02971013867929173,0.05347797325738668,0.01159933258641388,-0.0004293233198495727,0.011600190099798624,-0.00042747277642973813,0.0011136352431577734,-0.09731924998536812,0.001113635067227392,-0.09731924989809215,0.0,0.0,0.0,0.0,0.006882793532128062,0.005576837513025623,0.006882793840063073,0.00557683715791768,0.005554754721785571,-0.007424210094228556,0.005554754578312782,-0.007424210013986965,-0.0012409445899663751,0.0018665963538211372,-0.0012410757135796757,0.001866521820282685,0.0,0.0,0.0,0.0,-0.0005559129031666998,0.0005598193313787192,-0.000555912996858865,0.0005598193908795679,-0.0011076558889016042,0.00025210057970781463,-0.0011076561323619671,0.00025210073312820214,-0.00011180239883401555,-1.8341348592798568e-05,-0.00011180254284681723,-1.8341204388150345e-05,0.0001327166405076241,-0.0001399561056061316,0.00013271607281239994,-0.00013995790630616511,0.0,0.0,0.0,0.0
122600000.0,0.22386693541290015,0.06844001735399274,0.22386692955217313,0.06844008610429597,-0.20540810010901112,-0.7329164672323998,-0.20540810024544953,-0.7329164674858504,-0.23075239665550384,0.4372050686287068,-0.23075239669344683,0.43720506854814545,0.0,0.0,0.0,0.0,-0.014894916952201243,0.007059652235831493,-0.014894916952627568,0.007059652294579166,-0.02134834475693026,0.011775486129522506,-0.021348344719783086,0.01177548637142678,0.025868059808416888,0.010689500818294562,0.025868059905093332,0.010689500754693881,-0.03234448655719291,-0.00379681523310893,-0.03234448659110001,-0.003796815328612979,-0.03605144469638333,0.04039675257092057,-0.03605144297829099,0.04039675303011592,-0.039509898412347866,0.026178490619059858,-0.039509897773527314,0.026178491548250804,-0.04968693752711317,0.02325135812106538,-0.04968693740954677,0.023251359683968076,-0.06867777704404432,0.0001665471106164773,-0.06867777866784763,0.0001665462764819381,0.05441132431360529,0.027416606372320018,0.05441132601191612,0.027416605744846834,0.006043779833788676,-0.009741591587015819,0.006045318706910052,-0.009742592547326012,-0.03721020291889943,-0.08875327747699657,-0.03721020282584675,-0.08875327731020377,0.0,0.0,0.0,0.0,0.008722052191231455,0.00074413421090469,0.008722051847684043,0.0007441339756226739,0.0001746765789221172,-0.009173449198335959,0.00017467665098536145,-0.00917344905862194,0.0008923606660999894,0.0020215182651313057,0.0008922945193745591,0.002021663186191347,0.0,0.0,0.0,0.0,-9.385406808348762e-05,0.0007727695334125428,-9.385401853023723e-05,0.0007727696263586381,-0.0007261502504860573,0.0008814112908979155,-0.0007261501209541166,0.0008814115325392891,-7.131698808393594e-05,8.56434650060578e-05,-7.131675975813323e-05,8.564365843000132e-05,-5.338086805295461e-05,-0.00018306404236767548,-5.338209935246141e-05,-0.00018306274490242913,0.0,0.0,0.0,0.0
122900000.0,0.22177588837767814,-0.06133875419874357,0.22177595410506967,-0.061338757275692046,-0.38732266986210107,-0.6436730954900369,-0.3873226701554273,-0.6436730953460525,-0.04914481016712102,0.48215691080524437,-0.049144810276899875,0.4821569108409065,0.0,0.0,0.0,0.0,-0.008168736012947875,0.014198315069009482,-0.00816873595067591,0.014198315063538303,-0.01090252093699462,0.021470213518838932,-0.010902520705187158,0.02147021346610245,0.02698888715356418,-0.005640432267803419,0.02698888710374092,-0.005640432357985503,-0.028949303874924226,0.015412543742705509,-0.02894930395282813,0.015412543795683575,-0.0060513912080466525,0.052967479818249785,-0.006051390994556982,0.05296747831190629,-0.01769622385127434,0.04346265744729294,-0.017696223018973,0.043462656810326905,-0.02813244772492851,0.04717147138140376,-0.02813244618479871,0.047171471178707236,-0.05743361574711514,0.03898752085090251,-0.057433616459974246,0.03898752256185389,0.06011023280353811,-0.007836188510282227,0.060110232126078245,-0.00783619003463798,-0.004637843283802567,-0.010323773780960721,-0.00463892118069964,-0.010324998305968336,-0.06859063711296187,-0.06590962196496974,-0.06859063694932388,-0.06590962206967532,0.0,0.0,0.0,0.0,0.007540997152972295,-0.004218488798287012,0.007540996994862326,-0.004218488485683736,-0.005156761266079002,-0.0074693342358784776,-0.0051567611149891945,-0.0074693343134555334,0.0021526017856672297,0.00033413746969301883,0.0021527574211148703,0.00033419181272620335,0.0,0.0,0.0,0.0,0.00039461055040135307,0.000658730893412951,0.0003946106558032625,0.0006587308415291204,-3.573907906684326e-05,0.0011475541301066983,-3.573880583473965e-05,0.0011475539930927425,3.693846382191168e-05,0.00010320383037054626,3.6938678235287625e-05,0.00010320351604775624,-0.000182701237278593,-4.559543245363784e-05,-0.00018269946946247728,-4.5594962834627495e-05,0.0,0.0,0.0,0.0
123200000.0,0.1519322436846977,-0.16798557700846573,0.15193223294011204,-0.16798563879456196,-0.5366827990747822,-0.5111687580183002,-0.5366827988654421,-0.5111687576916424,0.13172131108078133,0.4562023418808465,0.13172131115112506,0.45620234201847154,0.0,0.0,0.0,0.0,0.0013702297889892634,0.01621235758265982,0.001370229770927267,0.016212357518895715,0.0030085391133241046,0.023581341978733406,0.0030085390367418086,0.023581341758408314,0.01884720951980512,-0.01953538808471933,0.018847209422418132,-0.01953538804757926,-0.015101991224071298,0.029367115488888373,-0.015101991159980344,0.02936711554924898,0.025196572293822328,0.045942226814027265,0.02519657100364725,0.04594222678814219,0.00978790207817326,0.045386303282747065,0.009787901428182977,0.04538630253823328,0.003195706378235741,0.05488149418589927,0.003195706033025658,0.054881492680209476,-0.02599028288153704,0.065176247977341,-0.025990281143776883,0.06517624859881721,0.04509116177834471,-0.03997506366175685,0.045091160374454375,-0.03997506296035169,-0.011007693031729104,-0.0019110338154106898,-0.011008614088353852,-0.0019099420297905567,-0.08804729253694177,-0.03286887736997102,-0.08804729266505262,-0.03286887752692991,0.0,0.0,0.0,0.0,0.0038339079178371094,-0.007610514039861016,0.0038339081707619016,-0.007610513943831165,-0.00845203473748768,-0.0030212017271225022,-0.008452034843813294,-0.003021201885935909,0.0014242965961557275,-0.0016084458506853139,0.0014243369041082588,-0.0016086087428064388,0.0,0.0,0.0,0.0,0.0007057533666738891,0.00027453525729725925,0.0007057532939001021,0.0002745351439941146,0.0006771856617149297,0.0009347913829955701,0.0006771854674525457,0.0009347910856831732,0.00010588042052006585,2.034786123061849e-05,0.00010588002784572836,2.0347656075614395e-05,-0.00012973933834814488,0.00013290013549038804,-0.00012973971533369877,0.00013289819691664206,0.0,0.0,0.0,0.0
123500000.0,0.03772968600489435,-0.22005932457648214,0.03772962872909602,-0.22005930734759005,-0.643783741129397,-0.34624349675627286,-0.6437837408268194,-0.3462434970757542,0.28594619817945954,0.3666964872893672,0.285946198314349,0.36669648715590597,0.0,0.0,0.0,0.0,0.010292527059888812,0.01244675047939836,0.010292527001638518,0.012446750512175697,0.015528158864427155,0.017582200868154985,0.015528158668118408,0.017582200972142914,0.004540367915765842,-0.026322299196358756,0.004540367952827751,-0.02632229908360273,0.004377352749486363,0.03295186240038106,0.004377352796851142,0.03295186233043523,0.046207600117682546,0.022517479907868676,0.04620760023433945,0.022517480986216754,0.03328995771656196,0.03160199950458775,0.03328995707651927,0.03160200017617143,0.03348607783175339,0.04363728636472075,0.03348607643293633,0.04363728688813495,0.01523297013038416,0.069260790718495,0.015232970746524188,0.06926078898361965,0.014838816753169226,-0.057992751916906116,0.014838817500773871,-0.05799275058957676,-0.007650835068290007,0.007945052349022319,-0.007649786188707708,0.00794569288706981,-0.09268800641059727,0.004700684266829569,-0.09268800654386666,0.0047006844230566,0.0,0.0,0.0,0.0,-0.0010568582313368324,-0.008332489301587032,-0.001056858162712615,-0.008332489477915317,-0.0085270590130051,0.002450794218859187,-0.008527059157117378,0.0024507943711000735,-0.0005751374699372036,-0.0020407633646968293,-0.0005753041645562007,-0.0020407884263704545,0.0,0.0,0.0,0.0,0.0007157489145583895,-0.00021250021998042712,0.0007157488108759935,-0.0002125001108126412,0.0011135440922203088,0.0003271098382811033,0.0011135438187892532,0.00032711012690356256,7.027306847362524e-05,-7.945437370437958e-05,7.027289923655644e-05,-7.945391929098378e-05,4.8411001884574034e-05,0.00017647054462344158,4.840918947479622e-05,0.00017647174415458267,0.0,0.0,0.0,0.0
123800000.0,-0.08498420822127173,-0.20329893581315162,-0.08498418553568854,-0.20329888338388713,-0.7023260310839134,-0.16172461568647378,-0.7023260315091875,-0.16172461588147513,0.39307162911958926,0.22967092423467506,0.39307162892151837,0.22967092414921808,0.0,0.0,0.0,0.0,0.015428839112459514,0.004321153704019309,0.015428839158374785,0.004321153747163464,0.022408941595969623,0.0057492455431429335,0.02240894172294361,0.005749245696513583,-0.010836685132204593,-0.023933126094036083,-0.010836685005571667,-0.0239331261491742,0.02254243904818054,0.02471235512897607,0.02254243897270669,0.02471235508671299,0.04966534144448076,-0.008135377995124315,0.04966534232052311,-0.008135378217332345,0.04475770039607596,0.007251850274663241,0.0447577010799165,0.007251850783298153,0.05222522272059393,0.017283764664774992,0.05222522339921909,0.017283765852660338,0.05205812973895263,0.04923401673767103,0.05205812797041176,0.04923401601437405,-0.020029353629340108,-0.0559550954504644,-0.020029352373512666,-0.05595509629710449,0.002263647595867724,0.01065173292351318,0.002264040558500824,0.010650775188622674,-0.08214361912997958,0.0405275021006517,-0.08214361895294076,0.04052750218835399,0.0,0.0,0.0,0.0,-0.005442081619293049,-0.006235574873379335,-0.00544208172472338,-0.006235574960868462,-0.005428845148202299,0.006881949326086101,-0.005428844954622036,0.006881949419373257,-0.002002155003836492,-0.0006121913034107251,-0.0020021643810252954,-0.0006120240474487559,0.0,0.0,0.0,0.0,0.00042950128725749437,-0.0005976509084533177,0.00042950142976394545,-0.0005976508403975345,0.0010869594551365935,-0.00042473972092693657,0.001086959833145329,-0.0004247395415717392,-3.2023212014564706e-05,-9.93489889964394e-05,-3.202272104374515e-05,-9.934887012263971e-05,0.00017395062999980837,4.685951683569556e-05,0.00017395252862684174,4.686094608530311e-05,0.0,0.0,0.0,0.0
124100000.0,-0.17858126667600516,-0.12438741897731376,-0.17858121931391224,-0.12438744625369225,-0.7097559500602983,0.028599302480756705,-0.7097559500756887,0.02859930295122126,0.44060862137219203,0.06686025687840669,0.4406086213780327,0.06686025710863674,0.0,0.0,0.0,0.0,0.015007482774436198,-0.0052038778355978366,0.01500748279507036,-0.00520387788794352,0.021463519568072797,-0.007704180313773179,0.0214635196640387,-0.007704180449941589,-0.022016039277886534,-0.013508791155949496,-0.022016039368139673,-0.013508791284301935,0.03280777149699077,0.0074580178011913745,0.03280777145477032,0.0074580178849714684,0.03502728234317942,-0.034519357458499655,0.03502728204652783,-0.03451935814261731,0.04053294826341869,-0.0189707202806062,0.040532948618007936,-0.018970720944906816,0.05289176862554257,-0.015051497531125335,0.0528917695154405,-0.01505149826909502,0.07144319336455851,0.011530938080511532,0.0714431924465515,0.011530939994145228,-0.04753335860499419,-0.0349139616652252,-0.0475333595972387,-0.03491396280661263,0.009960026791873133,0.004041925936171253,0.00995919819169444,0.004041740130276139,-0.05856426214056398,0.06880216790541738,-0.058564262116149735,0.06880216772787406,0.0,0.0,0.0,0.0,-0.007874742738749774,-0.002122826174300485,-0.00787474288351575,-0.002122826109143716,-0.0003904381341186536,0.00864625125621643,-0.0003904381202488594,0.008646251046513953,-0.0015777527779334832,0.0013366952816156186,-0.0015775879319477326,0.001336689078755171,0.0,0.0,0.0,0.0,-2.5657024565362008e-05,-0.0007248717995480547,-2.5657014063540373e-05,-0.0007248719550645433,0.0006033045162467943,-0.0010065664420793041,0.000603304537989402,-0.0010065668540022443,-0.0001001912093130386,-2.2759085894108466e-05,-0.00010019114580472888,-2.275958210873341e-05,0.00012659965106820437,-0.00012410265306783685,0.00012660050941804002,-0.0001241050525635501,0.0,0.0,0.0,0.0
124400000.0,-0.21482195129846104,-0.008812815271696195,-0.21482198241733386,-0.008812857375176009,-0.6673066701782346,0.2110367908183477,-0.6673066697672851,0.21103679063084968,0.42517579708790265,-0.09780797831937349,0.42517579729398847,-0.09780797843251321,0.0,0.0,0.0,0.0,0.009272759116257134,-0.012713388677774162,0.009272759069688163,-0.012713388673340376,0.013254072541499795,-0.018141478898193952,0.013254072421389651,-0.01814147893558271,-0.02536115356940627,0.0011211717879291427,-0.025361153676371373,0.0011211719171981827,0.0313569002634182,-0.012687279865438938,0.03135690036586425,-0.012687279821747666,0.008453613400135396,-0.04720977746033128,0.008453612898961183,-0.04720977712152319,0.022510544518652864,-0.037966637933173786,0.022510543923630166,-0.03796663813437817,0.03525681971500205,-0.042145151917871715,0.03525681906224065,-0.04214515248933992,0.06615910762631927,-0.03099213333230466,0.06615910984754692,-0.030992132208083945,-0.05845485578693399,-0.0023783899956555388,-0.05845485673279427,-0.0023783888516035745,0.0088100701426157,-0.00590311153120382,0.008810046389328363,-0.00590243882813013,-0.026186243438289125,0.08513665070327647,-0.026186243585129887,0.08513665074534771,0.0,0.0,0.0,0.0,-0.007618561731575824,0.002568771812072157,-0.00761856165635777,0.0025687720273097625,0.004661386400044876,0.007156697028541714,0.004661386218657526,0.007156697102146836,0.0002688283337732855,0.0020241150954518616,0.0002688070535157294,0.0020239554119143577,0.0,0.0,0.0,0.0,-0.0004567624823579308,-0.0005496911926812231,-0.00045676261825633446,-0.0005496911364915036,-0.0001394912463865694,-0.0011718978799706292,-0.00013949160589277199,-0.0011718977247241469,-6.958886669394815e-05,7.339735405764714e-05,-6.958933826695102e-05,7.33973397117893e-05,-4.178740405791359e-05,-0.0001693707574901282,-4.17900646993985e-05,-0.00016937094660107732,0.0,0.0,0.0,0.0
124700000.0,-0.18348476370154287,0.10685532386228402,-0.18348480034019587,0.10685535812033464,-0.5797492486630915,0.37299924069680657,-0.5797492490135312,0.3729992404515059,0.352252159181333,-0.24169075094432912,0.35225215898017836,-0.241690751068397,0.0,0.0,0.0,0.0,0.0003642148864173578,-0.015573390300389178,0.00036421490999316575,-0.015573390273388554,0.0008050919007871471,-0.022110541477957213,0.0008050919090862863,-0.022110541401360706,-0.020035705975203655,0.014852976532573336,-0.02003570581766212,0.01485297659430529,0.018576626220607295,-0.028468807573865718,0.01857662626076717,-0.028468807704847165,-0.01979785677202983,-0.04227390189036839,-0.019797856421718052,-0.042273901563298466,-0.0026981784860566904,-0.04341786949782289,-0.0026981785639890177,-0.04341786902280376,0.005463986466679671,-0.05460791688246758,0.0054639861479728324,-0.05460791646174101,0.03752855469684846,-0.063455267677611,0.03752855594430571,-0.06345527037000664,-0.049408931976728354,0.0303953786323774,-0.049408930732070644,0.030395379300379943,5.035348949888885e-05,-0.010455038382097825,5.0855004332106546e-05,-0.01045512974268803,0.009443986516927794,0.08725208975405252,0.009443986609511512,0.08725208983909738,0.0,0.0,0.0,0.0,-0.004852189713858479,0.006272898889207568,-0.004852189446822308,0.0062728987519378165,0.007848460458717454,0.0030577112418299635,0.007848460601778129,0.0030577113502161524,0.0018241222974211269,0.0008557092891052775,0.0018239703844216137,0.0008557447865129575,0.0,0.0,0.0,0.0,-0.000687114641948483,-0.00015373404407625912,-0.000687114532695432,-0.0001537339625699019,-0.0008322301714258629,-0.0008463061605823441,-0.0008322298748595358,-0.0008463059441368159,2.7175694810921414e-05,9.578052373626633e-05,2.7175710883398096e-05,9.578094694262518e-05,-0.000164397877838951,-4.95652459591156e-05,-0.00016439739084717075,-4.956256915988888e-05,0.0,0.0,0.0,0.0
125000000.0,-0.09568971554756445,0.18637097808447578,-0.09568967888118607,0.1863710090411672,-0.45488625699823615,0.5038768279374679,-0.4548862570109691,0.5038768283554589,0.23474623916068538,-0.3463966485049568,0.2347462391547026,-0.3463966482693266,0.0,0.0,0.0,0.0,-0.008487204645561519,-0.012862187273803727,-0.008487204645291513,-0.012862187306765804,-0.011521799913339237,-0.01848183474670151,-0.011521799895845675,-0.018481834778285133,-0.008168020656910358,0.023093626893150088,-0.008168020654906627,0.02309362672818338,-0.001029415653007959,-0.03413079285576259,-0.0010294158168164813,-0.03413079288272769,-0.03939139223408006,-0.02245422767991556,-0.03939139206518405,-0.02245422801497199,-0.026222896647936977,-0.03388434226896209,-0.026222896323886857,-0.03388434226298642,-0.026130304677394633,-0.04815933992989585,-0.026130304578188657,-0.048159339726076666,-0.004829024833071571,-0.07420066042455886,-0.004829028102122379,-0.07420066163281547,-0.02385552703083249,0.05231665281274189,-0.0238555266860061,0.05231665156504306,-0.008497145957619523,-0.005818633802263662,-0.008497306366507473,-0.00581895983354741,0.04244210304284479,0.0752830819843453,0.042442103046724355,0.0752830818704382,0.0,0.0,0.0,0.0,-0.0005658525908813772,0.00780826156251635,-0.0005658528232288518,0.007808261285774165,0.008043968391817202,-0.002053190836498686,0.00804396839843946,-0.002053191007796329,0.0016815446815030555,-0.001057228064034632,0.0016815931261362493,-0.0010570864198768959,0.0,0.0,0.0,0.0,-0.0006284876695019648,0.00029329480034334665,-0.0006284876631070802,0.0002932946685945126,-0.0011829626518533587,-0.00016082792555494052,-0.0011829626365766899,-0.00016082827855967707,9.470668092603773e-05,2.51220820217668e-05,9.470704236491656e-05,2.5122061437343746e-05,-0.00012459852648305514,0.00011430343307949897,-0.00012459605019898845,0.00011430234724940647,0.0,0.0,0.0,0.0
125300000.0,0.019600772745903328,0.20548954607291847,0.01960079784022639,0.20548950781054032,-0.30284068128784725,0.5957217419577958,-0.30284068092284144,0.5957217417369094,0.0907142245036141,-0.3999075310099087,0.09071422470961465,-0.39990753112399346,0.0,0.0,0.0,0.0,-0.014140551881425267,-0.005665126733696013,-0.014140551910159616,-0.005665126707171453,-0.01956563316012705,-0.008743805667243976,-0.019565633188179277,-0.00874380562526511,0.0059982752840994635,0.0232915885543008,0.005998275138281883,0.023291588611179748,-0.020434337407166936,-0.027529122395861805,-0.02043433740837486,-0.027529122200505185,-0.04374749967954017,0.0042151120769489125,-0.04374749997487015,0.0042151120437452505,-0.04008137661037381,-0.013122157293430803,-0.04008137661283229,-0.01312215746672507,-0.048579982754375806,-0.025100430655349726,-0.04857998249703144,-0.025100430429183973,-0.04622575936039652,-0.05901338579703719,-0.04622576033162318,-0.05901338194141914,0.009240221412198935,0.0562183606691633,0.009240220277504818,0.056218360633280895,-0.00943454650941078,0.003702298786066649,-0.009434702653862814,0.0037024854411598085,0.06757681190816811,0.0516597358740114,0.06757681180954478,0.051659735952419794,0.0,0.0,0.0,0.0,0.0037942653219715794,0.006741024709903343,0.0037942650895530505,0.006741025039524118,0.005269211799159734,-0.006253941628365567,0.005269211648652572,-0.006253941531952023,2.017628953865369e-05,-0.001956070080630923,2.030533514130184e-05,-0.0019561297001615685,0.0,0.0,0.0,0.0,-0.00031425794287542885,0.0006064857537495527,-0.0003142580565906883,0.0006064858244130278,-0.001039942024078755,0.000600493030496807,-0.0010399423303368849,0.0006004932206735702,6.883306076588269e-05,-6.747680095031683e-05,6.883306636495945e-05,-6.747709781507183e-05,3.408677490313039e-05,0.0001630672401091715,3.408523042480738e-05,0.00016306512812036544,0.0,0.0,0.0,0.0
125600000.0,0.12518117056255562,0.15987231510519706,0.12518113160969335,0.15987229595231156,-0.13520710835128114,0.6436950724507255,-0.13520710874288966,0.6436950722377901,-0.05937973578743083,-0.39767950327524204,-0.05937973598710755,-0.3976795033992744,0.0,0.0,0.0,0.0,-0.014667443926512647,0.0033599144749487664,-0.014667443880540532,0.0033599144875822162,-0.020769855725234265,0.003607126666125282,-0.020769855638562262,0.003607126664277871,0.01762996044445231,0.01570435225379896,0.017629960545619383,0.015704352357509777,-0.032619061066327504,-0.01094742102305446,-0.03261906084692612,-0.010947421059817941,-0.03225207924640472,0.02769279246110301,-0.032252079170532966,0.027692792698609026,-0.03989072384707981,0.011408489368285757,-0.039890723900981584,0.011408489325987148,-0.054159028302180445,0.006515646617820892,-0.054159027836149676,0.006515646166334932,-0.07201466080350372,-0.02278495580365103,-0.07201465644988048,-0.022784955247040273,0.03858412666961897,0.041183566051017806,0.03858412686652457,0.041183566979100306,-0.0022095443285365945,0.00971837924859642,-0.0022093690500781804,0.009718379401910227,0.08110582853244352,0.02060695928530265,0.08110582867499261,0.020606959337648334,0.0,0.0,0.0,0.0,0.006807714303903367,0.0034926839866287196,0.006807714701167811,0.0034926841297604483,0.0006449043857230663,-0.008025584765341875,0.0006449045583991619,-0.008025584679195674,-0.0016070121137516935,-0.001059784845828915,-0.0016070805715315828,-0.0010598992874761848,0.0,0.0,0.0,0.0,0.00011867153720857004,0.0006621099644377182,0.00011867166523416017,0.0006621100285926218,-0.00045728379656395646,0.0011180953800078441,-0.00045728345492079825,0.0011180955556824301,-2.24284361820537e-05,-9.208635687230071e-05,-2.2428677127095398e-05,-9.208641299807141e-05,0.0001553185822302794,5.329708621104601e-05,0.00015531693159687165,5.329891730099234e-05,0.0,0.0,0.0,0.0
125900000.0,0.18809665572865697,0.06615571277056631,0.18809664242991175,0.06615575143942465,0.03586013178818348,0.646255836539332,0.035860131771968895,0.6462558369980371,-0.19546802592925872,-0.34269947296424874,-0.19546802594855706,-0.34269947273688217,0.0,0.0,0.0,0.0,-0.010011504940635518,0.010971772111979305,-0.010011504949929417,0.01097177205693356,-0.014979714456032411,0.014331182379009988,-0.014979714499972374,0.014331182271028808,0.022954027689763734,0.003180376032915433,0.022954027740311744,0.0031803759114552577,-0.033124659251654975,0.009693163375040115,-0.03312465933231579,0.009693163142387107,-0.010100421444249719,0.039763344343434426,-0.010100421274501059,0.03976334418792504,-0.02622464986285422,0.031248210740280058,-0.026224649978161096,0.03124821072411521,-0.04103108967588298,0.03571113740571974,-0.04103109038901209,0.03571113683973692,-0.07280288231426368,0.022028833264101877,-0.07280288227784126,0.022028828561929004,0.05443000342661719,0.012683298973470869,0.0544300041066208,0.012683298655325359,0.006665419887482926,0.007178106689366359,0.006665284330537702,0.007177973872053656,0.08132017862099872,-0.012632531152426907,0.08132017861022689,-0.012632531329067831,0.0,0.0,0.0,0.0,0.007531776974616378,-0.0008264062025062913,0.007531777006732909,-0.0008264066197938291,-0.004066448935759581,-0.0068004540087898135,-0.00406644893257635,-0.006800454215586171,-0.0017337480240655623,0.0007612632635840555,-0.001733846391488214,0.0007613376815100992,0.0,0.0,0.0,0.0,0.0004896887163710062,0.0004459957640605694,0.0004896887185168453,0.0004459956119333697,0.00032508786914320353,0.001170937445834852,0.0003250878765612697,0.0011709370421044696,-8.903133742421687e-05,-2.737827314547303e-05,-8.903145918282007e-05,-2.7378070761585604e-05,0.0001234705826220761,-0.00010472703258557203,0.00012347252206268422,-0.00010472587143794954,0.0,0.0,0.0,0.0
126200000.0,0.19041425360474307,-0.04430053912997067,0.1904142910095885,-0.044300531379192876,0.1985465633342045,0.6050933382331252,0.19854656375765956,0.6050933380724643,-0.30040193478853894,-0.24460023446270185,-0.3004019345891038,-0.24460023453487878,0.0,0.0,0.0,0.0,-0.00195850110981155,0.014518804508568905,-0.001958501162661719,0.014518804538326435,-0.004391839298591549,0.01990378944886828,-0.004391839405585074,0.019903789531873883,0.020466350185387228,-0.00991806718697319,0.02046635006635711,-0.009918067188273483,-0.021695025186531325,0.026957393010889064,-0.021695025420640945,0.026957393136314067,0.014018075562304944,0.03693409412570503,0.014018075355124893,0.03693409402488612,-0.004209916630131261,0.039868683527309656,-0.0042099166661415666,0.03986868371270447,-0.013854717996125032,0.05241679565001789,-0.013854718519255016,0.052416796607055005,-0.04791602315467003,0.059689003086333514,-0.047916028043786696,0.05968900358546847,0.051809545620557174,-0.01945239359120876,0.051809545289572156,-0.01945239404452792,0.009520689371939284,-0.0014200780167712423,0.009520622796912903,-0.0014198313600104484,0.06872047760323596,-0.042702019703227734,0.06872047742285758,-0.042702019631526866,0.0,0.0,0.0,0.0,0.005784921414317523,-0.004793451847390884,0.005784921024257983,-0.004793451776443192,-0.007137164789313033,-0.003133440101457552,-0.007137164984385436,-0.0031334400287619246,-0.00029986714777407997,0.0018382115738830862,-0.00029979004429492306,0.0018382931578386774,0.0,0.0,0.0,0.0,0.0006498158525403142,5.521654630769035e-05,0.0006498157110854663,5.521660111185156e-05,0.0009800080141530998,0.0007309176927776662,0.0009800076382902034,0.0007309178382186587,-6.79209295100236e-05,6.131202859904761e-05,-6.792074169936768e-05,6.13122215469275e-05,-2.6465882328352563e-05,-0.0001574264602055564,-2.646517698678963e-05,-0.00015742834524701266,0.0,0.0,0.0,0.0
126500000.0,0.1343095405515129,-0.13645835191332623,0.13430954329136569,-0.13645838714632674,0.34219565450599987,0.5248252728771732,0.3421956542348994,0.524825272555347,-0.36192107425065956,-0.1180307423397835,-0.361921074375374,-0.11803074247769274,0.0,0.0,0.0,0.0,0.00655335475593688,0.012867237647256502,0.006553354797731004,0.012867237689334843,0.007285393241119209,0.018665434717256346,0.007285393348425373,0.018665434805157588,0.011317524373296806,-0.01923930319648548,0.011317524404859114,-0.01923930309745714,-0.0024002057050154235,0.034590747918386455,-0.002400205540936895,0.03459074814330165,0.031371014372069794,0.021361089522450527,0.031371014332179925,0.021361089758535456,0.01841799369697128,0.034808618940147085,0.018417993924842335,0.03480861895981491,0.017882111978948956,0.050968222684872444,0.017882113095438967,0.05096822306671811,-0.00581990237404284,0.0767422167175198,-0.0058199013985102965,0.07674222166806999,0.032039841135087954,-0.04445785326716134,0.03203984083705791,-0.04445785299694194,0.004146267759566058,-0.00850419486839371,0.0041465986024888934,-0.008504210808524704,0.0458191564452477,-0.06499993378771052,0.045819156560071406,-0.06499993362745471,0.0,0.0,0.0,0.0,0.002180923126417156,-0.007133597570899042,0.0021809232667209244,-0.007133597241228529,-0.0075075794310777155,0.0015491761625057165,-0.007507579308594359,0.0015491763178232532,0.0013552947731767517,0.0012335392090250252,0.0013553597826927444,0.001233462837070931,0.0,0.0,0.0,0.0,0.0005411395770522631,-0.00034564782593804466,0.0005411396700196747,-0.0003456477167347316,0.0012297866944663838,-2.269343070082641e-05,0.0012297869377562165,-2.2693139470675305e-05,1.7415652052932273e-05,8.815398248884776e-05,1.7415915195329035e-05,8.815378757986991e-05,-0.00014668863413191957,-5.6973897159195985e-05,-0.0001466903310500811,-5.697422241723871e-05,0.0,0.0,0.0,0.0
126800000.0,0.04000180991992863,-0.18309118924485546,0.04000177761010093,-0.18309118771850308,0.45798800620029567,0.41250172085820225,0.4579880059879713,0.41250172115944395,-0.37389091173687916,0.019462841420406107,-0.37389091181215406,0.019462841551501242,0.0,0.0,0.0,0.0,0.012514828419000423,0.0067573769970863395,0.012514828447692139,0.006757376951490812,0.01613792426951477,0.011290715700795317,0.01613792433354888,0.011290715585474231,-0.0012028353007877968,-0.021877493507638235,-0.0012028352266071352,-0.021877493554875116,0.017821409469135574,0.029803604208176182,0.017821409679783073,0.029803604010780305,0.036376513017259526,-0.0003995788953758961,0.03637651326677371,-0.0003995789063466759,0.03405631848845303,0.018318470244800267,0.03405631848035284,0.018318470007805843,0.043206478223893896,0.03203662315470979,0.043206478439373086,0.032036621984190106,0.038754032643566916,0.06690145496825295,0.03875403759832352,0.06690145360316535,0.0020759404862360498,-0.054233857023049836,0.0020759406771730937,-0.054233856798141744,-0.004576279712438236,-0.008099788807484742,-0.004576387222854805,-0.008100176483928578,0.016628139296059885,-0.07637142119370566,0.016628139426458688,-0.07637142133117436,0.0,0.0,0.0,0.0,-0.0020864034932657205,-0.007118225706811643,-0.0020864032311180836,-0.007118225878919304,-0.005144115122959647,0.005509013837247778,-0.005144115012541306,0.0055090136979742965,0.0017459224893627834,-0.0004545825319581809,0.0017458500830684898,-0.00045463213545104963,0.0,0.0,0.0,0.0,0.00021679056582968315,-0.0005939033758863843,0.00021679064080615262,-0.0005939034802011633,0.0009639538768198008,-0.0007760732280956972,0.0009639540755728149,-0.0007760735002477759,8.302272539140176e-05,2.9876084475688458e-05,8.302250952851864e-05,2.987575840052159e-05,-0.00012220930916839734,9.54360584799474e-05,-0.0001222093564763327,9.543747541584935e-05,0.0,0.0,0.0,0.0
127100000.0,-0.06199491728429507,-0.17265139505111904,-0.061994912386239776,-0.1726513661959217,0.5394402439733454,0.27696790470766075,0.5394402442441475,0.2769679048477798,-0.3367260384511326,0.1497637527586022,-0.3367260383457591,0.149763752794982,0.0,0.0,0.0,0.0,0.01391628824993063,-0.0015222605770333075,0.013916288205734872,-0.0015222605960758528,0.01935513569137015,0.0004547451246637024,0.019355135579203875,0.0004547450775405082,-0.012855050048344197,-0.01724975299385534,-0.01285505009812482,-0.01724975304914267,0.03168046473275865,0.01429897216176812,0.031680464506720796,0.014298971967058094,0.028352831873689865,-0.020161092390573288,0.028352831820427582,-0.02016109264505417,0.03778970688172478,-0.003629992615621802,0.03778970665887016,-0.0036299925904756947,0.053491530093609185,0.002319276122108249,0.05349152894582687,0.0023192760372054977,0.07003077751519982,0.03342090064091252,0.07003077583125616,0.033420895675064344,-0.02796991848288144,-0.04592141553432327,-0.027969918270358107,-0.04592141567461283,-0.009116021453323242,-0.0008177131335784793,-0.009116439759594641,-0.0008175115329720484,-0.014059838655555268,-0.0755219926078965,-0.014059838800932312,-0.07552199271265181,0.0,0.0,0.0,0.0,-0.005631575660899557,-0.0047816385907850645,-0.005631575836162028,-0.004781638798817767,-0.0010054053521884043,0.007341568723468583,-0.0010054054833119608,0.0073415686437314776,0.0005651890234474877,-0.0016848201644137362,0.0005651527983019378,-0.0016847544441631612,0.0,0.0,0.0,0.0,-0.00018489792647358172,-0.0005944699771731621,-0.0001848980233489783,-0.0005944700297249028,0.00028807022236776447,-0.001211412311533877,0.00028806997235619747,-0.001211412447304383,6.717879291784357e-05,-5.472915298554426e-05,6.717841820602644e-05,-5.472890715907397e-05,1.9054781191130132e-05,0.00015150842284583632,1.9055867738870802e-05,0.00015150830628840595,0.0,0.0,0.0,0.0
127400000.0,-0.14098262996220967,-0.11139164140404745,-0.14098260483196157,-0.11139164871271134,0.582700501080069,0.1281455837826897,0.5827005012033908,0.12814558355434258,-0.2570096438678746,0.2564406763879532,-0.25700964383649705,0.25644067631324674,0.0,0.0,0.0,0.0,0.010422516630185896,-0.009000952398039885,0.010422516615847144,-0.009000952356203129,0.01610389530202383,-0.010146882034739235,0.016103895261565526,-0.010146881930033658,-0.019878294850300904,-0.007165213583263608,-0.01987829489731041,-0.007165213534051418,0.034189035863192885,-0.006345135712038541,0.034189035683638735,-0.0063451354581332,0.01130045263869306,-0.03121298760117952,0.011300452384745086,-0.031212987513079327,0.028894232765793504,-0.02353603620067446,0.02889423278766401,-0.02353603599653553,0.04540842597181438,-0.02787551937291255,0.04540842595420713,-0.027875518271628152,0.07687963812469434,-0.011989755575243066,0.07687963310657153,-0.01198975359525889,-0.048234893082451435,-0.02265937536041207,-0.04823489322163255,-0.022659375579287655,-0.005760335008488937,0.006925636969725701,-0.005760042363306184,0.006926062109315012,-0.04146346579625515,-0.06310864989498555,-0.04146346588582617,-0.06310864974833663,0.0,0.0,0.0,0.0,-0.007314952175050848,-0.0008975399694932662,-0.007314952352757587,-0.0008975397998085555,0.003349917824962745,0.0064687938343936935,0.003349917754917442,0.006468793951185603,-0.0010851464838026459,-0.0013745034904246722,-0.0010850893880558488,-0.001374477996215262,0.0,0.0,0.0,0.0,-0.0004995179484410528,-0.0003555280803624328,-0.0004995179962747898,-0.00035552799773341803,-0.0005179330839411023,-0.0011409188899236256,-0.0005179332043354634,-0.0011409186744799626,-1.1932297553585158e-05,-8.428123715731317e-05,-1.1932019674532057e-05,-8.428082871603237e-05,0.00013762237692560575,6.0411207840616044e-05,0.0001376222106870273,6.041046234628311e-05,0.0,0.0,0.0,0.0
127700000.0,-0.175061925805025,-0.01995799621447958,-0.17506193458147834,-0.019958017612999868,0.5866360473627026,-0.023706007440573273,0.5866360471455607,-0.023706007586469013,-0.1464025909762796,0.3266834691708169,-0.14640259104091058,0.3266834691191747,0.0,0.0,0.0,0.0,0.003425656292577628,-0.013099243435647168,0.0034256563329364553,-0.013099243420072071,0.0077027652525316626,-0.01706042373909611,0.007702765354096641,-0.017060423696356963,-0.02018168488653771,0.004882372843418636,-0.02018168483419913,0.004882372891792386,0.024464438975911662,-0.024712028064655556,0.02446443925884978,-0.024712027899568056,-0.008000916020350246,-0.030573319340668093,-0.008000915903679129,-0.030573319089803874,0.010846853767802145,-0.03494218363468349,0.010846853964054048,-0.03494218363793067,0.021969155167980148,-0.048251843799626215,0.021969156251117283,-0.04825184380356973,0.056836896237399515,-0.05336340474160295,0.056836898538676905,-0.05336339963476888,-0.05229468304221996,0.007622326507316757,-0.052294683247680496,0.00762232668178342,0.0023835756144734432,0.008540672598378762,0.0023839870981987588,0.008540296377724133,-0.06154676598481501,-0.04152110643246942,-0.061546765835586825,-0.04152110634881723,0.0,0.0,0.0,0.0,-0.006597558257169567,0.0032704324572350174,-0.006597558084862953,0.003270432623011743,0.00635190080816983,0.003308426680696641,0.006351900921927722,0.003308426756412075,-0.001719283568178298,0.00015359848440965607,-0.0017192658612970035,0.0001535510263153128,0.0,0.0,0.0,0.0,-0.000603653799970516,1.8873912686956373e-05,-0.0006036537210576398,1.8873965650811897e-05,-0.0011155279105707905,-0.0005877732102916866,-0.0011155277029075705,-0.0005877730736045805,-7.694326667717633e-05,-3.2848982868927123e-05,-7.694283634407384e-05,-3.284929413638338e-05,0.0001205813432108016,-8.558670492675446e-05,0.00012058091918731861,-8.558659734347884e-05,0.0,0.0,0.0,0.0
128000000.0,-0.15658576643551214,0.07368287460470668,-0.15658578432868353,0.07368288400583367,0.552725742277417,-0.1686932406913968,0.552725742111619,-0.16869324043484824,-0.020003722776934296,0.35271785369422304,-0.020003722849281758,0.352717853781229,0.0,0.0,0.0,0.0,-0.004514368579791039,-0.012517365735732255,-0.004514368564301208,-0.012517365778492717,-0.0029166938774523032,-0.01818480407987977,-0.0029166938350471128,-0.018184804187228565,-0.013932579153745905,0.01492133929232864,-0.013932579105670584,0.014921339228550323,0.006021318962638134,-0.03423911642339306,0.006021319108342027,-0.03423911673749558,-0.02269281989545391,-0.01965030028767245,-0.022692819653514107,-0.01965030042932625,-0.010057002324955988,-0.03449512253916254,-0.010057002313260455,-0.03449512274574573,-0.008651720168771249,-0.052046525115429176,-0.00865172020203886,-0.052046526234022394,0.016944439270488942,-0.0762138055505659,0.016944444461117314,-0.07621380822710222,-0.03913763625097033,0.0348959441994694,-0.039137636044856094,0.03489594435122001,0.008246679378657973,0.002855267418979679,0.008246230257483944,0.002854886227105169,-0.07158562947893188,-0.014413962378910128,-0.07158562940493596,-0.014413962537872749,0.0,0.0,0.0,0.0,-0.0037098388766594326,0.00636660816609691,-0.003709838724404335,0.006366607974861438,0.006981465543191234,-0.0009226055585216386,0.006981465623852046,-0.0009226056884017453,-0.0008014436234873301,0.0015007887495102068,-0.0008014813595309533,0.0015007759465461845,0.0,0.0,0.0,0.0,-0.00046263704088289614,0.0003742701809130722,-0.0004626369831584043,0.00037427009028334624,-0.0012496295306476668,0.00022081913012783616,-0.0012496293786767865,0.0002208188896091201,-6.686314623038925e-05,4.79489393612198e-05,-6.686348909568096e-05,4.7948496067817814e-05,-1.1042400245742101e-05,-0.00014502938964255918,-1.1042440618780347e-05,-0.00014502924030068698,0.0,0.0,0.0,0.0
128300000.0,-0.09317935946450007,0.1425301965341248,-0.09317935011850409,0.14253021132619637,0.48478411185303116,-0.2979076469747284,0.4847841121849257,-0.29790764683144033,0.10562744303481963,0.3325633976880269,0.10562744316594319,0.33256339775552135,0.0,0.0,0.0,0.0,-0.010613155705172517,-0.0076331842729970845,-0.010613155752736247,-0.0076331842833070596,-0.012238197273248375,-0.01337927566142838,-0.012238197393102723,-0.013379275693644388,-0.003394226318604865,0.019794605804428045,-0.0033942263981714405,0.019794605766620066,-0.014534360474996788,-0.0315669417909632,-0.014534360820263714,-0.03156694190975884,-0.028259652885623154,-0.00325869366773901,-0.02825965304801059,-0.0032586938937200216,-0.02691311723833678,-0.02285282385545173,-0.026913117468367886,-0.022852823860546323,-0.03602044854373787,-0.03822662020591849,-0.03602044973229113,-0.03822662008433042,-0.028861850971068748,-0.07264937629644663,-0.028861854072985693,-0.07264938152705724,-0.013358552666261403,0.05031195131681443,-0.013358552595647666,0.05031195111985909,0.0069331361326447905,-0.005066104005301497,0.006932797806186386,-0.005065594671634699,-0.07049552509359103,0.013916928339625656,-0.0704955252667645,0.013916928286874963,0.0,0.0,0.0,0.0,0.000415645857813729,0.007371920342592375,0.00041564563564122636,0.007371920222354333,0.005106599755151819,-0.004679315572673204,0.005106599597084482,-0.004679315640849779,0.0008040319171414012,0.0014712976913742182,0.0008040214972169224,0.0014713264017345296,0.0,0.0,0.0,0.0,-0.0001408558089650569,0.0005693573407867802,-0.0001408559239450824,0.0005693572928251456,-0.0008573747851272628,0.0009467098437596633,-0.0008573750876621489,0.000946709714668259,6.153121674401518e-06,8.07399705635703e-05,6.152673890369442e-06,8.074034003158204e-05,-0.00012777930395202475,-6.439024913618141e-05,-0.00012777936026964198,-6.438999174207538e-05,0.0,0.0,0.0,0.0
128600000.0,-0.004684290525176493,0.16782142669318034,-0.0046842783214202655,0.16782141788684868,0.38855397215483833,-0.40392638341213427,0.3885539722098059,-0.40392638381155876,0.21454696338990686,0.27007464336173115,0.21454696341479007,0.27007464318667473,0.0,0.0,0.0,0.0,-0.01283726035777022,-0.0002964052030449693,-0.012837260356377556,-0.00029640515149509383,-0.017314035612059797,-0.004408037293451628,-0.017314035621794233,-0.00440803716422522,0.007891236190886275,0.018127018118157423,0.007891236176405414,0.018127018211671952,-0.029898665521045587,-0.017697019995594587,-0.029898665601450602,-0.017697019622495702,-0.023834167091777658,0.012455262544065704,-0.02383416729597343,0.012455262720884264,-0.03446036284032061,-0.004237686826485287,-0.03446036280799092,-0.004237686577205579,-0.05100041054369342,-0.011677090852657557,-0.05100041024843449,-0.011677089610280689,-0.06474498761441794,-0.044008994127899825,-0.06474499282069246,-0.04400899058106944,0.016429994039796725,0.04902200013376756,0.01642999391137323,0.04902200013474811,-0.00019621422595150761,-0.008445413641631205,-0.00019565827398082547,-0.008445126780110002,-0.05889291357181037,0.039207109748438995,-0.05889291358849391,0.03920710992959897,0.0,0.0,0.0,0.0,0.004431847968646707,0.005935209941988262,0.0044318479078668815,0.005935210187779205,0.0014863975415551067,-0.006650816352930633,0.0014863975127497042,-0.006650816170271412,0.0016464959113591249,0.0001335026734992084,0.001646516831854683,0.00013351266029104636,0.0,0.0,0.0,0.0,0.00022770069031707862,0.0005316129339263398,0.00022770067126032245,0.0005316130698602706,-9.735441685165824e-05,0.0012819801800816322,-9.73544667317583e-05,0.0012819805371080406,7.107110214121803e-05,3.616986934673605e-05,7.10714924707645e-05,3.617031104852231e-05,-0.0001193332967659444,7.477361744889777e-05,-0.00011933278148035242,7.477379646303461e-05,0.0,0.0,0.0,0.0
128900000.0,0.08280398767777797,0.14368221317117502,0.08280397969494402,0.1436822030086944,0.2712101328680916,-0.4811715783838082,0.2712101324588616,-0.4811715782952959,0.29335976816298626,0.17428502655730682,0.2933597679725466,0.17428502660747824,0.0,0.0,0.0,0.0,-0.010571322644437942,0.0068755581628323625,-0.010571322595112065,0.006875558146219873,-0.01666992654054411,0.0057132193033950784,-0.01666992641565912,0.005713219280089277,0.016282710329932115,0.010683501309863175,0.016282710422331093,0.010683501289697972,-0.03466098383675842,0.0024219848829716284,-0.034660983444169347,0.0024219849187332443,-0.012060369187167908,0.02230568753998341,-0.012060369006903215,0.02230568771871333,-0.030655458397660595,0.015108200459074794,-0.030655458155550264,0.015108200366078961,-0.04874172573667579,0.018577009680349477,-0.04874172452117875,0.018577009144649992,-0.07844751060939359,-0.00020021668684222504,-0.07844750663539912,-0.00020021155820160175,0.040436938593572336,0.031681044948541626,0.04043693861073905,0.03168104496135271,-0.006924622389860247,-0.004598944530307847,-0.006924391954981957,-0.0045995335566431095,-0.03890517341596933,0.0578428510355522,-0.03890517324559539,0.057842851006860485,0.0,0.0,0.0,0.0,0.007004625887276461,0.0025018673401007163,0.00700462612867625,0.0025018673216976595,-0.0025385632078922526,-0.006209826964344245,-0.002538563025140661,-0.006209826998322399,0.0010017282256882254,-0.0012824214333946315,0.0010017390827243844,-0.0012824360522927236,0.0,0.0,0.0,0.0,0.0004951634259100501,0.00028335730353745703,0.0004951635652759023,0.00028335727616735085,0.0007141557197343218,0.0010794093614663325,0.0007141560845269623,0.001079409286305122,6.689309324769965e-05,-4.1246590335219935e-05,6.68935214918065e-05,-4.1246994221921796e-05,1.9523484837691285e-06,0.00013868915510784063,1.952562925566781e-06,0.00013868836907704463,0.0,0.0,0.0,0.0
129200000.0,0.14421381505005115,0.07826922892731147,0.14421380641174153,0.07826923598388191,0.14081792306539853,-0.526120065525113,0.14081792330902942,-0.5261200651923588,0.3327899068615352,0.058149982403556066,0.332789906995302,0.058149982561218394,0.0,0.0,0.0,0.0,-0.004765375863016175,0.011429802123622324,-0.004765375894649537,0.011429802086098562,-0.010697920933125715,0.01372320568877683,-0.010697920990295984,0.013723205587737652,0.019196722329525073,3.7752752632513875e-05,0.019196722274543276,3.7752681102176666e-05,-0.027174852190370302,0.021681748311173976,-0.027174852205376965,0.021681747910420768,0.002256827553466678,0.02373694511974378,0.0022568277083792054,0.023736944946783467,-0.017137832386779905,0.028993327526507073,-0.01713783254248824,0.02899332733257154,-0.030164860559878548,0.042428774791787305,-0.030164861350030492,0.04242877372524845,-0.06534736025149357,0.04383616683383451,-0.06534735521630353,0.043836162462710604,0.05087943525845162,0.004170928878764357,0.05087943514719484,0.004170928928751039,-0.0076221153905891015,0.002985556696053493,-0.0076227247547677734,0.002985384526404289,-0.013778285934407108,0.06734364834410655,-0.013778286008189866,0.06734364821100769,0.0,0.0,0.0,0.0,0.007251447710814318,-0.0018106785379785606,0.007251447612176776,-0.0018106787322622608,-0.005542128896976806,-0.003599185651893322,-0.005542128997390705,-0.0035991857990325116,-0.000510462831371683,-0.0015198232280582147,-0.0005104726189983921,-0.0015198356655190537,0.0,0.0,0.0,0.0,0.0005586444344487518,-7.062332996099485e-05,0.0005586443576959255,-7.062344312203095e-05,0.001234486561202175,0.0004170835753711799,0.0012344863524020866,0.0004170832793093382,-3.422363334948386e-07,-7.74912233083569e-05,-3.4264348869328387e-07,-7.749163054882047e-05,0.00011779467315875536,6.945959191284601e-05,0.0001177936342742214,6.945942686797935e-05,0.0,0.0,0.0,0.0
129500000.0,0.16234181308894335,-0.008747384534387947,0.1623418192603907,-0.00874737698428163,0.005787563422913422,-0.5373673026981578,0.005787563593841583,-0.5373673030519868,0.32871292684637865,-0.06314838138712986,0.32871292692281884,-0.06314838158149172,0.0,0.0,0.0,0.0,0.002458598249305055,0.011908454128153778,0.0024585982327351985,0.011908454171276617,-0.001452366176138753,0.017141854273063473,-0.0014523662345879984,0.01714185435441351,0.01588158579652088,-0.010312685497297025,0.015881585764986994,-0.010312685417588341,-0.010087542992849308,0.03331174396924297,-0.01008754338876372,0.033311744033873936,0.014084745650620789,0.017359492451518577,0.014084745494699291,0.017359492313190117,0.0014676236352073602,0.033200205615699474,0.0014676235272617077,0.033200205814317485,-0.0015470902770999828,0.051994457206788525,-0.0015470910781516523,0.05199445819214077,-0.029843406860720734,0.07318360739429863,-0.029843411626202965,0.07318360243208843,0.04450210051358283,-0.02436542773870798,0.044502100710317904,-0.024365427547657248,-0.001913722442466792,0.007841127096973821,-0.0019138370034710306,0.007841745402593858,0.012645652063000057,0.06665249637014625,0.01264565199006995,0.06665249647348048,0.0,0.0,0.0,0.0,0.005049283388643744,-0.005564290987194909,0.005049283281124417,-0.00556429083242449,-0.006511470768614913,0.00019311645703368185,-0.006511470845097733,0.0001931166029294218,-0.001526815146945637,-0.0004080276776790015,-0.0015268294275472272,-0.00040802145939977663,0.0,0.0,0.0,0.0,0.00039905101428416856,-0.0003873020863309762,0.00039905095485437414,-0.00038730197466918526,0.0012390913118167646,-0.0004311556060585531,0.001239091157714256,-0.00043115530401394153,-6.540288437406616e-05,-3.9591766245905546e-05,-6.540326727133561e-05,-3.959137006148694e-05,0.0001190800174697415,-6.354739782921115e-05,0.0001190799716255242,-6.354614801296066e-05,0.0,0.0,0.0,0.0
129800000.0,0.132586885319796,-0.091765374250393,0.13258689211083663,-0.09176537967167064,-0.12564034836196925,-0.5155592345634119,-0.12564034873504681,-0.5155592345250781,0.28254021608316293,-0.17412478826110345,0.282540215875116,-0.17412478822913613,0.0,0.0,0.0,0.0,0.008579281083029855,0.00830273703418527,0.008579281125960847,0.008302737024621365,0.008051801745594389,0.015007687883944243,0.00805180182891263,0.015007687890083332,0.007584719724903266,-0.017084681149022174,0.007584719807752549,-0.01708468116801498,0.010609302013165234,0.03321886349323222,0.010609302121721953,0.03321886387359285,0.01991857608973646,0.006306072647866756,0.019918575957248663,0.006306072781313787,0.019115769631710577,0.026698157397319733,0.019115769830989393,0.026698157396744193,0.02757772731303021,0.044132403288656974,0.027577728373273658,0.04413240375559724,0.01620260850350519,0.07783631564116433,0.016202603577568198,0.07783632085453007,0.023607672131348068,-0.04455109402696422,0.023607672313360695,-0.04455109441138916,0.005241654423556952,0.006004513952184709,0.005242271910574914,0.006004573386789502,0.03649906210091558,0.0562103746209246,0.036499062205578525,0.05621037462083933,0.0,0.0,0.0,0.0,0.0011011904978346365,-0.0074746030950976206,0.0011011906628226598,-0.0074746030971581945,-0.005177588394815302,0.003808413126584753,-0.0051775882423044095,0.0038084131121252085,-0.001169164200533146,0.0010317281735368056,-0.0011691605861585685,0.0010317443077099142,0.0,0.0,0.0,0.0,8.560781526512073e-05,-0.0005428383421488547,8.560793233414188e-05,-0.0005428383522527724,0.0007184793064283213,-0.0011085467479006184,0.0007184796242967195,-0.00110854677644312,-6.70421838862012e-05,3.464708519373971e-05,-6.704181431871348e-05,3.464744507652995e-05,7.7682447567895e-06,-0.00013315542912550882,7.769646245492368e-06,-0.00013315555016646385,0.0,0.0,0.0,0.0
130100000.0,0.06426479493657666,-0.14654981615829854,0.06426479007852492,-0.1465498224035997,-0.24585064153296798,-0.46321297335249056,-0.2458506412977215,-0.46321297306534603,0.20092245651849794,-0.26090842880444143,0.20092245665099995,-0.26090842864057606,0.0,0.0,0.0,0.0,0.011549761471798092,0.0019966699299089896,0.011549761437322559,0.0019966698976858765,0.014801905358979184,0.00812275262612161,0.014801905314726582,0.008122752563878066,-0.002913570327848447,-0.018235148253083366,-0.0029135703951226333,-0.0182351483158385,0.027656156926823883,0.02139218650519581,0.02765615728692694,0.021392186359030063,0.01875474510090669,-0.005207197288591203,0.01875474521214926,-0.0052071971506464365,0.030257224620456213,0.011833959498446234,0.030257224518763337,0.011833959346354561,0.047515544609098015,0.021432543567350137,0.047515544748776506,0.021432542571226065,0.057346089026978575,0.0559357510388665,0.0573460948082527,0.0559357559278979,-0.004753381654154509,-0.049870616386471056,-0.004753382212200563,-0.04987061645858404,0.007841073987023606,-0.0008137230278535412,0.007841081958346763,-0.0008143316690052416,0.054427711281348934,0.03782212784199146,0.054427711212525764,0.03782212776697236,0.0,0.0,0.0,0.0,-0.0032756236816311457,-0.006854495557064411,-0.003275623785867765,-0.006854495680983064,-0.0020752884786077175,0.005999124118432064,-0.0020752885794337317,0.00599912400388547,0.00020763828895553615,0.0015263621322532117,0.0002076562224715417,0.0015263604415451937,0.0,0.0,0.0,0.0,-0.000254207959628161,-0.0004803388778640283,-0.00025420803459041963,-0.00048033896849375424,-0.00011429931228690293,-0.0013252750390222445,-0.00011429951248942416,-0.0013252752818715408,-5.454081488664997e-06,7.432979857213695e-05,-5.4537377565111456e-06,7.432946825502995e-05,-0.0001083692840495587,-7.528961132408085e-05,-0.00010836959214088893,-7.529109923609667e-05,0.0,0.0,0.0,0.0
130400000.0,-0.02204911664055942,-0.15730542395738922,-0.022049122446105685,-0.15730541947533538,-0.3482316402086809,-0.3844512735176622,-0.3482316400879597,-0.38445127388129663,0.09482046152608348,-0.31292439431137353,0.09482046160250945,-0.31292439450683673,0.0,0.0,0.0,0.0,0.010475023483081713,-0.004758154006836435,0.01047502347137197,-0.004758153955691569,0.01671535296294735,-0.001244070046816148,0.016715352941105266,-0.0012440699694238333,-0.012228110904899836,-0.013558331212102814,-0.012228110928276692,-0.013558331113721067,0.035027795368094417,0.0019197643304877943,0.035027795190487154,0.0019197639913102194,0.012037283569156898,-0.013485409033030749,0.012037283720857772,-0.013485409130666426,0.031526498265847636,-0.00650113741521352,0.03152649819847397,-0.006501137245663813,0.05155390729964893,-0.0086037757367734,0.05155390647773572,-0.008603775627328503,0.07954300885130294,0.014446667728847729,0.07954301361849048,0.014446661216737766,-0.031171581804215975,-0.038793452811006546,-0.03117158169153811,-0.03879345214812702,0.0038178449428443173,-0.0068095504723473255,0.0038172515239693894,-0.006809511267100277,0.0640296416123931,0.014346818660634142,0.06402964159165947,0.014346818777433157,0.0,0.0,0.0,0.0,-0.006583338951898554,-0.0038711410929863632,-0.006583338995298504,-0.0038711409194576163,0.001671838191029451,0.006049559576709385,0.0016718381482689892,0.006049559734897514,0.001369959381875674,0.0006676280906532384,0.0013699591278708567,0.0006676083440879665,0.0,0.0,0.0,0.0,-0.000486256099492266,-0.0002298627526755581,-0.00048625613550257185,-0.00022986263490309966,-0.000910421581622245,-0.0009825125287790115,-0.000910421679435558,-0.0009825122145912246,5.975326936891179e-05,4.305283287919792e-05,5.975298839189236e-05,4.305249316161053e-05,-0.00011961605322596824,5.261826922264845e-05,-0.00011961756231926302,5.261876152928835e-05,0.0,0.0,0.0,0.0
130700000.0,-0.10059541824536211,-0.121403827370969,-0.10059541398298677,-0.1214038219881175,-0.42746488105935043,-0.28467695381567637,-0.4274648814522948,-0.2846769537408207,-0.02193314729217377,-0.3241397920292002,-0.02193314749698061,-0.3241397920032725,0.0,0.0,0.0,0.0,0.005873213822496837,-0.00964192950116427,0.0058732138787434,-0.009641929512746117,0.013260957254075834,-0.010088589491239475,0.013260957342097868,-0.010088589517394553,-0.017449884697640528,-0.004686053189423944,-0.01744988459094543,-0.004686053213632135,0.03003352053123365,-0.018389728701798447,0.030033520211617315,-0.018389728497496094,0.002748269107399892,-0.01651302719398018,0.0027482690110929298,-0.016513027363956212,0.022718655424881717,-0.02244344331839443,0.02271865561479558,-0.02244344335073123,0.03819102506763272,-0.035956236312472356,0.03819102530604823,-0.03595623571014528,0.07477181305394254,-0.03292187818565395,0.0747718056589406,-0.03292188263606732,-0.04703089216465628,-0.01520454425791229,-0.047030891496874005,-0.015204544580690538,-0.003333617950062262,-0.0069831145204801714,-0.0033335360414241677,-0.006982541253201191,0.06414471316325887,-0.010735651727173945,0.06414471329777882,-0.010735651771177857,0.0,0.0,0.0,0.0,-0.0076589962477982,0.00048433143631143594,-0.0076589960540616175,0.00048433138224623917,0.004754769480939558,0.003998876502755877,0.004754769655235691,0.003998876461949408,0.0013041253451859802,-0.0007609799677084084,0.0013041036419281227,-0.0007609807257367152,0.0,0.0,0.0,0.0,-0.0005220958872342862,0.00010594221146931204,-0.0005220957593792264,0.00010594218392157018,-0.0013312001611041069,-0.00021750432489398008,-0.0013311998191625207,-0.0002175043974119717,6.723674805186874e-05,-2.7982344569466022e-05,6.723639884853583e-05,-2.7982115774705107e-05,-1.742408505833737e-05,0.0001283450963995847,-1.7423429753193886e-05,0.00012834657302107644,0.0,0.0,0.0,0.0
131000000.0,-0.14820278117072405,-0.05016280826147579,-0.14820277625409517,-0.050162812409055846,-0.4797232506796263,-0.17021225102673299,-0.4797232504383544,-0.1702122506980004,-0.13439808541748732,-0.29373064233421786,-0.13439808530650055,-0.2937306421689385,0.0,0.0,0.0,0.0,-0.0005532110016162051,-0.011060663253601888,-0.0005532110338464236,-0.011060663303489093,0.005598308128753615,-0.01561136556613718,0.005598308060612567,-0.015611365642982378,-0.017037128303272198,0.005483825255076624,-0.017037128368954768,0.005483825161100242,0.01430761283707227,-0.03234242214507077,0.014307613067998659,-0.032342421844788305,-0.005881433532096025,-0.014308425861145224,-0.005881433718670337,-0.014308425754634868,0.006787630499403008,-0.030986083340209802,0.006787630380244991,-0.03098608350619969,0.011734325827035264,-0.05134902627195714,0.011734326239661641,-0.05134902652616091,0.043908052857233315,-0.07001858444957776,0.043908049020032536,-0.07001857609975559,-0.04733921487469672,0.01298594066314962,-0.0473392153749046,0.01298594008371623,-0.00756462957232884,-0.0012922643431565461,-0.0075640802079846026,-0.00129238460702652,0.054967425559240723,-0.03381926332485108,0.05496742545614097,-0.03381926344799524,0.0,0.0,0.0,0.0,-0.0060929832869618394,0.004719384114928005,-0.006092983426412957,0.004719383946451217,0.006127949950169409,0.0006023936672434616,0.006127949836582047,0.0006023935171128869,9.138672696451522e-05,-0.0014951217659131544,9.138544309905683e-05,-0.0014950978563064155,0.0,0.0,0.0,0.0,-0.00035197456091395907,0.0003937514037488654,-0.00035197464342218154,0.0003937512949150346,-0.0011921970071426813,0.0006509102476144335,-0.0011921972246398127,0.0006509099574145694,1.138934145217263e-05,-7.117175756121696e-05,1.1389518888904604e-05,-7.117138570578163e-05,9.953246363636481e-05,8.122173876756733e-05,9.953387042571649e-05,8.122095091778192e-05,0.0,0.0,0.0,0.0
131300000.0,-0.15130072623476565,0.03471472480116944,-0.15130073031349411,0.034714720429001034,-0.502780235988439,-0.04792522057829984,-0.5027802357777063,-0.04792522091435103,-0.2283960642957652,-0.22609802861202155,-0.228396064198364,-0.22609802876674223,0.0,0.0,0.0,0.0,-0.0065432702325267655,-0.008664772754478633,-0.006543270269389723,-0.008664772708002033,-0.003799537344690407,-0.016084527871818466,-0.003799537397085828,-0.016084527776719426,-0.011248948861933172,0.013728814459710748,-0.011248948930685287,0.01372881455177577,-0.006679742428673308,-0.03488698868013529,-0.006679742151646906,-0.034886988939128116,-0.011488140886243059,-0.008487682711759703,-0.011488140762779153,-0.008487682515294637,-0.011117585600743496,-0.02951873974791397,-0.011117585715410883,-0.02951873957350415,-0.018996042154171278,-0.049380084444308636,-0.018996042358779164,-0.04938008474663036,-0.003146558779633324,-0.08359481093746268,-0.0031465495348754757,-0.08359480806310415,-0.032280140735153395,0.03653811042177324,-0.032280141170076604,0.03653811102676485,-0.005378213463032466,0.005390275468187156,-0.00537836804508629,0.005389752873469433,0.037978542051078534,-0.05166295833801371,0.03797854195740058,-0.051662958193055886,0.0,0.0,0.0,0.0,-0.0023950115886890444,0.0073536405808383165,-0.0023950117035838048,0.007353640775455972,0.005354213481297165,-0.0029443720060271517,0.005354213379831663,-0.0029443718480877124,-0.0011839652961640468,-0.0009005709398479667,-0.0011839389054273397,-0.0009005697633739373,0.0,0.0,0.0,0.0,-4.649629724440274e-05,0.0005219926821382614,-4.649636815656777e-05,0.0005219927964432713,-0.0005441689999798882,0.0012549628264437729,-0.000544169189268473,0.0012549631271596695,-5.402775802565429e-05,-4.669380069799445e-05,-5.402735416737414e-05,-4.6693933512642616e-05,0.00012033619712781274,-4.2111938270750215e-05,0.0001203353128857998,-4.2113253087450175e-05,0.0,0.0,0.0,0.0
131600000.0,-0.10985758230616227,0.10791942607135496,-0.10985758604928719,0.10791943006943683,-0.4960371050781305,0.0751386174349733,-0.4960371054280017,0.07513861734643967,-0.2922561211467922,-0.1302422797958087,-0.2922561212993031,-0.13024227982572967,0.0,0.0,0.0,0.0,-0.010073579908038255,-0.003422417781784759,-0.010073579855969683,-0.003422417759537666,-0.011924990293906035,-0.011385585199079173,-0.011924990189768891,-0.011385585174195967,-0.0020087559003627575,0.017507332266497144,-0.002008755800076756,0.01750733230733914,-0.0254820489434735,-0.024963957342812648,-0.02548204923211017,-0.024963957588958863,-0.013130117483342474,-0.0013660970170832343,-0.01313011728642266,-0.0013660971614726236,-0.025282712985969624,-0.018616390380806536,-0.02528271279354044,-0.018616390322321763,-0.043538959805331956,-0.030471958450995373,-0.04353896008667846,-0.030471958295805734,-0.050381677065644226,-0.0680581556086608,-0.05038167548771355,-0.06805816553605837,-0.007007721648122356,0.04792858675685352,-0.007007721021182078,0.04792858704220038,0.0012836840836030206,0.007450189911629934,0.0012831905137460353,0.007450375174130386,0.015712253535525633,-0.061817680758991855,0.01571225369890783,-0.0618176806998747,0.0,0.0,0.0,0.0,0.0021644605659218996,0.007445654812954672,0.0021644607779904845,0.0074456548698123015,0.002736796585367074,-0.005419594839139563,0.0027367967538225457,-0.0054195947889823515,-0.0013979911127819378,0.0004809162463601524,-0.0013979908490284743,0.000480887188324175,0.0,0.0,0.0,0.0,0.00027262493300383994,0.0004434186465616108,0.0002726250532987251,0.00044341867789654543,0.00034474800905570646,0.001333667251941506,0.00034474832544617584,0.0013336673364818807,-6.760497014113298e-05,2.1145892851848203e-05,-6.760506573755265e-05,2.114545261377998e-05,2.6812480001581207e-05,-0.000123716318128686,2.6811270217308447e-05,-0.00012371537360422735,0.0,0.0,0.0,0.0
131900000.0,-0.037001159274822726,0.14825304794790028,-0.037001155422956344,0.1482530509917197,-0.4604771483178922,0.19210532335550567,-0.4604771483266177,0.1921053236639807,-0.3182245828314194,-0.01858209941709532,-0.31822458282022126,-0.01858209929501342,0.0,0.0,0.0,0.0,-0.010044137982902157,0.002764385862736418,-0.010044137970339762,0.002764385810589687,-0.016181544705247575,-0.0030342723164800134,-0.016181544700600625,-0.0030342724167837787,0.007735239556282636,0.015719646537686316,0.007735239576732056,0.015719646441826995,-0.03530970366375641,-0.005984439628093696,-0.03530970386891852,-0.005984439312197054,-0.011200422196111504,0.004948905244209101,-0.011200422359110007,0.004948905055496056,-0.03122600366312156,-0.001835362398828977,-0.03122600364531536,-0.0018353625819287345,-0.053355729849968725,-0.0008986608522043582,-0.05335572969195823,-0.0008986605329219799,-0.08098980908964393,-0.027929984406551256,-0.08098981935910388,-0.027929984441321665,0.0201671110965691,0.04372187197320443,0.02016711127077997,0.04372187138627481,0.006777730259273085,0.003242453138742718,0.006777942973855033,0.0032429157919544593,-0.008606539270076041,-0.06293938744991578,-0.008606539238854793,-0.06293938761380247,0.0,0.0,0.0,0.0,0.005992413245564876,0.004940306362964719,0.005992413259647833,0.004940306160335695,-0.0007980940233949241,-0.005987385813909896,-0.0007980940088430089,-0.005987385968587944,-0.0003750751441771172,0.0014215164339681507,-0.00037510686273378724,0.0014215180231111901,0.0,0.0,0.0,0.0,0.00048063792903008107,0.00019191466259016465,0.000480637933733874,0.00019191455444200756,0.0010997002624009156,0.0008456360277939723,0.001099700276142812,0.0008456357440209672,-1.758357208814232e-05,6.813117686021997e-05,-1.75840483649381e-05,6.813124436888529e-05,-9.080901654101581e-05,-8.699587045768453e-05,-9.080804181849089e-05,-8.699477043805359e-05,0.0,0.0,0.0,0.0
132200000.0,0.04536457669627225,0.14475495267920024,0.04536457899720858,0.14475494907785347,-0.3985569747631672,0.29659199987004214,-0.39855697450953187,0.29659199985431073,-0.3033730404033008,0.09462824415058435,-0.3033730403168562,0.09462824413164128,0.0,0.0,0.0,0.0,-0.006618410781513262,0.007752208679704609,-0.0066184108291054145,0.00775220867100046,-0.01520606914014877,0.006284490134188303,-0.01520606923159562,0.006284490138117604,0.014937956626454252,0.009006178967560174,0.014937956540833852,0.009006178956319388,-0.032513387599166776,0.015305473579871887,-0.03251338726248321,0.015305473736137998,-0.006905695843457238,0.009118519867914898,-0.0069056960167301895,0.00911852004676561,-0.027106553296249558,0.01542469199753782,-0.027106553459603333,0.01542469199749874,-0.04486707393924405,0.02924507041302249,-0.044867073577208316,0.029245070182298605,-0.08343030635950299,0.023177866494624055,-0.08343030474243562,0.023177876691448773,0.04052385410030013,0.025534768017461573,0.040523853576672764,0.02553476790006215,0.006537487758080829,-0.003630282422065534,0.0065379177556934565,-0.00363051972687245,-0.03150690951271429,-0.054952849133172776,-0.03150690966836578,-0.05495284914608334,0.0,0.0,0.0,0.0,0.007738825791477666,0.0007026312740237017,0.007738825608257116,0.0007026312795730405,-0.004023759087885992,-0.0044735430727449454,-0.004023759221709611,-0.004473543074041686,0.0009680568823711155,0.0010966190764740702,0.0009680613087397205,0.0010966531831257953,0.0,0.0,0.0,0.0,0.0004978746330692729,-0.00013212089155345552,0.0004978745418355857,-0.0001321208872084867,0.001397046070778174,-9.759824763477809e-06,0.0013970458317089651,-9.759815029042329e-06,4.832322808567824e-05,5.064905385054885e-05,4.8323272437755804e-05,5.064956555500544e-05,-0.00012093993785811108,3.1617538684969304e-05,-0.00012093894933684624,3.161656237793409e-05,0.0,0.0,0.0,0.0
132500000.0,0.11330274519410466,0.09943620002815479,0.11330274197079859,0.09943619847542706,-0.31404461289760377,0.38298949582262054,-0.31404461289785957,0.3829894955964619,-0.2499016770759539,0.19508430805773358,-0.24990167707920818,0.19508430798891396,0.0,0.0,0.0,0.0,-0.0011113690425901268,0.009903528819911855,-0.0011113690502355666,0.009903528864619204,-0.009308430721915784,0.013569960799308944,-0.009308430716984617,0.01356996088472684,0.0173860609907166,-0.00048631385525510495,0.017386060980626894,-0.00048631377572760925,-0.017984174699194,0.031226726393899895,-0.017984174597160063,0.031226726048696918,-0.0016538425552852232,0.010673612776820107,-0.0016538423651155654,0.010673612931576315,-0.014297504006037798,0.027640314300395374,-0.014297504004801453,0.02764031445192927,-0.020829769410653398,0.04951286187055004,-0.02082976975853512,0.04951286151337442,-0.056005453089781554,0.06709770246556701,-0.056005443383483566,0.06709769923858033,0.04769085753832769,-0.0006286068508885023,0.04769085743723167,-0.0006286063748781601,0.0008275640973778309,-0.007409305218590845,0.0008273047780704701,-0.007409700795093954,-0.049742571102100896,-0.039048799119743904,-0.04974257110566782,-0.03904879896914082,0.0,0.0,0.0,0.0,0.006783479620253274,-0.0037824658236687014,0.006783479628793998,-0.003782465651276823,-0.005831191545880188,-0.0014166238102859552,-0.005831191549532377,-0.0014166236882715566,0.0014434700886170049,-0.00019327772275090638,0.0014435060250548304,-0.00019328589685230213,0.0,0.0,0.0,0.0,0.000319681886651324,-0.0004015194547974943,0.0003196818873192342,-0.00040151937268362303,0.001103090114582983,-0.0008734388989992681,0.0011030901142703442,-0.0008734386843904929,6.829489916526654e-05,-1.421342555119054e-05,6.829544430786427e-05,-1.4213450601374689e-05,-3.628579854364489e-05,0.00011894076295959621,-3.628674657818465e-05,0.00011893988021327573,0.0,0.0,0.0,0.0
132800000.0,0.14772762254197858,0.02610608556360816,0.14772762170304077,0.026106088269195027,-0.2118132830624262,0.44670329520844376,-0.21181328330500548,0.4467032951890779,-0.16481049493985722,0.2701990079373182,-0.16481049502029066,0.270199007921601,0.0,0.0,0.0,0.0,0.004516300366034898,0.008624616986825373,0.00451630041213491,0.008624616992257472,-0.0003825314860250728,0.016464259243459622,-0.0003825313978182976,0.016464259237608303,0.014354292942783786,-0.009782340891121066,0.014354293024453568,-0.009782340881592688,0.0031019586394620546,0.03597598156940762,0.0031019583016984598,0.03597598152029491,0.003364927809414553,0.009784069246105531,0.003364927945654017,0.00978406904566853,0.003062090346887203,0.03092150751223599,0.003062090502581327,0.030921507510420554,0.010531025835277319,0.05279838749061838,0.010531025552069195,0.05279838795148706,-0.00796137507099104,0.08771603261577354,-0.007961379738844698,0.08771602376137366,0.03956515399409,-0.02637100354611377,0.03956515445707964,-0.026371003452855035,-0.005552198082668269,-0.004962166125565659,-0.005552557301371053,-0.004961887203002391,-0.06073021445391191,-0.017516156759437962,-0.060730214300477314,-0.017516156763921487,0.0,0.0,0.0,0.0,0.0034623386885783702,-0.006938969590848387,0.003462338867507242,-0.006938969601080203,-0.005604034230373145,0.002120130928130237,-0.005604034103043887,0.0021201309356797537,0.0006411175800735691,-0.0013018940952278513,0.0006411049334644758,-0.0013019310479371882,0.0,0.0,0.0,0.0,1.720866644916441e-05,-0.0005116456857798823,1.7208752680630823e-05,-0.0005116456819536097,0.00033420390199978556,-0.00137707986687019,0.0003342041299987386,-0.0013770798534906703,2.3986294081623782e-05,-6.5367263694327e-05,2.398628753041976e-05,-6.536784059107958e-05,8.185032864105324e-05,9.291278034595507e-05,8.184954492662655e-05,9.291366890096242e-05,0.0,0.0,0.0,0.0
133100000.0,0.1394725435192754,-0.053985962176600566,0.13947254557170652,-0.053985961977051744,-0.09759873389728568,0.48434870937673935,-0.09759873390181895,0.48434870966626775,-0.05898800168235141,0.3106379365452021,-0.058988001696548054,0.3106379366568284,0.0,0.0,0.0,0.0,0.008361824640786608,0.004515641788280789,0.008361824642165061,0.004515641737690146,0.008691718514498348,0.014015108279380684,0.008691718501282253,0.014015108183127012,0.006806618431866696,-0.01598828599906099,0.006806618434694656,-0.015988286087829096,0.023144134119917226,0.027781381532498983,0.023144134119078785,0.02778138185056278,0.007305574183234853,0.006943012915034075,0.007305573975088464,0.006943012798345194,0.019395499412908634,0.02424511068488755,0.019395499396452465,0.024245110514925727,0.038378106916411525,0.037884264340814156,0.03837810743668513,0.03788426450174853,0.04362444403447796,0.07713141370378906,0.04362443630319035,0.07713141956667968,0.018862360052025906,-0.04355409278920064,0.018862360112706256,-0.04355409326208104,-0.0072637850189209985,0.0016534749014205374,-0.007263488896057879,0.0016537955480337985,-0.06290079805421556,0.006569873847904972,-0.06290079807232019,0.006569873689336703,0.0,0.0,0.0,0.0,-0.0010521309698958703,-0.0076633461445503315,-0.0010521309957027825,-0.007663346340628152,-0.0034261139887235004,0.004912451171858123,-0.003426113991025659,0.004912451027120568,-0.0007217623714410593,-0.0012548828302065829,-0.0007217993576489334,-0.0012548652595434362,0.0,0.0,0.0,0.0,-0.0002907603602011477,-0.0004204484365004646,-0.0002907603617074983,-0.00042044853715950126,-0.000588646253035563,-0.0013001184980048208,-0.0005886462549113958,-0.0013001187642842638,-4.2805814871371695e-05,-5.4896578355112524e-05,-4.280642320964034e-05,-5.489658816060228e-05,0.00012168214657037879,-2.0769277682575193e-05,0.00012168294601622165,-2.0768577552843226e-05,0.0,0.0,0.0,0.0
133400000.0,0.09138206247796177,-0.11820714740346006,0.09138206215001787,-0.1182071486816838,0.02227268412521255,0.49389691482758025,0.022272684454222258,0.49389691476345376,0.054163667901605095,0.311439954271691,0.05416366804205097,0.31143995425252413,0.0,0.0,0.0,0.0,0.00922566197836261,-0.0008985005017763115,0.009225661924901374,-0.0008985004937471786,0.014970473056848732,0.006993481911159449,0.014970472955781133,0.006993481941748314,-0.0029060602740997865,-0.01716739857782912,-0.0029060603671382523,-0.01716739856232863,0.034896423786292985,0.009573555055041538,0.03489642407554072,0.00957355501782331,0.009596926452729804,0.002769360268256804,0.009596926358753421,0.002769360483863892,0.02946996806369384,0.009770407067286158,0.029469967883812842,0.00977040712145083,0.05307447295599843,0.009889649012915669,0.053074472997153066,0.009889648514583627,0.08011575789532799,0.038805955997720076,0.08011576467578152,0.03880596243032386,-0.007802757785185577,-0.046796790193308624,-0.0078027582566733145,-0.046796790179470804,-0.002858281316122202,0.006892862143391909,-0.0028580017944221936,0.006892551407037928,-0.0559185670407345,0.02976568874250063,-0.05591856719877342,0.029765688785779787,0.0,0.0,0.0,0.0,-0.0051723327247401585,-0.0057158250391857734,-0.0051723329322044265,-0.005715824976086026,-5.226575343897366e-05,0.005992819275647321,-5.2265910625237666e-05,0.005992819307216735,-0.00144249808435859,-0.00010067845536099185,-0.0014424754555761865,-0.00010064247683061467,0.0,0.0,0.0,0.0,-0.00048390327636127495,-0.00016422119784920142,-0.00048390338854176207,-0.00016422117451497797,-0.0012734940002019357,-0.0006664632499528977,-0.0012734942978056552,-0.0006664631889101713,-6.931478998239982e-05,7.352543871519401e-06,-6.931481128447103e-05,7.353183534064556e-06,4.6226835308971204e-05,-0.00011423027390478069,4.6227477170646125e-05,-0.00011423095723017695,0.0,0.0,0.0,0.0
133700000.0,0.017189587518828375,-0.14861900002287598,0.0171895871117016,-0.14861899931000622,0.14117819610508775,0.47476831931813734,0.14117819593185743,0.4747683189973344,0.1603945753329441,0.2725936452828712,0.16039457525462808,0.2725936451383646,0.0,0.0,0.0,0.0,0.0069780981300056055,-0.00573835431719516,0.006978098150909773,-0.005738354268551404,0.01639769233504751,-0.0023427438647303234,0.016397692390810903,-0.002342743772107525,-0.0117583469792919,-0.012926953111907835,-0.011758346938790964,-0.012926953027047716,0.034117487049684314,-0.012086012717670513,0.03411748698438544,-0.012086012976968874,0.009852787140502528,-0.0020173894674826442,0.009852787361623427,-0.002017389404155523,0.030060506870313475,-0.007858825566806615,0.030060506977591217,-0.007858825402511371,0.04955295793833159,-0.021539508203634483,0.04955295752806421,-0.021539508185060896,0.08826886208304074,-0.01363906558127681,0.08826886711703708,-0.01363907300825673,-0.03198793755866802,-0.03509798365006844,-0.03198793744037687,-0.03509798322927793,0.003983374621881808,0.006331938133943282,0.003983052249509456,0.006331702625196556,-0.04073746386924881,0.04873118418518274,-0.040737463792964945,0.0487311843258702,0.0,0.0,0.0,0.0,-0.007462265432437221,-0.001798268109993728,-0.007462265316164007,-0.0017982679155075232,0.003348644610611018,0.00498218253958882,0.003348644687889646,0.00498218268989703,-0.0008885026390146322,0.001141403686428788,-0.000888468648454932,0.0011413761770064923,0.0,0.0,0.0,0.0,-0.00048677887586734414,0.0001566990289383341,-0.00048677881865444306,0.0001566991381025673,-0.0014237363204330222,0.0002614979369006676,-0.0014237361661457726,0.0002614982248090314,-3.0434414114210995e-05,6.291856837847831e-05,-3.0433744711899635e-05,6.291859481066808e-05,-7.282462158286762e-05,-9.937305552654152e-05,-7.282517142925826e-05,-9.937367383017204e-05,0.0,0.0,0.0,0.0
134000000.0,-0.06230259995921017,-0.13663206497885128,-0.06230259902761759,-0.13663206550691598,0.2525075089778852,0.42786961304194193,0.25250750873756544,0.42786961332716444,0.24635930868704747,0.1990077279040463,0.24635930857873234,0.1990077280462259,0.0,0.0,0.0,0.0,0.0025387240726644222,-0.008425347611357381,0.0025387241091010537,-0.008425347644742232,0.012478107110467818,-0.010968669624599414,0.0124781071785236,-0.01096866970488719,-0.01696638401158168,-0.0045479806846309145,-0.016966383950205,-0.004547980749453728,0.021100291590812503,-0.029403873556816507,0.021100291359189782,-0.029403873471956388,0.007899468552778899,-0.006545066114242104,0.007899468580419011,-0.0065450663356969585,0.020968585787045413,-0.022995901979811606,0.020968585902920722,-0.02299590213907976,0.02904085603893236,-0.04560851595808657,0.029040856024863615,-0.0456085156524253,0.06509469941292423,-0.061475942074956436,0.06509469159497883,-0.061475945659850595,-0.04602459284568283,-0.012130398242128138,-0.04602459254533642,-0.012130398457209424,0.007492601700477053,0.00040556645519984613,0.007492413356317229,0.0004058968832332255,-0.01948384718345153,0.060695172950101295,-0.019483847079484917,0.060695172844134504,0.0,0.0,0.0,0.0,-0.0071427046649716885,0.0027046361262996754,-0.0071427045160987745,0.002704635957975654,0.005593187746043782,0.0022228741630527793,0.005593187858991655,0.0022228740400329627,0.000452701057255922,0.0013764666109317147,0.0004526691007953332,0.0013764354240670684,0.0,0.0,0.0,0.0,-0.000297941749906272,0.00041674267560054545,-0.00029794166879071327,0.0004167425834680216,-0.0009667766456260551,0.0010910538621971,-0.0009667764298058046,0.0010910536125479098,3.7542665282330745e-05,5.9283479011185136e-05,3.754268871603017e-05,5.928278488198657e-05,-0.0001229810809348919,9.687980103478822e-06,-0.00012298171714064665,9.68838859449761e-06,0.0,0.0,0.0,0.0
134300000.0,-0.12473039251607076,-0.08524456178823314,-0.12473039400785524,-0.08524456275973691,0.34997783170258856,0.3555709955242996,0.3499778320532272,0.3555709956167341,0.3012446861042548,0.09988691074686784,0.3012446862860543,0.09988691078075362,0.0,0.0,0.0,0.0,-0.0024978515653941713,-0.00819263193382369,-0.0024978516052840405,-0.008192631951395413,0.004450592939875264,-0.016066928882299436,0.004450592846012569,-0.01606692891271777,-0.016842739472991752,0.005384890076037152,-0.01684273954943194,0.0053848900533246535,0.0005373476940064847,-0.03617592830872951,0.000537347793652998,-0.036175928102171184,0.0039220986394497,-0.009810429084286199,0.003922098428276399,-0.009810429072928173,0.0050809062899617174,-0.030782146458022908,0.00508090610179579,-0.030782146494662044,-0.0014215412026032936,-0.054092692055323965,-0.0014215409531175283,-0.05409269191904542,0.01882610126472173,-0.08771292042289858,0.018826099145798025,-0.08771291245988522,-0.045389245276496126,0.014874435708620126,-0.04538924553722268,0.014874435590652269,0.0046724778895281815,-0.005904918072452858,0.00467281200191394,-0.005904780158932255,0.004823707429238766,0.06385215606237438,0.004823707310578129,0.06385215601248717,0.0,0.0,0.0,0.0,-0.004355533452624627,0.006221524591751404,-0.004355533647753873,0.006221524519158805,0.005890912881113763,-0.0013342497742634407,0.005890912733036657,-0.0013342498223352095,0.0013994726193118368,0.0003924915282524921,0.0013994448213168198,0.00039252733257910677,0.0,0.0,0.0,0.0,9.323862840915353e-06,0.000513658468527467,9.323750276735154e-06,0.0005136584359881624,-8.908104891247604e-05,0.001465220352375951,-8.908135227159164e-05,0.0014652202654552582,7.052673473140203e-05,-6.559179475118526e-07,7.05260245865702e-05,-6.559328227240258e-07,-5.656801383224774e-05,0.00011001839064306296,-5.656773977591456e-05,0.00011001908395513738,0.0,0.0,0.0,0.0
134600000.0,-0.15209028828397209,-0.008396631609439709,-0.15209028911367284,-0.008396629168782255,0.4279448596088571,0.2616207627946707,0.42794485952238404,0.26162076246035326,0.31808024017426817,-0.012404953750284164,0.31808024011546365,-0.012404953928491835,0.0,0.0,0.0,0.0,-0.006437920720756551,-0.005288243214600641,-0.006437920716990675,-0.005288243177979268,-0.0050983713898205,-0.015943712876577365,-0.005098371378139177,-0.015943712790114972,-0.011337171652485267,0.01375505353603046,-0.011337171631822685,0.013755053603826894,-0.02019497644661783,-0.030001273238141835,-0.020194976262672526,-0.030001273351867752,-0.0013880414688003384,-0.010864790866630614,-0.0013880414197018354,-0.010864790678567715,-0.012541537988241203,-0.028684612385813324,-0.012541537933458358,-0.028684612207594995,-0.03143441417444137,-0.04411220031630947,-0.03143441387142332,-0.044112200606445384,-0.034186830825547077,-0.08311677083668911,-0.03418682296401698,-0.0831167701659794,-0.030144292996453714,0.03733667251928097,-0.0301442929055753,0.03733667273815655,-0.002133826705858155,-0.007253201797592368,-0.0021337423969782776,-0.007253534292448904,0.02868474116714026,0.057634487248780175,0.028684741177173123,0.0576344873547896,0.0,0.0,0.0,0.0,-9.927863136738324e-05,0.007546769965205868,-9.927861633229895e-05,0.007546770147136783,0.004121010194324981,-0.004452684001261531,0.00412101022207878,-0.004452683862613327,0.0011099214617331654,-0.0009478572843306665,0.00110996046041123,-0.0009478332023604708,0.0,0.0,0.0,0.0,0.0003150438752896889,0.00040830995047969054,0.00031504390129555304,0.0004083100586385058,0.0008393248981235502,0.0012165910973926941,0.0008393249662503877,0.0012165913854467192,3.6813625115428295e-05,-6.0665710904572734e-05,3.6813621832720855e-05,-6.0664996027526286e-05,6.417547869830287e-05,0.0001063687633298116,6.417626458699033e-05,0.0001063686053406343,0.0,0.0,0.0,0.0
134900000.0,-0.13572416489408567,0.07247878763547178,-0.135724161557377,0.07247878814993669,0.48169793789890036,0.15099591554552916,0.4816979376712567,0.15099591578820437,0.2945797630350597,-0.12385355173357837,0.2945797629099616,-0.12385355159305433,0.0,0.0,0.0,0.0,-0.00805732566530537,-0.000824667447904659,-0.00805732564153061,-0.0008246674709688762,-0.01306118214414198,-0.010590007201262353,-0.013061182086218537,-0.010590007250200983,-0.0020921210105342425,0.017869095630000942,-0.0020921209705448973,0.01786909557080918,-0.03368774529633356,-0.01311269053887898,-0.03368774542369124,-0.013112690698751095,-0.006833740220528739,-0.009128583544537605,-0.006833740067293093,-0.009128583625983566,-0.0262553502973617,-0.017305004378943778,-0.026255350171027203,-0.017305004514469147,-0.050781313537939354,-0.019062027162529915,-0.05078131397807795,-0.019062027611134624,-0.07533673641162864,-0.049325698094609294,-0.0753367371241751,-0.04932570560531957,-0.004994288094877675,0.047997333739974835,-0.004994288009470438,0.04799733346449386,-0.007189141009860123,-0.002455944373465968,-0.0071894655818312,-0.002455972238724513,0.048605346811044114,0.04281809355086352,0.04860534687728091,0.04281809348828247,0.0,0.0,0.0,0.0,0.004133481668958439,0.006253968413716393,0.0041334817940708035,0.006253968322667447,0.0008817037834916164,-0.0060353363297132034,0.0008817038741852912,-0.0060353364256897635,-0.00017114024481656998,-0.0014569386718932265,-0.00017111998191410294,-0.0014569802599879722,0.0,0.0,0.0,0.0,0.0004988416829405651,0.00014040376087010031,0.0004988417566238468,0.0001404036835701561,0.0014206979464290725,0.0004425465616435531,0.0014206981412598907,0.00044254635699303435,-3.243518631279585e-05,-6.367794034645158e-05,-3.243447980594283e-05,-6.367794771477975e-05,0.00012489387698622068,1.1805643431728186e-06,0.00012489380594615795,1.1796607140013293e-06,0.0,0.0,0.0,0.0
135200000.0,-0.07910851092759685,0.13405243269872713,-0.07910851087902415,0.1340524285554281,0.5077262138921128,0.029689682458229782,0.5077262142209804,0.029689682514728588,0.23341983098571006,-0.2204928005515434,0.23341983116976905,-0.2204928005147231,0.0,0.0,0.0,0.0,-0.0069728254601102435,0.0036481686022931115,-0.006972825493889445,0.003648168598537893,-0.016813494171259435,-0.0017036156029668348,-0.016813494242029492,-0.001703615617643095,0.008022947837659444,0.016313049229292886,0.008022947756685994,0.01631304923200716,-0.03513529074091082,0.008443039451048406,-0.03513529087250333,0.008443039591927715,-0.010937801707427752,-0.0046961666396114765,-0.010937801810271708,-0.0046961667493867765,-0.031614872527825355,-0.00021123821241886276,-0.03161487271108854,-0.00021123825682067832,-0.0528665529946295,0.012562748586997685,-0.05286655350641922,0.012562749254804828,-0.09023384425483982,0.0018614389106090812,-0.090233851179093,0.001861440878283105,0.022106228780259585,0.04324486531150029,0.022106228391166383,0.04324486542667216,-0.006190733954454686,0.004479139946955257,-0.006190703129419717,0.004479449286417747,0.061599207358185026,0.02144088180052961,0.061599207264066536,0.021440881793481026,0.0,0.0,0.0,0.0,0.006883210534780915,0.0028297795362242084,0.0068832104020657425,0.0028297794994607273,-0.0027079006617043433,-0.005507365136750764,-0.0027079007969632585,-0.005507365154194588,-0.0013137532435081312,-0.0006711600882809421,-0.001313796938688938,-0.0006711765843157025,0.0,0.0,0.0,0.0,0.0004868688039891822,-0.00018615157821599837,0.0004868686980188386,-0.0001861515967398475,0.0014001957963927225,-0.000532156566027453,0.0014001955167515234,-0.000532156612123913,-7.178529646978404e-05,-5.953015485005153e-06,-7.178530771057012e-05,-5.9537002634613145e-06,6.687092330537325e-05,-0.00010643062857695895,6.686988643878067e-05,-0.00010643061241921714,0.0,0.0,0.0,0.0
135500000.0,0.002477578485553522,0.15761132073711792,0.0024775736529107917,0.15761132127402888,0.5039416692057728,-0.09556017626106339,0.5039416690767666,-0.095560176583799,0.14192819302324722,-0.2900929990916481,0.14192819296440007,-0.2900929992690777,0.0,0.0,0.0,0.0,-0.0037075513772037993,0.006682720774147555,-0.003707551358658634,0.00668272080731569,-0.015075050486444752,0.007841712874096629,-0.015075050455465089,0.007841712945133139,0.01577859694658912,0.009441241922033328,0.015778596996042893,0.009441242002569794,-0.024033689061823793,0.026966610422213932,-0.02403368891047819,0.02696661052066318,-0.01235351587762068,0.0015283504914194168,-0.012353515941484261,0.0015283506004450942,-0.026792692325116718,0.01716074141635815,-0.02679269228157466,0.017160741603124308,-0.03692680946440419,0.040028300622157786,-0.03692680855171204,0.040028301083239626,-0.0736202479643282,0.05262724995743895,-0.07362024493443187,0.05262725610511154,0.042416940110371115,0.024357896141797397,0.0424169404431467,0.024357896550100122,8.70420282979012e-05,0.007693609337401597,8.732787617304894e-05,0.007693518413923073,0.06563065738301077,-0.0034616130714368865,0.06563065743927154,-0.0034616129749736047,0.0,0.0,0.0,0.0,0.007228226400982862,-0.001511826201600286,0.007228226459815801,-0.001511826072704281,-0.005389417876557445,-0.0030243728819598914,-0.005389417813390196,-0.0030243727480616656,-0.0012955618560397397,0.0007242272404113237,-0.0012955746933300816,0.0007242727172886987,0.0,0.0,0.0,0.0,0.0002812876955857746,-0.00044301696528137313,0.0002812877373514766,-0.00044301686230596715,0.00077794905503481,-0.001291440191920401,0.0007779491706969566,-0.0012914399169616786,-4.317780796725401e-05,5.8453008882963786e-05,-4.3178462675541596e-05,5.845301374662881e-05,-5.6097470192639776e-05,-0.00011347907977210525,-5.609747617540961e-05,-0.00011347790631788257,0.0,0.0,0.0,0.0
135800000.0,0.08568776639910425,0.13479931804402767,0.08568776760358787,0.1347993234341054,0.46984486715328444,-0.21759487406268008,0.4698448669190043,-0.2175948737863287,0.031223053130361222,-0.32364267507693967,0.03122305300362882,-0.3236426749442103,0.0,0.0,0.0,0.0,0.0005468623619719892,0.007398193072063464,0.0005468623852493693,0.007398193033818501,-0.008347017753919772,0.014917133719677622,-0.008347017702632797,0.014917133651668024,0.018602357991184704,-0.0006737850799254375,0.018602358053598778,-0.000673785168935126,-0.004354349051155282,0.03584541938154828,-0.0043543489883859365,0.035845419225758235,-0.010322681841074655,0.007959301211318603,-0.010322681738202277,0.007959301229330862,-0.013197776793248295,0.02920628404208614,-0.013197776642428494,0.029206283928388643,-0.008303264315799197,0.05396715578964972,-0.008303264005149913,0.05396715468063462,-0.03115313226790306,0.0852651688305528,-0.031153127007328862,0.08526516497479975,0.04920951519926575,-0.0027796425125181656,0.04920951554294106,-0.0027796430302338138,0.006387115165793489,0.004399932405540596,0.006386963801489287,0.004399679149351243,0.059934019485297085,-0.028272310402574163,0.059934019559023,-0.028272310513582255,0.0,0.0,0.0,0.0,0.005092762371148751,-0.0052635246468533126,0.005092762455021216,-0.005263524784147933,-0.00620206467183948,0.000569101516461501,-0.006202064574495125,0.0005691013884359108,-0.00011753833013017356,0.0014891804334844494,-0.00011749126626625639,0.0014891896774109625,0.0,0.0,0.0,0.0,-3.9387209326946504e-05,-0.000527345114246458,-3.938713466311583e-05,-0.000527345206091212,-0.0001868949030949807,-0.0015056897116245693,-0.00018689470353194793,-0.0015056899577245986,2.7320306841716047e-05,6.811064738343475e-05,2.7320296325683557e-05,6.811126520744892e-05,-0.00012702708039569188,-1.157457136002904e-05,-0.00012702577210177424,-1.1574575001560561e-05,0.0,0.0,0.0,0.0
136100000.0,0.14558979129537875,0.07078233203206352,0.14558979710957942,0.07078233012132529,0.40662021981145813,-0.32919876423225247,0.40662022016154253,-0.32919876413013327,-0.08509430223449499,-0.3164551273444438,-0.08509430206854063,-0.3164551272908085,0.0,0.0,0.0,0.0,0.004367732446667105,0.005722044403800197,0.004367732397497548,0.005722044394772752,0.0012235010196803842,0.017158578126803548,0.0012235009310046507,0.017158578106048594,0.015430277718166963,-0.010842679652103726,0.015430277607322296,-0.010842679686245305,0.01686830836415254,0.03190950668237136,0.016868308212963257,0.03190950665549863,-0.005015499354570352,0.012713234139351215,-0.005015499374849242,0.012713234050718114,0.00491541642875859,0.0319359731211577,0.004915416280184104,0.03193597302887241,0.02332346133351848,0.049547922278549095,0.02332346012109099,0.04954792217126425,0.022503336247766015,0.08827012474439755,0.02250333180691655,0.08827012038592486,0.04000698793358026,-0.02946619962557051,0.040006987298497165,-0.0294661998579393,0.007341338946957876,-0.00271103049896837,0.007341128084988213,-0.0027108196098772908,0.04515833585539042,-0.04930580690511022,0.0451583357104397,-0.04930580694067288,0.0,0.0,0.0,0.0,0.0012555607727762208,-0.007151054698084636,0.0012555605910904433,-0.0071510547128035284,-0.004824935879014447,0.004021738248152218,-0.004824936041060823,0.004021738205924663,0.0011815158725454467,0.0009307271466205691,0.0011815214719916867,0.0009306786348908247,0.0,0.0,0.0,0.0,-0.00034977605685071467,-0.0004026590400627583,-0.0003497761739481575,-0.00040265907302483583,-0.00108383219821917,-0.001075188394722204,-0.0010838325105737567,-0.0010751884817743473,7.309727446624947e-05,1.2642165042819897e-05,7.309785503650801e-05,1.264220199459487e-05,-7.681030415085388e-05,0.00010310960391635149,-7.68103449075852e-05,0.00010310816805514378,0.0,0.0,0.0,0.0
136400000.0,0.163212512963824,-0.016499015317705812,0.16321251034823092,-0.016499021440225192,0.3171495800313693,-0.42348933293883206,0.3171495800058466,-0.4234893332848273,-0.1925429989910441,-0.26877522971811985,-0.19254299900559602,-0.2687752298740733,0.0,0.0,0.0,0.0,0.006577006264151919,0.0023483622815163585,0.006577006268472019,0.002348362332767806,0.010519856677362327,0.013755989398411828,0.010519856686357798,0.013755989489997233,0.007110321412426401,-0.01774797500461034,0.0071103214060599385,-0.01774797488969071,0.03204418089677574,0.01656944021228668,0.03204418090184902,0.016569440349563536,0.0023774075046389953,0.014148741427781886,0.0023774074341815776,0.014148741479743876,0.02174953607926966,0.024287892635804553,0.02174953604385621,0.024287892781909903,0.04717645092058831,0.028152664344681,0.04717645100723189,0.02815266556142504,0.06867349491199093,0.06036637247507315,0.06867349138093459,0.06036637730815286,0.01750680915922942,-0.046949820077973214,0.017506809038636106,-0.04694981939890752,0.0020258103167094532,-0.007638500588157626,0.0020260783718981656,-0.007638342463764047,0.023309976957250456,-0.06334741592228355,0.02330997696078896,-0.06334741576658942,0.0,0.0,0.0,0.0,-0.0029376111965717655,-0.006567176250531048,-0.002937611140964691,-0.0065671760610435115,-0.0017036658236122548,0.0061061293753397194,-0.001703665812158306,0.006106129539265481,0.001440762179058197,-0.0004694874180053432,0.0014407124129149906,-0.00046948918291178643,0.0,0.0,0.0,0.0,-0.0005260934661919237,-0.0001145701809477373,-0.0005260934586459598,-0.00011457006319304242,-0.0015257302449072085,-0.00017662156781739213,-0.0015257302222408953,-0.00017662125636874748,4.969714804303749e-05,-5.6262431488818265e-05,4.969722141368038e-05,-5.626297417293813e-05,4.8276764132992867e-05,0.00012032009050244596,4.827521446770788e-05,0.00012032019630225932,0.0,0.0,0.0,0.0
136700000.0,0.13179413081390123,-0.10121209314715429,0.13179412446787353,-0.10121208985890462,0.20593608241613026,-0.4943148484832349,0.20593608212531933,-0.4943148483759501,-0.2774813829599623,-0.18581855878073128,-0.27748138307997294,-0.18581855872572106,0.0,0.0,0.0,0.0,0.006595839693716243,-0.0015473731105331012,0.006595839738665177,-0.0015473731253869971,0.016464493004306746,0.005748279713479576,0.01646449308432807,0.005748279683274404,-0.003797167769931775,-0.019019493565146206,-0.0037971676637482688,-0.019019493577729918,0.03574472553071928,-0.004679691685385734,0.03574472564929465,-0.004679691716482637,0.009858709680884203,0.011410863777555846,0.00985870975580383,0.011410863829144802,0.031794193556009986,0.008539231741679032,0.03179419367116054,0.008539231738438957,0.05504063063739295,-0.003029623502868617,0.055040631795009176,-0.0030296237256841607,0.09112109401593216,0.011066309492651527,0.09112109913358779,0.011066312320377136,-0.011167856507469764,-0.04929800158501152,-0.011167855836262675,-0.0492980015387019,-0.00514002007876968,-0.0061096926912220795,-0.005139925387624089,-0.0061100139456975455,-0.0025056817953696964,-0.06813986751621925,-0.002505681647505753,-0.06813986755053136,0.0,0.0,0.0,0.0,-0.006050591498322433,-0.0037641695444854406,-0.006050591327408483,-0.0037641696526371504,0.0020884159788465695,0.0060519813658501675,0.002088416121296177,0.00605198131775353,0.00041299871794819865,-0.0014711281092623096,0.0004130010786269622,-0.00147107745039321,0.0,0.0,0.0,0.0,-0.0004951017165950589,0.00022539492066897537,-0.0004951016160816835,0.00022539488562145493,-0.0013162112870048759,0.0008090333924357651,-0.0013162110219582246,0.0008090332972905401,-2.2154135521645912e-05,-7.275118147020976e-05,-2.215464184018856e-05,-7.275130021611176e-05,0.00012894332968471645,2.1757697648894236e-05,0.0001289435265192651,2.175934153214598e-05,0.0,0.0,0.0,0.0
137000000.0,0.05947689491814856,-0.15739704738046356,0.05947689883272744,-0.15739704085323325,0.07893425457663739,-0.5366388973121872,0.07893425470832938,-0.5366388970896807,-0.3287499804493308,-0.07723669394056998,-0.3287499803875278,-0.07723669386223975,0.0,0.0,0.0,0.0,0.004574535833285154,-0.004720646251790583,0.004574535813091529,-0.0047206462901669966,0.017035961878306694,-0.004285257277807375,0.017035961837237323,-0.004285257342651505,-0.013788057628275396,-0.01404912930063773,-0.013788057649179564,-0.014049129395097282,0.026654916231635184,-0.024224242569957255,0.026654916181968247,-0.02422424266879375,0.015120092194507606,0.0048168355511606364,0.015120092227036253,0.004816835453759438,0.031616278533448394,-0.010344402458223101,0.03161627851844173,-0.010344402533227992,0.044098474536454546,-0.033397904879443274,0.044098474248812636,-0.03339790596543679,0.08176031351567303,-0.0425226358138886,0.08176031576159914,-0.04252264121004856,-0.0366974978483654,-0.03542235175783759,-0.036697497826963854,-0.03542235240966107,-0.008038196591044766,0.0007096077096164777,-0.008038565308382317,0.0007095872822588944,-0.02851247498445275,-0.06274417376251051,-0.028512475037345553,-0.06274417389582965,0.0,0.0,0.0,0.0,-0.007051448934518589,0.0002558253051958559,-0.0070514490713406985,0.00025582516195044036,0.005213889476266331,0.0038303267380044304,0.005213889414463324,0.0038303266216885845,-0.0010036068965320055,-0.001171410295043529,-0.0010035559604375521,-0.001171417065854996,0.0,0.0,0.0,0.0,-0.0002643952243630565,0.0004823616180544832,-0.0002643952691414597,0.000482361538843179,-0.0005372300127248764,0.00145798736125613,-0.000537230132778177,0.0014579871526478883,-7.462828946813715e-05,-1.9482082500132947e-05,-7.462846362216169e-05,-1.948161072817811e-05,8.659323195558954e-05,-9.956982390946223e-05,8.659494083929076e-05,-9.957013400452297e-05,0.0,0.0,0.0,0.0
137300000.0,-0.03273285269435178,-0.16714322258440717,-0.03273284597580073,-0.16714322708912732,-0.05671272014633644,-0.5468893562544039,-0.056712719966427017,-0.5468893563703219,-0.3390567943389584,0.04393697800240659,-0.33905679428454505,0.04393697795656948,0.0,0.0,0.0,0.0,0.0012793769497250196,-0.006251300350740507,0.0012793769153347512,-0.0062513003296942316,0.0119578691077038,-0.013049825608447918,0.011957869052352521,-0.013049825565580875,-0.01952826486244419,-0.004263789968973697,-0.01952826495023885,-0.004263789949177976,0.008048243823338908,-0.03506723079028262,0.008048243742990735,-0.035067230726632204,0.016216817524423277,-0.004057581920420716,0.01621681740211045,-0.004057581934262089,0.02103211107468894,-0.026249583651839714,0.021032111032354806,-0.02624958364502561,0.01795160963152398,-0.05253725620444527,0.01795160858192446,-0.05253725590274172,0.04359619935357273,-0.08161603309736876,0.04359619360535305,-0.08161603482312785,-0.05058263906430227,-0.009561224521007716,-0.05058263972108534,-0.00956122455307451,-0.004072146273614408,0.007068057664255889,-0.004072081735841948,0.007068466194901646,-0.050804124047871824,-0.047717127550903626,-0.050804124169246734,-0.04771712749016643,0.0,0.0,0.0,0.0,-0.005652405604436694,0.004104893255856723,-0.005652405728767462,0.004104893404480947,0.006538916395797401,0.0001840199779366003,0.006538916296207731,0.00018402003686190938,-0.0015480744398672641,0.0001866115088446918,-0.0015480857489507116,0.00018656119283377848,0.0,0.0,0.0,0.0,7.84290192257231e-05,0.000551101608856186,7.84289524773385e-05,0.0005511016496484444,0.000482321212373904,0.0014861047027565633,0.0004823210391862176,0.001486104811640132,-5.646902624789618e-05,5.4251843799590915e-05,-5.646858616614736e-05,5.425208267695325e-05,-4.018539998185133e-05,-0.0001270354690703357,-4.018584085940802e-05,-0.0001270372030930389,0.0,0.0,0.0,0.0
137600000.0,-0.11723189359815933,-0.12639054104436553,-0.11723189868871486,-0.1263905480101144,-0.1930222181838701,-0.5232488084507736,-0.19302221827894073,-0.5232488086294254,-0.3059498971000352,0.1627530684949008,-0.30594989712751897,0.16275306843865422,0.0,0.0,0.0,0.0,-0.0022005057128211547,-0.0057949036915943,-0.0022005056922012045,-0.005794903658525641,0.002822957616530175,-0.01761432994576495,0.002822957659105896,-0.017614329892985836,-0.018962472306995437,0.0072606986648864336,-0.01896247229007031,0.007260698753761119,-0.01339346570838984,-0.0333433123064637,-0.013393465631992285,-0.03334331224213116,0.012248069036274956,-0.012674183453867727,0.012248069042584575,-0.012674183303012398,0.003258824662637494,-0.03387658713592856,0.0032588246548783673,-0.03387658711329067,-0.014554388924409523,-0.0537946357828929,-0.01455438861312075,-0.05379463471448531,-0.010212429595881645,-0.09234733277001084,-0.010212430770550895,-0.09234732656383926,-0.047972079938801926,0.019982873574498683,-0.04797207998653619,0.01998287427390011,0.003496467965874217,0.0074692232896822475,0.0034969066337424692,0.007469063527381081,-0.06592126511536378,-0.025073111925770775,-0.06592126504909857,-0.025073111809518878,0.0,0.0,0.0,0.0,-0.0023832975402626744,0.006492138365203459,-0.002383297381555849,0.006492138484375687,0.005543129585319662,-0.003614889582685521,0.005543129636635058,-0.003614889483507966,-0.0007117719300424596,0.0014087405339537895,-0.0007118205000438138,0.0014087561904077006,0.0,0.0,0.0,0.0,0.00039837047154378524,0.00039887946552141784,0.0003983705056640474,0.00039887953110451235,0.001305311791881536,0.0008737200268953416,0.001305311883342597,0.0008737201971484865,1.708280396428563e-05,7.772299525043991e-05,1.708311734205381e-05,7.772257963267748e-05,-0.00013071535597930506,-3.2293682721729056e-05,-0.00013071706605671807,-3.2293106038139285e-05,0.0,0.0,0.0,0.0
137900000.0,-0.16825518334185574,-0.04638315087921541,-0.16825519064258287,-0.046383145150379335,-0.32159569180294056,-0.4658642375834603,-0.3215956920098222,-0.4658642374831885,-0.2322630135038537,0.26407330433210063,-0.23226301358080548,0.26407330435805676,0.0,0.0,0.0,0.0,-0.004812876051644821,-0.0036303240350790134,-0.0048128760164871665,-0.0036303240570916273,-0.0074013912204549115,-0.01639086317056382,-0.007401391165458904,-0.01639086321604566,-0.012050446067732423,0.016749718960738846,-0.012050445971468093,0.01674971894283317,-0.029987372264059786,-0.019701110024584523,-0.0299873722134123,-0.019701110115605047,0.0038267370352258467,-0.01819698133544989,0.003826737218787457,-0.018196981366052967,-0.0160394241726749,-0.030496003911657965,-0.01603942415940196,-0.030496003895933654,-0.04232014869629097,-0.03659358724657835,-0.042320147570762856,-0.03659358760565112,-0.06088963977421713,-0.07069420400930682,-0.06088963303153605,-0.07069420351174216,-0.029364963440031033,0.04348349258697226,-0.029364962672232764,0.04348349262622975,0.008216228448404195,0.0014291014342262542,0.008215964011384358,0.0014286443976061491,-0.07138082517325017,0.001971266566840768,-0.0713808250570338,0.001971266492368784,0.0,0.0,0.0,0.0,0.0016146344654686118,0.006654387763809666,0.0016146345908651938,0.00665438758431236,0.002523965990576471,-0.006204306481684796,0.0025239660981242196,-0.006204306535700255,0.0007894059075681525,0.00139120683036964,0.0007894252703692928,0.0013912524332084786,0.0,0.0,0.0,0.0,0.0005655759120344328,8.084049217416123e-05,0.0005655759847940089,8.08404560643794e-05,0.001574019287545525,-0.00012219357942910847,0.0015740194789515272,-0.0001221936760060771,7.652607149566393e-05,2.6342094621156775e-05,7.652566773685976e-05,2.6341696333531672e-05,-9.681063259847633e-05,9.580500608308284e-05,-9.680993305494212e-05,9.580663898844932e-05,0.0,0.0,0.0,0.0
138200000.0,-0.1697113757794142,0.049627520017381244,-0.16971136928314934,0.04962752774698487,-0.4340984978549898,-0.37695609056027735,-0.4340984977077653,-0.3769560903286191,-0.12597035918412303,0.33438013410442835,-0.12597035913489663,0.3343801342022914,0.0,0.0,0.0,0.0,-0.005849706797476983,-0.0005149380621531918,-0.005849706825529211,-0.0005149380978508589,-0.015333583425601205,-0.00968602224197923,-0.015333583482430413,-0.009686022295888108,-0.0008677608748683951,0.020956895585733548,-0.0008677609026790378,0.020956895484800953,-0.03580911634435324,0.0009429523072483903,-0.03580911645238416,0.0009429522730002304,-0.006865668311149875,-0.018385595950334732,-0.006865668376377698,-0.018385596166808682,-0.030534593211086758,-0.016919279703110135,-0.030534593200570725,-0.01691927970276197,-0.055778132302037875,-0.006680346616157351,-0.05577813277079713,-0.006680347791032659,-0.09059123349881304,-0.023972808022854508,-0.09059123387095269,-0.023972815304666995,-0.0005925541367730602,0.052979208427366586,-0.0005925541482270091,0.05297920759703345,0.005945474648711979,-0.0059846355369828075,0.005945013092912177,-0.005984258178635571,-0.06607806984932552,0.02943925953599802,-0.06607806993991971,0.02943925942427228,0.0,0.0,0.0,0.0,0.004990699595197157,0.004591952655033538,0.004990699376037355,0.004591952529096943,-0.0014849907754381775,-0.006617977220386706,-0.0014849908491214592,-0.006617977334009595,0.0016186249456637825,0.00011265888766587295,0.0016186664628179415,0.00011263697318497634,0.0,0.0,0.0,0.0,0.000507689571861647,-0.0002791966072877017,0.0005076895205178289,-0.0002791966867405904,0.0011661163058818147,-0.00107559604082752,0.0011661161682070542,-0.0010755962501463046,6.338125265870076e-05,-5.259058875139999e-05,6.338076318002095e-05,-5.2590180928291375e-05,3.1730248764461066e-05,0.00013423209667706715,3.1731756308772674e-05,0.0001342313073919854,0.0,0.0,0.0,0.0
138500000.0,-0.12001798997702906,0.13324349363632138,-0.12001798175569434,0.13324348615832804,-0.522772526669911,-0.26081058130262846,-0.522772526453636,-0.26081058152763603,0.0005567245402886556,0.36347672592729907,0.0005567246369793111,0.36347672583403323,0.0,0.0,0.0,0.0,-0.005116996352626302,0.0025829168535835834,-0.005116996384273875,0.002582916889338094,-0.018292719268274027,0.00036692486419553916,-0.018292719311986616,0.0003669249383904116,0.010995301719532335,0.018273336152518027,0.010995301622727993,0.01827333619482374,-0.028809380940231222,0.02118079307071241,-0.028809380952594665,0.0211807931950716,-0.01655200021048131,-0.01245826260716143,-0.01655200045806282,-0.012458262498789452,-0.03529043335744575,0.002658548671561789,-0.035290433325954496,0.0026585486733807784,-0.05017898599223258,0.025790617593834497,-0.0501789871621412,0.025790618220661088,-0.08866394753623297,0.03163068783965173,-0.08866395526129622,0.03163068929243451,0.028971218805068588,0.044977141590557324,0.02897121795015778,0.044977141683695265,-0.0015190451289015527,-0.008401698367087818,-0.0015185482277360052,-0.008401248136983952,-0.05049777737680472,0.053163972163083884,-0.05049777747177586,0.053163972273083004,0.0,0.0,0.0,0.0,0.006638340374905738,0.001041959299151074,0.006638340269788046,0.0010419595693065276,-0.005062790825164143,-0.004645519219124594,-0.005062790928761274,-0.004645519113033458,0.001001558657918622,-0.0013070990234140822,0.0010015358315769163,-0.0013071356603404638,0.0,0.0,0.0,0.0,0.00024108236118536297,-0.000536245268413893,0.00024108228750208127,-0.0005362451921016032,0.0002507296756135702,-0.0015738574133621341,0.0002507294821043615,-0.0015738572101113846,-1.2294139523305603e-05,-8.293437274886628e-05,-1.229370805333474e-05,-8.293379268309309e-05,0.00013295187356732185,4.336888813583073e-05,0.0001329510488545793,4.336754344791416e-05,0.0,0.0,0.0,0.0
138800000.0,-0.03265996452914521,0.17917501867631813,-0.03265997328377068,0.1791750099675511,-0.5809533001563238,-0.12364444805086805,-0.5809533004573666,-0.12364444819048259,0.13184054554824343,0.3458876712398862,0.1318405454086644,0.34588767117897135,0.0,0.0,0.0,0.0,-0.0029373917653288117,0.004778604646681117,-0.0029373917225257173,0.004778604667400543,-0.015200609815906319,0.010482387446081987,-0.015200609725937397,0.01048238746733432,0.019572509701234253,0.009341332478690845,0.01957250975752345,0.00934133255726266,-0.0115344947041649,0.03377252671293007,-0.011534494564870101,0.033772526694562544,-0.021807548495900164,-0.001608354129658096,-0.021807548333669047,-0.001608353853676192,-0.028429098974186218,0.021927373450978394,-0.028429098968359767,0.021927373362700564,-0.027259758735638684,0.049686786479455236,-0.02725975794417934,0.049686787562087886,-0.05544163180447015,0.07663142821937186,-0.05544162909407646,0.07663143620032287,0.04944297229681638,0.021755572977546933,0.04944297247074303,0.021755573802714423,-0.007857708857756052,-0.003610877599655282,-0.007857287622286435,-0.003611498631556742,-0.02669675789704229,0.06940690984739462,-0.026696757771389912,0.06940690990889209,0.0,0.0,0.0,0.0,0.006050014879377841,-0.002787473980909283,0.006050015199633663,-0.002787473927668316,-0.006901217639565971,-0.000932450286128983,-0.006901217503667567,-0.0009324502162186832,-0.000547662464015275,-0.0015792438376820428,-0.0005476939477375709,-0.0015792220948540603,0.0,0.0,0.0,0.0,-0.00013246601682226355,-0.0005820777804075306,-0.0001324659181136667,-0.0005820777305700631,-0.0007813424899580923,-0.0013968986928318827,-0.0007813422237887835,-0.001396898564578919,-7.872024735888772e-05,-3.301895211649253e-05,-7.871958611360697e-05,-3.301942886935194e-05,0.00010774568308136168,-9.240917039221586e-05,0.00010774451749284708,-9.240837901103305e-05,0.0,0.0,0.0,0.0
139100000.0,0.06748801430931906,0.17254926132087078,0.06748800522439069,0.17254927170329282,-0.6035595034410619,0.026661816243951364,-0.6035595034533685,0.02666181657768263,0.2510275718301074,0.281788829705345,0.25102757183336166,0.2817888298686846,0.0,0.0,0.0,0.0,-1.014588691816698e-05,0.005505972228071698,-1.0145882015422103e-05,0.0055059721831760555,-0.0069696598063586634,0.01728984416088153,-0.006969659818196305,0.017289844067697402,0.02184356022404188,-0.003061289484225682,0.02184356027491674,-0.0030612895431580966,0.009797530721272096,0.034236983001861176,0.009797530665281329,0.03423698285443422,-0.020236937737649896,0.01108769480031313,-0.02023693743711874,0.011087694576357165,-0.011854947292604834,0.03446521853992124,-0.011854947456853893,0.03446521855627438,0.005277139952511334,0.056692933093419384,0.005277140873616304,0.056692932185786304,-0.002271403634765079,0.09501608580201903,-0.0022713956466446916,0.09501608172807963,0.05374229244010564,-0.00922922941136406,0.05374229318918822,-0.009229229623997526,-0.007560205517961549,0.004438160811574221,-0.007560952843576274,0.004437787824599582,0.001948181250043035,0.0754359561095761,0.0019481812669539522,0.07543595598312436,0.0,0.0,0.0,0.0,0.0034653172636609497,-0.005625051602535791,0.0034653172402840937,-0.005625051951280824,-0.00628130652896175,0.0032252482369372615,-0.00628130651416825,0.0032252480903132152,-0.001644505336940938,-0.0004172309736283353,-0.0016444868184635197,-0.00041720426695235346,0.0,0.0,0.0,0.0,-0.00046382654414856006,-0.00039066538009890905,-0.0004638265369436567,-0.00039066548769994824,-0.0014846841896343221,-0.0006149248256157591,-0.001484684172524453,-0.0006149251167819614,-7.021763288150851e-05,5.122960326531256e-05,-7.021817621932769e-05,5.122887930397724e-05,-2.3472935836821307e-05,-0.00014228960688100756,-2.34722516694319e-05,-0.00014228861241960544,0.0,0.0,0.0,0.0
139400000.0,0.15097528401672378,0.11339370370131618,0.15097529639241714,0.11339371291489186,-0.5875208025744598,0.1809581115347889,-0.587520802280963,0.18095811140314666,0.34189870175232784,0.17732846308474137,0.3418987018980033,0.17732846300580007,0.0,0.0,0.0,0.0,0.00281147924803804,0.004638366544696737,0.0028114792090860874,0.004638366557134788,0.003759230397434976,0.01844943732601223,0.003759230318507889,0.018449437374084,0.01680044086421617,-0.0148673009109217,0.016800440818613538,-0.014867300932230876,0.02753168280493412,0.022451506525051457,0.027531682659713397,0.02245150662103157,-0.011490262012031849,0.021458639715344674,-0.011490262306821819,0.02145863939481174,0.009232002324353061,0.03585298405129933,0.009232002401205364,0.03585298429518602,0.03632079044898262,0.044198829433568676,0.03632078951385154,0.0441988287090318,0.05227757210153072,0.07991973220953597,0.05227756663940397,0.07991972448521878,0.04007182224290773,-0.0377148851032203,0.04007182206088089,-0.037714885761410244,-0.0006899634970096713,0.008868284092770296,-0.0006902677000510948,0.008869157088138735,0.03119905430281733,0.06997624110986678,0.031199054196477505,0.06997624113928325,0.0,0.0,0.0,0.0,-0.00022532076856407457,-0.006551745879342263,-0.0002253211104203956,-0.006551745769794337,-0.0033533338427957915,0.006328836357685219,-0.0033533339694571396,0.00632883640471249,-0.0012708828277965267,0.0011618643003536988,-0.0012708598461870224,0.0011618510429656226,0.0,0.0,0.0,0.0,-0.0006154950778380908,-3.212290823029207e-05,-0.0006154951724681723,-3.212286885201365e-05,-0.001552070026605179,0.000438957568256626,-0.0015520702810789544,0.0004389576767103165,7.759952168839845e-06,8.815770274495094e-05,7.75919176021489e-06,8.815832559960768e-05,-0.00013612411861174678,-5.447117032275628e-05,-0.00013612325830081318,-5.447167952965515e-05,0.0,0.0,0.0,0.0
139700000.0,0.1919878864452329,0.017188890262694656,0.19198789538712902,0.01718887556052806,-0.5321097779908399,0.3293330495398301,-0.5321097782380377,0.3293330493641129,0.39095513105615964,0.044251009450604784,0.39095513091517375,0.04425100936354909,0.0,0.0,0.0,0.0,0.004755226878756957,0.0024831142248018523,0.004755226904450183,0.0024831142484273983,0.013454613120629233,0.0134508186440776,0.013454613198248921,0.013450818691030264,0.005879321016308836,-0.0220476011333659,0.005879321016834638,-0.022047601118774907,0.03532568532371272,0.0026902381851634516,0.035325685457664235,0.002690238315519622,0.002289852182045138,0.025561258849936763,0.0022898518461857975,0.025561259224378574,0.027924280300283044,0.025220396476210993,0.027924280603841112,0.025220396299562964,0.05511831546594692,0.016290852462788052,0.055118314915688416,0.01629085333247815,0.08881650065474389,0.03624860037766453,0.08881649345511278,0.03624860717909684,0.012674904663867892,-0.05404684452364705,0.012674904065264059,-0.05404684444370034,0.006993447713412593,0.005714909145702052,0.006994442636127474,0.005715123107943754,0.056563611800768854,0.053462166454373516,0.056563611865939833,0.05346216651591362,0.0,0.0,0.0,0.0,-0.0037837798329576344,-0.005293634190060459,-0.0037837796481738906,-0.005293633892659244,0.0008880524225958197,0.007213721572799869,0.0008880525188317279,0.007213721647740812,0.0002770824433468988,0.0017256506638609892,0.00027707614373184697,0.001725629756830216,0.0,0.0,0.0,0.0,-0.000518437084124912,0.0003520326159573983,-0.0005184370072868205,0.00035203267362504675,-0.0009492355199398617,0.0013108275028130834,-0.0009492353104434414,0.0013108276565461097,8.097230768555619e-05,3.952013002006538e-05,8.0973012941854e-05,3.9520895100508824e-05,-0.00011895020726626626,8.993606530083298e-05,-0.0001189504908154504,8.993527847422911e-05,0.0,0.0,0.0,0.0
140000000.0,0.17596119283943779,-0.0887572621656787,0.17596117556634283,-0.08875727029001368,-0.43914620385160674,0.4617137644362792,-0.4391462038613696,0.4617137647325009,0.38934402845542593,-0.10120098295127278,0.38934402845296745,-0.1012009827830731,0.0,0.0,0.0,0.0,0.005318844313947579,-0.00032916620052247936,0.005318844317130811,-0.00032916623109002785,0.01884634430513188,0.0038267669611720123,0.01884634430913934,0.003826766871043219,-0.007424997320214288,-0.02198864188887839,-0.007424997348451257,-0.021988641895035244,0.03043159024323927,-0.017919629614745247,0.03043159034994858,-0.017919629780724478,0.016859590580253325,0.02114109837200573,0.016859591046809896,0.02114109871566683,0.03783306127019159,0.005693644778801854,0.037833060970299925,0.005693644455170954,0.0550029734366575,-0.017537886599829022,0.055002974178819386,-0.017537886150908122,0.0940351006465221,-0.020772422835662496,0.09403510868833109,-0.020772416393768367,-0.01946422396689229,-0.05248857630338577,-0.01946422403086956,-0.052488575694319195,0.008817603019323883,-0.00252886487835724,0.008817704780000213,-0.0025299745512370464,0.07396768229959605,0.02804425509865993,0.0739676823020261,0.02804425501913954,0.0,0.0,0.0,0.0,-0.006035465692917796,-0.002301753514675653,-0.006035465465046741,-0.00230175374398911,0.004935808174593603,0.005484623899711494,0.004935808177492618,0.005484623783111431,0.0016188487060020407,0.0007268454168176675,0.0016188277992057465,0.000726843573954028,0.0,0.0,0.0,0.0,-0.00020341394629497245,0.0006040675266802964,-0.0002034139416053904,0.0006040674350522579,6.781493151208906e-05,0.001622007111510726,6.781494212759753e-05,0.0016220068605541371,7.696411323365737e-05,-4.991926400421676e-05,7.696484964014871e-05,-4.992004269155359e-05,1.6037518122402616e-05,0.00015083399436477407,1.603672757255481e-05,0.00015083402352544795,0.0,0.0,0.0,0.0
140300000.0,0.10462131561276067,-0.17249064350701104,0.10462130896603128,-0.17249062356296818,-0.31304705136467703,0.5685252774376153,-0.3130470511042063,0.5685252772800133,0.3343746394357936,-0.24005382371601414,0.33437463958382807,-0.2400538237983767,0.0,0.0,0.0,0.0,0.004377748366223955,-0.0030199422329602044,0.004377748339237542,-0.0030199422160244183,0.01802183083295006,-0.007303782266873782,0.018021830749745504,-0.007303782227758404,-0.018670039773752478,-0.01444501517747554,-0.01867003976681758,-0.014445015107650505,0.014681434177475694,-0.031976709873045905,0.014681433988059212,-0.03197670995205115,0.027104325229714732,0.008709653339007417,0.02710432557000786,0.008709652764494535,0.035258056984474706,-0.016463386901797605,0.035258056686828354,-0.016463386475841446,0.035798302499458146,-0.0455903559079367,0.03579830294032149,-0.045590356516797215,0.06567593683334394,-0.0708214492203183,0.06567594231088947,-0.0708214583686626,-0.04559224989274924,-0.03326145610609643,-0.045592249184934985,-0.03326145589982232,0.002984137809150411,-0.00882552202632425,0.002982924288502886,-0.008825489611734127,0.08039666819323088,-0.0026624452302037582,0.08039666812267399,-0.0026624451732431,0.0,0.0,0.0,0.0,-0.0062562785450097635,0.0014062301330994842,-0.00625627878386581,0.0014062299775936538,0.00730106357535476,0.0016875342121451808,0.0073010634749834935,0.0016875342824285156,0.0015199245061410238,-0.0009695437600996115,0.0015199139274386653,-0.0009695205675583907,0.0,0.0,0.0,0.0,0.0002073750427058485,0.0006144756675787733,0.00020737496242873021,0.0006144757180841509,0.0010616482067433708,0.0012341138780946892,0.0010616479873704066,0.0012341140135241346,-3.2191418171123587e-06,-9.335512995889417e-05,-3.2199744168792677e-06,-9.335580569924673e-05,0.0001399372303154678,6.491963651100718e-05,0.00013993700561343303,6.492051600304194e-05,0.0,0.0,0.0,0.0
140600000.0,-0.003184443119650382,-0.2066343100340653,-0.003184420587942327,-0.20663430559458718,-0.16070358457146483,0.641369339416606,-0.1607035848501539,0.6413693392637292,0.23038623951936188,-0.35289875857176156,0.23038623937625857,-0.35289875866058296,0.0,0.0,0.0,0.0,0.00219976234346575,-0.004858204655231901,0.0021997623763496676,-0.0048582046418168545,0.011103913331069748,-0.016233683805289445,0.011103913403573529,-0.01623368374682954,-0.023949610927417098,-0.0017163836472526839,-0.023949610826321077,-0.001716383685245404,-0.006192277167428983,-0.03448597896425909,-0.0061922772173943486,-0.034485978761328084,0.02879163778779059,-0.008232494883266384,0.02879163709063448,-0.008232495202570078,0.02057656306659794,-0.03381272656503853,0.02057656359696125,-0.03381272633717458,0.004004248623203921,-0.05803069822869489,0.004004248099050756,-0.058030698738487985,0.01364765480632002,-0.09578553509890142,0.013647644715632623,-0.09578553942755264,-0.05682472864921806,-0.0025636708652783113,-0.05682472835009378,-0.0025636717495061134,-0.005649386545073298,-0.0075867732621048845,-0.005649198551608947,-0.0075854707824092316,0.07440899437789028,-0.0340649456688098,0.07440899448030791,-0.034064945630628785,0.0,0.0,0.0,0.0,-0.004407497823564199,0.004591923264523956,-0.004407497923978099,0.0045919234787703544,0.007057740571610793,-0.0028544175690754514,0.007057740696808423,-0.0028544175139231243,2.322771661056322e-05,-0.0018329144051811852,2.3255483085904416e-05,-0.00183289506100337,0.0,0.0,0.0,0.0,0.000546899969236847,0.00036951299007270677,0.0005469000607547514,0.0003695130361514032,0.001602037327160133,0.00031088077386698387,0.001602037570805237,0.00031088090169362204,-8.32167177975407e-05,-4.611794489051135e-05,-8.321730933857907e-05,-4.611708801860459e-05,0.0001296990717207791,-8.816982742487767e-05,0.00012970012272717213,-8.816937900846256e-05,0.0,0.0,0.0,0.0
140900000.0,-0.11574132511188395,-0.17730519377235332,-0.11574132362042633,-0.1773052185955759,0.008822522723733073,0.6736765295008773,0.0088225227117249,0.6736765298282243,0.0887709719130072,-0.422488210432558,0.08877097189987637,-0.42248821026822014,0.0,0.0,0.0,0.0,-0.000626870690282999,-0.005336528142345642,-0.0006268706928551637,-0.0053365281826582844,0.0002705121314079406,-0.019894918404682826,0.00027051215663220773,-0.019894918493454483,-0.021250355795260134,0.01204463644341125,-0.021250355872808768,0.012044636328766956,-0.024659408485746326,-0.024654518765583333,-0.02465940827501356,-0.024654518743206566,0.020274374317978072,-0.024059219889288386,0.02027437404578336,-0.024059219057299686,-0.0016736819439273631,-0.040225023974509,-0.0016736818081284355,-0.04022502457364219,-0.029387852967118988,-0.05039080527414086,-0.029387853574903033,-0.050390804749817164,-0.04338235929181167,-0.08651085226860467,-0.04338236230557868,-0.08651084143495602,-0.04918107488688861,0.029465374663800503,-0.04918107598729193,0.029465374352211526,-0.009595131150604175,0.00034199938436607624,-0.009593758777569406,0.00034163567445943954,0.05643695215292155,-0.06125461775158669,0.05643695214634192,-0.0612546178765605,0.0,0.0,0.0,0.0,-0.0011375473737871289,0.006213798262310277,-0.0011375471994199415,0.0062137983377290595,0.004203695899533955,-0.0064956009326024855,0.004203695895682813,-0.006495601081363489,-0.0015476023387321902,-0.0010414791771307108,-0.0015475746568398563,-0.0010415136597572427,0.0,0.0,0.0,0.0,0.0006707746972125506,-3.8780921164160986e-05,0.0006707746995004982,-3.8781029569889824e-05,0.0014527874304661736,-0.0007509959472074001,0.001452787438353198,-0.0007509962343537069,-8.39025860983611e-05,4.856117396734305e-05,-8.39017419451693e-05,4.856166837008402e-05,-9.283104176915913e-06,-0.00015910560174781097,-9.282489656925463e-06,-0.00015910689313791693,0.0,0.0,0.0,0.0
141200000.0,-0.19736205397541084,-0.08988137143079733,-0.1973620805882348,-0.08988136928689094,0.18477941467199344,0.6612820681109213,0.18477941497465622,0.6612820679956037,-0.07296828665870692,-0.43632294761554746,-0.0729682865128467,-0.43632294766812585,0.0,0.0,0.0,0.0,-0.0033347733825763726,-0.004296376652641598,-0.0033347734224662418,-0.004296376634615129,-0.010916679331089085,-0.016913514741032643,-0.010916679420532205,-0.016913514733747803,-0.011206614086589184,0.022184779939181,-0.011206614196638043,0.022184780055424014,-0.03413876220564305,-0.006137228147903073,-0.03413876220679413,-0.0061372283624621105,0.003481810251372508,-0.03282807102740115,0.003481811222755482,-0.03282807083579975,-0.024144616269921926,-0.033063463150536876,-0.02414461689897962,-0.033063463191206566,-0.052738526807615926,-0.025222330433651408,-0.052738526201210334,-0.025222329754635453,-0.08482807052884311,-0.04633260233986114,-0.08482805919656755,-0.04633260077580559,-0.02496093799256016,0.05213011890427133,-0.024960938230506713,0.05213012021639685,-0.005250005180897688,0.008210484921731265,-0.005250562662354241,0.008209065991744424,0.02881599156458492,-0.07975588982487558,0.028815991438008837,-0.07975588977395809,0.0,0.0,0.0,0.0,0.002450284870349151,0.005771263198177223,0.0024502849515926073,0.005771263058013787,-0.0003015766325233926,-0.007859867439247381,-0.00030157677463193977,-0.007859867381258212,-0.0017498131418136609,0.0007396168175688445,-0.0017498562795736916,0.0007395815421382679,0.0,0.0,0.0,0.0,0.000518562345817486,-0.00044619312566140934,0.0005185622450198935,-0.0004461930874075648,0.0006753483014705353,-0.0014927334561978256,0.0006753480339938278,-0.0014927333536700615,-1.4653287934152104e-06,9.881453341265001e-05,-1.4649335042804523e-06,9.88137438504566e-05,-0.00014360254030520991,-7.478596158705386e-05,-0.00014360412164649006,-7.478666027971315e-05,0.0,0.0,0.0,0.0
141500000.0,-0.21976550926142124,0.030903120109634585,-0.21976550290764862,0.030903147821822685,0.35536296006046086,0.6028761579724558,0.355362959866369,0.6028761577411794,-0.23313160221572105,-0.38886463703662244,-0.2331316023057326,-0.3888646371377913,0.0,0.0,0.0,0.0,-0.005162643602673711,-0.001978854999665103,-0.005162643574138315,-0.0019788549665351596,-0.018676306979855894,-0.008127965423805783,-0.01867630695087996,-0.008127965344771226,0.003024307456769293,0.02511746425653083,0.0030243076008815706,0.025117464350706165,-0.03136335316463601,0.014346334064910593,-0.031363353383696335,0.014346334087637302,-0.016312977532649597,-0.03049493090951838,-0.016312977459918443,-0.030494932012294917,-0.03909374040799207,-0.014277307407787099,-0.03909374036950908,-0.014277306777352727,-0.05788804813984427,0.008762138834592648,-0.057888047456373215,0.008762138100425254,-0.09586019573843885,0.010138651352748163,-0.09586019570414805,0.01013863981448182,0.007992164107079702,0.05774393160595892,0.007992165592071387,0.05774393170395875,0.0038280704996651593,0.009126383837260832,0.003826632553341369,0.009127150139557116,-0.004480195889726701,-0.08625238428680859,-0.004480195806422671,-0.08625238417380832,0.0,0.0,0.0,0.0,0.005178781555542855,0.003454747068891706,0.005178781427204626,0.003454746963562627,-0.0048514394707126485,-0.006359093305222885,-0.0048514393772052244,-0.006359093191297127,-0.00034129435039176315,0.0019051337338842345,-0.0003413362783675211,0.0019051872951445503,0.0,0.0,0.0,0.0,0.0001429503702610191,-0.0006818060994406849,0.00014295043513357086,-0.0006818060208484411,-0.0003963980484655849,-0.0015922601590947494,-0.00039639787487999456,-0.0015922599517805835,8.574162495733617e-05,5.29934572828239e-05,8.574093405400163e-05,5.29931513675308e-05,-0.00013999956399857183,8.629379333502385e-05,-0.00014000024603433303,8.62956845422147e-05,0.0,0.0,0.0,0.0
141800000.0,-0.1722817685889737,0.14755694529247076,-0.17228174062076107,0.14755693431842287,0.5084794865415887,0.5002841394446578,0.5084794863903994,0.5002841396594264,-0.3685704599896269,-0.28299377143337034,-0.3685704600448503,-0.2829937713375146,0.0,0.0,0.0,0.0,-0.0055509349561333465,0.0010146483995772115,-0.005550934931889628,0.0010146483657793581,-0.02028719914265764,0.00362856738305517,-0.020287199079376705,0.00362856734450423,0.016747162064262966,0.019576772757598615,0.016747162137875193,0.019576772597643455,-0.01749555367732114,0.029483853965736717,-0.017495553633281702,0.02948385418841859,-0.032068813418732134,-0.016722541310984163,-0.032068814634456544,-0.016722541227251142,-0.041076564751946876,0.01006469312771996,-0.041076564133774696,0.010064693030130023,-0.043044723770094606,0.03977217475422146,-0.04304472462791864,0.03977217414361123,-0.07285144550829159,0.06254872365717157,-0.0728514569308345,0.06254872514642562,0.03885653762921493,0.044180743823683866,0.03885653755212104,0.04418074221984769,0.009844062465958814,0.002072550027469422,0.009845048626786479,0.0020739755094969503,-0.03837848111702158,-0.07917620082143983,-0.038378481024821554,-0.079176200922356,0.0,0.0,0.0,0.0,0.00618620998636743,5.602063199194873e-05,0.006186209855613356,5.60207732767104e-05,-0.007759662085049968,-0.0024436293026468547,-0.00775966200295386,-0.002443629409277115,0.0014388415899446727,0.0013484931923368748,0.0014389072674418912,0.001348540677984289,0.0,0.0,0.0,0.0,-0.0003071535488459176,-0.0006395233796157029,-0.00030715349460308516,-0.0006395234525333748,-0.0012998863070521338,-0.001004530072408194,-0.001299886165398334,-0.0010045302675179002,9.12620664195174e-05,-4.743617624880514e-05,9.126182811769468e-05,-4.7435623987457376e-05,2.362461103189162e-06,0.00016704868257111372,2.3646469031746165e-06,0.00016704923796551086,0.0,0.0,0.0,0.0
142100000.0,-0.06687951342486542,0.22166088414034754,-0.06687952923665819,0.22166085686265946,0.6325873354429774,0.358540442986253,0.6325873356370835,0.35854044308462146,-0.45797660990658073,-0.1303776010371267,-0.45797660982766786,-0.1303776010098841,0.0,0.0,0.0,0.0,-0.0043063538080190256,0.0038547481875038647,-0.004306353841542432,0.003854748169325073,-0.015047536240345494,0.014436643656432158,-0.01504753627935429,0.014436643605657884,0.02526327414337004,0.007127786480675136,0.025263273978524126,0.007127786424833249,0.0023833304137781397,0.03399471649575314,0.002383330638338066,0.03399471642806351,-0.03747918367899672,0.00451842624105292,-0.037479183407597816,0.004518427540987968,-0.028956839849399785,0.031730901257873034,-0.028956839990101457,0.03173090065046558,-0.013373037692545608,0.05710372508428441,-0.013373038176624163,0.0571037260208318,-0.024459084689695487,0.09238646415120888,-0.024459081782993053,0.09238647514569476,0.05735358894688147,0.01560537674513196,0.05735358727092432,0.015605377004004106,0.007426276873516713,-0.0070471920243280195,0.00742765498611675,-0.0070484040391270986,-0.06745443526986605,-0.059057486088918754,-0.06745443537548113,-0.0590574861634478,0.0,0.0,0.0,0.0,0.005188475875513632,-0.003314428268103131,0.005188476047720769,-0.0033144281255245156,-0.007883018358100458,0.002521154360156097,-0.007883018460262292,0.00252115429924904,0.0019492977643125187,-0.0004840335950964114,0.0019493495054092591,-0.0004841131013419986,0.0,0.0,0.0,0.0,-0.0006449327144082417,-0.00032582624762456103,-0.0006449327817392714,-0.00032582628573951666,-0.0016441078720106361,1.8015397306059278e-05,-0.0016441080518347917,1.8015300224716313e-05,6.028620461506762e-06,-0.00010481450266197623,6.029002364016378e-06,-0.00010481429544573206,0.00014699727344691382,8.495214566772713e-05,0.0001469975985912697,8.494972140449253e-05,0.0,0.0,0.0,0.0
142400000.0,0.06451989792711288,0.22701418135767426,0.06451987234349588,0.22701420201500921,0.717560445894307,0.1857330649917599,0.717560445980638,0.18573306482712582,-0.48527077967321475,0.04947215993077636,-0.4852707796481752,0.049472159873807264,0.0,0.0,0.0,0.0,-0.0016897183439397168,0.005692202230223042,-0.0016897183600690369,0.005692202261933232,-0.00456947047055678,0.020599571789764237,-0.004569470518660523,0.020599571827710772,0.025457056516955845,-0.008255751448888127,0.025457056472518502,-0.008255751282596258,0.021166565324321596,0.02645203042880917,0.021166565228384115,0.026452030204648036,-0.029514199065275193,0.025989529665164213,-0.029514197722718905,0.025989529183218618,-0.006466038060395363,0.04313774899783196,-0.006466038666872009,0.04313774917825208,0.020888160681494128,0.054849365645512016,0.020888161635824076,0.054849365993049126,0.031891004693278546,0.089587520119212,0.03189101500124991,0.08958751599932135,0.05709109169572457,-0.018812348850556937,0.05709109213150043,-0.01881234712739621,-0.0016238048330592392,-0.0103023770054409,-0.001625242654313297,-0.01030367020213907,-0.08678633138548264,-0.028560128264992102,-0.086786331450881,-0.028560128159743403,0.0,0.0,0.0,0.0,0.002538632240018046,-0.005590452571661242,0.002538632373543237,-0.005590452779316468,-0.005069844957887426,0.0067244513467144,-0.005069845012798169,0.00672445143938738,0.0006624534111523417,-0.0019340878314579868,0.00066235830433925,-0.0019341421673724213,0.0,0.0,0.0,0.0,-0.0007229214249946381,0.00013771145959307063,-0.00072292145894437,0.0001377115182754629,-0.0012793609846823983,0.001034188197137187,-0.0012793610703596414,0.0010341883526696627,-8.88740243567554e-05,-5.990663492294601e-05,-8.88737984752197e-05,-5.990682484968701e-05,0.00015077164115950836,-8.410811212389291e-05,0.00015076907391176064,-8.410812198267337e-05,0.0,0.0,0.0,0.0
142700000.0,0.18002217759492112,0.15916689461096212,0.1800222028942926,0.15916691748987333,0.7555100787943729,-0.007388657482157335,0.7555100786387783,-0.007388657585503999,-0.4425505966806611,0.2314873302283713,-0.4425505967292338,0.23148733018897438,0.0,0.0,0.0,0.0,0.0016108020367227027,0.005899925026982444,0.001610802067801842,0.005899925042019305,0.007713233716202694,0.01991082325565241,0.0077132337564762565,0.01991082330519678,0.016912161500229672,-0.021434300239446813,0.016912161671228887,-0.021434300202194834,0.032267578082013415,0.009688258018223372,0.032267577864189434,0.009688258140688077,-0.009951185341421365,0.0396591582931034,-0.009951186043537064,0.03965915695169819,0.018947963225855347,0.04002557895748371,0.01894796345582961,0.04002557956637087,0.04802469722818614,0.033849242677193914,0.04802469747106386,0.03384924174851456,0.07649039797964008,0.05574157554474368,0.07649039291595727,0.055741566079904104,0.0376971436183311,-0.04777778700059265,0.03769714538275082,-0.047777787620650436,-0.009595299610822394,-0.004575549857626093,-0.009596468765323607,-0.004573893226263337,-0.09278485805413084,0.007826784370030815,-0.09278485794784785,0.007826784431082423,0.0,0.0,0.0,0.0,-0.0009106075140579151,-0.006070827353024555,-0.0009106077455527384,-0.006070827463088513,-0.00025861312188624197,0.008566910402846517,-0.00025861303173257966,0.008566910461646593,-0.0012881002051443602,-0.0016323448875956714,-0.0012881549263568104,-0.0016322324330060312,0.0,0.0,0.0,0.0,-0.000497423341229819,0.0005606406297511413,-0.000497423284201659,0.0005606406675511266,-0.0003625390149153418,0.0016050065064314722,-0.0003625388661276929,0.0016050066031949584,-9.883509532926382e-05,4.691575823745353e-05,-9.88350890906986e-05,4.6915455479634716e-05,5.016772021804172e-06,-0.00017562061505138615,5.017127179485215e-06,-0.00017561803609744686,0.0,0.0,0.0,0.0
143000000.0,0.24157272580427502,0.03761641465088328,0.2415727449995302,0.037616385122592355,0.7414983583373242,-0.2080319552728911,0.7414983582182089,-0.20803195508982242,-0.33203910166390926,0.3884772447816349,-0.3320391017180526,0.3884772448445011,0.0,0.0,0.0,0.0,0.004635602028400854,0.004285063350475404,0.004635602041389575,0.004285063316032733,0.01767292096154449,0.012439906218785879,0.017672921011950393,0.01243990617069013,0.002173811722627761,-0.027787461379001677,0.0021738117501257648,-0.027787461559126037,0.031901293469346115,-0.01029315720209123,0.03190129361527738,-0.010293156997503772,0.014860127863144612,0.03975058821157518,0.014860126569018917,0.03975058913245899,0.03861170564974259,0.023031676027402526,0.03861170625285126,0.023031675733801826,0.05884142006323145,0.001285747732774567,0.05884141916367014,0.0012857475447969335,0.09422399087199551,0.0030429463049959082,0.09422398228821294,0.0030429520314623204,0.005093673202310356,-0.0614727079528663,0.005093672369440583,-0.06147270975411345,-0.009368175288031466,0.005440788381879003,-0.009366314520320884,0.00544179412579382,-0.08386009799195904,0.04441826131533855,-0.08386009793866833,0.04441826120251591,0.0,0.0,0.0,0.0,-0.004076345265701775,-0.004611966454540095,-0.004076345350100041,-0.004611966216674368,0.004826851820510569,0.0072676078880196116,0.004826851883422023,0.007267607785702346,-0.002103870661471774,0.00020167134131732212,-0.002103739355646894,0.0002017235244995419,0.0,0.0,0.0,0.0,-5.194376100803311e-05,0.0007614985792816498,-5.1943718503366654e-05,0.0007614985122463835,0.0007106237885068367,0.001483904148025239,0.0007106238956140487,0.0014839039753349326,-1.0060841191261716e-05,0.00011118589012237834,-1.0061281415119083e-05,0.00011118570319990084,-0.00015110981114219157,-9.582188306112016e-05,-0.0001511073713515998,-9.582260391916009e-05,0.0,0.0,0.0,0.0
143300000.0,0.2276176494156914,-0.10015185803012727,0.2276176162718997,-0.10015187262756342,0.6740802506695047,-0.4021741512703798,0.6740802509059591,-0.40217415116787514,-0.16656701051235245,0.49526307488291543,-0.16656701041729605,0.4952630749345044,0.0,0.0,0.0,0.0,0.006415750684070076,0.0011999993689588706,0.006415750643711249,0.0011999993591906843,0.021874375349511865,0.000557657390256594,0.02187437528858993,0.0005576573463699219,-0.013967551050242832,-0.024808127742721453,-0.01396755124190463,-0.024808127752534048,0.02033341931603161,-0.026462374397979715,0.020333419500843775,-0.026462374563580582,0.03606748227113599,0.025161792787910642,0.03606748340067156,0.025161793988838,0.0455915663821429,-0.002412153130064709,0.045591566015460216,-0.0024121537071692956,0.049693256933437624,-0.03182381463265749,0.04969325676708536,-0.03182381372601206,0.07945859779277953,-0.05025209383166995,0.07945860395018656,-0.050252086061925993,-0.030212059430368754,-0.05480249964764994,-0.030212061242806953,-0.054802498553341294,-0.0007968484075888682,0.011004086361127818,-0.0007960440925245393,0.011002044293221047,-0.060801524223720094,0.07520386600016238,-0.06080152434739716,0.07520386596179485,0.0,0.0,0.0,0.0,-0.0059629263344760375,-0.001659458538908254,-0.005962926104103872,-0.0016594584707032567,0.008289696216024822,0.0031912142876588945,0.008289696091807741,0.003191214234830042,-0.0009858924448877815,0.0019076749212239008,-0.0009858464844683112,0.0019075238488319712,0.0,0.0,0.0,0.0,0.000432573550511961,0.000645693208916498,0.00043257346752056947,0.0006456931723004544,0.0014769489053776397,0.0007234704777019374,0.0014769486896426542,0.0007234703859460012,9.2486193835839e-05,6.641643532034891e-05,9.248586633248124e-05,6.641706847965168e-05,-0.00016254958777039974,8.26187999614092e-05,-0.0001625506146325506,8.261665077924363e-05,0.0,0.0,0.0,0.0
143600000.0,0.1402916454645151,-0.210531166474194,0.14029163628437402,-0.21053113052007433,0.55561915103101,-0.5755235468462541,0.5556191510696777,-0.5755235471318301,0.031670297019843474,0.5328658022913455,0.03167029704150082,0.5328658021659427,0.0,0.0,0.0,0.0,0.006277104167907055,-0.0025023830177879347,0.0062771041653064685,-0.0025023829729011737,0.01875057915496825,-0.011817375665746255,0.018750579127797096,-0.011817375591983037,-0.02599001852726701,-0.01307458639027459,-0.025990018509418178,-0.013074586192701076,0.0017183640920990229,-0.033202111184881034,0.0017183639139943807,-0.03320211134815665,0.04551575826884857,0.00023179833087816348,0.045515759333326855,0.00023179701331876856,0.03710688256363426,-0.027829974398617452,0.037106882040674805,-0.02782997396346687,0.023617894913144255,-0.054318465187087384,0.023617895886800966,-0.05431846505069515,0.037558638442448,-0.08606429654294878,0.037558645532556056,-0.0860643029907937,-0.05638180069962573,-0.02928172702680243,-0.056381799292310575,-0.02928172526510231,0.008798309397334947,0.006972572305359748,0.008796117193256237,0.0069720042723098175,-0.02678419725772585,0.09483099062067524,-0.026784197269989818,0.09483099075050916,0.0,0.0,0.0,0.0,-0.005951279420017386,0.00187676470329734,-0.005951279349829974,0.0018767644793626914,0.008764089000635522,-0.0022398813955444297,0.008764088976448647,-0.002239881251735909,0.0010860630255393744,0.0018922423042386782,0.0010858922522487546,0.0018922068887174959,0.0,0.0,0.0,0.0,0.0007507379202280617,0.0002499792353738428,0.0007507379046103324,0.0002499793322741084,0.001606299619368201,-0.0003476043725996192,0.0016062995837415883,-0.00034760411805834224,0.00010615671398284121,-4.691407970902617e-05,0.00010615758158394328,-4.6913673761750374e-05,-1.1850917388755988e-05,0.00018550262192817968,-1.1852647688215256e-05,0.00018550383456705788,0.0,0.0,0.0,0.0
143900000.0,0.005039398351627256,-0.25748960169137547,0.005039436120966911,-0.2574895986177683,0.39233510156657303,-0.714563749858133,0.3923351012721099,-0.7145637497937667,0.23404075755011888,0.49200394153925053,0.2340407574138652,0.4920039415720332,0.0,0.0,0.0,0.0,0.004093340062951256,-0.0056823423784653215,0.00409334010574014,-0.005682342386513994,0.009169931365889283,-0.020505177999243784,0.009169931442500001,-0.020505177994547097,-0.029499701378128407,0.0037662530238016245,-0.029499701185898175,0.0037662529712392256,-0.017377494280765404,-0.028222057442132353,-0.01737749442386871,-0.028222057256115818,0.03887306543245472,-0.0265373180977182,0.03887306395468215,-0.02653731898610623,0.015572734705060043,-0.04450794969016236,0.01557273518983493,-0.04450794924601098,-0.010705267708488009,-0.05855539267923504,-0.010705267657186823,-0.058555393766873465,-0.01715016944586978,-0.09237094743410168,-0.017150176149741014,-0.09237095398343342,-0.06413108613145369,0.007122695365108456,-0.06413108452046856,0.0071226936164059396,0.010896460012915554,-0.003404017771167389,0.010896157968275588,-0.0034017146801801346,0.01302859944763668,0.09954121860827847,0.013028599570546362,0.09954121858823761,0.0,0.0,0.0,0.0,-0.003995405195098556,0.00487650665542283,-0.003995405429193966,0.004876506570592909,0.005951248346448779,-0.0070340409301685725,0.005951248492237937,-0.007034040950092191,0.002214644573342639,0.00011474236522879266,0.0022146243199472337,0.00011493143549401452,0.0,0.0,0.0,0.0,0.0007597549304847462,-0.00026736763210521985,0.0007597550284970112,-0.0002673676506947942,0.0010440789486949598,-0.00126713889718566,0.0010440792084125405,-0.0012671389504461672,1.3607595448661414e-05,-0.00011744591709650365,1.3608000443809942e-05,-0.00011744703763127973,0.0001567787053744496,0.0001064186586354765,0.0001567799349828647,0.00010641989136672692,0.0,0.0,0.0,0.0
144200000.0,-0.13687596676274438,-0.22387200922646677,-0.13687597031351117,-0.22387204764064528,0.1940630649922639,-0.8076059440965864,0.19406306516701477,-0.8076059438559788,0.4097139944103958,0.37520713052034793,0.40971399450286583,0.3752071306330471,0.0,0.0,0.0,0.0,0.0003936925824490345,-0.007252388619185979,0.00039369256118959584,-0.007252388652787545,-0.0037992064538201475,-0.0224603338578504,-0.003799206472351102,-0.022460333921356934,-0.022830876712831127,0.02007600065031845,-0.022830876800540523,0.020076000482079692,-0.030254240855768444,-0.013325594125911167,-0.030254240665783527,-0.013325593998089857,0.01748233802696575,-0.045393691412078496,0.017482337350017474,-0.045393689808957305,-0.012075305118727897,-0.04642934688374112,-0.012075304765360784,-0.046429347388297515,-0.04178490291714354,-0.04291478312057606,-0.04178490412584779,-0.042914783000403744,-0.06614206305597747,-0.06701357280649667,-0.06614206915675425,-0.06701356579450213,-0.05004005010903256,0.04231871329770165,-0.05004005218151519,0.04231871195843162,0.0033789656500005094,-0.01110547565854425,0.0033813330095426863,-0.011105462093082608,0.05224748330199702,0.08789422557427073,0.052247483248663684,0.08789422547838122,0.0,0.0,0.0,0.0,-0.0006691568392938052,0.006342460995323762,-0.0006691569400487651,0.006342461264917887,0.0007791423457632618,-0.009354605217813727,0.0007791422801659564,-0.009354605339618516,0.0013184869134192923,-0.0018301328923016058,0.001318691340330247,-0.0018301322023095423,0.0,0.0,0.0,0.0,0.0004436483125118684,-0.0006892196867696043,0.00044364825717480016,-0.0006892197665937516,3.4111465666342156e-05,-0.0016394622515463197,3.411131682184987e-05,-0.0016394624636575372,-9.608170755370793e-05,-7.253094469383825e-05,-9.608307001940375e-05,-7.25312625711183e-05,0.00017441089573821955,-8.282406636084261e-05,0.0001744116216286784,-8.282511419999139e-05,0.0,0.0,0.0,0.0
144500000.0,-0.24060958577409508,-0.1171651462784773,-0.24060962349969373,-0.11716513580598509,-0.026279644788800738,-0.8457674494194496,-0.026279644664910506,-0.8457674496737848,0.5305436256462741,0.19705867694815637,0.5305436257010001,0.1970586768114444,0.0,0.0,0.0,0.0,-0.0037350055292506568,-0.00654572883325244,-0.003735005547511605,-0.0065457288032728655,-0.01585856672210184,-0.016820449754828104,-0.015858566759263226,-0.0168204497193134,-0.00780898506421579,0.030079684911132887,-0.0078089851909197705,0.030079685024604785,-0.032397871274952195,0.006219203710047694,-0.032397871156248925,0.0062192035171726445,-0.01179011820516962,-0.04885571617210083,-0.011790116521140703,-0.048855715735916405,-0.03657019062363531,-0.03238639272930044,-0.036570191118997286,-0.032386392998274616,-0.05905341610454684,-0.012396223174773624,-0.05905341572578493,-0.012396221895800252,-0.0927040581304226,-0.01840131622258845,-0.09270405071849552,-0.018401310562843776,-0.01811088098006053,0.06402350165591209,-0.018110881933665723,0.06402350397850931,-0.007400381241197351,-0.009204813635863118,-0.007400669396020021,-0.00920719254881952,0.08427671885206678,0.061137719697248016,0.08427671880085086,0.06113771977268989,0.0,0.0,0.0,0.0,0.0029737688854822864,0.005730066160991143,0.002973769213681976,0.00573006625947059,-0.004891540428047847,-0.008219749159204426,-0.004891540499770031,-0.008219749061193937,-0.0008402711569317489,-0.0021367015532050004,-0.0008402936001346006,-0.0021369168894818102,0.0,0.0,0.0,0.0,-7.429327298780208e-05,-0.0008306256454098104,-7.429331519404059e-05,-0.0008306255650669669,-0.0009875667787753173,-0.0013059785441296157,-0.0009875668898047252,-0.00130597832891155,-0.00011319997595649056,4.6923017597677585e-05,-0.00011320012302462601,4.6924575739737406e-05,1.6988561242214928e-05,-0.00019585175079583905,1.698789202464468e-05,-0.000195852041233735,0.0,0.0,0.0,0.0
144800000.0,-0.2713392098554266,0.031820568525416704,-0.2713391924386457,0.03182060410023624,-0.2534943436178878,-0.8237950764647612,-0.25349434388670034,-0.8237950764382802,0.5757539877976114,-0.017589347943845368,0.5757539876523339,-0.01758934792093214,0.0,0.0,0.0,0.0,-0.006949498642654817,-0.0035907293153965014,-0.006949498611191984,-0.0035907293147499075,-0.0228812701156329,-0.0052595379225142125,-0.02288127007706464,-0.005259537917279289,0.010670341829097651,0.029910531430974885,0.010670341951922069,0.029910531506754268,-0.02306238964797558,0.02350349780217087,-0.023062389845634357,0.023503497692299646,-0.0387206967845799,-0.03459011026379599,-0.03872069661237276,-0.03459011197253581,-0.04934518121062581,-0.006573952466579769,-0.04934518141430999,-0.006573951998010585,-0.05637449618372159,0.022896589104089315,-0.05637449493053737,0.022896588415441954,-0.08744708069144735,0.03709545141285808,-0.08744707554973274,0.03709544352380689,0.02117402022562942,0.06409358266941645,0.02117402267721502,0.06409358316131808,-0.011990886048778293,0.0009529784188551105,-0.011993219564388369,0.0009535704260557054,0.10342967390502622,0.023134527747624034,0.10342967398271696,0.023134527747210143,0.0,0.0,0.0,0.0,0.005715620182215275,0.0031657973867602607,0.0057156202446009274,0.00316579699282471,-0.008927400407287678,-0.00391439272368288,-0.008927400303178956,-0.0039143927167604176,-0.0022935680960642912,-0.0004552729345110862,-0.0022937886949563335,-0.00045522520739460504,0.0,0.0,0.0,0.0,-0.0005787850513740977,-0.0006200878226465534,-0.0005787849667768796,-0.0006200878300397505,-0.0015814972115180126,-0.0004126430793505165,-0.0015814969848833016,-0.00041264309985145076,-1.7188701690429298e-05,0.00012353358065908537,-1.7187024596410083e-05,0.00012353348977356404,-0.00016326171798652922,-0.00011545226325893054,-0.00016326172108449555,-0.00011545213858532577,0.0,0.0,0.0,0.0
145100000.0,-0.2155871672170946,0.1772281653001091,-0.2155871353314751,0.17722814124791508,-0.4711247950932176,-0.7406587115991696,-0.4711247949251458,-0.7406587113919771,0.5355879111841091,-0.23720193430324077,0.5355879112791513,-0.23720193418924396,0.0,0.0,0.0,0.0,-0.008078896686910753,0.0008183897642179971,-0.008078896702514271,0.000818389740312675,-0.02230088515625539,0.008485827813217384,-0.022300885179589613,0.008485827788661027,0.026201763359608776,0.019120599148081396,0.02620176338511726,0.019120599037567132,-0.005560215053279194,0.03239583155081682,-0.00556021515214411,0.032395831756875104,-0.05322880088687043,-0.0066066495135981285,-0.05322880255675955,-0.006606649410310972,-0.045467726638264594,0.02258143475288943,-0.04546772619744388,0.022581434915124987,-0.034221967797975594,0.050980986938887085,-0.034221968789253765,0.05098098582521082,-0.05164189628609961,0.08039437606980293,-0.05164190467164076,0.08039437158403029,0.05422470619384967,0.04170229538839365,0.05422470620463571,0.04170229295016448,-0.006065074348953203,0.010656814112580015,-0.006064188966490747,0.010659043491765274,0.10594897985357932,-0.020168339818591008,0.10594897980372764,-0.020168339875183072,0.0,0.0,0.0,0.0,0.006584829536890879,-0.00054485934952897,0.006584829088239985,-0.0005448593369203891,-0.009719551555321004,0.0020560552240969088,-0.009719551609222776,0.002056055145518876,-0.0016496042039477743,0.0017178238433350757,-0.0016495309002522163,0.0017180434163162062,0.0,0.0,0.0,0.0,-0.0008518387014930795,-0.00013527873019825165,-0.0008518387549543149,-0.00013527879516406216,-0.0014941828074768182,0.0006542927994388492,-0.0014941829514043548,0.0006542926247492531,9.956400737110016e-05,7.878284735785002e-05,9.956364330321321e-05,7.87811529736615e-05,-0.0001849467121814996,8.409694321720451e-05,-0.0001849472305650579,8.409686787036463e-05,0.0,0.0,0.0,0.0
145400000.0,-0.0869164741298647,0.27160889375387587,-0.08691650413383911,0.2716088670910546,-0.662637382541277,-0.5998541404166646,-0.662637382454875,-0.5998541406796063,0.41324413013596484,-0.4283745821917879,0.4132441301864418,-0.42837458233415404,0.0,0.0,0.0,0.0,-0.0065479824204857096,0.005308299304521924,-0.006547982429552235,0.0053082993324711225,-0.0140367659882088,0.019793081537102353,-0.01403676598407344,0.01979308157707127,0.03309444832716224,0.0010527616629421033,0.03309444824736829,0.0010527616787499028,0.01387526199449951,0.029726840307605862,0.013875262212522443,0.029726840391358422,-0.04906499432534872,0.02574169438306484,-0.04906499394694208,0.02574169594409259,-0.025519999733560894,0.04507527636245712,-0.025519999597861442,0.045075275933927905,0.00024026924654663162,0.061987717978278845,0.00024026836922530492,0.0619877192081848,0.0028152771082972095,0.09611300315616766,0.002815273433483867,0.09611301198181632,0.06911653635158643,0.0040402811266542216,0.06911653405917662,0.004040281557969649,0.005532613981714007,0.011214153078537237,0.005534681669431052,0.011212998351581405,0.09074500264924268,-0.06166163190243701,0.09074500263267282,-0.061661631817305995,0.0,0.0,0.0,0.0,0.005219555197427894,-0.004156992394957371,0.005219555314013746,-0.004156991922616982,-0.0068244246833018,0.007478857580355047,-0.006824424712320365,0.007478857673986816,0.0005713554718624891,0.0023563189383422056,0.000571567800832895,0.0023562218017199044,0.0,0.0,0.0,0.0,-0.0007671394559594091,0.00042449228141094864,-0.0007671394823489663,0.0004244923657337196,-0.0007662950152536041,0.0014358092721495908,-0.0007662950871321073,0.0014358094975985836,0.00012051167379922845,-4.6806104735175325e-05,0.00012051007718127948,-4.6805469251509635e-05,-2.0934280072992806e-05,0.00020516322651609187,-2.093418973458938e-05,0.00020516440102724687,0.0,0.0,0.0,0.0
145700000.0,0.07635263867881292,0.28116072434088313,0.07635261867530119,0.2811607592088121,-0.8126743360156752,-0.40937354552739613,-0.8126743363011713,-0.40937354547213456,0.22474094863262906,-0.5610694820027762,0.224740948482264,-0.5610694819796413,0.0,0.0,0.0,0.0,-0.002644060255775571,0.008339769525629315,-0.0026440602252364442,0.008339769516569007,-0.0006313264140089814,0.02468074713386148,-0.0006313263756254628,0.024680747095728872,0.02848212977092146,-0.018157148809128554,0.028482129812431367,-0.01815714876947938,0.02829400312270991,0.016454348348928338,0.02829400318603348,0.016454348119117057,-0.026410079401870235,0.05076724945290367,-0.026410078020930428,0.050767248819707955,0.004272369446013613,0.05269245251958843,0.004272369005661858,0.052692452412045565,0.0353496540010525,0.051646717058991154,0.03534965537058099,0.05164671764910178,0.05709504514736352,0.07810662196174523,0.05709505428642103,0.07810662469653673,0.06003519706042937,-0.03594854986276408,0.06003519785116396,-0.035948547812361564,0.012632455398019715,0.0017155585914441218,0.012631069115869309,0.001713705600141946,0.05970616644768256,-0.09424471572066118,0.05970616654535377,-0.09424471575196591,0.0,0.0,0.0,0.0,0.002034428874893024,-0.006412139560262542,0.0020344293268124147,-0.00641213979056765,-0.0011943444534807668,0.010247020590550715,-0.0011943443482920202,0.01024702056022786,0.002333993567404491,0.0007962568157062755,0.0023338762498070764,0.0007960571403891059,0.0,0.0,0.0,0.0,-0.0003485544906851601,0.000819916542997845,-0.0003485543997783225,0.0008199165239521911,0.00028649300766403485,0.0015980073447501297,0.00028649325221863364,0.0015980072945400714,2.098746919898531e-05,-0.00013000994279543931,2.0988334370031225e-05,-0.00013000855808575906,0.00016897998695242222,0.00012330447841435443,0.00016898173029744612,0.00012330398006588084,0.0,0.0,0.0,0.0
146000000.0,0.22183899923273032,0.19812004220222335,0.2218390374773378,0.19812005432962376,-0.9082856142216826,-0.18132621890830136,-0.9082856140472302,-0.18132621866716336,-0.0032853639690699765,-0.6133995451769805,-0.003285363885396464,-0.6133995450556613,0.0,0.0,0.0,0.0,0.002489037314873599,0.008729968448377923,0.0024890372901751334,0.008729968421767653,0.013491431606709625,0.02119990621043133,0.013491431541098109,0.02119990618871115,0.013516340634652124,-0.03166989361884087,0.013516340635362667,-0.031669893671661065,0.032532354119467755,-0.0026465536359392416,0.032532353885059706,-0.002646553674888308,0.007642239719999111,0.05858335909860246,0.00764223886987736,0.05858335796508918,0.033861145714425334,0.04200586263447126,0.03386114565500975,0.04200586310441534,0.058830641948347306,0.023023232560408724,0.058830642260048194,0.023023231148928458,0.09184878546759023,0.032087182371300926,0.09184878718778577,0.03208717308562581,0.02963247858167506,-0.06410850313861638,0.029632480342058898,-0.06410850419205616,0.008628512419463163,-0.009703066544670458,0.008626919020741752,-0.009701499574998662,0.017504332147694868,-0.11205038130733391,0.017504332073983164,-0.11205038139807888,0.0,0.0,0.0,0.0,-0.001897368214429207,-0.0064981767726812745,-0.0018973685456558087,-0.006498177160847218,0.005117306941343713,0.009178762572315424,0.005117306860711324,0.00917876248459848,0.001954501996010549,-0.00156747477337138,0.001954318962205548,-0.001567342411818995,0.0,0.0,0.0,0.0,0.00023437139164173004,0.0008741391227076178,0.00023437133260983956,0.0008741390459952036,0.0012109158139850251,0.0010748452458573254,0.0012109156583193226,0.0010748450385613673,-0.00010350657682067776,-8.541088967239929e-05,-0.00010350549938209497,-8.541190216027061e-05,0.00019442021080351424,-8.480239200903128e-05,0.00019441910266948526,-8.48045250925189e-05,0.0,0.0,0.0,0.0
146300000.0,0.2998405183899422,0.04556730774803999,0.2998405217630449,0.045567267974750095,-0.9400410206946646,0.0687809134845559,-0.9400410205398799,0.06878091324151611,-0.23748473010456905,-0.5751807268372284,-0.23748473003279003,-0.5751807269526804,0.0,0.0,0.0,0.0,0.007163537515779694,0.00610994077691443,0.0071635374981582345,0.00610994081194749,0.023454510684203456,0.010211686806478798,0.023454510689177255,0.010211686888497606,-0.006862183176735925,-0.03440214830326993,-0.0068621832302255825,-0.034402148272970084,0.02509862150937181,-0.02069424512888035,0.025098621498472085,-0.020694244898140784,0.04113060196878848,0.04498159664418985,0.04113060114235623,0.04498159765571552,0.05269823802747453,0.015917479875354135,0.052698238530638264,0.01591747985469627,0.06212394081404682,-0.01425812839580104,0.06212393943212646,-0.014258128477936866,0.09423715323282522,-0.025945334100992756,0.09423714397792082,-0.025945334789429647,-0.01172112679424231,-0.07021961427186874,-0.011721128023566507,-0.0702196157342714,-0.0033049605646624514,-0.01278853202885355,-0.003303275195293054,-0.012787231503840896,-0.029094113957455647,-0.11150930990763297,-0.029094114026605666,-0.1115093098030864,0.0,0.0,0.0,0.0,-0.005219386451386754,-0.004358735267920133,-0.005219386745324073,-0.0043587348631928535,0.009696653382519571,0.004525111491045897,0.00969665333079206,0.004525111601815901,-0.0002789031583745327,-0.002527348769315818,-0.00027876175676055936,-0.0025271845614139865,0.0,0.0,0.0,0.0,0.0007346590784322871,0.0005520954657637356,0.000734659027671114,0.0005520955470652011,0.001611706198687557,9.466651672873638e-05,0.0016117060630023161,9.466673325347896e-05,-0.00012839489146188043,4.714486204704382e-05,-0.00012839593566127405,4.7144153922096255e-05,2.5367320901636958e-05,-0.00021358738124854781,2.536505199657313e-05,-0.00021358554054734524,0.0,0.0,0.0,0.0
146600000.0,0.2808770623509673,-0.1282831814230816,0.2808770231811053,-0.12828317562252245,-0.9029279065264575,0.3230654833394253,-0.9029279067799934,0.3230654832736719,-0.4427680288027034,-0.4496997236953827,-0.44276802891812395,-0.44969972371838096,0.0,0.0,0.0,0.0,0.009692865276306861,0.0011425187963276517,0.009692865314761434,0.0011425188041649381,0.025602501885401807,-0.004761622258218301,0.025602501968151614,-0.004761622293104173,-0.02555808286999195,-0.02495074956314114,-0.02555808281861971,-0.0249507495143384,0.008725156226830677,-0.03120235645639302,0.008725156446260485,-0.031202356472160186,0.06133904560419978,0.013556566765855482,0.061339046709548484,0.013556567238015349,0.053510872113989194,-0.016966150692293347,0.05351087198044979,-0.01696615121378864,0.04360217533314881,-0.047209016417692595,0.04360217541616862,-0.04720901509231101,0.06291596748786787,-0.07523626423255281,0.0629159678032778,-0.07523625517090737,-0.04957116573746134,-0.05177899264633168,-0.04957116692004604,-0.05177899130311192,-0.012662000918780336,-0.0044501418432632,-0.012661011775904285,-0.004451874545536416,-0.07231153029492532,-0.09205924390179199,-0.07231153017697523,-0.09205924385845088,0.0,0.0,0.0,0.0,-0.006782383228468802,-0.0007209161387307095,-0.006782382784550123,-0.0007209159520145114,0.010694339005567599,-0.0020548005299430017,0.010694339122380825,-0.002054800514304178,-0.0023147356198904845,-0.0011367623655726966,-0.0023145905342829565,-0.001136906616555411,0.0,0.0,0.0,0.0,0.000932628456268958,-1.898204635764067e-05,0.0009326285422872616,-1.898202364514212e-05,0.0013207404089712327,-0.0009199467079685775,0.0013207406366717578,-0.0009199466462181949,-2.4421208991043386e-05,0.00013725011034404488,-2.4421527072604476e-05,0.00013725104875961236,-0.00017397506154281928,-0.00013169333040963238,-0.00017397246671180255,-0.00013169122383316356,0.0,0.0,0.0,0.0
146900000.0,0.1673988072330559,-0.2655013963111257,0.16739882207316725,-0.2655013600422951,-0.79695150446166,0.5625306128547964,-0.7969515044684954,0.5625306130787475,-0.587575459080611,-0.253445967928446,-0.5875754590746851,-0.2534459678350576,0.0,0.0,0.0,0.0,0.00899868389474534,-0.004609630346846139,0.008998683895867998,-0.0046096303849325615,0.018853452175108032,-0.018630591928253892,0.01885345211522349,-0.01863059200136341,-0.035809198934003916,-0.0062447909787475275,-0.035809198885274895,-0.0062447910462695155,-0.010635317367245989,-0.030444058560361142,-0.01063531740435053,-0.030444058763058113,0.05964203851802097,-0.024974362959030216,0.059642038604607706,-0.024974364080975864,0.035169186646925255,-0.04511019562391905,0.035169186137679276,-0.045110195353713856,0.009392374525901914,-0.06405581946355454,0.009392375806868358,-0.06405581966500229,0.00885722734784622,-0.09787615042381459,0.008857236078014807,-0.09787615168942221,-0.0705404189573926,-0.014978988766669143,-0.07054041753789875,-0.014978987844513902,-0.010916560532606923,0.008157211539201015,-0.0109182642643475,0.008156534984572694,-0.1046622996333042,-0.056359426808895385,-0.10466229961058104,-0.05635942692749607,0.0,0.0,0.0,0.0,-0.006054385253236205,0.003170809166759714,-0.006054385168951626,0.0031708087135049468,0.007579825587981759,-0.008075804626018535,0.00757982557851733,-0.008075804731634051,-0.0022329724367722292,0.0013610397548924347,-0.002233113755394811,0.001360912385205193,0.0,0.0,0.0,0.0,0.0007326558891378454,-0.0005992361209141706,0.0007326558934153127,-0.000599236197976527,0.0004672772325875485,-0.0015348184420194144,0.0004672772432314787,-0.0015348186466828118,0.00010836165233740758,9.183998262463078e-05,0.00010836234339706152,9.183993983619132e-05,-0.00020458843462733967,8.48727398072846e-05,-0.00020458678966406296,8.486948826247342e-05,0.0,0.0,0.0,0.0
147200000.0,-0.005517068758550181,-0.318482227929167,-0.005517037701224581,-0.31848225105624905,-0.6273741149640415,0.7684777771772073,-0.6273741147794851,0.7684777771655997,-0.6486487627345809,-0.013873513304424545,-0.6486487626675768,-0.013873513315279418,0.0,0.0,0.0,0.0,0.005062648788069168,-0.009160029894489163,0.0050626487522578145,-0.009160029892932187,0.00522034611087463,-0.026459473508016806,0.005220346052951186,-0.026459473430501923,-0.033639721769020525,0.015355013338905543,-0.033639721850633464,0.01535501328399036,-0.025996540659448897,-0.018793205350483344,-0.025996540843792104,-0.018793205298401006,0.03523312837299386,-0.05634014519174846,0.03523312731407202,-0.05634014487609207,0.0034706592371662737,-0.05812574356629474,0.003470659648357355,-0.05812574310374696,-0.02863210517128323,-0.05853961976783184,-0.028632105475352887,-0.05853962103161292,-0.04853217204794191,-0.08553410550419338,-0.04853217419871214,-0.08553411378016085,-0.06709872794506566,0.02745393462503065,-0.06709872727378752,0.02745393315484579,0.0006964323373210846,0.013817308447224175,0.000696050641906254,0.013818905954158911,-0.12025623083424364,-0.009953323632765354,-0.12025623094763205,-0.009953323642800882,0.0,0.0,0.0,0.0,-0.003293340999192651,0.006001693676620956,-0.003293341444532416,0.006001693684855258,0.0014124391911565226,-0.01116784596014142,0.0014124391012018123,-0.01116784594192799,-5.256352665128361e-05,0.002652301032075588,-5.267592055702153e-05,0.0026524344532132815,0.0,0.0,0.0,0.0,0.0002091887251509661,-0.0009369434809065602,0.0002091886594968173,-0.0009369434784374242,-0.0005798815906956634,-0.0014901278494603432,-0.0005798817640112475,-0.0014901278430841103,0.00013629182271301943,-4.8470306551084974e-05,0.0001362914981797303,-4.8470621693219584e-05,-3.0471212511429258e-05,0.0002229240288520451,-3.0474910630573504e-05,0.0002229231022004008,0.0,0.0,0.0,0.0
147500000.0,-0.18142964999360345,-0.2670307770068221,-0.18142968001340876,-0.26703080070624097,-0.4045548067601459,0.923967747341913,-0.4045548067605438,0.9239677471776373,-0.6146205344042386,0.23446066485341,-0.6146205344024622,0.2344606647986618,0.0,0.0,0.0,0.0,-0.0009642569251440136,-0.010781610530466779,-0.0009642569228986986,-0.010781610495966376,-0.010747946340117664,-0.02523618590577481,-0.010747946250717177,-0.02523618586111631,-0.019386151837380794,0.032225034099021777,-0.019386151902239135,0.032225034198344105,-0.03188621368077804,-0.0005495912845949746,-0.03188621361960031,-0.000549591120167392,-0.003923385289894554,-0.0680557972371485,-0.003923384570910571,-0.06805579632286562,-0.0306325567611907,-0.050678954549274735,-0.030632556375849163,-0.050678955091246536,-0.05703311543094003,-0.032296872940174026,-0.05703311669458344,-0.03229687251764357,-0.08856819730402776,-0.04262070655345962,-0.08856820501085849,-0.04262070359118031,-0.04023372428316918,0.06073067108619146,-0.04023372577626105,0.06073067066854687,0.012042585402213035,0.0072348611609776015,0.01204400325241295,0.007234985185175624,-0.11587433345633258,0.03958229572635297,-0.11587433345997056,0.039582295835821846,0.0,0.0,0.0,0.0,0.000566558965019226,0.00683624775373648,0.0005665590578303181,0.00683624818679629,-0.005507747831146048,-0.010018004842279993,-0.005507747816565711,-0.01001800476135184,0.002242332203692854,0.0014912291167599179,0.002242453751179596,0.0014913301902019782,0.0,0.0,0.0,0.0,-0.00042007113367503734,-0.0008780171788975721,-0.0004200711348261166,-0.0008780171198727871,-0.001372189021751069,-0.0008099639944756376,-0.0013721890239679624,-0.0008099638385017371,2.6882183732368503e-05,-0.00014472301058976456,2.688233927017336e-05,-0.00014472253183228645,0.00018009392542239766,0.00014093125659364603,0.00018009388485040745,0.00014093509271173588,0.0,0.0,0.0,0.0
147800000.0,-0.3016972028815985,-0.1258628695024786,-0.3016972174218182,-0.1258628345963526,-0.14338125874785135,1.0152161799884647,-0.14338125892318487,1.0152161799754245,-0.48792154425059664,0.45482403196539156,-0.487921544311547,0.4548240319491761,0.0,0.0,0.0,0.0,-0.007074773197672357,-0.00866374389627822,-0.007074773161193093,-0.0086637438991648,-0.02347503454943478,-0.015046546193424604,-0.023475034513282367,-0.01504654629401081,0.0022766843531343284,0.03816892493214663,0.0022766844768682404,0.03816892500514868,-0.026308051744663885,0.01766609753526005,-0.026308051597510484,0.017666097467669672,-0.04360803709879235,-0.05450137867339144,-0.04360803640716426,-0.05450137978271563,-0.05485193128612309,-0.0247096653539014,-0.05485193194091664,-0.02470966564413679,-0.065634597639189,0.005617031247981963,-0.0656345970720622,0.005617032497360341,-0.09692173528810599,0.01536945543223478,-0.09692173160620143,0.015369462456172656,0.0008762028313640258,0.07316974209704696,0.0008762026704971504,0.07316974357274653,0.012918326600399155,-0.006064970623337551,0.012918248877070937,-0.006066144172124588,-0.091621102494301,0.08387267926654385,-0.09162110238396792,0.08387267926533593,0.0,0.0,0.0,0.0,0.00424820334717424,0.005412006115506074,0.004248203769435577,0.005412005937044384,-0.010500350226408273,-0.004933007671173328,-0.010500350142038428,-0.004933007682403456,0.0025004178602330285,-0.0011093078893695818,0.002500511850115572,-0.001109414551728527,0.0,0.0,0.0,0.0,-0.0008846353626523751,-0.00043646120313578507,-0.0008846352999398732,-0.0004364611988538769,-0.0015736520937963405,0.00021054357392547018,-0.0015736519293483298,0.00021054358476035873,-0.00011363308877321288,-9.739102328421012e-05,-0.00011363261502594924,-9.73916985547163e-05,0.0002159108867942905,-8.62041847264905e-05,0.00021591449409186225,-8.620507813805744e-05,0.0,0.0,0.0,0.0
148100000.0,-0.325357746374209,0.060131383998555776,-0.3253577091092126,0.06013138810700536,0.13768229889107886,1.0328095139605962,0.13768229888840722,1.0328095141697178,-0.284744069535094,0.613618167710249,-0.28474406955072595,0.613618167793132,0.0,0.0,0.0,0.0,-0.01106783601215966,-0.0032919533733055673,-0.011067836019364563,-0.003291953413631532,-0.028316874227215294,0.0008161431408879594,-0.028316874343317977,0.0008161431112236883,0.023859997734703597,0.030684152798506226,0.0238599978102485,0.03068415264450053,-0.011411597207342083,0.029333466720284918,-0.011411597280329033,0.029333466586866308,-0.06858896741739784,-0.01959288152130867,-0.06858896888995503,-0.019592881914484828,-0.06006125526940309,0.010989346255890986,-0.060061255460524876,0.010989347009250139,-0.051205448517251284,0.04190790356831542,-0.05120544732423582,0.041907902844494416,-0.0707882881701778,0.06761881739386943,-0.0707882819328205,0.06761881311608509,0.04202974031807116,0.0602740025576578,0.04202974172513052,0.060274002474595356,0.002181614430753598,-0.014334680239621811,0.002180736228737601,-0.014334473399059355,-0.05102428427535699,0.1151642025143893,-0.05102428428752148,0.11516420240057013,0.0,0.0,0.0,0.0,0.006551681135377407,0.002199180634095299,0.006551680861321074,0.0021991802252125936,-0.011552074897053899,0.0022224225174012346,-0.011552074912756893,0.0022224224208367005,0.00040893928755281195,-0.0027493830618920967,0.0004088496763188232,-0.0027494746158156502,0.0,0.0,0.0,0.0,-0.000977775130436953,0.0002065189109350385,-0.0009777751306785376,0.00020651883777489388,-0.0011031422726262008,0.0011336625653548538,-0.0011031422733509544,0.0011336623734061746,-0.00014345965465167865,5.032747059896536e-05,-0.00014346083803218335,5.032717646713536e-05,3.4303338225072366e-05,-0.00023380043909515535,3.430160950301797e-05,-0.00023380343932544179,0.0,0.0,0.0,0.0
148400000.0,-0.24272941067447107,0.2307237347530573,-0.2427294175865029,0.23072369803750759,0.4178749473367702,0.9726351683887007,0.417874947574262,0.9726351683417835,-0.03305291554187306,0.685350378749618,-0.03305291543890121,0.685350378742033,0.0,0.0,0.0,0.0,-0.011344478509684564,0.0036216228797067984,-0.011344478553667159,0.003621622893758669,-0.02327406099696816,0.016903337950365582,-0.023274061016635983,0.016903338089155007,0.03764189762013359,0.011986581340493352,0.037641897435818805,0.011986581269167296,0.007345321808912786,0.030374666440820874,0.007345321689243178,0.030374666519199067,-0.06860104299209979,0.02424488617973708,-0.06860104301601666,0.024244887978447593,-0.04377878718449324,0.043778630756656334,-0.04377878633741261,0.04377863085337097,-0.018652679456877763,0.06375957163534096,-0.018652680314531267,0.06375957055161319,-0.01973797924010512,0.09557720208404863,-0.01973798395174242,0.0955771967075707,0.06890876103338428,0.026330416983383564,0.06890876074534447,0.026330415695445808,-0.010877727155971684,-0.00993021264226357,-0.010877477245287537,-0.009929662925889815,-0.0005442485663991192,0.12768757107250828,-0.0005442486807964997,0.12768757110411588,0.0,0.0,0.0,0.0,0.006726241902569541,-0.0017656082813362062,0.006726241521676002,-0.0017656078960630595,-0.00813588450522218,0.008711271199739912,-0.008135884610382504,0.00871127123506188,-0.0021389047302164954,-0.0018440466174158843,-0.002138998910453438,-0.0018439754559116395,0.0,0.0,0.0,0.0,-0.0006487837327711077,0.0007766999279725795,-0.000648783815293541,0.0007766999446143785,-0.00016658257227675222,0.001566991746358326,-0.00016658278866543696,0.001566991790832084,-2.8780043180631765e-05,0.00015163073776758296,-2.877999172312684e-05,0.00015163235032922273,-0.00018815157145013472,-0.00014903834350032952,-0.00018815363290514142,-0.00014903602303562025,0.0,0.0,0.0,0.0
148700000.0,-0.07858528288295474,0.32985507905651046,-0.07858531594658302,0.32985509677610425,0.6756613188602643,0.8364373956495195,0.6756613187336598,0.8364373954170898,0.23112035846222057,0.6565916032900252,0.2311203584119852,0.6565916031834149,0.0,0.0,0.0,0.0,-0.00754748332070676,0.009672846478739228,-0.00754748329626409,0.00967284652192646,-0.009814482812402048,0.027491331313747924,-0.009814482644401323,0.02749133131344106,0.0384243376459068,-0.011614447856122201,0.03842433758339325,-0.011614447649617166,0.023207270920806877,0.020576832290893687,0.02320727100463671,0.02057683239458452,-0.04262588680337842,0.06058526304339518,-0.04262588472504092,0.06058526263351638,-0.01128318265723749,0.061702697766379266,-0.011283182652903179,0.061702696814912805,0.020687370400224836,0.06338025637038802,0.020687369462265792,0.06338025730147967,0.03790652661901106,0.08955585350695072,0.037906522126974096,0.08955585846401304,0.07205207047448425,-0.017015889451136967,0.07205206933549846,-0.0170158890208838,-0.014511626004562572,0.003599027887839501,-0.014511416543442124,0.003598829956382943,0.05144411585280295,0.11872607603682805,0.05144411590801212,0.11872607614013875,0.0,0.0,0.0,0.0,0.004695795391199908,-0.005205674845926822,0.004695795900445887,-0.005205674521167936,-0.00146453653414369,0.011979523188101027,-0.0014645364682053241,0.011979523287841243,-0.002741863182777138,0.0008383513964784761,-0.0027418110312424915,0.0008384537796732872,0.0,0.0,0.0,0.0,-2.964471197230978e-05,0.0010240258715463746,-2.964466993660153e-05,0.0010240259507869887,0.0008334809998444825,0.0013301719065346163,0.0008334811116554874,0.001330172116297934,0.00011847606643300423,0.00010242591792053446,0.00011847796663744248,0.00010242538410931701,-0.00022638606340308343,8.981533004970288e-05,-0.0002263835210101206,8.981622210324502e-05,0.0,0.0,0.0,0.0
149000000.0,0.11552041836127103,0.3235320610775789,0.11552044581915766,0.3235320874134042,0.8903867977715265,0.6319356177060422,0.8903867975962498,0.6319356179139088,0.4686501235294429,0.5283605338905826,0.46865012344848367,0.5283605339860951,0.0,0.0,0.0,0.0,-0.0007882610791796196,0.012602999686984528,-0.0007882610431124704,0.012602999652788993,0.0075311058999432134,0.028632648416788253,0.007531105866860344,0.02863264822066003,0.025489100105716034,-0.03183148141447356,0.02548910032494689,-0.03183148136050784,0.030560862917070608,0.0036045067597316738,0.030560863000516747,0.003604506671726515,0.00035003997989235813,0.07528759118392347,0.00035003908166686415,0.07528758887857978,0.026108019555223905,0.05788603258280567,0.026108018480627493,0.05788603268101178,0.053030459077277214,0.04076816418017337,0.05303046000213385,0.040768164978154386,0.08171463968670878,0.05201802423820423,0.0817146447039363,0.05201802789147836,0.05019081871272135,-0.05475242964676874,0.0501908192127587,-0.05475242864905616,-0.005111996151143217,0.014274020572519808,-0.005112043354330353,0.01427413945433198,0.09604013447219018,0.08919144787005373,0.09604013454908511,0.08919144779429011,0.0,0.0,0.0,0.0,0.0010847537741653923,-0.006996939717956341,0.0010847540100513697,-0.006996940350513459,0.005939944781289341,0.01066905703558585,0.0059399448527699406,0.010669056937990584,-0.0007612356827593203,0.00280608472473598,-0.0007611189530649654,0.00280605103088849,0.0,0.0,0.0,0.0,0.000617594894961826,0.0008325927501815489,0.0006175949547326809,0.000832592681863531,0.0014710996993017034,0.0005296359878361745,0.0014710998576532575,0.0005296358071844587,0.00015021099785883507,-5.183122266494422e-05,0.00015020990220193653,-5.183321948920572e-05,-3.563232812098249e-05,0.0002442148706918168,-3.5632685694508837e-05,0.00024421255648254814,0.0,0.0,0.0,0.0
149300000.0,0.2771132981233535,0.21093102672080832,0.2771133149146294,0.21093099144721683,1.0439398554150046,0.3724740005549735,1.0439398556703452,0.37247400062415625,0.6429359369668504,0.316548631777804,0.6429359370892485,0.31654863180550963,0.0,0.0,0.0,0.0,0.006658755014356643,0.011146180378474646,0.006658754974054659,0.011146180354944246,0.02269672552174029,0.01963592439570916,0.022696725306218468,0.019635924474830202,0.0030173698130369075,-0.041306655660463654,0.0030173698677913308,-0.04130665588609411,0.026923424142765384,-0.01437577819340835,0.026923424054359657,-0.014375778253980842,0.04451424406232718,0.06208256838828674,0.044514241589382664,0.062082569816804156,0.055016088402283,0.03316795678517942,0.05501608863055196,0.033167958001447506,0.06698729828752903,0.0037364872008978645,0.06698729899999023,0.0037364863510621626,0.096393508704125,-0.003481549961089736,0.09639351162994103,-0.0034815548925473117,0.010764605709454145,-0.07370930705876322,0.010764606611729732,-0.07370930757075672,0.009174622787682551,0.012315319414130776,0.009175033477148986,0.012315119313664524,0.12534874958782893,0.0435871478466896,0.1253487495028338,0.04358714780984685,0.0,0.0,0.0,0.0,-0.0029640330054121478,-0.006521062403053057,-0.0029640337447176535,-0.006521062520101373,0.011206817325515317,0.005182609835240104,0.011206817211601106,0.005182609810031269,0.0019953914191574995,0.0021650768350963134,0.001995374083065826,0.0021649391700652165,0.0,0.0,0.0,0.0,0.0010119112399848973,0.00027489446375494886,0.0010119111561124328,0.0002748944391342545,0.0014783446476371864,-0.0004894240208164202,0.0014783444259762746,-0.0004894240851855969,3.1035878308216525e-05,-0.00015823487967692174,3.1034001409580014e-05,-0.00015823321571750704,0.00019617118789483357,0.0001545694982165169,0.00019616957123957945,0.00015457100430593673,0.0,0.0,0.0,0.0
149600000.0,0.3522710593188094,0.025610218720920397,0.35227101893565305,0.025610213798860748,1.1222885359578072,0.07620717895880835,1.122288535896331,0.07620717871579918,0.7254337401813729,0.05022368682611367,0.7254337401403745,0.05022368670769728,0.0,0.0,0.0,0.0,0.012119230463227382,0.005566672964020913,0.012119230455638785,0.005566673004183009,0.03021371334018852,0.003417404925900591,0.030213713472434733,0.0034174051465343247,-0.02124297087657112,-0.03629376099916204,-0.021242971109444397,-0.03629376106907056,0.013777227340099785,-0.026943008358900844,0.013777227303364725,-0.026943008276212765,0.07316916946882657,0.02521292368516459,0.07316917146295054,0.025212926266600988,0.06482044207749027,-0.004021843063364283,0.06482044344650717,-0.004021843462169272,0.05757369762815756,-0.03480503394063161,0.05757369688082292,-0.034805034658438316,0.0770985369598094,-0.057233056645761504,0.07709853219145657,-0.057233058997167685,-0.0326100097452553,-0.06718141433833136,-0.03261001024804955,-0.06718141521643073,0.015514804272598326,-0.0008327721405780864,0.01551426853096416,-0.0008334140548873492,0.13389147052990324,-0.010659230062189273,0.1338914705384866,-0.010659229985751306,0.0,0.0,0.0,0.0,-0.0061364393929181915,-0.0038754333541382024,-0.006136439371658753,-0.00387543253720235,0.01223729236458837,-0.002434397231763974,0.012237292394985388,-0.0024343971273119713,0.002927950080533037,-0.0005424288283917278,0.0029277848749984514,-0.0005424237477535954,0.0,0.0,0.0,0.0,0.0009756598966959018,-0.00041504411751080994,0.0009756599139620903,-0.00041504403845182836,0.0008576825149333445,-0.0012921394846094891,0.00085768256290919,-0.0012921392740277149,-0.00012309826129808243,-0.00010789971974434209,-0.00012309610522720504,-0.0001078981805417989,0.00023436238477358984,-9.378100638679499e-05,0.00023436475561311454,-9.378050512864888e-05,0.0,0.0,0.0,0.0
149900000.0,0.31326133339462103,-0.17382292219558515,0.31326134197621514,-0.17382288006770974,1.1167613240620256,-0.2351352077558122,1.1167613238962417,-0.2351352075790416,0.7003195078759461,-0.23209055140630053,0.7003195077970474,-0.23209055130508993,0.0,0.0,0.0,0.0,0.013484186647616525,-0.0023391290784742225,0.013484186682177324,-0.0023391290824923416,0.02719409125047889,-0.014439094413067899,0.02719409146212115,-0.014439094595199542,-0.03864842634250465,-0.01813095464869985,-0.03864842643992006,-0.018130954396081478,-0.004030817644547824,-0.029721433958330934,-0.0040308175730814355,-0.02972143394117932,0.07514374018859371,-0.02196671597970834,0.07514374282510516,-0.021966718566256205,0.051578377354971394,-0.04055743121419031,0.05157837674016719,-0.0405574327279119,0.02798368285999686,-0.06136664072756126,0.027983682039433688,-0.06136664005224013,0.030990535613142356,-0.0903945088345326,0.030990533684075672,-0.0903945042220684,-0.06486802680839787,-0.03731795178058839,-0.06486802773237343,-0.03731795125682158,0.007985735973605301,-0.013523030090902388,0.007984945354948536,-0.013522084449178351,0.11964270977340163,-0.06440229074597337,0.1196427098219317,-0.06440229079171367,0.0,0.0,0.0,0.0,-0.007363057618292146,0.0001338401355717167,-0.007363056752637931,0.0001338399750725472,0.008543987993562041,-0.009262507606167425,0.008543988061845198,-0.009262507686112365,0.001113029407363797,-0.0027953000574285625,0.0011130286285379043,-0.0027951014207205915,0.0,0.0,0.0,0.0,0.0005147493690458305,-0.0009399877743963003,0.0005147494213701975,-0.0009399878290672348,-0.00012174658540686778,-0.0015396354970498294,-0.0001217464434972726,-0.0015396356440113834,-0.0001575347942548433,5.313060405498504e-05,-0.00015753377472549346,5.3128112647016223e-05,3.630565552725784e-05,-0.00025232323641510845,3.630474783733462e-05,-0.00025232603118752195,0.0,0.0,0.0,0.0
150200000.0,0.16897041169349336,-0.321574940783238,0.16897045171467084,-0.3215749636488052,1.0249565319330713,-0.5378261667961368,1.0249565321726237,-0.5378261667543036,0.5675462548922496,-0.48777992208455245,0.5675462550251353,-0.4877799220700414,0.0,0.0,0.0,0.0,0.010026905888537385,-0.009813613473932392,0.010026905878220305,-0.009813613495785134,0.014441439725032978,-0.027613197046484572,0.014441439499961461,-0.02761319723749267,-0.04274537188547356,0.007076950141000182,-0.04274537159352576,0.00707695027440991,-0.020084149106622817,-0.021905326858956187,-0.020084149103610116,-0.021905326912992962,0.049171830796780114,-0.061944355777731275,0.04917182759001548,-0.06194435841985424,0.01959468158199229,-0.06328462446169247,0.01959467994575448,-0.06328462358693976,-0.011508103516348456,-0.06661470545610548,-0.011508102830930511,-0.06661470446132078,-0.025458093411742766,-0.09160698078696505,-0.025458088877030605,-0.09160697917059402,-0.07476189171882197,0.005593115206963262,-0.07476189110496989,0.005593116222321726,-0.0068970376075867534,-0.01428842519131912,-0.00689562710178393,-0.014287586771457583,0.0844919228465244,-0.10833126369201018,0.08449192277853967,-0.1083312636972078,0.0,0.0,0.0,0.0,-0.0061744853911420705,0.004227193695546916,-0.006174485681896158,0.004227192800660973,0.001471638069972414,-0.012635094182726903,0.0014716379631920518,-0.012635094194711982,-0.0017874806968052326,-0.0024575129112047733,-0.001787244400190957,-0.0024575149057088908,0.0,0.0,0.0,0.0,-0.00017963911108154207,-0.001067877520483762,-0.00017963918784857924,-0.001067877531619743,-0.001041116307106904,-0.001131960122046749,-0.0010411165100947528,-0.001131960155264622,-3.356599847847974e-05,0.00016555925418337836,-3.356860389658323e-05,0.00016555887077451814,-0.00020213434797256014,-0.00015927083139111176,-0.00020213702433125036,-0.00015926840828583977,0.0,0.0,0.0,0.0
150500000.0,-0.0359464668327405,-0.3662885674245544,-0.03594650379068298,-0.3662886012057296,0.8511883860315947,-0.8079502155348788,0.8511883859373768,-0.8079502157702851,0.34369758942941075,-0.6764941509382467,0.34369758937182837,-0.6764941510658868,0.0,0.0,0.0,0.0,0.002753672242221228,-0.01410358267855294,0.0027536722337231367,-0.014103582669372727,-0.0037401531326395343,-0.031299372110746404,-0.0037401533002707765,-0.031299371855388,-0.03165997332757797,0.030508868388476884,-0.0316599731621352,0.0305088680331167,-0.02871797056525338,-0.006474498974862186,-0.02871797060097947,-0.00647449896929686,0.004505354537116091,-0.07966995729256254,0.004505351933602242,-0.07966995343136674,-0.019986411870831944,-0.06379255459708588,-0.019986410701164914,-0.06379255286994834,-0.04714121646838976,-0.04865492431691898,-0.0471412152819255,-0.048654925123798876,-0.0724003678444376,-0.06086516017235866,-0.07240036650654247,-0.06086516474749892,-0.058795011025694066,0.04670204909279185,-0.05879500991997588,0.046702048298335797,-0.015873424577279138,-0.0022133906344841137,-0.015872652869404646,-0.0022152974629605637,0.03402587218295139,-0.13460416478781667,0.034025872223764964,-0.13460416471663805,0.0,0.0,0.0,0.0,-0.002876897856509686,0.007049611435949288,-0.00287689877967523,0.007049611840599823,-0.006297989201243581,-0.011184031864377886,-0.006297989151903494,-0.011184031760091528,-0.003063305886882972,0.00019945495601625396,-0.003063321012348297,0.00019917940574920578,0.0,0.0,0.0,0.0,-0.0008104000134778744,-0.0007346373807504136,-0.000810399980451848,-0.0007346373047312227,-0.0015111796598432647,-0.000248017445960258,-0.001511179574322341,-0.00024801724419099003,0.000128559367226444,0.00011380238598768244,0.0001285596510740561,0.00011380484296097393,-0.0002414642887060836,9.592770798860784e-05,-0.00024146046357031992,9.592969719207645e-05,0.0,0.0,0.0,0.0
150800000.0,-0.23429605240181672,-0.2895035475351655,-0.2342960757460446,-0.2895034977265496,0.606410907467648,-1.0233076871387503,0.606410907296322,-1.0233076869358015,0.06029627069275989,-0.7665980940566719,0.060296270601895685,-0.7665980939415071,0.0,0.0,0.0,0.0,-0.005872733954504383,-0.013480742363093157,-0.005872733952998033,-0.013480742365725717,-0.021006873483287336,-0.023969328383248723,-0.02100687320734096,-0.023969328234962006,-0.008906615259263617,0.04371532235581199,-0.008906615701590681,0.04371532217240315,-0.027020689759268635,0.010948758610080489,-0.02702068975156635,0.010948758629062638,-0.04250458768780163,-0.06827684741620743,-0.0425045831230193,-0.06827684489961072,-0.053109757338376085,-0.04153551840539649,-0.05310975555443065,-0.04153551989524118,-0.06649178520200394,-0.013694124925368811,-0.06649178623928265,-0.01369412626337052,-0.09362918247910557,-0.009310646883584184,-0.09362918720995594,-0.009310647896569435,-0.02243795601856391,0.07176256107740997,-0.022437957076419934,0.07176255993289615,-0.010765152020951518,0.01209805245497364,-0.010767560188838843,0.012097469885503642,-0.023355634757393773,-0.1382719022813248,-0.02335563470234092,-0.138271902361776,0.0,0.0,0.0,0.0,0.001515508078171024,0.0076086700562143506,0.001515508587687009,0.007608671023795921,-0.011771208689083323,-0.005391175192606568,-0.011771208613339468,-0.005391175291645567,-0.001485686256955887,0.0027243576521698287,-0.0014859992760989371,0.002724397014599589,0.0,0.0,0.0,0.0,-0.0011019262333888946,-7.573512753467071e-05,-0.0011019261788476342,-7.573519522452443e-05,-0.0013369751430616361,0.0007332293538873103,-0.0013369749950697951,0.0007332291752177866,0.0001655036051317893,-5.5321198708213615e-05,0.00016550564956219205,-5.5322080946496044e-05,-3.863454378461029e-05,0.00025961153204434595,-3.863374675461273e-05,0.0002596066392754892,0.0,0.0,0.0,0.0
151100000.0,-0.3586628929485016,-0.11383641627799435,-0.35866283261859166,-0.1138364074015783,0.30760033917607643,-1.165263601089876,0.30760033943377607,-1.1652636010141855,-0.24041093834179605,-0.7406877761145765,-0.2404109381994317,-0.7406877760746866,0.0,0.0,0.0,0.0,-0.012768835639690224,-0.007935233429449795,-0.012768835645488252,-0.007935233420340637,-0.031206021488316082,-0.007990939264381325,-0.031206021348822333,-0.007990939557505072,0.01771480452273977,0.04165704057971098,0.017714804347065183,0.041657041123748684,-0.015805353388174126,0.024157414233524577,-0.01580535338061395,0.0241574142262877,-0.07453551856002605,-0.031686463691418254,-0.07453551618709753,-0.03168646902705774,-0.06784902663278558,-0.004128039163035169,-0.06784902846342789,-0.0041280409734483214,-0.06280726310723139,0.026146933404298522,-0.06280726451097962,0.02614693474706442,-0.08214937812493872,0.04488412755348392,-0.08214937869993832,0.04488413250969714,0.02177370363568798,0.072065871600973,0.021773702544891194,0.07206587297165257,0.004130783360068335,0.015840856913552415,0.004130514038195088,0.015843743522459874,-0.07785359765435373,-0.11822613730185694,-0.07785359775783718,-0.11822613732821097,0.0,0.0,0.0,0.0,0.005577840205205575,0.005615562727214751,0.005577841241802162,0.005615562101560556,-0.012800282159901144,0.0025755645651663883,-0.01280028228603669,0.0025755645321723364,0.0015255207472364418,0.0027439793517132216,0.001525594899845828,0.0027443243787601546,0.0,0.0,0.0,0.0,-0.0009207764634595605,0.000628835828422325,-0.0009207765496626052,0.0006288358059727273,-0.0005983171830905576,0.0013954213717788377,-0.000598317410464233,0.001395421306881417,3.5240646127476793e-05,-0.0001737674655579724,3.523933006022162e-05,-0.00017376886701825356,0.00020737490729061392,0.00016557807193962049,0.00020736946777333287,0.00016557882286605263,0.0,0.0,0.0,0.0
151400000.0,-0.36524164369382106,0.10333435940650659,-0.3652416529143636,0.10333429197355315,-0.023379545533259716,-1.2203865966265113,-0.023379545551165393,-1.2203865968811556,-0.5117347302822566,-0.5991521206087356,-0.511734730291522,-0.5991521207458383,0.0,0.0,0.0,0.0,-0.01534031663135238,0.000736842263311388,-0.015340316611656135,0.000736842265048665,-0.030580288941905565,0.011145593666181952,-0.030580289258097082,0.011145593526464381,0.03878231996060322,0.024607744513534868,0.03878232061023823,0.024607744652556107,0.000766712274355541,0.028571923370321883,0.0007667122691543682,0.028571923369160146,-0.07974706591934932,0.01688017303174405,-0.07974707210817655,0.016880170888779134,-0.05871143237683896,0.035319092821683995,-0.058711434185113376,0.03531909502004282,-0.03732673694025834,0.05707005407455412,-0.03732673526428698,0.05707005544272192,-0.04238581230626437,0.08296496258777353,-0.04238580712279827,0.082964962578572,0.05856775926227442,0.04744398600547939,0.05856776095029659,0.04744398693647156,0.015645601250412255,0.0054097806033013285,0.015648915532267438,0.005409617270085931,-0.11997195513171732,-0.07748248478109332,-0.11997195512796566,-0.07748248466970509,0.0,0.0,0.0,0.0,0.007919547693290951,0.0016195675589472103,0.00791954691680985,0.001619566431347863,-0.008922663561577338,0.009681819008203973,-0.008922663552567656,0.009681819137519199,0.0031736464860046,0.00017791548782852828,0.003174014671429859,0.00017779793769889807,0.0,0.0,0.0,0.0,-0.00033662512282717216,0.0010737836900247544,-0.0003366251154375277,0.0010737837767287317,0.00038695841541880327,0.0014613969137968752,0.0003869584309370566,0.0014613971416537197,-0.00013512077558175406,-0.00011897378457703667,-0.00013512137701354732,-0.00011897227968304946,0.00025024403913675997,-9.74256909671567e-05,0.0002502464723761477,-9.742034680471079e-05,0.0,0.0,0.0,0.0
151700000.0,-0.24996089184834602,0.28928827625427544,-0.24996096191172512,0.2892883065348535,-0.36136062401058666,-1.1817323604763352,-0.36136062422357895,-1.1817323603967615,-0.7099949746824876,-0.36097366736159486,-0.7099949747932328,-0.36097366732221303,0.0,0.0,0.0,0.0,-0.012461341944117521,0.009514198415498498,-0.012461341951137683,0.009514198388419715,-0.019144445348189265,0.02673387067487809,-0.019144445492287332,0.02673387102619884,0.046568992801837794,-0.0017803382470020779,0.04656899287604688,-0.0017803389980137752,0.01673560814464281,0.02281795278034693,0.01673560814745656,0.02281795278414478,-0.05609705202309101,0.059838172423344105,-0.05609705380709329,0.05983817955534931,-0.02863417217940878,0.06284657671602645,-0.028634169575127544,0.0628465784878145,0.001191736500118168,0.06837044448492335,0.0011917377389636385,0.06837044248964474,0.011607721529514947,0.09204161344614548,0.01160772079285266,0.09204160810313056,0.07519004016657505,0.006339351363319423,0.07519004084304015,0.006339349397244121,0.013317604686534423,-0.010140693096161613,0.013316900133730769,-0.010144357929394943,-0.14220380605382843,-0.022728748209161154,-0.14220380594599646,-0.022728748236602314,0.0,0.0,0.0,0.0,0.0076498716301500735,-0.003119285614378242,0.007649870405515458,-0.0031192846336836055,-0.0015552898275927873,0.013185822677939996,-0.0015552897117743214,0.01318582263774104,0.0018657310679088823,-0.00262318029641051,0.00186556464504406,-0.0026235602730970697,0.0,0.0,0.0,0.0,0.00040426870762644285,0.0010610222504823241,0.0004042687818639479,0.0010610222238902622,0.001199946264165419,0.0009088547220024168,0.0011999464590815023,0.0009088546535487296,-0.00017293278705210469,5.8766347194705304e-05,-0.00017293138901663951,5.876608971888686e-05,4.1622411998787356e-05,-0.0002687455831562602,4.162698780874052e-05,-0.0002687495757740521,0.0,0.0,0.0,0.0
152000000.0,-0.050291756265153253,0.3813397805188252,-0.05029170290603702,0.3813398477704695,-0.6797921065053742,-1.0496477178029302,-0.6797921064065378,-1.0496477176395018,-0.8019076155253941,-0.061381854580158546,-0.8019076154793368,-0.061381854497653876,0.0,0.0,0.0,0.0,-0.0049503133509460895,0.015210084765826082,-0.004950313381101523,0.015210084784037292,-0.0007310517904244307,0.03321118751733465,-0.0007310513902609728,0.03321118766122311,0.037861798524303936,-0.028321815484485313,0.03786179768536613,-0.02832181547258017,0.026483878044828657,0.009134322522577065,0.026483878049234022,0.009134322515681248,-0.01197192786105461,0.08167024757046448,-0.011971919704038214,0.08167024881319662,0.012026172460224416,0.06858269181386234,0.01202617414637075,0.06858268875599549,0.039513168350808314,0.05608695226458593,0.03951316607307831,0.056086951224386894,0.06114695543733717,0.06933255169265351,0.061146950055942284,0.06933255326756793,0.06580698344507141,-0.03706676729735747,0.06580698126859374,-0.0370667676499572,-0.0010911745554693653,-0.016878811926957837,-0.0010950893005343687,-0.01687747400965023,-0.14039154194252035,0.03679532819690934,-0.14039154198296444,0.03679532809855246,0.0,0.0,0.0,0.0,0.0047182415534479105,-0.007004783761161093,0.004718242800521466,-0.007004782459006265,0.006530699113937999,0.01169103057697285,0.00653069906009307,0.011691030478360176,-0.0012436926672023674,-0.0030119237719254954,-0.0012440718519144411,-0.003011706862746877,0.0,0.0,0.0,0.0,0.0009830391055629661,0.0005878358503750292,0.0009830390717695536,0.0005878357929347544,0.0014987021439765158,-2.296089038011928e-05,0.001498702057006085,-2.29610435447114e-05,-3.55933254638785e-05,0.00018165791655277985,-3.5594389572679574e-05,0.00018165693302307773,-0.00021467282132903165,-0.00017267761887751476,-0.00021467799305696644,-0.0001726808247681788,0.0,0.0,0.0,0.0
152300000.0,0.16788944458431843,0.34838995845947096,0.1678895027640408,0.34838988124556636,-0.952856052751855,-0.832005179519058,-0.9528560526198504,-0.8320051796061705,-0.7705424582196372,0.2534504974633478,-0.770542458153173,0.253450497428517,0.0,0.0,0.0,0.0,0.004654004183038296,0.015633234279064823,0.00465400421036577,0.01563323430693231,0.018313385356421463,0.02813064723422798,0.018313385486180778,0.02813064677259547,0.01527213392206761,-0.0454682238950781,0.015272134036550256,-0.045468222986080775,0.026702754969690545,-0.007495786848252806,0.026702754955593377,-0.007495786856509312,0.03694822212685267,0.07444605406649174,0.036948222588478075,0.07444604483374917,0.04910347178288532,0.05021462475506411,0.04910346822184408,0.0502146232343037,0.06444588219669356,0.0243245893357269,0.06444588139883933,0.024324591859546274,0.08930832884708195,0.02289850938259974,0.08930833132798455,0.022898514648787227,0.033571766080854104,-0.06771035483519228,0.03357176608994905,-0.0677103525272642,-0.014804134466146479,-0.008500034398593925,-0.01480209220612494,-0.008495989957587824,-0.11450564669188168,0.09089223563346138,-0.11450564678200692,0.09089223567764293,0.0,0.0,0.0,0.0,5.423009952210123e-08,-0.008632493574431521,5.556077553592331e-08,-0.008632495145576513,0.0122533884141518,0.005691346066441838,0.01225338832685452,0.005691346120791252,-0.003248734535318931,-0.0005522692365858006,-0.003248469508335461,-0.0005519031647054362,0.0,0.0,0.0,0.0,0.001145624286394309,-0.00014849156571727917,0.0011456242376510772,-0.00014849153370732893,0.00116177257153538,-0.000936997613948165,0.0011617724441777,-0.0009369975337847336,0.00014157265334802105,0.0001228458014210787,0.00014157235720801964,0.0001228475043504318,-0.0002600797579077607,0.00010117085946603765,-0.0002600811664308367,0.00010117661140185419,0.0,0.0,0.0,0.0
152600000.0,0.3329130406182088,0.20086045377707507,0.33291294031030816,0.2008604114919379,-1.1576074913830041,-0.5438213013258419,-1.1576074914537173,-0.5438213014562976,-0.6186473132995474,0.5338587885608419,-0.6186473133218158,0.5338587884908819,0.0,0.0,0.0,0.0,0.012955084417086482,0.010423497822444006,0.01295508444098914,0.010423497787819258,0.03131862120469009,0.013052794354429409,0.03131862067702684,0.013052794256068978,-0.013488340985944092,-0.046734655516999624,-0.013488340023684486,-0.0467346557479118,0.017504995951384217,-0.021152976518997946,0.017504995940370804,-0.021152976496821907,0.07330019019187262,0.04051861525481115,0.07330017989420412,0.04051861586540184,0.06952741572487753,0.013822832702039989,0.0695274144841278,0.013822836800436278,0.06730695189938274,-0.016136313051099194,0.06730695464716518,-0.016136312531244812,0.08657473793009274,-0.03122266293107856,0.08657474291750589,-0.031222666346437222,-0.010378178679644634,-0.07486964633542925,-0.010378176309828291,-0.0748696467216945,-0.015389820523665776,0.0076938129609231964,-0.015385781382107666,0.00769102028374391,-0.0686934235524177,0.1301879468741447,-0.06869342350557872,0.13018794695986458,0.0,0.0,0.0,0.0,-0.004938759013555227,-0.00730534866631416,-0.004938760951802124,-0.007305349955430529,0.013386966612145557,-0.002595995383089189,0.013386966664654665,-0.0025959952983640733,-0.002214298136522075,0.0024843824687224014,-0.002213955891591013,0.0024840751811439077,0.0,0.0,0.0,0.0,0.0008143225953176625,-0.0008329883980167097,0.0008143226218493282,-0.0008329883487832035,0.0003371753241196984,-0.0014475274631706725,0.00033717539176336686,-0.0014475273370067043,0.00017915609069518723,-6.225731573294979e-05,0.0001791581671284348,-6.225790747294013e-05,-4.225695501247628e-05,0.00027930321943614445,-4.225136747493252e-05,0.0002793026521388242,0.0,0.0,0.0,0.0
152900000.0,0.3908614661640968,-0.013624555983085429,0.3908614467845126,-0.01362443513770728,-1.2759584527778998,-0.20626275036114095,-1.2759584529283785,-0.20626275028754293,-0.3685899818684817,0.7349760085292516,-0.3685899819563332,0.7349760085499639,0.0,0.0,0.0,0.0,0.016901049208428276,0.0012471200912713698,0.016901049169135263,0.0012471200712695918,0.03360414833997538,-0.006945686615075886,0.03360414829076319,-0.006945686023740905,-0.038206424108750525,-0.03116856849379701,-0.03820642446760303,-0.031168569493303266,0.0023183833439617274,-0.027079864786784924,0.0023183833751545535,-0.027079864776311524,0.08407974008791541,-0.00838445047112657,0.0840797420998598,-0.008384439204554894,0.06583949038866876,-0.028151451783088532,0.06583949502474695,-0.028151450965467006,0.0468774594887833,-0.051446241782343805,0.046877459684026235,-0.05144624473886239,0.05395984935246645,-0.07444689435481422,0.05395984500522388,-0.07444689889572942,-0.050724749439424954,-0.055973989869002594,-0.05072475020652689,-0.05597399223869104,-0.0021317743500191,0.017192435880261314,-0.0021353359962290597,0.017188546434162788,-0.01058562980698241,0.14777680381752845,-0.010585629722569934,0.1477768037639109,0.0,0.0,0.0,0.0,-0.008355598039997858,-0.0033419762104358597,-0.008355599203611064,-0.0033419738843178948,0.009415528385943617,-0.010047608159808874,0.009415528475670953,-0.010047608219863946,0.000936906638926871,0.0032230023092054694,0.0009365654891126951,0.003222692041077835,0.0,0.0,0.0,0.0,0.00012453279728674715,-0.0011678557410519375,0.00012453285310698448,-0.00116785576794598,-0.0006227145553197033,-0.001342711757502002,-0.0006227144133816864,-0.0013427118289044415,3.5822113602534955e-05,-0.00018847051078552113,3.5820540503550546e-05,-0.00018847263058319186,0.00022381240712832096,0.00017744405143105269,0.0002238099797580162,0.00017743941322123646,0.0,0.0,0.0,0.0
153200000.0,0.32233912714809776,-0.22615880581751213,0.3223392640192486,-0.2261588160592467,-1.2963289860902307,0.1549024792366751,-1.2963289859829104,0.15490247940537216,-0.05883612411085437,0.8243141042431503,-0.05883612407330929,0.8243141043491917,0.0,0.0,0.0,0.0,0.014899263304059218,-0.008734673802763382,0.014899263286523023,-0.008734673758027611,0.024128134316441674,-0.024972595615160742,0.024128134961600267,-0.02497259562998977,-0.049797969663032404,-0.003910863803127995,-0.04979797068385494,-0.003910863307588386,-0.013380591838341616,-0.023335169488490237,-0.013380591832387267,-0.023335169528245103,0.06509716403822097,-0.05521040261805865,0.06509717607168852,-0.05521040637034247,0.03882978650142377,-0.06109402758417559,0.038829786735462335,-0.06109403271076985,0.009901952179930618,-0.06933344695983124,0.009901949035153734,-0.06933344675707076,0.002668300765506615,-0.09188150194430023,0.0026682968441065213,-0.09188149669248702,-0.07333286705895148,-0.01761250654435287,-0.07333286937213757,-0.017612505391333855,0.013205184006650938,0.011389315434129799,0.013201592332009682,0.011393635617473308,0.05001249979746092,0.14043341425418987,0.050012499732574156,0.14043341417373512,0.0,0.0,0.0,0.0,-0.008959323769914818,0.0019687015223368576,-0.008959321059720082,0.001968702471948802,0.0017552140590026966,-0.013800413433699532,0.00175521397925138,-0.01380041352743433,0.003252298909927731,0.0009279398778190284,0.003252025787574553,0.000928305102370075,0.0,0.0,0.0,0.0,-0.0006305099474417375,-0.0010020929086280717,-0.0006305099855552498,-0.0010020929688252522,-0.0013117297064724198,-0.0006722317351162133,-0.0013117298083358264,-0.000672231890320063,-0.00014706489388061073,-0.0001265962394469966,-0.00014706670712882897,-0.00012659372103485111,0.0002677415982788034,-0.00010715912512182513,0.00026773861686990585,-0.0001071552528628672,0.0,0.0,0.0,0.0
153500000.0,0.14804601461781886,-0.36827419604635026,0.14804596891117683,-0.3682743424772923,-1.2148081073001435,0.5112993204337641,-1.2148081071428152,0.5112993202692451,0.26240497163962573,0.7872060729883898,0.2624049717464345,0.7872060729196093,0.0,0.0,0.0,0.0,0.007441407844112291,-0.015950555721452986,0.007441407897530894,-0.015950555705806835,0.005918734694077443,-0.03466058892618662,0.00591873460507486,-0.03466058961273433,-0.04368544737344848,0.025467101962298955,-0.04368544673111785,0.02546710298283017,-0.02403507415519357,-0.011431990626618926,-0.024035074200057238,-0.011431990624551247,0.02246942351867176,-0.08336655860737352,0.02246941771652189,-0.08336657108775825,-0.002562888919925399,-0.07319258694035824,-0.0025628944325717384,-0.07319258643805426,-0.03105441286474786,-0.06330578779997609,-0.03105441217111604,-0.06330578452001134,-0.04961063457571413,-0.07739648557071632,-0.04961062847729636,-0.07739648245453168,-0.07030205223179564,0.026724605870612095,-0.0703020506866352,0.0267246080618051,0.016930258403576204,-0.004676690125492655,0.016935297397125737,-0.004673542155522625,0.10280757476998303,0.10917849120635736,0.10280757470287938,0.10917849128707502,0.0,0.0,0.0,0.0,-0.006415278751035203,0.006786434345009695,-0.006415278103659716,0.00678643127552192,-0.006743942378491852,-0.012339277347074074,-0.0067439424648796376,-0.012339277239590274,0.002537060645039446,-0.002274411183208258,0.002537439833261601,-0.0022741774905057355,0.0,0.0,0.0,0.0,-0.0011244749047563118,-0.00039946438064220047,-0.0011244749615428873,-0.0003994643236993056,-0.001441660186614513,0.00027614982893453544,-0.0014416603303288866,0.0002761499799603939,-0.0001853213329781056,6.485633839048432e-05,-0.00018531803819143988,6.485751668350304e-05,4.0327429815079086e-05,-0.000287964925540507,4.0332074135562834e-05,-0.00028796412365039714,0.0,0.0,0.0,0.0
153800000.0,-0.07758938530967896,-0.3929925851280416,-0.0775895330741605,-0.3929924995841745,-1.0357031432571233,0.834230621438266,-1.0357031434777468,0.834230621336232,0.545161583658512,0.629121729378646,0.5451615835556254,0.6291217292960667,0.0,0.0,0.0,0.0,-0.0029956216048816486,-0.017686512036313218,-0.0029956215917081863,-0.01768651210079497,-0.014867177605680126,-0.032376792653479924,-0.014867178321154029,-0.0323767924823386,-0.021637176453438656,0.04634669066194874,-0.021637175460824665,0.046346689866823,-0.025978570591121297,0.004254923727870619,-0.025978570580306837,0.004254923773544306,-0.029279813588601655,-0.08239724318468689,-0.029279826081875626,-0.08239723509408492,-0.044099765157852744,-0.05959653853438596,-0.044099763794179125,-0.05959653279087718,-0.061768887641378,-0.035027506675625375,-0.061768884327946694,-0.03502750794842058,-0.08466450021350624,-0.03586470513273099,-0.08466449810099164,-0.035864711972728,-0.04283266878070435,0.06145251452612399,-0.042832666791568386,0.06145251259308537,0.0055829364471122744,-0.016811660477578982,0.00558550263933455,-0.016817350047467983,0.13878001074543533,0.059107076033690475,0.1387800108390138,0.05910707607714727,0.0,0.0,0.0,0.0,-0.0015146669323939932,0.009374997929988638,-0.001514670318826461,0.009374997670796859,-0.012844683424845016,-0.0061021383261348205,-0.012844683293877779,-0.0061021382674084634,-0.0005738734636082654,-0.0033862653503007323,-0.0005736790592436591,-0.0033866488267975114,0.0,0.0,0.0,0.0,-0.001139066172498815,0.0003857250500658438,-0.001139066098062358,0.0003857250895933362,-0.0009626314477912956,0.0011001394800658204,-0.0009626312502888368,0.0011001395753140741,-3.695218404686784e-05,0.00019531310554299353,-3.6951892923298146e-05,0.0001953093201336742,-0.00023140494312201554,-0.00017945016912079836,-0.0002314065616104699,-0.00017945473810243584,0.0,0.0,0.0,0.0
154100000.0,-0.2825939469345542,-0.28965346387565916,-0.28259381918847737,-0.28965332435032565,-0.7714049657521826,1.0970642694139912,-0.7714049657608655,1.0970642696594979,0.7458166945007747,0.3745230306610665,0.745816694463457,0.37452303078246274,0.0,0.0,0.0,0.0,-0.012760152422089277,-0.013094248638388706,-0.012760152497719446,-0.013094248642403272,-0.030977279578763728,-0.018567273196659073,-0.030977279319344575,-0.018567272461353923,0.00870710819641829,0.05095758967976849,0.008707107250103263,0.050957588748865135,-0.018707183385288317,0.018093351059981444,-0.01870718334293997,0.018093351041592598,-0.07196039137980392,-0.051772004648213965,-0.07196038087337797,-0.05177199267148325,-0.07100914018782589,-0.02436871953931785,-0.07100913440967815,-0.024368721843075036,-0.07125330592521095,0.006004352246073097,-0.07125330783264872,0.00600434905434355,-0.09009088416404154,0.018303452684300225,-0.0900908915756986,0.01830345177291548,-0.0007744081915603829,0.074504737266885,-0.0007744104842544175,0.07450473557375403,-0.01097592478653553,-0.014128629533779247,-0.010982170022373339,-0.014130489180622874,0.1517148279819054,-0.001478811927071888,0.1517148279947662,-0.0014788120216664424,0.0,0.0,0.0,0.0,0.004078146731160359,0.008744917882417269,0.0040781469416231175,0.008744921524666438,-0.014143004866696174,0.0026341799277034283,-0.014143004851547403,0.0026341797851827664,-0.003198134272565767,-0.0013353518255101449,-0.0031985131396652378,-0.0013355089407127707,0.0,0.0,0.0,0.0,-0.0006604742907683203,0.0010159935010420895,-0.0006604742821707532,0.0010159934211984023,-8.187546914939503e-05,0.0014535436232705479,-8.187545512328143e-05,0.0014535434068179143,0.00015265502707961787,0.00013133954811905824,0.00015265111822770905,0.00013134027896910538,-0.000272585100390188,0.00011195749284809153,-0.0002725886876220329,0.00011196143554315086,0.0,0.0,0.0,0.0
154400000.0,-0.3993275814303132,-0.0885200786122553,-0.39932746046788736,-0.08852024854407858,-0.44155542866170094,1.277515674332193,-0.44155542844607965,1.2775156742360423,0.8339256416883245,0.06260970933414711,0.8339256417988139,0.0626097093203768,0.0,0.0,0.0,0.0,-0.018288813663389192,-0.0035759481206554256,-0.018288813651167857,-0.003575948033038401,-0.036552729669963924,0.0022444227383076054,-0.036552728926096734,0.002244422383739675,0.03652733611359338,0.037308689529496064,0.03652733527776775,0.037308690617130935,-0.005001415841292101,0.025225608671462396,-0.005001415863219449,0.025225608633981267,-0.08991015198678554,-0.0014958391377177804,-0.08991014111617801,-0.0014958520392767127,-0.0731865842356143,0.02055570320830924,-0.07318658750226348,0.020555697612749668,-0.05574134012600496,0.04553854721966388,-0.05574134301096478,0.04553854975561933,-0.063827030592293,0.06604548979289859,-0.06382703013767355,0.06604549753016187,0.041006031180472746,0.06162993875819467,0.04100602987806212,0.06162994134458444,-0.018037812207865045,0.001302159916896528,-0.018038858861899598,0.0013088420075462182,0.1392448184908659,-0.062471610609307504,0.13924481841294778,-0.062471610588545445,0.0,0.0,0.0,0.0,0.008412143358114577,0.005028937868289063,0.00841214717675598,0.005028937114218479,-0.010011817654188349,0.010568505090596148,-0.010011817785127164,0.010568505124197713,-0.002865465753259855,0.00201208216912363,-0.0028655890014874785,0.002012448310409809,0.0,0.0,0.0,0.0,0.00011146632688507907,0.0012158353800373334,0.00011146625685398703,0.0012158354067537402,0.0008260263016097724,0.0011916005344403402,0.0008260261130317303,0.0011916006130832102,0.00019263566066740623,-6.755986553486082e-05,0.00019263740168184995,-6.755623818577305e-05,-3.928347616977135e-05,0.0002938678347064183,-3.927765504840863e-05,0.0002938696066223656,0.0,0.0,0.0,0.0
154700000.0,-0.38641628900654723,0.1468434422062188,-0.3864164985887868,0.14684335017730632,-0.07156681981027191,1.3596193742406726,-0.07156681999282455,1.3596193741105296,0.7966477402158603,-0.2591453371053021,0.7966477401599263,-0.25914533717399024,0.0,0.0,0.0,0.0,-0.0173969551961477,0.007618883986687308,-0.017396955101631306,0.007618883950684108,-0.0292539180162521,0.022876153446951264,-0.029253918474879015,0.022876152707212327,0.05174845192313171,0.010007979479738083,0.05174845312936327,0.010007980188838417,0.010135128120509762,0.023288070536331418,0.010135128087313205,0.02328807055523896,-0.07570552083689108,0.0508969955591283,-0.07570553594077012,0.05089698639399387,-0.049056618365199256,0.05927471179281696,-0.049056623559962986,0.059274715984869886,-0.020288875663212025,0.06950270744696496,-0.020288872578049677,0.06950270984214768,-0.015114321551990884,0.09040977794225569,-0.015114313804090784,0.09040977602526112,0.06803157714094255,0.0277522244856101,0.06803157991760145,0.02775222532233812,-0.008998466794281512,0.015909681957055,-0.008991486927868664,0.015909831948611952,0.10324173770591472,-0.11364772782630439,0.10324173775369161,-0.11364772778314602,0.0,0.0,0.0,0.0,0.009942328767081676,-0.0005546418187307722,0.009942327406974982,-0.0005546457088811962,-0.0019003059749707063,0.014610436205657606,-0.0019003059013300572,0.014610436301843777,0.0001775205006140368,0.0035359448612553024,0.00017786642575856604,0.0035360389574066176,0.0,0.0,0.0,0.0,0.0008467304725741087,0.0008921725066741715,0.0008467305287211957,0.0008921725490438348,0.0013785135479622568,0.00043001181427371193,0.0013785137013400117,0.00043001192694447354,3.8058991052025704e-05,-0.00020348949810511385,3.806195184097305e-05,-0.0002034920841396115,0.0002363663282807238,0.00018213386761090078,0.0002363656557804461,0.0001821269172950224,0.0,0.0,0.0,0.0
155000000.0,-0.24411523746839237,0.3386179698786904,-0.24411529084233052,0.3386182141791849,0.30939484966535247,1.3352040323441514,0.3093948496561012,1.3352040325634889,0.6402271334136742,-0.5424654125409418,0.6402271334068814,-0.5424654124682959,0.0,0.0,0.0,0.0,-0.010138498072279845,0.01648357800466016,-0.010138498133585472,0.016483577909880864,-0.011260562927304818,0.03592624845440895,-0.011260563641670274,0.035926249025486356,0.0487168978733763,-0.021355246351824064,0.048716898436126144,-0.021355247646752673,0.02131600632399966,0.013196634971187393,0.02131600633829578,0.013196635001733625,-0.033353715486612145,0.08628281693265905,-0.033353722389719564,0.0862828338667967,-0.006577769551483925,0.07753533046863481,-0.00657776452290193,0.07753533505746901,0.022773984479229625,0.06910767579828558,0.02277398624754312,0.06910767231020287,0.03869033300719593,0.08276709763532608,0.03869032963787333,0.08276709022852913,0.07131311282820718,-0.01503069281015712,0.07131311316854294,-0.015030695645826597,0.008364833525888571,0.016448760790133576,0.008364029758155311,0.01644163809703514,0.049505153349102216,-0.14636116938867616,0.049505153349926445,-0.1463611694489373,0.0,0.0,0.0,0.0,0.00806660299203088,-0.006123641010631786,0.008066599164223476,-0.006123639005501502,0.007154533641283933,0.013082881717387806,0.0071545336868439335,0.013082881623375897,0.0031243152242552696,0.0017493029098005763,0.0031243863623444668,0.0017489841179170185,0.0,0.0,0.0,0.0,0.001226282492439168,0.0001774165787580273,0.0012262824964750507,0.00017741651051039753,0.0013461537237162702,-0.0005062999228471199,0.0013461537312053906,-0.0005063001076877072,-0.00015974674435881298,-0.00013623342189816867,-0.00015974987137212793,-0.00013623540594664973,0.00027800899566443604,-0.00011425505081774645,0.00027800188088633604,-0.00011425162018241508,0.0,0.0,0.0,0.0
155300000.0,-0.016924084543859408,0.42056425324604874,-0.016923812498774282,0.4205642594562846,0.6707968314577073,1.2047247163267443,0.6707968316503212,1.2047247162135406,0.3885110466821544,-0.7454995436005518,0.3885110467370083,-0.7454995436556899,0.0,0.0,0.0,0.0,0.0011013849392611519,0.01968068114383925,0.0011013848550476268,0.01968068122863542,0.011298042772423855,0.03643923662527726,0.011298043460087115,0.03643923728652254,0.02825676214803252,-0.04564322996005643,0.028256760799507674,-0.045643230366003706,0.024703309507373206,-0.001268194350849683,0.02470330953889288,-0.0012681943604917478,0.022502091098743904,0.09097553533547398,0.02250210933071628,0.09097553952124571,0.039256787162869955,0.06810407754253589,0.039256790969147914,0.068104071814858,0.058158182684252324,0.04419888061576671,0.058158178981230435,0.044198879546819114,0.07842686655656905,0.04603533428507234,0.0784268598367106,0.04603533897944345,0.050279127388193956,-0.05191163152591116,0.05027912463006601,-0.05191163139131305,0.018478753047205032,0.0021320403268560995,0.018471653287377876,0.002133825361610775,-0.013186683841524882,-0.15496765363775467,-0.01318668389453137,-0.1549676535965787,0.0,0.0,0.0,0.0,0.003327486988354167,-0.009766237460354432,0.0033274896443344915,-0.00976623384799069,0.013653249795211764,0.0064250204817639656,0.01365324970836923,0.006425020488272537,0.0031742660614071383,-0.0017393053787273516,0.0031739804937984673,-0.0017393615938843254,0.0,0.0,0.0,0.0,0.0010805158193960551,-0.0006246451776661388,0.00108051576012258,-0.0006246451417624144,0.0007476411842617381,-0.0012219204055767818,0.0007476410212632345,-0.0012219203056815786,-0.00020034810481206478,7.187285378051911e-05,-0.00020034893330489467,7.187611576142672e-05,4.0671604864428446e-05,-0.00030034631760855746,4.0677720392068295e-05,-0.00030034008256762945,0.0,0.0,0.0,0.0
155600000.0,0.21956704690717288,0.3621808274672844,0.21956699899457988,0.362180536191417,0.9832910140702467,0.9773621051974928,0.983291013867543,0.9773621050847083,0.07896065715677025,-0.8387500376382064,0.07896065705853061,-0.8387500376455179,0.0,0.0,0.0,0.0,0.012366072909088643,0.015804517356222902,0.012366073012842094,0.015804517420562547,0.03039954162196068,0.023834370912155123,0.030399542197486085,0.02383437011412326,-0.0026128267999894206,-0.054130444746078865,-0.002612827050342048,-0.05413044337601036,0.01932527853146837,-0.014891088244752382,0.019325278523197653,-0.014891088281913767,0.07153246565246718,0.0622385120750053,0.07153246681984626,0.062238493201959955,0.0717560593830342,0.03377402037845911,0.07175605312984601,0.033774017495055375,0.07317154956345462,0.0034689970434698125,0.07317154919171287,0.0034690007728244154,0.09017267761001335,-0.006438569583366416,0.09017268339211171,-0.006438563836447031,0.012631184645769622,-0.07054660550773661,0.01263118518443207,-0.07054660294103599,0.012076793270423991,-0.01431026396910795,0.012079555334210568,-0.014303358079622797,-0.07450217780855439,-0.13775764592164563,-0.0745021777355106,-0.13775764589418316,0.0,0.0,0.0,0.0,-0.0027582861985990803,-0.010165384095870422,-0.0027582829622900817,-0.01016538736201511,0.014987084631073344,-0.0029042921410038502,0.014987084675951223,-0.0029042920823982854,0.0002075075201588561,-0.00364872455973142,0.00020745606776984005,-0.0036484768097437836,0.0,0.0,0.0,0.0,0.0004648746448907559,-0.0011680001066736168,0.00046487471165335137,-0.0011680000716580707,-0.00016049685721952756,-0.0014178355587404212,-0.00016049667777906507,-0.0014178354629308387,-3.7537693117428717e-05,0.00021234717329576824,-3.753475273526874e-05,0.00021234683060811221,-0.00024194431375690328,-0.00018728879005180943,-0.00024193993100141142,-0.00018729711383258518,0.0,0.0,0.0,0.0
155900000.0,0.38461004940973,0.18133595881540998,0.38460974845557416,0.18133606618717835,1.2212028776486648,0.6703650324174362,1.2212028776399961,0.6703650326580117,-0.24307639947812731,-0.8089570386753877,-0.24307639942624348,-0.8089570385611751,0.0,0.0,0.0,0.0,0.019515680934958368,0.005998325301845853,0.01951568097491929,0.0059983251853594766,0.0390094698223038,0.0023096781180811377,0.03900946893210744,0.002309677659980025,-0.03313606794077373,-0.043573874840987514,-0.03313606657522428,-0.04357387473733354,0.007326529493383305,-0.022913783796845166,0.0073265294489033295,-0.022913783786947306,0.09527099287066676,0.00987669044219075,0.09527097408765428,0.009876692401810772,0.07877797711965684,-0.013366645112732556,0.07877797525733854,-0.013366638538258258,0.06238924498299525,-0.03865042985589895,0.06238924858448058,-0.038650430120611645,0.0702381888253285,-0.05591241410439096,0.07023819341303295,-0.05591242066548574,-0.02859183947253996,-0.06510001600190662,-0.0285918371688183,-0.06510001684387134,-0.005248773301829601,-0.018094888348180405,-0.0052422312910920255,-0.01809859027881089,-0.12422866818761236,-0.09725859268453263,-0.12422866819440515,-0.0972585927764058,0.0,0.0,0.0,0.0,-0.008162623589910822,-0.00703522547354396,-0.008162627374090903,-0.007035228184776088,0.010494898963756327,-0.01132334888761477,0.010494898983523626,-0.011323348950803336,-0.0030106207331215273,-0.0021242919293129603,-0.003010412897268111,-0.0021242330369020124,0.0,0.0,0.0,0.0,-0.000360945884068542,-0.001213642977340612,-0.0003609458817521727,-0.00121364305677929,-0.0009939571195616281,-0.0010160894702195833,-0.000993957112825683,-0.0010160896831195032,0.00016779060862859296,0.00013957762885041802,0.00016778925230198638,0.000139575450589291,-0.00028606686693422034,0.00011719376431784667,-0.0002860765672068055,0.00011719198076320936,0.0,0.0,0.0,0.0
156200000.0,0.42156194715164474,-0.0610552380397138,0.42156211782973685,-0.061054937638971296,1.3647323644351275,0.30768381607006745,1.3647323646587495,0.30768381598484495,-0.530918620722133,-0.6605709669080184,-0.5309186206218754,-0.6605709670134061,0.0,0.0,0.0,0.0,0.01976113155721748,-0.006351041670320967,0.019761131437107338,-0.00635104168683398,0.03373110135756008,-0.020539281488368033,0.033731101043258604,-0.02053928053769738,-0.052546336284365225,-0.017361719658048003,-0.052546336317433884,-0.017361721003084085,-0.0068938050438163145,-0.022693626659176402,-0.006893805029122291,-0.02269362660989316,0.08433783182151444,-0.04710012710012279,0.08433783681041973,-0.04710010915043483,0.057405935819957676,-0.056298901030579884,0.05740594249233766,-0.056298900240591365,0.029618405339959963,-0.0672431570617178,0.02961840453352238,-0.06724316043019485,0.026222046091461948,-0.0851463053247059,0.02622203908629217,-0.0851463086845925,-0.05954327557363115,-0.03791155612915986,-0.05954327661299885,-0.0379115581492826,-0.018084641474217733,-0.005725140040134136,-0.018089213095379364,-0.005731155546754962,-0.15393116191192746,-0.03986410797830331,-0.1539311620066286,-0.03986410793933004,0.0,0.0,0.0,0.0,-0.010971860241056675,-0.0012657756343301685,-0.010971862308920777,-0.0012657714716723945,0.0017890904664454865,-0.0155042501781395,0.0017890904070583247,-0.01550425016376522,-0.003419197123292861,0.0014390054058424084,-0.0034191171890540772,0.0014388359886297053,0.0,0.0,0.0,0.0,-0.0010424950278320466,-0.0007345641201013109,-0.0010424951016716477,-0.0007345640917151286,-0.0014031904772622283,-0.00019040512385259944,-0.001403190676441568,-0.00019040504786005386,0.0002066704806651387,-7.735098392913642e-05,0.00020666942326386106,-7.734893370781037e-05,-4.147192726122739e-05,0.0003097256327038167,-4.147071921067891e-05,0.0003097356241781313,0.0,0.0,0.0,0.0
156500000.0,0.31836032229927014,-0.2829893645306427,0.3183606113507267,-0.2829896011062871,1.4016647902830783,-0.0819902932323302,1.4016647901393071,-0.08199029340389075,-0.7430192870438077,-0.41479631917177073,-0.743019287182122,-0.41479631923871807,0.0,0.0,0.0,0.0,0.012766223968526447,-0.016781699582505638,0.012766223971482304,-0.01678169946708863,0.016177119216337132,-0.03644385281606333,0.016177120187322203,-0.036443852659704845,-0.05378124493034875,0.01559795945090059,-0.053781246244923864,0.015597959612371426,-0.018300789590810496,-0.014553979643700643,-0.018300789541953577,-0.014553979665240746,0.042269522222468936,-0.08761945118595449,0.042269538653528116,-0.08761945890984535,0.015129994677465675,-0.07940101969429847,0.015129994399117663,-0.07940102623554424,-0.013557875725766166,-0.07227423701344904,-0.013557878802913592,-0.07227423576357594,-0.026082220464715533,-0.08445718588491147,-0.02608222263339144,-0.08445717874420566,-0.07012084983131217,0.0015636015633297973,-0.07012085158901016,0.0015636027111511908,-0.014936976047252415,0.011947482222474548,-0.014942316458089522,0.011952821474462638,-0.15834295169034363,0.025152851202488336,-0.15834295162886747,0.025152851287259637,0.0,0.0,0.0,0.0,-0.010029381181070107,0.005276197431566487,-0.0100293768115165,0.005276198783981556,-0.007811217479257948,-0.01369859634358761,-0.007811217445095053,-0.013698596301583876,-0.0005961583817963856,0.0036832486489224436,-0.0005962953156739559,0.0036831339399832075,0.0,0.0,0.0,0.0,-0.0012825933573168413,6.94979702977605e-05,-0.0012825933085736096,6.94980274111856e-05,-0.0012197313003809995,0.0007090181086653047,-0.0012197311720854032,0.0007090182641817933,3.5727558142184535e-05,-0.00022001971584373337,3.572986236122233e-05,-0.00022001999784393433,0.0002507436582561695,0.00019203097954800796,0.0002507527537431997,0.00019202682621610734,0.0,0.0,0.0,0.0
156800000.0,0.11080686193118083,-0.410812625792186,0.11080655797371719,-0.4108128919860121,1.328434367928864,-0.4676069286128026,1.328434367816385,-0.4676069284542237,-0.8485545842678448,-0.10648014647033222,-0.8485545842998619,-0.10648014632236524,0.0,0.0,0.0,0.0,0.0008695247932450911,-0.02138533566249734,0.0008695248983627835,-0.021385335681447515,-0.00752016860741378,-0.039514411948456285,-0.007520168610398059,-0.039514412897720064,-0.035968517177025205,0.04385400665421457,-0.0359685168908328,0.04385400792764926,-0.022999239320469655,-0.0015683126696792726,-0.02299923934914716,-0.001568312714219644,-0.0157314654033911,-0.0965922872042917,-0.015731475399320516,-0.09659230154727894,-0.03293153716624886,-0.07422750155126323,-0.032931543353384995,-0.07422750026539049,-0.052004562376495755,-0.05206831193861916,-0.05200456076447324,-0.052068309179709615,-0.0685108547097002,-0.05477306742501753,-0.06851084768497628,-0.05477306633386192,-0.0571290901545467,0.04002823590257876,-0.05712908895527846,0.04002823743932993,0.0016522628832831288,0.019248735576734788,0.0016582382974377197,0.019253272975145563,-0.13627343250828972,0.08709673522191252,-0.13627343243922496,0.08709673514855965,0.0,0.0,0.0,0.0,-0.0054164132218517125,0.010292538452620903,-0.005416412601732645,0.01029253405550179,-0.014546790654478059,-0.0064778297019394415,-0.01454679063337494,-0.006477829738056329,0.0028193416948028016,0.002474852316986187,0.002819180067390903,0.002474967412588569,0.0,0.0,0.0,0.0,-0.000970782555341998,0.0008551595877541729,-0.0009707825151537008,0.0008551595317491945,-0.0005252508131121658,0.0013039360043940462,-0.0005252507066586531,0.0013039358608644136,-0.00017485301873421122,-0.00014160754520275987,-0.00017485467498090657,-0.0001416096014743573,0.00029402259642097306,-0.00012365904353472956,0.00029401600207279444,-0.00012366613051284503,0.0,0.0,0.0,0.0
157100000.0,-0.13161375444768453,-0.40405549858360956,-0.13161398523068613,-0.4040551269740966,1.1504434308642715,-0.8183467188529931,1.1504434310077158,-0.8183467187792637,-0.8315116685019461,0.2206721791659092,-0.8315116683610455,0.22067217917538784,0.0,0.0,0.0,0.0,-0.011698669468927392,-0.018287849061128014,-0.011698669500759706,-0.018287849154852154,-0.028904325284955235,-0.028443040110886386,-0.028904326175450024,-0.02844303996229769,-0.004872834229573186,0.057293255825904055,-0.004872833011134503,0.057293255413810584,-0.019547051957374606,0.011598441109125446,-0.01954705199666762,0.011598441143309657,-0.06856924977670076,-0.0705623266756703,-0.06856926162129184,-0.07056231499239729,-0.06960078928784696,-0.04252295983122778,-0.06960078711193773,-0.04252295419492569,-0.07237775351858033,-0.013737387321484107,-0.07237775109661015,-0.013737389233416053,-0.08682018766978672,-0.006861662715973438,-0.08682018750603504,-0.006861669447470575,-0.02516349045993138,0.06472062523732447,-0.025163489106958536,0.06472062401043388,0.017126387916022168,0.009397723617517784,0.017130021424620168,0.009391268993745427,-0.09088625700340458,0.13556087988823506,-0.09088625708035636,0.13556087983259957,0.0,0.0,0.0,0.0,0.0014340698046453326,0.011842601768851324,0.0014340655456521745,0.011842601844545442,-0.015700037552065282,0.0034301000938903314,-0.01570003757876748,0.0034301000858114605,0.0036162070458942708,-0.00107669420740919,0.003616315122570768,-0.0010764769680626785,0.0,0.0,0.0,0.0,-0.0002339416337520106,0.0012818647682060202,-0.00023394168472634647,0.0012818647393508797,0.0003848031685294018,0.0013469070065035282,0.00038480303686583284,0.0013469069336196071,-0.0002117351044574889,8.200481623177325e-05,-0.00021173642116423252,8.200768976962536e-05,3.852599165554693e-05,-0.00031942790784000863,3.852177998453499e-05,-0.0003194197821265732,0.0,0.0,0.0,0.0
157400000.0,-0.3302951936183973,-0.2669725826453835,-0.33029475577426126,-0.26697240119446874,0.8816105893630066,-1.1061876530998163,0.8816105894276802,-1.1061876532210277,-0.6928618991008335,0.5199411090142725,-0.6928618990966271,0.5199411088830601,0.0,0.0,0.0,0.0,-0.020337345049085798,-0.0084080377320781,-0.020337345133185636,-0.0084080376908382,-0.040261187966066814,-0.007016217847006345,-0.04026118769513687,-0.007016217043418038,0.028886253406611218,0.050684369315884936,0.028886252866328732,0.0506843681710798,-0.009377318156680303,0.02035537651100583,-0.009377318121238432,0.02035537654355224,-0.0971038711862775,-0.018822268537988407,-0.09710385846301506,-0.018822259424133847,-0.08181052530781585,0.004532753534487455,-0.08181052037976144,0.004532750629309135,-0.06767443470042167,0.02942452635760162,-0.06767443686194952,0.02942452429434539,-0.07529404971049303,0.04267713394525785,-0.07529405603551709,0.042677134551706075,0.014976987259828434,0.06753923360529868,0.01497698600896058,0.06753923241141635,0.01749114383525807,-0.009181559232921188,0.017484387019251812,-0.009184220763106765,-0.029288982870042446,0.16213674441899073,-0.029288982918956208,0.16213674449643278,0.0,0.0,0.0,0.0,0.008128934268341936,0.009122079573923969,0.008128934960012657,0.009122083555471505,-0.010702721812677396,0.012171062388031118,-0.010702721820436523,0.012171062403776745,0.0010211642162545331,-0.003658223996360732,0.0010214407328135167,-0.0036583426843037614,0.0,0.0,0.0,0.0,0.0006150124435606585,0.001159392288990091,0.0006150124184074457,0.0011593923325001754,0.0011268275647040582,0.0008239912967376029,0.001126827502034189,0.000823991411511571,-3.466306854704726e-05,0.00022653535219774312,-3.4659313897122956e-05,0.00022653552558793422,-0.0002603540236805202,-0.00019294618127929652,-0.00026034556451293156,-0.00019294531580626995,0.0,0.0,0.0,0.0
157700000.0,-0.4227094527901727,-0.04472756294649116,-0.42270933604311267,-0.04472806307863664,0.5431932811543021,-1.3082197973281602,0.5431932810396205,-1.308219797404007,-0.4506118291749601,0.7478203260724179,-0.4506118293074053,0.7478203260639873,0.0,0.0,0.0,0.0,-0.021772031785985746,0.004811810093876545,-0.021772031737540942,0.004811810167783648,-0.037403578376839164,0.01723204092103714,-0.037403577679356204,0.017232040552393357,0.05335203143137335,0.02570204966655254,0.05335203038416125,0.025702050332871096,0.0037813320333981437,0.021772899305744886,0.003781332059972442,0.02177289927287518,-0.09100871558032964,0.04015806979188241,-0.09100870924895332,0.04015805667608774,-0.06514363195111628,0.050382038087562364,-0.06514363539953649,0.05038203396904706,-0.03951183254365276,0.06254547239320729,-0.0395118342209031,0.062545474746031,-0.038326505840601044,0.07710064513149462,-0.03832650460913101,0.0771006509797445,0.04983873770788705,0.047662280672884805,0.0498387366675388,0.04766228194649713,0.0020027295730074,-0.019855150972922786,0.002001070579865427,-0.019848282174788068,0.03852563389463626,0.16185489356973193,0.038525633972739115,0.16185489361582128,0.0,0.0,0.0,0.0,0.012152457984797138,0.0028921972518602956,0.01215246158460559,0.0028921960465702057,-0.0014127709231388508,0.01627311982347024,-0.0014127709120401732,0.016273119841240913,-0.002572371637086235,-0.0028340253754883804,-0.002572519382738392,-0.0028343588981520895,0.0,0.0,0.0,0.0,0.0012097882792545533,0.000532615313929341,0.001209788321048677,0.0005326153410614154,0.001390616258831301,-4.123138743494792e-05,0.0013906163698038654,-4.123131743938302e-05,0.00018085392679267898,0.000144392948993044,0.00018085270394863073,0.00014438878772438102,-0.00029823229651526617,0.00013141664616966864,-0.0002982347619990833,0.00013140917201326374,0.0,0.0,0.0,0.0
158000000.0,-0.3804932825700149,0.19225115064446285,-0.38049383745978105,0.19225111503607195,0.161996739445172,-1.408507000891774,0.1619967393577042,-1.4085070007568916,-0.13772241575001942,0.8699369231823155,-0.13772241576300814,0.8699369233333556,0.0,0.0,0.0,0.0,-0.015292705074116952,0.016618231275643325,-0.015292705013919772,0.016618231220700608,-0.02117150029867787,0.03569885985601573,-0.021171500741232308,0.03569885927549876,0.059401260138542966,-0.009344657971229964,0.05940126091775255,-0.00934465704903431,0.015258605660577018,0.015554525539975828,0.015258605628716282,0.01555452551794545,-0.05226282103291169,0.08540045317582567,-0.052262833946585374,0.08540044951914538,-0.02527535621612742,0.07888538313105897,-0.025275359485135596,0.07888538692922253,0.0024969565644283875,0.0741949248281415,0.0024969590322001523,0.07419492609793465,0.011299728106195062,0.0850093972259991,0.01129973342760593,0.08500939550066278,0.06773892139221971,0.01183524661182389,0.06773892267108295,0.011835247493401369,-0.015603223775883635,-0.012713317306960903,-0.015596438230417675,-0.012712650558690086,0.10124728627612001,0.1341186135004797,0.10124728631677726,0.13411861341822018,0.0,0.0,0.0,0.0,0.011850649776533828,-0.0046900440263222265,0.01185064816463921,-0.0046900471774442565,0.008574274318633002,0.014038598366347799,0.008574274346955235,0.014038598348772524,-0.0038006925789346724,0.000676838175941441,-0.0038010749081109907,0.0006770319929003676,0.0,0.0,0.0,0.0,0.0012886709036052935,-0.0003342324025261689,0.0012886709331070278,-0.0003342324526514062,0.0010688913882006545,-0.0008832382627694813,0.0010688914671277416,-0.0008832383924541887,0.00021763843533051386,-8.563796078675523e-05,0.00021763441613131818,-8.563528610139315e-05,-3.3883620602637166e-05,0.00032561245080842127,-3.388886484856357e-05,0.00032561772485806273,0.0,0.0,0.0,0.0
158300000.0,-0.21659723562437705,0.3697673890786781,-0.2165971735952752,0.36976798659897625,-0.2318645399144117,-1.3993397445068965,-0.23186453973890764,-1.399339744429497,0.2019256606432407,0.8659967461028764,0.20192566082621966,0.8659967461061697,0.0,0.0,0.0,0.0,-0.003068591980749602,0.022662130304770045,-0.0030685920421262836,0.02266213026068087,0.0028495984393259732,0.04174669525559338,0.0028495979788658587,0.04174669575071732,0.044163669081996204,-0.04215846012039037,0.044163669852622434,-0.04215846099215881,0.02109000240135117,0.004075919348380808,0.021090002380788064,0.004075919380806425,0.005678050884142749,0.10072525458148007,0.005678049669072038,0.10072526678650817,0.024017860012506276,0.0798628206690637,0.024017863982578547,0.07986282310072568,0.04398105144996123,0.060213227797778046,0.04398105231258853,0.060213225306313234,0.05674557232312338,0.06397033064882862,0.0567455702281876,0.06397032588594342,0.06267457985293845,-0.02782409086161408,0.0626745805733151,-0.027824092113007737,-0.0193405476367019,0.006060785240588729,-0.01934082050223651,0.0060542740306814835,0.14809810749521546,0.08295429446132019,0.1480981074054739,0.08295429443249702,0.0,0.0,0.0,0.0,0.0071419250024149505,-0.010834057406867714,0.007141922335279105,-0.0108340554928823,0.015326190938395712,0.006255208591415595,0.01532619090562548,0.006255208561455561,-0.001456921915746534,0.0036128237227757154,-0.0014566684951091702,0.0036132416745608964,0.0,0.0,0.0,0.0,0.0008097231525425741,-0.001068691789296139,0.0008097230903558739,-0.0010686918159308334,0.00030076265117884304,-0.0013489267948258998,0.000300762489104045,-0.0013489268638799956,3.46688171077858e-05,-0.00023400944884244268,3.467279016433622e-05,-0.00023400611469881483,0.00026677387907625416,0.0001918910267519891,0.00026678098849686194,0.00019189306181033317,0.0,0.0,0.0,0.0
158600000.0,0.018937972615816534,0.4313435872449993,0.018938595421417403,0.4313434126150497,-0.6074503317594093,-1.2817823855423462,-0.6074503317276907,-1.2817823857532815,0.5191595760209822,0.7331419147718421,0.5191595759927168,0.7331419145604983,0.0,0.0,0.0,0.0,0.010582938813797682,0.020594662078707415,0.010582938789625018,0.020594662142542575,0.026258035972219318,0.033042162766999894,0.026258036502255777,0.03304216310368702,0.012395537850423466,-0.06072115766670194,0.01239553691326023,-0.06072115826694002,0.019385529971657434,-0.008505745582322533,0.01938553000582033,-0.008505745561606659,0.06253455293666832,0.08029834056186402,0.0625345640372501,0.08029833964558719,0.06553975748408902,0.05260165623845836,0.06553975912778753,0.052601652241147434,0.07061109238946983,0.025160149263498965,0.07061108996600751,0.025160148770076773,0.08267054551893693,0.0212323889722299,0.08267054133118279,0.021232391305797904,0.036405778206216155,-0.05786680152230872,0.03640577701996506,-0.05786680209599382,-0.005649303880744583,0.019593897608466193,-0.005655363565992388,0.019595015782844172,0.1706768677058932,0.016498606806699456,0.1706768676966135,0.016498606902072055,0.0,0.0,0.0,0.0,-0.0003747423784403736,-0.013181256152265064,-0.0003747402601845806,-0.01318125398585579,0.016137552952955048,-0.004077272826346956,0.01613755293485042,-0.004077272780143915,0.002313048140209162,0.0031768357182428986,0.002313485227389833,0.003176514078599979,0.0,0.0,0.0,0.0,-2.7509778831813492e-05,-0.0013500358160172254,-2.7509790811564017e-05,-0.0013500357433038346,-0.0005884645013480849,-0.0012455890921110324,-0.0005884645299403246,-0.0012455889022291444,-0.00018792013253232653,-0.0001484013309358545,-0.00018791793631578457,-0.00014840624978162964,0.0003003493377633504,-0.00013633913761523786,0.0003003476134324501,-0.00013634678360929797,0.0,0.0,0.0,0.0
158900000.0,0.2529613289581363,0.35491290500570827,0.25296103028642847,0.354912279397503,-0.935504867018139,-1.0654840959551848,-0.9355048672355224,-1.0654840959098557,0.7661882394115054,0.4872004638213987,0.7661882391880823,0.4872004639018783,0.0,0.0,0.0,0.0,0.020719490690666476,0.010965839213337603,0.020719490749741,0.010965839215387518,0.0407403253533829,0.01241786224512964,0.04074032556142981,0.012417861697805677,-0.024879322149431005,-0.057737477054566,-0.02487932257017178,-0.05773747608208524,0.01094727328541012,-0.0177499042472391,0.010947273302505778,-0.01774990428575407,0.0980994687132295,0.030720189485130334,0.09809946601018282,0.030720179770085565,0.0845265068664105,0.006225603795719792,0.08452650294530883,0.0062256028706357824,0.07295079480677202,-0.01909696593481769,0.07295079460755005,-0.019096963648497223,0.08030010973023138,-0.028669719405051808,0.08030011216628452,-0.028669715780107907,-0.0020704910367470575,-0.06809642864914878,-0.0020704915013425307,-0.06809642755888135,0.013290108052572691,0.0156313921094835,0.013291938611629917,0.01563684674378152,0.16448673930936764,-0.054238191066758645,0.16448673939922287,-0.05423819108208505,0.0,0.0,0.0,0.0,-0.007983025936695753,-0.010735540057122961,-0.00798302427583053,-0.010735542290785105,0.010625397221389221,-0.012913876910193522,0.010625397270544568,-0.012913876915604305,0.003949787276809502,-0.00028621029326814096,0.003949394296412834,-0.00028664875234341025,0.0,0.0,0.0,0.0,-0.0008648420264449896,-0.0010493898572860871,-0.0008648419537848895,-0.0010493898708787697,-0.0012250783837828294,-0.0006204834852567842,-0.0012250781912115372,-0.0006204835245569029,-0.00022500663943958443,9.038088110102649e-05,-0.00022501199866553634,9.038011628348386e-05,3.176826848516612e-05,-0.0003297170863874044,3.176152759465367e-05,-0.00032971158153216606,0.0,0.0,0.0,0.0
159200000.0,0.41004719234638287,0.1608954686133437,0.4100465905651163,0.1608958972223462,-1.1907804976101062,-0.7677887855963768,-1.190780497480759,-0.7677887854179879,0.9035886566513653,0.16145752313884287,0.9035886567912286,0.16145752334747954,0.0,0.0,0.0,0.0,0.023553991034873434,-0.002905865861436041,0.023553991016058262,-0.002905865908452654,0.0409777912224456,-0.013032192560224587,0.04097779067751617,-0.013032192633783524,-0.05416809016689683,-0.033577981235801246,-0.05416808918691629,-0.033577980994763834,-0.001073212082246755,-0.0205044410290256,-0.0010732121242398307,-0.020504441039360444,0.09920567583932893,-0.03099770957580006,0.09920566768848005,-0.03099770543183311,0.07380038598849126,-0.04324062131006201,0.07380038571085379,-0.043240617533061965,0.04979309947988497,-0.057279924824527484,0.04979310160155137,-0.05727992482478683,0.050404780240143054,-0.06871947587449156,0.05040478335438081,-0.06871947828202707,-0.03957082010144575,-0.055110680338714246,-0.03957081911599403,-0.05511067992966545,0.020514802372005647,-0.0024432654186696823,0.02051953124869499,-0.0024456423339174194,0.12986311243867021,-0.11716639672274098,0.1298631123987235,-0.11716639679303142,0.0,0.0,0.0,0.0,-0.012862982913063092,-0.004276329097116616,-0.012862985178657027,-0.004276330257063421,0.000905010150944463,-0.01676545057959089,0.0009050101183447623,-0.016765450613412725,0.0018548074206705678,-0.00352695438202133,0.0018543846942833397,-0.0035264921293816087,0.0,0.0,0.0,0.0,-0.001338592757576862,-0.0002887452816651148,-0.001338592799527305,-0.0002887453410380658,-0.0013439403522852444,0.0002608024418009336,-0.0013439404646504727,0.0002608022844157176,-3.36192061638485e-05,0.00024324147249643602,-3.361845519123108e-05,0.00024324667771935538,-0.00027121021479104,-0.00019316325406748547,-0.00027120146074821605,-0.00019315879207937314,0.0,0.0,0.0,0.0
159500000.0,0.4358451923796878,-0.09128112416004797,0.43584574967722745,-0.09128057509489196,-1.3539860905697338,-0.4122388130687682,-1.3539860904764396,-0.4122388132571402,0.9067002594142366,-0.1971915738363066,0.9067002595791536,-0.19719157402360565,0.0,0.0,0.0,0.0,0.017861346923623955,-0.016067040586264625,0.01786134689625385,-0.01606704055141961,0.02657905676106509,-0.03434648178788535,0.02657905682292494,-0.03434648126631146,-0.06445285871757278,0.0035277317565487465,-0.06445285865228811,0.003527730792740158,-0.012345372267546395,-0.015991416772557443,-0.012345372266523214,-0.015991416728859065,0.06453513054216842,-0.08304125483265778,0.06453513580898118,-0.08304124834557314,0.03650044129426533,-0.07826497400321841,0.036500444883529326,-0.0782649743147843,0.00880390386430463,-0.07589620694462695,0.00880390375441209,-0.07589620892301241,0.0031573401089985964,-0.0851480222248,0.0031573378359865956,-0.08514802491960438,-0.06328860673670533,-0.023504095708467787,-0.063288606332776,-0.02350409660611774,0.009382047679267203,-0.018591757487776306,0.009379315694303614,-0.018595680596682485,0.07209881246635064,-0.1611886580916817,0.07209881242867766,-0.1611886580359041,0.0,0.0,0.0,0.0,-0.013152936718327624,0.003907964592904989,-0.013152937395602748,0.003907966810835717,-0.009234892764709457,-0.014088747006319124,-0.009234892766173175,-0.014088746955906117,-0.002023612700199351,-0.0034547247936131953,-0.002023087461054729,-0.003454332791847037,0.0,0.0,0.0,0.0,-0.0012375800643269486,0.0006081590263846692,-0.0012375800965287453,0.0006081590871360731,-0.0008987063217205105,0.0010272679302616439,-0.0008987064054224447,0.0010272680926632916,0.00019703556303340974,0.0001515214047600466,0.0001970400232380598,0.00015151928202072895,-0.0003047336668657863,0.00013938398792134876,-0.00030473257952223776,0.00013937301538646807,0.0,0.0,0.0,0.0
159800000.0,0.31672025696440187,-0.31939154377258205,0.3167207247159496,-0.3193922206212605,-1.4132113992843642,-0.026615019752824765,-1.413211399483984,-0.026615019734798295,0.7704113386959364,-0.5345138289673272,0.7704113384858431,-0.5345138290720541,0.0,0.0,0.0,0.0,0.005497544684487821,-0.023687260619340123,0.005497544728470416,-0.023687260614686068,0.0023527445376885225,-0.04380988594054713,0.0023527450120752746,-0.04380988613397108,-0.05141697810479684,0.04028682450078236,-0.051416979034456745,0.04028682460732114,-0.018927224350932192,-0.006023288353027567,-0.018927224308754376,-0.006023288365561541,0.0055539004579685525,-0.10632429855705539,0.00555390523436472,-0.1063243046686253,-0.014668850794080868,-0.08595933981236215,-0.01466885165369547,-0.08595934318051235,-0.035896414319324776,-0.0680245406003337,-0.03589641621347539,-0.06802454043811679,-0.04521431090411454,-0.07220436842668931,-0.045214313297876174,-0.07220436634722205,-0.06525112283179624,0.015749037504598107,-0.06525112368082375,0.01574903707708586,-0.01041122171112363,-0.01824603473346542,-0.010414305699853799,-0.018243154343529966,0.0006927363359920946,-0.17819428309456242,0.0006927363936313213,-0.17819428309515217,0.0,0.0,0.0,0.0,-0.008651451330663917,0.010854721555055846,-0.008651449234633901,0.010854721782436627,-0.015827666795217965,-0.005902525792272684,-0.01582766674791003,-0.005902525832041761,-0.004016628987983495,-0.00011209511094278923,-0.0040162798153318136,-0.00011267411994708709,0.0,0.0,0.0,0.0,-0.0005972974432637557,0.0012534707765894382,-0.0005972973807502058,0.0012534707723546035,-7.955648031554574e-05,0.0013586041657021042,-7.955631002687369e-05,0.0013586041519531022,0.00023175295430633014,-9.740775885802577e-05,0.0002317498206991786,-9.741097204596372e-05,-3.149378926536883e-05,0.00033616113157819427,-3.1505586079561e-05,0.00033616405868741595,0.0,0.0,0.0,0.0
160100000.0,0.08817023047635075,-0.44483764217788746,0.08816945071301063,-0.44483800308204735,-1.3647292903172712,0.35931195000371474,-1.3647292901924146,0.35931195015807305,0.5113374706869251,-0.797016620225186,0.5113374706443352,-0.7970166200226103,0.0,0.0,0.0,0.0,-0.009185835924796493,-0.02282871739411263,-0.009185835945174858,-0.02282871743803838,-0.023243402814443925,-0.03773993040200452,-0.023243403128461182,-0.037739930804590927,-0.019270295010642258,0.06317037799172454,-0.01927029473483799,0.06317037887442467,-0.01865709939295357,0.0057140400775708144,-0.018657099415960943,0.005714040043372393,-0.057035905440216084,-0.09147821801880696,-0.057035912160813496,-0.09147822106253045,-0.06163260265842041,-0.06287553086419706,-0.061632605773453975,-0.06287552948150932,-0.06854222945281663,-0.03597382861578069,-0.06854222924768294,-0.03597382673054739,-0.07796343102887704,-0.03427178503387296,-0.07796342914787147,-0.03427178281955179,-0.04505403249689266,0.04916405638443422,-0.04505403294852783,0.049164057235309144,-0.021148933505216405,-0.0013770707910794044,-0.021146115348187777,-0.0013748091324075062,-0.07219374904444464,-0.1646055505571269,-0.07219374908154919,-0.16460555059790494,0.0,0.0,0.0,0.0,-0.0009047111178688283,0.014008168546887134,-0.000904711296016103,0.01400816663842619,-0.016291361911157765,0.004615620798816167,-0.01629136198889114,0.004615620776995399,-0.0022330117169815367,0.003356277711255018,-0.002233633551711023,0.003355980466565711,0.0,0.0,0.0,0.0,0.0003117135522074932,0.0013629082702806272,0.00031171351280079307,0.0013629082228163725,0.0007681347360772861,0.00111881364115618,0.0007681346295811409,0.001118813510124994,3.015044772780584e-05,-0.0002521797374086532,3.014881539797898e-05,-0.0002521761290168456,0.0002781457858986869,0.000196371829780162,0.00027815279963760986,0.0001963828847308946,0.0,0.0,0.0,0.0
160400000.0,-0.17394515405769084,-0.4214664636406127,-0.1739453880671249,-0.4214656035356228,-1.2131335595572779,0.7161286372686249,-1.2131335594912969,0.716128637073254,0.16661226148663388,-0.9407405133031332,0.1666122616557857,-0.9407405133058688,0.0,0.0,0.0,0.0,-0.020861371360055614,-0.013583877702480152,-0.020861371398467554,-0.01358387765948521,-0.041019904361320414,-0.01794381812543122,-0.041019904673433416,-0.017943817706928655,0.02060947274608793,0.06346208604529835,0.020609473567546388,0.06346208559999411,-0.011868633184747068,0.015031297323496062,-0.011868633206987056,0.015031297354603623,-0.1004218948813076,-0.04273699306087053,-0.10042189617843178,-0.04273698593223685,-0.08729978764461066,-0.01661433964510195,-0.08729978576050712,-0.016614336820865105,-0.07731999276968793,0.009271794724604376,-0.07731999083334529,0.009271794441296777,-0.0836767543784731,0.01553139638612322,-0.0836767522473707,0.01553139466064124,-0.009897616923595365,0.065455578868864,-0.009897616033981649,0.06545557931711699,-0.012884530456304333,0.01704647649569324,-0.012883023616879541,0.01704392290259449,-0.13382950527424953,-0.12216279427556742,-0.13382950528512083,-0.12216279421176779,0.0,0.0,0.0,0.0,0.0073396734172632705,0.01214951282270249,0.007339671743267218,0.012149513351751295,-0.010434869822603332,0.013381016416325053,-0.010434869804257119,0.013381016515495503,0.001662020656937102,0.003689361325037055,0.0016617817463924212,0.0036900141374687223,0.0,0.0,0.0,0.0,0.0010979169853868598,0.0008810379008608038,0.0010979169655769283,0.0008810379641559507,0.0012893279962042925,0.000411743785846852,0.0012893279427288462,0.0004117439532365097,-0.00020619401524868408,-0.0001522069003812021,-0.00020619056242310307,-0.00015220696005258105,0.0003113131146363912,-0.0001451045733489309,0.00031132192081884114,-0.00014511514343951148,0.0,0.0,0.0,0.0
160700000.0,-0.3792158440029283,-0.25492801212642746,-0.3792149295909155,-0.25492791803563364,-0.9708257777501643,1.0170351364033223,-0.9708257779625313,1.0170351364426367,-0.21101105681201204,-0.939276433824368,-0.21101105683389676,-0.9392764339502406,0.0,0.0,0.0,0.0,-0.025159534349725732,0.0008636529629910683,-0.02515953429102069,0.0008636529922725344,-0.04435960506772574,0.008751164875732798,-0.04435960456517307,0.008751165086970047,0.053759874572975264,0.04059728138192753,0.05375987395426307,0.040597280637150845,-0.0011876200845506446,0.01874414954449577,-0.001187620051837257,0.01874414955373993,-0.10802795937787835,0.02299164778885654,-0.10802795202644688,0.02299164731931569,-0.0818576227950416,0.0365605374718001,-0.08185762030841204,0.03656053511140556,-0.05873075148879536,0.0517840986799456,-0.05873075191556154,0.051784096669813096,-0.06034242016781377,0.05988127685102285,-0.060342421812052294,0.05988127475059457,0.028037887356049396,0.059388096814281255,0.028037887758557645,0.059388095875149816,0.0072217621215884265,0.020270246545784687,0.0072196547419736135,0.020269378829695484,-0.17318808404228037,-0.05776240846141434,-0.17318808396919394,-0.05776240848537384,0.0,0.0,0.0,0.0,0.013107922194336652,0.005849441488557261,0.013107923015468259,0.0058494429016278104,-0.000519438451476617,0.016995766218009578,-0.0005194383530380264,0.016995766152874126,0.004027978695859247,0.0005590281823515397,0.004028650072925188,0.0005592046321822863,0.0,0.0,0.0,0.0,0.001417302138960963,8.97470052763083e-06,0.0014173022074146502,8.974685641760516e-06,0.001267776964922973,-0.000463966569220986,0.0012677771479303601,-0.0004639666071142301,-0.00023616113942637185,0.00010476771721812383,-0.0002361627510509834,0.00010476505387657653,2.8430449773964028e-05,-0.0003452122872076302,2.841739983239222e-05,-0.0003452176244280736,0.0,0.0,0.0,0.0
161000000.0,-0.4564465703198124,-0.002359258392921504,-0.4564466218702421,-0.002360200498557674,-0.6569154296535231,1.239838615964949,-0.6569154295247586,1.2398386161446666,-0.561332598459245,-0.7893496887653413,-0.5613325985488729,-0.7893496887474569,0.0,0.0,0.0,0.0,-0.020315200987255366,0.015322879427806413,-0.02031520096704753,0.015322879358130592,-0.03171497068612439,0.032823431780443,-0.03171497058056616,0.03282343121203013,0.0679286541733859,0.0025118571961044722,0.06792865352450406,0.0025118579892193793,0.009486076460333948,0.01576841294997422,0.00948607645904076,0.0157684129197051,-0.07598569989492887,0.08188767570324984,-0.07598570216306655,0.08188766831202088,-0.0466237202872577,0.07743466107734776,-0.046623723094427305,0.07743465897607393,-0.01904109198900983,0.07634320582995713,-0.019041094053747543,0.07634320646624104,-0.016112567484171336,0.08333426694952095,-0.016112569559410872,0.08333426858392556,0.05587731207650393,0.03343371120445937,0.05587731110620098,0.03343371088729441,0.021025454960664547,0.005117880454790225,0.02102506816632399,0.00511939227579461,-0.18297922162642521,0.01766124411969372,-0.1829792216820607,0.017661244052746383,0.0,0.0,0.0,0.0,0.014261321769680535,-0.0027099165204873543,0.014261322910783747,-0.0027099175813702914,0.009630423176091085,0.014057773398370443,0.009630423070490224,0.014057773322214473,0.00263315393964092,-0.0031332144029079245,0.0026332659095658073,-0.003133891323138016,0.0,0.0,0.0,0.0,0.001123949167634919,-0.0008791510879220255,0.0011239491226859855,-0.0008791511460444212,0.0007154838242655615,-0.0011409340175063676,0.0007154837074097031,-0.0011409341733283895,-2.614897144326278e-05,0.0002589539299933108,-2.6150304506700195e-05,0.0002589567153492567,-0.00028820344709856727,-0.00019681080855349364,-0.00028820457704625824,-0.00019679676137940305,0.0,0.0,0.0,0.0
161300000.0,-0.3804851388801467,0.24902840457625786,-0.38048608412144347,0.24902860124379345,-0.29563990189365086,1.3685409416600862,-0.2956399017775766,1.36854094147958,-0.826917632238306,-0.5125349676204394,-0.8269176322381782,-0.5125349675490156,0.0,0.0,0.0,0.0,-0.007898639940677299,0.024463752667820415,-0.007898640017415914,0.024463752655606186,-0.007330145710639613,0.04546422649524118,-0.0073301463304176195,0.04546422649430326,0.05761623764617241,-0.03714882222890026,0.057616238613945825,-0.037148821697797985,0.016413336666587952,0.007421493991493833,0.01641333664328215,0.007421494000162454,-0.015096132277648167,0.11190072254254346,-0.01509613950952371,0.11190072664811623,0.006127974012045456,0.09086268153122745,0.006127972342255816,0.09086268474774073,0.02781060366454824,0.07396191482879289,0.027810604553621943,0.07396191689657883,0.03355621386081964,0.07777448571479084,0.033556215532385636,0.07777448773449436,0.06444998546919578,-0.003263272833642361,0.06444998525927303,-0.003263271870558526,0.01589188343999126,-0.014825701157612059,0.01589269270539262,-0.014825603155905753,-0.16104146118070162,0.0910287010555848,-0.16104146123025487,0.09102870113318318,0.0,0.0,0.0,0.0,0.010277920347235181,-0.01048448307698635,0.010277919085879716,-0.01048448394479351,0.016105505554861566,0.005687739412849169,0.016105505514133256,0.005687739541905046,-0.001265710035625034,-0.003924768742763263,-0.0012663787386628655,-0.003924816568257938,0.0,0.0,0.0,0.0,0.00033679242618234184,-0.0013964882015287117,0.0003367923872872325,-0.001396488138269092,-0.0001336969509679875,-0.0013369311873034917,-0.00013369705403931675,-0.0013369310239284005,0.0002133877848962129,0.00015227117846450255,0.0002133911785762166,0.00015227081877355886,-0.00031531501602444223,0.00015448573942933308,-0.00031530165148296874,0.0001544825308315012,0.0,0.0,0.0,0.0
161600000.0,-0.18001086133254773,0.41485180229704355,-0.1800105241955663,0.41485272991236144,0.0855579585024202,1.39441559319539,0.08555795831379953,1.394415593145247,-0.9634264817860014,-0.15234186266644656,-0.9634264817122471,-0.15234186265059435,0.0,0.0,0.0,0.0,0.007677767599375329,0.024795386504067096,0.0076777675933783485,0.024795386589381962,0.02015787419696835,0.041835288818120375,0.020157874300650747,0.04183528948080806,0.026188421432536302,-0.0639518852141947,0.026188421824627994,-0.06395188635259785,0.017333396098720755,-0.0031459473237234192,0.017333396112036326,-0.003145947307409358,0.052725082059339456,0.1011278287516646,0.05272508803842868,0.10112783559710437,0.05744626352401383,0.07146704208528121,0.05744626710871614,0.07146704328424391,0.065148656267624,0.045224958022387796,0.06514865827720939,0.045224956874371,0.0713561996397658,0.045252425604196844,0.07135620156080336,0.04525242388403683,0.05129226093040984,-0.03815878121771732,0.05129226184573099,-0.0381587811094235,-0.0036612178311230537,-0.021499800708426164,-0.0036611935844916843,-0.021499850464138603,-0.11081436331333805,0.149440841657821,-0.11081436322460547,0.14944084168797644,0.0,0.0,0.0,0.0,0.0024788297733095987,-0.014640687816161346,0.0024788291786137506,-0.014640686376893086,0.016406962999155894,-0.004910671345847106,0.01640696313177159,-0.004910671341292527,-0.004031376911115103,-0.0010137930072318113,-0.004031363928447718,-0.0010131468937544241,0.0,0.0,0.0,0.0,-0.0006079902003648385,-0.001312023583587063,-0.000607990133801195,-0.0013120235657737567,-0.0009230048112129907,-0.0009723180825744748,-0.0009230046391479618,-0.0009723180361262962,0.00023996278490301393,-0.00011033049025144237,0.00023996061285913584,-0.00011033382283898163,-2.1234859204355416e-05,0.0003520518328272715,-2.1241887438350204e-05,0.0003520407800081671,0.0,0.0,0.0,0.0
161900000.0,0.0756918221565428,0.44303945811248013,0.07569271558983814,0.4430389866543436,0.45813832428184753,1.3165125750491882,0.4581383242760779,1.3165125752166134,-0.9478688520029124,0.2330639277031068,-0.9478688519837988,0.2330639276159161,0.0,0.0,0.0,0.0,0.020730464332757492,0.01601133174278857,0.02073046442997395,0.016011331745033885,0.040788451634966805,0.022948954421131873,0.04078845233765094,0.022948954211457817,-0.015232719371923054,-0.0679462306917955,-0.01523272067605319,-0.06794623092356744,0.012196641430179511,-0.012145667034609176,0.01219664144264243,-0.012145667049296094,0.10236914353535553,0.052622137391139745,0.10236914973573619,0.052622129526916694,0.08857058324993261,0.025821218493788933,0.08857058394427497,0.025821214583146457,0.07955098758645818,0.00018340974264674514,0.07955098620318779,0.0001834078438420761,0.08420682201577279,-0.002784078061154105,0.08420682026617499,-0.002784079850158605,0.02128967326157749,-0.05962476378416426,0.021289673298028333,-0.05962476462291022,-0.020027082651708383,-0.008804858414634964,-0.02002637073290714,-0.00880503406795441,-0.040786139161340884,0.18250156799248174,-0.04078613914518314,0.18250156790409733,0.0,0.0,0.0,0.0,-0.0063988610860832296,-0.013584647303218844,-0.006398859479560315,-0.013584646987339966,0.010395321913946987,-0.013676325795053401,0.010395321892005427,-0.013676325918474674,-0.003013268881815634,0.002908903958399378,-0.0030126596795696514,0.002908837312070034,0.0,0.0,0.0,0.0,-0.0013002716697059213,-0.0006539948499977299,-0.0013002716667500636,-0.0006539949101664888,-0.0013224824795514678,-0.0002022572060695893,-0.0013224824716786543,-0.00020225736111711967,2.3856793774257312e-05,-0.0002652042991542203,2.3854198687445205e-05,-0.0002652004653782569,0.0002965500728606685,0.0001927924155609162,0.0002965426660779258,0.0001928021546717673,0.0,0.0,0.0,0.0
162200000.0,0.3029258822637786,0.32869026649314037,0.30292528174439326,0.3286894206275548,0.7945965375467381,1.1415751357972184,0.7945965376854502,1.1415751357885284,-0.7829101185969307,0.5811448444169827,-0.7829101186964778,0.5811448444127194,0.0,0.0,0.0,0.0,0.02639096855665457,0.0011769387775331097,0.02639096855429557,0.0011769386659210568,0.04691507809684481,-0.004573153861258561,0.04691507777326365,-0.004573154599384566,-0.05172984386639712,-0.047358719626416246,-0.05172984391832358,-0.04735871815825021,0.00307789678443271,-0.016517857129485947,0.003077896769767108,-0.016517857139717762,0.11491541596204513,-0.016335442565321046,0.11491540623987362,-0.016335447829078475,0.08785488537250785,-0.029767364745040936,0.08785488117794671,-0.029767364898816595,0.06571467894089267,-0.04518283818299551,0.06571467718005408,-0.04518283659970734,0.06779969009721754,-0.0495537668669499,0.06779968844600148,-0.04955376511713894,-0.01516966311019985,-0.060819303892429843,-0.015169663865464145,-0.06081930389105139,-0.018442735569635715,0.011898746668947524,-0.018443284213887523,0.011897327085506504,0.03698623216092756,0.18419948467494862,0.036986232077083514,0.18419948466788583,0.0,0.0,0.0,0.0,-0.01315673096844705,-0.00757645416898356,-0.013156730949276607,-0.007576455929765302,0.00034484197277606654,-0.01723498330198936,0.00034484186410566053,-0.017234983265154824,0.0008883781719077888,0.00411989773927246,0.0008882694020400095,0.004119338432573727,0.0,0.0,0.0,0.0,-0.0014340884014956146,0.0002982702487486222,-0.0014340884528536435,0.00029827025070972013,-0.0011667268650796814,0.0006492871323047211,-0.0011667269957627013,0.000649287137406418,-0.0002201545787130499,-0.0001540624956675174,-0.00022014948793014355,-0.000154061214345802,0.0003147308073323529,-0.00016272046406129448,0.00031474170637579846,-0.0001627175320919605,0.0,0.0,0.0,0.0
162500000.0,0.4310747823962231,0.11166055712135403,0.43107399650071443,0.11166128373589856,1.0704626319570139,0.8833955265289433,1.0704626319570423,0.8833955264052804,-0.49624353380313835,0.8361280510227402,-0.4962435337809268,0.8361280511215483,0.0,0.0,0.0,0.0,0.022434922039380467,-0.01433979117535955,0.022434921912491745,-0.014339791165966176,0.03606813356013561,-0.03082365914073648,0.03606813279402843,-0.03082365869364878,-0.06999130492188499,-0.00934326373557326,-0.06999130328736669,-0.009343263885327246,-0.006658754029643887,-0.014971898983858978,-0.006658754038809889,-0.014971898970316033,0.08493503168664063,-0.08037956257791734,0.08493502766776828,-0.08037955108237327,0.055170535584352365,-0.0751138277948229,0.055170536009839566,-0.07511382335913197,0.028426094384840894,-0.074670994174312,0.028426096141132007,-0.074670992552484,0.02803656418217315,-0.07883502604448722,0.028036565909019373,-0.0788350245127134,-0.04582423890636278,-0.04183124085626844,-0.0458242388946104,-0.041831240170580486,-0.00024224277721884846,0.02202833560497197,-0.0002442619716731542,0.02202946154517349,0.10900729876296111,0.15399784126245208,0.10900729876067317,0.15399784134304184,0.0,0.0,0.0,0.0,-0.015290177153545415,0.0013141524778319535,-0.015290179047795505,0.0013141527847153611,-0.009912725148737422,-0.014185208760295609,-0.009912725106744347,-0.014185208660947524,0.003988088563048109,0.0014220426523365859,0.003987589040690409,0.0014221776406628805,0.0,0.0,0.0,0.0,-0.0009432097025410258,0.0011326014559216446,-0.0009432097026973452,0.001132601502845887,-0.0005232363038345511,0.001225735256923599,-0.0005232363042750876,0.0012257353747742172,-0.0002456123239085173,0.00011551791732244965,-0.0002456127381407214,0.00011551217295391325,1.4642220662608452e-05,-0.00035438045664193396,1.464049574906312e-05,-0.00035439074633814016,0.0,0.0,0.0,0.0
162800000.0,0.4225399019858571,-0.13879162665014633,0.42254075395170787,-0.1387909148476325,1.2660286578553013,0.5616758544598497,1.2660286577232114,0.5616758544487226,-0.1352316744563069,0.9586347063263503,-0.13523167437659822,0.9586347062781755,0.0,0.0,0.0,0.0,0.010161908085919436,-0.024820059634961922,0.010161908109395767,-0.02482005949310917,0.011962195091285821,-0.0461965150375363,0.011962195675337739,-0.04619651425956306,-0.0631859008876745,0.03253318501175784,-0.06318590126792856,0.03253318320705034,-0.013608050343407285,-0.008347853033782826,-0.013608050328045351,-0.008347853025753693,0.02288852090974558,-0.11544290419040237,0.022888534026918705,-0.11544290172486171,0.002122217733088405,-0.093537964355761,0.0021222223617201053,-0.09353796540209203,-0.019093849022155496,-0.0776843403787808,-0.01909384752767096,-0.07768434230106891,-0.021106539146387604,-0.08061449914237073,-0.02110653770465376,-0.08061450084582589,-0.0606761079248912,-0.009441268565211658,-0.06067610728429429,-0.009441268579351458,0.018324656303633446,0.012397549387500817,0.018326533802635936,0.012400011613323159,0.16272650455782411,0.0969384001090674,0.16272650464017602,0.09693840010805843,0.0,0.0,0.0,0.0,-0.011921852820563572,0.00991998788775561,-0.011921852155211354,0.009919989880657454,-0.016437089415802575,-0.005645296413021583,-0.016437089318884546,-0.005645296459007909,0.003320607244958751,-0.002647279298258809,0.0033207490923814476,-0.002646844492545597,0.0,0.0,0.0,0.0,-3.3895312157028457e-05,0.0014824777107378395,-3.3895263598537895e-05,0.0014824777142337098,0.00033685962721108353,0.0012870620212339645,0.0003368597510586824,0.0012870620292773083,-2.1983404437264653e-05,0.0002734957877521538,-2.1989087670704066e-05,0.0002734980189700309,-0.00030062779984518784,-0.00018893360820015914,-0.0003006357535468851,-0.00018892773391598894,0.0,0.0,0.0,0.0
163100000.0,0.2813527144027148,-0.34548454303183007,0.2813533338921843,-0.3454855201351421,1.3676896585548235,0.2004920810111912,1.367689658551825,0.20049208116704165,0.24187783575639799,0.9318901838590676,0.24187783569729504,0.9318901838108644,0.0,0.0,0.0,0.0,-0.006023153754256327,-0.026315996466934166,-0.006023153600565934,-0.026315996508145645,-0.01676491029215299,-0.044933977705582606,-0.01676490952215204,-0.04493397843575053,-0.033505930640330917,0.06317703212380366,-0.033505932620514045,0.0631770327770198,-0.015518688016527449,0.0007936623275384136,-0.015518688010999426,0.0007936623088227179,-0.04845074475461786,-0.10792232463234086,-0.04845074412583017,-0.10792233914810367,-0.05207507210111828,-0.07806920433122855,-0.05207507381045673,-0.07806920908932113,-0.05990373448413777,-0.05308104648631229,-0.059903736586093714,-0.053081047853112295,-0.06251697149302515,-0.054526419702071394,-0.06251697319456184,-0.05452642107186989,-0.055234134465692364,0.025337879776856198,-0.05523413449452619,0.025337879162506738,0.020534661253435615,-0.008508773882510923,0.020537369931957983,-0.008511536192600033,0.18873936826943805,0.022753898132407357,0.1887393682614089,0.02275389804712802,0.0,0.0,0.0,0.0,-0.004157722361782135,0.015109812545404111,-0.004157720318502811,0.01510981149591828,-0.016682684181603236,0.00514997701726827,-0.016682684239754053,0.005149976915987509,-0.000495907987712485,-0.004225543337739168,-0.0004955364006775653,-0.0042256710548258525,0.0,0.0,0.0,0.0,0.0009014056386860148,0.0011884183340526988,0.0009014056393539249,0.0011884182789430042,0.0010530044551160245,0.0008095809695021217,0.0010530044544907469,0.0008095808254751091,0.00022917657453547235,0.00015643866528591843,0.0002291804573957279,0.0001564435701908451,-0.00031401653610885205,0.00016702178368177556,-0.0003140076467218478,0.00016702598128404134,0.0,0.0,0.0,0.0
163400000.0,0.050554166222937624,-0.4449093301716118,0.05055306665293813,-0.4449098338159132,1.368815993899375,-0.17351725541495,1.3688159940776643,-0.1735172554491129,0.5761846937014212,0.7635223907643649,0.5761846936873951,0.7635223908142876,0.0,0.0,0.0,0.0,-0.020196978665993015,-0.018151160820352175,-0.02019697872641757,-0.018151160981318526,-0.03966315859268832,-0.02731511278895482,-0.03966315947091914,-0.02731511352664029,0.00857588968828793,0.07143659103029165,0.008575890672716469,0.07143659318289508,-0.012013971599117212,0.00916425659480069,-0.0120139716188703,0.009164256592924858,-0.10240268470850822,-0.06011133555043102,-0.102402700339141,-0.06011133410608238,-0.08761513629046647,-0.034144279208689454,-0.0876151411003292,-0.03414427680080223,-0.07943826020265021,-0.009624357629945735,-0.07943826141658406,-0.009624355322571887,-0.08194429725766383,-0.009891268645176865,-0.08194429854947316,-0.009891266910813101,-0.03181199238676413,0.05103744256008724,-0.031811992972890835,0.051037442625116114,0.004202830872216623,-0.02192903005861524,0.004199099967408415,-0.021931759542439977,0.18241787172651414,-0.05583513489405334,0.18241787164195955,-0.05583513487215441,0.0,0.0,0.0,0.0,0.005277344499234005,0.014929116612947269,0.005277343055553274,0.014929114576446523,-0.010489634872868692,0.014063444085607557,-0.010489634976735829,0.014063444166097838,-0.003853543391969083,-0.0018174294027630822,-0.0038536368438002455,-0.0018177463284985151,0.0,0.0,0.0,0.0,0.0014535065574676764,0.00037098279969427495,0.0014535064964888988,0.0003709828111624347,0.0013262400028253296,-5.0990640687587074e-06,0.001326239841191068,-5.099031412214572e-06,0.00025213323159789525,-0.0001231359635909257,0.0002521367504044747,-0.00012314106633937172,-1.1646514920471418e-05,0.0003564580698309783,-1.1646966839862216e-05,0.00035644776777132847,0.0,0.0,0.0,0.0
163700000.0,-0.19978978262599867,-0.4046648265626658,-0.19979014212344737,-0.40466361321013267,1.2701104665878944,-0.5331019571284088,1.2701104664942449,-0.5331019573036428,0.8177445072191745,0.4830124295179985,0.8177445072425797,0.48301242950994094,0.0,0.0,0.0,0.0,-0.027102042154638184,-0.003223798600103578,-0.02710204231833302,-0.003223798519485399,-0.04831281452314329,0.00036280084809448,-0.048312815204269555,0.00036280186714066076,0.04806001262394943,0.05413978395077379,0.048060014929760086,0.05413978256312646,-0.004610644115658147,0.01393654433856284,-0.004610644111423312,0.01393654435685221,-0.11854490487627345,0.010368054653881131,-0.11854490118683714,0.01036807107360005,-0.09144586500005403,0.022294099895148634,-0.09144586187220227,0.022294104668944215,-0.07077254498376817,0.03716931154285419,-0.07077254245454867,0.03716931255326017,-0.07294306313141874,0.03764649509986384,-0.072943061338961,0.03764649628145378,0.0014721535504662597,0.0595112700907805,0.0014721536682742453,0.0595112706272829,-0.01607943842927284,-0.01561113264051528,-0.016081946569499905,-0.015606404279651542,0.14469680504149096,-0.12532476633461442,0.14469680508183558,-0.12532476625885636,0.0,0.0,0.0,0.0,0.012997452208381333,0.009329965267426132,0.01299745023609944,0.009329967098750558,-0.00017679732597741804,0.017632947552797873,-0.000176797215061697,0.017632947648294817,-0.0035900748663948434,0.0023083363151954472,-0.003590352242639483,0.002308378904530173,0.0,0.0,0.0,0.0,0.001375856395142705,-0.0006182020972289592,0.001375856426449218,-0.0006182020366622965,0.0010438097868217255,-0.0008152260128468924,0.0010438098695431108,-0.000815225855603785,1.7595273334336525e-05,-0.00028303366832460597,1.758959099618096e-05,-0.0002830354029725868,0.0003044748467146974,0.0001884240247136404,0.000304464969616447,0.0001884293477587562,0.0,0.0,0.0,0.0
164000000.0,-0.39146438638826453,-0.23358467648783687,-0.39146307711622796,-0.23358449173294105,1.0794408091776262,-0.8523508257567869,1.079440809045039,-0.8523508256023575,0.9328927257603539,0.1357347022241413,0.9328927257529216,0.13573470223280992,0.0,0.0,0.0,0.0,-0.02411723431096391,0.013026037340424068,-0.024117234211942673,0.013026037504374699,-0.03946892377111055,0.028053330063912085,-0.03946892262300139,0.02805333066869764,0.0707905268318001,0.01724091688940632,0.07079052496105476,0.017240914476587932,0.003926334254074959,0.013696057551598528,0.003926334267816856,0.013696057540045103,-0.09067448224358543,0.07714861641647985,-0.09067446537693513,0.0771486103845973,-0.062155890178530626,0.07067108794699095,-0.062155885533769606,0.07067108409866307,-0.03710402644932742,0.07065172147576959,-0.03710402570577287,0.07065171873692577,-0.03901039488756908,0.07166762089910605,-0.039010393862341175,0.07166761905337182,0.03355584242962095,0.04846423529755839,0.0335558428822651,0.04846423512863396,-0.021925499214049182,0.004888467580073552,-0.02191980166526264,0.004890509084205519,0.08189921932050481,-0.1737442368586528,0.08189921937739086,-0.17374423691580887,0.0,0.0,0.0,0.0,0.016165196245552238,0.00022515063378136801,0.01616519844640152,0.00022515249335697263,0.010316291231291075,0.014415166645179056,0.010316291300441094,0.014415166505344246,5.167540129491499e-05,0.004279225418770238,5.165638550863605e-05,0.004279483268433637,0.0,0.0,0.0,0.0,0.0006950048982190538,-0.0013477123692524628,0.0006950049433243066,-0.0013477124192036172,0.00032548794713704865,-0.0012821527378292785,0.0003254880640213287,-0.0012821528725055487,-0.0002398541635102447,-0.00015633974213358215,-0.00023985399407422392,-0.00015633423052463513,0.0003165582292012914,-0.00017119084067473977,0.00031656792396006495,-0.0001711831872910352,0.0,0.0,0.0,0.0
164300000.0,-0.4606607042229882,0.01816083385433842,-0.46066072305086436,0.01815945751590675,0.811174073208889,-1.108507417862313,0.8111740733993003,-1.1085074178097614,0.9083215428840106,-0.2249784039820497,0.9083215429153313,-0.22497840399609004,0.0,0.0,0.0,0.0,-0.012264758372879214,0.024619749259983337,-0.012264758207564341,0.02461974914430698,-0.01630037790273775,0.04566340253789747,-0.016300377386912146,0.04566340127428248,0.0684888830538597,-0.026291629910375036,0.06848888061352909,-0.026291627479267277,0.010620901984538023,0.008836897348089678,0.010620901969005558,0.008836897341865324,-0.02928285073585357,0.11525215368232011,-0.029282859136756656,0.11525213670103085,-0.010489606807325913,0.09342764895978917,-0.010489611356646833,0.09342764453054997,0.0094749071533613,0.07905052454222528,0.009474904253025329,0.07905052412311875,0.007813220853847724,0.08070703631419462,0.007813218992382076,0.08070703548648339,0.05411643867498128,0.021966264842376404,0.05411643848239578,0.02196626450395911,-0.00795661654792923,0.0210268978116801,-0.007955276826578483,0.021020315417075608,0.004650223424334854,-0.19269177961832895,0.004650223360528116,-0.19269177964665118,0.0,0.0,0.0,0.0,0.01352701174751303,-0.009157803968264489,0.013527013461612114,-0.009157806516199685,0.016927366418556744,0.005573541500638157,0.01692736625905411,0.005573541474646504,0.0036684186468107782,0.002235130753305725,0.0036686794018834235,0.0022352148240116776,0.0,0.0,0.0,0.0,-0.0002974956226324821,-0.0014947835024088363,-0.00029749568446391095,-0.0014947835206129412,-0.0005272830316158661,-0.0012116618541000435,-0.0005272831984370896,-0.0012116619018343044,-0.00025634653245276695,0.0001327893447751194,-0.0002563419409824519,0.00013278744930289577,8.690052212045885e-06,-0.0003618788289401209,8.693992626263025e-06,-0.00036189174653600276,0.0,0.0,0.0,0.0
164600000.0,-0.3793545172425752,0.2710074163958751,-0.3793559210600961,0.2710076610510015,0.48507203949274924,-1.2835301665082284,0.4850720394470045,-1.2835301666908805,0.7516898682997777,-0.5462160901204953,0.751689868253024,-0.5462160901526687,0.0,0.0,0.0,0.0,0.0041446272859388955,0.027266691655185582,0.004144627154403224,0.02726669148705696,0.012775019064065418,0.04679308920383107,0.012775017697777002,0.04679308878397137,0.04168315378807108,-0.06103911511955573,0.04168315684297852,-0.06103911276278495,0.013323268583704362,0.0013023547617336817,0.013323268586461268,0.001302354776868242,0.0425608800501891,0.11070018892090161,0.0425608632568526,0.11070019966454936,0.044723514947591525,0.08249464447436594,0.044723510807259004,0.08249464969465237,0.05242666932154805,0.059626823720591915,0.05242666926159245,0.05962682670872255,0.051308396445222115,0.0621103060133521,0.05130839582982105,0.06211030783020988,0.05684018049254291,-0.011097708441553777,0.05684018028121329,-0.011097708272586715,0.013181489689344517,0.018200741890595395,0.013174158770198119,0.018200316521600257,-0.07392406107291549,-0.17875684100768297,-0.07392406106652061,-0.178756840950399,0.0,0.0,0.0,0.0,0.005908245854755023,-0.015409137787486316,0.005908242978620137,-0.015409139334934707,0.01704274982290599,-0.005532269672983148,0.0170427498470076,-0.0055322695120025855,0.003857500523025692,-0.0019354534961593117,0.0038576455467733695,-0.0019357391503689314,0.0,0.0,0.0,0.0,-0.0011698486893578774,-0.000988492600967561,-0.0011698486757438786,-0.0009884925414240797,-0.0011577771135904413,-0.0006345038828072802,-0.0011577770781627805,-0.0006345037239441353,-1.0878949311177166e-05,0.00029053378732157853,-1.0882113784305147e-05,0.00029053074118223776,-0.00031191279951769957,-0.00018794930659282727,-0.0003119273043381554,-0.0001879485856051133,0.0,0.0,0.0,0.0
164900000.0,-0.16857595658626678,0.43958797271461947,-0.16857547498700853,0.4395893562476658,0.12483405091730049,-1.365297334594132,0.12483405079201759,-1.3652973344613883,0.48915320579955335,-0.7829961224574049,0.4891532057902026,-0.7829961223829258,0.0,0.0,0.0,0.0,0.019105788365862963,0.019966820501807092,0.019105788195346918,0.019966820650211048,0.03722078329701617,0.031080115515877083,0.03722078297762721,0.03108011697811719,-0.0004370713299977069,-0.0745240572165784,-0.0004370691955841721,-0.07452406093044317,0.011386220282801673,-0.006189560401296035,0.011386220292521898,-0.006189560413176309,0.09821518629370019,0.06567695010862451,0.09821519932755507,0.0656769664536796,0.0836043049840498,0.04211151332279428,0.08360431084625475,0.042111517117845665,0.07672968770947364,0.01948437938938241,0.07672969071140301,0.019484379091039727,0.07676201200786181,0.022704213449742383,0.07676201371963032,0.022704213877418056,0.04126394388931942,-0.0400220875342967,0.04126394398352318,-0.04002208743403912,0.02243328220230012,-0.0009638035740380246,0.02243395026501105,-0.0009559056900059204,-0.14040725750361105,-0.1341043284740948,-0.14040725746718863,-0.13410432851041776,0.0,0.0,0.0,0.0,-0.004024838453602797,-0.016172909503055166,-0.004024839816949566,-0.016172906305655488,0.010534175581412342,-0.014615576146809417,0.010534175721247152,-0.014615576216925774,0.000399544038614863,-0.004319071490044735,0.00039921454190050554,-0.004319266743053163,0.0,0.0,0.0,0.0,-0.0015380842104661951,-4.40075957328645e-05,-0.0015380841700078918,-4.40076368732889e-05,-0.0013029440874987586,0.00020709418306807947,-0.001302943980846294,0.0002070940739145044,0.0002488174978907409,0.0001537437368170913,0.000248816397771634,0.0001537475005051192,-0.00031928144612436427,0.0001792981949932937,-0.0003192758031644871,0.00017931240147106564,0.0,0.0,0.0,0.0
165200000.0,0.1038376509763026,0.46266918153209247,0.10383896282425553,0.4626684661299123,-0.24360582000183229,-1.3483840481665652,-0.24360581982031704,-1.3483840481341502,0.1605873557856654,-0.9039682761617058,0.16058735586965156,-0.9039682761929697,0.0,0.0,0.0,0.0,0.027147566147547764,0.00537761476928722,0.027147566318987515,0.005377614941224351,0.04826426923028748,0.004267593313770135,0.04826427078731399,0.004267593527188751,-0.0431454287003703,-0.06159242261063014,-0.04314543306890073,-0.06159242436507384,0.005775081258036607,-0.011127109113516553,0.005775081240585678,-0.011127109114710265,0.11759011489071725,-0.002721463875289487,0.11759013056526157,-0.0027214791470129285,0.09246036254251067,-0.012981376975929493,0.09246036594481666,-0.012981383461706741,0.07412701935463417,-0.027151749757749144,0.07412701873310823,-0.027151752718111766,0.07592004636741478,-0.023817670336384822,0.075920046666198,-0.023817671904936333,0.012707786859735393,-0.055696647319408044,0.012707786890871375,-0.055696647302141855,0.011588884061197291,-0.019226034318265306,0.011597130969377645,-0.01922793251158339,-0.18335090483391525,-0.06613334679569505,-0.18335090488682226,-0.06613334680056937,0.0,0.0,0.0,0.0,-0.012686138291613247,-0.011046410520805239,-0.012686134766440205,-0.011046409365022214,-0.0001514256868802022,-0.018114008610481847,-0.00015142578901361503,-0.018114008712728946,-0.0034738794518318628,-0.002630690634546795,-0.003474109424999483,-0.0026303032863808085,0.0,0.0,0.0,0.0,-0.001235462737014359,0.00092863293448886,-0.0012354627944830554,0.0009286329254223347,-0.0009028938812889464,0.0009609736407583114,-0.0009028940331603508,0.0009609736166851235,0.0002580254366364443,-0.0001410459402251263,0.00025802901873817063,-0.00014104689648775093,-1.43575999800305e-06,0.00036780477920217436,-1.4237058678645553e-06,0.0003677946845925817,0.0,0.0,0.0,0.0
165500000.0,0.3444290912375578,0.32838309997113413,0.34442816031184975,0.32838190917382803,-0.5939076069753213,-1.2343689941413345,-0.593907607044784,-1.2343689943207892,-0.18655510073379844,-0.8948128177473791,-0.1865551008086186,-0.8948128178138433,0.0,0.0,0.0,0.0,0.0253460876541709,-0.011184897223344592,0.025346087824274832,-0.011184897425536633,0.04204895904857153,-0.023977858314992773,0.04204895914281792,-0.023977859967004633,-0.07122699393531207,-0.026329120031192588,-0.07122699514670217,-0.02632911505709501,-0.0013800536466277435,-0.012038763581827538,-0.0013800536390249363,-0.012038763564476085,0.0943372547224044,-0.0693321549304926,0.09433723724362153,-0.0693321697304441,0.0685149841051782,-0.06309666109100931,0.06851497699651077,-0.06309666404747816,0.04582110159454089,-0.0640551899617634,0.04582109869922135,-0.06405518906375107,0.04954198566574064,-0.06171851971063802,0.049541984239724,-0.06171851995426891,-0.019562698427677105,-0.053379341718923,-0.019562698288510205,-0.0533793417360755,-0.009616475407241865,-0.02031282096152154,-0.009619691528129692,-0.020321172945727994,-0.19521546380153154,0.013732439832637056,-0.1952154637717598,0.01373243988625461,0.0,0.0,0.0,0.0,-0.016871150282895542,-0.0017897955363253004,-0.016871149374480865,-0.001789799402558856,-0.010902031337181484,-0.014588973241728809,-0.010902031397051815,-0.01458897312868146,-0.0040802961869985666,0.0015725004576978563,-0.00407984277342166,0.0015727471083550881,0.0,0.0,0.0,0.0,-0.00038832602353977563,0.0015026752260069998,-0.0003883259988839427,0.0015026752843283475,-0.00012548753642249721,0.0013121388117696142,-0.00012548747245944014,0.0013121389646499892,5.303619488472577e-06,-0.00029557003705349416,5.300811139363759e-06,-0.0002955726693443239,0.00032033940711073683,0.0001828983258462813,0.00032032600167042347,0.00018288997218007808,0.0,0.0,0.0,0.0
165800000.0,0.4686312665985639,0.08191198983774939,0.46863023854766084,0.08191310457669942,-0.9011559721842559,-1.0316601369099772,-0.9011559723160758,-1.0316601367600953,-0.503827533660953,-0.7592170092302695,-0.5038275336864189,-0.7592170091249244,0.0,0.0,0.0,0.0,0.014371211704869324,-0.023713719718372772,0.014371211470816547,-0.023713719882024975,0.020915318815070805,-0.043607749728792555,0.020915317070091533,-0.04360774968581893,-0.07429569383609191,0.019154828381942934,-0.07429568835163991,0.0191548288924821,-0.0075905669364431105,-0.008908289547335357,-0.007590566923269648,-0.008908289563748895,0.037575613804946784,-0.11035315067393014,0.0375756000997427,-0.11035313099080213,0.020560725949010816,-0.09067077096861453,0.020560723511351853,-0.09067076322504874,0.0018164825907263094,-0.07860808970626465,0.0018164837337906192,-0.07860808686771747,0.006847263376542401,-0.07849646134867783,0.0068472631286056185,-0.07849646002325983,-0.04529609592957229,-0.03403712412479365,-0.04529609598264983,-0.03403712436802664,-0.022301697364270012,-0.0032275492713438325,-0.02230989574745479,-0.003222980322121316,-0.17367955822425074,0.0919320116162794,-0.17367955818352243,0.09193201155515851,0.0,0.0,0.0,0.0,-0.014963122767881032,0.008272736838790706,-0.014963126986614839,0.008272736234914646,-0.017516860324292338,-0.005324240868375796,-0.017516860217696717,-0.00532424084383365,-0.0008124054384950341,0.004305202766232696,-0.0008121605451520963,0.0043046807145401544,0.0,0.0,0.0,0.0,0.0006362740729315419,0.0014223206801347033,0.0006362741174825715,0.0014223206295156388,0.0007040008056691249,0.001114106152357408,0.0007040009186169982,0.0011141060191874885,-0.0002554462251680434,-0.00015213214193465774,-0.0002554472748954595,-0.00015212797445940396,0.00031730805534380124,-0.00018898083649787623,0.0003173044074600284,-0.0001889657617653029,0.0,0.0,0.0,0.0
166100000.0,0.43382364966558384,-0.19063043887597075,0.433824907118165,-0.19062960322209221,-1.1435713928986786,-0.7548600304030089,-1.1435713927078552,-0.7548600303440764,-0.7480070457800849,-0.5176069906020615,-0.7480070456655312,-0.5176069906293179,0.0,0.0,0.0,0.0,-0.0017968420321352596,-0.027695777344362682,-0.0017968421803686851,-0.027695777076928607,-0.007564655915658136,-0.04774972797746102,-0.0075646557109934065,-0.04774972614742978,-0.05061349776275392,0.05875041121541358,-0.050613498087827224,0.058750405358381386,-0.010870712840272745,-0.0030660050612283385,-0.0108707128631238,-0.003066005067040578,-0.031998405279836106,-0.11168933645977575,-0.03199838337211247,-0.11168932411771948,-0.03441932222263233,-0.08627843958603876,-0.03441931383311214,-0.08627843777455269,-0.042673486242051695,-0.06598232594370756,-0.04267348343313415,-0.06598232733239229,-0.03776268597418664,-0.06886864557510819,-0.03776268467773036,-0.06886864529751335,-0.05641715749007403,-0.0039319783054310165,-0.05641715779981382,-0.003931978185249818,-0.015053350430903834,0.01687745438124466,-0.015047448084146708,0.016885237351132787,-0.12209765170858589,0.1550345718705728,-0.12209765178931775,0.15503457185046443,0.0,0.0,0.0,0.0,-0.007570374865068175,0.015463848183500772,-0.00757037508712699,0.01546385275074158,-0.0173497775643483,0.006127176282035407,-0.017349777561292967,0.006127176192904926,0.003232564909382063,0.0029589607870548207,0.003231976402418013,0.0029587348809627656,0.0,0.0,0.0,0.0,0.0013897004290015502,0.000717204528072557,0.0013897003650242823,0.0007172045076089262,0.0012387364057673267,0.0004498808092989748,0.001238736236913951,0.0004498807594046639,-0.00026064129069425235,0.00014709375361121602,-0.00026063647426610714,0.0001470928280298267,-8.000942713692893e-06,-0.00036911464165712005,-7.98610494712193e-06,-0.0003691160137719862,0.0,0.0,0.0,0.0
166400000.0,0.25494414844132507,-0.39564554680855224,0.2549447762389576,-0.3956469020104265,-1.3039916487108485,-0.42372008929057614,-1.3039916487229988,-0.4237200894798292,-0.8863207261896378,-0.20400698259259542,-0.8863207262655379,-0.20400698269079243,0.0,0.0,0.0,0.0,-0.017336953093220586,-0.021714422176493997,-0.0173369527961853,-0.021714422054870397,-0.03334045630089122,-0.03503318079329176,-0.033340454402917885,-0.03503318118862353,-0.008037648231891126,0.07796123042179204,-0.008037654284024143,0.07796123168152036,-0.010359370972281567,0.0033624105169423046,-0.01035937097131523,0.0033624105396654613,-0.08973351188113554,-0.07342569748131211,-0.08973350124880142,-0.0734257216262435,-0.077249271506318,-0.051640519787405026,-0.07724927046454866,-0.05164052881301018,-0.07241819744265854,-0.03060702467302434,-0.07241819911408243,-0.030607027472790094,-0.06949740335839749,-0.03628616665550055,-0.06949740306954766,-0.03628616799731077,-0.04947034073524037,0.027364682345215385,-0.04947034054268329,0.02736468267746517,0.005823121615549098,0.021933620141354027,0.005830235583459853,0.02192645715799557,-0.04901469322255991,0.1920246752165582,-0.04901469321968932,0.1920246753029744,0.0,0.0,0.0,0.0,0.0026707785745401225,0.01711985445754749,0.002670783463031512,0.017119854208111462,-0.01037881623049941,0.015296858227529242,-0.010378816303116878,0.015296858231096166,0.00421504240554782,-0.0011834056163522177,0.004214850658598834,-0.0011827563999844415,0.0,0.0,0.0,0.0,0.001538636991639919,-0.00030781069977336983,0.0015386369947520961,-0.0003078106351921406,0.0012550923328404906,-0.00040276781884074353,0.0012550923444791806,-0.0004027676497457833,-1.8743338188187408e-06,0.0003015847224290269,-1.8773188514842332e-06,0.00030158007483294114,-0.0003244302780842645,-0.0001751263308022999,-0.0003244362432468506,-0.00017513904578692063,0.0,0.0,0.0,0.0
166700000.0,-0.00395085569324749,-0.4667601407330295,-0.0039522656210095874,-0.4667605588746966,-1.3710302057238266,-0.06175796345913653,-1.371030205883656,-0.061757963399962534,-0.9002406765189477,0.1384943937051375,-0.9002406765832802,0.13849439381424133,0.0,0.0,0.0,0.0,-0.02668027188806832,-0.007919104387568154,-0.02668027180061472,-0.007919104709095848,-0.04739065955331512,-0.009959241646114947,-0.0473906601641545,-0.009959243586379785,0.0384281502595627,0.06923311973478263,0.03842815251059051,0.0692331257757246,-0.006514111640981923,0.008226661769271004,-0.006514111619850382,0.008226661763551135,-0.11552209116919698,-0.009318224252425011,-0.11552211750988306,-0.009318232740646692,-0.093069250757992,0.0011601274911825499,-0.09306926036457241,0.001160127394584265,-0.07723535748522181,0.015414522965109256,-0.07723536025970645,0.01541452498094742,-0.07792923786753647,0.008344903711282825,-0.07792923930590234,0.008344903466159792,-0.026657528464312463,0.049924782115425614,-0.026657528141086573,0.04992478186581195,0.021573053964146993,0.007202416613083074,0.021564753192961916,0.0071962063441119994,0.03320680770546858,0.19622751690665297,0.033206807788374704,0.19622751688608986,0.0,0.0,0.0,0.0,0.012059431110714058,0.012584101849647311,0.012059430296659457,0.012584096693636582,0.0007350146055102869,0.018547762059782258,0.0007350146051123829,0.01854776212591247,0.0012236348954246523,-0.004196797535207963,0.001224336561904238,-0.004196652881631735,0.0,0.0,0.0,0.0,0.0010131326686746434,-0.0012044979241068177,0.0010131327244806698,-0.0012044979430427816,0.0007460277334558896,-0.0010872630628924185,0.0007460278790887287,-0.0010872631153162615,0.0002631387231701865,0.00015270907874764816,0.0002631350380966069,0.00015271387841409023,-0.0003122176567558199,0.0001947639931785261,-0.000312226661094428,0.00019477344513774142,0.0,0.0,0.0,0.0
167000000.0,-0.2558128882225077,-0.3857224305589284,-0.2558131055289863,-0.3857210021973785,-1.3398400962704073,0.3053682354109313,-1.3398400961958856,0.30536823553432413,-0.7875779570221937,0.46314566024604886,-0.7875779568972945,0.4631456602727724,0.0,0.0,0.0,0.0,-0.0264771929677039,0.008765000539135315,-0.026477193306490676,0.008765000489198371,-0.04479096716734432,0.018710890848524286,-0.04479096911443037,0.018710891693075382,0.07185433153102849,0.035039484858927494,0.0718543373383227,0.035039481612486156,-0.0008495132000234662,0.010065148761334797,-0.0008495132082941836,0.010065148743130692,-0.10044018760038398,0.058133759869562596,-0.10044019342880972,0.05813378825224902,-0.07628550733456052,0.05382243178790702,-0.07628550629854658,0.05382244185776841,-0.05535818891532074,0.05634657334892523,-0.05535818649090629,0.05634657603668103,-0.06028044398262011,0.050231665762979105,-0.06028044410948041,0.050231667313134665,0.00482317740360827,0.05652611927652629,0.004823177121096478,0.0565261189732027,0.0178755089216196,-0.014076018550888136,0.017870408556106554,-0.014066747717180306,0.11044500312128491,0.16653956621592414,0.11044500309080263,0.16653956614104715,0.0,0.0,0.0,0.0,0.01718694418067912,0.00344985338371373,0.017186938839685695,0.0034498548491583847,0.011653325286943073,0.014532490302464396,0.011653325357968924,0.01453249030867454,-0.0029061604157476495,-0.003259428578424206,-0.0029060737551702687,-0.003260172532748129,0.0,0.0,0.0,0.0,3.970051626822624e-05,-0.0015777526296005817,3.970049125712194e-05,-0.0015777526745210935,-7.587121771734928e-05,-0.0013171038597334928,-7.5871283769402e-05,-0.0013171039759001246,0.00026560742162473616,-0.0001542760661195075,0.0002656134920329123,-0.00015427398577116946,1.4054609621894087e-05,0.0003670956810069015,1.4065924617057135e-05,0.00036709992203043385,0.0,0.0,0.0,0.0
167300000.0,-0.42112305278534734,-0.1837917031171301,-0.4211216328344989,-0.18379167194463264,-1.2124375083849657,0.6516215707766833,-1.2124375082846655,0.6516215707104323,-0.5627489204128437,0.7252685147778735,-0.562748920415558,0.7252685146496134,0.0,0.0,0.0,0.0,-0.01676726494632419,0.0223827944724988,-0.016767264956868644,0.02238279481922234,-0.026370418752165392,0.04095656076436427,-0.02637041766246284,0.0409565626762074,0.07963292686127943,-0.01263065969743593,0.0796329226732837,-0.012630665047552725,0.004652931508118741,0.008527265860003297,0.004652931491932577,0.00852726586852981,-0.049629923559763256,0.10528816951415365,-0.04962989344473101,0.10528817212096442,-0.03247773583191815,0.08795984718793903,-0.032477725484852726,0.08795984484552832,-0.01408477573116329,0.078043108154219,-0.01408477323253976,0.07804310528119629,-0.022307208813401758,0.07543765222297338,-0.022307207173483334,0.07543765216252041,0.034964584015853006,0.04492953932349053,0.034964583725056286,0.04492953962165558,-0.001918125731393161,-0.0226433657035372,-0.0019080905672694826,-0.022639544725237215,0.16923515080266327,0.10772913131931716,0.1692351507343801,0.107729131353409,0.0,0.0,0.0,0.0,0.01617309582812254,-0.007023930520290378,0.01617309801613942,-0.007023925104036266,0.018060165298990682,0.004769690841456509,0.018060165303708686,0.004769690759658829,-0.004305643417168881,0.0007313376980704334,-0.004306417710850496,0.0007313180894712445,0.0,0.0,0.0,0.0,-0.0009563400517151877,-0.0012603124056767001,-0.0009563400897434349,-0.001260312383429607,-0.0008670152082999039,-0.000995605226883356,-0.0008670153051042462,-0.0009956051671551336,-2.6887778261652784e-06,-0.00031021306234890744,-2.6886835229333883e-06,-0.00031021964230149024,0.00032516403005899974,0.00017022972468083708,0.0003251631455327697,0.0001702184439622556,0.0,0.0,0.0,0.0
167600000.0,-0.4513978610107898,0.07257822642253586,-0.45139800063671487,0.07257683218076494,-0.9975669480582923,0.9523695059373836,-0.9975669481116398,0.9523695058383623,-0.25520785809831636,0.8878024130988251,-0.2552078582256172,0.8878024131170008,0.0,0.0,0.0,0.0,-0.0009692672233256872,0.02804241104602312,-0.000969266875813446,0.02804241101645033,0.0015440337184315922,0.04890617820846899,0.0015440355511771031,0.048906176870019635,0.05839019378248622,-0.0564617881865388,0.058390189097366374,-0.05646178317110184,0.008236647251251838,0.004389424684099197,0.008236647258826224,0.004389424699382971,0.019338096941481808,0.11530376041777401,0.019338095780426556,0.11530372907072461,0.023323704822004743,0.09133093937209225,0.023323701041505274,0.09133092899914175,0.032524576464481925,0.07273881884360378,0.032524573150681135,0.07273881665579296,0.023476936543175952,0.07539003538536804,0.023476936249565483,0.07539003370224862,0.05405154922458166,0.018668499414403072,0.05405154953632518,0.018668499706535613,-0.019906992270492196,-0.010870975947504746,-0.019904576788832173,-0.010881539908289994,0.1991373750633869,0.029718616288839428,0.19913737509894247,0.029718616353598293,0.0,0.0,0.0,0.0,0.009334137929698727,-0.015089172756702851,0.009334143288924679,-0.015089175718550507,0.01738863180267458,-0.00692083897850182,0.01738863171104299,-0.006920838969811882,-0.0016701952374660323,0.004042893974833817,-0.001670140744550963,0.004043684658661562,0.0,0.0,0.0,0.0,-0.001537164414912695,-0.00038810095752950247,-0.0015371643977744043,-0.00038810092017627085,-0.0012962189591974038,-0.0002565210837630616,-0.0012962189098004728,-0.0002565209883087505,-0.0002737649997328617,-0.00015226475665741646,-0.0002737712283789051,-0.00015226281303171163,0.0003095848021814618,-0.00019730292688535656,0.00030957544589682584,-0.0001972972991168831,0.0,0.0,0.0,0.0
167900000.0,-0.34045371115311696,0.30383736760338564,-0.340455069516409,0.30383766647397437,-0.7101180246855847,1.186074092043306,-0.7101180247991152,1.1860740920983375,0.09385016002234181,0.926142523015443,0.09385016004908664,0.9261425231471492,0.0,0.0,0.0,0.0,0.015299865037789573,0.023647354805802934,0.01529986496690583,0.023647354460536008,0.029219123736311303,0.03956937612817768,0.02921912215289524,0.03956937442025321,0.01551407467239585,-0.0802384332856505,0.015514080349248616,-0.0802384294405627,0.008922753728455746,-0.0008030566765668823,0.008922753742865552,-0.0008030566852141874,0.08219021042287977,0.08403838952057185,0.08219017854347044,0.08403839490246412,0.07155743081501953,0.06221229024092878,0.07155742071881832,0.06221229552399876,0.06827518270752364,0.04186684091123283,0.06827518094802087,0.04186684460437817,0.06176017472078854,0.04978432591501303,0.061760173047389344,0.049784326457221084,0.055761088305075646,-0.01395039625601413,0.05576108860580575,-0.013950396597486758,-0.02004356735791646,0.01055712397756281,-0.020054403996411452,0.01055619180213796,0.1946340036093801,-0.054064288059358034,0.19463400367348527,-0.05406428810022135,0.0,0.0,0.0,0.0,-0.0009382706363538773,-0.01784125103112899,-0.0009382743976260599,-0.01784125618145538,0.009870144559641858,-0.015923432864944687,0.00987014458959834,-0.0159234327705704,0.002548405600165893,0.0035708443292747916,0.002549196550418742,0.0035707113708625116,0.0,0.0,0.0,0.0,-0.001445521284665574,0.0006579460668874049,-0.0014455212449746568,0.0006579460492517342,-0.0011831263305737139,0.0005914978023113804,-0.0011831262243049423,0.000591497750164649,-0.0002697904203046164,0.00016470813151414632,-0.0002697867341936444,0.00016471318525645984,-1.7044759459849956e-05,-0.00036726028730527105,-1.7035456735925436e-05,-0.00036725445858110106,0.0,0.0,0.0,0.0
168200000.0,-0.12344158789620963,0.4400294915331173,-0.12344113506185295,0.4400308067871421,-0.370131195317029,1.3357806578810525,-0.37013119523552973,1.3357806580082254,0.4362966065741176,0.8317684174377078,0.4362966067227916,0.8317684173999851,0.0,0.0,0.0,0.0,0.026187888829653616,0.010676078497247943,0.026187888492074762,0.01067607860785813,0.046815198095970345,0.015989978577415798,0.046815196559691685,0.01598998039073507,-0.03346900056224911,-0.07500900482141759,-0.03346899768354206,-0.07500901095425405,0.006752400207375331,-0.005312315481106111,0.006752400196006647,-0.005312315495494602,0.11618532503089796,0.021942888948629502,0.11618533491784433,0.021942920479020245,0.094828869510863,0.010377958707564972,0.0948288762793652,0.010377968195960818,0.08039706587477724,-0.0041412814821910615,0.08039706984624218,-0.004141280242947687,0.07943904997777906,0.006911021305825216,0.0794390507659557,0.006911022924036558,0.03928345622757945,-0.042406386216946146,0.03928345583402404,-0.04240638651872786,-0.002316612033254728,0.022545196146168678,-0.0023160344869523897,0.02255603867590139,0.15619640250574207,-0.1290046775421203,0.15619640245648725,-0.12900467760393042,0.0,0.0,0.0,0.0,-0.011021788768090346,-0.014238769977325205,-0.011021793541743818,-0.014238765424913424,-0.001538063660007083,-0.018673020156924736,-0.0015380635737614057,-0.018673020207273794,0.004393750370795146,-0.0002732855005120882,0.004393538358286264,-0.0002740586761902364,0.0,0.0,0.0,0.0,-0.0007191114223843442,0.001418669025589736,-0.0007191114501097218,0.0014186689834971844,-0.0005738857108639195,0.0011935777361316013,-0.0005738857864088232,0.0011935776214784255,1.075178901999152e-05,0.0003184050970332919,1.0755019005159738e-05,0.00031840026708351843,-0.0003279663464326177,-0.00016823449733749385,-0.0003279651243843773,-0.00016824588452379885,0.0,0.0,0.0,0.0
168500000.0,0.1339153847281409,0.43932759762232365,0.1339166477951892,0.43932698989076613,-0.0014548090510544398,1.3903087797383762,-0.001454808932578544,1.3903087796135694,0.7230305360975677,0.6141857002415279,0.7230305360330789,0.6141857000673596,0.0,0.0,0.0,0.0,0.027695134745044925,-0.006282257212234299,0.027695134895665774,-0.0062822568882765495,0.04785287174939867,-0.013642379270940808,0.04785287376634528,-0.013642377954191431,-0.0706912869641485,-0.04249636480787444,-0.07069129332072066,-0.04249636665588241,0.002669478674093284,-0.007787808054267487,0.002669478662753022,-0.007787808038685284,0.10833430740291305,-0.049031643660541135,0.10833433758496369,-0.04903165809828636,0.08423348647916384,-0.04592639050985525,0.0842334950303183,-0.045926398656156664,0.06418715091479044,-0.04922557972841446,0.06418715158565647,-0.049225583859822564,0.07011806916533203,-0.03886364530838904,0.07011807070026066,-0.03886364633537198,0.00972695361723197,-0.05733418599207596,0.009726953339438182,-0.05733418553136005,0.017531989193770414,0.014448202454786951,0.01754257048324348,0.014446141366526888,0.09029683779728259,-0.18188719165831202,0.0902968377458393,-0.18188719159826405,0.0,0.0,0.0,0.0,-0.017323914091491588,-0.005471106194192998,-0.017323908797095555,-0.005471101972872816,-0.012331230143686867,-0.014087053842231967,-0.0123312302034293,-0.014087053910401437,0.0020938907455274602,-0.003888184006427764,0.0020931543488984516,-0.0038878973060221256,0.0,0.0,0.0,0.0,0.00032479336493906885,0.0015588299435123076,0.0003247933259160618,0.0015588299873527944,0.0002776106630051345,0.0012968720951036516,0.00027761055694952574,0.0012968722092310259,0.0002843672432106814,0.00014818328534715874,0.00028436208354776227,0.00014818224122592483,-0.00030978805594372716,0.00020192818675468516,-0.00030979965472965887,0.0002019319639572359,0.0,0.0,0.0,0.0
168800000.0,0.3529782490161466,0.29953647049795507,0.35297748178335553,0.2995352745825173,0.3698626892974204,1.345066963645131,0.3698626891297039,1.345066963567973,0.9105709525686763,0.30076249185415094,0.9105709523716001,0.3007624919645906,0.0,0.0,0.0,0.0,0.019158503425487083,-0.021117810326238384,0.01915850372752459,-0.02111781051712569,0.0316553634706338,-0.03874947900283132,0.03165536452240758,-0.03874948118779287,-0.08259672907966831,0.005584571584265063,-0.08259672989531452,0.005584577930186185,-0.0018780158013953496,-0.0076562438264247135,-0.0018780157808322429,-0.007656243819120334,0.06066132647653433,-0.10295680058352019,0.060661307729688474,-0.10295682837944042,0.04298135609363385,-0.08629890118839256,0.0429813467662683,-0.08629890849775279,0.02498923894935956,-0.07727903332370545,0.024989234775389946,-0.0772790334184279,0.03654478131907979,-0.07182366102778559,0.036544780054427406,-0.07182366246066607,-0.023413174740213094,-0.05362862044168537,-0.023413174216486254,-0.053628620222873735,0.021810594704291475,-0.006654844012452088,0.021807128100547857,-0.006664907012286392,0.008330709740206999,-0.20328081992670377,0.00833070981055073,-0.20328081989289615,0.0,0.0,0.0,0.0,-0.017528119658337005,0.005434513000224683,-0.017528116161258822,0.005434507063284855,-0.01826090939998437,-0.003993130866902561,-0.01826090944655334,-0.003993130810755474,-0.002206061861571129,-0.0038358405986613775,-0.0022057106123725134,-0.0038351592506629117,0.0,0.0,0.0,0.0,0.0012282597289328123,0.0010153274614523866,0.0012282597862167677,0.0010153274886874897,0.0010153104282863978,0.000856579824919379,0.0010153105775856375,0.000856579895447851,0.0002703327455435556,-0.00017553512881818278,0.0002703338946474787,-0.00017553054144059388,2.2211933853100163e-05,0.0003703438854714136,2.2220364769509615e-05,0.00037035382200656386,0.0,0.0,0.0,0.0
169100000.0,0.46371967052684226,0.060430801084933705,0.4637185647809332,0.060431731731227956,0.7173446007240187,1.2024346826395558,0.7173446007174675,1.2024346828264783,0.9675697645290882,-0.06583031180225163,0.9675697647021053,-0.0658303115984964,0.0,0.0,0.0,0.0,0.0035706333976008864,-0.02839389576639917,0.0035706331687777038,-0.028393896037357536,0.0038055734335529223,-0.050136799255803055,0.0038055711299449513,-0.05013680000107712,-0.0648546711463922,0.0519265230434911,-0.06485466502805082,0.0519265228848127,-0.005452957371090861,-0.005214612712705957,-0.00545295736924345,-0.0052146127339938175,-0.009853184743633392,-0.11952577707162249,-0.009853209176171163,-0.11952575455315184,-0.014316431855291967,-0.09570244462457111,-0.014316437671979543,-0.09570243439042514,-0.023437529098004006,-0.07802506146433785,-0.023437528636151228,-0.0780250573502741,-0.010036445827978469,-0.08034553158116609,-0.010036447136229754,-0.0803455300684206,-0.049292072734232306,-0.03222746144606248,-0.049292072607002524,-0.03222746200579252,0.00648515021150331,-0.021953782609642758,0.006475842244569208,-0.021949037638506752,-0.07537692443571586,-0.1892715021059459,-0.07537692442619459,-0.1892715021775473,0.0,0.0,0.0,0.0,-0.011418726555191938,0.014628557352317273,-0.011418732984708413,0.01462855473626945,-0.01702403611714942,0.0076169787606303885,-0.017024036079106963,0.007616978793173246,-0.004424271726591655,-0.00014379800306585366,-0.004423660760380699,-0.00014419785578922983,0.0,0.0,0.0,0.0,0.0015941401823909018,2.573580760412142e-05,0.0015941401875920747,2.5735745872168536e-05,0.0013295971475315582,5.5373827798632647e-05,0.0013295971571096743,5.5373665169611286e-05,-1.9576093947648587e-05,-0.0003230763089945299,-1.9572920521682136e-05,-0.0003230792998749621,0.0003339307071428266,0.00016397635935305743,0.00033393738196707545,0.00016396430133625017,0.0,0.0,0.0,0.0
169400000.0,0.42620569294113864,-0.2048331500860172,0.42620678521844013,-0.20483216521151348,1.015909599352483,0.9716810919458325,1.0159095995175704,0.9716810918726608,0.8803540469645412,-0.43263722953340533,0.8803540471473923,-0.43263722977524566,0.0,0.0,0.0,0.0,-0.013439474203380541,-0.025364805027443538,-0.013439474433781129,-0.025364804766638827,-0.025708036374851417,-0.043443089789541034,-0.02570803678490563,-0.04344308742940939,-0.023777523856978178,0.07994083505918326,-0.023777524882959256,0.07994082935174163,-0.007076241118284088,-0.0014331134966596437,-0.007076241135266059,-0.0014331134910321452,-0.07720876522452613,-0.0920821805277896,-0.07720873974794529,-0.09208216027506211,-0.06679559083951858,-0.07032061162936998,-0.06679558003446573,-0.07032060748167623,-0.0637771390759383,-0.050947499505632265,-0.06377713510651972,-0.050947500493542464,-0.05360137141626353,-0.06113022481270747,-0.05360136964071671,-0.06113022366972132,-0.059280986568168714,8.029564269662615e-05,-0.05928098712290364,8.029561890054993e-05,-0.01482060254984674,-0.017530076528018412,-0.014814750780459462,-0.017521730353195153,-0.14612351068899443,-0.14220556296760378,-0.14612351074922003,-0.14220556295173026,0.0,0.0,0.0,0.0,-0.0010172236204226692,0.018754886337369214,-0.0010172252381721592,0.018754893063217537,-0.009154764097672796,0.016188981665699487,-0.009154764063168841,0.01618898164906568,-0.002449871115430824,0.003680325261328221,-0.0024502988288190863,0.003679794814239301,0.0,0.0,0.0,0.0,0.0012611770610959638,-0.0009757898063753601,0.0012611770074357764,-0.0009757897838440499,0.0010870286506303728,-0.0007721671260441099,0.0010870285089055187,-0.0007721670642553136,-0.00029165337468839425,-0.00014307146965819584,-0.00029165754351367923,-0.00014307259029777697,0.00030772331062678404,-0.00021008881068240726,0.0003077091694478895,-0.0002100911395643834,0.0,0.0,0.0,0.0
169700000.0,0.24637182024851256,-0.4096279974279611,0.24637264878300869,-0.4096292395256711,1.243629565063344,0.6684176998424078,1.2436295649248592,0.6684176997417808,0.6564933701861406,-0.7436044520109704,0.6564933698844442,-0.7436044521433303,0.0,0.0,0.0,0.0,-0.025642585594624734,-0.013049361750873345,-0.025642585310976074,-0.013049361568931772,-0.04610191157441079,-0.02090856557299503,-0.04610190923217772,-0.020908565510069366,0.026078070624492966,0.07961465659754197,0.0260780654667343,0.07961465835415993,-0.00646947960744626,0.0024282613220236726,-0.006469479594656491,0.00242826133128915,-0.11623538033846614,-0.030580416541383215,-0.11623536483602948,-0.030580443952203495,-0.09513396353290204,-0.01925856927256575,-0.09513396114127204,-0.019258580274339465,-0.08150014364855451,-0.005636522936555366,-0.08150014513056192,-0.005636526687979426,-0.07893655711245628,-0.020575955667126777,-0.07893655619767515,-0.02057595770921239,-0.04986183264404076,0.03280609178743532,-0.0498618325785003,0.032806092294933364,-0.022811322741276285,0.002768468955764547,-0.02280410637835928,0.002761719732347956,-0.191467017623296,-0.07029328152790981,-0.19146701758801044,-0.07029328149276637,0.0,0.0,0.0,0.0,0.010037776163827061,0.016154619907339907,0.010037782953958185,0.01615462046669336,0.002222174532150234,0.018404834050784302,0.0022221745341255428,0.018404833997919923,0.0018289578908081694,0.0040137504691415415,0.001828511142065281,0.004014182518588427,0.0,0.0,0.0,0.0,0.00037531672718671416,-0.0015495186924852078,0.0003753167712403638,-0.001549518660482363,0.00038697494690609346,-0.0012789686612109108,0.00038697506546725435,-0.0012789685765142167,-0.00026969166049184423,0.00018327906649062697,-0.00026969040584390314,0.0001832835412045597,-3.135378008778389e-05,-0.00037129060127938374,-3.1351348837915793e-05,-0.0003712762047598517,0.0,0.0,0.0,0.0
170000000.0,-0.02083999981807949,-0.4819381014226565,-0.020841367410284306,-0.4819387382092799,1.3833053610973138,0.31361114432860404,1.3833053610896684,0.31361114449424576,0.3254285298723971,-0.9481814025287605,0.3254285298106936,-0.9481814021891068,0.0,0.0,0.0,0.0,-0.02852348221212253,0.004088615847322785,-0.028523482082846385,0.004088615554309172,-0.049836459026238344,0.009331998563141042,-0.04983645930148839,0.009331996317584412,0.06709132265939388,0.050922124693371984,0.0670913249954026,0.050922129211471656,-0.004045038161407888,0.005238393241256745,-0.004045038160626291,0.005238393224757942,-0.11239277564632744,0.04207350907343255,-0.11239280384737071,0.04207349858621967,-0.08891204051846557,0.038786437148687014,-0.08891205133005542,0.038786436501141,-0.0702390985714203,0.041686664297643006,-0.0702391020327724,0.041686666239755255,-0.07707937754931038,0.0273498367306928,-0.07707937983292368,0.027349836119768156,-0.023860574081268737,0.05517570634977176,-0.023860573650594574,0.055175706232986954,-0.010210852854925179,0.02056805302257203,-0.010218260883746666,0.02056208832216555,-0.20345625210246965,0.013857744571808439,-0.20345625210023854,0.01385774452742794,0.0,0.0,0.0,0.0,0.017715951570821176,0.007551868245371907,0.01771595108272095,0.00755186164008137,0.012651235615876999,0.01346198006638133,0.012651235534448801,0.013461980059148004,0.0043620117777152245,0.0005692907954824022,0.0043624245673044015,0.0005696584323402476,0.0,0.0,0.0,0.0,-0.0006744269991543206,-0.0014437826674082999,-0.0006744269965963667,-0.0014437827207274267,-0.00047886859827883654,-0.0012507910147263601,-0.0004788685928645009,-0.001250791155698039,2.551890617041863e-05,0.0003265149127003042,2.5522744536488062e-05,0.0003265113333981162,-0.0003380470262328572,-0.00015532115182281814,-0.000338034211182503,-0.00015532803791984406,0.0,0.0,0.0,0.0
