case,condition,frequency_Hz,response_real,response_imag,relative_complex_error
baseline,200ns_0ns,20000000.0,-0.17397069535128107,-0.18923406068010945,1.1241756411872112
baseline,200ns_0ns,20300000.0,-0.7705605679325894,-0.07430176102349124,1.1270221718288658
baseline,200ns_0ns,20600000.0,-1.2668085789133425,0.24407870358973133,1.1303579978355596
baseline,200ns_0ns,20900000.0,-1.5977569552339932,0.712655205817358,1.1340578591320318
baseline,200ns_0ns,21200000.0,-1.723074124845299,1.2591237788680647,1.137934431157837
baseline,200ns_0ns,21500000.0,-1.6318967199357788,1.8025923102591814,1.1417641565182872
baseline,200ns_0ns,21800000.0,-1.3435002311318913,2.264929541277519,1.1453179986969417
baseline,200ns_0ns,22100000.0,-0.9038207150051399,2.5814241955221613,1.148392629030648
baseline,200ns_0ns,22400000.0,-0.37841512811364997,2.709315326839181,1.1508377255046471
baseline,200ns_0ns,22700000.0,0.15708172926365008,2.6330835060226256,1.1525757869620594
baseline,200ns_0ns,23000000.0,0.6276315151892413,2.365863717218396,1.153611948171826
baseline,200ns_0ns,23300000.0,0.9691066035122986,1.946887141646924,1.1540325530471234
baseline,200ns_0ns,23600000.0,1.1368402194626492,1.4354041758361478,1.153992598468106
baseline,200ns_0ns,23900000.0,1.1112849862223828,0.9020108784506544,1.1536935298745836
baseline,200ns_0ns,24200000.0,0.9000761244846163,0.4186334006338575,1.1533541694707437
baseline,200ns_0ns,24500000.0,0.5363050565352577,0.04857784512121526,1.1531786488171125
baseline,200ns_0ns,24800000.0,0.07333294320904257,-0.16199015099603223,1.1533258948981566
baseline,200ns_0ns,25100000.0,-0.4230600834808146,-0.19000049287038961,1.1538852595997906
baseline,200ns_0ns,25400000.0,-0.8840478504852851,-0.03811140070737409,1.1548621408319708
baseline,200ns_0ns,25700000.0,-1.2473291222733174,0.2662636432211621,1.1561759502693219
baseline,200ns_0ns,26000000.0,-1.4655760628467354,0.6753169401336481,1.1576707898450516
baseline,200ns_0ns,26300000.0,-1.5126240097986068,1.1279176989969908,1.1591371249941518
baseline,200ns_0ns,26600000.0,-1.386602355251455,1.5583585409051195,1.1603410328095924
baseline,200ns_0ns,26900000.0,-1.1096445272291098,1.9055357454440798,1.1610565779802573
baseline,200ns_0ns,27200000.0,-0.7242932505675588,2.1212895624143964,1.161096636598707
baseline,200ns_0ns,27500000.0,-0.2871690607224427,2.1767743721944126,1.1603379571221524
baseline,200ns_0ns,27800000.0,0.13916590909715146,2.0660240075486054,1.1587372172026373
baseline,200ns_0ns,28100000.0,0.4949885995050323,1.80628139614385,1.1563360924902883
baseline,200ns_0ns,28400000.0,0.7316158918237016,1.4351161717414573,1.1532547391612213
baseline,200ns_0ns,28700000.0,0.8179070243887151,1.0047956106853182,1.1496745060465139
baseline,200ns_0ns,29000000.0,0.7442061457306887,0.5747428054331295,1.1458120585665896
baseline,200ns_0ns,29300000.0,0.5232340189163928,0.20316226908584084,1.1418883113117728
baseline,200ns_0ns,29600000.0,0.18786833296889113,-0.060994186622438024,1.1380964647968648
baseline,200ns_0ns,29900000.0,-0.2138178233199593,-0.18461909698862847,1.1345738132454526
baseline,200ns_0ns,30200000.0,-0.6255191338106857,-0.15471728669589266,1.1313816439679494
baseline,200ns_0ns,30500000.0,-0.9906613107312515,0.02019315023590934,1.1284964172008438
baseline,200ns_0ns,30800000.0,-1.2602445912440212,0.3116839035609616,1.1258136341860445
baseline,200ns_0ns,31100000.0,-1.3994859600265215,0.6757434063831217,1.123163713234587
baseline,200ns_0ns,31400000.0,-1.39236524736947,1.059177006840555,1.1203372505994387
baseline,200ns_0ns,31700000.0,-1.2434867404390981,1.4071558603715184,1.1171156510785747
baseline,200ns_0ns,32000000.0,-0.9770497937041045,1.670848918308297,1.1133024994062497
baseline,200ns_0ns,32300000.0,-0.6331251224907977,1.8140808957095764,1.108751211914628
baseline,200ns_0ns,32600000.0,-0.2618020523038916,1.8181133159223979,1.1033852930234815
baseline,200ns_0ns,32900000.0,0.0839442006264355,1.6839217292402948,1.0972086903699114
baseline,200ns_0ns,33200000.0,0.3556547206595463,1.431699724826192,1.0903050880879634
baseline,200ns_0ns,33500000.0,0.5160290834555241,1.0977086245469714,1.0828263586583824
baseline,200ns_0ns,33800000.0,0.5439016244334615,0.7289566530111085,1.0749717231676308
baseline,200ns_0ns,34100000.0,0.4368923746759575,0.37648297948071485,1.066960371237468
baseline,200ns_0ns,34400000.0,0.21140654852298726,0.08820136059604282,1.0590012537819256
baseline,200ns_0ns,34700000.0,-0.09997097507939796,-0.09769763028176699,1.0512643217233055
baseline,200ns_0ns,35000000.0,-0.45328003564934105,-0.15788140604033415,1.0438574615350746
baseline,200ns_0ns,35300000.0,-0.7994849163700594,-0.08686084825821376,1.036812654005711
baseline,200ns_0ns,35600000.0,-1.0913708548056984,0.10255064269951239,1.030083485863447
baseline,200ns_0ns,35900000.0,-1.290071324160786,0.38132545048923416,1.0235543005464116
baseline,200ns_0ns,36200000.0,-1.3703273848137338,0.7085251878453763,1.017059365262916
baseline,200ns_0ns,36500000.0,-1.323770960372437,1.037185766433746,1.0104088706321275
baseline,200ns_0ns,36800000.0,-1.1598093191628203,1.3209419010722792,1.0034176703044346
baseline,200ns_0ns,37100000.0,-0.9040273257596834,1.5204601687815509,0.9959325146200194
baseline,200ns_0ns,37400000.0,-0.5943693701363091,1.6087913680264956,0.9878540423947634
baseline,200ns_0ns,37700000.0,-0.2756664118280649,1.574917016637191,0.9791507600126428
baseline,200ns_0ns,38000000.0,0.006706040849134976,1.4250267365782798,0.9698634323476147
baseline,200ns_0ns,38300000.0,0.2131451487864506,1.181385210982428,0.9600995630449038
baseline,200ns_0ns,38600000.0,0.3152367741079488,0.8789838626339066,0.9500188480182452
baseline,200ns_0ns,38900000.0,0.2995325892905487,0.5604765876060763,0.9398115826781579
baseline,200ns_0ns,39200000.0,0.1691892688698604,0.270129162097341,0.9296729237108469
baseline,200ns_0ns,39500000.0,-0.05672498653877972,0.047637564264862264,0.9197765463178594
baseline,200ns_0ns,39800000.0,-0.34612473364126906,-0.07732439433912923,0.9102514576943441
baseline,200ns_0ns,40100000.0,-0.658567123195542,-0.08908194863877726,0.9011653961930404
baseline,200ns_0ns,40400000.0,-0.9510035473926931,0.012069435562552735,0.8925173162114138
baseline,200ns_0ns,40700000.0,-1.1838078557348704,0.21014249047420247,0.8842400343756539
baseline,200ns_0ns,41000000.0,-1.3262395671671552,0.4759142162029331,0.8762124557861981
baseline,200ns_0ns,41300000.0,-1.3605913083987227,0.7711863487061424,0.8682792638580008
baseline,200ns_0ns,41600000.0,-1.2844633510131398,1.054231885830586,0.8602748680370419
baseline,200ns_0ns,41900000.0,-1.1108762686239664,1.2856535806473042,0.8520479451256822
baseline,200ns_0ns,42200000.0,-0.8662371364346352,1.4338342241597988,0.8434830845784446
baseline,200ns_0ns,42500000.0,-0.5864726146775886,1.4792269464357761,0.8345167139872182
baseline,200ns_0ns,42800000.0,-0.31189246146657784,1.4169055584403722,0.825145436015205
baseline,200ns_0ns,43100000.0,-0.08151546901235922,1.2570448516277317,0.8154259699353493
baseline,200ns_0ns,43400000.0,0.07234572152039598,1.023293007113926,0.8054669378336893
baseline,200ns_0ns,43700000.0,0.12849150140847918,0.7492917025442337,0.795413701644307
baseline,200ns_0ns,44000000.0,0.07963490753138976,0.4738534023607155,0.7854282991391669
baseline,200ns_0ns,44300000.0,-0.06677340358296036,0.23548497574992486,0.7756671854467647
baseline,200ns_0ns,44600000.0,-0.2897827154428252,0.06702827463213944,0.7662598666492383
baseline,200ns_0ns,44900000.0,-0.5580423267375676,-0.008838367456996846,0.7572914977479641
baseline,200ns_0ns,45200000.0,-0.8343078633183528,0.017376566624886375,0.7487920223521621
baseline,200ns_0ns,45500000.0,-1.0807081045069156,0.14083065800683417,0.7407334631325275
baseline,200ns_0ns,45800000.0,-1.264029399989583,0.34321138047285044,0.733035672288566
baseline,200ns_0ns,46100000.0,-1.3602820836448366,0.5954642130267835,0.7255794790284844
baseline,200ns_0ns,46400000.0,-1.357922769147029,0.8619810014519754,0.7182250231763189
baseline,200ns_0ns,46700000.0,-1.2593015047641858,1.1056466700546375,0.7108323708213178
baseline,200ns_0ns,47000000.0,-1.0801552619483121,1.2930307513529864,0.7032813598178598
baseline,200ns_0ns,47300000.0,-0.8472433135694099,1.3989992057713703,0.6954879634794603
baseline,200ns_0ns,47600000.0,-0.5944773600186782,1.410111892422909,0.6874151396557878
baseline,200ns_0ns,47900000.0,-0.35810423709574146,1.3263480567795298,0.6790769797886155
baseline,200ns_0ns,48200000.0,-0.17162385601398544,1.1609406235946886,0.6705358554645442
baseline,200ns_0ns,48500000.0,-0.06115333415421398,0.938366013915076,0.6618931000633881
baseline,200ns_0ns,48800000.0,-0.04187733841803033,0.6907923319677152,0.6532745204084138
baseline,200ns_0ns,49100000.0,-0.11606556876887958,0.4534996018840315,0.6448126732291078
baseline,200ns_0ns,49400000.0,-0.2729142608398854,0.2599225156023037,0.6366283056232678
baseline,200ns_0ns,49700000.0,-0.49021153141728124,0.13701076429988493,0.6288135590641619
baseline,200ns_0ns,50000000.0,-0.7375724782136913,0.10154937956658638,0.6214193785639005
baseline,200ns_0ns,50300000.0,-0.9807744527295525,0.1579401014402804,0.6144490022214187
baseline,200ns_0ns,50600000.0,-1.1865753658905893,0.29773535104010657,0.6078584768510767
baseline,200ns_0ns,50900000.0,-1.3273379780068584,0.5009688605211177,0.6015640121753719
baseline,200ns_0ns,51200000.0,-1.3848181639774162,0.7390762886729698,0.5954548871694608
baseline,200ns_0ns,51500000.0,-1.3525991388834024,0.9789801476320602,0.5894097941943413
baseline,200ns_0ns,51800000.0,-1.2368482844028195,1.187756185920342,0.583314101671755
baseline,200ns_0ns,52100000.0,-1.055310623875972,1.3372241679647303,0.577075559711967
baseline,200ns_0ns,52400000.0,-0.8346996203644768,1.4078241269666143,0.5706363804548955
baseline,200ns_0ns,52700000.0,-0.6068673876363053,1.3912460599787229,0.5639802568702292
baseline,200ns_0ns,53000000.0,-0.40430207948918795,1.2914607882788682,0.5571336072521399
baseline,200ns_0ns,53300000.0,-0.25558773106823185,1.1240264728858542,0.5501610557993123
baseline,200ns_0ns,53600000.0,-0.1814598694901678,0.9137869554345791,0.5431558344286727
baseline,200ns_0ns,53900000.0,-0.19200006892437838,0.6913008752324328,0.5362263912151661
baseline,200ns_0ns,54200000.0,-0.285347833931347,0.4885135889114795,0.5294809832933612
baseline,200ns_0ns,54500000.0,-0.4480925296154411,0.33428374446976666,0.5230123568911819
baseline,200ns_0ns,54800000.0,-0.6572721312136427,0.25038984703344874,0.516884691804118
baseline,200ns_0ns,55100000.0,-0.8836824188267773,0.24856837163309842,0.5111247373452567
baseline,200ns_0ns,55400000.0,-1.0960208313049522,0.32898515904762304,0.5057184718020475
baseline,200ns_0ns,55700000.0,-1.2652780279212226,0.48033766795686456,0.5006137504715267
baseline,200ns_0ns,56000000.0,-1.3687620317456475,0.6815561750009685,0.4957284342156633
baseline,200ns_0ns,56300000.0,-1.393197675157568,0.9048494514162201,0.49096262265485685
baseline,200ns_0ns,56600000.0,-1.3364789560011068,1.1196557296599825,0.4862130360085735
baseline,200ns_0ns,56900000.0,-1.2078442302463863,1.2969382349995784,0.4813873883141346
baseline,200ns_0ns,57200000.0,-1.0264665115641851,1.4132224580826838,0.47641675481995055
baseline,200ns_0ns,57500000.0,-0.818672224772892,1.4538147126800538,0.4712643618135124
baseline,200ns_0ns,57800000.0,-0.6141907783152722,1.4147615684721484,0.465929797005636
baseline,200ns_0ns,58100000.0,-0.4419682769857344,1.3032899335631078,0.4604482523074048
baseline,200ns_0ns,58400000.0,-0.3261339441036611,1.1366821518100791,0.45488500767124956
baseline,200ns_0ns,58700000.0,-0.28268044506894363,0.939759215332433,0.4493259159705564
baseline,200ns_0ns,59000000.0,-0.317313966580043,0.7413375455035397,0.4438651346358911
baseline,200ns_0ns,59300000.0,-0.4247620865672583,0.5701642268377419,0.43859173428169945
baseline,200ns_0ns,59600000.0,-0.5896211961108316,0.45090319162408093,0.43357703580113105
baseline,200ns_0ns,59900000.0,-0.788609648372311,0.40073195136804013,0.4288645089361112
baseline,200ns_0ns,60200000.0,-0.9938980571228668,0.42701766373730926,0.42446375081112203
baseline,200ns_0ns,60500000.0,-1.177041189676732,0.5263860508713798,0.4203494584252634
baseline,200ns_0ns,60800000.0,-1.312956710067305,0.6852992368220411,0.4164655079103804
baseline,200ns_0ns,61100000.0,-1.3833949958561402,0.8820468956216491,0.4127334212042542
baseline,200ns_0ns,61400000.0,-1.3794207479692318,1.0898588512196998,0.409063821748434
baseline,200ns_0ns,61700000.0,-1.3025697090544368,1.280693658903345,0.40536909051487446
baseline,200ns_0ns,62000000.0,-1.1645319714790976,1.4291677277039905,0.4015753764197491
baseline,200ns_0ns,62300000.0,-0.9854204079933044,1.5160751414102587,0.39763234551817456
baseline,200ns_0ns,62600000.0,-0.7908796385826852,1.5310107784415308,0.3935194738849789
baseline,200ns_0ns,62900000.0,-0.6084502966047265,1.4737391685575583,0.3892481980305774
baseline,200ns_0ns,63200000.0,-0.4637033116445427,1.354130001966382,0.38485976056942
baseline,200ns_0ns,63500000.0,-0.3766861116465733,1.1906829658091447,0.380419089511887
baseline,200ns_0ns,63800000.0,-0.3591739626932508,1.0078612608758157,0.3760055102577666
baseline,200ns_0ns,64100000.0,-0.4131026201178538,0.8326173612859901,0.3717014915141255
baseline,200ns_0ns,64400000.0,-0.5303900305494319,0.6906037208922372,0.36758093027988864
baseline,200ns_0ns,64700000.0,-0.6941589796967153,0.6026004931164823,0.36369862263073544
baseline,200ns_0ns,65000000.0,-0.8811769030067751,0.581657075432331,0.3600824764319757
baseline,200ns_0ns,65300000.0,-1.0651608641880896,0.6313400274811105,0.3567296602063175
baseline,200ns_0ns,65600000.0,-1.2204781751698133,0.7453218276462775,0.35360727769975003
baseline,200ns_0ns,65900000.0,-1.3257222127574682,0.9083555791715269,0.35065741890551305
baseline,200ns_0ns,66200000.0,-1.3666651765401963,1.0984868611996779,0.34780572725896913
baseline,200ns_0ns,66500000.0,-1.3381810664688687,1.2901825428372307,0.34497209690786185
baseline,200ns_0ns,66800000.0,-1.2448796342642907,1.4579312497047618,0.342081869254188
baseline,200ns_0ns,67100000.0,-1.1003743944578546,1.5798083361595194,0.3390759429161957
baseline,200ns_0ns,67400000.0,-0.925299209211988,1.6405077325948494,0.33591848274189645
baseline,200ns_0ns,67700000.0,-0.7443616884986827,1.6334219386001922,0.3326013179703222
baseline,200ns_0ns,68000000.0,-0.5828535848768718,1.5614880883857103,0.32914457376232814
baseline,200ns_0ns,68300000.0,-0.46311046613931856,1.436692838428054,0.3255935324196739
baseline,200ns_0ns,68600000.0,-0.40141568429394486,1.278317079709241,0.322012148803502
baseline,200ns_0ns,68900000.0,-0.405777254537669,1.1101767629571742,0.31847403889299236
baseline,200ns_0ns,69200000.0,-0.4748805884305697,0.9572540905245084,0.3150521011958995
baseline,200ns_0ns,69500000.0,-0.5983531513407796,0.8421950394243806,0.3118081735036602
baseline,200ns_0ns,69800000.0,-0.7582926890413564,0.7821637185264725,0.30878420649973826
baseline,200ns_0ns,70100000.0,-0.9318345906415624,0.786489980505953,0.30599628782985316
baseline,200ns_0ns,70400000.0,-1.094390735165722,0.8554321474380703,0.3034324523944067
baseline,200ns_0ns,70700000.0,-1.2231015208783034,0.9802181812995333,0.30105461479801326
baseline,200ns_0ns,71000000.0,-1.3000169071751704,1.14434864630722,0.29880427829801176
baseline,200ns_0ns,71300000.0,-1.3145642695242474,1.325968681856554,0.2966110667994884
baseline,200ns_0ns,71600000.0,-1.2649642435621655,1.5009684929751685,0.29440272495450953
baseline,200ns_0ns,71900000.0,-1.1584055622407903,1.6463729557408593,0.2921150985678406
baseline,200ns_0ns,72200000.0,-1.0099648577579725,1.743544229816674,0.2897007246651912
baseline,200ns_0ns,72500000.0,-0.8404328642856411,1.7807513745006154,0.28713495412800816
baseline,200ns_0ns,72800000.0,-0.6733599106221605,1.7547531178882354,0.28441891293888044
baseline,200ns_0ns,73100000.0,-0.5317400820058666,1.671180746585183,0.28157901426045917
baseline,200ns_0ns,73400000.0,-0.4348004566610726,1.5436774973784064,0.2786631285904555
baseline,200ns_0ns,73700000.0,-0.3953433066486517,1.3919249461904388,0.27573389287644223
baseline,200ns_0ns,74000000.0,-0.4180082174682643,1.238841346887111,0.27285998549580803
baseline,200ns_0ns,74300000.0,-0.49868954045006936,1.1073502601388485,0.27010648974585993
baseline,200ns_0ns,74600000.0,-0.6251812307685458,1.017174626804703,0.2675256647678041
baseline,200ns_0ns,74900000.0,-0.778949018001116,0.982104203373572,0.2651494724749857
baseline,200ns_0ns,75200000.0,-0.93777311673488,1.0081145162702072,0.26298501544879477
baseline,200ns_0ns,75500000.0,-1.0788850832443997,1.0925934543420743,0.2610136155722883
baseline,200ns_0ns,75800000.0,-1.182156371222657,1.2247747707069574,0.25919367112357683
baseline,200ns_0ns,76100000.0,-1.2328924357291577,1.387308295135313,0.2574667999100099
baseline,200ns_0ns,76400000.0,-1.2238449024830929,1.5587383418021419,0.2557662557150256
baseline,200ns_0ns,76700000.0,-1.156166669975148,1.7165366641970294,0.2540263044562583
baseline,200ns_0ns,77000000.0,-1.039184725307007,1.840261580318505,0.2521911992659734
baseline,200ns_0ns,77300000.0,-0.8890316914410372,1.914400612279777,0.25022256111396896
baseline,200ns_0ns,77600000.0,-0.7263363297193166,1.9305016777988857,0.2481042744129157
baseline,200ns_0ns,77900000.0,-0.5733032071295168,1.8883003905095956,0.24584436659630832
baseline,200ns_0ns,78200000.0,-0.45059456697831984,1.7956936217891777,0.24347370521838663
baseline,200ns_0ns,78500000.0,-0.37445190489257624,1.6675719143313479,0.24104169551260154
baseline,200ns_0ns,78800000.0,-0.35445788015526014,1.523682766208549,0.23860949374152357
baseline,200ns_0ns,79100000.0,-0.3922466078935899,1.3858309685051782,0.23624156248983932
baseline,200ns_0ns,79400000.0,-0.48133544396063443,1.2748125242951265,0.2339966571884089
baseline,200ns_0ns,79700000.0,-0.6080932700713401,1.2075129098920478,0.23191949467390516
baseline,200ns_0ns,80000000.0,-0.7537012824742549,1.1945742021234758,0.23003434598123845
baseline,200ns_0ns,80300000.0,-0.8968246112876855,1.2389530112154845,0.2283415661444548
baseline,200ns_0ns,80600000.0,-1.0166158303420962,1.3355641932895144,0.22681762823097962
baseline,200ns_0ns,80900000.0,-1.095627850198424,1.4720520468605316,0.22541864616281482
baseline,200ns_0ns,81200000.0,-1.1222295081035847,1.6305727420684484,0.22408678610749316
baseline,200ns_0ns,81500000.0,-1.0921897249016876,1.7903312015990105,0.2227585191998058
baseline,200ns_0ns,81800000.0,-1.0092148285553462,1.9305120611997568,0.22137344822265323
baseline,200ns_0ns,82100000.0,-0.8843716105702409,2.033191891958262,0.2198824586900062
baseline,200ns_0ns,82400000.0,-0.7344849876526823,2.085825520527154,0.218254146170275
baseline,200ns_0ns,82700000.0,-0.5797418765441662,2.082961820971187,0.21647877519789274
baseline,200ns_0ns,83000000.0,-0.44084220201530605,2.026954615571858,0.2145693604906188
baseline,200ns_0ns,83300000.0,-0.3360988092124976,1.9275765508212912,0.21255978956327087
baseline,200ns_0ns,83600000.0,-0.2788922868801252,1.8005978947583579,0.2105002182506581
baseline,200ns_0ns,83900000.0,-0.2758341444871139,1.6655365075254525,0.20845027154841902
baseline,200ns_0ns,84200000.0,-0.3258901812032203,1.5428996652606999,0.20647086758891336
baseline,200ns_0ns,84500000.0,-0.4205797944113078,1.4513071853281134,0.204615722910307
baseline,200ns_0ns,84800000.0,-0.5452156725810131,1.4048991207947463,0.20292373399396343
baseline,200ns_0ns,85100000.0,-0.6810030635792274,1.4113886233201691,0.20141339332680022
baseline,200ns_0ns,85400000.0,-0.807698869969492,1.471027782792319,0.2000801421186744
baseline,200ns_0ns,85700000.0,-0.9064546408373358,1.5766246671703468,0.1988971019334933
baseline,200ns_0ns,86000000.0,-0.9624444553170417,1.7146017846438304,0.1978190547540157
baseline,200ns_0ns,86300000.0,-0.9669115794768194,1.8669405953656248,0.19678899506388453
baseline,200ns_0ns,86600000.0,-0.9183516355039151,2.0137338523756805,0.19574619055681083
baseline,200ns_0ns,86900000.0,-0.8226727691652637,2.1359844695647134,0.19463453160586497
baseline,200ns_0ns,87200000.0,-0.6923175042948466,2.218257639448483,0.19341001586333642
baseline,200ns_0ns,87500000.0,-0.5444763186972646,2.250816172208066,0.19204643766641952
baseline,200ns_0ns,87800000.0,-0.3986491320098389,2.230943867619219,0.19053865051715552
baseline,200ns_0ns,88100000.0,-0.2739003533087399,2.163277342618674,0.18890308253373803
baseline,200ns_0ns,88400000.0,-0.18619363643318693,2.0591066725545835,0.18717548145345947
baseline,200ns_0ns,88700000.0,-0.1461787050091363,1.9347497282699213,0.18540614761396274
baseline,200ns_0ns,89000000.0,-0.15773683466542016,1.8092339615621837,0.18365318965897467
baseline,200ns_0ns,89300000.0,-0.2174833684116205,1.701614692009553,0.18197460493453035
baseline,200ns_0ns,89600000.0,-0.31529041336288766,1.6283075777532483,0.18042021208443154
baseline,200ns_0ns,89900000.0,-0.43574971745501345,1.600808425160038,0.17902458463850848
baseline,200ns_0ns,90200000.0,-0.5603647273713576,1.6241167978261604,0.17780207944342935
baseline,200ns_0ns,90500000.0,-0.6701602236243126,1.696079302881165,0.17674477989790263
baseline,200ns_0ns,90800000.0,-0.74834158372883,1.8077383228375834,0.17582370524814805
baseline,200ns_0ns,91100000.0,-0.7826312259424922,1.944630718751325,0.17499307403092193
baseline,200ns_0ns,91400000.0,-0.7669574194796217,2.0888484844911828,0.17419689546236036
baseline,200ns_0ns,91700000.0,-0.7022634052616583,2.2215679644118405,0.17337682287190154
baseline,200ns_0ns,92000000.0,-0.5963293823467729,2.32569061682418,0.17248009535663375
baseline,200ns_0ns,92300000.0,-0.4626387397852243,2.388225039621053,0.1714664950172083
baseline,200ns_0ns,92600000.0,-0.3184534400088367,2.402078598219132,0.1703134834726742
baseline,200ns_0ns,92900000.0,-0.18237304459883505,2.3670117682793306,0.16901897166124683
baseline,200ns_0ns,93200000.0,-0.07172234286157748,2.2896270679838393,0.16760146595253977
baseline,200ns_0ns,93500000.0,-0.00013429385529228208,2.1824003733039934,0.16609760226588505
baseline,200ns_0ns,93800000.0,0.02433470446287768,2.0618963601982125,0.16455733567330222
baseline,200ns_0ns,94100000.0,0.0002968636999535876,1.9464230740671196,0.16303730935197505
baseline,200ns_0ns,94400000.0,-0.06681538997928023,1.8534574779723985,0.16159318096080597
baseline,200ns_0ns,94700000.0,-0.16555346703609466,1.7972037588268235,0.1602719019260343
baseline,200ns_0ns,95000000.0,-0.2800937028558386,1.7866252874978703,0.159105059612058
baseline,200ns_0ns,95300000.0,-0.3924804804293737,1.8242226792942713,0.15810432929622703
baseline,200ns_0ns,95600000.0,-0.4851536210926413,1.9057242635877085,0.1572598004484812
baseline,200ns_0ns,95900000.0,-0.5434045001954073,2.020726532939038,0.156541469529089
baseline,200ns_0ns,96200000.0,-0.5574175564446638,2.154188957132479,0.15590363674333824
baseline,200ns_0ns,96500000.0,-0.5236140416749862,2.2885685780175367,0.15529145354048687
baseline,200ns_0ns,96800000.0,-0.44511428187301133,2.4062916034921495,0.15464856248497905
baseline,200ns_0ns,97100000.0,-0.3312592344196381,2.492213941538204,0.1539246980088567
baseline,200ns_0ns,97400000.0,-0.19626415275302883,2.5357263260072513,0.15308224158097997
baseline,200ns_0ns,97700000.0,-0.057198188184763604,2.5322115617512346,0.15210096782962182
baseline,200ns_0ns,98000000.0,0.068423095786065,2.4836539011875667,0.15098049859033036
baseline,200ns_0ns,98300000.0,0.16509291020350758,2.398320466195098,0.1497402499512479
baseline,200ns_0ns,98600000.0,0.22147214872765503,2.2895650022615692,0.14841690104933875
baseline,200ns_0ns,98900000.0,0.23195161168472225,2.1739267888227483,0.14705964609021774
baseline,200ns_0ns,99200000.0,0.197402490924532,2.0687951317701603,0.14572373027277324
baseline,200ns_0ns,99500000.0,0.12501498851275122,1.9899690251847955,0.1444630149388978
baseline,200ns_0ns,99800000.0,0.027253186245805215,1.9494542441342555,0.14332253211316962
baseline,200ns_0ns,100100000.0,-0.07992218418104244,1.9538048266009613,0.14233210482752315
baseline,200ns_0ns,100400000.0,-0.1793098576148407,2.0032378503372974,0.14150204909180233
baseline,200ns_0ns,100700000.0,-0.25488431355270874,2.0916407897740497,0.1408216923183745
baseline,200ns_0ns,101000000.0,-0.2940329812452962,2.2074650793130504,0.14026097250574768
baseline,200ns_0ns,101300000.0,-0.2893022309249974,2.335375493910967,0.13977483426816012
baseline,200ns_0ns,101600000.0,-0.23941063191307968,2.45841993183982,0.13930966184653706
baseline,200ns_0ns,101900000.0,-0.14939196538209906,2.560412733453273,0.13881070554136468
baseline,200ns_0ns,102200000.0,-0.029853117893796532,2.628196594400312,0.13822940674310094
baseline,200ns_0ns,102500000.0,0.10454402250841985,2.6534671048537413,0.13752966625516028
baseline,200ns_0ns,102800000.0,0.23715955498135555,2.633907035180875,0.13669234590543108
baseline,200ns_0ns,103100000.0,0.3517173607716001,2.573475603914162,0.1357175639057833
baseline,200ns_0ns,103400000.0,0.4345822752524898,2.4818171682528765,0.13462459384373027
baseline,200ns_0ns,103700000.0,0.47665417752631006,2.3728772631950372,0.13344939849771906
baseline,200ns_0ns,104000000.0,0.47461602221282306,2.2629243741115057,0.13224004114609225
baseline,200ns_0ns,104300000.0,0.4313648123896844,2.1682578742473884,0.13105044024241141
baseline,200ns_0ns,104600000.0,0.35556989217624174,2.102924873888977,0.12993317026859916
baseline,200ns_0ns,104900000.0,0.26042543719109484,2.0767656183877836,0.12893222834419818
baseline,200ns_0ns,105200000.0,0.16177645342475785,2.094059234797728,0.1280768124686251
baseline,200ns_0ns,105500000.0,0.0758842801089269,2.152956014499647,0.1273771105715794
baseline,200ns_0ns,105800000.0,0.01714654352835276,2.245771231934834,0.12682283075254766
baseline,200ns_0ns,106100000.0,-0.003908910202310051,2.360094447331849,0.1263847402723124
baseline,200ns_0ns,106400000.0,0.01792324683927651,2.4805543251843916,0.12601893697955044
baseline,200ns_0ns,106700000.0,0.08182670752573007,2.5909881259187304,0.12567310569478177
baseline,200ns_0ns,107000000.0,0.18111167425718996,2.676709786121727,0.12529373606321276
baseline,200ns_0ns,107300000.0,0.3041847456801581,2.7265584247605017,0.12483323626725076
baseline,200ns_0ns,107600000.0,0.4362001101092207,2.734441646690447,0.1242560228463871
baseline,200ns_0ns,107900000.0,0.5611570006938098,2.700160355487964,0.12354291170699025
baseline,200ns_0ns,108200000.0,0.6641471952391499,2.6294035852676663,0.12269339712862003
baseline,200ns_0ns,108500000.0,0.7334369857736559,2.53291870019671,0.1217256392206763
baseline,200ns_0ns,108800000.0,0.7620929765590281,2.424977750291698,0.12067418170016031
baseline,200ns_0ns,109100000.0,0.7489265576544446,2.321358659378051,0.11958561311510241
baseline,200ns_0ns,109400000.0,0.6986285514949235,2.2371266489983004,0.11851259169289896
baseline,200ns_0ns,109700000.0,0.6210796390634635,2.1845277007815866,0.1175068835947324
baseline,200ns_0ns,110000000.0,0.5299376685023828,2.1712884556317915,0.1166122863105972
baseline,200ns_0ns,110300000.0,0.4407036549465242,2.199558418323631,0.11585845321261624
baseline,200ns_0ns,110600000.0,0.36854017767167346,2.265639100479389,0.11525661437374334
baseline,200ns_0ns,110900000.0,0.32614906063760973,2.360533745730782,0.11479794444433397
baseline,200ns_0ns,111200000.0,0.3220052506667624,2.4712361851803855,0.11445488023863429
baseline,200ns_0ns,111500000.0,0.35919231449080435,2.582574305933911,0.1141851489937334
baseline,200ns_0ns,111800000.0,0.4349993963715678,2.6793469456155123,0.11393779106589941
baseline,200ns_0ns,112100000.0,0.5413319784728979,2.748453343526179,0.11366017761523015
baseline,200ns_0ns,112400000.0,0.6658745363165871,2.7807169411770705,0.11330497774368495
baseline,200ns_0ns,112700000.0,0.7938382146605621,2.772149730929952,0.11283617419558845
baseline,200ns_0ns,113000000.0,0.9100456124875395,2.7244830599299257,0.11223346957757636
baseline,200ns_0ns,113300000.0,1.0010588782376366,2.6448944578741704,0.11149468054772678
baseline,200ns_0ns,113600000.0,1.0570528157207848,2.544973028873985,0.11063593904470245
baseline,200ns_0ns,113900000.0,1.073171997336542,2.439072361584328,0.10968970387413284
baseline,200ns_0ns,114200000.0,1.0501845301745663,2.3422849021456624,0.10870075759790798
baseline,200ns_0ns,114500000.0,0.9943446171341745,2.268323513813355,0.10772055339917903
baseline,200ns_0ns,114800000.0,0.9164873307071583,2.227607440196648,0.10680049772106308
baseline,200ns_0ns,115100000.0,0.8304864277055087,2.2258196985017453,0.10598498334565871
baseline,200ns_0ns,115400000.0,0.7512945585046813,2.2631355015278563,0.10530515691669276
baseline,200ns_0ns,115700000.0,0.6928425668270703,2.334226279435222,0.1047744221842598
baseline,200ns_0ns,116000000.0,0.6660928687185211,2.429034695733589,0.10438647427475294
baseline,200ns_0ns,116300000.0,0.6775187839994362,2.5342080887853413,0.1041162356490073
baseline,200ns_0ns,116600000.0,0.7282206222708913,2.634986132874172,0.10392352354955631
baseline,200ns_0ns,116900000.0,0.8137990475417688,2.7172759496384478,0.10375878392879757
baseline,200ns_0ns,117200000.0,0.9249995541988242,2.769623022436138,0.10356991998037951
baseline,200ns_0ns,117500000.0,1.0490338081679755,2.78480236264831,0.10330917903969551
baseline,200ns_0ns,117800000.0,1.171389283476246,2.760808983101727,0.10293919741605753
baseline,200ns_0ns,118100000.0,1.2778711949099524,2.7011120048803003,0.10243754296912776
baseline,200ns_0ns,118400000.0,1.3565894976339778,2.6141405610512467,0.10179934833354772
baseline,200ns_0ns,118700000.0,1.3996128833578951,2.512077427420448,0.10103784220186077
baseline,200ns_0ns,119000000.0,1.4040597616065151,2.4091328938280285,0.10018275655397127
baseline,200ns_0ns,119300000.0,1.3724762456775308,2.3195433200279068,0.09927674035683073
baseline,200ns_0ns,119600000.0,1.3124517955522763,2.2555761488082475,0.09837008074136655
baseline,200ns_0ns,119900000.0,1.2355302064169655,2.225820822592086,0.09751424264411841
baseline,200ns_0ns,120200000.0,1.1555720484208947,2.2340035940138554,0.09675497344820871
baseline,200ns_0ns,120500000.0,1.0868007203719838,2.2784896387336135,0.09612591908955026
baseline,200ns_0ns,120800000.0,1.0418074371148687,2.3525387819013592,0.09564376594430464
baseline,200ns_0ns,121100000.0,1.0297948474552687,2.445275250039741,0.09530577092271914
baseline,200ns_0ns,121400000.0,1.0553041571832023,2.543232033837137,0.0950901526687052
baseline,200ns_0ns,121700000.0,1.1176016823768353,2.6322506459217987,0.09495927718622396
baseline,200ns_0ns,122000000.0,1.2108075084135583,2.6994683588220827,0.09486504683639518
baseline,200ns_0ns,122300000.0,1.3247445612107085,2.73511407884547,0.09475555254973615
baseline,200ns_0ns,122600000.0,1.4463855825155671,2.733862195717759,0.09458194994546534
baseline,200ns_0ns,122900000.0,1.561692343731894,2.6955569050552497,0.09430463841506252
baseline,200ns_0ns,123200000.0,1.657587493599527,2.6252086128579917,0.09389805984996534
baseline,200ns_0ns,123500000.0,1.7237821258729529,2.532266489071008,0.09335368969572179
baseline,200ns_0ns,123800000.0,1.7542037191996356,2.429272624308264,0.09268100692778851
baseline,200ns_0ns,124100000.0,1.7478263321170755,2.3300893638944977,0.091906390870796
baseline,200ns_0ns,124400000.0,1.7087896413194184,2.247950257773199,0.09107002758930384
baseline,200ns_0ns,124700000.0,1.6457935926406129,2.193608560621341,0.09022105749483482
baseline,200ns_0ns,125000000.0,1.570856983662832,2.1738422239678714,0.08941139043070094
baseline,200ns_0ns,125300000.0,1.4976169832104884,2.1905231274212165,0.08868885398684173
baseline,200ns_0ns,125600000.0,1.439410055327294,2.2403782451351995,0.08809057443040502
baseline,200ns_0ns,125900000.0,1.4074042253200911,2.3154728886614135,0.08763761970930385
baseline,200ns_0ns,126200000.0,1.409044138123976,2.4043448578903353,0.08733185395370734
baseline,200ns_0ns,126500000.0,1.4470252853099759,2.493627477380776,0.08715561408809669
baseline,200ns_0ns,126800000.0,1.5189386053890523,2.56993177317032,0.08707428462573669
baseline,200ns_0ns,127100000.0,1.6176320664515205,2.621722831644691,0.08704128107718147
baseline,200ns_0ns,127400000.0,1.732235164391942,2.640927455503813,0.0870045397121328
baseline,200ns_0ns,127700000.0,1.8496996461221387,2.624049124929222,0.08691345733256961
baseline,200ns_0ns,128000000.0,1.9566381325629993,2.572636362038007,0.08672531498024585
baseline,200ns_0ns,128300000.0,2.041201606894318,2.493041917494167,0.0864104546943555
baseline,200ns_0ns,128600000.0,2.0947325067817584,2.3955098566307638,0.08595574448012329
baseline,200ns_0ns,128900000.0,2.11296283574641,2.292721618202216,0.08536608873249095
baseline,200ns_0ns,129200000.0,2.096591537742967,2.1980073104437516,0.08466390000932275
baseline,200ns_0ns,129500000.0,2.051163127863818,2.1234744506279895,0.08388656725260421
baseline,200ns_0ns,129800000.0,1.986267840805837,2.078316746160786,0.08308208052295972
baseline,200ns_0ns,130100000.0,1.9141785313441746,2.067539067156814,0.08230314579532065
baseline,200ns_0ns,130400000.0,1.8481179475368137,2.09127534881725,0.08160036099402336
baseline,200ns_0ns,130700000.0,1.8004008928631459,2.1447922630401313,0.08101529132706538
baseline,200ns_0ns,131000000.0,1.7807121947263806,2.219174979893266,0.08057448407576194
baseline,200ns_0ns,131300000.0,1.794761165077846,2.3025957813859517,0.08028547454867188
baseline,200ns_0ns,131600000.0,1.8434993774834445,2.381985075760415,0.08013556779087518
baseline,200ns_0ns,131900000.0,1.9230087943125254,2.444868802678799,0.08009366026314844
baseline,200ns_0ns,132200000.0,2.0250728556556674,2.4811139844744616,0.08011474844737469
baseline,200ns_0ns,132500000.0,2.138347383897432,2.484338228925335,0.08014627014322312
baseline,200ns_0ns,132800000.0,2.249964486861665,2.4527871907551635,0.08013518957842461
baseline,200ns_0ns,133100000.0,2.3473427259337805,2.3895594434204956,0.08003478531183605
baseline,200ns_0ns,133400000.0,2.4199489404255643,2.3021502056602774,0.07981033270533244
baseline,200ns_0ns,133700000.0,2.4607650460379134,2.2013809447675636,0.07944315835138242
baseline,200ns_0ns,134000000.0,2.467255581126378,2.0998676330490342,0.07893278600174858
baseline,200ns_0ns,134300000.0,2.44170265529624,2.010244394646383,0.0782970586075491
baseline,200ns_0ns,134600000.0,2.390864201455526,1.9433925832527015,0.07757022849331638
baseline,200ns_0ns,134900000.0,2.3250064577435605,1.9069234487141453,0.07679910658690145
baseline,200ns_0ns,135200000.0,2.2564490694757193,1.9041259035210558,0.07603750669868868
baseline,200ns_0ns,135500000.0,2.1978288822156786,1.9335247789878778,0.07533944721073318
baseline,200ns_0ns,135800000.0,2.1603270003839556,1.9891087616439624,0.07475186737443124
baseline,200ns_0ns,136100000.0,2.1521077463500813,2.061193090380009,0.07430789598257165
baseline,200ns_0ns,136400000.0,2.1771873567643234,2.1377932958622927,0.07402183450545591
baseline,200ns_0ns,136700000.0,2.234889065886988,2.206315194556072,0.07388684926089653
baseline,200ns_0ns,137000000.0,2.319958357778179,2.2553228901938533,0.07387587826187639
baseline,200ns_0ns,137300000.0,2.423319327651388,2.27613665345817,0.07394558227930678
baseline,200ns_0ns,137600000.0,2.5333633305377536,2.264037482865227,0.07404255069251948
baseline,200ns_0ns,137900000.0,2.6375869768885645,2.218911249802074,0.07411062377521833
baseline,200ns_0ns,138200000.0,2.7243483770797865,2.1452446007781774,0.0740981783895073
baseline,200ns_0ns,138500000.0,2.7844949745006256,2.051476021110113,0.07396445389227604
baseline,200ns_0ns,138800000.0,2.812635378421874,1.948795820381498,0.073684313108346
baseline,200ns_0ns,139100000.0,2.8078784898476163,1.8495656235704987,0.0732511117790183
baseline,200ns_0ns,139400000.0,2.773938637804098,1.7655805363975103,0.072677533964218
baseline,200ns_0ns,139700000.0,2.7185947344391934,1.706418235690728,0.0719943523186739
baseline,200ns_0ns,140000000.0,2.652582042539023,1.6781059974791308,0.07124714337118095
baseline,200ns_0ns,140300000.0,2.5880743292255772,1.6822911203760407,0.07049109589513064
baseline,200ns_0ns,140600000.0,2.5369709081548706,1.71602885260679,0.06978425218067083
baseline,200ns_0ns,140900000.0,2.509229496489771,1.7722148970551874,0.06917983336976387
baseline,200ns_0ns,141200000.0,2.5114783594244607,1.8405991136660438,0.06871866016563359
baseline,200ns_0ns,141500000.0,2.5461010736352105,1.9092358529945175,0.06842293885252544
baseline,200ns_0ns,141800000.0,2.6109201766493726,1.966165776038815,0.06829265095899777
baseline,200ns_0ns,142100000.0,2.6995214947277932,2.0010924451452006,0.06830535659227033
baseline,200ns_0ns,142400000.0,2.802170969573666,2.0068187095193237,0.06841948525420641
baseline,200ns_0ns,142700000.0,2.9071929659392546,1.9802425716111887,0.06858041680516436
baseline,200ns_0ns,143000000.0,3.002614916684685,1.9227748102489088,0.0687281466203854
baseline,200ns_0ns,143300000.0,3.0778466565038713,1.840122263470032,0.06880522270615909
baseline,200ns_0ns,143600000.0,3.1251589097436123,1.7414698188815132,0.06876386772777007
baseline,200ns_0ns,143900000.0,3.1407545387185376,1.6381782974604353,0.06857156716488075
baseline,200ns_0ns,144200000.0,3.125284103983092,1.5421827776416372,0.06821474232471032
baseline,200ns_0ns,144500000.0,3.083735795739822,1.4643171204515022,0.06770034711831872
baseline,200ns_0ns,144800000.0,3.0247177774280223,1.4127998568175002,0.06705533104566755
baseline,200ns_0ns,145100000.0,2.959236068707554,1.3920930004416525,0.06632395323497405
baseline,200ns_0ns,145400000.0,2.8991413730394813,1.4022921984232222,0.0655629932375354
baseline,200ns_0ns,145700000.0,2.8554639371647013,1.4391314990661777,0.06483506388494084
baseline,200ns_0ns,146000000.0,2.8368703157950543,1.494599522977372,0.0642005406285305
baseline,200ns_0ns,146300000.0,2.848457860455934,1.558078138679943,0.06370905483831309
baseline,200ns_0ns,146600000.0,2.891054522726365,1.6178418729546236,0.06339191125880086
baseline,200ns_0ns,146900000.0,2.9611200428642244,1.6627063890654628,0.06325693998093466
baseline,200ns_0ns,147200000.0,3.051259904417627,1.6835943415389842,0.06328697146113926
baseline,200ns_0ns,147500000.0,3.151277497612066,1.6747994480141013,0.06344233601160955
baseline,200ns_0ns,147800000.0,3.249614798671133,1.6347728170088667,0.06366682586337163
baseline,200ns_0ns,148100000.0,3.3349780251850922,1.566323255362894,0.06389582747827065
baseline,200ns_0ns,148400000.0,3.397919629209516,1.4762058642168443,0.06406509130960275
baseline,200ns_0ns,148700000.0,3.4321550405162404,1.374159082164192,0.06411882336337515
baseline,200ns_0ns,149000000.0,3.4354306533665446,1.271527402921372,0.06401622652790255
baseline,200ns_0ns,149300000.0,3.409823198075506,1.1796645163730926,0.06373604754742088
baseline,200ns_0ns,149600000.0,3.361430829096774,1.1083416131846824,0.06327896450806818
baseline,200ns_0ns,149900000.0,3.2995016880812087,1.064383962054058,0.06266776551455157
baseline,200ns_0ns,150200000.0,3.235124368763026,1.0507259712888157,0.061945281864848954
baseline,200ns_0ns,150500000.0,3.1796656215810497,1.066015519559877,0.06117004164661841
baseline,200ns_0ns,150800000.0,3.143175323578987,1.1048208203877374,0.06040970594637266
baseline,200ns_0ns,151100000.0,3.1329824465913685,1.158408409172673,0.05973262994145846
baseline,200ns_0ns,151400000.0,3.152678088369176,1.2159809074899275,0.05919837983423405
baseline,200ns_0ns,151700000.0,3.201626590552221,1.2661992118996552,0.05884861805465441
baseline,200ns_0ns,152000000.0,3.2750711781972823,1.2987745817993939,0.058700156630940005
baseline,200ns_0ns,152300000.0,3.3648169505498484,1.3059071547464618,0.05874183180186809
baseline,200ns_0ns,152600000.0,3.460393186358495,1.2833698321168876,0.05893604164299787
baseline,200ns_0ns,152900000.0,3.550530123265819,1.2310869868822714,0.05922458769588688
baseline,200ns_0ns,153200000.0,3.6247419378128543,1.1531288578005403,0.059537423566613464
baseline,200ns_0ns,153500000.0,3.674793586079657,1.0571247180808727,0.05980247588879181
baseline,200ns_0ns,153800000.0,3.6958463209362904,0.9531793736985466,0.059954906389349805
baseline,200ns_0ns,154100000.0,3.6871225527752958,0.8524468406853232,0.059944739205122874
baseline,200ns_0ns,154400000.0,3.6519987268110037,0.765562506607632,0.05974233992922589
baseline,200ns_0ns,154700000.0,3.5975154322158955,0.7011541326254449,0.059341600142843225
baseline,200ns_0ns,155000000.0,3.533375697648483,0.6646401395804512,0.05876082075044816
baseline,200ns_0ns,155300000.0,3.470573901760979,0.6574825352069953,0.058041268601275356
baseline,200ns_0ns,155600000.0,3.4198489571791626,0.6769974526617535,0.05724331308382028
baseline,200ns_0ns,155900000.0,3.3901793097600788,0.7167476991552639,0.056440058270274214
baseline,200ns_0ns,156200000.0,3.387530589876458,0.7674600263968994,0.055708602408250256
baseline,200ns_0ns,156500000.0,3.414030517389329,0.8183364945253464,0.05511957006004085
baseline,200ns_0ns,156800000.0,3.467685090328136,0.8585745565559975,0.05472631675840686
baseline,200ns_0ns,157100000.0,3.5426737637941095,0.8788819434112182,0.054555894489918266
baseline,200ns_0ns,157400000.0,3.6301800098522112,0.872773981124671,0.05460399276084365
baseline,200ns_0ns,157700000.0,3.7196387591654547,0.8374722886795278,0.05483528938116934
baseline,200ns_0ns,158000000.0,3.8002242343344417,0.7742803829614964,0.05518915822590294
baseline,200ns_0ns,158300000.0,3.862368657850539,0.6883855286122472,0.0555892163384106
baseline,200ns_0ns,158600000.0,3.8990987886582413,0.5881168022890709,0.05595446464941672
baseline,200ns_0ns,158900000.0,3.907003592748507,0.48376546379752794,0.056209957204220534
baseline,200ns_0ns,159200000.0,3.8866987771808903,0.3861346867590313,0.05629565492474251
baseline,200ns_0ns,159500000.0,3.842724965397327,0.3050230108686513,0.056172878661207994
baseline,200ns_0ns,159800000.0,3.7828959340940904,0.24785439587474467,0.05582826901378061
baseline,200ns_0ns,160100000.0,3.7171903710195613,0.21864639905137687,0.05527533478163426
baseline,200ns_0ns,160400000.0,3.6563442588895434,0.2174598701655964,0.05455361750849544
baseline,200ns_0ns,160700000.0,3.610342371345851,0.24040550859852217,0.05372534825376962
baseline,200ns_0ns,161000000.0,3.5870207652926536,0.2802042710361984,0.05286936902387471
baseline,200ns_0ns,161300000.0,3.590975796852158,0.32722097834529823,0.05207220201139797
baseline,200ns_0ns,161600000.0,3.6229314802739245,0.3708244284555843,0.05141664106958392
baseline,200ns_0ns,161900000.0,3.67965218019077,0.40088209324497515,0.05096915438562582
baseline,200ns_0ns,162200000.0,3.754410844955049,0.4091793244365657,0.050768443796597486
baseline,200ns_0ns,162500000.0,3.837945061230691,0.39056436027681074,0.05081804160952789
baseline,200ns_0ns,162800000.0,3.9197650666247634,0.3436596078464179,0.05108517495602241
baseline,200ns_0ns,163100000.0,3.9896290147496445,0.2710410787197711,0.051506307897195444
baseline,200ns_0ns,163400000.0,4.038978021469057,0.1788627876670051,0.05199771330089725
baseline,200ns_0ns,163700000.0,4.062129927285824,0.07598083009235596,0.05246826840785837
baseline,200ns_0ns,164000000.0,4.057065282901664,-0.027298199050991137,0.052831813051610346
baseline,200ns_0ns,164300000.0,4.025696852240528,-0.12066757090988138,0.05301737757985339
baseline,200ns_0ns,164600000.0,3.9735867426073166,-0.19526547807727423,0.05297663000832313
baseline,200ns_0ns,164900000.0,3.909152851501065,-0.24491217858865658,0.052688555410738726
baseline,200ns_0ns,165200000.0,3.8424777699441295,-0.266966521295562,0.052161597149451844
baseline,200ns_0ns,165500000.0,3.783888608304384,-0.2626831440091175,0.05143339055762672
baseline,200ns_0ns,165800000.0,3.742507714793878,-0.2370220807303261,0.05056797068308637
baseline,200ns_0ns,166100000.0,3.7249776091820475,-0.19793946912938598,0.04965009552657954
baseline,200ns_0ns,166400000.0,3.7345382873264694,-0.1552607014486549,0.04877628569823184
baseline,200ns_0ns,166700000.0,3.7705849979955715,-0.11929554099192037,0.048042585568212
baseline,200ns_0ns,167000000.0,3.828766760117396,-0.09939032810124113,0.04753008552414853
baseline,200ns_0ns,167300000.0,3.901609850781144,-0.10262051439433699,0.047290730517297944
baseline,200ns_0ns,167600000.0,3.979576942407689,-0.13280635372109273,0.04733706468092801
baseline,200ns_0ns,167900000.0,4.052411804692992,-0.1899886073682884,0.04763920765309401
baseline,200ns_0ns,168200000.0,4.110579986292603,-0.27043612689380686,0.04813017139262149
baseline,200ns_0ns,168500000.0,4.146603114430732,-0.3671823414971815,0.0487177421337228
baseline,200ns_0ns,168800000.0,4.156100093060453,-0.47101352579925654,0.04929935448406825
baseline,200ns_0ns,169100000.0,4.138390246880038,-0.5717686522403619,0.04977647677967722
baseline,200ns_0ns,169400000.0,4.096575399958994,-0.6597674433880569,0.050066365826150816
baseline,200ns_0ns,169700000.0,4.037091237315476,-0.7271659176300199,0.050110498463180865
baseline,200ns_0ns,170000000.0,3.968792749225776,-0.7690496034221964,0.049879874195243847
baseline,200ns_100ns,20000000.0,-0.16567819893062896,1.5534904477201816,0.0795029733952131
baseline,200ns_100ns,20300000.0,-0.1414222779280898,1.5186490670953665,0.07686634239778914
baseline,200ns_100ns,20600000.0,-0.1226686203539159,1.477044589440747,0.07341047072486018
baseline,200ns_100ns,20900000.0,-0.11122895042996218,1.4310932851738092,0.06922079174381932
baseline,200ns_100ns,21200000.0,-0.10793108091412369,1.3835547850595775,0.06440262328771391
baseline,200ns_100ns,21500000.0,-0.11260706772451913,1.3371670846929697,0.05907779946553157
baseline,200ns_100ns,21800000.0,-0.12420615434980802,1.2943157982883415,0.05338047843950105
baseline,200ns_100ns,22100000.0,-0.1410078099217795,1.256776519215576,0.04745230700057724
baseline,200ns_100ns,22400000.0,-0.16089950239549344,1.2255567083836594,0.041437132075401
baseline,200ns_100ns,22700000.0,-0.1816785079219678,1.2008487449591467,0.03547546780608955
baseline,200ns_100ns,23000000.0,-0.20133729907359588,1.1820906817674195,0.02969898123917349
baseline,200ns_100ns,23300000.0,-0.2182974187672179,1.1681177793001232,0.024225423174654617
baseline,200ns_100ns,23600000.0,-0.2315661646025518,1.1573776289979685,0.01915491809845864
baseline,200ns_100ns,23900000.0,-0.24080237904989643,1.1481756793176685,0.014570036180281692
baseline,200ns_100ns,24200000.0,-0.24629045077152964,1.1389166915094504,0.010547196203443904
baseline,200ns_100ns,24500000.0,-0.24883358536217293,1.1283108917822608,0.007206404894337767
baseline,200ns_100ns,24800000.0,-0.2495870342267267,1.115520606943336,0.004890068035590227
baseline,200ns_100ns,25100000.0,-0.24985821199692565,1.1002327977569026,0.004382707618442452
baseline,200ns_100ns,25400000.0,-0.25090292674532955,1.0826537141957704,0.005727364861676293
baseline,200ns_100ns,25700000.0,-0.25374527777375694,1.063432413236303,0.007910137635246723
baseline,200ns_100ns,26000000.0,-0.2590436362908669,1.0435287657776415,0.010425891482735311
baseline,200ns_100ns,26300000.0,-0.2670174201680073,1.024047797901299,0.01314338185586916
baseline,200ns_100ns,26600000.0,-0.2774402795282112,1.0060651392544193,0.01601604372715911
baseline,200ns_100ns,26900000.0,-0.28969610055725725,0.9904678298524628,0.018997362750272077
baseline,200ns_100ns,27200000.0,-0.30288611688978156,0.9778310639340432,0.022022418185100975
baseline,200ns_100ns,27500000.0,-0.3159693777189965,0.9683453118617406,0.025008718460338916
baseline,200ns_100ns,27800000.0,-0.32791551312771744,0.9618006199255424,0.027862637813213707
baseline,200ns_100ns,28100000.0,-0.337848417572384,0.9576268387164669,0.030486854696168037
baseline,200ns_100ns,28400000.0,-0.34516199473032094,0.9549811530378198,0.03278720171537696
baseline,200ns_100ns,28700000.0,-0.34959396301986106,0.9528685050579029,0.03467844382197603
baseline,200ns_100ns,29000000.0,-0.35125013008857325,0.950276977505507,0.03608889527388034
baseline,200ns_100ns,29300000.0,-0.350578570387851,0.9463092604734202,0.036963905850272906
baseline,200ns_100ns,29600000.0,-0.34829982237743895,0.9402929322333664,0.03726827234580707
baseline,200ns_100ns,29900000.0,-0.34530470287418946,0.9318560781970334,0.03698763316477101
baseline,200ns_100ns,30200000.0,-0.3425349654375543,0.9209601247366545,0.036128906325042225
baseline,200ns_100ns,30500000.0,-0.34086343798953345,0.9078878804600543,0.0347198405771485
baseline,200ns_100ns,30800000.0,-0.34098940528009014,0.8931908071233928,0.03280776556113647
baseline,200ns_100ns,31100000.0,-0.34336209981286275,0.8776046962490143,0.030457648680222497
baseline,200ns_100ns,31400000.0,-0.3481407288765516,0.8619465761970995,0.02774959321154495
baseline,200ns_100ns,31700000.0,-0.3551941674339379,0.8470074219859272,0.024775946187301036
baseline,200ns_100ns,32000000.0,-0.36413803451203536,0.8334549628936793,0.021638232393494737
baseline,200ns_100ns,32300000.0,-0.37440206565470197,0.8217587307835257,0.018444207648693606
baseline,200ns_100ns,32600000.0,-0.38531709726751673,0.8121458539237062,0.015305459351042508
baseline,200ns_100ns,32900000.0,-0.39620899927785,0.8045915403897552,0.012336211617317884
baseline,200ns_100ns,33200000.0,-0.4064867035470244,0.7988433666020525,0.009654245329423059
baseline,200ns_100ns,33500000.0,-0.4157130040040745,0.7944740448613422,0.0073841777626230095
baseline,200ns_100ns,33800000.0,-0.4236497542676292,0.7909538572652329,0.005656564569287036
baseline,200ns_100ns,34100000.0,-0.43027299089745896,0.7877318236744031,0.0045707133328199276
baseline,200ns_100ns,34400000.0,-0.43575779517866,0.7843141270319905,0.004082281275859001
baseline,200ns_100ns,34700000.0,-0.4404367824974071,0.7803293388948371,0.0039472920944899756
baseline,200ns_100ns,35000000.0,-0.4447394434134604,0.7755723528947256,0.003890835166936987
baseline,200ns_100ns,35300000.0,-0.449121748059963,0.7700222578042579,0.0037754068625756197
baseline,200ns_100ns,35600000.0,-0.4539962326533031,0.7638331708304279,0.003632302938217466
baseline,200ns_100ns,35900000.0,-0.4596721766063903,0.7573007747408249,0.0036461209748064856
baseline,200ns_100ns,36200000.0,-0.466313604843991,0.7508104640015532,0.0040648210802698365
baseline,200ns_100ns,36500000.0,-0.4739200272889855,0.7447752095070896,0.0049966001490743695
baseline,200ns_100ns,36800000.0,-0.48233148218155,0.7395722503559122,0.006350395340034298
baseline,200ns_100ns,37100000.0,-0.4912560570409289,0.7354874395228809,0.007969502798978482
baseline,200ns_100ns,37400000.0,-0.5003150791247818,0.7326746081788774,0.009714039962311936
baseline,200ns_100ns,37700000.0,-0.5090989776449801,0.7311349241366809,0.011470175695458556
baseline,200ns_100ns,38000000.0,-0.5172256798861391,0.7307182689204524,0.013143737405526434
baseline,200ns_100ns,38300000.0,-0.5243934171219002,0.7311455689174553,0.014655831948954636
baseline,200ns_100ns,38600000.0,-0.5304209285203035,0.7320482113089952,0.015941220352027722
baseline,200ns_100ns,38900000.0,-0.5352700619654938,0.7330185197862201,0.01694809916160555
baseline,200ns_100ns,39200000.0,-0.539048368274551,0.7336640193025505,0.017638365885840127
baseline,200ns_100ns,39500000.0,-0.5419920934370913,0.7336580102432048,0.017987881677982192
baseline,200ns_100ns,39800000.0,-0.5444326046145292,0.732779782275964,0.017986491739928147
baseline,200ns_100ns,40100000.0,-0.5467513932089383,0.7309394726635706,0.017637696152532776
baseline,200ns_100ns,40400000.0,-0.5493301215357156,0.7281848494392011,0.016957938544398293
baseline,200ns_100ns,40700000.0,-0.5525025746273943,0.7246898438672834,0.01597552702655056
baseline,200ns_100ns,41000000.0,-0.5565148326630722,0.7207271148024591,0.014729236264432035
baseline,200ns_100ns,41300000.0,-0.5614986067689971,0.716628972622305,0.013266671100630513
baseline,200ns_100ns,41600000.0,-0.5674607020496254,0.7127423648015796,0.011642511998253413
baseline,200ns_100ns,41900000.0,-0.5742892793222008,0.709384172687758,0.009916833788021825
baseline,200ns_100ns,42200000.0,-0.5817753034508396,0.7068027513901901,0.008153853979028056
baseline,200ns_100ns,42500000.0,-0.5896455987893124,0.7051505418081394,0.00642191696148903
baseline,200ns_100ns,42800000.0,-0.5976025327908988,0.704470877969032,0.004796901256213979
baseline,200ns_100ns,43100000.0,-0.6053646819021473,0.7047000598707815,0.0033756844197072276
baseline,200ns_100ns,43400000.0,-0.6127029583130101,0.7056836538192935,0.002316124910070289
baseline,200ns_100ns,43700000.0,-0.6194675416403298,0.7072041059588302,0.001865310405503815
baseline,200ns_100ns,44000000.0,-0.6256024178847885,0.7090153541911142,0.002036797873635525
baseline,200ns_100ns,44300000.0,-0.6311461568153713,0.7108793684926603,0.0024230964818456034
baseline,200ns_100ns,44600000.0,-0.6362194951373098,0.7125995150906201,0.0027277324037999983
baseline,200ns_100ns,44900000.0,-0.6410020694780306,0.7140463008332902,0.0028421551432239417
baseline,200ns_100ns,45200000.0,-0.645702025894248,0.7151722920780782,0.002737179770135725
baseline,200ns_100ns,45500000.0,-0.6505230495935395,0.7160146258351594,0.002420155149874263
baseline,200ns_100ns,45800000.0,-0.6556335217351955,0.7166853035046994,0.001928809696788348
baseline,200ns_100ns,46100000.0,-0.661142023532942,0.717351132246313,0.0013644321513503874
baseline,200ns_100ns,46400000.0,-0.667082363436678,0.7182065317579648,0.001061788390240402
baseline,200ns_100ns,46700000.0,-0.6734098650414301,0.7194432834010842,0.0015047399471340554
baseline,200ns_100ns,47000000.0,-0.6800090327945608,0.7212215662519199,0.002404063740294644
baseline,200ns_100ns,47300000.0,-0.6867111374514682,0.7236462869654118,0.003441692339832416
baseline,200ns_100ns,47600000.0,-0.6933189466295568,0.7267518362791731,0.0045008862624358985
baseline,200ns_100ns,47900000.0,-0.699634937616134,0.7304971338494518,0.00551879426462287
baseline,200ns_100ns,48200000.0,-0.7054889750753688,0.7347713429733197,0.006449478373516697
baseline,200ns_100ns,48500000.0,-0.7107616442735245,0.7394091571405293,0.007256171732605288
baseline,200ns_100ns,48800000.0,-0.7154001521319344,0.7442132830345818,0.00790962355540934
baseline,200ns_100ns,49100000.0,-0.7194248269466391,0.7489808364441234,0.008387903458830868
baseline,200ns_100ns,49400000.0,-0.7229255963558575,0.753529939169945,0.00867650930093728
baseline,200ns_100ns,49700000.0,-0.7260492101412823,0.7577228977919912,0.008768425894404722
baseline,200ns_100ns,50000000.0,-0.7289792094119589,0.7614829280814736,0.008664014158842442
baseline,200ns_100ns,50300000.0,-0.731911563792029,0.7648023653182159,0.00837069272908193
baseline,200ns_100ns,50600000.0,-0.7350293891631587,0.7677415240922509,0.007902410059546063
baseline,200ns_100ns,50900000.0,-0.7384801684484275,0.770418666198056,0.0072789245632929
baseline,200ns_100ns,51200000.0,-0.7423584422741273,0.7729927232282658,0.006524923587668089
baseline,200ns_100ns,51500000.0,-0.7466960933237349,0.7756413435015527,0.005669024295971585
baseline,200ns_100ns,51800000.0,-0.7514612460087002,0.7785373746341132,0.004742717694330026
baseline,200ns_100ns,52100000.0,-0.7565656007389912,0.7818269929419694,0.0037793615811815974
baseline,200ns_100ns,52400000.0,-0.7618788867304885,0.7856123507277049,0.002813485573691161
baseline,200ns_100ns,52700000.0,-0.7672482011854758,0.7899408939872928,0.0018814337785904617
baseline,200ns_100ns,53000000.0,-0.7725194229869082,0.794802517208488,0.0010300943384370408
baseline,200ns_100ns,53300000.0,-0.7775577130472827,0.800134612369289,0.00042739661500789257
baseline,200ns_100ns,53600000.0,-0.7822643511403023,0.8058339915697779,0.000685670201352357
baseline,200ns_100ns,53900000.0,-0.786587763651247,0.8117737628825936,0.0011950598224103276
baseline,200ns_100ns,54200000.0,-0.7905274729937758,0.8178226337109874,0.0016054020896071844
baseline,200ns_100ns,54500000.0,-0.7941307183708886,0.8238638777787908,0.0018764310985314582
baseline,200ns_100ns,54800000.0,-0.7974825149011417,0.8298113508626724,0.0019984964618582103
baseline,200ns_100ns,55100000.0,-0.8006907947117833,0.8356204429740565,0.00197165632515729
baseline,200ns_100ns,55400000.0,-0.803868894118028,0.8412926301514199,0.0018023708636182995
baseline,200ns_100ns,55700000.0,-0.8071179389720516,0.8468732219426173,0.0015023825855623187
baseline,200ns_100ns,56000000.0,-0.8105116071921145,0.8524428578902813,0.0010881196068151158
baseline,200ns_100ns,56300000.0,-0.8140853352255422,0.8581041557317306,0.0005814363537561796
baseline,200ns_100ns,56600000.0,-0.8178313513352441,0.8639655424769579,0.00010579206690428923
baseline,200ns_100ns,56900000.0,-0.8217000657462882,0.8701246277899201,0.0006543419965001229
baseline,200ns_100ns,57200000.0,-0.8256074483555512,0.8766534715784198,0.001307321495411963
baseline,200ns_100ns,57500000.0,-0.8294472039119911,0.883587765923241,0.0019618431300884726
baseline,200ns_100ns,57800000.0,-0.8331059226736862,0.8909213510581572,0.0025914428497386213
baseline,200ns_100ns,58100000.0,-0.8364790225893494,0.8986067067571759,0.003172998554232888
baseline,200ns_100ns,58400000.0,-0.8394852485995384,0.9065612165068477,0.003686075396317041
baseline,200ns_100ns,58700000.0,-0.8420777532966823,0.9146782101220202,0.004113354390415729
baseline,200ns_100ns,59000000.0,-0.8442503062292719,0.9228411581587721,0.004441090554210268
baseline,200ns_100ns,59300000.0,-0.8460378869895275,0.930939000671098,0.004659467828901371
baseline,200ns_100ns,59600000.0,-0.8475117073436172,0.9388804900834448,0.004762818145500401
baseline,200ns_100ns,59900000.0,-0.8487694692882641,0.9466056188888924,0.004749694849826272
baseline,200ns_100ns,60200000.0,-0.8499222954615067,0.954092652804827,0.00462280048939429
baseline,200ns_100ns,60500000.0,-0.8510801833709978,0.9613599297393217,0.004388775666393946
baseline,200ns_100ns,60800000.0,-0.8523379848023829,0.968462321284647,0.004057861489982544
baseline,200ns_100ns,61100000.0,-0.8537637837148584,0.9754829828088887,0.0036434541304872776
baseline,200ns_100ns,61400000.0,-0.8553911655418209,0.982521640888054,0.003161577787491203
baseline,200ns_100ns,61700000.0,-0.8572162975337381,0.9896811006713749,0.002630317421139736
baseline,200ns_100ns,62000000.0,-0.8592000577339572,0.9970538469187271,0.0020692958021283864
baseline,200ns_100ns,62300000.0,-0.8612747559413675,1.0047105418230287,0.0014994528105632637
baseline,200ns_100ns,62600000.0,-0.863354379029525,1.0126919076904852,0.0009443863859457744
baseline,200ns_100ns,62900000.0,-0.8653468465111803,1.0210049734396263,0.0004449574186015929
baseline,200ns_100ns,63200000.0,-0.86716653661569,1.0296240361849924,0.00027338892367050787
baseline,200ns_100ns,63500000.0,-0.8687453628191386,1.038496032453256,0.0006109049174519238
baseline,200ns_100ns,63800000.0,-0.8700409358254771,1.047549418791928,0.0009560011078700654
baseline,200ns_100ns,64100000.0,-0.8710407945104062,1.0567052085152406,0.0012309951742916778
baseline,200ns_100ns,64400000.0,-0.8717622640404656,1.0658885581741484,0.001421265152664222
baseline,200ns_100ns,64700000.0,-0.8722481175811395,1.0750392730208265,0.0015216282735312403
baseline,200ns_100ns,65000000.0,-0.8725587934068185,1.0841198019849307,0.0015318471427232143
baseline,200ns_100ns,65300000.0,-0.8727623738374227,1.093119685297816,0.0014559630899469477
baseline,200ns_100ns,65600000.0,-0.8729238070715503,1.102055942362144,0.001302583337375405
baseline,200ns_100ns,65900000.0,-0.8730949148859315,1.110969467744775,0.0010865141083090865
baseline,200ns_100ns,66200000.0,-0.8733065757289455,1.1199180577001484,0.0008349319816500549
baseline,200ns_100ns,66500000.0,-0.873564131072567,1.1289671426024368,0.0006111680120018212
baseline,200ns_100ns,66800000.0,-0.8738465852840182,1.138179592342598,0.0005630559350050482
baseline,200ns_100ns,67100000.0,-0.8741096253367092,1.147606056203902,0.0007733024388777775
baseline,200ns_100ns,67400000.0,-0.874291953255649,1.1572771881848791,0.001112945044535961
baseline,200ns_100ns,67700000.0,-0.8743239746593366,1.1671988138389187,0.0014863110176088327
baseline,200ns_100ns,68000000.0,-0.8741375809879577,1.17735066095355,0.0018523215748724097
baseline,200ns_100ns,68300000.0,-0.8736756395075022,1.1876887672331546,0.002188197829298264
baseline,200ns_100ns,68600000.0,-0.8728998763379143,1.1981511657578137,0.002478225674522027
baseline,200ns_100ns,68900000.0,-0.87179608884465,1.2086660041186246,0.0027107659783947367
baseline,200ns_100ns,69200000.0,-0.8703760156152458,1.2191609354222228,0.0028774152023782916
baseline,200ns_100ns,69500000.0,-0.8686756673959642,1.229572469422118,0.0029727692983173206
baseline,200ns_100ns,69800000.0,-0.8667504132628986,1.2398540063493393,0.002994346272894939
baseline,200ns_100ns,70100000.0,-0.8646675549682187,1.2499814852811395,0.002942521750210006
baseline,200ns_100ns,70400000.0,-0.8624974497580007,1.2599559299627061,0.002820428966117142
baseline,200ns_100ns,70700000.0,-0.8603044157330674,1.2698026160588924,0.002633815162903887
baseline,200ns_100ns,71000000.0,-0.8581386539442484,1.2795670519675408,0.002390873444746859
baseline,200ns_100ns,71300000.0,-0.8560302521940595,1.2893083955236602,0.0021021050414999393
baseline,200ns_100ns,71600000.0,-0.8539860244661264,1.2990912629823754,0.0017803452421110819
baseline,200ns_100ns,71900000.0,-0.8519895333432808,1.3089770810812407,0.0014413035115750474
baseline,200ns_100ns,72200000.0,-0.8500041990102932,1.319016164553163,0.001105652972531873
baseline,200ns_100ns,72500000.0,-0.8479789794179526,1.3292415699803022,0.0008058596746090414
baseline,200ns_100ns,72800000.0,-0.8458557689097301,1.3396655045723471,0.0006033742452593609
baseline,200ns_100ns,73100000.0,-0.8435774513908416,1.3502786963781908,0.0005799922153792194
baseline,200ns_100ns,73400000.0,-0.8410954848038861,1.3610527143519793,0.0007125195860614281
baseline,200ns_100ns,73700000.0,-0.838375990545849,1.37194482134288,0.0008950439689222874
baseline,200ns_100ns,74000000.0,-0.8354035571834023,1.382904605986973,0.0010648908921745274
baseline,200ns_100ns,74300000.0,-0.8321823063586793,1.3938814153804635,0.001195881572706708
baseline,200ns_100ns,74600000.0,-0.8287341608090325,1.4048315273585181,0.001276827711700677
baseline,200ns_100ns,74900000.0,-0.8250946444841707,1.4157240670877058,0.0013037170600386503
baseline,200ns_100ns,75200000.0,-0.8213068789962947,1.4265448746749354,0.0012772972198685146
baseline,200ns_100ns,75500000.0,-0.8174146742706443,1.437297837284304,0.0012025628071648058
baseline,200ns_100ns,75800000.0,-0.8134557144439039,1.4480035658307984,0.0010893661125630121
baseline,200ns_100ns,76100000.0,-0.80945580168827,1.4586956705018372,0.0009544859613210637
baseline,200ns_100ns,76400000.0,-0.805424949439243,1.4694152191640317,0.0008259607778232996
baseline,200ns_100ns,76700000.0,-0.8013558393472443,1.4802042035295007,0.0007472855446970124
baseline,200ns_100ns,77000000.0,-0.7972248140254815,1.4910989585227497,0.0007641905268666272
baseline,200ns_100ns,77300000.0,-0.7929952192523332,1.5021244666921867,0.0008845060604052741
baseline,200ns_100ns,77600000.0,-0.7886225847123628,1.5132903367032697,0.0010735503490579125
baseline,200ns_100ns,77900000.0,-0.7840608858232211,1.5245889956380487,0.0012918118491063676
baseline,200ns_100ns,78200000.0,-0.7792689930761642,1.5359963159072516,0.0015113229130343593
baseline,200ns_100ns,78500000.0,-0.7742164060242299,1.5474745547501805,0.001713552585508462
baseline,200ns_100ns,78800000.0,-0.7688874850764185,1.558977165508721,0.0018857699139143383
baseline,200ns_100ns,79100000.0,-0.7632836168232199,1.5704547886948825,0.0020190666609269203
baseline,200ns_100ns,79400000.0,-0.7574230446467967,1.5818615805688354,0.002107458881909287
baseline,200ns_100ns,79700000.0,-0.7513384233623048,1.5931610061059707,0.0021474877076777398
baseline,200ns_100ns,80000000.0,-0.7450724687702769,1.6043303135252802,0.002138029403114784
baseline,200ns_100ns,80300000.0,-0.7386723275009175,1.6153631039045537,0.0020801877030970015
baseline,200ns_100ns,80600000.0,-0.7321834555345963,1.6262696824239473,0.001977222007447486
baseline,200ns_100ns,80900000.0,-0.7256438447885281,1.637075188138838,0.00183451237983835
baseline,200ns_100ns,81200000.0,-0.719079371581474,1.6478158032748689,0.001659605082844788
baseline,200ns_100ns,81500000.0,-0.7125008702194342,1.6585335990726897,0.0014624422683987724
baseline,200ns_100ns,81800000.0,-0.7059032852188344,1.6692707489595493,0.0012559736605183645
baseline,200ns_100ns,82100000.0,-0.699266962974448,1.680063909157083,0.0010574278102896577
baseline,200ns_100ns,82400000.0,-0.6925608493044496,1.6909395245270817,0.0008900889561065675
baseline,200ns_100ns,82700000.0,-0.6857471038897224,1.701910671840996,0.0007824646991690296
baseline,200ns_100ns,83000000.0,-0.6787864605201,1.712975826150837,0.0007559261039371731
baseline,200ns_100ns,83300000.0,-0.6716435767440313,1.724119661616571,0.0008039034898902017
baseline,200ns_100ns,83600000.0,-0.6642916375684113,1.7353157149658058,0.0008949289831011694
baseline,200ns_100ns,83900000.0,-0.656715599968288,1.7465304870362794,0.0009964907746955964
baseline,200ns_100ns,84200000.0,-0.6489136689632885,1.7577283698247053,0.0010863418007842443
baseline,200ns_100ns,84500000.0,-0.6408968518595051,1.768876687680047,0.0011514819336234396
baseline,200ns_100ns,84800000.0,-0.6326867083538376,1.7799501434020832,0.0011852307646575968
baseline,200ns_100ns,85100000.0,-0.6243116626908163,1.7909340604970034,0.001185401365409364
baseline,200ns_100ns,85400000.0,-0.6158024360039802,1.801825995596065,0.001153491268000343
baseline,200ns_100ns,85700000.0,-0.6071872670047279,1.8126355329310704,0.0010945494761921946
baseline,200ns_100ns,86000000.0,-0.5984876038087381,1.8233823315819508,0.0010175663983060389
baseline,200ns_100ns,86300000.0,-0.589714868925001,1.834092739616943,0.0009362493950957811
baseline,200ns_100ns,86600000.0,-0.5808687365045292,1.8447954837649865,0.0008694501707245699
baseline,200ns_100ns,86900000.0,-0.5719371401807894,1.8555170629144226,0.0008387887595365602
baseline,200ns_100ns,87200000.0,-0.5628979830784838,1.8662775034413375,0.0008604247497055767
baseline,200ns_100ns,87500000.0,-0.5537222836020929,1.8770870718383104,0.0009353550135788296
baseline,200ns_100ns,87800000.0,-0.5443782943075373,1.8879443958654236,0.0010498830654330133
baseline,200ns_100ns,88100000.0,-0.5348360029266545,1.8988362411155897,0.0011850416605177281
baseline,200ns_100ns,88400000.0,-0.5250713809200795,1.9097389550084938,0.0013237075683807074
baseline,200ns_100ns,88700000.0,-0.5150697901966982,1.9206213579650586,0.0014525738648595002
baseline,200ns_100ns,89000000.0,-0.5048280848732066,1.931448664023267,0.0015618459705516578
baseline,200ns_100ns,89300000.0,-0.4943551331091869,1.9421868771319144,0.0016445925175167196
baseline,200ns_100ns,89600000.0,-0.4836707069004955,1.9528070524720598,0.0016962702290309552
baseline,200ns_100ns,89900000.0,-0.4728029137352914,1.9632888407676836,0.0017144407457039862
baseline,200ns_100ns,90200000.0,-0.46178454188143353,1.9736228420690842,0.0016986117637559732
baseline,200ns_100ns,90500000.0,-0.45064883395625954,1.9838114673848946,0.001650151558407919
baseline,200ns_100ns,90800000.0,-0.4394252726339432,1.993868216821824,0.0015722548749882576
baseline,200ns_100ns,91100000.0,-0.4281359497347576,2.003815501763146,0.0014699625522127547
baseline,200ns_100ns,91400000.0,-0.4167929988495192,2.013681335668329,0.0013502534267909763
baseline,200ns_100ns,91700000.0,-0.4053974162028248,2.0234953665198527,0.0012222199008724997
baseline,200ns_100ns,92000000.0,-0.39393939739509315,2.033284804230354,0.0010972509544071912
baseline,200ns_100ns,92300000.0,-0.3824001070343131,2.043070798722072,0.0009888388013008784
baseline,200ns_100ns,92600000.0,-0.3707546034493897,2.052865750127911,0.0009109941681848501
baseline,200ns_100ns,92900000.0,-0.358975488270171,2.0626718934509447,0.0008740640627857251
baseline,200ns_100ns,93200000.0,-0.34703676087624274,2.072481316596427,0.0008792853668666095
baseline,200ns_100ns,93500000.0,-0.3349173417053835,2.0822773692305425,0.0009173498497274029
baseline,200ns_100ns,93800000.0,-0.3226037868852178,2.092037228668913,0.0009731947137481115
baseline,200ns_100ns,94100000.0,-0.31009183999867623,2.1017352342216156,0.001032025184843907
baseline,200ns_100ns,94400000.0,-0.2973866366095065,2.1113465038347434,0.0010823726683175938
baseline,200ns_100ns,94700000.0,-0.284501568976479,2.120850318830912,0.0011166074384211088
baseline,200ns_100ns,95000000.0,-0.2714560051257609,2.130232806566346,0.001130537548238538
baseline,200ns_100ns,95300000.0,-0.2582722123147272,2.139488559334621,0.0011229552567460902
baseline,200ns_100ns,95600000.0,-0.244971938864518,2.1486209845221134,0.0010953698292631116
baseline,200ns_100ns,95900000.0,-0.23157314694075207,2.1576413631428166,0.0010519366251134762
baseline,200ns_100ns,96200000.0,-0.21808735801135581,2.166566775645161,0.0009995060852283752
baseline,200ns_100ns,96500000.0,-0.2045179780185875,2.17541721002848,0.0009475783606269993
baseline,200ns_100ns,96800000.0,-0.19085982513627947,2.184212276586537,0.00090764875003623
baseline,200ns_100ns,97100000.0,-0.17709991030890013,2.1929680016874364,0.0008911437092565358
baseline,200ns_100ns,97400000.0,-0.1632193441227644,2.2016941543161916,0.0009057725110745417
baseline,200ns_100ns,97700000.0,-0.14919608758123787,2.2103924774552475,0.0009522497065683731
baseline,200ns_100ns,98000000.0,-0.1350081503693787,2.219056064223009,0.0010242733525572362
baseline,200ns_100ns,98300000.0,-0.12063678330276927,2.2276699552909025,0.001111628154247742
baseline,200ns_100ns,98600000.0,-0.10606921878339395,2.2362128626973306,0.0012035495691766057
baseline,200ns_100ns,98900000.0,-0.09130058213178065,2.2446597697238,0.001290612901451152
baseline,200ns_100ns,99200000.0,-0.07633471698882414,2.25298503829578,0.0013653454941356363
baseline,200ns_100ns,99500000.0,-0.061183822012969,2.2611655901855796,0.0014222542050912712
baseline,200ns_100ns,99800000.0,-0.04586696189863037,2.269183724265797,0.0014576929733037963
baseline,200ns_100ns,100100000.0,-0.03040767013310701,2.2770291886972167,0.0014697294077311391
baseline,200ns_100ns,100400000.0,-0.01483098269580544,2.2847002353573345,0.0014580471566699945
baseline,200ns_100ns,100700000.0,0.0008396852176968832,2.292203528110833,0.001423882801238736
baseline,200ns_100ns,101000000.0,0.016585392635923846,2.2995529361011546,0.001369989059142287
baseline,200ns_100ns,101300000.0,0.03239387404292682,2.3067673957480914,0.0013006139985399642
baseline,200ns_100ns,101600000.0,0.048260802448659386,2.313868149595763,0.0012214731994462402
baseline,200ns_100ns,101900000.0,0.06418996247727447,2.3208757498471977,0.0011396509351118142
baseline,200ns_100ns,102200000.0,0.08019233426670119,2.3278072391241027,0.0010632787107521693
baseline,200ns_100ns,102500000.0,0.09628423861314733,2.3346738882815963,0.0010007239096625567
baseline,200ns_100ns,102800000.0,0.11248481980862661,2.3414797865580645,0.0009590412573423191
baseline,200ns_100ns,103100000.0,0.12881322799128642,2.3482214556101444,0.0009419203988782378
baseline,200ns_100ns,103400000.0,0.14528589648626228,2.354888513928473,0.0009482304073450985
baseline,200ns_100ns,103700000.0,0.16191428784624978,2.361465272245957,0.0009723720947832043
baseline,200ns_100ns,104000000.0,0.17870340915011598,2.3679330140813066,0.0010062816787859078
baseline,200ns_100ns,104300000.0,0.19565128368698945,2.374272625689568,0.0010417009041832602
baseline,200ns_100ns,104600000.0,0.21274942892118615,2.380467198222108,0.00107167329854286
baseline,200ns_100ns,104900000.0,0.2299842491053117,2.386504236704951,0.0010911849797671058
baseline,200ns_100ns,105200000.0,0.24733912482788553,2.3923771729154324,0.0010973061572428792
baseline,200ns_100ns,105500000.0,0.26479688840733445,2.398085982778192,0.0010891446493005307
baseline,200ns_100ns,105800000.0,0.2823423257785246,2.4036368383703497,0.0010677673745567724
baseline,200ns_100ns,106100000.0,0.2999643482972094,2.4090408615524344,0.0010361316890471963
baseline,200ns_100ns,106400000.0,0.31765753042902883,2.4143121714267544,0.0009989883297109074
baseline,200ns_100ns,106700000.0,0.3354228034385857,2.419465514038362,0.0009626309723606145
baseline,200ns_100ns,107000000.0,0.3532672171289093,2.424513817058361,0.0009342683741729614
baseline,200ns_100ns,107300000.0,0.37120281396451427,2.4294660177512704,0.0009207884490789814
baseline,200ns_100ns,107600000.0,0.38924478394592354,2.4343254693481624,0.0009269998778878562
baseline,200ns_100ns,107900000.0,0.4074091672540374,2.4390891458205206,0.0009540841525244932
baseline,200ns_100ns,108200000.0,0.4257104316138738,2.4437477504915823,0.0009992558306326628
baseline,200ns_100ns,108500000.0,0.44415926481161416,2.4482867063365394,0.0010568406871426402
baseline,200ns_100ns,108800000.0,0.4627608886799278,2.452687883161363,0.0011199531957010746
baseline,200ns_100ns,109100000.0,0.4815141246252442,2.45693181608465,0.0011818760297914227
baseline,200ns_100ns,109400000.0,0.5004113336492185,2.4610001045502155,0.0012368437846983998
baseline,200ns_100ns,109700000.0,0.5194392311688142,2.464877659968489,0.0012803693249546888
baseline,200ns_100ns,110000000.0,0.5385804560268693,2.468554495282716,0.0013093299342186108
baseline,200ns_100ns,110300000.0,0.5578156706566386,2.4720268170665536,0.0013219568293549495
baseline,200ns_100ns,110600000.0,0.577125899337201,2.47529728019007,0.001317795333234902
baseline,200ns_100ns,110900000.0,0.5964947830469457,2.478374382362384,0.0012976588074764509
baseline,200ns_100ns,111200000.0,0.6159104458756581,2.4812710944288328,0.0012635776912829325
baseline,200ns_100ns,111500000.0,0.6353667262899211,2.4840029257284524,0.001218731154772368
baseline,200ns_100ns,111800000.0,0.6548636180072851,2.486585698017101,0.0011673322415010525
baseline,200ns_100ns,112100000.0,0.6744068766128833,2.4890333366322666,0.0011144121949200885
baseline,200ns_100ns,112400000.0,0.6940068635848635,2.4913559794891595,0.0010654214152689752
baseline,200ns_100ns,112700000.0,0.7136768030104367,2.4935586549929116,0.001025565177925446
baseline,200ns_100ns,113000000.0,0.7334307038081419,2.495640696586149,0.0009988858599844954
baseline,200ns_100ns,113300000.0,0.7532812414120372,2.497595956551688,0.0009873222649476037
baseline,200ns_100ns,113600000.0,0.773237892532485,2.499413769808235,0.0009901804509141472
baseline,200ns_100ns,113900000.0,0.7933055755348644,2.5010805154122955,0.0010043541501741989
baseline,200ns_100ns,114200000.0,0.8134839735668313,2.5025815434720116,0.0010252043030539338
baseline,200ns_100ns,114500000.0,0.8337676188778012,2.5039031889143546,0.0010476532458269304
baseline,200ns_100ns,114800000.0,0.8541467089236805,2.505034586892391,0.0010670842433412758
baseline,200ns_100ns,115100000.0,0.8746085229922163,2.5059690378363166,0.0010799007803641784
baseline,200ns_100ns,115400000.0,0.8951392263023552,2.5067047379584553,0.0010838011247297327
baseline,200ns_100ns,115700000.0,0.9157257978823554,2.507244783405494,0.0010778790063963734
baseline,200ns_100ns,116000000.0,0.9363578055726663,2.507596459946908,0.0010626339557271074
baseline,200ns_100ns,116300000.0,0.9570287774373383,2.5077699304571546,0.0010399274668643672
baseline,200ns_100ns,116600000.0,0.9777369794740257,2.507776515555347,0.001012875188174379
baseline,200ns_100ns,116900000.0,0.9984854958047504,2.5076268172829157,0.0009856213413011192
baseline,200ns_100ns,117200000.0,1.0192816070829689,2.5073289544608786,0.0009629071826939035
baseline,200ns_100ns,117500000.0,1.040135561589988,2.5068871592919155,0.0009493588460778829
baseline,200ns_100ns,117800000.0,1.0610589176576466,2.506300931070055,0.0009485434424421541
baseline,200ns_100ns,118100000.0,1.0820626941322025,2.5055648625244884,0.0009620701287078854
baseline,200ns_100ns,118400000.0,1.103155589860631,2.5046691589234333,0.0009891536047050716
baseline,200ns_100ns,118700000.0,1.1243425207401185,2.50360077310163,0.0010268737342770578
baseline,200ns_100ns,119000000.0,1.1456236759721834,2.5023449945690697,0.0010709584009060225
baseline,200ns_100ns,119300000.0,1.1669942208110053,2.500887269467659,0.001116684675163909
baseline,200ns_100ns,119600000.0,1.1884446820159396,2.4992149985718557,0.0011595925275751928
baseline,200ns_100ns,119900000.0,1.2099619573016707,2.4973190664439744,0.0011959272832336553
baseline,200ns_100ns,120200000.0,1.231530804566597,2.4951948949303744,0.0012228651571422515
baseline,200ns_100ns,120500000.0,1.2531356023043,2.492842882377069,0.0012386053635750401
baseline,200ns_100ns,120800000.0,1.2747621380040957,2.4902681763832324,0.0012423905134343269
baseline,200ns_100ns,121100000.0,1.2963991808843014,2.4874798203455226,0.0012344880936593153
baseline,200ns_100ns,121400000.0,1.3180396285526985,2.4844893995686603,0.0012161439145101773
baseline,200ns_100ns,121700000.0,1.3396810790324465,2.4813093795675454,0.0011895028821309898
baseline,200ns_100ns,122000000.0,1.361325761036496,2.477951368378282,0.0011574796326063418
baseline,200ns_100ns,122300000.0,1.3829798448183541,2.474424541206778,0.0011235503511893689
baseline,200ns_100ns,122600000.0,1.4046522408552875,2.4707344391783113,0.0010914327436169044
baseline,200ns_100ns,122900000.0,1.4263530623088039,2.4668822984966376,0.0010646374913348925
baseline,200ns_100ns,123200000.0,1.4480919703859698,2.462864990130494,0.0010459277704687093
baseline,200ns_100ns,123500000.0,1.469876633791735,2.4586755641110742,0.0010368076357356296
baseline,200ns_100ns,123800000.0,1.491711513229181,2.4543043087613605,0.001037220246140585
baseline,200ns_100ns,124100000.0,1.5135971326945743,2.4497401652844113,0.0010455955762709592
baseline,200ns_100ns,124400000.0,1.5355299284185018,2.444972291621894,0.0010592397261256117
baseline,200ns_100ns,124700000.0,1.5575026839318642,2.439991552459067,0.0010749118707478753
baseline,200ns_100ns,125000000.0,1.5795054775298103,2.4347917266192436,0.0010893988374702482
baseline,200ns_100ns,125300000.0,1.6015269978188569,2.4293702663677665,0.0010999656939181788
baseline,200ns_100ns,125600000.0,1.6235560337243917,2.4237285088722955,0.0011046514758327698
baseline,200ns_100ns,125900000.0,1.6455829238660296,2.4178713187282868,0.0011024336268366482
baseline,200ns_100ns,126200000.0,1.6676007591583406,2.411806220906194,0.0010932970730850524
baseline,200ns_100ns,126500000.0,1.6896061701787326,2.4055421544439057,0.0010782320204077791
baseline,200ns_100ns,126800000.0,1.711599591588446,2.399088028937698,0.0010591639809363676
baseline,200ns_100ns,127100000.0,1.7335849708998556,2.3924512914176566,0.0010387982768069372
baseline,200ns_100ns,127400000.0,1.7555689674835766,2.385636707332246,0.0010203465503907637
baseline,200ns_100ns,127700000.0,1.7775597588907723,2.378645527044578,0.001007108511779118
baseline,200ns_100ns,128000000.0,1.7995656254921886,2.371475153351993,0.0010019272112586732
baseline,200ns_100ns,128300000.0,1.8215935138148314,2.3641193541849908,0.0010066220287471284
baseline,200ns_100ns,128600000.0,1.843647780015124,2.356568987969241,0.0010215809916022417
baseline,200ns_100ns,128900000.0,1.8657292878783713,2.3488131379002164,0.0010456773866627136
baseline,200ns_100ns,129200000.0,1.887834984711712,2.3408404954323587,0.0010765398037688998
baseline,200ns_100ns,129500000.0,1.9099580109075356,2.332640800217367,0.0011110472905105993
baseline,200ns_100ns,129800000.0,1.9320883244128604,2.3242061378404077,0.0011458633493884695
baseline,200ns_100ns,130100000.0,1.9542137503042911,2.3155319184765095,0.00117787625237479
baseline,200ns_100ns,130400000.0,1.9763213079595146,2.3066174056217235,0.0012045013140110517
baseline,200ns_100ns,130700000.0,1.9983986317804223,2.297465727649796,0.0012238596107989076
baseline,200ns_100ns,131000000.0,2.0204352908514394,2.288083377026725,0.0012348663869146302
baseline,200ns_100ns,131300000.0,2.0424238294263444,2.2784792724706393,0.0012372575981852395
baseline,200ns_100ns,131600000.0,2.0643603910730364,2.2686635184174,0.001231570779588916
baseline,200ns_100ns,131900000.0,2.0862448486437866,2.2586460357923532,0.0012190843846529272
baseline,200ns_100ns,132200000.0,2.1080804314968384,2.2484352530827785,0.0012017102013943816
baseline,200ns_100ns,132500000.0,2.129872910807119,2.2380370352987633,0.0011818274787400546
baseline,200ns_100ns,132800000.0,2.1516294637466675,2.227453992586266,0.0011620476855108157
baseline,200ns_100ns,133100000.0,2.1733573795869265,2.216685255320902,0.0011449101221620713
baseline,200ns_100ns,133400000.0,2.195062789767041,2.2057267363897846,0.0011325344786045697
baseline,200ns_100ns,133700000.0,2.2167495973839935,2.1945718334052837,0.0011262916403309727
baseline,200ns_100ns,134000000.0,2.2384187506751956,2.1832124632726133,0.001126578659062136
baseline,200ns_100ns,134300000.0,2.2600679545427207,2.171640277132242,0.001132772030916894
baseline,200ns_100ns,134600000.0,2.2816918513268014,2.15984788117321,0.0011433791364959367
baseline,200ns_100ns,134900000.0,2.3032826358022147,2.1478298909788687,0.0011563397532908964
baseline,200ns_100ns,135200000.0,2.3248310090410556,2.1355836732771123,0.0011693898217509193
baseline,200ns_100ns,135500000.0,2.346327329671677,2.123109675215591,0.001180404933822425
baseline,200ns_100ns,135800000.0,2.3677627954163762,2.110411300843811,0.0011876743439356403
baseline,200ns_100ns,136100000.0,2.3891304859032956,2.097494358856692,0.0011900905588823813
baseline,200ns_100ns,136400000.0,2.4104261195584074,2.084366165782073,0.0011872594984685494
baseline,200ns_100ns,136700000.0,2.4316484195422463,2.071034436344775,0.001179540961620072
baseline,200ns_100ns,137000000.0,2.4527990400332973,2.0575061212216754,0.0011680242839786324
baseline,200ns_100ns,137300000.0,2.4738820666403734,2.0437863580950197,0.001154435710826619
baseline,200ns_100ns,137600000.0,2.494903164535923,2.0298776842955295,0.001140967630170461
baseline,200ns_100ns,137900000.0,2.515868496725875,2.0157796211585235,0.001130021667606299
baseline,200ns_100ns,138200000.0,2.5367835660324016,2.001488687069079,0.001123874430648954
baseline,200ns_100ns,138500000.0,2.557652143719773,1.986998835643257,0.0011243081079352416
baseline,200ns_100ns,138800000.0,2.578475434206389,1.9723022561145578,0.0011322856856654053
baseline,200ns_100ns,139100000.0,2.5992515911204386,1.9573904230249202,0.0011477643158273835
baseline,200ns_100ns,139400000.0,2.619975650084783,1.9422552486154583,0.001169707227199222
baseline,200ns_100ns,139700000.0,2.6406398851873143,1.9268901783680545,0.0011962851098770945
baseline,200ns_100ns,140000000.0,2.661234537338805,1.911291079522675,0.001225195212852926
baseline,200ns_100ns,140300000.0,2.6817488118160435,1.8954568025156884,0.0012540066866488684
baseline,200ns_100ns,140600000.0,2.702172006220061,1.8793893417118352,0.001280462878314602
baseline,200ns_100ns,140900000.0,2.722494613672838,1.8630935778871889,0.0013027085150726493
baseline,200ns_100ns,141200000.0,2.7427092513715112,1.8465766427499106,0.0013194385699974323
baseline,200ns_100ns,141500000.0,2.762811290604837,1.8298469973048745,0.001329978861187153
baseline,200ns_100ns,141800000.0,2.782799107144487,1.8129133540086155,0.0013343098596836451
baseline,200ns_100ns,142100000.0,2.8026739243838663,1.7957835922873995,0.0013330409563549613
baseline,200ns_100ns,142400000.0,2.822439278152931,1.77846381563495,0.0013273371436506654
baseline,200ns_100ns,142700000.0,2.84210018388559,1.7609576766224757,0.0013187965462547226
baseline,200ns_100ns,143000000.0,2.861662126634705,1.743266057065355,0.0013092776588317172
baseline,200ns_100ns,143300000.0,2.8811300169403755,1.725387139961625,0.0013006814508413375
baseline,200ns_100ns,143600000.0,2.900507257869947,1.7073168548460442,0.00129470633196343
baseline,200ns_100ns,143900000.0,2.9197950506156007,1.6890496266007478,0.0012926104191715256
baseline,200ns_100ns,144200000.0,2.938992030626766,1.67057931665977,0.0012950276839535113
baseline,200ns_100ns,144500000.0,2.9580942785482724,1.6519002205351963,0.0013018823089994535
baseline,200ns_100ns,144800000.0,2.977095697039983,1.6330079799321608,0.0013124244556462412
baseline,200ns_100ns,145100000.0,2.995988693368963,1.6139002819471628,0.001325378043694613
baseline,200ns_100ns,145400000.0,3.0147650656010816,1.5945772497049076,0.0013391629371426108
baseline,200ns_100ns,145700000.0,3.0334169630316654,1.5750414736036769,0.0013521426519563962
baseline,200ns_100ns,146000000.0,3.0519377827915704,1.5552976836841315,0.0013628551285946012
baseline,200ns_100ns,146300000.0,3.070322875319608,1.535352114250848,0.0013701996331255222
baseline,200ns_100ns,146600000.0,3.0885699598687797,1.5152116547005212,0.001373567778674868
baseline,200ns_100ns,146900000.0,3.1066791932088718,1.4948829096486345,0.001372915814497236
baseline,200ns_100ns,147200000.0,3.124652884171833,1.4743713029963905,0.0013687783758114353
baseline,200ns_100ns,147500000.0,3.1424948966586084,1.4536803531288494,0.001362223169895291
baseline,200ns_100ns,147800000.0,3.160209827191672,1.4328112212444666,0.001354744844314791
baseline,200ns_100ns,148100000.0,3.1778020740659394,1.4117625956097024,0.001348097969435154
baseline,200ns_100ns,148400000.0,3.195274929431275,1.3905309269362802,0.001344076652157508
baseline,200ns_100ns,148700000.0,3.212629821432306,1.3691109808354083,0.001344262695168339
baseline,200ns_100ns,149000000.0,3.229865811612306,1.3474966292920016,0.001349781712552647
baseline,200ns_100ns,149300000.0,3.2469794164277768,1.3256817704130228,0.0013611179271196044
baseline,200ns_100ns,149600000.0,3.263964776121898,1.3036612487567996,0.001378032938109896
baseline,200ns_100ns,149900000.0,3.280814145841297,1.2814316495402953,0.0013996086634259516
baseline,200ns_100ns,150200000.0,3.297518639495159,1.258991858607842,0.0014244000765697682
baseline,200ns_100ns,150500000.0,3.3140691225966226,1.2363433134456876,0.0014506564340007269
baseline,200ns_100ns,150800000.0,3.3304571308315736,1.2134899139316,0.001476561574530332
baseline,200ns_100ns,151100000.0,3.346675688911195,1.1904376087630928,0.001500452940587931
baseline,200ns_100ns,151400000.0,3.362719919495514,1.167193718004988,0.0015209954395428848
baseline,200ns_100ns,151700000.0,3.378587362282131,1.14376608778255,0.0015373009164023031
baseline,200ns_100ns,152000000.0,3.3942779643669194,1.1201621949839364,0.0015489927699804593
baseline,200ns_100ns,152300000.0,3.409793748854389,1.0963883250577295,0.0015562184997244392
baseline,200ns_100ns,152600000.0,3.4251382129969086,1.0724489340818466,0.00155961308545384
baseline,200ns_100ns,152900000.0,3.440315543736314,1.0483462791031504,0.0015602156302659377
baseline,200ns_100ns,153200000.0,3.455329762409078,1.0240803622827896,0.001559342703120831
baseline,200ns_100ns,153500000.0,3.4701839184084227,0.999649190123227,0.0015584256644018868
baseline,200ns_100ns,153800000.0,3.4848794428435013,0.9750493052299223,0.0015588261813998079
baseline,200ns_100ns,154100000.0,3.499415749148651,0.9502765107834085,0.0015616525977617086
baseline,200ns_100ns,154400000.0,3.513790131712585,0.9253266822623656,0.0015676062221137604
baseline,200ns_100ns,154700000.0,3.5279979710873266,0.9001965504036252,0.0015768864720729205
baseline,200ns_100ns,155000000.0,3.542033211198036,0.8748843451823672,0.0015891745299312482
baseline,200ns_100ns,155300000.0,3.5558890362583755,0.8493902117398209,0.001603698577057622
baseline,200ns_100ns,155600000.0,3.5695586479809216,0.8237163425239081,0.0016193658776523772
baseline,200ns_100ns,155900000.0,3.5830360308355558,0.7978668106419841,0.001634934785579834
baseline,200ns_100ns,156200000.0,3.5963165961625876,0.7718471317658853,0.001649196519528554
baseline,200ns_100ns,156500000.0,3.6093976142838375,0.7456636199413398,0.0016611409356503074
baseline,200ns_100ns,156800000.0,3.6222783746355818,0.7193226310710173,0.0016700884373076629
baseline,200ns_100ns,157100000.0,3.634960052901996,0.6928298027959264,0.0016757777262094947
baseline,200ns_100ns,157400000.0,3.6474453056358964,0.6661893990505962,0.0016784043558230378
baseline,200ns_100ns,157700000.0,3.659737651068882,0.6394038519457202,0.001678608005380688
baseline,200ns_100ns,158000000.0,3.671840724438385,0.6124735651764517,0.0016774083228124205
baseline,200ns_100ns,158300000.0,3.683757513142023,0.5853970059854394,0.0016760918249792364
baseline,200ns_100ns,158600000.0,3.6954896791259406,0.5581710720981546,0.0016760572040049415
baseline,200ns_100ns,158900000.0,3.707037062990588,0.53079168170612,0.0016786339468621242
baseline,200ns_100ns,159200000.0,3.7183974383035467,0.5032545038244414,0.0016848980199984478
baseline,200ns_100ns,159500000.0,3.729566549307279,0.47555572740568625,0.0016955149233657228
baseline,200ns_100ns,159800000.0,3.7405384256138565,0.4476927629693161,0.00171064018467293
baseline,200ns_100ns,160100000.0,3.7513059291478927,0.41966478070529883,0.001729897787573927
baseline,200ns_100ns,160400000.0,3.7618614568588438,0.3914730124546821,0.001752440098493643
baseline,200ns_100ns,160700000.0,3.7721977019161326,0.36312077825617683,0.001777074818393767
baseline,200ns_100ns,161000000.0,3.7823083690120978,0.3346132365459202,0.0018024321785371415
baseline,200ns_100ns,161300000.0,3.7921887468555537,0.30595689520465275,0.0018271423543514088
baseline,200ns_100ns,161600000.0,3.8018360617519376,0.27715895317326494,0.0018499975113847726
baseline,200ns_100ns,161900000.0,3.8112495672860702,0.24822656484184286,0.0018700809769114982
baseline,200ns_100ns,162200000.0,3.820430362111103,0.2191661288493013,0.0018868539435294622
baseline,200ns_100ns,162500000.0,3.8293809654848263,0.1899826981484514,0.0019001959023545736
baseline,200ns_100ns,162800000.0,3.838104713243434,0.16067959003201143,0.001910398573039633
baseline,200ns_100ns,163100000.0,3.8466050608253934,0.13125824595806557,0.0019181154208144358
baseline,200ns_100ns,163400000.0,3.854884891515902,0.10171835560943343,0.0019242711703517195
baseline,200ns_100ns,163700000.0,3.8629459258487957,0.07205822267700325,0.0019299389983269636
baseline,200ns_100ns,164000000.0,3.8707883125097906,0.04227531653751232,0.0019361975441618833
baseline,200ns_100ns,164300000.0,3.878410454523524,0.012366928903936654,0.001943984763655192
baseline,200ns_100ns,164600000.0,3.8858090907603646,-0.01766915893959716,0.0019539691930695615
baseline,200ns_100ns,164900000.0,3.8929796167067368,-0.04783409280339567,0.001966459219946858
baseline,200ns_100ns,165200000.0,3.8999165950449464,-0.07812752752389279,0.0019813660424273516
baseline,200ns_100ns,165500000.0,3.9066143805329117,-0.10854743116743593,0.001998226609968524
baseline,200ns_100ns,165800000.0,3.913067768517624,-0.13909013646059956,0.002016281547435014
baseline,200ns_100ns,166100000.0,3.919272574144629,-0.1697506292165828,0.002034593382494607
baseline,200ns_100ns,166400000.0,3.925226060129759,-0.2005230301694681,0.0020521849786017668
baseline,200ns_100ns,166700000.0,3.930927153167539,-0.23140119974771406,0.0020681775408114946
baseline,200ns_100ns,167000000.0,3.936376419451512,-0.26237937859851307,0.0020819106607204837
baseline,200ns_100ns,167300000.0,3.94157580401881,-0.29345277235921785,0.0020930315889345044
baseline,200ns_100ns,167600000.0,3.9465281718941596,-0.32461799773012057,0.002101545619565109
baseline,200ns_100ns,167900000.0,3.951236716639977,-0.3558733270127401,0.002107823410001877
baseline,200ns_100ns,168200000.0,3.955704320117424,-0.38721869701217576,0.002112564386835135
baseline,200ns_100ns,168500000.0,3.959932953583532,-0.41865548146504467,0.0021167187550448973
baseline,200ns_100ns,168800000.0,3.9639232039020995,-0.450186059249653,0.0021213746955071255
baseline,200ns_100ns,169100000.0,3.967673990670774,-0.48181323895205275,0.0021276223029098886
baseline,200ns_100ns,169400000.0,3.9711825130433107,-0.5135396199854886,0.002136411001627933
baseline,200ns_100ns,169700000.0,3.9744444328472435,-0.5453669787459944,0.002148420965259087
baseline,200ns_100ns,170000000.0,3.9774542677705664,-0.5772957641834002,0.002163969395707749
baseline,400ns_0ns,20000000.0,-0.14246865816529689,-0.18913745456520548,1.1242038140509842
baseline,400ns_0ns,20300000.0,-1.2550906682898268,0.23015053309561387,1.127850763569669
baseline,400ns_0ns,20600000.0,-1.7561837677148606,1.271984147531258,1.1331254767258425
baseline,400ns_0ns,20900000.0,-1.3985899167320868,2.3493015047491768,1.1385084375006895
baseline,400ns_0ns,21200000.0,-0.4001894841732983,2.8733615478725927,1.1423862179481004
baseline,400ns_0ns,21500000.0,0.685463705341087,2.5675731377016056,1.1439165756440133
baseline,400ns_0ns,21800000.0,1.2736804958540429,1.6061814331665796,1.143474126680657
baseline,400ns_0ns,22100000.0,1.0612940819680112,0.5088588243504879,1.1424537561752381
baseline,400ns_0ns,22400000.0,0.18068400060212034,-0.14592851991215375,1.1425247771709903
baseline,400ns_0ns,22700000.0,-0.8825802800609588,-0.031140878751569716,1.1447160828032144
baseline,400ns_0ns,23000000.0,-1.5582460810547387,0.7609816964149313,1.1488374539655235
baseline,400ns_0ns,23300000.0,-1.4979783095951038,1.7791387836768886,1.1535777652064023
baseline,400ns_0ns,23600000.0,-0.7555834412341077,2.463194221451984,1.1572233368585898
baseline,400ns_0ns,23900000.0,0.2520001089847267,2.4460560016529747,1.158582367478255
baseline,400ns_0ns,24200000.0,0.9765526507489417,1.744860156314185,1.1576160766451908
baseline,400ns_0ns,24500000.0,1.0347077931105846,0.7422332390246998,1.1554577203231065
baseline,400ns_0ns,24800000.0,0.408731797336095,-0.027152838097090994,1.1538083807925184
baseline,400ns_0ns,25100000.0,-0.5528889647644579,-0.16601956716069283,1.154011616382741
baseline,400ns_0ns,25400000.0,-1.3305138591155325,0.37646281491164685,1.1563053073117175
baseline,400ns_0ns,25700000.0,-1.5152119025526867,1.2857185329803722,1.1596831212061423
baseline,400ns_0ns,26000000.0,-1.0248178238166155,2.058534356703751,1.1624490490681552
baseline,400ns_0ns,26300000.0,-0.14029538736431288,2.276539025934618,1.1631396200039523
baseline,400ns_0ns,26600000.0,0.652867342729045,1.8280286027147434,1.1613027386913883
baseline,400ns_0ns,26900000.0,0.9290106574127008,0.9607679119413255,1.157732425013388
baseline,400ns_0ns,27200000.0,0.5487098928397993,0.14136437644982733,1.1540445180773515
baseline,400ns_0ns,27500000.0,-0.272957579463165,-0.19928099234925312,1.1518034650543363
baseline,400ns_0ns,27800000.0,-1.089292801776146,0.1041831199496469,1.151659536341126
baseline,400ns_0ns,28100000.0,-1.4661074926989714,0.868801054536332,1.1529847283436208
baseline,400ns_0ns,28400000.0,-1.2139024261810438,1.668723680374933,1.1542228449127303
baseline,400ns_0ns,28700000.0,-0.4841387052726457,2.068373124516141,1.1537446845695762
baseline,400ns_0ns,29000000.0,0.3190311897755277,1.8558981902943295,1.150722369821054
baseline,400ns_0ns,29300000.0,0.7604706272171265,1.151984104615259,1.145562333565692
baseline,400ns_0ns,29600000.0,0.6077768467143977,0.33836441242523724,1.139684513880365
baseline,400ns_0ns,29900000.0,-0.048343854525907046,-0.15199808105601337,1.1347587355864361
baseline,400ns_0ns,30200000.0,-0.8491861648379173,-0.06792130218217776,1.131792403117235
baseline,400ns_0ns,30500000.0,-1.3656039193552567,0.529024301615231,1.1305742389502964
baseline,400ns_0ns,30800000.0,-1.3293855302797206,1.3036874282762088,1.1297987428026057
baseline,400ns_0ns,31100000.0,-0.7738595615392183,1.8323170775040551,1.1277939971413624
baseline,400ns_0ns,31400000.0,-0.01018711721448203,1.8314213612490913,1.123429154042754
baseline,400ns_0ns,31700000.0,0.5447814340987166,1.3070519337372648,1.1167109233580268
baseline,400ns_0ns,32000000.0,0.5940113640079795,0.5460537903448681,1.1087720684472386
baseline,400ns_0ns,32300000.0,0.11730163821130342,-0.04303304974579914,1.1012631447146455
baseline,400ns_0ns,32600000.0,-0.6230445783813247,-0.15133228329770762,1.0954580920287758
baseline,400ns_0ns,32900000.0,-1.228118604264635,0.26655075934350664,1.091557525952114
baseline,400ns_0ns,33200000.0,-1.3788718683418246,0.9730024228215644,1.0885897436995893
baseline,400ns_0ns,33500000.0,-1.0058132134926252,1.5799961016311228,1.0849637158270822
baseline,400ns_0ns,33800000.0,-0.3218017414938698,1.7599633942894466,1.0793444682060829
baseline,400ns_0ns,34100000.0,0.29719110559272954,1.4204654121966986,1.071364379406122
baseline,400ns_0ns,34400000.0,0.5167026422976911,0.7496385685396059,1.0618083532897296
baseline,400ns_0ns,34700000.0,0.22253571495015043,0.11032028268060264,1.0521899438192888
baseline,400ns_0ns,35000000.0,-0.4217766475040076,-0.1577123624836991,1.0439358098033589
baseline,400ns_0ns,35300000.0,-1.0675221704132398,0.08028514912442769,1.0376108829143258
baseline,400ns_0ns,35600000.0,-1.371147197492687,0.6851939214070246,1.032620841295741
baseline,400ns_0ns,35900000.0,-1.1785945670066567,1.3233443415795512,1.0275625270504691
baseline,400ns_0ns,36200000.0,-0.6048317167445648,1.648912750067527,1.021007649881348
baseline,400ns_0ns,36500000.0,0.032352085056034235,1.4897969957467678,1.0122722962413266
baseline,400ns_0ns,36800000.0,0.3863294445649706,0.9371589285909423,1.001769975430339
baseline,400ns_0ns,37100000.0,0.268243509777894,0.29216176420184525,0.9907822133519033
baseline,400ns_0ns,37400000.0,-0.25412966047665925,-0.09917467351204672,0.980769095949566
baseline,400ns_0ns,37700000.0,-0.8969131238752495,-0.03253604450602588,0.9725797361365389
baseline,400ns_0ns,38000000.0,-1.3160544553490758,0.4472081416181623,0.9659987039128503
baseline,400ns_0ns,38300000.0,-1.2930878878665861,1.0740534235911636,0.9598885724410791
baseline,400ns_0ns,38600000.0,-0.8505177008779137,1.507231311278152,0.9528356536296001
baseline,400ns_0ns,38900000.0,-0.23596886398111902,1.5154457803833754,0.9439205489740553
baseline,400ns_0ns,39200000.0,0.21433918465751442,1.099445878214871,0.9331988067654959
baseline,400ns_0ns,39500000.0,0.25760664810899947,0.4880581117444567,0.9216582524285053
baseline,400ns_0ns,39800000.0,-0.12650322280933768,0.011750740048890493,0.9106852013428871
baseline,400ns_0ns,40100000.0,-0.7283000786834993,-0.07649134881014677,0.9013162314209315
baseline,400ns_0ns,40400000.0,-1.2242097016192286,0.26403800470211736,0.8936805713021102
baseline,400ns_0ns,40700000.0,-1.3523747850578811,0.8430509300876328,0.8869500917066538
baseline,400ns_0ns,41000000.0,-1.052485113717444,1.344957524874583,0.8798185535157294
baseline,400ns_0ns,41300000.0,-0.49523537414145213,1.5003392060115879,0.8712221651188852
baseline,400ns_0ns,41600000.0,0.012799324561003633,1.2301004254359376,0.8609020267821922
baseline,400ns_0ns,41900000.0,0.19593948116443546,0.6852339584173529,0.849526450111553
baseline,400ns_0ns,42200000.0,-0.04283292885167108,0.16233859820807012,0.8383246956329431
baseline,400ns_0ns,42500000.0,-0.5722609520951212,-0.05792367065251743,0.828423207218859
baseline,400ns_0ns,42800000.0,-1.1066188525153187,0.13849177997577652,0.8202371649066038
baseline,400ns_0ns,43100000.0,-1.3615205888820792,0.6400319351799165,0.8132585273805527
baseline,400ns_0ns,43400000.0,-1.2068254308045145,1.172682014105391,0.8063587249773074
baseline,400ns_0ns,43700000.0,-0.734483538146089,1.4495738231296702,0.798418950078852
baseline,400ns_0ns,44000000.0,-0.20602596360428901,1.3254385941609805,0.788928587137326
baseline,400ns_0ns,44300000.0,0.09041369404703581,0.8727984145858829,0.7782417788810269
baseline,400ns_0ns,44600000.0,-0.004564903776677752,0.34000019208543053,0.7673755995170541
baseline,400ns_0ns,44900000.0,-0.43762683060064456,0.015260890179617691,0.757459209192995
baseline,400ns_0ns,45200000.0,-0.974242126283178,0.07109766483210929,0.7491225242658179
baseline,400ns_0ns,45500000.0,-1.3272600245411883,0.47306428019371033,0.7421615178328487
baseline,400ns_0ns,45800000.0,-1.3120809896366974,1.0010186284472118,0.7356703434913467
baseline,400ns_0ns,46100000.0,-0.9446212811331873,1.369996301612816,0.7285539162566741
baseline,400ns_0ns,46400000.0,-0.43013150299273983,1.3843715545288058,0.7201207850942211
baseline,400ns_0ns,46700000.0,-0.05030686653835127,1.0419527607608097,0.7104390317219554
baseline,400ns_0ns,47000000.0,-0.010730388681505585,0.5326682921984661,0.7002849208893163
baseline,400ns_0ns,47300000.0,-0.33122403010100043,0.13390686139730146,0.6907196853567841
baseline,400ns_0ns,47600000.0,-0.8375448068924647,0.06013637584196356,0.6825142619005184
baseline,400ns_0ns,47900000.0,-1.2576049534209282,0.34828447944878055,0.6757334943240623
baseline,400ns_0ns,48200000.0,-1.369128858634925,0.8400949933490374,0.6697156618192912
baseline,400ns_0ns,48500000.0,-1.1186570399160014,1.269735792633582,0.6634526303526053
baseline,400ns_0ns,48800000.0,-0.6482236439852571,1.408207181972138,0.6561424464228645
baseline,400ns_0ns,49100000.0,-0.21649733435707055,1.1861430573458374,0.6476092723322803
baseline,400ns_0ns,49400000.0,-0.05812046269734075,0.7291909053832728,0.6383817408081685
baseline,400ns_0ns,49700000.0,-0.25769730482769587,0.2880020344283094,0.6294008167115976
baseline,400ns_0ns,50000000.0,-0.7060670022441481,0.10179085101241768,0.6215092758791392
baseline,400ns_0ns,50300000.0,-1.1613987967621715,0.2696963920361262,0.6149942974968062
baseline,400ns_0ns,50600000.0,-1.3809674863958188,0.6990858882894975,0.6094399503605022
baseline,400ns_0ns,50900000.0,-1.2518392891892487,1.1577050596333425,0.6039713978250371
baseline,400ns_0ns,51200000.0,-0.850139525279455,1.4003714060556667,0.5977404130633299
baseline,400ns_0ns,51500000.0,-0.3978435801914392,1.3011346068998815,0.5903762148909337
baseline,400ns_0ns,51800000.0,-0.14155364492291675,0.9196986863977278,0.5821692546979247
baseline,400ns_0ns,52100000.0,-0.21942839476794906,0.4671172607140476,0.5739052580401428
baseline,400ns_0ns,52400000.0,-0.5880398897872817,0.19039848452012517,0.5664383171361032
baseline,400ns_0ns,52700000.0,-1.0478434347468053,0.23907943532146975,0.5602264001280904
baseline,400ns_0ns,53000000.0,-1.3524165000587554,0.5858105592469544,0.5550860316415498
baseline,400ns_0ns,53300000.0,-1.3416966680512563,1.0430914852486082,0.5503060538544391
baseline,400ns_0ns,53600000.0,-1.0272081039390042,1.3660565932163646,0.5450472478904399
baseline,400ns_0ns,53900000.0,-0.5839285249432418,1.3849956028274473,0.5387945565964347
baseline,400ns_0ns,54200000.0,-0.2542231493717622,1.0959182443448774,0.5316209011308807
baseline,400ns_0ns,54500000.0,-0.2165563378031691,0.6608634531206462,0.524136837140642
baseline,400ns_0ns,54800000.0,-0.4900707395436149,0.3187877000356744,0.5171577158093563
baseline,400ns_0ns,55100000.0,-0.9260245358884068,0.2560074572367058,0.5112603995978258
baseline,400ns_0ns,55400000.0,-1.2897453062261788,0.5064116068354535,0.5064700486711134
baseline,400ns_0ns,55700000.0,-1.387975806872114,0.9348606340695269,0.5022556541708729
baseline,400ns_0ns,56000000.0,-1.172533290297913,1.3118107506557792,0.4978323829986915
baseline,400ns_0ns,56300000.0,-0.7647073213908677,1.4379859565334523,0.49258998189480196
baseline,400ns_0ns,56600000.0,-0.3881059153897425,1.2514103612242928,0.4864116047163224
baseline,400ns_0ns,56900000.0,-0.24709896562142988,0.8593378206284872,0.47972497142583503
baseline,400ns_0ns,57200000.0,-0.4169135350691611,0.4786775978762268,0.4732673313466014
baseline,400ns_0ns,57500000.0,-0.8044603032227139,0.317973732290712,0.4676852325348304
baseline,400ns_0ns,57800000.0,-1.2002501160632577,0.46512864944151916,0.46318192608654274
baseline,400ns_0ns,58100000.0,-1.3924805873460577,0.8412948312653087,0.4594114917696039
baseline,400ns_0ns,58400000.0,-1.2811851417826494,1.2450859493640374,0.4556791150102535
baseline,400ns_0ns,58700000.0,-0.9309472703276419,1.4623546635117273,0.4513249795119034
baseline,400ns_0ns,59000000.0,-0.5344122537633957,1.3817186993831496,0.4460743376114195
baseline,400ns_0ns,59300000.0,-0.3071687661911828,1.0535340291530348,0.4401740262841474
baseline,400ns_0ns,59600000.0,-0.371336281717858,0.6611172489918736,0.43425385674294653
baseline,400ns_0ns,59900000.0,-0.690696522406996,0.4206122477244101,0.42898527531212227
baseline,400ns_0ns,60200000.0,-1.0918016406696915,0.464174874603686,0.42471522513262966
baseline,400ns_0ns,60500000.0,-1.3588224249411203,0.7695875023966259,0.4212785196823464
baseline,400ns_0ns,60800000.0,-1.3502909284401972,1.1737672775351435,0.4180969378504859
baseline,400ns_0ns,61100000.0,-1.0746110146976882,1.4620553131289171,0.4145023845489003
baseline,400ns_0ns,61400000.0,-0.6840530368610959,1.4844210438706866,0.41009613065880685
baseline,400ns_0ns,61700000.0,-0.391270897704437,1.2356944745370295,0.4049534820019678
baseline,400ns_0ns,62000000.0,-0.3540901889647421,0.8569401696926644,0.39957644329967484
baseline,400ns_0ns,62300000.0,-0.5909676041339984,0.5580007858709098,0.39462182626415515
baseline,400ns_0ns,62600000.0,-0.9723869205624297,0.503719161874548,0.39054406527461005
baseline,400ns_0ns,62900000.0,-1.2920960743318013,0.7255110406634706,0.38734692704640317
baseline,400ns_0ns,63200000.0,-1.3790237726134429,1.1057049457663097,0.38458712068069845
baseline,400ns_0ns,63500000.0,-1.1891652062672564,1.4423944216837243,0.38162485936236
baseline,400ns_0ns,63800000.0,-0.8281008056136239,1.5590813898252467,0.3779721045385503
baseline,400ns_0ns,64100000.0,-0.4926667123547424,1.399587100631896,0.37354769072506155
baseline,400ns_0ns,64400000.0,-0.3639800486484174,1.0572096490441225,0.3687133263701943
baseline,400ns_0ns,64700000.0,-0.5099391998766498,0.7230274846965182,0.3640772090904527
baseline,400ns_0ns,65000000.0,-0.849668601484738,0.5819709583226568,0.3601646795231469
baseline,400ns_0ns,65300000.0,-1.1984993105299813,0.7131719511599054,0.3571307041139942
baseline,400ns_0ns,65600000.0,-1.3684922922500045,1.0482719541656944,0.354677735185996
baseline,400ns_0ns,65900000.0,-1.2698013155336192,1.4096310895154154,0.3522260685262233
baseline,400ns_0ns,66200000.0,-0.9582219723361355,1.6071070683549087,0.34923298002510955
baseline,400ns_0ns,66500000.0,-0.6037828781041986,1.5406940606753712,0.3454804105450371
baseline,400ns_0ns,66800000.0,-0.3980295950596394,1.2536319380999157,0.34118424226917893
baseline,400ns_0ns,67100000.0,-0.4505431967976261,0.907799785484478,0.33687569196428313
baseline,400ns_0ns,67400000.0,-0.7305835529743097,0.6953598524096976,0.3331150383467001
baseline,400ns_0ns,67700000.0,-1.0849175363082266,0.7348622926487519,0.3301858175903951
baseline,400ns_0ns,68000000.0,-1.321540008900161,1.0079681798742965,0.32794001277910556
baseline,400ns_0ns,68300000.0,-1.313560321884773,1.3705490356630894,0.32588484439581683
baseline,400ns_0ns,68600000.0,-1.0670593626057825,1.6315204531730128,0.32345694155856325
baseline,400ns_0ns,68900000.0,-0.7166441571284875,1.6563048455268043,0.3203246537642932
baseline,400ns_0ns,69200000.0,-0.451730644688161,1.4389168201529814,0.31655880538796394
baseline,400ns_0ns,69500000.0,-0.4139106831666396,1.1040731214974082,0.3125909081038323
baseline,400ns_0ns,69800000.0,-0.6210001225474269,0.8387971329005336,0.3089816227935347
baseline,400ns_0ns,70100000.0,-0.9584957757200552,0.7910113123475956,0.3061164177603747
baseline,400ns_0ns,70400000.0,-1.24246791681838,0.9900890261203712,0.30399384226203474
baseline,400ns_0ns,70700000.0,-1.3193583457508924,1.3320233019022076,0.30222967067960416
baseline,400ns_0ns,71000000.0,-1.1485474525766013,1.6366593729651913,0.30027284449380637
baseline,400ns_0ns,71300000.0,-0.823307112624484,1.74551200087725,0.2977046001362008
baseline,400ns_0ns,71600000.0,-0.5193605611737147,1.6070685765610475,0.2944573623698094
baseline,400ns_0ns,71900000.0,-0.39940307065931074,1.303676370666032,0.29084598017434166
baseline,400ns_0ns,72200000.0,-0.5254496873248005,1.0060027199909,0.2873991203134135
baseline,400ns_0ns,72500000.0,-0.8262206061197999,0.8802358895091107,0.2845743456833947
baseline,400ns_0ns,72800000.0,-1.1366973449409445,0.9984730367488666,0.2825071865648039
baseline,400ns_0ns,73100000.0,-1.2879156047397284,1.3006037903026328,0.2809378778164193
baseline,400ns_0ns,73400000.0,-1.1981466549316067,1.627823929010094,0.27935891669814966
baseline,400ns_0ns,73700000.0,-0.9162725139528782,1.809112909302072,0.2772935988094339
baseline,400ns_0ns,74000000.0,-0.5943493275689739,1.7535946101049797,0.2745482643176381
baseline,400ns_0ns,74300000.0,-0.4047363191651695,1.4989119602524854,0.27131016387988577
baseline,400ns_0ns,74600000.0,-0.44694380179909016,1.1898779061181222,0.26804662677594465
baseline,400ns_0ns,74900000.0,-0.6945334660664186,0.9994832796315898,0.2652551819231979
baseline,400ns_0ns,75200000.0,-1.0103929767811988,1.035338396576651,0.2631922763487022
baseline,400ns_0ns,75500000.0,-1.2215961674793938,1.2821364113433233,0.2617320796581473
baseline,400ns_0ns,75800000.0,-1.2129876938546265,1.610889892369865,0.26043927196678346
baseline,400ns_0ns,76100000.0,-0.9888559617528384,1.8494261152904603,0.2588104838039641
baseline,400ns_0ns,76400000.0,-0.6696753989908668,1.8756238165353192,0.25654376625286296
baseline,400ns_0ns,76700000.0,-0.42618841677953556,1.6829105716923995,0.2536942121786071
baseline,400ns_0ns,77000000.0,-0.3868833945754607,1.382902556887082,0.25064248222033003
baseline,400ns_0ns,77300000.0,-0.5689945274165046,1.1442550348210856,0.24789278106360124
baseline,400ns_0ns,77600000.0,-0.8700674685476302,1.101213346529331,0.2458002612395514
baseline,400ns_0ns,77900000.0,-1.1241705210582649,1.2814401497912524,0.24437527591229397
baseline,400ns_0ns,78200000.0,-1.191922148526789,1.591910179095903,0.2432794840424668
baseline,400ns_0ns,78500000.0,-1.0354990557777546,1.8700350956757796,0.24201537737731718
baseline,400ns_0ns,78800000.0,-0.7382685589432039,1.9719319425987614,0.24019573398974287
baseline,400ns_0ns,79100000.0,-0.45887609429258447,1.8499235017498539,0.23774568001745777
baseline,400ns_0ns,79400000.0,-0.345061344360164,1.5775348437995518,0.2349389687958816
baseline,400ns_0ns,79700000.0,-0.4540130277468645,1.3088970703806098,0.23225343392241318
baseline,400ns_0ns,80000000.0,-0.7221894167868681,1.1949604743913296,0.23011527187715794
baseline,400ns_0ns,80300000.0,-1.000516688214006,1.3020549099888183,0.2286653569477046
baseline,400ns_0ns,80600000.0,-1.1354803261511228,1.576725969008341,0.22768180135861318
baseline,400ns_0ns,80900000.0,-1.0520070889123085,1.8754759276941924,0.22670550186239705
baseline,400ns_0ns,81200000.0,-0.7933982420905692,2.0428762737953297,0.22529170723125966
baseline,400ns_0ns,81500000.0,-0.4970834388696598,1.9955396252656687,0.2232448022041912
baseline,400ns_0ns,81800000.0,-0.3197546983200178,1.7665921488980976,0.22071758820273277
baseline,400ns_0ns,82100000.0,-0.35265589080768883,1.4869377993659965,0.2181303818316613
baseline,400ns_0ns,82400000.0,-0.5728155597109845,1.3138898455675987,0.21594849679705583
baseline,400ns_0ns,82700000.0,-0.8562784231687338,1.3460707784542267,0.21442941377408173
baseline,400ns_0ns,83000000.0,-1.0457425491608099,1.5706078736194817,0.21348022553611035
baseline,400ns_0ns,83300000.0,-1.035703626400875,1.8708878287187858,0.21271112874867362
baseline,400ns_0ns,83600000.0,-0.82902724483672,2.090246813880159,0.21165144825950621
baseline,400ns_0ns,83900000.0,-0.5346228408746944,2.116818392801733,0.21000115485716048
baseline,400ns_0ns,84200000.0,-0.30789811458731153,1.943593501626554,0.2077852570083313
baseline,400ns_0ns,84500000.0,-0.26654189981173754,1.671454287691368,0.20533912073781418
baseline,400ns_0ns,84800000.0,-0.42726614950209507,1.4539513705234748,0.20313269234272116
baseline,400ns_0ns,85100000.0,-0.6975007515946086,1.414044679125882,0.2015181269578836
baseline,400ns_0ns,85400000.0,-0.9261344217338559,1.5779453523047435,0.2005355520398173
baseline,400ns_0ns,85700000.0,-0.9854971234768191,1.8616470020457312,0.19989164404160487
baseline,400ns_0ns,86000000.0,-0.8401132572892204,2.1170454612023506,0.19912391751993602
baseline,400ns_0ns,86300000.0,-0.5652075882647561,2.2123351755638456,0.19785108344295418
baseline,400ns_0ns,86600000.0,-0.30532598472618566,2.103046693935115,0.1959715148074038
baseline,400ns_0ns,86900000.0,-0.1958238098710362,1.8554455925063387,0.19371372339309276
baseline,400ns_0ns,87200000.0,-0.2898594534896483,1.6099929062893261,0.19151740471054798
baseline,400ns_0ns,87500000.0,-0.530263646282701,1.505005541841791,0.1898004213360709
baseline,400ns_0ns,87800000.0,-0.7811603637332089,1.6019994298352243,0.1887303930148402
baseline,400ns_0ns,88100000.0,-0.901859605303334,1.8530045092563558,0.1881316172077691
baseline,400ns_0ns,88400000.0,-0.8228439993865598,2.127208253062632,0.1875845099432564
baseline,400ns_0ns,88700000.0,-0.5828154154791739,2.2821401764066445,0.1866557571025188
baseline,400ns_0ns,89000000.0,-0.307067322879503,2.2406667994437046,0.18512671020096833
baseline,400ns_0ns,89300000.0,-0.13925587841410889,2.0321927576560253,0.18310430722219898
baseline,400ns_0ns,89600000.0,-0.16371755143117173,1.776067468397185,0.18096515316234088
baseline,400ns_0ns,89900000.0,-0.36033399815583317,1.6165442502505054,0.17915860150157273
baseline,400ns_0ns,90200000.0,-0.6160925482891588,1.6447298124753795,0.17796422596570266
baseline,400ns_0ns,90500000.0,-0.7867221936446256,1.8497479641099166,0.17733673460826796
baseline,400ns_0ns,90800000.0,-0.7747958193684338,2.1252883293937956,0.17693230245013475
baseline,400ns_0ns,91100000.0,-0.5820234925796988,2.3276367784644565,0.1762995762704135
baseline,400ns_0ns,91400000.0,-0.30767516636399084,2.353516992828753,0.17512096320230605
baseline,400ns_0ns,91700000.0,-0.09433972673291795,2.195586345009845,0.17337562061483552
baseline,400ns_0ns,92000000.0,-0.050651313178859785,1.9457707997117561,0.17134875450039902
baseline,400ns_0ns,92300000.0,-0.19285439058306506,1.7449801289076143,0.1694842342778021
baseline,400ns_0ns,92600000.0,-0.436634272280183,1.7067030678681405,0.16814863119320364
baseline,400ns_0ns,92900000.0,-0.6432966879002737,1.8559048928981643,0.16742956957482724
baseline,400ns_0ns,93200000.0,-0.6950101802953358,2.11611885472563,0.1670871251261637
baseline,400ns_0ns,93500000.0,-0.5582975954680813,2.351389462873033,0.16668865383180784
baseline,400ns_0ns,93800000.0,-0.3015709819387379,2.440067187910405,0.16584361206790477
baseline,400ns_0ns,94100000.0,-0.05753740338195426,2.3404048709278653,0.16440655912879096
baseline,400ns_0ns,94400000.0,0.04887216812025925,2.1125895784679516,0.16254981016742706
baseline,400ns_0ns,94700000.0,-0.03208453016013445,1.8855918734697132,0.1606749755362528
baseline,400ns_0ns,95000000.0,-0.2485775333103443,1.7870839216057466,0.15920290948111065
baseline,400ns_0ns,95300000.0,-0.4758361379073763,1.8745027776795138,0.15834523173307943
baseline,400ns_0ns,95600000.0,-0.583987134377347,2.1044756545121635,0.1579863437416618
baseline,400ns_0ns,95900000.0,-0.5082212628552937,2.356875026118855,0.15774915583393712
baseline,400ns_0ns,96200000.0,-0.28338435201275575,2.5001707530134327,0.1572028835448975
baseline,400ns_0ns,96500000.0,-0.024537126237201303,2.4625308395684904,0.15609039055467397
baseline,400ns_0ns,96800000.0,0.1356811480598325,2.2702406681627743,0.1544583016965456
baseline,400ns_0ns,97100000.0,0.11879233815329775,2.032897702496693,0.15263249639138285
baseline,400ns_0ns,97400000.0,-0.05747415684783467,1.8837070667812077,0.1510502962467482
baseline,400ns_0ns,97700000.0,-0.2893502073387541,1.907397145705487,0.1500269790928621
baseline,400ns_0ns,98000000.0,-0.4435994455384405,2.094758646816454,0.14958125380660375
baseline,400ns_0ns,98300000.0,-0.4296544980805369,2.3481934740617327,0.14942527625456448
baseline,400ns_0ns,98600000.0,-0.24826910354114173,2.534964062458273,0.14912549848040918
baseline,400ns_0ns,98900000.0,0.009445282684236481,2.559094944574659,0.14833541172326792
baseline,400ns_0ns,99200000.0,0.21177574149753817,2.4129829400335,0.14697316012229347
baseline,400ns_0ns,99500000.0,0.25778975072063204,2.1809672557946573,0.14526163061267516
baseline,400ns_0ns,99800000.0,0.13166160258360962,1.9932224576575341,0.14361506707725002
baseline,400ns_0ns,100100000.0,-0.08929310664867779,1.95517485905312,0.1424220203656371
baseline,400ns_0ns,100400000.0,-0.2769353285301258,2.090709421558756,0.1418331031474519
baseline,400ns_0ns,100700000.0,-0.32181588096666647,2.3297566341344798,0.14167667507340778
baseline,400ns_0ns,101000000.0,-0.1921790323581216,2.546697771225568,0.14155592040999354
baseline,400ns_0ns,101300000.0,0.049347629123414,2.6285433430853224,0.14106568640727202
baseline,400ns_0ns,101600000.0,0.28013925579870924,2.5358853788816713,0.14000352413858963
baseline,400ns_0ns,101900000.0,0.38416114346043717,2.3237466192714824,0.13847070226128566
baseline,400ns_0ns,102200000.0,0.3146034118111333,2.111303232837078,0.13682077748775978
baseline,400ns_0ns,102500000.0,0.11875718678242592,2.0171353560780028,0.13547782252020696
baseline,400ns_0ns,102800000.0,-0.08808149778022868,2.0951797552754274,0.1347088999194596
baseline,400ns_0ns,103100000.0,-0.1852864466146674,2.3059732122671686,0.1344753337311381
baseline,400ns_0ns,103400000.0,-0.11208919955834526,2.538512277238522,0.1344550515122386
baseline,400ns_0ns,103700000.0,0.09994397481893273,2.670627449424082,0.1342215620111503
baseline,400ns_0ns,104000000.0,0.34449758680507064,2.6350382474366665,0.1334703558660845
baseline,400ns_0ns,104300000.0,0.49836634986700457,2.4553778069101795,0.1321728546085334
baseline,400ns_0ns,104600000.0,0.48810382266992,2.232902309549862,0.13058976175057735
baseline,400ns_0ns,104900000.0,0.3294099241280953,2.0913481523137127,0.1291392379172507
baseline,400ns_0ns,105200000.0,0.11813889957818542,2.10996249600412,0.12817723304324277
baseline,400ns_0ns,105500000.0,-0.021938069825106054,2.2809485821294317,0.12780184283865514
baseline,400ns_0ns,105800000.0,-0.0061522475421717585,2.514172538662916,0.12779822330927776
baseline,400ns_0ns,106100000.0,0.16554673851402166,2.6863200541409546,0.12775969833772424
baseline,400ns_0ns,106400000.0,0.40904244917251187,2.707697711486706,0.12730807834280103
baseline,400ns_0ns,106700000.0,0.6019664083150447,2.570494939920076,0.12628811772299606
baseline,400ns_0ns,107000000.0,0.6500173201517481,2.3525413752415316,0.12484391726367705
baseline,400ns_0ns,107300000.0,0.5377455097714494,2.174780611369853,0.12334678198990534
baseline,400ns_0ns,107600000.0,0.33645685621868043,2.1356922878523106,0.12220446064575417
baseline,400ns_0ns,107900000.0,0.16520673513039863,2.2582160862202354,0.12164126110960273
baseline,400ns_0ns,108200000.0,0.12621677098814219,2.4777791468491333,0.12157239497024235
baseline,400ns_0ns,108500000.0,0.24974460400099593,2.677665572462844,0.12165236276474181
baseline,400ns_0ns,108800000.0,0.4781356878053544,2.752358392935918,0.12146586780632881
baseline,400ns_0ns,109100000.0,0.6974554590379699,2.664481273328562,0.12074582385758237
baseline,400ns_0ns,109400000.0,0.7993510211325275,2.464614721688372,0.11950659975137086
baseline,400ns_0ns,109700000.0,0.7395571492871666,2.2634862320135567,0.118036277441534
baseline,400ns_0ns,110000000.0,0.5614588828974274,2.171819418529866,0.1167516937164071
baseline,400ns_0ns,110300000.0,0.37217300212697574,2.240514310703196,0.115978850687003
baseline,400ns_0ns,110600000.0,0.2843292568771032,2.433473380729249,0.11577262597224355
baseline,400ns_0ns,110900000.0,0.3551899710048394,2.6475757627155594,0.11588587236200451
baseline,400ns_0ns,111200000.0,0.5560124103688273,2.7687526678220467,0.115908325058774
baseline,400ns_0ns,111500000.0,0.7880418086436078,2.7336740536762414,0.11548697032234705
baseline,400ns_0ns,111800000.0,0.9362428899534224,2.563690187254242,0.11450528994085203
baseline,400ns_0ns,112100000.0,0.9315379862964219,2.3528406497052927,0.11313986639222394
baseline,400ns_0ns,112400000.0,0.7878815417339257,2.2166558565414696,0.11177292049340236
baseline,400ns_0ns,112700000.0,0.594276024038796,2.229621734853077,0.1107960455521345
baseline,400ns_0ns,113000000.0,0.46628364050961096,2.3851537457544794,0.11039796121507182
baseline,400ns_0ns,113300000.0,0.4834464907849593,2.5995849993062916,0.11045813017652276
baseline,400ns_0ns,113600000.0,0.6465002477660495,2.757779746085779,0.11061534166208072
baseline,400ns_0ns,113900000.0,0.8773928320291662,2.775507591324317,0.11046621336201695
baseline,400ns_0ns,114200000.0,1.0618715744403917,2.6447902018419893,0.10977467212917921
baseline,400ns_0ns,114500000.0,1.1114051058006071,2.4378102062785523,0.10858826660684222
baseline,400ns_0ns,114800000.0,1.0108825434474293,2.2674883864699793,0.10721455691115675
baseline,400ns_0ns,115100000.0,0.826393089900769,2.2262564172536212,0.10606709173047954
baseline,400ns_0ns,115400000.0,0.6690916976659788,2.336220173210593,0.10544696159215118
baseline,400ns_0ns,115700000.0,0.6349034627473402,2.537580940704017,0.10537522533661521
baseline,400ns_0ns,116000000.0,0.7527705550586089,2.721371402118006,0.10558096674882417
baseline,400ns_0ns,116300000.0,0.9693599536509674,2.7885887091798893,0.10565316705078032
baseline,400ns_0ns,116600000.0,1.1783057229533005,2.7036375622816955,0.10525969930192564
baseline,400ns_0ns,116900000.0,1.2779556503299196,2.513236514730432,0.10431397650394289
baseline,400ns_0ns,117200000.0,1.2262736641758805,2.3207500199178255,0.10301657192760087
baseline,400ns_0ns,117500000.0,1.0632475418842742,2.2300443573944704,0.10175687899092492
baseline,400ns_0ns,117800000.0,0.888860991804587,2.2893599113646155,0.10091333076226912
baseline,400ns_0ns,118100000.0,0.8087597360053513,2.46552732065058,0.10064724184338736
baseline,400ns_0ns,118400000.0,0.8771349417426189,2.6623046574545732,0.10081117827025593
baseline,400ns_0ns,118700000.0,1.067700501765914,2.77270284863132,0.1010327361777869
baseline,400ns_0ns,119000000.0,1.288303820641333,2.736853156280888,0.10091819589239903
baseline,400ns_0ns,119300000.0,1.4310543310389234,2.5741201380860135,0.10025493875988495
baseline,400ns_0ns,119600000.0,1.430703411698821,2.372237868045188,0.0991150306236571
baseline,400ns_0ns,119900000.0,1.2996882941049013,2.2395561712685788,0.09782033253598665
baseline,400ns_0ns,120200000.0,1.1210209366788952,2.2463863504301798,0.09678218329351118
baseline,400ns_0ns,120500000.0,1.0030757078922297,2.387195566045556,0.09628358912534138
baseline,400ns_0ns,120800000.0,1.0208975240516107,2.5839745026753165,0.09632060391617553
baseline,400ns_0ns,121100000.0,1.175812931441504,2.728753225712342,0.09660435524084877
baseline,400ns_0ns,121400000.0,1.3950781634208096,2.7420960873056273,0.09672268529675648
baseline,400ns_0ns,121700000.0,1.5715556973073437,2.6158871301569433,0.09635817812594627
baseline,400ns_0ns,122000000.0,1.6217807707791778,2.4173633696006758,0.09544568937986181
baseline,400ns_0ns,122300000.0,1.5309488711184671,2.252407768424009,0.094203502028421
baseline,400ns_0ns,122600000.0,1.3605779573555838,2.2081385613440796,0.0930274782374036
baseline,400ns_0ns,122900000.0,1.2148882071483227,2.305920837844642,0.09228826435315907
baseline,400ns_0ns,123200000.0,1.1842698050447296,2.4901415656249277,0.09212829155606793
baseline,400ns_0ns,123500000.0,1.2965006626540942,2.658639151728834,0.09238003912744112
baseline,400ns_0ns,123800000.0,1.5020382674783026,2.7181402150627534,0.09266120502789477
baseline,400ns_0ns,124100000.0,1.7011682271189403,2.634623618962546,0.09258298872924335
baseline,400ns_0ns,124400000.0,1.7981350640976792,2.451419262310856,0.09194817467131511
baseline,400ns_0ns,124700000.0,1.7528717207185862,2.265417061562242,0.09084627110359984
baseline,400ns_0ns,125000000.0,1.6023839854214845,2.174445476986123,0.08961110498994962
baseline,400ns_0ns,125300000.0,1.440379529230081,2.2243961035877495,0.08865563420208268
baseline,400ns_0ns,125600000.0,1.3663511778443174,2.384670555131138,0.08825278887342852
baseline,400ns_0ns,125900000.0,1.431777566708448,2.565082935451766,0.08838121251075985
baseline,400ns_0ns,126200000.0,1.6125296516577834,2.6648849996128443,0.08873691231588872
baseline,400ns_0ns,126500000.0,1.8222703944120873,2.6272659534300655,0.08890328113747302
baseline,400ns_0ns,126800000.0,1.9594107856113843,2.4698472371300304,0.08857017853179412
baseline,400ns_0ns,127100000.0,1.9620859895851441,2.274805775212324,0.08768630770540889
baseline,400ns_0ns,127400000.0,1.84140222387441,2.1441548084187096,0.0864838686932245
baseline,400ns_0ns,127700000.0,1.6750890044297657,2.1445152612219704,0.08536739841445373
baseline,400ns_0ns,128000000.0,1.5651741334109854,2.2712754068560526,0.0847070073060701
baseline,400ns_0ns,128300000.0,1.5827253135469288,2.4514175471759643,0.08463443848763733
baseline,400ns_0ns,128600000.0,1.7295837323572574,2.5833024996238985,0.0849664028769012
baseline,400ns_0ns,128900000.0,1.9376914055649963,2.59173698209503,0.08530884332181146
baseline,400ns_0ns,129200000.0,2.1062001691388597,2.468490734693015,0.08527117622464842
baseline,400ns_0ns,129500000.0,2.1561301323007065,2.2764331693296924,0.08466369206483172
baseline,400ns_0ns,129800000.0,2.072954888189042,2.1152230216271453,0.08358827972053727
baseline,400ns_0ns,130100000.0,1.9141534715479032,2.0672731135702116,0.08239127382935263
baseline,400ns_0ns,130400000.0,1.7778096111318997,2.15328613333331,0.08149346452400281
baseline,400ns_0ns,130700000.0,1.7494095413512594,2.321349082485711,0.08116626404333688
baseline,400ns_0ns,131000000.0,1.855693516259625,2.475325979480075,0.08137669844888984
baseline,400ns_0ns,131300000.0,2.050471041530451,2.527022394020296,0.08180535188919837
baseline,400ns_0ns,131600000.0,2.2399198722147395,2.4438186028335216,0.0820253072844973
baseline,400ns_0ns,131900000.0,2.3335142668818105,2.2660469320766587,0.08172565902797264
baseline,400ns_0ns,132200000.0,2.292939187668879,2.0848591268130447,0.08086280853876143
baseline,400ns_0ns,132500000.0,2.152561764607313,1.9927263030934839,0.07968176840936628
baseline,400ns_0ns,132800000.0,2.00052452740959,2.033450526388318,0.07860064888278628
baseline,400ns_0ns,133100000.0,1.930858100002407,2.1787089975783442,0.07799760315460731
baseline,400ns_0ns,133400000.0,1.9926277400695533,2.34368874328917,0.0780009088502144
baseline,400ns_0ns,133700000.0,2.163613735797912,2.4331846864099074,0.07841295918574363
baseline,400ns_0ns,134000000.0,2.3626411426788825,2.3931074411914333,0.07882309336817298
baseline,400ns_0ns,134300000.0,2.4937207870709774,2.2395359248171087,0.07883087533874811
baseline,400ns_0ns,134600000.0,2.4980000064582586,2.0497121006941255,0.07824700419756284
baseline,400ns_0ns,134900000.0,2.385407869778937,1.9200156346503288,0.07718306419923766
baseline,400ns_0ns,135200000.0,2.228980620414117,1.91378145166383,0.07600126260873845
baseline,400ns_0ns,135500000.0,2.125100807438474,2.027211290306572,0.07513839032260693
baseline,400ns_0ns,135800000.0,2.1412934090231217,2.1917245532927367,0.07487281514404931
baseline,400ns_0ns,136100000.0,2.2798518648543955,2.311316158327956,0.07516340250341962
baseline,400ns_0ns,136400000.0,2.476885281466503,2.314573364139546,0.07567178707480045
baseline,400ns_0ns,136700000.0,2.637145445245387,2.193169927077238,0.07595277705144189
baseline,400ns_0ns,137000000.0,2.685650698734762,2.0060896050429955,0.07568673260263391
baseline,400ns_0ns,137300000.0,2.6081280364484827,1.8474466734683874,0.07483355532886944
baseline,400ns_0ns,137600000.0,2.458461748434469,1.7954575302611828,0.07365276374799651
baseline,400ns_0ns,137900000.0,2.3292666677690725,1.870229092899542,0.07258334196348919
baseline,400ns_0ns,138200000.0,2.301653657059467,2.023142929822336,0.07202083169375526
baseline,400ns_0ns,138500000.0,2.40143236025555,2.1634358788483423,0.07209569174006393
baseline,400ns_0ns,138800000.0,2.5853980339778997,2.2074471502826616,0.07259427624423287
baseline,400ns_0ns,139100000.0,2.764984691764491,2.1238126952876284,0.07308172218826366
baseline,400ns_0ns,139400000.0,2.8543368539664264,1.9501941166562118,0.07313894382174795
baseline,400ns_0ns,139700000.0,2.8167086253713434,1.7726220619964055,0.07257136559532384
baseline,400ns_0ns,140000000.0,2.684115575927328,1.6787814961815262,0.07150022087851916
baseline,400ns_0ns,140300000.0,2.5397312923101163,1.7106034244942105,0.07030961821800077
baseline,400ns_0ns,140600000.0,2.4727044101068607,1.841793568757857,0.0694620028706243
baseline,400ns_0ns,140900000.0,2.529938954162086,1.99233859378424,0.0692504845371844
baseline,400ns_0ns,141200000.0,2.6909173551122194,2.071990134670747,0.06962642594336263
baseline,400ns_0ns,141500000.0,2.8790780124086717,2.0290965105716876,0.07022577401171151
baseline,400ns_0ns,141800000.0,3.0034413466633465,1.8783618602137537,0.07057553128322776
baseline,400ns_0ns,142100000.0,3.0078535194367655,1.6926160454668224,0.070340120387119
baseline,400ns_0ns,142400000.0,2.9011950546939596,1.5631969080280852,0.06948111699999023
baseline,400ns_0ns,142700000.0,2.7523044063570725,1.5504945213437675,0.06827701506235394
baseline,400ns_0ns,143000000.0,2.6525096415049045,1.651434310825572,0.06719699575367331
baseline,400ns_0ns,143300000.0,2.6661597877808285,1.8014061488006117,0.0666635344340122
baseline,400ns_0ns,143600000.0,2.795948858436568,1.9094518193292416,0.06681278214074379
baseline,400ns_0ns,143900000.0,2.981716329679438,1.9075490785141678,0.0674099358494869
baseline,400ns_0ns,144200000.0,3.133232453301915,1.7872902767781436,0.06798593972648133
baseline,400ns_0ns,144500000.0,3.1791026146075554,1.6041795625934896,0.06809425307513245
baseline,400ns_0ns,144800000.0,3.105285542629875,1.4473605058563834,0.06753133946494728
baseline,400ns_0ns,145100000.0,2.9624452638815884,1.3912834207848714,0.06643081719801286
baseline,400ns_0ns,145400000.0,2.83829158143977,1.455516544603729,0.06520711755457208
baseline,400ns_0ns,145700000.0,2.8100071980528822,1.5943939917259597,0.06435897250500713
baseline,400ns_0ns,146000000.0,2.9025624659606812,1.7219736653373248,0.0642007470884454
baseline,400ns_0ns,146300000.0,3.0754293221490547,1.7586667795027846,0.06467373536517805
baseline,400ns_0ns,146600000.0,3.2447602585015645,1.674240876429587,0.06537834976253047
baseline,400ns_0ns,146900000.0,3.3288961809738,1.50396277463575,0.06580334071790155
baseline,400ns_0ns,147200000.0,3.2925047892622663,1.3292642411432531,0.06559147173105266
baseline,400ns_0ns,147500000.0,3.165492602833089,1.2335282005424357,0.0647068648364185
baseline,400ns_0ns,147800000.0,3.02656918169044,1.2570003944979324,0.06345409286395279
baseline,400ns_0ns,148100000.0,2.9604932772322115,1.3752063221906783,0.06234344951970445
baseline,400ns_0ns,148400000.0,3.0122221770425357,1.5124464750500541,0.061833537442067404
baseline,400ns_0ns,148700000.0,3.1627654264821747,1.5829315001200168,0.062067038134050734
baseline,400ns_0ns,149000000.0,3.339709500952401,1.5372060337829698,0.06277930528038783
baseline,400ns_0ns,149300000.0,3.456583233624417,1.3887411160236107,0.06345518188212622
baseline,400ns_0ns,149600000.0,3.459664954888954,1.2063980994901842,0.06361264716517252
baseline,400ns_0ns,149900000.0,3.3568952244937247,1.0769757823389288,0.0630380305902169
baseline,400ns_0ns,150200000.0,3.2133353666214397,1.05820982142745,0.061882861078268056
baseline,400ns_0ns,150500000.0,3.11576126796163,1.1476736715008116,0.0606023549665495
baseline,400ns_0ns,150800000.0,3.125658441675052,1.2843312816092574,0.059742648228669426
baseline,400ns_0ns,151100000.0,3.2460782064187153,1.381771704319746,0.05964404700469581
baseline,400ns_0ns,151400000.0,3.4202192554323916,1.3750307794753411,0.06023158740987339
baseline,400ns_0ns,151700000.0,3.5623753394977147,1.2556311836564669,0.06105739698137381
baseline,400ns_0ns,152000000.0,3.6043883175054647,1.075942726467322,0.06156137874041622
baseline,400ns_0ns,152300000.0,3.532429577221172,0.9206269566637622,0.06136109382771278
baseline,400ns_0ns,152600000.0,3.394261520248598,0.8607351948181644,0.060426967739465175
baseline,400ns_0ns,152900000.0,3.2731695135549272,0.9153462660481817,0.059099126637893254
baseline,400ns_0ns,153200000.0,3.2427898303725864,1.0414556683139595,0.05794104241720928
baseline,400ns_0ns,153500000.0,3.3273320531073822,1.1574718181976777,0.0574557807031442
baseline,400ns_0ns,153800000.0,3.4886816101804508,1.187483675908679,0.057790196354086006
baseline,400ns_0ns,154100000.0,3.64725060889891,1.1022838530072037,0.05863743829758422
baseline,400ns_0ns,154400000.0,3.7251714509542895,0.9349794498710655,0.059423042388140765
baseline,400ns_0ns,154700000.0,3.688392029071327,0.7628491944239442,0.059623098870213206
baseline,400ns_0ns,155000000.0,3.5649165089141928,0.6653878335888705,0.05901553545676728
baseline,400ns_0ns,155300000.0,3.4294217859144696,0.6813151627596257,0.05777795401781415
baseline,400ns_0ns,155600000.0,3.362697701290621,0.7877984955568744,0.05641844978781581
baseline,400ns_0ns,155900000.0,3.4079387900896827,0.9130368698060842,0.05554171659332153
baseline,400ns_0ns,156200000.0,3.5475325225767613,0.9752739418484434,0.055516333670584
baseline,400ns_0ns,156500000.0,3.7128155506033953,0.9270435685570648,0.05624089257104235
baseline,400ns_0ns,156800000.0,3.8213959407446927,0.780704425352422,0.05720393411399383
baseline,400ns_0ns,157100000.0,3.82175539388805,0.6015289204080205,0.057786667133362626
baseline,400ns_0ns,157400000.0,3.7209870095907815,0.47220759158539394,0.057580711495952605
baseline,400ns_0ns,157700000.0,3.5807351594253385,0.44807096712994327,0.056569438165259646
baseline,400ns_0ns,158000000.0,3.48365420462224,0.5272761780543309,0.05513998986910281
baseline,400ns_0ns,158300000.0,3.4886344689040505,0.6520216656506216,0.05392180265525794
baseline,400ns_0ns,158600000.0,3.599047999240376,0.7400151701091306,0.053469415323898185
baseline,400ns_0ns,158900000.0,3.761134624236373,0.7290650026276789,0.05392777109028703
baseline,400ns_0ns,159200000.0,3.8932867946741743,0.6106337012463233,0.05493177317824819
baseline,400ns_0ns,159500000.0,3.930281537902313,0.43425277269213663,0.05583397245800949
baseline,400ns_0ns,159800000.0,3.8584860376449335,0.28052137264596577,0.056064645191922675
baseline,400ns_0ns,160100000.0,3.723034440628173,0.2174074730402268,0.055398181038982586
baseline,400ns_0ns,160400000.0,3.6032006246260257,0.2635432830998844,0.054048738682981344
baseline,400ns_0ns,160700000.0,3.5694028691102457,0.37833576616600584,0.052590578918048504
baseline,400ns_0ns,161000000.0,3.645157991254925,0.48413930575965086,0.05169773927692984
baseline,400ns_0ns,161300000.0,3.794538952605809,0.5083812171853859,0.05176649409734705
baseline,400ns_0ns,161600000.0,3.941822810622182,0.4227870496787031,0.05265443397090058
baseline,400ns_0ns,161900000.0,4.012584788762186,0.2585060581170438,0.05376921601822364
baseline,400ns_0ns,162200000.0,3.973937703972612,0.08904758630172077,0.0544252967214085
baseline,400ns_0ns,162500000.0,3.8521609684438083,-0.00962522924033639,0.054190935247113464
baseline,400ns_0ns,162800000.0,3.718270242424532,-0.00018090918160376096,0.053071791727711946
baseline,400ns_0ns,163100000.0,3.6494493761611575,0.09603671717474246,0.051515033422687755
baseline,400ns_0ns,163400000.0,3.687289147747419,0.21076745448003592,0.05022919906288113
baseline,400ns_0ns,163700000.0,3.8154267551991494,0.2659205144279062,0.04982553136335068
baseline,400ns_0ns,164000000.0,3.9686060890302515,0.21583995839610987,0.05043664094463852
baseline,400ns_0ns,164300000.0,4.068144110145516,0.07187580659691271,0.05161957754027466
baseline,400ns_0ns,164600000.0,4.064528105076128,-0.10396119602151017,0.05264080052306812
baseline,400ns_0ns,164900000.0,3.964083158510928,-0.23271687746040695,0.05288415998439405
baseline,400ns_0ns,165200000.0,3.8253474436965433,-0.26125028595394734,0.05212851789670099
baseline,400ns_0ns,165500000.0,3.727225807696696,-0.1908758129806993,0.05063695938285407
baseline,400ns_0ns,165800000.0,3.726245525409347,-0.07645366889507484,0.049064001535283494
baseline,400ns_0ns,166100000.0,3.8260681799097696,0.00347215114845872,0.048163124550200116
baseline,400ns_0ns,166400000.0,3.9757000660242605,-0.010764781973044472,0.0483541932974467
baseline,400ns_0ns,166700000.0,4.097265037239003,-0.127754252576299,0.04943451016068279
baseline,400ns_0ns,167000000.0,4.128214428401539,-0.3005473314030583,0.050712368744689276
baseline,400ns_0ns,167300000.0,4.055096249586803,-0.45224426971422327,0.051430322156447966
baseline,400ns_0ns,167600000.0,3.9206526752450412,-0.5176870709276341,0.05113946991947635
baseline,400ns_0ns,167900000.0,3.800503514883434,-0.4786527450272239,0.04987942067256753
baseline,400ns_0ns,168200000.0,3.762133669968912,-0.37353898270183905,0.04817145834264003
baseline,400ns_0ns,168500000.0,3.828426470858158,-0.2763957752069369,0.046816454904626145
baseline,400ns_0ns,168800000.0,3.965446977042905,-0.2567517137628947,0.046485355447691744
baseline,400ns_0ns,169100000.0,4.100995284460214,-0.34202854030932334,0.0472829917682889
baseline,400ns_0ns,169400000.0,4.163787030700959,-0.5028602091894848,0.04866571906486104
baseline,400ns_0ns,169700000.0,4.121999674119343,-0.6691742518159302,0.04980265423485426
baseline,400ns_0ns,170000000.0,4.000341586835747,-0.7682297706296816,0.05003461058817843
baseline,400ns_100ns,20000000.0,-0.1657084968050484,1.5534903422229533,0.07950296868711683
baseline,400ns_100ns,20300000.0,-0.10678264818593523,1.501148512215076,0.07618882000422088
baseline,400ns_100ns,20600000.0,-0.08020275777624478,1.4190206256211644,0.0709872224029286
baseline,400ns_100ns,20900000.0,-0.0955819729013875,1.334508284238435,0.0647959656332359
baseline,400ns_100ns,21200000.0,-0.1433256506181661,1.273280581421972,0.05881001942403061
baseline,400ns_100ns,21500000.0,-0.20109861633632722,1.2480310189622292,0.054071554344073985
baseline,400ns_100ns,21800000.0,-0.2453766047996866,1.2544516836745419,0.05091749588937652
baseline,400ns_100ns,22100000.0,-0.2621056444657278,1.2754938244983238,0.04875010864825875
baseline,400ns_100ns,22400000.0,-0.2515756875450065,1.2909145431982336,0.04643642305142011
baseline,400ns_100ns,22700000.0,-0.2259534297548143,1.2869264503010858,0.042961829395395376
baseline,400ns_100ns,23000000.0,-0.20164488657726173,1.2613488447424126,0.03782714370497364
baseline,400ns_100ns,23300000.0,-0.19089372143066605,1.2224272637702729,0.03111987085416456
baseline,400ns_100ns,23600000.0,-0.1968188870513582,1.1828349273341074,0.023411889158654855
baseline,400ns_100ns,23900000.0,-0.21382292921338406,1.1525602904500276,0.015606080088057972
baseline,400ns_100ns,24200000.0,-0.2323327277676313,1.1344443279193137,0.008835203490548928
baseline,400ns_100ns,24500000.0,-0.2447533620140256,1.1242640267625803,0.00465401741666746
baseline,400ns_100ns,24800000.0,-0.24929472898339078,1.1146330443776518,0.004146902941121939
baseline,400ns_100ns,25100000.0,-0.2498866607445626,1.1000493510972655,0.004219397415391237
baseline,400ns_100ns,25400000.0,-0.2527338707694795,1.0801110966395864,0.003623449064667675
baseline,400ns_100ns,25700000.0,-0.2618637781201539,1.0592515697188818,0.005475719901407714
baseline,400ns_100ns,26000000.0,-0.27637189386911926,1.0434528805015058,0.010423334344072372
baseline,400ns_100ns,26300000.0,-0.29090052114923043,1.0360837575684179,0.016439052538312203
baseline,400ns_100ns,26600000.0,-0.298944172597933,1.0353851672069176,0.02225629895287103
baseline,400ns_100ns,26900000.0,-0.29696919513004155,1.0350770520091237,0.026964064494582794
baseline,400ns_100ns,27200000.0,-0.28692415145048283,1.0277351761589972,0.029959990820787107
baseline,400ns_100ns,27500000.0,-0.2756677162380821,1.0090228128429004,0.031042165414036333
baseline,400ns_100ns,27800000.0,-0.2715777275006693,0.9803985827023087,0.03050354412350308
baseline,400ns_100ns,28100000.0,-0.2801588749599672,0.9487700029498196,0.02917768607413589
baseline,400ns_100ns,28400000.0,-0.30100696241569413,0.9232229514800412,0.02829845339161171
baseline,400ns_100ns,28700000.0,-0.32775663863092236,0.9105188497887662,0.028918875779905064
baseline,400ns_100ns,29000000.0,-0.35106120861574486,0.9116897000605333,0.031106612541813686
baseline,400ns_100ns,29300000.0,-0.36308133744905213,0.9214681755764427,0.03391651866101594
baseline,400ns_100ns,29600000.0,-0.36121229311988684,0.9308125160590465,0.036146916150743565
baseline,400ns_100ns,29900000.0,-0.3492152292433855,0.9312164545578001,0.03691496627613108
baseline,400ns_100ns,30200000.0,-0.33527033859336475,0.918640584904697,0.035836455738952055
baseline,400ns_100ns,30500000.0,-0.32801318972929955,0.8951692981162583,0.03303883450012194
baseline,400ns_100ns,30800000.0,-0.33256055850697486,0.86770126921987,0.02913236577257035
baseline,400ns_100ns,31100000.0,-0.3484320307197969,0.8444692452149972,0.025146234137316578
baseline,400ns_100ns,31400000.0,-0.37023502366153865,0.8311948585337232,0.022293712279133793
baseline,400ns_100ns,31700000.0,-0.3905784345569229,0.8287390372064851,0.021296588789701653
baseline,400ns_100ns,32000000.0,-0.40363769579271935,0.8332415622818008,0.021680859117036363
baseline,400ns_100ns,32300000.0,-0.407607751030468,0.838450428875874,0.022203016560573177
baseline,400ns_100ns,32600000.0,-0.4049812362536084,0.8389003626872832,0.02181178690472853
baseline,400ns_100ns,32900000.0,-0.40075752564228695,0.8323126845884357,0.02001224248826056
baseline,400ns_100ns,33200000.0,-0.39969886589493775,0.820139365200451,0.01680734490284431
baseline,400ns_100ns,33500000.0,-0.40410491330719794,0.8062140468028428,0.01255776463521793
baseline,400ns_100ns,33800000.0,-0.4131524218498929,0.7944308652224271,0.007848360197100241
baseline,400ns_100ns,34100000.0,-0.42392853950788534,0.7867642191819219,0.0033969545039190274
baseline,400ns_100ns,34400000.0,-0.4333923687267497,0.7826162394561982,0.0011831954278578533
baseline,400ns_100ns,34700000.0,-0.44009446697640536,0.7796667324923457,0.003118410555835135
baseline,400ns_100ns,35000000.0,-0.44473963052975746,0.7755723074045631,0.0038907938934160734
baseline,400ns_100ns,35300000.0,-0.4494043899556197,0.7694596875497036,0.0030678738786822078
baseline,400ns_100ns,35600000.0,-0.4559902229895899,0.7623662810006554,0.0009146583883069771
baseline,400ns_100ns,35900000.0,-0.464885364391128,0.7564428289101423,0.002595886886072654
baseline,400ns_100ns,36200000.0,-0.47463148486163126,0.7534571599957691,0.006351777608593613
baseline,400ns_100ns,36500000.0,-0.4827751372120501,0.7535220059882117,0.010012105023854747
baseline,400ns_100ns,36800000.0,-0.487389564449624,0.7548167561954859,0.012993574294311097
baseline,400ns_100ns,37100000.0,-0.48836842341024694,0.7544884659370392,0.014858943379193554
baseline,400ns_100ns,37400000.0,-0.487722643648759,0.750238742651844,0.015384511969126928
baseline,400ns_100ns,37700000.0,-0.48867101486487374,0.741707816775934,0.014630981668680536
baseline,400ns_100ns,38000000.0,-0.4939884329757996,0.7308673846539284,0.013025153906938581
baseline,400ns_100ns,38300000.0,-0.5044933395594768,0.7211675834627249,0.011457869300705997
baseline,400ns_100ns,38600000.0,-0.5184944518144952,0.7158558895413969,0.011125588888318142
baseline,400ns_100ns,38900000.0,-0.5325149358881766,0.716333665312182,0.012498393269112389
baseline,400ns_100ns,39200000.0,-0.5429424892807052,0.7214034738938341,0.014734395048965156
baseline,400ns_100ns,39500000.0,-0.5477723965487393,0.7278000384386402,0.016733024255771813
baseline,400ns_100ns,39800000.0,-0.5475665943157795,0.7317381330888807,0.017785148088974384
baseline,400ns_100ns,40100000.0,-0.5451594380967998,0.7306983696073316,0.017576869608584216
baseline,400ns_100ns,40400000.0,-0.5442792497158194,0.7245675825176978,0.01611896803419951
baseline,400ns_100ns,40700000.0,-0.5477901326598612,0.7155962711072101,0.013713262029274345
baseline,400ns_100ns,41000000.0,-0.5564214134575003,0.7072402065814801,0.010962280382380903
baseline,400ns_100ns,41300000.0,-0.5685739067155795,0.7025000695297257,0.008811532586299249
baseline,400ns_100ns,41600000.0,-0.5812328291109508,0.7025876901922175,0.008240617332863113
baseline,400ns_100ns,41900000.0,-0.5914726894838529,0.7065377698421091,0.00910356887787466
baseline,400ns_100ns,42200000.0,-0.5977838106325765,0.7118783632713845,0.010239301490544746
baseline,400ns_100ns,42500000.0,-0.6005955242704134,0.7159443944315834,0.010778246026008518
baseline,400ns_100ns,42800000.0,-0.6018187984723844,0.717135065920106,0.010371685698406715
baseline,400ns_100ns,43100000.0,-0.6037337458107092,0.7155055476804985,0.009009979431260029
baseline,400ns_100ns,43400000.0,-0.6078450989455458,0.7124739019749593,0.006896999524718141
baseline,400ns_100ns,43700000.0,-0.6142838107909798,0.7098936006797483,0.004367866806113783
baseline,400ns_100ns,44000000.0,-0.6219943874030351,0.7090420314480723,0.001832821483588627
baseline,400ns_100ns,44300000.0,-0.629513900673544,0.7100628402608054,0.000665631208230083
baseline,400ns_100ns,44600000.0,-0.6358547902597328,0.7121051162709268,0.002089625228535038
baseline,400ns_100ns,44900000.0,-0.6409949978700106,0.714002610147737,0.00279592428090668
baseline,400ns_100ns,45200000.0,-0.6457399540482505,0.7150530792999752,0.0026090699876846995
baseline,400ns_100ns,45500000.0,-0.6510922077383726,0.7154369115537743,0.00164324623826664
baseline,400ns_100ns,45800000.0,-0.6575364399462594,0.7160508697721699,0.0008214525908114903
baseline,400ns_100ns,46100000.0,-0.6646757006539812,0.7178827905800989,0.0024138530803594588
baseline,400ns_100ns,46400000.0,-0.671434572458339,0.7213169266465607,0.004404019805282116
baseline,400ns_100ns,46700000.0,-0.6767086854084191,0.7257934562218573,0.006115419806629913
baseline,400ns_100ns,47000000.0,-0.6800789586826618,0.7300373246685719,0.007244067232055608
baseline,400ns_100ns,47300000.0,-0.6821674228453762,0.7327427006561985,0.007608025294023205
baseline,400ns_100ns,47600000.0,-0.6844094207858198,0.7333350756896255,0.007164667216480079
baseline,400ns_100ns,47900000.0,-0.6883423553968719,0.7323795065669285,0.006045414364761914
baseline,400ns_100ns,48200000.0,-0.6947838506396191,0.7313891852593543,0.004645000477146819
baseline,400ns_100ns,48500000.0,-0.7033430691008301,0.7321112192835907,0.0038448632407319786
baseline,400ns_100ns,48800000.0,-0.7125397648173203,0.7356509000982187,0.0045377583551393175
baseline,400ns_100ns,49100000.0,-0.7204878105638252,0.7418889027838866,0.0060996514914240735
baseline,400ns_100ns,49400000.0,-0.7258033169361905,0.7494987124960825,0.007580021148981889
baseline,400ns_100ns,49700000.0,-0.7282786869513471,0.7565632154470219,0.008502078278677596
baseline,400ns_100ns,50000000.0,-0.7289836748259979,0.7614828830651728,0.008664078533510814
baseline,400ns_100ns,50300000.0,-0.7297473522176305,0.7637227218129605,0.008038094506633236
baseline,400ns_100ns,50600000.0,-0.7322864811449169,0.7640333599916304,0.006741625863342371
baseline,400ns_100ns,50900000.0,-0.7374156662762261,0.7640527157766466,0.005040513426452601
baseline,400ns_100ns,51200000.0,-0.7447199004204567,0.7655049695152877,0.0034373961253510144
baseline,400ns_100ns,51500000.0,-0.7528260567963386,0.7694036937372013,0.002878014240454788
baseline,400ns_100ns,51800000.0,-0.7601078160380149,0.7756439803105989,0.0036747645730581145
baseline,400ns_100ns,52100000.0,-0.765454282515362,0.7831546873046017,0.004743053622355091
baseline,400ns_100ns,52400000.0,-0.7687250264209389,0.7904943208376728,0.005423129861356603
baseline,400ns_100ns,52700000.0,-0.7706967767150531,0.7965626816998387,0.005511608112063993
baseline,400ns_100ns,53000000.0,-0.7725755059521772,0.8010685360322327,0.005002144050094822
baseline,400ns_100ns,53300000.0,-0.7753595258899377,0.804546440437757,0.004006209152903536
baseline,400ns_100ns,53600000.0,-0.7793891657380358,0.8079628704505474,0.002720431846386141
baseline,400ns_100ns,53900000.0,-0.7842916486508277,0.812158775799549,0.0014391723634409092
baseline,400ns_100ns,54200000.0,-0.7893042614487613,0.8174373814668395,0.0008888960466359906
baseline,400ns_100ns,54500000.0,-0.7937602866116754,0.8234999697419273,0.0014536830583642333
baseline,400ns_100ns,54800000.0,-0.7974541703516174,0.8297262126042685,0.001920595759191239
baseline,400ns_100ns,55100000.0,-0.8006930537789855,0.835606547625177,0.001959742285051489
baseline,400ns_100ns,55400000.0,-0.8040322674247343,0.841063601929345,0.0015909270060650974
baseline,400ns_100ns,55700000.0,-0.8078728309046775,0.8464797894039935,0.001097096584068541
baseline,400ns_100ns,56000000.0,-0.8121702042584652,0.8524273185232164,0.0012994695111322493
baseline,400ns_100ns,56300000.0,-0.8164303688541583,0.859271189439984,0.002209569656799644
baseline,400ns_100ns,56600000.0,-0.8199974673717683,0.866887927527608,0.0031635322684903018
baseline,400ns_100ns,56900000.0,-0.8224655890443248,0.8746747943121683,0.003860631610923814
baseline,400ns_100ns,57200000.0,-0.8239722544527328,0.881856557991461,0.0041448594370266465
baseline,400ns_100ns,57500000.0,-0.8251938901028045,0.8879245408329675,0.003946746310768853
baseline,400ns_100ns,57800000.0,-0.8270285665072679,0.8929618633204807,0.0032822981198682996
baseline,400ns_100ns,58100000.0,-0.8301270094327031,0.8976645207925432,0.002270714287915028
baseline,400ns_100ns,58400000.0,-0.8345225740134755,0.9030299884840435,0.0012892613768175714
baseline,400ns_100ns,58700000.0,-0.8395650202833757,0.9098654542613025,0.0015147617038594229
baseline,400ns_100ns,59000000.0,-0.8442056554300308,0.9183689009875815,0.0026613157660153315
baseline,400ns_100ns,59300000.0,-0.8474966784380559,0.9280034953481565,0.003745460228732859
baseline,400ns_100ns,59600000.0,-0.8490536091011847,0.9377362859634963,0.004478847460935124
baseline,400ns_100ns,59900000.0,-0.8492465103674334,0.9465250888761205,0.004743536495739232
baseline,400ns_100ns,60200000.0,-0.8490237915810739,0.9538107902070685,0.004507493352020609
baseline,400ns_100ns,60500000.0,-0.8494587289787127,0.9597713351622925,0.003812655840896369
baseline,400ns_100ns,60800000.0,-0.8512464787807293,0.9652170070859344,0.002769478579697627
baseline,400ns_100ns,61100000.0,-0.8543985428268414,0.97118833128256,0.001573264615639988
baseline,400ns_100ns,61400000.0,-0.8582755959517959,0.9784635537107511,0.0008281780192631186
baseline,400ns_100ns,61700000.0,-0.8619263140559695,0.9872189520844802,0.0015265387261447164
baseline,400ns_100ns,62000000.0,-0.8645500832200951,0.9969977235561862,0.0024311783654023863
baseline,400ns_100ns,62300000.0,-0.8658505109314282,1.0069815880141055,0.0030464050441460938
baseline,400ns_100ns,62600000.0,-0.8661158672479476,1.0164093749979202,0.0032752847996057603
baseline,400ns_100ns,62900000.0,-0.8660104516095647,1.0249246796168163,0.0031162016424998544
baseline,400ns_100ns,63200000.0,-0.8662072646684508,1.0326872059929555,0.002633414841843821
baseline,400ns_100ns,63500000.0,-0.8670619510647218,1.0402158713668637,0.0019501526365198034
baseline,400ns_100ns,63800000.0,-0.8684894162697744,1.0480719909430367,0.0012667793532066182
baseline,400ns_100ns,64100000.0,-0.8700847604466211,1.056564251528994,0.0009426320779438099
baseline,400ns_100ns,64400000.0,-0.8713974404503455,1.0656293222431221,0.0011509841165036276
baseline,400ns_100ns,64700000.0,-0.8721932328235942,1.0749340226700888,0.0014373512320818968
baseline,400ns_100ns,65000000.0,-0.8725589810978873,1.084119785888466,0.0015318571742801773
baseline,400ns_100ns,65300000.0,-0.8728037705033778,1.093036598041811,0.0013979236626686753
baseline,400ns_100ns,65600000.0,-0.873228945349154,1.1018292588019885,0.0011450491871132314
baseline,400ns_100ns,65900000.0,-0.8739116842730436,1.1108309257657552,0.0010706663140707653
baseline,400ns_100ns,66200000.0,-0.8746341868381047,1.1203332035162183,0.0014055933633950047
baseline,400ns_100ns,66500000.0,-0.8750025896889306,1.1303737707086385,0.0019267331406603997
baseline,400ns_100ns,66800000.0,-0.8746876667327493,1.140672285692233,0.00237554290158615
baseline,400ns_100ns,67100000.0,-0.873646657302057,1.1507599984030175,0.00260654542532333
baseline,400ns_100ns,67400000.0,-0.87219287544661,1.160236638343219,0.0025452891666260225
baseline,400ns_100ns,67700000.0,-0.8708629583533113,1.169012502513212,0.002172832759992005
baseline,400ns_100ns,68000000.0,-0.870144637432458,1.1773966088536107,0.001520194371157434
baseline,400ns_100ns,68300000.0,-0.8702083733812973,1.1859723102197053,0.0006631708566931919
baseline,400ns_100ns,68600000.0,-0.8707895433665974,1.1953163856310298,0.0003305549637028015
baseline,400ns_100ns,68900000.0,-0.8712914908349544,1.2057042419274093,0.001270058224606486
baseline,400ns_100ns,69200000.0,-0.8710641395107117,1.2169554477678723,0.002089372638423496
baseline,400ns_100ns,69500000.0,-0.86971960342255,1.2285036433961969,0.0026772711575381806
baseline,400ns_100ns,69800000.0,-0.8673248553019351,1.2396598083924435,0.002962710174909723
baseline,400ns_100ns,70100000.0,-0.8643733085285735,1.2499384471831438,0.0029147286734529532
baseline,400ns_100ns,70400000.0,-0.8615495042623771,1.2592843252883261,0.002545379815515429
baseline,400ns_100ns,70700000.0,-0.8594052279225726,1.2680889101883752,0.0019071604773071664
baseline,400ns_100ns,71000000.0,-0.8581076898439662,1.2769928581818575,0.0010851122507232716
baseline,400ns_100ns,71300000.0,-0.8573803763987263,1.2865775763056444,0.00018600427095062747
baseline,400ns_100ns,71600000.0,-0.8566573845246808,1.2971004578577479,0.0006850799523623374
baseline,400ns_100ns,71900000.0,-0.8553653220713713,1.308400181593794,0.0014192561051826413
baseline,400ns_100ns,72200000.0,-0.8531879290852984,1.320007754429237,0.0019409855093398183
baseline,400ns_100ns,72500000.0,-0.8501855816593288,1.33139466640106,0.0022046872061651495
baseline,400ns_100ns,72800000.0,-0.846722594433391,1.342225606579023,0.002204364163116742
baseline,400ns_100ns,73100000.0,-0.8432550994408428,1.3524904348834645,0.0019758157145299965
baseline,400ns_100ns,73400000.0,-0.8400987460888091,1.3624609477386718,0.0015980174127698265
baseline,400ns_100ns,73700000.0,-0.8372959819915314,1.3725120769433077,0.001201616326682265
baseline,400ns_100ns,74000000.0,-0.8346408514745429,1.382914029350523,0.000977313154782654
baseline,400ns_100ns,74300000.0,-0.83183135506236,1.3937079488662834,0.0010320280882451587
baseline,400ns_100ns,74600000.0,-0.8286536827046695,1.4047233599285727,0.0011996344137041074
baseline,400ns_100ns,74900000.0,-0.8250930337675529,1.4157135706131134,0.0012972341863501967
baseline,400ns_100ns,75200000.0,-0.821314385713965,1.4265213712860236,0.0012636035493793576
baseline,400ns_100ns,75500000.0,-0.8175339095227081,1.4371757827854001,0.001134060171298308
baseline,400ns_100ns,75800000.0,-0.813863748428208,1.4478653605551086,0.001034966978136421
baseline,400ns_100ns,76100000.0,-0.81022559886908,1.4588076085780721,0.0011226932148650003
baseline,400ns_100ns,76400000.0,-0.806386276529521,1.4700950079115456,0.0013887745475786638
baseline,400ns_100ns,76700000.0,-0.8020961847427424,1.4816119570549218,0.0016835128242923103
baseline,400ns_100ns,77000000.0,-0.7972505161121155,1.4930763758088919,0.0018785662889344652
baseline,400ns_100ns,77300000.0,-0.7919775326396867,1.5041880097869305,0.001898333945916953
baseline,400ns_100ns,77600000.0,-0.7865971691706511,1.5148029147721371,0.0017118708478700017
baseline,400ns_100ns,77900000.0,-0.7814650671257415,1.525035309888046,0.0013290173725633994
baseline,400ns_100ns,78200000.0,-0.7767823226450243,1.5352246202143416,0.0008066007778800466
baseline,400ns_100ns,78500000.0,-0.7724736413754597,1.5457775657063424,0.0003819873928416243
baseline,400ns_100ns,78800000.0,-0.7682033713097798,1.5569636400105036,0.0007429455253683639
baseline,400ns_100ns,79100000.0,-0.7635273252343023,1.568770052093406,0.0013202931622303597
baseline,400ns_100ns,79400000.0,-0.7581064434319706,1.580893800164044,0.001793105431883775
baseline,400ns_100ns,79700000.0,-0.7518744801981707,1.5928786652886657,0.0020784495712762845
baseline,400ns_100ns,80000000.0,-0.74507411152532,1.6043302795615981,0.0021380872069574094
baseline,400ns_100ns,80300000.0,-0.7381425401125509,1.6151021813325888,0.0019675971653734044
baseline,400ns_100ns,80600000.0,-0.7315038959429018,1.62536073673979,0.0015954590731830193
baseline,400ns_100ns,80900000.0,-0.7253719315314654,1.6354987134903276,0.0010848133723834886
baseline,400ns_100ns,81200000.0,-0.7196593220708057,1.645943537606182,0.0005715190380267182
baseline,400ns_100ns,81500000.0,-0.714034078266218,1.6569574025303584,0.000529620569666181
baseline,400ns_100ns,81800000.0,-0.7080890031982571,1.6685268870042818,0.0009702088511251873
baseline,400ns_100ns,82100000.0,-0.7015355111740872,1.6803909083972384,0.0013821452585987158
baseline,400ns_100ns,82400000.0,-0.6943256840345275,1.6921844699311934,0.001644030429149365
baseline,400ns_100ns,82700000.0,-0.6866480266251124,1.703619240220677,0.0017269794478958723
baseline,400ns_100ns,83000000.0,-0.6788093923315232,1.7146088170606604,0.0016426376437572864
baseline,400ns_100ns,83300000.0,-0.6710721696031905,1.725281217066881,0.0014377193651284737
baseline,400ns_100ns,83600000.0,-0.6635332599548209,1.7358831792127467,0.0011942920835073558
baseline,400ns_100ns,83900000.0,-0.6561027130996645,1.7466363893617245,0.0010233040196057164
baseline,400ns_100ns,84200000.0,-0.6485828055750463,1.7576259084841823,0.0010038402637912655
baseline,400ns_100ns,84500000.0,-0.6407947484078231,1.7687772342958452,0.0010898345638508339
baseline,400ns_100ns,84800000.0,-0.6326785950212588,1.7799257777733424,0.0011718467642195462
baseline,400ns_100ns,85100000.0,-0.6243122793412004,1.7909311055497044,0.0011838729686934847
baseline,400ns_100ns,85400000.0,-0.615844853973721,1.8017661301097319,0.0011228809952391094
baseline,400ns_100ns,85700000.0,-0.6073885455276783,1.8125294736488784,0.001043184940023429
baseline,400ns_100ns,86000000.0,-0.598936604462277,1.823375955571473,0.0010357034300543864
baseline,400ns_100ns,86300000.0,-0.5903573609779745,1.8344085200899631,0.001150486250263857
baseline,400ns_100ns,86600000.0,-0.5814695637451477,1.8455976339144808,0.0013359355692288892
baseline,400ns_100ns,86900000.0,-0.5721559689052907,1.8567787314029491,0.001498782957354815
baseline,400ns_100ns,87200000.0,-0.5624484862805721,1.8677335898148257,0.0015662459635629813
baseline,400ns_100ns,87500000.0,-0.5525323885994314,1.8783127460963285,0.0014995372519466573
baseline,400ns_100ns,87800000.0,-0.5426614692273538,1.8885306043263625,0.001294690037519839
baseline,400ns_100ns,88100000.0,-0.5330261678515837,1.8985772467068105,0.0009886735356885704
baseline,400ns_100ns,88400000.0,-0.5236448511084938,1.908734866920606,0.0006950610294128468
baseline,400ns_100ns,88700000.0,-0.5143387826198883,1.919238562221338,0.0006710902215354649
baseline,400ns_100ns,89000000.0,-0.5048084906893104,1.9301528327447448,0.0009642209259860036
baseline,400ns_100ns,89300000.0,-0.49477588228865194,1.9413291690401588,0.0013155976644688185
baseline,400ns_100ns,89600000.0,-0.4841209931736417,1.9524692944832027,0.001583266171117947
baseline,400ns_100ns,89900000.0,-0.4729436838959148,1.963264321827131,0.001707712127940756
baseline,400ns_100ns,90200000.0,-0.46151831542592997,1.9735408156534848,0.0016683735512378118
baseline,400ns_100ns,90500000.0,-0.4501637420716523,1.9833410548621049,0.0014753521735260797
baseline,400ns_100ns,90800000.0,-0.43909354165537523,1.9928984004862853,0.0011705355746310033
baseline,400ns_100ns,91100000.0,-0.4283203747970208,2.0025218274413885,0.0008427598651336847
baseline,400ns_100ns,91400000.0,-0.41765964673498907,2.012448696514531,0.0006737532772217433
baseline,400ns_100ns,91700000.0,-0.4068267923236245,2.0227387925644025,0.0008117388203983247
baseline,400ns_100ns,92000000.0,-0.3955761760095713,2.033259230606074,0.0010837033325554587
baseline,400ns_100ns,92300000.0,-0.3838113755841423,2.043762243319247,0.0013154960618468508
baseline,400ns_100ns,92600000.0,-0.37161478808505355,2.0540114111425507,0.0014405871656428197
baseline,400ns_100ns,92900000.0,-0.35918818986188866,2.063890393378304,0.0014453081843368925
baseline,400ns_100ns,93200000.0,-0.3467413951301095,2.073441593402453,0.0013496798287748002
baseline,400ns_100ns,93500000.0,-0.3343898244316889,2.0828217771929545,0.001201694544624221
baseline,400ns_100ns,93800000.0,-0.3221124304794265,2.092205454943016,0.0010697465012426315
baseline,400ns_100ns,94100000.0,-0.3097857428488455,2.101691612839898,0.0010151202764509685
baseline,400ns_100ns,94400000.0,-0.2972681236655091,2.1112630713404563,0.001043129770046427
baseline,400ns_100ns,94700000.0,-0.2844832677762461,2.120815405351129,0.001100361561608573
baseline,400ns_100ns,95000000.0,-0.2714561936454911,2.130232804664426,0.0011305324987544376
baseline,400ns_100ns,95300000.0,-0.25828473680605896,2.139463401366414,0.0011108060602003729
baseline,400ns_100ns,95600000.0,-0.24506737017127384,2.1485494917303463,0.0010577604208114896
baseline,400ns_100ns,95900000.0,-0.23183271921987095,2.1575960891251578,0.001020103940564779
baseline,400ns_100ns,96200000.0,-0.21851406152316746,2.1666979251908236,0.0010491476841182723
baseline,400ns_100ns,96500000.0,-0.2049851463715712,2.1758695115073747,0.0011501495088324324
baseline,400ns_100ns,96800000.0,-0.19113741692982664,2.1850214897849924,0.0012749640054559924
baseline,400ns_100ns,97100000.0,-0.1769537454637717,2.19400015256352,0.0013628781883721147
baseline,400ns_100ns,97400000.0,-0.1625342542510313,2.20267055803653,0.0013703349136356846
baseline,400ns_100ns,97700000.0,-0.1480556455745081,2.2109975615728836,0.0012800691711725102
baseline,400ns_100ns,98000000.0,-0.1336825458216582,2.219078116658187,0.0011053739983272405
baseline,400ns_100ns,98300000.0,-0.11947721965612784,2.2271033168951937,0.0008999658848671739
baseline,400ns_100ns,98600000.0,-0.10535707892299127,2.235266464170083,0.0007746702438464091
baseline,400ns_100ns,98900000.0,-0.09112555562862745,2.2436634922235403,0.0008406246817978418
baseline,400ns_100ns,99200000.0,-0.07656359630388548,2.2522379156818704,0.0010488940021275055
baseline,400ns_100ns,99500000.0,-0.0615366389156677,2.2608006006776873,0.001271332519306778
baseline,400ns_100ns,99800000.0,-0.04606278825843441,2.2691163832273737,0.0014248945329287874
baseline,400ns_100ns,100100000.0,-0.030307036142291424,2.277014988256623,0.0014703759763901034
baseline,400ns_100ns,100400000.0,-0.014503845089493341,2.2844709777088053,0.0013994809773317132
baseline,400ns_100ns,100700000.0,0.0011533283410668695,2.291613183108446,0.0012313731346785238
baseline,400ns_100ns,101000000.0,0.016600738244589436,2.2986599134876546,0.0010157113785248194
baseline,400ns_100ns,101300000.0,0.03192833944662579,2.3058134353290316,0.0008411305750269405
baseline,400ns_100ns,101600000.0,0.047329539651384395,2.3131666367265504,0.0008129794786022685
baseline,400ns_100ns,101900000.0,0.06300448472898906,2.3206668643729125,0.0009365989954151588
baseline,400ns_100ns,102200000.0,0.07906658325607754,2.3281515091949125,0.0011082863280088369
baseline,400ns_100ns,102500000.0,0.09549782266125932,2.3354333783213024,0.001242119798703709
baseline,400ns_100ns,102800000.0,0.11217133350940663,2.342390238396133,0.0012999736681650787
baseline,400ns_100ns,103100000.0,0.12892457459085954,2.3490137809079408,0.0012784042368193373
baseline,400ns_100ns,103400000.0,0.14564197350253547,2.3553970454312574,0.0011997441695568776
baseline,400ns_100ns,103700000.0,0.16230411163953626,2.361672515989151,0.001105041989610051
baseline,400ns_100ns,104000000.0,0.17898131832509714,2.3679377988126613,0.001040099577395608
baseline,400ns_100ns,104300000.0,0.19578066310444459,2.3742093978680123,0.0010294675375774852
baseline,400ns_100ns,104600000.0,0.21277966395361736,2.3804268169492686,0.001058371268341447
baseline,400ns_100ns,104900000.0,0.2299848087262709,2.386500003231669,0.001089541593118355
baseline,400ns_100ns,105200000.0,0.24733655840605737,2.392369425954186,0.0010939100827991586
baseline,400ns_100ns,105500000.0,0.26475481619406666,2.3980426513082853,0.0010665145871845952
baseline,400ns_100ns,105800000.0,0.2821956880201775,2.4035864555951205,0.0010281030843098437
baseline,400ns_100ns,106100000.0,0.2996845435887645,2.4090801916423996,0.0010149148054013
baseline,400ns_100ns,106400000.0,0.31730479570212156,2.4145590091655813,0.0010530440340612618
baseline,400ns_100ns,106700000.0,0.33514801072558936,2.419981737016757,0.0011334549679530902
baseline,400ns_100ns,107000000.0,0.35325402465404615,2.4252443455682777,0.001218061637769123
baseline,400ns_100ns,107300000.0,0.37157659343703214,2.430233758576283,0.0012656253402414806
baseline,400ns_100ns,107600000.0,0.3899967444384593,2.4348930522907426,0.001249375836064752
baseline,400ns_100ns,107900000.0,0.4083796576892892,2.4392611462623885,0.0011642154089455588
baseline,400ns_100ns,108200000.0,0.4266460819135376,2.443462664344996,0.001031143124493211
baseline,400ns_100ns,108500000.0,0.44481977411358353,2.447650158774235,0.0009022096173583654
baseline,400ns_100ns,108800000.0,0.4630237866592675,2.451927056636618,0.0008528147128425035
baseline,400ns_100ns,109100000.0,0.4814248515872426,2.4562912475684846,0.0009239190356234323
baseline,400ns_100ns,109400000.0,0.5001526367486588,2.460629683057865,0.0010707754775521382
baseline,400ns_100ns,109700000.0,0.5192345650010617,2.4647684913606183,0.0012172910727994975
baseline,400ns_100ns,110000000.0,0.5385796594058281,2.4685544644795665,0.0013092116058406242
baseline,400ns_100ns,110300000.0,0.5580201631488015,2.471927406018166,0.0013206412069980957
baseline,400ns_100ns,110600000.0,0.5773903684640602,2.4749473231983075,0.0012504978863619421
baseline,400ns_100ns,110900000.0,0.5966034253656429,2.4777633993070314,0.0011211779688594574
baseline,400ns_100ns,111200000.0,0.6156884491398086,2.4805410611478593,0.0009790879212759637
baseline,400ns_100ns,111500000.0,0.6347709181207561,2.483384028692183,0.0008890241360149816
baseline,400ns_100ns,111800000.0,0.6540081438990358,2.4862896022548693,0.0008986546524446764
baseline,400ns_100ns,112100000.0,0.673513520244042,2.489157392034695,0.0009897361706749381
baseline,400ns_100ns,112400000.0,0.693307272896841,2.4918440865879967,0.0011008340943474506
baseline,400ns_100ns,112700000.0,0.7133161155926832,2.4942342191847575,0.0011815167125659486
baseline,400ns_100ns,113000000.0,0.73341823723118,2.4962906865693992,0.001208829130652168
baseline,400ns_100ns,113300000.0,0.7535073097139572,2.498061485348975,0.001184219533351201
baseline,400ns_100ns,113600000.0,0.7735413816803057,2.4996432498339165,0.0011278892668769758
baseline,400ns_100ns,113900000.0,0.793552959958216,2.5011245103031317,0.0010706683875901938
baseline,400ns_100ns,114200000.0,0.8136188364050624,2.502540454955936,0.0010399327098115393
baseline,400ns_100ns,114500000.0,0.8338098427740458,2.503862350743555,0.0010431570703305479
baseline,400ns_100ns,114800000.0,0.8541501260877868,2.505024174741705,0.0010644751579839847
baseline,400ns_100ns,115100000.0,0.8746082106502904,2.5059681816265615,0.0010795673086281782
baseline,400ns_100ns,115400000.0,0.8951227995598049,2.5066815095608277,0.0010731017698830685
baseline,400ns_100ns,115700000.0,0.9156461178512588,2.507202403369941,0.001047231702327996
baseline,400ns_100ns,116000000.0,0.9361778891222045,2.5075930853721715,0.0010208810686514567
baseline,400ns_100ns,116300000.0,0.9567689796999053,2.5078960670386095,0.0010194337035029672
baseline,400ns_100ns,116600000.0,0.9774917350537224,2.5081005743651326,0.0010560212383668036
baseline,400ns_100ns,116900000.0,0.998393782403641,2.50814022552189,0.001118898228118799
baseline,400ns_100ns,117200000.0,1.0194623771240103,2.5079252809546144,0.001178940160832966
baseline,400ns_100ns,117500000.0,1.0406213209312933,2.5073926796585284,0.0012068996612903643
baseline,400ns_100ns,117800000.0,1.061764717517778,2.5065459892886555,0.001185563264247576
baseline,400ns_100ns,118100000.0,1.0828110869428302,2.505461707810906,0.0011155674020927628
baseline,400ns_100ns,118400000.0,1.1037491150864558,2.504255979643211,0.001018359885818198
baseline,400ns_100ns,118700000.0,1.1246495107937597,2.5030272957402544,0.0009357313690959881
baseline,400ns_100ns,119000000.0,1.1456346673506448,2.501804458792833,0.0009152004722811981
baseline,400ns_100ns,119300000.0,1.1668200269924678,2.500527425243399,0.0009733554705017757
baseline,400ns_100ns,119600000.0,1.188256393114931,2.499072211358082,0.0010782552809927935
baseline,400ns_100ns,119900000.0,1.2099026584146566,2.4973084072371354,0.0011799078122917655
baseline,400ns_100ns,120200000.0,1.2316432509437545,2.4951608782101604,0.0012401592990378034
baseline,400ns_100ns,120500000.0,1.2533419184184234,2.492644872628307,0.0012409129138051594
baseline,400ns_100ns,120800000.0,1.2749050947168952,2.489857227960054,0.0011840872390922145
baseline,400ns_100ns,121100000.0,1.2963235245280536,2.486928601708171,0.0010905693227748776
baseline,400ns_100ns,121400000.0,1.3176722680618536,2.483961073451592,0.0009975515790123194
baseline,400ns_100ns,121700000.0,1.3390705083379784,2.4809821198063062,0.0009475837410297023
baseline,400ns_100ns,122000000.0,1.3606225743573177,2.477936719519351,0.0009630176743389324
baseline,400ns_100ns,122300000.0,1.382370043927031,2.4747193885905756,0.001027284060538438
baseline,400ns_100ns,122600000.0,1.4042777349370643,2.4712278835153394,0.001101872412099593
baseline,400ns_100ns,122900000.0,1.4262580482180878,2.4674104808731423,0.0011542674603018301
baseline,400ns_100ns,123200000.0,1.4482184405356253,2.463283797053825,0.0011695996654264463
baseline,400ns_100ns,123500000.0,1.4701060650544246,2.458914754228632,0.0011506837583647451
baseline,400ns_100ns,123800000.0,1.4919270012614405,2.454379277057423,0.0011137018787101265
baseline,400ns_100ns,124100000.0,1.5137325226806615,2.4497215146505424,0.0010803966236355932
baseline,400ns_100ns,124400000.0,1.5355829567017585,2.444935265707584,0.0010668336399521988
baseline,400ns_100ns,124700000.0,1.5575110230944944,2.4399756384125553,0.0010740980442270685
baseline,400ns_100ns,125000000.0,1.5795052873063302,2.4347917344644783,0.0010893462638995393
baseline,400ns_100ns,125300000.0,1.6015217702851037,2.4293598926628555,0.0010965074511922112
baseline,400ns_100ns,125600000.0,1.6235152154939017,2.423697740822391,0.001087185058337156
baseline,400ns_100ns,125900000.0,1.645470371617825,2.417851195827292,0.0010657963585004682
baseline,400ns_100ns,126200000.0,1.6674140262501747,2.41186265969492,0.0010479301106995059
baseline,400ns_100ns,126500000.0,1.689400010593575,2.4057398121871882,0.001051539341282782
baseline,400ns_100ns,126800000.0,1.7114753772515074,2.3994443171929998,0.0010838425374910111
baseline,400ns_100ns,127100000.0,1.7336473541344737,2.3929084959561555,0.0011342815115038762
baseline,400ns_100ns,127400000.0,1.7558709999555229,2.3860718897203728,0.0011805805606771801
baseline,400ns_100ns,127700000.0,1.7780664050884543,2.378917692851112,0.0012009306404487774
baseline,400ns_100ns,128000000.0,1.8001578233766904,2.3714880734552652,0.0011832703423570608
baseline,400ns_100ns,128300000.0,1.8221143611425028,2.3638681817713048,0.001130069843655022
baseline,400ns_100ns,128600000.0,1.8439699394458975,2.35614547393026,0.001059863517969926
baseline,400ns_100ns,128900000.0,1.8658104836561233,2.3483647533637013,0.0010041182723310995
baseline,400ns_100ns,129200000.0,1.887733379769966,2.34050249507591,0.0009939415019019412
baseline,400ns_100ns,129500000.0,1.9097990967600738,2.3324746546836863,0.0010381025343041534
baseline,400ns_100ns,129800000.0,1.9319995327346322,2.324175069496717,0.0011151374933728057
baseline,400ns_100ns,130100000.0,1.9542595031146184,2.3155256942053453,0.0011904073488422811
baseline,400ns_100ns,130400000.0,1.9764710306065914,2.3065136330764897,0.0012354849177450425
baseline,400ns_100ns,130700000.0,1.9985434511686506,2.2971965436322366,0.001236527829063508
baseline,400ns_100ns,131000000.0,2.0204444665596077,2.2876740255473527,0.001195825374596944
baseline,400ns_100ns,131300000.0,2.0422121602075682,2.27803970077536,0.0011306297105285186
baseline,400ns_100ns,131600000.0,2.063932955679257,2.2683380106412536,0.0010689000209249376
baseline,400ns_100ns,131900000.0,2.0856976451053564,2.2585466583979352,0.0010387634333793982
baseline,400ns_100ns,132200000.0,2.1075580819749637,2.2485920103265884,0.0010524623525585814
baseline,400ns_100ns,132500000.0,2.1295057381379796,2.238387949223257,0.0010983474764376079
baseline,400ns_100ns,132800000.0,2.151481200024861,2.227877422932058,0.0011512721347240206
baseline,400ns_100ns,133100000.0,2.173407506745989,2.217055839358592,0.0011889888985878918
baseline,400ns_100ns,133400000.0,2.1952285750373974,2.205966095001271,0.0012010574412053803
baseline,400ns_100ns,133700000.0,2.2169326854771945,2.194670344611643,0.0011900459864001252
baseline,400ns_100ns,134000000.0,2.238550287412029,2.183215352635844,0.0011681547275983902
baseline,400ns_100ns,134300000.0,2.2601297815278105,2.1716103769451207,0.0011505232728752166
baseline,400ns_100ns,134600000.0,2.2817065129992518,2.159828367020534,0.0011469036616693251
baseline,400ns_100ns,134900000.0,2.303282844077874,2.147827707751207,0.0011562902146720893
baseline,400ns_100ns,135200000.0,2.3248298335042206,2.1355804319684615,0.0011688666849852484
baseline,400ns_100ns,135500000.0,2.3463081718684458,2.123089896270861,0.0011735847568118975
baseline,400ns_100ns,135800000.0,2.3676949535785585,2.110387708302367,0.0011655861295292351
baseline,400ns_100ns,136100000.0,2.3889997623991563,2.0975121400216326,0.001149609464689712
baseline,400ns_100ns,136400000.0,2.410260008715564,2.0844812306779654,0.001138167507188504
baseline,400ns_100ns,136700000.0,2.4315177189227235,2.0712770733091874,0.0011444852028556886
baseline,400ns_100ns,137000000.0,2.452791061147723,2.057851538552555,0.001173191065666692
baseline,400ns_100ns,137300000.0,2.4740574959183648,2.0441514122945352,0.001215794638729617
baseline,400ns_100ns,137600000.0,2.495259433815469,2.030149490675621,0.001255046168443043
baseline,400ns_100ns,137900000.0,2.516330883651668,2.015864046912183,0.0012739130699201033
baseline,400ns_100ns,138200000.0,2.5372315926975864,2.0013547268121217,0.00126311860110059
baseline,400ns_100ns,138500000.0,2.557970283128354,1.9866954376534283,0.0012252220028160963
baseline,400ns_100ns,138800000.0,2.578603645855205,1.971937443952471,0.0011752675218214745
baseline,400ns_100ns,139100000.0,2.5992102381980384,1.9570817717124038,0.001136877111256144
baseline,400ns_100ns,139400000.0,2.619851752915051,1.9420758182007432,0.0011317389860179483
baseline,400ns_100ns,139700000.0,2.640541156725019,1.9268368317477569,0.0011658770393580967
baseline,400ns_100ns,140000000.0,2.66123410425181,1.9112910481835814,0.001225062840572318
baseline,400ns_100ns,140300000.0,2.6818483422345034,1.8954090512322574,0.0012845786321306236
baseline,400ns_100ns,140600000.0,2.7023016054260256,1.8792197020381156,0.0013225183225331909
baseline,400ns_100ns,140900000.0,2.7225491717829677,1.8627958359322185,0.0013276022967330197
baseline,400ns_100ns,141200000.0,2.742602603067367,1.84621918100546,0.00130153956912756
baseline,400ns_100ns,141500000.0,2.7625209584529116,1.8295422151958427,0.0012578861407541691
baseline,400ns_100ns,141800000.0,2.7823797519502516,1.8127657269331297,0.0012174687081316722
baseline,400ns_100ns,142100000.0,2.802233845626433,1.7958423418411307,0.0011996646442583678
baseline,400ns_100ns,142400000.0,2.8220927974582946,1.7787028569877756,0.001212184845571476
baseline,400ns_100ns,142700000.0,2.8419199948285656,1.761290952688784,0.001247158829028786
baseline,400ns_100ns,143000000.0,2.8616542625622805,1.7435884677430813,0.001287575310421507
baseline,400ns_100ns,143300000.0,2.88124131073401,1.7256193578008838,0.0013177074896118285
baseline,400ns_100ns,143600000.0,2.900658220986229,1.7074322060309277,0.001329955914427705
baseline,400ns_100ns,143900000.0,2.919919010466114,1.6890722901500166,0.0013263840383934626
baseline,400ns_100ns,144200000.0,2.9390601694042493,1.6705588781930345,0.0013160870913543165
baseline,400ns_100ns,144500000.0,2.958115865471959,1.6518794525005007,0.0013097218663268443
baseline,400ns_100ns,144800000.0,2.977097439438446,1.6330024934002576,0.0013133807250328348
baseline,400ns_100ns,145100000.0,2.995988465035522,1.613900035246251,0.0013253354846775524
baseline,400ns_100ns,145400000.0,3.0147571888342766,1.5945661719538033,0.0013379805156058377
baseline,400ns_100ns,145700000.0,3.033378061547825,1.5750206385015897,0.0013434002814339836
baseline,400ns_100ns,146000000.0,3.051848989949826,1.5552956515871164,0.001338735074948921
baseline,400ns_100ns,146300000.0,3.070193636923234,1.5354141272247923,0.0013285256890432718
baseline,400ns_100ns,146600000.0,3.0884469499887834,1.51537256789496,0.0013229129982105417
baseline,400ns_100ns,146900000.0,3.1066320508214584,1.495139407148966,0.0013319860703428254
baseline,400ns_100ns,147200000.0,3.124742016877914,1.4746708104194803,0.0013589723193397376
baseline,400ns_100ns,147500000.0,3.14273781913839,1.4539357759987785,0.001397106381281215
baseline,400ns_100ns,147800000.0,3.160564900655971,1.4329365750342864,0.0014327725476503137
baseline,400ns_100ns,148100000.0,3.178180383700962,1.4117124660364568,0.0014523286808960593
baseline,400ns_100ns,148400000.0,3.195576490370272,1.3903233436330835,0.0014483616582632358
baseline,400ns_100ns,148700000.0,3.21278709514585,1.3688208808542974,0.0014231929665984005
baseline,400ns_100ns,149000000.0,3.229872859624005,1.347221881205434,0.0013890068410417483
baseline,400ns_100ns,149300000.0,3.2468916658602294,1.3254979981397061,0.0013639036497645391
baseline,400ns_100ns,149600000.0,3.2638690608708494,1.3035878454404792,0.0013636731756180131
baseline,400ns_100ns,149900000.0,3.2807838290656517,1.2814260202544185,0.0013927077888892237
baseline,400ns_100ns,150200000.0,3.2975763086085217,1.2589747333799226,0.001441130566035633
baseline,400ns_100ns,150500000.0,3.3141755371225736,1.2362422486908582,0.001490816611926865
baseline,400ns_100ns,150800000.0,3.3305317592582684,1.213278977333327,0.0015247677345211921
baseline,400ns_100ns,151100000.0,3.346638210104724,1.190153382937854,0.0015338502802600116
baseline,400ns_100ns,151400000.0,3.362531703243825,1.1669199446605172,0.0015193646797552285
baseline,400ns_100ns,151700000.0,3.3782723930854703,1.143595109024232,0.0014919933834800874
baseline,400ns_100ns,152000000.0,3.3939134679851315,1.1201526662524273,0.0014674571317047436
baseline,400ns_100ns,152300000.0,3.4094761318152496,1.0965398258959504,0.001459518695608255
baseline,400ns_100ns,152600000.0,3.424941851078091,1.0727048391456317,0.00147319612542708
baseline,400ns_100ns,152900000.0,3.440264501750974,1.048621708971647,0.0015027872996035967
baseline,400ns_100ns,153200000.0,3.455394811484864,1.024299891627747,0.0015362759840408702
baseline,400ns_100ns,153500000.0,3.4703037205151155,0.9997753706828552,0.0015624070513772382
baseline,400ns_100ns,153800000.0,3.484992796648264,0.9750893663206465,0.0015758197576140657
baseline,400ns_100ns,154100000.0,3.499487496976408,0.9502669548453638,0.00157838799233936
baseline,400ns_100ns,154400000.0,3.5138185092927334,0.9253070055336979,0.0015770542015268022
baseline,400ns_100ns,154700000.0,3.5280024817397493,0.9001878833601018,0.0015794008347904016
baseline,400ns_100ns,155000000.0,3.5420330199238794,0.8748843609905482,0.001589132887956573
baseline,400ns_100ns,155300000.0,3.5558864015753993,0.8493851454860253,0.001604119761054009
baseline,400ns_100ns,155600000.0,3.569537803050972,0.8237005837210363,0.001618251317278208
baseline,400ns_100ns,155900000.0,3.582977845860475,0.7978561899998237,0.0016257334663567712
baseline,400ns_100ns,156200000.0,3.5962192601010914,0.7718760862616156,0.0016250805499599997
baseline,400ns_100ns,156500000.0,3.6092893440825615,0.74576644635917,0.0016206495858962775
baseline,400ns_100ns,156800000.0,3.6222122979521565,0.7195091984335245,0.0016208265031326088
baseline,400ns_100ns,157100000.0,3.6349916521477112,0.6930704599258641,0.0016333942880918358
baseline,400ns_100ns,157400000.0,3.647603388007022,0.6664196865281834,0.0016604499637338519
baseline,400ns_100ns,157700000.0,3.66000465470766,0.6395490761816748,0.0016962901985224017
baseline,400ns_100ns,158000000.0,3.672154306044531,0.612482051304304,0.0017299018051769653
baseline,400ns_100ns,158300000.0,3.6840345962049597,0.5852651846173269,0.0017503264792718034
baseline,400ns_100ns,158600000.0,3.6956621508443575,0.5579468218617144,0.0017518133999985157
baseline,400ns_100ns,158900000.0,3.70708158730964,0.5305530877312691,0.001736696986055562
baseline,400ns_100ns,159200000.0,3.718344191973416,0.503073853458951,0.0017151162303436238
baseline,400ns_100ns,159500000.0,3.729482081024791,0.4754664490033472,0.0017012417240913327
baseline,400ns_100ns,159800000.0,3.7404909626811635,0.4476758566618144,0.001706730120992283
baseline,400ns_100ns,160100000.0,3.7513304730788493,0.419661562553063,0.001734460730636205
baseline,400ns_100ns,160400000.0,3.7619421856905255,0.39141768301792007,0.0017768758741119849
baseline,400ns_100ns,160700000.0,3.7722764117577876,0.3629763159005078,0.00182021258317039
baseline,400ns_100ns,161000000.0,3.782314491741498,0.3343925593320447,0.0018513592645986565
baseline,400ns_100ns,161300000.0,3.7920756896115972,0.305718865925804,0.001863318060593526
baseline,400ns_100ns,161600000.0,3.801605722970627,0.2769815871408534,0.00185746677319664
baseline,400ns_100ns,161900000.0,3.8109532206751173,0.24817110598863026,0.001842487158295362
baseline,400ns_100ns,162200000.0,3.8201462015815992,0.21924975248012182,0.001830421507018701
baseline,400ns_100ns,162500000.0,3.8291801212684806,0.190172610500295,0.001831105946683552
baseline,400ns_100ns,162800000.0,3.8380226247157254,0.16091010207885725,0.0018475651020611967
baseline,400ns_100ns,163100000.0,3.8466314008551517,0.1314609877247044,0.0018751802293570942
baseline,400ns_100ns,163400000.0,3.854975093663922,0.1018500358454793,0.0019050733273316654
baseline,400ns_100ns,163700000.0,3.8630463471899765,0.07211290290838165,0.0019291940436533769
baseline,400ns_100ns,164000000.0,3.870860955063713,0.042277248445357705,0.0019440651096291372
baseline,400ns_100ns,164300000.0,3.87844488465625,0.012350434073682037,0.0019516542901190756
baseline,400ns_100ns,164600000.0,3.885817344647446,-0.017680144350455566,0.0019574305506340445
baseline,400ns_100ns,164900000.0,3.892979669857058,-0.04783539073888672,0.001966768838595514
baseline,400ns_100ns,165200000.0,3.8999159352705686,-0.07812906695411388,0.0019816591797350864
baseline,400ns_100ns,165500000.0,3.906604217001909,-0.10855789386265245,0.0019996669831208575
baseline,400ns_100ns,165800000.0,3.9130312828280687,-0.13910294006690532,0.002015752326672532
baseline,400ns_100ns,166100000.0,3.919201640020603,-0.16974127204367445,0.002025710923970774
baseline,400ns_100ns,166400000.0,3.925135269401279,-0.20046074975518205,0.00202914281819362
baseline,400ns_100ns,166700000.0,3.930855057173898,-0.23126889381787535,0.002030297038874858
baseline,400ns_100ns,167000000.0,3.9363710984770104,-0.26219003713502315,0.002036199871194237
baseline,400ns_100ns,167300000.0,3.94167118019861,-0.2932516759206428,0.0020527834828207307
baseline,400ns_100ns,167600000.0,3.9467235875621216,-0.3244672993965065,0.0020810809817075697
baseline,400ns_100ns,167900000.0,3.951491600919298,-0.35582540426922943,0.0021159481460783927
baseline,400ns_100ns,168200000.0,3.9559523729697292,-0.38729143529959453,0.0021482739239728522
baseline,400ns_100ns,168500000.0,3.960110020866819,-0.4188225476272772,0.0021693439936922255
baseline,400ns_100ns,168800000.0,3.963995409932665,-0.4503880339359848,0.0021750111748589716
baseline,400ns_100ns,169100000.0,3.9676519442827054,-0.4819848510200019,0.0021678757587483242
baseline,400ns_100ns,169400000.0,3.9711141107993164,-0.5136398506155619,0.002156619552066946
baseline,400ns_100ns,169700000.0,3.9743895687942237,-0.545397021689191,0.0021524726217218727
baseline,400ns_100ns,170000000.0,3.977454024764386,-0.5772957963300275,0.0021639630406709138
baseline,400ns_200ns,20000000.0,-0.16533626242125946,1.4704175669983597,0.022125936195541533
baseline,400ns_200ns,20300000.0,-0.1569414991736213,1.4396447832331776,0.02081824895807359
baseline,400ns_200ns,20600000.0,-0.15472897523023302,1.4038100422667383,0.018008879534227765
baseline,400ns_200ns,20900000.0,-0.1604184323467374,1.3680635942286394,0.014095993301288532
baseline,400ns_200ns,21200000.0,-0.17206044585141628,1.3371025082306238,0.009649656133987827
baseline,400ns_200ns,21500000.0,-0.1854163245440508,1.3129946817324647,0.005405978591560371
baseline,400ns_200ns,21800000.0,-0.19631798688547916,1.294539331096637,0.0026872931190000645
baseline,400ns_200ns,22100000.0,-0.20272116516937436,1.2783368312011916,0.003229872456173295
baseline,400ns_200ns,22400000.0,-0.20543747171920834,1.2608539292580472,0.004194950128577807
baseline,400ns_200ns,22700000.0,-0.2072988901545691,1.2403245712007913,0.003968967793431215
baseline,400ns_200ns,23000000.0,-0.21133786745075628,1.2175138296830963,0.0026024743564105326
baseline,400ns_200ns,23300000.0,-0.21902650669335005,1.1950450836648865,0.002125688658935167
baseline,400ns_200ns,23600000.0,-0.22950212008563534,1.1757637844980233,0.004976695146851836
baseline,400ns_200ns,23900000.0,-0.240118703108685,1.161078389464302,0.008599697757737135
baseline,400ns_200ns,24200000.0,-0.24794431684153803,1.150162491247476,0.011964851142654312
baseline,400ns_200ns,24500000.0,-0.25135482394414027,1.1403901967162695,0.014515349077673566
baseline,400ns_200ns,24800000.0,-0.2508796323852864,1.1287075446385297,0.01587274657539088
baseline,400ns_200ns,25100000.0,-0.24889847580353724,1.1131738080337485,0.01584622285104931
baseline,400ns_200ns,25400000.0,-0.24840964987987138,1.093866514681967,0.014446964703310384
baseline,400ns_200ns,25700000.0,-0.2515558214901717,1.0727239468182703,0.011880096866220366
baseline,400ns_200ns,26000000.0,-0.2586735019764728,1.0524735283542053,0.008512301613966924
baseline,400ns_200ns,26300000.0,-0.26831160533665116,1.0352536666946432,0.004823798480129319
baseline,400ns_200ns,26600000.0,-0.278136237820758,1.0216510345610332,0.0014353225540977396
baseline,400ns_200ns,26900000.0,-0.28619010028500635,1.010609480674695,0.0018500721757885058
baseline,400ns_200ns,27200000.0,-0.29183211604138365,1.0001842226155455,0.0036571509784417916
baseline,400ns_200ns,27500000.0,-0.29589899850708157,0.9886802287033581,0.0042958368429871965
baseline,400ns_200ns,27800000.0,-0.3000689518061493,0.9755487319681085,0.0036650515842251595
baseline,400ns_200ns,28100000.0,-0.3058258984071214,0.9615879831468985,0.0018914238622602054
baseline,400ns_200ns,28400000.0,-0.31360443635394186,0.9483915798098081,0.0007612514134074792
baseline,400ns_200ns,28700000.0,-0.3225619441984241,0.9373882950848521,0.0038411907766278085
baseline,400ns_200ns,29000000.0,-0.33106493586958524,0.9290120400161881,0.006932059222538249
baseline,400ns_200ns,29300000.0,-0.3375937479682153,0.922440604550638,0.009580773168285659
baseline,400ns_200ns,29600000.0,-0.34156459317589766,0.9160174004689388,0.011415450392136256
baseline,400ns_200ns,29900000.0,-0.34363752917608176,0.9081045909600104,0.01218776073784922
baseline,400ns_200ns,30200000.0,-0.3453705720606032,0.8979023868839858,0.011804324431993477
baseline,400ns_200ns,30500000.0,-0.34842884327194235,0.8858107198555811,0.010335976480046258
baseline,400ns_200ns,30800000.0,-0.35377803646906375,0.8731697477019704,0.008004103389727006
baseline,400ns_200ns,31100000.0,-0.3612760101587353,0.8615464915325296,0.005147550889068709
baseline,400ns_200ns,31400000.0,-0.3698465274138273,0.8519598781048556,0.0021864572268760316
baseline,400ns_200ns,31700000.0,-0.378107131255787,0.8444444514776327,0.0007634759237249027
baseline,400ns_200ns,32000000.0,-0.3850962135221419,0.8381524328285423,0.002704582793337339
baseline,400ns_200ns,32300000.0,-0.39071586343752024,0.831901366109534,0.0038698003684996484
baseline,400ns_200ns,32600000.0,-0.39568035936369544,0.8248482702191586,0.0040261594091515664
baseline,400ns_200ns,32900000.0,-0.40103291240938804,0.8169254667864202,0.003200103291671606
baseline,400ns_200ns,33200000.0,-0.40751697805802006,0.8088216266843511,0.0016432892252008044
baseline,400ns_200ns,33500000.0,-0.415148591758318,0.8015452718285943,0.001319452912146589
baseline,400ns_200ns,33800000.0,-0.42321025087705255,0.7958278952737409,0.003576058921478605
baseline,400ns_200ns,34100000.0,-0.4306511600083563,0.7916962015161427,0.00591016074266793
baseline,400ns_200ns,34400000.0,-0.4366630173784927,0.7884374354590105,0.007803358418517399
baseline,400ns_200ns,34700000.0,-0.44111743679698595,0.7849630649765093,0.008973809749664786
baseline,400ns_200ns,35000000.0,-0.44463763855291744,0.7803650101775521,0.009266123787070844
baseline,400ns_200ns,35300000.0,-0.44827929910494574,0.7743658231097034,0.008657487557630303
baseline,400ns_200ns,35600000.0,-0.45300146542563685,0.7674326926909499,0.0072559563300258175
baseline,400ns_200ns,35900000.0,-0.45920986841285705,0.7605110642811141,0.005286246667992888
baseline,400ns_200ns,36200000.0,-0.4666037282506953,0.7545337511911487,0.0030826444062621496
baseline,400ns_200ns,36500000.0,-0.4743876290965069,0.7499700926570281,0.001318675653569698
baseline,400ns_200ns,36800000.0,-0.48171698285174847,0.7466445861385143,0.0018436691060965881
baseline,400ns_200ns,37100000.0,-0.48813137754240893,0.7439011442382422,0.003024252733705614
baseline,400ns_200ns,37400000.0,-0.4937506282663327,0.7410040823936112,0.003612609258457934
baseline,400ns_200ns,37700000.0,-0.49914599699626483,0.7375489091160753,0.003460848214559325
baseline,400ns_200ns,38000000.0,-0.5049755188839611,0.7336636427083629,0.0026574524426942582
baseline,400ns_200ns,38300000.0,-0.5115927853357051,0.7299044022015793,0.0016261753003185006
baseline,400ns_200ns,38600000.0,-0.5188421256711044,0.7269168569266019,0.0018495719724190758
baseline,400ns_200ns,38900000.0,-0.526143606273881,0.7250569693870269,0.003391004989755288
baseline,400ns_200ns,39200000.0,-0.5328118148083159,0.7241780534852179,0.004998341249731093
baseline,400ns_200ns,39500000.0,-0.5384296292895403,0.723694221385166,0.006229554504902633
baseline,400ns_200ns,39800000.0,-0.5430754062165734,0.7228789788827358,0.006875744229310045
baseline,400ns_200ns,40100000.0,-0.5472869651745208,0.7212344080951975,0.006848878244548749
baseline,400ns_200ns,40400000.0,-0.5517889260837947,0.718735000258005,0.006170026546813589
baseline,400ns_200ns,40700000.0,-0.5571333376035001,0.715823423944733,0.004962439687669788
baseline,400ns_200ns,41000000.0,-0.563442922014513,0.7131702827199335,0.0034477368427490995
baseline,400ns_200ns,41300000.0,-0.5703845172294247,0.7113326087054304,0.002004794340761531
baseline,400ns_200ns,41600000.0,-0.5773743206901358,0.7104924008859717,0.001506266554956657
baseline,400ns_200ns,41900000.0,-0.5838954637575937,0.7104058051217018,0.0021972093538243863
baseline,400ns_200ns,42200000.0,-0.589755787511273,0.710576588534457,0.0028737727150950085
baseline,400ns_200ns,42500000.0,-0.5951541135801194,0.7105489771735827,0.003096696069565641
baseline,400ns_200ns,42800000.0,-0.6005312890069519,0.7101573253531571,0.002813050897650471
baseline,400ns_200ns,43100000.0,-0.6062977645770895,0.709601161998587,0.0021637898094250883
baseline,400ns_200ns,43400000.0,-0.6125910169709834,0.7093135559374446,0.0016270093196152594
baseline,400ns_200ns,43700000.0,-0.6191934690693524,0.709702844342985,0.002029911611319553
baseline,400ns_200ns,44000000.0,-0.6256502614886666,0.710912581882854,0.003090500551848245
baseline,400ns_200ns,44300000.0,-0.6315175494880696,0.7127296221448522,0.004144877020222607
baseline,400ns_200ns,44600000.0,-0.6366043327625889,0.7146866372878955,0.004889933176764684
baseline,400ns_200ns,44900000.0,-0.6410785023565218,0.7163001483092186,0.005185138630392631
baseline,400ns_200ns,45200000.0,-0.6453838789150314,0.7173149154313752,0.004989168794185038
baseline,400ns_200ns,45500000.0,-0.6500166313173933,0.7178262215755175,0.004346855349992118
baseline,400ns_200ns,45800000.0,-0.655281863346257,0.7182201489091045,0.003384616836700381
baseline,400ns_200ns,46100000.0,-0.6611571660945034,0.718969579408678,0.0023246522653819074
baseline,400ns_200ns,46400000.0,-0.6673289278422226,0.7203976570422664,0.0015812295816599081
baseline,400ns_200ns,46700000.0,-0.6733739975083718,0.722532679771167,0.0016599295555510681
baseline,400ns_200ns,47000000.0,-0.6789843944836156,0.7251248402341113,0.0021684946847089093
baseline,400ns_200ns,47300000.0,-0.6841149742321971,0.727806837741815,0.0025277575649028062
baseline,400ns_200ns,47600000.0,-0.6889803800531589,0.7303052880481132,0.0025514507344258034
baseline,400ns_200ns,47900000.0,-0.6939110601304924,0.7325872737366279,0.002249134769371949
baseline,400ns_200ns,48200000.0,-0.6991528794376983,0.7348661681723281,0.0017909911421104658
baseline,400ns_200ns,48500000.0,-0.704721566769498,0.7374694418252005,0.0015893246809589715
baseline,400ns_200ns,48800000.0,-0.7103895595556567,0.7406452570063796,0.0020035495042811237
baseline,400ns_200ns,49100000.0,-0.7158089203453222,0.7444150155846718,0.0027370963107535944
baseline,400ns_200ns,49400000.0,-0.7207006911766474,0.7485510649650817,0.0034134252929148433
baseline,400ns_200ns,49700000.0,-0.7250073327234391,0.752689423094334,0.003837416555835068
baseline,400ns_200ns,50000000.0,-0.7289273513344949,0.756514971100214,0.003922060593033567
baseline,400ns_200ns,50300000.0,-0.7328160166336436,0.7599196847395854,0.0036569110643362127
baseline,400ns_200ns,50600000.0,-0.7370073832623473,0.76305152706056,0.0030994170342792445
baseline,400ns_200ns,50900000.0,-0.7416526072178458,0.7662317443129435,0.002376191920428161
baseline,400ns_200ns,51200000.0,-0.7466577893263882,0.7697881697229279,0.0017092219503513546
baseline,400ns_200ns,51500000.0,-0.7517493035166302,0.7738944170735452,0.0014397019685287043
baseline,400ns_200ns,51800000.0,-0.7566265764023024,0.7784981420992445,0.001660555195192388
baseline,400ns_200ns,52100000.0,-0.7611180269475655,0.7833711867127958,0.001992792163281381
baseline,400ns_200ns,52400000.0,-0.7652579197366998,0.7882486766448926,0.002162238583829415
baseline,400ns_200ns,52700000.0,-0.7692474368973949,0.7929784422644638,0.002091134517693627
baseline,400ns_200ns,53000000.0,-0.7733265455449019,0.7975999980145589,0.001825759795180453
baseline,400ns_200ns,53300000.0,-0.7776299455460095,0.8023132963011286,0.0015400465051063964
baseline,400ns_200ns,53600000.0,-0.7821062493878815,0.8073582121494853,0.0015273199355075205
baseline,400ns_200ns,53900000.0,-0.7865428588980024,0.8128731551990913,0.0018920472891897425
baseline,400ns_200ns,54200000.0,-0.790680757785375,0.8188104845765639,0.0024013724773979538
baseline,400ns_200ns,54500000.0,-0.7943554119779128,0.8249538036052918,0.00282876669409595
baseline,400ns_200ns,54800000.0,-0.7975874625787904,0.8310264403750964,0.003050655675992288
baseline,400ns_200ns,55100000.0,-0.8005754876208425,0.8368319208106751,0.003017708004017651
baseline,400ns_200ns,55400000.0,-0.8035963263830292,0.8423516232519178,0.0027396425840480604
baseline,400ns_200ns,55700000.0,-0.8068672489736672,0.8477493803383125,0.0022812543657384264
baseline,400ns_200ns,56000000.0,-0.8104428269771891,0.8532832775811139,0.0017683470106902401
baseline,400ns_200ns,56300000.0,-0.8141988017286624,0.8591736848760911,0.001402973170399747
baseline,400ns_200ns,56600000.0,-0.8179077092990965,0.8654978234888124,0.001374555655366079
baseline,400ns_200ns,56900000.0,-0.8213625971317671,0.8721645385960053,0.0015857155172896101
baseline,400ns_200ns,57200000.0,-0.8244815728215237,0.8789785034983698,0.0017890326997948315
baseline,400ns_200ns,57500000.0,-0.8273388460277816,0.885755359829665,0.001849001208570767
baseline,400ns_200ns,57800000.0,-0.8301092527171968,0.8924237713753396,0.0017424169661312168
baseline,400ns_200ns,58100000.0,-0.8329600333686954,0.8990598724399518,0.0015347088264165533
baseline,400ns_200ns,58400000.0,-0.835950759994314,0.9058378962125808,0.0013816259275201837
baseline,400ns_200ns,58700000.0,-0.8389959334116257,0.9129265006243862,0.0014599498458072342
baseline,400ns_200ns,59000000.0,-0.8419093565532347,0.9203888066523586,0.0017602829146325318
baseline,400ns_200ns,59300000.0,-0.844504738936964,0.9281407157167908,0.002114098159473561
baseline,400ns_200ns,59600000.0,-0.8466972390304021,0.9359894535424035,0.002378523365016883
baseline,400ns_200ns,59900000.0,-0.8485512791324132,0.9437307524308102,0.0024759588664257422
baseline,400ns_200ns,60200000.0,-0.8502497942631488,0.9512521781209331,0.0023826381478353545
baseline,400ns_200ns,60500000.0,-0.8520023930279567,0.958587965834939,0.002121593955454502
baseline,400ns_200ns,60800000.0,-0.8539418300401969,0.9658976983467267,0.0017619422911666625
baseline,400ns_200ns,61100000.0,-0.8560630256613321,0.973382071736648,0.0014236029004916042
baseline,400ns_200ns,61400000.0,-0.8582348285864506,0.9811817044966608,0.0012596455103874688
baseline,400ns_200ns,61700000.0,-0.8602754253611681,0.9893123188792372,0.0013250937517199093
baseline,400ns_200ns,62000000.0,-0.8620490929532347,0.997668512511004,0.001489605687907626
baseline,400ns_200ns,62300000.0,-0.8635323249182039,1.0060908452822726,0.0016053821826428813
baseline,400ns_200ns,62600000.0,-0.8648156406363979,1.0144575477611872,0.0016051069902094648
baseline,400ns_200ns,62900000.0,-0.8660429976582467,1.0227504814857329,0.001495064799667195
baseline,400ns_200ns,63200000.0,-0.8673241391566476,1.0310605980041054,0.0013470206147030135
baseline,400ns_200ns,63500000.0,-0.8686686459079309,1.039531880356281,0.0012847541910906526
baseline,400ns_200ns,63800000.0,-0.8699773314286919,1.0482760333642616,0.0013975391013754342
baseline,400ns_200ns,64100000.0,-0.8710947044122143,1.0573052197258146,0.0016361828627789912
baseline,400ns_200ns,64400000.0,-0.8718931250819845,1.0665193713278334,0.0018808900050237914
baseline,400ns_200ns,64700000.0,-0.8723427498185952,1.0757544854328402,0.002038393925305975
baseline,400ns_200ns,65000000.0,-0.8725298103067695,1.0848654542582892,0.0020609552378093392
baseline,400ns_200ns,65300000.0,-0.8726140609823521,1.0937990064502385,0.0019420806587313066
baseline,400ns_200ns,65600000.0,-0.8727487512373687,1.1026184776734975,0.0017135168866297056
baseline,400ns_200ns,65900000.0,-0.8730057889509211,1.1114684876933187,0.0014452855018249394
baseline,400ns_200ns,66200000.0,-0.8733449198871244,1.1204996174912818,0.0012414374068981623
baseline,400ns_200ns,66500000.0,-0.8736414188167455,1.1297936636784223,0.001192851732110799
baseline,400ns_200ns,66800000.0,-0.873755480404868,1.139328421976749,0.001280876612002783
baseline,400ns_200ns,67100000.0,-0.8736050641795716,1.148998710015162,0.0013978454564950351
baseline,400ns_200ns,67400000.0,-0.8732035106117165,1.1586799188255426,0.0014564483663917947
baseline,400ns_200ns,67700000.0,-0.8726434222759213,1.168298230459321,0.0014259565666965078
baseline,400ns_200ns,68000000.0,-0.8720377279557516,1.1778693322848461,0.001328416024738308
baseline,400ns_200ns,68300000.0,-0.8714515319965027,1.1874856568906387,0.0012323617183838758
baseline,400ns_200ns,68600000.0,-0.8708623501875721,1.1972605682308488,0.0012260264339805141
baseline,400ns_200ns,68900000.0,-0.8701700125404707,1.2072610177382441,0.0013437913865337267
baseline,400ns_200ns,69200000.0,-0.8692501489662028,1.2174657649167822,0.001529300109576449
baseline,400ns_200ns,69500000.0,-0.8680217106799377,1.22777174778412,0.0016969259642857155
baseline,400ns_200ns,69800000.0,-0.8664918975627454,1.238044858891386,0.001784478944689387
baseline,400ns_200ns,70100000.0,-0.8647545675130527,1.2481876092962132,0.001764054306945936
baseline,400ns_200ns,70400000.0,-0.8629434423854067,1.2581876029125643,0.0016407941295295471
baseline,400ns_200ns,70700000.0,-0.8611654212282083,1.268121615870001,0.0014514504825458208
baseline,400ns_200ns,71000000.0,-0.8594492909622751,1.2781141181425772,0.0012621451214253792
baseline,400ns_200ns,71300000.0,-0.8577361098047634,1.2882731515006105,0.0011520629312330782
baseline,400ns_200ns,71600000.0,-0.8559148100985878,1.2986377634427406,0.0011599403088042618
baseline,400ns_200ns,71900000.0,-0.8538825854531653,1.3091640144229137,0.0012418543540295183
baseline,400ns_200ns,72200000.0,-0.8515971999542655,1.3197552457246238,0.0013199141898487077
baseline,400ns_200ns,72500000.0,-0.8490937936997203,1.3303185736509617,0.0013425901079428197
baseline,400ns_200ns,72800000.0,-0.8464586670537525,1.3408161868518869,0.001299912300058986
baseline,400ns_200ns,73100000.0,-0.8437758725150883,1.3512838397837643,0.0012211207054241779
baseline,400ns_200ns,73400000.0,-0.8410766430009301,1.3618074533464894,0.0011654127568253051
baseline,400ns_200ns,73700000.0,-0.8383193683630712,1.3724716500045364,0.0011898348411123168
baseline,400ns_200ns,74000000.0,-0.8354106533057438,1.3833089653978603,0.001298885955285222
baseline,400ns_200ns,74300000.0,-0.8322555225529198,1.3942775800614755,0.0014409721989431632
baseline,400ns_200ns,74600000.0,-0.8288092600377581,1.405279547729521,0.0015541319852413573
baseline,400ns_200ns,74900000.0,-0.8251028813398147,1.4162095019318017,0.0015965722234545867
baseline,400ns_200ns,75200000.0,-0.8212287776741939,1.4270076187767893,0.001553803707480242
baseline,400ns_200ns,75500000.0,-0.8172945309406849,1.437688749411181,0.001438518112421745
baseline,400ns_200ns,75800000.0,-0.8133696604610683,1.4483327962492876,0.0012889500484729013
baseline,400ns_200ns,76100000.0,-0.8094532786038399,1.4590422321870147,0.0011623959935202206
baseline,400ns_200ns,76400000.0,-0.8054789000045042,1.4698898673381082,0.0011111945317602591
baseline,400ns_200ns,76700000.0,-0.8013525786530323,1.480884467293939,0.0011417298092643656
baseline,400ns_200ns,77000000.0,-0.7970030433988761,1.4919715355157064,0.0012085283242364948
baseline,400ns_200ns,77300000.0,-0.7924168349606192,1.5030673535799954,0.0012574674122428735
baseline,400ns_200ns,77600000.0,-0.7876403362632938,1.5141067148603067,0.0012586939205653004
baseline,400ns_200ns,77900000.0,-0.782748906372342,1.5250780859108322,0.0012141209694177641
baseline,400ns_200ns,78200000.0,-0.7778010324666352,1.5360274910660174,0.0011545934382750107
baseline,400ns_200ns,78500000.0,-0.7728030325766538,1.5470298317316584,0.0011274616291333272
baseline,400ns_200ns,78800000.0,-0.7677035300348193,1.558144041692683,0.0011663573498445947
baseline,400ns_200ns,79100000.0,-0.7624203888091482,1.5693769390959666,0.0012615146352474803
baseline,400ns_200ns,79400000.0,-0.7568851513744823,1.5806755240519441,0.0013692352191025366
baseline,400ns_200ns,79700000.0,-0.7510807581622714,1.591951819064122,0.0014441537694191852
baseline,400ns_200ns,80000000.0,-0.7450522502114748,1.6031267725393874,0.0014583436218008625
baseline,400ns_200ns,80300000.0,-0.7388848975069915,1.6141697057183702,0.001406395575784411
baseline,400ns_200ns,80600000.0,-0.7326616447956603,1.625112505862021,0.0013053490183256144
baseline,400ns_200ns,80900000.0,-0.7264225375089954,1.6360315376955907,0.0011917269588297072
baseline,400ns_200ns,81200000.0,-0.7201472693285202,1.6470074738221925,0.0011111070446633352
baseline,400ns_200ns,81500000.0,-0.7137692598434505,1.6580846619347394,0.001093562387539072
baseline,400ns_200ns,81800000.0,-0.7072127734793998,1.6692512926939311,0.001129707567424149
baseline,400ns_200ns,82100000.0,-0.7004326432165902,1.6804499725293294,0.0011805121226936166
baseline,400ns_200ns,82400000.0,-0.6934354238693896,1.6916118377552463,0.0012087750626835641
baseline,400ns_200ns,82700000.0,-0.6862713908225057,1.7026949883150293,0.0011981178221542354
baseline,400ns_200ns,83000000.0,-0.6790027774920226,1.7137062835541244,0.0011569218783825568
baseline,400ns_200ns,83300000.0,-0.6716663178766832,1.7246951037982263,0.0011142406227812641
baseline,400ns_200ns,83600000.0,-0.6642508068360987,1.7357231469122112,0.0011058508084252734
baseline,400ns_200ns,83900000.0,-0.6567018130905538,1.746827259874592,0.0011495680572541735
baseline,400ns_200ns,84200000.0,-0.6489507277279731,1.7579958060208583,0.0012299330113478598
baseline,400ns_200ns,84500000.0,-0.6409521711383188,1.7691714486183445,0.0013110616238793612
baseline,400ns_200ns,84800000.0,-0.6327094505603243,1.7802788018263251,0.0013594492855303615
baseline,400ns_200ns,85100000.0,-0.6242744176359798,1.7912620372237738,0.0013567931639691078
baseline,400ns_200ns,85400000.0,-0.6157219451791185,1.8021123851836955,0.001303666865709514
baseline,400ns_200ns,85700000.0,-0.6071127599490214,1.8128711393793533,0.0012189129284979928
baseline,400ns_200ns,86000000.0,-0.5984643086277392,1.8236070186999669,0.0011350444813685383
baseline,400ns_200ns,86300000.0,-0.5897446739362809,1.834380333742755,0.0010858034329643094
baseline,400ns_200ns,86600000.0,-0.5808920064088623,1.8452130783575174,0.0010858524366144954
baseline,400ns_200ns,86900000.0,-0.5718483673873825,1.856080407624051,0.0011199585704908027
baseline,400ns_200ns,87200000.0,-0.5625895602546808,1.8669271584098048,0.0011568235997566347
baseline,400ns_200ns,87500000.0,-0.5531352273125586,1.8776996137275526,0.001170978352744167
baseline,400ns_200ns,87800000.0,-0.5435345317281246,1.8883748445014683,0.0011545060991017101
baseline,400ns_200ns,88100000.0,-0.5338360196621579,1.898971768108623,0.0011188443221400507
baseline,400ns_200ns,88400000.0,-0.5240585945914488,1.9095383551673728,0.001089552449556917
baseline,400ns_200ns,88700000.0,-0.5141795634550028,1.9201224814401197,0.0010925954318900192
baseline,400ns_200ns,89000000.0,-0.5041461489077388,1.9307426782951929,0.0011358587632423884
baseline,400ns_200ns,89300000.0,-0.49390401853518945,1.9413748578586345,0.0012025006468306984
baseline,400ns_200ns,89600000.0,-0.48342723034845736,1.9519622408738437,0.0012634104252716419
baseline,400ns_200ns,89900000.0,-0.47273338780664054,1.962443109545122,0.0012936973348076565
baseline,400ns_200ns,90200000.0,-0.4618759125419773,1.9727814811641502,0.00128177191725758
baseline,400ns_200ns,90500000.0,-0.4509176730676513,1.982984408177974,0.0012319108350141476
baseline,400ns_200ns,90800000.0,-0.43990007200077663,1.993096957240074,0.0011628825382445317
baseline,400ns_200ns,91100000.0,-0.4288238590744667,2.00317791224609,0.0011020937020045749
baseline,400ns_200ns,91400000.0,-0.41765139203642865,2.013269384235833,0.0010732144983812586
baseline,400ns_200ns,91700000.0,-0.4063284837700676,2.023376414406375,0.0010814726333615579
baseline,400ns_200ns,92000000.0,-0.3948136456768126,2.033466924900676,0.0011106819479024489
baseline,400ns_200ns,92300000.0,-0.38309895804386884,2.043491255166346,0.001136402265669748
baseline,400ns_200ns,92600000.0,-0.3712117342016405,2.053410085072142,0.001141278633683694
baseline,400ns_200ns,92900000.0,-0.35919676487163665,2.0632153644954174,0.001122656765573326
baseline,400ns_200ns,93200000.0,-0.34708941253181025,2.072933048873895,0.0010929219210094457
baseline,400ns_200ns,93500000.0,-0.33489454557564985,2.082606559002578,0.0010736123745406767
baseline,400ns_200ns,93800000.0,-0.3225828380903647,2.0922703796181357,0.0010830649556994505
baseline,400ns_200ns,94100000.0,-0.31010633549991173,2.1019284297433836,0.001123274918819442
baseline,400ns_200ns,94400000.0,-0.2974246931375448,2.1115490661208245,0.0011780266626764328
baseline,400ns_200ns,94700000.0,-0.28452779623573876,2.1210794500778727,0.001223793647345887
baseline,400ns_200ns,95000000.0,-0.27144255030908615,2.1304715351373407,0.001242001883544763
baseline,400ns_200ns,95300000.0,-0.2582202449744611,2.1397057663292554,0.001225700666230554
baseline,400ns_200ns,95600000.0,-0.24491131226997231,2.1487999603955603,0.0011812063748485708
baseline,400ns_200ns,95900000.0,-0.23154090927185905,2.1577988932979255,0.0011260114447993374
baseline,400ns_200ns,96200000.0,-0.2180980834625467,2.166750427984096,0.001082345497797467
baseline,400ns_200ns,96500000.0,-0.20454382055319162,2.175681017787759,0.0010661927660167876
baseline,400ns_200ns,96800000.0,-0.19083314647239014,2.1845834392549652,0.0010775128771701357
baseline,400ns_200ns,97100000.0,-0.17693912656173413,2.1934227730913207,0.0011012472512949055
baseline,400ns_200ns,97400000.0,-0.16286593812334424,2.2021567617539004,0.0011184935946274629
baseline,400ns_200ns,97700000.0,-0.14864440415699348,2.21075908730674,0.0011175131521500596
baseline,400ns_200ns,98000000.0,-0.13431299124520613,2.219232851658236,0.0010988230145801293
baseline,400ns_200ns,98300000.0,-0.11989506042825442,2.227607149818478,0.001074532508968089
baseline,400ns_200ns,98600000.0,-0.10538496753935074,2.235918953065429,0.001062322266285953
baseline,400ns_200ns,98900000.0,-0.09075057990884614,2.2441904731638282,0.0010749191937455638
baseline,400ns_200ns,99200000.0,-0.07595074116895094,2.252414502506116,0.0011110244608030942
baseline,400ns_200ns,99500000.0,-0.06095810934114977,2.2605557625585204,0.0011558849237406472
baseline,400ns_200ns,99800000.0,-0.04577496476615817,2.268567556682093,0.0011904751896169767
baseline,400ns_200ns,100100000.0,-0.030433472875808384,2.2764147797213625,0.0012008664531942494
baseline,400ns_200ns,100400000.0,-0.014980299205998885,2.2840910076796694,0.0011832413851363497
baseline,400ns_200ns,100700000.0,0.000546174524254735,2.291620686210051,0.0011447910361030047
baseline,400ns_200ns,101000000.0,0.016133968990553554,2.2990454837201657,0.0011011139443448538
baseline,400ns_200ns,101300000.0,0.03180158310353,2.3064022853544426,0.0010698097061737737
baseline,400ns_200ns,101600000.0,0.04758628610926772,2.3137045718853626,0.0010613891958338008
baseline,400ns_200ns,101900000.0,0.06352329415449019,2.3209368471043637,0.0010731355510676405
baseline,400ns_200ns,102200000.0,0.0796271675650972,2.328064584989011,0.0010918287914746187
baseline,400ns_200ns,102500000.0,0.09588526744734664,2.3350538164457255,0.0011028729458501826
baseline,400ns_200ns,102800000.0,0.11226637411639481,2.3418894643656083,0.0010984053322555276
baseline,400ns_200ns,103100000.0,0.12873931545782044,2.3485824874072043,0.0010807431533537827
baseline,400ns_200ns,103400000.0,0.1452911464009693,2.3551621791718844,0.0010610843522299122
baseline,400ns_200ns,103700000.0,0.1619348613269813,2.361658107587676,0.0010537422792735993
baseline,400ns_200ns,104000000.0,0.17870246970589812,2.368081753421822,0.0010674713217985383
baseline,400ns_200ns,104300000.0,0.19562727950376366,2.3744179565429215,0.0010992847974033856
baseline,400ns_200ns,104600000.0,0.21272506048931725,2.380630864563168,0.001136151291609297
baseline,400ns_200ns,104900000.0,0.22998429524516198,2.386681198854501,0.0011626302660632303
baseline,400ns_200ns,105200000.0,0.24737075883613413,2.392545583209139,0.0011681989574938451
baseline,400ns_200ns,105500000.0,0.26484394800308525,2.3982276558565614,0.0011510823409321435
baseline,400ns_200ns,105800000.0,0.28237659147064914,2.403755180958737,0.0011185800168133986
baseline,400ns_200ns,106100000.0,0.29996696343279616,2.4091648961271757,0.0010842038705080343
baseline,400ns_200ns,106400000.0,0.3176377229898954,2.414483301541744,0.001061716702481727
baseline,400ns_200ns,106700000.0,0.3354222773391874,2.419713569866273,0.0010579034430641713
baseline,400ns_200ns,107000000.0,0.3533462634692432,2.4248352594850915,0.0010688804167028304
baseline,400ns_200ns,107300000.0,0.3714141430062488,2.429816521481783,0.0010833634644777175
baseline,400ns_200ns,107600000.0,0.3896079026271064,2.4346318170665087,0.0010900453337784703
baseline,400ns_200ns,107900000.0,0.40789816328731804,2.439275380757552,0.0010837169405200555
baseline,400ns_200ns,108200000.0,0.42626128918818035,2.4437631952419956,0.001067607683340238
baseline,400ns_200ns,108500000.0,0.4446929628706111,2.4481226268301075,0.0010517398940897973
baseline,400ns_200ns,108800000.0,0.46321077525946824,2.452375600389076,0.0010476492040115495
baseline,400ns_200ns,109100000.0,0.48184445978840035,2.4565246368782168,0.0010613566669866316
baseline,400ns_200ns,109400000.0,0.5006191374843352,2.460549429778855,0.0010891559647320255
baseline,400ns_200ns,109700000.0,0.5195406938622882,2.4644158616229546,0.0011197229885730215
baseline,400ns_200ns,110000000.0,0.5385911988408155,2.468092627345545,0.0011404506370520176
baseline,400ns_200ns,110300000.0,0.5577368270639057,2.4715665740592705,0.001143296194257474
baseline,400ns_200ns,110600000.0,0.5769440275591609,2.474848630156281,0.0011277475061865273
baseline,400ns_200ns,110900000.0,0.596195346691059,2.4779673019376403,0.001100749397953277
baseline,400ns_200ns,111200000.0,0.6154966206636835,2.480953361656637,0.001073796558036818
baseline,400ns_200ns,111500000.0,0.634871982396477,2.4838239531624224,0.0010576205997915682
baseline,400ns_200ns,111800000.0,0.6543496669477037,2.486574470517826,0.0010565498292137154
baseline,400ns_200ns,112100000.0,0.6739464166412074,2.4891822305991607,0.0010663721869712147
baseline,400ns_200ns,112400000.0,0.693658832553,2.491619566169532,0.001077584780630142
baseline,400ns_200ns,112700000.0,0.713466079927913,2.493868978558299,0.001081365637234193
baseline,400ns_200ns,113000000.0,0.7333421297133205,2.4959320605160307,0.0010742980037093896
baseline,400ns_200ns,113300000.0,0.7532705954572247,2.497827455340852,0.0010599632165325021
baseline,400ns_200ns,113600000.0,0.7732539428874113,2.499579165292439,0.0010471620970937058
baseline,400ns_200ns,113900000.0,0.7933120355681464,2.5012017605481547,0.001045220309069197
baseline,400ns_200ns,114200000.0,0.8134708464011033,2.5026906574980496,0.0010583257315238022
baseline,400ns_200ns,114500000.0,0.8337475084514006,2.5040228125680017,0.0010826208574150366
baseline,400ns_200ns,114800000.0,0.8541398260224204,2.5051674979478094,0.0011083537450565083
baseline,400ns_200ns,115100000.0,0.8746259140821282,2.506101385997326,0.0011251455121978637
baseline,400ns_200ns,115400000.0,0.8951741583186364,2.5068198933437813,0.0011267427081272288
baseline,400ns_200ns,115700000.0,0.9157581717643162,2.5073388047297374,0.001113352955233266
baseline,400ns_200ns,116000000.0,0.9363688280410241,2.507685440335835,0.0010913191461109498
baseline,400ns_200ns,116300000.0,0.9570171250247337,2.5078841914086794,0.001070322907308779
baseline,400ns_200ns,116600000.0,0.9777266135733871,2.5079441435655143,0.0010587715376485494
baseline,400ns_200ns,116900000.0,0.9985196922340185,2.507855228514251,0.0010594148023498145
baseline,400ns_200ns,117200000.0,1.0194052286759279,2.507594649651614,0.0010681524723054772
baseline,400ns_200ns,117500000.0,1.0403740706841995,2.507139792633373,0.0010770225318620559
baseline,400ns_200ns,117800000.0,1.0614046085885178,2.5064804436762653,0.0010790678744632314
baseline,400ns_200ns,118100000.0,1.0824750743657825,2.5056236785899846,0.0010720604373609243
baseline,400ns_200ns,118400000.0,1.1035756759410664,2.504588895495607,0.0010595949966103403
baseline,400ns_200ns,118700000.0,1.124713869468169,2.5033958704665604,0.0010493218584070353
baseline,400ns_200ns,119000000.0,1.1459098982686675,2.5020524823986188,0.001048848371093468
baseline,400ns_200ns,119300000.0,1.167185057768363,2.5005488728868945,0.001061163033891356
baseline,400ns_200ns,119600000.0,1.1885490849173082,2.4988612640974135,0.0010825759827270281
baseline,400ns_200ns,119900000.0,1.2099935122571381,2.496963410100442,0.001104727828949684
baseline,400ns_200ns,120200000.0,1.2314945767996064,2.494839552902725,0.0011189882189807916
baseline,400ns_200ns,120500000.0,1.2530241266735416,2.492491987411555,0.0011203841240593833
baseline,400ns_200ns,120800000.0,1.2745627138970888,2.4899392794002186,0.0011094787365446442
baseline,400ns_200ns,121100000.0,1.2961079709428651,2.4872062000749953,0.0010919112751470446
baseline,400ns_200ns,121400000.0,1.3176739818730558,2.484310819477764,0.0010758039490695846
baseline,400ns_200ns,121700000.0,1.3392822196000782,2.4812556022055747,0.001067811481123879
baseline,400ns_200ns,122000000.0,1.3609490890430298,2.4780270696978612,0.0010696913006980307
baseline,400ns_200ns,122300000.0,1.382676803246355,2.474603916874042,0.0010776639008167812
baseline,400ns_200ns,122600000.0,1.4044523686116612,2.470968947089807,0.0010850565900349313
baseline,400ns_200ns,122900000.0,1.4262549770625765,2.4671182452025073,0.0010863063335940064
baseline,400ns_200ns,123200000.0,1.4480675488306598,2.463062645525436,0.0010799571297601474
baseline,400ns_200ns,123500000.0,1.4698859933464008,2.4588208289777094,0.0010694272695168587
baseline,400ns_200ns,123800000.0,1.491721093467626,2.4544079543687825,0.0010613406124780082
baseline,400ns_200ns,124100000.0,1.5135919967280693,2.4498261221475937,0.001061984827945856
baseline,400ns_200ns,124400000.0,1.5355148778863716,2.4450619230999924,0.0010735815683320879
baseline,400ns_200ns,124700000.0,1.557492941744187,2.4400924476222645,0.0010927713043746552
baseline,400ns_200ns,125000000.0,1.5795131834636826,2.4348965481662947,0.0011124009846296553
baseline,400ns_200ns,125300000.0,1.6015516600739093,2.4294653352587834,0.0011252154667151008
baseline,400ns_200ns,125600000.0,1.623584457018213,2.423806337933204,0.001127156158045075
baseline,400ns_200ns,125900000.0,1.6455985238038646,2.4179391903107637,0.0011189116000854514
baseline,400ns_200ns,126200000.0,1.6675966979170442,2.411885237508935,0.0011054077207514302
baseline,400ns_200ns,126500000.0,1.6895944145409298,2.405656641090834,0.0010934608497372655
baseline,400ns_200ns,126800000.0,1.7116100628041986,2.399250718755114,0.0010884115817222895
baseline,400ns_200ns,127100000.0,1.7336542849175887,2.3926523396568316,0.0010914029480273567
baseline,400ns_200ns,127400000.0,1.7557239521928145,2.3858428281894466,0.0010990524726836681
baseline,400ns_200ns,127700000.0,1.7778039050451966,2.3788103746239675,0.0011057457333147726
baseline,400ns_200ns,128000000.0,1.799875286865366,2.371556252141384,0.0011069630827856781
baseline,400ns_200ns,128300000.0,1.8219257517204186,2.3640935275999757,0.001101741055555037
baseline,400ns_200ns,128600000.0,1.8439558852244609,2.3564390926768084,0.0010932296846994944
baseline,400ns_200ns,128900000.0,1.865978315509666,2.3486034739915227,0.0010871659050176766
baseline,400ns_200ns,129200000.0,1.8880100108619435,2.3405840518973724,0.0010888251301678692
baseline,400ns_200ns,129500000.0,1.910061968171991,2.3323654270225114,0.0010999448447971477
baseline,400ns_200ns,129800000.0,1.9321318947665524,2.3239267782618787,0.0011175594975024103
baseline,400ns_200ns,130100000.0,1.9542038477956405,2.3152522791475025,0.0011355467382778792
baseline,400ns_200ns,130400000.0,1.9762550367528755,2.3063390141894016,0.0011477421819447982
baseline,400ns_200ns,130700000.0,1.9982661619045876,2.2971982125196115,0.0011507483976889905
baseline,400ns_200ns,131000000.0,2.0202298142668482,2.2878492180237777,0.0011452483113520838
baseline,400ns_200ns,131300000.0,2.042152567208893,2.278309481899584,0.0011354997780557367
baseline,400ns_200ns,131600000.0,2.0640498132234364,2.268585918132935,0.001127241921436215
baseline,400ns_200ns,131900000.0,2.0859362727300703,2.25867212972216,0.001124824120375841
baseline,400ns_200ns,132200000.0,2.1078173410978667,2.248552784565851,0.001129007928751531
baseline,400ns_200ns,132500000.0,2.129685869826731,2.2382125656462972,0.0011368098285557478
baseline,400ns_200ns,132800000.0,2.151525949904665,2.2276447210798853,0.0011434748289739889
baseline,400ns_200ns,133100000.0,2.1733214479773126,2.216854562774665,0.0011452714852637996
baseline,400ns_200ns,133400000.0,2.1950645075586492,2.205856091228765,0.0011415501187551067
baseline,400ns_200ns,133700000.0,2.216759317974015,2.1946636957188828,0.0011351644054091164
baseline,400ns_200ns,134000000.0,2.238419087664211,2.183283544850212,0.0011310991485434184
baseline,400ns_200ns,134300000.0,2.260057880790464,2.171709416900792,0.0011338445398332223
baseline,400ns_200ns,134600000.0,2.2816817637584723,2.1599252802677795,0.0011448265109944883
baseline,400ns_200ns,134900000.0,2.303284067315195,2.1479132668689003,0.0011614736493589177
baseline,400ns_200ns,135200000.0,2.3248473329690515,2.1356627763115688,0.0011785353747367651
baseline,400ns_200ns,135500000.0,2.346350912179683,2.1231758622297754,0.0011907256659425551
baseline,400ns_200ns,135800000.0,2.367780174456366,2.1104660741057386,0.0011951423591215805
baseline,400ns_200ns,136100000.0,2.3891324673537135,2.0975514416028913,0.0011924033545938177
baseline,400ns_200ns,136400000.0,2.410416766147458,2.0844453896851736,0.0011861730806214112
baseline,400ns_200ns,136700000.0,2.431647356032552,2.071150403931975,0.001181307580309486
baseline,400ns_200ns,137000000.0,2.452835055838327,2.0576577032731787,0.0011813947262755324
baseline,400ns_200ns,137300000.0,2.473980724597013,2.043952899136117,0.0011869488348311022
baseline,400ns_200ns,137600000.0,2.495074459282944,2.030024412638306,0.001195347781657226
baseline,400ns_200ns,137900000.0,2.516100750559218,2.0158700079698497,0.0012025315961280687
baseline,400ns_200ns,138200000.0,2.5370466324248624,2.001497913580011,0.0012053761538490706
baseline,400ns_200ns,138500000.0,2.557908284009925,1.986922005380359,0.0012034392235609553
baseline,400ns_200ns,138800000.0,2.578692445488812,1.9721537711270016,0.001199289135052981
baseline,400ns_200ns,139100000.0,2.5994118746733963,1.9571955069642148,0.0011972789419192674
baseline,400ns_200ns,139400000.0,2.6200773252624425,1.942038498579134,0.0012012753481114497
baseline,400ns_200ns,139700000.0,2.6406904100105724,1.9266672150117021,0.0012124879896166568
baseline,400ns_200ns,140000000.0,2.6612412208826375,1.9110672846430656,0.0012287013076696222
baseline,400ns_200ns,140300000.0,2.6817120027998778,1.8952329924652365,0.0012453959417761606
baseline,400ns_200ns,140600000.0,2.702084926128645,1.8791703159579904,0.0012580077227371076
baseline,400ns_200ns,140900000.0,2.722349831266823,1.8628939292757896,0.0012640280703665472
baseline,400ns_200ns,141200000.0,2.742507880617686,1.8464198318245917,0.0012639985239542816
baseline,400ns_200ns,141500000.0,2.7625692880235713,1.8297575562357045,0.001261076855071882
baseline,400ns_200ns,141800000.0,2.7825464757055007,1.8129060614235677,0.001259395075094966
baseline,400ns_200ns,142100000.0,2.802446414646887,1.7958553684809648,0.0012619393946024578
baseline,400ns_200ns,142400000.0,2.822266256342484,1.7785928824522128,0.001269047821333965
baseline,400ns_200ns,142700000.0,2.8419945040492722,1.7611108511535059,0.0012784049681745522
baseline,400ns_200ns,143000000.0,2.86161693420977,1.7434108741268317,0.001286513813408873
baseline,400ns_200ns,143300000.0,2.8811239172337633,1.7255030513166068,0.001290732162615823
baseline,400ns_200ns,143600000.0,2.9005150760903846,1.7074003164837233,0.001290767996645586
baseline,400ns_200ns,143900000.0,2.9197987202959474,1.6891111220912403,0.0012889364833511827
baseline,400ns_200ns,144200000.0,2.9389863648433807,1.6706345181684454,0.0012890615749818278
baseline,400ns_200ns,144500000.0,2.958085321158794,1.6519603440654245,0.001294499245537412
baseline,400ns_200ns,144800000.0,2.977093386179573,1.6330744670273754,0.001306287844296034
baseline,400ns_200ns,145100000.0,2.9959985118057784,1.6139662726834976,0.0013225096064825017
baseline,400ns_200ns,145400000.0,3.01478364825438,1.5946344102278003,0.0013392538145626338
baseline,400ns_200ns,145700000.0,3.0334341841254813,1.5750877512328574,0.0013525621540277373
baseline,400ns_200ns,146000000.0,3.051944043754017,1.555341098875439,0.0013602607292052002
baseline,400ns_200ns,146300000.0,3.0703172642976013,1.5354079810825114,0.0013628312557582114
baseline,400ns_200ns,146600000.0,3.0885643261423623,1.5152943731706408,0.001363011709018834
baseline,400ns_200ns,146900000.0,3.1066953132442463,1.4949966286399792,0.001364337563580179
baseline,400ns_200ns,147200000.0,3.124713625841758,1.4745045842210178,0.0013693039689769329
baseline,400ns_200ns,147500000.0,3.142613589616139,1.4538080143728558,0.001378106275857727
baseline,400ns_200ns,147800000.0,3.1603831362448918,1.432902848638994,0.0013886783191523798
baseline,400ns_200ns,148100000.0,3.1780099643861552,1.4117937657995843,0.001397982299353867
baseline,400ns_200ns,148400000.0,3.195487726820039,1.3904918055472653,0.0014037718764767302
baseline,400ns_200ns,148700000.0,3.2128188221658527,1.369008373010786,0.0014058782145185073
baseline,400ns_200ns,149000000.0,3.230012256843133,1.3473489678540462,0.0014064035769602466
baseline,400ns_200ns,149300000.0,3.2470777434771083,1.3255100995986213,0.0014087276160587951
baseline,400ns_200ns,149600000.0,3.2640192477893533,1.3034811034120886,0.001415774356113036
baseline,400ns_200ns,149900000.0,3.280831488690887,1.2812499082118558,0.0014284275401737162
baseline,400ns_200ns,150200000.0,3.2975012944671054,1.2588096768021526,0.0014450041359032092
baseline,400ns_200ns,150500000.0,3.314013102756386,1.236162779969714,0.0014620973991092364
baseline,400ns_200ns,150800000.0,3.3303556808424872,1.2133200130912736,0.0014762668755721959
baseline,400ns_200ns,151100000.0,3.3465265200302388,1.1902955174917655,0.001485639226886475
baseline,400ns_200ns,151400000.0,3.362531640184812,1.1671001457819765,0.001490664412997137
baseline,400ns_200ns,151700000.0,3.378381016494315,1.1437367919781558,0.0014937394781872554
baseline,400ns_200ns,152000000.0,3.394082165882483,1.12020009349606,0.0014979042758588867
baseline,400ns_200ns,152300000.0,3.409635358922432,1.096480527193155,0.0015052409583414781
baseline,400ns_200ns,152600000.0,3.4250329757314093,1.0725705650890174,0.0015158170375304668
baseline,400ns_200ns,152900000.0,3.4402632378436673,1.0484694944905755,0.0015277638045664839
baseline,400ns_200ns,153200000.0,3.4553161730930135,1.0241842950172393,0.0015384226301299365
baseline,400ns_200ns,153500000.0,3.470188489293541,0.9997261513788254,0.0015458830252340946
baseline,400ns_200ns,153800000.0,3.4848846675222687,0.9751045672157919,0.0015500879399266358
baseline,400ns_200ns,154100000.0,3.4994136724927705,0.9503223398845564,0.001552965895314239
baseline,400ns_200ns,154400000.0,3.513783072180049,0.9253741707971301,0.0015575203577703847
baseline,400ns_200ns,154700000.0,3.5279937642914176,0.900249700750224,0.001566299935097639
baseline,400ns_200ns,155000000.0,3.5420381735558015,0.8749393607185453,0.0015800377789911891
baseline,400ns_200ns,155300000.0,3.5559029068130066,0.8494399138137864,0.0015972277444116743
baseline,400ns_200ns,155600000.0,3.5695744578984785,0.8237567416259024,0.0016148801910977346
baseline,400ns_200ns,155900000.0,3.5830449350020905,0.7979016863513484,0.0016300034687405183
baseline,400ns_200ns,156200000.0,3.596314801900986,0.771887637814158,0.001641002237510172
baseline,400ns_200ns,156500000.0,3.6093912529502448,0.7457227679970527,0.0016483227463860465
baseline,400ns_200ns,156800000.0,3.6222831863832243,0.719407453299341,0.001654087330754486
baseline,400ns_200ns,157100000.0,3.634995533445879,0.6929354329745474,0.0016609195974030917
baseline,400ns_200ns,157400000.0,3.647525986709902,0.666298454507345,0.0016705465608683747
baseline,400ns_200ns,157700000.0,3.659865817012431,0.6394917995841092,0.0016829159165707773
baseline,400ns_200ns,158000000.0,3.6720042266307162,0.6125176612556025,0.0016963149315464261
baseline,400ns_200ns,158300000.0,3.683933777009154,0.5853845622963252,0.001708403437755077
baseline,400ns_200ns,158600000.0,3.6956538787297237,0.5581031871521963,0.0017175633484588242
baseline,400ns_200ns,158900000.0,3.7071704204659137,0.530680954547061,0.0017238441109859734
baseline,400ns_200ns,159200000.0,3.7184917354427816,0.5031183306543191,0.001729033644355261
baseline,400ns_200ns,159500000.0,3.7296231008325216,0.4754089229529549,0.0017358130231411304
baseline,400ns_200ns,159800000.0,3.74056275946606,0.44754333644860406,0.0017463983608121808
baseline,400ns_200ns,160100000.0,3.751301626113314,0.4195147380995218,0.0017613734455614886
baseline,400ns_200ns,160400000.0,3.7618268525289893,0.39132315995708544,0.0017793619962224504
baseline,400ns_200ns,160700000.0,3.772127357646392,0.3629762598621948,0.0017977216170772265
baseline,400ns_200ns,161000000.0,3.782198394930385,0.3344861652032352,0.0018138534643967127
baseline,400ns_200ns,161300000.0,3.7920427733153343,0.30586411323438467,0.001826421273654725
baseline,400ns_200ns,161600000.0,3.801668161511752,0.2771157475175137,0.001835889294845072
baseline,400ns_200ns,161900000.0,3.8110819989959865,0.24823953026258389,0.0018441572318957855
baseline,400ns_200ns,162200000.0,3.8202867829409617,0.21922901924157123,0.0018534946297569027
baseline,400ns_200ns,162500000.0,3.829278240601394,0.1900776725956388,0.0018653187181901466
baseline,400ns_200ns,162800000.0,3.838047291577115,0.16078351212835623,0.0018794645995191717
baseline,400ns_200ns,163100000.0,3.8465846367669454,0.131351103155878,0.0018943449433433755
baseline,400ns_200ns,163400000.0,3.8548854019163823,0.10178980873794272,0.001907892224403483
baseline,400ns_200ns,163700000.0,3.8629512661190013,0.07210932127654078,0.0019187472811548155
baseline,400ns_200ns,164000000.0,3.870788901953048,0.042314953409603825,0.0019270613970008951
baseline,400ns_200ns,164300000.0,3.878405574575316,0.012405289049379556,0.001934507027992148
baseline,400ns_200ns,164600000.0,3.8858042934737504,-0.017626497079528968,0.0019434846697169467
baseline,400ns_200ns,164900000.0,3.8929811512004147,-0.04778833603989992,0.0019559123597517095
baseline,400ns_200ns,165200000.0,3.899926299250443,-0.07808427362682246,0.001972227493077553
baseline,400ns_200ns,165500000.0,3.906628052771927,-0.10851145215678629,0.001991148851438694
baseline,400ns_200ns,165800000.0,3.913077944385934,-0.13906065718079125,0.0020103266693633445
baseline,400ns_200ns,166100000.0,3.919274059384539,-0.16972010804235763,0.0020275084833437026
baseline,400ns_200ns,166400000.0,3.925220930237979,-0.2004804498408741,0.002041598248392101
baseline,400ns_200ns,166700000.0,3.93092612393818,-0.23133829707912495,0.0020530916141524892
baseline,400ns_200ns,167000000.0,3.936395413982659,-0.2622964988063509,0.0020637045363823495
baseline,400ns_200ns,167300000.0,3.94162914650741,-0.2933610829938643,0.0020754013811414584
baseline,400ns_200ns,167600000.0,3.9466217151366236,-0.3245366202027756,0.002089327226656865
baseline,400ns_200ns,167900000.0,3.9513643444766786,-0.3558225640844545,0.0021052136522714286
baseline,400ns_200ns,168200000.0,3.955849585347759,-0.3872125509942,0.0021215780407468302
baseline,400ns_200ns,168500000.0,3.960075016574501,-0.4186970010106746,0.0021365909763528404
baseline,400ns_200ns,168800000.0,3.9640441086885914,-0.45026755647356165,0.0021491248288685997
baseline,400ns_200ns,169100000.0,3.9677637704914694,-0.48192090020232203,0.002159426416922898
baseline,400ns_200ns,169400000.0,3.9712399124834397,-0.5136598434495072,0.00216907016361948
baseline,400ns_200ns,169700000.0,3.974473439092028,-0.5454910633045654,0.002180208396128386
baseline,400ns_200ns,170000000.0,3.977458848018814,-0.5774206862558959,0.0021944901795708685
T800,200ns_0ns,20000000.0,-0.1739706953512812,-0.18923406068010953,1.1241756411872112
T800,200ns_0ns,20300000.0,-0.7705605679325894,-0.07430176102349134,1.1270221718288658
T800,200ns_0ns,20600000.0,-1.2668085789133425,0.24407870358973138,1.1303579978355596
T800,200ns_0ns,20900000.0,-1.5977569552339936,0.7126552058173584,1.134057859132032
T800,200ns_0ns,21200000.0,-1.7230741248452988,1.2591237788680658,1.1379344311578365
T800,200ns_0ns,21500000.0,-1.6318967199357772,1.8025923102591799,1.1417641565182859
T800,200ns_0ns,21800000.0,-1.3435002311318924,2.264929541277519,1.1453179986969424
T800,200ns_0ns,22100000.0,-0.9038207150051397,2.5814241955221617,1.1483926290306483
T800,200ns_0ns,22400000.0,-0.3784151281136497,2.709315326839181,1.1508377255046471
T800,200ns_0ns,22700000.0,0.15708172926364983,2.633083506022627,1.1525757869620603
T800,200ns_0ns,23000000.0,0.6276315151892418,2.3658637172183963,1.1536119481718268
T800,200ns_0ns,23300000.0,0.9691066035122982,1.9468871416469244,1.1540325530471234
T800,200ns_0ns,23600000.0,1.1368402194626503,1.4354041758361478,1.153992598468107
T800,200ns_0ns,23900000.0,1.1112849862223828,0.9020108784506549,1.1536935298745836
T800,200ns_0ns,24200000.0,0.900076124484616,0.41863340063385773,1.153354169470743
T800,200ns_0ns,24500000.0,0.5363050565352577,0.04857784512121528,1.1531786488171125
T800,200ns_0ns,24800000.0,0.07333294320904257,-0.16199015099603223,1.1533258948981566
T800,200ns_0ns,25100000.0,-0.4230600834808146,-0.19000049287038967,1.1538852595997906
T800,200ns_0ns,25400000.0,-0.884047850485285,-0.038111400707374544,1.154862140831971
T800,200ns_0ns,25700000.0,-1.247329122273318,0.2662636432211625,1.1561759502693219
T800,200ns_0ns,26000000.0,-1.465576062846734,0.675316940133648,1.15767078984505
T800,200ns_0ns,26300000.0,-1.512624009798605,1.12791769899699,1.1591371249941502
T800,200ns_0ns,26600000.0,-1.3866023552514546,1.5583585409051186,1.1603410328095916
T800,200ns_0ns,26900000.0,-1.1096445272291102,1.9055357454440789,1.161056577980257
T800,200ns_0ns,27200000.0,-0.7242932505675588,2.121289562414395,1.1610966365987057
T800,200ns_0ns,27500000.0,-0.28716906072244297,2.1767743721944126,1.1603379571221524
T800,200ns_0ns,27800000.0,0.1391659090971512,2.066024007548606,1.1587372172026376
T800,200ns_0ns,28100000.0,0.4949885995050324,1.8062813961438493,1.156336092490288
T800,200ns_0ns,28400000.0,0.7316158918237015,1.4351161717414573,1.1532547391612213
T800,200ns_0ns,28700000.0,0.8179070243887144,1.0047956106853178,1.1496745060465132
T800,200ns_0ns,29000000.0,0.7442061457306889,0.5747428054331296,1.1458120585665899
T800,200ns_0ns,29300000.0,0.5232340189163929,0.20316226908584079,1.141888311311773
T800,200ns_0ns,29600000.0,0.18786833296889108,-0.060994186622437996,1.1380964647968643
T800,200ns_0ns,29900000.0,-0.2138178233199593,-0.1846190969886285,1.1345738132454526
T800,200ns_0ns,30200000.0,-0.6255191338106857,-0.15471728669589238,1.1313816439679492
T800,200ns_0ns,30500000.0,-0.9906613107312524,0.020193150235909854,1.1284964172008438
T800,200ns_0ns,30800000.0,-1.2602445912440208,0.3116839035609611,1.1258136341860443
T800,200ns_0ns,31100000.0,-1.399485960026522,0.6757434063831215,1.1231637132345877
T800,200ns_0ns,31400000.0,-1.39236524736947,1.0591770068405562,1.120337250599439
T800,200ns_0ns,31700000.0,-1.2434867404390975,1.4071558603715186,1.1171156510785742
T800,200ns_0ns,32000000.0,-0.9770497937041036,1.6708489183082993,1.1133024994062513
T800,200ns_0ns,32300000.0,-0.6331251224907977,1.8140808957095764,1.108751211914628
T800,200ns_0ns,32600000.0,-0.261802052303892,1.8181133159223963,1.1033852930234798
T800,200ns_0ns,32900000.0,0.08394420062643577,1.6839217292402968,1.0972086903699134
T800,200ns_0ns,33200000.0,0.3556547206595467,1.4316997248261913,1.0903050880879632
T800,200ns_0ns,33500000.0,0.5160290834555245,1.0977086245469712,1.0828263586583826
T800,200ns_0ns,33800000.0,0.5439016244334614,0.728956653011109,1.0749717231676308
T800,200ns_0ns,34100000.0,0.4368923746759575,0.3764829794807147,1.066960371237468
T800,200ns_0ns,34400000.0,0.21140654852298718,0.08820136059604293,1.0590012537819256
T800,200ns_0ns,34700000.0,-0.09997097507939792,-0.09769763028176691,1.0512643217233055
T800,200ns_0ns,35000000.0,-0.45328003564934116,-0.1578814060403344,1.0438574615350749
T800,200ns_0ns,35300000.0,-0.7994849163700596,-0.086860848258214,1.0368126540057117
T800,200ns_0ns,35600000.0,-1.0913708548056982,0.10255064269951196,1.0300834858634471
T800,200ns_0ns,35900000.0,-1.2900713241607853,0.3813254504892333,1.0235543005464112
T800,200ns_0ns,36200000.0,-1.370327384813734,0.708525187845376,1.0170593652629163
T800,200ns_0ns,36500000.0,-1.323770960372438,1.0371857664337452,1.0104088706321281
T800,200ns_0ns,36800000.0,-1.1598093191628196,1.3209419010722798,1.0034176703044346
T800,200ns_0ns,37100000.0,-0.9040273257596839,1.5204601687815502,0.995932514620019
T800,200ns_0ns,37400000.0,-0.5943693701363088,1.608791368026495,0.9878540423947626
T800,200ns_0ns,37700000.0,-0.27566641182806406,1.5749170166371909,0.9791507600126429
T800,200ns_0ns,38000000.0,0.006706040849133734,1.4250267365782805,0.9698634323476144
T800,200ns_0ns,38300000.0,0.21314514878645027,1.1813852109824292,0.9600995630449041
T800,200ns_0ns,38600000.0,0.31523677410794915,0.8789838626339066,0.9500188480182457
T800,200ns_0ns,38900000.0,0.2995325892905485,0.5604765876060762,0.9398115826781576
T800,200ns_0ns,39200000.0,0.16918926886986038,0.2701291620973411,0.9296729237108465
T800,200ns_0ns,39500000.0,-0.05672498653877969,0.047637564264862285,0.9197765463178593
T800,200ns_0ns,39800000.0,-0.3461247336412686,-0.07732439433912912,0.9102514576943441
T800,200ns_0ns,40100000.0,-0.6585671231955423,-0.08908194863877711,0.9011653961930403
T800,200ns_0ns,40400000.0,-0.9510035473926931,0.012069435562553252,0.8925173162114132
T800,200ns_0ns,40700000.0,-1.1838078557348706,0.21014249047420294,0.8842400343756538
T800,200ns_0ns,41000000.0,-1.3262395671671559,0.4759142162029325,0.876212455786199
T800,200ns_0ns,41300000.0,-1.3605913083987224,0.771186348706142,0.8682792638580006
T800,200ns_0ns,41600000.0,-1.2844633510131387,1.0542318858305861,0.8602748680370409
T800,200ns_0ns,41900000.0,-1.110876268623966,1.2856535806473044,0.8520479451256819
T800,200ns_0ns,42200000.0,-0.8662371364346353,1.4338342241597994,0.8434830845784452
T800,200ns_0ns,42500000.0,-0.586472614677589,1.4792269464357755,0.8345167139872174
T800,200ns_0ns,42800000.0,-0.31189246146657756,1.4169055584403725,0.8251454360152052
T800,200ns_0ns,43100000.0,-0.08151546901235986,1.2570448516277317,0.8154259699353487
T800,200ns_0ns,43400000.0,0.07234572152039644,1.023293007113926,0.8054669378336896
T800,200ns_0ns,43700000.0,0.128491501408479,0.7492917025442335,0.7954137016443068
T800,200ns_0ns,44000000.0,0.07963490753138995,0.4738534023607152,0.7854282991391672
T800,200ns_0ns,44300000.0,-0.06677340358296041,0.23548497574992477,0.7756671854467646
T800,200ns_0ns,44600000.0,-0.2897827154428252,0.06702827463213933,0.7662598666492384
T800,200ns_0ns,44900000.0,-0.5580423267375677,-0.008838367456997027,0.7572914977479643
T800,200ns_0ns,45200000.0,-0.8343078633183534,0.017376566624886215,0.7487920223521625
T800,200ns_0ns,45500000.0,-1.080708104506916,0.14083065800683442,0.7407334631325275
T800,200ns_0ns,45800000.0,-1.2640293999895833,0.3432113804728514,0.7330356722885657
T800,200ns_0ns,46100000.0,-1.3602820836448364,0.5954642130267845,0.725579479028484
T800,200ns_0ns,46400000.0,-1.3579227691470273,0.8619810014519758,0.7182250231763171
T800,200ns_0ns,46700000.0,-1.2593015047641867,1.1056466700546375,0.7108323708213187
T800,200ns_0ns,47000000.0,-1.0801552619483121,1.2930307513529866,0.7032813598178601
T800,200ns_0ns,47300000.0,-0.8472433135694104,1.3989992057713703,0.6954879634794605
T800,200ns_0ns,47600000.0,-0.5944773600186779,1.410111892422908,0.6874151396557869
T800,200ns_0ns,47900000.0,-0.35810423709574263,1.3263480567795294,0.6790769797886145
T800,200ns_0ns,48200000.0,-0.17162385601398578,1.1609406235946884,0.6705358554645439
T800,200ns_0ns,48500000.0,-0.061153334154214194,0.9383660139150759,0.6618931000633879
T800,200ns_0ns,48800000.0,-0.041877338418030076,0.6907923319677153,0.653274520408414
T800,200ns_0ns,49100000.0,-0.11606556876887958,0.4534996018840321,0.6448126732291075
T800,200ns_0ns,49400000.0,-0.2729142608398854,0.2599225156023039,0.6366283056232677
T800,200ns_0ns,49700000.0,-0.4902115314172814,0.137010764299885,0.6288135590641616
T800,200ns_0ns,50000000.0,-0.7375724782136915,0.10154937956658608,0.6214193785639008
T800,200ns_0ns,50300000.0,-0.9807744527295531,0.15794010144028073,0.6144490022214187
T800,200ns_0ns,50600000.0,-1.1865753658905893,0.2977353510401069,0.6078584768510765
T800,200ns_0ns,50900000.0,-1.3273379780068575,0.5009688605211181,0.601564012175371
T800,200ns_0ns,51200000.0,-1.384818163977416,0.73907628867297,0.5954548871694606
T800,200ns_0ns,51500000.0,-1.3525991388834009,0.9789801476320606,0.58940979419434
T800,200ns_0ns,51800000.0,-1.2368482844028201,1.1877561859203414,0.5833141016717551
T800,200ns_0ns,52100000.0,-1.055310623875972,1.3372241679647294,0.5770755597119662
T800,200ns_0ns,52400000.0,-0.8346996203644755,1.4078241269666139,0.570636380454895
T800,200ns_0ns,52700000.0,-0.6068673876363051,1.3912460599787222,0.5639802568702287
T800,200ns_0ns,53000000.0,-0.4043020794891884,1.291460788278869,0.5571336072521401
T800,200ns_0ns,53300000.0,-0.2555877310682328,1.1240264728858544,0.5501610557993117
T800,200ns_0ns,53600000.0,-0.1814598694901681,0.9137869554345791,0.5431558344286723
T800,200ns_0ns,53900000.0,-0.19200006892437887,0.691300875232433,0.5362263912151656
T800,200ns_0ns,54200000.0,-0.2853478339313469,0.48851358891147956,0.5294809832933614
T800,200ns_0ns,54500000.0,-0.44809252961544144,0.3342837444697666,0.5230123568911816
T800,200ns_0ns,54800000.0,-0.6572721312136429,0.2503898470334496,0.5168846918041173
T800,200ns_0ns,55100000.0,-0.8836824188267776,0.24856837163309944,0.5111247373452557
T800,200ns_0ns,55400000.0,-1.0960208313049513,0.3289851590476232,0.5057184718020471
T800,200ns_0ns,55700000.0,-1.2652780279212228,0.4803376679568638,0.5006137504715273
T800,200ns_0ns,56000000.0,-1.3687620317456464,0.6815561750009683,0.49572843421566254
T800,200ns_0ns,56300000.0,-1.3931976751575685,0.9048494514162193,0.49096262265485713
T800,200ns_0ns,56600000.0,-1.3364789560011066,1.1196557296599816,0.486213036008573
T800,200ns_0ns,56900000.0,-1.207844230246386,1.2969382349995782,0.48138738831413436
T800,200ns_0ns,57200000.0,-1.0264665115641858,1.4132224580826835,0.4764167548199507
T800,200ns_0ns,57500000.0,-0.8186722247728917,1.4538147126800545,0.47126436181351294
T800,200ns_0ns,57800000.0,-0.6141907783152718,1.4147615684721486,0.46592979700563636
T800,200ns_0ns,58100000.0,-0.4419682769857346,1.3032899335631076,0.46044825230740455
T800,200ns_0ns,58400000.0,-0.3261339441036613,1.1366821518100783,0.4548850076712491
T800,200ns_0ns,58700000.0,-0.28268044506894346,0.9397592153324323,0.44932591597055654
T800,200ns_0ns,59000000.0,-0.3173139665800435,0.7413375455035398,0.44386513463589067
T800,200ns_0ns,59300000.0,-0.42476208656725795,0.5701642268377414,0.4385917342816999
T800,200ns_0ns,59600000.0,-0.5896211961108316,0.4509031916240811,0.433577035801131
T800,200ns_0ns,59900000.0,-0.7886096483723113,0.4007319513680406,0.4288645089361109
T800,200ns_0ns,60200000.0,-0.9938980571228664,0.4270176637373092,0.42446375081112203
T800,200ns_0ns,60500000.0,-1.1770411896767312,0.5263860508713801,0.42034945842526283
T800,200ns_0ns,60800000.0,-1.3129567100673039,0.6852992368220406,0.4164655079103798
T800,200ns_0ns,61100000.0,-1.383394995856138,0.8820468956216493,0.4127334212042525
T800,200ns_0ns,61400000.0,-1.3794207479692304,1.0898588512196987,0.40906382174843287
T800,200ns_0ns,61700000.0,-1.3025697090544366,1.2806936589033453,0.4053690905148744
T800,200ns_0ns,62000000.0,-1.164531971479098,1.4291677277039903,0.40157537641974916
T800,200ns_0ns,62300000.0,-0.9854204079933038,1.5160751414102576,0.39763234551817367
T800,200ns_0ns,62600000.0,-0.7908796385826855,1.5310107784415308,0.3935194738849789
T800,200ns_0ns,62900000.0,-0.6084502966047257,1.4737391685575572,0.389248198030577
T800,200ns_0ns,63200000.0,-0.4637033116445432,1.3541300019663811,0.3848597605694193
T800,200ns_0ns,63500000.0,-0.37668611164657334,1.1906829658091445,0.38041908951188685
T800,200ns_0ns,63800000.0,-0.35917396269325047,1.0078612608758157,0.37600551025776674
T800,200ns_0ns,64100000.0,-0.4131026201178536,0.8326173612859906,0.37170149151412546
T800,200ns_0ns,64400000.0,-0.530390030549432,0.6906037208922371,0.36758093027988864
T800,200ns_0ns,64700000.0,-0.6941589796967153,0.6026004931164827,0.3636986226307352
T800,200ns_0ns,65000000.0,-0.8811769030067751,0.581657075432331,0.3600824764319757
T800,200ns_0ns,65300000.0,-1.06516086418809,0.6313400274811107,0.35672966020631747
T800,200ns_0ns,65600000.0,-1.220478175169813,0.7453218276462779,0.35360727769974976
T800,200ns_0ns,65900000.0,-1.3257222127574682,0.9083555791715272,0.350657418905513
T800,200ns_0ns,66200000.0,-1.3666651765401958,1.0984868611996788,0.34780572725896874
T800,200ns_0ns,66500000.0,-1.3381810664688703,1.2901825428372313,0.344972096907863
T800,200ns_0ns,66800000.0,-1.2448796342642907,1.4579312497047623,0.3420818692541881
T800,200ns_0ns,67100000.0,-1.1003743944578552,1.579808336159519,0.3390759429161956
T800,200ns_0ns,67400000.0,-0.9252992092119877,1.6405077325948494,0.33591848274189645
T800,200ns_0ns,67700000.0,-0.7443616884986839,1.6334219386001927,0.33260131797032233
T800,200ns_0ns,68000000.0,-0.5828535848768719,1.5614880883857096,0.3291445737623277
T800,200ns_0ns,68300000.0,-0.4631104661393177,1.4366928384280535,0.32559353241967426
T800,200ns_0ns,68600000.0,-0.4014156842939439,1.2783170797092402,0.32201214880350254
T800,200ns_0ns,68900000.0,-0.4057772545376689,1.1101767629571737,0.31847403889299253
T800,200ns_0ns,69200000.0,-0.47488058843057,0.9572540905245083,0.3150521011958993
T800,200ns_0ns,69500000.0,-0.5983531513407792,0.8421950394243805,0.3118081735036604
T800,200ns_0ns,69800000.0,-0.7582926890413564,0.7821637185264722,0.3087842064997385
T800,200ns_0ns,70100000.0,-0.9318345906415624,0.7864899805059538,0.30599628782985266
T800,200ns_0ns,70400000.0,-1.0943907351657216,0.8554321474380692,0.3034324523944072
T800,200ns_0ns,70700000.0,-1.223101520878304,0.9802181812995339,0.3010546147980134
T800,200ns_0ns,71000000.0,-1.3000169071751704,1.14434864630722,0.29880427829801176
T800,200ns_0ns,71300000.0,-1.3145642695242477,1.3259686818565546,0.2966110667994885
T800,200ns_0ns,71600000.0,-1.2649642435621657,1.5009684929751679,0.2944027249545095
T800,200ns_0ns,71900000.0,-1.1584055622407896,1.6463729557408595,0.2921150985678404
T800,200ns_0ns,72200000.0,-1.009964857757972,1.7435442298166741,0.2897007246651912
T800,200ns_0ns,72500000.0,-0.8404328642856403,1.7807513745006152,0.28713495412800805
T800,200ns_0ns,72800000.0,-0.6733599106221605,1.7547531178882354,0.28441891293888044
T800,200ns_0ns,73100000.0,-0.5317400820058679,1.6711807465851818,0.2815790142604581
T800,200ns_0ns,73400000.0,-0.43480045666107237,1.5436774973784055,0.2786631285904554
T800,200ns_0ns,73700000.0,-0.3953433066486503,1.3919249461904386,0.2757338928764431
T800,200ns_0ns,74000000.0,-0.41800821746826444,1.2388413468871111,0.27285998549580787
T800,200ns_0ns,74300000.0,-0.49868954045006925,1.1073502601388485,0.27010648974586
T800,200ns_0ns,74600000.0,-0.6251812307685466,1.0171746268047033,0.26752566476780376
T800,200ns_0ns,74900000.0,-0.7789490180011156,0.9821042033735716,0.26514947247498594
T800,200ns_0ns,75200000.0,-0.9377731167348795,1.0081145162702077,0.26298501544879443
T800,200ns_0ns,75500000.0,-1.0788850832443984,1.0925934543420743,0.2610136155722878
T800,200ns_0ns,75800000.0,-1.1821563712226564,1.2247747707069567,0.25919367112357666
T800,200ns_0ns,76100000.0,-1.2328924357291575,1.3873082951353137,0.25746679991000976
T800,200ns_0ns,76400000.0,-1.2238449024830942,1.5587383418021412,0.25576625571502626
T800,200ns_0ns,76700000.0,-1.1561666699751478,1.716536664197029,0.25402630445625807
T800,200ns_0ns,77000000.0,-1.0391847253070055,1.8402615803185052,0.25219119926597294
T800,200ns_0ns,77300000.0,-0.889031691441038,1.9144006122797765,0.25022256111396884
T800,200ns_0ns,77600000.0,-0.7263363297193149,1.930501677798886,0.2481042744129159
T800,200ns_0ns,77900000.0,-0.5733032071295173,1.888300390509596,0.2458443665963084
T800,200ns_0ns,78200000.0,-0.45059456697832023,1.7956936217891777,0.24347370521838643
T800,200ns_0ns,78500000.0,-0.3744519048925764,1.6675719143313479,0.2410416955126014
T800,200ns_0ns,78800000.0,-0.35445788015526036,1.523682766208549,0.23860949374152343
T800,200ns_0ns,79100000.0,-0.39224660789359095,1.3858309685051768,0.2362415624898391
T800,200ns_0ns,79400000.0,-0.48133544396063466,1.2748125242951265,0.23399665718840884
T800,200ns_0ns,79700000.0,-0.6080932700713406,1.2075129098920474,0.23191949467390527
T800,200ns_0ns,80000000.0,-0.7537012824742548,1.1945742021234766,0.23003434598123793
T800,200ns_0ns,80300000.0,-0.8968246112876859,1.238953011215485,0.2283415661444546
T800,200ns_0ns,80600000.0,-1.0166158303420942,1.3355641932895141,0.22681762823097895
T800,200ns_0ns,80900000.0,-1.0956278501984233,1.4720520468605327,0.22541864616281426
T800,200ns_0ns,81200000.0,-1.1222295081035847,1.630572742068449,0.2240867861074931
T800,200ns_0ns,81500000.0,-1.0921897249016876,1.790331201599012,0.22275851919980608
T800,200ns_0ns,81800000.0,-1.0092148285553444,1.930512061199756,0.2213734482226522
T800,200ns_0ns,82100000.0,-0.8843716105702398,2.0331918919582614,0.2198824586900057
T800,200ns_0ns,82400000.0,-0.7344849876526822,2.0858255205271536,0.21825414617027475
T800,200ns_0ns,82700000.0,-0.579741876544166,2.082961820971188,0.21647877519789321
T800,200ns_0ns,83000000.0,-0.4408422020153046,2.0269546155718583,0.21456936049061945
T800,200ns_0ns,83300000.0,-0.3360988092124969,1.9275765508212912,0.21255978956327123
T800,200ns_0ns,83600000.0,-0.2788922868801247,1.8005978947583574,0.2105002182506583
T800,200ns_0ns,83900000.0,-0.27583414448711274,1.6655365075254511,0.20845027154841977
T800,200ns_0ns,84200000.0,-0.32589018120322044,1.5428996652607005,0.2064708675889131
T800,200ns_0ns,84500000.0,-0.4205797944113081,1.451307185328114,0.20461572291030664
T800,200ns_0ns,84800000.0,-0.5452156725810129,1.4048991207947468,0.20292373399396324
T800,200ns_0ns,85100000.0,-0.681003063579227,1.4113886233201685,0.20141339332680053
T800,200ns_0ns,85400000.0,-0.8076988699694919,1.4710277827923195,0.20008014211867414
T800,200ns_0ns,85700000.0,-0.906454640837336,1.5766246671703463,0.19889710193349347
T800,200ns_0ns,86000000.0,-0.9624444553170423,1.7146017846438302,0.19781905475401598
T800,200ns_0ns,86300000.0,-0.9669115794768189,1.866940595365626,0.19678899506388436
T800,200ns_0ns,86600000.0,-0.9183516355039151,2.0137338523756823,0.19574619055681128
T800,200ns_0ns,86900000.0,-0.8226727691652614,2.135984469564713,0.19463453160586403
T800,200ns_0ns,87200000.0,-0.692317504294846,2.218257639448483,0.1934100158633363
T800,200ns_0ns,87500000.0,-0.5444763186972641,2.250816172208065,0.19204643766641905
T800,200ns_0ns,87800000.0,-0.39864913200984003,2.2309438676192155,0.19053865051715363
T800,200ns_0ns,88100000.0,-0.27390035330874113,2.1632773426186733,0.18890308253373725
T800,200ns_0ns,88400000.0,-0.18619363643318684,2.059106672554584,0.18717548145345958
T800,200ns_0ns,88700000.0,-0.14617870500913765,1.9347497282699213,0.18540614761396207
T800,200ns_0ns,89000000.0,-0.15773683466541982,1.809233961562183,0.18365318965897498
T800,200ns_0ns,89300000.0,-0.21748336841162022,1.7016146920095538,0.18197460493453022
T800,200ns_0ns,89600000.0,-0.3152904133628874,1.628307577753249,0.18042021208443132
T800,200ns_0ns,89900000.0,-0.43574971745501356,1.6008084251600383,0.17902458463850837
T800,200ns_0ns,90200000.0,-0.5603647273713577,1.6241167978261615,0.17780207944342885
T800,200ns_0ns,90500000.0,-0.6701602236243128,1.696079302881164,0.17674477989790308
T800,200ns_0ns,90800000.0,-0.7483415837288296,1.8077383228375834,0.17582370524814794
T800,200ns_0ns,91100000.0,-0.7826312259424918,1.9446307187513254,0.1749930740309217
T800,200ns_0ns,91400000.0,-0.7669574194796205,2.0888484844911823,0.17419689546235975
T800,200ns_0ns,91700000.0,-0.7022634052616595,2.2215679644118405,0.17337682287190204
T800,200ns_0ns,92000000.0,-0.5963293823467732,2.3256906168241804,0.172480095356634
T800,200ns_0ns,92300000.0,-0.4626387397852226,2.388225039621052,0.1714664950172077
T800,200ns_0ns,92600000.0,-0.31845344000883613,2.402078598219133,0.17031348347267464
T800,200ns_0ns,92900000.0,-0.1823730445988339,2.3670117682793306,0.16901897166124713
T800,200ns_0ns,93200000.0,-0.0717223428615782,2.289627067983838,0.1676014659525391
T800,200ns_0ns,93500000.0,-0.00013429385529187122,2.1824003733039943,0.16609760226588535
T800,200ns_0ns,93800000.0,0.024334704462877988,2.0618963601982117,0.1645573356733024
T800,200ns_0ns,94100000.0,0.0002968636999522796,1.9464230740671202,0.1630373093519744
T800,200ns_0ns,94400000.0,-0.0668153899792804,1.853457477972398,0.16159318096080608
T800,200ns_0ns,94700000.0,-0.16555346703609472,1.797203758826823,0.1602719019260345
T800,200ns_0ns,95000000.0,-0.28009370285583896,1.786625287497871,0.1591050596120577
T800,200ns_0ns,95300000.0,-0.3924804804293738,1.8242226792942715,0.15810432929622695
T800,200ns_0ns,95600000.0,-0.4851536210926407,1.9057242635877099,0.15725980044848056
T800,200ns_0ns,95900000.0,-0.543404500195406,2.0207265329390376,0.15654146952908857
T800,200ns_0ns,96200000.0,-0.5574175564446631,2.1541889571324773,0.15590363674333788
T800,200ns_0ns,96500000.0,-0.5236140416749865,2.2885685780175344,0.15529145354048665
T800,200ns_0ns,96800000.0,-0.44511428187301166,2.40629160349215,0.15464856248497927
T800,200ns_0ns,97100000.0,-0.3312592344196373,2.4922139415382034,0.15392469800885636
T800,200ns_0ns,97400000.0,-0.1962641527530278,2.5357263260072527,0.15308224158098052
T800,200ns_0ns,97700000.0,-0.05719818818476456,2.532211561751235,0.15210096782962187
T800,200ns_0ns,98000000.0,0.06842309578606492,2.483653901187566,0.15098049859033
T800,200ns_0ns,98300000.0,0.16509291020350833,2.398320466195097,0.14974024995124793
T800,200ns_0ns,98600000.0,0.2214721487276556,2.2895650022615692,0.148416901049339
T800,200ns_0ns,98900000.0,0.23195161168472161,2.1739267888227483,0.1470596460902175
T800,200ns_0ns,99200000.0,0.19740249092453302,2.0687951317701603,0.14572373027277363
T800,200ns_0ns,99500000.0,0.1250149885127503,1.9899690251847952,0.14446301493889763
T800,200ns_0ns,99800000.0,0.02725318624580558,1.949454244134256,0.14332253211316945
T800,200ns_0ns,100100000.0,-0.07992218418104348,1.9538048266009607,0.14233210482752348
T800,200ns_0ns,100400000.0,-0.1793098576148418,2.0032378503372974,0.14150204909180258
T800,200ns_0ns,100700000.0,-0.25488431355270796,2.0916407897740483,0.14082169231837455
T800,200ns_0ns,101000000.0,-0.2940329812452962,2.2074650793130526,0.1402609725057474
T800,200ns_0ns,101300000.0,-0.28930223092499757,2.3353754939109685,0.13977483426816026
T800,200ns_0ns,101600000.0,-0.23941063191307893,2.458419931839822,0.13930966184653712
T800,200ns_0ns,101900000.0,-0.14939196538209815,2.5604127334532736,0.13881070554136454
T800,200ns_0ns,102200000.0,-0.0298531178937961,2.6281965944003107,0.13822940674310039
T800,200ns_0ns,102500000.0,0.10454402250842089,2.6534671048537413,0.13752966625516028
T800,200ns_0ns,102800000.0,0.23715955498135483,2.6339070351808727,0.13669234590543008
T800,200ns_0ns,103100000.0,0.35171736077160093,2.5734756039141615,0.13571756390578338
T800,200ns_0ns,103400000.0,0.43458227525248794,2.4818171682528747,0.13462459384372924
T800,200ns_0ns,103700000.0,0.4766541775263123,2.3728772631950386,0.13344939849772003
T800,200ns_0ns,104000000.0,0.47461602221282173,2.262924374111504,0.13224004114609197
T800,200ns_0ns,104300000.0,0.43136481238968183,2.168257874247386,0.13105044024241122
T800,200ns_0ns,104600000.0,0.3555698921762405,2.102924873888976,0.12993317026859924
T800,200ns_0ns,104900000.0,0.2604254371910955,2.076765618387783,0.12893222834419837
T800,200ns_0ns,105200000.0,0.16177645342475763,2.094059234797728,0.12807681246862512
T800,200ns_0ns,105500000.0,0.07588428010892787,2.152956014499646,0.1273771105715794
T800,200ns_0ns,105800000.0,0.017146543528353687,2.245771231934833,0.12682283075254752
T800,200ns_0ns,106100000.0,-0.003908910202309296,2.3600944473318486,0.1263847402723121
T800,200ns_0ns,106400000.0,0.01792324683927926,2.480554325184392,0.12601893697954936
T800,200ns_0ns,106700000.0,0.08182670752572976,2.590988125918729,0.1256731056947816
T800,200ns_0ns,107000000.0,0.1811116742571904,2.6767097861217253,0.12529373606321206
T800,200ns_0ns,107300000.0,0.3041847456801576,2.726558424760501,0.12483323626725044
T800,200ns_0ns,107600000.0,0.43620011010921994,2.7344416466904464,0.12425602284638688
T800,200ns_0ns,107900000.0,0.561157000693809,2.700160355487966,0.12354291170699086
T800,200ns_0ns,108200000.0,0.6641471952391491,2.6294035852676654,0.12269339712861954
T800,200ns_0ns,108500000.0,0.7334369857736568,2.532918700196709,0.12172563922067652
T800,200ns_0ns,108800000.0,0.762092976559027,2.4249777502916974,0.12067418170015987
T800,200ns_0ns,109100000.0,0.748926557654445,2.3213586593780495,0.11958561311510284
T800,200ns_0ns,109400000.0,0.6986285514949236,2.2371266489982995,0.11851259169289927
T800,200ns_0ns,109700000.0,0.6210796390634656,2.1845277007815875,0.11750688359473234
T800,200ns_0ns,110000000.0,0.5299376685023819,2.1712884556317906,0.11661228631059754
T800,200ns_0ns,110300000.0,0.4407036549465226,2.1995584183236314,0.11585845321261633
T800,200ns_0ns,110600000.0,0.368540177671674,2.265639100479388,0.11525661437374345
T800,200ns_0ns,110900000.0,0.32614906063760996,2.3605337457307813,0.11479794444433396
T800,200ns_0ns,111200000.0,0.3220052506667626,2.471236185180384,0.11445488023863425
T800,200ns_0ns,111500000.0,0.359192314490805,2.5825743059339112,0.11418514899373321
T800,200ns_0ns,111800000.0,0.4349993963715681,2.6793469456155106,0.11393779106589887
T800,200ns_0ns,112100000.0,0.541331978472899,2.7484533435261773,0.11366017761522935
T800,200ns_0ns,112400000.0,0.6658745363165849,2.7807169411770687,0.11330497774368432
T800,200ns_0ns,112700000.0,0.7938382146605615,2.7721497309299514,0.1128361741955882
T800,200ns_0ns,113000000.0,0.9100456124875367,2.724483059929926,0.11223346957757585
T800,200ns_0ns,113300000.0,1.0010588782376364,2.6448944578741704,0.1114946805477267
T800,200ns_0ns,113600000.0,1.057052815720785,2.5449730288739847,0.1106359390447025
T800,200ns_0ns,113900000.0,1.0731719973365441,2.4390723615843277,0.10968970387413371
T800,200ns_0ns,114200000.0,1.0501845301745654,2.342284902145661,0.10870075759790798
T800,200ns_0ns,114500000.0,0.9943446171341743,2.2683235138133555,0.10772055339917885
T800,200ns_0ns,114800000.0,0.9164873307071587,2.2276074401966484,0.10680049772106295
T800,200ns_0ns,115100000.0,0.8304864277055082,2.2258196985017467,0.10598498334565824
T800,200ns_0ns,115400000.0,0.7512945585046805,2.2631355015278563,0.10530515691669293
T800,200ns_0ns,115700000.0,0.6928425668270719,2.3342262794352235,0.10477442218425904
T800,200ns_0ns,116000000.0,0.6660928687185196,2.4290346957335895,0.10438647427475345
T800,200ns_0ns,116300000.0,0.6775187839994373,2.5342080887853426,0.10411623564900695
T800,200ns_0ns,116600000.0,0.7282206222708915,2.634986132874174,0.10392352354955658
T800,200ns_0ns,116900000.0,0.8137990475417662,2.717275949638448,0.10375878392879832
T800,200ns_0ns,117200000.0,0.9249995541988241,2.769623022436137,0.1035699199803792
T800,200ns_0ns,117500000.0,1.0490338081679769,2.7848023626483087,0.10330917903969504
T800,200ns_0ns,117800000.0,1.1713892834762465,2.760808983101729,0.10293919741605818
T800,200ns_0ns,118100000.0,1.2778711949099555,2.7011120048803017,0.10243754296912892
T800,200ns_0ns,118400000.0,1.3565894976339767,2.614140561051245,0.10179934833354709
T800,200ns_0ns,118700000.0,1.3996128833578954,2.512077427420448,0.10103784220186085
T800,200ns_0ns,119000000.0,1.4040597616065136,2.4091328938280268,0.10018275655397095
T800,200ns_0ns,119300000.0,1.3724762456775306,2.3195433200279045,0.0992767403568312
T800,200ns_0ns,119600000.0,1.312451795552276,2.2555761488082475,0.09837008074136652
T800,200ns_0ns,119900000.0,1.2355302064169653,2.225820822592085,0.0975142426441189
T800,200ns_0ns,120200000.0,1.155572048420893,2.2340035940138567,0.09675497344820841
T800,200ns_0ns,120500000.0,1.086800720371983,2.278489638733613,0.09612591908955058
T800,200ns_0ns,120800000.0,1.0418074371148698,2.352538781901359,0.09564376594430439
T800,200ns_0ns,121100000.0,1.0297948474552694,2.445275250039741,0.09530577092271891
T800,200ns_0ns,121400000.0,1.055304157183203,2.5432320338371355,0.09509015266870485
T800,200ns_0ns,121700000.0,1.1176016823768364,2.6322506459217987,0.09495927718622366
T800,200ns_0ns,122000000.0,1.2108075084135577,2.699468358822081,0.09486504683639478
T800,200ns_0ns,122300000.0,1.3247445612107083,2.7351140788454695,0.094755552549736
T800,200ns_0ns,122600000.0,1.446385582515566,2.7338621957177596,0.09458194994546544
T800,200ns_0ns,122900000.0,1.561692343731893,2.69555690505525,0.09430463841506248
T800,200ns_0ns,123200000.0,1.6575874935995252,2.625208612857991,0.09389805984996466
T800,200ns_0ns,123500000.0,1.7237821258729527,2.532266489071009,0.0933536896957218
T800,200ns_0ns,123800000.0,1.754203719199634,2.4292726243082665,0.09268100692778787
T800,200ns_0ns,124100000.0,1.7478263321170773,2.330089363894499,0.09190639087079633
T800,200ns_0ns,124400000.0,1.7087896413194177,2.247950257773199,0.09107002758930369
T800,200ns_0ns,124700000.0,1.6457935926406113,2.193608560621341,0.09022105749483463
T800,200ns_0ns,125000000.0,1.5708569836628332,2.173842223967874,0.08941139043070002
T800,200ns_0ns,125300000.0,1.4976169832104878,2.190523127421217,0.08868885398684168
T800,200ns_0ns,125600000.0,1.4394100553272942,2.2403782451351972,0.08809057443040552
T800,200ns_0ns,125900000.0,1.407404225320092,2.3154728886614127,0.08763761970930367
T800,200ns_0ns,126200000.0,1.4090441381239744,2.4043448578903357,0.08733185395370786
T800,200ns_0ns,126500000.0,1.4470252853099765,2.493627477380777,0.08715561408809663
T800,200ns_0ns,126800000.0,1.518938605389053,2.5699317731703197,0.08707428462573641
T800,200ns_0ns,127100000.0,1.617632066451519,2.62172283164469,0.08704128107718144
T800,200ns_0ns,127400000.0,1.7322351643919427,2.6409274555038125,0.08700453971213264
T800,200ns_0ns,127700000.0,1.8496996461221387,2.624049124929223,0.0869134573325699
T800,200ns_0ns,128000000.0,1.9566381325629987,2.5726363620380073,0.08672531498024584
T800,200ns_0ns,128300000.0,2.0412016068943184,2.493041917494167,0.08641045469435564
T800,200ns_0ns,128600000.0,2.094732506781759,2.3955098566307647,0.08595574448012348
T800,200ns_0ns,128900000.0,2.112962835746411,2.2927216182022168,0.08536608873249132
T800,200ns_0ns,129200000.0,2.0965915377429685,2.1980073104437534,0.08466390000932279
T800,200ns_0ns,129500000.0,2.0511631278638194,2.123474450627989,0.0838865672526046
T800,200ns_0ns,129800000.0,1.9862678408058392,2.0783167461607883,0.08308208052295916
T800,200ns_0ns,130100000.0,1.914178531344176,2.067539067156815,0.0823031457953203
T800,200ns_0ns,130400000.0,1.8481179475368132,2.0912753488172497,0.08160036099402357
T800,200ns_0ns,130700000.0,1.8004008928631445,2.14479226304013,0.081015291327066
T800,200ns_0ns,131000000.0,1.780712194726382,2.219174979893266,0.08057448407576152
T800,200ns_0ns,131300000.0,1.794761165077846,2.302595781385953,0.08028547454867191
T800,200ns_0ns,131600000.0,1.8434993774834436,2.3819850757604146,0.08013556779087536
T800,200ns_0ns,131900000.0,1.9230087943125256,2.4448688026787972,0.08009366026314796
T800,200ns_0ns,132200000.0,2.025072855655668,2.4811139844744607,0.08011474844737437
T800,200ns_0ns,132500000.0,2.138347383897431,2.484338228925334,0.08014627014322281
T800,200ns_0ns,132800000.0,2.2499644868616646,2.452787190755163,0.08013518957842443
T800,200ns_0ns,133100000.0,2.3473427259337805,2.389559443420494,0.08003478531183565
T800,200ns_0ns,133400000.0,2.419948940425567,2.3021502056602787,0.0798103327053334
T800,200ns_0ns,133700000.0,2.4607650460379125,2.2013809447675645,0.07944315835138216
T800,200ns_0ns,134000000.0,2.4672555811263774,2.099867633049034,0.0789327860017485
T800,200ns_0ns,134300000.0,2.4417026552962406,2.0102443946463797,0.07829705860754986
T800,200ns_0ns,134600000.0,2.390864201455529,1.943392583252702,0.07757022849331666
T800,200ns_0ns,134900000.0,2.3250064577435587,1.9069234487141447,0.0767991065869016
T800,200ns_0ns,135200000.0,2.2564490694757215,1.9041259035210572,0.07603750669868811
T800,200ns_0ns,135500000.0,2.1978288822156786,1.9335247789878762,0.07533944721073357
T800,200ns_0ns,135800000.0,2.1603270003839556,1.9891087616439613,0.07475186737443143
T800,200ns_0ns,136100000.0,2.152107746350085,2.0611930903800104,0.07430789598257047
T800,200ns_0ns,136400000.0,2.1771873567643243,2.137793295862292,0.07402183450545557
T800,200ns_0ns,136700000.0,2.2348890658869913,2.2063151945560726,0.07388684926089582
T800,200ns_0ns,137000000.0,2.3199583577781784,2.255322890193854,0.07387587826187658
T800,200ns_0ns,137300000.0,2.4233193276513876,2.2761366534581704,0.07394558227930695
T800,200ns_0ns,137600000.0,2.5333633305377536,2.264037482865226,0.07404255069251924
T800,200ns_0ns,137900000.0,2.637586976888566,2.2189112498020753,0.0741106237752189
T800,200ns_0ns,138200000.0,2.7243483770797874,2.1452446007781774,0.07409817838950752
T800,200ns_0ns,138500000.0,2.784494974500624,2.0514760211101106,0.07396445389227546
T800,200ns_0ns,138800000.0,2.812635378421873,1.9487958203814948,0.07368431310834582
T800,200ns_0ns,139100000.0,2.807878489847618,1.8495656235704974,0.07325111177901897
T800,200ns_0ns,139400000.0,2.7739386378041,1.7655805363975081,0.07267753396421886
T800,200ns_0ns,139700000.0,2.718594734439194,1.7064182356907287,0.07199435231867374
T800,200ns_0ns,140000000.0,2.6525820425390205,1.6781059974791321,0.07124714337118056
T800,200ns_0ns,140300000.0,2.5880743292255763,1.6822911203760418,0.07049109589513043
T800,200ns_0ns,140600000.0,2.5369709081548684,1.71602885260679,0.06978425218067132
T800,200ns_0ns,140900000.0,2.5092294964897723,1.7722148970551872,0.06917983336976354
T800,200ns_0ns,141200000.0,2.511478359424461,1.8405991136660425,0.06871866016563348
T800,200ns_0ns,141500000.0,2.5461010736352114,1.909235852994517,0.06842293885252515
T800,200ns_0ns,141800000.0,2.610920176649373,1.966165776038815,0.06829265095899767
T800,200ns_0ns,142100000.0,2.699521494727792,2.001092445145202,0.06830535659227087
T800,200ns_0ns,142400000.0,2.802170969573665,2.006818709519324,0.06841948525420656
T800,200ns_0ns,142700000.0,2.9071929659392546,1.9802425716111864,0.06858041680516372
T800,200ns_0ns,143000000.0,3.002614916684686,1.9227748102489108,0.06872814662038605
T800,200ns_0ns,143300000.0,3.077846656503872,1.8401222634700345,0.06880522270615956
T800,200ns_0ns,143600000.0,3.1251589097436128,1.7414698188815134,0.06876386772777021
T800,200ns_0ns,143900000.0,3.14075453871854,1.6381782974604349,0.06857156716488141
T800,200ns_0ns,144200000.0,3.125284103983093,1.5421827776416361,0.06821474232471073
T800,200ns_0ns,144500000.0,3.083735795739823,1.464317120451502,0.06770034711831892
T800,200ns_0ns,144800000.0,3.0247177774280227,1.4127998568174989,0.06705533104566797
T800,200ns_0ns,145100000.0,2.959236068707556,1.39209300044165,0.06632395323497471
T800,200ns_0ns,145400000.0,2.899141373039481,1.4022921984232228,0.06556299323753527
T800,200ns_0ns,145700000.0,2.8554639371647026,1.4391314990661779,0.0648350638849405
T800,200ns_0ns,146000000.0,2.836870315795055,1.4945995229773728,0.06420054062853021
T800,200ns_0ns,146300000.0,2.8484578604559334,1.5580781386799412,0.06370905483831316
T800,200ns_0ns,146600000.0,2.891054522726364,1.6178418729546225,0.06339191125880093
T800,200ns_0ns,146900000.0,2.9611200428642244,1.6627063890654608,0.06325693998093422
T800,200ns_0ns,147200000.0,3.0512599044176283,1.6835943415389836,0.06328697146113896
T800,200ns_0ns,147500000.0,3.1512774976120643,1.6747994480140997,0.06344233601160906
T800,200ns_0ns,147800000.0,3.2496147986711312,1.634772817008866,0.06366682586337125
T800,200ns_0ns,148100000.0,3.3349780251850922,1.5663232553628939,0.0638958274782706
T800,200ns_0ns,148400000.0,3.3979196292095173,1.4762058642168432,0.06406509130960299
T800,200ns_0ns,148700000.0,3.432155040516239,1.3741590821641918,0.06411882336337477
T800,200ns_0ns,149000000.0,3.4354306533665437,1.2715274029213726,0.06401622652790225
T800,200ns_0ns,149300000.0,3.4098231980755047,1.1796645163730917,0.06373604754742075
T800,200ns_0ns,149600000.0,3.361430829096771,1.1083416131846842,0.06327896450806737
T800,200ns_0ns,149900000.0,3.2995016880812087,1.0643839620540585,0.06266776551455144
T800,200ns_0ns,150200000.0,3.2351243687630262,1.050725971288813,0.06194528186484965
T800,200ns_0ns,150500000.0,3.1796656215810497,1.066015519559875,0.06117004164661886
T800,200ns_0ns,150800000.0,3.1431753235789857,1.1048208203877372,0.06040970594637302
T800,200ns_0ns,151100000.0,3.1329824465913685,1.1584084091726723,0.0597326299414585
T800,200ns_0ns,151400000.0,3.1526780883691745,1.21598090748993,0.059198379834234566
T800,200ns_0ns,151700000.0,3.201626590552222,1.266199211899656,0.05884861805465432
T800,200ns_0ns,152000000.0,3.2750711781972814,1.2987745817993945,0.058700156630940296
T800,200ns_0ns,152300000.0,3.364816950549849,1.305907154746462,0.05874183180186812
T800,200ns_0ns,152600000.0,3.460393186358497,1.283369832116888,0.05893604164299807
T800,200ns_0ns,152900000.0,3.5505301232658186,1.2310869868822703,0.059224587695886545
T800,200ns_0ns,153200000.0,3.6247419378128543,1.1531288578005392,0.05953742356661329
T800,200ns_0ns,153500000.0,3.6747935860796543,1.0571247180808712,0.05980247588879098
T800,200ns_0ns,153800000.0,3.6958463209362895,0.9531793736985444,0.059954906389349624
T800,200ns_0ns,154100000.0,3.6871225527752958,0.8524468406853221,0.05994473920512303
T800,200ns_0ns,154400000.0,3.651998726811005,0.7655625066076317,0.0597423399292262
T800,200ns_0ns,154700000.0,3.597515432215897,0.7011541326254429,0.05934160014284388
T800,200ns_0ns,155000000.0,3.5333756976484834,0.6646401395804507,0.05876082075044831
T800,200ns_0ns,155300000.0,3.4705739017609787,0.6574825352069951,0.05804126860127545
T800,200ns_0ns,155600000.0,3.419848957179162,0.6769974526617544,0.05724331308382019
T800,200ns_0ns,155900000.0,3.3901793097600788,0.7167476991552625,0.056440058270274374
T800,200ns_0ns,156200000.0,3.387530589876458,0.7674600263969006,0.05570860240825025
T800,200ns_0ns,156500000.0,3.414030517389328,0.8183364945253476,0.05511957006004119
T800,200ns_0ns,156800000.0,3.4676850903281364,0.8585745565559987,0.054726316758407
T800,200ns_0ns,157100000.0,3.54267376379411,0.8788819434112162,0.054555894489917725
T800,200ns_0ns,157400000.0,3.6301800098522112,0.8727739811246721,0.05460399276084395
T800,200ns_0ns,157700000.0,3.7196387591654583,0.8374722886795255,0.05483528938116905
T800,200ns_0ns,158000000.0,3.8002242343344403,0.7742803829614945,0.05518915822590232
T800,200ns_0ns,158300000.0,3.8623686578505403,0.6883855286122461,0.05558921633841078
T800,200ns_0ns,158600000.0,3.899098788658244,0.5881168022890726,0.05595446464941749
T800,200ns_0ns,158900000.0,3.9070035927485045,0.4837654637975298,0.05620995720421972
T800,200ns_0ns,159200000.0,3.8866987771808876,0.38613468675903334,0.056295654924741624
T800,200ns_0ns,159500000.0,3.8427249653973283,0.3050230108686521,0.056172878661208014
T800,200ns_0ns,159800000.0,3.7828959340940917,0.24785439587474364,0.05582826901378096
T800,200ns_0ns,160100000.0,3.7171903710195613,0.2186463990513757,0.05527533478163458
T800,200ns_0ns,160400000.0,3.6563442588895425,0.2174598701655965,0.05455361750849552
T800,200ns_0ns,160700000.0,3.6103423713458493,0.2404055085985218,0.053725348253770046
T800,200ns_0ns,161000000.0,3.5870207652926522,0.2802042710361982,0.05286936902387505
T800,200ns_0ns,161300000.0,3.590975796852158,0.3272209783452977,0.052072202011397964
T800,200ns_0ns,161600000.0,3.622931480273922,0.37082442845558367,0.05141664106958448
T800,200ns_0ns,161900000.0,3.6796521801907685,0.40088209324497437,0.050969154385625895
T800,200ns_0ns,162200000.0,3.7544108449550495,0.40917932443656513,0.05076844379659731
T800,200ns_0ns,162500000.0,3.837945061230691,0.39056436027681024,0.05081804160952776
T800,200ns_0ns,162800000.0,3.9197650666247648,0.34365960784641686,0.051085174956022314
T800,200ns_0ns,163100000.0,3.989629014749646,0.27104107871976846,0.051506307897195236
T800,200ns_0ns,163400000.0,4.038978021469058,0.17886278766700514,0.05199771330089747
T800,200ns_0ns,163700000.0,4.062129927285822,0.07598083009235347,0.05246826840785791
T800,200ns_0ns,164000000.0,4.057065282901664,-0.02729819905099278,0.0528318130516105
T800,200ns_0ns,164300000.0,4.025696852240526,-0.12066757090988045,0.05301737757985289
T800,200ns_0ns,164600000.0,3.9735867426073153,-0.19526547807727304,0.0529766300083227
T800,200ns_0ns,164900000.0,3.9091528515010654,-0.24491217858865755,0.05268855541073899
T800,200ns_0ns,165200000.0,3.8424777699441255,-0.2669665212955644,0.05216159714945272
T800,200ns_0ns,165500000.0,3.7838886083043812,-0.262683144009117,0.05143339055762702
T800,200ns_0ns,165800000.0,3.742507714793876,-0.23702208073032605,0.05056797068308684
T800,200ns_0ns,166100000.0,3.724977609182046,-0.19793946912938434,0.049650095526579806
T800,200ns_0ns,166400000.0,3.7345382873264694,-0.15526070144865536,0.04877628569823182
T800,200ns_0ns,166700000.0,3.7705849979955706,-0.11929554099191594,0.0480425855682128
T800,200ns_0ns,167000000.0,3.828766760117397,-0.09939032810123886,0.04753008552414887
T800,200ns_0ns,167300000.0,3.9016098507811403,-0.10262051439433642,0.04729073051729826
T800,200ns_0ns,167600000.0,3.9795769424076886,-0.1328063537210931,0.047337064680927896
T800,200ns_0ns,167900000.0,4.052411804692992,-0.1899886073682892,0.047639207653093846
T800,200ns_0ns,168200000.0,4.1105799862926045,-0.27043612689380897,0.04813017139262155
T800,200ns_0ns,168500000.0,4.146603114430731,-0.3671823414971813,0.04871774213372259
T800,200ns_0ns,168800000.0,4.156100093060452,-0.47101352579925665,0.04929935448406803
T800,200ns_0ns,169100000.0,4.13839024688004,-0.5717686522403628,0.04977647677967771
T800,200ns_0ns,169400000.0,4.096575399958994,-0.6597674433880546,0.05006636582615037
T800,200ns_0ns,169700000.0,4.037091237315476,-0.7271659176300204,0.05011049846318097
T800,200ns_0ns,170000000.0,3.9687927492257766,-0.7690496034221953,0.04987987419524357
T800,200ns_100ns,20000000.0,-0.16567819893062874,1.5534904477201825,0.07950297339521371
T800,200ns_100ns,20300000.0,-0.14142227792809,1.5186490670953665,0.0768663423977891
T800,200ns_100ns,20600000.0,-0.12266862035391583,1.477044589440747,0.07341047072486022
T800,200ns_100ns,20900000.0,-0.11122895042996214,1.4310932851738096,0.06922079174381958
T800,200ns_100ns,21200000.0,-0.1079310809141231,1.3835547850595777,0.06440262328771437
T800,200ns_100ns,21500000.0,-0.1126070677245189,1.3371670846929686,0.05907779946553155
T800,200ns_100ns,21800000.0,-0.12420615434980851,1.2943157982883418,0.05338047843950067
T800,200ns_100ns,22100000.0,-0.1410078099217793,1.2567765192155762,0.04745230700057733
T800,200ns_100ns,22400000.0,-0.1608995023954933,1.2255567083836594,0.04143713207540109
T800,200ns_100ns,22700000.0,-0.18167850792196805,1.2008487449591474,0.03547546780608902
T800,200ns_100ns,23000000.0,-0.20133729907359568,1.1820906817674197,0.02969898123917338
T800,200ns_100ns,23300000.0,-0.21829741876721842,1.1681177793001234,0.02422542317465442
T800,200ns_100ns,23600000.0,-0.23156616460255128,1.1573776289979691,0.019154918098457978
T800,200ns_100ns,23900000.0,-0.24080237904989682,1.1481756793176687,0.014570036180281753
T800,200ns_100ns,24200000.0,-0.24629045077152992,1.1389166915094504,0.010547196203444117
T800,200ns_100ns,24500000.0,-0.24883358536217295,1.1283108917822608,0.007206404894337791
T800,200ns_100ns,24800000.0,-0.24958703422672668,1.115520606943336,0.0048900680355902105
T800,200ns_100ns,25100000.0,-0.24985821199692587,1.1002327977569026,0.004382707618442393
T800,200ns_100ns,25400000.0,-0.25090292674533005,1.08265371419577,0.0057273648616757225
T800,200ns_100ns,25700000.0,-0.2537452777737569,1.0634324132363038,0.007910137635246645
T800,200ns_100ns,26000000.0,-0.25904363629086635,1.0435287657776409,0.010425891482736096
T800,200ns_100ns,26300000.0,-0.26701742016800695,1.0240477979012979,0.013143381855870228
T800,200ns_100ns,26600000.0,-0.27744027952821115,1.006065139254419,0.01601604372715932
T800,200ns_100ns,26900000.0,-0.28969610055725764,0.9904678298524625,0.01899736275027248
T800,200ns_100ns,27200000.0,-0.30288611688978156,0.9778310639340426,0.02202241818510142
T800,200ns_100ns,27500000.0,-0.3159693777189966,0.9683453118617404,0.025008718460339023
T800,200ns_100ns,27800000.0,-0.32791551312771766,0.9618006199255427,0.027862637813213832
T800,200ns_100ns,28100000.0,-0.3378484175723837,0.9576268387164666,0.03048685469616779
T800,200ns_100ns,28400000.0,-0.345161994730321,0.9549811530378198,0.032787201715377016
T800,200ns_100ns,28700000.0,-0.34959396301986106,0.9528685050579022,0.034678443821975734
T800,200ns_100ns,29000000.0,-0.35125013008857325,0.9502769775055072,0.03608889527388048
T800,200ns_100ns,29300000.0,-0.35057857038785084,0.9463092604734205,0.036963905850272996
T800,200ns_100ns,29600000.0,-0.34829982237743895,0.9402929322333663,0.03726827234580695
T800,200ns_100ns,29900000.0,-0.3453047028741896,0.9318560781970335,0.03698763316477114
T800,200ns_100ns,30200000.0,-0.3425349654375538,0.9209601247366546,0.03612890632504242
T800,200ns_100ns,30500000.0,-0.3408634379895333,0.9078878804600553,0.03471984057714953
T800,200ns_100ns,30800000.0,-0.34098940528009025,0.8931908071233923,0.03280776556113594
T800,200ns_100ns,31100000.0,-0.3433620998128631,0.8776046962490144,0.030457648680222285
T800,200ns_100ns,31400000.0,-0.3481407288765513,0.8619465761970999,0.027749593211545465
T800,200ns_100ns,31700000.0,-0.35519416743393756,0.8470074219859273,0.024775946187301407
T800,200ns_100ns,32000000.0,-0.36413803451203486,0.8334549628936803,0.021638232393495146
T800,200ns_100ns,32300000.0,-0.37440206565470197,0.8217587307835257,0.018444207648693606
T800,200ns_100ns,32600000.0,-0.3853170972675167,0.8121458539237053,0.015305459351043183
T800,200ns_100ns,32900000.0,-0.3962089992778504,0.8045915403897563,0.012336211617316616
T800,200ns_100ns,33200000.0,-0.40648670354702393,0.7988433666020522,0.009654245329423388
T800,200ns_100ns,33500000.0,-0.41571300400407424,0.7944740448613423,0.007384177762622817
T800,200ns_100ns,33800000.0,-0.42364975426762974,0.790953857265233,0.005656564569287365
T800,200ns_100ns,34100000.0,-0.43027299089745874,0.787731823674403,0.004570713332819716
T800,200ns_100ns,34400000.0,-0.4357577951786605,0.7843141270319904,0.00408228127585947
T800,200ns_100ns,34700000.0,-0.44043678249740653,0.7803293388948368,0.003947292094489319
T800,200ns_100ns,35000000.0,-0.4447394434134609,0.7755723528947257,0.0038908351669371373
T800,200ns_100ns,35300000.0,-0.44912174805996335,0.7700222578042579,0.0037754068625754458
T800,200ns_100ns,35600000.0,-0.45399623265330324,0.7638331708304276,0.003632302938217116
T800,200ns_100ns,35900000.0,-0.45967217660639037,0.757300774740824,0.003646120974806517
T800,200ns_100ns,36200000.0,-0.4663136048439912,0.750810464001553,0.004064821080269734
T800,200ns_100ns,36500000.0,-0.47392002728898597,0.7447752095070894,0.004996600149074477
T800,200ns_100ns,36800000.0,-0.48233148218154964,0.7395722503559125,0.006350395340033977
T800,200ns_100ns,37100000.0,-0.49125605704092906,0.7354874395228806,0.007969502798978796
T800,200ns_100ns,37400000.0,-0.5003150791247816,0.7326746081788772,0.009714039962311887
T800,200ns_100ns,37700000.0,-0.5090989776449797,0.731134924136681,0.011470175695458041
T800,200ns_100ns,38000000.0,-0.5172256798861401,0.7307182689204523,0.013143737405527564
T800,200ns_100ns,38300000.0,-0.5243934171219009,0.7311455689174555,0.014655831948955422
T800,200ns_100ns,38600000.0,-0.5304209285203033,0.7320482113089956,0.015941220352027666
T800,200ns_100ns,38900000.0,-0.5352700619654936,0.7330185197862198,0.016948099161605213
T800,200ns_100ns,39200000.0,-0.5390483682745515,0.7336640193025507,0.01763836588584052
T800,200ns_100ns,39500000.0,-0.541992093437091,0.733658010243205,0.01798788167798228
T800,200ns_100ns,39800000.0,-0.5444326046145286,0.7327797822759631,0.017986491739927057
T800,200ns_100ns,40100000.0,-0.5467513932089383,0.7309394726635712,0.01763769615253339
T800,200ns_100ns,40400000.0,-0.5493301215357151,0.7281848494392014,0.01695793854439867
T800,200ns_100ns,40700000.0,-0.5525025746273943,0.7246898438672839,0.015975527026550983
T800,200ns_100ns,41000000.0,-0.5565148326630729,0.720727114802459,0.014729236264431445
T800,200ns_100ns,41300000.0,-0.5614986067689972,0.7166289726223047,0.013266671100630276
T800,200ns_100ns,41600000.0,-0.567460702049625,0.7127423648015796,0.011642511998253868
T800,200ns_100ns,41900000.0,-0.5742892793222005,0.7093841726877581,0.009916833788022078
T800,200ns_100ns,42200000.0,-0.5817753034508396,0.7068027513901903,0.00815385397902802
T800,200ns_100ns,42500000.0,-0.5896455987893124,0.705150541808139,0.006421916961489235
T800,200ns_100ns,42800000.0,-0.5976025327908987,0.7044708779690323,0.004796901256213817
T800,200ns_100ns,43100000.0,-0.6053646819021478,0.7047000598707813,0.0033756844197072645
T800,200ns_100ns,43400000.0,-0.6127029583130099,0.7056836538192938,0.0023161249100700125
T800,200ns_100ns,43700000.0,-0.6194675416403297,0.7072041059588299,0.0018653104055039182
T800,200ns_100ns,44000000.0,-0.6256024178847879,0.7090153541911143,0.002036797873634843
T800,200ns_100ns,44300000.0,-0.6311461568153715,0.7108793684926598,0.0024230964818453327
T800,200ns_100ns,44600000.0,-0.6362194951373101,0.7125995150906198,0.0027277324037998634
T800,200ns_100ns,44900000.0,-0.641002069478031,0.7140463008332901,0.0028421551432238883
T800,200ns_100ns,45200000.0,-0.6457020258942484,0.7151722920780785,0.002737179770136004
T800,200ns_100ns,45500000.0,-0.6505230495935396,0.7160146258351598,0.0024201551498746234
T800,200ns_100ns,45800000.0,-0.6556335217351953,0.7166853035047002,0.0019288096967890523
T800,200ns_100ns,46100000.0,-0.6611420235329415,0.7173511322463135,0.0013644321513510515
T800,200ns_100ns,46400000.0,-0.667082363436677,0.7182065317579648,0.001061788390241135
T800,200ns_100ns,46700000.0,-0.6734098650414307,0.7194432834010842,0.0015047399471341642
T800,200ns_100ns,47000000.0,-0.6800090327945608,0.7212215662519202,0.0024040637402943875
T800,200ns_100ns,47300000.0,-0.6867111374514684,0.7236462869654118,0.003441692339832611
T800,200ns_100ns,47600000.0,-0.6933189466295564,0.7267518362791724,0.004500886262435613
T800,200ns_100ns,47900000.0,-0.6996349376161346,0.7304971338494509,0.005518794264623394
T800,200ns_100ns,48200000.0,-0.705488975075369,0.7347713429733195,0.006449478373516852
T800,200ns_100ns,48500000.0,-0.7107616442735245,0.7394091571405289,0.007256171732605083
T800,200ns_100ns,48800000.0,-0.7154001521319343,0.7442132830345821,0.00790962355540947
T800,200ns_100ns,49100000.0,-0.7194248269466398,0.7489808364441244,0.008387903458832032
T800,200ns_100ns,49400000.0,-0.7229255963558573,0.7535299391699454,0.008676509300937482
T800,200ns_100ns,49700000.0,-0.7260492101412827,0.7577228977919915,0.008768425894405107
T800,200ns_100ns,50000000.0,-0.7289792094119596,0.7614829280814736,0.008664014158842456
T800,200ns_100ns,50300000.0,-0.7319115637920292,0.7648023653182164,0.008370692729082429
T800,200ns_100ns,50600000.0,-0.7350293891631584,0.7677415240922512,0.007902410059546375
T800,200ns_100ns,50900000.0,-0.7384801684484266,0.770418666198056,0.007278924563293364
T800,200ns_100ns,51200000.0,-0.7423584422741272,0.7729927232282661,0.006524923587668308
T800,200ns_100ns,51500000.0,-0.7466960933237338,0.7756413435015528,0.005669024295972509
T800,200ns_100ns,51800000.0,-0.7514612460087007,0.7785373746341128,0.004742717694329498
T800,200ns_100ns,52100000.0,-0.7565656007389912,0.7818269929419689,0.003779361581181526
T800,200ns_100ns,52400000.0,-0.7618788867304878,0.785612350727705,0.002813485573691857
T800,200ns_100ns,52700000.0,-0.7672482011854754,0.7899408939872923,0.0018814337785909216
T800,200ns_100ns,53000000.0,-0.7725194229869087,0.7948025172084883,0.0010300943384366106
T800,200ns_100ns,53300000.0,-0.7775577130472838,0.8001346123692888,0.00042739661500818297
T800,200ns_100ns,53600000.0,-0.7822643511403028,0.8058339915697778,0.0006856702013527403
T800,200ns_100ns,53900000.0,-0.7865877636512479,0.8117737628825937,0.0011950598224110388
T800,200ns_100ns,54200000.0,-0.7905274729937757,0.8178226337109875,0.0016054020896071961
T800,200ns_100ns,54500000.0,-0.7941307183708894,0.8238638777787907,0.0018764310985317203
T800,200ns_100ns,54800000.0,-0.7974825149011415,0.8298113508626739,0.001998496461859379
T800,200ns_100ns,55100000.0,-0.800690794711783,0.8356204429740577,0.0019716563251583313
T800,200ns_100ns,55400000.0,-0.8038688941180272,0.8412926301514198,0.0018023708636183012
T800,200ns_100ns,55700000.0,-0.8071179389720522,0.8468732219426167,0.001502382585561716
T800,200ns_100ns,56000000.0,-0.8105116071921136,0.8524428578902807,0.00108811960681506
T800,200ns_100ns,56300000.0,-0.8140853352255426,0.8581041557317302,0.0005814363537556573
T800,200ns_100ns,56600000.0,-0.817831351335244,0.8639655424769573,0.00010579206690387554
T800,200ns_100ns,56900000.0,-0.821700065746288,0.8701246277899198,0.0006543419964999881
T800,200ns_100ns,57200000.0,-0.8256074483555517,0.8766534715784196,0.001307321495412354
T800,200ns_100ns,57500000.0,-0.829447203911991,0.8835877659232415,0.001961843130088392
T800,200ns_100ns,57800000.0,-0.833105922673686,0.8909213510581573,0.00259144284973846
T800,200ns_100ns,58100000.0,-0.8364790225893494,0.8986067067571757,0.0031729985542328218
T800,200ns_100ns,58400000.0,-0.8394852485995382,0.906561216506847,0.0036860753963165547
T800,200ns_100ns,58700000.0,-0.8420777532966817,0.9146782101220196,0.004113354390414969
T800,200ns_100ns,59000000.0,-0.8442503062292728,0.922841158158772,0.004441090554210629
T800,200ns_100ns,59300000.0,-0.8460378869895268,0.930939000671097,0.004659467828900378
T800,200ns_100ns,59600000.0,-0.8475117073436172,0.9388804900834451,0.004762818145500654
T800,200ns_100ns,59900000.0,-0.8487694692882644,0.946605618888893,0.0047496948498268144
T800,200ns_100ns,60200000.0,-0.8499222954615062,0.9540926528048266,0.004622800489393965
T800,200ns_100ns,60500000.0,-0.8510801833709968,0.9613599297393216,0.004388775666394051
T800,200ns_100ns,60800000.0,-0.8523379848023818,0.9684623212846463,0.004057861489982345
T800,200ns_100ns,61100000.0,-0.8537637837148565,0.9754829828088885,0.0036434541304879494
T800,200ns_100ns,61400000.0,-0.8553911655418203,0.9825216408880532,0.003161577787491062
T800,200ns_100ns,61700000.0,-0.857216297533738,0.9896811006713749,0.0026303174211398032
T800,200ns_100ns,62000000.0,-0.8592000577339576,0.9970538469187269,0.002069295802128083
T800,200ns_100ns,62300000.0,-0.8612747559413669,1.004710541823028,0.0014994528105634762
T800,200ns_100ns,62600000.0,-0.8633543790295252,1.0126919076904852,0.0009443863859456944
T800,200ns_100ns,62900000.0,-0.8653468465111795,1.0210049734396256,0.0004449574186019115
T800,200ns_100ns,63200000.0,-0.86716653661569,1.0296240361849913,0.0002733889236696923
T800,200ns_100ns,63500000.0,-0.8687453628191385,1.0384960324532555,0.000610904917451616
T800,200ns_100ns,63800000.0,-0.8700409358254767,1.0475494187919283,0.0009560011078699939
T800,200ns_100ns,64100000.0,-0.871040794510406,1.0567052085152415,0.001230995174292143
T800,200ns_100ns,64400000.0,-0.8717622640404659,1.0658885581741482,0.0014212651526641423
T800,200ns_100ns,64700000.0,-0.8722481175811395,1.0750392730208267,0.0015216282735313943
T800,200ns_100ns,65000000.0,-0.8725587934068185,1.0841198019849307,0.0015318471427232143
T800,200ns_100ns,65300000.0,-0.8727623738374232,1.0931196852978162,0.0014559630899471177
T800,200ns_100ns,65600000.0,-0.8729238070715497,1.1020559423621445,0.0013025833373757477
T800,200ns_100ns,65900000.0,-0.8730949148859313,1.1109694677447752,0.0010865141083092633
T800,200ns_100ns,66200000.0,-0.8733065757289448,1.1199180577001489,0.0008349319816504246
T800,200ns_100ns,66500000.0,-0.8735641310725679,1.1289671426024375,0.0006111680120023626
T800,200ns_100ns,66800000.0,-0.873846585284018,1.1381795923425984,0.0005630559350052491
T800,200ns_100ns,67100000.0,-0.8741096253367097,1.1476060562039017,0.0007733024388778842
T800,200ns_100ns,67400000.0,-0.8742919532556487,1.1572771881848793,0.0011129450445358162
T800,200ns_100ns,67700000.0,-0.8743239746593378,1.1671988138389189,0.0014863110176095834
T800,200ns_100ns,68000000.0,-0.8741375809879575,1.1773506609535496,0.0018523215748721218
T800,200ns_100ns,68300000.0,-0.8736756395075013,1.1876887672331546,0.00218819782929779
T800,200ns_100ns,68600000.0,-0.872899876337913,1.1981511657578132,0.0024782256745211834
T800,200ns_100ns,68900000.0,-0.8717960888446497,1.2086660041186241,0.0027107659783943633
T800,200ns_100ns,69200000.0,-0.8703760156152461,1.2191609354222226,0.0028774152023782625
T800,200ns_100ns,69500000.0,-0.8686756673959636,1.2295724694221177,0.002972769298317037
T800,200ns_100ns,69800000.0,-0.8667504132628987,1.2398540063493388,0.002994346272894663
T800,200ns_100ns,70100000.0,-0.8646675549682186,1.2499814852811402,0.002942521750210443
T800,200ns_100ns,70400000.0,-0.8624974497580008,1.2599559299627046,0.00282042896611612
T800,200ns_100ns,70700000.0,-0.8603044157330678,1.269802616058893,0.0026338151629042316
T800,200ns_100ns,71000000.0,-0.8581386539442484,1.2795670519675408,0.002390873444746859
T800,200ns_100ns,71300000.0,-0.8560302521940594,1.2893083955236608,0.0021021050415003487
T800,200ns_100ns,71600000.0,-0.8539860244661266,1.2990912629823748,0.0017803452421106514
T800,200ns_100ns,71900000.0,-0.8519895333432802,1.3089770810812407,0.0014413035115752792
T800,200ns_100ns,72200000.0,-0.850004199010293,1.3190161645531633,0.0011056529725320728
T800,200ns_100ns,72500000.0,-0.8479789794179521,1.329241569980302,0.0008058596746091423
T800,200ns_100ns,72800000.0,-0.8458557689097301,1.3396655045723471,0.0006033742452593609
T800,200ns_100ns,73100000.0,-0.8435774513908425,1.3502786963781896,0.0005799922153785576
T800,200ns_100ns,73400000.0,-0.8410954848038855,1.3610527143519786,0.0007125195860609189
T800,200ns_100ns,73700000.0,-0.8383759905458474,1.3719448213428802,0.0008950439689220049
T800,200ns_100ns,74000000.0,-0.8354035571834026,1.3829046059869732,0.0010648908921747375
T800,200ns_100ns,74300000.0,-0.8321823063586792,1.3938814153804635,0.0011958815727066835
T800,200ns_100ns,74600000.0,-0.8287341608090336,1.4048315273585186,0.0012768277117011291
T800,200ns_100ns,74900000.0,-0.8250946444841701,1.4157240670877052,0.0013037170600381854
T800,200ns_100ns,75200000.0,-0.8213068789962941,1.4265448746749358,0.0012772972198687386
T800,200ns_100ns,75500000.0,-0.8174146742706432,1.4372978372843035,0.0012025628071645111
T800,200ns_100ns,75800000.0,-0.8134557144439033,1.4480035658307977,0.0010893661125626118
T800,200ns_100ns,76100000.0,-0.8094558016882695,1.4586956705018377,0.0009544859613213289
T800,200ns_100ns,76400000.0,-0.8054249494392445,1.4694152191640315,0.000825960777823244
T800,200ns_100ns,76700000.0,-0.8013558393472442,1.4802042035295002,0.0007472855446967403
T800,200ns_100ns,77000000.0,-0.7972248140254803,1.4910989585227497,0.0007641905268662763
T800,200ns_100ns,77300000.0,-0.7929952192523336,1.5021244666921858,0.0008845060604050371
T800,200ns_100ns,77600000.0,-0.7886225847123615,1.51329033670327,0.0010735503490574593
T800,200ns_100ns,77900000.0,-0.7840608858232215,1.524588995638049,0.001291811849106642
T800,200ns_100ns,78200000.0,-0.7792689930761646,1.5359963159072514,0.0015113229130344352
T800,200ns_100ns,78500000.0,-0.7742164060242301,1.5474745547501805,0.0017135525855085398
T800,200ns_100ns,78800000.0,-0.7688874850764187,1.558977165508721,0.0018857699139144053
T800,200ns_100ns,79100000.0,-0.763283616823221,1.5704547886948812,0.002019066660926501
T800,200ns_100ns,79400000.0,-0.7574230446467969,1.5818615805688352,0.002107458881909207
T800,200ns_100ns,79700000.0,-0.7513384233623055,1.59316100610597,0.0021474877076774457
T800,200ns_100ns,80000000.0,-0.7450724687702766,1.6043303135252813,0.002138029403115395
T800,200ns_100ns,80300000.0,-0.7386723275009178,1.6153631039045544,0.00208018770309737
T800,200ns_100ns,80600000.0,-0.7321834555345944,1.6262696824239466,0.001977222007447275
T800,200ns_100ns,80900000.0,-0.7256438447885271,1.6370751881388388,0.0018345123798389719
T800,200ns_100ns,81200000.0,-0.719079371581474,1.647815803274869,0.0016596050828449043
T800,200ns_100ns,81500000.0,-0.712500870219434,1.6585335990726908,0.001462442268399385
T800,200ns_100ns,81800000.0,-0.7059032852188328,1.6692707489595484,0.001255973660518302
T800,200ns_100ns,82100000.0,-0.699266962974447,1.6800639091570828,0.0010574278102897848
T800,200ns_100ns,82400000.0,-0.6925608493044496,1.6909395245270815,0.0008900889561064541
T800,200ns_100ns,82700000.0,-0.6857471038897223,1.7019106718409966,0.0007824646991693974
T800,200ns_100ns,83000000.0,-0.6787864605200988,1.7129758261508377,0.000755926103937549
T800,200ns_100ns,83300000.0,-0.6716435767440306,1.724119661616571,0.0008039034898901511
T800,200ns_100ns,83600000.0,-0.6642916375684106,1.7353157149658052,0.000894928983100738
T800,200ns_100ns,83900000.0,-0.6567155999682864,1.7465304870362783,0.0009964907746948084
T800,200ns_100ns,84200000.0,-0.6489136689632888,1.757728369824706,0.0010863418007846324
T800,200ns_100ns,84500000.0,-0.6408968518595055,1.7688766876800477,0.0011514819336238336
T800,200ns_100ns,84800000.0,-0.6326867083538372,1.779950143402084,0.0011852307646579218
T800,200ns_100ns,85100000.0,-0.6243116626908158,1.7909340604970023,0.001185401365408761
T800,200ns_100ns,85400000.0,-0.6158024360039801,1.801825995596065,0.0011534912680003413
T800,200ns_100ns,85700000.0,-0.6071872670047281,1.8126355329310704,0.0010945494761921935
T800,200ns_100ns,86000000.0,-0.5984876038087386,1.8233823315819506,0.0010175663983059177
T800,200ns_100ns,86300000.0,-0.5897148689250005,1.834092739616944,0.0009362493950962417
T800,200ns_100ns,86600000.0,-0.580868736504529,1.8447954837649883,0.0008694501707254783
T800,200ns_100ns,86900000.0,-0.5719371401807876,1.8555170629144224,0.0008387887595362665
T800,200ns_100ns,87200000.0,-0.5628979830784832,1.8662775034413375,0.0008604247497054708
T800,200ns_100ns,87500000.0,-0.5537222836020924,1.8770870718383097,0.0009353550135784262
T800,200ns_100ns,87800000.0,-0.5443782943075379,1.8879443958654203,0.0010498830654316585
T800,200ns_100ns,88100000.0,-0.5348360029266553,1.8988362411155888,0.0011850416605175384
T800,200ns_100ns,88400000.0,-0.5250713809200795,1.909738955008494,0.0013237075683808083
T800,200ns_100ns,88700000.0,-0.5150697901966995,1.9206213579650584,0.0014525738648596591
T800,200ns_100ns,89000000.0,-0.5048280848732063,1.9314486640232664,0.0015618459705512874
T800,200ns_100ns,89300000.0,-0.49435513310918666,1.9421868771319157,0.0016445925175173392
T800,200ns_100ns,89600000.0,-0.48367070690049513,1.9528070524720607,0.001696270229031363
T800,200ns_100ns,89900000.0,-0.47280291373529143,1.963288840767684,0.0017144407457042076
T800,200ns_100ns,90200000.0,-0.4617845418814334,1.9736228420690853,0.0016986117637565238
T800,200ns_100ns,90500000.0,-0.45064883395626004,1.983811467384894,0.0016501515584075623
T800,200ns_100ns,90800000.0,-0.4394252726339429,1.993868216821824,0.001572254874988292
T800,200ns_100ns,91100000.0,-0.42813594973475705,2.003815501763146,0.0014699625522128308
T800,200ns_100ns,91400000.0,-0.41679299884951826,2.0136813356683287,0.0013502534267909251
T800,200ns_100ns,91700000.0,-0.405397416202826,2.0234953665198523,0.0012222199008720936
T800,200ns_100ns,92000000.0,-0.3939393973950935,2.033284804230354,0.0010972509544071327
T800,200ns_100ns,92300000.0,-0.38240010703431165,2.0430707987220713,0.000988838801300703
T800,200ns_100ns,92600000.0,-0.3707546034493892,2.052865750127912,0.0009109941681853238
T800,200ns_100ns,92900000.0,-0.35897548827017,2.0626718934509447,0.0008740640627858033
T800,200ns_100ns,93200000.0,-0.3470367608762432,2.0724813165964258,0.0008792853668659618
T800,200ns_100ns,93500000.0,-0.33491734170538323,2.0822773692305434,0.0009173498497278243
T800,200ns_100ns,93800000.0,-0.32260378688521735,2.0920372286689126,0.0009731947137478937
T800,200ns_100ns,94100000.0,-0.31009183999867773,2.1017352342216165,0.001032025184844357
T800,200ns_100ns,94400000.0,-0.2973866366095066,2.111346503834743,0.001082372668317387
T800,200ns_100ns,94700000.0,-0.28450156897647905,2.1208503188309114,0.0011166074384209009
T800,200ns_100ns,95000000.0,-0.2714560051257613,2.1302328065663465,0.0011305375482387361
T800,200ns_100ns,95300000.0,-0.2582722123147273,2.1394885593346213,0.001122955256746291
T800,200ns_100ns,95600000.0,-0.24497193886451718,2.1486209845221143,0.0010953698292635674
T800,200ns_100ns,95900000.0,-0.23157314694075076,2.1576413631428157,0.0010519366251131603
T800,200ns_100ns,96200000.0,-0.2180873580113553,2.166566775645159,0.0009995060852276052
T800,200ns_100ns,96500000.0,-0.20451797801858806,2.175417210028478,0.0009475783606261594
T800,200ns_100ns,96800000.0,-0.19085982513627975,2.1842122765865373,0.0009076487500364217
T800,200ns_100ns,97100000.0,-0.1770999103088994,2.192968001687436,0.0008911437092563383
T800,200ns_100ns,97400000.0,-0.16321934412276348,2.201694154316193,0.0009057725110751184
T800,200ns_100ns,97700000.0,-0.14919608758123873,2.210392477455248,0.0009522497065686218
T800,200ns_100ns,98000000.0,-0.13500815036937866,2.2190560642230084,0.001024273352557037
T800,200ns_100ns,98300000.0,-0.12063678330276853,2.227669955290902,0.0011116281542474873
T800,200ns_100ns,98600000.0,-0.10606921878339338,2.2362128626973306,0.0012035495691765648
T800,200ns_100ns,98900000.0,-0.09130058213178131,2.2446597697238,0.0012906129014511887
T800,200ns_100ns,99200000.0,-0.07633471698882299,2.25298503829578,0.0013653454941356
T800,200ns_100ns,99500000.0,-0.06118382201296999,2.261165590185579,0.0014222542050910771
T800,200ns_100ns,99800000.0,-0.04586696189862996,2.2691837242657975,0.0014576929733040038
T800,200ns_100ns,100100000.0,-0.03040767013310823,2.277029188697216,0.001469729407730678
T800,200ns_100ns,100400000.0,-0.014830982695806747,2.284700235357334,0.0014580471566696834
T800,200ns_100ns,100700000.0,0.0008396852176975452,2.292203528110832,0.0014238828012384439
T800,200ns_100ns,101000000.0,0.016585392635924137,2.2995529361011564,0.001369989059143058
T800,200ns_100ns,101300000.0,0.032393874042926804,2.3067673957480928,0.0013006139985404957
T800,200ns_100ns,101600000.0,0.048260802448660295,2.313868149595765,0.0012214731994471028
T800,200ns_100ns,101900000.0,0.06418996247727536,2.320875749847198,0.0011396509351121532
T800,200ns_100ns,102200000.0,0.08019233426670154,2.327807239124102,0.001063278710751889
T800,200ns_100ns,102500000.0,0.09628423861314825,2.3346738882815963,0.0010007239096627154
T800,200ns_100ns,102800000.0,0.11248481980862607,2.3414797865580623,0.0009590412573413521
T800,200ns_100ns,103100000.0,0.12881322799128714,2.3482214556101444,0.0009419203988783344
T800,200ns_100ns,103400000.0,0.14528589648626072,2.3548885139284716,0.0009482304073443775
T800,200ns_100ns,103700000.0,0.16191428784625178,2.361465272245958,0.0009723720947839501
T800,200ns_100ns,104000000.0,0.17870340915011484,2.3679330140813044,0.0010062816787848896
T800,200ns_100ns,104300000.0,0.19565128368698698,2.374272625689566,0.001041700904182121
T800,200ns_100ns,104600000.0,0.21274942892118487,2.380467198222107,0.0010716732985423716
T800,200ns_100ns,104900000.0,0.2299842491053125,2.3865042367049507,0.0010911849797670158
T800,200ns_100ns,105200000.0,0.24733912482788525,2.3923771729154324,0.0010973061572428452
T800,200ns_100ns,105500000.0,0.26479688840733545,2.3980859827781913,0.001089144649300317
T800,200ns_100ns,105800000.0,0.2823423257785255,2.4036368383703492,0.0010677673745567377
T800,200ns_100ns,106100000.0,0.29996434829721014,2.4090408615524335,0.0010361316890469658
T800,200ns_100ns,106400000.0,0.3176575304290316,2.4143121714267544,0.000998988329711334
T800,200ns_100ns,106700000.0,0.33542280343858527,2.4194655140383605,0.0009626309723600397
T800,200ns_100ns,107000000.0,0.35326721712890957,2.4245138170583598,0.000934268374172487
T800,200ns_100ns,107300000.0,0.3712028139645138,2.42946601775127,0.0009207884490787552
T800,200ns_100ns,107600000.0,0.3892447839459228,2.434325469348162,0.0009269998778876083
T800,200ns_100ns,107900000.0,0.4074091672540367,2.4390891458205224,0.0009540841525251354
T800,200ns_100ns,108200000.0,0.4257104316138732,2.443747750491582,0.0009992558306324423
T800,200ns_100ns,108500000.0,0.44415926481161494,2.4482867063365394,0.0010568406871426929
T800,200ns_100ns,108800000.0,0.4627608886799269,2.4526878831613623,0.0011199531957006572
T800,200ns_100ns,109100000.0,0.4815141246252446,2.4569318160846487,0.001181876029790936
T800,200ns_100ns,109400000.0,0.500411333649219,2.4610001045502146,0.001236843784698098
T800,200ns_100ns,109700000.0,0.5194392311688164,2.46487765996849,0.0012803693249552792
T800,200ns_100ns,110000000.0,0.5385804560268682,2.468554495282715,0.0013093299342181305
T800,200ns_100ns,110300000.0,0.5578156706566367,2.472026817066554,0.0013219568293548181
T800,200ns_100ns,110600000.0,0.5771258993372016,2.4752972801900692,0.0013177953332346862
T800,200ns_100ns,110900000.0,0.5964947830469459,2.478374382362384,0.0012976588074764942
T800,200ns_100ns,111200000.0,0.6159104458756582,2.4812710944288314,0.0012635776912825157
T800,200ns_100ns,111500000.0,0.6353667262899219,2.484002925728453,0.0012187311547726836
T800,200ns_100ns,111800000.0,0.6548636180072852,2.4865856980170986,0.001167332241500384
T800,200ns_100ns,112100000.0,0.6744068766128841,2.489033336632265,0.0011144121949197246
T800,200ns_100ns,112400000.0,0.6940068635848615,2.4913559794891578,0.0010654214152679587
T800,200ns_100ns,112700000.0,0.713676803010436,2.493558654992911,0.0010255651779251546
T800,200ns_100ns,113000000.0,0.7334307038081394,2.495640696586149,0.0009988858599839238
T800,200ns_100ns,113300000.0,0.7532812414120368,2.497595956551688,0.0009873222649475083
T800,200ns_100ns,113600000.0,0.7732378925324853,2.4994137698082346,0.0009901804509140728
T800,200ns_100ns,113900000.0,0.7933055755348667,2.5010805154122955,0.001004354150174667
T800,200ns_100ns,114200000.0,0.8134839735668307,2.5025815434720102,0.0010252043030533691
T800,200ns_100ns,114500000.0,0.8337676188778008,2.503903188914355,0.001047653245827007
T800,200ns_100ns,114800000.0,0.854146708923681,2.5050345868923913,0.0010670842433415306
T800,200ns_100ns,115100000.0,0.8746085229922155,2.5059690378363175,0.0010799007803642918
T800,200ns_100ns,115400000.0,0.8951392263023542,2.5067047379584553,0.0010838011247295137
T800,200ns_100ns,115700000.0,0.9157257978823573,2.507244783405495,0.0010778790063971997
T800,200ns_100ns,116000000.0,0.9363578055726646,2.5075964599469085,0.0010626339557268216
T800,200ns_100ns,116300000.0,0.9570287774373393,2.507769930457155,0.001039927466864733
T800,200ns_100ns,116600000.0,0.9777369794740262,2.507776515555349,0.0010128751881749896
T800,200ns_100ns,116900000.0,0.9984854958047481,2.507626817282917,0.0009856213413009377
T800,200ns_100ns,117200000.0,1.0192816070829687,2.507328954460878,0.0009629071826937246
T800,200ns_100ns,117500000.0,1.040135561589989,2.5068871592919146,0.0009493588460778277
T800,200ns_100ns,117800000.0,1.061058917657647,2.506300931070056,0.000948543442442645
T800,200ns_100ns,118100000.0,1.082062694132205,2.50556486252449,0.000962070128708932
T800,200ns_100ns,118400000.0,1.10315558986063,2.5046691589234316,0.0009891536047043508
T800,200ns_100ns,118700000.0,1.1243425207401188,2.50360077310163,0.001026873734277102
T800,200ns_100ns,119000000.0,1.1456236759721818,2.502344994569067,0.0010709584009049018
T800,200ns_100ns,119300000.0,1.1669942208110053,2.5008872694676563,0.0011166846751631079
T800,200ns_100ns,119600000.0,1.1884446820159393,2.499214998571856,0.0011595925275752767
T800,200ns_100ns,119900000.0,1.2099619573016702,2.497319066443973,0.001195927283233177
T800,200ns_100ns,120200000.0,1.231530804566595,2.4951948949303757,0.0012228651571421553
T800,200ns_100ns,120500000.0,1.2531356023042988,2.4928428823770687,0.0012386053635745984
T800,200ns_100ns,120800000.0,1.2747621380040968,2.490268176383232,0.0012423905134344986
T800,200ns_100ns,121100000.0,1.2963991808843018,2.487479820345522,0.0012344880936593272
T800,200ns_100ns,121400000.0,1.3180396285526992,2.484489399568659,0.0012161439145100584
T800,200ns_100ns,121700000.0,1.3396810790324476,2.4813093795675454,0.0011895028821313027
T800,200ns_100ns,122000000.0,1.3613257610364953,2.477951368378281,0.0011574796326058745
T800,200ns_100ns,122300000.0,1.382979844818354,2.4744245412067776,0.0011235503511892154
T800,200ns_100ns,122600000.0,1.4046522408552862,2.470734439178312,0.0010914327436166921
T800,200ns_100ns,122900000.0,1.4263530623088032,2.466882298496639,0.0010646374913349619
T800,200ns_100ns,123200000.0,1.4480919703859678,2.4628649901304933,0.0010459277704679562
T800,200ns_100ns,123500000.0,1.4698766337917348,2.458675564111075,0.0010368076357357447
T800,200ns_100ns,123800000.0,1.4917115132291792,2.454304308761363,0.0010372202461406232
T800,200ns_100ns,124100000.0,1.513597132694576,2.4497401652844126,0.001045595576271731
T800,200ns_100ns,124400000.0,1.5355299284185011,2.444972291621894,0.0010592397261254246
T800,200ns_100ns,124700000.0,1.5575026839318626,2.4399915524590665,0.0010749118707473477
T800,200ns_100ns,125000000.0,1.5795054775298116,2.4347917266192463,0.001089398837471147
T800,200ns_100ns,125300000.0,1.601526997818856,2.429370266367767,0.001099965693918007
T800,200ns_100ns,125600000.0,1.6235560337243922,2.4237285088722924,0.0011046514758323368
T800,200ns_100ns,125900000.0,1.6455829238660309,2.4178713187282863,0.0011024336268369648
T800,200ns_100ns,126200000.0,1.6676007591583388,2.411806220906195,0.0010932970730846683
T800,200ns_100ns,126500000.0,1.6896061701787333,2.4055421544439066,0.0010782320204081209
T800,200ns_100ns,126800000.0,1.711599591588447,2.399088028937697,0.0010591639809365001
T800,200ns_100ns,127100000.0,1.733584970899854,2.3924512914176557,0.0010387982768063316
T800,200ns_100ns,127400000.0,1.7555689674835775,2.3856367073322455,0.0010203465503909647
T800,200ns_100ns,127700000.0,1.7775597588907721,2.3786455270445788,0.001007108511779188
T800,200ns_100ns,128000000.0,1.799565625492188,2.371475153351994,0.0010019272112586153
T800,200ns_100ns,128300000.0,1.8215935138148318,2.364119354184991,0.0010066220287473307
T800,200ns_100ns,128600000.0,1.8436477800151247,2.3565689879692417,0.0010215809916025826
T800,200ns_100ns,128900000.0,1.865729287878372,2.3488131379002173,0.001045677386663055
T800,200ns_100ns,129200000.0,1.8878349847117133,2.3408404954323605,0.0010765398037695807
T800,200ns_100ns,129500000.0,1.909958010907537,2.332640800217367,0.0011110472905109833
T800,200ns_100ns,129800000.0,1.9320883244128626,2.3242061378404104,0.0011458633493895386
T800,200ns_100ns,130100000.0,1.954213750304293,2.3155319184765104,0.001177876252375446
T800,200ns_100ns,130400000.0,1.9763213079595139,2.306617405621723,0.0012045013140107909
T800,200ns_100ns,130700000.0,1.9983986317804208,2.297465727649794,0.0012238596107982068
T800,200ns_100ns,131000000.0,2.020435290851441,2.288083377026725,0.0012348663869151731
T800,200ns_100ns,131300000.0,2.042423829426345,2.2784792724706406,0.001237257598185519
T800,200ns_100ns,131600000.0,2.0643603910730355,2.2686635184173993,0.0012315707795885543
T800,200ns_100ns,131900000.0,2.086244848643787,2.2586460357923515,0.0012190843846529161
T800,200ns_100ns,132200000.0,2.108080431496839,2.248435253082777,0.0012017102013944206
T800,200ns_100ns,132500000.0,2.129872910807118,2.2380370352987624,0.0011818274787397122
T800,200ns_100ns,132800000.0,2.151629463746667,2.2274539925862658,0.0011620476855106465
T800,200ns_100ns,133100000.0,2.1733573795869265,2.2166852553209004,0.0011449101221619623
T800,200ns_100ns,133400000.0,2.1950627897670434,2.205726736389786,0.001132534478605351
T800,200ns_100ns,133700000.0,2.2167495973839926,2.194571833405284,0.0011262916403307185
T800,200ns_100ns,134000000.0,2.238418750675195,2.1832124632726133,0.0011265786590619964
T800,200ns_100ns,134300000.0,2.260067954542721,2.1716402771322385,0.001132772030916827
T800,200ns_100ns,134600000.0,2.281691851326804,2.1598478811732105,0.0011433791364967973
T800,200ns_100ns,134900000.0,2.303282635802213,2.147829890978868,0.0011563397532902927
T800,200ns_100ns,135200000.0,2.324831009041058,2.1355836732771136,0.0011693898217518183
T800,200ns_100ns,135500000.0,2.3463273296716767,2.123109675215589,0.0011804049338222117
T800,200ns_100ns,135800000.0,2.3677627954163762,2.1104113008438095,0.001187674343935594
T800,200ns_100ns,136100000.0,2.389130485903299,2.0974943588566934,0.0011900905588835319
T800,200ns_100ns,136400000.0,2.410426119558408,2.0843661657820727,0.00118725949846868
T800,200ns_100ns,136700000.0,2.431648419542249,2.071034436344775,0.0011795409616209064
T800,200ns_100ns,137000000.0,2.452799040033297,2.0575061212216754,0.0011680242839784936
T800,200ns_100ns,137300000.0,2.473882066640373,2.04378635809502,0.001154435710826482
T800,200ns_100ns,137600000.0,2.494903164535923,2.029877684295528,0.0011409676301704591
T800,200ns_100ns,137900000.0,2.515868496725876,2.0157796211585244,0.0011300216676067131
T800,200ns_100ns,138200000.0,2.5367835660324025,2.0014886870690796,0.0011238744306492298
T800,200ns_100ns,138500000.0,2.557652143719772,1.9869988356432549,0.001124308107934959
T800,200ns_100ns,138800000.0,2.578475434206388,1.9723022561145551,0.00113228568566498
T800,200ns_100ns,139100000.0,2.59925159112044,1.9573904230249188,0.001147764315827784
T800,200ns_100ns,139400000.0,2.619975650084785,1.9422552486154565,0.0011697072271997545
T800,200ns_100ns,139700000.0,2.6406398851873147,1.9268901783680552,0.0011962851098772339
T800,200ns_100ns,140000000.0,2.6612345373388018,1.9112910795226759,0.0012251952128519781
T800,200ns_100ns,140300000.0,2.681748811816042,1.8954568025156897,0.001254006686648458
T800,200ns_100ns,140600000.0,2.7021720062200587,1.8793893417118352,0.0012804628783139272
T800,200ns_100ns,140900000.0,2.72249461367284,1.8630935778871887,0.0013027085150731919
T800,200ns_100ns,141200000.0,2.7427092513715112,1.8465766427499093,0.0013194385699974679
T800,200ns_100ns,141500000.0,2.762811290604838,1.829846997304874,0.001329978861187435
T800,200ns_100ns,141800000.0,2.7827991071444877,1.8129133540086155,0.0013343098596839094
T800,200ns_100ns,142100000.0,2.802673924383866,1.7957835922874006,0.0013330409563547714
T800,200ns_100ns,142400000.0,2.82243927815293,1.7784638156349504,0.0013273371436503777
T800,200ns_100ns,142700000.0,2.84210018388559,1.7609576766224733,0.0013187965462548835
T800,200ns_100ns,143000000.0,2.8616621266347058,1.7432660570653569,0.0013092776588318493
T800,200ns_100ns,143300000.0,2.8811300169403755,1.7253871399616274,0.001300681450841156
T800,200ns_100ns,143600000.0,2.9005072578699473,1.7073168548460447,0.0012947063319635234
T800,200ns_100ns,143900000.0,2.919795050615603,1.6890496266007473,0.001292610419172196
T800,200ns_100ns,144200000.0,2.938992030626767,1.670579316659769,0.0012950276839539625
T800,200ns_100ns,144500000.0,2.958094278548273,1.651900220535196,0.001301882308999598
T800,200ns_100ns,144800000.0,2.9770956970399833,1.63300797993216,0.0013124244556464416
T800,200ns_100ns,145100000.0,2.9959886933689646,1.6139002819471604,0.0013253780436953252
T800,200ns_100ns,145400000.0,3.014765065601081,1.594577249704908,0.0013391629371424466
T800,200ns_100ns,145700000.0,3.0334169630316667,1.575041473603677,0.0013521426519567438
T800,200ns_100ns,146000000.0,3.051937782791571,1.5552976836841323,0.0013628551285946337
T800,200ns_100ns,146300000.0,3.0703228753196075,1.5353521142508464,0.0013701996331255662
T800,200ns_100ns,146600000.0,3.0885699598687792,1.5152116547005197,0.0013735677786749219
T800,200ns_100ns,146900000.0,3.106679193208872,1.4948829096486322,0.0013729158144976125
T800,200ns_100ns,147200000.0,3.1246528841718337,1.4743713029963896,0.0013687783758117766
T800,200ns_100ns,147500000.0,3.142494896658607,1.4536803531288482,0.001362223169895082
T800,200ns_100ns,147800000.0,3.1602098271916703,1.4328112212444661,0.001354744844314388
T800,200ns_100ns,148100000.0,3.1778020740659394,1.411762595609702,0.0013480979694352115
T800,200ns_100ns,148400000.0,3.1952749294312763,1.390530926936279,0.0013440766521579934
T800,200ns_100ns,148700000.0,3.212629821432304,1.369110980835408,0.0013442626951679143
T800,200ns_100ns,149000000.0,3.2298658116123047,1.3474966292920023,0.001349781712552221
T800,200ns_100ns,149300000.0,3.246979416427776,1.325681770413022,0.0013611179271194938
T800,200ns_100ns,149600000.0,3.2639647761218957,1.3036612487568011,0.0013780329381091313
T800,200ns_100ns,149900000.0,3.2808141458412963,1.2814316495402955,0.0013996086634256988
T800,200ns_100ns,150200000.0,3.2975186394951597,1.2589918586078392,0.0014244000765702327
T800,200ns_100ns,150500000.0,3.3140691225966226,1.2363433134456858,0.0014506564340009671
T800,200ns_100ns,150800000.0,3.330457130831571,1.2134899139315998,0.0014765615745297076
T800,200ns_100ns,151100000.0,3.346675688911195,1.190437608763092,0.0015004529405880586
T800,200ns_100ns,151400000.0,3.3627199194955133,1.1671937180049907,0.0015209954395422783
T800,200ns_100ns,151700000.0,3.3785873622821314,1.1437660877825504,0.0015373009164023398
T800,200ns_100ns,152000000.0,3.394277964366918,1.1201621949839373,0.0015489927699800113
T800,200ns_100ns,152300000.0,3.4097937488543892,1.0963883250577295,0.0015562184997245398
T800,200ns_100ns,152600000.0,3.4251382129969103,1.0724489340818473,0.0015596130854541254
T800,200ns_100ns,152900000.0,3.4403155437363133,1.0483462791031493,0.0015602156302659325
T800,200ns_100ns,153200000.0,3.455329762409078,1.0240803622827885,0.0015593427031210245
T800,200ns_100ns,153500000.0,3.47018391840842,0.9996491901232253,0.001558425664401613
T800,200ns_100ns,153800000.0,3.4848794428435,0.9750493052299203,0.0015588261813998844
T800,200ns_100ns,154100000.0,3.4994157491486515,0.9502765107834074,0.001561652597762002
T800,200ns_100ns,154400000.0,3.5137901317125864,0.9253266822623655,0.0015676062221140555
T800,200ns_100ns,154700000.0,3.527997971087327,0.9001965504036236,0.001576886472073317
T800,200ns_100ns,155000000.0,3.5420332111980373,0.8748843451823669,0.0015891745299315798
T800,200ns_100ns,155300000.0,3.555889036258375,0.8493902117398205,0.0016036985770575953
T800,200ns_100ns,155600000.0,3.5695586479809207,0.8237163425239089,0.001619365877652055
T800,200ns_100ns,155900000.0,3.583036030835556,0.7978668106419827,0.0016349347855801756
T800,200ns_100ns,156200000.0,3.596316596162587,0.7718471317658865,0.001649196519528232
T800,200ns_100ns,156500000.0,3.6093976142838367,0.745663619941341,0.0016611409356499008
T800,200ns_100ns,156800000.0,3.622278374635582,0.7193226310710185,0.0016700884373075221
T800,200ns_100ns,157100000.0,3.634960052901996,0.6928298027959243,0.0016757777262099225
T800,200ns_100ns,157400000.0,3.647445305635896,0.6661893990505972,0.0016784043558227548
T800,200ns_100ns,157700000.0,3.659737651068885,0.6394038519457179,0.0016786080053816292
T800,200ns_100ns,158000000.0,3.6718407244383835,0.61247356517645,0.0016774083228125439
T800,200ns_100ns,158300000.0,3.6837575131420244,0.5853970059854383,0.0016760918249796918
T800,200ns_100ns,158600000.0,3.695489679125944,0.5581710720981562,0.0016760572040051972
T800,200ns_100ns,158900000.0,3.7070370629905853,0.5307916817061219,0.0016786339468612909
T800,200ns_100ns,159200000.0,3.7183974383035445,0.5032545038244433,0.0016848980199976888
T800,200ns_100ns,159500000.0,3.7295665493072803,0.4755557274056871,0.0016955149233657597
T800,200ns_100ns,159800000.0,3.7405384256138583,0.44769276296931515,0.0017106401846734135
T800,200ns_100ns,160100000.0,3.7513059291478927,0.41966478070529767,0.0017298977875741758
T800,200ns_100ns,160400000.0,3.7618614568588433,0.3914730124546821,0.0017524400984935738
T800,200ns_100ns,160700000.0,3.7721977019161304,0.3631207782561764,0.0017770748183935218
T800,200ns_100ns,161000000.0,3.7823083690120964,0.33461323654592007,0.001802432178536965
T800,200ns_100ns,161300000.0,3.7921887468555537,0.30595689520465225,0.0018271423543515179
T800,200ns_100ns,161600000.0,3.8018360617519344,0.2771589531732644,0.001849997511384448
T800,200ns_100ns,161900000.0,3.811249567286069,0.24822656484184216,0.001870080976911466
T800,200ns_100ns,162200000.0,3.8204303621111038,0.21916612884930078,0.0018868539435297003
T800,200ns_100ns,162500000.0,3.8293809654848263,0.18998269814845095,0.0019001959023546738
T800,200ns_100ns,162800000.0,3.8381047132434354,0.16067959003201027,0.0019103985730400679
T800,200ns_100ns,163100000.0,3.8466050608253948,0.13125824595806296,0.0019181154208151973
T800,200ns_100ns,163400000.0,3.8548848915159035,0.10171835560943344,0.001924271170351876
T800,200ns_100ns,163700000.0,3.862945925848794,0.07205822267700084,0.0019299389983273162
T800,200ns_100ns,164000000.0,3.8707883125097906,0.042275316537510745,0.0019361975441622493
T800,200ns_100ns,164300000.0,3.8784104545235216,0.012366928903937485,0.0019439847636547524
T800,200ns_100ns,164600000.0,3.8858090907603633,-0.017669158939596048,0.001953969193069157
T800,200ns_100ns,164900000.0,3.892979616706737,-0.04783409280339659,0.0019664592199471194
T800,200ns_100ns,165200000.0,3.8999165950449424,-0.07812752752389547,0.0019813660424275667
T800,200ns_100ns,165500000.0,3.906614380532909,-0.10854743116743558,0.001998226609968174
T800,200ns_100ns,165800000.0,3.913067768517622,-0.13909013646059956,0.0020162815474347967
T800,200ns_100ns,166100000.0,3.9192725741446273,-0.16975062921658107,0.0020345933824940307
T800,200ns_100ns,166400000.0,3.925226060129759,-0.2005230301694686,0.0020521849786018856
T800,200ns_100ns,166700000.0,3.9309271531675383,-0.23140119974770942,0.0020681775408103106
T800,200ns_100ns,167000000.0,3.936376419451513,-0.26237937859851074,0.002081910660720038
T800,200ns_100ns,167300000.0,3.941575804018806,-0.2934527723592171,0.002093031588933997
T800,200ns_100ns,167600000.0,3.9465281718941587,-0.3246179977301208,0.0021015456195650948
T800,200ns_100ns,167900000.0,3.9512367166399773,-0.3558733270127408,0.0021078234100020844
T800,200ns_100ns,168200000.0,3.9557043201174253,-0.3872186970121778,0.0021125643868357253
T800,200ns_100ns,168500000.0,3.959932953583531,-0.4186554814650444,0.00211671875504477
T800,200ns_100ns,168800000.0,3.963923203902099,-0.45018605924965305,0.00212137469550711
T800,200ns_100ns,169100000.0,3.9676739906707756,-0.4818132389520536,0.0021276223029102026
T800,200ns_100ns,169400000.0,3.971182513043311,-0.5135396199854864,0.0021364110016274217
T800,200ns_100ns,169700000.0,3.9744444328472435,-0.5453669787459947,0.002148420965259167
T800,200ns_100ns,170000000.0,3.977454267770567,-0.5772957641833991,0.0021639693957075062
T800,400ns_0ns,20000000.0,-0.142468658165297,-0.1891374545652056,1.1242038140509842
T800,400ns_0ns,20300000.0,-1.2550906682898268,0.2301505330956137,1.127850763569669
T800,400ns_0ns,20600000.0,-1.7561837677148606,1.2719841475312583,1.1331254767258425
T800,400ns_0ns,20900000.0,-1.3985899167320872,2.3493015047491776,1.1385084375006902
T800,400ns_0ns,21200000.0,-0.400189484173297,2.873361547872594,1.142386217948101
T800,400ns_0ns,21500000.0,0.6854637053410866,2.567573137701603,1.1439165756440115
T800,400ns_0ns,21800000.0,1.2736804958540426,1.6061814331665805,1.143474126680657
T800,400ns_0ns,22100000.0,1.0612940819680114,0.5088588243504878,1.1424537561752384
T800,400ns_0ns,22400000.0,0.1806840006021203,-0.14592851991215375,1.1425247771709903
T800,400ns_0ns,22700000.0,-0.8825802800609593,-0.031140878751569838,1.1447160828032144
T800,400ns_0ns,23000000.0,-1.558246081054739,0.7609816964149317,1.1488374539655235
T800,400ns_0ns,23300000.0,-1.497978309595105,1.7791387836768884,1.1535777652064028
T800,400ns_0ns,23600000.0,-0.7555834412341067,2.463194221451985,1.1572233368585902
T800,400ns_0ns,23900000.0,0.252000108984726,2.446056001652975,1.1585823674782552
T800,400ns_0ns,24200000.0,0.9765526507489414,1.7448601563141852,1.1576160766451906
T800,400ns_0ns,24500000.0,1.0347077931105846,0.7422332390246998,1.1554577203231065
T800,400ns_0ns,24800000.0,0.408731797336095,-0.027152838097091004,1.1538083807925184
T800,400ns_0ns,25100000.0,-0.5528889647644579,-0.16601956716069294,1.154011616382741
T800,400ns_0ns,25400000.0,-1.3305138591155325,0.37646281491164607,1.1563053073117178
T800,400ns_0ns,25700000.0,-1.5152119025526873,1.285718532980373,1.1596831212061427
T800,400ns_0ns,26000000.0,-1.024817823816614,2.0585343567037495,1.1624490490681532
T800,400ns_0ns,26300000.0,-0.14029538736431252,2.276539025934616,1.1631396200039503
T800,400ns_0ns,26600000.0,0.6528673427290447,1.8280286027147428,1.1613027386913877
T800,400ns_0ns,26900000.0,0.9290106574127003,0.9607679119413257,1.1577324250133876
T800,400ns_0ns,27200000.0,0.548709892839799,0.14136437644982733,1.1540445180773513
T800,400ns_0ns,27500000.0,-0.27295757946316496,-0.19928099234925314,1.1518034650543365
T800,400ns_0ns,27800000.0,-1.0892928017761465,0.10418311994964677,1.1516595363411262
T800,400ns_0ns,28100000.0,-1.4661074926989708,0.8688010545363318,1.15298472834362
T800,400ns_0ns,28400000.0,-1.2139024261810438,1.668723680374933,1.1542228449127303
T800,400ns_0ns,28700000.0,-0.48413870527264596,2.0683731245161403,1.1537446845695754
T800,400ns_0ns,29000000.0,0.31903118977552786,1.8558981902943295,1.1507223698210542
T800,400ns_0ns,29300000.0,0.7604706272171269,1.151984104615259,1.1455623335656921
T800,400ns_0ns,29600000.0,0.6077768467143976,0.33836441242523724,1.1396845138803648
T800,400ns_0ns,29900000.0,-0.04834385452590704,-0.1519980810560134,1.1347587355864361
T800,400ns_0ns,30200000.0,-0.8491861648379173,-0.06792130218217736,1.131792403117235
T800,400ns_0ns,30500000.0,-1.3656039193552576,0.5290243016152322,1.1305742389502966
T800,400ns_0ns,30800000.0,-1.3293855302797202,1.3036874282762079,1.1297987428026048
T800,400ns_0ns,31100000.0,-0.773859561539219,1.8323170775040551,1.1277939971413626
T800,400ns_0ns,31400000.0,-0.01018711721448106,1.831421361249092,1.123429154042755
T800,400ns_0ns,31700000.0,0.5447814340987172,1.3070519337372646,1.1167109233580272
T800,400ns_0ns,32000000.0,0.5940113640079806,0.5460537903448681,1.10877206844724
T800,400ns_0ns,32300000.0,0.11730163821130342,-0.04303304974579914,1.1012631447146455
T800,400ns_0ns,32600000.0,-0.6230445783813241,-0.15133228329770768,1.0954580920287755
T800,400ns_0ns,32900000.0,-1.2281186042646364,0.2665507593435071,1.0915575259521149
T800,400ns_0ns,33200000.0,-1.3788718683418235,0.9730024228215645,1.0885897436995884
T800,400ns_0ns,33500000.0,-1.0058132134926248,1.5799961016311233,1.0849637158270822
T800,400ns_0ns,33800000.0,-0.32180174149387075,1.7599633942894473,1.0793444682060835
T800,400ns_0ns,34100000.0,0.29719110559272977,1.4204654121966984,1.071364379406122
T800,400ns_0ns,34400000.0,0.5167026422976907,0.7496385685396062,1.061808353289729
T800,400ns_0ns,34700000.0,0.22253571495015034,0.11032028268060251,1.0521899438192888
T800,400ns_0ns,35000000.0,-0.42177664750400773,-0.15771236248369935,1.0439358098033593
T800,400ns_0ns,35300000.0,-1.06752217041324,0.08028514912442741,1.0376108829143262
T800,400ns_0ns,35600000.0,-1.371147197492687,0.685193921407024,1.032620841295741
T800,400ns_0ns,35900000.0,-1.1785945670066564,1.3233443415795496,1.0275625270504678
T800,400ns_0ns,36200000.0,-0.6048317167445654,1.6489127500675267,1.021007649881348
T800,400ns_0ns,36500000.0,0.032352085056033236,1.4897969957467678,1.012272296241326
T800,400ns_0ns,36800000.0,0.386329444564971,0.9371589285909422,1.001769975430339
T800,400ns_0ns,37100000.0,0.26824350977789396,0.29216176420184536,0.9907822133519032
T800,400ns_0ns,37400000.0,-0.25412966047665914,-0.09917467351204667,0.980769095949566
T800,400ns_0ns,37700000.0,-0.8969131238752494,-0.03253604450602542,0.9725797361365385
T800,400ns_0ns,38000000.0,-1.316054455349077,0.4472081416181614,0.9659987039128517
T800,400ns_0ns,38300000.0,-1.2930878878665872,1.074053423591164,0.9598885724410804
T800,400ns_0ns,38600000.0,-0.8505177008779135,1.5072313112781524,0.9528356536296003
T800,400ns_0ns,38900000.0,-0.2359688639811192,1.5154457803833745,0.9439205489740542
T800,400ns_0ns,39200000.0,0.21433918465751423,1.0994458782148713,0.9331988067654957
T800,400ns_0ns,39500000.0,0.2576066481089997,0.48805811174445657,0.9216582524285055
T800,400ns_0ns,39800000.0,-0.1265032228093375,0.01175074004889048,0.9106852013428874
T800,400ns_0ns,40100000.0,-0.7283000786834998,-0.07649134881014658,0.9013162314209314
T800,400ns_0ns,40400000.0,-1.2242097016192282,0.264038004702118,0.8936805713021094
T800,400ns_0ns,40700000.0,-1.3523747850578813,0.8430509300876334,0.8869500917066544
T800,400ns_0ns,41000000.0,-1.0524851137174451,1.3449575248745829,0.8798185535157298
T800,400ns_0ns,41300000.0,-0.49523537414145247,1.5003392060115874,0.8712221651188846
T800,400ns_0ns,41600000.0,0.012799324561004168,1.2301004254359371,0.8609020267821922
T800,400ns_0ns,41900000.0,0.1959394811644357,0.6852339584173529,0.8495264501115533
T800,400ns_0ns,42200000.0,-0.04283292885167107,0.16233859820807015,0.8383246956329431
T800,400ns_0ns,42500000.0,-0.572260952095121,-0.057923670652517634,0.8284232072188591
T800,400ns_0ns,42800000.0,-1.1066188525153189,0.13849177997577677,0.8202371649066038
T800,400ns_0ns,43100000.0,-1.3615205888820794,0.6400319351799159,0.8132585273805529
T800,400ns_0ns,43400000.0,-1.206825430804514,1.1726820141053917,0.8063587249773075
T800,400ns_0ns,43700000.0,-0.734483538146089,1.4495738231296698,0.7984189500788516
T800,400ns_0ns,44000000.0,-0.20602596360428826,1.32543859416098,0.7889285871373262
T800,400ns_0ns,44300000.0,0.09041369404703546,0.8727984145858827,0.7782417788810265
T800,400ns_0ns,44600000.0,-0.004564903776677874,0.34000019208543053,0.767375599517054
T800,400ns_0ns,44900000.0,-0.43762683060064467,0.015260890179617553,0.757459209192995
T800,400ns_0ns,45200000.0,-0.9742421262831785,0.07109766483210914,0.7491225242658184
T800,400ns_0ns,45500000.0,-1.3272600245411885,0.4730642801937108,0.7421615178328488
T800,400ns_0ns,45800000.0,-1.3120809896366974,1.001018628447213,0.7356703434913472
T800,400ns_0ns,46100000.0,-0.9446212811331863,1.3699963016128165,0.728553916256674
T800,400ns_0ns,46400000.0,-0.4301315029927384,1.384371554528805,0.7201207850942207
T800,400ns_0ns,46700000.0,-0.05030686653835178,1.04195276076081,0.710439031721955
T800,400ns_0ns,47000000.0,-0.010730388681505469,0.5326682921984662,0.7002849208893164
T800,400ns_0ns,47300000.0,-0.33122403010100054,0.13390686139730137,0.6907196853567841
T800,400ns_0ns,47600000.0,-0.8375448068924641,0.060136375841963366,0.6825142619005186
T800,400ns_0ns,47900000.0,-1.2576049534209284,0.34828447944877927,0.6757334943240632
T800,400ns_0ns,48200000.0,-1.369128858634925,0.8400949933490368,0.6697156618192912
T800,400ns_0ns,48500000.0,-1.1186570399160016,1.2697357926335813,0.6634526303526048
T800,400ns_0ns,48800000.0,-0.6482236439852566,1.4082071819721385,0.6561424464228649
T800,400ns_0ns,49100000.0,-0.21649733435707044,1.1861430573458387,0.6476092723322813
T800,400ns_0ns,49400000.0,-0.05812046269734048,0.7291909053832729,0.6383817408081687
T800,400ns_0ns,49700000.0,-0.257697304827696,0.2880020344283095,0.6294008167115974
T800,400ns_0ns,50000000.0,-0.7060670022441485,0.1017908510124174,0.6215092758791395
T800,400ns_0ns,50300000.0,-1.1613987967621722,0.2696963920361267,0.6149942974968063
T800,400ns_0ns,50600000.0,-1.3809674863958186,0.6990858882894979,0.609439950360502
T800,400ns_0ns,50900000.0,-1.2518392891892476,1.1577050596333425,0.6039713978250363
T800,400ns_0ns,51200000.0,-0.8501395252794548,1.4003714060556671,0.5977404130633304
T800,400ns_0ns,51500000.0,-0.397843580191438,1.301134606899881,0.590376214890934
T800,400ns_0ns,51800000.0,-0.14155364492291725,0.9196986863977277,0.5821692546979244
T800,400ns_0ns,52100000.0,-0.21942839476794918,0.4671172607140473,0.5739052580401429
T800,400ns_0ns,52400000.0,-0.5880398897872813,0.1903984845201254,0.566438317136103
T800,400ns_0ns,52700000.0,-1.0478434347468049,0.2390794353214695,0.5602264001280906
T800,400ns_0ns,53000000.0,-1.352416500058756,0.5858105592469541,0.5550860316415503
T800,400ns_0ns,53300000.0,-1.3416966680512579,1.0430914852486077,0.5503060538544402
T800,400ns_0ns,53600000.0,-1.0272081039390049,1.3660565932163646,0.5450472478904402
T800,400ns_0ns,53900000.0,-0.5839285249432429,1.3849956028274475,0.5387945565964346
T800,400ns_0ns,54200000.0,-0.25422314937176194,1.0959182443448774,0.5316209011308809
T800,400ns_0ns,54500000.0,-0.21655633780316955,0.6608634531206463,0.5241368371406415
T800,400ns_0ns,54800000.0,-0.49007073954361496,0.31878770003567514,0.5171577158093558
T800,400ns_0ns,55100000.0,-0.926024535888407,0.2560074572367068,0.511260399597825
T800,400ns_0ns,55400000.0,-1.289745306226178,0.5064116068354536,0.5064700486711129
T800,400ns_0ns,55700000.0,-1.3879758068721149,0.934860634069526,0.5022556541708735
T800,400ns_0ns,56000000.0,-1.172533290297912,1.3118107506557786,0.4978323829986904
T800,400ns_0ns,56300000.0,-0.7647073213908684,1.437985956533452,0.4925899818948017
T800,400ns_0ns,56600000.0,-0.38810591538974276,1.2514103612242922,0.48641160471632183
T800,400ns_0ns,56900000.0,-0.24709896562142983,0.8593378206284871,0.47972497142583503
T800,400ns_0ns,57200000.0,-0.41691353506916135,0.4786775978762266,0.4732673313466014
T800,400ns_0ns,57500000.0,-0.8044603032227139,0.3179737322907124,0.46768523253483013
T800,400ns_0ns,57800000.0,-1.2002501160632575,0.46512864944151944,0.4631819260865425
T800,400ns_0ns,58100000.0,-1.3924805873460577,0.8412948312653082,0.4594114917696039
T800,400ns_0ns,58400000.0,-1.2811851417826492,1.2450859493640363,0.45567911501025277
T800,400ns_0ns,58700000.0,-0.9309472703276412,1.4623546635117262,0.45132497951190254
T800,400ns_0ns,59000000.0,-0.5344122537633965,1.3817186993831498,0.4460743376114193
T800,400ns_0ns,59300000.0,-0.30716876619118255,1.0535340291530337,0.44017402628414737
T800,400ns_0ns,59600000.0,-0.37133628171785793,0.6611172489918739,0.4342538567429465
T800,400ns_0ns,59900000.0,-0.6906965224069962,0.42061224772441047,0.4289852753121219
T800,400ns_0ns,60200000.0,-1.091801640669691,0.4641748746036859,0.4247152251326296
T800,400ns_0ns,60500000.0,-1.3588224249411192,0.7695875023966261,0.42127851968234553
T800,400ns_0ns,60800000.0,-1.3502909284401958,1.1737672775351427,0.41809693785048463
T800,400ns_0ns,61100000.0,-1.0746110146976855,1.4620553131289167,0.4145023845488991
T800,400ns_0ns,61400000.0,-0.6840530368610952,1.4844210438706853,0.4100961306588062
T800,400ns_0ns,61700000.0,-0.39127089770443685,1.23569447453703,0.404953482001968
T800,400ns_0ns,62000000.0,-0.35409018896474237,0.8569401696926643,0.3995764432996747
T800,400ns_0ns,62300000.0,-0.590967604133998,0.5580007858709095,0.39462182626415565
T800,400ns_0ns,62600000.0,-0.9723869205624297,0.5037191618745478,0.3905440652746102
T800,400ns_0ns,62900000.0,-1.2920960743318002,0.7255110406634702,0.38734692704640267
T800,400ns_0ns,63200000.0,-1.3790237726134427,1.1057049457663084,0.3845871206806981
T800,400ns_0ns,63500000.0,-1.1891652062672564,1.4423944216837241,0.3816248593623599
T800,400ns_0ns,63800000.0,-0.8281008056136234,1.559081389825247,0.3779721045385505
T800,400ns_0ns,64100000.0,-0.4926667123547421,1.399587100631897,0.3735476907250622
T800,400ns_0ns,64400000.0,-0.36398004864841765,1.0572096490441223,0.36871332637019405
T800,400ns_0ns,64700000.0,-0.5099391998766498,0.7230274846965186,0.36407720909045255
T800,400ns_0ns,65000000.0,-0.849668601484738,0.5819709583226568,0.3601646795231469
T800,400ns_0ns,65300000.0,-1.198499310529982,0.7131719511599056,0.35713070411399445
T800,400ns_0ns,65600000.0,-1.3684922922500038,1.048271954165695,0.3546777351859954
T800,400ns_0ns,65900000.0,-1.269801315533619,1.4096310895154156,0.3522260685262233
T800,400ns_0ns,66200000.0,-0.9582219723361344,1.6071070683549096,0.34923298002511005
T800,400ns_0ns,66500000.0,-0.6037828781041995,1.540694060675372,0.34548041054503725
T800,400ns_0ns,66800000.0,-0.3980295950596392,1.253631938099916,0.34118424226917915
T800,400ns_0ns,67100000.0,-0.4505431967976265,0.9077997854844778,0.33687569196428296
T800,400ns_0ns,67400000.0,-0.7305835529743093,0.6953598524096977,0.3331150383467001
T800,400ns_0ns,67700000.0,-1.0849175363082275,0.7348622926487518,0.3301858175903955
T800,400ns_0ns,68000000.0,-1.3215400089001608,1.0079681798742959,0.32794001277910556
T800,400ns_0ns,68300000.0,-1.3135603218847718,1.3705490356630894,0.32588484439581605
T800,400ns_0ns,68600000.0,-1.067059362605781,1.631520453173012,0.3234569415585624
T800,400ns_0ns,68900000.0,-0.7166441571284872,1.6563048455268037,0.32032465376429287
T800,400ns_0ns,69200000.0,-0.45173064468816143,1.4389168201529812,0.3165588053879636
T800,400ns_0ns,69500000.0,-0.4139106831666391,1.104073121497408,0.3125909081038326
T800,400ns_0ns,69800000.0,-0.6210001225474269,0.8387971329005334,0.30898162279353475
T800,400ns_0ns,70100000.0,-0.9584957757200553,0.7910113123475963,0.30611641776037424
T800,400ns_0ns,70400000.0,-1.2424679168183796,0.9900890261203699,0.30399384226203496
T800,400ns_0ns,70700000.0,-1.319358345750893,1.3320233019022083,0.30222967067960466
T800,400ns_0ns,71000000.0,-1.1485474525766013,1.6366593729651913,0.30027284449380637
T800,400ns_0ns,71300000.0,-0.8233071126244839,1.7455120008772504,0.29770460013620115
T800,400ns_0ns,71600000.0,-0.519360561173715,1.6070685765610473,0.2944573623698092
T800,400ns_0ns,71900000.0,-0.3994030706593103,1.303676370666032,0.29084598017434193
T800,400ns_0ns,72200000.0,-0.5254496873248001,1.0060027199909,0.28739912031341364
T800,400ns_0ns,72500000.0,-0.8262206061197993,0.8802358895091107,0.2845743456833947
T800,400ns_0ns,72800000.0,-1.1366973449409445,0.9984730367488666,0.2825071865648039
T800,400ns_0ns,73100000.0,-1.287915604739729,1.300603790302631,0.2809378778164198
T800,400ns_0ns,73400000.0,-1.198146654931606,1.627823929010093,0.27935891669814894
T800,400ns_0ns,73700000.0,-0.9162725139528765,1.8091129093020721,0.27729359880943383
T800,400ns_0ns,74000000.0,-0.5943493275689741,1.7535946101049802,0.27454826431763824
T800,400ns_0ns,74300000.0,-0.40473631916516933,1.4989119602524854,0.2713101638798858
T800,400ns_0ns,74600000.0,-0.44694380179909105,1.1898779061181226,0.26804662677594404
T800,400ns_0ns,74900000.0,-0.6945334660664182,0.9994832796315894,0.26525518192319814
T800,400ns_0ns,75200000.0,-1.0103929767811983,1.0353383965766512,0.2631922763487019
T800,400ns_0ns,75500000.0,-1.2215961674793925,1.2821364113433233,0.26173207965814654
T800,400ns_0ns,75800000.0,-1.2129876938546258,1.610889892369864,0.2604392719667829
T800,400ns_0ns,76100000.0,-0.9888559617528377,1.849426115290461,0.25881048380396426
T800,400ns_0ns,76400000.0,-0.6696753989908684,1.8756238165353192,0.2565437662528626
T800,400ns_0ns,76700000.0,-0.4261884167795356,1.6829105716923989,0.2536942121786069
T800,400ns_0ns,77000000.0,-0.3868833945754597,1.3829025568870819,0.2506424822203306
T800,400ns_0ns,77300000.0,-0.568994527416505,1.1442550348210851,0.24789278106360138
T800,400ns_0ns,77600000.0,-0.8700674685476291,1.1012133465293314,0.24580026123955104
T800,400ns_0ns,77900000.0,-1.1241705210582653,1.2814401497912524,0.2443752759122942
T800,400ns_0ns,78200000.0,-1.1919221485267895,1.5919101790959027,0.243279484042467
T800,400ns_0ns,78500000.0,-1.0354990557777548,1.8700350956757796,0.24201537737731724
T800,400ns_0ns,78800000.0,-0.7382685589432043,1.9719319425987614,0.24019573398974284
T800,400ns_0ns,79100000.0,-0.45887609429258597,1.8499235017498525,0.2377456800174566
T800,400ns_0ns,79400000.0,-0.3450613443601642,1.5775348437995518,0.23493896879588147
T800,400ns_0ns,79700000.0,-0.454013027746865,1.3088970703806093,0.23225343392241315
T800,400ns_0ns,80000000.0,-0.722189416786868,1.1949604743913307,0.2301152718771573
T800,400ns_0ns,80300000.0,-1.0005166882140062,1.302054909988819,0.22866535694770437
T800,400ns_0ns,80600000.0,-1.1354803261511208,1.5767259690083406,0.22768180135861207
T800,400ns_0ns,80900000.0,-1.0520070889123074,1.8754759276941935,0.22670550186239694
T800,400ns_0ns,81200000.0,-0.7933982420905691,2.04287627379533,0.22529170723125985
T800,400ns_0ns,81500000.0,-0.4970834388696592,1.9955396252656703,0.22324480220419216
T800,400ns_0ns,81800000.0,-0.3197546983200165,1.7665921488980965,0.2207175882027333
T800,400ns_0ns,82100000.0,-0.35265589080768805,1.4869377993659962,0.2181303818316617
T800,400ns_0ns,82400000.0,-0.5728155597109844,1.313889845567598,0.21594849679705616
T800,400ns_0ns,82700000.0,-0.8562784231687339,1.3460707784542276,0.21442941377408134
T800,400ns_0ns,83000000.0,-1.0457425491608088,1.5706078736194824,0.21348022553610965
T800,400ns_0ns,83300000.0,-1.0357036264008743,1.870887828718786,0.21271112874867334
T800,400ns_0ns,83600000.0,-0.8290272448367193,2.0902468138801584,0.21165144825950588
T800,400ns_0ns,83900000.0,-0.5346228408746927,2.1168183928017315,0.2100011548571601
T800,400ns_0ns,84200000.0,-0.3078981145873117,1.9435935016265549,0.20778525700833142
T800,400ns_0ns,84500000.0,-0.2665418998117378,1.671454287691369,0.20533912073781393
T800,400ns_0ns,84800000.0,-0.4272661495020948,1.4539513705234752,0.20313269234272102
T800,400ns_0ns,85100000.0,-0.6975007515946082,1.4140446791258814,0.20151812695788388
T800,400ns_0ns,85400000.0,-0.9261344217338557,1.5779453523047435,0.20053555203981718
T800,400ns_0ns,85700000.0,-0.9854971234768192,1.861647002045731,0.19989164404160492
T800,400ns_0ns,86000000.0,-0.8401132572892209,2.11704546120235,0.19912391751993602
T800,400ns_0ns,86300000.0,-0.5652075882647554,2.2123351755638465,0.19785108344295463
T800,400ns_0ns,86600000.0,-0.3053259847261852,2.1030466939351165,0.19597151480740443
T800,400ns_0ns,86900000.0,-0.19582380987103445,1.8554455925063382,0.19371372339309367
T800,400ns_0ns,87200000.0,-0.28985945348964787,1.609992906289326,0.1915174047105483
T800,400ns_0ns,87500000.0,-0.5302636462827006,1.5050055418417905,0.18980042133607114
T800,400ns_0ns,87800000.0,-0.781160363733209,1.6019994298352214,0.18873039301484137
T800,400ns_0ns,88100000.0,-0.9018596053033349,1.8530045092563545,0.18813161720776964
T800,400ns_0ns,88400000.0,-0.8228439993865598,2.1272082530626326,0.1875845099432565
T800,400ns_0ns,88700000.0,-0.5828154154791755,2.282140176406644,0.18665575710251875
T800,400ns_0ns,89000000.0,-0.3070673228795026,2.2406667994437037,0.18512671020096802
T800,400ns_0ns,89300000.0,-0.13925587841410844,2.032192757656026,0.18310430722219928
T800,400ns_0ns,89600000.0,-0.1637175514311713,1.7760674683971858,0.18096515316234094
T800,400ns_0ns,89900000.0,-0.3603339981558332,1.6165442502505059,0.17915860150157253
T800,400ns_0ns,90200000.0,-0.6160925482891589,1.6447298124753804,0.17796422596570227
T800,400ns_0ns,90500000.0,-0.7867221936446258,1.849747964109916,0.17733673460826815
T800,400ns_0ns,90800000.0,-0.7747958193684334,2.1252883293937956,0.17693230245013455
T800,400ns_0ns,91100000.0,-0.5820234925796981,2.3276367784644565,0.17629957627041337
T800,400ns_0ns,91400000.0,-0.3076751663639898,2.3535169928287525,0.17512096320230602
T800,400ns_0ns,91700000.0,-0.09433972673291918,2.195586345009845,0.17337562061483505
T800,400ns_0ns,92000000.0,-0.05065131317886004,1.9457707997117566,0.17134875450039885
T800,400ns_0ns,92300000.0,-0.19285439058306386,1.7449801289076137,0.16948423427780265
T800,400ns_0ns,92600000.0,-0.43663427228018264,1.706703067868141,0.16814863119320342
T800,400ns_0ns,92900000.0,-0.6432966879002728,1.855904892898165,0.16742956957482671
T800,400ns_0ns,93200000.0,-0.6950101802953361,2.1161188547256287,0.16708712512616378
T800,400ns_0ns,93500000.0,-0.558297595468081,2.351389462873034,0.16668865383180803
T800,400ns_0ns,93800000.0,-0.3015709819387374,2.440067187910404,0.16584361206790435
T800,400ns_0ns,94100000.0,-0.05753740338195585,2.340404870927866,0.16440655912879074
T800,400ns_0ns,94400000.0,0.04887216812025903,2.112589578467951,0.16254981016742695
T800,400ns_0ns,94700000.0,-0.032084530160134524,1.8855918734697128,0.16067497553625287
T800,400ns_0ns,95000000.0,-0.24857753331034463,1.7870839216057472,0.15920290948111035
T800,400ns_0ns,95300000.0,-0.47583613790737633,1.8745027776795142,0.1583452317330793
T800,400ns_0ns,95600000.0,-0.5839871343773463,2.1044756545121652,0.15798634374166137
T800,400ns_0ns,95900000.0,-0.5082212628552921,2.3568750261188547,0.15774915583393642
T800,400ns_0ns,96200000.0,-0.28338435201275514,2.500170753013431,0.15720288354489664
T800,400ns_0ns,96500000.0,-0.02453712623720212,2.4625308395684886,0.15609039055467308
T800,400ns_0ns,96800000.0,0.13568114805983228,2.270240668162775,0.1544583016965456
T800,400ns_0ns,97100000.0,0.11879233815329837,2.0328977024966925,0.15263249639138324
T800,400ns_0ns,97400000.0,-0.05747415684783385,1.8837070667812088,0.15105029624674787
T800,400ns_0ns,97700000.0,-0.2893502073387549,1.9073971457054875,0.15002697909286208
T800,400ns_0ns,98000000.0,-0.4435994455384404,2.094758646816453,0.14958125380660384
T800,400ns_0ns,98300000.0,-0.429654498080536,2.3481934740617323,0.14942527625456406
T800,400ns_0ns,98600000.0,-0.2482691035411411,2.534964062458273,0.14912549848040907
T800,400ns_0ns,98900000.0,0.009445282684235726,2.559094944574659,0.14833541172326783
T800,400ns_0ns,99200000.0,0.2117757414975394,2.4129829400334994,0.14697316012229386
T800,400ns_0ns,99500000.0,0.25778975072063104,2.180967255794657,0.1452616306126748
T800,400ns_0ns,99800000.0,0.13166160258361004,1.9932224576575346,0.14361506707724997
T800,400ns_0ns,100100000.0,-0.0892931066486788,1.955174859053119,0.14242202036563753
T800,400ns_0ns,100400000.0,-0.276935328530127,2.090709421558755,0.14183310314745257
T800,400ns_0ns,100700000.0,-0.3218158809666656,2.3297566341344784,0.14167667507340734
T800,400ns_0ns,101000000.0,-0.19217903235812145,2.54669777122557,0.14155592040999423
T800,400ns_0ns,101300000.0,0.04934762912341399,2.628543343085324,0.1410656864072726
T800,400ns_0ns,101600000.0,0.28013925579871046,2.5358853788816726,0.14000352413859046
T800,400ns_0ns,101900000.0,0.3841611434604381,2.3237466192714824,0.13847070226128605
T800,400ns_0ns,102200000.0,0.31460341181113355,2.111303232837077,0.13682077748776011
T800,400ns_0ns,102500000.0,0.11875718678242672,2.0171353560780028,0.135477822520207
T800,400ns_0ns,102800000.0,-0.08808149778022899,2.095179755275425,0.13470889991946045
T800,400ns_0ns,103100000.0,-0.18528644661466667,2.3059732122671686,0.1344753337311378
T800,400ns_0ns,103400000.0,-0.11208919955834672,2.5385122772385196,0.13445505151223858
T800,400ns_0ns,103700000.0,0.09994397481893492,2.6706274494240843,0.13422156201115107
T800,400ns_0ns,104000000.0,0.34449758680506926,2.635038247436664,0.13347035586608322
T800,400ns_0ns,104300000.0,0.49836634986700173,2.4553778069101773,0.13217285460853204
T800,400ns_0ns,104600000.0,0.48810382266991864,2.232902309549861,0.13058976175057702
T800,400ns_0ns,104900000.0,0.32940992412809594,2.0913481523137123,0.12913923791725096
T800,400ns_0ns,105200000.0,0.11813889957818521,2.10996249600412,0.1281772330432428
T800,400ns_0ns,105500000.0,-0.021938069825104982,2.280948582129431,0.12780184283865487
T800,400ns_0ns,105800000.0,-0.006152247542170718,2.5141725386629155,0.12779822330927731
T800,400ns_0ns,106100000.0,0.1655467385140225,2.686320054140954,0.1277596983377239
T800,400ns_0ns,106400000.0,0.409042449172515,2.707697711486706,0.12730807834280142
T800,400ns_0ns,106700000.0,0.6019664083150441,2.5704949399200747,0.12628811772299559
T800,400ns_0ns,107000000.0,0.6500173201517481,2.35254137524153,0.12484391726367722
T800,400ns_0ns,107300000.0,0.537745509771449,2.1747806113698527,0.12334678198990538
T800,400ns_0ns,107600000.0,0.33645685621867977,2.13569228785231,0.12220446064575438
T800,400ns_0ns,107900000.0,0.16520673513039777,2.2582160862202367,0.12164126110960267
T800,400ns_0ns,108200000.0,0.12621677098814169,2.4777791468491324,0.12157239497024251
T800,400ns_0ns,108500000.0,0.24974460400099682,2.677665572462844,0.1216523627647416
T800,400ns_0ns,108800000.0,0.4781356878053534,2.7523583929359168,0.12146586780632829
T800,400ns_0ns,109100000.0,0.6974554590379703,2.6644812733285606,0.1207458238575821
T800,400ns_0ns,109400000.0,0.7993510211325277,2.464614721688371,0.1195065997513709
T800,400ns_0ns,109700000.0,0.7395571492871689,2.2634862320135576,0.11803627744153442
T800,400ns_0ns,110000000.0,0.5614588828974264,2.171819418529865,0.1167516937164074
T800,400ns_0ns,110300000.0,0.3721730021269741,2.240514310703196,0.11597885068700342
T800,400ns_0ns,110600000.0,0.28432925687710386,2.4334733807292475,0.11577262597224336
T800,400ns_0ns,110900000.0,0.3551899710048396,2.6475757627155594,0.11588587236200446
T800,400ns_0ns,111200000.0,0.5560124103688275,2.7687526678220453,0.11590832505877348
T800,400ns_0ns,111500000.0,0.7880418086436087,2.733674053676242,0.11548697032234737
T800,400ns_0ns,111800000.0,0.9362428899534222,2.56369018725424,0.11450528994085173
T800,400ns_0ns,112100000.0,0.9315379862964226,2.352840649705291,0.11313986639222448
T800,400ns_0ns,112400000.0,0.7878815417339238,2.216655856541468,0.11177292049340279
T800,400ns_0ns,112700000.0,0.5942760240387954,2.229621734853077,0.11079604555213458
T800,400ns_0ns,113000000.0,0.4662836405096086,2.3851537457544794,0.11039796121507266
T800,400ns_0ns,113300000.0,0.48344649078495905,2.5995849993062916,0.11045813017652284
T800,400ns_0ns,113600000.0,0.6465002477660498,2.7577797460857787,0.11061534166208052
T800,400ns_0ns,113900000.0,0.8773928320291686,2.775507591324317,0.11046621336201724
T800,400ns_0ns,114200000.0,1.0618715744403908,2.644790201841988,0.10977467212917867
T800,400ns_0ns,114500000.0,1.1114051058006067,2.437810206278553,0.10858826660684195
T800,400ns_0ns,114800000.0,1.0108825434474298,2.2674883864699797,0.10721455691115671
T800,400ns_0ns,115100000.0,0.8263930899007683,2.2262564172536226,0.1060670917304791
T800,400ns_0ns,115400000.0,0.669091697665978,2.336220173210593,0.1054469615921514
T800,400ns_0ns,115700000.0,0.634903462747342,2.5375809407040184,0.10537522533661463
T800,400ns_0ns,116000000.0,0.752770555058607,2.721371402118007,0.10558096674882489
T800,400ns_0ns,116300000.0,0.9693599536509687,2.7885887091798898,0.1056531670507805
T800,400ns_0ns,116600000.0,1.1783057229533012,2.7036375622816973,0.1052596993019263
T800,400ns_0ns,116900000.0,1.2779556503299172,2.513236514730434,0.10431397650394202
T800,400ns_0ns,117200000.0,1.2262736641758802,2.3207500199178255,0.10301657192760079
T800,400ns_0ns,117500000.0,1.063247541884275,2.2300443573944695,0.10175687899092527
T800,400ns_0ns,117800000.0,0.8888609918045873,2.289359911364617,0.10091333076226867
T800,400ns_0ns,118100000.0,0.8087597360053537,2.465527320650582,0.10064724184338644
T800,400ns_0ns,118400000.0,0.8771349417426182,2.662304657454571,0.10081117827025564
T800,400ns_0ns,118700000.0,1.0677005017659142,2.77270284863132,0.10103273617778687
T800,400ns_0ns,119000000.0,1.2883038206413315,2.736853156280886,0.10091819589239806
T800,400ns_0ns,119300000.0,1.4310543310389234,2.5741201380860113,0.10025493875988473
T800,400ns_0ns,119600000.0,1.4307034116988209,2.372237868045188,0.09911503062365705
T800,400ns_0ns,119900000.0,1.2996882941049013,2.2395561712685774,0.09782033253598708
T800,400ns_0ns,120200000.0,1.1210209366788935,2.246386350430181,0.09678218329351099
T800,400ns_0ns,120500000.0,1.0030757078922288,2.387195566045555,0.09628358912534181
T800,400ns_0ns,120800000.0,1.0208975240516118,2.583974502675316,0.0963206039161751
T800,400ns_0ns,121100000.0,1.1758129314415047,2.7287532257123415,0.09660435524084854
T800,400ns_0ns,121400000.0,1.3950781634208103,2.742096087305626,0.09672268529675608
T800,400ns_0ns,121700000.0,1.5715556973073448,2.6158871301569433,0.0963581781259466
T800,400ns_0ns,122000000.0,1.621780770779177,2.4173633696006744,0.09544568937986161
T800,400ns_0ns,122300000.0,1.530948871118467,2.2524077684240087,0.0942035020284211
T800,400ns_0ns,122600000.0,1.3605779573555827,2.20813856134408,0.0930274782374035
T800,400ns_0ns,122900000.0,1.2148882071483218,2.3059208378446425,0.09228826435315919
T800,400ns_0ns,123200000.0,1.184269805044728,2.490141565624927,0.09212829155606844
T800,400ns_0ns,123500000.0,1.296500662654094,2.658639151728835,0.09238003912744142
T800,400ns_0ns,123800000.0,1.5020382674783006,2.7181402150627565,0.0926612050278958
T800,400ns_0ns,124100000.0,1.7011682271189426,2.634623618962548,0.09258298872924434
T800,400ns_0ns,124400000.0,1.7981350640976783,2.4514192623108566,0.0919481746713148
T800,400ns_0ns,124700000.0,1.7528717207185844,2.265417061562242,0.09084627110359937
T800,400ns_0ns,125000000.0,1.6023839854214859,2.174445476986126,0.08961110498994856
T800,400ns_0ns,125300000.0,1.4403795292300798,2.22439610358775,0.0886556342020828
T800,400ns_0ns,125600000.0,1.366351177844318,2.384670555131135,0.08825278887342844
T800,400ns_0ns,125900000.0,1.4317775667084494,2.5650829354517652,0.08838121251075931
T800,400ns_0ns,126200000.0,1.6125296516577816,2.6648849996128448,0.088736912315889
T800,400ns_0ns,126500000.0,1.822270394412088,2.627265953430067,0.08890328113747353
T800,400ns_0ns,126800000.0,1.9594107856113852,2.46984723713003,0.08857017853179437
T800,400ns_0ns,127100000.0,1.9620859895851424,2.274805775212323,0.08768630770540849
T800,400ns_0ns,127400000.0,1.8414022238744108,2.1441548084187088,0.08648386869322486
T800,400ns_0ns,127700000.0,1.6750890044297657,2.1445152612219713,0.08536739841445344
T800,400ns_0ns,128000000.0,1.5651741334109845,2.271275406856053,0.08470700730607031
T800,400ns_0ns,128300000.0,1.5827253135469292,2.4514175471759647,0.08463443848763723
T800,400ns_0ns,128600000.0,1.729583732357258,2.5833024996238994,0.08496640287690138
T800,400ns_0ns,128900000.0,1.9376914055649972,2.5917369820950307,0.08530884332181182
T800,400ns_0ns,129200000.0,2.106200169138861,2.4684907346930167,0.08527117622464911
T800,400ns_0ns,129500000.0,2.1561301323007083,2.2764331693296924,0.08466369206483229
T800,400ns_0ns,129800000.0,2.0729548881890443,2.1152230216271475,0.08358827972053709
T800,400ns_0ns,130100000.0,1.9141534715479047,2.0672731135702125,0.08239127382935227
T800,400ns_0ns,130400000.0,1.7778096111318993,2.15328613333331,0.08149346452400293
T800,400ns_0ns,130700000.0,1.7494095413512583,2.321349082485709,0.08116626404333718
T800,400ns_0ns,131000000.0,1.8556935162596269,2.475325979480075,0.08137669844888946
T800,400ns_0ns,131300000.0,2.050471041530451,2.527022394020297,0.08180535188919867
T800,400ns_0ns,131600000.0,2.2399198722147386,2.443818602833521,0.08202530728449703
T800,400ns_0ns,131900000.0,2.333514266881811,2.266046932076657,0.08172565902797277
T800,400ns_0ns,132200000.0,2.2929391876688796,2.0848591268130434,0.08086280853876182
T800,400ns_0ns,132500000.0,2.152561764607312,1.992726303093483,0.07968176840936654
T800,400ns_0ns,132800000.0,2.0005245274095897,2.0334505263883176,0.07860064888278648
T800,400ns_0ns,133100000.0,1.9308581000024074,2.178708997578343,0.07799760315460724
T800,400ns_0ns,133400000.0,1.9926277400695558,2.3436887432891718,0.07800090885021409
T800,400ns_0ns,133700000.0,2.163613735797911,2.4331846864099083,0.07841295918574401
T800,400ns_0ns,134000000.0,2.362641142678882,2.393107441191433,0.07882309336817278
T800,400ns_0ns,134300000.0,2.493720787070978,2.2395359248171056,0.07883087533874798
T800,400ns_0ns,134600000.0,2.4980000064582613,2.0497121006941255,0.0782470041975636
T800,400ns_0ns,134900000.0,2.385407869778936,1.9200156346503279,0.07718306419923779
T800,400ns_0ns,135200000.0,2.228980620414119,1.9137814516638314,0.07600126260873778
T800,400ns_0ns,135500000.0,2.125100807438474,2.0272112903065707,0.0751383903226071
T800,400ns_0ns,135800000.0,2.1412934090231213,2.191724553292735,0.07487281514404925
T800,400ns_0ns,136100000.0,2.279851864854399,2.311316158327957,0.0751634025034195
T800,400ns_0ns,136400000.0,2.4768852814665037,2.314573364139545,0.07567178707480021
T800,400ns_0ns,136700000.0,2.63714544524539,2.193169927077238,0.07595277705144274
T800,400ns_0ns,137000000.0,2.6856506987347615,2.006089605042996,0.07568673260263374
T800,400ns_0ns,137300000.0,2.6081280364484822,1.847446673468388,0.07483355532886919
T800,400ns_0ns,137600000.0,2.458461748434469,1.795457530261182,0.07365276374799677
T800,400ns_0ns,137900000.0,2.329266667769074,1.8702290928995429,0.07258334196348869
T800,400ns_0ns,138200000.0,2.3016536570594677,2.0231429298223365,0.07202083169375499
T800,400ns_0ns,138500000.0,2.4014323602555496,2.16343587884834,0.07209569174006351
T800,400ns_0ns,138800000.0,2.585398033977899,2.2074471502826585,0.0725942762442319
T800,400ns_0ns,139100000.0,2.764984691764493,2.123812695287627,0.07308172218826377
T800,400ns_0ns,139400000.0,2.8543368539664282,1.95019411665621,0.07313894382174847
T800,400ns_0ns,139700000.0,2.816708625371344,1.7726220619964062,0.07257136559532382
T800,400ns_0ns,140000000.0,2.6841155759273247,1.6787814961815273,0.07150022087851873
T800,400ns_0ns,140300000.0,2.5397312923101154,1.7106034244942119,0.07030961821800061
T800,400ns_0ns,140600000.0,2.4727044101068585,1.8417935687578568,0.069462002870625
T800,400ns_0ns,140900000.0,2.529938954162087,1.99233859378424,0.06925048453718408
T800,400ns_0ns,141200000.0,2.6909173551122194,2.071990134670745,0.06962642594336212
T800,400ns_0ns,141500000.0,2.879078012408673,2.029096510571687,0.0702257740117116
T800,400ns_0ns,141800000.0,3.003441346663347,1.8783618602137537,0.07057553128322788
T800,400ns_0ns,142100000.0,3.0078535194367646,1.6926160454668238,0.0703401203871186
T800,400ns_0ns,142400000.0,2.9011950546939587,1.5631969080280856,0.06948111699999
T800,400ns_0ns,142700000.0,2.7523044063570725,1.5504945213437653,0.06827701506235456
T800,400ns_0ns,143000000.0,2.6525096415049054,1.6514343108255738,0.06719699575367286
T800,400ns_0ns,143300000.0,2.6661597877808285,1.801406148800614,0.06666353443401242
T800,400ns_0ns,143600000.0,2.7959488584365686,1.9094518193292422,0.0668127821407439
T800,400ns_0ns,143900000.0,2.9817163296794402,1.9075490785141676,0.06740993584948701
T800,400ns_0ns,144200000.0,3.133232453301917,1.7872902767781422,0.06798593972648156
T800,400ns_0ns,144500000.0,3.179102614607556,1.6041795625934896,0.06809425307513259
T800,400ns_0ns,144800000.0,3.1052855426298756,1.447360505856382,0.06753133946494769
T800,400ns_0ns,145100000.0,2.9624452638815897,1.391283420784869,0.06643081719801351
T800,400ns_0ns,145400000.0,2.8382915814397696,1.4555165446037295,0.06520711755457209
T800,400ns_0ns,145700000.0,2.810007198052883,1.5943939917259602,0.06435897250500687
T800,400ns_0ns,146000000.0,2.9025624659606817,1.7219736653373257,0.06420074708844552
T800,400ns_0ns,146300000.0,3.0754293221490543,1.7586667795027828,0.06467373536517752
T800,400ns_0ns,146600000.0,3.244760258501563,1.674240876429586,0.06537834976252997
T800,400ns_0ns,146900000.0,3.3288961809738,1.5039627746357478,0.06580334071790152
T800,400ns_0ns,147200000.0,3.292504789262267,1.3292642411432525,0.065591471731053
T800,400ns_0ns,147500000.0,3.165492602833088,1.2335282005424344,0.06470686483641884
T800,400ns_0ns,147800000.0,3.026569181690438,1.257000394497932,0.06345409286395318
T800,400ns_0ns,148100000.0,2.9604932772322115,1.375206322190678,0.06234344951970446
T800,400ns_0ns,148400000.0,3.012222177042537,1.512446475050053,0.061833537442066905
T800,400ns_0ns,148700000.0,3.162765426482173,1.5829315001200166,0.062067038134050775
T800,400ns_0ns,149000000.0,3.3397095009524005,1.5372060337829703,0.06277930528038787
T800,400ns_0ns,149300000.0,3.456583233624416,1.38874111602361,0.06345518188212593
T800,400ns_0ns,149600000.0,3.4596649548889515,1.206398099490186,0.06361264716517162
T800,400ns_0ns,149900000.0,3.356895224493724,1.076975782338929,0.06303803059021676
T800,400ns_0ns,150200000.0,3.2133353666214393,1.0582098214274476,0.06188286107826874
T800,400ns_0ns,150500000.0,3.1157612679616293,1.1476736715008096,0.060602354966549955
T800,400ns_0ns,150800000.0,3.12565844167505,1.2843312816092571,0.05974264822867
T800,400ns_0ns,151100000.0,3.2460782064187157,1.381771704319745,0.05964404700469553
T800,400ns_0ns,151400000.0,3.4202192554323907,1.3750307794753436,0.060231587409873985
T800,400ns_0ns,151700000.0,3.562375339497715,1.2556311836564673,0.061057396981373975
T800,400ns_0ns,152000000.0,3.604388317505464,1.0759427264673231,0.06156137874041591
T800,400ns_0ns,152300000.0,3.5324295772211722,0.920626956663762,0.06136109382771288
T800,400ns_0ns,152600000.0,3.3942615202486,0.8607351948181647,0.06042696773946503
T800,400ns_0ns,152900000.0,3.273169513554927,0.9153462660481806,0.059099126637893545
T800,400ns_0ns,153200000.0,3.242789830372587,1.0414556683139584,0.05794104241720915
T800,400ns_0ns,153500000.0,3.3273320531073796,1.157471818197676,0.057455780703144325
T800,400ns_0ns,153800000.0,3.48868161018045,1.187483675908677,0.057790196354085444
T800,400ns_0ns,154100000.0,3.6472506088989105,1.1022838530072026,0.058637438297584096
T800,400ns_0ns,154400000.0,3.725171450954291,0.9349794498710653,0.05942304238814113
T800,400ns_0ns,154700000.0,3.688392029071328,0.7628491944239422,0.05962309887021375
T800,400ns_0ns,155000000.0,3.5649165089141936,0.6653878335888701,0.059015535456767444
T800,400ns_0ns,155300000.0,3.429421785914469,0.6813151627596253,0.05777795401781431
T800,400ns_0ns,155600000.0,3.36269770129062,0.7877984955568752,0.056418449787815995
T800,400ns_0ns,155900000.0,3.4079387900896827,0.9130368698060829,0.05554171659332132
T800,400ns_0ns,156200000.0,3.5475325225767613,0.9752739418484446,0.05551633367058433
T800,400ns_0ns,156500000.0,3.712815550603394,0.9270435685570659,0.056240892571042415
T800,400ns_0ns,156800000.0,3.821395940744693,0.7807044253524233,0.05720393411399404
T800,400ns_0ns,157100000.0,3.8217553938880506,0.6015289204080184,0.05778666713336299
T800,400ns_0ns,157400000.0,3.7209870095907815,0.4722075915853951,0.057580711495952314
T800,400ns_0ns,157700000.0,3.580735159425341,0.4480709671299408,0.05656943816526
T800,400ns_0ns,158000000.0,3.4836542046222387,0.5272761780543292,0.055139989869103324
T800,400ns_0ns,158300000.0,3.488634468904052,0.6520216656506206,0.05392180265525753
T800,400ns_0ns,158600000.0,3.5990479992403785,0.7400151701091322,0.05346941532389823
T800,400ns_0ns,158900000.0,3.7611346242363703,0.7290650026276806,0.05392777109028725
T800,400ns_0ns,159200000.0,3.893286794674172,0.6106337012463253,0.054931773178247933
T800,400ns_0ns,159500000.0,3.9302815379023146,0.43425277269213747,0.0558339724580099
T800,400ns_0ns,159800000.0,3.858486037644935,0.2805213726459647,0.056064645191923106
T800,400ns_0ns,160100000.0,3.723034440628173,0.21740747304022565,0.055398181038982884
T800,400ns_0ns,160400000.0,3.603200624626025,0.2635432830998844,0.05404873868298153
T800,400ns_0ns,160700000.0,3.5694028691102435,0.37833576616600545,0.05259057891804908
T800,400ns_0ns,161000000.0,3.6451579912549237,0.4841393057596507,0.05169773927693004
T800,400ns_0ns,161300000.0,3.794538952605809,0.5083812171853853,0.051766494097346905
T800,400ns_0ns,161600000.0,3.9418228106221793,0.4227870496787025,0.05265443397089997
T800,400ns_0ns,161900000.0,4.012584788762184,0.258506058117043,0.053769216018223175
T800,400ns_0ns,162200000.0,3.973937703972613,0.08904758630172017,0.05442529672140878
T800,400ns_0ns,162500000.0,3.8521609684438083,-0.009625229240336859,0.05419093524711358
T800,400ns_0ns,162800000.0,3.7182702424245333,-0.00018090918160493407,0.053071791727711995
T800,400ns_0ns,163100000.0,3.649449376161159,0.09603671717473998,0.05151503342268755
T800,400ns_0ns,163400000.0,3.6872891477474203,0.21076745448003598,0.05022919906288085
T800,400ns_0ns,163700000.0,3.815426755199147,0.26592051442790376,0.049825531363350196
T800,400ns_0ns,164000000.0,3.9686060890302515,0.21583995839610826,0.05043664094463816
T800,400ns_0ns,164300000.0,4.068144110145513,0.07187580659691357,0.051619577540274054
T800,400ns_0ns,164600000.0,4.064528105076127,-0.10396119602150902,0.05264080052306758
T800,400ns_0ns,164900000.0,3.9640831585109284,-0.2327168774604079,0.052884159984394316
T800,400ns_0ns,165200000.0,3.8253474436965402,-0.26125028595394983,0.05212851789670187
T800,400ns_0ns,165500000.0,3.727225807696693,-0.1908758129806989,0.05063695938285472
T800,400ns_0ns,165800000.0,3.726245525409345,-0.07645366889507482,0.049064001535284035
T800,400ns_0ns,166100000.0,3.8260681799097673,0.00347215114846026,0.04816312455020072
T800,400ns_0ns,166400000.0,3.9757000660242605,-0.01076478197304494,0.04835419329744659
T800,400ns_0ns,166700000.0,4.097265037239001,-0.1277542525762942,0.04943451016068301
T800,400ns_0ns,167000000.0,4.12821442840154,-0.3005473314030559,0.05071236874468935
T800,400ns_0ns,167300000.0,4.055096249586799,-0.4522442697142223,0.05143032215644726
T800,400ns_0ns,167600000.0,3.9206526752450404,-0.5176870709276343,0.051139469919476425
T800,400ns_0ns,167900000.0,3.800503514883435,-0.4786527450272247,0.0498794206725675
T800,400ns_0ns,168200000.0,3.7621336699689127,-0.3735389827018409,0.0481714583426398
T800,400ns_0ns,168500000.0,3.8284264708581572,-0.27639577520693664,0.04681645490462635
T800,400ns_0ns,168800000.0,3.965446977042904,-0.2567517137628948,0.046485355447691716
T800,400ns_0ns,169100000.0,4.1009952844602156,-0.34202854030932417,0.04728299176828908
T800,400ns_0ns,169400000.0,4.163787030700959,-0.5028602091894825,0.04866571906486106
T800,400ns_0ns,169700000.0,4.121999674119343,-0.6691742518159304,0.0498026542348543
T800,400ns_0ns,170000000.0,4.000341586835747,-0.7682297706296805,0.05003461058817815
T800,400ns_100ns,20000000.0,-0.1657084968050482,1.5534903422229542,0.07950296868711744
T800,400ns_100ns,20300000.0,-0.10678264818593541,1.501148512215076,0.07618882000422081
T800,400ns_100ns,20600000.0,-0.08020275777624472,1.4190206256211644,0.07098722240292865
T800,400ns_100ns,20900000.0,-0.09558197290138747,1.3345082842384357,0.06479596563323577
T800,400ns_100ns,21200000.0,-0.14332565061816557,1.2732805814219723,0.05881001942403066
T800,400ns_100ns,21500000.0,-0.20109861633632692,1.2480310189622281,0.05407155434407478
T800,400ns_100ns,21800000.0,-0.24537660479968712,1.2544516836745419,0.05091749588937682
T800,400ns_100ns,22100000.0,-0.26210564446572765,1.2754938244983243,0.048750108648258614
T800,400ns_100ns,22400000.0,-0.2515756875450063,1.2909145431982338,0.0464364230514201
T800,400ns_100ns,22700000.0,-0.22595342975481456,1.2869264503010864,0.042961829395395945
T800,400ns_100ns,23000000.0,-0.20164488657726154,1.2613488447424128,0.03782714370497386
T800,400ns_100ns,23300000.0,-0.1908937214306666,1.2224272637702729,0.03111987085416422
T800,400ns_100ns,23600000.0,-0.19681888705135764,1.182834927334108,0.023411889158655382
T800,400ns_100ns,23900000.0,-0.21382292921338442,1.1525602904500278,0.015606080088057615
T800,400ns_100ns,24200000.0,-0.23233272776763156,1.1344443279193137,0.008835203490548867
T800,400ns_100ns,24500000.0,-0.24475336201402562,1.1242640267625803,0.00465401741666748
T800,400ns_100ns,24800000.0,-0.24929472898339078,1.1146330443776518,0.004146902941121939
T800,400ns_100ns,25100000.0,-0.24988666074456278,1.1000493510972655,0.004219397415391186
T800,400ns_100ns,25400000.0,-0.25273387076948,1.0801110966395862,0.003623449064667228
T800,400ns_100ns,25700000.0,-0.2618637781201537,1.0592515697188825,0.005475719901407117
T800,400ns_100ns,26000000.0,-0.27637189386911865,1.043452880501505,0.01042333434407234
T800,400ns_100ns,26300000.0,-0.2909005211492301,1.036083757568417,0.01643905253831192
T800,400ns_100ns,26600000.0,-0.2989441725979329,1.0353851672069172,0.02225629895287072
T800,400ns_100ns,26900000.0,-0.296969195130042,1.0350770520091233,0.026964064494582603
T800,400ns_100ns,27200000.0,-0.28692415145048283,1.0277351761589966,0.02995999082078647
T800,400ns_100ns,27500000.0,-0.2756677162380822,1.0090228128429004,0.03104216541403626
T800,400ns_100ns,27800000.0,-0.27157772750066944,0.9803985827023088,0.030503544123502948
T800,400ns_100ns,28100000.0,-0.280158874959967,0.9487700029498193,0.02917768607413622
T800,400ns_100ns,28400000.0,-0.30100696241569413,0.9232229514800412,0.02829845339161171
T800,400ns_100ns,28700000.0,-0.32775663863092236,0.9105188497887656,0.028918875779905602
T800,400ns_100ns,29000000.0,-0.35106120861574486,0.9116897000605335,0.031106612541813575
T800,400ns_100ns,29300000.0,-0.363081337449052,0.921468175576443,0.03391651866101589
T800,400ns_100ns,29600000.0,-0.3612122931198869,0.9308125160590464,0.03614691615074352
T800,400ns_100ns,29900000.0,-0.3492152292433857,0.9312164545578003,0.03691496627613135
T800,400ns_100ns,30200000.0,-0.33527033859336436,0.9186405849046972,0.03583645573895243
T800,400ns_100ns,30500000.0,-0.32801318972929944,0.8951692981162593,0.03303883450012262
T800,400ns_100ns,30800000.0,-0.33256055850697497,0.8677012692198696,0.029132365772570248
T800,400ns_100ns,31100000.0,-0.34843203071979717,0.8444692452149972,0.02514623413731636
T800,400ns_100ns,31400000.0,-0.3702350236615383,0.8311948585337238,0.02229371227913323
T800,400ns_100ns,31700000.0,-0.3905784345569226,0.8287390372064852,0.02129658878970133
T800,400ns_100ns,32000000.0,-0.4036376957927189,0.833241562281802,0.021680859117035704
T800,400ns_100ns,32300000.0,-0.40760775103046804,0.838450428875874,0.022203016560573226
T800,400ns_100ns,32600000.0,-0.4049812362536084,0.8389003626872823,0.021811786904727664
T800,400ns_100ns,32900000.0,-0.40075752564228734,0.8323126845884367,0.020012242488261625
T800,400ns_100ns,33200000.0,-0.39969886589493725,0.8201393652004509,0.016807344902844513
T800,400ns_100ns,33500000.0,-0.40410491330719767,0.806214046802843,0.012557764635218316
T800,400ns_100ns,33800000.0,-0.4131524218498934,0.7944308652224272,0.00784836019709968
T800,400ns_100ns,34100000.0,-0.4239285395078851,0.7867642191819219,0.0033969545039192195
T800,400ns_100ns,34400000.0,-0.43339236872675013,0.7826162394561978,0.0011831954278584376
T800,400ns_100ns,34700000.0,-0.4400944669764049,0.7796667324923454,0.0031184105558345427
T800,400ns_100ns,35000000.0,-0.44473963052975807,0.7755723074045631,0.0038907938934161054
T800,400ns_100ns,35300000.0,-0.44940438995562,0.7694596875497036,0.003067873878682061
T800,400ns_100ns,35600000.0,-0.4559902229895902,0.762366281000655,0.0009146583883065769
T800,400ns_100ns,35900000.0,-0.464885364391128,0.7564428289101414,0.0025958868860731584
T800,400ns_100ns,36200000.0,-0.4746314848616315,0.753457159995769,0.006351777608593859
T800,400ns_100ns,36500000.0,-0.4827751372120507,0.7535220059882115,0.01001210502385516
T800,400ns_100ns,36800000.0,-0.48738956444962367,0.754816756195486,0.012993574294311003
T800,400ns_100ns,37100000.0,-0.4883684234102472,0.7544884659370391,0.014858943379193454
T800,400ns_100ns,37400000.0,-0.48772264364875884,0.7502387426518436,0.015384511969126661
T800,400ns_100ns,37700000.0,-0.48867101486487335,0.7417078167759341,0.014630981668680968
T800,400ns_100ns,38000000.0,-0.4939884329758005,0.7308673846539284,0.013025153906937585
T800,400ns_100ns,38300000.0,-0.5044933395594776,0.7211675834627252,0.01145786930070512
T800,400ns_100ns,38600000.0,-0.518494451814495,0.7158558895413971,0.011125588888317883
T800,400ns_100ns,38900000.0,-0.5325149358881766,0.7163336653121816,0.012498393269112694
T800,400ns_100ns,39200000.0,-0.5429424892807057,0.7214034738938342,0.014734395048965657
T800,400ns_100ns,39500000.0,-0.547772396548739,0.7278000384386404,0.016733024255771667
T800,400ns_100ns,39800000.0,-0.5475665943157788,0.7317381330888797,0.017785148088973073
T800,400ns_100ns,40100000.0,-0.5451594380967999,0.730698369607332,0.017576869608584678
T800,400ns_100ns,40400000.0,-0.544279249715819,0.7245675825176981,0.01611896803420011
T800,400ns_100ns,40700000.0,-0.5477901326598611,0.7155962711072105,0.013713262029274564
T800,400ns_100ns,41000000.0,-0.5564214134575008,0.7072402065814801,0.010962280382380334
T800,400ns_100ns,41300000.0,-0.5685739067155796,0.7025000695297253,0.00881153258629954
T800,400ns_100ns,41600000.0,-0.5812328291109502,0.7025876901922175,0.00824061733286281
T800,400ns_100ns,41900000.0,-0.5914726894838527,0.7065377698421094,0.00910356887787437
T800,400ns_100ns,42200000.0,-0.5977838106325765,0.7118783632713847,0.010239301490544795
T800,400ns_100ns,42500000.0,-0.6005955242704135,0.7159443944315829,0.010778246026008088
T800,400ns_100ns,42800000.0,-0.6018187984723843,0.7171350659201063,0.010371685698407056
T800,400ns_100ns,43100000.0,-0.6037337458107095,0.7155055476804981,0.009009979431259573
T800,400ns_100ns,43400000.0,-0.6078450989455456,0.7124739019749596,0.006896999524718564
T800,400ns_100ns,43700000.0,-0.6142838107909798,0.709893600679748,0.004367866806113686
T800,400ns_100ns,44000000.0,-0.6219943874030345,0.7090420314480723,0.0018328214835893217
T800,400ns_100ns,44300000.0,-0.6295139006735441,0.7100628402608048,0.0006656312082295513
T800,400ns_100ns,44600000.0,-0.635854790259733,0.7121051162709264,0.0020896252285348316
T800,400ns_100ns,44900000.0,-0.640994997870011,0.7140026101477369,0.0027959242809066464
T800,400ns_100ns,45200000.0,-0.6457399540482509,0.7150530792999754,0.0026090699876848682
T800,400ns_100ns,45500000.0,-0.6510922077383727,0.7154369115537748,0.0016432462382670442
T800,400ns_100ns,45800000.0,-0.6575364399462591,0.7160508697721706,0.0008214525908118013
T800,400ns_100ns,46100000.0,-0.6646757006539806,0.7178827905800993,0.0024138530803590724
T800,400ns_100ns,46400000.0,-0.6714345724583378,0.7213169266465607,0.004404019805281079
T800,400ns_100ns,46700000.0,-0.6767086854084198,0.7257934562218573,0.006115419806630309
T800,400ns_100ns,47000000.0,-0.6800789586826617,0.7300373246685722,0.00724406723205591
T800,400ns_100ns,47300000.0,-0.6821674228453767,0.7327427006561985,0.007608025294023115
T800,400ns_100ns,47600000.0,-0.6844094207858195,0.7333350756896249,0.00716466721647977
T800,400ns_100ns,47900000.0,-0.6883423553968725,0.7323795065669277,0.006045414364761136
T800,400ns_100ns,48200000.0,-0.6947838506396191,0.7313891852593539,0.004645000477146936
T800,400ns_100ns,48500000.0,-0.7033430691008301,0.7321112192835905,0.0038448632407321907
T800,400ns_100ns,48800000.0,-0.7125397648173202,0.7356509000982191,0.004537758355138934
T800,400ns_100ns,49100000.0,-0.7204878105638256,0.7418889027838875,0.006099651491424477
T800,400ns_100ns,49400000.0,-0.7258033169361904,0.749498712496083,0.007580021148982077
T800,400ns_100ns,49700000.0,-0.7282786869513472,0.7565632154470223,0.00850207827867802
T800,400ns_100ns,50000000.0,-0.7289836748259986,0.7614828830651728,0.008664078533510828
T800,400ns_100ns,50300000.0,-0.7297473522176308,0.7637227218129611,0.008038094506633616
T800,400ns_100ns,50600000.0,-0.7322864811449166,0.7640333599916306,0.006741625863342749
T800,400ns_100ns,50900000.0,-0.7374156662762253,0.7640527157766466,0.005040513426453331
T800,400ns_100ns,51200000.0,-0.7447199004204565,0.7655049695152878,0.0034373961253510157
T800,400ns_100ns,51500000.0,-0.7528260567963376,0.7694036937372014,0.0028780142404543955
T800,400ns_100ns,51800000.0,-0.7601078160380154,0.7756439803105984,0.003674764573058621
T800,400ns_100ns,52100000.0,-0.765454282515362,0.7831546873046011,0.004743053622354903
T800,400ns_100ns,52400000.0,-0.768725026420938,0.7904943208376728,0.0054231298613560885
T800,400ns_100ns,52700000.0,-0.7706967767150529,0.7965626816998382,0.005511608112063553
T800,400ns_100ns,53000000.0,-0.7725755059521777,0.8010685360322328,0.00500214405009485
T800,400ns_100ns,53300000.0,-0.7753595258899388,0.804546440437757,0.004006209152903068
T800,400ns_100ns,53600000.0,-0.7793891657380361,0.8079628704505474,0.0027204318463860044
T800,400ns_100ns,53900000.0,-0.7842916486508287,0.8121587757995491,0.0014391723634403404
T800,400ns_100ns,54200000.0,-0.7893042614487611,0.8174373814668398,0.0008888960466361949
T800,400ns_100ns,54500000.0,-0.7937602866116761,0.8234999697419271,0.001453683058364259
T800,400ns_100ns,54800000.0,-0.7974541703516171,0.8297262126042699,0.0019205957591924094
T800,400ns_100ns,55100000.0,-0.8006930537789851,0.8356065476251782,0.001959742285052434
T800,400ns_100ns,55400000.0,-0.8040322674247337,0.8410636019293448,0.0015909270060649498
T800,400ns_100ns,55700000.0,-0.8078728309046781,0.8464797894039929,0.0010970965840681407
T800,400ns_100ns,56000000.0,-0.8121702042584644,0.8524273185232158,0.001299469511131452
T800,400ns_100ns,56300000.0,-0.8164303688541587,0.8592711894399838,0.00220956965679973
T800,400ns_100ns,56600000.0,-0.8199974673717684,0.8668879275276075,0.0031635322684899834
T800,400ns_100ns,56900000.0,-0.8224655890443245,0.8746747943121682,0.0038606316109236647
T800,400ns_100ns,57200000.0,-0.8239722544527333,0.8818565579914608,0.004144859437026456
T800,400ns_100ns,57500000.0,-0.8251938901028042,0.8879245408329678,0.003946746310769213
T800,400ns_100ns,57800000.0,-0.8270285665072677,0.8929618633204809,0.003282298119868489
T800,400ns_100ns,58100000.0,-0.8301270094327032,0.8976645207925429,0.0022707142879148916
T800,400ns_100ns,58400000.0,-0.8345225740134753,0.9030299884840427,0.0012892613768181493
T800,400ns_100ns,58700000.0,-0.8395650202833751,0.9098654542613017,0.001514761703859587
T800,400ns_100ns,59000000.0,-0.8442056554300315,0.9183689009875815,0.0026613157660158667
T800,400ns_100ns,59300000.0,-0.8474966784380551,0.9280034953481555,0.00374546022873193
T800,400ns_100ns,59600000.0,-0.8490536091011848,0.9377362859634966,0.004478847460935319
T800,400ns_100ns,59900000.0,-0.8492465103674337,0.9465250888761212,0.004743536495739799
T800,400ns_100ns,60200000.0,-0.8490237915810737,0.9538107902070682,0.004507493352020395
T800,400ns_100ns,60500000.0,-0.8494587289787117,0.9597713351622924,0.0038126558408967774
T800,400ns_100ns,60800000.0,-0.8512464787807283,0.9652170070859338,0.0027694785796981442
T800,400ns_100ns,61100000.0,-0.8543985428268395,0.9711883312825598,0.0015732646156414517
T800,400ns_100ns,61400000.0,-0.8582755959517953,0.9784635537107502,0.0008281780192637794
T800,400ns_100ns,61700000.0,-0.8619263140559693,0.9872189520844803,0.0015265387261445336
T800,400ns_100ns,62000000.0,-0.8645500832200954,0.9969977235561859,0.0024311783654025216
T800,400ns_100ns,62300000.0,-0.8658505109314275,1.0069815880141049,0.003046405044145383
T800,400ns_100ns,62600000.0,-0.8661158672479478,1.0164093749979202,0.0032752847996057903
T800,400ns_100ns,62900000.0,-0.8660104516095639,1.0249246796168157,0.00311620164249934
T800,400ns_100ns,63200000.0,-0.8662072646684508,1.0326872059929544,0.002633414841843023
T800,400ns_100ns,63500000.0,-0.8670619510647217,1.0402158713668634,0.0019501526365196928
T800,400ns_100ns,63800000.0,-0.868489416269774,1.0480719909430372,0.0012667793532070185
T800,400ns_100ns,64100000.0,-0.870084760446621,1.0565642515289946,0.0009426320779443006
T800,400ns_100ns,64400000.0,-0.8713974404503458,1.0656293222431217,0.0011509841165033867
T800,400ns_100ns,64700000.0,-0.8721932328235942,1.074934022670089,0.0014373512320820512
T800,400ns_100ns,65000000.0,-0.8725589810978873,1.084119785888466,0.0015318571742801773
T800,400ns_100ns,65300000.0,-0.8728037705033782,1.0930365980418113,0.0013979236626688522
T800,400ns_100ns,65600000.0,-0.8732289453491536,1.101829258801989,0.0011450491871135195
T800,400ns_100ns,65900000.0,-0.8739116842730433,1.1108309257657556,0.0010706663140709891
T800,400ns_100ns,66200000.0,-0.8746341868381039,1.1203332035162188,0.0014055933633949254
T800,400ns_100ns,66500000.0,-0.8750025896889316,1.1303737707086394,0.0019267331406613083
T800,400ns_100ns,66800000.0,-0.8746876667327492,1.1406722856922333,0.002375542901586405
T800,400ns_100ns,67100000.0,-0.8736466573020574,1.150759998403017,0.0026065454253230546
T800,400ns_100ns,67400000.0,-0.8721928754466096,1.160236638343219,0.002545289166626062
T800,400ns_100ns,67700000.0,-0.8708629583533123,1.1690125025132123,0.0021728327599918095
T800,400ns_100ns,68000000.0,-0.870144637432458,1.1773966088536103,0.001520194371157235
T800,400ns_100ns,68300000.0,-0.8702083733812964,1.1859723102197053,0.0006631708566937712
T800,400ns_100ns,68600000.0,-0.8707895433665961,1.1953163856310294,0.0003305549637021114
T800,400ns_100ns,68900000.0,-0.871291490834954,1.2057042419274089,0.0012700582246062176
T800,400ns_100ns,69200000.0,-0.871064139510712,1.2169554477678721,0.0020893726384236108
T800,400ns_100ns,69500000.0,-0.8697196034225492,1.2285036433961964,0.0026772711575376276
T800,400ns_100ns,69800000.0,-0.8673248553019353,1.2396598083924433,0.0029627101749096054
T800,400ns_100ns,70100000.0,-0.8643733085285733,1.2499384471831447,0.0029147286734535443
T800,400ns_100ns,70400000.0,-0.8615495042623771,1.2592843252883246,0.0025453798155144827
T800,400ns_100ns,70700000.0,-0.859405227922573,1.268088910188376,0.0019071604773074073
T800,400ns_100ns,71000000.0,-0.8581076898439662,1.2769928581818575,0.0010851122507232716
T800,400ns_100ns,71300000.0,-0.8573803763987263,1.2865775763056446,0.00018600427095066932
T800,400ns_100ns,71600000.0,-0.856657384524681,1.2971004578577476,0.0006850799523624446
T800,400ns_100ns,71900000.0,-0.8553653220713707,1.308400181593794,0.0014192561051823355
T800,400ns_100ns,72200000.0,-0.8531879290852981,1.3200077544292372,0.0019409855093397833
T800,400ns_100ns,72500000.0,-0.8501855816593281,1.3313946664010599,0.002204687206164846
T800,400ns_100ns,72800000.0,-0.846722594433391,1.342225606579023,0.002204364163116742
T800,400ns_100ns,73100000.0,-0.8432550994408435,1.352490434883463,0.0019758157145289812
T800,400ns_100ns,73400000.0,-0.8400987460888086,1.362460947738671,0.0015980174127694883
T800,400ns_100ns,73700000.0,-0.8372959819915299,1.372512076943308,0.0012016163266826364
T800,400ns_100ns,74000000.0,-0.834640851474543,1.3829140293505233,0.000977313154782789
T800,400ns_100ns,74300000.0,-0.8318313550623598,1.3937079488662834,0.0010320280882451449
T800,400ns_100ns,74600000.0,-0.8286536827046707,1.4047233599285733,0.001199634413704677
T800,400ns_100ns,74900000.0,-0.8250930337675525,1.415713570613113,0.0012972341863498786
T800,400ns_100ns,75200000.0,-0.8213143857139643,1.426521371286024,0.0012636035493795797
T800,400ns_100ns,75500000.0,-0.8175339095227069,1.4371757827854,0.0011340601712980963
T800,400ns_100ns,75800000.0,-0.8138637484282073,1.447865360555108,0.0010349669781359366
T800,400ns_100ns,76100000.0,-0.8102255988690796,1.4588076085780728,0.0011226932148652813
T800,400ns_100ns,76400000.0,-0.8063862765295224,1.4700950079115453,0.0013887745475789483
T800,400ns_100ns,76700000.0,-0.8020961847427424,1.4816119570549209,0.001683512824291822
T800,400ns_100ns,77000000.0,-0.7972505161121142,1.4930763758088919,0.0018785662889343026
T800,400ns_100ns,77300000.0,-0.7919775326396874,1.50418800978693,0.0018983339459166836
T800,400ns_100ns,77600000.0,-0.7865971691706498,1.5148029147721374,0.0017118708478703272
T800,400ns_100ns,77900000.0,-0.7814650671257419,1.525035309888046,0.0013290173725632806
T800,400ns_100ns,78200000.0,-0.7767823226450248,1.5352246202143416,0.0008066007778799064
T800,400ns_100ns,78500000.0,-0.7724736413754598,1.5457775657063424,0.00038198739284162926
T800,400ns_100ns,78800000.0,-0.7682033713097801,1.5569636400105034,0.000742945525368441
T800,400ns_100ns,79100000.0,-0.7635273252343033,1.5687700520934043,0.0013202931622301325
T800,400ns_100ns,79400000.0,-0.7581064434319708,1.580893800164044,0.0017931054318838127
T800,400ns_100ns,79700000.0,-0.7518744801981714,1.592878665288665,0.002078449571276065
T800,400ns_100ns,80000000.0,-0.7450741115253198,1.6043302795615992,0.0021380872069580253
T800,400ns_100ns,80300000.0,-0.7381425401125511,1.6151021813325892,0.0019675971653736264
T800,400ns_100ns,80600000.0,-0.7315038959428999,1.6253607367397893,0.0015954590731831306
T800,400ns_100ns,80900000.0,-0.7253719315314645,1.6354987134903285,0.0010848133723841795
T800,400ns_100ns,81200000.0,-0.7196593220708056,1.6459435376061824,0.0005715190380269686
T800,400ns_100ns,81500000.0,-0.7140340782662178,1.6569574025303597,0.0005296205696667667
T800,400ns_100ns,81800000.0,-0.7080890031982555,1.668526887004281,0.0009702088511243373
T800,400ns_100ns,82100000.0,-0.7015355111740861,1.680390908397238,0.0013821452585981663
T800,400ns_100ns,82400000.0,-0.6943256840345274,1.6921844699311928,0.0016440304291490057
T800,400ns_100ns,82700000.0,-0.6866480266251124,1.7036192402206776,0.0017269794478962288
T800,400ns_100ns,83000000.0,-0.6788093923315219,1.7146088170606606,0.0016426376437574085
T800,400ns_100ns,83300000.0,-0.6710721696031899,1.725281217066881,0.001437719365128515
T800,400ns_100ns,83600000.0,-0.6635332599548203,1.735883179212746,0.001194292083507063
T800,400ns_100ns,83900000.0,-0.656102713099663,1.7466363893617234,0.001023304019605184
T800,400ns_100ns,84200000.0,-0.6485828055750468,1.757625908484183,0.0010038402637916393
T800,400ns_100ns,84500000.0,-0.6407947484078238,1.768777234295846,0.001089834563851356
T800,400ns_100ns,84800000.0,-0.6326785950212587,1.7799257777733433,0.0011718467642200044
T800,400ns_100ns,85100000.0,-0.6243122793412001,1.7909311055497035,0.0011838729686930078
T800,400ns_100ns,85400000.0,-0.6158448539737209,1.8017661301097319,0.0011228809952391063
T800,400ns_100ns,85700000.0,-0.6073885455276785,1.8125294736488784,0.0010431849400234397
T800,400ns_100ns,86000000.0,-0.5989366044622775,1.8233759555714726,0.0010357034300542069
T800,400ns_100ns,86300000.0,-0.5903573609779739,1.8344085200899642,0.0011504862502643074
T800,400ns_100ns,86600000.0,-0.5814695637451476,1.8455976339144824,0.001335935569229645
T800,400ns_100ns,86900000.0,-0.5721559689052889,1.8567787314029487,0.001498782957354415
T800,400ns_100ns,87200000.0,-0.5624484862805715,1.8677335898148257,0.001566245963562975
T800,400ns_100ns,87500000.0,-0.552532388599431,1.8783127460963283,0.00149953725194658
T800,400ns_100ns,87800000.0,-0.5426614692273545,1.8885306043263594,0.0012946900375182273
T800,400ns_100ns,88100000.0,-0.5330261678515847,1.8985772467068096,0.0009886735356879634
T800,400ns_100ns,88400000.0,-0.5236448511084938,1.9087348669206061,0.0006950610294129568
T800,400ns_100ns,88700000.0,-0.5143387826198896,1.9192385622213377,0.0006710902215355568
T800,400ns_100ns,89000000.0,-0.50480849068931,1.9301528327447444,0.0009642209259856982
T800,400ns_100ns,89300000.0,-0.49477588228865177,1.94132916904016,0.0013155976644692725
T800,400ns_100ns,89600000.0,-0.4841209931736413,1.9524692944832034,0.0015832661711182043
T800,400ns_100ns,89900000.0,-0.4729436838959149,1.9632643218271315,0.0017077121279409806
T800,400ns_100ns,90200000.0,-0.4615183154259298,1.973540815653486,0.0016683735512383663
T800,400ns_100ns,90500000.0,-0.4501637420716528,1.983341054862104,0.001475352173525588
T800,400ns_100ns,90800000.0,-0.43909354165537495,1.9928984004862853,0.0011705355746310605
T800,400ns_100ns,91100000.0,-0.4283203747970203,2.002521827441389,0.0008427598651339786
T800,400ns_100ns,91400000.0,-0.4176596467349881,2.0124486965145305,0.000673753277221546
T800,400ns_100ns,91700000.0,-0.4068267923236257,2.0227387925644025,0.0008117388203984991
T800,400ns_100ns,92000000.0,-0.3955761760095716,2.0332592306060744,0.0010837033325557174
T800,400ns_100ns,92300000.0,-0.3838113755841408,2.043762243319246,0.0013154960618462445
T800,400ns_100ns,92600000.0,-0.3716147880850531,2.054011411142551,0.0014405871656430049
T800,400ns_100ns,92900000.0,-0.35918818986188766,2.063890393378304,0.0014453081843369064
T800,400ns_100ns,93200000.0,-0.34674139513010993,2.073441593402451,0.0013496798287739322
T800,400ns_100ns,93500000.0,-0.33438982443168863,2.0828217771929554,0.001201694544624661
T800,400ns_100ns,93800000.0,-0.32211243047942606,2.092205454943015,0.0010697465012422566
T800,400ns_100ns,94100000.0,-0.309785742848847,2.1016916128398986,0.0010151202764511092
T800,400ns_100ns,94400000.0,-0.29726812366550925,2.111263071340456,0.0010431297700462167
T800,400ns_100ns,94700000.0,-0.28448326777624616,2.1208154053511286,0.0011003615616083649
T800,400ns_100ns,95000000.0,-0.27145619364549145,2.130232804664427,0.0011305324987548437
T800,400ns_100ns,95300000.0,-0.258284736806059,2.1394634013664144,0.0011108060602005763
T800,400ns_100ns,95600000.0,-0.245067370171273,2.1485494917303476,0.0010577604208121376
T800,400ns_100ns,95900000.0,-0.23183271921986964,2.1575960891251573,0.0010201039405645955
T800,400ns_100ns,96200000.0,-0.21851406152316688,2.166697925190822,0.001049147684117445
T800,400ns_100ns,96500000.0,-0.20498514637157175,2.1758695115073725,0.0011501495088314382
T800,400ns_100ns,96800000.0,-0.19113741692982691,2.185021489784993,0.0012749640054562003
T800,400ns_100ns,97100000.0,-0.17695374546377096,2.1940001525635195,0.0013628781883719325
T800,400ns_100ns,97400000.0,-0.16253425425103038,2.202670558036531,0.001370334913636355
T800,400ns_100ns,97700000.0,-0.14805564557450895,2.2109975615728836,0.0012800691711723907
T800,400ns_100ns,98000000.0,-0.1336825458216582,2.2190781166581863,0.0011053739983268717
T800,400ns_100ns,98300000.0,-0.11947721965612708,2.2271033168951933,0.0008999658848671108
T800,400ns_100ns,98600000.0,-0.1053570789229907,2.235266464170083,0.00077467024384645
T800,400ns_100ns,98900000.0,-0.0911255556286281,2.2436634922235403,0.0008406246817978702
T800,400ns_100ns,99200000.0,-0.07656359630388433,2.2522379156818704,0.001048894002127409
T800,400ns_100ns,99500000.0,-0.06153663891566871,2.2608006006776873,0.0012713325193068363
T800,400ns_100ns,99800000.0,-0.046062788258434004,2.269116383227374,0.0014248945329289843
T800,400ns_100ns,100100000.0,-0.030307036142292645,2.277014988256622,0.0014703759763896277
T800,400ns_100ns,100400000.0,-0.014503845089494654,2.284470977708805,0.0013994809773313435
T800,400ns_100ns,100700000.0,0.0011533283410675313,2.2916131831084448,0.0012313731346781248
T800,400ns_100ns,101000000.0,0.016600738244589734,2.298659913487657,0.0010157113785257367
T800,400ns_100ns,101300000.0,0.03192833944662578,2.305813435329033,0.0008411305750274785
T800,400ns_100ns,101600000.0,0.047329539651385304,2.3131666367265518,0.0008129794786028923
T800,400ns_100ns,101900000.0,0.06300448472898994,2.320666864372913,0.000936598995415344
T800,400ns_100ns,102200000.0,0.07906658325607789,2.3281515091949117,0.0011082863280084518
T800,400ns_100ns,102500000.0,0.09549782266126022,2.3354333783213024,0.0012421197987037304
T800,400ns_100ns,102800000.0,0.11217133350940608,2.342390238396131,0.0012999736681641055
T800,400ns_100ns,103100000.0,0.12892457459086026,2.3490137809079408,0.0012784042368194192
T800,400ns_100ns,103400000.0,0.14564197350253394,2.3553970454312556,0.0011997441695559496
T800,400ns_100ns,103700000.0,0.16230411163953823,2.3616725159891527,0.0011050419896110493
T800,400ns_100ns,104000000.0,0.17898131832509603,2.3679377988126595,0.001040099577394748
T800,400ns_100ns,104300000.0,0.19578066310444217,2.37420939786801,0.0010294675375763082
T800,400ns_100ns,104600000.0,0.21277966395361608,2.3804268169492677,0.0010583712683409523
T800,400ns_100ns,104900000.0,0.2299848087262717,2.3865000032316686,0.001089541593118265
T800,400ns_100ns,105200000.0,0.24733655840605714,2.392369425954186,0.0010939100827991313
T800,400ns_100ns,105500000.0,0.2647548161940677,2.3980426513082844,0.0010665145871843838
T800,400ns_100ns,105800000.0,0.28219568802017847,2.40358645559512,0.0010281030843097886
T800,400ns_100ns,106100000.0,0.29968454358876523,2.4090801916423987,0.0010149148054010252
T800,400ns_100ns,106400000.0,0.31730479570212433,2.4145590091655813,0.0010530440340615096
T800,400ns_100ns,106700000.0,0.335148010725589,2.4199817370167556,0.0011334549679525231
T800,400ns_100ns,107000000.0,0.35325402465404643,2.4252443455682764,0.0012180616377686253
T800,400ns_100ns,107300000.0,0.3715765934370317,2.4302337585762825,0.0012656253402412495
T800,400ns_100ns,107600000.0,0.38999674443845855,2.434893052290742,0.0012493758360644632
T800,400ns_100ns,107900000.0,0.4083796576892884,2.4392611462623903,0.0011642154089460182
T800,400ns_100ns,108200000.0,0.42664608191353703,2.443462664344996,0.00103114312449309
T800,400ns_100ns,108500000.0,0.44481977411358425,2.447650158774235,0.0009022096173585082
T800,400ns_100ns,108800000.0,0.46302378665926663,2.4519270566366167,0.0008528147128418777
T800,400ns_100ns,109100000.0,0.481424851587243,2.456291247568483,0.000923919035622778
T800,400ns_100ns,109400000.0,0.5001526367486591,2.460629683057864,0.0010707754775518053
T800,400ns_100ns,109700000.0,0.5192345650010639,2.464768491360619,0.0012172910728000474
T800,400ns_100ns,110000000.0,0.538579659405827,2.468554464479566,0.00130921160584031
T800,400ns_100ns,110300000.0,0.5580201631487998,2.4719274060181666,0.001320641206997933
T800,400ns_100ns,110600000.0,0.5773903684640607,2.4749473231983057,0.0012504978863614562
T800,400ns_100ns,110900000.0,0.5966034253656431,2.4777633993070314,0.001121177968859511
T800,400ns_100ns,111200000.0,0.6156884491398086,2.480541061147858,0.0009790879212755485
T800,400ns_100ns,111500000.0,0.6347709181207568,2.483384028692183,0.0008890241360151173
T800,400ns_100ns,111800000.0,0.6540081438990358,2.4862896022548666,0.0008986546524437269
T800,400ns_100ns,112100000.0,0.673513520244043,2.4891573920346937,0.0009897361706745805
T800,400ns_100ns,112400000.0,0.6933072728968389,2.491844086587995,0.0011008340943465243
T800,400ns_100ns,112700000.0,0.7133161155926826,2.494234219184757,0.0011815167125657055
T800,400ns_100ns,113000000.0,0.7334182372311775,2.4962906865693992,0.0012088291306516996
T800,400ns_100ns,113300000.0,0.7535073097139569,2.4980614853489755,0.0011842195333512755
T800,400ns_100ns,113600000.0,0.773541381680306,2.499643249833916,0.001127889266876886
T800,400ns_100ns,113900000.0,0.7935529599582181,2.5011245103031317,0.001070668387590662
T800,400ns_100ns,114200000.0,0.8136188364050617,2.5025404549559345,0.0010399327098109777
T800,400ns_100ns,114500000.0,0.8338098427740456,2.5038623507435553,0.0010431570703306433
T800,400ns_100ns,114800000.0,0.8541501260877873,2.5050241747417052,0.001064475157984217
T800,400ns_100ns,115100000.0,0.8746082106502896,2.505968181626563,0.00107956730862843
T800,400ns_100ns,115400000.0,0.8951227995598039,2.5066815095608277,0.0010731017698828492
T800,400ns_100ns,115700000.0,0.9156461178512607,2.507202403369942,0.0010472317023286848
T800,400ns_100ns,116000000.0,0.9361778891222027,2.507593085372172,0.0010208810686512025
T800,400ns_100ns,116300000.0,0.9567689796999064,2.5078960670386103,0.0010194337035034729
T800,400ns_100ns,116600000.0,0.9774917350537229,2.508100574365135,0.00105602123836759
T800,400ns_100ns,116900000.0,0.9983937824036385,2.508140225521891,0.0011188982281185884
T800,400ns_100ns,117200000.0,1.01946237712401,2.507925280954614,0.0011789401608327844
T800,400ns_100ns,117500000.0,1.0406213209312944,2.5073926796585275,0.001206899661290371
T800,400ns_100ns,117800000.0,1.0617647175177785,2.506545989288657,0.001185563264248042
T800,400ns_100ns,118100000.0,1.082811086942833,2.5054617078109076,0.001115567402093924
T800,400ns_100ns,118400000.0,1.103749115086455,2.5042559796432093,0.0010183598858175252
T800,400ns_100ns,118700000.0,1.12464951079376,2.5030272957402544,0.0009357313690960463
T800,400ns_100ns,119000000.0,1.1456346673506435,2.5018044587928308,0.000915200472280268
T800,400ns_100ns,119300000.0,1.166820026992468,2.500527425243397,0.0009733554705011643
T800,400ns_100ns,119600000.0,1.1882563931149308,2.499072211358082,0.0010782552809927484
T800,400ns_100ns,119900000.0,1.2099026584146564,2.497308407237134,0.001179907812291333
T800,400ns_100ns,120200000.0,1.2316432509437523,2.4951608782101617,0.001240159299037627
T800,400ns_100ns,120500000.0,1.2533419184184222,2.4926448726283064,0.001240912913804758
T800,400ns_100ns,120800000.0,1.2749050947168965,2.4898572279600537,0.0011840872390924946
T800,400ns_100ns,121100000.0,1.296323524528054,2.486928601708171,0.0010905693227750072
T800,400ns_100ns,121400000.0,1.317672268061854,2.48396107345159,0.0009975515790120763
T800,400ns_100ns,121700000.0,1.3390705083379795,2.4809821198063062,0.000947583741030005
T800,400ns_100ns,122000000.0,1.3606225743573168,2.4779367195193496,0.0009630176743383779
T800,400ns_100ns,122300000.0,1.3823700439270306,2.474719388590575,0.0010272840605382164
T800,400ns_100ns,122600000.0,1.4042777349370632,2.47122788351534,0.0011018724120994312
T800,400ns_100ns,122900000.0,1.4262580482180869,2.467410480873143,0.0011542674603018132
T800,400ns_100ns,123200000.0,1.4482184405356235,2.463283797053824,0.0011695996654257676
T800,400ns_100ns,123500000.0,1.4701060650544244,2.458914754228633,0.0011506837583648661
T800,400ns_100ns,123800000.0,1.491927001261439,2.454379277057426,0.0011137018787102935
T800,400ns_100ns,124100000.0,1.5137325226806633,2.4497215146505438,0.0010803966236363643
T800,400ns_100ns,124400000.0,1.5355829567017578,2.4449352657075836,0.0010668336399519212
T800,400ns_100ns,124700000.0,1.5575110230944924,2.4399756384125553,0.0010740980442265023
T800,400ns_100ns,125000000.0,1.5795052873063313,2.434791734464482,0.0010893462639005483
T800,400ns_100ns,125300000.0,1.6015217702851026,2.429359892662856,0.0010965074511919749
T800,400ns_100ns,125600000.0,1.623515215493902,2.423697740822388,0.0010871850583367242
T800,400ns_100ns,125900000.0,1.645470371617826,2.417851195827291,0.0010657963585006364
T800,400ns_100ns,126200000.0,1.6674140262501729,2.4118626596949206,0.0010479301106990685
T800,400ns_100ns,126500000.0,1.6894000105935754,2.405739812187189,0.001051539341283073
T800,400ns_100ns,126800000.0,1.7114753772515081,2.3994443171929993,0.0010838425374911159
T800,400ns_100ns,127100000.0,1.7336473541344724,2.392908495956154,0.0011342815115032514
T800,400ns_100ns,127400000.0,1.7558709999555238,2.3860718897203723,0.001180580560677361
T800,400ns_100ns,127700000.0,1.778066405088454,2.3789176928511124,0.0012009306404487793
T800,400ns_100ns,128000000.0,1.8001578233766895,2.3714880734552657,0.0011832703423568468
T800,400ns_100ns,128300000.0,1.822114361142503,2.363868181771305,0.0011300698436551443
T800,400ns_100ns,128600000.0,1.8439699394458982,2.356145473930261,0.001059863517970237
T800,400ns_100ns,128900000.0,1.865810483656124,2.3483647533637018,0.0010041182723313608
T800,400ns_100ns,129200000.0,1.8877333797699671,2.3405024950759117,0.0009939415019025297
T800,400ns_100ns,129500000.0,1.909799096760075,2.3324746546836868,0.0010381025343046124
T800,400ns_100ns,129800000.0,1.9319995327346342,2.32417506949672,0.0011151374933738123
T800,400ns_100ns,130100000.0,1.95425950311462,2.315525694205346,0.0011904073488428718
T800,400ns_100ns,130400000.0,1.976471030606591,2.3065136330764897,0.001235484917744908
T800,400ns_100ns,130700000.0,1.9985434511686493,2.2971965436322344,0.0012365278290628588
T800,400ns_100ns,131000000.0,2.0204444665596095,2.287674025547353,0.0011958253745975446
T800,400ns_100ns,131300000.0,2.0422121602075682,2.2780397007753614,0.0011306297105286185
T800,400ns_100ns,131600000.0,2.0639329556792565,2.268338010641253,0.0010689000209247624
T800,400ns_100ns,131900000.0,2.085697645105357,2.2585466583979334,0.0010387634333793784
T800,400ns_100ns,132200000.0,2.1075580819749637,2.248592010326587,0.001052462352558445
T800,400ns_100ns,132500000.0,2.1295057381379787,2.238387949223256,0.0010983474764372407
T800,400ns_100ns,132800000.0,2.1514812000248607,2.2278774229320577,0.001151272134723839
T800,400ns_100ns,133100000.0,2.1734075067459893,2.2170558393585904,0.0011889888985878669
T800,400ns_100ns,133400000.0,2.1952285750373997,2.2059660950012723,0.0012010574412061766
T800,400ns_100ns,133700000.0,2.2169326854771936,2.194670344611644,0.0011900459863999036
T800,400ns_100ns,134000000.0,2.2385502874120284,2.183215352635844,0.0011681547275982506
T800,400ns_100ns,134300000.0,2.2601297815278114,2.1716103769451176,0.0011505232728753266
T800,400ns_100ns,134600000.0,2.281706512999255,2.1598283670205345,0.001146903661670325
T800,400ns_100ns,134900000.0,2.3032828440778728,2.147827707751206,0.001156290214671625
T800,400ns_100ns,135200000.0,2.3248298335042232,2.135580431968463,0.001168866684986147
T800,400ns_100ns,135500000.0,2.3463081718684458,2.123089896270859,0.0011735847568118258
T800,400ns_100ns,135800000.0,2.367694953578558,2.1103877083023654,0.0011655861295290365
T800,400ns_100ns,136100000.0,2.3889997623991595,2.097512140021634,0.0011496094646907258
T800,400ns_100ns,136400000.0,2.4102600087155643,2.0844812306779645,0.0011381675071886154
T800,400ns_100ns,136700000.0,2.4315177189227266,2.0712770733091874,0.0011444852028566568
T800,400ns_100ns,137000000.0,2.4527910611477224,2.0578515385525553,0.0011731910656665703
T800,400ns_100ns,137300000.0,2.4740574959183643,2.0441514122945357,0.0012157946387294934
T800,400ns_100ns,137600000.0,2.495259433815469,2.03014949067562,0.0012550461684430233
T800,400ns_100ns,137900000.0,2.516330883651669,2.0158640469121845,0.0012739130699205264
T800,400ns_100ns,138200000.0,2.5372315926975872,2.001354726812122,0.001263118601100861
T800,400ns_100ns,138500000.0,2.5579702831283537,1.986695437653426,0.0012252220028160048
T800,400ns_100ns,138800000.0,2.5786036458552046,1.9719374439524684,0.0011752675218214025
T800,400ns_100ns,139100000.0,2.5992102381980398,1.9570817717124027,0.001136877111256574
T800,400ns_100ns,139400000.0,2.6198517529150522,1.9420758182007414,0.0011317389860183709
T800,400ns_100ns,139700000.0,2.6405411567250194,1.9268368317477573,0.0011658770393582335
T800,400ns_100ns,140000000.0,2.661234104251807,1.9112910481835823,0.0012250628405713702
T800,400ns_100ns,140300000.0,2.681848342234503,1.8954090512322588,0.0012845786321304794
T800,400ns_100ns,140600000.0,2.7023016054260234,1.8792197020381158,0.0013225183225325124
T800,400ns_100ns,140900000.0,2.7225491717829695,1.8627958359322179,0.0013276022967335798
T800,400ns_100ns,141200000.0,2.7426026030673674,1.8462191810054582,0.0013015395691277853
T800,400ns_100ns,141500000.0,2.762520958452913,1.8295422151958423,0.00125788614075459
T800,400ns_100ns,141800000.0,2.7823797519502524,1.8127657269331297,0.0012174687081319348
T800,400ns_100ns,142100000.0,2.8022338456264326,1.7958423418411318,0.0011996646442581766
T800,400ns_100ns,142400000.0,2.822092797458294,1.778702856987776,0.001212184845571323
T800,400ns_100ns,142700000.0,2.8419199948285656,1.7612909526887814,0.0012471588290289078
T800,400ns_100ns,143000000.0,2.8616542625622814,1.743588467743083,0.0012875753104216808
T800,400ns_100ns,143300000.0,2.88124131073401,1.7256193578008863,0.0013177074896116873
T800,400ns_100ns,143600000.0,2.9006582209862293,1.7074322060309284,0.0013299559144277888
T800,400ns_100ns,143900000.0,2.919919010466116,1.6890722901500161,0.0013263840383941335
T800,400ns_100ns,144200000.0,2.93906016940425,1.6705588781930334,0.0013160870913546592
T800,400ns_100ns,144500000.0,2.9581158654719593,1.6518794525005007,0.00130972186632697
T800,400ns_100ns,144800000.0,2.977097439438447,1.6330024934002563,0.0013133807250331983
T800,400ns_100ns,145100000.0,2.995988465035524,1.6139000352462487,0.0013253354846782454
T800,400ns_100ns,145400000.0,3.0147571888342757,1.5945661719538038,0.0013379805156055495
T800,400ns_100ns,145700000.0,3.033378061547826,1.5750206385015897,0.0013434002814342286
T800,400ns_100ns,146000000.0,3.051848989949827,1.5552956515871172,0.0013387350749491942
T800,400ns_100ns,146300000.0,3.0701936369232334,1.5354141272247908,0.0013285256890433151
T800,400ns_100ns,146600000.0,3.088446949988783,1.515372567894959,0.0013229129982105384
T800,400ns_100ns,146900000.0,3.1066320508214584,1.4951394071489639,0.001331986070343056
T800,400ns_100ns,147200000.0,3.124742016877915,1.4746708104194797,0.001358972319340047
T800,400ns_100ns,147500000.0,3.1427378191383886,1.4539357759987774,0.0013971063812809748
T800,400ns_100ns,147800000.0,3.1605649006559693,1.432936575034286,0.0014327725476498926
T800,400ns_100ns,148100000.0,3.178180383700962,1.4117124660364566,0.0014523286808960862
T800,400ns_100ns,148400000.0,3.1955764903702732,1.3903233436330822,0.0014483616582637517
T800,400ns_100ns,148700000.0,3.2127870951458486,1.3688208808542972,0.0014231929665980982
T800,400ns_100ns,149000000.0,3.2298728596240043,1.3472218812054344,0.001389006841041465
T800,400ns_100ns,149300000.0,3.246891665860228,1.325497998139705,0.0013639036497643641
T800,400ns_100ns,149600000.0,3.2638690608708467,1.303587845440481,0.0013636731756171046
T800,400ns_100ns,149900000.0,3.2807838290656517,1.2814260202544188,0.0013927077888891944
T800,400ns_100ns,150200000.0,3.2975763086085217,1.25897473337992,0.0014411305660359847
T800,400ns_100ns,150500000.0,3.3141755371225736,1.2362422486908564,0.0014908166119271082
T800,400ns_100ns,150800000.0,3.3305317592582666,1.2132789773333268,0.0015247677345207945
T800,400ns_100ns,151100000.0,3.346638210104724,1.1901533829378532,0.0015338502802601493
T800,400ns_100ns,151400000.0,3.362531703243824,1.1669199446605198,0.0015193646797545919
T800,400ns_100ns,151700000.0,3.378272393085471,1.1435951090242324,0.0014919933834801138
T800,400ns_100ns,152000000.0,3.393913467985131,1.1201526662524282,0.0014674571317044955
T800,400ns_100ns,152300000.0,3.40947613181525,1.0965398258959502,0.0014595186956083913
T800,400ns_100ns,152600000.0,3.424941851078093,1.0727048391456322,0.0014731961254274087
T800,400ns_100ns,152900000.0,3.440264501750974,1.0486217089716459,0.001502787299603778
T800,400ns_100ns,153200000.0,3.455394811484864,1.0242998916277462,0.0015362759840410176
T800,400ns_100ns,153500000.0,3.470303720515113,0.9997753706828536,0.0015624070513769201
T800,400ns_100ns,153800000.0,3.484992796648263,0.9750893663206445,0.0015758197576142257
T800,400ns_100ns,154100000.0,3.499487496976408,0.9502669548453628,0.0015783879923395392
T800,400ns_100ns,154400000.0,3.5138185092927348,0.9253070055336978,0.0015770542015270978
T800,400ns_100ns,154700000.0,3.52800248173975,0.9001878833600999,0.0015794008347909303
T800,400ns_100ns,155000000.0,3.54203301992388,0.8748843609905478,0.0015891328879567453
T800,400ns_100ns,155300000.0,3.5558864015753984,0.8493851454860252,0.0016041197610538525
T800,400ns_100ns,155600000.0,3.569537803050971,0.823700583721037,0.001618251317277886
T800,400ns_100ns,155900000.0,3.5829778458604755,0.7978561899998222,0.0016257334663571353
T800,400ns_100ns,156200000.0,3.5962192601010905,0.7718760862616169,0.0016250805499595927
T800,400ns_100ns,156500000.0,3.6092893440825606,0.7457664463591711,0.0016206495858958928
T800,400ns_100ns,156800000.0,3.622212297952157,0.7195091984335258,0.0016208265031324282
T800,400ns_100ns,157100000.0,3.6349916521477117,0.6930704599258621,0.001633394288092312
T800,400ns_100ns,157400000.0,3.647603388007022,0.6664196865281845,0.0016604499637336329
T800,400ns_100ns,157700000.0,3.6600046547076635,0.6395490761816724,0.0016962901985235106
T800,400ns_100ns,158000000.0,3.6721543060445296,0.6124820513043021,0.0017299018051771119
T800,400ns_100ns,158300000.0,3.684034596204961,0.5852651846173258,0.0017503264792722607
T800,400ns_100ns,158600000.0,3.695662150844361,0.557946821861716,0.001751813399998771
T800,400ns_100ns,158900000.0,3.707081587309638,0.5305530877312709,0.0017366969860548272
T800,400ns_100ns,159200000.0,3.7183441919734137,0.5030738534589528,0.0017151162303428683
T800,400ns_100ns,159500000.0,3.729482081024792,0.47546644900334806,0.0017012417240913618
T800,400ns_100ns,159800000.0,3.7404909626811653,0.44767585666181353,0.0017067301209927528
T800,400ns_100ns,160100000.0,3.7513304730788493,0.41966156255306186,0.001734460730636441
T800,400ns_100ns,160400000.0,3.761942185690525,0.39141768301792007,0.0017768758741119155
T800,400ns_100ns,160700000.0,3.7722764117577854,0.36297631590050733,0.0018202125831701464
T800,400ns_100ns,161000000.0,3.782314491741497,0.3343925593320446,0.0018513592645984852
T800,400ns_100ns,161300000.0,3.7920756896115972,0.30571886592580344,0.0018633180605936493
T800,400ns_100ns,161600000.0,3.801605722970624,0.2769815871408529,0.0018574667731963946
T800,400ns_100ns,161900000.0,3.8109532206751155,0.2481711059886295,0.0018424871582953062
T800,400ns_100ns,162200000.0,3.8201462015816,0.21924975248012124,0.0018304215070189477
T800,400ns_100ns,162500000.0,3.8291801212684806,0.19017261050029455,0.0018311059466836524
T800,400ns_100ns,162800000.0,3.8380226247157267,0.16091010207885606,0.0018475651020616385
T800,400ns_100ns,163100000.0,3.846631400855153,0.13146098772470183,0.0018751802293578493
T800,400ns_100ns,163400000.0,3.8549750936639233,0.10185003584547928,0.0019050733273318367
T800,400ns_100ns,163700000.0,3.8630463471899743,0.07211290290837924,0.001929194043653665
T800,400ns_100ns,164000000.0,3.870860955063713,0.04227724844535613,0.0019440651096295017
T800,400ns_100ns,164300000.0,3.878444884656248,0.012350434073682868,0.0019516542901186343
T800,400ns_100ns,164600000.0,3.885817344647445,-0.017680144350454487,0.001957430550633696
T800,400ns_100ns,164900000.0,3.8929796698570582,-0.0478353907388876,0.0019667688385957673
T800,400ns_100ns,165200000.0,3.899915935270565,-0.0781290669541166,0.0019816591797353574
T800,400ns_100ns,165500000.0,3.906604217001906,-0.10855789386265206,0.0019996669831204537
T800,400ns_100ns,165800000.0,3.9130312828280664,-0.1391029400669053,0.00201575232667231
T800,400ns_100ns,166100000.0,3.919201640020601,-0.16974127204367276,0.0020257109239702068
T800,400ns_100ns,166400000.0,3.925135269401279,-0.20046074975518255,0.0020291428181937387
T800,400ns_100ns,166700000.0,3.930855057173897,-0.23126889381787066,0.0020302970388736607
T800,400ns_100ns,167000000.0,3.9363710984770113,-0.26219003713502087,0.00203619987119377
T800,400ns_100ns,167300000.0,3.9416711801986066,-0.293251675920642,0.0020527834828202433
T800,400ns_100ns,167600000.0,3.946723587562121,-0.3244672993965068,0.002081080981707612
T800,400ns_100ns,167900000.0,3.951491600919299,-0.35582540426923026,0.002115948146078664
T800,400ns_100ns,168200000.0,3.95595237296973,-0.38729143529959653,0.0021482739239734
T800,400ns_100ns,168500000.0,3.9601100208668183,-0.41882254762727694,0.002169343993692096
T800,400ns_100ns,168800000.0,3.963995409932664,-0.450388033935985,0.002175011174858954
T800,400ns_100ns,169100000.0,3.9676519442827067,-0.48198485102000277,0.0021678757587486213
T800,400ns_100ns,169400000.0,3.971114110799317,-0.5136398506155597,0.0021566195520664327
T800,400ns_100ns,169700000.0,3.9743895687942237,-0.5453970216891914,0.002152472621721953
T800,400ns_100ns,170000000.0,3.977454024764386,-0.5772957963300264,0.0021639630406706453
T800,400ns_200ns,20000000.0,-0.1653362624212593,1.4704175669983606,0.022125936195542147
T800,400ns_200ns,20300000.0,-0.15694149917362146,1.4396447832331776,0.02081824895807354
T800,400ns_200ns,20600000.0,-0.15472897523023296,1.4038100422667383,0.0180088795342278
T800,400ns_200ns,20900000.0,-0.1604184323467374,1.3680635942286399,0.014095993301288587
T800,400ns_200ns,21200000.0,-0.1720604458514157,1.337102508230624,0.009649656133988178
T800,400ns_200ns,21500000.0,-0.1854163245440505,1.3129946817324634,0.00540597859156134
T800,400ns_200ns,21800000.0,-0.19631798688547972,1.294539331096637,0.002687293119000323
T800,400ns_200ns,22100000.0,-0.2027211651693742,1.2783368312011918,0.0032298724561732727
T800,400ns_200ns,22400000.0,-0.2054374717192082,1.2608539292580472,0.0041949501285777815
T800,400ns_200ns,22700000.0,-0.20729889015456937,1.240324571200792,0.0039689677934316185
T800,400ns_200ns,23000000.0,-0.21133786745075608,1.2175138296830965,0.0026024743564107434
T800,400ns_200ns,23300000.0,-0.21902650669335055,1.1950450836648867,0.0021256886589349116
T800,400ns_200ns,23600000.0,-0.22950212008563478,1.1757637844980238,0.004976695146851244
T800,400ns_200ns,23900000.0,-0.24011870310868538,1.1610783894643022,0.008599697757737453
T800,400ns_200ns,24200000.0,-0.24794431684153828,1.150162491247476,0.011964851142654507
T800,400ns_200ns,24500000.0,-0.2513548239441403,1.1403901967162695,0.014515349077673599
T800,400ns_200ns,24800000.0,-0.2508796323852864,1.1287075446385297,0.01587274657539088
T800,400ns_200ns,25100000.0,-0.24889847580353747,1.1131738080337485,0.015846222851049283
T800,400ns_200ns,25400000.0,-0.2484096498798719,1.0938665146819666,0.014446964703309795
T800,400ns_200ns,25700000.0,-0.2515558214901716,1.072723946818271,0.011880096866220796
T800,400ns_200ns,26000000.0,-0.25867350197647226,1.0524735283542046,0.008512301613967313
T800,400ns_200ns,26300000.0,-0.2683116053366508,1.0352536666946424,0.004823798480129844
T800,400ns_200ns,26600000.0,-0.27813623782075797,1.0216510345610328,0.0014353225540981328
T800,400ns_200ns,26900000.0,-0.2861901002850068,1.0106094806746948,0.0018500721757887808
T800,400ns_200ns,27200000.0,-0.29183211604138365,1.0001842226155448,0.00365715097844122
T800,400ns_200ns,27500000.0,-0.2958989985070817,0.9886802287033581,0.0042958368429872
T800,400ns_200ns,27800000.0,-0.30006895180614945,0.9755487319681085,0.003665051584225097
T800,400ns_200ns,28100000.0,-0.30582589840712116,0.9615879831468981,0.001891423862260068
T800,400ns_200ns,28400000.0,-0.3136044363539419,0.9483915798098081,0.0007612514134075245
T800,400ns_200ns,28700000.0,-0.3225619441984242,0.9373882950848514,0.003841190776627979
T800,400ns_200ns,29000000.0,-0.3310649358695852,0.9290120400161882,0.006932059222538228
T800,400ns_200ns,29300000.0,-0.3375937479682151,0.9224406045506383,0.009580773168285673
T800,400ns_200ns,29600000.0,-0.34156459317589766,0.9160174004689386,0.011415450392136157
T800,400ns_200ns,29900000.0,-0.34363752917608187,0.9081045909600105,0.01218776073784935
T800,400ns_200ns,30200000.0,-0.3453705720606027,0.8979023868839859,0.011804324431993718
T800,400ns_200ns,30500000.0,-0.3484288432719423,0.8858107198555822,0.010335976480047257
T800,400ns_200ns,30800000.0,-0.35377803646906375,0.8731697477019698,0.008004103389726598
T800,400ns_200ns,31100000.0,-0.3612760101587356,0.8615464915325296,0.005147550889068367
T800,400ns_200ns,31400000.0,-0.36984652741382706,0.8519598781048562,0.0021864572268763026
T800,400ns_200ns,31700000.0,-0.37810713125578665,0.8444444514776328,0.0007634759237248957
T800,400ns_200ns,32000000.0,-0.38509621352214135,0.8381524328285436,0.002704582793338204
T800,400ns_200ns,32300000.0,-0.39071586343752024,0.831901366109534,0.0038698003684996484
T800,400ns_200ns,32600000.0,-0.39568035936369533,0.8248482702191577,0.004026159409150602
T800,400ns_200ns,32900000.0,-0.40103291240938843,0.8169254667864211,0.0032001032916723873
T800,400ns_200ns,33200000.0,-0.4075169780580197,0.8088216266843509,0.001643289225200731
T800,400ns_200ns,33500000.0,-0.4151485917583177,0.8015452718285944,0.0013194529121463865
T800,400ns_200ns,33800000.0,-0.423210250877053,0.7958278952737411,0.0035760589214791547
T800,400ns_200ns,34100000.0,-0.43065116000835607,0.7916962015161425,0.0059101607426675865
T800,400ns_200ns,34400000.0,-0.43666301737849317,0.7884374354590101,0.007803358418517411
T800,400ns_200ns,34700000.0,-0.44111743679698545,0.7849630649765089,0.00897380974966425
T800,400ns_200ns,35000000.0,-0.444637638552918,0.7803650101775522,0.009266123787070972
T800,400ns_200ns,35300000.0,-0.448279299104946,0.7743658231097034,0.008657487557630206
T800,400ns_200ns,35600000.0,-0.4530014654256371,0.7674326926909496,0.007255956330025368
T800,400ns_200ns,35900000.0,-0.4592098684128571,0.7605110642811134,0.005286246667992297
T800,400ns_200ns,36200000.0,-0.4666037282506955,0.7545337511911486,0.00308264440626187
T800,400ns_200ns,36500000.0,-0.4743876290965074,0.7499700926570279,0.001318675653569155
T800,400ns_200ns,36800000.0,-0.48171698285174813,0.7466445861385145,0.0018436691060967085
T800,400ns_200ns,37100000.0,-0.4881313775424092,0.743901144238242,0.0030242527337055914
T800,400ns_200ns,37400000.0,-0.49375062826633254,0.7410040823936109,0.0036126092584576647
T800,400ns_200ns,37700000.0,-0.49914599699626444,0.7375489091160755,0.0034608482145596217
T800,400ns_200ns,38000000.0,-0.5049755188839621,0.7336636427083629,0.0026574524426939816
T800,400ns_200ns,38300000.0,-0.5115927853357057,0.7299044022015796,0.0016261753003188573
T800,400ns_200ns,38600000.0,-0.5188421256711043,0.7269168569266022,0.001849571972419255
T800,400ns_200ns,38900000.0,-0.526143606273881,0.7250569693870267,0.0033910049897551376
T800,400ns_200ns,39200000.0,-0.5328118148083163,0.724178053485218,0.004998341249731522
T800,400ns_200ns,39500000.0,-0.53842962928954,0.7236942213851664,0.0062295545049027845
T800,400ns_200ns,39800000.0,-0.5430754062165726,0.7228789788827349,0.0068757442293089005
T800,400ns_200ns,40100000.0,-0.5472869651745208,0.7212344080951981,0.0068488782445494875
T800,400ns_200ns,40400000.0,-0.5517889260837944,0.7187350002580052,0.006170026546813949
T800,400ns_200ns,40700000.0,-0.5571333376035,0.7158234239447335,0.00496243968767036
T800,400ns_200ns,41000000.0,-0.5634429220145136,0.7131702827199335,0.00344773684274858
T800,400ns_200ns,41300000.0,-0.5703845172294247,0.71133260870543,0.002004794340761254
T800,400ns_200ns,41600000.0,-0.5773743206901353,0.7104924008859717,0.0015062665549567002
T800,400ns_200ns,41900000.0,-0.5838954637575935,0.7104058051217019,0.0021972093538244358
T800,400ns_200ns,42200000.0,-0.589755787511273,0.7105765885344572,0.0028737727150951265
T800,400ns_200ns,42500000.0,-0.5951541135801195,0.7105489771735821,0.003096696069565047
T800,400ns_200ns,42800000.0,-0.6005312890069519,0.7101573253531575,0.0028130508976508275
T800,400ns_200ns,43100000.0,-0.6062977645770898,0.7096011619985867,0.0021637898094246854
T800,400ns_200ns,43400000.0,-0.612591016970983,0.7093135559374448,0.0016270093196154064
T800,400ns_200ns,43700000.0,-0.6191934690693522,0.7097028443429846,0.0020299116113191074
T800,400ns_200ns,44000000.0,-0.625650261488666,0.710912581882854,0.0030905005518477736
T800,400ns_200ns,44300000.0,-0.6315175494880696,0.7127296221448518,0.004144877020222217
T800,400ns_200ns,44600000.0,-0.636604332762589,0.7146866372878952,0.004889933176764397
T800,400ns_200ns,44900000.0,-0.6410785023565222,0.7163001483092186,0.005185138630392684
T800,400ns_200ns,45200000.0,-0.6453838789150319,0.7173149154313755,0.0049891687941852995
T800,400ns_200ns,45500000.0,-0.6500166313173934,0.7178262215755179,0.004346855349992502
T800,400ns_200ns,45800000.0,-0.6552818633462568,0.7182201489091051,0.0033846168367010834
T800,400ns_200ns,46100000.0,-0.6611571660945028,0.7189695794086786,0.0023246522653826984
T800,400ns_200ns,46400000.0,-0.6673289278422216,0.7203976570422664,0.0015812295816602386
T800,400ns_200ns,46700000.0,-0.6733739975083725,0.722532679771167,0.001659929555551152
T800,400ns_200ns,47000000.0,-0.6789843944836154,0.7251248402341116,0.0021684946847091813
T800,400ns_200ns,47300000.0,-0.6841149742321974,0.7278068377418149,0.0025277575649027316
T800,400ns_200ns,47600000.0,-0.6889803800531586,0.7303052880481126,0.0025514507344251342
T800,400ns_200ns,47900000.0,-0.6939110601304929,0.7325872737366271,0.0022491347693711474
T800,400ns_200ns,48200000.0,-0.6991528794376984,0.7348661681723277,0.0017909911421101355
T800,400ns_200ns,48500000.0,-0.7047215667694982,0.7374694418252002,0.0015893246809587955
T800,400ns_200ns,48800000.0,-0.7103895595556565,0.74064525700638,0.0020035495042812746
T800,400ns_200ns,49100000.0,-0.7158089203453226,0.7444150155846728,0.002737096310754638
T800,400ns_200ns,49400000.0,-0.7207006911766473,0.7485510649650821,0.0034134252929150827
T800,400ns_200ns,49700000.0,-0.7250073327234393,0.7526894230943343,0.0038374165558354317
T800,400ns_200ns,50000000.0,-0.7289273513344956,0.7565149711002139,0.003922060593033489
T800,400ns_200ns,50300000.0,-0.7328160166336437,0.7599196847395859,0.003656911064336713
T800,400ns_200ns,50600000.0,-0.7370073832623469,0.7630515270605601,0.003099417034279454
T800,400ns_200ns,50900000.0,-0.7416526072178449,0.7662317443129435,0.002376191920428534
T800,400ns_200ns,51200000.0,-0.746657789326388,0.769788169722928,0.0017092219503514897
T800,400ns_200ns,51500000.0,-0.7517493035166293,0.7738944170735453,0.0014397019685288561
T800,400ns_200ns,51800000.0,-0.7566265764023028,0.7784981420992441,0.0016605551951920663
T800,400ns_200ns,52100000.0,-0.7611180269475655,0.7833711867127953,0.001992792163280884
T800,400ns_200ns,52400000.0,-0.7652579197366988,0.7882486766448926,0.0021622385838292973
T800,400ns_200ns,52700000.0,-0.7692474368973946,0.7929784422644632,0.0020911345176931164
T800,400ns_200ns,53000000.0,-0.7733265455449024,0.7975999980145592,0.0018257597951806444
T800,400ns_200ns,53300000.0,-0.7776299455460105,0.8023132963011285,0.001540046505106383
T800,400ns_200ns,53600000.0,-0.782106249387882,0.8073582121494852,0.0015273199355075682
T800,400ns_200ns,53900000.0,-0.7865428588980032,0.8128731551990913,0.0018920472891901404
T800,400ns_200ns,54200000.0,-0.7906807577853747,0.818810484576564,0.0024013724773978957
T800,400ns_200ns,54500000.0,-0.7943554119779135,0.8249538036052918,0.0028287666940961646
T800,400ns_200ns,54800000.0,-0.7975874625787901,0.8310264403750979,0.0030506556759934645
T800,400ns_200ns,55100000.0,-0.8005754876208421,0.8368319208106764,0.0030177080040187086
T800,400ns_200ns,55400000.0,-0.8035963263830286,0.8423516232519176,0.002739642584047976
T800,400ns_200ns,55700000.0,-0.8068672489736677,0.847749380338312,0.002281254365737948
T800,400ns_200ns,56000000.0,-0.8104428269771883,0.8532832775811134,0.0017683470106900985
T800,400ns_200ns,56300000.0,-0.8141988017286628,0.8591736848760907,0.0014029731703993297
T800,400ns_200ns,56600000.0,-0.8179077092990965,0.8654978234888118,0.0013745556553655216
T800,400ns_200ns,56900000.0,-0.821362597131767,0.8721645385960051,0.0015857155172894087
T800,400ns_200ns,57200000.0,-0.8244815728215241,0.8789785034983695,0.001789032699794634
T800,400ns_200ns,57500000.0,-0.8273388460277813,0.8857553598296654,0.0018490012085710075
T800,400ns_200ns,57800000.0,-0.8301092527171967,0.8924237713753399,0.0017424169661314861
T800,400ns_200ns,58100000.0,-0.8329600333686954,0.8990598724399514,0.0015347088264162816
T800,400ns_200ns,58400000.0,-0.8359507599943139,0.90583789621258,0.0013816259275195467
T800,400ns_200ns,58700000.0,-0.8389959334116253,0.9129265006243855,0.0014599498458066002
T800,400ns_200ns,59000000.0,-0.8419093565532355,0.9203888066523587,0.0017602829146329
T800,400ns_200ns,59300000.0,-0.8445047389369633,0.92814071571679,0.002114098159472774
T800,400ns_200ns,59600000.0,-0.8466972390304023,0.9359894535424038,0.002378523365017189
T800,400ns_200ns,59900000.0,-0.8485512791324135,0.9437307524308108,0.0024759588664262874
T800,400ns_200ns,60200000.0,-0.8502497942631484,0.9512521781209329,0.0023826381478351884
T800,400ns_200ns,60500000.0,-0.8520023930279557,0.9585879658349388,0.002121593955454458
T800,400ns_200ns,60800000.0,-0.8539418300401957,0.965897698346726,0.0017619422911663604
T800,400ns_200ns,61100000.0,-0.8560630256613302,0.9733820717366478,0.001423602900491702
T800,400ns_200ns,61400000.0,-0.85823482858645,0.9811817044966598,0.0012596455103867008
T800,400ns_200ns,61700000.0,-0.860275425361168,0.9893123188792372,0.0013250937517198943
T800,400ns_200ns,62000000.0,-0.862049092953235,0.9976685125110037,0.0014896056879075002
T800,400ns_200ns,62300000.0,-0.8635323249182032,1.0060908452822717,0.0016053821826421271
T800,400ns_200ns,62600000.0,-0.864815640636398,1.014457547761187,0.0016051069902093089
T800,400ns_200ns,62900000.0,-0.8660429976582459,1.0227504814857322,0.0014950647996666536
T800,400ns_200ns,63200000.0,-0.8673241391566477,1.0310605980041043,0.001347020614702204
T800,400ns_200ns,63500000.0,-0.8686686459079308,1.0395318803562807,0.0012847541910904728
T800,400ns_200ns,63800000.0,-0.8699773314286917,1.0482760333642618,0.0013975391013755219
T800,400ns_200ns,64100000.0,-0.8710947044122141,1.0573052197258153,0.0016361828627793984
T800,400ns_200ns,64400000.0,-0.8718931250819848,1.066519371327833,0.0018808900050235789
T800,400ns_200ns,64700000.0,-0.872342749818595,1.0757544854328405,0.0020383939253061103
T800,400ns_200ns,65000000.0,-0.8725298103067695,1.0848654542582892,0.0020609552378093392
T800,400ns_200ns,65300000.0,-0.8726140609823524,1.0937990064502388,0.0019420806587314588
T800,400ns_200ns,65600000.0,-0.8727487512373683,1.1026184776734977,0.0017135168866299017
T800,400ns_200ns,65900000.0,-0.873005788950921,1.111468487693319,0.0014452855018251061
T800,400ns_200ns,66200000.0,-0.8733449198871236,1.1204996174912825,0.0012414374068986582
T800,400ns_200ns,66500000.0,-0.8736414188167466,1.1297936636784232,0.0011928517321115033
T800,400ns_200ns,66800000.0,-0.8737554804048678,1.1393284219767494,0.0012808766120030687
T800,400ns_200ns,67100000.0,-0.8736050641795722,1.1489987100151615,0.0013978454564948215
T800,400ns_200ns,67400000.0,-0.8732035106117162,1.1586799188255428,0.0014564483663919046
T800,400ns_200ns,67700000.0,-0.8726434222759224,1.1682982304593212,0.0014259565666967541
T800,400ns_200ns,68000000.0,-0.8720377279557516,1.1778693322848455,0.0013284160247378559
T800,400ns_200ns,68300000.0,-0.8714515319965018,1.1874856568906387,0.001232361718383774
T800,400ns_200ns,68600000.0,-0.8708623501875709,1.1972605682308486,0.0012260264339801349
T800,400ns_200ns,68900000.0,-0.8701700125404703,1.2072610177382437,0.001343791386533366
T800,400ns_200ns,69200000.0,-0.8692501489662031,1.217465764916782,0.0015293001095763952
T800,400ns_200ns,69500000.0,-0.868021710679937,1.2277717477841197,0.0016969259642854364
T800,400ns_200ns,69800000.0,-0.8664918975627455,1.2380448588913855,0.001784478944689114
T800,400ns_200ns,70100000.0,-0.8647545675130525,1.248187609296214,0.0017640543069465079
T800,400ns_200ns,70400000.0,-0.8629434423854067,1.2581876029125632,0.0016407941295288188
T800,400ns_200ns,70700000.0,-0.8611654212282087,1.2681216158700017,0.0014514504825462306
T800,400ns_200ns,71000000.0,-0.8594492909622751,1.2781141181425772,0.0012621451214253792
T800,400ns_200ns,71300000.0,-0.8577361098047633,1.2882731515006107,0.0011520629312332185
T800,400ns_200ns,71600000.0,-0.855914810098588,1.2986377634427402,0.0011599403088040031
T800,400ns_200ns,71900000.0,-0.8538825854531648,1.3091640144229137,0.0012418543540294407
T800,400ns_200ns,72200000.0,-0.8515971999542653,1.319755245724624,0.001319914189848817
T800,400ns_200ns,72500000.0,-0.8490937936997197,1.330318573650961,0.0013425901079423452
T800,400ns_200ns,72800000.0,-0.8464586670537525,1.3408161868518869,0.001299912300058986
T800,400ns_200ns,73100000.0,-0.8437758725150891,1.3512838397837628,0.0012211207054232736
T800,400ns_200ns,73400000.0,-0.8410766430009297,1.3618074533464888,0.0011654127568248422
T800,400ns_200ns,73700000.0,-0.8383193683630696,1.3724716500045364,0.0011898348411120388
T800,400ns_200ns,74000000.0,-0.835410653305744,1.3833089653978605,0.0012988859552853984
T800,400ns_200ns,74300000.0,-0.8322555225529197,1.3942775800614755,0.001440972198943141
T800,400ns_200ns,74600000.0,-0.8288092600377592,1.4052795477295215,0.0015541319852417973
T800,400ns_200ns,74900000.0,-0.8251028813398142,1.4162095019318013,0.0015965722234542751
T800,400ns_200ns,75200000.0,-0.8212287776741932,1.4270076187767897,0.0015538037074804875
T800,400ns_200ns,75500000.0,-0.8172945309406838,1.4376887494111807,0.001438518112421622
T800,400ns_200ns,75800000.0,-0.8133696604610677,1.448332796249287,0.0012889500484725143
T800,400ns_200ns,76100000.0,-0.8094532786038393,1.4590422321870156,0.001162395993520753
T800,400ns_200ns,76400000.0,-0.8054789000045056,1.4698898673381076,0.0011111945317599447
T800,400ns_200ns,76700000.0,-0.8013525786530323,1.4808844672939383,0.0011417298092639755
T800,400ns_200ns,77000000.0,-0.7970030433988748,1.4919715355157064,0.0012085283242363513
T800,400ns_200ns,77300000.0,-0.7924168349606198,1.5030673535799948,0.0012574674122425452
T800,400ns_200ns,77600000.0,-0.7876403362632924,1.514106714860307,0.0012586939205653208
T800,400ns_200ns,77900000.0,-0.7827489063723424,1.5250780859108326,0.0012141209694180519
T800,400ns_200ns,78200000.0,-0.7778010324666357,1.536027491066017,0.0011545934382747895
T800,400ns_200ns,78500000.0,-0.772803032576654,1.5470298317316582,0.0011274616291332136
T800,400ns_200ns,78800000.0,-0.7677035300348195,1.558144041692683,0.0011663573498446281
T800,400ns_200ns,79100000.0,-0.7624203888091493,1.5693769390959649,0.001261514635246691
T800,400ns_200ns,79400000.0,-0.7568851513744825,1.5806755240519441,0.0013692352191025704
T800,400ns_200ns,79700000.0,-0.751080758162272,1.5919518190641215,0.001444153769419013
T800,400ns_200ns,80000000.0,-0.7450522502114746,1.6031267725393887,0.0014583436218015982
T800,400ns_200ns,80300000.0,-0.7388848975069917,1.6141697057183708,0.0014063955757847905
T800,400ns_200ns,80600000.0,-0.7326616447956587,1.6251125058620204,0.0013053490183252598
T800,400ns_200ns,80900000.0,-0.7264225375089945,1.6360315376955914,0.0011917269588300912
T800,400ns_200ns,81200000.0,-0.7201472693285201,1.6470074738221931,0.0011111070446637042
T800,400ns_200ns,81500000.0,-0.7137692598434502,1.6580846619347407,0.0010935623875397884
T800,400ns_200ns,81800000.0,-0.7072127734793984,1.6692512926939305,0.0011297075674236655
T800,400ns_200ns,82100000.0,-0.7004326432165892,1.6804499725293292,0.00118051212269341
T800,400ns_200ns,82400000.0,-0.6934354238693895,1.691611837755246,0.001208775062683436
T800,400ns_200ns,82700000.0,-0.6862713908225057,1.7026949883150302,0.0011981178221547174
T800,400ns_200ns,83000000.0,-0.6790027774920215,1.7137062835541246,0.0011569218783826242
T800,400ns_200ns,83300000.0,-0.6716663178766826,1.7246951037982265,0.0011142406227813498
T800,400ns_200ns,83600000.0,-0.664250806836098,1.7357231469122105,0.0011058508084248603
T800,400ns_200ns,83900000.0,-0.6567018130905522,1.7468272598745913,0.0011495680572536464
T800,400ns_200ns,84200000.0,-0.6489507277279735,1.757995806020859,0.0012299330113482469
T800,400ns_200ns,84500000.0,-0.6409521711383194,1.7691714486183456,0.001311061623879998
T800,400ns_200ns,84800000.0,-0.632709450560324,1.780278801826326,0.001359449285530805
T800,400ns_200ns,85100000.0,-0.6242744176359795,1.7912620372237729,0.00135679316396863
T800,400ns_200ns,85400000.0,-0.6157219451791183,1.8021123851836955,0.001303666865709515
T800,400ns_200ns,85700000.0,-0.6071127599490216,1.8128711393793533,0.0012189129284979879
T800,400ns_200ns,86000000.0,-0.5984643086277398,1.8236070186999669,0.0011350444813685292
T800,400ns_200ns,86300000.0,-0.5897446739362804,1.834380333742756,0.0010858034329647658
T800,400ns_200ns,86600000.0,-0.5808920064088621,1.8452130783575191,0.0010858524366154044
T800,400ns_200ns,86900000.0,-0.5718483673873807,1.8560804076240507,0.0011199585704905928
T800,400ns_200ns,87200000.0,-0.5625895602546803,1.8669271584098044,0.0011568235997563867
T800,400ns_200ns,87500000.0,-0.553135227312558,1.877699613727552,0.001170978352743808
T800,400ns_200ns,87800000.0,-0.5435345317281253,1.888374844501465,0.0011545060991000294
T800,400ns_200ns,88100000.0,-0.5338360196621589,1.8989717681086216,0.0011188443221393947
T800,400ns_200ns,88400000.0,-0.5240585945914488,1.9095383551673732,0.001089552449557141
T800,400ns_200ns,88700000.0,-0.5141795634550042,1.9201224814401192,0.0010925954318898696
T800,400ns_200ns,89000000.0,-0.5041461489077383,1.930742678295192,0.0011358587632419156
T800,400ns_200ns,89300000.0,-0.4939040185351892,1.9413748578586358,0.001202500646831342
T800,400ns_200ns,89600000.0,-0.483427230348457,1.9519622408738448,0.0012634104252721733
T800,400ns_200ns,89900000.0,-0.4727333878066406,1.9624431095451225,0.0012936973348078782
T800,400ns_200ns,90200000.0,-0.4618759125419772,1.9727814811641513,0.0012817719172581292
T800,400ns_200ns,90500000.0,-0.4509176730676517,1.9829844081779733,0.001231910835013808
T800,400ns_200ns,90800000.0,-0.4399000720007763,1.993096957240074,0.0011628825382445454
T800,400ns_200ns,91100000.0,-0.42882385907446613,2.0031779122460907,0.00110209370200481
T800,400ns_200ns,91400000.0,-0.4176513920364277,2.0132693842358327,0.001073214498381056
T800,400ns_200ns,91700000.0,-0.4063284837700687,2.023376414406375,0.0010814726333615622
T800,400ns_200ns,92000000.0,-0.39481364567681293,2.0334669249006763,0.0011106819479026668
T800,400ns_200ns,92300000.0,-0.3830989580438674,2.0434912551663453,0.0011364022656693135
T800,400ns_200ns,92600000.0,-0.37121173420164005,2.053410085072143,0.001141278633684123
T800,400ns_200ns,92900000.0,-0.35919676487163565,2.0632153644954174,0.001122656765573342
T800,400ns_200ns,93200000.0,-0.34708941253181075,2.0729330488738937,0.0010929219210088037
T800,400ns_200ns,93500000.0,-0.33489454557564957,2.082606559002579,0.0010736123745410996
T800,400ns_200ns,93800000.0,-0.32258283809036425,2.0922703796181352,0.0010830649556992347
T800,400ns_200ns,94100000.0,-0.3101063354999133,2.101928429743384,0.001123274918819686
T800,400ns_200ns,94400000.0,-0.29742469313754494,2.1115490661208245,0.0011780266626764348
T800,400ns_200ns,94700000.0,-0.2845277962357388,2.1210794500778722,0.0012237936473456796
T800,400ns_200ns,95000000.0,-0.27144255030908654,2.130471535137341,0.001242001883544961
T800,400ns_200ns,95300000.0,-0.25822024497446117,2.1397057663292554,0.0012257006662305513
T800,400ns_200ns,95600000.0,-0.2449113122699715,2.1487999603955616,0.0011812063748492337
T800,400ns_200ns,95900000.0,-0.23154090927185775,2.157798893297925,0.001126011444799226
T800,400ns_200ns,96200000.0,-0.2180980834625462,2.1667504279840943,0.0010823454977966893
T800,400ns_200ns,96500000.0,-0.2045438205531922,2.1756810177877566,0.0010661927660157479
T800,400ns_200ns,96800000.0,-0.1908331464723904,2.1845834392549657,0.0010775128771703271
T800,400ns_200ns,97100000.0,-0.17693912656173338,2.1934227730913203,0.0011012472512947303
T800,400ns_200ns,97400000.0,-0.16286593812334332,2.2021567617539017,0.0011184935946281025
T800,400ns_200ns,97700000.0,-0.14864440415699434,2.2107590873067404,0.0011175131521502142
T800,400ns_200ns,98000000.0,-0.13431299124520613,2.219232851658235,0.0010988230145797325
T800,400ns_200ns,98300000.0,-0.11989506042825365,2.2276071498184775,0.0010745325089679349
T800,400ns_200ns,98600000.0,-0.10538496753935017,2.235918953065429,0.0010623222662859801
T800,400ns_200ns,98900000.0,-0.0907505799088468,2.2441904731638282,0.00107491919374554
T800,400ns_200ns,99200000.0,-0.07595074116894979,2.252414502506116,0.0011110244608031287
T800,400ns_200ns,99500000.0,-0.06095810934115078,2.26055576255852,0.0011558849237404156
T800,400ns_200ns,99800000.0,-0.045774964766157764,2.2685675566820933,0.001190475189617192
T800,400ns_200ns,100100000.0,-0.030433472875809605,2.2764147797213616,0.0012008664531937775
T800,400ns_200ns,100400000.0,-0.014980299206000199,2.284091007679669,0.0011832413851360414
T800,400ns_200ns,100700000.0,0.0005461745242554054,2.2916206862100497,0.0011447910361025075
T800,400ns_200ns,101000000.0,0.016133968990553856,2.299045483720168,0.0011011139443458237
T800,400ns_200ns,101300000.0,0.031801583103529985,2.306402285354444,0.001069809706174335
T800,400ns_200ns,101600000.0,0.04758628610926862,2.3137045718853644,0.0010613891958346335
T800,400ns_200ns,101900000.0,0.06352329415449107,2.320936847104364,0.0010731355510679016
T800,400ns_200ns,102200000.0,0.07962716756509756,2.32806458498901,0.0010918287914742748
T800,400ns_200ns,102500000.0,0.09588526744734757,2.335053816445725,0.0011028729458500814
T800,400ns_200ns,102800000.0,0.11226637411639427,2.341889464365606,0.0010984053322545518
T800,400ns_200ns,103100000.0,0.12873931545782116,2.3485824874072043,0.001080743153353858
T800,400ns_200ns,103400000.0,0.14529114640096774,2.3551621791718826,0.0010610843522290219
T800,400ns_200ns,103700000.0,0.1619348613269833,2.3616581075876777,0.0010537422792745211
T800,400ns_200ns,104000000.0,0.178702469705897,2.36808175342182,0.0010674713217977095
T800,400ns_200ns,104300000.0,0.1956272795037612,2.374417956542919,0.0010992847974020813
T800,400ns_200ns,104600000.0,0.21272506048931597,2.3806308645631673,0.0011361512916088189
T800,400ns_200ns,104900000.0,0.22998429524516278,2.3866811988545007,0.0011626302660631338
T800,400ns_200ns,105200000.0,0.24737075883613394,2.392545583209139,0.001168198957493822
T800,400ns_200ns,105500000.0,0.26484394800308625,2.39822765585656,0.0011510823409317556
T800,400ns_200ns,105800000.0,0.28237659147065003,2.4037551809587363,0.0011185800168131825
T800,400ns_200ns,106100000.0,0.2999669634327969,2.4091648961271748,0.001084203870507797
T800,400ns_200ns,106400000.0,0.3176377229898981,2.414483301541744,0.0010617167024821119
T800,400ns_200ns,106700000.0,0.335422277339187,2.4197135698662717,0.0010579034430636032
T800,400ns_200ns,107000000.0,0.3533462634692435,2.42483525948509,0.0010688804167023596
T800,400ns_200ns,107300000.0,0.3714141430062483,2.4298165214817824,0.0010833634644774796
T800,400ns_200ns,107600000.0,0.3896079026271056,2.434631817066508,0.0010900453337781915
T800,400ns_200ns,107900000.0,0.4078981632873174,2.4392753807575533,0.0010837169405204588
T800,400ns_200ns,108200000.0,0.4262612891881797,2.4437631952419947,0.001067607683339805
T800,400ns_200ns,108500000.0,0.4446929628706119,2.4481226268301075,0.0010517398940899142
T800,400ns_200ns,108800000.0,0.46321077525946736,2.4523756003890758,0.001047649204011255
T800,400ns_200ns,109100000.0,0.48184445978840085,2.4565246368782154,0.0010613566669862014
T800,400ns_200ns,109400000.0,0.5006191374843355,2.460549429778854,0.0010891559647317397
T800,400ns_200ns,109700000.0,0.5195406938622904,2.4644158616229555,0.0011197229885736707
T800,400ns_200ns,110000000.0,0.5385911988408144,2.4680926273455435,0.0011404506370513592
T800,400ns_200ns,110300000.0,0.5577368270639039,2.471566574059271,0.0011432961942573327
T800,400ns_200ns,110600000.0,0.5769440275591613,2.47484863015628,0.0011277475061862963
T800,400ns_200ns,110900000.0,0.5961953466910592,2.4779673019376403,0.0011007493979533183
T800,400ns_200ns,111200000.0,0.6154966206636836,2.4809533616566353,0.0010737965580362293
T800,400ns_200ns,111500000.0,0.6348719823964777,2.4838239531624224,0.0010576205997916922
T800,400ns_200ns,111800000.0,0.6543496669477037,2.4865744705178234,0.0010565498292127988
T800,400ns_200ns,112100000.0,0.6739464166412082,2.4891822305991584,0.0010663721869706144
T800,400ns_200ns,112400000.0,0.6936588325529979,2.4916195661695304,0.0010775847806291483
T800,400ns_200ns,112700000.0,0.7134660799279124,2.4938689785582984,0.0010813656372339383
T800,400ns_200ns,113000000.0,0.7333421297133179,2.4959320605160307,0.0010742980037088895
T800,400ns_200ns,113300000.0,0.7532705954572243,2.497827455340852,0.001059963216532414
T800,400ns_200ns,113600000.0,0.7732539428874114,2.499579165292438,0.0010471620970934367
T800,400ns_200ns,113900000.0,0.7933120355681486,2.5012017605481547,0.001045220309069606
T800,400ns_200ns,114200000.0,0.8134708464011027,2.5026906574980483,0.0010583257315232367
T800,400ns_200ns,114500000.0,0.8337475084514003,2.5040228125680026,0.0010826208574152855
T800,400ns_200ns,114800000.0,0.8541398260224209,2.50516749794781,0.001108353745056739
T800,400ns_200ns,115100000.0,0.8746259140821276,2.506101385997327,0.0011251455121981718
T800,400ns_200ns,115400000.0,0.8951741583186356,2.5068198933437813,0.0011267427081270377
T800,400ns_200ns,115700000.0,0.9157581717643183,2.5073388047297387,0.0011133529552341391
T800,400ns_200ns,116000000.0,0.9363688280410223,2.5076854403358357,0.0010913191461108052
T800,400ns_200ns,116300000.0,0.9570171250247348,2.5078841914086802,0.001070322907309295
T800,400ns_200ns,116600000.0,0.9777266135733875,2.5079441435655165,0.0010587715376493016
T800,400ns_200ns,116900000.0,0.9985196922340162,2.5078552285142517,0.0010594148023495445
T800,400ns_200ns,117200000.0,1.0194052286759276,2.5075946496516135,0.0010681524723052972
T800,400ns_200ns,117500000.0,1.0403740706842006,2.5071397926333723,0.001077022531862057
T800,400ns_200ns,117800000.0,1.0614046085885185,2.506480443676267,0.0010790678744638901
T800,400ns_200ns,118100000.0,1.0824750743657854,2.505623678589986,0.0010720604373619862
T800,400ns_200ns,118400000.0,1.1035756759410655,2.5045888954956053,0.0010595949966096384
T800,400ns_200ns,118700000.0,1.124713869468169,2.50339587046656,0.0010493218584069139
T800,400ns_200ns,119000000.0,1.1459098982686662,2.502052482398616,0.001048848371092419
T800,400ns_200ns,119300000.0,1.1671850577683627,2.5005488728868923,0.0010611630338906938
T800,400ns_200ns,119600000.0,1.1885490849173077,2.4988612640974135,0.0010825759827269223
T800,400ns_200ns,119900000.0,1.209993512257138,2.4969634101004403,0.0011047278289491552
T800,400ns_200ns,120200000.0,1.2314945767996044,2.494839552902726,0.001118988218980525
T800,400ns_200ns,120500000.0,1.2530241266735405,2.4924919874115545,0.0011203841240589874
T800,400ns_200ns,120800000.0,1.2745627138970899,2.489939279400218,0.0011094787365448276
T800,400ns_200ns,121100000.0,1.2961079709428658,2.4872062000749953,0.001091911275147222
T800,400ns_200ns,121400000.0,1.3176739818730565,2.4843108194777628,0.0010758039490694497
T800,400ns_200ns,121700000.0,1.339282219600079,2.481255602205575,0.0010678114811242196
T800,400ns_200ns,122000000.0,1.3609490890430291,2.47802706969786,0.0010696913006975426
T800,400ns_200ns,122300000.0,1.3826768032463548,2.4746039168740417,0.0010776639008166192
T800,400ns_200ns,122600000.0,1.4044523686116601,2.470968947089808,0.0010850565900348322
T800,400ns_200ns,122900000.0,1.4262549770625759,2.4671182452025078,0.001086306333593922
T800,400ns_200ns,123200000.0,1.4480675488306578,2.4630626455254356,0.001079957129759499
T800,400ns_200ns,123500000.0,1.4698859933464006,2.45882082897771,0.0010694272695168908
T800,400ns_200ns,123800000.0,1.4917210934676242,2.4544079543687856,0.0010613406124781687
T800,400ns_200ns,124100000.0,1.5135919967280709,2.449826122147595,0.0010619848279465663
T800,400ns_200ns,124400000.0,1.5355148778863708,2.4450619230999924,0.001073581568331843
T800,400ns_200ns,124700000.0,1.557492941744185,2.440092447622264,0.0010927713043740108
T800,400ns_200ns,125000000.0,1.5795131834636837,2.434896548166298,0.0011124009846305947
T800,400ns_200ns,125300000.0,1.6015516600739081,2.429465335258784,0.001125215466714872
T800,400ns_200ns,125600000.0,1.6235844570182132,2.4238063379332013,0.0011271561580446447
T800,400ns_200ns,125900000.0,1.6455985238038655,2.4179391903107628,0.0011189116000855535
T800,400ns_200ns,126200000.0,1.6675966979170427,2.4118852375089355,0.001105407720751048
T800,400ns_200ns,126500000.0,1.6895944145409305,2.405656641090835,0.0010934608497376124
T800,400ns_200ns,126800000.0,1.7116100628041993,2.3992507187551135,0.0010884115817224123
T800,400ns_200ns,127100000.0,1.7336542849175873,2.39265233965683,0.0010914029480267428
T800,400ns_200ns,127400000.0,1.7557239521928152,2.385842828189446,0.0010990524726837937
T800,400ns_200ns,127700000.0,1.7778039050451966,2.3788103746239684,0.0011057457333149116
T800,400ns_200ns,128000000.0,1.7998752868653651,2.371556252141385,0.001106963082785545
T800,400ns_200ns,128300000.0,1.821925751720419,2.364093527599976,0.0011017410555552358
T800,400ns_200ns,128600000.0,1.8439558852244615,2.3564390926768093,0.001093229684699822
T800,400ns_200ns,128900000.0,1.8659783155096668,2.348603473991523,0.0010871659050179408
T800,400ns_200ns,129200000.0,1.8880100108619446,2.340584051897374,0.0010888251301684525
T800,400ns_200ns,129500000.0,1.9100619681719928,2.3323654270225114,0.0010999448447976835
T800,400ns_200ns,129800000.0,1.9321318947665544,2.3239267782618813,0.0011175594975033757
T800,400ns_200ns,130100000.0,1.9542038477956423,2.315252279147503,0.0011355467382784764
T800,400ns_200ns,130400000.0,1.9762550367528748,2.3063390141894016,0.0011477421819445941
T800,400ns_200ns,130700000.0,1.998266161904586,2.2971982125196098,0.0011507483976883094
T800,400ns_200ns,131000000.0,2.02022981426685,2.2878492180237777,0.0011452483113526353
T800,400ns_200ns,131300000.0,2.0421525672088934,2.2783094818995853,0.0011354997780560084
T800,400ns_200ns,131600000.0,2.0640498132234355,2.268585918132934,0.0011272419214358525
T800,400ns_200ns,131900000.0,2.0859362727300708,2.258672129722158,0.001124824120375812
T800,400ns_200ns,132200000.0,2.107817341097867,2.24855278456585,0.001129007928751588
T800,400ns_200ns,132500000.0,2.1296858698267296,2.238212565646297,0.0011368098285552933
T800,400ns_200ns,132800000.0,2.151525949904665,2.2276447210798853,0.0011434748289739889
T800,400ns_200ns,133100000.0,2.173321447977313,2.2168545627746634,0.0011452714852638025
T800,400ns_200ns,133400000.0,2.1950645075586515,2.2058560912287666,0.0011415501187559299
T800,400ns_200ns,133700000.0,2.2167593179740135,2.1946636957188836,0.0011351644054087581
T800,400ns_200ns,134000000.0,2.23841908766421,2.183283544850212,0.0011310991485431402
T800,400ns_200ns,134300000.0,2.2600578807904643,2.171709416900789,0.0011338445398331616
T800,400ns_200ns,134600000.0,2.281681763758475,2.15992528026778,0.0011448265109953485
T800,400ns_200ns,134900000.0,2.303284067315193,2.1479132668688994,0.0011614736493583099
T800,400ns_200ns,135200000.0,2.324847332969054,2.1356627763115705,0.0011785353747376939
T800,400ns_200ns,135500000.0,2.346350912179683,2.123175862229774,0.0011907256659424925
T800,400ns_200ns,135800000.0,2.3677801744563656,2.1104660741057373,0.001195142359121389
T800,400ns_200ns,136100000.0,2.3891324673537175,2.097551441602892,0.001192403354595098
T800,400ns_200ns,136400000.0,2.4104167661474585,2.0844453896851727,0.0011861730806215266
T800,400ns_200ns,136700000.0,2.431647356032555,2.071150403931975,0.0011813075803103186
T800,400ns_200ns,137000000.0,2.4528350558383267,2.057657703273179,0.0011813947262754028
T800,400ns_200ns,137300000.0,2.4739807245970127,2.0439528991361176,0.0011869488348309717
T800,400ns_200ns,137600000.0,2.495074459282944,2.030024412638305,0.0011953477816572142
T800,400ns_200ns,137900000.0,2.5161007505592194,2.0158700079698506,0.0012025315961284894
T800,400ns_200ns,138200000.0,2.5370466324248637,2.0014979135800113,0.0012053761538494841
T800,400ns_200ns,138500000.0,2.5579082840099248,1.9869220053803565,0.0012034392235608252
T800,400ns_200ns,138800000.0,2.578692445488811,1.972153771126999,0.001199289135052725
T800,400ns_200ns,139100000.0,2.599411874673398,1.9571955069642135,0.0011972789419198255
T800,400ns_200ns,139400000.0,2.6200773252624447,1.9420384985791321,0.001201275348112149
T800,400ns_200ns,139700000.0,2.640690410010573,1.9266672150117028,0.001212487989616785
T800,400ns_200ns,140000000.0,2.661241220882635,1.9110672846430667,0.0012287013076687926
T800,400ns_200ns,140300000.0,2.6817120027998773,1.8952329924652374,0.0012453959417760077
T800,400ns_200ns,140600000.0,2.702084926128643,1.8791703159579904,0.001258007722736435
T800,400ns_200ns,140900000.0,2.722349831266825,1.8628939292757891,0.0012640280703672317
T800,400ns_200ns,141200000.0,2.742507880617686,1.8464198318245901,0.0012639985239543425
T800,400ns_200ns,141500000.0,2.762569288023572,1.8297575562357038,0.001261076855072177
T800,400ns_200ns,141800000.0,2.782546475705501,1.8129060614235677,0.0012593950750950985
T800,400ns_200ns,142100000.0,2.8024464146468855,1.795855368480966,0.001261939394602007
T800,400ns_200ns,142400000.0,2.8222662563424827,1.7785928824522135,0.001269047821333536
T800,400ns_200ns,142700000.0,2.8419945040492722,1.7611108511535032,0.0012784049681747042
T800,400ns_200ns,143000000.0,2.861616934209771,1.7434108741268335,0.0012865138134090226
T800,400ns_200ns,143300000.0,2.8811239172337633,1.7255030513166094,0.001290732162615645
T800,400ns_200ns,143600000.0,2.900515076090385,1.707400316483724,0.0012907679966456666
T800,400ns_200ns,143900000.0,2.9197987202959497,1.6891111220912398,0.0012889364833518536
T800,400ns_200ns,144200000.0,2.938986364843382,1.6706345181684443,0.0012890615749822944
T800,400ns_200ns,144500000.0,2.9580853211587947,1.6519603440654242,0.0012944992455376824
T800,400ns_200ns,144800000.0,2.9770933861795736,1.6330744670273742,0.0013062878442962494
T800,400ns_200ns,145100000.0,2.9959985118057797,1.6139662726834954,0.0013225096064830627
T800,400ns_200ns,145400000.0,3.014783648254379,1.5946344102278007,0.0013392538145623458
T800,400ns_200ns,145700000.0,3.0334341841254826,1.5750877512328576,0.0013525621540280864
T800,400ns_200ns,146000000.0,3.0519440437540175,1.5553410988754401,0.0013602607292052136
T800,400ns_200ns,146300000.0,3.070317264297601,1.5354079810825099,0.0013628312557582506
T800,400ns_200ns,146600000.0,3.0885643261423614,1.5152943731706396,0.0013630117090187128
T800,400ns_200ns,146900000.0,3.1066953132442467,1.4949966286399772,0.0013643375635805184
T800,400ns_200ns,147200000.0,3.1247136258417587,1.474504584221017,0.0013693039689772698
T800,400ns_200ns,147500000.0,3.142613589616137,1.4538080143728545,0.00137810627585741
T800,400ns_200ns,147800000.0,3.1603831362448895,1.4329028486389936,0.001388678319151849
T800,400ns_200ns,148100000.0,3.1780099643861552,1.411793765799584,0.0013979822993538944
T800,400ns_200ns,148400000.0,3.19548772682004,1.3904918055472637,0.0014037718764772704
T800,400ns_200ns,148700000.0,3.212818822165852,1.3690083730107858,0.00140587821451831
T800,400ns_200ns,149000000.0,3.2300122568431315,1.3473489678540465,0.00140640357695988
T800,400ns_200ns,149300000.0,3.247077743477107,1.3255100995986202,0.0014087276160586106
T800,400ns_200ns,149600000.0,3.264019247789351,1.3034811034120901,0.0014157743561122689
T800,400ns_200ns,149900000.0,3.280831488690887,1.281249908211856,0.0014284275401736854
T800,400ns_200ns,150200000.0,3.2975012944671054,1.25880967680215,0.0014450041359035846
T800,400ns_200ns,150500000.0,3.314013102756386,1.236162779969712,0.0014620973991095242
T800,400ns_200ns,150800000.0,3.330355680842485,1.2133200130912734,0.0014762668755716954
T800,400ns_200ns,151100000.0,3.3465265200302388,1.1902955174917647,0.0014856392268866102
T800,400ns_200ns,151400000.0,3.362531640184811,1.1671001457819792,0.0014906644129965138
T800,400ns_200ns,151700000.0,3.378381016494315,1.1437367919781563,0.0014937394781871845
T800,400ns_200ns,152000000.0,3.394082165882482,1.120200093496061,0.00149790427585854
T800,400ns_200ns,152300000.0,3.4096353589224324,1.096480527193155,0.0015052409583415783
T800,400ns_200ns,152600000.0,3.425032975731411,1.0725705650890178,0.0015158170375307914
T800,400ns_200ns,152900000.0,3.4402632378436673,1.0484694944905744,0.0015277638045666708
T800,400ns_200ns,153200000.0,3.4553161730930135,1.0241842950172384,0.0015384226301300887
T800,400ns_200ns,153500000.0,3.4701884892935384,0.9997261513788239,0.0015458830252337724
T800,400ns_200ns,153800000.0,3.4848846675222673,0.9751045672157899,0.001550087939926707
T800,400ns_200ns,154100000.0,3.4994136724927705,0.9503223398845555,0.0015529658953143985
T800,400ns_200ns,154400000.0,3.513783072180051,0.9253741707971299,0.0015575203577707936
T800,400ns_200ns,154700000.0,3.5279937642914185,0.9002497007502223,0.0015662999350981453
T800,400ns_200ns,155000000.0,3.5420381735558024,0.8749393607185447,0.001580037778991472
T800,400ns_200ns,155300000.0,3.555902906813006,0.849439913813786,0.0015972277444116466
T800,400ns_200ns,155600000.0,3.5695744578984776,0.8237567416259032,0.0016148801910974126
T800,400ns_200ns,155900000.0,3.583044935002091,0.7979016863513468,0.0016300034687409008
T800,400ns_200ns,156200000.0,3.5963148019009856,0.7718876378141593,0.001641002237509851
T800,400ns_200ns,156500000.0,3.609391252950244,0.745722767997054,0.00164832274638564
T800,400ns_200ns,156800000.0,3.622283186383225,0.7194074532993423,0.0016540873307543862
T800,400ns_200ns,157100000.0,3.634995533445879,0.6929354329745454,0.001660919597403491
T800,400ns_200ns,157400000.0,3.647525986709902,0.666298454507346,0.0016705465608681735
T800,400ns_200ns,157700000.0,3.659865817012434,0.6394917995841068,0.001682915916571801
T800,400ns_200ns,158000000.0,3.672004226630715,0.6125176612556007,0.0016963149315465584
T800,400ns_200ns,158300000.0,3.6839337770091554,0.5853845622963242,0.0017084034377555116
T800,400ns_200ns,158600000.0,3.695653878729727,0.5581031871521979,0.0017175633484590193
T800,400ns_200ns,158900000.0,3.707170420465911,0.5306809545470629,0.0017238441109851384
T800,400ns_200ns,159200000.0,3.7184917354427798,0.503118330654321,0.0017290336443545736
T800,400ns_200ns,159500000.0,3.729623100832523,0.4754089229529557,0.0017358130231411644
T800,400ns_200ns,159800000.0,3.7405627594660613,0.44754333644860317,0.0017463983608125807
T800,400ns_200ns,160100000.0,3.751301626113314,0.4195147380995206,0.0017613734455617397
T800,400ns_200ns,160400000.0,3.7618268525289884,0.39132315995708544,0.0017793619962223153
T800,400ns_200ns,160700000.0,3.7721273576463896,0.3629762598621943,0.0017977216170770047
T800,400ns_200ns,161000000.0,3.7821983949303837,0.33448616520323504,0.0018138534643965555
T800,400ns_200ns,161300000.0,3.7920427733153343,0.30586411323438417,0.0018264212736548357
T800,400ns_200ns,161600000.0,3.801668161511749,0.27711574751751317,0.0018358892948448272
T800,400ns_200ns,161900000.0,3.811081998995985,0.24823953026258314,0.0018441572318957733
T800,400ns_200ns,162200000.0,3.820286782940962,0.21922901924157068,0.0018534946297570868
T800,400ns_200ns,162500000.0,3.829278240601394,0.19007767259563832,0.0018653187181902533
T800,400ns_200ns,162800000.0,3.838047291577116,0.16078351212835507,0.0018794645995196062
T800,400ns_200ns,163100000.0,3.8465846367669467,0.1313511031558754,0.001894344943344137
T800,400ns_200ns,163400000.0,3.8548854019163836,0.10178980873794269,0.0019078922244036502
T800,400ns_200ns,163700000.0,3.862951266118999,0.0721093212765384,0.0019187472811551065
T800,400ns_200ns,164000000.0,3.870788901953048,0.04231495340960225,0.0019270613970012605
T800,400ns_200ns,164300000.0,3.878405574575314,0.012405289049380387,0.0019345070279917075
T800,400ns_200ns,164600000.0,3.8858042934737487,-0.01762649707952789,0.0019434846697165018
T800,400ns_200ns,164900000.0,3.8929811512004155,-0.047788336039900826,0.0019559123597520166
T800,400ns_200ns,165200000.0,3.8999262992504393,-0.07808427362682517,0.001972227493077817
T800,400ns_200ns,165500000.0,3.9066280527719237,-0.1085114521567859,0.001991148851438287
T800,400ns_200ns,165800000.0,3.9130779443859316,-0.13906065718079125,0.0020103266693631255
T800,400ns_200ns,166100000.0,3.9192740593845374,-0.16972010804235596,0.0020275084833431393
T800,400ns_200ns,166400000.0,3.925220930237979,-0.2004804498408746,0.00204159824839222
T800,400ns_200ns,166700000.0,3.930926123938179,-0.2313382970791203,0.0020530916141512996
T800,400ns_200ns,167000000.0,3.93639541398266,-0.2622964988063486,0.0020637045363818686
T800,400ns_200ns,167300000.0,3.941629146507406,-0.29336108299386354,0.0020754013811409414
T800,400ns_200ns,167600000.0,3.946621715136623,-0.3245366202027759,0.0020893272266568953
T800,400ns_200ns,167900000.0,3.9513643444766795,-0.35582256408445523,0.0021052136522716706
T800,400ns_200ns,168200000.0,3.9558495853477598,-0.38721255099420204,0.0021215780407473905
T800,400ns_200ns,168500000.0,3.9600750165745002,-0.41869700101067436,0.0021365909763527233
T800,400ns_200ns,168800000.0,3.964044108688591,-0.45026755647356176,0.0021491248288685962
T800,400ns_200ns,169100000.0,3.9677637704914708,-0.48192090020232287,0.0021594264169231855
T800,400ns_200ns,169400000.0,3.97123991248344,-0.513659843449505,0.002169070163618969
T800,400ns_200ns,169700000.0,3.9744734390920278,-0.5454910633045658,0.0021802083961284407
T800,400ns_200ns,170000000.0,3.977458848018814,-0.5774206862558948,0.002194490179570599
T800,600ns_0ns,20000000.0,-0.1632035229870274,-0.18929971226990983,1.1242060507031493
T800,600ns_0ns,20300000.0,-1.625527622842564,0.7317750444321248,1.1291683853569208
T800,600ns_0ns,20600000.0,-1.3982624515199706,2.403812011359284,1.1361318899489625
T800,600ns_0ns,20900000.0,0.20722112555768102,2.8852847023996553,1.139949125461772
T800,600ns_0ns,21200000.0,1.329222718312883,1.638160666205749,1.1389970271079053
T800,600ns_0ns,21500000.0,0.7057744587419644,0.09647911028765171,1.1370235952270134
T800,600ns_0ns,21800000.0,-0.9143963418607973,-0.011579478614221761,1.1388961164271652
T800,600ns_0ns,22100000.0,-1.6748817013838637,1.3724102151463,1.1449598023309357
T800,600ns_0ns,22400000.0,-0.7431371719493899,2.616590058365607,1.150608497944922
T800,600ns_0ns,22700000.0,0.7745671501690554,2.2918491071756195,1.1516026391483942
T800,600ns_0ns,23000000.0,1.1374217045362247,0.7846803819289517,1.148894140200582
T800,600ns_0ns,23300000.0,-0.04164988858785949,-0.1882401136511332,1.1475566952561487
T800,600ns_0ns,23600000.0,-1.3925874453944231,0.44080904303404306,1.1509739246402155
T800,600ns_0ns,23900000.0,-1.38543052641815,1.8974380216036062,1.1568823119434912
T800,600ns_0ns,24200000.0,-0.06812479218646945,2.48920088944647,1.1599915139332304
T800,600ns_0ns,24500000.0,1.0271778784162038,1.5467104309849813,1.1580552317968116
T800,600ns_0ns,24800000.0,0.6575355205203434,0.15723667725378634,1.154413765089353
T800,600ns_0ns,25100000.0,-0.7285849841676254,-0.11079533834180824,1.154201047865989
T800,600ns_0ns,25400000.0,-1.5405234026625252,1.0020571237186242,1.1584085464283387
T800,600ns_0ns,25700000.0,-0.8766127682671437,2.183090235755776,1.162713120407676
T800,600ns_0ns,26000000.0,0.4692128484015256,2.073387453922055,1.1624837247192341
T800,600ns_0ns,26300000.0,0.9474845064803978,0.8105661626907087,1.158054916762033
T800,600ns_0ns,26600000.0,0.028658025722662295,-0.1617154489896345,1.1543407959695804
T800,600ns_0ns,26900000.0,-1.2190764313774012,0.23830717496978174,1.1552112861654902
T800,600ns_0ns,27200000.0,-1.3780033299617553,1.5108230107524203,1.15898692879185
T800,600ns_0ns,27500000.0,-0.29793703074431804,2.1768646647083463,1.1603973593361934
T800,600ns_0ns,27800000.0,0.7610771283957739,1.4788327694894443,1.1566471909439706
T800,600ns_0ns,28100000.0,0.5900648804916229,0.2250425159646973,1.1505712473786158
T800,600ns_0ns,28400000.0,-0.5970810299842851,-0.16180517047052245,1.1474053360704624
T800,600ns_0ns,28700000.0,-1.4367384257414149,0.7265236763776289,1.1487489950066636
T800,600ns_0ns,29000000.0,-0.988601333684047,1.8414058716274757,1.1507063988247221
T800,600ns_0ns,29300000.0,0.2049375724036913,1.898880940501582,1.1484239957704163
T800,600ns_0ns,29600000.0,0.7655314194160946,0.8432334334955472,1.1416270239554933
T800,600ns_0ns,29900000.0,0.06207038602819316,-0.11472768471251961,1.1349059717806012
T800,600ns_0ns,30200000.0,-1.087200028160156,0.10083552073131316,1.1324653946328902
T800,600ns_0ns,30500000.0,-1.3735584778759715,1.2107748028070342,1.1332545731599202
T800,600ns_0ns,30800000.0,-0.49503841075393773,1.9250218271583324,1.1322217204811296
T800,600ns_0ns,31100000.0,0.5200172945497887,1.4288576863006004,1.1261548054360069
T800,600ns_0ns,31400000.0,0.5078358894296301,0.29992198639148915,1.1173042582639918
T800,600ns_0ns,31700000.0,-0.5049924765713273,-0.17529051477047716,1.1108033971050095
T800,600ns_0ns,32000000.0,-1.3543840300098868,0.522216071801015,1.1087657755337859
T800,600ns_0ns,32300000.0,-1.083990375939352,1.5681840318609852,1.1078555538409758
T800,600ns_0ns,32600000.0,-0.02899033317571158,1.75760302564916,1.103207659689363
T800,600ns_0ns,32900000.0,0.589028413597105,0.8823484040589131,1.0939935829010041
T800,600ns_0ns,33200000.0,0.0678949795321085,-0.050338346209227745,1.0843194209827143
T800,600ns_0ns,33500000.0,-0.9857634661390532,0.014218556953510245,1.0785264172858182
T800,600ns_0ns,33800000.0,-1.3702408401172,0.9773378440979723,1.0761872498883176
T800,600ns_0ns,34100000.0,-0.6666923117104352,1.7198217375032672,1.0726629484790748
T800,600ns_0ns,34400000.0,0.29808836330000066,1.3935453069634625,1.064497041791435
T800,600ns_0ns,34700000.0,0.4143946109062166,0.38188446933389053,1.0533162082663796
T800,600ns_0ns,35000000.0,-0.4425110133994821,-0.15799635348463092,1.0439433726009715
T800,600ns_0ns,35300000.0,-1.2873755021637228,0.3744450039817936,1.0388627906793944
T800,600ns_0ns,35600000.0,-1.1654043296766663,1.3490333855080907,1.0353820555397477
T800,600ns_0ns,35900000.0,-0.2386630501306206,1.643079400719557,1.0288322703477772
T800,600ns_0ns,36200000.0,0.4171730286860449,0.9277849227907633,1.0179276443635696
T800,600ns_0ns,36500000.0,0.05273609514424988,0.0293811431302522,1.006170019877365
T800,600ns_0ns,36800000.0,-0.9071620316294423,-0.030714119169034174,0.9978321174744422
T800,600ns_0ns,37100000.0,-1.3664902539662906,0.7977989294741351,0.9930476931934267
T800,600ns_0ns,37400000.0,-0.8170538790804661,1.5525855527441823,0.987732527386767
T800,600ns_0ns,37700000.0,0.09220269544355265,1.3709650464326084,0.9783609065838107
T800,600ns_0ns,38000000.0,0.31280489728255256,0.4708713093812839,0.9659494357907494
T800,600ns_0ns,38300000.0,-0.4026701288737779,-0.11451272369807151,0.954848137634138
T800,600ns_0ns,38600000.0,-1.231348068618655,0.27351302502728214,0.9477503345062522
T800,600ns_0ns,38900000.0,-1.2341617613798008,1.1746258414495703,0.9426209912699791
T800,600ns_0ns,39200000.0,-0.4274879817766421,1.5512292591343853,0.9351463953901389
T800,600ns_0ns,39500000.0,0.250191807230693,0.9794840289200277,0.9237024479150384
T800,600ns_0ns,39800000.0,0.021658385382087194,0.12287053578735305,0.9111368363569372
T800,600ns_0ns,40100000.0,-0.845865465349068,-0.04028282891696852,0.9014884536421525
T800,600ns_0ns,40400000.0,-1.3609098454163953,0.6636256360412436,0.8953506378114685
T800,600ns_0ns,40700000.0,-0.9484385362190927,1.4176260516461112,0.8892591176315107
T800,600ns_0ns,41000000.0,-0.099040257974357,1.3599105531239524,0.8797642044353386
T800,600ns_0ns,41300000.0,0.20586729546705843,0.5667267252339208,0.8673359154438166
T800,600ns_0ns,41600000.0,-0.3801800050452323,-0.048208785863089354,0.8557657821234539
T800,600ns_0ns,41900000.0,-1.1829582800257543,0.2126484147956007,0.8478131539078757
T800,600ns_0ns,42200000.0,-1.2907914184942715,1.0386217941745366,0.8420539925327639
T800,600ns_0ns,42500000.0,-0.5972429428461884,1.479366567417913,0.8346200838525006
T800,600ns_0ns,42800000.0,0.08894971899308837,1.0373753025552934,0.8236683227113237
T800,600ns_0ns,43100000.0,-0.021195379868883445,0.22882163371826603,0.8114126834017376
T800,600ns_0ns,43400000.0,-0.797602013802303,-0.019129975190598735,0.8015579438388114
T800,600ns_0ns,43700000.0,-1.352201023394593,0.5687887841685088,0.7950446881705535
T800,600ns_0ns,44000000.0,-1.0620288204212256,1.3110432316534661,0.7890243860392907
T800,600ns_0ns,44300000.0,-0.2759939319404891,1.3595719460344697,0.7802228616033189
T800,600ns_0ns,44600000.0,0.09622830905527217,0.6691806596569522,0.7686563258688841
T800,600ns_0ns,44900000.0,-0.3707860070670228,0.038245817365187014,0.7575457743086966
T800,600ns_0ns,45200000.0,-1.1394986053825908,0.18684339563247726,0.7496123082951737
T800,600ns_0ns,45500000.0,-1.33533125085063,0.9364945888269229,0.7439617245863132
T800,600ns_0ns,45800000.0,-0.7486855746627662,1.4256286520717276,0.7371992296154589
T800,600ns_0ns,46100000.0,-0.06528508796847501,1.1013298751406204,0.7273641877570827
T800,600ns_0ns,46400000.0,-0.0722614485474376,0.34603052538769397,0.7161033158273512
T800,600ns_0ns,46700000.0,-0.7588966955708878,0.029105858812610227,0.7067473260794621
T800,600ns_0ns,47000000.0,-1.3391326687313254,0.5087902138850566,0.700482184529399
T800,600ns_0ns,47300000.0,-1.1582938410845358,1.2300204240369288,0.6950257744884784
T800,600ns_0ns,47600000.0,-0.4383497536559416,1.3693414124581118,0.6873338803073622
T800,600ns_0ns,47900000.0,-0.013567517460898808,0.7778386737169384,0.6770664154090741
T800,600ns_0ns,48200000.0,-0.3709004390394675,0.1425756758687214,0.666910126391618
T800,600ns_0ns,48500000.0,-1.0986764711363592,0.19216743362140234,0.6594832077549909
T800,600ns_0ns,48800000.0,-1.367513174140529,0.864829995455547,0.6543301387612958
T800,600ns_0ns,49100000.0,-0.881926597076465,1.3886321733953186,0.6485144479388708
T800,600ns_0ns,49400000.0,-0.2109939554286952,1.1711311430606726,0.6400331749716652
T800,600ns_0ns,49700000.0,-0.12835977529692047,0.4733103773832927,0.6300497200027183
T800,600ns_0ns,50000000.0,-0.7268005905702023,0.10138506212500796,0.6215219993980337
T800,600ns_0ns,50300000.0,-1.3205289580924375,0.48007343514847184,0.6157997566216632
T800,600ns_0ns,50600000.0,-1.2372523902131936,1.172393705930824,0.6110978411928115
T800,600ns_0ns,50900000.0,-0.5853829112049793,1.388692568832299,0.6046217395362733
T800,600ns_0ns,51200000.0,-0.12105707140005949,0.8921765180090643,0.595760877084262
T800,600ns_0ns,51500000.0,-0.3773853898312729,0.2627145310171664,0.5867261069089111
T800,600ns_0ns,51800000.0,-1.0584846707680218,0.2253451163641845,0.5799991319067357
T800,600ns_0ns,52100000.0,-1.3868841485194399,0.82089144721125,0.575478359334367
T800,600ns_0ns,52400000.0,-0.9966707516518409,1.3672573060119928,0.570647706668529
T800,600ns_0ns,52700000.0,-0.3465139323481613,1.2464562084707367,0.5635114378421372
T800,600ns_0ns,53000000.0,-0.18658220273380544,0.609439226612221,0.5548314131883822
T800,600ns_0ns,53300000.0,-0.6987286884862933,0.19501585764243312,0.5472163237381759
T800,600ns_0ns,53600000.0,-1.2952678587784754,0.4796534973566569,0.5421198505542114
T800,600ns_0ns,53900000.0,-1.298646479224502,1.136378691688651,0.5381821059961029
T800,600ns_0ns,54200000.0,-0.7161179328625003,1.4171030307180439,0.5328558806950916
T800,600ns_0ns,54500000.0,-0.22385637322577698,1.0115381443804994,0.5253278256051928
T800,600ns_0ns,54800000.0,-0.38742326559007695,0.3966906780119209,0.517395343049288
T800,600ns_0ns,55100000.0,-1.0171250376267156,0.28348894378200984,0.5113910325800041
T800,600ns_0ns,55400000.0,-1.392890006127329,0.8023415440831606,0.507496643341219
T800,600ns_0ns,55700000.0,-1.0923799921013817,1.3605080191223042,0.5035708288791276
T800,600ns_0ns,56000000.0,-0.4701165264477226,1.326864412949523,0.4976542267495285
T800,600ns_0ns,56300000.0,-0.24422999943731816,0.7531292236230521,0.49017719918375197
T800,600ns_0ns,56600000.0,-0.6723622111990158,0.3074952392343877,0.48343155889452316
T800,600ns_0ns,56900000.0,-1.2622859570064073,0.5048784029953146,0.4789340423297173
T800,600ns_0ns,57200000.0,-1.3420611638119748,1.12039237228533,0.4756859758346293
T800,600ns_0ns,57500000.0,-0.8294459255443491,1.4540037537176966,0.4713735087601852
T800,600ns_0ns,57800000.0,-0.3196690935518686,1.135136537134688,0.4650301819860628
T800,600ns_0ns,58100000.0,-0.39844025491485124,0.5425557376385955,0.4580967400180262
T800,600ns_0ns,58400000.0,-0.9729643677461826,0.36392695557147375,0.45275647807417463
T800,600ns_0ns,58700000.0,-1.38493644214338,0.807059609434129,0.4494198953432341
T800,600ns_0ns,59000000.0,-1.1683889016562157,1.3674197166406126,0.44627632192678973
T800,600ns_0ns,59300000.0,-0.5800693218380636,1.411790970481956,0.4414177869607447
T800,600ns_0ns,59600000.0,-0.29878153817603414,0.9030097521207684,0.43499856276491905
T800,600ns_0ns,59900000.0,-0.6455905883699496,0.43640745885505555,0.42902636699315877
T800,600ns_0ns,60200000.0,-1.2205870522179616,0.5532727943166263,0.42505464918144076
T800,600ns_0ns,60500000.0,-1.3670107361773696,1.122934850008551,0.42239367587558546
T800,600ns_0ns,60800000.0,-0.9242113323174496,1.4987458217918963,0.4189450242156474
T800,600ns_0ns,61100000.0,-0.4063015061925376,1.2620569521237759,0.4136236925915275
T800,600ns_0ns,61400000.0,-0.4080627756277197,0.6983412470234917,0.4075606657647397
T800,600ns_0ns,61700000.0,-0.9245104784287933,0.46409073042632887,0.40279567346473916
T800,600ns_0ns,62000000.0,-1.362435379458612,0.8330206661505077,0.39992795456733543
T800,600ns_0ns,62300000.0,-1.2239895335635347,1.3869976462816214,0.3974399768570805
T800,600ns_0ns,62600000.0,-0.6746863343730393,1.500544512684704,0.3934816813918988
T800,600ns_0ns,62900000.0,-0.3478788639516727,1.0576199684178593,0.3879726304575968
T800,600ns_0ns,63200000.0,-0.616478569105261,0.5793598907637094,0.382664967776711
T800,600ns_0ns,63500000.0,-1.1692529848890687,0.6224350861742014,0.3791324361496073
T800,600ns_0ns,63800000.0,-1.3730030182940607,1.142510366634429,0.3769544054300353
T800,600ns_0ns,64100000.0,-0.999278640509284,1.5505792254203785,0.3742309196683784
T800,600ns_0ns,64400000.0,-0.48168119129615433,1.3912623311843364,0.3697817591648702
T800,600ns_0ns,64700000.0,-0.4140949955913171,0.8620338503214341,0.36446405987594505
T800,600ns_0ns,65000000.0,-0.8704011352536811,0.5814432794837798,0.3601810154416462
T800,600ns_0ns,65300000.0,-1.324841529417075,0.8782152222313968,0.3576923096714715
T800,600ns_0ns,65600000.0,-1.2584958503837407,1.418176211375055,0.35574462718898087
T800,600ns_0ns,65900000.0,-0.7523704794983005,1.592307872699655,0.35254840826477235
T800,600ns_0ns,66200000.0,-0.3893262240465687,1.21540808069659,0.34781805805483984
T800,600ns_0ns,66500000.0,-0.5832495678856844,0.7339440769110629,0.34307204365005156
T800,600ns_0ns,66800000.0,-1.1074556457340163,0.7099705813787833,0.33989370260502466
T800,600ns_0ns,67100000.0,-1.3595887436147052,1.1775751185631491,0.33810291934413755
T800,600ns_0ns,67400000.0,-1.0535852254677391,1.6086402983750274,0.33598526642648535
T800,600ns_0ns,67700000.0,-0.5438776665240497,1.5216007026935705,0.33228124041267415
T800,600ns_0ns,68000000.0,-0.41450997314014043,1.0315633558286694,0.32759966365629895
T800,600ns_0ns,68300000.0,-0.8094012599624492,0.7134341582951379,0.3237122855479643
T800,600ns_0ns,68600000.0,-1.2716820168140097,0.9405970882596159,0.3215193053093522
T800,600ns_0ns,68900000.0,-1.2712939396621488,1.4597930195799143,0.3200117016440443
T800,600ns_0ns,69200000.0,-0.8116501254048578,1.6861416035098793,0.3174626128265659
T800,600ns_0ns,69500000.0,-0.42109615534408273,1.3747355870405695,0.31340184638922414
T800,600ns_0ns,69800000.0,-0.5442796407680276,0.8977142303332544,0.3091285887491717
T800,600ns_0ns,70100000.0,-1.0344694883343244,0.8134495575227535,0.3062271949875234
T800,600ns_0ns,70400000.0,-1.326400391816716,1.226503958827454,0.3047385832327006
T800,600ns_0ns,70700000.0,-1.0861841897999986,1.6719456721558486,0.3031266527844477
T800,600ns_0ns,71000000.0,-0.5911237698510344,1.6518143951873319,0.3000646996397465
T800,600ns_0ns,71300000.0,-0.4074497009180868,1.204799982241572,0.2959299502789911
T800,600ns_0ns,71600000.0,-0.7404055323785455,0.8574737384733969,0.29236374529206227
T800,600ns_0ns,71900000.0,-1.2025809116939807,1.0180511257345608,0.29039183817528186
T800,600ns_0ns,72200000.0,-1.2618819337120328,1.5105737892052542,0.2892378567721601
T800,600ns_0ns,72500000.0,-0.8512109531394981,1.780989960839819,0.2872421014767292
T800,600ns_0ns,72800000.0,-0.4413402586845303,1.533885375424371,0.2837643843767044
T800,600ns_0ns,73100000.0,-0.4980984479459005,1.0681782870958594,0.27989166736143956
T800,600ns_0ns,73400000.0,-0.949684055779792,0.9303833107715097,0.2771999355233944
T800,600ns_0ns,73700000.0,-1.2731832074715301,1.2875709821239434,0.2759381284319513
T800,600ns_0ns,74000000.0,-1.0962795650649173,1.7393914524531529,0.2747476884563106
T800,600ns_0ns,74300000.0,-0.621836871091792,1.7805510124547592,0.2722460264668741
T800,600ns_0ns,74600000.0,-0.3912308215733588,1.379558434822276,0.2685887883337867
T800,600ns_0ns,74900000.0,-0.6624443424195416,1.0109214066665442,0.265282721817987
T800,600ns_0ns,75200000.0,-1.1172796987166935,1.1083756520466337,0.26346595921034843
T800,600ns_0ns,75500000.0,-1.2299020076062164,1.5691255767918835,0.2625899354437307
T800,600ns_0ns,75800000.0,-0.869923708216416,1.8756891404918472,0.2610706718214158
T800,600ns_0ns,76100000.0,-0.4484025598698986,1.6910728850002215,0.2581096088106628
T800,600ns_0ns,76400000.0,-0.4433946142515656,1.242798158204142,0.25458212690370696
T800,600ns_0ns,76700000.0,-0.8526160389900233,1.058213398741924,0.2520434318518051
T800,600ns_0ns,77000000.0,-1.199820064968812,1.3589405526051606,0.2509410991840062
T800,600ns_0ns,77300000.0,-1.0832553054069904,1.8097566165410781,0.25009960266623504
T800,600ns_0ns,77600000.0,-0.6346391728882744,1.906375967705041,0.24809356827820353
T800,600ns_0ns,77900000.0,-0.3643537727051707,1.5536070492360543,0.2448627831409927
T800,600ns_0ns,78200000.0,-0.5746916842037598,1.1710840070369133,0.24176966048442422
T800,600ns_0ns,78500000.0,-1.0156543655948556,1.2092758044208867,0.2400505064071071
T800,600ns_0ns,78800000.0,-1.1751660538631328,1.6339364812358628,0.239384524055721
T800,600ns_0ns,79100000.0,-0.8668682492821901,1.9689774971818899,0.23827718980908608
T800,600ns_0ns,79400000.0,-0.44083407095030785,1.8444596620391325,0.23578300165430036
T800,600ns_0ns,79700000.0,-0.3790237958336968,1.418996808509416,0.2325614915547206
T800,600ns_0ns,80000000.0,-0.7429206180852775,1.1943107857487454,0.2301301695081072
T800,600ns_0ns,80300000.0,-1.1063513849916116,1.4386664074919164,0.22912661283939198
T800,600ns_0ns,80600000.0,-1.046699103552485,1.881709949525349,0.228569234464858
T800,600ns_0ns,80900000.0,-0.6283766354085327,2.0277864513058947,0.22700675353031527
T800,600ns_0ns,81200000.0,-0.3255138576312059,1.7246808201128352,0.22416707999610458
T800,600ns_0ns,81500000.0,-0.47647405131873927,1.3352220433239923,0.2212534031444928
T800,600ns_0ns,81800000.0,-0.8977295842335197,1.3183653889106381,0.21958263152784868
T800,600ns_0ns,82100000.0,-1.0976761050675081,1.703380636710276,0.21906410737864543
T800,600ns_0ns,82400000.0,-0.84135410594605,2.059507635070551,0.21831202115229836
T800,600ns_0ns,82700000.0,-0.417407498460935,1.9921689098549318,0.21624764623258647
T800,600ns_0ns,83000000.0,-0.30401817288738237,1.5941705604741234,0.21330743944164443
T800,600ns_0ns,83300000.0,-0.6204017962097121,1.3359826329881364,0.21094907164336965
T800,600ns_0ns,83600000.0,-0.992990806144609,1.5246972118512856,0.20998948970921863
T800,600ns_0ns,83900000.0,-0.9864215911040269,1.953820045685254,0.20965588686431744
T800,600ns_0ns,84200000.0,-0.6021360300385659,2.1432267120765456,0.20849310772843926
T800,600ns_0ns,84500000.0,-0.2736130251531255,1.8904974164003876,0.20602197668502914
T800,600ns_0ns,84800000.0,-0.36727952747360326,1.5005618008067585,0.20326750499089777
T800,600ns_0ns,85100000.0,-0.7636901914899027,1.433175363737291,0.20160453222954372
T800,600ns_0ns,85400000.0,-0.9976401464281314,1.7757275355770492,0.20117467827112534
T800,600ns_0ns,85700000.0,-0.792937595300884,2.145860154826196,0.20072526455787454
T800,600ns_0ns,86000000.0,-0.3771312751622854,2.1323025930412656,0.19906242875611396
T800,600ns_0ns,86300000.0,-0.21759641649649103,1.7657053204786766,0.1963916213374795
T800,600ns_0ns,86600000.0,-0.4850215114404518,1.4804849695940332,0.19408335649465572
T800,600ns_0ns,86900000.0,-0.8601371320104317,1.6148872666932592,0.1931188563365263
T800,600ns_0ns,87200000.0,-0.9024713586323861,2.024567916719917,0.1929508304629544
T800,600ns_0ns,87500000.0,-0.5552598134133482,2.2511044624338057,0.19214815549902742
T800,600ns_0ns,87800000.0,-0.20777154489543298,2.0487754520114745,0.19003259528219363
T800,600ns_0ns,88100000.0,-0.2467665670825908,1.6643120027529048,0.18742963045434216
T800,600ns_0ns,88400000.0,-0.6138901979965226,1.5511675943331082,0.18574323526654024
T800,600ns_0ns,88700000.0,-0.8754838519497367,1.8491549944734529,0.1853464639535049
T800,600ns_0ns,89000000.0,-0.7214355824214913,2.2265589333442937,0.1851482588557682
T800,600ns_0ns,89300000.0,-0.31926234409071486,2.2629598247073517,0.1838636670576429
T800,600ns_0ns,89600000.0,-0.11917344254025833,1.9309958392408935,0.18146092255848303
T800,600ns_0ns,89900000.0,-0.33690735379851483,1.625040028406261,0.17919172279988124
T800,600ns_0ns,90200000.0,-0.70838288848892,1.707011500932507,0.178180018776331
T800,600ns_0ns,90500000.0,-0.7951460338723931,2.0923619501981783,0.17812016688949373
T800,600ns_0ns,90800000.0,-0.48735847910820446,2.3498083335418882,0.17763884809976774
T800,600ns_0ns,91100000.0,-0.12733883555181452,2.1972545145165503,0.17587216831509467
T800,600ns_0ns,91400000.0,-0.11477193038019592,1.8236839919300925,0.17342445173515875
T800,600ns_0ns,91700000.0,-0.44885931917003674,1.6697528564320823,0.17169368589211031
T800,600ns_0ns,92000000.0,-0.7318584556018557,1.9217652081719072,0.17127789835159604
T800,600ns_0ns,92300000.0,-0.6269357587095428,2.3000877626367804,0.1712784480529239
T800,600ns_0ns,92600000.0,-0.24331708380261677,2.3822562132738176,0.1703502661296136
T800,600ns_0ns,92900000.0,-0.008369270338689347,2.0874671817318484,0.16822228222772861
T800,600ns_0ns,93200000.0,-0.17635861594021593,1.7668571411781835,0.165992902947775
T800,600ns_0ns,93500000.0,-0.5385196345603339,1.7987838751599652,0.16489949217993752
T800,600ns_0ns,93800000.0,-0.6649995254544977,2.1555547886061603,0.1648908020508326
T800,600ns_0ns,94100000.0,-0.3983200949471262,2.4377260771167246,0.16469021414468094
T800,600ns_0ns,94400000.0,-0.031902892562503796,2.333716323109153,0.16326868704963485
T800,600ns_0ns,94700000.0,0.028682579573656008,1.9759144228713832,0.16098987428208628
T800,600ns_0ns,95000000.0,-0.26930712262104606,1.7863120754220472,0.15920495611724655
T800,600ns_0ns,95300000.0,-0.5676450580907236,1.9916032614459658,0.15872255014568054
T800,600ns_0ns,95600000.0,-0.5098035137288818,2.3649080448619,0.1588671853550374
T800,600ns_0ns,95900000.0,-0.14908010156214363,2.4883437914277233,0.1582719071539023
T800,600ns_0ns,96200000.0,0.11498332861501466,2.232597686832833,0.15643060929542102
T800,600ns_0ns,96500000.0,-0.0038506852716124183,1.9031563008842731,0.1542532014707016
T800,600ns_0ns,96800000.0,-0.35154035279503115,1.887878530505939,0.1530528395154366
T800,600ns_0ns,97100000.0,-0.5128457192490339,2.2124618522360984,0.1530391545129987
T800,600ns_0ns,97400000.0,-0.2883169783977334,2.5132633806776647,0.15307477618535342
T800,600ns_0ns,97700000.0,0.07870197256480753,2.456006667004103,0.15199437979685546
T800,600ns_0ns,98000000.0,0.1833847532152144,2.118289840923867,0.14990604476718258
T800,600ns_0ns,98300000.0,-0.07612492054695409,1.898220194561999,0.14806905152478386
T800,600ns_0ns,98600000.0,-0.38395561404289263,2.056677798065825,0.1474785315156842
T800,600ns_0ns,98900000.0,-0.37068542058560905,2.4194775000780813,0.1477100405943382
T800,600ns_0ns,99200000.0,-0.03661058827090994,2.579431415919205,0.14741982726073977
T800,600ns_0ns,99500000.0,0.25083278147167676,2.3639430109473647,0.14587931719957273
T800,600ns_0ns,99800000.0,0.1799623992212517,2.031193810367596,0.14377648937787113
T800,600ns_0ns,100100000.0,-0.14863896713224786,1.971953234781715,0.14245473955495713
T800,600ns_0ns,100400000.0,-0.33975862691568887,2.261381321484857,0.14238203523669782
T800,600ns_0ns,100700000.0,-0.15780923277493047,2.5748631801949973,0.14260423659513916
T800,600ns_0ns,101000000.0,0.20438955535844933,2.562057786690941,0.14185759076014942
T800,600ns_0ns,101300000.0,0.34892836235305,2.2481725356554594,0.13998674148850848
T800,600ns_0ns,101600000.0,0.12961470516172083,2.0028720183764706,0.13811185555737318
T800,600ns_0ns,101900000.0,-0.18213061854731613,2.1149833949500256,0.13737982674993765
T800,600ns_0ns,102200000.0,-0.2105092177737275,2.462269612454302,0.13763901960754849
T800,600ns_0ns,102500000.0,0.09375410112690047,2.653805290972626,0.13761964949960143
T800,600ns_0ns,102800000.0,0.3989046248920841,2.479160657159499,0.13639304447644515
T800,600ns_0ns,103100000.0,0.37424736531101177,2.1482892685010446,0.13439630270197653
T800,600ns_0ns,103400000.0,0.0687929151768568,2.048674487862863,0.13295089118601797
T800,600ns_0ns,103700000.0,-0.14706909886249683,2.3006151758952864,0.13276920842872073
T800,600ns_0ns,104000000.0,-0.00754507371992121,2.6210251601629038,0.13312288155229063
T800,600ns_0ns,104300000.0,0.34481854826636826,2.6499107497745022,0.13269652409119784
T800,600ns_0ns,104600000.0,0.5247114094757486,2.363027035768069,0.13107271391524458
T800,600ns_0ns,104900000.0,0.3466606242924955,2.097709403960761,0.12918586178109695
T800,600ns_0ns,105200000.0,0.03626626963895666,2.1645242252183867,0.1282891776244239
T800,600ns_0ns,105500000.0,-0.0304804089273524,2.491793597682544,0.12851628034292248
T800,600ns_0ns,105800000.0,0.24139772428720135,2.7098493892764157,0.12872579697946968
T800,600ns_0ns,106100000.0,0.5586995172263922,2.57603459442392,0.1278220952849372
T800,600ns_0ns,106400000.0,0.5779931024086894,2.25185339494437,0.12596964249501794
T800,600ns_0ns,106700000.0,0.29917188118860366,2.1157438903427592,0.12441138322383119
T800,600ns_0ns,107000000.0,0.06364176697998135,2.3284910982444558,0.12407725816364118
T800,600ns_0ns,107300000.0,0.16144211910344988,2.65032533142421,0.12450232677512522
T800,600ns_0ns,107600000.0,0.49939192561998663,2.717737587578916,0.12437447410116399
T800,600ns_0ns,107900000.0,0.7099364364379817,2.4604468282868535,0.12302661856431768
T800,600ns_0ns,108200000.0,0.5735881642122558,2.1802493435909285,0.1211643624537947
T800,600ns_0ns,108500000.0,0.26945662373484613,2.203338684405783,0.12009215144821692
T800,600ns_0ns,108800000.0,0.16792457779797054,2.506614692366454,0.1202289453405163
T800,600ns_0ns,109100000.0,0.40542751881536504,2.7460655245369616,0.12061710953341154
T800,600ns_0ns,109400000.0,0.7294936344895767,2.652499531516014,0.12003827347433252
T800,600ns_0ns,109700000.0,0.7900141812952202,2.3394161178889745,0.1183722329138245
T800,600ns_0ns,110000000.0,0.5407311871356297,2.1709252390646663,0.11672528814305276
T800,600ns_0ns,110300000.0,0.29055246792915174,2.3433848504165167,0.11620442900793139
T800,600ns_0ns,110600000.0,0.347840087320663,2.661435352312638,0.11663720785299465
T800,600ns_0ns,110900000.0,0.6672590794099355,2.7638627512949148,0.11677614023277152
T800,600ns_0ns,111200000.0,0.9036129783130701,2.538180705302699,0.11572923786696615
T800,600ns_0ns,111500000.0,0.8088062983078698,2.2481123147906175,0.11393690850424187
T800,600ns_0ns,111800000.0,0.5154584340610767,2.2295244915285206,0.11269221872559858
T800,600ns_0ns,112100000.0,0.38296848007682427,2.5053744314582027,0.11268475814897423
T800,600ns_0ns,112400000.0,0.5846795910316503,2.7610927612992877,0.11319332031023985
T800,600ns_0ns,112700000.0,0.9103414140724053,2.7066644278435383,0.11293172132960111
T800,600ns_0ns,113000000.0,1.0089563484430166,2.4086544380777695,0.111494924736061
T800,600ns_0ns,113300000.0,0.7915315370305347,2.212071947821984,0.10979628570782873
T800,600ns_0ns,113600000.0,0.5316138825915916,2.3437429014793367,0.10906628176819871
T800,600ns_0ns,113900000.0,0.5500671382584034,2.6531414873462147,0.1094416384704442
T800,600ns_0ns,114200000.0,0.8473206635284501,2.7867837425280224,0.10980477792089824
T800,600ns_0ns,114500000.0,1.10456212748935,2.5941584888985143,0.10907666823036877
T800,600ns_0ns,114800000.0,1.0505668856818473,2.299050634243099,0.10740575424829935
T800,600ns_0ns,115100000.0,0.7720999003404483,2.2412641183790276,0.10600659561770985
T800,600ns_0ns,115400000.0,0.6126664528945635,2.486810897019162,0.10580838224214253
T800,600ns_0ns,115700000.0,0.7777274113001978,2.753726147948172,0.10637224402441285
T800,600ns_0ns,116000000.0,1.1000808315829642,2.736835100014367,0.10640860675971262
T800,600ns_0ns,116300000.0,1.2333041396159032,2.4574198063058432,0.10524105850253006
T800,600ns_0ns,116600000.0,1.0494742193564017,2.237154529886179,0.10353909911512185
T800,600ns_0ns,116900000.0,0.7845650548569995,2.3281051309879848,0.10259187932243329
T800,600ns_0ns,117200000.0,0.7662849203861257,2.6243630591641334,0.10284616785056415
T800,600ns_0ns,117500000.0,1.0382364356644944,2.785190670298764,0.10338000412003988
T800,600ns_0ns,117800000.0,1.311423489482163,2.626515716960916,0.10297837274573145
T800,600ns_0ns,118100000.0,1.2969761198283851,2.3309763055522192,0.10148323467106059
T800,600ns_0ns,118400000.0,1.0370358790162724,2.236850073740418,0.09996273002408902
T800,600ns_0ns,118700000.0,0.8548025334683904,2.449778538383201,0.0995380706477563
T800,600ns_0ns,119000000.0,0.9828935449496387,2.7229343556637886,0.10008736435641234
T800,600ns_0ns,119300000.0,1.297341356489124,2.7415353850198003,0.1003894119423539
T800,600ns_0ns,119600000.0,1.4613906466891393,2.483764363775698,0.09952468282208156
T800,600ns_0ns,119900000.0,1.3123164703300707,2.244287502146905,0.09787677332466906
T800,600ns_0ns,120200000.0,1.0469517573982916,2.2951270813746425,0.09672046411395835
T800,600ns_0ns,120500000.0,0.9944143432563836,2.5741699607866995,0.09679503537964942
T800,600ns_0ns,120800000.0,1.2384359677108923,2.7579842867638673,0.09743595836314854
T800,600ns_0ns,121100000.0,1.5226643684553665,2.6336167673989483,0.0973558074517746
T800,600ns_0ns,121400000.0,1.546007897600136,2.3419878284989557,0.09608994499293821
T800,600ns_0ns,121700000.0,1.3077665888421457,2.21470962120888,0.09449545973966532
T800,600ns_0ns,122000000.0,1.1069489330719535,2.3932672966352424,0.09382269964536373
T800,600ns_0ns,122300000.0,1.198264335038183,2.6678760308475526,0.0942857054796883
T800,600ns_0ns,122600000.0,1.5005543786364874,2.7195266328944805,0.09480759197041136
T800,600ns_0ns,122900000.0,1.6914092030713435,2.4859657674241955,0.094269359279399
T800,600ns_0ns,123200000.0,1.5776887529707133,2.2317554716715757,0.0927386547140143
T800,600ns_0ns,123500000.0,1.3161475159088132,2.2436016433935615,0.09139858862047409
T800,600ns_0ns,123800000.0,1.2321544287038824,2.5017992098950055,0.09124368644508861
T800,600ns_0ns,124100000.0,1.4461321508469467,2.70429246659672,0.09191975563739219
T800,600ns_0ns,124400000.0,1.7365911674777832,2.614076286610974,0.09214147452780178
T800,600ns_0ns,124700000.0,1.7955190512803352,2.330395768770495,0.09115354793496587
T800,600ns_0ns,125000000.0,1.5816584672069323,2.1734287603491222,0.08954473074950167
T800,600ns_0ns,125300000.0,1.3664880860190252,2.3164209347433298,0.08861905077907381
T800,600ns_0ns,125600000.0,1.4217075807716861,2.587914763669361,0.08892588649927267
T800,600ns_0ns,125900000.0,1.7079662318083664,2.6698253263859018,0.08960852740681126
T800,600ns_0ns,126200000.0,1.9214270854357063,2.4625502675587962,0.08940746540230823
T800,600ns_0ns,126500000.0,1.843113947843344,2.1980380233761894,0.08805902140554048
T800,600ns_0ns,126800000.0,1.589377024937654,2.1724798386414337,0.0865776448058274
T800,600ns_0ns,127100000.0,1.4770040524918648,2.406670256335101,0.08615640337385785
T800,600ns_0ns,127400000.0,1.6593375161131616,2.6234848021914017,0.08679007503702275
T800,600ns_0ns,127700000.0,1.9513630142932876,2.5667784876327473,0.08727826864729693
T800,600ns_0ns,128000000.0,2.043266345095413,2.294746583502826,0.08660813375500244
T800,600ns_0ns,128300000.0,1.8559669520313191,2.1117750041846435,0.08505391437013704
T800,600ns_0ns,128600000.0,1.6306371868001206,2.2185542094154442,0.08388933807265528
T800,600ns_0ns,128900000.0,1.6508929869198714,2.4826323713129965,0.08397624593388678
T800,600ns_0ns,129200000.0,1.91765363072492,2.591718499638713,0.0847486085125263
T800,600ns_0ns,129500000.0,2.1494010053208474,2.4123136565716736,0.0848798128036202
T800,600ns_0ns,129800000.0,2.1060281265055623,2.1418330470093747,0.08377627922652137
T800,600ns_0ns,130100000.0,1.8637415657002243,2.080890449834566,0.08221183926855102
T800,600ns_0ns,130400000.0,1.726286231295403,2.2883989155288584,0.0815040563578008
T800,600ns_0ns,130700000.0,1.8758831286782853,2.51518522550789,0.0820158341274642
T800,600ns_0ns,131000000.0,2.165007430690617,2.490894183890782,0.0827190004637849
T800,600ns_0ns,131300000.0,2.2869250291738186,2.2338445311273682,0.08239396346121916
T800,600ns_0ns,131600000.0,2.127860936939761,2.02871882516484,0.08096864415863493
T800,600ns_0ns,131900000.0,1.896474991533687,2.099168852549391,0.07959895870788697
T800,600ns_0ns,132200000.0,1.883315275940853,2.351840512434905,0.07941299441417665
T800,600ns_0ns,132500000.0,2.127541531551441,2.48477691766843,0.08019443510330332
T800,600ns_0ns,132800000.0,2.373194434243809,2.3343399426704066,0.08063552934911598
T800,600ns_0ns,133100000.0,2.3638029063788086,2.062078295092771,0.07983264635914611
T800,600ns_0ns,133400000.0,2.136246390747463,1.9681583085909462,0.07825658085269725
T800,600ns_0ns,133700000.0,1.9771749644329633,2.1468097695791952,0.0772618649486953
T800,600ns_0ns,134000000.0,2.0934401543064776,2.379282455392329,0.07757482723145391
T800,600ns_0ns,134300000.0,2.3754381808071883,2.38589523233913,0.07842604786849823
T800,600ns_0ns,134600000.0,2.5241090212481234,2.146771217313315,0.07845758183348703
T800,600ns_0ns,134900000.0,2.394448856604101,1.9234532848771497,0.07723623205982755
T800,600ns_0ns,135200000.0,2.160970774072353,1.957967914896766,0.07571450761155635
T800,600ns_0ns,135500000.0,2.116319862380942,2.1955902081820295,0.07521824924735654
T800,600ns_0ns,135800000.0,2.3354233322082174,2.3488655390412165,0.0759219420974252
T800,600ns_0ns,136100000.0,2.5905966185588474,2.2280171804551516,0.07663206623913374
T800,600ns_0ns,136400000.0,2.613769105449718,1.9579705700799277,0.0761743025909635
T800,600ns_0ns,136700000.0,2.4038296641468047,1.8338207061284517,0.07466744821234728
T800,600ns_0ns,137000000.0,2.226724174565583,1.9819466126607446,0.07340727474228813
T800,600ns_0ns,137300000.0,2.309543666919655,2.2159379101950463,0.07345222566353411
T800,600ns_0ns,137600000.0,2.580474873649326,2.251566018152053,0.07437093097168956
T800,600ns_0ns,137900000.0,2.752392224089621,2.032902400489431,0.07475207093945602
T800,600ns_0ns,138200000.0,2.6528058115726085,1.7954115409551283,0.0738056011152593
T800,600ns_0ns,138500000.0,2.421014808708543,1.7948683095508853,0.07220223713401691
T800,600ns_0ns,138800000.0,2.347130523238693,2.0141792392875804,0.07137807423624165
T800,600ns_0ns,139100000.0,2.5389829475930252,2.1841512783867514,0.07191544315650014
T800,600ns_0ns,139400000.0,2.7993428716649547,2.093050458169297,0.07283517626925777
T800,600ns_0ns,139700000.0,2.853241270521359,1.8289825462335723,0.07275174992842895
T800,600ns_0ns,140000000.0,2.6633925220740076,1.6776420101606817,0.07139965219684496
T800,600ns_0ns,140300000.0,2.471898384093652,1.7940811276937627,0.06991803790001788
T800,600ns_0ns,140600000.0,2.521618476586962,2.0255913117492303,0.06963902262744215
T800,600ns_0ns,140900000.0,2.7778642255903683,2.088012148952145,0.07053387876560734
T800,600ns_0ns,141200000.0,2.9693309270828774,1.8919221318282522,0.071237374209489
T800,600ns_0ns,141500000.0,2.9000016650497695,1.6442822634223004,0.07062755894508357
T800,600ns_0ns,141800000.0,2.6734503227182396,1.610011607165024,0.0690268976675367
T800,600ns_0ns,142100000.0,2.5728790894047857,1.8081574801596287,0.06788047308507214
T800,600ns_0ns,142400000.0,2.7358188878712086,1.991108056623967,0.06816659019602678
T800,600ns_0ns,142700000.0,2.9971363072970942,1.9294718892629337,0.06921893175895893
T800,600ns_0ns,143000000.0,3.0795431838204723,1.6748769535680237,0.06952038161350445
T800,600ns_0ns,143300000.0,2.911830269849773,1.4996261779780014,0.06840797321537663
T800,600ns_0ns,143600000.0,2.709605106789941,1.5837195003162359,0.06677048548173622
T800,600ns_0ns,143900000.0,2.7270069798657777,1.8089636717430737,0.06613027325014471
T800,600ns_0ns,144200000.0,2.96530299173389,1.8956659645589347,0.06690329565801192
T800,600ns_0ns,144500000.0,3.1724872248836924,1.7238337339356282,0.06788068056887997
T800,600ns_0ns,144800000.0,3.1331299054738295,1.4700224326589588,0.06765542961961526
T800,600ns_0ns,145100000.0,2.9151065976488413,1.4037726144972082,0.06615109729912393
T800,600ns_0ns,145400000.0,2.7906368044399694,1.5783297853669234,0.06471337152497551
T800,600ns_0ns,145700000.0,2.9234700019328455,1.7705187835290646,0.06467309797361105
T800,600ns_0ns,146000000.0,3.181670657034797,1.737647226126672,0.06576564045496892
T800,600ns_0ns,146300000.0,3.290033903282197,1.4957177345665287,0.06644114141609289
T800,600ns_0ns,146600000.0,3.1460641706527364,1.3000268522150076,0.06564718133174499
T800,600ns_0ns,146900000.0,2.936728381654695,1.351606790871321,0.06393819936381588
T800,600ns_0ns,147200000.0,2.922998519473965,1.5670575866546526,0.06292317838270273
T800,600ns_0ns,147500000.0,3.1404621318332193,1.675288811677862,0.06347505205371591
T800,600ns_0ns,147800000.0,3.359453040599217,1.528967546697064,0.0646567364538836
T800,600ns_0ns,148100000.0,3.349336830663618,1.2728674644898903,0.06484586483274386
T800,600ns_0ns,148400000.0,3.142832766626873,1.1767657658746422,0.06353519232778947
T800,600ns_0ns,148700000.0,2.997446971782716,1.3257565496003207,0.06186273646725873
T800,600ns_0ns,149000000.0,3.0994426340694967,1.5234744110912817,0.061437254254845926
T800,600ns_0ns,149300000.0,3.3506540130462303,1.5182791666845714,0.06246566117947878
T800,600ns_0ns,149600000.0,3.4821341878848284,1.291878163230996,0.06348118794410657
T800,600ns_0ns,149900000.0,3.363073647065807,1.0793550069017972,0.06307280037177804
T800,600ns_0ns,150200000.0,3.1501632802383353,1.098729060871539,0.06139113828478685
T800,600ns_0ns,150500000.0,3.1068601589980562,1.301154839979934,0.0600150219254718
T800,600ns_0ns,150800000.0,3.3010121928534435,1.4279700032538871,0.06025156002634538
T800,600ns_0ns,151100000.0,3.5278747349845734,1.3079852335783668,0.06154809786509689
T800,600ns_0ns,151400000.0,3.5458509519056425,1.053338368705956,0.062159785524940565
T800,600ns_0ns,151700000.0,3.3535321143776358,0.9298490302281075,0.06113770942672596
T800,600ns_0ns,152000000.0,3.1903586660955416,1.051751677645714,0.05931094473493503
T800,600ns_0ns,152300000.0,3.2612389862272604,1.2513697861587947,0.05846411687184977
T800,600ns_0ns,152600000.0,3.5018332749008363,1.2724070134283765,0.05931701717648559
T800,600ns_0ns,152900000.0,3.653352993011481,1.0640455214738471,0.06061450120245187
T800,600ns_0ns,153200000.0,3.5599284447289365,0.8383837545635038,0.060642161782947644
T800,600ns_0ns,153500000.0,3.3468508457961796,0.8263129609667861,0.059095386491222555
T800,600ns_0ns,153800000.0,3.275868323984778,1.0128111196738072,0.057401103638586866
T800,600ns_0ns,154100000.0,3.4446493870375474,1.1551223099753212,0.05724053571843794
T800,600ns_0ns,154400000.0,3.6754777650037247,1.0618804917589686,0.05854519169521799
T800,600ns_0ns,154700000.0,3.720012008926405,0.8122458147008534,0.05956327546738776
T800,600ns_0ns,155000000.0,3.544196209429945,0.6641253174538346,0.058916216985185337
T800,600ns_0ns,155300000.0,3.3664608607709954,0.7578780948435168,0.057035653626297846
T800,600ns_0ns,155600000.0,3.406386139324724,0.9558965301737911,0.055759522515162266
T800,600ns_0ns,155900000.0,3.633018856660027,1.0014029261439712,0.0563248046084657
T800,600ns_0ns,156200000.0,3.8013136337460547,0.8132225563053953,0.057822329254349915
T800,600ns_0ns,156500000.0,3.733820358881499,0.5781505642920992,0.05831549391532367
T800,600ns_0ns,156800000.0,3.5238131070584706,0.5358231096311862,0.05701344618589484
T800,600ns_0ns,157100000.0,3.4273410739372454,0.7038482417081892,0.05507284278733135
T800,600ns_0ns,157400000.0,3.5691222838734986,0.8584743490306072,0.05445352037059236
T800,600ns_0ns,157700000.0,3.8000914107323283,0.7919764281226261,0.055646290245277105
T800,600ns_0ns,158000000.0,3.869299632362124,0.5506912648433362,0.05702839310038367
T800,600ns_0ns,158300000.0,3.711938895543678,0.3809415035052888,0.056828427673284186
T800,600ns_0ns,158600000.0,3.5229170348221803,0.44594090970145617,0.05500915794452329
T800,600ns_0ns,158900000.0,3.5324658820358525,0.63903300552545,0.05332788463140034
T800,600ns_0ns,159200000.0,3.742109864096625,0.7069646957448824,0.05350039165464733
T800,600ns_0ns,159500000.0,3.923779796899391,0.5407254850482164,0.05509360825646309
T800,600ns_0ns,159800000.0,3.8820946002337244,0.2999565540778247,0.056057070037539604
T800,600ns_0ns,160100000.0,3.678188143511879,0.22895690297389942,0.05510502604426553
T800,600ns_0ns,160400000.0,3.5586709416208575,0.3763435198338217,0.053016118179420625
T800,600ns_0ns,160700000.0,3.672259039693416,0.5400594620003676,0.051903960577113
T800,600ns_0ns,161000000.0,3.899673432065792,0.4999190991010998,0.0528573080773443
T800,600ns_0ns,161300000.0,3.9913613726598194,0.2700646089864166,0.054533953481966255
T800,600ns_0ns,161600000.0,3.854029694317853,0.08188453560379685,0.05483356095865326
T800,600ns_0ns,161900000.0,3.6569997027907917,0.11797779048721639,0.05319843003473542
T800,600ns_0ns,162200000.0,3.637144760759368,0.30303102257350106,0.05116987825494198
T800,600ns_0ns,162500000.0,3.8271191429438796,0.39110472735802315,0.05086017362889802
T800,600ns_0ns,162800000.0,4.018680739438845,0.24817824831953103,0.05242519962335052
T800,600ns_0ns,163100000.0,4.002280031798339,0.005362623241154881,0.05383631134764807
T800,600ns_0ns,163400000.0,3.807264361628755,-0.09236333218035976,0.053328326534284605
T800,600ns_0ns,163700000.0,3.6673575205393902,0.03261636052458241,0.051210219393300394
T800,600ns_0ns,164000000.0,3.751994435915067,0.20220126704115068,0.04960492358455478
T800,600ns_0ns,164300000.0,3.972334003958594,0.18766743045335213,0.05019129128986047
T800,600ns_0ns,164600000.0,4.084039464072606,-0.027961464341527843,0.052066112070602195
T800,600ns_0ns,164900000.0,3.9679259899598747,-0.23122507432080558,0.05289371704526215
T800,600ns_0ns,165200000.0,3.7661242993862376,-0.22375302312139742,0.05156585231113703
T800,600ns_0ns,165500000.0,3.718203922351326,-0.04960021647969213,0.04928035967479151
T800,600ns_0ns,165800000.0,3.8861979257976866,0.056135710241929426,0.04842392933317655
T800,600ns_0ns,166100000.0,4.084135494075409,-0.062496594112767236,0.04982195963147
T800,600ns_0ns,166400000.0,4.092118118243487,-0.30381724512962005,0.051628714685044964
T800,600ns_0ns,166700000.0,3.9085138384877998,-0.42600051936621147,0.05164153267718326
T800,600ns_0ns,167000000.0,3.7510397273518272,-0.32478758791075424,0.04962750316464243
T800,600ns_0ns,167300000.0,3.8063967606104603,-0.15250384052935342,0.04756657032787271
T800,600ns_0ns,167600000.0,4.016359031185976,-0.14252034076284248,0.04766762156114386
T800,600ns_0ns,167900000.0,4.145396397939158,-0.3414403604124078,0.049618844658118576
T800,600ns_0ns,168200000.0,4.051303984901887,-0.5563424450632862,0.05097517229390995
T800,600ns_0ns,168500000.0,3.8478823445454196,-0.5767871574587644,0.05007047546221324
T800,600ns_0ns,168800000.0,3.7735686707324163,-0.4161130267860551,0.04764670383404242
T800,600ns_0ns,169100000.0,3.917660004466337,-0.2953471779290434,0.046212663110515105
T800,600ns_0ns,169400000.0,4.11847595125,-0.38909057383413936,0.04729662985272681
T800,600ns_0ns,169700000.0,4.149590325915914,-0.6255258120384111,0.049416661961214005
T800,600ns_0ns,170000000.0,3.9796243353030443,-0.7696156063534109,0.05000441922442708
T800,600ns_100ns,20000000.0,-0.1657389505247815,1.5534902324394753,0.07950296691982298
T800,600ns_100ns,20300000.0,-0.08100982488809444,1.4721325978359534,0.07505352684571101
T800,600ns_100ns,20600000.0,-0.08894615369330826,1.3476507173682108,0.0678916214135318
T800,600ns_100ns,20900000.0,-0.17629638228712427,1.2792031854932235,0.06212678064757564
T800,600ns_100ns,21200000.0,-0.2556129963133019,1.301648022724263,0.06030780254954467
T800,600ns_100ns,21500000.0,-0.25856003648315157,1.3597188469410493,0.060293007995977005
T800,600ns_100ns,21800000.0,-0.19889148170809093,1.3732395763891012,0.05797944086716615
T800,600ns_100ns,22100000.0,-0.1469825131261767,1.317466462690526,0.051495701070197006
T800,600ns_100ns,22400000.0,-0.15340625103463537,1.2374673664560434,0.042388459824739634
T800,600ns_100ns,22700000.0,-0.20444627328672513,1.1925489793585744,0.03467398193261563
T800,600ns_100ns,23000000.0,-0.24796228048268096,1.1970318683070125,0.03140423419780234
T800,600ns_100ns,23300000.0,-0.25143058122342965,1.216444761740897,0.030452897770533727
T800,600ns_100ns,23600000.0,-0.2283460926123448,1.212186175148044,0.027537764089483635
T800,600ns_100ns,23900000.0,-0.21308366945192073,1.1798838418575914,0.021014588955413964
T800,600ns_100ns,24200000.0,-0.22108085897593885,1.1438368100197964,0.012120318940801464
T800,600ns_100ns,24500000.0,-0.23907330234494178,1.1233904647374002,0.0038750010011695066
T800,600ns_100ns,24800000.0,-0.24879040863652616,1.1138463222324948,0.0033521313385039163
T800,600ns_100ns,25100000.0,-0.24993760151179764,1.0998708492508311,0.004054315959813778
T800,600ns_100ns,25400000.0,-0.25556263896608755,1.0787638799384063,0.0016609213319007082
T800,600ns_100ns,25700000.0,-0.27026137536294675,1.0628387933249142,0.007642032658802441
T800,600ns_100ns,26000000.0,-0.28180486653869946,1.0599074480951942,0.01547678007281026
T800,600ns_100ns,26300000.0,-0.27739731744767093,1.05916887348296,0.021335980967193493
T800,600ns_100ns,26600000.0,-0.26326146000769907,1.0423718851452797,0.02346851229371585
T800,600ns_100ns,26900000.0,-0.2611200031574192,1.007550659590537,0.022358441556913893
T800,600ns_100ns,27200000.0,-0.2833744891415762,0.975460992953979,0.021553384627626355
T800,600ns_100ns,27500000.0,-0.3159537438702556,0.9683299862290753,0.02500602235937641
T800,600ns_100ns,27800000.0,-0.33080689121225,0.9838230901697553,0.03101755855886379
T800,600ns_100ns,28100000.0,-0.3161677032759614,0.9947035072290162,0.03526222847537699
T800,600ns_100ns,28400000.0,-0.29109262802292124,0.9767015165068534,0.035470027086618325
T800,600ns_100ns,28700000.0,-0.2868714082106673,0.9349885185073843,0.03232628163621199
T800,600ns_100ns,29000000.0,-0.3142993514125496,0.8999599785266618,0.02938899914988785
T800,600ns_100ns,29300000.0,-0.35190014635892913,0.8960047436466,0.03045397612035751
T800,600ns_100ns,29600000.0,-0.3679544675761898,0.9162812440274991,0.034344888832044757
T800,600ns_100ns,29900000.0,-0.353014438168763,0.9300901459824507,0.036783810301027335
T800,600ns_100ns,30200000.0,-0.32880922448042005,0.9145900624648855,0.035326274589573554
T800,600ns_100ns,30500000.0,-0.32508540947667736,0.8773279346891086,0.03054376501594125
T800,600ns_100ns,30800000.0,-0.34955676059649143,0.8469194287656159,0.0257870941958287
T800,600ns_100ns,31100000.0,-0.38192995823768866,0.8432260047033182,0.024980338614113185
T800,600ns_100ns,31400000.0,-0.39631388243133997,0.8586487458386796,0.027290026749366217
T800,600ns_100ns,31700000.0,-0.3870605000773169,0.8684052000854466,0.028430382574487274
T800,600ns_100ns,32000000.0,-0.37181756099629426,0.8566456501357887,0.026012428165070402
T800,600ns_100ns,32300000.0,-0.3712906078640266,0.8305572849830631,0.020461741724715876
T800,600ns_100ns,32600000.0,-0.3888122047187533,0.8098994603133326,0.01464640072676985
T800,600ns_100ns,32900000.0,-0.4101143099365687,0.8058247727490692,0.012833849298308516
T800,600ns_100ns,33200000.0,-0.420430717117082,0.8117852319694147,0.01450029322148954
T800,600ns_100ns,33500000.0,-0.4188610445978846,0.8136192557223254,0.015011359059375895
T800,600ns_100ns,33800000.0,-0.4159686216596997,0.8051245903678615,0.01252452069181292
T800,600ns_100ns,34100000.0,-0.42035428445171474,0.7920947505767263,0.007631896919220008
T800,600ns_100ns,34400000.0,-0.43050588421094005,0.7829993609116237,0.0020977112647190864
T800,600ns_100ns,34700000.0,-0.4395318570797346,0.7791770701798909,0.002313871296894518
T800,600ns_100ns,35000000.0,-0.4447395984852874,0.7755722581880939,0.0038907370457332744
T800,600ns_100ns,35300000.0,-0.4498739016834049,0.7690403047439582,0.0024166650176894082
T800,600ns_100ns,35600000.0,-0.45844802601117374,0.7626605198656017,0.0019336287445630878
T800,600ns_100ns,35900000.0,-0.4678835756252874,0.7607928785464447,0.006668312872680418
T800,600ns_100ns,36200000.0,-0.4725167269718299,0.7619257792793462,0.010585484487028292
T800,600ns_100ns,36500000.0,-0.4717231445646044,0.7592464347163737,0.012115186943371598
T800,600ns_100ns,36800000.0,-0.4724164760791891,0.7490046294648706,0.010847209278367206
T800,600ns_100ns,37100000.0,-0.4817357956338265,0.7364501695089511,0.008358919242361249
T800,600ns_100ns,37400000.0,-0.49800449894148924,0.731229628845823,0.009058771197873933
T800,600ns_100ns,37700000.0,-0.5110837849057205,0.7365356535305406,0.013264588870133435
T800,600ns_100ns,38000000.0,-0.512882463070115,0.7443953214299144,0.016803660074476805
T800,600ns_100ns,38300000.0,-0.5067433293409219,0.7433150529563519,0.01756946221281595
T800,600ns_100ns,38600000.0,-0.5048315520838257,0.7306125380881939,0.015420746485161023
T800,600ns_100ns,38900000.0,-0.5156090596119915,0.7159225973633289,0.012232629303007723
T800,600ns_100ns,39200000.0,-0.5346717679791031,0.711550395438764,0.011799970835029424
T800,600ns_100ns,39500000.0,-0.5490011436448303,0.719662461164475,0.0147668743521734
T800,600ns_100ns,39800000.0,-0.5503422305278887,0.729948224849582,0.017417920331456484
T800,600ns_100ns,40100000.0,-0.5436101605873299,0.7302605445993868,0.017474163922268828
T800,600ns_100ns,40400000.0,-0.5415927205451423,0.7189660945592492,0.014764069388772312
T800,600ns_100ns,40700000.0,-0.5517877080152951,0.7061666907346106,0.010972652902130198
T800,600ns_100ns,41000000.0,-0.5692168686154686,0.7029765024375398,0.009617892914256389
T800,600ns_100ns,41300000.0,-0.5822351236339441,0.7104407943980657,0.011705662316509
T800,600ns_100ns,41600000.0,-0.584566755586958,0.7193708165809225,0.01363335489365332
T800,600ns_100ns,41900000.0,-0.580902975195376,0.7203816764225377,0.013253229783461945
T800,600ns_100ns,42200000.0,-0.5810316341052757,0.7130620420388335,0.01043032199058724
T800,600ns_100ns,42500000.0,-0.5896391941365924,0.7051568907958913,0.006425249393796829
T800,600ns_100ns,42800000.0,-0.6025527203381447,0.7038075193710291,0.004458920231286556
T800,600ns_100ns,43100000.0,-0.6123155715788436,0.7087398923269028,0.006277962283749627
T800,600ns_100ns,43400000.0,-0.6160585453790677,0.7139732936702926,0.007699714276296097
T800,600ns_100ns,43700000.0,-0.6172966924243812,0.7148964730357964,0.007169594823525712
T800,600ns_100ns,44000000.0,-0.6209070190321351,0.7124825492966335,0.004942635484230138
T800,600ns_100ns,44300000.0,-0.6278447504307015,0.7108012730599468,0.002123471572246754
T800,600ns_100ns,44600000.0,-0.6352967160322018,0.7118480739513224,0.0016333972984661378
T800,600ns_100ns,44900000.0,-0.6409822651628194,0.7139602003126452,0.002749982985577583
T800,600ns_100ns,45200000.0,-0.6458060735696981,0.7149469062939848,0.0024912738824503814
T800,600ns_100ns,45500000.0,-0.6518920562102861,0.7153033746075268,0.0014690705760894152
T800,600ns_100ns,45800000.0,-0.6590925872938987,0.7173164138249442,0.0028747991984505766
T800,600ns_100ns,46100000.0,-0.6648180362236039,0.7214532728912593,0.005070965101077377
T800,600ns_100ns,46400000.0,-0.6675663124809145,0.7250116870309731,0.0062038460774533925
T800,600ns_100ns,46700000.0,-0.6695792109111471,0.7251808521230476,0.005659046126021541
T800,600ns_100ns,47000000.0,-0.6748360603977206,0.7229498800495051,0.0036618817887567536
T800,600ns_100ns,47300000.0,-0.6842996679858726,0.7228008226033064,0.002593331341793849
T800,600ns_100ns,47600000.0,-0.6940701499836336,0.7279141244405029,0.005141734109738519
T800,600ns_100ns,47900000.0,-0.6991473860337268,0.7361630921155837,0.007672900584999097
T800,600ns_100ns,48200000.0,-0.6990084063704962,0.7417906872046978,0.008627938630541204
T800,600ns_100ns,48500000.0,-0.6987009395877648,0.7414249819366417,0.007668341433416829
T800,600ns_100ns,48800000.0,-0.7038161559762418,0.7379738219247496,0.005390552524002423
T800,600ns_100ns,49100000.0,-0.714520694722345,0.7379114164223851,0.004072282209281764
T800,600ns_100ns,49400000.0,-0.7251382125114958,0.7445904571831059,0.005870004312660359
T800,600ns_100ns,49700000.0,-0.729923514509732,0.7546630272821065,0.008007497065193542
T800,600ns_100ns,50000000.0,-0.7289882959375062,0.7614828426404707,0.008664153240982396
T800,600ns_100ns,50300000.0,-0.7281314271854659,0.7619234172651774,0.0074930250093512545
T800,600ns_100ns,50600000.0,-0.7328222284738742,0.7594523385497992,0.005069267489889873
T800,600ns_100ns,50900000.0,-0.742719873850899,0.760375422860309,0.0033717835916877922
T800,600ns_100ns,51200000.0,-0.7523423983815252,0.767386282036554,0.004709753254900143
T800,600ns_100ns,51500000.0,-0.7568695736880412,0.7771583159579303,0.006457644527271844
T800,600ns_100ns,51800000.0,-0.756831683260354,0.7841529228601545,0.006864004273815097
T800,600ns_100ns,52100000.0,-0.7570276169976723,0.7862793882810588,0.0056820495264365296
T800,600ns_100ns,52400000.0,-0.761318056749566,0.7865141633057942,0.003360262823597648
T800,600ns_100ns,52700000.0,-0.7689980171842952,0.7892924108438518,0.001263141014471741
T800,600ns_100ns,53000000.0,-0.7762095445429023,0.7959634660574582,0.002590192087125033
T800,600ns_100ns,53300000.0,-0.7802621773902163,0.8040347749503828,0.003967368341992898
T800,600ns_100ns,53600000.0,-0.7820210657606242,0.8103863009896888,0.004152028889536808
T800,600ns_100ns,53900000.0,-0.7842414594217366,0.8144865438765132,0.0032457748966094823
T800,600ns_100ns,54200000.0,-0.7883241960375957,0.8182646818883911,0.0018525338161925636
T800,600ns_100ns,54500000.0,-0.7932465378191677,0.8234238670909262,0.0012936851382614736
T800,600ns_100ns,54800000.0,-0.797405286230187,0.8296509207390717,0.001846795809607118
T800,600ns_100ns,55100000.0,-0.8006968125962826,0.8355929892959341,0.0019481894639772615
T800,600ns_100ns,55400000.0,-0.804285536339982,0.8409412439094001,0.0014843593982316141
T800,600ns_100ns,55700000.0,-0.8086574104745817,0.8468098413300933,0.0016005694163962175
T800,600ns_100ns,56000000.0,-0.8126988552524115,0.8539993593518894,0.0026467256367899133
T800,600ns_100ns,56300000.0,-0.8151203422495427,0.8615392788933341,0.0034273070733038483
T800,600ns_100ns,56600000.0,-0.8164316568390405,0.8676064441624033,0.003330205197388885
T800,600ns_100ns,56900000.0,-0.8187906422837135,0.8718849203111724,0.002225215132425269
T800,600ns_100ns,57200000.0,-0.8235729434354557,0.8764173486375768,0.0005458346118871425
T800,600ns_100ns,57500000.0,-0.8294437027705764,0.883584495422681,0.0019588908629500526
T800,600ns_100ns,57800000.0,-0.833430497142482,0.8932968190036458,0.0037318738343311408
T800,600ns_100ns,58100000.0,-0.8341163998326524,0.9026964217973464,0.004617947164047646
T800,600ns_100ns,58400000.0,-0.8334451594457374,0.9090247297619116,0.004325882710229932
T800,600ns_100ns,58700000.0,-0.8349217221490981,0.9126791226569725,0.0029651397333468788
T800,600ns_100ns,59000000.0,-0.8399373454278456,0.9170327215674123,0.001370464732486348
T800,600ns_100ns,59300000.0,-0.8461622730732962,0.9250092667789793,0.002290534562803405
T800,600ns_100ns,59600000.0,-0.8498522340338244,0.9359900303974816,0.003941365828284829
T800,600ns_100ns,59900000.0,-0.8497097352340651,0.9463849979533546,0.00471984137562346
T800,600ns_100ns,60200000.0,-0.8482233372379093,0.9533150707710515,0.004327406039447238
T800,600ns_100ns,60500000.0,-0.8490788950478719,0.9575335175074202,0.0029181290334597356
T800,600ns_100ns,60800000.0,-0.8533994778734096,0.9625548214560625,0.0012121900138281712
T800,600ns_100ns,61100000.0,-0.8587358303238722,0.9710035488491499,0.0018555788048116204
T800,600ns_100ns,61400000.0,-0.8617242507751863,0.9820544218346393,0.0033037376895896043
T800,600ns_100ns,61700000.0,-0.8614858239792436,0.9925154013378499,0.003925408728154591
T800,600ns_100ns,62000000.0,-0.8602574487678489,1.0001914133227865,0.0035162077105464584
T800,600ns_100ns,62300000.0,-0.8608527509489614,1.0059240363744053,0.0022498325647012443
T800,600ns_100ns,62600000.0,-0.8638385789953807,1.0123769549460278,0.0005429220508878893
T800,600ns_100ns,62900000.0,-0.8673140620179536,1.0211688591701662,0.0011095687014071028
T800,600ns_100ns,63200000.0,-0.8691780131260481,1.031471123040829,0.0022487794854638946
T800,600ns_100ns,63500000.0,-0.8692189269210405,1.041283545407927,0.0026408563515498626
T800,600ns_100ns,63800000.0,-0.8689150792498295,1.04965299755758,0.002313910749274557
T800,600ns_100ns,64100000.0,-0.869550933376858,1.057369941885426,0.001591881989656832
T800,600ns_100ns,64400000.0,-0.8709540256052565,1.0656906785774374,0.001148393695722929
T800,600ns_100ns,64700000.0,-0.8721032114881481,1.0748565724819275,0.0013662011271989556
T800,600ns_100ns,65000000.0,-0.8725589489541795,1.084119763033936,0.0015318372617885451
T800,600ns_100ns,65300000.0,-0.8728726190380236,1.092974383923234,0.001357290907606068
T800,600ns_100ns,65600000.0,-0.8736065444811448,1.1018723423564005,0.0012337891746950357
T800,600ns_100ns,65900000.0,-0.8743855055331499,1.1115103493045897,0.001650382903756239
T800,600ns_100ns,66200000.0,-0.8743046278475384,1.1216844651437323,0.0021635094643993706
T800,600ns_100ns,66500000.0,-0.8732213379131445,1.1313088091227446,0.0022535737401461822
T800,600ns_100ns,66800000.0,-0.8722301462568897,1.1397338210805203,0.0017245761135746911
T800,600ns_100ns,67100000.0,-0.8725302112217742,1.1477743142613444,0.0006700740941953115
T800,600ns_100ns,67400000.0,-0.8739014763082228,1.1570359743902794,0.0007994932222932213
T800,600ns_100ns,67700000.0,-0.8746653717784039,1.1681130485481828,0.002027557541496816
T800,600ns_100ns,68000000.0,-0.8734040696161681,1.1797034174747503,0.00279048247359225
T800,600ns_100ns,68300000.0,-0.870620487602613,1.1898191557635909,0.0028231989962212295
T800,600ns_100ns,68600000.0,-0.8684027703469169,1.1979227272388084,0.002088495558811181
T800,600ns_100ns,68900000.0,-0.8682875120811715,1.2056476660468696,0.0007838867717430544
T800,600ns_100ns,69200000.0,-0.8695690197623126,1.21519396920773,0.0007979377514241392
T800,600ns_100ns,69500000.0,-0.8699345951315212,1.227025004034671,0.0021209453386674165
T800,600ns_100ns,69800000.0,-0.8678327831680175,1.2393283119598746,0.002884222655542656
T800,600ns_100ns,70100000.0,-0.8640868500484766,1.2498591888592936,0.0028756729925471917
T800,600ns_100ns,70400000.0,-0.8610414433660485,1.258239728217265,0.0021118082913737838
T800,600ns_100ns,70700000.0,-0.860150769446809,1.26630313400856,0.0008221292901012009
T800,600ns_100ns,71000000.0,-0.8605454533000606,1.2761656740524128,0.0006381927002589734
T800,600ns_100ns,71300000.0,-0.8600224152123115,1.2880939762071535,0.0018478951515020902
T800,600ns_100ns,71600000.0,-0.8573244108795387,1.300364569311551,0.0025082446676566177
T800,600ns_100ns,71900000.0,-0.8533019939399679,1.3111336073934567,0.0024753396751771503
T800,600ns_100ns,72200000.0,-0.8498629183580918,1.3202610225290188,0.0018153183515182657
T800,600ns_100ns,72500000.0,-0.8479768041095562,1.329243651401239,0.0008077462801538231
T800,600ns_100ns,72800000.0,-0.8468564110727619,1.3395259171959935,0.0006305710415096424
T800,600ns_100ns,73100000.0,-0.8450028348684382,1.3510969515761952,0.001436166265514158
T800,600ns_100ns,73400000.0,-0.8417978134802283,1.3627614855001446,0.0018675586854365327
T800,600ns_100ns,73700000.0,-0.8379311526666825,1.3735537701012102,0.0018160441207363215
T800,600ns_100ns,74000000.0,-0.8344149615310488,1.383642716862701,0.0014388603654177544
T800,600ns_100ns,74300000.0,-0.831474132640484,1.3938683586128067,0.001109598662768131
T800,600ns_100ns,74600000.0,-0.8285308465213947,1.4046676251589512,0.0011490741995814362
T800,600ns_100ns,74900000.0,-0.8250898940367833,1.4157034011546763,0.0012907668683421183
T800,600ns_100ns,75200000.0,-0.8213272823215771,1.4265003599012063,0.0012518398444597227
T800,600ns_100ns,75500000.0,-0.8177019886077563,1.4371467511653984,0.00113201833572661
T800,600ns_100ns,75800000.0,-0.8141993981232419,1.4481352615293257,0.001250635097616808
T800,600ns_100ns,76100000.0,-0.8102608544631811,1.4595845737868913,0.001565338964885545
T800,600ns_100ns,76400000.0,-0.8055394415004866,1.4709128004458683,0.001722931499023336
T800,600ns_100ns,76700000.0,-0.800510895910846,1.481484497847944,0.0015115286415768522
T800,600ns_100ns,77000000.0,-0.7960658164834808,1.491493110103832,0.0009547411783322485
T800,600ns_100ns,77300000.0,-0.7924476589753549,1.5019358417142388,0.0006195178627086437
T800,600ns_100ns,77600000.0,-0.788794793100587,1.5135538705775589,0.001255225092238284
T800,600ns_100ns,77900000.0,-0.7839556382801925,1.5258921384923274,0.0018818115608431212
T800,600ns_100ns,78200000.0,-0.7777752620389866,1.5376314781860134,0.0020815241439938056
T800,600ns_100ns,78500000.0,-0.7714004958856989,1.5479605528408673,0.0017478538141426389
T800,600ns_100ns,78800000.0,-0.7661513807287854,1.5575221001262818,0.0009661036183806644
T800,600ns_100ns,79100000.0,-0.7621056532427061,1.5678336186999149,0.0003716799730593671
T800,600ns_100ns,79400000.0,-0.7579409094308948,1.579720543188977,0.0012393060407060116
T800,600ns_100ns,79700000.0,-0.7522685862709331,1.592418304114941,0.001937260631212224
T800,600ns_100ns,80000000.0,-0.7450759108707564,1.6043302560771475,0.002138158726760003
T800,600ns_100ns,80300000.0,-0.7377456446215913,1.614665090293274,0.0017881655359064655
T800,600ns_100ns,80600000.0,-0.731629526211671,1.6242329563023727,0.0010130185764488442
T800,600ns_100ns,80900000.0,-0.7266815315532716,1.634580126448938,0.00039734732122942174
T800,600ns_100ns,81200000.0,-0.7215647233738619,1.64640274447695,0.0011275664514563415
T800,600ns_100ns,81500000.0,-0.7150613989732787,1.658901517781416,0.0017488811798660596
T800,600ns_100ns,81800000.0,-0.7072712403065828,1.6706860542421886,0.0019198239368803326
T800,600ns_100ns,82100000.0,-0.6993908570139004,1.6811995752484643,0.0016253639517836266
T800,600ns_100ns,82400000.0,-0.6924175442301171,1.6911725743954924,0.0010377776204027708
T800,600ns_100ns,82700000.0,-0.6861981995209596,1.7017406759035123,0.0006763991742579795
T800,600ns_100ns,83000000.0,-0.6797492601580378,1.71327303548474,0.0010478974822130357
T800,600ns_100ns,83300000.0,-0.6723590702585134,1.7251397572735119,0.0014373300351482878
T800,600ns_100ns,83600000.0,-0.664233679854514,1.7365210339722084,0.001530292232996796
T800,600ns_100ns,83900000.0,-0.6560927342376399,1.747258419887446,0.001356624135490243
T800,600ns_100ns,84200000.0,-0.6483192861881216,1.7578508684870877,0.0011223491582080082
T800,600ns_100ns,84500000.0,-0.6406535555543615,1.7687571335761294,0.0010700068777441155
T800,600ns_100ns,84800000.0,-0.6326644506155288,1.7799042942722958,0.001159554347400567
T800,600ns_100ns,85100000.0,-0.6243130438112322,1.7909281939486714,0.0011823738976860553
T800,600ns_100ns,85400000.0,-0.6159106913407332,1.8017338530138254,0.001108161291303335
T800,600ns_100ns,85700000.0,-0.607598664990101,1.812616492741568,0.0011035246334368124
T800,600ns_100ns,86000000.0,-0.5990820417296002,1.8238006713804307,0.0012683702390457394
T800,600ns_100ns,86300000.0,-0.5900027834624122,1.8350302792562863,0.0014313984829998163
T800,600ns_100ns,86600000.0,-0.5804883469057174,1.845800962339356,0.0013937021255477735
T800,600ns_100ns,86900000.0,-0.5711319583003832,1.8560101605717507,0.00110894346666497
T800,600ns_100ns,87200000.0,-0.5623285932636536,1.8662145673489798,0.0007863561355601141
T800,600ns_100ns,87500000.0,-0.5537207618654518,1.8770857601856106,0.0009344263421019916
T800,600ns_100ns,87800000.0,-0.5444735458802887,1.888615460215239,0.001380849811949006
T800,600ns_100ns,88100000.0,-0.534169801526803,1.900003612921326,0.0016553968050298633
T800,600ns_100ns,88400000.0,-0.5233456779193397,1.9104534921105962,0.0015768229377537927
T800,600ns_100ns,88700000.0,-0.5130055097994359,1.9200564947975625,0.001154160256690864
T800,600ns_100ns,89000000.0,-0.5035695153451197,1.9297724141422747,0.000650378245766912
T800,600ns_100ns,89300000.0,-0.49438217207847346,1.9404585894637736,0.0008391677596633301
T800,600ns_100ns,89600000.0,-0.48435235157903433,1.9519560004254546,0.001387385703070818
T800,600ns_100ns,89900000.0,-0.4730803756267814,1.963222166636617,0.0016949635112442363
T800,600ns_100ns,90200000.0,-0.46128080961986595,1.9733955262450564,0.001615670925163627
T800,600ns_100ns,90500000.0,-0.45004703981277766,1.9826756322493684,0.0011910118664033805
T800,600ns_100ns,90800000.0,-0.4397336232571483,1.9920980037229308,0.0006924910332637572
T800,600ns_100ns,91100000.0,-0.42962553062116565,2.002459053439768,0.0008121649793092191
T800,600ns_100ns,91400000.0,-0.4187092930760437,2.0135297008486805,0.0012933444469233907
T800,600ns_100ns,91700000.0,-0.40670159302650327,2.0243511899399804,0.0015657975114471289
T800,600ns_100ns,92000000.0,-0.3942681649639747,2.0342435727577652,0.0015049276279468608
T800,600ns_100ns,92300000.0,-0.38227202993697623,2.043445323573911,0.0011794301779466069
T800,600ns_100ns,92600000.0,-0.3709034009760416,2.052767742376971,0.0008490154613091051
T800,600ns_100ns,92900000.0,-0.3595873997632895,2.062719512493632,0.0008974916177535625
T800,600ns_100ns,93200000.0,-0.34766922078435425,2.0730558167508497,0.0011756574910061152
T800,600ns_100ns,93500000.0,-0.3350711937284398,2.083154387649249,0.0013356603268701362
T800,600ns_100ns,93800000.0,-0.32225025764796733,2.0927063429726926,0.0012952810631208555
T800,600ns_100ns,94100000.0,-0.309616331033311,2.1019504108303826,0.0011461747699713638
T800,600ns_100ns,94400000.0,-0.29712457576832113,2.111283759712435,0.001056668200725597
T800,600ns_100ns,94700000.0,-0.2844531879277999,2.1207898408020966,0.00108869468736833
T800,600ns_100ns,95000000.0,-0.27145616145766094,2.1302327926177,0.001130527599499809
T800,600ns_100ns,95300000.0,-0.2583054474625361,2.139444451142937,0.0011012529182443766
T800,600ns_100ns,95600000.0,-0.24518584474649596,2.1485623338602235,0.0010603129381523634
T800,600ns_100ns,95900000.0,-0.2319845747542971,2.1578112879773457,0.0011192610065513442
T800,600ns_100ns,96200000.0,-0.21841071035456458,2.167132061199111,0.0012477765049757465
T800,600ns_100ns,96500000.0,-0.2044112050493452,2.1761748267362035,0.0012980522287947365
T800,600ns_100ns,96800000.0,-0.1903366894461969,2.1847207367269244,0.0011792366137112452
T800,600ns_100ns,97100000.0,-0.17658333437701534,2.193025889888752,0.0009500693810301922
T800,600ns_100ns,97400000.0,-0.163090129347496,2.2016153751013965,0.0008682689935372435
T800,600ns_100ns,97700000.0,-0.14931025335005615,2.2106935177341653,0.0010942443823972804
T800,600ns_100ns,98000000.0,-0.13476885827132476,2.219838038621086,0.0013635090380555372
T800,600ns_100ns,98300000.0,-0.11962172129668995,2.228385792261634,0.001438741019820647
T800,600ns_100ns,98600000.0,-0.104561957558323,2.2361443367593457,0.00125285828279987
T800,600ns_100ns,98900000.0,-0.09011404140894833,2.2436499822549005,0.000908941604161554
T800,600ns_100ns,99200000.0,-0.07605462376306762,2.2516448807292844,0.0007671776811011419
T800,600ns_100ns,99500000.0,-0.06160694865527149,2.2602977191654037,0.0010562855363890299
T800,600ns_100ns,99800000.0,-0.046235709958576426,2.2690021742188398,0.0013761306757700208
T800,600ns_100ns,100100000.0,-0.030209089316624832,2.2769884676187226,0.0014668347609496642
T800,600ns_100ns,100400000.0,-0.014327221788487086,2.284112840504737,0.0012818911405515982
T800,600ns_100ns,100700000.0,0.0008992213450644745,2.2909950138889497,0.0009400542966656532
T800,600ns_100ns,101000000.0,0.015756632004067996,2.298368319352868,0.0007802199331791746
T800,600ns_100ns,101300000.0,0.031004881596318784,2.306336743311852,0.0010179695309856824
T800,600ns_100ns,101600000.0,0.04708984894135458,2.3143076308689094,0.0012992163355035787
T800,600ns_100ns,101900000.0,0.06372443970433933,2.321631597140253,0.001384065051414087
T800,600ns_100ns,102200000.0,0.08023995534900694,2.3282473652951343,0.0012444396388295823
T800,600ns_100ns,102500000.0,0.09628531679421605,2.3346748582017023,0.0010012909236785758
T800,600ns_100ns,102800000.0,0.11212894232683855,2.3414281292638526,0.0008932488195019787
T800,600ns_100ns,103100000.0,0.12830160743467164,2.348511454559467,0.0010206558105992428
T800,600ns_100ns,103400000.0,0.1450299182629826,2.355501833797205,0.0011827768660114446
T800,600ns_100ns,103700000.0,0.1620721114524229,2.3620483138254103,0.0012277219125103203
T800,600ns_100ns,104000000.0,0.17906218133434276,2.3682038688935427,0.0011572573807775472
T800,600ns_100ns,104300000.0,0.19591179331876615,2.374269170842674,0.0010698088849355183
T800,600ns_100ns,104600000.0,0.2128257898266909,2.3804062154516084,0.001055098535368662
T800,600ns_100ns,104900000.0,0.22998611715722445,2.3864959112630735,0.0010880384260991188
T800,600ns_100ns,105200000.0,0.24733235368326836,2.3923624511592716,0.001090620622927973
T800,600ns_100ns,105500000.0,0.2646954187538672,2.398032038290805,0.0010547747751640825
T800,600ns_100ns,105800000.0,0.2820743910133645,2.403682883299612,0.0010523985764696933
T800,600ns_100ns,106100000.0,0.29967018305633963,2.40936225500891,0.00112613747695806
T800,600ns_100ns,106400000.0,0.31761273071887425,2.414859675138723,0.0012050690240406222
T800,600ns_100ns,106700000.0,0.33573102809316063,2.4199380823768726,0.0011898823690604634
T800,600ns_100ns,107000000.0,0.3536948731733455,2.424661871237956,0.0010598640914257808
T800,600ns_100ns,107300000.0,0.3714067205381013,2.429397070002468,0.0009227507356110191
T800,600ns_100ns,107600000.0,0.3891803306654365,2.4344230975026853,0.0009594767947139133
T800,600ns_100ns,107900000.0,0.40744598283713795,2.4395766485056822,0.001150496720036681
T800,600ns_100ns,108200000.0,0.4262681259027403,2.4443647739222687,0.0012966423977546406
T800,600ns_100ns,108500000.0,0.44521995628089706,2.4484755927873216,0.0012707521479629106
T800,600ns_100ns,108800000.0,0.4637993868083093,2.4521427079540583,0.001076022812743956
T800,600ns_100ns,109100000.0,0.4819669875912914,2.4559383907450374,0.0008680693658637887
T800,600ns_100ns,109400000.0,0.5002182230696753,2.4601825274707956,0.0009019402847490252
T800,600ns_100ns,109700000.0,0.5190845849199458,2.4645913464501987,0.0011356437415563736
T800,600ns_100ns,110000000.0,0.5385787052868645,2.4685544491776583,0.0013090780221232837
T800,600ns_100ns,110300000.0,0.5581738330605338,2.4717600292589372,0.0012920759001640286
T800,600ns_100ns,110600000.0,0.5773442120485774,2.474511249022602,0.001100258400999092
T800,600ns_100ns,110900000.0,0.5960974327374347,2.4774043262997956,0.0008909306950784042
T800,600ns_100ns,111200000.0,0.6149457546530667,2.4807157478279183,0.0008999529441691624
T800,600ns_100ns,111500000.0,0.6343654064949117,2.4841413373423236,0.0010974309672769878
T800,600ns_100ns,111800000.0,0.6543241304401715,2.4871379377527316,0.001250664973775742
T800,600ns_100ns,112100000.0,0.6743557365516241,2.4894802513629113,0.0012459588003981106
T800,600ns_100ns,112400000.0,0.694063164061258,2.4914485380996307,0.0011071150582403159
T800,600ns_100ns,112700000.0,0.7134985728589526,2.493490323534265,0.0009640228251557865
T800,600ns_100ns,113000000.0,0.7330469853101556,2.495756827932413,0.0009605432745319325
T800,600ns_100ns,113300000.0,0.7529930534832064,2.4980020855312284,0.0010695867649111654
T800,600ns_100ns,113600000.0,0.7732585401529952,2.499897979749395,0.001154165649482187
T800,600ns_100ns,113900000.0,0.793555595095577,2.5013759069027497,0.001150574101951987
T800,600ns_100ns,114200000.0,0.8137256364606008,2.5026326711281737,0.001091894302194031
T800,600ns_100ns,114500000.0,0.8338681306644848,2.5038543987956112,0.0010528627835466246
T800,600ns_100ns,114800000.0,0.8541562426599595,2.5050150289480118,0.001062834601147861
T800,600ns_100ns,115100000.0,0.8746080100423144,2.505967311490033,0.0010792531117654893
T800,600ns_100ns,115400000.0,0.8950973698757682,2.506668849840397,0.00106366969186787
T800,600ns_100ns,115700000.0,0.9155626196624397,2.507236432570162,0.0010393847206949483
T800,600ns_100ns,116000000.0,0.9361186870694589,2.5077628920135533,0.0010608596136784582
T800,600ns_100ns,116300000.0,0.9569105930048186,2.508147600800314,0.0011267759519877898
T800,600ns_100ns,116600000.0,0.9778890679571893,2.5081851900303347,0.0011666262072052185
T800,600ns_100ns,116900000.0,0.9988124875531157,2.5078295435772295,0.001122218949539797
T800,600ns_100ns,117200000.0,1.0195147990037314,2.5073045105379044,0.0010133604400732622
T800,600ns_100ns,117500000.0,1.040136419880191,2.5068865029207363,0.0009493641547252921
T800,600ns_100ns,117800000.0,1.0610183103100495,2.506576846069995,0.0010237919090762334
T800,600ns_100ns,118100000.0,1.0823353195642336,2.506048483558764,0.001164917823091437
T800,600ns_100ns,118400000.0,1.1038692362097398,2.504969109577495,0.0012349565842793586
T800,600ns_100ns,118700000.0,1.1252021297067685,2.5033704919736337,0.0011686138042551768
T800,600ns_100ns,119000000.0,1.146152439482208,2.5016485758157545,0.0010093429486362656
T800,600ns_100ns,119300000.0,1.1669868028551444,2.500163956129775,0.0009092419522931621
T800,600ns_100ns,119600000.0,1.188160411405665,2.4988561205159194,0.000994202721102931
T800,600ns_100ns,119900000.0,1.2098450334827189,2.497290292681167,0.00116226181585579
T800,600ns_100ns,120200000.0,1.231743666861857,2.495100207660332,0.0012487118953622457
T800,600ns_100ns,120500000.0,1.2533928358249857,2.4923636300729384,0.0011893420576380368
T800,600ns_100ns,120800000.0,1.2746352948521147,2.489516032479383,0.0010336910233818292
T800,600ns_100ns,121100000.0,1.2957680284522934,2.486898828340833,0.000928342075600466
T800,600ns_100ns,121400000.0,1.3172215065275232,2.4844202329137897,0.0009898100085100683
T800,600ns_100ns,121700000.0,1.3391203445069035,2.4816730601234105,0.0011321785042350328
T800,600ns_100ns,122000000.0,1.3611822544247103,2.4783627402043855,0.0012105868482732798
T800,600ns_100ns,122300000.0,1.38303428770188,2.4745864348217355,0.001172483542085424
T800,600ns_100ns,122600000.0,1.4045883213936268,2.4706917696085005,0.0010643664468074126
T800,600ns_100ns,122900000.0,1.4260876192751295,2.4669014536049603,0.0009930066372265214
T800,600ns_100ns,123200000.0,1.44781526992377,2.463113549589058,0.001023408284682844
T800,600ns_100ns,123500000.0,1.4698072759455292,2.4590585662391327,0.0011009400684152532
T800,600ns_100ns,123800000.0,1.4918652064460292,2.4545990630372008,0.0011418148163391537
T800,600ns_100ns,124100000.0,1.5138068025752425,2.449836390984856,0.0011243463584492104
T800,600ns_100ns,124400000.0,1.5356470151525443,2.4449448762238477,0.0010870324484225004
T800,600ns_100ns,124700000.0,1.5575248352013218,2.4399640537180405,0.0010757277599348703
T800,600ns_100ns,125000000.0,1.5795053195484738,2.4347917290443117,0.0010893543767639005
T800,600ns_100ns,125300000.0,1.6015132756068937,2.4293520106664754,0.0010925784637825925
T800,600ns_100ns,125600000.0,1.623464435752694,2.4237029490950115,0.0010733595830603457
T800,600ns_100ns,125900000.0,1.6454039907055589,2.4179441596718685,0.001063473342426485
T800,600ns_100ns,126200000.0,1.6674581237783783,2.412052547960295,0.0010957098139359506
T800,600ns_100ns,126500000.0,1.6896512830957797,2.405875258879417,0.0011484658126586177
T800,600ns_100ns,126800000.0,1.7118291790757794,2.3993136412172547,0.00116386243723077
T800,600ns_100ns,127100000.0,1.7338136485275646,2.3924782222724224,0.0011124977700180689
T800,600ns_100ns,127400000.0,1.7556267354025512,2.3856019922802827,0.0010327259143145583
T800,600ns_100ns,127700000.0,1.7775083110529641,2.3787792033921873,0.0010133414506121494
T800,600ns_100ns,128000000.0,1.7996706569795258,2.3718249103871782,0.0010916986782132702
T800,600ns_100ns,128300000.0,1.822046476074686,2.364442409496776,0.0011921545811308173
T800,600ns_100ns,128600000.0,1.844325009441237,2.356541834668989,0.001219845482725787
T800,600ns_100ns,128900000.0,1.866266213306914,2.3483611598321588,0.0011461516494139753
T800,600ns_100ns,129200000.0,1.8879647716894243,2.3402358505348233,0.0010313313847413617
T800,600ns_100ns,129500000.0,1.9097684888083253,2.3322466575232945,0.000994945191208458
T800,600ns_100ns,129800000.0,1.9319211944313577,2.32412271473746,0.0010840416249625101
T800,600ns_100ns,130100000.0,1.9543039848573676,2.3155139143254537,0.001201809807250927
T800,600ns_100ns,130400000.0,1.9765524335924014,2.306350834499965,0.001240655265314341
T800,600ns_100ns,130700000.0,1.998428842195901,2.296913321279004,0.0011734237527164246
T800,600ns_100ns,131000000.0,2.0200582933680526,2.287538246035085,0.0010619878099744234
T800,600ns_100ns,131300000.0,2.0417864427989345,2.278277869862572,0.0010186551744818275
T800,600ns_100ns,131600000.0,2.0638196219159015,2.2688631617298576,0.0010877122141864475
T800,600ns_100ns,131900000.0,2.0860278314141687,2.258994213399208,0.0011872860018632004
T800,600ns_100ns,132200000.0,2.1081014449875197,2.248639407517911,0.0012254683321253257
T800,600ns_100ns,132500000.0,2.129873546191124,2.2380375548167066,0.0011820644950557193
T800,600ns_100ns,132800000.0,2.1514639166945178,2.227428986762726,0.0011080058220601613
T800,600ns_100ns,133100000.0,2.173117579399626,2.2168194047224197,0.0010787375065846015
T800,600ns_100ns,133400000.0,2.1949411589873438,2.2060136659512013,0.0011155823989836796
T800,600ns_100ns,133700000.0,2.2168224027424652,2.1948467776430416,0.0011684769621084533
T800,600ns_100ns,134000000.0,2.238587877115624,2.1833415834219774,0.0011878044217383268
T800,600ns_100ns,134300000.0,2.260192210455429,2.171639268737266,0.0011717567903861586
T800,600ns_100ns,134600000.0,2.2817289307012016,2.15981852119841,0.0011534161110373327
T800,600ns_100ns,134900000.0,2.303283547070555,2.1478256018594064,0.0011564002332976554
T800,600ns_100ns,135200000.0,2.3248280926193936,2.1355774738089885,0.0011681804885119395
T800,600ns_100ns,135500000.0,2.346281148427602,2.123084900109483,0.0011649048098941962
T800,600ns_100ns,135800000.0,2.367638550471663,2.1104320298242363,0.001149472960894124
T800,600ns_100ns,136100000.0,2.3889923302687435,2.0976437324406794,0.0011519456761433131
T800,600ns_100ns,136400000.0,2.410403706006559,2.084623091533045,0.001188126275387546
T800,600ns_100ns,136700000.0,2.431792502018422,2.0712580159398257,0.0012295092813779677
T800,600ns_100ns,137000000.0,2.453000987553548,2.0575773102862485,0.001231867051612867
T800,600ns_100ns,137300000.0,2.4739791119451335,2.0437541930485303,0.0011846286038844885
T800,600ns_100ns,137600000.0,2.49487239453643,2.029923867868003,0.001131551441612216
T800,600ns_100ns,137900000.0,2.515884845872333,2.016012054759363,0.0011375951375525468
T800,600ns_100ns,138200000.0,2.5370485484894543,2.0017849986554066,0.0012099257888127403
T800,600ns_100ns,138500000.0,2.558159902254852,1.9870920666281602,0.0012818273258254432
T800,600ns_100ns,138800000.0,2.5789756770400243,1.9720430801187543,0.001287728925802485
T800,600ns_100ns,139100000.0,2.599472235921581,1.9569132784114456,0.0012213817922651518
T800,600ns_100ns,139400000.0,2.6198845933612898,1.941860129713515,0.0011453806196468207
T800,600ns_100ns,139700000.0,2.640469017990445,1.9267506794008307,0.001143981829077739
T800,600ns_100ns,140000000.0,2.6612335122309827,1.9112910379890335,0.0012248819546311122
T800,600ns_100ns,140300000.0,2.681923340571977,1.8953282607973818,0.001308193530135257
T800,600ns_100ns,140600000.0,2.702280316105196,1.8790074304920017,0.0013222381323907313
T800,600ns_100ns,140900000.0,2.722303375676833,1.8626193715221695,0.0012619324014907214
T800,600ns_100ns,141200000.0,2.74223909817982,1.846302575843808,0.001188795452253456
T800,600ns_100ns,141500000.0,2.762320241597211,1.8299121639840996,0.0011803619463067292
T800,600ns_100ns,141800000.0,2.7825326422825323,1.8131831946139403,0.0012447824217704936
T800,600ns_100ns,142100000.0,2.8026475748433093,1.7960035581649996,0.0013152220541611229
T800,600ns_100ns,142400000.0,2.8224669054099616,1.778509707012547,0.0013328027768781815
T800,600ns_100ns,142700000.0,2.842012302781459,1.7609233758699203,0.0012954865853513232
T800,600ns_100ns,143000000.0,2.861471515961643,1.743322556727575,0.001249967508256616
T800,600ns_100ns,143300000.0,2.8809855108432405,1.7255883737909998,0.0012449230183476042
T800,600ns_100ns,143600000.0,2.900516220717609,1.7075586674458807,0.0012806085254001554
T800,600ns_100ns,143900000.0,2.9199196235638434,1.6891984511495077,0.0013175565954112935
T800,600ns_100ns,144200000.0,2.9391138394456884,1.6706057592371695,0.0013277196376118823
T800,600ns_100ns,144500000.0,2.958145659411608,1.6518755717601654,0.0013184913312422352
T800,600ns_100ns,144800000.0,2.9771007059582564,1.632997695420345,0.001314710106555784
T800,600ns_100ns,145100000.0,2.9959884241534143,1.6138997555040078,0.0013253484626892702
T800,600ns_100ns,145400000.0,3.01474509602082,1.594560052634748,0.00133517558249298
T800,600ns_100ns,145700000.0,3.033337174623016,1.5750370282329396,0.0013305118433534684
T800,600ns_100ns,146000000.0,3.051819321349131,1.5553792440374008,0.0013221902120728749
T800,600ns_100ns,146300000.0,3.0702632018873737,1.5355393017830354,0.0013348903667154662
T800,600ns_100ns,146600000.0,3.0886446665276024,1.515415811564442,0.0013723643530539715
T800,600ns_100ns,146900000.0,3.106842209789337,1.4949852484658805,0.0014051090493479707
T800,600ns_100ns,147200000.0,3.1247700043645605,1.4743597239627428,0.0014010523972240046
T800,600ns_100ns,147500000.0,3.1424954571159955,1.453679991687115,0.0013624143952880963
T800,600ns_100ns,147800000.0,3.1601886828510635,1.4329500666768489,0.0013320003152331819
T800,600ns_100ns,148100000.0,3.1779384552571748,1.4120075291157468,0.001353948979613614
T800,600ns_100ns,148400000.0,3.1956353245882103,1.3906846779858268,0.0014190096935306077
T800,600ns_100ns,148700000.0,3.2130664991605165,1.3689965241558821,0.001470918487206365
T800,600ns_100ns,149000000.0,3.230136533993129,1.3471440667517094,0.0014655909318014983
T800,600ns_100ns,149300000.0,3.2469776522662714,1.3253132681164956,0.0014116212685329748
T800,600ns_100ns,149600000.0,3.263820642097872,1.30347721535188,0.0013669932760842318
T800,600ns_100ns,149900000.0,3.280754314723019,1.2814165677132852,0.0013865375392273054
T800,600ns_100ns,150200000.0,3.297627832786358,1.2589439905237154,0.0014581205730311206
T800,600ns_100ns,150500000.0,3.314202448435649,1.2360981307503358,0.0015175703530255797
T800,600ns_100ns,150800000.0,3.330394022212108,1.2131028105780186,0.0015183606524604167
T800,600ns_100ns,151100000.0,3.3463521200152795,1.1901364722866805,0.0014698875008842427
T800,600ns_100ns,151400000.0,3.362297699868583,1.1671557018960936,0.0014274503887074085
T800,600ns_100ns,151700000.0,3.378296208997598,1.14395268768432,0.0014402602852372824
T800,600ns_100ns,152000000.0,3.3942024050354878,1.1203751227632215,0.0014983364669646203
T800,600ns_100ns,152300000.0,3.4098216351822654,1.096472647882768,0.0015490007163107065
T800,600ns_100ns,152600000.0,3.4251051391609555,1.0724265331098626,0.0015560136409497687
T800,600ns_100ns,152900000.0,3.4401769929008847,1.0483554622598086,0.0015283839450947671
T800,600ns_100ns,153200000.0,3.4551842353123576,1.0242095918606047,0.0015053550689738784
T800,600ns_100ns,153500000.0,3.4701463766330813,0.9998500254137203,0.0015153221711269116
T800,600ns_100ns,153800000.0,3.4849595632693933,0.9752050668045213,0.0015485605536540502
T800,600ns_100ns,154100000.0,3.4995265228204198,0.9503280736475914,0.0015757502418309202
T800,600ns_100ns,154400000.0,3.5138527304612985,0.9253123488796531,0.001583173591104116
T800,600ns_100ns,154700000.0,3.5280100617020547,0.9001816170166679,0.0015821020072529944
T800,600ns_100ns,155000000.0,3.542033052234553,0.8748843604861982,0.001589139521126791
T800,600ns_100ns,155300000.0,3.555882266079625,0.8493812457127127,0.0016040242216461221
T800,600ns_100ns,155600000.0,3.56951185888918,0.8237030891129123,0.001612687197041784
T800,600ns_100ns,155900000.0,3.582943265157941,0.7979040459792615,0.0016098371671961112
T800,600ns_100ns,156200000.0,3.5962416535277537,0.7719750014554485,0.0016101061634541853
T800,600ns_100ns,156500000.0,3.6094202566269677,0.7458379473061111,0.0016314278011847635
T800,600ns_100ns,156800000.0,3.6223981869207993,0.7194416980307907,0.0016688181626820114
T800,600ns_100ns,157100000.0,3.6350803369039366,0.6928446817914015,0.0016945115677793991
T800,600ns_100ns,157400000.0,3.6474759739637324,0.6661712643285057,0.0016875059672960052
T800,600ns_100ns,157700000.0,3.659710164727306,0.6394742872348655,0.00165928623410413
T800,600ns_100ns,158000000.0,3.671895363843571,0.6126590049667979,0.0016484055628119274
T800,600ns_100ns,158300000.0,3.683996910593694,0.5855696795754243,0.0016814510277830248
T800,600ns_100ns,158600000.0,3.695849777316924,0.5581585835597898,0.0017394772521373144
T800,600ns_100ns,158900000.0,3.707324364039222,0.53055249914454,0.0017762380526964725
T800,600ns_100ns,159200000.0,3.7184684713756746,0.502932208999201,0.0017651649838338359
T800,600ns_100ns,159500000.0,3.7294663750944594,0.4753444178328132,0.0017252258859421518
T800,600ns_100ns,159800000.0,3.7404490979920415,0.44764754883720115,0.0017062417494562506
T800,600ns_100ns,160100000.0,3.751354281942622,0.41965540004321605,0.0017395448978067183
T800,600ns_100ns,160400000.0,3.761986367485005,0.39133052764395176,0.001802386124712368
T800,600ns_100ns,160700000.0,3.7722155916056193,0.3628236065788238,0.0018441603988491474
T800,600ns_100ns,161000000.0,3.7821067367259253,0.334318226231856,0.001837968092501147
T800,600ns_100ns,161300000.0,3.7918450775167862,0.30584622286736146,0.0018029322855533884
T800,600ns_100ns,161600000.0,3.8015428394051227,0.27726538852486554,0.0017851694429879667
T800,600ns_100ns,161900000.0,3.8111308797004138,0.24841471207947333,0.0018117846660019115
T800,600ns_100ns,162200000.0,3.8204412043034126,0.21927712452593232,0.001863562383683647
T800,600ns_100ns,162500000.0,3.8293813783911976,0.18998299007133515,0.001900184160089187
T800,600ns_100ns,162800000.0,3.838014549573944,0.16066541124216593,0.0019023021713934422
T800,600ns_100ns,163100000.0,3.8464735617297694,0.13133080507378933,0.0018854231750757885
T800,600ns_100ns,163400000.0,3.8548173199095292,0.10187524593694094,0.0018800538933337432
T800,600ns_100ns,163700000.0,3.8629851108609317,0.07220965517354185,0.0018996372408681878
T800,600ns_100ns,164000000.0,3.8708813366534907,0.04234714969532633,0.0019302919253554307
T800,600ns_100ns,164300000.0,3.8784795417387605,0.012366722836750258,0.0019517556560301613
T800,600ns_100ns,164600000.0,3.8858300351026966,-0.01768561799608353,0.0019600871123030745
T800,600ns_100ns,164900000.0,3.892980109008986,-0.047836640325205154,0.0019671080402170306
T800,600ns_100ns,165200000.0,3.8999151163641885,-0.07813050708498272,0.001981912590307502
T800,600ns_100ns,165500000.0,3.906589942169723,-0.10856062633430993,0.0019988796342333003
T800,600ns_100ns,165800000.0,3.913000815733547,-0.1390792800241859,0.002007210840675637
T800,600ns_100ns,166100000.0,3.9191972148285306,-0.1696699851074252,0.002008371514360262
T800,600ns_100ns,166400000.0,3.925213087850929,-0.2003830728604175,0.0020177607650568364
T800,600ns_100ns,166700000.0,3.931005267368397,-0.231278482633007,0.002045982666363041
T800,600ns_100ns,167000000.0,3.9364869630020753,-0.26233968559003185,0.002081922362132722
T800,600ns_100ns,167300000.0,3.9416293136334746,-0.2934701256781678,0.0021015305746439773
T800,600ns_100ns,167600000.0,3.9465111766108327,-0.3245926842166797,0.0020941468392555013
T800,600ns_100ns,167900000.0,3.951245083549995,-0.35574509539382954,0.0020775172716300853
T800,600ns_100ns,168200000.0,3.9558498985487196,-0.3870541601719701,0.002083527595823938
T800,600ns_100ns,168500000.0,3.9602138238310274,-0.41860234006492236,0.0021240142660308454
T800,600ns_100ns,168800000.0,3.9642014718372467,-0.4503283067061536,0.00217473272940585
T800,600ns_100ns,169100000.0,3.9677980550020595,-0.4820776937353004,0.002199571696334343
T800,600ns_100ns,169400000.0,3.971133048890566,-0.513759836399127,0.002186881027742543
T800,600ns_100ns,169700000.0,3.9743495773327053,-0.5454453114192929,0.0021619035705521604
T800,600ns_100ns,170000000.0,3.9774536204085607,-0.5772958028471133,0.0021639410964586453
T800,600ns_200ns,20000000.0,-0.1653435053076398,1.470417563142097,0.022125936880722317
T800,600ns_200ns,20300000.0,-0.15027639193088596,1.4333929373096674,0.01990968518286252
T800,600ns_200ns,20600000.0,-0.15369727174039516,1.3875607498590252,0.015047072127760911
T800,600ns_200ns,20900000.0,-0.1735619518676264,1.3521569158780042,0.010058372780799255
T800,600ns_200ns,21200000.0,-0.1937309736477981,1.3343518494834856,0.008724929114967554
T800,600ns_200ns,21500000.0,-0.20161152422762227,1.3247463341506838,0.010207549998207208
T800,600ns_200ns,21800000.0,-0.19925526816147618,1.3098863373708949,0.010328482761267582
T800,600ns_200ns,22100000.0,-0.1976422816482744,1.2863507977016688,0.007949209038121829
T800,600ns_200ns,22400000.0,-0.20295574704959418,1.2614927823341737,0.004674076906097336
T800,600ns_200ns,22700000.0,-0.21094110820208245,1.242323891557554,0.0054248596616068194
T800,600ns_200ns,23000000.0,-0.21436449984963182,1.2268085286484172,0.008437074359450602
T800,600ns_200ns,23300000.0,-0.2132338108816658,1.2073760082232001,0.009547796458811252
T800,600ns_200ns,23600000.0,-0.21526583283933118,1.1814111850389393,0.008052705439695463
T800,600ns_200ns,23900000.0,-0.22637011874795804,1.1556455511868267,0.005856745734933123
T800,600ns_200ns,24200000.0,-0.2427156180208723,1.1390704030914187,0.007840204826058673
T800,600ns_200ns,24500000.0,-0.25389585204173026,1.1325514733476085,0.012340564183649875
T800,600ns_200ns,24800000.0,-0.25383030797237316,1.1270827352822124,0.015483292400238918
T800,600ns_200ns,25100000.0,-0.24731682270449853,1.1127688902941066,0.015746747515739044
T800,600ns_200ns,25400000.0,-0.24515011516599922,1.0887383537431077,0.01299405869708109
T800,600ns_200ns,25700000.0,-0.2533104060329029,1.063490093604689,0.008287862569583422
T800,600ns_200ns,26000000.0,-0.2677514940215534,1.0458679055640576,0.004502925233252987
T800,600ns_200ns,26300000.0,-0.27963587226513026,1.0366758057134808,0.005922798853835809
T800,600ns_200ns,26600000.0,-0.28454325629028837,1.0293840873779332,0.00806715220277953
T800,600ns_200ns,26900000.0,-0.28573078108181027,1.0179987132015869,0.008000726604362863
T800,600ns_200ns,27200000.0,-0.28896378691119995,1.0028818650399594,0.005966314506782953
T800,600ns_200ns,27500000.0,-0.2957302625271025,0.9886803577137261,0.004295101470909758
T800,600ns_200ns,27800000.0,-0.30252873045863227,0.9778550262604659,0.005743470535301704
T800,600ns_200ns,28100000.0,-0.30622118668725257,0.9677931994117143,0.007504965697681912
T800,600ns_200ns,28400000.0,-0.3084933739795106,0.954579779229638,0.007300040048594648
T800,600ns_200ns,28700000.0,-0.3140154264721372,0.9384749311444016,0.004863146203671066
T800,600ns_200ns,29000000.0,-0.3246045700293739,0.9243262982335647,0.0026503492141333224
T800,600ns_200ns,29300000.0,-0.3364113077860438,0.9162694717922435,0.006153714889330332
T800,600ns_200ns,29600000.0,-0.3436080034072357,0.9127916110948625,0.010106879239524287
T800,600ns_200ns,29900000.0,-0.3445747418165961,0.9078631217119997,0.012102791822270533
T800,600ns_200ns,30200000.0,-0.3437420972979,0.8970089133130924,0.011459452318631023
T800,600ns_200ns,30500000.0,-0.34710473560468497,0.8817473156893549,0.008405450607924095
T800,600ns_200ns,30800000.0,-0.35631743649988923,0.867761177628141,0.004012781709301906
T800,600ns_200ns,31100000.0,-0.36756880375322676,0.8590486742706274,0.0021736757160193344
T800,600ns_200ns,31400000.0,-0.3759876069443637,0.8543850769092028,0.005196016802553991
T800,600ns_200ns,31700000.0,-0.3804740528126767,0.8494628806920135,0.006761616633096366
T800,600ns_200ns,32000000.0,-0.3839247354766551,0.8417688627188589,0.006292279398394644
T800,600ns_200ns,32300000.0,-0.389281435772412,0.8326916343632058,0.004680877968998822
T800,600ns_200ns,32600000.0,-0.3962854171279462,0.8250030349355151,0.004202104341990649
T800,600ns_200ns,32900000.0,-0.4024662873242327,0.819179522879238,0.00552676031124985
T800,600ns_200ns,33200000.0,-0.4067273747122281,0.8129818266315595,0.006303658280023787
T800,600ns_200ns,33500000.0,-0.41100386497210967,0.8045625207692095,0.00530286434728426
T800,600ns_200ns,33800000.0,-0.4179897217796224,0.795173394877329,0.0025194113841352284
T800,600ns_200ns,34100000.0,-0.4276773053297847,0.7881083904627098,0.0016789237927298242
T800,600ns_200ns,34400000.0,-0.43687591591661457,0.7850008357282259,0.005535428338488169
T800,600ns_200ns,34700000.0,-0.4424349152904055,0.7837234661503443,0.008356685206865637
T800,600ns_200ns,35000000.0,-0.4446399746884417,0.7803650083248213,0.009266140720075429
T800,600ns_200ns,35300000.0,-0.4470238094002676,0.7731891672547342,0.00803501355640059
T800,600ns_200ns,35600000.0,-0.4528019272021613,0.7643106604718364,0.005068882571257925
T800,600ns_200ns,35900000.0,-0.4617842865133075,0.7573927672217499,0.0012736257945878619
T800,600ns_200ns,36200000.0,-0.4709341611877562,0.7539822421936044,0.0023438070078033125
T800,600ns_200ns,36500000.0,-0.47768959864338184,0.7523639757949158,0.004741772332902376
T800,600ns_200ns,36800000.0,-0.48232953509676685,0.7498378675456187,0.005499406488007898
T800,600ns_200ns,37100000.0,-0.4870487662954954,0.7456109783950181,0.004812277687498567
T800,600ns_200ns,37400000.0,-0.4931866325097842,0.7411495191443758,0.0037614492603332363
T800,600ns_200ns,37700000.0,-0.49990434498155994,0.7379647744355629,0.003937608910043816
T800,600ns_200ns,38000000.0,-0.5056326778887889,0.7356788885754857,0.004842776323623538
T800,600ns_200ns,38300000.0,-0.5103102841176343,0.7326374412158867,0.004923441642812459
T800,600ns_200ns,38600000.0,-0.5156301631651894,0.7281925700601014,0.003589370172141503
T800,600ns_200ns,38900000.0,-0.5229882857067416,0.7238116530927067,0.0010646616424730242
T800,600ns_200ns,39200000.0,-0.531591640756675,0.7215924023371261,0.0021779360684231835
T800,600ns_200ns,39500000.0,-0.5390305413032763,0.7218378401671128,0.004974459080678461
T800,600ns_200ns,39800000.0,-0.5437847997509628,0.7224879596050697,0.00666884769508748
T800,600ns_200ns,40100000.0,-0.5469019390138586,0.7211360101662814,0.006788970356047684
T800,600ns_200ns,40400000.0,-0.5509825180495657,0.7174674686323911,0.005343877890002826
T800,600ns_200ns,40700000.0,-0.5575724438887428,0.7135072467950611,0.00280824343905319
T800,600ns_200ns,41000000.0,-0.5657516831153994,0.7114888271536239,0.0005922829813823376
T800,600ns_200ns,41300000.0,-0.5733070630687388,0.7116983881618724,0.002699486259616606
T800,600ns_200ns,41600000.0,-0.5790532549342575,0.7125170905721733,0.004098912604238659
T800,600ns_200ns,41900000.0,-0.5837739859048139,0.7123733664020904,0.004283066453380893
T800,600ns_200ns,42200000.0,-0.5889740660724301,0.7113124083057443,0.003614192350191382
T800,600ns_200ns,42500000.0,-0.5950837933428291,0.7105490597283238,0.003093972794164919
T800,600ns_200ns,42800000.0,-0.6011853078598205,0.7107700192622297,0.0034809921710794774
T800,600ns_200ns,43100000.0,-0.6064062106277577,0.7112923642417361,0.003961885262340131
T800,600ns_200ns,43400000.0,-0.6111764968325719,0.7110276437418603,0.003640307975274561
T800,600ns_200ns,43700000.0,-0.6167950449262734,0.7100088103570839,0.002328443907660519
T800,600ns_200ns,44000000.0,-0.6238139399433276,0.7095818607483209,0.0008963455679617007
T800,600ns_200ns,44300000.0,-0.6311767904501645,0.7109552290113209,0.0024983855489392856
T800,600ns_200ns,44600000.0,-0.6371983887270575,0.7137479734246821,0.004292248192577182
T800,600ns_200ns,44900000.0,-0.6413545152193333,0.7162289117760586,0.0051516379308839295
T800,600ns_200ns,45200000.0,-0.6449000382729247,0.7170497172343872,0.004817774228652031
T800,600ns_200ns,45500000.0,-0.6496183211846674,0.7166056302287411,0.0034318334298333317
T800,600ns_200ns,45800000.0,-0.6560524452834051,0.716577126566078,0.0015469003040165057
T800,600ns_200ns,46100000.0,-0.6630890734897771,0.7182018044950103,0.0012995380997827286
T800,600ns_200ns,46400000.0,-0.6692361175451499,0.7211499097712599,0.0026768384508616427
T800,600ns_200ns,46700000.0,-0.6741185142813116,0.7241095183311859,0.003385006979984717
T800,600ns_200ns,47000000.0,-0.6786112761067724,0.7262783275372622,0.00327112292905182
T800,600ns_200ns,47300000.0,-0.6836442840788193,0.7280664110258498,0.002757218416167277
T800,600ns_200ns,47600000.0,-0.6891571022721065,0.7303504112118913,0.002606514948371507
T800,600ns_200ns,47900000.0,-0.694365647842252,0.7333014739078418,0.002965798233947831
T800,600ns_200ns,48200000.0,-0.6988987773925006,0.7362080332202809,0.003128156150048744
T800,600ns_200ns,48500000.0,-0.7033689322107979,0.7384549911028976,0.002630788932569569
T800,600ns_200ns,48800000.0,-0.7086673385529422,0.7404300744153203,0.0015659678562131105
T800,600ns_200ns,49100000.0,-0.7148178681357545,0.7432203783987468,0.0012432116865087764
T800,600ns_200ns,49400000.0,-0.7207717826974943,0.7473956679885282,0.0025116099806549025
T800,600ns_200ns,49700000.0,-0.7254541744595869,0.7522686427993985,0.0035977039223473845
T800,600ns_200ns,50000000.0,-0.728928490170606,0.7565149701399215,0.003922105984979589
T800,600ns_200ns,50300000.0,-0.7323828904719297,0.759514096545975,0.0033827439894960885
T800,600ns_200ns,50600000.0,-0.7369375065604536,0.7619653720897785,0.00220467271763183
T800,600ns_200ns,50900000.0,-0.74255562721569,0.7651370154180464,0.001118563079568111
T800,600ns_200ns,51200000.0,-0.7481909229810704,0.7695922622822209,0.0016090525638834355
T800,600ns_200ns,51500000.0,-0.7529296528103566,0.7747494003354394,0.0024482887838787864
T800,600ns_200ns,51800000.0,-0.7568482769555265,0.7796512748941079,0.002743703192425195
T800,600ns_200ns,52100000.0,-0.7607215292873656,0.7839979793514205,0.0025209897424211727
T800,600ns_200ns,52400000.0,-0.7650405721589411,0.7883048200560522,0.002196788456266517
T800,600ns_200ns,52700000.0,-0.7695132798104563,0.7931240802268774,0.002241713474044075
T800,600ns_200ns,53000000.0,-0.7735649559367341,0.7983300675410092,0.002490205029846024
T800,600ns_200ns,53300000.0,-0.7771596066371489,0.8033166936518374,0.0024474531938107552
T800,600ns_200ns,53600000.0,-0.7809160781826121,0.8078314970249372,0.0019213072065433813
T800,600ns_200ns,53900000.0,-0.7853634368371264,0.8124082417393405,0.0012229557297457527
T800,600ns_200ns,54200000.0,-0.7902207610056768,0.8178367699629202,0.001456654122665627
T800,600ns_200ns,54500000.0,-0.7945831683973439,0.8242491953167913,0.002364293577946111
T800,600ns_200ns,54800000.0,-0.7978587007561522,0.8308767855903967,0.0029793690563317842
T800,600ns_200ns,55100000.0,-0.8004275433375978,0.8367941784871519,0.002987976298452746
T800,600ns_200ns,55400000.0,-0.8032837286604548,0.8418607298008082,0.0023972041813729835
T800,600ns_200ns,55700000.0,-0.8070382019370301,0.8468455745197632,0.0015037672275631136
T800,600ns_200ns,56000000.0,-0.8113498972208276,0.8526220822150055,0.001126686773262359
T800,600ns_200ns,56300000.0,-0.8153560191058539,0.8593180272940262,0.0016796694369389854
T800,600ns_200ns,56600000.0,-0.818578223912646,0.8663057335063832,0.0021626982255408115
T800,600ns_200ns,56900000.0,-0.8213139561713284,0.8729577644737849,0.002230934644666478
T800,600ns_200ns,57200000.0,-0.8241611737255281,0.8792803414375744,0.0020055836061113864
T800,600ns_200ns,57500000.0,-0.8273004787156567,0.8857554202107094,0.0018455604864834497
T800,600ns_200ns,57800000.0,-0.8303675288119418,0.8926655236621858,0.0019610377300708992
T800,600ns_200ns,58100000.0,-0.8330039842989786,0.8997408012688726,0.002092062888475385
T800,600ns_200ns,58400000.0,-0.8353757125294351,0.906535323509846,0.0019342992100948057
T800,600ns_200ns,58700000.0,-0.8380127859553068,0.9130523394145388,0.0014702500549204289
T800,600ns_200ns,59000000.0,-0.8411511240110232,0.9198398252982521,0.0011376927781121073
T800,600ns_200ns,59300000.0,-0.8443628554631726,0.927403570192897,0.0015394704421950798
T800,600ns_200ns,59600000.0,-0.8469454516756222,0.9355968911541118,0.0021593941611140885
T800,600ns_200ns,59900000.0,-0.8486675032729073,0.9437007045481386,0.00246737057898918
T800,600ns_200ns,60200000.0,-0.8500452849501362,0.9511401964212416,0.002304264650283255
T800,600ns_200ns,60500000.0,-0.8518327804542107,0.9580689399844223,0.00175428798304941
T800,600ns_200ns,60800000.0,-0.8542712424238686,0.9651945635777811,0.0011777398283944328
T800,600ns_200ns,61100000.0,-0.8568946015836421,0.9730511847700847,0.001206123761403087
T800,600ns_200ns,61400000.0,-0.8590614273637901,0.9815073397915561,0.0016385267875519533
T800,600ns_200ns,61700000.0,-0.8606007585965062,0.9900006075517657,0.0018926445527680195
T800,600ns_200ns,62000000.0,-0.8618847534988906,0.9981772901389978,0.0018489193059810114
T800,600ns_200ns,62300000.0,-0.8633198538602151,1.0062081327021084,0.0016711074436731265
T800,600ns_200ns,62600000.0,-0.8648857523314838,1.01447541737494,0.0016255197455140962
T800,600ns_200ns,62900000.0,-0.8662397881708869,1.023059370462689,0.0017413087956489066
T800,600ns_200ns,63200000.0,-0.8672129478171967,1.0316491315613572,0.0017766062717149813
T800,600ns_200ns,63500000.0,-0.868070761619359,1.03996789191814,0.0015698371693671272
T800,600ns_200ns,63800000.0,-0.8692108222151708,1.0481805885011048,0.0012192330014396823
T800,600ns_200ns,64100000.0,-0.8706508330146118,1.0567706229737788,0.0011521115577063114
T800,600ns_200ns,64400000.0,-0.8719249075854789,1.0659992827272866,0.0015454859603588225
T800,600ns_200ns,64700000.0,-0.8725449110329305,1.0755639556901124,0.0019494020163327238
T800,600ns_200ns,65000000.0,-0.8725304811889284,1.0848654538650342,0.002061007142434106
T800,600ns_200ns,65300000.0,-0.8724161700791859,1.0936138536899735,0.0018194662790101677
T800,600ns_200ns,65600000.0,-0.8727164579324734,1.1021197833151308,0.0013658254294154795
T800,600ns_200ns,65900000.0,-0.8734223805247353,1.1109630229956218,0.0010758669799840125
T800,600ns_200ns,66200000.0,-0.8740563903240122,1.1204084010757587,0.0012547958016300138
T800,600ns_200ns,66500000.0,-0.8741926478792916,1.1301925934054053,0.001553870752399348
T800,600ns_200ns,66800000.0,-0.873859962315942,1.1398706417268893,0.0016658131690074137
T800,600ns_200ns,67100000.0,-0.8734166138260019,1.1492968917846744,0.0015796138241579863
T800,600ns_200ns,67400000.0,-0.8730954897441962,1.1587078692738397,0.001464136207609041
T800,600ns_200ns,67700000.0,-0.8727634270866076,1.1683639067931166,0.0014829321561054785
T800,600ns_200ns,68000000.0,-0.8721489471509014,1.1782094261313987,0.001568481127851787
T800,600ns_200ns,68300000.0,-0.8712303527082794,1.1879580263283922,0.001536764026016826
T800,600ns_200ns,68600000.0,-0.8702984696075315,1.1974850758747653,0.0013275320174583874
T800,600ns_200ns,68900000.0,-0.8696079277694899,1.2070397232594912,0.0011052489564520056
T800,600ns_200ns,69200000.0,-0.8690296636448794,1.2169995505237727,0.001184699522052192
T800,600ns_200ns,69500000.0,-0.8681311635101955,1.22743264994116,0.0015116181548673767
T800,600ns_200ns,69800000.0,-0.8666230372264339,1.2379724318637058,0.0017578270922427876
T800,600ns_200ns,70100000.0,-0.8646828740386675,1.2481693520306285,0.001748756315251964
T800,600ns_200ns,70400000.0,-0.8627910196316654,1.257948465352171,0.001489839732216635
T800,600ns_200ns,70700000.0,-0.8612489226883777,1.267679137125308,0.0011594116661444165
T800,600ns_200ns,71000000.0,-0.8598952717120975,1.2777887405797699,0.0010704276172409078
T800,600ns_200ns,71300000.0,-0.8583081119451095,1.2883442553131577,0.0012691208669388348
T800,600ns_200ns,71600000.0,-0.8562482668293017,1.299039207039904,0.00145977815141699
T800,600ns_200ns,71900000.0,-0.8538583932707916,1.3095612498235345,0.0014884178993264643
T800,600ns_200ns,72200000.0,-0.8514345208607047,1.3199086282021169,0.001399349472174935
T800,600ns_200ns,72500000.0,-0.8490696681976765,1.3303186209475837,0.0013402053348036058
T800,600ns_200ns,72800000.0,-0.8465844009183416,1.3409337764614364,0.0013853054626542152
T800,600ns_200ns,73100000.0,-0.8437977938250383,1.3516212519628827,0.0014331956122376
T800,600ns_200ns,73400000.0,-0.8407895430140351,1.3621559515544235,0.0013615998231511883
T800,600ns_200ns,73700000.0,-0.8378254944035418,1.372535074597707,0.001179629604994604
T800,600ns_200ns,74000000.0,-0.8350277957360601,1.3830320105374863,0.0010695630608383404
T800,600ns_200ns,74300000.0,-0.8321834312935439,1.393903878031517,0.0012090822450337403
T800,600ns_200ns,74600000.0,-0.8289355560828701,1.405079618660203,0.001459548346889226
T800,600ns_200ns,74900000.0,-0.8251623571487482,1.416194099380022,0.0015935699054482934
T800,600ns_200ns,75200000.0,-0.8211239344738629,1.426950268298864,0.0015164376610465734
T800,600ns_200ns,75500000.0,-0.8172071031621633,1.4374215954495098,0.001278945902243825
T800,600ns_200ns,75800000.0,-0.8135397847808502,1.4479692664922508,0.00106975085305078
T800,600ns_200ns,76100000.0,-0.8098848847203186,1.4588702849367183,0.0010909438602652833
T800,600ns_200ns,76400000.0,-0.8059100608630011,1.4700595129305474,0.001260852107727025
T800,600ns_200ns,76700000.0,-0.8015233452673262,1.4812453578668925,0.0013721105247165603
T800,600ns_200ns,77000000.0,-0.7969162640361824,1.4922405783975885,0.0013568836166628683
T800,600ns_200ns,77300000.0,-0.7923021500486049,1.5031307232069298,0.0012843531050154796
T800,600ns_200ns,77600000.0,-0.7876731854579451,1.5141150715035747,0.0012663503602645767
T800,600ns_200ns,77900000.0,-0.7828504722031092,1.5252373579145624,0.0013142520043233565
T800,600ns_200ns,78200000.0,-0.7777431081316649,1.5363347937718241,0.0013283976445346937
T800,600ns_200ns,78500000.0,-0.7724889254992178,1.5472590990944002,0.0012390975872986492
T800,600ns_200ns,78800000.0,-0.7672987171519426,1.5580938074379151,0.0010987687236947894
T800,600ns_200ns,79100000.0,-0.7621848757486783,1.569093529983225,0.0010696672496174756
T800,600ns_200ns,79400000.0,-0.7569019562309823,1.5803986277012383,0.0012203728984852011
T800,600ns_200ns,79700000.0,-0.7511887623839638,1.5918499440648755,0.001401451937284709
T800,600ns_200ns,80000000.0,-0.7450526909730034,1.603126772573548,0.0014583719013411282
T800,600ns_200ns,80300000.0,-0.7387784633981094,1.6140702071420159,0.0013496690368091462
T800,600ns_200ns,80600000.0,-0.7326441037637794,1.6248433822868729,0.0011545133369918372
T800,600ns_200ns,80900000.0,-0.7266480855050298,1.6357576384093329,0.001042876125954765
T800,600ns_200ns,81200000.0,-0.7205341687622212,1.6469577052661948,0.0011105868284246286
T800,600ns_200ns,81500000.0,-0.7140704713563784,1.6583024596287712,0.0012402028668901074
T800,600ns_200ns,81800000.0,-0.7072703015308108,1.6695491715016448,0.0012971236179307104
T800,600ns_200ns,82100000.0,-0.7003281656665452,1.6806154375983773,0.0012634086192078004
T800,600ns_200ns,82400000.0,-0.6933730617795608,1.6916280009230735,0.0012135908185370477
T800,600ns_200ns,82700000.0,-0.6863342921961352,1.7027293776050982,0.0012206141472844289
T800,600ns_200ns,83000000.0,-0.6790630464056869,1.7138903139320185,0.0012595793227948324
T800,600ns_200ns,83300000.0,-0.671545642709999,1.724953111332338,0.001248193009459866
T800,600ns_200ns,83600000.0,-0.6639412447534236,1.7358465491606763,0.0011571978518846828
T800,600ns_200ns,83900000.0,-0.6563918180757623,1.7467053641608399,0.001060534822566527
T800,600ns_200ns,84200000.0,-0.6488285857954618,1.7577378175361487,0.00108140898838361
T800,600ns_200ns,84500000.0,-0.641012885283716,1.7689830800760928,0.001220048852361132
T800,600ns_200ns,84800000.0,-0.6327825432361852,1.780238394135728,0.0013438990213339643
T800,600ns_200ns,85100000.0,-0.6242344149740723,1.7912518687275836,0.0013504133335034718
T800,600ns_200ns,85400000.0,-0.6156364775104025,1.8019784190846981,0.001234441546588738
T800,600ns_200ns,85700000.0,-0.6071596051764585,1.8126223294681432,0.0010878854376697115
T800,600ns_200ns,86000000.0,-0.5987158596753559,1.8234233308507253,0.001043103931293105
T800,600ns_200ns,86300000.0,-0.5900686380929547,1.8344204669418263,0.0011220470599791195
T800,600ns_200ns,86600000.0,-0.5810817947522884,1.8454413675985184,0.0012139144251751008
T800,600ns_200ns,86900000.0,-0.5718346141149125,1.8563077959730216,0.0012360371092368391
T800,600ns_200ns,87200000.0,-0.5624952840839106,1.8670161204660807,0.0011989399085399492
T800,600ns_200ns,87500000.0,-0.5531186630303414,1.8776996523310199,0.0011704571866576728
T800,600ns_200ns,87800000.0,-0.5436042138926584,1.888439956958192,0.0011896520933692431
T800,600ns_200ns,88100000.0,-0.5338484608401346,1.8991620159091882,0.0012155702971136542
T800,600ns_200ns,88400000.0,-0.5238956507211369,1.909736315753073,0.0011874147770755937
T800,600ns_200ns,88700000.0,-0.5138978278791935,1.9201587831195126,0.001104672685450524
T800,600ns_200ns,89000000.0,-0.5039268434491279,1.9305841753018358,0.0010461092839160815
T800,600ns_200ns,89300000.0,-0.4938625079051952,1.9411601606235132,0.0010933507779860463
T800,600ns_200ns,89600000.0,-0.4834999814912606,1.9518469682280846,0.0012109444809144307
T800,600ns_200ns,89900000.0,-0.47276780861200773,1.9624341807233032,0.001290217885409807
T800,600ns_200ns,90200000.0,-0.4618151852514397,1.9727482963730898,0.0012661779616472215
T800,600ns_200ns,90500000.0,-0.4508668073987603,1.982829199267343,0.0011576513457641562
T800,600ns_200ns,90800000.0,-0.43999914329670164,1.9928850247829881,0.0010559507113413339
T800,600ns_200ns,91100000.0,-0.42907621100364385,2.003077255253313,0.0010513676610758077
T800,600ns_200ns,91400000.0,-0.41790449475283353,2.013368848364656,0.0011249385698439093
T800,600ns_200ns,91700000.0,-0.40642926178554206,2.0235891646536217,0.0011860337341755935
T800,600ns_200ns,92000000.0,-0.39476217824971793,2.033626716619578,0.0011876433540121173
T800,600ns_200ns,92300000.0,-0.38302954743966616,2.04352964522172,0.0011550387750562203
T800,600ns_200ns,92600000.0,-0.371228739691665,2.0534144024008447,0.0011432628613459678
T800,600ns_200ns,92900000.0,-0.35925546325994495,2.0633073263430757,0.0011660278627561608
T800,600ns_200ns,93200000.0,-0.34705564302010405,2.073112622419561,0.0011790067875242622
T800,600ns_200ns,93500000.0,-0.3347100150759501,2.082741367514089,0.0011416443577805645
T800,600ns_200ns,93800000.0,-0.3223439708505275,2.0922408399515757,0.001072068045914469
T800,600ns_200ns,94100000.0,-0.3099668364659344,2.1017607040087225,0.0010430444119176837
T800,600ns_200ns,94400000.0,-0.29743460371737596,2.111384632671615,0.0011011004582185562
T800,600ns_200ns,94700000.0,-0.2845921025930648,2.1210187428152745,0.0011959039835663706
T800,600ns_200ns,95000000.0,-0.2714428611622894,2.130471535527255,0.001241995086934755
T800,600ns_200ns,95300000.0,-0.2581565508859032,2.1396462735600768,0.0012016398336362666
T800,600ns_200ns,95600000.0,-0.24490071979933542,2.1486384956402604,0.001107984646662971
T800,600ns_200ns,95900000.0,-0.23167656133753772,2.157634019932266,0.0010425729070576842
T800,600ns_200ns,96200000.0,-0.21833161832524553,2.1667202878644427,0.0010592225766208577
T800,600ns_200ns,96500000.0,-0.20472636816869028,2.1758128967995476,0.001121051785159473
T800,600ns_200ns,96800000.0,-0.19086824779218328,2.1847647878602685,0.0011589467119599607
T800,600ns_200ns,97100000.0,-0.17687499760484438,2.1935244293637046,0.001149893706725068
T800,600ns_200ns,97400000.0,-0.16282620551391386,2.202167076554964,0.0011249499826201102
T800,600ns_200ns,97700000.0,-0.14868077981600641,2.2107789534793727,0.001124679854301694
T800,600ns_200ns,98000000.0,-0.13434906806361066,2.219342852718673,0.0011460522372576838
T800,600ns_200ns,98300000.0,-0.1198223720250841,2.2277627318059827,0.0011481565835927987
T800,600ns_200ns,98600000.0,-0.1051974714908571,2.235993787187464,0.0011073352796957662
T800,600ns_200ns,98900000.0,-0.09056208905685958,2.2441164465455237,0.0010522545505606085
T800,600ns_200ns,99200000.0,-0.07587619431703227,2.2522572147362134,0.001044215022459057
T800,600ns_200ns,99500000.0,-0.06099518866691091,2.2604405580021747,0.0011038101628907968
T800,600ns_200ns,99800000.0,-0.04581978669641097,2.2685427539489864,0.0011774905566341246
T800,600ns_200ns,100100000.0,-0.030408931800476373,2.276408553090134,0.0011999490215880066
T800,600ns_200ns,100400000.0,-0.014927643077618258,2.2840085492969115,0.0011529941602807742
T800,600ns_200ns,100700000.0,0.0005173187549636659,2.2914670675708586,0.0010766039518583243
T800,600ns_200ns,101000000.0,0.01597828398336569,2.298931698935942,0.0010380167986141244
T800,600ns_200ns,101300000.0,0.031600387724312666,2.306427124239894,0.0010639172046306774
T800,600ns_200ns,101600000.0,0.047467919492503494,2.31384682993169,0.0011127532001918956
T800,600ns_200ns,101900000.0,0.06353185573015498,2.3210793789128403,0.0011341722566005248
T800,600ns_200ns,102200000.0,0.0796869375681657,2.328121032050378,0.0011208413301496264
T800,600ns_200ns,102500000.0,0.09589734229439507,2.3350538488122634,0.0011039982829844563
T800,600ns_200ns,102800000.0,0.11222419821220611,2.3419288398356595,0.0011107715245688937
T800,600ns_200ns,103100000.0,0.12873160357551922,2.3486996473054447,0.0011283925914483835
T800,600ns_200ns,103400000.0,0.14539210095210384,2.3552849348540965,0.0011223309962003773
T800,600ns_200ns,103700000.0,0.16211021134637268,2.3616807766195875,0.0010819903815771886
T800,600ns_200ns,104000000.0,0.17883944700223847,2.3679828406078567,0.0010405761810565008
T800,600ns_200ns,104300000.0,0.19565332705196192,2.374283537240546,0.0010463623133839964
T800,600ns_200ns,104600000.0,0.2126794176474889,2.380558478068846,0.0011025004312695153
T800,600ns_200ns,104900000.0,0.2299626119401077,2.3866755650778892,0.0011581408592503792
T800,600ns_200ns,105200000.0,0.2474090255170852,2.3925246937025078,0.0011645946817211948
T800,600ns_200ns,105500000.0,0.2648761249516857,2.3981296134275922,0.0011172501148948369
T800,600ns_200ns,105800000.0,0.2823138975523713,2.4036209191324964,0.0010575012358126459
T800,600ns_200ns,106100000.0,0.29980672039696626,2.409100901135338,0.0010374604629958442
T800,600ns_200ns,106400000.0,0.3174764492986272,2.4145466009634067,0.0010656955207388205
T800,600ns_200ns,106700000.0,0.335357758455889,2.419849628033171,0.0011026407529789591
T800,600ns_200ns,107000000.0,0.3533793563141342,2.4249381485717016,0.0011130252983072397
T800,600ns_200ns,107300000.0,0.37145963068744003,2.429841703918391,0.0010992680824198939
T800,600ns_200ns,107600000.0,0.38959854764154855,2.4346341866452885,0.0010896322276615484
T800,600ns_200ns,107900000.0,0.40786145478462,2.4393328363293003,0.0011001509314122442
T800,600ns_200ns,108200000.0,0.4262825879806485,2.4438767209314562,0.0011133296648254173
T800,600ns_200ns,108500000.0,0.44481019410276806,2.4482083461155923,0.0011017670582956077
T800,600ns_200ns,108800000.0,0.4633631230250813,2.4523568253608685,0.0010643329351106019
T800,600ns_200ns,109100000.0,0.48193372700423387,2.4564173984950943,0.0010347157300862764
T800,600ns_200ns,109400000.0,0.5006128264349015,2.4604439876038073,0.0010489313204103908
T800,600ns_200ns,109700000.0,0.5194993695519273,2.464376818082834,0.001099342228343187
T800,600ns_200ns,110000000.0,0.5385909684335498,2.4680926280499134,0.001140415067198249
T800,600ns_200ns,110300000.0,0.5577779272219944,2.4715282180105667,0.0011367262890453701
T800,600ns_200ns,110600000.0,0.5769509211851377,2.4747442259560386,0.0010926294769576903
T800,600ns_200ns,110900000.0,0.5961074606891461,2.477860392335656,0.0010474295368369847
T800,600ns_200ns,111200000.0,0.6153448442290149,2.4809337086373704,0.00103954318124765
T800,600ns_200ns,111500000.0,0.6347529212055638,2.483909891746416,0.001066511262355204
T800,600ns_200ns,111800000.0,0.6543266296243168,2.4866932277374127,0.0010935896279908608
T800,600ns_200ns,112100000.0,0.6739887311667783,2.489249367692975,0.0010970929563136945
T800,600ns_200ns,112400000.0,0.6936859738914024,2.491626623354534,0.0010850285687311887
T800,600ns_200ns,112700000.0,0.7134435375203699,2.493881276286349,0.001081247220788838
T800,600ns_200ns,113000000.0,0.7333189470973192,2.4960026429626696,0.001093347011288513
T800,600ns_200ns,113300000.0,0.7533175840206019,2.4979281414320544,0.001102358910348432
T800,600ns_200ns,113600000.0,0.7733757724414423,2.4996278501426383,0.0010876016655220512
T800,600ns_200ns,113900000.0,0.7934349391400629,2.5011535519127976,0.0010543683131198165
T800,600ns_200ns,114200000.0,0.8135196161637862,2.5025878683777125,0.0010343820171418616
T800,600ns_200ns,114500000.0,0.8337232450928918,2.5039473196660174,0.0010532622203005965
T800,600ns_200ns,114800000.0,0.8541103886067399,2.505151192944601,0.001097327697522564
T800,600ns_200ns,115100000.0,0.8746420327288095,2.5060973041908623,0.001127173813730707
T800,600ns_200ns,115400000.0,0.8952088751273523,2.506765578889047,0.0011176901656973078
T800,600ns_200ns,115700000.0,0.915739158501563,2.507237347559251,0.0010787087819538218
T800,600ns_200ns,116000000.0,0.9362658008860738,2.5076100748343584,0.0010455203595238001
T800,600ns_200ns,116300000.0,0.9568835746535417,2.5079006223567566,0.0010452544810756505
T800,600ns_200ns,116600000.0,0.9776477435114203,2.508038852872009,0.0010694011481526204
T800,600ns_200ns,116900000.0,0.9985253837247376,2.507950635748696,0.001088841191609616
T800,600ns_200ns,117200000.0,1.0194456669860665,2.5076328705836777,0.001088503585834476
T800,600ns_200ns,117500000.0,1.0403832639071022,2.50713982027467,0.0010791569292596575
T800,600ns_200ns,117800000.0,1.0613774023522664,2.5065058205920425,0.0010799100361079947
T800,600ns_200ns,118100000.0,1.082469977730148,2.5057006006750306,0.001092359367482806
T800,600ns_200ns,118400000.0,1.1036423431030518,2.504670029875021,0.001097978793966071
T800,600ns_200ns,118700000.0,1.1248301546106678,2.503410953657439,0.0010818821581354391
T800,600ns_200ns,119000000.0,1.1460010256649151,2.50198673652352,0.0010533924822470613
T800,600ns_200ns,119300000.0,1.1672024604410638,2.5004592657885856,0.0010410218137137776
T800,600ns_200ns,119600000.0,1.188518606249379,2.4988128828967127,0.0010621452886213469
T800,600ns_200ns,119900000.0,1.2099789792777342,2.49695962826086,0.0011002004665568678
T800,600ns_200ns,120200000.0,1.2315202244677876,2.4948255667229975,0.0011217871876556236
T800,600ns_200ns,120500000.0,1.2530457687462755,2.492426139511666,0.001109628180244287
T800,600ns_200ns,120800000.0,1.2745205463835394,2.4898488760712096,0.0010765102354929129
T800,600ns_200ns,121100000.0,1.2959998588382196,2.487162971541179,0.0010529414521043164
T800,600ns_200ns,121400000.0,1.3175648384534198,2.48435360538084,0.00105731288108454
T800,600ns_200ns,121700000.0,1.3392383653265882,2.4813479838233397,0.0010782882800389445
T800,600ns_200ns,122000000.0,1.3609716707870532,2.478097377138054,0.001092181468478596
T800,600ns_200ns,122300000.0,1.3827084079935443,2.4746214297810907,0.0010901580162790395
T800,600ns_200ns,122600000.0,1.4044470491692878,2.4709702907225672,0.0010839248147313054
T800,600ns_200ns,122900000.0,1.4262306470172887,2.4671562890413776,0.0010881482199408493
T800,600ns_200ns,123200000.0,1.44808178564452,2.463138710636522,0.0011003981270235163
T800,600ns_200ns,123500000.0,1.4699649065385154,2.458878581744498,0.0011035916330050786
T800,600ns_200ns,123800000.0,1.49182401832611,2.4543953142369452,0.0010875709417249618
T800,600ns_200ns,124100000.0,1.5136524868415941,2.449753516137113,0.0010639252286688409
T800,600ns_200ns,124400000.0,1.5355106235569098,2.444990345789091,0.0010575188527752089
T800,600ns_200ns,124700000.0,1.557464838316316,2.4400658737056165,0.0010794823502071553
T800,600ns_200ns,125000000.0,1.5795130062980172,2.4348965491598706,0.0011123516913317873
T800,600ns_200ns,125300000.0,1.6015797099501117,2.4294391810439455,0.0011281701040588151
T800,600ns_200ns,125600000.0,1.623589200543668,2.423734960090157,0.0011154963717590898
T800,600ns_200ns,125900000.0,1.6455383394459802,2.417865915538051,0.00108834803617232
T800,600ns_200ns,126200000.0,1.6674924676247806,2.411871696663388,0.0010724224790205586
T800,600ns_200ns,126500000.0,1.689512386179399,2.40571579744452,0.0010796227331397153
T800,600ns_200ns,126800000.0,1.7115940971629966,2.3993328407511347,0.0010977334164473955
T800,600ns_200ns,127100000.0,1.7336837553204978,2.392699139821526,0.0011078872250842905
T800,600ns_200ns,127400000.0,1.755743477461999,2.385847912794585,0.0011056682416985
T800,600ns_200ns,127700000.0,1.7777892057898053,2.378818384272923,0.0011026261821182996
T800,600ns_200ns,128000000.0,1.7998595778621207,2.3716040093513535,0.0011095695971967288
T800,600ns_200ns,128300000.0,1.8219577789992005,2.3641622320600293,0.0011215172408625947
T800,600ns_200ns,128600000.0,1.8440393337375223,2.356472481059552,0.0011232516137210022
T800,600ns_200ns,128900000.0,1.8660627719498109,2.3485703872167543,0.0011083413600733204
T800,600ns_200ns,129200000.0,1.8880436270942744,2.3405132773060897,0.0010894232674808835
T800,600ns_200ns,129500000.0,1.9100452444607436,2.3323133192792036,0.0010877569857144663
T800,600ns_200ns,129800000.0,1.9321115360974481,2.3239154913788,0.0011098769102382768
T800,600ns_200ns,130100000.0,1.9542149934961361,2.3152494623270483,0.0011385685115185198
T800,600ns_200ns,130400000.0,1.9762791274243043,2.306301360272975,0.0011506089769446988
T800,600ns_200ns,130700000.0,1.9982529802132027,2.2971277076508057,0.0011388556727274944
T800,600ns_200ns,131000000.0,2.0201580949118516,2.2877967081175026,0.001117461673280824
T800,600ns_200ns,131300000.0,2.042059341896002,2.278320912036711,0.0011076839102136487
T800,600ns_200ns,131600000.0,2.0639945630862093,2.268652208170756,0.0011167262363687442
T800,600ns_200ns,131900000.0,2.0859402492604415,2.258739249675098,0.001132581195299313
T800,600ns_200ns,132200000.0,2.107846080110401,2.248579969227848,0.0011404722951953632
T800,600ns_200ns,132500000.0,2.1296931039424885,2.2382125895587617,0.0011390677533231223
T800,600ns_200ns,132800000.0,2.1515075358820894,2.2276618809653477,0.0011391610053880128
T800,600ns_200ns,133100000.0,2.173317911783722,2.216907581739102,0.0011483509352964553
T800,600ns_200ns,133400000.0,2.195110718967658,2.205912380073868,0.001160138521440809
T800,600ns_200ns,133700000.0,2.2168402472771582,2.1946742278809523,0.0011612669143353433
T800,600ns_200ns,134000000.0,2.2384826959845454,2.1832376938645046,0.001148193955558781
T800,600ns_200ns,134300000.0,2.260070076945171,2.17164675755345,0.0011338166009417366
T800,600ns_200ns,134600000.0,2.2816604195320047,2.159891368277837,0.0011360653725196032
T800,600ns_200ns,134900000.0,2.303273854853688,2.147910605419208,0.001158126683405908
T800,600ns_200ns,135200000.0,2.3248653524145393,2.1356529605145917,0.0011836396116261538
T800,600ns_200ns,135500000.0,2.3463661672551894,2.1231295146944715,0.0011934198809325025
T800,600ns_200ns,135800000.0,2.3677504589951335,2.110402296182052,0.0011834945519378567
T800,600ns_200ns,136100000.0,2.3890560627413686,2.097520854030112,0.0011675158238463595
T800,600ns_200ns,136400000.0,2.410339413320825,2.084475676038555,0.0011628251978751693
T800,600ns_200ns,136700000.0,2.4316161479223495,2.0712160758950175,0.001173250784630937
T800,600ns_200ns,137000000.0,2.4528511838738494,2.0577079869960886,0.001187541732935501
T800,600ns_200ns,137300000.0,2.4740036885579224,2.0439656354387408,0.0011943259969424728
T800,600ns_200ns,137600000.0,2.4950714090154125,2.030025180218784,0.0011944096629516788
T800,600ns_200ns,137900000.0,2.5160838904623595,2.0158963449850633,0.0011975406224706488
T800,600ns_200ns,138200000.0,2.537056583153079,2.0015512073150092,0.0012086977523156
T800,600ns_200ns,138500000.0,2.557963822504978,1.9869626878920579,0.001220554761218865
T800,600ns_200ns,138800000.0,2.5787651334685844,1.9721448756126463,0.001221756070053623
T800,600ns_200ns,139100000.0,2.5994547144443083,1.9571441303540107,0.00121100374160321
T800,600ns_200ns,139400000.0,2.620074328619368,1.9419877274674295,0.0012009758022379043
T800,600ns_200ns,139700000.0,2.640670443459867,1.9266483200259596,0.0012066187572019524
T800,600ns_200ns,140000000.0,2.6612410807658713,1.911067285909542,0.0012286585331232097
T800,600ns_200ns,140300000.0,2.681731993952099,1.8952143689119065,0.0012518598769895785
T800,600ns_200ns,140600000.0,2.702088333977618,1.8791193673476996,0.0012604759856039908
T800,600ns_200ns,140900000.0,2.722306810445148,1.862841505953903,0.0012529068970517437
T800,600ns_200ns,141200000.0,2.742433180162644,1.8464100954567473,0.001241969769077165
T800,600ns_200ns,141500000.0,2.762510321984262,1.8298000436192094,0.0012416235146620307
T800,600ns_200ns,141800000.0,2.7825349339698264,1.8129652992323375,0.0012532576331440825
T800,600ns_200ns,142100000.0,2.802467817670452,1.79588938724427,0.0012666198582263132
T800,600ns_200ns,142400000.0,2.82228087472689,1.7785966947577945,0.0012731619809630845
T800,600ns_200ns,142700000.0,2.841984541802637,1.761116272780666,0.001275167778005065
T800,600ns_200ns,143000000.0,2.8616058417836836,1.7434445454429055,0.0012812215557039368
T800,600ns_200ns,143300000.0,2.881146664459466,1.725551903791091,0.0012941669761721395
T800,600ns_200ns,143600000.0,2.900574630001006,1.7074241740024148,0.0013063038480600787
T800,600ns_200ns,143900000.0,2.9198591783509964,1.6890874664017095,0.0013080685835712173
T800,600ns_200ns,144200000.0,2.939010498402445,1.670583762708094,0.0012999347884201666
T800,600ns_200ns,144500000.0,2.9580733175242173,1.6519228905497372,0.0012940789745540568
T800,600ns_200ns,144800000.0,2.9770787269337733,1.633066332574855,0.0013027897407640765
T800,600ns_200ns,145100000.0,2.9960065348874765,1.6139642493183475,0.001324941361044087
T800,600ns_200ns,145400000.0,3.0148010471989357,1.5946072418023234,0.0013465179335305452
T800,600ns_200ns,145700000.0,3.033424674649169,1.5750367671298486,0.001354727312576161
T800,600ns_200ns,146000000.0,3.051892101809848,1.5553030354670072,0.0013497885820507429
T800,600ns_200ns,146300000.0,3.070249572326299,1.5354162519695187,0.0013435246062745228
T800,600ns_200ns,146600000.0,3.088524074763316,1.5153426270360133,0.0013469834360742194
T800,600ns_200ns,146900000.0,3.106698202059801,1.4950457247123203,0.001359772010003611
T800,600ns_200ns,147200000.0,3.1247348526926504,1.4745246785503336,0.0013727248428167633
T800,600ns_200ns,147500000.0,3.1426194315898894,1.453808035247321,0.0013796521596551635
T800,600ns_200ns,147800000.0,3.1603701973869636,1.4329148945199872,0.0013838474173761437
T800,600ns_200ns,148100000.0,3.1780074153241853,1.4118317297189098,0.0013926937062926639
T800,600ns_200ns,148400000.0,3.195521002305432,1.390532373344089,0.0014072811395419687
T800,600ns_200ns,148700000.0,3.2128773242289714,1.3690160118589314,0.0014198426279620764
T800,600ns_200ns,149000000.0,3.2300583670233824,1.3473157595745258,0.0014224992941624642
T800,600ns_200ns,149300000.0,3.247086618558698,1.3254646031486517,0.0014171512093296272
T800,600ns_200ns,149600000.0,3.2640037294960065,1.3034564257347105,0.0014152993407395126
T800,600ns_200ns,149900000.0,3.2808240396396418,1.2812479642674628,0.0014268490126025078
T800,600ns_200ns,150200000.0,3.2975144340969886,1.2588025271268026,0.0014492451581384475
T800,600ns_200ns,150500000.0,3.3140242612125865,1.2361289283432078,0.001469708346388231
T800,600ns_200ns,150800000.0,3.3303339548084456,1.2132733307681154,0.001478025487412304
T800,600ns_200ns,151100000.0,3.3464705072387533,1.1902730661734209,0.0014758366977861643
T800,600ns_200ns,151400000.0,3.362474780843245,1.167122380998695,0.001473896111515896
T800,600ns_200ns,151700000.0,3.378357986940078,1.1437852026036475,0.0014807356937137565
T800,600ns_200ns,152000000.0,3.3940941077298064,1.1202373765381992,0.0014946536707633633
T800,600ns_200ns,152300000.0,3.4096526446811484,1.0964901225673174,0.0015075961224580848
T800,600ns_200ns,152600000.0,3.425031263019792,1.0725709936087822,0.0015153619672930074
T800,600ns_200ns,152900000.0,3.4402511359634813,1.0484883791921653,0.0015219033521593943
T800,600ns_200ns,153200000.0,3.455323378344436,1.0242229795836777,0.0015333956658679117
T800,600ns_200ns,153500000.0,3.47022898209817,0.9997558396657691,0.0015494795374525845
T800,600ns_200ns,153800000.0,3.484937840711403,0.9750980828492308,0.0015625471794853804
T800,600ns_200ns,154100000.0,3.4994450947631717,0.950284688032846,0.0015663139443669312
T800,600ns_200ns,154400000.0,3.5137808864183757,0.9253368781674173,0.0015638387551416952
T800,600ns_200ns,154700000.0,3.5279790767449084,0.9002357905609465,0.001565823116805505
T800,600ns_200ns,155000000.0,3.5420380602495216,0.8749393622480617,0.001580014404955536
T800,600ns_200ns,155300000.0,3.555917654743427,0.8494261872533427,0.0016027434319049315
T800,600ns_200ns,155600000.0,3.5695769917552655,0.8237191044527057,0.0016224655407339945
T800,600ns_200ns,155900000.0,3.583013113320203,0.7978628761995075,0.0016312499905640693
T800,600ns_200ns,156200000.0,3.5962594112437163,0.7718803946735912,0.0016318457053198267
T800,600ns_200ns,156500000.0,3.6093474045246703,0.7457543350741384,0.0016338959314425347
T800,600ns_200ns,156800000.0,3.622274556981865,0.7194516484658371,0.0016437470729904937
T800,600ns_200ns,157100000.0,3.635011605899183,0.6929610011646342,0.001658755497726832
T800,600ns_200ns,157400000.0,3.6475372836580453,0.6663014046305036,0.0016719841851137774
T800,600ns_200ns,157700000.0,3.6598588606111684,0.6394955801448091,0.0016809170624755882
T800,600ns_200ns,158000000.0,3.671996132227217,0.6125421939319606,0.0016898804999461012
T800,600ns_200ns,158300000.0,3.683950473716306,0.5854204618695168,0.0017038486294362176
T800,600ns_200ns,158600000.0,3.6956977992455,0.5581208038290943,0.0017212699258382074
T800,600ns_200ns,158900000.0,3.7072151395404287,0.5306634789401347,0.0017348805903467522
T800,600ns_200ns,159200000.0,3.7185096355348133,0.5030807251629421,0.001739910786413791
T800,600ns_200ns,159500000.0,3.729614200550553,0.47538111376911935,0.0017403474605285863
T800,600ns_200ns,159800000.0,3.740551857088581,0.4475372814269603,0.0017459892427891636
T800,600ns_200ns,160100000.0,3.7513075908372446,0.4195132372194387,0.0017626197486305274
T800,600ns_200ns,160400000.0,3.761839828619959,0.3913029176913089,0.0017857191526396729
T800,600ns_200ns,160700000.0,3.772120274679172,0.36293819419470885,0.0018049807973596927
T800,600ns_200ns,161000000.0,3.782159559940206,0.3344576813961546,0.0018145071778742474
T800,600ns_200ns,161300000.0,3.791992038811052,0.3058702907471543,0.001817884237488152
T800,600ns_200ns,161600000.0,3.801637897615631,0.2771519981120551,0.0018236128567153103
T800,600ns_200ns,161900000.0,3.811084164577364,0.24827658640446487,0.0018361416657986566
T800,600ns_200ns,162200000.0,3.8203029546728438,0.21924433966005744,0.0018521911767616231
T800,600ns_200ns,162500000.0,3.829283058001267,0.19007769093026722,0.001865940337928803
T800,600ns_200ns,162800000.0,3.8380379239449325,0.16079222427196843,0.001876293079224014
T800,600ns_200ns,163100000.0,3.846582741805143,0.1313791343354016,0.0018877047407899
T800,600ns_200ns,163400000.0,3.8549101095865197,0.10181995804584294,0.001903966439244538
T800,600ns_200ns,163700000.0,3.8629948711582425,0.07211503398518929,0.0019225684870797736
T800,600ns_200ns,164000000.0,3.8708233635046323,0.04229015643018838,0.0019367513128943682
T800,600ns_200ns,164300000.0,3.8784122322240395,0.012371234506957502,0.001943178609139807
T800,600ns_200ns,164600000.0,3.8857926638592715,-0.01764500710817176,0.0019465463194920192
T800,600ns_200ns,164900000.0,3.8929755515129623,-0.0477897991824967,0.0019556582240654497
T800,600ns_200ns,165200000.0,3.8999361732412656,-0.07808964020835966,0.0019745163331651287
T800,600ns_200ns,165500000.0,3.9066364629986894,-0.10853692859151792,0.001997992052817492
T800,600ns_200ns,165800000.0,3.913061578889581,-0.13909586089017256,0.0020170272877636907
T800,600ns_200ns,166100000.0,3.919231758026643,-0.1697370841492225,0.0020275309482119313
T800,600ns_200ns,166400000.0,3.925177880465734,-0.20046363546815923,0.0020336723356808354
T800,600ns_200ns,166700000.0,3.9309086221929084,-0.2313015448452564,0.00204278659392366
T800,600ns_200ns,167000000.0,3.9364045186894105,-0.26226803523934217,0.002057688841945836
T800,600ns_200ns,167300000.0,3.941642535542375,-0.2933536445301552,0.0020747321092617075
T800,600ns_200ns,167600000.0,3.946620818754979,-0.32453639832476927,0.0020892022853085087
T800,600ns_200ns,167900000.0,3.9513554073698924,-0.35580863294613535,0.0021011778880624145
T800,600ns_200ns,168200000.0,3.955854954359677,-0.38718365262787424,0.0021150269233423846
T800,600ns_200ns,168500000.0,3.9601053990705695,-0.41867470494163883,0.0021333934923029813
T800,600ns_200ns,168800000.0,3.964084135594303,-0.450272420335626,0.0021530342128919843
T800,600ns_200ns,169100000.0,3.9677874850492523,-0.4819492921209829,0.0021678330969432235
T800,600ns_200ns,169400000.0,3.9712382722064663,-0.5136880254304498,0.00217579229353781
T800,600ns_200ns,169700000.0,3.974462324506476,-0.5455015976749978,0.0021820989909044513
T800,600ns_200ns,170000000.0,3.9774587547339957,-0.5774206844697413,0.002194484382658751
T800,800ns_0ns,20000000.0,-0.17015740125101073,-0.1893211684049995,1.1242248889141853
T800,800ns_0ns,20300000.0,-1.7767717772483254,1.3227881242902388,1.1307341936353419
T800,800ns_0ns,20600000.0,-0.3687513652988029,2.9686754900536325,1.1376449570128007
T800,800ns_0ns,20900000.0,1.3571137842980545,1.6586797391791217,1.1366581217615626
T800,800ns_0ns,21200000.0,0.1942658323466045,-0.1468139111284909,1.1341137732203097
T800,800ns_0ns,21500000.0,-1.636150514654479,0.8597077042386418,1.1391905341200743
T800,800ns_0ns,21800000.0,-0.741457584552247,2.6983099023753403,1.1465991836495635
T800,800ns_0ns,22100000.0,1.1407257851321855,1.9068498830241805,1.1465052939851736
T800,800ns_0ns,22400000.0,0.4943406841313505,-0.01953288146202328,1.1429210261237943
T800,800ns_0ns,22700000.0,-1.4272098674847957,0.47387404914104975,1.1462497578400381
T800,800ns_0ns,23000000.0,-1.0455077177191676,2.373866578614735,1.15371349909741
T800,800ns_0ns,23300000.0,0.8641227993300555,2.0929970136207916,1.1545466765101848
T800,800ns_0ns,23600000.0,0.7195583197044523,0.1718621191973618,1.1501493227344497
T800,800ns_0ns,23900000.0,-1.1693873801148198,0.1733408984866792,1.151493506442199
T800,800ns_0ns,24200000.0,-1.2725417776843697,2.0137670137496015,1.158522411145304
T800,800ns_0ns,24500000.0,0.5472712519493313,2.2087124020542785,1.1602185578350825
T800,800ns_0ns,24800000.0,0.863940296009649,0.40616296022058845,1.1552561058052506
T800,800ns_0ns,25100000.0,-0.8827274914577494,-0.03810304697624455,1.1544744669571032
T800,800ns_0ns,25400000.0,-1.4187299128305604,1.6370655459108667,1.1605622656833368
T800,800ns_0ns,25700000.0,0.2102889200292217,2.250341284426491,1.1629579746374679
T800,800ns_0ns,26000000.0,0.925998698875453,0.6624641127959123,1.157679364781818
T800,800ns_0ns,26300000.0,-0.5869649525758383,-0.16090853043467623,1.1547368410565506
T800,800ns_0ns,26600000.0,-1.4846361691563776,1.2624798180280723,1.1593964426708396
T800,800ns_0ns,26900000.0,-0.12745873056995563,2.2187450036653296,1.16223717524606
T800,800ns_0ns,27200000.0,0.9085044272575157,0.9210053530128154,1.1568726749849292
T800,800ns_0ns,27500000.0,-0.3006465611833326,-0.19953362421293605,1.1518446654273309
T800,800ns_0ns,27800000.0,-1.4748945216033267,0.9074864360591869,1.1546456585897007
T800,800ns_0ns,28100000.0,-0.4482003873061498,2.1188923082993396,1.1576033541374287
T800,800ns_0ns,28400000.0,0.8180747896943885,1.1639539825132457,1.152347273511904
T800,800ns_0ns,28700000.0,-0.040336840420049896,-0.1620239206481099,1.1454160705088525
T800,800ns_0ns,29000000.0,-1.3977139761382469,0.5875216671637437,1.1460205125811356
T800,800ns_0ns,29300000.0,-0.7364962920005799,1.959295316855717,1.1487195426446368
T800,800ns_0ns,29600000.0,0.6646023692962085,1.3760820378279996,1.1437167918186866
T800,800ns_0ns,29900000.0,0.18005314427513758,-0.05943262208612708,1.1351596538233497
T800,800ns_0ns,30200000.0,-1.2642393497270885,0.3153215540242853,1.1333518909655171
T800,800ns_0ns,30500000.0,-0.9798358231468443,1.7513161903640537,1.135400923354042
T800,800ns_0ns,30800000.0,0.46055588859403773,1.5453026962602017,1.1307384548046069
T800,800ns_0ns,31100000.0,0.3497826225254762,0.09488463724768771,1.1209076068471089
T800,800ns_0ns,31400000.0,-1.0878020318749329,0.10042839736020201,1.1166140057211908
T800,800ns_0ns,31700000.0,-1.1690685290015401,1.5083785110944439,1.1176402212918284
T800,800ns_0ns,32000000.0,0.22019037747532616,1.6630397654416786,1.113343840519372
T800,800ns_0ns,32300000.0,0.461621613425281,0.28606007799651656,1.1026397345949872
T800,800ns_0ns,32600000.0,-0.8831004384025143,-0.051118288629040574,1.0959352255380062
T800,800ns_0ns,32900000.0,-1.2986515454624281,1.245122725749003,1.0956167716528924
T800,800ns_0ns,33200000.0,-0.041291842395041925,1.724414488844018,1.0916532507785466
T800,800ns_0ns,33500000.0,0.512003079965767,0.49854586076961444,1.0804935041909103
T800,800ns_0ns,33800000.0,-0.6653528599338545,-0.13689795329881801,1.0715936641211135
T800,800ns_0ns,34100000.0,-1.366706543591639,0.9765477641811657,1.0696864495600598
T800,800ns_0ns,34400000.0,-0.3085860791037949,1.7282445090384475,1.0659704230327474
T800,800ns_0ns,34700000.0,0.5009850393184639,0.7169438199346382,1.0547577071665062
T800,800ns_0ns,35000000.0,-0.44946594751802726,-0.15803392487704393,1.0439973715261948
T800,800ns_0ns,35300000.0,-1.374889595590737,0.7171811382415907,1.0403532887148486
T800,800ns_0ns,35600000.0,-0.5670934871251159,1.6768602387870724,1.036758078277579
T800,800ns_0ns,35900000.0,0.43203098962625375,0.9267901734767149,1.025850573197563
T800,800ns_0ns,36200000.0,-0.2492602354458097,-0.11893839736569214,1.0136520847348445
T800,800ns_0ns,36500000.0,-1.3280871056568395,0.4803175941668753,1.0082272212352241
T800,800ns_0ns,36800000.0,-0.8036529411051602,1.5757536154335547,1.0045985093013456
T800,800ns_0ns,37100000.0,0.3116263410156271,1.115256207583499,0.9942862100271844
T800,800ns_0ns,37400000.0,-0.07679005646689929,-0.026897747833328458,0.981121833803563
T800,800ns_0ns,37700000.0,-1.2339597314610429,0.2773619675712026,0.9739748041440144
T800,800ns_0ns,38000000.0,-1.007161974411023,1.4330827981020553,0.9701459216275196
T800,800ns_0ns,38300000.0,0.14875666061741338,1.2717315607262312,0.9606351271134571
T800,800ns_0ns,38600000.0,0.05821075817417008,0.10847390375492316,0.946988573547937
T800,800ns_0ns,38900000.0,-1.1023635873316338,0.11730559765889864,0.9382703910629608
T800,800ns_0ns,39200000.0,-1.1690589760419325,1.2590634070923743,0.9340779029807575
T800,800ns_0ns,39500000.0,-0.04571993919670001,1.3882639715973577,0.925484886925298
T800,800ns_0ns,39800000.0,0.14873350643665287,0.275878987611421,0.9118163178208621
T800,800ns_0ns,40100000.0,-0.9446836170235243,0.0063579032765439265,0.9017540170951748
T800,800ns_0ns,40400000.0,-1.2836469514734117,1.0652820794615852,0.8970523011343536
T800,800ns_0ns,40700000.0,-0.259769329803622,1.459837785667446,0.8894058000233479
T800,800ns_0ns,41000000.0,0.19073428349368676,0.46304068298526113,0.8761234562295521
T800,800ns_0ns,41300000.0,-0.7731175979114555,-0.05225402330918527,0.8649999427495293
T800,800ns_0ns,41600000.0,-1.348248116816285,0.8639712036915728,0.8596735902076745
T800,800ns_0ns,41900000.0,-0.4809073707225541,1.4844826572485315,0.8529246538050642
T800,800ns_0ns,42200000.0,0.18320260293544643,0.6574271588232585,0.8403647608249614
T800,800ns_0ns,42500000.0,-0.599950648260349,-0.058314181050587104,0.8284972166213701
T800,800ns_0ns,42800000.0,-1.3631879029892553,0.6672845924753972,0.8224703445764396
T800,800ns_0ns,43100000.0,-0.6969156352731897,1.4632132293128932,0.816507446515524
T800,800ns_0ns,43400000.0,0.12806216962204567,0.8469562568815003,0.8049226952125687
T800,800ns_0ns,43700000.0,-0.4368593331445734,-0.01448035737150367,0.7926414730214617
T800,800ns_0ns,44000000.0,-1.3316160827237473,0.48661256727317703,0.7858833888586176
T800,800ns_0ns,44300000.0,-0.896508943299,1.3998096128872486,0.7805505038666343
T800,800ns_0ns,44600000.0,0.029915865686945653,1.0206433994045758,0.7701063877859247
T800,800ns_0ns,44900000.0,-0.2942815992779231,0.07400500775629129,0.7577358324482718
T800,800ns_0ns,45200000.0,-1.2591812045188977,0.33197158928252113,0.7502628807577123
T800,800ns_0ns,45500000.0,-1.0699206252015536,1.3004567397236053,0.745378403494699
T800,800ns_0ns,45800000.0,-0.10434502116915627,1.169159822460511,0.7361560849768035
T800,800ns_0ns,46100000.0,-0.18088402265533493,0.19973389674825653,0.7239982331560891
T800,800ns_0ns,46400000.0,-1.1535818783137908,0.21149841458018775,0.7158720210068578
T800,800ns_0ns,46700000.0,-1.2093770193738091,1.1732676975031149,0.711246788485907
T800,800ns_0ns,47000000.0,-0.2660406388184529,1.2852742108601318,0.7032509145491379
T800,800ns_0ns,47300000.0,-0.10315153148719274,0.3536535703713609,0.6915725971704756
T800,800ns_0ns,47600000.0,-1.0240243324707945,0.13107210562587526,0.6828950903440839
T800,800ns_0ns,47900000.0,-1.3094396737816736,1.0277216231175814,0.678348244355449
T800,800ns_0ns,48200000.0,-0.4452797742517836,1.3641580746422464,0.671518141540418
T800,800ns_0ns,48500000.0,-0.06511725592050768,0.5256564887952029,0.6605416676993325
T800,800ns_0ns,48800000.0,-0.8806197658916441,0.09407949977045015,0.6514478514686349
T800,800ns_0ns,49100000.0,-1.367201665067236,0.8740503675830827,0.6468197448980126
T800,800ns_0ns,49400000.0,-0.6315795682142558,1.4035433307475758,0.6410425867041137
T800,800ns_0ns,49700000.0,-0.06824189743966472,0.705203938124695,0.6309399246916928
T800,800ns_0ns,50000000.0,-0.7337571718420081,0.10133137079451704,0.6215888220996026
T800,800ns_0ns,50300000.0,-1.3823329040704757,0.7226098028542377,0.6167505791436768
T800,800ns_0ns,50600000.0,-0.814491745353215,1.4037290692992164,0.6118753568514421
T800,800ns_0ns,50900000.0,-0.11144347803499864,0.8819473711706947,0.602765541251019
T800,800ns_0ns,51200000.0,-0.5934874423428299,0.15112799915111366,0.5933303894980391
T800,800ns_0ns,51500000.0,-1.356977786398663,0.5832712761829869,0.5881900524905904
T800,800ns_0ns,51800000.0,-0.9842002321484967,1.3674429130319001,0.5840414322991584
T800,800ns_0ns,52100000.0,-0.191269999914976,1.046312835683398,0.5759908065872129
T800,800ns_0ns,52400000.0,-0.46895271856168624,0.23946466521514387,0.5666491283609874
T800,800ns_0ns,52700000.0,-1.2955166010203003,0.4648664043889681,0.5611545620955168
T800,800ns_0ns,53000000.0,-1.1320578153277627,1.2995702581257549,0.5575459446133378
T800,800ns_0ns,53300000.0,-0.3021998759955871,1.1900170974976725,0.5505707850464572
T800,800ns_0ns,53600000.0,-0.36789128632025697,0.36036014371169356,0.5414949799992976
T800,800ns_0ns,53900000.0,-1.2042092941695328,0.3747143173592074,0.5356338684210027
T800,800ns_0ns,54200000.0,-1.251033982760998,1.2067715930156386,0.5323791649768576
T800,800ns_0ns,54500000.0,-0.4370483879382348,1.3064889427369804,0.5264502112619148
T800,800ns_0ns,54800000.0,-0.2962430776243842,0.5062849995727623,0.5177991558791735
T800,800ns_0ns,55100000.0,-1.0907461239184102,0.3182548806868624,0.5115965295567948
T800,800ns_0ns,55400000.0,-1.3360519930952266,1.097013670736544,0.5085203305832176
T800,800ns_0ns,55700000.0,-0.5874532312065537,1.391175348739456,0.5035687598885866
T800,800ns_0ns,56000000.0,-0.25787436135898506,0.668661685295933,0.49548075979036904
T800,800ns_0ns,56300000.0,-0.9637341344046726,0.2988047016122066,0.48899454817639687
T800,800ns_0ns,56600000.0,-1.384200173262877,0.9790442842617474,0.4859404860594164
T800,800ns_0ns,56900000.0,-0.7444086682746981,1.441719366938387,0.4818648990473336
T800,800ns_0ns,57200000.0,-0.25443288294964156,0.8384053464201483,0.47445220063532123
T800,800ns_0ns,57500000.0,-0.8321510232930659,0.317445256306809,0.4677673204171464
T800,800ns_0ns,57800000.0,-1.3948100283381248,0.8618425834660165,0.4646045285540764
T800,800ns_0ns,58100000.0,-0.8988160856827379,1.458004237713942,0.46127856084213725
T800,800ns_0ns,58400000.0,-0.28533697597693514,1.0064729831538057,0.4546235096892328
T800,800ns_0ns,58700000.0,-0.7047987697290595,0.373044707640476,0.4478449876063235
T800,800ns_0ns,59000000.0,-1.3694015244151307,0.7540772014812525,0.44447263456878855
T800,800ns_0ns,59300000.0,-1.042018887035173,1.4420660130262224,0.44175285656971647
T800,800ns_0ns,59600000.0,-0.3478944635206982,1.1643892146166006,0.4359056947597685
T800,800ns_0ns,59900000.0,-0.5897883372458509,0.46240735524268234,0.42915128806303393
T800,800ns_0ns,60200000.0,-1.3115034301299096,0.6636029580427318,0.42550122555384084
T800,800ns_0ns,60500000.0,-1.1662915953241197,1.3978843591858257,0.42323504105487064
T800,800ns_0ns,60800000.0,-0.4375399264056652,1.304719264721238,0.41821326675313675
T800,800ns_0ns,61100000.0,-0.4940839754639912,0.5805375998761597,0.4116059950534176
T800,800ns_0ns,61400000.0,-1.2263634591089343,0.5970237113730094,0.407643606003129
T800,800ns_0ns,61700000.0,-1.2652566268336765,1.3310678422387205,0.4056768999591535
T800,800ns_0ns,62000000.0,-0.5481725357206746,1.421463754722136,0.4014660671222326
T800,800ns_0ns,62300000.0,-0.4231313194956296,0.7209991956372019,0.3951270123698352
T800,800ns_0ns,62600000.0,-1.1205687741741444,0.5593442640209242,0.3908503859273236
T800,800ns_0ns,62900000.0,-1.334207188639469,1.2484555077214796,0.38903470292816444
T800,800ns_0ns,63200000.0,-0.672571466128645,1.5103551803742965,0.3855905119988055
T800,800ns_0ns,63500000.0,-0.38058791242740303,0.8763457270578503,0.379632183351883
T800,800ns_0ns,63800000.0,-1.0016018923900192,0.5537283953661409,0.3750697799047501
T800,800ns_0ns,64100000.0,-1.3703208222316143,1.1576606725346594,0.37326883790804966
T800,800ns_0ns,64400000.0,-0.8028621865050792,1.569042236115669,0.3705203541000263
T800,800ns_0ns,64700000.0,-0.36816830332328826,1.038594924837891,0.3650408545650985
T800,800ns_0ns,65000000.0,-0.8773599489369392,0.5813734565766792,0.36024785696694894
T800,800ns_0ns,65300000.0,-1.3727548931019138,1.0665853531176395,0.35834321884649045
T800,800ns_0ns,65600000.0,-0.93100483821282,1.5971550409182793,0.35619704850186085
T800,800ns_0ns,65900000.0,-0.3856088931095205,1.1997177726194308,0.351275223637286
T800,800ns_0ns,66200000.0,-0.7556665122709433,0.641504921798246,0.34632879949530365
T800,800ns_0ns,66500000.0,-1.3426224053690836,0.9829345602735883,0.3442245403748738
T800,800ns_0ns,66800000.0,-1.0492755346199873,1.5962514112692976,0.34256979334234994
T800,800ns_0ns,67100000.0,-0.4307506251473247,1.3521134088347855,0.3382614921433119
T800,800ns_0ns,67400000.0,-0.6438046670349749,0.731487254952298,0.3332552155632922
T800,800ns_0ns,67700000.0,-1.2828534892958383,0.9137587955791255,0.3308814394827327
T800,800ns_0ns,68000000.0,-1.15071272498187,1.5696512053696314,0.3295953013755601
T800,800ns_0ns,68300000.0,-0.49973085369661474,1.4890425441187953,0.3259308375846787
T800,800ns_0ns,68600000.0,-0.5480979671380164,0.8470408271339601,0.32096853745175324
T800,800ns_0ns,68900000.0,-1.1979543718467398,0.8650505832230638,0.31828361643899294
T800,800ns_0ns,69200000.0,-1.2295036424886405,1.522172040624528,0.3172373443675214
T800,800ns_0ns,69500000.0,-0.5872696516846634,1.6049953541902338,0.3142202118019628
T800,800ns_0ns,69800000.0,-0.47356227358152037,0.9825487747670358,0.3094095276893633
T800,800ns_0ns,70100000.0,-1.0936812386271761,0.8414169501456326,0.3064009649443508
T800,800ns_0ns,70400000.0,-1.2812900939906147,1.459785018989556,0.30546610176022587
T800,800ns_0ns,70700000.0,-0.6870307701941751,1.6959743447667974,0.3030729664311969
T800,800ns_0ns,71000000.0,-0.4236466747025239,1.1314329393919158,0.2985189012604326
T800,800ns_0ns,71300000.0,-0.9766508298557474,0.8458446892384132,0.29520276225408537
T800,800ns_0ns,71600000.0,-1.303378168274787,1.3892131995590526,0.29425733947783506
T800,800ns_0ns,71900000.0,-0.7920337000343106,1.7596782241338191,0.29243930054387046
T800,800ns_0ns,72200000.0,-0.40007594988688494,1.2865746217761909,0.2882380584612835
T800,800ns_0ns,72500000.0,-0.8539126577797526,0.8795693279910799,0.28465697053381644
T800,800ns_0ns,72800000.0,-1.2948425056370076,1.3174982298114313,0.28359144395712976
T800,800ns_0ns,73100000.0,-0.8950909944687929,1.7955790148247839,0.2822765225529967
T800,800ns_0ns,73400000.0,-0.4028007363148639,1.440753978135533,0.2785099091150857
T800,800ns_0ns,73700000.0,-0.7325092476717471,0.9420523415071897,0.2747296984727608
T800,800ns_0ns,74000000.0,-1.2565222138193513,1.251561668429826,0.2734523391177465
T800,800ns_0ns,74300000.0,-0.989244286282788,1.804891113015757,0.27254911763432477
T800,800ns_0ns,74600000.0,-0.4300550710962604,1.5870815562371556,0.26927975745970506
T800,800ns_0ns,74900000.0,-0.6190507406785422,1.0310646756533866,0.2653848666303776
T800,800ns_0ns,75200000.0,-1.190911951275002,1.1977870779357949,0.2638263190711906
T800,800ns_0ns,75500000.0,-1.068173274159784,1.7904373798114843,0.2632286121347513
T800,800ns_0ns,75800000.0,-0.4785146893485927,1.7193966929212559,0.26049620863833345
T800,800ns_0ns,76100000.0,-0.519328598307381,1.142868461205251,0.2565841111105363
T800,800ns_0ns,76400000.0,-1.1019577548235215,1.1616470008601405,0.25470083698647733
T800,800ns_0ns,76700000.0,-1.1265542743429382,1.7564232547728051,0.2542932273596586
T800,800ns_0ns,77000000.0,-0.5435437232999456,1.8326101615860262,0.252112051699797
T800,800ns_0ns,77300000.0,-0.437990147172243,1.2724832554446617,0.2482869476029907
T800,800ns_0ns,77600000.0,-0.9947725225725601,1.1473956112904673,0.24606330059370163
T800,800ns_0ns,77900000.0,-1.1603485616092235,1.7081349870575326,0.24572731788439017
T800,800ns_0ns,78200000.0,-0.6195125884441776,1.9229723770829659,0.24408506992404122
T800,800ns_0ns,78500000.0,-0.37829150889976465,1.4140185508539596,0.24045120091451525
T800,800ns_0ns,78800000.0,-0.8752903819385562,1.1578433820793905,0.23789993562359812
T800,800ns_0ns,79100000.0,-1.1670054146372346,1.65158210597559,0.23752059578324916
T800,800ns_0ns,79400000.0,-0.7001661217176939,1.988253376722745,0.23637872790534922
T800,800ns_0ns,79700000.0,-0.3419413481583594,1.5610508863183026,0.23303368438767433
T800,800ns_0ns,80000000.0,-0.7498822494137447,1.1942248150913137,0.23019478640232677
T800,800ns_0ns,80300000.0,-1.1455702341846628,1.5931069923728423,0.22966715239137017
T800,800ns_0ns,80600000.0,-0.7790186426845959,2.0278263881305025,0.22896268724774807
T800,800ns_0ns,80900000.0,-0.32904216302340056,1.7070218541254347,0.22599109189199504
T800,800ns_0ns,81200000.0,-0.6249565741050482,1.2561644778888292,0.22292892455706956
T800,800ns_0ns,81500000.0,-1.0966939800679307,1.5389857364514772,0.22216430230176915
T800,800ns_0ns,81800000.0,-0.8497516489444795,2.042652723433409,0.22181310894845901
T800,800ns_0ns,82100000.0,-0.33812988497678537,1.845632701988915,0.2192810462300182
T800,800ns_0ns,82400000.0,-0.5065694860318267,1.3417406275657426,0.21607993068161874
T800,800ns_0ns,82700000.0,-1.0225461198517842,1.4950443331463552,0.21501128887930876
T800,800ns_0ns,83000000.0,-0.906590352804391,2.0351716485997997,0.21491270898176418
T800,800ns_0ns,83300000.0,-0.3663067062919694,1.9712120828015909,0.2128632343585442
T800,800ns_0ns,83600000.0,-0.4000673648515894,1.4476399345644158,0.20962170012079864
T800,800ns_0ns,83900000.0,-0.926638947611308,1.4663127161098197,0.20820790605394074
T800,800ns_0ns,84200000.0,-0.9446371533015343,2.009104419949677,0.20825054286693825
T800,800ns_0ns,84500000.0,-0.4094566515572784,2.0790357203875134,0.2067005522026658
T800,800ns_0ns,84800000.0,-0.30978231064448514,1.5693915803609322,0.20352460357870608
T800,800ns_0ns,85100000.0,-0.8135761891906795,1.4567362907684647,0.20175310744483127
T800,800ns_0ns,85400000.0,-0.9601432719461358,1.9691865395978014,0.20182150528789147
T800,800ns_0ns,85700000.0,-0.4625287650722323,2.165580174311041,0.2007601791103371
T800,800ns_0ns,86000000.0,-0.2387973169636976,1.7016645887972186,0.19775600667307983
T800,800ns_0ns,86300000.0,-0.6887429778607587,1.4689606942036408,0.19564368924604306
T800,800ns_0ns,86600000.0,-0.9507039477948218,1.9208461882425012,0.19562554393852305
T800,800ns_0ns,86900000.0,-0.5198691525377407,2.228697271314103,0.19501450403316758
T800,800ns_0ns,87200000.0,-0.1887933617864505,1.8386089024274859,0.19228112153550586
T800,800ns_0ns,87500000.0,-0.5579573365784337,1.5042007427544615,0.18987314373967865
T800,800ns_0ns,87800000.0,-0.9153675173825243,1.8698495395979413,0.18966660390706186
T800,800ns_0ns,88100000.0,-0.5755806843013437,2.267700843837228,0.18944183285670158
T800,800ns_0ns,88400000.0,-0.15998543595151515,1.974218605327308,0.18706413209969333
T800,800ns_0ns,88700000.0,-0.42710508585500595,1.5621992285059625,0.1844307808911712
T800,800ns_0ns,89000000.0,-0.8546540882902635,1.8219351110071764,0.18395133941938174
T800,800ns_0ns,89300000.0,-0.6238880536884257,2.2833628615734223,0.1840268189128616
T800,800ns_0ns,89600000.0,-0.151149042325939,2.102694918242568,0.18206950845356193
T800,800ns_0ns,89900000.0,-0.30178053340854755,1.6412757190347194,0.17930120321319443
T800,800ns_0ns,90200000.0,-0.7704850224169872,1.7824594036139494,0.17848765147024795
T800,800ns_0ns,90500000.0,-0.6594861226301805,2.2778215289829316,0.17876057479805205
T800,800ns_0ns,90800000.0,-0.15973325351919238,2.2187871654256743,0.1772634092588533
T800,800ns_0ns,91100000.0,-0.18695439838821631,1.7384601313606567,0.17446419456362228
T800,800ns_0ns,91400000.0,-0.6660297472281808,1.7560748578919818,0.1732831307769929
T800,800ns_0ns,91700000.0,-0.6778510327071076,2.2544091238445993,0.1736404405615065
T800,800ns_0ns,92000000.0,-0.18205133331533602,2.318091769731107,0.1726150659572432
T800,800ns_0ns,92300000.0,-0.08668826346375814,1.8497009070618728,0.16989504988740212
T800,800ns_0ns,92600000.0,-0.5454812009188488,1.7464586991396298,0.16834350453403274
T800,800ns_0ns,92900000.0,-0.6754962916064573,2.2174119668934664,0.16866939991004834
T800,800ns_0ns,93200000.0,-0.21353550084142908,2.397292333980518,0.16809804618145818
T800,800ns_0ns,93500000.0,-0.003911589497700858,1.9701333944032937,0.16556533395020992
T800,800ns_0ns,93800000.0,-0.41377521825723246,1.7561077461641246,0.16367120093110832
T800,800ns_0ns,94100000.0,-0.6501597740602735,2.17177867972238,0.1638551535862823
T800,800ns_0ns,94400000.0,-0.2490388952128895,2.4543278082590136,0.1636913036337078
T800,800ns_0ns,94700000.0,0.05972681141865979,2.0943907798537533,0.16144401680605966
T800,800ns_0ns,95000000.0,-0.276272157919454,1.7862099367294475,0.15926415345156533
T800,800ns_0ns,95300000.0,-0.6009120586258053,2.122795602725261,0.15920887982945137
T800,800ns_0ns,95600000.0,-0.2831653712330962,2.4884803695274607,0.15937993600443454
T800,800ns_0ns,95900000.0,0.1039257022323386,2.216937778654025,0.15749889686164714
T800,800ns_0ns,96200000.0,-0.1384209036020802,1.8365984611126673,0.15511496210339545
T800,800ns_0ns,96500000.0,-0.5281814734668683,2.0757497690732674,0.15474373672255515
T800,800ns_0ns,96800000.0,-0.31060654377385866,2.5003796613138793,0.15515559065570858
T800,800ns_0ns,97100000.0,0.12971467566095954,2.3324063943876716,0.15369819466681545
T800,800ns_0ns,97400000.0,-0.005425956262675473,1.9057892921908113,0.15121050681815876
T800,800ns_0ns,97700000.0,-0.4336963397235077,2.0356001000159365,0.15047318847100183
T800,800ns_0ns,98000000.0,-0.32646554479279244,2.491925149191308,0.1510164787445369
T800,800ns_0ns,98300000.0,0.1393567470639093,2.4359134171910726,0.15001218674717312
T800,800ns_0ns,98600000.0,0.1180623343042104,1.9910978661646677,0.14753206989555182
T800,800ns_0ns,98900000.0,-0.3203498711471021,2.0066765123262993,0.1464092638409042
T800,800ns_0ns,99200000.0,-0.32654823220760887,2.466133235333033,0.1469669802716655
T800,800ns_0ns,99500000.0,0.13617808142703838,2.5233409001177822,0.14641475002364573
T800,800ns_0ns,99800000.0,0.22821620666731934,2.0888260011011552,0.14405597501986242
T800,800ns_0ns,100100000.0,-0.19199771979115798,1.992424495126118,0.14256087659857197
T800,800ns_0ns,100400000.0,-0.3076049914301993,2.426920155022002,0.14301684388442049
T800,800ns_0ns,100700000.0,0.12433686249622862,2.591563513005376,0.14288470032707618
T800,800ns_0ns,101000000.0,0.3222423084672679,2.1945061116695435,0.14075469801293117
T800,800ns_0ns,101300000.0,-0.05320198859368302,1.9952095730868942,0.1389323512659347
T800,800ns_0ns,101600000.0,-0.26750963080309786,2.378835298525653,0.1391800070619047
T800,800ns_0ns,101900000.0,0.10854671013922103,2.6386102405042093,0.1394068280992394
T800,800ns_0ns,102200000.0,0.3985253755684497,2.3031866151715272,0.1375983567104597
T800,800ns_0ns,102500000.0,0.09106155127158541,2.0161921354091428,0.13552229826311568
T800,800ns_0ns,102800000.0,-0.20536597036663481,2.326762262962855,0.13547308718440906
T800,800ns_0ns,103100000.0,0.09377244944942077,2.663752133242834,0.13597255651976206
T800,800ns_0ns,103400000.0,0.45669661507275816,2.4097402976419757,0.13455645034232222
T800,800ns_0ns,103700000.0,0.23571445259978943,2.0552786281924056,0.13232296519706313
T800,800ns_0ns,104000000.0,-0.12153729829042044,2.2756065017986793,0.13191362352828354
T800,800ns_0ns,104300000.0,0.08491730943184414,2.6675124705008115,0.1325801706401063
T800,800ns_0ns,104600000.0,0.49762434364940855,2.5091764255913516,0.13159969723783946
T800,800ns_0ns,104900000.0,0.37588551844754153,2.1111503622803705,0.12932015244807268
T800,800ns_0ns,105200000.0,-0.017598636265664394,2.229988834027277,0.12851818258651163
T800,800ns_0ns,105500000.0,0.0865207278117018,2.6516004619702307,0.12923459038805674
T800,800ns_0ns,105800000.0,0.523329185503274,2.596937584044659,0.12870181630609145
T800,800ns_0ns,106100000.0,0.5072008728638999,2.1813664694604733,0.126493724237285
T800,800ns_0ns,106400000.0,0.10378357627223889,2.193963301304191,0.1253004689842247
T800,800ns_0ns,106700000.0,0.10248488021690709,2.6187742163994785,0.12594668503320244
T800,800ns_0ns,107000000.0,0.5368306479455959,2.66916355863818,0.12584111138440132
T800,800ns_0ns,107300000.0,0.6260369948714649,2.2625331296789386,0.12381868058221798
T800,800ns_0ns,107600000.0,0.23903547758541338,2.170775989404154,0.12226960504608035
T800,800ns_0ns,107900000.0,0.13584592425562586,2.572642862755235,0.12273215129795066
T800,800ns_0ns,108200000.0,0.5419359006949891,2.7229069545676143,0.12300174279364696
T800,800ns_0ns,108500000.0,0.7297221458842883,2.3505273488189635,0.1212666939738622
T800,800ns_0ns,108800000.0,0.38391089271080325,2.1626785948204983,0.11942874776176084
T800,800ns_0ns,109100000.0,0.18860290106208188,2.517421183581151,0.11961000265427388
T800,800ns_0ns,109400000.0,0.5429848565188162,2.7562884938366246,0.1201745996597199
T800,800ns_0ns,109700000.0,0.8166750571953715,2.440760510207095,0.11880796788796365
T800,800ns_0ns,110000000.0,0.5337621599553988,2.1708069080543484,0.11677419774316802
T800,800ns_0ns,110300000.0,0.2616134703007488,2.457652715334896,0.11660074620720527
T800,800ns_0ns,110600000.0,0.5445680030847313,2.768583841672929,0.11735771402669992
T800,800ns_0ns,110900000.0,0.8864737818709896,2.52846482164049,0.11641324778011221
T800,800ns_0ns,111200000.0,0.6838294360702077,2.195130235310026,0.11429511747764352
T800,800ns_0ns,111500000.0,0.3545614101554719,2.397918848258536,0.11372435792461544
T800,800ns_0ns,111800000.0,0.5512347453880473,2.7602381349780365,0.11455618216524698
T800,800ns_0ns,112100000.0,0.9398519990335978,2.6089847415547376,0.11405580943807275
T800,800ns_0ns,112400000.0,0.8295304779796719,2.234473351145476,0.11197391613615103
T800,800ns_0ns,112700000.0,0.46599635694370645,2.342551944424501,0.1109982044760599
T800,800ns_0ns,113000000.0,0.5672102267683643,2.7328088519630627,0.11178158188424879
T800,800ns_0ns,113300000.0,0.978624517361876,2.678055534919498,0.11171326210454875
T800,800ns_0ns,113600000.0,0.9667332397629206,2.286608139042945,0.10978728239286353
T800,800ns_0ns,113900000.0,0.5934418630852,2.295369879285501,0.10843509247036986
T800,800ns_0ns,114200000.0,0.5961377138491574,2.6888420007345943,0.10905089994208797
T800,800ns_0ns,114500000.0,1.0055479887004979,2.732052255899081,0.1093690302939745
T800,800ns_0ns,114800000.0,1.0919950271508605,2.348407902463219,0.10770776925019887
T800,800ns_0ns,115100000.0,0.7335637817918276,2.2594477575980516,0.10604164208917982
T800,800ns_0ns,115400000.0,0.6408617316610298,2.6316905556448025,0.10638501228081194
T800,800ns_0ns,115700000.0,1.0241266587344684,2.7681945896743363,0.10701341246685847
T800,800ns_0ns,116000000.0,1.2027543128998552,2.4160536622265854,0.10570577246782775
T800,800ns_0ns,116300000.0,0.8823874816758771,2.23693997843556,0.10381717221468967
T800,800ns_0ns,116600000.0,0.7032643539491229,2.565287402069684,0.10380679245862977
T800,800ns_0ns,116900000.0,1.0383761275778987,2.784695961461948,0.10464414933076499
T800,800ns_0ns,117200000.0,1.2974644737598637,2.485278808333169,0.10375170883438606
T800,800ns_0ns,117500000.0,1.0355496550438683,2.228962499080683,0.10175324391536518
T800,800ns_0ns,117800000.0,0.7841635748423208,2.493887573076037,0.10133896092465818
T800,800ns_0ns,118100000.0,1.052560391057678,2.780848940707925,0.10226646413832681
T800,800ns_0ns,118400000.0,1.3756624567912639,2.551636410041139,0.10181819468097143
T800,800ns_0ns,118700000.0,1.188568660612756,2.2355412892325077,0.0998339412300201
T800,800ns_0ns,119000000.0,0.8832787346442633,2.421796138050276,0.09900182900223493
T800,800ns_0ns,119300000.0,1.0709187599219763,2.7570430016235874,0.09989256113073523
T800,800ns_0ns,119600000.0,1.4379694812123711,2.610772415730095,0.0998820427337193
T800,800ns_0ns,119900000.0,1.3371165273529753,2.2556288191395644,0.09803688199243164
T800,800ns_0ns,120200000.0,0.9992637925547321,2.3530986567801544,0.09681113141313634
T800,800ns_0ns,120500000.0,1.0973995470885634,2.7147148965083963,0.09754059032281355
T800,800ns_0ns,120800000.0,1.4860250771887906,2.6586879407050086,0.09792592727597331
T800,800ns_0ns,121100000.0,1.477275971793691,2.2871862450858145,0.09633486187326516
T800,800ns_0ns,121400000.0,1.1298050902232761,2.291410628715098,0.09477616830965985
T800,800ns_0ns,121700000.0,1.1354166742828877,2.656235998920424,0.09523311297284022
T800,800ns_0ns,122000000.0,1.52235979958597,2.691974829666172,0.09593960526234632
T800,800ns_0ns,122300000.0,1.6057670140384852,2.3273249970940806,0.09469795971195956
T800,800ns_0ns,122600000.0,1.2717763835942943,2.239660894780351,0.09289847719929772
T800,800ns_0ns,122900000.0,1.187643643351969,2.584744732915471,0.09299513639807172
T800,800ns_0ns,123200000.0,1.5502155915077398,2.7080106121476377,0.09392061832327954
T800,800ns_0ns,123500000.0,1.7201299251273827,2.3724979723687376,0.0930958868737894
T800,800ns_0ns,123800000.0,1.421440566132691,2.1999215951224107,0.09117121609481676
T800,800ns_0ns,124100000.0,1.2558567656974657,2.5039354000882303,0.09085182987319212
T800,800ns_0ns,124400000.0,1.5733257964180736,2.7051017088371236,0.09187443312275653
T800,800ns_0ns,124700000.0,1.8188541534379061,2.4187276972448446,0.09150035446075704
T800,800ns_0ns,125000000.0,1.5746848582806738,2.173294208771543,0.08957936210880126
T800,800ns_0ns,125300000.0,1.3408363155541625,2.417817163792938,0.08882608240825116
T800,800ns_0ns,125600000.0,1.595669056035287,2.6825671129794277,0.08981400316052734
T800,800ns_0ns,125900000.0,1.9014463692040302,2.4618568002757524,0.08988725476090297
T800,800ns_0ns,126200000.0,1.7272744433159406,2.159857599922675,0.08810072778201869
T800,800ns_0ns,126500000.0,1.4423305767386783,2.3304585144855334,0.08693611189670128
T800,800ns_0ns,126800000.0,1.6212126615944071,2.6407585483643876,0.08775875578142212
T800,800ns_0ns,127100000.0,1.9684346110766286,2.4978050476322267,0.08823849405909487
T800,800ns_0ns,127400000.0,1.8751086817201723,2.1586800987414287,0.0867076920679492
T800,800ns_0ns,127700000.0,1.5590838203462822,2.245733142728764,0.08519337203067097
T800,800ns_0ns,128000000.0,1.6536612834887139,2.581017057459214,0.0857330304123542
T800,800ns_0ns,128300000.0,2.0213094767198783,2.522817079516448,0.0865433585296829
T800,800ns_0ns,128600000.0,2.0144641693245187,2.1678936948689724,0.08536945606361664
T800,800ns_0ns,128900000.0,1.6889253257369066,2.1670827681834535,0.08360101216369387
T800,800ns_0ns,129200000.0,1.6962263843420307,2.5055698574502023,0.0837640263343068
T800,800ns_0ns,129500000.0,2.062407128530036,2.5336858430738123,0.08479933426082482
T800,800ns_0ns,129800000.0,2.142209993825202,2.1848246607848507,0.08405458130740258
T800,800ns_0ns,130100000.0,1.828912878118888,2.097311154539239,0.08215310993954204
T800,800ns_0ns,130400000.0,1.751430078726135,2.4173748836990803,0.0818793659763057
T800,800ns_0ns,130700000.0,2.0947423557099416,2.5279384742693276,0.08301233379939144
T800,800ns_0ns,131000000.0,2.255982507598324,2.2061715752089017,0.08273355729084965
T800,800ns_0ns,131300000.0,1.9755209632325041,2.0384213782739025,0.08083481142968384
T800,800ns_0ns,131600000.0,1.8209548494879886,2.319923506403483,0.08010444076603926
T800,800ns_0ns,131900000.0,2.1218028408888263,2.5039739154986815,0.0811963062253591
T800,800ns_0ns,132200000.0,2.3543096378285546,2.228218979796596,0.08138117056449316
T800,800ns_0ns,132500000.0,2.1248613208324802,1.9915055588744606,0.07962339154893329
T800,800ns_0ns,132800000.0,1.9055475234439876,2.2170142786950238,0.07845977049922293
T800,800ns_0ns,133100000.0,2.1473179559575373,2.461144698831093,0.07937222853666107
T800,800ns_0ns,133400000.0,2.436678020361945,2.247072930790146,0.07997849727783987
T800,800ns_0ns,133700000.0,2.2729217580328043,1.956692885195566,0.07849011797576376
T800,800ns_0ns,134000000.0,2.0049824418340547,2.1125121199230756,0.07695865682193767
T800,800ns_0ns,134300000.0,2.1750167372590044,2.3997788745671316,0.07756649785739335
T800,800ns_0ns,134600000.0,2.5035398623103604,2.258903607734064,0.07851439669294231
T800,800ns_0ns,134900000.0,2.415808254060022,1.9331581009227436,0.07740269794199801
T800,800ns_0ns,135200000.0,2.118085051657819,2.0101079763087655,0.07560542655821102
T800,800ns_0ns,135500000.0,2.2083900975479587,2.321141798134941,0.075808774290974
T800,800ns_0ns,135800000.0,2.5562601830491682,2.2601799664678186,0.07698643015348214
T800,800ns_0ns,136100000.0,2.5499754468561395,1.919188871037328,0.07632803125991443
T800,800ns_0ns,136400000.0,2.242813422636346,1.9130937095919598,0.07439452374492346
T800,800ns_0ns,136700000.0,2.2504718117175817,2.2273411753852597,0.07412937194669725
T800,800ns_0ns,137000000.0,2.597008723338793,2.2478821691070725,0.07540116125110623
T800,800ns_0ns,137300000.0,2.6724315600455237,1.9123068706418955,0.07523498865604866
T800,800ns_0ns,137600000.0,2.376391688120398,1.8241657768438384,0.07331061395905358
T800,800ns_0ns,137900000.0,2.303651412641521,2.1211821837257046,0.07255636467275449
T800,800ns_0ns,138200000.0,2.6286041282106285,2.2196791295348195,0.07377381075411485
T800,800ns_0ns,138500000.0,2.780905632604912,1.9094342337272951,0.07409697044029932
T800,800ns_0ns,138800000.0,2.515486328021097,1.7452692689230525,0.07232972343066117
T800,800ns_0ns,139100000.0,2.36952995350527,2.005982430425542,0.07111265525251109
T800,800ns_0ns,139400000.0,2.65432080477589,2.174060866701203,0.07212725237212511
T800,800ns_0ns,139700000.0,2.873967429923332,1.9070943614564007,0.07289405849074528
T800,800ns_0ns,140000000.0,2.6564137392584404,1.677491205797092,0.0714212813761723
T800,800ns_0ns,140300000.0,2.4488267801303443,1.885358807424399,0.06981332942669206
T800,800ns_0ns,140600000.0,2.677670969684007,2.1104183032192956,0.07049035245407105
T800,800ns_0ns,140900000.0,2.9510934789125702,1.9016341683006603,0.07161463641291833
T800,800ns_0ns,141200000.0,2.7953658154518752,1.6210088174378534,0.07055080866776776
T800,800ns_0ns,141500000.0,2.5413421930641147,1.7629998236096973,0.06866364717269059
T800,800ns_0ns,141800000.0,2.7021757144800342,2.0290664931225626,0.06889568764664003
T800,800ns_0ns,142100000.0,3.0126760849999394,1.8894537448267914,0.0702564043370309
T800,800ns_0ns,142400000.0,2.9286393752098374,1.5750950701420874,0.06968293114114205
T800,800ns_0ns,142700000.0,2.6459773705789793,1.6424376599146329,0.06765798548426269
T800,800ns_0ns,143000000.0,2.7311393624437525,1.9312107989626701,0.06737672778428505
T800,800ns_0ns,143300000.0,3.059975740065718,1.8672291918607096,0.0688267478650316
T800,800ns_0ns,143600000.0,3.052855276817019,1.5381801469229162,0.06878439874437159
T800,800ns_0ns,143900000.0,2.7608093877188136,1.5268339733276592,0.06677993124829237
T800,800ns_0ns,144200000.0,2.7674409537896705,1.8188590460781626,0.06596465181345096
T800,800ns_0ns,144500000.0,3.095020797962793,1.8321150323631805,0.06734243470189269
T800,800ns_0ns,144800000.0,3.1651539219857954,1.5079641759621591,0.06782684517206501
T800,800ns_0ns,145100000.0,2.8832158193641524,1.418792401197111,0.06600354988640499
T800,800ns_0ns,145400000.0,2.8133554179726943,1.6946859477070746,0.06468506661870292
T800,800ns_0ns,145700000.0,3.1204614676066815,1.7819140817914112,0.0658286154050942
T800,800ns_0ns,146000000.0,3.2633555162879455,1.4815734304953443,0.06678909784665508
T800,800ns_0ns,146300000.0,3.0100404592279544,1.3202088671283754,0.06529566971723101
T800,800ns_0ns,146600000.0,2.870414964380481,1.561858923353401,0.06355499789442581
T800,800ns_0ns,146900000.0,3.139387864057009,1.7152048521252752,0.0643171106675794
T800,800ns_0ns,147200000.0,3.3460758052254786,1.4557496795269786,0.06565891969995621
T800,800ns_0ns,147500000.0,3.137789297087976,1.2321682897649389,0.06461887537682504
T800,800ns_0ns,147800000.0,2.9393185826805452,1.423836658247994,0.06258057634219086
T800,800ns_0ns,148100000.0,3.1551239094792773,1.63141933334555,0.06284399294792105
T800,800ns_0ns,148400000.0,3.4127908888634595,1.4270604982159305,0.06443411758357792
T800,800ns_0ns,148700000.0,3.262844211461613,1.1548933081726498,0.06393483325767867
T800,800ns_0ns,149000000.0,3.0198944628743885,1.2841532462179752,0.06175580759255648
T800,800ns_0ns,149300000.0,3.171010172916693,1.5308671596842889,0.06144652880207458
T800,800ns_0ns,149600000.0,3.4638479497447143,1.3921172528699532,0.06312298246950496
T800,800ns_0ns,149900000.0,3.381680946369926,1.087747351976231,0.06320758534419893
T800,800ns_0ns,150200000.0,3.1111168179756836,1.1462014408422705,0.061062672366111306
T800,800ns_0ns,150500000.0,3.1901892121660285,1.4147055258553691,0.06015964648284642
T800,800ns_0ns,150800000.0,3.500422104476723,1.3477872124394894,0.06174403530503153
T800,800ns_0ns,151100000.0,3.4910778900083814,1.0292910061760985,0.06240652306490463
T800,800ns_0ns,151400000.0,3.211175225542929,1.0130283808930491,0.06047258234756599
T800,800ns_0ns,151700000.0,3.2154066154295577,1.2848575621758889,0.05901222400196134
T800,800ns_0ns,152000000.0,3.524422899114245,1.2913868098827601,0.06032504598328552
T800,800ns_0ns,152300000.0,3.5883029495390923,0.9773873582866764,0.06150885218164151
T800,800ns_0ns,152600000.0,3.3175914042210377,0.8871561788922572,0.05994898399938488
T800,800ns_0ns,152900000.0,3.248839769266264,1.143885003106402,0.05802362664785008
T800,800ns_0ns,153200000.0,3.538357010015475,1.2208444359348825,0.05890128477945359
T800,800ns_0ns,153500000.0,3.671267359436055,0.9293490682980403,0.060501448022136424
T800,800ns_0ns,153800000.0,3.427375501449865,0.7704380394189956,0.0594507306048031
T800,800ns_0ns,154100000.0,3.291964486932922,0.9948237040632426,0.057201006680500405
T800,800ns_0ns,154400000.0,3.545156303288167,1.134823200334274,0.05751297680530957
T800,800ns_0ns,154700000.0,3.738637465304353,0.8821174465446657,0.05938205719794122
T800,800ns_0ns,155000000.0,3.537211657988852,0.6639582241019264,0.058935775754265736
T800,800ns_0ns,155300000.0,3.3454671452326212,0.8409927162235165,0.05653785051051826
T800,800ns_0ns,155600000.0,3.547982396317834,1.0327967055591722,0.05620198522035289
T800,800ns_0ns,155900000.0,3.789898246908297,0.8324620040166446,0.05815982381162476
T800,800ns_0ns,156200000.0,3.643660968673255,0.5679813560647029,0.0583647775349313
T800,800ns_0ns,156500000.0,3.409207060626157,0.6857890942972757,0.05601408769628692
T800,800ns_0ns,156800000.0,3.5500201417190844,0.9150738764986901,0.055007865958646665
T800,800ns_0ns,157100000.0,3.8253654092917535,0.777187855439595,0.05685511244054704
T800,800ns_0ns,157400000.0,3.743369068331976,0.4819534374376724,0.057704305776995285
T800,800ns_0ns,157700000.0,3.482230672278222,0.5324813072683791,0.055597792533707634
T800,800ns_0ns,158000000.0,3.554272949822621,0.782772085701892,0.05396361177752648
T800,800ns_0ns,158300000.0,3.8461460860741465,0.7133380620602643,0.05549857862857176
T800,800ns_0ns,158600000.0,3.833265480194985,0.40455373397704086,0.05692946797842425
T800,800ns_0ns,158900000.0,3.5628358877671222,0.38401401474550384,0.055248206232520365
T800,800ns_0ns,159200000.0,3.56337256059565,0.6377410080358661,0.05309159621459393
T800,800ns_0ns,159500000.0,3.8540513638387384,0.6383785045154385,0.05412941464751994
T800,800ns_0ns,159800000.0,3.910742564140983,0.3337935597220854,0.0560258743399017
T800,800ns_0ns,160100000.0,3.648681883215665,0.2428360801310595,0.05491959378794958
T800,800ns_0ns,160400000.0,3.5794147991130485,0.4824426352333328,0.05240036021504758
T800,800ns_0ns,160700000.0,3.8514667564942404,0.5503541344046643,0.05279269482072165
T800,800ns_0ns,161000000.0,3.973803338594642,0.2671551627641156,0.0549909266887409
T800,800ns_0ns,161300000.0,3.7369369188213764,0.11076208331586576,0.054565386419328434
T800,800ns_0ns,161600000.0,3.603831077215222,0.3197954996352682,0.051882864965339705
T800,800ns_0ns,161900000.0,3.841189257710281,0.4480073791017476,0.05153579110718288
T800,800ns_0ns,162200000.0,4.021169523897167,0.20176154134254212,0.053834434500453915
T800,800ns_0ns,162500000.0,3.824454496321394,-0.01112461985361768,0.05414213620866131
T800,800ns_0ns,162800000.0,3.63730305703316,0.15299324317957888,0.051516615313580025
T800,800ns_0ns,163100000.0,3.826241531275576,0.33085194092878234,0.050403958692030335
T800,800ns_0ns,163400000.0,4.052343730973665,0.1345662473299864,0.052578540683587284
T800,800ns_0ns,163700000.0,3.9079665779288546,-0.1225219213095965,0.05361296158709963
T800,800ns_0ns,164000000.0,3.6797251231023447,-0.014690898091509714,0.05126568352686174
T800,800ns_0ns,164300000.0,3.8096750540814073,0.19919807977549078,0.04943541513685192
T800,800ns_0ns,164600000.0,4.067622632804634,0.06255116174001513,0.05125689468828915
T800,800ns_0ns,164900000.0,3.9842816975258972,-0.22390966619538072,0.05295032118236043
T800,800ns_0ns,165200000.0,3.730216295794905,-0.1801014216303593,0.05108426743627759
T800,800ns_0ns,165500000.0,3.7943745375052083,0.05412851629586825,0.04865651374670867
T800,800ns_0ns,165800000.0,4.068061024081192,-0.01708009093832739,0.049912959929676426
T800,800ns_0ns,166100000.0,4.050475668940429,-0.31650171291071866,0.052138074007093714
T800,800ns_0ns,166400000.0,3.78718014823317,-0.34038748961755305,0.05092115256219138
T800,800ns_0ns,166700000.0,3.7828756989755576,-0.10257285028627848,0.04807783001955265
T800,800ns_0ns,167000000.0,4.0553897053274515,-0.10672497799215457,0.04859731246185218
T800,800ns_0ns,167300000.0,4.104063229255576,-0.4021530113894931,0.05117284948384006
T800,800ns_0ns,167600000.0,3.8484083503261672,-0.49316807129790674,0.05072439492691247
T800,800ns_0ns,167900000.0,3.7772074616356486,-0.26853433833192375,0.04769199144167655
T800,800ns_0ns,168200000.0,4.031892934602816,-0.20823186251242137,0.04736381641486431
T800,800ns_0ns,168500000.0,4.143140296581866,-0.4832280873560053,0.050064762566682186
T800,800ns_0ns,168800000.0,3.9112208347446615,-0.6366654107550901,0.050445672820834
T800,800ns_0ns,169100000.0,3.778767996729589,-0.44094439838426497,0.04747379667295556
T800,800ns_0ns,169400000.0,4.000253602472248,-0.3227856827038605,0.04626469801062462
T800,800ns_0ns,169700000.0,4.166488478691983,-0.562439613046755,0.04883747523532324
T800,800ns_0ns,170000000.0,3.972633417589439,-0.7697990289077679,0.050043975051011144
T800,800ns_100ns,20000000.0,-0.1657693788593348,1.553490108150695,0.07950296063028606
T800,800ns_100ns,20300000.0,-0.06771799327532012,1.4356704155252544,0.0736030009549426
T800,800ns_100ns,20600000.0,-0.1441626532446933,1.301593669385311,0.06581967991032017
T800,800ns_100ns,20900000.0,-0.26071889933999987,1.328663379619536,0.0645296180993763
T800,800ns_100ns,21200000.0,-0.23438580447362126,1.4155012917386773,0.06594411121454398
T800,800ns_100ns,21500000.0,-0.13458809947380038,1.3798916758133306,0.061338172337104514
T800,800ns_100ns,21800000.0,-0.13696063822587712,1.2617227764043784,0.05136609758515262
T800,800ns_100ns,22100000.0,-0.22761673234991783,1.2251997068901337,0.04521794625567937
T800,800ns_100ns,22400000.0,-0.2575129964537312,1.278156641383781,0.0455071528049927
T800,800ns_100ns,22700000.0,-0.20183767982728104,1.289310812990241,0.04314647490327847
T800,800ns_100ns,23000000.0,-0.17269415955545556,1.2218648633104676,0.034015004354496926
T800,800ns_100ns,23300000.0,-0.21392656849250571,1.168549610805387,0.02428663921895798
T800,800ns_100ns,23600000.0,-0.2512578105657782,1.1757100173510269,0.0223206595188589
T800,800ns_100ns,23900000.0,-0.23978663366380829,1.185721025215705,0.022010229030110937
T800,800ns_100ns,24200000.0,-0.2229870338472064,1.1583691512652283,0.015931813457377413
T800,800ns_100ns,24500000.0,-0.2339654810817892,1.126024119347645,0.005877271352039444
T800,800ns_100ns,24800000.0,-0.2481060780790358,1.1132099669992952,0.0025316476130841687
T800,800ns_100ns,25100000.0,-0.2500104681305498,1.0997001164982096,0.0038899466810013387
T800,800ns_100ns,25400000.0,-0.25869061224065015,1.078944980441262,0.002061794881585738
T800,800ns_100ns,25700000.0,-0.27285333797596456,1.0715949335218218,0.011279546338935837
T800,800ns_100ns,26000000.0,-0.2678382124662513,1.070164333219045,0.017904254440071942
T800,800ns_100ns,26300000.0,-0.2552001227853394,1.0442509082057632,0.018292937740885813
T800,800ns_100ns,26600000.0,-0.2721195712963202,1.0071070716024895,0.016271901672991043
T800,800ns_100ns,26900000.0,-0.3060944098419966,1.0030591869034013,0.02155933600752493
T800,800ns_100ns,27200000.0,-0.305936263826014,1.0227490537826067,0.02927617763019246
T800,800ns_100ns,27500000.0,-0.27568331759676445,1.0090382990622278,0.031044289999870713
T800,800ns_100ns,27800000.0,-0.27698793530534066,0.9588562294121383,0.027370292484742806
T800,800ns_100ns,28100000.0,-0.32133923809674486,0.9365676340744187,0.027380336558292907
T800,800ns_100ns,28400000.0,-0.3436973298659817,0.9628813460991913,0.03380168771684862
T800,800ns_100ns,28700000.0,-0.3138757300006857,0.9742457877599648,0.03721429417466075
T800,800ns_100ns,29000000.0,-0.2917963832194258,0.9313070062588501,0.03368022947831858
T800,800ns_100ns,29300000.0,-0.32514997773069376,0.888399947009773,0.029316155378688435
T800,800ns_100ns,29600000.0,-0.36685558007041047,0.9002998005505526,0.03223838177736608
T800,800ns_100ns,29900000.0,-0.3566418367971741,0.9284950439738249,0.0365956193468561
T800,800ns_100ns,30200000.0,-0.32355607690320126,0.9090621767189743,0.03462158117476379
T800,800ns_100ns,30500000.0,-0.3331968069300927,0.8611695902666971,0.02810794052981359
T800,800ns_100ns,30800000.0,-0.37621186308970145,0.8501228719710198,0.026374475392246383
T800,800ns_100ns,31100000.0,-0.38944224790186704,0.8758943798780144,0.030269317096498955
T800,800ns_100ns,31400000.0,-0.3644685667824036,0.8791352900626157,0.0304162701503472
T800,800ns_100ns,31700000.0,-0.3554435477707263,0.8441947121624274,0.02426306680480394
T800,800ns_100ns,32000000.0,-0.38378719413633827,0.8190026092470915,0.01845660172496864
T800,800ns_100ns,32300000.0,-0.4084290682098316,0.8291540034465514,0.020243444359812967
T800,800ns_100ns,32600000.0,-0.40123295869859693,0.8406925182921526,0.022167666284800443
T800,800ns_100ns,32900000.0,-0.3891628661498901,0.8245382344723611,0.018158765343437463
T800,800ns_100ns,33200000.0,-0.400773874732653,0.8011453120188415,0.010635313642559482
T800,800ns_100ns,33500000.0,-0.4213362927644958,0.7972958872786478,0.008961349474806098
T800,800ns_100ns,33800000.0,-0.4268170326898067,0.8029803126083674,0.011795747595330053
T800,800ns_100ns,34100000.0,-0.42365824219263915,0.7975968734698845,0.0103601448567662
T800,800ns_100ns,34400000.0,-0.4286650762505355,0.7852554381537388,0.004902954224393925
T800,800ns_100ns,34700000.0,-0.43882839310443217,0.7789292331532344,0.0017565999882170197
T800,800ns_100ns,35000000.0,-0.44473958231322397,0.7755722073476209,0.0038906792030552703
T800,800ns_100ns,35300000.0,-0.45046473782815005,0.7688229301771903,0.002009715106652433
T800,800ns_100ns,35600000.0,-0.4600392131797037,0.7645567288166814,0.004508735151479964
T800,800ns_100ns,35900000.0,-0.4652263706370164,0.7653592551869196,0.009120449048346092
T800,800ns_100ns,36200000.0,-0.4639311998650246,0.7603512644126663,0.009864386278461146
T800,800ns_100ns,36500000.0,-0.469687887704628,0.7469674124133969,0.0065409784641261145
T800,800ns_100ns,36800000.0,-0.4864350170496769,0.7411652376724467,0.007372236128564213
T800,800ns_100ns,37100000.0,-0.4962445850535731,0.7490544732451763,0.013304834636506188
T800,800ns_100ns,37400000.0,-0.49019669861364606,0.751381620245158,0.015701110907045852
T800,800ns_100ns,37700000.0,-0.48808856587937877,0.7359835960824294,0.012934262148265412
T800,800ns_100ns,38000000.0,-0.5055366891851142,0.722349233238376,0.010150303190353102
T800,800ns_100ns,38300000.0,-0.5242300951577917,0.7295387553885814,0.01420986564002898
T800,800ns_100ns,38600000.0,-0.5218927346992844,0.7412591158356014,0.018035805878106798
T800,800ns_100ns,38900000.0,-0.5120464096646705,0.7324539285381614,0.016679558739739718
T800,800ns_100ns,39200000.0,-0.521921813874137,0.7132610323861199,0.01224243128234804
T800,800ns_100ns,39500000.0,-0.5452080511517559,0.7123588934331567,0.012706649862119397
T800,800ns_100ns,39800000.0,-0.5525841678958887,0.7275230460839786,0.01689812072383581
T800,800ns_100ns,40100000.0,-0.5421276013536169,0.7296328144708161,0.01733044877439781
T800,800ns_100ns,40400000.0,-0.54193353907497,0.7127630138193316,0.013128989921094781
T800,800ns_100ns,40700000.0,-0.5615998242959354,0.7032306559538782,0.010062565131345527
T800,800ns_100ns,41000000.0,-0.5772321196246951,0.7138235686583078,0.013120737077462164
T800,800ns_100ns,41300000.0,-0.5734598464085364,0.723581513269662,0.01509953976456421
T800,800ns_100ns,41600000.0,-0.5679590254091296,0.7152511801601404,0.012376708147851592
T800,800ns_100ns,41900000.0,-0.579121028744786,0.7030554922830683,0.007478917445515075
T800,800ns_100ns,42200000.0,-0.5961673667336252,0.7057856948352182,0.00794315437531456
T800,800ns_100ns,42500000.0,-0.600601895010987,0.7159378726868546,0.010776267087496969
T800,800ns_100ns,42800000.0,-0.5969713927400568,0.7159322833522989,0.009920837949590072
T800,800ns_100ns,43100000.0,-0.6014277559102688,0.7078037239696945,0.005527807707007259
T800,800ns_100ns,43400000.0,-0.6139132520671537,0.7059044692715104,0.002663001131357811
T800,800ns_100ns,43700000.0,-0.6220984626510043,0.7115725050729141,0.005630819202025286
T800,800ns_100ns,44000000.0,-0.6238443851925654,0.7145780665952729,0.006181985399184016
T800,800ns_100ns,44300000.0,-0.6273508439949428,0.7125583504192183,0.0038881086432057655
T800,800ns_100ns,44600000.0,-0.6346838790942941,0.7118920450425693,0.0016632045334487686
T800,800ns_100ns,44900000.0,-0.6409643074323033,0.7139197265809983,0.0027051190626335986
T800,800ns_100ns,45200000.0,-0.6458964834717501,0.7148604596760891,0.0023932005849677776
T800,800ns_100ns,45500000.0,-0.6526178797704267,0.7156650414761524,0.0021065742883803894
T800,800ns_100ns,45800000.0,-0.658859135525565,0.7193086023247164,0.004410416396587705
T800,800ns_100ns,46100000.0,-0.6613379509820939,0.722264365840419,0.005406287055077705
T800,800ns_100ns,46400000.0,-0.6646589124904666,0.7205214581315094,0.0036178084585869654
T800,800ns_100ns,46700000.0,-0.6739129334810985,0.7194866310366034,0.0016257430883712953
T800,800ns_100ns,47000000.0,-0.6832453264225317,0.7255965451053843,0.0054675532888280535
T800,800ns_100ns,47300000.0,-0.6847135633105731,0.7329603930123127,0.0077311579945465855
T800,800ns_100ns,47600000.0,-0.6838089151029209,0.7320883503696933,0.006690623512451953
T800,800ns_100ns,47900000.0,-0.6914959089519801,0.7276472453559053,0.0036931459088940083
T800,800ns_100ns,48200000.0,-0.7043234200732819,0.7319018517501966,0.005197184788132883
T800,800ns_100ns,48500000.0,-0.7089943945892522,0.7429548268793452,0.008331224810555052
T800,800ns_100ns,48800000.0,-0.7055927673011059,0.7468248608829917,0.008490008126824185
T800,800ns_100ns,49100000.0,-0.7083836372248021,0.7416212974696655,0.005674387543012271
T800,800ns_100ns,49400000.0,-0.7212912996764477,0.7414704552148483,0.004332568697554181
T800,800ns_100ns,49700000.0,-0.7307516738582003,0.7522902204195002,0.00731710350523239
T800,800ns_100ns,50000000.0,-0.7289928933994883,0.7614827963216397,0.008664223972321961
T800,800ns_100ns,50300000.0,-0.7272897485622167,0.7596561734448521,0.006771726912709308
T800,800ns_100ns,50600000.0,-0.7363466107374672,0.7564771614931609,0.0037255449439209274
T800,800ns_100ns,50900000.0,-0.7483079153121778,0.7636051356783488,0.0051935438939132135
T800,800ns_100ns,51200000.0,-0.7509489386492225,0.7751128685925053,0.00736595921616639
T800,800ns_100ns,51500000.0,-0.7482460233703497,0.7786138161395804,0.006704338446442109
T800,800ns_100ns,51800000.0,-0.7523579794366454,0.7762080593742553,0.0036459576799600228
T800,800ns_100ns,52100000.0,-0.7629016662172312,0.7794773612268492,0.0026311575199266047
T800,800ns_100ns,52400000.0,-0.76916764271383,0.7895288495523862,0.00507399798031253
T800,800ns_100ns,52700000.0,-0.7688408491822963,0.7967568180564207,0.005524842399097192
T800,800ns_100ns,53000000.0,-0.7702703723704446,0.7979618936811288,0.003520589558620342
T800,800ns_100ns,53300000.0,-0.7772003501566499,0.8001717951408831,0.00045313969655805497
T800,800ns_100ns,53600000.0,-0.7839061180977366,0.8073455407488171,0.002570463706945765
T800,800ns_100ns,53900000.0,-0.7865189219913084,0.8149703180326977,0.0036126797221165035
T800,800ns_100ns,54200000.0,-0.7884985064680846,0.8195353144585605,0.0028366641658861412
T800,800ns_100ns,54500000.0,-0.7927863631558225,0.8236646016853151,0.0015396577806165545
T800,800ns_100ns,54800000.0,-0.7973391812598413,0.8295901927135826,0.0017825597911160008
T800,800ns_100ns,55100000.0,-0.8007022485270775,0.8355800046093861,0.001937218368078567
T800,800ns_100ns,55400000.0,-0.8045664522795805,0.8409558327909029,0.0015317984926604357
T800,800ns_100ns,55700000.0,-0.808903839226986,0.8476245921017932,0.002312736368256576
T800,800ns_100ns,56000000.0,-0.8113678555644648,0.8549889757603344,0.003129606066514123
T800,800ns_100ns,56300000.0,-0.8129378185034738,0.8600911069865123,0.0025201375564777068
T800,800ns_100ns,56600000.0,-0.8172969982381562,0.8640733479052553,0.00041642069892637335
T800,800ns_100ns,56900000.0,-0.8233790223061274,0.8713993327759668,0.0022305294340078663
T800,800ns_100ns,57200000.0,-0.8259504546928178,0.8813257416778678,0.004026199408177551
T800,800ns_100ns,57500000.0,-0.8251973506263305,0.8879279745751278,0.00394823120426413
T800,800ns_100ns,57800000.0,-0.8275992624137556,0.8906333712479448,0.002000805872753211
T800,800ns_100ns,58100000.0,-0.834647641500486,0.896296947426332,0.0016264795859089866
T800,800ns_100ns,58400000.0,-0.8393268231176745,0.9074423658962004,0.004011614778995312
T800,800ns_100ns,58700000.0,-0.8380250476973395,0.9171340415954947,0.004752951246878529
T800,800ns_100ns,59000000.0,-0.837350596497833,0.9206813497046936,0.003363085576339889
T800,800ns_100ns,59300000.0,-0.8430038855420392,0.9241314735766374,0.0013206661937677985
T800,800ns_100ns,59600000.0,-0.8497092137506725,0.9340751744439422,0.003198502367357473
T800,800ns_100ns,59900000.0,-0.8501515615846591,0.9461875910749656,0.004678710431063439
T800,800ns_100ns,60200000.0,-0.8475707267612292,0.9526363900059768,0.004086105489255028
T800,800ns_100ns,60500000.0,-0.8500852521642489,0.9554989570824193,0.001868799299266018
T800,800ns_100ns,60800000.0,-0.8568012147472609,0.9629433050468866,0.0019004677615232328
T800,800ns_100ns,61100000.0,-0.8597336697337096,0.9752285435377444,0.003821921806383709
T800,800ns_100ns,61400000.0,-0.8575531022451598,0.9847727027311379,0.004050690788345344
T800,800ns_100ns,61700000.0,-0.8572471583726805,0.9893091579035855,0.0024495576777199533
T800,800ns_100ns,62000000.0,-0.8618486365549871,0.9950831586334296,0.0005479069886172612
T800,800ns_100ns,62300000.0,-0.8659562792227992,1.0057010389745416,0.002490002738477793
T800,800ns_100ns,62600000.0,-0.8655962388404924,1.0166614342899443,0.0033409729185509573
T800,800ns_100ns,62900000.0,-0.864364681483753,1.023834648818446,0.0025664730286704732
T800,800ns_100ns,63200000.0,-0.8663460845434338,1.029959789617873,0.0007702845294345786
T800,800ns_100ns,63500000.0,-0.8695656989391004,1.0389019413432445,0.0012566135880866017
T800,800ns_100ns,63800000.0,-0.8705193728603192,1.0493260383054934,0.0022644072998088925
T800,800ns_100ns,64100000.0,-0.8700533632911844,1.0581955451363645,0.0021352714972339222
T800,800ns_100ns,64400000.0,-0.870673103193934,1.0660391725631662,0.0014160818403368312
T800,800ns_100ns,64700000.0,-0.8719909775995874,1.0748177884140226,0.0013210181214686216
T800,800ns_100ns,65000000.0,-0.8725589329196546,1.0841197361122001,0.001531816302953976
T800,800ns_100ns,65300000.0,-0.8729595250305408,1.0929418135393003,0.0013415643969042447
T800,800ns_100ns,65600000.0,-0.8738525804104182,1.1021620363347053,0.0014886581569439699
T800,800ns_100ns,65900000.0,-0.8739731212738232,1.1122287624735108,0.002025857762099088
T800,800ns_100ns,66200000.0,-0.8729350773440793,1.1214416512067074,0.0019357274224315439
T800,800ns_100ns,66500000.0,-0.8728806606318265,1.1293260668236191,0.0009475805446918184
T800,800ns_100ns,66800000.0,-0.8745185601171515,1.138436317857461,0.0010231889404810875
T800,800ns_100ns,67100000.0,-0.8749488997804616,1.1498506021819217,0.0023168664594951246
T800,800ns_100ns,67400000.0,-0.8726106734457246,1.1604267943377577,0.0026428543182279067
T800,800ns_100ns,67700000.0,-0.8707586349785603,1.1680423150183012,0.0016677504838262434
T800,800ns_100ns,68000000.0,-0.872119443168814,1.175922522710292,0.0002020445971166382
T800,800ns_100ns,68300000.0,-0.873645373056907,1.1874070583491347,0.0020582873079009827
T800,800ns_100ns,68600000.0,-0.8714119629306838,1.199775960547109,0.0029652117494427845
T800,800ns_100ns,68900000.0,-0.8676718831564019,1.208588422179308,0.0024448553475327327
T800,800ns_100ns,69200000.0,-0.8672809530106562,1.215514706302513,0.000748884763148876
T800,800ns_100ns,69500000.0,-0.8692381271760674,1.2257030857560647,0.001360827520949298
T800,800ns_100ns,69800000.0,-0.8682418589574921,1.2388805290441711,0.0027601371792427025
T800,800ns_100ns,70100000.0,-0.8638124519120702,1.249744908841778,0.0028254865177856883
T800,800ns_100ns,70400000.0,-0.8610983286973154,1.2570795033516966,0.001547459527838987
T800,800ns_100ns,70700000.0,-0.862001418521365,1.265737458313753,0.0004424053522197808
T800,800ns_100ns,71000000.0,-0.8620875095381831,1.2782269925077705,0.0021138934500298623
T800,800ns_100ns,71300000.0,-0.858345640272409,1.2906372551428993,0.002716810026588566
T800,800ns_100ns,71600000.0,-0.8540861733759102,1.29958155655319,0.0020110242920023786
T800,800ns_100ns,71900000.0,-0.8529315256184582,1.3077289676388069,0.00044649885255759026
T800,800ns_100ns,72200000.0,-0.8528597075506948,1.3187985170758008,0.0012758174376438901
T800,800ns_100ns,72500000.0,-0.8501877289515853,1.331392412177966,0.002203949382793208
T800,800ns_100ns,72800000.0,-0.8457406783345038,1.3419878610718685,0.0020499182987955577
T800,800ns_100ns,73100000.0,-0.8427747427106383,1.3509186160627922,0.0010872039980831336
T800,800ns_100ns,73400000.0,-0.8413446364942834,1.3610966582153217,0.0008028406104738265
T800,800ns_100ns,73700000.0,-0.8389301668251942,1.372853447713567,0.0015551602263531397
T800,800ns_100ns,74000000.0,-0.8350386025666667,1.3840820795772868,0.0017135031737198203
T800,800ns_100ns,74300000.0,-0.8313704098214433,1.3942459361221649,0.0013445015332850456
T800,800ns_100ns,74600000.0,-0.8283963736919494,1.4046780840318798,0.001141708657657094
T800,800ns_100ns,74900000.0,-0.825085508935756,1.4156937025536045,0.0012844361114801627
T800,800ns_100ns,75200000.0,-0.8213450005695904,1.4264832002682322,0.0012428506544551452
T800,800ns_100ns,75500000.0,-0.8178551247972193,1.4372219200747471,0.0011975951651192192
T800,800ns_100ns,75800000.0,-0.8141517999203047,1.4485633605040378,0.0014862740584612045
T800,800ns_100ns,76100000.0,-0.8095044097263645,1.45976559562708,0.0015967041944685895
T800,800ns_100ns,76400000.0,-0.8048937489722902,1.469928373751795,0.0011552620844696151
T800,800ns_100ns,76700000.0,-0.8014666245356898,1.4802132346999572,0.00077262038348504
T800,800ns_100ns,77000000.0,-0.797955545864286,1.4920756354348625,0.001482751737358509
T800,800ns_100ns,77300000.0,-0.7925548741884869,1.5042340938256553,0.0019489402457381576
T800,800ns_100ns,77600000.0,-0.7864589671469362,1.5145201739862335,0.001576884073728664
T800,800ns_100ns,77900000.0,-0.7821837764996553,1.5239433615075217,0.0005754817118058833
T800,800ns_100ns,78200000.0,-0.7789943475212198,1.5353308695442915,0.001125149316909686
T800,800ns_100ns,78500000.0,-0.773808643361602,1.5483039522101814,0.0020103337472798387
T800,800ns_100ns,78800000.0,-0.7665821884467344,1.5596046295447124,0.001996148698822403
T800,800ns_100ns,79100000.0,-0.7606540189161362,1.56872287343156,0.0010526349616444275
T800,800ns_100ns,79400000.0,-0.7570162802409385,1.5789796315538516,0.0005623162315658822
T800,800ns_100ns,79700000.0,-0.7524648970395938,1.5918449919549182,0.0017294079417713858
T800,800ns_100ns,80000000.0,-0.7450776864684159,1.6043302266648873,0.002138226255690234
T800,800ns_100ns,80300000.0,-0.7375369010361834,1.6141127979641436,0.0015490179726866608
T800,800ns_100ns,80600000.0,-0.7324923126997303,1.623495859348396,0.00041553088880638293
T800,800ns_100ns,80900000.0,-0.7280711985959082,1.6353724123942974,0.0012151715309198288
T800,800ns_100ns,81200000.0,-0.7212282482106233,1.6483336053162334,0.0019544104012076554
T800,800ns_100ns,81500000.0,-0.7128954101098772,1.6592802529024555,0.0017904560147375206
T800,800ns_100ns,81800000.0,-0.7061265560559394,1.668680968325451,0.0009098673274896431
T800,800ns_100ns,82100000.0,-0.7008786455918852,1.6794560553234033,0.0007538571661218536
T800,800ns_100ns,82400000.0,-0.6944383090105889,1.6919350095072747,0.0015465543157061753
T800,800ns_100ns,82700000.0,-0.6861689359661384,1.703672088018306,0.0017262068566998908
T800,800ns_100ns,83000000.0,-0.6782043848502002,1.7138030327565696,0.001249959170155836
T800,800ns_100ns,83300000.0,-0.6715489351305636,1.724129953226705,0.0008038954700258197
T800,800ns_100ns,83600000.0,-0.6647280409745028,1.7357129590194698,0.0011709424972528137
T800,800ns_100ns,83900000.0,-0.6567019914432972,1.7473840739661655,0.0014427872818729788
T800,800ns_100ns,84200000.0,-0.6483684094961778,1.7581938269660973,0.001304424620074081
T800,800ns_100ns,84500000.0,-0.640527595913388,1.76882399069107,0.0011017165816889652
T800,800ns_100ns,84800000.0,-0.6326454002003854,1.7798870151770239,0.0011491752823374099
T800,800ns_100ns,85100000.0,-0.6243141819967324,1.7909253976373947,0.001180951876157651
T800,800ns_100ns,85400000.0,-0.6159839576972838,1.8017372142189043,0.0011136606511877836
T800,800ns_100ns,85700000.0,-0.6076658067001465,1.8128338123241823,0.0012219372448568654
T800,800ns_100ns,86000000.0,-0.5987233431374099,1.824070678696092,0.0013799438201651546
T800,800ns_100ns,86300000.0,-0.5894040122077575,1.83463805114103,0.0012298938919908936
T800,800ns_100ns,86600000.0,-0.5807209904307005,1.8448262341341313,0.0008830669259199017
T800,800ns_100ns,86900000.0,-0.5724044253768242,1.8558678968332416,0.0010805388266162028
T800,800ns_100ns,87200000.0,-0.5630009376202838,1.8675820030797565,0.0015218240863145288
T800,800ns_100ns,87500000.0,-0.5525338641950983,1.8783142219099411,0.0015001679955192954
T800,800ns_100ns,87800000.0,-0.5428190186645309,1.8878715114450242,0.000950795093034876
T800,800ns_100ns,88100000.0,-0.5343102994215883,1.8981807734150882,0.0007708257984578425
T800,800ns_100ns,88400000.0,-0.5250275544714202,1.9099903546034143,0.001430101817157167
T800,800ns_100ns,88700000.0,-0.5139071321263452,1.9213346585268989,0.0016967209754490656
T800,800ns_100ns,89000000.0,-0.5028261802403453,1.9308341132719937,0.001273066794612262
T800,800ns_100ns,89300000.0,-0.4934601206205292,1.9402081792277797,0.0006093794994492047
T800,800ns_100ns,89600000.0,-0.48430710558882506,1.9513948177302598,0.0011297469436725386
T800,800ns_100ns,89900000.0,-0.4732106084110114,1.963163053568295,0.0016762590810783053
T800,800ns_100ns,90200000.0,-0.46108663331816496,1.9731959608218712,0.0015416706714962744
T800,800ns_100ns,90500000.0,-0.4503429965886264,1.9820683079945414,0.0008584416187750978
T800,800ns_100ns,90800000.0,-0.44075254748034126,1.992208282431383,0.0007905521995236675
T800,800ns_100ns,91100000.0,-0.4299333673827686,2.0037289453508413,0.0014460168647339596
T800,800ns_100ns,91400000.0,-0.4174518099305768,2.014359795243875,0.0016087731702583523
T800,800ns_100ns,91700000.0,-0.40540605813361164,2.023383175558573,0.001170087117477345
T800,800ns_100ns,92000000.0,-0.3947457755526696,2.032677800362882,0.0007290975880362478
T800,800ns_100ns,92300000.0,-0.3838417019306081,2.0433674531438895,0.0011382395084723533
T800,800ns_100ns,92600000.0,-0.3714549939120173,2.0540900246050455,0.001470807812575147
T800,800ns_100ns,92900000.0,-0.35867459629850806,2.0635543934527045,0.0013158032098055988
T800,800ns_100ns,93200000.0,-0.34677998722023606,2.0725879820974193,0.0009458777351018049
T800,800ns_100ns,93500000.0,-0.3351759987598243,2.0824034859224567,0.0009851078849113521
T800,800ns_100ns,93800000.0,-0.32275864348845157,2.0925995943556592,0.001243380070296391
T800,800ns_100ns,94100000.0,-0.30977868549814486,2.102213663895246,0.001260447177710451
T800,800ns_100ns,94400000.0,-0.29703424247098204,2.111397202470174,0.0011141102996291635
T800,800ns_100ns,94700000.0,-0.28441580316350473,2.120777180012085,0.0010833932966338642
T800,800ns_100ns,95000000.0,-0.2714561453319559,2.1302327744951466,0.001130519516518461
T800,800ns_100ns,95300000.0,-0.2583316876185218,2.1394344290968474,0.0010957366131988421
T800,800ns_100ns,95600000.0,-0.24526354569191944,2.1486527225274217,0.001101481479315448
T800,800ns_100ns,95900000.0,-0.23185479301925663,2.1580405168579317,0.0012247525005664578
T800,800ns_100ns,96200000.0,-0.2179708010692336,2.167056747757686,0.0012304047353081306
T800,800ns_100ns,96500000.0,-0.2042973276822674,2.175534736274521,0.0010184498167303817
T800,800ns_100ns,96800000.0,-0.19107829249807767,2.1842944521425554,0.0009423499559767718
T800,800ns_100ns,97100000.0,-0.17737822812559284,2.1937001482462635,0.0012294891747338978
T800,800ns_100ns,97400000.0,-0.16267239239278436,2.202732511048879,0.0013879484791882353
T800,800ns_100ns,97700000.0,-0.1480193961689864,2.2106777632693904,0.001149212278967226
T800,800ns_100ns,98000000.0,-0.13433495952771515,2.218585304145977,0.0008089124980407745
T800,800ns_100ns,98300000.0,-0.12062601760769559,2.227575211098706,0.001068932804942696
T800,800ns_100ns,98600000.0,-0.10557412341373759,2.236759480799444,0.001432551103881298
T800,800ns_100ns,98900000.0,-0.0899126078008027,2.2446413212348366,0.0013526840626046396
T800,800ns_100ns,99200000.0,-0.0752813581553124,2.2517579313405576,0.0008975160689128598
T800,800ns_100ns,99500000.0,-0.0613676261451636,2.2598499052277345,0.0008445305905861014
T800,800ns_100ns,99800000.0,-0.04637456243571706,2.2688483693224013,0.0013129395770163385
T800,800ns_100ns,100100000.0,-0.03011516512789199,2.2769499975901453,0.0014591251748677352
T800,800ns_100ns,100400000.0,-0.0143444260657171,2.2837138682739506,0.0011213957351658792
T800,800ns_100ns,100700000.0,0.00026120253515910744,2.290795873272012,0.0007661662467418893
T800,800ns_100ns,101000000.0,0.015217460150137734,2.2990802549615084,0.0010915010297824768
T800,800ns_100ns,101300000.0,0.03158388820948815,2.307226337711412,0.0014070946346004282
T800,800ns_100ns,101600000.0,0.048224677352581374,2.3140403039112103,0.0012833464400313437
T800,800ns_100ns,101900000.0,0.06386171325914278,2.32043570505809,0.0009084005812383668
T800,800ns_100ns,102200000.0,0.07918503295725542,2.327724806016703,0.0009249045348902117
T800,800ns_100ns,102500000.0,0.09549676772976445,2.3354322345788163,0.0012416057181227718
T800,800ns_100ns,102800000.0,0.11252126536340355,2.3423075963583715,0.001298956708817313
T800,800ns_100ns,103100000.0,0.12909964330313908,2.3484523237564137,0.0010768468523880718
T800,800ns_100ns,103400000.0,0.1451965437228752,2.354903685632848,0.0009450613135459048
T800,800ns_100ns,103700000.0,0.16171201131824492,2.3617926851441395,0.0010930812346623704
T800,800ns_100ns,104000000.0,0.17883392256526634,2.368362660552494,0.0011951191057268842
T800,800ns_100ns,104300000.0,0.19594913156720095,2.3744083412247954,0.0011302500026111328
T800,800ns_100ns,104600000.0,0.21287612191732036,2.3804104396114227,0.0010627041809028854
T800,800ns_100ns,104900000.0,0.22998792001550064,2.3864920089325565,0.0010866673686191998
T800,800ns_100ns,105200000.0,0.24732653410064104,2.392356734037552,0.001087635564767598
T800,800ns_100ns,105500000.0,0.264641072600496,2.3980583084679568,0.0010587938530632465
T800,800ns_100ns,105800000.0,0.28209060159721916,2.4038370221560497,0.0011158291706476104
T800,800ns_100ns,106100000.0,0.2999445012337124,2.4094296205544583,0.001183956153114038
T800,800ns_100ns,106400000.0,0.3178509204817355,2.4145011675645662,0.0011016817992864068
T800,800ns_100ns,106700000.0,0.3353824403681337,2.4194686627858037,0.0009579536256660229
T800,800ns_100ns,107000000.0,0.35299549220096543,2.424872949547408,0.001046449043576456
T800,800ns_100ns,107300000.0,0.3713619017791691,2.4302496913652956,0.0012452417701381343
T800,800ns_100ns,107600000.0,0.39004868956578037,2.4347883417563105,0.0012206339881301166
T800,800ns_100ns,107900000.0,0.4081132861464998,2.43885135936962,0.0009666077918146573
T800,800ns_100ns,108200000.0,0.42581526330284325,2.443497827312525,0.0009095696632795963
T800,800ns_100ns,108500000.0,0.44431106425088307,2.4485997338082233,0.0011918918676802077
T800,800ns_100ns,108800000.0,0.4636316599527987,2.4529300587668366,0.0013182151883312572
T800,800ns_100ns,109100000.0,0.48251655901527707,2.4562795273180673,0.0011008578813189438
T800,800ns_100ns,109400000.0,0.5005725505921197,2.459902019716097,0.0008437505433962853
T800,800ns_100ns,109700000.0,0.5190106983908482,2.4643713360144113,0.0010441683679104509
T800,800ns_100ns,110000000.0,0.538577775109495,2.4685544270724074,0.0013089452015868487
T800,800ns_100ns,110300000.0,0.5582554257465714,2.4715479393588184,0.0012385766686939048
T800,800ns_100ns,110600000.0,0.5770124776338622,2.4742244405174696,0.0009315278208074468
T800,800ns_100ns,110900000.0,0.5955566135396206,2.4777084494079866,0.0009081932505064848
T800,800ns_100ns,111200000.0,0.6150723003286964,2.4814681453393344,0.0011953086086970936
T800,800ns_100ns,111500000.0,0.6352107182892798,2.48429428995855,0.001282417535860066
T800,800ns_100ns,111800000.0,0.6547775771993702,2.486354432833714,0.0010753885246855394
T800,800ns_100ns,112100000.0,0.6737743231056206,2.488790698747904,0.0009008763216927685
T800,800ns_100ns,112400000.0,0.6932632235269245,2.491744972158212,0.00105895315838117
T800,800ns_100ns,112700000.0,0.7135056522353941,2.4942561999066246,0.0012203825438390809
T800,800ns_100ns,113000000.0,0.7336607585735911,2.495971456796669,0.0011539114918564064
T800,800ns_100ns,113300000.0,0.7533193601121971,2.497600249443198,0.000996938842116154
T800,800ns_100ns,113600000.0,0.7730618434069456,2.4995721419571333,0.001008793232730796
T800,800ns_100ns,113900000.0,0.793309098489289,2.5014252203408978,0.0011189571289803052
T800,800ns_100ns,114200000.0,0.813704799233096,2.5027722055732853,0.0011314090315881148
T800,800ns_100ns,114500000.0,0.8339199139855937,2.5038822887887706,0.0010726843981196646
T800,800ns_100ns,114800000.0,0.8541644418210457,2.5050076926795617,0.0010622124516473205
T800,800ns_100ns,115100000.0,0.8746076845331087,2.5059664687936145,0.001078921092785983
T800,800ns_100ns,115400000.0,0.8950689639646942,2.5066699765842335,0.0010578659119282853
T800,800ns_100ns,115700000.0,0.9155354798181937,2.5073224498543945,0.0010604548893571536
T800,800ns_100ns,116000000.0,0.9362617492117788,2.5078719163055916,0.0011243570745778227
T800,800ns_100ns,116300000.0,0.9571530253778509,2.507990835668125,0.0011330086442691567
T800,800ns_100ns,116600000.0,0.9777970823520964,2.5077894513066523,0.0010311066659208445
T800,800ns_100ns,116900000.0,0.9982946419159076,2.5077685503861002,0.000983932629415838
T800,800ns_100ns,117200000.0,1.0192366073083285,2.5078619735568384,0.0011130476351059874
T800,800ns_100ns,117500000.0,1.0406205133431077,2.5073935009697514,0.0012069449149343403
T800,800ns_100ns,117800000.0,1.0617014674874856,2.506274500414777,0.0010988569814317293
T800,800ns_100ns,118100000.0,1.0822817093279518,2.5052949496496404,0.0009348183019906652
T800,800ns_100ns,118400000.0,1.1031731490241679,2.5047730036391074,0.0010244610450411218
T800,800ns_100ns,118700000.0,1.1248240292200054,2.5038998398173087,0.0012171617992318313
T800,800ns_100ns,119000000.0,1.1464599432100897,2.5020933429426644,0.001199850855172946
T800,800ns_100ns,119300000.0,1.1673733240801893,2.5000614301255286,0.000986318440785542
T800,800ns_100ns,119600000.0,1.1881808028857128,2.4986205751524855,0.0009303492786964914
T800,800ns_100ns,119900000.0,1.2097901998885083,2.4972650108263235,0.0011432470951462505
T800,800ns_100ns,120200000.0,1.2318259920842045,2.4950165880583213,0.0012481970141396085
T800,800ns_100ns,120500000.0,1.2532691382169983,2.492105947942393,0.0010980932270081944
T800,800ns_100ns,120800000.0,1.2742025595232367,2.4895602876706704,0.0009228339939489408
T800,800ns_100ns,121100000.0,1.2956337840155618,2.487438687341346,0.0010356770457923639
T800,800ns_100ns,121400000.0,1.3177563932024743,2.4847778729041163,0.0012121567376596127
T800,800ns_100ns,121700000.0,1.3396777073892345,2.4812617056393105,0.0011783342661618932
T800,800ns_100ns,122000000.0,1.3609810184870104,2.4776887887657413,0.0010041014469465838
T800,800ns_100ns,122300000.0,1.3823579390020628,2.4745488765638717,0.0009814542203568453
T800,800ns_100ns,122600000.0,1.4043464231955967,2.4712621423234555,0.0011274495538655851
T800,800ns_100ns,122900000.0,1.426481548531095,2.46726605496382,0.0011808949854439932
T800,800ns_100ns,123200000.0,1.4482037453083951,2.4629120947344743,0.0010875701696684088
T800,800ns_100ns,123500000.0,1.4697633902178615,2.4587299222549497,0.001016098963933406
T800,800ns_100ns,123800000.0,1.4916420842701525,2.454550827085435,0.0010709259972721886
T800,800ns_100ns,124100000.0,1.513734311913322,2.449952376626538,0.0011279416112262174
T800,800ns_100ns,124400000.0,1.5356870490357415,2.4449957807903933,0.001108451863899464
T800,800ns_100ns,124700000.0,1.5575419431242055,2.439958382031372,0.0010794867518977495
T800,800ns_100ns,125000000.0,1.5795053358172157,2.434791715559585,0.0010893563730768848
T800,800ns_100ns,125300000.0,1.601502460338385,2.4293477975480275,0.0010886703103255794
T800,800ns_100ns,125600000.0,1.6234309078115872,2.4237414786108094,0.001070842199600004
T800,800ns_100ns,125900000.0,1.6454596958961403,2.4180439298347056,0.0010982653176135552
T800,800ns_100ns,126200000.0,1.6676505033087374,2.412020783735475,0.0011449763808474586
T800,800ns_100ns,126500000.0,1.689702951066654,2.4055944736961123,0.0011156914669901404
T800,800ns_100ns,126800000.0,1.7115032637092131,2.399123731066747,0.0010358083020180567
T800,800ns_100ns,127100000.0,1.7334600789440042,2.392774562891405,0.0010563612895497863
T800,800ns_100ns,127400000.0,1.7558093081350497,2.3860991603644086,0.0011675313613330413
T800,800ns_100ns,127700000.0,1.7780833501749962,2.3787755777633732,0.001184904598711218
T800,800ns_100ns,128000000.0,1.7998678051412156,2.3712663874039643,0.0010644845649266633
T800,800ns_100ns,128300000.0,1.8215986638973758,2.3640765910010373,0.0010013030278558522
T800,800ns_100ns,128600000.0,1.8438686389078929,2.356815520559918,0.0011271532518818395
T800,800ns_100ns,128900000.0,1.866354325014577,2.348808297128742,0.0012297700594474652
T800,800ns_100ns,129200000.0,1.888313781662578,2.3402889808229186,0.0011470354346359544
T800,800ns_100ns,129500000.0,1.9098781024173208,2.332044432610721,0.001002507852708131
T800,800ns_100ns,129800000.0,1.931858485682555,2.32405242183331,0.0010546705211480682
T800,800ns_100ns,130100000.0,1.9543466901283078,2.3154967146609375,0.001211987072165644
T800,800ns_100ns,130400000.0,1.9765456626677107,2.3061689233961458,0.0012190829976838724
T800,800ns_100ns,130700000.0,1.998137712730875,2.2968205660031966,0.0010730873726735553
T800,800ns_100ns,131000000.0,2.0198092302490562,2.2878631163000316,0.0010173357917615076
T800,800ns_100ns,131300000.0,2.0420501267731717,2.2786882733506184,0.0011487093492779145
T800,800ns_100ns,131600000.0,2.064343259439077,2.268743067654167,0.001234075026078718
T800,800ns_100ns,131900000.0,2.0860945152923693,2.25844207031293,0.0011556806345165173
T800,800ns_100ns,132200000.0,2.1076141572758154,2.24839443341286,0.0010516160740785506
T800,800ns_100ns,132500000.0,2.129505121280476,2.238387253549799,0.001098083995223163
T800,800ns_100ns,132800000.0,2.1516443013631927,2.2278398665670043,0.0011976841442287666
T800,800ns_100ns,133100000.0,2.173490786823549,2.2167939719646568,0.001194091143331451
T800,800ns_100ns,133400000.0,2.1950209888768395,2.2057335291239104,0.0011197403307014815
T800,800ns_100ns,133700000.0,2.216653486336051,2.1947253507670337,0.0011064194147987773
T800,800ns_100ns,134000000.0,2.2384793316836085,2.1834161368752287,0.001159236045090258
T800,800ns_100ns,134300000.0,2.2602096301490198,2.1717057991771274,0.0011811322992361316
T800,800ns_100ns,134600000.0,2.281753309474159,2.159820721257677,0.001161191450507165
T800,800ns_100ns,134900000.0,2.3032844991990054,2.1478235914028074,0.0011565937581654924
T800,800ns_100ns,135200000.0,2.324825653295227,2.1355750367416935,0.0011673004748656314
T800,800ns_100ns,135500000.0,2.346256309188337,2.1230967189032137,0.0011575950844419888
T800,800ns_100ns,135800000.0,2.3676456299104,2.1105034485122265,0.0011545932592848533
T800,800ns_100ns,136100000.0,2.389120181029816,2.0976759348743896,0.001193186670754757
T800,800ns_100ns,136400000.0,2.4105164670004036,2.084455530054815,0.0012176470076081052
T800,800ns_100ns,136700000.0,2.431629567731015,2.0710358737920775,0.0011736579770550706
T800,800ns_100ns,137000000.0,2.4526697358664555,2.0576751548932104,0.0011302039438205375
T800,800ns_100ns,137300000.0,2.4739554709064913,2.044158421765522,0.0011843902951308174
T800,800ns_100ns,137600000.0,2.4952843516904504,2.030100010208566,0.0012617776593051144
T800,800ns_100ns,137900000.0,2.516205091478965,2.015668075457144,0.0012349170081441595
T800,800ns_100ns,138200000.0,2.5368344957142908,2.0013692653814603,0.0011400414097248394
T800,800ns_100ns,138500000.0,2.5577239737284434,1.9871489905660042,0.0011479643555478687
T800,800ns_100ns,138800000.0,2.578892870441735,1.9724208439525432,0.0012620869696844895
T800,800ns_100ns,139100000.0,2.5997359095145325,1.9570791124674214,0.0012983618294512822
T800,800ns_100ns,139400000.0,2.620056433743433,1.941725732812139,0.001201911942295718
T800,800ns_100ns,139700000.0,2.640433882593914,1.9266439715201489,0.0011343186321709122
T800,800ns_100ns,140000000.0,2.6612329444135203,1.9112910198408835,0.0012247084473490351
T800,800ns_100ns,140300000.0,2.6819635339754337,1.895225590230958,0.0013220529382518503
T800,800ns_100ns,140600000.0,2.7021197444203695,1.8788669426137183,0.0012797892464931362
T800,800ns_100ns,140900000.0,2.7220387550704346,1.8627661308142915,0.0011754482655664293
T800,800ns_100ns,141200000.0,2.7422987855631766,1.846670720406042,0.0011932667620070515
T800,800ns_100ns,141500000.0,2.7627339524235235,1.8299895457180078,0.0013023107766428278
T800,800ns_100ns,141800000.0,2.782757595703995,1.8127997399509945,0.0013274621477861385
T800,800ns_100ns,142100000.0,2.802363371811086,1.7956624269818728,0.0012485511146232307
T800,800ns_100ns,142400000.0,2.822071284492075,1.7786536589683084,0.001208260125408925
T800,800ns_100ns,142700000.0,2.8420135642615967,1.7613023284487015,0.0012743464026020554
T800,800ns_100ns,143000000.0,2.8617754128408928,1.7434308491890746,0.0013316820324351416
T800,800ns_100ns,143300000.0,2.8811490993187827,1.7253893433831398,0.001306027309495351
T800,800ns_100ns,143600000.0,2.9004189386260637,1.7073953280311611,0.0012633983371805012
T800,800ns_100ns,143900000.0,2.919795794512739,1.6892224559508544,0.0012801562828666647
T800,800ns_100ns,144200000.0,2.9391028926660616,1.6706761555826528,0.0013193277511692526
T800,800ns_100ns,144500000.0,2.9581720149407285,1.6518899779615297,0.0013247865512822814
T800,800ns_100ns,144800000.0,2.9771050607096194,1.6329938558546588,0.0013162658100478323
T800,800ns_100ns,145100000.0,2.9959883297029366,1.6138994769146036,0.001325346301697485
T800,800ns_100ns,145400000.0,3.0147315270013975,1.5945605035375674,0.0013313550876582223
T800,800ns_100ns,145700000.0,3.0333236570813504,1.5750789871562707,0.0013227299012620983
T800,800ns_100ns,146000000.0,3.0518895821909147,1.5554334521073099,0.0013363599457509746
T800,800ns_100ns,146300000.0,3.070383953233971,1.5354622301099234,0.001375597832146548
T800,800ns_100ns,146600000.0,3.0885999998677898,1.5152183631672007,0.001380904326602001
T800,800ns_100ns,146900000.0,3.1065835005844575,1.4949532273724677,0.0013393004296299803
T800,800ns_100ns,147200000.0,3.1246288711392123,1.4746384101155776,0.0013318565972105885
T800,800ns_100ns,147500000.0,3.1427373145430995,1.4539363026753063,0.0013969147719386733
T800,800ns_100ns,147800000.0,3.1605338529247557,1.4327997326906334,0.0014405723029586905
T800,800ns_100ns,148100000.0,3.177913621355458,1.4116267553813227,0.0013944852922669953
T800,800ns_100ns,148400000.0,3.1952835327894147,1.3905833255683575,0.0013395468919696178
T800,800ns_100ns,148700000.0,3.212873097299019,1.3692639407930651,0.0013882693466852186
T800,800ns_100ns,149000000.0,3.230291534716341,1.3473711090973342,0.0014747330892298158
T800,800ns_100ns,149300000.0,3.247174891158564,1.3252621942728744,0.0014675071776356341
T800,800ns_100ns,149600000.0,3.263831766437946,1.3033569892765835,0.001387089003237859
T800,800ns_100ns,149900000.0,3.2807262704668476,1.2814034346358265,0.0013812579616463477
T800,800ns_100ns,150200000.0,3.2976701929012835,1.258901466778647,0.001474377371333143
T800,800ns_100ns,150500000.0,3.314139772960447,1.235965572239999,0.0015216576522321776
T800,800ns_100ns,150800000.0,3.3301714178077626,1.2131242509483533,0.0014628372154032088
T800,800ns_100ns,151100000.0,3.346281320609742,1.190414185247613,0.0014094565852400846
T800,800ns_100ns,151400000.0,3.362572738111337,1.167341957775217,0.0014639295419840526
T800,800ns_100ns,151700000.0,3.3785857946141906,1.143741592063334,0.0015406919629967414
T800,800ns_100ns,152000000.0,3.3941001460331486,1.1200251234001555,0.0015307185204664682
T800,800ns_100ns,152300000.0,3.4094703526177543,1.096451057444597,0.0014730604747708001
T800,800ns_100ns,152600000.0,3.4249774124823906,1.0727228121116628,0.0014783232328351298
T800,800ns_100ns,152900000.0,3.440381516277295,1.048547020208983,0.0015413539114443931
T800,800ns_100ns,153200000.0,3.4553882219717167,1.0241053395619275,0.0015677083695939393
T800,800ns_100ns,153500000.0,3.470124356546914,0.999677302365802,0.0015407514590073102
T800,800ns_100ns,153800000.0,3.4848420859424274,0.9751789345094405,0.0015278869840721736
T800,800ns_100ns,154100000.0,3.499487732078098,0.950389315439704,0.0015567193509253964
T800,800ns_100ns,154400000.0,3.5138739659154354,0.9253396950560612,0.0015826591418433768
T800,800ns_100ns,154700000.0,3.528019415713163,0.9001785856009895,0.0015845720450074752
T800,800ns_100ns,155000000.0,3.542033068689651,0.8748843499049065,0.0015891448110524665
T800,800ns_100ns,155300000.0,3.5558769652398863,0.8493791367865652,0.0016033618988073985
T800,800ns_100ns,155600000.0,3.5694946082630854,0.8237226696103269,0.0016055786776167126
T800,800ns_100ns,155900000.0,3.5829717582577905,0.7979558026735704,0.0016054239138050912
T800,800ns_100ns,156200000.0,3.5963418573608377,0.7719590666612718,0.0016324754190317474
T800,800ns_100ns,156500000.0,3.6094481278135957,0.745691359995052,0.0016651772547184728
T800,800ns_100ns,156800000.0,3.6222278645885955,0.7193410995677018,0.0016571699696237834
T800,800ns_100ns,157100000.0,3.6348934783984066,0.6929994272449872,0.0016295566938734334
T800,800ns_100ns,157400000.0,3.647570681512226,0.666433942804286,0.0016516179351604785
T800,800ns_100ns,157700000.0,3.66001403382323,0.6394741635061988,0.0017129433728975897
T800,800ns_100ns,158000000.0,3.672001506306516,0.6123638594492309,0.0017275794747462815
T800,800ns_100ns,158300000.0,3.6837604376660957,0.5853741677351997,0.0016813884021941012
T800,800ns_100ns,158600000.0,3.6956062836866312,0.5583026608851519,0.0016680557415034946
T800,800ns_100ns,158900000.0,3.707369894667585,0.5307909608862794,0.001734409817184624
T800,800ns_100ns,159200000.0,3.718654576211975,0.5029616651328453,0.0017886036255295168
T800,800ns_100ns,159500000.0,3.7295256350006385,0.47523661526637884,0.001757771278492554
T800,800ns_100ns,159800000.0,3.7404156952384247,0.4476096563882778,0.0017092373242538889
T800,800ns_100ns,160100000.0,3.751377170057289,0.4196463365736267,0.0017451070494344286
T800,800ns_100ns,160400000.0,3.761983306834115,0.391232840068904,0.0018228314834422975
T800,800ns_100ns,160700000.0,3.772059254791687,0.36277278041550876,0.0018324985340440803
T800,800ns_100ns,161000000.0,3.7819714505510196,0.3344925509887223,0.0017800992570837421
T800,800ns_100ns,161300000.0,3.791986169815303,0.30606869727789304,0.0017731421450944132
T800,800ns_100ns,161600000.0,3.8018265380852436,0.2772020838542306,0.001839153554806819
T800,800ns_100ns,161900000.0,3.811168796117,0.24811561638425556,0.0018837127439805322
T800,800ns_100ns,162200000.0,3.820177316467565,0.219142500226675,0.0018588527958128803
T800,800ns_100ns,162500000.0,3.8291797233063276,0.1901721401000229,0.0018311616321346218
T800,800ns_100ns,162800000.0,3.838111621620102,0.1608901289631886,0.0018635977003380849
T800,800ns_100ns,163100000.0,3.846677728550952,0.1313181084432738,0.0019135037748691012
T800,800ns_100ns,163400000.0,3.8548620105692266,0.10172188590441775,0.001920728233612939
T800,800ns_100ns,163700000.0,3.862892564110037,0.07214228518472755,0.0019042767274877067
T800,800ns_100ns,164000000.0,3.8708210915068495,0.04238799711532998,0.001913846618844376
T800,800ns_100ns,164300000.0,3.878489010475796,0.012403811716245345,0.0019442246332264778
T800,800ns_100ns,164600000.0,3.8858437864621194,-0.017684287078722924,0.001961274659118786
T800,800ns_100ns,164900000.0,3.8929806918393304,-0.04783783657382024,0.0019674499741141227
T800,800ns_100ns,165200000.0,3.8999139444470425,-0.07813170285837272,0.001982072179153758
T800,800ns_100ns,165500000.0,3.906576753313869,-0.10855445272503872,0.0019961062909626703
T800,800ns_100ns,165800000.0,3.9130043930944156,-0.13904083388838465,0.001998457018341564
T800,800ns_100ns,166100000.0,3.9192664129937897,-0.16965211744602027,0.0020106936553792175
T800,800ns_100ns,166400000.0,3.9252750402528913,-0.20047396694732186,0.0020450679973896555
T800,800ns_100ns,166700000.0,3.9309169373318924,-0.23140041444914172,0.0020670942105367237
T800,800ns_100ns,167000000.0,3.9363050983333285,-0.26228713162225503,0.0020538546972515524
T800,800ns_100ns,167300000.0,3.941615015252503,-0.29324811904575665,0.0020472066503705627
T800,800ns_100ns,167600000.0,3.9467374273229345,-0.3244943630177777,0.0020886927311693612
T800,800ns_100ns,167900000.0,3.951422883794912,-0.35593382867094137,0.0021364631890790566
T800,800ns_100ns,168200000.0,3.955732935839835,-0.3872846549460252,0.002130523992094827
T800,800ns_100ns,168500000.0,3.9599722400297352,-0.4185722419756423,0.002099272550509379
T800,800ns_100ns,168800000.0,3.9641542996437797,-0.45011901873571725,0.0021210401256508077
T800,800ns_100ns,169100000.0,3.9679440368452132,-0.4819846732732016,0.0021868832934314885
T800,800ns_100ns,169400000.0,3.9712291565158164,-0.513834091514843,0.0022106288875203862
T800,800ns_100ns,169700000.0,3.974330328297219,-0.5455049585074924,0.0021753196512287365
T800,800ns_100ns,170000000.0,3.9774532405849667,-0.5772958186010926,0.002163922819861522
T800,800ns_200ns,20000000.0,-0.16535076093012457,1.4704175571316493,0.022125937217956596
T800,800ns_200ns,20300000.0,-0.14637845515747086,1.4251276433710267,0.018641617236358248
T800,800ns_200ns,20600000.0,-0.16406498322000632,1.3750063068533314,0.01228250165138394
T800,800ns_200ns,20900000.0,-0.19355246129168646,1.357270963365975,0.01152110831851686
T800,800ns_200ns,21200000.0,-0.1978432490243417,1.355805671036517,0.014501373881962265
T800,800ns_200ns,21500000.0,-0.18543398904787187,1.3365222665787273,0.013378480958442102
T800,800ns_200ns,21800000.0,-0.18555563106300127,1.3023711736328332,0.007605117355450139
T800,800ns_200ns,22100000.0,-0.19822926382999595,1.2768811687628168,0.0008848365590899505
T800,800ns_200ns,22400000.0,-0.2053375231505571,1.2605471858511479,0.0039420991931095155
T800,800ns_200ns,22700000.0,-0.20790961703960278,1.2394825494392936,0.003166016154104814
T800,800ns_200ns,23000000.0,-0.2173762122030068,1.2175089684331777,0.0026140210956630016
T800,800ns_200ns,23300000.0,-0.22674849289409513,1.2056553105612497,0.008904134550963451
T800,800ns_200ns,23600000.0,-0.22348507732528122,1.194334399333817,0.01254190472692304
T800,800ns_200ns,23900000.0,-0.2184614373555903,1.1681352458360432,0.011166445615036264
T800,800ns_200ns,24200000.0,-0.23054805286196461,1.137545805230892,0.007071065565047596
T800,800ns_200ns,24500000.0,-0.2513414205849938,1.1247170937265518,0.009685084464200277
T800,800ns_200ns,24800000.0,-0.25628342038885227,1.1247743118510263,0.01491108505101587
T800,800ns_200ns,25100000.0,-0.2457981933489461,1.1121694678132068,0.015599011003983788
T800,800ns_200ns,25400000.0,-0.24476212716231677,1.0826743694200347,0.011036190706553343
T800,800ns_200ns,25700000.0,-0.26154198974948517,1.0589532018808536,0.0057717317167380235
T800,800ns_200ns,26000000.0,-0.2768414458124353,1.0524570370447812,0.008538675118366397
T800,800ns_200ns,26300000.0,-0.2775095963811827,1.047889195954509,0.011184070603884808
T800,800ns_200ns,26600000.0,-0.2748191489449916,1.03189235921476,0.009224413754780753
T800,800ns_200ns,26900000.0,-0.28100520513049493,1.0122995521403841,0.004133237203679072
T800,800ns_200ns,27200000.0,-0.29063626547437793,0.9993171378498807,0.002478836078596428
T800,800ns_200ns,27500000.0,-0.29589898289306354,0.9886801639240882,0.004295773461641106
T800,800ns_200ns,27800000.0,-0.30108950164948256,0.9748057265413503,0.0026864703125197387
T800,800ns_200ns,28100000.0,-0.310178928778763,0.9629976361146565,0.003971208144378991
T800,800ns_200ns,28400000.0,-0.3162696099004153,0.9565665257732966,0.008408662677419267
T800,800ns_200ns,28700000.0,-0.31563994521659333,0.946935718795637,0.009832475383033817
T800,800ns_200ns,29000000.0,-0.3181536890933956,0.9290251127960919,0.006885750713699324
T800,800ns_200ns,29300000.0,-0.3309014071784864,0.9132491724328752,0.003342670300827773
T800,800ns_200ns,29600000.0,-0.3438430503869783,0.9089802995284916,0.008290481156081846
T800,800ns_200ns,29900000.0,-0.34547416341325204,0.9075057129937044,0.011974527943153136
T800,800ns_200ns,30200000.0,-0.3423864571367825,0.8957391038510105,0.010953791539681526
T800,800ns_200ns,30500000.0,-0.34842018728425406,0.8776811150991521,0.005886015101778411
T800,800ns_200ns,30800000.0,-0.36224438416231025,0.8670046657461937,0.003136077567248907
T800,800ns_200ns,31100000.0,-0.37120399706944285,0.8647603745545843,0.007483850394797342
T800,800ns_200ns,31400000.0,-0.3724570895231411,0.8599644765892585,0.008750871002159722
T800,800ns_200ns,31700000.0,-0.37496830340142,0.8487747628747091,0.006249733713632466
T800,800ns_200ns,32000000.0,-0.3827451907210952,0.8381550719693733,0.0026673923686946622
T800,800ns_200ns,32300000.0,-0.3904737501941347,0.8315689401826692,0.0034603727828367075
T800,800ns_200ns,32600000.0,-0.395704409144104,0.8247739147133065,0.003942963110362545
T800,800ns_200ns,32900000.0,-0.40229488879086656,0.8165138078084627,0.0025877664805166486
T800,800ns_200ns,33200000.0,-0.4104352439526442,0.8109366934559895,0.004679892362032531
T800,800ns_200ns,33500000.0,-0.4151556455691188,0.8075700810205422,0.00744172262063986
T800,800ns_200ns,33800000.0,-0.41701114362698116,0.8003430010798114,0.00721937458747699
T800,800ns_200ns,34100000.0,-0.42316529067480146,0.7892737450218964,0.003544339954223005
T800,800ns_200ns,34400000.0,-0.43467731978043467,0.7823509658246658,0.0026472864586982144
T800,800ns_200ns,34700000.0,-0.44320276328214014,0.7820855370157352,0.007454637008149698
T800,800ns_200ns,35000000.0,-0.44464232391659225,0.7803650052093257,0.009266157090544657
T800,800ns_200ns,35300000.0,-0.44628888152436563,0.7716333366237245,0.007138296703326269
T800,800ns_200ns,35600000.0,-0.4547924438261935,0.7618972272507604,0.002274676390265119
T800,800ns_200ns,35900000.0,-0.46570242664186384,0.7583925026557792,0.003284259820375703
T800,800ns_200ns,36200000.0,-0.4717586496356371,0.758269071502307,0.006487685681539376
T800,800ns_200ns,36500000.0,-0.47439374780794813,0.7547662510464315,0.0064985041098322115
T800,800ns_200ns,36800000.0,-0.479477826736055,0.7482758408146754,0.004084905881200394
T800,800ns_200ns,37100000.0,-0.48717270279674046,0.7435910384318374,0.0025311558710990854
T800,800ns_200ns,37400000.0,-0.4937278265193547,0.7409342656504854,0.0035316247150039416
T800,800ns_200ns,37700000.0,-0.49927292203275847,0.7373737013642162,0.003251468831967467
T800,800ns_200ns,38000000.0,-0.5062844951751141,0.7336618926502265,0.002700071237119155
T800,800ns_200ns,38300000.0,-0.5133048747570927,0.7322542594448533,0.004663318806718523
T800,800ns_200ns,38600000.0,-0.517486715322394,0.7311076105430809,0.0060242845037047086
T800,800ns_200ns,38900000.0,-0.5211753233249974,0.7266787287610577,0.004816064866412965
T800,800ns_200ns,39200000.0,-0.5287544945220811,0.7212387138658567,0.0011969338322846202
T800,800ns_200ns,39500000.0,-0.538424512290571,0.7199831091441496,0.0032319431160176947
T800,800ns_200ns,39800000.0,-0.5443743658524682,0.7219324703242764,0.006356411140433654
T800,800ns_200ns,40100000.0,-0.5465322123714397,0.7209903424939497,0.006702525822647509
T800,800ns_200ns,40400000.0,-0.5508856537693493,0.7159682996297387,0.004182716986312368
T800,800ns_200ns,40700000.0,-0.5596363294664264,0.7123680351813375,0.00025932591004387725
T800,800ns_200ns,41000000.0,-0.5680652329031226,0.7131636638640892,0.0035909259507978545
T800,800ns_200ns,41300000.0,-0.5727601622053744,0.7145924999618471,0.005257868084036084
T800,800ns_200ns,41600000.0,-0.5765068004839864,0.7131756344300658,0.0045603882238301925
T800,800ns_200ns,41900000.0,-0.5825147767350737,0.7108566638790658,0.0027568493124085327
T800,800ns_200ns,42200000.0,-0.5894294418724139,0.7103402360457155,0.0025641150326394095
T800,800ns_200ns,42500000.0,-0.5951540980394087,0.7105489354861604,0.0030966502090870257
T800,800ns_200ns,42800000.0,-0.600802275542768,0.7099598043073349,0.0025843793180823525
T800,800ns_200ns,43100000.0,-0.6074840907444072,0.7099846367394512,0.002734142137796199
T800,800ns_200ns,43400000.0,-0.6133300689810751,0.711576421189608,0.004161757239038964
T800,800ns_200ns,43700000.0,-0.6172524505521416,0.7123830266022487,0.004528550573839407
T800,800ns_200ns,44000000.0,-0.6219817001953373,0.7109182199483135,0.0029349717908252844
T800,800ns_200ns,44300000.0,-0.6295918427192272,0.7100877169762289,0.0007167973585197931
T800,800ns_200ns,44600000.0,-0.6372660725542614,0.7126391719905893,0.0034305296752085265
T800,800ns_200ns,44900000.0,-0.6416193697329715,0.7161234731220074,0.005097782551379531
T800,800ns_200ns,45200000.0,-0.6444971233345073,0.7166727863879913,0.004571753819599604
T800,800ns_200ns,45500000.0,-0.6500127506138474,0.715383793401352,0.0022079279203651545
T800,800ns_200ns,45800000.0,-0.6578524331809054,0.7163462312312272,0.0012643133290215736
T800,800ns_200ns,46100000.0,-0.6642063678999337,0.7199548985698326,0.0034282956717207537
T800,800ns_200ns,46400000.0,-0.6681409424965775,0.7228830538723685,0.004040900517902134
T800,800ns_200ns,46700000.0,-0.6723880883200122,0.7238943468969352,0.0031298811682733394
T800,800ns_200ns,47000000.0,-0.6782343845895981,0.725126083655707,0.002118619369353416
T800,800ns_200ns,47300000.0,-0.6840353798259137,0.7276976902595503,0.0024077794494640104
T800,800ns_200ns,47600000.0,-0.6889873704641598,0.7302836010630392,0.0025299907346827753
T800,800ns_200ns,47900000.0,-0.6943107952453484,0.7324566372595239,0.002126106719439934
T800,800ns_200ns,48200000.0,-0.7000942443167337,0.735547677685001,0.0026216158322615417
T800,800ns_200ns,48500000.0,-0.7047249051505661,0.7394359670668774,0.003481485811843784
T800,800ns_200ns,48800000.0,-0.7083455944971231,0.7421356179047202,0.003246274299497517
T800,800ns_200ns,49100000.0,-0.7133152102459929,0.7436094855339653,0.0017081236745484858
T800,800ns_200ns,49400000.0,-0.7200320629921313,0.7465052512735432,0.0013939474869139054
T800,800ns_200ns,49700000.0,-0.7257143597828751,0.7517127261105411,0.003238122906526339
T800,800ns_200ns,50000000.0,-0.7289296421291297,0.7565149682218905,0.003922151303102463
T800,800ns_200ns,50300000.0,-0.7321291181104478,0.7589777347892156,0.002998592887264944
T800,800ns_200ns,50600000.0,-0.7376294944767179,0.7611252895290702,0.0011946692414932522
T800,800ns_200ns,50900000.0,-0.7439308889005911,0.7654870045343198,0.0017855263297271654
T800,800ns_200ns,51200000.0,-0.7484837858962584,0.7711098477311136,0.003011799188394375
T800,800ns_200ns,51500000.0,-0.7517523931748796,0.7756086078732753,0.003028656433390735
T800,800ns_200ns,51800000.0,-0.755818063510267,0.7790878113884526,0.00221323119906399
T800,800ns_200ns,52100000.0,-0.7607664868824083,0.783257685214643,0.001844420830960862
T800,800ns_200ns,52400000.0,-0.765249094435431,0.788221732391484,0.0021368416014701757
T800,800ns_200ns,52700000.0,-0.7692918449689252,0.7929170564750039,0.0020369235141809282
T800,800ns_200ns,53000000.0,-0.7738006694148774,0.7975991068394593,0.0018669964985509387
T800,800ns_200ns,53300000.0,-0.7782587337848349,0.8031753522499009,0.0024125698090371296
T800,800ns_200ns,53600000.0,-0.7816048065323021,0.8089114027283063,0.002813505910313711
T800,800ns_200ns,53900000.0,-0.7846865503318522,0.8134801750759741,0.002275263944411378
T800,800ns_200ns,54200000.0,-0.7891520345182336,0.8177042174277382,0.0011365929716777197
T800,800ns_200ns,54500000.0,-0.7943527326388464,0.8235454447317748,0.00174026488590379
T800,800ns_200ns,54800000.0,-0.7980840478370707,0.8306641978697845,0.0028657854464243784
T800,800ns_200ns,55100000.0,-0.800285465562912,0.8367383046510913,0.00294776838110677
T800,800ns_200ns,55400000.0,-0.8032458418196667,0.8412800036984615,0.0019433397869765136
T800,800ns_200ns,55700000.0,-0.8078432105245605,0.8464005734110774,0.0010264726655127687
T800,800ns_200ns,56000000.0,-0.8122595309400379,0.8532797225013242,0.0019298150586867032
T800,800ns_200ns,56300000.0,-0.8151401962791,0.8604640524018028,0.0025375672798856816
T800,800ns_200ns,56600000.0,-0.8175619346905005,0.8665692356687518,0.0022741949203736083
T800,800ns_200ns,56900000.0,-0.8208059409312575,0.8723466429285424,0.001701943094880501
T800,800ns_200ns,57200000.0,-0.8243476365689207,0.8788816188064984,0.0016903582245833913
T800,800ns_200ns,57500000.0,-0.8273388304753772,0.8857553290846772,0.0018489744600962345
T800,800ns_200ns,57800000.0,-0.8302161221997673,0.8923457774719064,0.0016848556569880077
T800,800ns_200ns,58100000.0,-0.8334376590945966,0.8992139781992385,0.001723365489601362
T800,800ns_200ns,58400000.0,-0.8362518016080046,0.9067579868910637,0.0021639395313242746
T800,800ns_200ns,58700000.0,-0.8382009028613243,0.914025506762258,0.0022386183677752794
T800,800ns_200ns,59000000.0,-0.8403951447646252,0.9203919289475605,0.0016122249812302524
T800,800ns_200ns,59300000.0,-0.8437041273440807,0.9270435535880878,0.001070972526445686
T800,800ns_200ns,59600000.0,-0.8469734616831269,0.9351332722646954,0.0018438530816674247
T800,800ns_200ns,59900000.0,-0.8487790202318869,0.9436562293263512,0.0024504761117297167
T800,800ns_200ns,60200000.0,-0.8498749263789436,0.9509810242887071,0.0021972057717888657
T800,800ns_200ns,60500000.0,-0.8520001974224198,0.9575492158512032,0.0013283390069332972
T800,800ns_200ns,60800000.0,-0.8550413297966071,0.9650952907354691,0.0011771064680965722
T800,800ns_200ns,61100000.0,-0.8573760801191358,0.9738056102022989,0.0018838818620327746
T800,800ns_200ns,61400000.0,-0.8585873171016666,0.9822586701797644,0.002104358895950921
T800,800ns_200ns,61700000.0,-0.8598452297794167,0.9899071391846548,0.001760295579584931
T800,800ns_200ns,62000000.0,-0.861718223476641,0.9976692414291972,0.0014530867634822465
T800,800ns_200ns,62300000.0,-0.8634963265681316,1.0060415489212076,0.0015637996332742777
T800,800ns_200ns,62600000.0,-0.8648183958752331,1.0144489537980836,0.0015989477428134894
T800,800ns_200ns,62900000.0,-0.8662158288378095,1.0226938898614555,0.0014688850673073822
T800,800ns_200ns,63200000.0,-0.8677370566198578,1.031359195032293,0.0016274217319237568
T800,800ns_200ns,63500000.0,-0.8686705823778849,1.0404012605321684,0.0019135880170535694
T800,800ns_200ns,63800000.0,-0.8690681034903898,1.048939732304022,0.0017816702499015024
T800,800ns_200ns,64100000.0,-0.8699782654432822,1.0569452294946664,0.0012264011840488337
T800,800ns_200ns,64400000.0,-0.8715916852867254,1.0655986842660548,0.0011782237198867632
T800,800ns_200ns,64700000.0,-0.8726625173763213,1.0753122677723614,0.0018120336146935187
T800,800ns_200ns,65000000.0,-0.8725311651983517,1.0848654526528732,0.0020610595974895874
T800,800ns_200ns,65300000.0,-0.8723001196999575,1.0933689710989598,0.0016573319920083931
T800,800ns_200ns,65600000.0,-0.8730339385077215,1.101733866880993,0.0010701836873625529
T800,800ns_200ns,65900000.0,-0.8740572483149633,1.1111241682052886,0.0013023577806920519
T800,800ns_200ns,66200000.0,-0.8741927421406113,1.121112601490191,0.001755209101393019
T800,800ns_200ns,66500000.0,-0.8736432848119974,1.1305940638426424,0.0017516517934143953
T800,800ns_200ns,66800000.0,-0.8733753441940353,1.1396059772850047,0.0014445855264022156
T800,800ns_200ns,67100000.0,-0.8734377763176648,1.1489448020509592,0.0013394181987464787
T800,800ns_200ns,67400000.0,-0.8731991027343856,1.1586665096081363,0.0014468003876144493
T800,800ns_200ns,67700000.0,-0.8726634269809238,1.168270532593326,0.0014088915683270642
T800,800ns_200ns,68000000.0,-0.8722585559768641,1.1778687938745058,0.0013529681396053266
T800,800ns_200ns,68300000.0,-0.8717476531289239,1.1878911760973099,0.0015455110249599305
T800,800ns_200ns,68600000.0,-0.8706251538678118,1.1979966029195062,0.001683641710736741
T800,800ns_200ns,68900000.0,-0.8692857075124527,1.2075507042301312,0.0014455126443094948
T800,800ns_200ns,69200000.0,-0.8685178097705835,1.2169363898457728,0.0010652295540131771
T800,800ns_200ns,69500000.0,-0.8680200667143565,1.2270940731459683,0.0012754743155924
T800,800ns_200ns,69800000.0,-0.8667319553532702,1.2378695529809223,0.0017127116419010714
T800,800ns_200ns,70100000.0,-0.8646140202462238,1.248142324421416,0.0017289707868472235
T800,800ns_200ns,70400000.0,-0.8627723819606519,1.2576655085568962,0.0013064020085112782
T800,800ns_200ns,70700000.0,-0.8616428597100326,1.2674610516583606,0.0010336758457453088
T800,800ns_200ns,71000000.0,-0.8603428453026114,1.278111899599626,0.0013566098301553747
T800,800ns_200ns,71300000.0,-0.8582017922834217,1.2889107547489023,0.0016026932362200744
T800,800ns_200ns,71600000.0,-0.8557431947984091,1.2991704968545674,0.0014893517463141419
T800,800ns_200ns,71900000.0,-0.8536038082777183,1.3092553812997842,0.0012736758203656352
T800,800ns_200ns,72200000.0,-0.8515291036556758,1.3197060502006535,0.001280734467358335
T800,800ns_200ns,72500000.0,-0.8490937781180385,1.330318549301877,0.001342573253554633
T800,800ns_200ns,72800000.0,-0.8465106215308071,1.3407782186746862,0.0012807554401565277
T800,800ns_200ns,73100000.0,-0.8440125349235109,1.3513600546977087,0.0012958542166349842
T800,800ns_200ns,73400000.0,-0.8412272416467554,1.3622669047871552,0.0014661142099510606
T800,800ns_200ns,73700000.0,-0.8379203039985555,1.3730239094798347,0.0014863747591070272
T800,800ns_200ns,74000000.0,-0.8346463597794734,1.3833109435333686,0.0012230221470654976
T800,800ns_200ns,74300000.0,-0.8318493373935487,1.393721554465613,0.001042532385361027
T800,800ns_200ns,74600000.0,-0.8289496714259991,1.404843548045399,0.0013267073619698667
T800,800ns_200ns,74900000.0,-0.825219422126896,1.4161713000063876,0.0015867210397144664
T800,800ns_200ns,75200000.0,-0.8210365728240969,1.4268687455221403,0.001466784088364297
T800,800ns_200ns,75500000.0,-0.817293119389178,1.4371539977684695,0.0011148468801804032
T800,800ns_200ns,75800000.0,-0.813937812977056,1.4479177042671094,0.001076708062880144
T800,800ns_200ns,76100000.0,-0.8101350642208676,1.459261752314517,0.001357850743743732
T800,800ns_200ns,76400000.0,-0.8056630490527817,1.4704514962082273,0.0014576029675513978
T800,800ns_200ns,76700000.0,-0.8011270971276945,1.481196586745969,0.001311488612132368
T800,800ns_200ns,77000000.0,-0.7968280502271893,1.491972018600071,0.001192586688023591
T800,800ns_200ns,77300000.0,-0.7923973652959972,1.503040732498784,0.001240029401473374
T800,800ns_200ns,77600000.0,-0.7876416150746248,1.5141026914516562,0.0012564607711999776
T800,800ns_200ns,77900000.0,-0.7828379962948221,1.5250488550412822,0.001204370914432883
T800,800ns_200ns,78200000.0,-0.7780166615026538,1.5361832413922882,0.001266085816662995
T800,800ns_200ns,78500000.0,-0.7728042940234152,1.5474866531004008,0.0013879044015634267
T800,800ns_200ns,78800000.0,-0.7672235958822273,1.5584947629012222,0.0013277434159144907
T800,800ns_200ns,79100000.0,-0.7618282505259244,1.5691863507008397,0.0010976565836081204
T800,800ns_200ns,79400000.0,-0.7567244161241653,1.5801854589331081,0.0010749739907405396
T800,800ns_200ns,79700000.0,-0.7512515373261642,1.591715383131879,0.0013372990680833472
T800,800ns_200ns,80000000.0,-0.745053144860916,1.6031267718565256,0.0014584006438382083
T800,800ns_200ns,80300000.0,-0.7387159917432857,1.6139385955301344,0.001276362196520325
T800,800ns_200ns,80600000.0,-0.7328153052372831,1.624635012562942,0.001038570670540132
T800,800ns_200ns,80900000.0,-0.7269920342538083,1.6358447136256042,0.0011251305599044377
T800,800ns_200ns,81200000.0,-0.720608557724204,1.647340619286751,0.0013277201143213897
T800,800ns_200ns,81500000.0,-0.7137705118344857,1.6585219533149025,0.001335096343325494
T800,800ns_200ns,81800000.0,-0.7070039618977598,1.6694039294991105,0.001202381647698371
T800,800ns_200ns,82100000.0,-0.7003397849460101,1.6804201091776985,0.0011573083678831663
T800,800ns_200ns,82400000.0,-0.6934328647334461,1.6916040868819688,0.0012043840443453772
T800,800ns_200ns,82700000.0,-0.6862818525162391,1.702680474580857,0.001190826323584601
T800,800ns_200ns,83000000.0,-0.6791222527692089,1.7137059229512202,0.0011642120524743016
T800,800ns_200ns,83300000.0,-0.6718281196403098,1.7249164282621716,0.001245176105502312
T800,800ns_200ns,83600000.0,-0.664120797718262,1.7361273109104336,0.0013131820888026662
T800,800ns_200ns,83900000.0,-0.6562143115741675,1.7469872439911236,0.0012088467348076001
T800,800ns_200ns,84200000.0,-0.6485452580688976,1.7577030344040199,0.0010435541912793094
T800,800ns_200ns,84500000.0,-0.6409510612041351,1.768795058912638,0.0011151057514369616
T800,800ns_200ns,84800000.0,-0.6328432331728958,1.7801809986096597,0.001319553780067417
T800,800ns_200ns,85100000.0,-0.6241959969022763,1.7912368162349277,0.0013418003465796328
T800,800ns_200ns,85400000.0,-0.6156259354162409,1.8018198748819751,0.0011514586569577182
T800,800ns_200ns,85700000.0,-0.6073810205939101,1.8124995730327977,0.0010272392841576433
T800,800ns_200ns,86000000.0,-0.5989684945724121,1.8236055010762682,0.0011563356931497536
T800,800ns_200ns,86300000.0,-0.5900086250304181,1.8347413288850596,0.0012825920533876434
T800,800ns_200ns,86600000.0,-0.5807945278403814,1.84551623030151,0.0012403112325583203
T800,800ns_200ns,86900000.0,-0.5716887825881309,1.8561328079679387,0.0011418626248705759
T800,800ns_200ns,87200000.0,-0.5625500433600769,1.8668986485890113,0.0011405144824243743
T800,800ns_200ns,87500000.0,-0.5531352116913683,1.8776995935773189,0.0011709675316221267
T800,800ns_200ns,87800000.0,-0.5435632844071632,1.8883538003753062,0.001144519781858323
T800,800ns_200ns,88100000.0,-0.5339694570113809,1.8990146567863133,0.0011451707147636186
T800,800ns_200ns,88400000.0,-0.5241442395851187,1.9097991666806704,0.0012244202036489679
T800,800ns_200ns,88700000.0,-0.5139520901523799,1.9204376315990581,0.0012448658789109093
T800,800ns_200ns,89000000.0,-0.5037085128181689,1.9307440418504214,0.0011265910975286366
T800,800ns_200ns,89300000.0,-0.49367048081805054,1.941055520647942,0.0010321345157385696
T800,800ns_200ns,89600000.0,-0.48350803421232463,1.9517108827094702,0.0011445134685271875
T800,800ns_200ns,89900000.0,-0.4728008347513058,1.9624209624377777,0.0012847971528145692
T800,800ns_200ns,90200000.0,-0.4617645699936436,1.9727011232497178,0.0012441189862037476
T800,800ns_200ns,90500000.0,-0.4509166889519442,1.9826736853957199,0.0010793327090474925
T800,800ns_200ns,90800000.0,-0.4402311177780908,1.9928548275968414,0.0010419674636848425
T800,800ns_200ns,91100000.0,-0.4292226491615878,2.003306081499295,0.0011681955191795372
T800,800ns_200ns,91400000.0,-0.41775966167035544,2.0135989993532157,0.0012334167283625617
T800,800ns_200ns,91700000.0,-0.4061956101050274,2.023560552568024,0.0011720834130780145
T800,800ns_200ns,92000000.0,-0.39470969665353706,2.033467271346605,0.0011108909906267104
T800,800ns_200ns,92300000.0,-0.3830871497667061,2.043475137145334,0.001128598139686896
T800,800ns_200ns,92600000.0,-0.37121238692132685,2.0534080024901957,0.0011402751676600654
T800,800ns_200ns,92900000.0,-0.3592481892555618,2.0631984552106912,0.0011140217264101462
T800,800ns_200ns,93200000.0,-0.3472154326046114,2.0730239667900423,0.0011359009646464446
T800,800ns_200ns,93500000.0,-0.33489543154658996,2.082874979820653,0.0012009921747460467
T800,800ns_200ns,93800000.0,-0.3222997919307268,2.0924774518314364,0.0011853164265999553
T800,800ns_200ns,94100000.0,-0.30975573538603035,2.1018157877504864,0.0010747511873878549
T800,800ns_200ns,94400000.0,-0.2973290935922962,2.1112581075896166,0.0010404726751092582
T800,800ns_200ns,94700000.0,-0.2846294468152475,2.120938565408671,0.0011590756602891448
T800,800ns_200ns,95000000.0,-0.2714431851395055,2.1304715351955172,0.0012419876776299185
T800,800ns_200ns,95300000.0,-0.25811913366266204,2.13956757180324,0.0011678126640937223
T800,800ns_200ns,95600000.0,-0.24500335656325445,2.148513418155781,0.00104418159223495
T800,800ns_200ns,95900000.0,-0.23188355622204532,2.157686287215924,0.0010611521377063347
T800,800ns_200ns,96200000.0,-0.21837666400029562,2.1669513961891553,0.0011648749143512408
T800,800ns_200ns,96500000.0,-0.20454472094010231,2.175945988098746,0.0011869283504722958
T800,800ns_200ns,96800000.0,-0.19070603813735598,2.1846764599819797,0.0011258618685592626
T800,800ns_200ns,97100000.0,-0.17688206052640454,2.1934044589128905,0.0010952691941918797
T800,800ns_200ns,97400000.0,-0.16286429713990944,2.202151818019761,0.001116330990096917
T800,800ns_200ns,97700000.0,-0.14865043863193142,2.2107506948042603,0.0011134361362239503
T800,800ns_200ns,98000000.0,-0.13438439570418692,2.2192325927287415,0.0010950055155096662
T800,800ns_200ns,98300000.0,-0.11999266776391196,2.2277405093077887,0.0011295021344024892
T800,800ns_200ns,98600000.0,-0.1053063500672025,2.236163805440604,0.0011751566313289014
T800,800ns_200ns,98900000.0,-0.09045427794913423,2.2442878850876613,0.0011359484970682506
T800,800ns_200ns,99200000.0,-0.07570340542575658,2.2522361101744375,0.0010456608891711188
T800,800ns_200ns,99500000.0,-0.06095731041564405,2.260325599668952,0.001054370230330204
T800,800ns_200ns,99800000.0,-0.045856993680898156,2.2685075237564716,0.0011604981937229776
T800,800ns_200ns,100100000.0,-0.030385364373570235,2.276399336477986,0.0011977640077905157
T800,800ns_200ns,100400000.0,-0.014921092190151896,2.2839109453648136,0.0011121005106330404
T800,800ns_200ns,100700000.0,0.00038067619038212346,2.291391200092753,0.0010314180758172109
T800,800ns_200ns,101000000.0,0.015821814996287886,2.2990443790628317,0.001075817724125485
T800,800ns_200ns,101300000.0,0.03163753271504142,2.306626400147714,0.0011518384542446955
T800,800ns_200ns,101600000.0,0.04764695725305195,2.313893605223814,0.0011468556997302078
T800,800ns_200ns,101900000.0,0.0636233271349562,2.3209697558759457,0.0010961140580440078
T800,800ns_200ns,102200000.0,0.07965225507970009,2.328046511660762,0.001086395296671996
T800,800ns_200ns,102500000.0,0.09588528311635593,2.3350537992654163,0.001102867182674031
T800,800ns_200ns,102800000.0,0.11224899664965374,2.3418767240261382,0.0010914042433026333
T800,800ns_200ns,103100000.0,0.12865714146413598,2.3486088460226737,0.0010836829763734481
T800,800ns_200ns,103400000.0,0.1452379747543872,2.3553238011440567,0.0011228404088585002
T800,800ns_200ns,103700000.0,0.16207632885959275,2.3618543235853036,0.0011487078735832484
T800,800ns_200ns,104000000.0,0.17897571673659216,2.368082749380824,0.0010973602411461733
T800,800ns_200ns,104300000.0,0.19577360722547155,2.3742180896250464,0.0010321665712477127
T800,800ns_200ns,104600000.0,0.21267441413849072,2.38047303628156,0.0010670498755685
T800,800ns_200ns,104900000.0,0.22994180553601498,2.3866672232258934,0.0011526960405198322
T800,800ns_200ns,105200000.0,0.24744092768901482,2.392494998397783,0.0011569474916405652
T800,800ns_200ns,105500000.0,0.26484467372952825,2.3980313499074986,0.0010744849859905588
T800,800ns_200ns,105800000.0,0.28216698467474105,2.4036017026268395,0.0010305515367403097
T800,800ns_200ns,106100000.0,0.29971363025896725,2.409246168084689,0.0010841138956904817
T800,800ns_200ns,106400000.0,0.31756862699053406,2.414693278097044,0.001134369854079088
T800,800ns_200ns,106700000.0,0.33550721867309363,2.419831418524678,0.0011151135988372361
T800,800ns_200ns,107000000.0,0.35341320520721664,2.42483552202487,0.001078161140346397
T800,800ns_200ns,107300000.0,0.37142189844904316,2.4298059556616183,0.0010803589209012034
T800,800ns_200ns,107600000.0,0.38960755140600295,2.4346306703656464,0.001089559236528217
T800,800ns_200ns,107900000.0,0.40786604373760216,2.439264794438192,0.0010750236586674553
T800,800ns_200ns,108200000.0,0.4261816076815393,2.443820612293462,0.0010776816824957678
T800,800ns_200ns,108500000.0,0.4446923067725763,2.4482931858597183,0.0011156031000292106
T800,800ns_200ns,108800000.0,0.4633912065205895,2.4525077491970957,0.0011242233412379688
T800,800ns_200ns,109100000.0,0.48206872836340964,2.456452713714292,0.0010697615742717326
T800,800ns_200ns,109400000.0,0.5006805353213779,2.4603628937652613,0.0010290707870322063
T800,800ns_200ns,109700000.0,0.5194753915635925,2.4643252559983053,0.0010768000355333431
T800,800ns_200ns,110000000.0,0.5385907249054136,2.4680926280394044,0.0011403772032880684
T800,800ns_200ns,110300000.0,0.557802091465467,2.4714774734798395,0.0011231334907131217
T800,800ns_200ns,110600000.0,0.5768846067068293,2.4746633105060756,0.0010521997806460335
T800,800ns_200ns,110900000.0,0.5959732685001703,2.477894188760189,0.0010358294540660437
T800,800ns_200ns,111200000.0,0.6153154758940195,2.481083893202297,0.001087883195867119
T800,800ns_200ns,111500000.0,0.6348713021750128,2.4839967397312894,0.0011172919020881666
T800,800ns_200ns,111800000.0,0.654432892646025,2.4866354483059885,0.0010928462194819942
T800,800ns_200ns,112100000.0,0.6739841159579668,2.489170158235097,0.0010691867669911223
T800,800ns_200ns,112400000.0,0.6936599616443957,2.491616185862684,0.0010766442174692692
T800,800ns_200ns,112700000.0,0.7134623512731139,2.4938637766631393,0.0010789095423232844
T800,800ns_200ns,113000000.0,0.733296318315341,2.4959318649318147,0.0010653675035488155
T800,800ns_200ns,113300000.0,0.7532074014346805,2.4979136939403173,0.0010763880043239138
T800,800ns_200ns,113600000.0,0.7733049434869793,2.4997383024444186,0.0011094745960430132
T800,800ns_200ns,113900000.0,0.7935051586165064,2.501265365512519,0.001104728702917969
T800,800ns_200ns,114200000.0,0.8136325709039864,2.5025741421648866,0.001053466302282161
T800,800ns_200ns,114500000.0,0.8337481104845875,2.5038720089381714,0.0010337024359275784
T800,800ns_200ns,114800000.0,0.8540859575804015,2.5051280321419545,0.0010850720633417768
T800,800ns_200ns,115100000.0,0.8746575097664196,2.5060912629911214,0.001128483641230658
T800,800ns_200ns,115400000.0,0.89521323084612,2.506701277854129,0.0010992161695478075
T800,800ns_200ns,115700000.0,0.9156489552576753,2.5071871917255786,0.0010432869819863952
T800,800ns_200ns,116000000.0,0.9361621812421528,2.5076845993984795,0.0010454927553008165
T800,800ns_200ns,116300000.0,0.9569081478981675,2.508032901971124,0.001090834270650229
T800,800ns_200ns,116600000.0,0.9777669565246238,2.508070075947341,0.0011050405176385226
T800,800ns_200ns,116900000.0,0.9985866520146542,2.507877299666515,0.0010812055665024125
T800,800ns_200ns,117200000.0,1.019422225399438,2.5075824240888593,0.0010684922419034145
T800,800ns_200ns,117500000.0,1.0403740864085647,2.5071397776641713,0.0010770218597870329
T800,800ns_200ns,117800000.0,1.0613934160427962,2.5064722217251587,0.001074109790688157
T800,800ns_200ns,118100000.0,1.0824211215178456,2.5056409483560125,0.001064081904877706
T800,800ns_200ns,118400000.0,1.1035404895985361,2.5046956476091635,0.0010809382182135297
T800,800ns_200ns,118700000.0,1.1248076122228319,2.50352604029761,0.0011075580852349435
T800,800ns_200ns,119000000.0,1.1460916179055003,2.502053241263003,0.001093621578291712
T800,800ns_200ns,119300000.0,1.1672826790594153,2.500415680066364,0.001049385156847918
T800,800ns_200ns,119600000.0,1.1885152971829678,2.4987557843031127,0.0010459164244166089
T800,800ns_200ns,119900000.0,1.2099650318934694,2.49695402699827,0.0010953334754122664
T800,800ns_200ns,120200000.0,1.2315416105756811,2.4948056850867784,0.001122092056377349
T800,800ns_200ns,120500000.0,1.253024684387463,2.4923601250488114,0.001087955704789067
T800,800ns_200ns,120800000.0,1.2744216566286812,2.4898358793795317,0.0010473211056370884
T800,800ns_200ns,121100000.0,1.2959369852737495,2.4872609537496686,0.0010608183524482319
T800,800ns_200ns,121400000.0,1.3176271473362555,2.484452888068367,0.0010977421388408137
T800,800ns_200ns,121700000.0,1.3393398692640714,2.4813356794804515,0.0011019693958052733
T800,800ns_200ns,122000000.0,1.3609948383817136,2.478027276929088,0.0010819842872933974
T800,800ns_200ns,122300000.0,1.382682204125674,2.474596574483118,0.0010774201302678425
T800,800ns_200ns,122600000.0,1.4044521759875577,2.4709682933253805,0.0010848567869075761
T800,800ns_200ns,122900000.0,1.4262337151650555,2.4671112194637836,0.0010789454183779685
T800,800ns_200ns,123200000.0,1.4480141506584543,2.46310107510644,0.001073678892296002
T800,800ns_200ns,123500000.0,1.469885487954425,2.458935662620672,0.001094047500864625
T800,800ns_200ns,123800000.0,1.4918429287092605,2.4544972879248155,0.0011139869897348169
T800,800ns_200ns,124100000.0,1.5137439114223719,2.4497774916048223,0.001094693509607817
T800,800ns_200ns,124400000.0,1.5355566213564618,2.4449353228120128,0.0010593523646676498
T800,800ns_200ns,124700000.0,1.5574485445950264,2.440030780865762,0.0010677135156542
T800,800ns_200ns,125000000.0,1.5795128160155865,2.434896549429964,0.0011122985885930446
T800,800ns_200ns,125300000.0,1.6015962144845983,2.429404577270358,0.0011263563507486567
T800,800ns_200ns,125600000.0,1.623543898896964,2.4236796146746693,0.0010923340084434316
T800,800ns_200ns,125900000.0,1.6454463875285152,2.4178890139510956,0.00106555613484514
T800,800ns_200ns,126200000.0,1.66747223635555,2.4119748225872604,0.0010851309758064108
T800,800ns_200ns,126500000.0,1.6895938813867706,2.405775660864083,0.001113929602402259
T800,800ns_200ns,126800000.0,1.7116676049925377,2.399292928953984,0.001112482093733609
T800,800ns_200ns,127100000.0,1.7336805720850772,2.3926439411036,0.0010978115393150889
T800,800ns_200ns,127400000.0,1.7557247710512427,2.385840394455729,0.0010989016284692773
T800,800ns_200ns,127700000.0,1.7778014820403818,2.3788069807796703,0.0011044907384323518
T800,800ns_200ns,128000000.0,1.7998442930960348,2.371556098551836,0.001097635789502638
T800,800ns_200ns,128300000.0,1.82188261092621,2.3641523285775707,0.0010975037328523015
T800,800ns_200ns,128600000.0,1.8439907615442581,2.3565481235415273,0.0011195807481562147
T800,800ns_200ns,128900000.0,1.8661109726013168,2.348647243330882,0.0011334914106869121
T800,800ns_200ns,129200000.0,1.8881214264749093,2.340503871070084,0.0011120230093059804
T800,800ns_200ns,129500000.0,1.9100624377114237,2.332261350603922,0.0010861120421534647
T800,800ns_200ns,129800000.0,1.9320946426147902,2.323899457351002,0.001102601504929789
T800,800ns_200ns,130100000.0,1.9542256931904494,2.315245293930026,0.0011412852514948257
T800,800ns_200ns,130400000.0,1.9762821751829358,2.306256776703024,0.0011463599367312197
T800,800ns_200ns,130700000.0,1.9981903259627187,2.2970928196886953,0.0011156388279485185
T800,800ns_200ns,131000000.0,2.0200859128038946,2.2878485557598904,0.0011006114471105994
T800,800ns_200ns,131300000.0,2.042076437697405,2.2784132515376663,0.0011228916895422774
T800,800ns_200ns,131600000.0,2.06407801520616,2.2686741188565134,0.0011448232536718274
T800,800ns_200ns,131900000.0,2.085983378925259,2.2586876875831567,0.0011409702198015138
T800,800ns_200ns,132200000.0,2.107829437216847,2.2485440985072223,0.0011319848479908329
T800,800ns_200ns,132500000.0,2.1296858856142573,2.238212552388646,0.001136813584352835
T800,800ns_200ns,132800000.0,2.151518386581949,2.2276391524700085,0.001140651750179794
T800,800ns_200ns,133100000.0,2.1732842589547157,2.216866440227447,0.0011345534659777132
T800,800ns_200ns,133400000.0,2.1950400653274365,2.2059301043655637,0.0011394198202901045
T800,800ns_200ns,133700000.0,2.2168245081390063,2.1947543221821726,0.0011619596553715161
T800,800ns_200ns,134000000.0,2.23854588676353,2.1832841419965434,0.001170905296051699
T800,800ns_200ns,134300000.0,2.2601261977056737,2.171616308944779,0.0011497210222684588
T800,800ns_200ns,134600000.0,2.2816581243494762,2.159851350926475,0.0011330004352269516
T800,800ns_200ns,134900000.0,2.303264051574438,2.147906662056127,0.0011548311991024943
T800,800ns_200ns,135200000.0,2.3248803800209337,2.1356390077453686,0.0011876068329698564
T800,800ns_200ns,135500000.0,2.34635135455793,2.123083038024309,0.0011868636996141913
T800,800ns_200ns,135800000.0,2.367680717530669,2.1103930870816012,0.0011613000655249911
T800,800ns_200ns,136100000.0,2.389011581803434,2.097590080806824,0.001155886084420643
T800,800ns_200ns,136400000.0,2.4103835213348606,2.084546051729219,0.0011788879732099974
T800,800ns_200ns,136700000.0,2.4316883196270345,2.0712073710574392,0.0011955340633524843
T800,800ns_200ns,137000000.0,2.4528677793999463,2.0576578720617533,0.0011916075839899856
T800,800ns_200ns,137300000.0,2.473984658365747,2.043947563877288,0.001188082993680778
T800,800ns_200ns,137600000.0,2.4950743555925436,2.030024035604296,0.0011953105450081935
T800,800ns_200ns,137900000.0,2.5160860352247867,2.0158651316674523,0.0011979259279412823
T800,800ns_200ns,138200000.0,2.5370092120475816,2.001524809226911,0.001193879419850064
T800,800ns_200ns,138500000.0,2.5579078826300963,1.9870028418668455,0.001203349156813334
T800,800ns_200ns,138800000.0,2.578778444685368,1.972216900327723,0.0012255465628347403
T800,800ns_200ns,139100000.0,2.599519423421393,1.9571611416507015,0.0012306901250283353
T800,800ns_200ns,139400000.0,2.62010698079409,1.9419487162026514,0.0012115946150215106
T800,800ns_200ns,139700000.0,2.640658876033946,1.926623368057415,0.0012034406320505949
T800,800ns_200ns,140000000.0,2.661240927536968,1.9110672864337168,0.001228611768681114
T800,800ns_200ns,140300000.0,2.6817437655783154,1.8951897277559415,0.0012559843589905076
T800,800ns_200ns,140600000.0,2.7020560239483484,1.8790798446000205,0.0012519514699091553
T800,800ns_200ns,140900000.0,2.7222410415996126,1.8628579847296394,0.0012324896115052354
T800,800ns_200ns,141200000.0,2.7424186361182787,1.846483995621132,0.0012347889261194597
T800,800ns_200ns,141500000.0,2.7625688580397294,1.8298430961091916,0.0012574365988271279
T800,800ns_200ns,141800000.0,2.782587975527258,1.8129365405868205,0.001270343598771843
T800,800ns_200ns,142100000.0,2.8024655280654667,1.7958492766298453,0.001267913097643925
T800,800ns_200ns,142400000.0,2.8222668749433284,1.7785910591562075,0.0012693278880308275
T800,800ns_200ns,142700000.0,2.8419928685896876,1.7611085487145537,0.0012780562841295715
T800,800ns_200ns,143000000.0,2.861595083459102,1.7434107497166664,0.001280136808069503
T800,800ns_200ns,143300000.0,2.8810932268608274,1.7255448298395877,0.0012790638046008488
T800,800ns_200ns,143600000.0,2.9005399248293955,1.7074781486515203,0.0012926102078141607
T800,800ns_200ns,143900000.0,2.919893645838754,1.6891424989355024,0.0013139426920000458
T800,800ns_200ns,144200000.0,2.9390663105430552,1.6705770488427683,0.0013163853710838312
T800,800ns_200ns,144500000.0,2.9580856972789666,1.6518855457038755,0.0013006633403198314
T800,800ns_200ns,144800000.0,2.9770665641903635,1.6330547753232814,0.0013002886711803276
T800,800ns_200ns,145100000.0,2.996014234507724,1.6139612556020984,0.0013273626769938437
T800,800ns_200ns,145400000.0,3.014803266466846,1.594575069469001,0.0013500218254732276
T800,800ns_200ns,145700000.0,3.0333793898759014,1.5750115149478927,0.001344659276929121
T800,800ns_200ns,146000000.0,3.051839789087615,1.555340563274429,0.0013316583428610036
T800,800ns_200ns,146300000.0,3.070261944197196,1.535483300746228,0.001340060338524492
T800,800ns_200ns,146600000.0,3.088584828566793,1.5153586168465931,0.0013618177504965245
T800,800ns_200ns,146900000.0,3.106729768729802,1.4950080314265544,0.001372353303804747
T800,800ns_200ns,147200000.0,3.124722572599634,1.4744981712239846,0.0013724145888193043
T800,800ns_200ns,147500000.0,3.1426136054757707,1.453808002478353,0.001378111852119824
T800,800ns_200ns,147800000.0,3.160377830829871,1.4328989320305636,0.001387750024108077
T800,800ns_200ns,148100000.0,3.177983333277128,1.4118022513010005,0.0013900077343651487
T800,800ns_200ns,148400000.0,3.195470087930099,1.3905451126481834,0.0013925155491317258
T800,800ns_200ns,148700000.0,3.212865910191371,1.3690739105346816,0.0014095293753673538
T800,800ns_200ns,149000000.0,3.230104143439424,1.347349449830353,0.0014296408330848782
T800,800ns_200ns,149300000.0,3.247127387106372,1.325442515447422,0.0014303835245802305
T800,800ns_200ns,149600000.0,3.264002076618312,1.303427308009835,0.0014189340778414234
T800,800ns_200ns,149900000.0,3.280816886684535,1.2812450825476318,0.0014254758506333756
T800,800ns_200ns,150200000.0,3.2975253931696655,1.2587923648572488,0.0014533740200047566
T800,800ns_200ns,150500000.0,3.3140134625708098,1.236094974372582,0.0014720488128067948
T800,800ns_200ns,150800000.0,3.330282925408557,1.2132665610907627,0.001466877371796489
T800,800ns_200ns,151100000.0,3.3464378640543764,1.1903238025381477,0.001460324241260178
T800,800ns_200ns,151400000.0,3.3625071648761273,1.1671741192154166,0.0014734634070076148
T800,800ns_200ns,151700000.0,3.3784111989574215,1.1437788164189195,0.0014941059921812067
T800,800ns_200ns,152000000.0,3.3941064312714486,1.1202002344396933,0.0015034387515062094
T800,800ns_200ns,152300000.0,3.409638327535538,1.0964765114656938,0.001506570523660701
T800,800ns_200ns,152600000.0,3.4250329243236464,1.0725703508813416,0.0015158410316805687
T800,800ns_200ns,152900000.0,3.4402526889665137,1.0484659878044378,0.001526019716820426
T800,800ns_200ns,153200000.0,3.455289003898392,1.0242037961493329,0.0015291431573386173
T800,800ns_200ns,153500000.0,3.470188162626953,0.9997851024253748,0.001535577494071354
T800,800ns_200ns,153800000.0,3.484947546588769,0.9751507777362204,0.0015553872494847227
T800,800ns_200ns,154100000.0,3.499492529998396,0.9502971886078974,0.0015740423790007395
T800,800ns_200ns,154400000.0,3.5138048888896978,0.9253082356112764,0.0015740159569494342
T800,800ns_200ns,154700000.0,3.527970573647724,0.9002174208558231,0.0015674497841400906
T800,800ns_200ns,155000000.0,3.542037933836899,0.8749393630080696,0.0015799885013044277
T800,800ns_200ns,155300000.0,3.5559263451108016,0.8494080251328041,0.00160786271530091
T800,800ns_200ns,155600000.0,3.569553142767971,0.8236898952762312,0.0016232941022861175
T800,800ns_200ns,155900000.0,3.582964436389485,0.7978750413554206,0.0016195120689976648
T800,800ns_200ns,156200000.0,3.5962485942214033,0.7719351847252182,0.0016191377479627207
T800,800ns_200ns,156500000.0,3.6093908981778347,0.7457863637474654,0.0016358342823981542
T800,800ns_200ns,156800000.0,3.6223141414967133,0.719430216042562,0.0016553324098185483
T800,800ns_200ns,157100000.0,3.635009902931067,0.69293086475912,0.0016644520775246818
T800,800ns_200ns,157400000.0,3.6475264695093332,0.6662970448047417,0.00167091730183427
T800,800ns_200ns,157700000.0,3.6598646806415074,0.6394901892932104,0.0016830418967671633
T800,800ns_200ns,158000000.0,3.671988306874042,0.6125175578747017,0.001693569221141255
T800,800ns_200ns,158300000.0,3.6839112119964947,0.5854152399254962,0.0016982009056912245
T800,800ns_200ns,158600000.0,3.695672173830725,0.5581606042515499,0.0017086708472278927
T800,800ns_200ns,158900000.0,3.7072406074272695,0.5307041965803581,0.0017305574583867272
T800,800ns_200ns,159200000.0,3.718551002216725,0.5030757739357034,0.001747642747912074
T800,800ns_200ns,159500000.0,3.729623408610342,0.47535339101301644,0.0017477410830857233
T800,800ns_200ns,159800000.0,3.740542811927883,0.44752867695025106,0.0017464243030392936
T800,800ns_200ns,160100000.0,3.751313312695884,0.4195110169895428,0.0017639838210112562
T800,800ns_200ns,160400000.0,3.761841497138135,0.39127894476276714,0.0017911674115007761
T800,800ns_200ns,160700000.0,3.772086481420271,0.36291932322977755,0.0018041290583467099
T800,800ns_200ns,161000000.0,3.7821204217571345,0.33448572267187426,0.0018026865268313032
T800,800ns_200ns,161300000.0,3.792001280474153,0.30592054243549727,0.0018080330992331338
T800,800ns_200ns,161600000.0,3.8016835435602943,0.27716404031857705,0.0018272707666550315
T800,800ns_200ns,161900000.0,3.811108003457306,0.24824815413767362,0.0018457531048641823
T800,800ns_200ns,162200000.0,3.8202936086209656,0.21922413607176222,0.0018555004186595846
T800,800ns_200ns,162500000.0,3.8292782565405967,0.1900776618132677,0.0018653232294801971
T800,800ns_200ns,162800000.0,3.838043457530588,0.16078067283628367,0.0018796237937448459
T800,800ns_200ns,163100000.0,3.8465649709887018,0.13135735361473555,0.0018904821099887572
T800,800ns_200ns,163400000.0,3.854872274956322,0.10182940010155135,0.0018972112507177066
T800,800ns_200ns,163700000.0,3.862986336389132,0.07215819017748686,0.001911618778125917
T800,800ns_200ns,164000000.0,3.870857553051987,0.042315350503394696,0.001934861932248505
T800,800ns_200ns,164300000.0,3.878442763048556,0.012354716688002355,0.0019504210874734793
T800,800ns_200ns,164600000.0,3.8857914367923163,-0.017666846054178044,0.0019515193784891771
T800,800ns_200ns,164900000.0,3.8929701720725824,-0.04779196956709632,0.0019555941409542268
T800,800ns_200ns,165200000.0,3.899944408951363,-0.07809726729747586,0.001977164710881747
T800,800ns_200ns,165500000.0,3.9066283514760087,-0.10856248754256814,0.0020031808537039173
T800,800ns_200ns,165800000.0,3.913023111166129,-0.1391009876298305,0.002014499797196329
T800,800ns_200ns,166100000.0,3.9192070806008226,-0.169698778786971,0.0020161285910729786
T800,800ns_200ns,166400000.0,3.925202370350138,-0.20042445808218817,0.0020265953470243203
T800,800ns_200ns,166700000.0,3.9309490263770566,-0.231306370108585,0.0020475268720596637
T800,800ns_200ns,167000000.0,3.936413940792796,-0.26229637870676237,0.002065263719622003
T800,800ns_200ns,167300000.0,3.9416314520512548,-0.29336419278788656,0.0020763363295525417
T800,800ns_200ns,167600000.0,3.9466216955616904,-0.3245367352375596,0.0020893532358894702
T800,800ns_200ns,167900000.0,3.9513565644124884,-0.35582515952198024,0.00210523664238291
T800,800ns_200ns,168200000.0,3.955829283396422,-0.3871979997474353,0.0021165727119182047
T800,800ns_200ns,168500000.0,3.9600747453175273,-0.41865275796836793,0.0021259081989767623
T800,800ns_200ns,168800000.0,3.9640914183291125,-0.45023274769738464,0.0021439705002870425
T800,800ns_200ns,169100000.0,3.967823264432361,-0.4819398405513241,0.00216790090151451
T800,800ns_200ns,169400000.0,3.971256425109925,-0.5137096619696964,0.002182156356662922
T800,800ns_200ns,169700000.0,3.9744558940816654,-0.5455155102103195,0.0021850899025742834
T800,800ns_200ns,170000000.0,3.97745864834889,-0.5774206834874374,0.002194478027478194
T800,800ns_400ns,20000000.0,-0.16533075464899033,1.4508693463344315,0.008624401314874386
T800,800ns_400ns,20300000.0,-0.16484066292639102,1.4214725898338734,0.0069410160201727345
T800,800ns_400ns,20600000.0,-0.17142560391566908,1.3916429991275643,0.003269695967145694
T800,800ns_400ns,20900000.0,-0.18012757037574437,1.3681202163941668,0.00255654430321651
T800,800ns_400ns,21200000.0,-0.18472785292453323,1.3471986104096487,0.004190206154362031
T800,800ns_400ns,21500000.0,-0.1883253113573934,1.32349416961289,0.0033644815629916805
T800,800ns_400ns,21800000.0,-0.19567817371293383,1.3001627836777723,0.0024481614894068925
T800,800ns_400ns,22100000.0,-0.2032885603744014,1.2819477719405779,0.005491217958250693
T800,800ns_400ns,22400000.0,-0.20584391541517855,1.2652950850258928,0.007679283256898339
T800,800ns_400ns,22700000.0,-0.20633949381141173,1.2441956135076413,0.007129316062290122
T800,800ns_400ns,23000000.0,-0.21110246374172836,1.220614649136639,0.00431499069019661
T800,800ns_400ns,23300000.0,-0.21924109048639498,1.2006245975087555,0.0025031793529826617
T800,800ns_400ns,23600000.0,-0.22535945178701755,1.1840669239758885,0.003985572700305713
T800,800ns_400ns,23900000.0,-0.22939153365841441,1.1663075532243483,0.004014688055092472
T800,800ns_400ns,24200000.0,-0.2354836195734204,1.1474718894100837,0.002680130989227652
T800,800ns_400ns,24500000.0,-0.24323324360485765,1.1316944374738422,0.0042395601943905365
T800,800ns_400ns,24800000.0,-0.24815707677159352,1.1185962784874137,0.00667547861084921
T800,800ns_400ns,25100000.0,-0.25015395242275607,1.1033576141472659,0.007042512316714129
T800,800ns_400ns,25400000.0,-0.2540290514092749,1.0851258466621196,0.005095465736741619
T800,800ns_400ns,25700000.0,-0.2613119616538278,1.0682718310927515,0.0028813365067503287
T800,800ns_400ns,26000000.0,-0.2683018389752578,1.0546732261757692,0.003654374069883574
T800,800ns_400ns,26300000.0,-0.2731551121558158,1.0412552225977354,0.004281101033069683
T800,800ns_400ns,26600000.0,-0.2786008893748082,1.0264500789832027,0.003275187473746811
T800,800ns_400ns,26900000.0,-0.28596077539327397,1.0129992641041166,0.003448889926881217
T800,800ns_400ns,27200000.0,-0.2922741564389876,1.0022602911351233,0.0056579726655784455
T800,800ns_400ns,27500000.0,-0.2958174637366593,0.9911414509557457,0.0066893746373064234
T800,800ns_400ns,27800000.0,-0.2995085522839721,0.9774162199833392,0.00557438079104322
T800,800ns_400ns,28100000.0,-0.30594355477544743,0.9635331527469552,0.003455914368254053
T800,800ns_400ns,28400000.0,-0.3132516005356149,0.9521674684771382,0.003347301235871429
T800,800ns_400ns,28700000.0,-0.31895145611974307,0.9419135300883782,0.004243289280206144
T800,800ns_400ns,29000000.0,-0.32424047202789963,0.9306039553868424,0.0037579569763067696
T800,800ns_400ns,29300000.0,-0.331065172885883,0.9194864094448549,0.003166548393839815
T800,800ns_400ns,29600000.0,-0.3380266998013123,0.9105345116086749,0.0047099822246696255
T800,800ns_400ns,29900000.0,-0.34289394598011064,0.9023230071025895,0.0061130219888573855
T800,800ns_400ns,30200000.0,-0.3468655621166335,0.8923157719623519,0.005737217796378325
T800,800ns_400ns,30500000.0,-0.35262643979613045,0.8812877474544748,0.003993338078526858
T800,800ns_400ns,30800000.0,-0.35984869332905267,0.8718311998265211,0.0031838597223207456
T800,800ns_400ns,31100000.0,-0.36621548531313247,0.8639226521365407,0.003993963094778891
T800,800ns_400ns,31400000.0,-0.3716654441867649,0.8555568349709093,0.003992904950860146
T800,800ns_400ns,31700000.0,-0.3780154491476561,0.8467642462751022,0.00323261901362478
T800,800ns_400ns,32000000.0,-0.3851143401075914,0.8393811687746567,0.003931673428966062
T800,800ns_400ns,32300000.0,-0.390953957940544,0.8332733876613002,0.005388792139043691
T800,800ns_400ns,32600000.0,-0.39544966172169266,0.82627115234776,0.005602845023813196
T800,800ns_400ns,32900000.0,-0.4007753730347288,0.8179498838836097,0.004359875993115735
T800,800ns_400ns,33200000.0,-0.40766462887697763,0.8102973148006833,0.0031924715064364576
T800,800ns_400ns,33500000.0,-0.4144264616067459,0.8042072298078468,0.0036391733359325833
T800,800ns_400ns,33800000.0,-0.42018384182358265,0.7982661448039681,0.003975707483444752
T800,800ns_400ns,34100000.0,-0.4262047819288611,0.7917245262566172,0.0033871686190671017
T800,800ns_400ns,34400000.0,-0.43313022463749035,0.7858716225833539,0.0033979050906325797
T800,800ns_400ns,34700000.0,-0.4395573529732357,0.7813755521781115,0.004614336824804983
T800,800ns_400ns,35000000.0,-0.44463586984816483,0.7767657978910919,0.005226563065265489
T800,800ns_400ns,35300000.0,-0.4497580292427592,0.7709461015043292,0.00450287758357874
T800,800ns_400ns,35600000.0,-0.45620304348359697,0.7650882031493044,0.0033004444942233346
T800,800ns_400ns,35900000.0,-0.4630744204444017,0.760514344325945,0.0032834282228551745
T800,800ns_400ns,36200000.0,-0.4691413186708491,0.7565497702088801,0.0037602983910239793
T800,800ns_400ns,36500000.0,-0.47498391272692675,0.7521139101706797,0.0034613751242527154
T800,800ns_400ns,36800000.0,-0.48158122415381005,0.7478198837656216,0.0031053269475257318
T800,800ns_400ns,37100000.0,-0.4882405479876477,0.7446703219361558,0.0038898046022928802
T800,800ns_400ns,37400000.0,-0.4938219003894268,0.7419587305797365,0.004690595803511115
T800,800ns_400ns,37700000.0,-0.49891777688086997,0.7383859009983134,0.004428145948881314
T800,800ns_400ns,38000000.0,-0.5049075753969928,0.7343307510902907,0.003405260141919319
T800,800ns_400ns,38300000.0,-0.5116392330376075,0.7311302716272752,0.0030028578783411336
T800,800ns_400ns,38600000.0,-0.5179130485734287,0.7287873478188089,0.003426797017500597
T800,800ns_400ns,38900000.0,-0.5236850110274577,0.7262589510196157,0.0034008155245291477
T800,800ns_400ns,39200000.0,-0.529906769140295,0.7235517605746312,0.0029679239352657935
T800,800ns_400ns,39500000.0,-0.5365082500015935,0.721635626598687,0.003293345679216132
T800,800ns_400ns,39800000.0,-0.542422837859789,0.7204518487733959,0.004085736079053785
T800,800ns_400ns,40100000.0,-0.5475911333103536,0.7188446709993455,0.004178902254556569
T800,800ns_400ns,40400000.0,-0.5531741681329556,0.7165731408809184,0.003437918409165899
T800,800ns_400ns,40700000.0,-0.5595785414007797,0.7147024812655235,0.0028225075402775017
T800,800ns_400ns,41000000.0,-0.5658949437580946,0.713726284717521,0.00305737934469281
T800,800ns_400ns,41300000.0,-0.571638475047728,0.7128818123562715,0.0032190222738523963
T800,800ns_400ns,41600000.0,-0.5774973394960005,0.711753295604509,0.0028813661752427368
T800,800ns_400ns,41900000.0,-0.5838298149454814,0.7110459387124412,0.0028603565895568036
T800,800ns_400ns,42200000.0,-0.5898643564129125,0.7111366833037783,0.0034930326373781516
T800,800ns_400ns,42500000.0,-0.5951201372670507,0.7112149367612446,0.003814971789704435
T800,800ns_400ns,42800000.0,-0.6003656331672668,0.7106618840829275,0.0033746173075176623
T800,800ns_400ns,43100000.0,-0.6063227301312549,0.7101254867757608,0.0027192921314601205
T800,800ns_400ns,43400000.0,-0.6124949563607107,0.7103536005720432,0.00271802933058779
T800,800ns_400ns,43700000.0,-0.6181839016776872,0.71097240072929,0.002958130081606533
T800,800ns_400ns,44000000.0,-0.6237123126888955,0.7113667521785463,0.002778628981701355
T800,800ns_400ns,44300000.0,-0.6296401815780663,0.711881026927322,0.0025770167511734326
T800,800ns_400ns,44600000.0,-0.6355758370255168,0.7130924708220784,0.0029719578316182134
T800,800ns_400ns,44900000.0,-0.6408600189116598,0.7146014319651889,0.0033963118601446434
T800,800ns_400ns,45200000.0,-0.6458266393483307,0.7156554201977837,0.003222817899504852
T800,800ns_400ns,45500000.0,-0.6512756534244895,0.7164660547436797,0.002650102080784726
T800,800ns_400ns,45800000.0,-0.6571255048641733,0.7178107865436311,0.0024477424446012336
T800,800ns_400ns,46100000.0,-0.6626762091584262,0.7196975310845046,0.0026653988239789643
T800,800ns_400ns,46400000.0,-0.6678963522831186,0.7215159131122293,0.002636182744026509
T800,800ns_400ns,46700000.0,-0.6733448938275917,0.7232652756804723,0.0023963454763079243
T800,800ns_400ns,47000000.0,-0.6789846777288353,0.7255184206743927,0.0025555765578552025
T800,800ns_400ns,47300000.0,-0.6841828659555254,0.7282458887263306,0.0029734593032501922
T800,800ns_400ns,47600000.0,-0.6888976165293266,0.7307606443185561,0.0030052244982558237
T800,800ns_400ns,47900000.0,-0.6938198558187022,0.7329127186854851,0.002578773475849118
T800,800ns_400ns,48200000.0,-0.6991980061163586,0.7353374763323777,0.002255977133261113
T800,800ns_400ns,48500000.0,-0.7044879965436491,0.7383357777425953,0.002381324812148053
T800,800ns_400ns,48800000.0,-0.7093934827167447,0.7414501704236113,0.002457735370597209
T800,800ns_400ns,49100000.0,-0.7143283196532589,0.7444258471574029,0.002266956721173071
T800,800ns_400ns,49400000.0,-0.7195128180752863,0.7476890998779165,0.0022505578987564025
T800,800ns_400ns,49700000.0,-0.7244783025000833,0.7514730700083867,0.002583901841540526
T800,800ns_400ns,50000000.0,-0.7289264861605393,0.755284541674592,0.0027488589739485224
T800,800ns_400ns,50300000.0,-0.7333249266739382,0.7587401620170436,0.0024858774002696708
T800,800ns_400ns,50600000.0,-0.7381202182722214,0.7622345377629449,0.0021290425445877567
T800,800ns_400ns,50900000.0,-0.7430093880278288,0.7662310185269423,0.002134539227950851
T800,800ns_400ns,51200000.0,-0.747558263929587,0.770501411185981,0.0022589835647567045
T800,800ns_400ns,51500000.0,-0.7519639155391961,0.7746623160717518,0.0021526020861709137
T800,800ns_400ns,51800000.0,-0.7565760933260175,0.7789253763860146,0.0020416851533222283
T800,800ns_400ns,52100000.0,-0.7611524015774129,0.7836526257519567,0.002251729043844334
T800,800ns_400ns,52400000.0,-0.7652776340705773,0.7885965372594973,0.0024791926813178974
T800,800ns_400ns,52700000.0,-0.7691575845261274,0.7932826089506415,0.002366421698516295
T800,800ns_400ns,53000000.0,-0.773296693017503,0.7978400825478272,0.0020427160340804958
T800,800ns_400ns,53300000.0,-0.7776466681544281,0.8027600408640202,0.0019400972673461964
T800,800ns_400ns,53600000.0,-0.781763874902706,0.8080503680937983,0.0020584383828510036
T800,800ns_400ns,53900000.0,-0.7856252926586392,0.8133232660301795,0.0020355079212804306
T800,800ns_400ns,54200000.0,-0.7895865528791951,0.8185755737352064,0.001901418382334278
T800,800ns_400ns,54500000.0,-0.7936260627828496,0.8241729959783498,0.001988359617182888
T800,800ns_400ns,54800000.0,-0.7973380295859978,0.8300991475501898,0.0022175923962470456
T800,800ns_400ns,55100000.0,-0.8006921531055826,0.8359127315010003,0.002224378168790868
T800,800ns_400ns,55400000.0,-0.804132178497253,0.8415137707394384,0.001973992583425736
T800,800ns_400ns,55700000.0,-0.8078209012763032,0.8473108331810879,0.0017999032891402986
T800,800ns_400ns,56000000.0,-0.8114073167566679,0.8535005863584423,0.001872719814767657
T800,800ns_400ns,56300000.0,-0.814696921656673,0.859787246560384,0.0019114197395407654
T800,800ns_400ns,56600000.0,-0.8179574188943303,0.8660030005207269,0.0018012923062864165
T800,800ns_400ns,56900000.0,-0.8213339214954768,0.8724244443182364,0.0017936160498924602
T800,800ns_400ns,57200000.0,-0.8245208251847443,0.8792055625440687,0.0019804435542855993
T800,800ns_400ns,57500000.0,-0.8273203080703138,0.8860241563429289,0.002068137392972349
T800,800ns_400ns,57800000.0,-0.8300374285243044,0.8926261205929886,0.001906952557576838
T800,800ns_400ns,58100000.0,-0.8329674882474958,0.8992688580408122,0.0017055156184418608
T800,800ns_400ns,58400000.0,-0.8359123014509628,0.9062588928289843,0.0017141773913022175
T800,800ns_400ns,58700000.0,-0.8385835722073397,0.9134467619848812,0.001783747077068863
T800,800ns_400ns,59000000.0,-0.8411100277080501,0.9205771619376453,0.0017195956629232796
T800,800ns_400ns,59300000.0,-0.843724578813681,0.9277888009229418,0.0016578504170847495
T800,800ns_400ns,59600000.0,-0.8462671037156251,0.9353232609671425,0.0017788476893903637
T800,800ns_400ns,59900000.0,-0.8484593230036054,0.9430166982207164,0.001907592489170618
T800,800ns_400ns,60200000.0,-0.850436625325186,0.9505505928312901,0.0018333674296312382
T800,800ns_400ns,60500000.0,-0.8525372823884505,0.9580090446697291,0.0016430339115716867
T800,800ns_400ns,60800000.0,-0.8547306274436455,0.9657215567813657,0.0015896004042965845
T800,800ns_400ns,61100000.0,-0.8567179420400898,0.9736947925986813,0.0016592975774605162
T800,800ns_400ns,61400000.0,-0.8584819039979312,0.9816669070405233,0.0016434503898990333
T800,800ns_400ns,61700000.0,-0.86026257471708,0.989633870726936,0.001565836390673068
T800,800ns_400ns,62000000.0,-0.8620466016432083,0.9978429133479766,0.0016183866850527887
T800,800ns_400ns,62300000.0,-0.863558427120231,1.0062840897199443,0.0017524480598466346
T800,800ns_400ns,62600000.0,-0.8647755037888364,1.0146570883789103,0.0017509690439115732
T800,800ns_400ns,62900000.0,-0.8659994879434235,1.0228916049814183,0.0015981683348030309
T800,800ns_400ns,63200000.0,-0.8673428980864184,1.0312653783022643,0.0014997690334908628
T800,800ns_400ns,63500000.0,-0.8685662930866802,1.039913806244429,0.0015455542616413423
T800,800ns_400ns,63800000.0,-0.8695350617666562,1.0486345249576046,0.0015674195423315848
T800,800ns_400ns,64100000.0,-0.8704321286065408,1.0573107992342972,0.001501510387855948
T800,800ns_400ns,64400000.0,-0.8713582209916323,1.0661317813791482,0.0014990381666581314
T800,800ns_400ns,64700000.0,-0.8721032518341185,1.0752042702015225,0.0016111974848085039
T800,800ns_400ns,65000000.0,-0.8725292973213985,1.0843061670017415,0.0016614036293131995
T800,800ns_400ns,65300000.0,-0.8728461924897577,1.09326011854012,0.0015595303067858326
T800,800ns_400ns,65600000.0,-0.873259354315666,1.1022428483455784,0.0014401466715646617
T800,800ns_400ns,65900000.0,-0.8736322572614457,1.111467371030375,0.001448881134225941
T800,800ns_400ns,66200000.0,-0.87376374015018,1.1208303743947714,0.0014911454987703192
T800,800ns_400ns,66500000.0,-0.8737423521227169,1.130153035056745,0.0014516059241957949
T800,800ns_400ns,66800000.0,-0.8737310178541616,1.1395307151078982,0.0014157608697228747
T800,800ns_400ns,67100000.0,-0.8736186736524613,1.1491323476916788,0.0014903444638048307
T800,800ns_400ns,67400000.0,-0.8732098193958423,1.158843795172419,0.0015685870694875982
T800,800ns_400ns,67700000.0,-0.8725981227273145,1.1684407151987435,0.001519754964660283
T800,800ns_400ns,68000000.0,-0.872021418645013,1.177980446395379,0.0014027706885301008
T800,800ns_400ns,68300000.0,-0.8714592544900152,1.1876944603073831,0.0013732505553837593
T800,800ns_400ns,68600000.0,-0.8707010218615554,1.1975880599354403,0.0014172239752654507
T800,800ns_400ns,68900000.0,-0.8697334276855224,1.2074759383673357,0.001407201948475695
T800,800ns_400ns,69200000.0,-0.8687261335951357,1.2173538110594149,0.0013601322910763735
T800,800ns_400ns,69500000.0,-0.8676705748626621,1.22739627573079,0.0013937050373888345
T800,800ns_400ns,69800000.0,-0.8663712562816416,1.237596789447,0.001477510560443134
T800,800ns_400ns,70100000.0,-0.8648110420828049,1.2477416123909821,0.0014752534190384063
T800,800ns_400ns,70400000.0,-0.8632042725892188,1.257779146520602,0.0013786792263904538
T800,800ns_400ns,70700000.0,-0.8616320907294818,1.2679064197375283,0.0013194809159511455
T800,800ns_400ns,71000000.0,-0.85992403961621,1.2782204328704063,0.0013495481389967276
T800,800ns_400ns,71300000.0,-0.8579831168190868,1.2885764951224579,0.0013636384520109845
T800,800ns_400ns,71600000.0,-0.855939828101492,1.2988898248064995,0.0013226695330693613
T800,800ns_400ns,71900000.0,-0.8538670914736902,1.3092951154846986,0.001321917169577442
T800,800ns_400ns,72200000.0,-0.8516145017982373,1.3198692821680826,0.0013933209567531665
T800,800ns_400ns,72500000.0,-0.8490821363937188,1.3304526383772235,0.0014254508653927462
T800,800ns_400ns,72800000.0,-0.8464204795069324,1.3409162547789715,0.0013599289423393151
T800,800ns_400ns,73100000.0,-0.8437782913237132,1.35138635519098,0.0012852022209750705
T800,800ns_400ns,73400000.0,-0.8410577335888038,1.362016751500648,0.0012919884023212345
T800,800ns_400ns,73700000.0,-0.8381129658495531,1.372732923220598,0.0013196647361756395
T800,800ns_400ns,74000000.0,-0.8350074973129925,1.3834045094008236,0.001294922735577421
T800,800ns_400ns,74300000.0,-0.8318598719443924,1.3940995301798458,0.0012724711952712177
T800,800ns_400ns,74600000.0,-0.8285901314378884,1.4049405161111026,0.0013204883003029445
T800,800ns_400ns,74900000.0,-0.825055820277906,1.4158446645142413,0.0013719462996860687
T800,800ns_400ns,75200000.0,-0.8213244379371236,1.4266478255535204,0.0013407121296507315
T800,800ns_400ns,75500000.0,-0.817569651632287,1.437390502049334,0.0012656395564739698
T800,800ns_400ns,75800000.0,-0.8137773823370492,1.4482412694247204,0.001247300395839683
T800,800ns_400ns,76100000.0,-0.8097937295324619,1.4592042255550821,0.001276381605685335
T800,800ns_400ns,76400000.0,-0.8056083787115359,1.4701432341834926,0.0012707076575703526
T800,800ns_400ns,76700000.0,-0.8013457630822114,1.4810540130455383,0.0012404775368454785
T800,800ns_400ns,77000000.0,-0.7970003383631666,1.4920641863590132,0.001262018851447061
T800,800ns_400ns,77300000.0,-0.7924285849583119,1.503169118819954,0.0013177156376926132
T800,800ns_400ns,77600000.0,-0.7876173029956964,1.5142111422624436,0.001317673387514004
T800,800ns_400ns,77900000.0,-0.7827243301592461,1.5251510492091338,0.0012549358215546394
T800,800ns_400ns,78200000.0,-0.7778102896710101,1.5361334129709692,0.0012163511381911673
T800,800ns_400ns,78500000.0,-0.7727497246092523,1.5472299555899665,0.0012361944047412335
T800,800ns_400ns,78800000.0,-0.7674705202596263,1.5583335027286969,0.0012464623229444017
T800,800ns_400ns,79100000.0,-0.7620691324045215,1.569380305143629,0.0012199941211660937
T800,800ns_400ns,79400000.0,-0.7566002382584731,1.5804694103149717,0.001218865115657489
T800,800ns_400ns,79700000.0,-0.7509526901912787,1.5916578992741188,0.0012663436541514566
T800,800ns_400ns,80000000.0,-0.7450519102263886,1.602827004491189,0.0012897458534120818
T800,800ns_400ns,80300000.0,-0.7390095714166784,1.613879868685554,0.0012474967716036272
T800,800ns_400ns,80600000.0,-0.7329370309337645,1.6249095327071477,0.001197864706566339
T800,800ns_400ns,80900000.0,-0.7267620045740851,1.6360305252372902,0.0012018159591152665
T800,800ns_400ns,81200000.0,-0.7203755322508055,1.6471872141222523,0.0012210162405412203
T800,800ns_400ns,81500000.0,-0.7138248032613469,1.658281452016706,0.0012054041098063571
T800,800ns_400ns,81800000.0,-0.7071989348817049,1.6693632016032265,0.0011897714353532648
T800,800ns_400ns,82100000.0,-0.7004386948695517,1.6805239944872639,0.0012212413430431387
T800,800ns_400ns,82400000.0,-0.6934372493959112,1.6917017586654852,0.0012577372354642337
T800,800ns_400ns,82700000.0,-0.6862449491626754,1.7027726229002573,0.0012389525789223933
T800,800ns_400ns,83000000.0,-0.6789926311478289,1.7137660108582835,0.0011887810155467482
T800,800ns_400ns,83300000.0,-0.6716704535381369,1.7248083271731518,0.0011753536892665636
T800,800ns_400ns,83600000.0,-0.6641627255545988,1.7359026932859043,0.0011950336040396927
T800,800ns_400ns,83900000.0,-0.6564614282547473,1.746946020035914,0.001192398211534122
T800,800ns_400ns,84200000.0,-0.6486606909892871,1.7579341580099188,0.0011716934792466856
T800,800ns_400ns,84500000.0,-0.6407570223320084,1.768963045618014,0.0011848897703493847
T800,800ns_400ns,84800000.0,-0.6326421674260093,1.7800291912322441,0.0012237744227244951
T800,800ns_400ns,85100000.0,-0.6243059015613989,1.7910128554935971,0.0012266300182849717
T800,800ns_400ns,85400000.0,-0.6158679658073724,1.8018833976572541,0.0011850826510518204
T800,800ns_400ns,85700000.0,-0.6073750591475421,1.8127498672180555,0.0011576221286317544
T800,800ns_400ns,86000000.0,-0.598732383067074,1.8236666916593922,0.0011702948904428862
T800,800ns_400ns,86300000.0,-0.58988501681957,1.834552173947999,0.001178427726113917
T800,800ns_400ns,86600000.0,-0.580906415481679,1.8453570130091166,0.0011606774789477436
T800,800ns_400ns,86900000.0,-0.5718388526062569,1.8561559927546025,0.0011582788849108527
T800,800ns_400ns,87200000.0,-0.5625981098222185,1.8669925442070623,0.0011906589398954766
T800,800ns_400ns,87500000.0,-0.5531272229560572,1.877775862969559,0.0012096294198839237
T800,800ns_400ns,87800000.0,-0.5435114938971395,1.8884312113981574,0.0011827665482792625
T800,800ns_400ns,88100000.0,-0.5338366547931902,1.8990289769961974,0.0011478688795020018
T800,800ns_400ns,88400000.0,-0.5240480284472089,1.9096566350440372,0.0011489157347322906
T800,800ns_400ns,88700000.0,-0.5140622459933183,1.920271484230572,0.001162706695305673
T800,800ns_400ns,89000000.0,-0.5039154795436879,1.9307976630247485,0.0011528620996682083
T800,800ns_400ns,89300000.0,-0.49367662441949084,1.9412727801939231,0.0011407345424405868
T800,800ns_400ns,89600000.0,-0.48330083624941916,1.951766911919141,0.0011611661052928766
T800,800ns_400ns,89900000.0,-0.4727061427962304,1.9622322749687662,0.001188614703007139
T800,800ns_400ns,90200000.0,-0.46193125985206357,1.9725730038610716,0.0011786412146790359
T800,800ns_400ns,90500000.0,-0.4510774054664872,1.982810985468394,0.0011439873512899747
T800,800ns_400ns,90800000.0,-0.4401377116716394,1.9930433388663686,0.001132593414216536
T800,800ns_400ns,91100000.0,-0.42902322310094965,2.0032724437729894,0.001145879742288202
T800,800ns_400ns,91400000.0,-0.4177277521122098,2.013418280864022,0.00114526250501859
T800,800ns_400ns,91700000.0,-0.40632442110002737,2.0234769212048724,0.0011302099320705387
T800,800ns_400ns,92000000.0,-0.3948112265858458,2.0335222039171956,0.0011373669653692747
T800,800ns_400ns,92300000.0,-0.38310472800011164,2.0435513903629006,0.0011653876150565226
T800,800ns_400ns,92600000.0,-0.371197024336343,2.0534713525324784,0.0011707888708053604
T800,800ns_400ns,92900000.0,-0.3591812951556151,2.0632576100138644,0.0011431066764639262
T800,800ns_400ns,93200000.0,-0.347094503791833,2.0729943515671665,0.0011220302509747104
T800,800ns_400ns,93500000.0,-0.3348635030156971,2.0827238154367826,0.0011294715068977757
T800,800ns_400ns,93800000.0,-0.32244568276150315,2.092382253464532,0.0011361825219734507
T800,800ns_400ns,94100000.0,-0.30989845759679463,2.1019306693455366,0.0011239382339276374
T800,800ns_400ns,94400000.0,-0.2972554158329821,2.111426814344766,0.0011201410591480752
T800,800ns_400ns,94700000.0,-0.28445146500688967,2.1209044629037543,0.0011423217270960166
T800,800ns_400ns,95000000.0,-0.2714423079352718,2.1302926092067924,0.0011586990994752252
T800,800ns_400ns,95300000.0,-0.25829475587321626,2.139532314708314,0.0011423318500307948
T800,800ns_400ns,95600000.0,-0.24507644056741953,2.1486780308378437,0.0011167054844743705
T800,800ns_400ns,95900000.0,-0.23174524841811225,2.1577980430880763,0.001115242129006729
T800,800ns_400ns,96200000.0,-0.2182361680584459,2.1668588439612972,0.001125269457415112
T800,800ns_400ns,96500000.0,-0.20457771818363565,2.1758005321902063,0.001119204164083352
T800,800ns_400ns,96800000.0,-0.1908244806842974,2.1846520385202135,0.0011090471857245895
T800,800ns_400ns,97100000.0,-0.1769419446984305,2.1934681692073195,0.0011217418767383092
T800,800ns_400ns,97400000.0,-0.16286605454489522,2.2022113538469643,0.0011431353395348703
T800,800ns_400ns,97700000.0,-0.1486274038824292,2.210805852955421,0.0011393954006812556
T800,800ns_400ns,98000000.0,-0.13430611581034088,2.2192683085328975,0.001115055109997497
T800,800ns_400ns,98300000.0,-0.11989750378976424,2.2276749225160883,0.0011045721485318202
T800,800ns_400ns,98600000.0,-0.10533191488082164,2.2360275530763465,0.0011132760567382236
T800,800ns_400ns,98900000.0,-0.09060465863024397,2.2442628259529047,0.0011139744265866761
T800,800ns_400ns,99200000.0,-0.07577387548176708,2.252377107626735,0.0011025877183214426
T800,800ns_400ns,99500000.0,-0.06083869498195376,2.2604284116438786,0.0011053511616393443
T800,800ns_400ns,99800000.0,-0.0457336743993254,2.26841456278294,0.0011257831242704153
T800,800ns_400ns,100100000.0,-0.03045277247460034,2.2762617053925274,0.001133062880237078
T800,800ns_400ns,100400000.0,-0.015070122006452162,2.2839499584587895,0.0011149554092163875
T800,800ns_400ns,100700000.0,0.0003842960991661751,2.2915456511112655,0.0010980134372648848
T800,800ns_400ns,101000000.0,0.015967875751782788,2.2990822358748737,0.0011016105039471224
T800,800ns_400ns,101300000.0,0.03171414903949394,2.3065090266944654,0.001107239224714694
T800,800ns_400ns,101600000.0,0.04757719352594786,2.313794633225088,0.0010987503128866184
T800,800ns_400ns,101900000.0,0.06352965723472583,2.3209845597570613,0.0010938499923543934
T800,800ns_400ns,102200000.0,0.07962265134213589,2.328105610967056,0.001108749332924553
T800,800ns_400ns,102500000.0,0.09589110292037516,2.335101243837878,0.001123257286591509
T800,800ns_400ns,102800000.0,0.1122815163502177,2.3419241628085548,0.0011143222597491953
T800,800ns_400ns,103100000.0,0.12873938277022776,2.3486173450438583,0.0010951405824010444
T800,800ns_400ns,103400000.0,0.14529758901081077,2.355235142949213,0.0010917938477303117
T800,800ns_400ns,103700000.0,0.16200761046502388,2.3617508183934413,0.0010990533445145547
T800,800ns_400ns,104000000.0,0.17884637877214032,2.3681162588554026,0.001095629587234302
T800,800ns_400ns,104300000.0,0.1957697045989674,2.374354184666959,0.0010868776889407092
T800,800ns_400ns,104600000.0,0.21280446810744147,2.380508296815894,0.0010940178995932927
T800,800ns_400ns,104900000.0,0.23000146640131156,2.3865485719812307,0.0011109386434837625
T800,800ns_400ns,105200000.0,0.24733591886635267,2.3924141631138673,0.0011116413293658352
T800,800ns_400ns,105500000.0,0.2647431117569551,2.39811801506835,0.0010947414337474826
T800,800ns_400ns,105800000.0,0.2822260797082371,2.4037210512311606,0.0010849602317333086
T800,800ns_400ns,106100000.0,0.29984017332108837,2.409224807792866,0.0010903238096354442
T800,800ns_400ns,106400000.0,0.3175888437652768,2.4145782794714905,0.00109192831216867
T800,800ns_400ns,106700000.0,0.33542490327830193,2.4197781996012413,0.0010832826705424008
T800,800ns_400ns,107000000.0,0.35334833400328536,2.42487101255822,0.0010829781014952704
T800,800ns_400ns,107300000.0,0.3714111939531255,2.4298550282381344,0.0010977803252186743
T800,800ns_400ns,107600000.0,0.38961801499389365,2.434670747581413,0.0011062935860195232
T800,800ns_400ns,107900000.0,0.40790866041146073,2.4393018510359807,0.0010952430593014033
T800,800ns_400ns,108200000.0,0.4262582754623989,2.4438015690444437,0.0010815228525691497
T800,800ns_400ns,108500000.0,0.44471250767994075,2.4481969187319543,0.0010824107491041962
T800,800ns_400ns,108800000.0,0.4632980352009149,2.452447003481024,0.0010872105286341821
T800,800ns_400ns,109100000.0,0.4819773690224646,2.4565262296018195,0.00108159459089814
T800,800ns_400ns,109400000.0,0.5007277414687562,2.460471133039634,0.0010761474634910764
T800,800ns_400ns,109700000.0,0.5195897994884564,2.4643034198165044,0.0010857082576939572
T800,800ns_400ns,110000000.0,0.5385913807829227,2.467977414058275,0.0010986292286906281
T800,800ns_400ns,110300000.0,0.5576888090707882,2.4714546486326423,0.00109520706958835
T800,800ns_400ns,110600000.0,0.5768373139732519,2.4747696925249154,0.0010811043266148418
T800,800ns_400ns,110900000.0,0.5960628488696733,2.4779665960897104,0.0010766560700750322
T800,800ns_400ns,111200000.0,0.6154066823092688,2.4810237723240927,0.0010818924423585056
T800,800ns_400ns,111500000.0,0.6348497205998483,2.4839020647286447,0.0010805302249714947
T800,800ns_400ns,111800000.0,0.654355497163189,2.4866196970638708,0.0010731859601281516
T800,800ns_400ns,112100000.0,0.6739451336877847,2.4892121602939294,0.0010764223393368516
T800,800ns_400ns,112400000.0,0.6936594022933844,2.4916551848446247,0.0010898227349331385
T800,800ns_400ns,112700000.0,0.7134777833476177,2.493899237972722,0.0010937531266026958
T800,800ns_400ns,113000000.0,0.7333470777092432,2.495954650087351,0.001082752905889612
T800,800ns_400ns,113300000.0,0.753269047564917,2.4978709848745657,0.0010739845711603847
T800,800ns_400ns,113600000.0,0.7732882201739382,2.49964963309926,0.0010770248440062817
T800,800ns_400ns,113900000.0,0.7934070217572725,2.501249030615016,0.0010793852055804127
T800,800ns_400ns,114200000.0,0.8135864557001072,2.502666345861696,0.0010731888822296137
T800,800ns_400ns,114500000.0,0.8338258037157754,2.50393943063991,0.0010710292651203888
T800,800ns_400ns,114800000.0,0.854166966495487,2.5050670623265594,0.0010815598117177867
T800,800ns_400ns,115100000.0,0.8746132481975775,2.506000712648479,0.0010908066141672196
T800,800ns_400ns,115400000.0,0.8951150281416467,2.5067269176228786,0.001085343105364849
T800,800ns_400ns,115700000.0,0.9156513046419541,2.5072891436465867,0.0010746873084416504
T800,800ns_400ns,116000000.0,0.9362587936798394,2.5077096435512574,0.0010739333423611895
T800,800ns_400ns,116300000.0,0.9569589061355673,2.507955058162764,0.0010782077430665068
T800,800ns_400ns,116600000.0,0.9777204845901065,2.508004346037826,0.0010751211597048236
T800,800ns_400ns,116900000.0,0.9985242140101876,2.50788738672484,0.0010698800204619922
T800,800ns_400ns,117200000.0,1.0194027629174776,2.507622127969429,0.0010756170200703083
T800,800ns_400ns,117500000.0,1.0403785140364874,2.5071712722886637,0.0010871158677652844
T800,800ns_400ns,117800000.0,1.0614151961533353,2.5065032247427945,0.0010879978672782371
T800,800ns_400ns,118100000.0,1.0824754271737078,2.5056463135334925,0.0010784379425118735
T800,800ns_400ns,118400000.0,1.1035798609282574,2.50463686468314,0.00107381364397882
T800,800ns_400ns,118700000.0,1.1247619339165973,2.5034573341298096,0.0010777315551745474
T800,800ns_400ns,119000000.0,1.146005525831447,2.502075547116333,0.001078229435813463
T800,800ns_400ns,119300000.0,1.1672800401737562,2.500506454315634,0.0010726571046569763
T800,800ns_400ns,119600000.0,1.188602185882069,2.498779403369635,0.0010734459712538728
T800,800ns_400ns,119900000.0,1.2100050277767251,2.496874640569203,0.0010840603425762876
T800,800ns_400ns,120200000.0,1.2314712501357146,2.4947514373426816,0.0010904083394440403
T800,800ns_400ns,120500000.0,1.2529564443936707,2.49241828781255,0.0010845302737876874
T800,800ns_400ns,120800000.0,1.2744613934787703,2.489916190687196,0.0010774178636166957
T800,800ns_400ns,121100000.0,1.2960222986364214,2.4872465431131543,0.0010791271916353977
T800,800ns_400ns,121400000.0,1.3176407520272886,2.4843751653344053,0.0010823196113154548
T800,800ns_400ns,121700000.0,1.3392840207912144,2.4812997225420315,0.001078676915112378
T800,800ns_400ns,122000000.0,1.3609508468042075,2.4780516077475503,0.0010758970872026116
T800,800ns_400ns,122300000.0,1.3826753020203,2.474630077968869,0.0010833196027996532
T800,800ns_400ns,122600000.0,1.4044597036996567,2.470995183990501,0.0010929821386756566
T800,800ns_400ns,122900000.0,1.426262502745906,2.467135824988633,0.0010922433872342927
T800,800ns_400ns,123200000.0,1.4480656698356453,2.4630880960591766,0.0010849356002309613
T800,800ns_400ns,123500000.0,1.4698990294515386,2.458870700945657,0.001083659561726648
T800,800ns_400ns,123800000.0,1.4917798976061285,2.454456228334845,0.0010878357665785785
T800,800ns_400ns,124100000.0,1.513681982164271,2.4498273107488058,0.001087277735852681
T800,800ns_400ns,124400000.0,1.5355886404499988,2.445008839371073,0.0010831612026879441
T800,800ns_400ns,124700000.0,1.5575263751406379,2.4400159840628683,0.0010864839200120928
T800,800ns_400ns,125000000.0,1.5795133254125007,2.4348180593542743,0.0010967845371812083
T800,800ns_400ns,125300000.0,1.6015189310714308,2.429388948379787,0.001101188311109945
T800,800ns_400ns,125600000.0,1.6235115408131229,2.423752305030293,0.0010960868259783554
T800,800ns_400ns,125900000.0,1.6455077136840102,2.417938601271526,0.001092348389629867
T800,800ns_400ns,126200000.0,1.6675348004382118,2.411933556579649,0.0010957292612490334
T800,800ns_400ns,126500000.0,1.6895789722278223,2.4057105669982626,0.0010981413353237889
T800,800ns_400ns,126800000.0,1.7116142001015406,2.3992822009309673,0.001094926074083204
T800,800ns_400ns,127100000.0,1.7336537824147515,2.3926731685975433,0.0010947131655994426
T800,800ns_400ns,127400000.0,1.7557247880707159,2.3858673548677003,0.0011032946829563801
T800,800ns_400ns,127700000.0,1.7778123818768805,2.378831030992591,0.0011115248754121267
T800,800ns_400ns,128000000.0,1.7998790099274298,2.371571423705498,0.0011103767813286929
T800,800ns_400ns,128300000.0,1.8219247187318925,2.364123001340624,0.0011057467508863942
T800,800ns_400ns,128600000.0,1.843979228709845,2.356487292739631,0.0011071830930621206
T800,800ns_400ns,128900000.0,1.8660434765765632,2.348636021573487,0.0011114603694764346
T800,800ns_400ns,129200000.0,1.8880896305969974,2.340567400410543,0.0011106821369604592
T800,800ns_400ns,129500000.0,1.9101160415307104,2.332307922862822,0.0011085644496528638
T800,800ns_400ns,129800000.0,1.9321506814794074,2.3238573479573805,0.0011140640745288366
T800,800ns_400ns,130100000.0,1.954195097005646,2.3151825748037855,0.0011240071413759322
T800,800ns_400ns,130400000.0,1.976214068385617,2.3062745109574294,0.0011274195209868521
T800,800ns_400ns,130700000.0,1.9981919291264634,2.2971636300559486,0.001123920032410222
T800,800ns_400ns,131000000.0,2.0201531345384174,2.2878659843878784,0.0011232992484515067
T800,800ns_400ns,131300000.0,2.042111801443168,2.2783589596402405,0.0011279265345630883
T800,800ns_400ns,131600000.0,2.064045470616477,2.268628224574225,0.001130057707473625
T800,800ns_400ns,131900000.0,2.085939635098349,2.258694906069584,0.001128040809352981
T800,800ns_400ns,132200000.0,2.1078159928242064,2.2485721227033366,0.001130380639053834
T800,800ns_400ns,132500000.0,2.129689366737347,2.2382345157147876,0.0011398508686921553
T800,800ns_400ns,132800000.0,2.151533706215375,2.2276604269092046,0.0011472048881717993
T800,800ns_400ns,133100000.0,2.1733219096965484,2.216869986286954,0.001146608049745247
T800,800ns_400ns,133400000.0,2.195067359475933,2.2058891909425804,0.0011448440240818013
T800,800ns_400ns,133700000.0,2.2167926420313866,2.194706458659439,0.00114854921894789
T800,800ns_400ns,134000000.0,2.2384857588830713,2.1832997213818817,0.0011530491493218103
T800,800ns_400ns,134300000.0,2.2601243262486506,2.1716798210012787,0.0011528075346533171
T800,800ns_400ns,134600000.0,2.281719004043029,2.15986794332131,0.0011530297919373326
T800,800ns_400ns,134900000.0,2.3032921648723588,2.147850971105126,0.0011604532324834516
T800,800ns_400ns,135200000.0,2.324830961547169,2.135600845949961,0.0011702088259214832
T800,800ns_400ns,135500000.0,2.346303303022614,2.1231239449251924,0.0011734791905735004
T800,800ns_400ns,135800000.0,2.3677087124441387,2.1104497097506454,0.0011721264001556344
T800,800ns_400ns,136100000.0,2.3890718300412486,2.0975798976524214,0.0011743709645592269
T800,800ns_400ns,136400000.0,2.41039310940048,2.0844910412316127,0.001180076352488805
T800,800ns_400ns,136700000.0,2.4316486489402105,2.0711819350953724,0.0011824748219764329
T800,800ns_400ns,137000000.0,2.4528365527605467,2.057675327789099,0.00118223047362092
T800,800ns_400ns,137300000.0,2.4739800113173254,2.04397149924003,0.0011870623341639613
T800,800ns_400ns,137600000.0,2.4950800011519747,2.030042912722755,0.0011973297929328854
T800,800ns_400ns,137900000.0,2.5161063769593013,2.015882216172835,0.0012043823154327638
T800,800ns_400ns,138200000.0,2.537045416487215,2.001515558135612,0.0012050540068326626
T800,800ns_400ns,138500000.0,2.557917372753349,1.9869570068941282,0.0012061990030138431
T800,800ns_400ns,138800000.0,2.578733868755496,1.9721878880794395,0.0012118813500715227
T800,800ns_400ns,139100000.0,2.5994755481300205,1.9571964269205286,0.0012168499636303243
T800,800ns_400ns,139400000.0,2.620129674628731,1.9420008929078076,0.0012177666283194652
T800,800ns_400ns,139700000.0,2.640714191158037,1.926612893382705,0.0012205209590911645
T800,800ns_400ns,140000000.0,2.6612413349992132,1.9110114353503733,0.0012296941232737516
T800,800ns_400ns,140300000.0,2.6816887071353963,1.8951785519342579,0.001239515602598045
T800,800ns_400ns,140600000.0,2.7020329084826686,1.87913170135598,0.001243333306424339
T800,800ns_400ns,140900000.0,2.7222848648764195,1.862893432866974,0.0012444511441147283
T800,800ns_400ns,141200000.0,2.7424634244276755,1.8464544365969415,0.0012493241411022302
T800,800ns_400ns,141500000.0,2.762558112468033,1.8297963990314279,0.0012560738849276974
T800,800ns_400ns,141800000.0,2.782549534963834,1.8129289184027368,0.0012592370512947697
T800,800ns_400ns,142100000.0,2.802446326207602,1.7958704846796978,0.0012611595011195265
T800,800ns_400ns,142400000.0,2.822267174300664,1.7786104934784583,0.0012683897289335843
T800,800ns_400ns,142700000.0,2.8420008891339754,1.7611255510875918,0.0012794491474126366
T800,800ns_400ns,143000000.0,2.8616198330940144,1.7434214883957786,0.0012867083823199512
T800,800ns_400ns,143300000.0,2.8811231995849496,1.7255238425819723,0.0012891470811554596
T800,800ns_400ns,143600000.0,2.9005316376406216,1.7074346659581487,0.0012931435165394651
T800,800ns_400ns,143900000.0,2.9198452854146315,1.6891344680721418,0.0013005991380397074
T800,800ns_400ns,144200000.0,2.939043476452662,1.670622640574149,0.0013063036084955662
T800,800ns_400ns,144500000.0,2.958124210693174,1.6519190470079468,0.0013088504497111729
T800,800ns_400ns,144800000.0,2.977106926100819,1.6330244948598853,0.0013142126427190118
T800,800ns_400ns,145100000.0,2.9959922184315197,1.6139160332117364,0.0013249997100293401
T800,800ns_400ns,145400000.0,3.014754105792305,1.594587835350463,0.0013351421018128911
T800,800ns_400ns,145700000.0,3.0333805273630996,1.5750626919927244,0.0013400307878732713
T800,800ns_400ns,146000000.0,3.0518884499637613,1.5553531824291742,0.0013437750111690396
T800,800ns_400ns,146300000.0,3.070287573035974,1.535443913576518,0.0013510456118935486
T800,800ns_400ns,146600000.0,3.088561126800534,1.5153252905414112,0.00135885853848965
T800,800ns_400ns,146900000.0,3.1066979027875914,1.495013398697068,0.0013631940942402864
T800,800ns_400ns,147200000.0,3.1247129179206445,1.4745187321486133,0.001367525026219829
T800,800ns_400ns,147500000.0,3.142616413991184,1.4538239233364805,0.001377025231247493
T800,800ns_400ns,147800000.0,3.1603890288541843,1.4329140996355252,0.001388895540959186
T800,800ns_400ns,148100000.0,3.1780104559961138,1.4118046787508218,0.0013967744028288418
T800,800ns_400ns,148400000.0,3.1954897444791523,1.3905155288981688,0.0014012988341655418
T800,800ns_400ns,148700000.0,3.2128428186869287,1.36903927585302,0.0014080130505917722
T800,800ns_400ns,149000000.0,3.230060530189683,1.3473607507551253,0.0014170773397466697
T800,800ns_400ns,149300000.0,3.2471260091002345,1.3254886587221943,0.0014237566710622687
T800,800ns_400ns,149600000.0,3.264046362738594,1.3034394097513375,0.0014282668882469101
T800,800ns_400ns,149900000.0,3.2808373996311593,1.2812045284384073,0.0014362162964558244
T800,800ns_400ns,150200000.0,3.297489369600356,1.2587645022739544,0.0014484879133068688
T800,800ns_400ns,150500000.0,3.3139783513656234,1.2361248288220212,0.0014591731257875122
T800,800ns_400ns,150800000.0,3.3303033874557575,1.2133079800218989,0.001465513058139059
T800,800ns_400ns,151100000.0,3.3464819999117004,1.1903163384586533,0.001471913065176618
T800,800ns_400ns,151400000.0,3.3625141736547435,1.1671337373044126,0.0014813477734288115
T800,800ns_400ns,151700000.0,3.3783819784377362,1.1437601571126812,0.001490256772039396
T800,800ns_400ns,152000000.0,3.39408344958713,1.1202132157739295,0.0014960827733056909
T800,800ns_400ns,152300000.0,3.4096350919344234,1.0964942363023864,0.0015029410339298809
T800,800ns_400ns,152600000.0,3.4250372986749937,1.0725840856653357,0.001514548995989937
T800,800ns_400ns,152900000.0,3.4402675852605773,1.0484782767818643,0.0015272499142065978
T800,800ns_400ns,153200000.0,3.455315365212077,1.024196963780969,0.0015360764948335551
T800,800ns_400ns,153500000.0,3.4701950521216505,0.9997515981012408,0.0015428697819114769
T800,800ns_400ns,153800000.0,3.484914891599048,0.9751295429787847,0.0015521139796384105
T800,800ns_400ns,154100000.0,3.499460335330045,0.9503230725295985,0.001562643917875958
T800,800ns_400ns,154400000.0,3.5138215451764463,0.925346583775388,0.001570502227655492
T800,800ns_400ns,154700000.0,3.5280112787828495,0.9002097436713762,0.0015771950725057733
T800,800ns_400ns,155000000.0,3.5420382675265625,0.8748982202194817,0.0015876331590840213
T800,800ns_400ns,155300000.0,3.555885743827645,0.8493997528186854,0.0016012566722448784
T800,800ns_400ns,155600000.0,3.569536052658865,0.8237281817048793,0.0016126726685888114
T800,800ns_400ns,155900000.0,3.5829968410546855,0.7979012634943111,0.0016207310877608642
T800,800ns_400ns,156200000.0,3.596281767444027,0.7719132788001652,0.001629720631493415
T800,800ns_400ns,156500000.0,3.6093828872860203,0.7457517097187465,0.0016410820771633333
T800,800ns_400ns,156800000.0,3.6222855236502407,0.7194246146900563,0.0016511228691387645
T800,800ns_400ns,157100000.0,3.634995669258554,0.6929467765965699,0.0016586780698197346
T800,800ns_400ns,157400000.0,3.647526903722308,0.6663115301653927,0.0016680790499832416
T800,800ns_400ns,157700000.0,3.6598707783421496,0.6395026142714848,0.001681600242156387
T800,800ns_400ns,158000000.0,3.672006545724031,0.6125253323552897,0.001695147224852142
T800,800ns_400ns,158300000.0,3.683933262267199,0.5853997163228443,0.0017051802187158917
T800,800ns_400ns,158600000.0,3.695666019545758,0.5581284828956976,0.0017143184327411917
T800,800ns_400ns,158900000.0,3.7072048033052702,0.5306982579282299,0.0017258648771274825
T800,800ns_400ns,159200000.0,3.7185340599090217,0.5031095782175959,0.0017377361967010879
T800,800ns_400ns,159500000.0,3.729651993917084,0.4753782861921632,0.0017469481178899414
T800,800ns_400ns,159800000.0,3.740572839122194,0.4475061864629449,0.0017559486500099593
T800,800ns_400ns,160100000.0,3.7512969520346617,0.4194773419677571,0.0017687161582520755
T800,800ns_400ns,160400000.0,3.761804854609289,0.3912884334635912,0.0017835632161885802
T800,800ns_400ns,160700000.0,3.7720873140373685,0.3629575117683012,0.0017958791471028128
T800,800ns_400ns,161000000.0,3.7821567855218983,0.334495155301392,0.0018058397272066751
T800,800ns_400ns,161300000.0,3.7920204524277783,0.3058910486262632,0.0018172873672144755
T800,800ns_400ns,161600000.0,3.8016657293691187,0.2771390645456495,0.0018303519429314567
T800,800ns_400ns,161900000.0,3.811084049829375,0.2482522693492594,0.0018415768549447599
T800,800ns_400ns,162200000.0,3.8202864553606988,0.21923969849015437,0.0018510434649761272
T800,800ns_400ns,162500000.0,3.829280570015199,0.19008956815307557,0.0018629283265099365
T800,800ns_400ns,162800000.0,3.8380519005533675,0.1607918243154992,0.001878160508011938
T800,800ns_400ns,163100000.0,3.8465851221893974,0.131359061227693,0.0018925862639237803
T800,800ns_400ns,163400000.0,3.854886872840561,0.10180733982003787,0.0019040423893284199
T800,800ns_400ns,163700000.0,3.8629690820888674,0.07213234774753213,0.0019155283081670306
T800,800ns_400ns,164000000.0,3.8708249371685373,0.04232380224736434,0.0019291390576173172
T800,800ns_400ns,164300000.0,3.8784417170899244,0.01238927699570158,0.001942266017822142
T800,800ns_400ns,164600000.0,3.885824643567501,-0.017657747766430643,0.001952994640931904
T800,800ns_400ns,164900000.0,3.8929855984142185,-0.04782240604702008,0.001964357848070496
T800,800ns_400ns,165200000.0,3.8999173483207303,-0.07811823145062011,0.001979261917621698
T800,800ns_400ns,165500000.0,3.9066019157264957,-0.10854003738556675,0.0019952299371633698
T800,800ns_400ns,165800000.0,3.9130385196483655,-0.13906977293337516,0.0020086136854987626
T800,800ns_400ns,166100000.0,3.919240387559077,-0.16970441439468853,0.0020205975816259924
T800,800ns_400ns,166400000.0,3.9252076477453057,-0.2004549909471984,0.0020343322179987287
T800,800ns_400ns,166700000.0,3.9309268607112338,-0.23132046754392474,0.002048909228498278
T800,800ns_400ns,167000000.0,3.93639652377441,-0.26228643983249117,0.0020613969747737427
T800,800ns_400ns,167300000.0,3.9416291386060216,-0.293350679190733,0.0020729110582673673
T800,800ns_400ns,167600000.0,3.9466251749643706,-0.32452644721667073,0.002087166175396166
T800,800ns_400ns,167900000.0,3.9513677940635388,-0.3558160634300787,0.002103919646366349
T800,800ns_400ns,168200000.0,3.9558490390478216,-0.38720319356480787,0.0021192862316144604
T800,800ns_400ns,168500000.0,3.9600798921105196,-0.4186779633877937,0.0021323494850865607
T800,800ns_400ns,168800000.0,3.964066800770209,-0.4502487416403427,0.0021461301995695033
T800,800ns_400ns,169100000.0,3.9677989564741756,-0.4819203031880178,0.0021615778990027898
T800,800ns_400ns,169400000.0,3.971269002664975,-0.5136806640421292,0.002175924007464856
T800,800ns_400ns,169700000.0,3.9744867090025324,-0.5455212984091767,0.0021883246313968777
T800,800ns_400ns,170000000.0,3.977458926939878,-0.5774518589658812,0.0022020479073151513
PML40,200ns_0ns,20000000.0,-0.17847096869213505,-0.1892389913250133,1.124199866261562
PML40,200ns_0ns,20300000.0,-0.7747466648953465,-0.07264975072809171,1.1270515240088343
PML40,200ns_0ns,20600000.0,-1.2700926235903054,0.24715565960894917,1.1303919973578975
PML40,200ns_0ns,20900000.0,-1.5996777497096344,0.7167249992908618,1.1340954518398494
PML40,200ns_0ns,21200000.0,-1.723361917926119,1.2636148710000288,1.1379741282417148
PML40,200ns_0ns,21500000.0,-1.6305110902604474,1.806873995365447,1.1418042409136941
PML40,200ns_0ns,21800000.0,-1.3406357644667284,2.268400519775293,1.1453567681131525
PML40,200ns_0ns,22100000.0,-0.899879678332312,2.583597017553983,1.148428641003594
PML40,200ns_0ns,22400000.0,-0.37395097792080456,2.709884847681929,1.1508700104489349
PML40,200ns_0ns,22700000.0,0.16144207117599757,2.6319697396968635,1.1526039999437012
PML40,200ns_0ns,23000000.0,0.6312757032579297,2.363223070070214,1.1536364378613866
PML40,200ns_0ns,23300000.0,0.9715228632416988,1.9430904482087963,1.1540543361377928
PML40,200ns_0ns,23600000.0,1.1376892188471532,1.4309846213891826,1.154013239192807
PML40,200ns_0ns,23900000.0,1.1104474904515875,0.8975891216784174,1.1537149365890451
PML40,200ns_0ns,24200000.0,0.897669741461145,0.41483041168743445,1.1533783326410727
PML40,200ns_0ns,24500000.0,0.5326677214399862,0.04592769963664231,1.153207355469049
PML40,200ns_0ns,24800000.0,0.06897546134153812,-0.16311527515803753,1.153360461320908
PML40,200ns_0ns,25100000.0,-0.4275257710529449,-0.18944258303689115,1.1539263244872389
PML40,200ns_0ns,25400000.0,-0.887994604543472,-0.03594880070267825,1.1549095537372833
PML40,200ns_0ns,25700000.0,-1.2502026777357438,0.26972723441646224,1.1562287758042522
PML40,200ns_0ns,26000000.0,-1.4669728673039382,0.6795951175235367,1.1577274291873905
PML40,200ns_0ns,26300000.0,-1.5123478970039927,1.132409659198806,1.1591955370621598
PML40,200ns_0ns,26600000.0,-1.384692094545273,1.562433455581965,1.160399021972635
PML40,200ns_0ns,26900000.0,-1.1063683798797403,1.908621351620139,1.1611121060566403
PML40,200ns_0ns,27200000.0,-0.7201112973824966,2.122952528508653,1.1611481148579148
PML40,200ns_0ns,27500000.0,-0.28266859132327804,2.176781153535823,1.160384478146782
PML40,200ns_0ns,27800000.0,0.143352871834914,2.064373645050853,1.1587786951305485
PML40,200ns_0ns,28100000.0,0.4982740574636374,1.8032056519436388,1.1563732917754665
PML40,200ns_0ns,28400000.0,0.7335384473994383,1.4310469826197254,1.1532891854806973
PML40,200ns_0ns,28700000.0,0.8181966774395483,1.0003044298151977,1.1497082875984186
PML40,200ns_0ns,29000000.0,0.7428222118812225,0.5704603508810161,1.1458475409086972
PML40,200ns_0ns,29300000.0,0.5203708440484232,0.19968994910344792,1.1419278025960649
PML40,200ns_0ns,29600000.0,0.1839280012468343,-0.06316873255900735,1.1381418784637327
PML40,200ns_0ns,29900000.0,-0.21828195528231725,-0.1851904803786562,1.1346263791825568
PML40,200ns_0ns,30200000.0,-0.6298801469870756,-0.1536052580839941,1.1314417145902456
PML40,200ns_0ns,30500000.0,-0.9943067648057353,0.022832430419983344,1.1285634013745522
PML40,200ns_0ns,30800000.0,-1.2626625328070396,0.3154797943527588,1.1258860714281316
PML40,200ns_0ns,31100000.0,-1.4003368192709003,0.6801628363244021,1.1232394774012184
PML40,200ns_0ns,31400000.0,-1.3915295264075362,1.0635993351964472,1.1204138514259148
PML40,200ns_0ns,31700000.0,-1.2410817960189877,1.4109600364904127,1.1171905875977635
PML40,200ns_0ns,32000000.0,-0.9734133573020682,1.6735006989520338,1.1133736134437466
PML40,200ns_0ns,32300000.0,-0.6287678719805481,1.8152078719843923,1.1088169921938142
PML40,200ns_0ns,32600000.0,-0.2573358956584757,1.8175572133425932,1.1034450890695213
PML40,200ns_0ns,32900000.0,0.08789205823385078,1.681760636054152,1.0972628081307132
PML40,200ns_0ns,33200000.0,0.3585298584320218,1.4282371268246816,1.0903547541880698
PML40,200ns_0ns,33500000.0,0.5174277254949384,1.0934307860914518,1.0828735562883993
PML40,200ns_0ns,33800000.0,0.5436273448122569,0.7244643293244257,1.0750189189266246
PML40,200ns_0ns,34100000.0,0.4349836835731789,0.3724070500637105,1.0670101676296138
PML40,200ns_0ns,34400000.0,0.20813148521978866,0.08511423171692728,1.0590560146309442
PML40,200ns_0ns,34700000.0,-0.10415248317772093,-0.0993624118488678,1.051325824885429
PML40,200ns_0ns,35000000.0,-0.4577807620134027,-0.1578900389356971,1.043926632334614
PML40,200ns_0ns,35300000.0,-0.8036728019453458,-0.08521211149717552,1.0368894223324654
PML40,200ns_0ns,35600000.0,-1.0946577710985763,0.10562521704959031,1.0301667907445997
PML40,200ns_0ns,35900000.0,-1.2919956673932083,0.3853940913356024,1.0236422417524584
PML40,200ns_0ns,36200000.0,-1.3706189019972481,0.7130165198603532,1.0171494773838223
PML40,200ns_0ns,36500000.0,-1.3223887033522321,1.0414690505058033,1.010498476232913
PML40,200ns_0ns,36800000.0,-1.1569473964096342,1.3244156119465404,1.0035042585859695
PML40,200ns_0ns,37100000.0,-0.9000876439829407,1.5226364705256408,0.9960140911787996
PML40,200ns_0ns,37400000.0,-0.5899051935747281,1.6093646239791328,0.9879294026992171
PML40,200ns_0ns,37700000.0,-0.2713046653146259,1.5738067125511783,0.979219651537331
PML40,200ns_0ns,38000000.0,0.010352813787179093,1.4223887889013378,0.9699265854940234
PML40,200ns_0ns,38300000.0,0.21556480867689923,1.177590072020878,0.9601585873120145
PML40,200ns_0ns,38600000.0,0.3160895085066056,0.8745644972177412,0.9500760063340847
PML40,200ns_0ns,38900000.0,0.2986986353880527,0.5560536269880609,0.939869472488877
PML40,200ns_0ns,39200000.0,0.1667857336651296,0.26632374597778347,0.9297341070316967
PML40,200ns_0ns,39500000.0,-0.060360570818173004,0.04498411091143405,0.9198431804122006
PML40,200ns_0ns,39800000.0,-0.3504818096671108,-0.07845323973791606,0.9103249808361046
PML40,200ns_0ns,40100000.0,-0.6630338077527265,-0.08852764742893282,0.9012463170291166
PML40,200ns_0ns,40400000.0,-0.9549525607326831,0.014229049824940693,0.892605140211091
PML40,200ns_0ns,40700000.0,-1.1866846136536309,0.2136041411873584,0.8843333388895751
PML40,200ns_0ns,41000000.0,-1.32764006459766,0.48019177308268485,0.876309100779357
PML40,200ns_0ns,41300000.0,-1.3603188568646418,0.7756790964949206,0.8683767037821749
PML40,200ns_0ns,41600000.0,-1.282556201883829,1.05830888518163,0.8603705159441927
PML40,200ns_0ns,41900000.0,-1.1076022427184176,1.2887422740499774,0.8521395350243887
PML40,200ns_0ns,42200000.0,-0.8620560139643758,1.4355008435460592,0.843568981660458
PML40,200ns_0ns,42500000.0,-0.5819715671034685,1.47923743036412,0.8345961324536794
PML40,200ns_0ns,42800000.0,-0.3077035927384435,1.415258423822155,0.8252185381107743
PML40,200ns_0ns,43100000.0,-0.07822704618755895,1.2539714034750797,0.815493835277061
PML40,200ns_0ns,43400000.0,0.07427188197775587,1.0192248566470627,0.8055314078511991
PML40,200ns_0ns,43700000.0,0.12878488974135652,0.7448001550505137,0.7954771191327954
PML40,200ns_0ns,44000000.0,0.07825431102436915,0.4695692267009198,0.7854931767104507
PML40,200ns_0ns,44300000.0,-0.06963411139930763,0.2320098225674,0.7757358476284812
PML40,200ns_0ns,44600000.0,-0.29372179993459374,0.06485018320895468,0.7663341164293507
PML40,200ns_0ns,44900000.0,-0.5625066085048851,-0.009413507862387501,0.7573723572591413
PML40,200ns_0ns,45200000.0,-0.838670403081641,0.018485157634944144,0.7488795877970138
PML40,200ns_0ns,45500000.0,-1.0843562469925923,0.14346730605720007,0.7408268966105338
PML40,200ns_0ns,45800000.0,-1.266450812425859,0.3470058170045732,0.7331333309285609
PML40,200ns_0ns,46100000.0,-1.3611367060235304,0.5998835726135897,0.7256791594925034
PML40,200ns_0ns,46400000.0,-1.3570905718081758,0.8664046537953225,0.7183242820054094
PML40,200ns_0ns,46700000.0,-1.256899346294996,1.109453377767599,0.7109288714865011
PML40,200ns_0ns,47000000.0,-1.0765204797426984,1.2956859135978307,0.7033731964979086
PML40,200ns_0ns,47300000.0,-0.8428863512826695,1.4001299356753798,0.6955739181250783
PML40,200ns_0ns,47600000.0,-0.5900100844750393,1.4095593846767915,0.6874948403173619
PML40,200ns_0ns,47900000.0,-0.3541540113083872,1.3241898910072323,0.6791509420436714
PML40,200ns_0ns,48200000.0,-0.1687454353897035,1.1574798711051837,0.6706054033606322
PML40,200ns_0ns,48500000.0,-0.05975095874093688,0.9340886773979054,0.66196017734405
PML40,200ns_0ns,48800000.0,-0.04214796225878814,0.6862990948719474,0.6533414162749835
PML40,200ns_0ns,49100000.0,-0.11797119910963615,0.4494214720870076,0.6448816986144953
PML40,200ns_0ns,49400000.0,-0.2761872919503494,0.25683220985090544,0.6367014643688702
PML40,200ns_0ns,49700000.0,-0.4943923242063795,0.13534227813775634,0.6288922614438184
PML40,200ns_0ns,50000000.0,-0.7420739083739495,0.10153703802131094,0.6215042404143275
PML40,200ns_0ns,50300000.0,-0.9849643627751242,0.1595856500423888,0.6145397609063622
PML40,200ns_0ns,50600000.0,-1.1898653420514358,0.30080770896103015,0.6079540368772892
PML40,200ns_0ns,50900000.0,-1.3292659846235726,0.5050365707396306,0.6016626120753159
PML40,200ns_0ns,51200000.0,-1.3851134305713004,0.7435681082685337,0.5955543598930807
PML40,200ns_0ns,51500000.0,-1.3512201873388767,0.9832652694043417,0.5895078797636181
PML40,200ns_0ns,51800000.0,-1.2339887557029765,1.1912328255422395,0.5834087653529959
PML40,200ns_0ns,52100000.0,-1.0513720858684823,1.3394040759754664,0.5771652712580667
PML40,200ns_0ns,52400000.0,-0.8302351750526304,1.4084011571124324,0.5707203181840385
PML40,200ns_0ns,52700000.0,-0.6025039972945772,1.3901391643681826,0.5640584120580492
PML40,200ns_0ns,53000000.0,-0.4006525195887734,1.2888254011200135,0.5572067774836735
PML40,200ns_0ns,53300000.0,-0.25316453484369017,1.1202326838822028,0.550230729308531
PML40,200ns_0ns,53600000.0,-0.18060334937848602,0.9093675378042964,0.5432239803866756
PML40,200ns_0ns,53900000.0,-0.19283052331322523,0.6868764668118842,0.5362951828400844
PML40,200ns_0ns,54200000.0,-0.28774865126528293,0.4847055333722489,0.5295524905212773
PML40,200ns_0ns,54500000.0,-0.45172656288416,0.33162683271643273,0.5230882515078463
PML40,200ns_0ns,54800000.0,-0.6616290435333867,0.24925721296508221,0.5169660084061068
PML40,200ns_0ns,55100000.0,-0.8881503513747411,0.24911908964845755,0.5112117268295089
PML40,200ns_0ns,55400000.0,-1.099972329099022,0.3311419026358721,0.5058105703518132
PML40,200ns_0ns,55700000.0,-1.2681581565517404,0.4837975671390575,0.5007096683967667
PML40,200ns_0ns,56000000.0,-1.3701663103808919,0.6858333481265988,0.4958263494025681
PML40,200ns_0ns,56300000.0,-1.392928881197639,0.9093432386106862,0.4910604471045382
PML40,200ns_0ns,56600000.0,-1.3345748238282904,1.1237350457532829,0.4863087141871541
PML40,200ns_0ns,56900000.0,-1.2045721539496768,1.3000301959440024,0.48147918390372757
PML40,200ns_0ns,57200000.0,-1.0222859952860488,1.4148928346201806,0.4765034870145526
PML40,200ns_0ns,57500000.0,-0.8141703537036165,1.4538289126584092,0.4713455614515615
PML40,200ns_0ns,57800000.0,-0.6099997722558008,1.4131175835767558,0.4660057643647178
PML40,200ns_0ns,58100000.0,-0.438676704714939,1.3002186233437754,0.4605200107143223
PML40,200ns_0ns,58400000.0,-0.3242040671315409,1.132614824836339,0.4549541593389404
PML40,200ns_0ns,58700000.0,-0.28238329868096335,0.9352670599470911,0.44939441820149695
PML40,200ns_0ns,59000000.0,-0.3186912952380825,0.7370514159910694,0.4439350251120114
PML40,200ns_0ns,59300000.0,-0.42762047951178717,0.5666860496896423,0.4386648424140126
PML40,200ns_0ns,59600000.0,-0.5935592470137042,0.4487214335155232,0.433654721253066
PML40,200ns_0ns,59900000.0,-0.7930743251546067,0.40015302015988674,0.4289474666122475
PML40,200ns_0ns,60200000.0,-0.9982623658829408,0.42812287636488205,0.4245519128163055
PML40,200ns_0ns,60500000.0,-1.1806922261598591,0.5290202115722441,0.42044200851516184
PML40,200ns_0ns,60800000.0,-1.3153817332341307,0.6890924300043176,0.4165610055357198
PML40,200ns_0ns,61100000.0,-1.3842534357654173,0.8864664331803453,0.41283001444762313
PML40,200ns_0ns,61400000.0,-1.3785920353988188,1.0942840793347635,0.4091595151384019
PML40,200ns_0ns,61700000.0,-1.3001702096760686,1.284503119009429,0.40546202722533203
PML40,200ns_0ns,62000000.0,-1.1608986461500777,1.4318264312657292,0.4016640949476101
PML40,200ns_0ns,62300000.0,-0.9810634935352495,1.5172097020440463,0.39771597712545836
PML40,200ns_0ns,62600000.0,-0.7864109940530802,1.530461850068651,0.3935978567277779
PML40,200ns_0ns,62900000.0,-0.6044974775525008,1.4715838252120825,0.3893218950770093
PML40,200ns_0ns,63200000.0,-0.46082143922715896,1.3506709160637078,0.3849299799381102
PML40,200ns_0ns,63500000.0,-0.3752799132775109,1.1864059043211492,0.38048751719840745
PML40,200ns_0ns,63800000.0,-0.3594409325622545,1.0033668681549068,0.3760740759863666
PML40,200ns_0ns,64100000.0,-0.4150052820528312,0.8285368083993073,0.3717720979449492
PML40,200ns_0ns,64400000.0,-0.5336611987688308,0.6875100671273234,0.3676551826373443
PML40,200ns_0ns,64700000.0,-0.6983392789689323,0.6009282075950145,0.3637775981212886
PML40,200ns_0ns,65000000.0,-0.8856792793675755,0.581641020918635,0.3601665688983088
PML40,200ns_0ns,65300000.0,-1.069353026889233,0.6329824754013507,0.356818524815237
PML40,200ns_0ns,65600000.0,-1.2237713922681683,0.7483921368445132,0.353699884502015
PML40,200ns_0ns,65900000.0,-1.3276539903664224,0.9124225838319783,0.3507522061057997
PML40,200ns_0ns,66200000.0,-1.3669642105951336,1.102979419843203,0.34790082906918
PML40,200ns_0ns,66500000.0,-1.3368053453099893,1.2944697454469742,0.3450656102947622
PML40,200ns_0ns,66800000.0,-1.2420223408247122,1.4614110192575664,0.3421721202565288
PML40,200ns_0ns,67100000.0,-1.0964367788644642,1.5819919818583263,0.33916171598865286
PML40,200ns_0ns,67400000.0,-0.9208342411190278,1.6410885804991573,0.3359991839560206
PML40,200ns_0ns,67700000.0,-0.7399964020687453,1.6323184013295888,0.3326770527629871
PML40,200ns_0ns,68000000.0,-0.5792010217076122,1.5588551251327765,0.3292161306880032
PML40,200ns_0ns,68300000.0,-0.4606835823584278,1.432900195573427,0.32566227521464997
PML40,200ns_0ns,68600000.0,-0.4005553123305136,1.2738973674922174,0.3220798296931682
PML40,200ns_0ns,68900000.0,-0.4066042364265637,1.1057506597692608,0.3185425561261528
PML40,200ns_0ns,69200000.0,-0.4772788030716494,0.9534431785566281,0.3151232324033228
PML40,200ns_0ns,69500000.0,-0.6019858196003725,0.839534512499934,0.3118833220668603
PML40,200ns_0ns,69800000.0,-0.7626496672231776,0.781027221026882,0.30886419871856724
PML40,200ns_0ns,70100000.0,-0.936304010968577,0.7870371327868348,0.30608125280993476
PML40,200ns_0ns,70400000.0,-1.098344932665977,0.8575861272577976,0.3035218042453966
PML40,200ns_0ns,70700000.0,-1.2259851796475536,0.9836765099317956,0.30114713999675724
PML40,200ns_0ns,71000000.0,-1.3014250471853281,1.148625664931082,0.29889831361668945
PML40,200ns_0ns,71300000.0,-1.3142991217640356,1.3304637533662709,0.2967047390399944
PML40,200ns_0ns,71600000.0,-1.263063026006163,1.505050351532211,0.2944942156791648
PML40,200ns_0ns,71900000.0,-1.1551352556114622,1.6494683585753973,0.29220289582705866
PML40,200ns_0ns,72200000.0,-1.0057847143995169,1.7452184614736892,0.28978382826823673
PML40,200ns_0ns,72500000.0,-0.8359299148884634,1.7807692977981213,0.2872130092159793
PML40,200ns_0ns,72800000.0,-0.6691665256485091,1.7531121976646653,0.284492256528031
PML40,200ns_0ns,73100000.0,-0.5284451649192189,1.668111408232349,0.28164862977708455
PML40,200ns_0ns,73400000.0,-0.43286674050507606,1.5396107694581012,0.2787305137212014
PML40,200ns_0ns,73700000.0,-0.39504236853054053,1.3874319309036998,0.27580085616781486
PML40,200ns_0ns,74000000.0,-0.41938233740616004,1.234553018579797,0.27292839668386465
PML40,200ns_0ns,74300000.0,-0.5015457612452967,1.1038688547595248,0.27017801672183683
PML40,200ns_0ns,74600000.0,-0.6291184534591487,1.0149890662805912,0.2676015345826839
PML40,200ns_0ns,74900000.0,-0.7834143280982019,0.9815214323623983,0.26523029282213345
PML40,200ns_0ns,75200000.0,-0.9421394313654036,1.0092163942147838,0.26307068538545925
PML40,200ns_0ns,75500000.0,-1.0825392150271642,1.0952252569935546,0.2611033403816669
PML40,200ns_0ns,75800000.0,-1.1845851417058346,1.2285669162610142,0.2592860788461057
PML40,200ns_0ns,76100000.0,-1.2337547449898338,1.3917282442333498,0.2575601402274194
PML40,200ns_0ns,76400000.0,-1.223019633607089,1.563165383136237,0.25585864943370334
PML40,200ns_0ns,76700000.0,-1.1537697006582333,1.7203490834277535,0.25411600604422324
PML40,200ns_0ns,77000000.0,-1.0355526571977731,1.8429239708406329,0.2522768357958279
PML40,200ns_0ns,77300000.0,-0.8846745818241593,1.9155390663119278,0.250303316911229
PML40,200ns_0ns,77600000.0,-0.7218660633337257,1.9299562981658949,0.24817999949937739
PML40,200ns_0ns,77900000.0,-0.5693475669777599,1.8861477483425102,0.24591559685652462
PML40,200ns_0ns,78200000.0,-0.44770907146740496,1.7922360059416482,0.24354159217951937
PML40,200ns_0ns,78500000.0,-0.3730417924706698,1.6632948818920663,0.24110785350042235
PML40,200ns_0ns,78800000.0,-0.3547211976841818,1.5191869551566843,0.2386757819470813
PML40,200ns_0ns,79100000.0,-0.3941463954123495,1.3817477481295133,0.23630982871142808
PML40,200ns_0ns,79400000.0,-0.4846049224240646,1.2717153288608034,0.23406847743234507
PML40,200ns_0ns,79700000.0,-0.6122733039083601,1.2058367074004772,0.2319959463643738
PML40,200ns_0ns,80000000.0,-0.7582048562726368,1.194554407702997,0.23011585014655705
PML40,200ns_0ns,80300000.0,-0.9010192661121184,1.2405924240976733,0.22842782459571356
PML40,200ns_0ns,80600000.0,-1.0199124829150419,1.3386326009239682,0.22690766649392538
PML40,200ns_0ns,80900000.0,-1.0975635216578106,1.47611855215291,0.22551095500839205
PML40,200ns_0ns,81200000.0,-1.122532344212569,1.6350662742409448,0.22417953829708986
PML40,200ns_0ns,81500000.0,-1.0908171763557188,1.794620713140571,0.22284982721523836
PML40,200ns_0ns,81800000.0,-1.0063596291943395,1.933995148645741,0.22146162496061672
PML40,200ns_0ns,82100000.0,-0.8804347135546876,2.035379395101268,0.21996624575926835
PML40,200ns_0ns,82400000.0,-0.7300192599247243,2.0864102192796925,0.21833288147884702
PML40,200ns_0ns,82700000.0,-0.575374458513038,2.0818615822114497,0.21655248067777574
PML40,200ns_0ns,83000000.0,-0.4371864356619438,2.0243239303129137,0.21463874049335965
PML40,200ns_0ns,83300000.0,-0.3336681029036662,1.9237848410897314,0.21262614005276956
PML40,200ns_0ns,83600000.0,-0.27802801335233474,1.7961776362581687,0.21056525646261126
PML40,200ns_0ns,83900000.0,-0.27665769785385796,1.6611084531340627,0.20851590536308062
PML40,200ns_0ns,84200000.0,-0.32828592618189745,1.5390856703488178,0.20653893295000442
PML40,200ns_0ns,84500000.0,-0.42421130268599855,1.4486428771678415,0.20468772471996466
PML40,200ns_0ns,84800000.0,-0.5495729665541144,1.403758676368696,0.2030006287390717
PML40,200ns_0ns,85100000.0,-0.6854742331994294,1.4119322195477777,0.2014954480671682
PML40,200ns_0ns,85400000.0,-0.8116560053969216,1.4731790993112146,0.2001668936009594
PML40,200ns_0ns,85700000.0,-0.9093420131292355,1.5800816014584764,0.1989874230587259
PML40,200ns_0ns,86000000.0,-0.9638565614635314,1.7188788751182447,0.19791131721531952
PML40,200ns_0ns,86300000.0,-0.9666500913644672,1.8714371951499484,0.19688130129778067
PML40,200ns_0ns,86600000.0,-0.9164532548822226,2.017818480046135,0.1958366387205745
PML40,200ns_0ns,86900000.0,-0.8194040764184807,2.139083491240856,0.19472147523655967
PML40,200ns_0ns,87200000.0,-0.6881375240117841,2.2199358281691772,0.19349228400055674
PML40,200ns_0ns,87500000.0,-0.5399720587477873,2.250837831090586,0.19212348912342098
PML40,200ns_0ns,87800000.0,-0.3944531483826328,2.2293059326882103,0.19061064535902006
PML40,200ns_0ns,88100000.0,-0.27060191730269223,2.160209816128961,0.18897086329295165
PML40,200ns_0ns,88400000.0,-0.18425597940132932,2.055040325529487,0.18724046585422274
PML40,200ns_0ns,88700000.0,-0.14587396251241072,1.9302556075390436,0.18547014385976707
PML40,200ns_0ns,89000000.0,-0.15910782642007143,1.8049431962908427,0.18371815483361723
PML40,200ns_0ns,89300000.0,-0.22033758183623492,1.6981298614734477,0.18204237616431426
PML40,200ns_0ns,89600000.0,-0.31922703607320685,1.6261180873609573,0.18049224708348896
PML40,200ns_0ns,89900000.0,-0.44021592282125416,1.6002217749896817,0.1791017505727359
PML40,200ns_0ns,90200000.0,-0.5647333090337241,1.625215396227013,0.17788452441187852
PML40,200ns_0ns,90500000.0,-0.6738176766065904,1.6987088903855132,0.17683190913731733
PML40,200ns_0ns,90800000.0,-0.7507742625709576,1.8115296324994132,0.1759142664549522
PML40,200ns_0ns,91100000.0,-0.7834974801627267,1.9490513314762599,0.17508533728046796
PML40,200ns_0ns,91400000.0,-0.7661355757950751,2.0932775974324924,0.17428889795810765
PML40,200ns_0ns,91700000.0,-0.6998688578321047,2.225383572601724,0.17346664051130295
PML40,200ns_0ns,92000000.0,-0.5926983905458291,2.3283568648085926,0.1725661024974228
PML40,200ns_0ns,92300000.0,-0.45828120841556325,2.389367475826052,0.17154757915833452
PML40,200ns_0ns,92600000.0,-0.3139813128750769,2.4015367634958373,0.17038919012218642
PML40,200ns_0ns,92900000.0,-0.17841436719273665,2.364861733016568,0.16908956413687035
PML40,200ns_0ns,93200000.0,-0.06883306261698649,2.286170752364631,0.16766789407523477
PML40,200ns_0ns,93500000.0,0.0012798156781471262,2.1781231500647618,0.166161382799301
PML40,200ns_0ns,93800000.0,0.02407503076576753,2.0573988935330245,0.16462035642226067
PML40,200ns_0ns,94100000.0,-0.0016001495647624436,1.9423369665619858,0.16310157832396965
PML40,200ns_0ns,94400000.0,-0.07008335768320147,1.8503565715146018,0.16166055124232076
PML40,200ns_0ns,94700000.0,-0.16973346934301875,1.7955235459356818,0.16034380999381526
PML40,200ns_0ns,95000000.0,-0.2845987312322429,1.7866017507052414,0.1591823168837159
PML40,200ns_0ns,95300000.0,-0.39667787277463085,1.8258591479736876,0.1581870013709476
PML40,200ns_0ns,95600000.0,-0.4884539094177161,1.9087909431060173,0.15734719519951726
PML40,200ns_0ns,95900000.0,-0.5453441935655314,2.024792772715462,0.15663223641884316
PML40,200ns_0ns,96200000.0,-0.5577242334305161,2.158683726484995,0.155995960246026
PML40,200ns_0ns,96500000.0,-0.5222446107648953,2.2928606572365773,0.1553833085260996
PML40,200ns_0ns,96800000.0,-0.4422610363412126,2.4097782287427907,0.1547379920683205
PML40,200ns_0ns,97100000.0,-0.3273228508713143,2.494405454812944,0.15401007492623153
PML40,200ns_0ns,97400000.0,-0.19179742483757714,2.5363149422070506,0.1531624804590326
PML40,200ns_0ns,97700000.0,-0.05282839684553757,2.5311145953207164,0.15217566477628727
PML40,200ns_0ns,98000000.0,0.07208227385424207,2.481025381378665,0.1510499840387861
PML40,200ns_0ns,98300000.0,0.1675275848522922,2.3945295093050945,0.1498055496168276
PML40,200ns_0ns,98600000.0,0.222340386319315,2.2851439776710176,0.14847960839253654
PML40,200ns_0ns,98900000.0,0.23113145728619944,2.169496557726858,0.14712171851501943
PML40,200ns_0ns,99200000.0,0.19500909835400979,2.064977857412311,0.1457872308126803
PML40,200ns_0ns,99500000.0,0.12138445211755836,1.9873007989574623,0.14452983069978706
PML40,200ns_0ns,99800000.0,0.022895344517027856,1.9483097979504962,0.14339410814466133
PML40,200ns_0ns,100100000.0,-0.08439534556163301,1.9543449047784893,0.14240923429606955
PML40,200ns_0ns,100400000.0,-0.18327014889446153,2.005386632190925,0.14158475493770456
PML40,200ns_0ns,100700000.0,-0.2577755609318715,2.0950965340343775,0.14090922148047852
PML40,200ns_0ns,101000000.0,-0.2954491346076804,2.2117424960094305,0.14035190401857936
PML40,200ns_0ns,101300000.0,-0.2890443900146198,2.339873893670753,0.13986728234042362
PML40,200ns_0ns,101600000.0,-0.23751498213729352,2.4625075824003115,0.13940153990874618
PML40,200ns_0ns,101900000.0,-0.146124699621603,2.5635155769705436,0.1389000104325659
PML40,200ns_0ns,102200000.0,-0.025673056981825513,2.6298788665499395,0.13831448361582344
PML40,200ns_0ns,102500000.0,0.10904986170943573,2.6534925338071846,0.13760942184636116
PML40,200ns_0ns,102800000.0,0.24135839577764834,2.632272025646728,0.13676638729974375
PML40,200ns_0ns,103100000.0,0.35501953040471323,2.570409745596533,0.13578624941837594
PML40,200ns_0ns,103400000.0,0.4365240166934944,2.4777509968234077,0.13468899128629083
PML40,200ns_0ns,103700000.0,0.4769627794781178,2.368381800785738,0.13351115423897406
PML40,200ns_0ns,104000000.0,0.47324812047629067,2.258630939565065,0.13230117195160057
PML40,200ns_0ns,104300000.0,0.42851248330377534,2.1647694243197497,0.13111306942173642
PML40,200ns_0ns,104600000.0,0.3516336818992842,2.1007313261281992,0.1299992395357312
PML40,200ns_0ns,104900000.0,0.25595811396122153,2.0761750474363962,0.12900322478764606
PML40,200ns_0ns,105200000.0,0.15740538153244094,2.0951546048560457,0.1281535527652807
PML40,200ns_0ns,105500000.0,0.07222331670947257,2.155583524651914,0.12745961902798938
PML40,200ns_0ns,105800000.0,0.014709830958379974,2.2495619115630663,0.12691033321790526
PML40,200ns_0ns,106100000.0,-0.004779149943617264,2.3645159693722118,0.12647577529964604
PML40,200ns_0ns,106400000.0,0.01874171868259617,2.484985761272392,0.12611156449984331
PML40,200ns_0ns,106700000.0,0.08421897629839536,2.594807145497505,0.1257651778407296
PML40,200ns_0ns,107000000.0,0.18474180625347453,2.6793800538468067,0.12538318804099782
PML40,200ns_0ns,107300000.0,0.30854296172089124,2.7277049224934404,0.12491835708735399
PML40,200ns_0ns,107600000.0,0.4406743739754344,2.733903341996839,0.12433567338034639
PML40,200ns_0ns,107900000.0,0.5651189692370714,2.6980128197451663,0.12361666738615684
PML40,200ns_0ns,108200000.0,0.6670404599378073,2.625948384514423,0.12276160212779406
PML40,200ns_0ns,108500000.0,0.7348552135110148,2.5286410480968473,0.1217893673306902
PML40,200ns_0ns,108800000.0,0.7618369757100916,2.4204783697370496,0.12073510682606264
PML40,200ns_0ns,109100000.0,0.7470322550291861,2.31726942137721,0.11964580057017947
PML40,200ns_0ns,109400000.0,0.695361950708853,2.2340218358983677,0.11857423096021968
PML40,200ns_0ns,109700000.0,0.6168994678268823,2.182843355560933,0.11757199351534417
PML40,200ns_0ns,110000000.0,0.5254309599578493,2.171261143630914,0.11668243249412157
PML40,200ns_0ns,110300000.0,0.43650330929330267,2.201192001767053,0.11593452122185845
PML40,200ns_0ns,110600000.0,0.3652360810726702,2.2687041922874096,0.11533867741720297
PML40,200ns_0ns,110900000.0,0.32420524338046963,2.3645999198592516,0.11488524980014377
PML40,200ns_0ns,111200000.0,0.32169471862833054,2.475732420544153,0.11454595720844629
PML40,200ns_0ns,111500000.0,0.36055870618355357,2.586869175893908,0.1142780188842763
PML40,200ns_0ns,111800000.0,0.43785085073312385,2.6828372918890104,0.11403024302111207
PML40,200ns_0ns,112100000.0,0.5452680751124777,2.7506489816783435,0.1137500668956837
PML40,200ns_0ns,112400000.0,0.6703425253942604,2.781309501953611,0.11339050506970175
PML40,200ns_0ns,112700000.0,0.7982106402041913,2.7710559693864205,0.11291611285094504
PML40,200ns_0ns,113000000.0,0.91370842841931,2.721856549784223,0.11230731720738198
PML40,200ns_0ns,113300000.0,1.0034976826497468,2.641104028248854,0.11156272222358919
PML40,200ns_0ns,113600000.0,1.0579250929978368,2.540550971122018,0.11069921631466387
PML40,200ns_0ns,113900000.0,1.0723552225159645,2.4346396793006235,0.10974989180532578
PML40,200ns_0ns,114200000.0,1.047793379568525,2.338464101544573,0.10875995960575247
PML40,200ns_0ns,114500000.0,0.9907148677045818,2.2656511816063416,0.1077810329952132
PML40,200ns_0ns,114800000.0,0.912128708731871,2.2264588861538,0.10686437700010427
PML40,200ns_0ns,115100000.0,0.8260110279387127,2.2263562457776254,0.10605394795416463
PML40,200ns_0ns,115400000.0,0.7473308859210342,2.265281827457824,0.10538021255771123
PML40,200ns_0ns,115700000.0,0.689947272312743,2.337680989477225,0.10485574434907143
PML40,200ns_0ns,116000000.0,0.6646725741303255,2.4333126461655543,0.10447337902330663
PML40,200ns_0ns,116300000.0,0.6777729753192309,2.5387085150852813,0.10420727727905328
PML40,200ns_0ns,116600000.0,0.7301136310582225,2.639077016569709,0.10401670117792279
PML40,200ns_0ns,116900000.0,0.8170650559919834,2.720382775786969,0.10385182059786337
PML40,200ns_0ns,117200000.0,0.9291799214889425,2.7713094630914235,0.10366056946661327
PML40,200ns_0ns,117500000.0,1.0535414766990434,2.7848315553325045,0.1033955171840154
PML40,200ns_0ns,117800000.0,1.1755912205460781,2.7591767982591455,0.10301986314286678
PML40,200ns_0ns,118100000.0,1.281177292374729,2.6980476298852074,0.10251190486661595
PML40,200ns_0ns,118400000.0,1.358535444983382,2.6100743181829587,0.10186758258917816
PML40,200ns_0ns,118700000.0,1.3999253757573586,2.50758034473729,0.10110091573470777
PML40,200ns_0ns,119000000.0,1.4026948850574752,2.4048365148520987,0.10024231603191806
PML40,200ns_0ns,119300000.0,1.3696256481748526,2.316051013478106,0.09933491499470393
PML40,200ns_0ns,119600000.0,1.3085157770189575,2.253378373513777,0.09842921576624009
PML40,200ns_0ns,119900000.0,1.231061505965085,2.225226247490733,0.09757659130944284
PML40,200ns_0ns,120200000.0,1.1511982226958308,2.2350957467299506,0.09682238666386027
PML40,200ns_0ns,120500000.0,1.0831360134534591,2.281115171279056,0.09619957916944413
PML40,200ns_0ns,120800000.0,1.0393665184025758,2.3563290019786134,0.09572400991477352
PML40,200ns_0ns,121100000.0,1.0289205318565688,2.4496978947772257,0.09539203641447334
PML40,200ns_0ns,121400000.0,1.0561192585222925,2.547666015616436,0.09518105721305646
PML40,200ns_0ns,121700000.0,1.1199917619614075,2.6360732737234986,0.09505281606124331
PML40,200ns_0ns,122000000.0,1.214436942033282,2.702142786320675,0.09495887361215952
PML40,200ns_0ns,122300000.0,1.3291036687880504,2.7362646984186565,0.09484729590508302
PML40,200ns_0ns,122600000.0,1.4508622022835815,2.7333273901382054,0.09466952097405978
PML40,200ns_0ns,122900000.0,1.565657799808644,2.6934117482304987,0.09438649107264775
PML40,200ns_0ns,123200000.0,1.6604848843001931,2.6217543310767275,0.09397337852324247
PML40,200ns_0ns,123500000.0,1.7252045339657183,2.5279881621678477,0.09342248834970218
PML40,200ns_0ns,123800000.0,1.7539513604050012,2.4247710664356603,0.09274413245222277
PML40,200ns_0ns,124100000.0,1.745934615771634,2.325996749804993,0.09196542969603236
PML40,200ns_0ns,124400000.0,1.7055242019494468,2.2448413434008985,0.09112712113861356
PML40,200ns_0ns,124700000.0,1.6416129895825509,2.191919965687757,0.09027864043207114
PML40,200ns_0ns,125000000.0,1.566348306441622,2.173811112370134,0.08947187675901187
PML40,200ns_0ns,125300000.0,1.4934134054835448,2.1921538972289363,0.08875430857315228
PML40,200ns_0ns,125600000.0,1.4361019154352146,2.2434419066314764,0.08816241762506459
PML40,200ns_0ns,125900000.0,1.4054561207964895,2.319539218381008,0.08771641495746609
PML40,200ns_0ns,126200000.0,1.408729677173964,2.408842813688583,0.08741721837423028
PML40,200ns_0ns,126500000.0,1.4483886588150503,2.4979253906233647,0.08724627013411786
PML40,200ns_0ns,126800000.0,1.5217883766069382,2.573426056561341,0.08716824310555954
PML40,200ns_0ns,127100000.0,1.6215680511647574,2.6239227450985037,0.08713612119884662
PML40,200ns_0ns,127400000.0,1.736704627193969,2.6415240258241015,0.08709773788552318
PML40,200ns_0ns,127700000.0,1.8540749214243344,2.6229585402057025,0.08700271527755213
PML40,200ns_0ns,128000000.0,1.9603047699608125,2.5700117461506133,0.0868088459813384
PML40,200ns_0ns,128300000.0,2.043644662327424,2.4892518305623725,0.08648719903448716
PML40,200ns_0ns,128600000.0,2.0956088610851653,2.3910865400807904,0.0860254965372445
PML40,200ns_0ns,128900000.0,2.1121493842124073,2.2882862521201175,0.08542952684761923
PML40,200ns_0ns,129200000.0,2.094202482692625,2.1941827793175386,0.08472251641849679
PML40,200ns_0ns,129500000.0,2.0475339451395995,2.120797868051776,0.08394250104091905
PML40,200ns_0ns,129800000.0,1.9819081712228424,2.0771640231591415,0.08313786403663886
PML40,200ns_0ns,130100000.0,1.9097006122282076,2.0680721176685783,0.08236138579703205
PML40,200ns_0ns,130400000.0,1.8441506346506211,2.09341934701597,0.0816633895949159
PML40,200ns_0ns,130700000.0,1.7975013468414391,2.148246146958467,0.08108483492789315
PML40,200ns_0ns,131000000.0,1.7792876343600608,2.2234537269114103,0.08065140514572819
PML40,200ns_0ns,131300000.0,1.795011676282708,2.3070985192090068,0.08036963501805401
PML40,200ns_0ns,131600000.0,1.8453898100315709,2.3860794641684984,0.08022584222878926
PML40,200ns_0ns,131900000.0,1.9262736935983207,2.447979836148574,0.08018809685174662
PML40,200ns_0ns,132200000.0,2.0292537375460595,2.4828047446912764,0.08021084629818952
PML40,200ns_0ns,132500000.0,2.142857118575747,2.4843712464844243,0.0802413226100071
PML40,200ns_0ns,132800000.0,2.254169750400477,2.4511577982913324,0.08022663903840373
PML40,200ns_0ns,133100000.0,2.350652940798592,2.3864964356419573,0.08012054270613793
PML40,200ns_0ns,133400000.0,2.421899214605393,2.2980837129495306,0.07988902853754842
PML40,200ns_0ns,133700000.0,2.4610814630598257,2.1968820313991504,0.07951430489710633
PML40,200ns_0ns,134000000.0,2.465893671547891,2.095568102037918,0.07899684010653427
PML40,200ns_0ns,134300000.0,2.4388536463678805,2.0067480611063626,0.07835538062595875
PML40,200ns_0ns,134600000.0,2.3869281666360354,1.9411904764944108,0.0776249376752799
PML40,200ns_0ns,134900000.0,2.320536136178195,1.906324851824489,0.07685283940293768
PML40,200ns_0ns,135200000.0,2.2520722446097388,1.905214915254793,0.07609309467025378
PML40,200ns_0ns,135500000.0,2.194160219937861,1.936148498749387,0.07539954543074243
PML40,200ns_0ns,135800000.0,2.1578817275727458,1.992898757446339,0.07481858144653691
PML40,200ns_0ns,136100000.0,2.151229292485165,2.0656171355802364,0.07438246720042509
PML40,200ns_0ns,136400000.0,2.177999120596798,2.142230109591318,0.07410444265684175
PML40,200ns_0ns,136700000.0,2.2372770813441907,2.210141690073529,0.073976574548451
PML40,200ns_0ns,137000000.0,2.3235872940580125,2.258001678624356,0.07397083148665985
PML40,200ns_0ns,137300000.0,2.427679577196446,2.2772915142530428,0.0740431767010513
PML40,200ns_0ns,137600000.0,2.537842572682827,2.263506201986112,0.07413986297432412
PML40,200ns_0ns,137900000.0,2.6415561675793087,2.2167684047893292,0.07420478256991574
PML40,200ns_0ns,138200000.0,2.727250088918196,2.1417910922485643,0.07418672595964243
PML40,200ns_0ns,138500000.0,2.785921681055923,2.0471968201551842,0.07404564128227395
PML40,200ns_0ns,138800000.0,2.8123866886758564,1.94429186499366,0.07375730496509492
PML40,200ns_0ns,139100000.0,2.8059892945727714,1.845469427748193,0.07331608835091331
PML40,200ns_0ns,139400000.0,2.770674214513162,1.7624673631010552,0.07273568440106032
PML40,200ns_0ns,139700000.0,2.7144134976634144,1.7047253080593578,0.07204775721582676
PML40,200ns_0ns,140000000.0,2.648071169961073,1.6780710941182617,0.0712985489574673
PML40,200ns_0ns,140300000.0,2.5838673035032,1.6839191785412846,0.07054359083985479
PML40,200ns_0ns,140600000.0,2.5336585541440453,1.7190912699788174,0.06984087279366546
PML40,200ns_0ns,140900000.0,2.507277007296291,1.7762816308434979,0.06924314276874832
PML40,200ns_0ns,141200000.0,2.5111599639277964,1.845099069862216,0.06879036564104754
PML40,200ns_0ns,141500000.0,2.5474615208775813,1.913537085550605,0.06850361901450257
PML40,200ns_0ns,141800000.0,2.613768446626922,1.9696642335455026,0.06838165128002513
PML40,200ns_0ns,142100000.0,2.7034576194928674,2.003296801972419,0.0684008781102631
PML40,200ns_0ns,142400000.0,2.8066421987021353,2.0074193680012415,0.0685188476283362
PML40,200ns_0ns,142700000.0,2.9115713893368427,1.9791551445584872,0.06868044089106366
PML40,200ns_0ns,143000000.0,3.0062856441603483,1.920151976742642,0.06882558577654001
PML40,200ns_0ns,143300000.0,3.080294170758692,1.8363323322863294,0.06889717710157184
PML40,200ns_0ns,143600000.0,3.1260394656785437,1.7370450093026215,0.06884813349153762
PML40,200ns_0ns,143900000.0,3.139944441302927,1.633740000055656,0.06864689168055371
PML40,200ns_0ns,144200000.0,3.1228970842234007,1.5383542905939134,0.06828097140050708
PML40,200ns_0ns,144500000.0,3.0801070438769798,1.4616361161118836,0.0677584574134143
PML40,200ns_0ns,144800000.0,3.0203568749597594,1.4116428713180085,0.06710734406541662
PML40,200ns_0ns,145100000.0,2.9547554285993387,1.3926225509927224,0.06637272943759409
PML40,200ns_0ns,145400000.0,2.895170237158297,1.4044339554120504,0.06561191092872598
PML40,200ns_0ns,145700000.0,2.8525600084696747,1.4425847194614618,0.06488760145931732
PML40,200ns_0ns,146000000.0,2.8354414352448303,1.4988792805352542,0.06425980320026395
PML40,200ns_0ns,146300000.0,2.8487047282229985,1.5625834210043612,0.06377731237162501
PML40,200ns_0ns,146600000.0,2.892942508171858,1.621939982702506,0.06347023306839888
PML40,200ns_0ns,146900000.0,2.9643840427970636,1.6658217966937663,0.0633450056851617
PML40,200ns_0ns,147200000.0,3.0554415680838627,1.6852895115761575,0.0633831047221874
PML40,200ns_0ns,147500000.0,3.1557895913966765,1.6748362877714187,0.06354375436120856
PML40,200ns_0ns,147800000.0,3.2538236719911704,1.633146117703499,0.06377004991530902
PML40,200ns_0ns,148100000.0,3.338292596799328,1.5632614287046733,0.06399716616545428
PML40,200ns_0ns,148400000.0,3.3998743972151497,1.4721388702979377,0.0641611218182978
PML40,200ns_0ns,148700000.0,3.4324754583171635,1.3696580520054646,0.06420680551733161
PML40,200ns_0ns,149000000.0,3.434071690091133,1.267224434214382,0.06409441673667592
PML40,200ns_0ns,149300000.0,3.4069756675837826,1.1761639055378315,0.06380389656222692
PML40,200ns_0ns,149600000.0,3.357494598043792,1.1061349897610022,0.06333719282435135
PML40,200ns_0ns,149900000.0,3.2950295248517243,1.0637812436934106,0.06271831240097936
PML40,200ns_0ns,150200000.0,3.230744318251645,1.0518118360977715,0.061991123436334915
PML40,200ns_0ns,150500000.0,3.1759928067089565,1.0686375092113352,0.06121487593149296
PML40,200ns_0ns,150800000.0,3.1407255595472345,1.1086107454571257,0.06045751431128571
PML40,200ns_0ns,151100000.0,3.1320997995746453,1.1628340513669009,0.05978714816943055
PML40,200ns_0ns,151400000.0,3.153486552325748,1.220420758598094,0.05926254600839261
PML40,200ns_0ns,151700000.0,3.204012669005555,1.2700297539494023,0.058924095534433
PML40,200ns_0ns,152000000.0,3.278699817830292,1.3014578514310184,0.05878703844306472
PML40,200ns_0ns,152300000.0,3.36917858971665,1.3070662946258633,0.05883860221299301
PML40,200ns_0ns,152600000.0,3.4648753119167153,1.282842018981666,0.05903980674981292
PML40,200ns_0ns,152900000.0,3.5545032871351085,1.2289463027070817,0.05933151752985356
PML40,200ns_0ns,153200000.0,3.6276481537726375,1.149675891464282,0.0596433054696191
PML40,200ns_0ns,153500000.0,3.676224692773089,1.0528443570765138,0.0599032759773973
PML40,200ns_0ns,153800000.0,3.6956013058695585,0.9486727127195035,0.06004726211732926
PML40,200ns_0ns,154100000.0,3.6852357864808907,0.8483467689772399,0.06002634028865818
PML40,200ns_0ns,154400000.0,3.6487351414169455,0.7624448282801657,0.05981218113646695
PML40,200ns_0ns,154700000.0,3.5933333207632976,0.6994567017235985,0.05940010213469539
PML40,200ns_0ns,155000000.0,3.528862357724808,0.6646013664413616,0.05880981659467883
PML40,200ns_0ns,155300000.0,3.466363160769235,0.6591079004662709,0.05808384956656293
PML40,200ns_0ns,155600000.0,3.4165321612401867,0.6800587321926966,0.05728352490472303
PML40,200ns_0ns,155900000.0,3.3882222764535235,0.7208150095445419,0.05648244601115787
PML40,200ns_0ns,156200000.0,3.387208187777915,0.7719621913807126,0.05575762538332758
PML40,200ns_0ns,156500000.0,3.4153880601970403,0.8226412554267815,0.05517894948021826
PML40,200ns_0ns,156800000.0,3.4705319678547406,0.8620773627570724,0.05479842639265047
PML40,200ns_0ns,157100000.0,3.5466102050124206,0.8810908536858687,0.05464133183831558
PML40,200ns_0ns,157400000.0,3.6346532202745623,0.8733787525434396,0.05470144626332587
PML40,200ns_0ns,157700000.0,3.724020549537701,0.836387950150243,0.05494174156180602
PML40,200ns_0ns,158000000.0,3.8038992392888327,0.7716591735168937,0.05530036868987867
PML40,200ns_0ns,158300000.0,3.8648207556955154,0.6845955231370616,0.055700361663119154
PML40,200ns_0ns,158600000.0,3.8999835858174685,0.5836902256196239,0.056060801276299296
PML40,200ns_0ns,158900000.0,3.9061967930989976,0.47932395103850567,0.05630740723014217
PML40,200ns_0ns,159200000.0,3.8843136429268195,0.38230198541203014,0.05638126233272288
PML40,200ns_0ns,159500000.0,3.8390964166135566,0.30233738423618384,0.05624512022235907
PML40,200ns_0ns,159800000.0,3.7785335191447142,0.24669302944462465,0.055887221217749236
PML40,200ns_0ns,160100000.0,3.712706711756948,0.21917242620919108,0.055322698827094056
PML40,200ns_0ns,160400000.0,3.652369018917766,0.21959945726850993,0.05459259610334296
PML40,200ns_0ns,160700000.0,3.6074338289539427,0.24385821820703737,0.0537603591244999
PML40,200ns_0ns,161000000.0,3.585587409341072,0.28448524872816044,0.052905580094332175
PML40,200ns_0ns,161300000.0,3.5912189566105153,0.33172903932745934,0.05211489293438074
PML40,200ns_0ns,161600000.0,3.624817046548623,0.374926482784225,0.05147044267297145
PML40,200ns_0ns,161900000.0,3.6829153898125795,0.4040020537095866,0.05103728448930322
PML40,200ns_0ns,162200000.0,3.7585934575080104,0.4108790113492409,0.05085211260103657
PML40,200ns_0ns,162500000.0,3.842459707852989,0.3906050410307539,0.0509161953435992
PML40,200ns_0ns,162800000.0,3.923977734651,0.34203552840764395,0.051194659868510885
PML40,200ns_0ns,163100000.0,3.9929480848213483,0.26798027734612745,0.05162240417836898
PML40,200ns_0ns,163400000.0,4.0409373532579655,0.1747950757856796,0.05211488532572198
PML40,200ns_0ns,163700000.0,4.062454325459507,0.0714774361756003,0.052580954059157754
PML40,200ns_0ns,164000000.0,4.055709149124845,-0.03160484712960656,0.05293512020586555
PML40,200ns_0ns,164300000.0,4.022850594425858,-0.12417266007835338,0.05310762362865974
PML40,200ns_0ns,164600000.0,3.969650040538134,-0.19747674832603154,0.053051712006021025
PML40,200ns_0ns,164900000.0,3.904678532483765,-0.24551905680488303,0.052748161419568215
PML40,200ns_0ns,165200000.0,3.8380941756478775,-0.26588374140372195,0.0522072688510646
PML40,200ns_0ns,165500000.0,3.780211354750409,-0.26006272695219695,0.05146843360655395
PML40,200ns_0ns,165800000.0,3.7400532373077926,-0.2332319910913332,0.05059719247046581
PML40,200ns_0ns,166100000.0,3.7240906337550954,-0.19351194494937168,0.049679340585035175
PML40,200ns_0ns,166400000.0,3.7353434143629904,-0.15081751284497094,0.04881175110855266
PML40,200ns_0ns,166700000.0,3.772969198429775,-0.11546067338630911,0.048089947774936456
PML40,200ns_0ns,167000000.0,3.8323952428431984,-0.09670235216435974,0.04759355781525733
PML40,200ns_0ns,167300000.0,3.9059730738670786,-0.10145694911431649,0.04737226312607438
PML40,200ns_0ns,167600000.0,3.984062166806587,-0.13333064504420988,0.04743592637972757
PML40,200ns_0ns,167900000.0,4.056389142342213,-0.1921271690848762,0.047752093893153214
PML40,200ns_0ns,168200000.0,4.113490858716383,-0.2738886688086183,0.04825180185952032
PML40,200ns_0ns,168500000.0,4.148038699132267,-0.37146403527196964,0.04884175257053532
PML40,200ns_0ns,168800000.0,4.1558587407545255,-0.4755230876654598,0.04941924402400075
PML40,200ns_0ns,169100000.0,4.136505805590313,-0.5758727819699945,0.04988643522741069
PML40,200ns_0ns,169400000.0,4.093312467523717,-0.6628897616640915,0.05016190347553077
PML40,200ns_0ns,169700000.0,4.032908008185896,-0.7288679119214059,0.05018887387324849
PML40,200ns_0ns,170000000.0,3.964276672384607,-0.7690922144468851,0.04994034533750056
PML40,200ns_100ns,20000000.0,-0.16567818683133154,1.5534904478343936,0.07950297344797888
PML40,200ns_100ns,20300000.0,-0.14142226632882265,1.5186490640258354,0.0768663424449774
PML40,200ns_100ns,20600000.0,-0.12266861016081687,1.4770445834994501,0.07341047075643127
PML40,200ns_100ns,20900000.0,-0.11122894239363436,1.4310932769426397,0.0692207917585204
PML40,200ns_100ns,21200000.0,-0.10793107554862869,1.3835547753191964,0.06440262329420308
PML40,200ns_100ns,21500000.0,-0.1126070652571498,1.337167074328169,0.05907779948311916
PML40,200ns_100ns,21800000.0,-0.12420615470792361,1.2943157881826308,0.0533804784984089
PML40,200ns_100ns,22100000.0,-0.14100781275791327,1.2567765101491368,0.04745230714161963
PML40,200ns_100ns,22400000.0,-0.16089950714662335,1.2255567009482193,0.04143713234902476
PML40,200ns_100ns,22700000.0,-0.18167851389429188,1.2008487395008642,0.03547546827056777
PML40,200ns_100ns,23000000.0,-0.20133730554068682,1.1820906783649072,0.029698981957628892
PML40,200ns_100ns,23300000.0,-0.21829742506771616,1.168117777779717,0.02422542421033975
PML40,200ns_100ns,23600000.0,-0.23156617022388262,1.157377628983136,0.019154919507041932
PML40,200ns_100ns,23900000.0,-0.24080238368645457,1.148175680304826,0.014570037995666278
PML40,200ns_100ns,24200000.0,-0.24629045434979727,1.1389166929585883,0.01054719840531507
PML40,200ns_100ns,24500000.0,-0.24883358802971275,1.128310893209059,0.0072064073046503654
PML40,200ns_100ns,24800000.0,-0.249587036307448,1.1155206079991378,0.004890069938276054
PML40,200ns_100ns,25100000.0,-0.24985821391969226,1.100232798284926,0.004382707560116255
PML40,200ns_100ns,25400000.0,-0.25090292895690003,1.0826537142554093,0.005727363049045079
PML40,200ns_100ns,25700000.0,-0.2537452806491936,1.0634324130919472,0.007910135099679055
PML40,200ns_100ns,26000000.0,-0.2590436400549889,1.0435287658537353,0.010425888767133651
PML40,200ns_100ns,26300000.0,-0.26701742483978597,1.024047798710117,0.013143379241569638
PML40,200ns_100ns,26600000.0,-0.2774402848968742,1.0060651413072907,0.016016041373246102
PML40,200ns_100ns,26900000.0,-0.28969610619411845,0.990467833567263,0.018997360740383638
PML40,200ns_100ns,27200000.0,-0.30288612219487154,0.9778310695529285,0.022022416549176065
PML40,200ns_100ns,27500000.0,-0.3159693819963735,0.9683453193912813,0.0250087171894964
PML40,200ns_100ns,27800000.0,-0.32791551567924526,0.9618006291087264,0.02786263687142745
PML40,200ns_100ns,28100000.0,-0.33784841779704045,0.9576268490413858,0.03048685402976936
PML40,200ns_100ns,28400000.0,-0.34516199221486826,0.9549811637828182,0.0327872012606239
PML40,200ns_100ns,28700000.0,-0.349593957608198,0.9528685153678043,0.03467844351135015
PML40,200ns_100ns,29000000.0,-0.35125012191940536,0.9502769864890982,0.03608889504122779
PML40,200ns_100ns,29300000.0,-0.35057855989503584,0.9463092673093494,0.03696390563524255
PML40,200ns_100ns,29600000.0,-0.3482998102521027,0.9402929362702027,0.03726827209753508
PML40,200ns_100ns,29900000.0,-0.3453046899932576,0.9318560790341205,0.036987632845106956
PML40,200ns_100ns,30200000.0,-0.3425349527677475,0.920960122274641,0.03612890591115209
PML40,200ns_100ns,30500000.0,-0.34086342647938095,0.907887874914344,0.034719840063652294
PML40,200ns_100ns,30800000.0,-0.3409893957541789,0.8931907989986058,0.032807764961727784
PML40,200ns_100ns,31100000.0,-0.34336209288208963,0.8776046862778838,0.030457648028855984
PML40,200ns_100ns,31400000.0,-0.348140724876211,0.8619465652520986,0.02774959256325466
PML40,200ns_100ns,31700000.0,-0.3551941663973362,0.8470074109754882,0.024775945618855683
PML40,200ns_100ns,32000000.0,-0.3641380361826896,0.833454952656955,0.021638232004083338
PML40,200ns_100ns,32300000.0,-0.3744020695347861,0.8217587219976793,0.018444207560880638
PML40,200ns_100ns,32600000.0,-0.38531710269525077,0.8121458470359237,0.015305459711987296
PML40,200ns_100ns,32900000.0,-0.3962090055227523,0.8045915355824705,0.012336212598718758
PML40,200ns_100ns,33200000.0,-0.40648670990947433,0.7988433637953847,0.009654247118922366
PML40,200ns_100ns,33500000.0,-0.41571300990536364,0.794474043751382,0.007384180519618899
PML40,200ns_100ns,33800000.0,-0.42364975931803045,0.790953857391823,0.0056565682740943165
PML40,200ns_100ns,34100000.0,-0.4302729949332983,0.7877318245080306,0.00457071749274323
PML40,200ns_100ns,34400000.0,-0.4357577982636684,0.7843141280667543,0.004082284906043676
PML40,200ns_100ns,34700000.0,-0.4404367848890005,0.7803293397338161,0.00394729436572419
PML40,200ns_100ns,35000000.0,-0.44473944549945854,0.7755723533151424,0.0038908357467030896
PML40,200ns_100ns,35300000.0,-0.44912175027561546,0.7700222577930513,0.0037754056938174214
PML40,200ns_100ns,35600000.0,-0.4539962353912468,0.7638331705848638,0.0036323001339516364
PML40,200ns_100ns,35900000.0,-0.45967218013315586,0.757300774634304,0.0036461170312692874
PML40,200ns_100ns,36200000.0,-0.46631360923590126,0.7508104645193756,0.0040648170032562695
PML40,200ns_100ns,36500000.0,-0.4739200323972061,0.7447752111616839,0.0049965968122485955
PML40,200ns_100ns,36800000.0,-0.4823314876322628,0.7395722535939933,0.006350392991097352
PML40,200ns_100ns,37100000.0,-0.4912560622711672,0.7354874446381678,0.007969501314928842
PML40,200ns_100ns,37400000.0,-0.5003150834497205,0.7326746152435712,0.00971403912577723
PML40,200ns_100ns,37700000.0,-0.5090989803474448,0.7311349329621223,0.011470175292947754
PML40,200ns_100ns,38000000.0,-0.5172256803162506,0.7307182790536316,0.013143737249178975
PML40,200ns_100ns,38300000.0,-0.5243934147927962,0.7311455796747385,0.014655831878804707
PML40,200ns_100ns,38600000.0,-0.5304209231864797,0.7320482218435116,0.015941220235236177
PML40,200ns_100ns,38900000.0,-0.5352700536723873,0.7330185291803054,0.01694809889209649
PML40,200ns_100ns,39200000.0,-0.5390483573719891,0.7336640266733497,0.01763836538475897
PML40,200ns_100ns,39500000.0,-0.5419920805540023,0.73365801484727,0.017987880894495243
PML40,200ns_100ns,39800000.0,-0.5444325905977218,0.7327797835989825,0.01798649065212993
PML40,200ns_100ns,40100000.0,-0.5467513790336179,0.7309394704830449,0.0176376947680868
PML40,200ns_100ns,40400000.0,-0.5493301081992809,0.7281848438517317,0.01695793690088892
PML40,200ns_100ns,40700000.0,-0.5525025630404434,0.7246898352767048,0.0159755251914646
PML40,200ns_100ns,41000000.0,-0.5565148235518022,0.720727103870505,0.014729234334986198
PML40,200ns_100ns,41300000.0,-0.5614986006017155,0.7166289601884795,0.013266669203816566
PML40,200ns_100ns,41600000.0,-0.5674606989966676,0.7127423517830758,0.01164251029193968
PML40,200ns_100ns,41900000.0,-0.5742892792540656,0.7093841599728905,0.009916832464589558
PML40,200ns_100ns,42200000.0,-0.5817753059739681,0.7068027397395042,0.008153853274629167
PML40,200ns_100ns,42500000.0,-0.5896456033139884,0.7051505317762795,0.006421917176798781
PML40,200ns_100ns,42800000.0,-0.5976025386211773,0.7044708698573103,0.004796902798500028
PML40,200ns_100ns,43100000.0,-0.6053646883350586,0.7047000537160955,0.0033756878574035167
PML40,200ns_100ns,43400000.0,-0.6127029647330051,0.7056836494198538,0.002316130764845383
PML40,200ns_100ns,43700000.0,-0.6194675475958685,0.7072041029320645,0.0018653174514884918
PML40,200ns_100ns,44000000.0,-0.6256024231366797,0.7090153520545708,0.0020368030606939353
PML40,200ns_100ns,44300000.0,-0.6311461613506085,0.7108793667556407,0.0024230990998888504
PML40,200ns_100ns,44600000.0,-0.6362194991471481,0.7125995133428893,0.0027277328537966884
PML40,200ns_100ns,44900000.0,-0.6410020733042248,0.7140462988176595,0.002842153767218768
PML40,200ns_100ns,45200000.0,-0.6457020299519599,0.7151722897362558,0.002737176775749291
PML40,200ns_100ns,45500000.0,-0.6505230542827608,0.71601462332008,0.002420150656415829
PML40,200ns_100ns,45800000.0,-0.6556335273541832,0.7166853011574637,0.0019288037758678866
PML40,200ns_100ns,46100000.0,-0.6611420302069249,0.7173511305411134,0.0013644251100956202
PML40,200ns_100ns,46400000.0,-0.667082371072814,0.7182065312229969,0.0010617831684209223
PML40,200ns_100ns,46700000.0,-0.6734098733173943,0.7194432845270011,0.0015047401721962708
PML40,200ns_100ns,47000000.0,-0.6800090411831244,0.7212215694013727,0.0024040667969107412
PML40,200ns_100ns,47300000.0,-0.6867111452784411,0.7236462922972082,0.0034416965872750807
PML40,200ns_100ns,47600000.0,-0.6933189531573718,0.726751843698512,0.004500890978185066
PML40,200ns_100ns,47900000.0,-0.699634942141866,0.7304971429924253,0.005518799031613662
PML40,200ns_100ns,48200000.0,-0.7054889770294078,0.734771353228709,0.006449482898315012
PML40,200ns_100ns,48500000.0,-0.7107616433051669,0.7394091677070719,0.0072561757881091805
PML40,200ns_100ns,48800000.0,-0.7154001481695282,0.7442132930066182,0.007909626961022811
PML40,200ns_100ns,49100000.0,-0.7194248202234076,0.7489808449146467,0.008387906073647764
PML40,200ns_100ns,49400000.0,-0.722925587397238,0.7535299453373636,0.008676511021800058
PML40,200ns_100ns,49700000.0,-0.7260491997146326,0.7577229010564641,0.008768426655657609
PML40,200ns_100ns,50000000.0,-0.7289791984449716,0.7614829281177552,0.008664013932431873
PML40,200ns_100ns,50300000.0,-0.731911553270149,0.7648023621152498,0.008370691524358001
PML40,200ns_100ns,50600000.0,-0.7350293800195141,0.7677415179541238,0.007902407922515724
PML40,200ns_100ns,50900000.0,-0.7384801614605153,0.7704186577061116,0.0072789215752332445
PML40,200ns_100ns,51200000.0,-0.7423584379809102,0.7729927131695854,0.00652491986333335
PML40,200ns_100ns,51500000.0,-0.7466960919736203,0.7756413327733156,0.005669019981865695
PML40,200ns_100ns,51800000.0,-0.7514612475450092,0.7785373641367873,0.004742712968272999
PML40,200ns_100ns,52100000.0,-0.7565656048240975,0.7818269834754793,0.003779356656372049
PML40,200ns_100ns,52400000.0,-0.7618788928047151,0.7856123429044083,0.0028134807173714202
PML40,200ns_100ns,52700000.0,-0.7672482085520939,0.789940888172868,0.0018814293869935503
PML40,200ns_100ns,53000000.0,-0.7725194309110262,0.7948025134982164,0.001030091331586894
PML40,200ns_100ns,53300000.0,-0.7775577208548348,0.8001346106017918,0.00042739952460452493
PML40,200ns_100ns,53600000.0,-0.7822643583033125,0.8058339913754625,0.0006856765313109538
PML40,200ns_100ns,53900000.0,-0.7865877698479352,0.8117737637589668,0.001195064831624231
PML40,200ns_100ns,54200000.0,-0.7905274781354426,0.8178226351133489,0.0016054059527714267
PML40,200ns_100ns,54500000.0,-0.7941307225927086,0.8238638792129859,0.0018764338783931946
PML40,200ns_100ns,54800000.0,-0.7974825185188473,0.8298113519661213,0.0019984981737279695
PML40,200ns_100ns,55100000.0,-0.8006907981513692,0.8356204435734436,0.0019716569873607453
PML40,200ns_100ns,55400000.0,-0.8038688978292818,0.8412926302885813,0.001802370518839211
PML40,200ns_100ns,55700000.0,-0.8071179433390776,0.8468732218651512,0.0015023813162052908
PML40,200ns_100ns,56000000.0,-0.8105116124544546,0.852442858008174,0.0010881175666623104
PML40,200ns_100ns,56300000.0,-0.8140853414218288,0.8581041565466643,0.0005814339526910297
PML40,200ns_100ns,56600000.0,-0.8178313582782542,0.8639655444946446,0.00010579717274411547
PML40,200ns_100ns,56900000.0,-0.8217000730334924,0.8701246314285164,0.0006543471656784138
PML40,200ns_100ns,57200000.0,-0.8256074554144268,0.8766534770867628,0.0013073266770955363
PML40,200ns_100ns,57500000.0,-0.8294472100738707,0.8835877733212016,0.001961848360160344
PML40,200ns_100ns,57800000.0,-0.8331059272662975,0.8909213601086117,0.002591448002768615
PML40,200ns_100ns,58100000.0,-0.8364790250347371,0.8986067169743872,0.0031730034708838855
PML40,200ns_100ns,58400000.0,-0.8394852485036919,0.9065612272012313,0.0036860799119616673
PML40,200ns_100ns,58700000.0,-0.8420777505177076,0.9146782204757195,0.004113358347475431
PML40,200ns_100ns,59000000.0,-0.8442503009141301,0.9228411673225234,0.004441093809980619
PML40,200ns_100ns,59300000.0,-0.8460378795733529,0.9309390078692092,0.004659470261221963
PML40,200ns_100ns,59600000.0,-0.8475116985109512,0.9388804947129812,0.004762819657174903
PML40,200ns_100ns,59900000.0,-0.8487694599007427,0.9466056205992182,0.0047496953717750204
PML40,200ns_100ns,60200000.0,-0.8499222864610518,0.9540926515468446,0.004622799982798223
PML40,200ns_100ns,60500000.0,-0.8510801756713423,0.9613599257771399,0.0043887741236130475
PML40,200ns_100ns,60800000.0,-0.8523379791829027,0.9684623151681802,0.004057858934540879
PML40,200ns_100ns,61100000.0,-0.8537637807310293,0.9754829753105482,0.0036434506159546353
PML40,200ns_100ns,61400000.0,-0.8553911654637028,0.9825216329120615,0.0031615733957081086
PML40,200ns_100ns,61700000.0,-0.8572163003208335,0.9896810931476571,0.002630312260104274
PML40,200ns_100ns,62000000.0,-0.8592000630490225,0.9970538406954125,0.0020692900052528365
PML40,200ns_100ns,62300000.0,-0.861274763201263,1.0047105375718581,0.0014994465434720948
PML40,200ns_100ns,62600000.0,-0.8633543874854124,1.012691905837278,0.000944379899952923
PML40,200ns_100ns,62900000.0,-0.8653468553471755,1.0210049741288145,0.0004449516411859058
PML40,200ns_100ns,63200000.0,-0.867166545051964,1.0296240392819371,0.0002733921416248165
PML40,200ns_100ns,63500000.0,-0.8687453702056532,1.0384960375834669,0.0006109112849677846
PML40,200ns_100ns,63800000.0,-0.8700409417135674,1.0475494254104751,0.0009560076049442254
PML40,200ns_100ns,64100000.0,-0.8710407986928937,1.0567052159963557,0.001231001433481186
PML40,200ns_100ns,64400000.0,-0.8717622665554972,1.065888565907361,0.0014212710273974335
PML40,200ns_100ns,64700000.0,-0.8722481186800676,1.0750392805003095,0.001521633682399166
PML40,200ns_100ns,65000000.0,-0.8725587934916839,1.084119808878738,0.0015318520497024514
PML40,200ns_100ns,65300000.0,-0.8727623733776245,1.0931196914877528,0.0014559675061323078
PML40,200ns_100ns,65600000.0,-0.8729238065126405,1.1020559479484124,0.0013025873327271698
PML40,200ns_100ns,65900000.0,-0.8730949145639237,1.110969473015431,0.0010865178384535663
PML40,200ns_100ns,66200000.0,-0.8733065758034143,1.1199180630698553,0.000834935737497132
PML40,200ns_100ns,66500000.0,-0.8735641314882334,1.1289671485300043,0.0006111721703980597
PML40,200ns_100ns,66800000.0,-0.8738465857672899,1.1381795992395236,0.0005630599807057583
PML40,200ns_100ns,67100000.0,-0.8741096254276339,1.1476060643476578,0.0007733053859925767
PML40,200ns_100ns,67400000.0,-0.874291952371505,1.157277197650163,0.001112947219335993
PML40,200ns_100ns,67700000.0,-0.8743239721806855,1.1671988244573142,0.0014863127299092013
PML40,200ns_100ns,68000000.0,-0.8741375763552413,1.1773506723084795,0.0018523229201215905
PML40,200ns_100ns,68300000.0,-0.8736756323141837,1.1876887786915504,0.002188198800444331
PML40,200ns_100ns,68600000.0,-0.872899866406759,1.198151176535139,0.0024782262225547117
PML40,200ns_100ns,68900000.0,-0.8717960762757925,1.2086660133687432,0.0027107660410051514
PML40,200ns_100ns,69200000.0,-0.8703760007985911,1.2191609423403216,0.002877414719017981
PML40,200ns_100ns,69500000.0,-0.8686756509853657,1.2295724733465747,0.0029727682188610085
PML40,200ns_100ns,69800000.0,-0.866750396114779,1.2398540068487844,0.0029943445628591602
PML40,200ns_100ns,70100000.0,-0.864667538052367,1.2499814822145034,0.002942519393619286
PML40,200ns_100ns,70400000.0,-0.8624974340520333,1.259955923503975,0.002820425966575858
PML40,200ns_100ns,70700000.0,-0.8603044021144856,1.269802606682826,0.002633811542991318
PML40,200ns_100ns,71000000.0,-0.8581386430942685,1.2795670403981396,0.002390869243847542
PML40,200ns_100ns,71300000.0,-0.8560302445259345,1.2893083826519915,0.0021021003120048204
PML40,200ns_100ns,71600000.0,-0.8539860200872935,1.2990912497648808,0.0017803400445135942
PML40,200ns_100ns,71900000.0,-0.8519895320560238,1.3089770684318214,0.0014412979110351011
PML40,200ns_100ns,72200000.0,-0.8500042003503523,1.319016153243612,0.001105647052421514
PML40,200ns_100ns,72500000.0,-0.847978982725435,1.3292415605619636,0.0008058536489522474
PML40,200ns_100ns,72800000.0,-0.8458557734220439,1.3396654973292388,0.0006033689534007662
PML40,200ns_100ns,73100000.0,-0.8435774563448319,1.3502786913171223,0.0005799892331766849
PML40,200ns_100ns,73400000.0,-0.841095489532804,1.3610527112301778,0.0007125187465859004
PML40,200ns_100ns,73700000.0,-0.8383759945580689,1.371944819728415,0.0008950441100548728
PML40,200ns_100ns,74000000.0,-0.8354035602120682,1.3829046053425524,0.0010648912992092083
PML40,200ns_100ns,74300000.0,-0.8321823083761978,1.3938814151583938,0.001195881887502268
PML40,200ns_100ns,74600000.0,-0.8287341620048154,1.4048315270925442,0.0012768277596122743
PML40,200ns_100ns,74900000.0,-0.825094645209757,1.4157240664688109,0.0013037167746601274
PML40,200ns_100ns,75200000.0,-0.8213068796863376,1.426544873599666,0.0012772966158261414
PML40,200ns_100ns,75500000.0,-0.8174146753517386,1.437297835869163,0.0012025619768971311
PML40,200ns_100ns,75800000.0,-0.813455716245133,1.448003564390233,0.0010893652413386209
PML40,200ns_100ns,76100000.0,-0.8094558043666095,1.4586956694934632,0.0009544853625676312
PML40,200ns_100ns,76400000.0,-0.8054249529317141,1.469415219108746,0.0008259609296979684
PML40,200ns_100ns,76700000.0,-0.8013558433566206,1.480204204918441,0.0007472869796850933
PML40,200ns_100ns,77000000.0,-0.7972248180430566,1.4910989617245782,0.0007641933382342762
PML40,200ns_100ns,77300000.0,-0.792995222614414,1.5021244718744013,0.0008845096763662842
PML40,200ns_100ns,77600000.0,-0.7886225866836931,1.5132903437796366,0.001073554125805081
PML40,200ns_100ns,77900000.0,-0.784060885695398,1.5245890042499313,0.0012918153799972914
PML40,200ns_100ns,78200000.0,-0.7792689902678589,1.5359963254430167,0.0015113259552358952
PML40,200ns_100ns,78500000.0,-0.774216400168875,1.5474745644001242,0.0017135549760642715
PML40,200ns_100ns,78800000.0,-0.7688874760849866,1.5589771743495464,0.001885771533268949
PML40,200ns_100ns,79100000.0,-0.7632836049131468,1.5704547957919486,0.0020190674202408753
PML40,200ns_100ns,79400000.0,-0.757423030332173,1.5818615850833888,0.0021074587193879173
PML40,200ns_100ns,79700000.0,-0.7513384074066713,1.5931610073924203,0.0021474865875762933
PML40,200ns_100ns,80000000.0,-0.7450724521072906,1.6043303112059162,0.0021380273150362447
PML40,200ns_100ns,80300000.0,-0.7386723111339935,1.6153630979115123,0.0020801846605726167
PML40,200ns_100ns,80600000.0,-0.7321834404279302,1.6262696730028876,0.001977218045237283
PML40,200ns_100ns,80900000.0,-0.7256438317646678,1.6370751758142075,0.0018345075499767484
PML40,200ns_100ns,81200000.0,-0.7190793612381742,1.64781578878129,0.001659599449580608
PML40,200ns_100ns,81500000.0,-0.7125008628771379,1.6585335832625312,0.0014624359040778564
PML40,200ns_100ns,81800000.0,-0.705903280904759,1.6692707326987357,0.0012559666481819574
PML40,200ns_100ns,82100000.0,-0.6992669614449741,1.6800638932239877,0.001057420271047109
PML40,200ns_100ns,82400000.0,-0.6925608501018363,1.6909395095275002,0.0008900811370428279
PML40,200ns_100ns,82700000.0,-0.6857471064243882,1.7019106581510377,0.0007824571103153457
PML40,200ns_100ns,83000000.0,-0.6787864641667277,1.712975813894357,0.0007559194068762435
PML40,200ns_100ns,83300000.0,-0.6716435809371528,1.7241196506799794,0.00080389795052781
PML40,200ns_100ns,83600000.0,-0.6642916418844366,1.7353157050468142,0.0008949243145566565
PML40,200ns_100ns,83900000.0,-0.6567156041817473,1.746530477718967,0.0009964865156717258
PML40,200ns_100ns,84200000.0,-0.6489136730702174,1.7577283606694443,0.0010863375697549207
PML40,200ns_100ns,84500000.0,-0.640896856064324,1.7688766783145502,0.001151477481623752
PML40,200ns_100ns,84800000.0,-0.6326867130225923,1.7799501336001606,0.0011852259653935579
PML40,200ns_100ns,85100000.0,-0.6243116682775465,1.7909340502329685,0.0011853962027467428
PML40,200ns_100ns,85400000.0,-0.6158024429615545,1.8018259850667764,0.0011534858349210588
PML40,200ns_100ns,85700000.0,-0.607187275693369,1.8126355225416713,0.0010945439882207937
PML40,200ns_100ns,86000000.0,-0.5984876144160791,1.823382321897394,0.0010175612224170652
PML40,200ns_100ns,86300000.0,-0.5897148814098704,1.834092731285506,0.0009362450827162676
PML40,200ns_100ns,86600000.0,-0.5808687505732955,1.844795477424945,0.0008694474371860656
PML40,200ns_100ns,86900000.0,-0.5719371553006558,1.8555170590968784,0.0008387882768897402
PML40,200ns_100ns,87200000.0,-0.5628979985266573,1.8662775024834581,0.0008604267353376978
PML40,200ns_100ns,87500000.0,-0.5537222985449023,1.8770870738195906,0.000935359038417652
PML40,200ns_100ns,87800000.0,-0.5443783078988869,1.887944400576697,0.0010498883614380205
PML40,200ns_100ns,88100000.0,-0.5348360144127943,1.8988362480659182,0.0011850474932818017
PML40,200ns_100ns,88400000.0,-0.5250713897361264,1.9097389634699353,0.001323713370809753
PML40,200ns_100ns,88700000.0,-0.5150697960417466,1.9206213670499752,0.0014525792261913897
PML40,200ns_100ns,89000000.0,-0.5048280877533501,1.9314486727843097,0.0015618505971256545
PML40,200ns_100ns,89300000.0,-0.4943551333423017,1.9421868846716472,0.0016445962029378383
PML40,200ns_100ns,89600000.0,-0.4836707050817007,1.9528070580477301,0.0016962728366249785
PML40,200ns_100ns,89900000.0,-0.4728029106673912,1.9632888438772778,0.0017144421993182171
PML40,200ns_100ns,90200000.0,-0.46178453847940976,1.9736228425072622,0.0016986120434971537
PML40,200ns_100ns,90500000.0,-0.4506488311383849,1.983811465261502,0.0016501506994468231
PML40,200ns_100ns,90800000.0,-0.4394252712138823,1.9938682125407847,0.0015722529688539117
PML40,200ns_100ns,91100000.0,-0.428135950328851,2.003815495964818,0.0014699597509722237
PML40,200ns_100ns,91400000.0,-0.41679300181119877,2.013681329143456,0.0013502499513395449
PML40,200ns_100ns,91700000.0,-0.40539742159255093,2.0234953601069265,0.0012222160542040383
PML40,200ns_100ns,92000000.0,-0.3939394049889159,2.033284798710405,0.001097247136444471
PML40,200ns_100ns,92300000.0,-0.382400116369266,2.043070794725102,0.0009888355060834277
PML40,200ns_100ns,92600000.0,-0.3707546138984774,2.0528657480632453,0.0009109919150405464
PML40,200ns_100ns,92900000.0,-0.35897549913608695,2.062671893470624,0.0008740632205438945
PML40,200ns_100ns,93200000.0,-0.3470367714901743,2.0724813185955457,0.0008792859671354727
PML40,200ns_100ns,93500000.0,-0.334917351517025,2.082277372883772,0.0009173515926884813
PML40,200ns_100ns,93800000.0,-0.3226037955314109,2.0920372334967765,0.0009731971557243625
PML40,200ns_100ns,94100000.0,-0.3100918473412832,2.1017352396764966,0.0010320279088001497
PML40,200ns_100ns,94400000.0,-0.29738664273781884,2.1113465093933828,0.0010823753554083505
PML40,200ns_100ns,94700000.0,-0.2845015741743152,2.1208503240798433,0.0011166098788094533
PML40,200ns_100ns,95000000.0,-0.27145600980896506,2.130232811267452,0.0011305396338387068
PML40,200ns_100ns,95300000.0,-0.2582722169484817,2.1394885634612377,0.0011229569740700868
PML40,200ns_100ns,95600000.0,-0.24497194387349752,2.148620988260365,0.0010953712565067893
PML40,200ns_100ns,95900000.0,-0.23157315262543574,2.157641366857856,0.001051937931929047
PML40,200ns_100ns,96200000.0,-0.2180873644836771,2.166566779817445,0.000999507529239388
PML40,200ns_100ns,96500000.0,-0.20451798516671382,2.1754172151691678,0.0009475802667555002
PML40,200ns_100ns,96800000.0,-0.19085983262457662,2.1842122831448396,0.0009076514500028209
PML40,200ns_100ns,97100000.0,-0.1770999176137997,2.1929680099634323,0.000891147429124747
PML40,200ns_100ns,97400000.0,-0.16321935060008608,2.201694164392616,0.0009057772548337089
PML40,200ns_100ns,97700000.0,-0.14919609255602692,2.210392489158655,0.0009522552373045558
PML40,200ns_100ns,98000000.0,-0.13500815323560875,2.2190560771211705,0.0010242792940365734
PML40,200ns_100ns,98300000.0,-0.1206367836191294,2.2276699687278114,0.0011116341137794095
PML40,200ns_100ns,98600000.0,-0.10606921635100491,2.2362128758621918,0.0012035552045842615
PML40,200ns_100ns,98900000.0,-0.09130057704278229,2.244659781745338,0.00129061793760095
PML40,200ns_100ns,99200000.0,-0.07633470963780205,2.252985048349557,0.0013653497192301042
PML40,200ns_100ns,99500000.0,-0.061183813069020335,2.261165597600175,0.0014222574644456737
PML40,200ns_100ns,99800000.0,-0.045866952240540236,2.2691837286132763,0.0014576951658062858
PML40,200ns_100ns,100100000.0,-0.030407660755713162,2.2770291898558432,0.0014697304855251947
PML40,200ns_100ns,100400000.0,-0.014830974599305793,2.2847002335374196,0.0014580471272130353
PML40,200ns_100ns,100700000.0,0.0008396911412982121,2.2922035238403047,0.0014238817314666452
PML40,200ns_100ns,101000000.0,0.0165853957043916,2.2995529301720263,0.0013699870814554203
PML40,200ns_100ns,101300000.0,0.03239387386049666,2.3067673891309752,0.0013006113187108473
PML40,200ns_100ns,101600000.0,0.048260798947823036,2.3138681433332478,0.0012214701052524167
PML40,200ns_100ns,101900000.0,0.06418995592090374,2.3208757449400808,0.0011396478015209704
PML40,200ns_100ns,102200000.0,0.08019232521042748,2.3278072364251363,0.0010632759903955599
PML40,200ns_100ns,102500000.0,0.09628422783388924,2.334673888410219,0.0010007220890443545
PML40,200ns_100ns,102800000.0,0.11248480820910729,2.3414797898468067,0.0009590407634726279
PML40,200ns_100ns,103100000.0,0.1288132164938361,2.3482214620886284,0.0009419214793351303
PML40,200ns_100ns,103400000.0,0.14528588593016892,2.354888523346095,0.0009482330583968569
PML40,200ns_100ns,103700000.0,0.1619142789023234,2.3614652841286357,0.0009723760945873913
PML40,200ns_100ns,104000000.0,0.1787034022634578,2.367933027813436,0.001006286693139972
PML40,200ns_100ns,104300000.0,0.19565127905465096,2.374272640608671,0.0010417065891515716
PML40,200ns_100ns,104600000.0,0.2127494265066363,2.3804672137123815,0.0010716793618045551
PML40,200ns_100ns,104900000.0,0.22998424868595688,2.3865042522762425,0.0010911912054965716
PML40,200ns_100ns,105200000.0,0.24733912606767136,2.39237718825642,0.0010973124112284654
PML40,200ns_100ns,105500000.0,0.26479689094250114,2.398085997776749,0.0010891508758889825
PML40,200ns_100ns,105800000.0,0.28234232930311426,2.4036368530985577,0.0010677735898036638
PML40,200ns_100ns,106100000.0,0.29996435263494214,2.4090408762194593,0.0010361379697247984
PML40,200ns_100ns,106400000.0,0.3176575355802755,2.4143121863070034,0.0009989947942844687
PML40,200ns_100ns,106700000.0,0.3354228095949536,2.4194655293865726,0.0009626377485729823
PML40,200ns_100ns,107000000.0,0.3532672246526097,2.4245138330247493,0.0009342755506174325
PML40,200ns_100ns,107300000.0,0.3712028233351408,2.429466034310434,0.000920796021008999
PML40,200ns_100ns,107600000.0,0.38924479568187176,2.434325486253202,0.0009270077155339555
PML40,200ns_100ns,107900000.0,0.40740918181997304,2.4390891625905176,0.0009540920190894185
PML40,200ns_100ns,108200000.0,0.42571044932762625,2.443747766435653,0.000999263440923663
PML40,200ns_100ns,108500000.0,0.44415928576446345,2.448286720612608,0.0010568477664856344
PML40,200ns_100ns,108800000.0,0.4627609126824733,2.452687894862557,0.001119959511485857
PML40,200ns_100ns,109100000.0,0.4815141511877752,2.456931824342276,0.0011818813982388695
PML40,200ns_100ns,109400000.0,0.5004113620007112,2.4610001086395408,0.0012368480669682782
PML40,200ns_100ns,109700000.0,0.5194392603135177,2.464877659403036,0.00128037242232424
PML40,200ns_100ns,110000000.0,0.5385804848320277,2.4685544898839447,0.0013093317855711773
PML40,200ns_100ns,110300000.0,0.5578156979607799,2.472026806999063,0.0013219574110649975
PML40,200ns_100ns,110600000.0,0.5771259240651001,2.475297265956936,0.0013177946606354252
PML40,200ns_100ns,110900000.0,0.5964948043168097,2.4783743647605907,0.0012976569372787055
PML40,200ns_100ns,111200000.0,0.6159104630844442,2.481271074470181,0.0012635747244974904
PML40,200ns_100ns,111500000.0,0.6353667391661304,2.4840029045358265,0.0012187272397229559
PML40,200ns_100ns,111800000.0,0.6548636266243794,2.486585676709452,0.0011673275759123498
PML40,200ns_100ns,112100000.0,0.6744068813622007,2.489033316212995,0.001114407024611056
PML40,200ns_100ns,112400000.0,0.6940068651119535,2.4913559607521627,0.001065416024576333
PML40,200ns_100ns,112700000.0,0.7136768021238505,2.493558638457955,0.0010255598654234483
PML40,200ns_100ns,113000000.0,0.7334307013732243,2.4956406824713175,0.0009988808966327686
PML40,200ns_100ns,113300000.0,0.7532812382440319,2.4975959447853286,0.000987317843706161
PML40,200ns_100ns,113600000.0,0.773237889303385,2.499413760077685,0.000990176650287289
PML40,200ns_100ns,113900000.0,0.7933055727060363,2.5010805072413804,0.001004350931645702
PML40,200ns_100ns,114200000.0,0.8134839713559227,2.50258153631571,0.0010252015419262134
PML40,200ns_100ns,114500000.0,0.8337676172633157,2.503903182256714,0.0010476507769714666
PML40,200ns_100ns,114800000.0,0.8541467076854188,2.505034580333522,0.0010670819032859644
PML40,200ns_100ns,115100000.0,0.8746085217806131,2.505969031156193,0.001079898437538061
PML40,200ns_100ns,115400000.0,0.8951392247257404,2.506704731148554,0.0010837986981160849
PML40,200ns_100ns,115700000.0,0.9157257955987719,2.50724477666422,0.0010778764758750665
PML40,200ns_100ns,116000000.0,0.9363578023721753,2.5075964536398185,0.00106263136672269
PML40,200ns_100ns,116300000.0,0.9570287733024709,2.507769925048334,0.0010399249301511761
PML40,200ns_100ns,116600000.0,0.9777369746089061,2.5077765115203015,0.001012872873208849
PML40,200ns_100ns,116900000.0,0.9984854906283923,2.5076268150160916,0.0009856194592480015
PML40,200ns_100ns,117200000.0,1.0192816021870366,2.5073289541918293,0.0009629059543918607
PML40,200ns_100ns,117500000.0,1.0401355576668831,2.506887161022773,0.000949358454125776
PML40,200ns_100ns,117800000.0,1.0610589154088168,2.5063009345442184,0.0009485439776211115
PML40,200ns_100ns,118100000.0,1.0820626941697002,2.505564867231735,0.0009620715531165235
PML40,200ns_100ns,118400000.0,1.1031555926160042,2.5046691641417684,0.0009891557520506143
PML40,200ns_100ns,118700000.0,1.124342526393792,2.5036007779707172,0.0010268763465695328
PML40,200ns_100ns,119000000.0,1.1456236844138126,2.5023449981856722,0.0010709611804029335
PML40,200ns_100ns,119300000.0,1.16699423163688,2.5008872709902787,0.0011166873295823656
PML40,200ns_100ns,119600000.0,1.1884446945645633,2.499214997320313,0.0011595947994159838
PML40,200ns_100ns,119900000.0,1.2099619707231537,2.4973190619802743,0.0011959289648905804
PML40,200ns_100ns,120200000.0,1.2315308179168674,2.495194887109722,0.0012228660970165306
PML40,200ns_100ns,120500000.0,1.2531356146515853,2.492842871361884,0.0012386054674946663
PML40,200ns_100ns,120800000.0,1.2747621485334002,2.490268162618225,0.0012423897438439654
PML40,200ns_100ns,121100000.0,1.2963991889858593,2.487479804497105,0.0012344864675482691
PML40,200ns_100ns,121400000.0,1.3180396338824976,2.4844893824371,0.0012161415001621574
PML40,200ns_100ns,121700000.0,1.339681081536888,2.4813093619837345,0.0011894997940963782
PML40,200ns_100ns,122000000.0,1.3613257609381173,2.4779513510994575,0.001157476023798855
PML40,200ns_100ns,122300000.0,1.3829798425649795,2.47442452482529,0.0011235464004406938
PML40,200ns_100ns,122600000.0,1.4046522370400734,2.4707344240559794,0.0010914286370785281
PML40,200ns_100ns,122900000.0,1.4263530575725667,2.466882284733379,0.0010646333973199677
PML40,200ns_100ns,123200000.0,1.4480919653157347,2.4628649775712845,0.0010459238107593722
PML40,200ns_100ns,123500000.0,1.469876628829792,2.458675552389803,0.001036803860810772
PML40,200ns_100ns,123800000.0,1.491711508605536,2.4543042973750073,0.0010372166238527237
PML40,200ns_100ns,124100000.0,1.5135971283921903,2.449740153686727,0.001045591999492967
PML40,200ns_100ns,124400000.0,1.5355299241762435,2.4449722793230286,0.001059236036682586
PML40,200ns_100ns,124700000.0,1.5575026792846072,2.4399915391168197,0.0010749078908145638
PML40,200ns_100ns,125000000.0,1.5795054718799373,2.4347917121086713,0.0010893943995687269
PML40,200ns_100ns,125300000.0,1.601526990528975,2.429370250819146,0.001099960664746843
PML40,200ns_100ns,125600000.0,1.6235560242179714,2.423728492671723,0.0011046457731106883
PML40,200ns_100ns,125900000.0,1.645582911721662,2.4178713024805507,0.0011024272304332831
PML40,200ns_100ns,126200000.0,1.6676007441840195,2.4118062053649356,0.0010932900318669269
PML40,200ns_100ns,126500000.0,1.689606152455466,2.4055421404185964,0.0010782244553840447
PML40,200ns_100ns,126800000.0,1.7115995714766834,2.399088017190389,0.0010591560838324346
PML40,200ns_100ns,127100000.0,1.7335849490074902,2.392451282563867,0.0010387903014612704
PML40,200ns_100ns,127400000.0,1.7555689445996037,2.3856367017598417,0.0010203387929744198
PML40,200ns_100ns,127700000.0,1.777559735893556,2.378645524862068,0.001007101276493547
PML40,200ns_100ns,128000000.0,1.7995656032447949,2.3714751543735644,0.0010019207629784904
PML40,200ns_100ns,128300000.0,1.8215934930617979,2.364119357954522,0.0010066165430217477
PML40,200ns_100ns,128600000.0,1.8436477612947724,2.356568993820099,0.0010215765195510527
PML40,200ns_100ns,128900000.0,1.8657292714627254,2.3488131450427243,0.0010456738492690186
PML40,200ns_100ns,129200000.0,1.8878349705821635,2.340840503056988,0.0010765370164080306
PML40,200ns_100ns,129500000.0,1.9099579987694892,2.332640807599404,0.001111045005245414
PML40,200ns_100ns,129800000.0,1.932088313747212,2.3242061444319013,0.0011458612993943738
PML40,200ns_100ns,130100000.0,1.9542137404484048,2.3155319239728835,0.0011778741883240462
PML40,200ns_100ns,130400000.0,1.9763212982064386,2.306617409994161,0.0012044990294521574
PML40,200ns_100ns,130700000.0,1.9983986214824312,2.2974657311391824,0.0012238569577796793
PML40,200ns_100ns,131000000.0,2.0204352795136136,2.288083380100384,0.0012348632843712183
PML40,200ns_100ns,131300000.0,2.042423816777258,2.2784792757481918,0.0012372540351116789
PML40,200ns_100ns,131600000.0,2.064360377103012,2.2686635225764613,0.0012315668140559324
PML40,200ns_100ns,131900000.0,2.086244833605587,2.258646041467439,0.0012190801386606873
PML40,200ns_100ns,132200000.0,2.108080415869242,2.248435260771694,0.0012017058508055954
PML40,200ns_100ns,132500000.0,2.1298728952267543,2.238037045289632,0.0011818232369867762
PML40,200ns_100ns,132800000.0,2.151629448918215,2.227454004915309,0.0011620437801549359
PML40,200ns_100ns,133100000.0,2.173357366184572,2.2166852697667676,0.0011449067649174061
PML40,200ns_100ns,133400000.0,2.195062778341381,2.2057267525047917,0.0011325318325051583
PML40,200ns_100ns,133700000.0,2.2167495882877484,2.1945718505789973,0.001126289791203045
PML40,200ns_100ns,134000000.0,2.2384187440182313,2.183212480818243,0.0011265775997646981
PML40,200ns_100ns,134300000.0,2.2600679501828806,2.1716402943833213,0.0011327716640377324
PML40,200ns_100ns,134600000.0,2.281691848897648,2.1598478975764763,0.0011433792947852363
PML40,200ns_100ns,134900000.0,2.303282634773688,2.14782990616979,0.0011563402312951398
PML40,200ns_100ns,135200000.0,2.3248310088041744,2.135583687126992,0.0011693904100541237
PML40,200ns_100ns,135500000.0,2.3463273296349625,2.1231096878432916,0.001180405449251692
PML40,200ns_100ns,135800000.0,2.367762795099936,2.1104113125901005,0.0011876746525186354
PML40,200ns_100ns,136100000.0,2.3891304850167154,2.097494370224656,0.0011900905910126665
PML40,200ns_100ns,136400000.0,2.4104261180508804,2.084366177351959,0.001187259256897084
PML40,200ns_100ns,136700000.0,2.4316484176171373,2.071034448675326,0.0011795405227519374
PML40,200ns_100ns,137000000.0,2.4527990381244478,2.057506134752081,0.0011680237922520487
PML40,200ns_100ns,137300000.0,2.473882065352823,2.043786373061769,0.001154435365141139
PML40,200ns_100ns,137600000.0,2.494903164558809,2.029877700676387,0.0011409676611010599
PML40,200ns_100ns,137900000.0,2.515868498729331,2.0157796386523477,0.0011300223052370872
PML40,200ns_100ns,138200000.0,2.5367835705626463,2.001488705115075,0.0011238758658087269
PML40,200ns_100ns,138500000.0,2.557652151107054,1.9869988534780072,0.0011243104539020974
PML40,200ns_100ns,138800000.0,2.578475444498809,1.972302272859747,0.0011322889505282635
PML40,200ns_100ns,139100000.0,2.599251604053331,1.9573904377944535,0.001147768394435894
PML40,200ns_100ns,139400000.0,2.6199756650904655,1.94225526062784,0.001169711915165059
PML40,200ns_100ns,139700000.0,2.6406399014446422,1.9268901870490835,0.0011962901341584155
PML40,200ns_100ns,140000000.0,2.6612345538564934,1.911291084584698,0.0012252002690635662
PML40,200ns_100ns,140300000.0,2.681748827539211,1.895456804002778,0.001254011474208367
PML40,200ns_100ns,140600000.0,2.7021720201462065,1.879389340004824,0.0012804671284833643
PML40,200ns_100ns,140900000.0,2.7224946249623425,1.8630935736678202,0.0013027120107585624
PML40,200ns_100ns,141200000.0,2.7427092594383997,1.8465766369289291,0.0013194411582800663
PML40,200ns_100ns,141500000.0,2.762811295176382,1.8298469909235897,0.0013299804600638509
PML40,200ns_100ns,141800000.0,2.78279910828248,1.8129133481269721,0.001334310460171314
PML40,200ns_100ns,142100000.0,2.802673922465581,1.7957835878732014,0.0013330406204129159
PML40,200ns_100ns,142400000.0,2.822439273815308,1.7784638134685549,0.001327335997784383
PML40,200ns_100ns,142700000.0,2.8421001779410857,1.7609576772288222,0.0013187947702726008
PML40,200ns_100ns,143000000.0,2.8616621199709256,1.7432660606813744,0.0013092754692682626
PML40,200ns_100ns,143300000.0,2.8811300104175306,1.725387146541848,0.0013006790792673448
PML40,200ns_100ns,143600000.0,2.9005072522302737,1.7073168641040355,0.0012947039999042312
PML40,200ns_100ns,143900000.0,2.9197950464166937,1.689049638078851,0.0012926083131858722
PML40,200ns_100ns,144200000.0,2.938992028207304,1.670579329815962,0.001295025935865081
PML40,200ns_100ns,144500000.0,2.958094278029506,1.6519002348334666,0.0013018809859646552
PML40,200ns_100ns,144800000.0,2.97709569836138,1.6330079949227123,0.0013124235625801284
PML40,200ns_100ns,145100000.0,2.9959886963510964,1.6139002973244605,0.0013253775371308294
PML40,200ns_100ns,145400000.0,3.0147650700250437,1.594577265334885,0.0013391627468675492
PML40,200ns_100ns,145700000.0,3.0334169687218893,1.5750414895164484,0.0013521427056177808
PML40,200ns_100ns,146000000.0,3.0519377896883504,1.5552977000333703,0.0013628553750195517
PML40,200ns_100ns,146300000.0,3.0703228835292187,1.5353521312464824,0.0013702000613739222
PML40,200ns_100ns,146600000.0,3.0885699696823146,1.5152116725252267,0.0013735684310670479
PML40,200ns_100ns,146900000.0,3.1066792050856655,1.4948829283713705,0.0013729167925727204
PML40,200ns_100ns,147200000.0,3.1246528986883733,1.4743713224969046,0.0013687798383313077
PML40,200ns_100ns,147500000.0,3.142494914429322,1.4536803730457446,0.0013622253221244399
PML40,200ns_100ns,147800000.0,3.1602098487720642,1.4328112409564333,0.0013547479180421368
PML40,200ns_100ns,148100000.0,3.1778020998516308,1.4117626142546573,0.0013481021943205415
PML40,200ns_100ns,148400000.0,3.195274959567439,1.3905309434682172,0.0013440822209816977
PML40,200ns_100ns,148700000.0,3.2126298557469664,1.3691109941130082,0.0013442697283385751
PML40,200ns_100ns,149000000.0,3.2298658495841095,1.347496638188755,0.001349790229388033
PML40,200ns_100ns,149300000.0,3.246979457194247,1.325681773935038,0.0013611278313841182
PML40,200ns_100ns,149600000.0,3.263964818528969,1.303661246153355,0.001378044022011014
PML40,200ns_100ns,149900000.0,3.280814188529262,1.2814316403926156,0.0013996206289433556
PML40,200ns_100ns,150200000.0,3.2975186810113293,1.2589918428843043,0.00142441256824111
PML40,200ns_100ns,150500000.0,3.3140691615212043,1.2363432915159758,0.0014506690753692975
PML40,200ns_100ns,150800000.0,3.3304571659015743,1.2134898865374757,0.0014765740017215166
PML40,200ns_100ns,151100000.0,3.3466757191271936,1.1904375769493039,0.001500464829169102
PML40,200ns_100ns,151400000.0,3.362719944198488,1.1671936830187915,0.0015210065234978467
PML40,200ns_100ns,151700000.0,3.378587381191388,1.1437660509545702,0.001537310999594011
PML40,200ns_100ns,152000000.0,3.3942779775753817,1.1201621576051637,0.0015490017310895252
PML40,200ns_100ns,152300000.0,3.4097937567830674,1.0963882882679676,0.0015562262915376128
PML40,200ns_100ns,152600000.0,3.425138216315705,1.0724488987829737,0.001559619729095071
PML40,200ns_100ns,152900000.0,3.4403155432626034,1.0483462459070854,0.0015602212047184422
PML40,200ns_100ns,153200000.0,3.4553297589981957,1.024080331499153,0.0015593473304216432
PML40,200ns_100ns,153500000.0,3.470183912850854,0.9996491617861809,0.0015584294912805703
PML40,200ns_100ns,153800000.0,3.4848794357822994,0.9750492791584027,0.001558829358879339
PML40,200ns_100ns,154100000.0,3.4994157410273408,0.9502764866644025,0.0015616552611192344
PML40,200ns_100ns,154400000.0,3.513790122759237,0.9253266597441111,0.0015676084741892123
PML40,200ns_100ns,154700000.0,3.52799796133525,0.9001965291844107,0.001576888372858755
PML40,200ns_100ns,155000000.0,3.5420332005381416,0.8748843250817023,0.0015891760943223994
PML40,200ns_100ns,155300000.0,3.55588902451378,0.8493901927416324,0.001603699780967641
PML40,200ns_100ns,155600000.0,3.5695586349912616,0.8237163247856782,0.0016193666710016647
PML40,200ns_100ns,155900000.0,3.5830360165371564,0.7978667944690307,0.0016349351094854447
PML40,200ns_100ns,156200000.0,3.5963165806514095,0.771847117555095,0.0016491963247359349
PML40,200ns_100ns,156500000.0,3.609397597850739,0.7456636081034496,0.001661140199530246
PML40,200ns_100ns,156800000.0,3.6222783577676245,0.7193226219436436,0.0016700871773903635
PML40,200ns_100ns,157100000.0,3.6349600362485526,0.6928297965611516,0.001675776008777798
PML40,200ns_100ns,157400000.0,3.647445289943689,0.6661893956703916,0.0016784022985299406
PML40,200ns_100ns,157700000.0,3.659737637094723,0.6394038511259249,0.0016786057731767315
PML40,200ns_100ns,158000000.0,3.6718407128519215,0.6124735663662443,0.0016774061167915601
PML40,200ns_100ns,158300000.0,3.6837575044324993,0.585397008413803,0.0016760898644539418
PML40,200ns_100ns,158600000.0,3.6954896735267546,0.5581710748438805,0.0016760557030831267
PML40,200ns_100ns,158900000.0,3.707037060433104,0.5307916837926413,0.0016786330882536714
PML40,200ns_100ns,159200000.0,3.7183974384078575,0.5032545043272861,0.0016848979301235581
PML40,200ns_100ns,159500000.0,3.7295665514123524,0.47555572555812736,0.0016955156535126703
PML40,200ns_100ns,159800000.0,3.7405384288442716,0.4476927582518694,0.0017106417023272627
PML40,200ns_100ns,160100000.0,3.7513059325090232,0.41966477290663773,0.0017298999799633646
PML40,200ns_100ns,160400000.0,3.7618614593484945,0.39147300169527355,0.001752442787624893
PML40,200ns_100ns,160700000.0,3.7721977026380404,0.3631207649709548,0.0017770777843823672
PML40,200ns_100ns,161000000.0,3.782308367276375,0.3346132214278081,0.001802435186830756
PML40,200ns_100ns,161300000.0,3.792188742252863,0.3059568791161641,0.0018271451825720721
PML40,200ns_100ns,161600000.0,3.8018360541914302,0.2771589370376504,0.001849999972520644
PML40,200ns_100ns,161900000.0,3.8112495569922533,0.24822654952822695,0.001870082936835282
PML40,200ns_100ns,162200000.0,3.820430349580136,0.21916611506690745,0.0018868553318435305
PML40,200ns_100ns,162500000.0,3.8293809514063297,0.18998268636398488,0.0019001967161790755
PML40,200ns_100ns,162800000.0,3.8381046983985043,0.1606795804209477,0.0019103988737618704
PML40,200ns_100ns,163100000.0,3.846605045974763,0.13125823839602221,0.0019181153240960128
PML40,200ns_100ns,163400000.0,3.8548848772933355,0.10171834970439471,0.0019242708300484903
PML40,200ns_100ns,163700000.0,3.8629459126741534,0.0720582178374458,0.0019299385856411985
PML40,200ns_100ns,164000000.0,3.8707883005332913,0.04227531206684483,0.0019361972240856324
PML40,200ns_100ns,164300000.0,3.878410443608427,0.012366924107858862,0.0019439846716562403
PML40,200ns_100ns,164600000.0,3.8858090805059358,-0.01766916464754661,0.0019539694153785903
PML40,200ns_100ns,164900000.0,3.8929796065078053,-0.04783409981273267,0.0019664597806827184
PML40,200ns_100ns,165200000.0,3.899916584179399,-0.07812753596650421,0.0019813668997211197
PML40,200ns_100ns,165500000.0,3.906614368264544,-0.10854744089344269,0.0019982276616243126
PML40,200ns_100ns,165800000.0,3.9130677541999628,-0.139090147053549,0.002016282644857838
PML40,200ns_100ns,166100000.0,3.919272557311181,-0.16975064004533752,0.002034594350260256
PML40,200ns_100ns,166400000.0,3.92522604055835,-0.20052304046908576,0.0020521856364542445
PML40,200ns_100ns,166700000.0,3.9309271309100002,-0.23140120871746725,0.0020681777249349836
PML40,200ns_100ns,167000000.0,3.936376394825133,-0.26237938550314077,0.002081910241795243
PML40,200ns_100ns,167300000.0,3.9415757775612756,-0.2934527766188842,0.0020930304851414514
PML40,200ns_100ns,167600000.0,3.9465281442889433,-0.3246179989866429,0.0021015438034896403
PML40,200ns_100ns,167900000.0,3.9512366886232755,-0.35587332516277775,0.002107820908866181
PML40,200ns_100ns,168200000.0,3.9557042923802546,-0.3872186922031771,0.002112561276076001
PML40,200ns_100ns,168500000.0,3.9599329266833463,-0.4186554740548943,0.002116715145759599
PML40,200ns_100ns,168800000.0,3.9639231781966084,-0.4501860497363831,0.0021213707170028087
PML40,200ns_100ns,169100000.0,3.9676739662836784,-0.4818132278840893,0.0021276180823570326
PML40,200ns_100ns,169400000.0,3.9711824898667527,-0.5135396078658903,0.0021364066436050065
PML40,200ns_100ns,169700000.0,3.9744444105807197,-0.5453669659448841,0.002148416534399075
PML40,200ns_100ns,170000000.0,3.9774542459904447,-0.577295750871747,0.0021639649054897474
PML40,400ns_0ns,20000000.0,-0.17280408143350184,-0.18923424775507044,1.1241717758932313
PML40,400ns_0ns,20300000.0,-1.2772715027242671,0.2508449499923356,1.1278721821114792
PML40,400ns_0ns,20600000.0,-1.7581880470587368,1.3022534753493458,1.1331720991669005
PML40,400ns_0ns,20900000.0,-1.3793313037591795,2.372739853814842,1.1385367185724429
PML40,400ns_0ns,21200000.0,-0.3701060751674678,2.8772653832513253,1.1423609124498757
PML40,400ns_0ns,21500000.0,0.7100667894107546,2.549826567654886,1.1438301043901646
PML40,400ns_0ns,21800000.0,1.2794684373656342,1.5764030295734568,1.1433515559626264
PML40,400ns_0ns,22100000.0,1.0451298081089881,0.48318839461659474,1.1423403716632956
PML40,400ns_0ns,22400000.0,0.15132848129805743,-0.15357766049594107,1.1424618760908518
PML40,400ns_0ns,22700000.0,-0.9092164415915907,-0.016622892071627864,1.1447176803538675
PML40,400ns_0ns,23000000.0,-1.567726146971201,0.7897981252407766,1.1488814978364117
PML40,400ns_0ns,23300000.0,-1.485164085462085,1.8066352391137632,1.153617571063183
PML40,400ns_0ns,23600000.0,-0.727420176507418,2.4744676903417946,1.1572128624210378
PML40,400ns_0ns,23900000.0,0.28024801350165474,2.4349962704995405,1.1585012776518597
PML40,400ns_0ns,24200000.0,0.9895748997163003,1.7174615433919946,1.1574813632484036
PML40,400ns_0ns,24500000.0,1.0254463390207782,0.7133457045657169,1.1553156568372096
PML40,400ns_0ns,24800000.0,0.3822062959497483,-0.04187232207848105,1.1537101709168243
PML40,400ns_0ns,25100000.0,-0.5823017792196413,-0.1585930562415526,1.153985058882157
PML40,400ns_0ns,25400000.0,-1.3468723159229756,0.402010200697985,1.1563384810989163
PML40,400ns_0ns,25700000.0,-1.5096497389317414,1.3155401977484984,1.1597301684550076
PML40,400ns_0ns,26000000.0,-1.000349687644754,2.0764670361553668,1.1624550118679893
PML40,400ns_0ns,26300000.0,-0.11018292221588155,2.2728632339696597,1.1630702808130937
PML40,400ns_0ns,26600000.0,0.6723032614634495,1.8047365785143574,1.1611634560652835
PML40,400ns_0ns,26900000.0,0.9272357929379849,0.9304838481585718,1.1575661914175908
PML40,400ns_0ns,27200000.0,0.5266861862649128,0.12050215297987424,1.1539096403771112
PML40,400ns_0ns,27500000.0,-0.30329336182382804,-0.19941408594463275,1.1517417982389047
PML40,400ns_0ns,27800000.0,-1.1114987504557725,0.124851324159295,1.1516726387419898
PML40,400ns_0ns,28100000.0,-1.4681480235389857,0.8990684709655774,1.15303219539287
PML40,400ns_0ns,28400000.0,-1.1946715447371195,1.692185456061157,1.1542442060514404
PML40,400ns_0ns,28700000.0,-0.45405947008881486,2.0723130219459422,1.1536922891226757
PML40,400ns_0ns,29000000.0,0.3436559218310157,1.838180763413999,1.150587250608835
PML40,400ns_0ns,29300000.0,0.7662943010229826,1.1222121222329628,1.145379660009166
PML40,400ns_0ns,29600000.0,0.5916430145923449,0.3126741992585433,1.1395155442230318
PML40,400ns_0ns,29900000.0,-0.07769072923123925,-0.15968248329870072,1.1346578613429725
PML40,400ns_0ns,30200000.0,-0.8758401666187325,-0.053434935837419165,1.1317767496624238
PML40,400ns_0ns,30500000.0,-1.3751186370916626,0.557829896924096,1.1306134769676504
PML40,400ns_0ns,30800000.0,-1.3166039801858764,1.3311997114484748,1.1298315201950189
PML40,400ns_0ns,31100000.0,-0.7457092757767567,1.8436244531620816,1.1277614560014109
PML40,400ns_0ns,31400000.0,0.018074541609636112,1.8203952303271203,1.123306754210739
PML40,400ns_0ns,31700000.0,0.5578367131195808,1.2796683947614793,1.1165219000980753
PML40,400ns_0ns,32000000.0,0.5847843059156125,0.5171546290988084,1.1085756407117333
PML40,400ns_0ns,32300000.0,0.09079324786108009,-0.05778455765550282,1.1011229550045918
PML40,400ns_0ns,32600000.0,-0.6524668455201217,-0.14394082954285947,1.095407137117117
PML40,400ns_0ns,32900000.0,-1.2445079525572753,0.2920790638031604,1.0915793694839109
PML40,400ns_0ns,33200000.0,-1.373345285013113,1.0028313289051638,1.0886273750005697
PML40,400ns_0ns,33500000.0,-0.9813660535893959,1.5979584189279648,1.084950905686771
PML40,400ns_0ns,33800000.0,-0.2916842742036027,1.756323566234665,1.0792416526261048
PML40,400ns_0ns,34100000.0,0.3166552929965986,1.3971961769172658,1.0711798890908457
PML40,400ns_0ns,34400000.0,0.5149639850316946,0.7193517612170307,1.0615943031867343
PML40,400ns_0ns,34700000.0,0.20053652118301918,0.0894312702038773,1.0520146150548875
PML40,400ns_0ns,35000000.0,-0.45211290367977436,-0.1578817650700943,1.0438464306622899
PML40,400ns_0ns,35300000.0,-1.0897533233030279,0.10092721234377265,1.0376072260242657
PML40,400ns_0ns,35600000.0,-1.3732239968615843,0.7154595398407563,1.0326552111599485
PML40,400ns_0ns,35900000.0,-1.1593913524495063,1.3468296378818216,1.0275662194531459
PML40,400ns_0ns,36200000.0,-0.574756544481014,1.6528887336161675,1.0209283971202956
PML40,400ns_0ns,36500000.0,0.05699856187288112,1.4721086535599182,1.0121021875001905
PML40,400ns_0ns,36800000.0,0.39218888066149354,0.9073932585290534,1.0015496885619921
PML40,400ns_0ns,37100000.0,0.2521400662073945,0.26645166774793305,0.9905794766075198
PML40,400ns_0ns,37400000.0,-0.2834679982154951,-0.10689437365030377,0.9806420665800051
PML40,400ns_0ns,37700000.0,-0.9235850696657634,-0.018081250973672747,0.97254484908944
PML40,400ns_0ns,38000000.0,-1.3256038684599694,0.47600300947300395,0.9660215159091118
PML40,400ns_0ns,38300000.0,-1.2803389713153333,1.10158164215679,0.9599030848314696
PML40,400ns_0ns,38600000.0,-0.8223802910857533,1.5185726450980865,0.9527805842017169
PML40,400ns_0ns,38900000.0,-0.20769334065170197,1.5044532173555358,0.9437721673102943
PML40,400ns_0ns,39200000.0,0.2274275520270419,1.0720773148992802,0.9329833500781616
PML40,400ns_0ns,39500000.0,0.2484139614718896,0.4591472128684811,0.9214379371826008
PML40,400ns_0ns,39800000.0,-0.1529945955260547,-0.003032855102459648,0.9105247618258708
PML40,400ns_0ns,40100000.0,-0.757731909458813,-0.06913493376038983,0.9012474225347437
PML40,400ns_0ns,40400000.0,-1.2406300090439508,0.28954731791357124,0.8936846037862756
PML40,400ns_0ns,40700000.0,-1.3468837689178543,0.8728871901194739,0.8869683832666031
PML40,400ns_0ns,41000000.0,-1.0280588424904584,1.3629495537725236,0.8797852416966258
PML40,400ns_0ns,41300000.0,-0.4651127892278267,1.4967353361942433,0.8710996475904226
PML40,400ns_0ns,41600000.0,0.03229186225978912,1.2068538962549553,0.8607006740271828
PML40,400ns_0ns,41900000.0,0.19423703538317447,0.654944291460109,0.8492988727181714
PML40,400ns_0ns,42200000.0,-0.06480768460735663,0.141422709096775,0.8381375180793228
PML40,400ns_0ns,42500000.0,-0.6025977949976833,-0.058129395200105516,0.8283207701029909
PML40,400ns_0ns,42800000.0,-1.1288752991891051,0.15910776954476294,0.8202170778721889
PML40,400ns_0ns,43100000.0,-1.3636336743539623,0.6702958653354361,0.8132733330459845
PML40,400ns_0ns,43400000.0,-1.187649819194664,1.196190922142793,0.8063425242483273
PML40,400ns_0ns,43700000.0,-0.7044123181587211,1.4535859143256045,0.798323292034468
PML40,400ns_0ns,44000000.0,-0.18135764499232052,1.307779275218523,0.7887480450358277
PML40,400ns_0ns,44300000.0,0.09630892266771482,0.8430389439178073,0.7780164615265149
PML40,400ns_0ns,44600000.0,-0.02063801265209221,0.3142701073146032,0.7671696035416224
PML40,400ns_0ns,44900000.0,-0.4669567413487704,0.007505850163508373,0.7573258831456278
PML40,400ns_0ns,45200000.0,-1.0009321240825155,0.0855209277321294,0.7490751484086664
PML40,400ns_0ns,45500000.0,-1.3368441822598967,0.5018485226179971,0.7421662209867389
PML40,400ns_0ns,45800000.0,-1.2993646723379897,1.0285628877127557,0.7356653479147285
PML40,400ns_0ns,46100000.0,-0.916496650160396,1.3813716440226842,0.7284835272307391
PML40,400ns_0ns,46400000.0,-0.4018420100305385,1.3734125266917532,0.7199650601978322
PML40,400ns_0ns,46700000.0,-0.037185357099428745,1.014599074249948,0.7102239389669245
PML40,400ns_0ns,47000000.0,-0.01988873326392168,0.5037455437414523,0.7000682720909314
PML40,400ns_0ns,47300000.0,-0.3576984845519999,0.11909111440460743,0.6905599362614322
PML40,400ns_0ns,47600000.0,-0.8669863196895582,0.0674577700828176,0.6824385061725078
PML40,400ns_0ns,47900000.0,-1.2740562961649609,0.3737748926363367,0.6757226529934363
PML40,400ns_0ns,48200000.0,-1.3636734052742436,0.869938723362952,0.6697155447531092
PML40,400ns_0ns,48500000.0,-1.0942515775177282,1.2877576123622845,0.6634040623065857
PML40,400ns_0ns,48800000.0,-0.6180958320498772,1.4046392714427647,0.6560131134100852
PML40,400ns_0ns,49100000.0,-0.1969763691566861,1.1629191583842167,0.6474105005795998
PML40,400ns_0ns,49400000.0,-0.05978669612714513,0.698898269168513,0.6381621479063938
PML40,400ns_0ns,49700000.0,-0.27964770066188,0.2670591870490976,0.6292201452479103
PML40,400ns_0ns,50000000.0,-0.7364045485482656,0.10154879770977422,0.6214058267041845
PML40,400ns_0ns,50300000.0,-1.1836806309285326,0.2902863825743495,0.6149638735888359
PML40,400ns_0ns,50600000.0,-1.3831168792582806,0.7293482488987286,0.60943858359455
PML40,400ns_0ns,50900000.0,-1.232691218780955,1.1812376812100538,0.6039400445390481
PML40,400ns_0ns,51200000.0,-0.8200721467485742,1.4044196379800868,0.5976370660731445
PML40,400ns_0ns,51500000.0,-0.3731533200424411,1.2835042609952765,0.590197993623056
PML40,400ns_0ns,51800000.0,-0.13562258890765114,0.8899453121328633,0.5819535535603753
PML40,400ns_0ns,52100000.0,-0.235471217274798,0.44136709087700055,0.5737096316297431
PML40,400ns_0ns,52400000.0,-0.6173614780135993,0.18260806968042817,0.5663092581496051
PML40,400ns_0ns,52700000.0,-1.074551587380288,0.2534712164322192,0.5601737735872037
PML40,400ns_0ns,53000000.0,-1.3620354463373763,0.6145842853352482,0.5550778740486288
PML40,400ns_0ns,53300000.0,-1.329012909408826,1.070651898191461,0.5502867174971788
PML40,400ns_0ns,53600000.0,-0.9990961464517192,1.3774660023376717,0.5449679803669193
PML40,400ns_0ns,53900000.0,-0.555624946897215,1.3740700840950724,0.5386394249210701
PML40,400ns_0ns,54200000.0,-0.24106843221618532,1.0685793402431427,0.5314148678101571
PML40,400ns_0ns,54500000.0,-0.22568035732491412,0.6319287449092411,0.5239322823226853
PML40,400ns_0ns,54800000.0,-0.516528363392032,0.30393973598475776,0.5170061637287273
PML40,400ns_0ns,55100000.0,-0.9554758387759157,0.26329384646937587,0.5111842628611577
PML40,400ns_0ns,55400000.0,-1.3062277514470193,0.5318832086902469,0.5064503494480367
PML40,400ns_0ns,55700000.0,-1.3825559033982686,0.9647119477258674,0.5022429501775518
PML40,400ns_0ns,56000000.0,-1.1481485480496256,1.3298624380660369,0.4977742031413826
PML40,400ns_0ns,56300000.0,-0.7345741633829975,1.43445400314779,0.49245902452926166
PML40,400ns_0ns,56600000.0,-0.36855643530204735,1.228209011600806,0.4862199125605116
PML40,400ns_0ns,56900000.0,-0.2487289761069222,0.8290420981417724,0.4795173084480252
PML40,400ns_0ns,57200000.0,-0.4388396410144875,0.4577077010159455,0.473097133983388
PML40,400ns_0ns,57500000.0,-0.8347986640669431,0.31769533261273264,0.4675854429096031
PML40,400ns_0ns,57800000.0,-1.2225574284989924,0.48569270475106785,0.4631468112696373
PML40,400ns_0ns,58100000.0,-1.3946663078738295,0.8715557312176008,0.4594001199513056
PML40,400ns_0ns,58400000.0,-1.2620645506805954,1.2686423776617344,0.45563827186544625
PML40,400ns_0ns,58700000.0,-0.9008836223209541,1.4664390613254872,0.45121805823169236
PML40,400ns_0ns,59000000.0,-0.5096999521174571,1.3641172681847251,0.44590058995124027
PML40,400ns_0ns,59300000.0,-0.30120184820386176,1.0237866392674484,0.43996870793183995
PML40,400ns_0ns,59600000.0,-0.38734886801286145,0.6353468873746986,0.4340693596110414
PML40,400ns_0ns,59900000.0,-0.7200098967947652,0.4127864129865333,0.42886270513127644
PML40,400ns_0ns,60200000.0,-1.1185280577250492,0.4785352137088248,0.42466171636914557
PML40,400ns_0ns,60500000.0,-1.3684762123764571,0.7983508143681208,0.42126343424067714
PML40,400ns_0ns,60800000.0,-1.3376396971783002,1.201343952907772,0.4180691576586479
PML40,400ns_0ns,61100000.0,-1.0465116341880496,1.4734988451411937,0.41441833228384745
PML40,400ns_0ns,61400000.0,-0.655735266023556,1.4735290075466245,0.40994292344597466
PML40,400ns_0ns,61700000.0,-0.37808291406218913,1.2083702581966447,0.4047555057632105
PML40,400ns_0ns,62000000.0,-0.3631799072380393,0.8279933912214321,0.39938232611058655
PML40,400ns_0ns,62300000.0,-0.617408492651535,0.5431205394829983,0.39447824266092274
PML40,400ns_0ns,62600000.0,-1.0018481303316942,0.510970563063985,0.39047007728837235
PML40,400ns_0ns,62900000.0,-1.3086096985366982,0.7509639232917575,0.38732344460119966
PML40,400ns_0ns,63200000.0,-1.3736394149623916,1.1355639629038192,0.3845677658594575
PML40,400ns_0ns,63500000.0,-1.1648011025112037,1.4604760622437323,0.3815616153449408
PML40,400ns_0ns,63800000.0,-0.7979621868647194,1.5555854014461785,0.3778410737834425
PML40,400ns_0ns,64100000.0,-0.4730886317238673,1.3764082295882272,0.3733615388804554
PML40,400ns_0ns,64400000.0,-0.3655738254066178,1.0269107326087985,0.36851448606620657
PML40,400ns_0ns,64700000.0,-0.5318410848639953,0.7020304555604493,0.36391519195942823
PML40,400ns_0ns,65000000.0,-0.8800078866803303,0.5816562027446577,0.36006903247823197
PML40,400ns_0ns,65300000.0,-1.220832190405115,0.7337101436994755,0.35709459825907647
PML40,400ns_0ns,65600000.0,-1.3707143580419798,1.0785315121384524,0.35466192586181905
PML40,400ns_0ns,65900000.0,-1.2507081369933282,1.4332114284505495,0.3521807691126663
PML40,400ns_0ns,66200000.0,-0.9281619360867049,1.6112276679282704,0.34912481974112064
PML40,400ns_0ns,66500000.0,-0.5790484241331773,1.5231214951727108,0.34530998553870823
PML40,400ns_0ns,66800000.0,-0.39202676741173964,1.2238904273574942,0.3409856886936402
PML40,400ns_0ns,67100000.0,-0.46652558294980023,0.8820091292003772,0.33669856916323176
PML40,400ns_0ns,67400000.0,-0.7598888082841847,0.6874985539750692,0.3329974842771928
PML40,400ns_0ns,67700000.0,-1.1116623141131892,0.749191229176149,0.3301334174950009
PML40,400ns_0ns,68000000.0,-1.3312286771897692,1.0367211788054054,0.3279227359993401
PML40,400ns_0ns,68300000.0,-1.3009415733831735,1.3981420805220954,0.3258538888672533
PML40,400ns_0ns,68600000.0,-1.0389724480400175,1.6429981614468938,0.32337139832693196
PML40,400ns_0ns,68900000.0,-0.6883120699715527,1.6454462599061601,0.32017320386578313
PML40,400ns_0ns,69200000.0,-0.43850931940146787,1.4116071886725479,0.3163655612708991
PML40,400ns_0ns,69500000.0,-0.42296610838133053,1.0751141503351365,0.3124027036771516
PML40,400ns_0ns,69800000.0,-0.6474243575287075,0.8238845237458925,0.3088428904908533
PML40,400ns_0ns,70100000.0,-0.9879669986630264,0.7982277252137392,0.30604472347080275
PML40,400ns_0ns,70400000.0,-1.2590127889809608,1.0155232635652733,0.3039700620885974
PML40,400ns_0ns,70700000.0,-1.3140095245810184,1.3618901242980246,0.30220876484062126
PML40,400ns_0ns,71000000.0,-1.124203901740088,1.6547710341197364,0.3002086758001849
PML40,400ns_0ns,71300000.0,-0.7931629154382002,1.7420519667451093,0.29757461151015496
PML40,400ns_0ns,71600000.0,-0.49975379249815594,1.5839120933019672,0.29427434394068924
PML40,400ns_0ns,71900000.0,-0.4009606032287383,1.2733741307668838,0.290651363674221
PML40,400ns_0ns,72200000.0,-0.5473274239684641,0.984978452568222,0.28724098689010796
PML40,400ns_0ns,72500000.0,-0.8565609333104452,0.8798847451039788,0.28448119043583836
PML40,400ns_0ns,72800000.0,-1.1590558933652515,1.0189854168865418,0.2824719976283114
PML40,400ns_0ns,73100000.0,-1.2901740485717081,1.330862105377238,0.28092209096496257
PML40,400ns_0ns,73400000.0,-1.1790808393492385,1.6514282658079213,0.27931382478394423
PML40,400ns_0ns,73700000.0,-0.8862159887394836,1.8132697323143967,0.27718663676186756
PML40,400ns_0ns,74000000.0,-0.569592629028751,1.7360508487650606,0.2743801032250059
PML40,400ns_0ns,74300000.0,-0.3986975536949915,1.4691762119113168,0.27111435376120796
PML40,400ns_0ns,74600000.0,-0.4628960451637217,1.1640668418129678,0.26787197971810184
PML40,400ns_0ns,74900000.0,-0.7238307207284521,0.9915864650758001,0.2651394339099255
PML40,400ns_0ns,75200000.0,-1.0371562376342824,1.0496359644192061,0.2631411273152983
PML40,400ns_0ns,75500000.0,-1.2313197836586953,1.310879196955256,0.26171596218882687
PML40,400ns_0ns,75800000.0,-1.2004014107187708,1.638499416985724,0.2604098592058161
PML40,400ns_0ns,76100000.0,-0.9607814277850528,1.860938060474385,0.25872701034920215
PML40,400ns_0ns,76400000.0,-0.6413288953281091,1.8647986601221447,0.2563945729789038
PML40,400ns_0ns,76700000.0,-0.4129336957317764,1.6556154341296199,0.2535028073381872
PML40,400ns_0ns,77000000.0,-0.39590455433695804,1.353931283655744,0.2504553306476354
PML40,400ns_0ns,77300000.0,-0.595402209195903,1.1293099967564575,0.2477545489108388
PML40,400ns_0ns,77600000.0,-0.89954882886391,1.1083947870518933,0.24572923697982102
PML40,400ns_0ns,77900000.0,-1.1407467268709528,1.3068558351314734,0.24435305257977794
PML40,400ns_0ns,78200000.0,-1.186608868834384,1.6217849306099095,0.2432612577024224
PML40,400ns_0ns,78500000.0,-1.0111759829447085,1.8881768694116023,0.24195457062957065
PML40,400ns_0ns,78800000.0,-0.708118671803981,1.9685078776376352,0.2400688157575516
PML40,400ns_0ns,79100000.0,-0.4392405518536983,1.8267893407658395,0.23756441441945864
PML40,400ns_0ns,79400000.0,-0.34658262053470795,1.5472291746717155,0.2347443819755004
PML40,400ns_0ns,79700000.0,-0.47586668457355813,1.287845480543595,0.2320942508787842
PML40,400ns_0ns,80000000.0,-0.7525308980631427,1.1945729286850633,0.23002142667533798
PML40,400ns_0ns,80300000.0,-1.0229009994233895,1.3225415478778986,0.22863121264464484
PML40,400ns_0ns,80600000.0,-1.1377751720168374,1.6069831598541866,0.22766925743783625
PML40,400ns_0ns,80900000.0,-1.0329685750982163,1.899104368704977,0.22666510284699184
PML40,400ns_0ns,81200000.0,-0.7633451122142172,2.047069359556329,0.22518925033001216
PML40,400ns_0ns,81500000.0,-0.47230438534075775,1.9780246212965718,0.22307921047762985
PML40,400ns_0ns,81800000.0,-0.31367994653692877,1.7368620569339748,0.2205215261611517
PML40,400ns_0ns,82100000.0,-0.36857802777867665,1.461106220013908,0.2179533231432301
PML40,400ns_0ns,82400000.0,-0.6021049119411005,1.3059574649226064,0.21583020981259354
PML40,400ns_0ns,82700000.0,-0.8830602706051571,1.3603370111593285,0.2143778793452437
PML40,400ns_0ns,83000000.0,-1.0555011628238824,1.5993405435046975,0.21346705015492604
PML40,400ns_0ns,83300000.0,-1.0231497744458329,1.8985139398724422,0.21268736493101653
PML40,400ns_0ns,83600000.0,-0.8009649893565534,2.10179305140967,0.21157420597445076
PML40,400ns_0ns,83900000.0,-0.5062618037571474,2.106026636279983,0.20985616733240126
PML40,400ns_0ns,84200000.0,-0.29460992769634176,1.9163127557863378,0.20759427760373078
PML40,400ns_0ns,84500000.0,-0.27552880793429396,1.6424705881350992,0.2051488059836915
PML40,400ns_0ns,84800000.0,-0.4536573681822939,1.438973819601585,0.2029899899206575
PML40,400ns_0ns,85100000.0,-0.7269923676060344,1.421191143944877,0.20144453523274272
PML40,400ns_0ns,85400000.0,-0.9427420452661841,1.6033425592710804,0.20051494680930476
PML40,400ns_0ns,85700000.0,-0.9802193920489106,1.891529788234,0.19987926016350366
PML40,400ns_0ns,86000000.0,-0.8158105916910245,2.1352174224852294,0.19907094212179716
PML40,400ns_0ns,86300000.0,-0.5350519054975702,2.2089470784939205,0.19773058325191328
PML40,400ns_0ns,86600000.0,-0.28566159043175976,2.0799347736592826,0.19579236896813207
PML40,400ns_0ns,86900000.0,-0.19730882762609137,1.8251363722092049,0.19351618384534292
PML40,400ns_0ns,87200000.0,-0.3116891127245105,1.588913894142626,0.19135221032871383
PML40,400ns_0ns,87500000.0,-0.5606064114843691,1.504581568269993,0.18970140746084452
PML40,400ns_0ns,87800000.0,-0.8035705534464334,1.6224603847592738,0.18869553027462244
PML40,400ns_0ns,88100000.0,-0.9041909012515432,1.8832606880783793,0.1881240410897948
PML40,400ns_0ns,88400000.0,-0.8038327512081658,2.150860902942859,0.1875529591151337
PML40,400ns_0ns,88700000.0,-0.5527655899537411,2.286369566802569,0.18656211927658103
PML40,400ns_0ns,89000000.0,-0.28226582767442754,2.2231805119315236,0.18496582362427974
PML40,400ns_0ns,89300000.0,-0.13314511473882687,2.00246822440103,0.182906684006033
PML40,400ns_0ns,89600000.0,-0.1796096410873893,1.7502152776297206,0.1807814062987076
PML40,400ns_0ns,89900000.0,-0.38961556905283096,1.6085762670902954,0.17903260244527502
PML40,400ns_0ns,90200000.0,-0.6428931086632554,1.65896476101823,0.1779088373668839
PML40,400ns_0ns,90500000.0,-0.7965158760489649,1.8784706379905745,0.17732642762822018
PML40,400ns_0ns,90800000.0,-0.7622743833125064,2.152931160779949,0.17691738889642308
PML40,400ns_0ns,91100000.0,-0.5539734281072521,2.3392173946351726,0.17623325037029364
PML40,400ns_0ns,91400000.0,-0.27929948835738055,2.3427586402051905,0.17498383719873548
PML40,400ns_0ns,91700000.0,-0.08101800837863771,2.168319922941769,0.17318567529137907
PML40,400ns_0ns,92000000.0,-0.059603983631130425,1.9167745837344716,0.17115232203080377
PML40,400ns_0ns,92300000.0,-0.21922923297948801,1.7299700150545008,0.1693318885067631
PML40,400ns_0ns,92600000.0,-0.4661362559781213,1.7138145876298314,0.16806766683859578
PML40,400ns_0ns,92900000.0,-0.6599358034833991,1.8812837298592298,0.16740856353975625
PML40,400ns_0ns,93200000.0,-0.6897679898074984,2.1460098163984584,0.16708226288833825
PML40,400ns_0ns,93500000.0,-0.5340152468182241,2.369591721687453,0.1666478701295221
PML40,400ns_0ns,93800000.0,-0.27140937245731556,2.4367150906799178,0.16573422474268143
PML40,400ns_0ns,94100000.0,-0.03784404826100873,2.31731513949433,0.1642320459370304
PML40,400ns_0ns,94400000.0,0.04742344590516375,2.0822767099495754,0.1623481739525608
PML40,400ns_0ns,94700000.0,-0.053890236302049074,1.864485358771913,0.16049934510074057
PML40,400ns_0ns,95000000.0,-0.27892167320855743,1.7866235084290423,0.15909318222528998
PML40,400ns_0ns,95300000.0,-0.49827228198498996,1.8949381197044604,0.15830580848845902
PML40,400ns_0ns,95600000.0,-0.5863548876216937,2.1347309408011994,0.15798349558682487
PML40,400ns_0ns,95900000.0,-0.4892372018588564,2.380551993170184,0.1577297921915982
PML40,400ns_0ns,96200000.0,-0.25333769583044613,2.50443648907208,0.15712314725279775
PML40,400ns_0ns,96500000.0,0.0002869425040786055,2.4450732210580677,0.15593834420835936
PML40,400ns_0ns,96800000.0,0.14182799415513628,2.24052158285785,0.15426003795435503
PML40,400ns_0ns,97100000.0,0.10293027963980259,2.007024784253978,0.15243906816851938
PML40,400ns_0ns,97400000.0,-0.0867480282717328,1.8757034192656825,0.1509110438347875
PML40,400ns_0ns,97700000.0,-0.31616957233004694,1.9216008313901203,0.14996245823840562
PML40,400ns_0ns,98000000.0,-0.45342823782967145,2.1234714119196294,0.1495714936496133
PML40,400ns_0ns,98300000.0,-0.417165436489447,2.375853124904576,0.14942092833243648
PML40,400ns_0ns,98600000.0,-0.22023111978802365,2.546579107179625,0.1490748258327327
PML40,400ns_0ns,98900000.0,0.0378357285489877,2.548369961086933,0.14821139793802415
PML40,400ns_0ns,99200000.0,0.2251310724970247,2.385730732216652,0.14678722354762838
PML40,400ns_0ns,99500000.0,0.24887131433223217,2.151958389127273,0.14505804430595287
PML40,400ns_0ns,99800000.0,0.10530305363720482,1.9781796850959148,0.14344833393904957
PML40,400ns_0ns,100100000.0,-0.11880557295976261,1.962251418901306,0.1423275818182352
PML40,400ns_0ns,100400000.0,-0.29360601993758834,2.1160699534072784,0.1418073893104497
PML40,400ns_0ns,100700000.0,-0.3166092388511081,2.359655871950775,0.14167898192828923
PML40,400ns_0ns,101000000.0,-0.16791692900118269,2.5649304011504332,0.14153097833406045
PML40,400ns_0ns,101300000.0,0.07951527496220154,2.625227244639157,0.14097310099421248
PML40,400ns_0ns,101600000.0,0.299861656772882,2.512817754212102,0.13983839842828724
PML40,400ns_0ns,101900000.0,0.3827487270927154,2.2934299777962357,0.1382661952551425
PML40,400ns_0ns,102200000.0,0.29282158401396136,2.090169110667673,0.13663152102040296
PML40,400ns_0ns,102500000.0,0.08841154758055313,2.0166384710466945,0.135351246996622
PML40,400ns_0ns,102800000.0,-0.11054370882145073,2.1155895395103643,0.13465899722549185
PML40,400ns_0ns,103100000.0,-0.1876907025066251,2.336227717081212,0.1344745666376343
PML40,400ns_0ns,103400000.0,-0.09313228495299475,2.5622136679507372,0.134449756937772
PML40,400ns_0ns,103700000.0,0.12998756108243867,2.674929576167435,0.13416105836424871
PML40,400ns_0ns,104000000.0,0.36934432827417496,2.6176092589532765,0.13333315564618123
PML40,400ns_0ns,104300000.0,0.5045493191362488,2.425664070565382,0.1319774659455394
PML40,400ns_0ns,104600000.0,0.4722717517319234,2.20700856226893,0.13038563601432177
PML40,400ns_0ns,104900000.0,0.3001436448961533,2.0833087960230268,0.12898145825487856
PML40,400ns_0ns,105200000.0,0.09130061507300413,2.1241349610963884,0.12809670493895042
PML40,400ns_0ns,105500000.0,-0.031802033158043454,2.3096515506253636,0.12778774989901512
PML40,400ns_0ns,105800000.0,0.006304465682921076,2.5418491368277323,0.127804024241443
PML40,400ns_0ns,106100000.0,0.1935727424917087,2.697969608478637,0.12772881190983312
PML40,400ns_0ns,106400000.0,0.437447787102166,2.6970060942427305,0.12720368095590187
PML40,400ns_0ns,106700000.0,0.6153554365972684,2.5432568676003737,0.12611170508716296
PML40,400ns_0ns,107000000.0,0.6411331228028223,2.3235197520462716,0.12463470471389859
PML40,400ns_0ns,107300000.0,0.511403183906779,2.1597051100469025,0.12316212561758484
PML40,400ns_0ns,107600000.0,0.30693380792274655,2.1427338962586266,0.12208960992600314
PML40,400ns_0ns,107900000.0,0.14850440272590934,2.28355839922735,0.12160412848956373
PML40,400ns_0ns,108200000.0,0.13138787950145495,2.507686780883023,0.12157888040994758
PML40,400ns_0ns,108500000.0,0.273986560145935,2.6959286637354447,0.1216454225041449
PML40,400ns_0ns,108800000.0,0.508309510371989,2.7490783046744856,0.1213961878237064
PML40,400ns_0ns,109100000.0,0.7172070250986554,2.641435680030047,0.12059699968626608
PML40,400ns_0ns,109400000.0,0.7979749569732288,2.434294182379609,0.11930332332009452
PML40,400ns_0ns,109700000.0,0.7177991610508473,2.2423243903483145,0.11783230419654318
PML40,400ns_0ns,110000000.0,0.5311116540620091,2.171286016077011,0.11660228365037342
PML40,400ns_0ns,110300000.0,0.34968464329989923,2.260898573897481,0.11591065910817706
PML40,400ns_0ns,110600000.0,0.28188848224746293,2.463727192691007,0.1157684389495314
PML40,400ns_0ns,110900000.0,0.37411980711689846,2.671301657369465,0.11589424635645351
PML40,400ns_0ns,111200000.0,0.5860530512132154,2.7730911998881793,0.11587182901486774
PML40,400ns_0ns,111500000.0,0.8129113444913438,2.716273620985783,0.11537208911373616
PML40,400ns_0ns,111800000.0,0.9424620416390249,2.5339816603637755,0.11431911736496021
PML40,400ns_0ns,112100000.0,0.9157358721527256,2.3269259264926103,0.11292680348178352
PML40,400ns_0ns,112400000.0,0.7586227530207585,2.208580698279286,0.11159255503355843
PML40,400ns_0ns,112700000.0,0.5674187028780979,2.2437629713359377,0.11069158524624581
PML40,400ns_0ns,113000000.0,0.45638443517441063,2.4138469799070923,0.11037195162574442
PML40,400ns_0ns,113300000.0,0.495870865330326,2.627278624385321,0.11047081028700335
PML40,400ns_0ns,113600000.0,0.6745143509153413,2.7694638448857094,0.11060684851124993
PML40,400ns_0ns,113900000.0,0.9058131591692399,2.7648492931065527,0.11038849305452873
PML40,400ns_0ns,114200000.0,1.075294352305058,2.6175661436663766,0.10961571344609909
PML40,400ns_0ns,114500000.0,1.102555114145927,2.408775680239528,0.10837808102746233
PML40,400ns_0ns,114800000.0,0.9845563253575568,2.2523800491814425,0.10701063620464309
PML40,400ns_0ns,115100000.0,0.7968593087269306,2.2332630506626336,0.10592489889597388
PML40,400ns_0ns,115400000.0,0.6523576019841466,2.3615443285635584,0.10538951159259263
PML40,400ns_0ns,115700000.0,0.64003899151771,2.567497074099395,0.1053797750368697
PML40,400ns_0ns,116000000.0,0.7769923993801611,2.7396650364505604,0.10559180339614757
PML40,400ns_0ns,116300000.0,0.9995400304599079,2.7853446417918293,0.10561203491271459
PML40,400ns_0ns,116600000.0,1.1980865111430665,2.680613931128717,0.10513580178204682
PML40,400ns_0ns,116900000.0,1.2766159233198093,2.482911965109938,0.10411914751375244
PML40,400ns_0ns,117200000.0,1.2045394159179177,2.2995603653949233,0.10279975212786918
PML40,400ns_0ns,117500000.0,1.0328985731228413,2.229474417549152,0.10157980652602873
PML40,400ns_0ns,117800000.0,0.866346346229228,2.309718723644413,0.1008176999452663
PML40,400ns_0ns,118100000.0,0.8062823719667869,2.4957805699296283,0.1006310800910355
PML40,400ns_0ns,118400000.0,0.8960377182687465,2.686055185532068,0.10082975709080665
PML40,400ns_0ns,118700000.0,1.097738279964965,2.7770778560636757,0.10102351374148208
PML40,400ns_0ns,119000000.0,1.3131962388731717,2.719481264795571,0.10083388476860868
PML40,400ns_0ns,119300000.0,1.437309698686332,2.544416743203229,0.10008707441164011
PML40,400ns_0ns,119600000.0,1.414931205103987,2.3463020853100893,0.098898218239391
PML40,400ns_0ns,119900000.0,1.2704368823244023,2.2314451820124286,0.09761560417919349
PML40,400ns_0ns,120200000.0,1.0941444562385314,2.260496415427509,0.09664565769660748
PML40,400ns_0ns,120500000.0,0.9931411911343708,2.415879194195182,0.09623548939564906
PML40,400ns_0ns,120800000.0,1.033289579161015,2.6116853005801457,0.09633341892184023
PML40,400ns_0ns,121100000.0,1.2038152310765236,2.7404719688537855,0.09661834765082103
PML40,400ns_0ns,121400000.0,1.42351360411724,2.7314711225749915,0.09667836764505561
PML40,400ns_0ns,121700000.0,1.585012312117182,2.588677021096751,0.09622663707630973
PML40,400ns_0ns,122000000.0,1.6129649926842626,2.3883158440494268,0.09524269101461307
PML40,400ns_0ns,122300000.0,1.5046386909858216,2.237266530573996,0.09398220128291718
PML40,400ns_0ns,122600000.0,1.3310333407715225,2.2151102321793767,0.09285212889316818
PML40,400ns_0ns,122900000.0,1.198122276517952,2.3312269267158143,0.09219991025856367
PML40,400ns_0ns,123200000.0,1.1893697608020308,2.520066325770777,0.09212129981011814
PML40,400ns_0ns,123500000.0,1.3207024858027834,2.676963428879989,0.09240507533967678
PML40,400ns_0ns,123800000.0,1.5322247333387826,2.7149321900408174,0.09265272381765635
PML40,400ns_0ns,124100000.0,1.7209783526081404,2.611621883182246,0.0924936400155948
PML40,400ns_0ns,124400000.0,1.7968317162032656,2.4210905834560412,0.09177214465545505
PML40,400ns_0ns,124700000.0,1.7311611666203233,2.244199485897045,0.09062228380441638
PML40,400ns_0ns,125000000.0,1.5720331752135137,2.173838957707151,0.08940397868368277
PML40,400ns_0ns,125300000.0,1.417838500875501,2.2447295076287914,0.08852301134317582
PML40,400ns_0ns,125600000.0,1.3638371908594278,2.4149233406225705,0.0882130877018633
PML40,400ns_0ns,125900000.0,1.450653334404217,2.588858192204316,0.08840267311855839
PML40,400ns_0ns,126200000.0,1.6425646769031041,2.6692965154008195,0.08875554615672984
PML40,400ns_0ns,126500000.0,1.8471858047423053,2.6099225484713875,0.08885754335482361
PML40,400ns_0ns,126800000.0,1.9657024182863747,2.44014885373896,0.08843204745844845
PML40,400ns_0ns,127100000.0,1.9463436493274637,2.248848804140945,0.08747483754182644
PML40,400ns_0ns,127400000.0,1.8121580750044866,2.136007913453168,0.08625651334186929
PML40,400ns_0ns,127700000.0,1.6481932330469573,2.158594167877659,0.08519176206651156
PML40,400ns_0ns,128000000.0,1.555204219038293,2.2999495171145545,0.08462461390195387
PML40,400ns_0ns,128300000.0,1.5950850455180832,2.4791456286609446,0.08463673218960518
PML40,400ns_0ns,128600000.0,1.7575742983012728,2.5950559572896954,0.08499936205847845
PML40,400ns_0ns,128900000.0,1.966142053244781,2.5811453407903313,0.08530310640045147
PML40,400ns_0ns,129200000.0,2.1196906742710198,2.4412944899929476,0.0851782329626347
PML40,400ns_0ns,129500000.0,2.1473485384076194,2.247372532768363,0.08447954461137494
PML40,400ns_0ns,129800000.0,2.046660635597203,2.100048809526752,0.08335564824056328
PML40,400ns_0ns,130100000.0,1.8845978735289202,2.0742098322646205,0.08217949989183142
PML40,400ns_0ns,130400000.0,1.7610117288825782,2.178574253324731,0.08136296487060685
PML40,400ns_0ns,130700000.0,1.7544738864286766,2.351282612273012,0.08113466673059476
PML40,400ns_0ns,131000000.0,1.8798753673575779,2.4936810234227194,0.08140814554017643
PML40,400ns_0ns,131300000.0,2.080663994369171,2.523850464537731,0.08183084789956915
PML40,400ns_0ns,131600000.0,2.259759418829394,2.420838733191057,0.08198004664182885
PML40,400ns_0ns,131900000.0,2.33224731433413,2.2357140471258603,0.08158146657804087
PML40,400ns_0ns,132200000.0,2.271252261511175,2.0636135676608873,0.08064165307059745
PML40,400ns_0ns,132500000.0,2.122208996362775,1.9920832121698155,0.0794459619509397
PML40,400ns_0ns,132800000.0,1.977957011193577,2.053758618798854,0.07842244232857909
PML40,400ns_0ns,133100000.0,1.9283074548565193,2.2089614760048497,0.07792030956197295
PML40,400ns_0ns,133400000.0,2.0114765569564943,2.3674888846167867,0.07801353546454823
PML40,400ns_0ns,133700000.0,2.1936461351269485,2.437632805059173,0.07845618613454311
PML40,400ns_0ns,134000000.0,2.387579682448797,2.3757925280659427,0.07882245888764577
PML40,400ns_0ns,134300000.0,2.5000487709374823,2.2098424886688415,0.07873544375276377
PML40,400ns_0ns,134600000.0,2.4822875364514463,2.0237338635886366,0.07805394038035095
PML40,400ns_0ns,134900000.0,2.3561709215025206,1.911832804684739,0.07693939690325496
PML40,400ns_0ns,135200000.0,2.202065483806933,1.9278292528842025,0.07578209647411786
PML40,400ns_0ns,135500000.0,2.1150954721167805,2.055876004888296,0.07500847575285094
PML40,400ns_0ns,135800000.0,2.153620882696385,2.219470056990443,0.0748498936161911
PML40,400ns_0ns,136100000.0,2.307830841177849,2.323104421051882,0.07520717376066055
PML40,400ns_0ns,136400000.0,2.505351308779625,2.304015047277044,0.07570693788638966
PML40,400ns_0ns,136700000.0,2.650669976589417,2.165987462206033,0.075909748310472
PML40,400ns_0ns,137000000.0,2.67690334310621,1.9770157345406356,0.07553623718652504
PML40,400ns_0ns,137300000.0,2.5818496828395943,1.8322393905852685,0.07460049236170965
PML40,400ns_0ns,137600000.0,2.428895101329351,1.802359274093954,0.07340538769064316
PML40,400ns_0ns,137900000.0,2.3124367910725,1.8954992995423325,0.07240026958148933
PML40,400ns_0ns,138200000.0,2.30668242279431,2.053085322212416,0.07194852618969332
PML40,400ns_0ns,138500000.0,2.425594352507859,2.181821756150071,0.07212079688931188
PML40,400ns_0ns,138800000.0,2.615597630415376,2.204311304450401,0.07265094088527776
PML40,400ns_0ns,139100000.0,2.784853795436351,2.100854589591634,0.07308866712406037
PML40,400ns_0ns,139400000.0,2.8531063566888415,1.9198568682259425,0.07304150527303023
PML40,400ns_0ns,139700000.0,2.7950452942767883,1.7513483702012413,0.07236753981367738
PML40,400ns_0ns,140000000.0,2.6537607546589643,1.6781017504610916,0.07124218202720888
PML40,400ns_0ns,140300000.0,2.517137192616908,1.7308862093583843,0.070079986900472
PML40,400ns_0ns,140600000.0,2.470117069517571,1.8720458049982636,0.06933165198266097
PML40,400ns_0ns,140900000.0,2.5487608658217815,2.0161636859155445,0.06923791086789784
PML40,400ns_0ns,141200000.0,2.7209472338294476,2.076474863842169,0.06968591162800086
PML40,400ns_0ns,141500000.0,2.9040397884399836,2.0118100107723995,0.0702738006316856
PML40,400ns_0ns,141800000.0,3.009805728424887,1.848673226643639,0.07053610094221403
PML40,400ns_0ns,142100000.0,2.992170874753164,1.6666163886305263,0.07018209860618912
PML40,400ns_0ns,142400000.0,2.8719651863632896,1.554978043954969,0.06923283946974253
PML40,400ns_0ns,142700000.0,2.7253697631690192,1.5645112085410295,0.06801432228218235
PML40,400ns_0ns,143000000.0,2.642468787818684,1.6800897006467848,0.0670069711838726
PML40,400ns_0ns,143300000.0,2.6784549892983915,1.8291691732709072,0.0665970865286591
PML40,400ns_0ns,143600000.0,2.8239163083027345,1.9212749487766778,0.0668537058810905
PML40,400ns_0ns,143900000.0,3.010197827977625,1.8970240686433568,0.06748392948466952
PML40,400ns_0ns,144200000.0,3.146791066028925,1.7601214981500826,0.0680028263863062
PML40,400ns_0ns,144500000.0,3.17038947150503,1.5750923349961636,0.06799444011992786
PML40,400ns_0ns,144800000.0,3.0790229808239538,1.4321200643653,0.06731375981722779
PML40,400ns_0ns,145100000.0,2.9328674233677474,1.3981501852541376,0.06615419718721814
PML40,400ns_0ns,145400000.0,2.8214295943070256,1.4807689216653117,0.06496383393098251
PML40,400ns_0ns,145700000.0,2.815000348295644,1.6243453777552774,0.06422794227655441
PML40,400ns_0ns,146000000.0,2.9267046529538963,1.7403904892903417,0.06420145132484652
PML40,400ns_0ns,146300000.0,3.105635668633139,1.7555670587492818,0.06475332188184163
PML40,400ns_0ns,146600000.0,3.2646590150042947,1.6513044900224105,0.06544266311350627
PML40,400ns_0ns,146900000.0,3.3277021683756742,1.47362106505429,0.06576821134884854
PML40,400ns_0ns,147200000.0,3.270864998667829,1.307962328172938,0.06542355046353603
PML40,400ns_0ns,147500000.0,3.1351356200657063,1.2328117778956917,0.06443899322090013
PML40,400ns_0ns,147800000.0,3.003948397606754,1.2772579371106754,0.06317189364731882
PML40,400ns_0ns,148100000.0,2.957869207420212,1.4054584420008593,0.062144880352181506
PML40,400ns_0ns,148400000.0,3.03101724214418,1.536296643480937,0.06177503712494938
PML40,400ns_0ns,148700000.0,3.192792912888803,1.5874529030924243,0.06212835339296314
PML40,400ns_0ns,149000000.0,3.364694652350863,1.519947918410119,0.0628750458964326
PML40,400ns_0ns,149300000.0,3.4629840999272736,1.3590571819414192,0.06348395627478796
PML40,400ns_0ns,149600000.0,3.4440121359679425,1.1803769016274201,0.0635090073066939
PML40,400ns_0ns,149900000.0,3.3276723640648336,1.0687208081547042,0.06280249666799821
PML40,400ns_0ns,150200000.0,3.1863811257614927,1.0721954003773841,0.061582707191429054
PML40,400ns_0ns,150500000.0,3.10568484963974,1.1763198137275488,0.06034239039151095
PML40,400ns_0ns,150800000.0,3.137921408921404,1.3121119236896688,0.05961176832153638
PML40,400ns_0ns,151100000.0,3.2740342449635946,1.393629751928908,0.05966235654548338
PML40,400ns_0ns,151400000.0,3.448716367263558,1.3645390394913866,0.06033653471250507
PML40,400ns_0ns,151700000.0,3.575968137344235,1.2284759678919834,0.0611412913947314
PML40,400ns_0ns,152000000.0,3.5957094046983324,1.04684197877957,0.06153028634573994
PML40,400ns_0ns,152300000.0,3.506182736100347,0.9053532200096337,0.06117960207017477
PML40,400ns_0ns,152600000.0,3.36467236891078,0.867566919810009,0.06013410907210563
PML40,400ns_0ns,152900000.0,3.2562753170529906,0.9405808370733009,0.058793028685771194
PML40,400ns_0ns,153200000.0,3.2477473363457867,1.071416116074939,0.05773316232329291
PML40,400ns_0ns,153500000.0,3.3514544866243736,1.1759196375714933,0.057408793367950905
PML40,400ns_0ns,153800000.0,3.518894802405404,1.1844200560609728,0.0578777105024209
PML40,400ns_0ns,154100000.0,3.667179093884425,1.0793690749015956,0.05875961203945106
PML40,400ns_0ns,154400000.0,3.7240139219907915,0.904633115227203,0.059464888452917565
PML40,400ns_0ns,154700000.0,3.666775682617586,0.7415189072582242,0.059512849397917005
PML40,400ns_0ns,155000000.0,3.534557202631831,0.6646346515745013,0.058756587048263136
PML40,400ns_0ns,155300000.0,3.4067741518782904,0.7015474749675419,0.05744871701353909
PML40,400ns_0ns,155600000.0,3.3600367943803833,0.8180505803723843,0.05613922875848143
PML40,400ns_0ns,155900000.0,3.4267069859880133,0.9369122061877616,0.05541320796502611
PML40,400ns_0ns,156200000.0,3.5775576585690008,0.9798320588996645,0.05555811477905225
PML40,400ns_0ns,156500000.0,3.7378241264929715,0.909813796329359,0.05637719283142098
PML40,400ns_0ns,156800000.0,3.827833285475468,0.751025085717314,0.05731027955339576
PML40,400ns_0ns,157100000.0,3.8061323060691135,0.5754860690477603,0.05775810926161145
PML40,400ns_0ns,157400000.0,3.691770988269002,0.4639164518665846,0.05738056690121021
PML40,400ns_0ns,157700000.0,3.553761132849879,0.4620254772005748,0.05624525025215867
PML40,400ns_0ns,158000000.0,3.4735420805708856,0.555913197350399,0.05480560949934992
PML40,400ns_0ns,158300000.0,3.5008651499361507,0.6798200835499307,0.05370495831921925
PML40,400ns_0ns,158600000.0,3.6269926595090407,0.7519082614128949,0.05343917787901684
PML40,400ns_0ns,158900000.0,3.789647419797211,0.7186065802651389,0.054048461423760026
PML40,400ns_0ns,159200000.0,3.90691381976251,0.5834920183650316,0.05508505424380832
PML40,400ns_0ns,159500000.0,3.921636822486863,0.40513844210320954,0.05588902859483785
PML40,400ns_0ns,159800000.0,3.8322548063372426,0.2652143101765156,0.055943546721820836
PML40,400ns_0ns,160100000.0,3.6934338325545615,0.22420420952258405,0.05510915863042297
PML40,400ns_0ns,160400000.0,3.5862741035743944,0.28876018733785264,0.05368447765097952
PML40,400ns_0ns,160700000.0,3.574324699499999,0.40830546291459696,0.05229026814523781
PML40,400ns_0ns,161000000.0,3.6692607356204716,0.5026182898620649,0.051575461347514874
PML40,400ns_0ns,161300000.0,3.824759114521729,0.5053537931417665,0.05183915301290068
PML40,400ns_0ns,161600000.0,3.961781143233178,0.3998938834617992,0.052828519854031045
PML40,400ns_0ns,161900000.0,4.0114637996145035,0.2281550420321118,0.0539000845621469
PML40,400ns_0ns,162200000.0,3.952344774257759,0.06768887080161895,0.05439630814601502
PML40,400ns_0ns,162500000.0,3.8217992554704123,-0.010415163522881472,0.0539656493476089
PML40,400ns_0ns,162800000.0,3.6955956803664853,0.020026264448810442,0.052709180451790655
PML40,400ns_0ns,163100000.0,3.646751619828801,0.12628891848509466,0.051148318488072685
PML40,400ns_0ns,163400000.0,3.7060305550249444,0.23466810962409387,0.05000520057018953
PML40,400ns_0ns,163700000.0,3.845449692790447,0.2705154325235696,0.04981911581770278
PML40,400ns_0ns,164000000.0,3.9936382538810755,0.1986385204919294,0.05059845788441894
PML40,400ns_0ns,164300000.0,4.074618045191538,0.042200973319627806,0.0518082081158979
PML40,400ns_0ns,164600000.0,4.048934771290848,-0.1300258121756844,0.052707805320956785
PML40,400ns_0ns,164900000.0,3.9348739218045723,-0.24104425188459716,0.052746388221931215
PML40,400ns_0ns,165200000.0,3.798353552265633,-0.24732683244238274,0.051801660890734305
PML40,400ns_0ns,165500000.0,3.717077939174478,-0.16224783055108444,0.0502316092306081
PML40,400ns_0ns,165800000.0,3.7384439636052713,-0.04863736582933768,0.04874188382206807
PML40,400ns_0ns,166100000.0,3.8540015828413563,0.015400353177314976,0.04805288923620424
PML40,400ns_0ns,166400000.0,4.004228695102174,-0.021189906912821865,0.04846666381063194
PML40,400ns_0ns,166700000.0,4.110926401416045,-0.15488250953702487,0.0496529021532548
PML40,400ns_0ns,167000000.0,4.1196039353473175,-0.32967539260398737,0.05086862953362942
PML40,400ns_0ns,167300000.0,4.028880561442091,-0.4675847793498129,0.05139625340535426
PML40,400ns_0ns,167600000.0,3.8910404941143306,-0.5109253656153869,0.050881154542032424
PML40,400ns_0ns,167900000.0,3.783544569212966,-0.4534534618751895,0.04947072333272091
PML40,400ns_0ns,168200000.0,3.7670197952157523,-0.34355994069470674,0.04776900456174484
PML40,400ns_0ns,168500000.0,3.852509580331062,-0.25788554391112517,0.04658893890047932
PML40,400ns_0ns,168800000.0,3.9956742120140296,-0.2597429290378954,0.04651181463092926
PML40,400ns_0ns,169100000.0,4.120983553412468,-0.3649001676240915,0.04749460714560141
PML40,400ns_0ns,169400000.0,4.162702597408144,-0.5332160335519825,0.04889308133286489
PML40,400ns_0ns,169700000.0,4.100430083944497,-0.6905615126934733,0.049878652494082874
PML40,400ns_0ns,170000000.0,3.969977325168385,-0.7690565033821687,0.049872698772686644
PML40,400ns_100ns,20000000.0,-0.1657084878643529,1.5534903439548713,0.07950296986238356
PML40,400ns_100ns,20300000.0,-0.10678264117699672,1.5011485069232982,0.0761888198544637
PML40,400ns_100ns,20600000.0,-0.08020275711439619,1.4190206168222996,0.07098722092018338
PML40,400ns_100ns,20900000.0,-0.0955819792345702,1.334508277535139,0.06479596294901006
PML40,400ns_100ns,21200000.0,-0.14332566043945688,1.273280581269959,0.05881001578387018
PML40,400ns_100ns,21500000.0,-0.20109862395887218,1.2480310260721872,0.05407155002333943
PML40,400ns_100ns,21800000.0,-0.24537660559807906,1.2544516945170707,0.05091749104984253
PML40,400ns_100ns,22100000.0,-0.2621056375740472,1.2754938332107955,0.04875010323802892
PML40,400ns_100ns,22400000.0,-0.2515756764856102,1.2909145448610857,0.046436416854405256
PML40,400ns_100ns,22700000.0,-0.22595342060950788,1.2869264437731986,0.04296182217878646
PML40,400ns_100ns,23000000.0,-0.20164488466406075,1.261348833463432,0.03782713533836612
PML40,400ns_100ns,23300000.0,-0.1908937282991587,1.2224272540375276,0.031119861353781798
PML40,400ns_100ns,23600000.0,-0.19681889946247139,1.1828349249405925,0.02341187865274557
PML40,400ns_100ns,23900000.0,-0.21382294071274793,1.152560297491485,0.01560606870952269
PML40,400ns_100ns,24200000.0,-0.23233273205868468,1.1344443415140382,0.008835191290800133
PML40,400ns_100ns,24500000.0,-0.24475335633925435,1.12426404042292,0.004654006187756927
PML40,400ns_100ns,24800000.0,-0.24929471569511238,1.1146330513479508,0.004146898865391292
PML40,400ns_100ns,25100000.0,-0.24988664618832565,1.1000493479029816,0.004219398615125474
PML40,400ns_100ns,25400000.0,-0.25273386203868126,1.080111084960486,0.003623457079939817
PML40,400ns_100ns,25700000.0,-0.26186377938076505,1.0592515555718343,0.005475732702540068
PML40,400ns_100ns,26000000.0,-0.2763719041929555,1.0434528711487738,0.01042334718360669
PML40,400ns_100ns,26300000.0,-0.29090053500399354,1.0360837577717754,0.01643906544814647
PML40,400ns_100ns,26600000.0,-0.298944182730557,1.0353851767985471,0.022256311836495946
PML40,400ns_100ns,26900000.0,-0.29696919632029917,1.035077066047167,0.026964077001767946
PML40,400ns_100ns,27200000.0,-0.2869241431556093,1.027735187562094,0.029960002567189028
PML40,400ns_100ns,27500000.0,-0.2756677027560827,1.009022816090854,0.03104217614068217
PML40,400ns_100ns,27800000.0,-0.2715777156066516,0.9803985766393669,0.030503553792672375
PML40,400ns_100ns,28100000.0,-0.2801588703079456,0.948769991233652,0.029177694871255086
PML40,400ns_100ns,28400000.0,-0.3010069666345329,0.9232229404886609,0.028298461567598056
PML40,400ns_100ns,28700000.0,-0.3277566486370235,0.9105188451572299,0.028918883389533873
PML40,400ns_100ns,29000000.0,-0.351061218454473,0.9116897037271307,0.031106619361985312
PML40,400ns_100ns,29300000.0,-0.3630813416119833,0.9214681849083902,0.0339165243339944
PML40,400ns_100ns,29600000.0,-0.36121228951237827,0.9308125254773904,0.03614692031417712
PML40,400ns_100ns,29900000.0,-0.34921522019890294,0.9312164587180105,0.03691496864801951
PML40,400ns_100ns,30200000.0,-0.3352703294228169,0.9186405816620428,0.03583645619037585
PML40,400ns_100ns,30500000.0,-0.32801318564977233,0.8951692896458031,0.033038833099066536
PML40,400ns_100ns,30800000.0,-0.3325605616742219,0.8677012606996123,0.029132362783606477
PML40,400ns_100ns,31100000.0,-0.3484320390171231,0.8444692418279031,0.025146229967885732
PML40,400ns_100ns,31400000.0,-0.37023503191312773,0.8311948624746023,0.022293707349607145
PML40,400ns_100ns,31700000.0,-0.39057843748919413,0.828739046373726,0.02129658326236508
PML40,400ns_100ns,32000000.0,-0.4036376910872755,0.8332415713996545,0.021680852689115283
PML40,400ns_100ns,32300000.0,-0.40760774075501766,0.8384504324469133,0.02220300870759362
PML40,400ns_100ns,32600000.0,-0.404981225838452,0.8389003581429433,0.021811777272786027
PML40,400ns_100ns,32900000.0,-0.4007575209262039,0.8323126738805827,0.02001223107653759
PML40,400ns_100ns,33200000.0,-0.39969886984535247,0.8201393539054554,0.016807332072377508
PML40,400ns_100ns,33500000.0,-0.4041049242242954,0.8062140411745427,0.012557751013680696
PML40,400ns_100ns,33800000.0,-0.41315243409141467,0.7944308687664309,0.007848346442774743
PML40,400ns_100ns,34100000.0,-0.4239285463983536,0.7867642306169219,0.003396940486481798
PML40,400ns_100ns,34400000.0,-0.43339236612598553,0.7826162532141934,0.0011831881381624517
PML40,400ns_100ns,34700000.0,-0.44009445558742255,0.7796667415430939,0.0031184113985038902
PML40,400ns_100ns,35000000.0,-0.44473961567451886,0.7755723069408912,0.0038907926007211843
PML40,400ns_100ns,35300000.0,-0.4494043788939107,0.7694596775722197,0.003067869795014377
PML40,400ns_100ns,35600000.0,-0.4559902211629707,0.7623662664112573,0.000914657341163364
PML40,400ns_100ns,35900000.0,-0.4648853725762772,0.756442817034654,0.0025959015915288236
PML40,400ns_100ns,36200000.0,-0.47463149873536387,0.7534571568188676,0.006351793077189849
PML40,400ns_100ns,36500000.0,-0.482775149570265,0.753522013080485,0.010012121087113544
PML40,400ns_100ns,36800000.0,-0.48738956891455554,0.754816769936739,0.012993590068708174
PML40,400ns_100ns,37100000.0,-0.48836841767535866,0.7544884794382603,0.01485895802524879
PML40,400ns_100ns,37400000.0,-0.4877226305734308,0.7502387493406353,0.015384524943235275
PML40,400ns_100ns,37700000.0,-0.4886710008671929,0.7417078137498084,0.014630992884726872
PML40,400ns_100ns,38000000.0,-0.4939884246178892,0.7308673740492279,0.013025163819992655
PML40,400ns_100ns,38300000.0,-0.5044933401495563,0.7211675711557648,0.011457878718103201
PML40,400ns_100ns,38600000.0,-0.5184944598190956,0.715855881932862,0.01112559812646287
PML40,400ns_100ns,38900000.0,-0.5325149459504017,0.716333665938019,0.012498401702079066
PML40,400ns_100ns,39200000.0,-0.5429424952312036,0.7214034816761238,0.014734402027700915
PML40,400ns_100ns,39500000.0,-0.5477723947495519,0.7278000484648699,0.016733029384394155
PML40,400ns_100ns,39800000.0,-0.5475665855212802,0.7317381394336754,0.017785151143014773
PML40,400ns_100ns,40100000.0,-0.545159426864875,0.7306983686160626,0.017576870596940988
PML40,400ns_100ns,40400000.0,-0.544279241744244,0.7245675747433673,0.01611896725745476
PML40,400ns_100ns,40700000.0,-0.547790131556512,0.7155962608661594,0.013713260062679545
PML40,400ns_100ns,41000000.0,-0.5564214187440716,0.707240199407756,0.010962277932088696
PML40,400ns_100ns,41300000.0,-0.5685739141616138,0.7025000689732463,0.008811530097283431
PML40,400ns_100ns,41600000.0,-0.5812328332022904,0.702587695757171,0.008240614292051307
PML40,400ns_100ns,41900000.0,-0.5914726866355784,0.7065377772259928,0.009103564000774044
PML40,400ns_100ns,42200000.0,-0.5977838013423565,0.7118783667872688,0.01023929387476184
PML40,400ns_100ns,42500000.0,-0.6005955129835568,0.7159443902734173,0.010778235462246783
PML40,400ns_100ns,42800000.0,-0.6018187911936878,0.7171350544487174,0.010371672585363147
PML40,400ns_100ns,43100000.0,-0.6037337467548433,0.7155055334243411,0.009009964694930199
PML40,400ns_100ns,43400000.0,-0.6078451080735842,0.7124738912876392,0.0068969845325430245
PML40,400ns_100ns,43700000.0,-0.6142838236272921,0.7098935982922367,0.004367853320928081
PML40,400ns_100ns,44000000.0,-0.6219943972990254,0.7090420377905985,0.0018328123178848101
PML40,400ns_100ns,44300000.0,-0.6295139023442575,0.7100628510452347,0.0006656426313073058
PML40,400ns_100ns,44600000.0,-0.6358547826992839,0.7121051246256557,0.002089629449564589
PML40,400ns_100ns,44900000.0,-0.6409949850518523,0.7140026102126915,0.0027959220082887253
PML40,400ns_100ns,45200000.0,-0.6457399429784302,0.7150530693816419,0.0026090612580431404
PML40,400ns_100ns,45500000.0,-0.6510922048523088,0.7154368951447814,0.0016432309293261495
PML40,400ns_100ns,45800000.0,-0.6575364477341407,0.71605085385365,0.0008214450435732396
PML40,400ns_100ns,46100000.0,-0.6646757163041916,0.7178827820741553,0.0024138653381379415
PML40,400ns_100ns,46400000.0,-0.6714345892524648,0.7213169288658995,0.004404035321750737
PML40,400ns_100ns,46700000.0,-0.6767086961434037,0.7257934671823275,0.006115435190354985
PML40,400ns_100ns,47000000.0,-0.6800789593349778,0.7300373381464627,0.007244080625784731
PML40,400ns_100ns,47300000.0,-0.6821674145565979,0.7327427094208131,0.007608035599822431
PML40,400ns_100ns,47600000.0,-0.684409409153593,0.7333350752095193,0.007164674136388266
PML40,400ns_100ns,47900000.0,-0.6883423474787599,0.7323794972411957,0.006045418645570246
PML40,400ns_100ns,48200000.0,-0.6947838512732026,0.7313891720399733,0.00464500450380775
PML40,400ns_100ns,48500000.0,-0.7033430784904297,0.7321112089391919,0.003844871001421085
PML40,400ns_100ns,48800000.0,-0.7125397786183842,0.7356508976147355,0.00453776959887813
PML40,400ns_100ns,49100000.0,-0.720487822360786,0.741888908832335,0.006099662747460246
PML40,400ns_100ns,49400000.0,-0.7258033217273394,0.7494987232754601,0.007580030534732533
PML40,400ns_100ns,49700000.0,-0.7282786837469336,0.7565632249264763,0.008502084723878398
PML40,400ns_100ns,50000000.0,-0.7289836669910049,0.7614828863442971,0.008664081472835478
PML40,400ns_100ns,50300000.0,-0.7297473454267354,0.7637227177487748,0.008038093894177221
PML40,400ns_100ns,50600000.0,-0.7322864801343323,0.7640333516765547,0.006741622194042101
PML40,400ns_100ns,50900000.0,-0.7374156722027088,0.7640527086440887,0.005040507759113551
PML40,400ns_100ns,51200000.0,-0.7447199102847587,0.7655049681716433,0.0034373904474510313
PML40,400ns_100ns,51500000.0,-0.7528260652318783,0.7694036992986982,0.0028780118318719366
PML40,400ns_100ns,51800000.0,-0.7601078184421852,0.7756439897423215,0.003674764329212086
PML40,400ns_100ns,52100000.0,-0.765454277764551,0.7831546951367793,0.004743052216688585
PML40,400ns_100ns,52400000.0,-0.7687250176260164,0.7904943223040792,0.005423125806635866
PML40,400ns_100ns,52700000.0,-0.770696769565631,0.7965626755478733,0.005511601103114829
PML40,400ns_100ns,53000000.0,-0.772575505537879,0.801068525406667,0.005002134622945768
PML40,400ns_100ns,53300000.0,-0.7753595337490888,0.8045464312975747,0.004006198611065319
PML40,400ns_100ns,53600000.0,-0.7793891787970044,0.807962868337294,0.0027204224480349946
PML40,400ns_100ns,53900000.0,-0.7842916606980394,0.8121587827068821,0.001439168928464687
PML40,400ns_100ns,54200000.0,-0.7893042664075042,0.817437394548906,0.0008889073470434046
PML40,400ns_100ns,54500000.0,-0.7937602818694142,0.8234999826243422,0.0014536921212681183
PML40,400ns_100ns,54800000.0,-0.7974541583306354,0.8297262186609942,0.0019205983021633264
PML40,400ns_100ns,55100000.0,-0.8006930408512976,0.8356065435026684,0.0019597381659010025
PML40,400ns_100ns,55400000.0,-0.8040322606877173,0.8410635894279064,0.0015909167182017515
PML40,400ns_100ns,55700000.0,-0.8078728344923551,0.8464797746790964,0.0010970845727940716
PML40,400ns_100ns,56000000.0,-0.8121702171402837,0.8524273089820706,0.0012994711456794494
PML40,400ns_100ns,56300000.0,-0.8164303852998691,0.8592711899408109,0.0022095803426057993
PML40,400ns_100ns,56600000.0,-0.8199974798641508,0.8668879378752057,0.0031635455188767825
PML40,400ns_100ns,56900000.0,-0.8224655921237097,0.8746748093619896,0.003860644334529799
PML40,400ns_100ns,57200000.0,-0.8239722474843144,0.8818565703107872,0.004144869763067967
PML40,400ns_100ns,57500000.0,-0.8251938775344164,0.8879245445147934,0.003946753194228666
PML40,400ns_100ns,57800000.0,-0.827028555503798,0.8929618569539193,0.0032823013932844333
PML40,400ns_100ns,58100000.0,-0.8301270061630697,0.8976645080574328,0.002270715118487654
PML40,400ns_100ns,58400000.0,-0.8345225805483947,0.9030299761003203,0.0012892648824906847
PML40,400ns_100ns,58700000.0,-0.8395650337121874,0.9098654484323411,0.0015147724734863649
PML40,400ns_100ns,59000000.0,-0.8442056696048921,0.9183689042373057,0.002661327084589136
PML40,400ns_100ns,59300000.0,-0.8474966873437205,0.9280035054131737,0.003745470335697575
PML40,400ns_100ns,59600000.0,-0.8490536100195064,0.9377362972649654,0.0044788552044758055
PML40,400ns_100ns,59900000.0,-0.8492465051444875,0.9465250957009732,0.004743541001687571
PML40,400ns_100ns,60200000.0,-0.8490237853762861,0.9538107898384661,0.004507494171107945
PML40,400ns_100ns,60500000.0,-0.8494587272480886,0.9597713292519261,0.0038126530148455524
PML40,400ns_100ns,60800000.0,-0.8512464841894031,0.9652170005691952,0.0027694726191661834
PML40,400ns_100ns,61100000.0,-0.8543985538045684,0.9711883294853004,0.0015732565485884413
PML40,400ns_100ns,61400000.0,-0.8582756076600743,0.978463559289688,0.0008281741024627502
PML40,400ns_100ns,61700000.0,-0.8619263212036793,0.9872189635207264,0.0015265423948249493
PML40,400ns_100ns,62000000.0,-0.86455008312875,0.9969977360369316,0.0024311819670904174
PML40,400ns_100ns,62300000.0,-0.8658505051165086,1.006981596214731,0.0030464066546382253
PML40,400ns_100ns,62600000.0,-0.8661158606097286,1.0164093761980046,0.003275283862700036
PML40,400ns_100ns,62900000.0,-0.8660104496514867,1.0249246753896957,0.003116198442785981
PML40,400ns_100ns,63200000.0,-0.8662072702815107,1.0326872014819992,0.002633410537160978
PML40,400ns_100ns,63500000.0,-0.8670619626790852,1.0402158724901682,0.0019501495814224106
PML40,400ns_100ns,63800000.0,-0.8684894284538248,1.0480720010381133,0.001266782108931417
PML40,400ns_100ns,64100000.0,-0.8700847667013784,1.056564269287924,0.0009426448148300475
PML40,400ns_100ns,64400000.0,-0.8713974367231369,1.065629342126721,0.0011509972147633835
PML40,400ns_100ns,64700000.0,-0.8721932198379917,1.0749340376576002,0.0014373590252118099
PML40,400ns_100ns,65000000.0,-0.8725589641920783,1.0841197911369076,0.0015318589686620606
PML40,400ns_100ns,65300000.0,-0.872803756990615,1.0930365935077937,0.0013979198664518
PML40,400ns_100ns,65600000.0,-0.873228940753865,1.1018292493911475,0.0011450421661778486
PML40,400ns_100ns,65900000.0,-0.8739116894196318,1.110830918876397,0.0010706633312415265
PML40,400ns_100ns,66200000.0,-0.8746341973504238,1.120333205232817,0.0014055987863778362
PML40,400ns_100ns,66500000.0,-0.87500259819559,1.1303737826294802,0.0019267434028813514
PML40,400ns_100ns,66800000.0,-0.8746876666431987,1.1406723040617788,0.002375554675240286
PML40,400ns_100ns,67100000.0,-0.8736466461900193,1.1507600160097229,0.002606556518247664
PML40,400ns_100ns,67400000.0,-0.8721928562764975,1.1602366481897832,0.002545298135040492
PML40,400ns_100ns,67700000.0,-0.8708629379272604,1.1690125013433719,0.002172838798343098
PML40,400ns_100ns,68000000.0,-0.8701446228965923,1.177396598702475,0.0015201973148201047
PML40,400ns_100ns,68300000.0,-0.8702083686339435,1.1859722972176054,0.0006631714745995285
PML40,400ns_100ns,68600000.0,-0.8707895472429062,1.195316376739286,0.0003305598763732622
PML40,400ns_100ns,68900000.0,-0.8712914979658138,1.2057042413592622,0.0012700629024721924
PML40,400ns_100ns,69200000.0,-0.871064143332074,1.2169554549815942,0.0020893773159614713
PML40,400ns_100ns,69500000.0,-0.8697195996819777,1.2285036536642058,0.0026772749751719453
PML40,400ns_100ns,69800000.0,-0.8673248441835757,1.239659815563164,0.0029627124133506473
PML40,400ns_100ns,70100000.0,-0.8643732943105634,1.2499384470831392,0.0029147289477857363
PML40,400ns_100ns,70400000.0,-0.8615494927679725,1.2592843179084101,0.002545378149691957
PML40,400ns_100ns,70700000.0,-0.8594052232237125,1.268088899503525,0.0019071573011015118
PML40,400ns_100ns,71000000.0,-0.8581076920468796,1.2769928497655407,0.001085108324451454
PML40,400ns_100ns,71300000.0,-0.8573803817128334,1.2865775741146563,0.00018600057013344845
PML40,400ns_100ns,71600000.0,-0.8566573875393197,1.2971004619956892,0.0006850824446731873
PML40,400ns_100ns,71900000.0,-0.8553653189311734,1.3084001883016059,0.0014192565610697996
PML40,400ns_100ns,72200000.0,-0.8531879197675868,1.3200077583003003,0.0019409834143969498
PML40,400ns_100ns,72500000.0,-0.8501855700539058,1.3313946635681284,0.0022046825245168517
PML40,400ns_100ns,72800000.0,-0.8467225861558071,1.342225597072013,0.0022043574449167793
PML40,400ns_100ns,73100000.0,-0.8432550985843562,1.3524904227984988,0.0019758081927475257
PML40,400ns_100ns,73400000.0,-0.8400987527315772,1.3624609390706752,0.0015980111538530949
PML40,400ns_100ns,73700000.0,-0.8372959918945184,1.3725120762392105,0.001201614387689578
PML40,400ns_100ns,74000000.0,-0.8346408582098148,1.3829140370253694,0.0009773177575233632
PML40,400ns_100ns,74300000.0,-0.8318313534711677,1.3937079607055294,0.0010320350393461133
PML40,400ns_100ns,74600000.0,-0.8286536718182959,1.4047233691294736,0.0011996381657602372
PML40,400ns_100ns,74900000.0,-0.8250930175673917,1.4157135713366438,0.0012972327056463328
PML40,400ns_100ns,75200000.0,-0.8213143712457671,1.4265213618365564,0.0012635968328864782
PML40,400ns_100ns,75500000.0,-0.8175339032983696,1.4371757666915475,0.0011340500843589243
PML40,400ns_100ns,75800000.0,-0.8138637529951627,1.4478653449158854,0.0010349584618514359
PML40,400ns_100ns,76100000.0,-0.8102256113726123,1.4588076004895714,0.0011226919094640387
PML40,400ns_100ns,76400000.0,-0.8063862900628078,1.470095010824479,0.001388779853883796
PML40,400ns_100ns,76700000.0,-0.8020961918133627,1.4816119689729341,0.0016835209765946651
PML40,400ns_100ns,77000000.0,-0.7972505124309777,1.4930763902822604,0.0018785742242041173
PML40,400ns_100ns,77300000.0,-0.7919775192622068,1.5041880191913086,0.0018983396379016596
PML40,400ns_100ns,77600000.0,-0.7865971518850243,1.5148029141637935,0.001711873095420611
PML40,400ns_100ns,77900000.0,-0.7814650534272414,1.5250352994327545,0.0013290156155686577
PML40,400ns_100ns,78200000.0,-0.7767823178981119,1.5352246049522027,0.0008065948237218044
PML40,400ns_100ns,78500000.0,-0.7724736461665515,1.5457775528219688,0.0003819801690940495
PML40,400ns_100ns,78800000.0,-0.7682033813392454,1.556963635085369,0.0007429484549057533
PML40,400ns_100ns,79100000.0,-0.7635273337360202,1.5687700563185512,0.0013202984454876335
PML40,400ns_100ns,79400000.0,-0.7581064447755399,1.580893809944238,0.0017931103885000669
PML40,400ns_100ns,79700000.0,-0.7518744727408475,1.5928786743658607,0.002078452887881857
PML40,400ns_100ns,80000000.0,-0.7450740982260184,1.6043302824429209,0.0021380882086790526
PML40,400ns_100ns,80300000.0,-0.7381425266626501,1.6151021761450792,0.001967595736511547
PML40,400ns_100ns,80600000.0,-0.731503887509997,1.6253607259899279,0.0015954556182011161
PML40,400ns_100ns,80900000.0,-0.7253719299371487,1.6354987023868546,0.0010848087640907167
PML40,400ns_100ns,81200000.0,-0.7196593249461659,1.6459435309412969,0.0005715149974067474
PML40,400ns_100ns,81500000.0,-0.7140340806047132,1.6569574018910396,0.000529620890135137
PML40,400ns_100ns,81800000.0,-0.7080890003932303,1.6685268898757504,0.0009702089788488034
PML40,400ns_100ns,82100000.0,-0.7015355018060037,1.680390909645779,0.0013821428741563379
PML40,400ns_100ns,82400000.0,-0.6943256708210903,1.6921844648217188,0.0016440250145560123
PML40,400ns_100ns,82700000.0,-0.6866480149802365,1.7036192272549917,0.001726971309917397
PML40,400ns_100ns,83000000.0,-0.6788093873186115,1.7146087990117655,0.0016426278473888512
PML40,400ns_100ns,83300000.0,-0.6710721729890162,1.7252811995816548,0.001437709746372454
PML40,400ns_100ns,83600000.0,-0.6635332690406077,1.7358831677075401,0.001194285142656774
PML40,400ns_100ns,83900000.0,-0.6561027220479996,1.7466363859169622,0.001023301823304829
PML40,400ns_100ns,84200000.0,-0.6485828085766236,1.7576259104810077,0.001003841456633276
PML40,400ns_100ns,84500000.0,-0.6407947429857412,1.768777235623239,0.001089834811293361
PML40,400ns_100ns,84800000.0,-0.632678583652266,1.779925772036406,0.0011718429252980068
PML40,400ns_100ns,85100000.0,-0.6243122684372948,1.7909310895914847,0.0011838641067302917
PML40,400ns_100ns,85400000.0,-0.6158448506840541,1.8017661059475718,0.0011228682235698468
PML40,400ns_100ns,85700000.0,-0.607388554011328,1.8125294477257239,0.0010431718202166035
PML40,400ns_100ns,86000000.0,-0.5989366236031194,1.8233759356468726,0.0010356952900022517
PML40,400ns_100ns,86300000.0,-0.5903573847890111,1.8344085113585562,0.0011504855257806555
PML40,400ns_100ns,86600000.0,-0.5814695842956608,1.845597636375229,0.0013359397780988809
PML40,400ns_100ns,86900000.0,-0.5721559802757549,1.8567787398715847,0.001498788303318721
PML40,400ns_100ns,87200000.0,-0.5624484874959538,1.8677335965853652,0.0015662494530302746
PML40,400ns_100ns,87500000.0,-0.5525323840193151,1.878312744876583,0.0014995369937145686
PML40,400ns_100ns,87800000.0,-0.5426614662083944,1.8885305934045533,0.0012946852090198115
PML40,400ns_100ns,88100000.0,-0.5330261729162482,1.8985772297201864,0.000988664577332329
PML40,400ns_100ns,88400000.0,-0.5236448666264893,1.9087348508704847,0.0006950515124241506
PML40,400ns_100ns,88700000.0,-0.5143388057084117,1.9192385538145298,0.0006710896213094592
PML40,400ns_100ns,89000000.0,-0.5048085148451729,1.9301528350046342,0.0009642281006833943
PML40,400ns_100ns,89300000.0,-0.4947759008259425,1.9413291799413963,0.001315606770177264
PML40,400ns_100ns,89600000.0,-0.48412100260676716,1.9524693082565554,0.0015832741305860823
PML40,400ns_100ns,89900000.0,-0.4729436854930157,1.963264332154848,0.001707717303709052
PML40,400ns_100ns,90200000.0,-0.4615183141779812,1.9735408189857386,0.0016683752588637522
PML40,400ns_100ns,90500000.0,-0.4501637437279963,1.983341052078853,0.0014753506197743725
PML40,400ns_100ns,90800000.0,-0.4390935495047863,1.9928983960675142,0.0011705319858099465
PML40,400ns_100ns,91100000.0,-0.4283203879605599,2.002521826687618,0.0008427570680569328
PML40,400ns_100ns,91400000.0,-0.41765966087013784,2.012448702417974,0.0006737558697859046
PML40,400ns_100ns,91700000.0,-0.4068268022861707,2.022738804086509,0.00081174562752758
PML40,400ns_100ns,92000000.0,-0.3955761789345451,2.03325924331365,0.001083709568756014
PML40,400ns_100ns,92300000.0,-0.38381137263136605,2.043762251996705,0.0013154997024691433
PML40,400ns_100ns,92600000.0,-0.3716147838455098,2.054011412886275,0.0014405877457966344
PML40,400ns_100ns,92900000.0,-0.35918818974344013,2.0638903894048606,0.0014453062873584078
PML40,400ns_100ns,93200000.0,-0.3467414021860223,2.073441588505018,0.0013496770205789468
PML40,400ns_100ns,93500000.0,-0.33438983743162504,2.0828217770991038,0.0012016932250856456
PML40,400ns_100ns,93800000.0,-0.3221124443661044,2.0922054630129,0.001069749062577804
PML40,400ns_100ns,94100000.0,-0.3097857514053677,2.1016916279504563,0.0010151269757150765
PML40,400ns_100ns,94400000.0,-0.2972681229812136,2.111263088195652,0.0010431376892420963
PML40,400ns_100ns,94700000.0,-0.28448325861285084,2.120815417140984,0.0011003671374230346
PML40,400ns_100ns,95000000.0,-0.2714561813476976,2.1302328067018363,0.0011305337189131508
PML40,400ns_100ns,95300000.0,-0.2582847287129013,2.1394633937517535,0.0011108028550191064
PML40,400ns_100ns,95600000.0,-0.24506737183512153,2.148549479560844,0.0010577547415965784
PML40,400ns_100ns,95900000.0,-0.2318327314224436,2.157596080059867,0.0010200995632061404
PML40,400ns_100ns,96200000.0,-0.21851407970198772,2.166697925585576,0.0010491482191405995
PML40,400ns_100ns,96500000.0,-0.2049851628105822,2.175869523126816,0.0011501554045107844
PML40,400ns_100ns,96800000.0,-0.1911374246225973,2.1850215088257157,0.0012749728321337637
PML40,400ns_100ns,97100000.0,-0.17695374165408573,2.194000171519418,0.0013628868974211205
PML40,400ns_100ns,97400000.0,-0.1625342418155659,2.202670569462406,0.0013703410478759731
PML40,400ns_100ns,97700000.0,-0.14805563153935936,2.2109975617971442,0.0012800712198802189
PML40,400ns_100ns,98000000.0,-0.13368253779058795,2.219078107535959,0.0011053716029406514
PML40,400ns_100ns,98300000.0,-0.11947722202189805,2.2271033047278466,0.0008999604083054738
PML40,400ns_100ns,98600000.0,-0.1053570908114311,2.2352664563961815,0.0007746659573858431
PML40,400ns_100ns,98900000.0,-0.09112557159328677,2.2436634936486652,0.0008406260057856545
PML40,400ns_100ns,99200000.0,-0.07656360933513731,2.252237926206371,0.001048899684685757
PML40,400ns_100ns,99500000.0,-0.061536644115953006,2.2608006156556844,0.0012713393924834834
PML40,400ns_100ns,99800000.0,-0.04606278524253097,2.269116396175316,0.0014249002541480032
PML40,400ns_100ns,100100000.0,-0.03030702894338352,2.2770149943864113,0.0014703791684207083
PML40,400ns_100ns,100400000.0,-0.014503839720081967,2.2844709763806046,0.0013994811857779377
PML40,400ns_100ns,100700000.0,0.0011533272650826475,2.2916131779247695,0.001231370890410315
PML40,400ns_100ns,101000000.0,0.016600729955993123,2.2986599100700262,0.0010157083893433088
PML40,400ns_100ns,101300000.0,0.031928327236744936,2.305813438083473,0.0008411298025768264
PML40,400ns_100ns,101600000.0,0.04732952879448318,2.313166646418005,0.0008129830038206177
PML40,400ns_100ns,101900000.0,0.06300447934520945,2.320666877857043,0.0009366048481958229
PML40,400ns_100ns,102200000.0,0.07906658390490241,2.32815152141776,0.001108291572569698
PML40,400ns_100ns,102500000.0,0.09549782604482301,2.335433385426055,0.0012421229175283391
PML40,400ns_100ns,102800000.0,0.11217133445680223,2.3423902401543764,0.0012999744754696578
PML40,400ns_100ns,103100000.0,0.12892456921022163,2.349013781054009,0.0012784036817679741
PML40,400ns_100ns,103400000.0,0.14564196170902918,2.3553970496642886,0.0011997441717869822
PML40,400ns_100ns,103700000.0,0.16230409757819578,2.361672528713814,0.0011050449077066782
PML40,400ns_100ns,104000000.0,0.17898130837320742,2.3679378204348778,0.0010401068407898397
PML40,400ns_100ns,104300000.0,0.19578066247831694,2.3742094242060796,0.0010294781019420866
PML40,400ns_100ns,104600000.0,0.2127796737649583,2.3804268411775995,0.0010583821249408017
PML40,400ns_100ns,104900000.0,0.2299848251455316,2.3865000193946933,0.0010895499128266645
PML40,400ns_100ns,105200000.0,0.2473365744765184,2.3923694321814897,0.0010939145298378044
PML40,400ns_100ns,105500000.0,0.2647548254206781,2.398042650967955,0.0010665156635040005
PML40,400ns_100ns,105800000.0,0.2821956878580375,2.4035864556919035,0.0010281031018557869
PML40,400ns_100ns,106100000.0,0.29968453696264974,2.4090801992214375,0.0010149171002996696
PML40,400ns_100ns,106400000.0,0.3173047896993467,2.414559027577299,0.0010530508854194021
PML40,400ns_100ns,106700000.0,0.335148013077959,2.419981764003009,0.0011334659832631158
PML40,400ns_100ns,107000000.0,0.35325403981298964,2.425244374199764,0.0012180745226053808
PML40,400ns_100ns,107300000.0,0.37157662027020594,2.4302337805922485,0.0012656374561790665
PML40,400ns_100ns,107600000.0,0.3899967767431351,2.4348930621242904,0.0012493850809634274
PML40,400ns_100ns,107900000.0,0.4083796872564694,2.4392611436859757,0.0011642205903842507
PML40,400ns_100ns,108200000.0,0.4266461025431051,2.4434626543929987,0.0010311442368695592
PML40,400ns_100ns,108500000.0,0.44481978451400683,2.4476501490247093,0.0009022082582492936
PML40,400ns_100ns,108800000.0,0.4630237907691464,2.451927053310585,0.0008528140508200761
PML40,400ns_100ns,109100000.0,0.48142485622584796,2.456291252482133,0.0009239213580728931
PML40,400ns_100ns,109400000.0,0.5001526479030625,2.4606296929762994,0.001070780165878838
PML40,400ns_100ns,109700000.0,0.5192345847264115,2.4647685000001793,0.0012172962458843735
PML40,400ns_100ns,110000000.0,0.5385796849417791,2.4685544660006573,0.0013092155969055303
PML40,400ns_100ns,110300000.0,0.5580201886256274,2.4719273981054464,0.0013206429978064372
PML40,400ns_100ns,110600000.0,0.5773903881770185,2.4749473080995172,0.0012504972299532439
PML40,400ns_100ns,110900000.0,0.5966034367922792,2.477763382357544,0.0011211754421129117
PML40,400ns_100ns,111200000.0,0.6156884540627241,2.4805410476863035,0.0009790848907002964
PML40,400ns_100ns,111500000.0,0.6347709213092825,2.4833840211226055,0.0008890222649808594
PML40,400ns_100ns,111800000.0,0.6540081501617719,2.486289598893739,0.0008986544375795485
PML40,400ns_100ns,112100000.0,0.673513531553998,2.489157388347438,0.0009897362902003754
PML40,400ns_100ns,112400000.0,0.6933072872329001,2.4918440780736506,0.0011008329065839081
PML40,400ns_100ns,112700000.0,0.71331612815392,2.4942342042409917,0.0011815133848062985
PML40,400ns_100ns,113000000.0,0.7334182433387268,2.4962906676742485,0.0012088238587600862
PML40,400ns_100ns,113300000.0,0.7535073077459284,2.49806146784475,0.001184213472968827
PML40,400ns_100ns,113600000.0,0.77354137433635,2.499643238948199,0.0011278842441591313
PML40,400ns_100ns,113900000.0,0.793552953064875,2.501124508060586,0.0010706661619586711
PML40,400ns_100ns,114200000.0,0.8136188358381744,2.502540458746417,0.0010399337792442109
PML40,400ns_100ns,114500000.0,0.8338098511561168,2.503862354432114,0.0010431599753666589
PML40,400ns_100ns,114800000.0,0.8541501411022606,2.5050241718220176,0.0010644773159404885
PML40,400ns_100ns,115100000.0,0.8746082259814926,2.5059681687647166,0.0010795665312701935
PML40,400ns_100ns,115400000.0,0.8951228080632787,2.5066814886036513,0.0010730972304793772
PML40,400ns_100ns,115700000.0,0.9156461153274182,2.507202380666955,0.001047224294625385
PML40,400ns_100ns,116000000.0,0.9361778766898958,2.507593068671377,0.0010208732834249014
PML40,400ns_100ns,116300000.0,0.9567689634633983,2.507896061529484,0.0010194286205568474
PML40,400ns_100ns,116600000.0,0.9774917231625964,2.5081005799307463,0.0010560206231920043
PML40,400ns_100ns,116900000.0,0.9983937809893236,2.508140236662688,0.0011189014257402608
PML40,400ns_100ns,117200000.0,1.0194623872061837,2.507925289465762,0.001178944881596477
PML40,400ns_100ns,117500000.0,1.0406213378998892,2.5073926786995817,0.0012069033579777024
PML40,400ns_100ns,117800000.0,1.0617647334627462,2.506545976757356,0.0011855640242745035
PML40,400ns_100ns,118100000.0,1.0828110946223204,2.5054616872955675,0.0011155644144026711
PML40,400ns_100ns,118400000.0,1.1037491114856055,2.5042559584948827,0.0010183537874434608
PML40,400ns_100ns,118700000.0,1.1246494984628073,2.5030272813046004,0.0009357244741493301
PML40,400ns_100ns,119000000.0,1.1456346528929184,2.501804454774893,0.0009151959685296953
PML40,400ns_100ns,119300000.0,1.1668200175672667,2.5005274300665326,0.0009733549277219359
PML40,400ns_100ns,119600000.0,1.1882563928297407,2.499072219290267,0.0010782575959723236
PML40,400ns_100ns,119900000.0,1.2099026664829606,2.4973084115864603,0.0011799108155737812
PML40,400ns_100ns,120200000.0,1.2316432624939802,2.4951608748257748,0.0012401611664635088
PML40,400ns_100ns,120500000.0,1.2533419274025315,2.492644861842651,0.001240912674341486
PML40,400ns_100ns,120800000.0,1.2749050972650473,2.489857214006691,0.0011840849056075375
PML40,400ns_100ns,121100000.0,1.2963235209127324,2.486928590045458,0.0010905658714102688
PML40,400ns_100ns,121400000.0,1.3176722622507622,2.48396106754876,0.0009975486710760864
PML40,400ns_100ns,121700000.0,1.3390705054725778,2.480982119198407,0.0009475828215013183
PML40,400ns_100ns,122000000.0,1.3606225776367677,2.4779367201914053,0.0009630186718720443
PML40,400ns_100ns,122300000.0,1.3823700526835796,2.4747193854240783,0.0010272853809677165
PML40,400ns_100ns,122600000.0,1.404277744998479,2.471227873371716,0.0011018723364394482
PML40,400ns_100ns,122900000.0,1.4262580543475634,2.467410464530266,0.0011542651405775405
PML40,400ns_100ns,123200000.0,1.4482184395571887,2.4632837788561064,0.0011695953645596625
PML40,400ns_100ns,123500000.0,1.4701060578599303,2.4589147396052007,0.001150678710044654
PML40,400ns_100ns,123800000.0,1.4919269924976213,2.454379269280186,0.0011136978264340619
PML40,400ns_100ns,124100000.0,1.5137325182055181,2.4497215126767338,0.0010803949513529792
PML40,400ns_100ns,124400000.0,1.5355829601637654,2.4449352643941844,0.0010668343672913785
PML40,400ns_100ns,124700000.0,1.5575110335334543,2.4399756311004577,0.0010740995496287642
PML40,400ns_100ns,125000000.0,1.5795052991750524,2.434791716608351,0.001089346155829175
PML40,400ns_100ns,125300000.0,1.6015217760041658,2.4293598645498604,0.0010965038132912327
PML40,400ns_100ns,125600000.0,1.6235152092693341,2.4236977078510544,0.0010871772906974604
PML40,400ns_100ns,125900000.0,1.645470352517276,2.4178511660884,0.0010657855060825297
PML40,400ns_100ns,126200000.0,1.6674139988706902,2.4118626400394234,0.0010479186345031656
PML40,400ns_100ns,126500000.0,1.689399982892478,2.40573980480868,0.0010515300521600698
PML40,400ns_100ns,126800000.0,1.7114753566034828,2.399444318524526,0.0010838369516587283
PML40,400ns_100ns,127100000.0,1.7336473436333923,2.3929084984964337,0.0011342790000615434
PML40,400ns_100ns,127400000.0,1.7558709968737434,2.3860718858791072,0.0011805790017954917
PML40,400ns_100ns,127700000.0,1.778066402297759,2.3789176788435915,0.0012009276396497152
PML40,400ns_100ns,128000000.0,1.8001578129982636,2.3714880512493264,0.0011832641567378524
PML40,400ns_100ns,128300000.0,1.8221143385410163,2.363868158105103,0.0011300599380571548
PML40,400ns_100ns,128600000.0,1.8439699055244165,2.356145456943367,0.0010598509085266632
PML40,400ns_100ns,128900000.0,1.8658104443152737,2.348364748609714,0.0010041055055208332
PML40,400ns_100ns,129200000.0,1.8877333428853817,2.340502502969047,0.0009939315624381015
PML40,400ns_100ns,129500000.0,1.909799068309466,2.332474670636794,0.0010380967623562403
PML40,400ns_100ns,129800000.0,1.9319995140998418,2.3241750865721693,0.001115134832230569
PML40,400ns_100ns,130100000.0,1.9542594909026036,2.3155257067907957,0.0011904056240158664
PML40,400ns_100ns,130400000.0,1.976471018959224,2.3065136396121804,0.0012354822261859365
PML40,400ns_100ns,130700000.0,1.9985434352101066,2.2971965469946016,0.0012365232147930768
PML40,400ns_100ns,131000000.0,2.0204444450724743,2.2876740310006816,0.0011958190387387534
PML40,400ns_100ns,131300000.0,2.0422121361161443,2.2780397127259726,0.0011306229356394684
PML40,400ns_100ns,131600000.0,2.0639329341649506,2.268338030040153,0.0010688946960659116
PML40,400ns_100ns,131900000.0,2.0856976304965085,2.2585466822266524,0.0010387609888668984
PML40,400ns_100ns,132200000.0,2.107558075209149,2.248592033405087,0.0010524626317964573
PML40,400ns_100ns,132500000.0,2.129505736245161,2.238387967262634,0.001098348843883383
PML40,400ns_100ns,132800000.0,2.1514811979212936,2.2278774350611155,0.0011512727426701633
PML40,400ns_100ns,133100000.0,2.1734075003067894,2.2170558486485823,0.001188987756823996
PML40,400ns_100ns,133400000.0,2.195228563679045,2.20596610664797,0.0012010547918089916
PML40,400ns_100ns,133700000.0,2.2169326727263385,2.1946703627719013,0.00119004315383135
PML40,400ns_100ns,134000000.0,2.23855027905519,2.1832153777059387,0.0011681535282822486
PML40,400ns_100ns,134300000.0,2.2601297823024495,2.1716104048778644,0.0011505250403234099
PML40,400ns_100ns,134600000.0,2.2817065236447043,2.1598283911742215,0.0011469083127586624
PML40,400ns_100ns,134900000.0,2.3032828604389652,2.1478277223620106,0.001156296110413588
PML40,400ns_100ns,135200000.0,2.324829848298493,2.1355804353965175,0.0011688714859642438
PML40,400ns_100ns,135500000.0,2.346308178287037,2.1230898922160835,0.0011735866073420615
PML40,400ns_100ns,135800000.0,2.3676949488545924,2.1103877042314902,0.0011655845112501495
PML40,400ns_100ns,136100000.0,2.3889997494249595,2.097512143523926,0.0011496055024604573
PML40,400ns_100ns,136400000.0,2.4102599947801093,2.0844812456045445,0.0011381636108281359
PML40,400ns_100ns,136700000.0,2.4315177121386693,2.071277097716921,0.001144483932320718
PML40,400ns_100ns,137000000.0,2.452791066374574,2.057851565563288,0.0011731936743810882
PML40,400ns_100ns,137300000.0,2.4740575122797717,2.044151433477392,0.0012158004077211077
PML40,400ns_100ns,137600000.0,2.495259455099296,2.0301495002350176,0.001255052987784699
PML40,400ns_100ns,137900000.0,2.516330901396997,2.0158640445421803,0.001273918560750813
PML40,400ns_100ns,138200000.0,2.537231600377223,2.001354717769153,0.0012631210567175754
PML40,400ns_100ns,138500000.0,2.5579702792870562,1.9866954300421005,0.0012252209735714053
PML40,400ns_100ns,138800000.0,2.5786036346265204,1.9719374446611586,0.001175264053293076
PML40,400ns_100ns,139100000.0,2.599210227002832,1.95708178310047,0.0011368734600981914
PML40,400ns_100ns,139400000.0,2.619851748609132,1.942075837204873,0.0011317375180328023
PML40,400ns_100ns,139700000.0,2.640541162226313,1.9268368517743621,0.0011658787489979175
PML40,400ns_100ns,140000000.0,2.6612341173666105,1.9112910626892379,0.0012250668757316102
PML40,400ns_100ns,140300000.0,2.6818483571876977,1.8954090570541433,0.0012845831503435735
PML40,400ns_100ns,140600000.0,2.7023016161534024,1.8792197007381672,0.0013225216048566805
PML40,400ns_100ns,140900000.0,2.7225491751470905,1.8627958325462086,0.0013276034391754262
PML40,400ns_100ns,141200000.0,2.7426026002676944,1.8462191810081163,0.0013015387341018994
PML40,400ns_100ns,141500000.0,2.762520953950988,1.8295422214283694,0.001257884434953369
PML40,400ns_100ns,141800000.0,2.7823797506194037,1.812765738204251,0.0012174676421430474
PML40,400ns_100ns,142100000.0,2.802233849800066,1.795842353929018,0.0011996652264350987
PML40,400ns_100ns,142400000.0,2.8220928055744294,1.7787028654048735,0.0012121868482063128
PML40,400ns_100ns,142700000.0,2.8419200024353266,1.7612909555820908,0.0012471609474638584
PML40,400ns_100ns,143000000.0,2.861654265097209,1.743588467228295,0.0012875760826423052
PML40,400ns_100ns,143300000.0,2.881241306469441,1.7256193589237143,0.0013177061778412594
PML40,400ns_100ns,143600000.0,2.9006582124104936,1.7074322139008382,0.001329952901281713
PML40,400ns_100ns,143900000.0,2.919919003234106,1.689072306853927,0.0013263807046200277
PML40,400ns_100ns,144200000.0,2.9390601693548213,1.6705589012748288,0.001316085218120886
PML40,400ns_100ns,144500000.0,2.95811587532834,1.6518794759588473,0.0013097227104329945
PML40,400ns_100ns,144800000.0,2.9770974570545774,1.6330025107743444,0.0013133842256314377
PML40,400ns_100ns,145100000.0,2.995988484256424,1.6139000431696138,0.0013253401898751132
PML40,400ns_100ns,145400000.0,3.014757202636651,1.5945661722252513,0.0013379843375898415
PML40,400ns_100ns,145700000.0,3.0333780658568914,1.5750206374621734,0.0013434015726444101
PML40,400ns_100ns,146000000.0,3.0518489860950067,1.5552956570055894,0.001338733464348197
PML40,400ns_100ns,146300000.0,3.0701936313600586,1.5354141442487703,0.0013285223828638426
PML40,400ns_100ns,146600000.0,3.0884469513248303,1.5153725961741333,0.0013229103814307776
PML40,400ns_100ns,146900000.0,3.1066320656164996,1.4951394406698875,0.0013319866020298752
PML40,400ns_100ns,147200000.0,3.1247420463632425,1.4746708402061162,0.0013589772211584981
PML40,400ns_100ns,147500000.0,3.1427378585510226,1.4539357943359628,0.001397115028008884
PML40,400ns_100ns,147800000.0,3.160564941547566,1.432936579071388,0.0014327829399421953
PML40,400ns_100ns,148100000.0,3.1781804180414963,1.4117124589458452,0.0014523384915898134
PML40,400ns_100ns,148400000.0,3.1955765143494754,1.3903233327596045,0.001448369209483464
PML40,400ns_100ns,148700000.0,3.2127871107552024,1.368820873850648,0.0014231978511880037
PML40,400ns_100ns,149000000.0,3.2298728732696316,1.3472218821637725,0.0013890100881703486
PML40,400ns_100ns,149300000.0,3.246891684808642,1.3254980056872099,0.0013639072962726355
PML40,400ns_100ns,149600000.0,3.2638690894225872,1.3035878537032835,0.0013636792027195916
PML40,400ns_100ns,149900000.0,3.280783866433498,1.2814260220727625,0.0013927169567920631
PML40,400ns_100ns,150200000.0,3.2975763495229575,1.2589747240110563,0.0014411420714309296
PML40,400ns_100ns,150500000.0,3.31417557471086,1.2362422280458312,0.001490828747381799
PML40,400ns_100ns,150800000.0,3.33053178856532,1.2132789496455305,0.0015247788559150349
PML40,400ns_100ns,151100000.0,3.3466382303463393,1.1901533541832088,0.001533859497143727
PML40,400ns_100ns,151400000.0,3.362531717642419,1.166919919242844,0.001519372112673495
PML40,400ns_100ns,151700000.0,3.3782724065091068,1.1435950875857759,0.0014919999873069046
PML40,400ns_100ns,152000000.0,3.3939134838090226,1.1201526457833026,0.0014674641100596317
PML40,400ns_100ns,152300000.0,3.4094761498255806,1.096539801992214,0.0014595267075119718
PML40,400ns_100ns,152600000.0,3.4249418676089785,1.0727048090594289,0.0014732047796513596
PML40,400ns_100ns,152900000.0,3.4402645119532425,1.0486216736529226,0.0015027953690140265
PML40,400ns_100ns,153200000.0,3.455394812405175,1.0242998555407208,0.0015362821748418096
PML40,400ns_100ns,153500000.0,3.4703037131750847,0.9997753394555622,0.0015624107621871278
PML40,400ns_100ns,153800000.0,3.484992785859767,0.9750893435336443,0.0015758214381447488
PML40,400ns_100ns,154100000.0,3.499487488897335,0.9502669398063115,0.0015783889919245917
PML40,400ns_100ns,154400000.0,3.5138185080199547,0.92530699337993,0.001577056150583849
PML40,400ns_100ns,154700000.0,3.5280024868422637,0.9001878675604469,0.0015794047808860923
PML40,400ns_100ns,155000000.0,3.5420330263652238,0.8748843369708745,0.0015891386394930737
PML40,400ns_100ns,155300000.0,3.555886402206308,0.8493851134119003,0.0016041258905677455
PML40,400ns_100ns,155600000.0,3.5695377924409337,0.8237005488564523,0.0016182558574286683
PML40,400ns_100ns,155900000.0,3.5829778234466776,0.7978561603178425,0.0016257348851585595
PML40,400ns_100ns,156200000.0,3.5962192309288348,0.7718760684576939,0.001625078524974148
PML40,400ns_100ns,156500000.0,3.6092893166375757,0.7457664423216439,0.0016206452633918864
PML40,400ns_100ns,156800000.0,3.6222122801162744,0.7195092040394677,0.0016208220872846388
PML40,400ns_100ns,157100000.0,3.634991647327276,0.6930704668591368,0.0016333920284823643
PML40,400ns_100ns,157400000.0,3.647603393428786,0.6664196862478958,0.001660451017456245
PML40,400ns_100ns,157700000.0,3.6600046627823213,0.6395490640386591,0.0016962940812726766
PML40,400ns_100ns,158000000.0,3.6721543081164336,0.6124820287190413,0.0017299067442992726
PML40,400ns_100ns,158300000.0,3.6840345867790507,0.5852651582245403,0.00175033033226184
PML40,400ns_100ns,158600000.0,3.6956621301530075,0.557946800095863,0.0017518146007869354
PML40,400ns_100ns,158900000.0,3.7070815609577923,0.5305530766306853,0.0017366951733334037
PML40,400ns_100ns,159200000.0,3.7183441679277993,0.5030738538298514,0.0017151123874671868
PML40,400ns_100ns,159500000.0,3.729482065569028,0.47546645633561313,0.001701237728158316
PML40,400ns_100ns,159800000.0,3.7404909574408562,0.44767586372078155,0.0017067277853511597
PML40,400ns_100ns,160100000.0,3.7513304745947167,0.41966156319196796,0.0017344608346525155
PML40,400ns_100ns,160400000.0,3.761942187626487,0.39141767517338627,0.0017768778495890222
PML40,400ns_100ns,160700000.0,3.7722764084451272,0.3629763022473048,0.0018202150169720616
PML40,400ns_100ns,161000000.0,3.782314481105123,0.33439254538466273,0.0018513607542657334
PML40,400ns_100ns,161300000.0,3.792075673939388,0.3057188567494366,0.001863317904224609
PML40,400ns_100ns,161600000.0,3.8016057072249403,0.2769815845443836,0.0018574652412488215
PML40,400ns_100ns,161900000.0,3.8109532094031167,0.2481711077337901,0.0018424852895619788
PML40,400ns_100ns,162200000.0,3.820146196229688,0.21924975386778212,0.0018304205012885145
PML40,400ns_100ns,162500000.0,3.8291801194297324,0.19017260734977592,0.0018311064259046183
PML40,400ns_100ns,162800000.0,3.838022621710828,0.1609100933356375,0.0018475666989635894
PML40,400ns_100ns,163100000.0,3.8466313927081117,0.1314609761617984,0.0018751818198399243
PML40,400ns_100ns,163400000.0,3.8549750797180726,0.10185002641907251,0.0019050737479930832
PML40,400ns_100ns,163700000.0,3.8630463307976006,0.07211289968060601,0.0019291928197278567
PML40,400ns_100ns,164000000.0,3.870860941858736,0.0422772518453626,0.0019440627981401391
PML40,400ns_100ns,164300000.0,3.8784448792974024,0.01235044012752069,0.0019516522836138942
PML40,400ns_100ns,164600000.0,3.8858173478397373,-0.017680142251150766,0.0019574304064745207
PML40,400ns_100ns,164900000.0,3.8929796773752203,-0.04783539837859843,0.0019667714245613093
PML40,400ns_100ns,165200000.0,3.8999159396689076,-0.07812908599021166,0.001981664104273758
PML40,400ns_100ns,165500000.0,3.9066042112304826,-0.10855792051749848,0.001999672681946929
PML40,400ns_100ns,165800000.0,3.913031263886555,-0.13910296664889876,0.0020157567800456852
PML40,400ns_100ns,166100000.0,3.9192016106872902,-0.16974129062440646,0.0020257126102805646
PML40,400ns_100ns,166400000.0,3.92513523702592,-0.2004607561411858,0.0020291414398311376
PML40,400ns_100ns,166700000.0,3.930855030059521,-0.23126888974075327,0.002030293701454048
PML40,400ns_100ns,167000000.0,3.9363710816643147,-0.26219002945753794,0.0020361965952830972
PML40,400ns_100ns,167300000.0,3.9416711728167564,-0.29325167319919265,0.0020527822066818443
PML40,400ns_100ns,167600000.0,3.9467235831390686,-0.3244673075210764,0.0020810825504423342
PML40,400ns_100ns,167900000.0,3.9514915905195163,-0.35582542339416967,0.002115951877493563
PML40,400ns_100ns,168200000.0,3.95595234957505,-0.38729145962939165,0.0021482779744778566
PML40,400ns_100ns,168500000.0,3.960109982783507,-0.41882256814510244,0.0021693462362947936
PML40,400ns_100ns,168800000.0,3.963995361522526,-0.4503880426607131,0.0021750101117591655
PML40,400ns_100ns,169100000.0,3.9676518937187706,-0.48198484461930435,0.0021678711061256725
PML40,400ns_100ns,169400000.0,3.9711140660702937,-0.5136398315784482,0.00215661229832738
PML40,400ns_100ns,169700000.0,3.9743895340455473,-0.5453969965717369,0.0021524645106508543
PML40,400ns_100ns,170000000.0,3.9774539988188087,-0.5772957721076766,0.0021639556665717153
PML40,400ns_200ns,20000000.0,-0.1653362589317548,1.4704175675569082,0.022125936579978214
PML40,400ns_200ns,20300000.0,-0.15694149638732352,1.4396447814207494,0.020818248677868405
PML40,400ns_200ns,20600000.0,-0.15472897450899234,1.4038100391558122,0.018008878591356463
PML40,400ns_200ns,20900000.0,-0.16041843398115851,1.3680635915058166,0.014095991784720931
PML40,400ns_200ns,21200000.0,-0.17206044893991446,1.3371025073121845,0.009649654218729879
PML40,400ns_200ns,21500000.0,-0.18541632750370526,1.3129946830379482,0.00540597658374219
PML40,400ns_200ns,21800000.0,-0.19631798831442698,1.294539333870603,0.0026872921101348947
PML40,400ns_200ns,22100000.0,-0.20272116459198927,1.2783368339699008,0.0032298731739892478
PML40,400ns_200ns,22400000.0,-0.2054374698100469,1.2608539306676771,0.0041949508470933644
PML40,400ns_200ns,22700000.0,-0.20729888832702456,1.24032457077543,0.003968968048290499
PML40,400ns_200ns,23000000.0,-0.21133786703698104,1.2175138280873683,0.0026024742175463356
PML40,400ns_200ns,23300000.0,-0.21902650817056063,1.1950450823291991,0.0021256895122558515
PML40,400ns_200ns,23600000.0,-0.22950212277376625,1.175763784809092,0.004976696789688913
PML40,400ns_200ns,23900000.0,-0.24011870550955117,1.16107839196712,0.008599699677317569
PML40,400ns_200ns,24200000.0,-0.24794431744080156,1.1501624952946778,0.011964853049452035
PML40,400ns_200ns,24500000.0,-0.25135482204039056,1.140390200763999,0.014515350693974768
PML40,400ns_200ns,24800000.0,-0.2508796284987279,1.1287075470346124,0.01587274766166411
PML40,400ns_200ns,25100000.0,-0.24889847143639424,1.1131738078767655,0.015846223240531067
PML40,400ns_200ns,25400000.0,-0.24840964675506305,1.0938665122917366,0.014446964329491581
PML40,400ns_200ns,25700000.0,-0.25155582067314775,1.0727239435626692,0.011880095773860644
PML40,400ns_200ns,26000000.0,-0.2586735033484713,1.052473525928802,0.008512299953363443
PML40,400ns_200ns,26300000.0,-0.26831160769976375,1.0352536662401206,0.0048237964757635934
PML40,400ns_200ns,26600000.0,-0.27813623957021566,1.0216510360932207,0.0014353204957139399
PML40,400ns_200ns,26900000.0,-0.2861901002841313,1.0106094831287535,0.0018500732710205897
PML40,400ns_200ns,27200000.0,-0.2918321142224123,1.0001842244724122,0.0036571517834701854
PML40,400ns_200ns,27500000.0,-0.29589899587638324,0.9886802288536918,0.004295836926885425
PML40,400ns_200ns,27800000.0,-0.3000689498553983,0.9755487303379177,0.0036650508365633737
PML40,400ns_200ns,28100000.0,-0.3058258982554724,0.9615879807450028,0.001891422355516513
PML40,400ns_200ns,28400000.0,-0.31360443809447297,0.9483915781687504,0.0007612537856866254
PML40,400ns_200ns,28700000.0,-0.3225619468078675,0.9373882954015803,0.0038411933741607698
PML40,400ns_200ns,29000000.0,-0.3310649377381511,0.9290120424621554,0.00693206179585154
PML40,400ns_200ns,29300000.0,-0.33759374776379475,0.9224406081306167,0.009580775357733518
PML40,400ns_200ns,29600000.0,-0.3415645905772543,0.9160174035134254,0.011415451869409588
PML40,400ns_200ns,29900000.0,-0.34363752507518797,0.9081045919893919,0.012187761262834482
PML40,400ns_200ns,30200000.0,-0.3453705681206997,0.8979023853844517,0.011804323895006496
PML40,400ns_200ns,30500000.0,-0.3484288410754364,0.8858107165480422,0.010335974924513115
PML40,400ns_200ns,30800000.0,-0.35377803670864216,0.8731697441617368,0.008004101015178377
PML40,400ns_200ns,31100000.0,-0.36127601230471634,0.8615464893633134,0.005147548036703607
PML40,400ns_200ns,31400000.0,-0.36984653002967954,0.8519598781111626,0.0021864544169430855
PML40,400ns_200ns,31700000.0,-0.3781071327889893,0.844444453278869,0.0007634783137685189
PML40,400ns_200ns,32000000.0,-0.3850962131379908,0.8381524351152742,0.002704584759450183
PML40,400ns_200ns,32300000.0,-0.3907158614466563,0.8319013673987293,0.0038698012430214536
PML40,400ns_200ns,32600000.0,-0.3956803570144451,0.8248482696898286,0.004026159015680496
PML40,400ns_200ns,32900000.0,-0.40103291116215745,0.8169254647417221,0.0032001016211367223
PML40,400ns_200ns,33200000.0,-0.4075169787435245,0.8088216243849105,0.001643286581505255
PML40,400ns_200ns,33500000.0,-0.4151485940792452,0.801545270789195,0.0013194545413217455
PML40,400ns_200ns,33800000.0,-0.4232102535338355,0.7958278964073034,0.0035760621318236744
PML40,400ns_200ns,34100000.0,-0.4306511613815583,0.7916962045918717,0.005910163950876743
PML40,400ns_200ns,34400000.0,-0.4366630164041792,0.7884374391782285,0.0078033610336673805
PML40,400ns_200ns,34700000.0,-0.4411174335596666,0.7849630676277469,0.008973811358796196
PML40,400ns_200ns,35000000.0,-0.4446376342714013,0.7803650105275869,0.009266124145772565
PML40,400ns_200ns,35300000.0,-0.44827929551711193,0.7743658210490525,0.008657486615626953
PML40,400ns_200ns,35600000.0,-0.4530014638937026,0.7674326892897528,0.007255954244951107
PML40,400ns_200ns,35900000.0,-0.45920986923243895,0.7605110612254253,0.005286243811844337
PML40,400ns_200ns,36200000.0,-0.4666037305255988,0.7545337499002561,0.0030826414586560985
PML40,400ns_200ns,36500000.0,-0.47438763124504985,0.7499700935595894,0.0013186749724949606
PML40,400ns_200ns,36800000.0,-0.4817169834662497,0.7466445884874644,0.0018436718382304248
PML40,400ns_200ns,37100000.0,-0.4881313761333482,0.7439011465631606,0.0030242547357814476
PML40,400ns_200ns,37400000.0,-0.4937506254945346,0.7410040833339524,0.0036126099646914267
PML40,400ns_200ns,37700000.0,-0.4991459942658966,0.7375489081803416,0.0034608475014408085
PML40,400ns_200ns,38000000.0,-0.504975517529008,0.7336636405445396,0.002657450459784769
PML40,400ns_200ns,38300000.0,-0.5115927858428019,0.7299044002277738,0.0016261730701007686
PML40,400ns_200ns,38600000.0,-0.5188421273700734,0.7269168565280879,0.0018495729895061112
PML40,400ns_200ns,38900000.0,-0.5261436076696583,0.7250569711126696,0.0033910074041280207
PML40,400ns_200ns,39200000.0,-0.5328118143772331,0.7241780566898098,0.004998343547832701
PML40,400ns_200ns,39500000.0,-0.5384296263149412,0.7236942245148357,0.006229556015634843
PML40,400ns_200ns,39800000.0,-0.5430754012059161,0.7228789802581298,0.006875744576294211
PML40,400ns_200ns,40100000.0,-0.547286959633601,0.7212344067762011,0.006848877289083162
PML40,400ns_200ns,40400000.0,-0.5517889217609742,0.7187349965242901,0.006170024381165961
PML40,400ns_200ns,40700000.0,-0.557133335608467,0.7158234191385838,0.004962436620704162
PML40,400ns_200ns,41000000.0,-0.5634429222808234,0.713170278532819,0.0034477333809135803
PML40,400ns_200ns,41300000.0,-0.5703845186035511,0.7113326062954773,0.0020047913536245317
PML40,400ns_200ns,41600000.0,-0.5773743215956868,0.7104924002972062,0.001506265842463122
PML40,400ns_200ns,41900000.0,-0.5838954630687343,0.7104058053140921,0.0021972093500984818
PML40,400ns_200ns,42200000.0,-0.5897557851642584,0.7105765880017797,0.002873771606571162
PML40,400ns_200ns,42500000.0,-0.595154110591387,0.7105489748065177,0.00309669335336737
PML40,400ns_200ns,42800000.0,-0.6005312868933923,0.7101573210763574,0.002813046557854018
PML40,400ns_200ns,43100000.0,-0.6062977644976817,0.7096011568313131,0.002163784329886371
PML40,400ns_200ns,43400000.0,-0.6125910190609971,0.7093135514455573,0.0016270050061250577
PML40,400ns_200ns,43700000.0,-0.6191934723349652,0.7097028417786081,0.0020299115902995533
PML40,400ns_200ns,44000000.0,-0.6256502643233589,0.7109125814829768,0.003090502245160964
PML40,400ns_200ns,44300000.0,-0.6315175505364166,0.7127296229730061,0.004144878359241772
PML40,400ns_200ns,44600000.0,-0.6366043316628621,0.71468663771178,0.004889933183544879
PML40,400ns_200ns,44900000.0,-0.6410784999608689,0.7163001468623628,0.005185136850390929
PML40,400ns_200ns,45200000.0,-0.6453838768619716,0.7173149115965413,0.004989165151060935
PML40,400ns_200ns,45500000.0,-0.6500166311839547,0.7178262160714544,0.004346850108174451
PML40,400ns_200ns,45800000.0,-0.6552818658316589,0.7182201433235053,0.003384610605819264
PML40,400ns_200ns,46100000.0,-0.6611571706698253,0.7189695753777664,0.0023246462011906727
PML40,400ns_200ns,46400000.0,-0.6673289330523842,0.7203976554148002,0.0015812262906474768
PML40,400ns_200ns,46700000.0,-0.6733740017555796,0.7225326802046534,0.001659930526122221
PML40,400ns_200ns,47000000.0,-0.6789843968704067,0.7251248414359883,0.0021684964417052737
PML40,400ns_200ns,47300000.0,-0.684114975005523,0.7278068382147644,0.0025277581562486175
PML40,400ns_200ns,47600000.0,-0.6889803804143318,0.7303052869341617,0.0025514496316145765
PML40,400ns_200ns,47900000.0,-0.6939110615205278,0.7325872712935727,0.002249132249972873
PML40,400ns_200ns,48200000.0,-0.6991528826888987,0.7348661656259263,0.001790988570777602
PML40,400ns_200ns,48500000.0,-0.7047215715952516,0.7374694406759593,0.0015893249984780119
PML40,400ns_200ns,48800000.0,-0.710389564656435,0.7406452581684163,0.0020035532076360116
PML40,400ns_200ns,49100000.0,-0.7158089240832546,0.7444150188320312,0.0027371009665231776
PML40,400ns_200ns,49400000.0,-0.7207006924545749,0.7485510689871802,0.003413429316480383
PML40,400ns_200ns,49700000.0,-0.7250073315920824,0.7526894261439332,0.0038374190968490265
PML40,400ns_200ns,50000000.0,-0.7289273489998837,0.756514971886295,0.003922061248188686
PML40,400ns_200ns,50300000.0,-0.7328160148507528,0.759919683089609,0.0036569098177890386
PML40,400ns_200ns,50600000.0,-0.7370073834417478,0.7630515239982345,0.003099414270259862
PML40,400ns_200ns,50900000.0,-0.7416526097172546,0.7662317415072132,0.002376188515866564
PML40,400ns_200ns,51200000.0,-0.7466577933052184,0.7697881686094559,0.0017092195954680576
PML40,400ns_200ns,51500000.0,-0.7517493074265801,0.7738944181154059,0.0014397027182731451
PML40,400ns_200ns,51800000.0,-0.7566265788413556,0.7784981445843898,0.001660557882202937
PML40,400ns_200ns,52100000.0,-0.7611180274171951,0.7833711891891934,0.001992794473735584
PML40,400ns_200ns,52400000.0,-0.7652579188893069,0.7882486777499427,0.0021622394830649815
PML40,400ns_200ns,52700000.0,-0.7692474361466165,0.7929784414951301,0.0020911338036453636
PML40,400ns_200ns,53000000.0,-0.7733265462539234,0.7975999960137916,0.0018257579809604727
PML40,400ns_200ns,53300000.0,-0.7776299482402129,0.8023132945058673,0.001540045135127695
PML40,400ns_200ns,53600000.0,-0.782106253426781,0.8073582119892757,0.0015273210770532595
PML40,400ns_200ns,53900000.0,-0.7865428627889623,0.8128731572832496,0.001892050625845366
PML40,400ns_200ns,54200000.0,-0.7906807599759311,0.8188104883152261,0.002401376292214577
PML40,400ns_200ns,54500000.0,-0.7943554116993345,0.8249538074759896,0.0028287697567616937
PML40,400ns_200ns,54800000.0,-0.7975874602847748,0.8310264426981423,0.0030506572757225403
PML40,400ns_200ns,55100000.0,-0.8005754847806315,0.8368319206202698,0.003017707842761291
PML40,400ns_200ns,55400000.0,-0.8035963247367328,0.8423516207964146,0.002739640762165337
PML40,400ns_200ns,55700000.0,-0.8068672496453472,0.8477493769418438,0.0022812514242951418
PML40,400ns_200ns,56000000.0,-0.8104428299203358,0.8532832749423088,0.00176834407367176
PML40,400ns_200ns,56300000.0,-0.8141988057962863,0.8591736841802924,0.0014029720177856759
PML40,400ns_200ns,56600000.0,-0.8179077128958793,0.8654978248119986,0.0013745570561587623
PML40,400ns_200ns,56900000.0,-0.8213625990923646,0.8721645409147101,0.0015857177712573273
PML40,400ns_200ns,57200000.0,-0.8244815730368443,0.8789785052959765,0.001789034199179889
PML40,400ns_200ns,57500000.0,-0.8273388454847208,0.8857553599629352,0.001849001264709249
PML40,400ns_200ns,57800000.0,-0.8301092529307156,0.8924237697264313,0.0017424156208754112
PML40,400ns_200ns,58100000.0,-0.8329600355225355,0.8990598699996563,0.0015347069247134532
PML40,400ns_200ns,58400000.0,-0.8359507642600824,0.9058378945448955,0.0013816252512706573
PML40,400ns_200ns,58700000.0,-0.8389959388212141,0.9129265010083374,0.0014599517999256512
PML40,400ns_200ns,59000000.0,-0.8419093615013431,0.9203888093654746,0.0017602866880269802
PML40,400ns_200ns,59300000.0,-0.844504742040761,0.9281407198564154,0.002114102201853441
PML40,400ns_200ns,59600000.0,-0.8466972398869218,0.9359894574879895,0.0023785265570140874
PML40,400ns_200ns,59900000.0,-0.8485512785571896,0.9437307547011526,0.00247596057586544
PML40,400ns_200ns,60200000.0,-0.850249793879541,0.9512521781719279,0.0023826381949545207
PML40,400ns_200ns,60500000.0,-0.8520023944231373,0.9585879643640398,0.0021215926453260385
PML40,400ns_200ns,60800000.0,-0.8539418339352137,0.9658976969451739,0.00176194052844169
PML40,400ns_200ns,61100000.0,-0.8560630315420472,0.9733820720723337,0.0014236023250130219
PML40,400ns_200ns,61400000.0,-0.858234834983961,0.9811817074667593,0.0012596477994922
PML40,400ns_200ns,61700000.0,-0.8602754306304817,0.9893123241864304,0.001325098459088248
PML40,400ns_200ns,62000000.0,-0.8620490961239563,0.997668518881476,0.001489610950032377
PML40,400ns_200ns,62300000.0,-0.8635323261590154,1.0060908512041247,0.0016053867518237936
PML40,400ns_200ns,62600000.0,-0.8648156410866871,1.014457552332236,0.0016051104396129297
PML40,400ns_200ns,62900000.0,-0.8660429987222362,1.0227504849089337,0.0014950674110768409
PML40,400ns_200ns,63200000.0,-0.867324141652834,1.0310606014586483,0.0013470233816531864
PML40,400ns_200ns,63500000.0,-0.8686686495407115,1.0395318853131323,0.0012847584131857619
PML40,400ns_200ns,63800000.0,-0.869977334877705,1.0482760407216125,0.0013975450689451845
PML40,400ns_200ns,64100000.0,-0.871094705997812,1.05730522923615,0.0016361896552416337
PML40,400ns_200ns,64400000.0,-0.8718931236500325,1.0665193816357725,0.001880896603431239
PML40,400ns_200ns,64700000.0,-0.8723427453683236,1.0757544947114888,0.002038399621038433
PML40,400ns_200ns,65000000.0,-0.872529804019182,1.0848654611075408,0.0020609596486692136
PML40,400ns_200ns,65300000.0,-0.8726140546300534,1.093799010579013,0.0019420837422344731
PML40,400ns_200ns,65600000.0,-0.8727487462889172,1.1026184800007568,0.001713518973141776
PML40,400ns_200ns,65900000.0,-0.873005785846768,1.111468489816263,0.0014452873055764565
PML40,400ns_200ns,66200000.0,-0.8733449178716234,1.120499620808412,0.001241439812594255
PML40,400ns_200ns,66500000.0,-0.8736414164105957,1.1297936686390921,0.0011928550030904064
PML40,400ns_200ns,66800000.0,-0.8737554762561968,1.1393284278587876,0.001280879996866175
PML40,400ns_200ns,67100000.0,-0.8736050578309538,1.1489987153449859,0.0013978480692426467
PML40,400ns_200ns,67400000.0,-0.8732035027668368,1.1586799222057542,0.0014564496953159598
PML40,400ns_200ns,67700000.0,-0.872643414423446,1.1682982313510961,0.0014259565016846191
PML40,400ns_200ns,68000000.0,-0.8720377215592598,1.1778693313152664,0.0013284148861821585
PML40,400ns_200ns,68300000.0,-0.8714515276927693,1.1874856555170916,0.0012323603036538558
PML40,400ns_200ns,68600000.0,-0.8708623474354912,1.1972605679438775,0.0012260257182500481
PML40,400ns_200ns,68900000.0,-0.8701700099143592,1.207261019235739,0.0013437916648975634
PML40,400ns_200ns,69200000.0,-0.8692501449399209,1.2174657677030427,0.0015293008188192014
PML40,400ns_200ns,69500000.0,-0.8680217044792952,1.2277717504140382,0.0016969263377258404
PML40,400ns_200ns,69800000.0,-0.8664918896229913,1.2380448597360405,0.001784478416445894
PML40,400ns_200ns,70100000.0,-0.8647545592929817,1.2481876074196954,0.001764052625672314
PML40,400ns_200ns,70400000.0,-0.8629434356310357,1.2581875985891668,0.0016407913965073367
PML40,400ns_200ns,70700000.0,-0.8611654170806086,1.268121610464855,0.0014514471834911153
PML40,400ns_200ns,71000000.0,-0.8594492893846164,1.2781141134177016,0.0012621421162925875
PML40,400ns_200ns,71300000.0,-0.8577361096326197,1.2882731487208712,0.0011520611302123665
PML40,400ns_200ns,71600000.0,-0.8559148096830155,1.2986377627587848,0.0011599398308237687
PML40,400ns_200ns,71900000.0,-0.8538825835439453,1.30916401485909,0.0012418543589172715
PML40,400ns_200ns,72200000.0,-0.8515971963474206,1.319755245771535,0.001319913742038782
PML40,400ns_200ns,72500000.0,-0.849093789299879,1.330318572133597,0.0013425887023858468
PML40,400ns_200ns,72800000.0,-0.8464586633234784,1.3408161835995052,0.0012999099662212897
PML40,400ns_200ns,73100000.0,-0.8437758706165971,1.3512838357336303,0.0012211180255603494
PML40,400ns_200ns,73400000.0,-0.8410766431013814,1.3618074500258401,0.001165410732663801
PML40,400ns_200ns,73700000.0,-0.8383193694889349,1.3724716486725652,0.0011898342483398548
PML40,400ns_200ns,74000000.0,-0.8354106538299733,1.3833089663170437,0.0012988866013483719
PML40,400ns_200ns,74300000.0,-0.8322555210567684,1.3942775823001472,0.0014409732023999804
PML40,400ns_200ns,74600000.0,-0.8288092560815108,1.4052795496094652,0.0015541324714939196
PML40,400ns_200ns,74900000.0,-0.82510287572396,1.4162095018878484,0.0015965716447834495
PML40,400ns_200ns,75200000.0,-0.8212287720457101,1.4270076161687595,0.0015538019202015862
PML40,400ns_200ns,75500000.0,-0.8172945269503618,1.4376887448544724,0.0014385153965172013
PML40,400ns_200ns,75800000.0,-0.8133696589212434,1.4483327912865525,0.0012889470998231213
PML40,400ns_200ns,76100000.0,-0.8094532790936801,1.459042228478571,0.0011623937692407998
PML40,400ns_200ns,76400000.0,-0.8054789011299843,1.469889865805425,0.0011111936842762716
PML40,400ns_200ns,76700000.0,-0.8013525788147462,1.4808844676740625,0.0011417300485377065
PML40,400ns_200ns,77000000.0,-0.7970030416496066,1.4919715365606239,0.0012085287249220334
PML40,400ns_200ns,77300000.0,-0.792416831487431,1.5030673537844184,0.0012574671689535065
PML40,400ns_200ns,77600000.0,-0.787640332236605,1.5141067133168065,0.001258692696830918
PML40,400ns_200ns,77900000.0,-0.7827489032480951,1.5250780828220787,0.0012141189668051844
PML40,400ns_200ns,78200000.0,-0.7778010311272464,1.5360274876337465,0.0011545913563642744
PML40,400ns_200ns,78500000.0,-0.772803032783645,1.5470298294799978,0.001127460374101636
PML40,400ns_200ns,78800000.0,-0.7677035304975368,1.5581440415948207,0.0011663573656032745
PML40,400ns_200ns,79100000.0,-0.7624203878401299,1.5693769409804479,0.0012615155074627196
PML40,400ns_200ns,79400000.0,-0.7568851477805216,1.5806755266171975,0.0013692360852383294
PML40,400ns_200ns,79700000.0,-0.7510807518924583,1.5919518205008552,0.0014441538591006432
PML40,400ns_200ns,80000000.0,-0.7450522424095491,1.6031267714314887,0.0014583424983943996
PML40,400ns_200ns,80300000.0,-0.7388848899374884,1.614169701742351,0.0014063931998222778
PML40,400ns_200ns,80600000.0,-0.7326616389487516,1.6251124999103452,0.0013053457449780119
PML40,400ns_200ns,80900000.0,-0.7264225338620313,1.6360315313612448,0.001191723464869743
PML40,400ns_200ns,81200000.0,-0.7201472671579772,1.647007468522782,0.0011111040612759603
PML40,400ns_200ns,81500000.0,-0.7137692576822486,1.6580846581487527,0.0010935601776560096
PML40,400ns_200ns,81800000.0,-0.7072127699679147,1.6692512897188858,0.0011297056515688908
PML40,400ns_200ns,82100000.0,-0.700432637883914,1.680449968886721,0.0011805096862624075
PML40,400ns_200ns,82400000.0,-0.6934354174211269,1.6916118320185716,0.0012087714864868222
PML40,400ns_200ns,82700000.0,-0.6862713847821019,1.7026949799069502,0.0011981129322044543
PML40,400ns_200ns,83000000.0,-0.6790027733922593,1.7137062730772867,0.0011569160151143787
PML40,400ns_200ns,83300000.0,-0.6716663164451955,1.7246950927201845,0.0011142345819851176
PML40,400ns_200ns,83600000.0,-0.6642508076204863,1.735723136773657,0.001105845492381043
PML40,400ns_200ns,83900000.0,-0.6567018147302902,1.7468272514548675,0.0011495638333917267
PML40,400ns_200ns,84200000.0,-0.6489507287302589,1.7579957989154011,0.0012299294338521966
PML40,400ns_200ns,84500000.0,-0.6409521707364455,1.7691714414638784,0.0013110578474540033
PML40,400ns_200ns,84800000.0,-0.6327094491903235,1.7802787930584576,0.001359444583727026
PML40,400ns_200ns,85100000.0,-0.6242744167669589,1.7912620259603746,0.001356787202174972
PML40,400ns_200ns,85400000.0,-0.6157219465838497,1.8021123717617644,0.001303659803396018
PML40,400ns_200ns,85700000.0,-0.607112764802104,1.812871125252932,0.0012189054321537867
PML40,400ns_200ns,86000000.0,-0.5984643169103381,1.8236070057542904,0.0011350375980337057
PML40,400ns_200ns,86300000.0,-0.5897446844647798,1.834380323390408,0.0010857981450328917
PML40,400ns_200ns,86600000.0,-0.5808920174647022,1.8452130708981476,0.0010858489882660236
PML40,400ns_200ns,86900000.0,-0.5718483776057915,1.8560804022073008,0.0011199563111011855
PML40,400ns_200ns,87200000.0,-0.562589569291186,1.8669271536099008,0.0011568215782708487
PML40,400ns_200ns,87500000.0,-0.5531352359290675,1.8776996084113229,0.0011709759372131132
PML40,400ns_200ns,87800000.0,-0.5435345412598644,1.888374838511396,0.0011545032575650423
PML40,400ns_200ns,88100000.0,-0.5338360311606172,1.8989717623854685,0.0011188416460519034
PML40,400ns_200ns,88400000.0,-0.5240586081187207,1.909538351245268,0.0010895509128334728
PML40,400ns_200ns,88700000.0,-0.5141795779210238,1.9201224805863555,0.0010925957950115505
PML40,400ns_200ns,89000000.0,-0.5041461625470651,1.9307426807668722,0.0011358609609027133
PML40,400ns_200ns,89300000.0,-0.4939040297736944,1.9413748626841694,0.001202503831460521
PML40,400ns_200ns,89600000.0,-0.48342723859307263,1.95196224628665,0.0012634135431802787
PML40,400ns_200ns,89900000.0,-0.4727333937332326,1.9624431138448821,0.0012936996077840652
PML40,400ns_200ns,90200000.0,-0.4618759177223392,1.972781483546662,0.0012817730568075946
PML40,400ns_200ns,90500000.0,-0.45091767913261865,1.9829844090929745,0.0012319110927483347
PML40,400ns_200ns,90800000.0,-0.43990007978676476,1.993096958087088,0.0011628826302087702
PML40,400ns_200ns,91100000.0,-0.42882386820664264,2.00317791457518,0.0011020945304237811
PML40,400ns_200ns,91400000.0,-0.41765140116791005,2.013269388885695,0.0010732166313473655
PML40,400ns_200ns,91700000.0,-0.4063284913410333,2.0233764210420637,0.001081475881528955
PML40,400ns_200ns,92000000.0,-0.394813650777913,2.033466932197292,0.0011106855271170823
PML40,400ns_200ns,92300000.0,-0.38309896091534384,2.043491261532611,0.0011364053449266242
PML40,400ns_200ns,92600000.0,-0.37121173609752234,2.053410089515732,0.0011412807523891845
PML40,400ns_200ns,92900000.0,-0.35919676736606676,2.063215367157181,0.0011226579973963769
PML40,400ns_200ns,93200000.0,-0.34708941664764964,2.072933050937151,0.0010929228391065365
PML40,400ns_200ns,93500000.0,-0.3348945512122731,2.082606562025816,0.0010736137868223529
PML40,400ns_200ns,93800000.0,-0.32258284406717935,2.0922703846536295,0.001083067410050012
PML40,400ns_200ns,94100000.0,-0.3101063401962445,2.1019284367215527,0.0011232783084180705
PML40,400ns_200ns,94400000.0,-0.29742469538550687,2.1115490738400227,0.0011780303263430722
PML40,400ns_200ns,94700000.0,-0.28452779598432515,2.121079456810396,0.0012237967965513495
PML40,400ns_200ns,95000000.0,-0.2714425486967234,2.130471539529617,0.0012420039650164543
PML40,400ns_200ns,95300000.0,-0.2582202437681284,2.139705768114877,0.001225701548287228
PML40,400ns_200ns,95600000.0,-0.24491131296811863,2.1487999605362194,0.0011812063942037549
PML40,400ns_200ns,95900000.0,-0.23154091234964103,2.1577988934787014,0.0011260113122089313
PML40,400ns_200ns,96200000.0,-0.21809808816382775,2.1667504297330478,0.0010823460011947703
PML40,400ns_200ns,96500000.0,-0.20454382533372903,2.1756810216925397,0.0010661943144402032
PML40,400ns_200ns,96800000.0,-0.19083314985355967,2.184583444696253,0.0010775152276164236
PML40,400ns_200ns,97100000.0,-0.17693912793016303,2.193422778628037,0.0011012497144187504
PML40,400ns_200ns,97400000.0,-0.1628659380444635,2.2021567659481303,0.0011184954913102917
PML40,400ns_200ns,97700000.0,-0.14864440403898463,2.2107590895334885,0.001117514157698633
PML40,400ns_200ns,98000000.0,-0.13431299253771498,2.2192328524586165,0.0010988232965256496
PML40,400ns_200ns,98300000.0,-0.11989506380008852,2.227607150604458,0.0010745326672691807
PML40,400ns_200ns,98600000.0,-0.10538497248558959,2.2359189553349004,0.0010623230420947008
PML40,400ns_200ns,98900000.0,-0.09075058500668616,2.24419047765793,0.00107492100994322
PML40,400ns_200ns,99200000.0,-0.07595074485021736,2.2524145087690934,0.0011110271269735071
PML40,400ns_200ns,99500000.0,-0.06095811076210365,2.260555769147085,0.0011558877815758106
PML40,400ns_200ns,99800000.0,-0.04577496430540017,2.268567561920404,0.0011904775090578524
PML40,400ns_200ns,100100000.0,-0.030433471984898576,2.276414782597589,0.0012008677645811644
PML40,400ns_200ns,100400000.0,-0.014980299686266848,2.2840910084074464,0.0011832416541481127
PML40,400ns_200ns,100700000.0,0.000546171433497824,2.291620686151375,0.0011447906939921453
PML40,400ns_200ns,101000000.0,0.01613396323118969,2.299045484711451,0.0011011137555849474
PML40,400ns_200ns,101300000.0,0.031801575795887466,2.3064022887987896,0.0010698104353263054
PML40,400ns_200ns,101600000.0,0.047586278937400237,2.313704578092698,0.001061391179646122
PML40,400ns_200ns,101900000.0,0.06352328847786927,2.320936855231747,0.00107313851558477
PML40,400ns_200ns,102200000.0,0.07962716373664938,2.328064593601122,0.0010918320978253906
PML40,400ns_200ns,102500000.0,0.09588526470907961,2.335053824382584,0.0011028760183718197
PML40,400ns_200ns,102800000.0,0.11226637112132035,2.3418894714404317,0.0010984079724526146
PML40,400ns_200ns,103100000.0,0.12873931112971465,2.3485824945462097,0.001080745648642394
PML40,400ns_200ns,103400000.0,0.1452911406578863,2.3551621879196794,0.0010610873659142276
PML40,400ns_200ns,103700000.0,0.1619348552642692,2.36165811924219,0.0010537465071026803
PML40,400ns_200ns,104000000.0,0.17870246513320945,2.36808176827016,0.0010674770507987379
PML40,400ns_200ns,104300000.0,0.1956272780756718,2.374417973618143,0.0010992917075141858
PML40,400ns_200ns,104600000.0,0.2127250628957398,2.3806308820583486,0.0011361586651580833
PML40,400ns_200ns,104900000.0,0.22998430089753527,2.3866812149808707,0.001162637373969315
PML40,400ns_200ns,105200000.0,0.24737076621713655,2.392545597040201,0.0011682053551728153
PML40,400ns_200ns,105500000.0,0.2648439554957737,2.3982276677084355,0.001151088002004461
PML40,400ns_200ns,105800000.0,0.2823765982204694,2.403755192107454,0.0011185853122216687
PML40,400ns_200ns,106100000.0,0.299966969781843,2.4091649080167725,0.001084209382314444
PML40,400ns_200ns,106400000.0,0.31763773025461295,2.4144833149147216,0.0010617228916449228
PML40,400ns_200ns,106700000.0,0.33542228705449323,2.419713584284797,0.0010579103352530864
PML40,400ns_200ns,107000000.0,0.35334627651368333,2.4248352734990584,0.0010688875605509205
PML40,400ns_200ns,107300000.0,0.37141415908175035,2.429816533350843,0.0010833701944162311
PML40,400ns_200ns,107600000.0,0.38960792037446557,2.4346318256395025,0.0010900511048618983
PML40,400ns_200ns,107900000.0,0.40789818097380615,2.439275386032498,0.0010837215470292628
PML40,400ns_200ns,108200000.0,0.42626130558926806,2.4437631983015353,0.0010676113150348524
PML40,400ns_200ns,108500000.0,0.4446929778661987,2.448122629187884,0.0010517430253058205
PML40,400ns_200ns,108800000.0,0.4632107898169501,2.452375603105571,0.0010476523255230625
PML40,400ns_200ns,109100000.0,0.4818444753390378,2.456524639928158,0.0010613599752061452
PML40,400ns_200ns,109400000.0,0.5006191550314971,2.4605494320202657,0.0010891592318922343
PML40,400ns_200ns,109700000.0,0.5195407133049541,2.464415861391353,0.0011197257081546925
PML40,400ns_200ns,110000000.0,0.5385912188849382,2.4680926233567453,0.0011404523000862065
PML40,400ns_200ns,110300000.0,0.5577368457765504,2.471566566137892,0.0011432965223521158
PML40,400ns_200ns,110600000.0,0.5769440432735755,2.474848619395882,0.0011277465710576304
PML40,400ns_200ns,110900000.0,0.5961953587835958,2.4779672902051377,0.0011007476122570964
PML40,400ns_200ns,111200000.0,0.6154966297889557,2.4809533507053163,0.0010737945214751214
PML40,400ns_200ns,111500000.0,0.6348719900620869,2.483823943825304,0.0010576188188474015
PML40,400ns_200ns,111800000.0,0.6543496746628902,2.4865744624105655,0.0010565484486726724
PML40,400ns_200ns,112100000.0,0.673946425101529,2.4891822224815185,0.0010663709392844036
PML40,400ns_200ns,112400000.0,0.6936588413019825,2.491619556759784,0.0010775831968434543
PML40,400ns_200ns,112700000.0,0.7134660876725757,2.4938689673504566,0.0010813633494844892
PML40,400ns_200ns,113000000.0,0.7333421351159535,2.4959320481489313,0.0010742949657086018
PML40,400ns_200ns,113300000.0,0.7532705979649741,2.497827443315716,0.001059959767053784
PML40,400ns_200ns,113600000.0,0.7732539431392019,2.499579155189915,0.0010471588368171393
PML40,400ns_200ns,113900000.0,0.793312035149498,2.501201753171071,0.0010452178037980285
PML40,400ns_200ns,114200000.0,0.8134708470700043,2.5026906524101875,0.0010583241835933584
PML40,400ns_200ns,114500000.0,0.8337475112484983,2.504022808285587,0.0010826199870989008
PML40,400ns_200ns,114800000.0,0.8541398307449158,2.5051674926902416,0.001108352970024673
PML40,400ns_200ns,115100000.0,0.8746259194060393,2.5061013785995705,0.0011251442619447263
PML40,400ns_200ns,115400000.0,0.8951741625077055,2.506819883844398,0.0011267406803440062
PML40,400ns_200ns,115700000.0,0.9157581735874466,2.507338794322822,0.001113350232921509
PML40,400ns_200ns,116000000.0,0.9363688274090686,2.507685430715268,0.0010913161580092328
PML40,400ns_200ns,116300000.0,0.9570171230102844,2.507884183860624,0.0010703202298254298
PML40,400ns_200ns,116600000.0,0.977726611809094,2.5079441382977334,0.0010587695901149799
PML40,400ns_200ns,116900000.0,0.9985196920216141,2.5078552245801538,0.0010594136016229235
PML40,400ns_200ns,117200000.0,1.0194052302911354,2.507594645504613,0.0010681516324206014
PML40,400ns_200ns,117500000.0,1.040374073254617,2.5071397870033603,0.0010770215068529852
PML40,400ns_200ns,117800000.0,1.0614046106090396,2.5064804362878625,0.0010790662642114035
PML40,400ns_200ns,118100000.0,1.0824750745676965,2.505623670327681,0.0010720581935517992
PML40,400ns_200ns,118400000.0,1.1035756740388478,2.504588887923008,0.0010595924595981324
PML40,400ns_200ns,118700000.0,1.124713866372566,2.50339586495932,0.0010493196053028783
PML40,400ns_200ns,119000000.0,1.1459098956443983,2.502052479361822,0.0010488469112010668
PML40,400ns_200ns,119300000.0,1.1671850571704676,2.5005488714848645,0.00106116250727053
PML40,400ns_200ns,119600000.0,1.1885490869705446,2.4988612626475506,0.0010825760763266096
PML40,400ns_200ns,119900000.0,1.2099935163218922,2.4969634069242077,0.0011047279642418368
PML40,400ns_200ns,120200000.0,1.2314945813067695,2.494839547178664,0.0011189878544164
PML40,400ns_200ns,120500000.0,1.2530241299508007,2.492491979572997,0.0011203829966948656
PML40,400ns_200ns,120800000.0,1.2745627150437127,2.4899392708648493,0.0011094769624758027
PML40,400ns_200ns,121100000.0,1.296107970285156,2.4872061924527684,0.001091909288959052
PML40,400ns_200ns,121400000.0,1.31767398075792,2.484310813684421,0.0010758022900204788
PML40,400ns_200ns,121700000.0,1.3392822196420884,2.481255597957516,0.0010678104982333335
PML40,400ns_200ns,122000000.0,1.3609490912340079,2.478027065657963,0.001069690942909964
PML40,400ns_200ns,122300000.0,1.3826768074084235,2.4746039113637157,0.0010776637433892917
PML40,400ns_200ns,122600000.0,1.4044523734874947,2.4709689389778906,0.0010850560731156386
PML40,400ns_200ns,122900000.0,1.4262549809882763,2.4671182344867963,0.001086305046212608
PML40,400ns_200ns,123200000.0,1.4480675506215253,2.4630626332909054,0.00107995499430329
PML40,400ns_200ns,123500000.0,1.4698859929090404,2.4588208167565493,0.0010694245626728467
PML40,400ns_200ns,123800000.0,1.4917210918009616,2.4544079432527086,0.0010613378108608126
PML40,400ns_200ns,124100000.0,1.5135919953091628,2.4498261121408134,0.0010619823278922487
PML40,400ns_200ns,124400000.0,1.5355148777714323,2.4450619130717035,0.0010735794269744472
PML40,400ns_200ns,124700000.0,1.5574929428739868,2.4400924358937277,0.0010927691791896995
PML40,400ns_200ns,125000000.0,1.5795131845544843,2.434896533424029,0.0011123983074652548
PML40,400ns_200ns,125300000.0,1.6015516591613426,2.4294653173056724,0.0011252117192708266
PML40,400ns_200ns,125600000.0,1.6235844523707026,2.423806317875377,0.001127151096777172
PML40,400ns_200ns,125900000.0,1.6455985147221772,2.417939170079311,0.001118905351885178
PML40,400ns_200ns,126200000.0,1.6675966849993662,2.4118852189718814,0.0011054007257893898
PML40,400ns_200ns,126500000.0,1.6895943992799292,2.4056566252297844,0.0010934536608161597
PML40,400ns_200ns,126800000.0,1.7116100467418986,2.399250705342032,0.0010884045914585333
PML40,400ns_200ns,127100000.0,1.7336542688209133,2.392652327594716,0.0010913961944655495
PML40,400ns_200ns,127400000.0,1.7557239356964767,2.3858428163196064,0.001099045657926429
PML40,400ns_200ns,127700000.0,1.7778038869532522,2.3788103625502863,0.001105738441911507
PML40,400ns_200ns,128000000.0,1.799875265941449,2.3715562406148596,0.0011069550569111444
PML40,400ns_200ns,128300000.0,1.8219257275300145,2.3640935182463143,0.0011017323844647558
PML40,400ns_200ns,128600000.0,1.8439558585624387,2.3564390872099663,0.0010932208288167468
PML40,400ns_200ns,128900000.0,1.8659782881697258,2.3486034733369654,0.0010871575302331994
PML40,400ns_200ns,129200000.0,1.8880099848625087,2.3405840557021222,0.0010888178034001899
PML40,400ns_200ns,129500000.0,1.9100619448481393,2.332365433822011,0.0010999387506668717
PML40,400ns_200ns,129800000.0,1.932131874213685,2.3239267862201918,0.0011175543672452372
PML40,400ns_200ns,130100000.0,1.9542038289623043,2.315252286978246,0.0011355420353881774
PML40,400ns_200ns,130400000.0,1.976255018131991,2.3063390217656674,0.0011477374070830006
PML40,400ns_200ns,130700000.0,1.9982661424507744,2.2971982208497144,0.0011507433413050887
PML40,400ns_200ns,131000000.0,2.020229794045723,2.2878492286096357,0.0011452431548258455
PML40,400ns_200ns,131300000.0,2.0421525474315665,2.278309495827935,0.0011354950131841762
PML40,400ns_200ns,131600000.0,2.0640497956501,2.2685859353919473,0.0011272381108029875
PML40,400ns_200ns,131900000.0,2.085936258769025,2.258672149111485,0.0011248215991899056
PML40,400ns_200ns,132200000.0,2.107817331088627,2.2485528042479452,0.001129006618270217
PML40,400ns_200ns,132500000.0,2.129685862894512,2.2382125840365923,0.0011368092856850137
PML40,400ns_200ns,132800000.0,2.151525944463912,2.2276447375930952,0.0011434744944202743
PML40,400ns_200ns,133100000.0,2.173321442606473,2.216854578021957,0.0011452709716098758
PML40,400ns_200ns,133400000.0,2.1950645017698402,2.2058561065595983,0.0011415493931705677
PML40,400ns_200ns,133700000.0,2.216759312455443,2.1946637123602275,0.0011351637925625826
PML40,400ns_200ns,134000000.0,2.238419083861059,2.183283563112545,0.0011310991473925875
PML40,400ns_200ns,134300000.0,2.2600578800506708,2.171709435889582,0.0011338455286172837
PML40,400ns_200ns,134600000.0,2.2816817665053697,2.159925298263153,0.0011448285005355861
PML40,400ns_200ns,134900000.0,2.3032840727011408,2.1479132821753857,0.0011614762446209468
PML40,400ns_200ns,135200000.0,2.3248473392025413,2.1356627881249497,0.001178537962617297
PML40,400ns_200ns,135500000.0,2.3463509173583974,2.123175871053317,0.001190727700090758
PML40,400ns_200ns,135800000.0,2.367780177465097,2.110466081493127,0.0011951435899434
PML40,400ns_200ns,136100000.0,2.3891324683491653,2.09755144936274,0.0011924039145513596
PML40,400ns_200ns,136400000.0,2.410416766377789,2.0844453989727185,0.0011861733995074902
PML40,400ns_200ns,136700000.0,2.4316473570933925,2.0711504147123088,0.0011813081588284474
PML40,400ns_200ns,137000000.0,2.4528350587727425,2.0576577144352677,0.0011813958672932344
PML40,400ns_200ns,137300000.0,2.4739807293261045,2.0439529091877264,0.0011869504813373545
PML40,400ns_200ns,137600000.0,2.4950744646714154,2.0300244205941276,0.001195349562556651
PML40,400ns_200ns,137900000.0,2.5161007550753425,2.015870013944908,0.0012025330460577856
PML40,400ns_200ns,138200000.0,2.537046635026949,2.0014979187617277,0.0012053769721728136
PML40,400ns_200ns,138500000.0,2.5579082847706,1.9869220113914203,0.0012034394418723533
PML40,400ns_200ns,138800000.0,2.578692445608214,1.972153779126962,0.0011992891191846921
PML40,400ns_200ns,139100000.0,2.599411875864803,1.957195516980195,0.0011972792197792051
PML40,400ns_200ns,139400000.0,2.6200773288373838,1.9420385094367605,0.0012012763338634575
PML40,400ns_200ns,139700000.0,2.6406904161542024,1.9266672249135364,0.001212489751483498
PML40,400ns_200ns,140000000.0,2.661241228513384,1.9110672920910627,0.0012287035241216847
PML40,400ns_200ns,140300000.0,2.6817120100928387,1.8952329970381099,0.001245398068593062
PML40,400ns_200ns,140600000.0,2.702084931426367,1.8791703185291688,0.001258009260116643
PML40,400ns_200ns,140900000.0,2.722349833894179,1.8628939315585957,0.0012640287872303824
PML40,400ns_200ns,141200000.0,2.742507881168698,1.8464198354921517,0.0012639985453686922
PML40,400ns_200ns,141500000.0,2.7625692879752832,1.8297575620891635,0.0012610765825788756
PML40,400ns_200ns,141800000.0,2.7825464765759573,1.8129060690542782,0.001259394971042808
PML40,400ns_200ns,142100000.0,2.802446417159019,1.7958553766014012,0.0012619397302247514
PML40,400ns_200ns,142400000.0,2.822266260050228,1.778592889707559,0.0012690485288281647
PML40,400ns_200ns,142700000.0,2.841994507628271,1.7611108569650142,0.0012784056875304224
PML40,400ns_200ns,143000000.0,2.861616936252392,1.7434108791012646,0.0012865141025336637
PML40,400ns_200ns,143300000.0,2.8811239171128444,1.7255030569927583,0.001290731747863616
PML40,400ns_200ns,143600000.0,2.9005150744164343,1.7074003245485356,0.0012907669374403858
PML40,400ns_200ns,143900000.0,2.919798718712456,1.689111133487287,0.0012889351756373
PML40,400ns_200ns,144200000.0,2.9389863652634443,1.6706345325771852,0.0012890605842713248
PML40,400ns_200ns,144500000.0,2.958085324849338,1.651960360048539,0.0012944990393561578
PML40,400ns_200ns,144800000.0,2.97709339318551,1.633074482754056,0.0013062885659616147
PML40,400ns_200ns,145100000.0,2.995998521022716,1.6139662868553772,0.0013225110262901109
PML40,400ns_200ns,145400000.0,3.0147836581110083,1.5946344227042202,0.0013392554848123861
PML40,400ns_200ns,145700000.0,3.0334341935076337,1.5750877630222015,0.0013525636682216527
PML40,400ns_200ns,146000000.0,3.0519440526715016,1.5553411114979792,0.0013602619452008082
PML40,400ns_200ns,146300000.0,3.0703172739358733,1.5354079956497668,0.001362832382684146
PML40,400ns_200ns,146600000.0,3.088564338271279,1.5152943896785158,0.0013630132219713143
PML40,400ns_200ns,146900000.0,3.1066953293041863,1.4949966458550608,0.001364339980843126
PML40,400ns_200ns,147200000.0,3.124713646200141,1.4745046002196296,0.0013693075979569907
PML40,400ns_200ns,147500000.0,3.1426136133922875,1.4538080274383978,0.0013781110678966534
PML40,400ns_200ns,147800000.0,3.1603831617933333,1.4329028580306469,0.0013886839189646428
PML40,400ns_200ns,148100000.0,3.1780099901697487,1.4117937719780795,0.0013979882545382843
PML40,400ns_200ns,148400000.0,3.19548775219288,1.39049180973839,0.001403777884208471
PML40,400ns_200ns,148700000.0,3.2128188476366417,1.3690083763501733,0.0014058842785430786
PML40,400ns_200ns,149000000.0,3.230012283671023,1.3473489705855812,0.0014064100004161258
PML40,400ns_200ns,149300000.0,3.2470777728178457,1.3255101007710295,0.0014087348295197524
PML40,400ns_200ns,149600000.0,3.2640192798562264,1.3034811012512824,0.0014157826606414862
PML40,400ns_200ns,149900000.0,3.2808315223898585,1.2812499009781264,0.0014284369044310504
PML40,400ns_200ns,150200000.0,3.2975013277149023,1.2588096636785417,0.0014450141675259305
PML40,400ns_200ns,150500000.0,3.3140131333204894,1.2361627615076938,0.0014621075031579997
PML40,400ns_200ns,150800000.0,3.3303557072637173,1.213319990974381,0.001476276503452628
PML40,400ns_200ns,151100000.0,3.3465265421433315,1.1902954937450219,0.0014856480852878263
PML40,400ns_200ns,151400000.0,3.3625316589681744,1.1671001218486075,0.0014906725406052125
PML40,400ns_200ns,151700000.0,3.3783810333438105,1.1437367681542754,0.0014937471624702546
PML40,400ns_200ns,152000000.0,3.3940821817095888,1.1202000690180196,0.0014979118492970034
PML40,400ns_200ns,152300000.0,3.4096353735707288,1.096480500914752,0.0015052485759091746
PML40,400ns_200ns,152600000.0,3.4250329880283594,1.0725705363689566,0.0015158245571056808
PML40,400ns_200ns,152900000.0,3.4402632462549585,1.0484694637948437,0.0015277708384596623
PML40,400ns_200ns,153200000.0,3.455316176619742,1.0241842638984442,0.001538428735563162
PML40,400ns_200ns,153500000.0,3.4701884881153022,0.999726121835861,0.001545887926915198
PML40,400ns_200ns,153800000.0,3.4848846630270254,0.9751045407739453,0.001550091672811679
PML40,400ns_200ns,154100000.0,3.4994136666660953,0.950322316894215,0.0015529687988700405
PML40,400ns_200ns,154400000.0,3.5137830666728527,0.9253741503326481,0.001557522919075631
PML40,400ns_200ns,154700000.0,3.5279937596638904,0.9002496811683924,0.0015663025522751753
PML40,400ns_200ns,155000000.0,3.5420381691005867,0.8749393405821333,0.0015800405683943318
PML40,400ns_200ns,155300000.0,3.5559029010510725,0.8494398926859765,0.0015972305011650945
PML40,400ns_200ns,155600000.0,3.569574449480165,0.8237567203128363,0.001614882522530692
PML40,400ns_200ns,155900000.0,3.5830449235265194,0.7979016664661868,0.0016300050199839948
PML40,400ns_200ns,156200000.0,3.59631478821458,0.7718876209009957,0.001641002888967939
PML40,400ns_200ns,156500000.0,3.6093912387658547,0.7457227546911793,0.0016483226882873438
PML40,400ns_200ns,156800000.0,3.622283173428881,0.7194074429762902,0.0016540869811833272
PML40,400ns_200ns,157100000.0,3.634995522606702,0.6929354240765115,0.0016609194012883913
PML40,400ns_200ns,157400000.0,3.647525977627039,0.6662984453672538,0.0016705467703945463
PML40,400ns_200ns,157700000.0,3.659865808355481,0.639491789297319,0.0016829164734797177
PML40,400ns_200ns,158000000.0,3.67200421689278,0.6125176501263908,0.0016963155180716187
PML40,400ns_200ns,158300000.0,3.683933765389152,0.5853845516152764,0.0017084036654193982
PML40,400ns_200ns,158600000.0,3.6956538656204225,0.5581031784271382,0.0017175629798120045
PML40,400ns_200ns,158900000.0,3.707170407277757,0.5306809486072835,0.0017238432001194168
PML40,400ns_200ns,159200000.0,3.7184917238565736,0.5031183271175824,0.0017290325268524249
PML40,400ns_200ns,159500000.0,3.729623091884275,0.4754089203518472,0.0017358121560519277
PML40,400ns_200ns,159800000.0,3.7405627529608587,0.4475433329533364,0.0017463980896355953
PML40,400ns_200ns,160100000.0,3.7513016206905387,0.4195147324527249,0.001761373822580937
PML40,400ns_200ns,160400000.0,3.76182684634902,0.3913231521186063,0.0017793627533662915
PML40,400ns_200ns,160700000.0,3.7721273493354337,0.3629762510156977,0.0017977223075324338
PML40,400ns_200ns,161000000.0,3.7821983842795337,0.33448615712073804,0.0018138536910001426
PML40,400ns_200ns,161300000.0,3.7920427613618055,0.30586410733745567,0.001826420884201028
PML40,400ns_200ns,161600000.0,3.8016681499645295,0.2771157441375839,0.001835888450796543
PML40,400ns_200ns,161900000.0,3.8110819893179944,0.24823952849258207,0.0018441563198299518
PML40,400ns_200ns,162200000.0,3.8202867755849548,0.219229017449764,0.0018534940591717255
PML40,400ns_200ns,162500000.0,3.829278234809395,0.19007766931624775,0.0018653187088860457
PML40,400ns_200ns,162800000.0,3.838047285844228,0.16078350683884893,0.0018794650744396947
PML40,400ns_200ns,163100000.0,3.8465846297107107,0.13135109651632812,0.001894345586449419
PML40,400ns_200ns,163400000.0,3.8548853930686584,0.10178980216263554,0.0019078926683325124
PML40,400ns_200ns,163700000.0,3.8629512562015855,0.072109316071447,0.0019187473211668964
PML40,400ns_200ns,164000000.0,3.870788892478411,0.042314949951569675,0.001927061119263075
PML40,400ns_200ns,164300000.0,3.878405566979954,0.012405286460340873,0.001934506786266973
PML40,400ns_200ns,164600000.0,3.885804288252274,-0.017626500573709843,0.0019434849173551754
PML40,400ns_200ns,164900000.0,3.8929811475081193,-0.047788342246008024,0.001955913417880831
PML40,400ns_200ns,165200000.0,3.8999262951960074,-0.07808428347273261,0.0019722293781256205
PML40,400ns_200ns,165500000.0,3.90662804625151,-0.10851146521252998,0.001991151256911169
PML40,400ns_200ns,165800000.0,3.9130779340175756,-0.13906067186574528,0.002010329109610907
PML40,400ns_200ns,166100000.0,3.9192740450533576,-0.16972012240282383,0.002027510517278462
PML40,400ns_200ns,166400000.0,3.9252209129690607,-0.20048046247657955,0.002041599665101259
PML40,400ns_200ns,166700000.0,3.9309261051804087,-0.23133830772416386,0.002053092491347927
PML40,400ns_200ns,167000000.0,3.936395394703086,-0.26229650825603007,0.002063705146121679
PML40,400ns_200ns,167300000.0,3.9416291265929826,-0.2933610924295325,0.0020754019922014175
PML40,400ns_200ns,167600000.0,3.946621693434706,-0.32453663029265994,0.002089327908033461
PML40,400ns_200ns,167900000.0,3.9513643194512906,-0.3558225743591553,0.002105214185509587
PML40,400ns_200ns,168200000.0,3.955849555994947,-0.3872125598494026,0.002121577991166439
PML40,400ns_200ns,168500000.0,3.9600749830961,-0.41869700634387047,0.002136589883207841
PML40,400ns_200ns,168800000.0,3.9640440725505517,-0.4502675566195351,0.0021491224134406895
PML40,400ns_200ns,169100000.0,3.967763733828529,-0.4819208946654279,0.0021594227030839156
PML40,400ns_200ns,169400000.0,3.9712398771624673,-0.513659833037712,0.0021690654506351975
PML40,400ns_200ns,169700000.0,3.974473405934803,-0.5454910495938975,0.002180203095587426
PML40,400ns_200ns,170000000.0,3.9774588165993325,-0.5774206706726002,0.002194484597328533
