
=== Electromagnetic modelling software based on the Finite-Difference Time-Domain (FDTD) method 

    www.gprmax.com   __  __
     __ _ _ __  _ __|  \/  | __ ___  __
    / _` | '_ \| '__| |\/| |/ _` \ \/ /
   | (_| | |_) | |  | |  | | (_| |>  <
    \__, | .__/|_|  |_|  |_|\__,_/_/\_\\
    |___/|_|
                     v4.0.0 (Caol Ila)

 Copyright (C) 2015-2026: The University of Edinburgh, United Kingdom

 gprMax is free software: you can redistribute it and/or modify it under the
  terms of the GNU General Public License as published by the Free Software
  Foundation, either version 3 of the License, or (at your option) any later
  version.
 gprMax is distributed in the hope that it will be useful, but WITHOUT ANY
  WARRANTY; without even the implied warranty of MERCHANTABILITY or FITNESS FOR
  A PARTICULAR PURPOSE.  See the GNU General Public License for more details.
 You should have received a copy of the GNU General Public License along with
  gprMax.  If not, see www.gnu.org/licenses.

LAPTOP-83GRKUNE | unknown unknown | unknown x unknown (16 cores, 32 cores with Hyper-Threading) | 63.2 GiB | Windows 11 (64-bit)
|--->OpenMP: 16 threads
|--->CUDA:
     |--->Device 0: NVIDIA GeForce RTX 4090 Laptop GPU | 16.0 GiB
Constants/variables used/available for Python scripting: {c: 299792458.0, current_model_run: 1, e0: 8.8541878188e-12, inputfile: E:\automation_djh\artifacts\research_checks\2026-10-04_hs4_permittivity_wavefield\w15_eps9_halfspace\profile.in, m0: 1.25663706127e-06, number_model_runs: 1, z0: 376.7303134118051}

Model title: HS4T2D 15m per-eps wavefield v0.1 (cover eps_r=9, non-dispersive; ricker95; centre station)
Spatial discretisation: 0.025 x 0.05 x 0.025m
Domain size: 36 x 0.05 x 33m (1440 x 1 x 1320 = 1.9008e+06 cells)
#domain: 36.0 0.05 33.0 detected a 2D model from a 1-cell-thick axis (legacy, implicit style) - consider declaring '#domain_mode: TM' explicitly with 'inf' on that axis in '#domain' instead, which also supports TE mode.
Mode: 2D TMy
Time step (at CFL limit): 5.89664e-11 secs
Time window: 6e-07 secs (10177 iterations)
Simulation will use 8 OpenMP threads
PML thickness: x0=80, y0=0, z0=40, xmax=80, ymax=0, zmax=40
Waveform ricker95 of type ricker with maximum amplitude scaling 1, frequency 9.5e+07Hz created.
Hertzian dipole with polarity y at 17.6m, 0m, 27m, using waveform ricker95 created.
Receiver at 18.9m, 0m, 27m with output component(s) Ey created.
Receiver at 15.075m, 0m, 8.975m with output component(s) Ey, Hx, Hz created.
Receiver at 15.075m, 0m, 8.95m with output component(s) Hx created.
Receiver at 15.05m, 0m, 8.975m with output component(s) Hz created.
Receiver at 16.575m, 0m, 8.975m with output component(s) Ey, Hx, Hz created.
Receiver at 16.575m, 0m, 8.95m with output component(s) Hx created.
Receiver at 16.55m, 0m, 8.975m with output component(s) Hz created.
Receiver at 18.075m, 0m, 8.975m with output component(s) Ey, Hx, Hz created.
Receiver at 18.075m, 0m, 8.95m with output component(s) Hx created.
Receiver at 18.05m, 0m, 8.975m with output component(s) Hz created.
Receiver at 19.575m, 0m, 8.975m with output component(s) Ey, Hx, Hz created.
Receiver at 19.575m, 0m, 8.95m with output component(s) Hx created.
Receiver at 19.55m, 0m, 8.975m with output component(s) Hz created.
Receiver at 21.075m, 0m, 8.975m with output component(s) Ey, Hx, Hz created.
Receiver at 21.075m, 0m, 8.95m with output component(s) Hx created.
Receiver at 21.05m, 0m, 8.975m with output component(s) Hz created.
Receiver at 15.075m, 0m, 11.975m with output component(s) Ey, Hx, Hz created.
Receiver at 15.075m, 0m, 11.95m with output component(s) Hx created.
Receiver at 15.05m, 0m, 11.975m with output component(s) Hz created.
Receiver at 18.075m, 0m, 11.975m with output component(s) Ey, Hx, Hz created.
Receiver at 18.075m, 0m, 11.95m with output component(s) Hx created.
Receiver at 18.05m, 0m, 11.975m with output component(s) Hz created.
Receiver at 21.075m, 0m, 11.975m with output component(s) Ey, Hx, Hz created.
Receiver at 21.075m, 0m, 11.95m with output component(s) Hx created.
Receiver at 21.05m, 0m, 11.975m with output component(s) Hz created.
Receiver at 18.825m, 0m, 13.925m with output component(s) Ey, Hx, Hz created.
Receiver at 18.825m, 0m, 13.9m with output component(s) Hx created.
Receiver at 18.8m, 0m, 13.925m with output component(s) Hz created.
Receiver at 18.825m, 0m, 26.975m with output component(s) Ey, Hx, Hz created.
Receiver at 18.825m, 0m, 26.95m with output component(s) Hx created.
Receiver at 18.8m, 0m, 26.975m with output component(s) Hz created.
Receiver at 16.575m, 0m, 17.075m with output component(s) Ey, Hx, Hz created.
Receiver at 16.575m, 0m, 17.05m with output component(s) Hx created.
Receiver at 16.55m, 0m, 17.075m with output component(s) Hz created.
Receiver at 19.575m, 0m, 17.075m with output component(s) Ey, Hx, Hz created.
Receiver at 19.575m, 0m, 17.05m with output component(s) Hx created.
Receiver at 19.55m, 0m, 17.075m with output component(s) Hz created.
Material rock with eps_r=9, sigma=0.001 S/m; mu_r=1, sigma*=0 Ohm/m created.
Material cover with eps_r=9, sigma=0.003 S/m; mu_r=1, sigma*=0 Ohm/m created.
PML formulation set to HORIPML
Snapshot from 13.5m, 0m, 8m, to 22.5m, 0.05m, 28.1m, discretisation 0.15m, 0.05m, 0.15m, at 0 secs (iteration 0; magnetic fields at -2.94832e-11 secs) with field outputs Ex, Ey, Ez, Hx, Hy, Hz  and filename snap00000.h5 will be created.
Snapshot from 13.5m, 0m, 8m, to 22.5m, 0.05m, 28.1m, discretisation 0.15m, 0.05m, 0.15m, at 1.00243e-09 secs (iteration 17; magnetic fields at 9.72945e-10 secs) with field outputs Ex, Ey, Ez, Hx, Hy, Hz  and filename snap00017.h5 will be created.
Snapshot from 13.5m, 0m, 8m, to 22.5m, 0.05m, 28.1m, discretisation 0.15m, 0.05m, 0.15m, at 2.00486e-09 secs (iteration 34; magnetic fields at 1.97537e-09 secs) with field outputs Ex, Ey, Ez, Hx, Hy, Hz  and filename snap00034.h5 will be created.
Snapshot from 13.5m, 0m, 8m, to 22.5m, 0.05m, 28.1m, discretisation 0.15m, 0.05m, 0.15m, at 3.00728e-09 secs (iteration 51; magnetic fields at 2.9778e-09 secs) with field outputs Ex, Ey, Ez, Hx, Hy, Hz  and filename snap00051.h5 will be created.
Snapshot from 13.5m, 0m, 8m, to 22.5m, 0.05m, 28.1m, discretisation 0.15m, 0.05m, 0.15m, at 4.00971e-09 secs (iteration 68; magnetic fields at 3.98023e-09 secs) with field outputs Ex, Ey, Ez, Hx, Hy, Hz  and filename snap00068.h5 will be created.
Snapshot from 13.5m, 0m, 8m, to 22.5m, 0.05m, 28.1m, discretisation 0.15m, 0.05m, 0.15m, at 5.01214e-09 secs (iteration 85; magnetic fields at 4.98266e-09 secs) with field outputs Ex, Ey, Ez, Hx, Hy, Hz  and filename snap00085.h5 will be created.
Snapshot from 13.5m, 0m, 8m, to 22.5m, 0.05m, 28.1m, discretisation 0.15m, 0.05m, 0.15m, at 6.01457e-09 secs (iteration 102; magnetic fields at 5.98509e-09 secs) with field outputs Ex, Ey, Ez, Hx, Hy, Hz  and filename snap00102.h5 will be created.
Snapshot from 13.5m, 0m, 8m, to 22.5m, 0.05m, 28.1m, discretisation 0.15m, 0.05m, 0.15m, at 7.017e-09 secs (iteration 119; magnetic fields at 6.98751e-09 secs) with field outputs Ex, Ey, Ez, Hx, Hy, Hz  and filename snap00119.h5 will be created.
Snapshot from 13.5m, 0m, 8m, to 22.5m, 0.05m, 28.1m, discretisation 0.15m, 0.05m, 0.15m, at 8.01942e-09 secs (iteration 136; magnetic fields at 7.98994e-09 secs) with field outputs Ex, Ey, Ez, Hx, Hy, Hz  and filename snap00136.h5 will be created.
Snapshot from 13.5m, 0m, 8m, to 22.5m, 0.05m, 28.1m, discretisation 0.15m, 0.05m, 0.15m, at 9.02185e-09 secs (iteration 153; magnetic fields at 8.99237e-09 secs) with field outputs Ex, Ey, Ez, Hx, Hy, Hz  and filename snap00153.h5 will be created.
Snapshot from 13.5m, 0m, 8m, to 22.5m, 0.05m, 28.1m, discretisation 0.15m, 0.05m, 0.15m, at 1.00243e-08 secs (iteration 170; magnetic fields at 9.9948e-09 secs) with field outputs Ex, Ey, Ez, Hx, Hy, Hz  and filename snap00170.h5 will be created.
Snapshot from 13.5m, 0m, 8m, to 22.5m, 0.05m, 28.1m, discretisation 0.15m, 0.05m, 0.15m, at 1.10267e-08 secs (iteration 187; magnetic fields at 1.09972e-08 secs) with field outputs Ex, Ey, Ez, Hx, Hy, Hz  and filename snap00187.h5 will be created.
Snapshot from 13.5m, 0m, 8m, to 22.5m, 0.05m, 28.1m, discretisation 0.15m, 0.05m, 0.15m, at 1.20291e-08 secs (iteration 204; magnetic fields at 1.19997e-08 secs) with field outputs Ex, Ey, Ez, Hx, Hy, Hz  and filename snap00204.h5 will be created.
Snapshot from 13.5m, 0m, 8m, to 22.5m, 0.05m, 28.1m, discretisation 0.15m, 0.05m, 0.15m, at 1.30316e-08 secs (iteration 221; magnetic fields at 1.30021e-08 secs) with field outputs Ex, Ey, Ez, Hx, Hy, Hz  and filename snap00221.h5 will be created.
Snapshot from 13.5m, 0m, 8m, to 22.5m, 0.05m, 28.1m, discretisation 0.15m, 0.05m, 0.15m, at 1.4034e-08 secs (iteration 238; magnetic fields at 1.40045e-08 secs) with field outputs Ex, Ey, Ez, Hx, Hy, Hz  and filename snap00238.h5 will be created.
Snapshot from 13.5m, 0m, 8m, to 22.5m, 0.05m, 28.1m, discretisation 0.15m, 0.05m, 0.15m, at 1.50364e-08 secs (iteration 255; magnetic fields at 1.50069e-08 secs) with field outputs Ex, Ey, Ez, Hx, Hy, Hz  and filename snap00255.h5 will be created.
Snapshot from 13.5m, 0m, 8m, to 22.5m, 0.05m, 28.1m, discretisation 0.15m, 0.05m, 0.15m, at 1.60388e-08 secs (iteration 272; magnetic fields at 1.60094e-08 secs) with field outputs Ex, Ey, Ez, Hx, Hy, Hz  and filename snap00272.h5 will be created.
Snapshot from 13.5m, 0m, 8m, to 22.5m, 0.05m, 28.1m, discretisation 0.15m, 0.05m, 0.15m, at 1.70413e-08 secs (iteration 289; magnetic fields at 1.70118e-08 secs) with field outputs Ex, Ey, Ez, Hx, Hy, Hz  and filename snap00289.h5 will be created.
Snapshot from 13.5m, 0m, 8m, to 22.5m, 0.05m, 28.1m, discretisation 0.15m, 0.05m, 0.15m, at 1.80437e-08 secs (iteration 306; magnetic fields at 1.80142e-08 secs) with field outputs Ex, Ey, Ez, Hx, Hy, Hz  and filename snap00306.h5 will be created.
Snapshot from 13.5m, 0m, 8m, to 22.5m, 0.05m, 28.1m, discretisation 0.15m, 0.05m, 0.15m, at 1.90461e-08 secs (iteration 323; magnetic fields at 1.90167e-08 secs) with field outputs Ex, Ey, Ez, Hx, Hy, Hz  and filename snap00323.h5 will be created.
Snapshot from 13.5m, 0m, 8m, to 22.5m, 0.05m, 28.1m, discretisation 0.15m, 0.05m, 0.15m, at 2.00486e-08 secs (iteration 340; magnetic fields at 2.00191e-08 secs) with field outputs Ex, Ey, Ez, Hx, Hy, Hz  and filename snap00340.h5 will be created.
Snapshot from 13.5m, 0m, 8m, to 22.5m, 0.05m, 28.1m, discretisation 0.15m, 0.05m, 0.15m, at 2.1051e-08 secs (iteration 357; magnetic fields at 2.10215e-08 secs) with field outputs Ex, Ey, Ez, Hx, Hy, Hz  and filename snap00357.h5 will be created.
Snapshot from 13.5m, 0m, 8m, to 22.5m, 0.05m, 28.1m, discretisation 0.15m, 0.05m, 0.15m, at 2.20534e-08 secs (iteration 374; magnetic fields at 2.20239e-08 secs) with field outputs Ex, Ey, Ez, Hx, Hy, Hz  and filename snap00374.h5 will be created.
Snapshot from 13.5m, 0m, 8m, to 22.5m, 0.05m, 28.1m, discretisation 0.15m, 0.05m, 0.15m, at 2.30558e-08 secs (iteration 391; magnetic fields at 2.30264e-08 secs) with field outputs Ex, Ey, Ez, Hx, Hy, Hz  and filename snap00391.h5 will be created.
Snapshot from 13.5m, 0m, 8m, to 22.5m, 0.05m, 28.1m, discretisation 0.15m, 0.05m, 0.15m, at 2.40583e-08 secs (iteration 408; magnetic fields at 2.40288e-08 secs) with field outputs Ex, Ey, Ez, Hx, Hy, Hz  and filename snap00408.h5 will be created.
Snapshot from 13.5m, 0m, 8m, to 22.5m, 0.05m, 28.1m, discretisation 0.15m, 0.05m, 0.15m, at 2.50607e-08 secs (iteration 425; magnetic fields at 2.50312e-08 secs) with field outputs Ex, Ey, Ez, Hx, Hy, Hz  and filename snap00425.h5 will be created.
Snapshot from 13.5m, 0m, 8m, to 22.5m, 0.05m, 28.1m, discretisation 0.15m, 0.05m, 0.15m, at 2.60631e-08 secs (iteration 442; magnetic fields at 2.60336e-08 secs) with field outputs Ex, Ey, Ez, Hx, Hy, Hz  and filename snap00442.h5 will be created.
Snapshot from 13.5m, 0m, 8m, to 22.5m, 0.05m, 28.1m, discretisation 0.15m, 0.05m, 0.15m, at 2.70656e-08 secs (iteration 459; magnetic fields at 2.70361e-08 secs) with field outputs Ex, Ey, Ez, Hx, Hy, Hz  and filename snap00459.h5 will be created.
Snapshot from 13.5m, 0m, 8m, to 22.5m, 0.05m, 28.1m, discretisation 0.15m, 0.05m, 0.15m, at 2.8068e-08 secs (iteration 476; magnetic fields at 2.80385e-08 secs) with field outputs Ex, Ey, Ez, Hx, Hy, Hz  and filename snap00476.h5 will be created.
Snapshot from 13.5m, 0m, 8m, to 22.5m, 0.05m, 28.1m, discretisation 0.15m, 0.05m, 0.15m, at 2.90704e-08 secs (iteration 493; magnetic fields at 2.90409e-08 secs) with field outputs Ex, Ey, Ez, Hx, Hy, Hz  and filename snap00493.h5 will be created.
Snapshot from 13.5m, 0m, 8m, to 22.5m, 0.05m, 28.1m, discretisation 0.15m, 0.05m, 0.15m, at 3.00728e-08 secs (iteration 510; magnetic fields at 3.00434e-08 secs) with field outputs Ex, Ey, Ez, Hx, Hy, Hz  and filename snap00510.h5 will be created.
Snapshot from 13.5m, 0m, 8m, to 22.5m, 0.05m, 28.1m, discretisation 0.15m, 0.05m, 0.15m, at 3.10753e-08 secs (iteration 527; magnetic fields at 3.10458e-08 secs) with field outputs Ex, Ey, Ez, Hx, Hy, Hz  and filename snap00527.h5 will be created.
Snapshot from 13.5m, 0m, 8m, to 22.5m, 0.05m, 28.1m, discretisation 0.15m, 0.05m, 0.15m, at 3.20777e-08 secs (iteration 544; magnetic fields at 3.20482e-08 secs) with field outputs Ex, Ey, Ez, Hx, Hy, Hz  and filename snap00544.h5 will be created.
Snapshot from 13.5m, 0m, 8m, to 22.5m, 0.05m, 28.1m, discretisation 0.15m, 0.05m, 0.15m, at 3.30801e-08 secs (iteration 561; magnetic fields at 3.30506e-08 secs) with field outputs Ex, Ey, Ez, Hx, Hy, Hz  and filename snap00561.h5 will be created.
Snapshot from 13.5m, 0m, 8m, to 22.5m, 0.05m, 28.1m, discretisation 0.15m, 0.05m, 0.15m, at 3.40826e-08 secs (iteration 578; magnetic fields at 3.40531e-08 secs) with field outputs Ex, Ey, Ez, Hx, Hy, Hz  and filename snap00578.h5 will be created.
Snapshot from 13.5m, 0m, 8m, to 22.5m, 0.05m, 28.1m, discretisation 0.15m, 0.05m, 0.15m, at 3.5085e-08 secs (iteration 595; magnetic fields at 3.50555e-08 secs) with field outputs Ex, Ey, Ez, Hx, Hy, Hz  and filename snap00595.h5 will be created.
Snapshot from 13.5m, 0m, 8m, to 22.5m, 0.05m, 28.1m, discretisation 0.15m, 0.05m, 0.15m, at 3.60874e-08 secs (iteration 612; magnetic fields at 3.60579e-08 secs) with field outputs Ex, Ey, Ez, Hx, Hy, Hz  and filename snap00612.h5 will be created.
Snapshot from 13.5m, 0m, 8m, to 22.5m, 0.05m, 28.1m, discretisation 0.15m, 0.05m, 0.15m, at 3.70898e-08 secs (iteration 629; magnetic fields at 3.70604e-08 secs) with field outputs Ex, Ey, Ez, Hx, Hy, Hz  and filename snap00629.h5 will be created.
Snapshot from 13.5m, 0m, 8m, to 22.5m, 0.05m, 28.1m, discretisation 0.15m, 0.05m, 0.15m, at 3.80923e-08 secs (iteration 646; magnetic fields at 3.80628e-08 secs) with field outputs Ex, Ey, Ez, Hx, Hy, Hz  and filename snap00646.h5 will be created.
Snapshot from 13.5m, 0m, 8m, to 22.5m, 0.05m, 28.1m, discretisation 0.15m, 0.05m, 0.15m, at 3.90947e-08 secs (iteration 663; magnetic fields at 3.90652e-08 secs) with field outputs Ex, Ey, Ez, Hx, Hy, Hz  and filename snap00663.h5 will be created.
Snapshot from 13.5m, 0m, 8m, to 22.5m, 0.05m, 28.1m, discretisation 0.15m, 0.05m, 0.15m, at 4.00971e-08 secs (iteration 680; magnetic fields at 4.00676e-08 secs) with field outputs Ex, Ey, Ez, Hx, Hy, Hz  and filename snap00680.h5 will be created.
Snapshot from 13.5m, 0m, 8m, to 22.5m, 0.05m, 28.1m, discretisation 0.15m, 0.05m, 0.15m, at 4.10996e-08 secs (iteration 697; magnetic fields at 4.10701e-08 secs) with field outputs Ex, Ey, Ez, Hx, Hy, Hz  and filename snap00697.h5 will be created.
Snapshot from 13.5m, 0m, 8m, to 22.5m, 0.05m, 28.1m, discretisation 0.15m, 0.05m, 0.15m, at 4.2102e-08 secs (iteration 714; magnetic fields at 4.20725e-08 secs) with field outputs Ex, Ey, Ez, Hx, Hy, Hz  and filename snap00714.h5 will be created.
Snapshot from 13.5m, 0m, 8m, to 22.5m, 0.05m, 28.1m, discretisation 0.15m, 0.05m, 0.15m, at 4.31044e-08 secs (iteration 731; magnetic fields at 4.30749e-08 secs) with field outputs Ex, Ey, Ez, Hx, Hy, Hz  and filename snap00731.h5 will be created.
Snapshot from 13.5m, 0m, 8m, to 22.5m, 0.05m, 28.1m, discretisation 0.15m, 0.05m, 0.15m, at 4.41068e-08 secs (iteration 748; magnetic fields at 4.40774e-08 secs) with field outputs Ex, Ey, Ez, Hx, Hy, Hz  and filename snap00748.h5 will be created.
Snapshot from 13.5m, 0m, 8m, to 22.5m, 0.05m, 28.1m, discretisation 0.15m, 0.05m, 0.15m, at 4.51093e-08 secs (iteration 765; magnetic fields at 4.50798e-08 secs) with field outputs Ex, Ey, Ez, Hx, Hy, Hz  and filename snap00765.h5 will be created.
Snapshot from 13.5m, 0m, 8m, to 22.5m, 0.05m, 28.1m, discretisation 0.15m, 0.05m, 0.15m, at 4.61117e-08 secs (iteration 782; magnetic fields at 4.60822e-08 secs) with field outputs Ex, Ey, Ez, Hx, Hy, Hz  and filename snap00782.h5 will be created.
Snapshot from 13.5m, 0m, 8m, to 22.5m, 0.05m, 28.1m, discretisation 0.15m, 0.05m, 0.15m, at 4.71141e-08 secs (iteration 799; magnetic fields at 4.70846e-08 secs) with field outputs Ex, Ey, Ez, Hx, Hy, Hz  and filename snap00799.h5 will be created.
Snapshot from 13.5m, 0m, 8m, to 22.5m, 0.05m, 28.1m, discretisation 0.15m, 0.05m, 0.15m, at 4.81165e-08 secs (iteration 816; magnetic fields at 4.80871e-08 secs) with field outputs Ex, Ey, Ez, Hx, Hy, Hz  and filename snap00816.h5 will be created.
Snapshot from 13.5m, 0m, 8m, to 22.5m, 0.05m, 28.1m, discretisation 0.15m, 0.05m, 0.15m, at 4.9119e-08 secs (iteration 833; magnetic fields at 4.90895e-08 secs) with field outputs Ex, Ey, Ez, Hx, Hy, Hz  and filename snap00833.h5 will be created.
Snapshot from 13.5m, 0m, 8m, to 22.5m, 0.05m, 28.1m, discretisation 0.15m, 0.05m, 0.15m, at 5.01214e-08 secs (iteration 850; magnetic fields at 5.00919e-08 secs) with field outputs Ex, Ey, Ez, Hx, Hy, Hz  and filename snap00850.h5 will be created.
Snapshot from 13.5m, 0m, 8m, to 22.5m, 0.05m, 28.1m, discretisation 0.15m, 0.05m, 0.15m, at 5.11238e-08 secs (iteration 867; magnetic fields at 5.10943e-08 secs) with field outputs Ex, Ey, Ez, Hx, Hy, Hz  and filename snap00867.h5 will be created.
Snapshot from 13.5m, 0m, 8m, to 22.5m, 0.05m, 28.1m, discretisation 0.15m, 0.05m, 0.15m, at 5.21263e-08 secs (iteration 884; magnetic fields at 5.20968e-08 secs) with field outputs Ex, Ey, Ez, Hx, Hy, Hz  and filename snap00884.h5 will be created.
Snapshot from 13.5m, 0m, 8m, to 22.5m, 0.05m, 28.1m, discretisation 0.15m, 0.05m, 0.15m, at 5.31287e-08 secs (iteration 901; magnetic fields at 5.30992e-08 secs) with field outputs Ex, Ey, Ez, Hx, Hy, Hz  and filename snap00901.h5 will be created.
Snapshot from 13.5m, 0m, 8m, to 22.5m, 0.05m, 28.1m, discretisation 0.15m, 0.05m, 0.15m, at 5.41311e-08 secs (iteration 918; magnetic fields at 5.41016e-08 secs) with field outputs Ex, Ey, Ez, Hx, Hy, Hz  and filename snap00918.h5 will be created.
Snapshot from 13.5m, 0m, 8m, to 22.5m, 0.05m, 28.1m, discretisation 0.15m, 0.05m, 0.15m, at 5.51335e-08 secs (iteration 935; magnetic fields at 5.51041e-08 secs) with field outputs Ex, Ey, Ez, Hx, Hy, Hz  and filename snap00935.h5 will be created.
Snapshot from 13.5m, 0m, 8m, to 22.5m, 0.05m, 28.1m, discretisation 0.15m, 0.05m, 0.15m, at 5.6136e-08 secs (iteration 952; magnetic fields at 5.61065e-08 secs) with field outputs Ex, Ey, Ez, Hx, Hy, Hz  and filename snap00952.h5 will be created.
Snapshot from 13.5m, 0m, 8m, to 22.5m, 0.05m, 28.1m, discretisation 0.15m, 0.05m, 0.15m, at 5.71384e-08 secs (iteration 969; magnetic fields at 5.71089e-08 secs) with field outputs Ex, Ey, Ez, Hx, Hy, Hz  and filename snap00969.h5 will be created.
Snapshot from 13.5m, 0m, 8m, to 22.5m, 0.05m, 28.1m, discretisation 0.15m, 0.05m, 0.15m, at 5.81408e-08 secs (iteration 986; magnetic fields at 5.81113e-08 secs) with field outputs Ex, Ey, Ez, Hx, Hy, Hz  and filename snap00986.h5 will be created.
Snapshot from 13.5m, 0m, 8m, to 22.5m, 0.05m, 28.1m, discretisation 0.15m, 0.05m, 0.15m, at 5.91433e-08 secs (iteration 1003; magnetic fields at 5.91138e-08 secs) with field outputs Ex, Ey, Ez, Hx, Hy, Hz  and filename snap01003.h5 will be created.
Snapshot from 13.5m, 0m, 8m, to 22.5m, 0.05m, 28.1m, discretisation 0.15m, 0.05m, 0.15m, at 6.01457e-08 secs (iteration 1020; magnetic fields at 6.01162e-08 secs) with field outputs Ex, Ey, Ez, Hx, Hy, Hz  and filename snap01020.h5 will be created.
Snapshot from 13.5m, 0m, 8m, to 22.5m, 0.05m, 28.1m, discretisation 0.15m, 0.05m, 0.15m, at 6.11481e-08 secs (iteration 1037; magnetic fields at 6.11186e-08 secs) with field outputs Ex, Ey, Ez, Hx, Hy, Hz  and filename snap01037.h5 will be created.
Snapshot from 13.5m, 0m, 8m, to 22.5m, 0.05m, 28.1m, discretisation 0.15m, 0.05m, 0.15m, at 6.21505e-08 secs (iteration 1054; magnetic fields at 6.21211e-08 secs) with field outputs Ex, Ey, Ez, Hx, Hy, Hz  and filename snap01054.h5 will be created.
Snapshot from 13.5m, 0m, 8m, to 22.5m, 0.05m, 28.1m, discretisation 0.15m, 0.05m, 0.15m, at 6.3153e-08 secs (iteration 1071; magnetic fields at 6.31235e-08 secs) with field outputs Ex, Ey, Ez, Hx, Hy, Hz  and filename snap01071.h5 will be created.
Snapshot from 13.5m, 0m, 8m, to 22.5m, 0.05m, 28.1m, discretisation 0.15m, 0.05m, 0.15m, at 6.41554e-08 secs (iteration 1088; magnetic fields at 6.41259e-08 secs) with field outputs Ex, Ey, Ez, Hx, Hy, Hz  and filename snap01088.h5 will be created.
Snapshot from 13.5m, 0m, 8m, to 22.5m, 0.05m, 28.1m, discretisation 0.15m, 0.05m, 0.15m, at 6.51578e-08 secs (iteration 1105; magnetic fields at 6.51283e-08 secs) with field outputs Ex, Ey, Ez, Hx, Hy, Hz  and filename snap01105.h5 will be created.
Snapshot from 13.5m, 0m, 8m, to 22.5m, 0.05m, 28.1m, discretisation 0.15m, 0.05m, 0.15m, at 6.61603e-08 secs (iteration 1122; magnetic fields at 6.61308e-08 secs) with field outputs Ex, Ey, Ez, Hx, Hy, Hz  and filename snap01122.h5 will be created.
Snapshot from 13.5m, 0m, 8m, to 22.5m, 0.05m, 28.1m, discretisation 0.15m, 0.05m, 0.15m, at 6.71627e-08 secs (iteration 1139; magnetic fields at 6.71332e-08 secs) with field outputs Ex, Ey, Ez, Hx, Hy, Hz  and filename snap01139.h5 will be created.
Snapshot from 13.5m, 0m, 8m, to 22.5m, 0.05m, 28.1m, discretisation 0.15m, 0.05m, 0.15m, at 6.81651e-08 secs (iteration 1156; magnetic fields at 6.81356e-08 secs) with field outputs Ex, Ey, Ez, Hx, Hy, Hz  and filename snap01156.h5 will be created.
Snapshot from 13.5m, 0m, 8m, to 22.5m, 0.05m, 28.1m, discretisation 0.15m, 0.05m, 0.15m, at 6.91675e-08 secs (iteration 1173; magnetic fields at 6.91381e-08 secs) with field outputs Ex, Ey, Ez, Hx, Hy, Hz  and filename snap01173.h5 will be created.
Snapshot from 13.5m, 0m, 8m, to 22.5m, 0.05m, 28.1m, discretisation 0.15m, 0.05m, 0.15m, at 7.017e-08 secs (iteration 1190; magnetic fields at 7.01405e-08 secs) with field outputs Ex, Ey, Ez, Hx, Hy, Hz  and filename snap01190.h5 will be created.
Snapshot from 13.5m, 0m, 8m, to 22.5m, 0.05m, 28.1m, discretisation 0.15m, 0.05m, 0.15m, at 7.11724e-08 secs (iteration 1207; magnetic fields at 7.11429e-08 secs) with field outputs Ex, Ey, Ez, Hx, Hy, Hz  and filename snap01207.h5 will be created.
Snapshot from 13.5m, 0m, 8m, to 22.5m, 0.05m, 28.1m, discretisation 0.15m, 0.05m, 0.15m, at 7.21748e-08 secs (iteration 1224; magnetic fields at 7.21453e-08 secs) with field outputs Ex, Ey, Ez, Hx, Hy, Hz  and filename snap01224.h5 will be created.
Snapshot from 13.5m, 0m, 8m, to 22.5m, 0.05m, 28.1m, discretisation 0.15m, 0.05m, 0.15m, at 7.31773e-08 secs (iteration 1241; magnetic fields at 7.31478e-08 secs) with field outputs Ex, Ey, Ez, Hx, Hy, Hz  and filename snap01241.h5 will be created.
Snapshot from 13.5m, 0m, 8m, to 22.5m, 0.05m, 28.1m, discretisation 0.15m, 0.05m, 0.15m, at 7.41797e-08 secs (iteration 1258; magnetic fields at 7.41502e-08 secs) with field outputs Ex, Ey, Ez, Hx, Hy, Hz  and filename snap01258.h5 will be created.
Snapshot from 13.5m, 0m, 8m, to 22.5m, 0.05m, 28.1m, discretisation 0.15m, 0.05m, 0.15m, at 7.51821e-08 secs (iteration 1275; magnetic fields at 7.51526e-08 secs) with field outputs Ex, Ey, Ez, Hx, Hy, Hz  and filename snap01275.h5 will be created.
Snapshot from 13.5m, 0m, 8m, to 22.5m, 0.05m, 28.1m, discretisation 0.15m, 0.05m, 0.15m, at 7.61845e-08 secs (iteration 1292; magnetic fields at 7.61551e-08 secs) with field outputs Ex, Ey, Ez, Hx, Hy, Hz  and filename snap01292.h5 will be created.
Snapshot from 13.5m, 0m, 8m, to 22.5m, 0.05m, 28.1m, discretisation 0.15m, 0.05m, 0.15m, at 7.7187e-08 secs (iteration 1309; magnetic fields at 7.71575e-08 secs) with field outputs Ex, Ey, Ez, Hx, Hy, Hz  and filename snap01309.h5 will be created.
Snapshot from 13.5m, 0m, 8m, to 22.5m, 0.05m, 28.1m, discretisation 0.15m, 0.05m, 0.15m, at 7.81894e-08 secs (iteration 1326; magnetic fields at 7.81599e-08 secs) with field outputs Ex, Ey, Ez, Hx, Hy, Hz  and filename snap01326.h5 will be created.
Snapshot from 13.5m, 0m, 8m, to 22.5m, 0.05m, 28.1m, discretisation 0.15m, 0.05m, 0.15m, at 7.91918e-08 secs (iteration 1343; magnetic fields at 7.91623e-08 secs) with field outputs Ex, Ey, Ez, Hx, Hy, Hz  and filename snap01343.h5 will be created.
Snapshot from 13.5m, 0m, 8m, to 22.5m, 0.05m, 28.1m, discretisation 0.15m, 0.05m, 0.15m, at 8.01942e-08 secs (iteration 1360; magnetic fields at 8.01648e-08 secs) with field outputs Ex, Ey, Ez, Hx, Hy, Hz  and filename snap01360.h5 will be created.
Snapshot from 13.5m, 0m, 8m, to 22.5m, 0.05m, 28.1m, discretisation 0.15m, 0.05m, 0.15m, at 8.11967e-08 secs (iteration 1377; magnetic fields at 8.11672e-08 secs) with field outputs Ex, Ey, Ez, Hx, Hy, Hz  and filename snap01377.h5 will be created.
Snapshot from 13.5m, 0m, 8m, to 22.5m, 0.05m, 28.1m, discretisation 0.15m, 0.05m, 0.15m, at 8.21991e-08 secs (iteration 1394; magnetic fields at 8.21696e-08 secs) with field outputs Ex, Ey, Ez, Hx, Hy, Hz  and filename snap01394.h5 will be created.
Snapshot from 13.5m, 0m, 8m, to 22.5m, 0.05m, 28.1m, discretisation 0.15m, 0.05m, 0.15m, at 8.32015e-08 secs (iteration 1411; magnetic fields at 8.3172e-08 secs) with field outputs Ex, Ey, Ez, Hx, Hy, Hz  and filename snap01411.h5 will be created.
Snapshot from 13.5m, 0m, 8m, to 22.5m, 0.05m, 28.1m, discretisation 0.15m, 0.05m, 0.15m, at 8.4204e-08 secs (iteration 1428; magnetic fields at 8.41745e-08 secs) with field outputs Ex, Ey, Ez, Hx, Hy, Hz  and filename snap01428.h5 will be created.
Snapshot from 13.5m, 0m, 8m, to 22.5m, 0.05m, 28.1m, discretisation 0.15m, 0.05m, 0.15m, at 8.52064e-08 secs (iteration 1445; magnetic fields at 8.51769e-08 secs) with field outputs Ex, Ey, Ez, Hx, Hy, Hz  and filename snap01445.h5 will be created.
Snapshot from 13.5m, 0m, 8m, to 22.5m, 0.05m, 28.1m, discretisation 0.15m, 0.05m, 0.15m, at 8.62088e-08 secs (iteration 1462; magnetic fields at 8.61793e-08 secs) with field outputs Ex, Ey, Ez, Hx, Hy, Hz  and filename snap01462.h5 will be created.
Snapshot from 13.5m, 0m, 8m, to 22.5m, 0.05m, 28.1m, discretisation 0.15m, 0.05m, 0.15m, at 8.72112e-08 secs (iteration 1479; magnetic fields at 8.71818e-08 secs) with field outputs Ex, Ey, Ez, Hx, Hy, Hz  and filename snap01479.h5 will be created.
Snapshot from 13.5m, 0m, 8m, to 22.5m, 0.05m, 28.1m, discretisation 0.15m, 0.05m, 0.15m, at 8.82137e-08 secs (iteration 1496; magnetic fields at 8.81842e-08 secs) with field outputs Ex, Ey, Ez, Hx, Hy, Hz  and filename snap01496.h5 will be created.
Snapshot from 13.5m, 0m, 8m, to 22.5m, 0.05m, 28.1m, discretisation 0.15m, 0.05m, 0.15m, at 8.92161e-08 secs (iteration 1513; magnetic fields at 8.91866e-08 secs) with field outputs Ex, Ey, Ez, Hx, Hy, Hz  and filename snap01513.h5 will be created.
Snapshot from 13.5m, 0m, 8m, to 22.5m, 0.05m, 28.1m, discretisation 0.15m, 0.05m, 0.15m, at 9.02185e-08 secs (iteration 1530; magnetic fields at 9.0189e-08 secs) with field outputs Ex, Ey, Ez, Hx, Hy, Hz  and filename snap01530.h5 will be created.
Snapshot from 13.5m, 0m, 8m, to 22.5m, 0.05m, 28.1m, discretisation 0.15m, 0.05m, 0.15m, at 9.1221e-08 secs (iteration 1547; magnetic fields at 9.11915e-08 secs) with field outputs Ex, Ey, Ez, Hx, Hy, Hz  and filename snap01547.h5 will be created.
Snapshot from 13.5m, 0m, 8m, to 22.5m, 0.05m, 28.1m, discretisation 0.15m, 0.05m, 0.15m, at 9.22234e-08 secs (iteration 1564; magnetic fields at 9.21939e-08 secs) with field outputs Ex, Ey, Ez, Hx, Hy, Hz  and filename snap01564.h5 will be created.
Snapshot from 13.5m, 0m, 8m, to 22.5m, 0.05m, 28.1m, discretisation 0.15m, 0.05m, 0.15m, at 9.32258e-08 secs (iteration 1581; magnetic fields at 9.31963e-08 secs) with field outputs Ex, Ey, Ez, Hx, Hy, Hz  and filename snap01581.h5 will be created.
Snapshot from 13.5m, 0m, 8m, to 22.5m, 0.05m, 28.1m, discretisation 0.15m, 0.05m, 0.15m, at 9.42282e-08 secs (iteration 1598; magnetic fields at 9.41988e-08 secs) with field outputs Ex, Ey, Ez, Hx, Hy, Hz  and filename snap01598.h5 will be created.
Snapshot from 13.5m, 0m, 8m, to 22.5m, 0.05m, 28.1m, discretisation 0.15m, 0.05m, 0.15m, at 9.52307e-08 secs (iteration 1615; magnetic fields at 9.52012e-08 secs) with field outputs Ex, Ey, Ez, Hx, Hy, Hz  and filename snap01615.h5 will be created.
Snapshot from 13.5m, 0m, 8m, to 22.5m, 0.05m, 28.1m, discretisation 0.15m, 0.05m, 0.15m, at 9.62331e-08 secs (iteration 1632; magnetic fields at 9.62036e-08 secs) with field outputs Ex, Ey, Ez, Hx, Hy, Hz  and filename snap01632.h5 will be created.
Snapshot from 13.5m, 0m, 8m, to 22.5m, 0.05m, 28.1m, discretisation 0.15m, 0.05m, 0.15m, at 9.72355e-08 secs (iteration 1649; magnetic fields at 9.7206e-08 secs) with field outputs Ex, Ey, Ez, Hx, Hy, Hz  and filename snap01649.h5 will be created.
Snapshot from 13.5m, 0m, 8m, to 22.5m, 0.05m, 28.1m, discretisation 0.15m, 0.05m, 0.15m, at 9.8238e-08 secs (iteration 1666; magnetic fields at 9.82085e-08 secs) with field outputs Ex, Ey, Ez, Hx, Hy, Hz  and filename snap01666.h5 will be created.
Snapshot from 13.5m, 0m, 8m, to 22.5m, 0.05m, 28.1m, discretisation 0.15m, 0.05m, 0.15m, at 9.92404e-08 secs (iteration 1683; magnetic fields at 9.92109e-08 secs) with field outputs Ex, Ey, Ez, Hx, Hy, Hz  and filename snap01683.h5 will be created.
Snapshot from 13.5m, 0m, 8m, to 22.5m, 0.05m, 28.1m, discretisation 0.15m, 0.05m, 0.15m, at 1.00243e-07 secs (iteration 1700; magnetic fields at 1.00213e-07 secs) with field outputs Ex, Ey, Ez, Hx, Hy, Hz  and filename snap01700.h5 will be created.
Snapshot from 13.5m, 0m, 8m, to 22.5m, 0.05m, 28.1m, discretisation 0.15m, 0.05m, 0.15m, at 1.01245e-07 secs (iteration 1717; magnetic fields at 1.01216e-07 secs) with field outputs Ex, Ey, Ez, Hx, Hy, Hz  and filename snap01717.h5 will be created.
Snapshot from 13.5m, 0m, 8m, to 22.5m, 0.05m, 28.1m, discretisation 0.15m, 0.05m, 0.15m, at 1.02248e-07 secs (iteration 1734; magnetic fields at 1.02218e-07 secs) with field outputs Ex, Ey, Ez, Hx, Hy, Hz  and filename snap01734.h5 will be created.
Snapshot from 13.5m, 0m, 8m, to 22.5m, 0.05m, 28.1m, discretisation 0.15m, 0.05m, 0.15m, at 1.0325e-07 secs (iteration 1751; magnetic fields at 1.03221e-07 secs) with field outputs Ex, Ey, Ez, Hx, Hy, Hz  and filename snap01751.h5 will be created.
Snapshot from 13.5m, 0m, 8m, to 22.5m, 0.05m, 28.1m, discretisation 0.15m, 0.05m, 0.15m, at 1.04253e-07 secs (iteration 1768; magnetic fields at 1.04223e-07 secs) with field outputs Ex, Ey, Ez, Hx, Hy, Hz  and filename snap01768.h5 will be created.
Snapshot from 13.5m, 0m, 8m, to 22.5m, 0.05m, 28.1m, discretisation 0.15m, 0.05m, 0.15m, at 1.05255e-07 secs (iteration 1785; magnetic fields at 1.05225e-07 secs) with field outputs Ex, Ey, Ez, Hx, Hy, Hz  and filename snap01785.h5 will be created.
Snapshot from 13.5m, 0m, 8m, to 22.5m, 0.05m, 28.1m, discretisation 0.15m, 0.05m, 0.15m, at 1.06257e-07 secs (iteration 1802; magnetic fields at 1.06228e-07 secs) with field outputs Ex, Ey, Ez, Hx, Hy, Hz  and filename snap01802.h5 will be created.
Snapshot from 13.5m, 0m, 8m, to 22.5m, 0.05m, 28.1m, discretisation 0.15m, 0.05m, 0.15m, at 1.0726e-07 secs (iteration 1819; magnetic fields at 1.0723e-07 secs) with field outputs Ex, Ey, Ez, Hx, Hy, Hz  and filename snap01819.h5 will be created.
Snapshot from 13.5m, 0m, 8m, to 22.5m, 0.05m, 28.1m, discretisation 0.15m, 0.05m, 0.15m, at 1.08262e-07 secs (iteration 1836; magnetic fields at 1.08233e-07 secs) with field outputs Ex, Ey, Ez, Hx, Hy, Hz  and filename snap01836.h5 will be created.
Snapshot from 13.5m, 0m, 8m, to 22.5m, 0.05m, 28.1m, discretisation 0.15m, 0.05m, 0.15m, at 1.09265e-07 secs (iteration 1853; magnetic fields at 1.09235e-07 secs) with field outputs Ex, Ey, Ez, Hx, Hy, Hz  and filename snap01853.h5 will be created.
Snapshot from 13.5m, 0m, 8m, to 22.5m, 0.05m, 28.1m, discretisation 0.15m, 0.05m, 0.15m, at 1.10267e-07 secs (iteration 1870; magnetic fields at 1.10238e-07 secs) with field outputs Ex, Ey, Ez, Hx, Hy, Hz  and filename snap01870.h5 will be created.
Snapshot from 13.5m, 0m, 8m, to 22.5m, 0.05m, 28.1m, discretisation 0.15m, 0.05m, 0.15m, at 1.1127e-07 secs (iteration 1887; magnetic fields at 1.1124e-07 secs) with field outputs Ex, Ey, Ez, Hx, Hy, Hz  and filename snap01887.h5 will be created.
Snapshot from 13.5m, 0m, 8m, to 22.5m, 0.05m, 28.1m, discretisation 0.15m, 0.05m, 0.15m, at 1.12272e-07 secs (iteration 1904; magnetic fields at 1.12242e-07 secs) with field outputs Ex, Ey, Ez, Hx, Hy, Hz  and filename snap01904.h5 will be created.
Snapshot from 13.5m, 0m, 8m, to 22.5m, 0.05m, 28.1m, discretisation 0.15m, 0.05m, 0.15m, at 1.13274e-07 secs (iteration 1921; magnetic fields at 1.13245e-07 secs) with field outputs Ex, Ey, Ez, Hx, Hy, Hz  and filename snap01921.h5 will be created.
Snapshot from 13.5m, 0m, 8m, to 22.5m, 0.05m, 28.1m, discretisation 0.15m, 0.05m, 0.15m, at 1.14277e-07 secs (iteration 1938; magnetic fields at 1.14247e-07 secs) with field outputs Ex, Ey, Ez, Hx, Hy, Hz  and filename snap01938.h5 will be created.
Snapshot from 13.5m, 0m, 8m, to 22.5m, 0.05m, 28.1m, discretisation 0.15m, 0.05m, 0.15m, at 1.15279e-07 secs (iteration 1955; magnetic fields at 1.1525e-07 secs) with field outputs Ex, Ey, Ez, Hx, Hy, Hz  and filename snap01955.h5 will be created.
Snapshot from 13.5m, 0m, 8m, to 22.5m, 0.05m, 28.1m, discretisation 0.15m, 0.05m, 0.15m, at 1.16282e-07 secs (iteration 1972; magnetic fields at 1.16252e-07 secs) with field outputs Ex, Ey, Ez, Hx, Hy, Hz  and filename snap01972.h5 will be created.
Snapshot from 13.5m, 0m, 8m, to 22.5m, 0.05m, 28.1m, discretisation 0.15m, 0.05m, 0.15m, at 1.17284e-07 secs (iteration 1989; magnetic fields at 1.17255e-07 secs) with field outputs Ex, Ey, Ez, Hx, Hy, Hz  and filename snap01989.h5 will be created.
Snapshot from 13.5m, 0m, 8m, to 22.5m, 0.05m, 28.1m, discretisation 0.15m, 0.05m, 0.15m, at 1.18287e-07 secs (iteration 2006; magnetic fields at 1.18257e-07 secs) with field outputs Ex, Ey, Ez, Hx, Hy, Hz  and filename snap02006.h5 will be created.
Snapshot from 13.5m, 0m, 8m, to 22.5m, 0.05m, 28.1m, discretisation 0.15m, 0.05m, 0.15m, at 1.19289e-07 secs (iteration 2023; magnetic fields at 1.19259e-07 secs) with field outputs Ex, Ey, Ez, Hx, Hy, Hz  and filename snap02023.h5 will be created.
Snapshot from 13.5m, 0m, 8m, to 22.5m, 0.05m, 28.1m, discretisation 0.15m, 0.05m, 0.15m, at 1.20291e-07 secs (iteration 2040; magnetic fields at 1.20262e-07 secs) with field outputs Ex, Ey, Ez, Hx, Hy, Hz  and filename snap02040.h5 will be created.
Snapshot from 13.5m, 0m, 8m, to 22.5m, 0.05m, 28.1m, discretisation 0.15m, 0.05m, 0.15m, at 1.21294e-07 secs (iteration 2057; magnetic fields at 1.21264e-07 secs) with field outputs Ex, Ey, Ez, Hx, Hy, Hz  and filename snap02057.h5 will be created.
Snapshot from 13.5m, 0m, 8m, to 22.5m, 0.05m, 28.1m, discretisation 0.15m, 0.05m, 0.15m, at 1.22296e-07 secs (iteration 2074; magnetic fields at 1.22267e-07 secs) with field outputs Ex, Ey, Ez, Hx, Hy, Hz  and filename snap02074.h5 will be created.
Snapshot from 13.5m, 0m, 8m, to 22.5m, 0.05m, 28.1m, discretisation 0.15m, 0.05m, 0.15m, at 1.23299e-07 secs (iteration 2091; magnetic fields at 1.23269e-07 secs) with field outputs Ex, Ey, Ez, Hx, Hy, Hz  and filename snap02091.h5 will be created.
Snapshot from 13.5m, 0m, 8m, to 22.5m, 0.05m, 28.1m, discretisation 0.15m, 0.05m, 0.15m, at 1.24301e-07 secs (iteration 2108; magnetic fields at 1.24272e-07 secs) with field outputs Ex, Ey, Ez, Hx, Hy, Hz  and filename snap02108.h5 will be created.
Snapshot from 13.5m, 0m, 8m, to 22.5m, 0.05m, 28.1m, discretisation 0.15m, 0.05m, 0.15m, at 1.25304e-07 secs (iteration 2125; magnetic fields at 1.25274e-07 secs) with field outputs Ex, Ey, Ez, Hx, Hy, Hz  and filename snap02125.h5 will be created.
Snapshot from 13.5m, 0m, 8m, to 22.5m, 0.05m, 28.1m, discretisation 0.15m, 0.05m, 0.15m, at 1.26306e-07 secs (iteration 2142; magnetic fields at 1.26276e-07 secs) with field outputs Ex, Ey, Ez, Hx, Hy, Hz  and filename snap02142.h5 will be created.
Snapshot from 13.5m, 0m, 8m, to 22.5m, 0.05m, 28.1m, discretisation 0.15m, 0.05m, 0.15m, at 1.27308e-07 secs (iteration 2159; magnetic fields at 1.27279e-07 secs) with field outputs Ex, Ey, Ez, Hx, Hy, Hz  and filename snap02159.h5 will be created.
Snapshot from 13.5m, 0m, 8m, to 22.5m, 0.05m, 28.1m, discretisation 0.15m, 0.05m, 0.15m, at 1.28311e-07 secs (iteration 2176; magnetic fields at 1.28281e-07 secs) with field outputs Ex, Ey, Ez, Hx, Hy, Hz  and filename snap02176.h5 will be created.
Snapshot from 13.5m, 0m, 8m, to 22.5m, 0.05m, 28.1m, discretisation 0.15m, 0.05m, 0.15m, at 1.29313e-07 secs (iteration 2193; magnetic fields at 1.29284e-07 secs) with field outputs Ex, Ey, Ez, Hx, Hy, Hz  and filename snap02193.h5 will be created.
Snapshot from 13.5m, 0m, 8m, to 22.5m, 0.05m, 28.1m, discretisation 0.15m, 0.05m, 0.15m, at 1.30316e-07 secs (iteration 2210; magnetic fields at 1.30286e-07 secs) with field outputs Ex, Ey, Ez, Hx, Hy, Hz  and filename snap02210.h5 will be created.
Snapshot from 13.5m, 0m, 8m, to 22.5m, 0.05m, 28.1m, discretisation 0.15m, 0.05m, 0.15m, at 1.31318e-07 secs (iteration 2227; magnetic fields at 1.31289e-07 secs) with field outputs Ex, Ey, Ez, Hx, Hy, Hz  and filename snap02227.h5 will be created.
Snapshot from 13.5m, 0m, 8m, to 22.5m, 0.05m, 28.1m, discretisation 0.15m, 0.05m, 0.15m, at 1.32321e-07 secs (iteration 2244; magnetic fields at 1.32291e-07 secs) with field outputs Ex, Ey, Ez, Hx, Hy, Hz  and filename snap02244.h5 will be created.
Snapshot from 13.5m, 0m, 8m, to 22.5m, 0.05m, 28.1m, discretisation 0.15m, 0.05m, 0.15m, at 1.33323e-07 secs (iteration 2261; magnetic fields at 1.33293e-07 secs) with field outputs Ex, Ey, Ez, Hx, Hy, Hz  and filename snap02261.h5 will be created.
Snapshot from 13.5m, 0m, 8m, to 22.5m, 0.05m, 28.1m, discretisation 0.15m, 0.05m, 0.15m, at 1.34325e-07 secs (iteration 2278; magnetic fields at 1.34296e-07 secs) with field outputs Ex, Ey, Ez, Hx, Hy, Hz  and filename snap02278.h5 will be created.
Snapshot from 13.5m, 0m, 8m, to 22.5m, 0.05m, 28.1m, discretisation 0.15m, 0.05m, 0.15m, at 1.35328e-07 secs (iteration 2295; magnetic fields at 1.35298e-07 secs) with field outputs Ex, Ey, Ez, Hx, Hy, Hz  and filename snap02295.h5 will be created.
Snapshot from 13.5m, 0m, 8m, to 22.5m, 0.05m, 28.1m, discretisation 0.15m, 0.05m, 0.15m, at 1.3633e-07 secs (iteration 2312; magnetic fields at 1.36301e-07 secs) with field outputs Ex, Ey, Ez, Hx, Hy, Hz  and filename snap02312.h5 will be created.
Snapshot from 13.5m, 0m, 8m, to 22.5m, 0.05m, 28.1m, discretisation 0.15m, 0.05m, 0.15m, at 1.37333e-07 secs (iteration 2329; magnetic fields at 1.37303e-07 secs) with field outputs Ex, Ey, Ez, Hx, Hy, Hz  and filename snap02329.h5 will be created.
Snapshot from 13.5m, 0m, 8m, to 22.5m, 0.05m, 28.1m, discretisation 0.15m, 0.05m, 0.15m, at 1.38335e-07 secs (iteration 2346; magnetic fields at 1.38306e-07 secs) with field outputs Ex, Ey, Ez, Hx, Hy, Hz  and filename snap02346.h5 will be created.
Snapshot from 13.5m, 0m, 8m, to 22.5m, 0.05m, 28.1m, discretisation 0.15m, 0.05m, 0.15m, at 1.39338e-07 secs (iteration 2363; magnetic fields at 1.39308e-07 secs) with field outputs Ex, Ey, Ez, Hx, Hy, Hz  and filename snap02363.h5 will be created.
Snapshot from 13.5m, 0m, 8m, to 22.5m, 0.05m, 28.1m, discretisation 0.15m, 0.05m, 0.15m, at 1.4034e-07 secs (iteration 2380; magnetic fields at 1.4031e-07 secs) with field outputs Ex, Ey, Ez, Hx, Hy, Hz  and filename snap02380.h5 will be created.
Snapshot from 13.5m, 0m, 8m, to 22.5m, 0.05m, 28.1m, discretisation 0.15m, 0.05m, 0.15m, at 1.41342e-07 secs (iteration 2397; magnetic fields at 1.41313e-07 secs) with field outputs Ex, Ey, Ez, Hx, Hy, Hz  and filename snap02397.h5 will be created.
Snapshot from 13.5m, 0m, 8m, to 22.5m, 0.05m, 28.1m, discretisation 0.15m, 0.05m, 0.15m, at 1.42345e-07 secs (iteration 2414; magnetic fields at 1.42315e-07 secs) with field outputs Ex, Ey, Ez, Hx, Hy, Hz  and filename snap02414.h5 will be created.
Snapshot from 13.5m, 0m, 8m, to 22.5m, 0.05m, 28.1m, discretisation 0.15m, 0.05m, 0.15m, at 1.43347e-07 secs (iteration 2431; magnetic fields at 1.43318e-07 secs) with field outputs Ex, Ey, Ez, Hx, Hy, Hz  and filename snap02431.h5 will be created.
Snapshot from 13.5m, 0m, 8m, to 22.5m, 0.05m, 28.1m, discretisation 0.15m, 0.05m, 0.15m, at 1.4435e-07 secs (iteration 2448; magnetic fields at 1.4432e-07 secs) with field outputs Ex, Ey, Ez, Hx, Hy, Hz  and filename snap02448.h5 will be created.
Snapshot from 13.5m, 0m, 8m, to 22.5m, 0.05m, 28.1m, discretisation 0.15m, 0.05m, 0.15m, at 1.45352e-07 secs (iteration 2465; magnetic fields at 1.45323e-07 secs) with field outputs Ex, Ey, Ez, Hx, Hy, Hz  and filename snap02465.h5 will be created.
Snapshot from 13.5m, 0m, 8m, to 22.5m, 0.05m, 28.1m, discretisation 0.15m, 0.05m, 0.15m, at 1.46355e-07 secs (iteration 2482; magnetic fields at 1.46325e-07 secs) with field outputs Ex, Ey, Ez, Hx, Hy, Hz  and filename snap02482.h5 will be created.
Snapshot from 13.5m, 0m, 8m, to 22.5m, 0.05m, 28.1m, discretisation 0.15m, 0.05m, 0.15m, at 1.47357e-07 secs (iteration 2499; magnetic fields at 1.47327e-07 secs) with field outputs Ex, Ey, Ez, Hx, Hy, Hz  and filename snap02499.h5 will be created.
Snapshot from 13.5m, 0m, 8m, to 22.5m, 0.05m, 28.1m, discretisation 0.15m, 0.05m, 0.15m, at 1.48359e-07 secs (iteration 2516; magnetic fields at 1.4833e-07 secs) with field outputs Ex, Ey, Ez, Hx, Hy, Hz  and filename snap02516.h5 will be created.
Snapshot from 13.5m, 0m, 8m, to 22.5m, 0.05m, 28.1m, discretisation 0.15m, 0.05m, 0.15m, at 1.49362e-07 secs (iteration 2533; magnetic fields at 1.49332e-07 secs) with field outputs Ex, Ey, Ez, Hx, Hy, Hz  and filename snap02533.h5 will be created.
Snapshot from 13.5m, 0m, 8m, to 22.5m, 0.05m, 28.1m, discretisation 0.15m, 0.05m, 0.15m, at 1.50364e-07 secs (iteration 2550; magnetic fields at 1.50335e-07 secs) with field outputs Ex, Ey, Ez, Hx, Hy, Hz  and filename snap02550.h5 will be created.
Snapshot from 13.5m, 0m, 8m, to 22.5m, 0.05m, 28.1m, discretisation 0.15m, 0.05m, 0.15m, at 1.51367e-07 secs (iteration 2567; magnetic fields at 1.51337e-07 secs) with field outputs Ex, Ey, Ez, Hx, Hy, Hz  and filename snap02567.h5 will be created.
Snapshot from 13.5m, 0m, 8m, to 22.5m, 0.05m, 28.1m, discretisation 0.15m, 0.05m, 0.15m, at 1.52369e-07 secs (iteration 2584; magnetic fields at 1.5234e-07 secs) with field outputs Ex, Ey, Ez, Hx, Hy, Hz  and filename snap02584.h5 will be created.
Snapshot from 13.5m, 0m, 8m, to 22.5m, 0.05m, 28.1m, discretisation 0.15m, 0.05m, 0.15m, at 1.53371e-07 secs (iteration 2601; magnetic fields at 1.53342e-07 secs) with field outputs Ex, Ey, Ez, Hx, Hy, Hz  and filename snap02601.h5 will be created.
Snapshot from 13.5m, 0m, 8m, to 22.5m, 0.05m, 28.1m, discretisation 0.15m, 0.05m, 0.15m, at 1.54374e-07 secs (iteration 2618; magnetic fields at 1.54344e-07 secs) with field outputs Ex, Ey, Ez, Hx, Hy, Hz  and filename snap02618.h5 will be created.
Snapshot from 13.5m, 0m, 8m, to 22.5m, 0.05m, 28.1m, discretisation 0.15m, 0.05m, 0.15m, at 1.55376e-07 secs (iteration 2635; magnetic fields at 1.55347e-07 secs) with field outputs Ex, Ey, Ez, Hx, Hy, Hz  and filename snap02635.h5 will be created.
Snapshot from 13.5m, 0m, 8m, to 22.5m, 0.05m, 28.1m, discretisation 0.15m, 0.05m, 0.15m, at 1.56379e-07 secs (iteration 2652; magnetic fields at 1.56349e-07 secs) with field outputs Ex, Ey, Ez, Hx, Hy, Hz  and filename snap02652.h5 will be created.
Snapshot from 13.5m, 0m, 8m, to 22.5m, 0.05m, 28.1m, discretisation 0.15m, 0.05m, 0.15m, at 1.57381e-07 secs (iteration 2669; magnetic fields at 1.57352e-07 secs) with field outputs Ex, Ey, Ez, Hx, Hy, Hz  and filename snap02669.h5 will be created.
Snapshot from 13.5m, 0m, 8m, to 22.5m, 0.05m, 28.1m, discretisation 0.15m, 0.05m, 0.15m, at 1.58384e-07 secs (iteration 2686; magnetic fields at 1.58354e-07 secs) with field outputs Ex, Ey, Ez, Hx, Hy, Hz  and filename snap02686.h5 will be created.
Snapshot from 13.5m, 0m, 8m, to 22.5m, 0.05m, 28.1m, discretisation 0.15m, 0.05m, 0.15m, at 1.59386e-07 secs (iteration 2703; magnetic fields at 1.59357e-07 secs) with field outputs Ex, Ey, Ez, Hx, Hy, Hz  and filename snap02703.h5 will be created.
Snapshot from 13.5m, 0m, 8m, to 22.5m, 0.05m, 28.1m, discretisation 0.15m, 0.05m, 0.15m, at 1.60388e-07 secs (iteration 2720; magnetic fields at 1.60359e-07 secs) with field outputs Ex, Ey, Ez, Hx, Hy, Hz  and filename snap02720.h5 will be created.
Snapshot from 13.5m, 0m, 8m, to 22.5m, 0.05m, 28.1m, discretisation 0.15m, 0.05m, 0.15m, at 1.61391e-07 secs (iteration 2737; magnetic fields at 1.61361e-07 secs) with field outputs Ex, Ey, Ez, Hx, Hy, Hz  and filename snap02737.h5 will be created.
Snapshot from 13.5m, 0m, 8m, to 22.5m, 0.05m, 28.1m, discretisation 0.15m, 0.05m, 0.15m, at 1.62393e-07 secs (iteration 2754; magnetic fields at 1.62364e-07 secs) with field outputs Ex, Ey, Ez, Hx, Hy, Hz  and filename snap02754.h5 will be created.
Snapshot from 13.5m, 0m, 8m, to 22.5m, 0.05m, 28.1m, discretisation 0.15m, 0.05m, 0.15m, at 1.63396e-07 secs (iteration 2771; magnetic fields at 1.63366e-07 secs) with field outputs Ex, Ey, Ez, Hx, Hy, Hz  and filename snap02771.h5 will be created.
Snapshot from 13.5m, 0m, 8m, to 22.5m, 0.05m, 28.1m, discretisation 0.15m, 0.05m, 0.15m, at 1.64398e-07 secs (iteration 2788; magnetic fields at 1.64369e-07 secs) with field outputs Ex, Ey, Ez, Hx, Hy, Hz  and filename snap02788.h5 will be created.
Snapshot from 13.5m, 0m, 8m, to 22.5m, 0.05m, 28.1m, discretisation 0.15m, 0.05m, 0.15m, at 1.65401e-07 secs (iteration 2805; magnetic fields at 1.65371e-07 secs) with field outputs Ex, Ey, Ez, Hx, Hy, Hz  and filename snap02805.h5 will be created.
Snapshot from 13.5m, 0m, 8m, to 22.5m, 0.05m, 28.1m, discretisation 0.15m, 0.05m, 0.15m, at 1.66403e-07 secs (iteration 2822; magnetic fields at 1.66374e-07 secs) with field outputs Ex, Ey, Ez, Hx, Hy, Hz  and filename snap02822.h5 will be created.
Snapshot from 13.5m, 0m, 8m, to 22.5m, 0.05m, 28.1m, discretisation 0.15m, 0.05m, 0.15m, at 1.67405e-07 secs (iteration 2839; magnetic fields at 1.67376e-07 secs) with field outputs Ex, Ey, Ez, Hx, Hy, Hz  and filename snap02839.h5 will be created.
Snapshot from 13.5m, 0m, 8m, to 22.5m, 0.05m, 28.1m, discretisation 0.15m, 0.05m, 0.15m, at 1.68408e-07 secs (iteration 2856; magnetic fields at 1.68378e-07 secs) with field outputs Ex, Ey, Ez, Hx, Hy, Hz  and filename snap02856.h5 will be created.
Snapshot from 13.5m, 0m, 8m, to 22.5m, 0.05m, 28.1m, discretisation 0.15m, 0.05m, 0.15m, at 1.6941e-07 secs (iteration 2873; magnetic fields at 1.69381e-07 secs) with field outputs Ex, Ey, Ez, Hx, Hy, Hz  and filename snap02873.h5 will be created.
Snapshot from 13.5m, 0m, 8m, to 22.5m, 0.05m, 28.1m, discretisation 0.15m, 0.05m, 0.15m, at 1.70413e-07 secs (iteration 2890; magnetic fields at 1.70383e-07 secs) with field outputs Ex, Ey, Ez, Hx, Hy, Hz  and filename snap02890.h5 will be created.
Snapshot from 13.5m, 0m, 8m, to 22.5m, 0.05m, 28.1m, discretisation 0.15m, 0.05m, 0.15m, at 1.71415e-07 secs (iteration 2907; magnetic fields at 1.71386e-07 secs) with field outputs Ex, Ey, Ez, Hx, Hy, Hz  and filename snap02907.h5 will be created.
Snapshot from 13.5m, 0m, 8m, to 22.5m, 0.05m, 28.1m, discretisation 0.15m, 0.05m, 0.15m, at 1.72418e-07 secs (iteration 2924; magnetic fields at 1.72388e-07 secs) with field outputs Ex, Ey, Ez, Hx, Hy, Hz  and filename snap02924.h5 will be created.
Snapshot from 13.5m, 0m, 8m, to 22.5m, 0.05m, 28.1m, discretisation 0.15m, 0.05m, 0.15m, at 1.7342e-07 secs (iteration 2941; magnetic fields at 1.73391e-07 secs) with field outputs Ex, Ey, Ez, Hx, Hy, Hz  and filename snap02941.h5 will be created.
Snapshot from 13.5m, 0m, 8m, to 22.5m, 0.05m, 28.1m, discretisation 0.15m, 0.05m, 0.15m, at 1.74422e-07 secs (iteration 2958; magnetic fields at 1.74393e-07 secs) with field outputs Ex, Ey, Ez, Hx, Hy, Hz  and filename snap02958.h5 will be created.
Snapshot from 13.5m, 0m, 8m, to 22.5m, 0.05m, 28.1m, discretisation 0.15m, 0.05m, 0.15m, at 1.75425e-07 secs (iteration 2975; magnetic fields at 1.75395e-07 secs) with field outputs Ex, Ey, Ez, Hx, Hy, Hz  and filename snap02975.h5 will be created.
Snapshot from 13.5m, 0m, 8m, to 22.5m, 0.05m, 28.1m, discretisation 0.15m, 0.05m, 0.15m, at 1.76427e-07 secs (iteration 2992; magnetic fields at 1.76398e-07 secs) with field outputs Ex, Ey, Ez, Hx, Hy, Hz  and filename snap02992.h5 will be created.
Snapshot from 13.5m, 0m, 8m, to 22.5m, 0.05m, 28.1m, discretisation 0.15m, 0.05m, 0.15m, at 1.7743e-07 secs (iteration 3009; magnetic fields at 1.774e-07 secs) with field outputs Ex, Ey, Ez, Hx, Hy, Hz  and filename snap03009.h5 will be created.
Snapshot from 13.5m, 0m, 8m, to 22.5m, 0.05m, 28.1m, discretisation 0.15m, 0.05m, 0.15m, at 1.78432e-07 secs (iteration 3026; magnetic fields at 1.78403e-07 secs) with field outputs Ex, Ey, Ez, Hx, Hy, Hz  and filename snap03026.h5 will be created.
Snapshot from 13.5m, 0m, 8m, to 22.5m, 0.05m, 28.1m, discretisation 0.15m, 0.05m, 0.15m, at 1.79435e-07 secs (iteration 3043; magnetic fields at 1.79405e-07 secs) with field outputs Ex, Ey, Ez, Hx, Hy, Hz  and filename snap03043.h5 will be created.
Snapshot from 13.5m, 0m, 8m, to 22.5m, 0.05m, 28.1m, discretisation 0.15m, 0.05m, 0.15m, at 1.80437e-07 secs (iteration 3060; magnetic fields at 1.80408e-07 secs) with field outputs Ex, Ey, Ez, Hx, Hy, Hz  and filename snap03060.h5 will be created.
Snapshot from 13.5m, 0m, 8m, to 22.5m, 0.05m, 28.1m, discretisation 0.15m, 0.05m, 0.15m, at 1.81439e-07 secs (iteration 3077; magnetic fields at 1.8141e-07 secs) with field outputs Ex, Ey, Ez, Hx, Hy, Hz  and filename snap03077.h5 will be created.
Snapshot from 13.5m, 0m, 8m, to 22.5m, 0.05m, 28.1m, discretisation 0.15m, 0.05m, 0.15m, at 1.82442e-07 secs (iteration 3094; magnetic fields at 1.82412e-07 secs) with field outputs Ex, Ey, Ez, Hx, Hy, Hz  and filename snap03094.h5 will be created.
Snapshot from 13.5m, 0m, 8m, to 22.5m, 0.05m, 28.1m, discretisation 0.15m, 0.05m, 0.15m, at 1.83444e-07 secs (iteration 3111; magnetic fields at 1.83415e-07 secs) with field outputs Ex, Ey, Ez, Hx, Hy, Hz  and filename snap03111.h5 will be created.
Snapshot from 13.5m, 0m, 8m, to 22.5m, 0.05m, 28.1m, discretisation 0.15m, 0.05m, 0.15m, at 1.84447e-07 secs (iteration 3128; magnetic fields at 1.84417e-07 secs) with field outputs Ex, Ey, Ez, Hx, Hy, Hz  and filename snap03128.h5 will be created.
Snapshot from 13.5m, 0m, 8m, to 22.5m, 0.05m, 28.1m, discretisation 0.15m, 0.05m, 0.15m, at 1.85449e-07 secs (iteration 3145; magnetic fields at 1.8542e-07 secs) with field outputs Ex, Ey, Ez, Hx, Hy, Hz  and filename snap03145.h5 will be created.
Snapshot from 13.5m, 0m, 8m, to 22.5m, 0.05m, 28.1m, discretisation 0.15m, 0.05m, 0.15m, at 1.86452e-07 secs (iteration 3162; magnetic fields at 1.86422e-07 secs) with field outputs Ex, Ey, Ez, Hx, Hy, Hz  and filename snap03162.h5 will be created.
Snapshot from 13.5m, 0m, 8m, to 22.5m, 0.05m, 28.1m, discretisation 0.15m, 0.05m, 0.15m, at 1.87454e-07 secs (iteration 3179; magnetic fields at 1.87425e-07 secs) with field outputs Ex, Ey, Ez, Hx, Hy, Hz  and filename snap03179.h5 will be created.
Snapshot from 13.5m, 0m, 8m, to 22.5m, 0.05m, 28.1m, discretisation 0.15m, 0.05m, 0.15m, at 1.88456e-07 secs (iteration 3196; magnetic fields at 1.88427e-07 secs) with field outputs Ex, Ey, Ez, Hx, Hy, Hz  and filename snap03196.h5 will be created.
Snapshot from 13.5m, 0m, 8m, to 22.5m, 0.05m, 28.1m, discretisation 0.15m, 0.05m, 0.15m, at 1.89459e-07 secs (iteration 3213; magnetic fields at 1.89429e-07 secs) with field outputs Ex, Ey, Ez, Hx, Hy, Hz  and filename snap03213.h5 will be created.
Snapshot from 13.5m, 0m, 8m, to 22.5m, 0.05m, 28.1m, discretisation 0.15m, 0.05m, 0.15m, at 1.90461e-07 secs (iteration 3230; magnetic fields at 1.90432e-07 secs) with field outputs Ex, Ey, Ez, Hx, Hy, Hz  and filename snap03230.h5 will be created.
Snapshot from 13.5m, 0m, 8m, to 22.5m, 0.05m, 28.1m, discretisation 0.15m, 0.05m, 0.15m, at 1.91464e-07 secs (iteration 3247; magnetic fields at 1.91434e-07 secs) with field outputs Ex, Ey, Ez, Hx, Hy, Hz  and filename snap03247.h5 will be created.
Snapshot from 13.5m, 0m, 8m, to 22.5m, 0.05m, 28.1m, discretisation 0.15m, 0.05m, 0.15m, at 1.92466e-07 secs (iteration 3264; magnetic fields at 1.92437e-07 secs) with field outputs Ex, Ey, Ez, Hx, Hy, Hz  and filename snap03264.h5 will be created.
Snapshot from 13.5m, 0m, 8m, to 22.5m, 0.05m, 28.1m, discretisation 0.15m, 0.05m, 0.15m, at 1.93469e-07 secs (iteration 3281; magnetic fields at 1.93439e-07 secs) with field outputs Ex, Ey, Ez, Hx, Hy, Hz  and filename snap03281.h5 will be created.
Snapshot from 13.5m, 0m, 8m, to 22.5m, 0.05m, 28.1m, discretisation 0.15m, 0.05m, 0.15m, at 1.94471e-07 secs (iteration 3298; magnetic fields at 1.94442e-07 secs) with field outputs Ex, Ey, Ez, Hx, Hy, Hz  and filename snap03298.h5 will be created.
Snapshot from 13.5m, 0m, 8m, to 22.5m, 0.05m, 28.1m, discretisation 0.15m, 0.05m, 0.15m, at 1.95473e-07 secs (iteration 3315; magnetic fields at 1.95444e-07 secs) with field outputs Ex, Ey, Ez, Hx, Hy, Hz  and filename snap03315.h5 will be created.
Snapshot from 13.5m, 0m, 8m, to 22.5m, 0.05m, 28.1m, discretisation 0.15m, 0.05m, 0.15m, at 1.96476e-07 secs (iteration 3332; magnetic fields at 1.96446e-07 secs) with field outputs Ex, Ey, Ez, Hx, Hy, Hz  and filename snap03332.h5 will be created.
Snapshot from 13.5m, 0m, 8m, to 22.5m, 0.05m, 28.1m, discretisation 0.15m, 0.05m, 0.15m, at 1.97478e-07 secs (iteration 3349; magnetic fields at 1.97449e-07 secs) with field outputs Ex, Ey, Ez, Hx, Hy, Hz  and filename snap03349.h5 will be created.
Snapshot from 13.5m, 0m, 8m, to 22.5m, 0.05m, 28.1m, discretisation 0.15m, 0.05m, 0.15m, at 1.98481e-07 secs (iteration 3366; magnetic fields at 1.98451e-07 secs) with field outputs Ex, Ey, Ez, Hx, Hy, Hz  and filename snap03366.h5 will be created.
Snapshot from 13.5m, 0m, 8m, to 22.5m, 0.05m, 28.1m, discretisation 0.15m, 0.05m, 0.15m, at 1.99483e-07 secs (iteration 3383; magnetic fields at 1.99454e-07 secs) with field outputs Ex, Ey, Ez, Hx, Hy, Hz  and filename snap03383.h5 will be created.
Snapshot from 13.5m, 0m, 8m, to 22.5m, 0.05m, 28.1m, discretisation 0.15m, 0.05m, 0.15m, at 2.00486e-07 secs (iteration 3400; magnetic fields at 2.00456e-07 secs) with field outputs Ex, Ey, Ez, Hx, Hy, Hz  and filename snap03400.h5 will be created.
Snapshot from 13.5m, 0m, 8m, to 22.5m, 0.05m, 28.1m, discretisation 0.15m, 0.05m, 0.15m, at 2.01488e-07 secs (iteration 3417; magnetic fields at 2.01459e-07 secs) with field outputs Ex, Ey, Ez, Hx, Hy, Hz  and filename snap03417.h5 will be created.
Snapshot from 13.5m, 0m, 8m, to 22.5m, 0.05m, 28.1m, discretisation 0.15m, 0.05m, 0.15m, at 2.0249e-07 secs (iteration 3434; magnetic fields at 2.02461e-07 secs) with field outputs Ex, Ey, Ez, Hx, Hy, Hz  and filename snap03434.h5 will be created.
Snapshot from 13.5m, 0m, 8m, to 22.5m, 0.05m, 28.1m, discretisation 0.15m, 0.05m, 0.15m, at 2.03493e-07 secs (iteration 3451; magnetic fields at 2.03463e-07 secs) with field outputs Ex, Ey, Ez, Hx, Hy, Hz  and filename snap03451.h5 will be created.
Snapshot from 13.5m, 0m, 8m, to 22.5m, 0.05m, 28.1m, discretisation 0.15m, 0.05m, 0.15m, at 2.04495e-07 secs (iteration 3468; magnetic fields at 2.04466e-07 secs) with field outputs Ex, Ey, Ez, Hx, Hy, Hz  and filename snap03468.h5 will be created.
Snapshot from 13.5m, 0m, 8m, to 22.5m, 0.05m, 28.1m, discretisation 0.15m, 0.05m, 0.15m, at 2.05498e-07 secs (iteration 3485; magnetic fields at 2.05468e-07 secs) with field outputs Ex, Ey, Ez, Hx, Hy, Hz  and filename snap03485.h5 will be created.
Snapshot from 13.5m, 0m, 8m, to 22.5m, 0.05m, 28.1m, discretisation 0.15m, 0.05m, 0.15m, at 2.065e-07 secs (iteration 3502; magnetic fields at 2.06471e-07 secs) with field outputs Ex, Ey, Ez, Hx, Hy, Hz  and filename snap03502.h5 will be created.
Snapshot from 13.5m, 0m, 8m, to 22.5m, 0.05m, 28.1m, discretisation 0.15m, 0.05m, 0.15m, at 2.07503e-07 secs (iteration 3519; magnetic fields at 2.07473e-07 secs) with field outputs Ex, Ey, Ez, Hx, Hy, Hz  and filename snap03519.h5 will be created.
Snapshot from 13.5m, 0m, 8m, to 22.5m, 0.05m, 28.1m, discretisation 0.15m, 0.05m, 0.15m, at 2.08505e-07 secs (iteration 3536; magnetic fields at 2.08476e-07 secs) with field outputs Ex, Ey, Ez, Hx, Hy, Hz  and filename snap03536.h5 will be created.
Snapshot from 13.5m, 0m, 8m, to 22.5m, 0.05m, 28.1m, discretisation 0.15m, 0.05m, 0.15m, at 2.09507e-07 secs (iteration 3553; magnetic fields at 2.09478e-07 secs) with field outputs Ex, Ey, Ez, Hx, Hy, Hz  and filename snap03553.h5 will be created.
Snapshot from 13.5m, 0m, 8m, to 22.5m, 0.05m, 28.1m, discretisation 0.15m, 0.05m, 0.15m, at 2.1051e-07 secs (iteration 3570; magnetic fields at 2.1048e-07 secs) with field outputs Ex, Ey, Ez, Hx, Hy, Hz  and filename snap03570.h5 will be created.
Snapshot from 13.5m, 0m, 8m, to 22.5m, 0.05m, 28.1m, discretisation 0.15m, 0.05m, 0.15m, at 2.11512e-07 secs (iteration 3587; magnetic fields at 2.11483e-07 secs) with field outputs Ex, Ey, Ez, Hx, Hy, Hz  and filename snap03587.h5 will be created.
Snapshot from 13.5m, 0m, 8m, to 22.5m, 0.05m, 28.1m, discretisation 0.15m, 0.05m, 0.15m, at 2.12515e-07 secs (iteration 3604; magnetic fields at 2.12485e-07 secs) with field outputs Ex, Ey, Ez, Hx, Hy, Hz  and filename snap03604.h5 will be created.
Snapshot from 13.5m, 0m, 8m, to 22.5m, 0.05m, 28.1m, discretisation 0.15m, 0.05m, 0.15m, at 2.13517e-07 secs (iteration 3621; magnetic fields at 2.13488e-07 secs) with field outputs Ex, Ey, Ez, Hx, Hy, Hz  and filename snap03621.h5 will be created.
Snapshot from 13.5m, 0m, 8m, to 22.5m, 0.05m, 28.1m, discretisation 0.15m, 0.05m, 0.15m, at 2.1452e-07 secs (iteration 3638; magnetic fields at 2.1449e-07 secs) with field outputs Ex, Ey, Ez, Hx, Hy, Hz  and filename snap03638.h5 will be created.
Snapshot from 13.5m, 0m, 8m, to 22.5m, 0.05m, 28.1m, discretisation 0.15m, 0.05m, 0.15m, at 2.15522e-07 secs (iteration 3655; magnetic fields at 2.15493e-07 secs) with field outputs Ex, Ey, Ez, Hx, Hy, Hz  and filename snap03655.h5 will be created.
Snapshot from 13.5m, 0m, 8m, to 22.5m, 0.05m, 28.1m, discretisation 0.15m, 0.05m, 0.15m, at 2.16524e-07 secs (iteration 3672; magnetic fields at 2.16495e-07 secs) with field outputs Ex, Ey, Ez, Hx, Hy, Hz  and filename snap03672.h5 will be created.
Snapshot from 13.5m, 0m, 8m, to 22.5m, 0.05m, 28.1m, discretisation 0.15m, 0.05m, 0.15m, at 2.17527e-07 secs (iteration 3689; magnetic fields at 2.17497e-07 secs) with field outputs Ex, Ey, Ez, Hx, Hy, Hz  and filename snap03689.h5 will be created.
Snapshot from 13.5m, 0m, 8m, to 22.5m, 0.05m, 28.1m, discretisation 0.15m, 0.05m, 0.15m, at 2.18529e-07 secs (iteration 3706; magnetic fields at 2.185e-07 secs) with field outputs Ex, Ey, Ez, Hx, Hy, Hz  and filename snap03706.h5 will be created.
Snapshot from 13.5m, 0m, 8m, to 22.5m, 0.05m, 28.1m, discretisation 0.15m, 0.05m, 0.15m, at 2.19532e-07 secs (iteration 3723; magnetic fields at 2.19502e-07 secs) with field outputs Ex, Ey, Ez, Hx, Hy, Hz  and filename snap03723.h5 will be created.
Snapshot from 13.5m, 0m, 8m, to 22.5m, 0.05m, 28.1m, discretisation 0.15m, 0.05m, 0.15m, at 2.20534e-07 secs (iteration 3740; magnetic fields at 2.20505e-07 secs) with field outputs Ex, Ey, Ez, Hx, Hy, Hz  and filename snap03740.h5 will be created.
Snapshot from 13.5m, 0m, 8m, to 22.5m, 0.05m, 28.1m, discretisation 0.15m, 0.05m, 0.15m, at 2.21537e-07 secs (iteration 3757; magnetic fields at 2.21507e-07 secs) with field outputs Ex, Ey, Ez, Hx, Hy, Hz  and filename snap03757.h5 will be created.
Snapshot from 13.5m, 0m, 8m, to 22.5m, 0.05m, 28.1m, discretisation 0.15m, 0.05m, 0.15m, at 2.22539e-07 secs (iteration 3774; magnetic fields at 2.2251e-07 secs) with field outputs Ex, Ey, Ez, Hx, Hy, Hz  and filename snap03774.h5 will be created.
Snapshot from 13.5m, 0m, 8m, to 22.5m, 0.05m, 28.1m, discretisation 0.15m, 0.05m, 0.15m, at 2.23541e-07 secs (iteration 3791; magnetic fields at 2.23512e-07 secs) with field outputs Ex, Ey, Ez, Hx, Hy, Hz  and filename snap03791.h5 will be created.
Snapshot from 13.5m, 0m, 8m, to 22.5m, 0.05m, 28.1m, discretisation 0.15m, 0.05m, 0.15m, at 2.24544e-07 secs (iteration 3808; magnetic fields at 2.24514e-07 secs) with field outputs Ex, Ey, Ez, Hx, Hy, Hz  and filename snap03808.h5 will be created.
Snapshot from 13.5m, 0m, 8m, to 22.5m, 0.05m, 28.1m, discretisation 0.15m, 0.05m, 0.15m, at 2.25546e-07 secs (iteration 3825; magnetic fields at 2.25517e-07 secs) with field outputs Ex, Ey, Ez, Hx, Hy, Hz  and filename snap03825.h5 will be created.
Snapshot from 13.5m, 0m, 8m, to 22.5m, 0.05m, 28.1m, discretisation 0.15m, 0.05m, 0.15m, at 2.26549e-07 secs (iteration 3842; magnetic fields at 2.26519e-07 secs) with field outputs Ex, Ey, Ez, Hx, Hy, Hz  and filename snap03842.h5 will be created.
Snapshot from 13.5m, 0m, 8m, to 22.5m, 0.05m, 28.1m, discretisation 0.15m, 0.05m, 0.15m, at 2.27551e-07 secs (iteration 3859; magnetic fields at 2.27522e-07 secs) with field outputs Ex, Ey, Ez, Hx, Hy, Hz  and filename snap03859.h5 will be created.
Snapshot from 13.5m, 0m, 8m, to 22.5m, 0.05m, 28.1m, discretisation 0.15m, 0.05m, 0.15m, at 2.28554e-07 secs (iteration 3876; magnetic fields at 2.28524e-07 secs) with field outputs Ex, Ey, Ez, Hx, Hy, Hz  and filename snap03876.h5 will be created.
Snapshot from 13.5m, 0m, 8m, to 22.5m, 0.05m, 28.1m, discretisation 0.15m, 0.05m, 0.15m, at 2.29556e-07 secs (iteration 3893; magnetic fields at 2.29527e-07 secs) with field outputs Ex, Ey, Ez, Hx, Hy, Hz  and filename snap03893.h5 will be created.
Snapshot from 13.5m, 0m, 8m, to 22.5m, 0.05m, 28.1m, discretisation 0.15m, 0.05m, 0.15m, at 2.30558e-07 secs (iteration 3910; magnetic fields at 2.30529e-07 secs) with field outputs Ex, Ey, Ez, Hx, Hy, Hz  and filename snap03910.h5 will be created.
Snapshot from 13.5m, 0m, 8m, to 22.5m, 0.05m, 28.1m, discretisation 0.15m, 0.05m, 0.15m, at 2.31561e-07 secs (iteration 3927; magnetic fields at 2.31531e-07 secs) with field outputs Ex, Ey, Ez, Hx, Hy, Hz  and filename snap03927.h5 will be created.
Snapshot from 13.5m, 0m, 8m, to 22.5m, 0.05m, 28.1m, discretisation 0.15m, 0.05m, 0.15m, at 2.32563e-07 secs (iteration 3944; magnetic fields at 2.32534e-07 secs) with field outputs Ex, Ey, Ez, Hx, Hy, Hz  and filename snap03944.h5 will be created.
Snapshot from 13.5m, 0m, 8m, to 22.5m, 0.05m, 28.1m, discretisation 0.15m, 0.05m, 0.15m, at 2.33566e-07 secs (iteration 3961; magnetic fields at 2.33536e-07 secs) with field outputs Ex, Ey, Ez, Hx, Hy, Hz  and filename snap03961.h5 will be created.
Snapshot from 13.5m, 0m, 8m, to 22.5m, 0.05m, 28.1m, discretisation 0.15m, 0.05m, 0.15m, at 2.34568e-07 secs (iteration 3978; magnetic fields at 2.34539e-07 secs) with field outputs Ex, Ey, Ez, Hx, Hy, Hz  and filename snap03978.h5 will be created.
Snapshot from 13.5m, 0m, 8m, to 22.5m, 0.05m, 28.1m, discretisation 0.15m, 0.05m, 0.15m, at 2.35571e-07 secs (iteration 3995; magnetic fields at 2.35541e-07 secs) with field outputs Ex, Ey, Ez, Hx, Hy, Hz  and filename snap03995.h5 will be created.
Snapshot from 13.5m, 0m, 8m, to 22.5m, 0.05m, 28.1m, discretisation 0.15m, 0.05m, 0.15m, at 2.36573e-07 secs (iteration 4012; magnetic fields at 2.36544e-07 secs) with field outputs Ex, Ey, Ez, Hx, Hy, Hz  and filename snap04012.h5 will be created.
Snapshot from 13.5m, 0m, 8m, to 22.5m, 0.05m, 28.1m, discretisation 0.15m, 0.05m, 0.15m, at 2.37575e-07 secs (iteration 4029; magnetic fields at 2.37546e-07 secs) with field outputs Ex, Ey, Ez, Hx, Hy, Hz  and filename snap04029.h5 will be created.
Snapshot from 13.5m, 0m, 8m, to 22.5m, 0.05m, 28.1m, discretisation 0.15m, 0.05m, 0.15m, at 2.38578e-07 secs (iteration 4046; magnetic fields at 2.38548e-07 secs) with field outputs Ex, Ey, Ez, Hx, Hy, Hz  and filename snap04046.h5 will be created.
Snapshot from 13.5m, 0m, 8m, to 22.5m, 0.05m, 28.1m, discretisation 0.15m, 0.05m, 0.15m, at 2.3958e-07 secs (iteration 4063; magnetic fields at 2.39551e-07 secs) with field outputs Ex, Ey, Ez, Hx, Hy, Hz  and filename snap04063.h5 will be created.
Snapshot from 13.5m, 0m, 8m, to 22.5m, 0.05m, 28.1m, discretisation 0.15m, 0.05m, 0.15m, at 2.40583e-07 secs (iteration 4080; magnetic fields at 2.40553e-07 secs) with field outputs Ex, Ey, Ez, Hx, Hy, Hz  and filename snap04080.h5 will be created.
Snapshot from 13.5m, 0m, 8m, to 22.5m, 0.05m, 28.1m, discretisation 0.15m, 0.05m, 0.15m, at 2.41585e-07 secs (iteration 4097; magnetic fields at 2.41556e-07 secs) with field outputs Ex, Ey, Ez, Hx, Hy, Hz  and filename snap04097.h5 will be created.
Snapshot from 13.5m, 0m, 8m, to 22.5m, 0.05m, 28.1m, discretisation 0.15m, 0.05m, 0.15m, at 2.42588e-07 secs (iteration 4114; magnetic fields at 2.42558e-07 secs) with field outputs Ex, Ey, Ez, Hx, Hy, Hz  and filename snap04114.h5 will be created.
Snapshot from 13.5m, 0m, 8m, to 22.5m, 0.05m, 28.1m, discretisation 0.15m, 0.05m, 0.15m, at 2.4359e-07 secs (iteration 4131; magnetic fields at 2.43561e-07 secs) with field outputs Ex, Ey, Ez, Hx, Hy, Hz  and filename snap04131.h5 will be created.
Snapshot from 13.5m, 0m, 8m, to 22.5m, 0.05m, 28.1m, discretisation 0.15m, 0.05m, 0.15m, at 2.44592e-07 secs (iteration 4148; magnetic fields at 2.44563e-07 secs) with field outputs Ex, Ey, Ez, Hx, Hy, Hz  and filename snap04148.h5 will be created.
Snapshot from 13.5m, 0m, 8m, to 22.5m, 0.05m, 28.1m, discretisation 0.15m, 0.05m, 0.15m, at 2.45595e-07 secs (iteration 4165; magnetic fields at 2.45565e-07 secs) with field outputs Ex, Ey, Ez, Hx, Hy, Hz  and filename snap04165.h5 will be created.
Snapshot from 13.5m, 0m, 8m, to 22.5m, 0.05m, 28.1m, discretisation 0.15m, 0.05m, 0.15m, at 2.46597e-07 secs (iteration 4182; magnetic fields at 2.46568e-07 secs) with field outputs Ex, Ey, Ez, Hx, Hy, Hz  and filename snap04182.h5 will be created.
Snapshot from 13.5m, 0m, 8m, to 22.5m, 0.05m, 28.1m, discretisation 0.15m, 0.05m, 0.15m, at 2.476e-07 secs (iteration 4199; magnetic fields at 2.4757e-07 secs) with field outputs Ex, Ey, Ez, Hx, Hy, Hz  and filename snap04199.h5 will be created.
Snapshot from 13.5m, 0m, 8m, to 22.5m, 0.05m, 28.1m, discretisation 0.15m, 0.05m, 0.15m, at 2.48602e-07 secs (iteration 4216; magnetic fields at 2.48573e-07 secs) with field outputs Ex, Ey, Ez, Hx, Hy, Hz  and filename snap04216.h5 will be created.
Snapshot from 13.5m, 0m, 8m, to 22.5m, 0.05m, 28.1m, discretisation 0.15m, 0.05m, 0.15m, at 2.49605e-07 secs (iteration 4233; magnetic fields at 2.49575e-07 secs) with field outputs Ex, Ey, Ez, Hx, Hy, Hz  and filename snap04233.h5 will be created.
Snapshot from 13.5m, 0m, 8m, to 22.5m, 0.05m, 28.1m, discretisation 0.15m, 0.05m, 0.15m, at 2.50607e-07 secs (iteration 4250; magnetic fields at 2.50578e-07 secs) with field outputs Ex, Ey, Ez, Hx, Hy, Hz  and filename snap04250.h5 will be created.
Snapshot from 13.5m, 0m, 8m, to 22.5m, 0.05m, 28.1m, discretisation 0.15m, 0.05m, 0.15m, at 2.51609e-07 secs (iteration 4267; magnetic fields at 2.5158e-07 secs) with field outputs Ex, Ey, Ez, Hx, Hy, Hz  and filename snap04267.h5 will be created.
Snapshot from 13.5m, 0m, 8m, to 22.5m, 0.05m, 28.1m, discretisation 0.15m, 0.05m, 0.15m, at 2.52612e-07 secs (iteration 4284; magnetic fields at 2.52582e-07 secs) with field outputs Ex, Ey, Ez, Hx, Hy, Hz  and filename snap04284.h5 will be created.
Snapshot from 13.5m, 0m, 8m, to 22.5m, 0.05m, 28.1m, discretisation 0.15m, 0.05m, 0.15m, at 2.53614e-07 secs (iteration 4301; magnetic fields at 2.53585e-07 secs) with field outputs Ex, Ey, Ez, Hx, Hy, Hz  and filename snap04301.h5 will be created.
Snapshot from 13.5m, 0m, 8m, to 22.5m, 0.05m, 28.1m, discretisation 0.15m, 0.05m, 0.15m, at 2.54617e-07 secs (iteration 4318; magnetic fields at 2.54587e-07 secs) with field outputs Ex, Ey, Ez, Hx, Hy, Hz  and filename snap04318.h5 will be created.
Snapshot from 13.5m, 0m, 8m, to 22.5m, 0.05m, 28.1m, discretisation 0.15m, 0.05m, 0.15m, at 2.55619e-07 secs (iteration 4335; magnetic fields at 2.5559e-07 secs) with field outputs Ex, Ey, Ez, Hx, Hy, Hz  and filename snap04335.h5 will be created.
Snapshot from 13.5m, 0m, 8m, to 22.5m, 0.05m, 28.1m, discretisation 0.15m, 0.05m, 0.15m, at 2.56622e-07 secs (iteration 4352; magnetic fields at 2.56592e-07 secs) with field outputs Ex, Ey, Ez, Hx, Hy, Hz  and filename snap04352.h5 will be created.
Snapshot from 13.5m, 0m, 8m, to 22.5m, 0.05m, 28.1m, discretisation 0.15m, 0.05m, 0.15m, at 2.57624e-07 secs (iteration 4369; magnetic fields at 2.57595e-07 secs) with field outputs Ex, Ey, Ez, Hx, Hy, Hz  and filename snap04369.h5 will be created.
Snapshot from 13.5m, 0m, 8m, to 22.5m, 0.05m, 28.1m, discretisation 0.15m, 0.05m, 0.15m, at 2.58626e-07 secs (iteration 4386; magnetic fields at 2.58597e-07 secs) with field outputs Ex, Ey, Ez, Hx, Hy, Hz  and filename snap04386.h5 will be created.
Snapshot from 13.5m, 0m, 8m, to 22.5m, 0.05m, 28.1m, discretisation 0.15m, 0.05m, 0.15m, at 2.59629e-07 secs (iteration 4403; magnetic fields at 2.59599e-07 secs) with field outputs Ex, Ey, Ez, Hx, Hy, Hz  and filename snap04403.h5 will be created.
Snapshot from 13.5m, 0m, 8m, to 22.5m, 0.05m, 28.1m, discretisation 0.15m, 0.05m, 0.15m, at 2.60631e-07 secs (iteration 4420; magnetic fields at 2.60602e-07 secs) with field outputs Ex, Ey, Ez, Hx, Hy, Hz  and filename snap04420.h5 will be created.
Snapshot from 13.5m, 0m, 8m, to 22.5m, 0.05m, 28.1m, discretisation 0.15m, 0.05m, 0.15m, at 2.61634e-07 secs (iteration 4437; magnetic fields at 2.61604e-07 secs) with field outputs Ex, Ey, Ez, Hx, Hy, Hz  and filename snap04437.h5 will be created.
Snapshot from 13.5m, 0m, 8m, to 22.5m, 0.05m, 28.1m, discretisation 0.15m, 0.05m, 0.15m, at 2.62636e-07 secs (iteration 4454; magnetic fields at 2.62607e-07 secs) with field outputs Ex, Ey, Ez, Hx, Hy, Hz  and filename snap04454.h5 will be created.
Snapshot from 13.5m, 0m, 8m, to 22.5m, 0.05m, 28.1m, discretisation 0.15m, 0.05m, 0.15m, at 2.63639e-07 secs (iteration 4471; magnetic fields at 2.63609e-07 secs) with field outputs Ex, Ey, Ez, Hx, Hy, Hz  and filename snap04471.h5 will be created.
Snapshot from 13.5m, 0m, 8m, to 22.5m, 0.05m, 28.1m, discretisation 0.15m, 0.05m, 0.15m, at 2.64641e-07 secs (iteration 4488; magnetic fields at 2.64612e-07 secs) with field outputs Ex, Ey, Ez, Hx, Hy, Hz  and filename snap04488.h5 will be created.
Snapshot from 13.5m, 0m, 8m, to 22.5m, 0.05m, 28.1m, discretisation 0.15m, 0.05m, 0.15m, at 2.65643e-07 secs (iteration 4505; magnetic fields at 2.65614e-07 secs) with field outputs Ex, Ey, Ez, Hx, Hy, Hz  and filename snap04505.h5 will be created.
Snapshot from 13.5m, 0m, 8m, to 22.5m, 0.05m, 28.1m, discretisation 0.15m, 0.05m, 0.15m, at 2.66646e-07 secs (iteration 4522; magnetic fields at 2.66616e-07 secs) with field outputs Ex, Ey, Ez, Hx, Hy, Hz  and filename snap04522.h5 will be created.
Snapshot from 13.5m, 0m, 8m, to 22.5m, 0.05m, 28.1m, discretisation 0.15m, 0.05m, 0.15m, at 2.67648e-07 secs (iteration 4539; magnetic fields at 2.67619e-07 secs) with field outputs Ex, Ey, Ez, Hx, Hy, Hz  and filename snap04539.h5 will be created.
Snapshot from 13.5m, 0m, 8m, to 22.5m, 0.05m, 28.1m, discretisation 0.15m, 0.05m, 0.15m, at 2.68651e-07 secs (iteration 4556; magnetic fields at 2.68621e-07 secs) with field outputs Ex, Ey, Ez, Hx, Hy, Hz  and filename snap04556.h5 will be created.
Snapshot from 13.5m, 0m, 8m, to 22.5m, 0.05m, 28.1m, discretisation 0.15m, 0.05m, 0.15m, at 2.69653e-07 secs (iteration 4573; magnetic fields at 2.69624e-07 secs) with field outputs Ex, Ey, Ez, Hx, Hy, Hz  and filename snap04573.h5 will be created.
Snapshot from 13.5m, 0m, 8m, to 22.5m, 0.05m, 28.1m, discretisation 0.15m, 0.05m, 0.15m, at 2.70656e-07 secs (iteration 4590; magnetic fields at 2.70626e-07 secs) with field outputs Ex, Ey, Ez, Hx, Hy, Hz  and filename snap04590.h5 will be created.
Snapshot from 13.5m, 0m, 8m, to 22.5m, 0.05m, 28.1m, discretisation 0.15m, 0.05m, 0.15m, at 2.71658e-07 secs (iteration 4607; magnetic fields at 2.71629e-07 secs) with field outputs Ex, Ey, Ez, Hx, Hy, Hz  and filename snap04607.h5 will be created.
Snapshot from 13.5m, 0m, 8m, to 22.5m, 0.05m, 28.1m, discretisation 0.15m, 0.05m, 0.15m, at 2.7266e-07 secs (iteration 4624; magnetic fields at 2.72631e-07 secs) with field outputs Ex, Ey, Ez, Hx, Hy, Hz  and filename snap04624.h5 will be created.
Snapshot from 13.5m, 0m, 8m, to 22.5m, 0.05m, 28.1m, discretisation 0.15m, 0.05m, 0.15m, at 2.73663e-07 secs (iteration 4641; magnetic fields at 2.73633e-07 secs) with field outputs Ex, Ey, Ez, Hx, Hy, Hz  and filename snap04641.h5 will be created.
Snapshot from 13.5m, 0m, 8m, to 22.5m, 0.05m, 28.1m, discretisation 0.15m, 0.05m, 0.15m, at 2.74665e-07 secs (iteration 4658; magnetic fields at 2.74636e-07 secs) with field outputs Ex, Ey, Ez, Hx, Hy, Hz  and filename snap04658.h5 will be created.
Snapshot from 13.5m, 0m, 8m, to 22.5m, 0.05m, 28.1m, discretisation 0.15m, 0.05m, 0.15m, at 2.75668e-07 secs (iteration 4675; magnetic fields at 2.75638e-07 secs) with field outputs Ex, Ey, Ez, Hx, Hy, Hz  and filename snap04675.h5 will be created.
Snapshot from 13.5m, 0m, 8m, to 22.5m, 0.05m, 28.1m, discretisation 0.15m, 0.05m, 0.15m, at 2.7667e-07 secs (iteration 4692; magnetic fields at 2.76641e-07 secs) with field outputs Ex, Ey, Ez, Hx, Hy, Hz  and filename snap04692.h5 will be created.
Snapshot from 13.5m, 0m, 8m, to 22.5m, 0.05m, 28.1m, discretisation 0.15m, 0.05m, 0.15m, at 2.77673e-07 secs (iteration 4709; magnetic fields at 2.77643e-07 secs) with field outputs Ex, Ey, Ez, Hx, Hy, Hz  and filename snap04709.h5 will be created.
Snapshot from 13.5m, 0m, 8m, to 22.5m, 0.05m, 28.1m, discretisation 0.15m, 0.05m, 0.15m, at 2.78675e-07 secs (iteration 4726; magnetic fields at 2.78646e-07 secs) with field outputs Ex, Ey, Ez, Hx, Hy, Hz  and filename snap04726.h5 will be created.
Snapshot from 13.5m, 0m, 8m, to 22.5m, 0.05m, 28.1m, discretisation 0.15m, 0.05m, 0.15m, at 2.79677e-07 secs (iteration 4743; magnetic fields at 2.79648e-07 secs) with field outputs Ex, Ey, Ez, Hx, Hy, Hz  and filename snap04743.h5 will be created.
Snapshot from 13.5m, 0m, 8m, to 22.5m, 0.05m, 28.1m, discretisation 0.15m, 0.05m, 0.15m, at 2.8068e-07 secs (iteration 4760; magnetic fields at 2.8065e-07 secs) with field outputs Ex, Ey, Ez, Hx, Hy, Hz  and filename snap04760.h5 will be created.
Snapshot from 13.5m, 0m, 8m, to 22.5m, 0.05m, 28.1m, discretisation 0.15m, 0.05m, 0.15m, at 2.81682e-07 secs (iteration 4777; magnetic fields at 2.81653e-07 secs) with field outputs Ex, Ey, Ez, Hx, Hy, Hz  and filename snap04777.h5 will be created.
Snapshot from 13.5m, 0m, 8m, to 22.5m, 0.05m, 28.1m, discretisation 0.15m, 0.05m, 0.15m, at 2.82685e-07 secs (iteration 4794; magnetic fields at 2.82655e-07 secs) with field outputs Ex, Ey, Ez, Hx, Hy, Hz  and filename snap04794.h5 will be created.
Snapshot from 13.5m, 0m, 8m, to 22.5m, 0.05m, 28.1m, discretisation 0.15m, 0.05m, 0.15m, at 2.83687e-07 secs (iteration 4811; magnetic fields at 2.83658e-07 secs) with field outputs Ex, Ey, Ez, Hx, Hy, Hz  and filename snap04811.h5 will be created.
Snapshot from 13.5m, 0m, 8m, to 22.5m, 0.05m, 28.1m, discretisation 0.15m, 0.05m, 0.15m, at 2.8469e-07 secs (iteration 4828; magnetic fields at 2.8466e-07 secs) with field outputs Ex, Ey, Ez, Hx, Hy, Hz  and filename snap04828.h5 will be created.
Snapshot from 13.5m, 0m, 8m, to 22.5m, 0.05m, 28.1m, discretisation 0.15m, 0.05m, 0.15m, at 2.85692e-07 secs (iteration 4845; magnetic fields at 2.85663e-07 secs) with field outputs Ex, Ey, Ez, Hx, Hy, Hz  and filename snap04845.h5 will be created.
Snapshot from 13.5m, 0m, 8m, to 22.5m, 0.05m, 28.1m, discretisation 0.15m, 0.05m, 0.15m, at 2.86694e-07 secs (iteration 4862; magnetic fields at 2.86665e-07 secs) with field outputs Ex, Ey, Ez, Hx, Hy, Hz  and filename snap04862.h5 will be created.
Snapshot from 13.5m, 0m, 8m, to 22.5m, 0.05m, 28.1m, discretisation 0.15m, 0.05m, 0.15m, at 2.87697e-07 secs (iteration 4879; magnetic fields at 2.87667e-07 secs) with field outputs Ex, Ey, Ez, Hx, Hy, Hz  and filename snap04879.h5 will be created.
Snapshot from 13.5m, 0m, 8m, to 22.5m, 0.05m, 28.1m, discretisation 0.15m, 0.05m, 0.15m, at 2.88699e-07 secs (iteration 4896; magnetic fields at 2.8867e-07 secs) with field outputs Ex, Ey, Ez, Hx, Hy, Hz  and filename snap04896.h5 will be created.
Snapshot from 13.5m, 0m, 8m, to 22.5m, 0.05m, 28.1m, discretisation 0.15m, 0.05m, 0.15m, at 2.89702e-07 secs (iteration 4913; magnetic fields at 2.89672e-07 secs) with field outputs Ex, Ey, Ez, Hx, Hy, Hz  and filename snap04913.h5 will be created.
Snapshot from 13.5m, 0m, 8m, to 22.5m, 0.05m, 28.1m, discretisation 0.15m, 0.05m, 0.15m, at 2.90704e-07 secs (iteration 4930; magnetic fields at 2.90675e-07 secs) with field outputs Ex, Ey, Ez, Hx, Hy, Hz  and filename snap04930.h5 will be created.
Snapshot from 13.5m, 0m, 8m, to 22.5m, 0.05m, 28.1m, discretisation 0.15m, 0.05m, 0.15m, at 2.91707e-07 secs (iteration 4947; magnetic fields at 2.91677e-07 secs) with field outputs Ex, Ey, Ez, Hx, Hy, Hz  and filename snap04947.h5 will be created.
Snapshot from 13.5m, 0m, 8m, to 22.5m, 0.05m, 28.1m, discretisation 0.15m, 0.05m, 0.15m, at 2.92709e-07 secs (iteration 4964; magnetic fields at 2.9268e-07 secs) with field outputs Ex, Ey, Ez, Hx, Hy, Hz  and filename snap04964.h5 will be created.
Snapshot from 13.5m, 0m, 8m, to 22.5m, 0.05m, 28.1m, discretisation 0.15m, 0.05m, 0.15m, at 2.93711e-07 secs (iteration 4981; magnetic fields at 2.93682e-07 secs) with field outputs Ex, Ey, Ez, Hx, Hy, Hz  and filename snap04981.h5 will be created.
Snapshot from 13.5m, 0m, 8m, to 22.5m, 0.05m, 28.1m, discretisation 0.15m, 0.05m, 0.15m, at 2.94714e-07 secs (iteration 4998; magnetic fields at 2.94684e-07 secs) with field outputs Ex, Ey, Ez, Hx, Hy, Hz  and filename snap04998.h5 will be created.
Snapshot from 13.5m, 0m, 8m, to 22.5m, 0.05m, 28.1m, discretisation 0.15m, 0.05m, 0.15m, at 2.95716e-07 secs (iteration 5015; magnetic fields at 2.95687e-07 secs) with field outputs Ex, Ey, Ez, Hx, Hy, Hz  and filename snap05015.h5 will be created.
Snapshot from 13.5m, 0m, 8m, to 22.5m, 0.05m, 28.1m, discretisation 0.15m, 0.05m, 0.15m, at 2.96719e-07 secs (iteration 5032; magnetic fields at 2.96689e-07 secs) with field outputs Ex, Ey, Ez, Hx, Hy, Hz  and filename snap05032.h5 will be created.
Snapshot from 13.5m, 0m, 8m, to 22.5m, 0.05m, 28.1m, discretisation 0.15m, 0.05m, 0.15m, at 2.97721e-07 secs (iteration 5049; magnetic fields at 2.97692e-07 secs) with field outputs Ex, Ey, Ez, Hx, Hy, Hz  and filename snap05049.h5 will be created.
Snapshot from 13.5m, 0m, 8m, to 22.5m, 0.05m, 28.1m, discretisation 0.15m, 0.05m, 0.15m, at 2.98724e-07 secs (iteration 5066; magnetic fields at 2.98694e-07 secs) with field outputs Ex, Ey, Ez, Hx, Hy, Hz  and filename snap05066.h5 will be created.
Snapshot from 13.5m, 0m, 8m, to 22.5m, 0.05m, 28.1m, discretisation 0.15m, 0.05m, 0.15m, at 2.99726e-07 secs (iteration 5083; magnetic fields at 2.99697e-07 secs) with field outputs Ex, Ey, Ez, Hx, Hy, Hz  and filename snap05083.h5 will be created.
Snapshot from 13.5m, 0m, 8m, to 22.5m, 0.05m, 28.1m, discretisation 0.15m, 0.05m, 0.15m, at 3.00728e-07 secs (iteration 5100; magnetic fields at 3.00699e-07 secs) with field outputs Ex, Ey, Ez, Hx, Hy, Hz  and filename snap05100.h5 will be created.
Snapshot from 13.5m, 0m, 8m, to 22.5m, 0.05m, 28.1m, discretisation 0.15m, 0.05m, 0.15m, at 3.01731e-07 secs (iteration 5117; magnetic fields at 3.01701e-07 secs) with field outputs Ex, Ey, Ez, Hx, Hy, Hz  and filename snap05117.h5 will be created.
Snapshot from 13.5m, 0m, 8m, to 22.5m, 0.05m, 28.1m, discretisation 0.15m, 0.05m, 0.15m, at 3.02733e-07 secs (iteration 5134; magnetic fields at 3.02704e-07 secs) with field outputs Ex, Ey, Ez, Hx, Hy, Hz  and filename snap05134.h5 will be created.
Snapshot from 13.5m, 0m, 8m, to 22.5m, 0.05m, 28.1m, discretisation 0.15m, 0.05m, 0.15m, at 3.03736e-07 secs (iteration 5151; magnetic fields at 3.03706e-07 secs) with field outputs Ex, Ey, Ez, Hx, Hy, Hz  and filename snap05151.h5 will be created.
Snapshot from 13.5m, 0m, 8m, to 22.5m, 0.05m, 28.1m, discretisation 0.15m, 0.05m, 0.15m, at 3.04738e-07 secs (iteration 5168; magnetic fields at 3.04709e-07 secs) with field outputs Ex, Ey, Ez, Hx, Hy, Hz  and filename snap05168.h5 will be created.
Snapshot from 13.5m, 0m, 8m, to 22.5m, 0.05m, 28.1m, discretisation 0.15m, 0.05m, 0.15m, at 3.05741e-07 secs (iteration 5185; magnetic fields at 3.05711e-07 secs) with field outputs Ex, Ey, Ez, Hx, Hy, Hz  and filename snap05185.h5 will be created.
Snapshot from 13.5m, 0m, 8m, to 22.5m, 0.05m, 28.1m, discretisation 0.15m, 0.05m, 0.15m, at 3.06743e-07 secs (iteration 5202; magnetic fields at 3.06714e-07 secs) with field outputs Ex, Ey, Ez, Hx, Hy, Hz  and filename snap05202.h5 will be created.
Snapshot from 13.5m, 0m, 8m, to 22.5m, 0.05m, 28.1m, discretisation 0.15m, 0.05m, 0.15m, at 3.07745e-07 secs (iteration 5219; magnetic fields at 3.07716e-07 secs) with field outputs Ex, Ey, Ez, Hx, Hy, Hz  and filename snap05219.h5 will be created.
Snapshot from 13.5m, 0m, 8m, to 22.5m, 0.05m, 28.1m, discretisation 0.15m, 0.05m, 0.15m, at 3.08748e-07 secs (iteration 5236; magnetic fields at 3.08718e-07 secs) with field outputs Ex, Ey, Ez, Hx, Hy, Hz  and filename snap05236.h5 will be created.
Snapshot from 13.5m, 0m, 8m, to 22.5m, 0.05m, 28.1m, discretisation 0.15m, 0.05m, 0.15m, at 3.0975e-07 secs (iteration 5253; magnetic fields at 3.09721e-07 secs) with field outputs Ex, Ey, Ez, Hx, Hy, Hz  and filename snap05253.h5 will be created.
Snapshot from 13.5m, 0m, 8m, to 22.5m, 0.05m, 28.1m, discretisation 0.15m, 0.05m, 0.15m, at 3.10753e-07 secs (iteration 5270; magnetic fields at 3.10723e-07 secs) with field outputs Ex, Ey, Ez, Hx, Hy, Hz  and filename snap05270.h5 will be created.
Snapshot from 13.5m, 0m, 8m, to 22.5m, 0.05m, 28.1m, discretisation 0.15m, 0.05m, 0.15m, at 3.11755e-07 secs (iteration 5287; magnetic fields at 3.11726e-07 secs) with field outputs Ex, Ey, Ez, Hx, Hy, Hz  and filename snap05287.h5 will be created.
Snapshot from 13.5m, 0m, 8m, to 22.5m, 0.05m, 28.1m, discretisation 0.15m, 0.05m, 0.15m, at 3.12758e-07 secs (iteration 5304; magnetic fields at 3.12728e-07 secs) with field outputs Ex, Ey, Ez, Hx, Hy, Hz  and filename snap05304.h5 will be created.
Snapshot from 13.5m, 0m, 8m, to 22.5m, 0.05m, 28.1m, discretisation 0.15m, 0.05m, 0.15m, at 3.1376e-07 secs (iteration 5321; magnetic fields at 3.13731e-07 secs) with field outputs Ex, Ey, Ez, Hx, Hy, Hz  and filename snap05321.h5 will be created.
Snapshot from 13.5m, 0m, 8m, to 22.5m, 0.05m, 28.1m, discretisation 0.15m, 0.05m, 0.15m, at 3.14762e-07 secs (iteration 5338; magnetic fields at 3.14733e-07 secs) with field outputs Ex, Ey, Ez, Hx, Hy, Hz  and filename snap05338.h5 will be created.
Snapshot from 13.5m, 0m, 8m, to 22.5m, 0.05m, 28.1m, discretisation 0.15m, 0.05m, 0.15m, at 3.15765e-07 secs (iteration 5355; magnetic fields at 3.15735e-07 secs) with field outputs Ex, Ey, Ez, Hx, Hy, Hz  and filename snap05355.h5 will be created.
Snapshot from 13.5m, 0m, 8m, to 22.5m, 0.05m, 28.1m, discretisation 0.15m, 0.05m, 0.15m, at 3.16767e-07 secs (iteration 5372; magnetic fields at 3.16738e-07 secs) with field outputs Ex, Ey, Ez, Hx, Hy, Hz  and filename snap05372.h5 will be created.
Snapshot from 13.5m, 0m, 8m, to 22.5m, 0.05m, 28.1m, discretisation 0.15m, 0.05m, 0.15m, at 3.1777e-07 secs (iteration 5389; magnetic fields at 3.1774e-07 secs) with field outputs Ex, Ey, Ez, Hx, Hy, Hz  and filename snap05389.h5 will be created.
Snapshot from 13.5m, 0m, 8m, to 22.5m, 0.05m, 28.1m, discretisation 0.15m, 0.05m, 0.15m, at 3.18772e-07 secs (iteration 5406; magnetic fields at 3.18743e-07 secs) with field outputs Ex, Ey, Ez, Hx, Hy, Hz  and filename snap05406.h5 will be created.
Snapshot from 13.5m, 0m, 8m, to 22.5m, 0.05m, 28.1m, discretisation 0.15m, 0.05m, 0.15m, at 3.19775e-07 secs (iteration 5423; magnetic fields at 3.19745e-07 secs) with field outputs Ex, Ey, Ez, Hx, Hy, Hz  and filename snap05423.h5 will be created.
Snapshot from 13.5m, 0m, 8m, to 22.5m, 0.05m, 28.1m, discretisation 0.15m, 0.05m, 0.15m, at 3.20777e-07 secs (iteration 5440; magnetic fields at 3.20748e-07 secs) with field outputs Ex, Ey, Ez, Hx, Hy, Hz  and filename snap05440.h5 will be created.
Snapshot from 13.5m, 0m, 8m, to 22.5m, 0.05m, 28.1m, discretisation 0.15m, 0.05m, 0.15m, at 3.21779e-07 secs (iteration 5457; magnetic fields at 3.2175e-07 secs) with field outputs Ex, Ey, Ez, Hx, Hy, Hz  and filename snap05457.h5 will be created.
Snapshot from 13.5m, 0m, 8m, to 22.5m, 0.05m, 28.1m, discretisation 0.15m, 0.05m, 0.15m, at 3.22782e-07 secs (iteration 5474; magnetic fields at 3.22752e-07 secs) with field outputs Ex, Ey, Ez, Hx, Hy, Hz  and filename snap05474.h5 will be created.
Snapshot from 13.5m, 0m, 8m, to 22.5m, 0.05m, 28.1m, discretisation 0.15m, 0.05m, 0.15m, at 3.23784e-07 secs (iteration 5491; magnetic fields at 3.23755e-07 secs) with field outputs Ex, Ey, Ez, Hx, Hy, Hz  and filename snap05491.h5 will be created.
Snapshot from 13.5m, 0m, 8m, to 22.5m, 0.05m, 28.1m, discretisation 0.15m, 0.05m, 0.15m, at 3.24787e-07 secs (iteration 5508; magnetic fields at 3.24757e-07 secs) with field outputs Ex, Ey, Ez, Hx, Hy, Hz  and filename snap05508.h5 will be created.
Snapshot from 13.5m, 0m, 8m, to 22.5m, 0.05m, 28.1m, discretisation 0.15m, 0.05m, 0.15m, at 3.25789e-07 secs (iteration 5525; magnetic fields at 3.2576e-07 secs) with field outputs Ex, Ey, Ez, Hx, Hy, Hz  and filename snap05525.h5 will be created.
Snapshot from 13.5m, 0m, 8m, to 22.5m, 0.05m, 28.1m, discretisation 0.15m, 0.05m, 0.15m, at 3.26792e-07 secs (iteration 5542; magnetic fields at 3.26762e-07 secs) with field outputs Ex, Ey, Ez, Hx, Hy, Hz  and filename snap05542.h5 will be created.
Snapshot from 13.5m, 0m, 8m, to 22.5m, 0.05m, 28.1m, discretisation 0.15m, 0.05m, 0.15m, at 3.27794e-07 secs (iteration 5559; magnetic fields at 3.27765e-07 secs) with field outputs Ex, Ey, Ez, Hx, Hy, Hz  and filename snap05559.h5 will be created.
Snapshot from 13.5m, 0m, 8m, to 22.5m, 0.05m, 28.1m, discretisation 0.15m, 0.05m, 0.15m, at 3.28796e-07 secs (iteration 5576; magnetic fields at 3.28767e-07 secs) with field outputs Ex, Ey, Ez, Hx, Hy, Hz  and filename snap05576.h5 will be created.
Snapshot from 13.5m, 0m, 8m, to 22.5m, 0.05m, 28.1m, discretisation 0.15m, 0.05m, 0.15m, at 3.29799e-07 secs (iteration 5593; magnetic fields at 3.29769e-07 secs) with field outputs Ex, Ey, Ez, Hx, Hy, Hz  and filename snap05593.h5 will be created.
Snapshot from 13.5m, 0m, 8m, to 22.5m, 0.05m, 28.1m, discretisation 0.15m, 0.05m, 0.15m, at 3.30801e-07 secs (iteration 5610; magnetic fields at 3.30772e-07 secs) with field outputs Ex, Ey, Ez, Hx, Hy, Hz  and filename snap05610.h5 will be created.
Snapshot from 13.5m, 0m, 8m, to 22.5m, 0.05m, 28.1m, discretisation 0.15m, 0.05m, 0.15m, at 3.31804e-07 secs (iteration 5627; magnetic fields at 3.31774e-07 secs) with field outputs Ex, Ey, Ez, Hx, Hy, Hz  and filename snap05627.h5 will be created.
Snapshot from 13.5m, 0m, 8m, to 22.5m, 0.05m, 28.1m, discretisation 0.15m, 0.05m, 0.15m, at 3.32806e-07 secs (iteration 5644; magnetic fields at 3.32777e-07 secs) with field outputs Ex, Ey, Ez, Hx, Hy, Hz  and filename snap05644.h5 will be created.
Snapshot from 13.5m, 0m, 8m, to 22.5m, 0.05m, 28.1m, discretisation 0.15m, 0.05m, 0.15m, at 3.33809e-07 secs (iteration 5661; magnetic fields at 3.33779e-07 secs) with field outputs Ex, Ey, Ez, Hx, Hy, Hz  and filename snap05661.h5 will be created.
Snapshot from 13.5m, 0m, 8m, to 22.5m, 0.05m, 28.1m, discretisation 0.15m, 0.05m, 0.15m, at 3.34811e-07 secs (iteration 5678; magnetic fields at 3.34781e-07 secs) with field outputs Ex, Ey, Ez, Hx, Hy, Hz  and filename snap05678.h5 will be created.
Snapshot from 13.5m, 0m, 8m, to 22.5m, 0.05m, 28.1m, discretisation 0.15m, 0.05m, 0.15m, at 3.35813e-07 secs (iteration 5695; magnetic fields at 3.35784e-07 secs) with field outputs Ex, Ey, Ez, Hx, Hy, Hz  and filename snap05695.h5 will be created.
Snapshot from 13.5m, 0m, 8m, to 22.5m, 0.05m, 28.1m, discretisation 0.15m, 0.05m, 0.15m, at 3.36816e-07 secs (iteration 5712; magnetic fields at 3.36786e-07 secs) with field outputs Ex, Ey, Ez, Hx, Hy, Hz  and filename snap05712.h5 will be created.
Snapshot from 13.5m, 0m, 8m, to 22.5m, 0.05m, 28.1m, discretisation 0.15m, 0.05m, 0.15m, at 3.37818e-07 secs (iteration 5729; magnetic fields at 3.37789e-07 secs) with field outputs Ex, Ey, Ez, Hx, Hy, Hz  and filename snap05729.h5 will be created.
Snapshot from 13.5m, 0m, 8m, to 22.5m, 0.05m, 28.1m, discretisation 0.15m, 0.05m, 0.15m, at 3.38821e-07 secs (iteration 5746; magnetic fields at 3.38791e-07 secs) with field outputs Ex, Ey, Ez, Hx, Hy, Hz  and filename snap05746.h5 will be created.
Snapshot from 13.5m, 0m, 8m, to 22.5m, 0.05m, 28.1m, discretisation 0.15m, 0.05m, 0.15m, at 3.39823e-07 secs (iteration 5763; magnetic fields at 3.39794e-07 secs) with field outputs Ex, Ey, Ez, Hx, Hy, Hz  and filename snap05763.h5 will be created.
Snapshot from 13.5m, 0m, 8m, to 22.5m, 0.05m, 28.1m, discretisation 0.15m, 0.05m, 0.15m, at 3.40826e-07 secs (iteration 5780; magnetic fields at 3.40796e-07 secs) with field outputs Ex, Ey, Ez, Hx, Hy, Hz  and filename snap05780.h5 will be created.
Snapshot from 13.5m, 0m, 8m, to 22.5m, 0.05m, 28.1m, discretisation 0.15m, 0.05m, 0.15m, at 3.41828e-07 secs (iteration 5797; magnetic fields at 3.41798e-07 secs) with field outputs Ex, Ey, Ez, Hx, Hy, Hz  and filename snap05797.h5 will be created.
Snapshot from 13.5m, 0m, 8m, to 22.5m, 0.05m, 28.1m, discretisation 0.15m, 0.05m, 0.15m, at 3.4283e-07 secs (iteration 5814; magnetic fields at 3.42801e-07 secs) with field outputs Ex, Ey, Ez, Hx, Hy, Hz  and filename snap05814.h5 will be created.
Snapshot from 13.5m, 0m, 8m, to 22.5m, 0.05m, 28.1m, discretisation 0.15m, 0.05m, 0.15m, at 3.43833e-07 secs (iteration 5831; magnetic fields at 3.43803e-07 secs) with field outputs Ex, Ey, Ez, Hx, Hy, Hz  and filename snap05831.h5 will be created.
Snapshot from 13.5m, 0m, 8m, to 22.5m, 0.05m, 28.1m, discretisation 0.15m, 0.05m, 0.15m, at 3.44835e-07 secs (iteration 5848; magnetic fields at 3.44806e-07 secs) with field outputs Ex, Ey, Ez, Hx, Hy, Hz  and filename snap05848.h5 will be created.
Snapshot from 13.5m, 0m, 8m, to 22.5m, 0.05m, 28.1m, discretisation 0.15m, 0.05m, 0.15m, at 3.45838e-07 secs (iteration 5865; magnetic fields at 3.45808e-07 secs) with field outputs Ex, Ey, Ez, Hx, Hy, Hz  and filename snap05865.h5 will be created.
Snapshot from 13.5m, 0m, 8m, to 22.5m, 0.05m, 28.1m, discretisation 0.15m, 0.05m, 0.15m, at 3.4684e-07 secs (iteration 5882; magnetic fields at 3.46811e-07 secs) with field outputs Ex, Ey, Ez, Hx, Hy, Hz  and filename snap05882.h5 will be created.
Snapshot from 13.5m, 0m, 8m, to 22.5m, 0.05m, 28.1m, discretisation 0.15m, 0.05m, 0.15m, at 3.47843e-07 secs (iteration 5899; magnetic fields at 3.47813e-07 secs) with field outputs Ex, Ey, Ez, Hx, Hy, Hz  and filename snap05899.h5 will be created.
Snapshot from 13.5m, 0m, 8m, to 22.5m, 0.05m, 28.1m, discretisation 0.15m, 0.05m, 0.15m, at 3.48845e-07 secs (iteration 5916; magnetic fields at 3.48815e-07 secs) with field outputs Ex, Ey, Ez, Hx, Hy, Hz  and filename snap05916.h5 will be created.
Snapshot from 13.5m, 0m, 8m, to 22.5m, 0.05m, 28.1m, discretisation 0.15m, 0.05m, 0.15m, at 3.49847e-07 secs (iteration 5933; magnetic fields at 3.49818e-07 secs) with field outputs Ex, Ey, Ez, Hx, Hy, Hz  and filename snap05933.h5 will be created.
Snapshot from 13.5m, 0m, 8m, to 22.5m, 0.05m, 28.1m, discretisation 0.15m, 0.05m, 0.15m, at 3.5085e-07 secs (iteration 5950; magnetic fields at 3.5082e-07 secs) with field outputs Ex, Ey, Ez, Hx, Hy, Hz  and filename snap05950.h5 will be created.
Snapshot from 13.5m, 0m, 8m, to 22.5m, 0.05m, 28.1m, discretisation 0.15m, 0.05m, 0.15m, at 3.51852e-07 secs (iteration 5967; magnetic fields at 3.51823e-07 secs) with field outputs Ex, Ey, Ez, Hx, Hy, Hz  and filename snap05967.h5 will be created.
Snapshot from 13.5m, 0m, 8m, to 22.5m, 0.05m, 28.1m, discretisation 0.15m, 0.05m, 0.15m, at 3.52855e-07 secs (iteration 5984; magnetic fields at 3.52825e-07 secs) with field outputs Ex, Ey, Ez, Hx, Hy, Hz  and filename snap05984.h5 will be created.
Snapshot from 13.5m, 0m, 8m, to 22.5m, 0.05m, 28.1m, discretisation 0.15m, 0.05m, 0.15m, at 3.53857e-07 secs (iteration 6001; magnetic fields at 3.53828e-07 secs) with field outputs Ex, Ey, Ez, Hx, Hy, Hz  and filename snap06001.h5 will be created.
Snapshot from 13.5m, 0m, 8m, to 22.5m, 0.05m, 28.1m, discretisation 0.15m, 0.05m, 0.15m, at 3.5486e-07 secs (iteration 6018; magnetic fields at 3.5483e-07 secs) with field outputs Ex, Ey, Ez, Hx, Hy, Hz  and filename snap06018.h5 will be created.
Snapshot from 13.5m, 0m, 8m, to 22.5m, 0.05m, 28.1m, discretisation 0.15m, 0.05m, 0.15m, at 3.55862e-07 secs (iteration 6035; magnetic fields at 3.55832e-07 secs) with field outputs Ex, Ey, Ez, Hx, Hy, Hz  and filename snap06035.h5 will be created.
Snapshot from 13.5m, 0m, 8m, to 22.5m, 0.05m, 28.1m, discretisation 0.15m, 0.05m, 0.15m, at 3.56864e-07 secs (iteration 6052; magnetic fields at 3.56835e-07 secs) with field outputs Ex, Ey, Ez, Hx, Hy, Hz  and filename snap06052.h5 will be created.
Snapshot from 13.5m, 0m, 8m, to 22.5m, 0.05m, 28.1m, discretisation 0.15m, 0.05m, 0.15m, at 3.57867e-07 secs (iteration 6069; magnetic fields at 3.57837e-07 secs) with field outputs Ex, Ey, Ez, Hx, Hy, Hz  and filename snap06069.h5 will be created.
Snapshot from 13.5m, 0m, 8m, to 22.5m, 0.05m, 28.1m, discretisation 0.15m, 0.05m, 0.15m, at 3.58869e-07 secs (iteration 6086; magnetic fields at 3.5884e-07 secs) with field outputs Ex, Ey, Ez, Hx, Hy, Hz  and filename snap06086.h5 will be created.
Snapshot from 13.5m, 0m, 8m, to 22.5m, 0.05m, 28.1m, discretisation 0.15m, 0.05m, 0.15m, at 3.59872e-07 secs (iteration 6103; magnetic fields at 3.59842e-07 secs) with field outputs Ex, Ey, Ez, Hx, Hy, Hz  and filename snap06103.h5 will be created.
Snapshot from 13.5m, 0m, 8m, to 22.5m, 0.05m, 28.1m, discretisation 0.15m, 0.05m, 0.15m, at 3.60874e-07 secs (iteration 6120; magnetic fields at 3.60845e-07 secs) with field outputs Ex, Ey, Ez, Hx, Hy, Hz  and filename snap06120.h5 will be created.
Snapshot from 13.5m, 0m, 8m, to 22.5m, 0.05m, 28.1m, discretisation 0.15m, 0.05m, 0.15m, at 3.61877e-07 secs (iteration 6137; magnetic fields at 3.61847e-07 secs) with field outputs Ex, Ey, Ez, Hx, Hy, Hz  and filename snap06137.h5 will be created.
Snapshot from 13.5m, 0m, 8m, to 22.5m, 0.05m, 28.1m, discretisation 0.15m, 0.05m, 0.15m, at 3.62879e-07 secs (iteration 6154; magnetic fields at 3.62849e-07 secs) with field outputs Ex, Ey, Ez, Hx, Hy, Hz  and filename snap06154.h5 will be created.
Snapshot from 13.5m, 0m, 8m, to 22.5m, 0.05m, 28.1m, discretisation 0.15m, 0.05m, 0.15m, at 3.63881e-07 secs (iteration 6171; magnetic fields at 3.63852e-07 secs) with field outputs Ex, Ey, Ez, Hx, Hy, Hz  and filename snap06171.h5 will be created.
Snapshot from 13.5m, 0m, 8m, to 22.5m, 0.05m, 28.1m, discretisation 0.15m, 0.05m, 0.15m, at 3.64884e-07 secs (iteration 6188; magnetic fields at 3.64854e-07 secs) with field outputs Ex, Ey, Ez, Hx, Hy, Hz  and filename snap06188.h5 will be created.
Snapshot from 13.5m, 0m, 8m, to 22.5m, 0.05m, 28.1m, discretisation 0.15m, 0.05m, 0.15m, at 3.65886e-07 secs (iteration 6205; magnetic fields at 3.65857e-07 secs) with field outputs Ex, Ey, Ez, Hx, Hy, Hz  and filename snap06205.h5 will be created.
Snapshot from 13.5m, 0m, 8m, to 22.5m, 0.05m, 28.1m, discretisation 0.15m, 0.05m, 0.15m, at 3.66889e-07 secs (iteration 6222; magnetic fields at 3.66859e-07 secs) with field outputs Ex, Ey, Ez, Hx, Hy, Hz  and filename snap06222.h5 will be created.
Snapshot from 13.5m, 0m, 8m, to 22.5m, 0.05m, 28.1m, discretisation 0.15m, 0.05m, 0.15m, at 3.67891e-07 secs (iteration 6239; magnetic fields at 3.67862e-07 secs) with field outputs Ex, Ey, Ez, Hx, Hy, Hz  and filename snap06239.h5 will be created.
Snapshot from 13.5m, 0m, 8m, to 22.5m, 0.05m, 28.1m, discretisation 0.15m, 0.05m, 0.15m, at 3.68894e-07 secs (iteration 6256; magnetic fields at 3.68864e-07 secs) with field outputs Ex, Ey, Ez, Hx, Hy, Hz  and filename snap06256.h5 will be created.
Snapshot from 13.5m, 0m, 8m, to 22.5m, 0.05m, 28.1m, discretisation 0.15m, 0.05m, 0.15m, at 3.69896e-07 secs (iteration 6273; magnetic fields at 3.69866e-07 secs) with field outputs Ex, Ey, Ez, Hx, Hy, Hz  and filename snap06273.h5 will be created.
Snapshot from 13.5m, 0m, 8m, to 22.5m, 0.05m, 28.1m, discretisation 0.15m, 0.05m, 0.15m, at 3.70898e-07 secs (iteration 6290; magnetic fields at 3.70869e-07 secs) with field outputs Ex, Ey, Ez, Hx, Hy, Hz  and filename snap06290.h5 will be created.
Snapshot from 13.5m, 0m, 8m, to 22.5m, 0.05m, 28.1m, discretisation 0.15m, 0.05m, 0.15m, at 3.71901e-07 secs (iteration 6307; magnetic fields at 3.71871e-07 secs) with field outputs Ex, Ey, Ez, Hx, Hy, Hz  and filename snap06307.h5 will be created.
Snapshot from 13.5m, 0m, 8m, to 22.5m, 0.05m, 28.1m, discretisation 0.15m, 0.05m, 0.15m, at 3.72903e-07 secs (iteration 6324; magnetic fields at 3.72874e-07 secs) with field outputs Ex, Ey, Ez, Hx, Hy, Hz  and filename snap06324.h5 will be created.
Snapshot from 13.5m, 0m, 8m, to 22.5m, 0.05m, 28.1m, discretisation 0.15m, 0.05m, 0.15m, at 3.73906e-07 secs (iteration 6341; magnetic fields at 3.73876e-07 secs) with field outputs Ex, Ey, Ez, Hx, Hy, Hz  and filename snap06341.h5 will be created.
Snapshot from 13.5m, 0m, 8m, to 22.5m, 0.05m, 28.1m, discretisation 0.15m, 0.05m, 0.15m, at 3.74908e-07 secs (iteration 6358; magnetic fields at 3.74879e-07 secs) with field outputs Ex, Ey, Ez, Hx, Hy, Hz  and filename snap06358.h5 will be created.
Snapshot from 13.5m, 0m, 8m, to 22.5m, 0.05m, 28.1m, discretisation 0.15m, 0.05m, 0.15m, at 3.75911e-07 secs (iteration 6375; magnetic fields at 3.75881e-07 secs) with field outputs Ex, Ey, Ez, Hx, Hy, Hz  and filename snap06375.h5 will be created.
Snapshot from 13.5m, 0m, 8m, to 22.5m, 0.05m, 28.1m, discretisation 0.15m, 0.05m, 0.15m, at 3.76913e-07 secs (iteration 6392; magnetic fields at 3.76883e-07 secs) with field outputs Ex, Ey, Ez, Hx, Hy, Hz  and filename snap06392.h5 will be created.
Snapshot from 13.5m, 0m, 8m, to 22.5m, 0.05m, 28.1m, discretisation 0.15m, 0.05m, 0.15m, at 3.77915e-07 secs (iteration 6409; magnetic fields at 3.77886e-07 secs) with field outputs Ex, Ey, Ez, Hx, Hy, Hz  and filename snap06409.h5 will be created.
Snapshot from 13.5m, 0m, 8m, to 22.5m, 0.05m, 28.1m, discretisation 0.15m, 0.05m, 0.15m, at 3.78918e-07 secs (iteration 6426; magnetic fields at 3.78888e-07 secs) with field outputs Ex, Ey, Ez, Hx, Hy, Hz  and filename snap06426.h5 will be created.
Snapshot from 13.5m, 0m, 8m, to 22.5m, 0.05m, 28.1m, discretisation 0.15m, 0.05m, 0.15m, at 3.7992e-07 secs (iteration 6443; magnetic fields at 3.79891e-07 secs) with field outputs Ex, Ey, Ez, Hx, Hy, Hz  and filename snap06443.h5 will be created.
Snapshot from 13.5m, 0m, 8m, to 22.5m, 0.05m, 28.1m, discretisation 0.15m, 0.05m, 0.15m, at 3.80923e-07 secs (iteration 6460; magnetic fields at 3.80893e-07 secs) with field outputs Ex, Ey, Ez, Hx, Hy, Hz  and filename snap06460.h5 will be created.
Snapshot from 13.5m, 0m, 8m, to 22.5m, 0.05m, 28.1m, discretisation 0.15m, 0.05m, 0.15m, at 3.81925e-07 secs (iteration 6477; magnetic fields at 3.81896e-07 secs) with field outputs Ex, Ey, Ez, Hx, Hy, Hz  and filename snap06477.h5 will be created.
Snapshot from 13.5m, 0m, 8m, to 22.5m, 0.05m, 28.1m, discretisation 0.15m, 0.05m, 0.15m, at 3.82928e-07 secs (iteration 6494; magnetic fields at 3.82898e-07 secs) with field outputs Ex, Ey, Ez, Hx, Hy, Hz  and filename snap06494.h5 will be created.
Snapshot from 13.5m, 0m, 8m, to 22.5m, 0.05m, 28.1m, discretisation 0.15m, 0.05m, 0.15m, at 3.8393e-07 secs (iteration 6511; magnetic fields at 3.839e-07 secs) with field outputs Ex, Ey, Ez, Hx, Hy, Hz  and filename snap06511.h5 will be created.
Snapshot from 13.5m, 0m, 8m, to 22.5m, 0.05m, 28.1m, discretisation 0.15m, 0.05m, 0.15m, at 3.84932e-07 secs (iteration 6528; magnetic fields at 3.84903e-07 secs) with field outputs Ex, Ey, Ez, Hx, Hy, Hz  and filename snap06528.h5 will be created.
Snapshot from 13.5m, 0m, 8m, to 22.5m, 0.05m, 28.1m, discretisation 0.15m, 0.05m, 0.15m, at 3.85935e-07 secs (iteration 6545; magnetic fields at 3.85905e-07 secs) with field outputs Ex, Ey, Ez, Hx, Hy, Hz  and filename snap06545.h5 will be created.
Snapshot from 13.5m, 0m, 8m, to 22.5m, 0.05m, 28.1m, discretisation 0.15m, 0.05m, 0.15m, at 3.86937e-07 secs (iteration 6562; magnetic fields at 3.86908e-07 secs) with field outputs Ex, Ey, Ez, Hx, Hy, Hz  and filename snap06562.h5 will be created.
Snapshot from 13.5m, 0m, 8m, to 22.5m, 0.05m, 28.1m, discretisation 0.15m, 0.05m, 0.15m, at 3.8794e-07 secs (iteration 6579; magnetic fields at 3.8791e-07 secs) with field outputs Ex, Ey, Ez, Hx, Hy, Hz  and filename snap06579.h5 will be created.
Snapshot from 13.5m, 0m, 8m, to 22.5m, 0.05m, 28.1m, discretisation 0.15m, 0.05m, 0.15m, at 3.88942e-07 secs (iteration 6596; magnetic fields at 3.88913e-07 secs) with field outputs Ex, Ey, Ez, Hx, Hy, Hz  and filename snap06596.h5 will be created.
Snapshot from 13.5m, 0m, 8m, to 22.5m, 0.05m, 28.1m, discretisation 0.15m, 0.05m, 0.15m, at 3.89945e-07 secs (iteration 6613; magnetic fields at 3.89915e-07 secs) with field outputs Ex, Ey, Ez, Hx, Hy, Hz  and filename snap06613.h5 will be created.
Snapshot from 13.5m, 0m, 8m, to 22.5m, 0.05m, 28.1m, discretisation 0.15m, 0.05m, 0.15m, at 3.90947e-07 secs (iteration 6630; magnetic fields at 3.90917e-07 secs) with field outputs Ex, Ey, Ez, Hx, Hy, Hz  and filename snap06630.h5 will be created.
Snapshot from 13.5m, 0m, 8m, to 22.5m, 0.05m, 28.1m, discretisation 0.15m, 0.05m, 0.15m, at 3.91949e-07 secs (iteration 6647; magnetic fields at 3.9192e-07 secs) with field outputs Ex, Ey, Ez, Hx, Hy, Hz  and filename snap06647.h5 will be created.
Snapshot from 13.5m, 0m, 8m, to 22.5m, 0.05m, 28.1m, discretisation 0.15m, 0.05m, 0.15m, at 3.92952e-07 secs (iteration 6664; magnetic fields at 3.92922e-07 secs) with field outputs Ex, Ey, Ez, Hx, Hy, Hz  and filename snap06664.h5 will be created.
Snapshot from 13.5m, 0m, 8m, to 22.5m, 0.05m, 28.1m, discretisation 0.15m, 0.05m, 0.15m, at 3.93954e-07 secs (iteration 6681; magnetic fields at 3.93925e-07 secs) with field outputs Ex, Ey, Ez, Hx, Hy, Hz  and filename snap06681.h5 will be created.
Snapshot from 13.5m, 0m, 8m, to 22.5m, 0.05m, 28.1m, discretisation 0.15m, 0.05m, 0.15m, at 3.94957e-07 secs (iteration 6698; magnetic fields at 3.94927e-07 secs) with field outputs Ex, Ey, Ez, Hx, Hy, Hz  and filename snap06698.h5 will be created.
Snapshot from 13.5m, 0m, 8m, to 22.5m, 0.05m, 28.1m, discretisation 0.15m, 0.05m, 0.15m, at 3.95959e-07 secs (iteration 6715; magnetic fields at 3.9593e-07 secs) with field outputs Ex, Ey, Ez, Hx, Hy, Hz  and filename snap06715.h5 will be created.
Snapshot from 13.5m, 0m, 8m, to 22.5m, 0.05m, 28.1m, discretisation 0.15m, 0.05m, 0.15m, at 3.96962e-07 secs (iteration 6732; magnetic fields at 3.96932e-07 secs) with field outputs Ex, Ey, Ez, Hx, Hy, Hz  and filename snap06732.h5 will be created.
Snapshot from 13.5m, 0m, 8m, to 22.5m, 0.05m, 28.1m, discretisation 0.15m, 0.05m, 0.15m, at 3.97964e-07 secs (iteration 6749; magnetic fields at 3.97934e-07 secs) with field outputs Ex, Ey, Ez, Hx, Hy, Hz  and filename snap06749.h5 will be created.
Snapshot from 13.5m, 0m, 8m, to 22.5m, 0.05m, 28.1m, discretisation 0.15m, 0.05m, 0.15m, at 3.98966e-07 secs (iteration 6766; magnetic fields at 3.98937e-07 secs) with field outputs Ex, Ey, Ez, Hx, Hy, Hz  and filename snap06766.h5 will be created.
Snapshot from 13.5m, 0m, 8m, to 22.5m, 0.05m, 28.1m, discretisation 0.15m, 0.05m, 0.15m, at 3.99969e-07 secs (iteration 6783; magnetic fields at 3.99939e-07 secs) with field outputs Ex, Ey, Ez, Hx, Hy, Hz  and filename snap06783.h5 will be created.
Snapshot from 13.5m, 0m, 8m, to 22.5m, 0.05m, 28.1m, discretisation 0.15m, 0.05m, 0.15m, at 4.00971e-07 secs (iteration 6800; magnetic fields at 4.00942e-07 secs) with field outputs Ex, Ey, Ez, Hx, Hy, Hz  and filename snap06800.h5 will be created.
Snapshot from 13.5m, 0m, 8m, to 22.5m, 0.05m, 28.1m, discretisation 0.15m, 0.05m, 0.15m, at 4.01974e-07 secs (iteration 6817; magnetic fields at 4.01944e-07 secs) with field outputs Ex, Ey, Ez, Hx, Hy, Hz  and filename snap06817.h5 will be created.
Snapshot from 13.5m, 0m, 8m, to 22.5m, 0.05m, 28.1m, discretisation 0.15m, 0.05m, 0.15m, at 4.02976e-07 secs (iteration 6834; magnetic fields at 4.02947e-07 secs) with field outputs Ex, Ey, Ez, Hx, Hy, Hz  and filename snap06834.h5 will be created.
Snapshot from 13.5m, 0m, 8m, to 22.5m, 0.05m, 28.1m, discretisation 0.15m, 0.05m, 0.15m, at 4.03979e-07 secs (iteration 6851; magnetic fields at 4.03949e-07 secs) with field outputs Ex, Ey, Ez, Hx, Hy, Hz  and filename snap06851.h5 will be created.
Snapshot from 13.5m, 0m, 8m, to 22.5m, 0.05m, 28.1m, discretisation 0.15m, 0.05m, 0.15m, at 4.04981e-07 secs (iteration 6868; magnetic fields at 4.04951e-07 secs) with field outputs Ex, Ey, Ez, Hx, Hy, Hz  and filename snap06868.h5 will be created.
Snapshot from 13.5m, 0m, 8m, to 22.5m, 0.05m, 28.1m, discretisation 0.15m, 0.05m, 0.15m, at 4.05983e-07 secs (iteration 6885; magnetic fields at 4.05954e-07 secs) with field outputs Ex, Ey, Ez, Hx, Hy, Hz  and filename snap06885.h5 will be created.
Snapshot from 13.5m, 0m, 8m, to 22.5m, 0.05m, 28.1m, discretisation 0.15m, 0.05m, 0.15m, at 4.06986e-07 secs (iteration 6902; magnetic fields at 4.06956e-07 secs) with field outputs Ex, Ey, Ez, Hx, Hy, Hz  and filename snap06902.h5 will be created.
Snapshot from 13.5m, 0m, 8m, to 22.5m, 0.05m, 28.1m, discretisation 0.15m, 0.05m, 0.15m, at 4.07988e-07 secs (iteration 6919; magnetic fields at 4.07959e-07 secs) with field outputs Ex, Ey, Ez, Hx, Hy, Hz  and filename snap06919.h5 will be created.
Snapshot from 13.5m, 0m, 8m, to 22.5m, 0.05m, 28.1m, discretisation 0.15m, 0.05m, 0.15m, at 4.08991e-07 secs (iteration 6936; magnetic fields at 4.08961e-07 secs) with field outputs Ex, Ey, Ez, Hx, Hy, Hz  and filename snap06936.h5 will be created.
Snapshot from 13.5m, 0m, 8m, to 22.5m, 0.05m, 28.1m, discretisation 0.15m, 0.05m, 0.15m, at 4.09993e-07 secs (iteration 6953; magnetic fields at 4.09964e-07 secs) with field outputs Ex, Ey, Ez, Hx, Hy, Hz  and filename snap06953.h5 will be created.
Snapshot from 13.5m, 0m, 8m, to 22.5m, 0.05m, 28.1m, discretisation 0.15m, 0.05m, 0.15m, at 4.10996e-07 secs (iteration 6970; magnetic fields at 4.10966e-07 secs) with field outputs Ex, Ey, Ez, Hx, Hy, Hz  and filename snap06970.h5 will be created.
Snapshot from 13.5m, 0m, 8m, to 22.5m, 0.05m, 28.1m, discretisation 0.15m, 0.05m, 0.15m, at 4.11998e-07 secs (iteration 6987; magnetic fields at 4.11968e-07 secs) with field outputs Ex, Ey, Ez, Hx, Hy, Hz  and filename snap06987.h5 will be created.
Snapshot from 13.5m, 0m, 8m, to 22.5m, 0.05m, 28.1m, discretisation 0.15m, 0.05m, 0.15m, at 4.13e-07 secs (iteration 7004; magnetic fields at 4.12971e-07 secs) with field outputs Ex, Ey, Ez, Hx, Hy, Hz  and filename snap07004.h5 will be created.
Snapshot from 13.5m, 0m, 8m, to 22.5m, 0.05m, 28.1m, discretisation 0.15m, 0.05m, 0.15m, at 4.14003e-07 secs (iteration 7021; magnetic fields at 4.13973e-07 secs) with field outputs Ex, Ey, Ez, Hx, Hy, Hz  and filename snap07021.h5 will be created.
Snapshot from 13.5m, 0m, 8m, to 22.5m, 0.05m, 28.1m, discretisation 0.15m, 0.05m, 0.15m, at 4.15005e-07 secs (iteration 7038; magnetic fields at 4.14976e-07 secs) with field outputs Ex, Ey, Ez, Hx, Hy, Hz  and filename snap07038.h5 will be created.
Snapshot from 13.5m, 0m, 8m, to 22.5m, 0.05m, 28.1m, discretisation 0.15m, 0.05m, 0.15m, at 4.16008e-07 secs (iteration 7055; magnetic fields at 4.15978e-07 secs) with field outputs Ex, Ey, Ez, Hx, Hy, Hz  and filename snap07055.h5 will be created.
Snapshot from 13.5m, 0m, 8m, to 22.5m, 0.05m, 28.1m, discretisation 0.15m, 0.05m, 0.15m, at 4.1701e-07 secs (iteration 7072; magnetic fields at 4.16981e-07 secs) with field outputs Ex, Ey, Ez, Hx, Hy, Hz  and filename snap07072.h5 will be created.
Snapshot from 13.5m, 0m, 8m, to 22.5m, 0.05m, 28.1m, discretisation 0.15m, 0.05m, 0.15m, at 4.18013e-07 secs (iteration 7089; magnetic fields at 4.17983e-07 secs) with field outputs Ex, Ey, Ez, Hx, Hy, Hz  and filename snap07089.h5 will be created.
Snapshot from 13.5m, 0m, 8m, to 22.5m, 0.05m, 28.1m, discretisation 0.15m, 0.05m, 0.15m, at 4.19015e-07 secs (iteration 7106; magnetic fields at 4.18985e-07 secs) with field outputs Ex, Ey, Ez, Hx, Hy, Hz  and filename snap07106.h5 will be created.
Snapshot from 13.5m, 0m, 8m, to 22.5m, 0.05m, 28.1m, discretisation 0.15m, 0.05m, 0.15m, at 4.20017e-07 secs (iteration 7123; magnetic fields at 4.19988e-07 secs) with field outputs Ex, Ey, Ez, Hx, Hy, Hz  and filename snap07123.h5 will be created.
Snapshot from 13.5m, 0m, 8m, to 22.5m, 0.05m, 28.1m, discretisation 0.15m, 0.05m, 0.15m, at 4.2102e-07 secs (iteration 7140; magnetic fields at 4.2099e-07 secs) with field outputs Ex, Ey, Ez, Hx, Hy, Hz  and filename snap07140.h5 will be created.
Snapshot from 13.5m, 0m, 8m, to 22.5m, 0.05m, 28.1m, discretisation 0.15m, 0.05m, 0.15m, at 4.22022e-07 secs (iteration 7157; magnetic fields at 4.21993e-07 secs) with field outputs Ex, Ey, Ez, Hx, Hy, Hz  and filename snap07157.h5 will be created.
Snapshot from 13.5m, 0m, 8m, to 22.5m, 0.05m, 28.1m, discretisation 0.15m, 0.05m, 0.15m, at 4.23025e-07 secs (iteration 7174; magnetic fields at 4.22995e-07 secs) with field outputs Ex, Ey, Ez, Hx, Hy, Hz  and filename snap07174.h5 will be created.
Snapshot from 13.5m, 0m, 8m, to 22.5m, 0.05m, 28.1m, discretisation 0.15m, 0.05m, 0.15m, at 4.24027e-07 secs (iteration 7191; magnetic fields at 4.23998e-07 secs) with field outputs Ex, Ey, Ez, Hx, Hy, Hz  and filename snap07191.h5 will be created.
Snapshot from 13.5m, 0m, 8m, to 22.5m, 0.05m, 28.1m, discretisation 0.15m, 0.05m, 0.15m, at 4.2503e-07 secs (iteration 7208; magnetic fields at 4.25e-07 secs) with field outputs Ex, Ey, Ez, Hx, Hy, Hz  and filename snap07208.h5 will be created.
Snapshot from 13.5m, 0m, 8m, to 22.5m, 0.05m, 28.1m, discretisation 0.15m, 0.05m, 0.15m, at 4.26032e-07 secs (iteration 7225; magnetic fields at 4.26002e-07 secs) with field outputs Ex, Ey, Ez, Hx, Hy, Hz  and filename snap07225.h5 will be created.
Snapshot from 13.5m, 0m, 8m, to 22.5m, 0.05m, 28.1m, discretisation 0.15m, 0.05m, 0.15m, at 4.27034e-07 secs (iteration 7242; magnetic fields at 4.27005e-07 secs) with field outputs Ex, Ey, Ez, Hx, Hy, Hz  and filename snap07242.h5 will be created.
Snapshot from 13.5m, 0m, 8m, to 22.5m, 0.05m, 28.1m, discretisation 0.15m, 0.05m, 0.15m, at 4.28037e-07 secs (iteration 7259; magnetic fields at 4.28007e-07 secs) with field outputs Ex, Ey, Ez, Hx, Hy, Hz  and filename snap07259.h5 will be created.
Snapshot from 13.5m, 0m, 8m, to 22.5m, 0.05m, 28.1m, discretisation 0.15m, 0.05m, 0.15m, at 4.29039e-07 secs (iteration 7276; magnetic fields at 4.2901e-07 secs) with field outputs Ex, Ey, Ez, Hx, Hy, Hz  and filename snap07276.h5 will be created.
Snapshot from 13.5m, 0m, 8m, to 22.5m, 0.05m, 28.1m, discretisation 0.15m, 0.05m, 0.15m, at 4.30042e-07 secs (iteration 7293; magnetic fields at 4.30012e-07 secs) with field outputs Ex, Ey, Ez, Hx, Hy, Hz  and filename snap07293.h5 will be created.
Snapshot from 13.5m, 0m, 8m, to 22.5m, 0.05m, 28.1m, discretisation 0.15m, 0.05m, 0.15m, at 4.31044e-07 secs (iteration 7310; magnetic fields at 4.31015e-07 secs) with field outputs Ex, Ey, Ez, Hx, Hy, Hz  and filename snap07310.h5 will be created.
Snapshot from 13.5m, 0m, 8m, to 22.5m, 0.05m, 28.1m, discretisation 0.15m, 0.05m, 0.15m, at 4.32047e-07 secs (iteration 7327; magnetic fields at 4.32017e-07 secs) with field outputs Ex, Ey, Ez, Hx, Hy, Hz  and filename snap07327.h5 will be created.
Snapshot from 13.5m, 0m, 8m, to 22.5m, 0.05m, 28.1m, discretisation 0.15m, 0.05m, 0.15m, at 4.33049e-07 secs (iteration 7344; magnetic fields at 4.33019e-07 secs) with field outputs Ex, Ey, Ez, Hx, Hy, Hz  and filename snap07344.h5 will be created.
Snapshot from 13.5m, 0m, 8m, to 22.5m, 0.05m, 28.1m, discretisation 0.15m, 0.05m, 0.15m, at 4.34051e-07 secs (iteration 7361; magnetic fields at 4.34022e-07 secs) with field outputs Ex, Ey, Ez, Hx, Hy, Hz  and filename snap07361.h5 will be created.
Snapshot from 13.5m, 0m, 8m, to 22.5m, 0.05m, 28.1m, discretisation 0.15m, 0.05m, 0.15m, at 4.35054e-07 secs (iteration 7378; magnetic fields at 4.35024e-07 secs) with field outputs Ex, Ey, Ez, Hx, Hy, Hz  and filename snap07378.h5 will be created.
Snapshot from 13.5m, 0m, 8m, to 22.5m, 0.05m, 28.1m, discretisation 0.15m, 0.05m, 0.15m, at 4.36056e-07 secs (iteration 7395; magnetic fields at 4.36027e-07 secs) with field outputs Ex, Ey, Ez, Hx, Hy, Hz  and filename snap07395.h5 will be created.
Snapshot from 13.5m, 0m, 8m, to 22.5m, 0.05m, 28.1m, discretisation 0.15m, 0.05m, 0.15m, at 4.37059e-07 secs (iteration 7412; magnetic fields at 4.37029e-07 secs) with field outputs Ex, Ey, Ez, Hx, Hy, Hz  and filename snap07412.h5 will be created.
Snapshot from 13.5m, 0m, 8m, to 22.5m, 0.05m, 28.1m, discretisation 0.15m, 0.05m, 0.15m, at 4.38061e-07 secs (iteration 7429; magnetic fields at 4.38032e-07 secs) with field outputs Ex, Ey, Ez, Hx, Hy, Hz  and filename snap07429.h5 will be created.
Snapshot from 13.5m, 0m, 8m, to 22.5m, 0.05m, 28.1m, discretisation 0.15m, 0.05m, 0.15m, at 4.39064e-07 secs (iteration 7446; magnetic fields at 4.39034e-07 secs) with field outputs Ex, Ey, Ez, Hx, Hy, Hz  and filename snap07446.h5 will be created.
Snapshot from 13.5m, 0m, 8m, to 22.5m, 0.05m, 28.1m, discretisation 0.15m, 0.05m, 0.15m, at 4.40066e-07 secs (iteration 7463; magnetic fields at 4.40036e-07 secs) with field outputs Ex, Ey, Ez, Hx, Hy, Hz  and filename snap07463.h5 will be created.
Snapshot from 13.5m, 0m, 8m, to 22.5m, 0.05m, 28.1m, discretisation 0.15m, 0.05m, 0.15m, at 4.41068e-07 secs (iteration 7480; magnetic fields at 4.41039e-07 secs) with field outputs Ex, Ey, Ez, Hx, Hy, Hz  and filename snap07480.h5 will be created.
Snapshot from 13.5m, 0m, 8m, to 22.5m, 0.05m, 28.1m, discretisation 0.15m, 0.05m, 0.15m, at 4.42071e-07 secs (iteration 7497; magnetic fields at 4.42041e-07 secs) with field outputs Ex, Ey, Ez, Hx, Hy, Hz  and filename snap07497.h5 will be created.
Snapshot from 13.5m, 0m, 8m, to 22.5m, 0.05m, 28.1m, discretisation 0.15m, 0.05m, 0.15m, at 4.43073e-07 secs (iteration 7514; magnetic fields at 4.43044e-07 secs) with field outputs Ex, Ey, Ez, Hx, Hy, Hz  and filename snap07514.h5 will be created.
Snapshot from 13.5m, 0m, 8m, to 22.5m, 0.05m, 28.1m, discretisation 0.15m, 0.05m, 0.15m, at 4.44076e-07 secs (iteration 7531; magnetic fields at 4.44046e-07 secs) with field outputs Ex, Ey, Ez, Hx, Hy, Hz  and filename snap07531.h5 will be created.
Snapshot from 13.5m, 0m, 8m, to 22.5m, 0.05m, 28.1m, discretisation 0.15m, 0.05m, 0.15m, at 4.45078e-07 secs (iteration 7548; magnetic fields at 4.45049e-07 secs) with field outputs Ex, Ey, Ez, Hx, Hy, Hz  and filename snap07548.h5 will be created.
Snapshot from 13.5m, 0m, 8m, to 22.5m, 0.05m, 28.1m, discretisation 0.15m, 0.05m, 0.15m, at 4.46081e-07 secs (iteration 7565; magnetic fields at 4.46051e-07 secs) with field outputs Ex, Ey, Ez, Hx, Hy, Hz  and filename snap07565.h5 will be created.
Snapshot from 13.5m, 0m, 8m, to 22.5m, 0.05m, 28.1m, discretisation 0.15m, 0.05m, 0.15m, at 4.47083e-07 secs (iteration 7582; magnetic fields at 4.47053e-07 secs) with field outputs Ex, Ey, Ez, Hx, Hy, Hz  and filename snap07582.h5 will be created.
Snapshot from 13.5m, 0m, 8m, to 22.5m, 0.05m, 28.1m, discretisation 0.15m, 0.05m, 0.15m, at 4.48085e-07 secs (iteration 7599; magnetic fields at 4.48056e-07 secs) with field outputs Ex, Ey, Ez, Hx, Hy, Hz  and filename snap07599.h5 will be created.
Snapshot from 13.5m, 0m, 8m, to 22.5m, 0.05m, 28.1m, discretisation 0.15m, 0.05m, 0.15m, at 4.49088e-07 secs (iteration 7616; magnetic fields at 4.49058e-07 secs) with field outputs Ex, Ey, Ez, Hx, Hy, Hz  and filename snap07616.h5 will be created.
Snapshot from 13.5m, 0m, 8m, to 22.5m, 0.05m, 28.1m, discretisation 0.15m, 0.05m, 0.15m, at 4.5009e-07 secs (iteration 7633; magnetic fields at 4.50061e-07 secs) with field outputs Ex, Ey, Ez, Hx, Hy, Hz  and filename snap07633.h5 will be created.
Snapshot from 13.5m, 0m, 8m, to 22.5m, 0.05m, 28.1m, discretisation 0.15m, 0.05m, 0.15m, at 4.51093e-07 secs (iteration 7650; magnetic fields at 4.51063e-07 secs) with field outputs Ex, Ey, Ez, Hx, Hy, Hz  and filename snap07650.h5 will be created.
Snapshot from 13.5m, 0m, 8m, to 22.5m, 0.05m, 28.1m, discretisation 0.15m, 0.05m, 0.15m, at 4.52095e-07 secs (iteration 7667; magnetic fields at 4.52066e-07 secs) with field outputs Ex, Ey, Ez, Hx, Hy, Hz  and filename snap07667.h5 will be created.
Snapshot from 13.5m, 0m, 8m, to 22.5m, 0.05m, 28.1m, discretisation 0.15m, 0.05m, 0.15m, at 4.53097e-07 secs (iteration 7684; magnetic fields at 4.53068e-07 secs) with field outputs Ex, Ey, Ez, Hx, Hy, Hz  and filename snap07684.h5 will be created.
Snapshot from 13.5m, 0m, 8m, to 22.5m, 0.05m, 28.1m, discretisation 0.15m, 0.05m, 0.15m, at 4.541e-07 secs (iteration 7701; magnetic fields at 4.5407e-07 secs) with field outputs Ex, Ey, Ez, Hx, Hy, Hz  and filename snap07701.h5 will be created.
Snapshot from 13.5m, 0m, 8m, to 22.5m, 0.05m, 28.1m, discretisation 0.15m, 0.05m, 0.15m, at 4.55102e-07 secs (iteration 7718; magnetic fields at 4.55073e-07 secs) with field outputs Ex, Ey, Ez, Hx, Hy, Hz  and filename snap07718.h5 will be created.
Snapshot from 13.5m, 0m, 8m, to 22.5m, 0.05m, 28.1m, discretisation 0.15m, 0.05m, 0.15m, at 4.56105e-07 secs (iteration 7735; magnetic fields at 4.56075e-07 secs) with field outputs Ex, Ey, Ez, Hx, Hy, Hz  and filename snap07735.h5 will be created.
Snapshot from 13.5m, 0m, 8m, to 22.5m, 0.05m, 28.1m, discretisation 0.15m, 0.05m, 0.15m, at 4.57107e-07 secs (iteration 7752; magnetic fields at 4.57078e-07 secs) with field outputs Ex, Ey, Ez, Hx, Hy, Hz  and filename snap07752.h5 will be created.
Snapshot from 13.5m, 0m, 8m, to 22.5m, 0.05m, 28.1m, discretisation 0.15m, 0.05m, 0.15m, at 4.5811e-07 secs (iteration 7769; magnetic fields at 4.5808e-07 secs) with field outputs Ex, Ey, Ez, Hx, Hy, Hz  and filename snap07769.h5 will be created.
Snapshot from 13.5m, 0m, 8m, to 22.5m, 0.05m, 28.1m, discretisation 0.15m, 0.05m, 0.15m, at 4.59112e-07 secs (iteration 7786; magnetic fields at 4.59083e-07 secs) with field outputs Ex, Ey, Ez, Hx, Hy, Hz  and filename snap07786.h5 will be created.
Snapshot from 13.5m, 0m, 8m, to 22.5m, 0.05m, 28.1m, discretisation 0.15m, 0.05m, 0.15m, at 4.60114e-07 secs (iteration 7803; magnetic fields at 4.60085e-07 secs) with field outputs Ex, Ey, Ez, Hx, Hy, Hz  and filename snap07803.h5 will be created.
Snapshot from 13.5m, 0m, 8m, to 22.5m, 0.05m, 28.1m, discretisation 0.15m, 0.05m, 0.15m, at 4.61117e-07 secs (iteration 7820; magnetic fields at 4.61087e-07 secs) with field outputs Ex, Ey, Ez, Hx, Hy, Hz  and filename snap07820.h5 will be created.
Snapshot from 13.5m, 0m, 8m, to 22.5m, 0.05m, 28.1m, discretisation 0.15m, 0.05m, 0.15m, at 4.62119e-07 secs (iteration 7837; magnetic fields at 4.6209e-07 secs) with field outputs Ex, Ey, Ez, Hx, Hy, Hz  and filename snap07837.h5 will be created.
Snapshot from 13.5m, 0m, 8m, to 22.5m, 0.05m, 28.1m, discretisation 0.15m, 0.05m, 0.15m, at 4.63122e-07 secs (iteration 7854; magnetic fields at 4.63092e-07 secs) with field outputs Ex, Ey, Ez, Hx, Hy, Hz  and filename snap07854.h5 will be created.
Snapshot from 13.5m, 0m, 8m, to 22.5m, 0.05m, 28.1m, discretisation 0.15m, 0.05m, 0.15m, at 4.64124e-07 secs (iteration 7871; magnetic fields at 4.64095e-07 secs) with field outputs Ex, Ey, Ez, Hx, Hy, Hz  and filename snap07871.h5 will be created.
Snapshot from 13.5m, 0m, 8m, to 22.5m, 0.05m, 28.1m, discretisation 0.15m, 0.05m, 0.15m, at 4.65127e-07 secs (iteration 7888; magnetic fields at 4.65097e-07 secs) with field outputs Ex, Ey, Ez, Hx, Hy, Hz  and filename snap07888.h5 will be created.
Snapshot from 13.5m, 0m, 8m, to 22.5m, 0.05m, 28.1m, discretisation 0.15m, 0.05m, 0.15m, at 4.66129e-07 secs (iteration 7905; magnetic fields at 4.661e-07 secs) with field outputs Ex, Ey, Ez, Hx, Hy, Hz  and filename snap07905.h5 will be created.
Snapshot from 13.5m, 0m, 8m, to 22.5m, 0.05m, 28.1m, discretisation 0.15m, 0.05m, 0.15m, at 4.67131e-07 secs (iteration 7922; magnetic fields at 4.67102e-07 secs) with field outputs Ex, Ey, Ez, Hx, Hy, Hz  and filename snap07922.h5 will be created.
Snapshot from 13.5m, 0m, 8m, to 22.5m, 0.05m, 28.1m, discretisation 0.15m, 0.05m, 0.15m, at 4.68134e-07 secs (iteration 7939; magnetic fields at 4.68104e-07 secs) with field outputs Ex, Ey, Ez, Hx, Hy, Hz  and filename snap07939.h5 will be created.
Snapshot from 13.5m, 0m, 8m, to 22.5m, 0.05m, 28.1m, discretisation 0.15m, 0.05m, 0.15m, at 4.69136e-07 secs (iteration 7956; magnetic fields at 4.69107e-07 secs) with field outputs Ex, Ey, Ez, Hx, Hy, Hz  and filename snap07956.h5 will be created.
Snapshot from 13.5m, 0m, 8m, to 22.5m, 0.05m, 28.1m, discretisation 0.15m, 0.05m, 0.15m, at 4.70139e-07 secs (iteration 7973; magnetic fields at 4.70109e-07 secs) with field outputs Ex, Ey, Ez, Hx, Hy, Hz  and filename snap07973.h5 will be created.
Snapshot from 13.5m, 0m, 8m, to 22.5m, 0.05m, 28.1m, discretisation 0.15m, 0.05m, 0.15m, at 4.71141e-07 secs (iteration 7990; magnetic fields at 4.71112e-07 secs) with field outputs Ex, Ey, Ez, Hx, Hy, Hz  and filename snap07990.h5 will be created.
Snapshot from 13.5m, 0m, 8m, to 22.5m, 0.05m, 28.1m, discretisation 0.15m, 0.05m, 0.15m, at 4.72144e-07 secs (iteration 8007; magnetic fields at 4.72114e-07 secs) with field outputs Ex, Ey, Ez, Hx, Hy, Hz  and filename snap08007.h5 will be created.
Snapshot from 13.5m, 0m, 8m, to 22.5m, 0.05m, 28.1m, discretisation 0.15m, 0.05m, 0.15m, at 4.73146e-07 secs (iteration 8024; magnetic fields at 4.73117e-07 secs) with field outputs Ex, Ey, Ez, Hx, Hy, Hz  and filename snap08024.h5 will be created.
Snapshot from 13.5m, 0m, 8m, to 22.5m, 0.05m, 28.1m, discretisation 0.15m, 0.05m, 0.15m, at 4.74148e-07 secs (iteration 8041; magnetic fields at 4.74119e-07 secs) with field outputs Ex, Ey, Ez, Hx, Hy, Hz  and filename snap08041.h5 will be created.
Snapshot from 13.5m, 0m, 8m, to 22.5m, 0.05m, 28.1m, discretisation 0.15m, 0.05m, 0.15m, at 4.75151e-07 secs (iteration 8058; magnetic fields at 4.75121e-07 secs) with field outputs Ex, Ey, Ez, Hx, Hy, Hz  and filename snap08058.h5 will be created.
Snapshot from 13.5m, 0m, 8m, to 22.5m, 0.05m, 28.1m, discretisation 0.15m, 0.05m, 0.15m, at 4.76153e-07 secs (iteration 8075; magnetic fields at 4.76124e-07 secs) with field outputs Ex, Ey, Ez, Hx, Hy, Hz  and filename snap08075.h5 will be created.
Snapshot from 13.5m, 0m, 8m, to 22.5m, 0.05m, 28.1m, discretisation 0.15m, 0.05m, 0.15m, at 4.77156e-07 secs (iteration 8092; magnetic fields at 4.77126e-07 secs) with field outputs Ex, Ey, Ez, Hx, Hy, Hz  and filename snap08092.h5 will be created.
Snapshot from 13.5m, 0m, 8m, to 22.5m, 0.05m, 28.1m, discretisation 0.15m, 0.05m, 0.15m, at 4.78158e-07 secs (iteration 8109; magnetic fields at 4.78129e-07 secs) with field outputs Ex, Ey, Ez, Hx, Hy, Hz  and filename snap08109.h5 will be created.
Snapshot from 13.5m, 0m, 8m, to 22.5m, 0.05m, 28.1m, discretisation 0.15m, 0.05m, 0.15m, at 4.79161e-07 secs (iteration 8126; magnetic fields at 4.79131e-07 secs) with field outputs Ex, Ey, Ez, Hx, Hy, Hz  and filename snap08126.h5 will be created.
Snapshot from 13.5m, 0m, 8m, to 22.5m, 0.05m, 28.1m, discretisation 0.15m, 0.05m, 0.15m, at 4.80163e-07 secs (iteration 8143; magnetic fields at 4.80134e-07 secs) with field outputs Ex, Ey, Ez, Hx, Hy, Hz  and filename snap08143.h5 will be created.
Snapshot from 13.5m, 0m, 8m, to 22.5m, 0.05m, 28.1m, discretisation 0.15m, 0.05m, 0.15m, at 4.81165e-07 secs (iteration 8160; magnetic fields at 4.81136e-07 secs) with field outputs Ex, Ey, Ez, Hx, Hy, Hz  and filename snap08160.h5 will be created.
Snapshot from 13.5m, 0m, 8m, to 22.5m, 0.05m, 28.1m, discretisation 0.15m, 0.05m, 0.15m, at 4.82168e-07 secs (iteration 8177; magnetic fields at 4.82138e-07 secs) with field outputs Ex, Ey, Ez, Hx, Hy, Hz  and filename snap08177.h5 will be created.
Snapshot from 13.5m, 0m, 8m, to 22.5m, 0.05m, 28.1m, discretisation 0.15m, 0.05m, 0.15m, at 4.8317e-07 secs (iteration 8194; magnetic fields at 4.83141e-07 secs) with field outputs Ex, Ey, Ez, Hx, Hy, Hz  and filename snap08194.h5 will be created.
Snapshot from 13.5m, 0m, 8m, to 22.5m, 0.05m, 28.1m, discretisation 0.15m, 0.05m, 0.15m, at 4.84173e-07 secs (iteration 8211; magnetic fields at 4.84143e-07 secs) with field outputs Ex, Ey, Ez, Hx, Hy, Hz  and filename snap08211.h5 will be created.
Snapshot from 13.5m, 0m, 8m, to 22.5m, 0.05m, 28.1m, discretisation 0.15m, 0.05m, 0.15m, at 4.85175e-07 secs (iteration 8228; magnetic fields at 4.85146e-07 secs) with field outputs Ex, Ey, Ez, Hx, Hy, Hz  and filename snap08228.h5 will be created.
Snapshot from 13.5m, 0m, 8m, to 22.5m, 0.05m, 28.1m, discretisation 0.15m, 0.05m, 0.15m, at 4.86178e-07 secs (iteration 8245; magnetic fields at 4.86148e-07 secs) with field outputs Ex, Ey, Ez, Hx, Hy, Hz  and filename snap08245.h5 will be created.
Snapshot from 13.5m, 0m, 8m, to 22.5m, 0.05m, 28.1m, discretisation 0.15m, 0.05m, 0.15m, at 4.8718e-07 secs (iteration 8262; magnetic fields at 4.87151e-07 secs) with field outputs Ex, Ey, Ez, Hx, Hy, Hz  and filename snap08262.h5 will be created.
Snapshot from 13.5m, 0m, 8m, to 22.5m, 0.05m, 28.1m, discretisation 0.15m, 0.05m, 0.15m, at 4.88182e-07 secs (iteration 8279; magnetic fields at 4.88153e-07 secs) with field outputs Ex, Ey, Ez, Hx, Hy, Hz  and filename snap08279.h5 will be created.
Snapshot from 13.5m, 0m, 8m, to 22.5m, 0.05m, 28.1m, discretisation 0.15m, 0.05m, 0.15m, at 4.89185e-07 secs (iteration 8296; magnetic fields at 4.89155e-07 secs) with field outputs Ex, Ey, Ez, Hx, Hy, Hz  and filename snap08296.h5 will be created.
Snapshot from 13.5m, 0m, 8m, to 22.5m, 0.05m, 28.1m, discretisation 0.15m, 0.05m, 0.15m, at 4.90187e-07 secs (iteration 8313; magnetic fields at 4.90158e-07 secs) with field outputs Ex, Ey, Ez, Hx, Hy, Hz  and filename snap08313.h5 will be created.
Snapshot from 13.5m, 0m, 8m, to 22.5m, 0.05m, 28.1m, discretisation 0.15m, 0.05m, 0.15m, at 4.9119e-07 secs (iteration 8330; magnetic fields at 4.9116e-07 secs) with field outputs Ex, Ey, Ez, Hx, Hy, Hz  and filename snap08330.h5 will be created.
Snapshot from 13.5m, 0m, 8m, to 22.5m, 0.05m, 28.1m, discretisation 0.15m, 0.05m, 0.15m, at 4.92192e-07 secs (iteration 8347; magnetic fields at 4.92163e-07 secs) with field outputs Ex, Ey, Ez, Hx, Hy, Hz  and filename snap08347.h5 will be created.
Snapshot from 13.5m, 0m, 8m, to 22.5m, 0.05m, 28.1m, discretisation 0.15m, 0.05m, 0.15m, at 4.93195e-07 secs (iteration 8364; magnetic fields at 4.93165e-07 secs) with field outputs Ex, Ey, Ez, Hx, Hy, Hz  and filename snap08364.h5 will be created.
Snapshot from 13.5m, 0m, 8m, to 22.5m, 0.05m, 28.1m, discretisation 0.15m, 0.05m, 0.15m, at 4.94197e-07 secs (iteration 8381; magnetic fields at 4.94168e-07 secs) with field outputs Ex, Ey, Ez, Hx, Hy, Hz  and filename snap08381.h5 will be created.
Snapshot from 13.5m, 0m, 8m, to 22.5m, 0.05m, 28.1m, discretisation 0.15m, 0.05m, 0.15m, at 4.95199e-07 secs (iteration 8398; magnetic fields at 4.9517e-07 secs) with field outputs Ex, Ey, Ez, Hx, Hy, Hz  and filename snap08398.h5 will be created.
Snapshot from 13.5m, 0m, 8m, to 22.5m, 0.05m, 28.1m, discretisation 0.15m, 0.05m, 0.15m, at 4.96202e-07 secs (iteration 8415; magnetic fields at 4.96172e-07 secs) with field outputs Ex, Ey, Ez, Hx, Hy, Hz  and filename snap08415.h5 will be created.
Snapshot from 13.5m, 0m, 8m, to 22.5m, 0.05m, 28.1m, discretisation 0.15m, 0.05m, 0.15m, at 4.97204e-07 secs (iteration 8432; magnetic fields at 4.97175e-07 secs) with field outputs Ex, Ey, Ez, Hx, Hy, Hz  and filename snap08432.h5 will be created.
Snapshot from 13.5m, 0m, 8m, to 22.5m, 0.05m, 28.1m, discretisation 0.15m, 0.05m, 0.15m, at 4.98207e-07 secs (iteration 8449; magnetic fields at 4.98177e-07 secs) with field outputs Ex, Ey, Ez, Hx, Hy, Hz  and filename snap08449.h5 will be created.
Snapshot from 13.5m, 0m, 8m, to 22.5m, 0.05m, 28.1m, discretisation 0.15m, 0.05m, 0.15m, at 4.99209e-07 secs (iteration 8466; magnetic fields at 4.9918e-07 secs) with field outputs Ex, Ey, Ez, Hx, Hy, Hz  and filename snap08466.h5 will be created.
Snapshot from 13.5m, 0m, 8m, to 22.5m, 0.05m, 28.1m, discretisation 0.15m, 0.05m, 0.15m, at 5.00212e-07 secs (iteration 8483; magnetic fields at 5.00182e-07 secs) with field outputs Ex, Ey, Ez, Hx, Hy, Hz  and filename snap08483.h5 will be created.
Snapshot from 13.5m, 0m, 8m, to 22.5m, 0.05m, 28.1m, discretisation 0.15m, 0.05m, 0.15m, at 5.01214e-07 secs (iteration 8500; magnetic fields at 5.01185e-07 secs) with field outputs Ex, Ey, Ez, Hx, Hy, Hz  and filename snap08500.h5 will be created.
Snapshot from 13.5m, 0m, 8m, to 22.5m, 0.05m, 28.1m, discretisation 0.15m, 0.05m, 0.15m, at 5.02216e-07 secs (iteration 8517; magnetic fields at 5.02187e-07 secs) with field outputs Ex, Ey, Ez, Hx, Hy, Hz  and filename snap08517.h5 will be created.
Snapshot from 13.5m, 0m, 8m, to 22.5m, 0.05m, 28.1m, discretisation 0.15m, 0.05m, 0.15m, at 5.03219e-07 secs (iteration 8534; magnetic fields at 5.03189e-07 secs) with field outputs Ex, Ey, Ez, Hx, Hy, Hz  and filename snap08534.h5 will be created.
Snapshot from 13.5m, 0m, 8m, to 22.5m, 0.05m, 28.1m, discretisation 0.15m, 0.05m, 0.15m, at 5.04221e-07 secs (iteration 8551; magnetic fields at 5.04192e-07 secs) with field outputs Ex, Ey, Ez, Hx, Hy, Hz  and filename snap08551.h5 will be created.
Snapshot from 13.5m, 0m, 8m, to 22.5m, 0.05m, 28.1m, discretisation 0.15m, 0.05m, 0.15m, at 5.05224e-07 secs (iteration 8568; magnetic fields at 5.05194e-07 secs) with field outputs Ex, Ey, Ez, Hx, Hy, Hz  and filename snap08568.h5 will be created.
Snapshot from 13.5m, 0m, 8m, to 22.5m, 0.05m, 28.1m, discretisation 0.15m, 0.05m, 0.15m, at 5.06226e-07 secs (iteration 8585; magnetic fields at 5.06197e-07 secs) with field outputs Ex, Ey, Ez, Hx, Hy, Hz  and filename snap08585.h5 will be created.
Snapshot from 13.5m, 0m, 8m, to 22.5m, 0.05m, 28.1m, discretisation 0.15m, 0.05m, 0.15m, at 5.07229e-07 secs (iteration 8602; magnetic fields at 5.07199e-07 secs) with field outputs Ex, Ey, Ez, Hx, Hy, Hz  and filename snap08602.h5 will be created.
Snapshot from 13.5m, 0m, 8m, to 22.5m, 0.05m, 28.1m, discretisation 0.15m, 0.05m, 0.15m, at 5.08231e-07 secs (iteration 8619; magnetic fields at 5.08202e-07 secs) with field outputs Ex, Ey, Ez, Hx, Hy, Hz  and filename snap08619.h5 will be created.
Snapshot from 13.5m, 0m, 8m, to 22.5m, 0.05m, 28.1m, discretisation 0.15m, 0.05m, 0.15m, at 5.09233e-07 secs (iteration 8636; magnetic fields at 5.09204e-07 secs) with field outputs Ex, Ey, Ez, Hx, Hy, Hz  and filename snap08636.h5 will be created.
Snapshot from 13.5m, 0m, 8m, to 22.5m, 0.05m, 28.1m, discretisation 0.15m, 0.05m, 0.15m, at 5.10236e-07 secs (iteration 8653; magnetic fields at 5.10206e-07 secs) with field outputs Ex, Ey, Ez, Hx, Hy, Hz  and filename snap08653.h5 will be created.
Snapshot from 13.5m, 0m, 8m, to 22.5m, 0.05m, 28.1m, discretisation 0.15m, 0.05m, 0.15m, at 5.11238e-07 secs (iteration 8670; magnetic fields at 5.11209e-07 secs) with field outputs Ex, Ey, Ez, Hx, Hy, Hz  and filename snap08670.h5 will be created.
Snapshot from 13.5m, 0m, 8m, to 22.5m, 0.05m, 28.1m, discretisation 0.15m, 0.05m, 0.15m, at 5.12241e-07 secs (iteration 8687; magnetic fields at 5.12211e-07 secs) with field outputs Ex, Ey, Ez, Hx, Hy, Hz  and filename snap08687.h5 will be created.
Snapshot from 13.5m, 0m, 8m, to 22.5m, 0.05m, 28.1m, discretisation 0.15m, 0.05m, 0.15m, at 5.13243e-07 secs (iteration 8704; magnetic fields at 5.13214e-07 secs) with field outputs Ex, Ey, Ez, Hx, Hy, Hz  and filename snap08704.h5 will be created.
Snapshot from 13.5m, 0m, 8m, to 22.5m, 0.05m, 28.1m, discretisation 0.15m, 0.05m, 0.15m, at 5.14246e-07 secs (iteration 8721; magnetic fields at 5.14216e-07 secs) with field outputs Ex, Ey, Ez, Hx, Hy, Hz  and filename snap08721.h5 will be created.
Snapshot from 13.5m, 0m, 8m, to 22.5m, 0.05m, 28.1m, discretisation 0.15m, 0.05m, 0.15m, at 5.15248e-07 secs (iteration 8738; magnetic fields at 5.15219e-07 secs) with field outputs Ex, Ey, Ez, Hx, Hy, Hz  and filename snap08738.h5 will be created.
Snapshot from 13.5m, 0m, 8m, to 22.5m, 0.05m, 28.1m, discretisation 0.15m, 0.05m, 0.15m, at 5.1625e-07 secs (iteration 8755; magnetic fields at 5.16221e-07 secs) with field outputs Ex, Ey, Ez, Hx, Hy, Hz  and filename snap08755.h5 will be created.
Snapshot from 13.5m, 0m, 8m, to 22.5m, 0.05m, 28.1m, discretisation 0.15m, 0.05m, 0.15m, at 5.17253e-07 secs (iteration 8772; magnetic fields at 5.17223e-07 secs) with field outputs Ex, Ey, Ez, Hx, Hy, Hz  and filename snap08772.h5 will be created.
Snapshot from 13.5m, 0m, 8m, to 22.5m, 0.05m, 28.1m, discretisation 0.15m, 0.05m, 0.15m, at 5.18255e-07 secs (iteration 8789; magnetic fields at 5.18226e-07 secs) with field outputs Ex, Ey, Ez, Hx, Hy, Hz  and filename snap08789.h5 will be created.
Snapshot from 13.5m, 0m, 8m, to 22.5m, 0.05m, 28.1m, discretisation 0.15m, 0.05m, 0.15m, at 5.19258e-07 secs (iteration 8806; magnetic fields at 5.19228e-07 secs) with field outputs Ex, Ey, Ez, Hx, Hy, Hz  and filename snap08806.h5 will be created.
Snapshot from 13.5m, 0m, 8m, to 22.5m, 0.05m, 28.1m, discretisation 0.15m, 0.05m, 0.15m, at 5.2026e-07 secs (iteration 8823; magnetic fields at 5.20231e-07 secs) with field outputs Ex, Ey, Ez, Hx, Hy, Hz  and filename snap08823.h5 will be created.
Snapshot from 13.5m, 0m, 8m, to 22.5m, 0.05m, 28.1m, discretisation 0.15m, 0.05m, 0.15m, at 5.21263e-07 secs (iteration 8840; magnetic fields at 5.21233e-07 secs) with field outputs Ex, Ey, Ez, Hx, Hy, Hz  and filename snap08840.h5 will be created.
Snapshot from 13.5m, 0m, 8m, to 22.5m, 0.05m, 28.1m, discretisation 0.15m, 0.05m, 0.15m, at 5.22265e-07 secs (iteration 8857; magnetic fields at 5.22236e-07 secs) with field outputs Ex, Ey, Ez, Hx, Hy, Hz  and filename snap08857.h5 will be created.
Snapshot from 13.5m, 0m, 8m, to 22.5m, 0.05m, 28.1m, discretisation 0.15m, 0.05m, 0.15m, at 5.23267e-07 secs (iteration 8874; magnetic fields at 5.23238e-07 secs) with field outputs Ex, Ey, Ez, Hx, Hy, Hz  and filename snap08874.h5 will be created.
Snapshot from 13.5m, 0m, 8m, to 22.5m, 0.05m, 28.1m, discretisation 0.15m, 0.05m, 0.15m, at 5.2427e-07 secs (iteration 8891; magnetic fields at 5.2424e-07 secs) with field outputs Ex, Ey, Ez, Hx, Hy, Hz  and filename snap08891.h5 will be created.
Snapshot from 13.5m, 0m, 8m, to 22.5m, 0.05m, 28.1m, discretisation 0.15m, 0.05m, 0.15m, at 5.25272e-07 secs (iteration 8908; magnetic fields at 5.25243e-07 secs) with field outputs Ex, Ey, Ez, Hx, Hy, Hz  and filename snap08908.h5 will be created.
Snapshot from 13.5m, 0m, 8m, to 22.5m, 0.05m, 28.1m, discretisation 0.15m, 0.05m, 0.15m, at 5.26275e-07 secs (iteration 8925; magnetic fields at 5.26245e-07 secs) with field outputs Ex, Ey, Ez, Hx, Hy, Hz  and filename snap08925.h5 will be created.
Snapshot from 13.5m, 0m, 8m, to 22.5m, 0.05m, 28.1m, discretisation 0.15m, 0.05m, 0.15m, at 5.27277e-07 secs (iteration 8942; magnetic fields at 5.27248e-07 secs) with field outputs Ex, Ey, Ez, Hx, Hy, Hz  and filename snap08942.h5 will be created.
Snapshot from 13.5m, 0m, 8m, to 22.5m, 0.05m, 28.1m, discretisation 0.15m, 0.05m, 0.15m, at 5.2828e-07 secs (iteration 8959; magnetic fields at 5.2825e-07 secs) with field outputs Ex, Ey, Ez, Hx, Hy, Hz  and filename snap08959.h5 will be created.
Snapshot from 13.5m, 0m, 8m, to 22.5m, 0.05m, 28.1m, discretisation 0.15m, 0.05m, 0.15m, at 5.29282e-07 secs (iteration 8976; magnetic fields at 5.29253e-07 secs) with field outputs Ex, Ey, Ez, Hx, Hy, Hz  and filename snap08976.h5 will be created.
Snapshot from 13.5m, 0m, 8m, to 22.5m, 0.05m, 28.1m, discretisation 0.15m, 0.05m, 0.15m, at 5.30284e-07 secs (iteration 8993; magnetic fields at 5.30255e-07 secs) with field outputs Ex, Ey, Ez, Hx, Hy, Hz  and filename snap08993.h5 will be created.
Snapshot from 13.5m, 0m, 8m, to 22.5m, 0.05m, 28.1m, discretisation 0.15m, 0.05m, 0.15m, at 5.31287e-07 secs (iteration 9010; magnetic fields at 5.31257e-07 secs) with field outputs Ex, Ey, Ez, Hx, Hy, Hz  and filename snap09010.h5 will be created.
Snapshot from 13.5m, 0m, 8m, to 22.5m, 0.05m, 28.1m, discretisation 0.15m, 0.05m, 0.15m, at 5.32289e-07 secs (iteration 9027; magnetic fields at 5.3226e-07 secs) with field outputs Ex, Ey, Ez, Hx, Hy, Hz  and filename snap09027.h5 will be created.
Snapshot from 13.5m, 0m, 8m, to 22.5m, 0.05m, 28.1m, discretisation 0.15m, 0.05m, 0.15m, at 5.33292e-07 secs (iteration 9044; magnetic fields at 5.33262e-07 secs) with field outputs Ex, Ey, Ez, Hx, Hy, Hz  and filename snap09044.h5 will be created.
Snapshot from 13.5m, 0m, 8m, to 22.5m, 0.05m, 28.1m, discretisation 0.15m, 0.05m, 0.15m, at 5.34294e-07 secs (iteration 9061; magnetic fields at 5.34265e-07 secs) with field outputs Ex, Ey, Ez, Hx, Hy, Hz  and filename snap09061.h5 will be created.
Snapshot from 13.5m, 0m, 8m, to 22.5m, 0.05m, 28.1m, discretisation 0.15m, 0.05m, 0.15m, at 5.35297e-07 secs (iteration 9078; magnetic fields at 5.35267e-07 secs) with field outputs Ex, Ey, Ez, Hx, Hy, Hz  and filename snap09078.h5 will be created.
Snapshot from 13.5m, 0m, 8m, to 22.5m, 0.05m, 28.1m, discretisation 0.15m, 0.05m, 0.15m, at 5.36299e-07 secs (iteration 9095; magnetic fields at 5.3627e-07 secs) with field outputs Ex, Ey, Ez, Hx, Hy, Hz  and filename snap09095.h5 will be created.
Snapshot from 13.5m, 0m, 8m, to 22.5m, 0.05m, 28.1m, discretisation 0.15m, 0.05m, 0.15m, at 5.37301e-07 secs (iteration 9112; magnetic fields at 5.37272e-07 secs) with field outputs Ex, Ey, Ez, Hx, Hy, Hz  and filename snap09112.h5 will be created.
Snapshot from 13.5m, 0m, 8m, to 22.5m, 0.05m, 28.1m, discretisation 0.15m, 0.05m, 0.15m, at 5.38304e-07 secs (iteration 9129; magnetic fields at 5.38274e-07 secs) with field outputs Ex, Ey, Ez, Hx, Hy, Hz  and filename snap09129.h5 will be created.
Snapshot from 13.5m, 0m, 8m, to 22.5m, 0.05m, 28.1m, discretisation 0.15m, 0.05m, 0.15m, at 5.39306e-07 secs (iteration 9146; magnetic fields at 5.39277e-07 secs) with field outputs Ex, Ey, Ez, Hx, Hy, Hz  and filename snap09146.h5 will be created.
Snapshot from 13.5m, 0m, 8m, to 22.5m, 0.05m, 28.1m, discretisation 0.15m, 0.05m, 0.15m, at 5.40309e-07 secs (iteration 9163; magnetic fields at 5.40279e-07 secs) with field outputs Ex, Ey, Ez, Hx, Hy, Hz  and filename snap09163.h5 will be created.
Snapshot from 13.5m, 0m, 8m, to 22.5m, 0.05m, 28.1m, discretisation 0.15m, 0.05m, 0.15m, at 5.41311e-07 secs (iteration 9180; magnetic fields at 5.41282e-07 secs) with field outputs Ex, Ey, Ez, Hx, Hy, Hz  and filename snap09180.h5 will be created.
Snapshot from 13.5m, 0m, 8m, to 22.5m, 0.05m, 28.1m, discretisation 0.15m, 0.05m, 0.15m, at 5.42314e-07 secs (iteration 9197; magnetic fields at 5.42284e-07 secs) with field outputs Ex, Ey, Ez, Hx, Hy, Hz  and filename snap09197.h5 will be created.
Snapshot from 13.5m, 0m, 8m, to 22.5m, 0.05m, 28.1m, discretisation 0.15m, 0.05m, 0.15m, at 5.43316e-07 secs (iteration 9214; magnetic fields at 5.43287e-07 secs) with field outputs Ex, Ey, Ez, Hx, Hy, Hz  and filename snap09214.h5 will be created.
Snapshot from 13.5m, 0m, 8m, to 22.5m, 0.05m, 28.1m, discretisation 0.15m, 0.05m, 0.15m, at 5.44318e-07 secs (iteration 9231; magnetic fields at 5.44289e-07 secs) with field outputs Ex, Ey, Ez, Hx, Hy, Hz  and filename snap09231.h5 will be created.
Snapshot from 13.5m, 0m, 8m, to 22.5m, 0.05m, 28.1m, discretisation 0.15m, 0.05m, 0.15m, at 5.45321e-07 secs (iteration 9248; magnetic fields at 5.45291e-07 secs) with field outputs Ex, Ey, Ez, Hx, Hy, Hz  and filename snap09248.h5 will be created.
Snapshot from 13.5m, 0m, 8m, to 22.5m, 0.05m, 28.1m, discretisation 0.15m, 0.05m, 0.15m, at 5.46323e-07 secs (iteration 9265; magnetic fields at 5.46294e-07 secs) with field outputs Ex, Ey, Ez, Hx, Hy, Hz  and filename snap09265.h5 will be created.
Snapshot from 13.5m, 0m, 8m, to 22.5m, 0.05m, 28.1m, discretisation 0.15m, 0.05m, 0.15m, at 5.47326e-07 secs (iteration 9282; magnetic fields at 5.47296e-07 secs) with field outputs Ex, Ey, Ez, Hx, Hy, Hz  and filename snap09282.h5 will be created.
Snapshot from 13.5m, 0m, 8m, to 22.5m, 0.05m, 28.1m, discretisation 0.15m, 0.05m, 0.15m, at 5.48328e-07 secs (iteration 9299; magnetic fields at 5.48299e-07 secs) with field outputs Ex, Ey, Ez, Hx, Hy, Hz  and filename snap09299.h5 will be created.
Snapshot from 13.5m, 0m, 8m, to 22.5m, 0.05m, 28.1m, discretisation 0.15m, 0.05m, 0.15m, at 5.49331e-07 secs (iteration 9316; magnetic fields at 5.49301e-07 secs) with field outputs Ex, Ey, Ez, Hx, Hy, Hz  and filename snap09316.h5 will be created.
Snapshot from 13.5m, 0m, 8m, to 22.5m, 0.05m, 28.1m, discretisation 0.15m, 0.05m, 0.15m, at 5.50333e-07 secs (iteration 9333; magnetic fields at 5.50304e-07 secs) with field outputs Ex, Ey, Ez, Hx, Hy, Hz  and filename snap09333.h5 will be created.
Snapshot from 13.5m, 0m, 8m, to 22.5m, 0.05m, 28.1m, discretisation 0.15m, 0.05m, 0.15m, at 5.51335e-07 secs (iteration 9350; magnetic fields at 5.51306e-07 secs) with field outputs Ex, Ey, Ez, Hx, Hy, Hz  and filename snap09350.h5 will be created.
Snapshot from 13.5m, 0m, 8m, to 22.5m, 0.05m, 28.1m, discretisation 0.15m, 0.05m, 0.15m, at 5.52338e-07 secs (iteration 9367; magnetic fields at 5.52308e-07 secs) with field outputs Ex, Ey, Ez, Hx, Hy, Hz  and filename snap09367.h5 will be created.
Snapshot from 13.5m, 0m, 8m, to 22.5m, 0.05m, 28.1m, discretisation 0.15m, 0.05m, 0.15m, at 5.5334e-07 secs (iteration 9384; magnetic fields at 5.53311e-07 secs) with field outputs Ex, Ey, Ez, Hx, Hy, Hz  and filename snap09384.h5 will be created.
Snapshot from 13.5m, 0m, 8m, to 22.5m, 0.05m, 28.1m, discretisation 0.15m, 0.05m, 0.15m, at 5.54343e-07 secs (iteration 9401; magnetic fields at 5.54313e-07 secs) with field outputs Ex, Ey, Ez, Hx, Hy, Hz  and filename snap09401.h5 will be created.
Snapshot from 13.5m, 0m, 8m, to 22.5m, 0.05m, 28.1m, discretisation 0.15m, 0.05m, 0.15m, at 5.55345e-07 secs (iteration 9418; magnetic fields at 5.55316e-07 secs) with field outputs Ex, Ey, Ez, Hx, Hy, Hz  and filename snap09418.h5 will be created.
Snapshot from 13.5m, 0m, 8m, to 22.5m, 0.05m, 28.1m, discretisation 0.15m, 0.05m, 0.15m, at 5.56348e-07 secs (iteration 9435; magnetic fields at 5.56318e-07 secs) with field outputs Ex, Ey, Ez, Hx, Hy, Hz  and filename snap09435.h5 will be created.
Snapshot from 13.5m, 0m, 8m, to 22.5m, 0.05m, 28.1m, discretisation 0.15m, 0.05m, 0.15m, at 5.5735e-07 secs (iteration 9452; magnetic fields at 5.57321e-07 secs) with field outputs Ex, Ey, Ez, Hx, Hy, Hz  and filename snap09452.h5 will be created.
Snapshot from 13.5m, 0m, 8m, to 22.5m, 0.05m, 28.1m, discretisation 0.15m, 0.05m, 0.15m, at 5.58352e-07 secs (iteration 9469; magnetic fields at 5.58323e-07 secs) with field outputs Ex, Ey, Ez, Hx, Hy, Hz  and filename snap09469.h5 will be created.
Snapshot from 13.5m, 0m, 8m, to 22.5m, 0.05m, 28.1m, discretisation 0.15m, 0.05m, 0.15m, at 5.59355e-07 secs (iteration 9486; magnetic fields at 5.59325e-07 secs) with field outputs Ex, Ey, Ez, Hx, Hy, Hz  and filename snap09486.h5 will be created.
Snapshot from 13.5m, 0m, 8m, to 22.5m, 0.05m, 28.1m, discretisation 0.15m, 0.05m, 0.15m, at 5.60357e-07 secs (iteration 9503; magnetic fields at 5.60328e-07 secs) with field outputs Ex, Ey, Ez, Hx, Hy, Hz  and filename snap09503.h5 will be created.
Snapshot from 13.5m, 0m, 8m, to 22.5m, 0.05m, 28.1m, discretisation 0.15m, 0.05m, 0.15m, at 5.6136e-07 secs (iteration 9520; magnetic fields at 5.6133e-07 secs) with field outputs Ex, Ey, Ez, Hx, Hy, Hz  and filename snap09520.h5 will be created.
Snapshot from 13.5m, 0m, 8m, to 22.5m, 0.05m, 28.1m, discretisation 0.15m, 0.05m, 0.15m, at 5.62362e-07 secs (iteration 9537; magnetic fields at 5.62333e-07 secs) with field outputs Ex, Ey, Ez, Hx, Hy, Hz  and filename snap09537.h5 will be created.
Snapshot from 13.5m, 0m, 8m, to 22.5m, 0.05m, 28.1m, discretisation 0.15m, 0.05m, 0.15m, at 5.63365e-07 secs (iteration 9554; magnetic fields at 5.63335e-07 secs) with field outputs Ex, Ey, Ez, Hx, Hy, Hz  and filename snap09554.h5 will be created.
Snapshot from 13.5m, 0m, 8m, to 22.5m, 0.05m, 28.1m, discretisation 0.15m, 0.05m, 0.15m, at 5.64367e-07 secs (iteration 9571; magnetic fields at 5.64338e-07 secs) with field outputs Ex, Ey, Ez, Hx, Hy, Hz  and filename snap09571.h5 will be created.
Snapshot from 13.5m, 0m, 8m, to 22.5m, 0.05m, 28.1m, discretisation 0.15m, 0.05m, 0.15m, at 5.65369e-07 secs (iteration 9588; magnetic fields at 5.6534e-07 secs) with field outputs Ex, Ey, Ez, Hx, Hy, Hz  and filename snap09588.h5 will be created.
Snapshot from 13.5m, 0m, 8m, to 22.5m, 0.05m, 28.1m, discretisation 0.15m, 0.05m, 0.15m, at 5.66372e-07 secs (iteration 9605; magnetic fields at 5.66342e-07 secs) with field outputs Ex, Ey, Ez, Hx, Hy, Hz  and filename snap09605.h5 will be created.
Snapshot from 13.5m, 0m, 8m, to 22.5m, 0.05m, 28.1m, discretisation 0.15m, 0.05m, 0.15m, at 5.67374e-07 secs (iteration 9622; magnetic fields at 5.67345e-07 secs) with field outputs Ex, Ey, Ez, Hx, Hy, Hz  and filename snap09622.h5 will be created.
Snapshot from 13.5m, 0m, 8m, to 22.5m, 0.05m, 28.1m, discretisation 0.15m, 0.05m, 0.15m, at 5.68377e-07 secs (iteration 9639; magnetic fields at 5.68347e-07 secs) with field outputs Ex, Ey, Ez, Hx, Hy, Hz  and filename snap09639.h5 will be created.
Snapshot from 13.5m, 0m, 8m, to 22.5m, 0.05m, 28.1m, discretisation 0.15m, 0.05m, 0.15m, at 5.69379e-07 secs (iteration 9656; magnetic fields at 5.6935e-07 secs) with field outputs Ex, Ey, Ez, Hx, Hy, Hz  and filename snap09656.h5 will be created.
Snapshot from 13.5m, 0m, 8m, to 22.5m, 0.05m, 28.1m, discretisation 0.15m, 0.05m, 0.15m, at 5.70382e-07 secs (iteration 9673; magnetic fields at 5.70352e-07 secs) with field outputs Ex, Ey, Ez, Hx, Hy, Hz  and filename snap09673.h5 will be created.
Snapshot from 13.5m, 0m, 8m, to 22.5m, 0.05m, 28.1m, discretisation 0.15m, 0.05m, 0.15m, at 5.71384e-07 secs (iteration 9690; magnetic fields at 5.71355e-07 secs) with field outputs Ex, Ey, Ez, Hx, Hy, Hz  and filename snap09690.h5 will be created.
Snapshot from 13.5m, 0m, 8m, to 22.5m, 0.05m, 28.1m, discretisation 0.15m, 0.05m, 0.15m, at 5.72386e-07 secs (iteration 9707; magnetic fields at 5.72357e-07 secs) with field outputs Ex, Ey, Ez, Hx, Hy, Hz  and filename snap09707.h5 will be created.
Snapshot from 13.5m, 0m, 8m, to 22.5m, 0.05m, 28.1m, discretisation 0.15m, 0.05m, 0.15m, at 5.73389e-07 secs (iteration 9724; magnetic fields at 5.73359e-07 secs) with field outputs Ex, Ey, Ez, Hx, Hy, Hz  and filename snap09724.h5 will be created.
Snapshot from 13.5m, 0m, 8m, to 22.5m, 0.05m, 28.1m, discretisation 0.15m, 0.05m, 0.15m, at 5.74391e-07 secs (iteration 9741; magnetic fields at 5.74362e-07 secs) with field outputs Ex, Ey, Ez, Hx, Hy, Hz  and filename snap09741.h5 will be created.
Snapshot from 13.5m, 0m, 8m, to 22.5m, 0.05m, 28.1m, discretisation 0.15m, 0.05m, 0.15m, at 5.75394e-07 secs (iteration 9758; magnetic fields at 5.75364e-07 secs) with field outputs Ex, Ey, Ez, Hx, Hy, Hz  and filename snap09758.h5 will be created.
Snapshot from 13.5m, 0m, 8m, to 22.5m, 0.05m, 28.1m, discretisation 0.15m, 0.05m, 0.15m, at 5.76396e-07 secs (iteration 9775; magnetic fields at 5.76367e-07 secs) with field outputs Ex, Ey, Ez, Hx, Hy, Hz  and filename snap09775.h5 will be created.
Snapshot from 13.5m, 0m, 8m, to 22.5m, 0.05m, 28.1m, discretisation 0.15m, 0.05m, 0.15m, at 5.77399e-07 secs (iteration 9792; magnetic fields at 5.77369e-07 secs) with field outputs Ex, Ey, Ez, Hx, Hy, Hz  and filename snap09792.h5 will be created.
Snapshot from 13.5m, 0m, 8m, to 22.5m, 0.05m, 28.1m, discretisation 0.15m, 0.05m, 0.15m, at 5.78401e-07 secs (iteration 9809; magnetic fields at 5.78372e-07 secs) with field outputs Ex, Ey, Ez, Hx, Hy, Hz  and filename snap09809.h5 will be created.
Snapshot from 13.5m, 0m, 8m, to 22.5m, 0.05m, 28.1m, discretisation 0.15m, 0.05m, 0.15m, at 5.79403e-07 secs (iteration 9826; magnetic fields at 5.79374e-07 secs) with field outputs Ex, Ey, Ez, Hx, Hy, Hz  and filename snap09826.h5 will be created.
Snapshot from 13.5m, 0m, 8m, to 22.5m, 0.05m, 28.1m, discretisation 0.15m, 0.05m, 0.15m, at 5.80406e-07 secs (iteration 9843; magnetic fields at 5.80376e-07 secs) with field outputs Ex, Ey, Ez, Hx, Hy, Hz  and filename snap09843.h5 will be created.
Snapshot from 13.5m, 0m, 8m, to 22.5m, 0.05m, 28.1m, discretisation 0.15m, 0.05m, 0.15m, at 5.81408e-07 secs (iteration 9860; magnetic fields at 5.81379e-07 secs) with field outputs Ex, Ey, Ez, Hx, Hy, Hz  and filename snap09860.h5 will be created.
Snapshot from 13.5m, 0m, 8m, to 22.5m, 0.05m, 28.1m, discretisation 0.15m, 0.05m, 0.15m, at 5.82411e-07 secs (iteration 9877; magnetic fields at 5.82381e-07 secs) with field outputs Ex, Ey, Ez, Hx, Hy, Hz  and filename snap09877.h5 will be created.
Snapshot from 13.5m, 0m, 8m, to 22.5m, 0.05m, 28.1m, discretisation 0.15m, 0.05m, 0.15m, at 5.83413e-07 secs (iteration 9894; magnetic fields at 5.83384e-07 secs) with field outputs Ex, Ey, Ez, Hx, Hy, Hz  and filename snap09894.h5 will be created.
Snapshot from 13.5m, 0m, 8m, to 22.5m, 0.05m, 28.1m, discretisation 0.15m, 0.05m, 0.15m, at 5.84416e-07 secs (iteration 9911; magnetic fields at 5.84386e-07 secs) with field outputs Ex, Ey, Ez, Hx, Hy, Hz  and filename snap09911.h5 will be created.
Snapshot from 13.5m, 0m, 8m, to 22.5m, 0.05m, 28.1m, discretisation 0.15m, 0.05m, 0.15m, at 5.85418e-07 secs (iteration 9928; magnetic fields at 5.85389e-07 secs) with field outputs Ex, Ey, Ez, Hx, Hy, Hz  and filename snap09928.h5 will be created.
Snapshot from 13.5m, 0m, 8m, to 22.5m, 0.05m, 28.1m, discretisation 0.15m, 0.05m, 0.15m, at 5.8642e-07 secs (iteration 9945; magnetic fields at 5.86391e-07 secs) with field outputs Ex, Ey, Ez, Hx, Hy, Hz  and filename snap09945.h5 will be created.
Snapshot from 13.5m, 0m, 8m, to 22.5m, 0.05m, 28.1m, discretisation 0.15m, 0.05m, 0.15m, at 5.87423e-07 secs (iteration 9962; magnetic fields at 5.87393e-07 secs) with field outputs Ex, Ey, Ez, Hx, Hy, Hz  and filename snap09962.h5 will be created.
Snapshot from 13.5m, 0m, 8m, to 22.5m, 0.05m, 28.1m, discretisation 0.15m, 0.05m, 0.15m, at 5.88425e-07 secs (iteration 9979; magnetic fields at 5.88396e-07 secs) with field outputs Ex, Ey, Ez, Hx, Hy, Hz  and filename snap09979.h5 will be created.
Snapshot from 13.5m, 0m, 8m, to 22.5m, 0.05m, 28.1m, discretisation 0.15m, 0.05m, 0.15m, at 5.89428e-07 secs (iteration 9996; magnetic fields at 5.89398e-07 secs) with field outputs Ex, Ey, Ez, Hx, Hy, Hz  and filename snap09996.h5 will be created.
Snapshot from 13.5m, 0m, 8m, to 22.5m, 0.05m, 28.1m, discretisation 0.15m, 0.05m, 0.15m, at 5.9043e-07 secs (iteration 10013; magnetic fields at 5.90401e-07 secs) with field outputs Ex, Ey, Ez, Hx, Hy, Hz  and filename snap10013.h5 will be created.
Snapshot from 13.5m, 0m, 8m, to 22.5m, 0.05m, 28.1m, discretisation 0.15m, 0.05m, 0.15m, at 5.91433e-07 secs (iteration 10030; magnetic fields at 5.91403e-07 secs) with field outputs Ex, Ey, Ez, Hx, Hy, Hz  and filename snap10030.h5 will be created.
Snapshot from 13.5m, 0m, 8m, to 22.5m, 0.05m, 28.1m, discretisation 0.15m, 0.05m, 0.15m, at 5.92435e-07 secs (iteration 10047; magnetic fields at 5.92406e-07 secs) with field outputs Ex, Ey, Ez, Hx, Hy, Hz  and filename snap10047.h5 will be created.
Snapshot from 13.5m, 0m, 8m, to 22.5m, 0.05m, 28.1m, discretisation 0.15m, 0.05m, 0.15m, at 5.93437e-07 secs (iteration 10064; magnetic fields at 5.93408e-07 secs) with field outputs Ex, Ey, Ez, Hx, Hy, Hz  and filename snap10064.h5 will be created.
Snapshot from 13.5m, 0m, 8m, to 22.5m, 0.05m, 28.1m, discretisation 0.15m, 0.05m, 0.15m, at 5.9444e-07 secs (iteration 10081; magnetic fields at 5.9441e-07 secs) with field outputs Ex, Ey, Ez, Hx, Hy, Hz  and filename snap10081.h5 will be created.
Snapshot from 13.5m, 0m, 8m, to 22.5m, 0.05m, 28.1m, discretisation 0.15m, 0.05m, 0.15m, at 5.95442e-07 secs (iteration 10098; magnetic fields at 5.95413e-07 secs) with field outputs Ex, Ey, Ez, Hx, Hy, Hz  and filename snap10098.h5 will be created.
Snapshot from 13.5m, 0m, 8m, to 22.5m, 0.05m, 28.1m, discretisation 0.15m, 0.05m, 0.15m, at 5.96445e-07 secs (iteration 10115; magnetic fields at 5.96415e-07 secs) with field outputs Ex, Ey, Ez, Hx, Hy, Hz  and filename snap10115.h5 will be created.
Snapshot from 13.5m, 0m, 8m, to 22.5m, 0.05m, 28.1m, discretisation 0.15m, 0.05m, 0.15m, at 5.97447e-07 secs (iteration 10132; magnetic fields at 5.97418e-07 secs) with field outputs Ex, Ey, Ez, Hx, Hy, Hz  and filename snap10132.h5 will be created.
Snapshot from 13.5m, 0m, 8m, to 22.5m, 0.05m, 28.1m, discretisation 0.15m, 0.05m, 0.15m, at 5.9845e-07 secs (iteration 10149; magnetic fields at 5.9842e-07 secs) with field outputs Ex, Ey, Ez, Hx, Hy, Hz  and filename snap10149.h5 will be created.
Snapshot from 13.5m, 0m, 8m, to 22.5m, 0.05m, 28.1m, discretisation 0.15m, 0.05m, 0.15m, at 5.99452e-07 secs (iteration 10166; magnetic fields at 5.99423e-07 secs) with field outputs Ex, Ey, Ez, Hx, Hy, Hz  and filename snap10166.h5 will be created.
Geometry view from 0m, 0m, 0m, to 36m, 0.05m, 33m, discretisation 0.025m, 0.05m, 0.025m, with filename base hs4t2d_geom created.
Box from 0m, 0m, 0m, to 36m, 0.05m, 12m of material(s) rock created, dielectric smoothing is on.
Box from 0m, 0m, 0m, to 36m, 0.05m, 12m of material(s) cover created, dielectric smoothing is on.

--- Model 1/1, input file: E:\automation_djh\artifacts\research_checks\2026-10-04_hs4_permittivity_wavefield\w15_eps9_halfspace\profile.in 


Memory required (estimated): ~409.2 MB [main_grid] + ~65.0 MB overhead = 474.2 MB

PML boundaries [main_grid]: {formulation: HORIPML, order: 1, thickness (cells): x0: 80, y0: 0, z0: 40, xmax: 80, ymax: 0, zmax: 40}


Materials [main_grid]:
    |                                        |                     |       | sigma  |      | sigma*  | Dielectric 
 ID | Name                                   | Type                | eps_r | [S/m]  | mu_r | [Ohm/m] | smoothable 
----+----------------------------------------+---------------------+-------+--------+------+---------+------------
  0 | pec                                    | builtin             | 1     | inf    | 1    | 0       | False      
  1 | pmc                                    | builtin             | 1     | 0      | 1    | inf     | False      
  2 | free_space                             | builtin             | 1     | 0      | 1    | 0       | True       
  3 | rock                                   |                     | 9     | 0.001  | 1    | 0       | True       
  4 | cover                                  |                     | 9     | 0.003  | 1    | 0       | True       
  5 | cover+cover+free_space+free_space      | dielectric-smoothed | 5     | 0.0015 | 1    | 0       | True       
  6 | Hmag_cover+cover+free_space+free_space | dielectric-smoothed | 5     | 0.0015 | 1    | 0       | True       

Spatial-resolution analysis [main_grid]: minimum 14.9 cells per phase wavelength in 'cover', at 2.68655e+08 Hz.
[main_grid] continuum phase velocity 9.99246e+07 m/s, wavelength 0.371945 m at that limiting frequency.
[main_grid] minimum 1/e amplitude attenuation length: 212 cells in 'cover' at 2.68655e+08 Hz. Attenuation resolution is separate from phase-wavelength sampling.
Lossless numerical dispersion estimate [main_grid]: grid-axis phase-velocity error -0.04% in 'free_space' at 2.68655e+08 Hz. Propagation axis: x. This is a homogeneous bulk estimate, not an interface or stability guarantee.
Numerical dispersion analysis [main_grid]: lossy, dispersive or anisotropic materials: numerical phase-error estimate unavailable.
Output directory: E:\automation_djh\artifacts\research_checks\2026-10-04_hs4_permittivity_wavefield\w15_eps9_halfspace




Model 1/1 solving on LAPTOP-83GRKUNE with CUDA backend using Device 0: NVIDIA GeForce RTX 4090 Laptop GPU

Written output file: profile.h5


Snapshot directory: E:\automation_djh\artifacts\research_checks\2026-10-04_hs4_permittivity_wavefield\w15_eps9_halfspace\profile_snaps

Memory used (estimated): ~470.0 MB host + ~1.9 GB device
Time taken: 6.3872 seconds

=== Simulation completed in 11.6053 seconds ====================================

