frequency_Hz,B2D5CM_200_re,B2D5CM_200_im,B2DANISO_200_re,B2DANISO_200_im,DEP3D_5CM_200_re,DEP3D_5CM_200_im,DEP3D_ANISO_200_re,DEP3D_ANISO_200_im,zfine2_200_re,zfine2_200_im
20000000.0,0.002840694329705684,-0.0033708330714024015,0.0028743808603195475,-0.0033618684473495364,1.158392130135022e-06,9.668219402847456e-07,1.1547856844373872e-06,9.786248107435114e-07,0.002884584418062275,-0.003359266852360321
20300000.0,-0.0012168293690848486,-0.004325041187293266,-0.0011886347293881272,-0.004349246582538768,1.4948354421784327e-06,-4.243732107944709e-07,1.5030837737517455e-06,-4.1400048367279396e-07,-0.0011801736390069095,-0.004356656321169439
20600000.0,-0.00434186952610105,-0.0014398938624697877,-0.004346242050409899,-0.0014791661705775283,5.055239852558291e-07,-1.5187440018937792e-06,5.197181044414023e-07,-1.519742491629117e-06,-0.004347678956882817,-0.0014910617953827199
20900000.0,-0.0036810662508344194,0.0028402223659718118,-0.0037180918495423043,0.0028206515194710846,-1.0009227791873965e-06,-1.3101907767598675e-06,-9.93198270959894e-07,-1.323363349792217e-06,-0.0037293915689105006,0.0028148072012772474
21200000.0,0.00030118774350285094,0.004707840815212805,0.0002620941564330792,0.004728555795116662,-1.6951897775507874e-06,9.513584142695208e-08,-1.7021752118373534e-06,8.032619636111349e-08,0.0002502540386544183,0.0047349611458411545
21500000.0,0.004124758601356859,0.002416631973387595,0.00411957831961729,0.002462976902060987,-8.978800779269047e-07,1.4993795691697898e-06,-9.152017367564103e-07,1.496615171792115e-06,0.004118118602193022,0.002477112520779201
21800000.0,0.004368314869068968,-0.0020892945623529613,0.004405511359088621,-0.0020572267337080063,7.59628645263799e-07,1.629721946505569e-06,7.467408767447559e-07,1.6433701404139356e-06,0.004416942566614068,-0.002047534738274237
22100000.0,0.0007288855429621321,-0.004851485680791967,0.0007789101061206338,-0.0048646944306582895,1.8258885416400084e-06,2.917081527442633e-07,1.830189213930522e-06,3.1131206501555653e-07,0.000794162549794919,-0.004868854279383328
22400000.0,-0.003658294478434243,-0.0033692391901674057,-0.003639957139597527,-0.0034206194708374937,1.2991198920508928e-06,-1.3873513156070771e-06,1.3190181409050705e-06,-1.3793642050785593e-06,-0.0036344732489013154,-0.003436383226237183
22700000.0,-0.004908871254528435,0.0011603174568506347,-0.004942703811714466,0.0011137590923198104,-4.3488427470261826e-07,-1.9038308982644025e-06,-4.1588991503416217e-07,-1.916602619722596e-06,-0.004953179937892571,0.0010995821810979578
23000000.0,-0.0018072195656699819,0.004785636683571681,-0.001867879130593053,0.004787506993974233,-1.8709263692739952e-06,-7.225076552597187e-07,-1.8708165807346244e-06,-7.469209535315713e-07,-0.0018864719886835246,0.004788229394030452
23300000.0,0.003002606237359373,0.004225888395684052,0.0029684050014324725,0.004279858943412762,-1.687573573744272e-06,1.1788355736008782e-06,-1.7090401621677742e-06,1.1641428405706478e-06,0.002958043095894425,0.004296504827191683
23600000.0,0.005244720395680247,-0.0001397892508734344,0.005271565832934755,-7.82811452779697e-05,3.754014424317553e-08,2.111002030069642e-06,1.1785975917444347e-08,2.1211565321976877e-06,0.005279962566540064,-5.945810179142086e-05
23900000.0,0.002835105897489143,-0.004480067738555249,0.0029042408880215476,-0.004467297126641512,1.8171882426865071e-06,1.1743613783643525e-06,1.8107995066740656e-06,1.2030794067641182e-06,0.0029255195022201974,-0.004463544183227697
24200000.0,-0.0021589246834352593,-0.00489499540319116,-0.002107378254628145,-0.004947359434904541,2.0352265628909016e-06,-8.744952924022442e-07,2.056682352785666e-06,-8.518186058736887e-07,-0.0020916573305171937,-0.004963590698384479
24500000.0,-0.005309116053709317,-0.0009474564521205764,-0.005324131822305844,-0.0010226393851624493,4.1744218118311416e-07,-2.2269872539393276e-06,4.500775503679666e-07,-2.2323763753107073e-06,-0.005328939496131113,-0.0010457344397636348
24800000.0,-0.0037806430878788433,0.0039026441762537445,-0.0038542495010744915,0.0038714862075348577,-1.6518840679768942e-06,-1.622639172360607e-06,-1.6372757908333924e-06,-1.6544436134413587e-06,-0.003876985057289062,0.003862078363537691
25100000.0,0.0011279613784083153,0.005356888272940452,0.0010578853691711743,0.005401965617526372,-2.3160096269403407e-06,4.767184549336889e-07,-2.3352072411053637e-06,4.451029169683096e-07,0.0010364174430250728,0.005416020881652273
25400000.0,0.005109751058881784,0.0020807425579949523,0.005107341455286019,0.0021676024252119674,-9.141728593009546e-07,2.2332237710198655e-06,-9.531760802317102e-07,2.231305648692228e-06,0.005106813111744657,0.002194365524015751
25700000.0,0.00462284702705773,-0.0030939092579131966,0.004696264903905956,-0.0030407129076124306,1.3704048784646261e-06,2.044540663215244e-06,1.345661935381326e-06,2.077476200623707e-06,0.004719016942459575,-0.003024500458394641
26000000.0,2.31487152717591e-05,-0.0056099538456955145,0.0001121916176174409,-0.005641972359113012,2.5094575556994236e-06,3.5940863618577623e-09,2.523574933299688e-06,4.4661114362298804e-08,0.00013955703606427505,-0.005652054095479642
26300000.0,-0.00467726285789638,-0.003182273678975278,-0.004652619411466219,-0.0032778764066598853,1.4302669913979216e-06,-2.1202104252271425e-06,1.4744267292088331e-06,-2.108255783506152e-06,-0.004645248204390384,-0.0033074026324815264
26600000.0,-0.005293318531109037,0.0021183576899552747,-0.005361338746993738,0.0020411442845729155,-9.790996828296095e-07,-2.4144988661767286e-06,-9.426027128278669e-07,-2.445928866334768e-06,-0.005382483933232152,0.002017497338341556
26900000.0,-0.0012062567130826096,0.005612273977208204,-0.0013124677835847365,0.005625785093744895,-2.5965174180742068e-06,-5.449520221745274e-07,-2.6023575778189034e-06,-5.952842421219628e-07,-0.0013451819013496902,0.005630185503953555
27200000.0,0.004004171687149949,0.00415864079165873,0.003953894918836909,0.004257796495452659,-1.935274500264317e-06,1.8830358778920697e-06,-1.982516752374597e-06,1.8584462460058404e-06,0.003938605603238443,0.004288473475271282
27500000.0,0.005713446661218313,-0.0009987475022308345,0.005769155230517242,-0.0008978805327282124,4.899475999353697e-07,2.7026559334952793e-06,4.407409364137749e-07,2.7292379860544003e-06,0.005786535324197928,-0.0008668966978082615
27800000.0,0.0023835267052163545,-0.005314607241725167,0.0025023105947283852,-0.005303387630815282,2.557470756059388e-06,1.1217453498302277e-06,2.5515749876858784e-06,1.1801275838774217e-06,0.0025389511683329147,-0.005300157525770954
28100000.0,-0.003074437331754609,-0.004977996737690504,-0.0029953102074742333,-0.005072907974140062,2.398220956156827e-06,-1.5182012271797163e-06,2.445391459271473e-06,-1.478702282620148e-06,-0.0029710896933110575,-0.0051023072660491
28400000.0,-0.005877174784416184,-0.00025615029885295293,-0.005911816272195836,-0.0003795315688366607,8.402484963365708e-08,-2.8831191631883968e-06,1.4605499742970096e-07,-2.900730931343354e-06,-0.005922697896899365,-0.00041750274621404904
28700000.0,-0.0035391409600933343,0.004748430215023247,-0.0036651837776773277,0.004705473536638416,-2.3804476214639436e-06,-1.7101784554052202e-06,-2.3591364338160226e-06,-1.7743054386842871e-06,-0.003704091879839666,0.004692423683926972
29000000.0,0.0019567222404006657,0.0056384032649852145,0.0018456879949368954,0.005721331428595766,-2.7944747137964576e-06,1.032053841942826e-06,-2.837465718996679e-06,9.75770485300842e-07,0.001811583302654185,0.00574703097783047
29300000.0,0.005813111099975288,0.0015527568611914955,0.005819300553817186,0.0016969082491237186,-7.204254507398034e-07,2.941089863539581e-06,-7.945496429129228e-07,2.945156654110548e-06,0.005821369363431472,0.001741314160666585
29600000.0,0.004574456674262706,-0.0039792774261052655,0.004702106896729674,-0.003900406800683709,2.068086555617743e-06,2.2797331450385983e-06,2.027935672055392e-06,2.3463762647280006e-06,0.004741503514615886,-0.0038762269299422725
29900000.0,-0.0007470784297467503,-0.006056571438776137,-0.0006050602118676807,-0.006120371868409691,3.0963573389164445e-06,-4.464014259353277e-07,3.130486606828242e-06,-3.723811411449063e-07,-0.0005613599935614388,-0.006140124348364695
30200000.0,-0.005467053020488777,-0.0027817638877769557,-0.005439288167416123,-0.0029404793566712994,1.3832025959059635e-06,-2.8618790046675002e-06,1.4673896044925527e-06,-2.8479376740220275e-06,-0.005430814330914302,-0.0029893748494566053
30500000.0,-0.005389287283030342,0.002984142263186662,-0.005508744344886907,0.0028682411027870502,-1.624348578532775e-06,-2.7901253409901017e-06,-1.5628424239189087e-06,-2.8548194788147185e-06,-0.005545559275262235,0.002832581559754632
30800000.0,-0.0005566883343561813,0.006161372350046879,-0.0007251061558335437,0.006195693204667396,-3.2710264267210576e-06,-2.1713914755139285e-07,-3.29088376854747e-06,-3.083161497219322e-07,-0.0007769585897818843,0.0062062614743751965
31100000.0,0.004807669506384116,0.003943893452909464,0.004738401558910255,0.004107572269788751,-2.040576890904866e-06,2.6293235237950796e-06,-2.1310525272766334e-06,2.5929652415213056e-06,0.004717036625514481,0.004157938660840799
31400000.0,0.006004439835358255,-0.0017694515053925386,0.0061036416299842244,-0.0016142223541883993,1.0532210024671862e-06,3.2109273243596803e-06,9.686688975940605e-07,3.2677714699724802e-06,0.006134087713213887,-0.0015663924188524803
31700000.0,0.0019243605503831418,-0.006009865675795645,0.0021156340879997515,-0.00600378563749171,3.3009659635707678e-06,9.380792063140575e-07,3.3004476644449277e-06,1.0445525603364203e-06,0.002174489688087533,-0.006001749908729259
32000000.0,-0.0039332354776675515,-0.005006017858077527,-0.0038160797301358684,-0.005166865019258893,2.6651790034915024e-06,-2.2463331920130614e-06,2.7569567783714e-06,-2.1833839581875125e-06,-0.0037798398318500404,-0.005216219519232901
32300000.0,-0.006404231460571452,0.0004664774899456603,-0.006474440372087997,0.0002720144809940095,-3.787521765108437e-07,-3.520181132810052e-06,-2.704765096894768e-07,-3.56268066437071e-06,-0.006495748250770816,0.00021207355172325748
32600000.0,-0.003210482823739369,0.005616371834467948,-0.0034183331208623713,0.005564117806763136,-3.180266931857023e-06,-1.6777308359250398e-06,-3.1536693049227793e-06,-1.7963000560339282e-06,-0.0034821894708088053,0.0055476556070050975
32900000.0,0.0028882812267951863,0.0058316373331690485,0.0027235325654473286,0.005979724760379668,-3.2152583342437424e-06,1.7281944275637784e-06,-3.3022879433186603e-06,1.6359198172777312e-06,0.0026725180517601643,0.006024929727569628
33200000.0,0.006480786020922835,0.0008624138756330169,0.006512386470028275,0.001088633671999517,-3.6489527477368e-07,3.6857526747313685e-06,-4.954153818292895e-07,3.707163826138782e-06,0.006521538525788628,0.0011583183091534721
33500000.0,0.004355606273108492,-0.004911226895226051,0.00456677132599026,-0.0048075016024320405,2.8957473820478974e-06,2.3922102452278438e-06,2.8381980887171032e-06,2.5173980036097277e-06,0.004631445144070767,-0.004774979371852339
33800000.0,-0.0016377490337191603,-0.006386161717911953,-0.0014270073723992027,-0.006505982728787885,3.650135823873857e-06,-1.0833189667547316e-06,3.724638937718794e-06,-9.607708996162145e-07,-0.0013617759289275,-0.006542165439971548
34100000.0,-0.006239822695171426,-0.002232999833650773,-0.006219574888142176,-0.002482353201876286,1.1528122842441313e-06,-3.6824007180191742e-06,1.3018558026045568e-06,-3.6752992707000942e-06,-0.006212437470949794,-0.002559005159712413
34400000.0,-0.005377712203539886,0.003943927727188878,-0.0055790532229735845,0.0037816525375582444,-2.444833947012892e-06,-3.051269815368407e-06,-2.351961600144392e-06,-3.1756164806662213e-06,-0.0056403555004322925,0.0037309017074593775
34700000.0,0.00026502472621814377,0.006709707328487191,9.203229865306639e-06,0.0067879745615071485,-3.947592858932758e-06,3.314004705101681e-07,-4.000750348454041e-06,1.790092202247351e-07,-6.988239728400458e-05,0.006810923472792663
35000000.0,0.0057548007492016495,0.0035480113024509707,0.005673998141837444,0.0038125943299449627,-1.9510560552160605e-06,3.506804424402432e-06,-2.1133022001240676e-06,3.4640616286552017e-06,0.005647833715137551,0.0038936530457847063
35300000.0,0.006189025846751406,-0.002819649379714906,0.0063692552581002815,-0.0025980807695413777,1.8475635650827549e-06,3.619652903408266e-06,1.7165724001677596e-06,3.7346638732671522e-06,0.006423584159691131,-0.002528898207819208
35600000.0,0.0011070642306734158,-0.00674282953603722,0.0014000198369572558,-0.006769897336551978,4.0844344442736435e-06,4.878278949682624e-07,4.107589409163559e-06,6.672912422622801e-07,0.001490416454387855,-0.006776567253397925
35900000.0,-0.005002568746270697,-0.004688677798219132,-0.0048578869913527,-0.004954195083696433,2.710850332654502e-06,-3.1569439775669395e-06,2.878685592400121e-06,-3.0730248417043526e-06,-0.004811683580925319,-0.0050351319711534614
36200000.0,-0.006696664877694047,0.0015460814083496643,-0.00683985871327053,0.0012708223542317043,-1.1246757906091531e-06,-4.053562987715864e-06,-9.55518749790052e-07,-4.149330819491759e-06,-0.006882210114476095,0.0011850373575725826
36500000.0,-0.002456720037137927,0.006432849343725344,-0.0027728050371464974,0.006396683562979177,-4.034360291282901e-06,-1.3374671676835703e-06,-4.018870327804347e-06,-1.538045692583978e-06,-0.002870033438718167,0.006383345250671191
36800000.0,0.0039723694739493,0.005641037648285163,0.0037600271689370857,0.005888710581876566,-3.3916887909324345e-06,2.630599347019924e-06,-3.55480024971655e-06,2.5014584065230494e-06,0.0036926996905535248,0.005963570033868493
37100000.0,0.006913776154718221,-0.00014277342081570055,0.007001952204333861,0.0001801269757386592,2.962789198424076e-07,4.323015948548559e-06,9.137662726477203e-08,4.388223348805731e-06,0.007026673119632676,0.00028048143574110895
37400000.0,0.003755151827327552,-0.005829683385570661,0.004080393531495474,-0.005718687128311473,3.788613364474891e-06,2.184667148297237e-06,3.7260977540087836e-06,2.3978458636442213e-06,0.004179938213368928,-0.0056817582024901725
37700000.0,-0.002747380605349292,-0.006390409558578725,-0.0024657475937601703,-0.006603204829330522,3.962125396439475e-06,-1.943653732627837e-06,4.1085238602356355e-06,-1.7669745872028741e-06,-0.002376897535874889,-0.00666655528979021
38000000.0,-0.006857463204617886,-0.0012894329077486333,-0.006876723982827571,-0.0016514624085210983,6.023281913236644e-07,-4.411742956067499e-06,8.38105842504433e-07,-4.43498098701145e-06,-0.006879439390466757,-0.00176358027583845
38300000.0,-0.004906176970983722,0.004988234503866096,-0.005225385023308604,0.004796996905493955,-3.3546323736644013e-06,-2.9868812495559283e-06,-3.2383617412090615e-06,-3.2020237211716207e-06,-0.005322370277220045,0.004734840813714669
38600000.0,0.0014127362076337135,0.0068665352408388,0.0010674215341026638,0.007028619900772526,-4.387295172492145e-06,1.1274557645268857e-06,-4.50418034014799e-06,9.038428097074558e-07,0.0009589185400287192,0.007075454095062383
38900000.0,0.006496107772150594,0.0026535083456664665,0.006436540035672067,0.0030393636696750548,-1.5241909139263043e-06,4.305020608663668e-06,-1.7827514003920797e-06,4.275935222897154e-06,0.006414192944781405,0.0031583360661038284
39200000.0,0.00582340416480065,-0.003915112655501929,0.006116458471957742,-0.003644403969239818,2.74338013783737e-06,3.695526178404407e-06,2.5694526271102802e-06,3.8996039234406865e-06,0.006204525003454364,-0.003557398250965349
39500000.0,3.144529188148226e-07,-0.007012358979192612,0.0003966707183167273,-0.007105621032753362,4.63174720111148e-06,-2.1521019755166293e-07,4.705647410729874e-06,5.08717142855275e-08,0.0005206863014137753,-0.007130315128470954
39800000.0,-0.00581016855421268,-0.003915811927353019,-0.005662062719927974,-0.0043039417309671535,2.425229609359647e-06,-3.990830228839393e-06,2.6947304829771923e-06,-3.900424447422779e-06,-0.005611782850614588,-0.004422858304813815
40100000.0,-0.006494174625579774,0.0026229622104771977,-0.0067368161595737774,0.0022751125307856057,-1.968360049175999e-06,-4.271056513904803e-06,-1.7358392616628748e-06,-4.448546127910902e-06,-0.006808292618252665,0.002164252451411386
40400000.0,-0.0014640117617261694,0.006852767473478849,-0.0018975928200077874,0.006857585664548083,-4.674556192130197e-06,-7.610811068037293e-07,-4.691482041185857e-06,-1.0616259135121098e-06,-0.00203249756839341,0.006854048028376525
40700000.0,0.004866247127374379,0.005056359631803176,0.00462050985629503,0.005426189563909389,-3.268771896380862e-06,3.4746510048089263e-06,-3.534554506634535e-06,3.315397090863925e-06,0.004539625443193529,0.005538360727669556
41000000.0,0.006926967612876922,-0.0012105897651437658,0.007099254423749812,-0.0007892940117333325,1.0601116453567982e-06,4.688006190245453e-06,7.707727285310995e-07,4.822402211890342e-06,0.0071477680755478445,-0.0006559823124927533
41300000.0,0.0028670696265677975,-0.006435855981560934,0.003323712679872415,-0.006340440441203299,4.513826524443765e-06,1.755934814107185e-06,4.461145094558638e-06,2.080248471258983e-06,0.003464843854544597,-0.006304999126735211
41600000.0,-0.0037495940398315497,-0.005974317625881298,-0.0034075616415023546,-0.006307454533800438,4.009819239092494e-06,-2.782591860372996e-06,4.255909829220528e-06,-2.550345735041759e-06,-0.0032966333255970426,-0.006407004526096216
41900000.0,-0.007049425412951393,-0.00021506274048554985,-0.007136787025409319,-0.0006947755401380817,-6.755572978800473e-08,-4.91721272666279e-06,2.72464012684992e-07,-4.9930078692694835e-06,-0.007157836282694063,-0.0008456449441958114
42200000.0,-0.004104216712917719,0.005724470530447334,-0.004559388554717714,0.005525104592331687,-4.146059191412199e-06,-2.7107759220657e-06,-4.014613411817969e-06,-3.044256477013896e-06,-0.004698934302659552,0.0054568441283500135
42500000.0,0.002451261748177558,0.006589504008259084,0.002023502033694058,0.006859505591522819,-4.596780758148178e-06,1.937539263474619e-06,-4.805055985768192e-06,1.6333963402948015e-06,0.0018862208617846932,0.00693817708456379
42800000.0,0.006822067317152403,0.0016530701969319495,0.006804532769734806,0.002167898302699811,-9.688478712632786e-07,4.92841862131943e-06,-1.3477864219124669e-06,4.930399786107209e-06,0.00679208689317079,0.0023286169825045278
43100000.0,0.005187939835899158,-0.004722474876544425,0.005611777433223608,-0.004411828989722366,3.5693488388277572e-06,3.5829943931808828e-06,3.35249794436443e-06,3.9066050135927455e-06,0.005740063808040929,-0.004308855870220896
43400000.0,-0.0010074623858784548,-0.006947884405748894,-0.0005009431234910267,-0.007127087442372115,5.0016352449722135e-06,-9.630965803753e-07,5.1519371658814705e-06,-5.917931253929254e-07,-0.00033998144729707747,-0.007176075508242619
43700000.0,-0.006334075151954721,-0.0030554598035212877,-0.006194494174025067,-0.003587752564826019,2.011789508982176e-06,-4.7204096130792905e-06,2.414738926259652e-06,-4.634118558111133e-06,-0.0061432469846138815,-0.0037523459981514407
44000000.0,-0.006081330772609306,0.00355809646532812,-0.006453265558356236,0.0031344169541700495,-2.812648708827581e-06,-4.338271687220896e-06,-2.5066877868962223e-06,-4.631901859619703e-06,-0.006563576625048029,0.002996399413204287
44300000.0,-0.0004314032623398134,0.007040579321687446,-0.0010034357678350148,0.0071147537095725966,-5.208812530632656e-06,-8.840559739820009e-08,-5.282938091433209e-06,-5.184426851156942e-07,-0.0011836800865552277,0.0071295786107654635
44600000.0,0.005609678282041841,0.00427365073015018,0.0053476127842913,0.004800852361698915,-3.0002609133772395e-06,4.305600551424149e-06,-3.4096227604640816e-06,4.1215181799669764e-06,0.005257650731174124,0.004962123034697896
44900000.0,0.006660717933471005,-0.0022800198417094464,0.006957976852177694,-0.0017595475492786505,1.9157149278026253e-06,4.92449881106527e-06,1.52378195827918e-06,5.167798724947659e-06,0.007043284770233527,-0.0015919504353867353
45200000.0,0.0018116147656144221,-0.006783321077925564,0.002419138305924662,-0.006738788844828036,5.189465963062467e-06,1.160328482519013e-06,5.172019250321291e-06,1.6337015790179876e-06,0.002608881292005094,-0.0067155565461476385
45500000.0,-0.004605217681088902,-0.005272317137492877,-0.004222249441568238,-0.005758484432046629,3.877504669347331e-06,-3.684532441039501e-06,4.270444849518995e-06,-3.3984655802843378e-06,-0.004094691946392004,-0.005904950360378081
45800000.0,-0.006928419985982259,0.0008730271686765434,-0.007119325502273455,0.00027327516836095356,-9.041776554141734e-07,-5.302108639693159e-06,-4.357363190266028e-07,-5.472509169379691e-06,-0.007169748238368356,8.230221924421244e-05
46100000.0,-0.0031409450511574732,0.006224361566790293,-0.003755778133694321,0.006042659492109692,-4.93305570514746e-06,-2.2152264195218763e-06,-4.809650362869178e-06,-2.711224348361796e-06,-0.003945563819613085,0.005975901793423333
46400000.0,0.0034091933001434427,0.006074038284488381,0.0029045439619892477,0.006489830532096619,-4.611899034334677e-06,2.87789012642925e-06,-4.963083151787728e-06,2.4889086671642247e-06,0.002739639705126251,0.0066119257487926575
46700000.0,0.006937370590719638,0.0005519914642064805,0.007001895886332932,0.0012158618853028713,-1.7833555576718396e-07,5.461124977679255e-06,-7.101608041626406e-07,5.537300247770993e-06,0.007011120014226435,0.0014249694059955686
47000000.0,0.004310157105180679,-0.005450266116923785,0.004908718424843528,-0.005128369963419033,4.459652922839119e-06,3.202477915298374e-06,4.2205739364531425e-06,3.6984243706461584e-06,0.00509086614478349,-0.005017398663827777
47300000.0,-0.0021315686991698612,-0.006593365741469626,-0.001521241594247158,-0.006917541068748534,5.1639322917740316e-06,-1.9337250114492832e-06,5.449331415663394e-06,-1.4474955460919148e-06,-0.0013244135496393028,-0.007008660993697902
47600000.0,-0.006638747549516211,-0.0018819043370470467,-0.006568204657483534,-0.002579444122488894,1.2677313726561223e-06,-5.387103585108299e-06,1.8434935931121998e-06,-5.352757857068902e-06,-0.006533935076880937,-0.0027968008815690837
47900000.0,-0.005226140944408542,0.004448249343298016,-0.005773325741962765,0.003995981110001878,-3.784804154083332e-06,-4.059690066893218e-06,-3.4282043986921806e-06,-4.528995358632493e-06,-0.005936758002306419,0.0038445767350765436
48200000.0,0.0007821287815659161,0.006775258991574162,9.385122133664936e-05,0.00697973875821134,-5.490319161305379e-06,8.91714411643818e-07,-5.685699937418853e-06,3.2263865745729703e-07,-0.00012544074615306045,0.007031389385375064
48500000.0,0.006022144388381889,0.0031056837875880206,0.005804948681529254,0.003798441067232261,-2.3148182136667472e-06,5.06686289836189e-06,-2.9078601617715805e-06,4.909173858869131e-06,0.005724219598540969,0.0040114034886684635
48800000.0,0.00589809940517938,-0.0032452498988320144,0.006356135477751934,-0.002671327272011581,2.926139351600021e-06,4.746410287248537e-06,2.4559264382162382e-06,5.158768658031221e-06,0.006488795336487385,-0.002483084038551908
49100000.0,0.0005935604602456124,-0.00666305842817394,0.0013341465200085167,-0.006722425730586679,5.574799898711014e-06,2.095833832038707e-07,5.656528007769168e-06,8.413685140817861e-07,0.0015670580390789723,-0.006726867572439232
49400000.0,-0.00516636607849108,-0.00418291004149296,-0.004797220345047037,-0.004837881635396002,3.2771754594485003e-06,-4.515492083134731e-06,3.857521957417731e-06,-4.225883094233218e-06,-0.004668955201175606,-0.0050356059565430655
49700000.0,-0.006311486554345436,0.0019437164134430418,-0.006652508574305216,0.0012638972906771073,-1.9263342274644657e-06,-5.2346559902272105e-06,-1.3523356877653825e-06,-5.560481534772066e-06,-0.00674563187130417,0.0010444689578363864
50000000.0,-0.0018903046284606262,0.0062787614064205854,-0.00265284452390091,0.006181324302310998,-5.416945282665786e-06,-1.3133806986420637e-06,-5.366363346137604e-06,-1.982757354968001e-06,-0.002889304892697453,0.006135333874659921
50300000.0,0.004127075319736662,0.0050283348331348066,0.003616027187028692,0.005612356909551863,-4.102451882315172e-06,3.7634090085392202e-06,-4.638420134761567e-06,3.3412166823287848e-06,0.0034441177095203557,0.00578429954639148
50600000.0,0.006417538446662263,-0.0006177873413051316,0.006618656216268448,0.00013820635599870457,8.389172581058091e-07,5.493664985589675e-06,1.7936612295432752e-07,5.706141843253576e-06,0.006665441458316934,0.00037875274935572634
50900000.0,0.003037476398482397,-0.005614638187594778,0.0037817579586345573,-0.0053575416899391826,5.0173000528674905e-06,2.3591369593400913e-06,4.822599688592e-06,3.0348131835333803e-06,0.004008719887160339,-0.0052610467840992214
51200000.0,-0.002928456466840146,-0.005595769530948758,-0.002295565353023221,-0.00607136019502974,4.741916753037145e-06,-2.841267792264013e-06,5.199905742325761e-06,-2.2948490608909466e-06,-0.002087325969490905,-0.006205863517678267
51500000.0,-0.006206923509267881,-0.0006961668373151042,-0.006246022006628493,-0.0014905635480388923,2.871379893853998e-07,-5.501415552000566e-06,1.0055856126678364e-06,-5.576626530112705e-06,-0.006240209250890416,-0.0017394960004253335
51800000.0,-0.004010111664399574,0.004697682439918083,-0.004692275468137552,0.004281686644276306,-4.386205396778031e-06,-3.2978929106475263e-06,-4.042130199111149e-06,-3.943396017391798e-06,-0.004895545388748701,0.004136018425363375
52100000.0,0.001620462672640599,0.005891033593730555,0.0008889084647023537,0.006222289867778841,-5.165121994665789e-06,1.7860690793014555e-06,-5.5111363732596175e-06,1.1314529846373489e-06,0.0006527979522061855,0.006308269544000211
52400000.0,0.005724798845498924,0.0019468034414913404,0.005585423209417684,0.0027424828460134165,-1.4033606706709278e-06,5.258139753161473e-06,-2.148293905102072e-06,5.1763912826130465e-06,0.005522591945265276,0.002987245640447611
52700000.0,0.004777727702169443,-0.0036072779027165325,0.005360403697039828,-0.003040130544000874,3.556094688050848e-06,4.089150568487021e-06,3.0643388538864613e-06,4.666629993099747e-06,0.005527910433428929,-0.002848761938569311
53000000.0,-0.000299832743387185,-0.005919640903098156,0.0005022895464534827,-0.006083090640522926,5.356455145100192e-06,-6.527081303220328e-07,5.5604685105237195e-06,8.739223100739935e-08,0.0007565052156977004,-0.006113489641339953
53300000.0,-0.005015357932897757,-0.003042682062122992,-0.0046974973235052175,-0.003802493477039093,2.450052925651036e-06,-4.7815278421126095e-06,3.185691284990355e-06,-4.53151877088942e-06,-0.004578455293433592,-0.004030954502660222
53600000.0,-0.005274654209081575,0.00241550120835754,-0.005726485833264405,0.0017221070022941376,-2.5748398433389497e-06,-4.687835040595445e-06,-1.947368390653459e-06,-5.161375930762269e-06,-0.005848626559306069,0.0014938173797602872
53900000.0,-0.0009541005740629771,0.005652809222798538,-0.001784328012668368,0.005636039116936331,-5.29982887187419e-06,-4.944474187862369e-07,-5.339218943190005e-06,-1.2884630391507557e-06,-0.0020426372699802187,0.005607902724516833
54200000.0,0.004084586725362271,0.003920616005689936,0.0036014363328078502,0.004598261591262087,-3.365918131659207e-06,4.088674762647848e-06,-4.051902099733162e-06,3.670175323766678e-06,0.0034317075371177452,0.004795839927201229
54500000.0,0.005472017808870078,-0.0011484998674973212,0.00575816699391396,-0.0003652708860073517,1.4851619472011635e-06,5.0543863888696805e-06,7.454853405697293e-07,5.389135739441997e-06,0.005824735664646141,-0.00011288068138526341
54800000.0,0.0021170044011000755,-0.0051027273753305735,0.0029265345717561786,-0.004893747815422955,4.988665409766391e-06,1.6038244350369268e-06,4.846816749948246e-06,2.411652722411617e-06,0.0031726695165090746,-0.004804684389903002
55100000.0,-0.0029788517663007497,-0.004579738405581679,-0.0023445492605773666,-0.005129610657171213,4.110733353157592e-06,-3.2058434401571745e-06,4.703711991127513e-06,-2.6269872794859594e-06,-0.0021302044367459416,-0.005281785688360685
55400000.0,-0.0054061562472469404,-0.0001311876242340304,-0.005499069390111799,-0.0009701991102488705,-3.3462953197282985e-07,-5.176519232263921e-06,4.866375968859415e-07,-5.340800833031345e-06,-0.005501989810412056,-0.0012346078913409997
55700000.0,-0.0031329424342700918,0.004343924247820041,-0.0038815003754635313,0.003942005393675174,-4.445753345461156e-06,-2.6254924025970183e-06,-4.1138257466100114e-06,-3.4045543251259858e-06,-0.004102107960221701,0.00379287104636461
56000000.0,0.0017986981361133303,0.004990283410535312,0.0010387156089990413,0.0053822875717060015,-4.6519500676023284e-06,2.1860074733703883e-06,-5.11260916602474e-06,1.4640323544590217e-06,0.0007888665725488408,0.005479800630808995
56300000.0,0.0050830185967996044,0.0013181792926175717,0.004976020787580637,0.002171308985694509,-8.088988501242511e-07,5.0526785176918665e-06,-1.6745451719701876e-06,5.025023230964543e-06,0.004914182369986975,0.002434041308916335
56600000.0,0.003914608320357615,-0.0034142912881023335,0.004560339655100165,-0.0028413678277843246,3.703182236414193e-06,3.4971522652194054e-06,3.1861759522966437e-06,4.2038013083889325e-06,0.0047425480114640095,-0.0026404285157397567
56900000.0,-0.0005982372475230591,-0.005099813726992863,0.00024184716370712067,-0.005308250338593723,4.9513189721572815e-06,-1.0855754063454626e-06,5.245876698367624e-06,-2.512932963938397e-07,0.0005116826099822447,-0.005344266305506551
57200000.0,-0.0044900068923325875,-0.002364277738593046,-0.0041843207718201825,-0.003175915005847685,1.8828203874887706e-06,-4.678745553654551e-06,2.7462332284899915e-06,-4.4484660441934665e-06,-0.0040600369258285696,-0.0034190017361908076
57500000.0,-0.004440494895185054,0.002332636359348328,-0.004935332545990434,0.0016179851133983902,-2.7890897136284565e-06,-4.1706469949831515e-06,-2.1046577373118325e-06,-4.7585124975935145e-06,-0.005064527345993497,0.0013765168098913705
57800000.0,-0.0005910762302718808,0.004925642640927208,-0.001463109589607825,0.004925287577258075,-4.991075476135087e-06,-4.8265167529315534e-08,-5.08985430336395e-06,-9.53778279577655e-07,-0.001736203845176476,0.004893275421679277
58100000.0,0.0036824698855824067,0.0032478164759552897,0.003183148902152766,0.003967376284748525,-2.8408374568300587e-06,4.072991765302625e-06,-3.6511588693555197e-06,3.637999819172677e-06,0.002999873122874419,0.004174289209728954
58400000.0,0.004716941773097005,-0.0011788737879925293,0.005025814539024509,-0.0003545015451251743,1.7510868769443633e-06,4.620257563425767e-06,9.259252456983447e-07,5.04640394871636e-06,0.005091457747774086,-8.424713578136789e-05
58700000.0,0.0016862776157609005,-0.004509734510513397,0.002544460702679885,-0.00429400577395711,4.778583750586485e-06,1.1553250233165002e-06,4.66203836491097e-06,2.085857908507016e-06,0.0028055529421209258,-0.004193237717466047
59000000.0,-0.0027323649546673323,-0.003904918040994687,-0.002064464361794194,-0.004491295366243264,3.6311983793169134e-06,-3.2767348254747475e-06,4.33941672717264e-06,-2.6484025430484337e-06,-0.0018316738980317382,-0.004649446256756562
59300000.0,-0.004714303853845081,3.8065828142919145e-05,-0.004818046319918778,-0.0008474505503670571,-6.532924810009888e-07,-4.820608498601331e-06,2.7373890010284896e-07,-5.051552878554411e-06,-0.004815608287159989,-0.0011300883280824792
59600000.0,-0.0026114133096726277,0.003859674938439639,-0.0034004252463901707,0.0034410482895594896,-4.323418946738933e-06,-2.1680285287040135e-06,-3.9869163764860716e-06,-3.070754619027838e-06,-0.0036320578492450295,0.003277638728398813
59900000.0,0.0016744543910576226,0.00428848762595635,0.0008805009203456393,0.004699243731160152,-4.203674081049158e-06,2.3306792481525562e-06,-4.7620427550132405e-06,1.5365048638971146e-06,0.0006137056516024586,0.004796521337539161
60200000.0,0.0044247082527277826,0.001047308490520038,0.004309226162810376,0.0019340355545764965,-4.473695748297146e-07,4.753794348055784e-06,-1.424954916950938e-06,4.764705464621599e-06,0.004236558178575933,0.0022088990813671217
60500000.0,0.003338239826476297,-0.0030041463341419217,0.004000186392758565,-0.0024024635119559434,3.643865371993904e-06,3.0340204119072567e-06,3.09558094480078e-06,3.8511043030098335e-06,0.00418417833930107,-0.00218532298872276
60800000.0,-0.0005591842323866558,-0.004401202774523938,0.0003136213653291975,-0.00459988694640856,4.529838375511019e-06,-1.2806404315890418e-06,4.894311302239274e-06,-3.602079440279127e-07,0.0005973773570531193,-0.004626230093386141
61100000.0,-0.0038872794621553908,-0.0020268261969818013,-0.0035498967076748045,-0.0028569074073629963,1.495760774794519e-06,-4.426405632029784e-06,2.4660240774965203e-06,-4.203064417396263e-06,-0.0034084642712670643,-0.003104817931912862
61400000.0,-0.0038375796466567635,0.0020111158338949053,-0.004325009215030207,0.0012580544233813384,-2.780369575794417e-06,-3.7102495487051357e-06,-2.041690896459336e-06,-4.385789719396627e-06,-0.004447019575522404,0.000999518309050984
61700000.0,-0.0005347354203166788,0.004248441852915619,-0.0014320976760586746,0.00421591048495884,-4.595832377107811e-06,1.878228119700509e-07,-4.732772115101369e-06,-8.088189091814968e-07,-0.001714216085190401,0.004167242985971598
62000000.0,0.0031427779043582404,0.0028333143841976494,0.0026008132011199336,0.0035500091363118713,-2.4304388125395704e-06,3.860537588495916e-06,-3.3322651263878456e-06,3.4044948338252112e-06,0.0023986534561259987,0.003753105207756846
62300000.0,0.004072472359595736,-0.000944862830699833,0.0043477630771420195,-8.935593223924343e-05,1.784965781848058e-06,4.155816537565471e-06,8.932200382671951e-07,4.639852513754761e-06,0.004397582175279524,0.0001929447328663514
62600000.0,0.0015398300708326929,-0.0038319929807855146,0.0023976906779097362,-0.003564941510568076,4.3950362148548194e-06,8.825433057690901e-07,4.284560780054569e-06,1.8946963387111992e-06,0.00265705389914217,-0.003443012585940153
62900000.0,-0.0022271366597479414,-0.0034177074282624176,-0.0015147556873884582,-0.003964343289148076,3.194606309819825e-06,-3.0856611223928354e-06,3.965276135664553e-06,-2.415737933691986e-06,-0.0012656268975419493,-0.004105601797171232
63200000.0,-0.004027522914768156,-0.00014069548588224734,-0.004061951726058055,-0.0010373906095466623,-7.123800003228098e-07,-4.341267005880667e-06,2.800862075602595e-07,-4.591899782191433e-06,-0.004032987278698386,-0.0013220419057091704
63500000.0,-0.0024063027749718913,0.003173650164903563,-0.0031568522389875397,0.0026824170334833752,-3.93482386018551e-06,-1.870238999446272e-06,-3.571928871237695e-06,-2.8296112399850415e-06,-0.0033716911894217105,0.0024938071997269162
63800000.0,0.0011898212389098717,0.0037546892757376327,0.00035377796119462346,0.00408045235720067,-3.744350539180985e-06,2.1426002589919335e-06,-4.323642737391609e-06,1.2939014142343552e-06,7.546940607738861e-05,0.004145418514319488
64100000.0,0.0037134338726758642,0.0011877079604047935,0.0034912820619936724,0.002058279409162367,-3.782938198249042e-07,4.255171620615172e-06,-1.407537041697715e-06,4.2421792081359655e-06,0.0033816379361084614,0.0023223820540891893
64400000.0,0.00309028178359938,-0.0023188476867943564,0.003669370655082105,-0.0016287229474087894,3.2410637906821194e-06,2.7196550560493193e-06,2.637296711460735e-06,3.5556274429193735e-06,0.0038198103104818415,-0.0013849173540165793
64700000.0,-9.735832879442796e-05,-0.0038320345049029925,0.0008048466088936834,-0.003899160778146893,4.048289825253626e-06,-1.086183500920157e-06,4.384273656232729e-06,-1.0898031166384214e-07,0.0010915121073509226,-0.0038782440677209706
65000000.0,-0.0031564428745056716,-0.002129764816359625,-0.0026806215026340396,-0.002905281271253557,1.4219330882747627e-06,-3.902809111888672e-06,2.4162449381304185e-06,-3.6123776447904987e-06,-0.0024946946215180787,-0.003126264641885257
65300000.0,-0.0035468275793775206,0.0013258736691312833,-0.0038996965796158634,0.0004803414576741716,-2.355376742313453e-06,-3.3778878696377745e-06,-1.5412301507256032e-06,-4.023052588619791e-06,-0.003969895199205098,0.0001984004032209441
65600000.0,-0.000977328528293242,0.0036402906363761645,-0.001876542984653895,0.003429486394807668,-4.084208928167854e-06,-1.869605625870463e-08,-4.138881001702899e-06,-1.0593948476245174e-06,-0.0021478724222987466,0.0033198664121059096
65900000.0,0.002384338358076832,0.0029016640393351167,0.0016801451016448254,0.0035120711595837406,-2.351714229797963e-06,3.3005395281282546e-06,-3.2343503499898674e-06,2.7393509747231093e-06,0.0014298705537214573,0.0036682946042034814
66200000.0,0.0037379731053448495,-0.0002485960105786944,0.0038196179248330964,0.000689194610728805,1.3271237143674952e-06,3.798374032193408e-06,3.5347823945652834e-07,4.192180577344828e-06,0.0037982351162142436,0.000986191099876521
66500000.0,0.0019745165472784265,-0.0031785966010176026,0.0027904116432537762,-0.0026876634981363168,3.841058712206191e-06,1.1068855614304596e-06,3.5931256897603348e-06,2.1326675649913085e-06,0.0030199934914847404,-0.002493075035772563
66800000.0,-0.001430150881340353,-0.003460097992530109,-0.0005410376144396878,-0.003835443726302401,3.109607306428508e-06,-2.4757281731346836e-06,3.801990644203279e-06,-1.6713272472657081e-06,-0.00024465860614952817,-0.003906462617578654
67100000.0,-0.0036534016060443264,-0.0008612480321090743,-0.003428916802135973,-0.0018157923778545637,-2.115054518192494e-07,-3.950840407940248e-06,8.531787355492426e-07,-4.043018659860564e-06,-0.0033089038275448956,-0.0021009800522762134
67400000.0,-0.0028456294828345108,0.0024747430278893034,-0.0034963088907886686,0.0017165574653432714,-3.327417983589598e-06,-2.1158113243657795e-06,-2.7741248980195365e-06,-3.0405091202556633e-06,-0.0036578978230323855,0.0014461203794269295
67700000.0,0.0003516569797952229,0.0037805798195620355,-0.0006659416641312532,0.0038614069561759834,-3.648912940357185e-06,1.4733870363770052e-06,-4.077776245448028e-06,4.7309304318510215e-07,-0.000986201695177158,0.003830924388481094
68000000.0,0.003305401477916803,0.0019344234539460103,0.0027594294654349483,0.002825960904800695,-9.25234728166302e-07,3.822355837623803e-06,-1.9992478197394803e-06,3.579646930207403e-06,0.002540445884392284,0.003072003938001444
68300000.0,0.003532445248893623,-0.0015777974358002211,0.0039442842453141225,-0.0005875001338466745,2.570331845141993e-06,2.980760086090939e-06,1.7319870869725307e-06,3.717193327812396e-06,0.004015604484770563,-0.00025719909515942163
68600000.0,0.0007780004099160465,-0.0038344699710677332,0.0018501491954197036,-0.0035816314045860054,3.928847741252461e-06,-3.527717198359426e-07,4.033656029855948e-06,7.750322692512412e-07,0.0021675907233884573,-0.003441144854889444
68900000.0,-0.0027030851549767476,-0.002894719792280398,-0.0018478809304056654,-0.0036367126121774618,2.0107745510866692e-06,-3.41023821825992e-06,3.000968904043333e-06,-2.822454835627042e-06,-0.0015392131489946337,-0.003815952355452623
69200000.0,-0.003977692697404223,0.0005295081864886697,-0.004083250876817601,-0.0006302558030171213,-1.6061123724320225e-06,-3.6402527046064392e-06,-5.291575698729289e-07,-4.103847507375136e-06,-0.004046171082393357,-0.0009956665315371538
69500000.0,-0.0019010994830850336,0.003598774998934573,-0.0029339685700477958,0.00298985272898733,-3.919103413796421e-06,-8.236346611401046e-07,-3.655456567774884e-06,-1.9900321956978217e-06,-0.003216411387121809,0.0027381688053083053
69800000.0,0.0018610471906086445,0.003690883890712371,0.0007297794631249133,0.004189403651452039,-2.978627563932079e-06,2.7249265837081538e-06,-3.7838812447787973e-06,1.80608854294384e-06,0.0003486838119179936,0.0042732687700777205
70100000.0,0.0041570138017803515,0.0006278403100168362,0.0038944052967728737,0.0018774800017808957,4.813033961381663e-07,4.047618350488946e-06,-7.641506777344986e-07,4.1610529180058364e-06,0.003734069303774845,0.0022474550865894116
70400000.0,0.002967352868274986,-0.0030873279794576547,0.0038612143469656246,-0.0021140897323164154,3.6099481683926626e-06,1.990557506159618e-06,2.9531627875334365e-06,3.092267658821868e-06,0.0040750240559646045,-0.0017555172986334355
70700000.0,-0.0008295199216412641,-0.004287260022337591,0.0005294962939323966,-0.004456963960478788,3.768927021030599e-06,-1.7979723561101224e-06,4.288807643249015e-06,-5.868771228989544e-07,0.000960919811891614,-0.004420436872521805
71000000.0,-0.0040670756924008344,-0.0018219117202136204,-0.0033959287001898986,-0.003074103772576109,7.413573795966855e-07,-4.17090079385396e-06,2.064909886523303e-06,-3.873123338049567e-06,-0.0031049322349403496,-0.003416707922909268
71300000.0,-0.0039041849017138475,0.002335667503544414,-0.004565075865532009,0.0010181770212369656,-3.0102883507021616e-06,-3.075229152882386e-06,-1.96243328809409e-06,-4.001486273663701e-06,-0.0046803668055552805,0.000565826257769686
71600000.0,-0.0003240274236766538,0.00463288808900586,-0.0018360773666614705,0.004409213862842876,-4.323794747129739e-06,6.778964691811495e-07,-4.4672146802815504e-06,-7.585302113088943e-07,-0.0022886895613787317,0.004236084772088589
71900000.0,0.0036927822129335652,0.0029714034478729445,0.002604758738513624,0.0041224978117213595,-1.988908311822968e-06,3.987103086799948e-06,-3.2806345937608228e-06,3.2413321353619295e-06,0.0021876806979967967,0.004403081665969921
72200000.0,0.004639496394421627,-0.0013662287857130195,0.004971924400145156,0.00024005348817013328,2.1400119444292542e-06,4.004189959827542e-06,7.349644824961032e-07,4.640589727156197e-06,0.004961484028775942,0.0007609898611917743
72500000.0,0.0015511583214298241,-0.004684893851461425,0.00311211984327997,-0.004016009120064723,4.593703516020398e-06,5.794524735591722e-07,4.283657927262041e-06,2.145365362915541e-06,0.0035478034976961226,-0.0036972469426785892
72800000.0,-0.003030552433852307,-0.004022637017627062,-0.0015385224414998788,-0.00495310177764452,3.1891394192129496e-06,-3.4870027216804544e-06,4.3229108506182e-06,-2.28376624189508e-06,-0.0010090461579359555,-0.005133325680873213
73100000.0,-0.005137166532065862,0.00021132669508716617,-0.00504626518312179,-0.0016077285418205634,-1.0326954236195007e-06,-4.714432441987881e-06,6.645963832596635e-07,-4.9487362128175505e-06,-0.004884820263303169,-0.002164436175903006
73400000.0,-0.002799386655823355,0.004441629169235739,-0.004294541295845278,0.0032900601540006846,-4.547504507068645e-06,-1.910117290782054e-06,-3.7267946023655796e-06,-3.486064445556991e-06,-0.00467207535175973,0.0028225181305714386
73700000.0,0.002118327410229881,0.004925600065050162,0.00025552586790666965,0.005521430463062416,-4.270880495149676e-06,2.6831046417985505e-06,-5.113435519121801e-06,1.0432617214561901e-06,-0.0003660076591103234,0.005565917290567768
74000000.0,0.005371411946832438,0.0010600364922197514,0.004784649460518153,0.0029995586882023417,-2.5881937359972795e-07,5.153526965617772e-06,-2.1537545912275746e-06,4.886290987826669e-06,0.004455398812808653,0.00355535684991537
74300000.0,0.003987946919778551,-0.003914892867555864,0.0052993010476498625,-0.002277059954252536,4.171227812821421e-06,3.2383702093241595e-06,2.8117974985031324e-06,4.6873558869897636e-06,0.005579073652917543,-0.001669025787819578
74600000.0,-0.0010058293912180716,-0.005611217903776833,0.0011585954804189669,-0.005772728781366254,5.16118276094879e-06,-1.606440720003377e-06,5.581386624875506e-06,4.1328224908987465e-07,0.0018411522871275565,-0.005653991020906801
74900000.0,-0.005304383837604121,-0.0023729886730734506,-0.004179630604319584,-0.004313355983043721,1.667551493667041e-06,-5.276335774073715e-06,3.635405093960209e-06,-4.430735798477414e-06,-0.003678513242611814,-0.004825196299776735
75200000.0,-0.005038254628139782,0.00310693165592113,-0.006037088604948337,0.0010185135101323795,-3.4632242521537293e-06,-4.482933532612421e-06,-1.5736487459783177e-06,-5.654546596289833e-06,-0.006179632985862327,0.0002926407698566891
75500000.0,-0.0002694768650144397,0.006019821542665227,-0.0026287681651311345,0.005655674776349429,-5.791301851298947e-06,2.9962120162707606e-07,-5.666798187364819e-06,-2.0043621331566897e-06,-0.0033292388707124587,0.005352856382387472
75800000.0,0.004911233389975678,0.0036718154213843945,0.003229731271460423,0.005467546007594137,-3.1211851589940665e-06,5.0493486107860974e-06,-5.009088696494857e-06,3.5773663187299576e-06,0.0025635146006308673,0.005885808271898441
76100000.0,0.005899575278334623,-0.002031286889305761,0.0064490871282316675,0.00044296598439075296,2.435820876778294e-06,5.566747084628787e-06,6.41773539866719e-08,6.3028417121024916e-06,0.006415185079511332,0.0012527898000911364
76400000.0,0.0016657808494926485,-0.0061271539111942275,0.004089855066830239,-0.005155328383366964,6.106211460354949e-06,1.1845236618235333e-06,5.3300238349596185e-06,3.640376630364983e-06,0.004757459712841694,-0.004653505989807627
76700000.0,-0.004206552954364895,-0.004906864284848211,-0.0019693357182717364,-0.006404477559811994,4.545988234960774e-06,-4.4588578205218e-06,6.179904399439273e-06,-2.3454720845528243e-06,-0.001153115736052257,-0.006678151394268639
77000000.0,-0.0065381752344109145,0.0007404157673676082,-0.0065131900547186206,-0.002035948358880546,-1.121627858369223e-06,-6.42239197357064e-06,1.6454625468842465e-06,-6.566940357277673e-06,-0.006268955815080801,-0.002889471398674459
77300000.0,-0.0031066958210530515,0.005934332152733646,-0.005459187610021843,0.004301447884898835,-6.070260888613177e-06,-2.778236205980278e-06,-4.5603692067075485e-06,-5.224080036114742e-06,-0.006042681096559477,0.003595685995875897
77600000.0,0.0032338786641332717,0.0059997889844680685,0.000478916651577066,0.007060553685704463,-5.8626617193136e-06,3.5158176074912006e-06,-7.060161332339554e-06,7.850701020384321e-07,-0.0004614785541470212,0.007146181426136877
77900000.0,0.006896015715891934,0.0006861664139563572,0.006208962687871633,0.0036474944415374466,-4.228319626653487e-07,6.986958965837786e-06,-3.459782948245227e-06,6.401748777751237e-06,0.0057356004107802505,0.004497386827409855
78200000.0,0.004495003282318777,-0.005418301160119654,0.0066203087667027205,-0.0031259742946048164,5.659475179609075e-06,4.3961172502271495e-06,3.3740112630464836e-06,6.646007768562612e-06,0.007068322761817569,-0.00223100997476422
78500000.0,-0.0020069201548125193,-0.00685952793689637,0.0011663989526056184,-0.00734523035900736,6.983608598853941e-06,-2.2443969400764985e-06,7.563220589035247e-06,1.0289532190732587e-06,0.0021852971227076523,-0.007207138028675786
78800000.0,-0.006909452860451637,-0.002209968106569704,-0.005491214226658769,-0.005183987384711486,2.1327722696806717e-06,-7.19811012150906e-06,5.268440119388096e-06,-5.7725476478864834e-06,-0.0047837651269304615,-0.00596719884202912
79100000.0,-0.00578928297167991,0.004554204872192713,-0.007492949741099153,0.001631481692925263,-4.8554302387593395e-06,-5.95464494845821e-06,-1.7990315714921934e-06,-7.796415672167711e-06,-0.007745119912140552,0.0005778109715492974
79400000.0,0.000537214796850094,0.007466116439999837,-0.00293197629965114,0.007219620446392128,-7.835408746603711e-06,6.733140522907632e-07,-7.616243758890029e-06,-3.0172751075419058e-06,-0.003971077180674243,0.006819750650876699
79700000.0,0.006598619679408557,0.003798318557130642,0.004376961067844576,0.006607241388323359,-3.945857732445823e-06,7.018414715842525e-06,-6.971214922657509e-06,4.66710527868841e-06,0.0034318007386477944,0.007255471965322613
80000000.0,0.006958473177119728,-0.0034088122448991953,0.008066779472240881,0.00011314737037082523,3.6706260914121103e-06,7.38365358166071e-06,-1.1370463659510222e-07,8.59293669175365e-06,0.008066820868789293,0.0012947188038197055
80300000.0,0.0010696494282065316,-0.007812296516561901,0.004718234041385827,-0.006724473786078988,8.369291526033606e-06,1.137957464703021e-06,7.188319445905478e-06,5.085886433997544e-06,0.005724901970692642,-0.006037118133903618
80600000.0,-0.005993792124613151,-0.005326330706452609,-0.002964716787882793,-0.007817808060153197,5.774637995226151e-06,-6.4430201731635606e-06,8.46664556652943e-06,-3.1224492444970053e-06,-0.0017951145497283605,-0.008277770600614076
80900000.0,-0.007882947327852996,0.00205013077031424,-0.008272041424081777,-0.001964181822614819,-2.151993264254415e-06,-8.596310552277941e-06,2.266003770845515e-06,-8.965675381666927e-06,-0.007988537635358561,-0.0032264865400151166
81200000.0,-0.002721719281677082,0.00780490291542435,-0.006364001939537012,0.005837412069880088,-8.527377433287242e-06,-3.100481456241866e-06,-6.269640198230952e-06,-7.103480763825942e-06,-0.007274357284562605,0.004868907541379031
81500000.0,0.00503885790664782,0.006701519041044435,0.0012787628880728263,0.008670736516378952,-7.512506314033551e-06,5.461180391241882e-06,-9.630110129665859e-06,1.1965095183530394e-06,-6.785652866092562e-05,0.008885384966248466
81800000.0,0.008495028155534712,-0.0004554812990704704,0.008008053505380808,0.003869926548262015,3.374398213074059e-07,9.499068312379677e-06,-4.548614727761802e-06,8.834376986399661e-06,0.007412475637758931,0.00513531643136389
82100000.0,0.004424769301722087,-0.0074199058005604,0.007821539384436527,-0.00451483381299056,8.255822461333828e-06,5.143649475680689e-06,4.846522568047185e-06,8.944716270775643e-06,0.008549424873891986,-0.0032771405116562846
82400000.0,-0.0037594950082668888,-0.007936406091872072,0.0006742292421462182,-0.009154962573347802,9.084352726507205e-06,-4.072111479569429e-06,1.0362224520332752e-05,1.0592393144825962e-06,0.002147817120730089,-0.00905486363329544
82700000.0,-0.00883646086601253,-0.0013084415098205682,-0.007323089964507368,-0.0057974173848691635,1.7254210192829689e-06,-1.004321349840076e-05,6.869878917181715e-06,-8.15984640123446e-06,-0.006382641851984339,-0.006994220970597098
83000000.0,-0.006091510643036813,0.006741588286402589,-0.009064257579915136,0.002868876101842943,-7.555284587512645e-06,-7.192706677816574e-06,-2.9542124002635006e-06,-1.051790494721594e-05,-0.009541567901964143,0.001373180882495717
83300000.0,0.0022817609049301524,0.0089482675611805,-0.002733757693382799,0.009280019346789459,-1.0418960011859824e-05,2.3328439342495955e-06,-1.0612700896972527e-05,-3.546197623549574e-06,-0.004287380645438432,0.00882589329806649
83600000.0,0.008850391242201994,0.0030887992691646105,0.006278929516382092,0.007568277053479733,-3.9348300195918284e-06,1.0190662933284855e-05,-9.100817280893736e-06,6.961269669591985e-06,0.004999491682648127,0.00863519226341225
83900000.0,0.007566847420504175,-0.0057491669168001636,0.009931121410147625,-0.0010100272440496383,6.4390643466083475e-06,9.12776178574326e-06,6.858681647070597e-07,1.1707342001399113e-05,0.010109486575625937,0.0006913632063856312
84200000.0,-0.0006166066855985974,-0.009605826307293341,0.00476302910954729,-0.008930187748532603,1.1410993135729797e-05,-3.084789959029166e-07,1.0318283889421132e-05,6.118440414537574e-06,0.006312758904753579,-0.008110230399921647
84500000.0,-0.008448433158891433,-0.004860210422549471,-0.004816370150319216,-0.009053260481564962,6.191732024873886e-06,-9.878369806148868e-06,1.1082793191508067e-05,-5.248687639847205e-06,-0.0032340451014647442,-0.009900932754675296
84800000.0,-0.008835195438976484,0.004402981304849618,-0.010334202363601719,-0.0010737209205444742,-4.899709978190003e-06,-1.0846074855797028e-05,1.8803055736871244e-06,-1.2386987196189025e-05,-0.010147530170705465,-0.0029023007485875496
85100000.0,-0.0012360976291247994,0.009925985473870469,-0.006753330438659333,0.008080864586943903,-1.1986538723030016e-05,-1.958585392758394e-06,-9.42040575224734e-06,-8.659370609009898e-06,-0.00819931362098103,0.006873330980681658
85400000.0,0.007693139637215296,0.0066042423173797715,0.002976628101396983,0.010257179230578117,-8.426831068719665e-06,9.084926054336862e-06,-1.2705207930618911e-05,3.0431372786132727e-06,0.0011197513913181467,0.010794128826319138
85700000.0,0.009885101403902752,-0.002810088112553899,0.010321705088600197,0.0032934567794598024,2.9749798368117197e-06,1.2283865350015688e-05,-4.658848038907593e-06,1.2495922629307543e-05,0.00971504198561135,0.0051829884407226245
86000000.0,0.0031401712283667393,-0.009925699823725154,0.008600807063082527,-0.006838435111234276,1.2118163170815599e-05,4.384244566946194e-06,7.935451083684875e-06,1.1056697026390339e-05,0.009865273787621476,-0.005241416335451277
86300000.0,-0.006639970199273648,-0.008180274037229651,-0.0009184710350957914,-0.0110975545798766,1.0537824590595157e-05,-7.837908287733342e-06,1.3876142831659166e-05,-4.398725175214224e-07,0.0011632523321249977,-0.011266139133013553
86600000.0,-0.010597368523129091,0.0010599225684160274,-0.009860078389069216,-0.005462749220399132,-7.474579852839724e-07,-1.3354697334211352e-05,7.501170892987297e-06,-1.200306800908102e-05,-0.00882175638376026,-0.007331483296169949
86900000.0,-0.004989610896842578,0.009525669844492768,-0.010126681557219186,0.0052277234354107804,-1.1763782051144034e-05,-6.849726528423972e-06,-5.9126857036018166e-06,-1.3152719966713633e-05,-0.011127324282258044,0.0032861189623929477
87200000.0,0.005254491421450069,0.009489838581345111,-0.0012866412519834114,0.011437034336125862,-1.2401085299984516e-05,6.152816353521828e-06,-1.447661634124131e-05,-2.4400309044381174e-06,-0.0035007749209352568,0.011187134001858112
87500000.0,0.010903371055668742,0.0008472017459268955,0.008873848558124564,0.007492158968702256,-1.7163227070682296e-06,1.3963284962725808e-05,-1.0248329338935491e-05,1.0863015270201615e-05,0.007408463336988191,0.009226345158054983
87800000.0,0.00677108407694238,-0.00869972233009264,0.011258934564331469,-0.0032349665032711528,1.0880125834278331e-05,9.261609599686693e-06,3.389851153778878e-06,1.4798388243031368e-05,0.011895490339253634,-0.0010121284944091258
88100000.0,-0.0035513196386300905,-0.010532568031493383,0.0036118049714368716,-0.011250603644299417,1.3929835701254056e-05,-4.0443232289799624e-06,1.4412452373324669e-05,5.495049800297025e-06,0.005852715785648499,-0.010526853053150376
88400000.0,-0.010837221735828573,-0.0028714971616494722,-0.007398205845011607,-0.009349093921855456,4.357796670628744e-06,-1.4060969103946164e-05,1.2776952135307162e-05,-9.062783760560578e-06,-0.005512093818403563,-0.010832672561548407
88700000.0,-0.008444071358631788,0.007526374074501518,-0.011996413283588137,0.0009475076566189955,-9.475279948323312e-06,-1.1546878046386766e-05,-4.3323930720706727e-07,-1.58986476133105e-05,-0.012178897823817314,-0.0014928056629059938
89000000.0,0.0016486000410811386,0.011292252320004081,-0.0059442446627580026,0.010595247777899885,-1.5071561353829921e-05,1.576607560505039e-06,-1.3657924025967105e-05,-8.60961775783764e-06,-0.00811541385561565,0.009362160774728068
89300000.0,0.01042414236181255,0.004872704868333244,0.005555528762873685,0.010931534090701689,-7.076452406384881e-06,1.3644352040653729e-05,-1.4970259925473073e-05,6.663432927878077e-06,0.0032777448776384333,0.012072391338918464
89600000.0,0.009870109890536938,-0.006075558268761938,0.012280835248864364,0.0014613754429433357,7.607468729908806e-06,1.360079828627292e-05,-2.8217222873827552e-06,1.6385128701834617e-05,0.011958691906846397,0.004038070589928111
89900000.0,0.00035089523146858426,-0.01165398052235389,0.008090789937503118,-0.009474442532550142,1.575068647002853e-05,1.1384353650889523e-06,1.2226937716963704e-05,1.1612158667073658e-05,0.010090497718065805,-0.007747249379747245
90200000.0,-0.009584559998867093,-0.0067384763033970785,-0.0034073780544243704,-0.01206294114005857,9.732527727013274e-06,-1.2690024977946024e-05,1.6671349947428027e-05,-3.76716241135e-06,-0.0008214651357185687,-0.012778642347583968
90500000.0,-0.010954360509838779,0.0043004638128962824,-0.011981388404102233,-0.0038967183120206528,-5.309880846848802e-06,-1.5290686367297468e-05,6.208929018536313e-06,-1.6161197412323247e-05,-0.01112613631504189,-0.006478563647888791
90800000.0,-0.002477592693310271,0.01156251918705209,-0.009960818686842288,0.007814372391251823,-1.5873807216459923e-05,-4.027097197045748e-06,-1.010721610633647e-05,-1.4319445813093523e-05,-0.011647299258548571,0.0056356194207722865
91100000.0,0.008312878328485596,0.008507673608306732,0.0009261975959162783,0.012695330818218054,-1.2243303112502435e-05,1.1162311856161011e-05,-1.7733116472185007e-05,4.39634486149032e-07,-0.0018613783259731065,0.01287466305021212
91400000.0,0.011769021820057901,-0.0022401548140322802,0.011118776872741876,0.006369015395520705,2.602900766868199e-06,1.656132917160491e-05,-9.620147320588135e-06,1.5157167668977678e-05,0.009680442967706426,0.008815249002481096
91700000.0,0.00466557175238691,-0.011139841604460798,0.011585304469221569,-0.005709586670704425,1.5442480866934005e-05,7.034204434930302e-06,7.321372568813711e-06,1.6633256169740207e-05,0.012826064351710187,-0.003099740962454689
92000000.0,-0.0067829937417762665,-0.01011159474346357,0.0017368384360274547,-0.012912809437224837,1.4552423411418047e-05,-9.13160847870742e-06,1.811915693039623e-05,3.221204480041706e-06,0.004651313416580649,-0.012472690442606904
92300000.0,-0.012264262233035339,0.00010718567557432834,-0.009846236319202006,-0.008703827222007021,3.8357800646871e-07,-1.738952707297514e-05,1.2925255013063186e-05,-1.3431443242950536e-05,-0.00781661589626026,-0.010921941842212846
92600000.0,-0.006688316612500245,0.010366350613594477,-0.012804201029148032,0.0033755891437863283,-1.4489712131082744e-05,-9.99811688062735e-06,-4.024958165038672e-06,-1.844571121623062e-05,-0.013533710709506153,0.0004019592019517404
92900000.0,0.005002276010031892,0.011338125184281012,-0.00433209471175644,0.01259831742795825,-1.6503408517054563e-05,6.690555790278552e-06,-1.7790392467187388e-05,-6.992326944565974e-06,-0.007255552191473669,0.01153761911558604
93200000.0,0.01226544981412303,0.0020813256065110863,0.008098972382276415,0.010657896740468686,-3.515219212879561e-06,1.7657609210353087e-05,-1.5885705659968163e-05,1.1035732504716123e-05,0.005558109537753708,0.012521606299728205
93500000.0,0.008544624602414785,-0.009115570098487069,0.013420293486580803,-0.0007862707944354952,1.2955650686152786e-05,1.2776624896293498e-05,3.494801261716418e-07,1.95593898726365e-05,0.013548985662835022,0.0024003170904336457
93800000.0,-0.002887752966154622,-0.012227587322612976,0.006878976700305017,-0.011626483692793954,1.798492316401612e-05,-3.835029928289657e-06,1.6632392929649686e-05,1.070342994102802e-05,0.009624553206769804,-0.009924449525840373
94100000.0,-0.011871349018237609,-0.004382563119079919,-0.005827067529935448,-0.012283324280787156,6.762938420501463e-06,-1.731602326415782e-05,1.834993018273723e-05,-7.951100585934512e-06,-0.0028304267900729485,-0.013617442268568425
94400000.0,-0.010290011873317795,0.007547059654484656,-0.013551424267886247,-0.0020521616869331183,-1.0865321782294046e-05,-1.5342718638677866e-05,3.649913376979619e-06,-1.989602105423316e-05,-0.012960267855033791,-0.005340607864710023
94700000.0,0.0006464477038878869,0.012855559244201231,-0.009350292729852328,0.010195779843783725,-1.9007984554120227e-05,6.550158970775044e-07,-1.4672965797934978e-05,-1.4273408452503134e-05,-0.011793394432318749,0.007815303082935543
95000000.0,0.011188993746044318,0.006567038550457482,0.00330060193696724,0.013570302589272387,-1.000064684503199e-05,1.643796842909495e-05,-2.0269084726243225e-05,4.310828804587885e-06,-0.00010924409535650881,0.014286241044558778
95300000.0,0.011701369165307618,-0.0057959663965334585,0.013233064691373642,0.004828593445481033,8.35784745556456e-06,1.757267722357625e-05,-7.768712044275983e-06,1.9486934228041264e-05,0.011909160294439225,0.008126623435387614
95600000.0,0.0015758139471602206,-0.013028988088166216,0.011436304434758071,-0.008394283859388452,1.948646219235295e-05,2.6629297740221602e-06,1.2044086052653835e-05,1.7483069701729193e-05,0.01348265454844988,-0.005413806712965652
95900000.0,-0.010066697446254658,-0.008504285809280532,-0.0006440655711310583,-0.014250924340245774,1.3029413483744978e-05,-1.4995091016878348e-05,2.146898159988142e-05,-3.3270177368649456e-07,0.003023766093860125,-0.014301351902020087
96200000.0,-0.012689735362767962,0.0037479125073645037,-0.012264472816719163,-0.007416587414809328,-5.4610684060985015e-06,-1.9295543541630877e-05,1.1749200667654502e-05,-1.824532786365296e-05,-0.010240309023684446,-0.010532769512948903
96500000.0,-0.003873355708366333,0.012718011032546883,-0.013049656268178111,0.006090615992974335,-1.9309854026261508e-05,-6.057510209878103e-06,-8.756742595872335e-06,-2.009659572799194e-05,-0.014524764696403736,0.0026271373994575242
96800000.0,0.008536818897830756,0.010292455543179813,-0.0022256066417085663,0.014310343209245957,-1.5790600518900133e-05,1.2951337412303587e-05,-2.179262759474665e-05,-3.899818291408508e-06,-0.005975922511961329,0.013585303504356716
97100000.0,0.013378870662254627,-0.0014849353248678199,0.010717384905452931,0.00988733190682467,2.204373139441662e-06,2.0492483483458557e-05,-1.5487877462305732e-05,1.6125593331306476e-05,0.007972916783412387,0.0126361514458182
97400000.0,0.006138748902541735,-0.012083764824680543,0.014288367217265119,-0.0034325391959981744,1.852454063880349e-05,9.462773095769705e-06,4.87356111120163e-06,2.205188072457176e-05,0.015051327210324317,0.00045019965979520293
97700000.0,-0.006795191304615145,-0.011827034954947635,0.00511674846571708,-0.013900518407496065,1.8220708744770553e-05,-1.0423108255164237e-05,2.12682967959954e-05,8.253935256608003e-06,0.008838138060795586,-0.01234549883258751
98000000.0,-0.013690561596686024,-0.0007790143161798824,-0.008803392720491132,-0.012048551969158439,1.2435862780380003e-06,-2.113852503482505e-05,1.884196051027409e-05,-1.3265522452954315e-05,-0.0053844426924349875,-0.014324985833070514
98300000.0,-0.00816506379471349,0.011085608643043088,-0.014999817814175032,0.0006731966391129163,-1.7165171243727073e-05,-1.2692528225777266e-05,-6.238861731400203e-07,-2.325796845470407e-05,-0.015005355528625586,-0.003502246670251452
98600000.0,0.004834851737829382,0.012933489027815881,-0.007770562434835426,0.012932563515121842,-2.0156301574286717e-05,7.503839830835801e-06,-1.9899105709209053e-05,-1.2458306685392273e-05,-0.011303030339341547,0.010595849768762378
98900000.0,0.013499772550265021,0.0030342416317807874,0.006497627479213008,0.013677255784898534,-4.752869651514224e-06,2.1125556771472986e-05,-2.156273146365628e-05,9.770415499321672e-06,0.002547817188670365,0.015347204300283579
99200000.0,0.009949696347206327,-0.009651022889912042,0.015029498143832143,0.0021712224564396365,1.5193040806271707e-05,1.561632106739097e-05,-3.813678910072338e-06,2.3546512716077217e-05,0.014220551386458169,0.006432246806397757
99500000.0,-0.00262354753505889,-0.01363823397278452,0.010167499567728555,-0.011332848262497919,2.150371756449998e-05,-4.215209800761954e-06,1.762812317190887e-05,1.631694765036329e-05,0.013295706999464585,-0.008259488642252677
99800000.0,-0.01287426691300908,-0.005296387822198767,-0.003794799268000304,-0.014789450177772778,8.270447808378378e-06,-2.0422488810289963e-05,2.350036571886066e-05,-5.6882468966179545e-06,0.0005489348550540285,-0.01568945575820635
100100000.0,-0.011519135352941134,0.007887460970650295,-0.014455243633115344,-0.005071320379840927,-1.2644928128541927e-05,-1.8189033311966085e-05,8.328341801238509e-06,-2.2862773532583702e-05,-0.012764311117543059,-0.009231777306240474
100400000.0,0.00029327695914815877,0.014001064610823732,-0.012287204316919542,0.009245270760132485,-2.2262071115077692e-05,6.446676872329249e-07,-1.4512635847601513e-05,-1.9719684504870827e-05,-0.014836721079227289,0.005475963458124511
100700000.0,0.01191753049643296,0.0074323492937224955,0.0008854031093292747,0.015413136483601875,-1.1692258301741754e-05,1.9093913138590324e-05,-2.460841736392355e-05,1.166879381120367e-06,-0.0037281037198795275,0.015438802586714928
101000000.0,0.01276278397632069,-0.005937407462852207,0.01337532208192016,0.007826493444326843,9.650056752151526e-06,2.032949593866462e-05,-1.2734624122039129e-05,2.126512396660729e-05,0.010803323878356252,0.011732969635829704
101300000.0,0.0019922194135801874,-0.013949383053713404,0.013959739961364903,-0.006835834788532225,2.240468483821756e-05,3.0363969472091412e-06,1.0720710338529837e-05,2.25099596828926e-05,0.015813603639962537,-0.0024762256822441486
101600000.0,-0.010596687846820885,-0.009281596999528574,0.0020224597774785025,-0.015439702688269108,1.4841031237139424e-05,-1.71805323363472e-05,2.4816478670655617e-05,3.549001032610022e-06,0.00673245411491763,-0.014565446368806079
101900000.0,-0.013546061787778285,0.003794582534240476,-0.011751896971766485,-0.010226057147889378,-6.3060955429739e-06,-2.1892172418436218e-05,1.6770803485416375e-05,-1.8797269453862953e-05,-0.00838973019656919,-0.01369912436646814
102200000.0,-0.004236729591994504,0.013387851763141612,-0.01501128679722541,0.004121815656873196,-2.1843734926002556e-05,-6.703870051527616e-06,-6.398774391680462e-06,-2.4474354720194214e-05,-0.016048965346996624,-0.0006345489400274573
102500000.0,0.008855132169934166,0.0108729550387352,-0.00489250091822413,0.014757746663249804,-1.760689738786181e-05,1.4657542311002913e-05,-2.4007590217756114e-05,-8.25761113532053e-06,-0.00945135427105015,0.01296793452138445
102800000.0,0.013945055435549136,-0.0014272411364117943,0.009538716668139102,0.012259526336450222,2.6338631983480187e-06,2.2818925546008728e-05,-2.024727247337821e-05,1.545249896972578e-05,0.0054861327523596515,0.015064480543330205
103100000.0,0.00646926547128146,-0.012449741830494077,0.015495923368327169,-0.0011011135451610699,2.059477418286937e-05,1.032570685577383e-05,1.62440208106851e-06,2.5500231263020368e-05,0.015558115443724319,0.003866427178323306
103400000.0,-0.0068779686646962546,-0.012255079718968886,0.0077199518357602415,-0.013505833489702468,1.9986420889267498e-05,-1.1613470920046609e-05,2.2185996204043823e-05,1.2854397966943765e-05,0.011916616911371136,-0.01075273344392258
103700000.0,-0.014042484046939308,-0.0009462733197409534,-0.006953510669134744,-0.013955572391395776,1.2280775092132767e-06,-2.3166644210981246e-05,2.310169911354243e-05,-1.1353254104395916e-05,-0.0022711982621146376,-0.015926990991928847
104000000.0,-0.008463776411609558,0.011252671291970273,-0.01550458718472214,-0.001957775732464029,-1.878761076851143e-05,-1.3750576108417789e-05,3.399529531544765e-06,-2.562469639100229e-05,-0.014529176719086934,-0.007009385964579451
104300000.0,0.004803845042758326,0.013218220393881097,-0.010227020585709568,0.011843778550968409,-2.185438378143889e-05,8.239786180030961e-06,-1.9513391336045682e-05,-1.711984104746378e-05,-0.013934817478300943,0.008192935912816779
104600000.0,0.013659613025026829,0.0031910732056701363,0.004206153746252994,0.015067248657047116,-5.058549882946961e-06,2.2863461798916518e-05,-2.516556521961477e-05,6.769585294996716e-06,-0.0009303586760012195,0.016147628643935263
104900000.0,0.01011738574183596,-0.009649862190485692,0.01484614906497228,0.004833694839831537,1.640997449045556e-05,1.6770187963199845e-05,-8.347424219096178e-06,2.4778022142069034e-05,0.01289142332354487,0.00973785960596274
105200000.0,-0.0025053821463032477,-0.013714547159636936,0.012227657356682187,-0.009637566241096351,2.3055008531003285e-05,-4.566784756576681e-06,1.602971908076789e-05,2.0744778766346172e-05,0.01523101253133774,-0.005270732049638127
105500000.0,-0.012814445799932628,-0.005436280727920462,-0.0011971355837658848,-0.015482583004526873,8.819412382288228e-06,-2.1830106459397314e-05,2.621315578504868e-05,-1.8206662590891654e-06,0.00412321675196381,-0.015537278945586763
105800000.0,-0.01158280973895387,0.007720601932092563,-0.013501666747693264,-0.007630013031587168,-1.3459959352590811e-05,-1.9379360967519688e-05,1.3082762196553466e-05,-2.2857363734196667e-05,-0.010549146312513358,-0.012094037580752115
106100000.0,0.00010511401937662868,0.013934757607430015,-0.0138694744357295,0.006954358046655784,-2.3649186342289408e-05,6.478060305958877e-07,-1.1753539061909457e-05,-2.3647761641321097e-05,-0.015928854411285442,0.0019619426398378437
106400000.0,0.011736867301394227,0.007541510702537835,-0.0019502044362909032,0.015421234016116614,-1.2439433784372511e-05,2.020761295851159e-05,-2.627619966205641e-05,-3.3952227016520453e-06,-0.007302995860690942,0.014322832574251265
106700000.0,0.012726219893160362,-0.005720650907420577,0.01176763815474402,0.01020951330828268,1.0148644065788304e-05,2.1528806965598335e-05,-1.7494930051431545e-05,2.0031181966917444e-05,0.007824029510750563,0.01409339489119077
107000000.0,0.002139650717680297,-0.013767220668199798,0.015041329066050935,-0.004146632938386574,2.3638389287317096e-05,3.2674804124610546e-06,6.970407207984586e-06,2.5775476906630956e-05,0.016100015473611506,0.0013533944762116334
107300000.0,-0.010339673350252099,-0.009276061129426694,0.00486781751853016,-0.01482197197587709,1.567331445107012e-05,-1.8056269613264675e-05,2.5406187832366367e-05,8.532210277856223e-06,0.010083956923018889,-0.012643137576858976
107600000.0,-0.013367004310786967,0.003576042294326953,-0.009632392429971048,-0.012235749635166826,-6.5796870410972375e-06,-2.3018447549372212e-05,2.1252887473899307e-05,-1.6464248039138596e-05,-0.004903285588063966,-0.015396050323147392
107900000.0,-0.004309678250564275,0.013093213912384272,-0.015477172838217257,0.0012281094902704126,-2.2893619521513475e-05,-7.0658275030943685e-06,-1.9242937869257126e-06,-2.6880078736191138e-05,-0.01548405397186059,-0.0044822841030054406
108200000.0,0.008562908363025201,0.010748814818256847,-0.00755587984190953,0.013507232078524112,-1.8438995112390888e-05,1.5321135868440194e-05,-2.34771148606705e-05,-1.333261137714814e-05,-0.012319256640907383,0.010322152425018771
108500000.0,0.013656770781061311,-0.0012691034529410672,0.006998898289836575,0.013763166482320344,2.7519829874367296e-06,2.3831456787970495e-05,-2.416001344357488e-05,1.2148490314611848e-05,0.0016708766308255463,0.015944746444191082
108800000.0,0.006404415637355498,-0.012109251742941751,0.015312662625227347,0.0018482232554788425,2.1479069011176577e-05,1.0730606725406489e-05,-3.3196783868483237e-06,2.6884549687355985e-05,0.014133118827977853,0.007525104428466989
109100000.0,-0.006636219487212713,-0.011964572089638636,0.010053405293398043,-0.011697391138127955,2.0741617345498842e-05,-1.2139447694181627e-05,2.055366879011311e-05,1.772793329068989e-05,0.014141624618758897,-0.007510508643264302
109400000.0,-0.013621146947421892,-0.0009599481962965228,-0.004150286023893557,-0.014861496671045415,1.1535592507883052e-06,-2.402420542146899e-05,2.6214941403923664e-05,-7.268081094302659e-06,0.0016624091374097816,-0.01593875485998808
109700000.0,-0.00819962653998374,0.01086447357174336,-0.014670176617201491,-0.00477726727271488,-1.9511820506856736e-05,-1.4078584923193915e-05,8.51718644645505e-06,-2.5901109381720744e-05,-0.012320784630993842,-0.010263954493524352
110000000.0,0.0046219156299400765,0.012737452547483485,-0.01207984775557236,0.009565091566969386,-2.2435616857996443e-05,8.675388892598335e-06,-1.686759500751922e-05,-2.1490240981414388e-05,-0.015376149511297399,0.004534083531595456
110300000.0,0.013123983420229024,0.0030547874325037583,0.0012837883505483205,0.015311951419320735,-4.957659567761397e-06,2.3514627065512883e-05,-2.7274038210456375e-05,2.137175004524039e-06,-0.004763027000606712,0.015276771693336855
110600000.0,0.009665748059234147,-0.009269598921662237,0.013408701980822002,0.007376992289820805,1.6976931255241468e-05,1.6954876123520535e-05,-1.3339481518270802e-05,2.390681637232106e-05,0.010020769037552668,0.012409761047706525
110900000.0,-0.0024618717609854457,-0.013079367342797354,0.013508142477235197,-0.007037274236509461,2.3424044214293005e-05,-4.961934162661663e-06,1.2509414604622293e-05,2.4351637952779726e-05,0.015819974865365793,-0.0014142713087323955
111200000.0,-0.012221722009087443,-0.005065444369918737,0.0016372389126217968,-0.015067938656599722,8.614523676064856e-06,-2.2279855312223873e-05,2.71874642858716e-05,3.0881923165360092e-06,0.007607588624196637,-0.013859056430831629
111500000.0,-0.010867365547738927,0.007415403124738873,-0.011563988660611813,-0.009689436186931744,-1.391874899825396e-05,-1.933971116852007e-05,1.7636747889349103e-05,-2.0889074964891563e-05,-0.007222517130614392,-0.013984415099955072
111800000.0,0.00026067177081756654,0.013084280037489293,-0.014422997534168758,0.004208977402868186,-2.3742487217148778e-05,1.08284527344793e-06,-7.578118063400474e-06,-2.6238890580732033e-05,-0.01557191362135768,-0.001810478752119593
112100000.0,0.011040076552788491,0.006897913849741144,-0.004499170863596191,0.014276532741618553,-1.2040617139774668e-05,2.0420727582681764e-05,-2.6002837615335395e-05,-8.259409756572467e-06,-0.010161503330095911,0.011865672963892848
112400000.0,0.011741463234287153,-0.005448936825089845,0.009340789737507293,0.011627385326718809,1.049052752766233e-05,2.1188212175005106e-05,-2.1287997139518566e-05,1.7018801662160854e-05,0.0041623033938975595,0.015004859406971605
112700000.0,0.0018324916629808286,-0.012730002857225031,0.014798050972856913,-0.0013153311492288822,2.3409285987985307e-05,2.7873325487703937e-06,2.327285430370196e-06,2.7124822792323755e-05,0.014726945287279136,0.00489378385384498
113000000.0,-0.009593794414413992,-0.008421894345090664,0.007076708946485155,-0.012984840595265723,1.5078878377261518e-05,-1.8021455524319663e-05,2.3819350753795376e-05,1.3110233426427698e-05,0.012219648446460951,-0.009466402153677222
113300000.0,-0.012191991694848525,0.0034055747772328004,-0.006846650638095753,-0.01301421805858638,-6.822347198287559e-06,-2.2393966661482523e-05,2.4089660848103378e-05,-1.2509447433473042e-05,-0.0010535379103515652,-0.015346071854395404
113600000.0,-0.003784997933877321,0.011958891373609504,-0.014528957252593955,-0.001509449602707491,-2.238481451077856e-05,-6.508532875759698e-06,2.967791403740705e-06,-2.692314217878078e-05,-0.013252865331978114,-0.007626195561797999
113900000.0,0.007854884349356439,0.009630392537133048,-0.009251546082694517,0.011160465906698391,-1.7618990874601614e-05,1.5102574496328458e-05,-2.068272512245617e-05,-1.7377958523745463e-05,-0.0136233464206299,0.006703802230518363
114200000.0,0.012252640323012542,-0.0012680334203452048,0.004096416732387809,0.013784092246865498,2.967404103326743e-06,2.2906740416051008e-05,-2.5862097933093686e-05,7.508107591203128e-06,-0.0020293419262813472,0.014929302902302766
114500000.0,0.005626352292978254,-0.010847923664258019,0.01362026156013485,0.004244408643316433,2.0689787320282704e-05,1.0034374961609416e-05,-8.12458027621421e-06,2.5579119730778643e-05,0.0111517156972738,0.009954610915116291
114800000.0,-0.005933313657891404,-0.010584414711146906,0.011040513066788549,-0.008871568618403103,1.9659875453714726e-05,-1.1743629906302289e-05,1.666151857537823e-05,2.092355794802714e-05,0.014386330632930822,-0.003632595018473239
115100000.0,-0.012025030866318787,-0.0008401142052747446,-0.00119296339052255,-0.014023613317192485,9.66837446214619e-07,-2.2795529337038545e-05,2.6574849108729204e-05,-2.161704165892786e-06,0.005026480830188973,-0.013857577217933681
115400000.0,-0.007241062231834405,0.009535053981011288,-0.012237755114149707,-0.006792688534915214,-1.846608068700739e-05,-1.3268688578094157e-05,1.2990792126910122e-05,-2.319981367593371e-05,-0.00860790469035777,-0.011864563745945134
115700000.0,0.003986806162338041,0.011193084980732237,-0.012390888127157496,0.006346958936944702,-2.1150880316289644e-05,8.139169735965623e-06,-1.1983243099256136e-05,-2.366535181685947e-05,-0.014575367582615684,0.0004835341747337907
116000000.0,0.011448656963580106,0.0027651261813304018,-0.0016079425619537346,0.013746090606318262,-4.769869603182819e-06,2.2072778568471563e-05,-2.62694436967692e-05,-3.2389745658889524e-06,-0.007710307932889293,0.012287357626760809
116300000.0,0.008502927594484788,-0.00798316923093978,0.010458396380037982,0.008915121594810671,1.5784030549914618e-05,1.6026312307904078e-05,-1.7289919886920302e-05,1.9960665353924156e-05,0.005845367242649502,0.01317804605834283
116600000.0,-0.001984305805905251,-0.011373872421415854,0.013116298996948217,-0.0037008767840944756,2.196472415150197e-05,-4.390856692459977e-06,6.921811552706991e-06,2.541223277008342e-05,0.014088760261770972,0.002497621719854237
116900000.0,-0.010488613390961632,-0.004553822514239414,0.004196573928595626,-0.012834583569301117,8.348096971921848e-06,-2.0682439385577567e-05,2.4880169095520266e-05,8.391548820707584e-06,0.0098669737698458,-0.010190794800578828
117200000.0,-0.009493423756637753,0.00619605648269328,-0.008226385779877887,-0.010549812452296692,-1.264896503461177e-05,-1.8261129770991147e-05,2.0772179042727323e-05,-1.5916204840316084e-05,-0.0028790996971466143,-0.013756823178994182
117500000.0,-5.005133787960858e-05,0.01125238023793429,-0.013233044183209586,0.0009087343209017718,-2.2129333382081562e-05,5.359884607258891e-07,-1.6032215464090172e-06,-2.6031720948171966e-05,-0.012882955773804383,-0.005301868250015218
117800000.0,0.009311261873904186,0.0061829980915177885,-0.00660708966010759,0.011390886405052925,-1.1671113486544371e-05,1.8731517245296203e-05,-2.2418299636006722e-05,-1.317433340641827e-05,-0.011543121435252601,0.0076073909750107305
118100000.0,0.01020720514972595,-0.004365382604959223,0.005710981090018663,0.011777583590401264,9.228827410279195e-06,1.9984769763059518e-05,-2.3396926308150157e-05,1.1200795243748729e-05,-0.00020607602861844043,0.013736245233516797
118400000.0,0.0019221653958823026,-0.010848018233104995,0.012888732714102957,0.0018297993348710406,2.171792048599741e-05,3.2319753602294554e-06,-3.7755751014501016e-06,2.5615337505779934e-05,0.011186725133072173,0.007849299167830281
118700000.0,-0.00795541802223454,-0.007479394780006032,0.008652770860706482,-0.009625114699559845,1.4561174821237088e-05,-1.635209987993491e-05,1.911511998264892e-05,1.7407165414873305e-05,0.012708614760782666,-0.00483371486174633
119000000.0,-0.010508480119085561,0.0025337233292219707,-0.0031570942088592346,-0.01245960950578251,-5.69034723918449e-06,-2.1069001652662678e-05,2.5071586520653e-05,-6.146486631219972e-06,0.0030932856908805206,-0.013159500948731306
119300000.0,-0.0036062235133158538,0.01006764762689727,-0.012007271331896163,-0.004277113134307342,-2.0667475648439293e-05,-6.749570165887064e-06,8.854475866515443e-06,-2.4195793735248827e-05,-0.009110426234769875,-0.009856103796082039
119600000.0,0.006363348387409928,0.008452308589582458,-0.01014578862941562,0.00751399396553154,-1.6897312199892767e-05,1.353942153814458e-05,-1.5120091503062483e-05,-2.0783854812744806e-05,-0.013153986500469728,0.002013450442376552
119900000.0,0.010451489644481171,-0.0006621269749018666,0.0005635553496858847,0.012486556915931146,2.0602684005499583e-06,2.1463152370504446e-05,-2.5607429047447283e-05,9.67521160077922e-07,-0.005655302902994208,0.01190694835611339
120200000.0,0.00514236159092718,-0.009008263891345791,0.01056331735145477,0.0064526384356895505,1.9005030237329024e-05,9.99562647363561e-06,-1.3432047552663917e-05,2.172556776836032e-05,0.006609218313968768,0.011259865546691117
120500000.0,-0.004661027890946912,-0.009159403083799589,0.011159385935116006,-0.005096921114542852,1.869864361569995e-05,-1.0382993170576782e-05,1.0503118250237975e-05,2.319226701441579e-05,0.012911609457518125,0.000863073990956309
120800000.0,-0.010118572685286154,-0.0011155882652786886,0.002002611171874946,-0.012003433894747673,1.5421183177100062e-06,-2.124717504026208e-05,2.5030562084804586e-05,4.211507442342111e-06,0.007916456856804643,-0.010106749034491713
121100000.0,-0.006410834922789377,0.007772482367890632,-0.008767320215213203,-0.008303803895529427,-1.687078582790491e-05,-1.2860447537565989e-05,1.7408747840397254e-05,-1.8373350592071347e-05,-0.0038784886001934638,-0.012141715041437351
121400000.0,0.0029570109282417434,0.00951095351555864,-0.011688052475875566,0.0026209014199594094,-1.9898280638308563e-05,7.0616702054771e-06,-5.533429950466129e-06,-2.4626893072809963e-05,-0.01213878723177686,-0.003581732504422064
121700000.0,0.009455297554254116,0.002704223595252131,-0.004299784179323751,0.011063913737785924,-4.934775996501273e-06,2.041342507519417e-05,-2.3463724221572946e-05,-9.09511859070733e-06,-0.009695799534028993,0.007981943357322052
122000000.0,0.0073474003563802626,-0.006334624495877961,0.006719961087284787,0.00963535606293675,1.4311074337358676e-05,1.5196446637055772e-05,-2.0544165198810305e-05,1.4377606032400791e-05,0.0011702366440999867,0.012391628630012974
122300000.0,-0.0012387630670644967,-0.009483494682740456,0.011609248202987033,-0.00020181243820616146,2.0410486087696356e-05,-3.651128300585782e-06,5.101720110811669e-07,2.496312814637136e-05,0.010807417067169922,0.005911941304511004
122600000.0,-0.008477536438491029,-0.004122187287343593,0.006236854217036125,-0.009621230594014207,8.047936935984268e-06,-1.8946230792682428e-05,2.09177647876313e-05,1.3402091564529428e-05,0.010830577987889,-0.0055674000684646785
122900000.0,-0.007992110866354096,0.00473745700612227,-0.0044293688066545656,-0.010414773165102531,-1.1366756017094914e-05,-1.6973448154544712e-05,2.2650000292667727e-05,-9.856863276702654e-06,0.0014593246161496154,-0.01194091197171332
123200000.0,-0.00044359923874992546,0.00914582212773496,-0.010964566108199847,-0.002134613099272542,-2.026525323839401e-05,2.1810567352176236e-07,4.405615434910359e-06,-2.4150978215509156e-05,-0.008939679342589102,-0.007825293133720379
123500000.0,0.007278847880854755,0.005332432680383192,-0.007811103017886012,0.007782538174978981,-1.0826515174588991e-05,1.6936173526271858e-05,-1.748092446218763e-05,-1.7008516752348157e-05,-0.011359149351406472,0.0029445793331248638
123800000.0,0.008335803099569716,-0.0030856286762741547,0.0020381926812831352,0.010692195873126309,8.169024968474048e-06,1.8179995006750715e-05,-2.370569608189932e-05,4.991887212035806e-06,-0.003918590196349214,0.010909397251971598
124100000.0,0.0019930306930433517,-0.008521269922447061,0.00986582996837626,0.00425177291621992,1.9510696110947023e-05,3.0993383135502484e-06,-9.016428317298875e-06,2.2302830644971294e-05,0.006721870650025608,0.009269776320969925
124400000.0,-0.005908270692330575,-0.006262862358781263,0.008930973102707185,-0.00570628065662504,1.3161860184185414e-05,-1.4485774985306676e-05,1.3381011783053509e-05,1.9780045888317943e-05,0.01130235600427909,-0.0003265355649944013
124700000.0,-0.008341396016845692,0.0014382287248722037,0.00028197643335658995,-0.010444401785790092,-4.850528943167731e-06,-1.8763540729604955e-05,2.369666005508364e-05,-6.71655184802944e-08,0.006018392003227291,-0.009396306925509634
125000000.0,-0.0033594864745651876,0.007607061371544432,-0.008357976780303034,-0.006004922156918724,-1.8158556661429515e-05,-6.173486686300578e-06,1.3060795253094781e-05,-1.9537780549416794e-05,-0.004307874517309074,-0.010124026207890324
125300000.0,0.004385917640433945,0.0068885326966565685,-0.009510911802877331,0.0034822287107800776,-1.4965126785115856e-05,1.165794622037808e-05,-8.837448476572973e-06,-2.1551233278405135e-05,-0.01062845278111979,-0.0021224057973725508
125600000.0,0.008016681553087324,0.0001802337654126518,-0.0024347432030964455,0.009658213634267554,1.4951909288463128e-06,1.869546804211808e-05,-2.259434675089267e-05,-4.666462092739465e-06,-0.00763276598068785,0.007451542733917904
125900000.0,0.004533671385374305,-0.006440415743121264,0.006489355311529721,0.00733078580718427,1.6241981809494987e-05,8.936698725037218e-06,-1.6336839707919992e-05,1.5958501043744633e-05,0.0017941814222268704,0.010336335378738681
126200000.0,-0.0027653364835060756,-0.007229767741961268,0.009548238255717933,-0.00118884433024391,1.6217134822804624e-05,-8.528709708688353e-06,4.033532351677138e-06,2.2232931533139322e-05,0.009370053253206834,0.004309151459935379
126500000.0,-0.007416203960545431,-0.0017183605782165046,0.004352897512120535,-0.008397252123373278,1.8111937594156302e-06,-1.8021568823911593e-05,2.0447120714806033e-05,9.02337754249416e-06,0.008719566747174667,-0.005172460991630601
126800000.0,-0.005484009195541262,0.005103518615975133,-0.004371918575529321,-0.008210638053604669,-1.3867209542439696e-05,-1.1329765412959603e-05,1.873577745947763e-05,-1.1727792942561877e-05,0.0006996851791569725,-0.00994412961651392
127100000.0,0.0011408740446370302,0.007285781684579717,-0.009093120750193862,-0.0010489130657376222,-1.6912810898883635e-05,5.24075095009735e-06,8.166928726627276e-07,-2.18459395759929e-05,-0.007644002003644346,-0.006142805399335316
127400000.0,0.006570569121009839,0.0030888671003950208,-0.005938807833373971,0.006777256720816638,-4.924999534638985e-06,1.6800460315380406e-05,-1.741348964889866e-05,-1.281987373014104e-05,-0.00925780795964215,0.0027266406307902002
127700000.0,0.00614692197170541,-0.0036483703470295836,0.0021611765011471107,0.008605426134216998,1.114483843278613e-05,1.3243419672015477e-05,-2.017596513259612e-05,7.102527213032062e-06,-0.003002381585346825,0.009013639944981833
128000000.0,0.00043141367250143503,-0.0070253641725983584,0.00817630063403385,0.0030750589995562905,1.7000734018113306e-05,-1.927392405232098e-06,-5.431250073240079e-06,2.044756924579616e-05,0.005590969591992234,0.007496858575770204
128300000.0,-0.005478886969285668,-0.004250669556284947,0.007075202551135362,-0.004885923126671798,7.727514675925917e-06,-1.5042577395263379e-05,1.3678722066590154e-05,1.5830710946129756e-05,0.009198824837028496,-0.00029072737954294325
128600000.0,-0.006510838677073139,0.0020924669610806745,3.0810867613695336e-05,-0.008462145344914518,-8.130463594824278e-06,-1.460686774246156e-05,2.055096572650683e-05,-2.340488033603094e-06,0.004952053986386318,-0.007579726323335478
128900000.0,-0.001933404495886748,0.006471838597178703,-0.006812182747637507,-0.004794368318641773,-1.647654631953266e-05,-1.3424203744172303e-06,9.560896002236419e-06,-1.8070878729403717e-05,-0.0033055588980914763,-0.008269628382144845
129200000.0,0.004193949242164763,0.0052026704762013765,-0.0077193742051520076,0.002784788721868381,-1.0172822319187702e-05,1.2807825233274173e-05,-9.387362640778107e-06,-1.78941011954592e-05,-0.008525293863343109,-0.0020259465990619674
129500000.0,0.006603386946949286,-0.0005037209751890259,-0.0021319734724869477,0.007808543501425902,4.926258301507502e-06,1.5426155683950782e-05,-1.9836094493852485e-05,-2.369480019748238e-06,-0.006475171766737731,0.005704042541253784
129800000.0,0.003300563525002076,-0.005683476190334602,0.005093053803491898,0.006164425114178584,1.5410209351696125e-05,4.458743793733788e-06,-1.3055715160303905e-05,1.4831554438821115e-05,0.000895436129141558,0.00846174468561145
130100000.0,-0.0027962230438731694,-0.005900296272820071,0.007888371695784713,-0.0006030254895605935,1.2178872130341745e-05,-1.0221108991181893e-05,4.7512019376583225e-06,1.8969542914692994e-05,0.007324737869367937,0.0041185926694353725
130400000.0,-0.006409260522858062,-0.0010311964339209112,0.0040160413166887565,-0.006730209515410479,-1.6850907229581935e-06,-1.5672330820226676e-05,1.8133509419815397e-05,6.79603354303282e-06,0.007517396600604798,-0.003543620076349896
130700000.0,-0.004458282401742508,0.00467335218045406,-0.003158206862522661,-0.00710001684428363,-1.3832506275512912e-05,-7.276953728929669e-06,1.574721525754441e-05,-1.0958708043240506e-05,0.0014542977125842071,-0.008098798587489853
131000000.0,0.0013165474282885725,0.006295579363005288,-0.007561396741877502,-0.0015000160391522854,-1.3642971361527145e-05,7.3590543552271015e-06,-6.681456010682041e-08,-1.901114824232053e-05,-0.005703644643148209,-0.005825035023512726
131300000.0,0.005913323543353499,0.0024803875550745147,-0.005544458805175623,0.005271298005943947,-1.5002215563164611e-06,1.530494940071847e-05,-1.5536306547048184e-05,-1.0658096448956655e-05,-0.007982172480438976,0.0012579037323305897
131600000.0,0.005390799545082814,-0.0034550591823148125,0.0010943626991064548,0.00751735055359859,1.1765771710692263e-05,9.72354737260872e-06,-1.7447767366007838e-05,6.651673001734082e-06,-0.003578311291363434,0.007169302290201074
131900000.0,0.0002156765283700679,-0.006400883923486589,0.006724802418375475,0.0034325296871173805,1.4540548245012275e-05,-4.287593035279258e-06,-4.430853236314647e-06,1.7970843147807614e-05,0.0037250126152770235,0.007023735632206041
132200000.0,-0.005158925938701486,-0.003816039395559301,0.006659858523676121,-0.003479844102717067,4.552546831959603e-06,-1.4362361694164605e-05,1.2134345734882146e-05,1.3769209681768757e-05,0.007826578335382806,0.0010524648829566274
132500000.0,-0.006088013992581409,0.0020957749026777606,0.0010180830891783899,-0.007421318035770952,-9.30509354590825e-06,-1.1745069562252297e-05,1.8087829682489343e-05,-2.0894695262896334e-06,0.0053884150456724456,-0.005716651223867331
132800000.0,-0.0017242149761500514,0.0062334134830557275,-0.005452173195834575,-0.005121736476496608,-1.4867747647251406e-05,1.1342724199892018e-06,8.552661256544525e-06,-1.5924954193557994e-05,-0.0014963827396314855,-0.007684619833035811
133100000.0,0.004190585113263978,0.004970375502374225,-0.007333832247354621,0.001480903069904116,-7.346268596553074e-06,1.2898901078806091e-05,-8.129081507934899e-06,-1.601203034296006e-05,-0.007103740098003186,-0.003260083071918274
133400000.0,0.006505147153092139,-0.0006578870403259884,-0.0030375526228425542,0.006848665388353936,6.551627926398851e-06,1.3251114908907624e-05,-1.7678211766014584e-05,-2.464789052414318e-06,-0.0067881901044728465,0.0038727600388632766
133700000.0,0.003144473695670058,-0.005778278213600885,0.0038430201879862125,0.0064501398961454015,1.4590780519796454e-05,1.980297140047327e-06,-1.2058258090252849e-05,1.3023597318806424e-05,-0.0008039935445083302,0.0077817741976495824
134000000.0,-0.003020423023571084,-0.005893238343677609,0.007505195144716481,0.0005879742987104919,9.775524673294456e-06,-1.0940132822767623e-05,3.7718806669140292e-06,1.7245247315944567e-05,0.0058725191928914455,0.0051895114354856275
134300000.0,-0.006618592132767276,-0.0008310118435872482,0.004826930741344881,-0.005807248598099335,-3.5737360271070884e-06,-1.4180269525709832e-05,1.6218426929448526e-05,6.732692154454156e-06,0.007653599319240811,-0.0017652253818418728
134600000.0,-0.004449669053869343,0.005042038076080502,-0.001963099275286595,-0.007319924176115933,-1.3708108719256984e-05,-4.975130459161647e-06,1.472689733983401e-05,-9.399931953257834e-06,0.0030205155870390854,-0.007273492136921078
134900000.0,0.0016791398596609497,0.0065742434404008065,-0.007141174671559725,-0.0026342368127991733,-1.1780412822570696e-05,8.540536308832003e-06,7.2412495377705e-07,-1.7371597388127213e-05,-0.004175881649203461,-0.0067082272987804
135200000.0,0.0064441329560338545,0.002329728780971152,-0.006307106911052074,0.004332988624064171,4.6011868670703393e-07,1.4519821994074533e-05,-1.3758679425546205e-05,-1.0502700707348822e-05,-0.007918595158216135,-0.0005054364196013239
135500000.0,0.0056048920382636425,-0.004067439504634507,-0.00010274385888919824,0.0077007784716798255,1.226419019495495e-05,7.759820470187861e-06,-1.6429747753399226e-05,5.2252596463020495e-06,-0.005042195473322408,0.0061805282560598584
135800000.0,-0.00022809981686577885,-0.006999209464581213,0.006278410730928385,0.004560513199596272,1.3301376622365524e-05,-5.792437341334278e-06,-5.1343402387438175e-06,1.6397342964769024e-05,0.002111337320101825,0.007745230398857217
136100000.0,-0.005995793714490105,-0.0037729138089339642,0.007408655681970799,-0.002524042408570182,2.674392507451273e-06,-1.4263056460794843e-05,1.0445578974227487e-05,1.3582831376535154e-05,0.007588180710158099,0.0028020011036744563
136400000.0,-0.006556826253614645,0.0028949284079580195,0.002222057364832608,-0.007581785702075905,-1.0309508619243957e-05,-1.0229968454567029e-05,1.7081736900959044e-05,-7.42563701638943e-07,0.006743219297334235,-0.0045926690594768615
136700000.0,-0.0012761063617574564,0.007138938558334473,-0.00497458890512803,-0.006239707682990314,-1.4274041365336387e-05,2.78901658301578e-06,9.197601256616394e-06,-1.4381216342673753e-05,0.00016822953982398303,-0.008233402027514103
137000000.0,0.005272651098508163,0.005103056757540969,-0.008048225402333742,0.000492852635616714,-5.72231946716073e-06,1.3402101194603944e-05,-6.4682344134148195e-06,-1.5779170667418185e-05,-0.006680740440188515,-0.004953128398923923
137300000.0,0.007262087889813529,-0.0015467121949939155,-0.00426059474119711,0.006947176371845387,7.890656213760394e-06,1.2296609730899632e-05,-1.6619231096193232e-05,-3.787911647012976e-06,-0.007985741789283907,0.0026106556084997123
137600000.0,0.0028009068209513543,-0.006974029364030798,0.003282532051755993,0.007556354132425724,1.465430985003735e-05,3.885274604265021e-07,-1.2667128962640106e-05,1.1408471210838655e-05,-0.002511767458017289,0.008109349831713075
137900000.0,-0.004280706542132862,-0.006293462001401906,0.008163188284029843,0.0016613740656268305,8.598995129283082e-06,-1.194895035672161e-05,2.028258268005345e-06,1.6938989094494872e-05,0.005222783130420794,0.006807139589092515
138200000.0,-0.0077143346612871255,4.6750191934563645e-05,0.0061105459734847045,-0.00580275645220496,-5.06816295908763e-06,-1.3903822817518119e-05,1.5031975626467187e-05,8.120853871584899e-06,0.008667231991438484,-0.00033524144215846263
138500000.0,-0.00431818720312549,0.006526602709527651,-0.0012680398547502136,-0.00843433945783545,-1.4437794261024095e-05,-3.654919706441717e-06,1.5341697410242716e-05,-7.610462835483389e-06,0.004785697509959164,-0.007351888420501496
138800000.0,0.003069817004785591,0.0073274197927801765,-0.007738002703106872,-0.0038425810581088626,-1.1226554619270246e-05,9.956749222883587e-06,2.651644806395126e-06,-1.6977663247708108e-05,-0.0032775290696349657,-0.008250365467269205
139100000.0,0.007920404183650476,0.0015364756547988634,-0.007686506024313644,0.004200996504874155,1.9400900850286007e-06,1.5011081417881655e-05,-1.2383920193759224e-05,-1.2024811338662289e-05,-0.00873947817498788,-0.0021133666568822207
139400000.0,0.005755137105666108,-0.005831719944087155,-0.0009649886376763561,0.008836965009578535,1.363917487529065e-05,6.894140602842214e-06,-1.7067651950863905e-05,3.179793309993073e-06,-0.006861318387748838,0.006000570620983581
139700000.0,-0.0016988682695995294,-0.00814240131720112,0.006806796516897862,0.005930301835061158,1.3503365463574113e-05,-7.495333473439558e-06,-7.315428367515864e-06,1.587986349393944e-05,0.0009634347074864991,0.009198277248266606
140000000.0,-0.007838039861525203,-0.0031323901270035037,0.008892459093317484,-0.0022454315473900976,1.386528547531185e-06,-1.5558195461728985e-05,8.811444088596687e-06,1.5268411895696943e-05,0.008200492886544453,0.004574796498364009
140300000.0,-0.007045530316347026,0.0048693937398986975,0.003268050326624916,-0.008725525072726725,-1.2252564471459948e-05,-9.991964647459994e-06,1.771884179468941e-05,1.6341205186787278e-06,0.008588456275504086,-0.004146476081231754
140600000.0,0.00016342929566803832,0.008691412465598347,-0.005401313934797258,-0.007770036245691614,-1.5340303527899835e-05,4.6075536161982455e-06,1.1678249145052888e-05,-1.3669569049135077e-05,0.0015564827592413621,-0.009559705458805468
140900000.0,0.0074485770386729655,0.004743125768481349,-0.009607870703547405,2.6884117614756065e-05,-4.842287437689663e-06,1.55052527064381e-05,-4.482029141605892e-06,-1.762122525517107e-05,-0.0070462095397800795,-0.006859556775085096
141200000.0,0.008204673797948203,-0.00364990030941037,-0.005523465432588637,0.008040486973548866,1.0295432443463426e-05,1.2883996734158742e-05,-1.7190182846071878e-05,-6.576591983220581e-06,-0.009805003181938332,0.0018698117289126515
141500000.0,0.0015050662052829011,-0.009015545966165384,0.0035276591402748636,0.009259436153070233,1.6708647124996645e-05,-1.357958980596763e-06,-1.548507951332212e-05,1.0394279965186826e-05,-0.004150889734958696,0.00924318766687815
141800000.0,-0.0068244717495389295,-0.006329441416734305,0.009783515644357976,0.0024023996644304546,8.340829287245555e-06,-1.4878988243038904e-05,-4.3050244080689026e-07,1.8915477802083913e-05,0.005273119607011267,0.008837351712861263
142100000.0,-0.009199815074566686,0.00227368223770702,0.0076698197140530056,-0.006806247683528166,-7.852448246303823e-06,-1.5493945680677967e-05,1.5459183854371616e-05,1.141855258257607e-05,0.010434803571840234,0.0007599069042557582
142400000.0,-0.0031895802139132456,0.009098887516823861,-0.0012800995546911054,-0.010369603017324813,-1.75701495823688e-05,-2.126475831421004e-06,1.8543197910503295e-05,-6.184990394508816e-06,0.006719342479158286,-0.008262214051694805
142700000.0,0.005969483687223942,0.007773629475805954,-0.009454905994729756,-0.004904878907527888,-1.1741550844934778e-05,1.3694076162806823e-05,5.686417976047409e-06,-1.9075304712901087e-05,-0.0029898055902322085,-0.010431347326482765
143000000.0,0.009928156246772346,-0.0007584106746731933,-0.009566424086358438,0.005133612268759968,4.98804872517411e-06,1.7700043568158463e-05,-1.2608257775603704e-05,-1.5894009152361832e-05,-0.010472356049220366,-0.003565572627518776
143300000.0,0.004871149243555806,-0.00886407815210255,-0.0011694492838927317,0.010996315807577872,1.784769045531931e-05,5.7518159246594536e-06,-2.06521348777855e-05,1.2700424159017842e-06,-0.009065476479349854,0.00670648598962309
143600000.0,-0.004834152776950873,-0.009070914414055053,0.0085794752383066,0.007282219486890895,1.4951921090577969e-05,-1.1928964672724973e-05,-1.0973732890828813e-05,1.803496941255034e-05,0.00037239305501657327,0.01148050613902285
143900000.0,-0.010412499090818983,-0.0009234726385525249,0.011032092742070176,-0.0030434404690655725,-1.7288956741801087e-06,-1.9442804487956877e-05,8.72871604151726e-06,1.9698401743317717e-05,0.009832468474144207,0.00632345270691026
144200000.0,-0.006567551653702708,0.00836848252831679,0.0037592560686192655,-0.011013244822962065,-1.75370857933288e-05,-9.466281411185662e-06,2.1603311129769764e-05,4.1350533892536845e-06,0.010973616978660061,-0.004578544790314609
144500000.0,0.0035086927808549717,0.010243278908635745,-0.007104830685960906,-0.009471172941660555,-1.7926272794177578e-05,9.640557845580489e-06,1.6029977074172308e-05,-1.5737248614478005e-05,0.002510154750922311,-0.011830510977469899
144800000.0,0.010690087194333842,0.0026588774316333996,-0.012044794554483929,0.0005513392180276355,-1.8194919593206293e-06,2.071184608398724e-05,-3.91746214178923e-06,-2.2617682792880345e-05,-0.00845458959922496,-0.008945549220472415
145100000.0,0.008158039692204966,-0.007668973530942758,-0.006434454989147298,0.010470969697045973,1.6680871682162035e-05,1.3142420962841683e-05,-2.1311855654460032e-05,-9.830463875593054e-06,-0.01239378024992277,0.001911805667933919
145400000.0,-0.0020657613225978366,-0.011178183050826185,0.0051632564083803345,0.011419065683812235,2.0547566120132643e-05,-6.924685924891705e-06,-2.0640231968460654e-05,1.2264557406771459e-05,-0.005562534528635865,0.011516089775806648
145700000.0,-0.010668390021692176,-0.0043702365557996,0.012593686785308478,0.002145311539720751,5.525014770135783e-06,-2.1428275025492383e-05,-1.5938759054812124e-06,2.4516169282451372e-05,0.006477898049524811,0.011327740956298182
146000000.0,-0.009574560779327612,0.006697438332628591,0.008969515817625506,-0.009424343687275183,-1.5252738723603443e-05,-1.6640848352178494e-05,1.9789420179439077e-05,1.5503866781063635e-05,0.013268324630018924,0.0010646559160849556
146300000.0,0.0004577547516788627,0.011830425245965219,-0.0028748161366110025,-0.012917165671529451,-2.2700827156274528e-05,3.8044202881337696e-06,2.4507255192318667e-05,-7.793814067680316e-06,0.008510024385699921,-0.01056390518838507
146600000.0,0.010333018900254842,0.006095150308769615,-0.01252468619631486,-0.0048862763092587524,-9.334720512121919e-06,2.15258987128486e-05,7.502193948294433e-06,-2.5201949090059017e-05,-0.004020002396558198,-0.01320858870678343
146900000.0,0.01085806601479078,-0.005470327455479929,-0.011205329220700833,0.007791987506076126,1.3244683313207162e-05,1.9907998574542063e-05,-1.700301665286119e-05,-2.0809294682289092e-05,-0.013402441364732454,-0.004169669661131081
147200000.0,0.0012759757889426737,-0.012255985478506926,0.0002231622344055495,0.013851058219346069,2.4361360519531416e-05,-3.2159431562206464e-07,-2.7341629892152497e-05,2.4491600387754886e-06,-0.011160175199108835,0.008875102462310824
147500000.0,-0.009761164500275754,-0.007784782535419588,0.011799002879286036,0.0076533851782727425,1.318017497720092e-05,-2.10291192146439e-05,-1.3583174617526339e-05,2.4523702715884e-05,0.0010731518949143037,0.014443541094114387
147800000.0,-0.01196494262345027,0.004084835889153204,0.013131833078134036,-0.00561831247394462,-1.073484038505157e-05,-2.287939331124811e-05,1.2974986825842194e-05,2.5515108374563056e-05,0.012744897914245712,0.0073571456603387375
148100000.0,-0.0030262121474748938,0.01242794630070243,0.002682694529838159,-0.014258623831628903,-2.5496749135545116e-05,-3.4040847793903595e-06,2.90013537642686e-05,3.596369345437722e-06,0.013469598483425216,-0.006507354570554291
148400000.0,0.008947406714881367,0.009329776519488409,-0.01052555253541243,-0.010311736926342796,-1.692480067649882e-05,1.9954406518474244e-05,1.9587134277632146e-05,-2.2496660548876335e-05,0.0022161593168448235,-0.015047752976287576
148700000.0,0.012797333871858996,-0.0025539012589761434,-0.014634127929866736,0.00308143077417089,7.789041878591974e-06,2.5430553612482143e-05,-7.892410531784577e-06,-2.939506417964921e-05,-0.011404677822255849,-0.01044098880438682
149000000.0,0.004771495286945537,-0.012267300778693091,-0.005621793677846654,0.01408266253817847,2.6018272707428736e-05,7.273052459844109e-06,-2.9375633695316594e-05,-1.0027754236308084e-05,-0.015274234092856886,0.0036654463572614038
149300000.0,-0.007832049584337142,-0.0107133824789587,0.008721759761371572,0.012639451154212722,2.04616347039277e-05,-1.8259389316099828e-05,-2.5158974919836652e-05,1.9177886124044363e-05,-0.005579799497169802,0.01493211494498553
149600000.0,-0.013355576250148715,0.0008304080454943907,0.015532516171887778,-0.00026407151802665396,-4.4053316572423284e-06,-2.7475436007451393e-05,1.974945317506638e-06,3.2155967981228883e-05,0.009393622718732786,0.013145580791901867
149900000.0,-0.006558188504897089,0.011799196686781421,0.008478156107514678,-0.013214982464129221,-2.5881942905758848e-05,-1.1267370792600317e-05,2.831434150252221e-05,1.652397386409099e-05,0.016350846331945945,-0.00045237822138055606
150200000.0,0.006465999455230076,0.011994325149755625,-0.006356118935030963,-0.01453079736588947,-2.3781296961011833e-05,1.594946320948587e-05,2.997250906089377e-05,-1.459259700187232e-05,0.008865596165492207,-0.01396860640241293
150500000.0,0.013720856028498929,0.0010146051742552231,-0.01577126852888,-0.002809731326342657,6.300558443861348e-07,2.9040408401570517e-05,4.604933627305741e-06,-3.356444025737204e-05,-0.006689390300948617,-0.015328877892150317
150800000.0,0.008304901314119206,-0.011130964137816335,-0.011212893949732461,0.011672004198249653,2.516705976240985e-05,1.5320634721316395e-05,-2.574265413723964e-05,-2.2844595725768357e-05,-0.01662312925654419,-0.0030746193592001703
151100000.0,-0.004978570467642385,-0.013091000308907752,0.0035140085690557044,0.015978777601027616,2.6823235151240965e-05,-1.3158554420078517e-05,-3.382307784072225e-05,8.834955673941991e-06,-0.011990921146747269,0.012178786161161526
151400000.0,-0.013817962111090765,-0.002840844462500769,0.015412489851883038,0.006013090566440837,3.3625152351390852e-06,-3.0092593490627095e-05,-1.1633094185281578e-05,3.354445257630623e-05,0.0034084430667178367,0.016946768757755137
151700000.0,-0.009875125562587073,0.010194184831021857,0.01369974319220546,-0.00960024445721075,-2.387836636197349e-05,-1.9243868797147456e-05,2.1763426993004487e-05,2.8747561733766247e-05,0.01613731136890806,0.006741501029697616
152000000.0,0.003301771512809637,0.013885043812567943,-0.0004148448845171515,-0.016899754835211667,-2.9412577045917487e-05,9.923183092341858e-06,3.6544297023155536e-05,-2.1771487819233215e-06,0.014782909950810108,-0.009721224471839207
152300000.0,0.013556705663205548,0.00472723344783077,-0.014442075680463518,-0.009087791086422214,-7.5244634296645074e-06,3.0494122464252982e-05,1.8734030451827977e-05,-3.208464764070662e-05,0.00019353292591972604,-0.017887095479473203
152600000.0,0.011371517660009545,-0.008930117387826897,-0.015686434844724317,0.007056970684260477,2.192496692066115e-05,2.3006634039202112e-05,-1.6547601152883118e-05,-3.385363737051783e-05,-0.014880971461835202,-0.010242350825414803
152900000.0,-0.001404621884674384,-0.014512875379907086,-0.0028374512966280463,0.01708723431978143,3.1564840205167144e-05,-6.193759228168005e-06,-3.785171567827206e-05,-5.062604470751353e-06,-0.01694729404439954,0.006687391469505144
153200000.0,-0.013111003986807646,-0.00668558683081244,0.012720389695033418,0.011926964906400883,1.1882911811866848e-05,-3.0325628748828493e-05,-2.552847570891359e-05,2.905823536303309e-05,-0.003954286855488931,0.01792211452450232
153500000.0,-0.012796633876973829,0.007545896885829961,0.017111734727379257,-0.003964430688078835,-1.9456354812597e-05,-2.6638780533438933e-05,1.013077636757842e-05,3.783120570166609e-05,0.012721143410558966,0.013403952576105382
153800000.0,-0.0004841769350747427,0.014975072364045161,0.0062880213500449145,-0.016563191099301378,-3.333520394210865e-05,2.1756234585001977e-06,3.755586268416877e-05,1.274230992853731e-05,0.018366463589998716,-0.00303038731770755
154100000.0,0.012481119940744634,0.008481850543468283,-0.010366945096890845,-0.01458642648380959,-1.6202616084370902e-05,2.9679456542308635e-05,3.186630326679207e-05,-2.446613622930638e-05,0.007877655003326822,-0.017040691402492314
154400000.0,0.013927739994031185,-0.006036471969913748,-0.018084088076449234,0.0005263454736166295,1.6598355071284487e-05,2.990627026044912e-05,-2.6898912888206894e-06,-4.06291804777581e-05,-0.00977117807462946,-0.016249496423263565
154700000.0,0.0023854104012457356,-0.015073221056638886,-0.00968497986795569,0.015514185567781169,3.451787960084829e-05,1.9909025091857657e-06,-3.578384472513463e-05,-2.058093293666463e-05,-0.019142803529319963,-0.001032629766505977
155000000.0,-0.011499391833240225,-0.010165230189322472,0.007645680851808834,0.016812240860303973,2.0357885230914974e-05,-2.8393256509273712e-05,-3.7466904943439516e-05,1.8636935473881344e-05,-0.011694424562804784,0.01546019663594933
155300000.0,-0.014853344130287383,0.004263984803564824,0.01838766346153875,0.0029438760158129185,-1.3231488045661877e-05,-3.272882662097576e-05,-5.286675162086141e-06,4.206808805895523e-05,0.006361741220246131,0.018522053834168162
155600000.0,-0.004413999276764002,0.014940510246518102,0.012712270989311492,-0.01378273992755652,-3.5101286401939547e-05,-6.397603688701459e-06,3.2518763062316935e-05,2.8023995309434113e-05,0.01908562003556824,0.00509747167624397
155900000.0,0.01034139882152374,0.011837294694686307,-0.004450764184070977,-0.018336706759022547,-2.443681015318333e-05,2.6532951356350587e-05,4.1824601732631805e-05,-1.1716202159783862e-05,0.014992160916250441,-0.013080284197201308
156200000.0,0.015670097247024728,-0.0024364996182058007,-0.017842035520146737,-0.006531798219434393,9.490888094099148e-06,3.521516060400742e-05,1.355383956980205e-05,-4.178887100447781e-05,-0.0024680347578396322,-0.019870206494573495
156500000.0,0.006344656937898208,-0.0146726749090611,-0.015480322492294363,0.01129026553118706,3.523087781953649e-05,1.0863024305862723e-05,-2.7596196412016383e-05,-3.4832338449364286e-05,-0.017954707329408848,-0.009162521352294561
156800000.0,-0.009099884782415302,-0.01327238940255171,0.000791513163505897,0.019338143370454475,2.8242299820124828e-05,-2.4282878644532602e-05,-4.481879828022173e-05,3.716408630394241e-06,-0.017809521000060613,0.009786496588350957
157100000.0,-0.01616630002015995,0.0006361115412829577,0.01671892406724851,0.010177182552865816,-5.586681802061122e-06,-3.718208023584246e-05,-2.199931805968447e-05,3.987103641467371e-05,-0.0019240979824957094,0.020433888998596217
157400000.0,-0.008116731996210547,0.014080522951832819,0.01792485342187433,-0.008400171741932638,-3.475744087122479e-05,-1.5175937157607677e-05,2.1317935294806745e-05,4.090352473196113e-05,0.016024928765418167,0.013197534823255808
157700000.0,0.007609525725541744,0.01444165524868879,0.0029065372396814837,-0.019788575089371818,-3.1590956091065436e-05,2.1533309549570667e-05,4.646102590788459e-05,4.884026181706247e-06,0.020138061702169807,-0.005982397094701497
158000000.0,0.016351233614187777,0.0012837126850655523,-0.015046389148537287,-0.013441060316701225,1.439112719214819e-06,3.849847389747474e-05,3.0067181561843626e-05,-3.6502161131268807e-05,0.006327440155430963,-0.020279146765510347
158300000.0,0.009866889522527345,-0.01321144618048109,-0.019646086780525707,0.005188728955026534,3.361481118480114e-05,1.9406425419421502e-05,-1.4045229836945339e-05,-4.572417131265549e-05,-0.01345679995033322,-0.01670109264713915
158600000.0,-0.005948981563150824,-0.015481117794521992,-0.0065516852760652,0.019367405444384644,3.456684379088415e-05,-1.8280237247925157e-05,-4.638168416981614e-05,-1.3617513106467527e-05,-0.021533134055232495,0.0019024173343815676
158900000.0,-0.01636649404267132,-0.003225051648595212,0.012597995757275271,0.01626274208121714,2.9107963417374094e-06,-3.928121463836476e-05,-3.72940485555695e-05,3.1505312905077965e-05,-0.010488368022336658,0.019067103138922903
159200000.0,-0.011491898768582587,0.01221374340736503,0.02065829458290125,-0.0015096270976115989,-3.196036350106013e-05,-2.3494437989546313e-05,5.774469653552217e-06,4.895207627408915e-05,0.01002826661253664,0.019470798280373458
159500000.0,0.004269127174325149,0.016294347196101455,0.010247483934762158,-0.018189783723030928,-3.711771570635847e-05,1.4715647269070153e-05,4.4443727940990385e-05,2.2394671295611346e-05,0.021905419446511587,0.0025884785954204403
159800000.0,0.01612952837055559,0.0050421580249562226,-0.009588036053401083,-0.01875029336956402,-7.253818460117856e-06,3.950545267861205e-05,4.3610858674103525e-05,-2.4970922769540493e-05,0.014514326214182915,-0.01685312731634525
160100000.0,0.012859495555630929,-0.011019142301002205,-0.021114632539919853,-0.0023534698285914146,2.980341491021221e-05,2.7236465210744853e-05,3.2238633189685117e-06,-5.064549064470736e-05,-0.005929218800716285,-0.021654041366545584
160400000.0,-0.002510075014598101,-0.016768418437884236,-0.013689674374745664,0.01647373557608489,3.906663322794657e-05,-1.0875545114086282e-05,-4.0896149099634016e-05,-3.0866773817972426e-05,-0.021493548364162507,-0.007215143380932432
160700000.0,-0.01554780559118285,-0.006796525229113115,0.006291572583918992,0.020631201617476336,1.154591677599015e-05,-3.903260436538547e-05,-4.871309506038202e-05,1.7336139311263654e-05,-0.018117198254486766,0.013983436175763586
161000000.0,-0.01404357263496081,0.009551095817506905,0.020813569975786095,0.006101112925023244,-2.7042485499784163e-05,-3.060381007102819e-05,-1.2392979269915116e-05,5.0646469227144664e-05,0.0015883470802577904,0.02302105654674591
161300000.0,0.0006026089135815482,0.01699790299068127,0.016600441139743793,-0.014102549464347192,-4.042061786790896e-05,6.681590145218852e-06,3.577588091241424e-05,3.846911797095176e-05,0.02017279175701958,0.01152493517105313
161600000.0,0.01474003650203315,0.008560195444417218,-0.0026613596212285984,-0.021692484583248017,-1.586446617185544e-05,3.791634897520879e-05,5.2145351784549376e-05,-8.811385092732937e-06,0.020892415219975646,-0.010445215291220222
161900000.0,0.015127264071367108,-0.007950486572724458,-0.019631946023821456,-0.009749674699818911,2.377627595295806e-05,3.369602148639572e-05,2.1432024107426173e-05,-4.869163796616949e-05,0.0029295955838506416,-0.023275947958524057
162200000.0,0.0012964068894376624,-0.017080428276059934,-0.019013481122001963,0.011040350398587861,4.1317829376996684e-05,-2.2644136811189597e-06,-2.9031278846680664e-05,-4.49261472003637e-05,-0.0177837906684033,-0.015438267783025594
162500000.0,-0.0138152750273548,-0.010168186044595018,-0.001281257756019727,0.022026312430298844,2.0066511758010108e-05,-3.6337535752412053e-05,-5.376565940462541e-05,-4.939544183957256e-07,-0.022814029593874352,0.00620050388901916
162800000.0,-0.01594400942198604,0.006328544355511667,0.017740511531386005,0.013268820187562369,-2.021819246644796e-05,-3.63768613619031e-05,-3.0175199882798154e-05,4.4835925417527345e-05,-0.007594890198689086,0.02249603142348633
163100000.0,-0.0030868990673269536,0.016850661405257483,0.020940246413445607,-0.007528968530195357,-4.164034807008221e-05,-2.151839554501156e-06,2.0910397176887585e-05,5.013934196258785e-05,0.014519961292677408,0.01893236091838446
163400000.0,0.01260748280984103,0.011545708564042911,0.0052553962287618106,-0.021722633187877705,-2.3944578428913843e-05,3.419633974539177e-05,5.36440890965828e-05,1.020858058981694e-05,0.023936819409598797,-0.0015298756613191244
163700000.0,0.016455753563761277,-0.004512618069412611,-0.015318345256360999,-0.016383500682110252,1.6274021692019858e-05,3.8480781499025674e-05,3.824011078190637e-05,-3.9362933961180346e-05,0.012100750699758578,-0.020856715089280442
164000000.0,0.004955704241339731,-0.016313420684255675,-0.022153038425017257,0.003817830430236313,4.128069726272443e-05,6.676800117809412e-06,-1.1883992494521323e-05,-5.383094219889306e-05,-0.010678803748675136,-0.021745933776330162
164300000.0,-0.011164160769283171,-0.012899899944940785,-0.008983041009557269,0.02062401858441376,2.7646564377814542e-05,-3.144635880646118e-05,-5.16864732436062e-05,-1.976302349740444e-05,-0.02410214824730872,-0.0031869237095492053
164600000.0,-0.016891654583261584,0.002587200155943492,0.012273656877098915,0.018837817380216393,-1.1948410373108231e-05,-4.021098632542297e-05,-4.507870317871365e-05,3.237604102748759e-05,-0.016051767559687846,0.018323910647723096
164900000.0,-0.006790178163100791,0.015715419430080146,0.022460867514638494,0.00015095700965161996,-4.050247101661242e-05,-1.127368126693784e-05,2.1956075082485427e-06,5.558492566351547e-05,0.006328725140321012,0.023537437370407588
165200000.0,0.009738882168520036,0.014098876339488697,0.012537249392337912,-0.018625315008819143,-3.112453169640261e-05,2.8401991442661423e-05,4.767193055865704e-05,2.8884358492270445e-05,0.02307005914761362,0.00783864553886815
165500000.0,0.017106775623673798,-0.0007975748426360951,-0.008579870561703729,-0.02077048457196895,7.583898136154232e-06,4.1524191110142716e-05,5.051656738208621e-05,-2.384334624341844e-05,0.019371749768453128,-0.014768151557461806
165800000.0,0.00836982452040047,-0.014900498085424374,-0.0221033718562893,-0.0043573800479492775,3.92722506004084e-05,1.5602107809709054e-05,8.07109748546253e-06,-5.5427952924014257e-05,-0.0014174664793529246,-0.02433612752312797
166100000.0,-0.008161773842971343,-0.014961239828721773,-0.015896097879448234,0.016075319676659205,3.4070576341971304e-05,-2.5032465646140922e-05,-4.1871158719786195e-05,-3.748878652304333e-05,-0.02101483614202948,-0.012464206040206705
166400000.0,-0.016967984877823028,-0.0010449996381325377,0.004673190861822718,0.022198537721379807,-3.135005263832369e-06,-4.2167727667574706e-05,-5.458715000061787e-05,1.424859833737413e-05,-0.02215811800846268,0.010504735248233033
166700000.0,-0.009907357220384938,0.013786275176947527,0.021158287721689817,0.008322651164291983,-3.7402624405213913e-05,-1.9744060166748678e-05,-1.8313757002452746e-05,5.358880884431816e-05,-0.003644104935716541,0.024351965083845073
167000000.0,0.00639726890976533,0.015725853241853827,0.018591642861480295,-0.01310622132108108,-3.662211474386723e-05,2.1211538805354646e-05,3.47186934401833e-05,4.4981274607003296e-05,0.018275187012434913,0.016627635843015298
167300000.0,0.016737455357898057,0.002937721983492736,-0.0007066992386768334,-0.022709748026301213,-1.4787727784515425e-06,4.234391784296854e-05,5.681758693310002e-05,-4.169097607809036e-06,0.024020310486690732,-0.005972278894155636
167600000.0,0.011371654638551831,-0.01264977320919769,-0.01929134651696529,-0.011923587287640203,3.5156965679572494e-05,2.3755156067006844e-05,2.7929579977659102e-05,-4.9781630731604576e-05,0.008383129623268815,-0.0232854447800932
167900000.0,-0.0047242623805772155,-0.01634193699356956,-0.020582472835641852,0.009455083473909554,3.882898843343696e-05,-1.7246539821602624e-05,-2.610858231477664e-05,-5.086741454696231e-05,-0.014647293943198747,-0.019903391004767457
168200000.0,-0.016349868303180415,-0.004614803309578974,-0.003543051447266521,0.022380613735101917,5.932497276983639e-06,-4.2108047919431346e-05,-5.6928665516764454e-05,-6.397623914522477e-06,-0.02465101499004163,0.0010245186286894636
168500000.0,-0.01252382658640272,0.011411991403065258,0.016705521928315648,0.015388907360076587,-3.259607265082565e-05,-2.7321779243638655e-05,-3.693695612305703e-05,4.398722132692434e-05,-0.012955865146139445,0.020984739826417353
168800000.0,0.00304752361492433,0.016607181037201713,0.022143519501540254,-0.005429474247158339,-4.041311730995645e-05,1.3193243080245054e-05,1.6250095420389243e-05,5.5302603860440946e-05,0.01012683172449158,0.022530792102031683
169100000.0,0.015643246468371785,0.0061915954392830486,0.007709164929948997,-0.021553922423656502,-1.0192485679016983e-05,4.123131550293202e-05,5.529324958830628e-05,1.7110628683147944e-05,0.024425010697498806,0.004244710392477202
169400000.0,0.013502057874603679,-0.009948895493351984,-0.013804866976443009,-0.018346410558805815,2.9541160586177284e-05,3.0449738805227167e-05,4.499239494082374e-05,-3.6806780753240176e-05,0.017242999063512343,-0.017972394867520336
169700000.0,-0.0012738234036362428,-0.01668202320429657,-0.022942775079556554,0.0014605667223008822,4.143123944055915e-05,-8.911959099633382e-06,-5.9083461834141815e-06,-5.80585315321791e-05,-0.0053504767661536334,-0.024435136242672684
170000000.0,-0.014795428295627744,-0.007739883225525546,-0.011384931746533766,0.0199606868240636,1.4377264137444001e-05,-3.982250119349828e-05,-5.186483572039435e-05,-2.7160973998519022e-05,-0.023354805420368052,-0.009154340589660137
