
=== Electromagnetic modelling software based on the Finite-Difference Time-Domain (FDTD) method 

    www.gprmax.com   __  __
     __ _ _ __  _ __|  \/  | __ ___  __
    / _` | '_ \| '__| |\/| |/ _` \ \/ /
   | (_| | |_) | |  | |  | | (_| |>  <
    \__, | .__/|_|  |_|  |_|\__,_/_/\_\\
    |___/|_|
                     v4.0.0 (Caol Ila)

 Copyright (C) 2015-2026: The University of Edinburgh, United Kingdom

 gprMax is free software: you can redistribute it and/or modify it under the
  terms of the GNU General Public License as published by the Free Software
  Foundation, either version 3 of the License, or (at your option) any later
  version.
 gprMax is distributed in the hope that it will be useful, but WITHOUT ANY
  WARRANTY; without even the implied warranty of MERCHANTABILITY or FITNESS FOR
  A PARTICULAR PURPOSE.  See the GNU General Public License for more details.
 You should have received a copy of the GNU General Public License along with
  gprMax.  If not, see www.gnu.org/licenses.

DESKTOP-DGLCK4J | unknown unknown | unknown x unknown (8 cores, 16 cores with Hyper-Threading) | 15.8 GiB | Windows 11 (64-bit)
|--->OpenMP: 8 threads
|--->CUDA:
     |--->Device 0: NVIDIA GeForce RTX 3060 Laptop GPU | 6.0 GiB
Constants/variables used/available for Python scripting: {c: 299792458.0, current_model_run: 1, e0: 8.8541878188e-12, inputfile: D:\自动处理\artifacts\research_checks\2026-10-04_hs4_height_wavefield_continuation\low_rough\profile.in, m0: 1.25663706127e-06, number_model_runs: 1, z0: 376.7303134118051}

Model title: HS4T2D transect-2D fast study v0.1 (kinematic companion of HS4; invariant y; profile x = 3D bi=6 transect)
Spatial discretisation: 0.025 x 0.05 x 0.025m
Domain size: 36 x 0.05 x 33m (1440 x 1 x 1320 = 1.9008e+06 cells)
#domain: 36.0 0.05 33.0 detected a 2D model from a 1-cell-thick axis (legacy, implicit style) - consider declaring '#domain_mode: TM' explicitly with 'inf' on that axis in '#domain' instead, which also supports TE mode.
Mode: 2D TMy
Time step (at CFL limit): 5.89664e-11 secs
Time window: 6e-07 secs (10177 iterations)
Simulation will use 8 OpenMP threads
PML thickness: x0=80, y0=0, z0=40, xmax=80, ymax=0, zmax=40
Waveform ricker95 of type ricker with maximum amplitude scaling 1, frequency 9.5e+07Hz created.
Hertzian dipole with polarity y at 17.6m, 0m, 14m, using waveform ricker95 created.
Receiver at 18.9m, 0m, 14m with output component(s) Ey created.
Receiver at 15.075m, 0m, 8.975m with output component(s) Ey, Hx, Hz created.
Receiver at 15.075m, 0m, 8.95m with output component(s) Hx created.
Receiver at 15.05m, 0m, 8.975m with output component(s) Hz created.
Receiver at 16.575m, 0m, 8.975m with output component(s) Ey, Hx, Hz created.
Receiver at 16.575m, 0m, 8.95m with output component(s) Hx created.
Receiver at 16.55m, 0m, 8.975m with output component(s) Hz created.
Receiver at 18.075m, 0m, 8.975m with output component(s) Ey, Hx, Hz created.
Receiver at 18.075m, 0m, 8.95m with output component(s) Hx created.
Receiver at 18.05m, 0m, 8.975m with output component(s) Hz created.
Receiver at 19.575m, 0m, 8.975m with output component(s) Ey, Hx, Hz created.
Receiver at 19.575m, 0m, 8.95m with output component(s) Hx created.
Receiver at 19.55m, 0m, 8.975m with output component(s) Hz created.
Receiver at 21.075m, 0m, 8.975m with output component(s) Ey, Hx, Hz created.
Receiver at 21.075m, 0m, 8.95m with output component(s) Hx created.
Receiver at 21.05m, 0m, 8.975m with output component(s) Hz created.
Receiver at 15.075m, 0m, 11.975m with output component(s) Ey, Hx, Hz created.
Receiver at 15.075m, 0m, 11.95m with output component(s) Hx created.
Receiver at 15.05m, 0m, 11.975m with output component(s) Hz created.
Receiver at 18.075m, 0m, 11.975m with output component(s) Ey, Hx, Hz created.
Receiver at 18.075m, 0m, 11.95m with output component(s) Hx created.
Receiver at 18.05m, 0m, 11.975m with output component(s) Hz created.
Receiver at 21.075m, 0m, 11.975m with output component(s) Ey, Hx, Hz created.
Receiver at 21.075m, 0m, 11.95m with output component(s) Hx created.
Receiver at 21.05m, 0m, 11.975m with output component(s) Hz created.
Receiver at 18.825m, 0m, 13.925m with output component(s) Ey, Hx, Hz created.
Receiver at 18.825m, 0m, 13.9m with output component(s) Hx created.
Receiver at 18.8m, 0m, 13.925m with output component(s) Hz created.
Receiver at 18.825m, 0m, 26.975m with output component(s) Ey, Hx, Hz created.
Receiver at 18.825m, 0m, 26.95m with output component(s) Hx created.
Receiver at 18.8m, 0m, 26.975m with output component(s) Hz created.
Receiver at 16.575m, 0m, 17.075m with output component(s) Ey, Hx, Hz created.
Receiver at 16.575m, 0m, 17.05m with output component(s) Hx created.
Receiver at 16.55m, 0m, 17.075m with output component(s) Hz created.
Receiver at 19.575m, 0m, 17.075m with output component(s) Ey, Hx, Hz created.
Receiver at 19.575m, 0m, 17.05m with output component(s) Hx created.
Receiver at 19.55m, 0m, 17.075m with output component(s) Hz created.
Material rock with eps_r=9, sigma=0.001 S/m; mu_r=1, sigma*=0 Ohm/m created.
Material cover with eps_r=18.017, sigma=0.003 S/m; mu_r=1, sigma*=0 Ohm/m created.
Debye disperion added to cover with delta_eps_r=7.88, and tau=6.457e-09 secs created.
PML formulation set to HORIPML
Snapshot from 13.5m, 0m, 8m, to 22.5m, 0.05m, 28.1m, discretisation 0.15m, 0.05m, 0.15m, at 0 secs (iteration 0; magnetic fields at -2.94832e-11 secs) with field outputs Ex, Ey, Ez, Hx, Hy, Hz  and filename snap00000.h5 will be created.
Snapshot from 13.5m, 0m, 8m, to 22.5m, 0.05m, 28.1m, discretisation 0.15m, 0.05m, 0.15m, at 5.89664e-10 secs (iteration 10; magnetic fields at 5.6018e-10 secs) with field outputs Ex, Ey, Ez, Hx, Hy, Hz  and filename snap00010.h5 will be created.
Snapshot from 13.5m, 0m, 8m, to 22.5m, 0.05m, 28.1m, discretisation 0.15m, 0.05m, 0.15m, at 1.17933e-09 secs (iteration 20; magnetic fields at 1.14984e-09 secs) with field outputs Ex, Ey, Ez, Hx, Hy, Hz  and filename snap00020.h5 will be created.
Snapshot from 13.5m, 0m, 8m, to 22.5m, 0.05m, 28.1m, discretisation 0.15m, 0.05m, 0.15m, at 1.76899e-09 secs (iteration 30; magnetic fields at 1.73951e-09 secs) with field outputs Ex, Ey, Ez, Hx, Hy, Hz  and filename snap00030.h5 will be created.
Snapshot from 13.5m, 0m, 8m, to 22.5m, 0.05m, 28.1m, discretisation 0.15m, 0.05m, 0.15m, at 2.35865e-09 secs (iteration 40; magnetic fields at 2.32917e-09 secs) with field outputs Ex, Ey, Ez, Hx, Hy, Hz  and filename snap00040.h5 will be created.
Snapshot from 13.5m, 0m, 8m, to 22.5m, 0.05m, 28.1m, discretisation 0.15m, 0.05m, 0.15m, at 2.94832e-09 secs (iteration 50; magnetic fields at 2.91883e-09 secs) with field outputs Ex, Ey, Ez, Hx, Hy, Hz  and filename snap00050.h5 will be created.
Snapshot from 13.5m, 0m, 8m, to 22.5m, 0.05m, 28.1m, discretisation 0.15m, 0.05m, 0.15m, at 3.53798e-09 secs (iteration 60; magnetic fields at 3.5085e-09 secs) with field outputs Ex, Ey, Ez, Hx, Hy, Hz  and filename snap00060.h5 will be created.
Snapshot from 13.5m, 0m, 8m, to 22.5m, 0.05m, 28.1m, discretisation 0.15m, 0.05m, 0.15m, at 4.12765e-09 secs (iteration 70; magnetic fields at 4.09816e-09 secs) with field outputs Ex, Ey, Ez, Hx, Hy, Hz  and filename snap00070.h5 will be created.
Snapshot from 13.5m, 0m, 8m, to 22.5m, 0.05m, 28.1m, discretisation 0.15m, 0.05m, 0.15m, at 4.71731e-09 secs (iteration 80; magnetic fields at 4.68783e-09 secs) with field outputs Ex, Ey, Ez, Hx, Hy, Hz  and filename snap00080.h5 will be created.
Snapshot from 13.5m, 0m, 8m, to 22.5m, 0.05m, 28.1m, discretisation 0.15m, 0.05m, 0.15m, at 5.30697e-09 secs (iteration 90; magnetic fields at 5.27749e-09 secs) with field outputs Ex, Ey, Ez, Hx, Hy, Hz  and filename snap00090.h5 will be created.
Snapshot from 13.5m, 0m, 8m, to 22.5m, 0.05m, 28.1m, discretisation 0.15m, 0.05m, 0.15m, at 5.89664e-09 secs (iteration 100; magnetic fields at 5.86715e-09 secs) with field outputs Ex, Ey, Ez, Hx, Hy, Hz  and filename snap00100.h5 will be created.
Snapshot from 13.5m, 0m, 8m, to 22.5m, 0.05m, 28.1m, discretisation 0.15m, 0.05m, 0.15m, at 6.4863e-09 secs (iteration 110; magnetic fields at 6.45682e-09 secs) with field outputs Ex, Ey, Ez, Hx, Hy, Hz  and filename snap00110.h5 will be created.
Snapshot from 13.5m, 0m, 8m, to 22.5m, 0.05m, 28.1m, discretisation 0.15m, 0.05m, 0.15m, at 7.07596e-09 secs (iteration 120; magnetic fields at 7.04648e-09 secs) with field outputs Ex, Ey, Ez, Hx, Hy, Hz  and filename snap00120.h5 will be created.
Snapshot from 13.5m, 0m, 8m, to 22.5m, 0.05m, 28.1m, discretisation 0.15m, 0.05m, 0.15m, at 7.66563e-09 secs (iteration 130; magnetic fields at 7.63614e-09 secs) with field outputs Ex, Ey, Ez, Hx, Hy, Hz  and filename snap00130.h5 will be created.
Snapshot from 13.5m, 0m, 8m, to 22.5m, 0.05m, 28.1m, discretisation 0.15m, 0.05m, 0.15m, at 8.25529e-09 secs (iteration 140; magnetic fields at 8.22581e-09 secs) with field outputs Ex, Ey, Ez, Hx, Hy, Hz  and filename snap00140.h5 will be created.
Snapshot from 13.5m, 0m, 8m, to 22.5m, 0.05m, 28.1m, discretisation 0.15m, 0.05m, 0.15m, at 8.84495e-09 secs (iteration 150; magnetic fields at 8.81547e-09 secs) with field outputs Ex, Ey, Ez, Hx, Hy, Hz  and filename snap00150.h5 will be created.
Snapshot from 13.5m, 0m, 8m, to 22.5m, 0.05m, 28.1m, discretisation 0.15m, 0.05m, 0.15m, at 9.43462e-09 secs (iteration 160; magnetic fields at 9.40513e-09 secs) with field outputs Ex, Ey, Ez, Hx, Hy, Hz  and filename snap00160.h5 will be created.
Snapshot from 13.5m, 0m, 8m, to 22.5m, 0.05m, 28.1m, discretisation 0.15m, 0.05m, 0.15m, at 1.00243e-08 secs (iteration 170; magnetic fields at 9.9948e-09 secs) with field outputs Ex, Ey, Ez, Hx, Hy, Hz  and filename snap00170.h5 will be created.
Snapshot from 13.5m, 0m, 8m, to 22.5m, 0.05m, 28.1m, discretisation 0.15m, 0.05m, 0.15m, at 1.06139e-08 secs (iteration 180; magnetic fields at 1.05845e-08 secs) with field outputs Ex, Ey, Ez, Hx, Hy, Hz  and filename snap00180.h5 will be created.
Snapshot from 13.5m, 0m, 8m, to 22.5m, 0.05m, 28.1m, discretisation 0.15m, 0.05m, 0.15m, at 1.12036e-08 secs (iteration 190; magnetic fields at 1.11741e-08 secs) with field outputs Ex, Ey, Ez, Hx, Hy, Hz  and filename snap00190.h5 will be created.
Snapshot from 13.5m, 0m, 8m, to 22.5m, 0.05m, 28.1m, discretisation 0.15m, 0.05m, 0.15m, at 1.17933e-08 secs (iteration 200; magnetic fields at 1.17638e-08 secs) with field outputs Ex, Ey, Ez, Hx, Hy, Hz  and filename snap00200.h5 will be created.
Snapshot from 13.5m, 0m, 8m, to 22.5m, 0.05m, 28.1m, discretisation 0.15m, 0.05m, 0.15m, at 1.23829e-08 secs (iteration 210; magnetic fields at 1.23535e-08 secs) with field outputs Ex, Ey, Ez, Hx, Hy, Hz  and filename snap00210.h5 will be created.
Snapshot from 13.5m, 0m, 8m, to 22.5m, 0.05m, 28.1m, discretisation 0.15m, 0.05m, 0.15m, at 1.29726e-08 secs (iteration 220; magnetic fields at 1.29431e-08 secs) with field outputs Ex, Ey, Ez, Hx, Hy, Hz  and filename snap00220.h5 will be created.
Snapshot from 13.5m, 0m, 8m, to 22.5m, 0.05m, 28.1m, discretisation 0.15m, 0.05m, 0.15m, at 1.35623e-08 secs (iteration 230; magnetic fields at 1.35328e-08 secs) with field outputs Ex, Ey, Ez, Hx, Hy, Hz  and filename snap00230.h5 will be created.
Snapshot from 13.5m, 0m, 8m, to 22.5m, 0.05m, 28.1m, discretisation 0.15m, 0.05m, 0.15m, at 1.41519e-08 secs (iteration 240; magnetic fields at 1.41224e-08 secs) with field outputs Ex, Ey, Ez, Hx, Hy, Hz  and filename snap00240.h5 will be created.
Snapshot from 13.5m, 0m, 8m, to 22.5m, 0.05m, 28.1m, discretisation 0.15m, 0.05m, 0.15m, at 1.47416e-08 secs (iteration 250; magnetic fields at 1.47121e-08 secs) with field outputs Ex, Ey, Ez, Hx, Hy, Hz  and filename snap00250.h5 will be created.
Snapshot from 13.5m, 0m, 8m, to 22.5m, 0.05m, 28.1m, discretisation 0.15m, 0.05m, 0.15m, at 1.53313e-08 secs (iteration 260; magnetic fields at 1.53018e-08 secs) with field outputs Ex, Ey, Ez, Hx, Hy, Hz  and filename snap00260.h5 will be created.
Snapshot from 13.5m, 0m, 8m, to 22.5m, 0.05m, 28.1m, discretisation 0.15m, 0.05m, 0.15m, at 1.59209e-08 secs (iteration 270; magnetic fields at 1.58914e-08 secs) with field outputs Ex, Ey, Ez, Hx, Hy, Hz  and filename snap00270.h5 will be created.
Snapshot from 13.5m, 0m, 8m, to 22.5m, 0.05m, 28.1m, discretisation 0.15m, 0.05m, 0.15m, at 1.65106e-08 secs (iteration 280; magnetic fields at 1.64811e-08 secs) with field outputs Ex, Ey, Ez, Hx, Hy, Hz  and filename snap00280.h5 will be created.
Snapshot from 13.5m, 0m, 8m, to 22.5m, 0.05m, 28.1m, discretisation 0.15m, 0.05m, 0.15m, at 1.71002e-08 secs (iteration 290; magnetic fields at 1.70708e-08 secs) with field outputs Ex, Ey, Ez, Hx, Hy, Hz  and filename snap00290.h5 will be created.
Snapshot from 13.5m, 0m, 8m, to 22.5m, 0.05m, 28.1m, discretisation 0.15m, 0.05m, 0.15m, at 1.76899e-08 secs (iteration 300; magnetic fields at 1.76604e-08 secs) with field outputs Ex, Ey, Ez, Hx, Hy, Hz  and filename snap00300.h5 will be created.
Snapshot from 13.5m, 0m, 8m, to 22.5m, 0.05m, 28.1m, discretisation 0.15m, 0.05m, 0.15m, at 1.82796e-08 secs (iteration 310; magnetic fields at 1.82501e-08 secs) with field outputs Ex, Ey, Ez, Hx, Hy, Hz  and filename snap00310.h5 will be created.
Snapshot from 13.5m, 0m, 8m, to 22.5m, 0.05m, 28.1m, discretisation 0.15m, 0.05m, 0.15m, at 1.88692e-08 secs (iteration 320; magnetic fields at 1.88398e-08 secs) with field outputs Ex, Ey, Ez, Hx, Hy, Hz  and filename snap00320.h5 will be created.
Snapshot from 13.5m, 0m, 8m, to 22.5m, 0.05m, 28.1m, discretisation 0.15m, 0.05m, 0.15m, at 1.94589e-08 secs (iteration 330; magnetic fields at 1.94294e-08 secs) with field outputs Ex, Ey, Ez, Hx, Hy, Hz  and filename snap00330.h5 will be created.
Snapshot from 13.5m, 0m, 8m, to 22.5m, 0.05m, 28.1m, discretisation 0.15m, 0.05m, 0.15m, at 2.00486e-08 secs (iteration 340; magnetic fields at 2.00191e-08 secs) with field outputs Ex, Ey, Ez, Hx, Hy, Hz  and filename snap00340.h5 will be created.
Snapshot from 13.5m, 0m, 8m, to 22.5m, 0.05m, 28.1m, discretisation 0.15m, 0.05m, 0.15m, at 2.06382e-08 secs (iteration 350; magnetic fields at 2.06087e-08 secs) with field outputs Ex, Ey, Ez, Hx, Hy, Hz  and filename snap00350.h5 will be created.
Snapshot from 13.5m, 0m, 8m, to 22.5m, 0.05m, 28.1m, discretisation 0.15m, 0.05m, 0.15m, at 2.12279e-08 secs (iteration 360; magnetic fields at 2.11984e-08 secs) with field outputs Ex, Ey, Ez, Hx, Hy, Hz  and filename snap00360.h5 will be created.
Snapshot from 13.5m, 0m, 8m, to 22.5m, 0.05m, 28.1m, discretisation 0.15m, 0.05m, 0.15m, at 2.18176e-08 secs (iteration 370; magnetic fields at 2.17881e-08 secs) with field outputs Ex, Ey, Ez, Hx, Hy, Hz  and filename snap00370.h5 will be created.
Snapshot from 13.5m, 0m, 8m, to 22.5m, 0.05m, 28.1m, discretisation 0.15m, 0.05m, 0.15m, at 2.24072e-08 secs (iteration 380; magnetic fields at 2.23777e-08 secs) with field outputs Ex, Ey, Ez, Hx, Hy, Hz  and filename snap00380.h5 will be created.
Snapshot from 13.5m, 0m, 8m, to 22.5m, 0.05m, 28.1m, discretisation 0.15m, 0.05m, 0.15m, at 2.29969e-08 secs (iteration 390; magnetic fields at 2.29674e-08 secs) with field outputs Ex, Ey, Ez, Hx, Hy, Hz  and filename snap00390.h5 will be created.
Snapshot from 13.5m, 0m, 8m, to 22.5m, 0.05m, 28.1m, discretisation 0.15m, 0.05m, 0.15m, at 2.35865e-08 secs (iteration 400; magnetic fields at 2.35571e-08 secs) with field outputs Ex, Ey, Ez, Hx, Hy, Hz  and filename snap00400.h5 will be created.
Snapshot from 13.5m, 0m, 8m, to 22.5m, 0.05m, 28.1m, discretisation 0.15m, 0.05m, 0.15m, at 2.41762e-08 secs (iteration 410; magnetic fields at 2.41467e-08 secs) with field outputs Ex, Ey, Ez, Hx, Hy, Hz  and filename snap00410.h5 will be created.
Snapshot from 13.5m, 0m, 8m, to 22.5m, 0.05m, 28.1m, discretisation 0.15m, 0.05m, 0.15m, at 2.47659e-08 secs (iteration 420; magnetic fields at 2.47364e-08 secs) with field outputs Ex, Ey, Ez, Hx, Hy, Hz  and filename snap00420.h5 will be created.
Snapshot from 13.5m, 0m, 8m, to 22.5m, 0.05m, 28.1m, discretisation 0.15m, 0.05m, 0.15m, at 2.53555e-08 secs (iteration 430; magnetic fields at 2.53261e-08 secs) with field outputs Ex, Ey, Ez, Hx, Hy, Hz  and filename snap00430.h5 will be created.
Snapshot from 13.5m, 0m, 8m, to 22.5m, 0.05m, 28.1m, discretisation 0.15m, 0.05m, 0.15m, at 2.59452e-08 secs (iteration 440; magnetic fields at 2.59157e-08 secs) with field outputs Ex, Ey, Ez, Hx, Hy, Hz  and filename snap00440.h5 will be created.
Snapshot from 13.5m, 0m, 8m, to 22.5m, 0.05m, 28.1m, discretisation 0.15m, 0.05m, 0.15m, at 2.65349e-08 secs (iteration 450; magnetic fields at 2.65054e-08 secs) with field outputs Ex, Ey, Ez, Hx, Hy, Hz  and filename snap00450.h5 will be created.
Snapshot from 13.5m, 0m, 8m, to 22.5m, 0.05m, 28.1m, discretisation 0.15m, 0.05m, 0.15m, at 2.71245e-08 secs (iteration 460; magnetic fields at 2.7095e-08 secs) with field outputs Ex, Ey, Ez, Hx, Hy, Hz  and filename snap00460.h5 will be created.
Snapshot from 13.5m, 0m, 8m, to 22.5m, 0.05m, 28.1m, discretisation 0.15m, 0.05m, 0.15m, at 2.77142e-08 secs (iteration 470; magnetic fields at 2.76847e-08 secs) with field outputs Ex, Ey, Ez, Hx, Hy, Hz  and filename snap00470.h5 will be created.
Snapshot from 13.5m, 0m, 8m, to 22.5m, 0.05m, 28.1m, discretisation 0.15m, 0.05m, 0.15m, at 2.83039e-08 secs (iteration 480; magnetic fields at 2.82744e-08 secs) with field outputs Ex, Ey, Ez, Hx, Hy, Hz  and filename snap00480.h5 will be created.
Snapshot from 13.5m, 0m, 8m, to 22.5m, 0.05m, 28.1m, discretisation 0.15m, 0.05m, 0.15m, at 2.88935e-08 secs (iteration 490; magnetic fields at 2.8864e-08 secs) with field outputs Ex, Ey, Ez, Hx, Hy, Hz  and filename snap00490.h5 will be created.
Snapshot from 13.5m, 0m, 8m, to 22.5m, 0.05m, 28.1m, discretisation 0.15m, 0.05m, 0.15m, at 2.94832e-08 secs (iteration 500; magnetic fields at 2.94537e-08 secs) with field outputs Ex, Ey, Ez, Hx, Hy, Hz  and filename snap00500.h5 will be created.
Snapshot from 13.5m, 0m, 8m, to 22.5m, 0.05m, 28.1m, discretisation 0.15m, 0.05m, 0.15m, at 3.00728e-08 secs (iteration 510; magnetic fields at 3.00434e-08 secs) with field outputs Ex, Ey, Ez, Hx, Hy, Hz  and filename snap00510.h5 will be created.
Snapshot from 13.5m, 0m, 8m, to 22.5m, 0.05m, 28.1m, discretisation 0.15m, 0.05m, 0.15m, at 3.06625e-08 secs (iteration 520; magnetic fields at 3.0633e-08 secs) with field outputs Ex, Ey, Ez, Hx, Hy, Hz  and filename snap00520.h5 will be created.
Snapshot from 13.5m, 0m, 8m, to 22.5m, 0.05m, 28.1m, discretisation 0.15m, 0.05m, 0.15m, at 3.12522e-08 secs (iteration 530; magnetic fields at 3.12227e-08 secs) with field outputs Ex, Ey, Ez, Hx, Hy, Hz  and filename snap00530.h5 will be created.
Snapshot from 13.5m, 0m, 8m, to 22.5m, 0.05m, 28.1m, discretisation 0.15m, 0.05m, 0.15m, at 3.18418e-08 secs (iteration 540; magnetic fields at 3.18124e-08 secs) with field outputs Ex, Ey, Ez, Hx, Hy, Hz  and filename snap00540.h5 will be created.
Snapshot from 13.5m, 0m, 8m, to 22.5m, 0.05m, 28.1m, discretisation 0.15m, 0.05m, 0.15m, at 3.24315e-08 secs (iteration 550; magnetic fields at 3.2402e-08 secs) with field outputs Ex, Ey, Ez, Hx, Hy, Hz  and filename snap00550.h5 will be created.
Snapshot from 13.5m, 0m, 8m, to 22.5m, 0.05m, 28.1m, discretisation 0.15m, 0.05m, 0.15m, at 3.30212e-08 secs (iteration 560; magnetic fields at 3.29917e-08 secs) with field outputs Ex, Ey, Ez, Hx, Hy, Hz  and filename snap00560.h5 will be created.
Snapshot from 13.5m, 0m, 8m, to 22.5m, 0.05m, 28.1m, discretisation 0.15m, 0.05m, 0.15m, at 3.36108e-08 secs (iteration 570; magnetic fields at 3.35813e-08 secs) with field outputs Ex, Ey, Ez, Hx, Hy, Hz  and filename snap00570.h5 will be created.
Snapshot from 13.5m, 0m, 8m, to 22.5m, 0.05m, 28.1m, discretisation 0.15m, 0.05m, 0.15m, at 3.42005e-08 secs (iteration 580; magnetic fields at 3.4171e-08 secs) with field outputs Ex, Ey, Ez, Hx, Hy, Hz  and filename snap00580.h5 will be created.
Snapshot from 13.5m, 0m, 8m, to 22.5m, 0.05m, 28.1m, discretisation 0.15m, 0.05m, 0.15m, at 3.47902e-08 secs (iteration 590; magnetic fields at 3.47607e-08 secs) with field outputs Ex, Ey, Ez, Hx, Hy, Hz  and filename snap00590.h5 will be created.
Snapshot from 13.5m, 0m, 8m, to 22.5m, 0.05m, 28.1m, discretisation 0.15m, 0.05m, 0.15m, at 3.53798e-08 secs (iteration 600; magnetic fields at 3.53503e-08 secs) with field outputs Ex, Ey, Ez, Hx, Hy, Hz  and filename snap00600.h5 will be created.
Snapshot from 13.5m, 0m, 8m, to 22.5m, 0.05m, 28.1m, discretisation 0.15m, 0.05m, 0.15m, at 3.59695e-08 secs (iteration 610; magnetic fields at 3.594e-08 secs) with field outputs Ex, Ey, Ez, Hx, Hy, Hz  and filename snap00610.h5 will be created.
Snapshot from 13.5m, 0m, 8m, to 22.5m, 0.05m, 28.1m, discretisation 0.15m, 0.05m, 0.15m, at 3.65591e-08 secs (iteration 620; magnetic fields at 3.65297e-08 secs) with field outputs Ex, Ey, Ez, Hx, Hy, Hz  and filename snap00620.h5 will be created.
Snapshot from 13.5m, 0m, 8m, to 22.5m, 0.05m, 28.1m, discretisation 0.15m, 0.05m, 0.15m, at 3.71488e-08 secs (iteration 630; magnetic fields at 3.71193e-08 secs) with field outputs Ex, Ey, Ez, Hx, Hy, Hz  and filename snap00630.h5 will be created.
Snapshot from 13.5m, 0m, 8m, to 22.5m, 0.05m, 28.1m, discretisation 0.15m, 0.05m, 0.15m, at 3.77385e-08 secs (iteration 640; magnetic fields at 3.7709e-08 secs) with field outputs Ex, Ey, Ez, Hx, Hy, Hz  and filename snap00640.h5 will be created.
Snapshot from 13.5m, 0m, 8m, to 22.5m, 0.05m, 28.1m, discretisation 0.15m, 0.05m, 0.15m, at 3.83281e-08 secs (iteration 650; magnetic fields at 3.82986e-08 secs) with field outputs Ex, Ey, Ez, Hx, Hy, Hz  and filename snap00650.h5 will be created.
Snapshot from 13.5m, 0m, 8m, to 22.5m, 0.05m, 28.1m, discretisation 0.15m, 0.05m, 0.15m, at 3.89178e-08 secs (iteration 660; magnetic fields at 3.88883e-08 secs) with field outputs Ex, Ey, Ez, Hx, Hy, Hz  and filename snap00660.h5 will be created.
Snapshot from 13.5m, 0m, 8m, to 22.5m, 0.05m, 28.1m, discretisation 0.15m, 0.05m, 0.15m, at 3.95075e-08 secs (iteration 670; magnetic fields at 3.9478e-08 secs) with field outputs Ex, Ey, Ez, Hx, Hy, Hz  and filename snap00670.h5 will be created.
Snapshot from 13.5m, 0m, 8m, to 22.5m, 0.05m, 28.1m, discretisation 0.15m, 0.05m, 0.15m, at 4.00971e-08 secs (iteration 680; magnetic fields at 4.00676e-08 secs) with field outputs Ex, Ey, Ez, Hx, Hy, Hz  and filename snap00680.h5 will be created.
Snapshot from 13.5m, 0m, 8m, to 22.5m, 0.05m, 28.1m, discretisation 0.15m, 0.05m, 0.15m, at 4.06868e-08 secs (iteration 690; magnetic fields at 4.06573e-08 secs) with field outputs Ex, Ey, Ez, Hx, Hy, Hz  and filename snap00690.h5 will be created.
Snapshot from 13.5m, 0m, 8m, to 22.5m, 0.05m, 28.1m, discretisation 0.15m, 0.05m, 0.15m, at 4.12765e-08 secs (iteration 700; magnetic fields at 4.1247e-08 secs) with field outputs Ex, Ey, Ez, Hx, Hy, Hz  and filename snap00700.h5 will be created.
Snapshot from 13.5m, 0m, 8m, to 22.5m, 0.05m, 28.1m, discretisation 0.15m, 0.05m, 0.15m, at 4.18661e-08 secs (iteration 710; magnetic fields at 4.18366e-08 secs) with field outputs Ex, Ey, Ez, Hx, Hy, Hz  and filename snap00710.h5 will be created.
Snapshot from 13.5m, 0m, 8m, to 22.5m, 0.05m, 28.1m, discretisation 0.15m, 0.05m, 0.15m, at 4.24558e-08 secs (iteration 720; magnetic fields at 4.24263e-08 secs) with field outputs Ex, Ey, Ez, Hx, Hy, Hz  and filename snap00720.h5 will be created.
Snapshot from 13.5m, 0m, 8m, to 22.5m, 0.05m, 28.1m, discretisation 0.15m, 0.05m, 0.15m, at 4.30454e-08 secs (iteration 730; magnetic fields at 4.3016e-08 secs) with field outputs Ex, Ey, Ez, Hx, Hy, Hz  and filename snap00730.h5 will be created.
Snapshot from 13.5m, 0m, 8m, to 22.5m, 0.05m, 28.1m, discretisation 0.15m, 0.05m, 0.15m, at 4.36351e-08 secs (iteration 740; magnetic fields at 4.36056e-08 secs) with field outputs Ex, Ey, Ez, Hx, Hy, Hz  and filename snap00740.h5 will be created.
Snapshot from 13.5m, 0m, 8m, to 22.5m, 0.05m, 28.1m, discretisation 0.15m, 0.05m, 0.15m, at 4.42248e-08 secs (iteration 750; magnetic fields at 4.41953e-08 secs) with field outputs Ex, Ey, Ez, Hx, Hy, Hz  and filename snap00750.h5 will be created.
Snapshot from 13.5m, 0m, 8m, to 22.5m, 0.05m, 28.1m, discretisation 0.15m, 0.05m, 0.15m, at 4.48144e-08 secs (iteration 760; magnetic fields at 4.47849e-08 secs) with field outputs Ex, Ey, Ez, Hx, Hy, Hz  and filename snap00760.h5 will be created.
Snapshot from 13.5m, 0m, 8m, to 22.5m, 0.05m, 28.1m, discretisation 0.15m, 0.05m, 0.15m, at 4.54041e-08 secs (iteration 770; magnetic fields at 4.53746e-08 secs) with field outputs Ex, Ey, Ez, Hx, Hy, Hz  and filename snap00770.h5 will be created.
Snapshot from 13.5m, 0m, 8m, to 22.5m, 0.05m, 28.1m, discretisation 0.15m, 0.05m, 0.15m, at 4.59938e-08 secs (iteration 780; magnetic fields at 4.59643e-08 secs) with field outputs Ex, Ey, Ez, Hx, Hy, Hz  and filename snap00780.h5 will be created.
Snapshot from 13.5m, 0m, 8m, to 22.5m, 0.05m, 28.1m, discretisation 0.15m, 0.05m, 0.15m, at 4.65834e-08 secs (iteration 790; magnetic fields at 4.65539e-08 secs) with field outputs Ex, Ey, Ez, Hx, Hy, Hz  and filename snap00790.h5 will be created.
Snapshot from 13.5m, 0m, 8m, to 22.5m, 0.05m, 28.1m, discretisation 0.15m, 0.05m, 0.15m, at 4.71731e-08 secs (iteration 800; magnetic fields at 4.71436e-08 secs) with field outputs Ex, Ey, Ez, Hx, Hy, Hz  and filename snap00800.h5 will be created.
Snapshot from 13.5m, 0m, 8m, to 22.5m, 0.05m, 28.1m, discretisation 0.15m, 0.05m, 0.15m, at 4.77628e-08 secs (iteration 810; magnetic fields at 4.77333e-08 secs) with field outputs Ex, Ey, Ez, Hx, Hy, Hz  and filename snap00810.h5 will be created.
Snapshot from 13.5m, 0m, 8m, to 22.5m, 0.05m, 28.1m, discretisation 0.15m, 0.05m, 0.15m, at 4.83524e-08 secs (iteration 820; magnetic fields at 4.83229e-08 secs) with field outputs Ex, Ey, Ez, Hx, Hy, Hz  and filename snap00820.h5 will be created.
Snapshot from 13.5m, 0m, 8m, to 22.5m, 0.05m, 28.1m, discretisation 0.15m, 0.05m, 0.15m, at 4.89421e-08 secs (iteration 830; magnetic fields at 4.89126e-08 secs) with field outputs Ex, Ey, Ez, Hx, Hy, Hz  and filename snap00830.h5 will be created.
Snapshot from 13.5m, 0m, 8m, to 22.5m, 0.05m, 28.1m, discretisation 0.15m, 0.05m, 0.15m, at 4.95317e-08 secs (iteration 840; magnetic fields at 4.95023e-08 secs) with field outputs Ex, Ey, Ez, Hx, Hy, Hz  and filename snap00840.h5 will be created.
Snapshot from 13.5m, 0m, 8m, to 22.5m, 0.05m, 28.1m, discretisation 0.15m, 0.05m, 0.15m, at 5.01214e-08 secs (iteration 850; magnetic fields at 5.00919e-08 secs) with field outputs Ex, Ey, Ez, Hx, Hy, Hz  and filename snap00850.h5 will be created.
Snapshot from 13.5m, 0m, 8m, to 22.5m, 0.05m, 28.1m, discretisation 0.15m, 0.05m, 0.15m, at 5.07111e-08 secs (iteration 860; magnetic fields at 5.06816e-08 secs) with field outputs Ex, Ey, Ez, Hx, Hy, Hz  and filename snap00860.h5 will be created.
Snapshot from 13.5m, 0m, 8m, to 22.5m, 0.05m, 28.1m, discretisation 0.15m, 0.05m, 0.15m, at 5.13007e-08 secs (iteration 870; magnetic fields at 5.12712e-08 secs) with field outputs Ex, Ey, Ez, Hx, Hy, Hz  and filename snap00870.h5 will be created.
Snapshot from 13.5m, 0m, 8m, to 22.5m, 0.05m, 28.1m, discretisation 0.15m, 0.05m, 0.15m, at 5.18904e-08 secs (iteration 880; magnetic fields at 5.18609e-08 secs) with field outputs Ex, Ey, Ez, Hx, Hy, Hz  and filename snap00880.h5 will be created.
Snapshot from 13.5m, 0m, 8m, to 22.5m, 0.05m, 28.1m, discretisation 0.15m, 0.05m, 0.15m, at 5.24801e-08 secs (iteration 890; magnetic fields at 5.24506e-08 secs) with field outputs Ex, Ey, Ez, Hx, Hy, Hz  and filename snap00890.h5 will be created.
Snapshot from 13.5m, 0m, 8m, to 22.5m, 0.05m, 28.1m, discretisation 0.15m, 0.05m, 0.15m, at 5.30697e-08 secs (iteration 900; magnetic fields at 5.30402e-08 secs) with field outputs Ex, Ey, Ez, Hx, Hy, Hz  and filename snap00900.h5 will be created.
Snapshot from 13.5m, 0m, 8m, to 22.5m, 0.05m, 28.1m, discretisation 0.15m, 0.05m, 0.15m, at 5.36594e-08 secs (iteration 910; magnetic fields at 5.36299e-08 secs) with field outputs Ex, Ey, Ez, Hx, Hy, Hz  and filename snap00910.h5 will be created.
Snapshot from 13.5m, 0m, 8m, to 22.5m, 0.05m, 28.1m, discretisation 0.15m, 0.05m, 0.15m, at 5.4249e-08 secs (iteration 920; magnetic fields at 5.42196e-08 secs) with field outputs Ex, Ey, Ez, Hx, Hy, Hz  and filename snap00920.h5 will be created.
Snapshot from 13.5m, 0m, 8m, to 22.5m, 0.05m, 28.1m, discretisation 0.15m, 0.05m, 0.15m, at 5.48387e-08 secs (iteration 930; magnetic fields at 5.48092e-08 secs) with field outputs Ex, Ey, Ez, Hx, Hy, Hz  and filename snap00930.h5 will be created.
Snapshot from 13.5m, 0m, 8m, to 22.5m, 0.05m, 28.1m, discretisation 0.15m, 0.05m, 0.15m, at 5.54284e-08 secs (iteration 940; magnetic fields at 5.53989e-08 secs) with field outputs Ex, Ey, Ez, Hx, Hy, Hz  and filename snap00940.h5 will be created.
Snapshot from 13.5m, 0m, 8m, to 22.5m, 0.05m, 28.1m, discretisation 0.15m, 0.05m, 0.15m, at 5.6018e-08 secs (iteration 950; magnetic fields at 5.59886e-08 secs) with field outputs Ex, Ey, Ez, Hx, Hy, Hz  and filename snap00950.h5 will be created.
Snapshot from 13.5m, 0m, 8m, to 22.5m, 0.05m, 28.1m, discretisation 0.15m, 0.05m, 0.15m, at 5.66077e-08 secs (iteration 960; magnetic fields at 5.65782e-08 secs) with field outputs Ex, Ey, Ez, Hx, Hy, Hz  and filename snap00960.h5 will be created.
Snapshot from 13.5m, 0m, 8m, to 22.5m, 0.05m, 28.1m, discretisation 0.15m, 0.05m, 0.15m, at 5.71974e-08 secs (iteration 970; magnetic fields at 5.71679e-08 secs) with field outputs Ex, Ey, Ez, Hx, Hy, Hz  and filename snap00970.h5 will be created.
Snapshot from 13.5m, 0m, 8m, to 22.5m, 0.05m, 28.1m, discretisation 0.15m, 0.05m, 0.15m, at 5.7787e-08 secs (iteration 980; magnetic fields at 5.77575e-08 secs) with field outputs Ex, Ey, Ez, Hx, Hy, Hz  and filename snap00980.h5 will be created.
Snapshot from 13.5m, 0m, 8m, to 22.5m, 0.05m, 28.1m, discretisation 0.15m, 0.05m, 0.15m, at 5.83767e-08 secs (iteration 990; magnetic fields at 5.83472e-08 secs) with field outputs Ex, Ey, Ez, Hx, Hy, Hz  and filename snap00990.h5 will be created.
Snapshot from 13.5m, 0m, 8m, to 22.5m, 0.05m, 28.1m, discretisation 0.15m, 0.05m, 0.15m, at 5.89664e-08 secs (iteration 1000; magnetic fields at 5.89369e-08 secs) with field outputs Ex, Ey, Ez, Hx, Hy, Hz  and filename snap01000.h5 will be created.
Snapshot from 13.5m, 0m, 8m, to 22.5m, 0.05m, 28.1m, discretisation 0.15m, 0.05m, 0.15m, at 5.9556e-08 secs (iteration 1010; magnetic fields at 5.95265e-08 secs) with field outputs Ex, Ey, Ez, Hx, Hy, Hz  and filename snap01010.h5 will be created.
Snapshot from 13.5m, 0m, 8m, to 22.5m, 0.05m, 28.1m, discretisation 0.15m, 0.05m, 0.15m, at 6.01457e-08 secs (iteration 1020; magnetic fields at 6.01162e-08 secs) with field outputs Ex, Ey, Ez, Hx, Hy, Hz  and filename snap01020.h5 will be created.
Snapshot from 13.5m, 0m, 8m, to 22.5m, 0.05m, 28.1m, discretisation 0.15m, 0.05m, 0.15m, at 6.07353e-08 secs (iteration 1030; magnetic fields at 6.07059e-08 secs) with field outputs Ex, Ey, Ez, Hx, Hy, Hz  and filename snap01030.h5 will be created.
Snapshot from 13.5m, 0m, 8m, to 22.5m, 0.05m, 28.1m, discretisation 0.15m, 0.05m, 0.15m, at 6.1325e-08 secs (iteration 1040; magnetic fields at 6.12955e-08 secs) with field outputs Ex, Ey, Ez, Hx, Hy, Hz  and filename snap01040.h5 will be created.
Snapshot from 13.5m, 0m, 8m, to 22.5m, 0.05m, 28.1m, discretisation 0.15m, 0.05m, 0.15m, at 6.19147e-08 secs (iteration 1050; magnetic fields at 6.18852e-08 secs) with field outputs Ex, Ey, Ez, Hx, Hy, Hz  and filename snap01050.h5 will be created.
Snapshot from 13.5m, 0m, 8m, to 22.5m, 0.05m, 28.1m, discretisation 0.15m, 0.05m, 0.15m, at 6.25043e-08 secs (iteration 1060; magnetic fields at 6.24749e-08 secs) with field outputs Ex, Ey, Ez, Hx, Hy, Hz  and filename snap01060.h5 will be created.
Snapshot from 13.5m, 0m, 8m, to 22.5m, 0.05m, 28.1m, discretisation 0.15m, 0.05m, 0.15m, at 6.3094e-08 secs (iteration 1070; magnetic fields at 6.30645e-08 secs) with field outputs Ex, Ey, Ez, Hx, Hy, Hz  and filename snap01070.h5 will be created.
Snapshot from 13.5m, 0m, 8m, to 22.5m, 0.05m, 28.1m, discretisation 0.15m, 0.05m, 0.15m, at 6.36837e-08 secs (iteration 1080; magnetic fields at 6.36542e-08 secs) with field outputs Ex, Ey, Ez, Hx, Hy, Hz  and filename snap01080.h5 will be created.
Snapshot from 13.5m, 0m, 8m, to 22.5m, 0.05m, 28.1m, discretisation 0.15m, 0.05m, 0.15m, at 6.42733e-08 secs (iteration 1090; magnetic fields at 6.42438e-08 secs) with field outputs Ex, Ey, Ez, Hx, Hy, Hz  and filename snap01090.h5 will be created.
Snapshot from 13.5m, 0m, 8m, to 22.5m, 0.05m, 28.1m, discretisation 0.15m, 0.05m, 0.15m, at 6.4863e-08 secs (iteration 1100; magnetic fields at 6.48335e-08 secs) with field outputs Ex, Ey, Ez, Hx, Hy, Hz  and filename snap01100.h5 will be created.
Snapshot from 13.5m, 0m, 8m, to 22.5m, 0.05m, 28.1m, discretisation 0.15m, 0.05m, 0.15m, at 6.54527e-08 secs (iteration 1110; magnetic fields at 6.54232e-08 secs) with field outputs Ex, Ey, Ez, Hx, Hy, Hz  and filename snap01110.h5 will be created.
Snapshot from 13.5m, 0m, 8m, to 22.5m, 0.05m, 28.1m, discretisation 0.15m, 0.05m, 0.15m, at 6.60423e-08 secs (iteration 1120; magnetic fields at 6.60128e-08 secs) with field outputs Ex, Ey, Ez, Hx, Hy, Hz  and filename snap01120.h5 will be created.
Snapshot from 13.5m, 0m, 8m, to 22.5m, 0.05m, 28.1m, discretisation 0.15m, 0.05m, 0.15m, at 6.6632e-08 secs (iteration 1130; magnetic fields at 6.66025e-08 secs) with field outputs Ex, Ey, Ez, Hx, Hy, Hz  and filename snap01130.h5 will be created.
Snapshot from 13.5m, 0m, 8m, to 22.5m, 0.05m, 28.1m, discretisation 0.15m, 0.05m, 0.15m, at 6.72216e-08 secs (iteration 1140; magnetic fields at 6.71922e-08 secs) with field outputs Ex, Ey, Ez, Hx, Hy, Hz  and filename snap01140.h5 will be created.
Snapshot from 13.5m, 0m, 8m, to 22.5m, 0.05m, 28.1m, discretisation 0.15m, 0.05m, 0.15m, at 6.78113e-08 secs (iteration 1150; magnetic fields at 6.77818e-08 secs) with field outputs Ex, Ey, Ez, Hx, Hy, Hz  and filename snap01150.h5 will be created.
Snapshot from 13.5m, 0m, 8m, to 22.5m, 0.05m, 28.1m, discretisation 0.15m, 0.05m, 0.15m, at 6.8401e-08 secs (iteration 1160; magnetic fields at 6.83715e-08 secs) with field outputs Ex, Ey, Ez, Hx, Hy, Hz  and filename snap01160.h5 will be created.
Snapshot from 13.5m, 0m, 8m, to 22.5m, 0.05m, 28.1m, discretisation 0.15m, 0.05m, 0.15m, at 6.89906e-08 secs (iteration 1170; magnetic fields at 6.89612e-08 secs) with field outputs Ex, Ey, Ez, Hx, Hy, Hz  and filename snap01170.h5 will be created.
Snapshot from 13.5m, 0m, 8m, to 22.5m, 0.05m, 28.1m, discretisation 0.15m, 0.05m, 0.15m, at 6.95803e-08 secs (iteration 1180; magnetic fields at 6.95508e-08 secs) with field outputs Ex, Ey, Ez, Hx, Hy, Hz  and filename snap01180.h5 will be created.
Snapshot from 13.5m, 0m, 8m, to 22.5m, 0.05m, 28.1m, discretisation 0.15m, 0.05m, 0.15m, at 7.017e-08 secs (iteration 1190; magnetic fields at 7.01405e-08 secs) with field outputs Ex, Ey, Ez, Hx, Hy, Hz  and filename snap01190.h5 will be created.
Snapshot from 13.5m, 0m, 8m, to 22.5m, 0.05m, 28.1m, discretisation 0.15m, 0.05m, 0.15m, at 7.07596e-08 secs (iteration 1200; magnetic fields at 7.07301e-08 secs) with field outputs Ex, Ey, Ez, Hx, Hy, Hz  and filename snap01200.h5 will be created.
Snapshot from 13.5m, 0m, 8m, to 22.5m, 0.05m, 28.1m, discretisation 0.15m, 0.05m, 0.15m, at 7.13493e-08 secs (iteration 1210; magnetic fields at 7.13198e-08 secs) with field outputs Ex, Ey, Ez, Hx, Hy, Hz  and filename snap01210.h5 will be created.
Snapshot from 13.5m, 0m, 8m, to 22.5m, 0.05m, 28.1m, discretisation 0.15m, 0.05m, 0.15m, at 7.1939e-08 secs (iteration 1220; magnetic fields at 7.19095e-08 secs) with field outputs Ex, Ey, Ez, Hx, Hy, Hz  and filename snap01220.h5 will be created.
Snapshot from 13.5m, 0m, 8m, to 22.5m, 0.05m, 28.1m, discretisation 0.15m, 0.05m, 0.15m, at 7.25286e-08 secs (iteration 1230; magnetic fields at 7.24991e-08 secs) with field outputs Ex, Ey, Ez, Hx, Hy, Hz  and filename snap01230.h5 will be created.
Snapshot from 13.5m, 0m, 8m, to 22.5m, 0.05m, 28.1m, discretisation 0.15m, 0.05m, 0.15m, at 7.31183e-08 secs (iteration 1240; magnetic fields at 7.30888e-08 secs) with field outputs Ex, Ey, Ez, Hx, Hy, Hz  and filename snap01240.h5 will be created.
Snapshot from 13.5m, 0m, 8m, to 22.5m, 0.05m, 28.1m, discretisation 0.15m, 0.05m, 0.15m, at 7.37079e-08 secs (iteration 1250; magnetic fields at 7.36785e-08 secs) with field outputs Ex, Ey, Ez, Hx, Hy, Hz  and filename snap01250.h5 will be created.
Snapshot from 13.5m, 0m, 8m, to 22.5m, 0.05m, 28.1m, discretisation 0.15m, 0.05m, 0.15m, at 7.42976e-08 secs (iteration 1260; magnetic fields at 7.42681e-08 secs) with field outputs Ex, Ey, Ez, Hx, Hy, Hz  and filename snap01260.h5 will be created.
Snapshot from 13.5m, 0m, 8m, to 22.5m, 0.05m, 28.1m, discretisation 0.15m, 0.05m, 0.15m, at 7.48873e-08 secs (iteration 1270; magnetic fields at 7.48578e-08 secs) with field outputs Ex, Ey, Ez, Hx, Hy, Hz  and filename snap01270.h5 will be created.
Snapshot from 13.5m, 0m, 8m, to 22.5m, 0.05m, 28.1m, discretisation 0.15m, 0.05m, 0.15m, at 7.54769e-08 secs (iteration 1280; magnetic fields at 7.54475e-08 secs) with field outputs Ex, Ey, Ez, Hx, Hy, Hz  and filename snap01280.h5 will be created.
Snapshot from 13.5m, 0m, 8m, to 22.5m, 0.05m, 28.1m, discretisation 0.15m, 0.05m, 0.15m, at 7.60666e-08 secs (iteration 1290; magnetic fields at 7.60371e-08 secs) with field outputs Ex, Ey, Ez, Hx, Hy, Hz  and filename snap01290.h5 will be created.
Snapshot from 13.5m, 0m, 8m, to 22.5m, 0.05m, 28.1m, discretisation 0.15m, 0.05m, 0.15m, at 7.66563e-08 secs (iteration 1300; magnetic fields at 7.66268e-08 secs) with field outputs Ex, Ey, Ez, Hx, Hy, Hz  and filename snap01300.h5 will be created.
Snapshot from 13.5m, 0m, 8m, to 22.5m, 0.05m, 28.1m, discretisation 0.15m, 0.05m, 0.15m, at 7.72459e-08 secs (iteration 1310; magnetic fields at 7.72164e-08 secs) with field outputs Ex, Ey, Ez, Hx, Hy, Hz  and filename snap01310.h5 will be created.
Snapshot from 13.5m, 0m, 8m, to 22.5m, 0.05m, 28.1m, discretisation 0.15m, 0.05m, 0.15m, at 7.78356e-08 secs (iteration 1320; magnetic fields at 7.78061e-08 secs) with field outputs Ex, Ey, Ez, Hx, Hy, Hz  and filename snap01320.h5 will be created.
Snapshot from 13.5m, 0m, 8m, to 22.5m, 0.05m, 28.1m, discretisation 0.15m, 0.05m, 0.15m, at 7.84253e-08 secs (iteration 1330; magnetic fields at 7.83958e-08 secs) with field outputs Ex, Ey, Ez, Hx, Hy, Hz  and filename snap01330.h5 will be created.
Snapshot from 13.5m, 0m, 8m, to 22.5m, 0.05m, 28.1m, discretisation 0.15m, 0.05m, 0.15m, at 7.90149e-08 secs (iteration 1340; magnetic fields at 7.89854e-08 secs) with field outputs Ex, Ey, Ez, Hx, Hy, Hz  and filename snap01340.h5 will be created.
Snapshot from 13.5m, 0m, 8m, to 22.5m, 0.05m, 28.1m, discretisation 0.15m, 0.05m, 0.15m, at 7.96046e-08 secs (iteration 1350; magnetic fields at 7.95751e-08 secs) with field outputs Ex, Ey, Ez, Hx, Hy, Hz  and filename snap01350.h5 will be created.
Snapshot from 13.5m, 0m, 8m, to 22.5m, 0.05m, 28.1m, discretisation 0.15m, 0.05m, 0.15m, at 8.01942e-08 secs (iteration 1360; magnetic fields at 8.01648e-08 secs) with field outputs Ex, Ey, Ez, Hx, Hy, Hz  and filename snap01360.h5 will be created.
Snapshot from 13.5m, 0m, 8m, to 22.5m, 0.05m, 28.1m, discretisation 0.15m, 0.05m, 0.15m, at 8.07839e-08 secs (iteration 1370; magnetic fields at 8.07544e-08 secs) with field outputs Ex, Ey, Ez, Hx, Hy, Hz  and filename snap01370.h5 will be created.
Snapshot from 13.5m, 0m, 8m, to 22.5m, 0.05m, 28.1m, discretisation 0.15m, 0.05m, 0.15m, at 8.13736e-08 secs (iteration 1380; magnetic fields at 8.13441e-08 secs) with field outputs Ex, Ey, Ez, Hx, Hy, Hz  and filename snap01380.h5 will be created.
Snapshot from 13.5m, 0m, 8m, to 22.5m, 0.05m, 28.1m, discretisation 0.15m, 0.05m, 0.15m, at 8.19632e-08 secs (iteration 1390; magnetic fields at 8.19338e-08 secs) with field outputs Ex, Ey, Ez, Hx, Hy, Hz  and filename snap01390.h5 will be created.
Snapshot from 13.5m, 0m, 8m, to 22.5m, 0.05m, 28.1m, discretisation 0.15m, 0.05m, 0.15m, at 8.25529e-08 secs (iteration 1400; magnetic fields at 8.25234e-08 secs) with field outputs Ex, Ey, Ez, Hx, Hy, Hz  and filename snap01400.h5 will be created.
Snapshot from 13.5m, 0m, 8m, to 22.5m, 0.05m, 28.1m, discretisation 0.15m, 0.05m, 0.15m, at 8.31426e-08 secs (iteration 1410; magnetic fields at 8.31131e-08 secs) with field outputs Ex, Ey, Ez, Hx, Hy, Hz  and filename snap01410.h5 will be created.
Snapshot from 13.5m, 0m, 8m, to 22.5m, 0.05m, 28.1m, discretisation 0.15m, 0.05m, 0.15m, at 8.37322e-08 secs (iteration 1420; magnetic fields at 8.37027e-08 secs) with field outputs Ex, Ey, Ez, Hx, Hy, Hz  and filename snap01420.h5 will be created.
Snapshot from 13.5m, 0m, 8m, to 22.5m, 0.05m, 28.1m, discretisation 0.15m, 0.05m, 0.15m, at 8.43219e-08 secs (iteration 1430; magnetic fields at 8.42924e-08 secs) with field outputs Ex, Ey, Ez, Hx, Hy, Hz  and filename snap01430.h5 will be created.
Snapshot from 13.5m, 0m, 8m, to 22.5m, 0.05m, 28.1m, discretisation 0.15m, 0.05m, 0.15m, at 8.49116e-08 secs (iteration 1440; magnetic fields at 8.48821e-08 secs) with field outputs Ex, Ey, Ez, Hx, Hy, Hz  and filename snap01440.h5 will be created.
Snapshot from 13.5m, 0m, 8m, to 22.5m, 0.05m, 28.1m, discretisation 0.15m, 0.05m, 0.15m, at 8.55012e-08 secs (iteration 1450; magnetic fields at 8.54717e-08 secs) with field outputs Ex, Ey, Ez, Hx, Hy, Hz  and filename snap01450.h5 will be created.
Snapshot from 13.5m, 0m, 8m, to 22.5m, 0.05m, 28.1m, discretisation 0.15m, 0.05m, 0.15m, at 8.60909e-08 secs (iteration 1460; magnetic fields at 8.60614e-08 secs) with field outputs Ex, Ey, Ez, Hx, Hy, Hz  and filename snap01460.h5 will be created.
Snapshot from 13.5m, 0m, 8m, to 22.5m, 0.05m, 28.1m, discretisation 0.15m, 0.05m, 0.15m, at 8.66805e-08 secs (iteration 1470; magnetic fields at 8.66511e-08 secs) with field outputs Ex, Ey, Ez, Hx, Hy, Hz  and filename snap01470.h5 will be created.
Snapshot from 13.5m, 0m, 8m, to 22.5m, 0.05m, 28.1m, discretisation 0.15m, 0.05m, 0.15m, at 8.72702e-08 secs (iteration 1480; magnetic fields at 8.72407e-08 secs) with field outputs Ex, Ey, Ez, Hx, Hy, Hz  and filename snap01480.h5 will be created.
Snapshot from 13.5m, 0m, 8m, to 22.5m, 0.05m, 28.1m, discretisation 0.15m, 0.05m, 0.15m, at 8.78599e-08 secs (iteration 1490; magnetic fields at 8.78304e-08 secs) with field outputs Ex, Ey, Ez, Hx, Hy, Hz  and filename snap01490.h5 will be created.
Snapshot from 13.5m, 0m, 8m, to 22.5m, 0.05m, 28.1m, discretisation 0.15m, 0.05m, 0.15m, at 8.84495e-08 secs (iteration 1500; magnetic fields at 8.84201e-08 secs) with field outputs Ex, Ey, Ez, Hx, Hy, Hz  and filename snap01500.h5 will be created.
Snapshot from 13.5m, 0m, 8m, to 22.5m, 0.05m, 28.1m, discretisation 0.15m, 0.05m, 0.15m, at 8.90392e-08 secs (iteration 1510; magnetic fields at 8.90097e-08 secs) with field outputs Ex, Ey, Ez, Hx, Hy, Hz  and filename snap01510.h5 will be created.
Snapshot from 13.5m, 0m, 8m, to 22.5m, 0.05m, 28.1m, discretisation 0.15m, 0.05m, 0.15m, at 8.96289e-08 secs (iteration 1520; magnetic fields at 8.95994e-08 secs) with field outputs Ex, Ey, Ez, Hx, Hy, Hz  and filename snap01520.h5 will be created.
Snapshot from 13.5m, 0m, 8m, to 22.5m, 0.05m, 28.1m, discretisation 0.15m, 0.05m, 0.15m, at 9.02185e-08 secs (iteration 1530; magnetic fields at 9.0189e-08 secs) with field outputs Ex, Ey, Ez, Hx, Hy, Hz  and filename snap01530.h5 will be created.
Snapshot from 13.5m, 0m, 8m, to 22.5m, 0.05m, 28.1m, discretisation 0.15m, 0.05m, 0.15m, at 9.08082e-08 secs (iteration 1540; magnetic fields at 9.07787e-08 secs) with field outputs Ex, Ey, Ez, Hx, Hy, Hz  and filename snap01540.h5 will be created.
Snapshot from 13.5m, 0m, 8m, to 22.5m, 0.05m, 28.1m, discretisation 0.15m, 0.05m, 0.15m, at 9.13979e-08 secs (iteration 1550; magnetic fields at 9.13684e-08 secs) with field outputs Ex, Ey, Ez, Hx, Hy, Hz  and filename snap01550.h5 will be created.
Snapshot from 13.5m, 0m, 8m, to 22.5m, 0.05m, 28.1m, discretisation 0.15m, 0.05m, 0.15m, at 9.19875e-08 secs (iteration 1560; magnetic fields at 9.1958e-08 secs) with field outputs Ex, Ey, Ez, Hx, Hy, Hz  and filename snap01560.h5 will be created.
Snapshot from 13.5m, 0m, 8m, to 22.5m, 0.05m, 28.1m, discretisation 0.15m, 0.05m, 0.15m, at 9.25772e-08 secs (iteration 1570; magnetic fields at 9.25477e-08 secs) with field outputs Ex, Ey, Ez, Hx, Hy, Hz  and filename snap01570.h5 will be created.
Snapshot from 13.5m, 0m, 8m, to 22.5m, 0.05m, 28.1m, discretisation 0.15m, 0.05m, 0.15m, at 9.31668e-08 secs (iteration 1580; magnetic fields at 9.31374e-08 secs) with field outputs Ex, Ey, Ez, Hx, Hy, Hz  and filename snap01580.h5 will be created.
Snapshot from 13.5m, 0m, 8m, to 22.5m, 0.05m, 28.1m, discretisation 0.15m, 0.05m, 0.15m, at 9.37565e-08 secs (iteration 1590; magnetic fields at 9.3727e-08 secs) with field outputs Ex, Ey, Ez, Hx, Hy, Hz  and filename snap01590.h5 will be created.
Snapshot from 13.5m, 0m, 8m, to 22.5m, 0.05m, 28.1m, discretisation 0.15m, 0.05m, 0.15m, at 9.43462e-08 secs (iteration 1600; magnetic fields at 9.43167e-08 secs) with field outputs Ex, Ey, Ez, Hx, Hy, Hz  and filename snap01600.h5 will be created.
Snapshot from 13.5m, 0m, 8m, to 22.5m, 0.05m, 28.1m, discretisation 0.15m, 0.05m, 0.15m, at 9.49358e-08 secs (iteration 1610; magnetic fields at 9.49064e-08 secs) with field outputs Ex, Ey, Ez, Hx, Hy, Hz  and filename snap01610.h5 will be created.
Snapshot from 13.5m, 0m, 8m, to 22.5m, 0.05m, 28.1m, discretisation 0.15m, 0.05m, 0.15m, at 9.55255e-08 secs (iteration 1620; magnetic fields at 9.5496e-08 secs) with field outputs Ex, Ey, Ez, Hx, Hy, Hz  and filename snap01620.h5 will be created.
Snapshot from 13.5m, 0m, 8m, to 22.5m, 0.05m, 28.1m, discretisation 0.15m, 0.05m, 0.15m, at 9.61152e-08 secs (iteration 1630; magnetic fields at 9.60857e-08 secs) with field outputs Ex, Ey, Ez, Hx, Hy, Hz  and filename snap01630.h5 will be created.
Snapshot from 13.5m, 0m, 8m, to 22.5m, 0.05m, 28.1m, discretisation 0.15m, 0.05m, 0.15m, at 9.67048e-08 secs (iteration 1640; magnetic fields at 9.66753e-08 secs) with field outputs Ex, Ey, Ez, Hx, Hy, Hz  and filename snap01640.h5 will be created.
Snapshot from 13.5m, 0m, 8m, to 22.5m, 0.05m, 28.1m, discretisation 0.15m, 0.05m, 0.15m, at 9.72945e-08 secs (iteration 1650; magnetic fields at 9.7265e-08 secs) with field outputs Ex, Ey, Ez, Hx, Hy, Hz  and filename snap01650.h5 will be created.
Snapshot from 13.5m, 0m, 8m, to 22.5m, 0.05m, 28.1m, discretisation 0.15m, 0.05m, 0.15m, at 9.78842e-08 secs (iteration 1660; magnetic fields at 9.78547e-08 secs) with field outputs Ex, Ey, Ez, Hx, Hy, Hz  and filename snap01660.h5 will be created.
Snapshot from 13.5m, 0m, 8m, to 22.5m, 0.05m, 28.1m, discretisation 0.15m, 0.05m, 0.15m, at 9.84738e-08 secs (iteration 1670; magnetic fields at 9.84443e-08 secs) with field outputs Ex, Ey, Ez, Hx, Hy, Hz  and filename snap01670.h5 will be created.
Snapshot from 13.5m, 0m, 8m, to 22.5m, 0.05m, 28.1m, discretisation 0.15m, 0.05m, 0.15m, at 9.90635e-08 secs (iteration 1680; magnetic fields at 9.9034e-08 secs) with field outputs Ex, Ey, Ez, Hx, Hy, Hz  and filename snap01680.h5 will be created.
Snapshot from 13.5m, 0m, 8m, to 22.5m, 0.05m, 28.1m, discretisation 0.15m, 0.05m, 0.15m, at 9.96531e-08 secs (iteration 1690; magnetic fields at 9.96237e-08 secs) with field outputs Ex, Ey, Ez, Hx, Hy, Hz  and filename snap01690.h5 will be created.
Snapshot from 13.5m, 0m, 8m, to 22.5m, 0.05m, 28.1m, discretisation 0.15m, 0.05m, 0.15m, at 1.00243e-07 secs (iteration 1700; magnetic fields at 1.00213e-07 secs) with field outputs Ex, Ey, Ez, Hx, Hy, Hz  and filename snap01700.h5 will be created.
Snapshot from 13.5m, 0m, 8m, to 22.5m, 0.05m, 28.1m, discretisation 0.15m, 0.05m, 0.15m, at 1.00832e-07 secs (iteration 1710; magnetic fields at 1.00803e-07 secs) with field outputs Ex, Ey, Ez, Hx, Hy, Hz  and filename snap01710.h5 will be created.
Snapshot from 13.5m, 0m, 8m, to 22.5m, 0.05m, 28.1m, discretisation 0.15m, 0.05m, 0.15m, at 1.01422e-07 secs (iteration 1720; magnetic fields at 1.01393e-07 secs) with field outputs Ex, Ey, Ez, Hx, Hy, Hz  and filename snap01720.h5 will be created.
Snapshot from 13.5m, 0m, 8m, to 22.5m, 0.05m, 28.1m, discretisation 0.15m, 0.05m, 0.15m, at 1.02012e-07 secs (iteration 1730; magnetic fields at 1.01982e-07 secs) with field outputs Ex, Ey, Ez, Hx, Hy, Hz  and filename snap01730.h5 will be created.
Snapshot from 13.5m, 0m, 8m, to 22.5m, 0.05m, 28.1m, discretisation 0.15m, 0.05m, 0.15m, at 1.02601e-07 secs (iteration 1740; magnetic fields at 1.02572e-07 secs) with field outputs Ex, Ey, Ez, Hx, Hy, Hz  and filename snap01740.h5 will be created.
Snapshot from 13.5m, 0m, 8m, to 22.5m, 0.05m, 28.1m, discretisation 0.15m, 0.05m, 0.15m, at 1.03191e-07 secs (iteration 1750; magnetic fields at 1.03162e-07 secs) with field outputs Ex, Ey, Ez, Hx, Hy, Hz  and filename snap01750.h5 will be created.
Snapshot from 13.5m, 0m, 8m, to 22.5m, 0.05m, 28.1m, discretisation 0.15m, 0.05m, 0.15m, at 1.03781e-07 secs (iteration 1760; magnetic fields at 1.03751e-07 secs) with field outputs Ex, Ey, Ez, Hx, Hy, Hz  and filename snap01760.h5 will be created.
Snapshot from 13.5m, 0m, 8m, to 22.5m, 0.05m, 28.1m, discretisation 0.15m, 0.05m, 0.15m, at 1.0437e-07 secs (iteration 1770; magnetic fields at 1.04341e-07 secs) with field outputs Ex, Ey, Ez, Hx, Hy, Hz  and filename snap01770.h5 will be created.
Snapshot from 13.5m, 0m, 8m, to 22.5m, 0.05m, 28.1m, discretisation 0.15m, 0.05m, 0.15m, at 1.0496e-07 secs (iteration 1780; magnetic fields at 1.04931e-07 secs) with field outputs Ex, Ey, Ez, Hx, Hy, Hz  and filename snap01780.h5 will be created.
Snapshot from 13.5m, 0m, 8m, to 22.5m, 0.05m, 28.1m, discretisation 0.15m, 0.05m, 0.15m, at 1.0555e-07 secs (iteration 1790; magnetic fields at 1.0552e-07 secs) with field outputs Ex, Ey, Ez, Hx, Hy, Hz  and filename snap01790.h5 will be created.
Snapshot from 13.5m, 0m, 8m, to 22.5m, 0.05m, 28.1m, discretisation 0.15m, 0.05m, 0.15m, at 1.06139e-07 secs (iteration 1800; magnetic fields at 1.0611e-07 secs) with field outputs Ex, Ey, Ez, Hx, Hy, Hz  and filename snap01800.h5 will be created.
Snapshot from 13.5m, 0m, 8m, to 22.5m, 0.05m, 28.1m, discretisation 0.15m, 0.05m, 0.15m, at 1.06729e-07 secs (iteration 1810; magnetic fields at 1.067e-07 secs) with field outputs Ex, Ey, Ez, Hx, Hy, Hz  and filename snap01810.h5 will be created.
Snapshot from 13.5m, 0m, 8m, to 22.5m, 0.05m, 28.1m, discretisation 0.15m, 0.05m, 0.15m, at 1.07319e-07 secs (iteration 1820; magnetic fields at 1.07289e-07 secs) with field outputs Ex, Ey, Ez, Hx, Hy, Hz  and filename snap01820.h5 will be created.
Snapshot from 13.5m, 0m, 8m, to 22.5m, 0.05m, 28.1m, discretisation 0.15m, 0.05m, 0.15m, at 1.07908e-07 secs (iteration 1830; magnetic fields at 1.07879e-07 secs) with field outputs Ex, Ey, Ez, Hx, Hy, Hz  and filename snap01830.h5 will be created.
Snapshot from 13.5m, 0m, 8m, to 22.5m, 0.05m, 28.1m, discretisation 0.15m, 0.05m, 0.15m, at 1.08498e-07 secs (iteration 1840; magnetic fields at 1.08469e-07 secs) with field outputs Ex, Ey, Ez, Hx, Hy, Hz  and filename snap01840.h5 will be created.
Snapshot from 13.5m, 0m, 8m, to 22.5m, 0.05m, 28.1m, discretisation 0.15m, 0.05m, 0.15m, at 1.09088e-07 secs (iteration 1850; magnetic fields at 1.09058e-07 secs) with field outputs Ex, Ey, Ez, Hx, Hy, Hz  and filename snap01850.h5 will be created.
Snapshot from 13.5m, 0m, 8m, to 22.5m, 0.05m, 28.1m, discretisation 0.15m, 0.05m, 0.15m, at 1.09677e-07 secs (iteration 1860; magnetic fields at 1.09648e-07 secs) with field outputs Ex, Ey, Ez, Hx, Hy, Hz  and filename snap01860.h5 will be created.
Snapshot from 13.5m, 0m, 8m, to 22.5m, 0.05m, 28.1m, discretisation 0.15m, 0.05m, 0.15m, at 1.10267e-07 secs (iteration 1870; magnetic fields at 1.10238e-07 secs) with field outputs Ex, Ey, Ez, Hx, Hy, Hz  and filename snap01870.h5 will be created.
Snapshot from 13.5m, 0m, 8m, to 22.5m, 0.05m, 28.1m, discretisation 0.15m, 0.05m, 0.15m, at 1.10857e-07 secs (iteration 1880; magnetic fields at 1.10827e-07 secs) with field outputs Ex, Ey, Ez, Hx, Hy, Hz  and filename snap01880.h5 will be created.
Snapshot from 13.5m, 0m, 8m, to 22.5m, 0.05m, 28.1m, discretisation 0.15m, 0.05m, 0.15m, at 1.11446e-07 secs (iteration 1890; magnetic fields at 1.11417e-07 secs) with field outputs Ex, Ey, Ez, Hx, Hy, Hz  and filename snap01890.h5 will be created.
Snapshot from 13.5m, 0m, 8m, to 22.5m, 0.05m, 28.1m, discretisation 0.15m, 0.05m, 0.15m, at 1.12036e-07 secs (iteration 1900; magnetic fields at 1.12007e-07 secs) with field outputs Ex, Ey, Ez, Hx, Hy, Hz  and filename snap01900.h5 will be created.
Snapshot from 13.5m, 0m, 8m, to 22.5m, 0.05m, 28.1m, discretisation 0.15m, 0.05m, 0.15m, at 1.12626e-07 secs (iteration 1910; magnetic fields at 1.12596e-07 secs) with field outputs Ex, Ey, Ez, Hx, Hy, Hz  and filename snap01910.h5 will be created.
Snapshot from 13.5m, 0m, 8m, to 22.5m, 0.05m, 28.1m, discretisation 0.15m, 0.05m, 0.15m, at 1.13215e-07 secs (iteration 1920; magnetic fields at 1.13186e-07 secs) with field outputs Ex, Ey, Ez, Hx, Hy, Hz  and filename snap01920.h5 will be created.
Snapshot from 13.5m, 0m, 8m, to 22.5m, 0.05m, 28.1m, discretisation 0.15m, 0.05m, 0.15m, at 1.13805e-07 secs (iteration 1930; magnetic fields at 1.13776e-07 secs) with field outputs Ex, Ey, Ez, Hx, Hy, Hz  and filename snap01930.h5 will be created.
Snapshot from 13.5m, 0m, 8m, to 22.5m, 0.05m, 28.1m, discretisation 0.15m, 0.05m, 0.15m, at 1.14395e-07 secs (iteration 1940; magnetic fields at 1.14365e-07 secs) with field outputs Ex, Ey, Ez, Hx, Hy, Hz  and filename snap01940.h5 will be created.
Snapshot from 13.5m, 0m, 8m, to 22.5m, 0.05m, 28.1m, discretisation 0.15m, 0.05m, 0.15m, at 1.14984e-07 secs (iteration 1950; magnetic fields at 1.14955e-07 secs) with field outputs Ex, Ey, Ez, Hx, Hy, Hz  and filename snap01950.h5 will be created.
Snapshot from 13.5m, 0m, 8m, to 22.5m, 0.05m, 28.1m, discretisation 0.15m, 0.05m, 0.15m, at 1.15574e-07 secs (iteration 1960; magnetic fields at 1.15545e-07 secs) with field outputs Ex, Ey, Ez, Hx, Hy, Hz  and filename snap01960.h5 will be created.
Snapshot from 13.5m, 0m, 8m, to 22.5m, 0.05m, 28.1m, discretisation 0.15m, 0.05m, 0.15m, at 1.16164e-07 secs (iteration 1970; magnetic fields at 1.16134e-07 secs) with field outputs Ex, Ey, Ez, Hx, Hy, Hz  and filename snap01970.h5 will be created.
Snapshot from 13.5m, 0m, 8m, to 22.5m, 0.05m, 28.1m, discretisation 0.15m, 0.05m, 0.15m, at 1.16753e-07 secs (iteration 1980; magnetic fields at 1.16724e-07 secs) with field outputs Ex, Ey, Ez, Hx, Hy, Hz  and filename snap01980.h5 will be created.
Snapshot from 13.5m, 0m, 8m, to 22.5m, 0.05m, 28.1m, discretisation 0.15m, 0.05m, 0.15m, at 1.17343e-07 secs (iteration 1990; magnetic fields at 1.17314e-07 secs) with field outputs Ex, Ey, Ez, Hx, Hy, Hz  and filename snap01990.h5 will be created.
Snapshot from 13.5m, 0m, 8m, to 22.5m, 0.05m, 28.1m, discretisation 0.15m, 0.05m, 0.15m, at 1.17933e-07 secs (iteration 2000; magnetic fields at 1.17903e-07 secs) with field outputs Ex, Ey, Ez, Hx, Hy, Hz  and filename snap02000.h5 will be created.
Snapshot from 13.5m, 0m, 8m, to 22.5m, 0.05m, 28.1m, discretisation 0.15m, 0.05m, 0.15m, at 1.18522e-07 secs (iteration 2010; magnetic fields at 1.18493e-07 secs) with field outputs Ex, Ey, Ez, Hx, Hy, Hz  and filename snap02010.h5 will be created.
Snapshot from 13.5m, 0m, 8m, to 22.5m, 0.05m, 28.1m, discretisation 0.15m, 0.05m, 0.15m, at 1.19112e-07 secs (iteration 2020; magnetic fields at 1.19083e-07 secs) with field outputs Ex, Ey, Ez, Hx, Hy, Hz  and filename snap02020.h5 will be created.
Snapshot from 13.5m, 0m, 8m, to 22.5m, 0.05m, 28.1m, discretisation 0.15m, 0.05m, 0.15m, at 1.19702e-07 secs (iteration 2030; magnetic fields at 1.19672e-07 secs) with field outputs Ex, Ey, Ez, Hx, Hy, Hz  and filename snap02030.h5 will be created.
Snapshot from 13.5m, 0m, 8m, to 22.5m, 0.05m, 28.1m, discretisation 0.15m, 0.05m, 0.15m, at 1.20291e-07 secs (iteration 2040; magnetic fields at 1.20262e-07 secs) with field outputs Ex, Ey, Ez, Hx, Hy, Hz  and filename snap02040.h5 will be created.
Snapshot from 13.5m, 0m, 8m, to 22.5m, 0.05m, 28.1m, discretisation 0.15m, 0.05m, 0.15m, at 1.20881e-07 secs (iteration 2050; magnetic fields at 1.20852e-07 secs) with field outputs Ex, Ey, Ez, Hx, Hy, Hz  and filename snap02050.h5 will be created.
Snapshot from 13.5m, 0m, 8m, to 22.5m, 0.05m, 28.1m, discretisation 0.15m, 0.05m, 0.15m, at 1.21471e-07 secs (iteration 2060; magnetic fields at 1.21441e-07 secs) with field outputs Ex, Ey, Ez, Hx, Hy, Hz  and filename snap02060.h5 will be created.
Snapshot from 13.5m, 0m, 8m, to 22.5m, 0.05m, 28.1m, discretisation 0.15m, 0.05m, 0.15m, at 1.2206e-07 secs (iteration 2070; magnetic fields at 1.22031e-07 secs) with field outputs Ex, Ey, Ez, Hx, Hy, Hz  and filename snap02070.h5 will be created.
Snapshot from 13.5m, 0m, 8m, to 22.5m, 0.05m, 28.1m, discretisation 0.15m, 0.05m, 0.15m, at 1.2265e-07 secs (iteration 2080; magnetic fields at 1.22621e-07 secs) with field outputs Ex, Ey, Ez, Hx, Hy, Hz  and filename snap02080.h5 will be created.
Snapshot from 13.5m, 0m, 8m, to 22.5m, 0.05m, 28.1m, discretisation 0.15m, 0.05m, 0.15m, at 1.2324e-07 secs (iteration 2090; magnetic fields at 1.2321e-07 secs) with field outputs Ex, Ey, Ez, Hx, Hy, Hz  and filename snap02090.h5 will be created.
Snapshot from 13.5m, 0m, 8m, to 22.5m, 0.05m, 28.1m, discretisation 0.15m, 0.05m, 0.15m, at 1.23829e-07 secs (iteration 2100; magnetic fields at 1.238e-07 secs) with field outputs Ex, Ey, Ez, Hx, Hy, Hz  and filename snap02100.h5 will be created.
Snapshot from 13.5m, 0m, 8m, to 22.5m, 0.05m, 28.1m, discretisation 0.15m, 0.05m, 0.15m, at 1.24419e-07 secs (iteration 2110; magnetic fields at 1.2439e-07 secs) with field outputs Ex, Ey, Ez, Hx, Hy, Hz  and filename snap02110.h5 will be created.
Snapshot from 13.5m, 0m, 8m, to 22.5m, 0.05m, 28.1m, discretisation 0.15m, 0.05m, 0.15m, at 1.25009e-07 secs (iteration 2120; magnetic fields at 1.24979e-07 secs) with field outputs Ex, Ey, Ez, Hx, Hy, Hz  and filename snap02120.h5 will be created.
Snapshot from 13.5m, 0m, 8m, to 22.5m, 0.05m, 28.1m, discretisation 0.15m, 0.05m, 0.15m, at 1.25598e-07 secs (iteration 2130; magnetic fields at 1.25569e-07 secs) with field outputs Ex, Ey, Ez, Hx, Hy, Hz  and filename snap02130.h5 will be created.
Snapshot from 13.5m, 0m, 8m, to 22.5m, 0.05m, 28.1m, discretisation 0.15m, 0.05m, 0.15m, at 1.26188e-07 secs (iteration 2140; magnetic fields at 1.26159e-07 secs) with field outputs Ex, Ey, Ez, Hx, Hy, Hz  and filename snap02140.h5 will be created.
Snapshot from 13.5m, 0m, 8m, to 22.5m, 0.05m, 28.1m, discretisation 0.15m, 0.05m, 0.15m, at 1.26778e-07 secs (iteration 2150; magnetic fields at 1.26748e-07 secs) with field outputs Ex, Ey, Ez, Hx, Hy, Hz  and filename snap02150.h5 will be created.
Snapshot from 13.5m, 0m, 8m, to 22.5m, 0.05m, 28.1m, discretisation 0.15m, 0.05m, 0.15m, at 1.27367e-07 secs (iteration 2160; magnetic fields at 1.27338e-07 secs) with field outputs Ex, Ey, Ez, Hx, Hy, Hz  and filename snap02160.h5 will be created.
Snapshot from 13.5m, 0m, 8m, to 22.5m, 0.05m, 28.1m, discretisation 0.15m, 0.05m, 0.15m, at 1.27957e-07 secs (iteration 2170; magnetic fields at 1.27928e-07 secs) with field outputs Ex, Ey, Ez, Hx, Hy, Hz  and filename snap02170.h5 will be created.
Snapshot from 13.5m, 0m, 8m, to 22.5m, 0.05m, 28.1m, discretisation 0.15m, 0.05m, 0.15m, at 1.28547e-07 secs (iteration 2180; magnetic fields at 1.28517e-07 secs) with field outputs Ex, Ey, Ez, Hx, Hy, Hz  and filename snap02180.h5 will be created.
Snapshot from 13.5m, 0m, 8m, to 22.5m, 0.05m, 28.1m, discretisation 0.15m, 0.05m, 0.15m, at 1.29136e-07 secs (iteration 2190; magnetic fields at 1.29107e-07 secs) with field outputs Ex, Ey, Ez, Hx, Hy, Hz  and filename snap02190.h5 will be created.
Snapshot from 13.5m, 0m, 8m, to 22.5m, 0.05m, 28.1m, discretisation 0.15m, 0.05m, 0.15m, at 1.29726e-07 secs (iteration 2200; magnetic fields at 1.29697e-07 secs) with field outputs Ex, Ey, Ez, Hx, Hy, Hz  and filename snap02200.h5 will be created.
Snapshot from 13.5m, 0m, 8m, to 22.5m, 0.05m, 28.1m, discretisation 0.15m, 0.05m, 0.15m, at 1.30316e-07 secs (iteration 2210; magnetic fields at 1.30286e-07 secs) with field outputs Ex, Ey, Ez, Hx, Hy, Hz  and filename snap02210.h5 will be created.
Snapshot from 13.5m, 0m, 8m, to 22.5m, 0.05m, 28.1m, discretisation 0.15m, 0.05m, 0.15m, at 1.30905e-07 secs (iteration 2220; magnetic fields at 1.30876e-07 secs) with field outputs Ex, Ey, Ez, Hx, Hy, Hz  and filename snap02220.h5 will be created.
Snapshot from 13.5m, 0m, 8m, to 22.5m, 0.05m, 28.1m, discretisation 0.15m, 0.05m, 0.15m, at 1.31495e-07 secs (iteration 2230; magnetic fields at 1.31465e-07 secs) with field outputs Ex, Ey, Ez, Hx, Hy, Hz  and filename snap02230.h5 will be created.
Snapshot from 13.5m, 0m, 8m, to 22.5m, 0.05m, 28.1m, discretisation 0.15m, 0.05m, 0.15m, at 1.32085e-07 secs (iteration 2240; magnetic fields at 1.32055e-07 secs) with field outputs Ex, Ey, Ez, Hx, Hy, Hz  and filename snap02240.h5 will be created.
Snapshot from 13.5m, 0m, 8m, to 22.5m, 0.05m, 28.1m, discretisation 0.15m, 0.05m, 0.15m, at 1.32674e-07 secs (iteration 2250; magnetic fields at 1.32645e-07 secs) with field outputs Ex, Ey, Ez, Hx, Hy, Hz  and filename snap02250.h5 will be created.
Snapshot from 13.5m, 0m, 8m, to 22.5m, 0.05m, 28.1m, discretisation 0.15m, 0.05m, 0.15m, at 1.33264e-07 secs (iteration 2260; magnetic fields at 1.33234e-07 secs) with field outputs Ex, Ey, Ez, Hx, Hy, Hz  and filename snap02260.h5 will be created.
Snapshot from 13.5m, 0m, 8m, to 22.5m, 0.05m, 28.1m, discretisation 0.15m, 0.05m, 0.15m, at 1.33854e-07 secs (iteration 2270; magnetic fields at 1.33824e-07 secs) with field outputs Ex, Ey, Ez, Hx, Hy, Hz  and filename snap02270.h5 will be created.
Snapshot from 13.5m, 0m, 8m, to 22.5m, 0.05m, 28.1m, discretisation 0.15m, 0.05m, 0.15m, at 1.34443e-07 secs (iteration 2280; magnetic fields at 1.34414e-07 secs) with field outputs Ex, Ey, Ez, Hx, Hy, Hz  and filename snap02280.h5 will be created.
Snapshot from 13.5m, 0m, 8m, to 22.5m, 0.05m, 28.1m, discretisation 0.15m, 0.05m, 0.15m, at 1.35033e-07 secs (iteration 2290; magnetic fields at 1.35003e-07 secs) with field outputs Ex, Ey, Ez, Hx, Hy, Hz  and filename snap02290.h5 will be created.
Snapshot from 13.5m, 0m, 8m, to 22.5m, 0.05m, 28.1m, discretisation 0.15m, 0.05m, 0.15m, at 1.35623e-07 secs (iteration 2300; magnetic fields at 1.35593e-07 secs) with field outputs Ex, Ey, Ez, Hx, Hy, Hz  and filename snap02300.h5 will be created.
Snapshot from 13.5m, 0m, 8m, to 22.5m, 0.05m, 28.1m, discretisation 0.15m, 0.05m, 0.15m, at 1.36212e-07 secs (iteration 2310; magnetic fields at 1.36183e-07 secs) with field outputs Ex, Ey, Ez, Hx, Hy, Hz  and filename snap02310.h5 will be created.
Snapshot from 13.5m, 0m, 8m, to 22.5m, 0.05m, 28.1m, discretisation 0.15m, 0.05m, 0.15m, at 1.36802e-07 secs (iteration 2320; magnetic fields at 1.36772e-07 secs) with field outputs Ex, Ey, Ez, Hx, Hy, Hz  and filename snap02320.h5 will be created.
Snapshot from 13.5m, 0m, 8m, to 22.5m, 0.05m, 28.1m, discretisation 0.15m, 0.05m, 0.15m, at 1.37392e-07 secs (iteration 2330; magnetic fields at 1.37362e-07 secs) with field outputs Ex, Ey, Ez, Hx, Hy, Hz  and filename snap02330.h5 will be created.
Snapshot from 13.5m, 0m, 8m, to 22.5m, 0.05m, 28.1m, discretisation 0.15m, 0.05m, 0.15m, at 1.37981e-07 secs (iteration 2340; magnetic fields at 1.37952e-07 secs) with field outputs Ex, Ey, Ez, Hx, Hy, Hz  and filename snap02340.h5 will be created.
Snapshot from 13.5m, 0m, 8m, to 22.5m, 0.05m, 28.1m, discretisation 0.15m, 0.05m, 0.15m, at 1.38571e-07 secs (iteration 2350; magnetic fields at 1.38541e-07 secs) with field outputs Ex, Ey, Ez, Hx, Hy, Hz  and filename snap02350.h5 will be created.
Snapshot from 13.5m, 0m, 8m, to 22.5m, 0.05m, 28.1m, discretisation 0.15m, 0.05m, 0.15m, at 1.39161e-07 secs (iteration 2360; magnetic fields at 1.39131e-07 secs) with field outputs Ex, Ey, Ez, Hx, Hy, Hz  and filename snap02360.h5 will be created.
Snapshot from 13.5m, 0m, 8m, to 22.5m, 0.05m, 28.1m, discretisation 0.15m, 0.05m, 0.15m, at 1.3975e-07 secs (iteration 2370; magnetic fields at 1.39721e-07 secs) with field outputs Ex, Ey, Ez, Hx, Hy, Hz  and filename snap02370.h5 will be created.
Snapshot from 13.5m, 0m, 8m, to 22.5m, 0.05m, 28.1m, discretisation 0.15m, 0.05m, 0.15m, at 1.4034e-07 secs (iteration 2380; magnetic fields at 1.4031e-07 secs) with field outputs Ex, Ey, Ez, Hx, Hy, Hz  and filename snap02380.h5 will be created.
Snapshot from 13.5m, 0m, 8m, to 22.5m, 0.05m, 28.1m, discretisation 0.15m, 0.05m, 0.15m, at 1.4093e-07 secs (iteration 2390; magnetic fields at 1.409e-07 secs) with field outputs Ex, Ey, Ez, Hx, Hy, Hz  and filename snap02390.h5 will be created.
Snapshot from 13.5m, 0m, 8m, to 22.5m, 0.05m, 28.1m, discretisation 0.15m, 0.05m, 0.15m, at 1.41519e-07 secs (iteration 2400; magnetic fields at 1.4149e-07 secs) with field outputs Ex, Ey, Ez, Hx, Hy, Hz  and filename snap02400.h5 will be created.
Snapshot from 13.5m, 0m, 8m, to 22.5m, 0.05m, 28.1m, discretisation 0.15m, 0.05m, 0.15m, at 1.42109e-07 secs (iteration 2410; magnetic fields at 1.42079e-07 secs) with field outputs Ex, Ey, Ez, Hx, Hy, Hz  and filename snap02410.h5 will be created.
Snapshot from 13.5m, 0m, 8m, to 22.5m, 0.05m, 28.1m, discretisation 0.15m, 0.05m, 0.15m, at 1.42699e-07 secs (iteration 2420; magnetic fields at 1.42669e-07 secs) with field outputs Ex, Ey, Ez, Hx, Hy, Hz  and filename snap02420.h5 will be created.
Snapshot from 13.5m, 0m, 8m, to 22.5m, 0.05m, 28.1m, discretisation 0.15m, 0.05m, 0.15m, at 1.43288e-07 secs (iteration 2430; magnetic fields at 1.43259e-07 secs) with field outputs Ex, Ey, Ez, Hx, Hy, Hz  and filename snap02430.h5 will be created.
Snapshot from 13.5m, 0m, 8m, to 22.5m, 0.05m, 28.1m, discretisation 0.15m, 0.05m, 0.15m, at 1.43878e-07 secs (iteration 2440; magnetic fields at 1.43848e-07 secs) with field outputs Ex, Ey, Ez, Hx, Hy, Hz  and filename snap02440.h5 will be created.
Snapshot from 13.5m, 0m, 8m, to 22.5m, 0.05m, 28.1m, discretisation 0.15m, 0.05m, 0.15m, at 1.44468e-07 secs (iteration 2450; magnetic fields at 1.44438e-07 secs) with field outputs Ex, Ey, Ez, Hx, Hy, Hz  and filename snap02450.h5 will be created.
Snapshot from 13.5m, 0m, 8m, to 22.5m, 0.05m, 28.1m, discretisation 0.15m, 0.05m, 0.15m, at 1.45057e-07 secs (iteration 2460; magnetic fields at 1.45028e-07 secs) with field outputs Ex, Ey, Ez, Hx, Hy, Hz  and filename snap02460.h5 will be created.
Snapshot from 13.5m, 0m, 8m, to 22.5m, 0.05m, 28.1m, discretisation 0.15m, 0.05m, 0.15m, at 1.45647e-07 secs (iteration 2470; magnetic fields at 1.45617e-07 secs) with field outputs Ex, Ey, Ez, Hx, Hy, Hz  and filename snap02470.h5 will be created.
Snapshot from 13.5m, 0m, 8m, to 22.5m, 0.05m, 28.1m, discretisation 0.15m, 0.05m, 0.15m, at 1.46237e-07 secs (iteration 2480; magnetic fields at 1.46207e-07 secs) with field outputs Ex, Ey, Ez, Hx, Hy, Hz  and filename snap02480.h5 will be created.
Snapshot from 13.5m, 0m, 8m, to 22.5m, 0.05m, 28.1m, discretisation 0.15m, 0.05m, 0.15m, at 1.46826e-07 secs (iteration 2490; magnetic fields at 1.46797e-07 secs) with field outputs Ex, Ey, Ez, Hx, Hy, Hz  and filename snap02490.h5 will be created.
Snapshot from 13.5m, 0m, 8m, to 22.5m, 0.05m, 28.1m, discretisation 0.15m, 0.05m, 0.15m, at 1.47416e-07 secs (iteration 2500; magnetic fields at 1.47386e-07 secs) with field outputs Ex, Ey, Ez, Hx, Hy, Hz  and filename snap02500.h5 will be created.
Snapshot from 13.5m, 0m, 8m, to 22.5m, 0.05m, 28.1m, discretisation 0.15m, 0.05m, 0.15m, at 1.48006e-07 secs (iteration 2510; magnetic fields at 1.47976e-07 secs) with field outputs Ex, Ey, Ez, Hx, Hy, Hz  and filename snap02510.h5 will be created.
Snapshot from 13.5m, 0m, 8m, to 22.5m, 0.05m, 28.1m, discretisation 0.15m, 0.05m, 0.15m, at 1.48595e-07 secs (iteration 2520; magnetic fields at 1.48566e-07 secs) with field outputs Ex, Ey, Ez, Hx, Hy, Hz  and filename snap02520.h5 will be created.
Snapshot from 13.5m, 0m, 8m, to 22.5m, 0.05m, 28.1m, discretisation 0.15m, 0.05m, 0.15m, at 1.49185e-07 secs (iteration 2530; magnetic fields at 1.49155e-07 secs) with field outputs Ex, Ey, Ez, Hx, Hy, Hz  and filename snap02530.h5 will be created.
Snapshot from 13.5m, 0m, 8m, to 22.5m, 0.05m, 28.1m, discretisation 0.15m, 0.05m, 0.15m, at 1.49775e-07 secs (iteration 2540; magnetic fields at 1.49745e-07 secs) with field outputs Ex, Ey, Ez, Hx, Hy, Hz  and filename snap02540.h5 will be created.
Snapshot from 13.5m, 0m, 8m, to 22.5m, 0.05m, 28.1m, discretisation 0.15m, 0.05m, 0.15m, at 1.50364e-07 secs (iteration 2550; magnetic fields at 1.50335e-07 secs) with field outputs Ex, Ey, Ez, Hx, Hy, Hz  and filename snap02550.h5 will be created.
Snapshot from 13.5m, 0m, 8m, to 22.5m, 0.05m, 28.1m, discretisation 0.15m, 0.05m, 0.15m, at 1.50954e-07 secs (iteration 2560; magnetic fields at 1.50924e-07 secs) with field outputs Ex, Ey, Ez, Hx, Hy, Hz  and filename snap02560.h5 will be created.
Snapshot from 13.5m, 0m, 8m, to 22.5m, 0.05m, 28.1m, discretisation 0.15m, 0.05m, 0.15m, at 1.51544e-07 secs (iteration 2570; magnetic fields at 1.51514e-07 secs) with field outputs Ex, Ey, Ez, Hx, Hy, Hz  and filename snap02570.h5 will be created.
Snapshot from 13.5m, 0m, 8m, to 22.5m, 0.05m, 28.1m, discretisation 0.15m, 0.05m, 0.15m, at 1.52133e-07 secs (iteration 2580; magnetic fields at 1.52104e-07 secs) with field outputs Ex, Ey, Ez, Hx, Hy, Hz  and filename snap02580.h5 will be created.
Snapshot from 13.5m, 0m, 8m, to 22.5m, 0.05m, 28.1m, discretisation 0.15m, 0.05m, 0.15m, at 1.52723e-07 secs (iteration 2590; magnetic fields at 1.52693e-07 secs) with field outputs Ex, Ey, Ez, Hx, Hy, Hz  and filename snap02590.h5 will be created.
Snapshot from 13.5m, 0m, 8m, to 22.5m, 0.05m, 28.1m, discretisation 0.15m, 0.05m, 0.15m, at 1.53313e-07 secs (iteration 2600; magnetic fields at 1.53283e-07 secs) with field outputs Ex, Ey, Ez, Hx, Hy, Hz  and filename snap02600.h5 will be created.
Snapshot from 13.5m, 0m, 8m, to 22.5m, 0.05m, 28.1m, discretisation 0.15m, 0.05m, 0.15m, at 1.53902e-07 secs (iteration 2610; magnetic fields at 1.53873e-07 secs) with field outputs Ex, Ey, Ez, Hx, Hy, Hz  and filename snap02610.h5 will be created.
Snapshot from 13.5m, 0m, 8m, to 22.5m, 0.05m, 28.1m, discretisation 0.15m, 0.05m, 0.15m, at 1.54492e-07 secs (iteration 2620; magnetic fields at 1.54462e-07 secs) with field outputs Ex, Ey, Ez, Hx, Hy, Hz  and filename snap02620.h5 will be created.
Snapshot from 13.5m, 0m, 8m, to 22.5m, 0.05m, 28.1m, discretisation 0.15m, 0.05m, 0.15m, at 1.55082e-07 secs (iteration 2630; magnetic fields at 1.55052e-07 secs) with field outputs Ex, Ey, Ez, Hx, Hy, Hz  and filename snap02630.h5 will be created.
Snapshot from 13.5m, 0m, 8m, to 22.5m, 0.05m, 28.1m, discretisation 0.15m, 0.05m, 0.15m, at 1.55671e-07 secs (iteration 2640; magnetic fields at 1.55642e-07 secs) with field outputs Ex, Ey, Ez, Hx, Hy, Hz  and filename snap02640.h5 will be created.
Snapshot from 13.5m, 0m, 8m, to 22.5m, 0.05m, 28.1m, discretisation 0.15m, 0.05m, 0.15m, at 1.56261e-07 secs (iteration 2650; magnetic fields at 1.56231e-07 secs) with field outputs Ex, Ey, Ez, Hx, Hy, Hz  and filename snap02650.h5 will be created.
Snapshot from 13.5m, 0m, 8m, to 22.5m, 0.05m, 28.1m, discretisation 0.15m, 0.05m, 0.15m, at 1.56851e-07 secs (iteration 2660; magnetic fields at 1.56821e-07 secs) with field outputs Ex, Ey, Ez, Hx, Hy, Hz  and filename snap02660.h5 will be created.
Snapshot from 13.5m, 0m, 8m, to 22.5m, 0.05m, 28.1m, discretisation 0.15m, 0.05m, 0.15m, at 1.5744e-07 secs (iteration 2670; magnetic fields at 1.57411e-07 secs) with field outputs Ex, Ey, Ez, Hx, Hy, Hz  and filename snap02670.h5 will be created.
Snapshot from 13.5m, 0m, 8m, to 22.5m, 0.05m, 28.1m, discretisation 0.15m, 0.05m, 0.15m, at 1.5803e-07 secs (iteration 2680; magnetic fields at 1.58e-07 secs) with field outputs Ex, Ey, Ez, Hx, Hy, Hz  and filename snap02680.h5 will be created.
Snapshot from 13.5m, 0m, 8m, to 22.5m, 0.05m, 28.1m, discretisation 0.15m, 0.05m, 0.15m, at 1.5862e-07 secs (iteration 2690; magnetic fields at 1.5859e-07 secs) with field outputs Ex, Ey, Ez, Hx, Hy, Hz  and filename snap02690.h5 will be created.
Snapshot from 13.5m, 0m, 8m, to 22.5m, 0.05m, 28.1m, discretisation 0.15m, 0.05m, 0.15m, at 1.59209e-07 secs (iteration 2700; magnetic fields at 1.5918e-07 secs) with field outputs Ex, Ey, Ez, Hx, Hy, Hz  and filename snap02700.h5 will be created.
Snapshot from 13.5m, 0m, 8m, to 22.5m, 0.05m, 28.1m, discretisation 0.15m, 0.05m, 0.15m, at 1.59799e-07 secs (iteration 2710; magnetic fields at 1.59769e-07 secs) with field outputs Ex, Ey, Ez, Hx, Hy, Hz  and filename snap02710.h5 will be created.
Snapshot from 13.5m, 0m, 8m, to 22.5m, 0.05m, 28.1m, discretisation 0.15m, 0.05m, 0.15m, at 1.60388e-07 secs (iteration 2720; magnetic fields at 1.60359e-07 secs) with field outputs Ex, Ey, Ez, Hx, Hy, Hz  and filename snap02720.h5 will be created.
Snapshot from 13.5m, 0m, 8m, to 22.5m, 0.05m, 28.1m, discretisation 0.15m, 0.05m, 0.15m, at 1.60978e-07 secs (iteration 2730; magnetic fields at 1.60949e-07 secs) with field outputs Ex, Ey, Ez, Hx, Hy, Hz  and filename snap02730.h5 will be created.
Snapshot from 13.5m, 0m, 8m, to 22.5m, 0.05m, 28.1m, discretisation 0.15m, 0.05m, 0.15m, at 1.61568e-07 secs (iteration 2740; magnetic fields at 1.61538e-07 secs) with field outputs Ex, Ey, Ez, Hx, Hy, Hz  and filename snap02740.h5 will be created.
Snapshot from 13.5m, 0m, 8m, to 22.5m, 0.05m, 28.1m, discretisation 0.15m, 0.05m, 0.15m, at 1.62157e-07 secs (iteration 2750; magnetic fields at 1.62128e-07 secs) with field outputs Ex, Ey, Ez, Hx, Hy, Hz  and filename snap02750.h5 will be created.
Snapshot from 13.5m, 0m, 8m, to 22.5m, 0.05m, 28.1m, discretisation 0.15m, 0.05m, 0.15m, at 1.62747e-07 secs (iteration 2760; magnetic fields at 1.62718e-07 secs) with field outputs Ex, Ey, Ez, Hx, Hy, Hz  and filename snap02760.h5 will be created.
Snapshot from 13.5m, 0m, 8m, to 22.5m, 0.05m, 28.1m, discretisation 0.15m, 0.05m, 0.15m, at 1.63337e-07 secs (iteration 2770; magnetic fields at 1.63307e-07 secs) with field outputs Ex, Ey, Ez, Hx, Hy, Hz  and filename snap02770.h5 will be created.
Snapshot from 13.5m, 0m, 8m, to 22.5m, 0.05m, 28.1m, discretisation 0.15m, 0.05m, 0.15m, at 1.63926e-07 secs (iteration 2780; magnetic fields at 1.63897e-07 secs) with field outputs Ex, Ey, Ez, Hx, Hy, Hz  and filename snap02780.h5 will be created.
Snapshot from 13.5m, 0m, 8m, to 22.5m, 0.05m, 28.1m, discretisation 0.15m, 0.05m, 0.15m, at 1.64516e-07 secs (iteration 2790; magnetic fields at 1.64487e-07 secs) with field outputs Ex, Ey, Ez, Hx, Hy, Hz  and filename snap02790.h5 will be created.
Snapshot from 13.5m, 0m, 8m, to 22.5m, 0.05m, 28.1m, discretisation 0.15m, 0.05m, 0.15m, at 1.65106e-07 secs (iteration 2800; magnetic fields at 1.65076e-07 secs) with field outputs Ex, Ey, Ez, Hx, Hy, Hz  and filename snap02800.h5 will be created.
Snapshot from 13.5m, 0m, 8m, to 22.5m, 0.05m, 28.1m, discretisation 0.15m, 0.05m, 0.15m, at 1.65695e-07 secs (iteration 2810; magnetic fields at 1.65666e-07 secs) with field outputs Ex, Ey, Ez, Hx, Hy, Hz  and filename snap02810.h5 will be created.
Snapshot from 13.5m, 0m, 8m, to 22.5m, 0.05m, 28.1m, discretisation 0.15m, 0.05m, 0.15m, at 1.66285e-07 secs (iteration 2820; magnetic fields at 1.66256e-07 secs) with field outputs Ex, Ey, Ez, Hx, Hy, Hz  and filename snap02820.h5 will be created.
Snapshot from 13.5m, 0m, 8m, to 22.5m, 0.05m, 28.1m, discretisation 0.15m, 0.05m, 0.15m, at 1.66875e-07 secs (iteration 2830; magnetic fields at 1.66845e-07 secs) with field outputs Ex, Ey, Ez, Hx, Hy, Hz  and filename snap02830.h5 will be created.
Snapshot from 13.5m, 0m, 8m, to 22.5m, 0.05m, 28.1m, discretisation 0.15m, 0.05m, 0.15m, at 1.67464e-07 secs (iteration 2840; magnetic fields at 1.67435e-07 secs) with field outputs Ex, Ey, Ez, Hx, Hy, Hz  and filename snap02840.h5 will be created.
Snapshot from 13.5m, 0m, 8m, to 22.5m, 0.05m, 28.1m, discretisation 0.15m, 0.05m, 0.15m, at 1.68054e-07 secs (iteration 2850; magnetic fields at 1.68025e-07 secs) with field outputs Ex, Ey, Ez, Hx, Hy, Hz  and filename snap02850.h5 will be created.
Snapshot from 13.5m, 0m, 8m, to 22.5m, 0.05m, 28.1m, discretisation 0.15m, 0.05m, 0.15m, at 1.68644e-07 secs (iteration 2860; magnetic fields at 1.68614e-07 secs) with field outputs Ex, Ey, Ez, Hx, Hy, Hz  and filename snap02860.h5 will be created.
Snapshot from 13.5m, 0m, 8m, to 22.5m, 0.05m, 28.1m, discretisation 0.15m, 0.05m, 0.15m, at 1.69233e-07 secs (iteration 2870; magnetic fields at 1.69204e-07 secs) with field outputs Ex, Ey, Ez, Hx, Hy, Hz  and filename snap02870.h5 will be created.
Snapshot from 13.5m, 0m, 8m, to 22.5m, 0.05m, 28.1m, discretisation 0.15m, 0.05m, 0.15m, at 1.69823e-07 secs (iteration 2880; magnetic fields at 1.69794e-07 secs) with field outputs Ex, Ey, Ez, Hx, Hy, Hz  and filename snap02880.h5 will be created.
Snapshot from 13.5m, 0m, 8m, to 22.5m, 0.05m, 28.1m, discretisation 0.15m, 0.05m, 0.15m, at 1.70413e-07 secs (iteration 2890; magnetic fields at 1.70383e-07 secs) with field outputs Ex, Ey, Ez, Hx, Hy, Hz  and filename snap02890.h5 will be created.
Snapshot from 13.5m, 0m, 8m, to 22.5m, 0.05m, 28.1m, discretisation 0.15m, 0.05m, 0.15m, at 1.71002e-07 secs (iteration 2900; magnetic fields at 1.70973e-07 secs) with field outputs Ex, Ey, Ez, Hx, Hy, Hz  and filename snap02900.h5 will be created.
Snapshot from 13.5m, 0m, 8m, to 22.5m, 0.05m, 28.1m, discretisation 0.15m, 0.05m, 0.15m, at 1.71592e-07 secs (iteration 2910; magnetic fields at 1.71563e-07 secs) with field outputs Ex, Ey, Ez, Hx, Hy, Hz  and filename snap02910.h5 will be created.
Snapshot from 13.5m, 0m, 8m, to 22.5m, 0.05m, 28.1m, discretisation 0.15m, 0.05m, 0.15m, at 1.72182e-07 secs (iteration 2920; magnetic fields at 1.72152e-07 secs) with field outputs Ex, Ey, Ez, Hx, Hy, Hz  and filename snap02920.h5 will be created.
Snapshot from 13.5m, 0m, 8m, to 22.5m, 0.05m, 28.1m, discretisation 0.15m, 0.05m, 0.15m, at 1.72771e-07 secs (iteration 2930; magnetic fields at 1.72742e-07 secs) with field outputs Ex, Ey, Ez, Hx, Hy, Hz  and filename snap02930.h5 will be created.
Snapshot from 13.5m, 0m, 8m, to 22.5m, 0.05m, 28.1m, discretisation 0.15m, 0.05m, 0.15m, at 1.73361e-07 secs (iteration 2940; magnetic fields at 1.73332e-07 secs) with field outputs Ex, Ey, Ez, Hx, Hy, Hz  and filename snap02940.h5 will be created.
Snapshot from 13.5m, 0m, 8m, to 22.5m, 0.05m, 28.1m, discretisation 0.15m, 0.05m, 0.15m, at 1.73951e-07 secs (iteration 2950; magnetic fields at 1.73921e-07 secs) with field outputs Ex, Ey, Ez, Hx, Hy, Hz  and filename snap02950.h5 will be created.
Snapshot from 13.5m, 0m, 8m, to 22.5m, 0.05m, 28.1m, discretisation 0.15m, 0.05m, 0.15m, at 1.7454e-07 secs (iteration 2960; magnetic fields at 1.74511e-07 secs) with field outputs Ex, Ey, Ez, Hx, Hy, Hz  and filename snap02960.h5 will be created.
Snapshot from 13.5m, 0m, 8m, to 22.5m, 0.05m, 28.1m, discretisation 0.15m, 0.05m, 0.15m, at 1.7513e-07 secs (iteration 2970; magnetic fields at 1.75101e-07 secs) with field outputs Ex, Ey, Ez, Hx, Hy, Hz  and filename snap02970.h5 will be created.
Snapshot from 13.5m, 0m, 8m, to 22.5m, 0.05m, 28.1m, discretisation 0.15m, 0.05m, 0.15m, at 1.7572e-07 secs (iteration 2980; magnetic fields at 1.7569e-07 secs) with field outputs Ex, Ey, Ez, Hx, Hy, Hz  and filename snap02980.h5 will be created.
Snapshot from 13.5m, 0m, 8m, to 22.5m, 0.05m, 28.1m, discretisation 0.15m, 0.05m, 0.15m, at 1.76309e-07 secs (iteration 2990; magnetic fields at 1.7628e-07 secs) with field outputs Ex, Ey, Ez, Hx, Hy, Hz  and filename snap02990.h5 will be created.
Snapshot from 13.5m, 0m, 8m, to 22.5m, 0.05m, 28.1m, discretisation 0.15m, 0.05m, 0.15m, at 1.76899e-07 secs (iteration 3000; magnetic fields at 1.7687e-07 secs) with field outputs Ex, Ey, Ez, Hx, Hy, Hz  and filename snap03000.h5 will be created.
Snapshot from 13.5m, 0m, 8m, to 22.5m, 0.05m, 28.1m, discretisation 0.15m, 0.05m, 0.15m, at 1.77489e-07 secs (iteration 3010; magnetic fields at 1.77459e-07 secs) with field outputs Ex, Ey, Ez, Hx, Hy, Hz  and filename snap03010.h5 will be created.
Snapshot from 13.5m, 0m, 8m, to 22.5m, 0.05m, 28.1m, discretisation 0.15m, 0.05m, 0.15m, at 1.78078e-07 secs (iteration 3020; magnetic fields at 1.78049e-07 secs) with field outputs Ex, Ey, Ez, Hx, Hy, Hz  and filename snap03020.h5 will be created.
Snapshot from 13.5m, 0m, 8m, to 22.5m, 0.05m, 28.1m, discretisation 0.15m, 0.05m, 0.15m, at 1.78668e-07 secs (iteration 3030; magnetic fields at 1.78639e-07 secs) with field outputs Ex, Ey, Ez, Hx, Hy, Hz  and filename snap03030.h5 will be created.
Snapshot from 13.5m, 0m, 8m, to 22.5m, 0.05m, 28.1m, discretisation 0.15m, 0.05m, 0.15m, at 1.79258e-07 secs (iteration 3040; magnetic fields at 1.79228e-07 secs) with field outputs Ex, Ey, Ez, Hx, Hy, Hz  and filename snap03040.h5 will be created.
Snapshot from 13.5m, 0m, 8m, to 22.5m, 0.05m, 28.1m, discretisation 0.15m, 0.05m, 0.15m, at 1.79847e-07 secs (iteration 3050; magnetic fields at 1.79818e-07 secs) with field outputs Ex, Ey, Ez, Hx, Hy, Hz  and filename snap03050.h5 will be created.
Snapshot from 13.5m, 0m, 8m, to 22.5m, 0.05m, 28.1m, discretisation 0.15m, 0.05m, 0.15m, at 1.80437e-07 secs (iteration 3060; magnetic fields at 1.80408e-07 secs) with field outputs Ex, Ey, Ez, Hx, Hy, Hz  and filename snap03060.h5 will be created.
Snapshot from 13.5m, 0m, 8m, to 22.5m, 0.05m, 28.1m, discretisation 0.15m, 0.05m, 0.15m, at 1.81027e-07 secs (iteration 3070; magnetic fields at 1.80997e-07 secs) with field outputs Ex, Ey, Ez, Hx, Hy, Hz  and filename snap03070.h5 will be created.
Snapshot from 13.5m, 0m, 8m, to 22.5m, 0.05m, 28.1m, discretisation 0.15m, 0.05m, 0.15m, at 1.81616e-07 secs (iteration 3080; magnetic fields at 1.81587e-07 secs) with field outputs Ex, Ey, Ez, Hx, Hy, Hz  and filename snap03080.h5 will be created.
Snapshot from 13.5m, 0m, 8m, to 22.5m, 0.05m, 28.1m, discretisation 0.15m, 0.05m, 0.15m, at 1.82206e-07 secs (iteration 3090; magnetic fields at 1.82177e-07 secs) with field outputs Ex, Ey, Ez, Hx, Hy, Hz  and filename snap03090.h5 will be created.
Snapshot from 13.5m, 0m, 8m, to 22.5m, 0.05m, 28.1m, discretisation 0.15m, 0.05m, 0.15m, at 1.82796e-07 secs (iteration 3100; magnetic fields at 1.82766e-07 secs) with field outputs Ex, Ey, Ez, Hx, Hy, Hz  and filename snap03100.h5 will be created.
Snapshot from 13.5m, 0m, 8m, to 22.5m, 0.05m, 28.1m, discretisation 0.15m, 0.05m, 0.15m, at 1.83385e-07 secs (iteration 3110; magnetic fields at 1.83356e-07 secs) with field outputs Ex, Ey, Ez, Hx, Hy, Hz  and filename snap03110.h5 will be created.
Snapshot from 13.5m, 0m, 8m, to 22.5m, 0.05m, 28.1m, discretisation 0.15m, 0.05m, 0.15m, at 1.83975e-07 secs (iteration 3120; magnetic fields at 1.83946e-07 secs) with field outputs Ex, Ey, Ez, Hx, Hy, Hz  and filename snap03120.h5 will be created.
Snapshot from 13.5m, 0m, 8m, to 22.5m, 0.05m, 28.1m, discretisation 0.15m, 0.05m, 0.15m, at 1.84565e-07 secs (iteration 3130; magnetic fields at 1.84535e-07 secs) with field outputs Ex, Ey, Ez, Hx, Hy, Hz  and filename snap03130.h5 will be created.
Snapshot from 13.5m, 0m, 8m, to 22.5m, 0.05m, 28.1m, discretisation 0.15m, 0.05m, 0.15m, at 1.85154e-07 secs (iteration 3140; magnetic fields at 1.85125e-07 secs) with field outputs Ex, Ey, Ez, Hx, Hy, Hz  and filename snap03140.h5 will be created.
Snapshot from 13.5m, 0m, 8m, to 22.5m, 0.05m, 28.1m, discretisation 0.15m, 0.05m, 0.15m, at 1.85744e-07 secs (iteration 3150; magnetic fields at 1.85715e-07 secs) with field outputs Ex, Ey, Ez, Hx, Hy, Hz  and filename snap03150.h5 will be created.
Snapshot from 13.5m, 0m, 8m, to 22.5m, 0.05m, 28.1m, discretisation 0.15m, 0.05m, 0.15m, at 1.86334e-07 secs (iteration 3160; magnetic fields at 1.86304e-07 secs) with field outputs Ex, Ey, Ez, Hx, Hy, Hz  and filename snap03160.h5 will be created.
Snapshot from 13.5m, 0m, 8m, to 22.5m, 0.05m, 28.1m, discretisation 0.15m, 0.05m, 0.15m, at 1.86923e-07 secs (iteration 3170; magnetic fields at 1.86894e-07 secs) with field outputs Ex, Ey, Ez, Hx, Hy, Hz  and filename snap03170.h5 will be created.
Snapshot from 13.5m, 0m, 8m, to 22.5m, 0.05m, 28.1m, discretisation 0.15m, 0.05m, 0.15m, at 1.87513e-07 secs (iteration 3180; magnetic fields at 1.87484e-07 secs) with field outputs Ex, Ey, Ez, Hx, Hy, Hz  and filename snap03180.h5 will be created.
Snapshot from 13.5m, 0m, 8m, to 22.5m, 0.05m, 28.1m, discretisation 0.15m, 0.05m, 0.15m, at 1.88103e-07 secs (iteration 3190; magnetic fields at 1.88073e-07 secs) with field outputs Ex, Ey, Ez, Hx, Hy, Hz  and filename snap03190.h5 will be created.
Snapshot from 13.5m, 0m, 8m, to 22.5m, 0.05m, 28.1m, discretisation 0.15m, 0.05m, 0.15m, at 1.88692e-07 secs (iteration 3200; magnetic fields at 1.88663e-07 secs) with field outputs Ex, Ey, Ez, Hx, Hy, Hz  and filename snap03200.h5 will be created.
Snapshot from 13.5m, 0m, 8m, to 22.5m, 0.05m, 28.1m, discretisation 0.15m, 0.05m, 0.15m, at 1.89282e-07 secs (iteration 3210; magnetic fields at 1.89253e-07 secs) with field outputs Ex, Ey, Ez, Hx, Hy, Hz  and filename snap03210.h5 will be created.
Snapshot from 13.5m, 0m, 8m, to 22.5m, 0.05m, 28.1m, discretisation 0.15m, 0.05m, 0.15m, at 1.89872e-07 secs (iteration 3220; magnetic fields at 1.89842e-07 secs) with field outputs Ex, Ey, Ez, Hx, Hy, Hz  and filename snap03220.h5 will be created.
Snapshot from 13.5m, 0m, 8m, to 22.5m, 0.05m, 28.1m, discretisation 0.15m, 0.05m, 0.15m, at 1.90461e-07 secs (iteration 3230; magnetic fields at 1.90432e-07 secs) with field outputs Ex, Ey, Ez, Hx, Hy, Hz  and filename snap03230.h5 will be created.
Snapshot from 13.5m, 0m, 8m, to 22.5m, 0.05m, 28.1m, discretisation 0.15m, 0.05m, 0.15m, at 1.91051e-07 secs (iteration 3240; magnetic fields at 1.91022e-07 secs) with field outputs Ex, Ey, Ez, Hx, Hy, Hz  and filename snap03240.h5 will be created.
Snapshot from 13.5m, 0m, 8m, to 22.5m, 0.05m, 28.1m, discretisation 0.15m, 0.05m, 0.15m, at 1.91641e-07 secs (iteration 3250; magnetic fields at 1.91611e-07 secs) with field outputs Ex, Ey, Ez, Hx, Hy, Hz  and filename snap03250.h5 will be created.
Snapshot from 13.5m, 0m, 8m, to 22.5m, 0.05m, 28.1m, discretisation 0.15m, 0.05m, 0.15m, at 1.9223e-07 secs (iteration 3260; magnetic fields at 1.92201e-07 secs) with field outputs Ex, Ey, Ez, Hx, Hy, Hz  and filename snap03260.h5 will be created.
Snapshot from 13.5m, 0m, 8m, to 22.5m, 0.05m, 28.1m, discretisation 0.15m, 0.05m, 0.15m, at 1.9282e-07 secs (iteration 3270; magnetic fields at 1.92791e-07 secs) with field outputs Ex, Ey, Ez, Hx, Hy, Hz  and filename snap03270.h5 will be created.
Snapshot from 13.5m, 0m, 8m, to 22.5m, 0.05m, 28.1m, discretisation 0.15m, 0.05m, 0.15m, at 1.9341e-07 secs (iteration 3280; magnetic fields at 1.9338e-07 secs) with field outputs Ex, Ey, Ez, Hx, Hy, Hz  and filename snap03280.h5 will be created.
Snapshot from 13.5m, 0m, 8m, to 22.5m, 0.05m, 28.1m, discretisation 0.15m, 0.05m, 0.15m, at 1.93999e-07 secs (iteration 3290; magnetic fields at 1.9397e-07 secs) with field outputs Ex, Ey, Ez, Hx, Hy, Hz  and filename snap03290.h5 will be created.
Snapshot from 13.5m, 0m, 8m, to 22.5m, 0.05m, 28.1m, discretisation 0.15m, 0.05m, 0.15m, at 1.94589e-07 secs (iteration 3300; magnetic fields at 1.94559e-07 secs) with field outputs Ex, Ey, Ez, Hx, Hy, Hz  and filename snap03300.h5 will be created.
Snapshot from 13.5m, 0m, 8m, to 22.5m, 0.05m, 28.1m, discretisation 0.15m, 0.05m, 0.15m, at 1.95179e-07 secs (iteration 3310; magnetic fields at 1.95149e-07 secs) with field outputs Ex, Ey, Ez, Hx, Hy, Hz  and filename snap03310.h5 will be created.
Snapshot from 13.5m, 0m, 8m, to 22.5m, 0.05m, 28.1m, discretisation 0.15m, 0.05m, 0.15m, at 1.95768e-07 secs (iteration 3320; magnetic fields at 1.95739e-07 secs) with field outputs Ex, Ey, Ez, Hx, Hy, Hz  and filename snap03320.h5 will be created.
Snapshot from 13.5m, 0m, 8m, to 22.5m, 0.05m, 28.1m, discretisation 0.15m, 0.05m, 0.15m, at 1.96358e-07 secs (iteration 3330; magnetic fields at 1.96328e-07 secs) with field outputs Ex, Ey, Ez, Hx, Hy, Hz  and filename snap03330.h5 will be created.
Snapshot from 13.5m, 0m, 8m, to 22.5m, 0.05m, 28.1m, discretisation 0.15m, 0.05m, 0.15m, at 1.96948e-07 secs (iteration 3340; magnetic fields at 1.96918e-07 secs) with field outputs Ex, Ey, Ez, Hx, Hy, Hz  and filename snap03340.h5 will be created.
Snapshot from 13.5m, 0m, 8m, to 22.5m, 0.05m, 28.1m, discretisation 0.15m, 0.05m, 0.15m, at 1.97537e-07 secs (iteration 3350; magnetic fields at 1.97508e-07 secs) with field outputs Ex, Ey, Ez, Hx, Hy, Hz  and filename snap03350.h5 will be created.
Snapshot from 13.5m, 0m, 8m, to 22.5m, 0.05m, 28.1m, discretisation 0.15m, 0.05m, 0.15m, at 1.98127e-07 secs (iteration 3360; magnetic fields at 1.98097e-07 secs) with field outputs Ex, Ey, Ez, Hx, Hy, Hz  and filename snap03360.h5 will be created.
Snapshot from 13.5m, 0m, 8m, to 22.5m, 0.05m, 28.1m, discretisation 0.15m, 0.05m, 0.15m, at 1.98717e-07 secs (iteration 3370; magnetic fields at 1.98687e-07 secs) with field outputs Ex, Ey, Ez, Hx, Hy, Hz  and filename snap03370.h5 will be created.
Snapshot from 13.5m, 0m, 8m, to 22.5m, 0.05m, 28.1m, discretisation 0.15m, 0.05m, 0.15m, at 1.99306e-07 secs (iteration 3380; magnetic fields at 1.99277e-07 secs) with field outputs Ex, Ey, Ez, Hx, Hy, Hz  and filename snap03380.h5 will be created.
Snapshot from 13.5m, 0m, 8m, to 22.5m, 0.05m, 28.1m, discretisation 0.15m, 0.05m, 0.15m, at 1.99896e-07 secs (iteration 3390; magnetic fields at 1.99866e-07 secs) with field outputs Ex, Ey, Ez, Hx, Hy, Hz  and filename snap03390.h5 will be created.
Snapshot from 13.5m, 0m, 8m, to 22.5m, 0.05m, 28.1m, discretisation 0.15m, 0.05m, 0.15m, at 2.00486e-07 secs (iteration 3400; magnetic fields at 2.00456e-07 secs) with field outputs Ex, Ey, Ez, Hx, Hy, Hz  and filename snap03400.h5 will be created.
Snapshot from 13.5m, 0m, 8m, to 22.5m, 0.05m, 28.1m, discretisation 0.15m, 0.05m, 0.15m, at 2.01075e-07 secs (iteration 3410; magnetic fields at 2.01046e-07 secs) with field outputs Ex, Ey, Ez, Hx, Hy, Hz  and filename snap03410.h5 will be created.
Snapshot from 13.5m, 0m, 8m, to 22.5m, 0.05m, 28.1m, discretisation 0.15m, 0.05m, 0.15m, at 2.01665e-07 secs (iteration 3420; magnetic fields at 2.01635e-07 secs) with field outputs Ex, Ey, Ez, Hx, Hy, Hz  and filename snap03420.h5 will be created.
Snapshot from 13.5m, 0m, 8m, to 22.5m, 0.05m, 28.1m, discretisation 0.15m, 0.05m, 0.15m, at 2.02255e-07 secs (iteration 3430; magnetic fields at 2.02225e-07 secs) with field outputs Ex, Ey, Ez, Hx, Hy, Hz  and filename snap03430.h5 will be created.
Snapshot from 13.5m, 0m, 8m, to 22.5m, 0.05m, 28.1m, discretisation 0.15m, 0.05m, 0.15m, at 2.02844e-07 secs (iteration 3440; magnetic fields at 2.02815e-07 secs) with field outputs Ex, Ey, Ez, Hx, Hy, Hz  and filename snap03440.h5 will be created.
Snapshot from 13.5m, 0m, 8m, to 22.5m, 0.05m, 28.1m, discretisation 0.15m, 0.05m, 0.15m, at 2.03434e-07 secs (iteration 3450; magnetic fields at 2.03404e-07 secs) with field outputs Ex, Ey, Ez, Hx, Hy, Hz  and filename snap03450.h5 will be created.
Snapshot from 13.5m, 0m, 8m, to 22.5m, 0.05m, 28.1m, discretisation 0.15m, 0.05m, 0.15m, at 2.04024e-07 secs (iteration 3460; magnetic fields at 2.03994e-07 secs) with field outputs Ex, Ey, Ez, Hx, Hy, Hz  and filename snap03460.h5 will be created.
Snapshot from 13.5m, 0m, 8m, to 22.5m, 0.05m, 28.1m, discretisation 0.15m, 0.05m, 0.15m, at 2.04613e-07 secs (iteration 3470; magnetic fields at 2.04584e-07 secs) with field outputs Ex, Ey, Ez, Hx, Hy, Hz  and filename snap03470.h5 will be created.
Snapshot from 13.5m, 0m, 8m, to 22.5m, 0.05m, 28.1m, discretisation 0.15m, 0.05m, 0.15m, at 2.05203e-07 secs (iteration 3480; magnetic fields at 2.05173e-07 secs) with field outputs Ex, Ey, Ez, Hx, Hy, Hz  and filename snap03480.h5 will be created.
Snapshot from 13.5m, 0m, 8m, to 22.5m, 0.05m, 28.1m, discretisation 0.15m, 0.05m, 0.15m, at 2.05793e-07 secs (iteration 3490; magnetic fields at 2.05763e-07 secs) with field outputs Ex, Ey, Ez, Hx, Hy, Hz  and filename snap03490.h5 will be created.
Snapshot from 13.5m, 0m, 8m, to 22.5m, 0.05m, 28.1m, discretisation 0.15m, 0.05m, 0.15m, at 2.06382e-07 secs (iteration 3500; magnetic fields at 2.06353e-07 secs) with field outputs Ex, Ey, Ez, Hx, Hy, Hz  and filename snap03500.h5 will be created.
Snapshot from 13.5m, 0m, 8m, to 22.5m, 0.05m, 28.1m, discretisation 0.15m, 0.05m, 0.15m, at 2.06972e-07 secs (iteration 3510; magnetic fields at 2.06942e-07 secs) with field outputs Ex, Ey, Ez, Hx, Hy, Hz  and filename snap03510.h5 will be created.
Snapshot from 13.5m, 0m, 8m, to 22.5m, 0.05m, 28.1m, discretisation 0.15m, 0.05m, 0.15m, at 2.07562e-07 secs (iteration 3520; magnetic fields at 2.07532e-07 secs) with field outputs Ex, Ey, Ez, Hx, Hy, Hz  and filename snap03520.h5 will be created.
Snapshot from 13.5m, 0m, 8m, to 22.5m, 0.05m, 28.1m, discretisation 0.15m, 0.05m, 0.15m, at 2.08151e-07 secs (iteration 3530; magnetic fields at 2.08122e-07 secs) with field outputs Ex, Ey, Ez, Hx, Hy, Hz  and filename snap03530.h5 will be created.
Snapshot from 13.5m, 0m, 8m, to 22.5m, 0.05m, 28.1m, discretisation 0.15m, 0.05m, 0.15m, at 2.08741e-07 secs (iteration 3540; magnetic fields at 2.08711e-07 secs) with field outputs Ex, Ey, Ez, Hx, Hy, Hz  and filename snap03540.h5 will be created.
Snapshot from 13.5m, 0m, 8m, to 22.5m, 0.05m, 28.1m, discretisation 0.15m, 0.05m, 0.15m, at 2.09331e-07 secs (iteration 3550; magnetic fields at 2.09301e-07 secs) with field outputs Ex, Ey, Ez, Hx, Hy, Hz  and filename snap03550.h5 will be created.
Snapshot from 13.5m, 0m, 8m, to 22.5m, 0.05m, 28.1m, discretisation 0.15m, 0.05m, 0.15m, at 2.0992e-07 secs (iteration 3560; magnetic fields at 2.09891e-07 secs) with field outputs Ex, Ey, Ez, Hx, Hy, Hz  and filename snap03560.h5 will be created.
Snapshot from 13.5m, 0m, 8m, to 22.5m, 0.05m, 28.1m, discretisation 0.15m, 0.05m, 0.15m, at 2.1051e-07 secs (iteration 3570; magnetic fields at 2.1048e-07 secs) with field outputs Ex, Ey, Ez, Hx, Hy, Hz  and filename snap03570.h5 will be created.
Snapshot from 13.5m, 0m, 8m, to 22.5m, 0.05m, 28.1m, discretisation 0.15m, 0.05m, 0.15m, at 2.111e-07 secs (iteration 3580; magnetic fields at 2.1107e-07 secs) with field outputs Ex, Ey, Ez, Hx, Hy, Hz  and filename snap03580.h5 will be created.
Snapshot from 13.5m, 0m, 8m, to 22.5m, 0.05m, 28.1m, discretisation 0.15m, 0.05m, 0.15m, at 2.11689e-07 secs (iteration 3590; magnetic fields at 2.1166e-07 secs) with field outputs Ex, Ey, Ez, Hx, Hy, Hz  and filename snap03590.h5 will be created.
Snapshot from 13.5m, 0m, 8m, to 22.5m, 0.05m, 28.1m, discretisation 0.15m, 0.05m, 0.15m, at 2.12279e-07 secs (iteration 3600; magnetic fields at 2.12249e-07 secs) with field outputs Ex, Ey, Ez, Hx, Hy, Hz  and filename snap03600.h5 will be created.
Snapshot from 13.5m, 0m, 8m, to 22.5m, 0.05m, 28.1m, discretisation 0.15m, 0.05m, 0.15m, at 2.12869e-07 secs (iteration 3610; magnetic fields at 2.12839e-07 secs) with field outputs Ex, Ey, Ez, Hx, Hy, Hz  and filename snap03610.h5 will be created.
Snapshot from 13.5m, 0m, 8m, to 22.5m, 0.05m, 28.1m, discretisation 0.15m, 0.05m, 0.15m, at 2.13458e-07 secs (iteration 3620; magnetic fields at 2.13429e-07 secs) with field outputs Ex, Ey, Ez, Hx, Hy, Hz  and filename snap03620.h5 will be created.
Snapshot from 13.5m, 0m, 8m, to 22.5m, 0.05m, 28.1m, discretisation 0.15m, 0.05m, 0.15m, at 2.14048e-07 secs (iteration 3630; magnetic fields at 2.14018e-07 secs) with field outputs Ex, Ey, Ez, Hx, Hy, Hz  and filename snap03630.h5 will be created.
Snapshot from 13.5m, 0m, 8m, to 22.5m, 0.05m, 28.1m, discretisation 0.15m, 0.05m, 0.15m, at 2.14638e-07 secs (iteration 3640; magnetic fields at 2.14608e-07 secs) with field outputs Ex, Ey, Ez, Hx, Hy, Hz  and filename snap03640.h5 will be created.
Snapshot from 13.5m, 0m, 8m, to 22.5m, 0.05m, 28.1m, discretisation 0.15m, 0.05m, 0.15m, at 2.15227e-07 secs (iteration 3650; magnetic fields at 2.15198e-07 secs) with field outputs Ex, Ey, Ez, Hx, Hy, Hz  and filename snap03650.h5 will be created.
Snapshot from 13.5m, 0m, 8m, to 22.5m, 0.05m, 28.1m, discretisation 0.15m, 0.05m, 0.15m, at 2.15817e-07 secs (iteration 3660; magnetic fields at 2.15787e-07 secs) with field outputs Ex, Ey, Ez, Hx, Hy, Hz  and filename snap03660.h5 will be created.
Snapshot from 13.5m, 0m, 8m, to 22.5m, 0.05m, 28.1m, discretisation 0.15m, 0.05m, 0.15m, at 2.16407e-07 secs (iteration 3670; magnetic fields at 2.16377e-07 secs) with field outputs Ex, Ey, Ez, Hx, Hy, Hz  and filename snap03670.h5 will be created.
Snapshot from 13.5m, 0m, 8m, to 22.5m, 0.05m, 28.1m, discretisation 0.15m, 0.05m, 0.15m, at 2.16996e-07 secs (iteration 3680; magnetic fields at 2.16967e-07 secs) with field outputs Ex, Ey, Ez, Hx, Hy, Hz  and filename snap03680.h5 will be created.
Snapshot from 13.5m, 0m, 8m, to 22.5m, 0.05m, 28.1m, discretisation 0.15m, 0.05m, 0.15m, at 2.17586e-07 secs (iteration 3690; magnetic fields at 2.17556e-07 secs) with field outputs Ex, Ey, Ez, Hx, Hy, Hz  and filename snap03690.h5 will be created.
Snapshot from 13.5m, 0m, 8m, to 22.5m, 0.05m, 28.1m, discretisation 0.15m, 0.05m, 0.15m, at 2.18176e-07 secs (iteration 3700; magnetic fields at 2.18146e-07 secs) with field outputs Ex, Ey, Ez, Hx, Hy, Hz  and filename snap03700.h5 will be created.
Snapshot from 13.5m, 0m, 8m, to 22.5m, 0.05m, 28.1m, discretisation 0.15m, 0.05m, 0.15m, at 2.18765e-07 secs (iteration 3710; magnetic fields at 2.18736e-07 secs) with field outputs Ex, Ey, Ez, Hx, Hy, Hz  and filename snap03710.h5 will be created.
Snapshot from 13.5m, 0m, 8m, to 22.5m, 0.05m, 28.1m, discretisation 0.15m, 0.05m, 0.15m, at 2.19355e-07 secs (iteration 3720; magnetic fields at 2.19325e-07 secs) with field outputs Ex, Ey, Ez, Hx, Hy, Hz  and filename snap03720.h5 will be created.
Snapshot from 13.5m, 0m, 8m, to 22.5m, 0.05m, 28.1m, discretisation 0.15m, 0.05m, 0.15m, at 2.19945e-07 secs (iteration 3730; magnetic fields at 2.19915e-07 secs) with field outputs Ex, Ey, Ez, Hx, Hy, Hz  and filename snap03730.h5 will be created.
Snapshot from 13.5m, 0m, 8m, to 22.5m, 0.05m, 28.1m, discretisation 0.15m, 0.05m, 0.15m, at 2.20534e-07 secs (iteration 3740; magnetic fields at 2.20505e-07 secs) with field outputs Ex, Ey, Ez, Hx, Hy, Hz  and filename snap03740.h5 will be created.
Snapshot from 13.5m, 0m, 8m, to 22.5m, 0.05m, 28.1m, discretisation 0.15m, 0.05m, 0.15m, at 2.21124e-07 secs (iteration 3750; magnetic fields at 2.21094e-07 secs) with field outputs Ex, Ey, Ez, Hx, Hy, Hz  and filename snap03750.h5 will be created.
Snapshot from 13.5m, 0m, 8m, to 22.5m, 0.05m, 28.1m, discretisation 0.15m, 0.05m, 0.15m, at 2.21714e-07 secs (iteration 3760; magnetic fields at 2.21684e-07 secs) with field outputs Ex, Ey, Ez, Hx, Hy, Hz  and filename snap03760.h5 will be created.
Snapshot from 13.5m, 0m, 8m, to 22.5m, 0.05m, 28.1m, discretisation 0.15m, 0.05m, 0.15m, at 2.22303e-07 secs (iteration 3770; magnetic fields at 2.22274e-07 secs) with field outputs Ex, Ey, Ez, Hx, Hy, Hz  and filename snap03770.h5 will be created.
Snapshot from 13.5m, 0m, 8m, to 22.5m, 0.05m, 28.1m, discretisation 0.15m, 0.05m, 0.15m, at 2.22893e-07 secs (iteration 3780; magnetic fields at 2.22863e-07 secs) with field outputs Ex, Ey, Ez, Hx, Hy, Hz  and filename snap03780.h5 will be created.
Snapshot from 13.5m, 0m, 8m, to 22.5m, 0.05m, 28.1m, discretisation 0.15m, 0.05m, 0.15m, at 2.23482e-07 secs (iteration 3790; magnetic fields at 2.23453e-07 secs) with field outputs Ex, Ey, Ez, Hx, Hy, Hz  and filename snap03790.h5 will be created.
Snapshot from 13.5m, 0m, 8m, to 22.5m, 0.05m, 28.1m, discretisation 0.15m, 0.05m, 0.15m, at 2.24072e-07 secs (iteration 3800; magnetic fields at 2.24043e-07 secs) with field outputs Ex, Ey, Ez, Hx, Hy, Hz  and filename snap03800.h5 will be created.
Snapshot from 13.5m, 0m, 8m, to 22.5m, 0.05m, 28.1m, discretisation 0.15m, 0.05m, 0.15m, at 2.24662e-07 secs (iteration 3810; magnetic fields at 2.24632e-07 secs) with field outputs Ex, Ey, Ez, Hx, Hy, Hz  and filename snap03810.h5 will be created.
Snapshot from 13.5m, 0m, 8m, to 22.5m, 0.05m, 28.1m, discretisation 0.15m, 0.05m, 0.15m, at 2.25251e-07 secs (iteration 3820; magnetic fields at 2.25222e-07 secs) with field outputs Ex, Ey, Ez, Hx, Hy, Hz  and filename snap03820.h5 will be created.
Snapshot from 13.5m, 0m, 8m, to 22.5m, 0.05m, 28.1m, discretisation 0.15m, 0.05m, 0.15m, at 2.25841e-07 secs (iteration 3830; magnetic fields at 2.25812e-07 secs) with field outputs Ex, Ey, Ez, Hx, Hy, Hz  and filename snap03830.h5 will be created.
Snapshot from 13.5m, 0m, 8m, to 22.5m, 0.05m, 28.1m, discretisation 0.15m, 0.05m, 0.15m, at 2.26431e-07 secs (iteration 3840; magnetic fields at 2.26401e-07 secs) with field outputs Ex, Ey, Ez, Hx, Hy, Hz  and filename snap03840.h5 will be created.
Snapshot from 13.5m, 0m, 8m, to 22.5m, 0.05m, 28.1m, discretisation 0.15m, 0.05m, 0.15m, at 2.2702e-07 secs (iteration 3850; magnetic fields at 2.26991e-07 secs) with field outputs Ex, Ey, Ez, Hx, Hy, Hz  and filename snap03850.h5 will be created.
Snapshot from 13.5m, 0m, 8m, to 22.5m, 0.05m, 28.1m, discretisation 0.15m, 0.05m, 0.15m, at 2.2761e-07 secs (iteration 3860; magnetic fields at 2.27581e-07 secs) with field outputs Ex, Ey, Ez, Hx, Hy, Hz  and filename snap03860.h5 will be created.
Snapshot from 13.5m, 0m, 8m, to 22.5m, 0.05m, 28.1m, discretisation 0.15m, 0.05m, 0.15m, at 2.282e-07 secs (iteration 3870; magnetic fields at 2.2817e-07 secs) with field outputs Ex, Ey, Ez, Hx, Hy, Hz  and filename snap03870.h5 will be created.
Snapshot from 13.5m, 0m, 8m, to 22.5m, 0.05m, 28.1m, discretisation 0.15m, 0.05m, 0.15m, at 2.28789e-07 secs (iteration 3880; magnetic fields at 2.2876e-07 secs) with field outputs Ex, Ey, Ez, Hx, Hy, Hz  and filename snap03880.h5 will be created.
Snapshot from 13.5m, 0m, 8m, to 22.5m, 0.05m, 28.1m, discretisation 0.15m, 0.05m, 0.15m, at 2.29379e-07 secs (iteration 3890; magnetic fields at 2.2935e-07 secs) with field outputs Ex, Ey, Ez, Hx, Hy, Hz  and filename snap03890.h5 will be created.
Snapshot from 13.5m, 0m, 8m, to 22.5m, 0.05m, 28.1m, discretisation 0.15m, 0.05m, 0.15m, at 2.29969e-07 secs (iteration 3900; magnetic fields at 2.29939e-07 secs) with field outputs Ex, Ey, Ez, Hx, Hy, Hz  and filename snap03900.h5 will be created.
Snapshot from 13.5m, 0m, 8m, to 22.5m, 0.05m, 28.1m, discretisation 0.15m, 0.05m, 0.15m, at 2.30558e-07 secs (iteration 3910; magnetic fields at 2.30529e-07 secs) with field outputs Ex, Ey, Ez, Hx, Hy, Hz  and filename snap03910.h5 will be created.
Snapshot from 13.5m, 0m, 8m, to 22.5m, 0.05m, 28.1m, discretisation 0.15m, 0.05m, 0.15m, at 2.31148e-07 secs (iteration 3920; magnetic fields at 2.31119e-07 secs) with field outputs Ex, Ey, Ez, Hx, Hy, Hz  and filename snap03920.h5 will be created.
Snapshot from 13.5m, 0m, 8m, to 22.5m, 0.05m, 28.1m, discretisation 0.15m, 0.05m, 0.15m, at 2.31738e-07 secs (iteration 3930; magnetic fields at 2.31708e-07 secs) with field outputs Ex, Ey, Ez, Hx, Hy, Hz  and filename snap03930.h5 will be created.
Snapshot from 13.5m, 0m, 8m, to 22.5m, 0.05m, 28.1m, discretisation 0.15m, 0.05m, 0.15m, at 2.32327e-07 secs (iteration 3940; magnetic fields at 2.32298e-07 secs) with field outputs Ex, Ey, Ez, Hx, Hy, Hz  and filename snap03940.h5 will be created.
Snapshot from 13.5m, 0m, 8m, to 22.5m, 0.05m, 28.1m, discretisation 0.15m, 0.05m, 0.15m, at 2.32917e-07 secs (iteration 3950; magnetic fields at 2.32888e-07 secs) with field outputs Ex, Ey, Ez, Hx, Hy, Hz  and filename snap03950.h5 will be created.
Snapshot from 13.5m, 0m, 8m, to 22.5m, 0.05m, 28.1m, discretisation 0.15m, 0.05m, 0.15m, at 2.33507e-07 secs (iteration 3960; magnetic fields at 2.33477e-07 secs) with field outputs Ex, Ey, Ez, Hx, Hy, Hz  and filename snap03960.h5 will be created.
Snapshot from 13.5m, 0m, 8m, to 22.5m, 0.05m, 28.1m, discretisation 0.15m, 0.05m, 0.15m, at 2.34096e-07 secs (iteration 3970; magnetic fields at 2.34067e-07 secs) with field outputs Ex, Ey, Ez, Hx, Hy, Hz  and filename snap03970.h5 will be created.
Snapshot from 13.5m, 0m, 8m, to 22.5m, 0.05m, 28.1m, discretisation 0.15m, 0.05m, 0.15m, at 2.34686e-07 secs (iteration 3980; magnetic fields at 2.34657e-07 secs) with field outputs Ex, Ey, Ez, Hx, Hy, Hz  and filename snap03980.h5 will be created.
Snapshot from 13.5m, 0m, 8m, to 22.5m, 0.05m, 28.1m, discretisation 0.15m, 0.05m, 0.15m, at 2.35276e-07 secs (iteration 3990; magnetic fields at 2.35246e-07 secs) with field outputs Ex, Ey, Ez, Hx, Hy, Hz  and filename snap03990.h5 will be created.
Snapshot from 13.5m, 0m, 8m, to 22.5m, 0.05m, 28.1m, discretisation 0.15m, 0.05m, 0.15m, at 2.35865e-07 secs (iteration 4000; magnetic fields at 2.35836e-07 secs) with field outputs Ex, Ey, Ez, Hx, Hy, Hz  and filename snap04000.h5 will be created.
Snapshot from 13.5m, 0m, 8m, to 22.5m, 0.05m, 28.1m, discretisation 0.15m, 0.05m, 0.15m, at 2.36455e-07 secs (iteration 4010; magnetic fields at 2.36426e-07 secs) with field outputs Ex, Ey, Ez, Hx, Hy, Hz  and filename snap04010.h5 will be created.
Snapshot from 13.5m, 0m, 8m, to 22.5m, 0.05m, 28.1m, discretisation 0.15m, 0.05m, 0.15m, at 2.37045e-07 secs (iteration 4020; magnetic fields at 2.37015e-07 secs) with field outputs Ex, Ey, Ez, Hx, Hy, Hz  and filename snap04020.h5 will be created.
Snapshot from 13.5m, 0m, 8m, to 22.5m, 0.05m, 28.1m, discretisation 0.15m, 0.05m, 0.15m, at 2.37634e-07 secs (iteration 4030; magnetic fields at 2.37605e-07 secs) with field outputs Ex, Ey, Ez, Hx, Hy, Hz  and filename snap04030.h5 will be created.
Snapshot from 13.5m, 0m, 8m, to 22.5m, 0.05m, 28.1m, discretisation 0.15m, 0.05m, 0.15m, at 2.38224e-07 secs (iteration 4040; magnetic fields at 2.38195e-07 secs) with field outputs Ex, Ey, Ez, Hx, Hy, Hz  and filename snap04040.h5 will be created.
Snapshot from 13.5m, 0m, 8m, to 22.5m, 0.05m, 28.1m, discretisation 0.15m, 0.05m, 0.15m, at 2.38814e-07 secs (iteration 4050; magnetic fields at 2.38784e-07 secs) with field outputs Ex, Ey, Ez, Hx, Hy, Hz  and filename snap04050.h5 will be created.
Snapshot from 13.5m, 0m, 8m, to 22.5m, 0.05m, 28.1m, discretisation 0.15m, 0.05m, 0.15m, at 2.39403e-07 secs (iteration 4060; magnetic fields at 2.39374e-07 secs) with field outputs Ex, Ey, Ez, Hx, Hy, Hz  and filename snap04060.h5 will be created.
Snapshot from 13.5m, 0m, 8m, to 22.5m, 0.05m, 28.1m, discretisation 0.15m, 0.05m, 0.15m, at 2.39993e-07 secs (iteration 4070; magnetic fields at 2.39964e-07 secs) with field outputs Ex, Ey, Ez, Hx, Hy, Hz  and filename snap04070.h5 will be created.
Snapshot from 13.5m, 0m, 8m, to 22.5m, 0.05m, 28.1m, discretisation 0.15m, 0.05m, 0.15m, at 2.40583e-07 secs (iteration 4080; magnetic fields at 2.40553e-07 secs) with field outputs Ex, Ey, Ez, Hx, Hy, Hz  and filename snap04080.h5 will be created.
Snapshot from 13.5m, 0m, 8m, to 22.5m, 0.05m, 28.1m, discretisation 0.15m, 0.05m, 0.15m, at 2.41172e-07 secs (iteration 4090; magnetic fields at 2.41143e-07 secs) with field outputs Ex, Ey, Ez, Hx, Hy, Hz  and filename snap04090.h5 will be created.
Snapshot from 13.5m, 0m, 8m, to 22.5m, 0.05m, 28.1m, discretisation 0.15m, 0.05m, 0.15m, at 2.41762e-07 secs (iteration 4100; magnetic fields at 2.41733e-07 secs) with field outputs Ex, Ey, Ez, Hx, Hy, Hz  and filename snap04100.h5 will be created.
Snapshot from 13.5m, 0m, 8m, to 22.5m, 0.05m, 28.1m, discretisation 0.15m, 0.05m, 0.15m, at 2.42352e-07 secs (iteration 4110; magnetic fields at 2.42322e-07 secs) with field outputs Ex, Ey, Ez, Hx, Hy, Hz  and filename snap04110.h5 will be created.
Snapshot from 13.5m, 0m, 8m, to 22.5m, 0.05m, 28.1m, discretisation 0.15m, 0.05m, 0.15m, at 2.42941e-07 secs (iteration 4120; magnetic fields at 2.42912e-07 secs) with field outputs Ex, Ey, Ez, Hx, Hy, Hz  and filename snap04120.h5 will be created.
Snapshot from 13.5m, 0m, 8m, to 22.5m, 0.05m, 28.1m, discretisation 0.15m, 0.05m, 0.15m, at 2.43531e-07 secs (iteration 4130; magnetic fields at 2.43502e-07 secs) with field outputs Ex, Ey, Ez, Hx, Hy, Hz  and filename snap04130.h5 will be created.
Snapshot from 13.5m, 0m, 8m, to 22.5m, 0.05m, 28.1m, discretisation 0.15m, 0.05m, 0.15m, at 2.44121e-07 secs (iteration 4140; magnetic fields at 2.44091e-07 secs) with field outputs Ex, Ey, Ez, Hx, Hy, Hz  and filename snap04140.h5 will be created.
Snapshot from 13.5m, 0m, 8m, to 22.5m, 0.05m, 28.1m, discretisation 0.15m, 0.05m, 0.15m, at 2.4471e-07 secs (iteration 4150; magnetic fields at 2.44681e-07 secs) with field outputs Ex, Ey, Ez, Hx, Hy, Hz  and filename snap04150.h5 will be created.
Snapshot from 13.5m, 0m, 8m, to 22.5m, 0.05m, 28.1m, discretisation 0.15m, 0.05m, 0.15m, at 2.453e-07 secs (iteration 4160; magnetic fields at 2.45271e-07 secs) with field outputs Ex, Ey, Ez, Hx, Hy, Hz  and filename snap04160.h5 will be created.
Snapshot from 13.5m, 0m, 8m, to 22.5m, 0.05m, 28.1m, discretisation 0.15m, 0.05m, 0.15m, at 2.4589e-07 secs (iteration 4170; magnetic fields at 2.4586e-07 secs) with field outputs Ex, Ey, Ez, Hx, Hy, Hz  and filename snap04170.h5 will be created.
Snapshot from 13.5m, 0m, 8m, to 22.5m, 0.05m, 28.1m, discretisation 0.15m, 0.05m, 0.15m, at 2.46479e-07 secs (iteration 4180; magnetic fields at 2.4645e-07 secs) with field outputs Ex, Ey, Ez, Hx, Hy, Hz  and filename snap04180.h5 will be created.
Snapshot from 13.5m, 0m, 8m, to 22.5m, 0.05m, 28.1m, discretisation 0.15m, 0.05m, 0.15m, at 2.47069e-07 secs (iteration 4190; magnetic fields at 2.4704e-07 secs) with field outputs Ex, Ey, Ez, Hx, Hy, Hz  and filename snap04190.h5 will be created.
Snapshot from 13.5m, 0m, 8m, to 22.5m, 0.05m, 28.1m, discretisation 0.15m, 0.05m, 0.15m, at 2.47659e-07 secs (iteration 4200; magnetic fields at 2.47629e-07 secs) with field outputs Ex, Ey, Ez, Hx, Hy, Hz  and filename snap04200.h5 will be created.
Snapshot from 13.5m, 0m, 8m, to 22.5m, 0.05m, 28.1m, discretisation 0.15m, 0.05m, 0.15m, at 2.48248e-07 secs (iteration 4210; magnetic fields at 2.48219e-07 secs) with field outputs Ex, Ey, Ez, Hx, Hy, Hz  and filename snap04210.h5 will be created.
Snapshot from 13.5m, 0m, 8m, to 22.5m, 0.05m, 28.1m, discretisation 0.15m, 0.05m, 0.15m, at 2.48838e-07 secs (iteration 4220; magnetic fields at 2.48809e-07 secs) with field outputs Ex, Ey, Ez, Hx, Hy, Hz  and filename snap04220.h5 will be created.
Snapshot from 13.5m, 0m, 8m, to 22.5m, 0.05m, 28.1m, discretisation 0.15m, 0.05m, 0.15m, at 2.49428e-07 secs (iteration 4230; magnetic fields at 2.49398e-07 secs) with field outputs Ex, Ey, Ez, Hx, Hy, Hz  and filename snap04230.h5 will be created.
Snapshot from 13.5m, 0m, 8m, to 22.5m, 0.05m, 28.1m, discretisation 0.15m, 0.05m, 0.15m, at 2.50017e-07 secs (iteration 4240; magnetic fields at 2.49988e-07 secs) with field outputs Ex, Ey, Ez, Hx, Hy, Hz  and filename snap04240.h5 will be created.
Snapshot from 13.5m, 0m, 8m, to 22.5m, 0.05m, 28.1m, discretisation 0.15m, 0.05m, 0.15m, at 2.50607e-07 secs (iteration 4250; magnetic fields at 2.50578e-07 secs) with field outputs Ex, Ey, Ez, Hx, Hy, Hz  and filename snap04250.h5 will be created.
Snapshot from 13.5m, 0m, 8m, to 22.5m, 0.05m, 28.1m, discretisation 0.15m, 0.05m, 0.15m, at 2.51197e-07 secs (iteration 4260; magnetic fields at 2.51167e-07 secs) with field outputs Ex, Ey, Ez, Hx, Hy, Hz  and filename snap04260.h5 will be created.
Snapshot from 13.5m, 0m, 8m, to 22.5m, 0.05m, 28.1m, discretisation 0.15m, 0.05m, 0.15m, at 2.51786e-07 secs (iteration 4270; magnetic fields at 2.51757e-07 secs) with field outputs Ex, Ey, Ez, Hx, Hy, Hz  and filename snap04270.h5 will be created.
Snapshot from 13.5m, 0m, 8m, to 22.5m, 0.05m, 28.1m, discretisation 0.15m, 0.05m, 0.15m, at 2.52376e-07 secs (iteration 4280; magnetic fields at 2.52347e-07 secs) with field outputs Ex, Ey, Ez, Hx, Hy, Hz  and filename snap04280.h5 will be created.
Snapshot from 13.5m, 0m, 8m, to 22.5m, 0.05m, 28.1m, discretisation 0.15m, 0.05m, 0.15m, at 2.52966e-07 secs (iteration 4290; magnetic fields at 2.52936e-07 secs) with field outputs Ex, Ey, Ez, Hx, Hy, Hz  and filename snap04290.h5 will be created.
Snapshot from 13.5m, 0m, 8m, to 22.5m, 0.05m, 28.1m, discretisation 0.15m, 0.05m, 0.15m, at 2.53555e-07 secs (iteration 4300; magnetic fields at 2.53526e-07 secs) with field outputs Ex, Ey, Ez, Hx, Hy, Hz  and filename snap04300.h5 will be created.
Snapshot from 13.5m, 0m, 8m, to 22.5m, 0.05m, 28.1m, discretisation 0.15m, 0.05m, 0.15m, at 2.54145e-07 secs (iteration 4310; magnetic fields at 2.54116e-07 secs) with field outputs Ex, Ey, Ez, Hx, Hy, Hz  and filename snap04310.h5 will be created.
Snapshot from 13.5m, 0m, 8m, to 22.5m, 0.05m, 28.1m, discretisation 0.15m, 0.05m, 0.15m, at 2.54735e-07 secs (iteration 4320; magnetic fields at 2.54705e-07 secs) with field outputs Ex, Ey, Ez, Hx, Hy, Hz  and filename snap04320.h5 will be created.
Snapshot from 13.5m, 0m, 8m, to 22.5m, 0.05m, 28.1m, discretisation 0.15m, 0.05m, 0.15m, at 2.55324e-07 secs (iteration 4330; magnetic fields at 2.55295e-07 secs) with field outputs Ex, Ey, Ez, Hx, Hy, Hz  and filename snap04330.h5 will be created.
Snapshot from 13.5m, 0m, 8m, to 22.5m, 0.05m, 28.1m, discretisation 0.15m, 0.05m, 0.15m, at 2.55914e-07 secs (iteration 4340; magnetic fields at 2.55885e-07 secs) with field outputs Ex, Ey, Ez, Hx, Hy, Hz  and filename snap04340.h5 will be created.
Snapshot from 13.5m, 0m, 8m, to 22.5m, 0.05m, 28.1m, discretisation 0.15m, 0.05m, 0.15m, at 2.56504e-07 secs (iteration 4350; magnetic fields at 2.56474e-07 secs) with field outputs Ex, Ey, Ez, Hx, Hy, Hz  and filename snap04350.h5 will be created.
Snapshot from 13.5m, 0m, 8m, to 22.5m, 0.05m, 28.1m, discretisation 0.15m, 0.05m, 0.15m, at 2.57093e-07 secs (iteration 4360; magnetic fields at 2.57064e-07 secs) with field outputs Ex, Ey, Ez, Hx, Hy, Hz  and filename snap04360.h5 will be created.
Snapshot from 13.5m, 0m, 8m, to 22.5m, 0.05m, 28.1m, discretisation 0.15m, 0.05m, 0.15m, at 2.57683e-07 secs (iteration 4370; magnetic fields at 2.57654e-07 secs) with field outputs Ex, Ey, Ez, Hx, Hy, Hz  and filename snap04370.h5 will be created.
Snapshot from 13.5m, 0m, 8m, to 22.5m, 0.05m, 28.1m, discretisation 0.15m, 0.05m, 0.15m, at 2.58273e-07 secs (iteration 4380; magnetic fields at 2.58243e-07 secs) with field outputs Ex, Ey, Ez, Hx, Hy, Hz  and filename snap04380.h5 will be created.
Snapshot from 13.5m, 0m, 8m, to 22.5m, 0.05m, 28.1m, discretisation 0.15m, 0.05m, 0.15m, at 2.58862e-07 secs (iteration 4390; magnetic fields at 2.58833e-07 secs) with field outputs Ex, Ey, Ez, Hx, Hy, Hz  and filename snap04390.h5 will be created.
Snapshot from 13.5m, 0m, 8m, to 22.5m, 0.05m, 28.1m, discretisation 0.15m, 0.05m, 0.15m, at 2.59452e-07 secs (iteration 4400; magnetic fields at 2.59422e-07 secs) with field outputs Ex, Ey, Ez, Hx, Hy, Hz  and filename snap04400.h5 will be created.
Snapshot from 13.5m, 0m, 8m, to 22.5m, 0.05m, 28.1m, discretisation 0.15m, 0.05m, 0.15m, at 2.60042e-07 secs (iteration 4410; magnetic fields at 2.60012e-07 secs) with field outputs Ex, Ey, Ez, Hx, Hy, Hz  and filename snap04410.h5 will be created.
Snapshot from 13.5m, 0m, 8m, to 22.5m, 0.05m, 28.1m, discretisation 0.15m, 0.05m, 0.15m, at 2.60631e-07 secs (iteration 4420; magnetic fields at 2.60602e-07 secs) with field outputs Ex, Ey, Ez, Hx, Hy, Hz  and filename snap04420.h5 will be created.
Snapshot from 13.5m, 0m, 8m, to 22.5m, 0.05m, 28.1m, discretisation 0.15m, 0.05m, 0.15m, at 2.61221e-07 secs (iteration 4430; magnetic fields at 2.61191e-07 secs) with field outputs Ex, Ey, Ez, Hx, Hy, Hz  and filename snap04430.h5 will be created.
Snapshot from 13.5m, 0m, 8m, to 22.5m, 0.05m, 28.1m, discretisation 0.15m, 0.05m, 0.15m, at 2.61811e-07 secs (iteration 4440; magnetic fields at 2.61781e-07 secs) with field outputs Ex, Ey, Ez, Hx, Hy, Hz  and filename snap04440.h5 will be created.
Snapshot from 13.5m, 0m, 8m, to 22.5m, 0.05m, 28.1m, discretisation 0.15m, 0.05m, 0.15m, at 2.624e-07 secs (iteration 4450; magnetic fields at 2.62371e-07 secs) with field outputs Ex, Ey, Ez, Hx, Hy, Hz  and filename snap04450.h5 will be created.
Snapshot from 13.5m, 0m, 8m, to 22.5m, 0.05m, 28.1m, discretisation 0.15m, 0.05m, 0.15m, at 2.6299e-07 secs (iteration 4460; magnetic fields at 2.6296e-07 secs) with field outputs Ex, Ey, Ez, Hx, Hy, Hz  and filename snap04460.h5 will be created.
Snapshot from 13.5m, 0m, 8m, to 22.5m, 0.05m, 28.1m, discretisation 0.15m, 0.05m, 0.15m, at 2.6358e-07 secs (iteration 4470; magnetic fields at 2.6355e-07 secs) with field outputs Ex, Ey, Ez, Hx, Hy, Hz  and filename snap04470.h5 will be created.
Snapshot from 13.5m, 0m, 8m, to 22.5m, 0.05m, 28.1m, discretisation 0.15m, 0.05m, 0.15m, at 2.64169e-07 secs (iteration 4480; magnetic fields at 2.6414e-07 secs) with field outputs Ex, Ey, Ez, Hx, Hy, Hz  and filename snap04480.h5 will be created.
Snapshot from 13.5m, 0m, 8m, to 22.5m, 0.05m, 28.1m, discretisation 0.15m, 0.05m, 0.15m, at 2.64759e-07 secs (iteration 4490; magnetic fields at 2.64729e-07 secs) with field outputs Ex, Ey, Ez, Hx, Hy, Hz  and filename snap04490.h5 will be created.
Snapshot from 13.5m, 0m, 8m, to 22.5m, 0.05m, 28.1m, discretisation 0.15m, 0.05m, 0.15m, at 2.65349e-07 secs (iteration 4500; magnetic fields at 2.65319e-07 secs) with field outputs Ex, Ey, Ez, Hx, Hy, Hz  and filename snap04500.h5 will be created.
Snapshot from 13.5m, 0m, 8m, to 22.5m, 0.05m, 28.1m, discretisation 0.15m, 0.05m, 0.15m, at 2.65938e-07 secs (iteration 4510; magnetic fields at 2.65909e-07 secs) with field outputs Ex, Ey, Ez, Hx, Hy, Hz  and filename snap04510.h5 will be created.
Snapshot from 13.5m, 0m, 8m, to 22.5m, 0.05m, 28.1m, discretisation 0.15m, 0.05m, 0.15m, at 2.66528e-07 secs (iteration 4520; magnetic fields at 2.66498e-07 secs) with field outputs Ex, Ey, Ez, Hx, Hy, Hz  and filename snap04520.h5 will be created.
Snapshot from 13.5m, 0m, 8m, to 22.5m, 0.05m, 28.1m, discretisation 0.15m, 0.05m, 0.15m, at 2.67118e-07 secs (iteration 4530; magnetic fields at 2.67088e-07 secs) with field outputs Ex, Ey, Ez, Hx, Hy, Hz  and filename snap04530.h5 will be created.
Snapshot from 13.5m, 0m, 8m, to 22.5m, 0.05m, 28.1m, discretisation 0.15m, 0.05m, 0.15m, at 2.67707e-07 secs (iteration 4540; magnetic fields at 2.67678e-07 secs) with field outputs Ex, Ey, Ez, Hx, Hy, Hz  and filename snap04540.h5 will be created.
Snapshot from 13.5m, 0m, 8m, to 22.5m, 0.05m, 28.1m, discretisation 0.15m, 0.05m, 0.15m, at 2.68297e-07 secs (iteration 4550; magnetic fields at 2.68267e-07 secs) with field outputs Ex, Ey, Ez, Hx, Hy, Hz  and filename snap04550.h5 will be created.
Snapshot from 13.5m, 0m, 8m, to 22.5m, 0.05m, 28.1m, discretisation 0.15m, 0.05m, 0.15m, at 2.68887e-07 secs (iteration 4560; magnetic fields at 2.68857e-07 secs) with field outputs Ex, Ey, Ez, Hx, Hy, Hz  and filename snap04560.h5 will be created.
Snapshot from 13.5m, 0m, 8m, to 22.5m, 0.05m, 28.1m, discretisation 0.15m, 0.05m, 0.15m, at 2.69476e-07 secs (iteration 4570; magnetic fields at 2.69447e-07 secs) with field outputs Ex, Ey, Ez, Hx, Hy, Hz  and filename snap04570.h5 will be created.
Snapshot from 13.5m, 0m, 8m, to 22.5m, 0.05m, 28.1m, discretisation 0.15m, 0.05m, 0.15m, at 2.70066e-07 secs (iteration 4580; magnetic fields at 2.70036e-07 secs) with field outputs Ex, Ey, Ez, Hx, Hy, Hz  and filename snap04580.h5 will be created.
Snapshot from 13.5m, 0m, 8m, to 22.5m, 0.05m, 28.1m, discretisation 0.15m, 0.05m, 0.15m, at 2.70656e-07 secs (iteration 4590; magnetic fields at 2.70626e-07 secs) with field outputs Ex, Ey, Ez, Hx, Hy, Hz  and filename snap04590.h5 will be created.
Snapshot from 13.5m, 0m, 8m, to 22.5m, 0.05m, 28.1m, discretisation 0.15m, 0.05m, 0.15m, at 2.71245e-07 secs (iteration 4600; magnetic fields at 2.71216e-07 secs) with field outputs Ex, Ey, Ez, Hx, Hy, Hz  and filename snap04600.h5 will be created.
Snapshot from 13.5m, 0m, 8m, to 22.5m, 0.05m, 28.1m, discretisation 0.15m, 0.05m, 0.15m, at 2.71835e-07 secs (iteration 4610; magnetic fields at 2.71805e-07 secs) with field outputs Ex, Ey, Ez, Hx, Hy, Hz  and filename snap04610.h5 will be created.
Snapshot from 13.5m, 0m, 8m, to 22.5m, 0.05m, 28.1m, discretisation 0.15m, 0.05m, 0.15m, at 2.72425e-07 secs (iteration 4620; magnetic fields at 2.72395e-07 secs) with field outputs Ex, Ey, Ez, Hx, Hy, Hz  and filename snap04620.h5 will be created.
Snapshot from 13.5m, 0m, 8m, to 22.5m, 0.05m, 28.1m, discretisation 0.15m, 0.05m, 0.15m, at 2.73014e-07 secs (iteration 4630; magnetic fields at 2.72985e-07 secs) with field outputs Ex, Ey, Ez, Hx, Hy, Hz  and filename snap04630.h5 will be created.
Snapshot from 13.5m, 0m, 8m, to 22.5m, 0.05m, 28.1m, discretisation 0.15m, 0.05m, 0.15m, at 2.73604e-07 secs (iteration 4640; magnetic fields at 2.73574e-07 secs) with field outputs Ex, Ey, Ez, Hx, Hy, Hz  and filename snap04640.h5 will be created.
Snapshot from 13.5m, 0m, 8m, to 22.5m, 0.05m, 28.1m, discretisation 0.15m, 0.05m, 0.15m, at 2.74194e-07 secs (iteration 4650; magnetic fields at 2.74164e-07 secs) with field outputs Ex, Ey, Ez, Hx, Hy, Hz  and filename snap04650.h5 will be created.
Snapshot from 13.5m, 0m, 8m, to 22.5m, 0.05m, 28.1m, discretisation 0.15m, 0.05m, 0.15m, at 2.74783e-07 secs (iteration 4660; magnetic fields at 2.74754e-07 secs) with field outputs Ex, Ey, Ez, Hx, Hy, Hz  and filename snap04660.h5 will be created.
Snapshot from 13.5m, 0m, 8m, to 22.5m, 0.05m, 28.1m, discretisation 0.15m, 0.05m, 0.15m, at 2.75373e-07 secs (iteration 4670; magnetic fields at 2.75343e-07 secs) with field outputs Ex, Ey, Ez, Hx, Hy, Hz  and filename snap04670.h5 will be created.
Snapshot from 13.5m, 0m, 8m, to 22.5m, 0.05m, 28.1m, discretisation 0.15m, 0.05m, 0.15m, at 2.75963e-07 secs (iteration 4680; magnetic fields at 2.75933e-07 secs) with field outputs Ex, Ey, Ez, Hx, Hy, Hz  and filename snap04680.h5 will be created.
Snapshot from 13.5m, 0m, 8m, to 22.5m, 0.05m, 28.1m, discretisation 0.15m, 0.05m, 0.15m, at 2.76552e-07 secs (iteration 4690; magnetic fields at 2.76523e-07 secs) with field outputs Ex, Ey, Ez, Hx, Hy, Hz  and filename snap04690.h5 will be created.
Snapshot from 13.5m, 0m, 8m, to 22.5m, 0.05m, 28.1m, discretisation 0.15m, 0.05m, 0.15m, at 2.77142e-07 secs (iteration 4700; magnetic fields at 2.77112e-07 secs) with field outputs Ex, Ey, Ez, Hx, Hy, Hz  and filename snap04700.h5 will be created.
Snapshot from 13.5m, 0m, 8m, to 22.5m, 0.05m, 28.1m, discretisation 0.15m, 0.05m, 0.15m, at 2.77732e-07 secs (iteration 4710; magnetic fields at 2.77702e-07 secs) with field outputs Ex, Ey, Ez, Hx, Hy, Hz  and filename snap04710.h5 will be created.
Snapshot from 13.5m, 0m, 8m, to 22.5m, 0.05m, 28.1m, discretisation 0.15m, 0.05m, 0.15m, at 2.78321e-07 secs (iteration 4720; magnetic fields at 2.78292e-07 secs) with field outputs Ex, Ey, Ez, Hx, Hy, Hz  and filename snap04720.h5 will be created.
Snapshot from 13.5m, 0m, 8m, to 22.5m, 0.05m, 28.1m, discretisation 0.15m, 0.05m, 0.15m, at 2.78911e-07 secs (iteration 4730; magnetic fields at 2.78881e-07 secs) with field outputs Ex, Ey, Ez, Hx, Hy, Hz  and filename snap04730.h5 will be created.
Snapshot from 13.5m, 0m, 8m, to 22.5m, 0.05m, 28.1m, discretisation 0.15m, 0.05m, 0.15m, at 2.79501e-07 secs (iteration 4740; magnetic fields at 2.79471e-07 secs) with field outputs Ex, Ey, Ez, Hx, Hy, Hz  and filename snap04740.h5 will be created.
Snapshot from 13.5m, 0m, 8m, to 22.5m, 0.05m, 28.1m, discretisation 0.15m, 0.05m, 0.15m, at 2.8009e-07 secs (iteration 4750; magnetic fields at 2.80061e-07 secs) with field outputs Ex, Ey, Ez, Hx, Hy, Hz  and filename snap04750.h5 will be created.
Snapshot from 13.5m, 0m, 8m, to 22.5m, 0.05m, 28.1m, discretisation 0.15m, 0.05m, 0.15m, at 2.8068e-07 secs (iteration 4760; magnetic fields at 2.8065e-07 secs) with field outputs Ex, Ey, Ez, Hx, Hy, Hz  and filename snap04760.h5 will be created.
Snapshot from 13.5m, 0m, 8m, to 22.5m, 0.05m, 28.1m, discretisation 0.15m, 0.05m, 0.15m, at 2.8127e-07 secs (iteration 4770; magnetic fields at 2.8124e-07 secs) with field outputs Ex, Ey, Ez, Hx, Hy, Hz  and filename snap04770.h5 will be created.
Snapshot from 13.5m, 0m, 8m, to 22.5m, 0.05m, 28.1m, discretisation 0.15m, 0.05m, 0.15m, at 2.81859e-07 secs (iteration 4780; magnetic fields at 2.8183e-07 secs) with field outputs Ex, Ey, Ez, Hx, Hy, Hz  and filename snap04780.h5 will be created.
Snapshot from 13.5m, 0m, 8m, to 22.5m, 0.05m, 28.1m, discretisation 0.15m, 0.05m, 0.15m, at 2.82449e-07 secs (iteration 4790; magnetic fields at 2.82419e-07 secs) with field outputs Ex, Ey, Ez, Hx, Hy, Hz  and filename snap04790.h5 will be created.
Snapshot from 13.5m, 0m, 8m, to 22.5m, 0.05m, 28.1m, discretisation 0.15m, 0.05m, 0.15m, at 2.83039e-07 secs (iteration 4800; magnetic fields at 2.83009e-07 secs) with field outputs Ex, Ey, Ez, Hx, Hy, Hz  and filename snap04800.h5 will be created.
Snapshot from 13.5m, 0m, 8m, to 22.5m, 0.05m, 28.1m, discretisation 0.15m, 0.05m, 0.15m, at 2.83628e-07 secs (iteration 4810; magnetic fields at 2.83599e-07 secs) with field outputs Ex, Ey, Ez, Hx, Hy, Hz  and filename snap04810.h5 will be created.
Snapshot from 13.5m, 0m, 8m, to 22.5m, 0.05m, 28.1m, discretisation 0.15m, 0.05m, 0.15m, at 2.84218e-07 secs (iteration 4820; magnetic fields at 2.84188e-07 secs) with field outputs Ex, Ey, Ez, Hx, Hy, Hz  and filename snap04820.h5 will be created.
Snapshot from 13.5m, 0m, 8m, to 22.5m, 0.05m, 28.1m, discretisation 0.15m, 0.05m, 0.15m, at 2.84808e-07 secs (iteration 4830; magnetic fields at 2.84778e-07 secs) with field outputs Ex, Ey, Ez, Hx, Hy, Hz  and filename snap04830.h5 will be created.
Snapshot from 13.5m, 0m, 8m, to 22.5m, 0.05m, 28.1m, discretisation 0.15m, 0.05m, 0.15m, at 2.85397e-07 secs (iteration 4840; magnetic fields at 2.85368e-07 secs) with field outputs Ex, Ey, Ez, Hx, Hy, Hz  and filename snap04840.h5 will be created.
Snapshot from 13.5m, 0m, 8m, to 22.5m, 0.05m, 28.1m, discretisation 0.15m, 0.05m, 0.15m, at 2.85987e-07 secs (iteration 4850; magnetic fields at 2.85957e-07 secs) with field outputs Ex, Ey, Ez, Hx, Hy, Hz  and filename snap04850.h5 will be created.
Snapshot from 13.5m, 0m, 8m, to 22.5m, 0.05m, 28.1m, discretisation 0.15m, 0.05m, 0.15m, at 2.86577e-07 secs (iteration 4860; magnetic fields at 2.86547e-07 secs) with field outputs Ex, Ey, Ez, Hx, Hy, Hz  and filename snap04860.h5 will be created.
Snapshot from 13.5m, 0m, 8m, to 22.5m, 0.05m, 28.1m, discretisation 0.15m, 0.05m, 0.15m, at 2.87166e-07 secs (iteration 4870; magnetic fields at 2.87137e-07 secs) with field outputs Ex, Ey, Ez, Hx, Hy, Hz  and filename snap04870.h5 will be created.
Snapshot from 13.5m, 0m, 8m, to 22.5m, 0.05m, 28.1m, discretisation 0.15m, 0.05m, 0.15m, at 2.87756e-07 secs (iteration 4880; magnetic fields at 2.87726e-07 secs) with field outputs Ex, Ey, Ez, Hx, Hy, Hz  and filename snap04880.h5 will be created.
Snapshot from 13.5m, 0m, 8m, to 22.5m, 0.05m, 28.1m, discretisation 0.15m, 0.05m, 0.15m, at 2.88345e-07 secs (iteration 4890; magnetic fields at 2.88316e-07 secs) with field outputs Ex, Ey, Ez, Hx, Hy, Hz  and filename snap04890.h5 will be created.
Snapshot from 13.5m, 0m, 8m, to 22.5m, 0.05m, 28.1m, discretisation 0.15m, 0.05m, 0.15m, at 2.88935e-07 secs (iteration 4900; magnetic fields at 2.88906e-07 secs) with field outputs Ex, Ey, Ez, Hx, Hy, Hz  and filename snap04900.h5 will be created.
Snapshot from 13.5m, 0m, 8m, to 22.5m, 0.05m, 28.1m, discretisation 0.15m, 0.05m, 0.15m, at 2.89525e-07 secs (iteration 4910; magnetic fields at 2.89495e-07 secs) with field outputs Ex, Ey, Ez, Hx, Hy, Hz  and filename snap04910.h5 will be created.
Snapshot from 13.5m, 0m, 8m, to 22.5m, 0.05m, 28.1m, discretisation 0.15m, 0.05m, 0.15m, at 2.90114e-07 secs (iteration 4920; magnetic fields at 2.90085e-07 secs) with field outputs Ex, Ey, Ez, Hx, Hy, Hz  and filename snap04920.h5 will be created.
Snapshot from 13.5m, 0m, 8m, to 22.5m, 0.05m, 28.1m, discretisation 0.15m, 0.05m, 0.15m, at 2.90704e-07 secs (iteration 4930; magnetic fields at 2.90675e-07 secs) with field outputs Ex, Ey, Ez, Hx, Hy, Hz  and filename snap04930.h5 will be created.
Snapshot from 13.5m, 0m, 8m, to 22.5m, 0.05m, 28.1m, discretisation 0.15m, 0.05m, 0.15m, at 2.91294e-07 secs (iteration 4940; magnetic fields at 2.91264e-07 secs) with field outputs Ex, Ey, Ez, Hx, Hy, Hz  and filename snap04940.h5 will be created.
Snapshot from 13.5m, 0m, 8m, to 22.5m, 0.05m, 28.1m, discretisation 0.15m, 0.05m, 0.15m, at 2.91883e-07 secs (iteration 4950; magnetic fields at 2.91854e-07 secs) with field outputs Ex, Ey, Ez, Hx, Hy, Hz  and filename snap04950.h5 will be created.
Snapshot from 13.5m, 0m, 8m, to 22.5m, 0.05m, 28.1m, discretisation 0.15m, 0.05m, 0.15m, at 2.92473e-07 secs (iteration 4960; magnetic fields at 2.92444e-07 secs) with field outputs Ex, Ey, Ez, Hx, Hy, Hz  and filename snap04960.h5 will be created.
Snapshot from 13.5m, 0m, 8m, to 22.5m, 0.05m, 28.1m, discretisation 0.15m, 0.05m, 0.15m, at 2.93063e-07 secs (iteration 4970; magnetic fields at 2.93033e-07 secs) with field outputs Ex, Ey, Ez, Hx, Hy, Hz  and filename snap04970.h5 will be created.
Snapshot from 13.5m, 0m, 8m, to 22.5m, 0.05m, 28.1m, discretisation 0.15m, 0.05m, 0.15m, at 2.93652e-07 secs (iteration 4980; magnetic fields at 2.93623e-07 secs) with field outputs Ex, Ey, Ez, Hx, Hy, Hz  and filename snap04980.h5 will be created.
Snapshot from 13.5m, 0m, 8m, to 22.5m, 0.05m, 28.1m, discretisation 0.15m, 0.05m, 0.15m, at 2.94242e-07 secs (iteration 4990; magnetic fields at 2.94213e-07 secs) with field outputs Ex, Ey, Ez, Hx, Hy, Hz  and filename snap04990.h5 will be created.
Snapshot from 13.5m, 0m, 8m, to 22.5m, 0.05m, 28.1m, discretisation 0.15m, 0.05m, 0.15m, at 2.94832e-07 secs (iteration 5000; magnetic fields at 2.94802e-07 secs) with field outputs Ex, Ey, Ez, Hx, Hy, Hz  and filename snap05000.h5 will be created.
Snapshot from 13.5m, 0m, 8m, to 22.5m, 0.05m, 28.1m, discretisation 0.15m, 0.05m, 0.15m, at 2.95421e-07 secs (iteration 5010; magnetic fields at 2.95392e-07 secs) with field outputs Ex, Ey, Ez, Hx, Hy, Hz  and filename snap05010.h5 will be created.
Snapshot from 13.5m, 0m, 8m, to 22.5m, 0.05m, 28.1m, discretisation 0.15m, 0.05m, 0.15m, at 2.96011e-07 secs (iteration 5020; magnetic fields at 2.95982e-07 secs) with field outputs Ex, Ey, Ez, Hx, Hy, Hz  and filename snap05020.h5 will be created.
Snapshot from 13.5m, 0m, 8m, to 22.5m, 0.05m, 28.1m, discretisation 0.15m, 0.05m, 0.15m, at 2.96601e-07 secs (iteration 5030; magnetic fields at 2.96571e-07 secs) with field outputs Ex, Ey, Ez, Hx, Hy, Hz  and filename snap05030.h5 will be created.
Snapshot from 13.5m, 0m, 8m, to 22.5m, 0.05m, 28.1m, discretisation 0.15m, 0.05m, 0.15m, at 2.9719e-07 secs (iteration 5040; magnetic fields at 2.97161e-07 secs) with field outputs Ex, Ey, Ez, Hx, Hy, Hz  and filename snap05040.h5 will be created.
Snapshot from 13.5m, 0m, 8m, to 22.5m, 0.05m, 28.1m, discretisation 0.15m, 0.05m, 0.15m, at 2.9778e-07 secs (iteration 5050; magnetic fields at 2.97751e-07 secs) with field outputs Ex, Ey, Ez, Hx, Hy, Hz  and filename snap05050.h5 will be created.
Snapshot from 13.5m, 0m, 8m, to 22.5m, 0.05m, 28.1m, discretisation 0.15m, 0.05m, 0.15m, at 2.9837e-07 secs (iteration 5060; magnetic fields at 2.9834e-07 secs) with field outputs Ex, Ey, Ez, Hx, Hy, Hz  and filename snap05060.h5 will be created.
Snapshot from 13.5m, 0m, 8m, to 22.5m, 0.05m, 28.1m, discretisation 0.15m, 0.05m, 0.15m, at 2.98959e-07 secs (iteration 5070; magnetic fields at 2.9893e-07 secs) with field outputs Ex, Ey, Ez, Hx, Hy, Hz  and filename snap05070.h5 will be created.
Snapshot from 13.5m, 0m, 8m, to 22.5m, 0.05m, 28.1m, discretisation 0.15m, 0.05m, 0.15m, at 2.99549e-07 secs (iteration 5080; magnetic fields at 2.9952e-07 secs) with field outputs Ex, Ey, Ez, Hx, Hy, Hz  and filename snap05080.h5 will be created.
Snapshot from 13.5m, 0m, 8m, to 22.5m, 0.05m, 28.1m, discretisation 0.15m, 0.05m, 0.15m, at 3.00139e-07 secs (iteration 5090; magnetic fields at 3.00109e-07 secs) with field outputs Ex, Ey, Ez, Hx, Hy, Hz  and filename snap05090.h5 will be created.
Snapshot from 13.5m, 0m, 8m, to 22.5m, 0.05m, 28.1m, discretisation 0.15m, 0.05m, 0.15m, at 3.00728e-07 secs (iteration 5100; magnetic fields at 3.00699e-07 secs) with field outputs Ex, Ey, Ez, Hx, Hy, Hz  and filename snap05100.h5 will be created.
Snapshot from 13.5m, 0m, 8m, to 22.5m, 0.05m, 28.1m, discretisation 0.15m, 0.05m, 0.15m, at 3.01318e-07 secs (iteration 5110; magnetic fields at 3.01289e-07 secs) with field outputs Ex, Ey, Ez, Hx, Hy, Hz  and filename snap05110.h5 will be created.
Snapshot from 13.5m, 0m, 8m, to 22.5m, 0.05m, 28.1m, discretisation 0.15m, 0.05m, 0.15m, at 3.01908e-07 secs (iteration 5120; magnetic fields at 3.01878e-07 secs) with field outputs Ex, Ey, Ez, Hx, Hy, Hz  and filename snap05120.h5 will be created.
Snapshot from 13.5m, 0m, 8m, to 22.5m, 0.05m, 28.1m, discretisation 0.15m, 0.05m, 0.15m, at 3.02497e-07 secs (iteration 5130; magnetic fields at 3.02468e-07 secs) with field outputs Ex, Ey, Ez, Hx, Hy, Hz  and filename snap05130.h5 will be created.
Snapshot from 13.5m, 0m, 8m, to 22.5m, 0.05m, 28.1m, discretisation 0.15m, 0.05m, 0.15m, at 3.03087e-07 secs (iteration 5140; magnetic fields at 3.03058e-07 secs) with field outputs Ex, Ey, Ez, Hx, Hy, Hz  and filename snap05140.h5 will be created.
Snapshot from 13.5m, 0m, 8m, to 22.5m, 0.05m, 28.1m, discretisation 0.15m, 0.05m, 0.15m, at 3.03677e-07 secs (iteration 5150; magnetic fields at 3.03647e-07 secs) with field outputs Ex, Ey, Ez, Hx, Hy, Hz  and filename snap05150.h5 will be created.
Snapshot from 13.5m, 0m, 8m, to 22.5m, 0.05m, 28.1m, discretisation 0.15m, 0.05m, 0.15m, at 3.04266e-07 secs (iteration 5160; magnetic fields at 3.04237e-07 secs) with field outputs Ex, Ey, Ez, Hx, Hy, Hz  and filename snap05160.h5 will be created.
Snapshot from 13.5m, 0m, 8m, to 22.5m, 0.05m, 28.1m, discretisation 0.15m, 0.05m, 0.15m, at 3.04856e-07 secs (iteration 5170; magnetic fields at 3.04827e-07 secs) with field outputs Ex, Ey, Ez, Hx, Hy, Hz  and filename snap05170.h5 will be created.
Snapshot from 13.5m, 0m, 8m, to 22.5m, 0.05m, 28.1m, discretisation 0.15m, 0.05m, 0.15m, at 3.05446e-07 secs (iteration 5180; magnetic fields at 3.05416e-07 secs) with field outputs Ex, Ey, Ez, Hx, Hy, Hz  and filename snap05180.h5 will be created.
Snapshot from 13.5m, 0m, 8m, to 22.5m, 0.05m, 28.1m, discretisation 0.15m, 0.05m, 0.15m, at 3.06035e-07 secs (iteration 5190; magnetic fields at 3.06006e-07 secs) with field outputs Ex, Ey, Ez, Hx, Hy, Hz  and filename snap05190.h5 will be created.
Snapshot from 13.5m, 0m, 8m, to 22.5m, 0.05m, 28.1m, discretisation 0.15m, 0.05m, 0.15m, at 3.06625e-07 secs (iteration 5200; magnetic fields at 3.06596e-07 secs) with field outputs Ex, Ey, Ez, Hx, Hy, Hz  and filename snap05200.h5 will be created.
Snapshot from 13.5m, 0m, 8m, to 22.5m, 0.05m, 28.1m, discretisation 0.15m, 0.05m, 0.15m, at 3.07215e-07 secs (iteration 5210; magnetic fields at 3.07185e-07 secs) with field outputs Ex, Ey, Ez, Hx, Hy, Hz  and filename snap05210.h5 will be created.
Snapshot from 13.5m, 0m, 8m, to 22.5m, 0.05m, 28.1m, discretisation 0.15m, 0.05m, 0.15m, at 3.07804e-07 secs (iteration 5220; magnetic fields at 3.07775e-07 secs) with field outputs Ex, Ey, Ez, Hx, Hy, Hz  and filename snap05220.h5 will be created.
Snapshot from 13.5m, 0m, 8m, to 22.5m, 0.05m, 28.1m, discretisation 0.15m, 0.05m, 0.15m, at 3.08394e-07 secs (iteration 5230; magnetic fields at 3.08365e-07 secs) with field outputs Ex, Ey, Ez, Hx, Hy, Hz  and filename snap05230.h5 will be created.
Snapshot from 13.5m, 0m, 8m, to 22.5m, 0.05m, 28.1m, discretisation 0.15m, 0.05m, 0.15m, at 3.08984e-07 secs (iteration 5240; magnetic fields at 3.08954e-07 secs) with field outputs Ex, Ey, Ez, Hx, Hy, Hz  and filename snap05240.h5 will be created.
Snapshot from 13.5m, 0m, 8m, to 22.5m, 0.05m, 28.1m, discretisation 0.15m, 0.05m, 0.15m, at 3.09573e-07 secs (iteration 5250; magnetic fields at 3.09544e-07 secs) with field outputs Ex, Ey, Ez, Hx, Hy, Hz  and filename snap05250.h5 will be created.
Snapshot from 13.5m, 0m, 8m, to 22.5m, 0.05m, 28.1m, discretisation 0.15m, 0.05m, 0.15m, at 3.10163e-07 secs (iteration 5260; magnetic fields at 3.10134e-07 secs) with field outputs Ex, Ey, Ez, Hx, Hy, Hz  and filename snap05260.h5 will be created.
Snapshot from 13.5m, 0m, 8m, to 22.5m, 0.05m, 28.1m, discretisation 0.15m, 0.05m, 0.15m, at 3.10753e-07 secs (iteration 5270; magnetic fields at 3.10723e-07 secs) with field outputs Ex, Ey, Ez, Hx, Hy, Hz  and filename snap05270.h5 will be created.
Snapshot from 13.5m, 0m, 8m, to 22.5m, 0.05m, 28.1m, discretisation 0.15m, 0.05m, 0.15m, at 3.11342e-07 secs (iteration 5280; magnetic fields at 3.11313e-07 secs) with field outputs Ex, Ey, Ez, Hx, Hy, Hz  and filename snap05280.h5 will be created.
Snapshot from 13.5m, 0m, 8m, to 22.5m, 0.05m, 28.1m, discretisation 0.15m, 0.05m, 0.15m, at 3.11932e-07 secs (iteration 5290; magnetic fields at 3.11903e-07 secs) with field outputs Ex, Ey, Ez, Hx, Hy, Hz  and filename snap05290.h5 will be created.
Snapshot from 13.5m, 0m, 8m, to 22.5m, 0.05m, 28.1m, discretisation 0.15m, 0.05m, 0.15m, at 3.12522e-07 secs (iteration 5300; magnetic fields at 3.12492e-07 secs) with field outputs Ex, Ey, Ez, Hx, Hy, Hz  and filename snap05300.h5 will be created.
Snapshot from 13.5m, 0m, 8m, to 22.5m, 0.05m, 28.1m, discretisation 0.15m, 0.05m, 0.15m, at 3.13111e-07 secs (iteration 5310; magnetic fields at 3.13082e-07 secs) with field outputs Ex, Ey, Ez, Hx, Hy, Hz  and filename snap05310.h5 will be created.
Snapshot from 13.5m, 0m, 8m, to 22.5m, 0.05m, 28.1m, discretisation 0.15m, 0.05m, 0.15m, at 3.13701e-07 secs (iteration 5320; magnetic fields at 3.13672e-07 secs) with field outputs Ex, Ey, Ez, Hx, Hy, Hz  and filename snap05320.h5 will be created.
Snapshot from 13.5m, 0m, 8m, to 22.5m, 0.05m, 28.1m, discretisation 0.15m, 0.05m, 0.15m, at 3.14291e-07 secs (iteration 5330; magnetic fields at 3.14261e-07 secs) with field outputs Ex, Ey, Ez, Hx, Hy, Hz  and filename snap05330.h5 will be created.
Snapshot from 13.5m, 0m, 8m, to 22.5m, 0.05m, 28.1m, discretisation 0.15m, 0.05m, 0.15m, at 3.1488e-07 secs (iteration 5340; magnetic fields at 3.14851e-07 secs) with field outputs Ex, Ey, Ez, Hx, Hy, Hz  and filename snap05340.h5 will be created.
Snapshot from 13.5m, 0m, 8m, to 22.5m, 0.05m, 28.1m, discretisation 0.15m, 0.05m, 0.15m, at 3.1547e-07 secs (iteration 5350; magnetic fields at 3.15441e-07 secs) with field outputs Ex, Ey, Ez, Hx, Hy, Hz  and filename snap05350.h5 will be created.
Snapshot from 13.5m, 0m, 8m, to 22.5m, 0.05m, 28.1m, discretisation 0.15m, 0.05m, 0.15m, at 3.1606e-07 secs (iteration 5360; magnetic fields at 3.1603e-07 secs) with field outputs Ex, Ey, Ez, Hx, Hy, Hz  and filename snap05360.h5 will be created.
Snapshot from 13.5m, 0m, 8m, to 22.5m, 0.05m, 28.1m, discretisation 0.15m, 0.05m, 0.15m, at 3.16649e-07 secs (iteration 5370; magnetic fields at 3.1662e-07 secs) with field outputs Ex, Ey, Ez, Hx, Hy, Hz  and filename snap05370.h5 will be created.
Snapshot from 13.5m, 0m, 8m, to 22.5m, 0.05m, 28.1m, discretisation 0.15m, 0.05m, 0.15m, at 3.17239e-07 secs (iteration 5380; magnetic fields at 3.1721e-07 secs) with field outputs Ex, Ey, Ez, Hx, Hy, Hz  and filename snap05380.h5 will be created.
Snapshot from 13.5m, 0m, 8m, to 22.5m, 0.05m, 28.1m, discretisation 0.15m, 0.05m, 0.15m, at 3.17829e-07 secs (iteration 5390; magnetic fields at 3.17799e-07 secs) with field outputs Ex, Ey, Ez, Hx, Hy, Hz  and filename snap05390.h5 will be created.
Snapshot from 13.5m, 0m, 8m, to 22.5m, 0.05m, 28.1m, discretisation 0.15m, 0.05m, 0.15m, at 3.18418e-07 secs (iteration 5400; magnetic fields at 3.18389e-07 secs) with field outputs Ex, Ey, Ez, Hx, Hy, Hz  and filename snap05400.h5 will be created.
Snapshot from 13.5m, 0m, 8m, to 22.5m, 0.05m, 28.1m, discretisation 0.15m, 0.05m, 0.15m, at 3.19008e-07 secs (iteration 5410; magnetic fields at 3.18979e-07 secs) with field outputs Ex, Ey, Ez, Hx, Hy, Hz  and filename snap05410.h5 will be created.
Snapshot from 13.5m, 0m, 8m, to 22.5m, 0.05m, 28.1m, discretisation 0.15m, 0.05m, 0.15m, at 3.19598e-07 secs (iteration 5420; magnetic fields at 3.19568e-07 secs) with field outputs Ex, Ey, Ez, Hx, Hy, Hz  and filename snap05420.h5 will be created.
Snapshot from 13.5m, 0m, 8m, to 22.5m, 0.05m, 28.1m, discretisation 0.15m, 0.05m, 0.15m, at 3.20187e-07 secs (iteration 5430; magnetic fields at 3.20158e-07 secs) with field outputs Ex, Ey, Ez, Hx, Hy, Hz  and filename snap05430.h5 will be created.
Snapshot from 13.5m, 0m, 8m, to 22.5m, 0.05m, 28.1m, discretisation 0.15m, 0.05m, 0.15m, at 3.20777e-07 secs (iteration 5440; magnetic fields at 3.20748e-07 secs) with field outputs Ex, Ey, Ez, Hx, Hy, Hz  and filename snap05440.h5 will be created.
Snapshot from 13.5m, 0m, 8m, to 22.5m, 0.05m, 28.1m, discretisation 0.15m, 0.05m, 0.15m, at 3.21367e-07 secs (iteration 5450; magnetic fields at 3.21337e-07 secs) with field outputs Ex, Ey, Ez, Hx, Hy, Hz  and filename snap05450.h5 will be created.
Snapshot from 13.5m, 0m, 8m, to 22.5m, 0.05m, 28.1m, discretisation 0.15m, 0.05m, 0.15m, at 3.21956e-07 secs (iteration 5460; magnetic fields at 3.21927e-07 secs) with field outputs Ex, Ey, Ez, Hx, Hy, Hz  and filename snap05460.h5 will be created.
Snapshot from 13.5m, 0m, 8m, to 22.5m, 0.05m, 28.1m, discretisation 0.15m, 0.05m, 0.15m, at 3.22546e-07 secs (iteration 5470; magnetic fields at 3.22516e-07 secs) with field outputs Ex, Ey, Ez, Hx, Hy, Hz  and filename snap05470.h5 will be created.
Snapshot from 13.5m, 0m, 8m, to 22.5m, 0.05m, 28.1m, discretisation 0.15m, 0.05m, 0.15m, at 3.23136e-07 secs (iteration 5480; magnetic fields at 3.23106e-07 secs) with field outputs Ex, Ey, Ez, Hx, Hy, Hz  and filename snap05480.h5 will be created.
Snapshot from 13.5m, 0m, 8m, to 22.5m, 0.05m, 28.1m, discretisation 0.15m, 0.05m, 0.15m, at 3.23725e-07 secs (iteration 5490; magnetic fields at 3.23696e-07 secs) with field outputs Ex, Ey, Ez, Hx, Hy, Hz  and filename snap05490.h5 will be created.
Snapshot from 13.5m, 0m, 8m, to 22.5m, 0.05m, 28.1m, discretisation 0.15m, 0.05m, 0.15m, at 3.24315e-07 secs (iteration 5500; magnetic fields at 3.24285e-07 secs) with field outputs Ex, Ey, Ez, Hx, Hy, Hz  and filename snap05500.h5 will be created.
Snapshot from 13.5m, 0m, 8m, to 22.5m, 0.05m, 28.1m, discretisation 0.15m, 0.05m, 0.15m, at 3.24905e-07 secs (iteration 5510; magnetic fields at 3.24875e-07 secs) with field outputs Ex, Ey, Ez, Hx, Hy, Hz  and filename snap05510.h5 will be created.
Snapshot from 13.5m, 0m, 8m, to 22.5m, 0.05m, 28.1m, discretisation 0.15m, 0.05m, 0.15m, at 3.25494e-07 secs (iteration 5520; magnetic fields at 3.25465e-07 secs) with field outputs Ex, Ey, Ez, Hx, Hy, Hz  and filename snap05520.h5 will be created.
Snapshot from 13.5m, 0m, 8m, to 22.5m, 0.05m, 28.1m, discretisation 0.15m, 0.05m, 0.15m, at 3.26084e-07 secs (iteration 5530; magnetic fields at 3.26054e-07 secs) with field outputs Ex, Ey, Ez, Hx, Hy, Hz  and filename snap05530.h5 will be created.
Snapshot from 13.5m, 0m, 8m, to 22.5m, 0.05m, 28.1m, discretisation 0.15m, 0.05m, 0.15m, at 3.26674e-07 secs (iteration 5540; magnetic fields at 3.26644e-07 secs) with field outputs Ex, Ey, Ez, Hx, Hy, Hz  and filename snap05540.h5 will be created.
Snapshot from 13.5m, 0m, 8m, to 22.5m, 0.05m, 28.1m, discretisation 0.15m, 0.05m, 0.15m, at 3.27263e-07 secs (iteration 5550; magnetic fields at 3.27234e-07 secs) with field outputs Ex, Ey, Ez, Hx, Hy, Hz  and filename snap05550.h5 will be created.
Snapshot from 13.5m, 0m, 8m, to 22.5m, 0.05m, 28.1m, discretisation 0.15m, 0.05m, 0.15m, at 3.27853e-07 secs (iteration 5560; magnetic fields at 3.27823e-07 secs) with field outputs Ex, Ey, Ez, Hx, Hy, Hz  and filename snap05560.h5 will be created.
Snapshot from 13.5m, 0m, 8m, to 22.5m, 0.05m, 28.1m, discretisation 0.15m, 0.05m, 0.15m, at 3.28443e-07 secs (iteration 5570; magnetic fields at 3.28413e-07 secs) with field outputs Ex, Ey, Ez, Hx, Hy, Hz  and filename snap05570.h5 will be created.
Snapshot from 13.5m, 0m, 8m, to 22.5m, 0.05m, 28.1m, discretisation 0.15m, 0.05m, 0.15m, at 3.29032e-07 secs (iteration 5580; magnetic fields at 3.29003e-07 secs) with field outputs Ex, Ey, Ez, Hx, Hy, Hz  and filename snap05580.h5 will be created.
Snapshot from 13.5m, 0m, 8m, to 22.5m, 0.05m, 28.1m, discretisation 0.15m, 0.05m, 0.15m, at 3.29622e-07 secs (iteration 5590; magnetic fields at 3.29592e-07 secs) with field outputs Ex, Ey, Ez, Hx, Hy, Hz  and filename snap05590.h5 will be created.
Snapshot from 13.5m, 0m, 8m, to 22.5m, 0.05m, 28.1m, discretisation 0.15m, 0.05m, 0.15m, at 3.30212e-07 secs (iteration 5600; magnetic fields at 3.30182e-07 secs) with field outputs Ex, Ey, Ez, Hx, Hy, Hz  and filename snap05600.h5 will be created.
Snapshot from 13.5m, 0m, 8m, to 22.5m, 0.05m, 28.1m, discretisation 0.15m, 0.05m, 0.15m, at 3.30801e-07 secs (iteration 5610; magnetic fields at 3.30772e-07 secs) with field outputs Ex, Ey, Ez, Hx, Hy, Hz  and filename snap05610.h5 will be created.
Snapshot from 13.5m, 0m, 8m, to 22.5m, 0.05m, 28.1m, discretisation 0.15m, 0.05m, 0.15m, at 3.31391e-07 secs (iteration 5620; magnetic fields at 3.31361e-07 secs) with field outputs Ex, Ey, Ez, Hx, Hy, Hz  and filename snap05620.h5 will be created.
Snapshot from 13.5m, 0m, 8m, to 22.5m, 0.05m, 28.1m, discretisation 0.15m, 0.05m, 0.15m, at 3.31981e-07 secs (iteration 5630; magnetic fields at 3.31951e-07 secs) with field outputs Ex, Ey, Ez, Hx, Hy, Hz  and filename snap05630.h5 will be created.
Snapshot from 13.5m, 0m, 8m, to 22.5m, 0.05m, 28.1m, discretisation 0.15m, 0.05m, 0.15m, at 3.3257e-07 secs (iteration 5640; magnetic fields at 3.32541e-07 secs) with field outputs Ex, Ey, Ez, Hx, Hy, Hz  and filename snap05640.h5 will be created.
Snapshot from 13.5m, 0m, 8m, to 22.5m, 0.05m, 28.1m, discretisation 0.15m, 0.05m, 0.15m, at 3.3316e-07 secs (iteration 5650; magnetic fields at 3.3313e-07 secs) with field outputs Ex, Ey, Ez, Hx, Hy, Hz  and filename snap05650.h5 will be created.
Snapshot from 13.5m, 0m, 8m, to 22.5m, 0.05m, 28.1m, discretisation 0.15m, 0.05m, 0.15m, at 3.3375e-07 secs (iteration 5660; magnetic fields at 3.3372e-07 secs) with field outputs Ex, Ey, Ez, Hx, Hy, Hz  and filename snap05660.h5 will be created.
Snapshot from 13.5m, 0m, 8m, to 22.5m, 0.05m, 28.1m, discretisation 0.15m, 0.05m, 0.15m, at 3.34339e-07 secs (iteration 5670; magnetic fields at 3.3431e-07 secs) with field outputs Ex, Ey, Ez, Hx, Hy, Hz  and filename snap05670.h5 will be created.
Snapshot from 13.5m, 0m, 8m, to 22.5m, 0.05m, 28.1m, discretisation 0.15m, 0.05m, 0.15m, at 3.34929e-07 secs (iteration 5680; magnetic fields at 3.34899e-07 secs) with field outputs Ex, Ey, Ez, Hx, Hy, Hz  and filename snap05680.h5 will be created.
Snapshot from 13.5m, 0m, 8m, to 22.5m, 0.05m, 28.1m, discretisation 0.15m, 0.05m, 0.15m, at 3.35519e-07 secs (iteration 5690; magnetic fields at 3.35489e-07 secs) with field outputs Ex, Ey, Ez, Hx, Hy, Hz  and filename snap05690.h5 will be created.
Snapshot from 13.5m, 0m, 8m, to 22.5m, 0.05m, 28.1m, discretisation 0.15m, 0.05m, 0.15m, at 3.36108e-07 secs (iteration 5700; magnetic fields at 3.36079e-07 secs) with field outputs Ex, Ey, Ez, Hx, Hy, Hz  and filename snap05700.h5 will be created.
Snapshot from 13.5m, 0m, 8m, to 22.5m, 0.05m, 28.1m, discretisation 0.15m, 0.05m, 0.15m, at 3.36698e-07 secs (iteration 5710; magnetic fields at 3.36668e-07 secs) with field outputs Ex, Ey, Ez, Hx, Hy, Hz  and filename snap05710.h5 will be created.
Snapshot from 13.5m, 0m, 8m, to 22.5m, 0.05m, 28.1m, discretisation 0.15m, 0.05m, 0.15m, at 3.37288e-07 secs (iteration 5720; magnetic fields at 3.37258e-07 secs) with field outputs Ex, Ey, Ez, Hx, Hy, Hz  and filename snap05720.h5 will be created.
Snapshot from 13.5m, 0m, 8m, to 22.5m, 0.05m, 28.1m, discretisation 0.15m, 0.05m, 0.15m, at 3.37877e-07 secs (iteration 5730; magnetic fields at 3.37848e-07 secs) with field outputs Ex, Ey, Ez, Hx, Hy, Hz  and filename snap05730.h5 will be created.
Snapshot from 13.5m, 0m, 8m, to 22.5m, 0.05m, 28.1m, discretisation 0.15m, 0.05m, 0.15m, at 3.38467e-07 secs (iteration 5740; magnetic fields at 3.38437e-07 secs) with field outputs Ex, Ey, Ez, Hx, Hy, Hz  and filename snap05740.h5 will be created.
Snapshot from 13.5m, 0m, 8m, to 22.5m, 0.05m, 28.1m, discretisation 0.15m, 0.05m, 0.15m, at 3.39057e-07 secs (iteration 5750; magnetic fields at 3.39027e-07 secs) with field outputs Ex, Ey, Ez, Hx, Hy, Hz  and filename snap05750.h5 will be created.
Snapshot from 13.5m, 0m, 8m, to 22.5m, 0.05m, 28.1m, discretisation 0.15m, 0.05m, 0.15m, at 3.39646e-07 secs (iteration 5760; magnetic fields at 3.39617e-07 secs) with field outputs Ex, Ey, Ez, Hx, Hy, Hz  and filename snap05760.h5 will be created.
Snapshot from 13.5m, 0m, 8m, to 22.5m, 0.05m, 28.1m, discretisation 0.15m, 0.05m, 0.15m, at 3.40236e-07 secs (iteration 5770; magnetic fields at 3.40206e-07 secs) with field outputs Ex, Ey, Ez, Hx, Hy, Hz  and filename snap05770.h5 will be created.
Snapshot from 13.5m, 0m, 8m, to 22.5m, 0.05m, 28.1m, discretisation 0.15m, 0.05m, 0.15m, at 3.40826e-07 secs (iteration 5780; magnetic fields at 3.40796e-07 secs) with field outputs Ex, Ey, Ez, Hx, Hy, Hz  and filename snap05780.h5 will be created.
Snapshot from 13.5m, 0m, 8m, to 22.5m, 0.05m, 28.1m, discretisation 0.15m, 0.05m, 0.15m, at 3.41415e-07 secs (iteration 5790; magnetic fields at 3.41386e-07 secs) with field outputs Ex, Ey, Ez, Hx, Hy, Hz  and filename snap05790.h5 will be created.
Snapshot from 13.5m, 0m, 8m, to 22.5m, 0.05m, 28.1m, discretisation 0.15m, 0.05m, 0.15m, at 3.42005e-07 secs (iteration 5800; magnetic fields at 3.41975e-07 secs) with field outputs Ex, Ey, Ez, Hx, Hy, Hz  and filename snap05800.h5 will be created.
Snapshot from 13.5m, 0m, 8m, to 22.5m, 0.05m, 28.1m, discretisation 0.15m, 0.05m, 0.15m, at 3.42595e-07 secs (iteration 5810; magnetic fields at 3.42565e-07 secs) with field outputs Ex, Ey, Ez, Hx, Hy, Hz  and filename snap05810.h5 will be created.
Snapshot from 13.5m, 0m, 8m, to 22.5m, 0.05m, 28.1m, discretisation 0.15m, 0.05m, 0.15m, at 3.43184e-07 secs (iteration 5820; magnetic fields at 3.43155e-07 secs) with field outputs Ex, Ey, Ez, Hx, Hy, Hz  and filename snap05820.h5 will be created.
Snapshot from 13.5m, 0m, 8m, to 22.5m, 0.05m, 28.1m, discretisation 0.15m, 0.05m, 0.15m, at 3.43774e-07 secs (iteration 5830; magnetic fields at 3.43744e-07 secs) with field outputs Ex, Ey, Ez, Hx, Hy, Hz  and filename snap05830.h5 will be created.
Snapshot from 13.5m, 0m, 8m, to 22.5m, 0.05m, 28.1m, discretisation 0.15m, 0.05m, 0.15m, at 3.44364e-07 secs (iteration 5840; magnetic fields at 3.44334e-07 secs) with field outputs Ex, Ey, Ez, Hx, Hy, Hz  and filename snap05840.h5 will be created.
Snapshot from 13.5m, 0m, 8m, to 22.5m, 0.05m, 28.1m, discretisation 0.15m, 0.05m, 0.15m, at 3.44953e-07 secs (iteration 5850; magnetic fields at 3.44924e-07 secs) with field outputs Ex, Ey, Ez, Hx, Hy, Hz  and filename snap05850.h5 will be created.
Snapshot from 13.5m, 0m, 8m, to 22.5m, 0.05m, 28.1m, discretisation 0.15m, 0.05m, 0.15m, at 3.45543e-07 secs (iteration 5860; magnetic fields at 3.45513e-07 secs) with field outputs Ex, Ey, Ez, Hx, Hy, Hz  and filename snap05860.h5 will be created.
Snapshot from 13.5m, 0m, 8m, to 22.5m, 0.05m, 28.1m, discretisation 0.15m, 0.05m, 0.15m, at 3.46133e-07 secs (iteration 5870; magnetic fields at 3.46103e-07 secs) with field outputs Ex, Ey, Ez, Hx, Hy, Hz  and filename snap05870.h5 will be created.
Snapshot from 13.5m, 0m, 8m, to 22.5m, 0.05m, 28.1m, discretisation 0.15m, 0.05m, 0.15m, at 3.46722e-07 secs (iteration 5880; magnetic fields at 3.46693e-07 secs) with field outputs Ex, Ey, Ez, Hx, Hy, Hz  and filename snap05880.h5 will be created.
Snapshot from 13.5m, 0m, 8m, to 22.5m, 0.05m, 28.1m, discretisation 0.15m, 0.05m, 0.15m, at 3.47312e-07 secs (iteration 5890; magnetic fields at 3.47282e-07 secs) with field outputs Ex, Ey, Ez, Hx, Hy, Hz  and filename snap05890.h5 will be created.
Snapshot from 13.5m, 0m, 8m, to 22.5m, 0.05m, 28.1m, discretisation 0.15m, 0.05m, 0.15m, at 3.47902e-07 secs (iteration 5900; magnetic fields at 3.47872e-07 secs) with field outputs Ex, Ey, Ez, Hx, Hy, Hz  and filename snap05900.h5 will be created.
Snapshot from 13.5m, 0m, 8m, to 22.5m, 0.05m, 28.1m, discretisation 0.15m, 0.05m, 0.15m, at 3.48491e-07 secs (iteration 5910; magnetic fields at 3.48462e-07 secs) with field outputs Ex, Ey, Ez, Hx, Hy, Hz  and filename snap05910.h5 will be created.
Snapshot from 13.5m, 0m, 8m, to 22.5m, 0.05m, 28.1m, discretisation 0.15m, 0.05m, 0.15m, at 3.49081e-07 secs (iteration 5920; magnetic fields at 3.49051e-07 secs) with field outputs Ex, Ey, Ez, Hx, Hy, Hz  and filename snap05920.h5 will be created.
Snapshot from 13.5m, 0m, 8m, to 22.5m, 0.05m, 28.1m, discretisation 0.15m, 0.05m, 0.15m, at 3.49671e-07 secs (iteration 5930; magnetic fields at 3.49641e-07 secs) with field outputs Ex, Ey, Ez, Hx, Hy, Hz  and filename snap05930.h5 will be created.
Snapshot from 13.5m, 0m, 8m, to 22.5m, 0.05m, 28.1m, discretisation 0.15m, 0.05m, 0.15m, at 3.5026e-07 secs (iteration 5940; magnetic fields at 3.50231e-07 secs) with field outputs Ex, Ey, Ez, Hx, Hy, Hz  and filename snap05940.h5 will be created.
Snapshot from 13.5m, 0m, 8m, to 22.5m, 0.05m, 28.1m, discretisation 0.15m, 0.05m, 0.15m, at 3.5085e-07 secs (iteration 5950; magnetic fields at 3.5082e-07 secs) with field outputs Ex, Ey, Ez, Hx, Hy, Hz  and filename snap05950.h5 will be created.
Snapshot from 13.5m, 0m, 8m, to 22.5m, 0.05m, 28.1m, discretisation 0.15m, 0.05m, 0.15m, at 3.51439e-07 secs (iteration 5960; magnetic fields at 3.5141e-07 secs) with field outputs Ex, Ey, Ez, Hx, Hy, Hz  and filename snap05960.h5 will be created.
Snapshot from 13.5m, 0m, 8m, to 22.5m, 0.05m, 28.1m, discretisation 0.15m, 0.05m, 0.15m, at 3.52029e-07 secs (iteration 5970; magnetic fields at 3.52e-07 secs) with field outputs Ex, Ey, Ez, Hx, Hy, Hz  and filename snap05970.h5 will be created.
Snapshot from 13.5m, 0m, 8m, to 22.5m, 0.05m, 28.1m, discretisation 0.15m, 0.05m, 0.15m, at 3.52619e-07 secs (iteration 5980; magnetic fields at 3.52589e-07 secs) with field outputs Ex, Ey, Ez, Hx, Hy, Hz  and filename snap05980.h5 will be created.
Snapshot from 13.5m, 0m, 8m, to 22.5m, 0.05m, 28.1m, discretisation 0.15m, 0.05m, 0.15m, at 3.53208e-07 secs (iteration 5990; magnetic fields at 3.53179e-07 secs) with field outputs Ex, Ey, Ez, Hx, Hy, Hz  and filename snap05990.h5 will be created.
Snapshot from 13.5m, 0m, 8m, to 22.5m, 0.05m, 28.1m, discretisation 0.15m, 0.05m, 0.15m, at 3.53798e-07 secs (iteration 6000; magnetic fields at 3.53769e-07 secs) with field outputs Ex, Ey, Ez, Hx, Hy, Hz  and filename snap06000.h5 will be created.
Snapshot from 13.5m, 0m, 8m, to 22.5m, 0.05m, 28.1m, discretisation 0.15m, 0.05m, 0.15m, at 3.54388e-07 secs (iteration 6010; magnetic fields at 3.54358e-07 secs) with field outputs Ex, Ey, Ez, Hx, Hy, Hz  and filename snap06010.h5 will be created.
Snapshot from 13.5m, 0m, 8m, to 22.5m, 0.05m, 28.1m, discretisation 0.15m, 0.05m, 0.15m, at 3.54977e-07 secs (iteration 6020; magnetic fields at 3.54948e-07 secs) with field outputs Ex, Ey, Ez, Hx, Hy, Hz  and filename snap06020.h5 will be created.
Snapshot from 13.5m, 0m, 8m, to 22.5m, 0.05m, 28.1m, discretisation 0.15m, 0.05m, 0.15m, at 3.55567e-07 secs (iteration 6030; magnetic fields at 3.55538e-07 secs) with field outputs Ex, Ey, Ez, Hx, Hy, Hz  and filename snap06030.h5 will be created.
Snapshot from 13.5m, 0m, 8m, to 22.5m, 0.05m, 28.1m, discretisation 0.15m, 0.05m, 0.15m, at 3.56157e-07 secs (iteration 6040; magnetic fields at 3.56127e-07 secs) with field outputs Ex, Ey, Ez, Hx, Hy, Hz  and filename snap06040.h5 will be created.
Snapshot from 13.5m, 0m, 8m, to 22.5m, 0.05m, 28.1m, discretisation 0.15m, 0.05m, 0.15m, at 3.56746e-07 secs (iteration 6050; magnetic fields at 3.56717e-07 secs) with field outputs Ex, Ey, Ez, Hx, Hy, Hz  and filename snap06050.h5 will be created.
Snapshot from 13.5m, 0m, 8m, to 22.5m, 0.05m, 28.1m, discretisation 0.15m, 0.05m, 0.15m, at 3.57336e-07 secs (iteration 6060; magnetic fields at 3.57307e-07 secs) with field outputs Ex, Ey, Ez, Hx, Hy, Hz  and filename snap06060.h5 will be created.
Snapshot from 13.5m, 0m, 8m, to 22.5m, 0.05m, 28.1m, discretisation 0.15m, 0.05m, 0.15m, at 3.57926e-07 secs (iteration 6070; magnetic fields at 3.57896e-07 secs) with field outputs Ex, Ey, Ez, Hx, Hy, Hz  and filename snap06070.h5 will be created.
Snapshot from 13.5m, 0m, 8m, to 22.5m, 0.05m, 28.1m, discretisation 0.15m, 0.05m, 0.15m, at 3.58515e-07 secs (iteration 6080; magnetic fields at 3.58486e-07 secs) with field outputs Ex, Ey, Ez, Hx, Hy, Hz  and filename snap06080.h5 will be created.
Snapshot from 13.5m, 0m, 8m, to 22.5m, 0.05m, 28.1m, discretisation 0.15m, 0.05m, 0.15m, at 3.59105e-07 secs (iteration 6090; magnetic fields at 3.59076e-07 secs) with field outputs Ex, Ey, Ez, Hx, Hy, Hz  and filename snap06090.h5 will be created.
Snapshot from 13.5m, 0m, 8m, to 22.5m, 0.05m, 28.1m, discretisation 0.15m, 0.05m, 0.15m, at 3.59695e-07 secs (iteration 6100; magnetic fields at 3.59665e-07 secs) with field outputs Ex, Ey, Ez, Hx, Hy, Hz  and filename snap06100.h5 will be created.
Snapshot from 13.5m, 0m, 8m, to 22.5m, 0.05m, 28.1m, discretisation 0.15m, 0.05m, 0.15m, at 3.60284e-07 secs (iteration 6110; magnetic fields at 3.60255e-07 secs) with field outputs Ex, Ey, Ez, Hx, Hy, Hz  and filename snap06110.h5 will be created.
Snapshot from 13.5m, 0m, 8m, to 22.5m, 0.05m, 28.1m, discretisation 0.15m, 0.05m, 0.15m, at 3.60874e-07 secs (iteration 6120; magnetic fields at 3.60845e-07 secs) with field outputs Ex, Ey, Ez, Hx, Hy, Hz  and filename snap06120.h5 will be created.
Snapshot from 13.5m, 0m, 8m, to 22.5m, 0.05m, 28.1m, discretisation 0.15m, 0.05m, 0.15m, at 3.61464e-07 secs (iteration 6130; magnetic fields at 3.61434e-07 secs) with field outputs Ex, Ey, Ez, Hx, Hy, Hz  and filename snap06130.h5 will be created.
Snapshot from 13.5m, 0m, 8m, to 22.5m, 0.05m, 28.1m, discretisation 0.15m, 0.05m, 0.15m, at 3.62053e-07 secs (iteration 6140; magnetic fields at 3.62024e-07 secs) with field outputs Ex, Ey, Ez, Hx, Hy, Hz  and filename snap06140.h5 will be created.
Snapshot from 13.5m, 0m, 8m, to 22.5m, 0.05m, 28.1m, discretisation 0.15m, 0.05m, 0.15m, at 3.62643e-07 secs (iteration 6150; magnetic fields at 3.62614e-07 secs) with field outputs Ex, Ey, Ez, Hx, Hy, Hz  and filename snap06150.h5 will be created.
Snapshot from 13.5m, 0m, 8m, to 22.5m, 0.05m, 28.1m, discretisation 0.15m, 0.05m, 0.15m, at 3.63233e-07 secs (iteration 6160; magnetic fields at 3.63203e-07 secs) with field outputs Ex, Ey, Ez, Hx, Hy, Hz  and filename snap06160.h5 will be created.
Snapshot from 13.5m, 0m, 8m, to 22.5m, 0.05m, 28.1m, discretisation 0.15m, 0.05m, 0.15m, at 3.63822e-07 secs (iteration 6170; magnetic fields at 3.63793e-07 secs) with field outputs Ex, Ey, Ez, Hx, Hy, Hz  and filename snap06170.h5 will be created.
Snapshot from 13.5m, 0m, 8m, to 22.5m, 0.05m, 28.1m, discretisation 0.15m, 0.05m, 0.15m, at 3.64412e-07 secs (iteration 6180; magnetic fields at 3.64383e-07 secs) with field outputs Ex, Ey, Ez, Hx, Hy, Hz  and filename snap06180.h5 will be created.
Snapshot from 13.5m, 0m, 8m, to 22.5m, 0.05m, 28.1m, discretisation 0.15m, 0.05m, 0.15m, at 3.65002e-07 secs (iteration 6190; magnetic fields at 3.64972e-07 secs) with field outputs Ex, Ey, Ez, Hx, Hy, Hz  and filename snap06190.h5 will be created.
Snapshot from 13.5m, 0m, 8m, to 22.5m, 0.05m, 28.1m, discretisation 0.15m, 0.05m, 0.15m, at 3.65591e-07 secs (iteration 6200; magnetic fields at 3.65562e-07 secs) with field outputs Ex, Ey, Ez, Hx, Hy, Hz  and filename snap06200.h5 will be created.
Snapshot from 13.5m, 0m, 8m, to 22.5m, 0.05m, 28.1m, discretisation 0.15m, 0.05m, 0.15m, at 3.66181e-07 secs (iteration 6210; magnetic fields at 3.66152e-07 secs) with field outputs Ex, Ey, Ez, Hx, Hy, Hz  and filename snap06210.h5 will be created.
Snapshot from 13.5m, 0m, 8m, to 22.5m, 0.05m, 28.1m, discretisation 0.15m, 0.05m, 0.15m, at 3.66771e-07 secs (iteration 6220; magnetic fields at 3.66741e-07 secs) with field outputs Ex, Ey, Ez, Hx, Hy, Hz  and filename snap06220.h5 will be created.
Snapshot from 13.5m, 0m, 8m, to 22.5m, 0.05m, 28.1m, discretisation 0.15m, 0.05m, 0.15m, at 3.6736e-07 secs (iteration 6230; magnetic fields at 3.67331e-07 secs) with field outputs Ex, Ey, Ez, Hx, Hy, Hz  and filename snap06230.h5 will be created.
Snapshot from 13.5m, 0m, 8m, to 22.5m, 0.05m, 28.1m, discretisation 0.15m, 0.05m, 0.15m, at 3.6795e-07 secs (iteration 6240; magnetic fields at 3.67921e-07 secs) with field outputs Ex, Ey, Ez, Hx, Hy, Hz  and filename snap06240.h5 will be created.
Snapshot from 13.5m, 0m, 8m, to 22.5m, 0.05m, 28.1m, discretisation 0.15m, 0.05m, 0.15m, at 3.6854e-07 secs (iteration 6250; magnetic fields at 3.6851e-07 secs) with field outputs Ex, Ey, Ez, Hx, Hy, Hz  and filename snap06250.h5 will be created.
Snapshot from 13.5m, 0m, 8m, to 22.5m, 0.05m, 28.1m, discretisation 0.15m, 0.05m, 0.15m, at 3.69129e-07 secs (iteration 6260; magnetic fields at 3.691e-07 secs) with field outputs Ex, Ey, Ez, Hx, Hy, Hz  and filename snap06260.h5 will be created.
Snapshot from 13.5m, 0m, 8m, to 22.5m, 0.05m, 28.1m, discretisation 0.15m, 0.05m, 0.15m, at 3.69719e-07 secs (iteration 6270; magnetic fields at 3.6969e-07 secs) with field outputs Ex, Ey, Ez, Hx, Hy, Hz  and filename snap06270.h5 will be created.
Snapshot from 13.5m, 0m, 8m, to 22.5m, 0.05m, 28.1m, discretisation 0.15m, 0.05m, 0.15m, at 3.70309e-07 secs (iteration 6280; magnetic fields at 3.70279e-07 secs) with field outputs Ex, Ey, Ez, Hx, Hy, Hz  and filename snap06280.h5 will be created.
Snapshot from 13.5m, 0m, 8m, to 22.5m, 0.05m, 28.1m, discretisation 0.15m, 0.05m, 0.15m, at 3.70898e-07 secs (iteration 6290; magnetic fields at 3.70869e-07 secs) with field outputs Ex, Ey, Ez, Hx, Hy, Hz  and filename snap06290.h5 will be created.
Snapshot from 13.5m, 0m, 8m, to 22.5m, 0.05m, 28.1m, discretisation 0.15m, 0.05m, 0.15m, at 3.71488e-07 secs (iteration 6300; magnetic fields at 3.71459e-07 secs) with field outputs Ex, Ey, Ez, Hx, Hy, Hz  and filename snap06300.h5 will be created.
Snapshot from 13.5m, 0m, 8m, to 22.5m, 0.05m, 28.1m, discretisation 0.15m, 0.05m, 0.15m, at 3.72078e-07 secs (iteration 6310; magnetic fields at 3.72048e-07 secs) with field outputs Ex, Ey, Ez, Hx, Hy, Hz  and filename snap06310.h5 will be created.
Snapshot from 13.5m, 0m, 8m, to 22.5m, 0.05m, 28.1m, discretisation 0.15m, 0.05m, 0.15m, at 3.72667e-07 secs (iteration 6320; magnetic fields at 3.72638e-07 secs) with field outputs Ex, Ey, Ez, Hx, Hy, Hz  and filename snap06320.h5 will be created.
Snapshot from 13.5m, 0m, 8m, to 22.5m, 0.05m, 28.1m, discretisation 0.15m, 0.05m, 0.15m, at 3.73257e-07 secs (iteration 6330; magnetic fields at 3.73228e-07 secs) with field outputs Ex, Ey, Ez, Hx, Hy, Hz  and filename snap06330.h5 will be created.
Snapshot from 13.5m, 0m, 8m, to 22.5m, 0.05m, 28.1m, discretisation 0.15m, 0.05m, 0.15m, at 3.73847e-07 secs (iteration 6340; magnetic fields at 3.73817e-07 secs) with field outputs Ex, Ey, Ez, Hx, Hy, Hz  and filename snap06340.h5 will be created.
Snapshot from 13.5m, 0m, 8m, to 22.5m, 0.05m, 28.1m, discretisation 0.15m, 0.05m, 0.15m, at 3.74436e-07 secs (iteration 6350; magnetic fields at 3.74407e-07 secs) with field outputs Ex, Ey, Ez, Hx, Hy, Hz  and filename snap06350.h5 will be created.
Snapshot from 13.5m, 0m, 8m, to 22.5m, 0.05m, 28.1m, discretisation 0.15m, 0.05m, 0.15m, at 3.75026e-07 secs (iteration 6360; magnetic fields at 3.74997e-07 secs) with field outputs Ex, Ey, Ez, Hx, Hy, Hz  and filename snap06360.h5 will be created.
Snapshot from 13.5m, 0m, 8m, to 22.5m, 0.05m, 28.1m, discretisation 0.15m, 0.05m, 0.15m, at 3.75616e-07 secs (iteration 6370; magnetic fields at 3.75586e-07 secs) with field outputs Ex, Ey, Ez, Hx, Hy, Hz  and filename snap06370.h5 will be created.
Snapshot from 13.5m, 0m, 8m, to 22.5m, 0.05m, 28.1m, discretisation 0.15m, 0.05m, 0.15m, at 3.76205e-07 secs (iteration 6380; magnetic fields at 3.76176e-07 secs) with field outputs Ex, Ey, Ez, Hx, Hy, Hz  and filename snap06380.h5 will be created.
Snapshot from 13.5m, 0m, 8m, to 22.5m, 0.05m, 28.1m, discretisation 0.15m, 0.05m, 0.15m, at 3.76795e-07 secs (iteration 6390; magnetic fields at 3.76766e-07 secs) with field outputs Ex, Ey, Ez, Hx, Hy, Hz  and filename snap06390.h5 will be created.
Snapshot from 13.5m, 0m, 8m, to 22.5m, 0.05m, 28.1m, discretisation 0.15m, 0.05m, 0.15m, at 3.77385e-07 secs (iteration 6400; magnetic fields at 3.77355e-07 secs) with field outputs Ex, Ey, Ez, Hx, Hy, Hz  and filename snap06400.h5 will be created.
Snapshot from 13.5m, 0m, 8m, to 22.5m, 0.05m, 28.1m, discretisation 0.15m, 0.05m, 0.15m, at 3.77974e-07 secs (iteration 6410; magnetic fields at 3.77945e-07 secs) with field outputs Ex, Ey, Ez, Hx, Hy, Hz  and filename snap06410.h5 will be created.
Snapshot from 13.5m, 0m, 8m, to 22.5m, 0.05m, 28.1m, discretisation 0.15m, 0.05m, 0.15m, at 3.78564e-07 secs (iteration 6420; magnetic fields at 3.78535e-07 secs) with field outputs Ex, Ey, Ez, Hx, Hy, Hz  and filename snap06420.h5 will be created.
Snapshot from 13.5m, 0m, 8m, to 22.5m, 0.05m, 28.1m, discretisation 0.15m, 0.05m, 0.15m, at 3.79154e-07 secs (iteration 6430; magnetic fields at 3.79124e-07 secs) with field outputs Ex, Ey, Ez, Hx, Hy, Hz  and filename snap06430.h5 will be created.
Snapshot from 13.5m, 0m, 8m, to 22.5m, 0.05m, 28.1m, discretisation 0.15m, 0.05m, 0.15m, at 3.79743e-07 secs (iteration 6440; magnetic fields at 3.79714e-07 secs) with field outputs Ex, Ey, Ez, Hx, Hy, Hz  and filename snap06440.h5 will be created.
Snapshot from 13.5m, 0m, 8m, to 22.5m, 0.05m, 28.1m, discretisation 0.15m, 0.05m, 0.15m, at 3.80333e-07 secs (iteration 6450; magnetic fields at 3.80304e-07 secs) with field outputs Ex, Ey, Ez, Hx, Hy, Hz  and filename snap06450.h5 will be created.
Snapshot from 13.5m, 0m, 8m, to 22.5m, 0.05m, 28.1m, discretisation 0.15m, 0.05m, 0.15m, at 3.80923e-07 secs (iteration 6460; magnetic fields at 3.80893e-07 secs) with field outputs Ex, Ey, Ez, Hx, Hy, Hz  and filename snap06460.h5 will be created.
Snapshot from 13.5m, 0m, 8m, to 22.5m, 0.05m, 28.1m, discretisation 0.15m, 0.05m, 0.15m, at 3.81512e-07 secs (iteration 6470; magnetic fields at 3.81483e-07 secs) with field outputs Ex, Ey, Ez, Hx, Hy, Hz  and filename snap06470.h5 will be created.
Snapshot from 13.5m, 0m, 8m, to 22.5m, 0.05m, 28.1m, discretisation 0.15m, 0.05m, 0.15m, at 3.82102e-07 secs (iteration 6480; magnetic fields at 3.82073e-07 secs) with field outputs Ex, Ey, Ez, Hx, Hy, Hz  and filename snap06480.h5 will be created.
Snapshot from 13.5m, 0m, 8m, to 22.5m, 0.05m, 28.1m, discretisation 0.15m, 0.05m, 0.15m, at 3.82692e-07 secs (iteration 6490; magnetic fields at 3.82662e-07 secs) with field outputs Ex, Ey, Ez, Hx, Hy, Hz  and filename snap06490.h5 will be created.
Snapshot from 13.5m, 0m, 8m, to 22.5m, 0.05m, 28.1m, discretisation 0.15m, 0.05m, 0.15m, at 3.83281e-07 secs (iteration 6500; magnetic fields at 3.83252e-07 secs) with field outputs Ex, Ey, Ez, Hx, Hy, Hz  and filename snap06500.h5 will be created.
Snapshot from 13.5m, 0m, 8m, to 22.5m, 0.05m, 28.1m, discretisation 0.15m, 0.05m, 0.15m, at 3.83871e-07 secs (iteration 6510; magnetic fields at 3.83842e-07 secs) with field outputs Ex, Ey, Ez, Hx, Hy, Hz  and filename snap06510.h5 will be created.
Snapshot from 13.5m, 0m, 8m, to 22.5m, 0.05m, 28.1m, discretisation 0.15m, 0.05m, 0.15m, at 3.84461e-07 secs (iteration 6520; magnetic fields at 3.84431e-07 secs) with field outputs Ex, Ey, Ez, Hx, Hy, Hz  and filename snap06520.h5 will be created.
Snapshot from 13.5m, 0m, 8m, to 22.5m, 0.05m, 28.1m, discretisation 0.15m, 0.05m, 0.15m, at 3.8505e-07 secs (iteration 6530; magnetic fields at 3.85021e-07 secs) with field outputs Ex, Ey, Ez, Hx, Hy, Hz  and filename snap06530.h5 will be created.
Snapshot from 13.5m, 0m, 8m, to 22.5m, 0.05m, 28.1m, discretisation 0.15m, 0.05m, 0.15m, at 3.8564e-07 secs (iteration 6540; magnetic fields at 3.85611e-07 secs) with field outputs Ex, Ey, Ez, Hx, Hy, Hz  and filename snap06540.h5 will be created.
Snapshot from 13.5m, 0m, 8m, to 22.5m, 0.05m, 28.1m, discretisation 0.15m, 0.05m, 0.15m, at 3.8623e-07 secs (iteration 6550; magnetic fields at 3.862e-07 secs) with field outputs Ex, Ey, Ez, Hx, Hy, Hz  and filename snap06550.h5 will be created.
Snapshot from 13.5m, 0m, 8m, to 22.5m, 0.05m, 28.1m, discretisation 0.15m, 0.05m, 0.15m, at 3.86819e-07 secs (iteration 6560; magnetic fields at 3.8679e-07 secs) with field outputs Ex, Ey, Ez, Hx, Hy, Hz  and filename snap06560.h5 will be created.
Snapshot from 13.5m, 0m, 8m, to 22.5m, 0.05m, 28.1m, discretisation 0.15m, 0.05m, 0.15m, at 3.87409e-07 secs (iteration 6570; magnetic fields at 3.87379e-07 secs) with field outputs Ex, Ey, Ez, Hx, Hy, Hz  and filename snap06570.h5 will be created.
Snapshot from 13.5m, 0m, 8m, to 22.5m, 0.05m, 28.1m, discretisation 0.15m, 0.05m, 0.15m, at 3.87999e-07 secs (iteration 6580; magnetic fields at 3.87969e-07 secs) with field outputs Ex, Ey, Ez, Hx, Hy, Hz  and filename snap06580.h5 will be created.
Snapshot from 13.5m, 0m, 8m, to 22.5m, 0.05m, 28.1m, discretisation 0.15m, 0.05m, 0.15m, at 3.88588e-07 secs (iteration 6590; magnetic fields at 3.88559e-07 secs) with field outputs Ex, Ey, Ez, Hx, Hy, Hz  and filename snap06590.h5 will be created.
Snapshot from 13.5m, 0m, 8m, to 22.5m, 0.05m, 28.1m, discretisation 0.15m, 0.05m, 0.15m, at 3.89178e-07 secs (iteration 6600; magnetic fields at 3.89148e-07 secs) with field outputs Ex, Ey, Ez, Hx, Hy, Hz  and filename snap06600.h5 will be created.
Snapshot from 13.5m, 0m, 8m, to 22.5m, 0.05m, 28.1m, discretisation 0.15m, 0.05m, 0.15m, at 3.89768e-07 secs (iteration 6610; magnetic fields at 3.89738e-07 secs) with field outputs Ex, Ey, Ez, Hx, Hy, Hz  and filename snap06610.h5 will be created.
Snapshot from 13.5m, 0m, 8m, to 22.5m, 0.05m, 28.1m, discretisation 0.15m, 0.05m, 0.15m, at 3.90357e-07 secs (iteration 6620; magnetic fields at 3.90328e-07 secs) with field outputs Ex, Ey, Ez, Hx, Hy, Hz  and filename snap06620.h5 will be created.
Snapshot from 13.5m, 0m, 8m, to 22.5m, 0.05m, 28.1m, discretisation 0.15m, 0.05m, 0.15m, at 3.90947e-07 secs (iteration 6630; magnetic fields at 3.90917e-07 secs) with field outputs Ex, Ey, Ez, Hx, Hy, Hz  and filename snap06630.h5 will be created.
Snapshot from 13.5m, 0m, 8m, to 22.5m, 0.05m, 28.1m, discretisation 0.15m, 0.05m, 0.15m, at 3.91537e-07 secs (iteration 6640; magnetic fields at 3.91507e-07 secs) with field outputs Ex, Ey, Ez, Hx, Hy, Hz  and filename snap06640.h5 will be created.
Snapshot from 13.5m, 0m, 8m, to 22.5m, 0.05m, 28.1m, discretisation 0.15m, 0.05m, 0.15m, at 3.92126e-07 secs (iteration 6650; magnetic fields at 3.92097e-07 secs) with field outputs Ex, Ey, Ez, Hx, Hy, Hz  and filename snap06650.h5 will be created.
Snapshot from 13.5m, 0m, 8m, to 22.5m, 0.05m, 28.1m, discretisation 0.15m, 0.05m, 0.15m, at 3.92716e-07 secs (iteration 6660; magnetic fields at 3.92686e-07 secs) with field outputs Ex, Ey, Ez, Hx, Hy, Hz  and filename snap06660.h5 will be created.
Snapshot from 13.5m, 0m, 8m, to 22.5m, 0.05m, 28.1m, discretisation 0.15m, 0.05m, 0.15m, at 3.93306e-07 secs (iteration 6670; magnetic fields at 3.93276e-07 secs) with field outputs Ex, Ey, Ez, Hx, Hy, Hz  and filename snap06670.h5 will be created.
Snapshot from 13.5m, 0m, 8m, to 22.5m, 0.05m, 28.1m, discretisation 0.15m, 0.05m, 0.15m, at 3.93895e-07 secs (iteration 6680; magnetic fields at 3.93866e-07 secs) with field outputs Ex, Ey, Ez, Hx, Hy, Hz  and filename snap06680.h5 will be created.
Snapshot from 13.5m, 0m, 8m, to 22.5m, 0.05m, 28.1m, discretisation 0.15m, 0.05m, 0.15m, at 3.94485e-07 secs (iteration 6690; magnetic fields at 3.94455e-07 secs) with field outputs Ex, Ey, Ez, Hx, Hy, Hz  and filename snap06690.h5 will be created.
Snapshot from 13.5m, 0m, 8m, to 22.5m, 0.05m, 28.1m, discretisation 0.15m, 0.05m, 0.15m, at 3.95075e-07 secs (iteration 6700; magnetic fields at 3.95045e-07 secs) with field outputs Ex, Ey, Ez, Hx, Hy, Hz  and filename snap06700.h5 will be created.
Snapshot from 13.5m, 0m, 8m, to 22.5m, 0.05m, 28.1m, discretisation 0.15m, 0.05m, 0.15m, at 3.95664e-07 secs (iteration 6710; magnetic fields at 3.95635e-07 secs) with field outputs Ex, Ey, Ez, Hx, Hy, Hz  and filename snap06710.h5 will be created.
Snapshot from 13.5m, 0m, 8m, to 22.5m, 0.05m, 28.1m, discretisation 0.15m, 0.05m, 0.15m, at 3.96254e-07 secs (iteration 6720; magnetic fields at 3.96224e-07 secs) with field outputs Ex, Ey, Ez, Hx, Hy, Hz  and filename snap06720.h5 will be created.
Snapshot from 13.5m, 0m, 8m, to 22.5m, 0.05m, 28.1m, discretisation 0.15m, 0.05m, 0.15m, at 3.96844e-07 secs (iteration 6730; magnetic fields at 3.96814e-07 secs) with field outputs Ex, Ey, Ez, Hx, Hy, Hz  and filename snap06730.h5 will be created.
Snapshot from 13.5m, 0m, 8m, to 22.5m, 0.05m, 28.1m, discretisation 0.15m, 0.05m, 0.15m, at 3.97433e-07 secs (iteration 6740; magnetic fields at 3.97404e-07 secs) with field outputs Ex, Ey, Ez, Hx, Hy, Hz  and filename snap06740.h5 will be created.
Snapshot from 13.5m, 0m, 8m, to 22.5m, 0.05m, 28.1m, discretisation 0.15m, 0.05m, 0.15m, at 3.98023e-07 secs (iteration 6750; magnetic fields at 3.97993e-07 secs) with field outputs Ex, Ey, Ez, Hx, Hy, Hz  and filename snap06750.h5 will be created.
Snapshot from 13.5m, 0m, 8m, to 22.5m, 0.05m, 28.1m, discretisation 0.15m, 0.05m, 0.15m, at 3.98613e-07 secs (iteration 6760; magnetic fields at 3.98583e-07 secs) with field outputs Ex, Ey, Ez, Hx, Hy, Hz  and filename snap06760.h5 will be created.
Snapshot from 13.5m, 0m, 8m, to 22.5m, 0.05m, 28.1m, discretisation 0.15m, 0.05m, 0.15m, at 3.99202e-07 secs (iteration 6770; magnetic fields at 3.99173e-07 secs) with field outputs Ex, Ey, Ez, Hx, Hy, Hz  and filename snap06770.h5 will be created.
Snapshot from 13.5m, 0m, 8m, to 22.5m, 0.05m, 28.1m, discretisation 0.15m, 0.05m, 0.15m, at 3.99792e-07 secs (iteration 6780; magnetic fields at 3.99762e-07 secs) with field outputs Ex, Ey, Ez, Hx, Hy, Hz  and filename snap06780.h5 will be created.
Snapshot from 13.5m, 0m, 8m, to 22.5m, 0.05m, 28.1m, discretisation 0.15m, 0.05m, 0.15m, at 4.00382e-07 secs (iteration 6790; magnetic fields at 4.00352e-07 secs) with field outputs Ex, Ey, Ez, Hx, Hy, Hz  and filename snap06790.h5 will be created.
Snapshot from 13.5m, 0m, 8m, to 22.5m, 0.05m, 28.1m, discretisation 0.15m, 0.05m, 0.15m, at 4.00971e-07 secs (iteration 6800; magnetic fields at 4.00942e-07 secs) with field outputs Ex, Ey, Ez, Hx, Hy, Hz  and filename snap06800.h5 will be created.
Snapshot from 13.5m, 0m, 8m, to 22.5m, 0.05m, 28.1m, discretisation 0.15m, 0.05m, 0.15m, at 4.01561e-07 secs (iteration 6810; magnetic fields at 4.01531e-07 secs) with field outputs Ex, Ey, Ez, Hx, Hy, Hz  and filename snap06810.h5 will be created.
Snapshot from 13.5m, 0m, 8m, to 22.5m, 0.05m, 28.1m, discretisation 0.15m, 0.05m, 0.15m, at 4.02151e-07 secs (iteration 6820; magnetic fields at 4.02121e-07 secs) with field outputs Ex, Ey, Ez, Hx, Hy, Hz  and filename snap06820.h5 will be created.
Snapshot from 13.5m, 0m, 8m, to 22.5m, 0.05m, 28.1m, discretisation 0.15m, 0.05m, 0.15m, at 4.0274e-07 secs (iteration 6830; magnetic fields at 4.02711e-07 secs) with field outputs Ex, Ey, Ez, Hx, Hy, Hz  and filename snap06830.h5 will be created.
Snapshot from 13.5m, 0m, 8m, to 22.5m, 0.05m, 28.1m, discretisation 0.15m, 0.05m, 0.15m, at 4.0333e-07 secs (iteration 6840; magnetic fields at 4.033e-07 secs) with field outputs Ex, Ey, Ez, Hx, Hy, Hz  and filename snap06840.h5 will be created.
Snapshot from 13.5m, 0m, 8m, to 22.5m, 0.05m, 28.1m, discretisation 0.15m, 0.05m, 0.15m, at 4.0392e-07 secs (iteration 6850; magnetic fields at 4.0389e-07 secs) with field outputs Ex, Ey, Ez, Hx, Hy, Hz  and filename snap06850.h5 will be created.
Snapshot from 13.5m, 0m, 8m, to 22.5m, 0.05m, 28.1m, discretisation 0.15m, 0.05m, 0.15m, at 4.04509e-07 secs (iteration 6860; magnetic fields at 4.0448e-07 secs) with field outputs Ex, Ey, Ez, Hx, Hy, Hz  and filename snap06860.h5 will be created.
Snapshot from 13.5m, 0m, 8m, to 22.5m, 0.05m, 28.1m, discretisation 0.15m, 0.05m, 0.15m, at 4.05099e-07 secs (iteration 6870; magnetic fields at 4.05069e-07 secs) with field outputs Ex, Ey, Ez, Hx, Hy, Hz  and filename snap06870.h5 will be created.
Snapshot from 13.5m, 0m, 8m, to 22.5m, 0.05m, 28.1m, discretisation 0.15m, 0.05m, 0.15m, at 4.05689e-07 secs (iteration 6880; magnetic fields at 4.05659e-07 secs) with field outputs Ex, Ey, Ez, Hx, Hy, Hz  and filename snap06880.h5 will be created.
Snapshot from 13.5m, 0m, 8m, to 22.5m, 0.05m, 28.1m, discretisation 0.15m, 0.05m, 0.15m, at 4.06278e-07 secs (iteration 6890; magnetic fields at 4.06249e-07 secs) with field outputs Ex, Ey, Ez, Hx, Hy, Hz  and filename snap06890.h5 will be created.
Snapshot from 13.5m, 0m, 8m, to 22.5m, 0.05m, 28.1m, discretisation 0.15m, 0.05m, 0.15m, at 4.06868e-07 secs (iteration 6900; magnetic fields at 4.06838e-07 secs) with field outputs Ex, Ey, Ez, Hx, Hy, Hz  and filename snap06900.h5 will be created.
Snapshot from 13.5m, 0m, 8m, to 22.5m, 0.05m, 28.1m, discretisation 0.15m, 0.05m, 0.15m, at 4.07458e-07 secs (iteration 6910; magnetic fields at 4.07428e-07 secs) with field outputs Ex, Ey, Ez, Hx, Hy, Hz  and filename snap06910.h5 will be created.
Snapshot from 13.5m, 0m, 8m, to 22.5m, 0.05m, 28.1m, discretisation 0.15m, 0.05m, 0.15m, at 4.08047e-07 secs (iteration 6920; magnetic fields at 4.08018e-07 secs) with field outputs Ex, Ey, Ez, Hx, Hy, Hz  and filename snap06920.h5 will be created.
Snapshot from 13.5m, 0m, 8m, to 22.5m, 0.05m, 28.1m, discretisation 0.15m, 0.05m, 0.15m, at 4.08637e-07 secs (iteration 6930; magnetic fields at 4.08607e-07 secs) with field outputs Ex, Ey, Ez, Hx, Hy, Hz  and filename snap06930.h5 will be created.
Snapshot from 13.5m, 0m, 8m, to 22.5m, 0.05m, 28.1m, discretisation 0.15m, 0.05m, 0.15m, at 4.09227e-07 secs (iteration 6940; magnetic fields at 4.09197e-07 secs) with field outputs Ex, Ey, Ez, Hx, Hy, Hz  and filename snap06940.h5 will be created.
Snapshot from 13.5m, 0m, 8m, to 22.5m, 0.05m, 28.1m, discretisation 0.15m, 0.05m, 0.15m, at 4.09816e-07 secs (iteration 6950; magnetic fields at 4.09787e-07 secs) with field outputs Ex, Ey, Ez, Hx, Hy, Hz  and filename snap06950.h5 will be created.
Snapshot from 13.5m, 0m, 8m, to 22.5m, 0.05m, 28.1m, discretisation 0.15m, 0.05m, 0.15m, at 4.10406e-07 secs (iteration 6960; magnetic fields at 4.10376e-07 secs) with field outputs Ex, Ey, Ez, Hx, Hy, Hz  and filename snap06960.h5 will be created.
Snapshot from 13.5m, 0m, 8m, to 22.5m, 0.05m, 28.1m, discretisation 0.15m, 0.05m, 0.15m, at 4.10996e-07 secs (iteration 6970; magnetic fields at 4.10966e-07 secs) with field outputs Ex, Ey, Ez, Hx, Hy, Hz  and filename snap06970.h5 will be created.
Snapshot from 13.5m, 0m, 8m, to 22.5m, 0.05m, 28.1m, discretisation 0.15m, 0.05m, 0.15m, at 4.11585e-07 secs (iteration 6980; magnetic fields at 4.11556e-07 secs) with field outputs Ex, Ey, Ez, Hx, Hy, Hz  and filename snap06980.h5 will be created.
Snapshot from 13.5m, 0m, 8m, to 22.5m, 0.05m, 28.1m, discretisation 0.15m, 0.05m, 0.15m, at 4.12175e-07 secs (iteration 6990; magnetic fields at 4.12145e-07 secs) with field outputs Ex, Ey, Ez, Hx, Hy, Hz  and filename snap06990.h5 will be created.
Snapshot from 13.5m, 0m, 8m, to 22.5m, 0.05m, 28.1m, discretisation 0.15m, 0.05m, 0.15m, at 4.12765e-07 secs (iteration 7000; magnetic fields at 4.12735e-07 secs) with field outputs Ex, Ey, Ez, Hx, Hy, Hz  and filename snap07000.h5 will be created.
Snapshot from 13.5m, 0m, 8m, to 22.5m, 0.05m, 28.1m, discretisation 0.15m, 0.05m, 0.15m, at 4.13354e-07 secs (iteration 7010; magnetic fields at 4.13325e-07 secs) with field outputs Ex, Ey, Ez, Hx, Hy, Hz  and filename snap07010.h5 will be created.
Snapshot from 13.5m, 0m, 8m, to 22.5m, 0.05m, 28.1m, discretisation 0.15m, 0.05m, 0.15m, at 4.13944e-07 secs (iteration 7020; magnetic fields at 4.13914e-07 secs) with field outputs Ex, Ey, Ez, Hx, Hy, Hz  and filename snap07020.h5 will be created.
Snapshot from 13.5m, 0m, 8m, to 22.5m, 0.05m, 28.1m, discretisation 0.15m, 0.05m, 0.15m, at 4.14533e-07 secs (iteration 7030; magnetic fields at 4.14504e-07 secs) with field outputs Ex, Ey, Ez, Hx, Hy, Hz  and filename snap07030.h5 will be created.
Snapshot from 13.5m, 0m, 8m, to 22.5m, 0.05m, 28.1m, discretisation 0.15m, 0.05m, 0.15m, at 4.15123e-07 secs (iteration 7040; magnetic fields at 4.15094e-07 secs) with field outputs Ex, Ey, Ez, Hx, Hy, Hz  and filename snap07040.h5 will be created.
Snapshot from 13.5m, 0m, 8m, to 22.5m, 0.05m, 28.1m, discretisation 0.15m, 0.05m, 0.15m, at 4.15713e-07 secs (iteration 7050; magnetic fields at 4.15683e-07 secs) with field outputs Ex, Ey, Ez, Hx, Hy, Hz  and filename snap07050.h5 will be created.
Snapshot from 13.5m, 0m, 8m, to 22.5m, 0.05m, 28.1m, discretisation 0.15m, 0.05m, 0.15m, at 4.16302e-07 secs (iteration 7060; magnetic fields at 4.16273e-07 secs) with field outputs Ex, Ey, Ez, Hx, Hy, Hz  and filename snap07060.h5 will be created.
Snapshot from 13.5m, 0m, 8m, to 22.5m, 0.05m, 28.1m, discretisation 0.15m, 0.05m, 0.15m, at 4.16892e-07 secs (iteration 7070; magnetic fields at 4.16863e-07 secs) with field outputs Ex, Ey, Ez, Hx, Hy, Hz  and filename snap07070.h5 will be created.
Snapshot from 13.5m, 0m, 8m, to 22.5m, 0.05m, 28.1m, discretisation 0.15m, 0.05m, 0.15m, at 4.17482e-07 secs (iteration 7080; magnetic fields at 4.17452e-07 secs) with field outputs Ex, Ey, Ez, Hx, Hy, Hz  and filename snap07080.h5 will be created.
Snapshot from 13.5m, 0m, 8m, to 22.5m, 0.05m, 28.1m, discretisation 0.15m, 0.05m, 0.15m, at 4.18071e-07 secs (iteration 7090; magnetic fields at 4.18042e-07 secs) with field outputs Ex, Ey, Ez, Hx, Hy, Hz  and filename snap07090.h5 will be created.
Snapshot from 13.5m, 0m, 8m, to 22.5m, 0.05m, 28.1m, discretisation 0.15m, 0.05m, 0.15m, at 4.18661e-07 secs (iteration 7100; magnetic fields at 4.18632e-07 secs) with field outputs Ex, Ey, Ez, Hx, Hy, Hz  and filename snap07100.h5 will be created.
Snapshot from 13.5m, 0m, 8m, to 22.5m, 0.05m, 28.1m, discretisation 0.15m, 0.05m, 0.15m, at 4.19251e-07 secs (iteration 7110; magnetic fields at 4.19221e-07 secs) with field outputs Ex, Ey, Ez, Hx, Hy, Hz  and filename snap07110.h5 will be created.
Snapshot from 13.5m, 0m, 8m, to 22.5m, 0.05m, 28.1m, discretisation 0.15m, 0.05m, 0.15m, at 4.1984e-07 secs (iteration 7120; magnetic fields at 4.19811e-07 secs) with field outputs Ex, Ey, Ez, Hx, Hy, Hz  and filename snap07120.h5 will be created.
Snapshot from 13.5m, 0m, 8m, to 22.5m, 0.05m, 28.1m, discretisation 0.15m, 0.05m, 0.15m, at 4.2043e-07 secs (iteration 7130; magnetic fields at 4.20401e-07 secs) with field outputs Ex, Ey, Ez, Hx, Hy, Hz  and filename snap07130.h5 will be created.
Snapshot from 13.5m, 0m, 8m, to 22.5m, 0.05m, 28.1m, discretisation 0.15m, 0.05m, 0.15m, at 4.2102e-07 secs (iteration 7140; magnetic fields at 4.2099e-07 secs) with field outputs Ex, Ey, Ez, Hx, Hy, Hz  and filename snap07140.h5 will be created.
Snapshot from 13.5m, 0m, 8m, to 22.5m, 0.05m, 28.1m, discretisation 0.15m, 0.05m, 0.15m, at 4.21609e-07 secs (iteration 7150; magnetic fields at 4.2158e-07 secs) with field outputs Ex, Ey, Ez, Hx, Hy, Hz  and filename snap07150.h5 will be created.
Snapshot from 13.5m, 0m, 8m, to 22.5m, 0.05m, 28.1m, discretisation 0.15m, 0.05m, 0.15m, at 4.22199e-07 secs (iteration 7160; magnetic fields at 4.2217e-07 secs) with field outputs Ex, Ey, Ez, Hx, Hy, Hz  and filename snap07160.h5 will be created.
Snapshot from 13.5m, 0m, 8m, to 22.5m, 0.05m, 28.1m, discretisation 0.15m, 0.05m, 0.15m, at 4.22789e-07 secs (iteration 7170; magnetic fields at 4.22759e-07 secs) with field outputs Ex, Ey, Ez, Hx, Hy, Hz  and filename snap07170.h5 will be created.
Snapshot from 13.5m, 0m, 8m, to 22.5m, 0.05m, 28.1m, discretisation 0.15m, 0.05m, 0.15m, at 4.23378e-07 secs (iteration 7180; magnetic fields at 4.23349e-07 secs) with field outputs Ex, Ey, Ez, Hx, Hy, Hz  and filename snap07180.h5 will be created.
Snapshot from 13.5m, 0m, 8m, to 22.5m, 0.05m, 28.1m, discretisation 0.15m, 0.05m, 0.15m, at 4.23968e-07 secs (iteration 7190; magnetic fields at 4.23939e-07 secs) with field outputs Ex, Ey, Ez, Hx, Hy, Hz  and filename snap07190.h5 will be created.
Snapshot from 13.5m, 0m, 8m, to 22.5m, 0.05m, 28.1m, discretisation 0.15m, 0.05m, 0.15m, at 4.24558e-07 secs (iteration 7200; magnetic fields at 4.24528e-07 secs) with field outputs Ex, Ey, Ez, Hx, Hy, Hz  and filename snap07200.h5 will be created.
Snapshot from 13.5m, 0m, 8m, to 22.5m, 0.05m, 28.1m, discretisation 0.15m, 0.05m, 0.15m, at 4.25147e-07 secs (iteration 7210; magnetic fields at 4.25118e-07 secs) with field outputs Ex, Ey, Ez, Hx, Hy, Hz  and filename snap07210.h5 will be created.
Snapshot from 13.5m, 0m, 8m, to 22.5m, 0.05m, 28.1m, discretisation 0.15m, 0.05m, 0.15m, at 4.25737e-07 secs (iteration 7220; magnetic fields at 4.25708e-07 secs) with field outputs Ex, Ey, Ez, Hx, Hy, Hz  and filename snap07220.h5 will be created.
Snapshot from 13.5m, 0m, 8m, to 22.5m, 0.05m, 28.1m, discretisation 0.15m, 0.05m, 0.15m, at 4.26327e-07 secs (iteration 7230; magnetic fields at 4.26297e-07 secs) with field outputs Ex, Ey, Ez, Hx, Hy, Hz  and filename snap07230.h5 will be created.
Snapshot from 13.5m, 0m, 8m, to 22.5m, 0.05m, 28.1m, discretisation 0.15m, 0.05m, 0.15m, at 4.26916e-07 secs (iteration 7240; magnetic fields at 4.26887e-07 secs) with field outputs Ex, Ey, Ez, Hx, Hy, Hz  and filename snap07240.h5 will be created.
Snapshot from 13.5m, 0m, 8m, to 22.5m, 0.05m, 28.1m, discretisation 0.15m, 0.05m, 0.15m, at 4.27506e-07 secs (iteration 7250; magnetic fields at 4.27477e-07 secs) with field outputs Ex, Ey, Ez, Hx, Hy, Hz  and filename snap07250.h5 will be created.
Snapshot from 13.5m, 0m, 8m, to 22.5m, 0.05m, 28.1m, discretisation 0.15m, 0.05m, 0.15m, at 4.28096e-07 secs (iteration 7260; magnetic fields at 4.28066e-07 secs) with field outputs Ex, Ey, Ez, Hx, Hy, Hz  and filename snap07260.h5 will be created.
Snapshot from 13.5m, 0m, 8m, to 22.5m, 0.05m, 28.1m, discretisation 0.15m, 0.05m, 0.15m, at 4.28685e-07 secs (iteration 7270; magnetic fields at 4.28656e-07 secs) with field outputs Ex, Ey, Ez, Hx, Hy, Hz  and filename snap07270.h5 will be created.
Snapshot from 13.5m, 0m, 8m, to 22.5m, 0.05m, 28.1m, discretisation 0.15m, 0.05m, 0.15m, at 4.29275e-07 secs (iteration 7280; magnetic fields at 4.29246e-07 secs) with field outputs Ex, Ey, Ez, Hx, Hy, Hz  and filename snap07280.h5 will be created.
Snapshot from 13.5m, 0m, 8m, to 22.5m, 0.05m, 28.1m, discretisation 0.15m, 0.05m, 0.15m, at 4.29865e-07 secs (iteration 7290; magnetic fields at 4.29835e-07 secs) with field outputs Ex, Ey, Ez, Hx, Hy, Hz  and filename snap07290.h5 will be created.
Snapshot from 13.5m, 0m, 8m, to 22.5m, 0.05m, 28.1m, discretisation 0.15m, 0.05m, 0.15m, at 4.30454e-07 secs (iteration 7300; magnetic fields at 4.30425e-07 secs) with field outputs Ex, Ey, Ez, Hx, Hy, Hz  and filename snap07300.h5 will be created.
Snapshot from 13.5m, 0m, 8m, to 22.5m, 0.05m, 28.1m, discretisation 0.15m, 0.05m, 0.15m, at 4.31044e-07 secs (iteration 7310; magnetic fields at 4.31015e-07 secs) with field outputs Ex, Ey, Ez, Hx, Hy, Hz  and filename snap07310.h5 will be created.
Snapshot from 13.5m, 0m, 8m, to 22.5m, 0.05m, 28.1m, discretisation 0.15m, 0.05m, 0.15m, at 4.31634e-07 secs (iteration 7320; magnetic fields at 4.31604e-07 secs) with field outputs Ex, Ey, Ez, Hx, Hy, Hz  and filename snap07320.h5 will be created.
Snapshot from 13.5m, 0m, 8m, to 22.5m, 0.05m, 28.1m, discretisation 0.15m, 0.05m, 0.15m, at 4.32223e-07 secs (iteration 7330; magnetic fields at 4.32194e-07 secs) with field outputs Ex, Ey, Ez, Hx, Hy, Hz  and filename snap07330.h5 will be created.
Snapshot from 13.5m, 0m, 8m, to 22.5m, 0.05m, 28.1m, discretisation 0.15m, 0.05m, 0.15m, at 4.32813e-07 secs (iteration 7340; magnetic fields at 4.32784e-07 secs) with field outputs Ex, Ey, Ez, Hx, Hy, Hz  and filename snap07340.h5 will be created.
Snapshot from 13.5m, 0m, 8m, to 22.5m, 0.05m, 28.1m, discretisation 0.15m, 0.05m, 0.15m, at 4.33403e-07 secs (iteration 7350; magnetic fields at 4.33373e-07 secs) with field outputs Ex, Ey, Ez, Hx, Hy, Hz  and filename snap07350.h5 will be created.
Snapshot from 13.5m, 0m, 8m, to 22.5m, 0.05m, 28.1m, discretisation 0.15m, 0.05m, 0.15m, at 4.33992e-07 secs (iteration 7360; magnetic fields at 4.33963e-07 secs) with field outputs Ex, Ey, Ez, Hx, Hy, Hz  and filename snap07360.h5 will be created.
Snapshot from 13.5m, 0m, 8m, to 22.5m, 0.05m, 28.1m, discretisation 0.15m, 0.05m, 0.15m, at 4.34582e-07 secs (iteration 7370; magnetic fields at 4.34553e-07 secs) with field outputs Ex, Ey, Ez, Hx, Hy, Hz  and filename snap07370.h5 will be created.
Snapshot from 13.5m, 0m, 8m, to 22.5m, 0.05m, 28.1m, discretisation 0.15m, 0.05m, 0.15m, at 4.35172e-07 secs (iteration 7380; magnetic fields at 4.35142e-07 secs) with field outputs Ex, Ey, Ez, Hx, Hy, Hz  and filename snap07380.h5 will be created.
Snapshot from 13.5m, 0m, 8m, to 22.5m, 0.05m, 28.1m, discretisation 0.15m, 0.05m, 0.15m, at 4.35761e-07 secs (iteration 7390; magnetic fields at 4.35732e-07 secs) with field outputs Ex, Ey, Ez, Hx, Hy, Hz  and filename snap07390.h5 will be created.
Snapshot from 13.5m, 0m, 8m, to 22.5m, 0.05m, 28.1m, discretisation 0.15m, 0.05m, 0.15m, at 4.36351e-07 secs (iteration 7400; magnetic fields at 4.36322e-07 secs) with field outputs Ex, Ey, Ez, Hx, Hy, Hz  and filename snap07400.h5 will be created.
Snapshot from 13.5m, 0m, 8m, to 22.5m, 0.05m, 28.1m, discretisation 0.15m, 0.05m, 0.15m, at 4.36941e-07 secs (iteration 7410; magnetic fields at 4.36911e-07 secs) with field outputs Ex, Ey, Ez, Hx, Hy, Hz  and filename snap07410.h5 will be created.
Snapshot from 13.5m, 0m, 8m, to 22.5m, 0.05m, 28.1m, discretisation 0.15m, 0.05m, 0.15m, at 4.3753e-07 secs (iteration 7420; magnetic fields at 4.37501e-07 secs) with field outputs Ex, Ey, Ez, Hx, Hy, Hz  and filename snap07420.h5 will be created.
Snapshot from 13.5m, 0m, 8m, to 22.5m, 0.05m, 28.1m, discretisation 0.15m, 0.05m, 0.15m, at 4.3812e-07 secs (iteration 7430; magnetic fields at 4.38091e-07 secs) with field outputs Ex, Ey, Ez, Hx, Hy, Hz  and filename snap07430.h5 will be created.
Snapshot from 13.5m, 0m, 8m, to 22.5m, 0.05m, 28.1m, discretisation 0.15m, 0.05m, 0.15m, at 4.3871e-07 secs (iteration 7440; magnetic fields at 4.3868e-07 secs) with field outputs Ex, Ey, Ez, Hx, Hy, Hz  and filename snap07440.h5 will be created.
Snapshot from 13.5m, 0m, 8m, to 22.5m, 0.05m, 28.1m, discretisation 0.15m, 0.05m, 0.15m, at 4.39299e-07 secs (iteration 7450; magnetic fields at 4.3927e-07 secs) with field outputs Ex, Ey, Ez, Hx, Hy, Hz  and filename snap07450.h5 will be created.
Snapshot from 13.5m, 0m, 8m, to 22.5m, 0.05m, 28.1m, discretisation 0.15m, 0.05m, 0.15m, at 4.39889e-07 secs (iteration 7460; magnetic fields at 4.3986e-07 secs) with field outputs Ex, Ey, Ez, Hx, Hy, Hz  and filename snap07460.h5 will be created.
Snapshot from 13.5m, 0m, 8m, to 22.5m, 0.05m, 28.1m, discretisation 0.15m, 0.05m, 0.15m, at 4.40479e-07 secs (iteration 7470; magnetic fields at 4.40449e-07 secs) with field outputs Ex, Ey, Ez, Hx, Hy, Hz  and filename snap07470.h5 will be created.
Snapshot from 13.5m, 0m, 8m, to 22.5m, 0.05m, 28.1m, discretisation 0.15m, 0.05m, 0.15m, at 4.41068e-07 secs (iteration 7480; magnetic fields at 4.41039e-07 secs) with field outputs Ex, Ey, Ez, Hx, Hy, Hz  and filename snap07480.h5 will be created.
Snapshot from 13.5m, 0m, 8m, to 22.5m, 0.05m, 28.1m, discretisation 0.15m, 0.05m, 0.15m, at 4.41658e-07 secs (iteration 7490; magnetic fields at 4.41629e-07 secs) with field outputs Ex, Ey, Ez, Hx, Hy, Hz  and filename snap07490.h5 will be created.
Snapshot from 13.5m, 0m, 8m, to 22.5m, 0.05m, 28.1m, discretisation 0.15m, 0.05m, 0.15m, at 4.42248e-07 secs (iteration 7500; magnetic fields at 4.42218e-07 secs) with field outputs Ex, Ey, Ez, Hx, Hy, Hz  and filename snap07500.h5 will be created.
Snapshot from 13.5m, 0m, 8m, to 22.5m, 0.05m, 28.1m, discretisation 0.15m, 0.05m, 0.15m, at 4.42837e-07 secs (iteration 7510; magnetic fields at 4.42808e-07 secs) with field outputs Ex, Ey, Ez, Hx, Hy, Hz  and filename snap07510.h5 will be created.
Snapshot from 13.5m, 0m, 8m, to 22.5m, 0.05m, 28.1m, discretisation 0.15m, 0.05m, 0.15m, at 4.43427e-07 secs (iteration 7520; magnetic fields at 4.43398e-07 secs) with field outputs Ex, Ey, Ez, Hx, Hy, Hz  and filename snap07520.h5 will be created.
Snapshot from 13.5m, 0m, 8m, to 22.5m, 0.05m, 28.1m, discretisation 0.15m, 0.05m, 0.15m, at 4.44017e-07 secs (iteration 7530; magnetic fields at 4.43987e-07 secs) with field outputs Ex, Ey, Ez, Hx, Hy, Hz  and filename snap07530.h5 will be created.
Snapshot from 13.5m, 0m, 8m, to 22.5m, 0.05m, 28.1m, discretisation 0.15m, 0.05m, 0.15m, at 4.44606e-07 secs (iteration 7540; magnetic fields at 4.44577e-07 secs) with field outputs Ex, Ey, Ez, Hx, Hy, Hz  and filename snap07540.h5 will be created.
Snapshot from 13.5m, 0m, 8m, to 22.5m, 0.05m, 28.1m, discretisation 0.15m, 0.05m, 0.15m, at 4.45196e-07 secs (iteration 7550; magnetic fields at 4.45167e-07 secs) with field outputs Ex, Ey, Ez, Hx, Hy, Hz  and filename snap07550.h5 will be created.
Snapshot from 13.5m, 0m, 8m, to 22.5m, 0.05m, 28.1m, discretisation 0.15m, 0.05m, 0.15m, at 4.45786e-07 secs (iteration 7560; magnetic fields at 4.45756e-07 secs) with field outputs Ex, Ey, Ez, Hx, Hy, Hz  and filename snap07560.h5 will be created.
Snapshot from 13.5m, 0m, 8m, to 22.5m, 0.05m, 28.1m, discretisation 0.15m, 0.05m, 0.15m, at 4.46375e-07 secs (iteration 7570; magnetic fields at 4.46346e-07 secs) with field outputs Ex, Ey, Ez, Hx, Hy, Hz  and filename snap07570.h5 will be created.
Snapshot from 13.5m, 0m, 8m, to 22.5m, 0.05m, 28.1m, discretisation 0.15m, 0.05m, 0.15m, at 4.46965e-07 secs (iteration 7580; magnetic fields at 4.46936e-07 secs) with field outputs Ex, Ey, Ez, Hx, Hy, Hz  and filename snap07580.h5 will be created.
Snapshot from 13.5m, 0m, 8m, to 22.5m, 0.05m, 28.1m, discretisation 0.15m, 0.05m, 0.15m, at 4.47555e-07 secs (iteration 7590; magnetic fields at 4.47525e-07 secs) with field outputs Ex, Ey, Ez, Hx, Hy, Hz  and filename snap07590.h5 will be created.
Snapshot from 13.5m, 0m, 8m, to 22.5m, 0.05m, 28.1m, discretisation 0.15m, 0.05m, 0.15m, at 4.48144e-07 secs (iteration 7600; magnetic fields at 4.48115e-07 secs) with field outputs Ex, Ey, Ez, Hx, Hy, Hz  and filename snap07600.h5 will be created.
Snapshot from 13.5m, 0m, 8m, to 22.5m, 0.05m, 28.1m, discretisation 0.15m, 0.05m, 0.15m, at 4.48734e-07 secs (iteration 7610; magnetic fields at 4.48705e-07 secs) with field outputs Ex, Ey, Ez, Hx, Hy, Hz  and filename snap07610.h5 will be created.
Snapshot from 13.5m, 0m, 8m, to 22.5m, 0.05m, 28.1m, discretisation 0.15m, 0.05m, 0.15m, at 4.49324e-07 secs (iteration 7620; magnetic fields at 4.49294e-07 secs) with field outputs Ex, Ey, Ez, Hx, Hy, Hz  and filename snap07620.h5 will be created.
Snapshot from 13.5m, 0m, 8m, to 22.5m, 0.05m, 28.1m, discretisation 0.15m, 0.05m, 0.15m, at 4.49913e-07 secs (iteration 7630; magnetic fields at 4.49884e-07 secs) with field outputs Ex, Ey, Ez, Hx, Hy, Hz  and filename snap07630.h5 will be created.
Snapshot from 13.5m, 0m, 8m, to 22.5m, 0.05m, 28.1m, discretisation 0.15m, 0.05m, 0.15m, at 4.50503e-07 secs (iteration 7640; magnetic fields at 4.50473e-07 secs) with field outputs Ex, Ey, Ez, Hx, Hy, Hz  and filename snap07640.h5 will be created.
Snapshot from 13.5m, 0m, 8m, to 22.5m, 0.05m, 28.1m, discretisation 0.15m, 0.05m, 0.15m, at 4.51093e-07 secs (iteration 7650; magnetic fields at 4.51063e-07 secs) with field outputs Ex, Ey, Ez, Hx, Hy, Hz  and filename snap07650.h5 will be created.
Snapshot from 13.5m, 0m, 8m, to 22.5m, 0.05m, 28.1m, discretisation 0.15m, 0.05m, 0.15m, at 4.51682e-07 secs (iteration 7660; magnetic fields at 4.51653e-07 secs) with field outputs Ex, Ey, Ez, Hx, Hy, Hz  and filename snap07660.h5 will be created.
Snapshot from 13.5m, 0m, 8m, to 22.5m, 0.05m, 28.1m, discretisation 0.15m, 0.05m, 0.15m, at 4.52272e-07 secs (iteration 7670; magnetic fields at 4.52242e-07 secs) with field outputs Ex, Ey, Ez, Hx, Hy, Hz  and filename snap07670.h5 will be created.
Snapshot from 13.5m, 0m, 8m, to 22.5m, 0.05m, 28.1m, discretisation 0.15m, 0.05m, 0.15m, at 4.52862e-07 secs (iteration 7680; magnetic fields at 4.52832e-07 secs) with field outputs Ex, Ey, Ez, Hx, Hy, Hz  and filename snap07680.h5 will be created.
Snapshot from 13.5m, 0m, 8m, to 22.5m, 0.05m, 28.1m, discretisation 0.15m, 0.05m, 0.15m, at 4.53451e-07 secs (iteration 7690; magnetic fields at 4.53422e-07 secs) with field outputs Ex, Ey, Ez, Hx, Hy, Hz  and filename snap07690.h5 will be created.
Snapshot from 13.5m, 0m, 8m, to 22.5m, 0.05m, 28.1m, discretisation 0.15m, 0.05m, 0.15m, at 4.54041e-07 secs (iteration 7700; magnetic fields at 4.54011e-07 secs) with field outputs Ex, Ey, Ez, Hx, Hy, Hz  and filename snap07700.h5 will be created.
Snapshot from 13.5m, 0m, 8m, to 22.5m, 0.05m, 28.1m, discretisation 0.15m, 0.05m, 0.15m, at 4.54631e-07 secs (iteration 7710; magnetic fields at 4.54601e-07 secs) with field outputs Ex, Ey, Ez, Hx, Hy, Hz  and filename snap07710.h5 will be created.
Snapshot from 13.5m, 0m, 8m, to 22.5m, 0.05m, 28.1m, discretisation 0.15m, 0.05m, 0.15m, at 4.5522e-07 secs (iteration 7720; magnetic fields at 4.55191e-07 secs) with field outputs Ex, Ey, Ez, Hx, Hy, Hz  and filename snap07720.h5 will be created.
Snapshot from 13.5m, 0m, 8m, to 22.5m, 0.05m, 28.1m, discretisation 0.15m, 0.05m, 0.15m, at 4.5581e-07 secs (iteration 7730; magnetic fields at 4.5578e-07 secs) with field outputs Ex, Ey, Ez, Hx, Hy, Hz  and filename snap07730.h5 will be created.
Snapshot from 13.5m, 0m, 8m, to 22.5m, 0.05m, 28.1m, discretisation 0.15m, 0.05m, 0.15m, at 4.564e-07 secs (iteration 7740; magnetic fields at 4.5637e-07 secs) with field outputs Ex, Ey, Ez, Hx, Hy, Hz  and filename snap07740.h5 will be created.
Snapshot from 13.5m, 0m, 8m, to 22.5m, 0.05m, 28.1m, discretisation 0.15m, 0.05m, 0.15m, at 4.56989e-07 secs (iteration 7750; magnetic fields at 4.5696e-07 secs) with field outputs Ex, Ey, Ez, Hx, Hy, Hz  and filename snap07750.h5 will be created.
Snapshot from 13.5m, 0m, 8m, to 22.5m, 0.05m, 28.1m, discretisation 0.15m, 0.05m, 0.15m, at 4.57579e-07 secs (iteration 7760; magnetic fields at 4.57549e-07 secs) with field outputs Ex, Ey, Ez, Hx, Hy, Hz  and filename snap07760.h5 will be created.
Snapshot from 13.5m, 0m, 8m, to 22.5m, 0.05m, 28.1m, discretisation 0.15m, 0.05m, 0.15m, at 4.58169e-07 secs (iteration 7770; magnetic fields at 4.58139e-07 secs) with field outputs Ex, Ey, Ez, Hx, Hy, Hz  and filename snap07770.h5 will be created.
Snapshot from 13.5m, 0m, 8m, to 22.5m, 0.05m, 28.1m, discretisation 0.15m, 0.05m, 0.15m, at 4.58758e-07 secs (iteration 7780; magnetic fields at 4.58729e-07 secs) with field outputs Ex, Ey, Ez, Hx, Hy, Hz  and filename snap07780.h5 will be created.
Snapshot from 13.5m, 0m, 8m, to 22.5m, 0.05m, 28.1m, discretisation 0.15m, 0.05m, 0.15m, at 4.59348e-07 secs (iteration 7790; magnetic fields at 4.59318e-07 secs) with field outputs Ex, Ey, Ez, Hx, Hy, Hz  and filename snap07790.h5 will be created.
Snapshot from 13.5m, 0m, 8m, to 22.5m, 0.05m, 28.1m, discretisation 0.15m, 0.05m, 0.15m, at 4.59938e-07 secs (iteration 7800; magnetic fields at 4.59908e-07 secs) with field outputs Ex, Ey, Ez, Hx, Hy, Hz  and filename snap07800.h5 will be created.
Snapshot from 13.5m, 0m, 8m, to 22.5m, 0.05m, 28.1m, discretisation 0.15m, 0.05m, 0.15m, at 4.60527e-07 secs (iteration 7810; magnetic fields at 4.60498e-07 secs) with field outputs Ex, Ey, Ez, Hx, Hy, Hz  and filename snap07810.h5 will be created.
Snapshot from 13.5m, 0m, 8m, to 22.5m, 0.05m, 28.1m, discretisation 0.15m, 0.05m, 0.15m, at 4.61117e-07 secs (iteration 7820; magnetic fields at 4.61087e-07 secs) with field outputs Ex, Ey, Ez, Hx, Hy, Hz  and filename snap07820.h5 will be created.
Snapshot from 13.5m, 0m, 8m, to 22.5m, 0.05m, 28.1m, discretisation 0.15m, 0.05m, 0.15m, at 4.61707e-07 secs (iteration 7830; magnetic fields at 4.61677e-07 secs) with field outputs Ex, Ey, Ez, Hx, Hy, Hz  and filename snap07830.h5 will be created.
Snapshot from 13.5m, 0m, 8m, to 22.5m, 0.05m, 28.1m, discretisation 0.15m, 0.05m, 0.15m, at 4.62296e-07 secs (iteration 7840; magnetic fields at 4.62267e-07 secs) with field outputs Ex, Ey, Ez, Hx, Hy, Hz  and filename snap07840.h5 will be created.
Snapshot from 13.5m, 0m, 8m, to 22.5m, 0.05m, 28.1m, discretisation 0.15m, 0.05m, 0.15m, at 4.62886e-07 secs (iteration 7850; magnetic fields at 4.62856e-07 secs) with field outputs Ex, Ey, Ez, Hx, Hy, Hz  and filename snap07850.h5 will be created.
Snapshot from 13.5m, 0m, 8m, to 22.5m, 0.05m, 28.1m, discretisation 0.15m, 0.05m, 0.15m, at 4.63476e-07 secs (iteration 7860; magnetic fields at 4.63446e-07 secs) with field outputs Ex, Ey, Ez, Hx, Hy, Hz  and filename snap07860.h5 will be created.
Snapshot from 13.5m, 0m, 8m, to 22.5m, 0.05m, 28.1m, discretisation 0.15m, 0.05m, 0.15m, at 4.64065e-07 secs (iteration 7870; magnetic fields at 4.64036e-07 secs) with field outputs Ex, Ey, Ez, Hx, Hy, Hz  and filename snap07870.h5 will be created.
Snapshot from 13.5m, 0m, 8m, to 22.5m, 0.05m, 28.1m, discretisation 0.15m, 0.05m, 0.15m, at 4.64655e-07 secs (iteration 7880; magnetic fields at 4.64625e-07 secs) with field outputs Ex, Ey, Ez, Hx, Hy, Hz  and filename snap07880.h5 will be created.
Snapshot from 13.5m, 0m, 8m, to 22.5m, 0.05m, 28.1m, discretisation 0.15m, 0.05m, 0.15m, at 4.65245e-07 secs (iteration 7890; magnetic fields at 4.65215e-07 secs) with field outputs Ex, Ey, Ez, Hx, Hy, Hz  and filename snap07890.h5 will be created.
Snapshot from 13.5m, 0m, 8m, to 22.5m, 0.05m, 28.1m, discretisation 0.15m, 0.05m, 0.15m, at 4.65834e-07 secs (iteration 7900; magnetic fields at 4.65805e-07 secs) with field outputs Ex, Ey, Ez, Hx, Hy, Hz  and filename snap07900.h5 will be created.
Snapshot from 13.5m, 0m, 8m, to 22.5m, 0.05m, 28.1m, discretisation 0.15m, 0.05m, 0.15m, at 4.66424e-07 secs (iteration 7910; magnetic fields at 4.66394e-07 secs) with field outputs Ex, Ey, Ez, Hx, Hy, Hz  and filename snap07910.h5 will be created.
Snapshot from 13.5m, 0m, 8m, to 22.5m, 0.05m, 28.1m, discretisation 0.15m, 0.05m, 0.15m, at 4.67014e-07 secs (iteration 7920; magnetic fields at 4.66984e-07 secs) with field outputs Ex, Ey, Ez, Hx, Hy, Hz  and filename snap07920.h5 will be created.
Snapshot from 13.5m, 0m, 8m, to 22.5m, 0.05m, 28.1m, discretisation 0.15m, 0.05m, 0.15m, at 4.67603e-07 secs (iteration 7930; magnetic fields at 4.67574e-07 secs) with field outputs Ex, Ey, Ez, Hx, Hy, Hz  and filename snap07930.h5 will be created.
Snapshot from 13.5m, 0m, 8m, to 22.5m, 0.05m, 28.1m, discretisation 0.15m, 0.05m, 0.15m, at 4.68193e-07 secs (iteration 7940; magnetic fields at 4.68163e-07 secs) with field outputs Ex, Ey, Ez, Hx, Hy, Hz  and filename snap07940.h5 will be created.
Snapshot from 13.5m, 0m, 8m, to 22.5m, 0.05m, 28.1m, discretisation 0.15m, 0.05m, 0.15m, at 4.68783e-07 secs (iteration 7950; magnetic fields at 4.68753e-07 secs) with field outputs Ex, Ey, Ez, Hx, Hy, Hz  and filename snap07950.h5 will be created.
Snapshot from 13.5m, 0m, 8m, to 22.5m, 0.05m, 28.1m, discretisation 0.15m, 0.05m, 0.15m, at 4.69372e-07 secs (iteration 7960; magnetic fields at 4.69343e-07 secs) with field outputs Ex, Ey, Ez, Hx, Hy, Hz  and filename snap07960.h5 will be created.
Snapshot from 13.5m, 0m, 8m, to 22.5m, 0.05m, 28.1m, discretisation 0.15m, 0.05m, 0.15m, at 4.69962e-07 secs (iteration 7970; magnetic fields at 4.69932e-07 secs) with field outputs Ex, Ey, Ez, Hx, Hy, Hz  and filename snap07970.h5 will be created.
Snapshot from 13.5m, 0m, 8m, to 22.5m, 0.05m, 28.1m, discretisation 0.15m, 0.05m, 0.15m, at 4.70552e-07 secs (iteration 7980; magnetic fields at 4.70522e-07 secs) with field outputs Ex, Ey, Ez, Hx, Hy, Hz  and filename snap07980.h5 will be created.
Snapshot from 13.5m, 0m, 8m, to 22.5m, 0.05m, 28.1m, discretisation 0.15m, 0.05m, 0.15m, at 4.71141e-07 secs (iteration 7990; magnetic fields at 4.71112e-07 secs) with field outputs Ex, Ey, Ez, Hx, Hy, Hz  and filename snap07990.h5 will be created.
Snapshot from 13.5m, 0m, 8m, to 22.5m, 0.05m, 28.1m, discretisation 0.15m, 0.05m, 0.15m, at 4.71731e-07 secs (iteration 8000; magnetic fields at 4.71701e-07 secs) with field outputs Ex, Ey, Ez, Hx, Hy, Hz  and filename snap08000.h5 will be created.
Snapshot from 13.5m, 0m, 8m, to 22.5m, 0.05m, 28.1m, discretisation 0.15m, 0.05m, 0.15m, at 4.72321e-07 secs (iteration 8010; magnetic fields at 4.72291e-07 secs) with field outputs Ex, Ey, Ez, Hx, Hy, Hz  and filename snap08010.h5 will be created.
Snapshot from 13.5m, 0m, 8m, to 22.5m, 0.05m, 28.1m, discretisation 0.15m, 0.05m, 0.15m, at 4.7291e-07 secs (iteration 8020; magnetic fields at 4.72881e-07 secs) with field outputs Ex, Ey, Ez, Hx, Hy, Hz  and filename snap08020.h5 will be created.
Snapshot from 13.5m, 0m, 8m, to 22.5m, 0.05m, 28.1m, discretisation 0.15m, 0.05m, 0.15m, at 4.735e-07 secs (iteration 8030; magnetic fields at 4.7347e-07 secs) with field outputs Ex, Ey, Ez, Hx, Hy, Hz  and filename snap08030.h5 will be created.
Snapshot from 13.5m, 0m, 8m, to 22.5m, 0.05m, 28.1m, discretisation 0.15m, 0.05m, 0.15m, at 4.7409e-07 secs (iteration 8040; magnetic fields at 4.7406e-07 secs) with field outputs Ex, Ey, Ez, Hx, Hy, Hz  and filename snap08040.h5 will be created.
Snapshot from 13.5m, 0m, 8m, to 22.5m, 0.05m, 28.1m, discretisation 0.15m, 0.05m, 0.15m, at 4.74679e-07 secs (iteration 8050; magnetic fields at 4.7465e-07 secs) with field outputs Ex, Ey, Ez, Hx, Hy, Hz  and filename snap08050.h5 will be created.
Snapshot from 13.5m, 0m, 8m, to 22.5m, 0.05m, 28.1m, discretisation 0.15m, 0.05m, 0.15m, at 4.75269e-07 secs (iteration 8060; magnetic fields at 4.75239e-07 secs) with field outputs Ex, Ey, Ez, Hx, Hy, Hz  and filename snap08060.h5 will be created.
Snapshot from 13.5m, 0m, 8m, to 22.5m, 0.05m, 28.1m, discretisation 0.15m, 0.05m, 0.15m, at 4.75859e-07 secs (iteration 8070; magnetic fields at 4.75829e-07 secs) with field outputs Ex, Ey, Ez, Hx, Hy, Hz  and filename snap08070.h5 will be created.
Snapshot from 13.5m, 0m, 8m, to 22.5m, 0.05m, 28.1m, discretisation 0.15m, 0.05m, 0.15m, at 4.76448e-07 secs (iteration 8080; magnetic fields at 4.76419e-07 secs) with field outputs Ex, Ey, Ez, Hx, Hy, Hz  and filename snap08080.h5 will be created.
Snapshot from 13.5m, 0m, 8m, to 22.5m, 0.05m, 28.1m, discretisation 0.15m, 0.05m, 0.15m, at 4.77038e-07 secs (iteration 8090; magnetic fields at 4.77008e-07 secs) with field outputs Ex, Ey, Ez, Hx, Hy, Hz  and filename snap08090.h5 will be created.
Snapshot from 13.5m, 0m, 8m, to 22.5m, 0.05m, 28.1m, discretisation 0.15m, 0.05m, 0.15m, at 4.77628e-07 secs (iteration 8100; magnetic fields at 4.77598e-07 secs) with field outputs Ex, Ey, Ez, Hx, Hy, Hz  and filename snap08100.h5 will be created.
Snapshot from 13.5m, 0m, 8m, to 22.5m, 0.05m, 28.1m, discretisation 0.15m, 0.05m, 0.15m, at 4.78217e-07 secs (iteration 8110; magnetic fields at 4.78188e-07 secs) with field outputs Ex, Ey, Ez, Hx, Hy, Hz  and filename snap08110.h5 will be created.
Snapshot from 13.5m, 0m, 8m, to 22.5m, 0.05m, 28.1m, discretisation 0.15m, 0.05m, 0.15m, at 4.78807e-07 secs (iteration 8120; magnetic fields at 4.78777e-07 secs) with field outputs Ex, Ey, Ez, Hx, Hy, Hz  and filename snap08120.h5 will be created.
Snapshot from 13.5m, 0m, 8m, to 22.5m, 0.05m, 28.1m, discretisation 0.15m, 0.05m, 0.15m, at 4.79396e-07 secs (iteration 8130; magnetic fields at 4.79367e-07 secs) with field outputs Ex, Ey, Ez, Hx, Hy, Hz  and filename snap08130.h5 will be created.
Snapshot from 13.5m, 0m, 8m, to 22.5m, 0.05m, 28.1m, discretisation 0.15m, 0.05m, 0.15m, at 4.79986e-07 secs (iteration 8140; magnetic fields at 4.79957e-07 secs) with field outputs Ex, Ey, Ez, Hx, Hy, Hz  and filename snap08140.h5 will be created.
Snapshot from 13.5m, 0m, 8m, to 22.5m, 0.05m, 28.1m, discretisation 0.15m, 0.05m, 0.15m, at 4.80576e-07 secs (iteration 8150; magnetic fields at 4.80546e-07 secs) with field outputs Ex, Ey, Ez, Hx, Hy, Hz  and filename snap08150.h5 will be created.
Snapshot from 13.5m, 0m, 8m, to 22.5m, 0.05m, 28.1m, discretisation 0.15m, 0.05m, 0.15m, at 4.81165e-07 secs (iteration 8160; magnetic fields at 4.81136e-07 secs) with field outputs Ex, Ey, Ez, Hx, Hy, Hz  and filename snap08160.h5 will be created.
Snapshot from 13.5m, 0m, 8m, to 22.5m, 0.05m, 28.1m, discretisation 0.15m, 0.05m, 0.15m, at 4.81755e-07 secs (iteration 8170; magnetic fields at 4.81726e-07 secs) with field outputs Ex, Ey, Ez, Hx, Hy, Hz  and filename snap08170.h5 will be created.
Snapshot from 13.5m, 0m, 8m, to 22.5m, 0.05m, 28.1m, discretisation 0.15m, 0.05m, 0.15m, at 4.82345e-07 secs (iteration 8180; magnetic fields at 4.82315e-07 secs) with field outputs Ex, Ey, Ez, Hx, Hy, Hz  and filename snap08180.h5 will be created.
Snapshot from 13.5m, 0m, 8m, to 22.5m, 0.05m, 28.1m, discretisation 0.15m, 0.05m, 0.15m, at 4.82934e-07 secs (iteration 8190; magnetic fields at 4.82905e-07 secs) with field outputs Ex, Ey, Ez, Hx, Hy, Hz  and filename snap08190.h5 will be created.
Snapshot from 13.5m, 0m, 8m, to 22.5m, 0.05m, 28.1m, discretisation 0.15m, 0.05m, 0.15m, at 4.83524e-07 secs (iteration 8200; magnetic fields at 4.83495e-07 secs) with field outputs Ex, Ey, Ez, Hx, Hy, Hz  and filename snap08200.h5 will be created.
Snapshot from 13.5m, 0m, 8m, to 22.5m, 0.05m, 28.1m, discretisation 0.15m, 0.05m, 0.15m, at 4.84114e-07 secs (iteration 8210; magnetic fields at 4.84084e-07 secs) with field outputs Ex, Ey, Ez, Hx, Hy, Hz  and filename snap08210.h5 will be created.
Snapshot from 13.5m, 0m, 8m, to 22.5m, 0.05m, 28.1m, discretisation 0.15m, 0.05m, 0.15m, at 4.84703e-07 secs (iteration 8220; magnetic fields at 4.84674e-07 secs) with field outputs Ex, Ey, Ez, Hx, Hy, Hz  and filename snap08220.h5 will be created.
Snapshot from 13.5m, 0m, 8m, to 22.5m, 0.05m, 28.1m, discretisation 0.15m, 0.05m, 0.15m, at 4.85293e-07 secs (iteration 8230; magnetic fields at 4.85264e-07 secs) with field outputs Ex, Ey, Ez, Hx, Hy, Hz  and filename snap08230.h5 will be created.
Snapshot from 13.5m, 0m, 8m, to 22.5m, 0.05m, 28.1m, discretisation 0.15m, 0.05m, 0.15m, at 4.85883e-07 secs (iteration 8240; magnetic fields at 4.85853e-07 secs) with field outputs Ex, Ey, Ez, Hx, Hy, Hz  and filename snap08240.h5 will be created.
Snapshot from 13.5m, 0m, 8m, to 22.5m, 0.05m, 28.1m, discretisation 0.15m, 0.05m, 0.15m, at 4.86472e-07 secs (iteration 8250; magnetic fields at 4.86443e-07 secs) with field outputs Ex, Ey, Ez, Hx, Hy, Hz  and filename snap08250.h5 will be created.
Snapshot from 13.5m, 0m, 8m, to 22.5m, 0.05m, 28.1m, discretisation 0.15m, 0.05m, 0.15m, at 4.87062e-07 secs (iteration 8260; magnetic fields at 4.87033e-07 secs) with field outputs Ex, Ey, Ez, Hx, Hy, Hz  and filename snap08260.h5 will be created.
Snapshot from 13.5m, 0m, 8m, to 22.5m, 0.05m, 28.1m, discretisation 0.15m, 0.05m, 0.15m, at 4.87652e-07 secs (iteration 8270; magnetic fields at 4.87622e-07 secs) with field outputs Ex, Ey, Ez, Hx, Hy, Hz  and filename snap08270.h5 will be created.
Snapshot from 13.5m, 0m, 8m, to 22.5m, 0.05m, 28.1m, discretisation 0.15m, 0.05m, 0.15m, at 4.88241e-07 secs (iteration 8280; magnetic fields at 4.88212e-07 secs) with field outputs Ex, Ey, Ez, Hx, Hy, Hz  and filename snap08280.h5 will be created.
Snapshot from 13.5m, 0m, 8m, to 22.5m, 0.05m, 28.1m, discretisation 0.15m, 0.05m, 0.15m, at 4.88831e-07 secs (iteration 8290; magnetic fields at 4.88802e-07 secs) with field outputs Ex, Ey, Ez, Hx, Hy, Hz  and filename snap08290.h5 will be created.
Snapshot from 13.5m, 0m, 8m, to 22.5m, 0.05m, 28.1m, discretisation 0.15m, 0.05m, 0.15m, at 4.89421e-07 secs (iteration 8300; magnetic fields at 4.89391e-07 secs) with field outputs Ex, Ey, Ez, Hx, Hy, Hz  and filename snap08300.h5 will be created.
Snapshot from 13.5m, 0m, 8m, to 22.5m, 0.05m, 28.1m, discretisation 0.15m, 0.05m, 0.15m, at 4.9001e-07 secs (iteration 8310; magnetic fields at 4.89981e-07 secs) with field outputs Ex, Ey, Ez, Hx, Hy, Hz  and filename snap08310.h5 will be created.
Snapshot from 13.5m, 0m, 8m, to 22.5m, 0.05m, 28.1m, discretisation 0.15m, 0.05m, 0.15m, at 4.906e-07 secs (iteration 8320; magnetic fields at 4.90571e-07 secs) with field outputs Ex, Ey, Ez, Hx, Hy, Hz  and filename snap08320.h5 will be created.
Snapshot from 13.5m, 0m, 8m, to 22.5m, 0.05m, 28.1m, discretisation 0.15m, 0.05m, 0.15m, at 4.9119e-07 secs (iteration 8330; magnetic fields at 4.9116e-07 secs) with field outputs Ex, Ey, Ez, Hx, Hy, Hz  and filename snap08330.h5 will be created.
Snapshot from 13.5m, 0m, 8m, to 22.5m, 0.05m, 28.1m, discretisation 0.15m, 0.05m, 0.15m, at 4.91779e-07 secs (iteration 8340; magnetic fields at 4.9175e-07 secs) with field outputs Ex, Ey, Ez, Hx, Hy, Hz  and filename snap08340.h5 will be created.
Snapshot from 13.5m, 0m, 8m, to 22.5m, 0.05m, 28.1m, discretisation 0.15m, 0.05m, 0.15m, at 4.92369e-07 secs (iteration 8350; magnetic fields at 4.9234e-07 secs) with field outputs Ex, Ey, Ez, Hx, Hy, Hz  and filename snap08350.h5 will be created.
Snapshot from 13.5m, 0m, 8m, to 22.5m, 0.05m, 28.1m, discretisation 0.15m, 0.05m, 0.15m, at 4.92959e-07 secs (iteration 8360; magnetic fields at 4.92929e-07 secs) with field outputs Ex, Ey, Ez, Hx, Hy, Hz  and filename snap08360.h5 will be created.
Snapshot from 13.5m, 0m, 8m, to 22.5m, 0.05m, 28.1m, discretisation 0.15m, 0.05m, 0.15m, at 4.93548e-07 secs (iteration 8370; magnetic fields at 4.93519e-07 secs) with field outputs Ex, Ey, Ez, Hx, Hy, Hz  and filename snap08370.h5 will be created.
Snapshot from 13.5m, 0m, 8m, to 22.5m, 0.05m, 28.1m, discretisation 0.15m, 0.05m, 0.15m, at 4.94138e-07 secs (iteration 8380; magnetic fields at 4.94109e-07 secs) with field outputs Ex, Ey, Ez, Hx, Hy, Hz  and filename snap08380.h5 will be created.
Snapshot from 13.5m, 0m, 8m, to 22.5m, 0.05m, 28.1m, discretisation 0.15m, 0.05m, 0.15m, at 4.94728e-07 secs (iteration 8390; magnetic fields at 4.94698e-07 secs) with field outputs Ex, Ey, Ez, Hx, Hy, Hz  and filename snap08390.h5 will be created.
Snapshot from 13.5m, 0m, 8m, to 22.5m, 0.05m, 28.1m, discretisation 0.15m, 0.05m, 0.15m, at 4.95317e-07 secs (iteration 8400; magnetic fields at 4.95288e-07 secs) with field outputs Ex, Ey, Ez, Hx, Hy, Hz  and filename snap08400.h5 will be created.
Snapshot from 13.5m, 0m, 8m, to 22.5m, 0.05m, 28.1m, discretisation 0.15m, 0.05m, 0.15m, at 4.95907e-07 secs (iteration 8410; magnetic fields at 4.95878e-07 secs) with field outputs Ex, Ey, Ez, Hx, Hy, Hz  and filename snap08410.h5 will be created.
Snapshot from 13.5m, 0m, 8m, to 22.5m, 0.05m, 28.1m, discretisation 0.15m, 0.05m, 0.15m, at 4.96497e-07 secs (iteration 8420; magnetic fields at 4.96467e-07 secs) with field outputs Ex, Ey, Ez, Hx, Hy, Hz  and filename snap08420.h5 will be created.
Snapshot from 13.5m, 0m, 8m, to 22.5m, 0.05m, 28.1m, discretisation 0.15m, 0.05m, 0.15m, at 4.97086e-07 secs (iteration 8430; magnetic fields at 4.97057e-07 secs) with field outputs Ex, Ey, Ez, Hx, Hy, Hz  and filename snap08430.h5 will be created.
Snapshot from 13.5m, 0m, 8m, to 22.5m, 0.05m, 28.1m, discretisation 0.15m, 0.05m, 0.15m, at 4.97676e-07 secs (iteration 8440; magnetic fields at 4.97647e-07 secs) with field outputs Ex, Ey, Ez, Hx, Hy, Hz  and filename snap08440.h5 will be created.
Snapshot from 13.5m, 0m, 8m, to 22.5m, 0.05m, 28.1m, discretisation 0.15m, 0.05m, 0.15m, at 4.98266e-07 secs (iteration 8450; magnetic fields at 4.98236e-07 secs) with field outputs Ex, Ey, Ez, Hx, Hy, Hz  and filename snap08450.h5 will be created.
Snapshot from 13.5m, 0m, 8m, to 22.5m, 0.05m, 28.1m, discretisation 0.15m, 0.05m, 0.15m, at 4.98855e-07 secs (iteration 8460; magnetic fields at 4.98826e-07 secs) with field outputs Ex, Ey, Ez, Hx, Hy, Hz  and filename snap08460.h5 will be created.
Snapshot from 13.5m, 0m, 8m, to 22.5m, 0.05m, 28.1m, discretisation 0.15m, 0.05m, 0.15m, at 4.99445e-07 secs (iteration 8470; magnetic fields at 4.99416e-07 secs) with field outputs Ex, Ey, Ez, Hx, Hy, Hz  and filename snap08470.h5 will be created.
Snapshot from 13.5m, 0m, 8m, to 22.5m, 0.05m, 28.1m, discretisation 0.15m, 0.05m, 0.15m, at 5.00035e-07 secs (iteration 8480; magnetic fields at 5.00005e-07 secs) with field outputs Ex, Ey, Ez, Hx, Hy, Hz  and filename snap08480.h5 will be created.
Snapshot from 13.5m, 0m, 8m, to 22.5m, 0.05m, 28.1m, discretisation 0.15m, 0.05m, 0.15m, at 5.00624e-07 secs (iteration 8490; magnetic fields at 5.00595e-07 secs) with field outputs Ex, Ey, Ez, Hx, Hy, Hz  and filename snap08490.h5 will be created.
Snapshot from 13.5m, 0m, 8m, to 22.5m, 0.05m, 28.1m, discretisation 0.15m, 0.05m, 0.15m, at 5.01214e-07 secs (iteration 8500; magnetic fields at 5.01185e-07 secs) with field outputs Ex, Ey, Ez, Hx, Hy, Hz  and filename snap08500.h5 will be created.
Snapshot from 13.5m, 0m, 8m, to 22.5m, 0.05m, 28.1m, discretisation 0.15m, 0.05m, 0.15m, at 5.01804e-07 secs (iteration 8510; magnetic fields at 5.01774e-07 secs) with field outputs Ex, Ey, Ez, Hx, Hy, Hz  and filename snap08510.h5 will be created.
Snapshot from 13.5m, 0m, 8m, to 22.5m, 0.05m, 28.1m, discretisation 0.15m, 0.05m, 0.15m, at 5.02393e-07 secs (iteration 8520; magnetic fields at 5.02364e-07 secs) with field outputs Ex, Ey, Ez, Hx, Hy, Hz  and filename snap08520.h5 will be created.
Snapshot from 13.5m, 0m, 8m, to 22.5m, 0.05m, 28.1m, discretisation 0.15m, 0.05m, 0.15m, at 5.02983e-07 secs (iteration 8530; magnetic fields at 5.02954e-07 secs) with field outputs Ex, Ey, Ez, Hx, Hy, Hz  and filename snap08530.h5 will be created.
Snapshot from 13.5m, 0m, 8m, to 22.5m, 0.05m, 28.1m, discretisation 0.15m, 0.05m, 0.15m, at 5.03573e-07 secs (iteration 8540; magnetic fields at 5.03543e-07 secs) with field outputs Ex, Ey, Ez, Hx, Hy, Hz  and filename snap08540.h5 will be created.
Snapshot from 13.5m, 0m, 8m, to 22.5m, 0.05m, 28.1m, discretisation 0.15m, 0.05m, 0.15m, at 5.04162e-07 secs (iteration 8550; magnetic fields at 5.04133e-07 secs) with field outputs Ex, Ey, Ez, Hx, Hy, Hz  and filename snap08550.h5 will be created.
Snapshot from 13.5m, 0m, 8m, to 22.5m, 0.05m, 28.1m, discretisation 0.15m, 0.05m, 0.15m, at 5.04752e-07 secs (iteration 8560; magnetic fields at 5.04723e-07 secs) with field outputs Ex, Ey, Ez, Hx, Hy, Hz  and filename snap08560.h5 will be created.
Snapshot from 13.5m, 0m, 8m, to 22.5m, 0.05m, 28.1m, discretisation 0.15m, 0.05m, 0.15m, at 5.05342e-07 secs (iteration 8570; magnetic fields at 5.05312e-07 secs) with field outputs Ex, Ey, Ez, Hx, Hy, Hz  and filename snap08570.h5 will be created.
Snapshot from 13.5m, 0m, 8m, to 22.5m, 0.05m, 28.1m, discretisation 0.15m, 0.05m, 0.15m, at 5.05931e-07 secs (iteration 8580; magnetic fields at 5.05902e-07 secs) with field outputs Ex, Ey, Ez, Hx, Hy, Hz  and filename snap08580.h5 will be created.
Snapshot from 13.5m, 0m, 8m, to 22.5m, 0.05m, 28.1m, discretisation 0.15m, 0.05m, 0.15m, at 5.06521e-07 secs (iteration 8590; magnetic fields at 5.06492e-07 secs) with field outputs Ex, Ey, Ez, Hx, Hy, Hz  and filename snap08590.h5 will be created.
Snapshot from 13.5m, 0m, 8m, to 22.5m, 0.05m, 28.1m, discretisation 0.15m, 0.05m, 0.15m, at 5.07111e-07 secs (iteration 8600; magnetic fields at 5.07081e-07 secs) with field outputs Ex, Ey, Ez, Hx, Hy, Hz  and filename snap08600.h5 will be created.
Snapshot from 13.5m, 0m, 8m, to 22.5m, 0.05m, 28.1m, discretisation 0.15m, 0.05m, 0.15m, at 5.077e-07 secs (iteration 8610; magnetic fields at 5.07671e-07 secs) with field outputs Ex, Ey, Ez, Hx, Hy, Hz  and filename snap08610.h5 will be created.
Snapshot from 13.5m, 0m, 8m, to 22.5m, 0.05m, 28.1m, discretisation 0.15m, 0.05m, 0.15m, at 5.0829e-07 secs (iteration 8620; magnetic fields at 5.08261e-07 secs) with field outputs Ex, Ey, Ez, Hx, Hy, Hz  and filename snap08620.h5 will be created.
Snapshot from 13.5m, 0m, 8m, to 22.5m, 0.05m, 28.1m, discretisation 0.15m, 0.05m, 0.15m, at 5.0888e-07 secs (iteration 8630; magnetic fields at 5.0885e-07 secs) with field outputs Ex, Ey, Ez, Hx, Hy, Hz  and filename snap08630.h5 will be created.
Snapshot from 13.5m, 0m, 8m, to 22.5m, 0.05m, 28.1m, discretisation 0.15m, 0.05m, 0.15m, at 5.09469e-07 secs (iteration 8640; magnetic fields at 5.0944e-07 secs) with field outputs Ex, Ey, Ez, Hx, Hy, Hz  and filename snap08640.h5 will be created.
Snapshot from 13.5m, 0m, 8m, to 22.5m, 0.05m, 28.1m, discretisation 0.15m, 0.05m, 0.15m, at 5.10059e-07 secs (iteration 8650; magnetic fields at 5.1003e-07 secs) with field outputs Ex, Ey, Ez, Hx, Hy, Hz  and filename snap08650.h5 will be created.
Snapshot from 13.5m, 0m, 8m, to 22.5m, 0.05m, 28.1m, discretisation 0.15m, 0.05m, 0.15m, at 5.10649e-07 secs (iteration 8660; magnetic fields at 5.10619e-07 secs) with field outputs Ex, Ey, Ez, Hx, Hy, Hz  and filename snap08660.h5 will be created.
Snapshot from 13.5m, 0m, 8m, to 22.5m, 0.05m, 28.1m, discretisation 0.15m, 0.05m, 0.15m, at 5.11238e-07 secs (iteration 8670; magnetic fields at 5.11209e-07 secs) with field outputs Ex, Ey, Ez, Hx, Hy, Hz  and filename snap08670.h5 will be created.
Snapshot from 13.5m, 0m, 8m, to 22.5m, 0.05m, 28.1m, discretisation 0.15m, 0.05m, 0.15m, at 5.11828e-07 secs (iteration 8680; magnetic fields at 5.11799e-07 secs) with field outputs Ex, Ey, Ez, Hx, Hy, Hz  and filename snap08680.h5 will be created.
Snapshot from 13.5m, 0m, 8m, to 22.5m, 0.05m, 28.1m, discretisation 0.15m, 0.05m, 0.15m, at 5.12418e-07 secs (iteration 8690; magnetic fields at 5.12388e-07 secs) with field outputs Ex, Ey, Ez, Hx, Hy, Hz  and filename snap08690.h5 will be created.
Snapshot from 13.5m, 0m, 8m, to 22.5m, 0.05m, 28.1m, discretisation 0.15m, 0.05m, 0.15m, at 5.13007e-07 secs (iteration 8700; magnetic fields at 5.12978e-07 secs) with field outputs Ex, Ey, Ez, Hx, Hy, Hz  and filename snap08700.h5 will be created.
Snapshot from 13.5m, 0m, 8m, to 22.5m, 0.05m, 28.1m, discretisation 0.15m, 0.05m, 0.15m, at 5.13597e-07 secs (iteration 8710; magnetic fields at 5.13567e-07 secs) with field outputs Ex, Ey, Ez, Hx, Hy, Hz  and filename snap08710.h5 will be created.
Snapshot from 13.5m, 0m, 8m, to 22.5m, 0.05m, 28.1m, discretisation 0.15m, 0.05m, 0.15m, at 5.14187e-07 secs (iteration 8720; magnetic fields at 5.14157e-07 secs) with field outputs Ex, Ey, Ez, Hx, Hy, Hz  and filename snap08720.h5 will be created.
Snapshot from 13.5m, 0m, 8m, to 22.5m, 0.05m, 28.1m, discretisation 0.15m, 0.05m, 0.15m, at 5.14776e-07 secs (iteration 8730; magnetic fields at 5.14747e-07 secs) with field outputs Ex, Ey, Ez, Hx, Hy, Hz  and filename snap08730.h5 will be created.
Snapshot from 13.5m, 0m, 8m, to 22.5m, 0.05m, 28.1m, discretisation 0.15m, 0.05m, 0.15m, at 5.15366e-07 secs (iteration 8740; magnetic fields at 5.15336e-07 secs) with field outputs Ex, Ey, Ez, Hx, Hy, Hz  and filename snap08740.h5 will be created.
Snapshot from 13.5m, 0m, 8m, to 22.5m, 0.05m, 28.1m, discretisation 0.15m, 0.05m, 0.15m, at 5.15956e-07 secs (iteration 8750; magnetic fields at 5.15926e-07 secs) with field outputs Ex, Ey, Ez, Hx, Hy, Hz  and filename snap08750.h5 will be created.
Snapshot from 13.5m, 0m, 8m, to 22.5m, 0.05m, 28.1m, discretisation 0.15m, 0.05m, 0.15m, at 5.16545e-07 secs (iteration 8760; magnetic fields at 5.16516e-07 secs) with field outputs Ex, Ey, Ez, Hx, Hy, Hz  and filename snap08760.h5 will be created.
Snapshot from 13.5m, 0m, 8m, to 22.5m, 0.05m, 28.1m, discretisation 0.15m, 0.05m, 0.15m, at 5.17135e-07 secs (iteration 8770; magnetic fields at 5.17105e-07 secs) with field outputs Ex, Ey, Ez, Hx, Hy, Hz  and filename snap08770.h5 will be created.
Snapshot from 13.5m, 0m, 8m, to 22.5m, 0.05m, 28.1m, discretisation 0.15m, 0.05m, 0.15m, at 5.17725e-07 secs (iteration 8780; magnetic fields at 5.17695e-07 secs) with field outputs Ex, Ey, Ez, Hx, Hy, Hz  and filename snap08780.h5 will be created.
Snapshot from 13.5m, 0m, 8m, to 22.5m, 0.05m, 28.1m, discretisation 0.15m, 0.05m, 0.15m, at 5.18314e-07 secs (iteration 8790; magnetic fields at 5.18285e-07 secs) with field outputs Ex, Ey, Ez, Hx, Hy, Hz  and filename snap08790.h5 will be created.
Snapshot from 13.5m, 0m, 8m, to 22.5m, 0.05m, 28.1m, discretisation 0.15m, 0.05m, 0.15m, at 5.18904e-07 secs (iteration 8800; magnetic fields at 5.18874e-07 secs) with field outputs Ex, Ey, Ez, Hx, Hy, Hz  and filename snap08800.h5 will be created.
Snapshot from 13.5m, 0m, 8m, to 22.5m, 0.05m, 28.1m, discretisation 0.15m, 0.05m, 0.15m, at 5.19494e-07 secs (iteration 8810; magnetic fields at 5.19464e-07 secs) with field outputs Ex, Ey, Ez, Hx, Hy, Hz  and filename snap08810.h5 will be created.
Snapshot from 13.5m, 0m, 8m, to 22.5m, 0.05m, 28.1m, discretisation 0.15m, 0.05m, 0.15m, at 5.20083e-07 secs (iteration 8820; magnetic fields at 5.20054e-07 secs) with field outputs Ex, Ey, Ez, Hx, Hy, Hz  and filename snap08820.h5 will be created.
Snapshot from 13.5m, 0m, 8m, to 22.5m, 0.05m, 28.1m, discretisation 0.15m, 0.05m, 0.15m, at 5.20673e-07 secs (iteration 8830; magnetic fields at 5.20643e-07 secs) with field outputs Ex, Ey, Ez, Hx, Hy, Hz  and filename snap08830.h5 will be created.
Snapshot from 13.5m, 0m, 8m, to 22.5m, 0.05m, 28.1m, discretisation 0.15m, 0.05m, 0.15m, at 5.21263e-07 secs (iteration 8840; magnetic fields at 5.21233e-07 secs) with field outputs Ex, Ey, Ez, Hx, Hy, Hz  and filename snap08840.h5 will be created.
Snapshot from 13.5m, 0m, 8m, to 22.5m, 0.05m, 28.1m, discretisation 0.15m, 0.05m, 0.15m, at 5.21852e-07 secs (iteration 8850; magnetic fields at 5.21823e-07 secs) with field outputs Ex, Ey, Ez, Hx, Hy, Hz  and filename snap08850.h5 will be created.
Snapshot from 13.5m, 0m, 8m, to 22.5m, 0.05m, 28.1m, discretisation 0.15m, 0.05m, 0.15m, at 5.22442e-07 secs (iteration 8860; magnetic fields at 5.22412e-07 secs) with field outputs Ex, Ey, Ez, Hx, Hy, Hz  and filename snap08860.h5 will be created.
Snapshot from 13.5m, 0m, 8m, to 22.5m, 0.05m, 28.1m, discretisation 0.15m, 0.05m, 0.15m, at 5.23032e-07 secs (iteration 8870; magnetic fields at 5.23002e-07 secs) with field outputs Ex, Ey, Ez, Hx, Hy, Hz  and filename snap08870.h5 will be created.
Snapshot from 13.5m, 0m, 8m, to 22.5m, 0.05m, 28.1m, discretisation 0.15m, 0.05m, 0.15m, at 5.23621e-07 secs (iteration 8880; magnetic fields at 5.23592e-07 secs) with field outputs Ex, Ey, Ez, Hx, Hy, Hz  and filename snap08880.h5 will be created.
Snapshot from 13.5m, 0m, 8m, to 22.5m, 0.05m, 28.1m, discretisation 0.15m, 0.05m, 0.15m, at 5.24211e-07 secs (iteration 8890; magnetic fields at 5.24181e-07 secs) with field outputs Ex, Ey, Ez, Hx, Hy, Hz  and filename snap08890.h5 will be created.
Snapshot from 13.5m, 0m, 8m, to 22.5m, 0.05m, 28.1m, discretisation 0.15m, 0.05m, 0.15m, at 5.24801e-07 secs (iteration 8900; magnetic fields at 5.24771e-07 secs) with field outputs Ex, Ey, Ez, Hx, Hy, Hz  and filename snap08900.h5 will be created.
Snapshot from 13.5m, 0m, 8m, to 22.5m, 0.05m, 28.1m, discretisation 0.15m, 0.05m, 0.15m, at 5.2539e-07 secs (iteration 8910; magnetic fields at 5.25361e-07 secs) with field outputs Ex, Ey, Ez, Hx, Hy, Hz  and filename snap08910.h5 will be created.
Snapshot from 13.5m, 0m, 8m, to 22.5m, 0.05m, 28.1m, discretisation 0.15m, 0.05m, 0.15m, at 5.2598e-07 secs (iteration 8920; magnetic fields at 5.2595e-07 secs) with field outputs Ex, Ey, Ez, Hx, Hy, Hz  and filename snap08920.h5 will be created.
Snapshot from 13.5m, 0m, 8m, to 22.5m, 0.05m, 28.1m, discretisation 0.15m, 0.05m, 0.15m, at 5.2657e-07 secs (iteration 8930; magnetic fields at 5.2654e-07 secs) with field outputs Ex, Ey, Ez, Hx, Hy, Hz  and filename snap08930.h5 will be created.
Snapshot from 13.5m, 0m, 8m, to 22.5m, 0.05m, 28.1m, discretisation 0.15m, 0.05m, 0.15m, at 5.27159e-07 secs (iteration 8940; magnetic fields at 5.2713e-07 secs) with field outputs Ex, Ey, Ez, Hx, Hy, Hz  and filename snap08940.h5 will be created.
Snapshot from 13.5m, 0m, 8m, to 22.5m, 0.05m, 28.1m, discretisation 0.15m, 0.05m, 0.15m, at 5.27749e-07 secs (iteration 8950; magnetic fields at 5.27719e-07 secs) with field outputs Ex, Ey, Ez, Hx, Hy, Hz  and filename snap08950.h5 will be created.
Snapshot from 13.5m, 0m, 8m, to 22.5m, 0.05m, 28.1m, discretisation 0.15m, 0.05m, 0.15m, at 5.28339e-07 secs (iteration 8960; magnetic fields at 5.28309e-07 secs) with field outputs Ex, Ey, Ez, Hx, Hy, Hz  and filename snap08960.h5 will be created.
Snapshot from 13.5m, 0m, 8m, to 22.5m, 0.05m, 28.1m, discretisation 0.15m, 0.05m, 0.15m, at 5.28928e-07 secs (iteration 8970; magnetic fields at 5.28899e-07 secs) with field outputs Ex, Ey, Ez, Hx, Hy, Hz  and filename snap08970.h5 will be created.
Snapshot from 13.5m, 0m, 8m, to 22.5m, 0.05m, 28.1m, discretisation 0.15m, 0.05m, 0.15m, at 5.29518e-07 secs (iteration 8980; magnetic fields at 5.29488e-07 secs) with field outputs Ex, Ey, Ez, Hx, Hy, Hz  and filename snap08980.h5 will be created.
Snapshot from 13.5m, 0m, 8m, to 22.5m, 0.05m, 28.1m, discretisation 0.15m, 0.05m, 0.15m, at 5.30108e-07 secs (iteration 8990; magnetic fields at 5.30078e-07 secs) with field outputs Ex, Ey, Ez, Hx, Hy, Hz  and filename snap08990.h5 will be created.
Snapshot from 13.5m, 0m, 8m, to 22.5m, 0.05m, 28.1m, discretisation 0.15m, 0.05m, 0.15m, at 5.30697e-07 secs (iteration 9000; magnetic fields at 5.30668e-07 secs) with field outputs Ex, Ey, Ez, Hx, Hy, Hz  and filename snap09000.h5 will be created.
Snapshot from 13.5m, 0m, 8m, to 22.5m, 0.05m, 28.1m, discretisation 0.15m, 0.05m, 0.15m, at 5.31287e-07 secs (iteration 9010; magnetic fields at 5.31257e-07 secs) with field outputs Ex, Ey, Ez, Hx, Hy, Hz  and filename snap09010.h5 will be created.
Snapshot from 13.5m, 0m, 8m, to 22.5m, 0.05m, 28.1m, discretisation 0.15m, 0.05m, 0.15m, at 5.31877e-07 secs (iteration 9020; magnetic fields at 5.31847e-07 secs) with field outputs Ex, Ey, Ez, Hx, Hy, Hz  and filename snap09020.h5 will be created.
Snapshot from 13.5m, 0m, 8m, to 22.5m, 0.05m, 28.1m, discretisation 0.15m, 0.05m, 0.15m, at 5.32466e-07 secs (iteration 9030; magnetic fields at 5.32437e-07 secs) with field outputs Ex, Ey, Ez, Hx, Hy, Hz  and filename snap09030.h5 will be created.
Snapshot from 13.5m, 0m, 8m, to 22.5m, 0.05m, 28.1m, discretisation 0.15m, 0.05m, 0.15m, at 5.33056e-07 secs (iteration 9040; magnetic fields at 5.33026e-07 secs) with field outputs Ex, Ey, Ez, Hx, Hy, Hz  and filename snap09040.h5 will be created.
Snapshot from 13.5m, 0m, 8m, to 22.5m, 0.05m, 28.1m, discretisation 0.15m, 0.05m, 0.15m, at 5.33646e-07 secs (iteration 9050; magnetic fields at 5.33616e-07 secs) with field outputs Ex, Ey, Ez, Hx, Hy, Hz  and filename snap09050.h5 will be created.
Snapshot from 13.5m, 0m, 8m, to 22.5m, 0.05m, 28.1m, discretisation 0.15m, 0.05m, 0.15m, at 5.34235e-07 secs (iteration 9060; magnetic fields at 5.34206e-07 secs) with field outputs Ex, Ey, Ez, Hx, Hy, Hz  and filename snap09060.h5 will be created.
Snapshot from 13.5m, 0m, 8m, to 22.5m, 0.05m, 28.1m, discretisation 0.15m, 0.05m, 0.15m, at 5.34825e-07 secs (iteration 9070; magnetic fields at 5.34795e-07 secs) with field outputs Ex, Ey, Ez, Hx, Hy, Hz  and filename snap09070.h5 will be created.
Snapshot from 13.5m, 0m, 8m, to 22.5m, 0.05m, 28.1m, discretisation 0.15m, 0.05m, 0.15m, at 5.35415e-07 secs (iteration 9080; magnetic fields at 5.35385e-07 secs) with field outputs Ex, Ey, Ez, Hx, Hy, Hz  and filename snap09080.h5 will be created.
Snapshot from 13.5m, 0m, 8m, to 22.5m, 0.05m, 28.1m, discretisation 0.15m, 0.05m, 0.15m, at 5.36004e-07 secs (iteration 9090; magnetic fields at 5.35975e-07 secs) with field outputs Ex, Ey, Ez, Hx, Hy, Hz  and filename snap09090.h5 will be created.
Snapshot from 13.5m, 0m, 8m, to 22.5m, 0.05m, 28.1m, discretisation 0.15m, 0.05m, 0.15m, at 5.36594e-07 secs (iteration 9100; magnetic fields at 5.36564e-07 secs) with field outputs Ex, Ey, Ez, Hx, Hy, Hz  and filename snap09100.h5 will be created.
Snapshot from 13.5m, 0m, 8m, to 22.5m, 0.05m, 28.1m, discretisation 0.15m, 0.05m, 0.15m, at 5.37184e-07 secs (iteration 9110; magnetic fields at 5.37154e-07 secs) with field outputs Ex, Ey, Ez, Hx, Hy, Hz  and filename snap09110.h5 will be created.
Snapshot from 13.5m, 0m, 8m, to 22.5m, 0.05m, 28.1m, discretisation 0.15m, 0.05m, 0.15m, at 5.37773e-07 secs (iteration 9120; magnetic fields at 5.37744e-07 secs) with field outputs Ex, Ey, Ez, Hx, Hy, Hz  and filename snap09120.h5 will be created.
Snapshot from 13.5m, 0m, 8m, to 22.5m, 0.05m, 28.1m, discretisation 0.15m, 0.05m, 0.15m, at 5.38363e-07 secs (iteration 9130; magnetic fields at 5.38333e-07 secs) with field outputs Ex, Ey, Ez, Hx, Hy, Hz  and filename snap09130.h5 will be created.
Snapshot from 13.5m, 0m, 8m, to 22.5m, 0.05m, 28.1m, discretisation 0.15m, 0.05m, 0.15m, at 5.38953e-07 secs (iteration 9140; magnetic fields at 5.38923e-07 secs) with field outputs Ex, Ey, Ez, Hx, Hy, Hz  and filename snap09140.h5 will be created.
Snapshot from 13.5m, 0m, 8m, to 22.5m, 0.05m, 28.1m, discretisation 0.15m, 0.05m, 0.15m, at 5.39542e-07 secs (iteration 9150; magnetic fields at 5.39513e-07 secs) with field outputs Ex, Ey, Ez, Hx, Hy, Hz  and filename snap09150.h5 will be created.
Snapshot from 13.5m, 0m, 8m, to 22.5m, 0.05m, 28.1m, discretisation 0.15m, 0.05m, 0.15m, at 5.40132e-07 secs (iteration 9160; magnetic fields at 5.40102e-07 secs) with field outputs Ex, Ey, Ez, Hx, Hy, Hz  and filename snap09160.h5 will be created.
Snapshot from 13.5m, 0m, 8m, to 22.5m, 0.05m, 28.1m, discretisation 0.15m, 0.05m, 0.15m, at 5.40722e-07 secs (iteration 9170; magnetic fields at 5.40692e-07 secs) with field outputs Ex, Ey, Ez, Hx, Hy, Hz  and filename snap09170.h5 will be created.
Snapshot from 13.5m, 0m, 8m, to 22.5m, 0.05m, 28.1m, discretisation 0.15m, 0.05m, 0.15m, at 5.41311e-07 secs (iteration 9180; magnetic fields at 5.41282e-07 secs) with field outputs Ex, Ey, Ez, Hx, Hy, Hz  and filename snap09180.h5 will be created.
Snapshot from 13.5m, 0m, 8m, to 22.5m, 0.05m, 28.1m, discretisation 0.15m, 0.05m, 0.15m, at 5.41901e-07 secs (iteration 9190; magnetic fields at 5.41871e-07 secs) with field outputs Ex, Ey, Ez, Hx, Hy, Hz  and filename snap09190.h5 will be created.
Snapshot from 13.5m, 0m, 8m, to 22.5m, 0.05m, 28.1m, discretisation 0.15m, 0.05m, 0.15m, at 5.4249e-07 secs (iteration 9200; magnetic fields at 5.42461e-07 secs) with field outputs Ex, Ey, Ez, Hx, Hy, Hz  and filename snap09200.h5 will be created.
Snapshot from 13.5m, 0m, 8m, to 22.5m, 0.05m, 28.1m, discretisation 0.15m, 0.05m, 0.15m, at 5.4308e-07 secs (iteration 9210; magnetic fields at 5.43051e-07 secs) with field outputs Ex, Ey, Ez, Hx, Hy, Hz  and filename snap09210.h5 will be created.
Snapshot from 13.5m, 0m, 8m, to 22.5m, 0.05m, 28.1m, discretisation 0.15m, 0.05m, 0.15m, at 5.4367e-07 secs (iteration 9220; magnetic fields at 5.4364e-07 secs) with field outputs Ex, Ey, Ez, Hx, Hy, Hz  and filename snap09220.h5 will be created.
Snapshot from 13.5m, 0m, 8m, to 22.5m, 0.05m, 28.1m, discretisation 0.15m, 0.05m, 0.15m, at 5.44259e-07 secs (iteration 9230; magnetic fields at 5.4423e-07 secs) with field outputs Ex, Ey, Ez, Hx, Hy, Hz  and filename snap09230.h5 will be created.
Snapshot from 13.5m, 0m, 8m, to 22.5m, 0.05m, 28.1m, discretisation 0.15m, 0.05m, 0.15m, at 5.44849e-07 secs (iteration 9240; magnetic fields at 5.4482e-07 secs) with field outputs Ex, Ey, Ez, Hx, Hy, Hz  and filename snap09240.h5 will be created.
Snapshot from 13.5m, 0m, 8m, to 22.5m, 0.05m, 28.1m, discretisation 0.15m, 0.05m, 0.15m, at 5.45439e-07 secs (iteration 9250; magnetic fields at 5.45409e-07 secs) with field outputs Ex, Ey, Ez, Hx, Hy, Hz  and filename snap09250.h5 will be created.
Snapshot from 13.5m, 0m, 8m, to 22.5m, 0.05m, 28.1m, discretisation 0.15m, 0.05m, 0.15m, at 5.46028e-07 secs (iteration 9260; magnetic fields at 5.45999e-07 secs) with field outputs Ex, Ey, Ez, Hx, Hy, Hz  and filename snap09260.h5 will be created.
Snapshot from 13.5m, 0m, 8m, to 22.5m, 0.05m, 28.1m, discretisation 0.15m, 0.05m, 0.15m, at 5.46618e-07 secs (iteration 9270; magnetic fields at 5.46589e-07 secs) with field outputs Ex, Ey, Ez, Hx, Hy, Hz  and filename snap09270.h5 will be created.
Snapshot from 13.5m, 0m, 8m, to 22.5m, 0.05m, 28.1m, discretisation 0.15m, 0.05m, 0.15m, at 5.47208e-07 secs (iteration 9280; magnetic fields at 5.47178e-07 secs) with field outputs Ex, Ey, Ez, Hx, Hy, Hz  and filename snap09280.h5 will be created.
Snapshot from 13.5m, 0m, 8m, to 22.5m, 0.05m, 28.1m, discretisation 0.15m, 0.05m, 0.15m, at 5.47797e-07 secs (iteration 9290; magnetic fields at 5.47768e-07 secs) with field outputs Ex, Ey, Ez, Hx, Hy, Hz  and filename snap09290.h5 will be created.
Snapshot from 13.5m, 0m, 8m, to 22.5m, 0.05m, 28.1m, discretisation 0.15m, 0.05m, 0.15m, at 5.48387e-07 secs (iteration 9300; magnetic fields at 5.48358e-07 secs) with field outputs Ex, Ey, Ez, Hx, Hy, Hz  and filename snap09300.h5 will be created.
Snapshot from 13.5m, 0m, 8m, to 22.5m, 0.05m, 28.1m, discretisation 0.15m, 0.05m, 0.15m, at 5.48977e-07 secs (iteration 9310; magnetic fields at 5.48947e-07 secs) with field outputs Ex, Ey, Ez, Hx, Hy, Hz  and filename snap09310.h5 will be created.
Snapshot from 13.5m, 0m, 8m, to 22.5m, 0.05m, 28.1m, discretisation 0.15m, 0.05m, 0.15m, at 5.49566e-07 secs (iteration 9320; magnetic fields at 5.49537e-07 secs) with field outputs Ex, Ey, Ez, Hx, Hy, Hz  and filename snap09320.h5 will be created.
Snapshot from 13.5m, 0m, 8m, to 22.5m, 0.05m, 28.1m, discretisation 0.15m, 0.05m, 0.15m, at 5.50156e-07 secs (iteration 9330; magnetic fields at 5.50127e-07 secs) with field outputs Ex, Ey, Ez, Hx, Hy, Hz  and filename snap09330.h5 will be created.
Snapshot from 13.5m, 0m, 8m, to 22.5m, 0.05m, 28.1m, discretisation 0.15m, 0.05m, 0.15m, at 5.50746e-07 secs (iteration 9340; magnetic fields at 5.50716e-07 secs) with field outputs Ex, Ey, Ez, Hx, Hy, Hz  and filename snap09340.h5 will be created.
Snapshot from 13.5m, 0m, 8m, to 22.5m, 0.05m, 28.1m, discretisation 0.15m, 0.05m, 0.15m, at 5.51335e-07 secs (iteration 9350; magnetic fields at 5.51306e-07 secs) with field outputs Ex, Ey, Ez, Hx, Hy, Hz  and filename snap09350.h5 will be created.
Snapshot from 13.5m, 0m, 8m, to 22.5m, 0.05m, 28.1m, discretisation 0.15m, 0.05m, 0.15m, at 5.51925e-07 secs (iteration 9360; magnetic fields at 5.51896e-07 secs) with field outputs Ex, Ey, Ez, Hx, Hy, Hz  and filename snap09360.h5 will be created.
Snapshot from 13.5m, 0m, 8m, to 22.5m, 0.05m, 28.1m, discretisation 0.15m, 0.05m, 0.15m, at 5.52515e-07 secs (iteration 9370; magnetic fields at 5.52485e-07 secs) with field outputs Ex, Ey, Ez, Hx, Hy, Hz  and filename snap09370.h5 will be created.
Snapshot from 13.5m, 0m, 8m, to 22.5m, 0.05m, 28.1m, discretisation 0.15m, 0.05m, 0.15m, at 5.53104e-07 secs (iteration 9380; magnetic fields at 5.53075e-07 secs) with field outputs Ex, Ey, Ez, Hx, Hy, Hz  and filename snap09380.h5 will be created.
Snapshot from 13.5m, 0m, 8m, to 22.5m, 0.05m, 28.1m, discretisation 0.15m, 0.05m, 0.15m, at 5.53694e-07 secs (iteration 9390; magnetic fields at 5.53665e-07 secs) with field outputs Ex, Ey, Ez, Hx, Hy, Hz  and filename snap09390.h5 will be created.
Snapshot from 13.5m, 0m, 8m, to 22.5m, 0.05m, 28.1m, discretisation 0.15m, 0.05m, 0.15m, at 5.54284e-07 secs (iteration 9400; magnetic fields at 5.54254e-07 secs) with field outputs Ex, Ey, Ez, Hx, Hy, Hz  and filename snap09400.h5 will be created.
Snapshot from 13.5m, 0m, 8m, to 22.5m, 0.05m, 28.1m, discretisation 0.15m, 0.05m, 0.15m, at 5.54873e-07 secs (iteration 9410; magnetic fields at 5.54844e-07 secs) with field outputs Ex, Ey, Ez, Hx, Hy, Hz  and filename snap09410.h5 will be created.
Snapshot from 13.5m, 0m, 8m, to 22.5m, 0.05m, 28.1m, discretisation 0.15m, 0.05m, 0.15m, at 5.55463e-07 secs (iteration 9420; magnetic fields at 5.55434e-07 secs) with field outputs Ex, Ey, Ez, Hx, Hy, Hz  and filename snap09420.h5 will be created.
Snapshot from 13.5m, 0m, 8m, to 22.5m, 0.05m, 28.1m, discretisation 0.15m, 0.05m, 0.15m, at 5.56053e-07 secs (iteration 9430; magnetic fields at 5.56023e-07 secs) with field outputs Ex, Ey, Ez, Hx, Hy, Hz  and filename snap09430.h5 will be created.
Snapshot from 13.5m, 0m, 8m, to 22.5m, 0.05m, 28.1m, discretisation 0.15m, 0.05m, 0.15m, at 5.56642e-07 secs (iteration 9440; magnetic fields at 5.56613e-07 secs) with field outputs Ex, Ey, Ez, Hx, Hy, Hz  and filename snap09440.h5 will be created.
Snapshot from 13.5m, 0m, 8m, to 22.5m, 0.05m, 28.1m, discretisation 0.15m, 0.05m, 0.15m, at 5.57232e-07 secs (iteration 9450; magnetic fields at 5.57203e-07 secs) with field outputs Ex, Ey, Ez, Hx, Hy, Hz  and filename snap09450.h5 will be created.
Snapshot from 13.5m, 0m, 8m, to 22.5m, 0.05m, 28.1m, discretisation 0.15m, 0.05m, 0.15m, at 5.57822e-07 secs (iteration 9460; magnetic fields at 5.57792e-07 secs) with field outputs Ex, Ey, Ez, Hx, Hy, Hz  and filename snap09460.h5 will be created.
Snapshot from 13.5m, 0m, 8m, to 22.5m, 0.05m, 28.1m, discretisation 0.15m, 0.05m, 0.15m, at 5.58411e-07 secs (iteration 9470; magnetic fields at 5.58382e-07 secs) with field outputs Ex, Ey, Ez, Hx, Hy, Hz  and filename snap09470.h5 will be created.
Snapshot from 13.5m, 0m, 8m, to 22.5m, 0.05m, 28.1m, discretisation 0.15m, 0.05m, 0.15m, at 5.59001e-07 secs (iteration 9480; magnetic fields at 5.58972e-07 secs) with field outputs Ex, Ey, Ez, Hx, Hy, Hz  and filename snap09480.h5 will be created.
Snapshot from 13.5m, 0m, 8m, to 22.5m, 0.05m, 28.1m, discretisation 0.15m, 0.05m, 0.15m, at 5.59591e-07 secs (iteration 9490; magnetic fields at 5.59561e-07 secs) with field outputs Ex, Ey, Ez, Hx, Hy, Hz  and filename snap09490.h5 will be created.
Snapshot from 13.5m, 0m, 8m, to 22.5m, 0.05m, 28.1m, discretisation 0.15m, 0.05m, 0.15m, at 5.6018e-07 secs (iteration 9500; magnetic fields at 5.60151e-07 secs) with field outputs Ex, Ey, Ez, Hx, Hy, Hz  and filename snap09500.h5 will be created.
Snapshot from 13.5m, 0m, 8m, to 22.5m, 0.05m, 28.1m, discretisation 0.15m, 0.05m, 0.15m, at 5.6077e-07 secs (iteration 9510; magnetic fields at 5.60741e-07 secs) with field outputs Ex, Ey, Ez, Hx, Hy, Hz  and filename snap09510.h5 will be created.
Snapshot from 13.5m, 0m, 8m, to 22.5m, 0.05m, 28.1m, discretisation 0.15m, 0.05m, 0.15m, at 5.6136e-07 secs (iteration 9520; magnetic fields at 5.6133e-07 secs) with field outputs Ex, Ey, Ez, Hx, Hy, Hz  and filename snap09520.h5 will be created.
Snapshot from 13.5m, 0m, 8m, to 22.5m, 0.05m, 28.1m, discretisation 0.15m, 0.05m, 0.15m, at 5.61949e-07 secs (iteration 9530; magnetic fields at 5.6192e-07 secs) with field outputs Ex, Ey, Ez, Hx, Hy, Hz  and filename snap09530.h5 will be created.
Snapshot from 13.5m, 0m, 8m, to 22.5m, 0.05m, 28.1m, discretisation 0.15m, 0.05m, 0.15m, at 5.62539e-07 secs (iteration 9540; magnetic fields at 5.6251e-07 secs) with field outputs Ex, Ey, Ez, Hx, Hy, Hz  and filename snap09540.h5 will be created.
Snapshot from 13.5m, 0m, 8m, to 22.5m, 0.05m, 28.1m, discretisation 0.15m, 0.05m, 0.15m, at 5.63129e-07 secs (iteration 9550; magnetic fields at 5.63099e-07 secs) with field outputs Ex, Ey, Ez, Hx, Hy, Hz  and filename snap09550.h5 will be created.
Snapshot from 13.5m, 0m, 8m, to 22.5m, 0.05m, 28.1m, discretisation 0.15m, 0.05m, 0.15m, at 5.63718e-07 secs (iteration 9560; magnetic fields at 5.63689e-07 secs) with field outputs Ex, Ey, Ez, Hx, Hy, Hz  and filename snap09560.h5 will be created.
Snapshot from 13.5m, 0m, 8m, to 22.5m, 0.05m, 28.1m, discretisation 0.15m, 0.05m, 0.15m, at 5.64308e-07 secs (iteration 9570; magnetic fields at 5.64279e-07 secs) with field outputs Ex, Ey, Ez, Hx, Hy, Hz  and filename snap09570.h5 will be created.
Snapshot from 13.5m, 0m, 8m, to 22.5m, 0.05m, 28.1m, discretisation 0.15m, 0.05m, 0.15m, at 5.64898e-07 secs (iteration 9580; magnetic fields at 5.64868e-07 secs) with field outputs Ex, Ey, Ez, Hx, Hy, Hz  and filename snap09580.h5 will be created.
Snapshot from 13.5m, 0m, 8m, to 22.5m, 0.05m, 28.1m, discretisation 0.15m, 0.05m, 0.15m, at 5.65487e-07 secs (iteration 9590; magnetic fields at 5.65458e-07 secs) with field outputs Ex, Ey, Ez, Hx, Hy, Hz  and filename snap09590.h5 will be created.
Snapshot from 13.5m, 0m, 8m, to 22.5m, 0.05m, 28.1m, discretisation 0.15m, 0.05m, 0.15m, at 5.66077e-07 secs (iteration 9600; magnetic fields at 5.66048e-07 secs) with field outputs Ex, Ey, Ez, Hx, Hy, Hz  and filename snap09600.h5 will be created.
Snapshot from 13.5m, 0m, 8m, to 22.5m, 0.05m, 28.1m, discretisation 0.15m, 0.05m, 0.15m, at 5.66667e-07 secs (iteration 9610; magnetic fields at 5.66637e-07 secs) with field outputs Ex, Ey, Ez, Hx, Hy, Hz  and filename snap09610.h5 will be created.
Snapshot from 13.5m, 0m, 8m, to 22.5m, 0.05m, 28.1m, discretisation 0.15m, 0.05m, 0.15m, at 5.67256e-07 secs (iteration 9620; magnetic fields at 5.67227e-07 secs) with field outputs Ex, Ey, Ez, Hx, Hy, Hz  and filename snap09620.h5 will be created.
Snapshot from 13.5m, 0m, 8m, to 22.5m, 0.05m, 28.1m, discretisation 0.15m, 0.05m, 0.15m, at 5.67846e-07 secs (iteration 9630; magnetic fields at 5.67817e-07 secs) with field outputs Ex, Ey, Ez, Hx, Hy, Hz  and filename snap09630.h5 will be created.
Snapshot from 13.5m, 0m, 8m, to 22.5m, 0.05m, 28.1m, discretisation 0.15m, 0.05m, 0.15m, at 5.68436e-07 secs (iteration 9640; magnetic fields at 5.68406e-07 secs) with field outputs Ex, Ey, Ez, Hx, Hy, Hz  and filename snap09640.h5 will be created.
Snapshot from 13.5m, 0m, 8m, to 22.5m, 0.05m, 28.1m, discretisation 0.15m, 0.05m, 0.15m, at 5.69025e-07 secs (iteration 9650; magnetic fields at 5.68996e-07 secs) with field outputs Ex, Ey, Ez, Hx, Hy, Hz  and filename snap09650.h5 will be created.
Snapshot from 13.5m, 0m, 8m, to 22.5m, 0.05m, 28.1m, discretisation 0.15m, 0.05m, 0.15m, at 5.69615e-07 secs (iteration 9660; magnetic fields at 5.69586e-07 secs) with field outputs Ex, Ey, Ez, Hx, Hy, Hz  and filename snap09660.h5 will be created.
Snapshot from 13.5m, 0m, 8m, to 22.5m, 0.05m, 28.1m, discretisation 0.15m, 0.05m, 0.15m, at 5.70205e-07 secs (iteration 9670; magnetic fields at 5.70175e-07 secs) with field outputs Ex, Ey, Ez, Hx, Hy, Hz  and filename snap09670.h5 will be created.
Snapshot from 13.5m, 0m, 8m, to 22.5m, 0.05m, 28.1m, discretisation 0.15m, 0.05m, 0.15m, at 5.70794e-07 secs (iteration 9680; magnetic fields at 5.70765e-07 secs) with field outputs Ex, Ey, Ez, Hx, Hy, Hz  and filename snap09680.h5 will be created.
Snapshot from 13.5m, 0m, 8m, to 22.5m, 0.05m, 28.1m, discretisation 0.15m, 0.05m, 0.15m, at 5.71384e-07 secs (iteration 9690; magnetic fields at 5.71355e-07 secs) with field outputs Ex, Ey, Ez, Hx, Hy, Hz  and filename snap09690.h5 will be created.
Snapshot from 13.5m, 0m, 8m, to 22.5m, 0.05m, 28.1m, discretisation 0.15m, 0.05m, 0.15m, at 5.71974e-07 secs (iteration 9700; magnetic fields at 5.71944e-07 secs) with field outputs Ex, Ey, Ez, Hx, Hy, Hz  and filename snap09700.h5 will be created.
Snapshot from 13.5m, 0m, 8m, to 22.5m, 0.05m, 28.1m, discretisation 0.15m, 0.05m, 0.15m, at 5.72563e-07 secs (iteration 9710; magnetic fields at 5.72534e-07 secs) with field outputs Ex, Ey, Ez, Hx, Hy, Hz  and filename snap09710.h5 will be created.
Snapshot from 13.5m, 0m, 8m, to 22.5m, 0.05m, 28.1m, discretisation 0.15m, 0.05m, 0.15m, at 5.73153e-07 secs (iteration 9720; magnetic fields at 5.73124e-07 secs) with field outputs Ex, Ey, Ez, Hx, Hy, Hz  and filename snap09720.h5 will be created.
Snapshot from 13.5m, 0m, 8m, to 22.5m, 0.05m, 28.1m, discretisation 0.15m, 0.05m, 0.15m, at 5.73743e-07 secs (iteration 9730; magnetic fields at 5.73713e-07 secs) with field outputs Ex, Ey, Ez, Hx, Hy, Hz  and filename snap09730.h5 will be created.
Snapshot from 13.5m, 0m, 8m, to 22.5m, 0.05m, 28.1m, discretisation 0.15m, 0.05m, 0.15m, at 5.74332e-07 secs (iteration 9740; magnetic fields at 5.74303e-07 secs) with field outputs Ex, Ey, Ez, Hx, Hy, Hz  and filename snap09740.h5 will be created.
Snapshot from 13.5m, 0m, 8m, to 22.5m, 0.05m, 28.1m, discretisation 0.15m, 0.05m, 0.15m, at 5.74922e-07 secs (iteration 9750; magnetic fields at 5.74893e-07 secs) with field outputs Ex, Ey, Ez, Hx, Hy, Hz  and filename snap09750.h5 will be created.
Snapshot from 13.5m, 0m, 8m, to 22.5m, 0.05m, 28.1m, discretisation 0.15m, 0.05m, 0.15m, at 5.75512e-07 secs (iteration 9760; magnetic fields at 5.75482e-07 secs) with field outputs Ex, Ey, Ez, Hx, Hy, Hz  and filename snap09760.h5 will be created.
Snapshot from 13.5m, 0m, 8m, to 22.5m, 0.05m, 28.1m, discretisation 0.15m, 0.05m, 0.15m, at 5.76101e-07 secs (iteration 9770; magnetic fields at 5.76072e-07 secs) with field outputs Ex, Ey, Ez, Hx, Hy, Hz  and filename snap09770.h5 will be created.
Snapshot from 13.5m, 0m, 8m, to 22.5m, 0.05m, 28.1m, discretisation 0.15m, 0.05m, 0.15m, at 5.76691e-07 secs (iteration 9780; magnetic fields at 5.76662e-07 secs) with field outputs Ex, Ey, Ez, Hx, Hy, Hz  and filename snap09780.h5 will be created.
Snapshot from 13.5m, 0m, 8m, to 22.5m, 0.05m, 28.1m, discretisation 0.15m, 0.05m, 0.15m, at 5.77281e-07 secs (iteration 9790; magnetic fields at 5.77251e-07 secs) with field outputs Ex, Ey, Ez, Hx, Hy, Hz  and filename snap09790.h5 will be created.
Snapshot from 13.5m, 0m, 8m, to 22.5m, 0.05m, 28.1m, discretisation 0.15m, 0.05m, 0.15m, at 5.7787e-07 secs (iteration 9800; magnetic fields at 5.77841e-07 secs) with field outputs Ex, Ey, Ez, Hx, Hy, Hz  and filename snap09800.h5 will be created.
Snapshot from 13.5m, 0m, 8m, to 22.5m, 0.05m, 28.1m, discretisation 0.15m, 0.05m, 0.15m, at 5.7846e-07 secs (iteration 9810; magnetic fields at 5.7843e-07 secs) with field outputs Ex, Ey, Ez, Hx, Hy, Hz  and filename snap09810.h5 will be created.
Snapshot from 13.5m, 0m, 8m, to 22.5m, 0.05m, 28.1m, discretisation 0.15m, 0.05m, 0.15m, at 5.7905e-07 secs (iteration 9820; magnetic fields at 5.7902e-07 secs) with field outputs Ex, Ey, Ez, Hx, Hy, Hz  and filename snap09820.h5 will be created.
Snapshot from 13.5m, 0m, 8m, to 22.5m, 0.05m, 28.1m, discretisation 0.15m, 0.05m, 0.15m, at 5.79639e-07 secs (iteration 9830; magnetic fields at 5.7961e-07 secs) with field outputs Ex, Ey, Ez, Hx, Hy, Hz  and filename snap09830.h5 will be created.
Snapshot from 13.5m, 0m, 8m, to 22.5m, 0.05m, 28.1m, discretisation 0.15m, 0.05m, 0.15m, at 5.80229e-07 secs (iteration 9840; magnetic fields at 5.80199e-07 secs) with field outputs Ex, Ey, Ez, Hx, Hy, Hz  and filename snap09840.h5 will be created.
Snapshot from 13.5m, 0m, 8m, to 22.5m, 0.05m, 28.1m, discretisation 0.15m, 0.05m, 0.15m, at 5.80819e-07 secs (iteration 9850; magnetic fields at 5.80789e-07 secs) with field outputs Ex, Ey, Ez, Hx, Hy, Hz  and filename snap09850.h5 will be created.
Snapshot from 13.5m, 0m, 8m, to 22.5m, 0.05m, 28.1m, discretisation 0.15m, 0.05m, 0.15m, at 5.81408e-07 secs (iteration 9860; magnetic fields at 5.81379e-07 secs) with field outputs Ex, Ey, Ez, Hx, Hy, Hz  and filename snap09860.h5 will be created.
Snapshot from 13.5m, 0m, 8m, to 22.5m, 0.05m, 28.1m, discretisation 0.15m, 0.05m, 0.15m, at 5.81998e-07 secs (iteration 9870; magnetic fields at 5.81968e-07 secs) with field outputs Ex, Ey, Ez, Hx, Hy, Hz  and filename snap09870.h5 will be created.
Snapshot from 13.5m, 0m, 8m, to 22.5m, 0.05m, 28.1m, discretisation 0.15m, 0.05m, 0.15m, at 5.82588e-07 secs (iteration 9880; magnetic fields at 5.82558e-07 secs) with field outputs Ex, Ey, Ez, Hx, Hy, Hz  and filename snap09880.h5 will be created.
Snapshot from 13.5m, 0m, 8m, to 22.5m, 0.05m, 28.1m, discretisation 0.15m, 0.05m, 0.15m, at 5.83177e-07 secs (iteration 9890; magnetic fields at 5.83148e-07 secs) with field outputs Ex, Ey, Ez, Hx, Hy, Hz  and filename snap09890.h5 will be created.
Snapshot from 13.5m, 0m, 8m, to 22.5m, 0.05m, 28.1m, discretisation 0.15m, 0.05m, 0.15m, at 5.83767e-07 secs (iteration 9900; magnetic fields at 5.83737e-07 secs) with field outputs Ex, Ey, Ez, Hx, Hy, Hz  and filename snap09900.h5 will be created.
Snapshot from 13.5m, 0m, 8m, to 22.5m, 0.05m, 28.1m, discretisation 0.15m, 0.05m, 0.15m, at 5.84357e-07 secs (iteration 9910; magnetic fields at 5.84327e-07 secs) with field outputs Ex, Ey, Ez, Hx, Hy, Hz  and filename snap09910.h5 will be created.
Snapshot from 13.5m, 0m, 8m, to 22.5m, 0.05m, 28.1m, discretisation 0.15m, 0.05m, 0.15m, at 5.84946e-07 secs (iteration 9920; magnetic fields at 5.84917e-07 secs) with field outputs Ex, Ey, Ez, Hx, Hy, Hz  and filename snap09920.h5 will be created.
Snapshot from 13.5m, 0m, 8m, to 22.5m, 0.05m, 28.1m, discretisation 0.15m, 0.05m, 0.15m, at 5.85536e-07 secs (iteration 9930; magnetic fields at 5.85506e-07 secs) with field outputs Ex, Ey, Ez, Hx, Hy, Hz  and filename snap09930.h5 will be created.
Snapshot from 13.5m, 0m, 8m, to 22.5m, 0.05m, 28.1m, discretisation 0.15m, 0.05m, 0.15m, at 5.86126e-07 secs (iteration 9940; magnetic fields at 5.86096e-07 secs) with field outputs Ex, Ey, Ez, Hx, Hy, Hz  and filename snap09940.h5 will be created.
Snapshot from 13.5m, 0m, 8m, to 22.5m, 0.05m, 28.1m, discretisation 0.15m, 0.05m, 0.15m, at 5.86715e-07 secs (iteration 9950; magnetic fields at 5.86686e-07 secs) with field outputs Ex, Ey, Ez, Hx, Hy, Hz  and filename snap09950.h5 will be created.
Snapshot from 13.5m, 0m, 8m, to 22.5m, 0.05m, 28.1m, discretisation 0.15m, 0.05m, 0.15m, at 5.87305e-07 secs (iteration 9960; magnetic fields at 5.87275e-07 secs) with field outputs Ex, Ey, Ez, Hx, Hy, Hz  and filename snap09960.h5 will be created.
Snapshot from 13.5m, 0m, 8m, to 22.5m, 0.05m, 28.1m, discretisation 0.15m, 0.05m, 0.15m, at 5.87895e-07 secs (iteration 9970; magnetic fields at 5.87865e-07 secs) with field outputs Ex, Ey, Ez, Hx, Hy, Hz  and filename snap09970.h5 will be created.
Snapshot from 13.5m, 0m, 8m, to 22.5m, 0.05m, 28.1m, discretisation 0.15m, 0.05m, 0.15m, at 5.88484e-07 secs (iteration 9980; magnetic fields at 5.88455e-07 secs) with field outputs Ex, Ey, Ez, Hx, Hy, Hz  and filename snap09980.h5 will be created.
Snapshot from 13.5m, 0m, 8m, to 22.5m, 0.05m, 28.1m, discretisation 0.15m, 0.05m, 0.15m, at 5.89074e-07 secs (iteration 9990; magnetic fields at 5.89044e-07 secs) with field outputs Ex, Ey, Ez, Hx, Hy, Hz  and filename snap09990.h5 will be created.
Snapshot from 13.5m, 0m, 8m, to 22.5m, 0.05m, 28.1m, discretisation 0.15m, 0.05m, 0.15m, at 5.89664e-07 secs (iteration 10000; magnetic fields at 5.89634e-07 secs) with field outputs Ex, Ey, Ez, Hx, Hy, Hz  and filename snap10000.h5 will be created.
Snapshot from 13.5m, 0m, 8m, to 22.5m, 0.05m, 28.1m, discretisation 0.15m, 0.05m, 0.15m, at 5.90253e-07 secs (iteration 10010; magnetic fields at 5.90224e-07 secs) with field outputs Ex, Ey, Ez, Hx, Hy, Hz  and filename snap10010.h5 will be created.
Snapshot from 13.5m, 0m, 8m, to 22.5m, 0.05m, 28.1m, discretisation 0.15m, 0.05m, 0.15m, at 5.90843e-07 secs (iteration 10020; magnetic fields at 5.90813e-07 secs) with field outputs Ex, Ey, Ez, Hx, Hy, Hz  and filename snap10020.h5 will be created.
Snapshot from 13.5m, 0m, 8m, to 22.5m, 0.05m, 28.1m, discretisation 0.15m, 0.05m, 0.15m, at 5.91433e-07 secs (iteration 10030; magnetic fields at 5.91403e-07 secs) with field outputs Ex, Ey, Ez, Hx, Hy, Hz  and filename snap10030.h5 will be created.
Snapshot from 13.5m, 0m, 8m, to 22.5m, 0.05m, 28.1m, discretisation 0.15m, 0.05m, 0.15m, at 5.92022e-07 secs (iteration 10040; magnetic fields at 5.91993e-07 secs) with field outputs Ex, Ey, Ez, Hx, Hy, Hz  and filename snap10040.h5 will be created.
Snapshot from 13.5m, 0m, 8m, to 22.5m, 0.05m, 28.1m, discretisation 0.15m, 0.05m, 0.15m, at 5.92612e-07 secs (iteration 10050; magnetic fields at 5.92582e-07 secs) with field outputs Ex, Ey, Ez, Hx, Hy, Hz  and filename snap10050.h5 will be created.
Snapshot from 13.5m, 0m, 8m, to 22.5m, 0.05m, 28.1m, discretisation 0.15m, 0.05m, 0.15m, at 5.93202e-07 secs (iteration 10060; magnetic fields at 5.93172e-07 secs) with field outputs Ex, Ey, Ez, Hx, Hy, Hz  and filename snap10060.h5 will be created.
Snapshot from 13.5m, 0m, 8m, to 22.5m, 0.05m, 28.1m, discretisation 0.15m, 0.05m, 0.15m, at 5.93791e-07 secs (iteration 10070; magnetic fields at 5.93762e-07 secs) with field outputs Ex, Ey, Ez, Hx, Hy, Hz  and filename snap10070.h5 will be created.
Snapshot from 13.5m, 0m, 8m, to 22.5m, 0.05m, 28.1m, discretisation 0.15m, 0.05m, 0.15m, at 5.94381e-07 secs (iteration 10080; magnetic fields at 5.94351e-07 secs) with field outputs Ex, Ey, Ez, Hx, Hy, Hz  and filename snap10080.h5 will be created.
Snapshot from 13.5m, 0m, 8m, to 22.5m, 0.05m, 28.1m, discretisation 0.15m, 0.05m, 0.15m, at 5.94971e-07 secs (iteration 10090; magnetic fields at 5.94941e-07 secs) with field outputs Ex, Ey, Ez, Hx, Hy, Hz  and filename snap10090.h5 will be created.
Snapshot from 13.5m, 0m, 8m, to 22.5m, 0.05m, 28.1m, discretisation 0.15m, 0.05m, 0.15m, at 5.9556e-07 secs (iteration 10100; magnetic fields at 5.95531e-07 secs) with field outputs Ex, Ey, Ez, Hx, Hy, Hz  and filename snap10100.h5 will be created.
Snapshot from 13.5m, 0m, 8m, to 22.5m, 0.05m, 28.1m, discretisation 0.15m, 0.05m, 0.15m, at 5.9615e-07 secs (iteration 10110; magnetic fields at 5.9612e-07 secs) with field outputs Ex, Ey, Ez, Hx, Hy, Hz  and filename snap10110.h5 will be created.
Snapshot from 13.5m, 0m, 8m, to 22.5m, 0.05m, 28.1m, discretisation 0.15m, 0.05m, 0.15m, at 5.9674e-07 secs (iteration 10120; magnetic fields at 5.9671e-07 secs) with field outputs Ex, Ey, Ez, Hx, Hy, Hz  and filename snap10120.h5 will be created.
Snapshot from 13.5m, 0m, 8m, to 22.5m, 0.05m, 28.1m, discretisation 0.15m, 0.05m, 0.15m, at 5.97329e-07 secs (iteration 10130; magnetic fields at 5.973e-07 secs) with field outputs Ex, Ey, Ez, Hx, Hy, Hz  and filename snap10130.h5 will be created.
Snapshot from 13.5m, 0m, 8m, to 22.5m, 0.05m, 28.1m, discretisation 0.15m, 0.05m, 0.15m, at 5.97919e-07 secs (iteration 10140; magnetic fields at 5.97889e-07 secs) with field outputs Ex, Ey, Ez, Hx, Hy, Hz  and filename snap10140.h5 will be created.
Snapshot from 13.5m, 0m, 8m, to 22.5m, 0.05m, 28.1m, discretisation 0.15m, 0.05m, 0.15m, at 5.98509e-07 secs (iteration 10150; magnetic fields at 5.98479e-07 secs) with field outputs Ex, Ey, Ez, Hx, Hy, Hz  and filename snap10150.h5 will be created.
Snapshot from 13.5m, 0m, 8m, to 22.5m, 0.05m, 28.1m, discretisation 0.15m, 0.05m, 0.15m, at 5.99098e-07 secs (iteration 10160; magnetic fields at 5.99069e-07 secs) with field outputs Ex, Ey, Ez, Hx, Hy, Hz  and filename snap10160.h5 will be created.
Snapshot from 13.5m, 0m, 8m, to 22.5m, 0.05m, 28.1m, discretisation 0.15m, 0.05m, 0.15m, at 5.99688e-07 secs (iteration 10170; magnetic fields at 5.99658e-07 secs) with field outputs Ex, Ey, Ez, Hx, Hy, Hz  and filename snap10170.h5 will be created.
Geometry view from 0m, 0m, 0m, to 36m, 0.05m, 33m, discretisation 0.025m, 0.05m, 0.025m, with filename base hs4t2d_geom created.
Box from 0m, 0m, 0m, to 36m, 0.05m, 12m of material(s) rock created, dielectric smoothing is on.
Box from 12m, 0m, 8.85m, to 12.25m, 0.05m, 12m of material(s) cover created, dielectric smoothing is off.
Box from 12.25m, 0m, 8.85m, to 12.5m, 0.05m, 12m of material(s) cover created, dielectric smoothing is off.
Box from 12.5m, 0m, 8.85m, to 12.75m, 0.05m, 12m of material(s) cover created, dielectric smoothing is off.
Box from 12.75m, 0m, 8.85m, to 13m, 0.05m, 12m of material(s) cover created, dielectric smoothing is off.
Box from 13m, 0m, 8.85m, to 13.25m, 0.05m, 12m of material(s) cover created, dielectric smoothing is off.
Box from 13.25m, 0m, 8.75m, to 13.5m, 0.05m, 12m of material(s) cover created, dielectric smoothing is off.
Box from 13.5m, 0m, 8.75m, to 13.75m, 0.05m, 12m of material(s) cover created, dielectric smoothing is off.
Box from 13.75m, 0m, 8.65m, to 14m, 0.05m, 12m of material(s) cover created, dielectric smoothing is off.
Box from 14m, 0m, 8.65m, to 14.25m, 0.05m, 12m of material(s) cover created, dielectric smoothing is off.
Box from 14.25m, 0m, 8.65m, to 14.5m, 0.05m, 12m of material(s) cover created, dielectric smoothing is off.
Box from 14.5m, 0m, 8.65m, to 14.75m, 0.05m, 12m of material(s) cover created, dielectric smoothing is off.
Box from 14.75m, 0m, 8.75m, to 15m, 0.05m, 12m of material(s) cover created, dielectric smoothing is off.
Box from 15m, 0m, 8.75m, to 15.25m, 0.05m, 12m of material(s) cover created, dielectric smoothing is off.
Box from 15.25m, 0m, 8.85m, to 15.5m, 0.05m, 12m of material(s) cover created, dielectric smoothing is off.
Box from 15.5m, 0m, 8.95m, to 15.75m, 0.05m, 12m of material(s) cover created, dielectric smoothing is off.
Box from 15.75m, 0m, 9.05m, to 16m, 0.05m, 12m of material(s) cover created, dielectric smoothing is off.
Box from 16m, 0m, 9.15m, to 16.25m, 0.05m, 12m of material(s) cover created, dielectric smoothing is off.
Box from 16.25m, 0m, 9.25m, to 16.5m, 0.05m, 12m of material(s) cover created, dielectric smoothing is off.
Box from 16.5m, 0m, 9.35m, to 16.75m, 0.05m, 12m of material(s) cover created, dielectric smoothing is off.
Box from 16.75m, 0m, 9.35m, to 17m, 0.05m, 12m of material(s) cover created, dielectric smoothing is off.
Box from 17m, 0m, 9.45m, to 17.25m, 0.05m, 12m of material(s) cover created, dielectric smoothing is off.
Box from 17.25m, 0m, 9.45m, to 17.5m, 0.05m, 12m of material(s) cover created, dielectric smoothing is off.
Box from 17.5m, 0m, 9.45m, to 17.75m, 0.05m, 12m of material(s) cover created, dielectric smoothing is off.
Box from 17.75m, 0m, 9.45m, to 18m, 0.05m, 12m of material(s) cover created, dielectric smoothing is off.
Box from 18m, 0m, 9.45m, to 18.25m, 0.05m, 12m of material(s) cover created, dielectric smoothing is off.
Box from 18.25m, 0m, 9.45m, to 18.5m, 0.05m, 12m of material(s) cover created, dielectric smoothing is off.
Box from 18.5m, 0m, 9.35m, to 18.75m, 0.05m, 12m of material(s) cover created, dielectric smoothing is off.
Box from 18.75m, 0m, 9.35m, to 19m, 0.05m, 12m of material(s) cover created, dielectric smoothing is off.
Box from 19m, 0m, 9.25m, to 19.25m, 0.05m, 12m of material(s) cover created, dielectric smoothing is off.
Box from 19.25m, 0m, 9.25m, to 19.5m, 0.05m, 12m of material(s) cover created, dielectric smoothing is off.
Box from 19.5m, 0m, 9.15m, to 19.75m, 0.05m, 12m of material(s) cover created, dielectric smoothing is off.
Box from 19.75m, 0m, 9.05m, to 20m, 0.05m, 12m of material(s) cover created, dielectric smoothing is off.
Box from 20m, 0m, 9.05m, to 20.25m, 0.05m, 12m of material(s) cover created, dielectric smoothing is off.
Box from 20.25m, 0m, 8.95m, to 20.5m, 0.05m, 12m of material(s) cover created, dielectric smoothing is off.
Box from 20.5m, 0m, 8.95m, to 20.75m, 0.05m, 12m of material(s) cover created, dielectric smoothing is off.
Box from 20.75m, 0m, 8.95m, to 21m, 0.05m, 12m of material(s) cover created, dielectric smoothing is off.
Box from 21m, 0m, 8.95m, to 21.25m, 0.05m, 12m of material(s) cover created, dielectric smoothing is off.
Box from 21.25m, 0m, 8.95m, to 21.5m, 0.05m, 12m of material(s) cover created, dielectric smoothing is off.
Box from 21.5m, 0m, 8.95m, to 21.75m, 0.05m, 12m of material(s) cover created, dielectric smoothing is off.
Box from 21.75m, 0m, 8.95m, to 22m, 0.05m, 12m of material(s) cover created, dielectric smoothing is off.
Box from 22m, 0m, 9.05m, to 22.25m, 0.05m, 12m of material(s) cover created, dielectric smoothing is off.
Box from 22.25m, 0m, 9.15m, to 22.5m, 0.05m, 12m of material(s) cover created, dielectric smoothing is off.
Box from 22.5m, 0m, 9.15m, to 22.75m, 0.05m, 12m of material(s) cover created, dielectric smoothing is off.
Box from 22.75m, 0m, 9.25m, to 23m, 0.05m, 12m of material(s) cover created, dielectric smoothing is off.
Box from 23m, 0m, 9.25m, to 23.25m, 0.05m, 12m of material(s) cover created, dielectric smoothing is off.
Box from 23.25m, 0m, 9.25m, to 23.5m, 0.05m, 12m of material(s) cover created, dielectric smoothing is off.
Box from 23.5m, 0m, 9.25m, to 23.75m, 0.05m, 12m of material(s) cover created, dielectric smoothing is off.
Box from 23.75m, 0m, 9.25m, to 24m, 0.05m, 12m of material(s) cover created, dielectric smoothing is off.
Box from 0m, 0m, 8.85m, to 12m, 0.05m, 12m of material(s) cover created, dielectric smoothing is off.
Box from 24m, 0m, 9.25m, to 36m, 0.05m, 12m of material(s) cover created, dielectric smoothing is off.

--- Model 1/1, input file: D:\自动处理\artifacts\research_checks\2026-10-04_hs4_height_wavefield_continuation\low_rough\profile.in 


Memory required (estimated): ~500.6 MB [main_grid] + ~65.0 MB overhead = 565.6 MB

PML boundaries [main_grid]: {formulation: HORIPML, order: 1, thickness (cells): x0: 80, y0: 0, z0: 40, xmax: 80, ymax: 0, zmax: 40}


Materials [main_grid]:
    |            |         |        | sigma | Delta | tau        | omega | delta | gamma |      | sigma*  | Dielectric 
 ID | Name       | Type    | eps_r  | [S/m] | eps_r | [s]        | [Hz]  | [Hz]  | [Hz]  | mu_r | [Ohm/m] | smoothable 
----+------------+---------+--------+-------+-------+------------+-------+-------+-------+------+---------+------------
  0 | pec        | builtin | 1      | inf   |       |            |       |       |       | 1    | 0       | False      
  1 | pmc        | builtin | 1      | 0     |       |            |       |       |       | 1    | inf     | False      
  2 | free_space | builtin | 1      | 0     |       |            |       |       |       | 1    | 0       | True       
  3 | rock       |         | 9      | 0.001 |       |            |       |       |       | 1    | 0       | True       
  4 | cover      | debye   | 18.017 | 0.003 | 7.878 | 6.4567e-09 |       |       |       | 1    | 0       | False      

Spatial-resolution analysis [main_grid]: minimum 10.5 cells per phase wavelength in 'cover', at 2.68655e+08 Hz.
[main_grid] continuum phase velocity 7.04772e+07 m/s, wavelength 0.262334 m at that limiting frequency.
[main_grid] minimum 1/e amplitude attenuation length: 65.9 cells in 'cover' at 2.68655e+08 Hz. Attenuation resolution is separate from phase-wavelength sampling.
Lossless numerical dispersion estimate [main_grid]: grid-axis phase-velocity error -0.04% in 'free_space' at 2.68655e+08 Hz. Propagation axis: x. This is a homogeneous bulk estimate, not an interface or stability guarantee.
Numerical dispersion analysis [main_grid]: lossy, dispersive or anisotropic materials: numerical phase-error estimate unavailable.
Output directory: D:\自动处理\artifacts\research_checks\2026-10-04_hs4_height_wavefield_continuation\low_rough




Model 1/1 solving on DESKTOP-DGLCK4J with CUDA backend using Device 0: NVIDIA GeForce RTX 3060 Laptop GPU

Written output file: profile.h5


Snapshot directory: D:\自动处理\artifacts\research_checks\2026-10-04_hs4_height_wavefield_continuation\low_rough\profile_snaps

Memory used (estimated): ~557.6 MB host + ~1.9 GB device
Time taken: 13.8797 seconds

=== Simulation completed in 1 minute and 15.0482 seconds =======================

