
=== Electromagnetic modelling software based on the Finite-Difference Time-Domain (FDTD) method 

    www.gprmax.com   __  __
     __ _ _ __  _ __|  \/  | __ ___  __
    / _` | '_ \| '__| |\/| |/ _` \ \/ /
   | (_| | |_) | |  | |  | | (_| |>  <
    \__, | .__/|_|  |_|  |_|\__,_/_/\_\\
    |___/|_|
                     v4.0.0 (Caol Ila)

 Copyright (C) 2015-2026: The University of Edinburgh, United Kingdom

 gprMax is free software: you can redistribute it and/or modify it under the
  terms of the GNU General Public License as published by the Free Software
  Foundation, either version 3 of the License, or (at your option) any later
  version.
 gprMax is distributed in the hope that it will be useful, but WITHOUT ANY
  WARRANTY; without even the implied warranty of MERCHANTABILITY or FITNESS FOR
  A PARTICULAR PURPOSE.  See the GNU General Public License for more details.
 You should have received a copy of the GNU General Public License along with
  gprMax.  If not, see www.gnu.org/licenses.

LAPTOP-83GRKUNE | unknown unknown | unknown x unknown (16 cores, 32 cores with Hyper-Threading) | 63.2 GiB | Windows 11 (64-bit)
|--->OpenMP: 16 threads
|--->CUDA:
     |--->Device 0: NVIDIA GeForce RTX 4090 Laptop GPU | 16.0 GiB
Constants/variables used/available for Python scripting: {c: 299792458.0, current_model_run: 1, e0: 8.8541878188e-12, inputfile: E:\automation_djh\artifacts\research_checks\2026-10-05_slope_fine2m_snaps260_r1\slope_rough_s06\profile.in, m0: 1.25663706127e-06, number_model_runs: 1, z0: 376.7303134118051}

Model title: 2D gentle-slope fine grid extended-window snapshots; slope_rough; tx=18; terrain-follow 2m AGL
Spatial discretisation: 0.0125 x 0.05 x 0.0125m
Domain size: 36 x 0.05 x 31.5m (2880 x 1 x 2520 = 7.2576e+06 cells)
#domain: 36.0 0.05 31.5 detected a 2D model from a 1-cell-thick axis (legacy, implicit style) - consider declaring '#domain_mode: TM' explicitly with 'inf' on that axis in '#domain' instead, which also supports TE mode.
Mode: 2D TMy
Time step (at CFL limit): 2.94832e-11 secs
Time window: 2.6e-07 secs (8820 iterations)
Simulation will use 2 OpenMP threads
PML thickness: x0=160, y0=0, z0=80, xmax=160, ymax=0, zmax=80
Waveform pulse of type ricker with maximum amplitude scaling 80, frequency 1e+08Hz created.
Hertzian dipole with polarity y at 18m, 0m, 22.5m, using waveform pulse created.
Receiver at 19.3m, 0m, 22.5m with output component(s) Ey created.
Material rock with eps_r=9, sigma=0.001 S/m; mu_r=1, sigma*=0 Ohm/m created.
Material cover with eps_r=11, sigma=0.001 S/m; mu_r=1, sigma*=0 Ohm/m created.
Debye disperion added to cover with delta_eps_r=0.50, and tau=6.457e-09 secs created.
PML formulation set to HORIPML
Snapshot from 8m, 0m, 14m, to 28.1m, 0.05m, 31.4m, discretisation 0.15m, 0.05m, 0.15m, at 0 secs (iteration 0; magnetic fields at -1.47416e-11 secs) with field outputs Ex, Ey, Ez, Hx, Hy, Hz  and filename snap0000.h5 will be created.
Snapshot from 8m, 0m, 14m, to 28.1m, 0.05m, 31.4m, discretisation 0.15m, 0.05m, 0.15m, at 1.00243e-09 secs (iteration 34; magnetic fields at 9.87687e-10 secs) with field outputs Ex, Ey, Ez, Hx, Hy, Hz  and filename snap0001.h5 will be created.
Snapshot from 8m, 0m, 14m, to 28.1m, 0.05m, 31.4m, discretisation 0.15m, 0.05m, 0.15m, at 2.00486e-09 secs (iteration 68; magnetic fields at 1.99011e-09 secs) with field outputs Ex, Ey, Ez, Hx, Hy, Hz  and filename snap0002.h5 will be created.
Snapshot from 8m, 0m, 14m, to 28.1m, 0.05m, 31.4m, discretisation 0.15m, 0.05m, 0.15m, at 3.00728e-09 secs (iteration 102; magnetic fields at 2.99254e-09 secs) with field outputs Ex, Ey, Ez, Hx, Hy, Hz  and filename snap0003.h5 will be created.
Snapshot from 8m, 0m, 14m, to 28.1m, 0.05m, 31.4m, discretisation 0.15m, 0.05m, 0.15m, at 4.00971e-09 secs (iteration 136; magnetic fields at 3.99497e-09 secs) with field outputs Ex, Ey, Ez, Hx, Hy, Hz  and filename snap0004.h5 will be created.
Snapshot from 8m, 0m, 14m, to 28.1m, 0.05m, 31.4m, discretisation 0.15m, 0.05m, 0.15m, at 5.01214e-09 secs (iteration 170; magnetic fields at 4.9974e-09 secs) with field outputs Ex, Ey, Ez, Hx, Hy, Hz  and filename snap0005.h5 will be created.
Snapshot from 8m, 0m, 14m, to 28.1m, 0.05m, 31.4m, discretisation 0.15m, 0.05m, 0.15m, at 6.01457e-09 secs (iteration 204; magnetic fields at 5.99983e-09 secs) with field outputs Ex, Ey, Ez, Hx, Hy, Hz  and filename snap0006.h5 will be created.
Snapshot from 8m, 0m, 14m, to 28.1m, 0.05m, 31.4m, discretisation 0.15m, 0.05m, 0.15m, at 7.017e-09 secs (iteration 238; magnetic fields at 7.00226e-09 secs) with field outputs Ex, Ey, Ez, Hx, Hy, Hz  and filename snap0007.h5 will be created.
Snapshot from 8m, 0m, 14m, to 28.1m, 0.05m, 31.4m, discretisation 0.15m, 0.05m, 0.15m, at 8.01942e-09 secs (iteration 272; magnetic fields at 8.00468e-09 secs) with field outputs Ex, Ey, Ez, Hx, Hy, Hz  and filename snap0008.h5 will be created.
Snapshot from 8m, 0m, 14m, to 28.1m, 0.05m, 31.4m, discretisation 0.15m, 0.05m, 0.15m, at 9.02185e-09 secs (iteration 306; magnetic fields at 9.00711e-09 secs) with field outputs Ex, Ey, Ez, Hx, Hy, Hz  and filename snap0009.h5 will be created.
Snapshot from 8m, 0m, 14m, to 28.1m, 0.05m, 31.4m, discretisation 0.15m, 0.05m, 0.15m, at 1.00243e-08 secs (iteration 340; magnetic fields at 1.00095e-08 secs) with field outputs Ex, Ey, Ez, Hx, Hy, Hz  and filename snap0010.h5 will be created.
Snapshot from 8m, 0m, 14m, to 28.1m, 0.05m, 31.4m, discretisation 0.15m, 0.05m, 0.15m, at 1.10267e-08 secs (iteration 374; magnetic fields at 1.1012e-08 secs) with field outputs Ex, Ey, Ez, Hx, Hy, Hz  and filename snap0011.h5 will be created.
Snapshot from 8m, 0m, 14m, to 28.1m, 0.05m, 31.4m, discretisation 0.15m, 0.05m, 0.15m, at 1.20291e-08 secs (iteration 408; magnetic fields at 1.20144e-08 secs) with field outputs Ex, Ey, Ez, Hx, Hy, Hz  and filename snap0012.h5 will be created.
Snapshot from 8m, 0m, 14m, to 28.1m, 0.05m, 31.4m, discretisation 0.15m, 0.05m, 0.15m, at 1.30316e-08 secs (iteration 442; magnetic fields at 1.30168e-08 secs) with field outputs Ex, Ey, Ez, Hx, Hy, Hz  and filename snap0013.h5 will be created.
Snapshot from 8m, 0m, 14m, to 28.1m, 0.05m, 31.4m, discretisation 0.15m, 0.05m, 0.15m, at 1.4034e-08 secs (iteration 476; magnetic fields at 1.40193e-08 secs) with field outputs Ex, Ey, Ez, Hx, Hy, Hz  and filename snap0014.h5 will be created.
Snapshot from 8m, 0m, 14m, to 28.1m, 0.05m, 31.4m, discretisation 0.15m, 0.05m, 0.15m, at 1.50364e-08 secs (iteration 510; magnetic fields at 1.50217e-08 secs) with field outputs Ex, Ey, Ez, Hx, Hy, Hz  and filename snap0015.h5 will be created.
Snapshot from 8m, 0m, 14m, to 28.1m, 0.05m, 31.4m, discretisation 0.15m, 0.05m, 0.15m, at 1.60388e-08 secs (iteration 544; magnetic fields at 1.60241e-08 secs) with field outputs Ex, Ey, Ez, Hx, Hy, Hz  and filename snap0016.h5 will be created.
Snapshot from 8m, 0m, 14m, to 28.1m, 0.05m, 31.4m, discretisation 0.15m, 0.05m, 0.15m, at 1.70413e-08 secs (iteration 578; magnetic fields at 1.70265e-08 secs) with field outputs Ex, Ey, Ez, Hx, Hy, Hz  and filename snap0017.h5 will be created.
Snapshot from 8m, 0m, 14m, to 28.1m, 0.05m, 31.4m, discretisation 0.15m, 0.05m, 0.15m, at 1.80437e-08 secs (iteration 612; magnetic fields at 1.8029e-08 secs) with field outputs Ex, Ey, Ez, Hx, Hy, Hz  and filename snap0018.h5 will be created.
Snapshot from 8m, 0m, 14m, to 28.1m, 0.05m, 31.4m, discretisation 0.15m, 0.05m, 0.15m, at 1.90461e-08 secs (iteration 646; magnetic fields at 1.90314e-08 secs) with field outputs Ex, Ey, Ez, Hx, Hy, Hz  and filename snap0019.h5 will be created.
Snapshot from 8m, 0m, 14m, to 28.1m, 0.05m, 31.4m, discretisation 0.15m, 0.05m, 0.15m, at 2.00486e-08 secs (iteration 680; magnetic fields at 2.00338e-08 secs) with field outputs Ex, Ey, Ez, Hx, Hy, Hz  and filename snap0020.h5 will be created.
Snapshot from 8m, 0m, 14m, to 28.1m, 0.05m, 31.4m, discretisation 0.15m, 0.05m, 0.15m, at 2.1051e-08 secs (iteration 714; magnetic fields at 2.10362e-08 secs) with field outputs Ex, Ey, Ez, Hx, Hy, Hz  and filename snap0021.h5 will be created.
Snapshot from 8m, 0m, 14m, to 28.1m, 0.05m, 31.4m, discretisation 0.15m, 0.05m, 0.15m, at 2.20534e-08 secs (iteration 748; magnetic fields at 2.20387e-08 secs) with field outputs Ex, Ey, Ez, Hx, Hy, Hz  and filename snap0022.h5 will be created.
Snapshot from 8m, 0m, 14m, to 28.1m, 0.05m, 31.4m, discretisation 0.15m, 0.05m, 0.15m, at 2.30558e-08 secs (iteration 782; magnetic fields at 2.30411e-08 secs) with field outputs Ex, Ey, Ez, Hx, Hy, Hz  and filename snap0023.h5 will be created.
Snapshot from 8m, 0m, 14m, to 28.1m, 0.05m, 31.4m, discretisation 0.15m, 0.05m, 0.15m, at 2.40583e-08 secs (iteration 816; magnetic fields at 2.40435e-08 secs) with field outputs Ex, Ey, Ez, Hx, Hy, Hz  and filename snap0024.h5 will be created.
Snapshot from 8m, 0m, 14m, to 28.1m, 0.05m, 31.4m, discretisation 0.15m, 0.05m, 0.15m, at 2.50607e-08 secs (iteration 850; magnetic fields at 2.5046e-08 secs) with field outputs Ex, Ey, Ez, Hx, Hy, Hz  and filename snap0025.h5 will be created.
Snapshot from 8m, 0m, 14m, to 28.1m, 0.05m, 31.4m, discretisation 0.15m, 0.05m, 0.15m, at 2.60631e-08 secs (iteration 884; magnetic fields at 2.60484e-08 secs) with field outputs Ex, Ey, Ez, Hx, Hy, Hz  and filename snap0026.h5 will be created.
Snapshot from 8m, 0m, 14m, to 28.1m, 0.05m, 31.4m, discretisation 0.15m, 0.05m, 0.15m, at 2.70656e-08 secs (iteration 918; magnetic fields at 2.70508e-08 secs) with field outputs Ex, Ey, Ez, Hx, Hy, Hz  and filename snap0027.h5 will be created.
Snapshot from 8m, 0m, 14m, to 28.1m, 0.05m, 31.4m, discretisation 0.15m, 0.05m, 0.15m, at 2.8068e-08 secs (iteration 952; magnetic fields at 2.80532e-08 secs) with field outputs Ex, Ey, Ez, Hx, Hy, Hz  and filename snap0028.h5 will be created.
Snapshot from 8m, 0m, 14m, to 28.1m, 0.05m, 31.4m, discretisation 0.15m, 0.05m, 0.15m, at 2.90704e-08 secs (iteration 986; magnetic fields at 2.90557e-08 secs) with field outputs Ex, Ey, Ez, Hx, Hy, Hz  and filename snap0029.h5 will be created.
Snapshot from 8m, 0m, 14m, to 28.1m, 0.05m, 31.4m, discretisation 0.15m, 0.05m, 0.15m, at 3.00728e-08 secs (iteration 1020; magnetic fields at 3.00581e-08 secs) with field outputs Ex, Ey, Ez, Hx, Hy, Hz  and filename snap0030.h5 will be created.
Snapshot from 8m, 0m, 14m, to 28.1m, 0.05m, 31.4m, discretisation 0.15m, 0.05m, 0.15m, at 3.10753e-08 secs (iteration 1054; magnetic fields at 3.10605e-08 secs) with field outputs Ex, Ey, Ez, Hx, Hy, Hz  and filename snap0031.h5 will be created.
Snapshot from 8m, 0m, 14m, to 28.1m, 0.05m, 31.4m, discretisation 0.15m, 0.05m, 0.15m, at 3.20777e-08 secs (iteration 1088; magnetic fields at 3.2063e-08 secs) with field outputs Ex, Ey, Ez, Hx, Hy, Hz  and filename snap0032.h5 will be created.
Snapshot from 8m, 0m, 14m, to 28.1m, 0.05m, 31.4m, discretisation 0.15m, 0.05m, 0.15m, at 3.30801e-08 secs (iteration 1122; magnetic fields at 3.30654e-08 secs) with field outputs Ex, Ey, Ez, Hx, Hy, Hz  and filename snap0033.h5 will be created.
Snapshot from 8m, 0m, 14m, to 28.1m, 0.05m, 31.4m, discretisation 0.15m, 0.05m, 0.15m, at 3.40826e-08 secs (iteration 1156; magnetic fields at 3.40678e-08 secs) with field outputs Ex, Ey, Ez, Hx, Hy, Hz  and filename snap0034.h5 will be created.
Snapshot from 8m, 0m, 14m, to 28.1m, 0.05m, 31.4m, discretisation 0.15m, 0.05m, 0.15m, at 3.5085e-08 secs (iteration 1190; magnetic fields at 3.50702e-08 secs) with field outputs Ex, Ey, Ez, Hx, Hy, Hz  and filename snap0035.h5 will be created.
Snapshot from 8m, 0m, 14m, to 28.1m, 0.05m, 31.4m, discretisation 0.15m, 0.05m, 0.15m, at 3.60874e-08 secs (iteration 1224; magnetic fields at 3.60727e-08 secs) with field outputs Ex, Ey, Ez, Hx, Hy, Hz  and filename snap0036.h5 will be created.
Snapshot from 8m, 0m, 14m, to 28.1m, 0.05m, 31.4m, discretisation 0.15m, 0.05m, 0.15m, at 3.70898e-08 secs (iteration 1258; magnetic fields at 3.70751e-08 secs) with field outputs Ex, Ey, Ez, Hx, Hy, Hz  and filename snap0037.h5 will be created.
Snapshot from 8m, 0m, 14m, to 28.1m, 0.05m, 31.4m, discretisation 0.15m, 0.05m, 0.15m, at 3.80923e-08 secs (iteration 1292; magnetic fields at 3.80775e-08 secs) with field outputs Ex, Ey, Ez, Hx, Hy, Hz  and filename snap0038.h5 will be created.
Snapshot from 8m, 0m, 14m, to 28.1m, 0.05m, 31.4m, discretisation 0.15m, 0.05m, 0.15m, at 3.90947e-08 secs (iteration 1326; magnetic fields at 3.908e-08 secs) with field outputs Ex, Ey, Ez, Hx, Hy, Hz  and filename snap0039.h5 will be created.
Snapshot from 8m, 0m, 14m, to 28.1m, 0.05m, 31.4m, discretisation 0.15m, 0.05m, 0.15m, at 4.00971e-08 secs (iteration 1360; magnetic fields at 4.00824e-08 secs) with field outputs Ex, Ey, Ez, Hx, Hy, Hz  and filename snap0040.h5 will be created.
Snapshot from 8m, 0m, 14m, to 28.1m, 0.05m, 31.4m, discretisation 0.15m, 0.05m, 0.15m, at 4.10996e-08 secs (iteration 1394; magnetic fields at 4.10848e-08 secs) with field outputs Ex, Ey, Ez, Hx, Hy, Hz  and filename snap0041.h5 will be created.
Snapshot from 8m, 0m, 14m, to 28.1m, 0.05m, 31.4m, discretisation 0.15m, 0.05m, 0.15m, at 4.2102e-08 secs (iteration 1428; magnetic fields at 4.20872e-08 secs) with field outputs Ex, Ey, Ez, Hx, Hy, Hz  and filename snap0042.h5 will be created.
Snapshot from 8m, 0m, 14m, to 28.1m, 0.05m, 31.4m, discretisation 0.15m, 0.05m, 0.15m, at 4.31044e-08 secs (iteration 1462; magnetic fields at 4.30897e-08 secs) with field outputs Ex, Ey, Ez, Hx, Hy, Hz  and filename snap0043.h5 will be created.
Snapshot from 8m, 0m, 14m, to 28.1m, 0.05m, 31.4m, discretisation 0.15m, 0.05m, 0.15m, at 4.41068e-08 secs (iteration 1496; magnetic fields at 4.40921e-08 secs) with field outputs Ex, Ey, Ez, Hx, Hy, Hz  and filename snap0044.h5 will be created.
Snapshot from 8m, 0m, 14m, to 28.1m, 0.05m, 31.4m, discretisation 0.15m, 0.05m, 0.15m, at 4.51093e-08 secs (iteration 1530; magnetic fields at 4.50945e-08 secs) with field outputs Ex, Ey, Ez, Hx, Hy, Hz  and filename snap0045.h5 will be created.
Snapshot from 8m, 0m, 14m, to 28.1m, 0.05m, 31.4m, discretisation 0.15m, 0.05m, 0.15m, at 4.61117e-08 secs (iteration 1564; magnetic fields at 4.6097e-08 secs) with field outputs Ex, Ey, Ez, Hx, Hy, Hz  and filename snap0046.h5 will be created.
Snapshot from 8m, 0m, 14m, to 28.1m, 0.05m, 31.4m, discretisation 0.15m, 0.05m, 0.15m, at 4.71141e-08 secs (iteration 1598; magnetic fields at 4.70994e-08 secs) with field outputs Ex, Ey, Ez, Hx, Hy, Hz  and filename snap0047.h5 will be created.
Snapshot from 8m, 0m, 14m, to 28.1m, 0.05m, 31.4m, discretisation 0.15m, 0.05m, 0.15m, at 4.81165e-08 secs (iteration 1632; magnetic fields at 4.81018e-08 secs) with field outputs Ex, Ey, Ez, Hx, Hy, Hz  and filename snap0048.h5 will be created.
Snapshot from 8m, 0m, 14m, to 28.1m, 0.05m, 31.4m, discretisation 0.15m, 0.05m, 0.15m, at 4.9119e-08 secs (iteration 1666; magnetic fields at 4.91042e-08 secs) with field outputs Ex, Ey, Ez, Hx, Hy, Hz  and filename snap0049.h5 will be created.
Snapshot from 8m, 0m, 14m, to 28.1m, 0.05m, 31.4m, discretisation 0.15m, 0.05m, 0.15m, at 5.01214e-08 secs (iteration 1700; magnetic fields at 5.01067e-08 secs) with field outputs Ex, Ey, Ez, Hx, Hy, Hz  and filename snap0050.h5 will be created.
Snapshot from 8m, 0m, 14m, to 28.1m, 0.05m, 31.4m, discretisation 0.15m, 0.05m, 0.15m, at 5.11238e-08 secs (iteration 1734; magnetic fields at 5.11091e-08 secs) with field outputs Ex, Ey, Ez, Hx, Hy, Hz  and filename snap0051.h5 will be created.
Snapshot from 8m, 0m, 14m, to 28.1m, 0.05m, 31.4m, discretisation 0.15m, 0.05m, 0.15m, at 5.21263e-08 secs (iteration 1768; magnetic fields at 5.21115e-08 secs) with field outputs Ex, Ey, Ez, Hx, Hy, Hz  and filename snap0052.h5 will be created.
Snapshot from 8m, 0m, 14m, to 28.1m, 0.05m, 31.4m, discretisation 0.15m, 0.05m, 0.15m, at 5.31287e-08 secs (iteration 1802; magnetic fields at 5.31139e-08 secs) with field outputs Ex, Ey, Ez, Hx, Hy, Hz  and filename snap0053.h5 will be created.
Snapshot from 8m, 0m, 14m, to 28.1m, 0.05m, 31.4m, discretisation 0.15m, 0.05m, 0.15m, at 5.41311e-08 secs (iteration 1836; magnetic fields at 5.41164e-08 secs) with field outputs Ex, Ey, Ez, Hx, Hy, Hz  and filename snap0054.h5 will be created.
Snapshot from 8m, 0m, 14m, to 28.1m, 0.05m, 31.4m, discretisation 0.15m, 0.05m, 0.15m, at 5.51335e-08 secs (iteration 1870; magnetic fields at 5.51188e-08 secs) with field outputs Ex, Ey, Ez, Hx, Hy, Hz  and filename snap0055.h5 will be created.
Snapshot from 8m, 0m, 14m, to 28.1m, 0.05m, 31.4m, discretisation 0.15m, 0.05m, 0.15m, at 5.6136e-08 secs (iteration 1904; magnetic fields at 5.61212e-08 secs) with field outputs Ex, Ey, Ez, Hx, Hy, Hz  and filename snap0056.h5 will be created.
Snapshot from 8m, 0m, 14m, to 28.1m, 0.05m, 31.4m, discretisation 0.15m, 0.05m, 0.15m, at 5.71384e-08 secs (iteration 1938; magnetic fields at 5.71237e-08 secs) with field outputs Ex, Ey, Ez, Hx, Hy, Hz  and filename snap0057.h5 will be created.
Snapshot from 8m, 0m, 14m, to 28.1m, 0.05m, 31.4m, discretisation 0.15m, 0.05m, 0.15m, at 5.81408e-08 secs (iteration 1972; magnetic fields at 5.81261e-08 secs) with field outputs Ex, Ey, Ez, Hx, Hy, Hz  and filename snap0058.h5 will be created.
Snapshot from 8m, 0m, 14m, to 28.1m, 0.05m, 31.4m, discretisation 0.15m, 0.05m, 0.15m, at 5.91433e-08 secs (iteration 2006; magnetic fields at 5.91285e-08 secs) with field outputs Ex, Ey, Ez, Hx, Hy, Hz  and filename snap0059.h5 will be created.
Snapshot from 8m, 0m, 14m, to 28.1m, 0.05m, 31.4m, discretisation 0.15m, 0.05m, 0.15m, at 6.01457e-08 secs (iteration 2040; magnetic fields at 6.01309e-08 secs) with field outputs Ex, Ey, Ez, Hx, Hy, Hz  and filename snap0060.h5 will be created.
Snapshot from 8m, 0m, 14m, to 28.1m, 0.05m, 31.4m, discretisation 0.15m, 0.05m, 0.15m, at 6.11481e-08 secs (iteration 2074; magnetic fields at 6.11334e-08 secs) with field outputs Ex, Ey, Ez, Hx, Hy, Hz  and filename snap0061.h5 will be created.
Snapshot from 8m, 0m, 14m, to 28.1m, 0.05m, 31.4m, discretisation 0.15m, 0.05m, 0.15m, at 6.21505e-08 secs (iteration 2108; magnetic fields at 6.21358e-08 secs) with field outputs Ex, Ey, Ez, Hx, Hy, Hz  and filename snap0062.h5 will be created.
Snapshot from 8m, 0m, 14m, to 28.1m, 0.05m, 31.4m, discretisation 0.15m, 0.05m, 0.15m, at 6.3153e-08 secs (iteration 2142; magnetic fields at 6.31382e-08 secs) with field outputs Ex, Ey, Ez, Hx, Hy, Hz  and filename snap0063.h5 will be created.
Snapshot from 8m, 0m, 14m, to 28.1m, 0.05m, 31.4m, discretisation 0.15m, 0.05m, 0.15m, at 6.41554e-08 secs (iteration 2176; magnetic fields at 6.41407e-08 secs) with field outputs Ex, Ey, Ez, Hx, Hy, Hz  and filename snap0064.h5 will be created.
Snapshot from 8m, 0m, 14m, to 28.1m, 0.05m, 31.4m, discretisation 0.15m, 0.05m, 0.15m, at 6.51578e-08 secs (iteration 2210; magnetic fields at 6.51431e-08 secs) with field outputs Ex, Ey, Ez, Hx, Hy, Hz  and filename snap0065.h5 will be created.
Snapshot from 8m, 0m, 14m, to 28.1m, 0.05m, 31.4m, discretisation 0.15m, 0.05m, 0.15m, at 6.61603e-08 secs (iteration 2244; magnetic fields at 6.61455e-08 secs) with field outputs Ex, Ey, Ez, Hx, Hy, Hz  and filename snap0066.h5 will be created.
Snapshot from 8m, 0m, 14m, to 28.1m, 0.05m, 31.4m, discretisation 0.15m, 0.05m, 0.15m, at 6.71627e-08 secs (iteration 2278; magnetic fields at 6.71479e-08 secs) with field outputs Ex, Ey, Ez, Hx, Hy, Hz  and filename snap0067.h5 will be created.
Snapshot from 8m, 0m, 14m, to 28.1m, 0.05m, 31.4m, discretisation 0.15m, 0.05m, 0.15m, at 6.81651e-08 secs (iteration 2312; magnetic fields at 6.81504e-08 secs) with field outputs Ex, Ey, Ez, Hx, Hy, Hz  and filename snap0068.h5 will be created.
Snapshot from 8m, 0m, 14m, to 28.1m, 0.05m, 31.4m, discretisation 0.15m, 0.05m, 0.15m, at 6.91675e-08 secs (iteration 2346; magnetic fields at 6.91528e-08 secs) with field outputs Ex, Ey, Ez, Hx, Hy, Hz  and filename snap0069.h5 will be created.
Snapshot from 8m, 0m, 14m, to 28.1m, 0.05m, 31.4m, discretisation 0.15m, 0.05m, 0.15m, at 7.017e-08 secs (iteration 2380; magnetic fields at 7.01552e-08 secs) with field outputs Ex, Ey, Ez, Hx, Hy, Hz  and filename snap0070.h5 will be created.
Snapshot from 8m, 0m, 14m, to 28.1m, 0.05m, 31.4m, discretisation 0.15m, 0.05m, 0.15m, at 7.11724e-08 secs (iteration 2414; magnetic fields at 7.11577e-08 secs) with field outputs Ex, Ey, Ez, Hx, Hy, Hz  and filename snap0071.h5 will be created.
Snapshot from 8m, 0m, 14m, to 28.1m, 0.05m, 31.4m, discretisation 0.15m, 0.05m, 0.15m, at 7.21748e-08 secs (iteration 2448; magnetic fields at 7.21601e-08 secs) with field outputs Ex, Ey, Ez, Hx, Hy, Hz  and filename snap0072.h5 will be created.
Snapshot from 8m, 0m, 14m, to 28.1m, 0.05m, 31.4m, discretisation 0.15m, 0.05m, 0.15m, at 7.31773e-08 secs (iteration 2482; magnetic fields at 7.31625e-08 secs) with field outputs Ex, Ey, Ez, Hx, Hy, Hz  and filename snap0073.h5 will be created.
Snapshot from 8m, 0m, 14m, to 28.1m, 0.05m, 31.4m, discretisation 0.15m, 0.05m, 0.15m, at 7.41797e-08 secs (iteration 2516; magnetic fields at 7.41649e-08 secs) with field outputs Ex, Ey, Ez, Hx, Hy, Hz  and filename snap0074.h5 will be created.
Snapshot from 8m, 0m, 14m, to 28.1m, 0.05m, 31.4m, discretisation 0.15m, 0.05m, 0.15m, at 7.51821e-08 secs (iteration 2550; magnetic fields at 7.51674e-08 secs) with field outputs Ex, Ey, Ez, Hx, Hy, Hz  and filename snap0075.h5 will be created.
Snapshot from 8m, 0m, 14m, to 28.1m, 0.05m, 31.4m, discretisation 0.15m, 0.05m, 0.15m, at 7.61845e-08 secs (iteration 2584; magnetic fields at 7.61698e-08 secs) with field outputs Ex, Ey, Ez, Hx, Hy, Hz  and filename snap0076.h5 will be created.
Snapshot from 8m, 0m, 14m, to 28.1m, 0.05m, 31.4m, discretisation 0.15m, 0.05m, 0.15m, at 7.7187e-08 secs (iteration 2618; magnetic fields at 7.71722e-08 secs) with field outputs Ex, Ey, Ez, Hx, Hy, Hz  and filename snap0077.h5 will be created.
Snapshot from 8m, 0m, 14m, to 28.1m, 0.05m, 31.4m, discretisation 0.15m, 0.05m, 0.15m, at 7.81894e-08 secs (iteration 2652; magnetic fields at 7.81746e-08 secs) with field outputs Ex, Ey, Ez, Hx, Hy, Hz  and filename snap0078.h5 will be created.
Snapshot from 8m, 0m, 14m, to 28.1m, 0.05m, 31.4m, discretisation 0.15m, 0.05m, 0.15m, at 7.91918e-08 secs (iteration 2686; magnetic fields at 7.91771e-08 secs) with field outputs Ex, Ey, Ez, Hx, Hy, Hz  and filename snap0079.h5 will be created.
Snapshot from 8m, 0m, 14m, to 28.1m, 0.05m, 31.4m, discretisation 0.15m, 0.05m, 0.15m, at 8.01942e-08 secs (iteration 2720; magnetic fields at 8.01795e-08 secs) with field outputs Ex, Ey, Ez, Hx, Hy, Hz  and filename snap0080.h5 will be created.
Snapshot from 8m, 0m, 14m, to 28.1m, 0.05m, 31.4m, discretisation 0.15m, 0.05m, 0.15m, at 8.11967e-08 secs (iteration 2754; magnetic fields at 8.11819e-08 secs) with field outputs Ex, Ey, Ez, Hx, Hy, Hz  and filename snap0081.h5 will be created.
Snapshot from 8m, 0m, 14m, to 28.1m, 0.05m, 31.4m, discretisation 0.15m, 0.05m, 0.15m, at 8.21991e-08 secs (iteration 2788; magnetic fields at 8.21844e-08 secs) with field outputs Ex, Ey, Ez, Hx, Hy, Hz  and filename snap0082.h5 will be created.
Snapshot from 8m, 0m, 14m, to 28.1m, 0.05m, 31.4m, discretisation 0.15m, 0.05m, 0.15m, at 8.32015e-08 secs (iteration 2822; magnetic fields at 8.31868e-08 secs) with field outputs Ex, Ey, Ez, Hx, Hy, Hz  and filename snap0083.h5 will be created.
Snapshot from 8m, 0m, 14m, to 28.1m, 0.05m, 31.4m, discretisation 0.15m, 0.05m, 0.15m, at 8.4204e-08 secs (iteration 2856; magnetic fields at 8.41892e-08 secs) with field outputs Ex, Ey, Ez, Hx, Hy, Hz  and filename snap0084.h5 will be created.
Snapshot from 8m, 0m, 14m, to 28.1m, 0.05m, 31.4m, discretisation 0.15m, 0.05m, 0.15m, at 8.52064e-08 secs (iteration 2890; magnetic fields at 8.51916e-08 secs) with field outputs Ex, Ey, Ez, Hx, Hy, Hz  and filename snap0085.h5 will be created.
Snapshot from 8m, 0m, 14m, to 28.1m, 0.05m, 31.4m, discretisation 0.15m, 0.05m, 0.15m, at 8.62088e-08 secs (iteration 2924; magnetic fields at 8.61941e-08 secs) with field outputs Ex, Ey, Ez, Hx, Hy, Hz  and filename snap0086.h5 will be created.
Snapshot from 8m, 0m, 14m, to 28.1m, 0.05m, 31.4m, discretisation 0.15m, 0.05m, 0.15m, at 8.72112e-08 secs (iteration 2958; magnetic fields at 8.71965e-08 secs) with field outputs Ex, Ey, Ez, Hx, Hy, Hz  and filename snap0087.h5 will be created.
Snapshot from 8m, 0m, 14m, to 28.1m, 0.05m, 31.4m, discretisation 0.15m, 0.05m, 0.15m, at 8.82137e-08 secs (iteration 2992; magnetic fields at 8.81989e-08 secs) with field outputs Ex, Ey, Ez, Hx, Hy, Hz  and filename snap0088.h5 will be created.
Snapshot from 8m, 0m, 14m, to 28.1m, 0.05m, 31.4m, discretisation 0.15m, 0.05m, 0.15m, at 8.92161e-08 secs (iteration 3026; magnetic fields at 8.92014e-08 secs) with field outputs Ex, Ey, Ez, Hx, Hy, Hz  and filename snap0089.h5 will be created.
Snapshot from 8m, 0m, 14m, to 28.1m, 0.05m, 31.4m, discretisation 0.15m, 0.05m, 0.15m, at 9.02185e-08 secs (iteration 3060; magnetic fields at 9.02038e-08 secs) with field outputs Ex, Ey, Ez, Hx, Hy, Hz  and filename snap0090.h5 will be created.
Snapshot from 8m, 0m, 14m, to 28.1m, 0.05m, 31.4m, discretisation 0.15m, 0.05m, 0.15m, at 9.1221e-08 secs (iteration 3094; magnetic fields at 9.12062e-08 secs) with field outputs Ex, Ey, Ez, Hx, Hy, Hz  and filename snap0091.h5 will be created.
Snapshot from 8m, 0m, 14m, to 28.1m, 0.05m, 31.4m, discretisation 0.15m, 0.05m, 0.15m, at 9.22234e-08 secs (iteration 3128; magnetic fields at 9.22086e-08 secs) with field outputs Ex, Ey, Ez, Hx, Hy, Hz  and filename snap0092.h5 will be created.
Snapshot from 8m, 0m, 14m, to 28.1m, 0.05m, 31.4m, discretisation 0.15m, 0.05m, 0.15m, at 9.32258e-08 secs (iteration 3162; magnetic fields at 9.32111e-08 secs) with field outputs Ex, Ey, Ez, Hx, Hy, Hz  and filename snap0093.h5 will be created.
Snapshot from 8m, 0m, 14m, to 28.1m, 0.05m, 31.4m, discretisation 0.15m, 0.05m, 0.15m, at 9.42282e-08 secs (iteration 3196; magnetic fields at 9.42135e-08 secs) with field outputs Ex, Ey, Ez, Hx, Hy, Hz  and filename snap0094.h5 will be created.
Snapshot from 8m, 0m, 14m, to 28.1m, 0.05m, 31.4m, discretisation 0.15m, 0.05m, 0.15m, at 9.52307e-08 secs (iteration 3230; magnetic fields at 9.52159e-08 secs) with field outputs Ex, Ey, Ez, Hx, Hy, Hz  and filename snap0095.h5 will be created.
Snapshot from 8m, 0m, 14m, to 28.1m, 0.05m, 31.4m, discretisation 0.15m, 0.05m, 0.15m, at 9.62331e-08 secs (iteration 3264; magnetic fields at 9.62184e-08 secs) with field outputs Ex, Ey, Ez, Hx, Hy, Hz  and filename snap0096.h5 will be created.
Snapshot from 8m, 0m, 14m, to 28.1m, 0.05m, 31.4m, discretisation 0.15m, 0.05m, 0.15m, at 9.72355e-08 secs (iteration 3298; magnetic fields at 9.72208e-08 secs) with field outputs Ex, Ey, Ez, Hx, Hy, Hz  and filename snap0097.h5 will be created.
Snapshot from 8m, 0m, 14m, to 28.1m, 0.05m, 31.4m, discretisation 0.15m, 0.05m, 0.15m, at 9.8238e-08 secs (iteration 3332; magnetic fields at 9.82232e-08 secs) with field outputs Ex, Ey, Ez, Hx, Hy, Hz  and filename snap0098.h5 will be created.
Snapshot from 8m, 0m, 14m, to 28.1m, 0.05m, 31.4m, discretisation 0.15m, 0.05m, 0.15m, at 9.92404e-08 secs (iteration 3366; magnetic fields at 9.92256e-08 secs) with field outputs Ex, Ey, Ez, Hx, Hy, Hz  and filename snap0099.h5 will be created.
Snapshot from 8m, 0m, 14m, to 28.1m, 0.05m, 31.4m, discretisation 0.15m, 0.05m, 0.15m, at 1.00243e-07 secs (iteration 3400; magnetic fields at 1.00228e-07 secs) with field outputs Ex, Ey, Ez, Hx, Hy, Hz  and filename snap0100.h5 will be created.
Snapshot from 8m, 0m, 14m, to 28.1m, 0.05m, 31.4m, discretisation 0.15m, 0.05m, 0.15m, at 1.01245e-07 secs (iteration 3434; magnetic fields at 1.0123e-07 secs) with field outputs Ex, Ey, Ez, Hx, Hy, Hz  and filename snap0101.h5 will be created.
Snapshot from 8m, 0m, 14m, to 28.1m, 0.05m, 31.4m, discretisation 0.15m, 0.05m, 0.15m, at 1.02248e-07 secs (iteration 3468; magnetic fields at 1.02233e-07 secs) with field outputs Ex, Ey, Ez, Hx, Hy, Hz  and filename snap0102.h5 will be created.
Snapshot from 8m, 0m, 14m, to 28.1m, 0.05m, 31.4m, discretisation 0.15m, 0.05m, 0.15m, at 1.0325e-07 secs (iteration 3502; magnetic fields at 1.03235e-07 secs) with field outputs Ex, Ey, Ez, Hx, Hy, Hz  and filename snap0103.h5 will be created.
Snapshot from 8m, 0m, 14m, to 28.1m, 0.05m, 31.4m, discretisation 0.15m, 0.05m, 0.15m, at 1.04253e-07 secs (iteration 3536; magnetic fields at 1.04238e-07 secs) with field outputs Ex, Ey, Ez, Hx, Hy, Hz  and filename snap0104.h5 will be created.
Snapshot from 8m, 0m, 14m, to 28.1m, 0.05m, 31.4m, discretisation 0.15m, 0.05m, 0.15m, at 1.05255e-07 secs (iteration 3570; magnetic fields at 1.0524e-07 secs) with field outputs Ex, Ey, Ez, Hx, Hy, Hz  and filename snap0105.h5 will be created.
Snapshot from 8m, 0m, 14m, to 28.1m, 0.05m, 31.4m, discretisation 0.15m, 0.05m, 0.15m, at 1.06257e-07 secs (iteration 3604; magnetic fields at 1.06243e-07 secs) with field outputs Ex, Ey, Ez, Hx, Hy, Hz  and filename snap0106.h5 will be created.
Snapshot from 8m, 0m, 14m, to 28.1m, 0.05m, 31.4m, discretisation 0.15m, 0.05m, 0.15m, at 1.0726e-07 secs (iteration 3638; magnetic fields at 1.07245e-07 secs) with field outputs Ex, Ey, Ez, Hx, Hy, Hz  and filename snap0107.h5 will be created.
Snapshot from 8m, 0m, 14m, to 28.1m, 0.05m, 31.4m, discretisation 0.15m, 0.05m, 0.15m, at 1.08262e-07 secs (iteration 3672; magnetic fields at 1.08247e-07 secs) with field outputs Ex, Ey, Ez, Hx, Hy, Hz  and filename snap0108.h5 will be created.
Snapshot from 8m, 0m, 14m, to 28.1m, 0.05m, 31.4m, discretisation 0.15m, 0.05m, 0.15m, at 1.09265e-07 secs (iteration 3706; magnetic fields at 1.0925e-07 secs) with field outputs Ex, Ey, Ez, Hx, Hy, Hz  and filename snap0109.h5 will be created.
Snapshot from 8m, 0m, 14m, to 28.1m, 0.05m, 31.4m, discretisation 0.15m, 0.05m, 0.15m, at 1.10267e-07 secs (iteration 3740; magnetic fields at 1.10252e-07 secs) with field outputs Ex, Ey, Ez, Hx, Hy, Hz  and filename snap0110.h5 will be created.
Snapshot from 8m, 0m, 14m, to 28.1m, 0.05m, 31.4m, discretisation 0.15m, 0.05m, 0.15m, at 1.1127e-07 secs (iteration 3774; magnetic fields at 1.11255e-07 secs) with field outputs Ex, Ey, Ez, Hx, Hy, Hz  and filename snap0111.h5 will be created.
Snapshot from 8m, 0m, 14m, to 28.1m, 0.05m, 31.4m, discretisation 0.15m, 0.05m, 0.15m, at 1.12272e-07 secs (iteration 3808; magnetic fields at 1.12257e-07 secs) with field outputs Ex, Ey, Ez, Hx, Hy, Hz  and filename snap0112.h5 will be created.
Snapshot from 8m, 0m, 14m, to 28.1m, 0.05m, 31.4m, discretisation 0.15m, 0.05m, 0.15m, at 1.13274e-07 secs (iteration 3842; magnetic fields at 1.1326e-07 secs) with field outputs Ex, Ey, Ez, Hx, Hy, Hz  and filename snap0113.h5 will be created.
Snapshot from 8m, 0m, 14m, to 28.1m, 0.05m, 31.4m, discretisation 0.15m, 0.05m, 0.15m, at 1.14277e-07 secs (iteration 3876; magnetic fields at 1.14262e-07 secs) with field outputs Ex, Ey, Ez, Hx, Hy, Hz  and filename snap0114.h5 will be created.
Snapshot from 8m, 0m, 14m, to 28.1m, 0.05m, 31.4m, discretisation 0.15m, 0.05m, 0.15m, at 1.15279e-07 secs (iteration 3910; magnetic fields at 1.15264e-07 secs) with field outputs Ex, Ey, Ez, Hx, Hy, Hz  and filename snap0115.h5 will be created.
Snapshot from 8m, 0m, 14m, to 28.1m, 0.05m, 31.4m, discretisation 0.15m, 0.05m, 0.15m, at 1.16282e-07 secs (iteration 3944; magnetic fields at 1.16267e-07 secs) with field outputs Ex, Ey, Ez, Hx, Hy, Hz  and filename snap0116.h5 will be created.
Snapshot from 8m, 0m, 14m, to 28.1m, 0.05m, 31.4m, discretisation 0.15m, 0.05m, 0.15m, at 1.17284e-07 secs (iteration 3978; magnetic fields at 1.17269e-07 secs) with field outputs Ex, Ey, Ez, Hx, Hy, Hz  and filename snap0117.h5 will be created.
Snapshot from 8m, 0m, 14m, to 28.1m, 0.05m, 31.4m, discretisation 0.15m, 0.05m, 0.15m, at 1.18287e-07 secs (iteration 4012; magnetic fields at 1.18272e-07 secs) with field outputs Ex, Ey, Ez, Hx, Hy, Hz  and filename snap0118.h5 will be created.
Snapshot from 8m, 0m, 14m, to 28.1m, 0.05m, 31.4m, discretisation 0.15m, 0.05m, 0.15m, at 1.19289e-07 secs (iteration 4046; magnetic fields at 1.19274e-07 secs) with field outputs Ex, Ey, Ez, Hx, Hy, Hz  and filename snap0119.h5 will be created.
Snapshot from 8m, 0m, 14m, to 28.1m, 0.05m, 31.4m, discretisation 0.15m, 0.05m, 0.15m, at 1.20291e-07 secs (iteration 4080; magnetic fields at 1.20277e-07 secs) with field outputs Ex, Ey, Ez, Hx, Hy, Hz  and filename snap0120.h5 will be created.
Snapshot from 8m, 0m, 14m, to 28.1m, 0.05m, 31.4m, discretisation 0.15m, 0.05m, 0.15m, at 1.21294e-07 secs (iteration 4114; magnetic fields at 1.21279e-07 secs) with field outputs Ex, Ey, Ez, Hx, Hy, Hz  and filename snap0121.h5 will be created.
Snapshot from 8m, 0m, 14m, to 28.1m, 0.05m, 31.4m, discretisation 0.15m, 0.05m, 0.15m, at 1.22296e-07 secs (iteration 4148; magnetic fields at 1.22281e-07 secs) with field outputs Ex, Ey, Ez, Hx, Hy, Hz  and filename snap0122.h5 will be created.
Snapshot from 8m, 0m, 14m, to 28.1m, 0.05m, 31.4m, discretisation 0.15m, 0.05m, 0.15m, at 1.23299e-07 secs (iteration 4182; magnetic fields at 1.23284e-07 secs) with field outputs Ex, Ey, Ez, Hx, Hy, Hz  and filename snap0123.h5 will be created.
Snapshot from 8m, 0m, 14m, to 28.1m, 0.05m, 31.4m, discretisation 0.15m, 0.05m, 0.15m, at 1.24301e-07 secs (iteration 4216; magnetic fields at 1.24286e-07 secs) with field outputs Ex, Ey, Ez, Hx, Hy, Hz  and filename snap0124.h5 will be created.
Snapshot from 8m, 0m, 14m, to 28.1m, 0.05m, 31.4m, discretisation 0.15m, 0.05m, 0.15m, at 1.25304e-07 secs (iteration 4250; magnetic fields at 1.25289e-07 secs) with field outputs Ex, Ey, Ez, Hx, Hy, Hz  and filename snap0125.h5 will be created.
Snapshot from 8m, 0m, 14m, to 28.1m, 0.05m, 31.4m, discretisation 0.15m, 0.05m, 0.15m, at 1.26306e-07 secs (iteration 4284; magnetic fields at 1.26291e-07 secs) with field outputs Ex, Ey, Ez, Hx, Hy, Hz  and filename snap0126.h5 will be created.
Snapshot from 8m, 0m, 14m, to 28.1m, 0.05m, 31.4m, discretisation 0.15m, 0.05m, 0.15m, at 1.27308e-07 secs (iteration 4318; magnetic fields at 1.27294e-07 secs) with field outputs Ex, Ey, Ez, Hx, Hy, Hz  and filename snap0127.h5 will be created.
Snapshot from 8m, 0m, 14m, to 28.1m, 0.05m, 31.4m, discretisation 0.15m, 0.05m, 0.15m, at 1.28311e-07 secs (iteration 4352; magnetic fields at 1.28296e-07 secs) with field outputs Ex, Ey, Ez, Hx, Hy, Hz  and filename snap0128.h5 will be created.
Snapshot from 8m, 0m, 14m, to 28.1m, 0.05m, 31.4m, discretisation 0.15m, 0.05m, 0.15m, at 1.29313e-07 secs (iteration 4386; magnetic fields at 1.29298e-07 secs) with field outputs Ex, Ey, Ez, Hx, Hy, Hz  and filename snap0129.h5 will be created.
Snapshot from 8m, 0m, 14m, to 28.1m, 0.05m, 31.4m, discretisation 0.15m, 0.05m, 0.15m, at 1.30316e-07 secs (iteration 4420; magnetic fields at 1.30301e-07 secs) with field outputs Ex, Ey, Ez, Hx, Hy, Hz  and filename snap0130.h5 will be created.
Snapshot from 8m, 0m, 14m, to 28.1m, 0.05m, 31.4m, discretisation 0.15m, 0.05m, 0.15m, at 1.31318e-07 secs (iteration 4454; magnetic fields at 1.31303e-07 secs) with field outputs Ex, Ey, Ez, Hx, Hy, Hz  and filename snap0131.h5 will be created.
Snapshot from 8m, 0m, 14m, to 28.1m, 0.05m, 31.4m, discretisation 0.15m, 0.05m, 0.15m, at 1.32321e-07 secs (iteration 4488; magnetic fields at 1.32306e-07 secs) with field outputs Ex, Ey, Ez, Hx, Hy, Hz  and filename snap0132.h5 will be created.
Snapshot from 8m, 0m, 14m, to 28.1m, 0.05m, 31.4m, discretisation 0.15m, 0.05m, 0.15m, at 1.33323e-07 secs (iteration 4522; magnetic fields at 1.33308e-07 secs) with field outputs Ex, Ey, Ez, Hx, Hy, Hz  and filename snap0133.h5 will be created.
Snapshot from 8m, 0m, 14m, to 28.1m, 0.05m, 31.4m, discretisation 0.15m, 0.05m, 0.15m, at 1.34325e-07 secs (iteration 4556; magnetic fields at 1.34311e-07 secs) with field outputs Ex, Ey, Ez, Hx, Hy, Hz  and filename snap0134.h5 will be created.
Snapshot from 8m, 0m, 14m, to 28.1m, 0.05m, 31.4m, discretisation 0.15m, 0.05m, 0.15m, at 1.35328e-07 secs (iteration 4590; magnetic fields at 1.35313e-07 secs) with field outputs Ex, Ey, Ez, Hx, Hy, Hz  and filename snap0135.h5 will be created.
Snapshot from 8m, 0m, 14m, to 28.1m, 0.05m, 31.4m, discretisation 0.15m, 0.05m, 0.15m, at 1.3633e-07 secs (iteration 4624; magnetic fields at 1.36315e-07 secs) with field outputs Ex, Ey, Ez, Hx, Hy, Hz  and filename snap0136.h5 will be created.
Snapshot from 8m, 0m, 14m, to 28.1m, 0.05m, 31.4m, discretisation 0.15m, 0.05m, 0.15m, at 1.37333e-07 secs (iteration 4658; magnetic fields at 1.37318e-07 secs) with field outputs Ex, Ey, Ez, Hx, Hy, Hz  and filename snap0137.h5 will be created.
Snapshot from 8m, 0m, 14m, to 28.1m, 0.05m, 31.4m, discretisation 0.15m, 0.05m, 0.15m, at 1.38335e-07 secs (iteration 4692; magnetic fields at 1.3832e-07 secs) with field outputs Ex, Ey, Ez, Hx, Hy, Hz  and filename snap0138.h5 will be created.
Snapshot from 8m, 0m, 14m, to 28.1m, 0.05m, 31.4m, discretisation 0.15m, 0.05m, 0.15m, at 1.39338e-07 secs (iteration 4726; magnetic fields at 1.39323e-07 secs) with field outputs Ex, Ey, Ez, Hx, Hy, Hz  and filename snap0139.h5 will be created.
Snapshot from 8m, 0m, 14m, to 28.1m, 0.05m, 31.4m, discretisation 0.15m, 0.05m, 0.15m, at 1.4034e-07 secs (iteration 4760; magnetic fields at 1.40325e-07 secs) with field outputs Ex, Ey, Ez, Hx, Hy, Hz  and filename snap0140.h5 will be created.
Snapshot from 8m, 0m, 14m, to 28.1m, 0.05m, 31.4m, discretisation 0.15m, 0.05m, 0.15m, at 1.41342e-07 secs (iteration 4794; magnetic fields at 1.41328e-07 secs) with field outputs Ex, Ey, Ez, Hx, Hy, Hz  and filename snap0141.h5 will be created.
Snapshot from 8m, 0m, 14m, to 28.1m, 0.05m, 31.4m, discretisation 0.15m, 0.05m, 0.15m, at 1.42345e-07 secs (iteration 4828; magnetic fields at 1.4233e-07 secs) with field outputs Ex, Ey, Ez, Hx, Hy, Hz  and filename snap0142.h5 will be created.
Snapshot from 8m, 0m, 14m, to 28.1m, 0.05m, 31.4m, discretisation 0.15m, 0.05m, 0.15m, at 1.43347e-07 secs (iteration 4862; magnetic fields at 1.43332e-07 secs) with field outputs Ex, Ey, Ez, Hx, Hy, Hz  and filename snap0143.h5 will be created.
Snapshot from 8m, 0m, 14m, to 28.1m, 0.05m, 31.4m, discretisation 0.15m, 0.05m, 0.15m, at 1.4435e-07 secs (iteration 4896; magnetic fields at 1.44335e-07 secs) with field outputs Ex, Ey, Ez, Hx, Hy, Hz  and filename snap0144.h5 will be created.
Snapshot from 8m, 0m, 14m, to 28.1m, 0.05m, 31.4m, discretisation 0.15m, 0.05m, 0.15m, at 1.45352e-07 secs (iteration 4930; magnetic fields at 1.45337e-07 secs) with field outputs Ex, Ey, Ez, Hx, Hy, Hz  and filename snap0145.h5 will be created.
Snapshot from 8m, 0m, 14m, to 28.1m, 0.05m, 31.4m, discretisation 0.15m, 0.05m, 0.15m, at 1.46355e-07 secs (iteration 4964; magnetic fields at 1.4634e-07 secs) with field outputs Ex, Ey, Ez, Hx, Hy, Hz  and filename snap0146.h5 will be created.
Snapshot from 8m, 0m, 14m, to 28.1m, 0.05m, 31.4m, discretisation 0.15m, 0.05m, 0.15m, at 1.47357e-07 secs (iteration 4998; magnetic fields at 1.47342e-07 secs) with field outputs Ex, Ey, Ez, Hx, Hy, Hz  and filename snap0147.h5 will be created.
Snapshot from 8m, 0m, 14m, to 28.1m, 0.05m, 31.4m, discretisation 0.15m, 0.05m, 0.15m, at 1.48359e-07 secs (iteration 5032; magnetic fields at 1.48345e-07 secs) with field outputs Ex, Ey, Ez, Hx, Hy, Hz  and filename snap0148.h5 will be created.
Snapshot from 8m, 0m, 14m, to 28.1m, 0.05m, 31.4m, discretisation 0.15m, 0.05m, 0.15m, at 1.49362e-07 secs (iteration 5066; magnetic fields at 1.49347e-07 secs) with field outputs Ex, Ey, Ez, Hx, Hy, Hz  and filename snap0149.h5 will be created.
Snapshot from 8m, 0m, 14m, to 28.1m, 0.05m, 31.4m, discretisation 0.15m, 0.05m, 0.15m, at 1.50364e-07 secs (iteration 5100; magnetic fields at 1.50349e-07 secs) with field outputs Ex, Ey, Ez, Hx, Hy, Hz  and filename snap0150.h5 will be created.
Snapshot from 8m, 0m, 14m, to 28.1m, 0.05m, 31.4m, discretisation 0.15m, 0.05m, 0.15m, at 1.51367e-07 secs (iteration 5134; magnetic fields at 1.51352e-07 secs) with field outputs Ex, Ey, Ez, Hx, Hy, Hz  and filename snap0151.h5 will be created.
Snapshot from 8m, 0m, 14m, to 28.1m, 0.05m, 31.4m, discretisation 0.15m, 0.05m, 0.15m, at 1.52369e-07 secs (iteration 5168; magnetic fields at 1.52354e-07 secs) with field outputs Ex, Ey, Ez, Hx, Hy, Hz  and filename snap0152.h5 will be created.
Snapshot from 8m, 0m, 14m, to 28.1m, 0.05m, 31.4m, discretisation 0.15m, 0.05m, 0.15m, at 1.53371e-07 secs (iteration 5202; magnetic fields at 1.53357e-07 secs) with field outputs Ex, Ey, Ez, Hx, Hy, Hz  and filename snap0153.h5 will be created.
Snapshot from 8m, 0m, 14m, to 28.1m, 0.05m, 31.4m, discretisation 0.15m, 0.05m, 0.15m, at 1.54374e-07 secs (iteration 5236; magnetic fields at 1.54359e-07 secs) with field outputs Ex, Ey, Ez, Hx, Hy, Hz  and filename snap0154.h5 will be created.
Snapshot from 8m, 0m, 14m, to 28.1m, 0.05m, 31.4m, discretisation 0.15m, 0.05m, 0.15m, at 1.55376e-07 secs (iteration 5270; magnetic fields at 1.55362e-07 secs) with field outputs Ex, Ey, Ez, Hx, Hy, Hz  and filename snap0155.h5 will be created.
Snapshot from 8m, 0m, 14m, to 28.1m, 0.05m, 31.4m, discretisation 0.15m, 0.05m, 0.15m, at 1.56379e-07 secs (iteration 5304; magnetic fields at 1.56364e-07 secs) with field outputs Ex, Ey, Ez, Hx, Hy, Hz  and filename snap0156.h5 will be created.
Snapshot from 8m, 0m, 14m, to 28.1m, 0.05m, 31.4m, discretisation 0.15m, 0.05m, 0.15m, at 1.57381e-07 secs (iteration 5338; magnetic fields at 1.57366e-07 secs) with field outputs Ex, Ey, Ez, Hx, Hy, Hz  and filename snap0157.h5 will be created.
Snapshot from 8m, 0m, 14m, to 28.1m, 0.05m, 31.4m, discretisation 0.15m, 0.05m, 0.15m, at 1.58384e-07 secs (iteration 5372; magnetic fields at 1.58369e-07 secs) with field outputs Ex, Ey, Ez, Hx, Hy, Hz  and filename snap0158.h5 will be created.
Snapshot from 8m, 0m, 14m, to 28.1m, 0.05m, 31.4m, discretisation 0.15m, 0.05m, 0.15m, at 1.59386e-07 secs (iteration 5406; magnetic fields at 1.59371e-07 secs) with field outputs Ex, Ey, Ez, Hx, Hy, Hz  and filename snap0159.h5 will be created.
Snapshot from 8m, 0m, 14m, to 28.1m, 0.05m, 31.4m, discretisation 0.15m, 0.05m, 0.15m, at 1.60388e-07 secs (iteration 5440; magnetic fields at 1.60374e-07 secs) with field outputs Ex, Ey, Ez, Hx, Hy, Hz  and filename snap0160.h5 will be created.
Snapshot from 8m, 0m, 14m, to 28.1m, 0.05m, 31.4m, discretisation 0.15m, 0.05m, 0.15m, at 1.61391e-07 secs (iteration 5474; magnetic fields at 1.61376e-07 secs) with field outputs Ex, Ey, Ez, Hx, Hy, Hz  and filename snap0161.h5 will be created.
Snapshot from 8m, 0m, 14m, to 28.1m, 0.05m, 31.4m, discretisation 0.15m, 0.05m, 0.15m, at 1.62393e-07 secs (iteration 5508; magnetic fields at 1.62379e-07 secs) with field outputs Ex, Ey, Ez, Hx, Hy, Hz  and filename snap0162.h5 will be created.
Snapshot from 8m, 0m, 14m, to 28.1m, 0.05m, 31.4m, discretisation 0.15m, 0.05m, 0.15m, at 1.63396e-07 secs (iteration 5542; magnetic fields at 1.63381e-07 secs) with field outputs Ex, Ey, Ez, Hx, Hy, Hz  and filename snap0163.h5 will be created.
Snapshot from 8m, 0m, 14m, to 28.1m, 0.05m, 31.4m, discretisation 0.15m, 0.05m, 0.15m, at 1.64398e-07 secs (iteration 5576; magnetic fields at 1.64383e-07 secs) with field outputs Ex, Ey, Ez, Hx, Hy, Hz  and filename snap0164.h5 will be created.
Snapshot from 8m, 0m, 14m, to 28.1m, 0.05m, 31.4m, discretisation 0.15m, 0.05m, 0.15m, at 1.65401e-07 secs (iteration 5610; magnetic fields at 1.65386e-07 secs) with field outputs Ex, Ey, Ez, Hx, Hy, Hz  and filename snap0165.h5 will be created.
Snapshot from 8m, 0m, 14m, to 28.1m, 0.05m, 31.4m, discretisation 0.15m, 0.05m, 0.15m, at 1.66403e-07 secs (iteration 5644; magnetic fields at 1.66388e-07 secs) with field outputs Ex, Ey, Ez, Hx, Hy, Hz  and filename snap0166.h5 will be created.
Snapshot from 8m, 0m, 14m, to 28.1m, 0.05m, 31.4m, discretisation 0.15m, 0.05m, 0.15m, at 1.67405e-07 secs (iteration 5678; magnetic fields at 1.67391e-07 secs) with field outputs Ex, Ey, Ez, Hx, Hy, Hz  and filename snap0167.h5 will be created.
Snapshot from 8m, 0m, 14m, to 28.1m, 0.05m, 31.4m, discretisation 0.15m, 0.05m, 0.15m, at 1.68408e-07 secs (iteration 5712; magnetic fields at 1.68393e-07 secs) with field outputs Ex, Ey, Ez, Hx, Hy, Hz  and filename snap0168.h5 will be created.
Snapshot from 8m, 0m, 14m, to 28.1m, 0.05m, 31.4m, discretisation 0.15m, 0.05m, 0.15m, at 1.6941e-07 secs (iteration 5746; magnetic fields at 1.69396e-07 secs) with field outputs Ex, Ey, Ez, Hx, Hy, Hz  and filename snap0169.h5 will be created.
Snapshot from 8m, 0m, 14m, to 28.1m, 0.05m, 31.4m, discretisation 0.15m, 0.05m, 0.15m, at 1.70413e-07 secs (iteration 5780; magnetic fields at 1.70398e-07 secs) with field outputs Ex, Ey, Ez, Hx, Hy, Hz  and filename snap0170.h5 will be created.
Snapshot from 8m, 0m, 14m, to 28.1m, 0.05m, 31.4m, discretisation 0.15m, 0.05m, 0.15m, at 1.71415e-07 secs (iteration 5814; magnetic fields at 1.714e-07 secs) with field outputs Ex, Ey, Ez, Hx, Hy, Hz  and filename snap0171.h5 will be created.
Snapshot from 8m, 0m, 14m, to 28.1m, 0.05m, 31.4m, discretisation 0.15m, 0.05m, 0.15m, at 1.72418e-07 secs (iteration 5848; magnetic fields at 1.72403e-07 secs) with field outputs Ex, Ey, Ez, Hx, Hy, Hz  and filename snap0172.h5 will be created.
Snapshot from 8m, 0m, 14m, to 28.1m, 0.05m, 31.4m, discretisation 0.15m, 0.05m, 0.15m, at 1.7342e-07 secs (iteration 5882; magnetic fields at 1.73405e-07 secs) with field outputs Ex, Ey, Ez, Hx, Hy, Hz  and filename snap0173.h5 will be created.
Snapshot from 8m, 0m, 14m, to 28.1m, 0.05m, 31.4m, discretisation 0.15m, 0.05m, 0.15m, at 1.74422e-07 secs (iteration 5916; magnetic fields at 1.74408e-07 secs) with field outputs Ex, Ey, Ez, Hx, Hy, Hz  and filename snap0174.h5 will be created.
Snapshot from 8m, 0m, 14m, to 28.1m, 0.05m, 31.4m, discretisation 0.15m, 0.05m, 0.15m, at 1.75425e-07 secs (iteration 5950; magnetic fields at 1.7541e-07 secs) with field outputs Ex, Ey, Ez, Hx, Hy, Hz  and filename snap0175.h5 will be created.
Snapshot from 8m, 0m, 14m, to 28.1m, 0.05m, 31.4m, discretisation 0.15m, 0.05m, 0.15m, at 1.76427e-07 secs (iteration 5984; magnetic fields at 1.76413e-07 secs) with field outputs Ex, Ey, Ez, Hx, Hy, Hz  and filename snap0176.h5 will be created.
Snapshot from 8m, 0m, 14m, to 28.1m, 0.05m, 31.4m, discretisation 0.15m, 0.05m, 0.15m, at 1.7743e-07 secs (iteration 6018; magnetic fields at 1.77415e-07 secs) with field outputs Ex, Ey, Ez, Hx, Hy, Hz  and filename snap0177.h5 will be created.
Snapshot from 8m, 0m, 14m, to 28.1m, 0.05m, 31.4m, discretisation 0.15m, 0.05m, 0.15m, at 1.78432e-07 secs (iteration 6052; magnetic fields at 1.78417e-07 secs) with field outputs Ex, Ey, Ez, Hx, Hy, Hz  and filename snap0178.h5 will be created.
Snapshot from 8m, 0m, 14m, to 28.1m, 0.05m, 31.4m, discretisation 0.15m, 0.05m, 0.15m, at 1.79435e-07 secs (iteration 6086; magnetic fields at 1.7942e-07 secs) with field outputs Ex, Ey, Ez, Hx, Hy, Hz  and filename snap0179.h5 will be created.
Snapshot from 8m, 0m, 14m, to 28.1m, 0.05m, 31.4m, discretisation 0.15m, 0.05m, 0.15m, at 1.80437e-07 secs (iteration 6120; magnetic fields at 1.80422e-07 secs) with field outputs Ex, Ey, Ez, Hx, Hy, Hz  and filename snap0180.h5 will be created.
Snapshot from 8m, 0m, 14m, to 28.1m, 0.05m, 31.4m, discretisation 0.15m, 0.05m, 0.15m, at 1.81439e-07 secs (iteration 6154; magnetic fields at 1.81425e-07 secs) with field outputs Ex, Ey, Ez, Hx, Hy, Hz  and filename snap0181.h5 will be created.
Snapshot from 8m, 0m, 14m, to 28.1m, 0.05m, 31.4m, discretisation 0.15m, 0.05m, 0.15m, at 1.82442e-07 secs (iteration 6188; magnetic fields at 1.82427e-07 secs) with field outputs Ex, Ey, Ez, Hx, Hy, Hz  and filename snap0182.h5 will be created.
Snapshot from 8m, 0m, 14m, to 28.1m, 0.05m, 31.4m, discretisation 0.15m, 0.05m, 0.15m, at 1.83444e-07 secs (iteration 6222; magnetic fields at 1.8343e-07 secs) with field outputs Ex, Ey, Ez, Hx, Hy, Hz  and filename snap0183.h5 will be created.
Snapshot from 8m, 0m, 14m, to 28.1m, 0.05m, 31.4m, discretisation 0.15m, 0.05m, 0.15m, at 1.84447e-07 secs (iteration 6256; magnetic fields at 1.84432e-07 secs) with field outputs Ex, Ey, Ez, Hx, Hy, Hz  and filename snap0184.h5 will be created.
Snapshot from 8m, 0m, 14m, to 28.1m, 0.05m, 31.4m, discretisation 0.15m, 0.05m, 0.15m, at 1.85449e-07 secs (iteration 6290; magnetic fields at 1.85434e-07 secs) with field outputs Ex, Ey, Ez, Hx, Hy, Hz  and filename snap0185.h5 will be created.
Snapshot from 8m, 0m, 14m, to 28.1m, 0.05m, 31.4m, discretisation 0.15m, 0.05m, 0.15m, at 1.86452e-07 secs (iteration 6324; magnetic fields at 1.86437e-07 secs) with field outputs Ex, Ey, Ez, Hx, Hy, Hz  and filename snap0186.h5 will be created.
Snapshot from 8m, 0m, 14m, to 28.1m, 0.05m, 31.4m, discretisation 0.15m, 0.05m, 0.15m, at 1.87454e-07 secs (iteration 6358; magnetic fields at 1.87439e-07 secs) with field outputs Ex, Ey, Ez, Hx, Hy, Hz  and filename snap0187.h5 will be created.
Snapshot from 8m, 0m, 14m, to 28.1m, 0.05m, 31.4m, discretisation 0.15m, 0.05m, 0.15m, at 1.88456e-07 secs (iteration 6392; magnetic fields at 1.88442e-07 secs) with field outputs Ex, Ey, Ez, Hx, Hy, Hz  and filename snap0188.h5 will be created.
Snapshot from 8m, 0m, 14m, to 28.1m, 0.05m, 31.4m, discretisation 0.15m, 0.05m, 0.15m, at 1.89459e-07 secs (iteration 6426; magnetic fields at 1.89444e-07 secs) with field outputs Ex, Ey, Ez, Hx, Hy, Hz  and filename snap0189.h5 will be created.
Snapshot from 8m, 0m, 14m, to 28.1m, 0.05m, 31.4m, discretisation 0.15m, 0.05m, 0.15m, at 1.90461e-07 secs (iteration 6460; magnetic fields at 1.90447e-07 secs) with field outputs Ex, Ey, Ez, Hx, Hy, Hz  and filename snap0190.h5 will be created.
Snapshot from 8m, 0m, 14m, to 28.1m, 0.05m, 31.4m, discretisation 0.15m, 0.05m, 0.15m, at 1.91464e-07 secs (iteration 6494; magnetic fields at 1.91449e-07 secs) with field outputs Ex, Ey, Ez, Hx, Hy, Hz  and filename snap0191.h5 will be created.
Snapshot from 8m, 0m, 14m, to 28.1m, 0.05m, 31.4m, discretisation 0.15m, 0.05m, 0.15m, at 1.92466e-07 secs (iteration 6528; magnetic fields at 1.92451e-07 secs) with field outputs Ex, Ey, Ez, Hx, Hy, Hz  and filename snap0192.h5 will be created.
Snapshot from 8m, 0m, 14m, to 28.1m, 0.05m, 31.4m, discretisation 0.15m, 0.05m, 0.15m, at 1.93469e-07 secs (iteration 6562; magnetic fields at 1.93454e-07 secs) with field outputs Ex, Ey, Ez, Hx, Hy, Hz  and filename snap0193.h5 will be created.
Snapshot from 8m, 0m, 14m, to 28.1m, 0.05m, 31.4m, discretisation 0.15m, 0.05m, 0.15m, at 1.94471e-07 secs (iteration 6596; magnetic fields at 1.94456e-07 secs) with field outputs Ex, Ey, Ez, Hx, Hy, Hz  and filename snap0194.h5 will be created.
Snapshot from 8m, 0m, 14m, to 28.1m, 0.05m, 31.4m, discretisation 0.15m, 0.05m, 0.15m, at 1.95473e-07 secs (iteration 6630; magnetic fields at 1.95459e-07 secs) with field outputs Ex, Ey, Ez, Hx, Hy, Hz  and filename snap0195.h5 will be created.
Snapshot from 8m, 0m, 14m, to 28.1m, 0.05m, 31.4m, discretisation 0.15m, 0.05m, 0.15m, at 1.96476e-07 secs (iteration 6664; magnetic fields at 1.96461e-07 secs) with field outputs Ex, Ey, Ez, Hx, Hy, Hz  and filename snap0196.h5 will be created.
Snapshot from 8m, 0m, 14m, to 28.1m, 0.05m, 31.4m, discretisation 0.15m, 0.05m, 0.15m, at 1.97478e-07 secs (iteration 6698; magnetic fields at 1.97464e-07 secs) with field outputs Ex, Ey, Ez, Hx, Hy, Hz  and filename snap0197.h5 will be created.
Snapshot from 8m, 0m, 14m, to 28.1m, 0.05m, 31.4m, discretisation 0.15m, 0.05m, 0.15m, at 1.98481e-07 secs (iteration 6732; magnetic fields at 1.98466e-07 secs) with field outputs Ex, Ey, Ez, Hx, Hy, Hz  and filename snap0198.h5 will be created.
Snapshot from 8m, 0m, 14m, to 28.1m, 0.05m, 31.4m, discretisation 0.15m, 0.05m, 0.15m, at 1.99483e-07 secs (iteration 6766; magnetic fields at 1.99468e-07 secs) with field outputs Ex, Ey, Ez, Hx, Hy, Hz  and filename snap0199.h5 will be created.
Snapshot from 8m, 0m, 14m, to 28.1m, 0.05m, 31.4m, discretisation 0.15m, 0.05m, 0.15m, at 2.00486e-07 secs (iteration 6800; magnetic fields at 2.00471e-07 secs) with field outputs Ex, Ey, Ez, Hx, Hy, Hz  and filename snap0200.h5 will be created.
Snapshot from 8m, 0m, 14m, to 28.1m, 0.05m, 31.4m, discretisation 0.15m, 0.05m, 0.15m, at 2.01488e-07 secs (iteration 6834; magnetic fields at 2.01473e-07 secs) with field outputs Ex, Ey, Ez, Hx, Hy, Hz  and filename snap0201.h5 will be created.
Snapshot from 8m, 0m, 14m, to 28.1m, 0.05m, 31.4m, discretisation 0.15m, 0.05m, 0.15m, at 2.0249e-07 secs (iteration 6868; magnetic fields at 2.02476e-07 secs) with field outputs Ex, Ey, Ez, Hx, Hy, Hz  and filename snap0202.h5 will be created.
Snapshot from 8m, 0m, 14m, to 28.1m, 0.05m, 31.4m, discretisation 0.15m, 0.05m, 0.15m, at 2.03493e-07 secs (iteration 6902; magnetic fields at 2.03478e-07 secs) with field outputs Ex, Ey, Ez, Hx, Hy, Hz  and filename snap0203.h5 will be created.
Snapshot from 8m, 0m, 14m, to 28.1m, 0.05m, 31.4m, discretisation 0.15m, 0.05m, 0.15m, at 2.04495e-07 secs (iteration 6936; magnetic fields at 2.04481e-07 secs) with field outputs Ex, Ey, Ez, Hx, Hy, Hz  and filename snap0204.h5 will be created.
Snapshot from 8m, 0m, 14m, to 28.1m, 0.05m, 31.4m, discretisation 0.15m, 0.05m, 0.15m, at 2.05498e-07 secs (iteration 6970; magnetic fields at 2.05483e-07 secs) with field outputs Ex, Ey, Ez, Hx, Hy, Hz  and filename snap0205.h5 will be created.
Snapshot from 8m, 0m, 14m, to 28.1m, 0.05m, 31.4m, discretisation 0.15m, 0.05m, 0.15m, at 2.065e-07 secs (iteration 7004; magnetic fields at 2.06485e-07 secs) with field outputs Ex, Ey, Ez, Hx, Hy, Hz  and filename snap0206.h5 will be created.
Snapshot from 8m, 0m, 14m, to 28.1m, 0.05m, 31.4m, discretisation 0.15m, 0.05m, 0.15m, at 2.07503e-07 secs (iteration 7038; magnetic fields at 2.07488e-07 secs) with field outputs Ex, Ey, Ez, Hx, Hy, Hz  and filename snap0207.h5 will be created.
Snapshot from 8m, 0m, 14m, to 28.1m, 0.05m, 31.4m, discretisation 0.15m, 0.05m, 0.15m, at 2.08505e-07 secs (iteration 7072; magnetic fields at 2.0849e-07 secs) with field outputs Ex, Ey, Ez, Hx, Hy, Hz  and filename snap0208.h5 will be created.
Snapshot from 8m, 0m, 14m, to 28.1m, 0.05m, 31.4m, discretisation 0.15m, 0.05m, 0.15m, at 2.09507e-07 secs (iteration 7106; magnetic fields at 2.09493e-07 secs) with field outputs Ex, Ey, Ez, Hx, Hy, Hz  and filename snap0209.h5 will be created.
Snapshot from 8m, 0m, 14m, to 28.1m, 0.05m, 31.4m, discretisation 0.15m, 0.05m, 0.15m, at 2.1051e-07 secs (iteration 7140; magnetic fields at 2.10495e-07 secs) with field outputs Ex, Ey, Ez, Hx, Hy, Hz  and filename snap0210.h5 will be created.
Snapshot from 8m, 0m, 14m, to 28.1m, 0.05m, 31.4m, discretisation 0.15m, 0.05m, 0.15m, at 2.11512e-07 secs (iteration 7174; magnetic fields at 2.11498e-07 secs) with field outputs Ex, Ey, Ez, Hx, Hy, Hz  and filename snap0211.h5 will be created.
Snapshot from 8m, 0m, 14m, to 28.1m, 0.05m, 31.4m, discretisation 0.15m, 0.05m, 0.15m, at 2.12515e-07 secs (iteration 7208; magnetic fields at 2.125e-07 secs) with field outputs Ex, Ey, Ez, Hx, Hy, Hz  and filename snap0212.h5 will be created.
Snapshot from 8m, 0m, 14m, to 28.1m, 0.05m, 31.4m, discretisation 0.15m, 0.05m, 0.15m, at 2.13517e-07 secs (iteration 7242; magnetic fields at 2.13502e-07 secs) with field outputs Ex, Ey, Ez, Hx, Hy, Hz  and filename snap0213.h5 will be created.
Snapshot from 8m, 0m, 14m, to 28.1m, 0.05m, 31.4m, discretisation 0.15m, 0.05m, 0.15m, at 2.1452e-07 secs (iteration 7276; magnetic fields at 2.14505e-07 secs) with field outputs Ex, Ey, Ez, Hx, Hy, Hz  and filename snap0214.h5 will be created.
Snapshot from 8m, 0m, 14m, to 28.1m, 0.05m, 31.4m, discretisation 0.15m, 0.05m, 0.15m, at 2.15522e-07 secs (iteration 7310; magnetic fields at 2.15507e-07 secs) with field outputs Ex, Ey, Ez, Hx, Hy, Hz  and filename snap0215.h5 will be created.
Snapshot from 8m, 0m, 14m, to 28.1m, 0.05m, 31.4m, discretisation 0.15m, 0.05m, 0.15m, at 2.16524e-07 secs (iteration 7344; magnetic fields at 2.1651e-07 secs) with field outputs Ex, Ey, Ez, Hx, Hy, Hz  and filename snap0216.h5 will be created.
Snapshot from 8m, 0m, 14m, to 28.1m, 0.05m, 31.4m, discretisation 0.15m, 0.05m, 0.15m, at 2.17527e-07 secs (iteration 7378; magnetic fields at 2.17512e-07 secs) with field outputs Ex, Ey, Ez, Hx, Hy, Hz  and filename snap0217.h5 will be created.
Snapshot from 8m, 0m, 14m, to 28.1m, 0.05m, 31.4m, discretisation 0.15m, 0.05m, 0.15m, at 2.18529e-07 secs (iteration 7412; magnetic fields at 2.18515e-07 secs) with field outputs Ex, Ey, Ez, Hx, Hy, Hz  and filename snap0218.h5 will be created.
Snapshot from 8m, 0m, 14m, to 28.1m, 0.05m, 31.4m, discretisation 0.15m, 0.05m, 0.15m, at 2.19532e-07 secs (iteration 7446; magnetic fields at 2.19517e-07 secs) with field outputs Ex, Ey, Ez, Hx, Hy, Hz  and filename snap0219.h5 will be created.
Snapshot from 8m, 0m, 14m, to 28.1m, 0.05m, 31.4m, discretisation 0.15m, 0.05m, 0.15m, at 2.20534e-07 secs (iteration 7480; magnetic fields at 2.20519e-07 secs) with field outputs Ex, Ey, Ez, Hx, Hy, Hz  and filename snap0220.h5 will be created.
Snapshot from 8m, 0m, 14m, to 28.1m, 0.05m, 31.4m, discretisation 0.15m, 0.05m, 0.15m, at 2.21537e-07 secs (iteration 7514; magnetic fields at 2.21522e-07 secs) with field outputs Ex, Ey, Ez, Hx, Hy, Hz  and filename snap0221.h5 will be created.
Snapshot from 8m, 0m, 14m, to 28.1m, 0.05m, 31.4m, discretisation 0.15m, 0.05m, 0.15m, at 2.22539e-07 secs (iteration 7548; magnetic fields at 2.22524e-07 secs) with field outputs Ex, Ey, Ez, Hx, Hy, Hz  and filename snap0222.h5 will be created.
Snapshot from 8m, 0m, 14m, to 28.1m, 0.05m, 31.4m, discretisation 0.15m, 0.05m, 0.15m, at 2.23541e-07 secs (iteration 7582; magnetic fields at 2.23527e-07 secs) with field outputs Ex, Ey, Ez, Hx, Hy, Hz  and filename snap0223.h5 will be created.
Snapshot from 8m, 0m, 14m, to 28.1m, 0.05m, 31.4m, discretisation 0.15m, 0.05m, 0.15m, at 2.24544e-07 secs (iteration 7616; magnetic fields at 2.24529e-07 secs) with field outputs Ex, Ey, Ez, Hx, Hy, Hz  and filename snap0224.h5 will be created.
Snapshot from 8m, 0m, 14m, to 28.1m, 0.05m, 31.4m, discretisation 0.15m, 0.05m, 0.15m, at 2.25546e-07 secs (iteration 7650; magnetic fields at 2.25532e-07 secs) with field outputs Ex, Ey, Ez, Hx, Hy, Hz  and filename snap0225.h5 will be created.
Snapshot from 8m, 0m, 14m, to 28.1m, 0.05m, 31.4m, discretisation 0.15m, 0.05m, 0.15m, at 2.26549e-07 secs (iteration 7684; magnetic fields at 2.26534e-07 secs) with field outputs Ex, Ey, Ez, Hx, Hy, Hz  and filename snap0226.h5 will be created.
Snapshot from 8m, 0m, 14m, to 28.1m, 0.05m, 31.4m, discretisation 0.15m, 0.05m, 0.15m, at 2.27551e-07 secs (iteration 7718; magnetic fields at 2.27536e-07 secs) with field outputs Ex, Ey, Ez, Hx, Hy, Hz  and filename snap0227.h5 will be created.
Snapshot from 8m, 0m, 14m, to 28.1m, 0.05m, 31.4m, discretisation 0.15m, 0.05m, 0.15m, at 2.28554e-07 secs (iteration 7752; magnetic fields at 2.28539e-07 secs) with field outputs Ex, Ey, Ez, Hx, Hy, Hz  and filename snap0228.h5 will be created.
Snapshot from 8m, 0m, 14m, to 28.1m, 0.05m, 31.4m, discretisation 0.15m, 0.05m, 0.15m, at 2.29556e-07 secs (iteration 7786; magnetic fields at 2.29541e-07 secs) with field outputs Ex, Ey, Ez, Hx, Hy, Hz  and filename snap0229.h5 will be created.
Snapshot from 8m, 0m, 14m, to 28.1m, 0.05m, 31.4m, discretisation 0.15m, 0.05m, 0.15m, at 2.30558e-07 secs (iteration 7820; magnetic fields at 2.30544e-07 secs) with field outputs Ex, Ey, Ez, Hx, Hy, Hz  and filename snap0230.h5 will be created.
Snapshot from 8m, 0m, 14m, to 28.1m, 0.05m, 31.4m, discretisation 0.15m, 0.05m, 0.15m, at 2.31561e-07 secs (iteration 7854; magnetic fields at 2.31546e-07 secs) with field outputs Ex, Ey, Ez, Hx, Hy, Hz  and filename snap0231.h5 will be created.
Snapshot from 8m, 0m, 14m, to 28.1m, 0.05m, 31.4m, discretisation 0.15m, 0.05m, 0.15m, at 2.32563e-07 secs (iteration 7888; magnetic fields at 2.32549e-07 secs) with field outputs Ex, Ey, Ez, Hx, Hy, Hz  and filename snap0232.h5 will be created.
Snapshot from 8m, 0m, 14m, to 28.1m, 0.05m, 31.4m, discretisation 0.15m, 0.05m, 0.15m, at 2.33566e-07 secs (iteration 7922; magnetic fields at 2.33551e-07 secs) with field outputs Ex, Ey, Ez, Hx, Hy, Hz  and filename snap0233.h5 will be created.
Snapshot from 8m, 0m, 14m, to 28.1m, 0.05m, 31.4m, discretisation 0.15m, 0.05m, 0.15m, at 2.34568e-07 secs (iteration 7956; magnetic fields at 2.34553e-07 secs) with field outputs Ex, Ey, Ez, Hx, Hy, Hz  and filename snap0234.h5 will be created.
Snapshot from 8m, 0m, 14m, to 28.1m, 0.05m, 31.4m, discretisation 0.15m, 0.05m, 0.15m, at 2.35571e-07 secs (iteration 7990; magnetic fields at 2.35556e-07 secs) with field outputs Ex, Ey, Ez, Hx, Hy, Hz  and filename snap0235.h5 will be created.
Snapshot from 8m, 0m, 14m, to 28.1m, 0.05m, 31.4m, discretisation 0.15m, 0.05m, 0.15m, at 2.36573e-07 secs (iteration 8024; magnetic fields at 2.36558e-07 secs) with field outputs Ex, Ey, Ez, Hx, Hy, Hz  and filename snap0236.h5 will be created.
Snapshot from 8m, 0m, 14m, to 28.1m, 0.05m, 31.4m, discretisation 0.15m, 0.05m, 0.15m, at 2.37575e-07 secs (iteration 8058; magnetic fields at 2.37561e-07 secs) with field outputs Ex, Ey, Ez, Hx, Hy, Hz  and filename snap0237.h5 will be created.
Snapshot from 8m, 0m, 14m, to 28.1m, 0.05m, 31.4m, discretisation 0.15m, 0.05m, 0.15m, at 2.38578e-07 secs (iteration 8092; magnetic fields at 2.38563e-07 secs) with field outputs Ex, Ey, Ez, Hx, Hy, Hz  and filename snap0238.h5 will be created.
Snapshot from 8m, 0m, 14m, to 28.1m, 0.05m, 31.4m, discretisation 0.15m, 0.05m, 0.15m, at 2.3958e-07 secs (iteration 8126; magnetic fields at 2.39566e-07 secs) with field outputs Ex, Ey, Ez, Hx, Hy, Hz  and filename snap0239.h5 will be created.
Snapshot from 8m, 0m, 14m, to 28.1m, 0.05m, 31.4m, discretisation 0.15m, 0.05m, 0.15m, at 2.40583e-07 secs (iteration 8160; magnetic fields at 2.40568e-07 secs) with field outputs Ex, Ey, Ez, Hx, Hy, Hz  and filename snap0240.h5 will be created.
Snapshot from 8m, 0m, 14m, to 28.1m, 0.05m, 31.4m, discretisation 0.15m, 0.05m, 0.15m, at 2.41585e-07 secs (iteration 8194; magnetic fields at 2.4157e-07 secs) with field outputs Ex, Ey, Ez, Hx, Hy, Hz  and filename snap0241.h5 will be created.
Snapshot from 8m, 0m, 14m, to 28.1m, 0.05m, 31.4m, discretisation 0.15m, 0.05m, 0.15m, at 2.42588e-07 secs (iteration 8228; magnetic fields at 2.42573e-07 secs) with field outputs Ex, Ey, Ez, Hx, Hy, Hz  and filename snap0242.h5 will be created.
Snapshot from 8m, 0m, 14m, to 28.1m, 0.05m, 31.4m, discretisation 0.15m, 0.05m, 0.15m, at 2.4359e-07 secs (iteration 8262; magnetic fields at 2.43575e-07 secs) with field outputs Ex, Ey, Ez, Hx, Hy, Hz  and filename snap0243.h5 will be created.
Snapshot from 8m, 0m, 14m, to 28.1m, 0.05m, 31.4m, discretisation 0.15m, 0.05m, 0.15m, at 2.44592e-07 secs (iteration 8296; magnetic fields at 2.44578e-07 secs) with field outputs Ex, Ey, Ez, Hx, Hy, Hz  and filename snap0244.h5 will be created.
Snapshot from 8m, 0m, 14m, to 28.1m, 0.05m, 31.4m, discretisation 0.15m, 0.05m, 0.15m, at 2.45595e-07 secs (iteration 8330; magnetic fields at 2.4558e-07 secs) with field outputs Ex, Ey, Ez, Hx, Hy, Hz  and filename snap0245.h5 will be created.
Snapshot from 8m, 0m, 14m, to 28.1m, 0.05m, 31.4m, discretisation 0.15m, 0.05m, 0.15m, at 2.46597e-07 secs (iteration 8364; magnetic fields at 2.46583e-07 secs) with field outputs Ex, Ey, Ez, Hx, Hy, Hz  and filename snap0246.h5 will be created.
Snapshot from 8m, 0m, 14m, to 28.1m, 0.05m, 31.4m, discretisation 0.15m, 0.05m, 0.15m, at 2.476e-07 secs (iteration 8398; magnetic fields at 2.47585e-07 secs) with field outputs Ex, Ey, Ez, Hx, Hy, Hz  and filename snap0247.h5 will be created.
Snapshot from 8m, 0m, 14m, to 28.1m, 0.05m, 31.4m, discretisation 0.15m, 0.05m, 0.15m, at 2.48602e-07 secs (iteration 8432; magnetic fields at 2.48587e-07 secs) with field outputs Ex, Ey, Ez, Hx, Hy, Hz  and filename snap0248.h5 will be created.
Snapshot from 8m, 0m, 14m, to 28.1m, 0.05m, 31.4m, discretisation 0.15m, 0.05m, 0.15m, at 2.49605e-07 secs (iteration 8466; magnetic fields at 2.4959e-07 secs) with field outputs Ex, Ey, Ez, Hx, Hy, Hz  and filename snap0249.h5 will be created.
Snapshot from 8m, 0m, 14m, to 28.1m, 0.05m, 31.4m, discretisation 0.15m, 0.05m, 0.15m, at 2.50607e-07 secs (iteration 8500; magnetic fields at 2.50592e-07 secs) with field outputs Ex, Ey, Ez, Hx, Hy, Hz  and filename snap0250.h5 will be created.
Snapshot from 8m, 0m, 14m, to 28.1m, 0.05m, 31.4m, discretisation 0.15m, 0.05m, 0.15m, at 2.51609e-07 secs (iteration 8534; magnetic fields at 2.51595e-07 secs) with field outputs Ex, Ey, Ez, Hx, Hy, Hz  and filename snap0251.h5 will be created.
Snapshot from 8m, 0m, 14m, to 28.1m, 0.05m, 31.4m, discretisation 0.15m, 0.05m, 0.15m, at 2.52612e-07 secs (iteration 8568; magnetic fields at 2.52597e-07 secs) with field outputs Ex, Ey, Ez, Hx, Hy, Hz  and filename snap0252.h5 will be created.
Snapshot from 8m, 0m, 14m, to 28.1m, 0.05m, 31.4m, discretisation 0.15m, 0.05m, 0.15m, at 2.53614e-07 secs (iteration 8602; magnetic fields at 2.536e-07 secs) with field outputs Ex, Ey, Ez, Hx, Hy, Hz  and filename snap0253.h5 will be created.
Snapshot from 8m, 0m, 14m, to 28.1m, 0.05m, 31.4m, discretisation 0.15m, 0.05m, 0.15m, at 2.54617e-07 secs (iteration 8636; magnetic fields at 2.54602e-07 secs) with field outputs Ex, Ey, Ez, Hx, Hy, Hz  and filename snap0254.h5 will be created.
Snapshot from 8m, 0m, 14m, to 28.1m, 0.05m, 31.4m, discretisation 0.15m, 0.05m, 0.15m, at 2.55619e-07 secs (iteration 8670; magnetic fields at 2.55604e-07 secs) with field outputs Ex, Ey, Ez, Hx, Hy, Hz  and filename snap0255.h5 will be created.
Snapshot from 8m, 0m, 14m, to 28.1m, 0.05m, 31.4m, discretisation 0.15m, 0.05m, 0.15m, at 2.56622e-07 secs (iteration 8704; magnetic fields at 2.56607e-07 secs) with field outputs Ex, Ey, Ez, Hx, Hy, Hz  and filename snap0256.h5 will be created.
Snapshot from 8m, 0m, 14m, to 28.1m, 0.05m, 31.4m, discretisation 0.15m, 0.05m, 0.15m, at 2.57624e-07 secs (iteration 8738; magnetic fields at 2.57609e-07 secs) with field outputs Ex, Ey, Ez, Hx, Hy, Hz  and filename snap0257.h5 will be created.
Snapshot from 8m, 0m, 14m, to 28.1m, 0.05m, 31.4m, discretisation 0.15m, 0.05m, 0.15m, at 2.58626e-07 secs (iteration 8772; magnetic fields at 2.58612e-07 secs) with field outputs Ex, Ey, Ez, Hx, Hy, Hz  and filename snap0258.h5 will be created.
Snapshot from 8m, 0m, 14m, to 28.1m, 0.05m, 31.4m, discretisation 0.15m, 0.05m, 0.15m, at 2.59629e-07 secs (iteration 8806; magnetic fields at 2.59614e-07 secs) with field outputs Ex, Ey, Ez, Hx, Hy, Hz  and filename snap0259.h5 will be created.
Box from 0m, 0m, 0m, to 12.025m, 0.05m, 19.2875m of material(s) rock created, dielectric smoothing is on.
Box from 0m, 0m, 19.2875m, to 12.025m, 0.05m, 21.5m of material(s) cover created, dielectric smoothing is off.
Box from 12.025m, 0m, 0m, to 12.0375m, 0.05m, 19.275m of material(s) rock created, dielectric smoothing is on.
Box from 12.025m, 0m, 19.275m, to 12.0375m, 0.05m, 21.5m of material(s) cover created, dielectric smoothing is off.
Box from 12.0375m, 0m, 0m, to 12.1125m, 0.05m, 19.275m of material(s) rock created, dielectric smoothing is on.
Box from 12.0375m, 0m, 19.275m, to 12.1125m, 0.05m, 21.4875m of material(s) cover created, dielectric smoothing is off.
Box from 12.1125m, 0m, 0m, to 12.175m, 0.05m, 19.275m of material(s) rock created, dielectric smoothing is on.
Box from 12.1125m, 0m, 19.275m, to 12.175m, 0.05m, 21.475m of material(s) cover created, dielectric smoothing is off.
Box from 12.175m, 0m, 0m, to 12.1875m, 0.05m, 19.2625m of material(s) rock created, dielectric smoothing is on.
Box from 12.175m, 0m, 19.2625m, to 12.1875m, 0.05m, 21.475m of material(s) cover created, dielectric smoothing is off.
Box from 12.1875m, 0m, 0m, to 12.2625m, 0.05m, 19.2625m of material(s) rock created, dielectric smoothing is on.
Box from 12.1875m, 0m, 19.2625m, to 12.2625m, 0.05m, 21.4625m of material(s) cover created, dielectric smoothing is off.
Box from 12.2625m, 0m, 0m, to 12.325m, 0.05m, 19.2625m of material(s) rock created, dielectric smoothing is on.
Box from 12.2625m, 0m, 19.2625m, to 12.325m, 0.05m, 21.45m of material(s) cover created, dielectric smoothing is off.
Box from 12.325m, 0m, 0m, to 12.3375m, 0.05m, 19.25m of material(s) rock created, dielectric smoothing is on.
Box from 12.325m, 0m, 19.25m, to 12.3375m, 0.05m, 21.45m of material(s) cover created, dielectric smoothing is off.
Box from 12.3375m, 0m, 0m, to 12.4125m, 0.05m, 19.25m of material(s) rock created, dielectric smoothing is on.
Box from 12.3375m, 0m, 19.25m, to 12.4125m, 0.05m, 21.4375m of material(s) cover created, dielectric smoothing is off.
Box from 12.4125m, 0m, 0m, to 12.475m, 0.05m, 19.25m of material(s) rock created, dielectric smoothing is on.
Box from 12.4125m, 0m, 19.25m, to 12.475m, 0.05m, 21.425m of material(s) cover created, dielectric smoothing is off.
Box from 12.475m, 0m, 0m, to 12.4875m, 0.05m, 19.2375m of material(s) rock created, dielectric smoothing is on.
Box from 12.475m, 0m, 19.2375m, to 12.4875m, 0.05m, 21.425m of material(s) cover created, dielectric smoothing is off.
Box from 12.4875m, 0m, 0m, to 12.5625m, 0.05m, 19.2375m of material(s) rock created, dielectric smoothing is on.
Box from 12.4875m, 0m, 19.2375m, to 12.5625m, 0.05m, 21.4125m of material(s) cover created, dielectric smoothing is off.
Box from 12.5625m, 0m, 0m, to 12.625m, 0.05m, 19.2375m of material(s) rock created, dielectric smoothing is on.
Box from 12.5625m, 0m, 19.2375m, to 12.625m, 0.05m, 21.4m of material(s) cover created, dielectric smoothing is off.
Box from 12.625m, 0m, 0m, to 12.6375m, 0.05m, 19.225m of material(s) rock created, dielectric smoothing is on.
Box from 12.625m, 0m, 19.225m, to 12.6375m, 0.05m, 21.4m of material(s) cover created, dielectric smoothing is off.
Box from 12.6375m, 0m, 0m, to 12.7125m, 0.05m, 19.225m of material(s) rock created, dielectric smoothing is on.
Box from 12.6375m, 0m, 19.225m, to 12.7125m, 0.05m, 21.3875m of material(s) cover created, dielectric smoothing is off.
Box from 12.7125m, 0m, 0m, to 12.775m, 0.05m, 19.225m of material(s) rock created, dielectric smoothing is on.
Box from 12.7125m, 0m, 19.225m, to 12.775m, 0.05m, 21.375m of material(s) cover created, dielectric smoothing is off.
Box from 12.775m, 0m, 0m, to 12.7875m, 0.05m, 19.2125m of material(s) rock created, dielectric smoothing is on.
Box from 12.775m, 0m, 19.2125m, to 12.7875m, 0.05m, 21.375m of material(s) cover created, dielectric smoothing is off.
Box from 12.7875m, 0m, 0m, to 12.8625m, 0.05m, 19.2125m of material(s) rock created, dielectric smoothing is on.
Box from 12.7875m, 0m, 19.2125m, to 12.8625m, 0.05m, 21.3625m of material(s) cover created, dielectric smoothing is off.
Box from 12.8625m, 0m, 0m, to 12.925m, 0.05m, 19.2125m of material(s) rock created, dielectric smoothing is on.
Box from 12.8625m, 0m, 19.2125m, to 12.925m, 0.05m, 21.35m of material(s) cover created, dielectric smoothing is off.
Box from 12.925m, 0m, 0m, to 12.9375m, 0.05m, 19.2m of material(s) rock created, dielectric smoothing is on.
Box from 12.925m, 0m, 19.2m, to 12.9375m, 0.05m, 21.35m of material(s) cover created, dielectric smoothing is off.
Box from 12.9375m, 0m, 0m, to 13.0125m, 0.05m, 19.2m of material(s) rock created, dielectric smoothing is on.
Box from 12.9375m, 0m, 19.2m, to 13.0125m, 0.05m, 21.3375m of material(s) cover created, dielectric smoothing is off.
Box from 13.0125m, 0m, 0m, to 13.075m, 0.05m, 19.2m of material(s) rock created, dielectric smoothing is on.
Box from 13.0125m, 0m, 19.2m, to 13.075m, 0.05m, 21.325m of material(s) cover created, dielectric smoothing is off.
Box from 13.075m, 0m, 0m, to 13.0875m, 0.05m, 19.1875m of material(s) rock created, dielectric smoothing is on.
Box from 13.075m, 0m, 19.1875m, to 13.0875m, 0.05m, 21.325m of material(s) cover created, dielectric smoothing is off.
Box from 13.0875m, 0m, 0m, to 13.1625m, 0.05m, 19.1875m of material(s) rock created, dielectric smoothing is on.
Box from 13.0875m, 0m, 19.1875m, to 13.1625m, 0.05m, 21.3125m of material(s) cover created, dielectric smoothing is off.
Box from 13.1625m, 0m, 0m, to 13.225m, 0.05m, 19.1875m of material(s) rock created, dielectric smoothing is on.
Box from 13.1625m, 0m, 19.1875m, to 13.225m, 0.05m, 21.3m of material(s) cover created, dielectric smoothing is off.
Box from 13.225m, 0m, 0m, to 13.2375m, 0.05m, 19.175m of material(s) rock created, dielectric smoothing is on.
Box from 13.225m, 0m, 19.175m, to 13.2375m, 0.05m, 21.3m of material(s) cover created, dielectric smoothing is off.
Box from 13.2375m, 0m, 0m, to 13.25m, 0.05m, 19.175m of material(s) rock created, dielectric smoothing is on.
Box from 13.2375m, 0m, 19.175m, to 13.25m, 0.05m, 21.2875m of material(s) cover created, dielectric smoothing is off.
Box from 13.25m, 0m, 0m, to 13.3125m, 0.05m, 19.075m of material(s) rock created, dielectric smoothing is on.
Box from 13.25m, 0m, 19.075m, to 13.3125m, 0.05m, 21.2875m of material(s) cover created, dielectric smoothing is off.
Box from 13.3125m, 0m, 0m, to 13.375m, 0.05m, 19.075m of material(s) rock created, dielectric smoothing is on.
Box from 13.3125m, 0m, 19.075m, to 13.375m, 0.05m, 21.275m of material(s) cover created, dielectric smoothing is off.
Box from 13.375m, 0m, 0m, to 13.3875m, 0.05m, 19.0625m of material(s) rock created, dielectric smoothing is on.
Box from 13.375m, 0m, 19.0625m, to 13.3875m, 0.05m, 21.275m of material(s) cover created, dielectric smoothing is off.
Box from 13.3875m, 0m, 0m, to 13.4625m, 0.05m, 19.0625m of material(s) rock created, dielectric smoothing is on.
Box from 13.3875m, 0m, 19.0625m, to 13.4625m, 0.05m, 21.2625m of material(s) cover created, dielectric smoothing is off.
Box from 13.4625m, 0m, 0m, to 13.525m, 0.05m, 19.0625m of material(s) rock created, dielectric smoothing is on.
Box from 13.4625m, 0m, 19.0625m, to 13.525m, 0.05m, 21.25m of material(s) cover created, dielectric smoothing is off.
Box from 13.525m, 0m, 0m, to 13.5375m, 0.05m, 19.05m of material(s) rock created, dielectric smoothing is on.
Box from 13.525m, 0m, 19.05m, to 13.5375m, 0.05m, 21.25m of material(s) cover created, dielectric smoothing is off.
Box from 13.5375m, 0m, 0m, to 13.6125m, 0.05m, 19.05m of material(s) rock created, dielectric smoothing is on.
Box from 13.5375m, 0m, 19.05m, to 13.6125m, 0.05m, 21.2375m of material(s) cover created, dielectric smoothing is off.
Box from 13.6125m, 0m, 0m, to 13.675m, 0.05m, 19.05m of material(s) rock created, dielectric smoothing is on.
Box from 13.6125m, 0m, 19.05m, to 13.675m, 0.05m, 21.225m of material(s) cover created, dielectric smoothing is off.
Box from 13.675m, 0m, 0m, to 13.6875m, 0.05m, 19.0375m of material(s) rock created, dielectric smoothing is on.
Box from 13.675m, 0m, 19.0375m, to 13.6875m, 0.05m, 21.225m of material(s) cover created, dielectric smoothing is off.
Box from 13.6875m, 0m, 0m, to 13.75m, 0.05m, 19.0375m of material(s) rock created, dielectric smoothing is on.
Box from 13.6875m, 0m, 19.0375m, to 13.75m, 0.05m, 21.2125m of material(s) cover created, dielectric smoothing is off.
Box from 13.75m, 0m, 0m, to 13.7625m, 0.05m, 18.9375m of material(s) rock created, dielectric smoothing is on.
Box from 13.75m, 0m, 18.9375m, to 13.7625m, 0.05m, 21.2125m of material(s) cover created, dielectric smoothing is off.
Box from 13.7625m, 0m, 0m, to 13.825m, 0.05m, 18.9375m of material(s) rock created, dielectric smoothing is on.
Box from 13.7625m, 0m, 18.9375m, to 13.825m, 0.05m, 21.2m of material(s) cover created, dielectric smoothing is off.
Box from 13.825m, 0m, 0m, to 13.8375m, 0.05m, 18.925m of material(s) rock created, dielectric smoothing is on.
Box from 13.825m, 0m, 18.925m, to 13.8375m, 0.05m, 21.2m of material(s) cover created, dielectric smoothing is off.
Box from 13.8375m, 0m, 0m, to 13.9125m, 0.05m, 18.925m of material(s) rock created, dielectric smoothing is on.
Box from 13.8375m, 0m, 18.925m, to 13.9125m, 0.05m, 21.1875m of material(s) cover created, dielectric smoothing is off.
Box from 13.9125m, 0m, 0m, to 13.975m, 0.05m, 18.925m of material(s) rock created, dielectric smoothing is on.
Box from 13.9125m, 0m, 18.925m, to 13.975m, 0.05m, 21.175m of material(s) cover created, dielectric smoothing is off.
Box from 13.975m, 0m, 0m, to 13.9875m, 0.05m, 18.9125m of material(s) rock created, dielectric smoothing is on.
Box from 13.975m, 0m, 18.9125m, to 13.9875m, 0.05m, 21.175m of material(s) cover created, dielectric smoothing is off.
Box from 13.9875m, 0m, 0m, to 14.0625m, 0.05m, 18.9125m of material(s) rock created, dielectric smoothing is on.
Box from 13.9875m, 0m, 18.9125m, to 14.0625m, 0.05m, 21.1625m of material(s) cover created, dielectric smoothing is off.
Box from 14.0625m, 0m, 0m, to 14.125m, 0.05m, 18.9125m of material(s) rock created, dielectric smoothing is on.
Box from 14.0625m, 0m, 18.9125m, to 14.125m, 0.05m, 21.15m of material(s) cover created, dielectric smoothing is off.
Box from 14.125m, 0m, 0m, to 14.1375m, 0.05m, 18.9m of material(s) rock created, dielectric smoothing is on.
Box from 14.125m, 0m, 18.9m, to 14.1375m, 0.05m, 21.15m of material(s) cover created, dielectric smoothing is off.
Box from 14.1375m, 0m, 0m, to 14.2125m, 0.05m, 18.9m of material(s) rock created, dielectric smoothing is on.
Box from 14.1375m, 0m, 18.9m, to 14.2125m, 0.05m, 21.1375m of material(s) cover created, dielectric smoothing is off.
Box from 14.2125m, 0m, 0m, to 14.275m, 0.05m, 18.9m of material(s) rock created, dielectric smoothing is on.
Box from 14.2125m, 0m, 18.9m, to 14.275m, 0.05m, 21.125m of material(s) cover created, dielectric smoothing is off.
Box from 14.275m, 0m, 0m, to 14.2875m, 0.05m, 18.8875m of material(s) rock created, dielectric smoothing is on.
Box from 14.275m, 0m, 18.8875m, to 14.2875m, 0.05m, 21.125m of material(s) cover created, dielectric smoothing is off.
Box from 14.2875m, 0m, 0m, to 14.3625m, 0.05m, 18.8875m of material(s) rock created, dielectric smoothing is on.
Box from 14.2875m, 0m, 18.8875m, to 14.3625m, 0.05m, 21.1125m of material(s) cover created, dielectric smoothing is off.
Box from 14.3625m, 0m, 0m, to 14.425m, 0.05m, 18.8875m of material(s) rock created, dielectric smoothing is on.
Box from 14.3625m, 0m, 18.8875m, to 14.425m, 0.05m, 21.1m of material(s) cover created, dielectric smoothing is off.
Box from 14.425m, 0m, 0m, to 14.4375m, 0.05m, 18.875m of material(s) rock created, dielectric smoothing is on.
Box from 14.425m, 0m, 18.875m, to 14.4375m, 0.05m, 21.1m of material(s) cover created, dielectric smoothing is off.
Box from 14.4375m, 0m, 0m, to 14.5125m, 0.05m, 18.875m of material(s) rock created, dielectric smoothing is on.
Box from 14.4375m, 0m, 18.875m, to 14.5125m, 0.05m, 21.0875m of material(s) cover created, dielectric smoothing is off.
Box from 14.5125m, 0m, 0m, to 14.575m, 0.05m, 18.875m of material(s) rock created, dielectric smoothing is on.
Box from 14.5125m, 0m, 18.875m, to 14.575m, 0.05m, 21.075m of material(s) cover created, dielectric smoothing is off.
Box from 14.575m, 0m, 0m, to 14.5875m, 0.05m, 18.8625m of material(s) rock created, dielectric smoothing is on.
Box from 14.575m, 0m, 18.8625m, to 14.5875m, 0.05m, 21.075m of material(s) cover created, dielectric smoothing is off.
Box from 14.5875m, 0m, 0m, to 14.6625m, 0.05m, 18.8625m of material(s) rock created, dielectric smoothing is on.
Box from 14.5875m, 0m, 18.8625m, to 14.6625m, 0.05m, 21.0625m of material(s) cover created, dielectric smoothing is off.
Box from 14.6625m, 0m, 0m, to 14.725m, 0.05m, 18.8625m of material(s) rock created, dielectric smoothing is on.
Box from 14.6625m, 0m, 18.8625m, to 14.725m, 0.05m, 21.05m of material(s) cover created, dielectric smoothing is off.
Box from 14.725m, 0m, 0m, to 14.7375m, 0.05m, 18.85m of material(s) rock created, dielectric smoothing is on.
Box from 14.725m, 0m, 18.85m, to 14.7375m, 0.05m, 21.05m of material(s) cover created, dielectric smoothing is off.
Box from 14.7375m, 0m, 0m, to 14.75m, 0.05m, 18.85m of material(s) rock created, dielectric smoothing is on.
Box from 14.7375m, 0m, 18.85m, to 14.75m, 0.05m, 21.0375m of material(s) cover created, dielectric smoothing is off.
Box from 14.75m, 0m, 0m, to 14.8125m, 0.05m, 18.95m of material(s) rock created, dielectric smoothing is on.
Box from 14.75m, 0m, 18.95m, to 14.8125m, 0.05m, 21.0375m of material(s) cover created, dielectric smoothing is off.
Box from 14.8125m, 0m, 0m, to 14.875m, 0.05m, 18.95m of material(s) rock created, dielectric smoothing is on.
Box from 14.8125m, 0m, 18.95m, to 14.875m, 0.05m, 21.025m of material(s) cover created, dielectric smoothing is off.
Box from 14.875m, 0m, 0m, to 14.8875m, 0.05m, 18.9375m of material(s) rock created, dielectric smoothing is on.
Box from 14.875m, 0m, 18.9375m, to 14.8875m, 0.05m, 21.025m of material(s) cover created, dielectric smoothing is off.
Box from 14.8875m, 0m, 0m, to 14.9625m, 0.05m, 18.9375m of material(s) rock created, dielectric smoothing is on.
Box from 14.8875m, 0m, 18.9375m, to 14.9625m, 0.05m, 21.0125m of material(s) cover created, dielectric smoothing is off.
Box from 14.9625m, 0m, 0m, to 15.025m, 0.05m, 18.9375m of material(s) rock created, dielectric smoothing is on.
Box from 14.9625m, 0m, 18.9375m, to 15.025m, 0.05m, 21m of material(s) cover created, dielectric smoothing is off.
Box from 15.025m, 0m, 0m, to 15.0375m, 0.05m, 18.925m of material(s) rock created, dielectric smoothing is on.
Box from 15.025m, 0m, 18.925m, to 15.0375m, 0.05m, 21m of material(s) cover created, dielectric smoothing is off.
Box from 15.0375m, 0m, 0m, to 15.1125m, 0.05m, 18.925m of material(s) rock created, dielectric smoothing is on.
Box from 15.0375m, 0m, 18.925m, to 15.1125m, 0.05m, 20.9875m of material(s) cover created, dielectric smoothing is off.
Box from 15.1125m, 0m, 0m, to 15.175m, 0.05m, 18.925m of material(s) rock created, dielectric smoothing is on.
Box from 15.1125m, 0m, 18.925m, to 15.175m, 0.05m, 20.975m of material(s) cover created, dielectric smoothing is off.
Box from 15.175m, 0m, 0m, to 15.1875m, 0.05m, 18.9125m of material(s) rock created, dielectric smoothing is on.
Box from 15.175m, 0m, 18.9125m, to 15.1875m, 0.05m, 20.975m of material(s) cover created, dielectric smoothing is off.
Box from 15.1875m, 0m, 0m, to 15.25m, 0.05m, 18.9125m of material(s) rock created, dielectric smoothing is on.
Box from 15.1875m, 0m, 18.9125m, to 15.25m, 0.05m, 20.9625m of material(s) cover created, dielectric smoothing is off.
Box from 15.25m, 0m, 0m, to 15.2625m, 0.05m, 19.0125m of material(s) rock created, dielectric smoothing is on.
Box from 15.25m, 0m, 19.0125m, to 15.2625m, 0.05m, 20.9625m of material(s) cover created, dielectric smoothing is off.
Box from 15.2625m, 0m, 0m, to 15.325m, 0.05m, 19.0125m of material(s) rock created, dielectric smoothing is on.
Box from 15.2625m, 0m, 19.0125m, to 15.325m, 0.05m, 20.95m of material(s) cover created, dielectric smoothing is off.
Box from 15.325m, 0m, 0m, to 15.3375m, 0.05m, 19m of material(s) rock created, dielectric smoothing is on.
Box from 15.325m, 0m, 19m, to 15.3375m, 0.05m, 20.95m of material(s) cover created, dielectric smoothing is off.
Box from 15.3375m, 0m, 0m, to 15.4125m, 0.05m, 19m of material(s) rock created, dielectric smoothing is on.
Box from 15.3375m, 0m, 19m, to 15.4125m, 0.05m, 20.9375m of material(s) cover created, dielectric smoothing is off.
Box from 15.4125m, 0m, 0m, to 15.475m, 0.05m, 19m of material(s) rock created, dielectric smoothing is on.
Box from 15.4125m, 0m, 19m, to 15.475m, 0.05m, 20.925m of material(s) cover created, dielectric smoothing is off.
Box from 15.475m, 0m, 0m, to 15.4875m, 0.05m, 18.9875m of material(s) rock created, dielectric smoothing is on.
Box from 15.475m, 0m, 18.9875m, to 15.4875m, 0.05m, 20.925m of material(s) cover created, dielectric smoothing is off.
Box from 15.4875m, 0m, 0m, to 15.5m, 0.05m, 18.9875m of material(s) rock created, dielectric smoothing is on.
Box from 15.4875m, 0m, 18.9875m, to 15.5m, 0.05m, 20.9125m of material(s) cover created, dielectric smoothing is off.
Box from 15.5m, 0m, 0m, to 15.5625m, 0.05m, 19.0875m of material(s) rock created, dielectric smoothing is on.
Box from 15.5m, 0m, 19.0875m, to 15.5625m, 0.05m, 20.9125m of material(s) cover created, dielectric smoothing is off.
Box from 15.5625m, 0m, 0m, to 15.625m, 0.05m, 19.0875m of material(s) rock created, dielectric smoothing is on.
Box from 15.5625m, 0m, 19.0875m, to 15.625m, 0.05m, 20.9m of material(s) cover created, dielectric smoothing is off.
Box from 15.625m, 0m, 0m, to 15.6375m, 0.05m, 19.075m of material(s) rock created, dielectric smoothing is on.
Box from 15.625m, 0m, 19.075m, to 15.6375m, 0.05m, 20.9m of material(s) cover created, dielectric smoothing is off.
Box from 15.6375m, 0m, 0m, to 15.7125m, 0.05m, 19.075m of material(s) rock created, dielectric smoothing is on.
Box from 15.6375m, 0m, 19.075m, to 15.7125m, 0.05m, 20.8875m of material(s) cover created, dielectric smoothing is off.
Box from 15.7125m, 0m, 0m, to 15.75m, 0.05m, 19.075m of material(s) rock created, dielectric smoothing is on.
Box from 15.7125m, 0m, 19.075m, to 15.75m, 0.05m, 20.875m of material(s) cover created, dielectric smoothing is off.
Box from 15.75m, 0m, 0m, to 15.775m, 0.05m, 19.175m of material(s) rock created, dielectric smoothing is on.
Box from 15.75m, 0m, 19.175m, to 15.775m, 0.05m, 20.875m of material(s) cover created, dielectric smoothing is off.
Box from 15.775m, 0m, 0m, to 15.7875m, 0.05m, 19.1625m of material(s) rock created, dielectric smoothing is on.
Box from 15.775m, 0m, 19.1625m, to 15.7875m, 0.05m, 20.875m of material(s) cover created, dielectric smoothing is off.
Box from 15.7875m, 0m, 0m, to 15.8625m, 0.05m, 19.1625m of material(s) rock created, dielectric smoothing is on.
Box from 15.7875m, 0m, 19.1625m, to 15.8625m, 0.05m, 20.8625m of material(s) cover created, dielectric smoothing is off.
Box from 15.8625m, 0m, 0m, to 15.925m, 0.05m, 19.1625m of material(s) rock created, dielectric smoothing is on.
Box from 15.8625m, 0m, 19.1625m, to 15.925m, 0.05m, 20.85m of material(s) cover created, dielectric smoothing is off.
Box from 15.925m, 0m, 0m, to 15.9375m, 0.05m, 19.15m of material(s) rock created, dielectric smoothing is on.
Box from 15.925m, 0m, 19.15m, to 15.9375m, 0.05m, 20.85m of material(s) cover created, dielectric smoothing is off.
Box from 15.9375m, 0m, 0m, to 16m, 0.05m, 19.15m of material(s) rock created, dielectric smoothing is on.
Box from 15.9375m, 0m, 19.15m, to 16m, 0.05m, 20.8375m of material(s) cover created, dielectric smoothing is off.
Box from 16m, 0m, 0m, to 16.0125m, 0.05m, 19.25m of material(s) rock created, dielectric smoothing is on.
Box from 16m, 0m, 19.25m, to 16.0125m, 0.05m, 20.8375m of material(s) cover created, dielectric smoothing is off.
Box from 16.0125m, 0m, 0m, to 16.075m, 0.05m, 19.25m of material(s) rock created, dielectric smoothing is on.
Box from 16.0125m, 0m, 19.25m, to 16.075m, 0.05m, 20.825m of material(s) cover created, dielectric smoothing is off.
Box from 16.075m, 0m, 0m, to 16.0875m, 0.05m, 19.2375m of material(s) rock created, dielectric smoothing is on.
Box from 16.075m, 0m, 19.2375m, to 16.0875m, 0.05m, 20.825m of material(s) cover created, dielectric smoothing is off.
Box from 16.0875m, 0m, 0m, to 16.1625m, 0.05m, 19.2375m of material(s) rock created, dielectric smoothing is on.
Box from 16.0875m, 0m, 19.2375m, to 16.1625m, 0.05m, 20.8125m of material(s) cover created, dielectric smoothing is off.
Box from 16.1625m, 0m, 0m, to 16.225m, 0.05m, 19.2375m of material(s) rock created, dielectric smoothing is on.
Box from 16.1625m, 0m, 19.2375m, to 16.225m, 0.05m, 20.8m of material(s) cover created, dielectric smoothing is off.
Box from 16.225m, 0m, 0m, to 16.2375m, 0.05m, 19.225m of material(s) rock created, dielectric smoothing is on.
Box from 16.225m, 0m, 19.225m, to 16.2375m, 0.05m, 20.8m of material(s) cover created, dielectric smoothing is off.
Box from 16.2375m, 0m, 0m, to 16.25m, 0.05m, 19.225m of material(s) rock created, dielectric smoothing is on.
Box from 16.2375m, 0m, 19.225m, to 16.25m, 0.05m, 20.7875m of material(s) cover created, dielectric smoothing is off.
Box from 16.25m, 0m, 0m, to 16.3125m, 0.05m, 19.325m of material(s) rock created, dielectric smoothing is on.
Box from 16.25m, 0m, 19.325m, to 16.3125m, 0.05m, 20.7875m of material(s) cover created, dielectric smoothing is off.
Box from 16.3125m, 0m, 0m, to 16.375m, 0.05m, 19.325m of material(s) rock created, dielectric smoothing is on.
Box from 16.3125m, 0m, 19.325m, to 16.375m, 0.05m, 20.775m of material(s) cover created, dielectric smoothing is off.
Box from 16.375m, 0m, 0m, to 16.3875m, 0.05m, 19.3125m of material(s) rock created, dielectric smoothing is on.
Box from 16.375m, 0m, 19.3125m, to 16.3875m, 0.05m, 20.775m of material(s) cover created, dielectric smoothing is off.
Box from 16.3875m, 0m, 0m, to 16.4625m, 0.05m, 19.3125m of material(s) rock created, dielectric smoothing is on.
Box from 16.3875m, 0m, 19.3125m, to 16.4625m, 0.05m, 20.7625m of material(s) cover created, dielectric smoothing is off.
Box from 16.4625m, 0m, 0m, to 16.5m, 0.05m, 19.3125m of material(s) rock created, dielectric smoothing is on.
Box from 16.4625m, 0m, 19.3125m, to 16.5m, 0.05m, 20.75m of material(s) cover created, dielectric smoothing is off.
Box from 16.5m, 0m, 0m, to 16.525m, 0.05m, 19.4125m of material(s) rock created, dielectric smoothing is on.
Box from 16.5m, 0m, 19.4125m, to 16.525m, 0.05m, 20.75m of material(s) cover created, dielectric smoothing is off.
Box from 16.525m, 0m, 0m, to 16.5375m, 0.05m, 19.4m of material(s) rock created, dielectric smoothing is on.
Box from 16.525m, 0m, 19.4m, to 16.5375m, 0.05m, 20.75m of material(s) cover created, dielectric smoothing is off.
Box from 16.5375m, 0m, 0m, to 16.6125m, 0.05m, 19.4m of material(s) rock created, dielectric smoothing is on.
Box from 16.5375m, 0m, 19.4m, to 16.6125m, 0.05m, 20.7375m of material(s) cover created, dielectric smoothing is off.
Box from 16.6125m, 0m, 0m, to 16.675m, 0.05m, 19.4m of material(s) rock created, dielectric smoothing is on.
Box from 16.6125m, 0m, 19.4m, to 16.675m, 0.05m, 20.725m of material(s) cover created, dielectric smoothing is off.
Box from 16.675m, 0m, 0m, to 16.6875m, 0.05m, 19.3875m of material(s) rock created, dielectric smoothing is on.
Box from 16.675m, 0m, 19.3875m, to 16.6875m, 0.05m, 20.725m of material(s) cover created, dielectric smoothing is off.
Box from 16.6875m, 0m, 0m, to 16.7625m, 0.05m, 19.3875m of material(s) rock created, dielectric smoothing is on.
Box from 16.6875m, 0m, 19.3875m, to 16.7625m, 0.05m, 20.7125m of material(s) cover created, dielectric smoothing is off.
Box from 16.7625m, 0m, 0m, to 16.825m, 0.05m, 19.3875m of material(s) rock created, dielectric smoothing is on.
Box from 16.7625m, 0m, 19.3875m, to 16.825m, 0.05m, 20.7m of material(s) cover created, dielectric smoothing is off.
Box from 16.825m, 0m, 0m, to 16.8375m, 0.05m, 19.375m of material(s) rock created, dielectric smoothing is on.
Box from 16.825m, 0m, 19.375m, to 16.8375m, 0.05m, 20.7m of material(s) cover created, dielectric smoothing is off.
Box from 16.8375m, 0m, 0m, to 16.9125m, 0.05m, 19.375m of material(s) rock created, dielectric smoothing is on.
Box from 16.8375m, 0m, 19.375m, to 16.9125m, 0.05m, 20.6875m of material(s) cover created, dielectric smoothing is off.
Box from 16.9125m, 0m, 0m, to 16.975m, 0.05m, 19.375m of material(s) rock created, dielectric smoothing is on.
Box from 16.9125m, 0m, 19.375m, to 16.975m, 0.05m, 20.675m of material(s) cover created, dielectric smoothing is off.
Box from 16.975m, 0m, 0m, to 16.9875m, 0.05m, 19.3625m of material(s) rock created, dielectric smoothing is on.
Box from 16.975m, 0m, 19.3625m, to 16.9875m, 0.05m, 20.675m of material(s) cover created, dielectric smoothing is off.
Box from 16.9875m, 0m, 0m, to 17m, 0.05m, 19.3625m of material(s) rock created, dielectric smoothing is on.
Box from 16.9875m, 0m, 19.3625m, to 17m, 0.05m, 20.6625m of material(s) cover created, dielectric smoothing is off.
Box from 17m, 0m, 0m, to 17.0625m, 0.05m, 19.4625m of material(s) rock created, dielectric smoothing is on.
Box from 17m, 0m, 19.4625m, to 17.0625m, 0.05m, 20.6625m of material(s) cover created, dielectric smoothing is off.
Box from 17.0625m, 0m, 0m, to 17.125m, 0.05m, 19.4625m of material(s) rock created, dielectric smoothing is on.
Box from 17.0625m, 0m, 19.4625m, to 17.125m, 0.05m, 20.65m of material(s) cover created, dielectric smoothing is off.
Box from 17.125m, 0m, 0m, to 17.1375m, 0.05m, 19.45m of material(s) rock created, dielectric smoothing is on.
Box from 17.125m, 0m, 19.45m, to 17.1375m, 0.05m, 20.65m of material(s) cover created, dielectric smoothing is off.
Box from 17.1375m, 0m, 0m, to 17.2125m, 0.05m, 19.45m of material(s) rock created, dielectric smoothing is on.
Box from 17.1375m, 0m, 19.45m, to 17.2125m, 0.05m, 20.6375m of material(s) cover created, dielectric smoothing is off.
Box from 17.2125m, 0m, 0m, to 17.275m, 0.05m, 19.45m of material(s) rock created, dielectric smoothing is on.
Box from 17.2125m, 0m, 19.45m, to 17.275m, 0.05m, 20.625m of material(s) cover created, dielectric smoothing is off.
Box from 17.275m, 0m, 0m, to 17.2875m, 0.05m, 19.4375m of material(s) rock created, dielectric smoothing is on.
Box from 17.275m, 0m, 19.4375m, to 17.2875m, 0.05m, 20.625m of material(s) cover created, dielectric smoothing is off.
Box from 17.2875m, 0m, 0m, to 17.3625m, 0.05m, 19.4375m of material(s) rock created, dielectric smoothing is on.
Box from 17.2875m, 0m, 19.4375m, to 17.3625m, 0.05m, 20.6125m of material(s) cover created, dielectric smoothing is off.
Box from 17.3625m, 0m, 0m, to 17.425m, 0.05m, 19.4375m of material(s) rock created, dielectric smoothing is on.
Box from 17.3625m, 0m, 19.4375m, to 17.425m, 0.05m, 20.6m of material(s) cover created, dielectric smoothing is off.
Box from 17.425m, 0m, 0m, to 17.4375m, 0.05m, 19.425m of material(s) rock created, dielectric smoothing is on.
Box from 17.425m, 0m, 19.425m, to 17.4375m, 0.05m, 20.6m of material(s) cover created, dielectric smoothing is off.
Box from 17.4375m, 0m, 0m, to 17.5125m, 0.05m, 19.425m of material(s) rock created, dielectric smoothing is on.
Box from 17.4375m, 0m, 19.425m, to 17.5125m, 0.05m, 20.5875m of material(s) cover created, dielectric smoothing is off.
Box from 17.5125m, 0m, 0m, to 17.575m, 0.05m, 19.425m of material(s) rock created, dielectric smoothing is on.
Box from 17.5125m, 0m, 19.425m, to 17.575m, 0.05m, 20.575m of material(s) cover created, dielectric smoothing is off.
Box from 17.575m, 0m, 0m, to 17.5875m, 0.05m, 19.4125m of material(s) rock created, dielectric smoothing is on.
Box from 17.575m, 0m, 19.4125m, to 17.5875m, 0.05m, 20.575m of material(s) cover created, dielectric smoothing is off.
Box from 17.5875m, 0m, 0m, to 17.6625m, 0.05m, 19.4125m of material(s) rock created, dielectric smoothing is on.
Box from 17.5875m, 0m, 19.4125m, to 17.6625m, 0.05m, 20.5625m of material(s) cover created, dielectric smoothing is off.
Box from 17.6625m, 0m, 0m, to 17.725m, 0.05m, 19.4125m of material(s) rock created, dielectric smoothing is on.
Box from 17.6625m, 0m, 19.4125m, to 17.725m, 0.05m, 20.55m of material(s) cover created, dielectric smoothing is off.
Box from 17.725m, 0m, 0m, to 17.7375m, 0.05m, 19.4m of material(s) rock created, dielectric smoothing is on.
Box from 17.725m, 0m, 19.4m, to 17.7375m, 0.05m, 20.55m of material(s) cover created, dielectric smoothing is off.
Box from 17.7375m, 0m, 0m, to 17.8125m, 0.05m, 19.4m of material(s) rock created, dielectric smoothing is on.
Box from 17.7375m, 0m, 19.4m, to 17.8125m, 0.05m, 20.5375m of material(s) cover created, dielectric smoothing is off.
Box from 17.8125m, 0m, 0m, to 17.875m, 0.05m, 19.4m of material(s) rock created, dielectric smoothing is on.
Box from 17.8125m, 0m, 19.4m, to 17.875m, 0.05m, 20.525m of material(s) cover created, dielectric smoothing is off.
Box from 17.875m, 0m, 0m, to 17.8875m, 0.05m, 19.3875m of material(s) rock created, dielectric smoothing is on.
Box from 17.875m, 0m, 19.3875m, to 17.8875m, 0.05m, 20.525m of material(s) cover created, dielectric smoothing is off.
Box from 17.8875m, 0m, 0m, to 17.9625m, 0.05m, 19.3875m of material(s) rock created, dielectric smoothing is on.
Box from 17.8875m, 0m, 19.3875m, to 17.9625m, 0.05m, 20.5125m of material(s) cover created, dielectric smoothing is off.
Box from 17.9625m, 0m, 0m, to 18.025m, 0.05m, 19.3875m of material(s) rock created, dielectric smoothing is on.
Box from 17.9625m, 0m, 19.3875m, to 18.025m, 0.05m, 20.5m of material(s) cover created, dielectric smoothing is off.
Box from 18.025m, 0m, 0m, to 18.0375m, 0.05m, 19.375m of material(s) rock created, dielectric smoothing is on.
Box from 18.025m, 0m, 19.375m, to 18.0375m, 0.05m, 20.5m of material(s) cover created, dielectric smoothing is off.
Box from 18.0375m, 0m, 0m, to 18.1125m, 0.05m, 19.375m of material(s) rock created, dielectric smoothing is on.
Box from 18.0375m, 0m, 19.375m, to 18.1125m, 0.05m, 20.4875m of material(s) cover created, dielectric smoothing is off.
Box from 18.1125m, 0m, 0m, to 18.175m, 0.05m, 19.375m of material(s) rock created, dielectric smoothing is on.
Box from 18.1125m, 0m, 19.375m, to 18.175m, 0.05m, 20.475m of material(s) cover created, dielectric smoothing is off.
Box from 18.175m, 0m, 0m, to 18.1875m, 0.05m, 19.3625m of material(s) rock created, dielectric smoothing is on.
Box from 18.175m, 0m, 19.3625m, to 18.1875m, 0.05m, 20.475m of material(s) cover created, dielectric smoothing is off.
Box from 18.1875m, 0m, 0m, to 18.2625m, 0.05m, 19.3625m of material(s) rock created, dielectric smoothing is on.
Box from 18.1875m, 0m, 19.3625m, to 18.2625m, 0.05m, 20.4625m of material(s) cover created, dielectric smoothing is off.
Box from 18.2625m, 0m, 0m, to 18.325m, 0.05m, 19.3625m of material(s) rock created, dielectric smoothing is on.
Box from 18.2625m, 0m, 19.3625m, to 18.325m, 0.05m, 20.45m of material(s) cover created, dielectric smoothing is off.
Box from 18.325m, 0m, 0m, to 18.3375m, 0.05m, 19.35m of material(s) rock created, dielectric smoothing is on.
Box from 18.325m, 0m, 19.35m, to 18.3375m, 0.05m, 20.45m of material(s) cover created, dielectric smoothing is off.
Box from 18.3375m, 0m, 0m, to 18.4125m, 0.05m, 19.35m of material(s) rock created, dielectric smoothing is on.
Box from 18.3375m, 0m, 19.35m, to 18.4125m, 0.05m, 20.4375m of material(s) cover created, dielectric smoothing is off.
Box from 18.4125m, 0m, 0m, to 18.475m, 0.05m, 19.35m of material(s) rock created, dielectric smoothing is on.
Box from 18.4125m, 0m, 19.35m, to 18.475m, 0.05m, 20.425m of material(s) cover created, dielectric smoothing is off.
Box from 18.475m, 0m, 0m, to 18.4875m, 0.05m, 19.3375m of material(s) rock created, dielectric smoothing is on.
Box from 18.475m, 0m, 19.3375m, to 18.4875m, 0.05m, 20.425m of material(s) cover created, dielectric smoothing is off.
Box from 18.4875m, 0m, 0m, to 18.5m, 0.05m, 19.3375m of material(s) rock created, dielectric smoothing is on.
Box from 18.4875m, 0m, 19.3375m, to 18.5m, 0.05m, 20.4125m of material(s) cover created, dielectric smoothing is off.
Box from 18.5m, 0m, 0m, to 18.5625m, 0.05m, 19.2375m of material(s) rock created, dielectric smoothing is on.
Box from 18.5m, 0m, 19.2375m, to 18.5625m, 0.05m, 20.4125m of material(s) cover created, dielectric smoothing is off.
Box from 18.5625m, 0m, 0m, to 18.625m, 0.05m, 19.2375m of material(s) rock created, dielectric smoothing is on.
Box from 18.5625m, 0m, 19.2375m, to 18.625m, 0.05m, 20.4m of material(s) cover created, dielectric smoothing is off.
Box from 18.625m, 0m, 0m, to 18.6375m, 0.05m, 19.225m of material(s) rock created, dielectric smoothing is on.
Box from 18.625m, 0m, 19.225m, to 18.6375m, 0.05m, 20.4m of material(s) cover created, dielectric smoothing is off.
Box from 18.6375m, 0m, 0m, to 18.7125m, 0.05m, 19.225m of material(s) rock created, dielectric smoothing is on.
Box from 18.6375m, 0m, 19.225m, to 18.7125m, 0.05m, 20.3875m of material(s) cover created, dielectric smoothing is off.
Box from 18.7125m, 0m, 0m, to 18.775m, 0.05m, 19.225m of material(s) rock created, dielectric smoothing is on.
Box from 18.7125m, 0m, 19.225m, to 18.775m, 0.05m, 20.375m of material(s) cover created, dielectric smoothing is off.
Box from 18.775m, 0m, 0m, to 18.7875m, 0.05m, 19.2125m of material(s) rock created, dielectric smoothing is on.
Box from 18.775m, 0m, 19.2125m, to 18.7875m, 0.05m, 20.375m of material(s) cover created, dielectric smoothing is off.
Box from 18.7875m, 0m, 0m, to 18.8625m, 0.05m, 19.2125m of material(s) rock created, dielectric smoothing is on.
Box from 18.7875m, 0m, 19.2125m, to 18.8625m, 0.05m, 20.3625m of material(s) cover created, dielectric smoothing is off.
Box from 18.8625m, 0m, 0m, to 18.925m, 0.05m, 19.2125m of material(s) rock created, dielectric smoothing is on.
Box from 18.8625m, 0m, 19.2125m, to 18.925m, 0.05m, 20.35m of material(s) cover created, dielectric smoothing is off.
Box from 18.925m, 0m, 0m, to 18.9375m, 0.05m, 19.2m of material(s) rock created, dielectric smoothing is on.
Box from 18.925m, 0m, 19.2m, to 18.9375m, 0.05m, 20.35m of material(s) cover created, dielectric smoothing is off.
Box from 18.9375m, 0m, 0m, to 19m, 0.05m, 19.2m of material(s) rock created, dielectric smoothing is on.
Box from 18.9375m, 0m, 19.2m, to 19m, 0.05m, 20.3375m of material(s) cover created, dielectric smoothing is off.
Box from 19m, 0m, 0m, to 19.0125m, 0.05m, 19.1m of material(s) rock created, dielectric smoothing is on.
Box from 19m, 0m, 19.1m, to 19.0125m, 0.05m, 20.3375m of material(s) cover created, dielectric smoothing is off.
Box from 19.0125m, 0m, 0m, to 19.075m, 0.05m, 19.1m of material(s) rock created, dielectric smoothing is on.
Box from 19.0125m, 0m, 19.1m, to 19.075m, 0.05m, 20.325m of material(s) cover created, dielectric smoothing is off.
Box from 19.075m, 0m, 0m, to 19.0875m, 0.05m, 19.0875m of material(s) rock created, dielectric smoothing is on.
Box from 19.075m, 0m, 19.0875m, to 19.0875m, 0.05m, 20.325m of material(s) cover created, dielectric smoothing is off.
Box from 19.0875m, 0m, 0m, to 19.1625m, 0.05m, 19.0875m of material(s) rock created, dielectric smoothing is on.
Box from 19.0875m, 0m, 19.0875m, to 19.1625m, 0.05m, 20.3125m of material(s) cover created, dielectric smoothing is off.
Box from 19.1625m, 0m, 0m, to 19.225m, 0.05m, 19.0875m of material(s) rock created, dielectric smoothing is on.
Box from 19.1625m, 0m, 19.0875m, to 19.225m, 0.05m, 20.3m of material(s) cover created, dielectric smoothing is off.
Box from 19.225m, 0m, 0m, to 19.2375m, 0.05m, 19.075m of material(s) rock created, dielectric smoothing is on.
Box from 19.225m, 0m, 19.075m, to 19.2375m, 0.05m, 20.3m of material(s) cover created, dielectric smoothing is off.
Box from 19.2375m, 0m, 0m, to 19.3125m, 0.05m, 19.075m of material(s) rock created, dielectric smoothing is on.
Box from 19.2375m, 0m, 19.075m, to 19.3125m, 0.05m, 20.2875m of material(s) cover created, dielectric smoothing is off.
Box from 19.3125m, 0m, 0m, to 19.375m, 0.05m, 19.075m of material(s) rock created, dielectric smoothing is on.
Box from 19.3125m, 0m, 19.075m, to 19.375m, 0.05m, 20.275m of material(s) cover created, dielectric smoothing is off.
Box from 19.375m, 0m, 0m, to 19.3875m, 0.05m, 19.0625m of material(s) rock created, dielectric smoothing is on.
Box from 19.375m, 0m, 19.0625m, to 19.3875m, 0.05m, 20.275m of material(s) cover created, dielectric smoothing is off.
Box from 19.3875m, 0m, 0m, to 19.4625m, 0.05m, 19.0625m of material(s) rock created, dielectric smoothing is on.
Box from 19.3875m, 0m, 19.0625m, to 19.4625m, 0.05m, 20.2625m of material(s) cover created, dielectric smoothing is off.
Box from 19.4625m, 0m, 0m, to 19.5m, 0.05m, 19.0625m of material(s) rock created, dielectric smoothing is on.
Box from 19.4625m, 0m, 19.0625m, to 19.5m, 0.05m, 20.25m of material(s) cover created, dielectric smoothing is off.
Box from 19.5m, 0m, 0m, to 19.525m, 0.05m, 18.9625m of material(s) rock created, dielectric smoothing is on.
Box from 19.5m, 0m, 18.9625m, to 19.525m, 0.05m, 20.25m of material(s) cover created, dielectric smoothing is off.
Box from 19.525m, 0m, 0m, to 19.5375m, 0.05m, 18.95m of material(s) rock created, dielectric smoothing is on.
Box from 19.525m, 0m, 18.95m, to 19.5375m, 0.05m, 20.25m of material(s) cover created, dielectric smoothing is off.
Box from 19.5375m, 0m, 0m, to 19.6125m, 0.05m, 18.95m of material(s) rock created, dielectric smoothing is on.
Box from 19.5375m, 0m, 18.95m, to 19.6125m, 0.05m, 20.2375m of material(s) cover created, dielectric smoothing is off.
Box from 19.6125m, 0m, 0m, to 19.675m, 0.05m, 18.95m of material(s) rock created, dielectric smoothing is on.
Box from 19.6125m, 0m, 18.95m, to 19.675m, 0.05m, 20.225m of material(s) cover created, dielectric smoothing is off.
Box from 19.675m, 0m, 0m, to 19.6875m, 0.05m, 18.9375m of material(s) rock created, dielectric smoothing is on.
Box from 19.675m, 0m, 18.9375m, to 19.6875m, 0.05m, 20.225m of material(s) cover created, dielectric smoothing is off.
Box from 19.6875m, 0m, 0m, to 19.75m, 0.05m, 18.9375m of material(s) rock created, dielectric smoothing is on.
Box from 19.6875m, 0m, 18.9375m, to 19.75m, 0.05m, 20.2125m of material(s) cover created, dielectric smoothing is off.
Box from 19.75m, 0m, 0m, to 19.7625m, 0.05m, 18.8375m of material(s) rock created, dielectric smoothing is on.
Box from 19.75m, 0m, 18.8375m, to 19.7625m, 0.05m, 20.2125m of material(s) cover created, dielectric smoothing is off.
Box from 19.7625m, 0m, 0m, to 19.825m, 0.05m, 18.8375m of material(s) rock created, dielectric smoothing is on.
Box from 19.7625m, 0m, 18.8375m, to 19.825m, 0.05m, 20.2m of material(s) cover created, dielectric smoothing is off.
Box from 19.825m, 0m, 0m, to 19.8375m, 0.05m, 18.825m of material(s) rock created, dielectric smoothing is on.
Box from 19.825m, 0m, 18.825m, to 19.8375m, 0.05m, 20.2m of material(s) cover created, dielectric smoothing is off.
Box from 19.8375m, 0m, 0m, to 19.9125m, 0.05m, 18.825m of material(s) rock created, dielectric smoothing is on.
Box from 19.8375m, 0m, 18.825m, to 19.9125m, 0.05m, 20.1875m of material(s) cover created, dielectric smoothing is off.
Box from 19.9125m, 0m, 0m, to 19.975m, 0.05m, 18.825m of material(s) rock created, dielectric smoothing is on.
Box from 19.9125m, 0m, 18.825m, to 19.975m, 0.05m, 20.175m of material(s) cover created, dielectric smoothing is off.
Box from 19.975m, 0m, 0m, to 19.9875m, 0.05m, 18.8125m of material(s) rock created, dielectric smoothing is on.
Box from 19.975m, 0m, 18.8125m, to 19.9875m, 0.05m, 20.175m of material(s) cover created, dielectric smoothing is off.
Box from 19.9875m, 0m, 0m, to 20.0625m, 0.05m, 18.8125m of material(s) rock created, dielectric smoothing is on.
Box from 19.9875m, 0m, 18.8125m, to 20.0625m, 0.05m, 20.1625m of material(s) cover created, dielectric smoothing is off.
Box from 20.0625m, 0m, 0m, to 20.125m, 0.05m, 18.8125m of material(s) rock created, dielectric smoothing is on.
Box from 20.0625m, 0m, 18.8125m, to 20.125m, 0.05m, 20.15m of material(s) cover created, dielectric smoothing is off.
Box from 20.125m, 0m, 0m, to 20.1375m, 0.05m, 18.8m of material(s) rock created, dielectric smoothing is on.
Box from 20.125m, 0m, 18.8m, to 20.1375m, 0.05m, 20.15m of material(s) cover created, dielectric smoothing is off.
Box from 20.1375m, 0m, 0m, to 20.2125m, 0.05m, 18.8m of material(s) rock created, dielectric smoothing is on.
Box from 20.1375m, 0m, 18.8m, to 20.2125m, 0.05m, 20.1375m of material(s) cover created, dielectric smoothing is off.
Box from 20.2125m, 0m, 0m, to 20.25m, 0.05m, 18.8m of material(s) rock created, dielectric smoothing is on.
Box from 20.2125m, 0m, 18.8m, to 20.25m, 0.05m, 20.125m of material(s) cover created, dielectric smoothing is off.
Box from 20.25m, 0m, 0m, to 20.275m, 0.05m, 18.7m of material(s) rock created, dielectric smoothing is on.
Box from 20.25m, 0m, 18.7m, to 20.275m, 0.05m, 20.125m of material(s) cover created, dielectric smoothing is off.
Box from 20.275m, 0m, 0m, to 20.2875m, 0.05m, 18.6875m of material(s) rock created, dielectric smoothing is on.
Box from 20.275m, 0m, 18.6875m, to 20.2875m, 0.05m, 20.125m of material(s) cover created, dielectric smoothing is off.
Box from 20.2875m, 0m, 0m, to 20.3625m, 0.05m, 18.6875m of material(s) rock created, dielectric smoothing is on.
Box from 20.2875m, 0m, 18.6875m, to 20.3625m, 0.05m, 20.1125m of material(s) cover created, dielectric smoothing is off.
Box from 20.3625m, 0m, 0m, to 20.425m, 0.05m, 18.6875m of material(s) rock created, dielectric smoothing is on.
Box from 20.3625m, 0m, 18.6875m, to 20.425m, 0.05m, 20.1m of material(s) cover created, dielectric smoothing is off.
Box from 20.425m, 0m, 0m, to 20.4375m, 0.05m, 18.675m of material(s) rock created, dielectric smoothing is on.
Box from 20.425m, 0m, 18.675m, to 20.4375m, 0.05m, 20.1m of material(s) cover created, dielectric smoothing is off.
Box from 20.4375m, 0m, 0m, to 20.5125m, 0.05m, 18.675m of material(s) rock created, dielectric smoothing is on.
Box from 20.4375m, 0m, 18.675m, to 20.5125m, 0.05m, 20.0875m of material(s) cover created, dielectric smoothing is off.
Box from 20.5125m, 0m, 0m, to 20.575m, 0.05m, 18.675m of material(s) rock created, dielectric smoothing is on.
Box from 20.5125m, 0m, 18.675m, to 20.575m, 0.05m, 20.075m of material(s) cover created, dielectric smoothing is off.
Box from 20.575m, 0m, 0m, to 20.5875m, 0.05m, 18.6625m of material(s) rock created, dielectric smoothing is on.
Box from 20.575m, 0m, 18.6625m, to 20.5875m, 0.05m, 20.075m of material(s) cover created, dielectric smoothing is off.
Box from 20.5875m, 0m, 0m, to 20.6625m, 0.05m, 18.6625m of material(s) rock created, dielectric smoothing is on.
Box from 20.5875m, 0m, 18.6625m, to 20.6625m, 0.05m, 20.0625m of material(s) cover created, dielectric smoothing is off.
Box from 20.6625m, 0m, 0m, to 20.725m, 0.05m, 18.6625m of material(s) rock created, dielectric smoothing is on.
Box from 20.6625m, 0m, 18.6625m, to 20.725m, 0.05m, 20.05m of material(s) cover created, dielectric smoothing is off.
Box from 20.725m, 0m, 0m, to 20.7375m, 0.05m, 18.65m of material(s) rock created, dielectric smoothing is on.
Box from 20.725m, 0m, 18.65m, to 20.7375m, 0.05m, 20.05m of material(s) cover created, dielectric smoothing is off.
Box from 20.7375m, 0m, 0m, to 20.8125m, 0.05m, 18.65m of material(s) rock created, dielectric smoothing is on.
Box from 20.7375m, 0m, 18.65m, to 20.8125m, 0.05m, 20.0375m of material(s) cover created, dielectric smoothing is off.
Box from 20.8125m, 0m, 0m, to 20.875m, 0.05m, 18.65m of material(s) rock created, dielectric smoothing is on.
Box from 20.8125m, 0m, 18.65m, to 20.875m, 0.05m, 20.025m of material(s) cover created, dielectric smoothing is off.
Box from 20.875m, 0m, 0m, to 20.8875m, 0.05m, 18.6375m of material(s) rock created, dielectric smoothing is on.
Box from 20.875m, 0m, 18.6375m, to 20.8875m, 0.05m, 20.025m of material(s) cover created, dielectric smoothing is off.
Box from 20.8875m, 0m, 0m, to 20.9625m, 0.05m, 18.6375m of material(s) rock created, dielectric smoothing is on.
Box from 20.8875m, 0m, 18.6375m, to 20.9625m, 0.05m, 20.0125m of material(s) cover created, dielectric smoothing is off.
Box from 20.9625m, 0m, 0m, to 21.025m, 0.05m, 18.6375m of material(s) rock created, dielectric smoothing is on.
Box from 20.9625m, 0m, 18.6375m, to 21.025m, 0.05m, 20m of material(s) cover created, dielectric smoothing is off.
Box from 21.025m, 0m, 0m, to 21.0375m, 0.05m, 18.625m of material(s) rock created, dielectric smoothing is on.
Box from 21.025m, 0m, 18.625m, to 21.0375m, 0.05m, 20m of material(s) cover created, dielectric smoothing is off.
Box from 21.0375m, 0m, 0m, to 21.1125m, 0.05m, 18.625m of material(s) rock created, dielectric smoothing is on.
Box from 21.0375m, 0m, 18.625m, to 21.1125m, 0.05m, 19.9875m of material(s) cover created, dielectric smoothing is off.
Box from 21.1125m, 0m, 0m, to 21.175m, 0.05m, 18.625m of material(s) rock created, dielectric smoothing is on.
Box from 21.1125m, 0m, 18.625m, to 21.175m, 0.05m, 19.975m of material(s) cover created, dielectric smoothing is off.
Box from 21.175m, 0m, 0m, to 21.1875m, 0.05m, 18.6125m of material(s) rock created, dielectric smoothing is on.
Box from 21.175m, 0m, 18.6125m, to 21.1875m, 0.05m, 19.975m of material(s) cover created, dielectric smoothing is off.
Box from 21.1875m, 0m, 0m, to 21.2625m, 0.05m, 18.6125m of material(s) rock created, dielectric smoothing is on.
Box from 21.1875m, 0m, 18.6125m, to 21.2625m, 0.05m, 19.9625m of material(s) cover created, dielectric smoothing is off.
Box from 21.2625m, 0m, 0m, to 21.325m, 0.05m, 18.6125m of material(s) rock created, dielectric smoothing is on.
Box from 21.2625m, 0m, 18.6125m, to 21.325m, 0.05m, 19.95m of material(s) cover created, dielectric smoothing is off.
Box from 21.325m, 0m, 0m, to 21.3375m, 0.05m, 18.6m of material(s) rock created, dielectric smoothing is on.
Box from 21.325m, 0m, 18.6m, to 21.3375m, 0.05m, 19.95m of material(s) cover created, dielectric smoothing is off.
Box from 21.3375m, 0m, 0m, to 21.4125m, 0.05m, 18.6m of material(s) rock created, dielectric smoothing is on.
Box from 21.3375m, 0m, 18.6m, to 21.4125m, 0.05m, 19.9375m of material(s) cover created, dielectric smoothing is off.
Box from 21.4125m, 0m, 0m, to 21.475m, 0.05m, 18.6m of material(s) rock created, dielectric smoothing is on.
Box from 21.4125m, 0m, 18.6m, to 21.475m, 0.05m, 19.925m of material(s) cover created, dielectric smoothing is off.
Box from 21.475m, 0m, 0m, to 21.4875m, 0.05m, 18.5875m of material(s) rock created, dielectric smoothing is on.
Box from 21.475m, 0m, 18.5875m, to 21.4875m, 0.05m, 19.925m of material(s) cover created, dielectric smoothing is off.
Box from 21.4875m, 0m, 0m, to 21.5625m, 0.05m, 18.5875m of material(s) rock created, dielectric smoothing is on.
Box from 21.4875m, 0m, 18.5875m, to 21.5625m, 0.05m, 19.9125m of material(s) cover created, dielectric smoothing is off.
Box from 21.5625m, 0m, 0m, to 21.625m, 0.05m, 18.5875m of material(s) rock created, dielectric smoothing is on.
Box from 21.5625m, 0m, 18.5875m, to 21.625m, 0.05m, 19.9m of material(s) cover created, dielectric smoothing is off.
Box from 21.625m, 0m, 0m, to 21.6375m, 0.05m, 18.575m of material(s) rock created, dielectric smoothing is on.
Box from 21.625m, 0m, 18.575m, to 21.6375m, 0.05m, 19.9m of material(s) cover created, dielectric smoothing is off.
Box from 21.6375m, 0m, 0m, to 21.7125m, 0.05m, 18.575m of material(s) rock created, dielectric smoothing is on.
Box from 21.6375m, 0m, 18.575m, to 21.7125m, 0.05m, 19.8875m of material(s) cover created, dielectric smoothing is off.
Box from 21.7125m, 0m, 0m, to 21.775m, 0.05m, 18.575m of material(s) rock created, dielectric smoothing is on.
Box from 21.7125m, 0m, 18.575m, to 21.775m, 0.05m, 19.875m of material(s) cover created, dielectric smoothing is off.
Box from 21.775m, 0m, 0m, to 21.7875m, 0.05m, 18.5625m of material(s) rock created, dielectric smoothing is on.
Box from 21.775m, 0m, 18.5625m, to 21.7875m, 0.05m, 19.875m of material(s) cover created, dielectric smoothing is off.
Box from 21.7875m, 0m, 0m, to 21.8625m, 0.05m, 18.5625m of material(s) rock created, dielectric smoothing is on.
Box from 21.7875m, 0m, 18.5625m, to 21.8625m, 0.05m, 19.8625m of material(s) cover created, dielectric smoothing is off.
Box from 21.8625m, 0m, 0m, to 21.925m, 0.05m, 18.5625m of material(s) rock created, dielectric smoothing is on.
Box from 21.8625m, 0m, 18.5625m, to 21.925m, 0.05m, 19.85m of material(s) cover created, dielectric smoothing is off.
Box from 21.925m, 0m, 0m, to 21.9375m, 0.05m, 18.55m of material(s) rock created, dielectric smoothing is on.
Box from 21.925m, 0m, 18.55m, to 21.9375m, 0.05m, 19.85m of material(s) cover created, dielectric smoothing is off.
Box from 21.9375m, 0m, 0m, to 22m, 0.05m, 18.55m of material(s) rock created, dielectric smoothing is on.
Box from 21.9375m, 0m, 18.55m, to 22m, 0.05m, 19.8375m of material(s) cover created, dielectric smoothing is off.
Box from 22m, 0m, 0m, to 22.0125m, 0.05m, 18.65m of material(s) rock created, dielectric smoothing is on.
Box from 22m, 0m, 18.65m, to 22.0125m, 0.05m, 19.8375m of material(s) cover created, dielectric smoothing is off.
Box from 22.0125m, 0m, 0m, to 22.075m, 0.05m, 18.65m of material(s) rock created, dielectric smoothing is on.
Box from 22.0125m, 0m, 18.65m, to 22.075m, 0.05m, 19.825m of material(s) cover created, dielectric smoothing is off.
Box from 22.075m, 0m, 0m, to 22.0875m, 0.05m, 18.6375m of material(s) rock created, dielectric smoothing is on.
Box from 22.075m, 0m, 18.6375m, to 22.0875m, 0.05m, 19.825m of material(s) cover created, dielectric smoothing is off.
Box from 22.0875m, 0m, 0m, to 22.1625m, 0.05m, 18.6375m of material(s) rock created, dielectric smoothing is on.
Box from 22.0875m, 0m, 18.6375m, to 22.1625m, 0.05m, 19.8125m of material(s) cover created, dielectric smoothing is off.
Box from 22.1625m, 0m, 0m, to 22.225m, 0.05m, 18.6375m of material(s) rock created, dielectric smoothing is on.
Box from 22.1625m, 0m, 18.6375m, to 22.225m, 0.05m, 19.8m of material(s) cover created, dielectric smoothing is off.
Box from 22.225m, 0m, 0m, to 22.2375m, 0.05m, 18.625m of material(s) rock created, dielectric smoothing is on.
Box from 22.225m, 0m, 18.625m, to 22.2375m, 0.05m, 19.8m of material(s) cover created, dielectric smoothing is off.
Box from 22.2375m, 0m, 0m, to 22.25m, 0.05m, 18.625m of material(s) rock created, dielectric smoothing is on.
Box from 22.2375m, 0m, 18.625m, to 22.25m, 0.05m, 19.7875m of material(s) cover created, dielectric smoothing is off.
Box from 22.25m, 0m, 0m, to 22.3125m, 0.05m, 18.725m of material(s) rock created, dielectric smoothing is on.
Box from 22.25m, 0m, 18.725m, to 22.3125m, 0.05m, 19.7875m of material(s) cover created, dielectric smoothing is off.
Box from 22.3125m, 0m, 0m, to 22.375m, 0.05m, 18.725m of material(s) rock created, dielectric smoothing is on.
Box from 22.3125m, 0m, 18.725m, to 22.375m, 0.05m, 19.775m of material(s) cover created, dielectric smoothing is off.
Box from 22.375m, 0m, 0m, to 22.3875m, 0.05m, 18.7125m of material(s) rock created, dielectric smoothing is on.
Box from 22.375m, 0m, 18.7125m, to 22.3875m, 0.05m, 19.775m of material(s) cover created, dielectric smoothing is off.
Box from 22.3875m, 0m, 0m, to 22.4625m, 0.05m, 18.7125m of material(s) rock created, dielectric smoothing is on.
Box from 22.3875m, 0m, 18.7125m, to 22.4625m, 0.05m, 19.7625m of material(s) cover created, dielectric smoothing is off.
Box from 22.4625m, 0m, 0m, to 22.525m, 0.05m, 18.7125m of material(s) rock created, dielectric smoothing is on.
Box from 22.4625m, 0m, 18.7125m, to 22.525m, 0.05m, 19.75m of material(s) cover created, dielectric smoothing is off.
Box from 22.525m, 0m, 0m, to 22.5375m, 0.05m, 18.7m of material(s) rock created, dielectric smoothing is on.
Box from 22.525m, 0m, 18.7m, to 22.5375m, 0.05m, 19.75m of material(s) cover created, dielectric smoothing is off.
Box from 22.5375m, 0m, 0m, to 22.6125m, 0.05m, 18.7m of material(s) rock created, dielectric smoothing is on.
Box from 22.5375m, 0m, 18.7m, to 22.6125m, 0.05m, 19.7375m of material(s) cover created, dielectric smoothing is off.
Box from 22.6125m, 0m, 0m, to 22.675m, 0.05m, 18.7m of material(s) rock created, dielectric smoothing is on.
Box from 22.6125m, 0m, 18.7m, to 22.675m, 0.05m, 19.725m of material(s) cover created, dielectric smoothing is off.
Box from 22.675m, 0m, 0m, to 22.6875m, 0.05m, 18.6875m of material(s) rock created, dielectric smoothing is on.
Box from 22.675m, 0m, 18.6875m, to 22.6875m, 0.05m, 19.725m of material(s) cover created, dielectric smoothing is off.
Box from 22.6875m, 0m, 0m, to 22.75m, 0.05m, 18.6875m of material(s) rock created, dielectric smoothing is on.
Box from 22.6875m, 0m, 18.6875m, to 22.75m, 0.05m, 19.7125m of material(s) cover created, dielectric smoothing is off.
Box from 22.75m, 0m, 0m, to 22.7625m, 0.05m, 18.7875m of material(s) rock created, dielectric smoothing is on.
Box from 22.75m, 0m, 18.7875m, to 22.7625m, 0.05m, 19.7125m of material(s) cover created, dielectric smoothing is off.
Box from 22.7625m, 0m, 0m, to 22.825m, 0.05m, 18.7875m of material(s) rock created, dielectric smoothing is on.
Box from 22.7625m, 0m, 18.7875m, to 22.825m, 0.05m, 19.7m of material(s) cover created, dielectric smoothing is off.
Box from 22.825m, 0m, 0m, to 22.8375m, 0.05m, 18.775m of material(s) rock created, dielectric smoothing is on.
Box from 22.825m, 0m, 18.775m, to 22.8375m, 0.05m, 19.7m of material(s) cover created, dielectric smoothing is off.
Box from 22.8375m, 0m, 0m, to 22.9125m, 0.05m, 18.775m of material(s) rock created, dielectric smoothing is on.
Box from 22.8375m, 0m, 18.775m, to 22.9125m, 0.05m, 19.6875m of material(s) cover created, dielectric smoothing is off.
Box from 22.9125m, 0m, 0m, to 22.975m, 0.05m, 18.775m of material(s) rock created, dielectric smoothing is on.
Box from 22.9125m, 0m, 18.775m, to 22.975m, 0.05m, 19.675m of material(s) cover created, dielectric smoothing is off.
Box from 22.975m, 0m, 0m, to 22.9875m, 0.05m, 18.7625m of material(s) rock created, dielectric smoothing is on.
Box from 22.975m, 0m, 18.7625m, to 22.9875m, 0.05m, 19.675m of material(s) cover created, dielectric smoothing is off.
Box from 22.9875m, 0m, 0m, to 23.0625m, 0.05m, 18.7625m of material(s) rock created, dielectric smoothing is on.
Box from 22.9875m, 0m, 18.7625m, to 23.0625m, 0.05m, 19.6625m of material(s) cover created, dielectric smoothing is off.
Box from 23.0625m, 0m, 0m, to 23.125m, 0.05m, 18.7625m of material(s) rock created, dielectric smoothing is on.
Box from 23.0625m, 0m, 18.7625m, to 23.125m, 0.05m, 19.65m of material(s) cover created, dielectric smoothing is off.
Box from 23.125m, 0m, 0m, to 23.1375m, 0.05m, 18.75m of material(s) rock created, dielectric smoothing is on.
Box from 23.125m, 0m, 18.75m, to 23.1375m, 0.05m, 19.65m of material(s) cover created, dielectric smoothing is off.
Box from 23.1375m, 0m, 0m, to 23.2125m, 0.05m, 18.75m of material(s) rock created, dielectric smoothing is on.
Box from 23.1375m, 0m, 18.75m, to 23.2125m, 0.05m, 19.6375m of material(s) cover created, dielectric smoothing is off.
Box from 23.2125m, 0m, 0m, to 23.275m, 0.05m, 18.75m of material(s) rock created, dielectric smoothing is on.
Box from 23.2125m, 0m, 18.75m, to 23.275m, 0.05m, 19.625m of material(s) cover created, dielectric smoothing is off.
Box from 23.275m, 0m, 0m, to 23.2875m, 0.05m, 18.7375m of material(s) rock created, dielectric smoothing is on.
Box from 23.275m, 0m, 18.7375m, to 23.2875m, 0.05m, 19.625m of material(s) cover created, dielectric smoothing is off.
Box from 23.2875m, 0m, 0m, to 23.3625m, 0.05m, 18.7375m of material(s) rock created, dielectric smoothing is on.
Box from 23.2875m, 0m, 18.7375m, to 23.3625m, 0.05m, 19.6125m of material(s) cover created, dielectric smoothing is off.
Box from 23.3625m, 0m, 0m, to 23.425m, 0.05m, 18.7375m of material(s) rock created, dielectric smoothing is on.
Box from 23.3625m, 0m, 18.7375m, to 23.425m, 0.05m, 19.6m of material(s) cover created, dielectric smoothing is off.
Box from 23.425m, 0m, 0m, to 23.4375m, 0.05m, 18.725m of material(s) rock created, dielectric smoothing is on.
Box from 23.425m, 0m, 18.725m, to 23.4375m, 0.05m, 19.6m of material(s) cover created, dielectric smoothing is off.
Box from 23.4375m, 0m, 0m, to 23.5125m, 0.05m, 18.725m of material(s) rock created, dielectric smoothing is on.
Box from 23.4375m, 0m, 18.725m, to 23.5125m, 0.05m, 19.5875m of material(s) cover created, dielectric smoothing is off.
Box from 23.5125m, 0m, 0m, to 23.575m, 0.05m, 18.725m of material(s) rock created, dielectric smoothing is on.
Box from 23.5125m, 0m, 18.725m, to 23.575m, 0.05m, 19.575m of material(s) cover created, dielectric smoothing is off.
Box from 23.575m, 0m, 0m, to 23.5875m, 0.05m, 18.7125m of material(s) rock created, dielectric smoothing is on.
Box from 23.575m, 0m, 18.7125m, to 23.5875m, 0.05m, 19.575m of material(s) cover created, dielectric smoothing is off.
Box from 23.5875m, 0m, 0m, to 23.6625m, 0.05m, 18.7125m of material(s) rock created, dielectric smoothing is on.
Box from 23.5875m, 0m, 18.7125m, to 23.6625m, 0.05m, 19.5625m of material(s) cover created, dielectric smoothing is off.
Box from 23.6625m, 0m, 0m, to 23.725m, 0.05m, 18.7125m of material(s) rock created, dielectric smoothing is on.
Box from 23.6625m, 0m, 18.7125m, to 23.725m, 0.05m, 19.55m of material(s) cover created, dielectric smoothing is off.
Box from 23.725m, 0m, 0m, to 23.7375m, 0.05m, 18.7m of material(s) rock created, dielectric smoothing is on.
Box from 23.725m, 0m, 18.7m, to 23.7375m, 0.05m, 19.55m of material(s) cover created, dielectric smoothing is off.
Box from 23.7375m, 0m, 0m, to 23.8125m, 0.05m, 18.7m of material(s) rock created, dielectric smoothing is on.
Box from 23.7375m, 0m, 18.7m, to 23.8125m, 0.05m, 19.5375m of material(s) cover created, dielectric smoothing is off.
Box from 23.8125m, 0m, 0m, to 23.875m, 0.05m, 18.7m of material(s) rock created, dielectric smoothing is on.
Box from 23.8125m, 0m, 18.7m, to 23.875m, 0.05m, 19.525m of material(s) cover created, dielectric smoothing is off.
Box from 23.875m, 0m, 0m, to 23.8875m, 0.05m, 18.6875m of material(s) rock created, dielectric smoothing is on.
Box from 23.875m, 0m, 18.6875m, to 23.8875m, 0.05m, 19.525m of material(s) cover created, dielectric smoothing is off.
Box from 23.8875m, 0m, 0m, to 23.9625m, 0.05m, 18.6875m of material(s) rock created, dielectric smoothing is on.
Box from 23.8875m, 0m, 18.6875m, to 23.9625m, 0.05m, 19.5125m of material(s) cover created, dielectric smoothing is off.
Box from 23.9625m, 0m, 0m, to 36m, 0.05m, 18.6875m of material(s) rock created, dielectric smoothing is on.
Box from 23.9625m, 0m, 18.6875m, to 36m, 0.05m, 19.5m of material(s) cover created, dielectric smoothing is off.

--- Model 1/1, input file: E:\automation_djh\artifacts\research_checks\2026-10-05_slope_fine2m_snaps260_r1\slope_rough_s06\profile.in 


Memory required (estimated): ~1.9 GB [main_grid] + ~65.0 MB overhead = 2.0 GB

PML boundaries [main_grid]: {formulation: HORIPML, order: 1, thickness (cells): x0: 160, y0: 0, z0: 80, xmax: 160, ymax: 0, zmax: 80}


Materials [main_grid]:
    |            |         |       | sigma | Delta | tau        | omega | delta | gamma |      | sigma*  | Dielectric 
 ID | Name       | Type    | eps_r | [S/m] | eps_r | [s]        | [Hz]  | [Hz]  | [Hz]  | mu_r | [Ohm/m] | smoothable 
----+------------+---------+-------+-------+-------+------------+-------+-------+-------+------+---------+------------
  0 | pec        | builtin | 1     | inf   |       |            |       |       |       | 1    | 0       | False      
  1 | pmc        | builtin | 1     | 0     |       |            |       |       |       | 1    | inf     | False      
  2 | free_space | builtin | 1     | 0     |       |            |       |       |       | 1    | 0       | True       
  3 | rock       |         | 9     | 0.001 |       |            |       |       |       | 1    | 0       | True       
  4 | cover      | debye   | 11    | 0.001 | 0.5   | 6.4567e-09 |       |       |       | 1    | 0       | False      

Spatial-resolution analysis [main_grid]: minimum 25.6 cells per phase wavelength in 'cover', at 2.82794e+08 Hz.
[main_grid] continuum phase velocity 9.03743e+07 m/s, wavelength 0.319576 m at that limiting frequency.
[main_grid] minimum 1/e amplitude attenuation length: 838 cells in 'cover' at 2.82794e+08 Hz. Attenuation resolution is separate from phase-wavelength sampling.
Lossless numerical dispersion estimate [main_grid]: grid-axis phase-velocity error -0.01% in 'free_space' at 2.82794e+08 Hz. Propagation axis: x. This is a homogeneous bulk estimate, not an interface or stability guarantee.
Numerical dispersion analysis [main_grid]: lossy, dispersive or anisotropic materials: numerical phase-error estimate unavailable.
Output directory: E:\automation_djh\artifacts\research_checks\2026-10-05_slope_fine2m_snaps260_r1\slope_rough_s06




Model 1/1 solving on LAPTOP-83GRKUNE with CUDA backend using Device 0: NVIDIA GeForce RTX 4090 Laptop GPU

Written output file: profile.h5


Snapshot directory: E:\automation_djh\artifacts\research_checks\2026-10-05_slope_fine2m_snaps260_r1\slope_rough_s06\profile_snaps

Memory used (estimated): ~1.7 GB host + ~3.1 GB device
Time taken: 27.6922 seconds

=== Simulation completed in 33.8969 seconds ====================================

