taper_ns,frequency_Hz,ground_real,ground_imag,air_real,air_imag,difference_real,difference_imag
0,20000000.0,-0.1498707990454066,-0.17889030602100192,-0.17015740125101073,-0.1893211684049995,0.020286602205604132,0.010430862383997569
0,20300000.0,-1.7724508166906827,1.3136792614997488,-1.7767717772483254,1.3227881242902388,0.004320960557642639,-0.009108862790490058
0,20600000.0,-0.38293015122208296,2.9756402378208593,-0.3687513652988029,2.9686754900536325,-0.014178785923280035,0.0069647477672267755
0,20900000.0,1.360073598730759,1.6860956439613224,1.3571137842980545,1.6586797391791217,0.002959814432704544,0.027415904782200684
0,21200000.0,0.22114805894703904,-0.13467310179824107,0.1942658323466045,-0.1468139111284909,0.026882226600434544,0.01214080933024983
0,21500000.0,-1.620480188821462,0.8470964052187493,-1.636150514654479,0.8597077042386418,0.015670325833017085,-0.012611299019892552
0,21800000.0,-0.7486549140279942,2.6949348503081856,-0.741457584552247,2.6983099023753403,-0.0071973294757472495,-0.0033750520671547157
0,22100000.0,1.1437651963217634,1.9259943974487388,1.1407257851321855,1.9068498830241805,0.0030394111895779563,0.019144514424558334
0,22400000.0,0.5227731430711543,-0.010537828278508621,0.4943406841313505,-0.01953288146202328,0.028432458939803784,0.008995053183514658
0,22700000.0,-1.4053035357425234,0.4551164998364093,-1.4272098674847957,0.47387404914104975,0.0219063317422723,-0.018757549304640464
0,23000000.0,-1.0500442911137515,2.3577337457180065,-1.0455077177191676,2.373866578614735,-0.004536573394583909,-0.01613283289672829
0,23300000.0,0.861795413591732,2.100965487959828,0.8641227993300555,2.0929970136207916,-0.002327385738323584,0.007968474339036469
0,23600000.0,0.7421996075406422,0.17645790249352927,0.7195583197044523,0.1718621191973618,0.022641287836189905,0.004595783296167472
0,23900000.0,-1.1482824540416752,0.14999115313694927,-1.1693873801148198,0.1733408984866792,0.021104926073144625,-0.023349745349729917
0,24200000.0,-1.279696774036219,1.9873469743786678,-1.2725417776843697,2.0137670137496015,-0.007154996351849352,-0.026420039370933734
0,24500000.0,0.534465660419792,2.2075204732988416,0.5472712519493313,2.2087124020542785,-0.012805591529539306,-0.001191928755436944
0,24800000.0,0.874620951345527,0.4095794295495399,0.863940296009649,0.40616296022058845,0.010680655335878031,0.0034164693289514547
0,25100000.0,-0.8678005315335358,-0.060182874723840964,-0.8827274914577494,-0.03810304697624455,0.014926959924213667,-0.02207982774759641
0,25400000.0,-1.4312443371670178,1.6071626875132667,-1.4187299128305604,1.6370655459108667,-0.012514424336457441,-0.029902858397599985
0,25700000.0,0.1856193764660931,2.245790689407248,0.2102889200292217,2.250341284426491,-0.024669543563128588,-0.00455059501924282
0,26000000.0,0.9229656837849556,0.670599162546911,0.925998698875453,0.6624641127959123,-0.0030330150904974706,0.008135049750998657
0,26300000.0,-0.5790615718698963,-0.174050265804109,-0.5869649525758383,-0.16090853043467623,0.007903380705941987,-0.013141735369432778
0,26600000.0,-1.5004349463065438,1.237197105477117,-1.4846361691563776,1.2624798180280723,-0.0157987771501662,-0.025282712550955377
0,26900000.0,-0.15997469697799396,2.217062724556319,-0.12745873056995563,2.2187450036653296,-0.03251596640803833,-0.0016822791090107536
0,27200000.0,0.895535045548288,0.9387813429195374,0.9085044272575157,0.9210053530128154,-0.012969381709227679,0.017775989906722023
0,27500000.0,-0.29566254283792,-0.19819889954488817,-0.3006465611833326,-0.19953362421293605,0.004984018345412622,0.0013347246680478764
0,27800000.0,-1.4875174074879554,0.892215421696555,-1.4748945216033267,0.9074864360591869,-0.012622885884628676,-0.015271014362631896
0,28100000.0,-0.4803652798044004,2.122920244575904,-0.4482003873061498,2.1188923082993396,-0.03216489249825061,0.004027936276564503
0,28400000.0,0.8026186669483183,1.1917995938674817,0.8180747896943885,1.1639539825132457,-0.015456122746070222,0.027845611354236022
0,28700000.0,-0.03170129361422292,-0.1460271098417033,-0.040336840420049896,-0.1620239206481099,0.008635546805826975,0.01599681080640658
0,29000000.0,-1.3994823623773691,0.5821766678384321,-1.3977139761382469,0.5875216671637437,-0.0017683862391222327,-0.005344999325311517
0,29300000.0,-0.7596538100436341,1.9664320458037339,-0.7364962920005799,1.959295316855717,-0.023157518043054215,0.007136728948016868
0,29600000.0,0.6537706948920372,1.4086542840062568,0.6646023692962085,1.3760820378279996,-0.010831674404171321,0.03257224617825716
0,29900000.0,0.19720901338438793,-0.03451506962667332,0.18005314427513758,-0.05943262208612708,0.01715586910925035,0.024917552459453762
0,30200000.0,-1.250573768656805,0.31450659602076997,-1.2642393497270885,0.3153215540242853,0.013665581070283483,-0.0008149580035153314
0,30500000.0,-0.9891890535973101,1.754575406576655,-0.9798358231468443,1.7513161903640537,-0.009353230450465877,0.003259216212601279
0,30800000.0,0.45710132660964836,1.5734332775624367,0.46055588859403773,1.5453026962602017,-0.0034545619843893705,0.028130581302235003
0,31100000.0,0.375082921656356,0.11969724553340111,0.3497826225254762,0.09488463724768771,0.025300299130879778,0.024812608285713397
0,31400000.0,-1.0602839011032823,0.09665935875985983,-1.0878020318749329,0.10042839736020201,0.02751813077165055,-0.003769038600342181
0,31700000.0,-1.1661811041996835,1.500218466949236,-1.1690685290015401,1.5083785110944439,0.002887424801856664,-0.008160044145207879
0,32000000.0,0.22080099953897186,1.678094424598246,0.22019037747532616,1.6630397654416786,0.0006106220636457049,0.015054659156567451
0,32300000.0,0.48867238111991534,0.3030697856307613,0.461621613425281,0.28606007799651656,0.027050767694634326,0.017009707634244753
0,32600000.0,-0.849389786856374,-0.06277999331575322,-0.8831004384025143,-0.051118288629040574,0.03371065154614028,-0.011661704686712647
0,32900000.0,-1.2905705519273127,1.222051550328862,-1.2986515454624281,1.245122725749003,0.008080993535115377,-0.02307117542014092
0,33200000.0,-0.04422281173093722,1.7227826987014623,-0.041291842395041925,1.724414488844018,-0.0029309693358952962,-0.0016317901425557668
0,33500000.0,0.5310961299835257,0.5054807617295982,0.512003079965767,0.49854586076961444,0.01909305001775874,0.006934900959983781
0,33800000.0,-0.6357347873978516,-0.15539160795653836,-0.6653528599338545,-0.13689795329881801,0.029618072536002904,-0.01849365465772035
0,34100000.0,-1.3619734548994604,0.9418911818927642,-1.366706543591639,0.9765477641811657,0.004733088692178589,-0.034656582288401516
0,34400000.0,-0.32248104939807004,1.713414985263936,-0.3085860791037949,1.7282445090384475,-0.013894970294275166,-0.014829523774511522
0,34700000.0,0.5040260858005386,0.7181691646664377,0.5009850393184639,0.7169438199346382,0.003041046482074705,0.0012253447317994715
0,35000000.0,-0.4317215541939628,-0.17613137592147096,-0.44946594751802726,-0.15803392487704393,0.017744393324064467,-0.018097451044427032
0,35300000.0,-1.3785168577104188,0.6802510433946966,-1.374889595590737,0.7171811382415907,-0.0036272621196817845,-0.036930094846894135
0,35600000.0,-0.5943973294668994,1.6577292413330293,-0.5670934871251159,1.6768602387870724,-0.027303842341783513,-0.01913099745404301
0,35900000.0,0.41705410977242374,0.930750108460648,0.43203098962625375,0.9267901734767149,-0.014976879853830005,0.0039599349839331
0,36200000.0,-0.2446447875283408,-0.12672456727074735,-0.2492602354458097,-0.11893839736569214,0.004615447917468901,-0.007786169905055207
0,36500000.0,-1.3383203918941526,0.45215575272822095,-1.3280871056568395,0.4803175941668753,-0.010233286237313122,-0.028161841438654356
0,36800000.0,-0.8394838789785369,1.561872571602325,-0.8036529411051602,1.5757536154335547,-0.03583093787337677,-0.013881043831229789
0,37100000.0,0.2842929976937146,1.1293714724550823,0.3116263410156271,1.115256207583499,-0.027333343321912507,0.01411526487158321
0,37400000.0,-0.07946286661288944,-0.0171834230263589,-0.07679005646689929,-0.026897747833328458,-0.002672810145990148,0.009714324806969557
0,37700000.0,-1.242814028675203,0.2652093338084613,-1.2339597314610429,0.2773619675712026,-0.00885429721416009,-0.012152633762741283
0,38000000.0,-1.0409611084673898,1.4293495562227618,-1.007161974411023,1.4330827981020553,-0.03379913405636681,-0.0037332418792934696
0,38300000.0,0.11977382965814179,1.2975264709982297,0.14875666061741338,1.2717315607262312,-0.028982830959271594,0.02579491027199854
0,38600000.0,0.05777619333916875,0.13576093429513814,0.05821075817417008,0.10847390375492316,-0.00043456483500133036,0.027287030540214974
0,38900000.0,-1.099887688286439,0.12082640291384676,-1.1023635873316338,0.11730559765889864,0.0024758990451947405,0.00352080525494812
0,39200000.0,-1.1896108354282415,1.262842921898514,-1.1690589760419325,1.2590634070923743,-0.02055185938630899,0.0037795148061396944
0,39500000.0,-0.0660750732703822,1.419554012532155,-0.04571993919670001,1.3882639715973577,-0.02035513407368219,0.03129004093479737
0,39800000.0,0.15807035592208085,0.3129038402134003,0.14873350643665287,0.275878987611421,0.009336849485427984,0.0370248526019793
0,40100000.0,-0.9247636867409242,0.017849714951096836,-0.9446836170235243,0.0063579032765439265,0.019919930282600085,0.01149181167455291
0,40400000.0,-1.2848734855870263,1.0677439669550413,-1.2836469514734117,1.0652820794615852,-0.001226534113614619,0.0024618874934561052
0,40700000.0,-0.2671090770602783,1.4852459438052132,-0.259769329803622,1.459837785667446,-0.007339747256656315,0.0254081581377672
0,41000000.0,0.2105494969975212,0.497574703891862,0.19073428349368676,0.46304068298526113,0.019815213503834445,0.03453402090660085
0,41300000.0,-0.7376011679621496,-0.04355787273329333,-0.7731175979114555,-0.05225402330918527,0.03551642994930593,0.008696150575891938
0,41600000.0,-1.3325654040505914,0.8551340579193616,-1.348248116816285,0.8639712036915728,0.01568271276569355,-0.008837145772211175
0,41900000.0,-0.47909937961727483,1.4931619349201388,-0.4809073707225541,1.4844826572485315,0.0018079911052792386,0.008679277671607366
0,42200000.0,0.2062161102558696,0.6789681990504629,0.18320260293544643,0.6574271588232585,0.023013507320423177,0.021541040227204378
0,42500000.0,-0.5586181058446044,-0.06006088305867216,-0.599950648260349,-0.058314181050587104,0.04133254241574469,-0.0017467020080850562
0,42800000.0,-1.3403946023358975,0.6421082488129064,-1.3631879029892553,0.6672845924753972,0.02279330065335783,-0.025176343662490774
0,43100000.0,-0.6958521483103468,1.4507523436055052,-0.6969156352731897,1.4632132293128932,0.0010634869628428634,-0.012460885707388014
0,43400000.0,0.14242296165732232,0.8521787919408718,0.12806216962204567,0.8469562568815003,0.014360792035276654,0.005222535059371425
0,43700000.0,-0.40297298747232346,-0.0265406871076693,-0.4368593331445734,-0.01448035737150367,0.03388634567224996,-0.01206032973616563
0,44000000.0,-1.3136899204413404,0.4487172916017629,-1.3316160827237473,0.48661256727317703,0.017926162282406954,-0.03789527567141415
0,44300000.0,-0.9063013756411632,1.3710043363845543,-0.896508943299,1.3998096128872486,-0.009792432342163204,-0.028805276502694266
0,44600000.0,0.02554719658278299,1.0150900059248615,0.029915865686945653,1.0206433994045758,-0.004368669104162663,-0.005553393479714286
0,44900000.0,-0.27793208118341806,0.059931506522779635,-0.2942815992779231,0.07400500775629129,0.016349518094505022,-0.014073501233511657
0,45200000.0,-1.2536939936126867,0.2927042728948606,-1.2591812045188977,0.33197158928252113,0.00548721090621096,-0.03926731638766051
0,45500000.0,-1.094630664723483,1.2672030678389203,-1.0699206252015536,1.3004567397236053,-0.024710039521929295,-0.03325367188468498
0,45800000.0,-0.12988438407436204,1.1640383456686911,-0.10434502116915627,1.169159822460511,-0.025539362905205767,-0.005121476791819957
0,46100000.0,-0.18372843514300577,0.19578261161723212,-0.18088402265533493,0.19973389674825653,-0.0028444124876708388,-0.003951285131024412
0,46400000.0,-1.159371816698549,0.1845696380832455,-1.1535818783137908,0.21149841458018775,-0.005789938384758164,-0.026928776496942253
0,46700000.0,-1.2438351555599065,1.148486065799456,-1.2093770193738091,1.1732676975031149,-0.03445813618609739,-0.02478163170365888
0,47000000.0,-0.30552073178892203,1.2909303946401687,-0.2660406388184529,1.2852742108601318,-0.039480092970469116,0.00565618378003685
0,47300000.0,-0.11755307578683247,0.36891828254879255,-0.10315153148719274,0.3536535703713609,-0.014401544299639732,0.015264712177431639
0,47600000.0,-1.031681094456778,0.12550696030414038,-1.0240243324707945,0.13107210562587526,-0.007656761985983529,-0.005565145321734882
0,47900000.0,-1.341150928018043,1.018506409103259,-1.3094396737816736,1.0277216231175814,-0.031711254236369335,-0.00921521401432246
0,48200000.0,-0.48496163164675243,1.3837560211061608,-0.4452797742517836,1.3641580746422464,-0.03968185739496882,0.01959794646391444
0,48500000.0,-0.07837686264220749,0.5605273360060311,-0.06511725592050768,0.5256564887952029,-0.013259606721699804,0.034870847210828226
0,48800000.0,-0.8777494254469556,0.10933015451951963,-0.8806197658916441,0.09407949977045015,0.0028703404446885905,0.01525065474906949
0,49100000.0,-1.3825691797470567,0.8778400478777317,-1.367201665067236,0.8740503675830827,-0.01536751467982067,0.0037896802946489894
0,49400000.0,-0.6580951504092192,1.4305530372480897,-0.6315795682142558,1.4035433307475758,-0.026515582194963416,0.02700970650051393
0,49700000.0,-0.06978109345443825,0.7501967931014991,-0.06824189743966472,0.705203938124695,-0.0015391960147735362,0.044992854976804164
0,50000000.0,-0.7122883131826259,0.1273890753631977,-0.7337571718420081,0.10133137079451704,0.021468858659382195,0.026057704568680673
0,50300000.0,-1.373948167702624,0.7286617441699766,-1.3823329040704757,0.7226098028542377,0.008384736367851753,0.00605194131573894
0,50600000.0,-0.8217948392895728,1.4248547879606301,-0.814491745353215,1.4037290692992164,-0.007303093936357752,0.021125718661413773
0,50900000.0,-0.0990305145564226,0.9219460386045906,-0.11144347803499864,0.8819473711706947,0.012412963478576039,0.03999866743389591
0,51200000.0,-0.5549828482617579,0.17380879501890015,-0.5934874423428299,0.15112799915111366,0.038504594081071986,0.022680795867786485
0,51500000.0,-1.3279511284062866,0.5788484842844717,-1.356977786398663,0.5832712761829869,0.02902665799237636,-0.004422791898515244
0,51800000.0,-0.9767209163778422,1.369636786335545,-0.9842002321484967,1.3674429130319001,0.007479315770654527,0.0021938733036448443
0,52100000.0,-0.17273096220624423,1.0681487050675846,-0.191269999914976,1.046312835683398,0.018539037708731776,0.02183586938418669
0,52400000.0,-0.4248072955681749,0.248148417555665,-0.46895271856168624,0.23946466521514387,0.04414542299351132,0.008683752340521128
0,52700000.0,-1.258277208442463,0.44285928870365066,-1.2955166010203003,0.4648664043889681,0.03723939257783737,-0.022007115685317435
0,53000000.0,-1.1221396259196117,1.2774009878788328,-1.1320578153277627,1.2995702581257549,0.009918189408151035,-0.022169270246922057
0,53300000.0,-0.29142979708898403,1.189333416456022,-0.3021998759955871,1.1900170974976725,0.010770078906603087,-0.0006836810416503969
0,53600000.0,-0.33401813958803644,0.3539590765882275,-0.36789128632025697,0.36036014371169356,0.03387314673222053,-0.006401067123466053
0,53900000.0,-1.1741783925953926,0.3384534137590099,-1.2042092941695328,0.3747143173592074,0.030030901574140234,-0.036260903600197514
0,54200000.0,-1.2518534137389847,1.166028287938637,-1.251033982760998,1.2067715930156386,-0.000819430977986757,-0.040743305077001635
0,54500000.0,-0.4462926406261748,1.2900434007790973,-0.4370483879382348,1.3064889427369804,-0.009244252687939991,-0.01644554195788306
0,54800000.0,-0.28492796526461817,0.4940198748831043,-0.2962430776243842,0.5062849995727623,0.01131511235976601,-0.012265124689658014
0,55100000.0,-1.078176234712469,0.2806478783514891,-1.0907461239184102,0.3182548806868624,0.012569889205941154,-0.03760700233537334
0,55400000.0,-1.353811216226031,1.052334989166541,-1.3360519930952266,1.097013670736544,-0.017759223130804358,-0.0446786815700031
0,55700000.0,-0.6200249423210561,1.373111971092408,-0.5874532312065537,1.391175348739456,-0.03257171111450241,-0.018063377647048018
0,56000000.0,-0.27119658681742853,0.6649869724770555,-0.25787436135898506,0.668661685295933,-0.01332222545844347,-0.0036747128188774347
0,56300000.0,-0.9681807549361788,0.27598661778431843,-0.9637341344046726,0.2988047016122066,-0.00444662053150624,-0.02281808382788819
0,56600000.0,-1.4139623268953572,0.9466044137276051,-1.384200173262877,0.9790442842617474,-0.029762153632480137,-0.03243987053414232
0,56900000.0,-0.7919627675787049,1.435650914385878,-0.7444086682746981,1.441719366938387,-0.04755409930400678,-0.006068452552508985
0,57200000.0,-0.2829785431776322,0.8546835220139,-0.25443288294964156,0.8384053464201483,-0.028545660227990655,0.016278175593751665
0,57500000.0,-0.8427626172325636,0.32022133669511543,-0.8321510232930659,0.317445256306809,-0.010611593939497732,0.0027760803883064566
0,57800000.0,-1.4224955734779445,0.8509360514625721,-1.3948100283381248,0.8618425834660165,-0.02768554513981969,-0.01090653200344438
0,58100000.0,-0.9449385528267197,1.4691701705810922,-0.8988160856827379,1.458004237713942,-0.04612246714398183,0.011165932867150286
0,58400000.0,-0.31313860940970717,1.0439419247563397,-0.28533697597693514,1.0064729831538057,-0.027801633432772033,0.037468941602534
0,58700000.0,-0.7064872458766447,0.400795375256574,-0.7047987697290595,0.373044707640476,-0.0016884761475851606,0.027750667616098013
0,59000000.0,-1.3791166644378385,0.7622257738829746,-1.3694015244151307,0.7540772014812525,-0.009715140022707791,0.008148572401722176
0,59300000.0,-1.0704351932702507,1.4639679257497622,-1.042018887035173,1.4420660130262224,-0.028416306235077737,0.021901912723539807
0,59600000.0,-0.3610942802815737,1.2124453543039146,-0.3478944635206982,1.1643892146166006,-0.013199816760875505,0.04805613968731404
0,59900000.0,-0.5720494070089741,0.5029579030877253,-0.5897883372458509,0.46240735524268234,0.017738930236876782,0.04055054784504292
0,60200000.0,-1.2943425327145428,0.6780333363356221,-1.3115034301299096,0.6636029580427318,0.01716089741536675,0.014430378292890289
0,60500000.0,-1.1693430870962525,1.4154753759640148,-1.1662915953241197,1.3978843591858257,-0.0030514917721327084,0.017591016778189195
0,60800000.0,-0.43209271444506975,1.3457389901835088,-0.4375399264056652,1.304719264721238,0.005447211960595444,0.04101972546227084
0,61100000.0,-0.4576157052530319,0.6163170086387342,-0.4940839754639912,0.5805375998761597,0.036468270210959275,0.03577940876257446
0,61400000.0,-1.18583038880397,0.6019213490369437,-1.2263634591089343,0.5970237113730094,0.040533070304964225,0.004897637663934362
0,61700000.0,-1.2479608056684375,1.3289854560924874,-1.2652566268336765,1.3310678422387205,0.017295821165238978,-0.0020823861462331283
0,62000000.0,-0.5322545821649943,1.4397807354872685,-0.5481725357206746,1.421463754722136,0.015917953555680264,0.01831698076513244
0,62300000.0,-0.3804289824334288,0.7383196494003404,-0.4231313194956296,0.7209991956372019,0.04270233706220078,0.01732045376313851
0,62600000.0,-1.0714413493063815,0.5450372067978048,-1.1205687741741444,0.5593442640209242,0.04912742486776289,-0.014307057223119424
0,62900000.0,-1.31149042147078,1.2198974968463931,-1.334207188639469,1.2484555077214796,0.02271676716868898,-0.02855801087508647
0,63200000.0,-0.6621510769109923,1.5005887675422784,-0.672571466128645,1.5103551803742965,0.010420389217652759,-0.009766412832018068
0,63500000.0,-0.34990576773122495,0.8727705705566016,-0.38058791242740303,0.8763457270578503,0.030682144696178082,-0.003575156501248733
0,63800000.0,-0.962588595435051,0.5227247553510496,-1.0016018923900192,0.5537283953661409,0.039013296954968135,-0.03100364001509137
0,64100000.0,-1.3587232513504417,1.1089585337347418,-1.3703208222316143,1.1576606725346594,0.011597570881172636,-0.04870213879991758
0,64400000.0,-0.8126518526965794,1.5391364399208356,-0.8028621865050792,1.569042236115669,-0.009789666191500124,-0.029905796194833467
0,64700000.0,-0.3639232547934713,1.024236535119806,-0.36816830332328826,1.038594924837891,0.004245048529816942,-0.014358389718085007
0,65000000.0,-0.8613698592895089,0.5477364149377137,-0.8773599489369392,0.5813734565766792,0.015990089647430317,-0.033637041638965415
0,65300000.0,-1.3810377252099801,1.014728324066652,-1.3727548931019138,1.0665853531176395,-0.008282832108066351,-0.051857029050987435
0,65600000.0,-0.9656864179905209,1.5642498350950822,-0.93100483821282,1.5971550409182793,-0.03468157977770092,-0.032905205823197115
0,65900000.0,-0.41041402514719416,1.1915368911502002,-0.3856088931095205,1.1997177726194308,-0.02480513203767365,-0.008180881469230572
0,66200000.0,-0.7629884118134133,0.6236365019252641,-0.7556665122709433,0.641504921798246,-0.007321899542469978,-0.017868419872981933
0,66500000.0,-1.3664841506303784,0.9471178058635304,-1.3426224053690836,0.9829345602735883,-0.02386174526129481,-0.03581675441005783
0,66800000.0,-1.0999311721117622,1.5774251014166971,-1.0492755346199873,1.5962514112692976,-0.05065563749177482,-0.018826309852600476
0,67100000.0,-0.4735655907132471,1.364162773363314,-0.4307506251473247,1.3521134088347855,-0.0428149655659224,0.01204936452852845
0,67400000.0,-0.6620681748798881,0.7420787312244742,-0.6438046670349749,0.731487254952298,-0.018263507844913263,0.010591476272176159
0,67700000.0,-1.3068602810238357,0.9053987945929026,-1.2828534892958383,0.9137587955791255,-0.024006791727997356,-0.008360000986222915
0,68000000.0,-1.198681750108946,1.5724998792906641,-1.15071272498187,1.5696512053696314,-0.047969025127075904,0.0028486739210327183
0,68300000.0,-0.5413851942910927,1.5239710860424522,-0.49973085369661474,1.4890425441187953,-0.04165434059447792,0.03492854192365691
0,68600000.0,-0.559254028049807,0.8856770417504541,-0.5480979671380164,0.8470408271339601,-0.011156060911790555,0.038636214616494025
0,68900000.0,-1.2038762823077613,0.8817301506877478,-1.1979543718467398,0.8650505832230638,-0.005921910461021529,0.01667956746468402
0,69200000.0,-1.2558309882608991,1.540458185297865,-1.2295036424886405,1.522172040624528,-0.026327345772258592,0.01828614467333689
0,69500000.0,-0.6105636603351317,1.6516233348780769,-0.5872696516846634,1.6049953541902338,-0.023294008650468268,0.04662798068784313
0,69800000.0,-0.4642202129300564,1.0351868922581993,-0.47356227358152037,0.9825487747670358,0.00934206065146398,0.05263811749116343
0,70100000.0,-1.0708198081257476,0.8682356989333722,-1.0936812386271761,0.8414169501456326,0.022861430501428526,0.0268187487877396
0,70400000.0,-1.27674878291966,1.4767463569762649,-1.2812900939906147,1.459785018989556,0.004541311070954679,0.016961337986708847
0,70700000.0,-0.685977049151211,1.7345414713779392,-0.6870307701941751,1.6959743447667974,0.0010537210429640842,0.03856712661114181
0,71000000.0,-0.3931070889064904,1.1773103068050175,-0.4236466747025239,1.1314329393919158,0.030539585796033497,0.045877367413101666
0,71300000.0,-0.9284670054885903,0.8636573042823851,-0.9766508298557474,0.8458446892384132,0.04818382436715707,0.017812615043971913
0,71600000.0,-1.273544593778048,1.3869435806098183,-1.303378168274787,1.3892131995590526,0.029833574496738846,-0.0022696189492343866
0,71900000.0,-0.7750947652058997,1.7721486147285235,-0.7920337000343106,1.7596782241338191,0.016938934828410912,0.01247039059470434
0,72200000.0,-0.3614852223894545,1.308993545551289,-0.40007594988688494,1.2865746217761909,0.03859072749743042,0.022418923775098243
0,72500000.0,-0.7971142786976626,0.875749013141087,-0.8539126577797526,0.8795693279910799,0.056798379082089956,-0.0038203148499929007
0,72800000.0,-1.2572549289265926,1.2873712559185553,-1.2948425056370076,1.3174982298114313,0.037587576710415016,-0.030126973892875997
0,73100000.0,-0.8804344548701158,1.775475245629489,-0.8950909944687929,1.7955790148247839,0.014656539598677076,-0.020103769195294774
0,73400000.0,-0.3765265088645793,1.435916785317053,-0.4028007363148639,1.440753978135533,0.026274227450284626,-0.004837192818480052
0,73700000.0,-0.6888120060309522,0.9178682150189779,-0.7325092476717471,0.9420523415071897,0.043697241640794915,-0.024184126488211888
0,74000000.0,-1.2312450329188962,1.1999086642148216,-1.2565222138193513,1.251561668429826,0.025277180900455054,-0.05165300421500452
0,74300000.0,-0.9944123758326716,1.7611928292632235,-0.989244286282788,1.804891113015757,-0.00516808954988357,-0.043698283752533484
0,74600000.0,-0.43268477659399207,1.5660375914215743,-0.4300550710962604,1.5870815562371556,-0.0026297054977316714,-0.02104396481558135
0,74900000.0,-0.603903506014719,1.0014511335396803,-0.6190507406785422,1.0310646756533866,0.015147234663823173,-0.02961354211370626
0,75200000.0,-1.1895301297417977,1.143479226521683,-1.190911951275002,1.1977870779357949,0.0013818215332042083,-0.05430785141411176
0,75500000.0,-1.099751883636081,1.743185003057025,-1.068173274159784,1.7904373798114843,-0.03157860947629687,-0.04725237675445926
0,75800000.0,-0.5134358195057384,1.7018265423939254,-0.4785146893485927,1.7193966929212559,-0.03492113015714565,-0.017570150527330464
0,76100000.0,-0.5337237954497078,1.1284600665056799,-0.519328598307381,1.142868461205251,-0.014395197142326843,-0.014408394699571225
0,76400000.0,-1.121056797867249,1.1266174105927935,-1.1019577548235215,1.1616470008601405,-0.01909904304372745,-0.03502959026734698
0,76700000.0,-1.1756130183376965,1.7261882410531657,-1.1265542743429382,1.7564232547728051,-0.04905874399475829,-0.030235013719639436
0,77000000.0,-0.5983926913495259,1.8356646740837506,-0.5435437232999456,1.8326101615860262,-0.05484896804958028,0.003054512497724371
0,77300000.0,-0.4679692474728371,1.2880905057631336,-0.437990147172243,1.2724832554446617,-0.029979100300594086,0.015607250318471877
0,77600000.0,-1.0176577241344367,1.1450944269236074,-0.9947725225725601,1.1473956112904673,-0.022885201561876567,-0.0023011843668598875
0,77900000.0,-1.2064048924225088,1.7049864030660304,-1.1603485616092235,1.7081349870575326,-0.04605633081328531,-0.0031485839915021963
0,78200000.0,-0.6721458424751245,1.9512326180169837,-0.6195125884441776,1.9229723770829659,-0.052633254030946985,0.0282602409340178
0,78500000.0,-0.4026355585993582,1.459840697321272,-0.37829150889976465,1.4140185508539596,-0.02434404969959353,0.04582214646731253
0,78800000.0,-0.8812369853487323,1.1859321805651741,-0.8752903819385562,1.1578433820793905,-0.0059466034101760545,0.028088798485783606
0,79100000.0,-1.1886173857853093,1.669632073530611,-1.1670054146372346,1.65158210597559,-0.02161197114807467,0.018049967555020974
0,79400000.0,-0.7301369064353602,2.030445089020284,-0.7001661217176939,1.988253376722745,-0.029970784717666343,0.04219171229753882
0,79700000.0,-0.3440138380934721,1.62161145696384,-0.3419413481583594,1.5610508863183026,-0.0020724899351126647,0.06056057064553744
0,80000000.0,-0.725998116699804,1.2356700375308527,-0.7498822494137447,1.1942248150913137,0.023884132713940742,0.041445222439538965
0,80300000.0,-1.1319170184669967,1.6138070843661012,-1.1455702341846628,1.5931069923728423,0.01365321571766609,0.02070009199325895
0,80600000.0,-0.7783985064979742,2.0623450815500015,-0.7790186426845959,2.0278263881305025,0.0006201361866217114,0.03451869341949898
0,80900000.0,-0.30632755641675097,1.7586898222967646,-0.32904216302340056,1.7070218541254347,0.02271460660664959,0.0516679681713299
0,81200000.0,-0.5741296136089358,1.2883669571242118,-0.6249565741050482,1.2561644778888292,0.05082696049611246,0.03220247923538255
0,81500000.0,-1.0537713106527564,1.5415848864674493,-1.0966939800679307,1.5389857364514772,0.04292266941517431,0.002599150015972107
0,81800000.0,-0.8273124096238775,2.0491231578060205,-0.8497516489444795,2.042652723433409,0.02243923932060199,0.006470434372611411
0,82100000.0,-0.30409794697775755,1.8688601158671811,-0.33812988497678537,1.845632701988915,0.03403193799902782,0.023227413878266212
0,82400000.0,-0.4469390172357053,1.3488780190956762,-0.5065694860318267,1.3417406275657426,0.05963046879612144,0.007137391529933534
0,82700000.0,-0.9703860755726719,1.4685947223470237,-1.0225461198517842,1.4950443331463552,0.05216004427911236,-0.026449610799331502
0,83000000.0,-0.8828639579369627,2.005824636340272,-0.906590352804391,2.0351716485997997,0.023726394867428335,-0.029347012259527627
0,83300000.0,-0.3433341988047206,1.9608871835389488,-0.3663067062919694,1.9712120828015909,0.022972507487248772,-0.010324899262642129
0,83600000.0,-0.3560191193920738,1.4294799327969583,-0.4000673648515894,1.4476399345644158,0.04404824545951558,-0.018160001767457468
0,83900000.0,-0.8888225358609988,1.4165811938672659,-0.926638947611308,1.4663127161098197,0.03781641175030925,-0.04973152224255384
0,84200000.0,-0.9403539829328347,1.9536584032093132,-0.9446371533015343,2.009104419949677,0.004283170368699629,-0.05544601674036387
0,84500000.0,-0.4164671729359024,2.0471966768768235,-0.4094566515572784,2.0790357203875134,-0.007010521378624013,-0.03183904351068989
0,84800000.0,-0.2991669458757476,1.5415979120905567,-0.30978231064448514,1.5693915803609322,0.010615364768737534,-0.027793668270375438
0,85100000.0,-0.8046081876468156,1.4040066236206654,-0.8135761891906795,1.4567362907684647,0.008968001543863902,-0.05272966714779925
0,85400000.0,-0.9842917854238353,1.9103251824179597,-0.9601432719461358,1.9691865395978014,-0.02414851347769953,-0.058861357179841756
0,85700000.0,-0.5040562587106646,2.1347957442757135,-0.4625287650722323,2.165580174311041,-0.04152749363843233,-0.030784430035327492
0,86000000.0,-0.2633071953604248,1.687194688006589,-0.2387973169636976,1.7016645887972186,-0.02450987839672719,-0.014469900790629708
0,86300000.0,-0.7061982354975057,1.4376461033883288,-0.6887429778607587,1.4689606942036408,-0.017455257636747046,-0.03131459081531207
0,86600000.0,-0.9948426292738405,1.8825010782700637,-0.9507039477948218,1.9208461882425012,-0.04413868147901867,-0.03834510997243745
0,86900000.0,-0.5826651331296143,2.2195379546906415,-0.5198691525377407,2.228697271314103,-0.06279598059187363,-0.009159316623461589
0,87200000.0,-0.2328892416184249,1.8547339973240817,-0.1887933617864505,1.8386089024274859,-0.04409587983197438,0.01612509489659586
0,87500000.0,-0.5838568244680148,1.5097560691107612,-0.5579573365784337,1.5042007427544615,-0.025899487889581074,0.005555326356299739
0,87800000.0,-0.9575411438512893,1.8645398682357583,-0.9153675173825243,1.8698495395979413,-0.04217362646876499,-0.005309671362182966
0,88100000.0,-0.6348885483306119,2.2870893458079626,-0.5755806843013437,2.267700843837228,-0.05930786402926824,0.019388501970734495
0,88400000.0,-0.19919013013823803,2.0222575239661262,-0.15998543595151515,1.974218605327308,-0.03920469418672287,0.04803891863881815
0,88700000.0,-0.43798926216098694,1.6024818268813887,-0.42710508585500595,1.5621992285059625,-0.010884176305980986,0.04028259837542625
0,89000000.0,-0.8710343219930009,1.844111063539988,-0.8546540882902635,1.8219351110071764,-0.016380233702737446,0.02217595253281157
0,89300000.0,-0.656218682379918,2.320289777858305,-0.6238880536884257,2.2833628615734223,-0.03233062869149228,0.03692691628488287
0,89600000.0,-0.16536923147696145,2.166254219158902,-0.151149042325939,2.102694918242568,-0.014220189151022439,0.06355930091633422
0,89900000.0,-0.28211289915976745,1.6972503012840596,-0.30178053340854755,1.6412757190347194,0.019667634248780097,0.055974582249340266
0,90200000.0,-0.7485166770706131,1.8116632207630867,-0.7704850224169872,1.7824594036139494,0.021968345346374152,0.029203817149137334
0,90500000.0,-0.6550433313288152,2.3090061424921666,-0.6594861226301805,2.2778215289829316,0.0044427913013652676,0.03118461350923507
0,90800000.0,-0.14437523603717123,2.2717535804117053,-0.15973325351919238,2.2187871654256743,0.015358017482021147,0.05296641498603094
0,91100000.0,-0.1384944173325624,1.7841146759667221,-0.18695439838821631,1.7384601313606567,0.04845998105565391,0.04565454460606544
0,91400000.0,-0.6118494709768993,1.7684032079201046,-0.6660297472281808,1.7560748578919818,0.05418027625128141,0.012328350028122825
0,91700000.0,-0.6457607638260849,2.257041653910696,-0.6778510327071076,2.2544091238445993,0.03209026888102262,0.002632530066096539
0,92000000.0,-0.15072851649259542,2.3382584413183185,-0.18205133331533602,2.318091769731107,0.0313228168227406,0.020166671587211304
0,92300000.0,-0.028503651224112154,1.8659480936689186,-0.08668826346375814,1.8497009070618728,0.058184612239645994,0.016247186607045716
0,92600000.0,-0.4813391334816431,1.7281758597974817,-0.5454812009188488,1.7464586991396298,0.06414206743720569,-0.01828283934214814
0,92900000.0,-0.6387880453066277,2.182107687301888,-0.6754962916064573,2.2174119668934664,0.036708246299829606,-0.035304279591578336
0,93200000.0,-0.19065974021513132,2.3782683505269757,-0.21353550084142908,2.397292333980518,0.02287576062629776,-0.019023983453542392
0,93500000.0,0.03726041979468647,1.9551343730581956,-0.003911589497700858,1.9701333944032937,0.04117200929238733,-0.014999021345098118
0,93800000.0,-0.36659879543766694,1.711907610235477,-0.41377521825723246,1.7561077461641246,0.04717642281956552,-0.044200135928647466
0,94100000.0,-0.6330328909375669,2.1085649402037943,-0.6501597740602735,2.17177867972238,0.017126883122706604,-0.06321373951858567
0,94400000.0,-0.25614726556161843,2.4091293025258804,-0.2490388952128895,2.4543278082590136,-0.007108370348728937,-0.04519850573313322
0,94700000.0,0.06372243036028044,2.0645239234691855,0.05972681141865979,2.0943907798537533,0.003995618941620649,-0.029866856384567875
0,95000000.0,-0.26343459014554044,1.737392325704018,-0.276272157919454,1.7862099367294475,0.012837567773913539,-0.048817611025429475
0,95300000.0,-0.6151480520203954,2.0566104888613777,-0.6009120586258053,2.122795602725261,-0.01423599339459003,-0.06618511386388315
0,95600000.0,-0.326407173222661,2.4426224207576537,-0.2831653712330962,2.4884803695274607,-0.04324180198956479,-0.04585794876980698
0,95900000.0,0.06826864920437702,2.1976641515448327,0.1039257022323386,2.216937778654025,-0.035657053027961585,-0.019273627109192226
0,96200000.0,-0.1584759751839284,1.8098874623257926,-0.1384209036020802,1.8365984611126673,-0.02005507158184819,-0.026710998786874773
0,96500000.0,-0.5662069137427889,2.033635263011058,-0.5281814734668683,2.0757497690732674,-0.038025440275920586,-0.042114506062209234
0,96800000.0,-0.3763711168944228,2.478030136622817,-0.31060654377385866,2.5003796613138793,-0.06576457312056416,-0.022349524691062328
0,97100000.0,0.0713899461216043,2.3438557887309,0.12971467566095954,2.3324063943876716,-0.05832472953935523,0.011449394343228558
0,97400000.0,-0.03902117865930039,1.9187237727884228,-0.005425956262675473,1.9057892921908113,-0.033595222396624914,0.012934480597611486
0,97700000.0,-0.4723073608891316,2.0324185594406052,-0.4336963397235077,2.0356001000159365,-0.03861102116562393,-0.0031815405753312653
0,98000000.0,-0.38781134177222093,2.5026003275489455,-0.32646554479279244,2.491925149191308,-0.06134579697942849,0.010675178357637538
0,98300000.0,0.08602933685108365,2.4810590490420137,0.1393567470639093,2.4359134171910726,-0.05332741021282565,0.045145631850941115
0,98600000.0,0.09737829791342265,2.0419798577065116,0.1180623343042104,1.9910978661646677,-0.020684036390787752,0.05088199154184392
0,98900000.0,-0.33330735215644425,2.037168416042125,-0.3203498711471021,2.0066765123262993,-0.012957481009342131,0.030491903715825774
0,99200000.0,-0.3571895375175063,2.4992954974798374,-0.32654823220760887,2.466133235333033,-0.03064130530989745,0.03316226214680418
0,99500000.0,0.11143704338372311,2.58539774953814,0.13617808142703838,2.5233409001177822,-0.024741038043315275,0.06205684942035772
0,99800000.0,0.2390515383036985,2.1569031121440903,0.22821620666731934,2.0888260011011552,0.010835331636379147,0.06807711104293501
0,100100000.0,-0.16474463684582238,2.0341177209913948,-0.19199771979115798,1.992424495126118,0.0272530829453356,0.041693225865276684
0,100400000.0,-0.2959518897208572,2.4576449799068034,-0.3076049914301993,2.426920155022002,0.01165310170934214,0.03072482488480155
0,100700000.0,0.13495261417703044,2.6423095656419626,0.12433686249622862,2.591563513005376,0.010615751680801824,0.050746052636586825
0,101000000.0,0.3644699632850055,2.2505573552546663,0.3222423084672679,2.1945061116695435,0.0422276548177376,0.05605124358512281
0,101300000.0,0.008393913341329377,2.0208085696058293,-0.05320198859368302,1.9952095730868942,0.061595901935012395,0.025598996518935158
0,101600000.0,-0.22303786058852015,2.3816672153955323,-0.26750963080309786,2.378835298525653,0.04447177021457771,0.0028319168698791586
0,101900000.0,0.14080543484662453,2.6533303964569375,0.10854671013922103,2.6386102405042093,0.0322587247074035,0.014720155952728131
0,102200000.0,0.4525826312884456,2.3249437581983563,0.3985253755684497,2.3031866151715272,0.05405725571999592,0.021757143026829073
0,102500000.0,0.1629401837591867,2.008809259375063,0.09106155127158541,2.0161921354091428,0.07187863248760129,-0.007382876034079722
0,102800000.0,-0.15363705245637782,2.290277481381937,-0.20536597036663481,2.326762262962855,0.051728917910256994,-0.03648478158091795
0,103100000.0,0.12110107586922943,2.6347340855517762,0.09377244944942077,2.663752133242834,0.027328626419808655,-0.02901804769105798
0,103400000.0,0.49372842757488206,2.3937763321850145,0.45669661507275816,2.4097402976419757,0.037031812502123895,-0.015963965456961215
0,103700000.0,0.28789384541422086,2.0181469372390812,0.23571445259978943,2.0552786281924056,0.05217939281443143,-0.03713169095332436
0,104000000.0,-0.0903633950315155,2.2096244422438955,-0.12153729829042044,2.2756065017986793,0.031173903258904942,-0.06598205955478376
0,104300000.0,0.08282358810383231,2.6086221082943166,0.08491730943184414,2.6675124705008115,-0.0020937213280118327,-0.058890362206494906
0,104600000.0,0.4951394356171888,2.4726483582707313,0.49762434364940855,2.5091764255913516,-0.0024849080322197348,-0.036528067320620305
0,104900000.0,0.3882693116775313,2.0663149716805584,0.37588551844754153,2.1111503622803705,0.012383793229989781,-0.04483539059981201
0,105200000.0,-0.021788587887797087,2.1612409866093576,-0.017598636265664394,2.229988834027277,-0.004189951622132693,-0.0687478474179195
0,105500000.0,0.04673571815064188,2.591205666987043,0.0865207278117018,2.6516004619702307,-0.03978500966105991,-0.06039479498318778
0,105800000.0,0.4778577805672793,2.5680202752432204,0.523329185503274,2.596937584044659,-0.04547140493599472,-0.0289173088014385
0,106100000.0,0.4803163698585708,2.1578186434114195,0.5072008728638999,2.1813664694604733,-0.02688450300532913,-0.02354782604905381
0,106400000.0,0.07071165233018174,2.1523038475017606,0.10378357627223889,2.193963301304191,-0.033071923942057144,-0.04165945380243041
0,106700000.0,0.038445671671756075,2.5846476811025774,0.10248488021690709,2.6187742163994785,-0.06403920854515102,-0.03412653529690113
0,107000000.0,0.46652070038857213,2.6712292201000403,0.5368306479455959,2.66916355863818,-0.07030994755702374,0.0020656614618603797
0,107300000.0,0.5806955112392624,2.280101534858181,0.6260369948714649,2.2625331296789386,-0.04534148363220247,0.017568405179242408
0,107600000.0,0.20145137519331735,2.1732917436666277,0.23903547758541338,2.170775989404154,-0.03758410239209603,0.002515754262473635
0,107900000.0,0.07625878036579886,2.5769787346912896,0.13584592425562586,2.572642862755235,-0.059587143889827,0.004335871936054669
0,108200000.0,0.47740872526510175,2.761072240069018,0.5419359006949891,2.7229069545676143,-0.06452717542988734,0.038165285501403634
0,108500000.0,0.6955686174582572,2.4083375417024393,0.7297221458842883,2.3505273488189635,-0.03415352842603114,0.057810192883475775
0,108800000.0,0.37061054102480345,2.204388301877687,0.38391089271080325,2.1626785948204983,-0.0133003516859998,0.041709707057188794
0,109100000.0,0.16233808240647823,2.5502152545869734,0.18860290106208188,2.517421183581151,-0.02626481865560365,0.032794071005822545
0,109400000.0,0.5112070079414965,2.8138355219123614,0.5429848565188162,2.7562884938366246,-0.03177784857731969,0.05754702807573686
0,109700000.0,0.8157218554591354,2.5167594548051895,0.8166750571953715,2.440760510207095,-0.0009532017362360312,0.07599894459809464
0,110000000.0,0.5616756080991387,2.2272049175958197,0.5337621599553988,2.1708069080543484,0.027913448143739972,0.05639800954147134
0,110300000.0,0.2820481776582023,2.492258286533197,0.2616134703007488,2.457652715334896,0.020434707357453508,0.034605571198300655
0,110600000.0,0.5544522904384945,2.8154730649361857,0.5445680030847313,2.768583841672929,0.009884287353763233,0.04688922326325651
0,110900000.0,0.9206122814214683,2.590551043365186,0.8864737818709896,2.52846482164049,0.03413849955047876,0.062086221724696244
0,111200000.0,0.7478570647800336,2.2354166559652087,0.6838294360702077,2.195130235310026,0.06402762870982581,0.04028642065518273
0,111500000.0,0.4119810270686638,2.4059497122157425,0.3545614101554719,2.397918848258536,0.05741961691319192,0.008030863957206424
0,111800000.0,0.5889183429687627,2.7692979288280193,0.5512347453880473,2.7602381349780365,0.03768359758071538,0.009059793849982789
0,112100000.0,0.989331246278815,2.6318950161920265,0.9398519990335978,2.6089847415547376,0.04947924724521713,0.022910274637288897
0,112400000.0,0.904285401409339,2.238397555184075,0.8295304779796719,2.234473351145476,0.07475492342966705,0.003924204038598944
0,112700000.0,0.532415630751587,2.3100796979901213,0.46599635694370645,2.342551944424501,0.0664192738078806,-0.03247224643437985
0,113000000.0,0.6037896906401915,2.6948436874776003,0.5672102267683643,2.7328088519630627,0.0365794638718272,-0.03796516448546239
0,113300000.0,1.0125781223832226,2.6568554435810348,0.978624517361876,2.678055534919498,0.0339536050213467,-0.021200091338463345
0,113600000.0,1.0195249669173998,2.2557127511048165,0.9667332397629206,2.286608139042945,0.05279172715447922,-0.030895387938128405
0,113900000.0,0.6374582295796761,2.2314720196984585,0.5934418630852,2.295369879285501,0.044016366494476156,-0.0638978595870423
0,114200000.0,0.6038270165105473,2.6182978128145895,0.5961377138491574,2.6888420007345943,0.007689302661389896,-0.07054418792000483
0,114500000.0,0.9990160896061925,2.684752724280716,1.0055479887004979,2.732052255899081,-0.0065318990943054045,-0.04729953161836509
0,114800000.0,1.1001709678000964,2.3053599938715963,1.0919950271508605,2.348407902463219,0.00817594064923588,-0.043047908591622885
0,115100000.0,0.7372770043227271,2.192192327820145,0.7335637817918276,2.2594477575980516,0.0037132225308995626,-0.06725542977790644
0,115400000.0,0.6088072138621737,2.5595371203066577,0.6408617316610298,2.6316905556448025,-0.03205451779885604,-0.07215343533814478
0,115700000.0,0.9723079634560938,2.7258529557327766,1.0241266587344684,2.7681945896743363,-0.05181869527837457,-0.04234163394155965
0,116000000.0,1.1659605063491212,2.3921961585053615,1.2027543128998552,2.4160536622265854,-0.036793806550734054,-0.02385750372122386
0,116300000.0,0.8511180455654792,2.1987231085941965,0.8823874816758771,2.23693997843556,-0.0312694361103979,-0.03821686984136363
0,116600000.0,0.6442574981113166,2.5227507733606385,0.7032643539491229,2.565287402069684,-0.059006855837806294,-0.0425366287090454
0,116900000.0,0.960168512817179,2.774225101002277,1.0383761275778987,2.784695961461948,-0.07820761476071969,-0.010470860459670828
0,117200000.0,1.2379845430456309,2.5030442466778253,1.2974644737598637,2.485278808333169,-0.059479930714232854,0.01776543834465638
0,117500000.0,0.9948725042711112,2.2390352766020523,1.0355496550438683,2.228962499080683,-0.04067715077275713,0.010072777521369147
0,117800000.0,0.7283355795535945,2.49578298935595,0.7841635748423208,2.493887573076037,-0.055827995288726284,0.0018954162799134089
0,118100000.0,0.9811841602788963,2.809883549667022,1.052560391057678,2.780848940707925,-0.07137623077878164,0.029034608959096708
0,118400000.0,1.3264197098273847,2.6114444372312144,1.3756624567912639,2.551636410041139,-0.0492427469638792,0.059808027190075386
0,118700000.0,1.17006685169781,2.289284082245884,1.188568660612756,2.2355412892325077,-0.018501808914945794,0.05374279301337648
0,119000000.0,0.8619679608687516,2.4586095480382775,0.8832787346442633,2.421796138050276,-0.021310773775511715,0.03681340998800131
0,119300000.0,1.0364913547915386,2.809263647215071,1.0709187599219763,2.7570430016235874,-0.03442740513043763,0.05222064559148354
0,119600000.0,1.424564804563938,2.6897627804249953,1.4379694812123711,2.610772415730095,-0.013404676648433034,0.07899036469490017
0,119900000.0,1.360513589239114,2.3266158000097352,1.3371165273529753,2.2556288191395644,0.02339706188613877,0.07098698087017086
0,120200000.0,1.0277419681301132,2.396325437019728,0.9992637925547321,2.3530986567801544,0.028478175575381126,0.0432267802395736
0,120500000.0,1.1108673741797757,2.758426369487611,1.0973995470885634,2.7147148965083963,0.013467827091212303,0.04371147297921496
0,120800000.0,1.512594287583207,2.7222657580496015,1.4860250771887906,2.6586879407050086,0.026569210394416398,0.06357781734459289
0,121100000.0,1.538760879595004,2.341161747831625,1.477275971793691,2.2871862450858145,0.061484907801313105,0.053975502745810644
0,121400000.0,1.1983640951687555,2.3094400629152005,1.1298050902232761,2.291410628715098,0.0685590049454794,0.01802943420010239
0,121700000.0,1.1826926591234534,2.6617344938918133,1.1354166742828877,2.656235998920424,0.04727598484056572,0.005498494971389434
0,122000000.0,1.5691170890283226,2.71209850203037,1.52235979958597,2.691974829666172,0.04675728944235269,0.020123672364197986
0,122300000.0,1.679108254098464,2.3406358202240294,1.6057670140384852,2.3273249970940806,0.07334124005997888,0.013310823129948801
0,122600000.0,1.3502679906349642,2.2156264117139393,1.2717763835942943,2.239660894780351,0.07849160704066982,-0.02403448306641165
0,122900000.0,1.2373517354881474,2.5410628738381793,1.187643643351969,2.584744732915471,0.04970809213617833,-0.04368185907729183
0,123200000.0,1.5842547865788517,2.678309912247569,1.5502155915077398,2.7080106121476377,0.03403919507111186,-0.029700699900068628
0,123500000.0,1.7702517575095507,2.3449279158606697,1.7201299251273827,2.3724979723687376,0.05012183238216794,-0.027570056508067875
0,123800000.0,1.475053641478457,2.1416852688337493,1.421440566132691,2.1999215951224107,0.05361307534576598,-0.05823632628866138
0,124100000.0,1.2766540106132835,2.425701411148252,1.2558567656974657,2.5039354000882303,0.020797244915817803,-0.07823398893997835
0,124400000.0,1.5669643323548241,2.644459314729796,1.5733257964180736,2.7051017088371236,-0.006361464063249445,-0.060642394107327746
0,124700000.0,1.820664910369935,2.3735752820031637,1.8188541534379061,2.4187276972448446,0.001810756932028923,-0.0451524152416809
0,125000000.0,1.582511966112021,2.1098823487453107,1.5746848582806738,2.173294208771543,0.007827107831347213,-0.06341186002623234
0,125300000.0,1.3189293191119087,2.3382255146935846,1.3408363155541625,2.417817163792938,-0.0219069964422538,-0.07959164909935357
0,125600000.0,1.5423420731952309,2.624986091371527,1.595669056035287,2.6825671129794277,-0.053326982840056214,-0.057581021607900684
0,125900000.0,1.8536643497881637,2.4329958200869726,1.9014463692040302,2.4618568002757524,-0.04778201941586646,-0.028860980188779806
0,126200000.0,1.6935220511850986,2.126030308517645,1.7272744433159406,2.159857599922675,-0.033752392130842024,-0.033827291405029936
0,126500000.0,1.38952061355976,2.2839230849357652,1.4423305767386783,2.3304585144855334,-0.052809963178918284,-0.04653542954976819
0,126800000.0,1.5400760881565667,2.616848310986957,1.6212126615944071,2.6407585483643876,-0.08113657343784042,-0.023910237377430477
0,127100000.0,1.8947072775411955,2.510642797106068,1.9684346110766286,2.4978050476322267,-0.07372733353543315,0.01283774947384142
0,127400000.0,1.8266674468513147,2.175900439650695,1.8751086817201723,2.1586800987414287,-0.04844123486885765,0.017220340909266163
0,127700000.0,1.506718102496449,2.2495477927489342,1.5590838203462822,2.245733142728764,-0.05236571784983313,0.0038146500201703404
0,128000000.0,1.5801142224904463,2.601144550832677,1.6536612834887139,2.581017057459214,-0.07354706099826758,0.02012749337346298
0,128300000.0,1.9577689200893207,2.5795638089866624,2.0213094767198783,2.522817079516448,-0.06354055663055758,0.05674672947021442
0,128600000.0,1.9859553281815676,2.2321146170589152,2.0144641693245187,2.1678936948689724,-0.028508841142951047,0.0642209221899428
0,128900000.0,1.6708217395119582,2.2121391904991436,1.6889253257369066,2.1670827681834535,-0.018103586224948343,0.04505642231569018
0,129200000.0,1.6632714200377323,2.553987334261548,1.6962263843420307,2.5055698574502023,-0.03295496430429834,0.04841747681134567
0,129500000.0,2.038255673249197,2.6111703607929724,2.062407128530036,2.5336858430738123,-0.02415145528083862,0.0774845177191601
0,129800000.0,2.1565471819549624,2.2679609943253336,2.142209993825202,2.1848246607848507,0.01433718812976048,0.08313633354048289
0,130100000.0,1.8624705416736802,2.153123699160999,1.828912878118888,2.097311154539239,0.03355766355479228,0.05581254462176011
0,130400000.0,1.7719353801210616,2.4607524539588517,1.751430078726135,2.4173748836990803,0.020505301394926567,0.0433775702597714
0,130700000.0,2.1164192793949814,2.5894421109450816,2.0947423557099416,2.5279384742693276,0.021676923685039817,0.06150363667575398
0,131000000.0,2.3111079274258644,2.2707194738813987,2.255982507598324,2.2061715752089017,0.055125419827540156,0.064547898672497
0,131300000.0,2.0514101576789767,2.0699255365845857,1.9755209632325041,2.0384213782739025,0.07588919444647257,0.031504158310683206
0,131600000.0,1.8805777429604829,2.325831447959809,1.8209548494879886,2.319923506403483,0.059622893472494276,0.005907941556325902
0,131900000.0,2.1694986115711448,2.518851485364674,2.1218028408888263,2.5039739154986815,0.04769577068231845,0.014877569865992424
0,132200000.0,2.4235537006200123,2.247236711549587,2.3543096378285546,2.228218979796596,0.06924406279145767,0.01901773175299093
0,132500000.0,2.2111583498341054,1.9785668504027725,2.1248613208324802,1.9915055588744606,0.08629702900162517,-0.012938708471688098
0,132800000.0,1.9703907245515377,2.172327209706721,1.9055475234439876,2.2170142786950238,0.06484320110755015,-0.04468706898830277
0,133100000.0,2.1859532551297227,2.421587625518662,2.1473179559575373,2.461144698831093,0.038635299172185444,-0.03955707331243108
0,133400000.0,2.4828139375766325,2.2186446081186766,2.436678020361945,2.247072930790146,0.04613591721468735,-0.02842832267146944
0,133700000.0,2.3317072220483563,1.9056099297272382,2.2729217580328043,1.956692885195566,0.05878546401555207,-0.05108295546832786
0,134000000.0,2.0400177512182665,2.031561094090692,2.0049824418340547,2.1125121199230756,0.03503530938421173,-0.08095102583238356
0,134300000.0,2.173866574919504,2.32544746636295,2.1750167372590044,2.3997788745671316,-0.0011501623395004934,-0.07433140820418149
0,134600000.0,2.4990506930209997,2.207052992646076,2.5035398623103604,2.258903607734064,-0.004489169289360717,-0.05185061508798805
0,134900000.0,2.4233464555419713,1.8736686876454378,2.415808254060022,1.9331581009227436,0.007538201481949169,-0.059489413277305836
0,135200000.0,2.1063825992497067,1.9278681229080636,2.118085051657819,2.0101079763087655,-0.011702452408112407,-0.08223985340070183
0,135500000.0,2.158661559637098,2.2489011276280646,2.2083900975479587,2.321141798134941,-0.04972853791086074,-0.07224067050687655
0,135800000.0,2.4987680025761683,2.221524454982275,2.5562601830491682,2.2601799664678186,-0.057492180472999976,-0.03865551148554358
0,136100000.0,2.5094601772062486,1.8883681991362302,2.5499754468561395,1.919188871037328,-0.04051526964989094,-0.030820671901097718
0,136400000.0,2.1950005347876345,1.86685534551399,2.242813422636346,1.9130937095919598,-0.047812887848711405,-0.046238364077969774
0,136700000.0,2.171079431653829,2.191484215567801,2.2504718117175817,2.2273411753852597,-0.07939238006375282,-0.03585695981745873
0,137000000.0,2.5112739415071634,2.2511611136219996,2.597008723338793,2.2478821691070725,-0.08573478183162964,0.0032789445149270513
0,137300000.0,2.612181373530338,1.9340036864563237,2.6724315600455237,1.9123068706418955,-0.06025018651518588,0.021696815814428172
0,137600000.0,2.3249693717056545,1.8335457215853586,2.376391688120398,1.8241657768438384,-0.051422316414743374,0.009379944741520152
0,137900000.0,2.231765797320184,2.1348520946151446,2.303651412641521,2.1211821837257046,-0.07188561532133697,0.013669910889440029
0,138200000.0,2.553741200819216,2.2693406286546933,2.6286041282106285,2.2196791295348195,-0.07486292739141254,0.04966149911987383
0,138500000.0,2.7387792561695528,1.9805109349351435,2.780905632604912,1.9094342337272951,-0.042126376435359436,0.07107670120784837
0,138800000.0,2.49688787547149,1.8015117298099415,2.515486328021097,1.7452692689230525,-0.018598452549607014,0.056242460886889
0,139100000.0,2.3408087699098785,2.0540259097516977,2.36952995350527,2.005982430425542,-0.02872118359539133,0.048043479326155936
0,139400000.0,2.6229900519782707,2.2470468930463414,2.65432080477589,2.174060866701203,-0.03133075279761943,0.07298602634513829
0,139700000.0,2.876370092046056,1.998193745548932,2.873967429923332,1.9070943614564007,0.0024026621227242195,0.09109938409253138
0,140000000.0,2.690501083597315,1.7480871684965154,2.6564137392584404,1.677491205797092,0.034087344338874725,0.07059596269942325
0,140300000.0,2.478013705264696,1.932716525248519,2.4488267801303443,1.885358807424399,0.02918692513435195,0.047357717824120016
0,140600000.0,2.698538264504302,2.168169165989855,2.677670969684007,2.1104183032192956,0.020867294820295257,0.05775086277055941
0,140900000.0,2.9980633556680516,1.9723326118945959,2.9510934789125702,1.9016341683006603,0.046969876755481366,0.07069844359393551
0,141200000.0,2.8736445536392554,1.6673356802056705,2.7953658154518752,1.6210088174378534,0.07827873818738018,0.046326862767817056
0,141500000.0,2.6139094934260108,1.7742463989482422,2.5413421930641147,1.7629998236096973,0.07256730036189607,0.011246575338544895
0,141800000.0,2.755321982166138,2.038407923601419,2.7021757144800342,2.0290664931225626,0.053146267686103865,0.009341430478856605
0,142100000.0,3.0773800448497797,1.9097366420295678,3.0126760849999394,1.8894537448267914,0.06470395984984023,0.02028289720277643
0,142400000.0,3.017867650984628,1.5735745719165248,2.9286393752098374,1.5750950701420874,0.08922827577479042,-0.0015204982255625499
0,142700000.0,2.7255958602431845,1.601863294985347,2.6459773705789793,1.6424376599146329,0.07961848966420515,-0.04057436492928579
0,143000000.0,2.7791312892583964,1.8827762023926928,2.7311393624437525,1.9312107989626701,0.047991926814643815,-0.048434596569977284
0,143300000.0,3.103138839163766,1.8336057662285172,3.059975740065718,1.8672291918607096,0.04316309909804783,-0.03362342563219234
0,143600000.0,3.11235652612837,1.4933618630067873,3.052855276817019,1.5381801469229162,0.0595012493113507,-0.044818283916128854
0,143900000.0,2.8088012781480307,1.4479805692285206,2.7608093877188136,1.5268339733276592,0.04799189042921714,-0.07885340409913866
0,144200000.0,2.776193050784498,1.7328555178886358,2.7674409537896705,1.8188590460781626,0.008752096994827596,-0.08600352818952683
0,144500000.0,3.0865871717230147,1.7694443539724292,3.095020797962793,1.8321150323631805,-0.008433626239778391,-0.06267067839075136
0,144800000.0,3.168564985216472,1.4502032036553558,3.1651539219857954,1.5079641759621591,0.0034110632306765254,-0.057760972306803327
0,145100000.0,2.8794895863991767,1.3379809157189544,2.8832158193641524,1.418792401197111,-0.003726232964975651,-0.08081148547815653
0,145400000.0,2.771423694301902,1.6106039542694583,2.8133554179726943,1.6946859477070746,-0.04193172367079212,-0.08408199343761624
0,145700000.0,3.0566628917290206,1.7297323757216077,3.1204614676066815,1.7819140817914112,-0.06379857587766091,-0.052181706069803546
0,146000000.0,3.2129399682894246,1.450342922705183,3.2633555162879455,1.4815734304953443,-0.05041554799852088,-0.031230507790161344
0,146300000.0,2.964023603867931,1.2773255011882172,3.0100404592279544,1.3202088671283754,-0.046016855360023534,-0.04288336594015818
0,146600000.0,2.7960415696091148,1.517504983446888,2.870414964380481,1.561858923353401,-0.07437339477136629,-0.04435393990651315
0,146900000.0,3.0457213849069915,1.7058561359761792,3.139387864057009,1.7152048521252752,-0.09366647915001769,-0.009348716149095937
0,147200000.0,3.271625216628975,1.4775662637944909,3.3460758052254786,1.4557496795269786,-0.07445058859650366,0.021816584267512207
0,147500000.0,3.0832012715265167,1.2490550854016516,3.137789297087976,1.2321682897649389,-0.054588025561459474,0.016886795636712693
0,147800000.0,2.8711236037933054,1.4350313927192333,2.9393185826805452,1.423836658247994,-0.0681949788872398,0.01119473447123931
0,148100000.0,3.0733383761039996,1.671919762070607,3.1551239094792773,1.63141933334555,-0.08178553337527772,0.04050042872505699
0,148400000.0,3.3554873853750107,1.5001214308296245,3.4127908888634595,1.4270604982159305,-0.057303503488448815,0.07306093261369395
0,148700000.0,3.238957019828835,1.2231854880668425,3.262844211461613,1.1548933081726498,-0.02388719163277786,0.06829217989419267
0,149000000.0,2.9960587433337156,1.3362513860573133,3.0198944628743885,1.2841532462179752,-0.023835719540672873,0.05209813983933809
0,149300000.0,3.136973680825342,1.5985637483436501,3.171010172916693,1.5308671596842889,-0.034036492091350734,0.06769658865936123
0,149600000.0,3.4537422193490825,1.4862526592983778,3.4638479497447143,1.3921172528699532,-0.010105730395631785,0.09413540642842455
0,149900000.0,3.4112037935660298,1.1729979234736831,3.381680946369926,1.087747351976231,0.02952284719610354,0.08525057149745208
0,150200000.0,3.148326034402812,1.202257311439419,3.1111168179756836,1.1462014408422705,0.03720921642712849,0.05605587059714856
0,150500000.0,3.214641016388322,1.4693462868092428,3.1901892121660285,1.4147055258553691,0.02445180422229365,0.05464076095387371
0,150800000.0,3.5398281909459737,1.420036481195492,3.500422104476723,1.3477872124394894,0.03940608646925048,0.07224926875600257
0,151100000.0,3.566826312075033,1.089372200487854,3.4910778900083814,1.0292910061760985,0.07574842206665178,0.060081194311755626
0,151400000.0,3.294917636696788,1.0343396548350854,3.211175225542929,1.0130283808930491,0.08374241115385894,0.021311273942036246
0,151700000.0,3.2782011908840167,1.2906840322941446,3.2154066154295577,1.2848575621758889,0.06279457545445899,0.0058264701182557666
0,152000000.0,3.5864602775539884,1.30890744460733,3.524422899114245,1.2913868098827601,0.06203737843974366,0.017520634724569994
0,152300000.0,3.6761681037302942,0.9852724823887342,3.5883029495390923,0.9773873582866764,0.08786515419120189,0.007885124102057772
0,152600000.0,3.4093427706444945,0.8550349137674287,3.3175914042210377,0.8871561788922572,0.09175136642345683,-0.03212126512482849
0,152900000.0,3.3100311169133394,1.0897275092933045,3.248839769266264,1.143885003106402,0.06119134764707557,-0.054157493813097535
0,153200000.0,3.581665942125715,1.1786886809620467,3.538357010015475,1.2208444359348825,0.043308932110239784,-0.042155754972835746
0,153500000.0,3.728139691127498,0.8878175382041862,3.671267359436055,0.9293490682980403,0.05687233169144301,-0.04153153009385413
0,153800000.0,3.4850001637782695,0.6972095418315413,3.427375501449865,0.7704380394189956,0.057624662328404685,-0.07322849758745431
0,154100000.0,3.313861490216975,0.9010816851872978,3.291964486932922,0.9948237040632426,0.021897003284053085,-0.0937420188759448
0,154400000.0,3.5369135009184336,1.0587428514406623,3.545156303288167,1.134823200334274,-0.008242802369733404,-0.0760803488936117
0,154700000.0,3.7356764088488195,0.8221855871677823,3.738637465304353,0.8821174465446657,-0.0029610564555335728,-0.05993185937688339
0,155000000.0,3.537579712511864,0.5869384788182789,3.537211657988852,0.6639582241019264,0.00036805452301225117,-0.07701974528364752
0,155300000.0,3.3136630791292685,0.7494243344162784,3.3454671452326212,0.8409927162235165,-0.031804066103352735,-0.09156838180723803
0,155600000.0,3.4826433436659934,0.9653214131114639,3.547982396317834,1.0327967055591722,-0.06533905265184048,-0.06747529244770833
0,155900000.0,3.7284383827167575,0.7961829926352002,3.789898246908297,0.8324620040166446,-0.06145986419153937,-0.036279011381444404
0,156200000.0,3.5950952873820574,0.5294681794454799,3.643660968673255,0.5679813560647029,-0.04856568129119765,-0.038513176619223044
0,156500000.0,3.340972823666306,0.6374334260753076,3.409207060626157,0.6857890942972757,-0.06823423695985076,-0.04835566822196813
0,156800000.0,3.4533684710646124,0.8922845918898177,3.5500201417190844,0.9150738764986901,-0.096651670654472,-0.022789284608872418
0,157100000.0,3.7365997709983123,0.7940863670945367,3.8253654092917535,0.777187855439595,-0.0887656382934412,0.016898511654941717
0,157400000.0,3.6809490746801083,0.506024522738443,3.743369068331976,0.4819534374376724,-0.06241999365186768,0.024071085300770623
0,157700000.0,3.4174503386534676,0.545651108642221,3.482230672278222,0.5324813072683791,-0.06478033362475433,0.013169801373841938
0,158000000.0,3.4702864118738423,0.8144207127814883,3.554272949822621,0.782772085701892,-0.08398653794877875,0.03164862707959626
0,158300000.0,3.7745164350485063,0.7833945298069541,3.8461460860741465,0.7133380620602643,-0.07162965102564023,0.07005646774668983
0,158600000.0,3.7993500335675816,0.48339769247284,3.833265480194985,0.40455373397704086,-0.03391544662740342,0.07884395849579912
0,158900000.0,3.542212942263737,0.44443996109213896,3.5628358877671222,0.38401401474550384,-0.02062294550338528,0.06042594634663512
0,159200000.0,3.5308402100750036,0.7017081052658168,3.56337256059565,0.6377410080358661,-0.032532350520646514,0.06396709722995075
0,159500000.0,3.8332376016502927,0.7310669099786237,3.8540513638387384,0.6383785045154385,-0.02081376218844566,0.09268840546318513
0,159800000.0,3.9312489648804294,0.43125263560598986,3.910742564140983,0.3337935597220854,0.020506400739446207,0.09745907588390446
0,160100000.0,3.6910353965974996,0.3115362822191707,3.648681883215665,0.2428360801310595,0.042353513381834684,0.06870020208811117
0,160400000.0,3.6109912292651494,0.5367861922918872,3.5794147991130485,0.4824426352333328,0.031576430152100876,0.05434355705855437
0,160700000.0,3.8860686683271837,0.6205370830463179,3.8514667564942404,0.5503541344046643,0.034601911832943255,0.07018294864165364
0,161000000.0,4.043271868808367,0.3378040975446012,3.973803338594642,0.2671551627641156,0.06946853021372545,0.07064893478048562
0,161300000.0,3.82809416784224,0.14553707264837765,3.7369369188213764,0.11076208331586576,0.09115724902086386,0.034774989332511885
0,161600000.0,3.679066212075611,0.3259970376292168,3.603831077215222,0.3197954996352682,0.07523513486038924,0.006201537993948569
0,161900000.0,3.9042471588483028,0.4602159776814624,3.841189257710281,0.4480073791017476,0.06305790113802168,0.012208598579714791
0,162200000.0,4.1049939600023855,0.21527382949198054,4.021169523897167,0.20176154134254212,0.0838244361052185,0.013512288149438417
0,162500000.0,3.9240540432162776,-0.032229971579838076,3.824454496321394,-0.01112461985361768,0.0995995468948836,-0.021105351726220398
0,162800000.0,3.7136677579108794,0.09773922084018861,3.63730305703316,0.15299324317957888,0.0763647008777193,-0.055254022339390266
0,163100000.0,3.8741642555275,0.27872792442190103,3.826241531275576,0.33085194092878234,0.04792272425192401,-0.05212401650688131
0,163400000.0,4.105212073252956,0.09206133244090262,4.052343730973665,0.1345662473299864,0.05286834227929038,-0.042504914889083784
0,163700000.0,3.9707214841110425,-0.18869618387133452,3.9079665779288546,-0.1225219213095965,0.06275490618218793,-0.06617426256173803
0,164000000.0,3.7158098523856236,-0.11123969121412336,3.6797251231023447,-0.014690898091509714,0.03608472928327888,-0.09654879312261365
0,164300000.0,3.80657620741352,0.10933682425229214,3.8096750540814073,0.19919807977549078,-0.0030988466678874005,-0.08986125552319864
0,164600000.0,4.058262964813105,-0.004159487713333328,4.067622632804634,0.06255116174001513,-0.009359667991528653,-0.06671064945334845
0,164900000.0,3.9842422554031156,-0.2970552770079561,3.9842816975258972,-0.22390966619538072,-3.944212278161885e-05,-0.07314561081257537
0,165200000.0,3.7085000385468683,-0.2743381349223972,3.730216295794905,-0.1801014216303593,-0.02171625724803672,-0.09423671329203792
0,165500000.0,3.732517644166487,-0.02801438519896614,3.7943745375052083,0.05412851629586825,-0.06185689333872135,-0.08214290149483439
0,165800000.0,3.9967616159207044,-0.06314333646688695,4.068061024081192,-0.01708009093832739,-0.07129940816048785,-0.04606324552855956
0,166100000.0,3.9950135707388688,-0.35196065456087583,4.050475668940429,-0.31650171291071866,-0.05546209820156012,-0.03545894165015717
0,166400000.0,3.72382963505754,-0.38836453311283103,3.78718014823317,-0.34038748961755305,-0.06335051317562979,-0.04797704349527798
0,166700000.0,3.687878819894806,-0.1372145053680609,3.7828756989755576,-0.10257285028627848,-0.09499687908075183,-0.03464165508178242
0,167000000.0,3.9545365477380026,-0.0992809773016229,4.0553897053274515,-0.10672497799215457,-0.1008531575894489,0.007444000690531666
0,167300000.0,4.029766491751602,-0.37347584045771304,4.104063229255576,-0.4021530113894931,-0.0742967375039747,0.02867717093178007
0,167600000.0,3.7845383274259405,-0.4742804520115531,3.8484083503261672,-0.49316807129790674,-0.0638700229002267,0.01888761928635363
0,167900000.0,3.6948897429636767,-0.2431922229216527,3.7772074616356486,-0.26853433833192375,-0.0823177186719719,0.025342115410271038
0,168200000.0,3.9489711371774456,-0.14512145660837497,4.031892934602816,-0.20823186251242137,-0.08292179742536998,0.0631104059040464
0,168500000.0,4.095654554995732,-0.3973885794037258,4.143140296581866,-0.4832280873560053,-0.047485741586133834,0.08583950795227951
0,168800000.0,3.8901841981592,-0.5649120164977767,3.9112208347446615,-0.6366654107550901,-0.021036636585461732,0.07175339425731342
0,169100000.0,3.7505902781814067,-0.37723160560749364,3.778767996729589,-0.44094439838426497,-0.028177718548182185,0.06371279277677133
0,169400000.0,3.9724004166669915,-0.23451220689633737,4.000253602472248,-0.3227856827038605,-0.02785318580525642,0.08827347580752312
0,169700000.0,4.1752044234952495,-0.456957974611702,4.166488478691983,-0.562439613046755,0.008715944803266318,0.10548163843505304
0,170000000.0,4.015675354272064,-0.6862721725693005,3.972633417589439,-0.7697990289077679,0.043041936682624904,0.08352685633846735
200,20000000.0,-0.16430569392373112,1.4807271703187774,-0.16535076093012457,1.4704175571316493,0.001045067006393452,0.010309613187128086
200,20300000.0,-0.14338518642288484,1.4352145463893737,-0.14637845515747086,1.4251276433710267,0.0029932687345860243,0.010086903018347027
200,20600000.0,-0.15916926986014662,1.384499888108671,-0.16406498322000632,1.3750063068533314,0.004895713359859694,0.009493581255339612
200,20900000.0,-0.18687265241550338,1.3658086265470057,-0.19355246129168646,1.357270963365975,0.00667980887618308,0.008537663181030775
200,21200000.0,-0.1895687908119273,1.3630499388933563,-0.1978432490243417,1.355805671036517,0.008274458212414404,0.007244267856839404
200,21500000.0,-0.1758175578115805,1.3421750897128615,-0.18543398904787187,1.3365222665787273,0.009616431236291356,0.005652823134134177
200,21800000.0,-0.17490434743838584,1.30618365674322,-0.18555563106300127,1.3023711736328332,0.010651283624615426,0.003812483110386733
200,22100000.0,-0.18689683558193107,1.2786628609391915,-0.19822926382999595,1.2768811687628168,0.01133242824806488,0.001781692176374694
200,22400000.0,-0.19371366934001533,1.2601762574308126,-0.2053375231505571,1.2605471858511479,0.011623853810541762,-0.0003709284203352592
200,22700000.0,-0.19640546200991135,1.2369130942685809,-0.20790961703960278,1.2394825494392936,0.011504155029691432,-0.00256945517071272
200,23000000.0,-0.20640908779696332,1.2127736146006574,-0.2173762122030068,1.2175089684331777,0.010967124406043471,-0.004735353832520328
200,23300000.0,-0.216727960372768,1.198865689062493,-0.22674849289409513,1.2056553105612497,0.010020532521327119,-0.006789621498756837
200,23600000.0,-0.21479801881838465,1.1856804814598263,-0.22348507732528122,1.194334399333817,0.008687058506896578,-0.008653917873990613
200,23900000.0,-0.21145574607303458,1.157880786802566,-0.2184614373555903,1.1681352458360432,0.007005691282555709,-0.010254459033477215
200,24200000.0,-0.22551836563092348,1.1260189120161603,-0.23054805286196461,1.137545805230892,0.005029687231041136,-0.01152689321473166
200,24500000.0,-0.24851871373357862,1.1122991190250888,-0.2513414205849938,1.1247170937265518,0.0028227068514151965,-0.012417974701462997
200,24800000.0,-0.2558259495962898,1.111888978694943,-0.25628342038885227,1.1247743118510263,0.00045747079256247547,-0.0128853331560832
200,25100000.0,-0.24778225873443538,1.0992697156237996,-0.2457981933489461,1.1121694678132068,-0.0019840653854892865,-0.012899752189407199
200,25400000.0,-0.24917571099708272,1.070225105349327,-0.24476212716231677,1.0826743694200347,-0.0044135838347659495,-0.012449264070707677
200,25700000.0,-0.2682841328269456,1.0474128781549805,-0.26154198974948517,1.0589532018808536,-0.006742143077460405,-0.011540323725873103
200,26000000.0,-0.2857255630327348,1.042261486469376,-0.2768414458124353,1.0524570370447812,-0.00888411722029947,-0.010195550575405221
200,26300000.0,-0.2882678341376233,1.0394368826359388,-0.2775095963811827,1.047889195954509,-0.01075823775644058,-0.008452313318570104
200,26600000.0,-0.2871086892430115,1.0255287978538958,-0.2748191489449916,1.03189235921476,-0.012289540298019874,-0.006363561360864134
200,26900000.0,-0.2944189999919581,1.0083021031719621,-0.28100520513049493,1.0122995521403841,-0.013413794861463157,-0.003997448968422024
200,27200000.0,-0.3047175533970686,0.9978831921136476,-0.29063626547437793,0.9993171378498807,-0.014081287922690644,-0.001433945736233122
200,27500000.0,-0.31015695423624984,0.9899190665396805,-0.29589898289306354,0.9886801639240882,-0.014257971343186293,0.001238902615592341
200,27800000.0,-0.315015640753839,0.9787328890002391,-0.30108950164948256,0.9748057265413503,-0.013926139104356416,0.0039271624588888
200,28100000.0,-0.3232651785276876,0.9695311878278653,-0.310178928778763,0.9629976361146565,-0.013086249748924583,0.006533551713208796
200,28400000.0,-0.3280275843877164,0.9655282978572494,-0.3162696099004153,0.9565665257732966,-0.011757974487301093,0.008961772083952768
200,28700000.0,-0.3256189233934252,0.9580564041233812,-0.31563994521659333,0.946935718795637,-0.009978978176831854,0.01112068532774424
200,29000000.0,-0.3259569536691627,0.9419518762979517,-0.3181536890933956,0.9290251127960919,-0.007803264575767133,0.01292676350185984
200,29300000.0,-0.33620201071892575,0.927555719542071,-0.3309014071784864,0.9132491724328752,-0.005300603540439375,0.014306547109195877
200,29600000.0,-0.34639826718750794,0.9241809135566034,-0.3438430503869783,0.9089802995284916,-0.002555216800529614,0.015200614028111792
200,29900000.0,-0.34513614227572537,0.923072835570595,-0.34547416341325204,0.9075057129937044,0.0003380211375266784,0.015567122576890635
200,30200000.0,-0.3391083818432874,0.9111219084351996,-0.3423864571367825,0.8957391038510105,0.0032780752934951085,0.015382804584189058
200,30500000.0,-0.34225958481184576,0.8923239397644664,-0.34842018728425406,0.8776811150991521,0.006160602472408294,0.014642824665314302
200,30800000.0,-0.35336411964392067,0.8803664867831141,-0.36224438416231025,0.8670046657461937,0.00888026451838958,0.013361821036920407
200,31100000.0,-0.35986917682357616,0.876335557069116,-0.37120399706944285,0.8647603745545843,0.011334820245866684,0.011575182514531712
200,31400000.0,-0.35902681936619296,0.869302583299361,-0.3724570895231411,0.8599644765892585,0.013430270156948143,0.0093381067101026
200,31700000.0,-0.35988375054551075,0.8554975039119703,-0.37496830340142,0.8487747628747091,0.015084552855909261,0.006722741037261226
200,32000000.0,-0.36651550353177514,0.8419707337631464,-0.3827451907210952,0.8381550719693733,0.016229687189320052,0.0038156617937730175
200,32300000.0,-0.37365949692523626,0.8322848579203812,-0.3904737501941347,0.8315689401826692,0.01681425326889846,0.0007159177377119574
200,32600000.0,-0.3788980431261593,0.8223058294979056,-0.395704409144104,0.8247739147133065,0.016806366017944663,-0.0024680852154008726
200,32900000.0,-0.3860994769762727,0.8108907599171168,-0.40229488879086656,0.8165138078084627,0.01619541181459383,-0.005623047891345934
200,33200000.0,-0.3954430599260972,0.8023017364739424,-0.4104352439526442,0.8109366934559895,0.014992184026547006,-0.008634956982047082
200,33500000.0,-0.4019268496692037,0.7961775080810722,-0.4151556455691188,0.8075700810205422,0.013228795899915102,-0.011392572939469936
200,33800000.0,-0.40605255435467147,0.7865515295805214,-0.41701114362698116,0.8003430010798114,0.010958589272309693,-0.013791471499289942
200,34100000.0,-0.41491065104085945,0.7735350293564761,-0.42316529067480146,0.7892737450218964,0.008254639633942018,-0.01573871566542029
200,34400000.0,-0.4294706843882745,0.7651944144934864,-0.43467731978043467,0.7823509658246658,0.005206635392160153,-0.017156551331179437
200,34700000.0,-0.4412850520832438,0.7641008998646169,-0.44320276328214014,0.7820855370157352,0.0019177111988963325,-0.01798463715111831
200,35000000.0,-0.4461405080247673,0.7621827822751918,-0.44464232391659225,0.7803650052093257,-0.001498184108175038,-0.018182222934133963
200,35300000.0,-0.45120867156118727,0.7539025164508397,-0.44628888152436563,0.7716333366237245,-0.004919790036821636,-0.017730820172884743
200,35600000.0,-0.46301603205083347,0.7452614031329855,-0.4547924438261935,0.7618972272507604,-0.008223588224639977,-0.016635824117774867
200,35900000.0,-0.47699133360410906,0.7434664459724781,-0.46570242664186384,0.7583925026557792,-0.011288906962245215,-0.014926056683301048
200,36200000.0,-0.4857604571259935,0.7456166692484458,-0.4717586496356371,0.758269071502307,-0.0140018074903564,-0.012652402253861217
200,36500000.0,-0.4906523488495375,0.7448795117677053,-0.47439374780794813,0.7547662510464315,-0.016258601041589382,-0.009886739278726187
200,36800000.0,-0.4974478907420971,0.7415554538386759,-0.479477826736055,0.7482758408146754,-0.01797006400604212,-0.006720386975999415
200,37100000.0,-0.5062382611669378,0.74033010962984,-0.48717270279674046,0.7435910384318374,-0.019065558370197355,-0.0032609288019973537
200,37400000.0,-0.5132235980800697,0.7413062583059358,-0.4937278265193547,0.7409342656504854,-0.01949577156071497,0.00037199265545040383
200,37700000.0,-0.5185072745859506,0.7414244157770945,-0.49927292203275847,0.7373737013642162,-0.019234352553192113,0.004050714412878298
200,38000000.0,-0.5245638396867361,0.7413055035737198,-0.5062844951751141,0.7336618926502265,-0.018279344511622053,0.007643610923493305
200,38300000.0,-0.5299589238066242,0.7432741924451964,-0.5133048747570927,0.7322542594448533,-0.016654049049531494,0.011019933000343096
200,38600000.0,-0.5318931293120094,0.7451625645830661,-0.517486715322394,0.7311076105430809,-0.014406413989615396,0.014054954039985135
200,38900000.0,-0.5327825878638208,0.7433131111563354,-0.5211753233249974,0.7266787287610577,-0.011607264538823436,0.016634382395277703
200,39200000.0,-0.5371028001285483,0.7398969076026903,-0.5287544945220811,0.7212387138658567,-0.008348305606467155,0.01865819373683364
200,39500000.0,-0.5431641651263611,0.7400277727619918,-0.538424512290571,0.7199831091441496,-0.004739652835790142,0.020044663617842184
200,39800000.0,-0.54528035214323,0.742666658242738,-0.5443743658524682,0.7219324703242764,-0.0009059862907617733,0.0207341879184616
200,40100000.0,-0.5435138519078039,0.7416820446035953,-0.5465322123714397,0.7209903424939497,0.003018360463635794,0.02069170210964566
200,40400000.0,-0.5439915288444664,0.7358759800230023,-0.5508856537693493,0.7159682996297387,0.0068941249248828385,0.019907680393263516
200,40700000.0,-0.5490548828612338,0.7307667943079023,-0.5596363294664264,0.7123680351813375,0.010581446605192557,0.018398759126564745
200,41000000.0,-0.5541205102118284,0.7293717815645072,-0.5680652329031226,0.7131636638640892,0.013944722691294209,0.016208117700417968
200,41300000.0,-0.5559020603130687,0.7279970719748954,-0.5727601622053744,0.7145924999618471,0.016858101892305744,0.013404572013048233
200,41600000.0,-0.5572963197615174,0.7232556462651312,-0.5765068004839864,0.7131756344300658,0.019210480722469003,0.01008001183506535
200,41900000.0,-0.5616054175669585,0.7172027606349114,-0.5825147767350737,0.7108566638790658,0.020909359168115205,0.006346096755845632
200,42200000.0,-0.5675453019200121,0.7126710491866975,-0.5894294418724139,0.7103402360457155,0.021884139952401793,0.0023308131409820465
200,42500000.0,-0.5730648532443421,0.7087233068483598,-0.5951540980394087,0.7105489354861604,0.022089244795066576,-0.0018256286378005582
200,42800000.0,-0.5792959090776029,0.7039839015314303,-0.600802275542768,0.7099598043073349,0.021506366465165128,-0.00597590277590454
200,43100000.0,-0.587338785493044,0.7000136374547613,-0.6074840907444072,0.7099846367394512,0.020145305251363266,-0.009970999284689919
200,43400000.0,-0.5952862450854665,0.6979110642753212,-0.6133300689810751,0.711576421189608,0.018043823895608657,-0.01366535691428672
200,43700000.0,-0.6019855287044457,0.695461040663828,-0.6172524505521416,0.7123830266022487,0.015266921847695958,-0.01692198593842076
200,44000000.0,-0.6100766400770948,0.6913004170323369,-0.6219817001953373,0.7109182199483135,0.011905060118242439,-0.01961780291597659
200,44300000.0,-0.6215208847689923,0.6884392295450813,-0.6295918427192272,0.7100877169762289,0.008070957950234936,-0.021648487431147556
200,44600000.0,-0.6333705097433339,0.6897069639922536,-0.6372660725542614,0.7126391719905893,0.003895562810927511,-0.02293220799833573
200,44900000.0,-0.6420955142062885,0.6927109122755368,-0.6416193697329715,0.7161234731220074,-0.0004761444733170084,-0.023412560846470587
200,45200000.0,-0.6493869447543034,0.6936115918992685,-0.6444971233345073,0.7166727863879913,-0.004889821419796103,-0.02306119448872279
200,45500000.0,-0.6592001495227717,0.6935041792792623,-0.6500127506138474,0.715383793401352,-0.009187398908924282,-0.02187961412208972
200,45800000.0,-0.6710655895769898,0.6964468374044099,-0.6578524331809054,0.7163462312312272,-0.013213156396084447,-0.01989939382681727
200,46100000.0,-0.6810256691288338,0.7027738869440958,-0.6642063678999337,0.7199548985698326,-0.016819301228900074,-0.01718101162573682
200,46400000.0,-0.6880119376168516,0.7090709984858036,-0.6681409424965775,0.7228830538723685,-0.019870995120274126,-0.013812055386564936
200,46700000.0,-0.6946394290983466,0.7139895556975134,-0.6723880883200122,0.7238943468969352,-0.02225134077833446,-0.00990479119942178
200,47000000.0,-0.7021005395320304,0.719533571116457,-0.6782343845895981,0.725126083655707,-0.023866154942432383,-0.005592512539249972
200,47300000.0,-0.7086831229438316,0.7266729636755346,-0.6840353798259137,0.7276976902595503,-0.024647743117917953,-0.001024726584015756
200,47600000.0,-0.7135448056329625,0.7339217099577164,-0.6889873704641598,0.7302836010630392,-0.02455743516880271,0.0036381088946771944
200,47900000.0,-0.7178980741937759,0.7406866472493314,-0.6943107952453484,0.7324566372595239,-0.023587278948427493,0.008230009989807496
200,48200000.0,-0.7218551651079055,0.7481330037534255,-0.7000942443167337,0.735547677685001,-0.021760920791171756,0.012585326068424552
200,48500000.0,-0.7238580885047353,0.7559808858021942,-0.7047249051505661,0.7394359670668774,-0.019133183354169248,0.016544918735316827
200,48800000.0,-0.7241338515224139,0.762097614726527,-0.7083455944971231,0.7421356179047202,-0.015788257025290853,0.019961996821806882
200,49100000.0,-0.7251522176334514,0.7663167944910405,-0.7133152102459929,0.7436094855339653,-0.01183700738745852,0.02270730895707518
200,49400000.0,-0.7274456454690944,0.7711792213891058,-0.7200320629921313,0.7465052512735432,-0.00741358247696311,0.024673970115562605
200,49700000.0,-0.7283853035087272,0.7774945963623683,-0.7257143597828751,0.7517127261105411,-0.002670943725852082,0.02578187025182721
200,50000000.0,-0.7267049399951171,0.7824959674061124,-0.7289296421291297,0.7565149682218905,0.0022247021340126016,0.02598099918422192
200,50300000.0,-0.7250292354402958,0.7842310637582359,-0.7321291181104478,0.7589777347892156,0.007099882670151936,0.025253328969020328
200,50600000.0,-0.7258497383941508,0.7847389391852813,-0.7376294944767179,0.7611252895290702,0.011779756082567094,0.023613649656211044
200,50900000.0,-0.7278367329339154,0.786596658465833,-0.7439308889005911,0.7654870045343198,0.01609415596667574,0.021109653931513206
200,51200000.0,-0.7285998354042378,0.7889307106422502,-0.7484837858962584,0.7711098477311136,0.01988395049202063,0.017820862911136603
200,51500000.0,-0.7287452397475299,0.7894646141259091,-0.7517523931748796,0.7756086078732753,0.023007153427349714,0.013856006252633724
200,51800000.0,-0.7304739243294474,0.7884370191445059,-0.755818063510267,0.7790878113884526,0.02534413918081968,0.009349207756053302
200,52100000.0,-0.733964507006978,0.7877132055369834,-0.7607664868824083,0.783257685214643,0.026801979875430315,0.004455520322340423
200,52400000.0,-0.7379309539321395,0.787567527750444,-0.765249094435431,0.788221732391484,0.02731814050329151,-0.0006542046410399349
200,52700000.0,-0.7424285874811952,0.7871177427599526,-0.7692918449689252,0.7929170564750039,0.026863257487729997,-0.005799313715051269
200,53000000.0,-0.7483581312643198,0.7868032131985708,-0.7738006694148774,0.7975991068394593,0.025442538150557525,-0.01079589364088851
200,53300000.0,-0.7551629126300352,0.7877120533352834,-0.7782587337848349,0.8031753522499009,0.02309582115479969,-0.015463298914617507
200,53600000.0,-0.7617082076479955,0.7892808660630993,-0.7816048065323021,0.8089114027283063,0.019896598884306615,-0.019630536665206977
200,53900000.0,-0.7687366371009599,0.790337580386101,-0.7846865503318522,0.8134801750759741,0.015949913230892343,-0.02314259468987312
200,54200000.0,-0.7777631752890601,0.791837847854665,-0.7891520345182336,0.8177042174277382,0.011388859229173431,-0.0258663695730732
200,54500000.0,-0.7879828168177742,0.7958498168993504,-0.7943527326388464,0.8235454447317748,0.0063699158210722695,-0.027695627832424408
200,54800000.0,-0.7970164156967027,0.8021092951990475,-0.7980840478370707,0.8306641978697845,0.00106763214036798,-0.028554902670737015
200,55100000.0,-0.8046166753412943,0.8083357344982953,-0.800285465562912,0.8367383046510913,-0.004331209778382306,-0.028402570152796014
200,55400000.0,-0.8128800056976049,0.8140470432623612,-0.8032458418196667,0.8412800036984615,-0.00963416387793814,-0.02723296043610024
200,55700000.0,-0.8224934240884403,0.8213235747842594,-0.8078432105245605,0.8464005734110774,-0.014650213563879744,-0.025076998626818003
200,56000000.0,-0.8314562585839336,0.8312784569437391,-0.8122595309400379,0.8532797225013242,-0.019196727643895684,-0.02200126555758508
200,56300000.0,-0.8382461062767559,0.8423581645069709,-0.8151401962791,0.8604640524018028,-0.023105909997655938,-0.018105887894831918
200,56600000.0,-0.8437928020690577,0.8530477598540649,-0.8175619346905005,0.8665692356687518,-0.026230867378557177,-0.013521475814686879
200,56900000.0,-0.8492571954690499,0.8639417597595704,-0.8208059409312575,0.8723466429285424,-0.028451254537792403,-0.008404883168971922
200,57200000.0,-0.8540256388899562,0.87594788507507,-0.8243476365689207,0.8788816188064984,-0.029678002321035457,-0.0029337337314283563
200,57500000.0,-0.8571955792066926,0.8884551806702634,-0.8273388304753772,0.8857553290846772,-0.029856748731315497,0.002699851585586166
200,57800000.0,-0.8591861799600702,0.9006416919082967,-0.8302161221997673,0.8923457774719064,-0.028970057760302925,0.008295914436390328
200,58100000.0,-0.8604761767462149,0.9128676508435909,-0.8334376590945966,0.8992139781992385,-0.027038517651618355,0.013653672644352355
200,58400000.0,-0.8603722754472505,0.9253367995343211,-0.8362518016080046,0.9067579868910637,-0.02412047383924587,0.018578812643257447
200,58700000.0,-0.8585111271572986,0.9369161149483809,-0.8382009028613243,0.914025506762258,-0.02031022429597429,0.022890608186122874
200,59000000.0,-0.8561300685679399,0.9468203671501605,-0.8403951447646252,0.9203919289475605,-0.01573492380331476,0.02642843820259999
200,59300000.0,-0.8542546017385785,0.956101219452697,-0.8437041273440807,0.9270435535880878,-0.010550474394497744,0.029057665864609228
200,59600000.0,-0.8519097959468245,0.9658081301800683,-0.8469734616831269,0.9351332722646954,-0.0049363342636975505,0.030674857915372833
200,59900000.0,-0.8478682198077092,0.97486817789784,-0.8487790202318869,0.9436562293263512,0.0009108004241776824,0.03121194857148879
200,60200000.0,-0.8430908896077829,0.9816199634464324,-0.8498749263789436,0.9509810242887071,0.006784036771160684,0.03063893915772531
200,60500000.0,-0.839526667741959,0.986514402748014,-0.8520001974224198,0.9575492158512032,0.012473529680460782,0.028965186896810824
200,60800000.0,-0.837267524447888,0.9913348064603822,-0.8550413297966071,0.9650952907354691,0.017773805348719085,0.02623951572491312
200,61100000.0,-0.8348848746260186,0.9963546455392663,-0.8573760801191358,0.9738056102022989,0.022491205493117228,0.022549035336967393
200,61400000.0,-0.8321361916667731,1.0002750625143881,-0.8585873171016666,0.9822586701797644,0.026451125434893474,0.01801639233462371
200,61700000.0,-0.8303407437392938,1.0027027007548315,-0.8598452297794167,0.9899071391846548,0.0295044860401229,0.012795561570176694
200,62000000.0,-0.8301850295873607,1.004735837584965,-0.861718223476641,0.9976692414291972,0.03153319388928022,0.007066596155767879
200,62300000.0,-0.8310416829226345,1.0070710908872103,-0.8634963265681316,1.0060415489212076,0.032454643645497105,0.0010295419660026894
200,62600000.0,-0.8325932645031299,1.0093464431675827,-0.8648183958752331,1.0144489537980836,0.032225131372103255,-0.005102510630500934
200,62900000.0,-0.8353740017739115,1.0115828489271905,-0.8662158288378095,1.0226938898614555,0.03084182706389793,-0.01111104093426496
200,63200000.0,-0.8393938787223859,1.0145792887352116,-0.8677370566198578,1.031359195032293,0.028343177897471872,-0.01677990629708126
200,63500000.0,-0.8438626726891175,1.0184982348310436,-0.8686705823778849,1.0404012605321684,0.024807909688767338,-0.02190302570112479
200,63800000.0,-0.8487154172447304,1.022647874584057,-0.8690681034903898,1.048939732304022,0.020352686245659335,-0.026291857719964895
200,64100000.0,-0.8548499694505431,1.0271627893997517,-0.8699782654432822,1.0569452294946664,0.015128295992739016,-0.02978244009491471
200,64400000.0,-0.8622772412272961,1.033357161313482,-0.8715916852867254,1.0655986842660548,0.009314444059429272,-0.032241522952572765
200,64700000.0,-0.8695489741228238,1.041740760112304,-0.8726625173763213,1.0753122677723614,0.0031135432534974417,-0.03357150766005734
200,65000000.0,-0.875787368100566,1.0511512255437032,-0.8725311651983517,1.0848654526528732,-0.003256202902214289,-0.033714227109169936
200,65300000.0,-0.8818685265422583,1.0607154464417372,-0.8723001196999575,1.0933689710989598,-0.00956840684230087,-0.0326535246572226
200,65600000.0,-0.8886305947926868,1.0713175547849598,-0.8730339385077215,1.101733866880993,-0.015596656284965316,-0.030416312096033238
200,65900000.0,-0.8951799860483042,1.0840522681703584,-0.8740572483149633,1.1111241682052886,-0.021122737733340835,-0.027071900034930207
200,66200000.0,-0.9001371966303494,1.098382814175427,-0.8741927421406113,1.121112601490191,-0.025944454489738145,-0.02272978731476405
200,66500000.0,-0.9035261915640994,1.1130579009029544,-0.8736432848119974,1.1305940638426424,-0.029882906752102034,-0.01753616293968796
200,66800000.0,-0.9061645053455378,1.127936867628355,-0.8733753441940353,1.1396059772850047,-0.032789161151502544,-0.01166910965664969
200,67100000.0,-0.9079877414058335,1.1436123245765146,-0.8734377763176648,1.1489448020509592,-0.034549965088168655,-0.005332477474444541
200,67400000.0,-0.9082912095715202,1.1599177959276905,-0.8731991027343856,1.1586665096081363,-0.035092106837134596,0.001251286319554179
200,67700000.0,-0.9070487428678093,1.176119460326221,-0.8726634269809238,1.168270532593326,-0.03438531588688554,0.007848927732895028
200,68000000.0,-0.9047023059304284,1.1920933712112816,-0.8722585559768641,1.1778687938745058,-0.03244374995356436,0.014224577336775734
200,68300000.0,-0.9010736044925756,1.2080393825118798,-0.8717476531289239,1.1878911760973099,-0.02932595136365168,0.020148206414569936
200,68600000.0,-0.8957582642927823,1.2234005973922346,-0.8706251538678118,1.1979966029195062,-0.025133110424970462,0.025403994472728453
200,68900000.0,-0.8892914448588644,1.2373488596747502,-0.8692857075124527,1.2075507042301312,-0.020005737346411645,0.029798155444618946
200,69200000.0,-0.8826368154963592,1.2501023812534784,-0.8685178097705835,1.2169363898457728,-0.014119005725775735,0.0331659914077056
200,69500000.0,-0.875696938398132,1.262472154265265,-0.8680200667143565,1.2270940731459683,-0.00767687168377551,0.035378081119296745
200,69800000.0,-0.8676369453467158,1.274214883157516,-0.8667319553532702,1.2378695529809223,-0.0009049899934455707,0.03634533017659369
200,70100000.0,-0.858656721121775,1.2841648256071887,-0.8646140202462238,1.248142324421416,0.005957299124448756,0.03602250118577266
200,70400000.0,-0.8501069477599104,1.2920756035023282,-0.8627723819606519,1.2576655085568962,0.01266543420074151,0.03441009494543201
200,70700000.0,-0.8426646233343528,1.299015754320982,-0.8616428597100326,1.2674610516583606,0.018978236375679858,0.03155470266262128
200,71000000.0,-0.8356763014646602,1.3056597375698864,-0.8603428453026114,1.278111899599626,0.024666543837951194,0.027547837970260503
200,71300000.0,-0.8286801689801278,1.3114338428578072,-0.8582017922834217,1.2889107547489023,0.029521623303293998,0.02252308810890491
200,71600000.0,-0.8223803158531678,1.31582209484818,-0.8557431947984091,1.2991704968545674,0.03336287894524126,0.0166515979936126
200,71900000.0,-0.8175593195278439,1.3193915751748813,-0.8536038082777183,1.3092553812997842,0.036044488749874426,0.01013619387509701
200,72200000.0,-0.8140682419466171,1.3229104909421165,-0.8515291036556758,1.3197060502006535,0.03746086170905871,0.003204440741463088
200,72500000.0,-0.8115429715789705,1.3264192989129706,-0.8490937781180385,1.330318549301877,0.03755080653906806,-0.0038992503889063723
200,72800000.0,-0.810210481018243,1.3298559346643113,-0.8465106215308071,1.3407782186746862,0.03630014051256414,-0.010922284010374872
200,73100000.0,-0.8102699928885554,1.3337471511873855,-0.8440125349235109,1.3513600546977087,0.033742542034955525,-0.017612903510323186
200,73400000.0,-0.8112685412116933,1.338537734850743,-0.8412272416467554,1.3622669047871552,0.029958700435062102,-0.023729169936412164
200,73700000.0,-0.8128464410555347,1.3439762374834086,-0.8379203039985555,1.3730239094798347,0.02507386294302083,-0.029047671996426105
200,74000000.0,-0.8153926068096373,1.3499392061796358,-0.8346463597794734,1.3833109435333686,0.019253752969836113,-0.03337173735373278
200,74300000.0,-0.8191504349486072,1.357182811520659,-0.8318493373935487,1.393721554465613,0.01269890244494154,-0.03653874294495396
200,74600000.0,-0.8233119780702104,1.3664173935031554,-0.8289496714259991,1.404843548045399,0.0056376933557886755,-0.03842615454224352
200,74900000.0,-0.8269009617346215,1.3772151291223667,-0.825219422126896,1.4161713000063876,-0.0016815396077254352,-0.038956170884020924
200,75200000.0,-0.8300357378275084,1.3887698247542375,-0.8210365728240969,1.4268687455221403,-0.008999165003411469,-0.03809892076790278
200,75500000.0,-0.8333466230368825,1.4012799950995203,-0.817293119389178,1.4371539977684695,-0.016053503647704415,-0.035874002668949245
200,75800000.0,-0.8365280878103695,1.4155675548013076,-0.813937812977056,1.4479177042671094,-0.02259027483331344,-0.032350149465801836
200,76100000.0,-0.8385068118701116,1.43161868615508,-0.8101350642208676,1.459261752314517,-0.028371747649243995,-0.027643066159437124
200,76400000.0,-0.8388483477171312,1.448539836831149,-0.8056630490527817,1.4704514962082273,-0.033185298664349494,-0.021911659377078285
200,76700000.0,-0.8379783132562868,1.465843819768626,-0.8011270971276945,1.481196586745969,-0.03685121612859232,-0.015352766977343002
200,77000000.0,-0.8360575155614,1.483777597656177,-0.7968280502271893,1.491972018600071,-0.03922946533421068,-0.008194420943893999
200,77300000.0,-0.8326223954831888,1.5023528700640634,-0.7923973652959972,1.503040732498784,-0.04022503018719159,-0.0006878624347206319
200,77600000.0,-0.8274332255756506,1.5210039820959107,-0.7876416150746248,1.5141026914516562,-0.039791610501025754,0.0069012906442544875
200,77900000.0,-0.8207716404072879,1.539351247944967,-0.7828379962948221,1.5250488550412822,-0.0379336441124658,0.014302392903684735
200,78200000.0,-0.8127232500306669,1.5574326555752593,-0.7780166615026538,1.5361832413922882,-0.034706588528013116,0.021249414182971105
200,78500000.0,-0.8030196277639683,1.574977203968898,-0.7728042940234152,1.5474866531004008,-0.030215333740553074,0.027490550868497277
200,78800000.0,-0.7918343668672764,1.5912921185115172,-0.7672235958822273,1.5584947629012222,-0.024610770985049046,0.032797355610294954
200,79100000.0,-0.7799129853556568,1.6061593860737196,-0.7618282505259244,1.5691863507008397,-0.018084734829732385,0.03697303537287988
200,79400000.0,-0.7675879268970363,1.6200451858345524,-0.7567244161241653,1.5801854589331081,-0.010863510772870955,0.03985972690144424
200,79700000.0,-0.7544515502518839,1.6330598949780222,-0.7512515373261642,1.591715383131879,-0.0032000129257196974,0.04134451184614307
200,80000000.0,-0.7404180053607382,1.644490598113579,-0.745053144860916,1.6031267718565256,0.004635139500177798,0.04136382625705326
200,80300000.0,-0.7263527762055936,1.6538446350602798,-0.7387159917432857,1.6139385955301344,0.012363215537692152,0.039906039530145376
200,80600000.0,-0.713108077083173,1.6616472246576752,-0.7328153052372831,1.624635012562942,0.01970722815411008,0.037012212094733155
200,80900000.0,-0.7005902259309357,1.6686197860839918,-0.7269920342538083,1.6358447136256042,0.026401808322872644,0.03277507245838751
200,81200000.0,-0.6884057222508321,1.6746767601784343,-0.720608557724204,1.647340619286751,0.03220283547337188,0.027336140891683236
200,81500000.0,-0.6768741174323458,1.6794029434429256,-0.7137705118344857,1.6585219533149025,0.036896394402139876,0.020880990128023136
200,81800000.0,-0.6666973315692377,1.683036797664266,-0.7070039618977598,1.6694039294991105,0.04030663032852211,0.01363286816515541
200,82100000.0,-0.6580375166612111,1.6862651107392077,-0.7003397849460101,1.6804201091776985,0.042302268284798994,0.005845001561509244
200,82400000.0,-0.6506312128613949,1.689395887162723,-0.6934328647334461,1.6916040868819688,0.042801651872051205,-0.002208199719245796
200,82700000.0,-0.6445057800698879,1.6924396523955025,-0.6862818525162391,1.702680474580857,0.041776072446351176,-0.010240822185354492
200,83000000.0,-0.639871084291012,1.6957402830879176,-0.6791222527692089,1.7137059229512202,0.039251168478196874,-0.017965639863302574
200,83300000.0,-0.6365217573482564,1.6998120579560374,-0.6718281196403098,1.7249164282621716,0.035306362292053306,-0.025104370306134216
200,83600000.0,-0.6340483746102232,1.7047296510102603,-0.664120797718262,1.7361273109104336,0.030072423108038815,-0.03139765990017329
200,83900000.0,-0.6324871134907301,1.7103727214118085,-0.6562143115741675,1.7469872439911236,0.023727198083437484,-0.03661452257931508
200,84200000.0,-0.6320556945037886,1.7171421768012587,-0.6485452580688976,1.7577030344040199,0.016489563565109,-0.04056085760276118
200,84500000.0,-0.6323392305041944,1.7257084176518052,-0.6409510612041351,1.768795058912638,0.008611830699940759,-0.043086641260832836
200,84800000.0,-0.6324722667674497,1.7360894480766011,-0.6328432331728958,1.7801809986096597,0.0003709664054460937,-0.04409155053305858
200,85100000.0,-0.6321370785050264,1.7477079043159514,-0.6241959969022763,1.7912368162349277,-0.007941081602750089,-0.04352891191897634
200,85400000.0,-0.6316536609459718,1.760412060005555,-0.6156259354162409,1.8018198748819751,-0.016027725529730863,-0.04140781487642009
200,85700000.0,-0.630979403424498,1.7747063837864294,-0.6073810205939101,1.8124995730327977,-0.023598382830587905,-0.03779318924636832
200,86000000.0,-0.6293474309448513,1.7908016887090903,-0.5989684945724121,1.8236055010762682,-0.03037893637243927,-0.03280381236717789
200,86300000.0,-0.6261302293136762,1.8081329202789884,-0.5900086250304181,1.8347413288850596,-0.03612160428325817,-0.026608408606071166
200,86600000.0,-0.6214084880716719,1.8260962237293286,-0.5807945278403814,1.84551623030151,-0.04061396023129049,-0.01942000657218146
200,86900000.0,-0.6153756034657115,1.8446441535242186,-0.5716887825881309,1.8561328079679387,-0.04368682087758058,-0.011488654443720048
200,87200000.0,-0.6077706729744441,1.863805955455608,-0.5625500433600769,1.8668986485890113,-0.045220629614367236,-0.0030926931334034347
200,87500000.0,-0.5982852578904038,1.8831706315365897,-0.5531352116913683,1.8776995935773189,-0.04515004619903551,0.005471037959270841
200,87800000.0,-0.587029915215158,1.9022514688753984,-0.5435632844071632,1.8883538003753062,-0.043466630807994844,0.01389766850009222
200,88100000.0,-0.5741890190458094,1.9208997853457879,-0.5339694570113809,1.8990146567863133,-0.04021956203442856,0.021885128559474554
200,88400000.0,-0.5596585302712606,1.9389441718463265,-0.5241442395851187,1.9097991666806704,-0.03551429068614187,0.0291450051656561
200,88700000.0,-0.5434612072168908,1.9558506078786264,-0.5139520901523799,1.9204376315990581,-0.02950911706451098,0.0354129762795683
200,89000000.0,-0.5261183733120304,1.9712024394101308,-0.5037085128181689,1.9307440418504214,-0.02240986049386151,0.04045839755970948
200,89300000.0,-0.5081333315517488,1.9851482748355458,-0.49367048081805054,1.941055520647942,-0.01446285073369824,0.04409275418760372
200,89600000.0,-0.4894544535309201,1.9978876072898413,-0.48350803421232463,1.9517108827094702,-0.005946419318595464,0.04617672458037103
200,89900000.0,-0.46996195598188084,2.0090464958499963,-0.4728008347513058,1.9624209624377777,0.0028388787694249573,0.046625533412218534
200,90200000.0,-0.4501836549549558,2.0181134419623525,-0.4617645699936436,1.9727011232497178,0.0115809150386878,0.045412318712634736
200,90500000.0,-0.43094963477692094,2.025243114387468,-0.4509166889519442,1.9826736853957199,0.019967054175023258,0.042569428991748204
200,90800000.0,-0.41253583275125316,2.0310425025207066,-0.4402311177780908,1.9928548275968414,0.027695285026837657,0.03818767492386521
200,91100000.0,-0.3947375435518132,2.035719599057427,-0.4292226491615878,2.003306081499295,0.034485105609774636,0.03241351755813193
200,91400000.0,-0.37767191206230055,2.0390431907906335,-0.41775966167035544,2.0135989993532157,0.04008774960805489,0.025444191437417718
200,91700000.0,-0.3619003132834584,2.041081487693397,-0.4061956101050274,2.023560552568024,0.04429529682156902,0.017520935125372894
200,92000000.0,-0.3477613595193194,2.0423879135833416,-0.39470969665353706,2.033467271346605,0.046948337134217644,0.008920642236736498
200,92300000.0,-0.3351451677248416,2.0434213616675487,-0.3830871497667061,2.043475137145334,0.047941982041864506,-5.377547778540048e-05
200,92600000.0,-0.32398238274507646,2.0443239536081474,-0.37121238692132685,2.0534080024901957,0.047230004176250395,-0.009084048882048279
200,92900000.0,-0.31442131296758047,2.0453505861372356,-0.3592481892555618,2.0631984552106912,0.04482687628798132,-0.01784786907345559
200,93200000.0,-0.3064078180133036,2.046993571049418,-0.3472154326046114,2.0730239667900423,0.04080761459130783,-0.026030395740624268
200,93500000.0,-0.2995899499394112,2.049539442740027,-0.33489543154658996,2.082874979820653,0.03530548160717878,-0.033335537080625866
200,93800000.0,-0.29379216661267377,2.0529807918564122,-0.3222997919307268,2.0924774518314364,0.02850762531805301,-0.03949665997502416
200,94100000.0,-0.28910700379958437,2.057529435079748,-0.30975573538603035,2.1018157877504864,0.02064873158644598,-0.04428635267073844
200,94400000.0,-0.28532620146248694,2.0637332918972624,-0.2973290935922962,2.1112581075896166,0.012002892129809262,-0.04752481569235423
200,94700000.0,-0.28175540791772224,2.071852010796388,-0.2846294468152475,2.120938565408671,0.002874038897525244,-0.04908655461228317
200,95000000.0,-0.277857883230753,2.0815663386420953,-0.2714431851395055,2.1304715351955172,-0.006414698091247506,-0.04890519655342196
200,95300000.0,-0.27365154072766296,2.0925912946401035,-0.25811913366266204,2.13956757180324,-0.01553240706500092,-0.04697627716313635
200,95600000.0,-0.2691555765593339,2.1051556021931326,-0.24500335656325445,2.148513418155781,-0.02415221999607947,-0.04335781596264843
200,95900000.0,-0.26384661758165795,2.119517687915406,-0.23188355622204532,2.157686287215924,-0.03196306135961263,-0.03816859930051786
200,96200000.0,-0.2570575105933373,2.135367119431924,-0.21837666400029562,2.1669513961891553,-0.03868084659304169,-0.03158427675723141
200,96500000.0,-0.24860349814389449,2.152114534424722,-0.20454472094010231,2.175945988098746,-0.04405877720379217,-0.02383145367402406
200,96800000.0,-0.23860245495733284,2.169496524822384,-0.19070603813735598,2.1846764599819797,-0.04789641681997686,-0.015179935159595814
200,97100000.0,-0.22692923951438526,2.1874711297641896,-0.17688206052640454,2.1934044589128905,-0.05004717898798072,-0.005933329148700928
200,97400000.0,-0.21328818862816257,2.205733452424926,-0.16286429713990944,2.202151818019761,-0.05042389148825313,0.003581634405164902
200,97700000.0,-0.1976526911568244,2.2237773333790702,-0.14865043863193142,2.2107506948042603,-0.049002252524892986,0.013026638574809901
200,98000000.0,-0.1802064905869391,2.24129637752689,-0.13438439570418692,2.2192325927287415,-0.045822094882752185,0.02206378479814841
200,98300000.0,-0.16097904441277086,2.25810820202068,-0.11999266776391196,2.2277405093077887,-0.0409863766488589,0.030367692712891525
200,98600000.0,-0.13996422008629011,2.273801044763236,-0.1053063500672025,2.236163805440604,-0.034657870019087614,0.03763723932263208
200,98900000.0,-0.11750795315588403,2.287894348243247,-0.09045427794913423,2.2442878850876613,-0.027053675206749797,0.04360646315558547
200,99200000.0,-0.094141202340088,2.3002903700659516,-0.07570340542575658,2.2522361101744375,-0.018437796914331422,0.04805425989151413
200,99500000.0,-0.07006932757233043,2.311138172283157,-0.06095731041564405,2.260325599668952,-0.009112017156686386,0.05081257261420502
200,99800000.0,-0.045262313242858655,2.320280280959917,-0.045856993680898156,2.2685075237564716,0.0005946804380395007,0.05177275720344543
200,100100000.0,-0.02004761190585015,2.327289155627742,-0.030385364373570235,2.276399336477986,0.010337752467720087,0.05088981914975621
200,100400000.0,0.004848233791953335,2.3320953090515633,-0.014921092190151896,2.2839109453648136,0.01976932598210523,0.04818436368674961
200,100700000.0,0.02893125826171638,2.335133444166241,0.00038067619038212346,2.291391200092753,0.028550582071334256,0.043742244073488035
200,101000000.0,0.05218573288705944,2.3367562938460145,0.015821814996287886,2.2990443790628317,0.03636391789077155,0.03771191478318281
200,101300000.0,0.07456199773505888,2.33692590587417,0.03163753271504142,2.306626400147714,0.04292446502001746,0.030299505726455678
200,101600000.0,0.0956374440940577,2.335655365286326,0.04764695725305195,2.313893605223814,0.04799048684100574,0.02176176006251218
200,101900000.0,0.11499557868667946,2.3333668880972285,0.0636233271349562,2.3209697558759457,0.05137225155172326,0.012397132221282803
200,102200000.0,0.13259136073800223,2.330581892805957,0.07965225507970009,2.328046511660762,0.05293910565830215,0.002535381145195359
200,102500000.0,0.1485097955742402,2.3275797748043807,0.09588528311635593,2.3350537992654163,0.052624512457884284,-0.007474024461035622
200,102800000.0,0.16267781645685425,2.324602414938785,0.11224899664965374,2.3418767240261382,0.050428819807200514,-0.017274309087353057
200,103100000.0,0.1750767584206825,2.3220947248347104,0.12865714146413598,2.3486088460226737,0.046419616956546506,-0.02651412118796337
200,103400000.0,0.1859676684597877,2.3204636908079026,0.1452379747543872,2.3553238011440567,0.0407296937054005,-0.034860110336154104
200,103700000.0,0.1956290177921879,2.319845384000039,0.16207632885959275,2.3618543235853036,0.03355268893259514,-0.04200893958526475
200,104000000.0,0.20411224724625976,2.320384420364121,0.17897571673659216,2.368082749380824,0.025136530509667604,-0.04769832901670279
200,104300000.0,0.21154846416101925,2.32250140090812,0.19577360722547155,2.3742180896250464,0.0157748569355477,-0.05171668871692647
200,104600000.0,0.2184711710098382,2.326562083442575,0.21267441413849072,2.38047303628156,0.00579675687134748,-0.05391095283898473
200,104900000.0,0.22549702948535516,2.3324748597333516,0.22994180553601498,2.3866672232258934,-0.004444776050659821,-0.05419236349254186
200,105200000.0,0.23285562357983045,2.33995496839624,0.24744092768901482,2.392494998397783,-0.014585304109184377,-0.052540030001542615
200,105500000.0,0.24058274405360913,2.349029259495662,0.26484467372952825,2.3980313499074986,-0.024261929675919114,-0.04900209041183645
200,105800000.0,0.2490406717654775,2.3599073342997,0.28216698467474105,2.4036017026268395,-0.033126312909263544,-0.043694368327139355
200,106100000.0,0.25885642687961297,2.3724495868296853,0.29971363025896725,2.409246168084689,-0.04085720337935428,-0.03679658125500351
200,106400000.0,0.2703965763287275,2.3861470013437223,0.31756862699053406,2.414693278097044,-0.047172050661806575,-0.028546276753321553
200,106700000.0,0.2836698918898185,2.4006007286908697,0.33550721867309363,2.419831418524678,-0.05183732678327513,-0.019230689833808157
200,107000000.0,0.29873602750865197,2.415658772411029,0.35341320520721664,2.42483552202487,-0.05467717769856467,-0.009176749613840851
200,107300000.0,0.31584186304050604,2.43106637059222,0.37142189844904316,2.4298059556616183,-0.05558003540853712,0.0012604149306016943
200,107600000.0,0.33510460860524793,2.446340690605803,0.38960755140600295,2.4346306703656464,-0.054502942800755017,0.011710020240156549
200,107900000.0,0.3563925753774213,2.461063574486053,0.40786604373760216,2.439264794438192,-0.05147346836018085,0.021798780047860955
200,108200000.0,0.3795924769638859,2.4749848520298716,0.4261816076815393,2.443820612293462,-0.04658913071765336,0.031164239736409804
200,108500000.0,0.4046780096845819,2.4877610050581747,0.4446923067725763,2.4482931858597183,-0.04001429708799442,0.03946781919845632
200,108800000.0,0.43141655674743057,2.4989148017302303,0.4633912065205895,2.4525077491970957,-0.03197464977315895,0.046407052533134596
200,109100000.0,0.45931927863571465,2.508179291615413,0.48206872836340964,2.456452713714292,-0.022749449727694993,0.051726577901120674
200,109400000.0,0.48801866693702506,2.5155904168224965,0.5006805353213779,2.4603628937652613,-0.012661868384352848,0.05522752305723522
200,109700000.0,0.5174077152684333,2.5211002074127116,0.5194753915635925,2.4643252559983053,-0.0020676762951591376,0.05677495141440625
200,110000000.0,0.547248054029363,2.5243956720751166,0.5385907249054136,2.4680926280394044,0.008657329123949453,0.05630304403571218
200,110300000.0,0.5769327579286561,2.525295275119073,0.557802091465467,2.4714774734798395,0.01913066646318906,0.053817801639233664
200,110600000.0,0.6058613942881083,2.5240605126028095,0.5768846067068293,2.4746633105060756,0.028976787581278973,0.04939720209673393
200,110900000.0,0.6338137949260008,2.521083010010291,0.5959732685001703,2.477894188760189,0.03784052642583047,0.04318882125010193
200,111200000.0,0.6607154039016917,2.5164888422413885,0.6153154758940195,2.481083893202297,0.04539992800767223,0.03540494903909153
200,111500000.0,0.6862492618340725,2.510312068496725,0.6348713021750128,2.4839967397312894,0.05137795965905978,0.02631532876543563
200,111800000.0,0.7099855371130521,2.5028732460755068,0.654432892646025,2.4866354483059885,0.055552644467027124,0.01623779776951828
200,112100000.0,0.7317493889209371,2.4946973469614004,0.6739841159579668,2.489170158235097,0.05776527296297029,0.0055271887263033115
200,112400000.0,0.75158638575608,2.486179041485635,0.6936599616443957,2.491616185862684,0.05792642411168436,-0.005437144377049119
200,112700000.0,0.7694818983697347,2.4775990057112027,0.7134623512731139,2.4938637766631393,0.056019547096620825,-0.01626477095193657
200,113000000.0,0.7853982473165024,2.4693637614583364,0.733296318315341,2.4959318649318147,0.052101929001161396,-0.026568103473478377
200,113300000.0,0.799510420112147,2.4619374309141517,0.7532074014346805,2.4979136939403173,0.046303018677466556,-0.03597626302616552
200,113600000.0,0.8121251300037076,2.4555898900038753,0.7733049434869793,2.4997383024444186,0.03882018651672825,-0.04414841244054335
200,113900000.0,0.8234171992915756,2.4504792537983326,0.7935051586165064,2.501265365512519,0.02991204067506925,-0.050786111714186344
200,114200000.0,0.8335220607083226,2.446929910653136,0.8136325709039864,2.5025741421648866,0.019889489804336136,-0.055644231511750686
200,114500000.0,0.8428529862829887,2.4453320207024416,0.8337481104845875,2.5038720089381714,0.009104875798401135,-0.05853998823572981
200,114800000.0,0.8520255535855836,2.4457682514236705,0.8540859575804015,2.5051280321419545,-0.002060403994817883,-0.05935978071828396
200,115100000.0,0.8614481496355875,2.4480276479667125,0.8746575097664196,2.5060912629911214,-0.013209360130832182,-0.05806361502440893
200,115400000.0,0.8712697030362319,2.4520143377604233,0.89521323084612,2.506701277854129,-0.023943527809888177,-0.05468694009370578
200,115700000.0,0.8817717222732888,2.4578474211660333,0.9156489552576753,2.5071871917255786,-0.033877232984386496,-0.049339770559545304
200,116000000.0,0.8935107273912256,2.46548148733104,0.9361621812421528,2.5076845993984795,-0.04265145385092717,-0.04220311206743954
200,116300000.0,0.9069613743656553,2.4745100558983744,0.9569081478981675,2.508032901971124,-0.0499467735325122,-0.03352284607274969
200,116600000.0,0.9222719597826399,2.484468786553784,0.9777669565246238,2.508070075947341,-0.05549499674198388,-0.02360128939355688
200,116900000.0,0.9394976320129953,2.495090619605707,0.9985866520146542,2.507877299666515,-0.05908902000165894,-0.012786680060807853
200,117200000.0,0.9588316682175514,2.506121482965036,1.019422225399438,2.5075824240888593,-0.06059055718188666,-0.001460941123823556
200,117500000.0,0.9804386686083656,2.517113592318076,1.0403740864085647,2.5071397776641713,-0.059935417800199065,0.009973814653904789
200,117800000.0,1.0042572472735634,2.527581768618438,1.0613934160427962,2.5064722217251587,-0.05713616876923289,0.021109546893279152
200,118100000.0,1.0301390342725336,2.537187789128427,1.0824211215178456,2.5056409483560125,-0.052282087245312026,0.03154684077241443
200,118400000.0,1.0580041271713019,2.5456048962205657,1.1035404895985361,2.5046956476091635,-0.045536362427234245,0.040909248611402216
200,118700000.0,1.087676997130407,2.5523829159679776,1.1248076122228319,2.50352604029761,-0.03713061509242488,0.04885687567036756
200,119000000.0,1.1187346705369634,2.5571519426159592,1.1460916179055003,2.502053241263003,-0.027356947368536888,0.05509870135295625
200,119300000.0,1.1507248634983918,2.55981889838754,1.1672826790594153,2.500415680066364,-0.016557815561023537,0.0594032183211759
200,119600000.0,1.1834012489228454,2.560362807754038,1.1885152971829678,2.4987557843031127,-0.005114048260122406,0.06160702345092517
200,119900000.0,1.2165336284180281,2.5585750417501276,1.2099650318934694,2.49695402699827,0.006568596524558767,0.06162101475185766
200,120200000.0,1.249615445498622,2.5542396171369286,1.2315416105756811,2.4948056850867784,0.01807383492294079,0.05943393205015024
200,120500000.0,1.282014364202982,2.547473250678275,1.253024684387463,2.4923601250488114,0.02898967981551892,0.05511312562946369
200,120800000.0,1.3133448318803385,2.538638423938835,1.2744216566286812,2.4898358793795317,0.03892317525165723,0.04880254455930322
200,121100000.0,1.343451534529276,2.527978938878359,1.2959369852737495,2.4872609537496686,0.04751454925552645,0.040717985128690515
200,121400000.0,1.372077408595137,2.515592609074254,1.3176271473362555,2.484452888068367,0.05445026125888153,0.031139721005887022
200,121700000.0,1.3988143062004645,2.5017384567479235,1.3393398692640714,2.4813356794804515,0.059474436936393094,0.020402777267471972
200,122000000.0,1.4233931202305048,2.4869124959887197,1.3609948383817136,2.478027276929088,0.06239828184879115,0.008885219059631577
200,122300000.0,1.4457893646800952,2.471591432501427,1.382682204125674,2.474596574483118,0.06310716055442112,-0.003005141981690773
200,122600000.0,1.4660172478912035,2.4561231052837287,1.4044521759875577,2.4709682933253805,0.061565071903645796,-0.014845188041651802
200,122900000.0,1.4840500311147058,2.4408996517728396,1.4262337151650555,2.4671112194637836,0.05781631594965031,-0.026211567690944015
200,123200000.0,1.4999984322180673,2.4264052420331055,1.4480141506584543,2.46310107510644,0.05198428155961299,-0.03669583307333468
200,123500000.0,1.5141529034274253,2.4130165608069984,1.469885487954425,2.458935662620672,0.04426741547300028,-0.045919101813673535
200,123800000.0,1.526775431697886,2.4009515396020644,1.4918429287092605,2.4544972879248155,0.0349325029886256,-0.05354574832275105
200,124100000.0,1.5380493669722113,2.3904818608005627,1.5137439114223719,2.4497774916048223,0.024305455549839428,-0.05929563080425959
200,124400000.0,1.5483165415694804,2.3819809463206703,1.5355566213564618,2.4449353228120128,0.012759920213018638,-0.0629543764913425
200,124700000.0,1.5581526861037347,2.3756494380509117,1.5574485445950264,2.440030780865762,0.0007041415087083447,-0.0643813428148503
200,125000000.0,1.5680793610327648,2.371381557439473,1.5795128160155865,2.434896549429964,-0.011433454982821667,-0.06351499199049071
200,125300000.0,1.5783767338380685,2.3690290926153104,1.6015962144845983,2.429404577270358,-0.02321948064652979,-0.06037548465504772
200,125600000.0,1.589312823091711,2.3686152603489115,1.623543898896964,2.4236796146746693,-0.034231075805252864,-0.05506435432575785
200,125900000.0,1.6013752956844491,2.370127769176695,1.6454463875285152,2.4178890139510956,-0.0440710918440661,-0.04776124477440069
200,126200000.0,1.615089835585228,2.3732569805991424,1.66747223635555,2.4119748225872604,-0.05238240077032219,-0.03871784198811801
200,126500000.0,1.6307330386586874,2.377526436560542,1.6895938813867706,2.405775660864083,-0.05886084272808323,-0.02824922430354082
200,126800000.0,1.6484012423135903,2.382570025366727,1.7116676049925377,2.399292928953984,-0.06326636267894736,-0.016722903587257143
200,127100000.0,1.6682486653327548,2.3880980240702483,1.7336805720850772,2.3926439411036,-0.06543190675232236,-0.004545917033351721
200,127400000.0,1.6904550438486914,2.3936899514985583,1.7557247710512427,2.385840394455729,-0.06526972720255131,0.007849557042829414
200,127700000.0,1.7150266046734044,2.3988285098466062,1.7778014820403818,2.3788069807796703,-0.0627748773669774,0.020021529066935884
200,128000000.0,1.7418185118826057,2.403090046045387,1.7998442930960348,2.371556098551836,-0.05802578121342905,0.03153394749355076
200,128300000.0,1.770700784471661,2.406124657696758,1.82188261092621,2.3641523285775707,-0.05118182645454916,0.04197232911918736
200,128600000.0,1.8015127318708828,2.4075068178710386,1.8439907615442581,2.3565481235415273,-0.04247802967337533,0.05095869432951128
200,128900000.0,1.8338940064836198,2.4068124880992383,1.8661109726013168,2.348647243330882,-0.03221696611769698,0.058165244768356494
200,129200000.0,1.8673631602026537,2.4038301735072047,1.8881214264749093,2.340503871070084,-0.020758266272255632,0.06332630243712067
200,129500000.0,1.901556406757687,2.3985094527754325,1.9100624377114237,2.332261350603922,-0.00850603095373681,0.06624810217151067
200,129800000.0,1.9362000653286349,2.390715523321812,1.9320946426147902,2.323899457351002,0.00410542271384462,0.06681606597080991
200,130100000.0,1.9708526660322578,2.3802445517645645,1.9542256931904494,2.315245293930026,0.016626972841808474,0.06499925783453842
200,130400000.0,2.0048928605949516,2.367108630364932,1.9762821751829358,2.306256776703024,0.028610685412015835,0.06085185366190782
200,130700000.0,2.037816148724069,2.351604410242548,1.9981903259627187,2.2970928196886953,0.03962582276135018,0.054511590553852685
200,131000000.0,2.0693602384321315,2.334043791008403,2.0200859128038946,2.2878485557598904,0.04927432562823686,0.046195235248512656
200,131300000.0,2.0992816503641585,2.31460444180616,2.042076437697405,2.2784132515376663,0.05720521266675327,0.036191190268493934
200,131600000.0,2.1272053630675654,2.2935236058269166,2.06407801520616,2.2686741188565134,0.06312734786140517,0.024849486970403234
200,131900000.0,2.1528034863162993,2.2712572278155756,2.085983378925259,2.2586876875831567,0.06682010739104038,0.012569540232418852
200,132200000.0,2.1759710194299293,2.248330197075812,2.107829437216847,2.2485440985072223,0.06814158221308242,-0.00021390143141042373
200,132500000.0,2.1967199042464345,2.2251664101247477,2.1296858856142573,2.238212552388646,0.06703401863217717,-0.013046142263898108
200,132800000.0,2.215044650519182,2.2021704269760076,2.151518386581949,2.2276391524700085,0.06352626393723293,-0.02546872549400092
200,133100000.0,2.231017366124326,2.1798306217117496,2.1732842589547157,2.216866440227447,0.05773310716961033,-0.03703581851569737
200,133400000.0,2.244891614850203,2.158599902844211,2.1950400653274365,2.2059301043655637,0.049851549522766714,-0.04733020152135259
200,133700000.0,2.2569786434739085,2.1387760121835724,2.2168245081390063,2.1947543221821726,0.0401541353349022,-0.055978309998600206
200,134000000.0,2.2675254320533944,2.120620340899204,2.23854588676353,2.1832841419965434,0.02897954528986446,-0.06266380109733927
200,134300000.0,2.2768469600150945,2.1044771805827756,2.2601261977056737,2.171616308944779,0.016720762309420767,-0.06713912836200331
200,134600000.0,2.2854693699691504,2.0906166647472677,2.2816581243494762,2.159851350926475,0.003811245619674164,-0.06923468617920747
200,134900000.0,2.2939736677965192,2.079041454334253,2.303264051574438,2.147906662056127,-0.009290383777918798,-0.0688652077218741
200,135200000.0,2.302763754739581,2.069605813647147,2.3248803800209337,2.1356390077453686,-0.022116625281352498,-0.0660331940982215
200,135500000.0,2.3121435642937755,2.0622538181686974,2.34635135455793,2.123083038024309,-0.034207790264154436,-0.060829219855611516
200,135800000.0,2.3225522274959944,2.0569640182722857,2.367680717530669,2.1103930870816012,-0.04512849003467467,-0.05342906880931553
200,136100000.0,2.334528274877309,2.053502276272458,2.389011581803434,2.097590080806824,-0.0544833069261248,-0.044087804534366004
200,136400000.0,2.348452423275394,2.051415054390245,2.4103835213348606,2.084546051729219,-0.06193109805946673,-0.033130997338973955
200,136700000.0,2.3644908822507094,2.0502639740389355,2.4316883196270345,2.0712073710574392,-0.06719743737632511,-0.020943397018503784
200,137000000.0,2.3827830475199994,2.049702450123856,2.4528677793999463,2.0576578720617533,-0.0700847318799469,-0.007955421937897444
200,137300000.0,2.403505042345835,2.0493196161428826,2.473984658365747,2.043947563877288,-0.07047961601991215,0.005372052265594451
200,137600000.0,2.4267169998850324,2.04858807884693,2.4950743555925436,2.030024035604296,-0.06835735570751122,0.018564043242633943
200,137900000.0,2.45230291952576,2.0470135097879374,2.5160860352247867,2.0158651316674523,-0.06378311569902673,0.0311483781204851
200,138200000.0,2.4800991859457735,2.0441974060560204,2.5370092120475816,2.001524809226911,-0.056910026101808064,0.04267259682910929
200,138500000.0,2.5099338038912817,2.0397230753304996,2.5579078826300963,1.9870028418668455,-0.04797407873881454,0.052720233463654065
200,138800000.0,2.5414924195040167,2.033142765693922,2.578778444685368,1.972216900327723,-0.03728602518135116,0.06092586536619882
200,139100000.0,2.5742988446902317,2.024149529012082,2.599519423421393,1.9571611416507015,-0.025220578731161236,0.06698838736138057
200,139400000.0,2.607903685251418,2.01263076996141,2.62010698079409,1.9419487162026514,-0.012203295542672077,0.07068205375875847
200,139700000.0,2.64196330673754,1.9984882533419148,2.640658876033946,1.926623368057415,0.001304430703593873,0.07186488528449986
200,140000000.0,2.6760626625926016,1.9815513902691009,2.661240927536968,1.9110672864337168,0.014821735055633667,0.07048410383538406
200,140300000.0,2.7096091694380866,1.9617681105803202,2.6817437655783154,1.8951897277559415,0.02786540385977121,0.06657838282437867
200,140600000.0,2.7420231612749753,1.939356687832969,2.7020560239483484,1.8790798446000205,0.03996713732662682,0.060276843232948574
200,140900000.0,2.7729313999122107,1.9146528104486606,2.7222410415996126,1.8628579847296394,0.05069035831259816,0.051794825719021276
200,141200000.0,2.8020646094650514,1.887910549452191,2.7424186361182787,1.846483995621132,0.059645973346772685,0.041426553831058976
200,141500000.0,2.829075353566811,1.8593780231943127,2.7625688580397294,1.8298430961091916,0.06650649552708154,0.029534927085121065
200,141800000.0,2.8536059805560785,1.829475358798395,2.782587975527258,1.8129365405868205,0.0710180050288205,0.016538818211574435
200,142100000.0,2.8754750583584934,1.7987476084043459,2.8024655280654667,1.7958492766298453,0.0730095302930267,0.0028983317745006065
200,142400000.0,2.894666392345627,1.7676895830942703,2.8222668749433284,1.7785910591562075,0.07239951740229866,-0.010901476061937254
200,142700000.0,2.9111919941418907,1.736740693315121,2.8419928685896876,1.7611085487145537,0.06919912555220309,-0.024367855399432647
200,143000000.0,2.9251072848569026,1.7063927827221839,2.861595083459102,1.7434107497166664,0.06351220139780045,-0.037017966994482565
200,143300000.0,2.936625162780435,1.6771486423570403,2.8810932268608274,1.7255448298395877,0.05553193591960781,-0.04839618748254737
200,143600000.0,2.9460742525544377,1.649387638446856,2.9005399248293955,1.7074781486515203,0.04553432772504218,-0.05809051020466427
200,143900000.0,2.953762305172647,1.6233950291747312,2.919893645838754,1.6891424989355024,0.033868659333892825,-0.06574746976077117
200,144200000.0,2.9600116059194796,1.5994920117797975,2.9390663105430552,1.6705770488427683,0.020945295376424422,-0.07108503706297076
200,144500000.0,2.9653069373278025,1.577982551002128,2.9580856972789666,1.6518855457038755,0.007221240048835842,-0.07390299470174755
200,144800000.0,2.97025054660727,1.5589643541102665,2.9770665641903635,1.6330547753232814,-0.006816017583093359,-0.0740904212130149
200,145100000.0,2.9753484263474044,1.542331229836212,2.996014234507724,1.6139612556020984,-0.02066580816031971,-0.0716300257658864
200,145400000.0,2.9809711230935494,1.5279759118111604,3.014803266466846,1.594575069469001,-0.03383214337329665,-0.06659915765784064
200,145700000.0,2.9875378992029713,1.5158440958217745,3.0333793898759014,1.5750115149478927,-0.045841490672930085,-0.059167419126118226
200,146000000.0,2.9955799862801795,1.5057496050727759,3.051839789087615,1.555340563274429,-0.05625980280743548,-0.04959095820165316
200,146300000.0,3.0055537506947108,1.4972796461761475,3.070261944197196,1.535483300746228,-0.06470819350248513,-0.03820365457008057
200,146600000.0,3.0177081135477306,1.4899531181782333,3.088584828566793,1.5153586168465931,-0.07087671501906234,-0.02540549866835984
200,146900000.0,3.0321940333919333,1.4833594852475986,3.106729768729802,1.4950080314265544,-0.07453573533786884,-0.011648546178955721
200,147200000.0,3.049178097116348,1.4770772302261774,3.124722572599634,1.4744981712239846,-0.07554447548328636,0.002579059002192796
200,147500000.0,3.0687572167708286,1.4705784090857157,3.1426136054757707,1.453808002478353,-0.07385638870494216,0.01677040660736262
200,147800000.0,3.090856632023974,1.4633168013023448,3.160377830829871,1.4328989320305636,-0.06952119880589702,0.03041786927178114
200,148100000.0,3.1152998177920272,1.454833509713504,3.177983333277128,1.4118022513010005,-0.06268351548510065,0.04303125841250344
200,148400000.0,3.1418920472561958,1.4447005556091983,3.195470087930099,1.3905451126481834,-0.05357804067390326,0.05415544296101493
200,148700000.0,3.1703443935225755,1.4324606873106964,3.212865910191371,1.3690739105346816,-0.042521516668795556,0.06338677677601479
200,149000000.0,3.2002024315217774,1.4177371832922037,3.230104143439424,1.347349449830353,-0.02990171191764679,0.07038773346185057
200,149300000.0,3.230963550429984,1.4003417528152424,3.247127387106372,1.325442515447422,-0.01616383667638832,0.07489923736782034
200,149600000.0,3.2622072308756858,1.3801775589781191,3.264002076618312,1.303427308009835,-0.0017948457426264497,0.07675025096828403
200,149900000.0,3.2935107165117996,1.3571093291670007,3.280816886684535,1.2812450825476318,0.012693829827264747,0.07586424661936886
200,150200000.0,3.3243098861492264,1.3310546711781395,3.2975253931696655,1.2587923648572488,0.02678449297956087,0.0722623063208907
200,150500000.0,3.3539851342289864,1.3021577159062359,3.3140134625708098,1.236094974372582,0.03997167165817661,0.06606274153365388
200,150800000.0,3.3820631707127595,1.2707438077952498,3.330282925408557,1.2132665610907627,0.051780245304202666,0.05747724670448706
200,151100000.0,3.4082204350480794,1.2371274981840512,3.3464378640543764,1.1903238025381477,0.06178257099370299,0.046803695645903476
200,151400000.0,3.432121142759998,1.2015899294695385,3.3625071648761273,1.1671741192154166,0.06961397788387069,0.03441581025412188
200,151700000.0,3.4533972517486533,1.1645288892203072,3.3784111989574215,1.1437788164189195,0.07498605279123183,0.02075007280138763
200,152000000.0,3.471803676766231,1.1264905911163645,3.3941064312714486,1.1202002344396933,0.07769724549478241,0.006290356676671216
200,152300000.0,3.487278749277813,1.0880273165112264,3.409638327535538,1.0964765114656938,0.07764042174227503,-0.008449194954467387
200,152600000.0,3.499839995383989,1.049627895416827,3.4250329243236464,1.0725703508813416,0.07480707106034279,-0.022942455464514566
200,152900000.0,3.509540674854182,1.0117958811609509,3.4402526889665137,1.0484659878044378,0.06928798588766849,-0.03667010664348691
200,153200000.0,3.516559385707679,0.9750655512938028,3.455289003898392,1.0242037961493329,0.06127038180928723,-0.04913824485553009
200,153500000.0,3.5212197317745737,0.9398889616710044,3.470188162626953,0.9997851024253748,0.05103156914762064,-0.05989614075437033
200,153800000.0,3.523876931282378,0.9065982432356788,3.484947546588769,0.9751507777362204,0.03892938469360896,-0.06855253450054155
200,154100000.0,3.5248822227742713,0.8755073140812273,3.499492529998396,0.9502971886078974,0.02538969277587544,-0.07478987452667007
200,154400000.0,3.5246962823556216,0.8469322740015118,3.5138048888896978,0.9253082356112764,0.010891393465923827,-0.07837596160976457
200,154700000.0,3.523920058925133,0.8210448490495018,3.527970573647724,0.9002174208558231,-0.004050514722590659,-0.07917257180632131
200,155000000.0,3.5231347157361728,0.7977986052854372,3.542037933836899,0.8749393630080696,-0.01890321810072626,-0.0771407577226324
200,155300000.0,3.522791258145454,0.7770653980631855,3.5559263451108016,0.8494080251328041,-0.033135086965347504,-0.07234262706961858
200,155600000.0,3.523318427535161,0.7587503930247538,3.569553142767971,0.8236898952762312,-0.04623471523281042,-0.06493950225147738
200,155900000.0,3.5252351364221894,0.7426885310254178,3.582964436389485,0.7978750413554206,-0.05772929996729559,-0.05518651033000288
200,156200000.0,3.5290468975530125,0.7285113820043299,3.5962485942214033,0.7719351847252182,-0.06720169666839082,-0.043423802720888305
200,156500000.0,3.5350853442336985,0.7157216529934947,3.6093908981778347,0.7457863637474654,-0.07430555394413618,-0.03006471075397077
200,156800000.0,3.5435361573266597,0.7038489858720088,3.6223141414967133,0.719430216042562,-0.07877798417005355,-0.015581230170553129
200,157100000.0,3.554560615178485,0.6924435276019577,3.635009902931067,0.69293086475912,-0.08044928775258198,-0.0004873371571623153
200,157400000.0,3.568277106396252,0.6809763004887146,3.6475264695093332,0.6662970448047417,-0.07924936311308128,0.01467925568397288
200,157700000.0,3.5846541015026263,0.6688664351197118,3.6598646806415074,0.6394901892932104,-0.07521057913888107,0.029376245826501335
200,158000000.0,3.60352130106667,0.6555936833315197,3.671988306874042,0.6125175578747017,-0.06846700580737197,0.04307612545681794
200,158300000.0,3.624661211792645,0.6407003641738447,3.6839112119964947,0.5854152399254962,-0.05925000020384985,0.05528512424834853
200,158600000.0,3.647791895801414,0.6237216192717511,3.695672173830725,0.5581606042515499,-0.04788027802931083,0.06556101502020117
200,158900000.0,3.6724838521236176,0.6042333219062218,3.7072406074272695,0.5307041965803581,-0.034756755303651854,0.07352912532586375
200,159200000.0,3.6982084387403513,0.5819717613299141,3.718551002216725,0.5030757739357034,-0.020342563476373865,0.07889598739421078
200,159500000.0,3.7244746915110225,0.5568135357901023,3.729623408610342,0.47535339101301644,-0.005148717099319633,0.08146014477708585
200,159800000.0,3.7508268176163893,0.5286483851927182,3.740542811927883,0.44752867695025106,0.01028400568850607,0.08111970824246711
200,160100000.0,3.776717631170281,0.4973873794610481,3.751313312695884,0.4195110169895428,0.02540431847439706,0.07787636247150531
200,160400000.0,3.8015116136564306,0.46311462033743855,3.761841497138135,0.39127894476276714,0.03967011651829555,0.07183567557467141
200,160700000.0,3.824654387414552,0.42612302603330315,3.772086481420271,0.36291932322977755,0.05256790599428118,0.06320370280352561
200,161000000.0,3.8457517140435176,0.38676570736569443,3.7821204217571345,0.33448572267187426,0.06363129228638309,0.05227998469382017
200,161300000.0,3.864459134996781,0.3453677024589128,3.792001280474153,0.30592054243549727,0.07245785452262776,0.03944716002341553
200,161600000.0,3.880407321725261,0.30232160017616877,3.8016835435602943,0.27716404031857705,0.07872377816496678,0.025157559857591716
200,161900000.0,3.8933037226802507,0.25816542481873284,3.811108003457306,0.24824815413767362,0.08219571922294477,0.009917270681059215
200,162200000.0,3.9030330936357274,0.2134923597194392,3.8202936086209656,0.21922413607176222,0.0827394850147618,-0.005731776352323026
200,162500000.0,3.909603462700613,0.16884658540084738,3.8292782565405967,0.1900776618132677,0.08032520616001637,-0.021231076412420335
200,162800000.0,3.9130722384087946,0.12475517682480623,3.838043457530588,0.16078067283628367,0.07502878087820664,-0.036025496011477434
200,163100000.0,3.913594496459579,0.08177419439892919,3.8465649709887018,0.13135735361473555,0.06702952547087726,-0.04958315921580636
200,163400000.0,3.9114763969724136,0.04041484020841203,3.854872274956322,0.10182940010155135,0.05660412201609155,-0.06141455989313932
200,163700000.0,3.9071034075277256,0.0010679576011056158,3.862986336389132,0.07215819017748686,0.044117071138593644,-0.07109023257638124
200,164000000.0,3.9008655134232155,-0.03594099924545555,3.870857553051987,0.042315350503394696,0.03000796037122866,-0.07825634974885025
200,164300000.0,3.8932187488684282,-0.07029294513371477,3.878442763048556,0.012354716688002355,0.014775985819872162,-0.08264766182171712
200,164600000.0,3.884753725011734,-0.10176414546160284,3.8857914367923163,-0.017666846054178044,-0.0010377117805822067,-0.0840972994074248
200,164900000.0,3.8761009080065603,-0.13033506091087052,3.8929701720725824,-0.04779196956709632,-0.016869264066022183,-0.0825430913437742
200,165200000.0,3.8677922314231594,-0.15612743495671863,3.899944408951363,-0.07809726729747586,-0.03215217752820365,-0.07803016765924277
200,165500000.0,3.860290738709619,-0.17927221366320573,3.9066283514760087,-0.10856248754256814,-0.046337612766389924,-0.07070972612063758
200,165800000.0,3.8541090112260115,-0.1999349721411766,3.913023111166129,-0.1391009876298305,-0.05891409994011765,-0.060833984511346084
200,166100000.0,3.849781107321477,-0.21844627972356365,3.9192070806008226,-0.169698778786971,-0.06942597327934541,-0.048747500936592636
200,166400000.0,3.8477124952153843,-0.2352996281806723,3.925202370350138,-0.20042445808218817,-0.07748987513475392,-0.03487517009848412
200,166700000.0,3.8481402835406344,-0.2510136685345423,3.9309490263770566,-0.231306370108585,-0.08280874283642214,-0.01970729842595731
200,167000000.0,3.851231187302059,-0.2660786482512803,3.936413940792796,-0.26229637870676237,-0.085182753490737,-0.0037822695445179355
200,167300000.0,3.8571146424975673,-0.28103161958512896,3.9416314520512548,-0.29336419278788656,-0.08451680955368746,0.012332573202757602
200,167600000.0,3.865797397485938,-0.2964756025339234,3.9466216955616904,-0.3245367352375596,-0.08082429807575231,0.028061132703636193
200,167900000.0,3.877129571168288,-0.3129860153435759,3.9513565644124884,-0.35582515952198024,-0.07422699324420057,0.04283914417840434
200,168200000.0,3.890878200989022,-0.33106357604444564,3.955829283396422,-0.3871979997474353,-0.06495108240739977,0.056134423702989655
200,168500000.0,3.906755319710166,-0.3511867130878071,3.9600747453175273,-0.41865275796836793,-0.05331942560736147,0.06746604488056085
200,168800000.0,3.9243510996761146,-0.3738110134777617,3.9640914183291125,-0.45023274769738464,-0.039740318652997875,0.07642173421962295
200,169100000.0,3.9431300959963487,-0.39926698036354696,3.967823264432361,-0.4819398405513241,-0.024693168436012325,0.08267286018777714
200,169400000.0,3.9625448452122445,-0.42772317358858697,3.971256425109925,-0.5137096619696964,-0.008711579897680455,0.0859864883811094
200,169700000.0,3.9820914595699977,-0.45928145155343886,3.9744558940816654,-0.5455155102103195,0.007635565488332219,0.08623405865688066
200,170000000.0,4.0012230155382,-0.49402433815580876,3.97745864834889,-0.5774206834874374,0.02376436718930952,0.0833963453316286
400,20000000.0,-0.16428569053778871,1.4611802249543324,-0.16533075464899033,1.4508693463344315,0.0010450641112016157,0.010310878619900876
400,20300000.0,-0.16184619856143262,1.4315597291262963,-0.16484066292639102,1.4214725898338734,0.002994464364958399,0.010087139292422886
400,20600000.0,-0.16652941463524756,1.4011355010555269,-0.17142560391566908,1.3916429991275643,0.004896189280421515,0.009492501927962582
400,20900000.0,-0.1734486342109224,1.3766571759849386,-0.18012757037574437,1.3681202163941668,0.006678936164821958,0.008536959590771831
400,21200000.0,-0.17645424767899248,1.354443438327281,-0.18472785292453323,1.3471986104096487,0.008273605245540744,0.007244827917632257
400,21500000.0,-0.1787086929701366,1.329147841651385,-0.1883253113573934,1.32349416961289,0.009616618387256776,0.0056536720384952055
400,21800000.0,-0.18502623014875225,1.303975413397129,-0.19567817371293383,1.3001627836777723,0.010651943564181587,0.003812629719356808
400,22100000.0,-0.19195579860464576,1.2837291347470694,-0.2032885603744014,1.2819477719405779,0.011332761769755645,0.0017813628064915488
400,22400000.0,-0.19422002601181376,1.264923843540866,-0.20584391541517855,1.2652950850258928,0.011623889403364784,-0.00037124148502676313
400,22700000.0,-0.19483544320863785,1.2416258473415351,-0.20633949381141173,1.2441956135076413,0.011504050602773874,-0.0025697661661061577
400,23000000.0,-0.20013575189552285,1.2158790929009635,-0.21110246374172836,1.220614649136639,0.010966711846205512,-0.004735556235675453
400,23300000.0,-0.2092210487107263,1.1938353059987459,-0.21924109048639498,1.2006245975087555,0.010020041775668675,-0.006789291510009621
400,23600000.0,-0.21667227113151896,1.1754136767350163,-0.22535945178701755,1.1840669239758885,0.008687180655498589,-0.008653247240872242
400,23900000.0,-0.22238513001920374,1.1560532148442895,-0.22939153365841441,1.1663075532243483,0.007006403639210679,-0.010254338380058847
400,24200000.0,-0.23045360905447146,1.135944351387361,-0.2354836195734204,1.1474718894100837,0.005030010518948941,-0.011527538022722661
400,24500000.0,-0.24041106146267263,1.1192760078103787,-0.24323324360485765,1.1316944374738422,0.00282218214218502,-0.012418429663463515
400,24800000.0,-0.24770013369354688,1.1057113439553674,-0.24815707677159352,1.1185962784874137,0.0004569430780466399,-0.01288493453204631
400,25100000.0,-0.2521377368215818,1.0904584325546585,-0.25015395242275607,1.1033576141472659,-0.0019837843988257386,-0.01289918159260739
400,25400000.0,-0.25844203564587265,1.0726764238119522,-0.2540290514092749,1.0851258466621196,-0.00441298423659775,-0.01244942285016748
400,25700000.0,-0.26805412044580856,1.0567309037938808,-0.2613119616538278,1.0682718310927515,-0.006742158791980757,-0.011540927298870685
400,26000000.0,-0.27718651032070524,1.0444775326886606,-0.2683018389752578,1.0546732261757692,-0.008884671345447459,-0.010195693487108581
400,26300000.0,-0.2839136324141444,1.0328033404149146,-0.2731551121558158,1.0412552225977354,-0.01075852025832863,-0.00845188218282078
400,26600000.0,-0.2908901839544615,1.0200868718047387,-0.2786008893748082,1.0264500789832027,-0.012289294579653276,-0.006363207178464059
400,26900000.0,-0.2993742471775148,1.0090017706162653,-0.28596077539327397,1.0129992641041166,-0.013413471784240849,-0.003997493487851278
400,27200000.0,-0.3063553358545969,1.000826153538988,-0.2922741564389876,1.0022602911351233,-0.014081179415609324,-0.0014341375961353098
400,27500000.0,-0.31007543970576557,0.9923801910378895,-0.2958174637366593,0.9911414509557457,-0.014257975969106274,0.0012387400821438632
400,27800000.0,-0.3134347961726201,0.981343210707662,-0.2995085522839721,0.9774162199833392,-0.013926243888647993,0.0039269907243227875
400,28100000.0,-0.3190300826080919,0.9700666702738271,-0.30594355477544743,0.9635331527469552,-0.013086527832644468,0.006533517526871924
400,28400000.0,-0.325009772158044,0.9611295289122265,-0.3132516005356149,0.9521674684771382,-0.011758171622429092,0.008962060435088293
400,28700000.0,-0.3289302179579046,0.9530345437825583,-0.31895145611974307,0.9419135300883782,-0.009978761838161543,0.01112101369418006
400,29000000.0,-0.3320433391850712,0.9435306167702421,-0.32424047202789963,0.9306039553868424,-0.007802867157171545,0.012926661383399707
400,29300000.0,-0.33636576421276176,0.9337925504923276,-0.331065172885883,0.9194864094448549,-0.0053005913268787674,0.014306141047472631
400,29600000.0,-0.3405822938078817,0.9257350230150373,-0.3380266998013123,0.9105345116086749,-0.002555594006569406,0.01520051140636236
400,29900000.0,-0.3425560932181529,0.9178904646122279,-0.34289394598011064,0.9023230071025895,0.0003378527619577465,0.015567457509638394
400,30200000.0,-0.34358719780415276,0.9076987983804488,-0.3468655621166335,0.8923157719623519,0.0032783643124807416,0.015383026418096857
400,30500000.0,-0.34646556564313036,0.8959303391150792,-0.35262643979613045,0.8812877474544748,0.0061608741530000954,0.014642591660604443
400,30800000.0,-0.3509685841895848,0.885192709148565,-0.35984869332905267,0.8718311998265211,0.008880109139467851,0.01336150932204383
400,31100000.0,-0.3548809877631303,0.8754978896084279,-0.36621548531313247,0.8639226521365407,0.011334497550002154,0.011575237471887156
400,31400000.0,-0.3582352247674515,0.8648952273726123,-0.3716654441867649,0.8555568349709093,0.013430219419313383,0.009338392401702977
400,31700000.0,-0.36293069853326365,0.8534871176465539,-0.3780154491476561,0.8467642462751022,0.015084750614392461,0.006722871371451777
400,32000000.0,-0.3688844987402944,0.8431967512502854,-0.3851143401075914,0.8393811687746567,0.016229841367296993,0.0038155824756286316
400,32300000.0,-0.3741396725372308,0.83398919423519,-0.390953957940544,0.8332733876613002,0.0168142854033132,0.0007158065738898101
400,32600000.0,-0.3786433122330718,0.8238029683186574,-0.39544966172169266,0.82627115234776,0.016806349488620864,-0.002468184029102649
400,32900000.0,-0.3845800615930698,0.8123267417774777,-0.4007753730347288,0.8179498838836097,0.016195311441659033,-0.0056231421061320175
400,33200000.0,-0.39267262660475877,0.8016624004111943,-0.40766462887697763,0.8102973148006833,0.014992002272218863,-0.008634914389489046
400,33500000.0,-0.40119771312340785,0.792814877355976,-0.4144264616067459,0.8042072298078468,0.013228748483338049,-0.011392352451870758
400,33800000.0,-0.4092250449662406,0.7844748093294477,-0.42018384182358265,0.7982661448039681,0.010958796857342024,-0.013791335474520383
400,34100000.0,-0.4179499432782764,0.7759856510404376,-0.4262047819288611,0.7917245262566172,0.008254838650584684,-0.01573887521617956
400,34400000.0,-0.42792368892402305,0.7687148413807107,-0.43313022463749035,0.7858716225833539,0.005206535713467297,-0.01715678120264319
400,34700000.0,-0.4376398786851388,0.7633909597131291,-0.4395573529732357,0.7813755521781115,0.0019174742880969098,-0.017984592464982407
400,35000000.0,-0.44613405557851116,0.7585838076794287,-0.44463586984816483,0.7767657978910919,-0.0014981857303463242,-0.018181990211663224
400,35300000.0,-0.45467759573242816,0.7532153262554533,-0.4497580292427592,0.7709461015043292,-0.004919566489668958,-0.017730775248875896
400,35600000.0,-0.46442654090930424,0.7484521735129676,-0.45620304348359697,0.7650882031493044,-0.008223497425707271,-0.016636029636336813
400,35900000.0,-0.4743634970478894,0.7455881514006264,-0.4630744204444017,0.760514344325945,-0.011289076603487658,-0.014926192925318604
400,36200000.0,-0.4831432944819675,0.7438974794686583,-0.4691413186708491,0.7565497702088801,-0.01400197581111845,-0.012652290740221894
400,36500000.0,-0.4912424749852764,0.7422273419292005,-0.47498391272692675,0.7521139101706797,-0.01625856225834965,-0.009886568241479265
400,36800000.0,-0.49955115218903257,0.7410995258792256,-0.48158122415381005,0.7478198837656216,-0.017969928035222515,-0.006720357886396022
400,37100000.0,-0.5073060371858857,0.7414093233767782,-0.4882405479876477,0.7446703219361558,-0.019065489198238028,-0.0032609985593775592
400,37400000.0,-0.513317665330398,0.7423306565133865,-0.4938219003894268,0.7419587305797365,-0.019495764940971216,0.00037192593364998583
400,37700000.0,-0.5181521526922421,0.7424365486895615,-0.49891777688086997,0.7383859009983134,-0.019234375811372162,0.004050647691248188
400,38000000.0,-0.5231870106857828,0.7419743182881238,-0.5049075753969928,0.7343307510902907,-0.018279435288789947,0.007643567197833101
400,38300000.0,-0.5282933912841115,0.7421502788683577,-0.5116392330376075,0.7311302716272752,-0.01665415824650396,0.011020007241082541
400,38600000.0,-0.5323194343050878,0.7428424541107758,-0.5179130485734287,0.7287873478188089,-0.014406385731659088,0.014055106291966823
400,38900000.0,-0.5352921110581919,0.7428933610649737,-0.5236850110274577,0.7262589510196157,-0.011607100030734174,0.01663441004535804
400,39200000.0,-0.538254998783269,0.7422098032863249,-0.529906769140295,0.7235517605746312,-0.008348229642973992,0.01865804271169369
400,39500000.0,-0.541248027019623,0.7416801816686815,-0.5365082500015935,0.721635626598687,-0.004739777018029523,0.020044555069994585
400,39800000.0,-0.543328951466766,0.7411861316797393,-0.542422837859789,0.7204518487733959,-0.0009061136069770104,0.020734282906343493
400,40100000.0,-0.5445727055107797,0.7395365119331119,-0.5475911333103536,0.7188446709993455,0.0030184277995738418,0.020691840933766414
400,40400000.0,-0.5462798961195237,0.7364807829193317,-0.5531741681329556,0.7165731408809184,0.006894272013431957,0.01990764203841333
400,40700000.0,-0.5489970986389483,0.7331010907651421,-0.5595785414007797,0.7147024812655235,0.010581442761831372,0.01839860949961858
400,41000000.0,-0.5519503603186867,0.7299343669824996,-0.5658949437580946,0.713726284717521,0.013944583439407854,0.016208082264978607
400,41300000.0,-0.5547804443513398,0.7262864945605655,-0.571638475047728,0.7128818123562715,0.01685803069638825,0.013404682204294027
400,41600000.0,-0.5582867945253336,0.7218333982411322,-0.5774973394960005,0.711753295604509,0.019210544970666876,0.01008010263662329
400,41900000.0,-0.5629203714425584,0.7173920228083206,-0.5838298149454814,0.7110459387124412,0.02090944350292301,0.006346084095879445
400,42200000.0,-0.5679801885275484,0.7134674452824337,-0.5898643564129125,0.7111366833037783,0.02188416788536407,0.002330761978655338
400,42500000.0,-0.5730308942732053,0.7093892648361763,-0.5951201372670507,0.7112149367612446,0.022089242993845404,-0.0018256719250683284
400,42800000.0,-0.578859295340437,0.704685935049322,-0.6003656331672668,0.7106618840829275,0.021506337826829758,-0.005975949033605543
400,43100000.0,-0.5861775013845448,0.70015447847158,-0.6063227301312549,0.7101254867757608,0.020145228746710098,-0.00997100830418085
400,43400000.0,-0.5944511871237345,0.6966883243361248,-0.6124949563607107,0.7103536005720432,0.01804376923697626,-0.0136652762359184
400,43700000.0,-0.6029169184001412,0.6940505074595884,-0.6181839016776872,0.71097240072929,0.015266983277546053,-0.016921893269701616
400,44000000.0,-0.6118071388399146,0.6917489199738468,-0.6237123126888955,0.7113667521785463,0.011905173848980932,-0.01961783220469948
400,44300000.0,-0.6215692197924996,0.6902324220411293,-0.6296401815780663,0.711881026927322,0.008070961785566766,-0.02164860488619269
400,44600000.0,-0.6316803840780436,0.6901602322432936,-0.6355758370255168,0.7130924708220784,0.003895452947473177,-0.02293223857878479
400,44900000.0,-0.6413362135716422,0.6911889690274373,-0.6408600189116598,0.7146014319651889,-0.0004761946599823874,-0.023412462937751566
400,45200000.0,-0.6507163759994081,0.6925942917362992,-0.6458266393483307,0.7156554201977837,-0.004889736651077392,-0.02306112846148456
400,45500000.0,-0.6604629714993107,0.6945863718095221,-0.6512756534244895,0.7164660547436797,-0.009187318074821205,-0.02187968293415765
400,45800000.0,-0.6703387077941834,0.6979112996049779,-0.6571255048641733,0.7178107865436311,-0.013213202930010048,-0.019899486938653177
400,46100000.0,-0.6794956076268875,0.7025165365958814,-0.6626762091584262,0.7196975310845046,-0.016819398468461366,-0.017180994488623202
400,46400000.0,-0.687767361992292,0.7077039449200809,-0.6678963522831186,0.7215159131122293,-0.019871009709173437,-0.01381196819214836
400,46700000.0,-0.6955961732013572,0.7133605237461151,-0.6733448938275917,0.7232652756804723,-0.022251279373765587,-0.009904751934357137
400,47000000.0,-0.7028507852506779,0.7199258826910556,-0.6789846777288353,0.7255184206743927,-0.023866107521842594,-0.0055925379833370314
400,47300000.0,-0.7088305996883741,0.727221127312153,-0.6841828659555254,0.7282458887263306,-0.024647733732848787,-0.0010247614141775108
400,47600000.0,-0.7134550571196793,0.7343987222145899,-0.6888976165293266,0.7307606443185561,-0.024557440590352697,0.0036380778960337645
400,47900000.0,-0.717407166998948,0.7411426986022555,-0.6938198558187022,0.7329127186854851,-0.023587311180245818,0.008229979916770325
400,48200000.0,-0.7209589859344275,0.7479228164715624,-0.6991980061163586,0.7353374763323777,-0.021760979818068904,0.012585340139184775
400,48500000.0,-0.7236211952247944,0.7548807690909403,-0.7044879965436491,0.7383357777425953,-0.01913319868114527,0.016544991348344973
400,48800000.0,-0.7251816705809686,0.7614122123327761,-0.7093934827167447,0.7414501704236113,-0.015788187864223868,0.01996204190916484
400,49100000.0,-0.7261652601799987,0.7671331025675037,-0.7143283196532589,0.7444258471574029,-0.011836940526739781,0.02270725541010077
400,49400000.0,-0.7269264339309837,0.7723629920789726,-0.7195128180752863,0.7476890998779165,-0.007413615855697331,0.02467389220105609
400,49700000.0,-0.7271493268536318,0.7772549547843607,-0.7244783025000833,0.7514730700083867,-0.00267102435354849,0.025781884775973984
400,50000000.0,-0.7267017853577518,0.7812656200664734,-0.7289264861605393,0.755284541674592,0.0022247008027875825,0.02598107839188135
400,50300000.0,-0.7262249679597325,0.783993506883114,-0.7333249266739382,0.7587401620170436,0.007099958714205767,0.025253344866070337
400,50600000.0,-0.7263404309868415,0.7858481172948462,-0.7381202182722214,0.7622345377629449,0.011779787285379872,0.02361357953190124
400,50900000.0,-0.7269152904783314,0.7873406258889148,-0.7430093880278288,0.7662310185269423,0.01609409754949742,0.021109607361972538
400,51200000.0,-0.7276743712605998,0.7883223132117093,-0.747558263929587,0.770501411185981,0.01988389266898727,0.01782090202572828
400,51500000.0,-0.7289567477071963,0.7885183817013907,-0.7519639155391961,0.7746623160717518,0.023007167831999742,0.013856065629638814
400,51800000.0,-0.7312319062562292,0.7882745933965688,-0.7565760933260175,0.7789253763860146,0.02534418706978825,0.009349217010554245
400,52100000.0,-0.7343503979360311,0.788108120952078,-0.7611524015774129,0.7836526257519567,0.026802003641381855,0.00445549520012134
400,52400000.0,-0.7379594916502589,0.7879423091395688,-0.7652776340705773,0.7885965372594973,0.02731814242031838,-0.000654228119928546
400,52700000.0,-0.7422943353550863,0.7874832714037184,-0.7691575845261274,0.7932826089506415,0.026863249171041104,-0.005799337546923078
400,53000000.0,-0.7478541880033833,0.7870441729828869,-0.773296693017503,0.7978400825478272,0.02544250501411971,-0.010795909564940365
400,53300000.0,-0.7545508872941946,0.7872967695407053,-0.7776466681544281,0.8027600408640202,0.02309578086023345,-0.015463271323314931
400,53600000.0,-0.7618672652530213,0.7884198883057524,-0.781763874902706,0.8080503680937983,0.01989660964968476,-0.019630479788045885
400,53900000.0,-0.7696753173494142,0.7901806816660893,-0.7856252926586392,0.8133232660301795,0.01594997530922504,-0.023142584364090113
400,54200000.0,-0.7781976646684099,0.7927091468293909,-0.7895865528791951,0.8185755737352064,0.011388888210785209,-0.02586642690581553
400,54500000.0,-0.7872561940780157,0.796477326391613,-0.7936260627828496,0.8241729959783498,0.006369868704833914,-0.02769566958673686
400,54800000.0,-0.79627044646854,0.801544280629183,-0.7973380295859978,0.8300991475501898,0.0010675831174578043,-0.028554866921006727
400,55100000.0,-0.8050233378348466,0.8075102145509568,-0.8006921531055826,0.8359127315010003,-0.0043311847292639705,-0.028402516950043477
400,55400000.0,-0.8137662863290757,0.8142807961414577,-0.804132178497253,0.8415137707394384,-0.009634107831822614,-0.027232974597980797
400,55700000.0,-0.8224711162808257,0.8222337776231083,-0.8078209012763032,0.8473108331810879,-0.01465021500452246,-0.025077055557979566
400,56000000.0,-0.8306040976706892,0.8314993076774647,-0.8114073167566679,0.8535005863584423,-0.019196780914021327,-0.022001278680977565
400,56300000.0,-0.8378028583395555,0.8416814013712052,-0.814696921656673,0.859787246560384,-0.023105936682882522,-0.018105845189178793
400,56600000.0,-0.844188260714511,0.8524815592023133,-0.8179574188943303,0.8660030005207269,-0.02623084182018076,-0.013521441318413596
400,56900000.0,-0.8497851435187456,0.8640195553396584,-0.8213339214954768,0.8724244443182364,-0.028451222023268774,-0.008404888978578051
400,57200000.0,-0.8541988173152197,0.876271808747821,-0.8245208251847443,0.8792055625440687,-0.029677992130475395,-0.002933753796247718
400,57500000.0,-0.8571770576529548,0.8887239912738345,-0.8273203080703138,0.8860241563429289,-0.029856749582641062,0.0026998349309056424
400,57800000.0,-0.8590074975458997,0.9009220166286619,-0.8300374285243044,0.8926261205929886,-0.02897006902159527,0.008295896035673267
400,58100000.0,-0.8600060368670396,0.9129225270307334,-0.8329674882474958,0.8992688580408122,-0.0270385486195438,0.013653668989921153
400,58400000.0,-0.8600327975866106,0.9248377386083972,-0.8359123014509628,0.9062588928289843,-0.024120496135647707,0.018578845779412934
400,58700000.0,-0.8588937709576175,0.9363374084336865,-0.8385835722073397,0.9134467619848812,-0.02031019875027784,0.02289064644880534
400,59000000.0,-0.8568449040912706,0.9470055878926384,-0.8411100277080501,0.9205771619376453,-0.015734876383220464,0.026428425954993173
400,59300000.0,-0.854275051400421,0.9568464175548912,-0.843724578813681,0.9277888009229418,-0.010550472586740023,0.02905761663194939
400,59600000.0,-0.851203483973649,0.9659981055942506,-0.8462671037156251,0.9353232609671425,-0.004936380258023898,0.030674844627108122
400,59900000.0,-0.8475485441421698,0.9742286874759393,-0.8484593230036054,0.9430166982207164,0.000910778861435535,0.03121198925522284
400,60200000.0,-0.8436525536360688,0.9811895599070493,-0.850436625325186,0.9505505928312901,0.00678407168911721,0.030638967075759194
400,60500000.0,-0.8400637190559739,0.9869742032757657,-0.8525372823884505,0.9580090446697291,0.012473563332476623,0.028965158606036545
400,60800000.0,-0.8369568414804263,0.9919610340485207,-0.8547306274436455,0.9657215567813657,0.017773785963219213,0.02623947726715492
400,61100000.0,-0.8342267767765933,0.9962438355855546,-0.8567179420400898,0.9736947925986813,0.022491165263496482,0.022549042986873324
400,61400000.0,-0.8320307838122418,0.999683335811217,-0.8584819039979312,0.9816669070405233,0.026451120185689403,0.01801642877069376
400,61700000.0,-0.8307580625265778,1.0024294478966858,-0.86026257471708,0.989633870726936,0.029504512190502208,0.012795577169749772
400,62000000.0,-0.8305133883849514,1.0049094981445719,-0.8620466016432083,0.9978429133479766,0.031533213258256976,0.007066584796595277
400,62300000.0,-0.831103780089971,1.0073136172134092,-0.863558427120231,1.0062840897199443,0.03245464703026002,0.0010295274934648546
400,62600000.0,-0.8325503746152619,1.0095545648497475,-0.8647755037888364,1.0146570883789103,0.03222512917357445,-0.00510252352916285
400,62900000.0,-0.8351576746991476,1.0117805509356086,-0.8659994879434235,1.0228916049814183,0.03084181324427593,-0.011111054045809698
400,63200000.0,-0.8389997461915804,1.014485478192544,-0.8673428980864184,1.0312653783022643,0.028343151894838048,-0.01677990010972019
400,63500000.0,-0.8437583901236341,1.018010812922234,-0.8685662930866802,1.039913806244429,0.024807902963046136,-0.02190299332219503
400,63800000.0,-0.8491823443713976,1.022342687417918,-0.8695350617666562,1.0486345249576046,0.02035271739525857,-0.026291837539686558
400,64100000.0,-0.8553038023427855,1.027528334932632,-0.8704321286065408,1.0573107992342972,0.015128326263755376,-0.02978246430166509
400,64400000.0,-0.8620437918430185,1.0338902229623448,-0.8713582209916323,1.0661317813791482,0.009314429148613801,-0.03224155841680343
400,64700000.0,-0.8689897451869171,1.0416327686392675,-0.8721032518341185,1.0752042702015225,0.003113506647201447,-0.03357150156225508
400,65000000.0,-0.8757855014024998,1.050591975501933,-0.8725292973213985,1.0843061670017415,-0.003256204081101277,-0.03371419149980848
400,65300000.0,-0.882414565537696,1.0606066014001485,-0.8728461924897577,1.09326011854012,-0.009568373047938339,-0.032653517139971555
400,65600000.0,-0.8888559966895225,1.0718265052478169,-0.873259354315666,1.1022428483455784,-0.015596642373856495,-0.030416343097761533
400,65900000.0,-0.8947550209977481,1.0843954506574782,-0.8736322572614457,1.111467371030375,-0.021122763736302397,-0.02707192037289685
400,66200000.0,-0.8997082198526791,1.0981006049412216,-0.87376374015018,1.1208303743947714,-0.025944479702499135,-0.022729769453549764
400,66500000.0,-0.9036252516178834,1.1126168982434388,-0.8737423521227169,1.130153035056745,-0.029882899495166537,-0.017536136813306236
400,66800000.0,-0.9065201575879419,1.1278616086355981,-0.8737310178541616,1.1395307151078982,-0.03278913973378028,-0.011669106472300017
400,67100000.0,-0.9081686288521666,1.1437998586517073,-0.8736186736524613,1.1491323476916788,-0.034549955199705384,-0.005332489039971522
400,67400000.0,-0.9083019256947832,1.1600950713705,-0.8732098193958423,1.158843795172419,-0.035092106298940884,0.001251276198080964
400,67700000.0,-0.9069834421379458,1.176289632236268,-0.8725981227273145,1.1684407151987435,-0.034385319410631277,0.007848917037524439
400,68000000.0,-0.9044651839080884,1.1922050161921194,-0.872021418645013,1.177980446395379,-0.03244376526307535,0.014224569796740472
400,68300000.0,-0.9007852248926755,1.2078426797540396,-0.8714592544900152,1.1876944603073831,-0.029325970402660384,0.020148219446656457
400,68600000.0,-0.8958341270535101,1.2229920815597446,-0.8707010218615554,1.1975880599354403,-0.025133105191954663,0.02540402162430433
400,68900000.0,-0.8897391351262149,1.2372740987195294,-0.8697334276855224,1.2074759383673357,-0.02000570744069252,0.029798160352193737
400,69200000.0,-0.8828451252179231,1.2505197747549774,-0.8687261335951357,1.2173538110594149,-0.014118991622787402,0.03316596369556257
400,69500000.0,-0.875347469158735,1.2627743364026014,-0.8676705748626621,1.22739627573079,-0.007676894296072878,0.035378060671811484
400,69800000.0,-0.8672762701616089,1.2739421364364103,-0.8663712562816416,1.237596789447,-0.0009050138799673313,0.03634534698941039
400,70100000.0,-0.8588537314994285,1.2837641391127532,-0.8648110420828049,1.2477416123909821,0.005957310583376452,0.036022526721771086
400,70400000.0,-0.8505388119638105,1.292189235106344,-0.8632042725892188,1.257779146520602,0.012665460625408298,0.034410088585741905
400,70700000.0,-0.8426538550809818,1.299461095846453,-0.8616320907294818,1.2679064197375283,0.018978235648499986,0.031554676108924706
400,71000000.0,-0.8352575206704944,1.3057682651736247,-0.85992403961621,1.2782204328704063,0.024666518945715588,0.027547832303218334
400,71300000.0,-0.8284615052877509,1.3110996035205125,-0.8579831168190868,1.2885764951224579,0.029521611531335923,0.022523108398054603
400,71600000.0,-0.82257693649976,1.315541438310911,-0.855939828101492,1.2988898248064995,0.033362891601732,0.016651613504411467
400,71900000.0,-0.8178225878162388,1.3194313057676959,-0.8538670914736902,1.3092951154846986,0.03604450365745138,0.010136190282997282
400,72200000.0,-0.8141536360500538,1.3230737135204123,-0.8516145017982373,1.3198692821680826,0.037460865748183525,0.0032044313523296175
400,72500000.0,-0.8115313302891897,1.3265533805859715,-0.8490821363937188,1.3304526383772235,0.0375508061045291,-0.0038992577912519977
400,72800000.0,-0.8101203441212672,1.3299939618864967,-0.8464204795069324,1.3409162547789715,0.03630013538566523,-0.010922292892474816
400,73100000.0,-0.8100357645365046,1.33377344973175,-0.8437782913237132,1.35138635519098,0.03374252678720857,-0.01761290545923
400,73400000.0,-0.8110990443199888,1.338287598174433,-0.8410577335888038,1.362016751500648,0.029958689268814953,-0.023729153326214947
400,73700000.0,-0.8130390899018626,1.3436852705595166,-0.8381129658495531,1.372732923220598,0.025073875947690505,-0.029047652661081447
400,74000000.0,-0.8157537201552393,1.3500327657712703,-0.8350074973129925,1.3834045094008236,0.019253777157753227,-0.03337174362955331
400,74300000.0,-0.8191609684399982,1.3575607620355812,-0.8318598719443924,1.3940995301798458,0.012698903504394177,-0.0365387681442646
400,74600000.0,-0.8229524614684209,1.3665143544595513,-0.8285901314378884,1.4049405161111026,0.005637669969467463,-0.03842616165155133
400,74900000.0,-0.8267373711967563,1.3768885139619211,-0.825055820277906,1.4158446645142413,-0.0016815509188502498,-0.03895615055232016
400,75200000.0,-0.8303235858417777,1.388548918998191,-0.8213244379371236,1.4266478255535204,-0.008999147904654059,-0.03809890655532944
400,75500000.0,-0.8336231386854769,1.4015164856466857,-0.817569651632287,1.437390502049334,-0.016053487053189874,-0.03587401640264831
400,75800000.0,-0.8363676667740959,1.4158911013779492,-0.8137773823370492,1.4482412694247204,-0.022590284437046693,-0.032350168046771266
400,76100000.0,-0.8381654965523816,1.4315611636746812,-0.8097937295324619,1.4592042255550821,-0.028371767019919725,-0.027643061880400888
400,76400000.0,-0.8387936790704041,1.4482315925665439,-0.8056083787115359,1.4701432341834926,-0.03318530035886824,-0.021911641616948696
400,76700000.0,-0.838196966088737,1.4657012527735664,-0.8013457630822114,1.4810540130455383,-0.03685120300652556,-0.015352760271971855
400,77000000.0,-0.836229794913473,1.483869759250722,-0.7970003383631666,1.4920641863590132,-0.03922945655030641,-0.008194427108291213
400,77300000.0,-0.8326536140836504,1.5024812496690243,-0.7924285849583119,1.503169118819954,-0.04022502912533843,-0.0006878691509297763
400,77600000.0,-0.8274089143655089,1.5211124269180356,-0.7876173029956964,1.5142111422624436,-0.03979161136981246,0.006901284655592033
400,77900000.0,-0.8206579810209188,1.539453435326143,-0.7827243301592461,1.5251510492091338,-0.03793365086167266,0.014302386117009291
400,78200000.0,-0.8125168917157927,1.5573828302456367,-0.7778102896710101,1.5361334129709692,-0.0347066020447826,0.02124941727466756
400,78500000.0,-0.8029650618723845,1.574720523525219,-0.7727497246092523,1.5472299555899665,-0.03021533726313219,0.02749056793525262
400,78800000.0,-0.7920812746248709,1.5911308690275308,-0.7674705202596263,1.5583335027286969,-0.024610754365244625,0.0327973662988339
400,79100000.0,-0.7801538510090107,1.6063533275531832,-0.7620691324045215,1.569380305143629,-0.018084718604489236,0.036973022409554135
400,79400000.0,-0.7674637568664711,1.6203291181250568,-0.7566002382584731,1.5804694103149717,-0.010863518607997946,0.03985970781008508
400,79700000.0,-0.7541527226776421,1.6330024140156008,-0.7509526901912787,1.5916578992741188,-0.003200032486363358,0.04134451474148193
400,80000000.0,-0.740416771781241,1.644190849409111,-0.7450519102263886,1.602827004491189,0.004635138445147624,0.04136384491792211
400,80300000.0,-0.7266463385816889,1.6537859123918466,-0.7390095714166784,1.613879868685554,0.012363232834989524,0.03990604370629258
400,80600000.0,-0.7132297957336925,1.6619217291471993,-0.7329370309337645,1.6249095327071477,0.019707235200072004,0.037012196440051603
400,80900000.0,-0.700360209490295,1.6688055878024373,-0.7267620045740851,1.6360305252372902,0.026401795083790147,0.03277506256514706
400,81200000.0,-0.6881727089482288,1.6745233645034334,-0.7203755322508055,1.6471872141222523,0.03220282330257673,0.02733615038118109
400,81500000.0,-0.6769284043487018,1.6791624549101907,-0.7138248032613469,1.658281452016706,0.03689639891264507,0.020881002893484713
400,81800000.0,-0.66689229381867,1.682996070374094,-0.7071989348817049,1.6693632016032265,0.04030664106303494,0.013632868770867557
400,82100000.0,-0.6581364224559454,1.6863689899694851,-0.7004386948695517,1.6805239944872639,0.04230227241360629,0.005844995482221282
400,82400000.0,-0.6506355975709844,1.6894935543959115,-0.6934372493959112,1.6917017586654852,0.04280165182492679,-0.002208204269573688
400,82700000.0,-0.6444688781565927,1.69253179542913,-0.6862449491626754,1.7027726229002573,0.041776071006082716,-0.010240827471127423
400,83000000.0,-0.6397414706146479,1.6958003667896968,-0.6789926311478289,1.7137660108582835,0.039251160533181007,-0.017965644068586695
400,83300000.0,-0.6363641016147771,1.6997039638551468,-0.6716704535381369,1.7248083271731518,0.03530635192335985,-0.02510436331800503
400,83600000.0,-0.6340902995340516,1.704505048319022,-0.6641627255545988,1.7359026932859043,0.03007242602054716,-0.03139764496688224
400,83900000.0,-0.6327342135450141,1.7103315001338828,-0.6564614282547473,1.746946020035914,0.023727214709733158,-0.03661451990203113
400,84200000.0,-0.6321711195081878,1.7173732849500856,-0.6486606909892871,1.7579341580099188,0.016489571481099308,-0.04056087305983325
400,84500000.0,-0.6321452040941824,1.7258763928019876,-0.6407570223320084,1.768963045618014,0.008611818237825974,-0.04308665281602653
400,84800000.0,-0.6322712143874197,1.7359376496640722,-0.6326421674260093,1.7800291912322441,0.00037095303858958317,-0.044091541568171966
400,85100000.0,-0.6322469773368855,1.747483957497206,-0.6243059015613989,1.7910128554935971,-0.007941075775486639,-0.043528897996391036
400,85400000.0,-0.6318956773932554,1.7604755796360076,-0.6158679658073724,1.8018833976572541,-0.01602771158588301,-0.04140781802124649
400,85700000.0,-0.630973442483679,1.774956664271637,-0.6073750591475421,1.8127498672180555,-0.023598383336136952,-0.037793202946418525
400,86000000.0,-0.6291113322790058,1.7908628768921948,-0.598732383067074,1.8236666916593922,-0.03037894921193185,-0.0328038147671974
400,86300000.0,-0.6260066263911314,1.807943776092381,-0.58988501681957,1.834552173947999,-0.03612160957156141,-0.02660839785561797
400,86600000.0,-0.6215203685195424,1.8259370136820294,-0.580906415481679,1.8453570130091166,-0.040613953037863415,-0.019419999327087156
400,86900000.0,-0.615525666269442,1.8446673355621312,-0.5718388526062569,1.8561559927546025,-0.043686813663185164,-0.011488657192471274
400,87200000.0,-0.6078187382009965,1.8638998463758323,-0.5625981098222185,1.8669925442070623,-0.04522062837877805,-0.003092697831230007
400,87500000.0,-0.5982772693821745,1.8832468976947683,-0.5531272229560572,1.877775862969559,-0.04515004642611731,0.005471034725209378
400,87800000.0,-0.5869781270263367,1.902328875182261,-0.5435114938971395,1.8884312113981574,-0.043466633129197185,0.013897663784103509
400,88100000.0,-0.5740562251568279,1.9209141042592968,-0.5338366547931902,1.8990289769961974,-0.04021957036363766,0.021885127263099324
400,88400000.0,-0.5595623254655628,1.9388016495251068,-0.5240480284472089,1.9096566350440372,-0.03551429701835396,0.029145014481069653
400,88700000.0,-0.543571355594137,1.9556844715311243,-0.5140622459933183,1.920271484230572,-0.02950910960081876,0.03541298730055242
400,89000000.0,-0.5263253261015964,1.9712560569341055,-0.5039154795436879,1.9307976630247485,-0.022409846557908564,0.040458393909357016
400,89300000.0,-0.5081394744630946,1.985365519811573,-0.49367662441949084,1.9412727801939231,-0.014462850043603759,0.04409273961764981
400,89600000.0,-0.4892472689432545,1.9979436321843365,-0.48330083624941916,1.951766911919141,-0.005946432693835324,0.04617672026519548
400,89900000.0,-0.4698672707212021,2.0088578196898808,-0.4727061427962304,1.9622322749687662,0.002838872075028309,0.046625544721114576
400,90200000.0,-0.4503503356281569,2.0179853306145206,-0.46193125985206357,1.9725730038610716,0.011580924223906663,0.04541232675344897
400,90500000.0,-0.43111034239561546,2.0253804071990573,-0.4510774054664872,1.982810985468394,0.01996706307087176,0.04256942173066336
400,90800000.0,-0.4124424319152187,2.03123100421093,-0.4401377116716394,1.9930433388663686,0.02769527975642072,0.038187665344561195
400,91100000.0,-0.3945381273829479,2.0356859641840344,-0.42902322310094965,2.0032724437729894,0.034485095718001735,0.03241352041104495
400,91400000.0,-0.37764000245638085,2.038862481555478,-0.4177277521122098,2.013418280864022,0.04008774965582895,0.025444200691456142
400,91700000.0,-0.3620291170828171,2.0409978588318096,-0.40632442110002737,2.0234769212048724,0.04429530401721027,0.017520937626937183
400,92000000.0,-0.3478628856589298,2.0424428423049483,-0.3948112265858458,2.0335222039171956,0.046948340926915966,0.0089206383877527
400,92300000.0,-0.3351627460684861,2.0434976118507118,-0.38310472800011164,2.0435513903629006,0.04794198193162552,-5.37785121887957e-05
400,92600000.0,-0.3239670203442712,2.044387300973243,-0.371197024336343,2.0534713525324784,0.04723000399207178,-0.009084051559235196
400,92900000.0,-0.31435442222828197,2.045409737056747,-0.3591812951556151,2.0632576100138644,0.04482687292733312,-0.017847872957117428
400,93200000.0,-0.30628689691152367,2.0469639573960734,-0.347094503791833,2.0729943515671665,0.04080760688030932,-0.026030394171093096
400,93500000.0,-0.29955802348401145,2.0493882882758596,-0.3348635030156971,2.0827238154367826,0.03530547953168567,-0.03333552716092303
400,93800000.0,-0.29393804761050574,2.0528855997561957,-0.32244568276150315,2.092382253464532,0.028507635150997412,-0.03949665370833655
400,94100000.0,-0.2892497163660663,2.0576443089503678,-0.30989845759679463,2.1019306693455366,0.02064874123072835,-0.04428636039516887
400,94400000.0,-0.2852525282673348,2.063901987248561,-0.2972554158329821,2.111426814344766,0.012002887565647269,-0.04752482709620498
400,94700000.0,-0.2815774376603162,2.071817909743686,-0.28445146500688967,2.1209044629037543,0.0028740273465734933,-0.04908655316006838
400,95000000.0,-0.2778570069566383,2.081387423341301,-0.2714423079352718,2.1302926092067924,-0.006414699021366488,-0.04890518586549142
400,95300000.0,-0.2738271534159371,2.0925560400751406,-0.25829475587321626,2.139532314708314,-0.015532397542720844,-0.04697627463317344
400,95600000.0,-0.2692286568467183,2.105320206469206,-0.24507644056741953,2.1486780308378437,-0.024152216279298783,-0.043357824368637665
400,95900000.0,-0.26370831698738245,2.119629438948746,-0.23174524841811225,2.1577980430880763,-0.0319630685692702,-0.03816860413933032
400,96200000.0,-0.2569170205018971,2.1352745727690343,-0.2182361680584459,2.1668588439612972,-0.03868085244345118,-0.031584271192262925
400,96500000.0,-0.24863649208118607,2.1519690847967947,-0.20457771818363565,2.1758005321902063,-0.04405877389755042,-0.023831447393411587
400,96800000.0,-0.23872089195712728,2.169472102579331,-0.1908244806842974,2.1846520385202135,-0.0478964112728299,-0.015179935940882405
400,97100000.0,-0.22698912249710412,2.1875348366250367,-0.1769419446984305,2.1934681692073195,-0.050047177798673625,-0.005933332582282791
400,97400000.0,-0.21328994641767124,2.2057929865445294,-0.16286605454489522,2.2022113538469643,-0.05042389187277602,0.0035816326975650625
400,97700000.0,-0.19762965673298777,2.223832488961497,-0.1486274038824292,2.210805852955421,-0.049002252850558564,0.013026636006075787
400,98000000.0,-0.18012821495488784,2.24133209069885,-0.13430611581034088,2.2192683085328975,-0.04582209914454696,0.022063782165952617
400,98300000.0,-0.16088388657887742,2.2580426191923544,-0.11989750378976424,2.2276749225160883,-0.04098638278911318,0.030367696676266043
400,98600000.0,-0.13998978315698865,2.273664801335433,-0.10533191488082164,2.2360275530763465,-0.034657868276167014,0.03763724825908632
400,98900000.0,-0.11765832373794075,2.287869290683779,-0.09060465863024397,2.2442628259529047,-0.027053665107696773,0.04360646473087426
400,99200000.0,-0.09421166755482961,2.300431358075902,-0.07577387548176708,2.252377107626735,-0.018437792073062537,0.04805425044916678
400,99500000.0,-0.06995071963705406,2.311240977124369,-0.06083869498195376,2.2604284116438786,-0.009112024655100297,0.05081256548049051
400,99800000.0,-0.04513900210134597,2.3201873251321343,-0.0457336743993254,2.26841456278294,0.0005946722979794303,0.051772762349194146
400,100100000.0,-0.020115016901483707,2.3271515326928753,-0.03045277247460034,2.2762617053925274,0.010337755573116635,0.05088982730034797
400,100400000.0,0.004699211707327937,2.3321343205248755,-0.015070122006452162,2.2839499584587895,0.019769333713780098,0.048184362066086006
400,100700000.0,0.028934877690498285,2.3352878878972683,0.0003842960991661751,2.2915456511112655,0.02855058159133211,0.04374223678600275
400,101000000.0,0.05233178682339714,2.3367941499936347,0.015967875751782788,2.2990822358748737,0.03636391107161435,0.03771191411876096
400,101300000.0,0.07463861214347069,2.336808538420083,0.03171414903949394,2.3065090266944654,0.04292446310397675,0.030299511725617734
400,101600000.0,0.09556768488606997,2.3355563962512655,0.04757719352594786,2.313794633225088,0.04799049136012211,0.021761763026177494
400,101900000.0,0.11490191201639724,2.3333816895364285,0.06352965723472583,2.3209845597570613,0.051372254781671414,0.012397129779367244
400,102200000.0,0.13256175666981038,2.3306409898454477,0.07962265134213589,2.328105610967056,0.052939105327674485,0.0025353788783917253
400,102500000.0,0.14851561525753493,2.3276272184067675,0.09589110292037516,2.335101243837878,0.05262451233715977,-0.0074740254311107535
400,102800000.0,0.16271033538184188,2.3246498511711775,0.1122815163502177,2.3419241628085548,0.050428819031624175,-0.01727431163737725
400,103100000.0,0.17515899499447268,2.3221032228232965,0.12873938277022776,2.3486173450438583,0.04641961222424493,-0.02651412222056182
400,103400000.0,0.1860272788364725,2.3203750381408166,0.14529758901081077,2.355235142949213,0.04072968982566172,-0.0348601048083963
400,103700000.0,0.19556030399680038,2.319741885556702,0.16200761046502388,2.3617508183934413,0.033552693531776506,-0.042008932836739454
400,104000000.0,0.20398291793548123,2.3204179275217083,0.17884637877214032,2.3681162588554026,0.02513653916334091,-0.04769833133369428
400,104300000.0,0.21154456199044414,2.3226374868516033,0.1957697045989674,2.374354184666959,0.015774857391476743,-0.051716697815355595
400,104600000.0,0.21860121674377006,2.326597341159132,0.21280446810744147,2.380508296815894,0.005796748636328591,-0.05391095565676185
400,104900000.0,0.2255566860966639,2.332356215176453,0.23000146640131156,2.3865485719812307,-0.00444478030464765,-0.05419235680477774
400,105200000.0,0.2327506198962912,2.3398741379067753,0.24733591886635267,2.3924141631138673,-0.014585298970061472,-0.052540025207092
400,105500000.0,0.24048118693100926,2.3491159206953256,0.2647431117569551,2.39811801506835,-0.02426192482594583,-0.049002094373024274
400,105800000.0,0.24909976370852402,2.36002667806164,0.2822260797082371,2.4037210512311606,-0.03312631599971308,-0.04369437316952052
400,106100000.0,0.25898296504418095,2.372428228747496,0.29984017332108837,2.409224807792866,-0.04085720827690742,-0.03679657904537015
400,106400000.0,0.27041679419381476,2.386032007495397,0.3175888437652768,2.4145782794714905,-0.04717204957146204,-0.028546271976093607
400,106700000.0,0.28358758059762185,2.4005475099135527,0.33542490327830193,2.4197781996012413,-0.05183732268068009,-0.019230689687688596
400,107000000.0,0.29867115732798766,2.4156942602440408,0.35334833400328536,2.42487101255822,-0.0546771766752977,-0.009176752314179026
400,107300000.0,0.3158311577014742,2.4311154421836485,0.3714111939531255,2.4298550282381344,-0.05558003625165131,0.0012604139455141272
400,107600000.0,0.33511507242214644,2.446380767028839,0.38961801499389365,2.434670747581413,-0.054502942571747204,0.011710019447426223
400,107900000.0,0.35643519060505086,2.4611006287445503,0.40790866041146073,2.4393018510359807,-0.05147346980640988,0.021798777708569528
400,108200000.0,0.37966914015978476,2.4749658094659264,0.4262582754623989,2.4438015690444437,-0.04658913530261416,0.031164240421482692
400,108500000.0,0.40469820926257344,2.487664743997833,0.44471250767994075,2.4481969187319543,-0.04001429841736731,0.039467825265878886
400,108800000.0,0.43132339161629596,2.4988540599060083,0.4632980352009149,2.452447003481024,-0.031974643584618934,0.046407056424984106
400,109100000.0,0.4592279253884478,2.508252802566318,0.4819773690224646,2.4565262296018195,-0.022749443634016764,0.05172657296449845
400,109400000.0,0.48806587022613274,2.515698648836468,0.5007277414687562,2.460471133039634,-0.012661871242623468,0.05522751579683405
400,109700000.0,0.5175221159489901,2.5210783719731835,0.5195897994884564,2.4643034198165044,-0.002067683539466292,0.05677495215667916
400,110000000.0,0.5472487091141491,2.524280464504521,0.5385913807829227,2.467977414058275,0.008657328331226455,0.05630305044624606
400,110300000.0,0.5768194808867761,2.5252724518428282,0.5576888090707882,2.4714546486326423,0.019130671815987932,0.05381780321018592
400,110600000.0,0.6058141033958362,2.5241668901009224,0.5768373139732519,2.4747696925249154,0.028976789422584304,0.049397197576007024
400,110900000.0,0.6339033713046518,2.5211554153256936,0.5960628488696733,2.4779665960897104,0.037840522434978485,0.04318881923598328
400,111200000.0,0.6608066079898688,2.5164287248739803,0.6154066823092688,2.4810237723240927,0.04539992568060003,0.035404952549887625
400,111500000.0,0.6862276830245507,2.5102173961647125,0.6348497205998483,2.4839020647286447,0.051377962424702384,0.02631533143606779
400,111800000.0,0.7099081443037253,2.5028574931473626,0.654355497163189,2.4866196970638708,0.055552647140536315,0.01623779608349185
400,112100000.0,0.7317104060732453,2.494739347023432,0.6739451336877847,2.4892121602939294,0.057765272385460587,0.005527186729502365
400,112400000.0,0.7515858257695442,2.486218040455679,0.6936594022933844,2.4916551848446247,0.05792642347615984,-0.005437144388945825
400,112700000.0,0.7694973308205268,2.4776344660456413,0.7134777833476177,2.493899237972722,0.05601954747290916,-0.016264771927080535
400,113000000.0,0.7854490045799332,2.469386544817678,0.7333470777092432,2.495954650087351,0.05210192687068993,-0.02656810526967268
400,113300000.0,0.7995720624509238,2.46189472406941,0.753269047564917,2.4978709848745657,0.046303014886006855,-0.035976260805155924
400,113600000.0,0.8121084077607987,2.4555012262440252,0.7732882201739382,2.49964963309926,0.038820187586860566,-0.04414840685523469
400,113900000.0,0.8233190688914274,2.450462919848346,0.7934070217572725,2.501249030615016,0.02991204713415485,-0.050786110766670056
400,114200000.0,0.8334759485959422,2.4470221082409442,0.8135864557001072,2.502666345861696,0.01988949289583497,-0.05564423762075155
400,114500000.0,0.8429306747385145,2.4453994377750576,0.8338258037157754,2.50393943063991,0.009104871022739047,-0.05853999286485223
400,114800000.0,0.8521065573084214,2.4457072846856387,0.854166966495487,2.5050670623265594,-0.002060409187065515,-0.05935977764092071
400,115100000.0,0.8614038897229316,2.447937102530513,0.8746132481975775,2.506000712648479,-0.013209358474645883,-0.058063610117966125
400,115400000.0,0.8711715045739074,2.4520399766840573,0.8951150281416467,2.5067269176228786,-0.023943523567739322,-0.054686940938821316
400,115700000.0,0.8817740711037791,2.4579493694022703,0.9156513046419541,2.5072891436465867,-0.033877233538174956,-0.04933977424431646
400,116000000.0,0.8936073363871373,2.465506531900986,0.9362587936798394,2.5077096435512574,-0.042651457292702144,-0.04220311165027146
400,116300000.0,0.90701213270808,2.4744322154482177,0.9569589061355673,2.507955058162764,-0.04994677342748732,-0.0335228427145462
400,116600000.0,0.9222254909352435,2.484403057068228,0.9777204845901065,2.508004346037826,-0.05549499365486299,-0.023601288969598233
400,116900000.0,0.9394351948871892,2.495100704273666,0.9985242140101876,2.50788738672484,-0.059089019122998465,-0.01278668245117398
400,117200000.0,0.958812204367407,2.5061611860053388,1.0194027629174776,2.507622127969429,-0.06059055855007056,-0.001460941964090079
400,117500000.0,0.9804430961642931,2.517145087404456,1.0403785140364874,2.5071712722886637,-0.05993541787219425,0.009973815115792206
400,117800000.0,1.0042790275986815,2.5276127703783255,1.0614151961533353,2.5065032247427945,-0.057136168554653866,0.021109545635531024
400,118100000.0,1.030193337326306,2.5371931533686207,1.0824754271737078,2.5056463135334925,-0.0522820898474019,0.03154683983512818
400,118400000.0,1.0580434960195149,2.5455461165941435,1.1035798609282574,2.50463686468314,-0.04553636490874258,0.0409092519110037
400,118700000.0,1.087631321758312,2.5523142140743746,1.1247619339165973,2.5034573341298096,-0.03713061215828528,0.048856879944565
400,119000000.0,1.118648584056885,2.5571742468984784,1.146005525831447,2.502075547116333,-0.02735694177456205,0.05509869978214521
400,119300000.0,1.1507222248835542,2.559909666692359,1.1672800401737562,2.500506454315634,-0.01655781529020195,0.059403212376724746
400,119600000.0,1.1834881323274582,2.5603864249274357,1.188602185882069,2.498779403369635,-0.005114053554610809,0.061607021557800845
400,119900000.0,1.2165736215150864,2.558495659384971,1.2100050277767251,2.496874640569203,0.0065685937383612725,0.06162101881576776
400,120200000.0,1.2495450879149856,2.5541853722580905,1.2314712501357146,2.4947514373426816,0.018073837779271074,0.05943393491540894
400,120500000.0,1.2819461266661252,2.5475314113259375,1.2529564443936707,2.49241828781255,0.028989682272454464,0.055113123513387485
400,120800000.0,1.3133845668236421,2.5387187332021446,1.2744613934787703,2.489916190687196,0.03892317334487183,0.048802542514948755
400,121100000.0,1.3435368459403283,2.5279645301832057,1.2960222986364214,2.4872465431131543,0.04751454730390692,0.040717987070051365
400,121400000.0,1.372091015116311,2.515514888491249,1.3176407520272886,2.4843751653344053,0.054450263089022455,0.031139723156843768
400,121700000.0,1.398758460049278,2.5017024984332856,1.3392840207912144,2.4812997225420315,0.059474439258063505,0.020402775891254166
400,122000000.0,1.4233491279195316,2.486936824702266,1.3609508468042075,2.4780516077475503,0.062398281115324084,0.00888521695471578
400,122300000.0,1.4457824611837398,2.471624936300567,1.3826753020203,2.474630077968869,0.06310715916343979,-0.0030051416683019028
400,122600000.0,1.4660247761143925,2.4561499963957814,1.4044597036996567,2.470995183990501,0.061565072414735855,-0.014845187594719533
400,122900000.0,1.4840788184887133,2.4409242558835107,1.426262502745906,2.467135824988633,0.05781631574280732,-0.026211569105122123
400,123200000.0,1.5000499487030112,2.426392263082273,1.4480656698356453,2.4630880960591766,0.051984278867365896,-0.036695832976903375
400,123500000.0,1.514166444021482,2.4129516028740947,1.4698990294515386,2.458870700945657,0.04426741456994332,-0.04591909807156247
400,123800000.0,1.5267124046038818,2.400910482474342,1.4917798976061285,2.454456228334845,0.0349325069977533,-0.05354574586050287
400,124100000.0,1.5379874416650638,2.39053167664325,1.513681982164271,2.4498273107488058,0.02430545950079277,-0.05929563410555572
400,124400000.0,1.548348558766843,2.3820544581081093,1.5355886404499988,2.445008839371073,0.01275991831684431,-0.06295438126296382
400,124700000.0,1.5582305119732671,2.375634641638458,1.5575263751406379,2.4400159840628683,0.0007041368326292652,-0.06438134242441018
400,125000000.0,1.5680798697938758,2.371303071238891,1.5795133254125007,2.4348180593542743,-0.011433455618624855,-0.06351498811538336
400,125300000.0,1.578299453316532,2.3690134646479324,1.6015189310714308,2.429388948379787,-0.023219477754898854,-0.06037548373185464
400,125600000.0,1.5892804656489106,2.368687948469659,1.6235115408131229,2.423752305030293,-0.03423107516421231,-0.05506435656063413
400,125900000.0,1.6014366197221415,2.370177356260694,1.6455077136840102,2.417938601271526,-0.0440710939618687,-0.04776124501083201
400,126200000.0,1.615152399543273,2.3732157169524277,1.6675348004382118,2.411933556579649,-0.05238240089493873,-0.038717839627221196
400,126500000.0,1.6307181320596367,2.37746134312266,1.6895789722278223,2.4057105669982626,-0.0588608401681856,-0.02824922387560269
400,126800000.0,1.6483478383297097,2.3825592949646137,1.7116142001015406,2.3992822009309673,-0.06326636177183098,-0.01672290596635362
400,127100000.0,1.6682218738641843,2.3881272504149074,1.7336537824147515,2.3926731685975433,-0.06543190855056724,-0.004545918182635944
400,127400000.0,1.6904550600096118,2.393716913053811,1.7557247880707159,2.3858673548677003,-0.0652697280611041,0.007849558186110883
400,127700000.0,1.715037505390141,2.3988525601532746,1.7778123818768805,2.378831030992591,-0.06277487648673952,0.02002152916068356
400,128000000.0,1.741853227977632,2.4031053698892864,1.7998790099274298,2.371571423705498,-0.058025781949797794,0.03153394618378824
400,128300000.0,1.7707428899380706,2.4060953315536264,1.8219247187318925,2.364123001340624,-0.05118182879382194,0.04197233021300262
400,128600000.0,1.8015011996779748,2.40744599057476,1.843979228709845,2.356487292739631,-0.04247802903187026,0.05095869783512885
400,128900000.0,1.8338265146720245,2.406801266881505,1.8660434765765632,2.348636021573487,-0.03221696190453871,0.05816524530801814
400,129200000.0,1.8673313662984408,2.4038936987677495,1.8880896305969974,2.340567400410543,-0.02075826429855665,0.06332629835720649
400,129500000.0,1.901610007426958,2.3985560219882993,1.9101160415307104,2.332307922862822,-0.008506034103752391,0.06624809912547747
400,129800000.0,1.9362561008450123,2.3906734158023557,1.9321506814794074,2.3238573479573805,0.004105419365604934,0.06681606784497518
400,130100000.0,1.9708220706894126,2.3801818355304984,1.954195097005646,2.3151825748037855,0.016626973683766533,0.06499926072671292
400,130400000.0,2.0048247558821357,2.367126364168735,1.976214068385617,2.3062745109574294,0.028610687496518628,0.060851853211305595
400,130700000.0,2.037817751196129,2.35167521914822,1.9981919291264634,2.2971636300559486,0.03962582206966547,0.054511589092271606
400,131000000.0,2.0694274587973203,2.334061220829227,2.0201531345384174,2.2878659843878784,0.04927432425890288,0.04619523644134871
400,131300000.0,2.099317015585519,2.314550151674924,2.042111801443168,2.2783589596402405,0.057205214142351135,0.03619119203468335
400,131600000.0,2.1271728207612086,2.293477710277317,2.064045470616477,2.268628224574225,0.06312735014473159,0.02484948570309209
400,131900000.0,2.1527597418185795,2.271264443819359,2.085939635098349,2.258694906069584,0.06682010672023075,0.012569537749774984
400,132200000.0,2.1759575728760083,2.248358221358504,2.1078159928242064,2.2485721227033366,0.06814158005180193,-0.00021390134483256773
400,132500000.0,2.1967233853099275,2.2251883749449584,2.129689366737347,2.2382345157147876,0.0670340185725804,-0.01304614076982924
400,132800000.0,2.215059971087332,2.2021917010266745,2.151533706215375,2.2276604269092046,0.06352626487195678,-0.02546872588253013
400,133100000.0,2.231055015673315,2.1798341668467143,2.1733219096965484,2.216869986286954,0.05773310597676673,-0.03703581944023959
400,133400000.0,2.2449189073960527,2.158558991265929,2.195067359475933,2.2058891909425804,0.04985154792011981,-0.04733019967665131
400,133700000.0,2.2569467792372264,2.138728151351724,2.2167926420313866,2.194706458659439,0.040154137205839824,-0.055978307307714914
400,134000000.0,2.2674653078145863,2.1206359191575883,2.2384857588830713,2.1832997213818817,0.028979548931514998,-0.06266380222429335
400,134300000.0,2.2768450886566227,2.104540688687163,2.2601243262486506,2.1716798210012787,0.016720762407972156,-0.06713913231411572
400,134600000.0,2.2855302461992903,2.090633255898004,2.281719004043029,2.15986794332131,0.003811242156261496,-0.06923468742330607
400,134900000.0,2.2940017792974934,2.0789857658370274,2.3032921648723588,2.147850971105126,-0.00929038557486539,-0.0688652052680987
400,135200000.0,2.302714337739791,2.069567653443182,2.324830961547169,2.135600845949961,-0.022116623807377778,-0.06603319250677897
400,135500000.0,2.312095513650515,2.0622947240504352,2.346303303022614,2.1231239449251924,-0.03420778937209912,-0.06082922087475717
400,135800000.0,2.3225802211670206,2.0570206407178606,2.3677087124441387,2.1104497097506454,-0.045128491277118155,-0.05342906903278477
400,136100000.0,2.33458852307229,2.0534920949982167,2.3890718300412486,2.0975798976524214,-0.054483306968958534,-0.044087802654204644
400,136400000.0,2.348462013774954,2.051360044360789,2.41039310940048,2.0844910412316127,-0.06193109562552568,-0.03313099687082355
400,136700000.0,2.3644512127812867,2.050238535585499,2.4316486489402105,2.0711819350953724,-0.06719743615892382,-0.02094339950987356
400,137000000.0,2.382751818894566,2.049719904045621,2.4528365527605467,2.057675327789099,-0.07008473386598046,-0.007955423743478018
400,137300000.0,2.4035003934366737,2.049343552739564,2.4739800113173254,2.04397149924003,-0.07047961788065171,0.005372053499533624
400,137600000.0,2.4267226461683835,2.0486069573366588,2.4950800011519747,2.030042912722755,-0.06835735498359119,0.018564044613903707
400,137900000.0,2.4523232619562365,2.047030593494199,2.5161063769593013,2.015882216172835,-0.06378311500306477,0.031148377321363885
400,138200000.0,2.48013538896146,2.0441881546226854,2.537045416487215,2.001515558135612,-0.0569100275257548,0.042672596487073555
400,138500000.0,2.5099432933781323,2.039677242553474,2.557917372753349,1.9869570068941282,-0.04797407937521658,0.05272023565934569
400,138800000.0,2.5414478461583974,2.033113754956369,2.578733868755496,1.9721878880794395,-0.03728602259709879,0.06092586687692969
400,139100000.0,2.5742549719245154,2.0241848120156805,2.5994755481300205,1.9571964269205286,-0.025220576205505107,0.06698838509515181
400,139400000.0,2.6079263777562804,2.012682943534316,2.620129674628731,1.9420008929078076,-0.012203296872450586,0.07068205062650823
400,139700000.0,2.6420186188561456,1.998477778904296,2.640714191158037,1.926612893382705,0.0013044276981086789,0.0718648855215911
400,140000000.0,2.6760630696002012,1.9814955414314572,2.6612413349992132,1.9110114353503733,0.014821734600988012,0.07048410608108391
400,140300000.0,2.7095541123175177,1.9617569351819353,2.6816887071353963,1.8951785519342579,0.02786540518212144,0.0665783832476774
400,140600000.0,2.74200004558861,1.9394085437988298,2.7020329084826686,1.87913170135598,0.039967137105941575,0.0602768424428497
400,140900000.0,2.7729752222322386,1.9146882595943466,2.7222848648764195,1.862893432866974,0.05069035735581906,0.05179482672737268
400,141200000.0,2.8021093991720143,1.887880992126496,2.7424634244276755,1.8464544365969415,0.05964597474433875,0.04142655552955454
400,141500000.0,2.8290646105423196,1.8593313250100603,2.762558112468033,1.8297963990314279,0.06650649807428666,0.029534925978632387
400,141800000.0,2.853567539714872,1.8294677336334906,2.782549534963834,1.8129289184027368,0.07101800475103781,0.016538815230753734
400,142100000.0,2.875455853750318,1.7987688158369461,2.802446326207602,1.7958704846796978,0.07300952754271606,0.002898331157248357
400,142400000.0,2.8946666906225436,1.7677090194418492,2.822267174300664,1.7786104934784583,0.07239951632187935,-0.010901474036609127
400,142700000.0,2.9112000159706195,1.7367576965875864,2.8420008891339754,1.7611255510875918,0.06919912683664409,-0.024367854500005448
400,143000000.0,2.9251320347718157,1.706403520398116,2.8616198330940144,1.7434214883957786,0.06351220167780136,-0.03701796799766255
400,143300000.0,2.9366551341505858,1.6771276553874797,2.8811231995849496,1.7255238425819723,0.05553193456563621,-0.04839618719449268
400,143600000.0,2.9460659657114125,1.6493441578433732,2.9005316376406216,1.7074346659581487,0.04553432807079094,-0.05809050811477556
400,143900000.0,2.953713947452033,1.623386998550663,2.9198452854146315,1.6891344680721418,0.033868662037401354,-0.06574746952147881
400,144200000.0,2.9599887730083276,1.5995376007663673,2.939043476452662,1.670622640574149,0.02094529655566557,-0.0710850398077818
400,144500000.0,2.965345448625331,1.5780160503636174,2.958124210693174,1.6519190470079468,0.007221237932156566,-0.07390299664432942
400,144800000.0,2.970290906434258,1.5589340747898799,2.977106926100819,1.6330244948598853,-0.00681601966656098,-0.07409042007000544
400,145100000.0,2.9753264106518946,1.5422860089757529,2.9959922184315197,1.6139160332117364,-0.020665807779625123,-0.07163002423598352
400,145400000.0,2.980921963054977,1.527988677418352,3.014754105792305,1.594587835350463,-0.03383214273732804,-0.06659915793211102
400,145700000.0,2.987539035810276,1.5158952728884851,3.0333805273630996,1.5750626919927244,-0.04584149155282358,-0.05916741910423928
400,146000000.0,2.9956286471563254,1.5057622260485581,3.0518884499637613,1.5553531824291742,-0.05625980280743592,-0.04959095638061606
400,146300000.0,3.0055793820466894,1.4972402597534595,3.070287573035974,1.535443913576518,-0.06470819098928482,-0.03820365382305857
400,146600000.0,3.0176844136123777,1.4899197893569769,3.088561126800534,1.5153252905414112,-0.07087671318815625,-0.025405501184434298
400,146900000.0,3.03216216565347,1.4833648498469254,3.1066979027875914,1.495013398697068,-0.07453573713412132,-0.011648548850142548
400,147200000.0,3.0491684395963516,1.4770977918949408,3.1247129179206445,1.4745187321486133,-0.0755444783242929,0.00257905974632755
400,147500000.0,3.068760025211498,1.4705943322697788,3.142616413991184,1.4538239233364805,-0.07385638877968592,0.016770408933298286
400,147800000.0,3.090867831564298,1.4633319691707236,3.1603890288541843,1.4329140996355252,-0.06952119728988615,0.030417869535198427
400,148100000.0,3.1153269403486283,1.4548359362074696,3.1780104559961138,1.4118046787508218,-0.06268351564748542,0.04303125745664782
400,148400000.0,3.1419117028079127,1.4446709726627576,3.1954897444791523,1.3905155288981688,-0.053578041671239696,0.054155443764588806
400,148700000.0,3.170321303153861,1.432426054210423,3.2128428186869287,1.36903927585302,-0.0425215155330676,0.06338677835740292
400,149000000.0,3.2001588205551035,1.4177484833602674,3.230060530189683,1.3473607507551253,-0.02990170963457972,0.07038773260514208
400,149300000.0,3.230962172344042,1.4003878935006302,3.2471260091002345,1.3254886587221943,-0.016163836756192485,0.07489923477843585
400,149600000.0,3.26225151475589,1.3801896599896362,3.264046362738594,1.3034394097513375,-0.0017948479827039066,0.07675025023829862
400,149900000.0,3.2935312284025704,1.357068776462596,3.2808373996311593,1.2812045284384073,0.01269382877141112,0.07586424802418867
400,150200000.0,3.3242738631747235,1.3310268092588684,3.297489369600356,1.2587645022739544,0.026784493574367296,0.07226230698491398
400,150500000.0,3.3539500227954866,1.302187570010785,3.3139783513656234,1.2361248288220212,0.03997167142986324,0.06606274118876376
400,150800000.0,3.382083631881398,1.270785227795731,3.3303033874557575,1.2133079800218989,0.051780244425640554,0.05747724777383212
400,151100000.0,3.408264572205305,1.2371200360552346,3.3464819999117004,1.1903163384586533,0.06178257229360451,0.04680369759658132
400,151400000.0,3.4321281545218247,1.2015495468634798,3.3625141736547435,1.1671337373044126,0.06961398086708126,0.0344158095590672
400,151700000.0,3.4533680317225963,1.164510226512875,3.3783819784377362,1.1437601571126812,0.07498605328486008,0.02075006940019386
400,152000000.0,3.4717806921058725,1.126503570767395,3.39408344958713,1.1202132157739295,0.07769724251874255,0.006290354993465419
400,152300000.0,3.4872755113717346,1.088045043300734,3.4096350919344234,1.0964942363023864,0.07764041943731126,-0.008449193001652366
400,152600000.0,3.4998443706331073,1.0496416323385074,3.4250372986749937,1.0725840856653357,0.07480707195811354,-0.022942453326828316
400,152900000.0,3.509555572571477,1.0118081697911663,3.4402675852605773,1.0484782767818643,0.0692879873108998,-0.03667010699069806
400,153200000.0,3.516585746529834,0.975058718225768,3.455315365212077,1.024196963780969,0.06127038131775686,-0.049138245555200966
400,153500000.0,3.521226620816862,0.9398554584203336,3.4701950521216505,0.9997515981012408,0.051031568695211416,-0.059896139680907234
400,153800000.0,3.523844277869808,0.9065770092926065,3.484914891599048,0.9751295429787847,0.038929386270759814,-0.0685525336861782
400,154100000.0,3.524850029593853,0.8755331964319567,3.499460335330045,0.9503230725295985,0.025389694263807883,-0.07478987609764176
400,154400000.0,3.524712937646569,0.8469706202079399,3.5138215451764463,0.925346583775388,0.010891392470122607,-0.07837596356744814
400,154700000.0,3.523960762228332,0.8210371720747691,3.5280112787828495,0.9002097436713762,-0.0040505165545172694,-0.07917257159660707
400,155000000.0,3.5231350491818123,0.7977574636198786,3.5420382675265625,0.8748982202194817,-0.018903218344750172,-0.07714075659960307
400,155300000.0,3.522750657118887,0.7770571257396569,3.555885743827645,0.8493997528186854,-0.03313508670875809,-0.0723426270790285
400,155600000.0,3.523301336518075,0.7587886796298767,3.569536052658865,0.8237281817048793,-0.04623471614078989,-0.06493950207500254
400,155900000.0,3.5252675408812606,0.7427147551326485,3.5829968410546855,0.7979012634943111,-0.057729300173424924,-0.05518650836166261
400,156200000.0,3.5290800733263405,0.7284894774041865,3.596281767444027,0.7719132788001652,-0.06720169411768628,-0.04342380139597879
400,156500000.0,3.5350773360046452,0.7156869967144323,3.6093828872860203,0.7457517097187465,-0.07430555128137506,-0.030064713004314236
400,156800000.0,3.543507538342969,0.7038433809666502,3.6222855236502407,0.7194246146900563,-0.07877798530727187,-0.01558123372340603
400,157100000.0,3.5545463779353925,0.6924594391688749,3.634995669258554,0.6929467765965699,-0.08044929132316136,-0.00048733742769502264
400,157400000.0,3.568277539295067,0.6809907886169101,3.647526903722308,0.6663115301653927,-0.07924936442724118,0.014679258451517407
400,157700000.0,3.584660200839886,0.6688788616707266,3.6598707783421496,0.6395026142714848,-0.07521057750226356,0.029376247399241828
400,158000000.0,3.603539541011759,0.6556014570171111,3.672006545724031,0.6125253323552897,-0.06846700471227196,0.043076124661821424
400,158300000.0,3.624683261440859,0.6406848402295915,3.683933262267199,0.5853997163228443,-0.059250000826340354,0.055285123906747224
400,158600000.0,3.6477857416452175,0.6236894989571404,3.695666019545758,0.5581284828956976,-0.0478802779005405,0.06556101606144282
400,158900000.0,3.6724480496062917,0.6042273832431534,3.7072048033052702,0.5306982579282299,-0.03475675369897857,0.0735291253149235
400,159200000.0,3.6981914969871004,0.5820055638061534,3.7185340599090217,0.5031095782175959,-0.02034256292192138,0.07889598558855748
400,159500000.0,3.7245032753908927,0.5568384298717328,3.729651993917084,0.4753782861921632,-0.005148718526191143,0.08146014367956961
400,159800000.0,3.75085684367272,0.52862589539921,3.740572839122194,0.4475061864629449,0.010284004550525694,0.08111970893626513
400,160100000.0,3.7767012706446494,0.4973537049703924,3.7512969520346617,0.4194773419677571,0.02540431860998771,0.07787636300263528
400,160400000.0,3.801474970716338,0.4631241087982842,3.761804854609289,0.3912884334635912,0.0396701161070494,0.07183567533469298
400,160700000.0,3.8246552189164675,0.42616121565619164,3.7720873140373685,0.3629575117683012,0.052567904879099014,0.06320370388789043
400,161000000.0,3.845788078771216,0.3867751423801769,3.7821567855218983,0.334495155301392,0.06363129324931771,0.052279987078784895
400,161300000.0,3.864478310330725,0.34533820871392334,3.7920204524277783,0.3058910486262632,0.0724578579029469,0.03944716008766014
400,161600000.0,3.880389509130411,0.30229662087507253,3.8016657293691187,0.2771390645456495,0.07872377976129208,0.025157556329423014
400,161900000.0,3.8932797663629013,0.2581695370950426,3.811084049829375,0.2482522693492594,0.08219571653352631,0.009917267745783193
400,162200000.0,3.903025936896826,0.21350792338598867,3.8202864553606988,0.21923969849015437,0.08273948153612709,-0.005731775104165698
400,162500000.0,3.9096057760626683,0.1688584948014823,3.829280570015199,0.19008956815307557,0.08032520604746951,-0.02123107335159327
400,162800000.0,3.9130806834598024,0.124766329108086,3.8380519005533675,0.1607918243154992,0.07502878290643489,-0.036025495207413216
400,163100000.0,3.9136146483230743,0.081775900998787,3.8465851221893974,0.131359061227693,0.06702952613367685,-0.049583160228906006
400,163400000.0,3.9114909943141654,0.04039277991893894,3.854886872840561,0.10180733982003787,0.05660412147360416,-0.061414559901098925
400,163700000.0,3.9070861538176183,0.001042115905321808,3.8629690820888674,0.07213234774753213,0.0441170717287509,-0.07109023184221032
400,164000000.0,3.9008328987972556,-0.03593254819602468,3.8708249371685373,0.04232380224736434,0.030007961628718327,-0.07825635044338902
400,164300000.0,3.8932177026339265,-0.07025838641182863,3.8784417170899244,0.01238927699570158,0.014775985544002168,-0.08264766340753021
400,164600000.0,3.884786930417521,-0.10175504745200399,3.885824643567501,-0.017657747766430643,-0.001037713149980135,-0.08409729968557335
400,164900000.0,3.87611633390563,-0.1303654967032999,3.8929855984142185,-0.04782240604702008,-0.01686926450858861,-0.08254309065627981
400,165200000.0,3.8677651708102725,-0.1561483991860273,3.8999173483207303,-0.07811823145062011,-0.03215217751045785,-0.07803016773540719
400,165500000.0,3.860264301857012,-0.17924976343589172,3.9066019157264957,-0.10854003738556675,-0.04633761386948354,-0.07070972605032497
400,165800000.0,3.8541244190021584,-0.19990375537964436,3.9130385196483655,-0.13906977293337516,-0.05891410064620706,-0.0608339824462692
400,166100000.0,3.849814416600129,-0.2184519132129044,3.919240387559077,-0.16970441439468853,-0.0694259709589482,-0.048747498818215856
400,166400000.0,3.8477177761344006,-0.23533016260184286,3.9252076477453057,-0.2004549909471984,-0.07748987161090515,-0.03487517165464446
400,166700000.0,3.848118117873105,-0.2510277701850035,3.9309268607112338,-0.23132046754392474,-0.08280874283812878,-0.019707302641078756
400,167000000.0,3.8512137664521235,-0.26606871105629903,3.93639652377441,-0.26228643983249117,-0.0851827573222863,-0.003782271223807865
400,167300000.0,3.8571123262983766,-0.2810181034226726,3.9416291386060216,-0.293350679190733,-0.08451681230764496,0.012332575768060405
400,167600000.0,3.865800877937437,-0.29646531168145884,3.9466251749643706,-0.32452644721667073,-0.0808242970269335,0.02806113553521189
400,167900000.0,3.877140802881003,-0.31297691923544235,3.9513677940635388,-0.3558160634300787,-0.07422699118253595,0.04283914419463636
400,168200000.0,3.8908979568968043,-0.3310687708761863,3.9558490390478216,-0.38720319356480787,-0.0649510821510173,0.056134422688621566
400,168500000.0,3.9067604661906046,-0.35121191831618964,3.9600798921105196,-0.4186779633877937,-0.05331942591991501,0.06746604507160403
400,168800000.0,3.9243264829291333,-0.3738270071646487,3.964066800770209,-0.4502487416403427,-0.03974031784107579,0.076421734475694
400,169100000.0,3.9431057887043957,-0.39924744408098883,3.9677989564741756,-0.4819203031880178,-0.024693167769779922,0.08267285910702898
400,169400000.0,3.9625574219569875,-0.42769417670694376,3.971269002664975,-0.5136806640421292,-0.008711580707987387,0.08598648733518544
400,169700000.0,3.9821222735443196,-0.45928723948008504,3.9744867090025324,-0.5455212984091767,0.007635564541787154,0.0862340589290917
400,170000000.0,4.001223294130818,-0.4940555133361552,3.977458926939878,-0.5774518589658812,0.023764367190939772,0.08339634562972603
