frequency_Hz,bare_re,bare_im,covered_re,covered_im,ROCK_re,ROCK_im,COVER_re,COVER_im
2.000000000000000000e+07,3.207824649080494250e+00,3.072307763721062290e+00,4.444806436272893180e+00,3.421614465168268282e+00,3.207637924369471705e+00,3.072046767458250116e+00,4.444233970360016883e+00,3.421310994572044351e+00
2.030000000000000000e+07,3.755253230824912691e+00,2.433777991344477254e+00,5.029317520247063911e+00,2.540583821937682174e+00,3.755043463190730790e+00,2.433519005637391430e+00,5.028713317810364458e+00,2.540362498327715102e+00
2.060000000000000000e+07,4.175793536155057772e+00,1.698216497922139467e+00,5.439465769754806779e+00,1.562557818801870724e+00,4.175513947131953785e+00,1.697957444005382399e+00,5.438798003661808877e+00,1.562417397326164803e+00
2.090000000000000000e+07,4.452375508005730786e+00,8.908044710294029667e-01,5.660044565055208921e+00,5.219675334247234622e-01,4.452008131965875748e+00,8.905981086961585191e-01,5.659311784406234835e+00,5.219615291722163875e-01
2.120000000000000000e+07,4.572919683339382146e+00,3.969452764959249119e-02,5.682611312499770584e+00,-5.446615508667008720e-01,4.572502319448396690e+00,3.958133471387448310e-02,5.681871301989254164e+00,-5.444962818039478236e-01
2.150000000000000000e+07,4.530846894117609658e+00,-8.249768092474834003e-01,5.505675039911276158e+00,-1.600021610599392075e+00,4.530420742722995442e+00,-8.250042891702253911e-01,5.504988441137058430e+00,-1.599703998069392341e+00
2.180000000000000000e+07,4.325392947577461733e+00,-1.672162296157440498e+00,5.134637042427253384e+00,-2.607311128543888135e+00,4.324964974385451910e+00,-1.672122817555873553e+00,5.134024794647729095e+00,-2.606877353527075059e+00
2.210000000000000000e+07,3.961714300081620621e+00,-2.471024399659173199e+00,4.581506392597768595e+00,-3.531456924867375946e+00,3.961280598464007596e+00,-2.470914265962560918e+00,4.580972081932394246e+00,-3.530922476926711795e+00
2.240000000000000000e+07,3.450778283085691012e+00,-3.192062367516119270e+00,3.864418255824849435e+00,-4.340235809380662779e+00,3.450350563451927144e+00,-3.191869738180679761e+00,3.863976200414739992e+00,-4.339607555491999946e+00
2.270000000000000000e+07,2.809039303718981806e+00,-3.808204623841922931e+00,3.006985630121949526e+00,-5.005271728685081634e+00,2.808635497558661598e+00,-3.807927425977977620e+00,3.006652636269940615e+00,-5.004565417145199646e+00
2.300000000000000000e+07,2.057910338530577921e+00,-4.295825977459115208e+00,2.037514733830188884e+00,-5.502892936318323436e+00,2.057545555795286418e+00,-4.295463434055211138e+00,2.037301487116117471e+00,-5.502124457971490301e+00
2.330000000000000000e+07,1.223046675656465077e+00,-4.635651440855364847e+00,9.881115734577639031e-01,-5.814840445592042606e+00,1.222745098434337763e+00,-4.635202796271267189e+00,9.880347977958265915e-01,-5.814024365052938847e+00
2.360000000000000000e+07,3.334659534327772956e-01,-4.813512197888898392e+00,-1.062967096554553459e-01,-5.928823277444947415e+00,3.332578387835809508e-01,-4.812995686091932512e+00,-1.062176267512953132e-01,-5.927991420795040156e+00
2.390000000000000000e+07,-5.794651748057821905e-01,-4.820924307766359718e+00,-1.209006128166302485e+00,-5.838917693234916939e+00,-5.795705078122566078e-01,-4.820374953663757012e+00,-1.208776397504841782e+00,-5.838115142907915001e+00
2.420000000000000000e+07,-1.483142188982409904e+00,-4.655466917497268042e+00,-2.282629196205822275e+00,-5.545807073960824063e+00,-1.483159107036563285e+00,-4.654903471992758668e+00,-2.282279280232124563e+00,-5.545056784941362338e+00
2.450000000000000000e+07,-2.344892125563710739e+00,-4.320943858209492561e+00,-3.290221932764104462e+00,-5.056857137736174401e+00,-2.344822547530512225e+00,-4.320359181204937116e+00,-3.289767480781009112e+00,-5.056150731014305677e+00
2.480000000000000000e+07,-3.133159173016450527e+00,-3.827320269720191348e+00,-4.196428013156005221e+00,-4.386018804813801353e+00,-3.132975307785621055e+00,-3.826718044888785641e+00,-4.195850789838431183e+00,-4.385356890471044267e+00
2.510000000000000000e+07,-3.818663292236275986e+00,-3.190434053083051946e+00,-4.968620187815871780e+00,-3.553549343257901949e+00,-3.818342253859775326e+00,-3.189854352837746987e+00,-4.967904715911068081e+00,-3.552969834280819583e+00
2.540000000000000000e+07,-4.375489243924630678e+00,-2.431490196198501597e+00,-5.578013910393623043e+00,-2.585542484165622490e+00,-4.375046388733167646e+00,-2.430980713102288249e+00,-5.577183119803464706e+00,-2.585090912737609159e+00
2.570000000000000000e+07,-4.782065503147898688e+00,-1.576354050718459909e+00,-6.000721977023090403e+00,-1.513260749689618212e+00,-4.781534830836491778e+00,-1.575932084150181822e+00,-5.999816696479442157e+00,-1.512950403977395553e+00
2.600000000000000000e+07,-5.021996146448049814e+00,-6.546671622374355959e-01,-6.218712965487764421e+00,-3.722686756816310227e-01,-5.021392189589732880e+00,-6.543294371097516660e-01,-6.217751518091468199e+00,-3.720915070912553801e-01
2.630000000000000000e+07,-5.084713790703554892e+00,3.011840109396802800e-01,-6.220631552377087203e+00,7.986261229523448080e-01,-5.084033614850646643e+00,3.014264203768668438e-01,-6.219612094414678438e+00,7.986614552356474661e-01
2.660000000000000000e+07,-4.965927875194184438e+00,1.257210466845805508e+00,-6.002436470815863956e+00,1.958606496574256228e+00,-4.965181573967875295e+00,1.257328504159915816e+00,-6.001370561529121517e+00,1.958469717225527873e+00
2.690000000000000000e+07,-4.667849792467568371e+00,2.179033668146573621e+00,-5.567812810416391756e+00,3.066224302462674522e+00,-4.667068421258193212e+00,2.179005428218666829e+00,-5.566735855352007434e+00,3.065890272747897605e+00
2.720000000000000000e+07,-4.199184334419028275e+00,3.033125753409367409e+00,-4.928320068658138986e+00,4.080881932673610990e+00,-4.198401630172050147e+00,3.032946663011754751e+00,-4.927273373243878041e+00,4.080343016999655070e+00
2.750000000000000000e+07,-3.574885342629141149e+00,3.788032087307163120e+00,-4.103245944031871595e+00,4.964363341027808296e+00,-3.574128977499633208e+00,3.787703688741163699e+00,-4.102267421553236204e+00,4.963619359664987130e+00
2.780000000000000000e+07,-2.815682032194711137e+00,4.415531484407202001e+00,-3.119148001057927111e+00,5.682351766799464521e+00,-2.814980449354926861e+00,4.415057382433435151e+00,-3.118278699043678159e+00,5.681406682863848978e+00
2.810000000000000000e+07,-1.947390883374279680e+00,4.891691273809798624e+00,-2.009080337223195123e+00,6.205865283191926984e+00,-1.946772334462522736e+00,4.891083446685995817e+00,-2.008363107359080857e+00,6.204734387716042576e+00
2.840000000000000000e+07,-1.000035955687720524e+00,5.197777786097592667e+00,-8.115192345218465997e-01,6.512539298573944535e+00,-9.995205895212038172e-01,5.197052419201066087e+00,-8.109902734917540101e-01,6.511245835669655868e+00
2.870000000000000000e+07,-6.807679377450384824e-03,5.320987729113524800e+00,4.309807325569628422e-01,6.587687693528110344e+00,-6.413753716586256814e-03,5.320155405757227562e+00,4.312861982657167914e-01,6.586254062766792927e+00
2.900000000000000000e+07,9.971036506020113377e-01,5.254972109497124677e+00,1.673351846920452690e+00,6.425081495362881867e+00,9.973471373893687542e-01,5.254045915855908078e+00,1.673388257900278120e+00,6.423538962438819055e+00
2.930000000000000000e+07,1.975758547197655535e+00,5.000131638003645129e+00,2.869736525769108315e+00,6.027395600289794153e+00,1.975820380007760946e+00,4.999144600627813517e+00,2.869459575657621997e+00,6.025802681583857456e+00
2.960000000000000000e+07,2.893758588716283331e+00,4.563670672040643694e+00,3.975293885859719545e+00,5.406289423431135610e+00,2.893627911320059809e+00,4.562670401099393480e+00,3.974686661852494751e+00,5.404725062340900443e+00
2.990000000000000000e+07,3.717529821947117785e+00,3.959405409574225043e+00,4.948007141660057506e+00,4.582105557438424626e+00,3.717216759839125473e+00,3.958429195519539867e+00,4.947082418114305824e+00,4.580641002512327198e+00
3.020000000000000000e+07,4.416552689378852037e+00,3.207330943248003496e+00,5.750406521932943882e+00,3.583190391117697438e+00,4.416064611870055501e+00,3.206399577389835720e+00,5.749182700765835818e+00,3.581880583424934539e+00
3.050000000000000000e+07,4.964493372630565560e+00,2.332960589776549742e+00,6.351124620358181261e+00,2.444860875469880845e+00,4.963825119089072757e+00,2.332099792752923229e+00,6.349615972969125721e+00,2.443764865298013067e+00
3.080000000000000000e+07,5.340194613271222579e+00,1.366459305561998905e+00,6.726208384673532770e+00,1.208060871368984213e+00,5.339347889228399424e+00,1.365712660988980920e+00,6.724445751057224641e+00,1.207253011539527687e+00
3.110000000000000000e+07,5.528488795146147439e+00,3.416006755406945650e-01,6.860123902840409293e+00,-8.223253690058714149e-02,5.527488838716472230e+00,3.410135401838600977e-01,6.858171900501886853e+00,-8.268250838852253537e-02
3.140000000000000000e+07,5.520802190173834667e+00,-7.054163672491812198e-01,6.746406028863780158e+00,-1.378778890393361989e+00,5.519687556422745445e+00,-7.058156923443763553e-01,6.744350682486320636e+00,-1.378828914261045480e+00
3.170000000000000000e+07,5.315526571168092573e+00,-1.737249520336999309e+00,6.387923674131671170e+00,-2.633937404520697800e+00,5.314332040532740109e+00,-1.737445748481279750e+00,6.385851329175586955e+00,-2.633571423763111596e+00
3.200000000000000000e+07,4.918142624582122480e+00,-2.716748268615520434e+00,5.796752013642031187e+00,-3.801536192028276417e+00,4.916900145816526901e+00,-2.716726304232987665e+00,5.794746429031803814e+00,-3.800751782470061180e+00
3.230000000000000000e+07,4.341088461311053415e+00,-3.608294370382367777e+00,4.993663522131372545e+00,-4.838661858524988091e+00,4.339836722325465246e+00,-3.608040131564814956e+00,4.991812170839615703e+00,-4.837470848656445277e+00
3.260000000000000000e+07,3.603375707502072256e+00,-4.379099213294977311e+00,4.007269230990837983e+00,-5.707290047234702790e+00,3.602159343976801154e+00,-4.378607705688092544e+00,4.005659112866496230e+00,-5.705725993274779917e+00
3.290000000000000000e+07,2.729964828285346812e+00,-5.000410724974129195e+00,2.872858533692007388e+00,-6.375688501350040838e+00,2.728828486945047871e+00,-4.999686012525339507e+00,2.871566683218482297e+00,-6.373805049905723941e+00
3.320000000000000000e+07,1.750920161907441708e+00,-5.448585394185281316e+00,1.630999117608304516e+00,-6.819538905351056002e+00,1.749909595178188226e+00,-5.447638124073916899e+00,1.630090575919396656e+00,-6.817404565250763326e+00
3.350000000000000000e+07,7.003732963988456017e-01,-5.705985466376358950e+00,3.259673280950114993e-01,-7.022740943833362337e+00,6.995360804271797406e-01,-5.704838054226184951e+00,3.254934401377127529e-01,-7.020440578839903800e+00
3.380000000000000000e+07,-3.846693960136753909e-01,-5.761667371139181704e+00,-9.959169577430898590e-01,-6.977880260124472933e+00,-3.852930943293415567e-01,-5.760357025278015186e+00,-9.959291669291019389e-01,-6.975513378832696176e+00
3.410000000000000000e+07,-1.465633308654139322e+00,-5.611834712966135896e+00,-2.287978033320881011e+00,-6.686359823064743857e+00,-1.466017846222754883e+00,-5.610403582196539674e+00,-2.287532419375992276e+00,-6.684025296950807160e+00
3.440000000000000000e+07,-2.503749999094844192e+00,-5.260037456457085092e+00,-3.504827338447271678e+00,-6.158210220270574631e+00,-2.503876122723696085e+00,-5.258523315161157896e+00,-3.503947654566701431e+00,-6.155992294311781521e+00
3.470000000000000000e+07,-3.461450364263600754e+00,-4.717107969636158415e+00,-4.603903561766509611e+00,-5.411607430738418323e+00,-3.461295291569442156e+00,-4.715551686934141173e+00,-4.602619616853637297e+00,-5.409580423983630482e+00
3.500000000000000000e+07,-4.303726437596094634e+00,-4.000834032168397059e+00,-5.546863197167778203e+00,-4.472135903495147780e+00,-4.303271602514968208e+00,-3.999291672509948548e+00,-5.545214974463988256e+00,-4.470374842978551477e+00
3.530000000000000000e+07,-4.999412380379481213e+00,-3.135378429595719663e+00,-6.300787278014825965e+00,-3.371839965535893047e+00,-4.998659343468126792e+00,-3.133915735682533121e+00,-6.298837181269746566e+00,-3.370413788611135608e+00
3.560000000000000000e+07,-5.522337761814223533e+00,-2.150463995700968134e+00,-6.839181939499161089e+00,-2.148107890380733576e+00,-5.521308203014037019e+00,-2.149139025201120212e+00,-6.837009994342949426e+00,-2.147061503464262167e+00
3.590000000000000000e+07,-5.852310462821115777e+00,-1.080351595589400970e+00,-7.142760713512417148e+00,-8.424310404918212702e-01,-5.851031697740779691e+00,-1.079209979525376895e+00,-7.140444672605084975e+00,-8.417822758666604344e-01
3.620000000000000000e+07,-5.975892356544272310e+00,3.735375543823724748e-02,-7.200004193135004726e+00,5.009236134010034425e-01,-5.974391720403140482e+00,3.826821604230801199e-02,-7.197609878868313160e+00,5.011692605500694953e-01
3.650000000000000000e+07,-5.886938114890227780e+00,1.163026953797910323e+00,-7.007497534950565488e+00,1.836294349243920987e+00,-5.885252288136378240e+00,1.163667348653608435e+00,-7.005086568905760203e+00,1.836133852463586180e+00
3.680000000000000000e+07,-5.586875814879460833e+00,2.256430336853142204e+00,-6.570048331497067906e+00,3.118030419710329681e+00,-5.585057150528768943e+00,2.256755715159719955e+00,-6.567684590724120142e+00,3.117467950262795995e+00
3.710000000000000000e+07,-5.084717177932113863e+00,3.278154587311544965e+00,-5.900587298536048131e+00,4.301897484870631061e+00,-5.082827590223786274e+00,3.278138437542779116e+00,-5.898331773259073429e+00,4.300949096425140894e+00
3.740000000000000000e+07,-4.396794943944033918e+00,4.191041327863151089e+00,-5.019852967491745588e+00,5.346458817281888543e+00,-4.394898746779261955e+00,4.190670168729830891e+00,-5.017758529566116010e+00,5.345147488896820676e+00
3.770000000000000000e+07,-3.546234713823022133e+00,4.961535985064805310e+00,-3.955860336375550457e+00,6.214407208626740342e+00,-3.544398449214746449e+00,4.960806896016144663e+00,-3.953974753334051684e+00,6.212757567168630146e+00
3.800000000000000000e+07,-2.562178234365511731e+00,5.560921626102721227e+00,-2.743153393090874914e+00,6.873819268692013651e+00,-2.560470080259349857e+00,5.559844849980969173e+00,-2.741522770231433981e+00,6.871858794637061507e+00
3.830000000000000000e+07,-1.478784197719573701e+00,5.966388394000983197e+00,-1.421843559071044760e+00,7.299299198873293371e+00,-1.477268743394347439e+00,5.964987786831651206e+00,-1.420511341635211977e+00,7.297058853353547647e+00
3.860000000000000000e+07,-3.340408511198468267e-01,6.161898757153546846e+00,-3.644101402976122200e-02,7.472974224971200563e+00,-3.327772033681384301e-01,6.160207257004250536e+00,-3.545004740018242728e-02,7.470485689246379124e+00
3.890000000000000000e+07,8.315682426170077912e-01,6.138815857480709681e+00,1.365506316620153093e+00,7.385299947951805777e+00,8.325228487513030018e-01,6.136875255657679773e+00,1.366107199519149162e+00,7.382598794057459557e+00
3.920000000000000000e+07,1.976498350339611854e+00,5.896270542958101935e+00,2.734940979017912888e+00,7.035632159920838014e+00,1.977090315178138269e+00,5.894137906380915837e+00,2.735097638740832338e+00,7.032768676120014106e+00
3.950000000000000000e+07,3.059626727613545594e+00,5.441251913317226574e+00,4.022954237747117467e+00,6.432523213894613789e+00,3.059816721744972767e+00,5.439000218492594740e+00,4.022618804404316961e+00,6.429567163044087152e+00
3.980000000000000000e+07,4.041731760128903339e+00,4.788416064879965184e+00,5.182524634205325498e+00,5.593706509174436903e+00,4.041500794037212074e+00,4.786123476822929490e+00,5.181663670467592908e+00,5.590739547208318783e+00
4.010000000000000000e+07,4.886914815393690326e+00,3.959617839818459384e+00,6.170275481758157987e+00,4.545742280153485915e+00,4.886257592058370847e+00,3.957359068456293372e+00,6.168866014934501152e+00,4.542851834589638926e+00
4.040000000000000000e+07,5.563913212797535479e+00,2.983180402809507026e+00,6.948180563170779145e+00,3.323311382444269046e+00,5.562831121258376754e+00,2.981030759844186306e+00,6.946206830747172489e+00,3.320596779813218546e+00
4.070000000000000000e+07,6.047256273618885736e+00,1.892927021485125705e+00,7.485141496315387499e+00,1.968160417329317458e+00,6.045762630711273289e+00,1.890968675852560565e+00,7.482605344001974856e+00,1.965739744679753542e+00
4.100000000000000000e+07,6.318221723882025742e+00,7.270081680310240824e-01,7.758358968504816211e+00,5.277201993826196036e-01,6.316351117839765550e+00,7.253246552858421126e-01,7.755294695808842675e+00,5.257228402358329333e-01
4.130000000000000000e+07,6.365556612335354636e+00,-4.734353334375839273e-01,7.754423887714446018e+00,-9.465611377464732135e-01,6.363363810784434804e+00,-4.747709225177807468e-01,7.750901362816513540e+00,-9.480106065757372136e-01
4.160000000000000000e+07,6.185935135179434496e+00,-1.665726197825822874e+00,7.470063589602750298e+00,-2.401110702249463991e+00,6.183486218643615473e+00,-1.666655186950988465e+00,7.466181647639231755e+00,-2.401901867376567523e+00
4.190000000000000000e+07,5.784135040490839152e+00,-2.807170150215410942e+00,6.912492242007574283e+00,-3.782273364310179797e+00,5.781503582274105213e+00,-2.807644751095557112e+00,6.908375501753646120e+00,-3.782312207138643245e+00
4.220000000000000000e+07,5.172924290638369449e+00,-3.856586800905992263e+00,6.099332746653193027e+00,-5.038416248617121340e+00,5.170193639784002926e+00,-3.856570035929618001e+00,6.095132962750852812e+00,-5.037631169513650420e+00
4.250000000000000000e+07,4.372660034151717667e+00,-4.775796964071886919e+00,5.058098636625950384e+00,-6.121999744788738873e+00,4.369922640133609093e+00,-4.775267594261327631e+00,5.053991055360732787e+00,-6.120352624202110903e+00
4.280000000000000000e+07,3.410612307670038312e+00,-5.531012651151303139e+00,3.825247329577590172e+00,-6.991517652279312323e+00,3.407964670699037413e+00,-5.529967620529831152e+00,3.821420442001858930e+00,-6.989011558893668763e+00
4.310000000000000000e+07,2.320034879701899477e+00,-6.094079106831709503e+00,2.444839088795487392e+00,-7.613213005491373586e+00,2.317574394833755491e+00,-6.092532716279146499e+00,2.441484465066011467e+00,-7.609894914249993647e+00
4.340000000000000000e+07,1.139014898161949674e+00,-6.443523237192895436e+00,9.668575992293381161e-01,-7.962485801139211006e+00,1.136838323710584575e+00,-6.441508629661889529e+00,9.641601252922740173e-01,-7.958449373809905580e+00
4.370000000000000000e+07,-9.085882537074489729e-02,-6.565369438578315453e+00,-5.547333038177392206e-01,-8.024923739427178404e+00,-9.266098262566657695e-02,-6.562940893877389215e+00,-5.566098032021784547e-01,-8.020310180622836072e+00
4.400000000000000000e+07,-1.325962271574577578e+00,-6.453691942844066887e+00,-2.064107805141250918e+00,-7.796906272913993519e+00,-1.327313101741161461e+00,-6.450921328943904243e+00,-2.065036105222461060e+00,-7.791896352742405440e+00
4.430000000000000000e+07,-2.522185630707959092e+00,-6.110882066844433247e+00,-3.505773047362368722e+00,-7.285754488244706728e+00,-2.523022891780442478e+00,-6.107851891130755106e+00,-3.505670049342995753e+00,-7.280554660638683728e+00
4.460000000000000000e+07,-3.636510577618861539e+00,-5.547618864606622680e+00,-4.826739384919484621e+00,-6.509423145717969206e+00,-3.636783328502573909e+00,-5.544421187957340180e+00,-4.825566961030375523e+00,-6.504255949642613999e+00
4.490000000000000000e+07,-4.628558937981253507e+00,-4.782542270596245260e+00,-5.978567260987706078e+00,-5.495754959058110956e+00,-4.628230003382547864e+00,-4.779282713215756928e+00,-5.976336670848702681e+00,-5.490853440625132365e+00
4.520000000000000000e+07,-5.462056940250805681e+00,-3.841638513236267816e+00,-6.919200607631091238e+00,-4.281339292758013393e+00,-5.461111899881558429e+00,-3.838434335966788069e+00,-6.915980740316761910e+00,-4.276934616524187049e+00
4.550000000000000000e+07,-6.106161921368460810e+00,-2.757357984906582349e+00,-7.614510410914618888e+00,-2.910036386871827752e+00,-6.104613346949413710e+00,-2.754327648397040917e+00,-7.610427734974514635e+00,-2.906336908234003147e+00
4.580000000000000000e+07,-6.536602956641475615e+00,-1.567495501371779731e+00,-8.039489879611130263e+00,-1.431242737059334580e+00,-6.534485243317490699e+00,-1.564750420141933773e+00,-8.034715351302509134e+00,-1.428416978033570928e+00
4.610000000000000000e+07,-6.736593261705498215e+00,-3.138716148366444414e-01,-8.179063093888995439e+00,1.020175272448889670e-01,-6.733957398034256414e+00,-3.115164155914875721e-01,-8.173796514727960982e+00,1.038462691725179354e-01
4.640000000000000000e+07,-6.697480148336134143e+00,9.591389600850284136e-01,-8.028490470316187455e+00,1.635086945003179082e+00,-6.694395650831026501e+00,9.610053081795086882e-01,-8.022950967268542399e+00,1.635841669668646858e+00
4.670000000000000000e+07,-6.419107530021197050e+00,2.206179963736366378e+00,-7.593375186797011622e+00,3.113668568163073580e+00,-6.415665578531957181e+00,2.207469681264907280e+00,-7.587792714927857674e+00,3.113323036661352461e+00
4.700000000000000000e+07,-5.909876143737956333e+00,3.382531452610427980e+00,-6.889293299726027442e+00,4.485740471260198703e+00,-5.906186440785994307e+00,3.383175730202751197e+00,-6.883894350453381605e+00,4.484322534738346633e+00
4.730000000000000000e+07,-5.186497421014180986e+00,4.445715131299626144e+00,-5.941085363742658387e+00,5.703323342458181067e+00,-5.182681741446231172e+00,4.445667218343260174e+00,-5.936076980879875009e+00,5.700910112698483800e+00
4.760000000000000000e+07,-4.273447920190815985e+00,5.357029473769855166e+00,-4.781858058206824857e+00,6.724047508170437837e+00,-4.269636216834094000e+00,5.356264969628963257e+00,-4.777417374724805654e+00,6.720754901313160445e+00
4.790000000000000000e+07,-3.202142029038678839e+00,6.082959118466757076e+00,-3.451750279727463067e+00,7.512480741856738753e+00,-3.198469474969009241e+00,6.081478033247503134e+00,-3.448018815963308725e+00,7.508453227140616804e+00
4.820000000000000000e+07,-2.009850872927071652e+00,6.596407196461651523e+00,-1.996519582065656939e+00,8.041192694842630218e+00,-2.006452234442505755e+00,6.594235733774855390e+00,-1.993598969316543901e+00,8.036592565683687184e+00
4.850000000000000000e+07,-7.384046473095552399e-01,6.877705297041639909e+00,-4.660024645226155671e-01,8.291544395613840379e+00,-7.354087048543078708e-01,6.874894104773090930e+00,-4.639542145850938937e-01,8.286538671152200664e+00
4.880000000000000000e+07,5.672764051436526289e-01,6.915363484437818009e+00,1.087503024609800528e+00,8.254201013017887334e+00,5.697491139392170112e-01,6.911985688581289367e+00,1.088651036635177149e+00,8.248950681644274141e+00
4.910000000000000000e+07,1.860770728197374879e+00,6.706531885253146363e+00,2.610890199875446349e+00,7.929372502986356430e+00,1.862610741347772603e+00,6.702684433194566083e+00,2.611135681979178003e+00,7.924028647971777417e+00
4.940000000000000000e+07,3.095807645272200759e+00,6.257155549287138463e+00,4.051896133038244585e+00,7.326789963347412282e+00,3.096924184605860830e+00,6.252959356274772063e+00,4.051258353292027437e+00,7.321492531643265522e+00
4.970000000000000000e+07,4.227924148168871632e+00,5.581815186935950912e+00,5.360722243371212947e+00,6.465426151103597086e+00,4.228252761404569071e+00,5.577408684612503720e+00,5.359238366316475322e+00,6.460299844588451634e+00
5.000000000000000000e+07,5.216066903662540888e+00,4.703257616398930807e+00,6.491594307285972754e+00,5.372967736241113457e+00,5.215570378378082239e+00,4.698787913314006914e+00,6.489310355228916194e+00,5.368119175775731833e+00
5.030000000000000000e+07,6.024081716571402900e+00,3.651630911708762639e+00,7.404233059144548434e+00,4.085045775863560991e+00,6.022747326472924101e+00,3.647250263907110934e+00,7.401193982730163157e+00,4.080569252446160533e+00
5.060000000000000000e+07,6.622036388040300814e+00,2.463449926624185604e+00,8.065204185390284053e+00,2.644230903168340419e+00,6.619877545043323153e+00,2.459315732333358540e+00,8.061452461711979822e+00,2.640219584710095546e+00
5.090000000000000000e+07,6.987328570677612483e+00,1.180327692968930142e+00,8.449112596451925583e+00,1.098801933575911383e+00,6.984390295532378445e+00,1.176597842022360396e+00,8.444695107454840866e+00,1.095354378254654648e+00
5.120000000000000000e+07,7.105537655430798516e+00,-1.524832028434411346e-01,8.539601564337679918e+00,-4.986983134159566067e-01,7.101897793812007365e+00,-1.556603316753282229e-01,8.534575979849016392e+00,-5.014786384424070320e-01
5.150000000000000000e+07,6.970988671543746129e+00,-1.487688090686619669e+00,8.330114016412441202e+00,-2.093098030131716136e+00,6.966752776313505535e+00,-1.490181525889944680e+00,8.324551678090045925e+00,-2.095103634432895490e+00
5.180000000000000000e+07,6.587006327620340329e+00,-2.777630087039970608e+00,7.824372343879084646e+00,-3.628389532363142322e+00,6.582302445056576801e+00,-2.779328984717324147e+00,7.818363119376620318e+00,-3.629507807912407458e+00
5.210000000000000000e+07,5.965848310873716365e+00,-3.975992639857322430e+00,7.036535656767738622e+00,-5.049635205348486977e+00,5.960824936496045723e+00,-3.976808699855055806e+00,7.030196975958077132e+00,-5.049750986318979784e+00
5.240000000000000000e+07,5.128318402967902756e+00,-5.039463871553895302e+00,5.991000232180615725e+00,-6.304928098859493346e+00,5.123141698430544011e+00,-5.039336383156513222e+00,5.984484806792501388e+00,-6.303933150111660666e+00
5.270000000000000000e+07,4.103071455980730420e+00,-5.929302870628115230e+00,4.721820177307161970e+00,-7.347337197078918081e+00,4.097919177852269002e+00,-5.928203014424955342e+00,4.715318202636751721e+00,-7.345142773780370504e+00
5.300000000000000000e+07,2.925633388672530089e+00,-6.612751262926874318e+00,3.271740722419767877e+00,-8.136758292883241594e+00,2.920688446242543534e+00,-6.610683474277351479e+00,3.265478259728730848e+00,-8.133307512712946163e+00
5.330000000000000000e+07,1.637169710185076177e+00,-7.064238625148445472e+00,1.690855204681001700e+00,-8.641586375424084920e+00,1.632614940229274225e+00,-7.061241618052264357e+00,1.685089549625459426e+00,-8.636867693110819033e+00
5.360000000000000000e+07,2.830452797957195843e-01,-7.266337409118421853e+00,3.491740405188933916e-02,-8.840125535659703715e+00,2.790566415726303262e-01,-7.262485671668617471e+00,2.992626426477329460e-02,-8.834186582318526604e+00
5.390000000000000000e+07,-1.088774269175399434e+00,-7.210431780665113699e+00,-1.636638138165213308e+00,-8.721658189135487405e+00,-1.092036526931082108e+00,-7.205833935063893136e+00,-1.640573851130170624e+00,-8.714614693257370703e+00
5.420000000000000000e+07,-2.429423060869441819e+00,-6.897074836693942501e+00,-3.262895559264431089e+00,-8.287106971183305859e+00,-2.431820809703026498e+00,-6.891868065021178325e+00,-3.265509979755094605e+00,-8.279144593954114839e+00
5.450000000000000000e+07,-3.690877121311683773e+00,-6.336019694268121505e+00,-4.783787991742341816e+00,-7.549239514658747652e+00,-3.692296787630937160e+00,-6.330365063783624180e+00,-4.784846924053539396e+00,-7.540612553690010600e+00
5.480000000000000000e+07,-4.827675974293425654e+00,-5.545921555366546407e+00,-6.142457721755122613e+00,-6.532387534178883293e+00,-4.828031906318805966e+00,-5.540002441306647540e+00,-6.141777390581125928e+00,-6.523415999959013334e+00
5.510000000000000000e+07,-5.798561928020366629e+00,-4.553719626872638315e+00,-7.287538608073087509e+00,-5.271675882565689975e+00,-5.797803545203400688e+00,-4.547738240608204308e+00,-7.285007845564145157e+00,-5.262735376253822039e+00
5.540000000000000000e+07,-6.567977909644058698e+00,-3.393719295491229193e+00,-8.175252955582323011e+00,-3.811782908876030884e+00,-6.566095668816885222e+00,-3.387887480226225989e+00,-8.170851824402426189e+00,-3.803283547943202336e+00
5.570000000000000000e+07,-7.107369457333470031e+00,-2.106405806938738134e+00,-8.771221374487302214e+00,-2.205278784394423930e+00,-7.104394672398726129e+00,-2.100934401138161434e+00,-8.765029381403614650e+00,-2.197638612821180004e+00
5.600000000000000000e+07,-7.396243207412940279e+00,-7.370304850844141553e-01,-9.051896803081845633e+00,-5.106117197360269255e-01,-7.392244773677802527e+00,-7.321228629626332918e-01,-9.044092691757398939e+00,-5.042319461512647649e-01
5.630000000000000000e+07,-7.422942686154501146e+00,6.659811069237043801e-01,-9.005552104640763389e+00,1.210168451979332094e+00,-7.418026200972448692e+00,6.701331686726632597e-01,-8.996410342717382491e+00,1.214926585003354376e+00
5.660000000000000000e+07,-7.185112137122706244e+00,2.052743022627786740e+00,-8.632773325645656470e+00,2.893845377917859452e+00,-7.179420315444538403e+00,2.055966273384669307e+00,-8.622656017072046097e+00,2.896685644850343522e+00
5.690000000000000000e+07,-6.689830137063148996e+00,3.373684100043735867e+00,-7.946436344800431151e+00,4.478517651198512084e+00,-6.683539643767645089e+00,3.375832993003790250e+00,-7.935775818699170259e+00,4.479233411689094169e+00
5.720000000000000000e+07,-5.953406486457793356e+00,4.581321223559410072e+00,-6.971171541363093915e+00,5.906012623102819603e+00,-5.946720999253763296e+00,4.582284820860586194e+00,-6.960444348914641921e+00,5.904504378627777328e+00
5.750000000000000000e+07,-5.000847887810566661e+00,5.631967202853044085e+00,-5.742347452940330221e+00,7.124123631679405655e+00,-4.993991079831815227e+00,5.631673068245511615e+00,-5.732045227118092612e+00,7.120407280652187865e+00
5.780000000000000000e+07,-3.865009815614844690e+00,6.487311806081558885e+00,-4.304628394517401979e+00,8.088573175406441607e+00,-3.858218866904884692e+00,6.485729570952372569e+00,-4.295228352196012622e+00,8.082780884604758853e+00
5.810000000000000000e+07,-2.585463309657483943e+00,7.115818711912142547e+00,-2.710181062999921231e+00,8.764621500668395626e+00,-2.578980710370352369e+00,7.112963231352708249e+00,-2.702116166395100549e+00,8.756995030982366757e+00
5.840000000000000000e+07,-1.207115778797447581e+00,7.493887444781333507e+00,-1.016619955485511539e+00,9.128261177268196747e+00,-1.201180029849169273e+00,7.489819116679406363e+00,-1.010251606633993049e+00,9.119135833093906740e+00
5.870000000000000000e+07,2.213660905601001205e-01,7.606737514532300182e+00,7.152098859544712139e-01,9.166961867011876208e+00,2.265281656661102261e-01,7.601560444244562120e+00,7.196118617222495573e-01,9.156743146291319135e+00
5.900000000000000000e+07,1.649275898044436861e+00,7.448981712077464401e+00,2.423512078634231237e+00,8.879953819574247120e+00,1.653455983967148768e+00,7.442842482284120820e+00,2.425781491331008510e+00,8.869091562428010889e+00
5.930000000000000000e+07,3.025668761792334127e+00,7.024866475890791939e+00,4.047783381128509106e+00,8.278061808867597904e+00,3.028686040017475989e+00,7.017952435872523154e+00,4.047864090589044395e+00,8.267023062480937767e+00
5.960000000000000000e+07,4.301180188329076337e+00,6.348169053004638407e+00,5.530936336374937312e+00,7.383121561833471347e+00,4.302891277222947508e+00,6.340702325041519316e+00,5.528881708746794743e+00,7.372360802244116940e+00
5.990000000000000000e+07,5.429797597914308049e+00,5.441753413605795231e+00,6.821226773129928311e+00,6.227026873595382206e+00,5.430102767341608683e+00,5.433981172169019658e+00,6.817188147906790618e+00,6.216956770867597015e+00
6.020000000000000000e+07,6.370520896004902234e+00,4.336799103805133448e+00,7.873929337316731392e+00,4.850466674482984963e+00,6.369366031062966726e+00,4.328985013990603647e+00,7.868134732370961615e+00,4.841436743020373967e+00
6.050000000000000000e+07,7.088852139222261428e+00,3.071728998466166871e+00,8.652721591451957295e+00,3.301417023901616954e+00,7.086230957952935228e+00,3.064147147663845772e+00,8.645451870437781849e+00,3.293703038024368368e+00
6.080000000000000000e+07,7.558060167052704337e+00,1.690872820859755432e+00,9.130753751258900763e+00,1.633453674785728005e+00,7.554018378579307580e+00,1.683799938799523943e+00,9.122320901070345656e+00,1.627253951224325590e+00
6.110000000000000000e+07,7.760173860203541274e+00,2.429129333703733962e-01,9.291395353574731786e+00,-9.605263403722499871e-02,7.754811163457411283e+00,2.366166930113777767e-01,9.282121433360181584e+00,-1.006168994551330798e-01
6.140000000000000000e+07,7.686667173373860074e+00,-1.220833077917428122e+00,9.128661046122205747e+00,-1.827802321211368763e+00,7.680134062013017626e+00,-1.226105999884005371e+00,9.118857158970349985e+00,-1.830680194941095351e+00
6.170000000000000000e+07,7.338809942337166881e+00,-2.648232397212780143e+00,8.647324814072023358e+00,-3.502446301002521523e+00,7.331301907693628550e+00,-2.652264991811755124e+00,8.637274812958175119e+00,-3.503642196296155475e+00
6.200000000000000000e+07,6.727670300331048736e+00,-3.988194961066526822e+00,7.862735494632856259e+00,-5.062437581741004777e+00,6.719422603476289169e+00,-3.990806834201720221e+00,7.852688972781919574e+00,-5.061992675078265336e+00
6.230000000000000000e+07,5.873766937431063262e+00,-5.192503168776808842e+00,6.800347144181858816e+00,-6.453819881684028203e+00,5.865048755575209327e+00,-5.193558215333496264e+00,6.790520639754774379e+00,-6.451795570049505102e+00
6.260000000000000000e+07,4.806381957319246112e+00,-6.217547756714727925e+00,5.494976920190599579e+00,-7.627921214698809571e+00,4.797487736547310533e+00,-6.216961261984778275e+00,5.485560053985203410e+00,-7.624386295954039383e+00
6.290000000000000000e+07,3.562557280689045758e+00,-7.025907317972194477e+00,3.989802062125194837e+00,-8.542920797103297659e+00,3.553796462449881233e+00,-7.023650301803328944e+00,3.980967776203137021e+00,-8.537942528800037678e+00
6.320000000000000000e+07,2.185808975103865404e+00,-7.587714247034138992e+00,2.335107724876607893e+00,-9.165255554879903954e+00,2.177495961579964501e+00,-7.583815852209077946e+00,2.327025839698286802e+00,-9.158896956396453959e+00
6.350000000000000000e+07,7.246041444828397182e-01,-7.881757260603013293e+00,5.867999960192723519e-01,-9.470828859712659309e+00,7.170475569754728440e-01,-7.876306372231226760e+00,5.796500565610571698e-01,-9.463154004144683995e+00
6.380000000000000000e+07,-7.693462851700572092e-01,-7.896279835837910710e+00,-1.195295889755852325e+00,-9.445980202624449262e+00,-7.758560200285131714e-01,-7.889424200179611546e+00,-1.201316516240787280e+00,-9.437065159869305830e+00
6.410000000000000000e+07,-2.242918712472389497e+00,-7.629444595336347668e+00,-2.949323234774531954e+00,-9.088171836466800713e+00,-2.248121079340101858e+00,-7.621385862504858721e+00,-2.953996233319905684e+00,-9.078118098323763263e+00
6.440000000000000000e+07,-3.643467055860591053e+00,-7.089445478294722491e+00,-4.613426975746012459e+00,-8.406348450091602587e+00,-3.647140110614010666e+00,-7.080432381387950613e+00,-4.616514512644805279e+00,-8.395298769114205584e+00
6.470000000000000000e+07,-4.920704701220905974e+00,-6.294262051630083121e+00,-6.127878515051966346e+00,-7.420929865380258228e+00,-4.922672456960718534e+00,-6.284584336201703536e+00,-6.129132198956668276e+00,-7.409086253692684920e+00
6.500000000000000000e+07,-6.028510891126201976e+00,-5.271063088520769213e+00,-7.437225288863026584e+00,-6.163405292830217874e+00,-6.028652050327323764e+00,-5.261044455019558086e+00,-7.436405397639120451e+00,-6.151044137195448513e+00
6.530000000000000000e+07,-6.926596638790923244e+00,-4.055279118625820800e+00,-8.492386331902388008e+00,-4.675510976112576600e+00,-6.924852827911756492e+00,-4.045266017819471926e+00,-8.489288218590715474e+00,-4.662988933032011118e+00
6.560000000000000000e+07,-7.581969977645530712e+00,-2.689375582989591340e+00,-9.252606613001917779e+00,-3.007990616462294486e+00,-7.578349514808365939e+00,-2.679723168416359158e+00,-9.247087996172361102e+00,-2.995740233717683054e+00
6.590000000000000000e+07,-7.970147260271442491e+00,-1.221369077350230370e+00,-9.687179139078759604e+00,-1.218958740279642461e+00,-7.964724565037407444e+00,-1.212428485703121339e+00,-9.679185591092789309e+00,-1.207476645746893951e+00
6.620000000000000000e+07,-8.076066060916648581e+00,2.968614530154374265e-01,-9.776845801024830251e+00,6.280903467951468588e-01,-8.068980220459707198e+00,3.047537658992567344e-01,-9.766435000918647802e+00,6.382624593007406588e-01
6.650000000000000000e+07,-7.894665706080362888e+00,1.811409137975263040e+00,-9.514796176803960392e+00,2.466562978699896824e+00,-7.886118989744240082e+00,1.817942865538427100e+00,-9.502158612405473548e+00,2.474867096573305503e+00
6.680000000000000000e+07,-7.431113190128198376e+00,3.268254324471357108e+00,-8.907197942592585349e+00,4.229250450994779698e+00,-7.421366703432809686e+00,3.273158304944594477e+00,-8.892668203861170184e+00,4.235150012042005585e+00
6.710000000000000000e+07,-6.700664813191517410e+00,4.615192357672477819e+00,-7.973212522508275946e+00,5.850915108609780368e+00,-6.690030081319669364e+00,4.618246314045606482e+00,-7.957267568929111690e+00,5.853936447459943793e+00
6.740000000000000000e+07,-5.728166860159179308e+00,5.803705168933482206e+00,-6.744473969163001570e+00,7.270864685678414929e+00,-5.716995442898252122e+00,5.804748498351372632e+00,-6.727719159567001839e+00,7.270637213786216080e+00
6.770000000000000000e+07,-4.547211559526586733e+00,6.790709542694942868e+00,-5.264036244757266836e+00,8.435396432514272291e+00,-4.535884071211647495e+00,6.789648310634916584e+00,-5.247180317639397629e+00,8.431689270785028611e+00
6.800000000000000000e+07,-3.198976956570034780e+00,7.540119047642767747e+00,-3.584822233324115981e+00,9.299994680235741384e+00,-3.187890468374270370e+00,7.536931669135654488e+00,-3.568641069813097033e+00,9.292746868873294375e+00
6.830000000000000000e+07,-1.730790760886740998e+00,8.024163002519903998e+00,-1.767635013237445651e+00,9.831174778429522476e+00,-1.720344505471430807e+00,8.018902994278263918e+00,-1.752926012501134778e+00,9.820514421920378823e+00
6.860000000000000000e+07,-1.944682707347176742e-01,8.224414285253043744e+00,1.211837491152520097e-01,1.000788235452772135e+01,-1.850496568338186876e-01,8.217209606384599851e+00,1.336518075353296808e-01,9.994131921375384309e+00
6.890000000000000000e+07,1.355517229480378116e+00,8.132487992410926125e+00,2.012343674966524887e+00,9.822378636711549760e+00,1.363545590421047393e+00,8.123538717566376022e+00,2.021881099593429099e+00,9.806046884320352319e+00
6.920000000000000000e+07,2.863966961041820358e+00,7.750384557066023028e+00,3.836325442046922607e+00,9.280568770748157448e+00,2.870280827262426726e+00,7.739959212450798987e+00,3.842370286846701788e+00,9.262329436144298711e+00
6.950000000000000000e+07,4.276923438166408964e+00,7.090463527788154252e+00,5.526105261679505887e+00,8.401758926510815684e+00,4.281251180235763343e+00,7.078891787047211892e+00,5.528266431797298708e+00,8.382414839102793280e+00
6.980000000000000000e+07,5.543601436402123994e+00,6.175047353362399960e+00,7.019759502777644045e+00,7.217857604292767348e+00,5.545735913512693571e+00,6.162708337983133333e+00,7.017847763614327050e+00,7.198291736834192989e+00
7.010000000000000000e+07,6.618214008330085996e+00,5.035667739039363155e+00,8.262832889687514282e+00,5.772064920080916650e+00,6.618020202478543723e+00,5.022976778467921122e+00,8.256875312553919599e+00,5.753184727467626658e+00
7.040000000000000000e+07,7.461627869330041740e+00,3.711979968043640277e+00,9.210368437429758970e+00,4.117118863755692360e+00,7.459048282193858626e+00,3.699376089882889573e+00,9.200607069729020537e+00,4.099800364632201877e+00
7.070000000000000000e+07,8.042788295716702507e+00,2.250382556137166201e+00,9.828517645313546325e+00,2.313187913509880733e+00,8.037848084341504773e+00,2.238315100191812235e+00,9.815394533821240941e+00,2.298222195789094258e+00
7.100000000000000000e+07,8.339861661734699894e+00,7.023902953665013271e-01,1.009567388880041783e+01,4.255136620352645838e-01,8.332671684635897691e+00,6.913026134382818100e-01,1.007980199210457783e+01,4.135578896032399143e-01
7.130000000000000000e+07,8.341053614135526928e+00,-8.771822419643061641e-01,1.000309856016485988e+01,-1.478085528070520960e+00,8.331808622678543941e+00,-8.868703443278889154e-01,9.985218422975961516e+00,-1.486547215758704965e+00
7.160000000000000000e+07,8.045072298054559923e+00,-2.432162655931301209e+00,9.555036288479179518e+00,-3.329738583583337075e+00,8.034044887870731344e+00,-2.440070615273668864e+00,9.535963055447730596e+00,-3.334418324316430926e+00
7.190000000000000000e+07,7.461218603757312273e+00,-3.907019294829047862e+00,8.768340527226202497e+00,-5.063968723507447756e+00,7.448751351900021689e+00,-3.912819302862260429e+00,8.748908614908181391e+00,-5.064780719691199806e+00
7.220000000000000000e+07,6.609098656157394558e+00,-5.248845311606488373e+00,7.671652166445817933e+00,-6.619970858544799164e+00,6.595594627600554816e+00,-5.252275126800995508e+00,7.652662857655801787e+00,-6.617021679473722884e+00
7.250000000000000000e+07,5.517967246722179198e+00,-6.409257282757316432e+00,6.304190246180576551e+00,-7.943643327179447766e+00,5.503877470521519655e+00,-6.410131922017654915e+00,6.286365440437847951e+00,-7.937208450610228283e+00
7.280000000000000000e+07,4.225724129409085705e+00,-7.346140231925357256e+00,4.714224515276748129e+00,-8.989316844791657601e+00,4.211532398528333943e+00,-7.344360672056012618e+00,4.698170753606792260e+00,-8.979805122132788142e+00
7.310000000000000000e+07,2.777597594738973275e+00,-8.025176108443117684e+00,2.957304336660343758e+00,-9.721142982545080358e+00,2.763804285831877650e+00,-8.020734749931165197e+00,2.943491255169938370e+00,-9.709053498156237083e+00
7.340000000000000000e+07,1.224561049349212949e+00,-8.421100250188922942e+00,1.094317789328889567e+00,-1.011412259155894589e+01,1.211666172985967904e+00,-8.414084028732901288e+00,1.083071926594481482e+00,-1.010000019525057269e+01
7.370000000000000000e+07,-3.784619469216830012e-01,-8.518639852258475642e+00,-8.105501521309121937e-01,-1.015476982958958985e+01,-3.899771319747422638e-01,-8.509230274996198773e+00,-8.190380496138054411e-01,-1.013916398307429745e+01
7.400000000000000000e+07,-1.974540952275237959e+00,-8.313099636671616111e+00,-2.691899247667601802e+00,-9.841418839791746365e+00,-1.984232462803710462e+00,-8.301568215400720874e+00,-2.697555059496252738e+00,-9.824848942967989274e+00
7.430000000000000000e+07,-3.506761434928953314e+00,-7.810572380893038513e+00,-4.485183157789707664e+00,-9.184187329439096104e+00,-3.514238841000633329e+00,-7.797272191500567828e+00,-4.488020392429248773e+00,-9.167118770246673876e+00
7.460000000000000000e+07,-4.920255180867651568e+00,-7.027765273889521325e+00,-6.128722106471785835e+00,-8.204614635101606268e+00,-4.925195571271711259e+00,-7.013120859598728885e+00,-6.128808508029162994e+00,-8.187449590180420955e+00
7.490000000000000000e+07,-6.164165852238210341e+00,-5.991446755253138079e+00,-7.565621264961643000e+00,-6.934992281272826631e+00,-6.166327183691223013e+00,-5.975942369110285313e+00,-7.563048590341814759e+00,-6.918074942011159578e+00
7.520000000000000000e+07,-7.193479258431150214e+00,-4.737532067759559595e+00,-8.745560523936376285e+00,-5.417403922672515471e+00,-7.192712626777780116e+00,-4.721696212009135252e+00,-8.740422337407270703e+00,-5.401035682038127561e+00
7.550000000000000000e+07,-7.970652454121926134e+00,-3.309838730876530910e+00,-9.626421746571407922e+00,-3.702490487122017448e+00,-7.966910378956630012e+00,-3.294225025633139126e+00,-9.618800375647349910e+00,-3.686951089829747730e+00
7.580000000000000000e+07,-8.466982703024383383e+00,-1.758555055929961641e+00,-1.017571747783505565e+01,-1.847956813742647642e+00,-8.460322195069352347e+00,-1.743722349059197541e+00,-1.016568138711560465e+01,-1.833529300023343467e+00
7.610000000000000000e+07,-8.663666404567733181e+00,-1.384752428673225177e-01,-1.037178149172639685e+01,8.316071597079990885e-02,-8.654248663400494479e+00,-1.249688112999507439e-01,-1.035939562277457071e+01,9.616512192171455808e-02
7.640000000000000000e+07,-8.552508957677108725e+00,1.492936854440286343e+00,-1.020467796428193985e+01,2.024439495214610307e+00,-8.540597004309592677e+00,1.504604071669049858e+00,-1.019002699035162252e+01,2.035663349247798237e+00
7.670000000000000000e+07,-8.136258849574012686e+00,3.077586845396059978e+00,-9.676784106894523063e+00,3.908193002252495329e+00,-8.122211718582224904e+00,3.086953790927353225e+00,-9.660003822597065692e+00,3.917227182765728344e+00
7.700000000000000000e+07,-7.428552573453893082e+00,4.558819412239695446e+00,-8.803002318778927915e+00,5.667721613890621235e+00,-7.412814737802396081e+00,4.565495476257694918e+00,-8.784312907747423793e+00,5.674114004390730770e+00
7.730000000000000000e+07,-6.453470824967448394e+00,5.883444651673948478e+00,-7.610563503072239833e+00,7.239629531168618293e+00,-6.436557921954875638e+00,5.887125264479408315e+00,-7.590300071596331577e+00,7.242907216112655533e+00
7.760000000000000000e+07,-5.244720310805577768e+00,7.003648647955412088e+00,-6.138393776894107923e+00,8.566131837956724837e+00,-5.227202695523985199e+00,7.004127917271063097e+00,-6.117029915932345574e+00,8.565836235382136010e+00
7.790000000000000000e+07,-3.844468927332258090e+00,7.878719631431909676e+00,-4.436032376790811860e+00,9.597264287323973520e+00,-3.826952963203957836e+00,7.875900396315543617e+00,-4.414191388199061095e+00,9.592997101907926094e+00
7.820000000000000000e+07,-2.301874551611042818e+00,8.476527398112816414e+00,-2.562108433382213502e+00,1.029290092296438885e+01,-2.284981524588758361e+00,8.470427584347390848e+00,-2.540557948799484933e+00,1.028437563145612899e+01
7.850000000000000000e+07,-6.713587816156025845e-01,8.774702237928554638e+00,-5.824071831439143754e-01,1.062448256528027812e+01,-6.557029710768844666e-01,8.765456543928522137e+00,-5.620362131883922530e-01,1.061157510367661416e+01
7.880000000000000000e+07,9.893137348172624801e-01,8.761470144058170817e+00,1.432419629085338375e+00,1.057636350963098160e+01,1.003146394943009057e+00,8.749327898986791752e+00,1.450640356235702200e+00,1.055915711704140847e+01
7.910000000000000000e+07,2.621082570811761769e+00,8.436113184341140325e+00,3.409420915003602115e+00,1.014669488142427944e+01,2.632555637888422950e+00,8.421433160292750131e+00,3.424494347621930501e+00,1.012551407535052306e+01
7.940000000000000000e+07,4.165692802773677705e+00,7.809037181614289835e+00,5.276091978944453587e+00,9.347780707882611395e+00,4.174340539215783963e+00,7.792278203361732380e+00,5.287062864381210758e+00,9.323208097651871640e+00
7.970000000000000000e+07,5.567775513882378569e+00,6.901442803140829696e+00,6.963183687919918263e+00,8.205866020600328881e+00,5.573222145885997847e+00,6.883149087791693432e+00,6.969212506293422038e+00,8.178737089194981991e+00
8.000000000000000000e+07,6.776833189418764114e+00,5.744610304131991363e+00,8.407449955032831213e+00,6.760343787037623287e+00,6.778807906572486885e+00,5.725393069121153644e+00,8.407884440649997515e+00,6.731719248699320701e+00
8.030000000000000000e+07,7.749058792028324483e+00,4.378822002026459437e+00,9.554205663047602215e+00,5.062397374518361026e+00,7.747406762371513267e+00,4.359339716760260330e+00,9.548643994791436995e+00,5.033515571292141999e+00
8.060000000000000000e+07,8.448922977347914198e+00,2.851959581351407813e+00,1.035957214673857685e+01,3.173125529106274101e+00,8.443613835240951104e+00,2.832896905714065383e+00,1.034791337241601283e+01,3.145336886230452933e+00
8.090000000000000000e+07,8.850471944408651481e+00,1.217825075383035305e+00,1.079230000645901733e+01,1.161225387275354626e+00,8.841605103914302433e+00,1.199869215970949199e+00,1.077477590037278432e+01,1.135911409450628184e+00
8.120000000000000000e+07,8.938288532519296226e+00,-4.657555838868971954e-01,1.083507867371350919e+01,-8.996661859736555522e-01,8.926093127023218443e+00,-4.819403428805344447e-01,1.081226097676114861e+01,-9.211832343187893457e-01
8.150000000000000000e+07,8.708081023118515063e+00,-2.138979576879643574e+00,1.048526759440556511e+01,-2.933853384123092489e+00,8.692910045344177661e+00,-2.152776552100633012e+00,1.045804829630517041e+01,-2.950400941901975216e+00
8.180000000000000000e+07,8.166877264458475949e+00,-3.742192277733654482e+00,9.755013499818156575e+00,-4.866552461757433612e+00,8.149197512947731425e+00,-3.753054890718900083e+00,9.724560136910941566e+00,-4.877189967853311714e+00
8.210000000000000000e+07,7.332815743626508009e+00,-5.218014862663397757e+00,8.670750044399982315e+00,-6.626816456058741700e+00,7.313194373546419769e+00,-5.225487393592231911e+00,8.638439384931482223e+00,-6.630903402457420270e+00
8.240000000000000000e+07,6.234539587058744559e+00,-6.513398536493128610e+00,7.272107974260599406e+00,-8.150280634891831966e+00,6.213626608167173160e+00,-6.517134872525360834e+00,7.239441952743391084e+00,-8.147524640248860806e+00
8.270000000000000000e+07,4.910213665780787551e+00,-7.581531811933515996e+00,5.610293806779169223e+00,-9.381606999582585260e+00,4.888720493231701880e+00,-7.581310561617399912e+00,5.578803973736571109e+00,-9.372086349869420019e+00
8.300000000000000000e+07,3.406198507511076556e+00,-8.383532254851848720e+00,3.746020755112546841e+00,-1.027652444878497562e+01,3.384874066178426233e+00,-8.379267320446757594e+00,3.717170056212356855e+00,-1.026068237980466336e+01
8.330000000000000000e+07,1.775427088956653465e+00,-8.889861554320349413e+00,1.747095636642874039e+00,-1.080338506166941315e+01,1.755032414910152383e+00,-8.881608525328445580e+00,1.722186169541558343e+00,-1.078199680702572039e+01
8.360000000000000000e+07,7.554135213366804102e-02,-9.081412431483746772e+00,-3.142214693440819051e-01,-1.094418457450581172e+01,5.682261077367556368e-02,-9.069370521723911338e+00,-3.341275579873954626e-01,-1.091830007027238025e+01
8.390000000000000000e+07,-1.633145932026663250e+00,-8.950227429279323133e+00,-2.363962664224570798e+00,-1.069502441333665566e+01,-1.649485110199711002e+00,-8.934735672399938267e+00,-2.378102240459455174e+00,-1.066589082770821051e+01
8.420000000000000000e+07,-3.289791861785297478e+00,-8.499822620684044594e+00,-4.329182900036831150e+00,-1.006602141247404347e+01,-3.303116481039172214e+00,-8.481350228249169731e+00,-4.337124597352429944e+00,-1.003499272327124459e+01
8.450000000000000000e+07,-4.835190656528350672e+00,-7.745103277511656614e+00,-6.140565311826662764e+00,-9.080697497423678044e+00,-4.844957664201377412e+00,-7.724235788177381323e+00,-6.142213367585608097e+00,-9.049141204097409741e+00
8.480000000000000000e+07,-6.213890237466642930e+00,-6.711873058248206014e+00,-7.734805747919484276e+00,-7.774903347742765369e+00,-6.219669643820092020e+00,-6.689295142104938918e+00,-7.730377092238652992e+00,-7.744113753656407084e+00
8.510000000000000000e+07,-7.376182447537906306e+00,-5.435952785376050755e+00,-9.056700205616527555e+00,-6.195346075543895381e+00,-7.377676178122286821e+00,-5.412426750370059381e+00,-9.046679084021707951e+00,-6.166470833768229909e+00
8.540000000000000000e+07,-8.279895463888497176e+00,-3.961938871841192089e+00,-1.006088009890362400e+01,-4.397800585593279799e+00,-8.276951816304148224e+00,-3.938278554331276382e+00,-1.004595479819639792e+01,-4.371786087839197421e+00
8.570000000000000000e+07,-8.891923764636018745e+00,-2.341644421377643059e+00,-1.071316145397110020e+01,-2.445087556229768921e+00,-8.884545660597726879e+00,-2.318686509929420936e+00,-1.069414977393223865e+01,-2.422648677485312874e+00
8.600000000000000000e+07,-9.189440151093178244e+00,-6.322775017949145981e-01,-1.099149332803760792e+01,-4.048986255436768378e-01,-9.177787719851128401e+00,-6.108525927520673804e-01,-1.096926670896910849e+01,-3.865155337109342781e-01
8.630000000000000000e+07,-9.160745478998004288e+00,1.105579340848808156e+00,-1.088650647332142185e+01,1.652457293772474634e+00,-9.145134136667856239e+00,1.124675653552174026e+00,-1.086192304863865310e+01,1.666517906055375420e+00
8.660000000000000000e+07,-8.805724526255202633e+00,2.810116944262135430e+00,-1.040167462285867650e+01,3.656321888504858730e+00,-8.786618037664073455e+00,2.826153245550329984e+00,-1.037552823034397065e+01,3.665967451819355460e+00
8.690000000000000000e+07,-8.135890369716857862e+00,4.420498592964184681e+00,-9.553107574705045124e+00,5.537914768278663580e+00,-8.113887784211730292e+00,4.432835777473655980e+00,-9.526096629105005320e+00,5.543176297344274417e+00
8.720000000000000000e+07,-7.174014265712156835e+00,5.879032017484052020e+00,-8.368998032312143565e+00,7.232474393650281996e+00,-7.149831219062122045e+00,5.887148263525745051e+00,-8.341716666738545172e+00,7.233452132802469237e+00
8.750000000000000000e+07,-5.953352808608044278e+00,7.133236761492429245e+00,-6.888744073225789855e+00,8.681273257584596337e+00,-5.927798645728373117e+00,7.136748488851239358e+00,-6.861695559545062828e+00,8.678087299545666156e+00
8.780000000000000000e+07,-4.516498551492501790e+00,8.137732816273198111e+00,-5.161767730045225377e+00,9.833471308619314399e+00,-4.490449842548411397e+00,8.136411576715445904e+00,-5.135396003706286905e+00,9.826225765893866537e+00
8.810000000000000000e+07,-2.913893797394835783e+00,8.855882546147142875e+00,-3.246049183622262468e+00,1.064777175375598794e+01,-2.888264417830123776e+00,8.849666912853109579e+00,-3.220781130587632823e+00,1.063653799812018974e+01
8.840000000000000000e+07,-1.202059422447607773e+00,9.261126499580326410e+00,-1.206397043721121554e+00,1.109384101517089505e+01,-1.177768528894173938e+00,9.250127720360850958e+00,-1.182687581278270894e+00,1.107866216614907273e+01
8.870000000000000000e+07,5.583990644419541960e-01,9.337964420990941150e+00,8.875207398295952288e-01,1.115345100717815896e+01,5.804593032553342358e-01,9.322465939590870221e+00,9.091488430151313249e-01,1.113436775212109353e+01
8.900000000000000000e+07,2.304937862841820007e+00,9.082545272216167476e+00,2.963353120818594810e+00,1.082129869719571502e+01,2.323934132385642393e+00,9.062996878964696634e+00,2.982283358389129724e+00,1.079839373189886942e+01
8.930000000000000000e+07,3.975297586118456739e+00,8.502843900128009835e+00,4.948406075054005981e+00,1.010545686940954191e+01,3.990486787615428188e+00,8.479850109870170627e+00,4.963923684949671511e+00,1.007891102041799058e+01
8.960000000000000000e+07,5.509723314271907313e+00,7.618416658818026654e+00,6.772089769590969865e+00,9.027412690336319656e+00,5.520481877028263540e+00,7.592718385030323702e+00,6.783401790719469915e+00,8.997563039207207680e+00
8.990000000000000000e+07,6.853102807915878891e+00,6.459743290165222973e+00,8.368401433166132719e+00,7.621658208473776952e+00,6.858951510111604755e+00,6.432193582060946824e+00,8.374680315988971557e+00,7.589049202232317271e+00
9.020000000000000000e+07,7.956946352513981857e+00,5.067177151238967170e+00,9.678358938676854706e+00,5.934809805812653494e+00,7.957569707472574194e+00,5.038713160031747407e+00,9.678806816580442174e+00,5.900229883105382100e+00
9.050000000000000000e+07,8.781137097298476135e+00,3.489539922418840590e+00,1.065228933715393644e+01,4.024251639263829006e+00,8.776397939107550172e+00,3.461152190328675715e+00,1.064621853265527207e+01,3.988748002803873760e+00
9.080000000000000000e+07,9.295388704879570696e+00,1.782409732549324222e+00,1.125187050901658026e+01,1.956320339577780620e+00,9.285337737785596346e+00,1.755108479300005797e+00,1.123879235447337166e+01,1.921185214471378799e+00
9.110000000000000000e+07,9.480357359983875298e+00,6.162735825048245783e-03,1.145182416269289405e+01,-1.959268557446340320e-01,9.465235977998485595e+00,-1.905830749365122756e-02,1.143153496936038138e+01,-2.292012897869568633e-01
9.140000000000000000e+07,9.328367341261472490e+00,-1.776162832288743720e+00,1.124116548494314927e+01,-2.355292730413369728e+00,9.308602775604555291e+00,-1.798362733907907796e+00,1.121381864307600296e+01,-2.385088350023835346e+00
9.170000000000000000e+07,8.843723011093594266e+00,-3.501104533813993225e+00,1.062392903181463666e+01,-4.443277496870874366e+00,8.819916671464131497e+00,-3.519429568468694924e+00,1.059008465997832005e+01,-4.467947714032874273e+00
9.200000000000000000e+07,8.042594742441989908e+00,-5.107036072053775300e+00,9.619311449509760692e+00,-6.383060432786352933e+00,8.015504755171615869e+00,-5.120751655040876926e+00,9.579956768988822091e+00,-6.401044262638976079e+00
9.230000000000000000e+07,6.952481458916747847e+00,-6.536369570349822133e+00,8.261198192113972993e+00,-8.102498154444932155e+00,6.922999336688580030e+00,-6.544889170102692333e+00,8.217733121178564915e+00,-8.112441768754152349e+00
9.260000000000000000e+07,5.611267575030173482e+00,-7.737621065177109791e+00,6.597071887637587118e+00,-9.537003927810344450e+00,5.580389171493102651e+00,-7.740530504047796967e+00,6.551257578846470864e+00,-9.537878115044136962e+00
9.290000000000000000e+07,4.065906648596723016e+00,-8.667265116960821913e+00,4.686332347709822876e+00,-1.063217240562087795e+01,4.034698802046525756e+00,-8.664340843934581926e+00,4.640205022152468217e+00,-1.062337414151120640e+01
9.320000000000000000e+07,2.370777476176820553e+00,-9.291311724571112762e+00,2.598090174593304269e+00,-1.134602249835838883e+01,2.340341809135518147e+00,-9.282532815633317114e+00,2.553846012377130492e+00,-1.132745074700035559e+01
9.350000000000000000e+07,5.857701929024964338e-01,-9.586548419208261507e+00,4.085252362095861955e-01,-1.165074743078346664e+01,5.572046779821437923e-01,-9.572102082246260579e+00,3.683841626672847980e-01,-1.162284507827266111e+01
9.380000000000000000e+07,-1.225830247299217080e+00,-9.541402172205831533e+00,-1.802074131746012053e+00,-1.153388448143131484e+01,-1.251471008334812396e+00,-9.521681685322079147e+00,-1.836015301968092928e+00,-1.149764005807912781e+01
9.410000000000000000e+07,-2.999588392825780048e+00,-9.156389166106951194e+00,-3.952457236419657516e+00,-1.099884598718050910e+01,-3.021331970273218204e+00,-9.131983700878365084e+00,-3.978369178162656894e+00,-1.095575262521755633e+01
9.440000000000000000e+07,-4.672210801892191512e+00,-8.444135075740190288e+00,-5.963598174432251042e+00,-1.006478602735447225e+01,-4.689202793427076799e+00,-8.415812447132964280e+00,-5.980047750124613870e+00,-1.001676031919200227e+01
9.470000000000000000e+07,-6.183805149799966649e+00,-7.428963768767609110e+00,-7.761777943269537516e+00,-8.765811602606328634e+00,-6.195341597365016995e+00,-7.397647350604430017e+00,-7.767830487796977934e+00,-8.715078766942852440e+00
9.500000000000000000e+07,-7.480025282089499683e+00,-6.146067720751978491e+00,-9.281422291635690769e+00,-7.149580787419681727e+00,-7.485581351221513913e+00,-6.112807475128022361e+00,-9.276708935383258137e+00,-7.098534351114295760e+00
9.530000000000000000e+07,-8.514025372576579542e+00,-4.640288399565629440e+00,-1.046757105080913597e+01,-5.275361002399868937e+00,-8.513278558031139198e+00,-4.606225849308643205e+00,-1.045231396473463903e+01,-5.226407503878164107e+00
9.560000000000000000e+07,-9.248152911313679780e+00,-2.964548872795738976e+00,-1.127787665556640739e+01,-3.211646186213463317e+00,-9.240998676588180416e+00,-2.930877596678925556e+00,-1.125286837175650945e+01,-3.167048654303940225e+00
9.590000000000000000e+07,-9.655319341018657298e+00,-1.177993427176976304e+00,-1.168405687613896227e+01,-1.033450596873868754e+00,-9.641878722475746955e+00,-1.145917575119966614e+00,-1.165059557232208398e+01,-9.951857127470731257e-01
9.620000000000000000e+07,-9.719998464873807364e+00,6.561003908310832911e-01,-1.167275738494099002e+01,1.180591881558922696e+00,-9.700618338233313764e+00,6.854082014003779477e-01,-1.163254525601182010e+01,1.210950393403734893e+00
9.650000000000000000e+07,-9.438815867330815124e+00,2.472563584299018125e+00,-1.124581137793855312e+01,3.351191190137269960e+00,-9.414061782971103298e+00,2.498004534320216408e+00,-1.120082588214745378e+01,3.372553854574874777e+00
9.680000000000000000e+07,-8.820707060198762051e+00,4.206651920129912625e+00,-1.041991372527618154e+01,5.401300780996606044e+00,-8.791347833004905965e+00,4.227242076564508011e+00,-1.037226325231395485e+01,5.413101937990262513e+00
9.710000000000000000e+07,-7.886637376709731306e+00,5.796354203978511421e+00,-9.225753880475227930e+00,7.258839404969318565e+00,-7.853621608113730446e+00,5.811262149095242080e+00,-9.177531653893819197e+00,7.261031964334591748e+00
9.740000000000000000e+07,-6.668892242774591139e+00,7.184610299961485147e+00,-7.706673263193256851e+00,8.859138926381389112e+00,-6.633318115233201695e+00,7.193189707070118288e+00,-7.659824264927550530e+00,8.852146541169403804e+00
9.770000000000000000e+07,-5.209961801356607580e+00,8.321359544122504559e+00,-5.916927852927230447e+00,1.014704385023595812e+01,-5.173041216133391629e+00,8.323176018888560179e+00,-5.873141468695550316e+00,1.013167810144179271e+01
9.800000000000000000e+07,-3.561058404476671768e+00,9.165346004816919745e+00,-3.919644801308323157e+00,1.107861149019073288e+01,-3.524076046918452221e+00,9.160197161212252581e+00,-3.880282069101774312e+00,1.105596495337236718e+01
9.830000000000000000e+07,-1.780318696668824918e+00,9.685615488357470326e+00,-1.784563258300341015e+00,1.162238421841779434e+01,-1.744587419566329345e+00,9.673542809146638888e+00,-1.750623965417812400e+00,1.159371216929399395e+01
9.860000000000000000e+07,6.924658157702509587e-02,9.862649981162945778e+00,4.143547000068378838e-01,1.176022507536212380e+01,1.024318617321320346e-01,9.843941921357199476e+00,4.422240788513533971e-01,1.172683017858088306e+01
9.890000000000000000e+07,1.921982754040791441e+00,9.689097982335830750e+00,2.601365589745531892e+00,1.148772374336621915e+01,1.951391097283877940e+00,9.664284803795155199e+00,2.622827868810290397e+00,1.145085797222037627e+01
9.920000000000000000e+07,3.711922379912708791e+00,9.170073463721402973e+00,4.701371670221972110e+00,1.081419075731283286e+01,3.736432016204076945e+00,9.139913821288502049e+00,4.716328835588978308e+00,1.077498541215069849e+01
9.950000000000000000e+07,5.375134642506160354e+00,8.323011493098823266e+00,6.642277755378949600e+00,9.762263866776722310e+00,5.393775794051883565e+00,8.288470117566063777e+00,6.650787177227499569e+00,9.721693534494278310e+00
9.980000000000000000e+07,6.852009262847467141e+00,7.177084327526617180e+00,8.357230980038428569e+00,8.367152453147392421e+00,6.864002023734283142e+00,7.139301177421799594e+00,8.359420789427762344e+00,8.326034584978728503e+00
1.001000000000000000e+08,8.089393328211992085e+00,5.772197466812432509e+00,9.786703220981310736e+00,6.675545220449437878e+00,8.094178728130511757e+00,5.732450269016936772e+00,9.782699986254147717e+00,6.634573144291749713e+00
1.004000000000000000e+08,9.042504425174978877e+00,4.157600191886629659e+00,1.088037882025392200e+01,4.744204762060298286e+00,9.039768353875565765e+00,4.117262134794060557e+00,1.087025994497991377e+01,4.704006766763896508e+00
1.007000000000000000e+08,9.676551213314146693e+00,2.390158961292200512e+00,1.159880992307530967e+01,2.638271862455630945e+00,9.666240895438164671e+00,2.350652149164631055e+00,1.158258923440592980e+01,2.599483872314948485e+00
1.010000000000000000e+08,9.968002801174732141e+00,5.323542035362025526e-01,1.191479903664531292e+01,4.293040807974432549e-01,9.950334410949196240e+00,4.950996837257832794e-01,1.189244776054950847e+01,3.926413757381084224e-01
1.013000000000000000e+08,9.905460633065784393e+00,-1.349928915202962987e+00,1.181446482676710019e+01,-1.806921679908503720e+00,9.880916807553035142e+00,-1.383562314555177863e+00,1.178596472114557514e+01,-1.840607059347519225e+00
1.016000000000000000e+08,9.490100629558384071e+00,-3.189737614018908651e+00,1.129794450883099088e+01,-3.992803954479080542e+00,9.459418147312781855e+00,-3.218483063935209998e+00,1.126336618634675091e+01,-4.022491446614367305e+00
1.019000000000000000e+08,8.735668550563286061e+00,-4.921433586404122984e+00,1.037968629264099008e+01,-6.051457863951407390e+00,8.699817126616018470e+00,-4.944173119735708610e+00,1.033928212121746526e+01,-6.075961296642120146e+00
1.022000000000000000e+08,7.668027427991419565e+00,-6.483035283626422007e+00,9.088289759898337650e+00,-7.909337132278939642e+00,7.628179988955807289e+00,-6.498842625572308407e+00,9.042587190367150640e+00,-7.927347137226732343e+00
1.025000000000000000e+08,6.324271880807632584e+00,-7.818436790472138576e+00,7.465861804978187521e+00,-9.498856493335665618e+00,6.281766684793559818e+00,-7.826614348180328307e+00,7.415741797558460746e+00,-9.509021189298366039e+00
1.028000000000000000e+08,4.751439609571645128e+00,-8.879423846106011098e+00,5.566871161901939757e+00,-1.076092061275364387e+01,4.707735629937900512e+00,-8.879531944551146694e+00,5.513618209683897931e+00,-1.076195779221265525e+01
1.031000000000000000e+08,3.004864816646713788e+00,-9.627414562518826102e+00,3.456505107335726468e+00,-1.164725591650879188e+01,2.961492292080365019e+00,-9.619292017314833743e+00,3.401818400613159099e+00,-1.163808620057463372e+01
1.034000000000000000e+08,1.146231193791243719e+00,-1.003486199644055255e+01,1.208556473967930645e+00,-1.212243748894196216e+01,1.104738674647833818e+00,-1.001863756960058538e+01,1.154515142239155523e+00,-1.210232477082584523e+01
1.037000000000000000e+08,-7.586070035831834479e-01,-1.008626760270218270e+01,-1.097104160978838339e+00,-1.216550583326359281e+01,-7.967078069747444147e-01,-1.006236135600408943e+01,-1.148123908077046451e+00,-1.213418872109039626e+01
1.040000000000000000e+08,-2.641958810381922707e+00,-9.778768320969023264e+00,-3.377389512625102785e+00,-1.177107848304213533e+01,-2.675248023524630980e+00,-9.747882017242375241e+00,-3.422841163754796412e+00,-1.172887626297058716e+01
1.043000000000000000e+08,-4.436702603701669467e+00,-9.122275139395188859e+00,-5.549083842394926691e+00,-1.094987918426536311e+01,-4.463904350320710535e+00,-9.085372216487613173e+00,-5.586411691947120062e+00,-1.089775865566342361e+01
1.046000000000000000e+08,-6.078678810384656295e+00,-8.139156903771196383e+00,-7.532032571344627669e+00,-9.728631871487959160e+00,-6.098708953125594689e+00,-8.097433355488348639e+00,-7.558854370113756715e+00,-9.668225216321545190e+00
1.049000000000000000e+08,-7.508983958101564937e+00,-6.863479333582406028e+00,-9.252294019995824570e+00,-8.149296520165833613e+00,-7.520992517865572324e+00,-6.818326130337595714e+00,-9.266589968947009481e+00,-8.082863836000385049e+00
1.052000000000000000e+08,-8.676084030338653719e+00,-5.339825090360678317e+00,-1.064510855897925090e+01,-6.267657235056039333e+00,-8.679490576378057654e+00,-5.292782380338707071e+00,-1.064539897335401264e+01,-6.197991928147530416e+00
1.055000000000000000e+08,-9.537671292599670281e+00,-3.621735751437244133e+00,-1.165754366334877190e+01,-4.151307356669917681e+00,-9.532190959211789050e+00,-3.574440276246804160e+00,-1.164303699925493163e+01,-4.081589095839078141e+00
1.058000000000000000e+08,-1.006219768542487536e+01,-1.769830136023128109e+00,-1.225068538167518284e+01,-1.877109517790553905e+00,-1.004785652339942459e+01,-1.723958497830665237e+00,-1.222138112606441496e+01,-1.810715727903385641e+00
1.061000000000000000e+08,-1.023002921880770799e+01,1.503348783349453266e-01,-1.240126699388520315e+01,4.717618986634375955e-01,-1.020716894032186417e+01,1.931248608865558936e-01,-1.235800258152378461e+01,5.314711916110042011e-01
1.064000000000000000e+08,-1.003417915467343846e+01,2.070585544715910054e+00,-1.210265294118547352e+01,2.809064675295106284e+00,-1.000345124893971871e+01,2.108714035261840536e+00,-1.204708824070267781e+01,2.858971737072948827e+00
1.067000000000000000e+08,-9.480592658815567120e+00,3.922552236355251409e+00,-1.136512873220854836e+01,5.048871505019479677e+00,-9.442941289067341870e+00,3.954575405306172797e+00,-1.129966627225650200e+01,5.086316736699856733e+00
1.070000000000000000e+08,-8.587971514233085912e+00,5.640104243173313492e+00,-1.021548332183032137e+01,7.108936330910654355e+00,-8.544605233854987603e+00,5.664768516497986184e+00,-1.014312858997590894e+01,7.131905555859148649e+00
1.073000000000000000e+08,-7.387143849675468665e+00,7.161711648188565427e+00,-8.695907037806748008e+00,8.913890538193935953e+00,-7.339497378632053426e+00,7.178001853169220681e+00,-8.620079743389929661e+00,8.921156444496432414e+00
1.076000000000000000e+08,-5.920000068184338993e+00,8.432649913014770959e+00,-6.862263042447390049e+00,1.039812580901713801e+01,-5.869687566685705349e+00,8.439829895769591417e+00,-6.786574978968744176e+00,1.038933081449299323e+01
1.079000000000000000e+08,-4.238031681401397854e+00,9.406968172380036464e+00,-4.781821226636473909e+00,1.150823927947072178e+01,-4.186792604313978927e+00,9.404612506500967584e+00,-4.709839209705670271e+00,1.148391214002300842e+01
1.082000000000000000e+08,-2.400524010973838607e+00,1.004915043962908960e+01,-2.530568306609257245e+00,1.220494233713531962e+01,-2.350163161687184754e+00,1.003716545510873459e+01,-2.465582673710734696e+00,1.216644630726179344e+01
1.085000000000000000e+08,-4.724661967184319300e-01,1.033540967384850973e+01,-1.902251629435992020e-01,1.246436504292242731e+01,-4.247905358637140694e-01,1.031404266648701196e+01,-1.350447803085259579e-01,1.241378223284186788e+01
1.088000000000000000e+08,1.477747797528736973e+00,1.025456757835233113e+01,2.154888834190075819e+00,1.227872145957919869e+01,1.520993160843822523e+00,1.022440423856153302e+01,2.198096772305966340e+00,1.221868509834990846e+01
1.091000000000000000e+08,3.380745836910841184e+00,9.808487635112729919e+00,4.421004888240437580e+00,1.165633464576446165e+01,3.417940826541254751e+00,9.770437864887654200e+00,4.450817204369734270e+00,1.158982594164048407e+01
1.094000000000000000e+08,5.168645810087515002e+00,9.012044713205748181e+00,6.527936064999581234e+00,1.062105128996770986e+01,5.198355866955189697e+00,8.967316480595584949e+00,6.543710714508229387e+00,1.055118025836593176e+01
1.097000000000000000e+08,6.777477530959316709e+00,7.892631060205628657e+00,8.401875263704141616e+00,9.211102738774640031e+00,6.798508561389759564e+00,7.842692494415445026e+00,8.403721680825555040e+00,9.140894044755086156e+00
1.100000000000000000e+08,8.149471922544252678e+00,6.489215008177997568e+00,9.977865319597745142e+00,7.477489827419733892e+00,8.160917037359652682e+00,6.435746430903762416e+00,9.966553616335588117e+00,7.409694967711885738e+00
1.103000000000000000e+08,9.235135551907969642e+00,4.850984711526337811e+00,1.120187084756178919e+01,5.481982416431561589e+00,9.236412240612132507e+00,4.795822824437294685e+00,1.117869318208651208e+01,5.418936467335555562e+00
1.106000000000000000e+08,9.995036011758092087e+00,3.035624111042102946e+00,1.203240638141962648e+01,3.294830619674361749e+00,9.985912979201096107e+00,2.980699829570866655e+00,1.199900924550471615e+01,3.238365295538002897e+00
1.109000000000000000e+08,1.040123374694502800e+01,1.107281553667460061e+00,1.244169880389421579e+01,9.922839185019097785e-01,1.038184602293516434e+01,1.054552854968491715e+00,1.239990695299107415e+01,9.437013677778338661e-01
1.112000000000000000e+08,1.043830834971002908e+01,-8.656973855880703006e-01,1.241638207936382265e+01,-1.345992040303472637e+00,1.040915920026423436e+01,-9.143151577621040360e-01,1.236803471263646514e+01,-1.385886937207970959e+00
1.115000000000000000e+08,1.010394165933990784e+01,-2.813192736497405200e+00,1.195773758520510377e+01,-3.639521355437325134e+00,1.006589105065948786e+01,-2.855896007627265476e+00,1.190455590693680676e+01,-3.670339134820849836e+00
1.118000000000000000e+08,9.409035694748112633e+00,-4.665802715038366522e+00,1.108150334680860993e+01,-5.809578764378557025e+00,9.363276058838572169e+00,-4.700965777791793698e+00,1.102500447933740446e+01,-5.831229665801998863e+00
1.121000000000000000e+08,8.377359966639586375e+00,-6.357317430684088500e+00,9.817280499168676400e+00,-7.781649279572384614e+00,8.325379909774433429e+00,-6.383553614491290773e+00,9.758745500315605170e+00,-7.794213953133152017e+00
1.124000000000000000e+08,7.044739472643890998e+00,-7.827085531917979289e+00,8.207566362717573227e+00,-9.487739665450554583e+00,6.988276045439782536e+00,-7.843301152680894006e+00,8.148061905681480255e+00,-9.491347413913558739e+00
1.127000000000000000e+08,5.457811077371723663e+00,-9.022189181858099261e+00,6.306442241046196884e+00,-1.086850088144709936e+01,5.398792137025502313e+00,-9.027627770547482555e+00,6.246888304625677790e+00,-1.086323458278666010e+01
1.130000000000000000e+08,3.672391434207893823e+00,-9.899349360617121008e+00,4.177942323594955987e+00,-1.187512294107800770e+01,3.612870429057423394e+00,-9.893624503324431885e+00,4.119212040562899801e+00,-1.186096611994372552e+01
1.133000000000000000e+08,1.751513563332417478e+00,-1.042649289354466013e+01,1.894129773015440721e+00,-1.247096268840800093e+01,1.693598828374717868e+00,-1.040960877214467928e+01,1.837162349281697971e+00,-1.244779827050957977e+01
1.136000000000000000e+08,-2.367988405735539370e-01,-1.058392447700403594e+01,-4.670912960497329847e-01,-1.263286193868484375e+01,-2.910183889726738471e-01,-1.055628303806389567e+01,-5.211862123114627821e-01,-1.260052402062797228e+01
1.139000000000000000e+08,-2.221940768813177591e+00,-1.036506089909655870e+01,-2.824392793472791485e+00,-1.235210997474265326e+01,-2.270470847130667380e+00,-1.032745456248427729e+01,-2.874259459025196861e+00,-1.231048158541726423e+01
1.142000000000000000e+08,-4.133233572943743717e+00,-9.776700140744987166e+00,-5.095623059421322765e+00,-1.163500248896700739e+01,-4.174247321011137046e+00,-9.730290087607841087e+00,-5.139628711265466166e+00,-1.158414590502087549e+01
1.145000000000000000e+08,-5.902441870494935294e+00,-8.838814544761270042e+00,-7.200531585875649121e+00,-1.050295058844878682e+01,-5.934347538073019734e+00,-8.785095805849053363e+00,-7.236791046032280406e+00,-1.044325212552192284e+01
1.148000000000000000e+08,-7.466210037049767934e+00,-7.583874171353207849e+00,-9.063543574136012637e+00,-8.992099925979431418e+00,-7.487711777680679859e+00,-7.524628665424003771e+00,-9.090003606824382132e+00,-8.924407606695922368e+00
1.151000000000000000e+08,-8.768331270327603733e+00,-6.055723215555921968e+00,-1.061649466155609289e+01,-7.152432233440850773e+00,-8.778480979641820170e+00,-5.992961498849183499e+00,-1.063107384396196409e+01,-7.078163670371864669e+00
1.154000000000000000e+08,-9.761767950674968830e+00,-4.308048347522102972e+00,-1.180122334633813352e+01,-5.046339584460315386e+00,-9.760005479503519155e+00,-4.243941619683340605e+00,-1.180199472142675887e+01,-4.967540393205666760e+00
1.157000000000000000e+08,-1.041035067265503322e+01,-2.402492478661365283e+00,-1.257191036176501520e+01,-2.746684850276519541e+00,-1.039653037400606905e+01,-2.339297693579823090e+00,-1.255730818958131323e+01,-2.666023940223197997e+00
1.160000000000000000e+08,-1.069009458345431440e+01,-4.064802298602691044e-01,-1.289705229878608073e+01,-3.343885488381984072e-01,-1.066449749640534606e+01,-3.464613181111531048e-01,-1.286608103434089401e+01,-2.550833748447018934e-01
1.163000000000000000e+08,-1.059008514091450692e+01,1.609168177670746935e+00,-1.276096236803466333e+01,2.104389431574130498e+00,-1.055341658499463620e+01,1.663820650283071245e+00,-1.271338437033184476e+01,2.178717647097002441e+00
1.166000000000000000e+08,-1.011290062248869681e+01,3.572750151289147968e+00,-1.216470481920573476e+01,4.481377312000173418e+00,-1.006627270085076020e+01,3.619998484464872490e+00,-1.210118350381606689e+01,4.546910458929076526e+00
1.169000000000000000e+08,-9.274555138328706150e+00,5.414231870791173407e+00,-1.112639089847690066e+01,6.709508038266285723e+00,-9.219454089850799505e+00,5.452266746865859659e+00,-1.104856949950144696e+01,6.762484178049234629e+00
1.172000000000000000e+08,-8.103962944780551680e+00,7.067746562213932826e+00,-9.680792266113652289e+00,8.706286384217541752e+00,-8.042202507250280519e+00,7.095055449662552860e+00,-9.591294820539019383e+00,8.743277212924283504e+00
1.175000000000000000e+08,-6.641941912913496893e+00,8.473950767488879876e+00,-7.878260808033029861e+00,1.039705673867707070e+01,-6.575604455342087817e+00,8.489376892710268407e+00,-7.780609399632737677e+00,1.041524466095852119e+01
1.178000000000000000e+08,-4.939790472356063056e+00,9.582154307497937396e+00,-5.782979561402044055e+00,1.171801932120188638e+01,-4.871157503050795867e+00,9.584944229847408792e+00,-5.681429376458339675e+00,1.171544825735206530e+01
1.181000000000000000e+08,-3.057487635279599658e+00,1.035214748424912479e+01,-3.470605552429108620e+00,1.261884941914856562e+01,-2.988961679489108292e+00,1.034198506835230091e+01,-3.369907424202139623e+00,1.259462427833501863e+01
1.184000000000000000e+08,-1.061579261073431812e+00,1.075565966052330324e+01,-1.025399157550212603e+00,1.306479024758253971e+01,-9.956000964344013937e-01,1.073268465952600081e+01,-9.305073306189228788e-01,1.301920387477714769e+01
1.187000000000000000e+08,9.771749384252755855e-01,1.077739632185326357e+01,1.463036274612410592e+00,1.303811435607945768e+01,1.038216406209656384e+00,1.074220700627540737e+01,1.547287479738713500e+00,1.297268753670908836e+01
1.190000000000000000e+08,2.986310440105583552e+00,1.041561660992767280e+01,3.903258461142879110e+00,1.253887965589099984e+01,3.040157993293760796e+00,1.036925652363827055e+01,3.972482368267563402e+00,1.245630752264652585e+01
1.193000000000000000e+08,4.894234014228676877e+00,9.682229592809376229e+00,6.205573858833909995e+00,1.158494210984853190e+01,4.938849079750823989e+00,9.626158302178680515e+00,6.256135678923968158e+00,1.148894806274044811e+01
1.196000000000000000e+08,6.632775296076714788e+00,8.602404629116898960e+00,8.285544412347078946e+00,1.021122553992067061e+01,6.666413738212995099e+00,8.538452643139848419e+00,8.314814689988764940e+00,1.010633221867018960e+01
1.199000000000000000e+08,8.139622871978597018e+00,7.213708483427264007e+00,1.006725400851814278e+01,8.468287296519358520e+00,8.160902141736315230e+00,7.144017893199105629e+00,1.007378764360871060e+01,8.359522979022642630e+00
1.202000000000000000e+08,9.360557813533262106e+00,5.564798742568235035e+00,1.148618980877052032e+01,6.420254133052066159e+00,9.368512008603772756e+00,5.491752125418187802e+00,1.146981424578140718e+01,6.312819904645024849e+00
1.205000000000000000e+08,1.025140459247296931e+01,3.713718964112327825e+00,1.249161644017164363e+01,4.142233168609236849e+00,1.024552590327022017e+01,3.639858857408938775e+00,1.245342147482671180e+01,4.041159706193838019e+00
1.208000000000000000e+08,1.077962917770838303e+01,1.725855290760428762e+00,1.304835040705546767e+01,1.717326314632453776e+00,1.075989406415898486e+01,1.653796328868821774e+00,1.299058080487795053e+01,1.627149944299517870e+00
1.211000000000000000e+08,1.092552651110121253e+01,-3.283735262602709426e-01,1.313787584965165678e+01,-7.666084485489691458e-01,1.089240484339791237e+01,-3.960369038086000160e-01,1.306373679388970288e+01,-8.421218313608491712e-01
1.214000000000000000e+08,1.068295404391462711e+01,-2.376011075430911390e+00,1.275877841183542039e+01,-3.220299788475530001e+00,1.063740043701142213e+01,-2.436797612219045561e+00,1.267217287776053070e+01,-3.278358294788837668e+00
1.217000000000000000e+08,1.005958408063495924e+01,-4.344154793575242479e+00,1.192650886317810510e+01,-5.556364038963035767e+00,1.000301188632107596e+01,-4.395786629027092829e+00,1.183173351967349163e+01,-5.595263844610016690e+00
1.220000000000000000e+08,9.076664752324372643e+00,-6.162551965242919927e+00,1.067251974998103847e+01,-7.692430753611428251e+00,9.010903501144085226e+00,-6.203039203992069872e+00,1.057394987871754211e+01,-7.711573519283589917e+00
1.223000000000000000e+08,7.768296921805672994e+00,-7.766107756345573598e+00,9.042844586164687115e+00,-9.553977924758642715e+00,7.695534077754558666e+00,-7.793824402881149638e+00,8.944638828660757213e+00,-9.553794515614896454e+00
1.226000000000000000e+08,6.180251585861300079e+00,-9.097215732063789417e+00,7.096208375860896922e+00,-1.107678580635646348e+01,6.102960328199429796e+00,-9.110963763297213802e+00,7.002061725084772092e+00,-1.105857890258101861e+01
1.229000000000000000e+08,4.368368769513877758e+00,-1.010782741340690372e+01,4.901769767752719886e+00,-1.220894457765939478e+01,4.289224545937614153e+00,-1.010688641809943533e+01,4.814737727725727723e+00,-1.217467183554418853e+01
1.232000000000000000e+08,2.396593916824032888e+00,-1.076118651927818703e+01,2.536598892961440033e+00,-1.291237735839836986e+01,2.318382639536309853e+00,-1.074534730843378583e+01,2.459006656272578084e+00,-1.286440358818916252e+01
1.235000000000000000e+08,3.347208331611863930e-01,-1.103316530473678903e+01,8.299177556941682299e-02,-1.316386401887189805e+01,2.602413927797897486e-01,-1.100274612962790144e+01,1.643120121833874236e-02,-1.310471344162765206e+01
1.238000000000000000e+08,-1.744079144250625157e+00,-1.091315442863147389e+01,-2.374286319818604607e+00,-1.295557098282379727e+01,-1.812114793633199383e+00,-1.086899843593318593e+01,-2.428879776907436394e+00,-1.288770905021352320e+01
1.241000000000000000e+08,-3.765854261930367652e+00,-1.040447357068595480e+01,-4.750748078351150205e+00,-1.229510666606184977e+01,-3.824919396436357033e+00,-1.034792707026738157e+01,-4.792955656106997253e+00,-1.222077643800239599e+01
1.244000000000000000e+08,-5.658503555637314442e+00,-9.524287011140684100e+00,-6.964854241874326668e+00,-1.120513104014317207e+01,-5.706349536410229462e+00,-9.457159539286237759e+00,-6.994596491788470871e+00,-1.112626179321728159e+01
1.247000000000000000e+08,-7.354348512336874144e+00,-8.303025982575451991e+00,-8.940550857243330540e+00,-9.722551626477939024e+00,-7.389089294094588922e+00,-8.227533640470063858e+00,-8.957902852142979100e+00,-9.640746840959785402e+00
1.250000000000000000e+08,-8.792553450546648719e+00,-6.783337177967799114e+00,-1.060962699978998636e+01,-7.897338324959763511e+00,-8.812739001419018336e+00,-6.702030547167922236e+00,-1.061465661902812485e+01,-7.813938086009940776e+00
1.253000000000000000e+08,-9.921308049338461998e+00,-5.018593725075638723e+00,-1.191385169631633723e+01,-5.790987690260935850e+00,-9.925983492462833624e+00,-4.934272208051631026e+00,-1.190650684422168126e+01,-5.707189836281202133e+00
1.256000000000000000e+08,-1.069969372129552987e+01,-3.071020610204422407e+00,-1.280685030373758870e+01,-3.474665616201264573e+00,-1.068844136172607762e+01,-2.986636350425499131e+00,-1.278691337430805675e+01,-3.391682214840713527e+00
1.259000000000000000e+08,-1.109916659931776906e+01,-1.009500392832916926e+00,-1.325567898339063255e+01,-1.027057754180975335e+00,-1.107212928215379577e+01,-9.280555345607055528e-01,-1.322279760498963697e+01,-9.462783706395683225e-01
1.262000000000000000e+08,-1.110460340339485086e+01,1.092863401674573298e+00,-1.324205258042933941e+01,1.468039217083365822e+00,-1.106248854303348139e+01,1.168422730652544317e+00,-1.319584466984662185e+01,1.544908054768136196e+00
1.265000000000000000e+08,-1.071487189618491520e+01,3.161339007892186359e+00,-1.276317808203130433e+01,3.924344449521541378e+00,-1.065893559561187942e+01,3.228228691016681751e+00,-1.270339757240346046e+01,3.995191682587801552e+00
1.268000000000000000e+08,-9.942904479803274853e+00,5.122223295336357118e+00,-1.183214495005991296e+01,6.255885037499926860e+00,-9.874915575219034736e+00,5.177923305273594679e+00,-1.175888490301221623e+01,6.318180375287184347e+00
1.271000000000000000e+08,-8.815271133790469449e+00,6.905468320188098197e+00,-1.047782687454219541e+01,8.379885714528374052e+00,-8.737456225474858229e+00,6.947816806532934208e+00,-1.039173080858093101e+01,8.430749006752265018e+00
1.274000000000000000e+08,-7.371265718882744622e+00,8.447183937910015317e+00,-8.744258242273501125e+00,1.021967244030007471e+01,-7.286237201259169183e+00,8.474459945832563790e+00,-8.646708145337825613e+00,1.025602767822159223e+01
1.277000000000000000e+08,-5.661537038250147091e+00,9.691927054721377388e+00,-6.689463495686472250e+00,1.170749109954821776e+01,-5.572206285705533446e+00,9.702919076401350651e+00,-6.582713888902262056e+00,1.172629449387445533e+01
1.280000000000000000e+08,-3.746312337430908634e+00,1.059469548522196369e+01,-4.383738355882242033e+00,1.278713071846414806e+01,-3.655790539783339455e+00,1.058875301857057849e+01,-4.270970753187270930e+00,1.278565161779278014e+01
1.283000000000000000e+08,-1.693275553334956829e+00,1.112255471255304329e+01,-1.907407540016187619e+00,1.341623421693118523e+01,-1.604765718881353109e+00,1.109962031054222109e+01,-1.792688585821636593e+00,1.339235954001207318e+01
1.286000000000000000e+08,4.248249336999244674e-01,1.125583875517612320e+01,6.518876698170320561e-01,1.356818046103676600e+01,5.081406450421610543e-01,1.121645925377323039e+01,7.637502663116322310e-01,1.352070931541509680e+01
1.289000000000000000e+08,2.532754481203786323e+00,1.098888137677490384e+01,3.202289157162393707e+00,1.323343029211758903e+01,2.607828272800915670e+00,1.093419807093734875e+01,3.305987873365694441e+00,1.316232502594584730e+01
1.292000000000000000e+08,4.555464915659355185e+00,1.033025050227253949e+01,5.651098458123596124e+00,1.242024651644596744e+01,4.619494201761071395e+00,1.026196821456128561e+01,5.741148655852768456e+00,1.232680887141209070e+01
1.295000000000000000e+08,6.420766849415199928e+00,9.302476334834755889e+00,7.908296106239718348e+00,1.115472294324404601e+01,6.471298427868504177e+00,9.222811576740291173e+00,7.979414290309179592e+00,1.104166991876602566e+01
1.298000000000000000e+08,8.061906413723313847e+00,7.941281680113240427e+00,9.890053178097968356e+00,9.480089088908156825e+00,8.096929576346582280e+00,7.852891365486286190e+00,9.937557282763620492e+00,9.351512879231265174e+00
1.301000000000000000e+08,9.419954422226997082e+00,6.294340734039248098e+00,1.152207597583656451e+01,7.455293121425691893e+00,9.437979355241083113e+00,6.200234230290583071e+00,1.154227076645686623e+01,7.316501173426793514e+00
1.304000000000000000e+08,1.044592244741221698e+01,4.419609446189381785e+00,1.274262582462132087e+01,5.152903558548786123e+00,1.044604139617720762e+01,4.323047038182707524e+00,1.273313703614141446e+01,5.010146190178716097e+00
1.307000000000000000e+08,1.110252982199074445e+01,2.383285929533611736e+00,1.350506680122382797e+01,2.656407491361089335e+00,1.108445880787512294e+01,2.287666656062818049e+00,1.346509088981557056e+01,2.516511117017614652e+00
1.310000000000000000e+08,1.136555783541939491e+01,2.574726985859452366e-01,1.377981442198033513e+01,5.701702008530283583e-02,1.132965672814927416e+01,1.662151381488357060e-01,1.371025699993180069e+01,-7.304903848532262600e-02
1.313000000000000000e+08,1.122474195230059379e+01,-1.882376697294357193e+00,1.355558675518785350e+01,-2.549876281310826887e+00,1.117201156875090362e+01,-1.965956195455895283e+00,1.345907252737828230e+01,-2.663463518926491247e+00
1.316000000000000000e+08,1.068416922090262666e+01,-3.960136210495626141e+00,1.283989430346938931e+01,-5.068438745581623550e+00,1.061622550471224713e+01,-4.032943285283934642e+00,1.272064347212642588e+01,-5.159673917501834239e+00
1.319000000000000000e+08,9.762165588360556256e+00,-5.901715901936274378e+00,1.165874405284915483e+01,-7.406152695097379279e+00,9.681191671687813027e+00,-5.960991899100349656e+00,1.152232247899725337e+01,-7.470343437772303474e+00
1.322000000000000000e+08,8.490675971829453772e+00,-7.637704230540549588e+00,1.005557371413033785e+01,-9.477423161884363623e+00,8.399353201977660888e+00,-7.681129940519934252e+00,9.908535616559589698e+00,-9.511378776308827554e+00
1.325000000000000000e+08,6.914158007291036689e+00,-9.105849780610746791e+00,8.089471668976853991e+00,-1.120687041694805508e+01,6.815577875803839447e+00,-9.131635043824726239e+00,7.938924218891017404e+00,-1.120910848085373601e+01
1.328000000000000000e+08,5.088027765879830966e+00,-1.025329368693078891e+01,5.832773835736876578e+00,-1.253216419910769019e+01,4.985587902785368897e+00,-1.026024923544823153e+01,5.685901434421836598e+00,-1.250298399514908709e+01
1.331000000000000000e+08,3.076711771153850972e+00,-1.103847269548869470e+01,3.368158227131069715e+00,-1.340628235013416614e+01,2.973999697914493368e+00,-1.102606172550526864e+01,3.231748582384057045e+00,-1.334769907544862022e+01
1.334000000000000000e+08,9.513737951418983485e-01,-1.143262434718048226e+01,7.853794922135849399e-01,-1.379910949004607090e+01,8.520420513894606529e-01,-1.140099193036938274e+01,6.653933133930820532e-01,-1.371465656394228105e+01
1.337000000000000000e+08,-1.212603351911471838e+00,-1.142083978776722120e+01,-1.822202041283902840e+00,-1.369832795947747073e+01,-1.304966691890285801e+00,-1.137081837298634213e+01,-1.920979931145751607e+00,-1.359274715523263666e+01
1.340000000000000000e+08,-3.338291916938865622e+00,-1.100262569591459005e+01,-4.361139891461152551e+00,-1.310959080963522716e+01,-3.420292444124328313e+00,-1.093571576980654569e+01,-4.435337714732398240e+00,-1.298844116868476206e+01
1.343000000000000000e+08,-5.349954311654874672e+00,-1.019195421720590389e+01,-6.741319673348557195e+00,-1.205600239898119419e+01,-5.418515158478925287e+00,-1.011028073810476258e+01,-6.789085277857523693e+00,-1.192522771685866090e+01
1.346000000000000000e+08,-7.175741974108026611e+00,-9.016797978990023665e+00,-8.879141744580001827e+00,-1.057696364261379607e+01,-7.228218112958998631e+00,-8.923044229994971488e+00,-8.900114252773676071e+00,-1.044246244975933280e+01
1.349000000000000000e+08,-8.750261799477463853e+00,-7.518165592694191268e+00,-1.070035604182262112e+01,-8.726464101187183076e+00,-8.784541019544548135e+00,-7.415486277846376595e+00,-1.069551301905538310e+01,-8.593704529917300050e+00
1.352000000000000000e+08,-1.001691845734404041e+01,-5.748670874070008985e+00,-1.214246332770905745e+01,-6.570920510293253081e+00,-1.003150507940699754e+01,-5.640586753737949266e+00,-1.211386688363600683e+01,-6.444636350906019828e+00
1.355000000000000000e+08,-1.092994869018854232e+01,-3.770685691682106988e+00,-1.315662517712619106e+01,-4.186670479827767188e+00,-1.092402628334684778e+01,-3.660963310597580289e+00,-1.310710100318729587e+01,-4.070665146048934702e+00
1.358000000000000000e+08,-1.145607447119756017e+01,-1.654141293064538054e+00,-1.370905222285897018e+01,-1.657231259374235766e+00,-1.142954503477992034e+01,-1.546662325741653632e+00,-1.364184298176473931e+01,-1.554303338920064448e+00
1.361000000000000000e+08,-1.157571531108617258e+01,5.259443796469910337e-01,-1.378186416225374877e+01,9.295721708575823694e-01,-1.152921358413752273e+01,6.273196436454782088e-01,-1.370030088680299230e+01,1.017583724496656572e+00
1.364000000000000000e+08,-1.128371557163568895e+01,2.692125943250276432e+00,-1.337343409823384199e+01,3.484516026421696555e+00,-1.121859760843403819e+01,2.783696574595282414e+00,-1.328066520199544698e+01,3.556584408759224658e+00
1.367000000000000000e+08,-1.058955981816169789e+01,4.767282117826155741e+00,-1.249824304908852568e+01,5.919843314425337510e+00,-1.050786549050580732e+01,4.845641099387698603e+00,-1.239705134830238364e+01,5.975533865893453367e+00
1.370000000000000000e+08,-9.517067415916761419e+00,6.677361789445440010e+00,-1.118627791340369981e+01,8.152019409479073886e+00,-9.421457768082760253e+00,6.739521942007204558e+00,-1.107900355142069770e+01,8.191235328419537609e+00
1.373000000000000000e+08,-8.103576101336921411e+00,8.354026799359065336e+00,-9.482008694504390434e+00,1.010432281969084300e+01,-7.997247764319368457e+00,8.397533447743626311e+00,-9.370581029920273863e+00,1.012705883582817989e+01
1.376000000000000000e+08,-6.398642478912187848e+00,9.737097131353349866e+00,-7.442979960250911020e+00,1.170922494628686295e+01,-6.285221856873761226e+00,9.760123639978861121e+00,-7.329045567754462809e+00,1.171536951947819816e+01
1.379000000000000000e+08,-4.462304658621788711e+00,1.077671099970991087e+01,-5.138049363774920053e+00,1.291051717738045213e+01,-4.345724981625139094e+00,1.077813351295175437e+01,-5.023169077673230731e+00,1.289973588606296317e+01
1.382000000000000000e+08,-2.362967940277092449e+00,1.143512230217275238e+01,-2.645304693960024878e+00,1.366514428637194811e+01,-2.247333300377846399e+00,1.141457029928319500e+01,-2.531182806962831933e+00,1.363686456808837377e+01
1.385000000000000000e+08,-1.749880074098629779e-01,1.168807064746109603e+01,-4.969220352063254825e-02,1.394470084081796202e+01,-6.442947836742973777e-02,1.164595108875576912e+01,6.160373058871471130e-02,1.389820363373528167e+01
1.388000000000000000e+08,2.023962972985258180e+00,1.152567424720559863e+01,2.559605872490167133e+00,1.373654386402540517e+01,2.125434011239462961e+00,1.146316850743252758e+01,2.665475914296990823e+00,1.367115239050443520e+01
1.391000000000000000e+08,4.155654032620532234e+00,1.095281284563107427e+01,5.091997208554928100e+00,1.304447241786404810e+01,4.244290620755975851e+00,1.087184629807031655e+01,5.189226183019499672e+00,1.295981348235219244e+01
1.394000000000000000e+08,6.144078944068199100e+00,9.988985949359106442e+00,7.458447952978833229e+00,1.188892522061322232e+01,6.216536330021085632e+00,9.892170436933366062e+00,7.543233169005034711e+00,1.178522637696038800e+01
1.397000000000000000e+08,7.918166568821672691e+00,8.667650272633039776e+00,9.574517353865127589e+00,1.030665269164345865e+01,7.971627619150950750e+00,8.558200857939365136e+00,9.642616166920461751e+00,1.018503207057172233e+01
1.400000000000000000e+08,9.414321350379124098e+00,7.035058866890516072e+00,1.136336541087883134e+01,8.349831120313782051e+00,9.446604619545993842e+00,6.916687830310948470e+00,1.141035616904893857e+01,8.212536094186734914e+00
1.403000000000000000e+08,1.057870313233295079e+01,5.148642196836487273e+00,1.275862590058024715e+01,6.084604361175756537e+00,1.058834979562749368e+01,5.025434059451736601e+00,1.278026117013301644e+01,5.935159471169139778e+00
1.406000000000000000e+08,1.136916456930037000e+01,3.074987822617247790e+00,1.370702672386313203e+01,3.589062029087821237e+00,1.135550114205955197e+01,2.951259306232682178e+00,1.369964480871868773e+01,3.432295241320922230e+00
1.409000000000000000e+08,1.175677641663063255e+01,8.874897623144721859e-01,1.417063546683095332e+01,9.506912176932525993e-01,1.171995042988126556e+01,7.676391347555053812e-01,1.413158660679343370e+01,7.926205950133180522e-01
1.412000000000000000e+08,1.172688551133692236e+01,-1.336249476867304553e+00,1.412861191115629644e+01,-1.736630791330862955e+00,1.166787215372569619e+01,-1.447898242897458942e+00,1.405665129117888057e+01,-1.889051970457490626e+00
1.415000000000000000e+08,1.127966677956366048e+01,-3.517172226354310371e+00,1.357836177216310602e+01,-4.376005060652906842e+00,1.120024602589489859e+01,-3.616524686537312405e+00,1.347396316430153718e+01,-4.515270656985521214e+00
1.418000000000000000e+08,1.043014854083644849e+01,-5.577576642877204449e+00,1.253600711505390208e+01,-6.871115552736998922e+00,1.033285344143646967e+01,-5.660917128323670333e+00,1.240155741687783575e+01,-6.989648111066406599e+00
1.421000000000000000e+08,9.207709090543408692e+00,-7.443885393672688089e+00,1.103611777533221705e+01,-9.129922470539524326e+00,9.095746469563721348e+00,-7.508015133929861307e+00,1.087596296119436090e+01,-9.220613893426733654e+00
1.424000000000000000e+08,7.655061364774221389e+00,-9.049273374519021473e+00,9.130682998558475205e+00,-1.106828275514507176e+01,7.532207073463780489e+00,-9.091632209866121528e+00,8.951009866147018101e+00,-1.112504566454854249e+01
1.427000000000000000e+08,5.826760755596581021e+00,-1.033606060611261768e+01,6.887341130670049161e+00,-1.261333095365159984e+01,5.697233050011135447e+00,-1.035482740098394316e+01,6.695895546421851918e+00,-1.263160904838940723e+01
1.430000000000000000e+08,3.787288198430289743e+00,-1.125778461799347774e+01,4.386924864301411375e+00,-1.370645861307388280e+01,3.655603781402462005e+00,-1.125195267886801354e+01,4.192583477486834909e+00,-1.368364680928323196e+01
1.433000000000000000e+08,1.608775886433140956e+00,-1.178087786173906437e+01,1.720417463378970169e+00,-1.430574546642733758e+01,1.479593316796908198e+00,-1.175030266763390152e+01,1.532644153869199499e+00,-1.424147769859506241e+01
1.436000000000000000e+08,-6.315441666242435081e-01,-1.188588960282184814e+01,-1.014551178452382851e+00,-1.438772022432620723e+01,-7.535886868611640921e-01,-1.183130658047712735e+01,-1.186320997828289592e+00,-1.428399348644054356e+01
1.439000000000000000e+08,-2.854078456839943989e+00,-1.156820783362634053e+01,-3.717513259636922918e+00,-1.394836130687582454e+01,-2.964537030961537312e+00,-1.149121867863442681e+01,-3.864508691816510577e+00,-1.380947877564157444e+01
1.442000000000000000e+08,-4.979700112466992401e+00,-1.083825446004206938e+01,-6.289103486085553030e+00,-1.300328627206143395e+01,-5.074474475388129235e+00,-1.074128212259441817e+01,-6.403819089510776053e+00,-1.283561940313432004e+01
1.445000000000000000e+08,-6.932566306682269364e+00,-9.721145713402581379e+00,-8.634950511817423902e+00,-1.158712049290863888e+01,-7.008058728590071951e+00,-9.607359669102445210e+00,-8.711659087465378093e+00,-1.139870733968188077e+01
1.448000000000000000e+08,-8.642824631666783830e+00,-8.255828764402069808e+00,-1.066934182945164622e+01,-9.752078020319412843e+00,-8.696073315576256846e+00,-8.129042840942979353e+00,-1.070447359488515815e+01,-9.552090342821964342e+00
1.451000000000000000e+08,-1.004911185011614627e+01,-6.493724189089864929e+00,-1.231849807892863247e+01,-7.565827702955955303e+00,-1.007790583333819256e+01,-6.358269769826675244e+00,-1.231085218815177029e+01,-7.363951931858445654e+00
1.454000000000000000e+08,-1.110075563278771149e+01,-4.496921593338164769e+00,-1.352331574515532786e+01,-5.108752842857834153e+00,-1.110372439059638339e+01,-4.357500268322684889e+00,-1.347408510958379679e+01,-4.914539120706628239e+00
1.457000000000000000e+08,-1.175960028130666579e+01,-2.335991710375014740e+00,-1.424146798116154145e+01,-2.470740638382235677e+00,-1.173627434039775608e+01,-2.197512723784795341e+00,-1.415407639054001265e+01,-2.292978277814826882e+00
1.460000000000000000e+08,-1.200139066075382743e+01,-8.749207254769478248e-02,-1.444878954771747637e+01,2.523433450176098547e-01,-1.195223098600710898e+01,4.509970166974275330e-02,-1.432855890018745981e+01,4.061681022973495647e-01
1.463000000000000000e+08,-1.181666416134899933e+01,2.168745572129173738e+00,-1.413991092231527169e+01,2.962331469867025557e+00,-1.174305897001549681e+01,2.290645431523448128e+00,-1.399359311459390653e+01,3.086448078199979239e+00
1.466000000000000000e+08,-1.121111792231216953e+01,4.352449975696086604e+00,-1.332814563213088910e+01,5.562418165853752150e+00,-1.111534627690826937e+01,4.459166875809660091e+00,-1.316336681944743248e+01,5.653020628731963093e+00
1.469000000000000000e+08,-1.020543716727671324e+01,6.385766569499399026e+00,-1.204467100151832604e+01,7.960659906350230131e+00,-1.009060004846540437e+01,6.473287770724305723e+00,-1.186934476261448879e+01,8.015974558365478231e+00
1.472000000000000000e+08,-8.834589658913433396e+00,8.196033467886353563e+00,-1.033707329139105191e+01,1.007317813698043452e+01,-8.704510827634607040e+00,8.260974207593068996e+00,-1.015884219773477071e+01,1.009335268203797753e+01
1.475000000000000000e+08,-7.146610299519196907e+00,9.718378304219720931e+00,-8.267351728860244719e+00,1.182695749847010092e+01,-7.005710198163768609e+00,9.758111252237835487e+00,-8.093112473670075246e+00,1.181379354937194570e+01
1.478000000000000000e+08,-5.200918106610337155e+00,1.089804308446280423e+01,-5.909491030311174953e+00,1.316216045098633636e+01,-5.054064596896978401e+00,1.091080282823225467e+01,-5.745047156509627939e+00,1.311872878540173915e+01
1.481000000000000000e+08,-3.066224528151119344e+00,1.169235373853958038e+01,-3.346718450317848426e+00,1.403390894693900215e+01,-2.918565291230947878e+00,1.167731187032159212e+01,-3.196588818644727326e+00,1.396409877744695294e+01
1.484000000000000000e+08,-8.181067319514722103e-01,1.207226353081230741e+01,-6.685597990688546544e-01,1.441351147005487121e+01,-6.748894063874359972e-01,1.202957102680251467e+01,-5.359518824521103397e-01,1.432157148358404264e+01
1.487000000000000000e+08,1.463668418604934685e+00,1.202341451988938203e+01,2.032199253935309091e+00,1.428913734905222555e+01,1.597281838345821825e+00,1.195420977838087317e+01,2.145262981070871433e+00,1.417926592495168414e+01
1.490000000000000000e+08,3.697974940363805807e+00,1.154667830451781896e+01,4.662552823435443194e+00,1.366595825544750475e+01,3.817093214123474354e+00,1.145306038265120208e+01,4.754986965301625901e+00,1.354199201853605494e+01
1.493000000000000000e+08,5.805212401643145448e+00,1.065815575353912514e+01,7.132236171786965784e+00,1.256578858334672510e+01,5.905393388062805116e+00,1.054312299926833951e+01,7.203569696353568474e+00,1.243102324083624310e+01
1.496000000000000000e+08,7.710142104430305565e+00,9.388634639187230846e+00,9.356543674517238784e+00,1.102626230786610328e+01,7.787557632702089450e+00,9.255990056858170334e+00,9.406577480137144676e+00,1.088342046355337800e+01
1.499000000000000000e+08,9.344573713164109563e+00,7.782523391429037929e+00,1.125894991162114422e+01,9.099585120755568468e+00,9.396154524581461942e+00,7.636749849357700626e+00,1.128745106509337859e+01,8.950925184788854239e+00
1.502000000000000000e+08,1.064980638753946707e+01,5.896297879479926785e+00,1.277348822343019030e+01,6.850898996683703501e+00,1.067336183884498269e+01,5.742407591255892285e+00,1.277997152195787578e+01,6.698439215097522492e+00
1.505000000000000000e+08,1.157873702508010716e+01,3.796515538349897856e+00,1.384684458488842651e+01,4.356294040722640482e+00,1.157304529912052260e+01,3.639878735300058565e+00,1.383047911282871212e+01,4.202108450177801657e+00
1.508000000000000000e+08,1.209755989645921836e+01,1.557466670677307929e+00,1.444012433636554427e+01,1.700501660831621242e+00,1.206242502083293289e+01,1.403624940097504492e+00,1.439978382762622289e+01,1.547033679068690049e+00
1.511000000000000000e+08,1.218699635310796303e+01,-7.414541889939216812e-01,1.453024648446078970e+01,-1.025694452981199989e+00,1.212326920202681890e+01,-8.869833794968258189e-01,1.446470091229825528e+01,-1.175358105434376910e+00
1.514000000000000000e+08,1.184300989527146619e+01,-3.018563828789849524e+00,1.411091689559766316e+01,-3.728286340318418990e+00,1.175257197745712290e+01,-3.150484242746337316e+00,1.401914214461444885e+01,-3.870234028301794638e+00
1.517000000000000000e+08,1.107698012230834728e+01,-5.192792974642215675e+00,1.319312998139009707e+01,-6.313054426707486400e+00,1.096269053638060598e+01,-5.306221393472032588e+00,1.307469474303884738e+01,-6.442501715396137030e+00
1.520000000000000000e+08,9.915328299589988958e+00,-7.186572810109708165e+00,1.180515056395046436e+01,-8.688695712875517785e+00,9.780935190435414484e+00,-7.277218874482581867e+00,1.166062651786461402e+01,-8.800095651587216850e+00
1.523000000000000000e+08,8.398606785621611337e+00,-8.928602613900759266e+00,9.991935211638121928e+00,-1.076998163311801271e+01,8.248625656966709130e+00,-8.992930071366654232e+00,9.823270439706675461e+00,-1.085729667406531362e+01
1.526000000000000000e+08,6.580083674846372688e+00,-1.035639975753681696e+01,7.813966419295393706e+00,-1.248084321510298267e+01,6.419646517727429114e+00,-1.039176276439023994e+01,7.624764100396532740e+00,-1.253796057899146987e+01
1.529000000000000000e+08,4.523872044646105373e+00,-1.141854085930755858e+01,5.345493636288452421e+00,-1.375726743312834799e+01,4.358552643090661149e+00,-1.142329017133764424e+01,5.141147364468366732e+00,-1.377852064655992947e+01
1.532000000000000000e+08,2.302669505073391409e+00,-1.207651370658046375e+01,2.672201444174578722e+00,-1.454988011194968855e+01,2.138290814442868282e+00,-1.205006895366845754e+01,2.459853197915990108e+00,-1.453062456099163313e+01
1.535000000000000000e+08,-4.812247347952989737e-03,-1.230611325791464417e+01,-1.116445705945008637e-01,-1.482608944485884983e+01,-1.623824199277521529e-01,-1.224899828261297685e+01,-3.233388502584233493e-01,-1.476327012103150693e+01
1.538000000000000000e+08,-2.316636977953054899e+00,-1.209833113710256391e+01,-2.906491884832627548e+00,-1.457167149961742680e+01,-2.461694917779368552e+00,-1.201217021156528375e+01,-3.107782475945512601e+00,-1.446431830583146905e+01
1.541000000000000000e+08,-4.550553692536492889e+00,-1.145970596459418545e+01,-5.611122031365943563e+00,-1.379169551385661840e+01,-4.677765531167253243e+00,-1.134718038213603108e+01,-5.791743300006714890e+00,-1.364128659000915178e+01
1.544000000000000000e+08,-6.626923301032335623e+00,-1.041212100273639507e+01,-8.126458821850397030e+00,-1.251071193018890071e+01,-6.731520018104120595e+00,-1.027688746030860401e+01,-8.276318654008804288e+00,-1.232135730621206804e+01
1.547000000000000000e+08,-8.471558018617001196e+00,-8.992055240998118038e+00,-1.035940397660249168e+01,-1.077215872111657191e+01,-8.549512954338197801e+00,-8.838628613508564769e+00,-1.046932546724814017e+01,-1.055057302140511055e+01
1.550000000000000000e+08,-1.001837226066391118e+01,-7.249313517160484999e+00,-1.222652884646976013e+01,-8.636979593236565833e+00,-1.006655479605554149e+01,-7.082917409908226603e+00,-1.228897699924247888e+01,-8.392232143739441597e+00
1.553000000000000000e+08,-1.121175030240365622e+01,-5.245279866705849336e+00,-1.365744946056981668e+01,-6.181488581346287425e+00,-1.122804960205881741e+01,-5.071669606988926660e+00,-1.366717400200353438e+01,-5.924541033613913044e+00
1.556000000000000000e+08,-1.200854587391893702e+01,-3.050755351472060450e+00,-1.459772132506450859e+01,-3.494556477311560272e+00,-1.199195963134924625e+01,-2.876019624781932293e+00,-1.455225251153551369e+01,-3.237619660356656937e+00
1.559000000000000000e+08,-1.237964180026794381e+01,-7.434565296656511224e-01,-1.501110998919754103e+01,-6.742325565396576348e-01,-1.233032657848725933e+01,-5.738047080817594292e-01,-1.491105681543284334e+01,-4.299926850281536872e-01
1.562000000000000000e+08,-1.231101332020865868e+01,1.594737042543330041e+00,-1.488112232781455546e+01,2.176052581898705096e+00,-1.223029439907061544e+01,1.753194690085585705e+00,-1.473023981538833027e+01,2.395274766808796585e+00
1.565000000000000000e+08,-1.180425627740641836e+01,3.880688782959859306e+00,-1.421171998400212821e+01,4.951532907955040308e+00,-1.169459591682937116e+01,4.022160460541591931e+00,-1.401673269371477204e+01,5.134618467867195335e+00
1.568000000000000000e+08,-1.087656035378347852e+01,6.032961382933147654e+00,-1.302717811113072344e+01,7.550216885222751806e+00,-1.074148484317325369e+01,6.152184655467994645e+00,-1.279736960107254617e+01,7.688007172328614303e+00
1.571000000000000000e+08,-9.560127232859832347e+00,7.974718299131165367e+00,-1.137109669187515237e+01,9.876873035007969648e+00,-9.404115008542873966e+00,8.067154639743044697e+00,-1.111769726235685596e+01,9.962782819971064185e+00
1.574000000000000000e+08,-7.901053340860119789e+00,9.636467051897300351e+00,-9.304615342893912455e+00,1.184671018754100125e+01,-7.729387896183169460e+00,9.698473120464910835e+00,-9.040040026160056641e+00,1.187714088419811631e+01
1.577000000000000000e+08,-5.957715911518824292e+00,1.095854637853372715e+01,-6.903922717575932566e+00,1.338858950178805785e+01,-5.776308047750688957e+00,1.098751586926359280e+01,-6.640925937782085953e+00,1.336310621710578772e+01
1.580000000000000000e+08,-3.798718875628214420e+00,1.189326822152712460e+01,-4.257185727090353033e+00,1.444763264329262498e+01,-3.613903936816683427e+00,1.188773859423336177e+01,-4.008007636417758590e+00,1.436889060493365022e+01
1.583000000000000000e+08,-1.500470853703678387e+00,1.240663764973525751e+01,-1.461049604986956352e+00,1.498712508256395637e+01,-1.318788076123396991e+00,1.236635713225586386e+01,-1.236630839436969609e+00,1.486055516098296181e+01
1.586000000000000000e+08,8.555192358401375596e-01,1.247958868946271771e+01,1.383124219494026086e+00,1.498965276421895965e+01,1.027557237519914679e+00,1.240554081957207444e+01,1.573789111979280619e+00,1.482294011463699945e+01
1.589000000000000000e+08,3.185533225930447188e+00,1.210869115763561510e+01,4.173110176771065660e+00,1.445745150705052851e+01,3.341672871421806690e+00,1.200307583127486666e+01,4.323425060595837977e+00,1.425986229085843959e+01
1.592000000000000000e+08,5.406618854475776281e+00,1.130630233575222299e+01,6.809593534358791445e+00,1.341198843392215423e+01,5.541092045428513302e+00,1.117247338392807876e+01,6.915583885765514083e+00,1.319361430707807159e+01
1.595000000000000000e+08,7.439543281630045968e+00,1.010015703656761943e+01,9.199716136776187270e+00,1.189283066846209636e+01,7.547279674706317110e+00,9.942517584197247515e+00,9.260012408561266284e+00,1.166382817398726246e+01
1.598000000000000000e+08,9.211619800688442439e+00,8.532409595465054508e+00,1.126026342620783360e+01,9.955886074407464648e+00,9.288436749004489457e+00,8.356268384994201881e+00,1.127585967327377148e+01,9.725787637640010530e+00
1.601000000000000000e+08,1.065930688868136400e+01,6.658160854310787968e+00,1.292039137741930332e+01,7.671122225733646438e+00,1.070206993953372887e+01,6.469554532862808571e+00,1.289421926273446672e+01,7.448286128454036259e+00
1.604000000000000000e+08,1.173048665743608332e+01,4.543521600866471388e+00,1.412382274871036003e+01,5.119882207383983364e+00,1.173723483108059895e+01,4.349008933527507281e+00,1.406020155613653344e+01,4.911130863848477190e+00
1.607000000000000000e+08,1.238634100416458494e+01,2.263280524453126663e+00,1.483047259967258391e+01,2.391919331800445914e+00,1.235637199409407572e+01,2.069715208275184182e+00,1.473450851513528903e+01,2.202390996295612524e+00
1.610000000000000000e+08,1.260275792858671906e+01,-1.017410457966380910e-01,1.501749072540648733e+01,-4.177315769140246826e-01,1.253666936661534237e+01,-2.874511949563753888e-01,1.489450211060412244e+01,-5.845193289091454858e-01
1.613000000000000000e+08,1.237121708224357164e+01,-2.467554050321600023e+00,1.467973143110718048e+01,-3.211939225489028882e+00,1.227090177262299164e+01,-2.638692828459348050e+00,1.453477112224442180e+01,-3.353842380792649180e+00
1.616000000000000000e+08,1.169912205854612353e+01,-4.749984693024554616e+00,1.382967765560167450e+01,-5.894624416355009444e+00,1.156771704373309717e+01,-4.900269388027389539e+00,1.366720854098886662e+01,-6.010493281365363316e+00
1.619000000000000000e+08,1.060956656602641957e+01,-6.867669564011627870e+00,1.249685654140572488e+01,-8.373794810550808876e+00,1.045135730146553499e+01,-6.991480602020111235e+00,1.232061394013905442e+01,-8.463030836233542686e+00
1.622000000000000000e+08,9.140541755380624522e+00,-8.744956306889966058e+00,1.072678780943083154e+01,-1.056440279981787711e+01,8.960823926060058398e+00,-8.837546359634274040e+00,1.053983482584180820e+01,-1.062652660033599972e+01
1.625000000000000000e+08,7.343611877504910623e+00,-1.031460641095627295e+01,8.579506238291411790e+00,-1.239097447866191359e+01,7.148515162619275998e+00,-1.037228089354369587e+01,8.384460656049498084e+00,-1.242527672329833166e+01
1.628000000000000000e+08,5.282104425654544855e+00,-1.152020356083981589e+01,6.127697260334307394e+00,-1.378996451575936000e+01,5.078384380694714650e+00,-1.154046560126176502e+01,5.927084095468373448e+00,-1.379529866907625291e+01
1.631000000000000000e+08,3.028878282811403366e+00,-1.231818127883359004e+01,3.454482480339918116e+00,-1.471179410431543921e+01,2.823683521284436893e+00,-1.229983588262026473e+01,3.251147548542036247e+00,-1.468654936199612138e+01
1.634000000000000000e+08,6.637485339675438523e-01,-1.267939698782250701e+01,6.508919363117554591e-01,-1.512252793221441571e+01,4.643708502525214499e-01,-1.262261036155501159e+01,4.484015681875632708e-01,-1.506479414579973053e+01
1.637000000000000000e+08,-1.729341030716390781e+00,-1.259019563425296617e+01,-2.186936248685529272e+00,-1.500514288269633312e+01,-1.915725129749731082e+00,-1.249650664891566265e+01,-2.383983628487087003e+00,-1.491305057108395005e+01
1.640000000000000000e+08,-4.065297547433364578e+00,-1.205292407573977087e+01,-4.960779754441723810e+00,-1.436033811898068535e+01,-4.231884478581008580e+00,-1.192520656775878507e+01,-5.146593379564151860e+00,-1.423253057764197393e+01
1.643000000000000000e+08,-6.260905071352429907e+00,-1.108587691727503888e+01,-7.573517603946714694e+00,-1.320683565417866490e+01,-6.401511461180433571e+00,-1.092825381168790955e+01,-7.741149475710969341e+00,-1.304301006483258618e+01
1.646000000000000000e+08,-8.237789312837062283e+00,-9.722674682659754097e+00,-9.932399402788673726e+00,-1.158112456881859664e+01,-8.347080185382267814e+00,-9.540386720399553155e+00,-1.007399408343142966e+01,-1.138256651710425160e+01
1.649000000000000000e+08,-9.925215483513762038e+00,-8.011095415781177564e+00,-1.195230295632121909e+01,-9.536612241807379320e+00,-9.998905276409999487e+00,-7.810328425852596013e+00,-1.205955344587472666e+01,-9.306644600148608504e+00
1.652000000000000000e+08,-1.126261936627197535e+01,-6.011400300276801723e+00,-1.355886873526827507e+01,-7.142162997501861454e+00,-1.129763811613159419e+01,-5.799076353066539014e+00,-1.362364203905947591e+01,-6.886436943693297508e+00
1.655000000000000000e+08,-1.220178103736323116e+01,-3.794211970628888153e+00,-1.469138723767906107e+01,-4.480028162812997650e+00,-1.219639906959828579e+01,-3.577751540136077324e+00,-1.470645977830864126e+01,-4.206600453679143925e+00
1.658000000000000000e+08,-1.270856322400246263e+01,-1.438020216431342480e+00,-1.530530908034057269e+01,-1.643200435347049293e+00,-1.266246947842762438e+01,-1.225083756140477931e+00,-1.526513599161015122e+01,-1.362364065761198617e+00
1.661000000000000000e+08,-1.276415163614391801e+01,9.735968199222521102e-01,-1.537424953775039249e+01,1.267742371133158574e+00,-1.267848251693592943e+01,1.175379025527902854e+00,-1.527568411774375079e+01,1.543880338456688150e+00
1.664000000000000000e+08,-1.236575222480954395e+01,3.354937565316401749e+00,-1.489137034528929071e+01,4.148206349027276474e+00,-1.224306921215274713e+01,3.538238030575605819e+00,-1.473425098209672512e+01,4.406378009560185660e+00
1.667000000000000000e+08,-1.152671956848903356e+01,5.621222868176025678e+00,-1.387004208975041131e+01,6.893434929522769927e+00,-1.137093548049726621e+01,5.779282190117733364e+00,-1.365757431209401318e+01,7.120047483921638332e+00
1.670000000000000000e+08,-1.027611079137738237e+01,7.691614520814739286e+00,-1.234371967261995984e+01,9.402493014925262571e+00,-1.009236681652983236e+01,7.818489461512470484e+00,-1.208259977903178140e+01,9.584577475917470224e+00
1.673000000000000000e+08,-8.657679855052743179e+00,9.492098969538385944e+00,-1.036499952850175355e+01,1.158221041509521321e+01,-8.452177452161734550e+00,9.582884385107668379e+00,-1.006525078398315998e+01,1.170839901543423167e+01
1.676000000000000000e+08,-6.728347011452081361e+00,1.095813333545798685e+01,-8.003868186884314895e+00,1.335090510286594068e+01,-6.508140018216593603e+00,1.100915004586309465e+01,-7.678387913204360871e+00,1.341234745877117973e+01
1.679000000000000000e+08,-4.556196948683270520e+00,1.203695914467489736e+01,-5.345194572087662799e+00,1.464170947029974101e+01,-4.328950452384844994e+00,1.204590053708385256e+01,-5.009038571502841819e+00,1.463284000402519069e+01
1.682000000000000000e+08,-2.218076032900088812e+00,1.268950082458333917e+01,-2.485560108183910266e+00,1.540533649113588766e+01,-1.991800240459184579e+00,1.265553205479010046e+01,-2.155017527806890598e+00,1.532441688949865721e+01
1.685000000000000000e+08,2.031265548483010275e-01,1.289178065451439537e+01,4.704417700885101250e-01,1.561214689855656523e+01,4.203578441935746923e-01,1.281558630128846943e+01,7.789081012430756346e-01,1.546152701333260637e+01
1.688000000000000000e+08,2.621417585078057666e+00,1.263579894823135596e+01,3.414274429065622396e+00,1.525341177587010044e+01,2.821753986844086626e+00,1.251957718240672790e+01,3.685132806936451288e+00,1.503947794760959056e+01
1.691000000000000000e+08,4.950754249299669674e+00,1.192984718888470930e+01,6.237711329940775151e+00,1.434170523394057462e+01,5.126851476734344715e+00,1.177725011591671489e+01,6.457415840178001076e+00,1.407451345215422833e+01
1.694000000000000000e+08,7.108105828402989879e+00,1.079824196286067739e+01,8.837079075152672658e+00,1.291040648072415387e+01,7.253394038784264808e+00,1.061426324979140645e+01,8.994981390800944610e+00,1.260302692415720571e+01
1.697000000000000000e+08,9.016413607055721258e+00,9.280488133146894469e+00,1.111729607364999950e+01,1.101233660781548451e+01,9.125341333160207569e+00,9.071301122449398235e+00,1.120633311930751574e+01,1.067996395470350990e+01
1.700000000000000000e+08,1.060734350978252216e+01,7.429900023065181713e+00,1.299552473868239488e+01,8.717599746691465867e+00,1.067558799244872603e+01,7.202651800791485925e+00,1.301262126424495591e+01,8.376507030512129859e+00
