case,frequency_Hz,relative_complex_error,amplitude_difference_dB,wrapped_phase_difference_deg
n2078_taper0,20000000.0,1.1241756411872112,-15.014087728990367,130.84994953289797
n2078_taper0,20300000.0,1.1270221718288658,-5.289222625958892,88.64759015641941
n2078_taper0,20600000.0,1.1303579978355596,-0.7065284541278628,71.9216207491944
n2078_taper0,20900000.0,1.1340578591320318,2.0832482557354917,58.467313820451245
n2078_taper0,21200000.0,1.137934431157837,3.9509904806234415,46.018311506877055
n2078_taper0,21500000.0,1.1417641565182872,5.223608088353313,33.990947242061694
n2078_taper0,21800000.0,1.1453179986969417,6.053183174508864,22.163389939255346
n2078_taper0,22100000.0,1.148392629030648,6.51657676303531,10.427292117313296
n2078_taper0,22400000.0,1.1508377255046471,6.650257562041802,-1.2840152346069633
n2078_taper0,22700000.0,1.1525757869620594,6.463406697002888,-13.024172621702633
n2078_taper0,23000000.0,1.153611948171826,5.940913634320259,-24.851463860512762
n2078_taper0,23300000.0,1.1540325530471234,5.0385299181720775,-36.849304749679845
n2078_taper0,23600000.0,1.153992598468106,3.666506464073196,-49.16691912680829
n2078_taper0,23900000.0,1.1536935298745836,1.6465521089107242,-62.131886021956554
n2078_taper0,24200000.0,1.1533541694707437,-1.4148362754358415,-76.67229251223085
n2078_taper0,24500000.0,1.1531786488171125,-6.612704313032841,-96.86686537953703
n2078_taper0,24800000.0,1.1533258948981566,-16.12509978440833,-168.121135262822
n2078_taper0,25100000.0,1.1538852595997906,-7.689210250612646,101.2650114533526
n2078_taper0,25400000.0,1.1548621408319708,-1.9709585847766429,79.0974246640106
n2078_taper0,25700000.0,1.1561759502693219,1.3086213161995262,64.1206161022653
n2078_taper0,26000000.0,1.1576707898450516,3.4531587255545464,50.96510062921614
n2078_taper0,26300000.0,1.1591371249941518,4.9102020722799065,38.520910715913544
n2078_taper0,26600000.0,1.1603410328095924,5.877337301680793,26.413938453025484
n2078_taper0,26900000.0,1.1610565779802573,6.452898128874319,14.478604256753691
n2078_taper0,27200000.0,1.161096636598707,6.685635212303126,2.624293939395481
n2078_taper0,27500000.0,1.1603379571221524,6.593440357543786,-9.211261453525978
n2078_taper0,27800000.0,1.1587372172026373,6.169271118877775,-21.084706032770605
n2078_taper0,28100000.0,1.1563360924902883,5.37888926198262,-33.065968528283996
n2078_taper0,28400000.0,1.1532547391612213,4.148699783557028,-45.26812041309075
n2078_taper0,28700000.0,1.1496745060465139,2.3330813439779168,-57.920922842929166
n2078_taper0,29000000.0,1.1458120585665896,-0.37788843188698024,-71.62020873930031
n2078_taper0,29300000.0,1.1418883113117728,-4.789314918527517,-88.60573043785958
n2078_taper0,29600000.0,1.1380964647968648,-13.793581906419735,-128.3433599671887
n2078_taper0,29900000.0,1.1345738132454526,-10.621464333860981,109.91866935397596
n2078_taper0,30200000.0,1.1313816439679494,-3.3976280381599495,82.46700462696158
n2078_taper0,30500000.0,1.1284964172008438,0.39830898486362926,66.86869027772794
n2078_taper0,30800000.0,1.1258136341860445,2.8002884635324894,53.6055599874774
n2078_taper0,31100000.0,1.123163713234587,4.415248301159686,41.183378545512326
n2078_taper0,31400000.0,1.1203372505994387,5.493127290851999,29.155943263271457
n2078_taper0,31700000.0,1.1171156510785747,6.154859074434144,17.34226719490171
n2078_taper0,32000000.0,1.1133024994062497,6.461216954535663,5.652909526146568
n2078_taper0,32300000.0,1.108751211914628,6.438003750957398,-5.964518389194718
n2078_taper0,32600000.0,1.1033852930234815,6.084907032126631,-17.54749790560331
n2078_taper0,32900000.0,1.0972086903699114,5.375342119339759,-29.13121923643613
n2078_taper0,33200000.0,1.0903050880879634,4.247118071985867,-40.761417129909894
n2078_taper0,33500000.0,1.0828263586583824,2.575940325089843,-52.51919795844447
n2078_taper0,33800000.0,1.0749717231676308,0.10145651597436103,-64.59615818420686
n2078_taper0,34100000.0,1.066960371237468,-3.8318122360273623,-77.6389049127373
n2078_taper0,34400000.0,1.0590012537819256,-11.831209458045947,-96.26372131471659
n2078_taper0,34700000.0,1.0512643217233055,-16.103457836184813,104.91676672159296
n2078_taper0,35000000.0,1.0438574615350746,-5.372506637769172,79.27043248139293
n2078_taper0,35300000.0,1.036812654005711,-0.8772209351979696,65.76406609315208
n2078_taper0,35600000.0,1.030083485863447,1.823405607389097,53.69806399172173
n2078_taper0,35900000.0,1.0235543005464116,3.609482600655076,42.10827538144281
n2078_taper0,36200000.0,1.017059365262916,4.80403139465616,30.749820523162203
n2078_taper0,36500000.0,1.0104088706321275,5.556371689278258,19.534870606760997
n2078_taper0,36800000.0,1.0034176703044346,5.941446340947435,8.427900719183382
n2078_taper0,37100000.0,0.9959325146200194,5.994051327204939,-2.583023157187588
n2078_taper0,37400000.0,0.9878540423947634,5.72143538632952,-13.494721317383938
n2078_taper0,37700000.0,0.9791507600126428,5.105660159283978,-24.288806780652305
n2078_taper0,38000000.0,0.9698634323476147,4.097556520368482,-34.923572860369674
n2078_taper0,38300000.0,0.9600995630449038,2.5974349186038728,-45.30929750873748
n2078_taper0,38600000.0,0.9500188480182452,0.4030723809817037,-55.23081638114909
n2078_taper0,38900000.0,0.9398115826781579,-2.954241844147829,-64.03199654917148
n2078_taper0,39200000.0,0.9296729237108469,-8.964105176628092,-68.37121652450838
n2078_taper0,39500000.0,0.9197765463178594,-21.65757287093924,13.274600022091175
n2078_taper0,39800000.0,0.9102514576943441,-8.074714519743132,65.51023871937797
n2078_taper0,40100000.0,0.9011653961930404,-2.6417332929904553,60.249466924576424
n2078_taper0,40400000.0,0.8925173162114138,0.4486317818343774,51.45782946778095
n2078_taper0,40700000.0,0.8842400343756539,2.459851503950738,41.76800566131259
n2078_taper0,41000000.0,0.8762124557861981,3.811668296419248,31.75287470505928
n2078_taper0,41300000.0,0.8682792638580008,4.68986621507684,21.617894250695958
n2078_taper0,41600000.0,0.8602748680370419,5.187318659395191,11.46460780397406
n2078_taper0,41900000.0,0.8520479451256822,5.3501674056284445,1.3611565324580803
n2078_taper0,42200000.0,0.8434830845784446,5.19526919859825,-8.629428808839634
n2078_taper0,42500000.0,0.8345167139872182,4.715770189806289,-18.429594582611934
n2078_taper0,42800000.0,0.825145436015205,3.8791877389998537,-27.92135383058478
n2078_taper0,43100000.0,0.8154259699353493,2.61685497766377,-36.89375783716676
n2078_taper0,43400000.0,0.8054669378336893,0.7969475859369843,-44.90628861466134
n2078_taper0,43700000.0,0.795413701644307,-1.8431472277215533,-50.84090157110488
n2078_taper0,44000000.0,0.7854282991391669,-5.866484579611786,-50.88785718914257
n2078_taper0,44300000.0,0.7756671854467647,-11.76439554926726,-25.744496138326216
n2078_taper0,44600000.0,0.7662598666492383,-10.111782485689131,35.183221941054306
n2078_taper0,44900000.0,0.7572914977479641,-4.686034455358402,48.90696882572191
n2078_taper0,45200000.0,0.7487920223521621,-1.233710042017778,46.60898043154693
n2078_taper0,45500000.0,0.7407334631325275,1.042794449327533,40.19000452485126
n2078_taper0,45800000.0,0.733035672288566,2.596492496212816,32.245985254757215
n2078_taper0,46100000.0,0.7255794790284844,3.642677860475916,23.627280447791335
n2078_taper0,46400000.0,0.7182250231763189,4.292274631773163,14.70368595554402
n2078_taper0,46700000.0,0.7108323708213178,4.603890676466672,5.678590024699569
n2078_taper0,47000000.0,0.7032813598178598,4.60516231976938,-3.3041501775844684
n2078_taper0,47300000.0,0.6954879634794603,4.3013500764487835,-12.109402814132617
n2078_taper0,47600000.0,0.6874151396557878,3.67720169291697,-20.570596907211762
n2078_taper0,47900000.0,0.6790769797886155,2.6935480749724827,-28.432993011206822
n2078_taper0,48200000.0,0.6705358554645442,1.277658972726687,-35.23621957227549
n2078_taper0,48500000.0,0.6618931000633881,-0.6942067414318674,-40.01123711746657
n2078_taper0,48800000.0,0.6532745204084138,-3.405151026196446,-40.35660315448051
n2078_taper0,49100000.0,0.6448126732291078,-6.849246287664263,-29.547296351823
n2078_taper0,49400000.0,0.6366283056232678,-8.780748171119734,2.4248115633993286
n2078_taper0,49700000.0,0.6288135590641619,-6.219441032271221,30.35218550409064
n2078_taper0,50000000.0,0.6214193785639005,-2.9652189331524585,38.07583481794018
n2078_taper0,50300000.0,0.6144490022214187,-0.5096155333952272,36.72250401185454
n2078_taper0,50600000.0,0.6078584768510767,1.2493734148194728,31.748305820768152
n2078_taper0,50900000.0,0.6015640121753719,2.4865952634004556,25.12770577379547
n2078_taper0,51200000.0,0.5954548871694608,3.315071477495764,17.695501341355033
n2078_taper0,51500000.0,0.5894097941943413,3.8015640505302732,9.874565961076783
n2078_taper0,51800000.0,0.583314101671755,3.982935887778069,1.9244609991220398
n2078_taper0,52100000.0,0.577075559711967,3.875170084865573,-5.954611096345649
n2078_taper0,52400000.0,0.5706363804548955,3.477348366254815,-13.562481658493251
n2078_taper0,52700000.0,0.5639802568702292,2.772296994310338,-20.64395477924096
n2078_taper0,53000000.0,0.5571336072521399,1.7249898400489845,-26.80573499200602
n2078_taper0,53300000.0,0.5501610557993123,0.28132060968890293,-31.349573278132453
n2078_taper0,53600000.0,0.5431558344286727,-1.6187732762739193,-32.89279429428002
n2078_taper0,53900000.0,0.5362263912151661,-3.9380949288048948,-28.560463060710585
n2078_taper0,54200000.0,0.5294809832933612,-6.0522263766226905,-13.744139440564355
n2078_taper0,54500000.0,0.5230123568911819,-6.206209580604261,9.297316700480447
n2078_taper0,54800000.0,0.516884691804118,-4.262207132291626,25.22725922112567
n2078_taper0,55100000.0,0.5111247373452567,-1.999457914899848,30.43816521983644
n2078_taper0,55400000.0,0.5057184718020475,-0.13546372743765908,29.513915875455584
n2078_taper0,55700000.0,0.5006137504715267,1.2715814428452543,25.512290908105285
n2078_taper0,56000000.0,0.4957284342156633,2.281353040899784,19.91474879216721
n2078_taper0,56300000.0,0.49096262265485685,2.951330466610378,13.472536812387293
n2078_taper0,56600000.0,0.4862130360085735,3.320937421234631,6.615943120246531
n2078_taper0,56900000.0,0.4813873883141346,3.4130068820455635,-0.3649190027770743
n2078_taper0,57200000.0,0.47641675481995055,3.2366237890979344,-7.229261713471203
n2078_taper0,57500000.0,0.4712643618135124,2.788949392322499,-13.724861405250289
n2078_taper0,57800000.0,0.465929797005636,2.056340276702615,-19.525629034919916
n2078_taper0,58100000.0,0.4604482523074048,1.0167084072410746,-24.138181097766363
n2078_taper0,58400000.0,0.45488500767124956,-0.3500627530346167,-26.73494197469116
n2078_taper0,58700000.0,0.4493259159705564,-2.019315072854224,-25.871044409528423
n2078_taper0,59000000.0,0.4438651346358911,-3.774190034491327,-19.303620819447048
n2078_taper0,59300000.0,0.43859173428169945,-4.916989616673425,-5.649401133991371
n2078_taper0,59600000.0,0.43357703580113105,-4.59206121715039,10.404474482600136
n2078_taper0,59900000.0,0.4288645089361112,-3.1174090173788964,21.0236218265566
n2078_taper0,60200000.0,0.42446375081112203,-1.418431315110455,24.865357772680508
n2078_taper0,60500000.0,0.4203494584252634,0.058092460236292415,24.17982011634564
n2078_taper0,60800000.0,0.4164655079103804,1.2133653388779055,20.875376228976883
n2078_taper0,61100000.0,0.4127334212042542,2.0541247372974327,16.08367803352403
n2078_taper0,61400000.0,0.409063821748434,2.6059991948413606,10.464834215646846
n2078_taper0,61700000.0,0.40536909051487446,2.890988649402602,4.437215200783395
n2078_taper0,62000000.0,0.4015753764197491,2.922860110208548,-1.6942932719285009
n2078_taper0,62300000.0,0.39763234551817456,2.7070020134682866,-7.662141780247112
n2078_taper0,62600000.0,0.3935194738849789,2.2414663866877977,-13.178473290275825
n2078_taper0,62900000.0,0.3892481980305774,1.5192990448382235,-17.873466727564004
n2078_taper0,63200000.0,0.38485976056942,0.534955482873598,-21.20974876243154
n2078_taper0,63500000.0,0.380419089511887,-0.6965942240246531,-22.35935575377396
n2078_taper0,63800000.0,0.3760055102577666,-2.086318086946414,-20.09841693832602
n2078_taper0,64100000.0,0.3717014915141255,-3.355540245038173,-13.119697822046245
n2078_taper0,64400000.0,0.36758093027988864,-3.9685439587620412,-1.7748749670164812
n2078_taper0,64700000.0,0.36369862263073544,-3.5444384177213832,9.951085518113636
n2078_taper0,65000000.0,0.3600824764319757,-2.387056938201188,17.69907568868911
n2078_taper0,65300000.0,0.3567296602063175,-1.0490638432069606,20.68990485328307
n2078_taper0,65600000.0,0.35360727769975003,0.1564169763974798,20.155840521201124
n2078_taper0,65900000.0,0.35065741890551305,1.1244308347715997,17.373991691819956
n2078_taper0,66200000.0,0.34780572725896913,1.8360723997467847,13.228438956797406
n2078_taper0,66500000.0,0.34497209690786185,2.2980661259362414,8.296688304289725
n2078_taper0,66800000.0,0.342081869254188,2.521112412142083,2.97706558198399
n2078_taper0,67100000.0,0.3390759429161957,2.51314673685704,-2.421168929261592
n2078_taper0,67400000.0,0.33591848274189645,2.277876728321671,-7.615505214639994
n2078_taper0,67700000.0,0.3326013179703222,1.815702138394397,-12.298621644730563
n2078_taper0,68000000.0,0.32914457376232814,1.127238520628786,-16.083760845778702
n2078_taper0,68300000.0,0.3255935324196739,0.222473341809571,-18.43865079642825
n2078_taper0,68600000.0,0.322012148803502,-0.8568458873486229,-18.621530803275867
n2078_taper0,68900000.0,0.31847403889299236,-1.9893574415467299,-15.724184765929675
n2078_taper0,69200000.0,0.3150521011958995,-2.9092550921672955,-9.161037162505096
n2078_taper0,69500000.0,0.3118081735036602,-3.2457637431971293,0.10418171618456695
n2078_taper0,69800000.0,0.30878420649973826,-2.8281654801171503,9.084268004445466
n2078_taper0,70100000.0,0.30599628782985316,-1.8921402329581034,15.069825375207001
n2078_taper0,70400000.0,0.3034324523944067,-0.8033873070511468,17.48725560373803
n2078_taper0,70700000.0,0.30105461479801326,0.20332430182361733,17.05853962243396
n2078_taper0,71000000.0,0.29880427829801176,1.0277503643792216,14.681833711469954
n2078_taper0,71300000.0,0.2966110667994884,1.6384730234698466,11.062690351181983
n2078_taper0,71600000.0,0.29440272495450953,2.030786298710568,6.707662991887078
n2078_taper0,71900000.0,0.2921150985678406,2.2079920500107426,1.9919488559660712
n2078_taper0,72200000.0,0.2897007246651912,2.174298220307385,-2.7778442674239554
n2078_taper0,72500000.0,0.28713495412800816,1.932896272515321,-7.313687725025368
n2078_taper0,72800000.0,0.28441891293888044,1.4869966360411904,-11.302223056740763
n2078_taper0,73100000.0,0.28157901426045917,0.8441494202046042,-14.360488458536029
n2078_taper0,73400000.0,0.2786631285904555,0.026506918686843253,-15.992785816265409
n2078_taper0,73700000.0,0.27573389287644223,-0.9078132072991292,-15.5783773857
n2078_taper0,74000000.0,0.27285998549580803,-1.8291802331277647,-12.497845290873524
n2078_taper0,74300000.0,0.27010648974585993,-2.5106234606082474,-6.605976894980385
n2078_taper0,74600000.0,0.2675256647678041,-2.698993949609269,1.0207285793130512
n2078_taper0,74900000.0,0.2651494724749857,-2.3162754972398605,8.161054831095118
n2078_taper0,75200000.0,0.26298501544879477,-1.5411289906156234,12.969997590825912
n2078_taper0,75500000.0,0.2610136155722883,-0.6337180260247072,14.979034970514151
n2078_taper0,75800000.0,0.25919367112357683,0.2219550327587983,14.628579771730578
n2078_taper0,76100000.0,0.2574667999100099,0.9335588980137868,12.574285199795085
n2078_taper0,76400000.0,0.2557662557150256,1.4638867455661277,9.389982716631433
n2078_taper0,76700000.0,0.2540263044562583,1.8012936446926968,5.522234809753445
n2078_taper0,77000000.0,0.2521911992659734,1.9442203996622078,1.3224121722814164
n2078_taper0,77300000.0,0.25022256111396896,1.8945074029515085,-2.910229274555888
n2078_taper0,77600000.0,0.2481042744129157,1.6554312290001758,-6.889194055522896
n2078_taper0,77900000.0,0.24584436659630832,1.2328803723357165,-10.304927704546007
n2078_taper0,78200000.0,0.24347370521838663,0.6400041555216665,-12.791672937023206
n2078_taper0,78500000.0,0.24104169551260154,-0.09270387837551008,-13.905196031121456
n2078_taper0,78800000.0,0.23860949374152357,-0.8992921614131664,-13.146439311743693
n2078_taper0,79100000.0,0.23624156248983932,-1.6550626152218482,-10.118561242057776
n2078_taper0,79400000.0,0.2339966571884089,-2.173956154644153,-4.915414572101095
n2078_taper0,79700000.0,0.23191949467390516,-2.2798051900115563,1.4518868692869575
n2078_taper0,80000000.0,0.23003434598123845,-1.9370684517981784,7.296309820504183
n2078_taper0,80300000.0,0.2283415661444548,-1.2830551401752102,11.27204137203974
n2078_taper0,80600000.0,0.22681762823097962,-0.5127764548087042,12.978173494294941
n2078_taper0,80900000.0,0.22541864616281482,0.22490391560954548,12.688702388494276
n2078_taper0,81200000.0,0.22408678610749316,0.846069718122088,10.896361196969405
n2078_taper0,81500000.0,0.2227585191998058,1.3113098904568727,8.075585018547434
n2078_taper0,81800000.0,0.22137344822265323,1.6048207857376364,4.622297724453978
n2078_taper0,82100000.0,0.2198824586900062,1.721857813567309,0.8645148329430562
n2078_taper0,82400000.0,0.218254146170275,1.6627667841496137,-2.908882831494469
n2078_taper0,82700000.0,0.21647877519789274,1.431165847624007,-6.417860044591041
n2078_taper0,83000000.0,0.2145693604906188,1.035202727041554,-9.363157153923956
n2078_taper0,83300000.0,0.21255978956327087,0.49214748459754576,-11.403462077868877
n2078_taper0,83600000.0,0.2105002182506581,-0.16247409128656506,-12.149586115686388
n2078_taper0,83900000.0,0.20845027154841902,-0.8606426826192162,-11.209118345344832
n2078_taper0,84200000.0,0.20647086758891336,-1.4882548508429565,-8.343419960119546
n2078_taper0,84500000.0,0.204615722910307,-1.894349338878002,-3.7650873013782964
n2078_taper0,84800000.0,0.20292373399396343,-1.9526207140495524,1.6288641170497304
n2078_taper0,85100000.0,0.20141339332680022,-1.6477999696749366,6.52213051203259
n2078_taper0,85400000.0,0.2000801421186744,-1.0876760602723785,9.881599200922441
n2078_taper0,85700000.0,0.1988971019334933,-0.42421881311577936,11.355950763542738
n2078_taper0,86000000.0,0.1978190547540157,0.21921323707469895,11.115682492649531
n2078_taper0,86300000.0,0.19678899506388453,0.766663624277269,9.539773733302738
n2078_taper0,86600000.0,0.19574619055681083,1.178469334818761,7.026080962198751
n2078_taper0,86900000.0,0.19463453160586497,1.4364259607982934,3.927610233836663
n2078_taper0,87200000.0,0.19341001586333642,1.5337226704828557,0.5500688496740778
n2078_taper0,87500000.0,0.19204643766641952,1.469767453919295,-2.8298478660381594
n2078_taper0,87800000.0,0.19053865051715552,1.2485815565869505,-5.9417724799663905
n2078_taper0,88100000.0,0.18890308253373803,0.8800630024464017,-8.500567695978265
n2078_taper0,88400000.0,0.18717548145345947,0.38426711697072397,-10.192261637631411
n2078_taper0,88700000.0,0.18540614761396274,-0.20075501568336684,-10.680011309529709
n2078_taper0,89000000.0,0.18365318965897467,-0.8083586703468202,-9.658701472401571
n2078_taper0,89300000.0,0.18197460493453035,-1.3365848938011238,-6.997627282186991
n2078_taper0,89600000.0,0.18042021208443154,-1.662513545501577,-2.961296533880413
n2078_taper0,89900000.0,0.17902458463850848,-1.6926628186077388,1.6695246359312
n2078_taper0,90200000.0,0.17780207944342935,-1.42172825673034,5.8410538264959975
n2078_taper0,90500000.0,0.17674477989790263,-0.9361225974946754,8.729241190491383
n2078_taper0,90800000.0,0.17582370524814805,-0.35785600586621324,10.021765625995279
n2078_taper0,91100000.0,0.17499307403092193,0.20890707093820207,9.822217595702929
n2078_taper0,91400000.0,0.17419689546236036,0.6954137983563382,8.427615751568307
n2078_taper0,91700000.0,0.17337682287190154,1.06281369192377,6.175700346364335
n2078_taper0,92000000.0,0.17248009535663375,1.2916292340592286,3.382873820833625
n2078_taper0,92300000.0,0.1714664950172083,1.3737372599848372,0.33385062374574903
n2078_taper0,92600000.0,0.1703134834726742,1.3079609069828173,-2.7078037985031083
n2078_taper0,92900000.0,0.16901897166124683,1.0986860524920885,-5.4832955350841805
n2078_taper0,93200000.0,0.16760146595253977,0.7570679631289219,-7.723517740001216
n2078_taper0,93500000.0,0.16609760226588505,0.30485898216312984,-9.142019441515762
n2078_taper0,93800000.0,0.16455733567330222,-0.2191159362458382,-9.44878168326906
n2078_taper0,94100000.0,0.16303730935197505,-0.7514258981786108,-8.407636208867393
n2078_taper0,94400000.0,0.16159318096080597,-1.2018779401432174,-5.9598746158812475
n2078_taper0,94700000.0,0.1602719019260343,-1.4694140953121781,-2.386160429043594
n2078_taper0,95000000.0,0.159105059612058,-1.4827138770585222,1.6365809458976976
n2078_taper0,95300000.0,0.15810432929622703,-1.2414204569812797,5.245428600907153
n2078_taper0,95600000.0,0.1572598004484812,-0.8161274282300984,7.7635414250746635
n2078_taper0,95900000.0,0.156541469529089,-0.307113554026231,8.910476813769499
n2078_taper0,96200000.0,0.15590363674333824,0.19632007373522142,8.745267932802113
n2078_taper0,96500000.0,0.15529145354048687,0.6318213680755538,7.504311831689131
n2078_taper0,96800000.0,0.15464856248497905,0.9619179754005757,5.477356771324834
n2078_taper0,97100000.0,0.1539246980088567,1.1665884482984394,2.9493684268219873
n2078_taper0,97400000.0,0.15308224158097997,1.2369083138983483,0.18548555109659293
n2078_taper0,97700000.0,0.15210096782962182,1.1713382467940083,-2.5641954665015696
n2078_taper0,98000000.0,0.15098049859033036,0.9745466578344892,-5.053422370695953
n2078_taper0,98300000.0,0.1497402499512479,0.658516337985652,-7.029737586399221
n2078_taper0,98600000.0,0.14841690104933875,0.24586362694418396,-8.23287035207285
n2078_taper0,98900000.0,0.14705964609021774,-0.22496547467047975,-8.413285383284387
n2078_taper0,99200000.0,0.14572373027277324,-0.694593183881874,-7.388277618547864
n2078_taper0,99500000.0,0.1444630149388978,-1.0834511595014211,-5.146433747346914
n2078_taper0,99800000.0,0.14332253211316962,-1.3074517743029892,-1.9660359651918629
n2078_taper0,100100000.0,0.14233210482752315,-1.310654065533843,1.5645253092698261
n2078_taper0,100400000.0,0.14150204909180233,-1.0951086096977007,4.724798779886823
n2078_taper0,100700000.0,0.1408216923183745,-0.7194363044891351,6.9459875683225
n2078_taper0,101000000.0,0.14026097250574768,-0.26762099313657645,7.974325087698687
n2078_taper0,101300000.0,0.13977483426816012,0.18281645452409895,7.838484545562128
n2078_taper0,101600000.0,0.13930966184653706,0.5751708062464588,6.72901641629571
n2078_taper0,101900000.0,0.13881070554136468,0.8736268070040576,4.89677752001302
n2078_taper0,102200000.0,0.13822940674310094,1.0580913090947384,2.599546057472897
n2078_taper0,102500000.0,0.13752966625516028,1.1191862542783766,0.08431111318047443
n2078_taper0,102800000.0,0.13669234590543108,1.0551489791362463,-2.412227573847727
n2078_taper0,103100000.0,0.1357175639057833,0.8708360594309629,-4.656679457418473
n2078_taper0,103400000.0,0.13462459384373027,0.578705748541114,-6.4130403299876795
n2078_taper0,103700000.0,0.13344939849771906,0.20162785213324197,-7.445138351274081
n2078_taper0,104000000.0,0.13224004114609225,-0.22304835133649573,-7.537780167449064
n2078_taper0,104300000.0,0.13105044024241141,-0.6402537300393403,-6.5493610802003
n2078_taper0,104600000.0,0.12993317026859916,-0.9797022608059853,-4.499071345873407
n2078_taper0,104900000.0,0.12893222834419818,-1.1705441392787501,-1.6536467213327817
n2078_taper0,105200000.0,0.1280768124686251,-1.1678015563080868,1.4727780089581608
n2078_taper0,105500000.0,0.1273771105715794,-0.9746078959272622,4.268716361695959
n2078_taper0,105800000.0,0.12682283075254766,-0.6403299655650324,6.247375428592485
n2078_taper0,106100000.0,0.1263847402723124,-0.23639604621356203,7.177665590974627
n2078_taper0,106400000.0,0.12601893697955044,0.16919138139128548,7.067212537742899
n2078_taper0,106700000.0,0.12567310569478177,0.524700147620447,6.071224448398954
n2078_taper0,107000000.0,0.12529373606321276,0.7960843686041101,4.408617355734721
n2078_taper0,107300000.0,0.12483323626725076,0.9634831385764625,2.3135009109790925
n2078_taper0,107600000.0,0.1242560228463871,1.017301697942513,0.01609741644223759
n2078_taper0,107900000.0,0.12354291170699025,0.9556403043400559,-2.2599472651138264
n2078_taper0,108200000.0,0.12269339712862003,0.7834531927921391,-4.293993585825275
n2078_taper0,108500000.0,0.1217256392206763,0.5133973580142275,-5.86581331591132
n2078_taper0,108800000.0,0.12067418170016031,0.16816403806824406,-6.760984761712654
n2078_taper0,109100000.0,0.11958561311510241,-0.216411397857485,-6.793152742137636
n2078_taper0,109400000.0,0.11851259169289896,-0.5895028559811758,-5.852212565639926
n2078_taper0,109700000.0,0.1175068835947324,-0.8888101615298851,-3.97675012408463
n2078_taper0,110000000.0,0.1166122863105972,-1.0539051315995447,-1.417848824682466
n2078_taper0,110300000.0,0.11585845321261624,-1.0478230288826544,1.372417388999109
n2078_taper0,110600000.0,0.11525661437374334,-0.8740770804592851,3.8677322674159713
n2078_taper0,110900000.0,0.11479794444433397,-0.5747441472788937,5.645275023854839
n2078_taper0,111200000.0,0.11445488023863429,-0.21135637599454976,6.493459116860727
n2078_taper0,111500000.0,0.1141851489937334,0.155900750916487,6.405135017885369
n2078_taper0,111800000.0,0.11393779106589941,0.47967911369191846,5.5078089674282085
n2078_taper0,112100000.0,0.11366017761523015,0.7277174365849036,3.9938495134475365
n2078_taper0,112400000.0,0.11330497774368495,0.8805794665026354,2.076633940367868
n2078_taper0,112700000.0,0.11283617419558845,0.9286147820632533,-0.029070704740554242
n2078_taper0,113000000.0,0.11223346957757636,0.8698394135566527,-2.1121604681800705
n2078_taper0,113300000.0,0.11149468054772678,0.7092259065973295,-3.9643622193743258
n2078_taper0,113600000.0,0.11063593904470245,0.45941924468950357,-5.380287861680255
n2078_taper0,113900000.0,0.10968970387413284,0.1426365831804535,-6.164916982649671
n2078_taper0,114200000.0,0.10870075759790798,-0.2070170936412754,-6.155999140448679
n2078_taper0,114500000.0,0.10772055339917903,-0.5427293948086893,-5.2675744017155886
n2078_taper0,114800000.0,0.10680049772106308,-0.8090286573661732,-3.5501094475492625
n2078_taper0,115100000.0,0.10598498334565871,-0.9537820696101913,-1.237635037508252
n2078_taper0,115400000.0,0.10530515691669276,-0.9460174122972949,1.2697714418762263
n2078_taper0,115700000.0,0.1047744221842598,-0.7892536275861495,3.513654572775439
n2078_taper0,116000000.0,0.10438647427475294,-0.5197268985542389,5.122247209137409
n2078_taper0,116300000.0,0.1041162356490073,-0.1910186352996377,5.900892013190593
n2078_taper0,116600000.0,0.10392352354955631,0.14319537472153623,5.831983360920171
n2078_taper0,116900000.0,0.10375878392879757,0.4394411805565248,5.020994685009462
n2078_taper0,117200000.0,0.10356991998037951,0.6672016242168334,3.63799263476051
n2078_taper0,117500000.0,0.10330917903969551,0.8075829752665127,1.878090706880619
n2078_taper0,117800000.0,0.10293919741605753,0.8509879358784055,-0.05817307995252064
n2078_taper0,118100000.0,0.10243754296912776,0.7953801778581192,-1.9716267499694624
n2078_taper0,118400000.0,0.10179934833354772,0.6456847877827854,-3.6658152106213007
n2078_taper0,118700000.0,0.10103784220186077,0.41437858780442793,-4.949139856153418
n2078_taper0,119000000.0,0.10018275655397127,0.123010431382116,-5.643771455775724
n2078_taper0,119300000.0,0.09927674035683073,-0.1961311549172964,-5.607585255386204
n2078_taper0,119600000.0,0.09837008074136655,-0.4999455039856242,-4.77316192811332
n2078_taper0,119900000.0,0.09751424264411841,-0.7387940266673914,-3.197809962754392
n2078_taper0,120200000.0,0.09675497344820871,-0.8672235981979687,-1.0985265416708159
n2078_taper0,120500000.0,0.09612591908955026,-0.8588375243210257,1.168405155894373
n2078_taper0,120800000.0,0.09564376594430464,-0.7169649706472856,3.1995186406118874
n2078_taper0,121100000.0,0.09530577092271914,-0.473091840239355,4.664575546675437
n2078_taper0,121400000.0,0.0950901526687052,-0.17430647183728554,5.383727693105868
n2078_taper0,121700000.0,0.09495927718622396,0.13120203234777644,5.3319432897885415
n2078_taper0,122000000.0,0.09486504683639518,0.4033940878430011,4.596944055643591
n2078_taper0,122300000.0,0.09475555254973615,0.6134253015231645,3.3298809059772605
n2078_taper0,122600000.0,0.09458194994546534,0.7430122700807683,1.709694154353684
n2078_taper0,122900000.0,0.09430463841506252,0.7826834033274488,-0.07617158827102012
n2078_taper0,123200000.0,0.09389805984996534,0.7303688132664427,-1.8398177202818435
n2078_taper0,123500000.0,0.09335368969572179,0.5908938317991984,-3.3959704394257586
n2078_taper0,123800000.0,0.09268100692778851,0.3764546163955787,-4.565744333254069
n2078_taper0,124100000.0,0.091906390870796,0.10781108488943876,-5.186492398284329
n2078_taper0,124400000.0,0.09107002758930384,-0.1845683461800115,-5.132912499096841
n2078_taper0,124700000.0,0.09022105749483482,-0.4609710686330329,-4.35185982285943
n2078_taper0,125000000.0,0.08941139043070094,-0.6767507624495982,-2.9041076818293634
n2078_taper0,125300000.0,0.08868885398684173,-0.7918949149161087,-0.9903530037570222
n2078_taper0,125600000.0,0.08809057443040502,-0.7835666372116944,1.070247158456488
n2078_taper0,125900000.0,0.08763761970930385,-0.6548087084248323,2.919450934542164
n2078_taper0,126200000.0,0.08733185395370734,-0.43319182597496597,4.261351981875366
n2078_taper0,126500000.0,0.08715561408809669,-0.16042632136379803,4.929143844136744
n2078_taper0,126800000.0,0.08707428462573669,0.11997203350052875,4.892527585552578
n2078_taper0,127100000.0,0.08704128107718147,0.3710187483843411,4.224757082264321
n2078_taper0,127400000.0,0.0870045397121328,0.5654550676067798,3.060800635539605
n2078_taper0,127700000.0,0.08691345733256961,0.6856420475553389,1.5652080677584106
n2078_taper0,128000000.0,0.08672531498024585,0.7222812050402173,-0.08662444576131055
n2078_taper0,128300000.0,0.0864104546943555,0.67327984567643,-1.7173978180580276
n2078_taper0,128600000.0,0.08595574448012329,0.5433234401278625,-3.152344940307415
n2078_taper0,128900000.0,0.08536608873249095,0.3442490615186439,-4.224244524950777
n2078_taper0,129200000.0,0.08466390000932275,0.09595963573783933,-4.783842930972277
n2078_taper0,129500000.0,0.08388656725260421,-0.17284985442618053,-4.719936306266619
n2078_taper0,129800000.0,0.08308208052295972,-0.4255368203674318,-3.9904010444530544
n2078_taper0,130100000.0,0.08230314579532065,-0.621742821108806,-2.657218588145528
n2078_taper0,130400000.0,0.08160036099402336,-0.7259357489644214,-0.9058466261966662
n2078_taper0,130700000.0,0.08101529132706538,-0.7180956596791989,0.9762497004357612
n2078_taper0,131000000.0,0.08057448407576194,-0.6009376348787338,2.6685125805910754
n2078_taper0,131300000.0,0.08028547454867188,-0.3987670540198763,3.9038144225860596
n2078_taper0,131600000.0,0.08013556779087518,-0.1487847394848554,4.526902461898902
n2078_taper0,131900000.0,0.08009366026314844,0.10951112641695812,4.503769380808843
n2078_taper0,132200000.0,0.08011474844737469,0.3418635387274628,3.895755713129723
n2078_taper0,132500000.0,0.08014627014322312,0.5225056489740764,2.8238772940764063
n2078_taper0,132800000.0,0.08013518957842461,0.63445452903092,1.4398233349499117
n2078_taper0,133100000.0,0.08003478531183605,0.6686146383444619,-0.09210103160132484
n2078_taper0,133400000.0,0.07981033270533244,0.6228763649429525,-1.6045292256728452
n2078_taper0,133700000.0,0.07944315835138242,0.5017556780979626,-2.9325213908560093
n2078_taper0,134000000.0,0.07893278600174858,0.3166783168439512,-3.919527922452929
n2078_taper0,134300000.0,0.0782970586075491,0.08665916729969159,-4.42811541958629
n2078_taper0,134600000.0,0.07757022849331638,-0.16130436469177636,-4.3589371440123035
n2078_taper0,134900000.0,0.07679910658690145,-0.39334094108962925,-3.6784015437817903
n2078_taper0,135200000.0,0.07603750669868868,-0.572791451545227,-2.448200603046842
n2078_taper0,135500000.0,0.07533944721073318,-0.6678520273856134,-0.8397310279579364
n2078_taper0,135800000.0,0.07475186737443124,-0.6607663055660189,0.8867831309528696
n2078_taper0,136100000.0,0.07430789598257165,-0.5539112838799216,2.4425507473451975
n2078_taper0,136400000.0,0.07402183450545591,-0.36884018479450853,3.5848591693524487
n2078_taper0,136700000.0,0.07388684926089653,-0.13893155706467147,4.1687460689147615
n2078_taper0,137000000.0,0.07387587826187639,0.09979878592212346,4.157633536849996
n2078_taper0,137300000.0,0.07394558227930678,0.31553758906238893,3.602961185557585
n2078_taper0,137600000.0,0.07404255069251948,0.48391511672283427,2.6136302865939984
n2078_taper0,137900000.0,0.07411062377521833,0.5886010067493566,1.3297901493610542
n2078_taper0,138200000.0,0.0740981783895073,0.6207202414678672,-0.09447051826443446
n2078_taper0,138500000.0,0.07396445389227604,0.5781493152327865,-1.5010716373412625
n2078_taper0,138800000.0,0.073684313108346,0.4652137430255881,-2.73423720183633
n2078_taper0,139100000.0,0.0732511117790183,0.2928955004006261,-3.6471679852311465
n2078_taper0,139400000.0,0.072677533964218,0.07931601756837514,-4.1128776215663985
n2078_taper0,139700000.0,0.0719943523186739,-0.15013359764659093,-4.042032994272275
n2078_taper0,140000000.0,0.07124714337118095,-0.36407965743828313,-3.407662242434114
n2078_taper0,140300000.0,0.07049109589513064,-0.5290703263691015,-2.2701872412695008
n2078_taper0,140600000.0,0.06978425218067083,-0.6164344386430642,-0.7881267516476136
n2078_taper0,140900000.0,0.06917983336976387,-0.6102600356201718,0.801868157820181
n2078_taper0,141200000.0,0.06871866016563359,-0.51259267017588,2.2380620896581642
n2078_taper0,141500000.0,0.06842293885252544,-0.3426439496709759,3.298673260151141
n2078_taper0,141800000.0,0.06829265095899777,-0.13052160661492052,3.847949465327459
n2078_taper0,142100000.0,0.06830535659227033,0.09079924280611665,3.8475801599248856
n2078_taper0,142400000.0,0.06841948525420641,0.29170255900342584,3.34070766666716
n2078_taper0,142700000.0,0.06858041680516436,0.44912313316025915,2.425647157643632
n2078_taper0,143000000.0,0.0687281466203854,0.5473699067098421,1.2321544332138357
n2078_taper0,143300000.0,0.06880522270615909,0.577797426873716,-0.09510067759977106
n2078_taper0,143600000.0,0.06876386772777007,0.5382696991989164,-1.4067081657360923
n2078_taper0,143900000.0,0.06857156716488075,0.4329078722957759,-2.5554210929567702
n2078_taper0,144200000.0,0.06821474232471032,0.27223256216813785,-3.403345749085674
n2078_taper0,144500000.0,0.06770034711831872,0.07348373504976366,-3.832748988703718
n2078_taper0,144800000.0,0.06705533104566755,-0.13945591261751797,-3.762792665390511
n2078_taper0,145100000.0,0.06632395323497405,-0.33746352493531356,-3.171648804192099
n2078_taper0,145400000.0,0.0655629932375354,-0.4898821140902099,-2.117842088078048
n2078_taper0,145700000.0,0.06483506388494084,-0.5706967905188184,-0.7481436133579284
n2078_taper0,146000000.0,0.0642005406285305,-0.5655175767981748,0.7213250333719099
n2078_taper0,146300000.0,0.06370905483831309,-0.47607423517703634,2.0520847800623887
n2078_taper0,146600000.0,0.06339191125880086,-0.3195691257054173,3.0404639235493183
n2078_taper0,146900000.0,0.06325693998093466,-0.12328720894966158,3.5589905163401974
n2078_taper0,147200000.0,0.06328697146113926,0.08246902187754852,3.56824292947671
n2078_taper0,147500000.0,0.06344233601160955,0.27006578027392025,3.1043574984056725
n2078_taper0,147800000.0,0.06366682586337163,0.41765386998644116,2.2563450570101358
n2078_taper0,148100000.0,0.06389582747827065,0.5101620411599973,1.1445680306526294
n2078_taper0,148400000.0,0.06406509130960275,0.5391775301275015,-0.0949961236978589
n2078_taper0,148700000.0,0.06411882336337515,0.502552407431983,-1.3210253620711288
n2078_taper0,149000000.0,0.06401622652790255,0.40419514572870885,-2.394202654781329
n2078_taper0,149300000.0,0.06373604754742088,0.25415837394194674,-3.184771206521914
n2078_taper0,149600000.0,0.06327896450806818,0.06882409345647136,-3.5832151590313974
n2078_taper0,149900000.0,0.06266776551455157,-0.12933445765536566,-3.5159370940704364
n2078_taper0,150200000.0,0.061945281864848954,-0.3132245631737732,-2.9651088599605235
n2078_taper0,150500000.0,0.06117004164661841,-0.4546371260329758,-1.9869733764214546
n2078_taper0,150800000.0,0.06040970594637266,-0.5298286112703712,-0.717604716992793
n2078_taper0,151100000.0,0.05973262994145846,-0.5256795292115867,0.64486235944039
n2078_taper0,151400000.0,0.05919837983423405,-0.443623869870174,1.882104861353659
n2078_taper0,151700000.0,0.05884861805465441,-0.29912673995503386,2.8062490195818954
n2078_taper0,152000000.0,0.058700156630940005,-0.11701842679141253,3.297298060077102
n2078_taper0,152300000.0,0.05874183180186809,0.07476173065443578,3.3151827753646312
n2078_taper0,152600000.0,0.05893604164299787,0.25037408666158806,2.8900832957032856
n2078_taper0,152900000.0,0.05922458769588688,0.38910199128431144,2.102789245678211
n2078_taper0,153200000.0,0.059537423566613464,0.47647074533283645,1.065146302733641
n2078_taper0,153500000.0,0.05980247588879181,0.5042993326838556,-0.09489896225965361
n2078_taper0,153800000.0,0.059954906389349805,0.4704280530538728,-1.2435668451488775
n2078_taper0,154100000.0,0.059944739205122874,0.3785487794416565,-2.2489099855630075
n2078_taper0,154400000.0,0.05974233992922589,0.2382475254338125,-2.9886128472628544
n2078_taper0,154700000.0,0.059341600142843225,0.0650791253903633,-3.360478214004187
n2078_taper0,155000000.0,0.05876082075044816,-0.11979600941995783,-3.297110157491561
n2078_taper0,155300000.0,0.058041268601275356,-0.2911189651291832,-2.7837895398109187
n2078_taper0,155600000.0,0.05724331308382028,-0.42283539071482745,-1.8742593819541031
n2078_taper0,155900000.0,0.056440058270274214,-0.4931591910902239,-0.6948578123673929
n2078_taper0,156200000.0,0.055708602408250256,-0.4900426634828807,0.5721286018395034
n2078_taper0,156500000.0,0.05511957006004085,-0.4146457045199712,1.7259763317087597
n2078_taper0,156800000.0,0.05472631675840686,-0.28092094072824975,2.592693367092451
n2078_taper0,157100000.0,0.054555894489918266,-0.11154944429345484,3.0590572843865824
n2078_taper0,157400000.0,0.05460399276084365,0.06763031226489938,3.0846981385066026
n2078_taper0,157700000.0,0.05483528938116934,0.2324076099658307,2.69470078063438
n2078_taper0,158000000.0,0.05518915822590294,0.363120347654364,1.962555354268927
n2078_taper0,158300000.0,0.0555892163384106,0.4458650551881711,0.9923624988777591
n2078_taper0,158600000.0,0.05595446464941672,0.4726887692152731,-0.09535982699914793
n2078_taper0,158900000.0,0.056209957204220534,0.441420062474567,-1.1738655199618555
n2078_taper0,159200000.0,0.05629565492474251,0.35553366799427044,-2.118056439055668
n2078_taper0,159500000.0,0.056172878661207994,0.22415609520357532,-2.8124306383761675
n2078_taper0,159800000.0,0.05582826901378061,0.062050133833502094,-3.161329415177626
n2078_taper0,160100000.0,0.05527533478163426,-0.11084429187921072,-3.1026940784312873
n2078_taper0,160400000.0,0.05455361750849544,-0.2709278448967086,-2.624218044651106
n2078_taper0,160700000.0,0.05372534825376962,-0.39405207995386815,-1.7770403540494315
n2078_taper0,161000000.0,0.05286936902387471,-0.46013007134783257,-0.6786340812008793
n2078_taper0,161300000.0,0.05207220201139797,-0.45802705915000413,0.502751727861223
n2078_taper0,161600000.0,0.05141664106958392,-0.38865064803172467,1.5818643540518922
n2078_taper0,161900000.0,0.05096915438562582,-0.26462840792902864,2.3969898381102586
n2078_taper0,162200000.0,0.050768443796597486,-0.10674798237800266,2.841067032723863
n2078_taper0,162500000.0,0.05081804160952789,0.0610290935099741,2.8736852339974424
n2078_taper0,162800000.0,0.05108517495602241,0.2159754054165515,2.515545801061083
n2078_taper0,163100000.0,0.051506307897195444,0.33941095369318486,1.8336288961064977
n2078_taper0,163400000.0,0.05199771330089725,0.4179772801811439,0.9249722272050285
n2078_taper0,163700000.0,0.05246826840785837,0.4439439612742451,-0.09678631962862312
n2078_taper0,164000000.0,0.052831813051610346,0.41512791673615146,-1.111461673141359
n2078_taper0,164300000.0,0.05301737757985339,0.33478876878699215,-2.000323599808672
n2078_taper0,164600000.0,0.05297663000832313,0.21160466003722533,-2.654118403176054
n2078_taper0,164900000.0,0.052688555410738726,0.05958369249083802,-2.9830476536099213
n2078_taper0,165200000.0,0.052161597149451844,-0.10246770761270774,-2.9296683336908473
n2078_taper0,165500000.0,0.05143339055762672,-0.2524553202678748,-2.483539858410961
n2078_taper0,165800000.0,0.05056797068308637,-0.3679243549469128,-1.693170895656474
n2078_taper0,166100000.0,0.04965009552657954,-0.43027280128481615,-0.6679542698062945
n2078_taper0,166400000.0,0.04877628569823184,-0.42915047763750713,0.43635587593579356
n2078_taper0,166700000.0,0.048042585568212,-0.36523375804532293,1.4481897774549175
n2078_taper0,167000000.0,0.04753008552414853,-0.24998271553053783,2.216757407451867
n2078_taper0,167300000.0,0.047290730517297944,-0.10250752170970019,2.64062010766802
n2078_taper0,167600000.0,0.04733706468092801,0.05491477032919015,2.6795211701674977
n2078_taper0,167900000.0,0.04763920765309401,0.20091125161731935,2.350371331254601
n2078_taper0,168200000.0,0.04813017139262149,0.3177170008888755,1.7143210633866905
n2078_taper0,168500000.0,0.0487177421337228,0.39249225132432974,0.8619503110547412
n2078_taper0,168800000.0,0.04929935448406825,0.41772245009290454,-0.09948323345023995
n2078_taper0,169100000.0,0.04977647677967722,0.3912130421652868,-1.055917715037794
n2078_taper0,169400000.0,0.050066365826150816,0.3160124830769295,-1.8945470480862163
n2078_taper0,169700000.0,0.050110498463180865,0.20036442040074975,-2.5118569543546685
n2078_taper0,170000000.0,0.049879874195243847,0.057560408675311134,-2.8233184412960166
n2078_taper0.1,20000000.0,0.9683361888363716,0.5833428430801822,-55.6760321178752
n2078_taper0.1,20300000.0,0.9646594440780364,-2.4808917595808895,-65.04124304357292
n2078_taper0.1,20600000.0,0.9611828605535746,-7.740612034454571,-72.66930222214316
n2078_taper0.1,20900000.0,0.958031802340043,-23.377261811962263,-50.20571587037029
n2078_taper0.1,21200000.0,0.9552735859880481,-10.283159909915177,72.78855548245873
n2078_taper0.1,21500000.0,0.9529076207167879,-3.7465064622138855,66.69633678386457
n2078_taper0.1,21800000.0,0.9508645676075547,-0.24703694804452841,57.63637015486533
n2078_taper0.1,22100000.0,0.9490146961888324,2.0175939855008,47.923224961422186
n2078_taper0.1,22400000.0,0.9471842334526375,3.5706984533265826,37.97118489190356
n2078_taper0.1,22700000.0,0.9451773565296497,4.6330872401978676,27.915346692998813
n2078_taper0.1,23000000.0,0.9428007814722698,5.3143370756369315,17.816469531824765
n2078_taper0.1,23300000.0,0.9398877171271487,5.6715526362306985,7.710202248996243
n2078_taper0.1,23600000.0,0.9363182259449195,5.731556600374649,-2.375831610851052
n2078_taper0.1,23900000.0,0.93203362865542,5.499443924495711,-12.41325349091143
n2078_taper0.1,24200000.0,0.9270433642432783,4.9601191826717494,-22.36502271563056
n2078_taper0.1,24500000.0,0.9214235657172811,4.073878395309603,-32.173162532889535
n2078_taper0.1,24800000.0,0.9153074811754969,2.762983065605991,-41.73220964958727
n2078_taper0.1,25100000.0,0.9088687361630766,0.8778740975439823,-50.817389176632624
n2078_taper0.1,25400000.0,0.9022992719598021,-1.897271366136498,-58.83507794729217
n2078_taper0.1,25700000.0,0.8957845424730242,-6.38489413686376,-63.527760567363146
n2078_taper0.1,26000000.0,0.8894790934668668,-15.577710594706238,-44.70537398488539
n2078_taper0.1,26300000.0,0.8834858289035785,-12.034957793673662,55.68931197272559
n2078_taper0.1,26600000.0,0.8778419542953738,-4.869803396129098,60.89934423949213
n2078_taper0.1,26900000.0,0.8725137310841151,-1.0884007533507922,54.80176885967641
n2078_taper0.1,27200000.0,0.8674008808196254,1.3227053106394246,46.483468757399386
n2078_taper0.1,27500000.0,0.8623499898355174,2.9645612562967183,37.391392130972534
n2078_taper0.1,27800000.0,0.8571749033216579,4.086435962861624,27.966207470753414
n2078_taper0.1,28100000.0,0.8516811420050912,4.810817389678873,18.394908495753192
n2078_taper0.1,28400000.0,0.8456909727025195,5.201831846069506,8.779777285271406
n2078_taper0.1,28700000.0,0.8390659032921157,5.290919801001639,-0.8066795731581237
n2078_taper0.1,29000000.0,0.8317239219449992,5.0870293011682275,-10.296479146707822
n2078_taper0.1,29300000.0,0.8236495866753637,4.579339495498164,-19.607005094902462
n2078_taper0.1,29600000.0,0.8148959482065503,3.734412552655763,-28.61509900029903
n2078_taper0.1,29900000.0,0.8055781708480048,2.4861285918135505,-37.10512436737012
n2078_taper0.1,30200000.0,0.7958595710587298,0.7116032147389283,-44.63695683502881
n2078_taper0.1,30500000.0,0.7859316121578723,-1.8262697413019673,-50.12810552154576
n2078_taper0.1,30800000.0,0.7759901472530429,-5.61050699295933,-50.09034840480236
n2078_taper0.1,31100000.0,0.76621081089334,-11.064474572747049,-28.611801900213383
n2078_taper0.1,31400000.0,0.75672678851053,-10.582236920002563,29.490973274023922
n2078_taper0.1,31700000.0,0.747612088062427,-5.308306751437961,47.33471437073248
n2078_taper0.1,32000000.0,0.7388727999881602,-1.7686300663857877,46.67065592835922
n2078_taper0.1,32300000.0,0.7304476883827362,0.588192774136255,41.1504401735893
n2078_taper0.1,32600000.0,0.7222180009328522,2.2137821259752912,33.84657295788044
n2078_taper0.1,32900000.0,0.7140249319484876,3.330387138330218,25.7522327511586
n2078_taper0.1,33200000.0,0.7056920482660898,4.0543678040266675,17.291667972027568
n2078_taper0.1,33500000.0,0.6970494097539467,4.449054474913908,8.691867832284954
n2078_taper0.1,33800000.0,0.6879561277926435,4.547201544172712,0.10585273999627053
n2078_taper0.1,34100000.0,0.6783185925692841,4.360728525404924,-8.332649647751651
n2078_taper0.1,34400000.0,0.6681023703972917,3.8841943770321463,-16.47228953407427
n2078_taper0.1,34700000.0,0.6573366412430354,3.0942075261987627,-24.101094366119916
n2078_taper0.1,35000000.0,0.6461108940221363,1.9451767585867743,-30.870254027148828
n2078_taper0.1,35300000.0,0.634564377016799,0.36171590308452345,-36.123949103386515
n2078_taper0.1,35600000.0,0.6228695151200702,-1.7643699695870216,-38.46138560410504
n2078_taper0.1,35900000.0,0.6112111615811632,-4.500291734929355,-34.547361767047576
n2078_taper0.1,36200000.0,0.599764119465184,-7.246898646538147,-17.358806527451915
n2078_taper0.1,36500000.0,0.5886717570448889,-7.38693797347384,11.931301952572031
n2078_taper0.1,36800000.0,0.5780286136972659,-4.809999323104609,29.929343592958258
n2078_taper0.1,37100000.0,0.5678695164299415,-2.178823916153757,34.47042794037415
n2078_taper0.1,37400000.0,0.5581668566682005,-0.15213674472748262,32.687801596613134
n2078_taper0.1,37700000.0,0.5488364195660478,1.3310757139932903,28.048075254692098
n2078_taper0.1,38000000.0,0.5397507739785593,2.381613600208949,22.013674993102324
n2078_taper0.1,38300000.0,0.5307580496952826,3.0785286388478017,15.279456328959872
n2078_taper0.1,38600000.0,0.5217032185424373,3.471731296461388,8.231041995536666
n2078_taper0.1,38900000.0,0.512448864218592,3.5903463928537245,1.1248589481034261
n2078_taper0.1,39200000.0,0.5028927991106373,3.448367445345885,-5.827621613684975
n2078_taper0.1,39500000.0,0.49298057660603545,3.047866636676888,-12.407004961662485
n2078_taper0.1,39800000.0,0.4827117485868455,2.380919105357082,-18.33522855674215
n2078_taper0.1,40100000.0,0.4721394818003914,1.4320561473316529,-23.204327003259536
n2078_taper0.1,40400000.0,0.4613638107729762,0.18594451037393625,-26.355731080580817
n2078_taper0.1,40700000.0,0.45051937513595836,-1.3447886373412443,-26.679558101690006
n2078_taper0.1,41000000.0,0.43975900059720024,-3.0283873222593534,-22.426798003533822
n2078_taper0.1,41300000.0,0.4292349529173498,-4.40617133760545,-11.914425089883151
n2078_taper0.1,41600000.0,0.4190800870608651,-4.689983094045239,2.9564755466226753
n2078_taper0.1,41900000.0,0.40939132779973947,-3.705493331741672,15.420659304452638
n2078_taper0.1,42200000.0,0.40021781426516884,-2.1842134699635087,21.75149730852529
n2078_taper0.1,42500000.0,0.391555510946495,-0.7180474795784968,23.051302485886282
n2078_taper0.1,42800000.0,0.3833491379391924,0.49027509163997424,21.227874032535272
n2078_taper0.1,43100000.0,0.3755010719333111,1.409147570846148,17.58945074239497
n2078_taper0.1,43400000.0,0.367885708946822,2.0537800738294814,12.924802289533256
n2078_taper0.1,43700000.0,0.36036696032491905,2.446110190522562,7.726100663431586
n2078_taper0.1,44000000.0,0.35281625282711426,2.6043001260408616,2.3330934424461414
n2078_taper0.1,44300000.0,0.3451286140629617,2.540979996026719,-2.9829642020971447
n2078_taper0.1,44600000.0,0.33723498801598634,2.2641642264403945,-7.965282451394154
n2078_taper0.1,44900000.0,0.3291096301132541,1.779631341411385,-12.328487784598696
n2078_taper0.1,45200000.0,0.32077210519776916,1.0956372956283233,-15.716078772476925
n2078_taper0.1,45500000.0,0.3122839697333785,0.23275861739123008,-17.657312354035465
n2078_taper0.1,45800000.0,0.30374066019114415,-0.755913307967956,-17.54780501658339
n2078_taper0.1,46100000.0,0.2952594808275911,-1.749872572564764,-14.750343747688047
n2078_taper0.1,46400000.0,0.2869649385535792,-2.5299778752779822,-9.023408099499823
n2078_taper0.1,46700000.0,0.27897302524057765,-2.8331032168365584,-1.2869437803978656
n2078_taper0.1,47000000.0,0.2713763465414654,-2.549420350950884,6.278965287471333
n2078_taper0.1,47300000.0,0.26423212060055573,-1.8358213091588882,11.679927926130706
n2078_taper0.1,47600000.0,0.2575548732139697,-0.956310694131812,14.294485869378788
n2078_taper0.1,47900000.0,0.25131504927693443,-0.10658380746690194,14.509579831452676
n2078_taper0.1,48200000.0,0.24544379916257086,0.6137192463074593,12.984533498771919
n2078_taper0.1,48500000.0,0.2398431059928316,1.1651419415811193,10.30839649958235
n2078_taper0.1,48800000.0,0.23439950656248865,1.5369032316166853,6.937371960644016
n2078_taper0.1,49100000.0,0.22899917779309775,1.7301289599163636,3.2223691744127754
n2078_taper0.1,49400000.0,0.22354218983109095,1.7505845694712543,-0.5505196655896726
n2078_taper0.1,49700000.0,0.21795415715134725,1.6063786365650181,-4.1255007098436955
n2078_taper0.1,50000000.0,0.21219414000749,1.308510732362231,-7.250365038472963
n2078_taper0.1,50300000.0,0.20625826128674563,0.8736992095613956,-9.657702365116704
n2078_taper0.1,50600000.0,0.20017899269798886,0.3297178350095359,-11.058734491531682
n2078_taper0.1,50900000.0,0.1940204096113788,-0.2766917299289137,-11.164228025260055
n2078_taper0.1,51200000.0,0.18786996417407517,-0.8716353065603556,-9.759168472657723
n2078_taper0.1,51500000.0,0.18182755602386177,-1.3541732302402607,-6.851722591519379
n2078_taper0.1,51800000.0,0.17599294762077342,-1.6193800170033656,-2.842996703071711
n2078_taper0.1,52100000.0,0.17045288169191006,-1.606371682495944,1.467423551843336
n2078_taper0.1,52400000.0,0.16526953573700767,-1.335571493675915,5.178786800240071
n2078_taper0.1,52700000.0,0.16047204175204283,-0.8941455409644736,7.679305360869154
n2078_taper0.1,53000000.0,0.15605254204806307,-0.3864768261066645,8.788207689585018
n2078_taper0.1,53300000.0,0.15196757202845954,0.10309005623676294,8.63700328036835
n2078_taper0.1,53600000.0,0.14814457394744612,0.5200142557151626,7.494690005333016
n2078_taper0.1,53900000.0,0.14449234648139314,0.8341695077759316,5.655732361399578
n2078_taper0.1,54200000.0,0.1409135566466456,1.031676772144107,3.3942465743509453
n2078_taper0.1,54500000.0,0.13731727434042923,1.108815891108088,0.9548827128707745
n2078_taper0.1,54800000.0,0.13362979760386012,1.068655628912581,-1.4419643325780485
n2078_taper0.1,55100000.0,0.12980261110027597,0.9198681430056113,-3.592226631227905
n2078_taper0.1,55400000.0,0.1258169220768252,0.6771481029799884,-5.303506450871421
n2078_taper0.1,55700000.0,0.1216846871805958,0.36273034061163495,-6.398239557875087
n2078_taper0.1,56000000.0,0.1174463328894997,0.008269109043867856,-6.729623220394042
n2078_taper0.1,56300000.0,0.11316552299026247,-0.34438489302868613,-6.214331941963724
n2078_taper0.1,56600000.0,0.10892142417468613,-0.6459590956098626,-4.878872461853583
n2078_taper0.1,56900000.0,0.10479905735815585,-0.848461642683695,-2.899449431693076
n2078_taper0.1,57200000.0,0.10087856141691644,-0.9189275752061408,-0.5981975770481894
n2078_taper0.1,57500000.0,0.09722453382526218,-0.8514697001989786,1.6294961112041106
n2078_taper0.1,57800000.0,0.09387694110033422,-0.6690403761948667,3.4299279270597895
n2078_taper0.1,58100000.0,0.09084520290899611,-0.41344232308712847,4.58096257297484
n2078_taper0.1,58400000.0,0.0881067304952034,-0.13098884646589393,5.014021388319938
n2078_taper0.1,58700000.0,0.08561038364686073,0.13813731290994533,4.781575562962348
n2078_taper0.1,59000000.0,0.08328421882784857,0.36435135386172884,4.008029088829866
n2078_taper0.1,59300000.0,0.08104595681063427,0.5287861062894891,2.8496456972675315
n2078_taper0.1,59600000.0,0.07881417247318845,0.6216436013369611,1.4700800393927016
n2078_taper0.1,59900000.0,0.0765183919499476,0.6404154939749414,0.028032133460314506
n2078_taper0.1,60200000.0,0.0741068688369823,0.5886284210523377,-1.3285991475263261
n2078_taper0.1,60500000.0,0.071551484263536,0.47519391155021706,-2.466745775973246
n2078_taper0.1,60800000.0,0.06884973622413564,0.3141486126535336,-3.273664194901521
n2078_taper0.1,61100000.0,0.06602406519804334,0.12437978932748445,-3.6658272599097903
n2078_taper0.1,61400000.0,0.06311883989485051,-0.07122603008625918,-3.6013707412509524
n2078_taper0.1,61700000.0,0.060195290707585225,-0.24781044649583153,-3.093451651200139
n2078_taper0.1,62000000.0,0.05732463699445191,-0.3820414620107133,-2.218424768224273
n2078_taper0.1,62300000.0,0.05457971543899117,-0.4565757651583197,-1.110999384262146
n2078_taper0.1,62600000.0,0.05202566913311228,-0.4639828372766658,0.058019841431660314
n2078_taper0.1,62900000.0,0.04971071553201793,-0.4083063017920351,1.1168208733395544
n2078_taper0.1,63200000.0,0.04765852946427481,-0.3034212077093501,1.9275354642788518
n2078_taper0.1,63500000.0,0.04586401241845205,-0.16902931657847559,2.408053181671609
n2078_taper0.1,63800000.0,0.044293791102872196,-0.0261252501489136,2.536024711773604
n2078_taper0.1,64100000.0,0.042891628131463806,0.10654455993521292,2.339344251644808
n2078_taper0.1,64400000.0,0.041587502814461705,0.21448909155188112,1.8808454209874745
n2078_taper0.1,64700000.0,0.040308174348601046,0.288185735236684,1.2432311174142678
n2078_taper0.1,65000000.0,0.0389870103449768,0.32301078657919086,0.5169156502460243
n2078_taper0.1,65300000.0,0.03757157957486719,0.31881898777759543,-0.20904484973388404
n2078_taper0.1,65600000.0,0.036028442097832916,0.2794069994493775,-0.8538751266178458
n2078_taper0.1,65900000.0,0.034345282142989014,0.21191650786595226,-1.3509065930213615
n2078_taper0.1,66200000.0,0.032530868516177515,0.12611443955762353,-1.6529036412475007
n2078_taper0.1,66500000.0,0.030613358401752635,0.03344112210083687,-1.7367558680131212
n2078_taper0.1,66800000.0,0.028637310567811124,-0.05424755084626309,-1.6066117090198588
n2078_taper0.1,67100000.0,0.02665954622173559,-0.12619600121504784,-1.2940012164262036
n2078_taper0.1,67400000.0,0.024743767657733822,-0.1742974940621256,-0.853650577262716
n2078_taper0.1,67700000.0,0.022953721533527077,-0.19430599630494827,-0.3547770104917976
n2078_taper0.1,68000000.0,0.021344866618814216,-0.18634544917176654,0.13064986704442313
n2078_taper0.1,68300000.0,0.019955213712930478,-0.15454681386465122,0.539815414285596
n2078_taper0.1,68600000.0,0.01879723938289222,-0.10594219433990888,0.8281294217725731
n2078_taper0.1,68900000.0,0.017853810224953914,-0.048974936278846914,0.9736501772915961
n2078_taper0.1,69200000.0,0.01708056652325222,0.007969707802204844,0.9767936214923206
n2078_taper0.1,69500000.0,0.016414696675012566,0.057725732464053055,0.8565541823045401
n2078_taper0.1,69800000.0,0.015787082150144318,0.0950842080113843,0.6448827881594474
n2078_taper0.1,70100000.0,0.015133758501949323,0.11712585574859702,0.38059934977077
n2078_taper0.1,70400000.0,0.014403970385716286,0.12322725176600698,0.10369743315011255
n2078_taper0.1,70700000.0,0.013564216114324876,0.11482386646675292,-0.14953782100201415
n2078_taper0.1,71000000.0,0.012599073053357316,0.09499326272303671,-0.35040428986144523
n2078_taper0.1,71300000.0,0.011509978508904624,0.06790439650234599,-0.48050060531606065
n2078_taper0.1,71600000.0,0.010312950052540267,0.038177959543097134,-0.5331018535357012
n2078_taper0.1,71900000.0,0.00903590930602885,0.01021885880423359,-0.5130070446924415
n2078_taper0.1,72200000.0,0.007716039313690837,-0.012395207316180693,-0.4347918742259533
n2078_taper0.1,72500000.0,0.006397516841087367,-0.02737284950616892,-0.3196573503753036
n2078_taper0.1,72800000.0,0.005130033778234355,-0.03393351766728515,-0.1913853247342938
n2078_taper0.1,73100000.0,0.003968764440644808,-0.03275920734004693,-0.07215754777977991
n2078_taper0.1,73400000.0,0.002976515547565279,-0.025696232626768352,0.02096017854369072
n2078_taper0.1,73700000.0,0.0022256302517755337,-0.015284959563967235,0.0782553796316078
n2078_taper0.1,74000000.0,0.001778707300812683,-0.0042243615311082176,0.0980545827341255
n2078_taper0.1,74300000.0,0.0016122313189876661,0.005124463598500318,0.0859376697243211
n2078_taper0.1,74600000.0,0.0015783442057364097,0.011117315189663189,0.05281687560681722
n2078_taper0.1,74900000.0,0.0015182239677650796,0.013043823928917285,0.012337172840393455
n2078_taper0.1,75200000.0,0.0013424365791690552,0.011168402804542982,-0.021931111549138953
n2078_taper0.1,75500000.0,0.0010218643910815828,0.006604878625758613,-0.03907817882260229
n2078_taper0.1,75800000.0,0.0005860699653631439,0.0010525912189420785,-0.032851564318451175
n2078_taper0.1,76100000.0,0.0004128911110803742,-0.0035623446374748024,-0.002772970870800923
n2078_taper0.1,76400000.0,0.0010182969545464503,-0.005482444329218036,0.04580735544025011
n2078_taper0.1,76700000.0,0.0018371631722939317,-0.003482973362503079,0.1027453821548402
n2078_taper0.1,77000000.0,0.002726741035769362,0.0028624508094572355,0.15505964426287627
n2078_taper0.1,77300000.0,0.0036354059831738266,0.013066391293352297,0.18945184894476952
n2078_taper0.1,77600000.0,0.004521649120992671,0.025784444600564487,0.1949106067951178
n2078_taper0.1,77900000.0,0.005348332361324817,0.03903101222363212,0.16490674947909206
n2078_taper0.1,78200000.0,0.006083084504899627,0.050509800247259914,0.09879540617378473
n2078_taper0.1,78500000.0,0.006699660291353838,0.057997467296248585,0.002220810959646339
n2078_taper0.1,78800000.0,0.007179476756035067,0.05971704380832468,-0.11348982126822373
n2078_taper0.1,79100000.0,0.007513158646096233,0.05464744865165538,-0.2328084442785993
n2078_taper0.1,79400000.0,0.007702055022737145,0.042729819989694474,-0.33814015437659395
n2078_taper0.1,79700000.0,0.007759692631236584,0.024945085829229753,-0.4123406037343762
n2078_taper0.1,80000000.0,0.007713016779511881,0.0032486785460098737,-0.44132177973031184
n2078_taper0.1,80300000.0,0.0076029429332844355,-0.019640272922049118,-0.4164222258213083
n2078_taper0.1,80600000.0,0.007483094208997811,-0.04058271299257183,-0.3361900891316394
n2078_taper0.1,80900000.0,0.007414810127132265,-0.056462441377025926,-0.20723026277120252
n2078_taper0.1,81200000.0,0.007456675299105897,-0.0646686018000479,-0.04384341948674591
n2078_taper0.1,81500000.0,0.0076498259025913,-0.063537274910162,0.13363594676637158
n2078_taper0.1,81800000.0,0.00800555404018448,-0.052665708406043954,0.3016297205824493
n2078_taper0.1,82100000.0,0.008502981245890929,-0.0330306654344848,0.43678465517396065
n2078_taper0.1,82400000.0,0.00909767999289958,-0.006882718628998658,0.519486821162845
n2078_taper0.1,82700000.0,0.009734633355703657,0.022561813394993902,0.53678152696335
n2078_taper0.1,83000000.0,0.010358973417448687,0.05156836917144343,0.4842261085846831
n2078_taper0.1,83300000.0,0.01092245336396608,0.07638891129506609,0.36646943004499344
n2078_taper0.1,83600000.0,0.011386643198475136,0.09374633323122727,0.19660894934441134
n2078_taper0.1,83900000.0,0.011724361519541553,0.10124079444501924,-0.005454630467260763
n2078_taper0.1,84200000.0,0.011920350941409396,0.09764344395306909,-0.21538238252489328
n2078_taper0.1,84500000.0,0.011971674683347843,0.08306031174828012,-0.40721065974063836
n2078_taper0.1,84800000.0,0.01188798033133543,0.05895760675884687,-0.5563745614148152
n2078_taper0.1,85100000.0,0.011691567284709294,0.028041975792313833,-0.6427109489918149
n2078_taper0.1,85400000.0,0.011416989415175851,-0.0060082762930567645,-0.6531738038006637
n2078_taper0.1,85700000.0,0.011109642417477786,-0.038955382247031135,-0.5839264831991012
n2078_taper0.1,86000000.0,0.010822453024957532,-0.06653075729514125,-0.44142316679514615
n2078_taper0.1,86300000.0,0.010609693955708006,-0.08502162115686786,-0.24212374467187375
n2078_taper0.1,86600000.0,0.010517733572356927,-0.09182540531554062,-0.010658956715635336
n2078_taper0.1,86900000.0,0.010574638404356544,-0.08586606301045863,0.22342524813172857
n2078_taper0.1,87200000.0,0.010782845480083866,-0.06778113586758186,0.42985025941409083
n2078_taper0.1,87500000.0,0.01111881374292799,-0.03983551096438251,0.5819503523271002
n2078_taper0.1,87800000.0,0.011539750636566445,-0.005581948177454551,0.6603694109661681
n2078_taper0.1,88100000.0,0.01199365311927862,0.030655643275071774,0.6554946247619973
n2078_taper0.1,88400000.0,0.012428487985658163,0.06437296120313216,0.568359294001871
n2078_taper0.1,88700000.0,0.01279853367489391,0.0914527095756979,0.4100900630773011
n2078_taper0.1,89000000.0,0.013067976108347562,0.10863910620742602,0.2001976953595042
n2078_taper0.1,89300000.0,0.013212652801967829,0.11388285278145059,-0.035916850195199274
n2078_taper0.1,89600000.0,0.013220775884759733,0.10654470265077429,-0.2699066941749802
n2078_taper0.1,89900000.0,0.013093146016379334,0.08745755405219796,-0.4736158525146808
n2078_taper0.1,90200000.0,0.012843077424703947,0.05884830492196076,-0.6222043573916437
n2078_taper0.1,90500000.0,0.012496022284071373,0.024118344922148878,-0.6970548920216191
n2078_taper0.1,90800000.0,0.012088653051780293,-0.012516413071776068,-0.6881972177886492
n2078_taper0.1,91100000.0,0.011666884987482003,-0.0465121352638305,-0.5959117027545426
n2078_taper0.1,91400000.0,0.011282053305067985,-0.07357076729006451,-0.4311440362222777
n2078_taper0.1,91700000.0,0.010984496914140784,-0.09022848889137415,-0.2144491656344763
n2078_taper0.1,92000000.0,0.010814691028571787,-0.09436037388954815,0.026581108787216465
n2078_taper0.1,92300000.0,0.010794026891760955,-0.08549984869471497,0.26110570447028436
n2078_taper0.1,92600000.0,0.01091911407311601,-0.06490178847354058,0.45940052052222446
n2078_taper0.1,92900000.0,0.011162722656553084,-0.035335335043591175,0.5969923179629788
n2078_taper0.1,93200000.0,0.011480898642304355,-0.0006554216026588696,0.6578212616359524
n2078_taper0.1,93500000.0,0.011822611936895358,0.03475418977902323,0.6359765793634194
n2078_taper0.1,93800000.0,0.01213824489050578,0.06656244221939953,0.5359120307347978
n2078_taper0.1,94100000.0,0.012385293748126944,0.09101132762217984,0.3713450513812978
n2078_taper0.1,94400000.0,0.012531474604561471,0.10532172005227014,0.16319677378835018
n2078_taper0.1,94700000.0,0.012556101035774273,0.1079621768480046,-0.06305492327513473
n2078_taper0.1,95000000.0,0.01245052086272682,0.09877796721645883,-0.28030192309393004
n2078_taper0.1,95300000.0,0.01221810161539153,0.07898510986229525,-0.4627809778997239
n2078_taper0.1,95600000.0,0.011873983580941128,0.05103397412666685,-0.5889069973078477
n2078_taper0.1,95900000.0,0.01144460037163794,0.018346006494452026,-0.6437624336523101
n2078_taper0.1,96200000.0,0.010966739411345645,-0.015067925907525316,-0.6209920347945946
n2078_taper0.1,96500000.0,0.010485621010053028,-0.045084240437783675,-0.5238084554774526
n2078_taper0.1,96800000.0,0.01005116133960898,-0.06799134725120697,-0.3648316835175306
n2078_taper0.1,97100000.0,0.009711572722545615,-0.08099024094486311,-0.16461074428159791
n2078_taper0.1,97400000.0,0.009504394426236278,-0.08258487693247255,0.05108584838839664
n2078_taper0.1,97700000.0,0.009447245577462933,-0.07278503349320853,0.25483392384142234
n2078_taper0.1,98000000.0,0.009532581632688492,-0.05307900414607637,0.4213619795996736
n2078_taper0.1,98300000.0,0.009729678674507575,-0.02618411339017732,0.5309235634923938
n2078_taper0.1,98600000.0,0.009992829165871454,0.0043690766445654075,0.5716793230562978
n2078_taper0.1,98900000.0,0.010271424060640138,0.03473513436318022,0.5407989757546414
n2078_taper0.1,99200000.0,0.010518097737510213,0.061249501571763496,0.4442839806986724
n2078_taper0.1,99500000.0,0.010693666419071848,0.0808553711824493,0.295727628802039
n2078_taper0.1,99800000.0,0.010769441244325065,0.0914223905730519,0.11432814042535683
n2078_taper0.1,100100000.0,0.010727976828148484,0.09194151720488568,-0.07753048823704418
n2078_taper0.1,100400000.0,0.010563079395802331,0.0825950887042747,-0.2568667730064106
n2078_taper0.1,100700000.0,0.010279544165869115,0.06470731260670229,-0.4026495180778931
n2078_taper0.1,101000000.0,0.00989282768318965,0.0405819907284869,-0.49812106093960085
n2078_taper0.1,101300000.0,0.00942867118316278,0.013236585902722166,-0.5327052190130462
n2078_taper0.1,101600000.0,0.008922484519513935,-0.013951104690716008,-0.5032884962971486
n2078_taper0.1,101900000.0,0.008417974879003726,-0.037654018638115225,-0.4146625438357665
n2078_taper0.1,102200000.0,0.00796403874236328,-0.05501805849626864,-0.2789716974424199
n2078_taper0.1,102500000.0,0.007608644138314981,-0.0640350931584127,-0.11414089467457783
n2078_taper0.1,102800000.0,0.007389267309379679,-0.06380395682019525,0.05854979624382612
n2078_taper0.1,103100000.0,0.007322320956201038,-0.05463124340210833,0.21738301659904366
n2078_taper0.1,103400000.0,0.007397194352289298,-0.037953788822956774,0.3431287885149141
n2078_taper0.1,103700000.0,0.0075793089668716816,-0.016101284461002507,0.42148998582675234
n2078_taper0.1,104000000.0,0.007820381323851815,0.008052038432087003,0.44470761283744376
n2078_taper0.1,104300000.0,0.008069762923625752,0.03148266987898852,0.41216387099135615
n2078_taper0.1,104600000.0,0.00828238288270895,0.05139837156937889,0.33001991782044326
n2078_taper0.1,104900000.0,0.008422643991404952,0.06555695717718885,0.2100666040734285
n2078_taper0.1,105200000.0,0.008465615518393317,0.07249505602080772,0.06803078302461069
n2078_taper0.1,105500000.0,0.008396936751345872,0.07165499712293971,-0.07841805037653253
n2078_taper0.1,105800000.0,0.008212296158888579,0.06340892266857015,-0.21174491019142272
n2078_taper0.1,106100000.0,0.007916897706031637,0.04898535167976525,-0.3165256643779033
n2078_taper0.1,106400000.0,0.007525084590644882,0.030307283898866468,-0.3811565163918287
n2078_taper0.1,106700000.0,0.007060171762773115,0.009755506324365535,-0.39913745069912443
n2078_taper0.1,107000000.0,0.0065544136766243,-0.010122149936124708,-0.36977988859504124
n2078_taper0.1,107300000.0,0.006048735009909248,-0.02692557006579613,-0.2982207237612892
n2078_taper0.1,107600000.0,0.005591165441536592,-0.038702314558730314,-0.1946947206167795
n2078_taper0.1,107900000.0,0.00523187643661843,-0.04418994474983359,-0.07312498492439794
n2078_taper0.1,108200000.0,0.005012627796706898,-0.04296255153572379,0.05078430507267176
n2078_taper0.1,108500000.0,0.004952342946328377,-0.035457861173822464,0.16166496557446586
n2078_taper0.1,108800000.0,0.005037807506572986,-0.02288280182328356,0.2464783890562059
n2078_taper0.1,109100000.0,0.005228300142002249,-0.00701773969304237,0.29608393030038943
n2078_taper0.1,109400000.0,0.005470648358093831,0.010043888459504765,0.3061779427895423
n2078_taper0.1,109700000.0,0.005713419438795989,0.026177123495281326,0.2775285071312072
n2078_taper0.1,110000000.0,0.005914391804689635,0.039487880736698844,0.21555185499598317
n2078_taper0.1,110300000.0,0.006042543961907936,0.0485254860656656,0.1293615474998169
n2078_taper0.1,110600000.0,0.006077517213690751,0.05242648884795734,0.030462912636281182
n2078_taper0.1,110900000.0,0.006008410909248879,0.05098162129283999,-0.06872820110578497
n2078_taper0.1,111200000.0,0.005832653270276889,0.04462595294945707,-0.15637602864233566
n2078_taper0.1,111500000.0,0.005555158386411776,0.03435818785075524,-0.22257714617339233
n2078_taper0.1,111800000.0,0.005187827217586071,0.021599822126203677,-0.2604451289089532
n2078_taper0.1,112100000.0,0.004749467992252195,0.008009601920293504,-0.26681846992675984
n2078_taper0.1,112400000.0,0.004266288525907105,-0.00472632201995596,-0.24251121517508353
n2078_taper0.1,112700000.0,0.003773128520136993,-0.015103773086302334,-0.19206961206455386
n2078_taper0.1,113000000.0,0.0033151529500163833,-0.02198258321222952,-0.12305853116004305
n2078_taper0.1,113300000.0,0.0029476438909253064,-0.02471635777573545,-0.04497103578707506
n2078_taper0.1,113600000.0,0.0027267619740054027,-0.023211952241571004,0.03208236522009825
n2078_taper0.1,113900000.0,0.0026843486698318385,-0.01791173512245376,0.0987098106358001
n2078_taper0.1,114200000.0,0.0028032490665567773,-0.00970456017623667,0.1474036983356803
n2078_taper0.1,114500000.0,0.0030261545402168054,0.0002172501568154378,0.17337785860853802
n2078_taper0.1,114800000.0,0.0032878666669761804,0.010530402583284313,0.17498365665702098
n2078_taper0.1,115100000.0,0.003535867097172378,0.01995624157388933,0.1536867104409223
n2078_taper0.1,115400000.0,0.0037338113179837032,0.027416012284708757,0.11365146754945486
n2078_taper0.1,115700000.0,0.00385855539941712,0.03214830309752685,0.061026704348751945
n2078_taper0.1,116000000.0,0.003896807415909628,0.03377830653129541,0.003048593452814444
n2078_taper0.1,116300000.0,0.0038427463846393397,0.03233534278283015,-0.05291696079438144
n2078_taper0.1,116600000.0,0.003696463207334092,0.02822090991878929,-0.10027855281515086
n2078_taper0.1,116900000.0,0.003462908305093786,0.022134286473121934,-0.13397121173113657
n2078_taper0.1,117200000.0,0.0031511425446699944,0.014966579911850398,-0.15097806814814618
n2078_taper0.1,117500000.0,0.0027738253293461954,0.007677131720571065,-0.1505702182856175
n2078_taper0.1,117800000.0,0.00234704193047563,0.0011680950940041567,-0.1342456399130098
n2078_taper0.1,118100000.0,0.0018909289361559772,-0.0038267179969651323,-0.10538513805493227
n2078_taper0.1,118400000.0,0.0014326946338875568,-0.006824467603618946,-0.06868111363057089
n2078_taper0.1,118700000.0,0.001017834883603077,-0.007637253138695876,-0.029426900957648505
n2078_taper0.1,119000000.0,0.0007442296353083231,-0.006373193922046879,0.00722661425920636
n2078_taper0.1,119300000.0,0.0007539189134597096,-0.0033970686164640435,0.0369393549814004
n2078_taper0.1,119600000.0,0.0009930560155981248,0.0007409777657426016,0.05668515355414084
n2078_taper0.1,119900000.0,0.0012942979494236526,0.005395904818591098,0.06503120404520756
n2078_taper0.1,120200000.0,0.0015765463117620067,0.009922925591271437,0.062174215001609245
n2078_taper0.1,120500000.0,0.0018083404080387853,0.013763599577944822,0.049751150895830834
n2078_taper0.1,120800000.0,0.0019758739415887796,0.016511880730777577,0.030472477133051012
n2078_taper0.1,121100000.0,0.0020733666676937927,0.017953059328420437,0.007644994195258104
n2078_taper0.1,121400000.0,0.0021000567067157683,0.018072871752192365,-0.015340891765495343
n2078_taper0.1,121700000.0,0.0020590724735347144,0.017038199149548263,-0.035487048654561
n2078_taper0.1,122000000.0,0.001956919325364881,0.01515433983326277,-0.050564992754762686
n2078_taper0.1,122300000.0,0.0018032404371388915,0.012806558016951056,-0.05935028877051302
n2078_taper0.1,122600000.0,0.001610822775921033,0.01039527376647354,-0.06169124378158174
n2078_taper0.1,122900000.0,0.001395994598984776,0.008274684895315024,-0.05841324923473966
n2078_taper0.1,123200000.0,0.0011796818625685289,0.006703694212543327,-0.05108373692337476
n2078_taper0.1,123500000.0,0.00098905517588592,0.005815809563755508,-0.04168249763461383
n2078_taper0.1,123800000.0,0.0008569541484811843,0.00561147520955473,-0.03223477232473261
n2078_taper0.1,124100000.0,0.0008097146845597113,0.005972595021482955,-0.024467736285664433
n2078_taper0.1,124400000.0,0.0008432703636969513,0.006695467105213843,-0.019544181991510208
n2078_taper0.1,124700000.0,0.0009225732335239756,0.007535587298934227,-0.01791182874665326
n2078_taper0.1,125000000.0,0.0010088526313503012,0.008256237570899628,-0.01928586429402283
n2078_taper0.1,125300000.0,0.0010751273706663084,0.00867262747609813,-0.022759959185125075
n2078_taper0.1,125600000.0,0.001106034784562756,0.008684507422817862,-0.027020813539457598
n2078_taper0.1,125900000.0,0.0010946668420988754,0.008292330593519805,-0.030626150395951457
n2078_taper0.1,126200000.0,0.0010407955567120148,0.0075948156837744845,-0.032297678866492235
n2078_taper0.1,126500000.0,0.0009508527020817596,0.006768742322838805,-0.031179583422323
n2078_taper0.1,126800000.0,0.0008399791613575001,0.006034599526311742,-0.0270193772520069
n2078_taper0.1,127100000.0,0.0007368092182945952,0.005613940315411631,-0.020240594252355377
n2078_taper0.1,127400000.0,0.000686938945324483,0.00568565434210897,-0.011894167393087606
n2078_taper0.1,127700000.0,0.0007337210716599392,0.006348619940813109,-0.0034950745005071725
n2078_taper0.1,128000000.0,0.000876863497649376,0.007597244902544282,0.003230082498682147
n2078_taper0.1,128300000.0,0.0010791844002271125,0.009314357209304722,0.006643684651306997
n2078_taper0.1,128600000.0,0.0013033967546114108,0.011283083504396422,0.005496429700866157
n2078_taper0.1,128900000.0,0.0015228022948251515,0.013216241445822648,-0.0008244149443545366
n2078_taper0.1,129200000.0,0.0017183758175949736,0.01479891903108322,-0.012139777228227466
n2078_taper0.1,129500000.0,0.001875823096266889,0.015737796378799088,-0.02744400652386225
n2078_taper0.1,129800000.0,0.0019841805919931822,0.01580968868335776,-0.04499956633053144
n2078_taper0.1,130100000.0,0.0020352804585687142,0.01490184864955256,-0.06255085464206182
n2078_taper0.1,130400000.0,0.0020235896985754394,0.01303767592213745,-0.07762929926431081
n2078_taper0.1,130700000.0,0.0019461854014903993,0.010383436608695002,-0.08790827706564645
n2078_taper0.1,131000000.0,0.0018027584555369164,0.007234141409896865,-0.0915581352697055
n2078_taper0.1,131300000.0,0.0015956040167334335,0.00397958815711737,-0.08754955236356338
n2078_taper0.1,131600000.0,0.0013296095406139605,0.0010544404816383076,-0.07585818330011386
n2078_taper0.1,131900000.0,0.0010123737776871163,-0.0011212571509643986,-0.05753503313465209
n2078_taper0.1,132200000.0,0.0006552925231848957,-0.002202922009580964,-0.034624561931691424
n2078_taper0.1,132500000.0,0.00028588650021691385,-0.0019747172880072426,-0.009934282596402284
n2078_taper0.1,132800000.0,0.0002366612656395783,-0.0003870082456147985,0.013317518222087717
n2078_taper0.1,133100000.0,0.0006235497905259135,0.0024282429670149965,0.0319292710636731
n2078_taper0.1,133400000.0,0.0010355222985894827,0.006167214135890533,0.043158873818733415
n2078_taper0.1,133700000.0,0.0014328233310824672,0.010388409747932759,0.04511798086591373
n2078_taper0.1,134000000.0,0.0017990054891964522,0.014566959391351834,0.03706062353916996
n2078_taper0.1,134300000.0,0.002120753114475937,0.01816177437954367,0.01952427829149371
n2078_taper0.1,134600000.0,0.002386545902965894,0.020686575585619538,-0.005697516836835054
n2078_taper0.1,134900000.0,0.0025867037759614324,0.021775406733418982,-0.03574904373854641
n2078_taper0.1,135200000.0,0.0027136343352608372,0.021234078161642723,-0.0670494873112801
n2078_taper0.1,135500000.0,0.0027620904097682038,0.01907078682152571,-0.0957324271890074
n2078_taper0.1,135800000.0,0.0027293914227836187,0.015501634552583502,-0.11813454177691082
n2078_taper0.1,136100000.0,0.0026156026248344874,0.010929664735273117,-0.13127357435957723
n2078_taper0.1,136400000.0,0.0024236957170469453,0.0058991495506056585,-0.13325488744972627
n2078_taper0.1,136700000.0,0.0021597699888536983,0.0010299717047938318,-0.12355172836562658
n2078_taper0.1,137000000.0,0.0018335713578992744,-0.00306023533032297,-0.10311709583038724
n2078_taper0.1,137300000.0,0.0014601093075371537,-0.005836394455033439,-0.07430468266141248
n2078_taper0.1,137600000.0,0.0010656433016394417,-0.006917964297635647,-0.040601319257144594
n2078_taper0.1,137900000.0,0.0007140089139740551,-0.006132369935397719,-0.006200487230802293
n2078_taper0.1,138200000.0,0.0005911136083377759,-0.0035418948965189345,0.024528802555847478
n2078_taper0.1,138500000.0,0.000833411338709839,0.0005602827025292733,0.04760616679820831
n2078_taper0.1,138800000.0,0.001234697795216632,0.0056847275826771545,0.05995940438164394
n2078_taper0.1,139100000.0,0.0016608709681825808,0.011206399963745096,0.059828416264448715
n2078_taper0.1,139400000.0,0.0020651164503623924,0.016443048024021974,0.04700010623877324
n2078_taper0.1,139700000.0,0.002423836915130168,0.020740885955559955,0.022845621387650353
n2078_taper0.1,140000000.0,0.002721171458531775,0.02355655759784256,-0.00984176738333221
n2078_taper0.1,140300000.0,0.0029453831695206707,0.024525309138273513,-0.047185040381566075
n2078_taper0.1,140600000.0,0.0030879383580616564,0.023507310237548786,-0.08469510004075728
n2078_taper0.1,140900000.0,0.0031433074155854737,0.02060675794746544,-0.11781902553867483
n2078_taper0.1,141200000.0,0.0031089698711159667,0.016161447706382247,-0.14250059828590436
n2078_taper0.1,141500000.0,0.002985467591915504,0.010703694992930647,-0.1556870902685787
n2078_taper0.1,141800000.0,0.0027764715983557447,0.004896694156417147,-0.1557205823958335
n2078_taper0.1,142100000.0,0.002488906789764279,-0.0005465806355208084,-0.14256279359271945
n2078_taper0.1,142400000.0,0.002133316305925167,-0.004952305670521909,-0.11781994127607766
n2078_taper0.1,142700000.0,0.001725072079489425,-0.00777135783848918,-0.08455798487724826
n2078_taper0.1,143000000.0,0.0012887655479120969,-0.008650093083601073,-0.04692650143704552
n2078_taper0.1,143300000.0,0.0008766667146542527,-0.00747649849446516,-0.009637306350118679
n2078_taper0.1,143600000.0,0.0006417778998629919,-0.004395089041270351,0.02263349868696514
n2078_taper0.1,143900000.0,0.0008004225044327087,0.0002116248285200567,0.045839022654307025
n2078_taper0.1,144200000.0,0.0011978134694571232,0.0057724024301054,0.05707037944645148
n2078_taper0.1,144500000.0,0.001644942821012246,0.011600230332556081,0.054914232092912255
n2078_taper0.1,144800000.0,0.0020754762246323654,0.01697889290666631,0.0396159231876704
n2078_taper0.1,145100000.0,0.0024602576383215757,0.02125174857958949,0.013033026574005582
n2078_taper0.1,145400000.0,0.002781329205141828,0.02390166244631048,-0.02160841461499339
n2078_taper0.1,145700000.0,0.0030259663237253293,0.024612743904827088,-0.06011970838316756
n2078_taper0.1,146000000.0,0.0031851166000478764,0.023307100252069834,-0.09786554210968314
n2078_taper0.1,146300000.0,0.003252973365512221,0.020152815466970654,-0.13032848434989913
n2078_taper0.1,146600000.0,0.003226867538872682,0.015542507776705367,-0.15365654526394312
n2078_taper0.1,146900000.0,0.003107232341374292,0.010044944478754338,-0.16513040723700625
n2078_taper0.1,147200000.0,0.002897561811478241,0.004335169243518438,-0.16349463875111914
n2078_taper0.1,147500000.0,0.002604352691171702,-0.0008887694209611106,-0.14911088471309272
n2078_taper0.1,147800000.0,0.0022370829106484443,-0.004992428711989237,-0.12391069389072314
n2078_taper0.1,148100000.0,0.0018084372660894202,-0.007483963075098035,-0.09115019494617871
n2078_taper0.1,148400000.0,0.0013356499533799734,-0.008075089227120911,-0.05499550366339626
n2078_taper0.1,148700000.0,0.0008479434062609013,-0.0067157799944624445,-0.019992251562117303
n2078_taper0.1,149000000.0,0.0004461608858151968,-0.003598025747027121,0.009509868753636345
n2078_taper0.1,149300000.0,0.000531440221246549,0.0008715665156611991,0.02990003727581162
n2078_taper0.1,149600000.0,0.0009774455047194307,0.00612611170166707,0.03874506230275446
n2078_taper0.1,149900000.0,0.0014608275288839883,0.011511856146672595,0.03506922945001272
n2078_taper0.1,150200000.0,0.0019168475308322533,0.01637056331257743,0.019444709059678027
n2078_taper0.1,150500000.0,0.002321564604344115,0.020120188011951787,-0.006111472912135828
n2078_taper0.1,150800000.0,0.002659572590573811,0.022324044171619678,-0.03841350405313637
n2078_taper0.1,151100000.0,0.002919446026614658,0.02274066096573854,-0.07351626800409648
n2078_taper0.1,151400000.0,0.0030928650795270067,0.021349158595909357,-0.10720581431652235
n2078_taper0.1,151700000.0,0.0031744677990504246,0.01834788209787039,-0.13551198613314108
n2078_taper0.1,152000000.0,0.0031618513244704148,0.014126959261690601,-0.15518378167166513
n2078_taper0.1,152300000.0,0.003055567383307803,0.009218239833950502,-0.16407274040927836
n2078_taper0.1,152600000.0,0.0028590620128407674,0.004228584277199713,-0.1613794923565819
n2078_taper0.1,152900000.0,0.0025785428147718985,-0.00023550107680961823,-0.14773349699695684
n2078_taper0.1,153200000.0,0.002222771043479112,-0.003642622115891136,-0.12509536285384104
n2078_taper0.1,153500000.0,0.0018027849834690041,-0.005601197626819965,-0.09649337736609709
n2078_taper0.1,153800000.0,0.0013315761242067808,-0.005905752797193797,-0.06562813723146321
n2078_taper0.1,154100000.0,0.0008238164799425703,-0.0045588460221733015,-0.03639772770033112
n2078_taper0.1,154400000.0,0.0002970092092074189,-0.001766052187917856,-0.01240710289623045
n2078_taper0.1,154700000.0,0.0002487003228002675,0.002094761981382724,0.0034732516108730593
n2078_taper0.1,155000000.0,0.000769383199669735,0.006525082695479869,0.009442961565805036
n2078_taper0.1,155300000.0,0.0012668321759405645,0.010970857017886967,0.004962147143134091
n2078_taper0.1,155600000.0,0.0017235435901985466,0.014892209028958894,-0.009221511478257146
n2078_taper0.1,155900000.0,0.002125829853873709,0.017828863412098984,-0.031204914619613007
n2078_taper0.1,156200000.0,0.00246198803269247,0.019453494191499207,-0.05819733172372772
n2078_taper0.1,156500000.0,0.002722493656176656,0.019607158409524348,-0.08688568891078552
n2078_taper0.1,156800000.0,0.0029002596656502355,0.018313373762303017,-0.11385029887954097
n2078_taper0.1,157100000.0,0.0029908471680665425,0.015769951031990102,-0.13598066625881652
n2078_taper0.1,157400000.0,0.002992609945396035,0.012320177586533445,-0.1508428132723529
n2078_taper0.1,157700000.0,0.002906774520935608,0.008407204737184561,-0.15695601892491873
n2078_taper0.1,158000000.0,0.00273747341269395,0.004517363793054278,-0.15394752995578162
n2078_taper0.1,158300000.0,0.0024917783819669637,0.0011194408124653903,-0.14256811523722016
n2078_taper0.1,158600000.0,0.0021798537185306775,-0.0013925231437281098,-0.1245682379403253
n2078_taper0.1,158900000.0,0.0018155702984814716,-0.00274573778406695,-0.10245231990099
n2078_taper0.1,159200000.0,0.001418710544130478,-0.0028186934018696597,-0.07914461197592051
n2078_taper0.1,159500000.0,0.001023231699421479,-0.0016511801548484116,-0.057611883991850986
n2078_taper0.1,159800000.0,0.0007097673119372663,0.0005664513732680071,-0.04049331509931032
n2078_taper0.1,160100000.0,0.0006594755932037606,0.003522671590888999,-0.029785580585803502
n2078_taper0.1,160400000.0,0.0009135317794812714,0.006828221950738816,-0.026621711303625978
n2078_taper0.1,160700000.0,0.0012811002307315672,0.010067399983461631,-0.031167764959682473
n2078_taper0.1,161000000.0,0.001657339871462599,0.012850282358657955,-0.04264444151563256
n2078_taper0.1,161300000.0,0.002002653769135118,0.014859314450843729,-0.059464317360895094
n2078_taper0.1,161600000.0,0.0022972998205200027,0.015884835076933217,-0.0794616199456132
n2078_taper0.1,161900000.0,0.0025292379543604376,0.01584579876104543,-0.1001817921815764
n2078_taper0.1,162200000.0,0.002690902110263273,0.014793932877834039,-0.11919303008766655
n2078_taper0.1,162500000.0,0.002778239335648528,0.012901587306318293,-0.13438144088359819
n2078_taper0.1,162800000.0,0.002790417547614777,0.010435411153892599,-0.1441950649080043
n2078_taper0.1,163100000.0,0.0027297684681026513,0.007719569928000089,-0.14780918898810155
n2078_taper0.1,163400000.0,0.0026018616993227915,0.005093358413346273,-0.14519547096134322
n2078_taper0.1,163700000.0,0.0024157471123283526,0.0028686429294869364,-0.1370894769771811
n2078_taper0.1,164000000.0,0.002184525056368363,0.0012924855024217506,-0.12486404492792938
n2078_taper0.1,164300000.0,0.001926570152605306,0.0005195317028921713,-0.11032784115135251
n2078_taper0.1,164600000.0,0.0016678786332952416,0.000597353593032109,-0.09547785550327119
n2078_taper0.1,164900000.0,0.0014453692802623218,0.0014661136947599848,-0.0822398875163392
n2078_taper0.1,165200000.0,0.001306506588353259,0.002971931993956457,-0.07223143246291976
n2078_taper0.1,165500000.0,0.001291623256306224,0.004891510683897786,-0.06657678062265333
n2078_taper0.1,165800000.0,0.0014011173869756953,0.006964182993850974,-0.06579550516914176
n2078_taper0.1,166100000.0,0.0015943244781384393,0.008926791305775374,-0.06977442120312108
n2078_taper0.1,166400000.0,0.0018229700997707552,0.01054672850354188,-0.07782141935369695
n2078_taper0.1,166700000.0,0.00205079405663391,0.011649037182400629,-0.08878904763760631
n2078_taper0.1,167000000.0,0.0022542104529456306,0.012134508897088852,-0.10124763999872993
n2078_taper0.1,167300000.0,0.002418564822144448,0.01198707189260927,-0.11368292414400138
n2078_taper0.1,167600000.0,0.0025353720449564623,0.011270207897146833,-0.12469162467799233
n2078_taper0.1,167900000.0,0.002600804441419099,0.010113522195925146,-0.13315045012774382
n2078_taper0.1,168200000.0,0.002614923031170693,0.008691759486709845,-0.13833857016926324
n2078_taper0.1,168500000.0,0.0025812942392557207,0.007199393201910803,-0.14000059552557978
n2078_taper0.1,168800000.0,0.002506801102799679,0.0058243319657721795,-0.13834532637982794
n2078_taper0.1,169100000.0,0.0024015356905363614,0.004724237568017078,-0.13398413352811536
n2078_taper0.1,169400000.0,0.0022786494457327543,0.0040084402463383545,-0.1278206804448366
n2078_taper0.1,169700000.0,0.0021539285445518466,0.003727537430416939,-0.12090971745825242
n2078_taper0.1,170000000.0,0.002044659401087018,0.003871601049625954,-0.11430602878512879
n2078_taper0.25,20000000.0,0.38082673164374486,2.7923447976216096,-1.7321907553921312
n2078_taper0.25,20300000.0,0.3664641728058396,2.5456750172970866,-6.7018208177856256
n2078_taper0.25,20600000.0,0.35173979417984463,2.115048026279868,-11.09694865475886
n2078_taper0.25,20900000.0,0.33673025776253585,1.5103152312649581,-14.64511754129356
n2078_taper0.25,21200000.0,0.3215509314741019,0.7496356910257607,-17.000201784455893
n2078_taper0.25,21500000.0,0.30634574116444807,-0.12835892710058908,-17.732898096133166
n2078_taper0.25,21800000.0,0.29127393651593075,-1.0449072201631096,-16.382192660234914
n2078_taper0.25,22100000.0,0.2764947597792517,-1.86070501240157,-12.662850175746213
n2078_taper0.25,22400000.0,0.26215132624303356,-2.387792317368605,-6.883924706334522
n2078_taper0.25,22700000.0,0.2483553688443312,-2.479400979146395,-0.25552374070700845
n2078_taper0.25,23000000.0,0.23517476118042432,-2.145611485863762,5.578933129090552
n2078_taper0.25,23300000.0,0.22262574529869547,-1.5427721150417393,9.52349771410114
n2078_taper0.25,23600000.0,0.21067138544142774,-0.8523186258014805,11.380290501785797
n2078_taper0.25,23900000.0,0.19922688851304413,-0.20103073949851552,11.49057278553628
n2078_taper0.25,24200000.0,0.18817122265574637,0.34423269265819967,10.33707430805307
n2078_taper0.25,24500000.0,0.17736326863982893,0.7556901844985481,8.36207706107457
n2078_taper0.25,24800000.0,0.1666599461676415,1.0267064660945742,5.926739390954274
n2078_taper0.25,25100000.0,0.15593360762676853,1.1616267608360944,3.3212391760660562
n2078_taper0.25,25400000.0,0.14508645688974559,1.171146228484855,0.7841608368737077
n2078_taper0.25,25700000.0,0.13406058299694648,1.0708280131186558,-1.4826386631879354
n2078_taper0.25,26000000.0,0.12284308741155295,0.8812498340356276,-3.3077744214421236
n2078_taper0.25,26300000.0,0.11146649877011204,0.6287332182601751,-4.554401730257181
n2078_taper0.25,26600000.0,0.10000511655032444,0.34559994029839053,-5.13522922973091
n2078_taper0.25,26900000.0,0.08856812171509824,0.06865755979887236,-5.035853044105171
n2078_taper0.25,27200000.0,0.07729030958718755,-0.1652767484334725,-4.336803299780989
n2078_taper0.25,27500000.0,0.06632121803631952,-0.32673483360372413,-3.217123636662238
n2078_taper0.25,27800000.0,0.055813312428373736,-0.4012865223958492,-1.9240836284975673
n2078_taper0.25,28100000.0,0.045909816848012465,-0.3933145707182082,-0.7122615265521435
n2078_taper0.25,28400000.0,0.03673286162903467,-0.3232977451977488,0.2212170084207612
n2078_taper0.25,28700000.0,0.028373139604730088,-0.22020898897173066,0.7749238521841948
n2078_taper0.25,29000000.0,0.020884205951993865,-0.11319989220824334,0.9449914275120306
n2078_taper0.25,29300000.0,0.01429235486794479,-0.025724997840424556,0.8023635738665689
n2078_taper0.25,29600000.0,0.008675912665643047,0.027246751279982,0.46262901478477925
n2078_taper0.25,29900000.0,0.00471045578421628,0.039833411581929906,0.05886484858062529
n2078_taper0.25,30200000.0,0.005178793218806081,0.014717358474346385,-0.28012629498828157
n2078_taper0.25,30500000.0,0.008935666647356889,-0.037950206732244224,-0.44788415122905256
n2078_taper0.25,30800000.0,0.013400234874443617,-0.10222605489546333,-0.37648340105059874
n2078_taper0.25,31100000.0,0.018153218024984465,-0.15894139301435573,-0.05025840478976108
n2078_taper0.25,31400000.0,0.023142401778325557,-0.1893358632807235,0.48683866038364504
n2078_taper0.25,31700000.0,0.028329561348551306,-0.17932834809878842,1.1359152355671591
n2078_taper0.25,32000000.0,0.03364148193202445,-0.12320821355175599,1.7629774635337945
n2078_taper0.25,32300000.0,0.0389707522245759,-0.025265926846264917,2.2300305793770545
n2078_taper0.25,32600000.0,0.044187782691364,0.10135939215219077,2.4267981105406804
n2078_taper0.25,32900000.0,0.049154625623831584,0.2379910186785627,2.2920422082316922
n2078_taper0.25,33200000.0,0.0537377052772297,0.36439756763506437,1.8198836293821434
n2078_taper0.25,33500000.0,0.0578186206354614,0.46212871548131895,1.0539908301427923
n2078_taper0.25,33800000.0,0.06130286992817555,0.5166625280360311,0.07587248621773224
n2078_taper0.25,34100000.0,0.06412652930855298,0.5185149606762223,-1.0075265499142483
n2078_taper0.25,34400000.0,0.06626091391342141,0.4637544771873858,-2.074575319471045
n2078_taper0.25,34700000.0,0.06771517449678278,0.35432731769221026,-2.9982427865479604
n2078_taper0.25,35000000.0,0.06853667314213002,0.198394524127758,-3.6556536047911417
n2078_taper0.25,35300000.0,0.0688088499461621,0.010599624515503711,-3.940207827240875
n2078_taper0.25,35600000.0,0.06864616614727985,-0.18814680185535193,-3.777974724044113
n2078_taper0.25,35900000.0,0.0681856641439838,-0.372085251303671,-3.1477087261561567
n2078_taper0.25,36200000.0,0.067574870893773,-0.5139676930783265,-2.099278269603043
n2078_taper0.25,36500000.0,0.06695638450362214,-0.5904267823925434,-0.7602587375357935
n2078_taper0.25,36800000.0,0.06645062336881832,-0.5879780389594275,0.679850192529904
n2078_taper0.25,37100000.0,0.06613962469517029,-0.507008924785775,2.0088789054696474
n2078_taper0.25,37400000.0,0.06605568564000924,-0.36155898842511136,3.0407283098331965
n2078_taper0.25,37700000.0,0.06617811369153993,-0.17503540680739593,3.6525620099906795
n2078_taper0.25,38000000.0,0.06643916129106071,0.025780988560394697,3.7979273243826692
n2078_taper0.25,38300000.0,0.06673736679273456,0.21586116878736694,3.498356776542446
n2078_taper0.25,38600000.0,0.06695459174509032,0.3749694641461542,2.824435207717902
n2078_taper0.25,38900000.0,0.06697288071930371,0.4887931242888102,1.8762767147596733
n2078_taper0.25,39200000.0,0.06668846810909364,0.5489232643096735,0.7682450470445089
n2078_taper0.25,39500000.0,0.0660218085070523,0.5523976299869164,-0.38152344497886365
n2078_taper0.25,39800000.0,0.06492366701917358,0.5012297815848874,-1.4583268844075903
n2078_taper0.25,40100000.0,0.06337787180445707,0.4020717623113965,-2.3568891073471527
n2078_taper0.25,40400000.0,0.06140144395153145,0.2659450003273163,-2.9879243155657993
n2078_taper0.25,40700000.0,0.059042690702086176,0.10781265462794976,-3.2863358269480973
n2078_taper0.25,41000000.0,0.056377623926574805,-0.054341212251682834,-3.2208561789128356
n2078_taper0.25,41300000.0,0.05350481672031345,-0.2012502343847774,-2.803095325002248
n2078_taper0.25,41600000.0,0.05053857219866663,-0.3150107179518113,-2.0920343575542497
n2078_taper0.25,41900000.0,0.04760010919998202,-0.38222494832563564,-1.1894104911071193
n2078_taper0.25,42200000.0,0.04480651203088263,-0.3966908582057579,-0.22383271774304103
n2078_taper0.25,42500000.0,0.04225768593223093,-0.3605472417488367,0.6733380154936627
n2078_taper0.25,42800000.0,0.04002270306431775,-0.28334265046844115,1.3925756824152147
n2078_taper0.25,43100000.0,0.038128480337809016,-0.17944898121964659,1.8631066928635245
n2078_taper0.25,43400000.0,0.03655467047501198,-0.0648870925492506,2.058342577685902
n2078_taper0.25,43700000.0,0.03523760050509452,0.04541498242349069,1.9913860959239655
n2078_taper0.25,44000000.0,0.03408287741993402,0.13942015885432982,1.7050282489552748
n2078_taper0.25,44300000.0,0.032982816116900154,0.20883603394285366,1.2604311086250348
n2078_taper0.25,44600000.0,0.031833556016022856,0.24928220490638642,0.7269555110251162
n2078_taper0.25,44900000.0,0.03054810227469526,0.26005218381423356,0.17391854615347643
n2078_taper0.25,45200000.0,0.029063993189079342,0.24365896143813626,-0.33588799383970747
n2078_taper0.25,45500000.0,0.027346182540535693,0.2052452917780036,-0.7513445076566273
n2078_taper0.25,45800000.0,0.025386492909481955,0.1518651607602613,-1.0370544027558015
n2078_taper0.25,46100000.0,0.02320096911641778,0.09161915264785563,-1.176154765800306
n2078_taper0.25,46400000.0,0.020826129255103482,0.03265548730359827,-1.17138697370456
n2078_taper0.25,46700000.0,0.01831477832027484,-0.01788178430434031,-1.0438109164110194
n2078_taper0.25,47000000.0,0.015731829057567627,-0.05479757136318933,-0.8288290791338655
n2078_taper0.25,47300000.0,0.013150488329606564,-0.07548462703619534,-0.5698569477867466
n2078_taper0.25,47600000.0,0.010649234399224519,-0.08009748035907152,-0.31076849371503595
n2078_taper0.25,47900000.0,0.008310319910364206,-0.0712194727304349,-0.08873891397455441
n2078_taper0.25,48200000.0,0.006221304296560684,-0.05312365960306857,0.07099667801683016
n2078_taper0.25,48500000.0,0.004482266366122721,-0.0308275416756984,0.15759626570047158
n2078_taper0.25,48800000.0,0.003216917603523853,-0.009158949052347883,0.1742356237457762
n2078_taper0.25,49100000.0,0.002539184369251501,0.008001665994910853,0.1355001689245386
n2078_taper0.25,49400000.0,0.0023737630946756884,0.018216091135361993,0.06340642315156617
n2078_taper0.25,49700000.0,0.0024048025258778002,0.020700876224756873,-0.01712172050235143
n2078_taper0.25,50000000.0,0.0023672991095967416,0.016277422579271145,-0.08266706642968936
n2078_taper0.25,50300000.0,0.0021700188015509217,0.007096665372851229,-0.11512877798892397
n2078_taper0.25,50600000.0,0.0018760995167368556,-0.0038155725023082043,-0.1045287088149389
n2078_taper0.25,50900000.0,0.0017486626434214975,-0.013133595435874492,-0.05047622039946541
n2078_taper0.25,51200000.0,0.002156788786087448,-0.01784863668748576,0.03794910572208663
n2078_taper0.25,51500000.0,0.003100878944418396,-0.015830103213984568,0.1439419769386736
n2078_taper0.25,51800000.0,0.004353071252790229,-0.006230085578649444,0.24609444366130923
n2078_taper0.25,52100000.0,0.005754005954646971,0.010347433432286985,0.3223368692297805
n2078_taper0.25,52400000.0,0.007202337512714755,0.03194266988146292,0.3539334514428904
n2078_taper0.25,52700000.0,0.008621764069264602,0.055572052454674586,0.3287733759932487
n2078_taper0.25,53000000.0,0.009949464411771473,0.07771863329051944,0.24341207837399045
n2078_taper0.25,53300000.0,0.01113318664176547,0.09488232779525695,0.10364267548886663
n2078_taper0.25,53600000.0,0.012131173297159247,0.10409895138363404,-0.07631657249098486
n2078_taper0.25,53900000.0,0.012912972180966407,0.10336214734985978,-0.27573829900044566
n2078_taper0.25,54200000.0,0.013460451271306793,0.09191028855119925,-0.47005768263057296
n2078_taper0.25,54500000.0,0.013768765719093065,0.07036100020851535,-0.6339679588382957
n2078_taper0.25,54800000.0,0.013847179677516074,0.04068657287154716,-0.744644091947804
n2078_taper0.25,55100000.0,0.013719682148963446,0.006028320677803197,-0.7848064855515889
n2078_taper0.25,55400000.0,0.013425274116845591,-0.02964564738230823,-0.7453021559288165
n2078_taper0.25,55700000.0,0.013017600237542417,-0.06201978109953438,-0.6268311311896791
n2078_taper0.25,56000000.0,0.01256318813163617,-0.08700208151937976,-0.44044046284107985
n2078_taper0.25,56300000.0,0.012136986745638772,-0.10130955863092102,-0.20651419631694556
n2078_taper0.25,56600000.0,0.011813635956995956,-0.10296707753205304,0.047762894653262354
n2078_taper0.25,56900000.0,0.01165412164188663,-0.09161856512884994,0.2921407685285019
n2078_taper0.25,57200000.0,0.011691070546668077,-0.0685822809355495,0.49758566095939755
n2078_taper0.25,57500000.0,0.011919718204731497,-0.03664012116760837,0.6402969035406805
n2078_taper0.25,57800000.0,0.012300253983579867,0.00038697658015769877,0.7047367605784229
n2078_taper0.25,58100000.0,0.012770063264753,0.038183645972040395,0.6852431068762603
n2078_taper0.25,58400000.0,0.013258756352554248,0.07250180748448884,0.5861560849661737
n2078_taper0.25,58700000.0,0.013699935942097192,0.09965604400107772,0.42068030659485356
n2078_taper0.25,59000000.0,0.014037980543241277,0.11690211261319067,0.2088504056483364
n2078_taper0.25,59300000.0,0.01423095405453799,0.12267900380633931,-0.025021629453491935
n2078_taper0.25,59600000.0,0.014251298743783836,0.11671513712941536,-0.2551060163608176
n2078_taper0.25,59900000.0,0.014085494793478865,0.10000772967643934,-0.4567908934191092
n2078_taper0.25,60200000.0,0.013733322771383673,0.07468532359010809,-0.6092144636669651
n2078_taper0.25,60500000.0,0.013207021950004819,0.043763032309985454,-0.697421825400683
n2078_taper0.25,60800000.0,0.01253046750117845,0.010803682736244406,-0.7139531483889315
n2078_taper0.25,61100000.0,0.01173840090788651,-0.020491451794518417,-0.6596516333707848
n2078_taper0.25,61400000.0,0.01087564722942906,-0.0467223216647157,-0.5435055987388475
n2078_taper0.25,61700000.0,0.009996030777639745,-0.06520363365665954,-0.38143977708909566
n2078_taper0.25,62000000.0,0.009160223222130587,-0.07428751588430083,-0.1941463276436282
n2078_taper0.25,62300000.0,0.008431002754238253,-0.07353837127243652,-0.004253316866422488
n2078_taper0.25,62600000.0,0.007863989005822235,-0.06372852311861088,0.16670679960536475
n2078_taper0.25,62900000.0,0.007493750806720885,-0.04665997657853097,0.30101372969046086
n2078_taper0.25,63200000.0,0.007320673761158827,-0.02485304518246139,0.38673117269652296
n2078_taper0.25,63500000.0,0.007308283023937613,-0.0011648445121663778,0.41869228253335966
n2078_taper0.25,63800000.0,0.007394930565121352,0.021595543298086696,0.3984748019947412
n2078_taper0.25,64100000.0,0.007512066324535605,0.041000244526062546,0.3335183162560277
n2078_taper0.25,64400000.0,0.007598607585120035,0.05524879384815279,0.2356344640148957
n2078_taper0.25,64700000.0,0.007607734846198286,0.06331174451735924,0.11918405750969494
n2078_taper0.25,65000000.0,0.0075081391004729724,0.06497114358055289,-0.0008302561749367369
n2078_taper0.25,65300000.0,0.007282683741153351,0.06076688797300871,-0.11055055962486095
n2078_taper0.25,65600000.0,0.006926297290878005,0.051863654992394155,-0.19876578457053254
n2078_taper0.25,65900000.0,0.006443844902994876,0.039857218135913065,-0.2580001195473948
n2078_taper0.25,66200000.0,0.005848182809641749,0.026543088810530892,-0.2850917947495543
n2078_taper0.25,66500000.0,0.00515840278905651,0.013674636291423575,-0.281209226667758
n2078_taper0.25,66800000.0,0.004398232224927309,0.00274071506556891,-0.25131114599206283
n2078_taper0.25,67100000.0,0.0035945732973376855,-0.005207801633784611,-0.20313139803921018
n2078_taper0.25,67400000.0,0.0027762206626293375,-0.00965902784349323,-0.14584398029127216
n2078_taper0.25,67700000.0,0.001972969656689644,-0.010656178376378365,-0.08861893813885621
n2078_taper0.25,68000000.0,0.0012162450219531833,-0.00873071169845571,-0.03929639422748893
n2078_taper0.25,68300000.0,0.0005519955792246498,-0.004768488001683612,-0.0033769064381422606
n2078_taper0.25,68600000.0,0.0002893145625287187,0.00016483816499182104,0.01654064507349613
n2078_taper0.25,68900000.0,0.0006818612496472579,0.005008681195262376,0.020828133327643182
n2078_taper0.25,69200000.0,0.0010449942370654186,0.0088738480971968,0.012441298983733194
n2078_taper0.25,69500000.0,0.0012882833929761517,0.011167670893474662,-0.003822522988697368
n2078_taper0.25,69800000.0,0.0013989574787859709,0.011663685944869079,-0.022283501780499548
n2078_taper0.25,70100000.0,0.001375741949495036,0.010510396443836958,-0.037402602324887166
n2078_taper0.25,70400000.0,0.0012239026503397057,0.008181806634399337,-0.04472113407627713
n2078_taper0.25,70700000.0,0.000954457743361041,0.005379527446712417,-0.041587513130461065
n2078_taper0.25,71000000.0,0.0005859570954532897,0.002902148930424117,-0.027573104859306384
n2078_taper0.25,71300000.0,0.00019008269220870407,0.0015018865234119713,-0.004521266056989551
n2078_taper0.25,71600000.0,0.0004613431136820434,0.0017505364972168586,0.02377443685946637
n2078_taper0.25,71900000.0,0.0010179171512863963,0.003935721884910933,0.05221061110702071
n2078_taper0.25,72200000.0,0.0016048256157341536,0.008003859949357445,0.07522939787111779
n2078_taper0.25,72500000.0,0.0021885486795805336,0.013558663347453996,0.08774969868326138
n2078_taper0.25,72800000.0,0.002743762622342721,0.019914686558801603,0.08602438974586445
n2078_taper0.25,73100000.0,0.003247842962629262,0.026196432120975385,0.06829026462923933
n2078_taper0.25,73400000.0,0.003680884564353032,0.03146673076913791,0.03511662028492719
n2078_taper0.25,73700000.0,0.004026269862086978,0.03486465129683257,-0.010590190138573
n2078_taper0.25,74000000.0,0.004271284394699127,0.035733196822344056,-0.06391689422883165
n2078_taper0.25,74300000.0,0.004407691098009923,0.03371978349728738,-0.11855502957949016
n2078_taper0.25,74600000.0,0.004432263725843768,0.028836906222312258,-0.16760983285847494
n2078_taper0.25,74900000.0,0.0043473300954639535,0.02147554677486356,-0.2045029371854776
n2078_taper0.25,75200000.0,0.004161438109651934,0.012369250482678402,-0.22385709779560695
n2078_taper0.25,75500000.0,0.003890354029175687,0.002512231317466587,-0.2222518112833551
n2078_taper0.25,75800000.0,0.0035587342509075075,-0.0069596918279459154,-0.19874888500661186
n2078_taper0.25,76100000.0,0.003202850691320035,-0.014911349303214368,-0.15510880283495235
n2078_taper0.25,76400000.0,0.002873989294857249,-0.020355481323897643,-0.09565386884895048
n2078_taper0.25,76700000.0,0.0026384022163763858,-0.022584650607612416,-0.02678143064982833
n2078_taper0.25,77000000.0,0.002562113816796551,-0.021268374353760607,0.0438159718701456
n2078_taper0.25,77300000.0,0.0026750755788976276,-0.016500559295976717,0.10811741661445376
n2078_taper0.25,77600000.0,0.0029488702157482107,-0.008789941271134168,0.15878833043816964
n2078_taper0.25,77900000.0,0.0033200165966024275,0.0010045799442240549,0.19009656131183697
n2078_taper0.25,78200000.0,0.0037248099310155697,0.011783162735184314,0.1986031099201905
n2078_taper0.25,78500000.0,0.004113596594837361,0.022342043428830168,0.18354228337277015
n2078_taper0.25,78800000.0,0.004450763721168626,0.03151888066502637,0.14685772522830923
n2078_taper0.25,79100000.0,0.004711551384591336,0.03832768457733434,0.09291062047892018
n2078_taper0.25,79400000.0,0.004879493921596273,0.042067867776791695,0.02791564729569325
n2078_taper0.25,79700000.0,0.004944847862744297,0.04239655098586827,-0.04081453407370811
n2078_taper0.25,80000000.0,0.004903673320796688,0.03935813475589274,-0.10572325650047762
n2078_taper0.25,80300000.0,0.004757278511051147,0.03336973345989258,-0.15986680743372067
n2078_taper0.25,80600000.0,0.004511872213876994,0.02516522845535177,-0.19768307788781428
n2078_taper0.25,80900000.0,0.004178386703236992,0.01570453451543845,-0.21559011996977176
n2078_taper0.25,81200000.0,0.0037725504130362753,0.0060582361687926,-0.21234831989263078
n2078_taper0.25,81500000.0,0.0033154558931546545,-0.0027191822713784966,-0.18914285762831398
n2078_taper0.25,81800000.0,0.002835157401080443,-0.009712261921719947,-0.14937417562924143
n2078_taper0.25,82100000.0,0.0023702304571982806,-0.0142481274333321,-0.09818131856266567
n2078_taper0.25,82400000.0,0.00197569857302729,-0.015967209494109923,-0.041760928055067134
n2078_taper0.25,82700000.0,0.0017244156387277896,-0.014852114226984365,0.013424294973989174
n2078_taper0.25,83000000.0,0.0016770074193421538,-0.011211848324438715,0.061437304887112666
n2078_taper0.25,83300000.0,0.0018210113897246228,-0.005625390519232901,0.09755075256909897
n2078_taper0.25,83600000.0,0.0020766738030796087,0.0011455028397536586,0.11873662972999398
n2078_taper0.25,83900000.0,0.0023636213305832303,0.008260529898394557,0.12390921328261095
n2078_taper0.25,84200000.0,0.002628653087058898,0.014907145503415185,0.11390855966835897
n2078_taper0.25,84500000.0,0.0028405520458445847,0.02039516894127678,0.09124841037927343
n2078_taper0.25,84800000.0,0.0029817464681167424,0.024228915623072056,0.059680388941281415
n2078_taper0.25,85100000.0,0.003043357556711935,0.02614999687126185,0.023643441800095494
n2078_taper0.25,85400000.0,0.0030226326452219014,0.02614807377339841,-0.012326026610126656
n2078_taper0.25,85700000.0,0.002921553163294553,0.024440729431430247,-0.04415017189262686
n2078_taper0.25,86000000.0,0.002745978896519033,0.021426986972324123,-0.06866789357456932
n2078_taper0.25,86300000.0,0.002505045715393049,0.017621713117306304,-0.08394580747546448
n2078_taper0.25,86600000.0,0.0022107244920060625,0.013580073134048336,-0.08941169119159854
n2078_taper0.25,86900000.0,0.0018775900862724867,0.009822151885654799,-0.0858024796834864
n2078_taper0.25,87200000.0,0.0015230691809621263,0.006767617577372729,-0.07494273289776902
n2078_taper0.25,87500000.0,0.0011690349495711747,0.004688758016148767,-0.05939190414432777
n2078_taper0.25,87800000.0,0.000847521304586092,0.003687451709804665,-0.042016162002765305
n2078_taper0.25,88100000.0,0.0006166637535482632,0.003698010305787478,-0.02554967553581376
n2078_taper0.25,88400000.0,0.0005618239388602646,0.004513941337735037,-0.012209227809127584
n2078_taper0.25,88700000.0,0.0006744403227593003,0.005833219748052473,-0.0034149406976527494
n2078_taper0.25,89000000.0,0.0008424570566814922,0.007314217225078781,0.000348925713083491
n2078_taper0.25,89300000.0,0.000994482385201657,0.008633367928171702,-0.0004780458357359309
n2078_taper0.25,89600000.0,0.0011015159211385836,0.009535992690544629,-0.004684086219434375
n2078_taper0.25,89900000.0,0.0011521597439306836,0.00987324897516522,-0.010545759681200712
n2078_taper0.25,90200000.0,0.0011435580059246933,0.009620558738926862,-0.016153162917965463
n2078_taper0.25,90500000.0,0.0010789706595282901,0.008875690028373955,-0.01974901152275286
n2078_taper0.25,90800000.0,0.0009681300216050119,0.007837560932503982,-0.020031107965537764
n2078_taper0.25,91100000.0,0.000830434216981483,0.00676947725766132,-0.016374377910379
n2078_taper0.25,91400000.0,0.000703103989118388,0.005952627593567035,-0.008940870009198831
n2078_taper0.25,91700000.0,0.0006496129969889265,0.005636990629691572,0.0013374943521148874
n2078_taper0.25,92000000.0,0.0007264807321192703,0.005997157554624197,0.012899968084634431
n2078_taper0.25,92300000.0,0.0009172646273312672,0.007099833990397658,0.023799927548859203
n2078_taper0.25,92600000.0,0.00116646716056176,0.008888016726374272,0.032012447077328816
n2078_taper0.25,92900000.0,0.0014318446647907186,0.011184287604051314,0.03575951313087096
n2078_taper0.25,93200000.0,0.0016867078057020168,0.013712744806153216,0.03380357867907933
n2078_taper0.25,93500000.0,0.0019127784690431647,0.016136297457714444,0.025665562624578364
n2078_taper0.25,93800000.0,0.002096505648847221,0.01810384334354222,0.01173534058955608
n2078_taper0.25,94100000.0,0.002227644515244091,0.019300549308355702,-0.006741071931428981
n2078_taper0.25,94400000.0,0.0022987623598685713,0.019494180417414696,-0.02779587940140145
n2078_taper0.25,94700000.0,0.002305089465362934,0.01857111298170488,-0.0489772725552802
n2078_taper0.25,95000000.0,0.0022444821265244453,0.016557129021308084,-0.06765923304758628
n2078_taper0.25,95300000.0,0.002117407347810409,0.013620084349594672,-0.08138310126731158
n2078_taper0.25,95600000.0,0.0019269278365994706,0.010053828130871321,-0.08818662510154229
n2078_taper0.25,95900000.0,0.0016787281533466613,0.0062451038039825196,-0.08687730460878872
n2078_taper0.25,96200000.0,0.0013813609666026622,0.0026273585312982023,-0.07721302234227723
n2078_taper0.25,96500000.0,0.00104742446774698,-0.0003728060736643491,-0.05996388623360617
n2078_taper0.25,96800000.0,0.0006993351634410863,-0.0023896472572621013,-0.03684408974983001
n2078_taper0.25,97100000.0,0.0004064547267609074,-0.0031655757063432403,-0.010319857494020986
n2078_taper0.25,97400000.0,0.0004163191395302472,-0.0025852747664433786,0.016683130116462143
n2078_taper0.25,97700000.0,0.0007223154625810978,-0.0006919054676839765,0.041134847445035747
n2078_taper0.25,98000000.0,0.0010853701634381413,0.0023168568861321667,0.06027137868506739
n2078_taper0.25,98300000.0,0.0014397224437761131,0.006112361150260219,0.0719314858765615
n2078_taper0.25,98600000.0,0.0017629656259962117,0.010274782675636371,0.07481553432040249
n2078_taper0.25,98900000.0,0.0020417944982609026,0.014343747936090867,0.06863482112685652
n2078_taper0.25,99200000.0,0.0022666005407895513,0.017873105814574828,0.05413512159149351
n2078_taper0.25,99500000.0,0.00243034652648388,0.020482937036814915,0.03299518010510288
n2078_taper0.25,99800000.0,0.0025283148545201303,0.02190257465722454,0.007616362420817389
n2078_taper0.25,100100000.0,0.002558056340489448,0.02199979121067548,-0.019168067107295263
n2078_taper0.25,100400000.0,0.002519361521177504,0.02079313435679886,-0.04442752979418239
n2078_taper0.25,100700000.0,0.002414197892696965,0.01844642220256967,-0.06547247027453845
n2078_taper0.25,101000000.0,0.002246594227477252,0.015246444618045751,-0.08015706184597875
n2078_taper0.25,101300000.0,0.002022467720222989,0.01156679470366152,-0.08711163822067067
n2078_taper0.25,101600000.0,0.001749396883621658,0.007822322199403917,-0.08587859453545522
n2078_taper0.25,101900000.0,0.0014363480158627242,0.004419798363343554,-0.07693694623893389
n2078_taper0.25,102200000.0,0.0010933696047127847,0.0017108511972152517,-0.061614277660150686
n2078_taper0.25,102500000.0,0.000731293124458846,-4.7050084730981066e-05,-0.04189897456371214
n2078_taper0.25,102800000.0,0.0003617069735763846,-0.0007168430496139152,-0.020178496421684757
n2078_taper0.25,103100000.0,3.8417944975732926e-05,-0.0002923737700671633,0.0010610405781342556
n2078_taper0.25,103400000.0,0.0003640282408725611,0.0011076513095798312,0.019534208506311723
n2078_taper0.25,103700000.0,0.0006937317612168072,0.003260802860835038,0.03341614441495306
n2078_taper0.25,104000000.0,0.0009916573345167595,0.005873714453259872,0.04153149207395899
n2078_taper0.25,104300000.0,0.001249785779262387,0.00862168782782392,0.043452084517281456
n2078_taper0.25,104600000.0,0.0014620376667606515,0.011189672274333031,0.039496357789363064
n2078_taper0.25,104900000.0,0.0016241572064261025,0.013309350557602607,0.030636767303233968
n2078_taper0.25,105200000.0,0.0017338044935990115,0.014787925468314046,0.018332836483278974
n2078_taper0.25,105500000.0,0.0017906313877587513,0.015525552072533142,0.0043156167021585114
n2078_taper0.25,105800000.0,0.0017963220970291882,0.015519977380902378,-0.009646349018736846
n2078_taper0.25,106100000.0,0.001754607264464403,0.014858618559864131,-0.021969068062686004
n2078_taper0.25,106400000.0,0.001671274403642228,0.0136998492125737,-0.03143587129510935
n2078_taper0.25,106700000.0,0.0015542127566784813,0.012246518168999927,-0.03731991718526574
n2078_taper0.25,107000000.0,0.00141354597145798,0.010715572433627476,-0.039434000390726545
n2078_taper0.25,107300000.0,0.0012618983060309385,0.009308002598449097,-0.038105139631846335
n2078_taper0.25,107600000.0,0.001114711837234868,0.0081831266779536,-0.03408147145193931
n2078_taper0.25,107900000.0,0.0009900083554172608,0.007440491738721984,-0.02838787150689327
n2078_taper0.25,108200000.0,0.000905816616781633,0.007111494006705252,-0.022153201811964805
n2078_taper0.25,108500000.0,0.0008733165794052272,0.007161365087558018,-0.016435167520865088
n2078_taper0.25,108800000.0,0.0008892455705928913,0.007500664761531892,-0.012068003925426255
n2078_taper0.25,109100000.0,0.0009369013456732353,0.008004091484358907,-0.0095537919052784
n2078_taper0.25,109400000.0,0.0009954489221403993,0.008533467730770775,-0.009010921012358616
n2078_taper0.25,109700000.0,0.0010474485731056143,0.008961304476900248,-0.010184320957445394
n2078_taper0.25,110000000.0,0.0010810758843047092,0.009191434423670026,-0.012512969545544785
n2078_taper0.25,110300000.0,0.0010897336641312939,0.009173779708084522,-0.01524216764868998
n2078_taper0.25,110600000.0,0.001071307837861334,0.00891127566379799,-0.017562174050933032
n2078_taper0.25,110900000.0,0.001027808244137131,0.008458158827156358,-0.018751663859716064
n2078_taper0.25,111200000.0,0.0009655320436212568,0.007910081532481303,-0.018304378342170403
n2078_taper0.25,111500000.0,0.0008956982517567258,0.007387676355534522,-0.016020181469980643
n2078_taper0.25,111800000.0,0.0008350146557596733,0.007016115165229429,-0.012047118918602542
n2078_taper0.25,112100000.0,0.000804134149487444,0.006903769525709192,-0.006868286290145184
n2078_taper0.25,112400000.0,0.0008207087523477789,0.007123201404119156,-0.0012354005004490112
n2078_taper0.25,112700000.0,0.000889252115980867,0.007697370468145228,0.003941191718787495
n2078_taper0.25,113000000.0,0.0009989767372258652,0.008593178345005453,0.00772989120614042
n2078_taper0.25,113300000.0,0.0011318425827500497,0.009723390632078388,0.009322371335070355
n2078_taper0.25,113600000.0,0.001270265169937805,0.01095674773439006,0.008163959061800143
n2078_taper0.25,113900000.0,0.0013998455088337935,0.012134884884119556,0.004050669460253232
n2078_taper0.25,114200000.0,0.0015094104628816918,0.013093708985289108,-0.0028214622288665913
n2078_taper0.25,114500000.0,0.0015904852699277989,0.013686261289911378,-0.011862311770385525
n2078_taper0.25,114800000.0,0.0016368726321755887,0.013803902965483308,-0.02214873080156343
n2078_taper0.25,115100000.0,0.001644407417611259,0.013392900288699118,-0.03253312342389497
n2078_taper0.25,115400000.0,0.0016108290236853348,0.012464104711792654,-0.04178557974910041
n2078_taper0.25,115700000.0,0.0015357200255625165,0.011094327128061535,-0.048751168295072464
n2078_taper0.25,116000000.0,0.0014204921405208339,0.0094190789297952,-0.052501900343968365
n2078_taper0.25,116300000.0,0.0012684470232368036,0.007617468049080395,-0.05246335150336016
n2078_taper0.25,116600000.0,0.0010850364433086976,0.005891066926632196,-0.04849891737544504
n2078_taper0.25,116900000.0,0.0008787393243219075,0.004439386519153335,-0.040939897634755994
n2078_taper0.25,117200000.0,0.0006640774112559399,0.0034350856661962597,-0.03055648537893187
n2078_taper0.25,117500000.0,0.0004727421992772451,0.0030021375931201266,-0.018472463956070443
n2078_taper0.25,117800000.0,0.0003832220558004879,0.0031998320703942543,-0.006033956691680443
n2078_taper0.25,118100000.0,0.00047166474037148634,0.00401474309387431,0.0053511578624619695
n2078_taper0.25,118400000.0,0.0006665858835784081,0.005361735847888926,0.01438253138597733
n2078_taper0.25,118700000.0,0.0008887062944412198,0.007093877264196823,0.020023564673573736
n2078_taper0.25,119000000.0,0.0011054917255653937,0.009019934527812874,0.02162471184540707
n2078_taper0.25,119300000.0,0.0013018215321716805,0.010927170928201328,0.01899864328875836
n2078_taper0.25,119600000.0,0.0014685903437163762,0.012606512733561151,0.012438585729197496
n2078_taper0.25,119900000.0,0.0015996025431562525,0.013876935373312973,0.002678600050074457
n2078_taper0.25,120200000.0,0.0016906568783841794,0.014606105343220422,-0.009198164089488745
n2078_taper0.25,120500000.0,0.0017392574614443674,0.01472486179227547,-0.02189099954439983
n2078_taper0.25,120800000.0,0.0017445200490626884,0.014233936484769607,-0.034036270875500436
n2078_taper0.25,121100000.0,0.0017071400799795482,0.013202282157688488,-0.04436614048858136
n2078_taper0.25,121400000.0,0.0016293842481418833,0.011757393035409,-0.05185235423234222
n2078_taper0.25,121700000.0,0.0015151115976709663,0.010068947825024982,-0.055818214099005586
n2078_taper0.25,122000000.0,0.001369871276585961,0.008327884219488395,-0.056005970678999796
n2078_taper0.25,122300000.0,0.0012011959872101335,0.006723537257465955,-0.0525924690154146
n2078_taper0.25,122600000.0,0.0010193689603163784,0.005421675303881728,-0.04615235493750181
n2078_taper0.25,122900000.0,0.0008392754003536755,0.004546112650382439,-0.037574717077983065
n2078_taper0.25,123200000.0,0.000684219666187216,0.004166076699675158,-0.02794484486862785
n2078_taper0.25,123500000.0,0.000589410828885467,0.00429072105583629,-0.018407011118283752
n2078_taper0.25,123800000.0,0.0005876506096152948,0.0048712116959077545,-0.01002622061976436
n2078_taper0.25,124100000.0,0.0006721580554067027,0.005809811600339348,-0.003666414361689968
n2078_taper0.25,124400000.0,0.0008032929576134736,0.00697449652573155,0.00010020767202588645
n2078_taper0.25,124700000.0,0.0009466371937981897,0.00821697701965523,0.0010427930440646037
n2078_taper0.25,125000000.0,0.0010819136635069019,0.009391662237969306,-0.0007237489195145655
n2078_taper0.25,125300000.0,0.0011978708284140478,0.010373108124887124,-0.004777580048998416
n2078_taper0.25,125600000.0,0.00128830167887653,0.01106982153605314,-0.010464605036612961
n2078_taper0.25,125900000.0,0.0013501637207557465,0.011432876445607762,-0.01699738809464317
n2078_taper0.25,126200000.0,0.0013827480884458128,0.01145854606753897,-0.023564252543385514
n2078_taper0.25,126500000.0,0.0013872987843853747,0.011184962608660566,-0.02943394132078423
n2078_taper0.25,126800000.0,0.0013668205990853375,0.010683583455881013,-0.034042524043973815
n2078_taper0.25,127100000.0,0.0013259568698732308,0.010046878504031437,-0.037052171288572584
n2078_taper0.25,127400000.0,0.001270861129694586,0.009374085039122486,-0.038375570930220676
n2078_taper0.25,127700000.0,0.0012089717466334804,0.00875705463080688,-0.03816459340255711
n2078_taper0.25,128000000.0,0.001148543631361866,0.008268121100689613,-0.036766693868529134
n2078_taper0.25,128300000.0,0.001097743160377154,0.007951564649553548,-0.034656820314456424
n2078_taper0.25,128600000.0,0.0010632086869715159,0.007819685202281334,-0.032355693966711535
n2078_taper0.25,128900000.0,0.0010483835246216117,0.007853809441971692,-0.030346817747105764
n2078_taper0.25,129200000.0,0.0010524598774546909,0.008009841844015729,-0.02900426175547172
n2078_taper0.25,129500000.0,0.0010707141213681728,0.008227334511713336,-0.0285412577521776
n2078_taper0.25,129800000.0,0.001096093622308776,0.008440583714086163,-0.028986251877389832
n2078_taper0.25,130100000.0,0.0011211193860070539,0.008590024047107559,-0.030188854076412728
n2078_taper0.25,130400000.0,0.0011393199821679808,0.008632208487906457,-0.03185371769636975
n2078_taper0.25,130700000.0,0.0011460263818622314,0.008546921128929635,-0.03359640887595662
n2078_taper0.25,131000000.0,0.0011387268774871913,0.008340423535044661,-0.03501231181832192
n2078_taper0.25,131300000.0,0.0011172198622841868,0.0080444167914813,-0.03574793509586156
n2078_taper0.25,131600000.0,0.0010837083942648522,0.007710927867126878,-0.035563820720151684
n2078_taper0.25,131900000.0,0.0010428661090288876,0.007403916434374287,-0.03437960134828828
n2078_taper0.25,132200000.0,0.001001762182618004,0.007188868674002516,-0.03229440386088606
n2078_taper0.25,132500000.0,0.0009693290642969441,0.007121934453761147,-0.02957939604234215
n2078_taper0.25,132800000.0,0.0009548948838726541,0.007240233148262521,-0.026643324349970847
n2078_taper0.25,133100000.0,0.0009656239960813407,0.007554789940210308,-0.023975828905859194
n2078_taper0.25,133400000.0,0.0010038612836462929,0.008047190311586398,-0.022076582826064915
n2078_taper0.25,133700000.0,0.001066228483728183,0.008670508607855927,-0.02138041065291505
n2078_taper0.25,134000000.0,0.0011451027474612783,0.009354454469885639,-0.022189186267588288
n2078_taper0.25,134300000.0,0.001231098690777245,0.010014078254897757,-0.024620407838446188
n2078_taper0.25,134600000.0,0.0013150082652752223,0.01056087034604647,-0.028580045124392068
n2078_taper0.25,134900000.0,0.0013887936469833698,0.010914749761107895,-0.03376390633187701
n2078_taper0.25,135200000.0,0.0014459433875200394,0.01101530814985659,-0.03968786861477577
n2078_taper0.25,135500000.0,0.0014815498360848027,0.010830768101392798,-0.045743402287992216
n2078_taper0.25,135800000.0,0.0014923084756325066,0.010363411649481973,-0.05127141047519222
n2078_taper0.25,136100000.0,0.0014765222517689948,0.00965069314303295,-0.05564492929485534
n2078_taper0.25,136400000.0,0.0014341438664864181,0.008761809966721979,-0.05834998451079263
n2078_taper0.25,136700000.0,0.00136688067302602,0.0077900948191227965,-0.05905402427946129
n2078_taper0.25,137000000.0,0.0012784008336518325,0.0068421412987168225,-0.057652831913503615
n2078_taper0.25,137300000.0,0.0011747034554115692,0.0060250114190829995,-0.0542894981174369
n2078_taper0.25,137600000.0,0.0010647183241038769,0.0054331414479763356,-0.04934258163926322
n2078_taper0.25,137900000.0,0.0009610557820285057,0.005136622013716445,-0.04338456872180733
n2078_taper0.25,138200000.0,0.0008801717072644351,0.005172366408558896,-0.037115633124629205
n2078_taper0.25,138500000.0,0.000839777380685669,0.005539314529155394,-0.031280964472062314
n2078_taper0.25,138800000.0,0.0008514663313282263,0.006198296598340099,-0.02658210766764937
n2078_taper0.25,139100000.0,0.0009132444994022084,0.007076573091133593,-0.023593525166670397
n2078_taper0.25,139400000.0,0.0010111588352069163,0.00807646108582909,-0.02269485195788743
n2078_taper0.25,139700000.0,0.0011276806724280714,0.009086937527385645,-0.024027184681457325
n2078_taper0.25,140000000.0,0.00124756178542008,0.009996746387658238,-0.02747855914040529
n2078_taper0.25,140300000.0,0.0013592750253150468,0.010707373422719026,-0.03269999159226682
n2078_taper0.25,140600000.0,0.0014545711504810098,0.011144302580947967,-0.03914961104420804
n2078_taper0.25,140900000.0,0.0015277938335853686,0.011265216116367806,-0.046158988000553555
n2078_taper0.25,141200000.0,0.0015753910818731408,0.011064206373864823,-0.05301317535279725
n2078_taper0.25,141500000.0,0.0015956306287228503,0.010571575307833455,-0.05903449700723089
n2078_taper0.25,141800000.0,0.0015884532075003837,0.00984934428645599,-0.06365988447849595
n2078_taper0.25,142100000.0,0.0015554128154813287,0.008983116517337405,-0.06650256453048599
n2078_taper0.25,142400000.0,0.0014996765190962273,0.008071367017984294,-0.06739100223282342
n2078_taper0.25,142700000.0,0.0014260694915138184,0.007213529663798899,-0.06638094410270327
n2078_taper0.25,143000000.0,0.0013411437856029717,0.006498371783618059,-0.06373982599501103
n2078_taper0.25,143300000.0,0.0012532008631541518,0.005994078361264638,-0.059906282813930595
n2078_taper0.25,143600000.0,0.001172073773115115,0.005741218282295248,-0.055430574203917476
n2078_taper0.25,143900000.0,0.0011082786696928481,0.0057493671229829,-0.05090401405135233
n2078_taper0.25,144200000.0,0.0010710977632456974,0.005997669186672272,-0.046886658044063834
n2078_taper0.25,144500000.0,0.0010658018375883055,0.006439104509405226,-0.04384241586751211
n2078_taper0.25,144800000.0,0.0010915676786587673,0.007007756327611592,-0.042089451086567815
n2078_taper0.25,145100000.0,0.0011418868957707245,0.00762801469396944,-0.04177142860634191
n2078_taper0.25,145400000.0,0.0012071965788205405,0.00822444779561483,-0.042852221214577234
n2078_taper0.25,145700000.0,0.001277724934946217,0.008731044878214493,-0.04513352275295039
n2078_taper0.25,146000000.0,0.0013452141387934086,0.00909867849784516,-0.04829187029843229
n2078_taper0.25,146300000.0,0.0014035442961509352,0.00929992126923161,-0.05192922811463718
n2078_taper0.25,146600000.0,0.0014487716600385943,0.009330738728552742,-0.05562980613625844
n2078_taper0.25,146900000.0,0.001478959879062,0.00920901105851123,-0.05901532277520958
n2078_taper0.25,147200000.0,0.0014939678546431303,0.008970255488431701,-0.06179149028946476
n2078_taper0.25,147500000.0,0.0014952317183754673,0.008661275358260915,-0.06377999007984145
n2078_taper0.25,147800000.0,0.001485523158152438,0.008332707768272496,-0.06493239602324541
n2078_taper0.25,148100000.0,0.0014686442674913076,0.00803155022046972,-0.06532509459648556
n2078_taper0.25,148400000.0,0.0014490144737328255,0.007794706111403511,-0.06513689091123176
n2078_taper0.25,148700000.0,0.001431122071945649,0.007644407432437557,-0.06461332330678297
n2078_taper0.25,149000000.0,0.0014188641384420598,0.0075860777580318926,-0.06402342064700726
n2078_taper0.25,149300000.0,0.0014148828041784592,0.007608832775234886,-0.06361549802427438
n2078_taper0.25,149600000.0,0.0014200812061564692,0.007688432165052463,-0.06357849325760044
n2078_taper0.25,149900000.0,0.001433496041521333,0.007792150532558568,-0.06401433320626641
n2078_taper0.25,150200000.0,0.0014525838967239886,0.007884774560266275,-0.06492505323790855
n2078_taper0.25,150500000.0,0.0014738159520448506,0.007934793245774379,-0.06621614717447076
n2078_taper0.25,150800000.0,0.0014933855530346073,0.007919844184006024,-0.06771522959307003
n2078_taper0.25,151100000.0,0.0015078572920963539,0.0078306078605817,-0.0692028869567113
n2078_taper0.25,151400000.0,0.0015146710620266197,0.0076725822873814145,-0.07045087875713085
n2078_taper0.25,151700000.0,0.0015124886969672946,0.007465486225553364,-0.07126184807450352
n2078_taper0.25,152000000.0,0.0015014033912801995,0.007240386134343139,-0.07150453538453536
n2078_taper0.25,152300000.0,0.0014830276690250205,0.007034972109008201,-0.0711391706231079
n2078_taper0.25,152600000.0,0.0014604487067906144,0.006887676511781669,-0.07022914644030369
n2078_taper0.25,152900000.0,0.0014380037951268407,0.0068314990493615335,-0.06893705197344041
n2078_taper0.25,153200000.0,0.001420803578473722,0.006888449980939894,-0.06750539811918493
n2078_taper0.25,153500000.0,0.001413954599649121,0.007065441762340776,-0.06622457824635637
n2078_taper0.25,153800000.0,0.0014215491342026393,0.007352259540386561,-0.06539246988821024
n2078_taper0.25,154100000.0,0.001445681021458517,0.007721950470909654,-0.06527132705241251
n2078_taper0.25,154400000.0,0.0014858645948654895,0.008133632014757438,-0.06604806111587105
n2078_taper0.25,154700000.0,0.001539106789277278,0.008537378630399281,-0.06780359826011825
n2078_taper0.25,155000000.0,0.0016005583475106864,0.008880552730260564,-0.07049579569815392
n2078_taper0.25,155300000.0,0.0016644240634866956,0.009114740045660617,-0.07395857335720253
n2078_taper0.25,155600000.0,0.0017248165257555763,0.00920235885691077,-0.07791773111600471
n2078_taper0.25,155900000.0,0.0017763989260014097,0.009122047606812839,-0.08202167503006598
n2078_taper0.25,156200000.0,0.001814809727962887,0.008872089794359375,-0.08588326858873752
n2078_taper0.25,156500000.0,0.0018369271890277406,0.0084713871224214,-0.08912751616799912
n2078_taper0.25,156800000.0,0.0018410363409295622,0.007957808339397392,-0.09143896536700503
n2078_taper0.25,157100000.0,0.0018269425065957435,0.00738408140018464,-0.09260268466219693
n2078_taper0.25,157400000.0,0.0017960537831884398,0.006811717286590312,-0.09253343774776715
n2078_taper0.25,157700000.0,0.001751433341903375,0.00630371399291921,-0.09128914361832707
n2078_taper0.25,158000000.0,0.0016977951488270186,0.005916954687258447,-0.08906670095569076
n2078_taper0.25,158300000.0,0.0016413759010423699,0.00569526205297773,-0.08618051464729552
n2078_taper0.25,158600000.0,0.0015895625877071706,0.005663993264820819,-0.08302629716852435
n2078_taper0.25,158900000.0,0.0015501227961794613,0.005826865746188655,-0.0800346289971269
n2078_taper0.25,159200000.0,0.0015299633810879375,0.006165417940996688,-0.07762008918739173
n2078_taper0.25,159500000.0,0.0015336239423418086,0.006641170339733587,-0.07613232728225386
n2078_taper0.25,159800000.0,0.001562084999901637,0.007200206197216724,-0.0758151669035314
n2078_taper0.25,160100000.0,0.0016125270708977047,0.007779585725791672,-0.07677875603494037
n2078_taper0.25,160400000.0,0.0016791710855324966,0.008314782473128939,-0.07898806725208836
n2078_taper0.25,160700000.0,0.0017547006950186263,0.00874721410765659,-0.0822689449822599
n2078_taper0.25,161000000.0,0.0018316182546355214,0.009030944160766672,-0.08633068252423647
n2078_taper0.25,161300000.0,0.0019031908777573968,0.009137752076308915,-0.09080207688209878
n2078_taper0.25,161600000.0,0.001963976099109362,0.009059987234220654,-0.09527630536162737
n2078_taper0.25,161900000.0,0.00201005863784843,0.008810908277082587,-0.0993589802212947
n2078_taper0.25,162200000.0,0.002039126723161401,0.00842252510738789,-0.10271347029294173
n2078_taper0.25,162500000.0,0.00205046753459836,0.007941268021306335,-0.10509804661365861
n2078_taper0.25,162800000.0,0.002044916850651189,0.007422069279562179,-0.10639054134284423
n2078_taper0.25,163100000.0,0.0020247676678815138,0.006921625602606453,-0.10659785670752836
n2078_taper0.25,163400000.0,0.001993621685470546,0.006491693607495486,-0.10584961262293797
n2078_taper0.25,163700000.0,0.0019561515377664895,0.006173244444561908,-0.10437722857461482
n2078_taper0.25,164000000.0,0.001917732033446509,0.005992172938349482,-0.1024815385980209
n2078_taper0.25,164300000.0,0.0018839062369970425,0.00595703865102607,-0.10049340392585827
n2078_taper0.25,164600000.0,0.0018596947190327433,0.006059041347807475,-0.0987325404898794
n2078_taper0.25,164900000.0,0.0018488416961811558,0.006274139272267027,-0.09746982758975596
n2078_taper0.25,165200000.0,0.0018531882919449437,0.006566945471011026,-0.09689771881400365
n2078_taper0.25,165500000.0,0.0018723921150510469,0.00689582152081415,-0.09711214301102652
n2078_taper0.25,165800000.0,0.0019041115571433926,0.007218456681804321,-0.09810764766746367
n2078_taper0.25,166100000.0,0.0019445864899440145,0.007497188230790471,-0.09978573388646843
n2078_taper0.25,166400000.0,0.0019894056461443516,0.007703385918414046,-0.10197460868835528
n2078_taper0.25,166700000.0,0.002034240037912074,0.007820377097703776,-0.10445716159532029
n2078_taper0.25,167000000.0,0.0020754079681450425,0.007844605367137169,-0.10700303235933985
n2078_taper0.25,167300000.0,0.00211023470748296,0.00778496374287152,-0.10940027945032459
n2078_taper0.25,167600000.0,0.0021372272464980674,0.007660489888439089,-0.11148240969308007
n2078_taper0.25,167900000.0,0.0021560999430183313,0.007496823566184654,-0.11314733539122057
n2078_taper0.25,168200000.0,0.0021676798711064258,0.007321978259623385,-0.11436606422007221
n2078_taper0.25,168500000.0,0.002173709075403293,0.007162051262555413,-0.11518042369270669
n2078_taper0.25,168800000.0,0.0021765551293278095,0.007037481442907794,-0.11569066935856613
n2078_taper0.25,169100000.0,0.00217884619478512,0.0069603652516008665,-0.1160352127085897
n2078_taper0.25,169400000.0,0.002183062660769099,0.006933174435238867,-0.11636574312886665
n2078_taper0.25,169700000.0,0.002191139354027312,0.006949007947583158,-0.11682157030180752
n2078_taper0.25,170000000.0,0.0022041488028426873,0.006993286121356782,-0.11750701119232876
n2078_taper0.5,20000000.0,0.0795029733952131,0.660808322674177,-0.4689128899603028
n2078_taper0.5,20300000.0,0.07686634239778914,0.6010964164130164,-1.5399079772385336
n2078_taper0.5,20600000.0,0.07341047072486018,0.4986747931737886,-2.4251955954584496
n2078_taper0.5,20900000.0,0.06922079174381932,0.3645490469849647,-3.04988299348488
n2078_taper0.5,21200000.0,0.06440262328771391,0.21297693941379753,-3.3638864646973947
n2078_taper0.5,21500000.0,0.05907779946553157,0.060355344050855506,-3.3500681175372797
n2078_taper0.5,21800000.0,0.05338047843950105,-0.0766024641153831,-3.030502794560634
n2078_taper0.5,22100000.0,0.04745230700057724,-0.1833217917313225,-2.467426697963511
n2078_taper0.5,22400000.0,0.041437132075401,-0.24995439810105216,-1.7557786004949483
n2078_taper0.5,22700000.0,0.03547546780608955,-0.27326277142952443,-1.0069924611408807
n2078_taper0.5,23000000.0,0.02969898123917349,-0.2570364684973756,-0.32786979094616414
n2078_taper0.5,23300000.0,0.024225423174654617,-0.21083924341886412,0.1988619200260587
n2078_taper0.5,23600000.0,0.01915491809845864,-0.14759223785155418,0.5265544312554182
n2078_taper0.5,23900000.0,0.014570036180281692,-0.08086325345833376,0.6472172372063999
n2078_taper0.5,24200000.0,0.010547196203443904,-0.022595236176661142,0.5864549271943187
n2078_taper0.5,24500000.0,0.007206404894337767,0.018395928428098014,0.3942059736939095
n2078_taper0.5,24800000.0,0.004890068035590227,0.03717567032811279,0.13427458859917848
n2078_taper0.5,25100000.0,0.004382707618442452,0.03287292934271653,-0.12568667338864015
n2078_taper0.5,25400000.0,0.005727364861676293,0.00845295091943429,-0.3232203263248586
n2078_taper0.5,25700000.0,0.007910137635246723,-0.02984452275563423,-0.4090930683713921
n2078_taper0.5,26000000.0,0.010425891482735311,-0.07340633485296535,-0.354115640511795
n2078_taper0.5,26300000.0,0.01314338185586916,-0.11250574531788451,-0.15401542892371287
n2078_taper0.5,26600000.0,0.01601604372715911,-0.13786291573733572,0.1689024179235227
n2078_taper0.5,26900000.0,0.018997362750272077,-0.14229494405362858,0.5685738119545274
n2078_taper0.5,27200000.0,0.022022418185100975,-0.1220956314883962,0.9828578235254584
n2078_taper0.5,27500000.0,0.025008718460338916,-0.07775859812248868,1.3448547252364134
n2078_taper0.5,27800000.0,0.027862637813213707,-0.013821706940110496,1.5951301469533028
n2078_taper0.5,28100000.0,0.030486854696168037,0.06209662945224397,1.691710823866753
n2078_taper0.5,28400000.0,0.03278720171537696,0.1407435737005557,1.6157094295669105
n2078_taper0.5,28700000.0,0.03467844382197603,0.21275229358743164,1.3721551734795094
n2078_taper0.5,29000000.0,0.03608889527388034,0.2699226771610677,0.9870338330228179
n2078_taper0.5,29300000.0,0.036963905850272906,0.306119367211879,0.5021056785653766
n2078_taper0.5,29600000.0,0.03726827234580707,0.31778747096562765,-0.031133528217829984
n2078_taper0.5,29900000.0,0.03698763316477101,0.30415469958759866,-0.5575252689506591
n2078_taper0.5,30200000.0,0.036128906325042225,0.26718959094317485,-1.0240254512849676
n2078_taper0.5,30500000.0,0.0347198405771485,0.21135006989790284,-1.3851059850335001
n2078_taper0.5,30800000.0,0.03280776556113647,0.1431172862263428,-1.6076691613589544
n2078_taper0.5,31100000.0,0.030457648680222497,0.07029283832583501,-1.6751143930664045
n2078_taper0.5,31400000.0,0.02774959321154495,0.0010618495490690588,-1.5898729692514075
n2078_taper0.5,31700000.0,0.024775946187301036,-0.05710548738684751,-1.3735457239276405
n2078_taper0.5,32000000.0,0.021638232393494737,-0.09854631753580963,-1.0639784542744872
n2078_taper0.5,32300000.0,0.018444207648693606,-0.12025406650458594,-0.7092950682269201
n2078_taper0.5,32600000.0,0.015305459351042508,-0.1222588469370326,-0.35988360267838654
n2078_taper0.5,32900000.0,0.012336211617317884,-0.10742911161924883,-0.06011629746838778
n2078_taper0.5,33200000.0,0.009654245329423059,-0.08075665527085629,0.1582836524851244
n2078_taper0.5,33500000.0,0.0073841777626230095,-0.04833056998562243,0.2799253592177134
n2078_taper0.5,33800000.0,0.005656564569287036,-0.01625555257214414,0.30616676091809847
n2078_taper0.5,34100000.0,0.0045707133328199276,0.010275467859310869,0.25279873338748055
n2078_taper0.5,34400000.0,0.004082281275859001,0.02763664695687091,0.14594472647171436
n2078_taper0.5,34700000.0,0.0039472920944899756,0.034119884595807407,0.01711971254554473
n2078_taper0.5,35000000.0,0.003890835166936987,0.029998574348982752,-0.1018230974156642
n2078_taper0.5,35300000.0,0.0037754068625756197,0.017339330042653527,-0.18334835742807837
n2078_taper0.5,35600000.0,0.003632302938217466,-0.0004021189192632544,-0.2081036557881932
n2078_taper0.5,35900000.0,0.0036461209748064856,-0.018960356193362816,-0.16761574322434641
n2078_taper0.5,36200000.0,0.0040648210802698365,-0.033956214553060214,-0.06543832059224415
n2078_taper0.5,36500000.0,0.0049966001490743695,-0.04161985095058299,0.08353906475706029
n2078_taper0.5,36800000.0,0.006350395340034298,-0.039423615344660407,0.2556583927401499
n2078_taper0.5,37100000.0,0.007969502798978482,-0.026503313842184385,0.42258049481149856
n2078_taper0.5,37400000.0,0.009714039962311936,-0.0037808924827002458,0.5561378696628445
n2078_taper0.5,37700000.0,0.011470175695458556,0.026230456229471757,0.6329814591871697
n2078_taper0.5,38000000.0,0.013143737405526434,0.0598814274486827,0.6381302905395513
n2078_taper0.5,38300000.0,0.014655831948954636,0.0929908475006707,0.5668753038802495
n2078_taper0.5,38600000.0,0.015941220352027722,0.12147417605123309,0.42493096762728055
n2078_taper0.5,38900000.0,0.01694809916160555,0.1418936913763923,0.22709133879172874
n2078_taper0.5,39200000.0,0.017638365885840127,0.15186743695878807,-0.005165379027959701
n2078_taper0.5,39500000.0,0.017987881677982192,0.15031162927128427,-0.24665835152192797
n2078_taper0.5,39800000.0,0.017986491739928147,0.13751609713361776,-0.47167772404733077
n2078_taper0.5,40100000.0,0.017637696152532776,0.1150638857886401,-0.6570417069398853
n2078_taper0.5,40400000.0,0.016957938544398293,0.08561032319979638,-0.784779964098687
n2078_taper0.5,40700000.0,0.01597552702655056,0.0525412094967724,-0.8441971778107236
n2078_taper0.5,41000000.0,0.014729236264432035,0.019539807117921155,-0.8330694108084654
n2078_taper0.5,41300000.0,0.013266671100630513,-0.009891282346389606,-0.7577588214726813
n2078_taper0.5,41600000.0,0.011642511998253413,-0.03288949777058971,-0.6321405321051861
n2078_taper0.5,41900000.0,0.009916833788021825,-0.04759934792296283,-0.4754274985522331
n2078_taper0.5,42200000.0,0.008153853979028056,-0.05338099321145501,-0.3092133011891019
n2078_taper0.5,42500000.0,0.00642191696148903,-0.05082211301980967,-0.15424621660893054
n2078_taper0.5,42800000.0,0.004796901256213979,-0.04155624782810441,-0.027517666181016563
n2078_taper0.5,43100000.0,0.0033756844197072276,-0.027931788031578145,0.05984020563053834
n2078_taper0.5,43400000.0,0.002316124910070289,-0.012602275235138918,0.10356345795142391
n2078_taper0.5,43700000.0,0.001865310405503815,0.0018858915718835603,0.10613626563525591
n2078_taper0.5,44000000.0,0.002036797873635525,0.013444930424212164,0.0757111087353931
n2078_taper0.5,44300000.0,0.0024230964818456034,0.020694877468661197,0.024356182011501252
n2078_taper0.5,44600000.0,0.0027277324037999983,0.023091404523679762,-0.03404948808885872
n2078_taper0.5,44900000.0,0.0028421551432239417,0.02093078448191303,-0.08597283579369398
n2078_taper0.5,45200000.0,0.002737179770135725,0.015242798879903202,-0.1201760548382271
n2078_taper0.5,45500000.0,0.002420155149874263,0.0075912739889716285,-0.12924230240874737
n2078_taper0.5,45800000.0,0.001928809696788348,-0.00019023368491370859,-0.11050675786789244
n2078_taper0.5,46100000.0,0.0013644321513503874,-0.006292518490127013,-0.06627990806478737
n2078_taper0.5,46400000.0,0.001061788390240402,-0.009213633416612821,-0.003331978472889551
n2078_taper0.5,46700000.0,0.0015047399471340554,-0.007988551266919252,0.06828658014954202
n2078_taper0.5,47000000.0,0.002404063740294644,-0.002329929904437652,0.13690120461114283
n2078_taper0.5,47300000.0,0.003441692339832416,0.007341085481196257,0.19107030692649274
n2078_taper0.5,47600000.0,0.0045008862624358985,0.01997508130254487,0.22133356364315487
n2078_taper0.5,47900000.0,0.00551879426462287,0.03406654180955416,0.22157507482532157
n2078_taper0.5,48200000.0,0.006449478373516697,0.04788416686629383,0.18981517419827953
n2078_taper0.5,48500000.0,0.007256171732605288,0.059719508057745306,0.1283616616947375
n2078_taper0.5,48800000.0,0.00790962355540934,0.06811663867435759,0.043361277377325494
n2078_taper0.5,49100000.0,0.008387903458830868,0.07205396573089723,-0.05612808709015654
n2078_taper0.5,49400000.0,0.00867650930093728,0.07105994098690853,-0.15938150907289195
n2078_taper0.5,49700000.0,0.008768425894404722,0.06525455788479333,-0.2553927923086955
n2078_taper0.5,50000000.0,0.008664014158842442,0.05531691937671038,-0.33423407957917334
n2078_taper0.5,50300000.0,0.00837069272908193,0.04238597095672325,-0.388237354004323
n2078_taper0.5,50600000.0,0.007902410059546063,0.027907451097321703,-0.4128670466473163
n2078_taper0.5,50900000.0,0.0072789245632929,0.01344570386388843,-0.4071820275809148
n2078_taper0.5,51200000.0,0.006524923587668089,0.00048389289122141777,-0.3738272055635533
n2078_taper0.5,51500000.0,0.005669024295971585,-0.00976086927879195,-0.31855222650991455
n2078_taper0.5,51800000.0,0.004742717694330026,-0.016481524726700992,-0.24932285958594236
n2078_taper0.5,52100000.0,0.0037793615811815974,-0.019363481810076324,-0.1751570891993488
n2078_taper0.5,52400000.0,0.002813485573691161,-0.018594389213657463,-0.10486565371424218
n2078_taper0.5,52700000.0,0.0018814337785904617,-0.014802511372355989,-0.04589121041197849
n2078_taper0.5,53000000.0,0.0010300943384370408,-0.008936896033313144,-0.003416245860938644
n2078_taper0.5,53300000.0,0.00042739661500789257,-0.0021112590099873147,0.020145833094752767
n2078_taper0.5,53600000.0,0.000685670201352357,0.0045626864064488085,0.025233441978062373
n2078_taper0.5,53900000.0,0.0011950598224103276,0.010127919643107648,0.014819712284994428
n2078_taper0.5,54200000.0,0.0016054020896071844,0.013901202147826315,-0.006224302755273097
n2078_taper0.5,54500000.0,0.0018764310985314582,0.015545780777454015,-0.03197315761754167
n2078_taper0.5,54800000.0,0.0019984964618582103,0.015092114025649828,-0.05637145165754484
n2078_taper0.5,55100000.0,0.00197165632515729,0.012907654902901609,-0.07411592045165212
n2078_taper0.5,55400000.0,0.0018023708636182995,0.009622445194339371,-0.08138558459356454
n2078_taper0.5,55700000.0,0.0015023825855623187,0.006022033602230301,-0.07633267603065211
n2078_taper0.5,56000000.0,0.0010881196068151158,0.0029228944360836367,-0.05927736692469465
n2078_taper0.5,56300000.0,0.0005814363537561796,0.0010477066226852658,-0.03258704075725228
n2078_taper0.5,56600000.0,0.00010579206690428923,0.000917980983338984,-0.0002634949003106985
n2078_taper0.5,56900000.0,0.0006543419965001229,0.002779129457021251,0.03269640051579412
n2078_taper0.5,57200000.0,0.001307321495411963,0.006568154346229319,0.061067177245413426
n2078_taper0.5,57500000.0,0.0019618431300884726,0.011927386665530445,0.0801709655153038
n2078_taper0.5,57800000.0,0.0025914428497386213,0.018260410194654016,0.08654839962825966
n2078_taper0.5,58100000.0,0.003172998554232888,0.02481997795885297,0.07843138137473758
n2078_taper0.5,58400000.0,0.003686075396317041,0.030813577775707476,0.05596108224915472
n2078_taper0.5,58700000.0,0.004113354390415729,0.035510890380651756,0.021136296441935966
n2078_taper0.5,59000000.0,0.004441090554210268,0.038338534048530624,-0.022483907833508808
n2078_taper0.5,59300000.0,0.004659467828901371,0.03895051685097488,-0.07026915799876796
n2078_taper0.5,59600000.0,0.004762818145500401,0.037266870767072725,-0.11712524101610401
n2078_taper0.5,59900000.0,0.004749694849826272,0.033477300626322176,-0.15813862706336537
n2078_taper0.5,60200000.0,0.00462280048939429,0.028010885184216613,-0.18917742624233377
n2078_taper0.5,60500000.0,0.004388775666393946,0.021476676046669287,-0.2073765056517613
n2078_taper0.5,60800000.0,0.004057861489982544,0.014583290811825834,-0.21144947886586923
n2078_taper0.5,61100000.0,0.0036434541304872776,0.008048071352048646,-0.20179137055376192
n2078_taper0.5,61400000.0,0.003161577787491203,0.0025077507980671467,-0.18036198305676848
n2078_taper0.5,61700000.0,0.002630317421139736,-0.0015575188051754946,-0.15036906134228592
n2078_taper0.5,62000000.0,0.0020692958021283864,-0.0038767143249048477,-0.11579835173084344
n2078_taper0.5,62300000.0,0.0014994528105632637,-0.004410406996777994,-0.08085962760694208
n2078_taper0.5,62600000.0,0.0009443863859457744,-0.0033410305353959754,-0.049429123010283835
n2078_taper0.5,62900000.0,0.0004449574186015929,-0.0010337023389333188,-0.02456696029724253
n2078_taper0.5,63200000.0,0.00027338892367050787,0.002025392699110217,-0.008173490338020402
n2078_taper0.5,63500000.0,0.0006109049174519238,0.005303160755407338,-0.0008243467263000435
n2078_taper0.5,63800000.0,0.0009560011078700654,0.008295290468746379,-0.0017956199496413344
n2078_taper0.5,64100000.0,0.0012309951742916778,0.010593095434328795,-0.009263215322375477
n2078_taper0.5,64400000.0,0.001421265152664222,0.011933138006021742,-0.020638272324280508
n2078_taper0.5,64700000.0,0.0015216282735312403,0.012224149499904082,-0.03298573820103894
n2078_taper0.5,65000000.0,0.0015318471427232143,0.011549020464077105,-0.04346636256261304
n2078_taper0.5,65300000.0,0.0014559630899469477,0.010142869313776169,-0.04974301446553221
n2078_taper0.5,65600000.0,0.001302583337375405,0.008351117588941418,-0.05029941001054052
n2078_taper0.5,65900000.0,0.0010865141083090865,0.006573875011857638,-0.04463208571251837
n2078_taper0.5,66200000.0,0.0008349319816500549,0.00520455080392486,-0.033293626441853096
n2078_taper0.5,66500000.0,0.0006111680120018212,0.004571249949818496,-0.01778517885990623
n2078_taper0.5,66800000.0,0.0005630559350050482,0.004889029436022479,-0.00031688486852437316
n2078_taper0.5,67100000.0,0.0007733024388777775,0.006229459663388606,0.016526832999372826
n2078_taper0.5,67400000.0,0.001112945044535961,0.008511342676619708,0.030167222889783508
n2078_taper0.5,67700000.0,0.0014863110176088327,0.011513276311497988,0.0384011734083388
n2078_taper0.5,68000000.0,0.0018523215748724097,0.01490555891199219,0.039709300623077017
n2078_taper0.5,68300000.0,0.002188197829298264,0.018296251540044342,0.03346138827318721
n2078_taper0.5,68600000.0,0.002478225674522027,0.021284473766484572,0.019995034361599207
n2078_taper0.5,68900000.0,0.0027107659783947367,0.023513404330980408,0.0005622765123939295
n2078_taper0.5,69200000.0,0.0028774152023782916,0.024715953458838112,-0.022842963343503928
n2078_taper0.5,69500000.0,0.0029727692983173206,0.0247474562100799,-0.047749000881916734
n2078_taper0.5,69800000.0,0.002994346272894939,0.02360170662505436,-0.0715244245187437
n2078_taper0.5,70100000.0,0.002942521750210006,0.02140890744701316,-0.09170760651692282
n2078_taper0.5,70400000.0,0.002820428966117142,0.01841638784935062,-0.10630562492253078
n2078_taper0.5,70700000.0,0.002633815162903887,0.014955026040453848,-0.1140256318726359
n2078_taper0.5,71000000.0,0.002390873444746859,0.011396017353400553,-0.11441091584549253
n2078_taper0.5,71300000.0,0.0021021050414999393,0.008103776628937829,-0.10786637481936326
n2078_taper0.5,71600000.0,0.0017803452421110819,0.005391201086012821,-0.09557261071572179
n2078_taper0.5,71900000.0,0.0014413035115750474,0.0034831443267336498,-0.079302673577006
n2078_taper0.5,72200000.0,0.001105652972531873,0.002492762701256538,-0.06116856762162025
n2078_taper0.5,72500000.0,0.0008058596746090414,0.0024135288291394765,-0.04333390510071709
n2078_taper0.5,72800000.0,0.0006033742452593609,0.0031274389511790016,-0.027732958043870024
n2078_taper0.5,73100000.0,0.0005799922153792194,0.004427638565714802,-0.015834145389294767
n2078_taper0.5,73400000.0,0.0007125195860614281,0.0060517326355179245,-0.008478189239900884
n2078_taper0.5,73700000.0,0.0008950439689222874,0.007720733174010643,-0.005809300249058929
n2078_taper0.5,74000000.0,0.0010648908921745274,0.009178089191761425,-0.0073039543571646135
n2078_taper0.5,74300000.0,0.001195881572706708,0.01022354629077366,-0.011888338450057474
n2078_taper0.5,74600000.0,0.001276827711700677,0.010737570665634804,-0.018124241417977957
n2078_taper0.5,74900000.0,0.0013037170600386503,0.010693542117695442,-0.02443530178819051
n2078_taper0.5,75200000.0,0.0012772972198685146,0.010156644637891126,-0.029341702242923578
n2078_taper0.5,75500000.0,0.0012025628071648058,0.009270142683893945,-0.03167170721403624
n2078_taper0.5,75800000.0,0.0010893661125630121,0.008231332534760289,-0.03072257731562419
n2078_taper0.5,76100000.0,0.0009544859613210637,0.007260732914965083,-0.026350782750840136
n2078_taper0.5,76400000.0,0.0008259607778232996,0.006568886075124725,-0.018981225922966766
n2078_taper0.5,76700000.0,0.0007472855446970124,0.006325375357754828,-0.00953623303551914
n2078_taper0.5,77000000.0,0.0007641905268666272,0.006634281573165698,0.0007040109019412729
n2078_taper0.5,77300000.0,0.0008845060604052741,0.007519333394540537,0.010288649454032779
n2078_taper0.5,77600000.0,0.0010735503490579125,0.008920585490115252,0.017803818706825188
n2078_taper0.5,77900000.0,0.0012918118491063676,0.01070279487403898,0.02207144631243837
n2078_taper0.5,78200000.0,0.0015113229130343593,0.012674020865747294,0.022311962208528397
n2078_taper0.5,78500000.0,0.001713552585508462,0.01461160149706215,0.018249671560446698
n2078_taper0.5,78800000.0,0.0018857699139143383,0.01629175523781036,0.010148267615156909
n2078_taper0.5,79100000.0,0.0020190666609269203,0.017518724471557823,-0.001226035111594556
n2078_taper0.5,79400000.0,0.002107458881909287,0.01814961777651738,-0.014706512731464226
n2078_taper0.5,79700000.0,0.0021474877076777398,0.018111838946184025,-0.028877642755230904
n2078_taper0.5,80000000.0,0.002138029403114784,0.01741107519051809,-0.04225530373700112
n2078_taper0.5,80300000.0,0.0020801877030970015,0.01612909610272339,-0.05347142522631873
n2078_taper0.5,80600000.0,0.001977222007447486,0.014411929790073231,-0.061439277043071415
n2078_taper0.5,80900000.0,0.00183451237983835,0.012450185702057248,-0.06547869933055231
n2078_taper0.5,81200000.0,0.001659605082844788,0.010454254095105114,-0.06538615614190699
n2078_taper0.5,81500000.0,0.0014624422683987724,0.008627719693384866,-0.06144189880861798
n2078_taper0.5,81800000.0,0.0012559736605183645,0.007142502818494061,-0.05435487881850185
n2078_taper0.5,82100000.0,0.0010574278102896577,0.00611895184012232,-0.04515429682613137
n2078_taper0.5,82400000.0,0.0008900889561065675,0.0056133842033098905,-0.03504368335604021
n2078_taper0.5,82700000.0,0.0007824646991690296,0.005614505365698612,-0.025238150190440952
n2078_taper0.5,83000000.0,0.0007559261039371731,0.006048881256899151,-0.016807211644863797
n2078_taper0.5,83300000.0,0.0008039034898902017,0.0067943904025482595,-0.010544110068877573
n2078_taper0.5,83600000.0,0.0008949289831011694,0.007699525072909123,-0.006878188947769628
n2078_taper0.5,83900000.0,0.0009964907746955964,0.008605696872856915,-0.005840312529922341
n2078_taper0.5,84200000.0,0.0010863418007842443,0.009369416880999905,-0.007083706538575895
n2078_taper0.5,84500000.0,0.0011514819336234396,0.00988137634485933,-0.009955039474585722
n2078_taper0.5,84800000.0,0.0011852307646575968,0.01007999825364049,-0.013604102504451838
n2078_taper0.5,85100000.0,0.001185401365409364,0.009957863693861669,-0.01711584073175062
n2078_taper0.5,85400000.0,0.001153491268000343,0.009560415732988128,-0.019646190132985263
n2078_taper0.5,85700000.0,0.0010945494761921946,0.00897737723297022,-0.02054332722285518
n2078_taper0.5,86000000.0,0.0010175663983060389,0.00832826291319933,-0.019438417884342432
n2078_taper0.5,86300000.0,0.0009362493950957811,0.007744110047075011,-0.0162943988991172
n2078_taper0.5,86600000.0,0.0008694501707245699,0.007348007973354052,-0.011407174981253519
n2078_taper0.5,86900000.0,0.0008387887595365602,0.007237116509554386,-0.005360126941798805
n2078_taper0.5,87200000.0,0.0008604247497055767,0.007468610492871851,0.0010608504482451189
n2078_taper0.5,87500000.0,0.0009353550135788296,0.008051403857304908,0.006979297058559348
n2078_taper0.5,87800000.0,0.0010498830654330133,0.00894467337354943,0.011551180523929087
n2078_taper0.5,88100000.0,0.0011850416605177281,0.010063241303062357,0.014081832895768136
n2078_taper0.5,88400000.0,0.0013237075683807074,0.011288930542488973,0.014121002993882038
n2078_taper0.5,88700000.0,0.0014525738648595002,0.012486213375883447,0.01152364691880525
n2078_taper0.5,89000000.0,0.0015618459705516578,0.0135199443441906,0.006469119300475742
n2078_taper0.5,89300000.0,0.0016445925175167196,0.014272760933799228,-0.0005627379316772577
n2078_taper0.5,89600000.0,0.0016962702290309552,0.014659862331968386,-0.008854334778041366
n2078_taper0.5,89900000.0,0.0017144407457039862,0.014639298616638452,-0.01754267049678975
n2078_taper0.5,90200000.0,0.0016986117637559732,0.014216547810259647,-0.025728490735932436
n2078_taper0.5,90500000.0,0.001650151558407919,0.01344293335542664,-0.032587704244919836
n2078_taper0.5,90800000.0,0.0015722548749882576,0.012408239728952906,-0.037470613862333677
n2078_taper0.5,91100000.0,0.0014699625522127547,0.011228621794565777,-0.03997644641945704
n2078_taper0.5,91400000.0,0.0013502534267909763,0.010031487026813182,-0.03999413914429094
n2078_taper0.5,91700000.0,0.0012222199008724997,0.008939389006169472,-0.03770491628952655
n2078_taper0.5,92000000.0,0.0010972509544071912,0.008055060219848226,-0.03354729172108257
n2078_taper0.5,92300000.0,0.0009888388013008784,0.007449519014826924,-0.0281500972142277
n2078_taper0.5,92600000.0,0.0009109941681848501,0.007154733902519927,-0.02224328990307358
n2078_taper0.5,92900000.0,0.0008740640627857251,0.007161680513517159,-0.016559055535056908
n2078_taper0.5,93200000.0,0.0008792853668666095,0.007423875264324513,-0.011736710348559746
n2078_taper0.5,93500000.0,0.0009173498497274029,0.007865724645745696,-0.008243996098375206
n2078_taper0.5,93800000.0,0.0009731947137481115,0.008394397152502581,-0.006324736372026927
n2078_taper0.5,94100000.0,0.001032025184843907,0.008913492736119081,-0.005978912045284975
n2078_taper0.5,94400000.0,0.0010823726683175938,0.009336604643759292,-0.006976625683324034
n2078_taper0.5,94700000.0,0.0011166074384211088,0.00959895290740273,-0.008902825288915362
n2078_taper0.5,95000000.0,0.001130537548238538,0.009665592241179504,-0.011225666179131325
n2078_taper0.5,95300000.0,0.0011229552567460902,0.00953520460301514,-0.013378496155135316
n2078_taper0.5,95600000.0,0.0010953698292631116,0.00923910424291866,-0.014843969117001584
n2078_taper0.5,95900000.0,0.0010519366251134762,0.008835728453543057,-0.015228851026493831
n2078_taper0.5,96200000.0,0.0009995060852283752,0.008401479176559503,-0.01431962067120425
n2078_taper0.5,96500000.0,0.0009475783606269993,0.008019246464002615,-0.012111758889034482
n2078_taper0.5,96800000.0,0.00090764875003623,0.007766227338368646,-0.0088092923934097
n2078_taper0.5,97100000.0,0.0008911437092565358,0.007702717639558057,-0.004795230828753225
n2078_taper0.5,97400000.0,0.0009057725110745417,0.007863392097538583,-0.000577466758161705
n2078_taper0.5,97700000.0,0.0009522497065683731,0.008252221763552552,0.003282036151303111
n2078_taper0.5,98000000.0,0.0010242733525572362,0.008841659871379309,0.0062448100134942916
n2078_taper0.5,98300000.0,0.001111628154247742,0.009576131720855603,0.007869529028745352
n2078_taper0.5,98600000.0,0.0012035495691766057,0.010379277071046186,0.007871830798455758
n2078_taper0.5,98900000.0,0.001290612901451152,0.011163897840741073,0.006162522210452913
n2078_taper0.5,99200000.0,0.0013653454941356363,0.011843226280785196,0.0028594944087453993
n2078_taper0.5,99500000.0,0.0014222542050912712,0.012341989676940125,-0.0017276844325826463
n2078_taper0.5,99800000.0,0.0014576929733037963,0.012605817056656601,-0.007137875352946871
n2078_taper0.5,100100000.0,0.0014697294077311391,0.012607792200007495,-0.012817371587520875
n2078_taper0.5,100400000.0,0.0014580471566699945,0.012351363089056712,-0.01818968246712767
n2078_taper0.5,100700000.0,0.001423882801238736,0.011869312807091007,-0.022726790849135627
n2078_taper0.5,101000000.0,0.001369989059142287,0.011219015578338536,-0.02601261448180337
n2078_taper0.5,101300000.0,0.0013006139985399642,0.010474678898155003,-0.027790627756712233
n2078_taper0.5,101600000.0,0.0012214731994462402,0.009717649881133448,-0.0279898369177282
n2078_taper0.5,101900000.0,0.0011396509351118142,0.009026094742762244,-0.02672625298838163
n2078_taper0.5,102200000.0,0.0010632787107521693,0.008465416094226914,-0.02428028782622707
n2078_taper0.5,102500000.0,0.0010007239096625567,0.00808064680215646,-0.021053676949674326
n2078_taper0.5,102800000.0,0.0009590412573423191,0.007891769048981766,-0.017512181377842516
n2078_taper0.5,103100000.0,0.0009419203988782378,0.007892493577904032,-0.0141220797019812
n2078_taper0.5,103400000.0,0.0009482304073450985,0.008052555597583373,-0.011289095632962813
n2078_taper0.5,103700000.0,0.0009723720947832043,0.008323108487662993,-0.009307844502914922
n2078_taper0.5,104000000.0,0.0010062816787859078,0.008644390871184288,-0.008328230656007206
n2078_taper0.5,104300000.0,0.0010417009041832602,0.008954561339266552,-0.008342749009678269
n2078_taper0.5,104600000.0,0.00107167329854286,0.009198472618157597,-0.00919570957027394
n2078_taper0.5,104900000.0,0.0010911849797671058,0.009335203694825505,-0.010612431061677457
n2078_taper0.5,105200000.0,0.0010973061572428792,0.0093433710868607,-0.012243838546095476
n2078_taper0.5,105500000.0,0.0010891446493005307,0.009223565977167327,-0.01371997887006513
n2078_taper0.5,105800000.0,0.0010677673745567724,0.008997665371404714,-0.014704959225558116
n2078_taper0.5,106100000.0,0.0010361316890471963,0.00870518874201961,-0.014945816696095333
n2078_taper0.5,106400000.0,0.0009989883297109074,0.008397262114548365,-0.01430881157319579
n2078_taper0.5,106700000.0,0.0009626309723606145,0.008129059966046296,-0.012798457694830167
n2078_taper0.5,107000000.0,0.0009342683741729614,0.00795178304713101,-0.010557010960521638
n2078_taper0.5,107300000.0,0.0009207884490789814,0.007905274001708863,-0.007844811101490606
n2078_taper0.5,107600000.0,0.0009269998778878562,0.008012267745199076,-0.00500445365042376
n2078_taper0.5,107900000.0,0.0009540841525244932,0.008275035254313449,-0.002413910389689662
n2078_taper0.5,108200000.0,0.0009992558306326628,0.008674841598578986,-0.0004351275862316839
n2078_taper0.5,108500000.0,0.0010568406871426402,0.009174249735798577,0.0006348740578901602
n2078_taper0.5,108800000.0,0.0011199531957010746,0.009721915856919002,0.0006038486228609839
n2078_taper0.5,109100000.0,0.0011818760297914227,0.010259193430278502,-0.0005900696161110482
n2078_taper0.5,109400000.0,0.0012368437846983998,0.010727635406779202,-0.0028701721724417057
n2078_taper0.5,109700000.0,0.0012803693249546888,0.01107638512679017,-0.0060311656310333495
n2078_taper0.5,110000000.0,0.0013093299342186108,0.011268485061422138,-0.00976568653350443
n2078_taper0.5,110300000.0,0.0013219568293549495,0.011285298344924073,-0.013703544596914414
n2078_taper0.5,110600000.0,0.001317795333234902,0.011128504714747361,-0.017458316473938962
n2078_taper0.5,110900000.0,0.0012976588074764509,0.010819462112039865,-0.02067507514002493
n2078_taper0.5,111200000.0,0.0012635776912829325,0.010396073744521062,-0.023073030617712004
n2078_taper0.5,111500000.0,0.001218731154772368,0.009907623068576966,-0.02447765609540993
n2078_taper0.5,111800000.0,0.0011673322415010525,0.009408295271636488,-0.024838361772182044
n2078_taper0.5,112100000.0,0.0011144121949200885,0.008950261502691546,-0.024229755482795542
n2078_taper0.5,112400000.0,0.0010654214152689752,0.008577241864803591,-0.022836731758543043
n2078_taper0.5,112700000.0,0.001025565177925446,0.008319380812057565,-0.02092576692112979
n2078_taper0.5,113000000.0,0.0009988858599844954,0.008190076122299498,-0.018806581457496686
n2078_taper0.5,113300000.0,0.0009873222649476037,0.00818512721285598,-0.01678952363017425
n2078_taper0.5,113600000.0,0.0009901804509141472,0.008284249033193941,-0.015144474112925441
n2078_taper0.5,113900000.0,0.0010043541501741989,0.0084546788650144,-0.014066721418302975
n2078_taper0.5,114200000.0,0.0010252043030539338,0.008656329084885922,-0.01365417722444376
n2078_taper0.5,114500000.0,0.0010476532458269304,0.008847745867311881,-0.01389865695670311
n2078_taper0.5,114800000.0,0.0010670842433412758,0.008992045894675772,-0.014691985338510453
n2078_taper0.5,115100000.0,0.0010799007803641784,0.00906202886768051,-0.01584567540202553
n2078_taper0.5,115400000.0,0.0010838011247297327,0.009043795707074481,-0.017121143162118574
n2078_taper0.5,115700000.0,0.0010778790063963734,0.00893841977361513,-0.01826608736131991
n2078_taper0.5,116000000.0,0.0010626339557271074,0.008761490078169142,-0.019051944540029946
n2078_taper0.5,116300000.0,0.0010399274668643672,0.008540634450110406,-0.019307300376742536
n2078_taper0.5,116600000.0,0.001012875188174379,0.008311399114189573,-0.01894278589765526
n2078_taper0.5,116900000.0,0.0009856213413011192,0.008112074615343792,-0.017964214504853738
n2078_taper0.5,117200000.0,0.0009629071826939035,0.007978189481905373,-0.01647235346366264
n2078_taper0.5,117500000.0,0.0009493588460778829,0.007937426092763948,-0.014649550583193276
n2078_taper0.5,117800000.0,0.0009485434424421541,0.008005644489067135,-0.012735207700696674
n2078_taper0.5,118100000.0,0.0009620701287078854,0.008184539633436908,-0.01099356915338429
n2078_taper0.5,118400000.0,0.0009891536047050716,0.008461228651083353,-0.00967827784814309
n2078_taper0.5,118700000.0,0.0010268737342770578,0.008809799185289697,-0.00899851559568181
n2078_taper0.5,119000000.0,0.0010709584009060225,0.009194585241758837,-0.009091248337373537
n2078_taper0.5,119300000.0,0.001116684675163909,0.009574709130101697,-0.010003194875730492
n2078_taper0.5,119600000.0,0.0011595925275751928,0.009909267589483513,-0.011684767744844757
n2078_taper0.5,119900000.0,0.0011959272832336553,0.010162466857173355,-0.01399659564329705
n2078_taper0.5,120200000.0,0.0012228651571422515,0.010308032561417784,-0.01672755674473791
n2078_taper0.5,120500000.0,0.0012386053635750401,0.010332330182960758,-0.019621755611965726
n2078_taper0.5,120800000.0,0.0012423905134343269,0.010235813283090856,-0.022410754680030297
n2078_taper0.5,121100000.0,0.0012344880936593153,0.01003264403422929,-0.024846759378948778
n2078_taper0.5,121400000.0,0.0012161439145101773,0.009748573217469102,-0.026732419977942946
n2078_taper0.5,121700000.0,0.0011895028821309898,0.009417393091802145,-0.027943444573792872
n2078_taper0.5,122000000.0,0.0011574796326063418,0.009076457496290003,-0.0284412371065359
n2078_taper0.5,122300000.0,0.0011235503511893689,0.008761876373965149,-0.028274141763273388
n2078_taper0.5,122600000.0,0.0010914327436169044,0.00850402272496476,-0.0275674071964772
n2078_taper0.5,122900000.0,0.0010646374913348925,0.008323935599572533,-0.026503475953290136
n2078_taper0.5,123200000.0,0.0010459277704687093,0.00823107135902777,-0.025295457434871566
n2078_taper0.5,123500000.0,0.0010368076357356296,0.008222665663558455,-0.024157490301205276
n2078_taper0.5,123800000.0,0.001037220246140585,0.008284747117998644,-0.02327603282868127
n2078_taper0.5,124100000.0,0.0010455955762709592,0.008394620962805107,-0.022785900654524006
n2078_taper0.5,124400000.0,0.0010592397261256117,0.008524448076416445,-0.022754141305214123
n2078_taper0.5,124700000.0,0.0010749118707478753,0.008645406503562275,-0.023173705340507517
n2078_taper0.5,125000000.0,0.0010893988374702482,0.008731857073143308,-0.023967508263718625
n2078_taper0.5,125300000.0,0.0010999656939181788,0.008764948250786827,-0.025002066222982094
n2078_taper0.5,125600000.0,0.0011046514758327698,0.008735184143594291,-0.026108621786088464
n2078_taper0.5,125900000.0,0.0011024336268366482,0.00864362961939548,-0.027108717825123085
n2078_taper0.5,126200000.0,0.0010932970730850524,0.008501616452507564,-0.02784064559912622
n2078_taper0.5,126500000.0,0.0010782320204077791,0.008329018358246763,-0.02818314709841534
n2078_taper0.5,126800000.0,0.0010591639809363676,0.008151353762809066,-0.028073187091282734
n2078_taper0.5,127100000.0,0.0010387982768069372,0.007996128361221742,-0.027515461512379984
n2078_taper0.5,127400000.0,0.0010203465503907637,0.007888925355798042,-0.026582457431658872
n2078_taper0.5,127700000.0,0.001007108511779118,0.00784977777309517,-0.02540517004339971
n2078_taper0.5,128000000.0,0.0010019272112586732,0.00789031167062032,-0.024155839995110437
n2078_taper0.5,128300000.0,0.0010066220287471284,0.008012038287014465,-0.023025131143057473
n2078_taper0.5,128600000.0,0.0010215809916022417,0.008206013019832207,-0.022196883777341817
n2078_taper0.5,128900000.0,0.0010456773866627136,0.008453891982420646,-0.021823858726879208
n2078_taper0.5,129200000.0,0.0010765398037688998,0.008730228737298264,-0.0220077022600715
n2078_taper0.5,129500000.0,0.0011110472905105993,0.009005690283929939,-0.022785744154556
n2078_taper0.5,129800000.0,0.0011458633493884695,0.00925075416929879,-0.024126284821472065
n2078_taper0.5,130100000.0,0.00117787625237479,0.009439392456268961,-0.0259328690445688
n2078_taper0.5,130400000.0,0.0012045013140110517,0.009552259166304086,-0.02805684425069278
n2078_taper0.5,130700000.0,0.0012238596107989076,0.009578972556946265,-0.030316420762476648
n2078_taper0.5,131000000.0,0.0012348663869146302,0.009519210643733077,-0.03251962982304541
n2078_taper0.5,131300000.0,0.0012372575981852395,0.009382499790636342,-0.034488113463970425
n2078_taper0.5,131600000.0,0.001231570779588916,0.00918675013504806,-0.03607863052771071
n2078_taper0.5,131900000.0,0.0012190843846529272,0.008955755142655737,-0.037199523401339765
n2078_taper0.5,132200000.0,0.0012017102013943816,0.008716004631104567,-0.03782010590606268
n2078_taper0.5,132500000.0,0.0011818274787400546,0.008493244295473969,-0.03797190523837458
n2078_taper0.5,132800000.0,0.0011620476855108157,0.008309239831741862,-0.03774178834530123
n2078_taper0.5,133100000.0,0.0011449101221620713,0.008179167516290093,-0.03725807865489366
n2078_taper0.5,133400000.0,0.0011325344786045697,0.00810996119421389,-0.036671679191449404
n2078_taper0.5,133700000.0,0.0011262916403309727,0.00809981110627718,-0.03613484261639446
n2078_taper0.5,134000000.0,0.001126578659062136,0.008138851638148828,-0.03578048712838436
n2078_taper0.5,134300000.0,0.001132772030916894,0.008210914782564695,-0.03570482046369113
n2078_taper0.5,134600000.0,0.0011433791364959367,0.00829608566934686,-0.03595552822479064
n2078_taper0.5,134900000.0,0.0011563397532908964,0.008373694545550684,-0.03652698374697166
n2078_taper0.5,135200000.0,0.0011693898217509193,0.008425329039047308,-0.037362959364604015
n2078_taper0.5,135500000.0,0.001180404933822425,0.008437456921105289,-0.03836629890286854
n2078_taper0.5,135800000.0,0.0011876743439356403,0.008403310691428937,-0.03941408601699822
n2078_taper0.5,136100000.0,0.0011900905588823813,0.008323791671686415,-0.04037613335333774
n2078_taper0.5,136400000.0,0.0011872594984685494,0.008207287775985797,-0.04113421229599299
n2078_taper0.5,136700000.0,0.001179540961620072,0.008068447124680229,-0.04159938927048107
n2078_taper0.5,137000000.0,0.0011680242839786324,0.007926089413234168,-0.04172513254573509
n2078_taper0.5,137300000.0,0.001154435710826619,0.007800550209572818,-0.04151445804822118
n2078_taper0.5,137600000.0,0.001140967630170461,0.0077108254979741395,-0.04102020951278413
n2078_taper0.5,137900000.0,0.001130021667606299,0.00767190577511947,-0.04033850461065134
n2078_taper0.5,138200000.0,0.001123874430648954,0.007692658482309673,-0.039596298303484344
n2078_taper0.5,138500000.0,0.0011243081079352416,0.007774539206323509,-0.03893479414258155
n2078_taper0.5,138800000.0,0.0011322856856654053,0.007911297067392084,-0.0384909701304185
n2078_taper0.5,139100000.0,0.0011477643158273835,0.00808970405991584,-0.03837970871444324
n2078_taper0.5,139400000.0,0.001169707227199222,0.00829120054430987,-0.03867890486079985
n2078_taper0.5,139700000.0,0.0011962851098770945,0.008494228270810339,-0.03941949342401495
n2078_taper0.5,140000000.0,0.001225195212852926,0.008676934270390999,-0.04058165164601261
n2078_taper0.5,140300000.0,0.0012540066866488684,0.008819884844426956,-0.04209759208888121
n2078_taper0.5,140600000.0,0.001280462878314602,0.008908433666264847,-0.043860481656234775
n2078_taper0.5,140900000.0,0.0013027085150726493,0.008934439917778045,-0.04573822147282525
n2078_taper0.5,141200000.0,0.0013194385699974323,0.008897123492226454,-0.04759020451588626
n2078_taper0.5,141500000.0,0.001329978861187153,0.008802961737222368,-0.049284810335035824
n2078_taper0.5,141800000.0,0.0013343098596836451,0.00866466005488143,-0.05071534047639016
n2078_taper0.5,142100000.0,0.0013330409563549613,0.008499349940560296,-0.051812346034868964
n2078_taper0.5,142400000.0,0.0013273371436506654,0.008326266978511184,-0.0525508123322419
n2078_taper0.5,142700000.0,0.0013187965462547226,0.008164225221791771,-0.05295137359644027
n2078_taper0.5,143000000.0,0.0013092776588317172,0.008029225328454289,-0.05307553648549793
n2078_taper0.5,143300000.0,0.0013006814508413375,0.007932509566583295,-0.05301568707174263
n2078_taper0.5,143600000.0,0.00129470633196343,0.007879311164049331,-0.05288133539484193
n2078_taper0.5,143900000.0,0.0012926104191715256,0.007868447819914788,-0.05278352518199312
n2078_taper0.5,144200000.0,0.0012950276839535113,0.007892793111398972,-0.05281954301439097
n2078_taper0.5,144500000.0,0.0013018823089994535,0.007940541031080203,-0.0530599772242561
n2078_taper0.5,144800000.0,0.0013124244556462412,0.007997074009006665,-0.05353981864394186
n2078_taper0.5,145100000.0,0.001325378043694613,0.008047167456631794,-0.05425471651393413
n2078_taper0.5,145400000.0,0.0013391629371426108,0.008077223959828236,-0.05516278591170885
n2078_taper0.5,145700000.0,0.0013521426519563962,0.008077232322152253,-0.05619160727980653
n2078_taper0.5,146000000.0,0.0013628551285946012,0.008042189539883303,-0.057249365929891396
n2078_taper0.5,146300000.0,0.0013701996331255222,0.007972800872120997,-0.05823854073349904
n2078_taper0.5,146600000.0,0.001373567778674868,0.0078753735458045,-0.05907023492864313
n2078_taper0.5,146900000.0,0.001372915814497236,0.0077609295480101405,-0.05967718576538162
n2078_taper0.5,147200000.0,0.0013687783758114353,0.007643667712075677,-0.06002369639912071
n2078_taper0.5,147500000.0,0.001362223169895291,0.007538991116013615,-0.06011117167639012
n2078_taper0.5,147800000.0,0.001354744844314791,0.007461371545517646,-0.05997854784978791
n2078_taper0.5,148100000.0,0.001348097969435154,0.007422341409396526,-0.059697601711142245
n2078_taper0.5,148400000.0,0.001344076652157508,0.007428882953319307,-0.05936381324667905
n2078_taper0.5,148700000.0,0.001344262695168339,0.007482428126054504,-0.059084045366993965
n2078_taper0.5,149000000.0,0.001349781712552647,0.007578597997242842,-0.05896271640121791
n2078_taper0.5,149300000.0,0.0013611179271196044,0.007707710015917451,-0.05908832246922707
n2078_taper0.5,149600000.0,0.001378032938109896,0.00785597838869289,-0.05952209631085563
n2078_taper0.5,149900000.0,0.0013996086634259516,0.008007241449366454,-0.0602902801048291
n2078_taper0.5,150200000.0,0.0014244000765697682,0.008144982158491007,-0.06138098793933697
n2078_taper0.5,150500000.0,0.0014506564340007269,0.008254372513229379,-0.06274600998790661
n2078_taper0.5,150800000.0,0.001476561574530332,0.00832407373401432,-0.06430725079510742
n2078_taper0.5,151100000.0,0.001500452940587931,0.008347560744978803,-0.06596688705364874
n2078_taper0.5,151400000.0,0.0015209954395428848,0.008323806131275048,-0.0676198552396761
n2078_taper0.5,151700000.0,0.0015373009164023031,0.008257245992558483,-0.0691669965412049
n2078_taper0.5,152000000.0,0.0015489927699804593,0.008157046090932048,-0.07052712945040268
n2078_taper0.5,152300000.0,0.0015562184997244392,0.008035778590314626,-0.07164649265404284
n2078_taper0.5,152600000.0,0.00155961308545384,0.007907695488795365,-0.07250437606925349
n2078_taper0.5,152900000.0,0.0015602156302659377,0.007786834790397042,-0.07311428360840577
n2078_taper0.5,153200000.0,0.001559342703120831,0.007685213278888328,-0.07352057570960163
n2078_taper0.5,153500000.0,0.0015584256644018868,0.007611343522138981,-0.0737911415534828
n2078_taper0.5,153800000.0,0.0015588261813998079,0.007569265021005351,-0.07400716986660832
n2078_taper0.5,154100000.0,0.0015616525977617086,0.007558207081314976,-0.07425145471492499
n2078_taper0.5,154400000.0,0.0015676062221137604,0.007572914058292961,-0.07459684154012924
n2078_taper0.5,154700000.0,0.0015768864720729205,0.007604574079142156,-0.07509636899466117
n2078_taper0.5,155000000.0,0.0015891745299312482,0.007642212268873477,-0.07577640420585065
n2078_taper0.5,155300000.0,0.001603698577057622,0.007674349574279338,-0.07663364129846814
n2078_taper0.5,155600000.0,0.0016193658776523772,0.007690696142448971,-0.07763629609795977
n2078_taper0.5,155900000.0,0.001634934785579834,0.007683647694404923,-0.07872925803133052
n2078_taper0.5,156200000.0,0.001649196519528554,0.007649383869810156,-0.0798424306167117
n2078_taper0.5,156500000.0,0.0016611409356503074,0.007588424453669443,-0.08090107442601602
n2078_taper0.5,156800000.0,0.0016700884373076629,0.007505574673952093,-0.08183671452233958
n2078_taper0.5,157100000.0,0.0016757777262094947,0.00740927404129516,-0.08259711868497704
n2078_taper0.5,157400000.0,0.0016784043558230378,0.007310443346662593,-0.08315399756448397
n2078_taper0.5,157700000.0,0.001678608005380688,0.0072209908131407085,-0.0835074010351725
n2078_taper0.5,158000000.0,0.0016774083228124205,0.007152182390000027,-0.08368624125145618
n2078_taper0.5,158300000.0,0.0016760918249792364,0.00711309718734188,-0.08374489970928674
n2078_taper0.5,158600000.0,0.0016760572040049415,0.007109375246468664,-0.08375640190679892
n2078_taper0.5,158900000.0,0.0016786339468621242,0.00714242342920268,-0.08380309836357708
n2078_taper0.5,159200000.0,0.0016848980199984478,0.007209182051079585,-0.08396611448654298
n2078_taper0.5,159500000.0,0.0016955149233657228,0.007302478757663072,-0.08431498207089247
n2078_taper0.5,159800000.0,0.00171064018467293,0.007411917472653089,-0.08489882417998243
n2078_taper0.5,160100000.0,0.001729897787573927,0.0075251796625365195,-0.08574024098825926
n2078_taper0.5,160400000.0,0.001752440098493643,0.007629562033571836,-0.08683266996159682
n2078_taper0.5,160700000.0,0.001777074818393767,0.007713545921107655,-0.08814152220883559
n2078_taper0.5,161000000.0,0.0018024321785371415,0.00776819250038023,-0.08960889266409382
n2078_taper0.5,161300000.0,0.0018271423543514088,0.007788184162959675,-0.09116117281305862
n2078_taper0.5,161600000.0,0.0018499975113847726,0.007772382001458116,-0.09271852249618187
n2078_taper0.5,161900000.0,0.0018700809769114982,0.007723835328019726,-0.09420492947594176
n2078_taper0.5,162200000.0,0.0018868539435294622,0.007649252530315709,-0.09555752954263229
n2078_taper0.5,162500000.0,0.0019001959023545736,0.007558013518758452,-0.09673398053321298
n2078_taper0.5,162800000.0,0.001910398573039633,0.0074608632149760715,-0.09771696205653087
n2078_taper0.5,163100000.0,0.0019181154208144358,0.007368465323435101,-0.09851526994885032
n2078_taper0.5,163400000.0,0.0019242711703517195,0.007290010958347694,-0.09916143611962479
n2078_taper0.5,163700000.0,0.0019299389983269636,0.007232065920708951,-0.09970626828674967
n2078_taper0.5,164000000.0,0.0019361975441618833,0.007197805204848902,-0.10021110813801212
n2078_taper0.5,164300000.0,0.001943984763655192,0.0071867288228443325,-0.1007388973628632
n2078_taper0.5,164600000.0,0.0019539691930695615,0.007194886728410471,-0.10134528121686315
n2078_taper0.5,164900000.0,0.001966459219946858,0.007215571690063542,-0.10207095208301832
n2078_taper0.5,165200000.0,0.0019813660424273516,0.007240376667966918,-0.10293624718497063
n2078_taper0.5,165500000.0,0.001998226609968524,0.007260465901459113,-0.10393869297028298
n2078_taper0.5,165800000.0,0.002016281547435014,0.007267882629166559,-0.10505377941408608
n2078_taper0.5,166100000.0,0.002034593382494607,0.007256714283420041,-0.10623880688963819
n2078_taper0.5,166400000.0,0.0020521849786017668,0.0072239580168382755,-0.10743923592324003
n2078_taper0.5,166700000.0,0.0020681775408114946,0.0071699721374143075,-0.10859664074005855
n2078_taper0.5,167000000.0,0.0020819106607204837,0.007098456447339693,-0.10965716341069731
n2078_taper0.5,167300000.0,0.0020930315889345044,0.007015968689101068,-0.11057931197719605
n2078_taper0.5,167600000.0,0.002101545619565109,0.006931046700215031,-0.1113400479332423
n2078_taper0.5,167900000.0,0.002107823410001877,0.006853058158307443,-0.11193835025105768
n2078_taper0.5,168200000.0,0.002112564386835135,0.006790935139554676,-0.11239579081619612
n2078_taper0.5,168500000.0,0.0021167187550448973,0.006751964615745445,-0.11275406208307742
n2078_taper0.5,168800000.0,0.0021213746955071255,0.006740796811319038,-0.11306980703456132
n2078_taper0.5,169100000.0,0.0021276223029098886,0.0067588025905044105,-0.11340745934223302
n2078_taper0.5,169400000.0,0.002136411001627933,0.00680386302513683,-0.11383106046120219
n2078_taper0.5,169700000.0,0.002148420965259087,0.0068706157443759255,-0.11439614669428792
n2078_taper0.5,170000000.0,0.002163969395707749,0.006951121532298649,-0.1151427776784138
n3116_taper0,20000000.0,1.1244392280107847,-14.67521362886451,128.58904610690394
n3116_taper0,20300000.0,1.1276799823126955,-2.603509006805011,79.2105582978806
n3116_taper0,20600000.0,1.1319607614183063,2.094090809889496,58.27882030068844
n3116_taper0,20900000.0,1.1367179211775962,4.638042344040274,39.89545079416029
n3116_taper0,21200000.0,1.1412169073171694,6.03192004277078,22.209401102122285
n3116_taper0,21500000.0,1.1447802348801308,6.601551878499546,4.751004157840726
n3116_taper0,21800000.0,1.1469944069742193,6.449741059739141,-12.6954678668979
n3116_taper0,22100000.0,1.1478344043386715,5.5480274267189555,-30.31911511079137
n3116_taper0,22400000.0,1.147670601749063,3.713927030212224,-48.44270489385155
n3116_taper0,22700000.0,1.1471556111654606,0.4231464463448953,-68.00718812740891
n3116_taper0,23000000.0,1.1470219391841,-6.200882717150734,-94.43999759141037
n3116_taper0,23300000.0,1.1478497645377042,-13.696757888341182,131.69553774272435
n3116_taper0,23600000.0,1.1498784223055574,-2.384621541845065,80.3312337701099
n3116_taper0,23900000.0,1.1529254947942769,2.244238363682028,58.649084690119864
n3116_taper0,24200000.0,1.1564422134112828,4.75792583738932,39.899964981892474
n3116_taper0,24500000.0,1.1596859889510336,6.128717090745695,21.970916709773366
n3116_taper0,24800000.0,1.1619515011339374,6.675639971176942,4.321892535957623
n3116_taper0,25100000.0,1.1627862775857225,6.498149737656994,-13.292231723244688
n3116_taper0,25400000.0,1.1621263552753727,5.564109060293961,-31.080986350790184
n3116_taper0,25700000.0,1.160313791576124,3.683818317205902,-49.397357507958795
n3116_taper0,26000000.0,1.1579910301590253,0.3118703568052865,-69.27888539365733
n3116_taper0,26300000.0,1.1559012498423413,-6.527696666037021,-96.9204909310826
n3116_taper0,26600000.0,1.1546531719113284,-12.754615881302982,127.47058171093597
n3116_taper0,26900000.0,1.1545244949893798,-2.0739161887467885,79.48793182724256
n3116_taper0,27200000.0,1.1553701699752243,2.408830866126613,57.79760856227272
n3116_taper0,27500000.0,1.15666769278582,4.8500144716501845,38.98948994348687
n3116_taper0,27800000.0,1.1576833948369758,6.167923468462937,21.016255066373407
n3116_taper0,28100000.0,1.157702640544848,6.66705143775965,3.343684387975579
n3116_taper0,28400000.0,1.156249395467946,6.439496236174309,-14.269609956396925
n3116_taper0,28700000.0,1.1532291336069709,5.445567831626674,-32.025631530699606
n3116_taper0,29000000.0,1.1489549902473029,3.4809641166301097,-50.26201653254524
n3116_taper0,29300000.0,1.1440504281462114,-0.04578414063476518,-69.99332874655393
n3116_taper0,29600000.0,1.1392558206173018,-7.397645101566094,-97.80113021973027
n3116_taper0,29900000.0,1.135195729799113,-12.071267818958502,117.05030996672463
n3116_taper0,30200000.0,1.1321799372763406,-1.7895375613041038,76.48207260519357
n3116_taper0,30500000.0,1.1301047336266399,2.5122258608210455,55.67167106350966
n3116_taper0,30800000.0,1.128488604261969,4.855787352643865,37.22032952065865
n3116_taper0,31100000.0,1.1266291489706373,6.10197855452695,19.486933869638335
n3116_taper0,31400000.0,1.1238266525202496,6.537510084071637,2.0340839664618384
n3116_taper0,31700000.0,1.1196011852346544,6.244983165472769,-15.332152890217522
n3116_taper0,32000000.0,1.1138375913939222,5.1747607999655045,-32.76483825596482
n3116_taper0,32300000.0,1.106817968185071,3.102723969796206,-50.50971040471697
n3116_taper0,32600000.0,1.0991339131321087,-0.6296640949772908,-69.31893168630712
n3116_taper0,32900000.0,1.0915039684160464,-8.810633429221095,-94.73569118646635
n3116_taper0,33200000.0,1.0845500484532267,-11.612007443273502,101.78099793207966
n3116_taper0,33500000.0,1.0786026815443581,-1.6366499227744022,71.60898377515817
n3116_taper0,33800000.0,1.0735995673206824,2.4865618194602677,52.52476856553952
n3116_taper0,34100000.0,1.0691119826331512,4.7293444262518065,34.87706237098105
n3116_taper0,34400000.0,1.0644886211753366,5.901514641675016,17.704070517878154
n3116_taper0,34700000.0,1.059066174184166,6.27270248983754,0.7504950280887326
n3116_taper0,35000000.0,1.0523771610649235,5.916237042818512,-16.083825152731198
n3116_taper0,35300000.0,1.0442919100764756,4.772933790532971,-32.8531262808973
n3116_taper0,35600000.0,1.0350554223159154,2.5997342878434457,-49.60769906409979
n3116_taper0,35900000.0,1.0252108466019927,-1.328154858057995,-66.4619978385498
n3116_taper0,36200000.0,1.0154324548583364,-10.417800193532605,-84.31341049131058
n3116_taper0,36500000.0,1.0063174886770048,-11.180206971664992,83.39244648002402
n3116_taper0,36800000.0,0.9982015171755463,-1.6636889665954007,65.4794362499158
n3116_taper0,37100000.0,0.9910578722876605,2.302077615716818,48.80918799300459
n3116_taper0,37400000.0,0.984514924716041,4.459346245759269,32.36256705337539
n3116_taper0,37700000.0,0.9779836547116354,5.57131074462087,16.04318612133212
n3116_taper0,38000000.0,0.9708500497479798,5.8930390354708155,-0.1547149529347688
n3116_taper0,38300000.0,0.962668366629292,5.490893727607901,-16.19728488379137
n3116_taper0,38600000.0,0.9532963640695363,4.300104978943936,-31.993599914248385
n3116_taper0,38900000.0,0.9429352879203586,2.0692273624745123,-47.29803635268522
n3116_taper0,39200000.0,0.9320658604102926,-1.9477897946243639,-61.20465238460277
n3116_taper0,39500000.0,0.9213000169850402,-11.173572829718557,-65.6823202700747
n3116_taper0,39800000.0,0.9111922984422429,-10.563896911440821,64.24397111877123
n3116_taper0,40100000.0,0.9020691162535764,-1.8542242465223828,58.72237243081355
n3116_taper0,40400000.0,0.893931416622728,1.973893899764477,44.960121278226715
n3116_taper0,40700000.0,0.8864631220389441,4.069966324696816,30.01622553459938
n3116_taper0,41000000.0,0.8791408025831461,5.145468203413439,14.770985473896065
n3116_taper0,41300000.0,0.8714051360178352,5.442999910942827,-0.48453359087226255
n3116_taper0,41600000.0,0.8628367901528968,5.025381970968872,-15.554719716565167
n3116_taper0,41900000.0,0.8532828888727592,3.829030792102615,-30.175773184999382
n3116_taper0,42200000.0,0.8428992603092723,1.6130817179806787,-43.758321315436135
n3116_taper0,42500000.0,0.8320991630529875,-2.3053671821572363,-54.26749477050707
n3116_taper0,42800000.0,0.8214247670263152,-10.30763670499807,-46.73005790860236
n3116_taper0,43100000.0,0.8113794639437051,-9.700820858263654,46.71864264290701
n3116_taper0,43400000.0,0.8022724685207994,-2.150814962685656,51.78813958265631
n3116_taper0,43700000.0,0.7941259037683804,1.5442617445132367,41.24583200023282
n3116_taper0,44000000.0,0.7866751424828416,3.602746887217654,28.00711787037018
n3116_taper0,44300000.0,0.7794607756266915,4.667603357744158,13.974380603294305
n3116_taper0,44600000.0,0.7719788890076599,4.969076480463326,-0.2346892929814796
n3116_taper0,44900000.0,0.7638390637522189,4.569681120952087,-14.249449620287928
n3116_taper0,45200000.0,0.7548814513587018,3.4142744688457745,-27.632368124505835
n3116_taper0,45500000.0,0.7452205540804591,1.2923527246518862,-39.484132799024614
n3116_taper0,45800000.0,0.7352058193783039,-2.3401482175492214,-46.94634127679965
n3116_taper0,46100000.0,0.7253119188483299,-8.627111625810644,-34.41433140211258
n3116_taper0,46400000.0,0.7159911868166666,-8.684961952362173,32.19120558655887
n3116_taper0,46700000.0,0.7075332569251304,-2.4855349379774583,44.92789654427741
n3116_taper0,47000000.0,0.6999769983350658,1.0602265813480418,37.75599260914684
n3116_taper0,47300000.0,0.6931038925245168,3.097586694571513,26.347290394119543
n3116_taper0,47600000.0,0.686513838081469,4.173936114152524,13.599818745081464
n3116_taper0,47900000.0,0.6797557456336455,4.504486563304563,0.4733846802801021
n3116_taper0,48200000.0,0.672468698636715,4.153364471603713,-12.484887243258417
n3116_taper0,48500000.0,0.6644899113244456,3.079123252240306,-24.685131505532187
n3116_taper0,48800000.0,0.6558993968355139,1.1139778618786398,-35.01270403299953
n3116_taper0,49100000.0,0.646990927946827,-2.122630529404923,-40.29089421809002
n3116_taper0,49400000.0,0.6381790811630454,-6.978863822072513,-27.65614667504139
n3116_taper0,49700000.0,0.6298698187529624,-7.642550843003826,20.846976265293982
n3116_taper0,50000000.0,0.6223339018362941,-2.799595230336483,38.27042089437106
n3116_taper0,50300000.0,0.6156236440897301,0.5610652058258185,34.46780778625438
n3116_taper0,50600000.0,0.6095605872010413,2.583882804781845,24.960807248186384
n3116_taper0,50900000.0,0.6037972952978512,3.687464303686037,13.529801909269688
n3116_taper0,51200000.0,0.5979306103338236,4.066314447911622,1.4793237833547177
n3116_taper0,51500000.0,0.5916277883846085,3.7861978785067674,-10.472431486477065
n3116_taper0,51800000.0,0.5847261109300387,2.821447307355376,-21.6143004583869
n3116_taper0,52100000.0,0.577277946330586,1.0493499061269955,-30.72344860779262
n3116_taper0,52400000.0,0.5695304252225214,-1.7681902453502691,-34.71514956570033
n3116_taper0,52700000.0,0.561846872715726,-5.597541558155545,-23.897214583765702
n3116_taper0,53000000.0,0.5545931249132293,-6.654674895977328,12.24089854267646
n3116_taper0,53300000.0,0.5480230572398314,-3.0510283663256486,31.900543694456907
n3116_taper0,53600000.0,0.5421998269353009,0.07556753139838017,31.315220225798058
n3116_taper0,53900000.0,0.5369789803052921,2.0802576885608954,23.744580967722282
n3116_taper0,54200000.0,0.5320584358423296,3.219842159407018,13.63954237913507
n3116_taper0,54500000.0,0.5270769206217214,3.6597210324691494,2.638003557676467
n3116_taper0,54800000.0,0.5217271343930423,3.465422060173837,-8.378809012480959
n3116_taper0,55100000.0,0.5158480168199441,2.6262505142466046,-18.607585970013712
n3116_taper0,55400000.0,0.5094699053127746,1.0596749724004775,-26.801150264446438
n3116_taper0,55700000.0,0.5028014307427309,-1.368172261701219,-30.178657318555707
n3116_taper0,56000000.0,0.49616307031757456,-4.47752504924425,-21.607634631977326
n3116_taper0,56300000.0,0.4898868251732058,-5.755207645024846,5.790821186173586
n3116_taper0,56600000.0,0.48421213071194613,-3.215683879061338,25.899532330103032
n3116_taper0,56900000.0,0.4792110712529307,-0.3761518611768292,28.232590852772336
n3116_taper0,57200000.0,0.4747677877510192,1.5976403493394562,22.60201283793039
n3116_taper0,57500000.0,0.4706185835194807,2.77550332657605,13.823099845830507
n3116_taper0,57800000.0,0.46643787275838405,3.2832809511781313,3.8385447288611405
n3116_taper0,58100000.0,0.461940358713496,3.1827914190051407,-6.316127514316896
n3116_taper0,58400000.0,0.45696703141900996,2.4755759397324715,-15.766953170837123
n3116_taper0,58700000.0,0.451530324015207,1.1112480773090374,-23.292608801403286
n3116_taper0,59000000.0,0.44580702699729025,-0.9753068619214176,-26.474854431200264
n3116_taper0,59300000.0,0.440082017274409,-3.567958405211689,-20.02655816474921
n3116_taper0,59600000.0,0.4346591855650995,-4.950837968500737,0.9851915844528031
n3116_taper0,59900000.0,0.4297661015865419,-3.2852436915409915,20.350494734275514
n3116_taper0,60200000.0,0.4254825795182476,-0.7801376430606268,25.175069491850483
n3116_taper0,60500000.0,0.42171696167257117,1.1424476387866365,21.45592629798699
n3116_taper0,60800000.0,0.41823789549806695,2.3551761172810264,13.999632584142716
n3116_taper0,61100000.0,0.41474977404482033,2.932880205555077,5.003670617532527
n3116_taper0,61400000.0,0.41098570044705357,2.9289899532938075,-4.3518808112212835
n3116_taper0,61700000.0,0.40678826698495435,2.3535392950283525,-13.135569850902398
n3116_taper0,62000000.0,0.4021547805931435,1.1799740820542883,-20.174039977775532
n3116_taper0,62300000.0,0.39723531329971284,-0.6142926634057851,-23.39027553071199
n3116_taper0,62600000.0,0.3922850533165568,-2.8214085088225516,-18.782510213803608
n3116_taper0,62900000.0,0.38758472153296214,-4.23640151785294,-2.57348526156677
n3116_taper0,63200000.0,0.38335255946594904,-3.2637293513165484,15.32626649532079
n3116_taper0,63500000.0,0.37967558746279795,-1.126814528871221,22.12478556580382
n3116_taper0,63800000.0,0.3764830762170642,0.7188247264653526,20.250963276772207
n3116_taper0,64100000.0,0.373571144350709,1.9581463669927315,14.110989695754844
n3116_taper0,64400000.0,0.3706692718613048,2.6039305302374505,6.082273588252673
n3116_taper0,64700000.0,0.36752554762854167,2.695714622299504,-2.5231126615201998
n3116_taper0,65000000.0,0.3639831988477118,2.247883268955934,-10.723083076755897
n3116_taper0,65300000.0,0.36002608019373944,1.2504272675988966,-17.396153797014634
n3116_taper0,65600000.0,0.3557812701398675,-0.29417560411269417,-20.755177581825286
n3116_taper0,65900000.0,0.3514788731800691,-2.2014441652295162,-17.691951126570032
n3116_taper0,66200000.0,0.3473805321033977,-3.6028335757274492,-5.181533348806284
n3116_taper0,66500000.0,0.34369754225903704,-3.163277852275412,10.87577068320879
n3116_taper0,66800000.0,0.340524163411554,-1.4100865023716225,19.089530352039233
n3116_taper0,67100000.0,0.3378083811810382,0.3299363767896344,18.952003830510037
n3116_taper0,67400000.0,0.3353701100480692,1.5834982229502195,14.117041751078487
n3116_taper0,67700000.0,0.3329599696037517,2.2924096515286396,7.041563485208968
n3116_taper0,68000000.0,0.3303380182169992,2.476357409521798,-0.8482030120699868
n3116_taper0,68300000.0,0.3273468834083374,2.149847202165172,-8.522875475155125
n3116_taper0,68600000.0,0.3239577854188253,1.3134485487864969,-14.906961534801514
n3116_taper0,68900000.0,0.32027733153527377,-0.016384922884422247,-18.447110633530322
n3116_taper0,69200000.0,0.316513941788454,-1.6813340685926568,-16.663621991704325
n3116_taper0,69500000.0,0.3129134140967271,-3.0406229164206118,-7.057866992912451
n3116_taper0,69800000.0,0.3096822197376137,-3.0000221178799173,7.017425883598829
n3116_taper0,70100000.0,0.30692229490073897,-1.627006602285979,16.0975041920338
n3116_taper0,70400000.0,0.3045990452947358,-0.02143144340404798,17.54164165612005
n3116_taper0,70700000.0,0.30255362908022515,1.230702772658898,13.991396771211035
n3116_taper0,71000000.0,0.30055482555823876,1.9952422200732252,7.860924656682896
n3116_taper0,71300000.0,0.29837216665668886,2.2660222232152276,0.6650400572341822
n3116_taper0,71600000.0,0.29584637573456796,2.0534818796432566,-6.522061162937418
n3116_taper0,71900000.0,0.29293622754714527,1.3639681082751973,-12.660885085943473
n3116_taper0,72200000.0,0.2897293793143938,0.22096410917967974,-16.38125207046361
n3116_taper0,72500000.0,0.28641488287689054,-1.2415597088434707,-15.652890324173798
n3116_taper0,72800000.0,0.28322507810206454,-2.541095917141052,-8.365023737940756
n3116_taper0,73100000.0,0.2803633781900308,-2.7908103440379026,3.7407490239280516
n3116_taper0,73400000.0,0.2779400708905509,-1.7776484667569312,13.190061148759108
n3116_taper0,73700000.0,0.27593743175166957,-0.3327124710440116,16.017719866041595
n3116_taper0,74000000.0,0.27421631142410724,0.8998342809515123,13.718229932698614
n3116_taper0,74300000.0,0.27256160623590564,1.7103600950744822,8.527709924992914
n3116_taper0,74600000.0,0.2707504187916436,2.0612963063597647,2.0143753037018275
n3116_taper0,74900000.0,0.26862035235085174,1.9549245853339372,-4.706634810992439
n3116_taper0,75200000.0,0.2661175000084049,1.3994476430925806,-10.621137860976555
n3116_taper0,75500000.0,0.2633112829964591,0.42097066351285684,-14.499832746897958
n3116_taper0,75800000.0,0.26037274711664354,-0.8677315454730197,-14.63930510894377
n3116_taper0,76100000.0,0.2575223391583416,-2.096764843992484,-9.225042285028913
n3116_taper0,76400000.0,0.25496173858315135,-2.551096227532639,1.0131342966945174
n3116_taper0,76700000.0,0.25281033464603203,-1.8649016661414857,10.413867080531391
n3116_taper0,77000000.0,0.25106728446695814,-0.6016628355585592,14.391026632930153
n3116_taper0,77300000.0,0.2496124402781753,0.5915829345813426,13.29018946181543
n3116_taper0,77600000.0,0.24824565399740028,1.436626513077943,9.034597967400604
n3116_taper0,77900000.0,0.24675033281573472,1.8599729699253764,3.200256076197218
n3116_taper0,78200000.0,0.24495996340393622,1.8518062045384533,-3.063813435432949
n3116_taper0,78500000.0,0.242807478714307,1.4188725269983373,-8.759320885017283
n3116_taper0,78800000.0,0.2403441549785795,0.5869890288156592,-12.763809201034137
n3116_taper0,79100000.0,0.23772357019210863,-0.5490786617089285,-13.615196252608403
n3116_taper0,79400000.0,0.23515505536870931,-1.7013084293813243,-9.730825986948854
n3116_taper0,79700000.0,0.2328393648985732,-2.2939124913414517,-1.2118659575758983
n3116_taper0,80000000.0,0.23090565829520063,-1.8940553850140427,7.813749653022578
n3116_taper0,80300000.0,0.22937036526329818,-0.8265952509102286,12.682954040462059
n3116_taper0,80600000.0,0.22813236060699746,0.3071562878373447,12.70710580774161
n3116_taper0,80900000.0,0.2270061016322887,1.1737132476263643,9.378063134104549
n3116_taper0,81200000.0,0.2257806959617405,1.6608024502730148,4.224305921612041
n3116_taper0,81500000.0,0.22428484753283093,1.7428151252066528,-1.5828890848891253
n3116_taper0,81800000.0,0.2224377745950183,1.4221322752615209,-7.054113466027913
n3116_taper0,82100000.0,0.22027225216213206,0.7222254298877263,-11.146951998636457
n3116_taper0,82400000.0,0.2179242380077354,-0.2773974233040284,-12.579712986324525
n3116_taper0,82700000.0,0.21559198324865397,-1.3494284923712228,-9.954147174606463
n3116_taper0,83000000.0,0.21347555090617668,-2.0296184206634726,-2.9872239066042545
n3116_taper0,83300000.0,0.21171431271894298,-1.8721755424353161,5.427256552058295
n3116_taper0,83600000.0,0.21034256094381287,-1.0066454848183888,10.922922017478964
n3116_taper0,83900000.0,0.20927877201876605,0.04811711795663351,11.975195280145995
n3116_taper0,84200000.0,0.20835238824427485,0.9219676396120634,9.557584638499952
n3116_taper0,84500000.0,0.20735828498576345,1.4632910652171156,5.08860486161052
n3116_taper0,84800000.0,0.2061201411939197,1.6273928631617354,-0.255347275280822
n3116_taper0,85100000.0,0.20454298123684378,1.4096505280756866,-5.489847438865008
n3116_taper0,85400000.0,0.2026404446090682,0.8295957844012902,-9.631810777507901
n3116_taper0,85700000.0,0.20053016388537256,-0.04632542645260863,-11.535632195573404
n3116_taper0,86000000.0,0.19839866597263,-1.0366820763727778,-9.951283712976318
n3116_taper0,86300000.0,0.19644494028183898,-1.766090731972718,-4.367073470738398
n3116_taper0,86600000.0,0.19481865347433663,-1.807375031924336,3.2814514528309617
n3116_taper0,86900000.0,0.193572572002909,-1.1419932092696423,9.145514168127065
n3116_taper0,87200000.0,0.1926457509117488,-0.18381577762305867,11.10648670642239
n3116_taper0,87500000.0,0.19188363312910592,0.6822811260324003,9.575325192097125
n3116_taper0,87800000.0,0.19108759449198837,1.2675462071935377,5.79545315449079
n3116_taper0,88100000.0,0.190076547618321,1.5055275818115748,0.9253511061967091
n3116_taper0,88400000.0,0.1887410568625715,1.3821687494144463,-4.055242850937783
n3116_taper0,88700000.0,0.18707487725415065,0.9117012978817745,-8.206991846151515
n3116_taper0,89000000.0,0.18517620356006756,0.14916298371553888,-10.487618136318009
n3116_taper0,89300000.0,0.18321859408325472,-0.7593253689808226,-9.767014713897417
n3116_taper0,89600000.0,0.18139894918173596,-1.5091066012156376,-5.403317870208618
n3116_taper0,89900000.0,0.1798768393702618,-1.7081047048516875,1.3919023723196697
n3116_taper0,90200000.0,0.1787239664035191,-1.2339811698626202,7.387445741555965
n3116_taper0,90500000.0,0.1779011710325954,-0.3869844610146603,10.1182486744511
n3116_taper0,90800000.0,0.17727143933469097,0.45596007956496587,9.436082792332808
n3116_taper0,91100000.0,0.17664402117363534,1.074157369299025,6.34740925690946
n3116_taper0,91400000.0,0.175833880393552,1.3776160939247915,1.9641221280023176
n3116_taper0,91700000.0,0.17471718956419832,1.340622645905361,-2.7423728041256266
n3116_taper0,92000000.0,0.17326711059378866,0.9708537439040423,-6.86532132601706
n3116_taper0,92300000.0,0.17156102992111336,0.3131112986747553,-9.441265454058646
n3116_taper0,92600000.0,0.16975779225439497,-0.5141805135884757,-9.437484935463774
n3116_taper0,92900000.0,0.16805057068297818,-1.2627667259448612,-6.143799468850924
n3116_taper0,93200000.0,0.1666078842327124,-1.5825676086024392,-0.2366190973994796
n3116_taper0,93500000.0,0.16552051850368127,-1.2851054004558353,5.684622610290298
n3116_taper0,93800000.0,0.16477236421098598,-0.5600082862033705,9.032259616628103
n3116_taper0,94100000.0,0.1642458959894545,0.2445955020279038,9.14737372283963
n3116_taper0,94400000.0,0.16376020920937187,0.8841016664943264,6.747483512435748
n3116_taper0,94700000.0,0.16312773481465184,1.2443714679718223,2.8646529218403365
n3116_taper0,95000000.0,0.1622107608048533,1.2860734298312817,-1.5458397344943426
n3116_taper0,95300000.0,0.16096133200246107,1.0091182787474033,-5.602593113955921
n3116_taper0,95600000.0,0.1594345493154998,0.4488333454720024,-8.402569356525099
n3116_taper0,95900000.0,0.15777241458211427,-0.2985262638958258,-8.992278926256663
n3116_taper0,96200000.0,0.1561621508537862,-1.0298823228951044,-6.631539237929215
n3116_taper0,96500000.0,0.1547796420334402,-1.438306741035135,-1.6083872993887045
n3116_taper0,96800000.0,0.15373444386685128,-1.298879044317448,4.06960246407541
n3116_taper0,97100000.0,0.15303463980290508,-0.7019791327153545,7.8738378832879725
n3116_taper0,97400000.0,0.15258439994881715,0.04992935853603285,8.719538962286423
n3116_taper0,97700000.0,0.15221517130376466,0.6986644224595534,6.999416147983196
n3116_taper0,98000000.0,0.15173888663888935,1.1067605673129033,3.629798670954356
n3116_taper0,98300000.0,0.1510049842158512,1.2196718116812388,-0.46212229262062615
n3116_taper0,98600000.0,0.14994418645738533,1.0283600720416914,-4.416701882782515
n3116_taper0,98900000.0,0.14858787672516408,0.5590964077791819,-7.3776326071868885
n3116_taper0,99200000.0,0.14705883334060893,-0.1100090009509743,-8.455940875601827
n3116_taper0,99500000.0,0.14553559082698897,-0.8122969333481111,-6.904637880370191
n3116_taper0,99800000.0,0.14419915471331252,-1.2819674196741773,-2.7345462840985886
n3116_taper0,100100000.0,0.14317694404042333,-1.2795988464473167,2.569708273639479
n3116_taper0,100400000.0,0.14250207445451515,-0.8126146453290399,6.670620295395551
n3116_taper0,100700000.0,0.1421027189148738,-0.12628269277533657,8.16578215952263
n3116_taper0,101000000.0,0.1418256288193725,0.5193667546556121,7.107986997373018
n3116_taper0,101300000.0,0.1414848903680315,0.9659599519853657,4.261964169370145
n3116_taper0,101600000.0,0.14091872442621284,1.1426408467829132,0.5109454312060554
n3116_taper0,101900000.0,0.14003676459470737,1.0302884539682837,-3.307032735166937
n3116_taper0,102200000.0,0.13884543778968741,0.6462560274673808,-6.372506850773701
n3116_taper0,102500000.0,0.13744581197536762,0.05342904379549402,-7.849102783693653
n3116_taper0,102800000.0,0.1360045776395727,-0.6111402274662893,-6.99654514761428
n3116_taper0,103100000.0,0.13470496548655217,-1.1192051965642797,-3.6309621148972244
n3116_taper0,103400000.0,0.1336906543319896,-1.2320597098899182,1.2059234637668745
n3116_taper0,103700000.0,0.13302014997108372,-0.8923525379930217,5.451157977948007
n3116_taper0,104000000.0,0.13264785709913565,-0.28240946403062883,7.502072351424028
n3116_taper0,104300000.0,0.13243911656941224,0.34789390231053385,7.0793210286272155
n3116_taper0,104600000.0,0.13221341019523714,0.8233217843505847,4.76346760508629
n3116_taper0,104900000.0,0.13180002145163505,1.0562691082230893,1.374600123695534
n3116_taper0,105200000.0,0.13108827236888745,1.0164962913401243,-2.274018380829011
n3116_taper0,105500000.0,0.13005872756492487,0.7123569096406984,-5.393106201548568
n3116_taper0,105800000.0,0.12878830341488579,0.19360790455271315,-7.189328621111647
n3116_taper0,106100000.0,0.1274283988270838,-0.4270212078286113,-6.936503045381263
n3116_taper0,106400000.0,0.12616096654300982,-0.954697283309141,-4.316363073086914
n3116_taper0,106700000.0,0.1251435768318556,-1.1612637187988548,-0.007447167218840071
n3116_taper0,107000000.0,0.12445983556300659,-0.942375527116398,4.24345373159144
n3116_taper0,107300000.0,0.12409233553522264,-0.41707651522377087,6.746864551531382
n3116_taper0,107600000.0,0.12392848163829469,0.1860206731674617,6.921154883992451
n3116_taper0,107900000.0,0.12379693048585069,0.6803440818771179,5.136883470393876
n3116_taper0,108200000.0,0.12352098452531257,0.9619091071920743,2.129507098310645
n3116_taper0,108500000.0,0.12297106273982542,0.9884942291000864,-1.3188083507914103
n3116_taper0,108800000.0,0.12210142247828112,0.7592098309045413,-4.44516127179397
n3116_taper0,109100000.0,0.12096258442459282,0.3121572608039262,-6.491753921432736
n3116_taper0,109400000.0,0.11968706104155548,-0.2601719720392588,-6.750050236913779
n3116_taper0,109700000.0,0.11845150305319022,-0.7922176339798741,-4.810874208996154
n3116_taper0,110000000.0,0.1174242134866639,-1.0721616376745768,-1.0624861540001092
n3116_taper0,110300000.0,0.11671281594066708,-0.9645673643018591,3.073589960879914
n3116_taper0,110600000.0,0.11632957274091349,-0.5292840030917936,5.920619408278349
n3116_taper0,110900000.0,0.11618744641233941,0.03553178643911423,6.643032465086259
n3116_taper0,111200000.0,0.1161285022527523,0.5386405576350353,5.385362418581115
n3116_taper0,111500000.0,0.11597370166315979,0.860977049092309,2.7760716097326896
n3116_taper0,111800000.0,0.11557667173308048,0.9477395251437786,-0.44301009610655356
n3116_taper0,112100000.0,0.11486549299555163,0.788450883638858,-3.5341913568554593
n3116_taper0,112400000.0,0.11386238933634654,0.4105550859166284,-5.769571726289984
n3116_taper0,112700000.0,0.11267740119255615,-0.11055315374079432,-6.4595193404465014
n3116_taper0,113000000.0,0.11147745255716965,-0.6347439042299099,-5.1349432492870655
n3116_taper0,113300000.0,0.11043765017191734,-0.969449577939048,-1.9569320256340044
n3116_taper0,113600000.0,0.10968764723277306,-0.9614099862504952,1.9645910876657884
n3116_taper0,113900000.0,0.10927017684610604,-0.6184997313549321,5.045139278934703
n3116_taper0,114200000.0,0.10912707184781442,-0.10186197235818027,6.25640234348199
n3116_taper0,114500000.0,0.10911837858050392,0.3999074522190741,5.51292428445882
n3116_taper0,114800000.0,0.10906702385257362,0.7549520248679786,3.3147195974201464
n3116_taper0,115100000.0,0.10881271213948351,0.8956603823875452,0.3515250493280164
n3116_taper0,115400000.0,0.10825815498886857,0.8015883317334431,-2.6654824209563572
n3116_taper0,115700000.0,0.10739585932969896,0.49016008159554764,-5.034403497193429
n3116_taper0,116000000.0,0.10630998059943564,0.022070339692218673,-6.084495860838904
n3116_taper0,116300000.0,0.1051530422544972,-0.4845735213188779,-5.30860864789943
n3116_taper0,116600000.0,0.10410232626885085,-0.8574281240307137,-2.693212724317887
n3116_taper0,116900000.0,0.1033065523599648,-0.9358394312663607,0.9356145656440354
n3116_taper0,117200000.0,0.10283884998327945,-0.6847183146152975,4.142762111650665
n3116_taper0,117500000.0,0.10267282718239801,-0.22460907887956905,5.774587413979683
n3116_taper0,117800000.0,0.10269126610234262,0.26588525852892075,5.524710161612268
n3116_taper0,118100000.0,0.10272398347403808,0.6453726294986228,3.746152500993624
n3116_taper0,118400000.0,0.10260042432048912,0.8336757704616373,1.0628845367606536
n3116_taper0,118700000.0,0.10219950293481468,0.8000399008209401,-1.844067468352082
n3116_taper0,119000000.0,0.10148319439797807,0.5522388003086353,-4.296585813176419
n3116_taper0,119300000.0,0.1005066887840651,0.1380752019656104,-5.642227707571535
n3116_taper0,119600000.0,0.09940335883966117,-0.34343605955785844,-5.351040864314349
n3116_taper0,119900000.0,0.09834745406969224,-0.7399211279258895,-3.277413222784635
n3116_taper0,120200000.0,0.09750280954426715,-0.8910827972420394,0.0015119075774181784
n3116_taper0,120500000.0,0.09697183248347802,-0.7284814419700063,3.235486764658025
n3116_taper0,120800000.0,0.0967621596700946,-0.33140009643428675,5.212613674604604
n3116_taper0,121100000.0,0.09678405009303734,0.13831389387778922,5.427183610077473
n3116_taper0,121400000.0,0.09687966998790937,0.5338291764094816,4.071583743102586
n3116_taper0,121700000.0,0.09687267757024264,0.763210561631157,1.6892614625211289
n3116_taper0,122000000.0,0.09662059813978467,0.7851624974812774,-1.0747006370654288
n3116_taper0,122300000.0,0.0960547747083833,0.5979884236346396,-3.565388052062727
n3116_taper0,122600000.0,0.09519883322320138,0.23794153039280078,-5.147977172029178
n3116_taper0,122900000.0,0.09416235072065465,-0.21259452004663276,-5.280282359098858
n3116_taper0,123200000.0,0.09311091854457144,-0.6202435066761228,-3.718292873158303
n3116_taper0,123500000.0,0.09221859543945234,-0.830496176753689,-0.8272540321028924
n3116_taper0,123800000.0,0.09161477703306786,-0.7508575960279262,2.344116828723707
n3116_taper0,124100000.0,0.09134248132391068,-0.4212415100191552,4.586897044099495
n3116_taper0,124400000.0,0.09134393387381712,0.01888208346509365,5.22826613102775
n3116_taper0,124700000.0,0.0914795205708219,0.421950942436028,4.292956386396279
n3116_taper0,125000000.0,0.09157238720575772,0.6857064704207738,2.229112210609638
n3116_taper0,125300000.0,0.09146197541895854,0.758276331254094,-0.36182366736307064
n3116_taper0,125600000.0,0.09104970685189646,0.6285564224109139,-2.84917738908084
n3116_taper0,125900000.0,0.09032566035779571,0.32222660813635623,-4.615320070304539
n3116_taper0,126200000.0,0.08937125737384127,-0.09293233329095539,-5.1131297165586345
n3116_taper0,126500000.0,0.0883375795642118,-0.5012052304325039,-4.026426228506254
n3116_taper0,126800000.0,0.08740318753182846,-0.7574196554675863,-1.5443995042534084
n3116_taper0,127100000.0,0.08672093711466301,-0.7533854350074494,1.4875023824514404
n3116_taper0,127400000.0,0.08636944018355741,-0.49351456479445854,3.9147999751810363
n3116_taper0,127700000.0,0.08632685120317939,-0.09082799799024857,4.93738978258902
n3116_taper0,128000000.0,0.08647788266242099,0.3113872913670917,4.413136747379434
n3116_taper0,128300000.0,0.08665120678612806,0.6026282284517817,2.681308374104873
n3116_taper0,128600000.0,0.08667243282738281,0.7206839988356442,0.29047686114503485
n3116_taper0,128900000.0,0.08641466862076766,0.645057249879044,-2.155540959278033
n3116_taper0,129200000.0,0.08583319664921837,0.39154705443651794,-4.056395240202477
n3116_taper0,129500000.0,0.0849773765877007,0.014973915795714091,-4.865108612067073
n3116_taper0,129800000.0,0.08397791232204989,-0.38513953478397955,-4.213494452764095
n3116_taper0,130100000.0,0.08301148249639326,-0.6750594786941402,-2.1473982574114956
n3116_taper0,130400000.0,0.08224963956522593,-0.7379891254284664,0.6819485546802017
n3116_taper0,130700000.0,0.0818054545300884,-0.5480133797455585,3.214092067525791
n3116_taper0,131000000.0,0.08169613841909809,-0.1893979878866523,4.565457069841288
n3116_taper0,131300000.0,0.08183684240250619,0.203782665434437,4.436079095398431
n3116_taper0,131600000.0,0.08206849128964822,0.5154651320471767,3.045286179954093
n3116_taper0,131900000.0,0.08220809406187804,0.6736855841114988,0.8785237603944707
n3116_taper0,132200000.0,0.08210302840943494,0.648586983295104,-1.4913719592131451
n3116_taper0,132500000.0,0.08167336837169197,0.4465675511657891,-3.482109510044565
n3116_taper0,132800000.0,0.08093311079476503,0.11079563489206058,-4.550507177406475
n3116_taper0,133100000.0,0.07998691030656722,-0.27394453274394,-4.291731299484179
n3116_taper0,133400000.0,0.07900273522373409,-0.5864008438530578,-2.6369378054188553
n3116_taper0,133700000.0,0.07816492185798692,-0.7068761309327913,-0.05917437885549452
n3116_taper0,134000000.0,0.07761836874435137,-0.5849583147871853,2.5023550985665683
n3116_taper0,134300000.0,0.07742131581710326,-0.27562880945634716,4.124696572234954
n3116_taper0,134600000.0,0.07752517601576543,0.10074559497339015,4.366947362444111
n3116_taper0,134900000.0,0.07779040914359646,0.4257275030594562,3.3211878878327754
n3116_taper0,135200000.0,0.07803165035312432,0.6185898038031244,1.3991108386185933
n3116_taper0,135500000.0,0.07807417996789884,0.6402357695518448,-0.8629292408881455
n3116_taper0,135800000.0,0.07780337866625593,0.48799387845758924,-2.902306864847804
n3116_taper0,136100000.0,0.07719531174543831,0.19440495901397656,-4.182445512887698
n3116_taper0,136400000.0,0.07632330935150493,-0.16913128899942165,-4.273511453945488
n3116_taper0,136700000.0,0.07533960431748864,-0.4941513866316439,-3.016330594535915
n3116_taper0,137000000.0,0.07443442339458912,-0.6624297672095135,-0.7256101539575532
n3116_taper0,137300000.0,0.07378029823837129,-0.6049842223749736,1.796386638613761
n3116_taper0,137600000.0,0.07347700872789545,-0.348590828385434,3.6284184316917325
n3116_taper0,137900000.0,0.07351741272109756,0.00381195918214526,4.212186691601612
n3116_taper0,138200000.0,0.0737891483462429,0.3349373210117633,3.5099958513996476
n3116_taper0,138500000.0,0.07411168372966352,0.5567209164375889,1.849575830626398
n3116_taper0,138800000.0,0.07429295508414398,0.62109794583686,-0.27586953237503936
n3116_taper0,139100000.0,0.07418517611132813,0.5165688458232228,-2.325901003944402
n3116_taper0,139400000.0,0.07372474832211683,0.2658373244913848,-3.772958153738945
n3116_taper0,139700000.0,0.07294897199682994,-0.07187278466462318,-4.171053631927065
n3116_taper0,140000000.0,0.07198737804188782,-0.40071102404978104,-3.2909328443250287
n3116_taper0,140300000.0,0.07102844739914682,-0.6071060248723826,-1.310198250663038
n3116_taper0,140600000.0,0.07026662032557372,-0.6091045397638482,1.1116574408976534
n3116_taper0,140900000.0,0.06984200369304246,-0.4076635373570154,3.0906830022369167
n3116_taper0,141200000.0,0.06979304375396023,-0.08559513100019644,3.979535373525895
n3116_taper0,141500000.0,0.07004228545056819,0.2446137314875921,3.6136535995076793
n3116_taper0,141800000.0,0.07042216051249617,0.48942213215720315,2.227882071212668
n3116_taper0,142100000.0,0.07072920446011374,0.5922806129131725,0.26474252385978597
n3116_taper0,142400000.0,0.07078508922918625,0.5330708468471469,-1.760978135669462
n3116_taper0,142700000.0,0.07048574479605331,0.3252627771886465,-3.333081519542625
n3116_taper0,143000000.0,0.0698284489155708,0.016950082402727166,-3.9962193539086104
n3116_taper0,143300000.0,0.06891336767498543,-0.30816244021607964,-3.4676147619083038
n3116_taper0,143600000.0,0.06791914765430562,-0.5433421195982553,-1.8087000516978187
n3116_taper0,143900000.0,0.06705502612431177,-0.5986555970302746,0.4618607217185351
n3116_taper0,144200000.0,0.06649831849696325,-0.4525612176839991,2.5258989120193487
n3116_taper0,144500000.0,0.0663357380070101,-0.16620696537337135,3.6779646359159615
n3116_taper0,144800000.0,0.06653218155560624,0.15625309375127266,3.635162924638325
n3116_taper0,145100000.0,0.0669419771117135,0.4180548352766511,2.5327032528572384
n3116_taper0,145400000.0,0.06735745313230651,0.5549099786176646,0.7544413845736377
n3116_taper0,145700000.0,0.06757356039538948,0.5383136139387937,-1.2148750069980532
n3116_taper0,146000000.0,0.06744595295940192,0.3729637523639766,-2.8729393600378708
n3116_taper0,146300000.0,0.06692871548006338,0.0967066123751275,-3.760384674876617
n3116_taper0,146600000.0,0.0660865046846947,-0.21827723986425182,-3.5543013670923864
n3116_taper0,146900000.0,0.0650799082966158,-0.47348191049604327,-2.2195119363866196
n3116_taper0,147200000.0,0.0641247118291008,-0.5752276804866848,-0.14141379678192575
n3116_taper0,147500000.0,0.06343035140862616,-0.48334222973065244,1.9483838622802816
n3116_taper0,147800000.0,0.06313260915686496,-0.2369497050475095,3.317546149261624
n3116_taper0,148100000.0,0.06324543336829144,0.07130405001366266,3.578652232671386
n3116_taper0,148400000.0,0.06365457053833738,0.343993568489659,2.763510924587528
n3116_taper0,148700000.0,0.06415662339076687,0.5101355345323695,1.189385141144218
n3116_taper0,149000000.0,0.06452494892382246,0.5331468699694426,-0.6942324056283594
n3116_taper0,149300000.0,0.06457620531297793,0.409318377582395,-2.4018192245056498
n3116_taper0,149600000.0,0.06421901547252111,0.16697984836285823,-3.474364086809153
n3116_taper0,149900000.0,0.06347707203397183,-0.13253208271618608,-3.559590625542158
n3116_taper0,150200000.0,0.06248485572399789,-0.3997193381572248,-2.5433113856188587
n3116_taper0,150500000.0,0.06145565271844921,-0.5405891845771247,-0.6888699813037035
n3116_taper0,150800000.0,0.06062404416554511,-0.5004005107207844,1.3719200894888282
n3116_taper0,151100000.0,0.06017345976787279,-0.29698025348686724,2.909246110034397
n3116_taper0,151400000.0,0.06017231089710702,-0.008861285049175159,3.449404125059408
n3116_taper0,151700000.0,0.06054754395377499,0.26861673472055164,2.920656256125319
n3116_taper0,152000000.0,0.061109796715022015,0.45913181053179236,1.5663912128007702
n3116_taper0,152300000.0,0.06161739339996422,0.5184571942177431,-0.20503030825008084
n3116_taper0,152600000.0,0.061850455777578424,0.43478785835812317,-1.9282405739774036
n3116_taper0,152900000.0,0.061670836404293584,0.22753527868737852,-3.148373908789087
n3116_taper0,153200000.0,0.061056618779583315,-0.05213111050346714,-3.4924494535535153
n3116_taper0,153500000.0,0.06010858197805851,-0.32405999824458825,-2.782677693046217
n3116_taper0,153800000.0,0.059028058447863734,-0.496611117539981,-1.1735635043385764
n3116_taper0,154100000.0,0.05806614629332611,-0.5044408192043551,0.8093397719425276
n3116_taper0,154400000.0,0.05745005494272324,-0.3457151000282383,2.46465635872959
n3116_taper0,154700000.0,0.05730619803338959,-0.08297922871371342,3.2538371485172988
n3116_taper0,155000000.0,0.057612293070362454,0.19329253117190262,3.0054435428829107
n3116_taper0,155300000.0,0.05820396913897599,0.4030970694907924,1.8829842066189049
n3116_taper0,155600000.0,0.05883265264358221,0.4951683636911139,0.2473976077431092
n3116_taper0,155900000.0,0.05924569310894482,0.44990682771397844,-1.4600079232410406
n3116_taper0,156200000.0,0.05925787645061901,0.27829444974391,-2.792017289102341
n3116_taper0,156500000.0,0.05879791289732332,0.02196877455080609,-3.3619746488063993
n3116_taper0,156800000.0,0.057925958099424135,-0.24829839935281894,-2.9417132086131934
n3116_taper0,157100000.0,0.056821932428135734,-0.44519678446169175,-1.590839985080661
n3116_taper0,157400000.0,0.05574354442234258,-0.4964394705214245,0.2721740118367084
n3116_taper0,157700000.0,0.054955418079917856,-0.3828486210280682,1.995680174597355
n3116_taper0,158000000.0,0.054643062880378186,-0.1499268125127717,2.9994371726498685
n3116_taper0,158300000.0,0.05484370556060672,0.11936123404692181,3.0201886465395305
n3116_taper0,158600000.0,0.05542991157199585,0.34324958462468297,2.137451299441925
n3116_taper0,158900000.0,0.056156055766397504,0.4642416029426372,0.6583657490835699
n3116_taper0,159200000.0,0.05674195302486739,0.4552766412996722,-1.004251505021128
n3116_taper0,159500000.0,0.05695610460227296,0.31931373109003297,-2.4142855391060025
n3116_taper0,159800000.0,0.05667499802510718,0.08903268970360431,-3.1772140440295114
n3116_taper0,160100000.0,0.05591206791230996,-0.1740076494186361,-3.0256929693593544
n3116_taper0,160400000.0,0.05481673465935233,-0.38822027392835246,-1.9381844216807709
n3116_taper0,160700000.0,0.05364261315981457,-0.4775943429271276,-0.2296197124669217
n3116_taper0,161000000.0,0.05268304264713528,-0.40835924140342506,1.5141867736852963
n3116_taper0,161300000.0,0.05218079908293899,-0.20875271715836136,2.6946299984746287
n3116_taper0,161600000.0,0.05223976139088317,0.0481137291061005,2.968249900502744
n3116_taper0,161900000.0,0.052781981664872364,0.28082057374447816,2.3288965104032724
n3116_taper0,162200000.0,0.05357644024448427,0.42667452043467957,1.0238488940404236
n3116_taper0,162500000.0,0.054322345810513005,0.4515600005773591,-0.56745787225677
n3116_taper0,162800000.0,0.05474387207677614,0.3507666629297931,-2.0235700208101206
n3116_taper0,163100000.0,0.05466335761104281,0.1485231126302237,-2.9470371918875413
n3116_taper0,163400000.0,0.054042319910871786,-0.10253954239609442,-3.040754094173388
n3116_taper0,163700000.0,0.05299126793834052,-0.3274768237911443,-2.2150067610912316
n3116_taper0,164000000.0,0.05174875270747725,-0.44926935544463087,-0.6878358634865213
n3116_taper0,164300000.0,0.05062617950649754,-0.4225033244324567,1.0316633851138535
n3116_taper0,164600000.0,0.04991855238319264,-0.2587049564782644,2.3486027180073363
n3116_taper0,164900000.0,0.04980110474094321,-0.01923314749940352,2.8540302855935833
n3116_taper0,165200000.0,0.05025792411989327,0.21704358819993494,2.45729476208629
n3116_taper0,165500000.0,0.05108607715740804,0.38349843168686665,1.3405081582016352
n3116_taper0,165800000.0,0.05197305439747607,0.43947652135824,-0.15548534562386454
n3116_taper0,166100000.0,0.05260198589853687,0.3729296558317744,-1.6276743225769223
n3116_taper0,166400000.0,0.052740061636254124,0.2000772392733369,-2.6800409213979917
n3116_taper0,166700000.0,0.0522925976178101,-0.03503149860063304,-2.9936271199758653
n3116_taper0,167000000.0,0.05132366749231758,-0.2646449021933622,-2.422388146841373
n3116_taper0,167300000.0,0.050046038318403825,-0.4129370081029222,-1.0961027684968006
n3116_taper0,167600000.0,0.04877715492968874,-0.4257964433311317,0.5588886105213464
n3116_taper0,167900000.0,0.047855989707473526,-0.2992523146935868,1.9710790545365846
n3116_taper0,168200000.0,0.04753055851941261,-0.08156267355277934,2.6829424750539923
n3116_taper0,168500000.0,0.04785866924356772,0.15314088759614436,2.5235370925920484
n3116_taper0,168800000.0,0.04868063084941202,0.335774113583275,1.605724144055339
n3116_taper0,169100000.0,0.04968337039857464,0.4197989640353793,0.2264309566317409
n3116_taper0,169400000.0,0.05051381587223032,0.3861705565403994,-1.2338272900663736
n3116_taper0,169700000.0,0.05088395873242175,0.24348678952464942,-2.3844850352773848
n3116_taper0,170000000.0,0.050639499310495335,0.027581914378369585,-2.891414030500545
n3116_taper0.1,20000000.0,0.7948785680139387,2.9431283928523544,-33.608707691647304
n3116_taper0.1,20300000.0,0.7855722196137702,0.45562766734274207,-44.88025710631607
n3116_taper0.1,20600000.0,0.7763591334382476,-3.8310081025047147,-50.91863187265289
n3116_taper0.1,20900000.0,0.7678045619169926,-11.426584162498921,-25.968537068704354
n3116_taper0.1,21200000.0,0.7602496949028226,-7.622076794016079,44.32630688140187
n3116_taper0.1,21500000.0,0.753709621799384,-1.6987790281333315,47.63967859300052
n3116_taper0.1,21800000.0,0.747867124839702,1.545043258325404,38.5760632132061
n3116_taper0.1,22100000.0,0.7421650824572287,3.4300638919000237,26.691386463232927
n3116_taper0.1,22400000.0,0.7359674133844212,4.436776815884704,13.874560570563423
n3116_taper0.1,22700000.0,0.7287386786748963,4.753422949168956,0.8007226544420996
n3116_taper0.1,23000000.0,0.7201915802044013,4.436576086298995,-12.123024799588713
n3116_taper0.1,23300000.0,0.7103650080928141,3.449939170567035,-24.450672188114982
n3116_taper0.1,23600000.0,0.6996146599450364,1.645375239412913,-35.36331521346306
n3116_taper0.1,23900000.0,0.6885183548394174,-1.32735069278296,-42.64761889775256
n3116_taper0.1,24200000.0,0.6777178362326655,-6.1190823727747325,-37.43481300393551
n3116_taper0.1,24500000.0,0.667737117120055,-9.370658423604457,9.966062514486392
n3116_taper0.1,24800000.0,0.6588292860759363,-4.268090150219378,39.787001825636395
n3116_taper0.1,25100000.0,0.6509007264500752,-0.3037874317339626,38.6261366961699
n3116_taper0.1,25400000.0,0.643539132641292,2.0905433033634298,29.96539013902133
n3116_taper0.1,25700000.0,0.6361362918680623,3.479021981967139,18.961517460200206
n3116_taper0.1,26000000.0,0.6280649415212506,4.124880196535734,7.1477982048931015
n3116_taper0.1,26300000.0,0.6188553683194553,4.135488156146004,-4.762217219498012
n3116_taper0.1,26600000.0,0.6083236406930289,3.5263937041099997,-16.20590038073776
n3116_taper0.1,26900000.0,0.5966211102449905,2.2338837686906916,-26.40956108778031
n3116_taper0.1,27200000.0,0.5841950640294119,0.09845098747380458,-33.76279373230671
n3116_taper0.1,27500000.0,0.5716695457865467,-3.108873804649969,-33.7966826107122
n3116_taper0.1,27800000.0,0.5596738810463737,-6.654016584508019,-13.799498993567214
n3116_taper0.1,28100000.0,0.5486634383324069,-5.6794504485562625,21.24142027483461
n3116_taper0.1,28400000.0,0.5387861646767889,-2.069325351065996,32.40060233072928
n3116_taper0.1,28700000.0,0.5298398601907065,0.616918743039993,29.333626575199435
n3116_taper0.1,29000000.0,0.5213360773101934,2.311074948966659,21.336701200336073
n3116_taper0.1,29300000.0,0.5126483771712738,3.2407920925943623,11.497548360161225
n3116_taper0.1,29600000.0,0.5031950762275426,3.5371577751315373,1.0942620732497397
n3116_taper0.1,29900000.0,0.4926014465183396,3.2516626071593215,-9.085168075859857
n3116_taper0.1,30200000.0,0.48079991693830804,2.3772004992424534,-18.235913479175203
n3116_taper0.1,30500000.0,0.4680473853460431,0.8613165435950394,-25.078621616810207
n3116_taper0.1,30800000.0,0.4548578947109584,-1.3376797150716204,-26.974222793154702
n3116_taper0.1,31100000.0,0.44186563461767275,-3.8708667787850852,-18.464844399836096
n3116_taper0.1,31400000.0,0.429649843463166,-4.846149559778985,3.1677734623814775
n3116_taper0.1,31700000.0,0.4185685437079973,-3.040861285792573,20.3494399747442
n3116_taper0.1,32000000.0,0.40865370251314104,-0.689779050221177,24.111158395220496
n3116_taper0.1,32300000.0,0.3996057296577374,1.0833794186912258,20.395568824792964
n3116_taper0.1,32600000.0,0.390890227935361,2.19493427178564,13.403627343153573
n3116_taper0.1,32900000.0,0.3819016213755172,2.7176649244541924,5.116007358747594
n3116_taper0.1,33200000.0,0.3721381802540309,2.707674821317579,-3.356174426522184
n3116_taper0.1,33500000.0,0.361337956406925,2.190225828641835,-11.119092493909642
n3116_taper0.1,33800000.0,0.34954492320656855,1.1742466111517926,-17.101321373917024
n3116_taper0.1,34100000.0,0.33709524184330586,-0.2987575536290898,-19.646185271967845
n3116_taper0.1,34400000.0,0.3245291024066219,-1.9911040810261225,-16.226850050047958
n3116_taper0.1,34700000.0,0.31244648449643436,-3.1356694679018764,-5.227621161921191
n3116_taper0.1,35000000.0,0.30133963108693634,-2.805801186314292,8.144376037729627
n3116_taper0.1,35300000.0,0.2914491151224535,-1.410736951721912,15.579752976128061
n3116_taper0.1,35600000.0,0.28269295775253866,0.054962065503998535,16.19574345456116
n3116_taper0.1,35900000.0,0.27469749845583824,1.1536054798171906,12.631724189239627
n3116_taper0.1,36200000.0,0.26691886625423006,1.7979930690568267,7.003163232062446
n3116_taper0.1,36500000.0,0.25880853413067084,1.996984393760373,0.6572502172151657
n3116_taper0.1,36800000.0,0.24996701167115606,1.7765263817824701,-5.42164697306574
n3116_taper0.1,37100000.0,0.24024521873590646,1.170805276421393,-10.301996955454168
n3116_taper0.1,37400000.0,0.22977629195022298,0.24782684367338376,-12.902600680140688
n3116_taper0.1,37700000.0,0.21893774572229532,-0.8248546275204676,-11.997105757974133
n3116_taper0.1,38000000.0,0.20825348396511778,-1.6940237036988122,-6.915653622529836
n3116_taper0.1,38300000.0,0.1982535366717748,-1.915236416758194,0.7759611133714606
n3116_taper0.1,38600000.0,0.18932245319947788,-1.3957203064173997,7.300826691447648
n3116_taper0.1,38900000.0,0.1815818401813238,-0.5120666502255459,10.182008229861047
n3116_taper0.1,39200000.0,0.17485325406316524,0.3362070078430915,9.583922205898173
n3116_taper0.1,39500000.0,0.16872049905911937,0.9454988501781283,6.702665950862112
n3116_taper0.1,39800000.0,0.16266577991398723,1.2487789924179025,2.6943957767062177
n3116_taper0.1,40100000.0,0.15622446045683896,1.2415232187863166,-1.505109272492396
n3116_taper0.1,40400000.0,0.14910735997438834,0.951711434336019,-5.096847859564552
n3116_taper0.1,40700000.0,0.14126475863903168,0.44025876516262136,-7.3424096075192375
n3116_taper0.1,41000000.0,0.13288915991768674,-0.1814422300903631,-7.605847400411251
n3116_taper0.1,41300000.0,0.12436408571324721,-0.7378739871904985,-5.620963594553742
n3116_taper0.1,41600000.0,0.11616805709844309,-1.0288186455999653,-1.9395768075111317
n3116_taper0.1,41900000.0,0.10874655198775919,-0.9499131482169282,2.001636541357506
n3116_taper0.1,42200000.0,0.10237820643561607,-0.5781829522888183,4.715662847735401
n3116_taper0.1,42500000.0,0.09708070799944025,-0.09713006252784907,5.558865419830908
n3116_taper0.1,42800000.0,0.09260342918937854,0.3295885724556088,4.731657774708916
n3116_taper0.1,43100000.0,0.08851716864556528,0.607124408635419,2.8180673832426453
n3116_taper0.1,43400000.0,0.08435807392097404,0.7000696293994146,0.46403877595501813
n3116_taper0.1,43700000.0,0.07976184958581241,0.6142836341654014,-1.7415904199969794
n3116_taper0.1,44000000.0,0.07454747967813237,0.38711310212063244,-3.3060062548717344
n3116_taper0.1,44300000.0,0.06874410227501628,0.08381490941505558,-3.881343858757584
n3116_taper0.1,44600000.0,0.06257269506672618,-0.20915625333056664,-3.3565130873760074
n3116_taper0.1,44900000.0,0.05639435539452172,-0.4048527769349295,-1.9507995673105516
n3116_taper0.1,45200000.0,0.050629328841116615,-0.450346602992906,-0.18928284214632304
n3116_taper0.1,45500000.0,0.045647146901455285,-0.35201836763460526,1.3155008503340713
n3116_taper0.1,45800000.0,0.04164256978080199,-0.1666639361088307,2.1435631797140284
n3116_taper0.1,46100000.0,0.038548504520317044,0.03287123100920553,2.193935628912338
n3116_taper0.1,46400000.0,0.0360532948607782,0.18800152145851762,1.6241713598747203
n3116_taper0.1,46700000.0,0.03372836863736601,0.2669939822990188,0.7206957475785608
n3116_taper0.1,47000000.0,0.03118527111866683,0.2648485979949976,-0.21045202127563706
n3116_taper0.1,47300000.0,0.02817912370743775,0.19810457210249277,-0.9166467574615356
n3116_taper0.1,47600000.0,0.024639797163338126,0.09758919588339536,-1.2475758339639484
n3116_taper0.1,47900000.0,0.02065491253124627,-0.0010125296212296863,-1.1835104879919558
n3116_taper0.1,48200000.0,0.016431982905752644,-0.06833434836625073,-0.830792586011935
n3116_taper0.1,48500000.0,0.012257155742680919,-0.09084766798752782,-0.3731766291372979
n3116_taper0.1,48800000.0,0.008462340592072256,-0.07380710806945255,0.007424343792801422
n3116_taper0.1,49100000.0,0.005413380656083111,-0.035866897962560804,0.20155233111927034
n3116_taper0.1,49400000.0,0.0034961740686764906,0.0010578756541467138,0.20018233209855257
n3116_taper0.1,49700000.0,0.0027758418296686227,0.02110536695103024,0.07649464527768307
n3116_taper0.1,50000000.0,0.002478240677100343,0.01953125449687279,-0.05931133509950603
n3116_taper0.1,50300000.0,0.0019583454570625287,0.002914084096483021,-0.11052701661309612
n3116_taper0.1,50600000.0,0.0017973659717745439,-0.0147442542580494,-0.034114954366019974
n3116_taper0.1,50900000.0,0.00326744339369035,-0.01865526979309554,0.141350416526655
n3116_taper0.1,51200000.0,0.005723860578226566,-0.00031871838122924707,0.32795277947373436
n3116_taper0.1,51500000.0,0.008528462143891705,0.03803489306141915,0.4180709758348867
n3116_taper0.1,51800000.0,0.011329722131886974,0.08385185104015627,0.3337589813750805
n3116_taper0.1,52100000.0,0.013858519664592377,0.1191728227071232,0.06256732621571119
n3116_taper0.1,52400000.0,0.015911553721276128,0.12751572767053213,-0.33388476050310406
n3116_taper0.1,52700000.0,0.017367884192013638,0.09998994709631817,-0.7374723212089185
n3116_taper0.1,53000000.0,0.018209086744675716,0.03906270931664718,-1.0085776602926004
n3116_taper0.1,53300000.0,0.018535346025737268,-0.04071916397019707,-1.030058063338197
n3116_taper0.1,53600000.0,0.01856875919968888,-0.11564826322758565,-0.7517422966192611
n3116_taper0.1,53900000.0,0.018625022089461162,-0.15976775645023644,-0.22179124784231644
n3116_taper0.1,54200000.0,0.01902799760036129,-0.154475251408688,0.41419989827942466
n3116_taper0.1,54500000.0,0.019975567750811656,-0.09682388917151995,0.9574396746404733
n3116_taper0.1,54800000.0,0.021443181180932587,-0.0017362104928329858,1.2286967468707812
n3116_taper0.1,55100000.0,0.02321067772314636,0.10329308310129956,1.1328882722159976
n3116_taper0.1,55400000.0,0.024975434768981643,0.18769450973538743,0.6862753625952472
n3116_taper0.1,55700000.0,0.02645777511035933,0.22682072524947472,0.004580421218014249
n3116_taper0.1,56000000.0,0.02746155531299764,0.20794625114790305,-0.7317609436390573
n3116_taper0.1,56300000.0,0.0279012249268745,0.13321183146301596,-1.3208367583029734
n3116_taper0.1,56600000.0,0.027810941284898676,0.02002239264555572,-1.5861752162781395
n3116_taper0.1,56900000.0,0.027340842418609266,-0.10152723095914055,-1.4263243092815407
n3116_taper0.1,57200000.0,0.02673549567444614,-0.1954851235907447,-0.8585125695107961
n3116_taper0.1,57500000.0,0.026282950546233523,-0.2312872301817882,-0.03373238755979228
n3116_taper0.1,57800000.0,0.026228787108746158,-0.1957764227396835,0.8012806865004976
n3116_taper0.1,58100000.0,0.02668052419185164,-0.09919584338499308,1.3912730237174131
n3116_taper0.1,58400000.0,0.027561629996787344,0.029003962964110223,1.564927159527187
n3116_taper0.1,58700000.0,0.028651238282158972,0.15155952980160572,1.2840416510678316
n3116_taper0.1,59000000.0,0.029676263969600606,0.23518652726252168,0.6379036164609535
n3116_taper0.1,59300000.0,0.030397187034894205,0.25842583055503865,-0.19542854086960718
n3116_taper0.1,59600000.0,0.03066069149257862,0.21529434375646586,-0.9967815914752335
n3116_taper0.1,59900000.0,0.030422935031372545,0.11613073169424387,-1.5528602630033383
n3116_taper0.1,60200000.0,0.02975346424621541,-0.01378696042583544,-1.7037385437076769
n3116_taper0.1,60500000.0,0.028823629446841983,-0.13880272729974197,-1.390340391050829
n3116_taper0.1,60800000.0,0.027875545311322424,-0.22192941681842657,-0.6882424841465901
n3116_taper0.1,61100000.0,0.027164236216608947,-0.23727740290126176,0.1987679914926666
n3116_taper0.1,61400000.0,0.026876051068095264,-0.1804544856689913,1.002025825263608
n3116_taper0.1,61700000.0,0.027054716363458887,-0.0703209249103482,1.48571815210334
n3116_taper0.1,62000000.0,0.027583421721906667,0.0591446359023469,1.526002322679582
n3116_taper0.1,62300000.0,0.028237667409217012,0.1713280256789668,1.1354425483940536
n3116_taper0.1,62600000.0,0.028770312750639057,0.23734403335475568,0.43899250362238207
n3116_taper0.1,62900000.0,0.028982534252224624,0.2417857326066734,-0.37132140699638344
n3116_taper0.1,63200000.0,0.028764139956553914,0.18471942997165347,-1.0836189949281123
n3116_taper0.1,63500000.0,0.028108732046806723,0.08128397826937242,-1.5107038349173891
n3116_taper0.1,63800000.0,0.02711201934676645,-0.040954937878005346,-1.5335010879679112
n3116_taper0.1,64100000.0,0.02595555792301609,-0.14786145391934002,-1.1394154720730243
n3116_taper0.1,64400000.0,0.024871419000888673,-0.20823641026298315,-0.43939520090472634
n3116_taper0.1,64700000.0,0.024082000470693584,-0.20459950837719793,0.35727863128680537
n3116_taper0.1,65000000.0,0.02372315689171543,-0.1398897200947279,1.0129273745464693
n3116_taper0.1,65300000.0,0.023786750377274356,-0.03578789230668061,1.3451635355585163
n3116_taper0.1,65600000.0,0.024124707320146696,0.07616654943543476,1.2812305646304607
n3116_taper0.1,65900000.0,0.024513262271100813,0.16525260723303642,0.8643936017554513
n3116_taper0.1,66200000.0,0.02473239034995927,0.20948004461861455,0.22516469736105427
n3116_taper0.1,66500000.0,0.024622736487129596,0.1995599950363814,-0.46060312064350895
n3116_taper0.1,66800000.0,0.024113234481107797,0.13982469713206042,-1.0137025305952099
n3116_taper0.1,67100000.0,0.0232281689348789,0.04695661721131041,-1.290662366834535
n3116_taper0.1,67400000.0,0.022081254038217802,-0.05352161054064229,-1.2189916309562916
n3116_taper0.1,67700000.0,0.020857386657488184,-0.13344112642240633,-0.8218367191259062
n3116_taper0.1,68000000.0,0.019775963554376653,-0.17027156291999063,-0.2184145227595219
n3116_taper0.1,68300000.0,0.01902951429633221,-0.154735242367548,0.4102345416990992
n3116_taper0.1,68600000.0,0.01870970503273727,-0.09387354599254596,0.8821621218432563
n3116_taper0.1,68900000.0,0.018763605485441006,-0.007749276969065814,1.0743554159307713
n3116_taper0.1,69200000.0,0.019018421441851306,0.07816257749438128,0.9544306940481768
n3116_taper0.1,69500000.0,0.019256294127234484,0.14092530840523926,0.5775057641558999
n3116_taper0.1,69800000.0,0.019286703387795902,0.16568119995473143,0.059861509301458275
n3116_taper0.1,70100000.0,0.01898835684555228,0.14821155119580728,-0.4558103514322819
n3116_taper0.1,70400000.0,0.01832423347796938,0.09505788346231012,-0.8349383218150741
n3116_taper0.1,70700000.0,0.01734176878302315,0.021664406810626407,-0.9820401321801171
n3116_taper0.1,71000000.0,0.01616495259228859,-0.05139140403363396,-0.8648697989991159
n3116_taper0.1,71300000.0,0.014977196986139538,-0.10387222171918933,-0.5251329293608257
n3116_taper0.1,71600000.0,0.013985878437722444,-0.12189913424336231,-0.06799918107813417
n3116_taper0.1,71900000.0,0.013358751976114002,-0.10228454185719547,0.37085852768374455
n3116_taper0.1,72200000.0,0.013147969273497076,-0.053105958109821036,0.6695253970878795
n3116_taper0.1,72500000.0,0.013258426132021328,0.009718968008647943,0.7565208357337881
n3116_taper0.1,72800000.0,0.013496740358258446,0.0680141265873729,0.626142558938003
n3116_taper0.1,73100000.0,0.013656982034997196,0.10664860785711106,0.3315084241372702
n3116_taper0.1,73400000.0,0.01358206064619763,0.11704737476442459,-0.03665363762529546
n3116_taper0.1,73700000.0,0.013187824678075832,0.09857578141786205,-0.3763946659209989
n3116_taper0.1,74000000.0,0.012465627475934568,0.05804833706747405,-0.6000877757409109
n3116_taper0.1,74300000.0,0.011477362437934213,0.007664308273030837,-0.6553707667757789
n3116_taper0.1,74600000.0,0.010348526344332946,-0.03832244489190158,-0.5377876653143335
n3116_taper0.1,74900000.0,0.009256930776588021,-0.0675912423717492,-0.2910525734595172
n3116_taper0.1,75200000.0,0.008403179982281425,-0.07328964283812278,0.007061261755530064
n3116_taper0.1,75500000.0,0.007940964807418426,-0.05581877511684306,0.2697596015794101
n3116_taper0.1,75800000.0,0.007884833266857632,-0.022153594726417626,0.4280897206834438
n3116_taper0.1,76100000.0,0.008090811248742155,0.016899131345119008,0.4495035791853692
n3116_taper0.1,76400000.0,0.008346125372968959,0.05025621900258657,0.34271595537075666
n3116_taper0.1,76700000.0,0.008466920646900447,0.06963220250762722,0.1499405352514726
n3116_taper0.1,77000000.0,0.008337838118132409,0.07137211788842146,-0.06853650631040913
n3116_taper0.1,77300000.0,0.007912835953282106,0.05685911308029054,-0.2520511041502529
n3116_taper0.1,77600000.0,0.0072054283419215985,0.0316485036737781,-0.3552946190104289
n3116_taper0.1,77900000.0,0.006279996252334835,0.0036373058715284106,-0.3589415249132436
n3116_taper0.1,78200000.0,0.0052481807480571074,-0.019278095765856467,-0.2728541620437277
n3116_taper0.1,78500000.0,0.004272358287698531,-0.031434699950900945,-0.13092634695501773
n3116_taper0.1,78800000.0,0.0035638383576562876,-0.03084685939130507,0.020961612503197957
n3116_taper0.1,79100000.0,0.0033040772234404865,-0.01940162239425389,0.13978231835690424
n3116_taper0.1,79400000.0,0.003457740156581763,-0.0018197949870757978,0.19777079662511166
n3116_taper0.1,79700000.0,0.0037810893992028956,0.01612894737672283,0.18848477883369946
n3116_taper0.1,80000000.0,0.0040446676871388285,0.029464104872855553,0.12549004880148795
n3116_taper0.1,80300000.0,0.004120027104710002,0.03530918800949359,0.035344210768053975
n3116_taper0.1,80600000.0,0.003957985698973719,0.03339211480130041,-0.05207427764577022
n3116_taper0.1,80900000.0,0.0035610149798164514,0.025722952715295316,-0.1127585165801907
n3116_taper0.1,81200000.0,0.0029660523010206765,0.01564995265227698,-0.1348006110769013
n3116_taper0.1,81500000.0,0.0022331333566103563,0.006631228550172978,-0.12018774035494892
n3116_taper0.1,81800000.0,0.0014372122592676553,0.00112040004158644,-0.08200854369167072
n3116_taper0.1,82100000.0,0.0006693353557575949,-8.174426953748311e-05,-0.03834648113464333
n3116_taper0.1,82400000.0,0.0002662521699238267,0.002172033421295977,-0.0052325177786552955
n3116_taper0.1,82700000.0,0.0007031947864331783,0.005959716446766908,0.008756842558735243
n3116_taper0.1,83000000.0,0.0010610530913549884,0.009186161597484331,0.00448752273603988
n3116_taper0.1,83300000.0,0.0012131920038352733,0.010432416722489398,-0.009498581686496648
n3116_taper0.1,83600000.0,0.0011520325939157773,0.009456241232503456,-0.0214755217221828
n3116_taper0.1,83900000.0,0.000912338826931908,0.007192651153597664,-0.021888867646809286
n3116_taper0.1,84200000.0,0.000622711422909995,0.005284290004799225,-0.007560407628022353
n3116_taper0.1,84500000.0,0.0006804949214059026,0.005331994595650755,0.0167979788011611
n3116_taper0.1,84800000.0,0.001174002338019796,0.008155004579363067,0.04033122774561216
n3116_taper0.1,85100000.0,0.0017724561184476908,0.013351274168122217,0.05040824493131907
n3116_taper0.1,85400000.0,0.002325416173349175,0.019338417100317955,0.0379450858701813
n3116_taper0.1,85700000.0,0.00275223072590105,0.023871456418177985,0.001631395742628079
n3116_taper0.1,86000000.0,0.002998643638192244,0.02485316145348374,-0.05056916673081702
n3116_taper0.1,86300000.0,0.0030331610852672654,0.021150184032466386,-0.10326664552370621
n3116_taper0.1,86600000.0,0.002850550003943747,0.013130310970473062,-0.13832129623785058
n3116_taper0.1,86900000.0,0.002479870108881869,0.0027236603908673282,-0.14092319130015918
n3116_taper0.1,87200000.0,0.0020058890241285003,-0.007049847769610424,-0.10515130892467404
n3116_taper0.1,87500000.0,0.001627314709812122,-0.012980166633021694,-0.037082853225791405
n3116_taper0.1,87800000.0,0.0016690224793040021,-0.012730505295438208,0.04589320490278695
n3116_taper0.1,88100000.0,0.0021897357607112648,-0.005706614292056602,0.11972554491642562
n3116_taper0.1,88400000.0,0.002912104183454161,0.006595159687908942,0.16101428278324917
n3116_taper0.1,88700000.0,0.0036206514691489505,0.02091619605592094,0.15457979629657162
n3116_taper0.1,89000000.0,0.004195409902293526,0.03315003069239348,0.0987157210816569
n3116_taper0.1,89300000.0,0.004565218122743546,0.03955082559045826,0.006412402304984656
n3116_taper0.1,89600000.0,0.004692008856298604,0.03786701190915603,-0.09779015985222388
n3116_taper0.1,89900000.0,0.004568919857406806,0.028077500527822073,-0.1844028160875813
n3116_taper0.1,90200000.0,0.0042239776720699946,0.012523348919900696,-0.22729534896803436
n3116_taper0.1,90500000.0,0.003729408813159452,-0.0046305362155413905,-0.21154262767974258
n3116_taper0.1,90800000.0,0.00321979782497252,-0.018508584493260337,-0.13856301854562283
n3116_taper0.1,91100000.0,0.002904888035064073,-0.024940977497906937,-0.02672025695996761
n3116_taper0.1,91400000.0,0.0029846634783299024,-0.02176486099770194,0.09330013650399871
n3116_taper0.1,91700000.0,0.003447195624414664,-0.009566594231263553,0.18727212678253696
n3116_taper0.1,92000000.0,0.004091384039389678,0.008416797148364547,0.2276325491736731
n3116_taper0.1,92300000.0,0.004720717447413615,0.02721635861514081,0.20173704129759107
n3116_taper0.1,92600000.0,0.005205035076271881,0.0415588991205401,0.11559274714378183
n3116_taper0.1,92900000.0,0.005468451740409748,0.04735420545617931,-0.007811202810225195
n3116_taper0.1,93200000.0,0.005477048810034919,0.04283076816491334,-0.13479693355063183
n3116_taper0.1,93500000.0,0.005234788651551426,0.029047099312505473,-0.23009843252467238
n3116_taper0.1,93800000.0,0.004785245292330477,0.009661130466685432,-0.2665084833891126
n3116_taper0.1,94100000.0,0.004219156527791869,-0.010009983853945073,-0.2326921813625732
n3116_taper0.1,94400000.0,0.0036870388497186853,-0.024443068658629528,-0.1369517121805419
n3116_taper0.1,94700000.0,0.00339222915057278,-0.029503001612289588,-0.0054568086330035355
n3116_taper0.1,95000000.0,0.003488152435265152,-0.023691292077641073,0.12501577870121594
n3116_taper0.1,95300000.0,0.00392684817421753,-0.00861727284054081,0.2178083591528946
n3116_taper0.1,95600000.0,0.004513782095684121,0.011482624091137992,0.2471015846874887
n3116_taper0.1,95900000.0,0.0050648324875446895,0.03100238957814192,0.20515854875032433
n3116_taper0.1,96200000.0,0.005457279686348107,0.044569694886400855,0.10407390177374246
n3116_taper0.1,96500000.0,0.0056220388633647376,0.04851054236039666,-0.028020807280994087
n3116_taper0.1,96800000.0,0.0055329711679228104,0.04180429319392589,-0.1548339767143329
n3116_taper0.1,97100000.0,0.0052024416136413456,0.026329868738771477,-0.24169372053401927
n3116_taper0.1,97400000.0,0.00468234646746772,0.006362617259194417,-0.26487611284908785
n3116_taper0.1,97700000.0,0.004071209756259217,-0.012573142817183724,-0.2182015104586749
n3116_taper0.1,98000000.0,0.003525866047034838,-0.025233780486494276,-0.1149922163255262
n3116_taper0.1,98300000.0,0.0032477257856071604,-0.02815680576482604,0.015535881749728475
n3116_taper0.1,98600000.0,0.0033654187609774458,-0.020664613462882446,0.13670654353175032
n3116_taper0.1,98900000.0,0.0037974650537912604,-0.005028909393988991,0.21509889838397128
n3116_taper0.1,99200000.0,0.004341333813058574,0.014254355050595855,0.23006312887737154
n3116_taper0.1,99500000.0,0.0048237213361501195,0.03181093242801528,0.17909191601904167
n3116_taper0.1,99800000.0,0.0051354374302318324,0.042905409161868954,0.07777043170096103
n3116_taper0.1,100100000.0,0.005218929436529744,0.04469318434131119,-0.04516124643287003
n3116_taper0.1,100400000.0,0.005056928664526667,0.0369117788805571,-0.15591132471979824
n3116_taper0.1,100700000.0,0.00466765980381751,0.021884549107929127,-0.22472876148245072
n3116_taper0.1,101000000.0,0.004105556559507335,0.0038578071515180915,-0.2337981434953027
n3116_taper0.1,101300000.0,0.003469143966156541,-0.012172431657768558,-0.18197986854148485
n3116_taper0.1,101600000.0,0.0029171830830206557,-0.021853613378378583,-0.08500626582387026
n3116_taper0.1,101900000.0,0.0026590121969332758,-0.022699861469700454,0.029152776541840068
n3116_taper0.1,102200000.0,0.002811999113624368,-0.014764677208910386,0.1285178402024935
n3116_taper0.1,102500000.0,0.0032530251136769803,-0.0005464743554878761,0.18635569384593673
n3116_taper0.1,102800000.0,0.0037642408144674794,0.01582155428131398,0.18851776342352478
n3116_taper0.1,103100000.0,0.004186846117876463,0.029804255920098995,0.13673800714782156
n3116_taper0.1,103400000.0,0.004430529974405558,0.03772436895729343,0.047292346058896866
n3116_taper0.1,103700000.0,0.004452149561942008,0.03770375061694216,-0.05414876565313228
n3116_taper0.1,104000000.0,0.004243238675624179,0.030075686009593913,-0.13979806728358898
n3116_taper0.1,104300000.0,0.003824952878805146,0.01720571408208806,-0.18722162815684257
n3116_taper0.1,104600000.0,0.00324825418699288,0.0027884801206179122,-0.1851701177896328
n3116_taper0.1,104900000.0,0.0026026138015287337,-0.009196953277566585,-0.13630662818544412
n3116_taper0.1,105200000.0,0.0020429676865498067,-0.01559597567096353,-0.05605642531075746
n3116_taper0.1,105500000.0,0.0018070723195024755,-0.014934224381508418,0.03215254269731079
n3116_taper0.1,105800000.0,0.00201976835942578,-0.007762662907336817,0.10383657890605838
n3116_taper0.1,106100000.0,0.002485979773599141,0.003602293633577784,0.14041014880007302
n3116_taper0.1,106400000.0,0.002968231860146208,0.015832953291582647,0.1340234526717219
n3116_taper0.1,106700000.0,0.003334150093042435,0.025576074932656498,0.08901088879110146
n3116_taper0.1,107000000.0,0.0035194356188825815,0.03036709160645778,0.019863240703429347
n3116_taper0.1,107300000.0,0.0034978872235736412,0.029232112937918414,-0.053371219322211644
n3116_taper0.1,107600000.0,0.0032695679137536,0.022850975633577054,-0.11081651244741418
n3116_taper0.1,107900000.0,0.00285593384568272,0.01327398123903919,-0.13808684640754626
n3116_taper0.1,108200000.0,0.002298297271707599,0.003289086488227604,-0.1298578437342315
n3116_taper0.1,108500000.0,0.0016628837040933845,-0.004381689666409738,-0.09081150508406169
n3116_taper0.1,108800000.0,0.0010765706747476948,-0.007831333372311188,-0.033757824196111876
n3116_taper0.1,109100000.0,0.0008560504824882219,-0.006448559185141283,0.024455464353525254
n3116_taper0.1,109400000.0,0.0011914467788950566,-0.000997977598187929,0.06795065711376011
n3116_taper0.1,109700000.0,0.0016913121026866631,0.006701657179064104,0.08619218223694002
n3116_taper0.1,110000000.0,0.0021277561855213693,0.014374180459703711,0.07646794020997831
n3116_taper0.1,110300000.0,0.00242500445375233,0.019957181127976103,0.04393237111781866
n3116_taper0.1,110600000.0,0.00255324003751824,0.022148743829588338,-0.0005445497630489704
n3116_taper0.1,110900000.0,0.002505360378755732,0.020691886944921228,-0.04389089241217434
n3116_taper0.1,111200000.0,0.002290768361347989,0.0163464302458603,-0.07461678933318569
n3116_taper0.1,111500000.0,0.0019321614088092694,0.010584566712493342,-0.08582387259394898
n3116_taper0.1,111800000.0,0.0014626204520711457,0.005115267587794703,-0.07668170974068121
n3116_taper0.1,112100000.0,0.0009226801728479262,0.0013826221837443986,-0.05206874809366804
n3116_taper0.1,112400000.0,0.0003603141905062694,0.00018423148345636937,-0.020608462873212566
n3116_taper0.1,112700000.0,0.00022551666369595381,0.001513570664267307,0.008200236948293567
n3116_taper0.1,113000000.0,0.0007117441321008148,0.0046550982374742225,0.026817776318651777
n3116_taper0.1,113300000.0,0.0011217869437990492,0.008478948261068908,0.03160424168448415
n3116_taper0.1,113600000.0,0.0014220378801896839,0.01182390724159394,0.02336963980980494
n3116_taper0.1,113900000.0,0.0015989651546922223,0.01384203910096705,0.006528087092489815
n3116_taper0.1,114200000.0,0.0016517884729138515,0.014205234319811882,-0.012720242694801848
n3116_taper0.1,114500000.0,0.0015924004948960756,0.013127675752239694,-0.028512424147906435
n3116_taper0.1,114800000.0,0.0014455030660181418,0.011218690959214635,-0.03706786874600283
n3116_taper0.1,115100000.0,0.0012492335906885367,0.00923036285524689,-0.03755509854711389
n3116_taper0.1,115400000.0,0.0010561781532528016,0.0077912123389540415,-0.03189627883240495
n3116_taper0.1,115700000.0,0.0009281365753194711,0.007214574719348001,-0.02367997773112113
n3116_taper0.1,116000000.0,0.0009047177273928912,0.007439066236134723,-0.01663549084611129
n3116_taper0.1,116300000.0,0.0009622407021568615,0.008109351885532091,-0.013238916412589235
n3116_taper0.1,116600000.0,0.0010375107050936193,0.008755967877688895,-0.013933905562212058
n3116_taper0.1,116900000.0,0.0010794350674522128,0.009000984406337929,-0.01719865278319866
n3116_taper0.1,117200000.0,0.001064718103320311,0.008712031755614115,-0.02037504193534518
n3116_taper0.1,117500000.0,0.0009965137206994765,0.008049993001503317,-0.0209094654241488
n3116_taper0.1,117800000.0,0.0009051292524198263,0.007395943674611251,-0.017522327887964022
n3116_taper0.1,118100000.0,0.000849189083558411,0.007186745736896937,-0.010860103751408522
n3116_taper0.1,118400000.0,0.0008913555000121976,0.007721850793769587,-0.0033741959713225055
n3116_taper0.1,118700000.0,0.0010388053788401334,0.00901521607643932,0.001547302062144577
n3116_taper0.1,119000000.0,0.0012386417342364594,0.01075119991268441,0.000890977309435326
n3116_taper0.1,119300000.0,0.0014295597491646669,0.012366463381093937,-0.006704518367578229
n3116_taper0.1,119600000.0,0.0015650526678346133,0.013234378686587318,-0.020184689617291106
n3116_taper0.1,119900000.0,0.0016137842602900283,0.012890828430619759,-0.03613952314193934
n3116_taper0.1,120200000.0,0.0015575257879656367,0.011223637154012924,-0.04972049345870652
n3116_taper0.1,120500000.0,0.001390347121207064,0.008557091223114061,-0.0561556721436458
n3116_taper0.1,120800000.0,0.001118833560689329,0.005594580555361727,-0.0523909642702776
n3116_taper0.1,121100000.0,0.0007651171256929314,0.003227026864784849,-0.038313521389528336
n3116_taper0.1,121400000.0,0.00039612851924844696,0.002259845117253411,-0.017110857229977523
n3116_taper0.1,121700000.0,0.00037408945326593057,0.0031427521168338295,0.0054284900381472365
n3116_taper0.1,122000000.0,0.0007744149259068039,0.005792612447472015,0.02252563467699072
n3116_taper0.1,122300000.0,0.0012097782207753178,0.009574557016932893,0.028467407873484715
n3116_taper0.1,122600000.0,0.0015911979765038983,0.013457254971067386,0.020465646212585804
n3116_taper0.1,122900000.0,0.0018785598800317791,0.016301600031457194,-0.00028383728077854207
n3116_taper0.1,123200000.0,0.0020444773779729735,0.017198482352395864,-0.02870663790652476
n3116_taper0.1,123500000.0,0.0020717327758138712,0.01575477632877265,-0.05713219637241256
n3116_taper0.1,123800000.0,0.0019537046207556428,0.012240243219577677,-0.07741746565872867
n3116_taper0.1,124100000.0,0.0016947385020601455,0.0075458443168695795,-0.08332395685829365
n3116_taper0.1,124400000.0,0.00130991216291019,0.0029558852968464026,-0.07246219983186482
n3116_taper0.1,124700000.0,0.0008241674520172576,-0.0002093359630847998,-0.04720169291254605
n3116_taper0.1,125000000.0,0.0002724918730283491,-0.0009808585104598192,-0.014209819525084696
n3116_taper0.1,125300000.0,0.00032177756818610107,0.0009578644780735186,0.017318885020686375
n3116_taper0.1,125600000.0,0.0008935253551868653,0.005152726225290238,0.03826366438910545
n3116_taper0.1,125900000.0,0.001415453603955395,0.01048636854690794,0.04224170273134038
n3116_taper0.1,126200000.0,0.0018478912807616545,0.015483678475344683,0.02753001231105492
n3116_taper0.1,126500000.0,0.0021587004485913697,0.01872668883021504,-0.0023330431842984033
n3116_taper0.1,126800000.0,0.0023242703219044886,0.019259031542368237,-0.03944447448865339
n3116_taper0.1,127100000.0,0.0023312136724687083,0.01686560296322319,-0.07368069735047408
n3116_taper0.1,127400000.0,0.002177446493055667,0.012148907089732125,-0.09550194112139253
n3116_taper0.1,127700000.0,0.0018725367701909563,0.006377622273919018,-0.09865356050418239
n3116_taper0.1,128000000.0,0.0014374740669789521,0.0011432607437686828,-0.08200976784342462
n3116_taper0.1,128300000.0,0.0009050721843664011,-0.0020846707673211093,-0.050006749645964674
n3116_taper0.1,128600000.0,0.00033946648860387765,-0.002380049797056009,-0.011485732740419296
n3116_taper0.1,128900000.0,0.00039959519467199476,0.0003671226100368118,0.02276619600778051
n3116_taper0.1,129200000.0,0.0009766899595706079,0.005411414147770194,0.0430742766301451
n3116_taper0.1,129500000.0,0.0015143613327544202,0.0113599087549484,0.043627664115490905
n3116_taper0.1,129800000.0,0.001954868856151233,0.016564928316971046,0.024116670976354296
n3116_taper0.1,130100000.0,0.0022644188476295198,0.019585414441182163,-0.010197087858111504
n3116_taper0.1,130400000.0,0.0024203894832654092,0.019586036842052096,-0.049962365231019774
n3116_taper0.1,130700000.0,0.0024114534149729688,0.016566058569160533,-0.08433327504967758
n3116_taper0.1,131000000.0,0.002238081617482588,0.011358553222341965,-0.10396271538711718
n3116_taper0.1,131300000.0,0.0019124708944269833,0.005400662037670973,-0.10358768253768541
n3116_taper0.1,131600000.0,0.0014578577715914304,0.0003352825411457317,-0.08349820702368713
n3116_taper0.1,131900000.0,0.0009079719412825728,-0.00244785903144614,-0.04946132108757757
n3116_taper0.1,132200000.0,0.00031894168919795174,-0.002201987532279219,-0.011092418276835148
n3116_taper0.1,132500000.0,0.000381069999642743,0.0009703740753400318,0.02087305875398579
n3116_taper0.1,132800000.0,0.000966301602267939,0.006155462251824982,0.03760885414567163
n3116_taper0.1,133100000.0,0.0014981619453728172,0.01189667775878052,0.034637195658453676
n3116_taper0.1,133400000.0,0.001927522339056381,0.016609946373175154,0.012988250752364337
n3116_taper0.1,133700000.0,0.0022236316844634293,0.019023427184229145,-0.02120318377197878
n3116_taper0.1,134000000.0,0.0023664345605847073,0.01851931118308768,-0.0584914296453656
n3116_taper0.1,134300000.0,0.002346995168454458,0.015288979434804385,-0.08876896298777626
n3116_taper0.1,134600000.0,0.002167848371585572,0.010265406533131979,-0.10403957992151902
n3116_taper0.1,134900000.0,0.0018426739329302922,0.004854721887060747,-0.10057259595504979
n3116_taper0.1,135200000.0,0.001395234168928391,0.0005410486351239687,-0.07985883477664218
n3116_taper0.1,135500000.0,0.000857694048112716,-0.0015258985322057893,-0.048104796188094184
n3116_taper0.1,135800000.0,0.00026958654804391195,-0.0008437162875753196,-0.014409459291736596
n3116_taper0.1,136100000.0,0.00033764865559022237,0.0023186345546159937,0.011842054539480939
n3116_taper0.1,136400000.0,0.0009072826651557784,0.007018194581390601,0.02359819351898165
n3116_taper0.1,136700000.0,0.0014090834790398163,0.011921877794618937,0.018016779281694102
n3116_taper0.1,137000000.0,0.001808498950024985,0.01568805342209759,-0.002906689689012347
n3116_taper0.1,137300000.0,0.0020795502386952696,0.01733424334035051,-0.03307179598522306
n3116_taper0.1,137600000.0,0.002205740650465542,0.016490933552568462,-0.06409507230866267
n3116_taper0.1,137900000.0,0.0021810752153268165,0.013478734019637676,-0.08767639865398917
n3116_taper0.1,138200000.0,0.0020104633238793006,0.009195697618622224,-0.09785431190050331
n3116_taper0.1,138500000.0,0.0017095974945756597,0.004851336132546696,-0.09254883565995389
n3116_taper0.1,138800000.0,0.0013049606892967711,0.001623585021984385,-0.0739906716594873
n3116_taper0.1,139100000.0,0.0008376605800009734,0.0003354276883761138,-0.04794245970797584
n3116_taper0.1,139400000.0,0.00040910970398918737,0.001241922535305188,-0.02196029061188435
n3116_taper0.1,139700000.0,0.0004623471913788015,0.003985172051731238,-0.0032209980260819327
n3116_taper0.1,140000000.0,0.0008916284184896577,0.007723519299633242,0.00344374330300496
n3116_taper0.1,140300000.0,0.0013133254770347944,0.01138930033764688,-0.0032455394839517654
n3116_taper0.1,140600000.0,0.001653162505177917,0.013994621361184142,-0.020864766846873998
n3116_taper0.1,140900000.0,0.0018819248806391056,0.014896780481094258,-0.04416449988165227
n3116_taper0.1,141200000.0,0.0019851395975705017,0.01395307223409187,-0.06666803017628307
n3116_taper0.1,141500000.0,0.001959825605564576,0.0115299561099147,-0.08250864733378681
n3116_taper0.1,141800000.0,0.0018141066627647164,0.00837270810255473,-0.08799380601611288
n3116_taper0.1,142100000.0,0.0015676385486365027,0.005378553227700228,-0.08248454024923009
n3116_taper0.1,142400000.0,0.0012541653591836123,0.0033406226578076726,-0.06838165003472771
n3116_taper0.1,142700000.0,0.0009322841932875965,0.002735796718176166,-0.050266195095032815
n3116_taper0.1,143000000.0,0.0007175329635400531,0.003614329861313418,-0.03348189993481726
n3116_taper0.1,143300000.0,0.0007577051658515295,0.005616965915518939,-0.022597697081716044
n3116_taper0.1,143600000.0,0.0009981037261901917,0.00810623327954069,-0.020200227060458598
n3116_taper0.1,143900000.0,0.0012796457674016006,0.010365811331756257,-0.026338435595178778
n3116_taper0.1,144200000.0,0.0015189861392919744,0.011805600969894858,-0.03872624735129942
n3116_taper0.1,144500000.0,0.001680352279125532,0.012113918795383486,-0.053581628185075524
n3116_taper0.1,144800000.0,0.00174978526594871,0.011318513443209721,-0.06681072257534663
n3116_taper0.1,145100000.0,0.0017274480594063593,0.009747071177386015,-0.07517454774123447
n3116_taper0.1,145400000.0,0.0016255231385955515,0.00790680230521207,-0.07711057556661678
n3116_taper0.1,145700000.0,0.001468044460606142,0.006324052558989086,-0.07300392177257253
n3116_taper0.1,146000000.0,0.0012917755779648975,0.005393436613018398,-0.06487539778230747
n3116_taper0.1,146300000.0,0.001145805868384411,0.005279753243931316,-0.05562670179495985
n3116_taper0.1,146600000.0,0.0010801143615216014,0.005897057906617659,-0.0481051770210689
n3116_taper0.1,146900000.0,0.001114095163825936,0.006963957322664768,-0.04428492530359308
n3116_taper0.1,147200000.0,0.0012185045382393427,0.008110888823457906,-0.04480016790499192
n3116_taper0.1,147500000.0,0.001343618867336961,0.009001332706068808,-0.04893641041594854
n3116_taper0.1,147800000.0,0.0014502085126767328,0.009428274303278186,-0.055033111502013725
n3116_taper0.1,148100000.0,0.001517124170682466,0.009358725259418173,-0.061128460555329535
n3116_taper0.1,148400000.0,0.0015388864341462352,0.008917958656349298,-0.06561784227480633
n3116_taper0.1,148700000.0,0.0015223580466686675,0.008324884787586587,-0.06771456921547048
n3116_taper0.1,149000000.0,0.0014834729690971445,0.007804627202584017,-0.0675832770197506
n3116_taper0.1,149300000.0,0.0014427761043215932,0.00750967689296346,-0.06613381110798122
n3116_taper0.1,149600000.0,0.0014187458403612848,0.007475766051644501,-0.06457768649123612
n3116_taper0.1,149900000.0,0.0014202496378494319,0.007624925663331506,-0.0639230660011285
n3116_taper0.1,150200000.0,0.0014427588204009205,0.0078109747969130625,-0.06459428837734238
n3116_taper0.1,150500000.0,0.0014717248040790592,0.007887965281763658,-0.06630727670715864
n3116_taper0.1,150800000.0,0.0014904645531002294,0.007774842403157725,-0.06823424496351428
n3116_taper0.1,151100000.0,0.001487420806301494,0.007491949239683593,-0.06938548906481422
n3116_taper0.1,151400000.0,0.0014605603346500573,0.007155810324052599,-0.06905894392853988
n3116_taper0.1,151700000.0,0.0014191109510837893,0.0069339781756851335,-0.06718477091862661
n3116_taper0.1,152000000.0,0.0013824466652100015,0.0069763734366855125,-0.06442957825109578
n3116_taper0.1,152300000.0,0.0013743016574026907,0.0073485230916937126,-0.0620103715405891
n3116_taper0.1,152600000.0,0.0014114348097667253,0.007992224229652903,-0.061273292169069786
n3116_taper0.1,152900000.0,0.0014927904519194475,0.008730177707987216,-0.06318041245187109
n3116_taper0.1,153200000.0,0.0015990600184157817,0.009315980693335009,-0.06788778216806154
n3116_taper0.1,153500000.0,0.0017021195892505,0.009514739542169004,-0.07457444928364629
n3116_taper0.1,153800000.0,0.0017750310667356453,0.009188048540458847,-0.08160246022664099
n3116_taper0.1,154100000.0,0.0017979636361304702,0.008354129419485897,-0.08697827009096105
n3116_taper0.1,154400000.0,0.0017611717264213226,0.007200612315976013,-0.08898226688723349
n3116_taper0.1,154700000.0,0.0016670859306570538,0.006041808057080792,-0.08676858108967819
n3116_taper0.1,155000000.0,0.0015327949920450595,0.005230106139756187,-0.08073371988446106
n3116_taper0.1,155300000.0,0.0013930227764090632,0.005046893733869603,-0.07251418769358105
n3116_taper0.1,155600000.0,0.00129938658889657,0.0056069257916473575,-0.06458478455732615
n3116_taper0.1,155900000.0,0.0013023800091607873,0.006808028479762973,-0.059557778204550244
n3116_taper0.1,156200000.0,0.0014139852739527745,0.008345312242584512,-0.05938667414568602
n3116_taper0.1,156500000.0,0.0015965772524528484,0.00978938880825489,-0.06472032251034769
n3116_taper0.1,156800000.0,0.0017943610687440727,0.01070777621842871,-0.07461711435307225
n3116_taper0.1,157100000.0,0.001959672965438144,0.010794385189162497,-0.08672549331653859
n3116_taper0.1,157400000.0,0.0020594702882561306,0.009968213396035834,-0.09789855705170995
n3116_taper0.1,157700000.0,0.002074886146281699,0.00841018347180776,-0.10507900775985167
n3116_taper0.1,158000000.0,0.002000762635914805,0.006524174735855273,-0.10620387639781736
n3116_taper0.1,158300000.0,0.0018466169818583185,0.00483008785865144,-0.10086123335002353
n3116_taper0.1,158600000.0,0.0016397390060128303,0.0038173551384963946,-0.09049128443488749
n3116_taper0.1,158900000.0,0.0014310899984355462,0.0038006492246743886,-0.07804978619293634
n3116_taper0.1,159200000.0,0.0012980830761681477,0.00482100427944631,-0.06721009733830403
n3116_taper0.1,159500000.0,0.0013146861509451264,0.006623691326384738,-0.06132396413998947
n3116_taper0.1,159800000.0,0.0014826490234668979,0.00872196128164433,-0.0624423810617152
n3116_taper0.1,160100000.0,0.0017307303475332084,0.010530075122930548,-0.07068727974687122
n3116_taper0.1,160400000.0,0.0019810522519194676,0.011528167892193495,-0.08416484761708574
n3116_taper0.1,160700000.0,0.002178405693329069,0.011411873480272937,-0.09945471934814237
n3116_taper0.1,161000000.0,0.0022889131777094813,0.010183704618071008,-0.11254449772812528
n3116_taper0.1,161300000.0,0.002295725307676109,0.008159237636510521,-0.11995220711220092
n3116_taper0.1,161600000.0,0.002197385552422796,0.005884617082542776,-0.11972267896258848
n3116_taper0.1,161900000.0,0.0020085975896129743,0.003986740406254989,-0.11201203122845485
n3116_taper0.1,162200000.0,0.0017637209820752491,0.0029972561943568594,-0.09908301828338248
n3116_taper0.1,162500000.0,0.0015237748106855656,0.003200404473224225,-0.08469843054183622
n3116_taper0.1,162800000.0,0.0013791257621271632,0.004549238282771467,-0.07307576767191255
n3116_taper0.1,163100000.0,0.001410086298886609,0.006675548674845953,-0.06769988898509557
n3116_taper0.1,163400000.0,0.0016066234958522344,0.00899138120446007,-0.0703360122776006
n3116_taper0.1,163700000.0,0.0018817595786875193,0.010853127738203202,-0.08052688820676575
n3116_taper0.1,164000000.0,0.0021504110124401965,0.011741330969374856,-0.09571546248938084
n3116_taper0.1,164300000.0,0.002355757149479234,0.01140555981680155,-0.11195488179016759
n3116_taper0.1,164600000.0,0.002464760900379734,0.009934199254402547,-0.12500483510007698
n3116_taper0.1,164900000.0,0.002462860058403995,0.0077300412914831735,-0.1315093319045711
n3116_taper0.1,165200000.0,0.002352057062187712,0.005398369240088654,-0.12992962820377352
n3116_taper0.1,165500000.0,0.00215161014106378,0.0035783436971604057,-0.120971461237286
n3116_taper0.1,165800000.0,0.0019013382466075246,0.002764714496433823,-0.10738371074109496
n3116_taper0.1,166100000.0,0.0016671005315649409,0.003170316637830538,-0.0931825330313165
n3116_taper0.1,166400000.0,0.0015377106407570415,0.004668595647464087,-0.08252156190106405
n3116_taper0.1,166700000.0,0.0015809414097806183,0.0068322111276157265,-0.07853266247700737
n3116_taper0.1,167000000.0,0.0017781830966443952,0.00905563792229081,-0.08246793086616676
n3116_taper0.1,167300000.0,0.002046025336530035,0.010725623935268823,-0.09338054159194176
n3116_taper0.1,167600000.0,0.002303830438403636,0.011390711753727266,-0.10842230950794746
n3116_taper0.1,167900000.0,0.0024971734424969094,0.010882821378661759,-0.12366112664863271
n3116_taper0.1,168200000.0,0.0025951354778368176,0.009358502945214751,-0.13518170024268553
n3116_taper0.1,168500000.0,0.0025858549943714743,0.007250115186491102,-0.14016221575249957
n3116_taper0.1,168800000.0,0.0024747227354403596,0.005141777255001317,-0.13763161594940687
n3116_taper0.1,169100000.0,0.0022847840721615764,0.003605352588401133,-0.12870245879494258
n3116_taper0.1,169400000.0,0.0020588211197521034,0.0030426477519876413,-0.11622082347545597
n3116_taper0.1,169700000.0,0.0018606540787124777,0.0035780760871537685,-0.10393955114737632
n3116_taper0.1,170000000.0,0.0017643687152573792,0.005031236087735491,-0.09545678242245349
n3116_taper0.25,20000000.0,0.004260177974595005,0.03684711236195056,0.01581244580476757
n3116_taper0.25,20300000.0,0.007892215495200042,-0.007758614948495608,-0.44948953259290303
n3116_taper0.25,20600000.0,0.014683114926903693,-0.10386019693518002,-0.4968832175654471
n3116_taper0.25,20900000.0,0.022240521477552844,-0.19532140998274627,0.025239036735106517
n3116_taper0.25,21200000.0,0.030404050971927433,-0.22065649130830423,0.9970117829921055
n3116_taper0.25,21500000.0,0.03893452125964007,-0.14207438122234234,2.044646004935977
n3116_taper0.25,21800000.0,0.04743214227753587,0.03279797213626885,2.7041447447072273
n3116_taper0.25,22100000.0,0.055423186099563135,0.2540701394395087,2.642994673975712
n3116_taper0.25,22400000.0,0.062453751736229704,0.4537760794281088,1.786367763608334
n3116_taper0.25,22700000.0,0.06816719932555604,0.5709904874517243,0.3038317041069163
n3116_taper0.25,23000000.0,0.07236210806597433,0.5659382361076466,-1.471063556376839
n3116_taper0.25,23300000.0,0.07502955306618751,0.4253840576865989,-3.118366484888526
n3116_taper0.25,23600000.0,0.07636602621547314,0.16589581994177666,-4.19436239400161
n3116_taper0.25,23900000.0,0.07675436527034421,-0.1621001095630736,-4.309228506990796
n3116_taper0.25,24200000.0,0.07670197844831864,-0.47410908332475254,-3.2583038338333075
n3116_taper0.25,24500000.0,0.07673018131212479,-0.6683495382509735,-1.1946513716851128
n3116_taper0.25,24800000.0,0.07723043087869223,-0.6686567952021799,1.2973541944883127
n3116_taper0.25,25100000.0,0.07833891729181656,-0.4705708399844974,3.4108442515154485
n3116_taper0.25,25400000.0,0.07989498484524202,-0.1446104100808122,4.517436771352899
n3116_taper0.25,25700000.0,0.08150751430159886,0.20683215523814222,4.409546057348615
n3116_taper0.25,26000000.0,0.08268833381454642,0.4942138686622538,3.252130323326014
n3116_taper0.25,26300000.0,0.0829879404009336,0.6598412445237923,1.4144717952713055
n3116_taper0.25,26600000.0,0.08209375362245663,0.678210382472795,-0.6615309605823922
n3116_taper0.25,26900000.0,0.07988368610347622,0.5518412562051738,-2.5308212967196697
n3116_taper0.25,27200000.0,0.0764429705188618,0.30936964769415554,-3.788421560198831
n3116_taper0.25,27500000.0,0.07205240368336602,0.005470695414014277,-4.127733570448459
n3116_taper0.25,27800000.0,0.06715012078194732,-0.28333228333046906,-3.4356360239772394
n3116_taper0.25,28100000.0,0.06226181734722898,-0.4758749075944728,-1.8938516560611665
n3116_taper0.25,28400000.0,0.05789184937876446,-0.517978270141868,0.01687559882056238
n3116_taper0.25,28700000.0,0.054382757380591666,-0.40964625496336704,1.6954899530332612
n3116_taper0.25,29000000.0,0.051791821484259204,-0.2024429041832407,2.689122724657182
n3116_taper0.25,29300000.0,0.04986452357489522,0.030548065826251615,2.8451717739601747
n3116_taper0.25,29600000.0,0.04813894596830653,0.2254582322818083,2.280627312512373
n3116_taper0.25,29900000.0,0.046117465266720996,0.3426547477425588,1.2658348328036735
n3116_taper0.25,30200000.0,0.043410188877497584,0.3686783051037209,0.11780320283391299
n3116_taper0.25,30500000.0,0.039807337637098116,0.3127559192577891,-0.8725448548308974
n3116_taper0.25,30800000.0,0.03529146526621314,0.20168038856335624,-1.4916490323573977
n3116_taper0.25,31100000.0,0.030015199692958138,0.07287060275453992,-1.6437571779730464
n3116_taper0.25,31400000.0,0.024263911798487685,-0.0355936402664751,-1.3731754142331782
n3116_taper0.25,31700000.0,0.01841551117235961,-0.09681618135162766,-0.8473061888487698
n3116_taper0.25,32000000.0,0.012909067983867085,-0.10386049627839061,-0.2902810353501097
n3116_taper0.25,32300000.0,0.00824672597561225,-0.07003794593490925,0.10780212501176052
n3116_taper0.25,32600000.0,0.005074321548129986,-0.020439693634728938,0.2579700881183077
n3116_taper0.25,32900000.0,0.003979008112634467,0.01987626687954258,0.18618770107802252
n3116_taper0.25,33200000.0,0.004057221649551581,0.03516890946118821,0.001070090325667356
n3116_taper0.25,33500000.0,0.0038709997997651655,0.023241212187284872,-0.1598644230694636
n3116_taper0.25,33800000.0,0.0032856461533327997,-0.005261117000585977,-0.18508521483221663
n3116_taper0.25,34100000.0,0.003680835005973401,-0.03165996109416724,-0.03200729817825108
n3116_taper0.25,34400000.0,0.006137454517981739,-0.03702514865912065,0.2540397019305365
n3116_taper0.25,34700000.0,0.009761628732501637,-0.010548592177610516,0.5552993701272312
n3116_taper0.25,35000000.0,0.013791029061153424,0.04513865405614788,0.7297113447086139
n3116_taper0.25,35300000.0,0.0177438826088192,0.11447972277465288,0.6706556373963737
n3116_taper0.25,35600000.0,0.0212492411204663,0.17485471016067702,0.34976255976922926
n3116_taper0.25,35900000.0,0.024023714515883435,0.20455036057972592,-0.1727517615830193
n3116_taper0.25,36200000.0,0.025884467339629787,0.18960934350374614,-0.7665465885463879
n3116_taper0.25,36500000.0,0.026767726499481802,0.1280938324624153,-1.2664230769463694
n3116_taper0.25,36800000.0,0.026745147660589573,0.03155915071314626,-1.5154143109542304
n3116_taper0.25,37100000.0,0.026034238044497754,-0.07649946739929818,-1.4107315601865171
n3116_taper0.25,37400000.0,0.024994147991232486,-0.16593088495806307,-0.944611994864378
n3116_taper0.25,37700000.0,0.024083159875296065,-0.20899086384601695,-0.22312521143006878
n3116_taper0.25,38000000.0,0.023741052684130574,-0.1906448528387989,0.5566163472867655
n3116_taper0.25,38300000.0,0.024203980810831492,-0.11495042084967662,1.17212428997516
n3116_taper0.25,38600000.0,0.02537997160424126,-0.0035060859207627516,1.4543139263795897
n3116_taper0.25,38900000.0,0.02691354310618745,0.1129118489389761,1.3388349201211789
n3116_taper0.25,39200000.0,0.028366108205145405,0.20446095406500095,0.8723089771827803
n3116_taper0.25,39500000.0,0.029359221640422612,0.24979071677065645,0.18509498765023466
n3116_taper0.25,39800000.0,0.029637628165450618,0.2398722566477177,-0.548827938866524
n3116_taper0.25,40100000.0,0.029083714362322047,0.1788842763222429,-1.1523041998038133
n3116_taper0.25,40400000.0,0.02771334890990984,0.08296369367692376,-1.4825479155977705
n3116_taper0.25,40700000.0,0.0256662707276736,-0.02317607530239025,-1.4646145870183682
n3116_taper0.25,41000000.0,0.02319452899689747,-0.11210584754020597,-1.1145501368694333
n3116_taper0.25,41300000.0,0.02064553853776728,-0.1614309610951993,-0.5399403021059869
n3116_taper0.25,41600000.0,0.018422774305834305,-0.16090915545061338,0.09142659237977736
n3116_taper0.25,41900000.0,0.016887490821797274,-0.1154184536323401,0.6075207729238065
n3116_taper0.25,42200000.0,0.016191155653909224,-0.042079886890424585,0.8875502584513689
n3116_taper0.25,42500000.0,0.016162832460132854,0.03666812241736021,0.8919019413508072
n3116_taper0.25,42800000.0,0.016407812990962965,0.10039490350858568,0.6595889569075305
n3116_taper0.25,43100000.0,0.016519247555931902,0.135726470962109,0.2834550382749315
n3116_taper0.25,43400000.0,0.016208505602940383,0.13842652342798084,-0.12249037608827931
n3116_taper0.25,43700000.0,0.015330378738133282,0.11298712822928314,-0.4539394966199753
n3116_taper0.25,44000000.0,0.013863145934886271,0.07038109650979604,-0.6405335301354915
n3116_taper0.25,44300000.0,0.011879928915133444,0.024516410014740458,-0.660194479845012
n3116_taper0.25,44600000.0,0.009521545577194132,-0.011909017183685824,-0.5402388187659752
n3116_taper0.25,44900000.0,0.006972479722793959,-0.031041532882770565,-0.3438589664545772
n3116_taper0.25,45200000.0,0.004442377405320118,-0.03172680119236927,-0.14568041202546844
n3116_taper0.25,45500000.0,0.002174607137717298,-0.01889007732156184,-0.005570572617667055
n3116_taper0.25,45800000.0,0.0008622187365085227,-0.000854720577321956,0.04908115579887574
n3116_taper0.25,46100000.0,0.0016944891673041185,0.014123270875916706,0.027041341632951552
n3116_taper0.25,46400000.0,0.0024726575951653303,0.02074239700208965,-0.03608428006595575
n3116_taper0.25,46700000.0,0.002665139109255743,0.01811573572625927,-0.0948106821107907
n3116_taper0.25,47000000.0,0.002245072128429756,0.009571021650701375,-0.11199244333933352
n3116_taper0.25,47300000.0,0.0012739920438994002,0.0010194544881178755,-0.07267964477318364
n3116_taper0.25,47600000.0,0.0002552541366566399,-0.0015324661966607742,0.01057072646404116
n3116_taper0.25,47900000.0,0.0019036779951132562,0.005522404862320303,0.10277301010772227
n3116_taper0.25,48200000.0,0.0037644381535318744,0.021815970967058895,0.16029542795375507
n3116_taper0.25,48500000.0,0.005594728705270151,0.042964161191181016,0.14807727154904773
n3116_taper0.25,48800000.0,0.007229756279472428,0.06204351070251904,0.053575331311314894
n3116_taper0.25,49100000.0,0.008529944885976002,0.07196164677558699,-0.10749389486113292
n3116_taper0.25,49400000.0,0.009392162424995954,0.06785654621625004,-0.29491684171822163
n3116_taper0.25,49700000.0,0.009760449132568369,0.048799152211050766,-0.4553792976100595
n3116_taper0.25,50000000.0,0.009635619498017266,0.018369389755455993,-0.5380224859821091
n3116_taper0.25,50300000.0,0.009085347816759948,-0.016055448568882087,-0.5101577485031864
n3116_taper0.25,50600000.0,0.008257790627621194,-0.04521188322685177,-0.3688924903978361
n3116_taper0.25,50900000.0,0.007398496052839913,-0.06064699549659644,-0.14460070039685638
n3116_taper0.25,51200000.0,0.006841404109681462,-0.057407028876498144,0.10616151462702078
n3116_taper0.25,51500000.0,0.006880511639607084,-0.03573570385421883,0.316995455576461
n3116_taper0.25,51800000.0,0.00753541302568662,-0.0010828738047919631,0.43171620825413304
n3116_taper0.25,52100000.0,0.008540719366098798,0.037567196488256224,0.4207357774942083
n3116_taper0.25,52400000.0,0.00957432517051781,0.07034552417712113,0.28840320798751534
n3116_taper0.25,52700000.0,0.010392680294473685,0.08917480499638009,0.07017288093398637
n3116_taper0.25,53000000.0,0.010844392285250998,0.08973687747535125,-0.17802860195815148
n3116_taper0.25,53300000.0,0.010854807253629003,0.07237622981629432,-0.39453592356283146
n3116_taper0.25,53600000.0,0.010413594866795241,0.041870844869509025,-0.5272588574316589
n3116_taper0.25,53900000.0,0.009567627231991465,0.006160870169039054,-0.5464833289976216
n3116_taper0.25,54200000.0,0.00841826849468932,-0.025726741271661066,-0.45225544285184
n3116_taper0.25,54500000.0,0.0071246116451561875,-0.046097345669357984,-0.27396911923338685
n3116_taper0.25,54800000.0,0.0059140876050864915,-0.05066755324555054,-0.061532733283384204
n3116_taper0.25,55100000.0,0.005077836460419837,-0.03960491836687715,0.129537910506284
n3116_taper0.25,55400000.0,0.0048501758032774315,-0.017166594183794383,0.2540776038201501
n3116_taper0.25,55700000.0,0.005169986196768708,0.009864718337199848,0.28881061261210356
n3116_taper0.25,56000000.0,0.005720253147053504,0.03430481539963875,0.23619394283216208
n3116_taper0.25,56300000.0,0.006203192446937209,0.05051922925124508,0.12056213786991747
n3116_taper0.25,56600000.0,0.00644207625425204,0.05568495510034764,-0.021012531469235086
n3116_taper0.25,56900000.0,0.0063577435269190985,0.05015617463168036,-0.1498904728319551
n3116_taper0.25,57200000.0,0.0059370068205969635,0.036976687069703536,-0.23606573303642442
n3116_taper0.25,57500000.0,0.005212595905890081,0.020747711829230714,-0.26505493559477916
n3116_taper0.25,57800000.0,0.0042497127359530425,0.00618075636802311,-0.23996525041760508
n3116_taper0.25,58100000.0,0.0031353244082603384,-0.0032538109536444162,-0.17838798167467618
n3116_taper0.25,58400000.0,0.0019694165469592044,-0.006183147179852597,-0.10525311436846357
n3116_taper0.25,58700000.0,0.0008663669821172756,-0.0034473879873939423,-0.04413500750349737
n3116_taper0.25,59000000.0,0.00033737301896704947,0.002507443384785146,-0.00999831992753295
n3116_taper0.25,59300000.0,0.001005216389604365,0.008684467883896478,-0.0056654665826371756
n3116_taper0.25,59600000.0,0.0015092023109475796,0.012637120228322632,-0.0227486128502981
n3116_taper0.25,59900000.0,0.0017270095265500866,0.01325164023722564,-0.04620762424758468
n3116_taper0.25,60200000.0,0.0016513595272248875,0.010994764401715497,-0.06066972881173536
n3116_taper0.25,60500000.0,0.0013163282673774837,0.007594992163471966,-0.05633140323701878
n3116_taper0.25,60800000.0,0.0008335893548451098,0.005295507323574016,-0.032550501262772716
n3116_taper0.25,61100000.0,0.0006853698936643304,0.0059433031545413455,0.0019972809576083426
n3116_taper0.25,61400000.0,0.0013090824287730152,0.010232471718588862,0.03260633729098352
n3116_taper0.25,61700000.0,0.00214490853305133,0.017370133082862085,0.0440916310857601
n3116_taper0.25,62000000.0,0.0029519005848502814,0.02528288599004625,0.026605761987331486
n3116_taper0.25,62300000.0,0.0036258399734741143,0.03128550371893245,-0.020331355384565004
n3116_taper0.25,62600000.0,0.004096285138746627,0.032976454083368786,-0.08693347757386749
n3116_taper0.25,62900000.0,0.004316998033556111,0.02906522984308254,-0.15561647232198722
n3116_taper0.25,63200000.0,0.004267254136636217,0.01987614070178782,-0.20603721229154706
n3116_taper0.25,63500000.0,0.003954978497231597,0.0073757964788862505,-0.22122038350981446
n3116_taper0.25,63800000.0,0.0034223335984992637,-0.005298995973282851,-0.19300549822986768
n3116_taper0.25,64100000.0,0.002760909634311111,-0.014699793462529904,-0.12515419526096686
n3116_taper0.25,64400000.0,0.002156937490110844,-0.018074731962827863,-0.033003449859063574
n3116_taper0.25,64700000.0,0.00194589507124418,-0.014217362390132984,0.06045949514456996
n3116_taper0.25,65000000.0,0.0023292448782717564,-0.003873873136965047,0.1310169408273557
n3116_taper0.25,65300000.0,0.0030436817846141414,0.010433311435398867,0.1601214674683734
n3116_taper0.25,65600000.0,0.003791272645974623,0.02510491378556511,0.14009220988628643
n3116_taper0.25,65900000.0,0.004411410739865756,0.036455002831998956,0.07609542861477761
n3116_taper0.25,66200000.0,0.0048189380024459645,0.04169051110643636,-0.015466558251201308
n3116_taper0.25,66500000.0,0.004969997484226334,0.039616564603217844,-0.11147646304345622
n3116_taper0.25,66800000.0,0.004850970297615095,0.03090479495834978,-0.18819408162179918
n3116_taper0.25,67100000.0,0.004474536201534141,0.017877945574144974,-0.22734104667925248
n3116_taper0.25,67400000.0,0.0038780165016616772,0.0038740013631017823,-0.22066983236256554
n3116_taper0.25,67700000.0,0.0031244031409308854,-0.0076478425906024985,-0.17184185251841097
n3116_taper0.25,68000000.0,0.0023131119249201657,-0.014021269242325845,-0.09507131184463491
n3116_taper0.25,68300000.0,0.001627066813508201,-0.014047303937030336,-0.0108884544109981
n3116_taper0.25,68600000.0,0.00140792952661098,-0.00823192376773655,0.059707124335674856
n3116_taper0.25,68900000.0,0.0017692214214483565,0.0014700106218166684,0.10089545908673023
n3116_taper0.25,69200000.0,0.0023286434070140067,0.012297440120736396,0.10581016718379531
n3116_taper0.25,69500000.0,0.002823210741628342,0.021490250805642385,0.07749493929704669
n3116_taper0.25,69800000.0,0.003150696096796327,0.027014177238742425,0.027068409617666146
n3116_taper0.25,70100000.0,0.0032729311873043506,0.028013774650293248,-0.030080518235624718
n3116_taper0.25,70400000.0,0.0031846371689575777,0.02490285188707392,-0.07882940767231875
n3116_taper0.25,70700000.0,0.002903559979338955,0.01910541296503173,-0.1083167773740318
n3116_taper0.25,71000000.0,0.0024658367542551387,0.01254718750486914,-0.11437441595625723
n3116_taper0.25,71300000.0,0.0019235098009638787,0.007056778095466816,-0.0998464175578665
n3116_taper0.25,71600000.0,0.0013469959424839727,0.0038545021767861917,-0.07285052051787155
n3116_taper0.25,71900000.0,0.0008501605292972725,0.0032755750819642602,-0.0436458879081056
n3116_taper0.25,72200000.0,0.0006646276733827727,0.004795377158516693,-0.02118276599742188
n3116_taper0.25,72500000.0,0.0008629886599035598,0.007323131628141458,-0.010454378042066793
n3116_taper0.25,72800000.0,0.001128806374445731,0.009644890461613652,-0.011427792796659562
n3116_taper0.25,73100000.0,0.0012975867482552124,0.010858452098635743,-0.01974950271422492
n3116_taper0.25,73400000.0,0.0013272657603450682,0.010659924773572159,-0.02883542765459656
n3116_taper0.25,73700000.0,0.0012230061830063616,0.009400476943679178,-0.032553783438986086
n3116_taper0.25,74000000.0,0.0010304607258923987,0.007909195810632135,-0.027581071262618426
n3116_taper0.25,74300000.0,0.0008625349939264214,0.0071514737737458246,-0.014659122905649684
n3116_taper0.25,74600000.0,0.0009038431138217515,0.007843167335108227,0.0016463885678277596
n3116_taper0.25,74900000.0,0.0011971481752536925,0.010154196940391463,0.014587671886727053
n3116_taper0.25,75200000.0,0.00159775151185968,0.013604786672937588,0.017705258894583478
n3116_taper0.25,75500000.0,0.0019852569913334814,0.017191337101871578,0.00727369157934904
n3116_taper0.25,75800000.0,0.0022880599478653533,0.01970042443377536,-0.016114263619807823
n3116_taper0.25,76100000.0,0.0024609663741138594,0.02010759874072248,-0.04736007354204716
n3116_taper0.25,76400000.0,0.0024769537505377227,0.017932777970954026,-0.07814362743560214
n3116_taper0.25,76700000.0,0.002325130855984902,0.013439921077599396,-0.09929956632750431
n3116_taper0.25,77000000.0,0.0020101705038445277,0.007615818865979721,-0.103584374229203
n3116_taper0.25,77300000.0,0.0015521755141389261,0.0019265633577720748,-0.08801045853203232
n3116_taper0.25,77600000.0,0.0009897466690852413,-0.0020845748323966044,-0.05502291845739156
n3116_taper0.25,77900000.0,0.0004289580737899467,-0.0032433368760407693,-0.012106095213118052
n3116_taper0.25,78200000.0,0.0005408724791257578,-0.001100279269566047,0.03012982986178977
n3116_taper0.25,78500000.0,0.0011539867242605507,0.003915897462152772,0.0608478376078147
n3116_taper0.25,78800000.0,0.0017526512880256119,0.010597871324229374,0.07200453875212667
n3116_taper0.25,79100000.0,0.0022555030543061514,0.017282399927190634,0.06058836947422604
n3116_taper0.25,79400000.0,0.0026214743224633437,0.022298500160579222,0.029435691102700338
n3116_taper0.25,79700000.0,0.0028243360464860934,0.024410949202158427,-0.013565074355414262
n3116_taper0.25,80000000.0,0.0028510874311562188,0.02313799019109237,-0.05760784340660836
n3116_taper0.25,80300000.0,0.002701967743071916,0.01886288873552749,-0.09182779838463821
n3116_taper0.25,80600000.0,0.0023899996718492337,0.012715828176111721,-0.10811385437949134
n3116_taper0.25,80900000.0,0.0019397648296222872,0.00626173517261136,-0.10313665601309806
n3116_taper0.25,81200000.0,0.0013855690538796014,0.001079794997887694,-0.07906213020657697
n3116_taper0.25,81500000.0,0.0007702076147036357,-0.001649553668674278,-0.04277144108658168
n3116_taper0.25,81800000.0,0.00017822043291920242,-0.0014351774021558006,-0.003829192897148175
n3116_taper0.25,82100000.0,0.0005190695611321926,0.0014356929700652863,0.028189745514304854
n3116_taper0.25,82400000.0,0.0010644575266720478,0.006026851910494707,0.04622290787553561
n3116_taper0.25,82700000.0,0.001518399398555333,0.011051167697223571,0.04738002244528495
n3116_taper0.25,83000000.0,0.001850175135868192,0.015240447746210908,0.03333265231890139
n3116_taper0.25,83300000.0,0.0020439314274016186,0.0176775759710359,0.009431458076743763
n3116_taper0.25,83600000.0,0.0020961434150276524,0.01800252626195418,-0.01709061124716466
n3116_taper0.25,83900000.0,0.0020155854340184317,0.01644717110412801,-0.03925344147509121
n3116_taper0.25,84200000.0,0.0018232421476455307,0.013704327055046706,-0.05218685918912942
n3116_taper0.25,84500000.0,0.0015526006383141916,0.01068121811107604,-0.05421625552214214
n3116_taper0.25,84800000.0,0.0012518782459934518,0.008216521736640654,-0.0469291663058967
n3116_taper0.25,85100000.0,0.0009899784013436262,0.006846360749396397,-0.03428183751049372
n3116_taper0.25,85400000.0,0.0008535136120717003,0.00668563294386991,-0.02108830946932153
n3116_taper0.25,85700000.0,0.0008811087579678258,0.007451943970355101,-0.011406228009510072
n3116_taper0.25,86000000.0,0.0010003148126533758,0.00861283600011887,-0.007334845651477931
n3116_taper0.25,86300000.0,0.0011158319091043919,0.009599028382219618,-0.008574374401747055
n3116_taper0.25,86600000.0,0.0011745999176980251,0.010009420944021317,-0.012827432283363784
n3116_taper0.25,86900000.0,0.001160097083651513,0.009741517551038751,-0.016849132209328065
n3116_taper0.25,87200000.0,0.0010830697247831257,0.009008897183632703,-0.017758525899877718
n3116_taper0.25,87500000.0,0.0009813903766476791,0.008245318152106733,-0.014160951573621528
n3116_taper0.25,87800000.0,0.0009210369598888826,0.007931449783847052,-0.00670791853632746
n3116_taper0.25,88100000.0,0.0009687756032059962,0.008404649123905207,0.0020879726090065774
n3116_taper0.25,88400000.0,0.0011296744972212759,0.009717278841676046,0.00871788377460891
n3116_taper0.25,88700000.0,0.0013467685332952536,0.011592765693728578,0.00992911858057843
n3116_taper0.25,89000000.0,0.0015565052238330772,0.013495904521003996,0.003942491898991533
n3116_taper0.25,89300000.0,0.0017117721462041053,0.014795904925939718,-0.008776378281777453
n3116_taper0.25,89600000.0,0.0017814087782083352,0.014970379476157267,-0.025456405651080632
n3116_taper0.25,89900000.0,0.0017474789321566483,0.013785507318651462,-0.041708211052675526
n3116_taper0.25,90200000.0,0.0016039007395702287,0.011394943581475789,-0.052763963858813254
n3116_taper0.25,90500000.0,0.0013559205021002748,0.008324255898503606,-0.054905235864511105
n3116_taper0.25,90800000.0,0.0010206603036717141,0.005341346383888543,-0.046651201330844924
n3116_taper0.25,91100000.0,0.0006341381910284532,0.003247381420276866,-0.02933875141182565
n3116_taper0.25,91400000.0,0.00032779618522586523,0.002647893767440429,-0.006895528080665465
n3116_taper0.25,91700000.0,0.0005085921078492694,0.0037719835768658875,0.015155460720204423
n3116_taper0.25,92000000.0,0.0009159207027682692,0.006394975067770393,0.031184442161421657
n3116_taper0.25,92300000.0,0.0013097198947174787,0.009889271788449923,0.03700485132629396
n3116_taper0.25,92600000.0,0.0016351434530698667,0.013389308821757585,0.031032398189560394
n3116_taper0.25,92900000.0,0.0018642071601417114,0.016022658222056594,0.014722943140454352
n3116_taper0.25,93200000.0,0.001980144805044596,0.017141373563488597,-0.007823334878796658
n3116_taper0.25,93500000.0,0.00197576529656468,0.016489832027558077,-0.030965456182770856
n3116_taper0.25,93800000.0,0.0018533105461585625,0.014264997733161727,-0.04901763059630845
n3116_taper0.25,94100000.0,0.0016243331574965218,0.011055298285100221,-0.05772708529181874
n3116_taper0.25,94400000.0,0.0013097775838239731,0.007677022024746363,-0.05533749779916424
n3116_taper0.25,94700000.0,0.0009423550863063907,0.004954451888756839,-0.04295914709366864
n3116_taper0.25,95000000.0,0.0005837570704172912,0.003504960933837945,-0.024159775443592355
n3116_taper0.25,95300000.0,0.00041880208017736515,0.0035882902898239843,-0.003909960014463794
n3116_taper0.25,95600000.0,0.0006240848180582092,0.005059811890826422,0.012800326857383235
n3116_taper0.25,95900000.0,0.0009406339197678663,0.007436188392630059,0.022270941465947457
n3116_taper0.25,96200000.0,0.0012250574118702281,0.01004866591100748,0.02296290794538126
n3116_taper0.25,96500000.0,0.0014361028448241825,0.012235220214291378,0.015716645504204114
n3116_taper0.25,96800000.0,0.0015582550831854207,0.013515022726797063,0.003304619264511278
n3116_taper0.25,97100000.0,0.0015889205143536126,0.013698058600797983,-0.010504269599624059
n3116_taper0.25,97400000.0,0.0015359569825857669,0.012904648250758093,-0.022068101038710403
n3116_taper0.25,97700000.0,0.0014171091007280493,0.01149675260437747,-0.028852929812631805
n3116_taper0.25,98000000.0,0.0012600354760142975,0.009947660171745363,-0.03000440314233836
n3116_taper0.25,98300000.0,0.0011021344722507613,0.008692591981452835,-0.026377312870852893
n3116_taper0.25,98600000.0,0.0009863963585040139,0.008005821449996866,-0.020057009083203906
n3116_taper0.25,98900000.0,0.0009446094621377961,0.007939320863993926,-0.013557183974478866
n3116_taper0.25,99200000.0,0.000972976444883958,0.00833700923892476,-0.00896714917436841
n3116_taper0.25,99500000.0,0.0010347385710597669,0.008914190039978925,-0.007321000390697552
n3116_taper0.25,99800000.0,0.001089407922945446,0.009371785976230857,-0.008373902876823608
n3116_taper0.25,100100000.0,0.0011112017191404712,0.009505766361181563,-0.01082953222566458
n3116_taper0.25,100400000.0,0.001092053946196338,0.009275998472944915,-0.012915786487014361
n3116_taper0.25,100700000.0,0.0010406667371721534,0.008813586062787501,-0.013099260408775982
n3116_taper0.25,101000000.0,0.0009816056146546902,0.00836643239350407,-0.01069252080072953
n3116_taper0.25,101300000.0,0.0009509159229592375,0.008202842683448477,-0.006149724426765607
n3116_taper0.25,101600000.0,0.0009799605916893555,0.008506439924919477,-0.0009512719688642023
n3116_taper0.25,101900000.0,0.0010722750610795706,0.009298394051981249,0.0028856134473712876
n3116_taper0.25,102200000.0,0.0012012403971795322,0.01041400859002671,0.0035092375585654353
n3116_taper0.25,102500000.0,0.0013298077420005779,0.011542883029174071,-8.415390169928919e-05
n3116_taper0.25,102800000.0,0.001425738503852485,0.012321045598768822,-0.007616240919323374
n3116_taper0.25,103100000.0,0.0014661628580778887,0.012446503112589605,-0.01749073743670209
n3116_taper0.25,103400000.0,0.0014379812097467496,0.011781923577564992,-0.027180564644407483
n3116_taper0.25,103700000.0,0.0013378084074416358,0.010411730809194374,-0.03393138468737594
n3116_taper0.25,104000000.0,0.0011726326308828226,0.008634301647950279,-0.03557621763403963
n3116_taper0.25,104300000.0,0.0009626384439993808,0.006889135550204645,-0.031217806524387583
n3116_taper0.25,104600000.0,0.0007506386472235014,0.005638374418101484,-0.02156846223310713
n3116_taper0.25,104900000.0,0.0006224427341109224,0.005236320481365653,-0.008833384868851945
n3116_taper0.25,105200000.0,0.0006742239274692977,0.005825212003358512,0.003842918472985739
n3116_taper0.25,105500000.0,0.0008706200689025605,0.007288597172935117,0.013215722589664757
n3116_taper0.25,105800000.0,0.0011082705227043568,0.009276917945403251,0.01682516027607202
n3116_taper0.25,106100000.0,0.0013233609484162665,0.011298543028414649,0.013672624109307559
n3116_taper0.25,106400000.0,0.0014826261756779192,0.012850338218791635,0.004496310825031066
n3116_taper0.25,106700000.0,0.001568243647328572,0.013550868562448446,-0.008428006619313104
n3116_taper0.25,107000000.0,0.00157263021449193,0.0132393883529413,-0.021899294910191037
n3116_taper0.25,107300000.0,0.001496951222547315,0.012014174778398586,-0.03264200995469055
n3116_taper0.25,107600000.0,0.0013509294587276924,0.010201011530671949,-0.03815963161384894
n3116_taper0.25,107900000.0,0.0011537686121899933,0.008261861097265021,-0.03735971893580957
n3116_taper0.25,108200000.0,0.0009375836043174338,0.006669932316436521,-0.030786081021521992
n3116_taper0.25,108500000.0,0.0007556317794809299,0.005786169929822775,-0.020405134926268106
n3116_taper0.25,108800000.0,0.0006830431322838363,0.0057711020716868415,-0.00901940482837127
n3116_taper0.25,109100000.0,0.0007550213697012317,0.006555093074896131,0.0005149974110464376
n3116_taper0.25,109400000.0,0.0009128845545865451,0.007872551963445622,0.006039974816655921
n3116_taper0.25,109700000.0,0.0010828610224568862,0.009347022570867714,0.006608076733249733
n3116_taper0.25,110000000.0,0.001221997154062131,0.010600173097594456,0.002627978637669853
n3116_taper0.25,110300000.0,0.001310091821985227,0.01135254431847999,-0.004372339762031659
n3116_taper0.25,110600000.0,0.001340766254697129,0.011488438031776693,-0.012269958651123705
n3116_taper0.25,110900000.0,0.0013176458849860676,0.01106944483160122,-0.018989097146371422
n3116_taper0.25,111200000.0,0.0012527164054137552,0.010296804508537594,-0.023069321990419403
n3116_taper0.25,111500000.0,0.0011651225251641912,0.009437463620793632,-0.024002267276152883
n3116_taper0.25,111800000.0,0.0010789683890096813,0.00873831523452656,-0.02225660591131221
n3116_taper0.25,112100000.0,0.001018011040288843,0.008355119961777244,-0.01900824559004181
n3116_taper0.25,112400000.0,0.000996307341722143,0.008316606265936341,-0.015680774050543633
n3116_taper0.25,112700000.0,0.001010478471081324,0.008532222518524828,-0.013453449585486757
n3116_taper0.25,113000000.0,0.0010426212491703747,0.00883786982019657,-0.012895060862387937
n3116_taper0.25,113300000.0,0.0010714581563618503,0.009062239567315543,-0.013833125427497026
n3116_taper0.25,113600000.0,0.0010815146556625139,0.009090731327226561,-0.01548679014482653
n3116_taper0.25,113900000.0,0.0010669965001632276,0.008905821797558739,-0.01680558020332451
n3116_taper0.25,114200000.0,0.0010326157648203602,0.008591230834637855,-0.016891891326136894
n3116_taper0.25,114500000.0,0.000992879924053508,0.008299392442547382,-0.015361601436195018
n3116_taper0.25,114800000.0,0.0009687760894828011,0.008193751858355657,-0.01252023961865216
n3116_taper0.25,115100000.0,0.00097943158605002,0.008385590957394915,-0.009293846753280448
n3116_taper0.25,115400000.0,0.0010308041187835437,0.008886908370476395,-0.00693458123482206
n3116_taper0.25,115700000.0,0.0011113468301513182,0.009595750717045335,-0.006595681817329726
n3116_taper0.25,116000000.0,0.001198981123733927,0.010319921570334852,-0.008914579026703494
n3116_taper0.25,116300000.0,0.0012707922180424907,0.010832567925746897,-0.01374239693341041
n3116_taper0.25,116600000.0,0.001308651227718983,0.0109427760579289,-0.020113251144746335
n3116_taper0.25,116900000.0,0.001301309892482416,0.010559258744330077,-0.026472448639398332
n3116_taper0.25,117200000.0,0.0012451863540075422,0.009726947309052868,-0.031102463077897186
n3116_taper0.25,117500000.0,0.0011451401140889458,0.008624171584507009,-0.03262364756051294
n3116_taper0.25,117800000.0,0.0010160253801115924,0.007519737649570823,-0.03042105692341857
n3116_taper0.25,118100000.0,0.000885546716210153,0.006701224904534993,-0.024866968185850973
n3116_taper0.25,118400000.0,0.0007958002797233334,0.006394727067589238,-0.017266086792437123
n3116_taper0.25,118700000.0,0.0007893288549625978,0.0066993371179304385,-0.009531074710570095
n3116_taper0.25,119000000.0,0.0008726374918272748,0.007555810964315176,-0.0036762735674962794
n3116_taper0.25,119300000.0,0.0010091751529189294,0.008759040738490658,-0.0012725837493018813
n3116_taper0.25,119600000.0,0.0011544491117478513,0.010011184846726001,-0.0030188695874793646
n3116_taper0.25,119900000.0,0.001276051688775192,0.01100050790517563,-0.008551190058910358
n3116_taper0.25,120200000.0,0.0013541677885662918,0.011483763247762832,-0.016541883300071177
n3116_taper0.25,120500000.0,0.0013787852953275497,0.01134929776184167,-0.02505785932434537
n3116_taper0.25,120800000.0,0.001348069683706284,0.010643880116635368,-0.032075765147429255
n3116_taper0.25,121100000.0,0.0012678049663783658,0.009556639603230176,-0.036010496524996896
n3116_taper0.25,121400000.0,0.0011515724554355736,0.008365452233070968,-0.036112931244813774
n3116_taper0.25,121700000.0,0.0010215287698451157,0.007361350679412882,-0.03263190429588623
n3116_taper0.25,122000000.0,0.0009087173017898498,0.006772281939611208,-0.02670318326726308
n3116_taper0.25,122300000.0,0.0008477917676814255,0.006707183503784838,-0.020005497743823885
n3116_taper0.25,122600000.0,0.0008588173328974676,0.0071349871469146425,-0.014288196662533262
n3116_taper0.25,122900000.0,0.0009299590167663739,0.00790269989421517,-0.010907746354080133
n3116_taper0.25,123200000.0,0.0010284468140201357,0.008785375541578926,-0.010501680508239937
n3116_taper0.25,123500000.0,0.0011230872578941646,0.009552043983438499,-0.012882647100268334
n3116_taper0.25,123800000.0,0.0011934555248301444,0.010028029160618424,-0.017167438981577684
n3116_taper0.25,124100000.0,0.0012297329176422446,0.010136347181620313,-0.022087747337952338
n3116_taper0.25,124400000.0,0.0012308214882241042,0.009907997444044475,-0.026380771307013537
n3116_taper0.25,124700000.0,0.0012027464143938747,0.009460584625038262,-0.029141485291115835
n3116_taper0.25,125000000.0,0.0011571037972860681,0.008953948583298437,-0.030037108500990433
n3116_taper0.25,125300000.0,0.0011088033137593026,0.008537706001682575,-0.02933109295370315
n3116_taper0.25,125600000.0,0.0010723451296871086,0.008307126537511037,-0.02772409145582807
n3116_taper0.25,125900000.0,0.0010568597232634494,0.008280269731993247,-0.0260746029170755
n3116_taper0.25,126200000.0,0.0010623731943492029,0.00840199925059762,-0.025095645707496624
n3116_taper0.25,126500000.0,0.0010804408750103456,0.008571746151075461,-0.025126063239499064
n3116_taper0.25,126800000.0,0.0010988824865596643,0.008684505628832207,-0.026046244634684038
n3116_taper0.25,127100000.0,0.0011071368134794328,0.008670799205502965,-0.027358390679063562
n3116_taper0.25,127400000.0,0.0010997768029963723,0.008522250098213726,-0.028397401386396393
n3116_taper0.25,127700000.0,0.0010780260244783707,0.008294535500889025,-0.028597043091405535
n3116_taper0.25,128000000.0,0.0010497413141807345,0.008087067636777833,-0.027719679882763384
n3116_taper0.25,128300000.0,0.0010276662023116212,0.008006407474657385,-0.025970959063375702
n3116_taper0.25,128600000.0,0.0010251953866908235,0.008125756005822478,-0.02395892712868459
n3116_taper0.25,128900000.0,0.0010501274516638022,0.008454237434400203,-0.0225080810765643
n3116_taper0.25,129200000.0,0.0011000504280580577,0.008926645237274987,-0.022386710153301015
n3116_taper0.25,129500000.0,0.0011632176888925858,0.009417817018593636,-0.024035266812332392
n3116_taper0.25,129800000.0,0.001223675409176986,0.00977790913330466,-0.02738495741122861
n3116_taper0.25,130100000.0,0.001266401467867673,0.009878074025473653,-0.03182882748724041
n3116_taper0.25,130400000.0,0.0012804385147151729,0.009652525223398845,-0.0363609603083173
n3116_taper0.25,130700000.0,0.001260442408958968,0.009123765970450452,-0.03984759358674804
n3116_taper0.25,131000000.0,0.0012075388859493382,0.00840258293186662,-0.04135271519403318
n3116_taper0.25,131300000.0,0.0011300252670908163,0.007661815858722433,-0.04042225404636316
n3116_taper0.25,131600000.0,0.0010439285797571557,0.0070907365752596535,-0.03724085786762764
n3116_taper0.25,131900000.0,0.000972284552355106,0.006842810752673184,-0.03261090358139046
n3116_taper0.25,132200000.0,0.0009398626126824563,0.006991876199948526,-0.02775476603448918
n3116_taper0.25,132500000.0,0.0009610667560018136,0.007509590987236881,-0.023993425385187433
n3116_taper0.25,132800000.0,0.0010297951349857101,0.008270957356343204,-0.022391455346437
n3116_taper0.25,133100000.0,0.0011240546406865632,0.00908661209046276,-0.02346886166439666
n3116_taper0.25,133400000.0,0.001218813164286073,0.009752858981640812,-0.02706096516651525
n3116_taper0.25,133700000.0,0.001294061260896349,0.010105419554711382,-0.03236472417838584
n3116_taper0.25,134000000.0,0.001336988040857781,0.010062005963416344,-0.038156769277159136
n3116_taper0.25,134300000.0,0.0013419093170363697,0.009642198251813616,-0.04312064679177542
n3116_taper0.25,134600000.0,0.001309865910306569,0.008959640227841983,-0.04619166511979767
n3116_taper0.25,134900000.0,0.0012483171639530194,0.008189340332109808,-0.046824843577578386
n3116_taper0.25,135200000.0,0.0011707658502773844,0.007519695906081743,-0.04511495978585864
n3116_taper0.25,135500000.0,0.0010956371274560704,0.007102863954253932,-0.04174061822747657
n3116_taper0.25,135800000.0,0.001042952354486954,0.007017175730200397,-0.03775428895848037
n3116_taper0.25,136100000.0,0.0010275624852400123,0.007251449469769339,-0.034282911075360384
n3116_taper0.25,136400000.0,0.001051747292005541,0.007714472288917318,-0.032226497349504016
n3116_taper0.25,136700000.0,0.001104270970438589,0.008265611998711493,-0.032038831119194235
n3116_taper0.25,137000000.0,0.001167303637554345,0.008756689617228978,-0.03364662417740387
n3116_taper0.25,137300000.0,0.001224283547694764,0.009072571528303134,-0.03652068475457051
n3116_taper0.25,137600000.0,0.0012640346159648577,0.009159060386443988,-0.03986815924830398
n3116_taper0.25,137900000.0,0.0012817598455436344,0.009031040758859247,-0.04288189747297554
n3116_taper0.25,138200000.0,0.0012786043283790824,0.008760017271332932,-0.04497042302963001
n3116_taper0.25,138500000.0,0.0012605451918702311,0.008446284245161133,-0.045902465250130815
n3116_taper0.25,138800000.0,0.0012366395433461325,0.008185212822006837,-0.045829436557419514
n3116_taper0.25,139100000.0,0.001216489703706788,0.008038353867870789,-0.0451882173569285
n3116_taper0.25,139400000.0,0.0012071909136045307,0.008017969935467703,-0.04452314445659989
n3116_taper0.25,139700000.0,0.0012108490632627806,0.008088963176321774,-0.04428912283701063
n3116_taper0.25,140000000.0,0.001224088025096095,0.008186473738544751,-0.04470057567000479
n3116_taper0.25,140300000.0,0.0012399258170769766,0.008242497676156639,-0.04567327921290264
n3116_taper0.25,140600000.0,0.0012508768514737341,0.00821223603273632,-0.0468742266552228
n3116_taper0.25,140900000.0,0.0012517808147257186,0.008091288564202362,-0.04785902139637202
n3116_taper0.25,141200000.0,0.0012415826834610733,0.007918024942905064,-0.048248187091274555
n3116_taper0.25,141500000.0,0.0012239196176408679,0.007760424118950809,-0.047881766011783976
n3116_taper0.25,141800000.0,0.0012064414376524416,0.007691790829031613,-0.04689908997284633
n3116_taper0.25,142100000.0,0.0011986535954364626,0.007763437146097629,-0.04571508993896069
n3116_taper0.25,142400000.0,0.001208393173137494,0.007983506082976011,-0.044898223668935304
n3116_taper0.25,142700000.0,0.0012381962408198836,0.008309262544831395,-0.044987417836814536
n3116_taper0.25,143000000.0,0.001283720229721825,0.008655956332974585,-0.04630607408298485
n3116_taper0.25,143300000.0,0.0013352574238022833,0.008920100999048847,-0.04883355433601355
n3116_taper0.25,143600000.0,0.0013810926837561925,0.009010371406812202,-0.05217783714410803
n3116_taper0.25,143900000.0,0.00141076676300207,0.008876754139818123,-0.05566245461248448
n3116_taper0.25,144200000.0,0.001417331898641157,0.008528876664853564,-0.058505836193407476
n3116_taper0.25,144500000.0,0.0013986631623076017,0.008037499947759518,-0.06004242641240515
n3116_taper0.25,144800000.0,0.0013581274870386863,0.007518072463406552,-0.05992101972344116
n3116_taper0.25,145100000.0,0.0013046922807698643,0.007100565878749251,-0.05822088042094311
n3116_taper0.25,145400000.0,0.0012521094714122761,0.006893976248575151,-0.055449091549144534
n3116_taper0.25,145700000.0,0.0012163052870578736,0.006955627583947899,-0.052416707114994264
n3116_taper0.25,146000000.0,0.001210348325877538,0.007274192881270877,-0.050026687465747934
n3116_taper0.25,146300000.0,0.0012386546148195055,0.007771473018340814,-0.049032677849954284
n3116_taper0.25,146600000.0,0.0012947097529599956,0.008322588354898568,-0.04983651580107044
n3116_taper0.25,146900000.0,0.001364391556699528,0.008788957543713935,-0.05238127073945597
n3116_taper0.25,147200000.0,0.0014317651488896807,0.00905483411741147,-0.05616911509442823
n3116_taper0.25,147500000.0,0.0014835253325971682,0.009057272669532494,-0.060397779960261744
n3116_taper0.25,147800000.0,0.0015111850915398176,0.008801397166876859,-0.06417623791829778
n3116_taper0.25,148100000.0,0.0015117966384682049,0.008357095783740944,-0.06675894839092442
n3116_taper0.25,148400000.0,0.001487937920414424,0.007838512794704608,-0.0677341895672444
n3116_taper0.25,148700000.0,0.0014472022254993,0.007372454556366164,-0.06711635404214535
n3116_taper0.25,149000000.0,0.00140102450223391,0.007064747321014744,-0.06532022617102015
n3116_taper0.25,149300000.0,0.0013624510772839186,0.0069738780696004124,-0.0630289778640671
n3116_taper0.25,149600000.0,0.0013426862798884636,0.007098870878146549,-0.06099712294272016
n3116_taper0.25,149900000.0,0.00134731639550367,0.007384042666771076,-0.059846425497405445
n3116_taper0.25,150200000.0,0.0013743428863528247,0.007738359388042544,-0.05991212871292595
n3116_taper0.25,150500000.0,0.0014155399427208375,0.008063055126554714,-0.06117958705697659
n3116_taper0.25,150800000.0,0.0014601484039540237,0.008279152305620109,-0.06332321980551171
n3116_taper0.25,151100000.0,0.0014985730284447468,0.00834703806826283,-0.06582947623305076
n3116_taper0.25,151400000.0,0.001524692682502303,0.00827303399818159,-0.06816220995152755
n3116_taper0.25,151700000.0,0.0015367013299884308,0.008102015921136692,-0.06991899193392594
n3116_taper0.25,152000000.0,0.0015368479768851201,0.007899326456288581,-0.07093271191983004
n3116_taper0.25,152300000.0,0.0015303468940205149,0.0077282385342475205,-0.07129193881022203
n3116_taper0.25,152600000.0,0.0015236250689040385,0.007630220128186028,-0.07127973556624466
n3116_taper0.25,152900000.0,0.0015222044325661076,0.007613988228944313,-0.07125580346214684
n3116_taper0.25,153200000.0,0.0015288327085941843,0.0076562796830460435,-0.07152329682990057
n3116_taper0.25,153500000.0,0.0015426367550515807,0.007713409151906999,-0.0722245655928225
n3116_taper0.25,153800000.0,0.0015597124274416487,0.007739258475802179,-0.07329894062697265
n3116_taper0.25,154100000.0,0.0015748410569805414,0.007703409497972204,-0.07451438857795603
n3116_taper0.25,154400000.0,0.0015835465225480258,0.007603258271492592,-0.07556040476258588
n3116_taper0.25,154700000.0,0.0015837712424806945,0.007466040127223262,-0.07616964074926857
n3116_taper0.25,155000000.0,0.0015767676344605604,0.007340055913345881,-0.07622660463386774
n3116_taper0.25,155300000.0,0.001567024460757744,0.007277949344520302,-0.07582603669278445
n3116_taper0.25,155600000.0,0.0015611400990726161,0.007317526647173801,-0.0752598128376748
n3116_taper0.25,155900000.0,0.0015657314281533683,0.0074665030883811455,-0.07493434292776811
n3116_taper0.25,156200000.0,0.0015849190355522308,0.007696417556560322,-0.07524314578358836
n3116_taper0.25,156500000.0,0.0016184483479977066,0.007948123715600709,-0.07643441264048484
n3116_taper0.25,156800000.0,0.0016614410534561632,0.008147626884451593,-0.07851608036253692
n3116_taper0.25,157100000.0,0.0017058773635531905,0.008227728776003512,-0.08123029700340442
n3116_taper0.25,157400000.0,0.0017429798750296804,0.008148999153478238,-0.0841084325813478
n3116_taper0.25,157700000.0,0.0017655211778038902,0.007913616095778859,-0.08659331850733916
n3116_taper0.25,158000000.0,0.001769522494770326,0.007567603245331848,-0.0881946107598407
n3116_taper0.25,158300000.0,0.0017552249148088338,0.007190355365593506,-0.08863231642695563
n3116_taper0.25,158600000.0,0.0017273316544256874,0.006874092679093943,-0.08792589923016748
n3116_taper0.25,158900000.0,0.0016944195109454753,0.006698914042792141,-0.08640142391792752
n3116_taper0.25,159200000.0,0.0016672938815260844,0.006710522791406269,-0.08461262647816573
n3116_taper0.25,159500000.0,0.001656199761076746,0.006907037860015671,-0.08319677068525547
n3116_taper0.25,159800000.0,0.001667479968804282,0.007238749060108291,-0.08270525466109459
n3116_taper0.25,160100000.0,0.0017011810087413611,0.007620977169363951,-0.08345642797526075
n3116_taper0.25,160400000.0,0.0017510618758336256,0.007956456683059913,-0.08545173834690863
n3116_taper0.25,160700000.0,0.0018069659562113295,0.008160978464849882,-0.08837812552046642
n3116_taper0.25,161000000.0,0.0018580899433020598,0.008185180420143516,-0.09169502134417173
n3116_taper0.25,161300000.0,0.001895720567630776,0.00802656552706708,-0.09478063547980803
n3116_taper0.25,161600000.0,0.0019148964573332513,0.007728669783364762,-0.09709616207859025
n3116_taper0.25,161900000.0,0.001915071313688577,0.007367951572590906,-0.09832250586915711
n3116_taper0.25,162200000.0,0.0018999680963605829,0.007032378664795027,-0.09843296788003392
n3116_taper0.25,162500000.0,0.0018766992249299643,0.006797889860445506,-0.09768428326495263
n3116_taper0.25,162800000.0,0.001854146663084626,0.006709300225636347,-0.09653186875265081
n3116_taper0.25,163100000.0,0.0018407180204678458,0.006770723688947518,-0.09549626997595487
n3116_taper0.25,163400000.0,0.0018419774905605744,0.0069476802104051225,-0.09502050041376477
n3116_taper0.25,163700000.0,0.0018590511694672814,0.007179626475511638,-0.09535872513192128
n3116_taper0.25,164000000.0,0.0018885979350188615,0.007398727179674622,-0.09652571630470493
n3116_taper0.25,164300000.0,0.0019243490134359241,0.007549113922714318,-0.09831739478688556
n3116_taper0.25,164600000.0,0.0019593986744300203,0.007601067839134073,-0.10039156468555821
n3116_taper0.25,164900000.0,0.001988272418731073,0.0075563755832919865,-0.10238100341401611
n3116_taper0.25,165200000.0,0.0020082014172874553,0.007443936849248515,-0.10400319575371718
n3116_taper0.25,165500000.0,0.002019467927900947,0.007307664085219632,-0.10513412739883564
n3116_taper0.25,165800000.0,0.002024909999174621,0.007190925120413352,-0.10582630228269
n3116_taper0.25,166100000.0,0.0020287686798585785,0.007122601968061198,-0.10626933840784476
n3116_taper0.25,166400000.0,0.002035169928239262,0.00710907111300438,-0.10670943003362152
n3116_taper0.25,166700000.0,0.0020466822499465276,0.007134336475669782,-0.1073561454041825
n3116_taper0.25,167000000.0,0.0020634572678232157,0.007167846660999764,-0.10830784772215303
n3116_taper0.25,167300000.0,0.002083291331308499,0.007177063798002345,-0.10951985919864511
n3116_taper0.25,167600000.0,0.0021025657489185654,0.007140389824810736,-0.11082484591688975
n3116_taper0.25,167900000.0,0.0021176679357915408,0.0070560329219140575,-0.11199757076289117
n3116_taper0.25,168200000.0,0.0021263752096741433,0.0069437891075554755,-0.11284164912853839
n3116_taper0.25,168500000.0,0.0021287815345225466,0.006839061321671426,-0.11326876093568927
n3116_taper0.25,168800000.0,0.0021275161385420115,0.00678099346254731,-0.11334309955563841
n3116_taper0.25,169100000.0,0.0021271544810469506,0.00679855637318939,-0.11327490072495154
n3116_taper0.25,169400000.0,0.0021328907441029543,0.006899169487077337,-0.11336322413548415
n3116_taper0.25,169700000.0,0.002148791140824378,0.007063733572374657,-0.11390464374417626
n3116_taper0.25,170000000.0,0.002176222092253143,0.007249997602420911,-0.11509594733819127
n3116_taper0.5,20000000.0,0.0364695752733529,0.30943402893259225,-0.21600905264070602
n3116_taper0.5,20300000.0,0.034965070535313725,0.26541593881463493,-0.9094650945756816
n3116_taper0.5,20600000.0,0.03229762658267464,0.18202172384434387,-1.3826711380769074
n3116_taper0.5,20900000.0,0.02866086115110091,0.0804026177401153,-1.546172434179812
n3116_taper0.5,21200000.0,0.024325114978086246,-0.014384663092246827,-1.3916840711034282
n3116_taper0.5,21500000.0,0.019618764380660063,-0.08041084646716493,-0.996977519871984
n3116_taper0.5,21800000.0,0.014910076518671586,-0.1057576609724035,-0.5020570987342959
n3116_taper0.5,22100000.0,0.0105981893930814,-0.09209002768204597,-0.06036283381003886
n3116_taper0.5,22400000.0,0.007127602272458319,-0.0529122360727739,0.21440923220813327
n3116_taper0.5,22700000.0,0.004987026557913113,-0.007525897176812126,0.2815159401480346
n3116_taper0.5,23000000.0,0.004304320620388315,0.02615022200350818,0.17573498732582268
n3116_taper0.5,23300000.0,0.004285065306945654,0.037073523775769786,-0.014676847814182279
n3116_taper0.5,23600000.0,0.004192679706454862,0.023695743528400752,-0.18198327350035237
n3116_taper0.5,23900000.0,0.0041537076801412415,-0.006298191203954752,-0.23442340470303039
n3116_taper0.5,24200000.0,0.004964244691892124,-0.0387869043586938,-0.12570164831647526
n3116_taper0.5,24500000.0,0.007022378319467876,-0.05801117748504129,0.12860243317334158
n3116_taper0.5,24800000.0,0.00992375341281605,-0.05220539807321713,0.45459159564791035
n3116_taper0.5,25100000.0,0.013159731203867134,-0.018068151727872152,0.7453174692947341
n3116_taper0.5,25400000.0,0.01632501856594111,0.03791335313633058,0.8991930372028619
n3116_taper0.5,25700000.0,0.019092766831332864,0.10185655683204431,0.8551704178762326
n3116_taper0.5,26000000.0,0.021203106014463954,0.15727898659490205,0.6107260142468948
n3116_taper0.5,26300000.0,0.02246738154306837,0.19014240817760455,0.21907784286354695
n3116_taper0.5,26600000.0,0.022775311533919096,0.19253729231303368,-0.22890762601250786
n3116_taper0.5,26900000.0,0.022099298461292678,0.16440403365778644,-0.6301342831216752
n3116_taper0.5,27200000.0,0.020493732573417314,0.11329724475000294,-0.8957429944781528
n3116_taper0.5,27500000.0,0.018088869687856834,0.05234652049393385,-0.9739067976054786
n3116_taper0.5,27800000.0,0.015080088790049191,-0.0033181773404584447,-0.863921445589837
n3116_taper0.5,28100000.0,0.011714955324258,-0.040960897449807715,-0.6161660427998465
n3116_taper0.5,28400000.0,0.008284995675352146,-0.05408482816956591,-0.3153740198232165
n3116_taper0.5,28700000.0,0.005149891480485822,-0.044155308945873877,-0.05168801887907911
n3116_taper0.5,29000000.0,0.0029336088180760425,-0.019416457267340287,0.10913749662252008
n3116_taper0.5,29300000.0,0.0027079158413266715,0.00857776412970246,0.14438440248932277
n3116_taper0.5,29600000.0,0.0036143874185924556,0.029133527807446387,0.07622518175964436
n3116_taper0.5,29900000.0,0.004186921048185976,0.03575539577839451,-0.04102801839479003
n3116_taper0.5,30200000.0,0.004053214102397621,0.027800538542856433,-0.14187905124712505
n3116_taper0.5,30500000.0,0.0032279645048309117,0.010249718676702765,-0.1720302580583743
n3116_taper0.5,30800000.0,0.0020818114197411215,-0.008206162097783966,-0.10635194283412652
n3116_taper0.5,31100000.0,0.0022258614514182994,-0.01824833197023721,0.04253129452568277
n3116_taper0.5,31400000.0,0.004264948101679195,-0.013280822884232314,0.22832034676531804
n3116_taper0.5,31700000.0,0.006825873073964211,0.008127164907468088,0.3872179820013679
n3116_taper0.5,32000000.0,0.009382489748756053,0.04167608927035524,0.4604667713062674
n3116_taper0.5,32300000.0,0.01165841243034227,0.07883410549482481,0.4144129171911457
n3116_taper0.5,32600000.0,0.013449735291977748,0.10968274856781902,0.2508268216666674
n3116_taper0.5,32900000.0,0.014608509625128024,0.12596758131327568,0.005177991325584361
n3116_taper0.5,33200000.0,0.015045629984244156,0.12339467909210647,-0.26476871863671636
n3116_taper0.5,33500000.0,0.0147339463194761,0.10267349862088093,-0.49555870827896475
n3116_taper0.5,33800000.0,0.013707793379508146,0.06919267462988432,-0.6353242833407133
n3116_taper0.5,34100000.0,0.012058174797545715,0.031457437849004184,-0.657676865208102
n3116_taper0.5,34400000.0,0.009923900014802332,-0.001356385421608865,-0.5685739229875661
n3116_taper0.5,34700000.0,0.007479692557722904,-0.022086203442343633,-0.4036111338145401
n3116_taper0.5,35000000.0,0.004923668420441857,-0.0276349617666289,-0.21588606034650074
n3116_taper0.5,35300000.0,0.002476155210091185,-0.019629711321710833,-0.05836925905943803
n3116_taper0.5,35600000.0,0.0006951207021832511,-0.003457562025705137,0.032660012064063486
n3116_taper0.5,35900000.0,0.0017971847090974072,0.013863412296991423,0.0471511949948555
n3116_taper0.5,36200000.0,0.0030105158634322216,0.026109034944374256,0.001254347725070816
n3116_taper0.5,36500000.0,0.0036475547188272706,0.029742419047592547,-0.07096040072852527
n3116_taper0.5,36800000.0,0.003654782017312431,0.024779122945142347,-0.1304142754593665
n3116_taper0.5,37100000.0,0.0030539397887333784,0.014493439662082792,-0.14637600073260207
n3116_taper0.5,37400000.0,0.0019186461655998767,0.00412760392672779,-0.10647819929980225
n3116_taper0.5,37700000.0,0.0003760376849390805,-0.000994597668810071,-0.020523458233016142
n3116_taper0.5,38000000.0,0.0014835807059512234,0.002643232618388042,0.08318225933437666
n3116_taper0.5,38300000.0,0.0034331345433882307,0.01550173744376436,0.16783101688511462
n3116_taper0.5,38600000.0,0.005336337490376418,0.03481961312175532,0.20088227577056844
n3116_taper0.5,38900000.0,0.007036236753853981,0.055552112962785075,0.16495041592232704
n3116_taper0.5,39200000.0,0.00839863902952963,0.07201369220718755,0.06317130137197914
n3116_taper0.5,39500000.0,0.009320878792600028,0.07962106128709297,-0.08217110227683483
n3116_taper0.5,39800000.0,0.009738743606703024,0.07619913024240367,-0.2366054550687639
n3116_taper0.5,40100000.0,0.009630213473505862,0.06252990193378759,-0.3634999422084128
n3116_taper0.5,40400000.0,0.009015756793955266,0.04205725718329451,-0.4342638679903997
n3116_taper0.5,40700000.0,0.007955281159431699,0.019857846295806007,-0.4360335175578026
n3116_taper0.5,41000000.0,0.0065421379433829715,0.0011622066467580066,-0.3747340720141989
n3116_taper0.5,41300000.0,0.004894913262094112,-0.010145893461321547,-0.2725243505295047
n3116_taper0.5,41600000.0,0.003148510042960172,-0.012577351595404808,-0.160333206045081
n3116_taper0.5,41900000.0,0.0014525023774439741,-0.007286562879127833,-0.06798154425836507
n3116_taper0.5,42200000.0,0.0003958290894806065,0.002534517361838913,-0.015319461240395904
n3116_taper0.5,42500000.0,0.001486431391890595,0.012854064869458224,-0.007285572306152887
n3116_taper0.5,42800000.0,0.002396927648042209,0.020141671870345358,-0.034122289461410445
n3116_taper0.5,43100000.0,0.002906401723102717,0.022417275278444025,-0.07610707013126225
n3116_taper0.5,43400000.0,0.0029870829409313865,0.019724927536899847,-0.11088418626820618
n3116_taper0.5,43700000.0,0.0026552772586456394,0.013946707164458182,-0.12101484047960612
n3116_taper0.5,44000000.0,0.0019700870655967348,0.00805502431554544,-0.09953041980269171
n3116_taper0.5,44300000.0,0.0010766886398365723,0.005049222914248329,-0.05190439999188636
n3116_taper0.5,44600000.0,0.0008035566388310491,0.006915216860763217,0.006102600091255954
n3116_taper0.5,44900000.0,0.0018630486810673615,0.013946929661150713,0.053964893364515036
n3116_taper0.5,45200000.0,0.0031177081055981416,0.024648776850052644,0.07336258387867971
n3116_taper0.5,45500000.0,0.0042860291289500835,0.03623008389751512,0.05420816121346389
n3116_taper0.5,45800000.0,0.005251725085615295,0.04549532163709367,-0.00220023495519861
n3116_taper0.5,46100000.0,0.005935781682064958,0.049819722974098576,-0.08369033478040022
n3116_taper0.5,46400000.0,0.006288308869275533,0.04790912556155792,-0.17094742300528734
n3116_taper0.5,46700000.0,0.006288855145547825,0.040141491097899946,-0.2431491416332335
n3116_taper0.5,47000000.0,0.005946334734080561,0.028420348783533073,-0.28381578085418835
n3116_taper0.5,47300000.0,0.005297314997321512,0.015600564290064508,-0.28524629309781135
n3116_taper0.5,47600000.0,0.004402809257951509,0.004657836092563174,-0.2503163355944403
n3116_taper0.5,47900000.0,0.0033447614481634078,-0.002151958670735925,-0.19113815184699653
n3116_taper0.5,48200000.0,0.0022270334041834565,-0.0038871287884485605,-0.1250259497641705
n3116_taper0.5,48500000.0,0.0012123781900397483,-0.0010872418818712126,-0.06909730105672061
n3116_taper0.5,48800000.0,0.0008067014110099325,0.004522181468813062,-0.035290072377048946
n3116_taper0.5,49100000.0,0.0013181173827936307,0.010664033811714737,-0.027355382002414677
n3116_taper0.5,49400000.0,0.001895782347466086,0.015256733447143666,-0.04061148205247935
n3116_taper0.5,49700000.0,0.0022616837981361145,0.0170347013820897,-0.06428664328745151
n3116_taper0.5,50000000.0,0.002361155928263268,0.015867294407796904,-0.08551710832079572
n3116_taper0.5,50300000.0,0.0021955583102793953,0.012705760891882792,-0.09368573788458119
n3116_taper0.5,50600000.0,0.0018065545617959938,0.009197464408522158,-0.08379539202352089
n3116_taper0.5,50900000.0,0.0013002824598097361,0.007098626535520922,-0.057906735649917974
n3116_taper0.5,51200000.0,0.000980062977286275,0.007673181805264319,-0.024258931840818856
n3116_taper0.5,51500000.0,0.0013018212062869071,0.011268326706845161,0.005589577727055833
n3116_taper0.5,51800000.0,0.002014524120452984,0.01719866390830576,0.020626776257056726
n3116_taper0.5,52100000.0,0.002773752095188972,0.023965808749858885,0.01397612705494153
n3116_taper0.5,52400000.0,0.0034383928903118735,0.02972844429566171,-0.014925007209404545
n3116_taper0.5,52700000.0,0.003933913137342821,0.03286283850954439,-0.060161608701082586
n3116_taper0.5,53000000.0,0.004216125353451344,0.0324390465099298,-0.11112392240941267
n3116_taper0.5,53300000.0,0.00426433278935213,0.028477977560264968,-0.1556028386001307
n3116_taper0.5,53600000.0,0.004079602425392312,0.021926649836850786,-0.18324450409918355
n3116_taper0.5,53900000.0,0.003683483315334491,0.014369846768379765,-0.18836831442110397
n3116_taper0.5,54200000.0,0.003116511458520337,0.0075683705350230316,-0.171360901490348
n3116_taper0.5,54500000.0,0.0024377109828145264,0.0029623753328656788,-0.13827279708114443
n3116_taper0.5,54800000.0,0.001730529791372958,0.0012885665112406708,-0.09877967907443055
n3116_taper0.5,55100000.0,0.0011375803580324002,0.00242416514143213,-0.06317715295467523
n3116_taper0.5,55400000.0,0.0009344530644192237,0.005496143457353133,-0.03937417604870043
n3116_taper0.5,55700000.0,0.0011892842225458208,0.0092073785782169,-0.030813009645310294
n3116_taper0.5,56000000.0,0.0015458850231157228,0.012265141680537762,-0.03589239504265968
n3116_taper0.5,56300000.0,0.0018028080191802075,0.013774237445022838,-0.048958514940227967
n3116_taper0.5,56600000.0,0.0018978577698132353,0.013479337825950302,-0.062449509252450436
n3116_taper0.5,56900000.0,0.0018217323053962764,0.011794624818642397,-0.06947441930598657
n3116_taper0.5,57200000.0,0.001599618007926592,0.009624408556960473,-0.0660311704411527
n3116_taper0.5,57500000.0,0.0012994181066304077,0.008038582984298295,-0.05221212984472382
n3116_taper0.5,57800000.0,0.0010691307277453245,0.007907518966157314,-0.0320649761372932
n3116_taper0.5,58100000.0,0.0011274275365880926,0.0096111992231269,-0.012191743662296035
n3116_taper0.5,58400000.0,0.0014876932436161667,0.012912166232148466,0.0004381022122171312
n3116_taper0.5,58700000.0,0.00196233671425786,0.017027563335325895,0.0007457960619291849
n3116_taper0.5,59000000.0,0.0024161562491419215,0.02087069835517782,-0.012839329631728378
n3116_taper0.5,59300000.0,0.0027755107563434637,0.02338053851513812,-0.037877948111659406
n3116_taper0.5,59600000.0,0.002998346519045952,0.023835385556512812,-0.06863739779124226
n3116_taper0.5,59900000.0,0.0030634046475351553,0.02205841402166485,-0.09775999169321183
n3116_taper0.5,60200000.0,0.0029669202089668825,0.018459738665750507,-0.11835725138278157
n3116_taper0.5,60500000.0,0.002721272317223089,0.013908890452530713,-0.125910643494674
n3116_taper0.5,60800000.0,0.002354278812374403,0.009479751804642765,-0.11943713597668915
n3116_taper0.5,61100000.0,0.001909895765017234,0.006145576525804724,-0.1016013633349209
n3116_taper0.5,61400000.0,0.0014538690081223318,0.004515221815621144,-0.07777064426756572
n3116_taper0.5,61700000.0,0.0010913487207221439,0.004687938384408991,-0.05432845504382286
n3116_taper0.5,62000000.0,0.0009660328243358387,0.0062657987464452254,-0.03678380338906073
n3116_taper0.5,62300000.0,0.0010976727187861982,0.008512368422959653,-0.028259120116037022
n3116_taper0.5,62600000.0,0.0013207310658938669,0.010601259317041948,-0.02879337343997772
n3116_taper0.5,62900000.0,0.001502787770333009,0.011873930509977797,-0.03562010497220567
n3116_taper0.5,63200000.0,0.0015869553735417103,0.01202867320438316,-0.04427471010332536
n3116_taper0.5,63500000.0,0.001558339037098509,0.011188338708387981,-0.05014868827537891
n3116_taper0.5,63800000.0,0.0014301957915168275,0.009833081035616465,-0.05000024936508001
n3116_taper0.5,64100000.0,0.0012449317586609961,0.00862460193001413,-0.04296721644613932
n3116_taper0.5,64400000.0,0.001084773430624625,0.008179537168763129,-0.03079184510815605
n3116_taper0.5,64700000.0,0.001064282873989402,0.008863422445211891,-0.01721225534339632
n3116_taper0.5,65000000.0,0.0012346551622082105,0.010668791145569474,-0.006732119999715647
n3116_taper0.5,65300000.0,0.0015233965080948691,0.013213261113958269,-0.003169047291659422
n3116_taper0.5,65600000.0,0.0018329611330288426,0.015854832915337302,-0.008439655966968855
n3116_taper0.5,65900000.0,0.002096598769887028,0.017885213250433876,-0.021948374869101166
n3116_taper0.5,66200000.0,0.0022741296874807995,0.01873980327143937,-0.04074506533105751
n3116_taper0.5,66500000.0,0.0023438548028279745,0.018161042468363607,-0.06037717532326744
n3116_taper0.5,66800000.0,0.0022989079767376007,0.016268682900340312,-0.07616145037360318
n3116_taper0.5,67100000.0,0.0021457982466323773,0.013519604041656672,-0.08449117965876934
n3116_taper0.5,67400000.0,0.001903945752136807,0.010572177355298551,-0.0837989668665448
n3116_taper0.5,67700000.0,0.0016064305566557985,0.008097320954529428,-0.07490524269640451
n3116_taper0.5,68000000.0,0.0013033194807797928,0.006593052544582195,-0.060668387048730656
n3116_taper0.5,68300000.0,0.0010669203200085824,0.006257157756074341,-0.04506192510974492
n3116_taper0.5,68600000.0,0.0009762786925356067,0.006953727478919133,-0.03197458961907902
n3116_taper0.5,68900000.0,0.001042423892505752,0.00827952542890714,-0.024104588828012863
n3116_taper0.5,69200000.0,0.0011837322263199763,0.0097053103966279,-0.022275621301516235
n3116_taper0.5,69500000.0,0.0013147236033948582,0.010745577550737634,-0.025357473231143075
n3116_taper0.5,69800000.0,0.0013875927822487382,0.011104131233366786,-0.03078125241528289
n3116_taper0.5,70100000.0,0.0013849457170626905,0.010753075968391295,-0.03546202169450367
n3116_taper0.5,70400000.0,0.0013117893617478696,0.00992479715230548,-0.03683064744397161
n3116_taper0.5,70700000.0,0.0011940440458418134,0.00902317639174184,-0.03365802635395445
n3116_taper0.5,71000000.0,0.0010807256634218297,0.008484055568851371,-0.026428306065364202
n3116_taper0.5,71300000.0,0.001038167305637858,0.008629329914560085,-0.017160252230375667
n3116_taper0.5,71600000.0,0.0011117738259086459,0.00955992185687872,-0.008746226976339118
n3116_taper0.5,71900000.0,0.0012829722951544838,0.011119895061077018,-0.004025052363529001
n3116_taper0.5,72200000.0,0.001493451066157739,0.012941145175325783,-0.004881908916261075
n3116_taper0.5,72500000.0,0.0016891780689332746,0.01455292959063155,-0.011651267890322843
n3116_taper0.5,72800000.0,0.0018331009801617526,0.015521197619235993,-0.022996285779668658
n3116_taper0.5,73100000.0,0.0019034109261289972,0.01557506329052552,-0.03628732579146612
n3116_taper0.5,73400000.0,0.0018910218882583498,0.014683331046478398,-0.04835292905024766
n3116_taper0.5,73700000.0,0.0017982465945623257,0.013060088739401527,-0.05637229674802421
n3116_taper0.5,74000000.0,0.0016383320366752654,0.011099747923804784,-0.05864527035430605
n3116_taper0.5,74300000.0,0.0014357790294320142,0.009262401617052276,-0.055019226641679936
n3116_taper0.5,74600000.0,0.001227505173481182,0.007944370599020555,-0.04685815328042027
n3116_taper0.5,74900000.0,0.0010625077712423231,0.0073723815049517045,-0.03657710250698826
n3116_taper0.5,75200000.0,0.000988485048329183,0.007551819787409025,-0.02689459269584293
n3116_taper0.5,75500000.0,0.0010161224216872766,0.008282310010667267,-0.020036277853192695
n3116_taper0.5,75800000.0,0.001104818756227657,0.009232994583581712,-0.017129859842699224
n3116_taper0.5,76100000.0,0.001199699302445686,0.010052090118965747,-0.017963323515241977
n3116_taper0.5,76400000.0,0.0012621485336725407,0.010476118916113804,-0.02116089266777153
n3116_taper0.5,76700000.0,0.0012740157507088227,0.010405979482626697,-0.0247030754293823
n3116_taper0.5,77000000.0,0.0012345626513518655,0.009928462971339168,-0.026617904652849494
n3116_taper0.5,77300000.0,0.0011587554278601738,0.009278980716114656,-0.02562689047774558
n3116_taper0.5,77600000.0,0.0010768185114782745,0.00875896066602011,-0.021550626797602043
n3116_taper0.5,77900000.0,0.0010301034884682362,0.008634571643013407,-0.015357010601756973
n3116_taper0.5,78200000.0,0.0010536657285347862,0.009048419759637546,-0.008846166121536308
n3116_taper0.5,78500000.0,0.0011508396590583835,0.009971190898427459,-0.004077209786413134
n3116_taper0.5,78800000.0,0.0012919986748614076,0.011207342915097326,-0.0027188514757233795
n3116_taper0.5,79100000.0,0.0014378590604782707,0.012452000864936256,-0.005524665500936766
n3116_taper0.5,79400000.0,0.0015560860822821075,0.013380641943227798,-0.01209003350095089
n3116_taper0.5,79700000.0,0.001625328139510705,0.013743815934151358,-0.020957469188922714
n3116_taper0.5,80000000.0,0.0016348067189160228,0.013438581732495845,-0.030030515576465723
n3116_taper0.5,80300000.0,0.001583497110327006,0.012536192035464366,-0.0371664683904687
n3116_taper0.5,80600000.0,0.0014796691428214854,0.011259050904839864,-0.0407698954890934
n3116_taper0.5,80900000.0,0.0013407839794345668,0.009914998287513063,-0.040213877260153075
n3116_taper0.5,81200000.0,0.0011933974320916664,0.008809258741765953,-0.03597085163951662
n3116_taper0.5,81500000.0,0.0010712018010634668,0.008160475793743713,-0.029423354376459824
n3116_taper0.5,81800000.0,0.0010059931301209335,0.008045390299948106,-0.022420736894038517
n3116_taper0.5,82100000.0,0.0010092736955615896,0.008387482287296553,-0.016722192613210115
n3116_taper0.5,82400000.0,0.0010621605146249595,0.00899118292778471,-0.013496270617126134
n3116_taper0.5,82700000.0,0.0011300647121440478,0.009609453292283207,-0.013023897667504893
n3116_taper0.5,83000000.0,0.0011827370649316465,0.010022951675295115,-0.014684681912248497
n3116_taper0.5,83300000.0,0.0012024260429359408,0.010106446829989681,-0.01721771028092522
n3116_taper0.5,83600000.0,0.0011844373784193995,0.009862984057449755,-0.019166146979615002
n3116_taper0.5,83900000.0,0.001136211449633696,0.0094167303927702,-0.019363554856091696
n3116_taper0.5,84200000.0,0.0010763528028682997,0.0089681133989125,-0.017312385503048273
n3116_taper0.5,84500000.0,0.0010317802010804272,0.00872608559649476,-0.013341979103236685
n3116_taper0.5,84800000.0,0.0010289013315152493,0.008838879968473453,-0.008502886267816515
n3116_taper0.5,85100000.0,0.0010789545764205947,0.00934460701463053,-0.0042354263572500425
n3116_taper0.5,85400000.0,0.0011704781980619106,0.010156538098871376,-0.0019185380979338698
n3116_taper0.5,85700000.0,0.0012779623484547432,0.011086991903487352,-0.0024392832031876533
n3116_taper0.5,86000000.0,0.0013750775321351475,0.01190187377557327,-0.005913729337531617
n3116_taper0.5,86300000.0,0.001441742480329827,0.012388836095746321,-0.011640616065877324
n3116_taper0.5,86600000.0,0.0014660010737384528,0.012418419412565843,-0.018296954479167498
n3116_taper0.5,86900000.0,0.001444067781556902,0.011980230240017965,-0.024312438399565893
n3116_taper0.5,87200000.0,0.001380044467794415,0.011184102722643408,-0.02830859139126813
n3116_taper0.5,87500000.0,0.0012856188985016835,0.010226755477822348,-0.029472713790171298
n3116_taper0.5,87800000.0,0.001179476658448636,0.009334567446259427,-0.027759191360975446
n3116_taper0.5,88100000.0,0.0010853011586387472,0.0086998630497361,-0.023864174030832266
n3116_taper0.5,88400000.0,0.0010260142348763348,0.008429591359241567,-0.01898801163469247
n3116_taper0.5,88700000.0,0.0010134792624812003,0.008521103928963316,-0.014462658622907819
n3116_taper0.5,89000000.0,0.0010409311995362384,0.008871199927766702,-0.011359478091273658
n3116_taper0.5,89300000.0,0.0010876065524987456,0.00931441050681007,-0.010195056981954295
n3116_taper0.5,89600000.0,0.0011307191273073282,0.009677836429366201,-0.010818979529743056
n3116_taper0.5,89900000.0,0.0011538468592220943,0.009835350416867374,-0.012509605387298808
n3116_taper0.5,90200000.0,0.0011497595166641613,0.009744822422299843,-0.014240415349523456
n3116_taper0.5,90500000.0,0.0011206222071731505,0.009457721218830456,-0.015029679569505116
n3116_taper0.5,90800000.0,0.001077312216778925,0.009099095254735469,-0.014264132171964327
n3116_taper0.5,91100000.0,0.0010375373466467294,0.008824903722490136,-0.011898386699942186
n3116_taper0.5,91400000.0,0.0010210057222856982,0.008770329771713135,-0.00847183061222117
n3116_taper0.5,91700000.0,0.0010408758176900553,0.009005143417654592,-0.00494135725097848
n3116_taper0.5,92000000.0,0.0010962372202240943,0.009509716841514299,-0.0023843740694034945
n3116_taper0.5,92300000.0,0.0011729174900634385,0.010178734469672714,-0.001665012942984238
n3116_taper0.5,92600000.0,0.0012512776479758176,0.010851064219569767,-0.003165777726952384
n3116_taper0.5,92900000.0,0.0013134718515987285,0.01135635844756967,-0.00666475952738597
n3116_taper0.5,93200000.0,0.001347034137202084,0.011564141069913665,-0.011392780358916502
n3116_taper0.5,93500000.0,0.001345988814209118,0.0114207567564198,-0.01625017975991044
n3116_taper0.5,93800000.0,0.0013109705846130971,0.010963539138847282,-0.020116128497122108
n3116_taper0.5,94100000.0,0.0012489751701282872,0.01030854958027705,-0.022157783360803946
n3116_taper0.5,94400000.0,0.0011727203994606442,0.009616105876846786,-0.022048956315539547
n3116_taper0.5,94700000.0,0.0010990415312254283,0.009044756941663457,-0.02003679981293952
n3116_taper0.5,95000000.0,0.0010452175364827295,0.008707515123930675,-0.01684138397521587
n3116_taper0.5,95300000.0,0.0010227937287985954,0.008643142575343168,-0.013423013753825479
n3116_taper0.5,95600000.0,0.001031882728479638,0.008810453933689573,-0.010690649314917313
n3116_taper0.5,95900000.0,0.0010613086530219546,0.009106469075092717,-0.009240278445151875
n3116_taper0.5,96200000.0,0.00109488982552203,0.009402059174096736,-0.009200249886862176
n3116_taper0.5,96500000.0,0.0011183205689570255,0.009583684674997884,-0.010225791838557185
n3116_taper0.5,96800000.0,0.0011230575691334249,0.00958838843585236,-0.011638600463306066
n3116_taper0.5,97100000.0,0.0011076006723200723,0.009421673505165564,-0.012663901076838357
n3116_taper0.5,97400000.0,0.0010774103422549323,0.009153374494024154,-0.01268958749721943
n3116_taper0.5,97700000.0,0.0010438034142062976,0.008893400053191744,-0.011467560445575424
n3116_taper0.5,98000000.0,0.0010212009861349102,0.008755254496746743,-0.00919683721720901
n3116_taper0.5,98300000.0,0.001022068956460986,0.008818776790946727,-0.006465120127641977
n3116_taper0.5,98600000.0,0.0010510392716710734,0.009103553700475176,-0.004068947804498443
n3116_taper0.5,98900000.0,0.0011024192329646743,0.009561011222859772,-0.002769127890501502
n3116_taper0.5,99200000.0,0.0011632509931607342,0.01008736525980938,-0.0030568069892368873
n3116_taper0.5,99500000.0,0.0012188587890295025,0.010553247090780425,-0.005000874621128103
n3116_taper0.5,99800000.0,0.0012571075186954658,0.010840875399761061,-0.008221410937126828
n3116_taper0.5,100100000.0,0.0012705022825229427,0.010877586060305785,-0.011995124494168643
n3116_taper0.5,100400000.0,0.0012568940629709992,0.010655874032043638,-0.015459289799234683
n3116_taper0.5,100700000.0,0.0012194900630630578,0.010234327687254845,-0.017852320376325535
n3116_taper0.5,101000000.0,0.0011663851012922916,0.009719606022139182,-0.01871976420801675
n3116_taper0.5,101300000.0,0.0011094028699138283,0.009235193397937925,-0.018026369251254185
n3116_taper0.5,101600000.0,0.0010617227017442753,0.008886434968430713,-0.016143990398386442
n3116_taper0.5,101900000.0,0.0010339899616787806,0.00873222815036466,-0.013722615382182304
n3116_taper0.5,102200000.0,0.0010300831148125796,0.008771501132442978,-0.01148637127283903
n3116_taper0.5,102500000.0,0.0010454430992975605,0.00894796948682705,-0.01001763940914181
n3116_taper0.5,102800000.0,0.0010696196029498968,0.009171079987414232,-0.009594115043940999
n3116_taper0.5,103100000.0,0.0010910302110792238,0.00934625199241902,-0.010125721080522017
n3116_taper0.5,103400000.0,0.001100905119660177,0.009404950133378203,-0.01120674021194349
n3116_taper0.5,103700000.0,0.001095349562257779,0.009325473644725458,-0.012263352739952766
n3116_taper0.5,104000000.0,0.0010759365644528091,0.009138420263065737,-0.012748625217523466
n3116_taper0.5,104300000.0,0.0010492763406430843,0.008915571918429328,-0.012324013528767136
n3116_taper0.5,104600000.0,0.001025483281496615,0.008745988407475497,-0.010972012885304444
n3116_taper0.5,104900000.0,0.0010151766744574998,0.008706887378913206,-0.009006613377209205
n3116_taper0.5,105200000.0,0.0010253381509361902,0.008838329471082186,-0.0069798460978276146
n3116_taper0.5,105500000.0,0.0010560152042588874,0.009129418990499724,-0.005514299901002165
n3116_taper0.5,105800000.0,0.0011002732720427036,0.00952010731735876,-0.005113486629279575
n3116_taper0.5,106100000.0,0.001147298394051008,0.00991788881161628,-0.0060077811602444985
n3116_taper0.5,106400000.0,0.001186223423482736,0.010224195288113087,-0.008081895108034316
n3116_taper0.5,106700000.0,0.0012088308482229027,0.010362481989227212,-0.010904474745990851
n3116_taper0.5,107000000.0,0.0012108956720061459,0.01029965692702126,-0.013849499612095209
n3116_taper0.5,107300000.0,0.0011926052872669448,0.010054661389818711,-0.01627211688680239
n3116_taper0.5,107600000.0,0.0011583829496093438,0.009691946385020375,-0.01768626813243408
n3116_taper0.5,107900000.0,0.0011161408876302257,0.009302098994087401,-0.017892113027305832
n3116_taper0.5,108200000.0,0.0010757476889235356,0.008975615695297671,-0.017017258451053615
n3116_taper0.5,108500000.0,0.0010465119468200139,0.00877770777770002,-0.015462145891476747
n3116_taper0.5,108800000.0,0.0010340977678579273,0.008731525540646008,-0.013768643434299595
n3116_taper0.5,109100000.0,0.0010383472962506282,0.008814487797232647,-0.012453290864290917
n3116_taper0.5,109400000.0,0.0010535947833110613,0.008968353314617398,-0.011856087438631271
n3116_taper0.5,109700000.0,0.0010713421571888508,0.009119527919156746,-0.012049578685829176
n3116_taper0.5,110000000.0,0.001083539567219168,0.009203126330282406,-0.012833529903970686
n3116_taper0.5,110300000.0,0.0010849893819131168,0.009183369302769829,-0.013813939609657537
n3116_taper0.5,110600000.0,0.0010745284854876188,0.009064214566078912,-0.014539746633512892
n3116_taper0.5,110900000.0,0.0010552009458126381,0.00888723112685704,-0.014653876026708625
n3116_taper0.5,111200000.0,0.0010335406804213648,0.008717654544271775,-0.014011971312906994
n3116_taper0.5,111500000.0,0.0010178476465205568,0.008623119784234672,-0.012732922280040158
n3116_taper0.5,111800000.0,0.0010154580894469955,0.008651706728838823,-0.01116663459414961
n3116_taper0.5,112100000.0,0.0010297874728886936,0.00881603463690934,-0.00978984311598722
n3116_taper0.5,112400000.0,0.0010587595400433287,0.009088204434702988,-0.009062446983647162
n3116_taper0.5,112700000.0,0.001095683031693387,0.009407028849672011,-0.009288322807782516
n3116_taper0.5,113000000.0,0.001131846734197723,0.009695255904218188,-0.010522534167688651
n3116_taper0.5,113300000.0,0.0011592135539698072,0.009881524125740348,-0.012552198452103858
n3116_taper0.5,113600000.0,0.001172253567194728,0.009920467292597166,-0.014955738045282668
n3116_taper0.5,113900000.0,0.0011688413694012467,0.009805064890780296,-0.01722181509161705
n3116_taper0.5,114200000.0,0.0011504527208965778,0.009567753578346974,-0.018891935194439
n3116_taper0.5,114500000.0,0.001121804733437219,0.009270211784541441,-0.019684466766518357
n3116_taper0.5,114800000.0,0.0010899085320118533,0.008985078275039068,-0.019564232530912586
n3116_taper0.5,115100000.0,0.0010624351488386704,0.00877517832986104,-0.018738734209488836
n3116_taper0.5,115400000.0,0.0010455173646727225,0.008676440197333836,-0.017584273186610995
n3116_taper0.5,115700000.0,0.0010416790786102789,0.00868943456501814,-0.016526014720353217
n3116_taper0.5,116000000.0,0.0010490041183954346,0.008781766323626362,-0.015909181481541777
n3116_taper0.5,116300000.0,0.0010621353793132564,0.00890023435717503,-0.01590021646916505
n3116_taper0.5,116600000.0,0.0010744987231545568,0.008988768672589737,-0.01644666481249763
n3116_taper0.5,116900000.0,0.0010805713467144944,0.00900652508064611,-0.017306029610577794
n3116_taper0.5,117200000.0,0.0010774350637936326,0.008940622930275324,-0.018132763817614778
n3116_taper0.5,117500000.0,0.0010654627836911294,0.008809771112601781,-0.018595270779440565
n3116_taper0.5,117800000.0,0.0010482153251205777,0.008657871416180926,-0.018486361376155558
n3116_taper0.5,118100000.0,0.0010315620260588126,0.008539742856009138,-0.017793348809159948
n3116_taper0.5,118400000.0,0.0010219988150873755,0.00850346133660789,-0.016706805566337933
n3116_taper0.5,118700000.0,0.0010244122125249728,0.008574765568895054,-0.01556594679591325
n3116_taper0.5,119000000.0,0.0010401200363538508,0.008748275939716377,-0.014757858921459713
n3116_taper0.5,119300000.0,0.001066268992436976,0.00898814423572115,-0.014601542106378231
n3116_taper0.5,119600000.0,0.001096938920216532,0.009237865783871273,-0.01525189522352556
n3116_taper0.5,119900000.0,0.0011252019752287182,0.009436230914376313,-0.016652249275675064
n3116_taper0.5,120200000.0,0.0011450842989752757,0.009534601008347405,-0.0185490454754546
n3116_taper0.5,120500000.0,0.0011528751702963966,0.009510383011345987,-0.0205634785122967
n3116_taper0.5,120800000.0,0.001147736763260966,0.00937280134037431,-0.02229809902944694
n3116_taper0.5,121100000.0,0.0011317317749540495,0.009159424516400965,-0.02344644955442326
n3116_taper0.5,121400000.0,0.0011093316687227292,0.008924670084361036,-0.02387357069126222
n3116_taper0.5,121700000.0,0.0010863917706576667,0.008723858207234467,-0.02364452441276012
n3116_taper0.5,122000000.0,0.0010686288852940055,0.008597623538494512,-0.02299400109405636
n3116_taper0.5,122300000.0,0.0010599025519347895,0.008561275656880694,-0.022247753700340493
n3116_taper0.5,122600000.0,0.0010609577960373558,0.008602109363845678,-0.02172071049986926
n3116_taper0.5,122900000.0,0.0010693038967719056,0.008685209129966837,-0.021622965572783287
n3116_taper0.5,123200000.0,0.0010803249114920033,0.00876572606974687,-0.022001660872395072
n3116_taper0.5,123500000.0,0.0010890217573684452,0.008803709625879185,-0.022735222653966
n3116_taper0.5,123800000.0,0.001091625276631178,0.008776906368710868,-0.023580186197162154
n3116_taper0.5,124100000.0,0.0010866446203107952,0.008687665558672309,-0.024254937822993327
n3116_taper0.5,124400000.0,0.0010752488390199278,0.008561962184144603,-0.024533880935978275
n3116_taper0.5,124700000.0,0.0010609939366683595,0.008440976891433211,-0.024322906751203924
n3116_taper0.5,125000000.0,0.0010488982924172386,0.008367921851012337,-0.023693231539773534
n3116_taper0.5,125300000.0,0.0010439382293348056,0.008374202907380533,-0.022863644070616366
n3116_taper0.5,125600000.0,0.0010493175166278834,0.00846915423278648,-0.022136990000938564
n3116_taper0.5,125900000.0,0.001065214213686004,0.008636445892491098,-0.021810511234627593
n3116_taper0.5,126200000.0,0.0010886658007899265,0.008838208779723866,-0.02208731648319421
n3116_taper0.5,126500000.0,0.001114628976248231,0.009025582301858251,-0.023015561154136065
n3116_taper0.5,126800000.0,0.00113759942129802,0.009152481036174547,-0.024473220886759683
n3116_taper0.5,127100000.0,0.0011530899827209534,0.009188464627471245,-0.02620243988458836
n3116_taper0.5,127400000.0,0.001158604231935198,0.009126932121041185,-0.027882613483596337
n3116_taper0.5,127700000.0,0.0011540520184247314,0.008986318222724346,-0.029220072707508028
n3116_taper0.5,128000000.0,0.0011416587385703867,0.008804086267181465,-0.03002775477397734
n3116_taper0.5,128300000.0,0.0011254037582963767,0.008625448823222037,-0.030271754303139487
n3116_taper0.5,128600000.0,0.0011100179895406792,0.008490267519653299,-0.030071961044812388
n3116_taper0.5,128900000.0,0.0010996734609709238,0.008422046796762544,-0.029657915397621207
n3116_taper0.5,129200000.0,0.0010967155564419284,0.00842222040916828,-0.029294331367752238
n3116_taper0.5,129500000.0,0.001100951053238356,0.008471268740254006,-0.029199456650295642
n3116_taper0.5,129800000.0,0.0011098526687440453,0.008536116494339102,-0.029481011298688964
n3116_taper0.5,130100000.0,0.0011195812042880204,0.008581383373269651,-0.030108532805111374
n3116_taper0.5,130400000.0,0.0011263412299796786,0.008580957325581208,-0.030929501884775484
n3116_taper0.5,130700000.0,0.001127565492325148,0.008526345704983356,-0.0317232088742158
n3116_taper0.5,131000000.0,0.001122643836540777,0.008429313029576972,-0.032275022250464976
n3116_taper0.5,131300000.0,0.0011131092324024102,0.008318095204981562,-0.0324478759541717
n3116_taper0.5,131600000.0,0.0011022713712794722,0.00822844111668639,-0.03222903573439652
n3116_taper0.5,131900000.0,0.001094323280316095,0.00819228339338004,-0.031738034225708846
n3116_taper0.5,132200000.0,0.0010930593995966923,0.00822752265236842,-0.031193627881051202
n3116_taper0.5,132500000.0,0.0011005701624255773,0.008332030768098879,-0.030850070407338
n3116_taper0.5,132800000.0,0.0011164517944839518,0.008483667430949889,-0.03092215781783126
n3116_taper0.5,133100000.0,0.0011379186523428762,0.008646270110273087,-0.03152165733173933
n3116_taper0.5,133400000.0,0.0011607370686441746,0.008779783457589597,-0.03262402627485693
n3116_taper0.5,133700000.0,0.0011805104061618512,0.008851481118764354,-0.034074999545109695
n3116_taper0.5,134000000.0,0.001193826872763967,0.008844954358314165,-0.03563459265907284
n3116_taper0.5,134300000.0,0.001199005106712644,0.008764261625133545,-0.037044993382954555
n3116_taper0.5,134600000.0,0.001196373610596268,0.008632115258050403,-0.03810198154283447
n3116_taper0.5,134900000.0,0.0011881019534581093,0.008482769343572179,-0.03870886937085219
n3116_taper0.5,135200000.0,0.0011776180435804384,0.008351829165568926,-0.03889756753881226
n3116_taper0.5,135500000.0,0.0011686840990572632,0.008266068521137034,-0.038811474330280905
n3116_taper0.5,135800000.0,0.0011643152198882404,0.008236269261697819,-0.03865637129536772
n3116_taper0.5,136100000.0,0.0011658699820772205,0.008255124205830478,-0.038634922944528964
n3116_taper0.5,136400000.0,0.0011726785512628634,0.008300677643448728,-0.03888492226182918
n3116_taper0.5,136700000.0,0.0011823802120884107,0.008344100214391175,-0.03943981322639323
n3116_taper0.5,137000000.0,0.001191812718662933,0.008359315531457072,-0.04022286106642737
n3116_taper0.5,137300000.0,0.001198080816245073,0.008331492280686489,-0.041075906061658195
n3116_taper0.5,137600000.0,0.0011994502137402138,0.008261822546466704,-0.04181313925385892
n3116_taper0.5,137900000.0,0.0011958607405797717,0.008167183053413265,-0.042282932478332244
n3116_taper0.5,138200000.0,0.0011889809225102477,0.008074852847393302,-0.04241859792637606
n3116_taper0.5,138500000.0,0.0011817952504465895,0.008013958941650294,-0.04226259346528912
n3116_taper0.5,138800000.0,0.0011777779263051264,0.008006292924239123,-0.041956943483192316
n3116_taper0.5,139100000.0,0.0011798260145316473,0.008059302239487125,-0.041702965368289845
n3116_taper0.5,139400000.0,0.0011892841891085804,0.008163372319618539,-0.04170264347625343
n3116_taper0.5,139700000.0,0.0012054550608829413,0.00829419877100462,-0.04209939786117874
n3116_taper0.5,140000000.0,0.0012258147039740813,0.008419509249801465,-0.04293597627378781
n3116_taper0.5,140300000.0,0.0012468165294143845,0.008508100830374432,-0.04414184667002068
n3116_taper0.5,140600000.0,0.001264926599839823,0.008538495978481725,-0.045553489727643594
n3116_taper0.5,140900000.0,0.001277534511697457,0.00850467560804772,-0.04696115091305695
n3116_taper0.5,141200000.0,0.0012835317786052123,0.008417258457633768,-0.04816786982597141
n3116_taper0.5,141500000.0,0.0012834885703377097,0.008299875670997332,-0.04904322800453221
n3116_taper0.5,141800000.0,0.001279432605222471,0.008181918454877295,-0.04955616770309606
n3116_taper0.5,142100000.0,0.0012742742155990093,0.008089888605224917,-0.04977777080519176
n3116_taper0.5,142400000.0,0.0012709818871226332,0.008039948979910045,-0.04985402225597584
n3116_taper0.5,142700000.0,0.0012717092874655696,0.008033854544630868,-0.04995754110395557
n3116_taper0.5,143000000.0,0.0012771551552583048,0.008059381918592758,-0.050233356884681814
n3116_taper0.5,143300000.0,0.0012864039220411875,0.00809499715033976,-0.05075525134454009
n3116_taper0.5,143600000.0,0.001297311611202326,0.008117229122318975,-0.0515056229045561
n3116_taper0.5,143900000.0,0.0013072717010567437,0.008108431422520927,-0.052384433697840106
n3116_taper0.5,144200000.0,0.0013140719187580976,0.008062545471559001,-0.05324387233176451
n3116_taper0.5,144500000.0,0.001316580042221963,0.007987128911217375,-0.05393762616972103
n3116_taper0.5,144800000.0,0.0013150990236021438,0.007901076078555155,-0.05436940568160876
n3116_taper0.5,145100000.0,0.0013113259227484587,0.007828773803440643,-0.05452581225180381
n3116_taper0.5,145400000.0,0.0013079178447919881,0.007792508396012829,-0.054483578107189595
n3116_taper0.5,145700000.0,0.0013077434960057466,0.007805450065702752,-0.054389084744164484
n3116_taper0.5,146000000.0,0.0013130053890514598,0.007867343122996927,-0.054416475587747995
n3116_taper0.5,146300000.0,0.0013245175186988327,0.007964192867788246,-0.054717078340891526
n3116_taper0.5,146600000.0,0.0013414193683850763,0.008072024262347434,-0.05537533807337316
n3116_taper0.5,146900000.0,0.0013614424945168492,0.008163565607808069,-0.05638433950022658
n3116_taper0.5,147200000.0,0.0013816057855471843,0.008215850865972629,-0.05764797856249759
n3116_taper0.5,147500000.0,0.0013990630947447382,0.008216489174726269,-0.059008805963143535
n3116_taper0.5,147800000.0,0.0014118333997085544,0.008166781699764505,-0.060292954602210354
n3116_taper0.5,148100000.0,0.001419244530531403,0.008080832664060822,-0.06135864518386574
n3116_taper0.5,148400000.0,0.0014220239003283606,0.00798100506745957,-0.062133956863176486
n3116_taper0.5,148700000.0,0.0014220389099555471,0.007891149351015262,-0.0626330208786734
n3116_taper0.5,149000000.0,0.001421744450672467,0.0078296656468975,-0.06294643829309855
n3116_taper0.5,149300000.0,0.0014234616135000856,0.007804465264633579,-0.06320950168704617
n3116_taper0.5,149600000.0,0.001428684942343507,0.007811282900208993,-0.06355836466692594
n3116_taper0.5,149900000.0,0.00143764620303711,0.007835752223429944,-0.06408769750665834
n3116_taper0.5,150200000.0,0.001449295228115336,0.00785851405876715,-0.06482262151767029
n3116_taper0.5,150500000.0,0.0014617006332382511,0.007861725134944564,-0.0657131264369796
n3116_taper0.5,150800000.0,0.0014727129324625758,0.007834943652127387,-0.06665219861445561
n3116_taper0.5,151100000.0,0.0014806599907723748,0.007778594108454055,-0.06751166955404103
n3116_taper0.5,151400000.0,0.0014848723696920328,0.007703978462261985,-0.06818450986085908
n3116_taper0.5,151700000.0,0.0014859123187516558,0.007629864540533169,-0.06862049586636967
n3116_taper0.5,152000000.0,0.001485457130998587,0.007576721485417188,-0.06884434815911801
n3116_taper0.5,152300000.0,0.0014858570701446637,0.007560374323123247,-0.06895087223420525
n3116_taper0.5,152600000.0,0.0014894654353493357,0.0075870088313352586,-0.06907864544844897
n3116_taper0.5,152900000.0,0.0014979237970648956,0.007651032700394777,-0.06937025973130037
n3116_taper0.5,153200000.0,0.0015116380094792412,0.007736424966789122,-0.06993110396671406
n3116_taper0.5,153500000.0,0.0015296398152157534,0.00782115238979935,-0.07079898768535392
n3116_taper0.5,153800000.0,0.0015498838892204665,0.00788331883901244,-0.07193352513920057
n3116_taper0.5,154100000.0,0.0015698577189540517,0.007907214330956796,-0.07322819166990462
n3116_taper0.5,154400000.0,0.0015872836148535408,0.007887487020067706,-0.07454117972866725
n3116_taper0.5,154700000.0,0.0016007017631010502,0.007830247565162776,-0.07573566480924902
n3116_taper0.5,155000000.0,0.001609796682088772,0.007750846385839694,-0.07671746752608398
n3116_taper0.5,155300000.0,0.0016154104378145887,0.007669056678404363,-0.07745910024306903
n3116_taper0.5,155600000.0,0.0016192528739652071,0.007603152478373988,-0.07800345605211659
n3116_taper0.5,155900000.0,0.0016233799426157596,0.007564669214066693,-0.07844660690573062
n3116_taper0.5,156200000.0,0.0016295737264169856,0.007555391795425471,-0.07890543659649919
n3116_taper0.5,156500000.0,0.0016388056101149168,0.0075674133716780315,-0.07948026241092918
n3116_taper0.5,156800000.0,0.0016509595711251665,0.007586165000435632,-0.08022389218022277
n3116_taper0.5,157100000.0,0.0016649116667759134,0.007595420805972627,-0.08112638263071499
n3116_taper0.5,157400000.0,0.0016789315069318598,0.007582704146571076,-0.08211982765172714
n3116_taper0.5,157700000.0,0.0016912594972932065,0.007543426823940855,-0.08310134831820336
n3116_taper0.5,158000000.0,0.0017006719436560914,0.007482505065861348,-0.08396695572680886
n3116_taper0.5,158300000.0,0.0017068737739171663,0.007412980438028949,-0.08464575603709851
n3116_taper0.5,158600000.0,0.0017106207749659613,0.00735208932369282,-0.08512398973123934
n3116_taper0.5,158900000.0,0.0017135414294258866,0.007315994204101054,-0.08545159001315852
n3116_taper0.5,159200000.0,0.0017176968910508925,0.007314784297312538,-0.08572930623913763
n3116_taper0.5,159500000.0,0.001724989068850653,0.0073492581894915926,-0.08608032756215639
n3116_taper0.5,159800000.0,0.0017365885969831732,0.007410451370873866,-0.08661497929139461
n3116_taper0.5,160100000.0,0.0017525713969337093,0.007482038344398795,-0.08739906742831469
n3116_taper0.5,160400000.0,0.0017718927470782133,0.007544877035649817,-0.0884352463460056
n3116_taper0.5,160700000.0,0.0017927042438925416,0.007582332472941939,-0.08966278760076334
n3116_taper0.5,161000000.0,0.0018128945694355066,0.007584803135470993,-0.09097557844918575
n3116_taper0.5,161300000.0,0.0018306724725044566,0.007552134182617358,-0.09225276602512827
n3116_taper0.5,161600000.0,0.0018450235706601874,0.007493251026691936,-0.09339280422580402
n3116_taper0.5,161900000.0,0.0018559309885027024,0.007423183915413469,-0.09434081893681144
n3116_taper0.5,162200000.0,0.0018643184676491408,0.007358426304557653,-0.09510138871689608
n3116_taper0.5,162500000.0,0.0018717387679337864,0.007312047070455664,-0.09573334292680713
n3116_taper0.5,162800000.0,0.00187989010066916,0.007290020651293216,-0.09632862372856744
n3116_taper0.5,163100000.0,0.0018900949580868535,0.0072898432620274265,-0.09698199462635895
n3116_taper0.5,163400000.0,0.0019028997983509498,0.007301793075770208,-0.09776099253032185
n3116_taper0.5,163700000.0,0.001917926301831508,0.007312386618328974,-0.09868525778344595
n3116_taper0.5,164000000.0,0.0019340221518597414,0.007308926987546177,-0.0997213624878533
n3116_taper0.5,164300000.0,0.0019496543785313678,0.007283727587320449,-0.10079444636759807
n3116_taper0.5,164600000.0,0.001963410644183699,0.0072367160019249106,-0.10181284121404077
n3116_taper0.5,164900000.0,0.0019744524906560477,0.007175633018440202,-0.10269796900427734
n3116_taper0.5,165200000.0,0.001982793350899045,0.0071137819718126985,-0.10341028750010058
n3116_taper0.5,165500000.0,0.0019893291166389443,0.007066027719079391,-0.10396335031302092
n3116_taper0.5,165800000.0,0.00199561204796579,0.007044268899424394,-0.10442171984385314
n3116_taper0.5,166100000.0,0.0020034233390398,0.007053756657120406,-0.10488338760299164
n3116_taper0.5,166400000.0,0.002014259922074517,0.007091367113965563,-0.10545202278241328
n3116_taper0.5,166700000.0,0.002028889685654712,0.007146338463135596,-0.10620738381264919
n3116_taper0.5,167000000.0,0.0020471205410560137,0.0072032403466209295,-0.10718270114063133
n3116_taper0.5,167300000.0,0.002067861256756871,0.007246278841188824,-0.10835566307941397
n3116_taper0.5,167600000.0,0.0020894491193504264,0.007263653585268475,-0.10965550234707411
n3116_taper0.5,167900000.0,0.0021101299634655145,0.007250686213777371,-0.11098385919509658
n3116_taper0.5,168200000.0,0.0021285382031204624,0.007210824382584583,-0.11224304318138908
n3116_taper0.5,168500000.0,0.00214404180312458,0.007154271949475708,-0.11336322989041912
n3116_taper0.5,168800000.0,0.0021568678090833284,0.007094705968089601,-0.11432060311249737
n3116_taper0.5,169100000.0,0.002167985221532536,0.007045101865295402,-0.11514130582867034
n3116_taper0.5,169400000.0,0.0021787821395389284,0.007013933857998651,-0.11589040508681624
n3116_taper0.5,169700000.0,0.002190627845124079,0.007002879359321689,-0.11664958285990287
n3116_taper0.5,170000000.0,0.002204447763078033,0.007006680938347035,-0.11749058054408203
n4156_taper0,20000000.0,1.1247300721414255,-13.670450114104026,122.39624338281489
n4156_taper0,20300000.0,1.128556120817239,-0.4393818020009501,70.64515841088024
n4156_taper0,20600000.0,1.1339237562828923,4.035268310124523,45.0995066922262
n4156_taper0,20900000.0,1.1392692496817707,6.060405195246946,21.49489448798439
n4156_taper0,21200000.0,1.1430058370156544,6.617159106978919,-1.6905000911804193
n4156_taper0,21500000.0,1.1443751911425912,5.890907959399241,-24.95810020264477
n4156_taper0,21800000.0,1.1438494215146715,3.6255184719609677,-48.89583674331401
n4156_taper0,22100000.0,1.1428823924982152,-1.3898933061458976,-75.73491349672689
n4156_taper0,22400000.0,1.1431293314425803,-16.43465651184661,-160.38941398728525
n4156_taper0,22700000.0,1.1455359109490877,-2.2975398099248974,79.60761060475917
n4156_taper0,23000000.0,1.1498039676730127,3.2619489330054776,51.88202247621562
n4156_taper0,23300000.0,1.1545502916244708,5.765808868802176,27.70322627602936
n4156_taper0,23600000.0,1.1580654771717958,6.660586968438813,4.256131871046332
n4156_taper0,23900000.0,1.1592364521255218,6.263349154549838,-19.13419005238365
n4156_taper0,24200000.0,1.1581364246992507,4.439037143078844,-43.01530378836645
n4156_taper0,24500000.0,1.1559848026368702,0.35460230290327466,-68.93596982353974
n4156_taper0,24800000.0,1.1544948194339006,-10.591251901073367,-114.56079767478506
n4156_taper0,25100000.0,1.1549376392807273,-4.670858311509135,89.64465603727875
n4156_taper0,25400000.0,1.1574315951879899,2.3269173506029293,58.41972694133414
n4156_taper0,25700000.0,1.1608702682001768,5.358039676237628,33.61635673113603
n4156_taper0,26000000.0,1.163533213474744,6.590360827170877,9.949989579855151
n4156_taper0,26300000.0,1.1640215989026408,6.496998190938502,-13.497842366052657
n4156_taper0,26600000.0,1.1620027481459942,5.046607819575807,-37.252984461727536
n4156_taper0,26900000.0,1.1583821184754786,1.6482372077029694,-62.41277780416143
n4156_taper0,27200000.0,1.1548184821746816,-6.547285799967286,-96.84415948044517
n4156_taper0,27500000.0,1.152823904848208,-7.8872147524259955,101.90110859514306
n4156_taper0,27800000.0,1.1529264921658395,1.18874102833971,64.54707505443542
n4156_taper0,28100000.0,1.1543736819889834,4.821102909639347,39.144465404715376
n4156_taper0,28400000.0,1.1555522801060363,6.3991808019396785,15.355927901589187
n4156_taper0,28700000.0,1.1548748055282219,6.5941064845931665,-8.047230023677091
n4156_taper0,29000000.0,1.15163101224422,5.47230086305448,-31.575854832501708
n4156_taper0,29300000.0,1.1463587919664757,2.613571562037209,-55.99391933283502
n4156_taper0,29600000.0,1.1405532158474112,-3.9018629496641606,-85.22028150218304
n4156_taper0,29900000.0,1.1358597177995786,-12.750537016306453,120.96678212882567
n4156_taper0,30200000.0,1.1331715791269867,-0.22232693569356202,70.02301101283955
n4156_taper0,30500000.0,1.1321357632091273,4.131772126624631,44.19114969689252
n4156_taper0,30800000.0,1.131356944035864,6.076959289404892,20.451178810675813
n4156_taper0,31100000.0,1.1291747030031267,6.5552656356066255,-2.7651309449843176
n4156_taper0,31400000.0,1.1245637542521734,5.734634997360404,-25.94194569582275
n4156_taper0,31700000.0,1.1176739813582466,3.3273923288102845,-49.57497792029667
n4156_taper0,32000000.0,1.1097431626778058,-2.0247184225111217,-75.52954714811955
n4156_taper0,32300000.0,1.102430781252001,-19.78753582039656,178.20789746161944
n4156_taper0,32600000.0,1.0969154286000427,-2.022509747288744,74.46168863431798
n4156_taper0,32900000.0,1.0932490047446208,3.260097826079289,48.64802578118058
n4156_taper0,33200000.0,1.090340995262378,5.612883687364732,25.221825707679656
n4156_taper0,33500000.0,1.0865772630352335,6.381835422356334,2.3723825932852938
n4156_taper0,33800000.0,1.0807064908611401,5.850538320815016,-20.3147366924247
n4156_taper0,34100000.0,1.0725056225350516,3.844412300436147,-43.10397728455434
n4156_taper0,34400000.0,1.0628885233477345,-0.613627914266996,-66.65409153751084
n4156_taper0,34700000.0,1.0534126690070884,-14.760596127925215,-102.04035772372995
n4156_taper0,35000000.0,1.0454371733642802,-4.4121662658875564,77.07767476860097
n4156_taper0,35300000.0,1.0393829658316416,2.170190205996328,52.36436035115889
n4156_taper0,35600000.0,1.03451550296979,4.997128935274077,29.646372813917033
n4156_taper0,35900000.0,1.0293733358679136,6.0770858722356715,7.378862401481189
n4156_taper0,36200000.0,1.0225820853660903,5.8363905812617825,-14.680933436305383
n4156_taper0,36500000.0,1.013592963519111,4.205660065592697,-36.58237752621298
n4156_taper0,36800000.0,1.0029637185040383,0.4896276519978394,-58.25165535775232
n4156_taper0,37100000.0,0.9920525919030503,-9.20633664843218,-78.6917027084434
n4156_taper0,37400000.0,0.9822858404831539,-7.764028534355463,75.67301909014348
n4156_taper0,37700000.0,0.9743844980918822,0.8199123539942579,55.074769884439725
n4156_taper0,38000000.0,0.9679816036477572,4.221112973938305,33.66863922661465
n4156_taper0,38300000.0,0.9618495689214137,5.645499492631631,12.239150690193982
n4156_taper0,38600000.0,0.9545941531934492,5.7067827304173155,-9.061766582194322
n4156_taper0,38900000.0,0.9454118614953512,4.440560658277341,-30.05749933644404
n4156_taper0,39200000.0,0.9345077279418302,1.371126126874568,-50.23827411297869
n4156_taper0,39500000.0,0.922973597082586,-5.750718170200264,-66.32939255513021
n4156_taper0,39800000.0,0.912197831547813,-12.670132139269404,61.492416939235014
n4156_taper0,40100000.0,0.9031139757065324,-0.8397419207899279,56.25659810518216
n4156_taper0,40400000.0,0.8956994068067027,3.276272943897524,37.16571618742438
n4156_taper0,40700000.0,0.8890104644838335,5.090862857285314,16.897418688838506
n4156_taper0,41000000.0,0.8817247200154503,5.472595066320542,-3.512382704822113
n4156_taper0,41300000.0,0.8728674999237152,4.567760997472386,-23.603363615365243
n4156_taper0,41600000.0,0.8623246614420046,2.076861491393132,-42.608913738072346
n4156_taper0,41900000.0,0.8508881632297366,-3.3507876870721316,-57.11749203823673
n4156_taper0,42200000.0,0.8398237921820905,-15.815413440760878,7.649545863949916
n4156_taper0,42500000.0,0.8301860859093436,-2.855180466633453,54.844551251902814
n4156_taper0,42800000.0,0.8222483882472872,2.152836713024276,39.91141124889301
n4156_taper0,43100000.0,0.8153702755933724,4.41450003597971,21.2525464691178
n4156_taper0,43400000.0,0.8083734610441212,5.139933498193322,1.8869613094259494
n4156_taper0,43700000.0,0.8001967007435637,4.596955397684147,-17.300047262396415
n4156_taper0,44000000.0,0.7904605853154164,2.630933622640439,-35.36783333464582
n4156_taper0,44300000.0,0.7796538884584767,-1.5812759110873131,-49.3074642225704
n4156_taper0,44600000.0,0.7688604959894239,-10.97223723076528,-30.18697307076808
n4156_taper0,44900000.0,0.7591716215015234,-5.201471948280466,48.68067449053565
n4156_taper0,45200000.0,0.7510939482787374,0.8413784834885712,41.525041943619705
n4156_taper0,45500000.0,0.7442835073118289,3.6146996908559954,25.154911768531438
n4156_taper0,45800000.0,0.7377558956986219,4.710401477190328,7.039628091788131
n4156_taper0,46100000.0,0.7304400933971793,4.531601679101771,-11.221415799703417
n4156_taper0,46400000.0,0.7217552782440356,3.046512796281263,-28.510114112386876
n4156_taper0,46700000.0,0.7119065526266589,-0.24126211324291175,-42.281958556536004
n4156_taper0,47000000.0,0.7017612560311164,-6.892835226898191,-38.06994487340387
n4156_taper0,47300000.0,0.692376557879961,-7.47802662295057,34.19713181527037
n4156_taper0,47600000.0,0.6844250551404643,-0.657483237751274,41.38970763746967
n4156_taper0,47900000.0,0.677833115383988,2.6878073209684645,28.396934083965352
n4156_taper0,48200000.0,0.6718380300668891,4.182289464912859,11.835382538446607
n4156_taper0,48500000.0,0.6654227860491324,4.371542746094603,-5.433322944209169
n4156_taper0,48800000.0,0.657870483219256,3.3317912834052335,-22.02500533163241
n4156_taper0,49100000.0,0.6491368428739412,0.7798204702760024,-35.76362075563287
n4156_taper0,49400000.0,0.6398588845208655,-4.155757952650011,-38.154892374550286
n4156_taper0,49700000.0,0.6310050231465774,-8.398093181869793,11.052094853463055
n4156_taper0,50000000.0,0.6233484818560189,-2.302420653480017,38.54795495830621
n4156_taper0,50300000.0,0.6170474716240728,1.6315575537798541,30.692162150813537
n4156_taper0,50600000.0,0.6115699605611402,3.55216128046159,16.145785076660403
n4156_taper0,50900000.0,0.6060018586947022,4.1149208685185465,0.0011510614368238307
n4156_taper0,51200000.0,0.5995514035251835,3.492714409479238,-15.904440406901502
n4156_taper0,51500000.0,0.5919671852647234,1.5495826660547751,-29.614246139577055
n4156_taper0,51800000.0,0.5836581696402088,-2.219124092178385,-35.61923270313937
n4156_taper0,52100000.0,0.5754650513594791,-7.221456800327276,-9.692260643899115
n4156_taper0,52400000.0,0.5682028467753963,-3.9349020887631574,31.739678104787703
n4156_taper0,52700000.0,0.5622167157660534,0.4524370685091494,31.642865282709828
n4156_taper0,53000000.0,0.5571995394407864,2.8167481365258156,19.81318291605517
n4156_taper0,53300000.0,0.5523746127168495,3.7593915458884677,5.013387530145421
n4156_taper0,53600000.0,0.5469293743592043,3.534033036233513,-10.150092769341802
n4156_taper0,53900000.0,0.5404505028563936,2.112337526524906,-23.76564383094594
n4156_taper0,54200000.0,0.533132611625548,-0.797020092904474,-31.95758245742281
n4156_taper0,54500000.0,0.5256637160016817,-5.2339343597991705,-20.817863189848683
n4156_taper0,54800000.0,0.5188503869730378,-5.167728153101336,20.24180115360446
n4156_taper0,55100000.0,0.5131779359507269,-0.8187818827050287,30.711012171696392
n4156_taper0,55400000.0,0.50854767425388,1.9756430680827366,22.634874581415676
n4156_taper0,55700000.0,0.5043418913524073,3.302984830919929,9.51999490442429
n4156_taper0,56000000.0,0.49977294606559725,3.4596880669305885,-4.7780322335432555
n4156_taper0,56300000.0,0.49431052648015017,2.4984682258951083,-18.190366051413957
n4156_taper0,56600000.0,0.48795621845122855,0.2629893298639732,-27.75360552267524
n4156_taper0,56900000.0,0.481232089188615,-3.3912443126990075,-25.02884750864288
n4156_taper0,57200000.0,0.4748952170695775,-5.493508798220978,6.003843268736098
n4156_taper0,57500000.0,0.46952539467694465,-2.0975380035059175,27.256461694535354
n4156_taper0,57800000.0,0.4652085937780335,1.0359364019320365,24.34538163335524
n4156_taper0,58100000.0,0.46149686577329935,2.7450663376134936,13.413194615565324
n4156_taper0,58400000.0,0.4576647935182655,3.273061711313505,0.17799226242320865
n4156_taper0,58700000.0,0.4531077844465076,2.729451792883821,-12.887801814536129
n4156_taper0,59000000.0,0.4476604767281445,1.0493927342706413,-23.29075444516338
n4156_taper0,59300000.0,0.4416750892555434,-1.8924965840374428,-25.505084988685937
n4156_taper0,59600000.0,0.4358270137238235,-4.843867953337584,-6.439272485841635
n4156_taper0,59900000.0,0.43074779943763136,-3.206904341490377,20.815029378719277
n4156_taper0,60200000.0,0.4266796789905438,0.020643984101242043,24.606188495708817
n4156_taper0,60500000.0,0.42334633426369894,2.0879144668652,16.550930235073164
n4156_taper0,60800000.0,0.42011395755830994,2.9773637365713705,4.663478982457056
n4156_taper0,61100000.0,0.41634320456190993,2.8208477231136113,-7.8774855684065495
n4156_taper0,61400000.0,0.4117306135096674,1.6173154767566869,-18.733142979930406
n4156_taper0,61700000.0,0.4064620157542401,-0.7158475259667147,-23.978784808048903
n4156_taper0,62000000.0,0.40110699042763137,-3.6883675781983563,-14.414306326012044
n4156_taper0,62300000.0,0.39631001411609335,-3.885518494061122,11.790430571132097
n4156_taper0,62600000.0,0.39243846572507657,-1.0171966367558558,23.03089900404255
n4156_taper0,62900000.0,0.3893822642494361,1.3395755657801756,18.74796024528173
n4156_taper0,63200000.0,0.3866213506438204,2.57633563019315,8.599588730318324
n4156_taper0,63500000.0,0.3835175826222633,2.784271976528832,-3.1963699095207305
n4156_taper0,63800000.0,0.37965974239459305,2.00300949620279,-14.192053184993465
n4156_taper0,64100000.0,0.37507653721600737,0.19158887528170315,-21.34012093201899
n4156_taper0,64400000.0,0.37021479126921064,-2.4637868073425704,-18.28732754889086
n4156_taper0,64700000.0,0.36569738647094124,-3.939548841316401,2.001322380377437
n4156_taper0,65000000.0,0.36198433733327423,-1.9770308523662523,19.308177761642025
n4156_taper0,65300000.0,0.3591203984382138,0.5188496101046198,19.773040390135407
n4156_taper0,65600000.0,0.3567147532652649,2.075488023139758,11.879000056286976
n4156_taper0,65900000.0,0.3541627168393242,2.6288821544192413,1.1014432874273605
n4156_taper0,66200000.0,0.3509763936114239,2.23137979163473,-9.75489970063949
n4156_taper0,66500000.0,0.3470413332574539,0.8756571951152023,-18.07668545325483
n4156_taper0,66800000.0,0.3426710758677219,-1.3666340363558365,-19.319635877922476
n4156_taper0,67100000.0,0.33843684793665874,-3.432273727400324,-6.242012431617431
n4156_taper0,67400000.0,0.33485830563441765,-2.7075214579142397,13.49112441330736
n4156_taper0,67700000.0,0.33211853163848754,-0.33690797092468383,19.36597421228573
n4156_taper0,68000000.0,0.3299651963570464,1.4841870226449387,14.362287900930745
n4156_taper0,68300000.0,0.3278555411044468,2.362707905901678,4.943358586292617
n4156_taper0,68600000.0,0.325256341919599,2.320263630381279,-5.499937993621446
n4156_taper0,68900000.0,0.32192795107648514,1.3710890745843742,-14.480547849700834
n4156_taper0,69200000.0,0.318045960522786,-0.452178040123843,-18.5446578431723
n4156_taper0,69500000.0,0.31410444538234655,-2.6171776414396994,-11.745260500154922
n4156_taper0,69800000.0,0.3106499299472877,-3.0544307096433783,6.339843402713539
n4156_taper0,70100000.0,0.3079828650015221,-1.1623270947078597,17.302180741402868
n4156_taper0,70400000.0,0.30599255314200113,0.8190004394909434,15.878187979069708
n4156_taper0,70700000.0,0.30422262070386485,1.9941018091121465,8.2360672094656
n4156_taper0,71000000.0,0.30212576617392045,2.2831224829920256,-1.5049945975494463
n4156_taper0,71300000.0,0.29935865834630215,1.7035772832853857,-10.744647487606274
n4156_taper0,71600000.0,0.2959598371919677,0.27759084752893975,-16.64614867217714
n4156_taper0,71900000.0,0.2923254837166549,-1.7281548353554987,-14.596322403371948
n4156_taper0,72200000.0,0.28899710906057124,-2.9599414066849987,-0.7579640133036711
n4156_taper0,72500000.0,0.28636767566215776,-1.8599496450246586,13.536697886570701
n4156_taper0,72800000.0,0.2844651165280584,0.10859176786403368,16.23550034560143
n4156_taper0,73100000.0,0.28293943246180325,1.5335901960936256,10.86361154014251
n4156_taper0,73400000.0,0.2812599377486018,2.130978379634392,2.146522249536024
n4156_taper0,73700000.0,0.27900436184913135,1.892333050034577,-7.010452010573276
n4156_taper0,74000000.0,0.2760805373374622,0.8363286857761618,-14.0634575256864
n4156_taper0,74300000.0,0.27277108984794635,-0.8983998036937019,-15.399458809376315
n4156_taper0,74600000.0,0.26958229642543746,-2.510975230908823,-6.506233219912383
n4156_taper0,74900000.0,0.2669715014871218,-2.3172445692069132,8.402895058054387
n4156_taper0,75200000.0,0.2650959953766155,-0.6004577990815345,15.260853881780971
n4156_taper0,75500000.0,0.2637269644480431,0.9964121240310375,12.688092635734
n4156_taper0,75800000.0,0.2623797863675314,1.8740788397013564,5.3611122489139325
n4156_taper0,76100000.0,0.2605808589307083,1.952194638173038,-3.3934377540403746
n4156_taper0,76400000.0,0.25811908614075907,1.2402893557695274,-11.088158126310681
n4156_taper0,76700000.0,0.25515341367087946,-0.1848836995177736,-14.76604386801941
n4156_taper0,77000000.0,0.2521272500043271,-1.8692958653066285,-10.317249471911257
n4156_taper0,77300000.0,0.24953174878194145,-2.4545949310465414,2.691954599368945
n4156_taper0,77600000.0,0.2476379794613384,-1.2401585571436065,12.879239010657704
n4156_taper0,77900000.0,0.24634705375522906,0.4059264877485357,13.557722731705073
n4156_taper0,78200000.0,0.2452476120651021,1.5236285856135166,8.032131273732324
n4156_taper0,78500000.0,0.2438446312076943,1.8953226950484814,0.0021126541620042705
n4156_taper0,78800000.0,0.2418252632598771,1.5044356773171863,-7.925646692631825
n4156_taper0,79100000.0,0.23922070706344556,0.3947823789935539,-13.171795982206099
n4156_taper0,79400000.0,0.2363875369768062,-1.1777855627312224,-12.255561387612122
n4156_taper0,79700000.0,0.2338188278805458,-2.274838090344627,-2.5974749060214957
n4156_taper0,80000000.0,0.23187778481371707,-1.7274211031958293,9.23360068176811
n4156_taper0,80300000.0,0.23059718062952508,-0.20243437749495494,13.330284537417635
n4156_taper0,80600000.0,0.2296625363630611,1.0938521538202797,10.039317769630195
n4156_taper0,80900000.0,0.2285887368358897,1.7326852876194634,3.073905730643005
n4156_taper0,81200000.0,0.22698356383598373,1.6417257183371974,-4.731931942175917
n4156_taper0,81500000.0,0.2247529512434272,0.8401082396003261,-10.962264233641891
n4156_taper0,81800000.0,0.22214752068362043,-0.5263186173478906,-12.677638649154154
n4156_taper0,82100000.0,0.21963051099130038,-1.861174680712674,-6.703904878497919
n4156_taper0,82400000.0,0.21763022988654926,-1.9877372040404642,4.775357371144836
n4156_taper0,82700000.0,0.21630507980898672,-0.778320773377505,11.921807109317212
n4156_taper0,83000000.0,0.21545590596088046,0.6045412826929271,11.253608139947442
n4156_taper0,83300000.0,0.21463895099406943,1.4755423530194811,5.715951805306749
n4156_taper0,83600000.0,0.21340973061679772,1.6634881563796986,-1.6357952616788527
n4156_taper0,83900000.0,0.21155829210361876,1.1571770411594775,-8.388974971630354
n4156_taper0,84200000.0,0.20921620338899283,0.03925948205536204,-11.979147789771085
n4156_taper0,84500000.0,0.2067869457986756,-1.3259548771241256,-9.331037702990333
n4156_taper0,84800000.0,0.2047327163811406,-1.9894745262171585,0.2017928271713913
n4156_taper0,85100000.0,0.20332339181929185,-1.2586080292087396,9.381965411999003
n4156_taper0,85400000.0,0.20248672108330062,0.08393247060299633,11.55199006112159
n4156_taper0,85700000.0,0.20185013798097073,1.1371124175674319,7.816115073273248
n4156_taper0,86000000.0,0.2009478264479086,1.5802074450366488,1.247496273941613
n4156_taper0,86300000.0,0.1994703100856449,1.354192151508165,-5.641821617358978
n4156_taper0,86600000.0,0.1974240632671559,0.49969161020203867,-10.499461037024629
n4156_taper0,86900000.0,0.19512656654167662,-0.7643163334057056,-10.553038824318458
n4156_taper0,87200000.0,0.19304025928582444,-1.7616236531523024,-3.7875950757049264
n4156_taper0,87500000.0,0.19152448364079588,-1.5794413281831887,5.968009440824503
n4156_taper0,87800000.0,0.19063706998045327,-0.4289802608476867,10.848396914890243
n4156_taper0,88100000.0,0.19010273866956748,0.7345343609444389,9.258115217655206
n4156_taper0,88400000.0,0.18946770633129917,1.4025391396793427,3.8077060589478227
n4156_taper0,88700000.0,0.18834603072317385,1.4398556956787731,-2.8723691043397124
n4156_taper0,89000000.0,0.186620907050521,0.8496347885936488,-8.50730618497276
n4156_taper0,89300000.0,0.18450306663999663,-0.23901664578137885,-10.616270527605291
n4156_taper0,89600000.0,0.18242129596794215,-1.3768396368642875,-6.738041188247282
n4156_taper0,89900000.0,0.1807955860769652,-1.6979608216847102,2.1500332872802477
n4156_taper0,90200000.0,0.17980754659011025,-0.884848845171176,9.14313417045433
n4156_taper0,90500000.0,0.17929920321969597,0.29104735078151467,9.930709535829896
n4156_taper0,90800000.0,0.1788626464164758,1.142548749769565,5.935105248089628
n4156_taper0,91100000.0,0.17806444188358048,1.4230544932468392,-0.20960967448155865
n4156_taper0,91400000.0,0.1766746033137111,1.0905171147470223,-6.213071146924871
n4156_taper0,91700000.0,0.17478347584565024,0.21479820023317384,-9.801224073713938
n4156_taper0,92000000.0,0.17275447898922583,-0.9171048047261005,-8.507872126985308
n4156_taper0,92300000.0,0.17103446863937688,-1.6116567989063124,-1.5045951124008352
n4156_taper0,92600000.0,0.169912738114832,-1.2302062350198557,6.57883133724414
n4156_taper0,92900000.0,0.16936028490294064,-0.16212218205187548,9.747804985820672
n4156_taper0,93200000.0,0.16904692061729928,0.8151975520744879,7.520099445921177
n4156_taper0,93500000.0,0.16852524786730905,1.3132041955283453,2.229734461099324
n4156_taper0,93800000.0,0.16747044890693955,1.2269917066156313,-3.7853424819890105
n4156_taper0,94100000.0,0.16584722620932107,0.5801797686336877,-8.36254490577991
n4156_taper0,94400000.0,0.16392653079323727,-0.44946998962777396,-9.180847967250584
n4156_taper0,94700000.0,0.1621458385539199,-1.3591981542029812,-4.515444693858632
n4156_taper0,95000000.0,0.16087690938203172,-1.4209142413847524,3.4669222648867524
n4156_taper0,95300000.0,0.1602211774682678,-0.58542664211475,8.68179971287751
n4156_taper0,95600000.0,0.15995318479381704,0.4400110377334948,8.458450282081133
n4156_taper0,95900000.0,0.15964764663935024,1.120995953209222,4.33508605444367
n4156_taper0,96200000.0,0.15891093574020337,1.26540316553015,-1.3649682170701771
n4156_taper0,96500000.0,0.15758604790778005,0.8508399219401455,-6.514324552383039
n4156_taper0,96800000.0,0.15583117512551936,-0.019236260366974428,-8.946546244077387
n4156_taper0,97100000.0,0.15403863079112398,-1.0019162122702814,-6.613494311020802
n4156_taper0,97400000.0,0.1526300360157905,-1.4380327000695947,0.24158900979373976
n4156_taper0,97700000.0,0.15182749893642433,-0.9342097720050585,6.805067439361077
n4156_taper0,98000000.0,0.1515295238128277,0.04261279903459872,8.664422163107107
n4156_taper0,98300000.0,0.1513688982169083,0.8594427313594457,5.999797251226639
n4156_taper0,98600000.0,0.1509156544674798,1.2133552082933612,0.9245617759325755
n4156_taper0,98900000.0,0.14990448142366358,1.026452020575536,-4.43374346331829
n4156_taper0,99200000.0,0.14836910435668182,0.3468376058344089,-8.019145048232183
n4156_taper0,99500000.0,0.1466243686573118,-0.6015649149409407,-7.744405281155449
n4156_taper0,99800000.0,0.14510444243256837,-1.295613228591848,-2.657811462206446
n4156_taper0,100100000.0,0.14413125105144817,-1.16699364177604,4.320154038430327
n4156_taper0,100400000.0,0.1437360980841533,-0.3446532412317563,8.093687499972983
n4156_taper0,100700000.0,0.14364247590502982,0.5451288968301935,7.1235434633866825
n4156_taper0,101000000.0,0.1434210402744979,1.07991747979812,2.970262635687425
n4156_taper0,101300000.0,0.14272069578560442,1.1100992179333586,-2.269717202218242
n4156_taper0,101600000.0,0.14144879245308387,0.6348839116527449,-6.599488936930302
n4156_taper0,101900000.0,0.1398166578944228,-0.20725818525695594,-7.997428329059618
n4156_taper0,102200000.0,0.1382323073863553,-1.034052255977567,-4.908364286594724
n4156_taper0,102500000.0,0.13708699199041605,-1.2572884441280632,1.5486075413721916
n4156_taper0,102800000.0,0.13654145354097794,-0.6843146592979122,6.773962901224564
n4156_taper0,103100000.0,0.13643569880329537,0.1994365881158911,7.620767980663041
n4156_taper0,103400000.0,0.1363797422013772,0.8762425922714192,4.666235481384475
n4156_taper0,103700000.0,0.13596731940609708,1.1070939141974252,-0.1513272218607847
n4156_taper0,104000000.0,0.13498788745494014,0.8392058990970136,-4.8636527859834295
n4156_taper0,104300000.0,0.13353174744851296,0.14744457040946987,-7.528951189583386
n4156_taper0,104600000.0,0.13194422801352948,-0.7043859769054505,-6.3576299677915715
n4156_taper0,104900000.0,0.13064848688607344,-1.2029341969155252,-1.1366173948778178
n4156_taper0,105200000.0,0.12991861808893002,-0.9388727393546693,4.832783902230733
n4156_taper0,105500000.0,0.12972678817762562,-0.15075904562381975,7.436554664388616
n4156_taper0,105800000.0,0.1297594339909936,0.6164447209578542,5.91409068611574
n4156_taper0,106100000.0,0.129592016032479,1.0246426568409097,1.805701157842978
n4156_taper0,106400000.0,0.1289148936979076,0.9591666775629946,-2.9635621744131413
n4156_taper0,106700000.0,0.12769000809219272,0.4421288541751797,-6.512061552556062
n4156_taper0,107000000.0,0.12616898357140166,-0.35414885501508486,-7.002519004510715
n4156_taper0,107300000.0,0.12476616507402317,-1.0264938514310853,-3.407898374609349
n4156_taper0,107600000.0,0.1238412287384702,-1.0792284330267081,2.502628307733203
n4156_taper0,107900000.0,0.12350137613993287,-0.4738003285173793,6.569266605376856
n4156_taper0,108200000.0,0.12354091897299489,0.31854700770733685,6.628144585808432
n4156_taper0,108500000.0,0.12355753499074008,0.8720455376924812,3.4950929809622906
n4156_taper0,108800000.0,0.12317079186815034,0.997423502527139,-1.0316406005455288
n4156_taper0,109100000.0,0.12221803251494434,0.6658611000462876,-5.112048397522723
n4156_taper0,109400000.0,0.12083447904802397,-0.020284246001464522,-6.934334177682228
n4156_taper0,109700000.0,0.11938568215897621,-0.7663547834116625,-5.054744116862836
n4156_taper0,110000000.0,0.1182800496810799,-1.093303559586562,0.0861891343773233
n4156_taper0,110300000.0,0.11774864940259545,-0.7363782255669795,5.094145642766278
n4156_taper0,110600000.0,0.11771551162162236,0.0051405864608813,6.746417809845705
n4156_taper0,110900000.0,0.11784106868273247,0.6612327174865944,4.8191941062846455
n4156_taper0,111200000.0,0.11771029662734799,0.9591067869872828,0.8142274535012314
n4156_taper0,111500000.0,0.11705099441532586,0.8141017289105156,-3.478138657745601
n4156_taper0,111800000.0,0.11586966422879426,0.27188796267276166,-6.287987601982042
n4156_taper0,112100000.0,0.11444772563193144,-0.4647154384973479,-5.9996611537505435
n4156_taper0,112400000.0,0.11320022106616226,-0.9898866520647422,-2.1123642638180016
n4156_taper0,112700000.0,0.11245736853139018,-0.9094204289252011,3.1751729900742105
n4156_taper0,113000000.0,0.11228173790090976,-0.29685151270283283,6.247380276682917
n4156_taper0,113300000.0,0.11243282070106435,0.4074521943822293,5.691935436717094
n4156_taper0,113600000.0,0.11250254337253843,0.8516302819913325,2.4670520550377657
n4156_taper0,113900000.0,0.11213495790221274,0.8866213829572922,-1.743104721738231
n4156_taper0,114200000.0,0.1112071683709587,0.5067821137462699,-5.209398556846353
n4156_taper0,114500000.0,0.10988910369592494,-0.15872004816685398,-6.270244863656969
n4156_taper0,114800000.0,0.1085595806597955,-0.7950613358936518,-3.8571963848697077
n4156_taper0,115100000.0,0.10761208834152314,-0.9752617542614482,1.0504459221326123
n4156_taper0,115400000.0,0.10724144474833609,-0.5580794430704284,5.169271156904402
n4156_taper0,115700000.0,0.10733367961956854,0.1298356650620997,6.046396214091066
n4156_taper0,116000000.0,0.10753097971377948,0.6849112459385005,3.829293007228437
n4156_taper0,116300000.0,0.10742880521480258,0.8863081670193818,-0.025721376132857496
n4156_taper0,116600000.0,0.10678629723251479,0.676044280218667,-3.8393103401638204
n4156_taper0,116900000.0,0.10564500818600704,0.123339828188112,-5.957547945899786
n4156_taper0,117200000.0,0.1043083654224891,-0.5436019788009225,-5.017792931406073
n4156_taper0,117500000.0,0.1031900556280329,-0.9327442918817431,-1.0127675897769226
n4156_taper0,117800000.0,0.10259560166492794,-0.7508340751551644,3.6239393666538287
n4156_taper0,118100000.0,0.10255201554018938,-0.14859574381641533,5.847184843133506
n4156_taper0,118400000.0,0.1027922993812744,0.4718142616785265,4.814351898090264
n4156_taper0,118700000.0,0.10290546741711773,0.8186407854366462,1.5665620884260691
n4156_taper0,119000000.0,0.10255595114764669,0.7764699436662907,-2.3074158718824704
n4156_taper0,119300000.0,0.10165210520776666,0.36215140413888025,-5.181416681293132
n4156_taper0,119600000.0,0.10039036245147463,-0.27029315669246645,-5.565583840659763
n4156_taper0,119900000.0,0.09915923042219216,-0.797188070827016,-2.7767640360837813
n4156_taper0,120200000.0,0.09834021229878269,-0.8547045697144556,1.793844982078031
n4156_taper0,120500000.0,0.09809976343660196,-0.40207360104644374,5.105945008124689
n4156_taper0,120800000.0,0.09829438545463379,0.22859389898822807,5.351713487929296
n4156_taper0,121100000.0,0.09855227752031327,0.6916230056733688,2.936142326888232
n4156_taper0,121400000.0,0.09847711020483742,0.8085992314418629,-0.73161278059171
n4156_taper0,121700000.0,0.09785202837547786,0.5458797596746683,-4.068761792290419
n4156_taper0,122000000.0,0.09674535453488137,-0.004457137356825029,-5.5466105303766815
n4156_taper0,122300000.0,0.09547773938523349,-0.5952150547656538,-4.078472156470909
n4156_taper0,122600000.0,0.09446279298547067,-0.8617476316691052,-0.09499092425653777
n4156_taper0,122900000.0,0.09398802599684411,-0.6048711402250576,3.8949163551795563
n4156_taper0,123200000.0,0.09405325769379483,-0.02499407650936771,5.396088601924932
n4156_taper0,123500000.0,0.09437030872295296,0.5160006715648505,3.9958906985852027
n4156_taper0,123800000.0,0.09452460899506218,0.7759311264260517,0.7809071471782832
n4156_taper0,124100000.0,0.09419485818305746,0.6684017264659637,-2.7426185538990056
n4156_taper0,124400000.0,0.09331256174717868,0.23199995399416323,-5.05026008200255
n4156_taper0,124700000.0,0.09209493506070966,-0.35746488094806994,-4.84416178556635
n4156_taper0,125000000.0,0.09093994747529496,-0.7785057752601189,-1.8181181282186323
n4156_taper0,125300000.0,0.09022259651550073,-0.7356345209432671,2.3502434834763126
n4156_taper0,125600000.0,0.09008911073805474,-0.26636368147241063,4.939714465554946
n4156_taper0,125900000.0,0.09037258901293554,0.30556738265117733,4.672618548453586
n4156_taper0,126200000.0,0.09068795188871949,0.6846131768320771,2.132657135604754
n4156_taper0,126500000.0,0.09064215791831898,0.7278749842341302,-1.317906966718684
n4156_taper0,126800000.0,0.09003460486479894,0.42429818392343044,-4.185111873724489
n4156_taper0,127100000.0,0.0889539604333354,-0.11255644306227619,-5.077461575575454
n4156_taper0,127400000.0,0.08773648502520211,-0.6236671160000902,-3.197159631974915
n4156_taper0,127700000.0,0.08679996044153039,-0.7820646754196682,0.6574529448316521
n4156_taper0,128000000.0,0.08642170848336626,-0.4720009374902953,4.024654155885383
n4156_taper0,128300000.0,0.08658120084553861,0.07729941576418096,4.913825274957945
n4156_taper0,128600000.0,0.08697103581665888,0.5434526380774054,3.2361261608548166
n4156_taper0,128900000.0,0.08716924911351624,0.7257929060382535,0.09950717147270022
n4156_taper0,129200000.0,0.08686148555309826,0.5635912359286744,-3.0640849455713357
n4156_taper0,129500000.0,0.08599545785096076,0.11622180129648864,-4.835339722050152
n4156_taper0,129800000.0,0.08480628173619274,-0.4226966205438612,-4.125406722985981
n4156_taper0,130100000.0,0.08370434111550776,-0.7439191453992604,-0.9808784596488986
n4156_taper0,130400000.0,0.08306551042578939,-0.6207187468497706,2.749202910134009
n4156_taper0,130700000.0,0.08302332331614015,-0.1490307994912231,4.6973894329060775
n4156_taper0,131000000.0,0.0833906893628089,0.364082184622213,4.016145703389466
n4156_taper0,131300000.0,0.08376651782631286,0.6664825437906272,1.4127239295693823
n4156_taper0,131600000.0,0.08375417277905212,0.6456973516888274,-1.7968455551925135
n4156_taper0,131900000.0,0.08316196358060053,0.31182824302030887,-4.204690269674941
n4156_taper0,132200000.0,0.08209486711107815,-0.2021141651588458,-4.569358485306389
n4156_taper0,132500000.0,0.08090634533746328,-0.6327374883172785,-2.3843256065649956
n4156_taper0,132800000.0,0.0800250900804657,-0.6976477922594682,1.2616862342433666
n4156_taper0,133100000.0,0.07972638128212374,-0.3521476490936858,4.042271558500272
n4156_taper0,133400000.0,0.07997392851429547,0.1610700387720135,4.414888257861761
n4156_taper0,133700000.0,0.0804395369453619,0.5569371344578763,2.5341446505578253
n4156_taper0,134000000.0,0.08068740433032993,0.6701086675021508,-0.48660879259966244
n4156_taper0,134300000.0,0.08040242422643325,0.4630135377800252,-3.2852156046985854
n4156_taper0,134600000.0,0.07954341769899093,0.014581955106154796,-4.553860641769672
n4156_taper0,134900000.0,0.07836359351078957,-0.4684166570166142,-3.4249229602477027
n4156_taper0,135200000.0,0.07729159360946103,-0.6975415653734706,-0.2612127956652795
n4156_taper0,135500000.0,0.07671274267329511,-0.5116897784872578,3.0161383804962316
n4156_taper0,135800000.0,0.07675398269171413,-0.04830334338588024,4.399479030170185
n4156_taper0,136100000.0,0.07720788315402534,0.406846640223569,3.3872010458853663
n4156_taper0,136400000.0,0.07765141372811751,0.6393612032967732,0.7710152301360549
n4156_taper0,136700000.0,0.07767627183726093,0.5633788086857787,-2.1790311365978594
n4156_taper0,137000000.0,0.07709354577248576,0.20885737426752257,-4.142078181366647
n4156_taper0,137300000.0,0.07602329724122629,-0.27437514949476194,-4.0389086371894445
n4156_taper0,137600000.0,0.07484088823481101,-0.6258499207083655,-1.6464157162321227
n4156_taper0,137900000.0,0.07399458701278941,-0.6114893322357507,1.7344310160943541
n4156_taper0,138200000.0,0.07376529234362536,-0.24492452851624494,3.971089522550605
n4156_taper0,138500000.0,0.07410262760958074,0.228655322585052,3.9101152642700407
n4156_taper0,138800000.0,0.07465246238014676,0.5587228871037682,1.8887742916942116
n4156_taper0,139100000.0,0.07495669911962757,0.610457205490756,-0.9852099757707146
n4156_taper0,139400000.0,0.07469226372606903,0.36748157515956315,-3.417949571835328
n4156_taper0,139700000.0,0.0738264185687436,-0.07327754903092584,-4.221185557805877
n4156_taper0,140000000.0,0.07263381231176531,-0.4969875731222673,-2.7549742003176765
n4156_taper0,140300000.0,0.07156966956478003,-0.6427846228386509,0.3469438996831993
n4156_taper0,140600000.0,0.07103779410284877,-0.4096292989196365,3.17272418150795
n4156_taper0,140900000.0,0.07116245408710646,0.0374232924538677,4.061888640838529
n4156_taper0,141200000.0,0.07171204862196767,0.436101424683329,2.7892417893637624
n4156_taper0,141500000.0,0.07223288821100705,0.6050286457315744,0.20281773761218408
n4156_taper0,141800000.0,0.07229659423470343,0.48203757826793864,-2.47385993636173
n4156_taper0,142100000.0,0.07171285049596542,0.11564229612307483,-4.010482416029106
n4156_taper0,142400000.0,0.0706186520540412,-0.3306565349345637,-3.5003429431898265
n4156_taper0,142700000.0,0.06941880589806626,-0.6060671757843388,-0.9866874522307476
n4156_taper0,143000000.0,0.06859111400730561,-0.5258336423286013,2.0914421856140826
n4156_taper0,143300000.0,0.06842847874853866,-0.1497762551077532,3.8299187198820035
n4156_taper0,143600000.0,0.068864652010494,0.2820356658626912,3.4077456924718574
n4156_taper0,143900000.0,0.06951097658877893,0.5507042323209935,1.2987078873380409
n4156_taper0,144200000.0,0.06987735874424779,0.5481856464163729,-1.4031718467885346
n4156_taper0,144500000.0,0.0696268921854519,0.2776687978648102,-3.4731243381311456
n4156_taper0,144800000.0,0.06873550683040455,-0.14783150597616837,-3.851065523000914
n4156_taper0,145100000.0,0.06750569947416861,-0.5106771324252514,-2.124907948195008
n4156_taper0,145400000.0,0.06642956422725352,-0.5824512524139924,0.8509986499948976
n4156_taper0,145700000.0,0.06593811532091297,-0.315166734381594,3.2373905364724105
n4156_taper0,146000000.0,0.06615396791820562,0.10959093853040247,3.6971222424431893
n4156_taper0,146300000.0,0.06681364579828687,0.45372973049510645,2.2247170181533664
n4156_taper0,146600000.0,0.06742186489006062,0.5649988921073883,-0.29611078274930375
n4156_taper0,146900000.0,0.06752236353935563,0.40263500810198977,-2.6898373496774735
n4156_taper0,147200000.0,0.06692185054858413,0.03231597493473441,-3.821980711933469
n4156_taper0,147500000.0,0.06577926891304867,-0.3723271840783837,-2.965722429713761
n4156_taper0,147800000.0,0.06453887366956468,-0.5760973549200592,-0.405920064025987
n4156_taper0,148100000.0,0.06371858068028487,-0.44234577443511053,2.3472398523782196
n4156_taper0,148400000.0,0.06362764029894678,-0.06606333529629205,3.634054831899426
n4156_taper0,148700000.0,0.06417820733481312,0.3229074126813207,2.9141356273047445
n4156_taper0,149000000.0,0.06493533890405428,0.5344908913575543,0.762561031789838
n4156_taper0,149300000.0,0.06536691125773547,0.4844602787303847,-1.7467144000222778
n4156_taper0,149600000.0,0.06511852135064557,0.19412373362171303,-3.46073080478981
n4156_taper0,149900000.0,0.06417818298204274,-0.2096624299196825,-3.455789804302439
n4156_taper0,150200000.0,0.06288545840918527,-0.5116331087546492,-1.5415492001038034
n4156_taper0,150500000.0,0.06178098867373137,-0.518824551536379,1.2590581806144967
n4156_taper0,150800000.0,0.061330702083669926,-0.22861716294620366,3.225808440278778
n4156_taper0,151100000.0,0.06165301616877203,0.16949335671243945,3.31513385068712
n4156_taper0,151400000.0,0.06244092975024465,0.4613389422444575,1.6953503128323166
n4156_taper0,151700000.0,0.06314517175198163,0.5205813505210264,-0.7296664744197087
n4156_taper0,152000000.0,0.06327538299212192,0.32600052485043557,-2.834813602895393
n4156_taper0,152300000.0,0.06263686121160063,-0.04110693842982662,-3.5876819565201585
n4156_taper0,152600000.0,0.061418578547907145,-0.4007851643035274,-2.44511684670823
n4156_taper0,152900000.0,0.06011621833409407,-0.5383098479125421,0.09698623893833631
n4156_taper0,153200000.0,0.059298362369123156,-0.362244009331128,2.515019360175357
n4156_taper0,153500000.0,0.05929218082163887,0.006888021520387604,3.396038094495716
n4156_taper0,153800000.0,0.05997816197574398,0.35274045753678385,2.4342457457383984
n4156_taper0,154100000.0,0.06086062421533965,0.5114731727146635,0.2788909926865436
n4156_taper0,154400000.0,0.06135609382550344,0.4203018580860776,-2.02158844016736
n4156_taper0,154700000.0,0.06109196457097459,0.11727891419259992,-3.3900908762475326
n4156_taper0,155000000.0,0.06007502147766025,-0.25944904511646066,-3.0462869193970565
n4156_taper0,155300000.0,0.05869351975698441,-0.501864149518074,-1.0095694334615564
n4156_taper0,155600000.0,0.05754913812983491,-0.45374930927509766,1.5794774735347632
n4156_taper0,155900000.0,0.05714870432374237,-0.15007755259504627,3.1513252474581677
n4156_taper0,156200000.0,0.057599695458938664,0.2182938862675016,2.923936008548072
n4156_taper0,156500000.0,0.05853608536908818,0.4603211086816869,1.2023215182712872
n4156_taper0,156800000.0,0.05934174357736771,0.4729239199181756,-1.101506525640713
n4156_taper0,157100000.0,0.05948858319226738,0.2528473570736297,-2.9161574531435632
n4156_taper0,157400000.0,0.05878549788102023,-0.10472539490775158,-3.317825163371846
n4156_taper0,157700000.0,0.057462330409905144,-0.4174357033763103,-1.9467708561286654
n4156_taper0,158000000.0,0.056079610612001646,-0.49475877278185026,0.5245161319837701
n4156_taper0,158300000.0,0.05526649418540189,-0.2864035822596337,2.606667757167652
n4156_taper0,158600000.0,0.055366145836306835,0.0697562588749331,3.1262353469330932
n4156_taper0,158900000.0,0.05621266428707764,0.372822717636612,1.9719823907749896
n4156_taper0,159200000.0,0.05723322055104147,0.48286894294981353,-0.15380150255236819
n4156_taper0,159500000.0,0.05778556647633421,0.3566091997149764,-2.233214467362387
n4156_taper0,159800000.0,0.057481747542537334,0.047455834069471806,-3.2699688822601263
n4156_taper0,160100000.0,0.056357119058916716,-0.2979531027345196,-2.6321895083183953
n4156_taper0,160400000.0,0.05486215492575261,-0.4832272867433601,-0.5318200740000344
n4156_taper0,160700000.0,0.05367231991101421,-0.388704395484043,1.8205622720330115
n4156_taper0,161000000.0,0.05333891664387679,-0.0794937913979976,3.025349783962729
n4156_taper0,161300000.0,0.05394689842555228,0.25704335131810907,2.530048508761333
n4156_taper0,161600000.0,0.055052172993800635,0.45189858149059003,0.7463928869121624
n4156_taper0,161900000.0,0.05595962780862822,0.4230441968268694,-1.415129970178856
n4156_taper0,162200000.0,0.056103340726941224,0.18378301656915708,-2.94087136940505
n4156_taper0,162500000.0,0.055304315302075656,-0.15874540897458392,-3.021826769714692
n4156_taper0,162800000.0,0.05384640319239861,-0.4236690318468344,-1.477258694658982
n4156_taper0,163100000.0,0.052369313441181814,-0.4472089208400501,0.8801452012345878
n4156_taper0,163400000.0,0.05157146600388625,-0.21543522554640007,2.6328414241948224
n4156_taper0,163700000.0,0.05180581326632058,0.12320921817347709,2.8332875001388604
n4156_taper0,164000000.0,0.05284046809686787,0.3842964011259651,1.5304380309757584
n4156_taper0,164300000.0,0.05400813105223407,0.44975945967008707,-0.5370816996281299
n4156_taper0,164600000.0,0.05460349791199096,0.2941764683165783,-2.3867879891723587
n4156_taper0,164900000.0,0.05423004463250793,-0.015130118528008166,-3.108639412861688
n4156_taper0,165200000.0,0.052964224601060386,-0.3260028541120489,-2.22188968793478
n4156_taper0,165500000.0,0.05133361942101385,-0.45741987907013837,-0.10964292930315958
n4156_taper0,165800000.0,0.05010002211237091,-0.32486414925039514,1.9903697595645844
n4156_taper0,166100000.0,0.04985966615083602,-0.01670655943415552,2.8576689197366525
n4156_taper0,166400000.0,0.05065789355727601,0.2866971832615113,2.138818843704824
n4156_taper0,166700000.0,0.05195056154441127,0.4371588441199271,0.3279840901586916
n4156_taper0,167000000.0,0.05295365149789259,0.37185194579438924,-1.6739513376148034
n4156_taper0,167300000.0,0.05306756825727351,0.11931600986253088,-2.9156760087212503
n4156_taper0,167600000.0,0.052137207873931044,-0.20347213106873552,-2.7083091817318667
n4156_taper0,167900000.0,0.05051529134164105,-0.42084067022843646,-1.041648271247701
n4156_taper0,168200000.0,0.048935513514978435,-0.39716404896447705,1.1680190994213924
n4156_taper0,168500000.0,0.04817250543699096,-0.14974608210900645,2.6030634664553913
n4156_taper0,168800000.0,0.04857764585178065,0.16789568588460232,2.5244474887656896
n4156_taper0,169100000.0,0.04982856037794549,0.38818562700473985,1.1120574638140526
n4156_taper0,169400000.0,0.051146661025106926,0.4131148918938388,-0.8725988180673242
n4156_taper0,169700000.0,0.05176365146097238,0.2337038606330072,-2.487358738435024
n4156_taper0,170000000.0,0.051285163205836856,-0.07036619623436226,-2.9139225052101767
n4156_taper0.1,20000000.0,0.5894006835407929,3.4493323146372674,-15.6079415976529
n4156_taper0.1,20300000.0,0.5754678354467799,1.6208915973676876,-28.34934950564616
n4156_taper0.1,20600000.0,0.5609774046042519,-1.7673898245497044,-34.11448968354695
n4156_taper0.1,20900000.0,0.5473785935852652,-6.3227027741227975,-14.84572376620203
n4156_taper0.1,21200000.0,0.5356564634744696,-4.602030541187282,25.84460099189227
n4156_taper0.1,21500000.0,0.5258240214802762,-0.3560150835002798,31.0396623969361
n4156_taper0.1,21800000.0,0.5169127788803749,2.1737092547739056,21.958084586228004
n4156_taper0.1,22100000.0,0.5074728421578509,3.3472086700745285,9.03625834672799
n4156_taper0.1,22400000.0,0.49629718658548555,3.442601045820421,-4.640461882822912
n4156_taper0.1,22700000.0,0.4829992677737202,2.5180243940876332,-17.248796656902613
n4156_taper0.1,23000000.0,0.46819513874378976,0.47243439765135065,-26.14543506348308
n4156_taper0.1,23300000.0,0.4532244256337721,-2.736588903351832,-24.591065701667972
n4156_taper0.1,23600000.0,0.4395166681451409,-5.028578716749843,-0.2357197555412787
n4156_taper0.1,23900000.0,0.42787669527091376,-2.654751702661608,22.659795876921795
n4156_taper0.1,24200000.0,0.4180625290332038,0.32212501083899303,23.58304743498585
n4156_taper0.1,24500000.0,0.40891341529195924,2.131063111113485,15.23989538652394
n4156_taper0.1,24800000.0,0.3989549199995642,2.862841444819333,3.99206464135323
n4156_taper0.1,25100000.0,0.38712997568017393,2.6473870902682295,-7.448410980205517
n4156_taper0.1,25400000.0,0.37329370128360584,1.515306915133803,-16.915307281407934
n4156_taper0.1,25700000.0,0.3582800765855356,-0.5095553025216055,-20.987099835707877
n4156_taper0.1,26000000.0,0.3435256850278866,-2.874112521229537,-13.319764649262837
n4156_taper0.1,26300000.0,0.3303868083825056,-3.3178919180343778,6.341400636958349
n4156_taper0.1,26600000.0,0.3194483232703639,-1.3214006880349585,17.789219977458846
n4156_taper0.1,26900000.0,0.31020957819134437,0.6907159378274847,16.518793891406354
n4156_taper0.1,27200000.0,0.3013580843344513,1.8814857532473268,9.252962701901295
n4156_taper0.1,27500000.0,0.2914593982399724,2.2215781423552374,0.09028487161902428
n4156_taper0.1,27800000.0,0.27965629055390656,1.7702241806305747,-8.526955445849518
n4156_taper0.1,28100000.0,0.2660526963029195,0.6005459179057878,-14.219111315798587
n4156_taper0.1,28400000.0,0.25166449785754524,-1.031615594698183,-13.735967773497295
n4156_taper0.1,28700000.0,0.2379667478678202,-2.2413817483882155,-4.563400465329043
n4156_taper0.1,29000000.0,0.22618652213069904,-1.8760713534301554,7.40073990347324
n4156_taper0.1,29300000.0,0.2166567792117737,-0.4779288954507076,12.388194631669815
n4156_taper0.1,29600000.0,0.20862939589628096,0.7783219642933545,10.224544518727376
n4156_taper0.1,29900000.0,0.20069778141420852,1.4528076138891723,4.451894800767477
n4156_taper0.1,30200000.0,0.19154030352031573,1.4890135242803821,-2.180356584322667
n4156_taper0.1,30500000.0,0.18053976802128144,0.9454053841178239,-7.557762683593156
n4156_taper0.1,30800000.0,0.1680320343304529,-0.011353087486820452,-9.644913027710528
n4156_taper0.1,31100000.0,0.15515569338329843,-0.9815525687402844,-6.824288777054
n4156_taper0.1,31400000.0,0.14335882325489024,-1.3438401940395086,-0.13999979243227148
n4156_taper0.1,31700000.0,0.13369354512107567,-0.8671147478023143,5.667373471096101
n4156_taper0.1,32000000.0,0.12622322571858977,-0.034223189339884365,7.247633371886067
n4156_taper0.1,32300000.0,0.11997625490905978,0.6338881713325363,5.143340849075471
n4156_taper0.1,32600000.0,0.11352343986963208,0.9149650928485903,1.2714747618669606
n4156_taper0.1,32900000.0,0.10573415426778936,0.7862936880355343,-2.570027258926907
n4156_taper0.1,33200000.0,0.09625546124801539,0.34378856023731746,-4.9098384697455915
n4156_taper0.1,33500000.0,0.0856052798128214,-0.2055567112733801,-4.775765730836642
n4156_taper0.1,33800000.0,0.0749601373639066,-0.5759619259398443,-2.2960024833688757
n4156_taper0.1,34100000.0,0.06568747539277286,-0.5728245522407689,0.9206145716913438
n4156_taper0.1,34400000.0,0.05866009001699627,-0.2677043601799385,2.9211237542375232
n4156_taper0.1,34700000.0,0.05366682313848735,0.10081976127275982,2.984209764543399
n4156_taper0.1,35000000.0,0.04951644391145665,0.34030570620731404,1.6432286124614595
n4156_taper0.1,35300000.0,0.04483703568295317,0.3805787674500472,-0.11529328696355161
n4156_taper0.1,35600000.0,0.03880242782646473,0.25460152438068867,-1.4068492550611185
n4156_taper0.1,35900000.0,0.03135697220838591,0.061369065123174416,-1.7439849839512136
n4156_taper0.1,36200000.0,0.023092956934029418,-0.08488861730172045,-1.2059679111819255
n4156_taper0.1,36500000.0,0.015018764055359032,-0.12010104454321865,-0.3509150124255471
n4156_taper0.1,36800000.0,0.008379192937673433,-0.06545690163307007,0.21400084194234018
n4156_taper0.1,37100000.0,0.0046235109425925534,0.0058989012810346615,0.2619435656278657
n4156_taper0.1,37400000.0,0.0038393489184104816,0.0332838299728367,0.0011763067954861555
n4156_taper0.1,37700000.0,0.003228319232686399,0.007351284460146273,-0.1784184607836179
n4156_taper0.1,38000000.0,0.003653864687113915,-0.03166619014406079,-0.01885632592319563
n4156_taper0.1,38300000.0,0.007764054300894604,-0.02818566355841098,0.40492624926388526
n4156_taper0.1,38600000.0,0.01359373873169033,0.04135661504953591,0.7275516911681483
n4156_taper0.1,38900000.0,0.01962249239147898,0.1442105132620436,0.5816076143264308
n4156_taper0.1,39200000.0,0.024824767979056125,0.21240000251991312,-0.10534871602809846
n4156_taper0.1,39500000.0,0.028521456082278983,0.18786087957296688,-1.038107886328345
n4156_taper0.1,39800000.0,0.030501989763425386,0.05895182806159312,-1.6978102412634757
n4156_taper0.1,40100000.0,0.031145003993052152,-0.12393528810748286,-1.600600612696284
n4156_taper0.1,40400000.0,0.03141791574166463,-0.26104919957448336,-0.6113976014374378
n4156_taper0.1,40700000.0,0.0325384234477431,-0.25712527556666703,0.8385227676226721
n4156_taper0.1,41000000.0,0.035209684294866414,-0.09513058901693418,1.929028166566256
n4156_taper0.1,41300000.0,0.03908174372712516,0.14306817521224596,2.0104583063360675
n4156_taper0.1,41600000.0,0.04310036081508074,0.3338401257098769,1.0091099263421361
n4156_taper0.1,41900000.0,0.046209923954501374,0.38146204008144236,-0.6132431707868513
n4156_taper0.1,42200000.0,0.04778712827932743,0.2541258153190946,-2.114414726901114
n4156_taper0.1,42500000.0,0.04780353779659758,-0.003898180765676916,-2.7396959588091114
n4156_taper0.1,42800000.0,0.046833056000531205,-0.2745141374969493,-2.037798012478099
n4156_taper0.1,43100000.0,0.04588486911344875,-0.40644718944685354,-0.23067686549984256
n4156_taper0.1,43400000.0,0.04596426919204046,-0.3120545266507549,1.7181132983305114
n4156_taper0.1,43700000.0,0.04746471161235774,-0.043257854075838334,2.7115871265595652
n4156_taper0.1,44000000.0,0.04990146507787385,0.2513326069748539,2.278908595406663
n4156_taper0.1,44300000.0,0.0522809188772631,0.4294932484239075,0.7153997218518459
n4156_taper0.1,44600000.0,0.05368776957163576,0.4150609963814983,-1.2341798450788142
n4156_taper0.1,44900000.0,0.053661399702864314,0.21149837068050847,-2.698230812614284
n4156_taper0.1,45200000.0,0.05232488580229335,-0.09723301582032484,-2.9461299496890265
n4156_taper0.1,45500000.0,0.050338410767939476,-0.36094373007549424,-1.7326276320269358
n4156_taper0.1,45800000.0,0.04866574853159463,-0.4294530252808187,0.3771377063542146
n4156_taper0.1,46100000.0,0.048117283067216764,-0.26154422567954394,2.2038158751420442
n4156_taper0.1,46400000.0,0.048852349681893364,0.03931180500401582,2.7809138936102236
n4156_taper0.1,46700000.0,0.050279887081961745,0.3119958491333203,1.9418167889553153
n4156_taper0.1,47000000.0,0.05146957249988166,0.43492859731360795,0.19768464068661343
n4156_taper0.1,47300000.0,0.051661835164030646,0.36237039930275816,-1.6398821957789425
n4156_taper0.1,47600000.0,0.05056184638934834,0.12678139347931167,-2.7518950079087676
n4156_taper0.1,47900000.0,0.04841397345020895,-0.16679446767225786,-2.5757205967729897
n4156_taper0.1,48200000.0,0.045914600454723425,-0.3697270416357058,-1.128108362445313
n4156_taper0.1,48500000.0,0.043948037523484106,-0.3688291833968805,0.8339135088951248
n4156_taper0.1,48800000.0,0.04313953887383369,-0.17159598896250644,2.224994806631893
n4156_taper0.1,49100000.0,0.04345482359655036,0.10294509893908149,2.3802588437457466
n4156_taper0.1,49400000.0,0.044232359728780625,0.3154955886568418,1.3646132759938547
n4156_taper0.1,49700000.0,0.04462399527488028,0.3773036891670546,-0.25259932934590207
n4156_taper0.1,50000000.0,0.04402856951365859,0.2704853817272159,-1.7277510245659438
n4156_taper0.1,50300000.0,0.0423004607950026,0.045758088450273814,-2.3985182409830053
n4156_taper0.1,50600000.0,0.03977253540509013,-0.19079227706185498,-1.9299225474849993
n4156_taper0.1,50900000.0,0.037143918930821154,-0.31802396854507264,-0.5447558524029896
n4156_taper0.1,51200000.0,0.03520548821396906,-0.27063492074592077,1.0051465774724393
n4156_taper0.1,51500000.0,0.03441081464772154,-0.0855168472572791,1.8994099662338169
n4156_taper0.1,51800000.0,0.034562893877550016,0.13077687790950668,1.766088577225614
n4156_taper0.1,52100000.0,0.03496180310037339,0.2739212088444087,0.7892708522499702
n4156_taper0.1,52400000.0,0.03485987900711329,0.28761296956293525,-0.5095229245440676
n4156_taper0.1,52700000.0,0.03381072425182684,0.17482845185252843,-1.532363223985533
n4156_taper0.1,53000000.0,0.031794341566997196,-0.008121696015377823,-1.8218226194512201
n4156_taper0.1,53300000.0,0.02919995017203227,-0.17168787208227762,-1.2539245742185203
n4156_taper0.1,53600000.0,0.026706627632053923,-0.23414584364127639,-0.14042235739577216
n4156_taper0.1,53900000.0,0.025011538427499376,-0.16981406587515593,0.9161886975412397
n4156_taper0.1,54200000.0,0.02441204427582132,-0.023380683120794457,1.3921076275139226
n4156_taper0.1,54500000.0,0.02456999680559798,0.1247529711346778,1.1297553595392136
n4156_taper0.1,54800000.0,0.024774654654777094,0.2061984112423646,0.34279659631397436
n4156_taper0.1,55100000.0,0.024396900063394462,0.1918262963970875,-0.5568296635226663
n4156_taper0.1,55400000.0,0.023138418840908146,0.0966813062570557,-1.153876181486105
n4156_taper0.1,55700000.0,0.021076919718034427,-0.02948383019665203,-1.1939544806638014
n4156_taper0.1,56000000.0,0.018624945511839925,-0.12422329117940414,-0.6954868698889302
n4156_taper0.1,56300000.0,0.01642717891366272,-0.14363809992508214,0.053594694834768974
n4156_taper0.1,56600000.0,0.015103186597392773,-0.08614392359162426,0.6583281156304274
n4156_taper0.1,56900000.0,0.0148085998318673,0.010433260596076088,0.8451710199702152
n4156_taper0.1,57200000.0,0.015067342198831778,0.09499754569387968,0.5869314051589951
n4156_taper0.1,57500000.0,0.015184005226548029,0.13049541914314472,0.06769815636362465
n4156_taper0.1,57800000.0,0.014673910047087617,0.1076786573337492,-0.4400389379238117
n4156_taper0.1,58100000.0,0.013381413945667593,0.04463518281858685,-0.7057827736336172
n4156_taper0.1,58400000.0,0.011447284065728803,-0.02418746725754218,-0.6371242382075366
n4156_taper0.1,58700000.0,0.009261729588297116,-0.06547005209751529,-0.3117978487499318
n4156_taper0.1,59000000.0,0.007424172107332958,-0.06369413851197864,0.07579546318223107
n4156_taper0.1,59300000.0,0.006544216480781061,-0.027192872772445597,0.3299355877535044
n4156_taper0.1,59600000.0,0.006640345976179547,0.02002363521913485,0.3563334427794339
n4156_taper0.1,59900000.0,0.00702817116242899,0.05357757755562731,0.19039820418273254
n4156_taper0.1,60200000.0,0.007075967631299848,0.060815249957410944,-0.04784015226405699
n4156_taper0.1,60500000.0,0.006515969700967734,0.0444335981732047,-0.22969639397253827
n4156_taper0.1,60800000.0,0.005355154626840985,0.018067868943844833,-0.282388301659514
n4156_taper0.1,61100000.0,0.0037676255477431995,-0.0027431119151598168,-0.21514366852353434
n4156_taper0.1,61400000.0,0.0020162368170258483,-0.00924755075590401,-0.0981754992046101
n4156_taper0.1,61700000.0,0.0003899872303695424,-0.003010391931140652,-0.010252929911689199
n4156_taper0.1,62000000.0,0.0008611290180195304,0.007318835043194891,0.010075516456065583
n4156_taper0.1,62300000.0,0.0015440030132126252,0.013037497611992745,-0.02044874484552167
n4156_taper0.1,62600000.0,0.0015840340665891055,0.01121334910905437,-0.052490111330079754
n4156_taper0.1,62900000.0,0.0010342211211830218,0.005869868129991495,-0.04482983170076506
n4156_taper0.1,63200000.0,0.000500727059314292,0.004297650693185354,0.004360146090947826
n4156_taper0.1,63500000.0,0.0016092637118173727,0.01114374186644281,0.055561998979041745
n4156_taper0.1,63800000.0,0.0029742973302856975,0.02433138562205272,0.05656540126057235
n4156_taper0.1,64100000.0,0.004133521388429609,0.03572806644416446,-0.01777337083215478
n4156_taper0.1,64400000.0,0.004861159079694865,0.036215070280592856,-0.14207170251848464
n4156_taper0.1,64700000.0,0.00503339884954428,0.021902327910757302,-0.24917318589714213
n4156_taper0.1,65000000.0,0.004665555926456071,-0.002327157292641115,-0.2669116428023429
n4156_taper0.1,65300000.0,0.003985806189937636,-0.024273781103191432,-0.1632798708228846
n4156_taper0.1,65600000.0,0.0035581067441142174,-0.03070796842100923,0.026004803445516908
n4156_taper0.1,65900000.0,0.00403783105219689,-0.015380455512775244,0.20814593605964588
n4156_taper0.1,66200000.0,0.005262587399640513,0.016232774016542398,0.28156955345558865
n4156_taper0.1,66500000.0,0.006594584829731548,0.048936017202590616,0.1943211152427739
n4156_taper0.1,66800000.0,0.007588217136053319,0.06556587039423172,-0.023424646538282023
n4156_taper0.1,67100000.0,0.008014455422148695,0.05598269519678172,-0.2704308662485327
n4156_taper0.1,67400000.0,0.007823032182346956,0.022760622724318603,-0.42171152230807846
n4156_taper0.1,67700000.0,0.007152800581181305,-0.01903154114843843,-0.39059628388078105
n4156_taper0.1,68000000.0,0.006367789727891752,-0.04843937443083649,-0.17821529965892732
n4156_taper0.1,68300000.0,0.006026123600469528,-0.0493556778533559,0.11787736949904581
n4156_taper0.1,68600000.0,0.006504230862652169,-0.019820086725155037,0.34943304148229803
n4156_taper0.1,68900000.0,0.007558590491248646,0.02622524427313376,0.3963116635841504
n4156_taper0.1,69200000.0,0.008644210237370211,0.06613532204428799,0.2304733134944321
n4156_taper0.1,69500000.0,0.009344475180252845,0.08007514055497787,-0.07081348479905411
n4156_taper0.1,69800000.0,0.009456230341160493,0.060556670009908095,-0.3632406066182139
n4156_taper0.1,70100000.0,0.008978787434736017,0.016125787087379106,-0.5028428753563898
n4156_taper0.1,70400000.0,0.008116054010217673,-0.03205297484720954,-0.41513248844952616
n4156_taper0.1,70700000.0,0.007282090737490166,-0.05997970854179563,-0.1369273104636353
n4156_taper0.1,71000000.0,0.006992512126738658,-0.053201462766590005,0.1958087031059711
n4156_taper0.1,71300000.0,0.007469752178420448,-0.014911980131445976,0.4169065721282856
n4156_taper0.1,71600000.0,0.008392551060512014,0.03573714059724497,0.4179754252132671
n4156_taper0.1,71900000.0,0.009250258311680078,0.0739334983992823,0.20166988724505994
n4156_taper0.1,72200000.0,0.009678042334887667,0.08149113850401124,-0.1250967768680466
n4156_taper0.1,72500000.0,0.009521833538653605,0.05501279733252883,-0.4050560417888366
n4156_taper0.1,72800000.0,0.008828867654174214,0.007242224206674527,-0.503385816078204
n4156_taper0.1,73100000.0,0.007846114591433,-0.038634764952967776,-0.3715463819861474
n4156_taper0.1,73400000.0,0.007009701928151816,-0.0600446999929041,-0.07444862176059204
n4156_taper0.1,73700000.0,0.006789025989483369,-0.04667672154562706,0.23941720165417496
n4156_taper0.1,74000000.0,0.007281578058655333,-0.0059321359427262545,0.41550856577618445
n4156_taper0.1,74300000.0,0.00809608941077367,0.04147626882882016,0.373226650685646
n4156_taper0.1,74600000.0,0.008753342808961135,0.07261696802927765,0.1413645796268678
n4156_taper0.1,74900000.0,0.008949058307128905,0.07333894501683717,-0.16326672575579784
n4156_taper0.1,75200000.0,0.008582671268861053,0.044219712556890674,-0.39434406040835557
n4156_taper0.1,75500000.0,0.007741340209477113,-0.00015864615386168923,-0.4435500454741498
n4156_taper0.1,75800000.0,0.006698477407406509,-0.03809542858063296,-0.2911998240008317
n4156_taper0.1,76100000.0,0.0059008331680316,-0.05134343075612806,-0.01667452540720154
n4156_taper0.1,76400000.0,0.005776146797810401,-0.03437333807327255,0.24197101774401694
n4156_taper0.1,76700000.0,0.006303004288634519,0.0031402614404149663,0.360476181309126
n4156_taper0.1,77000000.0,0.007026940618759543,0.042089912161313726,0.2902223353518191
n4156_taper0.1,77300000.0,0.007511605387975382,0.06398216636146968,0.07576660421296255
n4156_taper0.1,77600000.0,0.007520572392713006,0.05952245424878552,-0.1739003376265696
n4156_taper0.1,77900000.0,0.007004268287342493,0.032187372324738076,-0.339673251137096
n4156_taper0.1,78200000.0,0.006077034192882897,-0.003995385453529588,-0.3472703836586498
n4156_taper0.1,78500000.0,0.00502195083131191,-0.03135124294157988,-0.20080587750003287
n4156_taper0.1,78800000.0,0.00429578274173745,-0.037255714975926064,0.02109948127662583
n4156_taper0.1,79100000.0,0.004299530760053561,-0.020262569689202495,0.20727398616421466
n4156_taper0.1,79400000.0,0.0048782244072678145,0.009830368880780933,0.2717131776850934
n4156_taper0.1,79700000.0,0.005520639691742786,0.03775090212037599,0.19392336891372697
n4156_taper0.1,80000000.0,0.005856410722477922,0.050607412318904574,0.022289269541782685
n4156_taper0.1,80300000.0,0.005724802031680224,0.04365258639688236,-0.15534931296011983
n4156_taper0.1,80600000.0,0.0051205754618262045,0.021730824884054194,-0.2555644423123751
n4156_taper0.1,80900000.0,0.004166771501079986,-0.003677736693142924,-0.23755359408614785
n4156_taper0.1,81200000.0,0.003131362973090032,-0.020307507385474818,-0.11966722772531385
n4156_taper0.1,81500000.0,0.0024949658146771214,-0.021100611275215585,0.03333535537956525
n4156_taper0.1,81800000.0,0.002677254916733466,-0.007277485979005203,0.14575791944460317
n4156_taper0.1,82100000.0,0.003317949504976687,0.013060093938010022,0.16930340432758864
n4156_taper0.1,82400000.0,0.003868344335060114,0.029651215404612456,0.10344357776617863
n4156_taper0.1,82700000.0,0.004069452347010466,0.03524075528327966,-0.010274089497611653
n4156_taper0.1,83000000.0,0.0038460029945099777,0.028608424905275015,-0.11307538984711861
n4156_taper0.1,83300000.0,0.003228923159005744,0.014400540650241368,-0.1585755029686271
n4156_taper0.1,83600000.0,0.002325301211934727,0.00024601051044411987,-0.13321820524292627
n4156_taper0.1,83900000.0,0.0013244873904841685,-0.0072569430474375305,-0.058925459422526874
n4156_taper0.1,84200000.0,0.0007539420919368203,-0.005635216017221365,0.022033515732612696
n4156_taper0.1,84500000.0,0.0012763682218887172,0.002806323479073621,0.07073656887212632
n4156_taper0.1,84800000.0,0.0019258617586890695,0.012863596138747558,0.07041005356134647
n4156_taper0.1,85100000.0,0.0023124302650712253,0.019503787535571977,0.03102781475916695
n4156_taper0.1,85400000.0,0.0023710312216750897,0.02033587249828305,-0.020432220697233078
n4156_taper0.1,85700000.0,0.0021250464157395025,0.01631686862426218,-0.056673607751459784
n4156_taper0.1,86000000.0,0.001658077625937316,0.01062052577837554,-0.06407874856469924
n4156_taper0.1,86300000.0,0.001115023316656829,0.0065288847144626,-0.04715486548826575
n4156_taper0.1,86600000.0,0.0007552477408451357,0.005616129433370665,-0.02233534132288977
n4156_taper0.1,86900000.0,0.0008370676672597866,0.0072100697762862605,-0.006023285816556098
n4156_taper0.1,87200000.0,0.0010720536233762292,0.00928005067109762,-0.004648266538491598
n4156_taper0.1,87500000.0,0.0011756481040022149,0.010028220609504602,-0.012498791100895627
n4156_taper0.1,87800000.0,0.0010942696071433295,0.009110951056032433,-0.017743353841239422
n4156_taper0.1,88100000.0,0.0009168511061966098,0.0077491034821608445,-0.0120099003491941
n4156_taper0.1,88400000.0,0.0008912475122281691,0.007724832936053819,0.002957794148670763
n4156_taper0.1,88700000.0,0.0011810170161564485,0.00996245864530988,0.015967027606203197
n4156_taper0.1,89000000.0,0.0015925574489569732,0.013657383113892672,0.014025691792778116
n4156_taper0.1,89300000.0,0.001915244522279943,0.0165757537948187,-0.007970360587369477
n4156_taper0.1,89600000.0,0.0020265186352154984,0.016395496156591666,-0.041947148040902646
n4156_taper0.1,89900000.0,0.001865424562909741,0.012284419606974285,-0.069577397405888
n4156_taper0.1,90200000.0,0.0014242501324209264,0.005730901968097855,-0.07228861038485544
n4156_taper0.1,90500000.0,0.0007486074447934144,3.3007303792963954e-05,-0.042891413974236806
n4156_taper0.1,90800000.0,0.0002146209212113764,-0.0014039910292744009,0.008091079819295965
n4156_taper0.1,91100000.0,0.0010327987034376828,0.0029225925096786707,0.0559360111234891
n4156_taper0.1,91400000.0,0.0018509270083867499,0.011479103781278262,0.07414947576714599
n4156_taper0.1,91700000.0,0.0024832524977571302,0.02020728385903536,0.04928248719623088
n4156_taper0.1,92000000.0,0.002831611077241959,0.02451064499577891,-0.010304613297806669
n4156_taper0.1,92300000.0,0.002838910432001335,0.021688308957718748,-0.0769665336853594
n4156_taper0.1,92600000.0,0.002499170125103563,0.012533807354186039,-0.11678468579736954
n4156_taper0.1,92900000.0,0.0018710634942937818,0.0012167742425426018,-0.10689563877246475
n4156_taper0.1,93200000.0,0.0011385994216305637,-0.00662613030088729,-0.04846289714678393
n4156_taper0.1,93500000.0,0.0009567897141012602,-0.0067492546248118035,0.03202276363303505
n4156_taper0.1,93800000.0,0.0016651372053238785,0.0013647872341678862,0.09497210630333196
n4156_taper0.1,94100000.0,0.002480802109820688,0.014028896698228389,0.10773711943432938
n4156_taper0.1,94400000.0,0.003087445079631207,0.025087245832337225,0.06178072521492259
n4156_taper0.1,94700000.0,0.0033631665684473438,0.028967841260040816,-0.022241385783467484
n4156_taper0.1,95000000.0,0.0032612430954910674,0.023486518776190256,-0.10401110994066022
n4156_taper0.1,95300000.0,0.0028016302442243706,0.011033812241725957,-0.1429580950801902
n4156_taper0.1,95600000.0,0.002085606821117871,-0.0024494752314807816,-0.11841606716351127
n4156_taper0.1,95900000.0,0.0013833787370604808,-0.010313540917724892,-0.040761210343791245
n4156_taper0.1,96200000.0,0.0013462700003481483,-0.008542625351227379,0.05272899469550672
n4156_taper0.1,96500000.0,0.0020420327831628723,0.0021323481304969874,0.1161368294822498
n4156_taper0.1,96800000.0,0.0028084321272964867,0.01654273331249024,0.11804826632982073
n4156_taper0.1,97100000.0,0.003343333292943366,0.027663502437151086,0.05726353980267754
n4156_taper0.1,97400000.0,0.003528159350332403,0.030078908205483014,-0.03681032344860851
n4156_taper0.1,97700000.0,0.003329298842478808,0.0225988411995946,-0.11861925322814801
n4156_taper0.1,98000000.0,0.0027849076319654354,0.008830328660252332,-0.14846461634145047
n4156_taper0.1,98300000.0,0.0020198266840226976,-0.004542919593044227,-0.11181168784928737
n4156_taper0.1,98600000.0,0.0013499680724440377,-0.011014087395571498,-0.026677397064404557
n4156_taper0.1,98900000.0,0.0014258163126967534,-0.007488070431330389,0.0651132226079093
n4156_taper0.1,99200000.0,0.0021306558206289866,0.0041847415920231975,0.1188855146559155
n4156_taper0.1,99500000.0,0.002837730475012344,0.018206415256889836,0.10934722984325417
n4156_taper0.1,99800000.0,0.003288194233692912,0.027778915754097456,0.04246941893677256
n4156_taper0.1,100100000.0,0.003384415779669645,0.028417135941782412,-0.04838679423263658
n4156_taper0.1,100400000.0,0.0031087552585968175,0.020020334013704993,-0.11921686384476918
n4156_taper0.1,100700000.0,0.0025106964897712116,0.006815677090320075,-0.13658677451607562
n4156_taper0.1,101000000.0,0.0017202630920441872,-0.004745373809853852,-0.09348952445483723
n4156_taper0.1,101300000.0,0.0010751268045977487,-0.009154063709021141,-0.01234322588895332
n4156_taper0.1,101600000.0,0.0012733905609073482,-0.00452862309188399,0.06658487795569581
n4156_taper0.1,101900000.0,0.0019914889236337724,0.006565735168671495,0.10551815510024089
n4156_taper0.1,102200000.0,0.0026291304301546406,0.01855283700418538,0.08755557302325871
n4156_taper0.1,102500000.0,0.002991249462093888,0.02569093773083999,0.023809647183016886
n4156_taper0.1,102800000.0,0.003010107295806171,0.02482202930557877,-0.05338651872389142
n4156_taper0.1,103100000.0,0.0026842067689373597,0.016734259519223454,-0.10687313495203017
n4156_taper0.1,103400000.0,0.0020671158236257206,0.005606004879704971,-0.11247573599499272
n4156_taper0.1,103700000.0,0.001273237175792317,-0.0031293509897685895,-0.06998335727778436
n4156_taper0.1,104000000.0,0.0006289178463762417,-0.005453869050494789,-0.0022395415947082473
n4156_taper0.1,104300000.0,0.0009983646231690605,-0.0006487634744806014,0.05704391546204488
n4156_taper0.1,104600000.0,0.001712965845447167,0.008542945558118804,0.0802961244186207
n4156_taper0.1,104900000.0,0.0022623241830686154,0.017473440168918858,0.05901382140764783
n4156_taper0.1,105200000.0,0.0025336254999064473,0.021957394290929258,0.006425058053688585
n4156_taper0.1,105500000.0,0.002492130484897086,0.020222470610352233,-0.05046464534948579
n4156_taper0.1,105800000.0,0.0021515685450038072,0.013561464849453435,-0.08467960870525201
n4156_taper0.1,106100000.0,0.0015655920324371664,0.005492708412587175,-0.08202778097343583
n4156_taper0.1,106400000.0,0.0008188245313993108,-7.86041114805479e-05,-0.04691253807214457
n4156_taper0.1,106700000.0,9.037480367844679e-05,-0.0007635428872373256,0.001202988441345873
n4156_taper0.1,107000000.0,0.0007702222049947492,0.003284131255934202,0.03843768421119358
n4156_taper0.1,107300000.0,0.0013992186086895285,0.009676539507900386,0.048431683457240755
n4156_taper0.1,107600000.0,0.001821891665271766,0.015167149356654917,0.029458265445089733
n4156_taper0.1,107900000.0,0.0019965810132151016,0.017298157141557687,-0.006337817320228496
n4156_taper0.1,108200000.0,0.0019180201141822991,0.015482997286099875,-0.04030213509944054
n4156_taper0.1,108500000.0,0.001616809475195584,0.011068442049574669,-0.056919239827109495
n4156_taper0.1,108800000.0,0.0011585422422810219,0.0064595708430050455,-0.05086607197176653
n4156_taper0.1,109100000.0,0.0006624032671989073,0.00382873943534907,-0.02831827034091627
n4156_taper0.1,109400000.0,0.00047280840646119556,0.0040891146427291135,-0.0024388409880612668
n4156_taper0.1,109700000.0,0.0008014422149624072,0.006624041315001569,0.014061328315625217
n4156_taper0.1,110000000.0,0.0011621066885797796,0.009823925931796384,0.015132609834108662
n4156_taper0.1,110300000.0,0.0013893386179520734,0.012048830448309908,0.0033098755824274738
n4156_taper0.1,110600000.0,0.0014532399379903332,0.012457517326174034,-0.013050205516557275
n4156_taper0.1,110900000.0,0.0013725358236452072,0.011290185118459115,-0.025095791399202736
n4156_taper0.1,111200000.0,0.0012036973339434379,0.009535599010143668,-0.02819013970372852
n4156_taper0.1,111500000.0,0.0010354240221569758,0.00824924369591,-0.02356099809378982
n4156_taper0.1,111800000.0,0.0009591817080631571,0.007947862296221457,-0.016397551944723726
n4156_taper0.1,112100000.0,0.0009917244662363755,0.00841692325208097,-0.011955153359520332
n4156_taper0.1,112400000.0,0.0010577011456564447,0.008993246505036164,-0.012228349237360934
n4156_taper0.1,112700000.0,0.0010806104547576578,0.009094996079773167,-0.015167494301097819
n4156_taper0.1,113000000.0,0.0010370060113852897,0.008639956156931328,-0.016690766340397768
n4156_taper0.1,113300000.0,0.000963033932440375,0.008087411180030393,-0.013991012564064183
n4156_taper0.1,113600000.0,0.0009417505937990982,0.008088198744154118,-0.0078887363620943
n4156_taper0.1,113900000.0,0.0010352578784988502,0.008978643319117735,-0.002629651505283206
n4156_taper0.1,114200000.0,0.0012060439621538837,0.010458265596477523,-0.0031640429336978805
n4156_taper0.1,114500000.0,0.0013610964508713852,0.011682988059753738,-0.011590704073171653
n4156_taper0.1,114800000.0,0.0014224535243773213,0.01174719989906738,-0.02507486920829582
n4156_taper0.1,115100000.0,0.0013467124787973114,0.010277967275312914,-0.03674545817209356
n4156_taper0.1,115400000.0,0.0011284998455769095,0.007775746347156864,-0.03932013755969564
n4156_taper0.1,115700000.0,0.0008131998085779569,0.0054615898100906545,-0.029522782707615044
n4156_taper0.1,116000000.0,0.0005687926098499375,0.004664983854709961,-0.010703821255217235
n4156_taper0.1,116300000.0,0.0007126142293598055,0.006063820555155846,0.008120795806385386
n4156_taper0.1,116600000.0,0.0010999150046375377,0.009208832314679108,0.016654669711979275
n4156_taper0.1,116900000.0,0.0014645006229466772,0.012638900489010863,0.008932661755705038
n4156_taper0.1,117200000.0,0.0016945039589021161,0.01457465849161882,-0.012932502098723882
n4156_taper0.1,117500000.0,0.001735706402127277,0.013848890568075364,-0.03910098052427648
n4156_taper0.1,117800000.0,0.001569100890261361,0.010584221181388092,-0.056552023723274995
n4156_taper0.1,118100000.0,0.0012089584682352438,0.0062382462961528065,-0.05568941622285558
n4156_taper0.1,118400000.0,0.0007088286039578183,0.002945431160861075,-0.03565599038595353
n4156_taper0.1,118700000.0,0.00029770676026352007,0.0024507326474881063,-0.0054340784861907
n4156_taper0.1,119000000.0,0.0006921762655658464,0.005173807759028631,0.02017721556696385
n4156_taper0.1,119300000.0,0.0012416357175547743,0.009914374231957224,0.02789472935781534
n4156_taper0.1,119600000.0,0.0016731528549607454,0.014389416780660268,0.012855282425806965
n4156_taper0.1,119900000.0,0.0019118282943326125,0.016350146104024934,-0.01855336243003812
n4156_taper0.1,120200000.0,0.0019197122426048627,0.014718267792775607,-0.05149338157747567
n4156_taper0.1,120500000.0,0.0016908109429263785,0.010168746013819445,-0.06981887605164872
n4156_taper0.1,120800000.0,0.001251095774533964,0.004853598949549537,-0.06411289492055891
n4156_taper0.1,121100000.0,0.000658757045692997,0.001373801791414539,-0.03663688248877266
n4156_taper0.1,121400000.0,0.00017148083891273838,0.0014869349163047054,-0.0005576506834482387
n4156_taper0.1,121700000.0,0.0007558227594701454,0.005202587533705213,0.02639096570242674
n4156_taper0.1,122000000.0,0.0013490953891631126,0.010745689189399023,0.030709930373228587
n4156_taper0.1,122300000.0,0.0017853181015992446,0.015420399256733665,0.009903629209365746
n4156_taper0.1,122600000.0,0.0020048002205217924,0.016936286083870843,-0.026220669266009817
n4156_taper0.1,122900000.0,0.001978520411680926,0.014533560714278073,-0.06031785906073453
n4156_taper0.1,123200000.0,0.0017093465884466402,0.00936048326547785,-0.07595432379889878
n4156_taper0.1,123500000.0,0.0012318001607353928,0.003921176902460275,-0.0656492358053253
n4156_taper0.1,123800000.0,0.0006116500736166904,0.0008534122943040774,-0.03458812293129842
n4156_taper0.1,124100000.0,0.00019058237848633083,0.0016298832227899167,0.0019031696505052182
n4156_taper0.1,124400000.0,0.0008104838011994361,0.005835508615927899,0.025946628605288864
n4156_taper0.1,124700000.0,0.001388116554845327,0.011389797149138361,0.02593148955362727
n4156_taper0.1,125000000.0,0.0017969325451318754,0.015590720634755861,0.002094699282669205
n4156_taper0.1,125300000.0,0.0019844916835729184,0.01643943891450997,-0.033828601800866914
n4156_taper0.1,125600000.0,0.0019292595996315864,0.013590878166185065,-0.06451598347979791
n4156_taper0.1,125900000.0,0.0016414947473855203,0.008486198289973436,-0.0755202276336741
n4156_taper0.1,126200000.0,0.0011629768432136112,0.0036224303235579554,-0.06218697455477011
n4156_taper0.1,126500000.0,0.0005741132339288109,0.0013215053617142726,-0.03171558669319041
n4156_taper0.1,126800000.0,0.00030014252293996443,0.002604961144646815,0.0006122089832631207
n4156_taper0.1,127100000.0,0.0008441182208403094,0.006732918347022595,0.019099082550593553
n4156_taper0.1,127400000.0,0.0013654189885206093,0.011623640524624319,0.015271216653020765
n4156_taper0.1,127700000.0,0.0017244917546675599,0.014912734907895558,-0.008313087264972823
n4156_taper0.1,128000000.0,0.001873653137669368,0.015101246620162757,-0.03976854057351715
n4156_taper0.1,128300000.0,0.0017987588745330787,0.012234276078776498,-0.06398278703766971
n4156_taper0.1,128600000.0,0.0015174233889281774,0.007811051076188056,-0.06998061444345682
n4156_taper0.1,128900000.0,0.0010807608522490784,0.004002745768441775,-0.05599585337326013
n4156_taper0.1,129200000.0,0.000600447713747923,0.0025784139599272387,-0.029898846583686144
n4156_taper0.1,129500000.0,0.0004767597083188879,0.004072181772734391,-0.004926865242595086
n4156_taper0.1,129800000.0,0.0008830868150912631,0.007593354031309582,0.00699504401408284
n4156_taper0.1,130100000.0,0.0013067315742365773,0.011341871375217027,0.000913863582078503
n4156_taper0.1,130400000.0,0.0015948780378794184,0.013531406586401779,-0.019238570463129993
n4156_taper0.1,130700000.0,0.0017015731941825106,0.013241138627761658,-0.04314398004549781
n4156_taper0.1,131000000.0,0.0016199750393006318,0.010791729793662812,-0.059471635488995124
n4156_taper0.1,131300000.0,0.0013761896520146275,0.007501123657691293,-0.06134824528182439
n4156_taper0.1,131600000.0,0.0010342760305255088,0.004979998773398095,-0.04930071193542834
n4156_taper0.1,131900000.0,0.0007290124119337082,0.004337319373602615,-0.030417584833420615
n4156_taper0.1,132200000.0,0.0007018453739505073,0.005690235960752778,-0.014391596773201124
n4156_taper0.1,132500000.0,0.0009562006148358656,0.008197940977828978,-0.008624006166575679
n4156_taper0.1,132800000.0,0.0012439146814770127,0.010559259211077336,-0.01489322786630317
n4156_taper0.1,133100000.0,0.0014388448188887323,0.011684875327323886,-0.02908780434792447
n4156_taper0.1,133400000.0,0.0014998397088303826,0.01119626718048056,-0.04382486772804686
n4156_taper0.1,133700000.0,0.001428414386106452,0.009525580072609565,-0.05236971162304319
n4156_taper0.1,134000000.0,0.0012595150112194118,0.007609960202840046,-0.05180079395165418
n4156_taper0.1,134300000.0,0.00106183573416618,0.006373898140829197,-0.043941534387856494
n4156_taper0.1,134600000.0,0.0009338832801177244,0.006280257203420334,-0.03383454472254467
n4156_taper0.1,134900000.0,0.0009491112618992286,0.007169034294371835,-0.026803197629584247
n4156_taper0.1,135200000.0,0.001070443730031157,0.008432171643558634,-0.02577070606732935
n4156_taper0.1,135500000.0,0.0012034411519356058,0.009391493857361441,-0.03018975519365314
n4156_taper0.1,135800000.0,0.0012856361982500689,0.009655293454568713,-0.0369259839429217
n4156_taper0.1,136100000.0,0.0012988134047126868,0.009268158674738963,-0.04235824255289378
n4156_taper0.1,136400000.0,0.0012581388991231228,0.008602514407602036,-0.044397841591167456
n4156_taper0.1,136700000.0,0.0012000530683292379,0.008087153448467867,-0.043329384400136436
n4156_taper0.1,137000000.0,0.0011638372353921717,0.007947948843759791,-0.04115645577547957
n4156_taper0.1,137300000.0,0.0011666800678748533,0.008110488860888566,-0.04002406188156172
n4156_taper0.1,137600000.0,0.0011924910584517822,0.008304669715925458,-0.04077788329585878
n4156_taper0.1,137900000.0,0.0012094864433216661,0.008285875144847089,-0.04254760121848374
n4156_taper0.1,138200000.0,0.0011965796520066988,0.008021294164842811,-0.04354688458676388
n4156_taper0.1,138500000.0,0.0011581984497621607,0.007719354612613777,-0.0425072310929
n4156_taper0.1,138800000.0,0.0011249315470905656,0.007683476420055032,-0.03977199648164263
n4156_taper0.1,139100000.0,0.0011363364053313698,0.008084830813744366,-0.0372937597780326
n4156_taper0.1,139400000.0,0.0012068855710824623,0.008804177097637715,-0.037469639172093255
n4156_taper0.1,139700000.0,0.001308266729718744,0.009455431517687263,-0.04150115679049194
n4156_taper0.1,140000000.0,0.0013904102297400747,0.009593834995922415,-0.04831626032084135
n4156_taper0.1,140300000.0,0.0014105400909586365,0.008994704265850634,-0.05481241324831406
n4156_taper0.1,140600000.0,0.0013489947740661767,0.007835484612436052,-0.05742093045129143
n4156_taper0.1,140900000.0,0.0012178439030574566,0.006657843119166384,-0.054188177075867906
n4156_taper0.1,141200000.0,0.001069944640457871,0.006106464332387997,-0.04618345680314139
n4156_taper0.1,141500000.0,0.0009988595555598004,0.006572840544082782,-0.03732287240742376
n4156_taper0.1,141800000.0,0.001076705433011623,0.007940796447740948,-0.03253475483893042
n4156_taper0.1,142100000.0,0.0012637727687684717,0.009590208580161262,-0.035146760303944986
n4156_taper0.1,142400000.0,0.0014590310739031216,0.010681055372771343,-0.044895493565988036
n4156_taper0.1,142700000.0,0.0015819407029186434,0.010584046966945593,-0.05771437122092826
n4156_taper0.1,143000000.0,0.0015884280039032152,0.009234579617598819,-0.06755295099539138
n4156_taper0.1,143300000.0,0.0014692828346644636,0.00721426191665195,-0.06940004502001346
n4156_taper0.1,143600000.0,0.0012538058866718854,0.005496933126465597,-0.061988783754260895
n4156_taper0.1,143900000.0,0.0010253021881147682,0.004969822040160749,-0.04872710800757301
n4156_taper0.1,144200000.0,0.0009342018749667319,0.005967966300911601,-0.03623904611221456
n4156_taper0.1,144500000.0,0.0010767681633631506,0.008068959694249193,-0.03113864177520193
n4156_taper0.1,144800000.0,0.0013450349315497832,0.01027005203756344,-0.03664021061683326
n4156_taper0.1,145100000.0,0.0015914785433278024,0.011471919425465396,-0.050766480964625244
n4156_taper0.1,145400000.0,0.001729022154494011,0.01103063699951345,-0.06713522601356328
n4156_taper0.1,145700000.0,0.001718701981881507,0.009098854884050506,-0.07800425736767046
n4156_taper0.1,146000000.0,0.0015600095775602397,0.006577336849047294,-0.07810677173104968
n4156_taper0.1,146300000.0,0.001294163026465728,0.004688356349127184,-0.06737082074405595
n4156_taper0.1,146600000.0,0.0010245760763731746,0.004373338850355735,-0.05110951429688659
n4156_taper0.1,146900000.0,0.0009365612518158222,0.005814884180016937,-0.03750046501321348
n4156_taper0.1,147200000.0,0.0011243462945951044,0.008330254322781283,-0.033563511603175195
n4156_taper0.1,147500000.0,0.0014310514077588501,0.010697604405492157,-0.041654108493809516
n4156_taper0.1,147800000.0,0.0016937466190210413,0.01175452511134177,-0.058247710761968295
n4156_taper0.1,148100000.0,0.0018280881599067888,0.010970891984838345,-0.07562913932580198
n4156_taper0.1,148400000.0,0.0018012122195484453,0.008712979489505739,-0.08565413473607032
n4156_taper0.1,148700000.0,0.001620514369836129,0.006068385325588209,-0.08374054356475809
n4156_taper0.1,149000000.0,0.0013374816286953791,0.004315138015456041,-0.071128964981506
n4156_taper0.1,149300000.0,0.0010688891707582337,0.004294431018784369,-0.05428041225649922
n4156_taper0.1,149600000.0,0.0010035506238306089,0.005998689673324025,-0.04169054965066988
n4156_taper0.1,149900000.0,0.0012074139656380936,0.008581262495827623,-0.03971035854143679
n4156_taper0.1,150200000.0,0.0015127774931376176,0.010779805563276311,-0.04946719949259071
n4156_taper0.1,150500000.0,0.001763856611318745,0.011536952457617546,-0.06639483072189452
n4156_taper0.1,150800000.0,0.001882535307682618,0.010509551692847523,-0.08254686207968777
n4156_taper0.1,151100000.0,0.0018423687450152253,0.008221441722041289,-0.09050549169990575
n4156_taper0.1,151400000.0,0.0016583734404455853,0.005793063105509028,-0.08696030140025043
n4156_taper0.1,151700000.0,0.0013907767845860914,0.004386246155611129,-0.07422565218444484
n4156_taper0.1,152000000.0,0.0011601427115133234,0.004639774241805096,-0.058986021243544164
n4156_taper0.1,152300000.0,0.001126421846012633,0.006373743854340779,-0.04893430568755173
n4156_taper0.1,152600000.0,0.0013180906535657194,0.008702580769235819,-0.04901305275178624
n4156_taper0.1,152900000.0,0.0015893265546933373,0.010488144858715317,-0.05912505051479735
n4156_taper0.1,153200000.0,0.0018064797620322781,0.010897672661762597,-0.07437763528379043
n4156_taper0.1,153500000.0,0.001901040263143211,0.009791001972041306,-0.08763133812189951
n4156_taper0.1,153800000.0,0.001853812936560869,0.007757933731625802,-0.0930207326509691
n4156_taper0.1,154100000.0,0.0016868470024951677,0.005802720025976743,-0.08871127983705789
n4156_taper0.1,154400000.0,0.0014649027855810027,0.0048423213565276756,-0.07759181710158271
n4156_taper0.1,154700000.0,0.0012969031368093428,0.005269820936998779,-0.06564906379708937
n4156_taper0.1,155000000.0,0.0012925077412789413,0.006793754035695057,-0.05891990428728001
n4156_taper0.1,155300000.0,0.0014508049876163125,0.008618493528321752,-0.06058757070409381
n4156_taper0.1,155600000.0,0.0016638302885538634,0.009857778742655298,-0.06963619590094029
n4156_taper0.1,155900000.0,0.001830114000415448,0.009964874707529754,-0.08161979994763843
n4156_taper0.1,156200000.0,0.0018958552509683402,0.008969782682474276,-0.0910285636697675
n4156_taper0.1,156500000.0,0.0018505908766754244,0.007422483741375409,-0.0939985181764344
n4156_taper0.1,156800000.0,0.0017212980264295703,0.006090126549699939,-0.09003238167255972
n4156_taper0.1,157100000.0,0.0015683377598766652,0.005572175923334487,-0.08196616811533453
n4156_taper0.1,157400000.0,0.0014716426123593548,0.006027231877030132,-0.07432386375185053
n4156_taper0.1,157700000.0,0.0014873407583225167,0.007137100641420584,-0.07099113026056028
n4156_taper0.1,158000000.0,0.0015995426557346587,0.008306110282936721,-0.07341078691051113
n4156_taper0.1,158300000.0,0.0017399967747224244,0.008976126899910362,-0.08014276140976598
n4156_taper0.1,158600000.0,0.0018448293788489764,0.008890839973647069,-0.08787322722898849
n4156_taper0.1,158900000.0,0.0018811597592399928,0.00818426787028703,-0.09322847684078853
n4156_taper0.1,159200000.0,0.0018488897066183043,0.007268213608444766,-0.09441341338205998
n4156_taper0.1,159500000.0,0.0017750044299566377,0.00659618227448233,-0.09187964816781896
n4156_taper0.1,159800000.0,0.0017026915715193768,0.006435758284629516,-0.08779563767045222
n4156_taper0.1,160100000.0,0.0016718926253991516,0.00676384329225045,-0.08472514474115113
n4156_taper0.1,160400000.0,0.001696311814977846,0.007323684167902405,-0.08428738463644674
n4156_taper0.1,160700000.0,0.001756966669635079,0.007793589517182871,-0.08649708285123553
n4156_taper0.1,161000000.0,0.0018202717025759916,0.007963781405990859,-0.09004215397189841
n4156_taper0.1,161300000.0,0.0018606900389336548,0.007825689488939072,-0.09322343239685862
n4156_taper0.1,161600000.0,0.001871483761127803,0.007536927786721319,-0.09495338102178957
n4156_taper0.1,161900000.0,0.001863446809894774,0.0072982680032665954,-0.0952473689084809
n4156_taper0.1,162200000.0,0.0018556217722108708,0.007224826879126456,-0.09499006074677749
n4156_taper0.1,162500000.0,0.0018622571379938193,0.0072888579169533285,-0.09520245824616207
n4156_taper0.1,162800000.0,0.0018833778888899862,0.007361985855823743,-0.09631343752766042
n4156_taper0.1,163100000.0,0.0019061001292559776,0.00732179692613927,-0.09790015067023138
n4156_taper0.1,163400000.0,0.0019153734844543945,0.007149303930447852,-0.09904307773531562
n4156_taper0.1,163700000.0,0.0019057250162799687,0.006951908922044846,-0.0990453939300553
n4156_taper0.1,164000000.0,0.0018869161655442055,0.006894907826010005,-0.09803274023438303
n4156_taper0.1,164300000.0,0.001880197610605849,0.007083631372930659,-0.0970172949303719
n4156_taper0.1,164600000.0,0.0019051152589578328,0.007472258833635319,-0.09733994316133794
n4156_taper0.1,164900000.0,0.00196393226503929,0.007862892603550675,-0.09980104085882546
n4156_taper0.1,165200000.0,0.0020368850771260807,0.008005647833196907,-0.10401318634091757
n4156_taper0.1,165500000.0,0.0020928495681703336,0.007747885118115111,-0.1084153089855275
n4156_taper0.1,165800000.0,0.0021059278158768865,0.007145678225639744,-0.1110191932507885
n4156_taper0.1,166100000.0,0.0020683885850191846,0.006465246646991849,-0.11052307763856528
n4156_taper0.1,166400000.0,0.0019971190974551575,0.006060475410279059,-0.10717321289752096
n4156_taper0.1,166700000.0,0.0019316400540704101,0.006183883266014004,-0.10284092433245154
n4156_taper0.1,167000000.0,0.0019181046476595086,0.006832529321047085,-0.10018500717597269
n4156_taper0.1,167300000.0,0.001979422861703232,0.007719826866573056,-0.10128086411090659
n4156_taper0.1,167600000.0,0.0020953193429971493,0.008400892169760966,-0.10643246340152554
n4156_taper0.1,167900000.0,0.002215624380831157,0.008495610589119776,-0.11383745712284188
n4156_taper0.1,168200000.0,0.002289901388703582,0.007895988494706109,-0.12035518983178332
n4156_taper0.1,168500000.0,0.00228852311151959,0.006845324709970084,-0.12304749589949326
n4156_taper0.1,168800000.0,0.0022124410120841955,0.005837981877549786,-0.120727786448396
n4156_taper0.1,169100000.0,0.002096191053010306,0.005380479362012782,-0.11470005743840145
n4156_taper0.1,169400000.0,0.00200180006387124,0.005730732546328306,-0.10824594517621848
n4156_taper0.1,169700000.0,0.0019922481343149128,0.006751040141502458,-0.1050540320691331
n4156_taper0.1,170000000.0,0.0020866627280997085,0.007957749844673435,-0.10735596099129706
n4156_taper0.25,20000000.0,0.07950279172633647,0.6600321306175632,-0.5159107191037899
n4156_taper0.25,20300000.0,0.07615839514251249,0.47992451078370413,-2.82736150408798
n4156_taper0.25,20600000.0,0.07093709167571055,0.1272691548188481,-3.9471996195558705
n4156_taper0.25,20900000.0,0.06474581267224212,-0.2529611705318071,-3.374463898021343
n4156_taper0.25,21200000.0,0.05878240607305465,-0.482914612679565,-1.3571473418637652
n4156_taper0.25,21500000.0,0.05408106784682378,-0.4560388585605837,1.0332188236770063
n4156_taper0.25,21800000.0,0.050960729141712235,-0.21971436130915925,2.577653394413556
n4156_taper0.25,22100000.0,0.048806968152050455,0.07598561022714234,2.7389996208245764
n4156_taper0.25,22400000.0,0.04648244407394741,0.29262399953449686,1.7697072680498591
n4156_taper0.25,22700000.0,0.042979505461934416,0.3623664319237275,0.3191791128174065
n4156_taper0.25,23000000.0,0.0378104039189707,0.29024752305982465,-0.934321539482004
n4156_taper0.25,23300000.0,0.031073857099713623,0.1363299142653245,-1.5204805253539597
n4156_taper0.25,23600000.0,0.023350993734481205,-0.013278510048282476,-1.3360986392323593
n4156_taper0.25,23900000.0,0.015552167370527201,-0.08915121545315216,-0.6755510179491678
n4156_taper0.25,24200000.0,0.008818266583934887,-0.07679196950484257,-0.030776785094184127
n4156_taper0.25,24500000.0,0.004704370514789111,-0.01730100113277605,0.24448440236419414
n4156_taper0.25,24800000.0,0.004192820927555301,0.030521457891993214,0.13028320880068575
n4156_taper0.25,25100000.0,0.004199448077144101,0.0313874079008466,-0.12172582709033818
n4156_taper0.25,25400000.0,0.0035573648569360594,-0.008007089061701266,-0.19695685489763823
n4156_taper0.25,25700000.0,0.005472910836175407,-0.04663237952150899,0.06508651529682674
n4156_taper0.25,26000000.0,0.010475771576169406,-0.03783153738452268,0.5473200231197846
n4156_taper0.25,26300000.0,0.016507651583392954,0.035210934749510946,0.9148902697881158
n4156_taper0.25,26600000.0,0.022314907390437035,0.14328495231264637,0.8453375592087127
n4156_taper0.25,26900000.0,0.026994345011641597,0.22819527626281966,0.25330040437228507
n4156_taper0.25,27200000.0,0.0299519657781065,0.23691644352242208,-0.6506425566840927
n4156_taper0.25,27500000.0,0.030996473955561238,0.14944394674865433,-1.4589570768337559
n4156_taper0.25,27800000.0,0.03043383382867046,-0.008252690457719323,-1.7437765431447574
n4156_taper0.25,28100000.0,0.029111171821609414,-0.16818375244620085,-1.2671528294959629
n4156_taper0.25,28400000.0,0.028268435579751203,-0.24779273278414743,-0.16523432543414313
n4156_taper0.25,28700000.0,0.02894332108058181,-0.1984126230183717,1.0490787962557464
n4156_taper0.25,29000000.0,0.03117202649419968,-0.04090213821845043,1.7698578286811841
n4156_taper0.25,29300000.0,0.03399084093095687,0.14794749699066304,1.6663036087618581
n4156_taper0.25,29600000.0,0.036200273744920006,0.28300989180496106,0.8237964119137035
n4156_taper0.25,29900000.0,0.036929016016797746,0.31014749039780654,-0.3659181222641468
n4156_taper0.25,30200000.0,0.03580642516593666,0.22212341788140247,-1.3984739962440698
n4156_taper0.25,30500000.0,0.03297366873250954,0.05837127543596081,-1.8432045076405341
n4156_taper0.25,30800000.0,0.02905444094710566,-0.10813147467272902,-1.5156808471629941
n4156_taper0.25,31100000.0,0.025088919143672152,-0.20134013289843317,-0.5923207179375034
n4156_taper0.25,31400000.0,0.022289060991210752,-0.1831891906073948,0.45321170694049273
n4156_taper0.25,31700000.0,0.02134901530706098,-0.07534301195072828,1.123525594224137
n4156_taper0.25,32000000.0,0.021759997590358408,0.05974994705868496,1.1783250509018974
n4156_taper0.25,32300000.0,0.022271902329203293,0.1589798541944747,0.7064488119777226
n4156_taper0.25,32600000.0,0.021846842008217217,0.1877128072922636,0.007420705453863368
n4156_taper0.25,32900000.0,0.020005033211201024,0.14798948856285551,-0.581894077587815
n4156_taper0.25,33200000.0,0.016761292771465586,0.07106673421823881,-0.8336727299847924
n4156_taper0.25,33500000.0,0.01248485720828621,-0.00040963297247700116,-0.7153460364990182
n4156_taper0.25,33800000.0,0.00776680533670104,-0.034823446319081505,-0.38217649856219615
n4156_taper0.25,34100000.0,0.0033351474424777694,-0.02720384771206949,-0.06654522533551674
n4156_taper0.25,34400000.0,0.0012623133486861992,0.0026700351592983196,0.07013647466827808
n4156_taper0.25,34700000.0,0.003165138630484239,0.02729323715512438,0.01925420124814865
n4156_taper0.25,35000000.0,0.0038932895263459866,0.030017296245467985,-0.10188938456607738
n4156_taper0.25,35300000.0,0.0030281065864409848,0.013862449925629561,-0.14728112326387585
n4156_taper0.25,35600000.0,0.000833275513397794,-0.002533328568586254,-0.04473053893933784
n4156_taper0.25,35900000.0,0.002668798450159339,0.0013418427594929423,0.15264270340988087
n4156_taper0.25,36200000.0,0.006434340132024388,0.03255964101696417,0.29878592159006473
n4156_taper0.25,36500000.0,0.010082443941519975,0.07822058339761923,0.2539514635336219
n4156_taper0.25,36800000.0,0.013036065824201392,0.112466633977643,-0.017620039011357558
n4156_taper0.25,37100000.0,0.014863330929169359,0.1117087145406897,-0.4158968163924222
n4156_taper0.25,37400000.0,0.015348009890107796,0.06847165759861526,-0.75048890448979
n4156_taper0.25,37700000.0,0.01456092506669186,-0.0026795430012050733,-0.8342283846733157
n4156_taper0.25,38000000.0,0.012942951105246457,-0.0698242547076196,-0.5850067251901996
n4156_taper0.25,38300000.0,0.011402555000924653,-0.09870492864171633,-0.08813661821443111
n4156_taper0.25,38600000.0,0.011135620481433852,-0.07200952700717997,0.4299223830985182
n4156_taper0.25,38900000.0,0.012565041185951637,-0.0005285537212426284,0.719942027919162
n4156_taper0.25,39200000.0,0.014816245051755496,0.08259941334962645,0.6457197582060799
n4156_taper0.25,39500000.0,0.016796549331843835,0.13980576619872737,0.24671285217537553
n4156_taper0.25,39800000.0,0.017811733429728624,0.14676992783038867,-0.2944432122439281
n4156_taper0.25,40100000.0,0.017560198822601743,0.10188541901848264,-0.7408073481752109
n4156_taper0.25,40400000.0,0.016063510760565225,0.026053027828384225,-0.9027893306644246
n4156_taper0.25,40700000.0,0.013634422073333442,-0.04645176623970532,-0.720870336753957
n4156_taper0.25,41000000.0,0.010888665440866488,-0.08381561028805275,-0.29548552696337127
n4156_taper0.25,41300000.0,0.008785070196583665,-0.07250014751928205,0.16360336657023422
n4156_taper0.25,41600000.0,0.008284141761278828,-0.023185509735544944,0.45000145123301943
n4156_taper0.25,41900000.0,0.00918227375572833,0.03723833769418453,0.4639667346716817
n4156_taper0.25,42200000.0,0.010310363451968804,0.08110825185299719,0.24388066727517743
n4156_taper0.25,42500000.0,0.010819614568562005,0.09276756394563551,-0.07582527560787541
n4156_taper0.25,42800000.0,0.010376180418979154,0.07334777432456413,-0.3411399690216641
n4156_taper0.25,43100000.0,0.008979589645671365,0.03750499213811349,-0.4498410303271089
n4156_taper0.25,43400000.0,0.006839665842075236,0.004622278825728696,-0.3905922112081278
n4156_taper0.25,43700000.0,0.00429482450786724,-0.011357110546273967,-0.23456324717568844
n4156_taper0.25,44000000.0,0.0017552488673256176,-0.00821658214213045,-0.08476982561964533
n4156_taper0.25,44300000.0,0.0006867297801165132,0.005566184034243269,-0.01410823814157398
n4156_taper0.25,44600000.0,0.0021218503019343267,0.017827732455702936,-0.03033356210189324
n4156_taper0.25,44900000.0,0.0028058767100930544,0.02066817583050919,-0.08483170861100953
n4156_taper0.25,45200000.0,0.002595512444361822,0.014626367515063915,-0.11300138184437011
n4156_taper0.25,45500000.0,0.0016173705601984817,0.007278002749602854,-0.07921754200513006
n4156_taper0.25,45800000.0,0.0008681379359754557,0.0075369000146984,-0.0004987403734416078
n4156_taper0.25,46100000.0,0.002483834844402101,0.019192068641437805,0.06466111711635947
n4156_taper0.25,46400000.0,0.004464307772147165,0.03777016937450237,0.05538778865073527
n4156_taper0.25,46700000.0,0.006155645627532558,0.05276950868714371,-0.04971574211480852
n4156_taper0.25,47000000.0,0.007256216634634154,0.053779079719512624,-0.21432256138599817
n4156_taper0.25,47300000.0,0.007588114683153641,0.03676776022030318,-0.3597230418391994
n4156_taper0.25,47600000.0,0.007114351889394578,0.0071381495566470825,-0.40472588838042256
n4156_taper0.25,47900000.0,0.005974440389007728,-0.02209849626771386,-0.31020288717003275
n4156_taper0.25,48200000.0,0.004578663620495887,-0.03650575970370807,-0.10546506348419708
n4156_taper0.25,48500000.0,0.003834307867302067,-0.027896465820213354,0.12065069748439662
n4156_taper0.25,48800000.0,0.004593347766474257,0.0008685455660606638,0.26310414154491063
n4156_taper0.25,49100000.0,0.006171973709229623,0.03704573260516943,0.25456683060101204
n4156_taper0.25,49400000.0,0.007638275093086498,0.06439156069526997,0.09848012848849055
n4156_taper0.25,49700000.0,0.008531966697809545,0.07092447859703649,-0.13469997756409938
n4156_taper0.25,50000000.0,0.008660117990951807,0.05419567242259404,-0.3418579425747301
n4156_taper0.25,50300000.0,0.008001523990178425,0.022088997417596696,-0.43406890241132734
n4156_taper0.25,50600000.0,0.006680162974616768,-0.010930083919194776,-0.37613891802411564
n4156_taper0.25,50900000.0,0.004970289787677024,-0.030585988396007416,-0.20168663368993173
n4156_taper0.25,51200000.0,0.0033925665890566763,-0.02950791792235093,0.00497150322755948
n4156_taper0.25,51500000.0,0.002906873751017215,-0.010333627975925127,0.15207237748337343
n4156_taper0.25,51800000.0,0.0037430298443908443,0.016465421148538294,0.18468671891354205
n4156_taper0.25,52100000.0,0.0048046129571121645,0.03842179630813344,0.10588526829438111
n4156_taper0.25,52400000.0,0.005461593462632603,0.047047464789063416,-0.03285889208548233
n4156_taper0.25,52700000.0,0.005522206458297838,0.04105646111538277,-0.1621408744820511
n4156_taper0.25,53000000.0,0.0049860217240952085,0.025844108376042063,-0.22870624383453345
n4156_taper0.25,53300000.0,0.003968520223125177,0.009966136126397716,-0.2175323684188829
n4156_taper0.25,53600000.0,0.0026691314142628336,0.000541053029859427,-0.15288359433788817
n4156_taper0.25,53900000.0,0.0013865899281300905,-5.155290165736125e-05,-0.07944526510869172
n4156_taper0.25,54200000.0,0.0008810714915491401,0.0054761523024435006,-0.0352409180525156
n4156_taper0.25,54500000.0,0.0014719099551948973,0.011804093924963769,-0.032244075642672836
n4156_taper0.25,54800000.0,0.001930741177997349,0.01456473373009328,-0.054649684991897374
n4156_taper0.25,55100000.0,0.0019565837087032753,0.012827889994866386,-0.07340657354657773
n4156_taper0.25,55400000.0,0.001579649999601181,0.009239418888025354,-0.06684542364336787
n4156_taper0.25,55700000.0,0.0011008936244100108,0.007943924702283972,-0.035058539711740125
n4156_taper0.25,56000000.0,0.001339508656013674,0.011627017971004974,0.00014533908741890314
n4156_taper0.25,56300000.0,0.002253375344372982,0.01949805000336957,0.009450120192203485
n4156_taper0.25,56600000.0,0.003196265569558088,0.02747034451738789,-0.024413166452701533
n4156_taper0.25,56900000.0,0.003874858584199143,0.030439942332323784,-0.09380204099451206
n4156_taper0.25,57200000.0,0.00413633457429407,0.02531430909511846,-0.16768824690021
n4156_taper0.25,57500000.0,0.003914593474913252,0.013077235378145763,-0.2068548534382109
n4156_taper0.25,57800000.0,0.0032296264293762878,-0.0012647855638747599,-0.18486935373938482
n4156_taper0.25,58100000.0,0.002206998183899911,-0.010947056830410975,-0.10390240928468593
n4156_taper0.25,58400000.0,0.0012524100786400034,-0.010871344439389825,0.003609257187056676
n4156_taper0.25,58700000.0,0.0015637981653774348,-0.0003899999794516269,0.08956411593726556
n4156_taper0.25,59000000.0,0.002724134204423784,0.016146198552151998,0.11389641623777154
n4156_taper0.25,59300000.0,0.003796133033354328,0.031425381239518525,0.06453815052048924
n4156_taper0.25,59600000.0,0.004508030385708001,0.03866889383898391,-0.03679589018876261
n4156_taper0.25,59900000.0,0.004747097262516259,0.034773670373384774,-0.14514199291434943
n4156_taper0.25,60200000.0,0.004485256082048183,0.021654872635409703,-0.21324383804824518
n4156_taper0.25,60500000.0,0.0037681614450374447,0.005264397969866656,-0.2130225402416391
n4156_taper0.25,60800000.0,0.002710165736633039,-0.007230667523507266,-0.14784228652014011
n4156_taper0.25,61100000.0,0.0015149402099603137,-0.01079051554233304,-0.049770787620482496
n4156_taper0.25,61400000.0,0.0008419461501633322,-0.004719929529093777,0.03686452196812774
n4156_taper0.25,61700000.0,0.0015880132861785469,0.007344505995055853,0.07697002056578528
n4156_taper0.25,62000000.0,0.002483728080356829,0.0195398741737338,0.05993617201953252
n4156_taper0.25,62300000.0,0.003080696953228752,0.026716375392175105,0.0015897012011606509
n4156_taper0.25,62600000.0,0.003288502955867133,0.026680146902478434,-0.06647172596398979
n4156_taper0.25,62900000.0,0.003109011256362242,0.020773949219538526,-0.11347864969801054
n4156_taper0.25,63200000.0,0.002609386199135971,0.012731671417153066,-0.1235569991236336
n4156_taper0.25,63500000.0,0.0019155979544780248,0.006536986138429292,-0.10088534713619887
n4156_taper0.25,63800000.0,0.001232928504206456,0.004435816057908408,-0.0642768302353472
n4156_taper0.25,64100000.0,0.0009318594176721985,0.006109833056296966,-0.0349903651039451
n4156_taper0.25,64400000.0,0.0011600957731124134,0.009331445183445858,-0.024988354543166523
n4156_taper0.25,64700000.0,0.0014457319123741955,0.011571929748284828,-0.032025247887070785
n4156_taper0.25,65000000.0,0.001532682889167688,0.011554934254876541,-0.04349449217056626
n4156_taper0.25,65300000.0,0.0013926237723494283,0.00988555531668658,-0.04590409082720254
n4156_taper0.25,65600000.0,0.0011431344863190558,0.00847600746004803,-0.03405245410775487
n4156_taper0.25,65900000.0,0.0010868946652196963,0.009174616227708345,-0.014539288981134236
n4156_taper0.25,66200000.0,0.0014339677959432058,0.01244384581097503,-0.001652148145602466
n4156_taper0.25,66500000.0,0.0019522704545558982,0.016895514086171362,-0.008158137654756668
n4156_taper0.25,66800000.0,0.0023897980597332746,0.019978975018299757,-0.03656414715567896
n4156_taper0.25,67100000.0,0.002604877362379081,0.0194336151277353,-0.07610555728011345
n4156_taper0.25,67400000.0,0.0025257997216353604,0.01468104436899486,-0.107375024232097
n4156_taper0.25,67700000.0,0.0021362443083049027,0.007371237764466855,-0.1122686087834003
n4156_taper0.25,68000000.0,0.001469693483471381,0.0007404792496536488,-0.0840618614547162
n4156_taper0.25,68300000.0,0.0006043243646073399,-0.001946049479043243,-0.03216190372504712
n4156_taper0.25,68600000.0,0.0003880800402360981,0.0009139959944390483,0.021401136253909627
n4156_taper0.25,68900000.0,0.0013260631093838602,0.008341915167805691,0.05233680555590547
n4156_taper0.25,69200000.0,0.002134256571326717,0.017155363942250083,0.046019044822731336
n4156_taper0.25,69500000.0,0.002705641013994924,0.023458149874415867,0.004745579753628551
n4156_taper0.25,69800000.0,0.0029712980136733912,0.024473900185029634,-0.05327420483382339
n4156_taper0.25,70100000.0,0.002902698579130655,0.019821808557528,-0.10247151017904539
n4156_taper0.25,70400000.0,0.0025143924534708167,0.011650326618992827,-0.1217400979019439
n4156_taper0.25,70700000.0,0.001861115971328006,0.0035942162181966794,-0.10394235455291899
n4156_taper0.25,71000000.0,0.0010295932725828561,-0.0009369733125350563,-0.05866987565705824
n4156_taper0.25,71300000.0,0.00012770336365827543,-0.0003082084771546751,-0.007028869797343794
n4156_taper0.25,71600000.0,0.0007394660355844924,0.0047093132781622325,0.02879389522698441
n4156_taper0.25,71900000.0,0.0014642030641968582,0.011494422473580606,0.03577271646096964
n4156_taper0.25,72200000.0,0.0019721038537583576,0.016960051757179535,0.015046701571901456
n4156_taper0.25,72500000.0,0.0022197050724917203,0.019012507809859785,-0.02026121250969294
n4156_taper0.25,72800000.0,0.0022033388345429348,0.017377329304415337,-0.05258871379472271
n4156_taper0.25,73100000.0,0.0019611968300764313,0.013469243653944078,-0.0686510086255435
n4156_taper0.25,73400000.0,0.0015748051115201756,0.009472208198613967,-0.06502644913237439
n4156_taper0.25,73700000.0,0.0011784259218000006,0.00716171616546179,-0.04820018725124102
n4156_taper0.25,74000000.0,0.0009665190165212559,0.007090495107876243,-0.02960660890898398
n4156_taper0.25,74300000.0,0.0010352565584852418,0.008524941690730965,-0.018778770634842405
n4156_taper0.25,74600000.0,0.001205820120084677,0.01008523773329011,-0.01849046057314315
n4156_taper0.25,74900000.0,0.001299561212021768,0.010660152866653522,-0.02434454237901351
n4156_taper0.25,75200000.0,0.0012612545821459916,0.010055039409650402,-0.028580038831366516
n4156_taper0.25,75500000.0,0.0011313525278604155,0.009025571443776085,-0.025551933865489655
n4156_taper0.25,75800000.0,0.0010401785700398832,0.008716145208593118,-0.015576386597795
n4156_taper0.25,76100000.0,0.0011388681498590322,0.009858487208052963,-0.004903258709021139
n4156_taper0.25,76400000.0,0.001407993099577772,0.012217817560153,-0.001860715184046902
n4156_taper0.25,76700000.0,0.0016972882161352483,0.01462715083151692,-0.011464844690933666
n4156_taper0.25,77000000.0,0.0018816227482555542,0.01560565026472691,-0.03170150270722141
n4156_taper0.25,77300000.0,0.0018880828489308429,0.014217809682941795,-0.05373692307802561
n4156_taper0.25,77600000.0,0.0016881528539285052,0.010691124831494071,-0.06610987097854495
n4156_taper0.25,77900000.0,0.0012942469070607529,0.006435026217235336,-0.06077030873368775
n4156_taper0.25,78200000.0,0.0007677711409843983,0.00341565363072302,-0.037771860934099705
n4156_taper0.25,78500000.0,0.0003812891590892644,0.0031837516211613475,-0.006002237481682064
n4156_taper0.25,78800000.0,0.0007852643085110263,0.006055452841101839,0.020672466618523202
n4156_taper0.25,79100000.0,0.0013594104059540652,0.010887283539200978,0.030021981242412153
n4156_taper0.25,79400000.0,0.0018210166123585664,0.015579885268760287,0.017453700761029846
n4156_taper0.25,79700000.0,0.0020913583323639217,0.018060085967986035,-0.011663148648655414
n4156_taper0.25,80000000.0,0.0021344461099723705,0.017250333822129368,-0.044475407086098574
n4156_taper0.25,80300000.0,0.0019480356929630902,0.01355684874417856,-0.06664214211120963
n4156_taper0.25,80600000.0,0.0015627979271133565,0.008654437601016854,-0.06892504048811131
n4156_taper0.25,80900000.0,0.00104463443255937,0.004683958948774489,-0.05124276230583105
n4156_taper0.25,81200000.0,0.0005406828677295689,0.003256809562716036,-0.022311378649333302
n4156_taper0.25,81500000.0,0.0005536333874838844,0.004751247443482795,0.004836325098184942
n4156_taper0.25,81800000.0,0.0010050858343437902,0.008231137239582048,0.019107102592788777
n4156_taper0.25,82100000.0,0.0014101843364656256,0.011990665609281786,0.016222006292147498
n4156_taper0.25,82400000.0,0.0016606441152319058,0.014412205481825055,-5.675722496443458e-05
n4156_taper0.25,82700000.0,0.0017309987547351724,0.014694128185440466,-0.02060746121280088
n4156_taper0.25,83000000.0,0.0016353194708201063,0.013111319099650024,-0.035857099079696295
n4156_taper0.25,83300000.0,0.0014226585244333926,0.010730977711316347,-0.040316152699569126
n4156_taper0.25,83600000.0,0.0011776284790121724,0.008779130635393493,-0.03455952058754384
n4156_taper0.25,83900000.0,0.0010128800322631488,0.008010881113688185,-0.02392517332809435
n4156_taper0.25,84200000.0,0.0010030005884826357,0.008408011685311778,-0.0149405856678261
n4156_taper0.25,84500000.0,0.0010936293773053728,0.009329549764396169,-0.011607380826278997
n4156_taper0.25,84800000.0,0.0011745233224623314,0.00998597541999064,-0.013578075222544839
n4156_taper0.25,85100000.0,0.00118322496048591,0.009940888711782784,-0.017051539219550278
n4156_taper0.25,85400000.0,0.001120463170198907,0.00935211203132899,-0.017641153353699725
n4156_taper0.25,85700000.0,0.0010436557815705115,0.00882927581697852,-0.013415322702018633
n4156_taper0.25,86000000.0,0.0010434441251685653,0.009008080161287742,-0.006298348555882261
n4156_taper0.25,86300000.0,0.0011638107584617916,0.010101695509003842,-0.0010095165575440279
n4156_taper0.25,86600000.0,0.0013485966626735097,0.011701302268589262,-0.0021577137342804614
n4156_taper0.25,86900000.0,0.0015052036624148678,0.012953618557334705,-0.011193225446453707
n4156_taper0.25,87200000.0,0.0015630960454769648,0.013025476185037542,-0.025025034284976856
n4156_taper0.25,87500000.0,0.0014858207930712626,0.011599480270031801,-0.037190135696800394
n4156_taper0.25,87800000.0,0.0012719812475140994,0.009121693602663017,-0.041052456497051394
n4156_taper0.25,88100000.0,0.0009624448447224447,0.006649833782982161,-0.03338247489633122
n4156_taper0.25,88400000.0,0.0006804521372722373,0.005359976155321502,-0.01639994222066694
n4156_taper0.25,88700000.0,0.0006877261316123681,0.00595523212039586,0.002902525150614737
n4156_taper0.25,89000000.0,0.0009938871113293387,0.008283474769157376,0.015938418038825276
n4156_taper0.25,89300000.0,0.001341920723851107,0.011371338488670082,0.01665122114491908
n4156_taper0.25,89600000.0,0.001599672984407104,0.013866767294973294,0.004494253392162747
n4156_taper0.25,89900000.0,0.001711336589328398,0.014671215541042639,-0.015236557485686095
n4156_taper0.25,90200000.0,0.0016587513723315952,0.013450022310456892,-0.03386630500097744
n4156_taper0.25,90500000.0,0.0014542935492500783,0.010776348902031888,-0.043373989821232486
n4156_taper0.25,90800000.0,0.0011426480728326076,0.007846689612712692,-0.04004002814677841
n4156_taper0.25,91100000.0,0.0008182057556035497,0.005912899965849392,-0.025978916392240665
n4156_taper0.25,91400000.0,0.0006718742396974207,0.005710242171000166,-0.007881577542727164
n4156_taper0.25,91700000.0,0.0008316871711503633,0.007157027275007574,0.006324752137715648
n4156_taper0.25,92000000.0,0.0011068040231500319,0.009457704813063312,0.011179145252366528
n4156_taper0.25,92300000.0,0.0013327423218776615,0.01153333694090055,0.00593420920092402
n4156_taper0.25,92600000.0,0.0014487071000897076,0.012545276457274464,-0.005625057070259123
n4156_taper0.25,92900000.0,0.001444042161360803,0.012250466206896928,-0.017484778974116502
n4156_taper0.25,93200000.0,0.0013410843048040466,0.011032436620154379,-0.024505397425567038
n4156_taper0.25,93500000.0,0.0011898898602411452,0.00962545770547167,-0.024725300393634637
n4156_taper0.25,93800000.0,0.0010601501281113982,0.00870052258982176,-0.019799879820224294
n4156_taper0.25,94100000.0,0.0010115315029011224,0.008538303502458456,-0.013544707827670208
n4156_taper0.25,94400000.0,0.0010444381798806893,0.008951088257164301,-0.009541251070900798
n4156_taper0.25,94700000.0,0.001102614549357987,0.009470088931293441,-0.009187734187434607
n4156_taper0.25,95000000.0,0.0011309100927805128,0.009668845945597469,-0.011226724385124849
n4156_taper0.25,95300000.0,0.0011090979343946717,0.009427965026956317,-0.012887781615285154
n4156_taper0.25,95600000.0,0.0010563233354667792,0.00899204867214208,-0.011870906723690488
n4156_taper0.25,95900000.0,0.0010225505351748548,0.008794875531834494,-0.007959567055997065
n4156_taper0.25,96200000.0,0.001057000773813424,0.009162483746058641,-0.0033023661554499794
n4156_taper0.25,96500000.0,0.0011605893560222677,0.010073303631952185,-0.001185505304188521
n4156_taper0.25,96800000.0,0.0012831925187893087,0.011122032395060707,-0.0039980030678327064
n4156_taper0.25,97100000.0,0.0013649950405994079,0.011717577794420795,-0.01157335277315812
n4156_taper0.25,97400000.0,0.0013643562950916876,0.011411108979189687,-0.020901449650901276
n4156_taper0.25,97700000.0,0.0012662605964386426,0.010173674418813342,-0.02745563610773306
n4156_taper0.25,98000000.0,0.0010868163579717844,0.008465059026423976,-0.027491282290116405
n4156_taper0.25,98300000.0,0.0008840176963997353,0.007043333572997695,-0.02011931663531355
n4156_taper0.25,98600000.0,0.0007731531687346433,0.006601712484539987,-0.00802862335353143
n4156_taper0.25,98900000.0,0.0008563711786586438,0.007415132623826471,0.003598377152224607
n4156_taper0.25,99200000.0,0.0010704903714636486,0.009181115787404473,0.00949419563210755
n4156_taper0.25,99500000.0,0.0012892629125710003,0.011142984684691583,0.006846177358057487
n4156_taper0.25,99800000.0,0.0014342334398830148,0.012438547488496933,-0.003311777036521838
n4156_taper0.25,100100000.0,0.0014691700449227553,0.012502548450228145,-0.016552142723193806
n4156_taper0.25,100400000.0,0.0013881388775343936,0.011326249768119355,-0.02712018092007661
n4156_taper0.25,100700000.0,0.0012127265951354638,0.009451043797455781,-0.03059631648571272
n4156_taper0.25,101000000.0,0.0009957450071646152,0.00770443318242464,-0.025868899467961438
n4156_taper0.25,101300000.0,0.0008298077981100659,0.006811239003003502,-0.015492561203841774
n4156_taper0.25,101600000.0,0.0008178375346582951,0.007070559682947963,-0.00431507227717243
n4156_taper0.25,101900000.0,0.0009517204837162035,0.008250989184946884,0.0028900870238251094
n4156_taper0.25,102200000.0,0.0011239993357162745,0.009742299821706669,0.003586539943443918
n4156_taper0.25,102500000.0,0.0012528280469083876,0.010872417912701344,-0.0015981470814870984
n4156_taper0.25,102800000.0,0.0013035791249252035,0.01122282457269813,-0.009529919516408336
n4156_taper0.25,103100000.0,0.0012753077774553016,0.01078933877355909,-0.016347686651519203
n4156_taper0.25,103400000.0,0.0011923237496174023,0.00992449575144478,-0.01938580070404299
n4156_taper0.25,103700000.0,0.0010970271276728126,0.009111944498976295,-0.01827167579164877
n4156_taper0.25,104000000.0,0.0010350542743894112,0.008704075335308228,-0.01472762679196827
n4156_taper0.25,104300000.0,0.0010284802699163653,0.008762517108753936,-0.011312551911796169
n4156_taper0.25,104600000.0,0.0010595835134141062,0.009075857796644722,-0.00988005991566367
n4156_taper0.25,104900000.0,0.0010903605848089485,0.009327673469283712,-0.010622830668705997
n4156_taper0.25,105200000.0,0.0010930443020339495,0.009307365025138549,-0.012187553576240637
n4156_taper0.25,105500000.0,0.0010646586920775327,0.009039430724214412,-0.012716106157902142
n4156_taper0.25,105800000.0,0.0010275984932614627,0.008759432294222025,-0.011152635436688903
n4156_taper0.25,106100000.0,0.0010181805003509458,0.008755173917616257,-0.008027563834053448
n4156_taper0.25,106400000.0,0.0010601666637890504,0.009169218336729248,-0.005245127255563254
n4156_taper0.25,106700000.0,0.0011416109939943054,0.009881463774454296,-0.004980542847962795
n4156_taper0.25,107000000.0,0.0012234969631641857,0.01054567213218512,-0.008313248311701734
n4156_taper0.25,107300000.0,0.0012655228309695534,0.010766566905094647,-0.01439111555966815
n4156_taper0.25,107600000.0,0.0012426687695175256,0.010323415062986776,-0.020641962045451104
n4156_taper0.25,107900000.0,0.0011519935589652543,0.009316637812453477,-0.02397935573575639
n4156_taper0.25,108200000.0,0.0010171451024210383,0.00815160476075541,-0.022400637941303602
n4156_taper0.25,108500000.0,0.0008931286466134957,0.0073582853427842775,-0.01613804812617896
n4156_taper0.25,108800000.0,0.0008553081069173406,0.0073330160898694595,-0.007726542040080725
n4156_taper0.25,109100000.0,0.0009369582552457132,0.00813336526355465,-0.000898711490569127
n4156_taper0.25,109400000.0,0.0010868871111748325,0.00943378564916306,0.001170980665375956
n4156_taper0.25,109700000.0,0.0012299009038644778,0.010668946538278209,-0.0025998466062743756
n4156_taper0.25,110000000.0,0.0013145803608265935,0.011295897469645731,-0.01065849981104991
n4156_taper0.25,110300000.0,0.0013175123451826922,0.01104641776920382,-0.01953475405724352
n4156_taper0.25,110600000.0,0.0012398560293306333,0.010047114933335141,-0.025460984828861187
n4156_taper0.25,110900000.0,0.001106323447039587,0.008751611505742558,-0.026101269808039444
n4156_taper0.25,111200000.0,0.0009657719532202724,0.007721657378027654,-0.021559190190169115
n4156_taper0.25,111500000.0,0.0008839749159622259,0.007366571516136245,-0.014204521535572258
n4156_taper0.25,111800000.0,0.0009040842431146285,0.007767604723723544,-0.007449228321237407
n4156_taper0.25,112100000.0,0.0010009493869706872,0.008667381375495515,-0.004114727023844641
n4156_taper0.25,112400000.0,0.0011117861337480496,0.009619215248987737,-0.00520346097304872
n4156_taper0.25,112700000.0,0.0011884051896538322,0.010212271415007952,-0.00963921625069885
n4156_taper0.25,113000000.0,0.001210331689507581,0.010256859312326443,-0.01502118753212529
n4156_taper0.25,113300000.0,0.001181055529013142,0.009842884455939178,-0.01893025411965877
n4156_taper0.25,113600000.0,0.0011222996908648445,0.009254836073104032,-0.020087856540070195
n4156_taper0.25,113900000.0,0.0010655305184558202,0.008800425937113008,-0.01879953143352113
n4156_taper0.25,114200000.0,0.0010372850039742617,0.008649662500458894,-0.016527957505683668
n4156_taper0.25,114500000.0,0.001042978955460614,0.00876804031093582,-0.014908151727560296
n4156_taper0.25,114800000.0,0.0010651314509395999,0.00897082437570846,-0.014791749126559887
n4156_taper0.25,115100000.0,0.0010794024504645087,0.009057421181050941,-0.015849022602052277
n4156_taper0.25,115400000.0,0.0010716385192473326,0.00894304653625734,-0.01691323724319321
n4156_taper0.25,115700000.0,0.001045505335664339,0.008710908142127846,-0.01682356909846735
n4156_taper0.25,116000000.0,0.0010209200819056273,0.008556504432846477,-0.015247745291475039
n4156_taper0.25,116300000.0,0.0010228055019097055,0.00865848619036918,-0.012988414243886087
n4156_taper0.25,116600000.0,0.0010622384862261937,0.009053074883578243,-0.011578918172104399
n4156_taper0.25,116900000.0,0.0011254385556258549,0.009587922509601745,-0.012385539498705005
n4156_taper0.25,117200000.0,0.0011827863066481764,0.009987078270281375,-0.01572499472980482
n4156_taper0.25,117500000.0,0.0012059279289577537,0.009995949128732038,-0.02051384990632776
n4156_taper0.25,117800000.0,0.0011792503506566502,0.009528729834675728,-0.0246850744450502
n4156_taper0.25,118100000.0,0.0011053563076168387,0.008736277201317701,-0.02619040061553368
n4156_taper0.25,118400000.0,0.0010078620697494525,0.00795233142222515,-0.02408003746617342
n4156_taper0.25,118700000.0,0.000930154950720492,0.007539482892001576,-0.019087957659714026
n4156_taper0.25,119000000.0,0.0009183338879863819,0.007710310427313391,-0.013389196503517872
n4156_taper0.25,119300000.0,0.0009837186982943162,0.008414964111465889,-0.009617389837327564
n4156_taper0.25,119600000.0,0.0010905874107213314,0.009354684410767158,-0.009617530000304502
n4156_taper0.25,119900000.0,0.0011892634370459852,0.010117248411688639,-0.013554080414826593
n4156_taper0.25,120200000.0,0.0012435712916625357,0.010368521062499185,-0.01981943399937248
n4156_taper0.25,120500000.0,0.001237537707394514,0.010006440628877206,-0.025786516321607597
n4156_taper0.25,120800000.0,0.0011751267733835558,0.00920337823592032,-0.029032326842450284
n4156_taper0.25,121100000.0,0.0010791959441534824,0.008318709199179208,-0.02843558546675312
n4156_taper0.25,121400000.0,0.0009884401059109275,0.007727051167948569,-0.024626503524250918
n4156_taper0.25,121700000.0,0.0009449645014317229,0.0076474640453734755,-0.019596946914218493
n4156_taper0.25,122000000.0,0.0009674895546521938,0.008055501390590938,-0.015696663861422443
n4156_taper0.25,122300000.0,0.0010355200076276002,0.00871574119139194,-0.014533350794544774
n4156_taper0.25,122600000.0,0.001109729652214565,0.009310953192340972,-0.016314261276742053
n4156_taper0.25,122900000.0,0.001158994643813115,0.0095977225600042,-0.019914482664863314
n4156_taper0.25,123200000.0,0.0011703114244318716,0.009510232905224661,-0.02357571385384121
n4156_taper0.25,123500000.0,0.0011481403022611423,0.00916583971971633,-0.02583206589434959
n4156_taper0.25,123800000.0,0.0011097731177996677,0.008779246263974078,-0.02617736294694681
n4156_taper0.25,124100000.0,0.0010771483457392241,0.008538215039656884,-0.025159489391763667
n4156_taper0.25,124400000.0,0.0010653947562689508,0.008509547581992315,-0.02391002497525766
n4156_taper0.25,124700000.0,0.0010740981541466745,0.008622748055577698,-0.023416251383247884
n4156_taper0.25,125000000.0,0.0010895011543229926,0.008733302812085942,-0.02395982537160194
n4156_taper0.25,125300000.0,0.0010957476198839924,0.008723450393902264,-0.025026527034465038
n4156_taper0.25,125600000.0,0.0010854497739888854,0.008579631794594058,-0.02571010701048382
n4156_taper0.25,125900000.0,0.0010641850984917784,0.008401663156197907,-0.025351018469250194
n4156_taper0.25,126200000.0,0.0010481380308684824,0.008339145514419832,-0.02402232269446441
n4156_taper0.25,126500000.0,0.001054641796473308,0.008492878173240454,-0.022566899096737612
n4156_taper0.25,126800000.0,0.0010892115472918567,0.008839742882116095,-0.022148739889010696
n4156_taper0.25,127100000.0,0.0011397501254431744,0.009227212859552268,-0.023562617591312087
n4156_taper0.25,127400000.0,0.0011836427181104907,0.009445002361132009,-0.026693753031000304
n4156_taper0.25,127700000.0,0.00119987463258916,0.00933775041234497,-0.030448994791271874
n4156_taper0.25,128000000.0,0.001177823632055312,0.008898128565352971,-0.03323061874979261
n4156_taper0.25,128300000.0,0.0011216914951709424,0.008287875777551027,-0.033728586088450065
n4156_taper0.25,128600000.0,0.0010516974077675143,0.007770911779816472,-0.03162514506089869
n4156_taper0.25,128900000.0,0.001000114776014871,0.007588814134352849,-0.027835012796881647
n4156_taper0.25,129200000.0,0.000996553571915627,0.007840440901514121,-0.024133728595372262
n4156_taper0.25,129500000.0,0.0010461615668232102,0.008427393946467377,-0.022340045040258508
n4156_taper0.25,129800000.0,0.001124812669144256,0.009094681384164556,-0.02345187013131435
n4156_taper0.25,130100000.0,0.0011977920823973882,0.009547937378223537,-0.027164831704588627
n4156_taper0.25,130400000.0,0.0012380901669217686,0.009589998014374894,-0.03201201000596751
n4156_taper0.25,130700000.0,0.0012336837013799168,0.009210334949934191,-0.03605351429300053
n4156_taper0.25,131000000.0,0.0011886814312364385,0.008584939985189544,-0.03777513259572197
n4156_taper0.25,131300000.0,0.0011219312474029116,0.007988865839853592,-0.03675998434513917
n4156_taper0.25,131600000.0,0.0010622504649504295,0.007666154151438116,-0.03381908483374368
n4156_taper0.25,131900000.0,0.0010369690305241062,0.007721246692692208,-0.030540988208621642
n4156_taper0.25,132200000.0,0.0010557272958131403,0.008082911535981967,-0.02850688190980656
n4156_taper0.25,132500000.0,0.0011043597508789296,0.008553566480606928,-0.028570228743129224
n4156_taper0.25,132800000.0,0.0011570583154842445,0.008913940706606288,-0.030545184931387175
n4156_taper0.25,133100000.0,0.0011924627371933886,0.009027541484526417,-0.033422388983589645
n4156_taper0.25,133400000.0,0.0012015601972591029,0.00889354298816132,-0.035958925650282865
n4156_taper0.25,133700000.0,0.0011882377211677585,0.00862663299316032,-0.03731292964590817
n4156_taper0.25,134000000.0,0.0011655045242308236,0.008381225441245635,-0.03739671572575922
n4156_taper0.25,134300000.0,0.0011484914333673556,0.008264826200431351,-0.03679359340497487
n4156_taper0.25,134600000.0,0.0011461219901934172,0.008287603465992777,-0.03632520574957564
n4156_taper0.25,134900000.0,0.0011563108549484762,0.008372323865768645,-0.03653766298745032
n4156_taper0.25,135200000.0,0.0011686911609743369,0.008414111914240836,-0.0374013141559738
n4156_taper0.25,135500000.0,0.0011724987180773377,0.008352285378733598,-0.03838269660958555
n4156_taper0.25,135800000.0,0.001163732355553847,0.008211385942903621,-0.0388289325090443
n4156_taper0.25,136100000.0,0.0011480432374039488,0.008087505782811458,-0.038427213337542926
n4156_taper0.25,136400000.0,0.001138318395403204,0.00808801221440167,-0.037461585381596184
n4156_taper0.25,136700000.0,0.0011471684115113086,0.008259926878108718,-0.03670603034846628
n4156_taper0.25,137000000.0,0.0011778188007343761,0.008549503562743718,-0.03700126492798166
n4156_taper0.25,137300000.0,0.0012205296650138484,0.008818838357758596,-0.03874711587149778
n4156_taper0.25,137600000.0,0.0012577458200115524,0.008913725630626923,-0.0415997612895501
n4156_taper0.25,137900000.0,0.0012731055373297357,0.008747826225201677,-0.04456027435323879
n4156_taper0.25,138200000.0,0.0012586128655929993,0.008357585172382472,-0.04643253158965949
n4156_taper0.25,138500000.0,0.0012183419151786102,0.007896191360928267,-0.04642644842744907
n4156_taper0.25,138800000.0,0.0011686594883977726,0.007566122554107826,-0.04459481352909028
n4156_taper0.25,139100000.0,0.0011336072075975527,0.007522223758731425,-0.04186703936135463
n4156_taper0.25,139400000.0,0.0011336040743392983,0.007793791794157418,-0.03964479138135162
n4156_taper0.25,139700000.0,0.0011720863824677653,0.008265751039152698,-0.039149436399175036
n4156_taper0.25,140000000.0,0.0012327806884010167,0.008729661549579498,-0.04084177525501739
n4156_taper0.25,140300000.0,0.0012906494621739385,0.00898015808286254,-0.044201347193986606
n4156_taper0.25,140600000.0,0.0013247854431531535,0.008909724165049322,-0.0479731360641065
n4156_taper0.25,140900000.0,0.0013254524131776173,0.008555941458672006,-0.05075747157490451
n4156_taper0.25,141200000.0,0.0012959594885894258,0.008079432264965785,-0.05165259710898605
n4156_taper0.25,141500000.0,0.0012511562629797727,0.007685074996041047,-0.05064043712423435
n4156_taper0.25,141800000.0,0.0012123712891811522,0.0075263793261469165,-0.04854063972563617
n4156_taper0.25,142100000.0,0.0011981943739275156,0.007639676172259784,-0.04657547661954611
n4156_taper0.25,142400000.0,0.001214459177704158,0.007938069382391354,-0.04577725598421446
n4156_taper0.25,142700000.0,0.0012515488986356085,0.008264049616345373,-0.04653527115778009
n4156_taper0.25,143000000.0,0.0012918919667952483,0.008470676161470507,-0.04849196063870326
n4156_taper0.25,143300000.0,0.0013203404609382658,0.008489064601983873,-0.05080953722451674
n4156_taper0.25,143600000.0,0.00133039438849603,0.008349931773106615,-0.052640750209757
n4156_taper0.25,143900000.0,0.0013251691168855134,0.00815275951276576,-0.05354676247213411
n4156_taper0.25,144200000.0,0.0013143536656094414,0.008003592555954267,-0.05365249446090112
n4156_taper0.25,144500000.0,0.0013085047408215825,0.007957278415723737,-0.053483366808552146
n4156_taper0.25,144800000.0,0.0013130195379159875,0.007994942761927875,-0.05360149999118361
n4156_taper0.25,145100000.0,0.0013253739108701726,0.008046214006732832,-0.05426054401151163
n4156_taper0.25,145400000.0,0.001337621058382669,0.008040309305992654,-0.05527486196379452
n4156_taper0.25,145700000.0,0.0013421537537769504,0.007954571112721288,-0.056168309118512345
n4156_taper0.25,146000000.0,0.0013368537028943205,0.007831574054775733,-0.05650556616750397
n4156_taper0.25,146300000.0,0.0013269975826527985,0.0077546067682594064,-0.05620512472177878
n4156_taper0.25,146600000.0,0.0013229643037627886,0.007795548719507763,-0.05564378646309125
n4156_taper0.25,146900000.0,0.0013342707276425868,0.007965452368304024,-0.05548094808997636
n4156_taper0.25,147200000.0,0.001362972186189541,0.00819744992298869,-0.056291345466447006
n4156_taper0.25,147500000.0,0.0014012548787465616,0.008374170585450154,-0.05820842705664856
n4156_taper0.25,147800000.0,0.0014352116214087778,0.00838714948250074,-0.060783475727139595
n4156_taper0.25,148100000.0,0.0014517640996640927,0.008197265857184288,-0.06315482004247785
n4156_taper0.25,148400000.0,0.0014446395280965085,0.007863222639010856,-0.06445585471944487
n4156_taper0.25,148700000.0,0.001417489191009359,0.00752080089175747,-0.0642585863966253
n4156_taper0.25,149000000.0,0.001383556261045736,0.007321007681836619,-0.06282185387529562
n4156_taper0.25,149300000.0,0.0013611513427330116,0.007357069365458266,-0.06100673823207496
n4156_taper0.25,149600000.0,0.0013650028466544288,0.007616966152321669,-0.05988939830613332
n4156_taper0.25,149900000.0,0.0013975636012941374,0.007986037351091511,-0.06025718266971466
n4156_taper0.25,150200000.0,0.001447349808778736,0.00829920415330983,-0.062235893339673
n4156_taper0.25,150500000.0,0.0014958340515172383,0.008417473014886264,-0.06523175433713257
n4156_taper0.25,150800000.0,0.0015267329130107842,0.008291416857838742,-0.06821465373742902
n4156_taper0.25,151100000.0,0.0015322138818323237,0.00798120895765755,-0.070200776400883
n4156_taper0.25,151400000.0,0.0015149672333109483,0.007624675980867747,-0.07069793890494774
n4156_taper0.25,151700000.0,0.0014867250397404001,0.0073704560553025916,-0.0699015765357293
n4156_taper0.25,152000000.0,0.001463497349421086,0.007309812067792632,-0.06855835428976363
n4156_taper0.25,152300000.0,0.0014583320297120634,0.0074399223161602645,-0.06758058446592426
n4156_taper0.25,152600000.0,0.0014748359821703063,0.007674377813215997,-0.06761309421938654
n4156_taper0.25,152900000.0,0.0015060426557234683,0.007892381796577462,-0.06876616922168624
n4156_taper0.25,153200000.0,0.0015394996757436374,0.007999449012983103,-0.07063179562961776
n4156_taper0.25,153500000.0,0.0015643709634391614,0.0079685681825268,-0.07255016139651527
n4156_taper0.25,153800000.0,0.0015761590125064084,0.007843010297616462,-0.07396924154039577
n4156_taper0.25,154100000.0,0.0015775664387321373,0.007703072113531396,-0.07470475138094974
n4156_taper0.25,154400000.0,0.0015759553687721118,0.007617638186260233,-0.07497446622659322
n4156_taper0.25,154700000.0,0.0015787503481762889,0.007607934662134532,-0.07520989706666026
n4156_taper0.25,155000000.0,0.0015890680633651117,0.007642352573058328,-0.0757684640187312
n4156_taper0.25,155300000.0,0.001604180760911733,0.00766291872252952,-0.0767165430873506
n4156_taper0.25,155600000.0,0.001617783780621176,0.00762619238352689,-0.07780521026686486
n4156_taper0.25,155900000.0,0.0016244132508187287,0.007533793703940464,-0.07864599665389567
n4156_taper0.25,156200000.0,0.0016232396443525325,0.00743430230195978,-0.07897841108817233
n4156_taper0.25,156500000.0,0.0016192160299047101,0.007394998320852717,-0.07886822954651077
n4156_taper0.25,156800000.0,0.0016208571981365632,0.007459467972105227,-0.07871406871695448
n4156_taper0.25,157100000.0,0.001635401033855784,0.0076157202200989975,-0.07904800047795865
n4156_taper0.25,157400000.0,0.001663943892194667,0.007794307772476804,-0.08023422459084129
n4156_taper0.25,157700000.0,0.0016999040092011617,0.00789970201404596,-0.08223253401838856
n4156_taper0.25,158000000.0,0.0017320219992033833,0.007859648896683072,-0.08456491246956287
n4156_taper0.25,158300000.0,0.0017498411363391652,0.007666555885862859,-0.08651816399816417
n4156_taper0.25,158600000.0,0.0017486347199036694,0.00738805129577327,-0.08748891605686074
n4156_taper0.25,158900000.0,0.0017318997041563605,0.007139292896479138,-0.08729712589627135
n4156_taper0.25,159200000.0,0.0017106173796873274,0.007029422034653329,-0.08630371190626603
n4156_taper0.25,159500000.0,0.001699018698432965,0.007108421839502455,-0.08526385294783359
n4156_taper0.25,159800000.0,0.0017078321506919052,0.007341173542502957,-0.08498127317738749
n4156_taper0.25,160100000.0,0.0017384125923245867,0.007622220400995239,-0.08593126302108732
n4156_taper0.25,160400000.0,0.0017819407844166285,0.007824409890170532,-0.08803772638686075
n4156_taper0.25,160700000.0,0.0018242940784015604,0.007857684736650293,-0.09071298054713127
n4156_taper0.25,161000000.0,0.0018529238025914692,0.007709462616508532,-0.09313824275744685
n4156_taper0.25,161300000.0,0.0018619386295828713,0.00744755642138972,-0.09464485452900288
n4156_taper0.25,161600000.0,0.001853901476639665,0.0071853714645104105,-0.09501037181645744
n4156_taper0.25,161900000.0,0.0018383241948847064,0.0070275541771390865,-0.09453104926757483
n4156_taper0.25,162200000.0,0.0018273811105301906,0.007023130745359181,-0.09384694357363942
n4156_taper0.25,162500000.0,0.0018302537821551243,0.007148258725012924,-0.0936183594062894
n4156_taper0.25,162800000.0,0.0018488630071028243,0.007324927710920715,-0.09422039478777022
n4156_taper0.25,163100000.0,0.0018776599240828311,0.007463722421769405,-0.09560320698519853
n4156_taper0.25,163400000.0,0.0019074697547689181,0.007507535935527984,-0.09737281703291825
n4156_taper0.25,163700000.0,0.0019305980392858907,0.00745431996898528,-0.09903202501852422
n4156_taper0.25,164000000.0,0.0019442652517758703,0.007349319574230097,-0.1002438593382273
n4156_taper0.25,164300000.0,0.0019510782726155033,0.007253774987464454,-0.10097885273176307
n4156_taper0.25,164600000.0,0.00195677284997759,0.007208947360218803,-0.10147904871247758
n4156_taper0.25,164900000.0,0.0019665167341581034,0.007215499283015863,-0.10207480978696622
n4156_taper0.25,165200000.0,0.001981793943273903,0.007238568236820484,-0.10296880833651158
n4156_taper0.25,165500000.0,0.001999725458533127,0.007233967623453687,-0.10411368504157309
n4156_taper0.25,165800000.0,0.00201519601153375,0.007179148044883337,-0.1052514101850679
n4156_taper0.25,166100000.0,0.002024356366864046,0.0070902505315722335,-0.10608755493120987
n4156_taper0.25,166400000.0,0.0020273930569220853,0.007014843512926885,-0.106495661788819
n4156_taper0.25,166700000.0,0.002029026772664392,0.007004033245527997,-0.10662867711722833
n4156_taper0.25,167000000.0,0.0020363104447844046,0.007079721907783757,-0.1068658036308443
n4156_taper0.25,167300000.0,0.002054639370635143,0.00721613667499031,-0.10761588479273154
n4156_taper0.25,167600000.0,0.0020841773501849153,0.007347406751223927,-0.10908150601374177
n4156_taper0.25,167900000.0,0.0021190582371633532,0.007398819405534815,-0.1111152236718884
n4156_taper0.25,168200000.0,0.002150003721819707,0.007326102891081475,-0.1132547023073693
n4156_taper0.25,168500000.0,0.0021687822644103996,0.007141924091165638,-0.11493005014159129
n4156_taper0.25,168800000.0,0.0021721755470375313,0.006914684060525732,-0.11574380024822285
n4156_taper0.25,169100000.0,0.0021637858536869897,0.006738707160226604,-0.1156812900652653
n4156_taper0.25,169400000.0,0.0021529403443245883,0.006689805347594006,-0.11514012344775543
n4156_taper0.25,169700000.0,0.002150801828314641,0.006788172994808864,-0.11475711994368087
n4156_taper0.25,170000000.0,0.0021650526156272343,0.00698735316706335,-0.11511386649280485
n4156_taper0.5,20000000.0,0.022108668039097393,0.18864612076084228,-0.14688063761843204
n4156_taper0.5,20300000.0,0.020770528429573526,0.1500575543617094,-0.6420169154184335
n4156_taper0.5,20600000.0,0.01793520166560053,0.07860954801537406,-0.8818159569143412
n4156_taper0.5,20900000.0,0.01400359011753654,0.0058701192303424864,-0.8011468319296545
n4156_taper0.5,21200000.0,0.009547250637198869,-0.038604784269463774,-0.4855034786667277
n4156_taper0.5,21500000.0,0.005303056833662516,-0.042340253897756315,-0.12151627398346268
n4156_taper0.5,21800000.0,0.0026159825094240374,-0.015240576824433048,0.11134612830574107
n4156_taper0.5,22100000.0,0.0032279890440142867,0.0186236786929123,0.13799010289482389
n4156_taper0.5,22400000.0,0.004197178108052773,0.036323577922593234,0.013366148387135861
n4156_taper0.5,22700000.0,0.003960174778614189,0.028529944136375412,-0.12608646862431896
n4156_taper0.5,23000000.0,0.0025988806888788407,0.0033618076824750865,-0.14721524769033492
n4156_taper0.5,23300000.0,0.0021968604744932205,-0.01909890990070594,0.002501426293310987
n4156_taper0.5,23600000.0,0.005059726279910296,-0.018857241773063013,0.2622067740055299
n4156_taper0.5,23900000.0,0.008675331427018228,0.011602683865468448,0.490797708082289
n4156_taper0.5,24200000.0,0.012024848427862413,0.06227955873555672,0.5500174892493579
n4156_taper0.5,24500000.0,0.014552255427507058,0.11125661130566902,0.38436528972443423
n4156_taper0.5,24800000.0,0.0158814836592294,0.13665930044432123,0.04917594961942548
n4156_taper0.5,25100000.0,0.015825142644822383,0.12748647505582714,-0.3208344385071768
n4156_taper0.5,25400000.0,0.014398227161033646,0.08837925839887802,-0.577747274046656
n4156_taper0.5,25700000.0,0.0118093929394324,0.037041967609628995,-0.6294262272141103
n4156_taper0.5,26000000.0,0.008427923383324147,-0.004488994772220955,-0.48210213163487736
n4156_taper0.5,26300000.0,0.004734843257138746,-0.02097369266805475,-0.23373766709046206
n4156_taper0.5,26600000.0,0.0013487669023638364,-0.011433568912303635,-0.017075843516800065
n4156_taper0.5,26900000.0,0.0018857765824694082,0.01179295965129141,0.0748787937217847
n4156_taper0.5,27200000.0,0.0036811148277806254,0.03149177246547562,0.03420514993065277
n4156_taper0.5,27500000.0,0.0042946935046714,0.0357180694733886,-0.06919594158582347
n4156_taper0.5,27800000.0,0.003638076107562156,0.023898136181603906,-0.13593920107087148
n4156_taper0.5,28100000.0,0.0018439433382143023,0.006325098335110464,-0.09702075141040925
n4156_taper0.5,28400000.0,0.0008329625519414822,-0.0022836958622547443,0.04529201679635032
n4156_taper0.5,28700000.0,0.003913396709109231,0.008205775988798417,0.2174805046341974
n4156_taper0.5,29000000.0,0.006998307237657163,0.03692314733228071,0.3174525328823668
n4156_taper0.5,29300000.0,0.00963179731187252,0.07217547653247457,0.274515180489864
n4156_taper0.5,29600000.0,0.011443856908485848,0.09790710311035627,0.08941185831629272
n4156_taper0.5,29900000.0,0.01218932172454071,0.10217192802894379,-0.16677723810724962
n4156_taper0.5,30200000.0,0.01177864533434721,0.0829676454495721,-0.3893428568846309
n4156_taper0.5,30500000.0,0.01028660757022234,0.04896165274451702,-0.49102523463714876
n4156_taper0.5,30800000.0,0.007938160576347532,0.01505615038589483,-0.44344442163596853
n4156_taper0.5,31100000.0,0.0050751751357684125,-0.005154586016616667,-0.28887854314770917
n4156_taper0.5,31400000.0,0.0021230637463769803,-0.006187313539428988,-0.11463715057828203
n4156_taper0.5,31700000.0,0.0008331391337381038,0.007213620135896391,-0.0035395822677356196
n4156_taper0.5,32000000.0,0.002750812555364148,0.023816356455469527,0.009570955836566827
n4156_taper0.5,32300000.0,0.003888011108572296,0.0328535793221353,-0.04971653105613815
n4156_taper0.5,32600000.0,0.0040153091939385014,0.029933791528913085,-0.11728931731005926
n4156_taper0.5,32900000.0,0.0031619363548713356,0.018916170612437985,-0.1310716476721219
n4156_taper0.5,33200000.0,0.001584064881234556,0.009142268224343594,-0.06776364173335847
n4156_taper0.5,33500000.0,0.0013455897780667964,0.009649008533714377,0.04342929733872215
n4156_taper0.5,33800000.0,0.003632847871593294,0.02358548820619527,0.13784973150367955
n4156_taper0.5,34100000.0,0.005964051363828533,0.046129461684309044,0.1534875491035944
n4156_taper0.5,34400000.0,0.007842993577518465,0.06709661736861329,0.06698046425765947
n4156_taper0.5,34700000.0,0.008992405300034373,0.07646675023491645,-0.09329583074703979
n4156_taper0.5,35000000.0,0.009260744938095044,0.0695592280193973,-0.2622127314103814
n4156_taper0.5,35300000.0,0.008629140666247159,0.04926488160166554,-0.370749927851162
n4156_taper0.5,35600000.0,0.007209500809388334,0.024456885145944983,-0.37963687368509746
n4156_taper0.5,35900000.0,0.005230319544912781,0.005449626129656106,-0.29741697606888173
n4156_taper0.5,36200000.0,0.003031772765661566,-0.001192389261878007,-0.17354161951851982
n4156_taper0.5,36500000.0,0.001319642763430473,0.004333057025010769,-0.06997890233780471
n4156_taper0.5,36800000.0,0.0018965985480919672,0.01590822956290116,-0.02784016355538459
n4156_taper0.5,37100000.0,0.003057459048201792,0.025483004001679167,-0.048388699795518485
n4156_taper0.5,37400000.0,0.0036200103358605337,0.027682759748566512,-0.09765847549970119
n4156_taper0.5,37700000.0,0.0034424508804200525,0.022489018025511523,-0.12959689258443802
n4156_taper0.5,38000000.0,0.0026174943407282505,0.01477848028432082,-0.11379737520043555
n4156_taper0.5,38300000.0,0.0015846602876689237,0.011168144642986096,-0.05296965250220837
n4156_taper0.5,38600000.0,0.001868855144972567,0.015959317737687665,0.01902236622846402
n4156_taper0.5,38900000.0,0.0034340579599575535,0.028487161702457534,0.05722875200663705
n4156_taper0.5,39200000.0,0.005039073703996861,0.04339179541575011,0.03184983420338026
n4156_taper0.5,39500000.0,0.0062573379527523015,0.05354445393871027,-0.05471865640070881
n4156_taper0.5,39800000.0,0.006885167875538587,0.05383735607588102,-0.16894130680553276
n4156_taper0.5,40100000.0,0.006838444122165603,0.043772128434969027,-0.263393291444124
n4156_taper0.5,40400000.0,0.006141943496533327,0.02762352476691656,-0.3004047259277109
n4156_taper0.5,40700000.0,0.004922573724066465,0.012207418643373836,-0.27009661008179164
n4156_taper0.5,41000000.0,0.0034064338701419437,0.003427987437491184,-0.19382126645066605
n4156_taper0.5,41300000.0,0.0019833717494057894,0.0034286006287317502,-0.11134264919464011
n4156_taper0.5,41600000.0,0.0015364433953520525,0.0098842178601534,-0.05907343495292154
n4156_taper0.5,41900000.0,0.0022344019532827618,0.017724121909333954,-0.05183505082788098
n4156_taper0.5,42200000.0,0.002893605028501841,0.02214991233899783,-0.07790113678473336
n4156_taper0.5,42500000.0,0.0030951320746589565,0.021197350781609548,-0.10872266706961482
n4156_taper0.5,42800000.0,0.002791437868115835,0.016533031160879695,-0.11678000288400876
n4156_taper0.5,43100000.0,0.0021295012766783823,0.012208082457207121,-0.0915470303766293
n4156_taper0.5,43400000.0,0.0016059136160495424,0.012141753500463287,-0.045162462068019604
n4156_taper0.5,43700000.0,0.0020480603244775273,0.017754757569531522,-0.005018606561950093
n4156_taper0.5,44000000.0,0.0031228780596378124,0.027080543661648568,0.0022603603946176067
n4156_taper0.5,44300000.0,0.004174028678227932,0.03581394326156523,-0.03388478029161363
n4156_taper0.5,44600000.0,0.004907565073023393,0.03962625867948788,-0.10187373609424795
n4156_taper0.5,44900000.0,0.005187490725917477,0.03642604292062456,-0.17388375676556003
n4156_taper0.5,45200000.0,0.004976019290594762,0.027394872841374502,-0.21993966814239166
n4156_taper0.5,45500000.0,0.0043213094412845945,0.01633644674767503,-0.22265308729246935
n4156_taper0.5,45800000.0,0.0033533215568932796,0.007727102610404338,-0.18515811389006712
n4156_taper0.5,46100000.0,0.0022996565828904527,0.004499626999591861,-0.1283389586349449
n4156_taper0.5,46400000.0,0.0015837305706121062,0.006733600625533917,-0.07908624868684315
n4156_taper0.5,46700000.0,0.00168829442083285,0.011918064969406644,-0.0562468871757492
n4156_taper0.5,47000000.0,0.002192980566051144,0.016547503492146717,-0.06199066820478572
n4156_taper0.5,47300000.0,0.0025373511415617074,0.018088936553876153,-0.08278547110167794
n4156_taper0.5,47600000.0,0.0025442292048733807,0.0162460256290999,-0.09861928130879594
n4156_taper0.5,47900000.0,0.002227949804158084,0.012913630026907909,-0.09494518376823577
n4156_taper0.5,48200000.0,0.0017657299450120594,0.010932722466968846,-0.07086203960725852
n4156_taper0.5,48500000.0,0.0015819095518029033,0.012370059239783772,-0.03930744048808953
n4156_taper0.5,48800000.0,0.0020203457723952933,0.017282264525730628,-0.01941296836869104
n4156_taper0.5,49100000.0,0.002761335190500261,0.023638112738797158,-0.02549619443421995
n4156_taper0.5,49400000.0,0.003433484811507909,0.028403212261462547,-0.0589104177573797
n4156_taper0.5,49700000.0,0.0038473732393338685,0.029146959717164068,-0.10707072773461855
n4156_taper0.5,50000000.0,0.003919650564387967,0.025295171552783394,-0.14982588283354248
n4156_taper0.5,50300000.0,0.0036429319435886697,0.018398882069629138,-0.16954028477532543
n4156_taper0.5,50600000.0,0.0030776492156057013,0.011322390468262545,-0.15961146212599914
n4156_taper0.5,50900000.0,0.002353922518772569,0.006798720117521197,-0.12713918119910128
n4156_taper0.5,51200000.0,0.0016988555180821817,0.006116243013852283,-0.08854450114506754
n4156_taper0.5,51500000.0,0.0014522233623150934,0.00861981218189804,-0.06069075210051279
n4156_taper0.5,51800000.0,0.0016823773832870474,0.012249604763032228,-0.052434018010258585
n4156_taper0.5,52100000.0,0.0020078601095780226,0.014763471831930506,-0.06105831043125942
n4156_taper0.5,52400000.0,0.0021648686441349476,0.014944563384623785,-0.075105229344887
n4156_taper0.5,52700000.0,0.0020811061317456965,0.013160249223486294,-0.08161034354269295
n4156_taper0.5,53000000.0,0.0018072640051626716,0.01102346835786347,-0.0736286582171504
n4156_taper0.5,53300000.0,0.0015238061285978946,0.010386283413072822,-0.054033171385209224
n4156_taper0.5,53600000.0,0.0015275855538066437,0.012236135658807835,-0.03368737844219833
n4156_taper0.5,53900000.0,0.0019069250549891253,0.01610217881448625,-0.02516678964112846
n4156_taper0.5,54200000.0,0.002419389794279155,0.020283831299831807,-0.03561294503020647
n4156_taper0.5,54500000.0,0.002842041827020342,0.0227503044804728,-0.06265253221322885
n4156_taper0.5,54800000.0,0.003055172793915946,0.022203449249826448,-0.09545809108843095
n4156_taper0.5,55100000.0,0.0030124111270548475,0.018739689947946246,-0.1201889455556945
n4156_taper0.5,55400000.0,0.0027261258628093854,0.013785662760874102,-0.12684238021285998
n4156_taper0.5,55700000.0,0.0022638304380589846,0.009365485031325562,-0.11397111629193986
n4156_taper0.5,56000000.0,0.0017545850005081939,0.007095499568103188,-0.08892353337782016
n4156_taper0.5,56300000.0,0.0014027896832133873,0.0074344377064646545,-0.06363531902096203
n4156_taper0.5,56600000.0,0.0013885483324674096,0.009569073206052587,-0.04835451639919764
n4156_taper0.5,56900000.0,0.0016013391842675789,0.011960972026227017,-0.04670467180306584
n4156_taper0.5,57200000.0,0.0017974170992188883,0.013223867453118548,-0.05459439390891574
n4156_taper0.5,57500000.0,0.0018472524458880476,0.012847324029024,-0.06327365290050355
n4156_taper0.5,57800000.0,0.001731623621046009,0.011396875883951347,-0.06464390429010124
n4156_taper0.5,58100000.0,0.0015199873707785146,0.010116364138943281,-0.05587941662681391
n4156_taper0.5,58400000.0,0.0013726646451488829,0.010173439832432806,-0.040923436675698345
n4156_taper0.5,58700000.0,0.0014640543142697344,0.011969244725197016,-0.028161962275460896
n4156_taper0.5,59000000.0,0.001772983140426507,0.014887156843568184,-0.025653549503267484
n4156_taper0.5,59300000.0,0.002127317765434719,0.01760608365767003,-0.03658356445306665
n4156_taper0.5,59600000.0,0.002386826327533919,0.018792859767185595,-0.05739385034404945
n4156_taper0.5,59900000.0,0.002476767470260324,0.017793714533017032,-0.07949784681997482
n4156_taper0.5,60200000.0,0.0023758372681774867,0.014963967492710315,-0.09356735234784525
n4156_taper0.5,60500000.0,0.0021094015734706073,0.011478130939529246,-0.09410157800169294
n4156_taper0.5,60800000.0,0.0017490250097132163,0.008733868695355128,-0.08193369009525957
n4156_taper0.5,61100000.0,0.0014169787698508636,0.007668200187513165,-0.06345778368012894
n4156_taper0.5,61400000.0,0.0012647205245448737,0.008341731443875676,-0.04709622340096185
n4156_taper0.5,61700000.0,0.0013374094921574944,0.009994670998167055,-0.03896723049793011
n4156_taper0.5,62000000.0,0.001500220772235773,0.011519419857558852,-0.040058472187469545
n4156_taper0.5,62300000.0,0.0016091621563945908,0.012076261933317945,-0.04629217305870686
n4156_taper0.5,62600000.0,0.0016008662195897817,0.011519789226373724,-0.05125963660485036
n4156_taper0.5,62900000.0,0.0014848532471035923,0.010422950496086882,-0.05002079909429099
n4156_taper0.5,63200000.0,0.0013362683379923386,0.009707015886887198,-0.04189551209904301
n4156_taper0.5,63500000.0,0.0012809129802983706,0.010092214966998702,-0.03079080084705694
n4156_taper0.5,63800000.0,0.0014032471585632143,0.011672154086401728,-0.02296427150196624
n4156_taper0.5,64100000.0,0.0016467044293966566,0.013840364036565337,-0.02350495229737058
n4156_taper0.5,64400000.0,0.0018903860451584618,0.015600565849338825,-0.03346961677770213
n4156_taper0.5,64700000.0,0.002043089272261546,0.016084811113303576,-0.04919459561650476
n4156_taper0.5,65000000.0,0.0020593473547854606,0.015000268068625602,-0.06408857644383509
n4156_taper0.5,65300000.0,0.0019347817671545682,0.012774308874617358,-0.07190404173529015
n4156_taper0.5,65600000.0,0.0017032058931836904,0.01033202798684157,-0.06976233512477867
n4156_taper0.5,65900000.0,0.0014366522620461205,0.008631100485193532,-0.059391592484538194
n4156_taper0.5,66200000.0,0.0012399289790010692,0.008200411824893204,-0.04600228280567997
n4156_taper0.5,66500000.0,0.0011997451364308808,0.008919983543672214,-0.03547170632036457
n4156_taper0.5,66800000.0,0.0012907344382753062,0.010144937666836648,-0.03137566922612647
n4156_taper0.5,67100000.0,0.0014046375230024988,0.011090178835042524,-0.033421680200345937
n4156_taper0.5,67400000.0,0.0014571722094223844,0.011259109403121043,-0.03801990525752512
n4156_taper0.5,67700000.0,0.001420563266314035,0.010688495689935911,-0.040564592834162895
n4156_taper0.5,68000000.0,0.0013195685917135628,0.00989003443062636,-0.03812628898187125
n4156_taper0.5,68300000.0,0.001225159292652778,0.009533652769708943,-0.031100456992466545
n4156_taper0.5,68600000.0,0.0012254355717628805,0.010052145937977845,-0.02296275197335819
n4156_taper0.5,68900000.0,0.001349864847415812,0.011383389046546708,-0.018314765880985275
n4156_taper0.5,69200000.0,0.0015377958884034558,0.012986904194325698,-0.02031711159270327
n4156_taper0.5,69500000.0,0.0017035355735015396,0.014120346491989032,-0.028906409958111126
n4156_taper0.5,69800000.0,0.0017866014581289528,0.014223043240498808,-0.040730551491209854
n4156_taper0.5,70100000.0,0.0017609975788628162,0.013202514178131603,-0.05079700820401291
n4156_taper0.5,70400000.0,0.001633719403544493,0.011477762439035186,-0.05493667427185188
n4156_taper0.5,70700000.0,0.0014432947579288058,0.009763608763254841,-0.05179520502368161
n4156_taper0.5,71000000.0,0.0012571583993721107,0.008714147760451724,-0.04334625977321915
n4156_taper0.5,71300000.0,0.0011536119018289164,0.008612911492689754,-0.033713812902855494
n4156_taper0.5,71600000.0,0.001166850663909967,0.009267408777674143,-0.026978126042455614
n4156_taper0.5,71900000.0,0.00124933213040088,0.010152970102374986,-0.025149580402772074
n4156_taper0.5,72200000.0,0.0013238936959824132,0.010717719486367822,-0.02735637167913905
n4156_taper0.5,72500000.0,0.0013414032709970689,0.010679968848723081,-0.030603253206607773
n4156_taper0.5,72800000.0,0.0012942761932118745,0.010161773761556192,-0.03161591597601144
n4156_taper0.5,73100000.0,0.0012139588691124515,0.009595739109777806,-0.028739167959540502
n4156_taper0.5,73400000.0,0.001161034985401264,0.009464017096123854,-0.022870863020739197
n4156_taper0.5,73700000.0,0.0011911257591818252,0.010015359051324531,-0.016957631349178524
n4156_taper0.5,74000000.0,0.001304677693773243,0.011113885599986911,-0.014358443543319768
n4156_taper0.5,74300000.0,0.0014476754703929167,0.01229891274701555,-0.016981467075643224
n4156_taper0.5,74600000.0,0.001558527793453536,0.013020147216428937,-0.024198197723285388
n4156_taper0.5,74900000.0,0.0015969189197251943,0.012920310590404632,-0.03309721852947223
n4156_taper0.5,75200000.0,0.0015500199198811714,0.012016234525687293,-0.03991788245083393
n4156_taper0.5,75500000.0,0.0014321442921817243,0.010686995714444054,-0.04189515621988235
n4156_taper0.5,75800000.0,0.0012829314322171566,0.00948014514184574,-0.03855762400233795
n4156_taper0.5,76100000.0,0.001160150725210101,0.008840656466323002,-0.03183019171461009
n4156_taper0.5,76400000.0,0.00111423715977733,0.008904297156516708,-0.02493056518125945
n4156_taper0.5,76700000.0,0.0011478949207381155,0.009459193404949714,-0.020677533791006023
n4156_taper0.5,77000000.0,0.0012139799837364797,0.010087540446143232,-0.02011514774206545
n4156_taper0.5,77300000.0,0.0012594502424821677,0.010404289078160217,-0.022153534944535636
n4156_taper0.5,77600000.0,0.0012564262926636589,0.010262455087205627,-0.024361137019134803
n4156_taper0.5,77900000.0,0.001208803298119692,0.009818202496926075,-0.02443216680395973
n4156_taper0.5,78200000.0,0.0011491022219174564,0.009427115235126725,-0.02151817737754509
n4156_taper0.5,78500000.0,0.0011251437372755463,0.00943321461918285,-0.016713636639768083
n4156_taper0.5,78800000.0,0.0011686215503166292,0.009967422005186962,-0.012455419440166761
n4156_taper0.5,79100000.0,0.001266722181029981,0.010864280560942716,-0.011181808660983606
n4156_taper0.5,79400000.0,0.0013744120572562978,0.011740029229422926,-0.01398508878270834
n4156_taper0.5,79700000.0,0.001446884430089266,0.01218800188761271,-0.01997815363245772
n4156_taper0.5,80000000.0,0.001457528940788208,0.01198627956489309,-0.02669882406543778
n4156_taper0.5,80300000.0,0.001402402305734278,0.011208982891962002,-0.031322099958627454
n4156_taper0.5,80600000.0,0.0012999257308411304,0.010185773217221125,-0.03203683709744586
n4156_taper0.5,80900000.0,0.001187587313603639,0.009334195142202005,-0.028876156318010757
n4156_taper0.5,81200000.0,0.0011106966291376849,0.008954558733419661,-0.02359276057492544
n4156_taper0.5,81500000.0,0.0010971273715299904,0.009093946018135311,-0.018677307285242827
n4156_taper0.5,81800000.0,0.0011348971958614312,0.009546552752746662,-0.016061566274104246
n4156_taper0.5,82100000.0,0.001184345920832772,0.009983795792319046,-0.016193678147020295
n4156_taper0.5,82400000.0,0.001209396604808979,0.010139772232674786,-0.01794987652181672
n4156_taper0.5,82700000.0,0.001195345130673439,0.009951745100484365,-0.019387695241512518
n4156_taper0.5,83000000.0,0.0011522121576538766,0.009583192312559299,-0.01890284401651186
n4156_taper0.5,83300000.0,0.0011102117339140153,0.009321623857649034,-0.016155752299308327
n4156_taper0.5,83600000.0,0.001104938958677832,0.009409916100045743,-0.012276075511395392
n4156_taper0.5,83900000.0,0.0011522405960811572,0.009903738503757134,-0.00925045395253394
n4156_taper0.5,84200000.0,0.0012344508172828267,0.01063167124360196,-0.008837011885619778
n4156_taper0.5,84500000.0,0.0013149798079537273,0.011278178473232965,-0.011595841381653437
n4156_taper0.5,84800000.0,0.0013609606337666035,0.011543785273320556,-0.016550425630404007
n4156_taper0.5,85100000.0,0.0013552806173168703,0.01129707245881273,-0.021649642982435994
n4156_taper0.5,85400000.0,0.0012998047904017812,0.01063951686845188,-0.024776429610432932
n4156_taper0.5,85700000.0,0.001214499355114436,0.009851553989865106,-0.024771544389310937
n4156_taper0.5,86000000.0,0.0011324026748196795,0.009250558181804496,-0.021946955129426522
n4156_taper0.5,86300000.0,0.0010865011450391646,0.009036208660036587,-0.017841594834615157
n4156_taper0.5,86600000.0,0.0010894135563164033,0.009203107019244084,-0.01437261332360761
n4156_taper0.5,86900000.0,0.0011241857027932394,0.009562916677520293,-0.01284557587737015
n4156_taper0.5,87200000.0,0.0011594178697313148,0.009859462561049831,-0.013344393624829596
n4156_taper0.5,87500000.0,0.0011707161865227376,0.009912079139982833,-0.014802225053783768
n4156_taper0.5,87800000.0,0.0011516027847167643,0.009710230098826007,-0.01568441224045302
n4156_taper0.5,88100000.0,0.00111484152238315,0.009411056187503875,-0.014894655076111625
n4156_taper0.5,88400000.0,0.001086705574235071,0.0092444637315961,-0.012410946885551442
n4156_taper0.5,88700000.0,0.0010925915489936064,0.009379291180160582,-0.009315324340944614
n4156_taper0.5,89000000.0,0.001138607264332231,0.009823567681203177,-0.007212249519439131
n4156_taper0.5,89300000.0,0.001206331364572619,0.01041222126084247,-0.007356910726067869
n4156_taper0.5,89600000.0,0.0012663197287685506,0.010887953764514324,-0.009963404249226912
n4156_taper0.5,89900000.0,0.0012943449021425117,0.011031424074636843,-0.014058084389998024
n4156_taper0.5,90200000.0,0.0012798968146416113,0.010771820387526065,-0.017948241177834744
n4156_taper0.5,90500000.0,0.0012283742928883845,0.010220738603151943,-0.020052843630702682
n4156_taper0.5,90800000.0,0.0011594080115411476,0.0096135181172009,-0.019660039870001617
n4156_taper0.5,91100000.0,0.0011005597748510439,0.009190520906479926,-0.017224962926006233
n4156_taper0.5,91400000.0,0.001074513225534683,0.009081098603021582,-0.014069772130890662
n4156_taper0.5,91700000.0,0.0010847781721153994,0.009249797712401068,-0.011662409525421722
n4156_taper0.5,92000000.0,0.0011140578540039725,0.009529993267608812,-0.01086470530861072
n4156_taper0.5,92300000.0,0.0011380768064138446,0.009723477539242908,-0.011542818131484915
n4156_taper0.5,92600000.0,0.001140478700672761,0.009710690217789903,-0.012728021579290042
n4156_taper0.5,92900000.0,0.0011198462073596458,0.009512747376757238,-0.01321900777319507
n4156_taper0.5,93200000.0,0.0010896092017130185,0.009273945183040247,-0.012287606626208286
n4156_taper0.5,93500000.0,0.001071670819794137,0.009176501059349591,-0.010105466399822561
n4156_taper0.5,93800000.0,0.0010836145230519215,0.00933501254645572,-0.007667350205422472
n4156_taper0.5,94100000.0,0.0011259161321093758,0.009727931882227862,-0.00625974242066834
n4156_taper0.5,94400000.0,0.00118122801937492,0.010202574297191595,-0.006765180732706602
n4156_taper0.5,94700000.0,0.001225914834205663,0.010550401184298982,-0.009175225575237483
n4156_taper0.5,95000000.0,0.0012420616234310965,0.010612149904091622,-0.012567765157181093
n4156_taper0.5,95300000.0,0.0012236923550961439,0.010357474590424704,-0.015555066309270671
n4156_taper0.5,95600000.0,0.00117808040807802,0.00989826160625908,-0.01696295940345991
n4156_taper0.5,95900000.0,0.0011233391085904343,0.009430178802944908,-0.016386969868436012
n4156_taper0.5,96200000.0,0.0010815856684721235,0.009134343159298383,-0.014343637520637494
n4156_taper0.5,96500000.0,0.0010677673814747859,0.009090834242416222,-0.011952587423372806
n4156_taper0.5,96800000.0,0.001080464723581085,0.009248132314678578,-0.0103307951240303
n4156_taper0.5,97100000.0,0.0011039125378769544,0.009461967627951904,-0.01002498277206942
n4156_taper0.5,97400000.0,0.0011195051439299624,0.009580230179654295,-0.010776909332423742
n4156_taper0.5,97700000.0,0.001116416993107868,0.009527204627928753,-0.011730760741002088
n4156_taper0.5,98000000.0,0.0010962229377684894,0.009342388864622584,-0.011954866779313511
n4156_taper0.5,98300000.0,0.0010718342461979039,0.009154619707024633,-0.010987816295651218
n4156_taper0.5,98600000.0,0.0010610473451153658,0.009107095205807322,-0.009114140566301781
n4156_taper0.5,98900000.0,0.0010757803184820725,0.009274663805280522,-0.007225406159997033
n4156_taper0.5,99200000.0,0.001113467382316073,0.009618102492709665,-0.006346340371715505
n4156_taper0.5,99500000.0,0.0011585384660854937,0.009999662205471882,-0.007082906229802625
n4156_taper0.5,99800000.0,0.0011919956162237389,0.010251213044737022,-0.009286717679502532
n4156_taper0.5,100100000.0,0.0012005462378597803,0.010258657828742801,-0.01211092732123959
n4156_taper0.5,100400000.0,0.001181246364711736,0.010018407544235646,-0.014423930530624442
n4156_taper0.5,100700000.0,0.001142088476244714,0.009637188723177167,-0.015361220269237776
n4156_taper0.5,101000000.0,0.0010990884781845616,0.00927652404282345,-0.014728851976540723
n4156_taper0.5,101300000.0,0.001069565407857784,0.009071880469304242,-0.013055820698811414
n4156_taper0.5,101600000.0,0.0010630430762045375,0.00906883791756369,-0.011280186556982583
n4156_taper0.5,101900000.0,0.001075716499390704,0.009208550409865393,-0.010244861809503479
n4156_taper0.5,102200000.0,0.0010939221474397815,0.009367999106702376,-0.010272898097071015
n4156_taper0.5,102500000.0,0.0011034205978834608,0.009431608414735497,-0.011041379698498523
n4156_taper0.5,102800000.0,0.0010971752733303876,0.009355080599631888,-0.011808355873036512
n4156_taper0.5,103100000.0,0.0010784024201499233,0.009187693533195629,-0.011858971227933411
n4156_taper0.5,103400000.0,0.0010589030679985657,0.00904231128058292,-0.010924726059568403
n4156_taper0.5,103700000.0,0.0010529424387646898,0.009030418218948582,-0.009350215128983446
n4156_taper0.5,104000000.0,0.0010684840319295297,0.009197771625259416,-0.007920815440139038
n4156_taper0.5,104300000.0,0.0011014938184622776,0.009495347143554097,-0.007447042631500114
n4156_taper0.5,104600000.0,0.0011383445404663955,0.009800948834893849,-0.008329504277198165
n4156_taper0.5,104900000.0,0.0011637038822999008,0.009979749841373755,-0.010335465276015572
n4156_taper0.5,105200000.0,0.0011676506419070324,0.009951669342843788,-0.012702798628441031
n4156_taper0.5,105500000.0,0.0011491862405345805,0.009730467329055546,-0.014513434270428257
n4156_taper0.5,105800000.0,0.001116272145676078,0.009414870306094683,-0.015139073230267896
n4156_taper0.5,106100000.0,0.0010826789298639364,0.009137380326698655,-0.014528702279032921
n4156_taper0.5,106400000.0,0.001061799015012071,0.008998234217328108,-0.013195030127137302
n4156_taper0.5,106700000.0,0.0010595240170302438,0.009018969374908445,-0.011917116985819888
n4156_taper0.5,107000000.0,0.0010711130840320182,0.00913884256381546,-0.0113238504383533
n4156_taper0.5,107300000.0,0.0010850086821482343,0.009254207277593367,-0.011580138226259874
n4156_taper0.5,107600000.0,0.0010902794831032306,0.009278385745277028,-0.012336535084556738
n4156_taper0.5,107900000.0,0.0010824575679572494,0.00918948982161023,-0.012958917594639588
n4156_taper0.5,108200000.0,0.0010655335180969568,0.009041009305719584,-0.012906125063614979
n4156_taper0.5,108500000.0,0.0010499771246778597,0.008930425059137284,-0.012048472701689513
n4156_taper0.5,108800000.0,0.0010471771661177537,0.008943551660630435,-0.0107561352245258
n4156_taper0.5,109100000.0,0.0010624182124167202,0.009104935512420457,-0.00971216458274643
n4156_taper0.5,109400000.0,0.0010911274713791617,0.009360959075390248,-0.009552381795075929
n4156_taper0.5,109700000.0,0.001121539691016399,0.009604551514631441,-0.010525145143407357
n4156_taper0.5,110000000.0,0.0011412005951416922,0.009728246792868494,-0.01235091028752457
n4156_taper0.5,110300000.0,0.0011426273342166398,0.009677593396119434,-0.01435362620842273
n4156_taper0.5,110600000.0,0.001125993939072884,0.009477206015189508,-0.015792489168405723
n4156_taper0.5,110900000.0,0.0010987877972371757,0.009216530479505144,-0.01621959098962378
n4156_taper0.5,111200000.0,0.0010726467469863942,0.00900359164235661,-0.015679318405919976
n4156_taper0.5,111500000.0,0.0010578964886610472,0.008911411622614863,-0.014651907735166897
n4156_taper0.5,111800000.0,0.0010580772816199656,0.008944943672623018,-0.013779153530216633
n4156_taper0.5,112100000.0,0.0010682963794480193,0.009044863761171246,-0.01352281954611396
n4156_taper0.5,112400000.0,0.0010788864962564433,0.009124754781223574,-0.013936952169084815
n4156_taper0.5,112700000.0,0.0010813973625299956,0.009120759490142304,-0.014669702172299817
n4156_taper0.5,113000000.0,0.0010730732721060366,0.009026830972678134,-0.015185511002061901
n4156_taper0.5,113300000.0,0.0010581399177258355,0.008897097393284814,-0.015081968307071586
n4156_taper0.5,113600000.0,0.0010457286799437316,0.008814789817112038,-0.01432836467237298
n4156_taper0.5,113900000.0,0.0010449660722511545,0.008845008364643678,-0.013298124091324031
n4156_taper0.5,114200000.0,0.0010593724208875675,0.008996946758972979,-0.012579254097913013
n4156_taper0.5,114500000.0,0.0010843685423813309,0.0092158204358039,-0.012665443758735146
n4156_taper0.5,114800000.0,0.0011098689019119906,0.009408719456829688,-0.013692633299283094
n4156_taper0.5,115100000.0,0.0011256679169399915,0.009490613615241585,-0.015359791235837859
n4156_taper0.5,115400000.0,0.0011260269451241452,0.009426333872167831,-0.017073823814103013
n4156_taper0.5,115700000.0,0.001111758263241248,0.009246854355245488,-0.01824070116916297
n4156_taper0.5,116000000.0,0.0010896496068268785,0.009031987360899423,-0.01855025669686945
n4156_taper0.5,116300000.0,0.0010694468711481978,0.008869214868780284,-0.018108693351303596
n4156_taper0.5,116600000.0,0.0010591500490483143,0.008810537837831185,-0.01735543623553768
n4156_taper0.5,116900000.0,0.0010608215845418706,0.008849675791678998,-0.016814885205869046
n4156_taper0.5,117200000.0,0.0010698128654864777,0.00893068087047643,-0.016818414584467527
n4156_taper0.5,117500000.0,0.0010780657962607438,0.008982218855992033,-0.017343525647245162
n4156_taper0.5,117800000.0,0.0010789771483122404,0.008958417787843969,-0.018050909278904875
n4156_taper0.5,118100000.0,0.0010709064350729431,0.008864258146480654,-0.018493151502767084
n4156_taper0.5,118400000.0,0.001057996080420249,0.008752254159406014,-0.01837836665595987
n4156_taper0.5,118700000.0,0.001048142271728045,0.008692748410226941,-0.017745355302865747
n4156_taper0.5,119000000.0,0.001048732027900024,0.008734170621690376,-0.016956587010385764
n4156_taper0.5,119300000.0,0.0010621576208591946,0.008874735275323918,-0.016513771650878337
n4156_taper0.5,119600000.0,0.0010841217197662528,0.009060712780000903,-0.016795190055031627
n4156_taper0.5,119900000.0,0.0011060053504364782,0.009212143960568409,-0.017854389456949765
n4156_taper0.5,120200000.0,0.0011193559254779441,0.009262367981145398,-0.019385815122328356
n4156_taper0.5,120500000.0,0.0011196696387491786,0.00919066781959642,-0.020873866739155277
n4156_taper0.5,120800000.0,0.0011080427149771706,0.009031267203185674,-0.02184580883312344
n4156_taper0.5,121100000.0,0.001090481919885834,0.0088545339659196,-0.022096445469962044
n4156_taper0.5,121400000.0,0.0010751233672382577,0.008730769473421355,-0.02177000102752222
n4156_taper0.5,121700000.0,0.0010682325390201153,0.008695761321428025,-0.021261636864746518
n4156_taper0.5,122000000.0,0.001070969081583905,0.008735848309536616,-0.02099600745966239
n4156_taper0.5,122300000.0,0.0010791034094963727,0.00879953750220514,-0.0212029529442786
n4156_taper0.5,122600000.0,0.0010859080551198688,0.008828556004734086,-0.021808427556641852
n4156_taper0.5,122900000.0,0.0010861487772670887,0.008791166661475842,-0.022494547116000532
n4156_taper0.5,123200000.0,0.0010788913297562104,0.008699837992083598,-0.022891569269861772
n4156_taper0.5,123500000.0,0.0010680230376041767,0.008604100363554294,-0.02279535229764182
n4156_taper0.5,123800000.0,0.0010603541403928073,0.008562823480087136,-0.0222923465447744
n4156_taper0.5,124100000.0,0.0010619503363355075,0.008611062283458898,-0.021725331812464322
n4156_taper0.5,124400000.0,0.0010745045911613046,0.008739328733392724,-0.021518840600928804
n4156_taper0.5,124700000.0,0.0010941395153070026,0.008896352291820933,-0.021957648896145127
n4156_taper0.5,125000000.0,0.0011134928848216122,0.009013835570822975,-0.023035641741691017
n4156_taper0.5,125300000.0,0.0011254816167260574,0.009040134591589078,-0.02445394636183707
n4156_taper0.5,125600000.0,0.0011264722965090587,0.008965290468717496,-0.02576791376233096
n4156_taper0.5,125900000.0,0.0011176249141331717,0.008824636397396123,-0.026604879577106957
n4156_taper0.5,126200000.0,0.0011041732829551302,0.008679590043398567,-0.02683931874618815
n4156_taper0.5,126500000.0,0.0010929178570882768,0.008586124254500551,-0.026636628728357134
n4156_taper0.5,126800000.0,0.0010888376170270473,0.008567561122412054,-0.02634727596435515
n4156_taper0.5,127100000.0,0.0010925544485040056,0.008605637020950026,-0.02631158984732541
n4156_taper0.5,127400000.0,0.001100308865623883,0.008653824710479777,-0.02668061543395243
n4156_taper0.5,127700000.0,0.001106455444225013,0.008665071180047265,-0.027347003297761654
n4156_taper0.5,128000000.0,0.0011067752724698203,0.008618702232823492,-0.028019170603783405
n4156_taper0.5,128300000.0,0.0011007687492175227,0.008532067665867614,-0.02839509191528545
n4156_taper0.5,128600000.0,0.001091991640581575,0.008450934489972457,-0.028339975064527647
n4156_taper0.5,128900000.0,0.0010863262160776667,0.008424074810367088,-0.027971675105128165
n4156_taper0.5,129200000.0,0.0010888353685413671,0.00847585385632918,-0.02760823467598602
n4156_taper0.5,129500000.0,0.0011007888574586589,0.008591541258644201,-0.02760589979342134
n4156_taper0.5,129800000.0,0.0011187738668873041,0.008723171533960643,-0.028173890474591404
n4156_taper0.5,130100000.0,0.001136493268841671,0.00881283490319557,-0.029263687375107417
n4156_taper0.5,130400000.0,0.001147943301624741,0.008821140901870908,-0.03059030766707993
n4156_taper0.5,130700000.0,0.0011501106195996582,0.008746053973788552,-0.031773172103085924
n4156_taper0.5,131000000.0,0.0011440972888266978,0.008622561476099497,-0.03252202797542973
n4156_taper0.5,131300000.0,0.0011344234079053194,0.008503785519151373,-0.0327714104655746
n4156_taper0.5,131600000.0,0.0011267961224877636,0.008433780872673036,-0.032696013663060054
n4156_taper0.5,131900000.0,0.0011252340353956145,0.008426337504682056,-0.03260301028752909
n4156_taper0.5,132200000.0,0.0011300419430887772,0.00846059062852034,-0.03276174822499654
n4156_taper0.5,132500000.0,0.0011379143313556682,0.008495125156473594,-0.03326245561639864
n4156_taper0.5,132800000.0,0.0011440783070024063,0.008492464322968279,-0.033977792676169724
n4156_taper0.5,133100000.0,0.0011450751340450196,0.008440541955897107,-0.034644715173607454
n4156_taper0.5,133400000.0,0.0011406687628828676,0.008359670241053998,-0.03501975718230053
n4156_taper0.5,133700000.0,0.0011340674972234515,0.008291468042969064,-0.03502261961001601
n4156_taper0.5,134000000.0,0.00113037295566121,0.00827589611111377,-0.03479050293282774
n4156_taper0.5,134300000.0,0.0011338773334253972,0.008328817761381389,-0.03461416145692365
n4156_taper0.5,134600000.0,0.0011455922521345484,0.008432107101832521,-0.03478991220404116
n4156_taper0.5,134900000.0,0.00116255547329619,0.008541566967644862,-0.035466141993779815
n4156_taper0.5,135200000.0,0.0011793659192326567,0.008608464355972411,-0.03656505387512132
n4156_taper0.5,135500000.0,0.0011908845218821893,0.008603381485557617,-0.03781998068933816
n4156_taper0.5,135800000.0,0.0011945559456479496,0.008530023391184131,-0.03890761837213867
n4156_taper0.5,136100000.0,0.0011913728493995939,0.00842206078486113,-0.03960542960529201
n4156_taper0.5,136400000.0,0.0011852264884280339,0.008325043878984792,-0.03989275712696082
n4156_taper0.5,136700000.0,0.0011809329094068773,0.008273140998692412,-0.03994529177706781
n4156_taper0.5,137000000.0,0.0011817793785557516,0.008272911905373319,-0.040029372172063656
n4156_taper0.5,137300000.0,0.0011878772352784746,0.008302324515103486,-0.04035483123743332
n4156_taper0.5,137600000.0,0.0011963250221799565,0.008324991102657865,-0.040965320304527826
n4156_taper0.5,137900000.0,0.0012030522996862422,0.008311562181952304,-0.041723182588557395
n4156_taper0.5,138200000.0,0.001205181723627012,0.0082566145477562,-0.042394409741825574
n4156_taper0.5,138500000.0,0.0012026414557114264,0.00818201503971441,-0.0427858243436668
n4156_taper0.5,138800000.0,0.0011983124934690054,0.008125112765144698,-0.04285960205818529
n4156_taper0.5,139100000.0,0.0011966438738107937,0.00811823374072375,-0.042763355047976584
n4156_taper0.5,139400000.0,0.0012013198300598492,0.008170524153789282,-0.042759667855840504
n4156_taper0.5,139700000.0,0.0012131815756237045,0.008261847672759942,-0.043092601701402763
n4156_taper0.5,140000000.0,0.0012296689501252172,0.00835197901563472,-0.043861793484554525
n4156_taper0.5,140300000.0,0.0012461307201206576,0.008400240870064978,-0.044970150948644934
n4156_taper0.5,140600000.0,0.0012581363907258275,0.008385305040521152,-0.04617180772017399
n4156_taper0.5,140900000.0,0.0012634912363915336,0.00831493548733912,-0.047194265336473376
n4156_taper0.5,141200000.0,0.0012630735313829316,0.008220862068660134,-0.04787046774719457
n4156_taper0.5,141500000.0,0.0012602392665074155,0.008141802689196856,-0.048212681116310566
n4156_taper0.5,141800000.0,0.0012590763692324723,0.00810375099678253,-0.04839189063243317
n4156_taper0.5,142100000.0,0.0012622978021027108,0.008107847734348653,-0.04863663490791999
n4156_taper0.5,142400000.0,0.0012698836563011598,0.008131911798717353,-0.0491070550401614
n4156_taper0.5,142700000.0,0.0012792738088229585,0.008144355973400878,-0.049811532994342336
n4156_taper0.5,143000000.0,0.001286966011759505,0.008122691431964233,-0.05060908073666274
n4156_taper0.5,143300000.0,0.0012905422777387079,0.008066563107779829,-0.05129410790012087
n4156_taper0.5,143600000.0,0.0012900438863891733,0.007998366253280334,-0.05171635860428266
n4156_taper0.5,143900000.0,0.0012880632313329373,0.007951231065634527,-0.05187076174777402
n4156_taper0.5,144200000.0,0.0012885035338597605,0.007950908542866082,-0.051908767364380444
n4156_taper0.5,144500000.0,0.0012945523429193956,0.008001283695909068,-0.05206502316302458
n4156_taper0.5,144800000.0,0.0013069184866290047,0.008081243309008395,-0.052538280212701426
n4156_taper0.5,145100000.0,0.0013233785796518472,0.008154560709302833,-0.05338935256659897
n4156_taper0.5,145400000.0,0.0013399060901702065,0.008187591511328383,-0.05450942911180708
n4156_taper0.5,145700000.0,0.0013526652319671053,0.00816553984248376,-0.055674578081578864
n4156_taper0.5,146000000.0,0.001359767364344344,0.008098932371823343,-0.05665708097594944
n4156_taper0.5,146300000.0,0.001361997795560714,0.008017180612490554,-0.05733516774796076
n4156_taper0.5,146600000.0,0.0013622682283937816,0.007952892384311063,-0.05774475608592509
n4156_taper0.5,146900000.0,0.0013640671308936033,0.007925328045588124,-0.058048308112386676
n4156_taper0.5,147200000.0,0.0013696400215275554,0.007931636059563284,-0.05843984946004288
n4156_taper0.5,147500000.0,0.001378862456027879,0.007950198278295167,-0.059038218804029347
n4156_taper0.5,147800000.0,0.0013894530650210033,0.007953918247855761,-0.0598255128896017
n4156_taper0.5,148100000.0,0.0013983740202726967,0.007926067236617464,-0.060662394085779066
n4156_taper0.5,148400000.0,0.001403584494174388,0.007870096070485144,-0.06137037037141071
n4156_taper0.5,148700000.0,0.0014052170555385512,0.007808189093510251,-0.0618356015994787
n4156_taper0.5,149000000.0,0.0014056202416947326,0.0077694198313139114,-0.062077905545269915
n4156_taper0.5,149300000.0,0.0014082380646031818,0.007773909674779769,-0.06224778308566233
n4156_taper0.5,149600000.0,0.0014158375026760363,0.007821470837472144,-0.06255290670982055
n4156_taper0.5,149900000.0,0.0014290055468012216,0.007890778947102857,-0.06315294515935202
n4156_taper0.5,150200000.0,0.0014457873767746252,0.007949514782144028,-0.06407805405729013
n4156_taper0.5,150500000.0,0.001462675758622058,0.00797014381915727,-0.06521343342621344
n4156_taper0.5,150800000.0,0.0014763445924405648,0.00794311341277053,-0.06635729047125008
n4156_taper0.5,151100000.0,0.001485181336707836,0.007880715264041849,-0.06732116203214646
n4156_taper0.5,151400000.0,0.001489910074500514,0.007809840458874685,-0.06802006583526386
n4156_taper0.5,151700000.0,0.0014930793763741883,0.007757672185932933,-0.0685063432159764
n4156_taper0.5,152000000.0,0.00149767879602032,0.00773795023309981,-0.06893149213682724
n4156_taper0.5,152300000.0,0.0015055606413372723,0.007744953878450621,-0.06945836584519513
n4156_taper0.5,152600000.0,0.0015165053474410644,0.007758112343713777,-0.07017165255330092
n4156_taper0.5,152900000.0,0.0015284553803311324,0.007754465412157502,-0.07103430023880312
n4156_taper0.5,153200000.0,0.0015387582691093328,0.007722091074442053,-0.0719121024980724
n4156_taper0.5,153500000.0,0.0015456941208120288,0.00766723381486559,-0.07265192257630824
n4156_taper0.5,153800000.0,0.0015494796493165867,0.007611343119802049,-0.07317062038614656
n4156_taper0.5,154100000.0,0.001552261780831953,0.007579666363781459,-0.07350653683751829
n4156_taper0.5,154400000.0,0.0015570940011133945,0.0075875323591253,-0.07380578511503481
n4156_taper0.5,154700000.0,0.0015663763638636041,0.007631650094308591,-0.07425047428863095
n4156_taper0.5,155000000.0,0.0015805729340249279,0.007691044754547655,-0.07496672621429082
n4156_taper0.5,155300000.0,0.0015979358704387783,0.007737137048496738,-0.07596074514812415
n4156_taper0.5,155600000.0,0.0016153904556426707,0.007747676209415585,-0.07711603629916473
n4156_taper0.5,155900000.0,0.0016300542482101702,0.007717286078688648,-0.07825250808727184
n4156_taper0.5,156200000.0,0.0016405718821370246,0.007659259607655706,-0.07921593241869851
n4156_taper0.5,156500000.0,0.0016476370311441753,0.007597891340915151,-0.07995102262509268
n4156_taper0.5,156800000.0,0.0016535026207238188,0.007555580350202322,-0.08052091738617759
n4156_taper0.5,157100000.0,0.0016607377190368442,0.00754156771975102,-0.08106471125417646
n4156_taper0.5,157400000.0,0.0016708558969844433,0.0075481481542563405,-0.08171735471567691
n4156_taper0.5,157700000.0,0.0016835463463927588,0.007556115777308174,-0.08253547726858332
n4156_taper0.5,158000000.0,0.0016969318214702389,0.007546275091889041,-0.08346854545575777
n4156_taper0.5,158300000.0,0.0017086857093827814,0.0075106889588250755,-0.08438984826615972
n4156_taper0.5,158600000.0,0.0017173688408161768,0.0074575859929418035,-0.08516964036253835
n4156_taper0.5,158900000.0,0.0017232801492357017,0.007407320470234775,-0.08575049436760626
n4156_taper0.5,159200000.0,0.0017284002969398867,0.0073815839338747784,-0.0861841396032807
n4156_taper0.5,159500000.0,0.0017354461565712064,0.007391650060885156,-0.08660990199879948
n4156_taper0.5,159800000.0,0.0017464912712367017,0.007431914804754134,-0.08718601681026371
n4156_taper0.5,160100000.0,0.0017618739661547172,0.007482155677344841,-0.08800996584505591
n4156_taper0.5,160400000.0,0.0017800035319868953,0.0075173174226766185,-0.08906952050987624
n4156_taper0.5,160700000.0,0.0017981681515314319,0.007519696652862023,-0.09024968169243149
n4156_taper0.5,161000000.0,0.0018138756114727587,0.007487209603922554,-0.09139120040082557
n4156_taper0.5,161300000.0,0.0018260117672433147,0.0074335681510613455,-0.09236956243743065
n4156_taper0.5,161600000.0,0.0018352637310700842,0.007380481212093532,-0.0931532614703506
n4156_taper0.5,161900000.0,0.001843641684588432,0.007346152816044263,-0.09381187285418396
n4156_taper0.5,162200000.0,0.0018533554790267027,0.007336184414757687,-0.09447137677184833
n4156_taper0.5,162500000.0,0.0018656226033957751,0.007341579440509307,-0.095241941280839
n4156_taper0.5,162800000.0,0.0018800450771813111,0.007344689236691419,-0.09615731527322299
n4156_taper0.5,163100000.0,0.001894893853650769,0.00732970987007806,-0.09715796782665369
n4156_taper0.5,163400000.0,0.0019081233267521983,0.0072919812299633005,-0.09812620308117022
n4156_taper0.5,163700000.0,0.0019185440668031183,0.0072410694474232574,-0.09895360265521666
n4156_taper0.5,164000000.0,0.0019265351443288226,0.007195996227866208,-0.09960410678125711
n4156_taper0.5,164300000.0,0.0019339377949467763,0.007175186906765626,-0.10013869229656976
n4156_taper0.5,164600000.0,0.0019431742122697872,0.0071865069783854955,-0.10068828023721833
n4156_taper0.5,164900000.0,0.0019560239832619366,0.007222682410160425,-0.10138905873275043
n4156_taper0.5,165200000.0,0.0019726996064849288,0.00726452474694129,-0.10231419285919474
n4156_taper0.5,165500000.0,0.001991730486640249,0.007290259633536419,-0.1034375499467092
n4156_taper0.5,165800000.0,0.002010713150456449,0.007286078354500996,-0.10464795233358311
n4156_taper0.5,166100000.0,0.0020275010526122645,0.007252458152207596,-0.10580585974397674
n4156_taper0.5,166400000.0,0.0020412046721290564,0.007203091139650678,-0.10681241978558827
n4156_taper0.5,166700000.0,0.0020525196500763847,0.007157172951261964,-0.10765497310495858
n4156_taper0.5,167000000.0,0.002063253041561115,0.007129250515295979,-0.10840617340323445
n4156_taper0.5,167300000.0,0.002075303786039803,0.007122008394830685,-0.10917870349055679
n4156_taper0.5,167600000.0,0.002089628964924667,0.0071257003368988174,-0.11006088023226317
n4156_taper0.5,167900000.0,0.0021057501040806547,0.007124335408079175,-0.11106797161755098
n4156_taper0.5,168200000.0,0.002122064385434299,0.007105138068601838,-0.11213498673538046
n4156_taper0.5,168500000.0,0.002136773196626288,0.007066117299851667,-0.11315413788146059
n4156_taper0.5,168800000.0,0.0021489111731494027,0.007017662331206116,-0.114036262324285
n4156_taper0.5,169100000.0,0.0021589331506568768,0.006977317675806538,-0.11476289936193412
n4156_taper0.5,169400000.0,0.0021685597978399157,0.0069605373771231965,-0.11540094984160612
n4156_taper0.5,169700000.0,0.0021799513816383722,0.006972343867679745,-0.11607191133560812
n4156_taper0.5,170000000.0,0.002194621462127805,0.007004314359807308,-0.1168918023822837
