frequency_Hz,B2D-C3mS2-NC_200ns_re,B2D-C3mS2-NC_200ns_im,B2D-C3mS2-NC_400ns_re,B2D-C3mS2-NC_400ns_im,B2D-C3mS2-D10m-W4m-T0.5m-E20-S0.02_200ns_re,B2D-C3mS2-D10m-W4m-T0.5m-E20-S0.02_200ns_im,B2D-C3mS2-D10m-W4m-T0.5m-E20-S0.02_400ns_re,B2D-C3mS2-D10m-W4m-T0.5m-E20-S0.02_400ns_im,B2D-C3mS2TZ-NC_200ns_re,B2D-C3mS2TZ-NC_200ns_im,B2D-C3mS2TZ-NC_400ns_re,B2D-C3mS2TZ-NC_400ns_im,B2D-C3mS2TZ-D10m-W4m-T0.5m-E20-S0.02_200ns_re,B2D-C3mS2TZ-D10m-W4m-T0.5m-E20-S0.02_200ns_im,B2D-C3mS2TZ-D10m-W4m-T0.5m-E20-S0.02_400ns_re,B2D-C3mS2TZ-D10m-W4m-T0.5m-E20-S0.02_400ns_im,XSVTZ_BG_S2TZ_minus_BG_S2_200ns_re,XSVTZ_BG_S2TZ_minus_BG_S2_200ns_im,XSVTZ_BG_S2TZ_minus_BG_S2_400ns_re,XSVTZ_BG_S2TZ_minus_BG_S2_400ns_im
20000000.0,0.0,0.0,0.0,0.0,-0.003157662573187281,-0.007300944541263732,-0.0031576594476447895,-0.00730099034024434,0.0,0.0,0.0,0.0,-0.003950247838204746,-0.003474756420617453,-0.003950244941783865,-0.0034748026458935044,-0.06858557401952226,-0.03067520564671611,-0.06858556338504229,-0.030675390379119705
20300000.0,0.0,0.0,0.0,0.0,-0.0068407125218712395,-0.004183009042112218,-0.006840751660405431,-0.0041829841331288975,0.0,0.0,0.0,0.0,-0.005299425789786483,-0.000564947195286436,-0.005299465175077955,-0.0005649224678965226,-0.07501825351017999,-0.006205649966437576,-0.07501841037306889,-0.0062055497840241
20600000.0,0.0,0.0,0.0,0.0,-0.008057435110345068,0.0005168495817251539,-0.008057390596889036,0.0005168716115537819,0.0,0.0,0.0,0.0,-0.0047113441736428285,0.002631460116242934,-0.004711300297422838,0.0026314823025987977,-0.07294584504032997,0.019058397073816735,-0.07294566844738881,0.019058484421005772
20900000.0,0.0,0.0,0.0,0.0,-0.006337653577837443,0.005082046786725414,-0.006337652674567096,0.00508199444310975,0.0,0.0,0.0,0.0,-0.002353910422051797,0.004928573668184555,-0.002353909318571823,0.004928522426522974,-0.06257240393152586,0.042232931870836765,-0.06257240143795428,0.04223272653306509
21200000.0,0.0,0.0,0.0,0.0,-0.002290943455136585,0.007841761589384433,-0.0022909928267367263,0.007841779169810437,0.0,0.0,0.0,0.0,0.0009375043026835783,0.005445727959250135,0.0009374564410720154,0.005445745142512948,-0.04505748508242391,0.06066098777039386,-0.04505767588943854,0.060661058425987235
21500000.0,0.0,0.0,0.0,0.0,0.0026250737088275855,0.00778374053938613,0.002625102770160481,0.007783780440592025,0.0,0.0,0.0,0.0,0.003956985195486595,0.0039465990046139154,0.00395701353155431,0.003946637120803231,-0.022385759427812957,0.072222842223157,-0.022385644762046297,0.07222299313218272
21800000.0,0.0,0.0,0.0,0.0,0.006640275049619504,0.004914104930367813,0.006640304402694142,0.004914072158339167,0.0,0.0,0.0,0.0,0.005571340760063492,0.0009429626383905543,0.005571368239976948,0.000942930981864265,0.0028596190564584845,0.07558115856153691,0.002859726955669828,0.07558103165445118
22100000.0,0.0,0.0,0.0,0.0,0.008307214391386708,0.00024612651079891634,0.008307183216565761,0.0002461046423647417,0.0,0.0,0.0,0.0,0.005145475666573418,-0.002479039334513544,0.0051454459709958655,-0.0024790594406347566,0.027791147951056416,0.07033930366038277,0.02779103001302019,0.07033922509383217
22400000.0,0.0,0.0,0.0,0.0,0.007011391523278121,-0.0045647012455845015,0.007011372739192723,-0.004564672975327255,0.0,0.0,0.0,0.0,0.0027920117930690935,-0.005051175585212064,0.002791994498025474,-0.005051149047407222,0.04955166986275117,0.05709256786301253,0.04955160182497309,0.057092672332217376
22700000.0,0.0,0.0,0.0,0.0,0.0031849175023737075,-0.0078039189121277275,0.003184944954583102,-0.00780390036652534,0.0,0.0,0.0,0.0,-0.0006526834524791525,-0.0057935354607820955,-0.0006526578268548633,-0.0057935180409813825,0.06564739254697827,0.03736108956837825,0.06564749306631512,0.03736115908723647
23000000.0,0.0,0.0,0.0,0.0,-0.0018419264721103445,-0.00829708635259152,-0.0018419085264511637,-0.008297116249259773,0.0,0.0,0.0,0.0,-0.003924299545381871,-0.004388763199674628,-0.003924282358212849,-0.004388791342343268,0.07423880513287173,0.013414587749856821,0.07423887462272916,0.013414476903530925
23300000.0,0.0,0.0,0.0,0.0,-0.006297012797418233,-0.00582425847603929,-0.00629704696823552,-0.005824272489562077,0.0,0.0,0.0,0.0,-0.005794791105053321,-0.0013175098597386636,-0.005794823724414755,-0.001317523419722022,0.0743559842760888,-0.011992140612246516,0.07435585488791929,-0.011992196125547139
23600000.0,0.0,0.0,0.0,0.0,-0.008579028314699144,-0.0012112411424745062,-0.008579033957651916,-0.0012112040306639926,0.0,0.0,0.0,0.0,-0.005535592632782027,0.002303318243210839,-0.005535598027577748,0.0023033540782364526,0.06601082871573283,-0.035941090272459064,0.06601080579860508,-0.03594094730505759
23900000.0,0.0,0.0,0.0,0.0,-0.007822939798828088,0.003937851280582549,-0.007822904296965305,0.00393784550573173,0.0,0.0,0.0,0.0,-0.003203752311314645,0.0051273747648004075,-0.0032037177933759153,0.00512736885011833,0.050194376856062206,-0.055692081802359183,0.05019451505954464,-0.0556921044254004
24200000.0,0.0,0.0,0.0,0.0,-0.00422562602162202,0.007785861062817645,-0.004225642944540198,0.007785833355789862,0.0,0.0,0.0,0.0,0.0003629497039057128,0.00608250923090381,0.0003629326822718326,0.0060824822344542895,0.028757002906239393,-0.06900344587013052,0.028756935407152184,-0.06900355414301984
24500000.0,0.0,0.0,0.0,0.0,0.0009902341819767457,0.00890960132189278,0.0009902196313049672,0.00890962534379014,0.0,0.0,0.0,0.0,0.00384796925154518,0.004781569300199351,0.0038479551687728986,0.004781593416428365,0.004186716874798435,-0.07438975572205919,0.004186660412351273,-0.07438965950844434
24800000.0,0.0,0.0,0.0,0.0,0.005979579218170272,0.0068255794676286285,0.0059796036966872634,0.00682557852148058,0.0,0.0,0.0,0.0,0.005946398845843248,0.0016796124896121256,0.00594642343111218,0.0016796112984849287,-0.02068316913447177,-0.07128914874154546,-0.02068307097212596,-0.07128915366325117
25100000.0,0.0,0.0,0.0,0.0,0.008919733979745104,0.0021996189658182175,0.008919719203660748,0.002199600981869665,0.0,0.0,0.0,0.0,0.005857161251675791,-0.0020874828129890943,0.005857146446878403,-0.002087500932679731,-0.04300658232412502,-0.06012319087582796,-0.04300664189398162,-0.06012326298300508
25400000.0,0.0,0.0,0.0,0.0,0.008675888248127706,-0.0033518236446301586,0.008675881648464667,-0.0033518000961691996,0.0,0.0,0.0,0.0,0.0035887513555366013,-0.005123031009203416,0.003588744557269763,-0.005123007653141443,-0.06025651443199109,-0.04223768082292523,-0.06025654093323851,-0.04223758709629344
25700000.0,0.0,0.0,0.0,0.0,0.005244579368145708,-0.007818796211886081,0.0052446051182144515,-0.007818802353927623,0.0,0.0,0.0,0.0,-3.74711430026764e-05,-0.006290322546993465,-3.7445799343061026e-05,-0.0062903283754494055,-0.07051244734297057,-0.01973694802708792,-0.07051234597851419,-0.019736972269685182
26000000.0,0.0,0.0,0.0,0.0,-0.00020259557716428844,-0.009525686136152345,-0.0002026122611766823,-0.009525708299074509,0.0,0.0,0.0,0.0,-0.003688710753934288,-0.005138182526346569,-0.003688726951878607,-0.0051382041076895035,-0.07267608580511364,0.0047654399029077865,-0.07267615150201578,0.004765354052922888
26300000.0,0.0,0.0,0.0,0.0,-0.005710904073154666,-0.007764714892935842,-0.00571091939206525,-0.007764692109795135,0.0,0.0,0.0,0.0,-0.00601291494684375,-0.002071553865693687,-0.006012929580279547,-0.0020715317865693805,-0.06659025573499378,0.028454957582777496,-0.06659031337802901,0.028455046477759538
26600000.0,0.0,0.0,0.0,0.0,-0.009242297874152428,-0.0030936515678483545,-0.009242273685806879,-0.003093643285261294,0.0,0.0,0.0,0.0,-0.006137947721072123,0.001793874982796595,-0.006137924467999767,0.001793882572190597,-0.05304467588261019,0.04864332598913368,-0.0530445828384245,0.048643355283323864
26900000.0,0.0,0.0,0.0,0.0,-0.009434315896918122,0.0028290344729091643,-0.00943431253917737,0.0028290120648017947,0.0,0.0,0.0,0.0,-0.003995797037823934,0.005038164623964114,-0.003995794282374732,0.005038143350703628,-0.03367398319188908,0.0630752592156254,-0.03367397307607689,0.06307517466994828
27200000.0,0.0,0.0,0.0,0.0,-0.00613359434424865,0.007830243185556807,-0.006133614114034458,0.007830241924628556,0.0,0.0,0.0,0.0,-0.00035365367416773097,0.006457223603998141,-0.00035367218238491205,0.006457222776241167,-0.010760114883453298,0.07018358599358399,-0.010760187961523116,0.07018358315461137
27500000.0,0.0,0.0,0.0,0.0,-0.0004912560829453128,0.010024481791285123,-0.0004912571763711071,0.010024500024196747,0.0,0.0,0.0,0.0,0.00346077489703589,0.005507317385053501,0.0034607740346714877,0.005507334324615254,0.013039370641621417,0.06926160580887863,0.013039367097626098,0.06926167251307813
27800000.0,0.0,0.0,0.0,0.0,0.005434184446762913,0.008534741172843585,0.005434202946638322,0.008534742210622337,0.0,0.0,0.0,0.0,0.006041532650890247,0.0025117795489506545,0.006041549921924627,0.002511780545957132,0.03500260606737271,0.06053316766088557,0.035002674310767645,0.06053317224852983
28100000.0,0.0,0.0,0.0,0.0,0.009433677790731565,0.0038514434958654142,0.0094336772169612,0.003851423686336508,0.0,0.0,0.0,0.0,0.0064209573151572386,-0.0014477733839557416,0.006420956839725989,-0.0014477921026144758,0.052658679267672426,0.04511454910245827,0.05265867825383452,0.045114474651319014
28400000.0,0.0,0.0,0.0,0.0,0.00998394495823618,-0.00232360864389905,0.009983924512027897,-0.0023236042813744723,0.0,0.0,0.0,0.0,0.004431864748077885,-0.00492054937897006,0.0044318452180931445,-0.0049205451891889546,0.06407007061193326,0.024872556561426465,0.06406999247051459,0.02487257242855624
28700000.0,0.0,0.0,0.0,0.0,0.0068388444781888325,-0.0077035243470373604,0.006838854028458741,-0.007703505666294297,0.0,0.0,0.0,0.0,0.0007796994840845173,-0.006617092100293931,0.0007797088482774939,-0.006617074159444902,0.06804927553471884,0.0021970928367052167,0.06804931232213107,0.0021971649357067635
29000000.0,0.0,0.0,0.0,0.0,0.001137967579460053,-0.010278422010865484,0.0011379812744323203,-0.010278436312750716,0.0,0.0,0.0,0.0,-0.0032064430139513433,-0.005887760861031821,-0.0032064299044520794,-0.0058877750086865355,0.06428516275052232,-0.02028528068369062,0.06428521562820322,-0.02028533690946943
29300000.0,0.0,0.0,0.0,0.0,-0.005017092907664278,-0.009077964438463981,-0.005017109476789017,-0.009077970497473054,0.0,0.0,0.0,0.0,-0.006056955490365112,-0.0029712196859921214,-0.006056971960077817,-0.002971225284420509,0.053362999519421805,-0.04002170340945399,0.05336293377014556,-0.040021726158326665
29600000.0,0.0,0.0,0.0,0.0,-0.009353836982867847,-0.004535894357323933,-0.009353834542160655,-0.004535879332342341,0.0,0.0,0.0,0.0,-0.0067028555385775235,0.0010824826178784663,-0.006702852742741072,0.001082497605352839,0.036678745011791136,-0.05482803522711022,0.036678756023611925,-0.05482797533015371
29900000.0,0.0,0.0,0.0,0.0,-0.010277609376245778,0.0016797041833883641,-0.010277599701545626,0.0016796946657789968,0.0,0.0,0.0,0.0,-0.004875498320117799,0.0047889498697009925,-0.004875488619660473,0.004788940090486304,0.016260121374045866,-0.06313601901437035,0.01626016004257025,-0.0631360580943548
30200000.0,0.0,0.0,0.0,0.0,-0.007454311160060456,0.007294772636200569,-0.007454324472249141,0.007294770761321706,0.0,0.0,0.0,0.0,-0.0012168219633537092,0.006771190345444322,-0.0012168354448789387,0.006771188373177861,-0.005485282034626948,-0.06416251367372672,-0.005485335930146107,-0.06416252127143285
30500000.0,0.0,0.0,0.0,0.0,-0.001916798106080364,0.010268398271474743,-0.0019167918866429545,0.010268411382306497,0.0,0.0,0.0,0.0,0.0029441468046798036,0.006269610594689445,0.002944152837464742,0.00626962379228424,-0.02606022676116737,-0.05797975032320013,-0.026060202227000673,-0.057979697714691025
30800000.0,0.0,0.0,0.0,0.0,0.0043271585216544395,0.00952779781955404,0.0043271680858865125,0.009527785306565839,0.0,0.0,0.0,0.0,0.006071226770309579,0.0034324471628290887,0.006071236359943555,0.003432434945677132,-0.04316967761874935,-0.045483975367180296,-0.04316963967772125,-0.04548402460953849
31100000.0,0.0,0.0,0.0,0.0,0.009025956264075319,0.005340632164136494,0.009025940499391538,0.005340627838061884,0.0,0.0,0.0,0.0,0.006985521422222973,-0.0007228489283637174,0.006985506078471815,-0.0007228532576828428,-0.05498216745463225,-0.028267975379569155,-0.054982229003357475,-0.028267992073289783
31400000.0,0.0,0.0,0.0,0.0,0.010487062753675502,-0.0007926085010305783,0.01048706343848238,-0.0007925925463210248,0.0,0.0,0.0,0.0,0.005310054598403724,-0.004669617912912649,0.005310055254284407,-0.0046696025025250165,-0.06032768778554498,-0.008413857873251995,-0.06032768447801118,-0.008413796374319826
31700000.0,0.0,0.0,0.0,0.0,0.008173226878319895,-0.0066760911024399405,0.008173241000612563,-0.006676095173346219,0.0,0.0,0.0,0.0,0.0016278771076230214,-0.006930030450071456,0.0016278905902709084,-0.006930034418246578,-0.05881018764964807,0.011763391732515949,-0.05881013418774472,0.011763375308028401
32000000.0,0.0,0.0,0.0,0.0,0.0028920462549635317,-0.010194444015945159,0.0028920408192831815,-0.010194455790658807,0.0,0.0,0.0,0.0,-0.002714570129732863,-0.006629979659351193,-0.002714575357181559,-0.00662999074866466,-0.05082689430992815,0.02999019071021536,-0.05082691547075058,0.029990147034486547
32300000.0,0.0,0.0,0.0,0.0,-0.0034823296088291045,-0.010061199045287239,-0.003482339768147824,-0.010061193663929657,0.0,0.0,0.0,0.0,-0.006097072425610861,-0.0038422045321846454,-0.006097081915910962,-0.0038421994725803543,-0.037494096019742074,0.044294614553223255,-0.03749413327054896,0.044294634679779676
32600000.0,0.0,0.0,0.0,0.0,-0.008662990798590897,-0.006284550662312149,-0.00866298573573232,-0.006284540931096316,0.0,0.0,0.0,0.0,-0.007233078720069841,0.00042008329326037597,-0.007233074071841372,0.0004200924279640361,-0.020491831449241715,0.05322089998277857,-0.020491813279711835,0.05322093597110733
32900000.0,0.0,0.0,0.0,0.0,-0.010760761463551205,-0.00018448744155996621,-0.010760751427156379,-0.00018449297043687807,0.0,0.0,0.0,0.0,-0.005666036837119748,0.004569451575467731,-0.00566602728644483,0.00456944651479585,-0.0018500666087959416,0.055975667787103944,-0.0018500286737719307,0.05597564812434541
33200000.0,0.0,0.0,0.0,0.0,-0.00897140728720558,0.006057178731353474,-0.008971414455892557,0.006057168691854464,0.0,0.0,0.0,0.0,-0.0019581286878178616,0.007040122227643941,-0.0019581353869639884,0.007040112548950539,0.016297008566098725,0.05249190469996545,0.016296982331212462,0.052491865955434314
33500000.0,0.0,0.0,0.0,0.0,-0.0038901594204219236,0.01016942270910981,-0.0038901681359249096,0.010169432227829844,0.0,0.0,0.0,0.0,0.0025106684299700532,0.00688675374282699,0.00251065995892219,0.006886762835386584,0.031958319476011354,0.04340648732593877,0.031958285357255534,0.04340652328747474
33800000.0,0.0,0.0,0.0,0.0,0.0026748766831872217,0.010619101303984912,0.0026748881632485677,0.010619106917390653,0.0,0.0,0.0,0.0,0.0060621816535118,0.004151489361622573,0.006062192780838416,0.004151494823154245,0.04350652919383435,0.029957838383979585,0.043506573495477596,0.029957860527362712
34100000.0,0.0,0.0,0.0,0.0,0.008340626414884866,0.00718964609820727,0.008340627550275315,0.007189634246429044,0.0,0.0,0.0,0.0,0.007358281624952667,-0.00014726183700819462,0.00735828267495009,-0.00014727342131859444,0.049847212571727084,0.01381810085313706,0.049847216995011934,0.013818054565164495
34400000.0,0.0,0.0,0.0,0.0,0.01101621890294524,0.0010872785671214302,0.011016208994767851,0.0010872821568135294,0.0,0.0,0.0,0.0,0.005909157903104756,-0.004400622167933577,0.005909148175838652,-0.004400618537895529,0.05051826835423867,-0.0031168269109502766,0.05051822943955386,-0.0031168124820677434
34700000.0,0.0,0.0,0.0,0.0,0.009681417195388065,-0.005479308770333535,0.009681424360067581,-0.005479303004094049,0.0,0.0,0.0,0.0,0.00225628954329693,-0.00701846357663527,0.0022562967176043003,-0.0070184579080128096,0.045712551359763154,-0.018952882837619978,0.0457125800670255,-0.018952860208957922
35000000.0,0.0,0.0,0.0,0.0,0.0047812362902064365,-0.01010094614096424,0.004781236663518484,-0.010100954651280247,0.0,0.0,0.0,0.0,-0.0022362106065969556,-0.007026859175572664,-0.002236210251084003,-0.007026867669333692,0.036223639772593685,-0.032013504352924604,0.036223641047151034,-0.032013538353817594
35300000.0,0.0,0.0,0.0,0.0,-0.0019188947217543273,-0.011057205051421048,-0.0019189020205629959,-0.011057200183059335,0.0,0.0,0.0,0.0,-0.005896983274809031,-0.00442776737669881,-0.005896990539454805,-0.004427762574961691,0.02332362710581748,-0.04101864012751666,0.023323598105754684,-0.041018620689981744
35600000.0,0.0,0.0,0.0,0.0,-0.007970460713508487,-0.007961305095675275,-0.007970452062231459,-0.00796130102391679,0.0,0.0,0.0,0.0,-0.007370911831642957,-0.0001908118797633307,-0.007370903336315848,-0.0001908078466943408,0.00859285751938188,-0.045207597697424884,0.008592891726159735,-0.045207581756767645
35900000.0,0.0,0.0,0.0,0.0,-0.0111401594054783,-0.0019179581204102902,-0.011140159420456541,-0.001917968381818902,0.0,0.0,0.0,0.0,-0.00611822259968875,0.00411275740950412,-0.006118222636075643,0.004112747399648953,-0.006276655923564078,-0.04439581568016848,-0.006276656371241529,-0.04439585584134598
36200000.0,0.0,0.0,0.0,0.0,-0.010238572593010531,0.004870175358222539,-0.01023858238155384,0.004870179041144951,0.0,0.0,0.0,0.0,-0.00260802220692824,0.006893958293939129,-0.0026080316579069063,0.00689396195429115,-0.01968015628276021,-0.0389605903626995,-0.019680194026676645,-0.038960575395260655
36500000.0,0.0,0.0,0.0,0.0,-0.005570486591395252,0.00990771001139823,-0.005570480554034418,0.009907718016886946,0.0,0.0,0.0,0.0,0.0018607976469695586,0.007131122504043574,0.0018608035933027622,0.007131130106483141,-0.030275372752164742,-0.029761698855080176,-0.030275348734015495,-0.029761668683716103
36800000.0,0.0,0.0,0.0,0.0,0.0011651289779095464,0.011329054438997233,0.0011651349375725317,0.011329047571267736,0.0,0.0,0.0,0.0,0.005641503559893124,0.004742004021178303,0.0056415090857413475,0.004741997328769898,-0.03711534766392788,-0.018012190365300995,-0.03711532589962019,-0.018012217178174694
37100000.0,0.0,0.0,0.0,0.0,0.007495537548379616,0.008595778904149753,0.00749553092655475,0.008595774403865164,0.0,0.0,0.0,0.0,0.007345397598612635,0.0006092565364443914,0.0073453912350203154,0.0006092524628140694,-0.03972648721014593,-0.005117038818092112,-0.03972651248345471,-0.005117054798127185
37400000.0,0.0,0.0,0.0,0.0,0.011089307370205859,0.002703946988667383,0.011089303440442677,0.0027039530884973573,0.0,0.0,0.0,0.0,0.0063495524786674196,-0.0037473784207939786,0.006349548931737559,-0.0037473726441952238,-0.03812524695644015,0.007498400805074468,-0.03812526096680813,0.0074984235532120636
37700000.0,0.0,0.0,0.0,0.0,0.010623483316237525,-0.0041823499233188954,0.010623489331905489,-0.004182345975138446,0.0,0.0,0.0,0.0,0.0030214529154335423,-0.006729893600395442,0.003021458574096414,-0.006729889969923519,-0.0327769382823746,0.018547899358381414,-0.032776916077608576,0.018547913909662483
38000000.0,0.0,0.0,0.0,0.0,0.006273806035601126,-0.009535528492001788,0.006273809911014894,-0.009535535131682593,0.0,0.0,0.0,0.0,-0.0014191673525161264,-0.007245866035392012,-0.0014191637233054166,-0.007245872318696556,-0.024506713729017804,0.02701435873587954,-0.024506698980687247,0.027014333979575866
38300000.0,0.0,0.0,0.0,0.0,-0.00035736532897345796,-0.011401595658071528,-0.00035737300589033794,-0.011401598710449434,0.0,0.0,0.0,0.0,-0.005347636041612702,-0.005104755390970439,-0.005347643392212831,-0.0051047582549124115,-0.01437735957058095,0.03223723839672843,-0.014377388739930552,0.03223722656662176
38600000.0,0.0,0.0,0.0,0.0,-0.006842915274766881,-0.00911472120144552,-0.006842916477722838,-0.009114712773484968,0.0,0.0,0.0,0.0,-0.007325892776719911,-0.0010849973740505447,-0.007325893831840347,-0.00108498922295297,-0.003551827964486165,0.03395117247887214,-0.003551832590353854,0.033951205016517605
38900000.0,0.0,0.0,0.0,0.0,-0.010827820799626409,-0.0035260285894587184,-0.010827812655314517,-0.0035260299763422154,0.0,0.0,0.0,0.0,-0.006623969362003379,0.0033490965589813015,-0.006623961439295556,0.003349095045319217,0.006842085331015824,0.03227598254362718,0.0068421170856822755,0.03227597682755601
39200000.0,0.0,0.0,0.0,0.0,-0.010882593558370957,0.0033253397851780164,-0.010882597527526627,0.0033253333752192304,0.0,0.0,0.0,0.0,-0.0034856280752961766,0.00657664014260817,-0.003485632166935204,0.006576633904156637,0.01582858731035941,0.027663966917380378,0.015828571176029982,0.027663941833978356
39500000.0,0.0,0.0,0.0,0.0,-0.007004933224266097,0.0089624950975562,-0.007004936595343736,0.008962500747774271,0.0,0.0,0.0,0.0,0.0009552960351371098,0.007406666985691146,0.0009552927917511056,0.007406672765490896,0.022670490999999515,0.020816234410315104,0.022670477913365517,0.020816257377624936
39800000.0,0.0,0.0,0.0,0.0,-0.0006023092331659541,0.011361026298921217,-0.0006023034545776795,0.01136102600629485,0.0,0.0,0.0,0.0,0.005078954073233888,0.00551380905173815,0.005078959990989063,0.005513808669480369,0.0269196604664117,0.012580888557135239,0.026919684010486833,0.01258088708496885
40100000.0,0.0,0.0,0.0,0.0,0.006021786990601186,0.009663120797458902,0.006021783360957045,0.00966311657320773,0.0,0.0,0.0,0.0,0.007363163940425466,0.001567153094001128,0.0073631602591675005,0.001567148718443434,0.028428498561282822,0.003846803399056853,0.02842848384351271,0.003846786060847762
40400000.0,0.0,0.0,0.0,0.0,0.01048788299424075,0.004474292814027336,0.010487881551846101,0.004474298607206606,0.0,0.0,0.0,0.0,0.006941769181580071,-0.002998603623904472,0.006941767574389246,-0.002998597817928328,0.02732612061370787,-0.004552472177131506,0.02732611441529542,-0.004552448967068301
40700000.0,0.0,0.0,0.0,0.0,0.01118186673271282,-0.0023516410729609305,0.011181873098259132,-0.0023516428028997893,0.0,0.0,0.0,0.0,0.003936377537065994,-0.006496721059207289,0.003936383877956473,-0.006496722600420668,0.02396780968749823,-0.011915253142964488,0.02396783496347865,-0.011915259593772376
41000000.0,0.0,0.0,0.0,0.0,0.00783072123561368,-0.008363391756020633,0.007830716830376616,-0.008363397246865745,0.0,0.0,0.0,0.0,-0.0005672894352812818,-0.007609022608958682,-0.0005672936168679144,-0.0076090280471134975,0.01886640454239341,-0.017722587032492854,0.01886638753219927,-0.01772260857600827
41300000.0,0.0,0.0,0.0,0.0,0.0016137556702275901,-0.011379029451196843,0.001613751899220972,-0.011379023455441839,0.0,0.0,0.0,0.0,-0.004903417050030612,-0.005887551250927103,-0.0049034207546583275,-0.00588754552251558,0.012617038869436215,-0.021659660089962784,0.012617024374705466,-0.021659636978998975
41600000.0,0.0,0.0,0.0,0.0,-0.005238282208466671,-0.010273160251331959,-0.0052382758052189615,-0.010273158277993133,0.0,0.0,0.0,0.0,-0.007440793281368485,-0.0019436143624371738,-0.007440787195747589,-0.0019436124481284622,0.005826843676516091,-0.023610504003569233,0.005826868078308678,-0.02361049673031168
41900000.0,0.0,0.0,0.0,0.0,-0.01023107037470794,-0.005404640428107399,-0.010231069675953108,-0.005404646412047853,0.0,0.0,0.0,0.0,-0.007203048464532458,0.002761153453816334,-0.0072030477960467465,0.0027611478275950674,-0.0009430185574856864,-0.023631768926701824,-0.0009430162411732113,-0.023631791327384022
42200000.0,0.0,0.0,0.0,0.0,-0.01151312800668336,0.00148324603405392,-0.011513133336059411,0.0014832458830031925,0.0,0.0,0.0,0.0,-0.0042542064315469474,0.006456558776276822,-0.0042542113813155424,0.006456558608858742,-0.007217291134047343,-0.02191228946954915,-0.007217310705428304,-0.021912289891549364
42500000.0,0.0,0.0,0.0,0.0,-0.008572801631416382,0.007876004654715274,-0.00857280174143682,0.00787600961185042,0.0,0.0,0.0,0.0,0.00030941066962242303,0.007737510468663444,0.00030941048768795554,0.007737515050447286,-0.012626107053172575,-0.018727771151624495,-0.012626107684084786,-0.018727753100860056
42800000.0,0.0,0.0,0.0,0.0,-0.0024560819517205346,0.011407096566703245,-0.002456076885124503,0.011407096664770577,0.0,0.0,0.0,0.0,0.004768034372247598,0.006107883044428775,0.004768039094145138,0.006107883266590619,-0.01690641200718801,-0.014398864027679537,-0.01690639336383981,-0.01439886309700178
43100000.0,0.0,0.0,0.0,0.0,0.004596495376326004,0.010746015715145774,0.004596495033922565,0.01074601025375621,0.0,0.0,0.0,0.0,0.00743426546353021,0.0021778787171822245,0.0074342652825976074,0.0021778735511883696,-0.01988979830341009,-0.009258500460338936,-0.01988979889576825,-0.009258520982969642
43400000.0,0.0,0.0,0.0,0.0,0.009973853837564661,0.0061133252750025235,0.009973848164257504,0.006113326668836905,0.0,0.0,0.0,0.0,0.007300349560338759,-0.002566311085855588,0.007300344122732838,-0.0025663098707546794,-0.02148320990336572,-0.003632153771105706,-0.02148323162863619,-0.003632149057235523
43700000.0,0.0,0.0,0.0,0.0,0.011673090297534827,-0.0007855015248932062,0.011673093150939451,-0.000785496314543721,0.0,0.0,0.0,0.0,0.004423477870048487,-0.006331463976831486,0.004423480547849579,-0.006331458940469048,-0.021649438203638738,0.0021689927376336016,-0.021649427594738313,0.0021690129424456472
44000000.0,0.0,0.0,0.0,0.0,0.009057740327726549,-0.0073918991602948125,0.009057744151256486,-0.007391903370663755,0.0,0.0,0.0,0.0,-9.981745114373552e-05,-0.007702518232546751,-9.98137457060011e-05,-0.00770252228392998,-0.020393180774426867,0.007844451395301988,-0.020393165870096652,0.00784443521289191
44300000.0,0.0,0.0,0.0,0.0,0.003101538907152701,-0.01125374457489059,0.0031015340330213803,-0.01125374622835551,0.0,0.0,0.0,0.0,-0.004557164224742394,-0.006178407634418903,-0.004557168963906122,-0.006178409214239622,-0.01775705808090322,0.013095572654165721,-0.01775707708223706,0.013095566276831505
44600000.0,0.0,0.0,0.0,0.0,-0.0039770991905569986,-0.010946003125308579,-0.003977098388133982,-0.010945998685068403,0.0,0.0,0.0,0.0,-0.0072748142586718245,-0.002354389806859203,-0.007274813419940074,-0.002354385472107978,-0.013828088582179987,0.017618103101137095,-0.013828085231196496,0.017618120501907697
44900000.0,0.0,0.0,0.0,0.0,-0.009549680925957205,-0.0066021658215706935,-0.009549678043725862,-0.006602168700380773,0.0,0.0,0.0,0.0,-0.007250231781853245,0.0023141736672300794,-0.007250228974385209,0.0023141707843041814,-0.008752419633623276,0.021101248082267432,-0.008752408371080378,0.021101236508423327
45200000.0,0.0,0.0,0.0,0.0,-0.011563209963881604,0.0001432216740262504,-0.011563213979840725,0.0001432211008882689,0.0,0.0,0.0,0.0,-0.004522543403297163,0.006071115755144518,-0.0045225473914456416,0.006071115222891166,-0.002754589144259967,0.023237950316293166,-0.002754605153427292,0.023237948210173442
45500000.0,0.0,0.0,0.0,0.0,-0.009303426623020528,0.0067758674504396765,-0.009303424765448653,0.006775871426572877,0.0,0.0,0.0,0.0,-0.00014373393325683992,0.007524880610521478,-0.00014373207068274496,0.007524884529825471,0.0038458625361812437,0.02374892516558802,0.0038458700505543675,0.023748940866340718
45800000.0,0.0,0.0,0.0,0.0,-0.0036492472872993176,0.010848337712761946,-0.0036492443627764715,0.01084833393002782,0.0,0.0,0.0,0.0,0.004232213247306049,0.0061656587815264174,0.004232216094621322,0.0061656550374564745,0.010627537518516306,0.022418146008703843,0.010627548865244307,0.02241813096320655
46100000.0,0.0,0.0,0.0,0.0,0.003273299314443534,0.010891969124283918,0.0032732945064850583,0.010891967782917789,0.0,0.0,0.0,0.0,0.006979396430224938,0.0025409830493003938,0.006979391708625826,0.0025409817940982293,0.017075149623352104,0.01913573811419056,0.01707513071391986,0.01913573319530215
46400000.0,0.0,0.0,0.0,0.0,0.008900664564933436,0.006949728169413305,0.008900664760631116,0.006949733077291853,0.0,0.0,0.0,0.0,0.007106501389230857,-0.0019692669748252456,0.007106501663088238,-0.0019692622020457407,0.02260701118186148,0.01394188671187635,0.02260701240670926,0.013941905738100502
46700000.0,0.0,0.0,0.0,0.0,0.011191821247450662,0.000533475928857996,0.011191825627676621,0.0005334746784981803,0.0,0.0,0.0,0.0,0.004611805689037851,-0.005683869923000628,0.004611809893020791,-0.005683871228836068,0.026622893969388883,0.007062177467602737,0.026622910629427565,0.007062172146977019
47000000.0,0.0,0.0,0.0,0.0,0.00937242595664145,-0.005966827627172933,0.009372424270623014,-0.005966831310818321,0.0,0.0,0.0,0.0,0.0004608067087872314,-0.007249406705618355,0.00046080500015932557,-0.007249410185302452,0.028568435506159062,-0.0010741700499465878,0.028568428659454526,-0.0010741837588135184
47300000.0,0.0,0.0,0.0,0.0,0.004188388809438948,-0.010184797893831643,0.004188385602049038,-0.01018479621410151,0.0,0.0,0.0,0.0,-0.0037927568530875533,-0.006130392605534496,-0.0037927598501710236,-0.006130390939212305,0.028009867583236314,-0.009840234738899056,0.02800985580852,-0.00984022817364405
47600000.0,0.0,0.0,0.0,0.0,-0.002409620367636478,-0.0106424621500949,-0.002409618774592559,-0.010642459048767705,0.0,0.0,0.0,0.0,-0.006590304923967949,-0.0027849854413162234,-0.006590303379425677,-0.00278498253670989,0.024709228291925456,-0.018446639595467218,0.02470923427376448,-0.018446628136800314
47900000.0,0.0,0.0,0.0,0.0,-0.008011058430071216,-0.007259522735886037,-0.008011055200562112,-0.007259524494166669,0.0,0.0,0.0,0.0,-0.006936204236936305,0.0015262367577761893,-0.006936201178234569,0.0015262350722977658,0.018688018050262656,-0.026006380741812052,0.018688030219507823,-0.02600638724086224
48200000.0,0.0,0.0,0.0,0.0,-0.010628020873191701,-0.0013374170623663417,-0.010628023179563684,-0.001337420325022265,0.0,0.0,0.0,0.0,-0.0047456557544265365,0.005216133594387884,-0.00474565798000981,0.005216130475567127,0.010267757617171469,-0.0316249019746877,0.010267748945146593,-0.031624914495616
48500000.0,0.0,0.0,0.0,0.0,-0.00939139865658234,0.004950060308061666,-0.009391401513887843,0.004950063401359728,0.0,0.0,0.0,0.0,-0.0008558116067831634,0.006951670182900216,-0.0008558143488954784,0.006951673204120823,7.738094817710817e-05,-0.03450655531127467,7.736985416784137e-05,-0.03450654340460346
48800000.0,0.0,0.0,0.0,0.0,-0.004823914576881805,0.009354567769193523,-0.00482391081499145,0.009354569626346176,0.0,0.0,0.0,0.0,0.0032937756572692933,0.006130039687860744,0.0032937793660110515,0.006130041454909474,-0.010978675970740426,-0.034064570720943266,-0.010978661245161447,-0.034064563505332046
49100000.0,0.0,0.0,0.0,0.0,0.0013844722217726257,0.010347560587213422,0.001384472605614917,0.010347556678297565,0.0,0.0,0.0,0.0,0.006190139627364033,0.0030842025373871707,0.006190139939121764,0.003084198659998094,-0.021792968132380963,-0.030019809012358678,-0.02179296676431619,-0.03001982447713658
49400000.0,0.0,0.0,0.0,0.0,0.006999684012903629,0.007638189336084622,0.006999680733002833,0.007638190527899269,0.0,0.0,0.0,0.0,0.0067941587116209234,-0.0010498966029715007,0.0067941554425843265,-0.0010498953479043394,-0.031163761366244103,-0.02247272333391237,-0.03116377443487295,-0.022472718395164293
49700000.0,0.0,0.0,0.0,0.0,0.010038090989432646,0.0022482223618922603,0.010038093388210712,0.002248224259695064,0.0,0.0,0.0,0.0,0.004911554233771653,-0.004753183312878662,0.004911556691880037,-0.004753181404481666,-0.03792907078939578,-0.011935331206267108,-0.03792906100845528,-0.011935323586676816
50000000.0,0.0,0.0,0.0,0.0,0.009457412940633958,-0.0038692515489842094,0.009457413011617177,-0.003869254410233225,0.0,0.0,0.0,0.0,0.0012560243321217968,-0.006678547662751555,0.0012560244352783911,-0.006678550579124476,-0.04111122110267473,0.0006851791427990861,-0.041111220737086285,0.0006851675207215635
50300000.0,0.0,0.0,0.0,0.0,0.005510212994266794,-0.008528763372396497,0.005510210543093308,-0.008528761645933969,0.0,0.0,0.0,0.0,-0.0028177292302800083,-0.006140632289671544,-0.002817731731603601,-0.00614063061682657,-0.040054212262951694,0.01415492165472898,-0.04005422220907917,0.014154928416509449
50600000.0,0.0,0.0,0.0,0.0,-0.0003580841474857266,-0.01008598492774837,-0.00035808110727941767,-0.010085983589029013,0.0,0.0,0.0,0.0,-0.005814041266724246,-0.0033620544623644832,-0.005814038302318636,-0.003362053073303173,-0.034534332193544515,0.02703019460886935,-0.0345343202727193,0.02703020006217116
50900000.0,0.0,0.0,0.0,0.0,-0.00603053892947969,-0.008017239000956522,-0.006030539016741443,-0.008017242611664699,0.0,0.0,0.0,0.0,-0.006646366121081826,0.0006145794081504619,-0.006646366150349081,0.0006145758982114558,-0.02482743660017661,0.037811611137932744,-0.024827436859915508,0.037811597071765846
51200000.0,0.0,0.0,0.0,0.0,-0.009477716306513173,-0.0031002213516728716,-0.009477719761292747,-0.003100219970043838,0.0,0.0,0.0,0.0,-0.005034176807789947,0.0043168185755746435,-0.0050341801393116725,0.004316819883719347,-0.011720563060634959,0.045119750187708973,-0.01172057635206869,0.04511975557257131
51500000.0,0.0,0.0,0.0,0.0,-0.009485279718361994,0.002871287671716516,-0.009485277492387922,0.002871290504209867,0.0,0.0,0.0,0.0,-0.001599178636212173,0.0063893314400971235,-0.0015991765064953256,0.006389334133629632,0.003539309234930954,0.04787174437899466,0.0035393178675775516,0.047871755055417964
51800000.0,0.0,0.0,0.0,0.0,-0.006087451512762243,0.007739174484665767,-0.006087449402521372,0.007739171950543522,0.0,0.0,0.0,0.0,0.0023737221041884027,0.006092996027931008,0.0023737240720222985,0.006092993616871212,0.019357895543528514,0.04543585092840985,0.019357903271789212,0.045435841244646724
52100000.0,0.0,0.0,0.0,0.0,-0.0005467417237738914,0.009764003527401144,-0.0005467441814701601,0.009764001936900968,0.0,0.0,0.0,0.0,0.0054189173362004794,0.0035703198228844713,0.005418915029011373,0.0035703183655435566,0.033958246925131164,0.03774309356329297,0.03395823773877282,0.03774308787576075
52400000.0,0.0,0.0,0.0,0.0,0.005113862041596917,0.0082524070634733,0.005113860654638813,0.00825240934011262,0.0,0.0,0.0,0.0,0.006433591234113578,-0.00021930469536002306,0.006433589958881214,-0.00021930258701274852,0.04558130277126082,0.02533829913730301,0.04558129776569331,0.025338307457403175
52700000.0,0.0,0.0,0.0,0.0,0.008853172151937372,0.00379812573093119,0.008853174405921038,0.003798127126373174,0.0,0.0,0.0,0.0,0.005078962950975097,-0.0038659943643892802,0.005078965028154414,-0.003865993050570893,0.052699617281106725,0.009358960864958021,0.05269962544580409,0.009358966097043009
53000000.0,0.0,0.0,0.0,0.0,0.009353305197429052,-0.0019495685055943568,0.009353306570552888,-0.0019495709957908502,0.0,0.0,0.0,0.0,0.0018924035659040328,-0.0060364823638110465,0.00189240488857223,-0.006036484681771981,0.054218181324550585,-0.008560725199476593,0.054218186661572076,-0.008560734340797183
53300000.0,0.0,0.0,0.0,0.0,0.006487604284970416,-0.0068998367977286534,0.006487601403804888,-0.006899837871984005,0.0,0.0,0.0,0.0,-0.0019261401079546658,-0.005963686364658827,-0.0019261428326728947,-0.005963687413739649,0.04963607047116625,-0.026454198459223477,0.049636059652954145,-0.026454202753331657
53600000.0,0.0,0.0,0.0,0.0,0.001347056130256874,-0.009285825129747849,0.0013470557387265103,-0.009285821961274365,0.0,0.0,0.0,0.0,-0.004968342895644184,-0.0037180694656484548,-0.004968343278839882,-0.0037180664302098876,0.03914548518660865,-0.042239307287314176,0.039145483539655856,-0.04223929516028946
53900000.0,0.0,0.0,0.0,0.0,-0.004177044929576823,-0.00829896458027335,-0.004177041858710595,-0.008298965156072313,0.0,0.0,0.0,0.0,-0.006139474676920997,-0.00016455154134220606,-0.006139471710469024,-0.0001645521161961483,0.02365141059900111,-0.0539636574763378,0.02365142249306018,-0.05396365968156047
54200000.0,0.0,0.0,0.0,0.0,-0.008093492206803887,-0.0043627184955816745,-0.008093493757293402,-0.004362720921736951,0.0,0.0,0.0,0.0,-0.005053543450124209,0.0033725972047911057,-0.0050535449969828505,0.003372594855456157,0.004703914986826874,-0.06004936081211909,0.00470390885519123,-0.060049370249377176
54500000.0,0.0,0.0,0.0,0.0,-0.009033330022020891,0.0010469913016777355,-0.009033331301502301,0.0010469934936523373,0.0,0.0,0.0,0.0,-0.0021580784837240685,0.005606380314169712,-0.0021580797095737125,0.005606382505177976,-0.01565375654812584,-0.05950564760847499,-0.015653761481054573,-0.05950563886523952
54800000.0,0.0,0.0,0.0,0.0,-0.006729757516396262,0.005959374092029179,-0.006729755269375914,0.005959373973979609,0.0,0.0,0.0,0.0,0.0014511048129079995,0.0057573145868801134,0.0014511070623299815,0.005757314436152683,-0.03510659795294657,-0.05208065984317756,-0.03510658895779528,-0.052080660442207716
55100000.0,0.0,0.0,0.0,0.0,-0.0020864085890295314,0.008632028862642471,-0.002086409993623306,0.008632027206104453,0.0,0.0,0.0,0.0,0.004448020511837569,0.003824041301363934,0.004448019094041911,0.003824039636874943,-0.05133495049077652,-0.03832996221954943,-0.051334956177733204,-0.03832996886282558
55400000.0,0.0,0.0,0.0,0.0,0.0031802162604677164,0.00817175278343285,0.0031802156758971023,0.00817175503313905,0.0,0.0,0.0,0.0,0.00576604252547952,0.0005607768291042703,0.005766041925376442,0.0005607790726287476,-0.06229572515357518,-0.019588261318482125,-0.06229572751016832,-0.019588252325661415
55700000.0,0.0,0.0,0.0,0.0,0.007181329148195914,0.004829522729615121,0.007181331632814647,0.004829522078608761,0.0,0.0,0.0,0.0,0.004976604890217118,-0.0028200059384602127,0.004976607350542395,-0.0028200065616275083,-0.06648247289152209,0.0021563704235347814,-0.0664824630588754,0.002156367861779529
56000000.0,0.0,0.0,0.0,0.0,0.008536832871719469,-0.0001266504134989077,0.008536831166495062,-0.00012665257030874955,0.0,0.0,0.0,0.0,0.0024228615928834074,-0.005100576547384605,0.0024228599323379285,-0.005100578663650879,-0.0631312060058491,0.024474108897514668,-0.0631312127210748,0.02447410048407761
56300000.0,0.0,0.0,0.0,0.0,0.006848679249294776,-0.0048986265866233225,0.006848677756629229,-0.004898624242230198,0.0,0.0,0.0,0.0,-0.000930032864033592,-0.005495772022150902,-0.0009300343042255577,-0.005495769744847223,-0.05234386578717931,0.044768477867712875,-0.052343871459576974,0.04476848702267944
56600000.0,0.0,0.0,0.0,0.0,0.002805445554216135,-0.007814338966106504,0.002805448073154082,-0.007814338176494573,0.0,0.0,0.0,0.0,-0.003861762693475157,-0.003918840376890387,-0.0038617602640513837,-0.003918839642267358,-0.03511047151796021,0.0605828391158596,-0.035110461806759474,0.06058284194941166
56900000.0,0.0,0.0,0.0,0.0,-0.0021018935328456223,-0.007911471221774491,-0.0021018932456229322,-0.007911473588698925,0.0,0.0,0.0,0.0,-0.0053403511371499235,-0.0009880902166656824,-0.005340350897320434,-0.0009880924742020625,-0.013223920651292076,0.0699013665884678,-0.013223919783897031,0.06990135762980998
57200000.0,0.0,0.0,0.0,0.0,-0.006133225679953114,-0.005246169003470413,-0.0061332277982870664,-0.00524616907590314,0.0,0.0,0.0,0.0,-0.0048818468855813535,0.0022166610585685476,-0.004881848881382211,0.0022166610185507807,0.010905964868598517,0.07140766074473959,0.010905957005014955,0.07140766063616866
57500000.0,0.0,0.0,0.0,0.0,-0.007914438533298096,-0.0008332285793812844,-0.007914438591257067,-0.0008332265968533648,0.0,0.0,0.0,0.0,-0.00270315606553595,0.0045513999702677665,-0.0027031561112167424,0.004551401823988499,0.034520046984994224,0.06466761915583419,0.03452004679225951,0.06466762644128465
57800000.0,0.0,0.0,0.0,0.0,-0.0068986419958392275,0.003742483085886761,-0.006898639957618968,0.003742483140527497,0.0,0.0,0.0,0.0,0.00037709498288052146,0.005213625807748201,0.00037709689704712446,0.005213625869949112,0.054828952162722544,0.050211642725699335,0.05482895971857715,0.05021164304422854
58100000.0,0.0,0.0,0.0,0.0,-0.00352318821341413,0.006893726120217991,-0.003523188335734062,0.0068937239083624036,0.0,0.0,0.0,0.0,0.0032456155567928135,0.00401448570749352,0.0032456154565636552,0.004014483605317309,0.06934654819731634,0.02950296314642742,0.06934654790392614,0.029502954794381253
58400000.0,0.0,0.0,0.0,0.0,0.0009764260171820638,0.007575998303693154,0.0009764237044436186,0.007575998854385091,0.0,0.0,0.0,0.0,0.004895126386990967,0.001426951996528203,0.004895124165820164,0.0014269525185213183,0.0761977262120368,0.004792081767298839,0.07619771732961311,0.004792083740838393
58700000.0,0.0,0.0,0.0,0.0,0.005017593435709955,0.005626472143774208,0.005017594586988139,0.005626474279850413,0.0,0.0,0.0,0.0,0.0047757659613125725,-0.0015996926050263482,0.004775767084197469,-0.0015996905401465256,0.0743621855160228,-0.021128642810730014,0.07436218991693977,-0.021128634512301403
59000000.0,0.0,0.0,0.0,0.0,0.00722350281905193,0.001790500014664076,0.007223504394922031,0.0017904982987104745,0.0,0.0,0.0,0.0,0.002975717773267661,-0.003987315351416498,0.002975719296351542,-0.003987317044291672,0.06382249756249081,-0.045243772914311364,0.06382250370860731,-0.04524377963286952
59300000.0,0.0,0.0,0.0,0.0,0.006887310787909939,-0.002561875163067384,0.006887308789991664,-0.0025618758480518977,0.0,0.0,0.0,0.0,0.00017240746593216727,-0.004911910736254299,0.00017240548295660574,-0.004911911382393441,0.04559504155783145,-0.06467037637386852,0.045595033643671457,-0.06467037900484485
59600000.0,0.0,0.0,0.0,0.0,0.004193428085237372,-0.005923113732457352,0.004193428419455358,-0.005923111908430201,0.0,0.0,0.0,0.0,-0.002622232299223981,-0.004086387297945748,-0.0026222319376714154,-0.004086385478700549,0.021636482645391197,-0.07700786854093877,0.021636484066050343,-0.07700786126572723
59900000.0,0.0,0.0,0.0,0.0,0.00012827590309427706,-0.007167511309205565,0.00012827707972462576,-0.007167512512069152,0.0,0.0,0.0,0.0,-0.0044269422477398734,-0.001846396246776294,-0.004426941064600953,-0.0018463974680074102,-0.00536651179686487,-0.08063932527268491,-0.0053665070736883536,-0.0806393301497792
60200000.0,0.0,0.0,0.0,0.0,-0.0038800835646313203,-0.005924877057125855,-0.003880085249029719,-0.00592487726537172,0.0,0.0,0.0,0.0,-0.004634909428986589,0.0009853942516144798,-0.004634911120945162,0.0009853940266850714,-0.032302266941684366,-0.0749456049396855,-0.03230227370893601,-0.07494560581282883
60500000.0,0.0,0.0,0.0,0.0,-0.0064625124573325365,-0.002685170863102826,-0.006462511635881185,-0.0026851691933060806,0.0,0.0,0.0,0.0,-0.003215582092153113,0.0034020750388847887,-0.0032155813006440326,0.003402076707281765,-0.0559984904408779,-0.060403137076477265,-0.05599848722797418,-0.060403130415465967
60800000.0,0.0,0.0,0.0,0.0,-0.006774301909636904,0.0013936138962407085,-0.006774300686565482,0.001393612251114007,0.0,0.0,0.0,0.0,-0.0007080853384238139,0.0045703585333427554,-0.0007080841229694101,0.004570356934742392,-0.07360245859190684,-0.038550706675927415,-0.07360245376532504,-0.03855071311878078
61100000.0,0.0,0.0,0.0,0.0,-0.004767691498130944,0.0048995441490475855,-0.004767693587041322,0.004899543602569167,0.0,0.0,0.0,0.0,0.001984321685299051,0.004116176110514402,0.0019843196595630275,0.0041161755735501515,-0.08293073046356625,-0.011826120783297256,-0.08293073859244515,-0.011826122868441757
61400000.0,0.0,0.0,0.0,0.0,-0.0011845995632739914,0.006654389026792273,-0.0011845994485142342,0.00665439116339428,0.0,0.0,0.0,0.0,0.003919988446654088,0.002240785278914359,0.003919988568220845,0.002240787336504013,-0.0827441693049451,0.016710022663531277,-0.0827441687461885,0.01671003087660239
61700000.0,0.0,0.0,0.0,0.0,0.0027184796780304055,0.006106346210181357,0.0027184815911880378,0.006106345636254673,0.0,0.0,0.0,0.0,0.004447082630328225,-0.0003670163488678213,0.004447084450397654,-0.00036701691882257137,-0.07291287891380449,0.043731025490217235,-0.07291287169223182,0.04373102315037869
62000000.0,0.0,0.0,0.0,0.0,0.005610740722069352,0.0034981716122004514,0.005610739954271082,0.0034981699980605185,0.0,0.0,0.0,0.0,0.0034202681229231757,-0.0027846492415903867,0.003420267375503272,-0.002784650754463769,-0.054449326974044254,0.06603870028299497,-0.05444932999076002,0.06603869432014164
62300000.0,0.0,0.0,0.0,0.0,0.006538213090877321,-0.00023792682312517854,0.0065382116818355485,-0.00023792605419714619,0.0,0.0,0.0,0.0,0.0012351032621111813,-0.004181660986674274,0.001235101954407014,-0.004181660254815256,-0.029403583456840465,0.0809481535068528,-0.029403588593957863,0.0809481564136263
62600000.0,0.0,0.0,0.0,0.0,0.00523401136190671,-0.0038137254112911023,0.005234012094561535,-0.003813724047056155,0.0,0.0,0.0,0.0,-0.001325028720600585,-0.00410291779932237,-0.001325028040163545,-0.004102916528346157,-0.000631890222386744,0.08661537060562097,-0.0006318875612763009,0.08661537561935972
62900000.0,0.0,0.0,0.0,0.0,0.002188834720513455,-0.0060274175864520885,0.002188836143552919,-0.006027418392370976,0.0,0.0,0.0,0.0,-0.0033700757442005624,-0.0026133125730112283,-0.0033700744007845174,-0.002613313317972654,0.028534378583835007,0.08226729090164753,0.028534383929688545,0.08226728800762118
63200000.0,0.0,0.0,0.0,0.0,-0.001533830603918318,-0.006164044644975775,-0.0015338316534823093,-0.006164046085878283,0.0,0.0,0.0,0.0,-0.00421151816345855,-0.00025942512743171164,-0.004211519149741605,-0.00025942650344745743,0.05468024781459491,0.06830571799302732,0.054680243953640684,0.0683057124696802
63500000.0,0.0,0.0,0.0,0.0,-0.004668405609727699,-0.004222111523311867,-0.004668406874365871,-0.004222110122647393,0.0,0.0,0.0,0.0,-0.003591279687363169,0.0021320464603249434,-0.0035912809027962567,0.002132047802767545,0.0747124023340291,0.046271527120637757,0.07471239742035607,0.04627153242947912
63800000.0,0.0,0.0,0.0,0.0,-0.006175190705071998,-0.0008962136532630893,-0.006175189002966874,-0.0008962128331830854,0.0,0.0,0.0,0.0,-0.00175626624830727,0.003744324852448244,-0.001756264594710899,0.003744325638109558,0.08622969497750432,0.018672480467323282,0.08622970156174148,0.01867248367117469
64100000.0,0.0,0.0,0.0,0.0,-0.005581866411695557,0.002671713748043203,-0.00558186625021051,0.0026717119759069874,0.0,0.0,0.0,0.0,0.0006408974590073058,0.004047187613764436,0.0006408975947778117,0.004047185878420123,0.08781427174833567,-0.011305881689011699,0.0878142723470603,-0.01130588862807258
64400000.0,0.0,0.0,0.0,0.0,-0.0031274084159420568,0.0052836601313757114,-0.0031274099098510533,0.0052836606781028195,0.0,0.0,0.0,0.0,0.0027745787160640134,0.0029672693428324237,0.0027745772475569197,0.002967269910364223,0.0792078119075228,-0.0401724874857976,0.07920780602236732,-0.040172485249996726
64700000.0,0.0,0.0,0.0,0.0,0.0003341790072539652,0.006085482925364261,0.0003341801008645007,0.006085483797150459,0.0,0.0,0.0,0.0,0.003928837403272212,0.0008990764247158722,0.00392883851530712,0.0008990772832788707,0.06135115491080967,-0.06454233169327495,0.061351159342457606,-0.06454232825168305
65000000.0,0.0,0.0,0.0,0.0,0.0036317709884485794,0.00484240698884264,0.003631771030903508,0.004842405680690831,0.0,0.0,0.0,0.0,0.0037337562041486194,-0.001440548982287737,0.003733756244741926,-0.0014405503058299018,0.03628128870824554,-0.081538848740216,0.03628128886657578,-0.08153885402190042
65300000.0,0.0,0.0,0.0,0.0,0.005672167796348049,0.002002331754560771,0.005672166670755985,0.002002332533059814,0.0,0.0,0.0,0.0,0.0022790413867568304,-0.003259933004201798,0.0022790402477355087,-0.0032599322354371907,0.00689659511353824,-0.08913856883490467,0.00689659058009795,-0.08913856573934709
65600000.0,0.0,0.0,0.0,0.0,0.005798946601963451,-0.0014676534593078827,0.005798947986633607,-0.0014676528404891087,0.0,0.0,0.0,0.0,7.258880085458941e-05,-0.003956775654572198,7.259016250316108e-05,-0.003956775022743386,-0.02338233584936944,-0.08641618473915003,-0.02338233037602322,-0.08641618225085779
65900000.0,0.0,0.0,0.0,0.0,0.003998258905468788,-0.00441078066658207,0.003998258869444271,-0.004410782320078965,0.0,0.0,0.0,0.0,-0.0021366570295811016,-0.0033125646900629135,-0.0021366570503644766,-0.0033125663075921352,-0.051016582351032014,-0.07365995475342402,-0.05101658248540275,-0.07365996123448326
66200000.0,0.0,0.0,0.0,0.0,0.000889323017361221,-0.005863089268245858,0.0008893214292982066,-0.005863088632700908,0.0,0.0,0.0,0.0,-0.003609714067486891,-0.0015568640992782434,-0.003609715608654085,-0.0015568634847724638,-0.07276937160716557,-0.05234214990954911,-0.07276937775212389,-0.05234214740210774
66500000.0,0.0,0.0,0.0,0.0,-0.0024900936437433074,-0.005363259668982323,-0.002490092613811612,-0.005363258363246359,0.0,0.0,0.0,0.0,-0.00385972783001165,0.0007151229189474861,-0.003859726832246224,0.0007151241696732313,-0.08609199670272005,-0.024947092507204616,-0.0860919926753212,-0.02494708755695285
66800000.0,0.0,0.0,0.0,0.0,-0.005027653743958638,-0.0030928084754862084,-0.005027652768973212,-0.0030928096536655403,0.0,0.0,0.0,0.0,-0.002808427079600051,0.0027417106094560495,-0.0028084261650747067,0.002741709478272014,-0.08942820732900003,0.0053228690754849595,-0.08942820373755467,0.005322864539692773
67100000.0,0.0,0.0,0.0,0.0,-0.005896510834972446,0.00019265319380679102,-0.0058965119811560385,0.00019265245678923293,0.0,0.0,0.0,0.0,-0.0008088469837019829,0.0038452614332555868,-0.000808848069823398,0.003845260756065727,-0.0823997879662528,0.034928329391419766,-0.08239979228529393,0.03492832674517388
67400000.0,0.0,0.0,0.0,0.0,-0.0048175306910636095,0.0034134937566676626,-0.00481753133642826,0.0034134948220838623,0.0,0.0,0.0,0.0,0.0014713869915823352,0.003654047690233142,0.0014713863995652332,0.0036540486859450994,-0.06585025174928916,0.0604144001068363,-0.06585025408136858,0.06041440403255649
67700000.0,0.0,0.0,0.0,0.0,-0.002144135074921394,0.005514929489862652,-0.002144134017186161,0.005514930142723529,0.0,0.0,0.0,0.0,0.003268553199589519,0.002225057246064921,0.0032685541839114762,0.0022250578581122227,-0.041741490845844,0.07882129311896335,-0.041741486986040854,0.07882129556499251
68000000.0,0.0,0.0,0.0,0.0,0.0012532932370135086,0.005804602168993256,0.0012532938821792072,0.005804600997549869,0.0,0.0,0.0,0.0,0.003973768008506795,2.825696471120409e-05,0.003973768626956087,2.8255865430537597e-05,-0.012916433768744184,0.08803400699741815,-0.01291643126355524,0.08803400266815231
68300000.0,0.0,0.0,0.0,0.0,0.0042654312523424665,0.004174632265559808,0.004265429892456041,0.004174631759141789,0.0,0.0,0.0,0.0,0.0033361981377950656,-0.0022041237459262675,0.0033361968429801436,-0.002204124237977112,0.017242785707509256,0.08702885651941017,0.017242780572622962,0.08702885449824294
68600000.0,0.0,0.0,0.0,0.0,0.0058980554744749725,0.001140002923492034,0.0058980552908209916,0.0011400044247835694,0.0,0.0,0.0,0.0,0.0015520139579265901,-0.003716874713660445,0.0015520137803335388,-0.0037168732669812243,0.04521888768079663,0.07598772220113403,0.045218886909736966,0.07598772797415165
68900000.0,0.0,0.0,0.0,0.0,0.005593019002901656,-0.002319526470401456,0.005593020463322773,-0.002319526747641021,0.0,0.0,0.0,0.0,-0.000792520198487523,-0.00398365308869586,-0.0007925187795336797,-0.003983653366745443,0.06777642011731899,0.056267415638714624,0.06777642579847054,0.05626741457540163
69200000.0,0.0,0.0,0.0,0.0,0.0034159760855629884,-0.005067587474826496,0.0034159753417668526,-0.005067588632115871,0.0,0.0,0.0,0.0,-0.0029091435800125964,-0.0028889099890534453,-0.002909144323623991,-0.0028889111156331637,0.08234124434574852,0.030229330678579913,0.08234124139856647,0.030229326154412206
69500000.0,0.0,0.0,0.0,0.0,4.915939823746385e-05,-0.006176340126899049,4.915878890443537e-05,-0.006176339073405757,0.0,0.0,0.0,0.0,-0.004068585554925619,-0.0007773078702513203,-0.004068586143596065,-0.000777306814768508,0.08729752363786503,0.0009516049488951239,0.08729752126618706,0.0009516091603956056
69800000.0,0.0,0.0,0.0,0.0,-0.003414350915786457,-0.005235050503841876,-0.003414349833054331,-0.0052350505671796554,0.0,0.0,0.0,0.0,-0.0038496244989509876,0.0016504055677444285,-0.003849623411507963,0.001650405493364815,0.08216798496040667,-0.028140503264651784,0.08216798930640934,-0.028140503558162777
70100000.0,0.0,0.0,0.0,0.0,-0.005816674917660691,-0.0025015912210761826,-0.005816675604311428,-0.002501592019967802,0.0,0.0,0.0,0.0,-0.002291960869886367,0.003565584474230832,-0.002291961558213984,0.00356558366765114,0.06765732386268652,-0.053681106208898655,0.06765732109979794,-0.05368110942801252
70400000.0,0.0,0.0,0.0,0.0,-0.0063159558586143305,0.0011588457151816556,-0.006315956137914469,0.001158846815442871,0.0,0.0,0.0,0.0,0.00010259096807274659,0.004291427919426383,0.00010259067667206523,0.00429142901256796,0.045555427279470706,-0.07275811122401876,0.04555542613749353,-0.07275810684255646
70700000.0,0.0,0.0,0.0,0.0,-0.004679423901865931,0.004538079488384028,-0.0046794226849584675,0.004538079164746023,0.0,0.0,0.0,0.0,0.002527108935296951,0.003540996784195727,0.00252711013678919,0.0035409964775681146,0.01851389084112398,-0.08324920287124371,0.018513895647586764,-0.08324920413008385
71000000.0,0.0,0.0,0.0,0.0,-0.0013875864665955362,0.0064758544769745185,-0.0013875873095869906,0.006475853419047439,0.0,0.0,0.0,0.0,0.004137536714114987,0.0015302586500638427,0.004137535897104527,0.0015302576133393586,-0.010276367625078109,-0.08406045664415274,-0.01027637092701994,-0.08406046076828488
71300000.0,0.0,0.0,0.0,0.0,0.002495728144428,0.006254386881039409,0.0024957274110022354,0.006254388041881498,0.0,0.0,0.0,0.0,0.004344266254626916,-0.0010780847546669747,0.004344265547405968,-0.0010780836310289033,-0.03746694079725188,-0.07524027478382322,-0.037466943583236656,-0.0752402702678836
71600000.0,0.0,0.0,0.0,0.0,0.005657696948102142,0.0038641481152552615,0.005657698200259631,0.003864148503410547,0.0,0.0,0.0,0.0,0.003027645449989791,-0.0033882700083864847,0.003027646651666771,-0.0033882696468623408,-0.05994698011740951,-0.057956827854582116,-0.0599469753092059,-0.05795682646436262
71900000.0,0.0,0.0,0.0,0.0,0.006974432429839084,4.275599184211387e-05,0.006974432570405753,4.275481180116003e-05,0.0,0.0,0.0,0.0,0.0005988685157696239,-0.004575850463396591,0.0005988686327818016,-0.004575851582515611,-0.07520451084871738,-0.034343471021017535,-0.07520451043104615,-0.034343475471928286
72200000.0,0.0,0.0,0.0,0.0,0.005909336584394964,-0.003940963197607061,0.005909335525402071,-0.0039409632314431065,0.0,0.0,0.0,0.0,-0.002122635096544201,-0.004180805596845971,-0.0021226360878223716,-0.004180805613472671,-0.08161129215388385,-0.007232116124711752,-0.08161129607061923,-0.007232116164573199
72500000.0,0.0,0.0,0.0,0.0,0.0027315920454960008,-0.006700284764704634,0.0027315920197992227,-0.006700283772858029,0.0,0.0,0.0,0.0,-0.0041815032817673625,-0.0022857381800633902,-0.004181503300259237,-0.002285737257111009,-0.07859806657343427,0.02019183315726991,-0.07859806665418745,0.020191836792065487
72800000.0,0.0,0.0,0.0,0.0,-0.0015340187542811634,-0.007210734005880681,-0.0015340177309326464,-0.007210733981835915,0.0,0.0,0.0,0.0,-0.004819873059698665,0.0004899134286517892,-0.004819872102412859,0.0004899134561497931,-0.06670094693640038,0.04477030484186173,-0.06670094316037378,0.04477030498703982
73100000.0,0.0,0.0,0.0,0.0,-0.0054274449152131865,-0.005192426982340237,-0.0054274449795990165,-0.005192428095725177,0.0,0.0,0.0,0.0,-0.00375636965892312,0.003187316545648855,-0.0037563697118763173,0.0031873154911963297,-0.04747551793957783,0.0637427305672702,-0.04747551809839479,0.0637427263837651
73400000.0,0.0,0.0,0.0,0.0,-0.007549159747568979,-0.0012511217561481658,-0.007549160915029773,-0.001251121477693573,0.0,0.0,0.0,0.0,-0.0013078051005450675,0.004836685578723632,-0.0013078062185591932,0.004836685841979715,-0.02329155502859237,0.07506105169290578,-0.023291559489944547,0.07506105269359864
73700000.0,0.0,0.0,0.0,0.0,-0.007065292382819166,0.003290405819029729,-0.007065291801403362,0.0032904069001489233,0.0,0.0,0.0,0.0,0.0016984286137713411,0.004805274457780229,0.0016984291786386052,0.004805275500970652,0.0029642618307477164,0.0776127410484122,0.0029642640565441525,0.0776127452291604
74000000.0,0.0,0.0,0.0,0.0,-0.004038618394680782,0.0068312125066967155,-0.004038617593067784,0.006831211637404522,0.0,0.0,0.0,0.0,0.0042002621282506425,0.003040103577390596,0.004200262899665574,0.0030401027219681964,0.028239550139240066,0.07132706571864844,0.02823955324610239,0.07132706231473662
74300000.0,0.0,0.0,0.0,0.0,0.0005482327767154516,0.008058269690465636,0.0005482317617975241,0.008058269338690138,0.0,0.0,0.0,0.0,0.005274444300482628,0.00011224873945536729,0.005274443294602804,0.00011224841101409311,0.049677430003193024,0.05715491820069474,0.04967742598339697,0.05715491686690655
74600000.0,0.0,0.0,0.0,0.0,0.005105667186114715,0.006438158577211084,0.00510566735204776,0.006438159506615193,0.0,0.0,0.0,0.0,0.00447679284026492,-0.0029629061534421908,0.004476793023577841,-0.002962905227335,0.06494407261797619,0.03692846062247668,0.06494407334276531,0.03692846432807073
74900000.0,0.0,0.0,0.0,0.0,0.007989243514550992,0.0024469178978563377,0.007989244116060945,0.002446917286491157,0.0,0.0,0.0,0.0,0.0020240761378857997,-0.005074772487787982,0.002024076742308978,-0.005074773110521846,0.07248442422130807,0.013121071927102435,0.07248442663327381,0.013121069433026378
75200000.0,0.0,0.0,0.0,0.0,0.008097441939781902,-0.0025612830168171286,0.008097441081595491,-0.002561283123384328,0.0,0.0,0.0,0.0,-0.001255992242420234,-0.0054171082346101684,-0.0012559931086002507,-0.005417108349575983,0.07167781945082652,-0.011460287600357333,0.07167781598074185,-0.011460288045142875
75500000.0,0.0,0.0,0.0,0.0,0.0052944340281086966,-0.006813987256848009,0.0052944344515495345,-0.0068139864049072685,0.0,0.0,0.0,0.0,-0.004199375209211098,-0.0037951585184430314,-0.0041993748020701105,-0.003795157662409565,0.06287872298002384,-0.03401115619057293,0.06287872463665423,-0.03401115276483324
75800000.0,0.0,0.0,0.0,0.0,0.000494155617531078,-0.008750842491409117,0.0004941562412810185,-0.008750843341445602,0.0,0.0,0.0,0.0,-0.005715878913640893,-0.0007242051362652546,-0.0057158782884840775,-0.0007242059616174856,0.04734210892431179,-0.05205347005011163,0.04734211141356326,-0.052053473379331194
76100000.0,0.0,0.0,0.0,0.0,-0.004636550059650801,-0.007597506960991041,-0.004636551141729228,-0.0075975072357579165,0.0,0.0,0.0,0.0,-0.005192101373999947,0.002726917347317226,-0.005192102423627887,0.002726917072067181,0.02704650108788087,-0.06370951693239135,0.02704649687650118,-0.06370951800887781
76400000.0,0.0,0.0,0.0,0.0,-0.008257821001670607,-0.00367117759040525,-0.008257820932399795,-0.0036711764818448955,0.0,0.0,0.0,0.0,-0.002739173399106676,0.005303435347912,-0.002739173333267786,0.005303436416198792,0.00443961794069736,-0.06789561032832125,0.0044396182363044545,-0.06789560606060263
76700000.0,0.0,0.0,0.0,0.0,-0.009016226767762703,0.0017002253924971455,-0.009016225773336828,0.0017002250819615483,0.0,0.0,0.0,0.0,0.000814427516139915,0.006019498162146419,0.0008144284626752096,0.006019497863277934,-0.017860500004971414,-0.06441619982791735,-0.017860496242029456,-0.0644162010556073
77000000.0,0.0,0.0,0.0,0.0,-0.006547818685483264,0.006625723557519336,-0.006547819098763341,0.006625722717885196,0.0,0.0,0.0,0.0,0.004196671433746246,0.004536591415813973,0.004196671039665034,0.004536590628873682,-0.03737234711256576,-0.05395135156378217,-0.0373723486985682,-0.0539513546777215
77300000.0,0.0,0.0,0.0,0.0,-0.0016402164401441155,0.009314644822595142,-0.001640217172777625,0.009314645237864738,0.0,0.0,0.0,0.0,0.006145436117812153,0.001319791525716596,0.006145435436224034,0.0013197919137581948,-0.05202953214362083,-0.037943270287740916,-0.052029534828918145,-0.03794326875500076
77600000.0,0.0,0.0,0.0,0.0,0.004013747746562046,0.00872452263421053,0.004013748143712803,0.008724523344127988,0.0,0.0,0.0,0.0,0.005881254250301282,-0.002499683499792127,0.005881254611953324,-0.0024996828361736334,-0.06039968124670381,-0.01839934234874363,-0.06039967984038341,-0.018399339724496144
77900000.0,0.0,0.0,0.0,0.0,0.008395500106857412,0.00496170004311125,0.008395500848674686,0.004961699606653269,0.0,0.0,0.0,0.0,0.003421255113234878,-0.005519913273531074,0.0034212558172370677,-0.005519913668152299,-0.06182058664420609,0.0023618620566168147,-0.0618205838410546,0.0023618605264630332
78200000.0,0.0,0.0,0.0,0.0,0.009877615719315003,-0.0007170894286616658,0.009877615154390895,-0.0007170901816806463,0.0,0.0,0.0,0.0,-0.0003937661744828347,-0.006584708840165376,-0.0003937666956019825,-0.006584709563398405,-0.056441056223761166,0.021989452650402086,-0.05644105826415924,0.02198944974551864
78500000.0,0.0,0.0,0.0,0.0,0.007826192443879165,-0.006317753783264379,0.007826191781720837,-0.006317753032604401,0.0,0.0,0.0,0.0,-0.004183701547809449,-0.005229455706967201,-0.004183702188097271,-0.005229454996111826,-0.045165803060573495,0.038370039759044516,-0.0451658056536246,0.03837004256619991
78800000.0,0.0,0.0,0.0,0.0,0.002867121100912584,-0.00980439558549051,0.0028671220128160257,-0.009804395157161139,0.0,0.0,0.0,0.0,-0.006529950738041634,-0.0018822896057173466,-0.006529949861775464,-0.0018822891910588169,-0.02951516083831507,0.04985708118532273,-0.02951515734858745,0.04985708288110402
79100000.0,0.0,0.0,0.0,0.0,-0.00329426665583199,-0.009837500745035754,-0.0032942665763258105,-0.009837501697688822,0.0,0.0,0.0,0.0,-0.006509535712034165,0.002266379589315193,-0.006509535641257003,0.0022663786671728303,-0.011420272363327655,0.055434415170097395,-0.011420272046141378,0.055434411481670054
79400000.0,0.0,0.0,0.0,0.0,-0.008453762145935073,-0.006288104590964849,-0.00845376295235667,-0.006288104291783725,0.0,0.0,0.0,0.0,-0.004059403554967034,0.005688045591725199,-0.004059404337382944,0.005688045896036442,0.0070186320492791054,0.054797884541358144,0.007018628912105029,0.054797885733009366
79700000.0,0.0,0.0,0.0,0.0,-0.01069425395410839,-0.00033054758210937507,-0.01069425335984775,-0.000330547104297807,0.0,0.0,0.0,0.0,-2.6506694121408714e-05,0.00708166514895936,-2.6506098237177866e-05,0.00708166560902157,0.023780233079341073,0.04834966014969666,0.023780235448908726,0.048349661989959714
80000000.0,0.0,0.0,0.0,0.0,-0.009098005563346945,0.005938087389736779,-0.009098005528500153,0.005938086677986121,0.0,0.0,0.0,0.0,0.004124494288191727,0.005869818776389479,0.004124494311644966,0.005869818065505683,0.03714637558638323,0.03711071782230135,0.03714637567149026,0.03711071499078855
80300000.0,0.0,0.0,0.0,0.0,-0.004120706225810622,0.010232101704929164,-0.004120706842051902,0.010232102111629615,0.0,0.0,0.0,0.0,0.006844516003425838,0.0024358362736052186,0.006844515390625361,0.0024358366861179093,0.04587711832479613,0.022566965938850103,0.04587711588707677,0.022566967603012245
80600000.0,0.0,0.0,0.0,0.0,0.002524326464795834,0.010909704809975551,0.0025243272006560957,0.010909705156379346,0.0,0.0,0.0,0.0,0.0070794126597473195,-0.0019942978432681002,0.007079413393594969,-0.0019942974999196394,0.04931898302152238,0.006471648908672023,0.049318985973510365,0.006471650249821437
80900000.0,0.0,0.0,0.0,0.0,0.008449501295235251,0.007601538819884013,0.008449501291242001,0.007601537934746716,0.0,0.0,0.0,0.0,0.004678449301824372,-0.0057899131797398695,0.004678449293865405,-0.005789914053238476,0.04743793810056918,-0.009369583740721055,0.04743793802637253,-0.009369587247277877
81200000.0,0.0,0.0,0.0,0.0,0.011448414072441793,0.0013949358237823617,0.011448413219245168,0.0013949361500920077,0.0,0.0,0.0,0.0,0.00047386721742359583,-0.007516913213606813,0.0004738663833387946,-0.007516912883701821,0.040778507399906516,-0.023303950305319177,0.04077850406585437,-0.023303948943606656
81500000.0,0.0,0.0,0.0,0.0,0.01031897436397955,-0.005513295877491942,0.010318974903979594,-0.005513295174864652,0.0,0.0,0.0,0.0,-0.004006755363726633,-0.006480355913964786,-0.004006754822953873,-0.006480355234828039,0.03035963145278764,-0.0340034883544007,0.030359633646349415,-0.034003485662793764
81800000.0,0.0,0.0,0.0,0.0,0.005347388087098892,-0.010590316162605973,0.005347388611768089,-0.010590316784288234,0.0,0.0,0.0,0.0,-0.007096373002851486,-0.0030027076334420144,-0.007096372503078818,-0.003002708249312036,0.017524592410798512,-0.040586092486833536,0.01752459436573517,-0.040586094964169206
82100000.0,0.0,0.0,0.0,0.0,-0.0017429278820948468,-0.011897904456915853,-0.001742928487548312,-0.011897904855871388,0.0,0.0,0.0,0.0,-0.0076097728218220695,0.0016734525032831016,-0.007609773413954635,0.0016734521326640106,0.0037665183720116957,-0.04267546021044666,0.0037665160055500024,-0.0426754616511289
82400000.0,0.0,0.0,0.0,0.0,-0.008383056082582385,-0.008838354731778963,-0.008383056434228209,-0.008838354170435991,0.0,0.0,0.0,0.0,-0.005297816449312265,0.005830145056833658,-0.0052978167741351,0.005830145601038339,-0.009447693859431894,-0.04039820261093041,-0.009447695128587341,-0.04039820045693432
82700000.0,0.0,0.0,0.0,0.0,-0.012092152454227012,-0.0024252350785616272,-0.012092151896811565,-0.002425234719410696,0.0,0.0,0.0,0.0,-0.000960387974727972,0.007905995284843925,-0.0009603874358443676,0.007905995620419048,-0.020834178779280066,-0.03432424726939587,-0.020834176659763948,-0.034324245936730335
83000000.0,0.0,0.0,0.0,0.0,-0.011412689386240515,0.005045063795861893,-0.011412689026755629,0.005045063174620168,0.0,0.0,0.0,0.0,0.00383052590248667,0.007081943504616106,0.0038305262437727805,0.007081942901351113,-0.02941297304118784,-0.02536288554415478,-0.029412971672631016,-0.02536288792290975
83300000.0,0.0,0.0,0.0,0.0,-0.006489365872180741,0.010819646790466209,-0.0064893665996361705,0.010819646502710611,0.0,0.0,0.0,0.0,0.0073005385153503966,0.0036011706966263546,0.007300537803185847,0.003601170422982136,-0.03458219752246272,-0.014631162214953974,-0.03458220034870685,-0.014631163322590623
83600000.0,0.0,0.0,0.0,0.0,0.000943447253348495,0.012713425159986969,0.00094344713895822,0.012713425967760372,0.0,0.0,0.0,0.0,0.008128088250900944,-0.0012996016551056755,0.008128088149570445,-0.0012996008577204066,-0.03614161153951834,-0.0033130773887108944,-0.03614161196332333,-0.0033130742045557326
83900000.0,0.0,0.0,0.0,0.0,0.0081779870508214,0.009943161125065103,0.008177987839763645,0.009943160987219812,0.0,0.0,0.0,0.0,0.005944399057092653,-0.00582789412479201,0.005944399842432446,-0.00582789427609498,-0.034268204545099934,0.007472592821684998,-0.03426820140452236,0.007472592234279318
84200000.0,0.0,0.0,0.0,0.0,0.012529595816372918,0.0034472278804145162,0.012529595420309292,0.0034472272541705706,0.0,0.0,0.0,0.0,0.0014917813934154367,-0.008287487513925385,0.0014917809836383356,-0.00828748814116409,-0.02945233106352063,0.01678091701313633,-0.029452332697349703,0.016780914505915234
84500000.0,0.0,0.0,0.0,0.0,0.012338803229146933,-0.0044379062054957785,0.012338802901540546,-0.004437905637672657,0.0,0.0,0.0,0.0,-0.003624424882207933,-0.007709906790765331,-0.0036244252138839528,-0.007709906207281847,-0.022406973457353985,0.023915640766503543,-0.022406974776160382,0.023915643108750828
84800000.0,0.0,0.0,0.0,0.0,0.007600593020217872,-0.01082684384937238,0.007600593604745853,-0.010826843893553928,0.0,0.0,0.0,0.0,-0.007509133110808364,-0.004233657599996832,-0.007509132508914718,-0.004233657637243482,-0.013964729030551126,0.028465384946969152,-0.013964726605445676,0.028465384785235415
85100000.0,0.0,0.0,0.0,0.0,-1.4797080183370781e-05,-0.013344098579679553,-1.4797472001504275e-05,-0.01334409900725575,0.0,0.0,0.0,0.0,-0.008675123981912947,0.0009152906384031212,-0.008675124362884645,0.000915290189851703,-0.004977246431256077,0.030302079201945276,-0.004977247972778542,0.03030207740120261
85400000.0,0.0,0.0,0.0,0.0,-0.007756630769826245,-0.011002068716933877,-0.007756630907721274,-0.01100206809366,0.0,0.0,0.0,0.0,-0.006611914350767023,0.005848354884278706,-0.006611914512909323,0.005848355492886981,0.003770441846153716,0.029547745034122386,0.0037704412049031077,0.029547747487981724
85700000.0,0.0,0.0,0.0,0.0,-0.012786638479937551,-0.004578621829921303,-0.012786637790494382,-0.0045786220295411795,0.0,0.0,0.0,0.0,-0.0020092824235646844,0.008702478232692101,-0.0020092817536472296,0.00870247806010127,0.011622089308879424,0.02651920055890855,0.011622092010085794,0.026519199853183295
86000000.0,0.0,0.0,0.0,0.0,-0.013212679848788156,0.003642499088911677,-0.013212680340373595,0.0036424984885030653,0.0,0.0,0.0,0.0,0.003463276917209157,0.00834456294164454,0.0034632764567881225,0.008344562363916452,0.01808472860573218,0.021662179437626605,0.018084726748369917,0.021662177112034442
86300000.0,0.0,0.0,0.0,0.0,-0.008793002212680534,0.010679305566810626,-0.008793002629518654,0.010679306240362507,0.0,0.0,0.0,0.0,0.007757549119425278,0.004825825660063288,0.00775754872600487,0.004825826294919011,0.022836328938906192,0.015486444859590165,0.0228363273646206,0.015486447408477488
86600000.0,0.0,0.0,0.0,0.0,-0.0010552439623428,0.013925199896334561,-0.0010552432352959329,0.01392520011627596,0.0,0.0,0.0,0.0,0.009215138630743525,-0.0005992609182925435,0.009215139311736564,-0.0005992607201932287,0.02571175386030866,0.00851125700866362,0.025711756581312528,0.008511257794367566
86900000.0,0.0,0.0,0.0,0.0,0.007223628546215721,0.012109000172983997,0.007223628624617007,0.012108999483885441,0.0,0.0,0.0,0.0,0.0072140324017251345,-0.005915753156813253,0.007214032460133524,-0.005915753792677947,0.026674823251484625,0.0012272228865413126,0.026674823485413057,0.00122722036260825
87200000.0,0.0,0.0,0.0,0.0,0.01300535674559633,0.005792433032752342,0.01300535612308984,0.005792433019195187,0.0,0.0,0.0,0.0,0.0024369932481800305,-0.009099290039813468,0.0024369926835863254,-0.00909929004033927,0.02578561951324687,-0.005923395704641621,0.025785617288430984,-0.005923395721566749
87500000.0,0.0,0.0,0.0,0.0,0.014101693993504583,-0.0027900177537389936,0.014101693986773967,-0.0027900171661912054,0.0,0.0,0.0,0.0,-0.0033565307638987463,-0.008893511433768708,-0.0033565307659948473,-0.008893510907341806,0.023171584448036242,-0.012550088355226308,0.023171584410325963,-0.01255008628842802
87800000.0,0.0,0.0,0.0,0.0,0.010005397459369902,-0.010512715318597543,0.010005398066360804,-0.010512715315286414,0.0,0.0,0.0,0.0,-0.007981275846600688,-0.005310931018726706,-0.00798127530231696,-0.005310931012658671,0.019008571348294367,-0.01830662550035811,0.01900857349878038,-0.018306625424358458
88100000.0,0.0,0.0,0.0,0.0,0.002123102956562928,-0.014494783006398393,0.0021231029065016394,-0.014494783666378908,0.0,0.0,0.0,0.0,-0.009656681023710867,0.0003454375320188774,-0.00965668106359896,0.0003454369331024054,0.013514757046123815,-0.02287999976458366,0.013514756952473395,-0.022880002150614587
88400000.0,0.0,0.0,0.0,0.0,-0.006698229791570642,-0.013179015749656742,-0.0066982304825914385,-0.013179015572816866,0.0,0.0,0.0,0.0,-0.007697483269969996,0.005958286483974007,-0.007697483905766078,0.00595828664479825,0.006956511385707076,-0.025983410782018268,0.006956508836587383,-0.025983410210855595
88700000.0,0.0,0.0,0.0,0.0,-0.013197681391839744,-0.006946689369286219,-0.013197681036808184,-0.0069466887271545374,0.0,0.0,0.0,0.0,-0.0027940392958192284,0.00939391409102086,-0.002794038962035561,0.009393914684977744,-0.0003381756556581905,-0.027359471128889368,-0.0003381743826054162,-0.02735946873453088
89000000.0,0.0,0.0,0.0,0.0,-0.014910218371073647,0.0019783265530008975,-0.014910217889513966,0.0019783260263892544,0.0,0.0,0.0,0.0,0.003231837081397515,0.00931808271998591,0.0032318375199240634,0.009318082220346469,-0.00796561384268113,-0.026797074563646106,-0.007965612058034921,-0.0267970765168144
89300000.0,0.0,0.0,0.0,0.0,-0.011108249927636926,0.010320664951194658,-0.01110825054432052,0.010320664730002704,0.0,0.0,0.0,0.0,0.008107962499176224,0.00571592097620055,0.008107961912688921,0.005715920792724205,-0.015439738922227164,-0.024161652062616668,-0.015439741235230287,-0.024161652832361824
89600000.0,0.0,0.0,0.0,0.0,-0.0031117193679914834,0.014959076973269703,-0.003111719286659209,0.01495907754600978,0.0,0.0,0.0,0.0,0.009973143812969099,-8.703117089225998e-05,0.009973143925574135,-8.703062749759738e-05,-0.022200140511984046,-0.019434628341315374,-0.022200140096241938,-0.01943462620374703
89900000.0,0.0,0.0,0.0,0.0,0.006165851576970027,0.014100746737753411,0.006165851965176827,0.014100746394021257,0.0,0.0,0.0,0.0,0.00809050067325856,-0.005915870890248698,0.008090501031819741,-0.005915871256050309,-0.027639811736529296,-0.012754730395073466,-0.027639810340280846,-0.01275473183630993
90200000.0,0.0,0.0,0.0,0.0,0.013281009236528973,0.007979733041793224,0.013281008741667932,0.007979732936661321,0.0,0.0,0.0,0.0,0.0031380824183742106,-0.009566265813759856,0.003138081909492385,-0.009566265888778958,-0.031154133614814228,-0.004451544648560457,-0.031154135625779844,-0.004451544909031213
90500000.0,0.0,0.0,0.0,0.0,0.015544794419735553,-0.001194673063253049,0.01554479461984215,-0.0011946725638267708,0.0,0.0,0.0,0.0,-0.003038044341966639,-0.00964200248856173,-0.0030380441136586,-0.009642001983351633,-0.032208003406932306,0.004938757805987848,-0.03220800244804778,0.004938759796914383
90800000.0,0.0,0.0,0.0,0.0,0.012046678738105498,-0.010035815941549231,0.012046679112462044,-0.010035816389333263,0.0,0.0,0.0,0.0,-0.008117223740008228,-0.0060896274526953675,-0.008117223365850634,-0.006089627924993124,-0.0304136812820488,0.0146839014175697,-0.030413679831909235,0.014683899481639173
91100000.0,0.0,0.0,0.0,0.0,0.004024617746665626,-0.015236560508341768,0.004024617160759192,-0.01523656068562218,0.0,0.0,0.0,0.0,-0.010180761373060676,-0.0002245017134328009,-0.010180761977593988,-0.00022450188527045611,-0.025608473356054873,0.023897415577224024,-0.02560847581386838,0.02389741494918951
91400000.0,0.0,0.0,0.0,0.0,-0.0055721670050985495,-0.014816434467363138,-0.005572166987814597,-0.014816433860943334,0.0,0.0,0.0,0.0,-0.008437350390540388,0.005762083359599046,-0.008437350363379892,0.005762083978424926,-0.01791905775750635,0.03161249642167263,-0.017919057584386167,0.0316124989187756
91700000.0,0.0,0.0,0.0,0.0,-0.013175373982452498,-0.008883295026762994,-0.013175373437047,-0.008883295179472839,0.0,0.0,0.0,0.0,-0.0035222581527492025,0.009626131740702704,-0.0035222576021034513,0.009626131577093133,-0.007799290966133299,0.03688267055078143,-0.007799288759105849,0.03688266982973687
92000000.0,0.0,0.0,0.0,0.0,-0.015936866461917276,0.0003891124726180806,-0.01593686666916838,0.00038911201396274464,0.0,0.0,0.0,0.0,0.0027401565375519965,0.009911877352578813,0.0027401563182785083,0.009911876892857663,0.0039693351063689875,0.03889893366817887,0.0039693341717246255,0.03889893183978188
92300000.0,0.0,0.0,0.0,0.0,-0.012804450448353322,0.00956752317229359,-0.012804450848246773,0.009567523377214115,0.0,0.0,0.0,0.0,0.008017301700668611,0.006495299499562179,0.008017301302889024,0.006495299715766123,0.016321267547269258,0.03710877283077707,0.01632126596908634,0.03710877373671906
92600000.0,0.0,0.0,0.0,0.0,-0.004920847923198579,0.015244615419959473,-0.004920847732449829,0.015244615809677953,0.0,0.0,0.0,0.0,0.01033563433772855,0.0006309934787651628,0.01033563454019415,0.0006309938680146843,0.02799519166311626,0.03131992944244644,0.02799519249382243,0.03131993098314467
92900000.0,0.0,0.0,0.0,0.0,0.0048054081097852475,0.015312323401900585,0.004805408522805976,0.015312323189647259,0.0,0.0,0.0,0.0,0.008813164100676119,-0.005510715437026192,0.008813164515053984,-0.005510715658800791,0.03766098173788279,0.021771865421797543,0.037660983384739666,0.021771864518029815
93200000.0,0.0,0.0,0.0,0.0,0.01278772366965164,0.00974051062159731,0.012787723382679417,0.00974051019663591,0.0,0.0,0.0,0.0,0.003989779562720841,-0.009643909584823973,0.0039897792663516896,-0.009643910011448042,0.044072797078907655,0.009160519404559864,0.044072795874217974,0.009160517693871384
93500000.0,0.0,0.0,0.0,0.0,0.01609021452081727,0.0005759649363454855,0.016090214143778425,0.0005759653319188374,0.0,0.0,0.0,0.0,-0.0023642718334198065,-0.0102120629406528,-0.002364272211417884,-0.010212062532573896,0.04623047929497126,-0.005392991345544829,0.046230477763458566,-0.005392989686995975
93800000.0,0.0,0.0,0.0,0.0,0.01350054642363041,-0.008822984563991554,0.013500546913999045,-0.008822984319778016,0.0,0.0,0.0,0.0,-0.00789361756975282,-0.006970266538630199,-0.007893617060867442,-0.006970266293151894,0.043528269395492813,-0.020432072765913745,0.04352827145966032,-0.020432071760495774
94100000.0,0.0,0.0,0.0,0.0,0.005960351543677689,-0.01501996950688067,0.005960351585379442,-0.015019970020404116,0.0,0.0,0.0,0.0,-0.010525169506234278,-0.001089992893582803,-0.010525169461910622,-0.001089993431151015,0.035869409552764964,-0.03430720810676746,0.03586940974296304,-0.03430721029307904
94400000.0,0.0,0.0,0.0,0.0,-0.0037880839898267737,-0.015747433658745535,-0.0037880844170938843,-0.015747433478793482,0.0,0.0,0.0,0.0,-0.009242811179822397,0.005258632821053766,-0.009242811633683345,0.005258632997808377,0.02372775145942363,-0.04535785215314547,0.02372774959317958,-0.04535785144612703
94700000.0,0.0,0.0,0.0,0.0,-0.012198301899172037,-0.010722329696207566,-0.012198301547613255,-0.010722329465849612,0.0,0.0,0.0,0.0,-0.004481777577355572,0.009702458085001808,-0.0044817772271272815,0.009702458345628884,0.0081430572301322,-0.05211352853574169,0.008143058640094125,-0.052113527436446816
95000000.0,0.0,0.0,0.0,0.0,-0.016198595455188425,-0.0017481955759848233,-0.016198595489797185,-0.001748195994167645,0.0,0.0,0.0,0.0,0.00201206484075378,0.010551077185894542,0.0020120648420451914,0.010551076766432743,-0.009355681805729432,-0.053489641830665846,-0.009355681750898626,-0.05348964352033647
95300000.0,0.0,0.0,0.0,0.0,-0.014301379668213876,0.007927864085118586,-0.014301380025932175,0.007927864385692374,0.0,0.0,0.0,0.0,0.007817712431034352,0.007442986301228416,0.007817712069527971,0.007442986559439646,-0.026895430125087216,-0.048951903541180286,-0.02689543158424801,-0.0489519025484384
95600000.0,0.0,0.0,0.0,0.0,-0.007151807703145607,0.014777947275177894,-0.007151807203648275,0.014777947465958619,0.0,0.0,0.0,0.0,0.010741216395253161,0.0015027144529682346,0.010741216845175927,0.0015027146489927645,-0.042459723031739394,-0.03862532727669077,-0.04245972126401654,-0.03862532646917316
95900000.0,0.0,0.0,0.0,0.0,0.0026839198867341096,0.0162689587311462,0.0026839198592547575,0.01626895814075624,0.0,0.0,0.0,0.0,0.009648350348676615,-0.00506179528159123,0.009648350332247979,-0.0050617958168146515,-0.054123370291264905,-0.023329232816166723,-0.05412337033211312,-0.023329234920936415
96200000.0,0.0,0.0,0.0,0.0,0.011627258085340486,0.011797497061763806,0.011627257512250466,0.011797497290487513,0.0,0.0,0.0,0.0,0.00490912468490734,-0.009779913947539853,0.004909124173966717,-0.009779913736906565,-0.0602937022128458,-0.004527825013767028,-0.06029370421935454,-0.004527824197708696
96500000.0,0.0,0.0,0.0,0.0,0.016380388539721125,0.0029397390696317416,0.01638038890617821,0.002939739551734988,0.0,0.0,0.0,0.0,-0.0017228300848426414,-0.010851616392827168,-0.001722829747270893,-0.010851615978339169,-0.05992768098719026,0.015803635917080783,-0.05992767966543866,0.01580363754143832
96800000.0,0.0,0.0,0.0,0.0,0.01514237853868039,-0.007091683998524445,0.015142378911525256,-0.007091684422931621,0.0,0.0,0.0,0.0,-0.007759145446398108,-0.007838446547097533,-0.007759145143216628,-0.00783844693228275,-0.05269529150412389,0.03538584205963957,-0.05269529032080378,0.03538584056305183
97100000.0,0.0,0.0,0.0,0.0,0.008299388616100245,-0.014605270042295615,0.008299388193517387,-0.014605270333106546,0.0,0.0,0.0,0.0,-0.010913261572701671,-0.001844621665142654,-0.010913261945947994,-0.0018446218898731104,-0.039064617966111825,0.051894130965791874,-0.03906461939748063,0.05189413009561861
97400000.0,0.0,0.0,0.0,0.0,-0.0016809877551189345,-0.016790279874697944,-0.001680988010255291,-0.016790279469503844,0.0,0.0,0.0,0.0,-0.009970357661508444,0.0048870714468449705,-0.009970357857687517,0.0048870717904634375,-0.020292565006645447,0.06323906349332731,-0.020292565772679794,0.06323906479939012
97700000.0,0.0,0.0,0.0,0.0,-0.011132660892652524,-0.01277646760661355,-0.01113266048388084,-0.012776467355337218,0.0,0.0,0.0,0.0,-0.00525797456408128,0.009816567742646498,-0.005257974225823858,0.009816567944170629,0.001683327221229547,0.06783430685881342,0.001683328507059656,0.06783430766337517
98000000.0,0.0,0.0,0.0,0.0,-0.016539223465581898,-0.0039890788510774655,-0.016539223224206978,-0.003989079305043219,0.0,0.0,0.0,0.0,0.0014659580396063632,0.011068383640633783,0.0014659582414680017,0.011068383263946657,0.024443864890599798,0.06481696386730107,0.02444386571921342,0.06481696242342139
98300000.0,0.0,0.0,0.0,0.0,-0.01585024931186041,0.006350371062708859,-0.015850249834311825,0.006350370874542932,0.0,0.0,0.0,0.0,0.007670193372394607,0.008148440731616802,0.007670192928788566,0.00814844057380526,0.04535761263747773,0.0541897408984795,0.045357610921271885,0.05418974022462919
98600000.0,0.0,0.0,0.0,0.0,-0.009268233753342514,0.014406282225337463,-0.009268233825768135,0.014406282799498626,0.0,0.0,0.0,0.0,0.01100634453898408,0.0021404730215976997,0.011006344485295472,0.002140473517371788,0.06189015624581273,0.036862972129384275,0.0618901559865499,0.036862974066195875
98900000.0,0.0,0.0,0.0,0.0,0.0008007013552884246,0.01715931075401045,0.0008007019189371078,0.017159310662876237,0.0,0.0,0.0,0.0,0.010201608456593902,-0.0046969411468467115,0.010201608943614104,-0.004696941247175346,0.07191609810923438,0.014586417607077351,0.07191610002465154,0.014586417250072259
99200000.0,0.0,0.0,0.0,0.0,0.010626643222344967,0.013547508563362953,0.010626642964183475,0.013547508101680705,0.0,0.0,0.0,0.0,0.005546639815619869,-0.009782824826530145,0.005546639555880972,-0.009782825215197022,0.07399465453455178,-0.010225546465434832,0.07399465353883983,-0.01022554799953923
99500000.0,0.0,0.0,0.0,0.0,0.016544397398313038,0.004882308119874779,0.016544397123055887,0.004882308493719734,0.0,0.0,0.0,0.0,-0.0012099584735736357,-0.01119223543901171,-0.0012099586810165874,-0.01119223506971423,0.06757283497515232,-0.034757905632758934,0.06757283416492754,-0.03475790420279168
99800000.0,0.0,0.0,0.0,0.0,0.016330576418830844,-0.005626813269373088,0.01633057681332417,-0.005626813226484728,0.0,0.0,0.0,0.0,-0.007522005899538442,-0.008387192615074923,-0.007522005516960917,-0.00838719263346377,0.05308806261596999,-0.056118862929437796,0.05308806409989586,-0.05611886302679636
100100000.0,0.0,0.0,0.0,0.0,0.010046835140954613,-0.014067627471945343,0.01004683496540082,-0.014067627777905045,0.0,0.0,0.0,0.0,-0.01100928936476464,-0.0024210185777064908,-0.01100928959444758,-0.0024210188666984322,0.031953621553327594,-0.07168570942256736,0.03195362060629492,-0.07168571052795869
100400000.0,0.0,0.0,0.0,0.0,2.4833286808245703e-05,-0.017292209754344867,2.483315212487014e-05,-0.01729220943165899,0.0,0.0,0.0,0.0,-0.010356913272566715,0.004460662089911693,-0.01035691338397271,0.004460662461383436,0.006424481396230419,-0.07943070286613363,0.006424480999740467,-0.07943070135536345
100700000.0,0.0,0.0,0.0,0.0,-0.010005838303669634,-0.014099617717235446,-0.010005837933846351,-0.01409961778679758,0.0,0.0,0.0,0.0,-0.005809687255137419,0.009668394473521857,-0.005809686842191297,0.009668394378763878,-0.0206441133412838,-0.07818620449168634,-0.020644111675956367,-0.07818620492501793
101000000.0,0.0,0.0,0.0,0.0,-0.016316886359973637,-0.005684200512220627,-0.01631688660626196,-0.005684200835233355,0.0,0.0,0.0,0.0,0.0009226803253525873,0.011243977769950675,0.0009226800515662603,0.011243977411311334,-0.04611941206796644,-0.06781449821347962,-0.04611941321429924,-0.06781449965018282
101300000.0,0.0,0.0,0.0,0.0,-0.016575495308387644,0.004818877386313147,-0.016575495523895256,0.0048188777413571415,0.0,0.0,0.0,0.0,0.0073102312609165665,0.008595108725089062,0.007310231014223234,0.008595109106565246,-0.06695845873743167,-0.04925822460853624,-0.06695845971237446,-0.04925822303158611
101600000.0,0.0,0.0,0.0,0.0,-0.010706347563562701,0.01351282645015317,-0.010706347177631415,0.013512826550595491,0.0,0.0,0.0,0.0,0.010952969909659771,0.0027161636266868072,0.010952970320794009,0.002716163753291312,-0.08057639351684287,-0.024461409465487804,-0.08057639183053311,-0.02446140897758653
101900000.0,0.0,0.0,0.0,0.0,-0.0009035069356073677,0.0171916869060027,-0.0009035069184477607,0.017191686545643847,0.0,0.0,0.0,0.0,0.010480984932442539,-0.004185139990482867,0.010480984972566887,-0.004185140373834884,-0.0851708400516955,0.0038333955895382132,-0.08517083990804508,0.003833394021725667
102200000.0,0.0,0.0,0.0,0.0,0.00919953186673439,0.014520267176166612,0.009199531549278106,0.014520267191628022,0.0,0.0,0.0,0.0,0.0060692056222890756,-0.00951516475122105,0.0060692052822446385,-0.009515164755953265,-0.07996131133128159,0.03239103203497962,-0.07996131271581675,0.03239103202707838
102500000.0,0.0,0.0,0.0,0.0,0.015880365506248495,0.006510139917196511,0.015880365518846418,0.0065101402085616655,0.0,0.0,0.0,0.0,-0.0006256828538369064,-0.011267897348105294,-0.0006256828600896824,-0.011267897031217444,-0.06531167423738538,0.05785840870503023,-0.06531167425902851,0.05785840999089942
102800000.0,0.0,0.0,0.0,0.0,0.016694927378587465,-0.0038702490830786473,0.016694927678877036,-0.0038702490912640997,0.0,0.0,0.0,0.0,-0.007084957380278922,-0.00878110736229587,-0.00708495705136869,-0.008781107351168771,-0.042717212684109995,0.07716406820267707,-0.04271721134728068,0.07716406824802391
103100000.0,0.0,0.0,0.0,0.0,0.011364257156358804,-0.01279583983520638,0.011364257122806976,-0.012795840166290873,0.0,0.0,0.0,0.0,-0.010874951523632603,-0.0029897404749306133,-0.010874951538873745,-0.00298974083882797,-0.014653968204875412,0.0878943603701714,-0.014653968264596529,0.08789435888535024
103400000.0,0.0,0.0,0.0,0.0,0.00186610067520121,-0.016988928618900445,0.001866100324335207,-0.016988928515857538,0.0,0.0,0.0,0.0,-0.010566542408533053,0.003922877163589078,-0.010566542795807266,0.003922877252136914,0.015694906162963207,0.08859935075054182,0.015694904571994073,0.08859935110814376
103700000.0,0.0,0.0,0.0,0.0,-0.008295715336352316,-0.014917726438227419,-0.008295715132177861,-0.014917726118170549,0.0,0.0,0.0,0.0,-0.006278143688710713,0.009348384295876144,-0.0062781434923380175,0.009348384658366626,0.04480529763426233,0.07898905071512274,0.044805298428642004,0.07898905221253472
104000000.0,0.0,0.0,0.0,0.0,-0.015378009542409643,-0.007356439070179022,-0.01537800932155875,-0.007356439371051238,0.0,0.0,0.0,0.0,0.00036705237497614007,0.011241038015171512,0.00036705264248126923,0.011241037714057711,0.06922797920958601,0.059993177622232,0.06922798032798738,0.05999317640210222
104300000.0,0.0,0.0,0.0,0.0,-0.016774747186616423,0.0028984462678067757,-0.01677474753527264,0.0028984462069701067,0.0,0.0,0.0,0.0,0.0068561706506642395,0.008893503299944427,0.006856170293474406,0.008893503189895569,0.08600405992864069,0.033674092848073656,0.08600405847943193,0.03367409236413721
104600000.0,0.0,0.0,0.0,0.0,-0.011979859603734155,0.01205714879046127,-0.011979859481691335,0.012057149102005837,0.0,0.0,0.0,0.0,0.01074055805521823,0.003203727188775929,0.010740558126897781,0.003203727518581445,0.09302901731241064,0.0030007107032758995,0.09302901757190796,0.003000712046784315
104900000.0,0.0,0.0,0.0,0.0,-0.002777606151845191,0.016737394207680723,-0.002777605965214036,0.016737393927769517,0.0,0.0,0.0,0.0,0.010564049697322275,-0.003669224599207155,0.010564049911138795,-0.0036692248293235252,0.08931973943835203,-0.02849145567356004,0.08931974031832368,-0.02849145657818042
105200000.0,0.0,0.0,0.0,0.0,0.007416997074273013,0.015219634529586301,0.007416996707050316,0.015219634530467374,0.0,0.0,0.0,0.0,0.006411287512605668,-0.009127734618132877,0.006411287193280657,-0.00912773465344685,0.07515025434091882,-0.05711431889963592,0.07515025307374401,-0.057114319065348695
105500000.0,0.0,0.0,0.0,0.0,0.014827558325791301,0.008086402371588974,0.014827558526810947,0.008086402731748876,0.0,0.0,0.0,0.0,-0.00013134362313849124,-0.011121236838746995,-0.0001313434671672553,-0.0111212365212765,0.05203774141970996,-0.07946579114266683,0.05203774202337996,-0.07946578988439512
105800000.0,0.0,0.0,0.0,0.0,0.01672243592323497,-0.0019973915481017457,0.01672243619378122,-0.0019973919114733008,0.0,0.0,0.0,0.0,-0.0065841414433194245,-0.00891911209311047,-0.006584141208300309,-0.008919112402438145,0.022578609368714808,-0.09283993413217217,0.02257861028826369,-0.0928399353543341
106100000.0,0.0,0.0,0.0,0.0,0.012429276935947087,-0.011282788221663509,0.012429276481292106,-0.011282788356780316,0.0,0.0,0.0,0.0,-0.010517263748411665,-0.0033787260427118326,-0.010517264140425198,-0.0033787261488384956,-0.009847302667161273,-0.0955585796297953,-0.009847304222809328,-0.09555858003076878
106400000.0,0.0,0.0,0.0,0.0,0.0035764966380327223,-0.016337929349376168,0.003576496637776927,-0.01633792888070218,0.0,0.0,0.0,0.0,-0.010468629411384711,0.003389595122769151,-0.010468629391162665,0.0033895955223073315,-0.04146998804279178,-0.08718343295051056,-0.0414699879354643,-0.08718343136622764
106700000.0,0.0,0.0,0.0,0.0,-0.00652671728732912,-0.015324038515387883,-0.006526716859880821,-0.015324038612902768,0.0,0.0,0.0,0.0,-0.006488797799953261,0.008829298500074856,-0.006488797445094008,0.008829298391262341,-0.06857354990327025,-0.06858196237750747,-0.06857354850151864,-0.06858196283323537
107000000.0,0.0,0.0,0.0,0.0,-0.014134328886655112,-0.008667729225336984,-0.014134329031918469,-0.008667729594975526,0.0,0.0,0.0,0.0,-0.00010913355069419595,0.010906705701202668,-0.00010913369563070319,0.010906705404764239,-0.08793860480204785,-0.0418377244301098,-0.08793860539633869,-0.04183772559265719
107300000.0,0.0,0.0,0.0,0.0,-0.016460023953747793,0.0011179062881581103,-0.01646002428240223,0.001117906442644312,0.0,0.0,0.0,0.0,0.0062499911612690084,0.008873716286871058,0.006249990904315439,0.008873716429363299,-0.097229626262056,-0.0100144047806765,-0.09722962726605999,-0.010014404202863147
107600000.0,0.0,0.0,0.0,0.0,-0.012701952333337374,0.010388296380455131,-0.01270195217947645,0.010388296697882993,0.0,0.0,0.0,0.0,0.010201385080279124,0.00353666664391028,0.010201385211615843,0.003536666893424467,-0.0952802458741715,0.02319942353051374,-0.0952802453426429,0.023199424512327482
107900000.0,0.0,0.0,0.0,0.0,-0.004316633470217823,0.015732561104726983,-0.004316633145492688,0.01573256093094244,0.0,0.0,0.0,0.0,0.010290297671666337,-0.0030654608930831273,0.010290297936343507,-0.0030654610363569645,-0.08224137896033312,0.05392332440371206,-0.0822413779095541,0.05392332382726295
108200000.0,0.0,0.0,0.0,0.0,0.005550477329713033,0.015233686855424367,0.005550477101920137,0.0152336865314453,0.0,0.0,0.0,0.0,0.0065300866836750515,-0.008444184905798124,0.006530086493789611,-0.00844418517773704,-0.05957312391582548,0.07854454231788566,-0.059573124683922174,0.07854454122485777
108500000.0,0.0,0.0,0.0,0.0,0.013252899552362862,0.009155314664127445,0.013252899267314433,0.009155314965283878,0.0,0.0,0.0,0.0,0.00037674679025201385,-0.010602876943167416,0.00037674654860353485,-0.010602876681119255,-0.029880024633222035,0.09414905989835631,-0.02988002561342995,0.0941490609568234
108800000.0,0.0,0.0,0.0,0.0,0.01599682983992068,-0.0001909355074474206,0.015996830205686763,-0.0001909353139240011,0.0,0.0,0.0,0.0,-0.005838769040224179,-0.00877818214570425,-0.00583876871503719,-0.008778181986812683,0.003391817772907757,0.09887203187058446,0.0033918190933874826,0.0988720325155299
109100000.0,0.0,0.0,0.0,0.0,0.012854464100001906,-0.009332696915762995,0.012854464156689005,-0.009332697299811343,0.0,0.0,0.0,0.0,-0.009796717500186958,-0.003706132217388358,-0.009796717471502348,-0.003706132560836295,0.03636032633136921,0.0921246472097863,0.03636032645588472,0.09212464580750179
109400000.0,0.0,0.0,0.0,0.0,0.005068813914697046,-0.014933575939863886,0.005068813582738585,-0.014933575847365432,0.0,0.0,0.0,0.0,-0.010054577693189515,0.0026773525692789235,-0.010054577985357582,0.002677352684145262,0.06516738020886947,0.07466914830990845,0.06516737900965808,0.07466914876182784
109700000.0,0.0,0.0,0.0,0.0,-0.0044452021668988095,-0.015010794050482446,-0.004445201959349276,-0.015010793843160286,0.0,0.0,0.0,0.0,-0.006569865978732992,0.00797794868790902,-0.006569865751494319,0.007977948857927686,0.08643774654142788,0.0485320334873478,0.08643774744600563,0.04853203419526153
110000000.0,0.0,0.0,0.0,0.0,-0.012198483758908196,-0.009628915282704043,-0.01219848372041099,-0.009628915539352079,0.0,0.0,0.0,0.0,-0.0006923983141575718,0.010241191298874242,-0.0006923983100364239,0.010241191026480578,0.09768130607380954,0.016765202540014457,0.09768130610952142,0.016765201452074052
110300000.0,0.0,0.0,0.0,0.0,-0.015406478396087664,-0.0008320765929994423,-0.015406478619908626,-0.0008320764603695352,0.0,0.0,0.0,0.0,0.005360221022598921,0.008671029297417476,0.005360220787181902,0.008671029460501245,0.09758953919860858,-0.016916327876870696,0.09758953825613048,-0.016916327236600637
110600000.0,0.0,0.0,0.0,0.0,-0.01298073475693684,0.008137393718243402,-0.012980734496608193,0.00813739384240364,0.0,0.0,0.0,0.0,0.00933953174305202,0.003906174252719552,0.009339532032228703,0.003906174384468386,0.08619022450436375,-0.04857626938230908,0.0861902256460354,-0.048576268858681715
110900000.0,0.0,0.0,0.0,0.0,-0.005886294636113121,0.014031674051850018,-0.005886294646529677,0.014031673734123729,0.0,0.0,0.0,0.0,0.009800249592998966,-0.002239740510106003,0.009800249588607812,-0.00223974085488976,0.06484165621569105,-0.07452484056611297,0.06484165619008309,-0.07452484192870656
111200000.0,0.0,0.0,0.0,0.0,0.003243936447105966,0.014764743936765967,0.003243936140862047,0.014764744069964308,0.0,0.0,0.0,0.0,0.006623114712809297,-0.0074687291810846546,0.006623114381795858,-0.007468729050756906,0.03606747024846868,-0.09175565825736953,0.03606746894692492,-0.09175565772858363
111500000.0,0.0,0.0,0.0,0.0,0.011082163881681595,0.0101415579029549,0.011082164096677616,0.010141558150777996,0.0,0.0,0.0,0.0,0.001038400219272262,-0.009857237537815422,0.0010384004326482454,-0.009857237265791241,0.0032528239259193015,-0.09829903572651233,0.0032528247835585944,-0.09829903467102952
111800000.0,0.0,0.0,0.0,0.0,0.014810114237505445,0.0019008564189562094,0.014810114415908515,0.0019008561751689967,0.0,0.0,0.0,0.0,-0.00485062464626651,-0.008562713580502646,-0.004850624444486584,-0.00856271382416196,-0.029760619914839026,-0.09344962264911771,-0.02976061914645811,-0.09344962362277442
112100000.0,0.0,0.0,0.0,0.0,0.013125891077592655,-0.006932839587818762,0.013125890843213028,-0.0069328397152332855,0.0,0.0,0.0,0.0,-0.00885996679809864,-0.004118780153390844,-0.008859967033629346,-0.004118780304196434,-0.05913147104308791,-0.07784188490779798,-0.059131471976002103,-0.07784188547331894
112400000.0,0.0,0.0,0.0,0.0,0.006698335848767556,-0.013151528585538586,0.006698335739642403,-0.013151528372247867,0.0,0.0,0.0,0.0,-0.009534486876958681,0.0017837576557582224,-0.009534487009105419,0.001783757873425884,-0.08147189575949199,-0.05336566786203889,-0.08147189625692874,-0.05336566701205925
112700000.0,0.0,0.0,0.0,0.0,-0.0020905094673366875,-0.014524923712357918,-0.0020905092596592567,-0.014524923598358441,0.0,0.0,0.0,0.0,-0.006674727957346249,0.0069406222014265495,-0.0066747277423218065,0.006940622338021285,-0.09424327040373726,-0.022933461978880132,-0.09424326956703055,-0.022933461455338033
113000000.0,0.0,0.0,0.0,0.0,-0.010021495811884051,-0.010602942127420079,-0.010021495696534544,-0.010602942356314315,0.0,0.0,0.0,0.0,-0.0013907392612679814,0.009457186768017323,-0.0013907391229537325,0.009457186527527028,-0.09604761169261167,0.00987142727026935,-0.09604761115382132,0.009871426331429234
113300000.0,0.0,0.0,0.0,0.0,-0.014216031917953842,-0.0028680466507609026,-0.014216032184691585,-0.002868046739735064,0.0,0.0,0.0,0.0,0.004328944575476612,0.008443605545380706,0.004328944291401626,0.008443605434507617,-0.08678117728719315,0.04122270667946282,-0.08678117840558741,0.04122270624021951
113600000.0,0.0,0.0,0.0,0.0,-0.013185356978297591,0.005819378402961206,-0.01318535700139023,0.005819378699229105,0.0,0.0,0.0,0.0,0.008365608794548507,0.004327427677907281,0.008365608750082743,0.004327427998433109,-0.06763345661691744,0.06750329774715169,-0.06763345678750454,0.06750329901133512
113900000.0,0.0,0.0,0.0,0.0,-0.007365212739443905,0.012279099534268312,-0.007365212452519643,0.01227909946175032,0.0,0.0,0.0,0.0,0.009254424086662993,-0.001325037122811068,0.009254424403366102,-0.0013250371770254787,-0.04093330956363417,0.08572797410811006,-0.04093330831146602,0.08572797387751052
114200000.0,0.0,0.0,0.0,0.0,0.001061124796990498,0.014180688524007223,0.001061124625124421,0.014180688303753186,0.0,0.0,0.0,0.0,0.006714690376803389,-0.006404429002330403,0.00671469021894211,-0.006404429255141508,-0.009862188651688086,0.09388657100426201,-0.009862189302317859,0.093886569999583
114500000.0,0.0,0.0,0.0,0.0,0.008982943912478447,0.01089054473931128,0.008982943812789301,0.010890544976916772,0.0,0.0,0.0,0.0,0.0017351516738699502,-0.009044829657455011,0.0017351515395134243,-0.009044829427296008,0.02193003268034488,0.0911679045036351,0.021930032147437828,0.09116790544230469
114800000.0,0.0,0.0,0.0,0.0,0.013516202107155095,0.003684047652029676,0.01351620234856199,0.003684047601481666,0.0,0.0,0.0,0.0,-0.003809967621783983,-0.008308417819364422,-0.0038099673815921165,-0.00830841783280789,0.050759868085251014,0.07803908633182743,0.0507598690622828,0.07803908627101919
115100000.0,0.0,0.0,0.0,0.0,0.01305962024309082,-0.004749439451472881,0.013059620052935372,-0.004749439626507979,0.0,0.0,0.0,0.0,-0.00786570575652945,-0.004517691066112661,-0.00786570590823743,-0.004517691246391564,0.07334320858143428,0.0561724678866824,0.07334320796166338,0.056172467157068695
115400000.0,0.0,0.0,0.0,0.0,0.007862225873978446,-0.011315697352628717,0.00786222582009799,-0.011315697069491648,0.0,0.0,0.0,0.0,-0.008957561357433974,0.0008821016245406099,-0.00895756142211468,0.0008821018695357452,0.08717482939751164,0.02823090560760022,0.08717482913429109,0.028230906600967387
115700000.0,0.0,0.0,0.0,0.0,-0.0001000789296128346,-0.013656850920270358,-0.00010007861932592732,-0.013656851008036597,0.0,0.0,0.0,0.0,-0.00672758054283662,0.005873090928673719,-0.006727580269796363,0.005873090858344199,0.09080978988069432,-0.002461073764379762,0.0908097909797192,-0.002461074048625278
116000000.0,0.0,0.0,0.0,0.0,-0.007880443483145427,-0.011000270573802595,-0.007880443693615291,-0.01100027084773103,0.0,0.0,0.0,0.0,-0.0020503516208947303,0.008618809161916374,-0.002050351808648543,0.008618808924680366,0.08401441428532763,-0.03231912475155241,0.08401441352901884,-0.03231912570194595
116300000.0,0.0,0.0,0.0,0.0,-0.012657369347010672,-0.004408245446910541,-0.012657369544371022,-0.004408245160064439,0.0,0.0,0.0,0.0,0.003308509161904283,0.00814058482518476,0.0033085089982805016,0.008140585085271823,0.06777089745149567,-0.057924475934143516,0.06777089680493731,-0.05792447489076835
116600000.0,0.0,0.0,0.0,0.0,-0.012760281686183816,0.003649364598075522,-0.012760281374021076,0.0036493647131550233,0.0,0.0,0.0,0.0,0.0073589338523660786,0.004666802933300573,0.007358934132597028,0.004666803017613574,0.04413769647574384,-0.07642139997540198,0.04413769759460706,-0.07642139965057027
116900000.0,0.0,0.0,0.0,0.0,-0.008250323897840417,0.010225624538350075,-0.0082503238440097,0.010225624239410536,0.0,0.0,0.0,0.0,0.008626513135240543,-0.00047014726068539403,0.008626513162731442,-0.00047014752433938156,0.015985323103897997,-0.0858396263947725,0.01598532320087287,-0.08583962743550444
117200000.0,0.0,0.0,0.0,0.0,-0.0008564644178505887,0.01297669091290743,-0.000856464691111114,0.012976690886901565,0.0,0.0,0.0,0.0,0.006690357447126871,-0.005344759310276004,0.0066903572125340816,-0.005344759313672398,-0.013358011495711253,-0.0853046383636098,-0.013358012415068288,-0.08530463836896729
117500000.0,0.0,0.0,0.0,0.0,0.006691267201560436,0.010994525891803164,0.0066912671799741474,0.010994526150227557,0.0,0.0,0.0,0.0,0.0023217348641537683,-0.008161446679480377,0.00232173485919418,-0.008161446460277944,-0.040506268920765365,-0.07511338584467353,-0.04050626893359777,-0.0751133849907859
117800000.0,0.0,0.0,0.0,0.0,0.011671884550352729,0.005098036560795549,0.011671884816422562,0.005098036579880727,0.0,0.0,0.0,0.0,-0.0028220810290093823,-0.007917645837963505,-0.0028220808021757193,-0.007917645830289644,-0.062412036119411596,-0.05666985195473728,-0.06241203523150318,-0.05666985192512186
118100000.0,0.0,0.0,0.0,0.0,0.012352138347154096,-0.0025056861905312644,0.012352138343260322,-0.00250568647825844,0.0,0.0,0.0,0.0,-0.006827772827719514,-0.004761163510636379,-0.006827772838107649,-0.004761163759724241,-0.07671238799865421,-0.032291993820209086,-0.07671238803813196,-0.03229199480725242
118400000.0,0.0,0.0,0.0,0.0,0.00858341301905341,-0.009048872718096845,0.008583412717314332,-0.009048872660699203,0.0,0.0,0.0,0.0,-0.008239758568237221,8.615322524008207e-05,-0.008239758833141764,8.615328600569683e-05,-0.08198451788989303,-0.004916745881772044,-0.08198451894855907,-0.004916745645587639
118700000.0,0.0,0.0,0.0,0.0,0.0018151733973468254,-0.012208413033064858,0.0018151735283424841,-0.012208412750396747,0.0,0.0,0.0,0.0,-0.006590421446148298,0.004802250440604894,-0.006590421313234174,0.004802250690147503,-0.0778835720962121,0.022258879015339517,-0.07788357156999837,0.022258880013509952
119000000.0,0.0,0.0,0.0,0.0,-0.005462328457724652,-0.010925603899408998,-0.0054623282427002096,-0.010925604100691544,0.0,0.0,0.0,0.0,-0.002552754267696855,0.007652080522404958,-0.0025527540799572535,0.007652080319616061,-0.06515007415499952,0.046156160487583975,-0.06515007340904333,0.04615615967695419
119300000.0,0.0,0.0,0.0,0.0,-0.010631890138583344,-0.005754520388791207,-0.010631890378746789,-0.005754520495202087,0.0,0.0,0.0,0.0,0.0023336944083212074,0.007627816312492541,0.002333694169394107,0.007627816230268536,-0.045490274606081016,0.06416727887869911,-0.04549027557213492,0.06416727855425108
119600000.0,0.0,0.0,0.0,0.0,-0.011886449678556232,0.0013719102887961299,-0.011886449659186837,0.0013719105122618203,0.0,0.0,0.0,0.0,0.006252110487380946,0.004804717895538602,0.00625211052950192,0.004804718116588447,-0.021347646678947285,0.07444152833814144,-0.02134764650774912,0.07444152923633851
119900000.0,0.0,0.0,0.0,0.0,-0.008857100396795659,0.007861291922623082,-0.008857100249542782,0.007861291795009606,0.0,0.0,0.0,0.0,0.007786208487871704,0.00028699698076195546,0.007786208633206115,0.0002869968306811188,0.004403995415003692,0.0760736540964615,0.004403996004441524,0.07607365349393547
120200000.0,0.0,0.0,0.0,0.0,-0.002716112218905664,0.011401442176534715,-0.0027161124088337374,0.011401442147715102,0.0,0.0,0.0,0.0,0.0064324063775558216,-0.004225749732725603,0.006432406167448335,-0.004225749759754649,0.028806992877804305,0.06917549463653927,0.028806992030325773,0.06917549452461458
120500000.0,0.0,0.0,0.0,0.0,0.004272018516189746,0.010782697982634204,0.004272018616234163,0.010782698174011784,0.0,0.0,0.0,0.0,0.0027609023237005204,-0.007080362969574594,0.0027609024242138958,-0.007080362760930825,0.0491638801958203,0.05482654313206581,0.049163880600289644,0.05482654397620479
120800000.0,0.0,0.0,0.0,0.0,0.00958286448194201,0.006311589626577074,0.00958286461958835,0.00631158942182708,0.0,0.0,0.0,0.0,-0.0018238316931444842,-0.007276590228912028,-0.0018238315409888628,-0.007276590434486252,0.06333854903107294,0.03491343831647953,0.06333854965060937,0.03491343749497844
121100000.0,0.0,0.0,0.0,0.0,0.011344409453428739,-0.00032677454686336205,0.01134440919058477,-0.00032677460016117266,0.0,0.0,0.0,0.0,-0.005622508057612663,-0.004815280896657725,-0.005622508320897168,-0.004815280963626378,0.06998049623098268,0.011881326926726388,0.06998049518468008,0.011881326655448277
121400000.0,0.0,0.0,0.0,0.0,0.008999798324026642,-0.006701298864328464,0.008999798354949462,-0.006701298593782212,0.0,0.0,0.0,0.0,-0.007272155889069154,-0.0006682205675048181,-0.007272155871149266,-0.000668220297939115,0.06864852827560242,-0.011570197025683626,0.06864852834678459,-0.011570195958441332
121700000.0,0.0,0.0,0.0,0.0,0.0034833190469214514,-0.010527294448515079,0.0034833192894154763,-0.01052729453733292,0.0,0.0,0.0,0.0,-0.006233984520619629,0.003606856919105894,-0.006233984279788274,0.003606856842708339,0.05982314385568088,-0.03280843667685218,0.05982314480121431,-0.03280843698421876
122000000.0,0.0,0.0,0.0,0.0,-0.0031482107961409156,-0.010490130603074022,-0.0031482109084635113,-0.010490130806680042,0.0,0.0,0.0,0.0,-0.002963997093758053,0.006452958322327618,-0.00296399719429985,0.006452958120299002,0.04481057998729909,-0.049567312324803936,0.044810579585629284,-0.04956731310943496
122300000.0,0.0,0.0,0.0,0.0,-0.008485518824116411,-0.006699682631754911,-0.008485519000529962,-0.00669968251951758,0.0,0.0,0.0,0.0,0.0012850726537578794,0.006880681018799351,0.001285072479873861,0.006880681117870324,0.025554594478833792,-0.06019064656550199,0.02555459380046443,-0.060190646173417406
122600000.0,0.0,0.0,0.0,0.0,-0.010648357555226085,-0.000615411441557967,-0.01064835744941206,-0.0006154112705516468,0.0,0.0,0.0,0.0,0.004945205156147381,0.004809044384444405,0.0049452052487168885,0.004809044552715136,0.0043826115720264625,-0.06379254704075521,0.004382611932030045,-0.06379254637693066
122900000.0,0.0,0.0,0.0,0.0,-0.008951766817844486,0.005518725341445929,-0.008951766637920855,0.005518725225869048,0.0,0.0,0.0,0.0,0.0067123570310769765,0.0010642900386486076,0.006712357209167408,0.0010642899370907344,-0.016280307966113128,-0.06031966937155886,-0.016280307255428283,-0.06031966976136971
123200000.0,0.0,0.0,0.0,0.0,-0.0041177969906982526,0.009508824022262274,-0.004117797138192714,0.009508823838743297,0.0,0.0,0.0,0.0,0.006009344385333293,-0.0029503521320108916,0.0060093442496054195,-0.0029503523157643485,-0.03419381310747838,-0.05051288969517742,-0.034193813624852964,-0.050512890434781355
123500000.0,0.0,0.0,0.0,0.0,0.0020309614892397576,0.01000036889372069,0.0020309613257865067,0.010000369088153604,0.0,0.0,0.0,0.0,0.0031687346507141,-0.005781724668345589,0.0031687344865218847,-0.005781724483426842,-0.0475473552681791,-0.03577839512364278,-0.04754735593301973,-0.035778394408126246
123800000.0,0.0,0.0,0.0,0.0,0.00726548825693385,0.0069351231918233225,0.007265488492109284,0.006935123297175494,0.0,0.0,0.0,0.0,-0.000719693703899793,-0.0064521382509639125,-0.0007196934757587314,-0.006452138142805097,-0.05514084182367185,-0.01798876584572895,-0.05514084092966698,-0.017988765406009577
124100000.0,0.0,0.0,0.0,0.0,0.009763690092668753,0.0015224032900462703,0.009763690108371748,0.0015224030453424575,0.0,0.0,0.0,0.0,-0.0042284779015346885,-0.004793299858619093,-0.004228477881881076,-0.00479330009947887,-0.056483159670719374,0.0007579551500995763,-0.05648315958416106,0.0007579541997273509
124400000.0,0.0,0.0,0.0,0.0,0.00874296977141853,-0.004243375047472853,0.008742969563854786,-0.004243374964950419,0.0,0.0,0.0,0.0,-0.006116829386115796,-0.0014762448683427465,-0.006116829592457407,-0.0014762447909149046,-0.05180204712542036,0.018389815594140657,-0.051802047938878104,0.018389815899148232
124700000.0,0.0,0.0,0.0,0.0,0.0046929104368587105,-0.008323258566441893,0.004692910596077127,-0.008323258444200121,0.0,0.0,0.0,0.0,-0.00576694420006163,0.0022606332124652795,-0.005766944045504374,0.002260633335460227,-0.04197001957349755,0.033092462569470626,-0.041970018958366495,0.03309246305131097
125000000.0,0.0,0.0,0.0,0.0,-0.0008543942749383859,-0.009354220581180073,-0.0008543942681740191,-0.00935422077100867,0.0,0.0,0.0,0.0,-0.0033798495284571572,0.0050748928757400336,-0.003379849519475897,0.0050748926895565205,-0.02836104035957021,0.04349443519667062,-0.0283610403336354,0.04349443445574508
125300000.0,0.0,0.0,0.0,0.0,-0.005909365498467878,-0.007095026910228341,-0.0059093656628306235,-0.007095026800193693,0.0,0.0,0.0,0.0,0.00012831019996895066,0.0060008580827357605,0.00012831003861890622,0.0060008581889618995,-0.012660048694925763,0.048787635110421945,-0.012660049337569035,0.04878763554578569
125600000.0,0.0,0.0,0.0,0.0,-0.008738927413929787,-0.0024566585703311716,-0.008738927216228376,-0.002456658477747453,0.0,0.0,0.0,0.0,0.003479006315714628,0.004776335178469537,0.003479006508584348,0.004776335269873755,0.0033484872300562074,0.048773615429567485,0.0033484880096068537,0.04877361578695627
125900000.0,0.0,0.0,0.0,0.0,-0.008452973822230092,0.0028681943820103584,-0.00845297382402066,0.002868194144745928,0.0,0.0,0.0,0.0,0.005496741213804057,0.0019068454840507343,0.005496741212226652,0.0019068452519874768,0.017986192059197492,0.04383605362522047,0.0179861920428408,0.04383605269423185
126200000.0,0.0,0.0,0.0,0.0,-0.0052690212959447535,0.007023970970912785,-0.005269021526316919,0.007023971060540646,0.0,0.0,0.0,0.0,0.005517979427708042,-0.0015428933565644343,0.005517979204839207,-0.001542893268421608,0.029856597523405526,0.03484885255355863,0.029856596632228616,0.03484885291544515
126500000.0,0.0,0.0,0.0,0.0,-0.00038492204132012375,0.008632718220837887,-0.00038492189275984856,0.008632718412457052,0.0,0.0,0.0,0.0,0.003602930973954699,-0.004344253109316298,0.0036029311184364587,-0.004344252927054981,0.03797284411174928,0.02303641247043231,0.037972844699893926,0.02303641319414851
126800000.0,0.0,0.0,0.0,0.0,0.00447296572397704,0.007238630974356397,0.004472965868217216,0.007238630803705348,0.0,0.0,0.0,0.0,0.00048559929832947546,-0.005539946708495336,0.00048559943141412987,-0.005539946872822554,0.04182638233052671,0.009807091864161066,0.0418263828589005,0.009807091195376927
127100000.0,0.0,0.0,0.0,0.0,0.007655388084046422,0.003419983697121154,0.007655387917012035,0.003419983588251796,0.0,0.0,0.0,0.0,-0.002708156678707496,-0.004766074288923505,-0.0027081568380253884,-0.004766074386331809,0.041394075614320514,-0.003417560158830213,0.04139407497311254,-0.003417560547859466
127400000.0,0.0,0.0,0.0,0.0,0.008140001251703666,-0.0014492814744500038,0.00814000115684621,-0.001449281317299267,0.0,0.0,0.0,0.0,-0.00486599659407716,-0.002354874673578422,-0.00486599667820542,-0.0023548745262118587,0.037089126646876025,-0.015356772714945066,0.03708912630609973,-0.015356772129003105
127700000.0,0.0,0.0,0.0,0.0,0.005847568739810072,-0.005690774274832222,0.005847568896982125,-0.0056907741776086596,0.0,0.0,0.0,0.0,-0.005272434723011088,0.0008068440255541987,-0.0052724345767245495,0.0008068441135407056,0.029667827074533193,-0.02499085393300504,0.029667827651380207,-0.02499085357435149
128000000.0,0.0,0.0,0.0,0.0,0.0016328352349148645,-0.007892244221800127,0.0016328353326144907,-0.007892244396394688,0.0,0.0,0.0,0.0,-0.003839780971873097,0.0036035561197778065,-0.003839780881193633,0.003603555956544824,0.020108625811047887,-0.0316369523591149,0.020108626181780664,-0.03163695300657565
128300000.0,0.0,0.0,0.0,0.0,-0.0030320998454840264,-0.007367833962739212,-0.0030321000481308147,-0.007367834039982313,0.0,0.0,0.0,0.0,-0.0011150874939431787,0.0050814391815663384,-0.0011150876866281578,0.005081439108522545,0.009481895365695436,-0.03497641804893448,0.009481894595637641,-0.03497641835226517
128600000.0,0.0,0.0,0.0,0.0,-0.006566201725746623,-0.004362651678967211,-0.006566201754779399,-0.0043626514528725124,0.0,0.0,0.0,0.0,0.001928922825939594,0.004768068242910317,0.0019289227991947655,0.00476806846001665,-0.0011720799142835858,-0.03503679152344574,-0.0011720800329726444,-0.03503679065230614
128900000.0,0.0,0.0,0.0,0.0,-0.0078071671444490676,5.5555650334326856e-05,-0.007807166922006559,5.5555609890234336e-05,0.0,0.0,0.0,0.0,0.004238828834900232,0.0028168698469315245,0.004238829050436266,0.0028168698047821294,-0.010942597354244299,-0.03213727206340877,-0.01094259649036644,-0.032137272221469004
129200000.0,0.0,0.0,0.0,0.0,-0.006385864432274957,0.004372081779763448,-0.006385864543602793,0.004372081602156186,0.0,0.0,0.0,0.0,0.005040042827474167,-6.450327538232159e-05,0.005040042714568926,-6.45034484634266e-05,-0.01911624346959684,-0.026810479197727943,-0.019116243917451925,-0.026810479892859007
129500000.0,0.0,0.0,0.0,0.0,-0.0028300335058588644,0.007138022652128484,-0.0028300336000199877,0.007138022812064548,0.0,0.0,0.0,0.0,0.004090612480027289,-0.002869326477664913,0.004090612387301462,-0.002869326315988019,-0.02520940060878729,-0.019714909925099278,-0.02520940097802793,-0.01971490927746089
129800000.0,0.0,0.0,0.0,0.0,0.001629453526035718,0.00744935213813136,0.0016294536926295677,0.007449352128055864,0.0,0.0,0.0,0.0,0.001749082035871652,-0.004639193449762047,0.0017490822047534493,-0.004639193459468061,-0.028967864824480216,-0.0115517576051829,-0.028967864149407774,-0.011551757646955707
130100000.0,0.0,0.0,0.0,0.0,0.005479675272084705,0.00523687813030449,0.005479675164821174,0.005236878006044776,0.0,0.0,0.0,0.0,-0.0011599525947474376,-0.004785928852875543,-0.0011599526998367082,-0.004785928980027165,-0.030340669276696985,-0.002996886115312236,-0.03034066970622007,-0.002996886621168926
130400000.0,0.0,0.0,0.0,0.0,0.007432193646124574,0.0012763282526506714,0.007432193602738835,0.0012763284272097053,0.0,0.0,0.0,0.0,-0.0036326672981346064,-0.003282630646268103,-0.003632667345115692,-0.0032826304769528747,-0.029438165960300466,0.005345618830446597,-0.0294381661438905,0.005345619521015976
130700000.0,0.0,0.0,0.0,0.0,0.006848359434187046,-0.0030800629990608286,0.006848359628236267,-0.0030800630496372605,0.0,0.0,0.0,0.0,-0.0048272626071508284,-0.0006638745186080541,-0.004827262418586997,-0.0006638745680973557,-0.02648529589534121,0.012966747535877232,-0.02648529513068354,0.01296674734172143
131000000.0,0.0,0.0,0.0,0.0,0.003945531870016339,-0.0063592078082734815,0.0039455317366332565,-0.006359207978114512,0.0,0.0,0.0,0.0,-0.0043461557078074975,0.0021616644323145806,-0.004346155839428434,0.0021616642663673247,-0.021779879343384323,0.01945576392025572,-0.021779879865945873,0.019455763258754644
131300000.0,0.0,0.0,0.0,0.0,-0.0002813148928737519,-0.007459279617620496,-0.00028131501062489406,-0.007459279432097787,0.0,0.0,0.0,0.0,-0.002366523841971002,0.004221935268880372,-0.002366523956354172,0.004221935449983505,-0.01566282248941775,0.024489930510206648,-0.015662822940043952,0.024489931234128903
131600000.0,0.0,0.0,0.0,0.0,-0.004395502129781903,-0.006016595551450621,-0.004395501928030399,-0.006016595489519716,0.0,0.0,0.0,0.0,0.0004230309169059865,0.004811567208861334,0.00042303111173680463,0.004811567267367423,-0.00850315090622189,0.027819176859637196,-0.008503150127992853,0.02781917708606585
131900000.0,0.0,0.0,0.0,0.0,-0.0070011814933650385,-0.0025264397244697534,-0.007001181472460871,-0.0025264399159858897,0.0,0.0,0.0,0.0,0.003058075440478092,0.0037311843744340933,0.0030580754577158586,0.0037311841919098754,-0.0006966109963428835,0.02925408797876372,-0.0006966109288555344,0.029254087253256955
132200000.0,0.0,0.0,0.0,0.0,-0.0072130874715270465,0.001822944215302158,-0.0072130876439757685,0.0018229442118631312,0.0,0.0,0.0,0.0,0.004627561648902656,0.0013556447018352458,0.004627561485307297,0.0013556447006628503,0.007327158332827821,0.028663765095860327,0.007327157692415653,0.028663765092712623
132500000.0,0.0,0.0,0.0,0.0,-0.00495692517061741,0.005549672891831392,-0.004956925172834303,0.005549673054161985,0.0,0.0,0.0,0.0,0.00458627011101953,-0.0014927703844342943,0.004586270109385282,-0.0014927702322005132,0.015096352603322316,0.025986783931617907,0.015096352595122653,0.025986784526615736
132800000.0,0.0,0.0,0.0,0.0,-0.0009982291821870604,0.00737910067079639,-0.0009982290150389872,0.0073791006732619735,0.0,0.0,0.0,0.0,0.0029443920182643524,-0.0038250357736941965,0.002944392175578514,-0.003825035769569496,0.022095803948019466,0.02125446398729025,0.022095804566035326,0.02125446400694031
133100000.0,0.0,0.0,0.0,0.0,0.0033129769119284447,0.006678527533530598,0.003312976900531339,0.006678527350558738,0.0,0.0,0.0,0.0,0.00026802319736418667,-0.004826062825703303,0.0002680231879139683,-0.004826062999082836,0.027779939405377263,0.014621694366269367,0.027779939377481355,0.014621693678883219
133400000.0,0.0,0.0,0.0,0.0,0.00649865488722412,0.003677612570715638,0.006498654694894412,0.003677612616861836,0.0,0.0,0.0,0.0,-0.0025124631058019986,-0.0041392292378859,-0.0025124632918505085,-0.004139229193803828,0.03160415484313717,0.006397384875032941,0.03160415410613382,0.006397385039424108
133700000.0,0.0,0.0,0.0,0.0,0.00745754900412976,-0.0006033540199439358,0.00745754910039409,-0.0006033538402228089,0.0,0.0,0.0,0.0,-0.004423164147610237,-0.001995330246373328,-0.004423164053648065,-0.00199533007095809,0.033074834404018816,-0.00293504918660048,0.033074834771952055,-0.002935048490446235
134000000.0,0.0,0.0,0.0,0.0,0.005846359754542618,-0.004696746405397079,0.005846359888352026,-0.004696746549864628,0.0,0.0,0.0,0.0,-0.0047871441711322404,0.0008618787015706175,-0.004787144039582358,0.0008618785585845501,0.03181372580564812,-0.012716564792764729,0.03181372632860757,-0.01271656536024679
134300000.0,0.0,0.0,0.0,0.0,0.0022048002123966626,-0.0071884049938333305,0.0022048000423922076,-0.007188405054257885,0.0,0.0,0.0,0.0,-0.0034656112680266915,0.0034313319928038766,-0.0034656114376190317,0.0034313319355625538,0.02762815723853862,-0.02213792638888279,0.02762815656282669,-0.022137926618800208
134600000.0,0.0,0.0,0.0,0.0,-0.0022220461545572334,-0.0072057645153087435,-0.0022220461272723924,-0.007205764358115374,0.0,0.0,0.0,0.0,-0.0009127708857192829,0.00480470485237916,-0.00091277085557806,0.0048047050105921585,0.02057555374753406,-0.030294966584968108,0.020575553864873086,-0.030294965956816355
134900000.0,0.0,0.0,0.0,0.0,-0.005906965186085245,-0.004724698350287326,-0.005906965083966043,-0.004724698453962617,0.0,0.0,0.0,0.0,0.0019784303126613167,0.004488379605437132,0.001978430417878485,0.004488379500315887,0.011009432420181042,-0.036271920327237694,0.011009432832224775,-0.03627192074996444
135200000.0,0.0,0.0,0.0,0.0,-0.0075664602850764595,-0.0005864213455133438,-0.007566460432627764,-0.0005864213634296789,0.0,0.0,0.0,0.0,0.004188100999868993,0.0025822497036394054,0.004188100852189791,0.002582249683072746,-0.00040507281229906766,-0.039245620118599334,-0.00040507340864337493,-0.03924562019741629
135500000.0,0.0,0.0,0.0,0.0,-0.006608307270568048,0.00378541909906005,-0.006608307197680574,0.003785419247734012,0.0,0.0,0.0,0.0,0.0049296516945105395,-0.00025039310563457207,0.004929651764982168,-0.0002503929580441877,-0.012714911364099635,-0.038598460642180754,-0.012714911081488367,-0.038598460047758465
135800000.0,0.0,0.0,0.0,0.0,-0.003344238261092869,0.006873244534045142,-0.00334423815104401,0.006873244387083588,0.0,0.0,0.0,0.0,0.0039304067572061285,-0.0030134433262034577,0.003930406866345493,-0.003013443470145205,-0.02474578721000853,-0.03402467711340762,-0.02474578677407635,-0.03402467769080175
136100000.0,0.0,0.0,0.0,0.0,0.0011094072394115528,0.0075922914709352085,0.0011094070505777154,0.007592291420944974,0.0,0.0,0.0,0.0,0.0015318275662252745,-0.004728440604665707,0.0015318273813562655,-0.004728440653675392,-0.03520933376624669,-0.025613137846239198,-0.035209334504429535,-0.02561313803777665
136400000.0,0.0,0.0,0.0,0.0,0.005212373002080994,0.005672369281729317,0.005212373012227545,0.005672369476602768,0.0,0.0,0.0,0.0,-0.001427336188143613,-0.004780873520118689,-0.0014273361760643866,-0.004780873331156954,-0.04284167041839737,-0.013891076798234536,-0.042841670369412554,-0.013891076044686201
136700000.0,0.0,0.0,0.0,0.0,0.007532871927850238,0.001759587368788118,0.007532872104036414,0.001759587315955713,0.0,0.0,0.0,0.0,-0.003904317817955416,-0.0031395258910045243,-0.003904317649144673,-0.0031395259447073443,-0.04655833195400305,0.00018295322638195444,-0.04655833128660447,0.00018295300985116114
137000000.0,0.0,0.0,0.0,0.0,0.007247198348167672,-0.002800451592683828,0.007247198277298139,-0.0028004517421251762,0.0,0.0,0.0,0.0,-0.005018882606279362,-0.00037113177334191505,-0.0050188826770778405,-0.00037113191400806045,-0.04560633778909562,0.015282690017855316,-0.04560633807373904,0.015282689462580379
137300000.0,0.0,0.0,0.0,0.0,0.0044316973700233575,-0.0064251258595859895,0.004431697238430843,-0.006425125788553032,0.0,0.0,0.0,0.0,-0.0043644466173162755,0.0025551698968513392,-0.004364446738392758,0.0025551699663921568,-0.039692279712511436,0.029832672775349067,-0.03969228019310833,0.029832673053313385
137600000.0,0.0,0.0,0.0,0.0,4.363187444766936e-05,-0.007843376965588789,4.3631941878174985e-05,-0.007843376837641358,0.0,0.0,0.0,0.0,-0.0021547779663251276,0.004605605394196743,-0.002154777900869931,0.004605605511727617,-0.029066385738374834,0.04217201562236994,-0.0290663854846116,0.04217201609211685
137900000.0,0.0,0.0,0.0,0.0,-0.0044042573543805474,-0.006539878638463392,-0.004404257220528507,-0.006539878713034852,0.0,0.0,0.0,0.0,0.000845437894994916,0.005044520881511971,0.0008454380206899259,0.005044520809299513,-0.014546568605794619,0.050746525876540716,-0.01454656810469146,0.05074652560262649
138200000.0,0.0,0.0,0.0,0.0,-0.007363986314956605,-0.002940113948177725,-0.0073639864128551835,-0.002940114084495349,0.0,0.0,0.0,0.0,0.003583283349598787,0.0036961639647259403,0.003583283254826597,0.00369616383370186,0.002526888470114841,0.054306661724304206,0.002526888103574265,0.05430666120319927
138500000.0,0.0,0.0,0.0,0.0,-0.007788276650160242,0.0017286755859586833,-0.007788276772089375,0.0017286757180414725,0.0,0.0,0.0,0.0,0.00508405217910024,0.001013744153929963,0.005084052061249622,0.0010137442825381981,0.020406776576805896,0.052085890414517166,0.020406776106568714,0.0520858909214823
138800000.0,0.0,0.0,0.0,0.0,-0.005497793540541807,0.005854122752801061,-0.005497793378722804,0.005854122833255815,0.0,0.0,0.0,0.0,0.004795533584868394,-0.0020705464217485314,0.0047955337451810465,-0.0020705463443491112,0.03711590930093678,0.043934367747930025,0.03711590993442826,0.04393436806047646
139100000.0,0.0,0.0,0.0,0.0,-0.001252970923957264,0.007991547311387848,-0.0012529709072879314,0.007991547140900224,0.0,0.0,0.0,0.0,0.0027901256080014036,-0.004465920256631506,0.0027901256222122583,-0.004465920426483194,0.05066794470435809,0.030386675049545175,0.0506679447674685,0.030386674375414202
139400000.0,0.0,0.0,0.0,0.0,0.0034961455356494753,0.00736517199636566,0.0034961453903861184,0.007365172050203483,0.0,0.0,0.0,0.0,-0.0002484663795740971,-0.0053054980292657206,-0.0002484665262159069,-0.0053054979744722175,0.059307142621918274,0.012649422573769442,0.059307142042982264,0.012649422789554166
139700000.0,0.0,0.0,0.0,0.0,0.007100073276617991,0.00414660596315386,0.007100073385402084,0.004146606049289403,0.0,0.0,0.0,0.0,-0.0032543293851574617,-0.0042585718877177214,-0.003254329275975465,-0.0042585717999301664,0.061737689037784094,-0.007495963388617355,0.06173768947552105,-0.007495963044299003
140000000.0,0.0,0.0,0.0,0.0,0.008276749441634479,-0.0005871549821598876,0.008276749446281428,-0.0005871551123739494,0.0,0.0,0.0,0.0,-0.005149499574372385,-0.0016610019861786895,-0.005149499567124849,-0.0016610021183502965,0.05731237502764941,-0.027869127855055353,0.05731237504710407,-0.027869128382629782
140300000.0,0.0,0.0,0.0,0.0,0.006563670981805103,-0.0052078138295357235,0.006563670869113025,-0.005207813751386681,0.0,0.0,0.0,0.0,-0.005228584972357453,0.0015877429023980483,-0.005228585087948545,0.0015877429777226837,0.046153624645981495,-0.046128378935389236,0.0461536241863314,-0.04612837862573116
140600000.0,0.0,0.0,0.0,0.0,0.0024984685853439714,-0.00808852679861971,0.002498468726429337,-0.008088526737150659,0.0,0.0,0.0,0.0,-0.003421639570831303,0.004331838424320722,-0.0034216394335260247,0.004331838489974871,0.029186968032576033,-0.06004383128549051,0.029186968588263085,-0.06004383102819588
140900000.0,0.0,0.0,0.0,0.0,-0.0025417099740110416,-0.008171712121908925,-0.0025417099788853648,-0.008171712293028932,0.0,0.0,0.0,0.0,-0.00033717023374890687,0.0055678211400653765,-0.00033717023379153943,0.005567820975029392,0.008077156699187071,-0.06777370169093544,0.008077156689608955,-0.06777370235704439
141200000.0,0.0,0.0,0.0,0.0,-0.006798141864365448,-0.005356747232037051,-0.006798142030262966,-0.0053567471646953635,0.0,0.0,0.0,0.0,0.002938029457510538,0.00481147198330234,0.002938029298178435,0.00481147204550858,-0.014930846615072824,-0.06810896469682248,-0.014930847253083357,-0.06810896443944614
141500000.0,0.0,0.0,0.0,0.0,-0.008738150368245101,-0.000566069480099074,-0.008738150259091526,-0.0005660693424838215,0.0,0.0,0.0,0.0,0.0052187834730546,0.002288709669390876,0.00521878357696437,0.002288709800378541,-0.037251330238504465,-0.06065373768220361,-0.03725132981864476,-0.06065373716351363
141800000.0,0.0,0.0,0.0,0.0,-0.007605958379684807,0.004546989303710891,-0.00760595827532029,0.004546989178861427,0.0,0.0,0.0,0.0,0.005649795742343144,-0.0011254128984972134,0.005649795838252203,-0.0011254130179971789,-0.05625203128936107,-0.045915310084604144,-0.05625203090961861,-0.04591531056294773
142100000.0,0.0,0.0,0.0,0.0,-0.003719608504653138,0.008161605063531141,-0.00371960862672438,0.00816160498556684,0.0,0.0,0.0,0.0,0.004027698031734417,-0.004206685562123336,0.004027697914793293,-0.004206685633723062,-0.06956908415840246,-0.025287901516682698,-0.06956908461695832,-0.02528790179452678
142400000.0,0.0,0.0,0.0,0.0,0.001603942777649081,0.008936098678298698,0.0016039427104317383,0.008936098792372338,0.0,0.0,0.0,0.0,0.0008949035285610307,-0.005819484201164293,0.0008949034665732825,-0.0058194840934207015,-0.07540445606305468,-0.0009269837874992248,-0.07540445630638715,-0.000926983368608969
142700000.0,0.0,0.0,0.0,0.0,0.006486728794811825,0.006509262781683844,0.006486728908157602,0.0065092628489571425,0.0,0.0,0.0,0.0,-0.0026374936875726007,-0.0053361655548345155,-0.0026374935815880463,-0.005336165489879363,-0.07276811993160948,0.02447532206242009,-0.07276811951948048,0.024475322317250026
143000000.0,0.0,0.0,0.0,0.0,0.009149660921451641,0.00166736201762685,0.009149660988896358,0.001667361891668051,0.0,0.0,0.0,0.0,-0.005281910039471427,-0.002882681936944742,-0.0052819099743715014,-0.002882682054191399,-0.061632506390708386,0.04799041757670519,-0.06163250612654281,0.04799041711409835
143300000.0,0.0,0.0,0.0,0.0,0.00856393253148724,-0.0039005600933261775,0.008563932385243334,-0.0039005601472190676,0.0,0.0,0.0,0.0,-0.006043771494802286,0.000686337703388773,-0.006043771633571282,0.0006863376515990893,-0.042976364259587285,0.06679517365152954,-0.04297636481037159,0.06679517343347285
143600000.0,0.0,0.0,0.0,0.0,0.0048536554929654585,-0.008188513100412464,0.004853655474178709,-0.008188512939293346,0.0,0.0,0.0,0.0,-0.0045968796724764616,0.004082669561542573,-0.0045968796901831865,0.004082669718686205,-0.018708001103220795,0.07851528308914624,-0.018708001190546497,0.07851528371269012
143900000.0,0.0,0.0,0.0,0.0,-0.0007107438246265474,-0.009598997185923608,-0.0007107436665449995,-0.009598997217658223,0.0,0.0,0.0,0.0,-0.0014224031216372168,0.006048814814390013,-0.0014224029656446646,0.006048814782868561,0.008527567549521109,0.08152785497020787,0.008527568168460675,0.08152785485990854
144200000.0,0.0,0.0,0.0,0.0,-0.006143389742476302,-0.007543945668162522,-0.0061433898259366515,-0.007543945795228879,0.0,0.0,0.0,0.0,0.0023473704314795896,0.005824342779854774,0.002347370348402933,0.0058243426535184994,0.035638451672738825,0.07518446862459705,0.035638451353506184,0.07518446812580137
144500000.0,0.0,0.0,0.0,0.0,-0.009453824576752368,-0.0026917579852536733,-0.009453824643827602,-0.0026917578666285635,0.0,0.0,0.0,0.0,0.005331317445666173,0.0034410449122095343,0.005331317377056166,0.0034410450301312068,0.05944085838770263,0.05992427000344769,0.059440858121547535,0.05992427046791349
144800000.0,0.0,0.0,0.0,0.0,-0.009381712409592069,0.003244672616679267,-0.009381712285758681,0.0032446726079005117,0.0,0.0,0.0,0.0,0.006405489438648715,-0.0002679052473730792,0.006405489561572608,-0.00026790525163455925,0.07703809517825277,0.037259109940929847,0.0770380956637382,0.037259109911738975
145100000.0,0.0,0.0,0.0,0.0,-0.005880878633760744,0.008114044580689317,-0.005880878713881543,0.00811404448571551,0.0,0.0,0.0,0.0,0.005127571928369434,-0.0039565885302268455,0.005127571854671942,-0.003956588623047708,0.08617793672766538,0.009627897920378992,0.08617793641849403,0.009627897554593368
145400000.0,0.0,0.0,0.0,0.0,-0.00016453197488885962,0.010110813045741018,-0.00016453201276078744,0.010110813173893618,0.0,0.0,0.0,0.0,0.001919237547525654,-0.006253950325810997,0.0019192375117143001,-0.0062539502047753714,0.08554372203276728,-0.01986650403853485,0.08554372189803416,-0.01986650354101993
145700000.0,0.0,0.0,0.0,0.0,0.005715664699380341,0.008448616343829318,0.0057156648420289,0.008448616312232371,0.0,0.0,0.0,0.0,-0.00206878375092856,-0.006274252675997349,-0.002068783616650194,-0.006274252708501127,0.07494120750762079,-0.04780951066346084,0.07494120805917248,-0.047809510802287125
146000000.0,0.0,0.0,0.0,0.0,0.009609286505309456,0.0036697798532150383,0.009609286413208906,0.003669779725945732,0.0,0.0,0.0,0.0,-0.005367817124152907,-0.003960148069534153,-0.005367817216225035,-0.003960148186146206,0.055354809485493206,-0.07087576782953486,0.05535480910775448,-0.07087576830851972
146300000.0,0.0,0.0,0.0,0.0,0.010056526757537654,-0.002530351749698234,0.010056526664612875,-0.0025303516193851405,0.0,0.0,0.0,0.0,-0.0067325607517148,-0.00012485683770302458,-0.0067325608316792795,-0.00012485670899242685,0.02886230252109101,-0.08623100472102055,0.028862302193815026,-0.08623100419671295
146600000.0,0.0,0.0,0.0,0.0,0.006836100704163073,-0.007906707376631683,0.0068361008462147765,-0.007906707321088557,0.0,0.0,0.0,0.0,-0.005613009573693262,0.00383113876443697,-0.005613009434711103,0.0038311388051350814,-0.0015856426539357926,-0.0918854164276579,-0.0015856420894380108,-0.09188541626164959
146900000.0,0.0,0.0,0.0,0.0,0.0010664585599613474,-0.010479114840793002,0.0010664585856545727,-0.010479114975400439,0.0,0.0,0.0,0.0,-0.002377307079854063,0.006431450987251619,-0.0023773070677606256,0.006431450857144139,-0.03249771598289897,-0.08695381583309736,-0.03249771593438311,-0.086953816359566
147200000.0,0.0,0.0,0.0,0.0,-0.00518280999941112,-0.009261990897801109,-0.0051828101216102596,-0.009261990912261986,0.0,0.0,0.0,0.0,0.0018054069262660732,0.006676521589216389,0.0018054068110870958,0.006676521590025519,-0.06024807399157339,-0.07178817726406095,-0.060248074457334155,-0.07178817726571074
147500000.0,0.0,0.0,0.0,0.0,-0.009633662625574857,-0.004640778268535151,-0.009633662640126772,-0.004640778152619873,0.0,0.0,0.0,0.0,0.005386814926566785,0.004429937409439866,0.005386814927959449,0.004429937516666982,-0.08150821808789033,-0.04796325952341807,-0.08150821809307729,-0.047963259090602506
147800000.0,0.0,0.0,0.0,0.0,-0.010629889968143402,0.0017474016658685088,-0.010629889848814855,0.001747401681939209,0.0,0.0,0.0,0.0,0.007013913955887574,0.000488041677392026,0.007013914066902771,0.00048804167764870954,-0.093652313527258,-0.018113793554305424,-0.09365231307835131,-0.01811379354082554
148100000.0,0.0,0.0,0.0,0.0,-0.007753102372362264,0.007592678453653967,-0.007753102366081066,0.00759267832291588,0.0,0.0,0.0,0.0,0.006042324375002295,-0.0037009399674214905,0.006042324365495233,-0.0037009400903391665,-0.09508581158696927,0.014359938708824238,-0.09508581160699237,0.014359938209951295
148400000.0,0.0,0.0,0.0,0.0,-0.001996084257385178,0.010746849860749919,-0.001996084395671005,0.010746849879978093,0.0,0.0,0.0,0.0,0.002792746201507157,-0.006569707644382916,0.0027927460699999074,-0.006569707609434872,-0.08545576945493849,0.045684724897011364,-0.08545576999023297,0.04568472501630261
148700000.0,0.0,0.0,0.0,0.0,0.004577285399037123,0.010012738359596263,0.004577285453891022,0.010012738490360551,0.0,0.0,0.0,0.0,-0.001551934744682626,-0.0070202539299613065,-0.0015519346729035988,-0.007020253806913512,-0.06571510607386699,0.07215917887116063,-0.06571510580685924,0.0721591793785965
149000000.0,0.0,0.0,0.0,0.0,0.009570272315770012,0.005599011891872285,0.009570272414634928,0.005599011803114173,0.0,0.0,0.0,0.0,-0.005377226902709253,-0.0048461798143757395,-0.0053772268107508125,-0.004846179922265215,-0.038030500229126574,0.09059742250367608,-0.038030499847096166,0.09059742209212973
149300000.0,0.0,0.0,0.0,0.0,0.011126716512592338,-0.0009322136356311184,0.011126716407147796,-0.0009322136811205084,0.0,0.0,0.0,0.0,-0.007238684444175192,-0.0008257458750927094,-0.007238684571120757,-0.0008257459129297207,-0.005542622022545629,0.09871781700755738,-0.005542622512905382,0.09871781683960379
149600000.0,0.0,0.0,0.0,0.0,0.008622042698846144,-0.007215410336238293,0.008622042715671796,-0.007215410240608122,0.0,0.0,0.0,0.0,-0.006409847345281605,0.0035559369040205624,-0.00640984731992944,0.0035559370224831355,0.027994498260383693,0.09542880217001004,0.027994498346174623,0.09542880262763775
149900000.0,0.0,0.0,0.0,0.0,0.0029146642632014164,-0.010937176275970018,0.002914664318879545,-0.01093717634744884,0.0,0.0,0.0,0.0,-0.003167492518784343,0.006657013984076698,-0.0031674924390188153,0.006657013903042852,0.058653065183222,0.08097571927157166,0.058653065485458455,0.0809757189630762
150200000.0,0.0,0.0,0.0,0.0,-0.003943534494538881,-0.010689030907526487,-0.003943534596260179,-0.010689030901460228,0.0,0.0,0.0,0.0,0.0012988657946380044,0.007296966629217749,0.0012988656821448785,0.007296966609890987,0.08279797241002029,0.05692892034152841,0.08279797197556604,0.05692892028229046
150500000.0,0.0,0.0,0.0,0.0,-0.009442506377439486,-0.006503417170019787,-0.009442506305447296,-0.006503417068380202,0.0,0.0,0.0,0.0,0.005324849873318271,0.005208468374281239,0.005324849919730923,0.005208468486953777,0.09752407870297475,0.026012490545943123,0.09752407890908898,0.026012490980932057
150800000.0,0.0,0.0,0.0,0.0,-0.011533684787195853,0.00013202138449841527,-0.011533684715800518,0.00013202125852274094,0.0,0.0,0.0,0.0,0.0073945317413404155,0.0011484974225446365,0.007394531826349748,0.0011484973226743023,0.1010110417305441,-0.008207775119995375,0.1010110420506578,-0.008207775541805518
151100000.0,0.0,0.0,0.0,0.0,-0.009397624952185879,0.006799492800819706,-0.009397625108960028,0.006799492776522698,0.0,0.0,0.0,0.0,0.006713839537070498,-0.0033775600196364053,0.006713839408121203,-0.00337756006048906,0.09275172977075385,-0.041741096134394695,0.0927517292298603,-0.041741096275277556
151400000.0,0.0,0.0,0.0,0.0,-0.003770152599713583,0.011033273121189069,-0.0037701525780562406,0.011033273283693745,0.0,0.0,0.0,0.0,0.0035154513699922063,-0.006677161822491229,0.0035154513734028114,-0.0066771616896907915,0.07362510583214998,-0.07064385358029668,0.07362510586776239,-0.07064385302648901
151700000.0,0.0,0.0,0.0,0.0,0.003306114528015769,0.011237721166441617,0.0033061146764623572,0.011237721112539845,0.0,0.0,0.0,0.0,-0.0010220185825460248,-0.007505826359469836,-0.00102201846408434,-0.007505826394609727,0.04580308327811622,-0.091490545284028,0.04580308376910125,-0.09149054544176138
152000000.0,0.0,0.0,0.0,0.0,0.00922521908876206,0.007296149171384769,0.009225219019299402,0.007296149043135358,0.0,0.0,0.0,0.0,-0.005211073695377877,-0.005536419875198817,-0.005211073743282668,-0.005536419974077944,0.012501009951307651,-0.10178638696605091,0.012501009743161262,-0.10178638737390955
152300000.0,0.0,0.0,0.0,0.0,0.011785572615664819,0.0006329982948543034,0.011785572501679553,0.0006329983674078221,0.0,0.0,0.0,0.0,-0.007484465552067832,-0.0014859071514123912,-0.007484465637645599,-0.0014859071051489536,-0.022399260674433208,-0.10027093989310742,-0.022399261025739747,-0.10027093968847822
152600000.0,0.0,0.0,0.0,0.0,0.010017706773155055,-0.006304455828434641,0.010017706846241481,-0.006304455719067903,0.0,0.0,0.0,0.0,-0.006980942355340858,0.003147641858632255,-0.00698094231131563,0.0031476419402096667,-0.05480886129842588,-0.0870750819380035,-0.05480886111098471,-0.08707508159413635
152900000.0,0.0,0.0,0.0,0.0,0.0045543146771080956,-0.010954779390601743,0.004554314789956493,-0.010954779470360165,0.0,0.0,0.0,0.0,-0.0038696509753179953,0.006639667027869223,-0.003869650887409648,0.006639666978841774,-0.08091863958378553,-0.06371134798590106,-0.08091863921596598,-0.06371134818721913
153200000.0,0.0,0.0,0.0,0.0,-0.0026017307936001544,-0.011597379564733501,-0.002601730891072407,-0.011597379677816377,0.0,0.0,0.0,0.0,0.0007071888542498073,0.007679943159295988,0.0007071887885530259,0.007679943066776218,-0.09765410446310341,-0.03289803247840695,-0.09765410472975589,-0.03289803286082815
153500000.0,0.0,0.0,0.0,0.0,-0.008822874635484368,-0.007990631287164263,-0.008822874734860875,-0.007990631162975603,0.0,0.0,0.0,0.0,0.005053178044960305,0.005862879055754888,0.005053177962309974,0.005862879146299349,-0.10304324422037325,0.0017621185894327596,-0.10304324456538438,0.001762118959227621
153800000.0,0.0,0.0,0.0,0.0,-0.011830183769291125,-0.001454650252028955,-0.011830183622635104,-0.0014546501862611194,0.0,0.0,0.0,0.0,0.007545319933484507,0.0018451915885719927,0.007545320046318693,0.0018451916411592606,-0.09645243461402231,0.03620990890252784,-0.09645243415037896,0.03620990913238842
154100000.0,0.0,0.0,0.0,0.0,-0.010527117931744101,0.005623809598503726,-0.010527117915955841,0.005623809444983863,0.0,0.0,0.0,0.0,0.007239568435466026,-0.0028902206188448076,0.0072395684417898565,-0.0028902207390828494,-0.07866180524781896,0.06641256590414457,-0.0786618052004684,0.06641256540977736
154400000.0,0.0,0.0,0.0,0.0,-0.005389113476937268,0.010669503775353917,-0.005389113612736196,0.010669503814064285,0.0,0.0,0.0,0.0,0.0042290415034358375,-0.006580620406545279,0.004229041400165556,-0.00658062036126239,-0.05177109988717632,0.08884304201739468,-0.05177110031220877,0.08884304217438199
154700000.0,0.0,0.0,0.0,0.0,0.001721462351667924,0.01185138772920169,0.0017214624332666517,0.011851387822069626,0.0,0.0,0.0,0.0,-0.0003817351758783616,-0.007839791825865916,-0.0003817350905137573,-0.00783979176532057,-0.018947728537455077,0.10089788219077889,-0.018947728217469262,0.10089788244415132
155000000.0,0.0,0.0,0.0,0.0,0.008233994083255425,0.008735187783869947,0.008233994114149823,0.008735187682823664,0.0,0.0,0.0,0.0,-0.004881536823234001,-0.0061798300972668585,-0.0048815368231487355,-0.006179830199648961,0.015952131472417364,0.10120346852883699,0.015952131487409815,0.1012034681410725
155300000.0,0.0,0.0,0.0,0.0,0.011791557490226978,0.0024328079485727017,0.011791557397842212,0.0024328079799289526,0.0,0.0,0.0,0.0,-0.007588231674077406,-0.0022008109686026955,-0.007588231763875797,-0.0022008109091160577,0.048843288344514235,0.0897742585079655,0.0488432880060401,0.08977425873586498
155600000.0,0.0,0.0,0.0,0.0,0.011091291189060826,-0.004794563412993114,0.011091291267874226,-0.004794563353478054,0.0,0.0,0.0,0.0,-0.0074785903580192326,0.002626082881342029,-0.007478590252759432,0.0026260829343272007,0.07589656350292273,0.06800470536690995,0.07589656391296273,0.06800470555738514
155900000.0,0.0,0.0,0.0,0.0,0.006353543961637342,-0.010337778381270368,0.006353543974867648,-0.010337778482757187,0.0,0.0,0.0,0.0,-0.004575258607658839,0.006503270709480091,-0.0045752586039498055,0.006503270583749554,0.09399076396593387,0.03849669279108525,0.09399076396015005,0.03849669229887809
156200000.0,0.0,0.0,0.0,0.0,-0.0007430494071343219,-0.012169273829783833,-0.0007430495065250398,-0.01216927379937971,0.0,0.0,0.0,0.0,5.5473018790053175e-05,0.00797655309673928,5.547289738672134e-05,0.007976553138810516,0.10107761288600159,0.004744150520672008,0.10107761241435753,0.004744150709768746
156500000.0,0.0,0.0,0.0,0.0,-0.007644672791386142,-0.009579014299458066,-0.007644672732240565,-0.009579014217013793,0.0,0.0,0.0,0.0,0.004695580063241778,0.006479938049572809,0.004695580136200306,0.006479938150189213,0.09641650396378054,-0.029286465359643188,0.09641650427420245,-0.029286464975200488
156800000.0,0.0,0.0,0.0,0.0,-0.011829763881607391,-0.003453600820769509,-0.011829763820045969,-0.0034536008887755543,0.0,0.0,0.0,0.0,0.007612017629298862,0.0025522088660387965,0.00761201770508535,0.0025522087808944605,0.08065184245218404,-0.059628894800500376,0.0806518427334737,-0.059628895154190786
157100000.0,0.0,0.0,0.0,0.0,-0.011726415687064673,0.004014270787646268,-0.01172641575119826,0.004014270741773629,0.0,0.0,0.0,0.0,0.0077027271981791046,-0.0023563296842930015,0.0077027271154292976,-0.0023563297429305408,0.05572485016961082,-0.08278596482022493,0.05572484983018455,-0.0827859650260443
157400000.0,0.0,0.0,0.0,0.0,-0.007308183643601751,0.010099900550002872,-0.0073081836865043215,0.010099900605894163,0.0,0.0,0.0,0.0,0.004912644592437232,-0.006417559275217144,0.004912644540425504,-0.0064175592001660675,0.024631728276872877,-0.09613847801717057,0.024631728097801897,-0.0961384777072638
157700000.0,0.0,0.0,0.0,0.0,-0.000138673164670422,0.012537763511485167,-0.00013867310897808238,0.012537763559361537,0.0,0.0,0.0,0.0,0.00026368545205457394,-0.008104769212867069,0.0002636855247715175,-0.008104769159235303,-0.00894150142403305,-0.09824557225435271,-0.008941501118016504,-0.0982455720666664
158000000.0,0.0,0.0,0.0,0.0,0.007171185058879814,0.010370643441152794,0.007171185111545242,0.010370643377079602,0.0,0.0,0.0,0.0,-0.004516798110032028,-0.006766816389493613,-0.004516798057153437,-0.006766816471586168,-0.04106247337581692,-0.08900149495050869,-0.041062473179337644,-0.08900149529374701
158300000.0,0.0,0.0,0.0,0.0,0.011910972579926238,0.004334974200308039,0.011910972499904915,0.004334974153820781,0.0,0.0,0.0,0.0,-0.007636214718260703,-0.002881634113904852,-0.007636214818077747,-0.002881634157454016,-0.06802015265536454,-0.06963143895575996,-0.06802015306287501,-0.06963143911713132
158600000.0,0.0,0.0,0.0,0.0,0.012281241846508806,-0.0033776446852407105,0.0122812418203182,-0.0033776445912003794,0.0,0.0,0.0,0.0,-0.007909876535094895,0.002111113569576162,-0.007909876555430628,0.0021111136836466926,-0.08676017187880802,-0.04252878759862355,-0.08676017194282792,-0.04252878713616326
158900000.0,0.0,0.0,0.0,0.0,0.008087211237821634,-0.009912418601981443,0.008087211331385902,-0.009912418608390539,0.0,0.0,0.0,0.0,-0.0052138283418941,0.006342198085299344,-0.005213828228818329,0.006342198069223315,-0.09523583349709952,-0.010955381260856711,-0.0952358330358436,-0.01095538134401508
159200000.0,0.0,0.0,0.0,0.0,0.0008431186654007661,-0.012813168307669542,0.0008431186245445588,-0.012813168380148454,0.0,0.0,0.0,0.0,-0.0005422176243996546,0.008214068758533699,-0.0005422176798930423,0.008214068667594887,-0.09263370950370131,0.021357165588185012,-0.09263370974102259,0.021357165215189156
159500000.0,0.0,0.0,0.0,0.0,-0.006769476429312249,-0.01095715413674725,-0.006769476459894008,-0.010957154072691822,0.0,0.0,0.0,0.0,0.00435832001389258,0.007006986063608167,0.004358319964907764,0.007006986146066652,-0.07944862428566069,0.050655567395729406,-0.0794486244855932,0.05065556774070501
159800000.0,0.0,0.0,0.0,0.0,-0.011899536968002167,-0.0050013648636024755,-0.011899536902518548,-0.005001364884840598,0.0,0.0,0.0,0.0,0.00764309173376887,0.003158062716153154,0.0076430918201566556,0.003158062711669629,-0.057401546956882044,0.0736076085883326,-0.057401546594448405,0.07360760856823134
160100000.0,0.0,0.0,0.0,0.0,-0.012607594804151745,0.0028439460298912422,-0.012607594874353367,0.0028439459913229825,0.0,0.0,0.0,0.0,0.00806610039778377,-0.0018960830362928505,0.008066100341679316,-0.0018960830989200872,-0.029213190792447108,0.08768636913945471,-0.029213191020545537,0.08768636886524916
160400000.0,0.0,0.0,0.0,0.0,-0.0086129863521478,0.009641580335795652,-0.008612986343877083,0.00964158043952068,0.0,0.0,0.0,0.0,0.005454570018386562,-0.006256282261240642,0.005454569996842906,-0.0062562821689695625,0.0017366080820124807,0.09145096342000159,0.0017366079813143642,0.09145096378885853
160700000.0,0.0,0.0,0.0,0.0,-0.0014104201263052119,0.012842393725655654,-0.0014104200138262968,0.012842393664442397,0.0,0.0,0.0,0.0,0.0007801402716438588,-0.008275827620934706,0.0007801403745730795,-0.008275827648077438,0.031820450407934686,0.08469229985592364,0.03182045081983631,0.08469229975137438
161000000.0,0.0,0.0,0.0,0.0,0.006297068060149513,0.011256669549290166,0.006297067953838109,0.011256669453693746,0.0,0.0,0.0,0.0,-0.004202143196863517,-0.007183985575224483,-0.004202143266695657,-0.0071839856638789,0.057594939452144445,0.06842943474457996,0.05759493916973213,0.06842943438471849
161300000.0,0.0,0.0,0.0,0.0,0.011629912099877515,0.0055012080610694625,0.011629912036696055,0.005501208196839968,0.0,0.0,0.0,0.0,-0.007613058984489385,-0.003382073195147939,-0.007613059043663384,-0.0033820730972635715,0.07620014395682517,0.04476052631543581,0.07620014370910155,0.04476052670669617
161600000.0,0.0,0.0,0.0,0.0,0.012623612300387776,-0.0022502851027752513,0.01262361244708643,-0.0022502850743464364,0.0,0.0,0.0,0.0,-0.00815976566906329,0.0017019628547245702,-0.008159765562737675,0.0017019628834873402,0.08568003803765123,0.01658979693601026,0.08568003845863359,0.016589797062671607
161900000.0,0.0,0.0,0.0,0.0,0.008955133655589975,-0.009107017863833278,0.008955133658346881,-0.009107018006147882,0.0,0.0,0.0,0.0,-0.005629218935155222,0.0061493272482877614,-0.00562921892763768,0.006149327148740724,0.08518769218680688,-0.012733709090419154,0.08518769222582989,-0.01273370948413799
162200000.0,0.0,0.0,0.0,0.0,0.002032869811898763,-0.012553892896150387,0.0020328696814004843,-0.012553892884795914,0.0,0.0,0.0,0.0,-0.0009746149891896039,0.008277013760562113,-0.0009746150767568906,0.008277013762750585,0.07505383118405007,-0.03982010950952031,0.0750538308361115,-0.03982010951293091
162500000.0,0.0,0.0,0.0,0.0,-0.00556319352422463,-0.011373463749990265,-0.00556319350576473,-0.011373463626654257,0.0,0.0,0.0,0.0,0.004042851258915903,0.007279729418641523,0.0040428512613743806,0.00727972949923128,0.05671437805263224,-0.061636076737173084,0.05671437804748791,-0.061636076414941954
162800000.0,0.0,0.0,0.0,0.0,-0.011055164890208857,-0.006059325193348286,-0.011055164765693348,-0.006059325217123046,0.0,0.0,0.0,0.0,0.007523990278400561,0.00353928000420467,0.007523990360581934,0.0035392800026983195,0.03250964175607862,-0.07584846071247853,0.03250964209102847,-0.07584846070187723
163100000.0,0.0,0.0,0.0,0.0,-0.012478474730784228,0.0014066242831347608,-0.012478474765032388,0.0014066241516701439,0.0,0.0,0.0,0.0,0.00815697221969458,-0.0015211426271690698,0.008156972212503888,-0.0015211427176495818,0.005382887632080724,-0.08107475251564722,0.005382887617230381,-0.08107475288865373
163400000.0,0.0,0.0,0.0,0.0,-0.009366374099329278,0.008301429938711635,-0.009366374233593433,0.008301429995597687,0.0,0.0,0.0,0.0,0.005716663178532144,-0.005983387946230323,0.005716663082893092,-0.0059833879216313335,-0.021482668074796152,-0.07701336006425663,-0.021482668477048605,-0.07701335997577985
163700000.0,0.0,0.0,0.0,0.0,-0.002883780117713286,0.012145461724543338,-0.0028837800307996986,0.012145461847140382,0.0,0.0,0.0,0.0,0.001143902091655491,-0.008168813545793796,0.0011439021426440377,-0.008168813457160695,-0.045043136506365045,-0.06444195174815093,-0.04504313630748413,-0.06444195136738529
164000000.0,0.0,0.0,0.0,0.0,0.004612037191265017,0.011575612599926899,0.004612037283351356,0.011575612483582631,0.0,0.0,0.0,0.0,-0.0038232069279473535,-0.007274355533169796,-0.00382320686404114,-0.007274355609666827,-0.06274362423783941,-0.0450884339078641,-0.06274362395136279,-0.045088434216879136
164300000.0,0.0,0.0,0.0,0.0,0.01041667540329172,0.006814806792490913,0.010416675270363385,0.006814806746518798,0.0,0.0,0.0,0.0,-0.0073174757369116605,-0.003665687607082191,-0.0073174758280742935,-0.0036656876302743058,-0.07279747163281058,-0.0213944053472801,-0.07279747200308861,-0.0213944054734867
164600000.0,0.0,0.0,0.0,0.0,0.012437050018789364,-0.00041355653961261396,0.012437050025170038,-0.00041355641208440375,0.0,0.0,0.0,0.0,-0.008048044468381477,0.001278230035140382,-0.00804804444466356,0.0012782301197660217,-0.07436414226413035,0.0037966775255142693,-0.07436414220092047,0.003796677871207521
164900000.0,0.0,0.0,0.0,0.0,0.009937046258542637,-0.007495778605431269,0.009937046357720192,-0.007495778658793029,0.0,0.0,0.0,0.0,-0.005774125353497084,0.005698908902814992,-0.005774125297804744,0.005698908837842964,-0.0676082804478284,0.027586329987201452,-0.06760828021894838,0.027586329756459804
165200000.0,0.0,0.0,0.0,0.0,0.00381070108274173,-0.011858217351090161,0.0038107009996508623,-0.011858217404324023,0.0,0.0,0.0,0.0,-0.0013758457474040142,0.007959030988999416,-0.001375845835354994,0.007959030979847626,-0.05363763667777732,0.04735981544757806,-0.05363763700628965,0.04735981540109435
165500000.0,0.0,0.0,0.0,0.0,-0.0037236312985271525,-0.011897607899072682,-0.0037236313009429978,-0.011897607811008015,0.0,0.0,0.0,0.0,0.003491787084016096,0.007244945064471153,0.0034917871248438814,0.007244945154084803,-0.034332441656573565,0.061076521072820356,-0.034332441503281075,0.061076521402014805
165800000.0,0.0,0.0,0.0,0.0,-0.009914728609942358,-0.007577357028552001,-0.009914728539101247,-0.007577357069720847,0.0,0.0,0.0,0.0,0.007022267822819117,0.003852757959108999,0.007022267892494938,0.0038527578763023484,-0.012091588121734276,0.06747918343904757,-0.012091587879410781,0.06747918312338186
166100000.0,0.0,0.0,0.0,0.0,-0.012481054591390262,-0.00046175650604141083,-0.012481054659332358,-0.00046175654833291446,0.0,0.0,0.0,0.0,0.007923927275683695,-0.0009374212607298205,0.007923927170082834,-0.0009374212979764707,0.010469932080980016,0.06620065967236144,0.010469931675103794,0.06620065956471421
166400000.0,0.0,0.0,0.0,0.0,-0.010459129117506905,0.006840940417333741,-0.010459129131646705,0.0068409404932623374,0.0,0.0,0.0,0.0,0.005887129353524756,-0.005344127009472288,0.00588712934876412,-0.005344126900638457,0.03083358122394486,0.057760527789760374,0.030833581250803377,0.05776052820665001
166700000.0,0.0,0.0,0.0,0.0,-0.004576461313220648,0.011633716255715854,-0.004576461244951702,0.011633716251061799,0.0,0.0,0.0,0.0,0.0016871012890362636,-0.007743432158385133,0.0016871013868211548,-0.007743432177846898,0.04686177818277315,0.04345767011942314,0.04686177855370488,0.04345767000015144
167000000.0,0.0,0.0,0.0,0.0,0.003001785237657373,0.012133963388350821,0.003001785224441278,0.012133963331130815,0.0,0.0,0.0,0.0,-0.0031102528259339124,-0.007263512372468028,-0.003110252856103557,-0.007263512455821797,0.05702174649255198,0.02517744541034972,0.05702174633505308,0.025177445102386287
167300000.0,0.0,0.0,0.0,0.0,0.009468632779288555,0.008147127774634555,0.009468632727390514,0.008147127787623276,0.0,0.0,0.0,0.0,-0.006729435689081242,-0.004099472425885153,-0.0067294357634040125,-0.004099472394621273,0.06052538239613625,0.005141490464275478,0.060525382131160654,0.005141490618740363
167600000.0,0.0,0.0,0.0,0.0,0.012421536188924165,0.0011508345238695483,0.012421536198232275,0.0011508345797395236,0.0,0.0,0.0,0.0,-0.007839752464988692,0.0005649178217836948,-0.007839752435927494,0.0005649178952893408,0.057373457534026784,-0.01436643817032035,0.0573734576749132,-0.014366437912137542
167900000.0,0.0,0.0,0.0,0.0,0.010766103749759282,-0.0062507826626188034,0.010766103815427641,-0.006250782673340893,0.0,0.0,0.0,0.0,-0.00604297305773116,0.004998281671618088,-0.006042972978903549,0.00499828163915339,0.048304888910095656,-0.03126426044435249,0.04830488918655362,-0.031264260594852544
168200000.0,0.0,0.0,0.0,0.0,0.005131787540562982,-0.011303040322786728,0.00513178751708665,-0.011303040394750496,0.0,0.0,0.0,0.0,-0.002015830501463256,0.007562061564932776,-0.0020158305475064253,0.007562061482765614,0.034663398342686946,-0.04389413618249449,0.03466339814173125,-0.04389413647035667
168500000.0,0.0,0.0,0.0,0.0,-0.0023646198047373446,-0.01213874182328567,-0.002364619873731044,-0.012138741779132545,0.0,0.0,0.0,0.0,0.002743500492357498,0.007314139580316237,0.0027435004168125943,0.007314139646496187,0.01820318211807148,-0.051180017868276195,0.01820318185899339,-0.051180017589459226
168800000.0,0.0,0.0,0.0,0.0,-0.008922110531244698,-0.008480047397753765,-0.00892211046843272,-0.008480047345237551,0.0,0.0,0.0,0.0,0.006470155023890811,0.0043542938803966535,0.006470155107322739,0.0043542939343481635,0.0008612146522040121,-0.05270601376837902,0.0008612150032973886,-0.05270601359471527
169100000.0,0.0,0.0,0.0,0.0,-0.012117249467834768,-0.0017320017266868604,-0.012117249444344225,-0.0017320017942026311,0.0,0.0,0.0,0.0,0.007784297007177088,-0.00021414515708784165,0.007784297026049103,-0.0002141452464456961,-0.015474060379148113,-0.0487121334198406,-0.015474060342555163,-0.04871213379377792
169400000.0,0.0,0.0,0.0,0.0,-0.010812681498563848,0.005566879879800979,-0.010812681554455139,0.00556687989204363,0.0,0.0,0.0,0.0,0.006201258968502543,-0.004691958739933,0.006201258891849193,-0.004691958719682532,-0.02916966102887386,-0.04001441091543967,-0.02916966135093446,-0.04001441079706325
169700000.0,0.0,0.0,0.0,0.0,-0.005561954054982721,0.01071705652412902,-0.0055619540133307055,0.01071705655073174,0.0,0.0,0.0,0.0,0.0023129438666416036,-0.007412708104482135,0.0023129439183122713,-0.007412708059419515,-0.03900778617875744,-0.02786522350469056,-0.039007785935069705,-0.027865223312204535
170000000.0,0.0,0.0,0.0,0.0,0.001635326621297395,0.011869079703686225,0.0016353266089055296,0.011869079654118764,0.0,0.0,0.0,0.0,-0.0024286009961116406,-0.007362899293084979,-0.0024286009956142607,-0.007362899358454911,-0.0442832135417035,-0.013775799381761544,-0.044283213528416354,-0.013775799676025713
