frequency_Hz,air_re,air_im,reflection_re,reflection_im,theory_air_re,theory_air_im,theory_reflection_re,theory_reflection_im
2.000000000000000000e+07,-3.660211272468822585e+01,-1.503471735977589141e+01,6.341998282709738533e+00,6.208647637403430508e+00,-3.660170438836831153e+01,-1.503371939580943462e+01,6.341792509475311590e+00,6.208731815123922360e+00
2.030000000000000000e+07,-3.706464518592424895e+01,-1.481499626179002327e+01,7.450665009069165734e+00,4.943630281707820373e+00,-3.706416747770467168e+01,-1.481401995035783870e+01,7.450426649192568362e+00,4.943798226752901037e+00
2.060000000000000000e+07,-3.752334373552200475e+01,-1.458772771385390499e+01,8.307375275202609544e+00,3.481674732962751762e+00,-3.752286626241193090e+01,-1.458679260570459135e+01,8.307186905322847537e+00,3.481943972819613098e+00
2.090000000000000000e+07,-3.797819696557096592e+01,-1.435308401158082070e+01,8.877451595300101417e+00,1.872943993882257629e+00,-3.797775256863155136e+01,-1.435213346122679035e+01,8.877357969862098130e+00,1.873251011158647783e+00
2.120000000000000000e+07,-3.842923059623577586e+01,-1.411114356185896312e+01,9.136199121148354862e+00,1.735618789792461314e-01,-3.842877854234549773e+01,-1.411013701105227724e+01,9.136168244781041281e+00,1.738569901657781025e-01
2.150000000000000000e+07,-3.887639810014935904e+01,-1.386193517688567134e+01,9.069833884821356662e+00,-1.556313165260727160e+00,-3.887589665343569578e+01,-1.386089623396757275e+01,9.069830872277597322e+00,-1.556015654633694512e+00
2.180000000000000000e+07,-3.931960202976471663e+01,-1.360553813127917522e+01,8.676155165613494091e+00,-3.254531560098094189e+00,-3.931905969971808190e+01,-1.360450267796826473e+01,8.676194967037805128e+00,-3.254205988428084506e+00
2.210000000000000000e+07,-3.975877880970698186e+01,-1.334207733543813390e+01,7.964865164732138680e+00,-4.859201710869278656e+00,-3.975822081095111571e+01,-1.334104653982316968e+01,7.964978331110013521e+00,-4.858859365357630189e+00
2.240000000000000000e+07,-4.019390240550482929e+01,-1.307165632051695248e+01,6.957374052418813903e+00,-6.311020530474076295e+00,-4.019333345281830816e+01,-1.307061673999330509e+01,6.957568046794758487e+00,-6.310689322108114396e+00
2.270000000000000000e+07,-4.062493405766919352e+01,-1.279435280904317729e+01,5.686119509162196550e+00,-7.555474758705914340e+00,-4.062435143088455902e+01,-1.279330099321904690e+01,5.686391121217103439e+00,-7.555173630767272996e+00
2.300000000000000000e+07,-4.105182322326461986e+01,-1.251025600645276370e+01,4.193526018212509143e+00,-8.544852302985113113e+00,-4.105122889452586321e+01,-1.250918587506357760e+01,4.193873220877387453e+00,-8.544603060400726591e+00
2.330000000000000000e+07,-4.147453747384923162e+01,-1.221945645946945369e+01,2.530614934867315924e+00,-9.240077281853915636e+00,-4.147392034083214440e+01,-1.221835688467844605e+01,2.531018899882258033e+00,-9.239905913622280309e+00
2.360000000000000000e+07,-4.189304207983746409e+01,-1.192201714987068506e+01,7.552325852845314103e-01,-9.612269925593400544e+00,-4.189238061848301697e+01,-1.192089850403600160e+01,7.556610192653703262e-01,-9.612178805218436040e+00
2.390000000000000000e+07,-4.230726615645388478e+01,-1.161800233221736356e+01,-1.070005174722027164e+00,-9.643894151750332711e+00,-4.230656493159590781e+01,-1.161689425385494800e+01,-1.069560261252012090e+00,-9.643864189480861882e+00
2.420000000000000000e+07,-4.271713577697279618e+01,-1.130752054197299472e+01,-2.879899075273037568e+00,-9.329490797017477632e+00,-4.271642884354655934e+01,-1.130642674642775525e+01,-2.879417947018345192e+00,-9.329527476459185564e+00
2.450000000000000000e+07,-4.312262791720949195e+01,-1.099069246824080182e+01,-4.608952059893141495e+00,-8.676054821975000664e+00,-4.312192828076129558e+01,-1.098957773554347384e+01,-4.608439068808878325e+00,-8.676200772228254365e+00
2.480000000000000000e+07,-4.352374460904944442e+01,-1.066758669010070193e+01,-6.193773269963799066e+00,-7.702994382453525191e+00,-4.352301953648101573e+01,-1.066642816368461766e+01,-6.193281619689010142e+00,-7.703275829273773745e+00
2.510000000000000000e+07,-4.392044110603653451e+01,-1.033823477543080571e+01,-7.575478692441535600e+00,-6.441556148889755917e+00,-4.391965927449638940e+01,-1.033705820666435216e+01,-7.575061033384987041e+00,-6.441945140528792635e+00
2.540000000000000000e+07,-4.431262739862035716e+01,-1.000270627303820348e+01,-8.701880102945871442e+00,-4.933752616072933250e+00,-4.431180453285419674e+01,-1.000154731585748991e+01,-8.701540610816987709e+00,-4.934206660400363376e+00
2.570000000000000000e+07,-4.470024119880444857e+01,-9.661121392714093759e+00,-9.529382810369746437e+00,-3.230948785279585067e+00,-4.469941272753437289e+01,-9.659974258168576355e+00,-9.529104394668003408e+00,-3.231463781562942561e+00
2.600000000000000000e+07,-4.508327319304545711e+01,-9.313584797038076957e+00,-1.002464043976554109e+01,-1.392172160700065220e+00,-4.508244165609742993e+01,-9.312417153869557040e+00,-1.002443811561702525e+01,-1.392767340146614519e+00
2.630000000000000000e+07,-4.546171116773602705e+01,-8.960151086933089815e+00,-1.016593684599931890e+01,5.179072449364667818e-01,-4.546084950130202884e+01,-8.958953512430747779e+00,-1.016585375457500540e+01,5.172400013871607527e-01
2.660000000000000000e+07,-4.583550052488407545e+01,-8.600868441673668485e+00,-9.944143031129137000e+00,2.431303087925007489e+00,-4.583459483469255247e+01,-8.599660266460123381e+00,-9.944205644480300421e+00,2.430605147832559432e+00
2.690000000000000000e+07,-4.620457567093284013e+01,-8.235818462043864585e+00,-9.363155133322877077e+00,4.279180314396153761e+00,-4.620363662015611794e+01,-8.234613803857966374e+00,-9.363360441201511009e+00,4.278490919922301572e+00
2.720000000000000000e+07,-4.656889613314933740e+01,-7.865095194656971600e+00,-8.439859245151431821e+00,5.994318536557022625e+00,-4.656793421744894346e+01,-7.863889998287008964e+00,-8.440199215962650214e+00,5.993660434401990145e+00
2.750000000000000000e+07,-4.692843274429461076e+01,-7.488775514105538988e+00,-7.203674376210713604e+00,7.513534337257370410e+00,-4.692744738569172824e+01,-7.487564238051118259e+00,-7.204146791482117784e+00,7.512929612342640340e+00
2.780000000000000000e+07,-4.728314559928664806e+01,-7.106929639289373490e+00,-5.695643585221411342e+00,8.780022819288209490e+00,-4.728213628683388237e+01,-7.105711453469895744e+00,-5.696240651128472443e+00,8.779498193210631740e+00
2.810000000000000000e+07,-4.763299498616493111e+01,-6.719636173609895735e+00,-3.967060516996362196e+00,9.745496215429302111e+00,-4.763196148908599525e+01,-6.718406142830360750e+00,-3.967768667706704999e+00,9.745073191879429331e+00
2.840000000000000000e+07,-4.797795140188344476e+01,-6.326967766950175154e+00,-2.077711083878675424e+00,1.037200586122399315e+01,-4.797688397032079877e+01,-6.325722396992176755e+00,-2.078520904197426855e+00,1.037170547322869218e+01
2.870000000000000000e+07,-4.831797601740596804e+01,-5.928983150243417377e+00,-9.381895996620670530e-02,1.063341443357061067e+01,-4.831686512144180767e+01,-5.927733922717414394e+00,-9.471523923074906537e-02,1.063326981578556030e+01
2.900000000000000000e+07,-4.865301142432796411e+01,-5.525752096045502881e+00,1.914273825581084054e+00,1.051648792100279017e+01,-4.865186674971982939e+01,-5.524514064791967272e+00,1.913330978181095432e+00,1.051653116334294680e+01
2.930000000000000000e+07,-4.898301077593568209e+01,-5.117368927576767312e+00,3.874637479307267540e+00,1.002151882990889931e+01,-4.898185108209671057e+01,-5.116135827000990233e+00,3.873701110112075519e+00,1.002175429395021133e+01
2.960000000000000000e+07,-4.930795756182198630e+01,-4.703921522063087224e+00,5.716357736883104224e+00,9.162420434942507796e+00,-4.930678076845633484e+01,-4.702671892017249888e+00,5.715462089203214191e+00,9.162830357268228809e+00
2.990000000000000000e+07,-4.962783565603758973e+01,-4.285464453090196635e+00,7.372077588144804849e+00,7.966333133909707875e+00,-4.962661888486243100e+01,-4.284194640257539710e+00,7.371236962200281795e+00,7.966911066114392703e+00
3.020000000000000000e+07,-4.994259586318852229e+01,-3.862044954464165958e+00,8.780431698910000193e+00,6.472801481280180624e+00,-4.994132893676314211e+01,-3.860776167758774413e+00,8.779673642981196124e+00,6.473559152763237456e+00
3.050000000000000000e+07,-5.025217544115659507e+01,-3.433741256731428493e+00,9.888341044433701654e+00,4.732506431130574676e+00,-5.025087486216163768e+01,-3.432488303122779527e+00,9.887719321064370348e+00,4.733441368922299830e+00
3.080000000000000000e+07,-5.055653875101330641e+01,-3.000650963192945220e+00,1.065305061462496639e+01,2.805531797466725763e+00,-5.055522103475334461e+01,-2.999402623575261551e+00,1.065261621548798132e+01,2.806607174447914854e+00
3.110000000000000000e+07,-5.085567375870160589e+01,-2.562850951406827615e+00,1.104376808087253892e+01,7.592455936927264837e-01,-5.085433226702849652e+01,-2.561590470182268042e+00,1.104354373135260303e+01,7.604117020996141729e-01
3.140000000000000000e+07,-5.114955512203494692e+01,-2.120393673497350306e+00,1.104285156732738216e+01,-1.334064991535587108e+00,-5.114817381334081148e+01,-2.119122962264596843e+00,1.104284425181916873e+01,-1.332844970772535387e+00
3.170000000000000000e+07,-5.143813513724626318e+01,-1.673338894116133346e+00,1.064656124810764481e+01,-3.399722839449174749e+00,-5.143671137294112583e+01,-1.672071011048543498e+00,1.064678436155016072e+01,-3.398479274103520353e+00
3.200000000000000000e+07,-5.172136926282529856e+01,-1.221765646879879208e+00,9.865350092451556918e+00,-5.363319959451855468e+00,-5.171991109297641742e+01,-1.220505332588897041e+00,9.865819737686161162e+00,-5.362095336432962434e+00
3.230000000000000000e+07,-5.199922840149718439e+01,-7.657528550855410288e-01,8.723630813937411688e+00,-7.153422589834332435e+00,-5.199773957145369963e+01,-7.644964599983991027e-01,8.724349678218475290e+00,-7.152270156612413388e+00
3.260000000000000000e+07,-5.227168454981692491e+01,-3.053689158198878428e-01,7.259009592128428778e+00,-8.704184141199716507e+00,-5.227016386016838823e+01,-3.041147550155341994e-01,7.259965630105466694e+00,-8.703155661667146603e+00
3.290000000000000000e+07,-5.253870369383644601e+01,1.593171494737511407e-01,5.521043810085423331e+00,-9.957758155627976393e+00,-5.253715146759741117e+01,1.605695810586939276e-01,5.522216466804789725e+00,-9.956902737475777698e+00
3.320000000000000000e+07,-5.280025590353474740e+01,6.282324141403478057e-01,3.569574335906168017e+00,-1.086645193034882872e+01,-5.279867036175620143e+01,6.294864970266359494e-01,3.570930978236710018e+00,-1.086581796474789030e+01
3.350000000000000000e+07,-5.305631522424713609e+01,1.101311173880676231e+00,1.472661314044430014e+00,-1.139454693626460191e+01,-5.305468897301985010e+01,1.102566082035198569e+00,1.474154426136788487e+00,-1.139417272581567175e+01
3.380000000000000000e+07,-5.330684588230660381e+01,1.578492709018361584e+00,-6.958084515737965603e-01,-1.151968923873840467e+01,-5.330517619690792230e+01,1.579738556366750757e+00,-6.942295219129381856e-01,-1.151959626931413538e+01
3.410000000000000000e+07,-5.355180483519461632e+01,2.059703961298370967e+00,-2.858728412552238751e+00,-1.123379457051004060e+01,-5.355010139683282944e+01,2.060934262755644841e+00,-2.857108176367150421e+00,-1.123399882019878859e+01
3.440000000000000000e+07,-5.379116259399177125e+01,2.544860452400034223e+00,-4.938499448306501449e+00,-1.054346501959340188e+01,-5.378943440681150889e+01,2.546083658207039413e+00,-4.936888159042452706e+00,-1.054398739514823546e+01
3.470000000000000000e+07,-5.402490561893246479e+01,3.033889743284277074e+00,-6.859816941531853729e+00,-9.469902210841127044e+00,-5.402314553414002063e+01,3.035117306296551742e+00,-6.858284529286208020e+00,-9.470755042473129492e+00
3.500000000000000000e+07,-5.425301169960131631e+01,3.526738294197830470e+00,-8.552425960245066960e+00,-8.048276217393304677e+00,-5.425120556203137312e+01,3.527965869929745590e+00,-8.551050270600926595e+00,-8.049443127051938873e+00
3.530000000000000000e+07,-5.447543822459545027e+01,4.023347496655586220e+00,-9.953704274237168192e+00,-6.326554379208378265e+00,-5.447358575221559107e+01,4.024560104542272754e+00,-9.952547051386668286e+00,-6.327995344998504024e+00
3.560000000000000000e+07,-5.469214367896218931e+01,4.523637479792232519e+00,-1.101095816409875994e+01,-4.363867079409648575e+00,-5.469025784750245833e+01,4.524830851721652891e+00,-1.101006312008838250e+01,-4.365540689271648844e+00
3.590000000000000000e+07,-5.490310718103793164e+01,5.027524688419781285e+00,-1.168338152570333222e+01,-2.228491783478599775e+00,-5.490119407430655230e+01,5.028709033233330850e+00,-1.168279259004593662e+01,-2.230359919897168641e+00
3.620000000000000000e+07,-5.510831565499330509e+01,5.534943167034634293e+00,-1.194363537152631238e+01,4.505503733953197809e-03,-5.510636714513411505e+01,5.536125645434020193e+00,-1.194340193423071916e+01,2.494416683956962848e-03
3.650000000000000000e+07,-5.530774254309007176e+01,6.045836598572686960e+00,-1.177896336437102320e+01,2.255922111141967612e+00,-5.530575026103188918e+01,6.047011754056589083e+00,-1.177912384923853395e+01,2.253841300762344346e+00
3.680000000000000000e+07,-5.550135149475887175e+01,6.560138614401058277e+00,-1.119176582868069403e+01,4.445252689145117841e+00,-5.549931711399764822e+01,6.561298489351241159e+00,-1.119233526227254316e+01,4.443184601511826592e+00
3.710000000000000000e+07,-5.568911326636590076e+01,7.077773375748659390e+00,-1.019961930451857057e+01,6.493572351423336997e+00,-5.568704188935195276e+01,7.078917041568398183e+00,-1.020059455917338020e+01,6.491596338100396046e+00
3.740000000000000000e+07,-5.587100674059251304e+01,7.598669116508235177e+00,-8.834765822759514720e+00,8.326372927798123769e+00,-5.586889926807145912e+01,7.599798656769888971e+00,-8.836132455138482555e+00,8.324566394629316690e+00
3.770000000000000000e+07,-5.604700862463845823e+01,8.122759220742194586e+00,-7.143081374860244637e+00,9.876275196047993532e+00,-5.604486442908303445e+01,8.123874632955102371e+00,-7.144810619639731186e+00,9.874715665520403363e+00
3.800000000000000000e+07,-5.621709359179966725e+01,8.649974438717334735e+00,-5.182534921273472150e+00,1.108551449255213051e+01,-5.621491305151885598e+01,8.651076316489808349e+00,-5.184581492776159983e+00,1.108427375820302352e+01
3.830000000000000000e+07,-5.638124070221136463e+01,9.180245064370424757e+00,-3.021194042820667391e+00,1.190808946472549934e+01,-5.637902131693221008e+01,9.181335098825595509e+00,-3.023500989698371555e+00,1.190723013525426843e+01
3.860000000000000000e+07,-5.653942895618184394e+01,9.713507332877552969e+00,-7.348628689709286732e-01,1.231150002826867684e+01,-5.653716591147384207e+01,9.714582413498844105e+00,-7.373623143538093894e-01,1.231107868364804858e+01
3.890000000000000000e+07,-5.669162964253796133e+01,1.024969708427928516e+01,1.595573384328638156e+00,1.227802586055193323e+01,-5.668932402802856529e+01,1.025074973339823892e+01,1.592966716589236276e+00,1.227808977644575705e+01
3.920000000000000000e+07,-5.683781368657970035e+01,1.078873990454209419e+01,3.887022155435410298e+00,1.180548632754161886e+01,-5.683547336831195196e+01,1.078976856829068076e+01,3.884409133703872641e+00,1.180606045387699687e+01
3.950000000000000000e+07,-5.697796416458218260e+01,1.133055829239624046e+01,6.057163470558499796e+00,1.090742984666172788e+01,-5.697559214492741830e+01,1.133157046259547052e+01,6.054645351202119663e+00,1.090851181477210829e+01
3.980000000000000000e+07,-5.711207056309749674e+01,1.187508672747732774e+01,8.027405831976686557e+00,9.612751109508909764e+00,-5.710965908338252461e+01,1.187608699339783769e+01,8.025074686766261678e+00,9.614322421368315830e+00
4.010000000000000000e+07,-5.724011178816076750e+01,1.242226842471041515e+01,9.725718731523038230e+00,7.964772269249396075e+00,-5.723765342406542800e+01,1.242324976869234554e+01,9.723665185839813319e+00,7.966806776665327661e+00
4.040000000000000000e+07,-5.736205620757344548e+01,1.297203743404672949e+01,1.108926753548856681e+01,6.019813370573682931e+00,-5.735955492418073476e+01,1.297299042584785944e+01,1.108758833240252351e+01,6.022268005377244826e+00
4.070000000000000000e+07,-5.747787924573019325e+01,1.352431527669671851e+01,1.206675480406694589e+01,3.845270250045849991e+00,-5.747534385964450365e+01,1.352524063028589474e+01,1.206554224475231685e+01,3.848073030528313510e+00
4.100000000000000000e+07,-5.758756984142143409e+01,1.407902705595185111e+01,1.262035262602815067e+01,1.517260718183061741e+00,-5.758500102693855638e+01,1.407993207436415339e+01,1.261967749890164114e+01,1.520316089403939808e+00
4.130000000000000000e+07,-5.769111674147472968e+01,1.463611024405494376e+01,1.272714455180586413e+01,-8.820522517277336050e-01,-5.768850774492392475e+01,1.463699647645831270e+01,1.272705343689926494e+01,-8.788482700181537988e-01
4.160000000000000000e+07,-5.778849843139869336e+01,1.519550390052985200e+01,1.238004583241254153e+01,-3.267354098639412285e+00,-5.778584585661298689e+01,1.519636558023418260e+01,1.238056922874281796e+01,-3.264109095497506274e+00
4.190000000000000000e+07,-5.787969095198582892e+01,1.575713846070954993e+01,1.158817937339960480e+01,-5.553206807444015070e+00,-5.787699773090044175e+01,1.575797115410385096e+01,1.158933249002953758e+01,-5.550037038881355578e+00
4.220000000000000000e+07,-5.796467722914031384e+01,1.632094100078123233e+01,1.037667349041739584e+01,-7.657118477879567564e+00,-5.796194626425291574e+01,1.632174499085896713e+01,1.037844825813248839e+01,-7.654148125862298535e+00
4.250000000000000000e+07,-5.804344357236578134e+01,1.688684295507252386e+01,8.785870448885368944e+00,-9.502530979889506568e+00,-5.804067488235695293e+01,1.688761890747482042e+01,8.788231885275129329e+00,-9.499883275834440255e+00
4.280000000000000000e+07,-5.811597389098961486e+01,1.745477740048266568e+01,6.869980920797104318e+00,-1.102160489564737134e+01,-5.811316754172528221e+01,1.745552474507922724e+01,6.872870173336476540e+00,-1.101939584425954521e+01
4.310000000000000000e+07,-5.818225260984753788e+01,1.802467507186652540e+01,4.695239811995485013e+00,-1.215770961043631715e+01,-5.817940873126138968e+01,1.802539436908033466e+01,4.698575103325595137e+00,-1.215604564164811663e+01
4.340000000000000000e+07,-5.824226736937350069e+01,1.859646827675141623e+01,2.337617192925002030e+00,-1.286753606495612523e+01,-5.823938347378213365e+01,1.859715966944760623e+01,2.341293074886213965e+00,-1.286650776525731033e+01
4.370000000000000000e+07,-5.829600363754965286e+01,1.917009310911138797e+01,-1.198441821028666254e-01,-1.312274376571060053e+01,-5.829307732749801119e+01,1.917075256114087978e+01,-1.159510110844878678e-01,-1.312241782938299650e+01
4.400000000000000000e+07,-5.834344208571031487e+01,1.974548250156621165e+01,-2.589960398875177816e+00,-1.291107232531402005e+01,-5.834047638745171582e+01,1.974610498468213748e+01,-2.585981826466027922e+00,-1.291149134148490063e+01
4.430000000000000000e+07,-5.838456676850025673e+01,2.032256235998916694e+01,-4.984495368294865614e+00,-1.223688658133388429e+01,-5.838156728691391351e+01,2.032314890686492603e+01,-4.980570440150498435e+00,-1.223807348018800667e+01
4.460000000000000000e+07,-5.841937083241351303e+01,2.090126033512775550e+01,-7.217310950955472038e+00,-1.112114153096453428e+01,-5.841633719873684072e+01,2.090181632159694658e+01,-7.213589736675574571e+00,-1.112309573508690974e+01
4.490000000000000000e+07,-5.844784798964577277e+01,2.148151362152534105e+01,-9.207477280138895992e+00,-9.600750566311766931e+00,-5.844477383666525583e+01,2.148203925087083732e+01,-9.204115447297340324e+00,-9.603437049671605052e+00
4.520000000000000000e+07,-5.846998275011323898e+01,2.206326153450022787e+01,-1.088221798386268091e+01,-7.727361403880536272e+00,-5.846686545660475076e+01,2.206374974585918380e+01,-1.087936103513332675e+01,-7.730708510338691219e+00
4.550000000000000000e+07,-5.848575602523919059e+01,2.264643424910093472e+01,-1.217956666160166179e+01,-5.565591464323446758e+00,-5.848260085784730222e+01,2.264687988812889685e+01,-1.217733993051175290e+01,-5.569501476516638405e+00
4.580000000000000000e+07,-5.849515715787755710e+01,2.323095612355123407e+01,-1.305064649043771396e+01,-3.190801173824109327e+00,-5.849196938425387771e+01,2.323136179097153331e+01,-1.304915773382563948e+01,-3.195158594698069177e+00
4.610000000000000000e+07,-5.849818298820634510e+01,2.381675765616872553e+01,-1.346150821287098864e+01,-6.864760442208677205e-01,-5.849496092539411052e+01,2.381712760084486646e+01,-1.346084968628652234e+01,-6.911446703920954837e-01
4.640000000000000000e+07,-5.849482677579746337e+01,2.440377669729144827e+01,-1.339445470947434558e+01,1.858710493450736578e+00,-5.849156591764298696e+01,2.440410949892276449e+01,-1.339469451906031949e+01,1.853890757179923909e+00
4.670000000000000000e+07,-5.848507538236266612e+01,2.499194886338799648e+01,-1.284878279930399003e+01,4.354049978836062706e+00,-5.848177534523413357e+01,2.499223970274871931e+01,-1.284995417804550222e+01,4.349255634211767862e+00
4.700000000000000000e+07,-5.846891703848077526e+01,2.558120383832022782e+01,-1.184090975309508309e+01,6.710038925228609230e+00,-5.846558074127008808e+01,2.558145046799038269e+01,-1.184300923859064980e+01,6.705450894774513060e+00
4.730000000000000000e+07,-5.844634515288657894e+01,2.617147132011693245e+01,-1.040389074693520399e+01,8.841586568000803226e+00,-5.844297418868902128e+01,2.617167409029103453e+01,-1.040688135190028873e+01,8.837383690943825698e+00
4.760000000000000000e+07,-5.841735387566077264e+01,2.676268426298145542e+01,-8.586344878693076055e+00,1.067108744074758775e+01,-5.841394832118812275e+01,2.676284290721508441e+01,-8.590156035044579141e+00,1.066744288107195615e+01
4.790000000000000000e+07,-5.838193589212062307e+01,2.735477539232711663e+01,-6.450814037967845138e+00,1.213125149048206097e+01,-5.837849632410344469e+01,2.735488930028414956e+01,-6.455340741212125089e+00,1.212832554572180754e+01
4.820000000000000000e+07,-5.834008563021566829e+01,2.794767620798048924e+01,-4.071607063406503357e+00,1.316757932711772483e+01,-5.833661193524612543e+01,2.794774569710086354e+01,-4.076713645794874274e+00,1.316551156484936946e+01
4.850000000000000000e+07,-5.829179919051050973e+01,2.854132057845929893e+01,-1.532212240737138131e+00,1.374038971586741553e+01,-5.828828944569499981e+01,2.854134457355715782e+01,-1.537737212770550865e+00,1.373929530530670640e+01
4.880000000000000000e+07,-5.823706984580162072e+01,2.913564399663148663e+01,1.077630715285799567e+00,1.382633297304402475e+01,-5.823352370054534077e+01,2.913561845612449019e+01,1.071873316641971385e+00,1.382629882439110780e+01
4.910000000000000000e+07,-5.817588888084512178e+01,2.973057788846343996e+01,3.665106218808382721e+00,1.341933327249086361e+01,-5.817231009961386690e+01,2.973049992422287602e+01,3.659323438234480363e+00,1.342040916003302264e+01
4.940000000000000000e+07,-5.810825249025548800e+01,3.032604991058870780e+01,6.137634061428521193e+00,1.253091139657262687e+01,-5.810464459809994509e+01,3.032592161266628139e+01,6.132042522506663929e+00,1.253310261422481453e+01
4.970000000000000000e+07,-5.803416259602583693e+01,3.092199177531409404e+01,8.406185963887921275e+00,1.118987120294702819e+01,-5.803052370720255482e+01,3.092181621418161797e+01,8.400998875535142574e+00,1.119314072456135989e+01
5.000000000000000000e+07,-5.795361858883842388e+01,3.151834158541331732e+01,1.038848555344779356e+01,9.441370558107543332e+00,-5.794994449469375297e+01,3.151811648199888083e+01,1.038390790005831477e+01,9.445645084082610055e+00
5.030000000000000000e+07,-5.786661333604438795e+01,3.211503574870604183e+01,1.201198992444685132e+01,7.345411327056254436e+00,-5.786290458544749526e+01,3.211475523251015574e+01,1.200821767365953718e+01,7.350580508022899195e+00
5.060000000000000000e+07,-5.777314047979547240e+01,3.271200344725131259e+01,1.321655161353979224e+01,4.974785932490128459e+00,-5.776940216192472377e+01,3.271166534799451853e+01,1.321376357467440066e+01,4.980697453692604526e+00
5.090000000000000000e+07,-5.767320114950641852e+01,3.330917264541643874e+01,1.395665158126884364e+01,2.412541916180288126e+00,-5.766943596461425869e+01,3.330877977940752999e+01,1.395499483481315295e+01,2.419004301644184451e+00
5.120000000000000000e+07,-5.756679955872713350e+01,3.390647744582584977e+01,1.420311006831659739e+01,-2.509370419695358123e-01,-5.756300529242936648e+01,3.390603154923193330e+01,1.420269069829593889e+01,-2.441426153067264571e-01
5.150000000000000000e+07,-5.745393561060207333e+01,3.450385535016697958e+01,1.394421924228711873e+01,-2.921119751803299636e+00,-5.745011000306013926e+01,3.450335375438844210e+01,1.394510170849615172e+01,-2.914229128365398935e+00
5.180000000000000000e+07,-5.733460617255300917e+01,3.510124038857602358e+01,1.318626535125568466e+01,-5.502679134641603298e+00,-5.733075051328155070e+01,3.510067956920381960e+01,1.318847190042915329e+01,-5.495940753472909002e+00
5.210000000000000000e+07,-5.720881100791867624e+01,3.569856332325730364e+01,1.195341400364184636e+01,-7.902898817404626186e+00,-5.720492779921730175e+01,3.569794224843453634e+01,1.195691963638025967e+01,-7.896568229846600673e+00
5.240000000000000000e+07,-5.707655312838966211e+01,3.629575643003106222e+01,1.028694886113508034e+01,-1.003501024230402194e+01,-5.707264339655917951e+01,3.629507513034374000e+01,1.029167770291225636e+01,-1.002933929307849681e+01
5.270000000000000000e+07,-5.693783514187459360e+01,3.689275386676195723e+01,8.243889132246017937e+00,-1.182133133436834171e+01,-5.693389940074204247e+01,3.689201163983026532e+01,8.249716273440444780e+00,-1.181655686141029271e+01
5.300000000000000000e+07,-5.679265933758615148e+01,3.748948890060789552e+01,5.895039624201096728e+00,-1.319609462562084090e+01,-5.678869846707457469e+01,3.748868529160676388e+01,5.901794606348108374e+00,-1.319243008754217250e+01
5.330000000000000000e+07,-5.664102999563364449e+01,3.808589474592711355e+01,3.322538284081133497e+00,-1.410786850586237762e+01,-5.663704381082528272e+01,3.808502969342638522e+01,3.330008090522099451e+00,-1.410549511204062334e+01
5.360000000000000000e+07,-5.648295171428355843e+01,3.868190689936026416e+01,6.169800586490055139e-01,-1.452148017709453143e+01,-5.647893920726434658e+01,3.868097854935493274e+01,6.249157150058370913e-01,-1.452053649734881624e+01
5.390000000000000000e+07,-5.631842659094971282e+01,3.927746076529119534e+01,-2.125779126929522533e+00,-1.441936235296473257e+01,-5.631438899166097656e+01,3.927646566308804665e+01,-2.117651448201288034e+00,-1.441993773590353811e+01
5.420000000000000000e+07,-5.614745698509765504e+01,3.987248799626221540e+01,-4.808018661548594253e+00,-1.380227596076608521e+01,-5.614339805923599869e+01,3.987142494131060744e+01,-4.799988172167703127e+00,-1.380440930408465761e+01
5.450000000000000000e+07,-5.597005020080925419e+01,4.046691920490825112e+01,-7.333633120222664559e+00,-1.268938734809407265e+01,-5.596597186507035815e+01,4.046579039709773440e+01,-7.325998825372897372e+00,-1.269306476893365954e+01
5.480000000000000000e+07,-5.578621630548015276e+01,4.106068964254521347e+01,-9.611580506267429769e+00,-1.111769011404704699e+01,-5.578211642396875902e+01,4.105949615335489966e+01,-9.604642626668365324e+00,-1.112283866602134452e+01
5.510000000000000000e+07,-5.559596169253214981e+01,4.165373795676558899e+01,-1.155917241441178334e+01,-9.140778633655962437e+00,-5.559183831027921485e+01,4.165247644629622670e+01,-1.155321679770633381e+01,-9.147263427443995454e+00
5.540000000000000000e+07,-5.539928911156611946e+01,4.224599937874746303e+01,-1.310507649019471899e+01,-6.827015142666319036e+00,-5.539514465766772844e+01,4.224466562895935340e+01,-1.310035915378582416e+01,-6.834645704777755348e+00
5.570000000000000000e+07,-5.519620440671285166e+01,4.283740445439487132e+01,-1.419192194745490099e+01,-4.257164062574098295e+00,-5.519204315884858403e+01,4.283599817475504778e+01,-1.418866109812735488e+01,-4.265704172425595964e+00
5.600000000000000000e+07,-5.498671898400918678e+01,4.342788524943217254e+01,-1.477842382726242931e+01,-1.521577327033078575e+00,-5.498254206527048638e+01,4.342640868105063845e+01,-1.477679536859677967e+01,-1.530750524998831130e+00
5.630000000000000000e+07,-5.477084450540088056e+01,4.401737873902216336e+01,-1.484095081342083944e+01,1.282981312327748924e+00,-5.476665018675769403e+01,4.401583187278546916e+01,-1.484107977005123935e+01,1.273487817155927404e+00
5.660000000000000000e+07,-5.454858899238755043e+01,4.460582261345240340e+01,-1.437446824226307740e+01,4.056765883789410054e+00,-5.454437689110717002e+01,4.460420260611719812e+01,-1.437641792190988177e+01,4.047291424849156272e+00
5.690000000000000000e+07,-5.431995988260902664e+01,4.519315131225636151e+01,-1.339281378761593544e+01,6.700602324573409874e+00,-5.431573210364097548e+01,4.519145587209769843e+01,-1.339658006388536649e+01,6.691497716614883018e+00
5.720000000000000000e+07,-5.408496766911230225e+01,4.577929810759729179e+01,-1.192829892777446332e+01,9.119434839732299736e+00,-5.408072630671452430e+01,4.577752680037684740e+01,-1.193381041455358194e+01,9.111048558732923297e+00
5.750000000000000000e+07,-5.384362450509897258e+01,4.636419812153997100e+01,-1.003065243570558351e+01,1.122574271512313260e+01,-5.383937053918021576e+01,4.636235066293362195e+01,-1.003777163356271274e+01,1.121840960412494503e+01
5.780000000000000000e+07,-5.359594193851458499e+01,4.694778723321911684e+01,-7.765335980242220160e+00,1.294270949442671537e+01,-5.359167639580689979e+01,4.694586287783250356e+01,-7.773860738901182010e+00,1.293673830686321402e+01
5.810000000000000000e+07,-5.334193210408746921e+01,4.753000053099508193e+01,-5.211284708507392338e+00,1.420702593966733218e+01,-5.333765602665489780e+01,4.752799901300450358e+01,-5.220953520759884725e+00,1.420268592154359055e+01
5.840000000000000000e+07,-5.308160877002623579e+01,4.811077392189842072e+01,-2.458154566589733747e+00,1.497122106913393225e+01,-5.307732213640675667e+01,4.810869479005150851e+01,-2.468655253772860103e+00,1.496873132235036685e+01
5.870000000000000000e+07,-5.281498511510083915e+01,4.869004499577216194e+01,3.968245844297797476e-01,1.520543958635104786e+01,-5.281068798365379280e+01,4.868788608807258100e+01,3.858464143412758673e-01,1.520496072675480903e+01
5.900000000000000000e+07,-5.254207269036405847e+01,4.926775015950533998e+01,3.252284159195795610e+00,1.489860221454971168e+01,-5.253776738013844039e+01,4.926550894751132148e+01,3.241215789035340578e+00,1.490022681916494740e+01
5.930000000000000000e+07,-5.226288481118005791e+01,4.984382308190326683e+01,6.006322123193953644e+00,1.405889897495214313e+01,-5.225857468995240396e+01,4.984149957402301112e+01,5.995569220963001378e+00,1.406264266004245833e+01
5.960000000000000000e+07,-5.197743888638078147e+01,5.041819835051665422e+01,8.560144424755925741e+00,1.271359044272158201e+01,-5.197312482869068617e+01,5.041579434236076906e+01,8.550112972304441783e+00,1.271938936332890613e+01
5.990000000000000000e+07,-5.168575284476431619e+01,5.099081468948475049e+01,1.082160752393536995e+01,1.090812649633875964e+01,-5.168143326256152648e+01,5.098832980027893313e+01,1.081268887718739258e+01,1.091584099178475498e+01
6.020000000000000000e+07,-5.138784108380141191e+01,5.156161183578663554e+01,1.270854037990056895e+01,8.704616708304421024e+00,-5.138351600745246373e+01,5.155904267245368544e+01,1.270110047436465273e+01,8.714034583134619538e+00
6.050000000000000000e+07,-5.108371684867304197e+01,5.213052584112914190e+01,1.415173294769430612e+01,6.179698982364982385e+00,-5.107938962795246596e+01,5.212786986441878412e+01,1.414609952296702566e+01,6.190536802760880697e+00
6.080000000000000000e+07,-5.077339727482144127e+01,5.269749051013096164e+01,1.509747872027264748e+01,3.421871906952780762e+00,-5.076907123632982888e+01,5.269474846651623778e+01,1.509392438190305974e+01,3.433780571519974067e+00
6.110000000000000000e+07,-5.045690295912184808e+01,5.326244244476087886e+01,1.550956995305076447e+01,5.283862680099602471e-01,-5.045257849146674545e+01,5.325961575786062951e+01,1.550829724644635554e+01,5.409643485041888411e-01
6.140000000000000000e+07,-5.013425326613554489e+01,5.382532152373909184e+01,1.537067281046502387e+01,-2.398186993064662431e+00,-5.012992959774977919e+01,5.382240921031591085e+01,1.537180615459082134e+01,-2.385377146646368018e+00
6.170000000000000000e+07,-4.980546516084969255e+01,5.438606682968303829e+01,1.468303803660849383e+01,-5.253591298534523446e+00,-4.980114330391684518e+01,5.438306649248415425e+01,1.468661933904460781e+01,-5.241009701462827408e+00
6.200000000000000000e+07,-4.947055652624592881e+01,5.494461510749221134e+01,1.346851934570119624e+01,-7.935599495318157892e+00,-4.946623890186058503e+01,5.494152547370500628e+01,1.347450314495629975e+01,-7.923714789493578436e+00
6.230000000000000000e+07,-4.912954775934247209e+01,5.550090331770960717e+01,1.176788930586518944e+01,-1.034767834485833049e+01,-4.912523622538796531e+01,5.549772422806501737e+01,1.177613952071624759e+01,-1.033695065731925133e+01
6.260000000000000000e+07,-4.878245985660921491e+01,5.605486999589255248e+01,9.639472212980273014e+00,-1.240246580361411333e+01,-4.877815564893681000e+01,5.605160103841614472e+01,9.649764136666156844e+00,-1.239332812139469553e+01
6.290000000000000000e+07,-4.842931350205955709e+01,5.660645374634109572e+01,7.157144184866616854e+00,-1.402493436273695693e+01,-4.842501808624894011e+01,5.660309440040204976e+01,7.169170598096156866e+00,-1.401777588496176463e+01
6.320000000000000000e+07,-4.807013046757777630e+01,5.715559286117877491e+01,4.407770082175048287e+00,-1.515512991216051830e+01,-4.806584498899950120e+01,5.715214302649211930e+01,4.421149116963715819e+00,-1.515028070449522168e+01
6.350000000000000000e+07,-4.770493352719270064e+01,5.770222690308781921e+01,1.488162303940626430e+00,-1.575038679853599888e+01,-4.770065834538398519e+01,5.769868585002141259e+01,1.502448564053708635e+00,-1.574810240899688729e+01
6.380000000000000000e+07,-4.733374446119712076e+01,5.824629632959023695e+01,-1.498332271661716675e+00,-1.578693326902232741e+01,-4.732948067866146857e+01,5.824266202923664792e+01,-1.483631707404707845e+00,-1.578738209748975407e+01
6.410000000000000000e+07,-4.695658447977383787e+01,5.878773996232215637e+01,-4.445492325141138679e+00,-1.526082698185876296e+01,-4.695233504565522509e+01,5.878401095134652365e+01,-4.430900134226019027e+00,-1.526408317071560461e+01
6.440000000000000000e+07,-4.657347730674364072e+01,5.932649517049490129e+01,-7.247999244872332270e+00,-1.418818910864747806e+01,-4.656924503521044301e+01,5.932267223657638056e+01,-7.234051675112750601e+00,-1.419422844206608403e+01
6.470000000000000000e+07,-4.618444949348847928e+01,5.986250139295003692e+01,-9.805202539477903656e+00,-1.260472597886900559e+01,-4.618023476660898297e+01,5.985858574222578454e+01,-9.792432457577373128e+00,-1.261342158560084847e+01
6.500000000000000000e+07,-4.578952668834748607e+01,6.039570114307073823e+01,-1.202474007316394733e+01,-1.056454599570538022e+01,-4.578532888794168088e+01,6.039169156672861050e+01,-1.201365568149468466e+01,-1.057566672629481452e+01
6.530000000000000000e+07,-4.538873187871439541e+01,6.092603634022906078e+01,-1.382587680940729769e+01,-8.138308699815347325e+00,-4.538455257443797564e+01,6.092193005371474612e+01,-1.381693882574368359e+01,-8.151525146943608746e+00
6.560000000000000000e+07,-4.498208872003188930e+01,6.145344585057168274e+01,-1.514243826002764592e+01,-5.410775152895908491e+00,-4.497793152675340167e+01,6.144924179607249926e+01,-1.513604158154257817e+01,-5.425671974464551184e+00
6.590000000000000000e+07,-4.456962454587571898e+01,6.197786825103522546e+01,-1.592523743652428436e+01,-2.477848519462419574e+00,-4.456549196921402967e+01,6.197356764001141016e+01,-1.592169767060241270e+01,-2.493937454551027777e+00
6.620000000000000000e+07,-4.415136832546482282e+01,6.249924515239592893e+01,-1.614391098012510639e+01,5.567964407434899954e-01,-4.414726064801973848e+01,6.249484868912443858e+01,-1.614345132574881347e+01,5.400637603680734644e-01
6.650000000000000000e+07,-4.372734730869282771e+01,6.301751991253728136e+01,-1.578809232539545349e+01,3.585381477606986778e+00,-4.372326482940456316e+01,6.301302630844848096e+01,-1.579083010260721309e+01,3.568596685837657656e+00
6.680000000000000000e+07,-4.329758764341597299e+01,6.353263451257362959e+01,-1.486787172574810256e+01,6.499857883225821809e+00,-4.329353229775553302e+01,6.352804212852317534e+01,-1.487380911982288900e+01,6.483633796655350778e+00
6.710000000000000000e+07,-4.286211708254026576e+01,6.404452969084633196e+01,-1.341352551073975974e+01,9.195763152895892745e+00,-4.285809135368966594e+01,6.403983804944708425e+01,-1.342254696453571050e+01,9.180710456521023133e+00
6.740000000000000000e+07,-4.242096510811760623e+01,6.455314712939862432e+01,-1.147452560100419561e+01,1.157596488576061233e+01,-4.241697081208914710e+01,6.454835624493009050e+01,-1.148639945701934550e+01,1.156267031606662066e+01
6.770000000000000000e+07,-4.197416125650886443e+01,6.505842958915168595e+01,-9.117860497821695276e+00,1.355416163323839385e+01,-4.197020000009499796e+01,6.505353916634199152e+01,-9.132243317950804240e+00,1.354316633588415186e+01
6.800000000000000000e+07,-4.152173520037098342e+01,6.556031964715940319e+01,-6.425721184391413487e+00,1.505801361855398568e+01,-4.151780875505964019e+01,6.555532954675638280e+01,-6.442166597985050203e+00,1.504979123846231737e+01
6.830000000000000000e+07,-4.106371780350769285e+01,6.605876013406837899e+01,-3.492632905797904641e+00,1.603178669739989459e+01,-4.105982742245772954e+01,6.605367040498876463e+01,-3.510605619493924578e+00,1.602672389016196419e+01
6.860000000000000000e+07,-4.060014028115521256e+01,6.655369521312165659e+01,-4.221358154431698040e-01,1.643841423386749057e+01,-4.059628685375632529e+01,6.654850504962901425e+01,-4.410283169575742734e-01,1.643679492667103048e+01
6.890000000000000000e+07,-4.013103288863226936e+01,6.704506921095416772e+01,2.676870533688436637e+00,1.626090366690173994e+01,-4.012721840424377717e+01,6.703977708306705097e+01,2.657719486887793359e+00,1.626289527875234597e+01
6.920000000000000000e+07,-3.965642628291525540e+01,6.753282490003606142e+01,5.693992945536884065e+00,1.550303272193806947e+01,-3.965265393081806167e+01,6.752743040551082743e+01,5.675275778187196529e+00,1.550867441660072643e+01
6.950000000000000000e+07,-3.917635373488921857e+01,6.801690484774765366e+01,8.521281355583873562e+00,1.418930351328955908e+01,-3.917262578973440412e+01,6.801140921899705916e+01,8.503694941009607433e+00,1.419850029392887336e+01
6.980000000000000000e+07,-3.869085002896436976e+01,6.849725412366588273e+01,1.105709189804214887e+01,1.236415483953790329e+01,-3.868716683431225789e+01,6.849165803139266018e+01,1.104131103515677381e+01,1.237667924508627948e+01
7.010000000000000000e+07,-3.819994837878119398e+01,6.897381964903782148e+01,1.320973932824863795e+01,1.009046252228337437e+01,-3.819631041260226567e+01,6.896812166038753844e+01,1.319639343877279813e+01,1.010596053472046485e+01
7.040000000000000000e+07,-3.770368049568642732e+01,6.944654691856955253e+01,1.490081269290723398e+01,7.447377535328485010e+00,-3.770009036501277677e+01,6.944074523747732997e+01,1.489046336564880590e+01,7.465375934220173981e+00
7.070000000000000000e+07,-3.720207984474079410e+01,6.991537944645540392e+01,1.606803432830276179e+01,4.527570869027840672e+00,-3.719854102189653133e+01,6.990947421193600064e+01,1.606115133192213662e+01,4.547488680620485724e+00
7.100000000000000000e+07,-3.669518278673403699e+01,7.038026178636050645e+01,1.666755269302110065e+01,1.433980244580283170e+00,-3.669169720109776023e+01,7.037425435477739200e+01,1.666449154858217696e+01,1.455147596792493836e+00
7.130000000000000000e+07,-3.618302598211696619e+01,7.084114112667121788e+01,1.667558315239068634e+01,-1.723822115364299634e+00,-3.617959420545901139e+01,7.083503176270536983e+01,1.667656890396261460e+01,-1.702139760450633199e+00
7.160000000000000000e+07,-3.566564453487127651e+01,7.129796523427066290e+01,1.608933989305564438e+01,-4.833510330430229374e+00,-3.566226782028915210e+01,7.129175286205162365e+01,1.609445698558321425e+01,-4.812086966046130065e+00
7.190000000000000000e+07,-3.514307350719927570e+01,7.175068056252410997e+01,1.492722522497987114e+01,-7.784000592556289178e+00,-3.513975431079189349e+01,7.174436441270133002e+01,1.493641067101913755e+01,-7.763624072952704402e+00
7.220000000000000000e+07,-3.461534965684217724e+01,7.219923329206986296e+01,1.322826317841247956e+01,-1.046942215113694630e+01,-3.461209041945511444e+01,7.219281351200523034e+01,1.324130330521913201e+01,-1.045086620855473214e+01
7.250000000000000000e+07,-3.408251072612105759e+01,7.264357077797953366e+01,1.105079197439323835e+01,-1.279291894393414708e+01,-3.407931336340130457e+01,7.263704759867805194e+01,1.106732543520856638e+01,-1.277691355921067817e+01
7.280000000000000000e+07,-3.354459436697878516e+01,7.308364098976088030e+01,8.470461245996734334e+00,-1.467014310308978509e+01,-3.354146083169955261e+01,7.307701445668304530e+01,8.489988530265961231e+00,-1.465734632251098724e+01
7.310000000000000000e+07,-3.300163875137503311e+01,7.351939178917842810e+01,5.577604599194998514e+00,-1.603231632349565672e+01,-3.299857098263865396e+01,7.351266221910107390e+01,5.599502128191540251e+00,-1.602328854744325781e+01
7.340000000000000000e+07,-3.245368304380155422e+01,7.395077175953593951e+01,2.474076751110739991e+00,-1.682874956160836888e+01,-3.245068244096206200e+01,7.394393937198506705e+01,2.497615515842697587e+00,-1.682392967231374570e+01
7.370000000000000000e+07,-3.190076626048159270e+01,7.437773059395820496e+01,-7.303353849498073203e-01,-1.702872659227058705e+01,-3.189783429506494628e+01,7.437079475819825802e+01,-7.059654453983449374e-01,-1.702841149479274918e+01
7.400000000000000000e+07,-3.134292679351403876e+01,7.480021762873674618e+01,-3.921798662013401326e+00,-1.662268016182594721e+01,-3.134006609415276046e+01,7.479317758123610815e+01,-3.897460111210953926e+00,-1.662701060723327373e+01
7.430000000000000000e+07,-3.078020414831429719e+01,7.521818110588831985e+01,-6.986477525728076898e+00,-1.562261869226627908e+01,-3.077741784536267389e+01,7.521103740903150481e+01,-6.963056047068009846e+00,-1.563157121956635365e+01
7.460000000000000000e+07,-3.021264007292720422e+01,7.563157006257358717e+01,-9.814594971528652678e+00,-1.406178724258308677e+01,-3.020993001084717733e+01,7.562432417774265048e+01,-9.792969495141585767e+00,-1.407516989191601553e+01
7.490000000000000000e+07,-2.964027670650305168e+01,7.604033592135718322e+01,-1.230436812778218325e+01,-1.199356863752610991e+01,-2.963764350482069432e+01,7.603298819552301779e+01,-1.228537838911396207e+01,-1.201102106527963365e+01
7.520000000000000000e+07,-2.906315455261833236e+01,7.644443085525621484e+01,-1.436567444574113850e+01,-9.489657923842514720e+00,-2.906059969056851955e+01,7.643698014627287307e+01,-1.435008696616650958e+01,-9.510659435734719835e+00
7.550000000000000000e+07,-2.848131373857867388e+01,7.684380543305013589e+01,-1.592331292461816972e+01,-6.637575072236145957e+00,-2.847884037741955510e+01,7.683625109337236836e+01,-1.591179005398127977e+01,-6.661461193891041965e+00
7.580000000000000000e+07,-2.789479656544880726e+01,7.723840940561078128e+01,-1.691974437417530908e+01,-3.537606066865691901e+00,-2.789240781768194921e+01,7.723075248339499410e+01,-1.691281888920395460e+01,-3.563590013365188991e+00
7.610000000000000000e+07,-2.730364722938417543e+01,7.762819426928132316e+01,-1.731721496695077889e+01,-2.992779109345065081e-01,-2.730134470354284204e+01,7.762043614980146344e+01,-1.731526837839344424e+01,-3.264745586062361982e-01
7.640000000000000000e+07,-2.670790942454435779e+01,7.801311346366837540e+01,-1.709918401433032997e+01,2.962512575671226500e+00,-2.670569416393093576e+01,7.800525431661331766e+01,-1.710242741423657975e+01,2.935058564831637185e+00
7.670000000000000000e+07,-2.610762579274126338e+01,7.839312028522785170e+01,-1.627099827606384608e+01,6.131579099588805093e+00,-2.610549976134439376e+01,7.838515960206603950e+01,-1.627945844704455425e+01,6.104859703078977518e+00
7.700000000000000000e+07,-2.550283962429336881e+01,7.876816714386889373e+01,-1.485978550252603370e+01,9.094586866386876522e+00,-2.550080548864188046e+01,7.876010502224070819e+01,-1.487329911651584524e+01,9.069594219423528614e+00
7.730000000000000000e+07,-2.489359563273304587e+01,7.913820687950411070e+01,-1.291357115424623458e+01,1.174510600541681526e+01,-2.489165576579866368e+01,7.913004399467455130e+01,-1.293178642818801904e+01,1.172279624461513059e+01
7.760000000000000000e+07,-2.427993896291700437e+01,7.950319342185275673e+01,-1.049964745931835708e+01,1.398743512025555447e+01,-2.427809543662744929e+01,7.949493034194900076e+01,-1.052203172766022554e+01,1.396869306553492684e+01
7.790000000000000000e+07,-2.366191476432731733e+01,7.986308101127359294e+01,-7.702247738112028230e+00,1.574005811486885875e+01,-2.366016976546402972e+01,7.985471829525573639e+01,-7.728101591359718192e+00,1.572566273876814158e+01
7.820000000000000000e+07,-2.303956891452301647e+01,8.021782405004537964e+01,-4.619605993339561678e+00,1.693860726154800034e+01,-2.303792443381797739e+01,8.020936249793939510e+01,-4.648084751703835060e+00,1.692920008718723679e+01
7.850000000000000000e+07,-2.241294791969053435e+01,8.056737793362930233e+01,-1.360506531274303654e+00,1.753822466956557946e+01,-2.241140553698935634e+01,8.055881800901762801e+01,-1.390647406429775357e+00,1.753428331717465127e+01
7.880000000000000000e+07,-2.178209786559814276e+01,8.091169879920508379e+01,1.959555188562070782e+00,1.751523780965348465e+01,-2.178065958065055696e+01,8.090304030667660129e+01,1.928802078357820804e+00,1.751705448819641120e+01
7.910000000000000000e+07,-2.114706469105900055e+01,8.125074218906586054e+01,5.222467400366895163e+00,1.686808653452895612e+01,-2.114573347739448650e+01,8.124198529174326211e+01,5.192203654520666234e+00,1.687575123951926415e+01
7.940000000000000000e+07,-2.050789582357530350e+01,8.158446320837168741e+01,8.311707309780096864e+00,1.561746283756649234e+01,-2.050667454324860373e+01,8.157560929113215309e+01,8.283046226577399196e+00,1.563085367899638989e+01
7.970000000000000000e+07,-1.986464028600532927e+01,8.191281840468273856e+01,1.111650396635948823e+01,1.380565517266876441e+01,-1.986353049415589922e+01,8.190386906126801136e+01,1.109052891460624046e+01,1.382443822772754771e+01
8.000000000000000000e+07,-1.921734669204809975e+01,8.223576624473892593e+01,1.353580937172671028e+01,1.149512107848494225e+01,-1.921634944242218879e+01,8.222672179148253235e+01,1.351353427029026655e+01,1.151875850060761053e+01
8.030000000000000000e+07,-1.856606236301050217e+01,8.255326513810454969e+01,1.548193872965136642e+01,8.766337248672670057e+00,-1.856517989313042349e+01,8.254412510738561082e+01,1.546427092983204865e+01,8.794100977044815082e+00
8.060000000000000000e+07,-1.791083513265378357e+01,8.286527217828805192e+01,1.688375024879234232e+01,5.714997774029995981e+00,-1.791007074052254566e+01,8.285603707421037711e+01,1.687145445955490786e+01,5.745989287340102614e+00
8.090000000000000000e+07,-1.725171490834662791e+01,8.317174465670890982e+01,1.768924623949516572e+01,2.448656074716311082e+00,-1.725107126434852134e+01,8.316241620013160230e+01,1.768291115142768888e+01,2.481834470947385629e+00
8.120000000000000000e+07,-1.658875253269556893e+01,8.347264180298780900e+01,1.786749803914193890e+01,-9.170690338851272827e-01,-1.658823112618352269e+01,8.346322143955735839e+01,1.786750970213935830e+01,-8.828512969869390936e-01
8.150000000000000000e+07,-1.592199801639374357e+01,8.376792405603168845e+01,1.740982570720581890e+01,-4.262586676891189086e+00,-1.592160036571255866e+01,8.375841219639308122e+01,1.741634935507345006e+01,-4.228543996724779319e+00
8.180000000000000000e+07,-1.525150090919272294e+01,8.405755141421516896e+01,1.633019034847955808e+01,-7.468583285422695894e+00,-1.525122939698421476e+01,8.404794832727836251e+01,1.634315936743896103e+01,-7.435955250688293994e+00
8.210000000000000000e+07,-1.457731172703092604e+01,8.434148354805911652e+01,1.466478093706043140e+01,-1.042027949482435645e+01,-1.457716900463230303e+01,8.433179014479529201e+01,1.468389265548150213e+01,-1.039028700681860684e+01
8.240000000000000000e+07,-1.389948197834719501e+01,8.461968095815801405e+01,1.247080506933636812e+01,-1.301154177926377997e+01,-1.389947034006678628e+01,8.460989842064864774e+01,1.249552517533676621e+01,-1.298534161249643049e+01
8.270000000000000000e+07,-1.321806328021344612e+01,8.489210500938783355e+01,9.824524599577689088e+00,-1.514869941544652931e+01,-1.321818491763377601e+01,8.488223438881736627e+01,9.854100992825591376e+00,-1.512734008423601040e+01
8.300000000000000000e+07,-1.253310743929388593e+01,8.515871727251776235e+01,6.818605365260559381e+00,-1.675393014400312097e+01,-1.253336461074496100e+01,8.514875974867644004e+01,6.852090066850959005e+00,-1.673831126256596136e+01
8.330000000000000000e+07,-1.184466699662176303e+01,8.541947980457837275e+01,3.558872356499156453e+00,-1.776809377538882018e+01,-1.184506164797656957e+01,8.540943666808993839e+01,3.595150546258432112e+00,-1.775892936446946990e+01
8.360000000000000000e+07,-1.115279472284582774e+01,8.567435571317585641e+01,1.605824079931981174e-01,-1.815290969217474526e+01,-1.115332860913872537e+01,8.566422778647361724e+01,1.984089659092626023e-01,-1.815069669556710252e+01
8.390000000000000000e+07,-1.045754292314298262e+01,8.592330846903432473e+01,-3.255653191760348619e+00,-1.789239651839088197e+01,-1.045821842131502599e+01,8.591309621782804129e+01,-3.217610658103229770e+00,-1.789739128904005128e+01
8.420000000000000000e+07,-9.758964231651296117e+00,8.616630098721526565e+01,-6.568150071277580437e+00,-1.699352116093979248e+01,-9.759784354872207857e+00,8.615600555374032865e+01,-6.531264834874458636e+00,-1.700572518968391833e+01
8.450000000000000000e+07,-9.057112807743257221e+00,8.640329642626042528e+01,-9.658485307800228625e+00,-1.548603336498648275e+01,-9.058080019441378639e+00,8.639291986635583953e+01,-9.624123803735582072e+00,-1.550518708294493919e+01
8.480000000000000000e+07,-8.352043667838147556e+00,8.663425966556030744e+01,-1.241573308013154708e+01,-1.342148762581359733e+01,-8.353159359870270251e+00,8.662380371131814627e+01,-1.238520552682106768e+01,-1.344707198805033066e+01
8.510000000000000000e+07,-7.643810985347308851e+00,8.685915688795857648e+01,-1.474044901649773465e+01,-1.087148173242182736e+01,-7.645076652146586049e+00,8.684862213067788161e+01,-1.471495905414127314e+01,-1.090272975860305138e+01
8.540000000000000000e+07,-6.932468188484296689e+00,8.707795376587441183e+01,-1.654825717984748223e+01,-7.925172573572126566e+00,-6.933886499293681283e+00,8.706734065576939940e+01,-1.652885425863138735e+01,-7.961092126702817851e+00
8.570000000000000000e+07,-6.218069767720092678e+00,8.729061521342610774e+01,-1.777291040467153138e+01,-4.686158397407936604e+00,-6.219643827237890221e+00,8.727992531005565979e+01,-1.776044848595334358e+01,-4.725563984460466216e+00
8.600000000000000000e+07,-5.500671850915380467e+00,8.749710707849453684e+01,-1.836871595242260469e+01,-1.268836893051428660e+00,-5.502403880648644829e+00,8.748634261194020212e+01,-1.836381887992920525e+01,-1.310387585638369323e+00
8.630000000000000000e+07,-4.780330740545132073e+00,8.769739697736777373e+01,-1.831223846705865199e+01,2.205635640933266473e+00,-4.782222218750984410e+00,8.768655957754683072e+01,-1.831527139502707868e+01,2.163392461191333105e+00
8.660000000000000000e+07,-4.057101922483579592e+00,8.789145312899654527e+01,-1.760321436555566166e+01,5.613642293527036031e+00,-4.059154711111164993e+00,8.788054372346583420e+01,-1.761426301158898156e+01,5.572220846415762985e+00
8.690000000000000000e+07,-3.331040931401392236e+00,8.807924334421970514e+01,-1.626464102645840271e+01,8.833506023644972061e+00,-3.333257533395914685e+00,8.806826306946719285e+01,-1.628350152793457895e+01,8.794427646916819441e+00
8.720000000000000000e+07,-2.602204278566178086e+00,8.826073562947466655e+01,-1.434203662274117441e+01,1.174983463471704681e+01,-2.604587163104671976e+00,8.824968614117963739e+01,-1.436821652934512805e+01,1.171457238303432824e+01
8.750000000000000000e+07,-1.870649029117314122e+00,8.843589895829317982e+01,-1.190189539356953574e+01,1.425765657944499765e+01,-1.873200375276614871e+00,8.842478197273615592e+01,-1.193462468830661827e+01,1.422758090008967891e+01
8.780000000000000000e+07,-1.136432235480824282e+00,8.860470293648083384e+01,-9.029389330790674961e+00,1.626620043493113599e+01,-1.139154238171141920e+00,8.859352010938495425e+01,-9.067641379095224607e+00,1.624252679154871259e+01
8.810000000000000000e+07,-3.996112996489950553e-01,8.876711743744819216e+01,-5.825394770666221689e+00,1.770218067106040394e+01,-4.025061089237472745e-01,8.875587061006622491e+01,-5.867917661002068463e+00,1.768592125909085766e+01
8.840000000000000000e+07,3.397558048910123696e-01,8.892311309373320682e+01,-2.402948983235199343e+00,1.851246999828174467e+01,3.366863708238717057e-01,8.891180404995364484e+01,-2.448306025704561240e+00,1.850439238241006024e+01
8.870000000000000000e+07,1.081611209062682377e+00,8.907266147254367183e+01,1.116738040869532878e+00,1.866606230395450439e+01,1.078365279318113323e+00,8.906129152296091434e+01,1.070120962767673101e+00,1.866665615524943789e+01
8.900000000000000000e+07,1.825897375762937536e+00,8.921573421466612785e+01,4.608577434238163129e+00,1.815525445314354158e+01,1.822472419111975217e+00,8.920430464421326633e+01,4.562358634696472848e+00,1.816470658495319768e+01
8.930000000000000000e+07,2.572556079417883002e+00,8.935230265906263014e+01,7.948049623216171256e+00,1.699600037084762505e+01,2.568949321508144923e+00,8.934081555248269524e+01,7.903912874592518456e+00,1.701417977215058386e+01
8.960000000000000000e+07,3.321527807928230658e+00,8.948233895953106298e+01,1.101564674827676171e+01,1.522742087981957582e+01,3.317737251025470790e+00,8.947079691258790035e+01,1.097523953208843928e+01,1.525387620794305654e+01
8.990000000000000000e+07,4.072752867924360309e+00,8.960581695452751205e+01,1.370114942684777404e+01,1.291048586828830480e+01,4.068777209889190338e+00,8.959422191775750832e+01,1.366602222945122946e+01,1.294445550703423820e+01
9.020000000000000000e+07,4.826172512745715792e+00,8.972271118273931734e+01,1.590758653586427407e+01,1.012591474957746129e+01,4.822009942543848737e+00,8.971106429195721432e+01,1.587913544941671695e+01,1.016634736848996390e+01
9.050000000000000000e+07,5.581728170442435299e+00,8.983299556122044294e+01,1.755473772375521690e+01,6.971365891727771213e+00,5.577375940189374326e+00,8.982129829218001760e+01,1.753415050689955379e+01,7.016950664159849360e+00
9.080000000000000000e+07,6.339360005345077376e+00,8.993664389068480602e+01,1.858205085281022306e+01,3.558010680166731277e+00,6.334815445339016193e+00,8.992489871069996354e+01,1.857025784512774536e+01,3.607218190008417036e+00
9.110000000000000000e+07,7.099007133925753443e+00,9.003363131581228629e+01,1.895086598499435482e+01,6.613323542111970710e-03,7.094268456400427247e+00,9.002184087728778650e+01,1.894849950234803160e+01,5.774685445901184960e-02
9.140000000000000000e+07,7.860608997571993939e+00,9.012393438543826107e+01,1.864586486725173842e+01,-3.556742994746628028e+00,7.855674732277028838e+00,9.011210066139014430e+01,1.865322985596297656e+01,-3.505488884575644448e+00
9.170000000000000000e+07,8.624105635060693942e+00,9.020752985618850062e+01,1.767569389751891151e+01,-7.005132573760462833e+00,8.618973796992102976e+00,9.019565447427048355e+01,1.769275001336802333e+01,-6.955609343614629125e+00
9.200000000000000000e+07,9.389436705204371236e+00,9.028439431054646036e+01,1.607273564855658776e+01,-1.021530931433224509e+01,9.384104944333021336e+00,9.027247927111224612e+01,1.609909051946827319e+01,-1.016934887444756086e+01
9.230000000000000000e+07,1.015654108614711504e+01,9.035450491412630925e+01,1.389203247064711988e+01,-1.307211346890737502e+01,1.015100724251670172e+01,9.034255255308416110e+01,1.392694735062226030e+01,-1.303146104618853052e+01
9.260000000000000000e+07,1.092535745163369043e+01,9.041783975556695907e+01,1.120939760715105393e+01,-1.547260384599677252e+01,1.091961953887522441e+01,9.040585236936648528e+01,1.125180638531166544e+01,-1.543885227955659722e+01
9.290000000000000000e+07,1.169582447577286288e+01,9.047437739676044544e+01,8.118779996275335975e+00,-1.732976702629773058e+01,1.168988046456134278e+01,9.046235731913968436e+01,8.167320604264412864e+00,-1.730429564142079357e+01
9.320000000000000000e+07,1.246788041855654683e+01,9.052409683156875531e+01,4.728974370835594243e+00,-1.857567124516528168e+01,1.246172843927389806e+01,9.051204655353303963e+01,4.782031136077043776e+00,-1.855959100545355156e+01
9.350000000000000000e+07,1.324146323532614922e+01,9.056697796929879019e+01,1.159790561591067970e+00,-1.916395055762586708e+01,1.323510167600245424e+01,9.055489977753568098e+01,1.215546962777609208e+00,-1.915805710293256325e+01
9.380000000000000000e+07,1.401651119276921698e+01,9.060300143547851803e+01,-2.462182930018997240e+00,-1.907152708325341450e+01,1.400993818579057582e+01,9.059089725186710496e+01,-2.405682222643148904e+00,-1.907626445220071432e+01
9.410000000000000000e+07,1.479296265747404959e+01,9.063214778498067403e+01,-6.008069691939176948e+00,-1.829950766550587105e+01,1.478617578251812326e+01,9.062001979480893965e+01,-5.952850572982596233e+00,-1.831494494178336296e+01
9.440000000000000000e+07,1.557075512936426342e+01,9.065439764998964733e+01,-9.351291252255027331e+00,-1.687322207607580538e+01,1.556375208770168150e+01,9.064224878399689089e+01,-9.299378966499332932e+00,-1.689904300522604075e+01
9.470000000000000000e+07,1.634982523864369242e+01,9.066973285969201868e+01,-1.237208672041373170e+01,-1.484139869072919282e+01,1.634260453531256729e+01,9.065756615817294062e+01,-1.232543310599928432e+01,-1.487690383209551293e+01
9.500000000000000000e+07,1.713010994969351941e+01,9.067813666666880579e+01,-1.496180505622152879e+01,-1.227450223577721999e+01,1.712267037661255742e+01,9.066595441889722906e+01,-1.492221552809479235e+01,-1.231862482482957688e+01
9.530000000000000000e+07,1.791154703243360302e+01,9.067959255206818625e+01,-1.702681404324611236e+01,-9.262289647670598924e+00,1.790388668500707325e+01,9.066739663222007550e+01,-1.699587776827635111e+01,-9.313626438136525465e+00
9.560000000000000000e+07,1.869407396711237013e+01,9.067408353039617452e+01,-1.849188446862262225e+01,-5.910670806584789716e+00,1.868619036091424235e+01,9.066187643031335597e+01,-1.847091199134561634e+01,-5.967526555857849857e+00
9.590000000000000000e+07,1.947762706546122047e+01,9.066159308195945243e+01,-1.930292901929719562e+01,-2.337985072010994259e+00,1.946951813665162945e+01,9.064937801306112419e+01,-1.929289952071277270e+01,-2.398427663823143874e+00
9.620000000000000000e+07,2.026214218659310262e+01,9.064210614474025363e+01,-1.942899756001859046e+01,1.329177070932630045e+00,2.025380658133778411e+01,9.062988614960988798e+01,-1.943051625304185137e+01,1.267252638596759740e+00
9.650000000000000000e+07,2.104755575649248911e+01,9.061560864313048569e+01,-1.886345392208786720e+01,4.960461138382612489e+00,2.103899210581014501e+01,9.060338617987756038e+01,-1.887672113572180166e+01,4.899260552163281268e+00
9.680000000000000000e+07,2.183380451137295353e+01,9.058208653614632055e+01,-1.762428815719500363e+01,8.426384392580430927e+00,2.182501096755857262e+01,9.056986401602127046e+01,-1.764908279030388272e+01,8.368135687854509897e+00
9.710000000000000000e+07,2.262082467701045374e+01,9.054152592012626144e+01,-1.575355127470572825e+01,1.160295387106435783e+01,2.261179927567275882e+01,9.052930614386407626e+01,-1.578922996235599108e+01,1.154982677855208983e+01
9.740000000000000000e+07,2.340855199243334894e+01,9.049391369342055214e+01,-1.331593123169542991e+01,1.437610262713278075e+01,2.339929299580527911e+01,9.048169962427995472e+01,-1.336144268056800222e+01,1.433012888490815762e+01
9.770000000000000000e+07,2.419692221468051230e+01,9.043923754157978578e+01,-1.039651772685692066e+01,1.664578658158602309e+01,2.418742795514805266e+01,9.042703209453742375e+01,-1.045043170394769838e+01,1.660878334704576531e+01
9.800000000000000000e+07,2.498587103619416538e+01,9.037748556777727060e+01,-7.097831940322087974e+00,1.832959425913948337e+01,2.497613984742341486e+01,9.036529176960119969e+01,-7.158382928782889287e+00,1.830309327346702375e+01
9.830000000000000000e+07,2.577533378858960234e+01,9.030864649860006921e+01,-3.536225541640188652e+00,1.936573821788924477e+01,2.576536423788767038e+01,9.029646744339176223e+01,-3.601369873836862467e+00,1.935092418442141593e+01
9.860000000000000000e+07,2.656524578883730570e+01,9.023270999686981497e+01,1.622236062194737372e-01,1.971532030854282880e+01,2.655503656834864401e+01,9.022054849000336674e+01,9.473978865331561527e-02,1.971298095478790913e+01
9.890000000000000000e+07,2.735554273463814923e+01,9.014966620110293150e+01,3.866175065347633222e+00,1.936378878817674831e+01,2.734509216219517569e+01,9.013752486487875615e+01,3.798739263250897391e+00,1.937427767738024187e+01
9.920000000000000000e+07,2.814616017965547812e+01,9.005950519409070409e+01,7.443691808358824602e+00,1.832153195690142411e+01,2.813546622943940889e+01,9.004738710594294560e+01,7.378741499094180867e+00,1.834474559453200015e+01
9.950000000000000000e+07,2.893703283201033827e+01,8.996221753888832495e+01,1.076694189861930084e+01,1.662358317213744385e+01,2.892609387177108360e+01,8.995012633469318075e+01,1.070687642595547118e+01,1.665895481527160271e+01
9.980000000000000000e+07,2.972809501714374036e+01,8.985779515719296739e+01,1.371676677294356139e+01,1.432844590671948026e+01,2.971691008762266151e+01,8.984573425724660467e+01,1.366385922242712958e+01,1.437495706290313358e+01
1.001000000000000000e+08,3.051928170356185532e+01,8.974623101819503290e+01,1.618695346829867887e+01,1.151607980851893842e+01,3.050784977724653402e+01,8.973420316534570418e+01,1.614326637582645674e+01,1.157228806147358569e+01
1.004000000000000000e+08,3.131052838808751204e+01,8.962751803851278964e+01,1.808805941661883310e+01,8.285116602542316855e+00,3.129884774780239809e+01,8.961552593732007210e+01,1.805536622351272413e+01,8.349198250058490700e+00
1.007000000000000000e+08,3.210176999506951745e+01,8.950164898691681969e+01,1.935065189738677560e+01,4.749400899856340175e+00,3.208983871845529734e+01,8.948969603900530956e+01,1.933036609287815821e+01,4.819208234129485291e+00
1.010000000000000000e+08,3.289294058212181682e+01,8.936861752289803462e+01,1.992784298973595725e+01,1.033977138666202222e+00,3.288075732548357166e+01,8.935670752461921040e+01,1.992095854825556600e+01,1.107109747591792592e+00
1.013000000000000000e+08,3.368397424911682947e+01,8.922841865482456569e+01,1.979702718748193035e+01,-2.729334117677950644e+00,3.367153812739638852e+01,8.921655503759389205e+01,1.980407389464211931e+01,-2.655446971649458199e+00
1.016000000000000000e+08,3.447480569867632028e+01,8.908104801191362299e+01,1.896075894743631807e+01,-6.406613482665576953e+00,3.446211561006097668e+01,8.906923381136518003e+01,1.898177411399589332e+01,-6.334623326072502003e+00
1.019000000000000000e+08,3.526536969260790499e+01,8.892650126700216617e+01,1.744673696340602476e+01,-9.866609023956584679e+00,3.525242419183771858e+01,8.891473967011826574e+01,1.748125383013488943e+01,-9.799154313802501903e+00
1.022000000000000000e+08,3.605560052765432744e+01,8.876477452254333400e+01,1.530689185912395800e+01,-1.298542249372231083e+01,3.604239822872512633e+01,8.875306902948941001e+01,1.535394563485612807e+01,-1.292503282438554812e+01
1.025000000000000000e+08,3.684543231247464234e+01,8.859586474427482017e+01,1.261560656089599775e+01,-1.565094712394260057e+01,3.683197201951131206e+01,8.858421889722457365e+01,1.267375903259058312e+01,-1.559994907601910263e+01
1.028000000000000000e+08,3.763479927894726984e+01,8.841976953754645763e+01,9.467131199926285490e+00,-1.776689745790960728e+01,3.762107981093465980e+01,8.840818687379361052e+01,9.534513235522254604e+00,-1.772732623566785293e+01
1.031000000000000000e+08,3.842363554578080453e+01,8.823648696304866235e+01,5.972282813971574456e+00,-1.925628726347295583e+01,3.840965580285047309e+01,8.822497115296096126e+01,6.046652958028596814e+00,-1.922980719657094539e+01
1.034000000000000000e+08,3.921187502601026864e+01,8.804601585692878984e+01,2.254544477722916440e+00,-2.006423027618799892e+01,3.919763415340565871e+01,8.803457052231209445e+01,2.333362181148999959e+00,-2.005206663284046797e+01
1.037000000000000000e+08,3.999945186767465799e+01,8.784835589442880632e+01,-1.554299165932064852e+00,-2.015996089568002958e+01,3.998494898421894561e+01,8.783698436373609297e+01,-1.473787345377568281e+00,-2.016284614033952494e+01
1.040000000000000000e+08,4.078630055256156339e+01,8.764350703081011318e+01,-5.318834545447217010e+00,-1.953800012509192641e+01,4.077153438556814535e+01,8.763221265386373204e+01,-5.239499113203335057e+00,-1.955613767498439870e+01
1.043000000000000000e+08,4.157235523656331821e+01,8.743146931278920420e+01,-8.904833777872887879e+00,-1.821842394646964181e+01,4.155732442158250706e+01,8.742025596446177360e+01,-8.829561078127346363e+00,-1.825147064734902713e+01
1.046000000000000000e+08,4.235754942442610371e+01,8.721224360592397318e+01,-1.218404131970470061e+01,-1.624622262838859399e+01,4.234225313544008884e+01,8.720111546278239700e+01,-1.211563010800032636e+01,-1.629328985858555612e+01
1.049000000000000000e+08,4.314181669920125017e+01,8.698583209251523840e+01,-1.503876275482893732e+01,-1.368976985733841900e+01,4.312625455457165202e+01,8.697479291186847661e+01,-1.497982106091669863e+01,-1.374944383689193650e+01
1.052000000000000000e+08,4.392509139143606944e+01,8.675223761370595810e+01,-1.736609029969949347e+01,-1.063845265946996221e+01,4.390926269586705644e+01,8.674129067081477729e+01,-1.731893637549561049e+01,-1.070883490301821794e+01
1.055000000000000000e+08,4.470730805159607257e+01,8.651146287446263727e+01,-1.908161207357699141e+01,-7.199545322900945621e+00,4.469121157088719798e+01,8.650061169498371783e+01,-1.904818440208805441e+01,-7.278312322810787549e+00
1.058000000000000000e+08,4.548840057926928893e+01,8.626351080743856414e+01,-2.012247233607507724e+01,-3.494437985279645886e+00,4.547203519107923597e+01,8.625275953617756386e+01,-2.010425249735430953e+01,-3.578917118692993338e+00
1.061000000000000000e+08,4.626830241060382320e+01,8.600838546559155873e+01,-2.044967318857687388e+01,3.456481892636702469e-01,4.625166757299533060e+01,8.599773834276504658e+01,-2.044762352571643405e+01,2.583894682600904047e-01
1.064000000000000000e+08,4.704694736572223945e+01,8.574609200973530676e+01,-2.004953303111318164e+01,4.184309392742306954e+00,4.703004274351387437e+01,8.573555285976391360e+01,-2.006405106653280157e+01,4.097363094253838156e+00
1.067000000000000000e+08,4.782426977475682861e+01,8.547663596799698382e+01,-1.893424599880977865e+01,7.884806135512761216e+00,4.780709474506414836e+01,8.546620842887854508e+01,-1.896513837622842757e+01,7.801314778387308024e+00
1.070000000000000000e+08,4.860020387423595167e+01,8.520002303874036897e+01,-1.714152003262585922e+01,1.131493526675478734e+01,4.858275764085234272e+01,8.518971098849264934e+01,-1.718799794775416956e+01,1.123797885028510457e+01
1.073000000000000000e+08,4.937468360124902489e+01,8.491625955922299340e+01,-1.473330503656352164e+01,1.435175349206028272e+01,4.935696552008959515e+01,8.490606707361719430e+01,-1.479400121757849362e+01,1.428423697905696699e+01
1.076000000000000000e+08,5.014764295090058965e+01,8.462535267729305133e+01,-1.179365385439585623e+01,1.688598459364354198e+01,5.012965250322191935e+01,8.461528381579348945e+01,-1.186666042908563234e+01,1.683052952784369083e+01
1.079000000000000000e+08,5.091901606652303514e+01,8.432731007146786339e+01,-8.425788952449167368e+00,1.882595227124984660e+01,5.090075274716006959e+01,8.431736894295141838e+01,-8.508715712608195147e+00,1.878479615265484171e+01
1.082000000000000000e+08,5.168873698827310648e+01,8.402213996761030046e+01,-4.748477304948615085e+00,2.010089615939335772e+01,5.167020045051104660e+01,8.401233077922229597e+01,-4.838528975157694312e+00,2.007580390423833450e+01
1.085000000000000000e+08,5.245673976770638802e+01,8.370985143685052776e+01,-8.918417017302857630e-01,2.066355128665112773e+01,5.243792985880919844e+01,8.370017824470770051e+01,-9.859111828326428961e-01,2.065574253030264273e+01
1.088000000000000000e+08,5.322295885650678571e+01,8.339045421904447153e+01,3.007244002231431068e+00,2.049189797056773443e+01,5.320387526974707271e+01,8.338092085520204932e+01,2.912469834994131368e+00,2.050199246213978554e+01
1.091000000000000000e+08,5.398732892472673939e+01,8.306395822527015582e+01,6.810013799931347478e+00,1.959001720983694383e+01,5.396797103840585663e+01,8.305456872187117767e+01,6.717938573148503068e+00,1.961800019701586706e+01
1.094000000000000000e+08,5.474978424520422493e+01,8.273037368209955389e+01,1.038074991602218233e+01,1.798801738076043932e+01,5.473015158248485790e+01,8.272113255088557082e+01,1.029474593623548806e+01,1.803322742285326541e+01
1.097000000000000000e+08,5.551025874853536379e+01,8.238971185023363830e+01,1.359162741891684334e+01,1.574103234803115470e+01,5.549035138752937968e+01,8.238062364300812135e+01,1.351491263056167469e+01,1.580217315330078520e+01
1.100000000000000000e+08,5.626868680548848545e+01,8.204198511305939689e+01,1.632728999925951996e+01,1.292732555666842131e+01,5.624850501215679088e+01,8.203305389313761964e+01,1.626280902257148853e+01,1.300250117890275448e+01
1.103000000000000000e+08,5.702500347727393404e+01,8.168720619341399924e+01,1.848899447825191800e+01,9.645565535205463448e+00,5.700454709328057135e+01,8.167843578980647123e+01,1.843930754493808877e+01,9.732337116063426663e+00
1.106000000000000000e+08,5.777914379260186450e+01,8.132538775838766298e+01,1.999817561052143589e+01,6.011366275509857360e+00,5.775841235133147222e+01,8.131678241463390577e+01,1.996535852010402934e+01,6.106829106847434296e+00
1.109000000000000000e+08,5.853104223391910921e+01,8.095654304177999450e+01,2.079930124136458858e+01,2.153213152680407916e+00,5.851003559547608290e+01,8.094810744173348382e+01,2.078486041597143696e+01,2.254092721910809782e+00
1.112000000000000000e+08,5.928063323066994172e+01,8.058068643837100353e+01,2.086191330706660807e+01,-1.792080929055416050e+00,5.925935172883124835e+01,8.057242513707642217e+01,2.086672034581004809e+01,-1.689317107645291527e+00
1.115000000000000000e+08,6.002785177661073135e+01,8.019783316606260826e+01,2.018178068467567243e+01,-5.684227594345472312e+00,6.000629575367563007e+01,8.018975035780906069e+01,2.020602920265373470e+01,-5.583247061475070439e+00
1.118000000000000000e+08,6.077263323521874128e+01,7.980799868408233522e+01,1.878112125945904864e+01,-9.384451929962168037e+00,6.075080277665635009e+01,7.980009855152577813e+01,1.882430716872520549e+01,-9.288927653491187542e+00
1.121000000000000000e+08,6.151491284414682781e+01,7.941119879351354882e+01,1.670788211883904495e+01,-1.276044168282940916e+01,6.149280801399120122e+01,7.940348575549646171e+01,1.676880835245295742e+01,-1.267391956181914914e+01
1.124000000000000000e+08,6.225462576174962948e+01,7.900745003377814157e+01,1.403410022105511956e+01,-1.569107960877659025e+01,6.223224679666594739e+01,7.899992859584993710e+01,1.411090680688044330e+01,-1.561684772404845667e+01
1.127000000000000000e+08,6.299170737098612705e+01,7.859676963851062226e+01,1.085340001163020673e+01,-1.807078900283651279e+01,6.296905457562618125e+01,7.858944428671100013e+01,1.094361898062593497e+01,-1.801175394918368511e+01
1.130000000000000000e+08,6.372609319561189523e+01,7.817917532571435402e+01,7.277715522759166333e+00,-1.981333701676023651e+01,6.370316692696354721e+01,7.817205062929362214e+01,7.378348574885919220e+00,-1.977191194196684876e+01
1.133000000000000000e+08,6.445771873584943989e+01,7.775468545951815713e+01,3.433351146247147767e+00,-2.085495932535037866e+01,6.443451955709531376e+01,7.774776601094906425e+01,3.540967719878042264e+00,-2.083296737864505843e+01
1.136000000000000000e+08,6.518651973247501985e+01,7.732331922127475821e+01,-5.434808948748042212e-01,-2.115669232100199082e+01,6.516304830793770009e+01,7.731660940416850281e+01,-4.326276623506563057e-01,-2.115528936234460033e+01
1.139000000000000000e+08,6.591243239621317684e+01,7.688509627404825153e+01,-4.511487992449595197e+00,-2.070582692469888286e+01,6.588868916207221105e+01,7.687860036554181420e+01,-4.401331339137513510e+00,-2.072544738950917420e+01
1.142000000000000000e+08,6.663539302485368410e+01,7.644003644135749198e+01,-8.329317635304967382e+00,-1.951643057634755962e+01,6.661137824790469608e+01,7.643375903467045873e+01,-8.223838564739464729e+00,-1.955675889597982220e+01
1.145000000000000000e+08,6.735533757467592864e+01,7.598816009858511222e+01,-1.186059320024218522e+01,-1.762891724397091053e+01,6.733105184481580352e+01,7.598210613303655236e+01,-1.176367815086426027e+01,-1.768888542756197069e+01
1.148000000000000000e+08,6.807220201466155629e+01,7.552948872418050996e+01,-1.497878663639838237e+01,-1.510867761994706626e+01,6.804764638830468471e+01,7.552366296282674796e+01,-1.489408557745757022e+01,-1.518648932509391614e+01
1.151000000000000000e+08,6.878592297914281062e+01,7.506404464328335280e+01,-1.757175339010839821e+01,-1.204381469340687971e+01,6.876109847512267947e+01,7.505845140571172180e+01,-1.750254310666093005e+01,-1.213699632383888094e+01
1.154000000000000000e+08,6.949643764106836841e+01,7.459185031553950296e+01,-1.954576580274844844e+01,-8.542063436994126846e+00,6.947134486839910039e+01,7.458649392158066860e+01,-1.949482427501806114e+01,-8.647541446017777744e+00
1.157000000000000000e+08,7.020368300061126376e+01,7.411292832575000489e+01,-2.082890011711772615e+01,-4.727003548242180386e+00,7.017832250275702677e+01,7.410781354723164327e+01,-2.079839737693688306e+01,-4.841204869561313018e+00
1.160000000000000000e+08,7.090759574568004098e+01,7.362730206487029250e+01,-2.137365591895169814e+01,-7.336983509267724912e-01,7.088196848941946371e+01,7.362243389501766444e+01,-2.136506501675864556e+01,-8.526700340910527975e-01
1.163000000000000000e+08,7.160811285414746408e+01,7.313499597499993854e+01,-2.115871276703554571e+01,3.296087394356263189e+00,7.158222012130553935e+01,7.313037915144738577e+01,-2.117274371018418577e+01,3.176542824575935065e+00
1.166000000000000000e+08,7.230517191820592870e+01,7.263603506152280431e+01,-2.018975807817277257e+01,7.218921620279772355e+00,7.227901487811618608e+01,7.263167407574310630e+01,-2.022631791073798269e+01,7.103098995603689403e+00
1.169000000000000000e+08,7.299871077666736596e+01,7.213044455743164463e+01,-1.849935404846068820e+01,1.089481128174514879e+01,7.297229043140828253e+01,7.212634399835248189e+01,-1.855753564887823259e+01,1.078694920268467428e+01
1.172000000000000000e+08,7.368866721303513145e+01,7.161825018606502624e+01,-1.614584674032563072e+01,1.419219877556291465e+01,7.366198464965846426e+01,7.161441481941825771e+01,-1.622394703689417739e+01,1.409632561194376166e+01
1.175000000000000000e+08,7.437497915290289541e+01,7.109947840466973901e+01,-1.321135402868450370e+01,1.699267084642512771e+01,7.434803560331413053e+01,7.109591300720198603e+01,-1.330692100079490281e+01,1.691245568528916365e+01
1.178000000000000000e+08,7.505758483117764968e+01,7.057415624252473663e+01,-9.798901006703758298e+00,1.919521164581904316e+01,7.503038156983343754e+01,7.057086559646494095e+01,-9.908808535318399890e+00,1.913382522433184363e+01
1.181000000000000000e+08,7.573642262497838828e+01,7.004231121781101876e+01,-6.028802580405312028e+00,2.071984646234838578e+01,7.570896103871173466e+01,7.003930018680469516e+01,-6.149351363049150976e+00,2.067983758298245789e+01
1.184000000000000000e+08,7.641143103374723466e+01,6.950397155954256334e+01,-2.034421017097585604e+00,2.151054452847202469e+01,7.638371271649589289e+01,6.950124494094772842e+01,-2.161462017298941607e+00,2.149373715287207176e+01
1.187000000000000000e+08,7.708254898946066191e+01,6.895916620520722518e+01,2.042551778609905000e+00,2.153727637790001381e+01,7.705457553178501939e+01,6.895672858299893448e+01,1.913475915154319917e+00,2.154469110571470836e+01
1.190000000000000000e+08,7.774971587944149576e+01,6.840792441219714703e+01,6.057121229310695298e+00,2.079715048033467895e+01,7.772148864021768588e+01,6.840578039664649168e+01,5.930621182020498594e+00,2.082895310018797375e+01
1.193000000000000000e+08,7.841287108654242388e+01,6.785027567267677284e+01,9.866148197927472552e+00,1.931458534990547093e+01,7.838439142944464777e+01,6.784843022332425733e+01,9.746824080385579236e+00,1.937006517809814454e+01
1.196000000000000000e+08,7.907195382100012182e+01,6.728625022151436497e+01,1.333345374907806047e+01,1.714050812614374308e+01,7.904322352408792085e+01,6.728470846033003738e+01,1.322572840758614454e+01,1.721808823354629325e+01
1.199000000000000000e+08,7.972690363779244649e+01,6.671587932600297677e+01,1.633468795014881891e+01,1.435060671326725412e+01,7.969792479068442503e+01,6.671464605890054145e+01,1.624264428121991699e+01,1.444788602613500217e+01
1.202000000000000000e+08,8.037766084352938378e+01,6.613919480615444968e+01,1.876178951056732558e+01,1.104269608116342738e+01,8.034843534261442244e+01,6.613827452224413150e+01,1.868901766952052057e+01,1.115652149328511200e+01
1.205000000000000000e+08,8.102416610823610199e+01,6.555622853808637274e+01,2.052687709153497053e+01,7.333289515839268802e+00,8.099469554501473567e+01,6.555562590352867858e+01,2.047633640681072720e+01,7.459855891339244316e+00
1.208000000000000000e+08,8.166635991472369938e+01,6.496701273923805786e+01,2.156543147649074399e+01,3.353494135657371089e+00,8.163664601967603573e+01,6.496673280382847793e+01,2.153933214648184702e+01,3.488469922884538388e+00
1.211000000000000000e+08,8.230418272897050258e+01,6.437158053594764340e+01,2.183865247318769320e+01,-7.556241622949784187e-01,8.227422764992313375e+01,6.437162837002645688e+01,2.183836243890836570e+01,-6.169495395281434647e-01
1.214000000000000000e+08,8.293757554872708226e+01,6.376996590789324415e+01,2.133490491338112349e+01,-4.848041535044373518e+00,8.290738158547928549e+01,6.377034629267541277e+01,2.136088604480269026e+01,-4.710594127141169984e+00
1.217000000000000000e+08,8.356647994588449535e+01,6.316220320683026301e+01,2.007020084661111525e+01,-8.777965806616784050e+00,8.353604924731314441e+01,6.316292080381514040e+01,2.012197668530110661e+01,-8.646713404712263795e+00
1.220000000000000000e+08,8.419083767514885608e+01,6.254832706598429581e+01,1.808769811266068928e+01,-1.240503120400141057e+01,8.416017233246793694e+01,6.254938667474834091e+01,1.816385455264206783e+01,-1.228480504000041051e+01
1.223000000000000000e+08,8.481059057766364617e+01,6.192837269869922778e+01,1.545622995903578101e+01,-1.559931290200693610e+01,8.477969281887351372e+01,6.192977921377308093e+01,1.555444984855308554e+01,-1.549463086102511866e+01
1.226000000000000000e+08,8.542568081451007345e+01,6.130237597209215750e+01,1.226791589401652516e+01,-1.824598152844120591e+01,8.539455297013923030e+01,6.130413426387431741e+01,1.238504713809069280e+01,-1.816087969801833069e+01
1.229000000000000000e+08,8.603605088699382009e+01,6.067037322952238299e+01,8.634937323403505616e+00,-2.024943106439416596e+01,8.600469534032883701e+01,6.067248820037229251e+01,8.767092173382856402e+00,-2.018731005183139260e+01
1.232000000000000000e+08,8.664164347735702165e+01,6.003240133662163203e+01,4.685590572887491589e+00,-2.153673238605971818e+01,8.661006277871665304e+01,6.003487792852966010e+01,4.828272879185215416e+00,-2.150022375408720521e+01
1.235000000000000000e+08,8.724240157253360906e+01,5.938849787105875322e+01,5.597554913376683317e-01,-2.206028745017800929e+01,8.721059843452354698e+01,5.939134088111672582e+01,7.080123230406671908e-01,-2.205114525526749958e+01
1.238000000000000000e+08,8.783826871808928161e+01,5.873870095951701131e+01,-3.596060014011925432e+00,-2.179958681096337614e+01,8.780624576163391737e+01,5.874191501593497122e+01,-3.447467223590807706e+00,-2.181860917173399628e+01
1.241000000000000000e+08,8.842918884837082771e+01,5.808304894247208949e+01,-7.633923115954274863e+00,-2.076200590878056573e+01,8.839694852329235175e+01,5.808663881329970735e+01,-7.490334360796485846e+00,-2.080899025470469610e+01
1.244000000000000000e+08,8.901510587590242096e+01,5.742158051847551548e+01,-1.140974226105882394e+01,-1.898261033140610010e+01,8.898265079677975109e+01,5.742555127348065014e+01,-1.127640852311481012e+01,-1.905634389829554820e+01
1.247000000000000000e+08,8.959596378097425884e+01,5.675433523189154528e+01,-1.478840989347176560e+01,-1.652297446073129095e+01,8.956329697806899048e+01,5.675869191410197345e+01,-1.467030264598388456e+01,-1.662126047575110022e+01
1.250000000000000000e+08,9.017170714805257603e+01,5.608135347900261536e+01,-1.764863813473992593e+01,-1.346905217940792454e+01,9.013883178645876626e+01,5.608610076750121465e+01,-1.755026507939108171e+01,-1.358877193246687298e+01
1.253000000000000000e+08,9.074228128635650137e+01,5.540267595923119615e+01,-1.988731331497059784e+01,-9.928173077010995939e+00,9.070920026918670942e+01,5.540781837804765075e+01,-1.981254756535990680e+01,-1.006538291906272065e+01
1.256000000000000000e+08,9.130763172445738007e+01,5.471834345477367378e+01,-2.142321274819158816e+01,-6.025270102823945706e+00,9.127434780601977593e+01,5.472388579941994635e+01,-2.137514256388630685e+01,-6.175330108134088114e+00
1.259000000000000000e+08,9.186770390477020953e+01,5.402839727584890994e+01,-2.219995067992222459e+01,-1.898471620290258954e+00,9.183422011382332073e+01,5.403434459184294525e+01,-2.218075530289470976e+01,-2.056201080891937316e+00
1.262000000000000000e+08,9.242244354566179254e+01,5.333287961599114624e+01,-2.218804704057617982e+01,2.305787428239653991e+00,9.238876325110642540e+01,5.333923681928511229e+01,-2.219890286787903122e+01,2.145932702455777275e+00
1.265000000000000000e+08,9.297179702812485402e+01,5.263183329429082136e+01,-2.138604244414956668e+01,6.437962670516760966e+00,9.293792362254535533e+01,5.263860504661534634e+01,-2.142706348770154179e+01,6.281696657180197541e+00
1.268000000000000000e+08,9.351571123165187771e+01,5.192530139362724384e+01,-1.982061689224057943e+01,1.035072066453685835e+01,9.348164798348285842e+01,5.193249233672004550e+01,-1.989083282478208048e+01,1.020372377726797097e+01
1.271000000000000000e+08,9.405413322890397865e+01,5.121332735102248535e+01,-1.754570614140247642e+01,1.390419268472463443e+01,9.401988344440447065e+01,5.122094224758040326e+01,-1.764307934817117385e+01,1.377190644675195053e+01
1.274000000000000000e+08,9.458701035034275151e+01,5.049595519873555105e+01,-1.464064529784020863e+01,1.697097505812762819e+01,9.455257747538982471e+01,5.050399882931062479e+01,-1.476212650379066105e+01,1.685840216980528794e+01
1.277000000000000000e+08,9.511429036117915814e+01,4.977322950540498425e+01,-1.120740296961712090e+01,1.944069767173756702e+01,9.507967791054107920e+01,4.978170662115629597e+01,-1.134902412850106934e+01,1.935221435454521099e+01
1.280000000000000000e+08,9.563592137650209679e+01,4.904519525547825509e+01,-7.367001990766240738e+00,2.122399632610237319e+01,9.560113295238491560e+01,4.905411064845419844e+01,-7.524004143918654464e+00,2.116318400168698588e+01
1.283000000000000000e+08,9.615185178098273866e+01,4.831189798724249584e+01,-3.255252899927739918e+00,2.225574556964148343e+01,9.611689117625047629e+01,4.832125641955281736e+01,-3.422244845803883440e+00,2.222524874796982886e+01
1.286000000000000000e+08,9.666203044098102737e+01,4.757338388039302401e+01,9.820490010830837946e-01,2.249743564107699001e+01,9.662690153462220621e+01,4.758318992269440173e+01,8.109069756368848525e-01,2.249885147538814678e+01
1.289000000000000000e+08,9.716640683145824653e+01,4.682969948797445880e+01,5.194293735822782310e+00,2.193860729884250560e+01,9.713111336146546648e+01,4.683995762285859144e+01,5.025087188138432914e+00,2.197241071485215613e+01
1.292000000000000000e+08,9.766493073854967122e+01,4.608089153959284801e+01,9.231411065922443981e+00,2.059729056693745264e+01,9.762947637652789012e+01,4.609160645856752581e+01,9.070256156236723655e+00,2.066279828731429902e+01
1.295000000000000000e+08,9.815755199274421727e+01,4.532700725229548766e+01,1.294921826953468269e+01,1.851942875713975667e+01,9.812194068961264293e+01,4.533818383865334312e+01,1.280204146342968130e+01,1.861480486060499118e+01
1.298000000000000000e+08,9.864422075400499068e+01,4.456809468418755671e+01,1.621456995381994659e+01,1.577730647586695056e+01,9.860845680482613318e+01,4.457973763898738184e+01,1.608689124253828595e+01,1.589961010545121134e+01
1.301000000000000000e+08,9.912488794625319599e+01,4.380420250404296922e+01,1.891012637360697113e+01,1.246703613443432346e+01,9.908897562479772603e+01,4.381631619917216369e+01,1.880685414459987470e+01,1.261230962833466940e+01
1.304000000000000000e+08,9.959950512223723251e+01,4.303537951559662389e+01,2.093857034152384244e+01,8.705189983206828686e+00,9.956344845487285511e+01,4.304796831919550471e+01,2.086381485045960105e+01,8.868584576135464914e+00
1.307000000000000000e+08,1.000680239771332793e+02,4.226167469846853209e+01,2.222612095159237811e+01,4.624694806117922496e+00,1.000318270072771440e+02,4.227474325604826078e+01,2.218303302780779163e+01,4.800630542520240240e+00
1.310000000000000000e+08,1.005303963053620890e+02,4.148313766989645046e+01,2.272521639389357517e+01,3.701339761735908951e-01,1.004940634052538542e+02,4.149669072030442862e+01,2.271585809695084279e+01,5.524890568250500067e-01
1.313000000000000000e+08,1.009865744200639028e+02,4.069981880755797476e+01,2.241626836484866203e+01,-3.907376258058249618e+00,1.009501101871717310e+02,4.071386087266465381e+01,2.244152123205613947e+01,-3.725053456068908364e+00
1.316000000000000000e+08,1.014365113296396999e+02,3.991176890335973582e+01,2.130842419644169183e+01,-8.055554623543393689e+00,1.013999203106047418e+02,3.992630432046360056e+01,2.136793866605360748e+01,-7.879818573106764923e+00
1.319000000000000000e+08,1.018801604784809882e+02,3.911903897013085185e+01,1.943930733629299823e+01,-1.192637680066885508e+01,1.018434471563822541e+02,3.913407211414083520e+01,1.953149543197105587e+01,-1.176365057267573455e+01
1.322000000000000000e+08,1.023174755789364809e+02,3.832168043122969436e+01,1.687374242093740406e+01,-1.538135853817478704e+01,1.022806445326103386e+02,3.833721574367600482e+01,1.699581491748340412e+01,-1.523770024715516946e+01
1.325000000000000000e+08,1.027484107572962841e+02,3.751974524745013895e+01,1.370150798238496748e+01,-1.829651071805932006e+01,1.027114666786626458e+02,3.753578713498780672e+01,1.384955574425306324e+01,-1.817738936283060625e+01
1.328000000000000000e+08,1.031729206322239918e+02,3.671328579295468586e+01,1.003419524091115989e+01,-2.056678900084842354e+01,1.031358682691420370e+02,3.672983864629787121e+01,1.020331222159310691e+01,-2.047687824848581073e+01
1.331000000000000000e+08,1.035909601893814624e+02,3.590235483218817336e+01,6.001282904401008977e+00,-2.210987896581765000e+01,1.035538044178111647e+02,3.591942306445920252e+01,6.185726724359937201e+00,-2.205287628914199871e+01
1.334000000000000000e+08,1.040024848083323405e+02,3.508700568306532830e+01,1.745565406976950840e+00,-2.286918038662984998e+01,1.039652306814925140e+02,3.510459360124995243e+01,1.938950658163512752e+00,-2.284765814303708709e+01
1.337000000000000000e+08,1.044074504888692729e+02,3.426729217279687134e+01,-2.581904031043805503e+00,-2.281588178219720930e+01,1.043701030639378757e+02,3.428540388963197927e+01,-2.386385816195526921e+00,-2.283117648000599686e+01
1.340000000000000000e+08,1.048058138261916952e+02,3.344326834767900891e+01,-6.827175681819923625e+00,-2.195004916069257206e+01,1.047683780196659029e+02,3.346190797997491728e+01,-6.636517271020291986e+00,-2.200219397223498774e+01
1.343000000000000000e+08,1.051975316733833523e+02,3.261498845573112959e+01,-1.083888037091561785e+01,-2.030068871601041991e+01,1.051600124577684738e+02,3.263416033624689305e+01,-1.066001013004995812e+01,-2.038839202512544091e+01
1.346000000000000000e+08,1.055825610644301946e+02,3.178250732218729269e+01,-1.447362721536215702e+01,-1.792477919443479806e+01,1.055449637456849388e+02,3.180221583217001680e+01,-1.431315900668050745e+01,-1.804545008479160018e+01
1.349000000000000000e+08,1.059608596045966067e+02,3.094588050605172214e+01,-1.760112989563414487e+01,-1.490530530872940673e+01,1.059231897129442928e+02,3.096612974734345158e+01,-1.746511993861722800e+01,-1.505512600815781177e+01
1.352000000000000000e+08,1.063323857178481120e+02,3.010516393168675009e+01,-2.010887745581121067e+01,-1.134835956669339652e+01,1.062946486548747203e+02,3.012595776333169084e+01,-2.000259713741305134e+01,-1.152240362674567109e+01
1.355000000000000000e+08,1.066970983376255475e+02,2.926041357436277579e+01,-2.190618163782380634e+01,-7.379414358213946201e+00,1.066592993362800428e+02,2.928175595972122025e+01,-2.183391536510991315e+01,-7.571807003980070228e+00
1.358000000000000000e+08,1.070549565525158897e+02,2.841168569506747588e+01,-2.292745572223675765e+01,-3.138895871828307094e+00,1.070171009950839505e+02,2.843358081014292793e+01,-2.289233155837840883e+01,-3.343010784415567205e+00
1.361000000000000000e+08,1.074059197680397943e+02,2.755903720996121464e+01,-2.313460694711416465e+01,1.222784493758592106e+00,1.073680133459395165e+02,2.758148917826287061e+01,-2.313846609022106549e+01,1.014098611082016488e+00
1.364000000000000000e+08,1.077499480694528557e+02,2.670252560875193737e+01,-2.251845488414021190e+01,5.550566015278089793e+00,1.077119965838062257e+02,2.672553831374028377e+01,-2.256176514842838898e+01,5.344736290748023144e+00
1.367000000000000000e+08,1.080870022099270216e+02,2.584220863080970432e+01,-2.109912247298991872e+01,9.690252177904756792e+00,1.080490113874923992e+02,2.586578584815340065e+01,-2.118094002055407188e+01,9.494718322163519630e+00
1.370000000000000000e+08,1.084170433518893333e+02,2.497814423731807665e+01,-1.892538378990685999e+01,1.349400523693707754e+01,1.083790189231629881e+02,2.500228979089417081e+01,-1.904336539202248701e+01,1.331595186875443737e+01
1.373000000000000000e+08,1.087400330372180122e+02,2.411039080821627323e+01,-1.607299001382031634e+01,1.682562626164487085e+01,1.087019808478140135e+02,2.413510852503059212e+01,-1.622345579778075475e+01,1.667172051616417150e+01
1.376000000000000000e+08,1.090559333383016565e+02,2.323900715319890153e+01,-1.264203070454512101e+01,1.956543255045767538e+01,1.090178593127108115e+02,2.326430080313891224e+01,-1.282007580098579425e+01,1.944157613797799300e+01
1.379000000000000000e+08,1.093647068371390247e+02,2.236405239460344063e+01,-8.753421787214534788e+00,2.161455745992709865e+01,1.093266169667917467e+02,2.238992574310398354e+01,-8.953074005423493631e+00,2.152566225042989601e+01
1.382000000000000000e+08,1.096663165239211537e+02,2.148558603609230389e+01,-4.544643769745107420e+00,2.289851765224325320e+01,1.096282169600371930e+02,2.151204282388968636e+01,-4.759062407419450302e+00,2.284831367032469629e+01
1.385000000000000000e+08,1.099607259221646842e+02,2.060366808297627372e+01,-1.648809552019372404e-01,2.336991936379193291e+01,1.099226229468011269e+02,2.063071188127882039e+01,-3.865897326266871104e-01,2.336080272546857728e+01
1.388000000000000000e+08,1.102478992585577373e+02,1.971835888328115871e+01,4.230266780951566830e+00,2.301020599695774749e+01,1.102097990891088415e+02,1.974599310358273030e+01,4.009120692741856118e+00,2.304313237845214601e+01
1.391000000000000000e+08,1.105278012998897594e+02,1.882971889641171614e+01,8.484312832334836685e+00,2.183038239932949054e+01,1.104897100599166038e+02,1.885794702732196981e+01,8.271682109475069211e+00,2.190481035015407230e+01
1.394000000000000000e+08,1.108003970680318986e+02,1.793780883935995618e+01,1.244545662715611911e+01,1.987068705294158022e+01,1.107623210463363534e+02,1.796663453287675694e+01,1.224910883334027645e+01,1.998457447530262243e+01
1.397000000000000000e+08,1.110656519490436125e+02,1.704269002824517543e+01,1.597200108132759055e+01,1.719922171160953894e+01,1.110275977528224161e+02,1.707211684010887964e+01,1.579923608352690145e+01,1.734907680650101014e+01
1.400000000000000000e+08,1.113235320793837957e+02,1.614442432973671870e+01,1.893742142536200390e+01,1.390958585258607982e+01,1.112855064043219926e+02,1.617445550395465759e+01,1.879480183770834500e+01,1.409057107966547662e+01
1.403000000000000000e+08,1.115740043829066366e+02,1.524307376280454562e+01,2.123490484212179297e+01,1.011759810699561868e+01,1.115360137493881325e+02,1.527371240998953006e+01,2.112800904042634542e+01,1.032368374103651831e+01
1.406000000000000000e+08,1.118170361951051035e+02,1.433870038602111663e+01,2.278119815564268436e+01,5.957218748822452170e+00,1.117790870632551616e+02,1.436994976996427553e+01,2.271440460729381883e+01,6.181381542981191579e+00
1.409000000000000000e+08,1.120525950936201696e+02,1.343136662699185102e+01,2.351962426515601123e+01,1.575816597922136353e+00,1.120146941508765650e+02,1.346323011731359465e+01,2.349593564717083183e+01,1.810277568162456996e+00
1.412000000000000000e+08,1.122806491771740696e+02,1.252113549478198706e+01,2.342215781044657774e+01,-2.871051777574674446e+00,1.122428033499242161e+02,1.255361630263748118e+01,2.344307232629825677e+01,-2.634558596770955941e+00
1.415000000000000000e+08,1.125011672992939253e+02,1.160807036786664881e+01,2.249048468454024885e+01,-7.225165315755713635e+00,1.124633835337502745e+02,1.164117148915442890e+01,2.255591980006690633e+01,-6.995102806640706383e+00
1.418000000000000000e+08,1.127141189281857123e+02,1.069223476696828179e+01,2.075600574521720887e+01,-1.133126856802530469e+01,1.126764041143096904e+02,1.072595914812907125e+01,2.086427747261375387e+01,-1.111599518603838277e+01
1.421000000000000000e+08,1.129194739609606586e+02,9.773692445653106020e+00,1.827878183350171071e+01,-1.504260855886917625e+01,1.128818350450445536e+02,9.808043054271992744e+00,1.842664124141868598e+01,-1.485007602807432647e+01
1.424000000000000000e+08,1.131172027923281576e+02,8.852507529516680407e+00,1.514545517141414166e+01,-1.822618043732596149e+01,1.130796468237291492e+02,8.887487281114538007e+00,1.532818201478518283e+01,-1.806364148150962734e+01
1.427000000000000000e+08,1.133072764134135753e+02,7.928744444854725515e+00,1.146621950396769307e+01,-2.076749415855626069e+01,1.132698104952758058e+02,7.964356196356741968e+00,1.167777031467653082e+01,-2.064123130587114119e+01
1.430000000000000000e+08,1.134896663265814567e+02,7.002467859589714294e+00,7.370945162956843433e+00,-2.257469184721222177e+01,1.134522976545013648e+02,7.038714457190235585e+00,7.604150892598281253e+00,-2.248977724132393519e+01
1.433000000000000000e+08,1.136643445149292830e+02,6.073742806992961540e+00,3.004594788047043608e+00,-2.358186802926145376e+01,1.136270804488538886e+02,6.110627005595735461e+00,3.251401771898793758e+00,-2.354196294746796525e+01
1.436000000000000000e+08,1.138312836204076746e+02,5.142634714727454259e+00,-1.477908767989873695e+00,-2.375147219793010223e+01,1.137941315810992933e+02,5.180159063615901616e+00,-1.226162107447565486e+00,-2.375867422759554515e+01
1.439000000000000000e+08,1.139904570086396802e+02,4.209209180008897988e+00,-5.917180090352758270e+00,-2.307570580667831095e+01,1.139534243119683055e+02,4.247376128603457701e+00,-5.669460353216180692e+00,-2.313045039464288521e+01
1.442000000000000000e+08,1.141418385199718415e+02,3.273531856878559410e+00,-1.015503887039467656e+01,-2.157686235183606271e+01,1.141049324627624912e+02,3.312343968444605213e+00,-9.920299672426672544e+00,-2.167788301654246297e+01
1.445000000000000000e+08,1.142854023025530239e+02,2.335668711300681544e+00,-1.404014654254143579e+01,-1.930659671031771296e+01,1.142486304179198982e+02,2.375128616759768718e+00,-1.382700663517389650e+01,-1.945094564847293839e+01
1.448000000000000000e+08,1.144211230607112668e+02,1.395686248069917701e+00,-1.743341157145010811e+01,-1.634414704432251142e+01,1.143844931275400398e+02,1.435796368079627294e+00,-1.724984006268091719e+01,-1.652727619077455046e+01
1.451000000000000000e+08,1.145489763444614937e+02,4.536513018638396733e-01,-2.021296991153509737e+01,-1.279356980195126603e+01,1.145124961098676124e+02,4.944137729988204444e-01,-2.006598988203084488e+01,-1.300947085088457378e+01
1.454000000000000000e+08,1.146689384047587765e+02,-4.903692944612925153e-01,-2.227856165384693554e+01,-8.780084589180043864e+00,1.146326154537350703e+02,-4.489523666941007130e-01,-2.217398361471563106e+01,-9.021484004223683684e+00
1.457000000000000000e+08,1.147809858554417701e+02,-1.436308635399100586e+00,-2.355514690886157325e+01,-4.445657946979359565e+00,1.147448278209639767e+02,-1.394235002907855403e+00,-2.349734238893243798e+01,-4.704260280536093575e+00
1.460000000000000000e+08,1.148850956872643110e+02,-2.384099417491529760e+00,-2.399563115652794920e+01,5.601838683535564911e-02,1.148491104487240335e+02,-2.341366846163231319e+00,-2.398735476162116242e+01,-2.107528011364683540e-01
1.463000000000000000e+08,1.149812455674553604e+02,-3.333673899635569704e+00,-2.358260100012779503e+01,4.564977688394294297e+00,1.149454411518512416e+02,-3.290280370528508858e+00,-2.362486777710046582e+01,4.299496333179499530e+00
1.466000000000000000e+08,1.150694139231418376e+02,-4.284964156607236063e+00,-2.232900584217448170e+01,8.920663556649246928e+00,1.150337983251231719e+02,-4.240907818576882704e+00,-2.242102947550141323e+01,8.666021255064475071e+00
1.469000000000000000e+08,1.151495797494261950e+02,-5.237902179864627250e+00,-2.027775907451243143e+01,1.296764770464270633e+01,1.151141609454923014e+02,-5.193181206365021119e+00,-2.041695426455076046e+01,1.273314205342981786e+01
1.472000000000000000e+08,1.152217225271013206e+02,-6.192419735884389098e+00,-1.750027128533072585e+01,1.656117664047318527e+01,1.151865085742770134e+02,-6.147032328431905057e+00,-1.768232086268405467e+01,1.635551581856008241e+01
1.475000000000000000e+08,1.152858223326045106e+02,-7.148448315723956448e+00,-1.409396547149351875e+01,1.957234978295716843e+01,1.152508213593098958e+02,-7.102392762818169558e+00,-1.431295054836403757e+01,1.940333105681984094e+01
1.478000000000000000e+08,1.153418598592705848e+02,-8.105919234799531026e+00,-1.017886016774190239e+01,2.189274369824707023e+01,1.153070800370430220e+02,-8.059193876105904764e+00,-1.042744985499710886e+01,2.176695981690314241e+01
1.481000000000000000e+08,1.153898163180396779e+02,-9.064763612858671493e+00,-5.893340381169977604e+00,2.343831601168881207e+01,1.153552659346106566e+02,-9.017366828477069163e+00,-6.163035333182899755e+00,2.336090080049397244e+01
1.484000000000000000e+08,1.154296734918811325e+02,-1.002491225187945645e+01,-1.389265923821184856e+00,2.415244848808416123e+01,1.153953609718482483e+02,-9.976842578792336269e+00,-1.670687363818837312e+00,2.412687163665304979e+01
1.487000000000000000e+08,1.154614139117489060e+02,-1.098629571049437814e+01,3.173409944015105566e+00,2.400801971989055872e+01,1.154273476632683924e+02,-1.093755188968783898e+01,2.890195807169281483e+00,2.403593850627689221e+01
1.490000000000000000e+08,1.154850207963065998e+02,-1.194884452639237260e+01,7.632321496793139204e+00,2.300843162935359487e+01,1.154512091199936066e+02,-1.189942533269099911e+01,7.357454500855288515e+00,2.308960535226348654e+01
1.493000000000000000e+08,1.155004777886951217e+02,-1.291248919225660430e+01,1.182846946200304217e+01,2.118755041463293054e+01,1.154669290516443567e+02,-1.286239329335461790e+01,1.157193375627150367e+01,2.131982179809234879e+01
1.496000000000000000e+08,1.155077689427206735e+02,-1.387715986650336575e+01,1.561189150489897770e+01,1.860856164935740509e+01,1.154744917681844498e+02,-1.382638597640801414e+01,1.538315414163199435e+01,1.878790731444182072e+01
1.499000000000000000e+08,1.155068790296569716e+02,-1.484278629975800001e+01,1.884702178712583986e+01,1.536177877374309553e+01,1.154738821817214358e+02,-1.479133341092609477e+01,1.865468514955127688e+01,1.558242775516365519e+01
1.502000000000000000e+08,1.154977936773032212e+02,-1.580929813410087093e+01,2.141754862921020219e+01,1.156148126308264423e+01,1.154650858082634812e+02,-1.575716545551602188e+01,2.126902928398081727e+01,1.181609775674983531e+01
1.505000000000000000e+08,1.154804991127769398e+02,-1.677662510027383647e+01,2.323059656198411460e+01,7.341892597677890819e+00,1.154480887694312372e+02,-1.672381180351900198e+01,2.313184198391364177e+01,7.621817326023299088e+00
1.508000000000000000e+08,1.154549819358793314e+02,-1.774469681307836311e+01,2.422008191961994328e+01,2.852439184966119257e+00,1.154228777941259665e+02,-1.769120198822969670e+01,2.417533582651880053e+01,3.147981983678154627e+00
1.511000000000000000e+08,1.154212292714772872e+02,-1.871344252995162449e+01,2.434912033835909995e+01,-1.747541855702284153e+00,1.153894402201521956e+02,-1.865926538813147317e+01,2.436074619303050071e+01,-1.446768026521615402e+00
1.514000000000000000e+08,1.153792290099004560e+02,-1.968279125234624516e+01,2.361139886126727561e+01,-6.294458195875648698e+00,1.153477639957963703e+02,-1.962793123214580504e+01,2.367976875177407337e+01,-5.999173652327281836e+00
1.517000000000000000e+08,1.153289697618501606e+02,-2.065267194527922712e+01,2.203146209899252028e+01,-1.062628068079767729e+01,1.152978376813596810e+02,-2.059712860489899811e+01,2.215491554166870003e+01,-1.034715853603355917e+01
1.520000000000000000e+08,1.152704406844955400e+02,-2.162301352096569573e+01,1.966389974243095651e+01,-1.458831800269305390e+01,1.152396504506468062e+02,-2.156678645200101840e+01,1.983877483557012411e+01,-1.433559992353938028e+01
1.523000000000000000e+08,1.152036314924231561e+02,-2.259374471388896310e+01,1.659146179587536096e+01,-1.803874152120635088e+01,1.151731920924083568e+02,-2.253683358534171788e+01,1.681219896248007828e+01,-1.782186347839295948e+01
1.526000000000000000e+08,1.151285325558911410e+02,-2.356479411052604789e+01,1.292216688159773241e+01,-2.085366251939404592e+01,1.150984530117387834e+02,-2.350719868839813742e+01,1.318148248333572425e+01,-2.068090449973006528e+01
1.529000000000000000e+08,1.150451348495901129e+02,-2.453609022301273868e+01,8.785505027496540720e+00,-2.293158045349819574e+01,1.150154242314283977e+02,-2.447781032155723580e+01,9.074629184354272127e+00,-2.280975309112129423e+01
1.532000000000000000e+08,1.149534298876070153e+02,-2.550756140633624369e+01,4.327868069213806734e+00,-2.419704290332738594e+01,1.149240973932696477e+02,-2.544859692745161084e+01,4.636838986123355433e+00,-2.413122240152076969e+01
1.535000000000000000e+08,1.148534098514850967e+02,-2.647913578570087978e+01,-2.926315296157895318e-01,-2.460338492021512380e+01,1.148244647593180900e+02,-2.641948683630699790e+01,2.537389691776365669e-02,-2.459670640434372402e+01
1.538000000000000000e+08,1.147450677031955166e+02,-2.745074141273162383e+01,-4.911769741298115832e+00,-2.413444782720411297e+01,1.147165192131071620e+02,-2.739040827130364164e+01,-4.596015442046517130e+00,-2.418796583369497455e+01
1.541000000000000000e+08,1.146283970223011295e+02,-2.842230642733240842e+01,-9.365048361699265911e+00,-2.280521451109227371e+01,1.146002542608167118e+02,-2.836128935394843609e+01,-9.062905072875787837e+00,-2.291783672237603042e+01
1.544000000000000000e+08,1.145033918009272043e+02,-2.939375891032412014e+01,-1.349355342330103724e+01,-2.066133704734074072e+01,1.144756640323959260e+02,-2.933205810945948500e+01,-1.321604835597752725e+01,-2.082983421591990947e+01
1.547000000000000000e+08,1.143700465700247548e+02,-3.036502663794762569e+01,-1.714962660959795926e+01,-1.777757114057092380e+01,1.143427432826400718e+02,-3.030264247216161166e+01,-1.690705372128422113e+01,-1.799666361390042368e+01
1.550000000000000000e+08,1.142283566831696078e+02,-3.133603716339253964e+01,-2.020214715616907597e+01,-1.425517037020927802e+01,1.142014873922200309e+02,-3.127297029089279334e+01,-2.000368708349798297e+01,-1.451768951752985082e+01
1.553000000000000000e+08,1.140783182941814431e+02,-3.230671811975475549e+01,-2.254123465005609717e+01,-1.021833104896574440e+01,1.140518923686664863e+02,-3.224296933442129642e+01,-2.239460943887626954e+01,-1.051545115426117327e+01
1.556000000000000000e+08,1.139199280711230102e+02,-3.327699726169476691e+01,-2.408220402107380664e+01,-5.809813104854356425e+00,1.138939548473069436e+02,-3.321256729687191012e+01,-2.399337990248330854e+01,-6.131346078016854051e+00
1.559000000000000000e+08,1.137531831133121756e+02,-3.424680220603345759e+01,-2.476863093285729178e+01,-1.185891488722120357e+00,1.137276720921562116e+02,-3.418169180316353106e+01,-2.474158026796381904e+01,-1.520634286631484366e+00
1.562000000000000000e+08,1.135780811711218945e+02,-3.521606032014757659e+01,-2.457441673637889323e+01,3.489183883234986183e+00,1.135530419967603422e+02,-3.515027041445403455e+01,-2.461094816897638538e+01,3.153060714794078567e+00
1.565000000000000000e+08,1.133946207829335009e+02,-3.618469890278683465e+01,-2.350477698184609210e+01,8.049023359858960447e+00,1.133700630849933333e+02,-3.611823063359560848e+01,-2.360444099864752587e+01,7.723559126940211961e+00
1.568000000000000000e+08,1.132028011478085574e+02,-3.715264531683750704e+01,-2.159611604462961054e+01,1.233102015506451821e+01,1.131787345118073347e+02,-3.708549991059769013e+01,-2.175619065956393072e+01,1.202803421890201463e+01
1.571000000000000000e+08,1.130026220154557137e+02,-3.811982690310456690e+01,-1.891479063529749283e+01,1.618214937061341629e+01,1.129790560639359711e+02,-3.805200564809820918e+01,-1.913034862725042728e+01,1.591281368170363031e+01
1.574000000000000000e+08,1.127940837606437583e+02,-3.908617091064058968e+01,-1.555480422930106954e+01,1.946443706795652062e+01,1.127710281605495197e+02,-3.901767520684278878e+01,-1.581886031432098960e+01,1.923886625686273177e+01
1.577000000000000000e+08,1.125771874264324452e+02,-4.005160457220875259e+01,-1.163451200113294703e+01,2.205990403479331619e+01,1.125546518538646978e+02,-3.998243591117043394e+01,-1.193824591407033608e+01,2.188677773350771361e+01
1.580000000000000000e+08,1.123519346348544161e+02,-4.101605512144757171e+01,-7.292451597182719070e+00,2.387480660794927090e+01,1.123299288297055369e+02,-4.094621505450653132e+01,-7.625500418813976999e+00,2.376103821245523662e+01
1.583000000000000000e+08,1.121183275911068051e+02,-4.197944968162230595e+01,-2.682447123829120983e+00,2.484302192721679603e+01,1.120968614080178583e+02,-4.190893990486296872e+01,-3.033257080030297370e+00,2.479348671548904193e+01
1.586000000000000000e+08,1.118763692420185549e+02,-4.294171527349627127e+01,2.031840384797718002e+00,2.492845590427215896e+01,1.118554525433363551e+02,-4.287053771034275940e+01,1.675614927309073465e+00,2.494578892393010605e+01
1.589000000000000000e+08,1.116260632915890767e+02,-4.390277900941046596e+01,6.682723466380636523e+00,2.412638653672176758e+01,1.116057058252037848e+02,-4.383093570465143074e+01,6.333787407986327445e+00,2.421085801522677627e+01
1.592000000000000000e+08,1.113674139831794037e+02,-4.486256815437370449e+01,1.110445373309795514e+01,2.246369216319244089e+01,1.113476254785429234e+02,-4.479006111261390544e+01,1.077541969283247347e+01,2.261316602096544059e+01
1.595000000000000000e+08,1.111004260045365726e+02,-4.582100990324139644e+01,1.513912966231966095e+01,1.999795398461545659e+01,1.110812163639813406e+02,-4.574784115569481457e+01,1.484206347727872632e+01,2.020793252697591669e+01
1.598000000000000000e+08,1.108251047058720502e+02,-4.677803123572591204e+01,1.864233564203850335e+01,1.681546310724328208e+01,1.108064839781277726e+02,-4.670420305752455903e+01,1.838831568764845770e+01,1.707921747693949044e+01
1.601000000000000000e+08,1.105414562919733612e+02,-4.773355911835265886e+01,2.148831122916828917e+01,1.302820151918816549e+01,1.105234344538017410e+02,-4.765907404942874592e+01,2.128701768491034230e+01,1.333698390399959344e+01
1.604000000000000000e+08,1.102494876727862305e+02,-4.868752073509470080e+01,2.357446606925937260e+01,8.769902290006086787e+00,1.102320745602143859e+02,-4.861238137596164677e+01,2.343381488658418377e+01,9.113233207816243464e+00
1.607000000000000000e+08,1.099492062205002867e+02,-4.963984338903296134e+01,2.482507813711416134e+01,4.191327108399640622e+00,1.099324117031024741e+02,-4.956405230044200039e+01,2.475091330714793258e+01,4.557348802987779557e+00
1.610000000000000000e+08,1.096406198218565606e+02,-5.059045427071612266e+01,2.519404150206177917e+01,-5.450718718166953636e-01,1.096244539248148016e+02,-5.051401411049246093e+01,2.518989779978001309e+01,-1.691876002916140043e-01
1.613000000000000000e+08,1.093237370965150745e+02,-5.153928047350971298e+01,2.466656411226632883e+01,-5.270916390570398846e+00,1.093082099043493685e+02,-5.146219412358138356e+01,2.473350993154218358e+01,-4.898520182419050961e+00
1.616000000000000000e+08,1.089985674169340939e+02,-5.248624918476173207e+01,2.325975358097770140e+01,-9.817888242467283533e+00,1.089836889573442278e+02,-5.240851969256553389e+01,2.339632026893560024e+01,-9.462380738226775279e+00
1.619000000000000000e+08,1.086651207602290867e+02,-5.343128772114442171e+01,2.102206786281371365e+01,-1.402372484437706390e+01,1.086509010360195902e+02,-5.335291821123590950e+01,2.122426908616553831e+01,-1.369807617577424175e+01
1.622000000000000000e+08,1.083234076806304955e+02,-5.437432342342692237e+01,1.803164781990743393e+01,-1.773801046427663408e+01,1.083098567290724361e+02,-5.429531711986325604e+01,1.829308974189519432e+01,-1.745428871650283753e+01
1.625000000000000000e+08,1.079734393981864287e+02,-5.531528365627327304e+01,1.439358912759023212e+01,-2.082755596071884696e+01,1.079605672615229679e+02,-5.523564391074482671e+01,1.470566877111663651e+01,-2.059648199549257797e+01
1.628000000000000000e+08,1.076152277754143682e+02,-5.625409588582851228e+01,1.023624921610094418e+01,-2.318117475903746794e+01,1.076030444945130142e+02,-5.617382613375245626e+01,1.058843468912392183e+01,-2.301171990683983992e+01
1.631000000000000000e+08,1.072487852346124271e+02,-5.719068763546965073e+01,5.706718875355335285e+00,-2.471368428377054016e+01,1.072373009250570846e+02,-5.710979140187837544e+01,6.086902249852557567e+00,-2.461272558709895719e+01
1.634000000000000000e+08,1.068741248373563906e+02,-5.812498638895809933e+01,9.656177425734711051e-01,-2.536898875226602712e+01,1.068633496857441543e+02,-5.804346739678278766e+01,1.360529198047208288e+00,-2.534103466047124442e+01
1.637000000000000000e+08,1.064912604188052967e+02,-5.905691968271863601e+01,-3.818602099320756338e+00,-2.512213121626040646e+01,1.064812045443931936e+02,-5.897478187433867447e+01,-3.422932683011298938e+00,-2.516912884259390992e+01
1.640000000000000000e+08,1.061002065017362384e+02,-5.998641528778751564e+01,-8.475641795531146272e+00,-2.398023982801057485e+01,1.060908799036594559e+02,-5.990366267017663660e+01,-8.093392090954399265e+00,-2.410147208666267460e+01
1.643000000000000000e+08,1.057009780873538745e+02,-6.091340115227377794e+01,-1.283941790159204288e+01,-2.198233317315096258e+01,1.056923908005929462e+02,-6.083003770522704201e+01,-1.248446690944905413e+01,-2.217441037892204747e+01
1.646000000000000000e+08,1.052935906807904587e+02,-6.183780516869393296e+01,-1.675398583137061337e+01,-1.919798961588831787e+01,1.052857529061494404e+02,-6.175383499126048292e+01,-1.643941197788879549e+01,-1.945493666966448743e+01
1.649000000000000000e+08,1.048780605403679687e+02,-6.275955516136441048e+01,-2.007911346361098026e+01,-1.572492539367234343e+01,1.048709825246530585e+02,-6.267498263642557532e+01,-1.981671471636324711e+01,-1.603836282582970441e+01
1.652000000000000000e+08,1.044544047430551359e+02,-6.367857913774057010e+01,-2.269530517442687767e+01,-1.168556550286992035e+01,1.044480965932109342e+02,-6.359340885078347583e+01,-2.249515883457280196e+01,-1.204497947376467870e+01
1.655000000000000000e+08,1.040226409603007056e+02,-6.459480540304204510e+01,-2.450809603582561635e+01,-7.222728175283734231e+00,1.040171126810800359e+02,-6.450904195183986189e+01,-2.437817492388273521e+01,-7.615820775229558137e+00
1.658000000000000000e+08,1.035827873161008625e+02,-6.550816237499148542e+01,-2.545146229027621132e+01,-2.494575331149022190e+00,1.035780489889860405e+02,-6.542181037007152611e+01,-2.539732178661133233e+01,-2.907683253310942018e+00
1.661000000000000000e+08,1.031348625330334841e+02,-6.641857843293144015e+01,-2.549022526491901885e+01,2.330992847899850062e+00,1.031309243483944158e+02,-6.633164265445054752e+01,-2.551477301565435951e+01,1.912425391812179853e+00
1.664000000000000000e+08,1.026788860903015603e+02,-6.732598202987855984e+01,-2.462136085983925682e+01,7.082300819966881988e+00,1.026757582207330017e+02,-6.723846747796250156e+01,-2.472471851925673292e+01,6.673210928755759497e+00
1.667000000000000000e+08,1.022148781511495201e+02,-6.823030183696504025e+01,-2.287416568142377571e+01,1.159000591813090608e+01,1.022125706965676528e+02,-6.814221364312005846e+01,-2.305362914579201572e+01,1.120518050512395192e+01
1.670000000000000000e+08,1.017428594454438553e+02,-6.913146670180937292e+01,-2.030927217775226268e+01,1.569313430096319451e+01,1.017413824947294927e+02,-6.904281008747118165e+01,-2.055937293843595270e+01,1.534667743396325790e+01
1.673000000000000000e+08,1.012628513134792314e+02,-7.002940557001421951e+01,-1.701654604441449692e+01,1.924482981943324944e+01,1.012622149613940081e+02,-6.994018588910149958e+01,-1.732921240565147158e+01,1.894964796969284748e+01
1.676000000000000000e+08,1.007748757620743731e+02,-7.092404753893599434e+01,-1.311193839770376712e+01,2.211761076488340905e+01,1.007750900691135740e+02,-7.083427027213009808e+01,-1.347675207676606846e+01,2.188493434033416563e+01
1.679000000000000000e+08,1.002789553898931132e+02,-7.181532190448753283e+01,-8.733402624629107436e+00,2.420794594620397078e+01,1.002800304158008515e+02,-7.172499261219864763e+01,-9.137943100939221353e+00,2.404690479666195913e+01
1.682000000000000000e+08,9.977511335314035534e+01,-7.270315806802452130e+01,-4.036020063899556476e+00,2.543998546841781661e+01,9.977705922366577340e+01,-7.261228244195375225e+01,-4.466285403588011071e+00,2.535725469877470317e+01
1.685000000000000000e+08,9.926337349302073676e+01,-7.358748549326077182e+01,8.134928394727580780e-01,2.576831212178179698e+01,9.926620033810347365e+01,-7.349606945652148227e+01,3.726032716056122962e-01,2.576784187061310050e+01
1.688000000000000000e+08,9.874376040476153094e+01,-7.446823386306358827e+01,5.642701677441181118e+00,2.517961406392790735e+01,9.874747822653644391e+01,-7.437628351897390644e+01,5.206859269221103759e+00,2.526245358378315586e+01
1.691000000000000000e+08,9.821629927508870139e+01,-7.534533319427636400e+01,1.027958598024655146e+01,2.369321697745849775e+01,9.822091797720774764e+01,-7.525285466578741023e+01,9.864477673515485989e+00,2.385744037737105216e+01
1.694000000000000000e+08,9.768101573484213418e+01,-7.621871368548923442e+01,1.455866757748867713e+01,2.136045414567374934e+01,9.768654529792688379e+01,-7.612571311229240223e+01,1.417943284635881085e+01,2.160119213953861816e+01
1.697000000000000000e+08,9.713793599284772995e+01,-7.708830553518325246e+01,1.832691654078030297e+01,1.826289497204692225e+01,9.714438651476963571e+01,-7.699478925811335728e+01,1.799759704283824036e+01,1.857247304194652315e+01
1.700000000000000000e+08,9.658708704662191735e+01,-7.795403905230945441e+01,2.144922401421321467e+01,1.450949355715444256e+01,9.659446857072823889e+01,-7.786001369259994931e+01,2.118224609691461069e+01,1.487767256565106955e+01
