taper_ns,frequency_Hz,PEC_reflected_real,PEC_reflected_imag,theory_real,theory_imag,relative_complex_error
0,20000000.0,0.024548925248204345,0.02089733385726708,0.002088265748900426,0.020753794470086594,1.0768281343132655
0,20300000.0,0.007566885847481775,-0.002103497546463995,0.006011918409388879,0.020301982252151893,1.0607344019577833
0,20600000.0,-0.012422332144108317,0.016148313765438793,0.00983784027168735,0.019103936689049705,1.0450161019333057
0,20900000.0,0.009081578656828793,0.03921268065804573,0.013423343534671159,0.017180926678660134,1.0299271421544287
0,21200000.0,0.03835093642866877,0.020296645967658566,0.01663040761417936,0.014581627913518812,1.0154656984555006
0,21500000.0,0.02640171383481804,-0.009939118543632386,0.01933096168295948,0.011381090811162075,1.0013221732062811
0,21800000.0,0.0005818602991060073,-0.0007172713283281063,0.0214119377386688,0.007678687862933808,0.9873100628371664
0,22100000.0,0.013098363904080257,0.023854677595681384,0.02277989679362865,0.003595091554542866,0.9736438781639669
0,22400000.0,0.04298153086724016,0.010197849081260382,0.023365042180265142,-0.0007316278050991864,0.9606118111775491
0,22700000.0,0.03526643861528456,-0.024047701289657275,0.023124452743558455,-0.005150659360973056,0.9481040889135564
0,23000000.0,0.003948936570632222,-0.02281286733118737,0.022044394285659404,-0.009503707416036615,0.9357278282493077
0,23300000.0,0.0057251452649677015,0.003587851915013651,0.020141599204164903,-0.013630662445069618,0.9233784357187054
0,23600000.0,0.03374412044811681,-0.0019141677282876746,0.01746344074412462,-0.017375484240793944,0.9114078140326987
0,23900000.0,0.030538365856020988,-0.035877996956776625,0.014086968375024217,-0.020592081233650514,0.9000908008763097
0,24200000.0,-0.004109188647970496,-0.040535336996627036,0.01011681305429484,-0.023149965164943345,0.889168699790618
0,24500000.0,-0.012565486805898196,-0.011839394725231323,0.00568201398373284,-0.024939463701057495,0.8781939775717845
0,24800000.0,0.012855890425463756,-0.006849469664924723,0.0009318602866748043,-0.025876285295459683,0.8671994836902478
0,25100000.0,0.015761505489376826,-0.036617825988864504,-0.003969119778447177,-0.0259052503604099,0.8566694200734356
0,25400000.0,-0.01830856952837112,-0.04537159480912156,-0.008846854439560632,-0.025003030015597123,0.84680178276103
0,25700000.0,-0.03445540541102621,-0.015017911958853603,-0.013523911812453052,-0.023179767455423043,0.8371617694201371
0,26000000.0,-0.011003835562902964,0.0009214244561425167,-0.01782595141410955,-0.02047949617315168,0.8272999421163277
0,26300000.0,0.00018773133418570342,-0.022444634535489866,-0.021588209310620693,-0.016979312523834496,0.8174399689001407
0,26600000.0,-0.02876103718734968,-0.03486063752935964,-0.02466177613135608,-0.012787305844707568,0.8081673763267799
0,26900000.0,-0.04921741606639021,-0.005328304805152673,-0.02691942981261026,-0.008039295904049743,0.7995300040976344
0,27200000.0,-0.026964626568373617,0.019536866183224477,-0.028260796562419463,-0.0028944730777135724,0.7909129097354937
0,27500000.0,-0.0061573067602546105,0.0025932790609687895,-0.0286166338994713,0.0024699203800825752,0.7819393974324038
0,27800000.0,-0.026427134838128863,-0.014531230618466173,-0.02795205811408686,0.007864690966643087,0.7730641455406388
0,28100000.0,-0.04853022508964494,0.010181218654989,-0.026268574211538918,0.013095366681936099,0.764913845114385
0,28400000.0,-0.027913358357038454,0.0400187424632481,-0.023604808122247856,0.01796920655313433,0.7573129303749232
0,28700000.0,0.0016994637274235919,0.028001694854023512,-0.020035887246427738,0.022302294316923738,0.7494934474110105
0,29000000.0,-0.008616582229676872,0.004607679723013569,-0.01567146459185415,0.02592645547868088,0.7412413013812118
0,29300000.0,-0.03148057740338028,0.02033279830432333,-0.010652432073347153,0.028695738378865097,0.7332575042094743
0,29600000.0,-0.014790888991483175,0.05076966361657642,-0.005146418108544196,0.03049221100738281,0.7261216446037704
0,29900000.0,0.020302305415233313,0.04214268129491476,0.0006577884008385331,0.03123084587712589,0.7193743856569873
0,30200000.0,0.0186951877789725,0.011954021134658044,0.006556703071758784,0.030863294700393364,0.7121578484300594
0,30500000.0,-0.005753017990155707,0.01608808015033869,0.012339278935824148,0.029380391966181436,0.704514538177429
0,30800000.0,0.0034128963770185816,0.0440414022209763,0.017794457227125533,0.02681327053944377,0.6973717708176196
0,31100000.0,0.03903203934444771,0.03866947177250797,0.022718865910924733,0.023233021571663046,0.6911519817263048
0,31400000.0,0.04337673069604042,0.003434495995949638,0.026924385317872696,0.018748883583658973,0.6850787176338198
0,31700000.0,0.016016208675329047,-0.0038827089707957896,0.03024529998791231,0.013504999658335515,0.6783031333406742
0,32000000.0,0.014319950158438371,0.020774446727783946,0.03254476597761539,0.007675835277038605,0.671207882434273
0,32300000.0,0.045669253080382666,0.0204558716833822,0.03372034324553676,0.001460400447362406,0.6648839379379998
0,32600000.0,0.053433754683233414,-0.015677386773780493,0.033708372719549476,-0.004924533538842364,0.6594764992882112
0,32900000.0,0.02300732092543778,-0.03163691999279883,0.03248701631722015,-0.011251991919313038,0.653898968005959
0,33200000.0,0.009147660320776942,-0.009138004556698887,0.030077824245844414,-0.017292865427586394,0.6474402897377539
0,33500000.0,0.03337541660924692,-0.0014524657118272222,0.026545745767911032,-0.022824203548529418,0.6408798590469785
0,33800000.0,0.04375491805124898,-0.03314265658394763,0.02199755545448659,-0.027637431955249137,0.6353649021064975
0,34100000.0,0.012443164029692477,-0.05363707067768153,0.016578724760447333,-0.03154619163128779,0.6306497763855936
0,34400000.0,-0.011851051907430521,-0.031682788189351774,0.010468826433753735,-0.03439350591605949,0.6253950175230845
0,34700000.0,0.005160975405690715,-0.013640066959572872,0.003875614679986226,-0.03605800142469064,0.6191735678966093
0,35000000.0,0.0194576178773731,-0.036359506421531906,-0.0029720249421695357,-0.03645893893340518,0.6131749768907965
0,35300000.0,-0.00835490003737216,-0.057959575221127824,-0.009832017175180386,-0.03555984994097765,0.6084550479290587
0,35600000.0,-0.03875501998168118,-0.03626594010026918,-0.016457654867305105,-0.03337062240247897,0.6042898142479322
0,35900000.0,-0.026933708511851784,-0.007884897467892338,-0.022606470392858846,-0.029947933448060817,0.5991988262539074
0,36200000.0,-0.006341464910042199,-0.019691769594829572,-0.02804910171306691,-0.025393985844841968,0.593184746943769
0,36500000.0,-0.025565417907987165,-0.0411541295981806,-0.03257782912975996,-0.019853566432105313,0.587804104935759
0,36800000.0,-0.056873468969131036,-0.021830773639933687,-0.03601446563914355,-0.013509506532065438,0.5838452513309631
0,37100000.0,-0.047869996759803524,0.013741335655476306,-0.03821730240423971,-0.00657668413912733,0.5800648190560672
0,37400000.0,-0.0194494856959561,0.011644587242435469,-0.039086840725821345,0.0007052367123363492,0.5750045696106503
0,37700000.0,-0.026448932928358815,-0.010794453654755898,-0.03857008207364752,0.008080084718095338,0.5692202843837914
0,38000000.0,-0.05476218057979021,0.0020457202397774488,-0.03666319691913027,0.015284192466450651,0.5645276831573721
0,38300000.0,-0.04777542156037881,0.039336682128314315,-0.03341244961280911,0.022055823039465294,0.5612624759876895
0,38600000.0,-0.012573416840006055,0.04361619700099795,-0.02891331840668229,0.028144675039165165,0.5576849907233009
0,38900000.0,-0.0068363284924113366,0.01803844716703268,-0.0233078147385163,0.03332112101284514,0.552561895285722
0,39200000.0,-0.030983442181000242,0.020040044542349866,-0.016780071730969397,0.0373848387585433,0.5470798891832638
0,39500000.0,-0.027726853140424217,0.0533104284413366,-0.009550336107619819,0.040172512033869186,0.5431411433529162
0,39800000.0,0.010139369189293784,0.06057682624360777,-0.0018675580100444506,0.0415643063242031,0.5404595267128796
0,40100000.0,0.025773473581850004,0.03073989502583515,0.005999172753243724,0.04148886565440116,0.5368981928184793
0,40400000.0,0.004337573937693406,0.019548995430560323,0.01377004975459196,0.039926626632222656,0.5316708279498811
0,40700000.0,0.00029575624026600966,0.045068404371491955,0.02116450237997071,0.03691130429123841,0.5266055779148477
0,41000000.0,0.03480817719328835,0.05388016420947683,0.02791132364271306,0.032529468831825135,0.5234624148750854
0,41300000.0,0.055569006464570636,0.021373721209821332,0.03375860787399898,0.02691820076329383,0.521208672008786
0,41600000.0,0.03438811927653629,-0.0018694514837886977,0.03848313447341716,0.020260881777408774,0.5174884234453172
0,41900000.0,0.019622304148795566,0.015450494033277806,0.04189884889853015,0.0127812473973244,0.5121771077013969
0,42200000.0,0.04519212912013704,0.02709443376270826,0.0438641200096967,0.004735892516873341,0.5076707404742089
0,42500000.0,0.06674050337929571,-0.0035704226338315534,0.04428749291995262,-0.00359452005654871,0.5053217246055666
0,42800000.0,0.04461067668390961,-0.03438764922572357,0.04313170732945561,-0.011915047255989467,0.5032988196865508
0,43100000.0,0.018113582380166804,-0.022888569784905943,0.0404158112371757,-0.019926908396659674,0.4992760063466104
0,43400000.0,0.031878475328549566,-0.005347838599095156,0.03621526685134709,-0.027338213077145044,0.4939670073220601
0,43700000.0,0.05233835159179634,-0.02825226062869036,0.030660017113076334,-0.03387458918327426,0.490169171158594
0,44000000.0,0.03088973995082478,-0.06065996610474078,0.02393055495160856,-0.03928932423597121,0.48855406792376876
0,44300000.0,-0.004669598968376154,-0.0517461364291556,0.01625211054212347,-0.04337264578935505,0.4865357856565628
0,44600000.0,-0.0018303310367864707,-0.025686416915955967,0.00788714176058949,-0.04595979284574971,0.48211843125039755
0,44900000.0,0.01868660507237635,-0.036039576244095387,-0.0008736228678666211,-0.04693756953092814,0.4769609589180629
0,45200000.0,0.0023054948108489626,-0.06514823309003565,-0.009721283563620958,-0.04624912330112947,0.47400440497483315
0,45500000.0,-0.03653675021011615,-0.05713356683936954,-0.01833966037735736,-0.043896751023042295,0.47299472633430817
0,45800000.0,-0.04086993296937859,-0.022642701577047397,-0.026416591990833148,-0.03994260528079469,0.47074500238626754
0,46100000.0,-0.01740370993501489,-0.0190075555536644,-0.03365523847467872,-0.03450724780553097,0.4659108226621114
0,46400000.0,-0.02340546336290905,-0.04300328468481465,-0.03978497888749753,-0.027766074347159293,0.4611056457896963
0,46700000.0,-0.058859397630295796,-0.03721718465501089,-0.044571504047328174,-0.019943712830300882,0.459080006676318
0,47000000.0,-0.06606628802544307,0.001920269765384397,-0.047825728897268806,-0.011306571435575492,0.45847805112838835
0,47300000.0,-0.037450634476342184,0.016953240539405834,-0.04941118692584049,-0.0021537825663677595,0.4557758280469356
0,47600000.0,-0.02951126220546918,-0.0034534033551607557,-0.04924961987669886,0.007193150090322582,0.4505851235591209
0,47900000.0,-0.05677594951707676,-0.0038589779285740367,-0.04732453779979521,0.016401643349764676,0.44636457994686396
0,48200000.0,-0.06454163013868536,0.033421160127082405,-0.04368259524258115,0.025139868626661736,0.44529164722989123
0,48500000.0,-0.03149948458604812,0.05455660280906238,-0.03843270659028958,0.03308870725513261,0.4448394583038587
0,48800000.0,-0.009879355141723889,0.03451690734924716,-0.03174290450898064,0.039953396373628394,0.4415064854350737
0,49100000.0,-0.02785944694201925,0.023448319947560914,-0.023835027226033187,0.04547444065803076,0.4361072537134411
0,49400000.0,-0.037157856300972014,0.05220204280164853,-0.014977400037713947,0.04943738660650753,0.4327075784895646
0,49700000.0,-0.00402869675667053,0.07411278496798368,-0.005475751042894668,0.05168109238385593,0.4325218240778738
0,50000000.0,0.02691990835471525,0.05217507148514269,0.004337332103895282,0.05210417627730154,0.431920248425085
0,50300000.0,0.015728036477306917,0.028223183487308345,0.014114041165477157,0.050669388943079596,0.4278486026271482
0,50600000.0,0.0013460027229329485,0.04444950299715256,0.023503674808219875,0.047405726718176174,0.4224717474262593
0,50900000.0,0.027979714865556185,0.06437339084894034,0.03216521767402894,0.04240818283224803,0.4200999390332199
0,51200000.0,0.061602881079999894,0.041398559038245936,0.03977971988232349,0.0358351175790252,0.42063791570472725
0,51500000.0,0.0531510243126565,0.0064481518468118,0.046062027757576486,0.027903314391288736,0.4195745449327763
0,51800000.0,0.02996627095133264,0.01040240621087185,0.050771434822409305,0.01888087321160506,0.41475034827871443
0,52100000.0,0.04410552715931759,0.029222122819479113,0.05372085615644557,0.009078172482659299,0.40969369832730307
0,52400000.0,0.07442135720767701,0.009580711342225129,0.05478417803980709,-0.0011627964535168992,0.408492428406634
0,52700000.0,0.06597156647525093,-0.03054870960088163,0.053901496772456814,-0.01148035647031819,0.40949392438831134
0,53000000.0,0.03289679908422127,-0.034916589077462756,0.051082033586258326,-0.02150591746959387,0.40767739490656163
0,53300000.0,0.03193465517917493,-0.013754571893403122,0.04640459412116352,-0.030877143829834395,0.40219724968532966
0,53600000.0,0.056216746760008596,-0.02393100852911556,0.04001552815872197,-0.039251046107453044,0.39779824451914203
0,53900000.0,0.04841465304169268,-0.061725271555514216,0.032124235096840946,-0.04631652409332065,0.3978133652962736
0,54200000.0,0.008585502835247283,-0.06923075306077786,0.022996349784471175,-0.05180590288855631,0.3989358143794195
0,54500000.0,-0.005444170697835482,-0.04240601498934926,0.012944828577903038,-0.055505034960999934,0.3961329320389456
0,54800000.0,0.014107464173327922,-0.03825861985459317,0.002319233702450256,-0.057261588224067614,0.39020994669193326
0,55100000.0,0.011035321031439782,-0.06771101171536731,-0.008506417703351605,-0.05699120150763207,0.3868082983343998
0,55400000.0,-0.028811440689341605,-0.07497469750067665,-0.019146817697861425,-0.05468126229818976,0.38796401641134
0,55700000.0,-0.050295435759773466,-0.04210140829548603,-0.029219081511249734,-0.050392144781631114,0.3888098887174761
0,56000000.0,-0.03163784261829278,-0.022740057851192597,-0.03835652327254105,-0.04425583611895686,0.38488146230478165
0,56300000.0,-0.02456760256508972,-0.04182170447499478,-0.04622199792612065,-0.03647197234125141,0.37883838119018737
0,56600000.0,-0.05674063479283542,-0.04919808944105475,-0.05252032414967797,-0.0273013989211846,0.3767317098253504
0,56900000.0,-0.07935967022236834,-0.014123133669512677,-0.05700933109540121,-0.01705746157799502,0.378818206674901
0,57200000.0,-0.058197903943707996,0.016537088311843195,-0.059509116591074954,-0.006095316895151448,0.378973260357459
0,57500000.0,-0.03742657587723586,0.005496101193941949,-0.059909164610372184,0.00520037323070186,0.3739043791401348
0,57800000.0,-0.05661927656304977,-0.005770983115681139,-0.05817304333407531,0.01642893722432365,0.36815227449066784
0,58100000.0,-0.07651049437832136,0.024493028536358263,-0.05434048945487926,0.027187906141382417,0.36754945546519274
0,58400000.0,-0.05267229863522155,0.059316287891814534,-0.04852677658948844,0.0370874385246098,0.37022650614625824
0,58700000.0,-0.019006741216553213,0.05158225271742528,-0.040919362499981016,0.045764440840684206,0.36930522389258685
0,59000000.0,-0.024547364729750054,0.031679568008306624,-0.031771907838994064,0.05289587222042823,0.36322592088416517
0,59300000.0,-0.04201919519561237,0.04994876316217467,-0.021395854790576787,0.05821074641961895,0.3582282288354453
0,59600000.0,-0.019539041841465377,0.08182679890397715,-0.010149843801219312,0.06150038592925748,0.35920662896969086
0,59900000.0,0.021471453520122474,0.07350764424269923,0.001572672718928337,0.06262654165181768,0.3620247128590381
0,60200000.0,0.025713483610518395,0.042546762513511305,0.01335719230072545,0.06152706457419371,0.3597182381437107
0,60500000.0,0.0069010166031124864,0.044844387949262376,0.024782818695087073,0.058218900914917146,0.35291093926923106
0,60800000.0,0.021280717662421567,0.06989997755101962,0.03543729431075702,0.05279827634962781,0.34913440098280235
0,61100000.0,0.06144409100386011,0.06067550336396199,0.04493187193362601,0.04543803481493699,0.35160786019563095
0,61400000.0,0.06950012846859766,0.02083065285172725,0.05291548936283582,0.03638219950654004,0.35404575082510525
0,61700000.0,0.04494372300797567,0.008315741406071053,0.05908773045184874,0.02593792435835861,0.3501672531455645
0,62000000.0,0.04505272491015899,0.027316664218032694,0.06321009470548847,0.014465099868505306,0.3430580790962221
0,62300000.0,0.07708973086347276,0.021073344048120113,0.06511515384132081,0.0023639641273427233,0.3409143669164925
0,62600000.0,0.08438459600546633,-0.02098966029257654,0.06471324571341323,-0.009938854917723679,0.3446182618906744
0,62900000.0,0.05239741064580694,-0.042653996583492004,0.06199644127030879,-0.022005379380796383,0.3461336780600801
0,63200000.0,0.03596248922745249,-0.025478105708188536,0.05703961582632645,-0.03340187337053278,0.3406562042521353
0,63500000.0,0.05664817341042916,-0.0225670772595562,0.04999855851463172,-0.04371443186747062,0.3337881347364977
0,63800000.0,0.06261961076232991,-0.058271241666327855,0.04110515972739523,-0.052564006334551994,0.33357237065630124
0,64100000.0,0.026229825884376723,-0.08184801501692407,0.03065982184380681,-0.05962032183851286,0.3380701868001769
0,64400000.0,-0.0036015832729512365,-0.061970030746186566,0.019021339792883247,-0.06461417522433623,0.33815830804212804
0,64700000.0,0.007579130760708597,-0.04495431986000664,0.00659459130555194,-0.06734765735427824,0.33124060263193517
0,65000000.0,0.015926351062077848,-0.06758501406861872,-0.006183541357066635,-0.06770191284136791,0.3252279198356431
0,65300000.0,-0.017714445039020088,-0.08795036650323784,-0.01885952891212821,-0.06564213569149638,0.3270624008511637
0,65600000.0,-0.05357932704611057,-0.06394383641744272,-0.030979292009508913,-0.061219595887940306,0.33177517550059943
0,65900000.0,-0.04668478641247509,-0.03228906526172448,-0.04210446630819968,-0.05457059683096202,0.33002896319972874
0,66200000.0,-0.03034045116764239,-0.03996046033177836,-0.051828253095141184,-0.045912372978406155,0.32202526271705695
0,66500000.0,-0.052966733919098896,-0.056537955497399484,-0.05979028247711446,-0.03553604711903268,0.3174907977530669
0,66800000.0,-0.0866746324603831,-0.03176691889852101,-0.06568994649229143,-0.02379687348861139,0.32128326736446444
0,67100000.0,-0.07899207229397737,0.009585999781498211,-0.0692977096023678,-0.011102092533673683,0.32553972874109643
0,67400000.0,-0.05080097185408239,0.01340333987719855,-0.07046397230929083,0.002103188111697095,0.32170601371967406
0,67700000.0,-0.056925981693565886,-0.0031655216302426403,-0.0691251477936654,0.015351597236956498,0.313156371929292
0,68000000.0,-0.08325876534470189,0.015289562651152888,-0.06530670860399286,0.02817004135997452,0.31065599108028424
0,68300000.0,-0.07325548198769094,0.05770706960090877,-0.059123067153021215,0.0400965983010651,0.31608100408154033
0,68600000.0,-0.03414003607416083,0.06643859752547998,-0.05077426634059514,0.0506971597898483,0.3191831177086795
0,68900000.0,-0.023737433103358407,0.04450946131121303,-0.04053957101968512,0.059581223596891865,0.31320900306559113
0,69200000.0,-0.04260466308299993,0.049232877371072625,-0.028768163151494112,0.06641626100228125,0.30480743533154375
0,69500000.0,-0.03363360199865206,0.0841734047212237,-0.015867249301012125,0.07094013159991591,0.30474966964335914
0,69800000.0,0.01015143415521541,0.09198799907498678,-0.0022879847438309485,0.07297108300588172,0.3112586864513882
0,70100000.0,0.03168514861776295,0.06158215435929715,0.01149029963983812,0.0724149557975035,0.31255538865500077
0,70400000.0,0.015941681515582617,0.04873891185575574,0.024977016381093363,0.06926931112458709,0.304620246980814
0,70700000.0,0.017196318228413054,0.07156037189017561,0.03768778918226388,0.06362430653308283,0.2971592722235975
0,71000000.0,0.056400499198898335,0.07670921806332398,0.04916184746804794,0.05566026082720105,0.2997312191196852
0,71300000.0,0.08106406079955508,0.03972336334267812,0.058978723133384245,0.04564196718167345,0.3065924906582718
0,71600000.0,0.06287316543435884,0.011361685128011834,0.06677364467712249,0.033909930968588325,0.30555392360776656
0,71900000.0,0.050095645972059843,0.023092911833114904,0.07225106559465949,0.02086882065590905,0.29608280114741653
0,72200000.0,0.07656873554557386,0.0288592081162955,0.07519582616965405,0.006973522598508303,0.2903753141250173
0,72500000.0,0.09788424949536179,-0.007751760824205811,0.07548152858549352,-0.00728672018574619,0.29548765720418074
0,72800000.0,0.07440229501528806,-0.0443521513305416,0.07307580181863946,-0.021405532401481034,0.3018519180565471
0,73100000.0,0.04550096507488266,-0.038273434788057115,0.0680422417360328,-0.03487738767140442,0.29813721878899785
0,73400000.0,0.055890205115275426,-0.025615291499311965,0.06053892938097139,-0.04721570803584659,0.287791699251897
0,73700000.0,0.072105035668946,-0.05268644064359285,0.05081355243947849,-0.057970433768683535,0.28457488918359336
0,74000000.0,0.04569557898810994,-0.08837780558612152,0.0391952769819329,-0.06674442923824309,0.291837819853034
0,74300000.0,0.004654603986175565,-0.08174750144901721,0.026083634384029684,-0.07320812714978928,0.2968217749978257
0,74600000.0,0.0016884301013037617,-0.05690660375528345,0.011934797577791496,-0.07711187187401565,0.2903347707419434
0,74900000.0,0.01626717282398571,-0.06737266370409334,-0.0027542825277712653,-0.07829550076995836,0.2799775522148949
0,75200000.0,-0.005976332177664245,-0.0954684882326029,-0.017463329060848506,-0.07669479779842737,0.279808595141184
0,75500000.0,-0.050380757730458026,-0.08534644421743343,-0.03166716684046133,-0.07234456300191014,0.28854604502269754
0,75800000.0,-0.05977099464933616,-0.04774278883391703,-0.04485447298833299,-0.06537816078192968,0.2913236933743577
0,76100000.0,-0.04068872937471257,-0.040107669885366626,-0.056546181048707726,-0.05602353512573119,0.2822520055868894
0,76400000.0,-0.05025246099050151,-0.059347363923730745,-0.0663128762976639,-0.044595806567802605,0.27288225028844976
0,76700000.0,-0.08830825854989621,-0.048210441793971937,-0.07379055088673503,-0.03148668917961962,0.2760405802622375
0,77000000.0,-0.09705438896282426,-0.0033281976528645174,-0.07869414133394904,-0.01715108180165324,0.2853433002859108
0,77300000.0,-0.06886858044676408,0.01762819122467163,-0.08082834589121256,-0.002091291842182491,0.28523547621829387
0,77600000.0,-0.060244604184348516,0.0031189579697090686,-0.08009531294945339,0.013160561563309804,0.2740690273575329
0,77900000.0,-0.08572867976863185,0.00838466877077737,-0.07649890067234927,0.02806134870843797,0.2667278933073076
0,78200000.0,-0.09067030150355837,0.05090243410353623,-0.07014532867822078,0.04207627051613991,0.2731419097807486
0,78500000.0,-0.053865023056016426,0.07664336149334527,-0.06124017057429058,0.054698051031899224,0.28195264285621324
0,78800000.0,-0.027688337424358278,0.060414517287161296,-0.0500817669480266,0.06546529250661672,0.2785070777939854
0,79100000.0,-0.04048024746296908,0.0522368700942466,-0.0370512673612296,0.07397932912455221,0.26603169092436973
0,79400000.0,-0.04413342702722667,0.0828582251234391,-0.022599632330067145,0.07991896419960143,0.2616822113197673
0,79700000.0,-0.00510262791674182,0.1055357610925498,-0.007232037763388154,0.08305254687003029,0.2708970602113444
0,80000000.0,0.031782714879668106,0.08323416209577905,0.008509779212466229,0.08324693557963903,0.2781157912771808
0,80300000.0,0.02634700280438551,0.05781040989827879,0.02406661626662897,0.08047300381601494,0.2711723516660115
0,80600000.0,0.017343907725288155,0.07151374084786655,0.038881670632849974,0.07480746492672344,0.25843338404646815
0,80900000.0,0.0487921468270775,0.0879450082882074,0.05242046696993128,0.06643092309383537,0.25782607925368145
0,81200000.0,0.08648520568762741,0.06062664737234513,0.06419013513301496,0.055622192106590966,0.26902264492540734
0,81500000.0,0.08120605564816819,0.02064427004828473,0.07375734268187234,0.04274905763346679,0.27361821882730264
0,81800000.0,0.060189600527108866,0.01906563659438465,0.08076423002234533,0.028255787443482998,0.2633556909824552
0,82100000.0,0.0754232936475302,0.03204392241337284,0.08494176284829819,0.012647812802947892,0.25158639120629217
0,82400000.0,0.10571584829139197,0.006452703047554076,0.08612000480055561,-0.003525891256930102,0.25513009532729225
0,82700000.0,0.09611654590402119,-0.039518440652959175,0.0842349199758482,-0.01969211279675894,0.2671949354171122
0,83000000.0,0.06080965707574504,-0.04940135041787852,0.0793314364073146,-0.03527371802389409,0.26831111014243253
0,83300000.0,0.05662239869200014,-0.03323193749552811,0.07156263364639026,-0.04971025456998074,0.2552723047866738
0,83600000.0,0.0768010717599183,-0.047709939496823006,0.06118505544350685,-0.06247810748206104,0.2457833769214192
0,83900000.0,0.06415379544312139,-0.0889612002232496,0.04855028734790326,-0.07310948314102325,0.2534463175104289
0,84200000.0,0.018909467237615663,-0.09894513847246689,0.03409307385185531,-0.08120953310289554,0.2650815640656422
0,84500000.0,-0.0009015899310074182,-0.07352897093148059,0.018316375627544942,-0.08647099156523526,0.2621293346451831
0,84800000.0,0.012712856192435784,-0.06967965066304904,0.001773879865888421,-0.08868578475589978,0.24722020382527043
0,85100000.0,0.0037504921885446185,-0.09831340287749968,-0.014949428402883833,-0.08775317515233612,0.24125265158411874
0,85400000.0,-0.04173430691391511,-0.10366157839601975,-0.03125795237366131,-0.08368412445519545,0.2525178438905601
0,85700000.0,-0.06839348490929409,-0.06783779705586124,-0.046566695439583264,-0.07660169243558555,0.26237314670234685
0,86000000.0,-0.05425552460712563,-0.04460479485099911,-0.06032224361932481,-0.06673742945915774,0.2551050205868882
0,86300000.0,-0.0508953105663843,-0.05904037270364837,-0.07202276591097553,-0.054423863669693776,0.23956130284296337
0,86600000.0,-0.08584500089309444,-0.06115533829574549,-0.08123630995876406,-0.040083324373106875,0.23811479865450602
0,86900000.0,-0.11020145072811793,-0.02038195461851,-0.08761672643392845,-0.024213476041678245,0.2520042848128678
0,87200000.0,-0.08966495035029093,0.01620422942142219,-0.09091663581882022,-0.007370057740599463,0.2588118938629821
0,87500000.0,-0.06838893438354188,0.01109344823074676,-0.09099695313218638,0.009852573737494172,0.24737623773503573
0,87800000.0,-0.08597668712907491,0.005552365165049755,-0.08783260603981188,0.026842415985154973,0.23268904589815223
0,88100000.0,-0.103217141913449,0.04114545821692639,-0.08151421558301578,0.04299156836879713,0.23635092954570205
0,88400000.0,-0.07576442691826968,0.08070821535508022,-0.07224565172629857,0.05771798190348364,0.2515175060875423
0,88700000.0,-0.037650662753112296,0.07694134146461584,-0.06033752301210037,0.07048643346604953,0.25421580474540006
0,89000000.0,-0.038081770883884425,0.06009110615312818,-0.04619680557071373,0.08082796867964324,0.2391896691112244
0,89300000.0,-0.04996694026749615,0.08040205649486376,-0.03031295632762596,0.08835710750412533,0.22698167366539912
0,89600000.0,-0.02160941893154425,0.11324036215242916,-0.01324098343294589,0.09278618189002294,0.2357918124537677
0,89900000.0,0.025362341273778788,0.10475197611883802,0.004417940962327394,0.09393627327087166,0.25066084789836557
0,90200000.0,0.035422740321741086,0.07249357231765585,0.022037648565408914,0.0917443358067539,0.24849818896257608
0,90500000.0,0.022071608522939656,0.07242486073531351,0.03898917815998862,0.08626622504812115,0.23089498939338457
0,90800000.0,0.04137292229616191,0.09413676966593432,0.05466322688626334,0.07767549637392226,0.22274461027606568
0,91100000.0,0.08574987484486268,0.08069831117160153,0.06849204818066126,0.06625798805926593,0.2361316483413185
0,91400000.0,0.09714839407056575,0.035910875291263133,0.07997000947406166,0.05240235479089445,0.24906626101923124
0,91700000.0,0.07493346332567452,0.01791319293404703,0.08867206552218673,0.03658686346747899,0.24168279033274753
0,92000000.0,0.07630985302393142,0.031098495262701142,0.09426947294284763,0.019362898932256067,0.2229271937094296
0,92300000.0,0.10850664608862184,0.018904693185356702,0.09654216584054821,0.0013357479552830892,0.22015193172277106
0,92600000.0,0.11483835881429172,-0.02904352304820379,0.09538732809071304,-0.016856669109751872,0.2369627797150211
0,92900000.0,0.08078560307678773,-0.05630843190318613,0.0908238309276595,-0.03456637177282866,0.24642621410830515
0,93200000.0,0.06126416856413247,-0.04423326623647794,0.08299235027747448,-0.05115839918978833,0.23391464503258635
0,93500000.0,0.07796808506955603,-0.0457470449563957,0.07215113165851512,-0.06603357422658399,0.21577210972798774
0,93800000.0,0.07919931483792725,-0.08505747215800441,0.05866752599280116,-0.07865013574877722,0.21920221345161253
0,94100000.0,0.03746399535978129,-0.11128810543178558,0.04300557177422073,-0.08854345832774557,0.23782221933058853
0,94400000.0,0.0018765069976034165,-0.09299931461673783,0.025710042254511428,-0.09534314197967338,0.2425195174309271
0,94700000.0,0.00711417946146338,-0.0764532530637978,0.007387505449482647,-0.09878684406190169,0.22546595817913856
0,95000000.0,0.009543249721920943,-0.09843484398938607,-0.011314944878474792,-0.09873033800325227,0.20991147476356642
0,95300000.0,-0.02979684987877329,-0.1170556560198106,-0.029732541610759194,-0.09515341525524479,0.21970332609218157
0,95600000.0,-0.07093951467792942,-0.09025324699900272,-0.04720647302629451,-0.08816139312359687,0.23824001321051072
0,95900000.0,-0.06869381334976354,-0.054848407407959154,-0.06310744804808317,-0.07798214682737678,0.23723168882964707
0,96200000.0,-0.05619857495175909,-0.05796797317593372,-0.07685835510363559,-0.06495874372055455,0.21673462536473928
0,96500000.0,-0.08175429043369686,-0.06936026888751368,-0.08795519885885851,-0.04953791540726386,0.2057494964157106
0,96800000.0,-0.1173735999436542,-0.03893842372192635,-0.0959855555860548,-0.03225475382655967,0.22129194641952457
0,97100000.0,-0.11049816928377479,0.00833659451569213,-0.10064387194952637,-0.013714154845525078,0.23778231855674406
0,97400000.0,-0.08197144475359386,0.018117995603468495,-0.10174304069880409,0.005430347520362167,0.23057105948178058
0,97700000.0,-0.08664657678451809,0.007330843124292219,-0.09922181640974392,0.02449961583491153,0.20823053441954947
0,98000000.0,-0.11047882679570098,0.031194161315767577,-0.09314778049491576,0.04281300108168661,0.20353322641965438
0,98300000.0,-0.09699835809547247,0.07846560190453955,-0.0837157220876808,0.059712636981589504,0.22348116100836996
0,98600000.0,-0.05353929726366964,0.09130807765554239,-0.0712414645240447,0.07458706966893201,0.23608614266252484
0,98900000.0,-0.0380959291149362,0.07258412704378259,-0.05615133019843052,0.08689337407312292,0.22268160879471843
0,99200000.0,-0.051422127152163544,0.07950476653162397,-0.03896759371677252,0.09617695729481666,0.20054208311894045
0,99500000.0,-0.03659643366354064,0.11557296715763066,-0.02029041885193094,0.10208832711549519,0.20328956410287252
0,99800000.0,0.013165339595430203,0.12339432143969553,-0.0007769035415516247,0.10439620792605267,0.22572140359651713
0,100100000.0,0.04057411903106328,0.09185472701145558,0.018882035652091907,0.10299651323357092,0.2328859021638985
0,100400000.0,0.03037352847743141,0.07678599469410807,0.037986126542502385,0.09791682910146897,0.21385254945114776
0,100700000.0,0.036647177947075824,0.09639038840405245,0.055850685640137405,0.08931622130960529,0.19427472167545487
0,101000000.0,0.08018770932901043,0.09743997236020041,0.07183115525942282,0.07748034509646895,0.20480261770802474
0,101300000.0,0.10834501618657583,0.055597687279012264,0.08534635413124762,0.06281200416725058,0.22746004632255662
0,101600000.0,0.09265767019243248,0.021799284718309497,0.0958996030018711,0.04581746922384889,0.2280336582204334
0,101900000.0,0.08130501788003892,0.027730785896721066,0.10309695769477936,0.027089019716982205,0.20452269220445857
0,102200000.0,0.10809572402875167,0.027542227421587295,0.10666188097964413,0.00728431028587513,0.1899591701868819
0,102500000.0,0.12861151395017154,-0.014988133969911832,0.10644580795824843,-0.012896719584514648,0.20764106867085305
0,102800000.0,0.1032180250585038,-0.057263268863883,0.10243420327028863,-0.03273658210526368,0.22819076163421664
0,103100000.0,0.07135706018761102,-0.05638829042329707,0.0947478672226512,-0.05152574973833822,0.22151534190343597
0,103400000.0,0.0778671215448653,-0.048270060114181224,0.08363941636074873,-0.0685880288688587,0.19527412495798122
0,103700000.0,0.08942978811444582,-0.07907673900581091,0.06948503605991765,-0.08330489123175329,0.18794272819454322
0,104000000.0,0.05773984280220079,-0.11757429502541994,0.05277177228384184,-0.0951378877086393,0.2112241302499888
0,104300000.0,0.010968606677977402,-0.11269849976680968,0.034080790654416084,-0.10364833257907538,0.22749030345255686
0,104600000.0,0.0020487135262793887,-0.08848513266657809,0.01406717759407557,-0.10851353917903035,0.21346496705049844
0,104900000.0,0.010677326407598997,-0.09844920920045341,-0.006563014790454406,-0.10953900703497198,0.18680470684711956
0,105200000.0,-0.01731874971220876,-0.1249462540590871,-0.027077675867570768,-0.10666610179358113,0.18829720531016758
0,105500000.0,-0.06708813505325947,-0.11216718023381533,-0.04674461709094873,-0.09997492772832521,0.21490205648544208
0,105800000.0,-0.08124563697077741,-0.07092569575667573,-0.0648577040810991,-0.08968226270440487,0.2250445787330062
0,106100000.0,-0.06614296939977427,-0.05881870249526111,-0.08076220753064105,-0.07613460120454628,0.20417788787181937
0,106400000.0,-0.0787710391896446,-0.07293268902631134,-0.09387846290256524,-0.059796526106017024,0.1798645714685507
0,106700000.0,-0.11888686562608389,-0.05618583408920186,-0.10372298417230746,-0.04123479808776819,0.19078314838575963
0,107000000.0,-0.12860178372749326,-0.00538846173375962,-0.10992626301713948,-0.02109870678121188,0.21802957888836902
0,107300000.0,-0.10023547736223026,0.02156471243143665,-0.11224659897243218,-9.736443369361365e-05,0.22066751013429695
0,107600000.0,-0.09029787504101924,0.01289493541386788,-0.11057944422886946,0.021025264061505112,0.19412219094581928
0,107900000.0,-0.1134066602155214,0.023641681824223326,-0.10496190413094163,0.041516715576881906,0.17514540614274168
0,108200000.0,-0.11498940114606798,0.07111058030872464,-0.09557220553346821,0.06064283402817034,0.19488791301485983
0,108500000.0,-0.07393611985577686,0.10108968383768602,-0.08272412393668982,0.07771407162781784,0.22002166171246615
0,108800000.0,-0.04277813632897759,0.08820756288869047,-0.06685654040121908,0.09211034392707844,0.2143162516438486
0,109100000.0,-0.05006059118437364,0.08236681112227107,-0.04851847420915112,0.10330354291150741,0.18394324116538982
0,109400000.0,-0.04787349882646058,0.11425792277373636,-0.028350100802016203,0.1108768911414332,0.17313278326706955
0,109700000.0,-0.0028541928777174874,0.13709374062759538,-0.007060410778309539,0.11454042829274623,0.19991831680695518
0,110000000.0,0.039956267084446995,0.11380606749876021,0.014597710651533617,0.1141420557415146,0.22039108242593738
0,110300000.0,0.04014282463800617,0.08628198076588456,0.0358541079205608,0.10967372038850676,0.20610577822995982
0,110600000.0,0.036250549507534036,0.09687237205527932,0.055948741581937377,0.10127249029056945,0.17444888319510882
0,110900000.0,0.07214081083994894,0.10929802828288793,0.07415886315268136,0.08921645581352956,0.17396882225130345
0,111200000.0,0.1134576694051519,0.07719915713104131,0.08982500673546508,0.07391557452200488,0.2051082079065266
0,111500000.0,0.11082861448793146,0.03182087417550861,0.10237486283077384,0.05589775929670436,0.21877243977892954
0,111800000.0,0.09137962151183976,0.02444896576060973,0.11134417035370493,0.03579068072101209,0.19632508915794672
0,112100000.0,0.10706528925122871,0.0314596138307075,0.11639386472905786,0.014299910420231137,0.1665525808060036
0,112400000.0,0.1366945198949393,-8.22317321591548e-05,0.11732284958118926,-0.007815833880982564,0.1773926041366753
0,112700000.0,0.12531829718521004,-0.05179159264452071,0.11407591247524243,-0.02977147320350008,0.20970895759737734
0,113000000.0,0.08716468805360833,-0.06697354648002918,0.10674647606070423,-0.05078343652408119,0.21493819354815458
0,113300000.0,0.07918230371718193,-0.055452561468316564,0.09557405880309679,-0.07009762503417198,0.18545579806906942
0,113600000.0,0.09477581181711303,-0.07377948623742903,0.08093650779242459,-0.08701647346909859,0.16114784778186464
0,113900000.0,0.07690092737238274,-0.11796533717481061,0.06333725318549835,-0.10092413748354163,0.18279256343857878
0,114200000.0,0.025949332082834342,-0.12984854964840942,0.043388012979940445,-0.1113088978425761,0.2130511905977498
0,114500000.0,0.00016995323133572882,-0.10520205280615924,0.021787541585393734,-0.11778196680512429,0.2088115671045746
0,114800000.0,0.0077960034830888425,-0.10097701863063602,-0.0007028399129484899,-0.1200920062891935,0.1741901589045897
0,115100000.0,-0.006970294904273033,-0.12813040446376167,-0.0232860750807379,-0.11813481694096502,0.15891117281929024
0,115400000.0,-0.057894391433068626,-0.13093761994632258,-0.0451576194985033,-0.11195782687043059,0.18933886180739884
0,115700000.0,-0.08942578022652325,-0.09157427830320675,-0.06553410309573876,-0.1017591926062863,0.21458122427747547
0,116000000.0,-0.07938832206139024,-0.06393509884655213,-0.08368138634932122,-0.08788151626691662,0.20048019669127465
0,116300000.0,-0.07921267677346144,-0.07328573252924686,-0.0989410055791372,-0.07080037523997562,0.1634365145466864
0,116600000.0,-0.11634646530697756,-0.06981802920033875,-0.11075405489398793,-0.05110804694206224,0.16009429166477707
0,116900000.0,-0.1418082993877665,-0.023134343410815994,-0.11868163895797511,-0.0294929848039543,0.19612908924329564
0,117200000.0,-0.12122810515720017,0.019480019506569413,-0.12242114874295679,-0.006715756227080029,0.21388102461782998
0,117500000.0,-0.09875613696572716,0.020268550644094496,-0.1218177577503492,0.016417716738858994,0.1902138484185982
0,117800000.0,-0.11406828657221568,0.020279618357270213,-0.11687070377246737,0.03908467261095809,0.15428271479014508
0,118100000.0,-0.1280431382741576,0.06090778620237103,-0.10773410524455751,0.0604747726726889,0.16442055056597746
0,118400000.0,-0.09642262637392385,0.10481761891310581,-0.0947122551226901,0.07981906942365351,0.202299631041796
0,118700000.0,-0.05337630467323118,0.10452479556299332,-0.07824953213179511,0.09641764573358377,0.21067984860717062
0,119000000.0,-0.04831497914695104,0.09013661044004007,-0.058915262141363195,0.10966493135992693,0.17848899502140292
0,119300000.0,-0.054360671947629946,0.11183588073698703,-0.03738404443032616,0.11907178138941539,0.1478687107428458
0,119600000.0,-0.020000225782101033,0.14495593715926924,-0.014412222138730798,0.12428351215764032,0.17115557821430688
0,119900000.0,0.03294133853649872,0.13560716783729632,0.009188682694672509,0.1250932304870684,0.20709194602781933
0,120200000.0,0.048699971021640476,0.10135605990038421,0.032580636602306555,0.12144995679795365,0.20486352634079105
0,120500000.0,0.04054834965278298,0.09825617788013075,0.05492885200810847,0.11346122602515851,0.16602088231947615
0,120800000.0,0.0643846561822532,0.11603077743634138,0.07543157776076394,0.10139004585830462,0.1451336169667541
0,121100000.0,0.11249398449292447,0.09787029308124273,0.09334885978149321,0.08564629268585298,0.179300229252654
0,121400000.0,0.12666961016752687,0.04771914677836486,0.10802924020400766,0.0667728246154872,0.20988487762128427
0,121700000.0,0.10614874143584929,0.02392521412330728,0.11893343186068502,0.04542678094491459,0.1964857511056564
0,122000000.0,0.10808971531047296,0.031118635664871608,0.12565410818241327,0.022356711636394026,0.15379546949784412
0,122300000.0,0.13973060396782633,0.012939599918956546,0.12793108301395387,-0.0016236675957857086,0.14650040068498235
0,122600000.0,0.14439431551733106,-0.04080258922225166,0.12566131585305793,-0.025664174584000856,0.18779110550968534
0,122900000.0,0.10758971774446713,-0.07345256801069056,0.11890335997860246,-0.0489083022436387,0.2102080482052349
0,123200000.0,0.0843384441921402,-0.06612787354868432,0.10787606744308328,-0.07052373374452377,0.18578537911096382
0,123500000.0,0.09650071046250264,-0.0715917824649499,0.09295156901919448,-0.08973214414556537,0.14307066898319237
0,123800000.0,0.09253822984584481,-0.11394248829593856,0.07464275165454981,-0.10583722148424743,0.15168957608189837
0,124100000.0,0.04511058533532131,-0.14219270964116149,0.05358565350077219,-0.11824989867683493,0.19563701709212844
0,124400000.0,0.003535750336058907,-0.12479662894212096,0.030517380054213665,-0.12650988225064244,0.20774746149815268
0,124700000.0,0.0027394149491664077,-0.1079808601638379,0.006250307753921297,-0.13030269169063283,0.17321437571614479
0,125000000.0,-0.0006900964176415059,-0.1285725919022016,-0.0183565223870991,-0.1294715796351952,0.13527392536885524
0,125300000.0,-0.04553531114317688,-0.14474014404620528,-0.04242781388272947,-0.12402388285000097,0.15981068587848804
0,125600000.0,-0.09164076460491266,-0.1144765867639479,-0.06510315017522988,-0.11413155053768785,0.2019865493986839
0,125900000.0,-0.09360505783759354,-0.07471548188308752,-0.08556774881244894,-0.10012580316282785,0.2023500179543436
0,126200000.0,-0.08440195559184893,-0.07277107845578357,-0.10308173517819805,-0.08248608425412814,0.15948148827305142
0,126500000.0,-0.11224343058268182,-0.07858888649195928,-0.1170068841432477,-0.06182367212686835,0.1317012368428294
0,126800000.0,-0.1490767342663315,-0.04225302633757044,-0.1268298633688538,-0.03886051082234163,0.16965018957294264
0,127100000.0,-0.1422711563699357,0.011082026722551763,-0.13218113226456207,-0.014403992859833032,0.20615176850393668
0,127400000.0,-0.1126462593977926,0.026824436299798027,-0.13284880164691512,0.010681425638806363,0.19403121001002593
0,127700000.0,-0.11512002466443261,0.0216621332427116,-0.12878693571689984,0.035504779666114275,0.14561259506681531
0,128000000.0,-0.13575074006406984,0.050636025520626404,-0.12011797388570741,0.05918023994551369,0.13304446049380025
0,128300000.0,-0.11816045735191283,0.1023455096496182,-0.10712915832526743,0.08085872351825701,0.17995255573994115
0,128600000.0,-0.06980349914859474,0.11877224876084735,-0.09026306651983909,0.09975834230339554,0.20761194912978576
0,128900000.0,-0.04886963729900584,0.10262078148668241,-0.07010255895058497,0.11519259781604135,0.18299000545355515
0,129200000.0,-0.056339990496768744,0.1110269089518452,-0.04735065281479966,0.1265953055587798,0.1330066779672708
0,129500000.0,-0.03548776219051275,0.14747074270922012,-0.02280601614886707,0.13354134456992667,0.13904872990915235
0,129800000.0,0.020286513354286217,0.15452990666799593,0.0026650637431025375,0.13576247239250916,0.18958570822129206
0,130100000.0,0.05346540494590002,0.1210842430547645,0.028159253862084392,0.1331576183014142,0.20601148693928317
0,130400000.0,0.04855098604797781,0.10304355724213599,0.05276821211926112,0.12579726195963598,0.16963663848787183
0,130700000.0,0.0594441604154885,0.11875102688885564,0.07561095080374329,0.11392171392902208,0.12340119415340542
0,131000000.0,0.10680591885130442,0.1151129609161532,0.09586537383659943,0.09793333123327107,0.148619981981895
0,131300000.0,0.1378448257192295,0.06792538544982119,0.11279785891072819,0.07838291775555135,0.19760333288744175
0,131600000.0,0.12395975910024393,0.028317378821523853,0.1257898201999965,0.055950767915632936,0.2011587758581021
0,131900000.0,0.1132636606618509,0.028219530400044324,0.1343602901914668,0.031423005325341834,0.15464241227028316
0,132200000.0,0.13957662249515757,0.022002116435621666,0.13818369685356283,0.005664038995813499,0.11856384536375374
0,132500000.0,0.15850256033686572,-0.02637494978124999,0.13710218004385297,-0.020413898037237536,0.1602663191979458
0,132800000.0,0.1304287630945944,-0.07411178534186691,0.13113198293221268,-0.045883054303767455,0.20325340778505385
0,133100000.0,0.09488308208671148,-0.07808206010693919,0.12046366352751892,-0.06983316565763298,0.19302947981899218
0,133400000.0,0.09687022351882879,-0.07400574571604723,0.10545609075467512,-0.09140398698840621,0.1390233404236196
0,133700000.0,0.10324851033248938,-0.10793832305576356,0.08662441114736691,-0.1098161872792001,0.1196105301541685
0,134000000.0,0.06586673828214229,-0.14854912011472798,0.06462238819860852,-0.12439949855745461,0.17250058720501688
0,134300000.0,0.013082558150578905,-0.14466596092067308,0.04021971900984344,-0.13461710227683688,0.2059685569105695
0,134600000.0,-0.0019247844543248682,-0.12026794650387407,0.014275114807211498,-0.14008536635503765,0.1817774120139232
0,134900000.0,0.0007833770613663305,-0.12890510979552072,-0.012293913436594554,-0.14058820800861804,0.12425868982788572
0,135200000.0,-0.03278037849108273,-0.15300432172486178,-0.03854350126815839,-0.13608554603581072,0.12636864103017206
0,135500000.0,-0.08758980181943432,-0.13681628469528295,-0.06353696152676747,-0.12671551469006143,0.18403652355225253
0,135800000.0,-0.10605344997077815,-0.09124950034239099,-0.08637820844516853,-0.11279033240711421,0.20535475615970583
0,136100000.0,-0.09433850402570165,-0.07407893870377813,-0.10624388241385715,-0.09478594455906043,0.16775865993168762
0,136400000.0,-0.10933426260300871,-0.08260360559961244,-0.1224130238184393,-0.07332578206676466,0.11237557250311218
0,136700000.0,-0.15074371901375727,-0.05992378302635659,-0.13429322671148655,-0.049159189144883916,0.1374711660395419
0,137000000.0,-0.1606140436834922,-0.0030303792322587952,-0.1414423239529231,-0.023135266084168965,0.19383352661235453
0,137300000.0,-0.1312246603729883,0.02994739393980783,-0.14358481070100512,0.003826960164950673,0.20118409133973875
0,137600000.0,-0.11913455078050994,0.02697865117258713,-0.14062239736851,0.030770989824409317,0.1515802590094454
0,137900000.0,-0.13907419483994587,0.042907877948514805,-0.13263828992658067,0.05673678253321676,0.10573132805851804
0,138200000.0,-0.13657645847066924,0.09489017485125739,-0.11989501745966265,0.08079496424765086,0.15105453318914383
0,138500000.0,-0.09064089584911983,0.12854450939276751,-0.10282585629090907,0.10208008998904058,0.2010805941320282
0,138800000.0,-0.05397810617405341,0.11832913202063278,-0.08202012865174768,0.11982177200705986,0.19339331089930437
0,139100000.0,-0.055368950349325985,0.11405139175624646,-0.058202873597430045,0.1333725539042001,0.134194662693456
0,139400000.0,-0.04711652885634354,0.14638260092380095,-0.03220959079102341,0.14223152249801163,0.10610846440159336
0,139700000.0,0.003960999553311417,0.16852243935129962,-0.004956936576214244,0.14606279688559134,0.16534988369317724
0,140000000.0,0.05260987683515994,0.14338967425994187,0.022589600051003477,0.14470821320563143,0.20516906414765068
0,140300000.0,0.05816732068125763,0.1129292252232521,0.04944990180105268,0.1381937277122218,0.18208985746376508
0,140600000.0,0.058974164257072914,0.11963386900135298,0.07466409603510805,0.1267292828040552,0.11707045961145623
0,140900000.0,0.09875798572737482,0.12737659684056646,0.09732685550390048,0.11070211274525593,0.11353806926331615
0,141200000.0,0.14303692536294932,0.08993079088409739,0.11661990119100231,0.09066369972952537,0.17890501950939613
0,141500000.0,0.1422968707963852,0.03871685076975617,0.13184154046914545,0.06731081833706418,0.2056709286744118
0,141800000.0,0.1235758043383588,0.025263893870078657,0.14243217455782017,0.04146131917082115,0.16756976563403478
0,142100000.0,0.13883339778127768,0.026188574389057306,0.14799484851313105,0.014025492880267611,0.10243223870456757
0,142400000.0,0.16691666204671174,-0.01125535981129766,0.14831008987995548,-0.014025983002878726,0.12627702734118523
0,142700000.0,0.15290247788709221,-0.06849525194242156,0.14334448266422203,-0.04169638585891917,0.19058968072285884
0,143000000.0,0.111086303007637,-0.0886088987791851,0.13325264439985815,-0.06799836344441962,0.20232551357694786
0,143300000.0,0.09857414131555364,-0.08121372636669233,0.11837250798666679,-0.09198916464703469,0.1503583721407369
0,143600000.0,0.10896395773147605,-0.10273540203319231,0.09921404836871744,-0.11280442844487089,0.09329804054275981
0,143900000.0,0.08537654862134669,-0.14910110013551248,0.07644182851961938,-0.12968932013148127,0.14194969584538034
0,144200000.0,0.02837599919174938,-0.16204981155006326,0.05085196121990836,-0.14202589341002286,0.1995419418401838
0,144500000.0,-0.0035526621685444404,-0.1372807467766508,0.023344284778708504,-0.14935568688324938,0.19503362608873379
0,144800000.0,-0.001918726845519192,-0.13176470700489307,-0.0051092751147003524,-0.15139672930252573,0.13129924489064093
0,145100000.0,-0.02231740967933593,-0.15654121984440206,-0.03349904514842173,-0.14805432392024212,0.09247676393409163
0,145400000.0,-0.07834830989585662,-0.1559593619669506,-0.06081343251601082,-0.13942520154808932,0.15844276755068792
0,145700000.0,-0.11426729034175187,-0.11227809783829201,-0.08607497006152005,-0.12579486673117685,0.205118873785047
0,146000000.0,-0.10770060135135573,-0.07955400504056653,-0.10837529408673476,-0.10762820349078493,0.18385877480382237
0,146300000.0,-0.10995730423461758,-0.08327497659517191,-0.1269078032280436,-0.08555364775997962,0.1117459277159854
0,146600000.0,-0.14843609435209082,-0.07383388893268927,-0.14099682435582492,-0.060341464343169775,0.10046155826220887
0,146900000.0,-0.17410704911313468,-0.021008814211869842,-0.15012223119466142,-0.032876878700284565,0.17413096452481294
0,147200000.0,-0.15255224226804254,0.0276966065025821,-0.1539386192088512,-0.004129000432602576,0.20686385427157777
0,147500000.0,-0.12795066486330242,0.03426664992313011,-0.15228833076826903,0.024883370732482226,0.16903780424556825
0,147800000.0,-0.1400932994135582,0.03953269706098461,-0.14520784104207946,0.05312785002164084,0.0939413887988913
0,148100000.0,-0.1499829915395754,0.08473776901498065,-0.1329272498457015,0.07959520424901392,0.1149778117675827
0,148400000.0,-0.11347070685648131,0.13239373203631843,-0.11586286948777119,0.10333541275930315,0.18780488754214222
0,148700000.0,-0.06488671074068186,0.13484349213920743,-0.0946031448345686,0.12349176422219216,0.20448781017574255
0,149000000.0,-0.05387729313910139,0.12207702781381058,-0.06988838055203989,0.13933176564039176,0.1510093255513308
0,149300000.0,-0.05379880096578882,0.1442527530475053,-0.04258497325228308,0.1502737486630513,0.08148996998371867
0,149600000.0,-0.013325395349440772,0.17670806245495796,-0.013655045050158045,0.15590820723246512,0.13291882836052404
0,149900000.0,0.04552134539439834,0.165544284114008,0.01587745736207499,0.1560130845834089,0.1985631653080011
0,150200000.0,0.06673326684397063,0.1283664713461239,0.0449630036930375,0.150562440237588,0.19785987421759646
0,150500000.0,0.06335774795525095,0.12136218627895823,0.07256377841325033,0.13972816141996794,0.13048289250888043
0,150800000.0,0.09114736841524396,0.13442486404262732,0.0976907109841944,0.12387463001341568,0.07869278632699538
0,151100000.0,0.1422754624509155,0.1108890536733953,0.1194389167024184,0.1035465070139422,0.1517508333527106
0,151400000.0,0.1584021385488268,0.05485965323254516,0.1370202783095725,0.07945004251862889,0.2057371479648571
0,151700000.0,0.1386587493811362,0.024917865281570695,0.14979199541901916,0.05242855177452057,0.18700467038704058
0,152000000.0,0.14019392605712344,0.025951620705624956,0.15728006792906699,0.02343290839150859,0.10861031544064441
0,152300000.0,0.17029666672985622,0.0018066017660445244,0.1591968561364589,-0.006511913123449752,0.08705805354203439
0,152600000.0,0.17232995525005013,-0.05753043548622028,0.1554520680815554,-0.03634306839496883,0.1696785827371194
0,152900000.0,0.13185778148435512,-0.09518949899950058,0.14615675645873652,-0.06499756710616811,0.20884757178423186
0,153200000.0,0.10404330029714082,-0.09206690775065618,0.13162015503732633,-0.09145015087688957,0.1721062599036877
0,153500000.0,0.11095133288169912,-0.10078084544766253,0.11233943918923847,-0.11474997538749435,0.08741715341512252
0,153800000.0,0.10122810266776172,-0.1453522416624199,0.08898274775327847,-0.13405478437757465,0.10354774955943284
0,154100000.0,0.047699783961470565,-0.1747105662159686,0.06236604506284964,-0.14866134743452863,0.1854323949322577
0,154400000.0,-9.58262485766248e-05,-0.15722783593600975,0.03342462386266738,-0.15803106189983826,0.20758164258526576
0,154700000.0,-0.006967120439234531,-0.1391299566903702,0.0031802440487406925,-0.1618097873529067,0.1535235013733595
0,155000000.0,-0.016100654099844736,-0.1573305529670953,-0.027294938350978012,-0.1598411831406432,0.07074943953968534
0,155300000.0,-0.06611321712017659,-0.17009153581912895,-0.05691637860380231,-0.15217304823169442,0.12396752472608685
0,155600000.0,-0.11667277253107322,-0.1354881295394882,-0.0846257397707986,-0.13905641022975293,0.19808665183164775
0,155900000.0,-0.1221769117270437,-0.09059690714513513,-0.1094287047165744,-0.12093736792309882,0.20178158160668377
0,156200000.0,-0.11545518419890577,-0.08295553611989415,-0.1304306527287389,-0.09844195012988023,0.13183266138163852
0,156500000.0,-0.14466667522174204,-0.08273293515890556,-0.14686892076592234,-0.07235450360763314,0.06480106884055503
0,156800000.0,-0.18172851592502814,-0.04019477128374083,-0.15814048619185578,-0.043590355481720786,0.1452782299942079
0,157100000.0,-0.17396558376484528,0.019302983318359446,-0.163824066619035,-0.013163702644669399,0.20695668628152636
0,157400000.0,-0.14220632297637126,0.040911888488228354,-0.16369582767673832,0.01784814559468985,0.19143945883613914
0,157700000.0,-0.141477137343601,0.041080700507202916,-0.15773811431224197,0.04834291100374949,0.10794627862019854
0,158000000.0,-0.15798007424258387,0.07468769016651722,-0.14614086772634666,0.07723252556129309,0.07326124472602072
0,158300000.0,-0.13545692761006167,0.1301949068835847,-0.12929564952608566,0.10348195366067561,0.16553761599332292
0,158600000.0,-0.08150717825803344,0.1494192117178369,-0.10778245794345774,0.12614627222798463,0.21154669799370282
0,158900000.0,-0.05454700856297112,0.13492896942417304,-0.08234977864399927,0.14440468044461705,0.17669627333910082
0,159200000.0,-0.055810778330525945,0.143821542171935,-0.05388855552179179,0.15759021518676256,0.08347203509919608
0,159500000.0,-0.028775620118798084,0.1795955353404135,-0.023400986229992732,0.16521409675399026,0.09200912297522906
0,159800000.0,0.03297265572033092,0.18483376971773852,0.008034764883861309,0.16698381682696695,0.18344559367580462
0,160100000.0,0.07168475832188648,0.1484414994332216,0.0393026941011111,0.16281430033456296,0.21152467438071373
0,160400000.0,0.07162185939179633,0.12644727379535797,0.06928857764415922,0.15283171730833825,0.15784660537711057
0,160700000.0,0.08651941720940881,0.13737757568290987,0.09691967645179012,0.13736978123409987,0.061862631913698486
0,161000000.0,0.13693466588727388,0.12830272912738094,0.12120311156859524,0.11695863764811151,0.11515060633244222
0,161300000.0,0.16995943639928957,0.07517252443393496,0.14126153739300634,0.0923067112646375,0.198071119933001
0,161600000.0,0.1568771887699456,0.029333349288097776,0.15636483122581077,0.06427613231752255,0.20671051214875252
0,161900000.0,0.14577088596330512,0.022983726326129772,0.1659566547929576,0.033852594005243236,0.13535661523209688
0,162200000.0,0.17051711626665522,0.01072262885192804,0.16967492196041192,0.0021106946219998,0.050993673250569346
0,162500000.0,0.1867806299632715,-0.043313751407302946,0.16736542050086223,-0.02982401716511201,0.13906641291423988
0,162800000.0,0.15500182186152678,-0.09612827414420565,0.1590880770237957,-0.06081495338756664,0.20872374579151518
0,163100000.0,0.11483115266564825,-0.10436864182923866,0.14511561454056385,-0.08975493898761695,0.19707013538847395
0,163400000.0,0.11148085111750738,-0.10358647866211726,0.1259246223906288,-0.11560576544255362,0.10992269070655272
0,163700000.0,0.11201735355223841,-0.13975732621445275,0.10217932880325283,-0.13743543279246526,0.05902405755271073
0,164000000.0,0.0684612108991951,-0.18148664857072827,0.07470862756381468,-0.15445174425998068,0.16172495412052673
0,164300000.0,0.009372651085871375,-0.17752270851945515,0.044477152747254306,-0.1660310427568586,0.21489676357033152
0,164600000.0,-0.01180432028595746,-0.1518234675329456,0.012551410556972533,-0.17174104730263315,0.182712124130048
0,164900000.0,-0.014882406971586715,-0.15802014417374305,-0.01993784280369564,-0.17135695387751834,0.08267677806161325
0,165200000.0,-0.05367288447659879,-0.17865422423621247,-0.05183565014194701,-0.16487020227017882,0.08046159105267585
0,165500000.0,-0.11298922342648332,-0.15806891291978403,-0.08200391073304486,-0.15248956971958855,0.18183836119899474
0,165800000.0,-0.13504605530258784,-0.10729955042513067,-0.10936198667744025,-0.13463452442594911,0.21624271846082224
0,166100000.0,-0.12584629957964166,-0.08433674899731586,-0.13292540938275435,-0.111921047657061,0.16388582124886814
0,166400000.0,-0.14221312783313245,-0.08672364375502539,-0.15184129985791392,-0.08514040238690466,0.05605092063657887
0,166700000.0,-0.18383536650773147,-0.05775859660775258,-0.16541922861815408,-0.05523157954980986,0.10658890861365711
0,167000000.0,-0.19272982748590328,0.005378132495721069,-0.173156398942174,-0.023248380991952394,0.1984914874495353
0,167300000.0,-0.16117068937926549,0.044312121093035006,-0.17475623553006428,0.00967770716824251,0.2125629921879598
0,167600000.0,-0.14581092801955453,0.04675596886799743,-0.17013969235728968,0.042377542857917755,0.1409827466061872
0,167900000.0,-0.16153985849965258,0.06737169969456747,-0.15944885056295452,0.07368584200389962,0.03786679389872978
0,168200000.0,-0.15403037555455734,0.12318635506112295,-0.1430426504755013,0.10248270404466703,0.13320027193594536
0,168500000.0,-0.10241962312123487,0.15967038764768587,-0.12148488168068865,0.1277336692270813,0.21099784449388992
0,168800000.0,-0.05962920220553114,0.15113491308335575,-0.09552483142209636,0.1485268749516881,0.20380292352807952
0,169100000.0,-0.05470540142397029,0.1473286582429928,-0.06607125472687096,0.16410597671026506,0.11455025701916705
0,169400000.0,-0.04017916992126702,0.1789487288718036,-0.03416057004082082,0.17389764536044452,0.04433606806643981
0,169700000.0,0.016948182835408332,0.19922138755503288,-0.0009203931855186487,0.17753264156244958,0.15828641341003508
0,170000000.0,0.07120832979350178,0.17108782398005107,0.032470307448187415,0.17485969357299733,0.21884430459522541
200,20000000.0,0.00209118883153378,0.0207513340581853,0.002088265748900426,0.020753794470086594,0.00018317334585951807
200,20300000.0,0.006012987211578419,0.020300523963427297,0.006011918409388879,0.020301982252151893,8.539113169667038e-05
200,20600000.0,0.0098398882504529,0.019103903011002954,0.00983784027168735,0.019103936689049705,9.531994179289383e-05
200,20900000.0,0.013427194276724341,0.017179754021654503,0.013423343534671159,0.017180926678660134,0.00018462316497812952
200,21200000.0,0.01663389003425897,0.014578069325443588,0.01663040761417936,0.014581627913518812,0.00022511506114168158
200,21500000.0,0.019332580819225037,0.011376676676109865,0.01933096168295948,0.011381090811162075,0.00020959457250270338
200,21800000.0,0.021412559672203152,0.0076747446314000545,0.0214119377386688,0.007678687862933808,0.00017549339528921023
200,22100000.0,0.022780403589630294,0.003591077482234084,0.02277989679362865,0.003595091554542866,0.00017543868389576487
200,22400000.0,0.023364872099789324,-0.0007362696752306608,0.023365042180265142,-0.0007316278050991864,0.00019870323533233164
200,22700000.0,0.023123148200699856,-0.005155341079118969,0.023124452743558455,-0.005150659360973056,0.00020514318646047678
200,23000000.0,0.022042449197471725,-0.009508126370766368,0.022044394285659404,-0.009503707416036615,0.0002011226038159667
200,23300000.0,0.020138979792118095,-0.013635390126396807,0.020141599204164903,-0.013630662445069618,0.0002222353526487431
200,23600000.0,0.017459139504887977,-0.017380309886741996,0.01746344074412462,-0.017375484240793944,0.00026240502978501653
200,23900000.0,0.014080896781169472,-0.0205955457220246,0.014086968375024217,-0.020592081233650514,0.00028018576011142515
200,24200000.0,0.010110453889540932,-0.02315145865167989,0.01011681305429484,-0.023149965164943345,0.0002585569308970064
200,24500000.0,0.005676222988555885,-0.024940182189806537,0.00568201398373284,-0.024939463701057495,0.0002281363406750125
200,24800000.0,0.0009255547084299764,-0.025877063413439094,0.0009318602866748043,-0.025876285295459683,0.0002453710595502364
200,25100000.0,-0.0039769544919023014,-0.025904897203510524,-0.003969119778447177,-0.0259052503604099,0.0002992522205513821
200,25400000.0,-0.008855192883687468,-0.025000051924207733,-0.008846854439560632,-0.025003030015597123,0.00033384703781748874
200,25700000.0,-0.013531021131140075,-0.023174549208637263,-0.013523911812453052,-0.023179767455423043,0.00032861483419540565
200,26000000.0,-0.017831634505638017,-0.02047341094716626,-0.01782595141410955,-0.02047949617315168,0.0003066674549803736
200,26300000.0,-0.021593328107186782,-0.016972569283243644,-0.021588209310620693,-0.016979312523834496,0.0003082429087560318
200,26600000.0,-0.024666296123314002,-0.012779101974174534,-0.02466177613135608,-0.012787305844707568,0.0003371740105090617
200,26900000.0,-0.026922351273792222,-0.008029523691092333,-0.02691942981261026,-0.008039295904049743,0.0003630482623613289
200,27200000.0,-0.02826159049088761,-0.0028839114911735075,-0.028260796562419463,-0.0028944730777135724,0.0003728227166257144
200,27500000.0,-0.028615449481698085,0.0024807759883036518,-0.0286166338994713,0.0024699203800825752,0.0003801838563107873
200,27800000.0,-0.027948760616204493,0.007875744206175872,-0.02795205811408686,0.007864690966643087,0.0003972333543135074
200,28100000.0,-0.026262782874094615,0.013106053852678157,-0.026268574211538918,0.013095366681936099,0.0004141303392505967
200,28400000.0,-0.023596783333699356,0.017978671578933625,-0.023604808122247856,0.01796920655313433,0.0004182893476675997
200,28700000.0,-0.020026281855352712,0.022310366253475156,-0.020035887246427738,0.022302294316923738,0.00041849567307156215
200,29000000.0,-0.015660228600232695,0.025933386700500605,-0.01567146459185415,0.02592645547868088,0.0004357797982066468
200,29300000.0,-0.010639032401754511,0.02870097091429835,-0.010652432073347153,0.028695738378865097,0.0004699603276665456
200,29600000.0,-0.005131218554565775,0.030494474712158492,-0.005146418108544196,0.03049221100738281,0.0004969430153623222
200,29900000.0,0.00067341059092757,0.031229636932333382,0.0006577884008385331,0.03123084587712589,0.0005016010115499507
200,30200000.0,0.006571827704163258,0.030859253024356104,0.006556703071758784,0.030863294700393364,0.000496174667464018
200,30500000.0,0.012354049835193504,0.029373941718585317,0.012339278935824148,0.029380391966181436,0.0005057951271562968
200,30800000.0,0.01780888247762763,0.026803847358173205,0.017794457227125533,0.02681327053944377,0.0005354251155908174
200,31100000.0,0.02273192291503845,0.023220094074039355,0.022718865910924733,0.023233021571663046,0.0005654435426420742
200,31400000.0,0.026934830669791576,0.01873293072609028,0.026924385317872696,0.018748883583658973,0.000581186895601383
200,31700000.0,0.03025264763018881,0.013486940376084111,0.03024529998791231,0.013504999658335515,0.0005886103594368907
200,32000000.0,0.032548918248047676,0.007656153152842848,0.03254476597761539,0.007675835277038605,0.0006015768815530811
200,32300000.0,0.03372086706448618,0.0014394124618833937,0.03372034324553676,0.001460400447362406,0.0006220238968168717
200,32600000.0,0.033704753395774,-0.004946073778803406,0.033708372719549476,-0.004924533538842364,0.0006411692338158217
200,32900000.0,0.03247918585523335,-0.011273156331619516,0.03248701631722015,-0.011251991919313038,0.00065637743778194
200,33200000.0,0.030065881671296812,-0.01731301263749141,0.030077824245844414,-0.017292865427586394,0.0006750558851948789
200,33500000.0,0.026529552225483477,-0.02284263430027056,0.026545745767911032,-0.022824203548529418,0.0007007975039207856
200,33800000.0,0.021977187549521826,-0.027652967335917933,0.02199755545448659,-0.027637431955249137,0.000725202676461086
200,34100000.0,0.016555011880651838,-0.03155769838268241,0.016578724760447333,-0.03154619163128779,0.0007395982459690565
200,34400000.0,0.010442853755933346,-0.034400578805778625,0.010468826433753735,-0.03439350591605949,0.0007487451235469999
200,34700000.0,0.003847946789248158,-0.03606055936648567,0.003875614679986226,-0.03605800142469064,0.0007661755915199105
200,35000000.0,-0.0030010276413373616,-0.03645639687817259,-0.0029720249421695357,-0.03645893893340518,0.0007958991453815658
200,35300000.0,-0.0098613053042092,-0.03555134701780793,-0.009832017175180386,-0.03555984994097765,0.0008266221666481235
200,35600000.0,-0.016485568573100795,-0.03335597756283515,-0.016457654867305105,-0.03337062240247897,0.0008471822071242623
200,35900000.0,-0.022631671015405197,-0.029927767904797897,-0.022606470392858846,-0.029947933448060817,0.000860171181056236
200,36200000.0,-0.028070846016294337,-0.025368922918657777,-0.02804910171306691,-0.025393985844841968,0.000876950146948963
200,36500000.0,-0.03259531790170617,-0.0198239138657621,-0.03257782912975996,-0.019853566432105313,0.0009023610744394957
200,36800000.0,-0.03602652998082545,-0.013475820665574512,-0.03601446563914355,-0.013509506532065438,0.0009302268804282023
200,37100000.0,-0.03822290457024641,-0.006540107808532092,-0.03821730240423971,-0.00657668413912733,0.0009541972946324741
200,37400000.0,-0.03908543027670969,0.0007433657208998357,-0.039086840725821345,0.0007052367123363492,0.0009760031048714821
200,37700000.0,-0.03856132185909761,0.008118520756172032,-0.03857008207364752,0.008080084718095338,0.0010003642048348309
200,38000000.0,-0.03664680663034914,0.015321527303124527,-0.03666319691913027,0.015284192466450651,0.0010265011803646392
200,38300000.0,-0.03338854754327014,0.02209039866414464,-0.03341244961280911,0.022055823039465294,0.0010498928614607148
200,38600000.0,-0.02888254755285835,0.028175003200068605,-0.02891331840668229,0.028144675039165165,0.0010707540069310262
200,38900000.0,-0.023270924457101105,0.033346064170907574,-0.0233078147385163,0.03332112101284514,0.0010951117254375635
200,39200000.0,-0.016737740896629494,0.037403198442285346,-0.016780071730969397,0.0373848387585433,0.0011259904741074982
200,39500000.0,-0.009503651719366624,0.040182845841385983,-0.009550336107619819,0.040172512033869186,0.0011579551520679147
200,39800000.0,-0.0018183121939642222,0.04156547884742068,-0.0018675580100444506,0.0415643063242031,0.001183951516931374
200,40100000.0,0.006048985200564738,0.04148051507434891,0.005999172753243724,0.04148886565440116,0.0012048453932719998
200,40400000.0,0.01381877726969738,0.03990881482032993,0.01377004975459196,0.039926626632222656,0.0012284028740643072
200,40700000.0,0.021210599302363797,0.036884005681749765,0.02116450237997071,0.03691130429123841,0.0012591185694302064
200,41000000.0,0.027952860272098423,0.03249278663758948,0.02791132364271306,0.032529468831825135,0.0012928610845752378
200,41300000.0,0.03379344286453434,0.02687291422364335,0.03375860787399898,0.02691820076329383,0.0013232687704529899
200,41600000.0,0.03850948634177698,0.0202084191615719,0.03848313447341716,0.020260881777408774,0.0013499158655854362
200,41900000.0,0.04191540695618157,0.0127232289922391,0.04189884889853015,0.0127812473973244,0.0013773542488569625
200,42200000.0,0.04386975002585358,0.00467402972251596,0.0438641200096967,0.004735892516873341,0.001407973846677876
200,42500000.0,0.04428124065756667,-0.003658175422879939,0.04428749291995262,-0.00359452005654871,0.001439504410801992
200,42800000.0,0.04311310871313334,-0.011978133948837177,0.04313170732945561,-0.011915047255989467,0.0014698372881756143
200,43100000.0,0.040384930903835325,-0.01998706861185895,0.0404158112371757,-0.019926908396659674,0.0015006856544224287
200,43400000.0,0.036172482531494854,-0.027393139018270674,0.03621526685134709,-0.027338213077145044,0.001534378147839733
200,43700000.0,0.030606092657678108,-0.03392184474818738,0.030660017113076334,-0.03387458918327426,0.001569297506786801
200,44000000.0,0.02386694345074125,-0.03932650720654296,0.02393055495160856,-0.03928932423597121,0.0016016545585264097
200,44300000.0,0.0161808778251864,-0.043397838023333635,0.01625211054212347,-0.04337264578935505,0.0016312655774845962
200,44600000.0,0.007810524647215766,-0.045971640521047075,0.00788714176058949,-0.04595979284574971,0.0016625565528978073
200,44900000.0,-0.0009533308849026811,-0.04693494354344707,-0.0008736228678666211,-0.04693756953092814,0.0016987980533201363
200,45200000.0,-0.009801390701983603,-0.04623106725728743,-0.009721283563620958,-0.04624912330112947,0.001737563548771926
200,45500000.0,-0.018416981015102807,-0.04386293199975999,-0.01833966037735736,-0.043896751023042295,0.001773941629602714
200,45800000.0,-0.026487903125622658,-0.039893595369990154,-0.026416591990833148,-0.03994260528079469,0.0018069062939399553
200,46100000.0,-0.0337176762971404,-0.03444424746760799,-0.03365523847467872,-0.03450724780553097,0.0018401562236120355
200,46400000.0,-0.039835928574481594,-0.02769060536957313,-0.03978497888749753,-0.027766074347159293,0.001876852662237988
200,46700000.0,-0.044608420709138286,-0.01985775267889278,-0.044571504047328174,-0.019943712830300882,0.0019158718727151965
200,47000000.0,-0.047846360702644364,-0.011212771095321483,-0.047825728897268806,-0.011306571435575492,0.0019543066753297195
200,47300000.0,-0.04941390947824398,-0.0020553130467094727,-0.04941118692584049,-0.0021537825663677595,0.0019917291514890143
200,47600000.0,-0.04923345635355236,0.007292885849277786,-0.04924961987669886,0.007193150090322582,0.0020299914209074106
200,47900000.0,-0.04728906750827688,0.016499048678338624,-0.04732453779979521,0.016401643349764676,0.0020696850240140494
200,48200000.0,-0.04362809508955756,0.025231138007380083,-0.04368259524258115,0.025139868626661736,0.002109180937949705
200,48500000.0,-0.038360313287311265,0.033170081644944394,-0.03843270659028958,0.03308870725513261,0.002147630543877717
200,48800000.0,-0.03165446906791136,0.040021457947314376,-0.03174290450898064,0.039953396373628394,0.0021869033870755786
200,49100000.0,-0.023732902252755594,0.04552609758293724,-0.023835027226033187,0.04547444065803076,0.002229082733182304
200,49400000.0,-0.014864538132730698,0.04946978915124467,-0.014977400037713947,0.04943738660650753,0.0022731223087072996
200,49700000.0,-0.005355880178358419,0.05169189756449455,-0.005475751042894668,0.05168109238385593,0.00231587487563862
200,50000000.0,0.004459922483840417,0.05209195215189155,0.004337332103895282,0.05210417627730154,0.0023563119621690105
200,50300000.0,0.014234946931204195,0.05063364725227981,0.014114041165477157,0.050669388943079596,0.00239699323215492
200,50600000.0,0.02361852322666258,0.04734666867946058,0.023503674808219875,0.047405726718176174,0.0024406999458830045
200,50900000.0,0.032269526101978974,0.042326687813029396,0.03216521767402894,0.04240818283224803,0.0024869120813344496
200,51200000.0,0.039868978015931034,0.03573302324214722,0.03977971988232349,0.0358351175790252,0.0025328639487240453
200,51500000.0,0.04613210856053507,0.027783505153983423,0.046062027757576486,0.027903314391288736,0.0025773244570081524
200,51800000.0,0.050818893792290654,0.018747020966235706,0.050771434822409305,0.01888087321160506,0.0026217604542559084
200,52100000.0,0.05374293117809681,0.008934511334544148,0.05372085615644557,0.009078172482659299,0.00266777885377148
200,52400000.0,0.054778814070384985,-0.0013114711763554388,0.05478417803980709,-0.0011627964535168992,0.0027149801128968673
200,52700000.0,0.053867569390315895,-0.01162875167800892,0.053901496772456814,-0.01148035647031819,0.002762161921670486
200,53000000.0,0.051019502090845825,-0.021648526779066923,0.051082033586258326,-0.02150591746959387,0.002809521628970807
200,53300000.0,0.04631443521270073,-0.03100849385325588,0.04640459412116352,-0.030877143829834395,0.002858266521391684
200,53600000.0,0.039899704145253234,-0.03936576697194327,0.04001552815872197,-0.039251046107453044,0.002908373395299804
200,53900000.0,0.03198582290259222,-0.04640950813451883,0.032124235096840946,-0.04631652409332065,0.002958230463196873
200,54200000.0,0.022839541225846527,-0.051872683711020606,0.022996349784471175,-0.05180590288855631,0.0030069668274169837
200,54500000.0,0.01277463714709004,-0.055542075781759626,0.012944828577903038,-0.055505034960999934,0.003056005356016254
200,54800000.0,0.0021412183765199266,-0.0572662693624888,0.002319233702450256,-0.057261588224067614,0.003107335749174375
200,55100000.0,-0.008686162448127144,-0.0569617994169096,-0.008506417703351605,-0.05699120150763207,0.0031608056018258995
200,55400000.0,-0.01932167656405015,-0.05461720160862504,-0.019146817697861425,-0.05468126229818976,0.0032142770251535517
200,55700000.0,-0.029382255508991872,-0.0502942791065174,-0.029219081511249734,-0.050392144781631114,0.00326644343912147
200,56000000.0,-0.03850149066393893,-0.04412640442274618,-0.03835652327254105,-0.04425583611895686,0.0033183951427756043
200,56300000.0,-0.046342731939475024,-0.03631436661106746,-0.04622199792612065,-0.03647197234125141,0.0033719490873988793
200,56600000.0,-0.05261134622952934,-0.027120094812950413,-0.05252032414967797,-0.0273013989211846,0.0034272913165754
200,56900000.0,-0.057065924539122403,-0.01685806798672873,-0.05700933109540121,-0.01705746157799502,0.0034831408790087794
200,57200000.0,-0.05952767836376205,-0.005884439879356496,-0.059509116591074954,-0.006095316895151448,0.0035387950484195136
200,57500000.0,-0.05988740981544882,0.005415453316195418,-0.059909164610372184,0.00520037323070186,0.003594902956835033
200,57800000.0,-0.05811004352628668,0.016640520373370382,-0.05817304333407531,0.01642893722432365,0.003652091948000495
200,58100000.0,-0.05423676687490164,0.027388045369964753,-0.05434048945487926,0.027187906141382417,0.0037098557924961015
200,58400000.0,-0.04838444527349817,0.037268241298874516,-0.04852677658948844,0.0370874385246098,0.003767478212412321
200,58700000.0,-0.0407420908206898,0.04591847602710242,-0.040919362499981016,0.045764440840684206,0.0038254337185504254
200,59000000.0,-0.03156471830479135,0.053016438275070854,-0.031771907838994064,0.05289587222042823,0.003884909334458953
200,59300000.0,-0.021165012996596233,0.05829200261394063,-0.021395854790576787,0.05821074641961895,0.003946016465584204
200,59600000.0,-0.009902841803674955,0.061537606584276205,-0.010149843801219312,0.06150038592925748,0.004007402301162614
200,59900000.0,0.0018273207423927795,0.062616511966756,0.001572672718928337,0.06262654165181768,0.004068006012077897
200,60200000.0,0.01361039910377082,0.06146831404765396,0.01335719230072545,0.06152706457419371,0.004128529352518608
200,60500000.0,0.025025318358478654,0.05811166372414156,0.024782818695087073,0.058218900914917146,0.004190530483421476
200,60800000.0,0.035659831923188334,0.05264444739445473,0.03543729431075702,0.05279827634962781,0.004254401157839301
200,61100000.0,0.045125426584167405,0.04524128852213427,0.04493187193362601,0.04543803481493699,0.004319002692679673
200,61400000.0,0.05307171263638588,0.036148052603891534,0.05291548936283582,0.03638219950654004,0.004383307235992572
200,61700000.0,0.059199407632273826,0.025673536339539726,0.05908773045184874,0.02593792435835861,0.004447638867792109
200,62000000.0,0.06327140933918085,0.014178958551226861,0.06321009470548847,0.014465099868505306,0.004512930919373292
200,62300000.0,0.06512185915971191,0.0020656584434868286,0.06511515384132081,0.0023639641273427233,0.004579342563364054
200,62600000.0,0.0646629136606347,-0.01023886342537228,0.06471324571341323,-0.009938854917723679,0.004646279378457211
200,62900000.0,0.061888693421016994,-0.022296142772916916,0.06199644127030879,-0.022005379380796383,0.004713548083062958
200,63200000.0,0.05687617530009259,-0.03367240547232908,0.05703961582632645,-0.03340187337053278,0.0047817025571037335
200,63500000.0,0.04978320617733645,-0.04395405981601075,0.04999855851463172,-0.04371443186747062,0.004851050858335815
200,63800000.0,0.04084373760383819,-0.052762708486135956,0.04110515972739523,-0.052564006334551994,0.004920968534118908
200,64100000.0,0.030360178960972983,-0.05976919309772244,0.03065982184380681,-0.05962032183851286,0.004990720786047366
200,64400000.0,0.01869304989590148,-0.06470589898348411,0.019021339792883247,-0.06461417522433623,0.0050606319236257725
200,64700000.0,0.006248546885647577,-0.0673767759764814,0.00659459130555194,-0.06734765735427824,0.00513179614840227
200,65000000.0,-0.0065354368281771436,-0.0676649670609848,-0.006183541357066635,-0.06770191284136791,0.005204623651277258
200,65300000.0,-0.019204620665076,-0.06553789141490407,-0.01885952891212821,-0.06564213569149638,0.00527826168602372
200,65600000.0,-0.03130461313081945,-0.061049316897036965,-0.030979292009508913,-0.061219595887940306,0.005351722162294062
200,65900000.0,-0.042397342257734616,-0.05433811425826307,-0.04210446630819968,-0.05457059683096202,0.005425142302665163
200,66200000.0,-0.05207682211762643,-0.045623914827434886,-0.051828253095141184,-0.045912372978406155,0.00549948269372343
200,66500000.0,-0.05998385616259072,-0.035200042720868074,-0.05979028247711446,-0.03553604711903268,0.005575210310830038
200,66800000.0,-0.06581938736449477,-0.02342381208078792,-0.06568994649229143,-0.02379687348861139,0.005651836855110105
200,67100000.0,-0.06935589620474569,-0.010704270440273334,-0.0692977096023678,-0.011102092533673683,0.005728794822269578
200,67400000.0,-0.07044618690161086,0.002512113045347597,-0.07046397230929083,0.002103188111697095,0.005806219909086713
200,67700000.0,-0.06902928654800955,0.0157571010594042,-0.0691251477936654,0.015351597236956498,0.005884545972083947
200,68000000.0,-0.06513342250068643,0.02855718737444457,-0.06530670860399286,0.02817004135997452,0.005963705099334668
200,68300000.0,-0.05887589302115004,0.04045054878458254,-0.059123067153021215,0.0400965983010651,0.006043249633195535
200,68600000.0,-0.050459621300579904,0.0510037909070975,-0.05077426634059514,0.0506971597898483,0.006123178571003226
200,68900000.0,-0.04016654405657527,0.05982769572293667,-0.04053957101968512,0.059581223596891865,0.006204100244571169
200,69200000.0,-0.028348241476120473,0.0665914536343617,-0.028768163151494112,0.06641626100228125,0.006286374781298398
200,69500000.0,-0.015414068444134621,0.0710350657223191,-0.015867249301012125,0.07094013159991591,0.006369495020714458
200,69800000.0,-0.001816966640582951,0.07297941401170016,-0.0022879847438309485,0.07297108300588172,0.006452698192608944
200,70100000.0,0.011962531084151351,0.07233337980218946,0.01149029963983812,0.0724149557975035,0.006536003709473676
200,70400000.0,0.025433298647902114,0.06909772609017373,0.024977016381093363,0.06926931112458709,0.006620210924021359
200,70700000.0,0.03811098395129642,0.06336582517162848,0.03768778918226388,0.06362430653308283,0.006705851552206617
200,71000000.0,0.049535367054874935,0.05532123868087213,0.04916184746804794,0.05566026082720105,0.006792549883349333
200,71300000.0,0.059287173034852425,0.045231981774464636,0.058978723133384245,0.04564196718167345,0.006879616338709048
200,71600000.0,0.06700352272478283,0.03344154089346141,0.06677364467712249,0.033909930968588325,0.00696695773596178
200,71900000.0,0.07239133260735164,0.020357125486000882,0.07225106559465949,0.02086882065590905,0.007055053657298949
200,72200000.0,0.07523832751822479,0.00643568130303751,0.07519582616965405,0.006973522598508303,0.007144183588985487
200,72500000.0,0.07542137996234011,-0.007831992728989379,0.07548152858549352,-0.00728672018574619,0.007234107988050576
200,72800000.0,0.07291172891205011,-0.02193859418206645,0.07307580181863946,-0.021405532401481034,0.007324587952388622
200,73100000.0,0.06777674717300008,-0.03537840715709839,0.0680422417360328,-0.03487738767140442,0.007415830047251599
200,73400000.0,0.060178277206088704,-0.04766537794673309,0.06053892938097139,-0.04721570803584659,0.0075081332533247155
200,73700000.0,0.05036767572078882,-0.05835064042043703,0.05081355243947849,-0.057970433768683535,0.007601320038613307
200,74000000.0,0.03867760128463171,-0.06703896899058237,0.0391952769819329,-0.06674442923824309,0.007694905814611136
200,74300000.0,0.02551069366684855,-0.07340344008587052,0.026083634384029684,-0.07320812714978928,0.007788822853968115
200,74600000.0,0.011325646170757708,-0.07719762913638206,0.011934797577791496,-0.07711187187401565,0.007883613292297536
200,74900000.0,-0.0033787021293857356,-0.07826500145755788,-0.0027542825277712653,-0.07829550076995836,0.007979737659743252
200,75200000.0,-0.018080805288042234,-0.07654530261489567,-0.017463329060848506,-0.07669479779842737,0.008076947255727928
200,75500000.0,-0.03225494750350377,-0.07207760519990791,-0.03166716684046133,-0.07234456300191014,0.008174611228595662
200,75800000.0,-0.045390153470601824,-0.06499968464948491,-0.04485447298833299,-0.06537816078192968,0.008272542764635871
200,76100000.0,-0.05700860048235201,-0.055543761851008844,-0.056546181048707726,-0.05602353512573119,0.008371188865846108
200,76400000.0,-0.06668288843440628,-0.044028930878329486,-0.0663128762976639,-0.044595806567802605,0.008470984163492446
200,76700000.0,-0.07405172617534672,-0.03085051822242213,-0.07379055088673503,-0.03148668917961962,0.008571822469121124
200,77000000.0,-0.07883347741211144,-0.016466555964442575,-0.07869414133394904,-0.01715108180165324,0.008673332839265234
200,77300000.0,-0.08083690274598943,-0.0013818010706110329,-0.08082834589121256,-0.002091291842182491,0.008775448619917539
200,77600000.0,-0.0799686541410134,0.0138699988318709,-0.08009531294945339,0.013160561563309804,0.008878415974465672
200,77900000.0,-0.07623736219203159,0.02874493320275029,-0.07649890067234927,0.02806134870843797,0.00898231844578478
200,78200000.0,-0.06975417873915357,0.04270830990630903,-0.07014532867822078,0.04207627051613991,0.009086921941982427
200,78500000.0,-0.060729604051077635,0.05525393215716101,-0.06124017057429058,0.054698051031899224,0.009192090613996269
200,78800000.0,-0.04946665218952839,0.06592245368868266,-0.0500817669480266,0.06546529250661672,0.00929809381986798
200,79100000.0,-0.03635070140032659,0.07431811351884243,-0.0370512673612296,0.07397932912455221,0.009405267848779243
200,79400000.0,-0.021836407490449905,0.0801233736843967,-0.022599632330067145,0.07991896419960143,0.00951349869431957
200,79700000.0,-0.006431985997131129,0.0831109692864469,-0.007232037763388154,0.08305254687003029,0.009622316859349068
200,80000000.0,0.009318658277836733,0.08315277580732938,0.008509779212466229,0.08324693557963903,0.009731521831168282
200,80300000.0,0.024855189052247262,0.08022506960279041,0.02406661626662897,0.08047300381601494,0.009841465600910185
200,80600000.0,0.03962070439262899,0.07441009900506135,0.038881670632849974,0.07480746492672344,0.009952591660871394
200,80900000.0,0.053081623779241305,0.06589399646123328,0.05242046696993128,0.06643092309383537,0.010064873224436544
200,81200000.0,0.06474700966571656,0.05496097451235071,0.06419013513301496,0.055622192106590966,0.010177909084844387
200,81500000.0,0.07418654031877425,0.041983853086750234,0.07375734268187234,0.04274905763346679,0.010291486910056465
200,81800000.0,0.08104634534297706,0.027411298332827627,0.08076423002234533,0.028255787443482998,0.010405806495120504
200,82100000.0,0.08506217194651589,0.01175233701073819,0.08494176284829819,0.012647812802947892,0.010521116585279633
200,82400000.0,0.08606951462508672,-0.004441357578636618,0.08612000480055561,-0.003525891256930102,0.010637367398586306
200,82700000.0,0.08401029201242116,-0.020594905919571582,0.0842349199758482,-0.01969211279675894,0.01075437578127217
200,83000000.0,0.07893569722968152,-0.03613067792489755,0.0793314364073146,-0.03527371802389409,0.010872178872545954
200,83300000.0,0.07100511781690966,-0.050488934283347886,0.07156263364639026,-0.04971025456998074,0.01099098770059587
200,83600000.0,0.060481237326383885,-0.06314794264993817,0.06118505544350685,-0.06247810748206104,0.011110814509241734
200,83900000.0,0.047721437281819656,-0.07364294798251048,0.04855028734790326,-0.07310948314102325,0.011231385003740619
200,84200000.0,0.03316567120809244,-0.0815832798968974,0.03409307385185531,-0.08120953310289554,0.011352522316280459
200,84500000.0,0.017321245322002188,-0.08666685312563494,0.018316375627544942,-0.08647099156523526,0.011474447978066517
200,84800000.0,0.0007451546646009,-0.08869154063407803,0.001773879865888421,-0.08868578475589978,0.011597524697879308
200,85100000.0,-0.015975416558843936,-0.08756312186319293,-0.014949428402883833,-0.08775317515233612,0.011721774071657589
200,85400000.0,-0.03224388115886656,-0.08329950442403233,-0.03125795237366131,-0.08368412445519545,0.011846846326114522
200,85700000.0,-0.04747560958731656,-0.07603090495036047,-0.046566695439583264,-0.07660169243558555,0.011972486194665358
200,86000000.0,-0.06111897164260249,-0.06599591431985519,-0.06032224361932481,-0.06673742945915774,0.012098847235256878
200,86300000.0,-0.07267524913347134,-0.0535336825469821,-0.07202276591097553,-0.054423863669693776,0.01222624667573972
200,86600000.0,-0.08171680980847351,-0.03907254076122357,-0.08123630995876406,-0.040083324373106875,0.012354746820700872
200,86900000.0,-0.08790295062871967,-0.02311534418522032,-0.08761672643392845,-0.024213476041678245,0.012484144543728428
200,87200000.0,-0.09099274033909288,-0.006221964182402839,-0.09091663581882022,-0.007370057740599463,0.012614316039142537
200,87500000.0,-0.0908543068997214,0.01101038801483556,-0.09099695313218638,0.009852573737494172,0.012745371773799363
200,87800000.0,-0.08747027953216491,0.027968245786984314,-0.08783260603981188,0.026842415985154973,0.01287742424873246
200,88100000.0,-0.0809392300809898,0.04404369694104138,-0.08151421558301578,0.04299156836879713,0.013010377960246695
200,88400000.0,-0.07147297270909292,0.05865620576643149,-0.07224565172629857,0.05771798190348364,0.013144090043034847
200,88700000.0,-0.059389727567011996,0.07127360264678773,-0.06033752301210037,0.07048643346604953,0.013278644931359824
200,89000000.0,-0.0451034302204415,0.08143141857752911,-0.04619680557071373,0.08082796867964324,0.013414285609994681
200,89300000.0,-0.02910961387708544,0.08874992749611765,-0.03031295632762596,0.08835710750412533,0.013551065768959569
200,89600000.0,-0.01196828020479157,0.09294834875234459,-0.01324098343294589,0.09278618189002294,0.013688737179819246
200,89900000.0,0.00571573611574272,0.09385561828632083,0.004417940962327394,0.09393627327087166,0.01382706854345078
200,90200000.0,0.023314166147091253,0.09141722172035704,0.022037648565408914,0.0917443358067539,0.013966162165274642
200,90500000.0,0.04019760821571727,0.0856978643434223,0.03898917815998862,0.08626622504812115,0.01410632303374047
200,90800000.0,0.0557579730197173,0.0768799656149064,0.05466322688626334,0.07767549637392226,0.0142476645151197
200,91100000.0,0.06943038233297866,0.06525798436257713,0.06849204818066126,0.06625798805926593,0.014389993548119682
200,91400000.0,0.0807137270620728,0.05122863893052498,0.07997000947406166,0.05240235479089445,0.014533103292332523
200,91700000.0,0.08918903337047585,0.03527733956489554,0.08867206552218673,0.03658686346747899,0.014677035042949836
200,92000000.0,0.09453494960329578,0.017961392312372926,0.09426947294284763,0.019362898932256067,0.014821963558416761
200,92300000.0,0.0965398702718977,-0.00010942465612240326,0.09654216584054821,0.0013357479552830892,0.014967927386072182
200,92600000.0,0.09511026382403193,-0.018294315973540698,0.09538732809071304,-0.016856669109751872,0.015114816257484122
200,92900000.0,0.09027480507426833,-0.03594422328788083,0.0908238309276595,-0.03456637177282866,0.015262597069464711
200,93200000.0,0.08218411518330943,-0.05242500000358641,0.08299235027747448,-0.05115839918978833,0.015411393365031067
200,93500000.0,0.07110616126298336,-0.0671401592491887,0.07215113165851512,-0.06603357422658399,0.015561282731890218
200,93800000.0,0.05741747173056372,-0.07955245069721517,0.05866752599280116,-0.07865013574877722,0.01571213718213204
200,94100000.0,0.0415903784939628,-0.08920350727171211,0.04300557177422073,-0.08854345832774557,0.015863783490564234
200,94400000.0,0.02417669123152949,-0.09573076560396121,0.025710042254511428,-0.09534314197967338,0.016016269199414342
200,94700000.0,0.005788448146611169,-0.09888100351340112,0.007387505449482647,-0.09878684406190169,0.016169833713543427
200,95000000.0,-0.012923543781361901,-0.09852007127539064,-0.011314944878474792,-0.09873033800325227,0.016324599599403536
200,95300000.0,-0.03129270573164039,-0.09463849651351364,-0.029732541610759194,-0.09515341525524479,0.01648041103452192
200,95600000.0,-0.048660470236398634,-0.08735265999220765,-0.04720647302629451,-0.08816139312359687,0.01663704583958107
200,95900000.0,-0.0643999365139003,-0.07690140068135376,-0.06310744804808317,-0.07798214682737678,0.01679450310406666
200,96200000.0,-0.07793847267853302,-0.06363819981628227,-0.07685835510363559,-0.06495874372055455,0.01695297746691234
200,96500000.0,-0.08877849492354242,-0.04801927612020318,-0.08795519885885851,-0.04953791540726386,0.017112586681019667
200,96800000.0,-0.09651574815772712,-0.03058795719901486,-0.0959855555860548,-0.03225475382655967,0.017273247981145042
200,97100000.0,-0.10085439133652918,-0.01195578598876157,-0.10064387194952637,-0.013714154845525078,0.017434846066661826
200,97400000.0,-0.10161825434914792,0.007218961946621416,-0.10174304069880409,0.005430347520362167,0.017597407748714218
200,97700000.0,-0.09875785519746255,0.026254529148936,-0.09922181640974392,0.02449961583491153,0.01776102640732307
200,98000000.0,-0.09235296367772869,0.0444698877953118,-0.09314778049491576,0.04281300108168661,0.01792568496431248
200,98300000.0,-0.08261057745071823,0.06120911253161321,-0.0837157220876808,0.059712636981589504,0.018091275917272717
200,98600000.0,-0.06985829330975389,0.07586502715341004,-0.0712414645240447,0.07458706966893201,0.018257793208153603
200,98900000.0,-0.054533299034891417,0.08790121060285205,-0.05615133019843052,0.08689337407312292,0.018425385611644658
200,99200000.0,-0.037167420353688904,0.09687158010819719,-0.03896759371677252,0.09617695729481666,0.0185941613699806
200,99500000.0,-0.018368721158311993,0.10243690778633008,-0.02029041885193094,0.10208832711549519,0.018764020437526455
200,99800000.0,0.0011997826708012027,0.10437765288305956,-0.0007769035415516247,0.10439620792605267,0.018934773601581353
200,100100000.0,0.02084355128632793,0.10260254660848434,0.018882035652091907,0.10299651323357092,0.01910639695641469
200,100400000.0,0.03986118219668311,0.09715258711801322,0.037986126542502385,0.09791682910146897,0.01927906776039319
200,100700000.0,0.05756941022870494,0.08820035558272155,0.055850685640137405,0.08931622130960529,0.019452933321745084
200,101000000.0,0.07332763127706267,0.07604467823664862,0.07183115525942282,0.07748034509646895,0.019627935575359152
200,101300000.0,0.08656110574984913,0.06110072532984434,0.08534635413124762,0.06281200416725058,0.019803919607587903
200,101600000.0,0.09678193855235226,0.04388583143852154,0.0958996030018711,0.04581746922384889,0.01998084865843114
200,101900000.0,0.10360702543114898,0.025001575487278327,0.10309695769477936,0.027089019716982205,0.02015882271506846
200,102200000.0,0.10677235387335529,0.005112786047187345,0.10666188097964413,0.00728431028587513,0.020337908885845545
200,102500000.0,0.10614316998398628,-0.015075837552408267,0.10644580795824843,-0.012896719584514648,0.020518057639919388
200,102800000.0,0.1017195840569021,-0.03484470830671338,0.10243420327028863,-0.03273658210526368,0.020699217985418322
200,103100000.0,0.09363734674781876,-0.053485017088482856,0.0947478672226512,-0.05152574973833822,0.020881447921137965
200,103400000.0,0.08216377646069609,-0.07032412701502988,0.08363941636074873,-0.0685880288688587,0.021064832193070943
200,103700000.0,0.067688994202904,-0.0847498241843816,0.06948503605991765,-0.08330489123175329,0.02124933311340101
200,104000000.0,0.050712712306284824,-0.09623259121322114,0.05277177228384184,-0.0951378877086393,0.021434820067359927
200,104300000.0,0.03182697845087459,-0.10434505403835814,0.034080790654416084,-0.10364833257907538,0.02162125719045729
200,104600000.0,0.011695508928615955,-0.10877783827251175,0.01406717759407557,-0.10851353917903035,0.021808776987839704
200,104900000.0,-0.008969611710993142,-0.10935128359223878,-0.006563014790454406,-0.10953900703497198,0.021997518162112126
200,105200000.0,-0.029433077761493315,-0.10602263587004312,-0.027077675867570768,-0.10666610179358113,0.0221874459474617
200,105500000.0,-0.048962534436345156,-0.09888840855239733,-0.04674461709094873,-0.09997492772832521,0.022378404391062444
200,105800000.0,-0.06685482763279654,-0.08818173056324197,-0.0648577040810991,-0.08968226270440487,0.0225703246477163
200,106100000.0,-0.08246132174016058,-0.07426475432627244,-0.08076220753064105,-0.07613460120454628,0.022763301677622985
200,106400000.0,-0.09521137315406442,-0.05761643554277818,-0.09387846290256524,-0.059796526106017024,0.022957451171876697
200,106700000.0,-0.10463317295434246,-0.038816103191167795,-0.10372298417230746,-0.04123479808776819,0.023152765918249645
200,107000000.0,-0.11037121010702214,-0.01852332474515972,-0.10992626301713948,-0.02109870678121188,0.023349164657044688
200,107300000.0,-0.11219965720693131,0.002545248980533543,-0.11224659897243218,-9.736443369361365e-05,0.02354663155587221
200,107600000.0,-0.11003116056915407,0.023641198822530463,-0.11057944422886946,0.021025264061505112,0.023745227583159854
200,107900000.0,-0.10392073956126807,0.04401090302656385,-0.10496190413094163,0.041516715576881906,0.023944972765552706
200,108200000.0,-0.09406464186981917,0.0629224540339468,-0.09557220553346821,0.06064283402817034,0.024145801693241965
200,108500000.0,-0.08079412288695847,0.07969197782079585,-0.08272412393668982,0.07771407162781784,0.024347672965869527
200,108800000.0,-0.06456433021986441,0.09370836433747254,-0.06685654040121908,0.09211034392707844,0.02455066155700803
200,109100000.0,-0.04593871219239776,0.10445550008847215,-0.04851847420915112,0.10330354291150741,0.024754875522373786
200,109400000.0,-0.025569501873465406,0.11153124396249048,-0.028350100802016203,0.1108768911414332,0.024960303801399047
200,109700000.0,-0.00417490105098095,0.11466247276995478,-0.007060410778309539,0.11454042829274623,0.025166819519451343
200,110000000.0,0.017486267833891955,0.11371558416923744,0.014597710651533617,0.1141420557415146,0.025374347571937364
200,110300000.0,0.03864149894720015,0.10870201891218967,0.0358541079205608,0.10967372038850676,0.025582967004008497
200,110600000.0,0.05853213102242094,0.09977862249354708,0.055948741581937377,0.10127249029056945,0.025792807688607255
200,110900000.0,0.07644052337872864,0.08724285284887756,0.07415886315268136,0.08921645581352956,0.026003888524359652
200,111200000.0,0.09171595649801989,0.07152294494393585,0.08982500673546508,0.07391557452200488,0.026216115987387496
200,111500000.0,0.10379829807274199,0.053163304527888755,0.10237486283077384,0.05589775929670436,0.026429426043861292
200,111800000.0,0.11223852429459491,0.03280564621142146,0.11134417035370493,0.03579068072101209,0.02664385935015339
200,112100000.0,0.11671535801585753,0.011166576156790953,0.11639386472905786,0.014299910420231137,0.026859479229074078
200,112400000.0,0.1170474523541114,-0.010987607455516635,0.11732284958118926,-0.007815833880982564,0.027076276932053504
200,112700000.0,0.11320065140704083,-0.032868051426583555,0.11407591247524243,-0.02977147320350008,0.0272942085121437
200,113000000.0,0.10529000192875881,-0.05369145338626691,0.10674647606070423,-0.05078343652408119,0.0275132908381589
200,113300000.0,0.09357642425087864,-0.0727080972475771,0.09557405880309679,-0.07009762503417198,0.027733592158233768
200,113600000.0,0.07845817195956328,-0.08922882414092159,0.08093650779242459,-0.08701647346909859,0.02795512374902387
200,113900000.0,0.06045734800826785,-0.10265000907975619,0.06333725318549835,-0.10092413748354163,0.02817780437874891
200,114200000.0,0.04020188893164489,-0.11247562971729508,0.043388012979940445,-0.1113088978425761,0.028401568828273216
200,114500000.0,0.01840364421315721,-0.11833557394100147,0.021787541585393734,-0.11778196680512429,0.02862647120655954
200,114800000.0,-0.0041666345022511875,-0.11999951334200798,-0.0007028399129484899,-0.1200920062891935,0.028852627625810336
200,115100000.0,-0.026706512385249903,-0.11738587552178048,-0.0232860750807379,-0.11813481694096502,0.02908006949866777
200,115400000.0,-0.04841038964907185,-0.11056557791988286,-0.0451576194985033,-0.11195782687043059,0.02930870897330304
200,115700000.0,-0.06849832174184178,-0.09976030985834505,-0.06553410309573876,-0.1017591926062863,0.029538461193838704
200,116000000.0,-0.08624406303611598,-0.08533537307180383,-0.08368138634932122,-0.08788151626691662,0.029769351404197196
200,116300000.0,-0.10100129922398238,-0.06778735223877685,-0.0989410055791372,-0.07080037523997562,0.030001467513693675
200,116600000.0,-0.11222715865896293,-0.047727059645773284,-0.11075405489398793,-0.05110804694206224,0.0302348416784731
200,116900000.0,-0.11950217818863007,-0.025858306442661405,-0.11868163895797511,-0.0294929848039543,0.03046943082422602
200,117200000.0,-0.12254596200839929,-0.0029532075859242113,-0.12242114874295679,-0.006715756227080029,0.030705204675882912
200,117500000.0,-0.12122792139318506,0.020175088881420056,-0.1218177577503492,0.016417716738858994,0.030942194153941224
200,117800000.0,-0.11557270843741274,0.042701258318642576,-0.11687070377246737,0.03908467261095809,0.031180430424348562
200,118100000.0,-0.10576014757511454,0.06381723993073152,-0.10773410524455751,0.0604747726726889,0.03141988266769769
200,118400000.0,-0.09211961547839631,0.0827612357380465,-0.0947122551226901,0.07981906942365351,0.03166050379969119
200,118700000.0,-0.07511901598898807,0.09884520340335623,-0.07824953213179511,0.09641764573358377,0.031902318674382486
200,119000000.0,-0.055348742510372695,0.11147982333512951,-0.058915262141363195,0.10966493135992693,0.0321454119055673
200,119300000.0,-0.033501207351526174,0.12019605965354385,-0.03738404443032616,0.11907178138941539,0.032389817960491334
200,119600000.0,-0.010346622846812537,0.12466256144514754,-0.014412222138730798,0.12428351215764032,0.03263546884704614
200,119900000.0,0.013294158000029421,0.12469823792716506,0.009188682694672509,0.1250932304870684,0.03288228163265966
200,120200000.0,0.036578766197475465,0.12027948934949251,0.032580636602306555,0.12144995679795365,0.03313026941707024
200,120500000.0,0.058673328470926656,0.11154182052752448,0.05492885200810847,0.11346122602515851,0.03337952428193436
200,120800000.0,0.07878230332649139,0.09877579773964129,0.07543157776076394,0.10139004585830462,0.03363009998534781
200,121100000.0,0.09617711908660409,0.08241746414653006,0.09334885978149321,0.08564629268585298,0.03388195688144793
200,121400000.0,0.11022258741227153,0.0630334848142744,0.10802924020400766,0.0667728246154872,0.03413503377699267
200,121700000.0,0.12040009534159313,0.04130151798695669,0.11893343186068502,0.04542678094491459,0.03438933221163728
200,122000000.0,0.126326718838905,0.01798652763136177,0.12565410818241327,0.022356711636394026,0.03464489746428184
200,122300000.0,0.127769586312676,-0.006086123626005691,0.12793108301395387,-0.0016236675957857086,0.034901742881630796
200,122600000.0,0.12465496580612667,-0.03005988437994489,0.12566131585305793,-0.025664174584000856,0.035159840641087556
200,122900000.0,0.11707169602987166,-0.05307750380876186,0.11890335997860246,-0.0489083022436387,0.03541918672354035
200,123200000.0,0.10526880096335445,-0.07431168784620157,0.10787606744308328,-0.07052373374452377,0.035679827209238124
200,123500000.0,0.08964737333160522,-0.09299481719695812,0.09295156901919448,-0.08973214414556537,0.03594179462237533
200,123800000.0,0.07074699819545183,-0.10844668961758064,0.07464275165454981,-0.10583722148424743,0.036205050051216985
200,124100000.0,0.04922714300459874,-0.1200992949161952,0.05358565350077219,-0.11824989867683493,0.036469528938213536
200,124400000.0,0.025844141143386512,-0.12751768738156466,0.030517380054213665,-0.12650988225064244,0.036735235226914555
200,124700000.0,0.0014246055566908833,-0.1304161712258609,0.006250307753921297,-0.13030269169063283,0.03700224873073177
200,125000000.0,-0.023163770657896876,-0.12866923067338476,-0.0183565223870991,-0.1294715796351952,0.03727062841224923
200,125300000.0,-0.047043026092969065,-0.122316815456184,-0.04242781388272947,-0.12402388285000097,0.037540342140784035
200,125600000.0,-0.0693562922192772,-0.11156373717169332,-0.06510315017522988,-0.11413155053768785,0.03781131707271394
200,125900000.0,-0.08929856122417945,-0.09677313499856055,-0.08556774881244894,-0.10012580316282785,0.03808353687128728
200,126200000.0,-0.10614572089909169,-0.07845423366786441,-0.10308173517819805,-0.08248608425412814,0.03835705408539606
200,126500000.0,-0.11928082209351287,-0.057244839458839625,-0.1170068841432477,-0.06182367212686835,0.03863191362961095
200,126800000.0,-0.1282166591953715,-0.033889166385809855,-0.1268298633688538,-0.03886051082234163,0.038908104043814715
200,127100000.0,-0.13261383199788046,-0.009211732040218745,-0.13218113226456207,-0.014403992859833032,0.03918559742169263
200,127400000.0,-0.13229359194503076,0.015911757620779454,-0.13284880164691512,0.010681425638806363,0.039464403098188695
200,127700000.0,-0.1272449917118934,0.04058548045790067,-0.12878693571689984,0.035504779666114275,0.03974454929232924
200,128000000.0,-0.11762608018671372,0.06392542906187781,-0.12011797388570741,0.05918023994551369,0.040026028290841266
200,128300000.0,-0.1037590662670409,0.0850910869435264,-0.10712915832526743,0.08085872351825701,0.04030880128259598
200,128600000.0,-0.08611956961654732,0.10331570908609988,-0.09026306651983909,0.09975834230339554,0.040592863906850137
200,128900000.0,-0.06532032107000507,0.11793408840898323,-0.07010255895058497,0.11519259781604135,0.0408782714771722
200,129200000.0,-0.042089900363871724,0.12840680771286506,-0.04735065281479966,0.1265953055587798,0.04116507499030673
200,129500000.0,-0.017247245734276273,0.13434012593428601,-0.02280601614886707,0.13354134456992667,0.041453252612380614
200,129800000.0,0.008327207845689966,0.13550076713780435,0.0026650637431025375,0.13576247239250916,0.04174273643424961
200,130100000.0,0.03372275006626135,0.13182502254953876,0.028159253862084392,0.1331576183014142,0.042033502464337215
200,130400000.0,0.05803083418771515,0.12342180307840245,0.05276821211926112,0.12579726195963598,0.04232560230391292
200,130700000.0,0.0803775636409454,0.11056953876226672,0.07561095080374329,0.11392171392902208,0.04261909665811084
200,131000000.0,0.09995509502565225,0.09370702570349065,0.09586537383659943,0.09793333123327107,0.0429139855220367
200,131300000.0,0.11605084978472213,0.07341849257577238,0.11279785891072819,0.07838291775555135,0.043210225774261576
200,131600000.0,0.12807345588623642,0.05041337168627136,0.1257898201999965,0.055950767915632936,0.043507798901381636
200,131900000.0,0.13557445356326214,0.025501493065543723,0.1343602901914668,0.031423005325341834,0.04380672910659262
200,132200000.0,0.13826498486119565,-0.000435410698024441,0.13818369685356283,0.005664038995813499,0.044107037095643634
200,132500000.0,0.1360268660723265,-0.026474900641675347,0.13710218004385297,-0.020413898037237536,0.044408711045804496
200,132800000.0,0.12891760707581623,-0.05168664268020029,0.13113198293221268,-0.045883054303767455,0.04471173992947989
200,133100000.0,0.11716915309642983,-0.07516565302043521,0.12046366352751892,-0.06983316565763298,0.04501615003210957
200,133400000.0,0.10118038024285836,-0.09606477327982166,0.10545609075467512,-0.09140398698840621,0.045321977966999896
200,133700000.0,0.08150360235055931,-0.11362522604054792,0.08662441114736691,-0.1098161872792001,0.04562921509692328
200,134000000.0,0.058825527197736704,-0.12720416834399373,0.06462238819860852,-0.12439949855745461,0.045937811377174696
200,134300000.0,0.03394329548444297,-0.13629822601382502,0.04021971900984344,-0.13461710227683688,0.046247743690219285
200,134600000.0,0.007736453661002063,-0.14056212219164266,0.014275114807211498,-0.14008536635503765,0.04655905531133298
200,134900000.0,-0.01886412578247798,-0.13982172461150988,-0.012293913436594554,-0.14058820800861804,0.04687180752618767
200,135200000.0,-0.04490928815767381,-0.13408105078243038,-0.03854350126815839,-0.13608554603581072,0.047186006651775116
200,135500000.0,-0.06946546368031559,-0.12352294731336455,-0.06353696152676747,-0.12671551469006143,0.047501604095625496
200,135800000.0,-0.09164814841638425,-0.10850335767651087,-0.08637820844516853,-0.11279033240711421,0.04781856489034356
200,136100000.0,-0.11065376777073821,-0.08953935144192027,-0.10624388241385715,-0.09478594455906043,0.04813690929763351
200,136400000.0,-0.12578876833696695,-0.06729134418765526,-0.1224130238184393,-0.07332578206676466,0.0484566780092102
200,136700000.0,-0.1364949103832509,-0.04254012701387211,-0.13429322671148655,-0.049159189144883916,0.04877788060637316
200,137000000.0,-0.14236984846130696,-0.01615948163899361,-0.1414423239529231,-0.023135266084168965,0.049100499998712424
200,137300000.0,-0.14318222230931577,0.010914668234646818,-0.14358481070100512,0.003826960164950673,0.0494245340121915
200,137600000.0,-0.13888068475468174,0.03771746237647955,-0.14062239736851,0.030770989824409317,0.049750002581064094
200,137900000.0,-0.12959653411167027,0.06328948101214937,-0.13263828992658067,0.05673678253321676,0.05007691078871857
200,138200000.0,-0.11563983474980954,0.0867110862913556,-0.11989501745966265,0.08079496424765086,0.050405232890448876
200,138500000.0,-0.09748911642624547,0.10713550504425307,-0.10282585629090907,0.10208008998904058,0.05073495139167106
200,138800000.0,-0.07577498586102083,0.12381944221842023,-0.08202012865174768,0.11982177200705986,0.05106609552839433
200,139100000.0,-0.05125823277374275,0.1361501099182676,-0.058202873597430045,0.1333725539042001,0.05139871541026602
200,139400000.0,-0.02480320094936994,0.14366771253247368,-0.03220959079102341,0.14223152249801163,0.05173282023110693
200,139700000.0,0.0026526672303033294,0.14608257794664103,-0.004956936576214244,0.14606279688559134,0.05206836630065599
200,140000000.0,0.030132058052863453,0.14328627555185625,0.022589600051003477,0.14470821320563143,0.052405314967403305
200,140300000.0,0.05665258825267294,0.13535627494100444,0.04944990180105268,0.1381937277122218,0.05274368363391554
200,140600000.0,0.08126191825602502,0.12255396716772582,0.07466409603510805,0.1267292828040552,0.053083523252035865
200,140900000.0,0.10307193450215646,0.10531611613066527,0.09732685550390048,0.11070211274525593,0.05342485738626236
200,141200000.0,0.12129079928303188,0.08424000841264823,0.11661990119100231,0.09066369972952537,0.0537676654268903
200,141500000.0,0.1352517063012968,0.06006278074561311,0.13184154046914545,0.06731081833706418,0.05411192358296038
200,141800000.0,0.1444372754070442,0.033635642401765864,0.14243217455782017,0.04146131917082115,0.05445763795753535
200,142100000.0,0.14849869558364537,0.005893913724242861,0.14799484851313105,0.014025492880267611,0.05480482664548871
200,142400000.0,0.1472689268212939,-0.022176065574366355,0.14831008987995548,-0.014025983002878726,0.05515348902806965
200,142700000.0,0.14076946159030257,-0.049572004355461274,0.14334448266422203,-0.04169638585891917,0.05550361477590774
200,143000000.0,0.12921035991630614,-0.07531145543346573,0.13325264439985815,-0.06799836344441962,0.055855215826723675
200,143300000.0,0.11298353117328253,-0.09846704375459536,0.11837250798666679,-0.09198916464703469,0.05620832374976201
200,143600000.0,0.09264949195512973,-0.11819986802997873,0.09921404836871744,-0.11280442844487089,0.05656294810959737
200,143900000.0,0.06891804212108577,-0.13378989236305294,0.07644182851961938,-0.12968932013148127,0.05691905758618172
200,144200000.0,0.04262350251925362,-0.14466222440965737,0.05085196121990836,-0.14202589341002286,0.05727661925393137
200,144500000.0,0.01469537802368448,-0.15040829774270525,0.023344284778708504,-0.14935568688324938,0.05763564675571781
200,144800000.0,-0.013874498004679214,-0.15080117588446562,-0.0051092751147003524,-0.15139672930252573,0.05799618980288779
200,145100000.0,-0.04206717040278063,-0.14580443098031792,-0.03349904514842173,-0.14805432392024212,0.05835827651030293
200,145400000.0,-0.06887289463566582,-0.135574262193487,-0.06081343251601082,-0.13942520154808932,0.05872188494623788
200,145700000.0,-0.09332731267298477,-0.1204547266393261,-0.08607497006152005,-0.12579486673117685,0.059086978698068914
200,146000000.0,-0.11454615695039116,-0.100966208547554,-0.10837529408673476,-0.10762820349078493,0.05945355453944984
200,146300000.0,-0.13175721671700913,-0.07778752732846805,-0.1269078032280436,-0.08555364775997962,0.05982164038282368
200,146600000.0,-0.14432842412776292,-0.051732315668524986,-0.14099682435582492,-0.060341464343169775,0.06019125624411619
200,146900000.0,-0.15179105502923074,-0.023720478815206114,-0.15012223119466142,-0.032876878700284565,0.06056239808824273
200,147200000.0,-0.1538571850286905,0.0052542790081373525,-0.1539386192088512,-0.004129000432602576,0.06093506093955166
200,147500000.0,-0.1504307386461714,0.034159707465189815,-0.15228833076826903,0.024883370732482226,0.061309256525384916
200,147800000.0,-0.14161171708874276,0.06196178005617159,-0.14520784104207946,0.05312785002164084,0.06168499492991525
200,148100000.0,-0.1276934359646975,0.08766168003199937,-0.1329272498457015,0.07959520424901392,0.06206226274516022
200,148400000.0,-0.10915283268090148,0.11033169045396374,-0.11586286948777119,0.10333541275930315,0.06244103980942833
200,148700000.0,-0.08663414926257929,0.129148687780392,-0.0946031448345686,0.12349176422219216,0.06282133580991821
200,149000000.0,-0.06092655920766843,0.14342401557143414,-0.06988838055203989,0.13933176564039176,0.06320319069090535
200,149300000.0,-0.032936531393819024,0.15262866562351496,-0.04258497325228308,0.1502737486630513,0.06358663032026578
200,149600000.0,-0.00365588831252861,0.1564128655912791,-0.013655045050158045,0.15590820723246512,0.06397163534599845
200,149900000.0,0.025873337841736177,0.15461934098051433,0.01587745736207499,0.1560130845834089,0.06435816753252595
200,150200000.0,0.05459600165092038,0.1472897270495459,0.0449630036930375,0.150562440237588,0.06474622001011204
200,150500000.0,0.08148154939277275,0.13466387396830126,0.07256377841325033,0.13972816141996794,0.06513582584882237
200,150800000.0,0.10556098249474655,0.1171720643924059,0.0976907109841944,0.12387463001341568,0.06552701761234833
200,151100000.0,0.1259617748522852,0.09542039877480857,0.1194389167024184,0.1035465070139422,0.0659197948495547
200,151400000.0,0.14193949348622814,0.07016982461702614,0.1370202783095725,0.07945004251862889,0.06631413837539997
200,151700000.0,0.15290496076909754,0.042309525586107455,0.14979199541901916,0.05242855177452057,0.06671004242109835
200,152000000.0,0.1584459587476128,0.012825614015486986,0.15728006792906699,0.02343290839150859,0.06710751755865949
200,152300000.0,0.15834268818893005,-0.017233763375599676,0.1591968561364589,-0.006511913123449752,0.06750656866241743
200,152600000.0,0.1525764103458953,-0.04679568255965205,0.1554520680815554,-0.03634306839496883,0.06790718954977318
200,152900000.0,0.14133092378650725,-0.07480074310686102,0.14615675645873652,-0.06499756710616811,0.06830938401544662
200,153200000.0,0.12498679015928982,-0.10024103431778786,0.13162015503732633,-0.09145015087688957,0.0687131756176641
200,153500000.0,0.1041084995239232,-0.12219640178522173,0.11233943918923847,-0.11474997538749435,0.06911858274959733
200,153800000.0,0.07942501139437175,-0.13986772390975344,0.08898274775327847,-0.13405478437757465,0.06952559182401939
200,154100000.0,0.05180432543532598,-0.15260600182594475,0.06236604506284964,-0.14866134743452863,0.0699341718089004
200,154400000.0,0.02222295893519144,-0.15993618762001316,0.03342462386266738,-0.15803106189983826,0.07034431661599304
200,154700000.0,-0.008268579904150641,-0.1615748642569541,0.0031802440487406925,-0.1618097873529067,0.07075605889439467
200,155000000.0,-0.03858308725977855,-0.15744113489661027,-0.027294938350978012,-0.1598411831406432,0.07116943481879323
200,155300000.0,-0.06763541608359303,-0.1476603226107326,-0.05691637860380231,-0.15217304823169442,0.07158444546419689
200,155600000.0,-0.09438132338456429,-0.1325603097665271,-0.0846257397707986,-0.13905641022975293,0.07200106363619638
200,155900000.0,-0.11785501562652678,-0.11266059893484015,-0.1094287047165744,-0.12093736792309882,0.07241927295159965
200,156200000.0,-0.1372040233887768,-0.08865446126524956,-0.1304306527287389,-0.09844195012988023,0.07283908603401691
200,156500000.0,-0.1517201464602067,-0.06138480203484109,-0.14686892076592234,-0.07235450360763314,0.07326052400062866
200,156800000.0,-0.16086536166891552,-0.031814584000314894,-0.15814048619185578,-0.043590355481720786,0.07368359344863867
200,157100000.0,-0.16429174790283074,-0.0009928326327043324,-0.163824066619035,-0.013163702644669399,0.07410829207168688
200,157400000.0,-0.16185467975752754,0.029982578544665905,-0.16369582767673832,0.01784814559468985,0.074534625675044
200,157700000.0,-0.1536187904269557,0.0600040322278651,-0.15773811431224197,0.04834291100374949,0.07496260416486798
200,158000000.0,-0.13985647216564656,0.0879937692194609,-0.14614086772634666,0.07723252556129309,0.07539222292906755
200,158300000.0,-0.12103893682813682,0.11294258270125435,-0.12929564952608566,0.10348195366067561,0.07582346448266859
200,158600000.0,-0.09782011515898947,0.1339462131620177,-0.10778245794345774,0.12614627222798463,0.07625632588578199
200,158900000.0,-0.07101394592435728,0.1502381174305646,-0.08234977864399927,0.14440468044461705,0.07669083350366457
200,159200000.0,-0.041565858840562075,0.16121742550716778,-0.05388855552179179,0.15759021518676256,0.07712701835326458
200,159500000.0,-0.010519450895436488,0.1664710834637665,-0.023400986229992732,0.16521409675399026,0.07756488078073431
200,159800000.0,0.02102048811308954,0.16578937089840512,0.008034764883861309,0.16698381682696695,0.0780043919094517
200,160100000.0,0.05192729800711238,0.1591741930107769,0.0393026941011111,0.16281430033456296,0.07844553149843492
200,160400000.0,0.08109270227379906,0.14683981232799515,0.06928857764415922,0.15283171730833825,0.07888831355365696
200,160700000.0,0.10746654320688886,0.12920597982344584,0.09691967645179012,0.13736978123409987,0.07933276893504303
200,161000000.0,0.13009458540956853,0.10688369631643091,0.12120311156859524,0.11695863764811151,0.07977891174729357
200,161300000.0,0.14815304109850125,0.08065407659104773,0.14126153739300634,0.0923067112646375,0.08022673307041746
200,161600000.0,0.1609785618400874,0.05144103268771372,0.15636483122581077,0.06427613231752255,0.0806762226989264
200,161900000.0,0.16809259269948074,0.02027873530623872,0.1659566547929576,0.033852594005243236,0.0811273832540555
200,162200000.0,0.16921919832405408,-0.01172499053261497,0.16967492196041192,0.0021106946219998,0.08158022046429085
200,162500000.0,0.16429570669340654,-0.0434280432592585,0.16736542050086223,-0.02982401716511201,0.0820347327672811
200,162800000.0,0.1534757582169668,-0.07369480397087132,0.1590880770237957,-0.06081495338756664,0.08249092096999176
200,163100000.0,0.13712461502296236,-0.10143681747406277,0.14511561454056385,-0.08975493898761695,0.08294880117788775
200,163400000.0,0.11580687571927406,-0.12565193042393424,0.1259246223906288,-0.11560576544255362,0.08340839408657603
200,163700000.0,0.09026701573143203,-0.14546048686812693,0.10217932880325283,-0.13743543279246526,0.08386969987969213
200,164000000.0,0.06140341470204236,-0.1601372847099932,0.07470862756381468,-0.15445174425998068,0.08433269560991971
200,164300000.0,0.030236763241921594,-0.16913812470968803,0.044477152747254306,-0.1660310427568586,0.08479736476133962
200,164600000.0,-0.002126034224525064,-0.1721199651515601,0.012551410556972533,-0.17174104730263315,0.08526372258472713
200,164900000.0,-0.03453116718158489,-0.1689539403327739,-0.01993784280369564,-0.17135695387751834,0.08573180292304122
200,165200000.0,-0.06581904253340465,-0.159730768176558,-0.05183565014194701,-0.16487020227017882,0.08620162244840625
200,165500000.0,-0.09486577603822077,-0.14475832695139074,-0.08200391073304486,-0.15248956971958855,0.08667316766360017
200,165800000.0,-0.1206235720978297,-0.12455144164206147,-0.10936198667744025,-0.13463452442594911,0.08714641814195988
200,166100000.0,-0.14215852654056826,-0.09981420928301413,-0.13292540938275435,-0.111921047657061,0.08762137258042767
200,166400000.0,-0.15868448007892244,-0.0714154808603723,-0.15184129985791392,-0.08514040238690466,0.08809804643000257
200,166700000.0,-0.16959170492237874,-0.04035836151895028,-0.16541922861815408,-0.05523157954980986,0.08857645206451595
200,167000000.0,-0.17446938618380425,-0.007744791791394423,-0.173156398942174,-0.023248380991952394,0.08905659211136087
200,167300000.0,-0.1731210637811751,0.025263546704162976,-0.17475623553006428,0.00967770716824251,0.08953846971713128
200,167600000.0,-0.16557245034499246,0.0574866088845607,-0.17013969235728968,0.042377542857917755,0.09002209243250298
200,167900000.0,-0.15207132286831193,0.08776816960300965,-0.15944885056295452,0.07368584200389962,0.0905074606395342
200,168200000.0,-0.13307946565280515,0.1150173119537396,-0.1430426504755013,0.10248270404466703,0.09099456178255666
200,168500000.0,-0.10925691508556357,0.13824773468178808,-0.12148488168068865,0.1277336692270813,0.09148338677347854
200,168800000.0,-0.08143903849604461,0.15661345215085065,-0.09552483142209636,0.1485268749516881,0.09197394932761993
200,169100000.0,-0.05060725358288254,0.16943958917559587,-0.06607125472687096,0.16410597671026506,0.09246627824190844
200,169400000.0,-0.0178544221201693,0.17624716181565908,-0.03416057004082082,0.17389764536044452,0.09296038741870387
200,169700000.0,0.015653873511604743,0.17677094524419662,-0.0009203931855186487,0.17753264156244958,0.09345626146744704
200,170000000.0,0.04872081213789192,0.17096975332021158,0.032470307448187415,0.17485969357299733,0.0939538767928932
400,20000000.0,0.0020911826192659133,0.02075291110294275,0.002088265748900426,0.020753794470086594,0.00014611241481265092
400,20300000.0,0.006014475154071552,0.0203008230135433,0.006011918409388879,0.020301982252151893,0.0001325847439984281
400,20600000.0,0.009840485209232586,0.01910256338233074,0.00983784027168735,0.019103936689049705,0.00013869053493976676
400,20900000.0,0.013426114154166335,0.01717887688715458,0.013423343534671159,0.017180926678660134,0.000158072086610158
400,21200000.0,0.016632831211625065,0.01457876094532562,0.01663040761417936,0.014581627913518812,0.00016973293526067971
400,21500000.0,0.019332811825976043,0.011377727651973979,0.01933096168295948,0.011381090811162075,0.00017111239848447094
400,21800000.0,0.021413375755906544,0.007674924442783171,0.0214119377386688,0.007678687862933808,0.0001771121881173276
400,22100000.0,0.02278081279718369,0.0035906695719425397,0.02277989679362865,0.003595091554542866,0.00019581527202641895
400,22400000.0,0.023364913947458987,-0.0007366531216626004,0.023365042180265142,-0.0007316278050991864,0.00021504304118003564
400,22700000.0,0.023123021864526194,-0.005155722269901464,0.023124452743558455,-0.005150659360973056,0.00022207562938571484
400,23000000.0,0.02204194246954319,-0.009508378058002087,0.022044394285659404,-0.009503707416036615,0.00021974173007971838
400,23300000.0,0.020138372346074407,-0.013634984507464365,0.020141599204164903,-0.013630662445069618,0.0002217805092579108
400,23600000.0,0.017459289272291095,-0.017379479588416125,0.01746344074412462,-0.017375484240793944,0.00023388463685706574
400,23900000.0,0.014081780009335104,-0.020595395528604232,0.014086968375024217,-0.020592081233650514,0.00024676256015045687
400,24200000.0,0.01011085574101947,-0.023152259637154504,0.01011681305429484,-0.023149965164943345,0.00025268741693099323
400,24500000.0,0.005675570329905677,-0.02494074893018028,0.00568201398373284,-0.024939463701057495,0.0002568784363696285
400,24800000.0,0.0009248960129066286,-0.02587656805733296,0.0009318602866748043,-0.025876285295459683,0.00026918456107397136
400,25100000.0,-0.003976607156555678,-0.025904184664881758,-0.003969119778447177,-0.0259052503604099,0.0002885747810410779
400,25400000.0,-0.008854445365133856,-0.02500024548854829,-0.008846854439560632,-0.025003030015597123,0.00030486071973292035
400,25700000.0,-0.013531036165330856,-0.0231752994008243,-0.013523911812453052,-0.023179767455423043,0.0003133610179409359
400,26000000.0,-0.017832320944631275,-0.02047359205668209,-0.01782595141410955,-0.02047949617315168,0.00031987886698648635
400,26300000.0,-0.02159368040760684,-0.016972036806936153,-0.021588209310620693,-0.016979312523834496,0.0003314439656120278
400,26600000.0,-0.02466599344372622,-0.012778663024815673,-0.02466177613135608,-0.012787305844707568,0.0003461816282019159
400,26900000.0,-0.026921952366902813,-0.008029578326665066,-0.02691942981261026,-0.008039295904049743,0.0003573562794013691
400,27200000.0,-0.028261457250175093,-0.002884147564060302,-0.028260796562419463,-0.0028944730777135724,0.00036420718842796466
400,27500000.0,-0.02861545442665786,0.0024805770921280113,-0.0286166338994713,0.0024699203800825752,0.000373281860985436
400,27800000.0,-0.02794888762622766,0.007875531927307833,-0.02795205811408686,0.007864690966643087,0.0003889831625583864
400,28100000.0,-0.026263125954384348,0.013106009170021138,-0.026268574211538918,0.013095366681936099,0.0004073350132032059
400,28400000.0,-0.023597029164665828,0.01797902711336563,-0.023604808122247856,0.01796920655313433,0.0004223062125853131
400,28700000.0,-0.020026015286951415,0.022310774280421053,-0.020035887246427738,0.022302294316923738,0.0004340839580812417
400,29000000.0,-0.01565973484493055,0.02593326140690766,-0.01567146459185415,0.02592645547868088,0.0004476427350551372
400,29300000.0,-0.010639015768347526,0.028700465979711653,-0.010652432073347153,0.028695738378865097,0.00046472675883751143
400,29600000.0,-0.005131687931267004,0.03049434517390548,-0.005146418108544196,0.03049221100738281,0.000481316652745405
400,29900000.0,0.0006731984582436512,0.031230053370361333,0.0006577884008385331,0.03123084587712589,0.000493966799694087
400,30200000.0,0.0065721858839232206,0.030859532102010645,0.006556703071758784,0.030863294700393364,0.0005049887968329658
400,30500000.0,0.012354390438377327,0.02937365467160169,0.012339278935824148,0.029380391966181436,0.0005192104932673355
400,30800000.0,0.017808692977817675,0.02680345841129772,0.017794457227125533,0.02681327053944377,0.000537270736783554
400,31100000.0,0.02273152220585606,0.02322015875066552,0.022718865910924733,0.023233021571663046,0.000555327663377938
400,31400000.0,0.02693476512100179,0.01873328389707196,0.026924385317872696,0.018748883583658973,0.0005711024315139735
400,31700000.0,0.030252890971849855,0.013487103039884873,0.03024529998791231,0.013504999658335515,0.0005868940698298518
400,32000000.0,0.03254910885105078,0.00765605637481781,0.03254476597761539,0.007675835277038605,0.0006056059622439953
400,32300000.0,0.03372090736425293,0.0014392762137658277,0.03372034324553676,0.001460400447362406,0.0006260901323120746
400,32600000.0,0.033704734616356535,-0.004946195407490306,0.033708372719549476,-0.004924533538842364,0.000644781587161793
400,32900000.0,0.03247906330552869,-0.011273274266884958,0.03248701631722015,-0.011251991919313038,0.0006608349812472663
400,33200000.0,0.030065656073638425,-0.017312962139620636,0.030077824245844414,-0.017292865427586394,0.000677149114363064
400,33500000.0,0.026529491204155486,-0.022842361401518296,0.026545745767911032,-0.022824203548529418,0.0006961219665095551
400,33800000.0,0.02197744405656188,-0.027652796689617065,0.02199755545448659,-0.027637431955249137,0.0007164991712266612
400,34100000.0,0.01655526052815648,-0.03155789513323337,0.016578724760447333,-0.03154619163128779,0.0007357749779627142
400,34400000.0,0.010442731538657213,-0.034400865791938906,0.010468826433753735,-0.03439350591605949,0.0007541533619686997
400,34700000.0,0.003847651037268196,-0.03606050593453203,0.003875614679986226,-0.03605800142469064,0.0007741636498400657
400,35000000.0,-0.003001032458457953,-0.03645610665997667,-0.0029720249421695357,-0.03645893893340518,0.0007967621519173718
400,35300000.0,-0.009861027373088083,-0.03555128779219785,-0.009832017175180386,-0.03555984994097765,0.0008198433161780633
400,35600000.0,-0.016485452292430314,-0.03335623178473679,-0.016457654867305105,-0.03337062240247897,0.000841253126289358
400,35900000.0,-0.02263187937990646,-0.02992793990371634,-0.022606470392858846,-0.029947933448060817,0.0008616718293547788
400,36200000.0,-0.0280710564564845,-0.025368787486256927,-0.02804910171306691,-0.025393985844841968,0.0008833005942167928
400,36500000.0,-0.0325952726316624,-0.019823701660736326,-0.03257782912975996,-0.019853566432105313,0.0009065574858193921
400,36800000.0,-0.0360263625479173,-0.013475782673090575,-0.03601446563914355,-0.013509506532065438,0.0009296996576029466
400,37100000.0,-0.038222818284994964,-0.00654019260880756,-0.03821730240423971,-0.00657668413912733,0.0009517007127499746
400,37400000.0,-0.03908542071565063,0.0007432838424691335,-0.039086840725821345,0.0007052367123363492,0.0009739191887900339
400,37700000.0,-0.038561348983891464,0.008118437643129806,-0.03857008207364752,0.008080084718095338,0.0009981549270469906
400,38000000.0,-0.03664691841680867,0.015321471206210635,-0.03666319691913027,0.015284192466450651,0.0010240787519594614
400,38300000.0,-0.033388684419120684,0.022090489017010495,-0.03341244961280911,0.022055823039465294,0.0010498131352043643
400,38600000.0,-0.028882514735132925,0.028175192803955307,-0.02891331840668229,0.028144675039165165,0.0010746353961273998
400,38900000.0,-0.02327072028480459,0.033346100853725025,-0.0233078147385163,0.03332112101284514,0.0010997783700971348
400,39200000.0,-0.01673764426884261,0.03740301148492675,-0.016780071730969397,0.0373848387585433,0.0011263500614497098
400,39500000.0,-0.009503804933820525,0.04018270875953045,-0.009550336107619819,0.040172512033869186,0.0011536174371830985
400,39800000.0,-0.0018184725835658222,0.04156559527495007,-0.0018675580100444506,0.0415643063242031,0.0011801678130095765
400,40100000.0,0.006049066563134531,0.04148068956077522,0.005999172753243724,0.04148886565440116,0.0012060795157492468
400,40400000.0,0.01381896140696226,0.03990877021359285,0.01377004975459196,0.039926626632222656,0.0012328604625962043
400,40700000.0,0.02121059803102321,0.03688381947394426,0.02116450237997071,0.03691130429123841,0.0012613285110126531
400,41000000.0,0.027952688281100424,0.0324927392665193,0.02791132364271306,0.032529468831825135,0.0012905897166946869
400,41300000.0,0.03379335194979283,0.0268730489701553,0.03375860787399898,0.02691820076329383,0.0013195113275591178
400,41600000.0,0.03850956349499157,0.020208533028140296,0.03848313447341716,0.020260881777408774,0.0013483753556052657
400,41900000.0,0.0419155113221894,0.0127232155975604,0.04189884889853015,0.0127812473973244,0.001378303903141337
400,42200000.0,0.04386978599750169,0.004673967586251382,0.0438641200096967,0.004735892516873341,0.001409450490289343
400,42500000.0,0.044281240088416496,-0.003658229079142372,0.04428749291995262,-0.00359452005654871,0.001440707457118767
400,42800000.0,0.04311307447173485,-0.01197819255201904,0.04313170732945561,-0.011915047255989467,0.0014713099172670905
400,43100000.0,0.040384835742911074,-0.019987081827469444,0.0404158112371757,-0.019926908396659674,0.0015019119534560347
400,43400000.0,0.036172412577134105,-0.02739303976399443,0.03621526685134709,-0.027338213077145044,0.001533602015304832
400,43700000.0,0.03060616715896025,-0.03392172799678839,0.030660017113076334,-0.03387458918327426,0.0015663872508399
400,44000000.0,0.0238670857629677,-0.039326541294835926,0.02393055495160856,-0.03928932423597121,0.0015993592973268425
400,44300000.0,0.016180885113142085,-0.043397984386818855,0.01625211054212347,-0.04337264578935505,0.0016321736673347077
400,44600000.0,0.00781038822745761,-0.045971681169785894,0.00788714176058949,-0.04595979284574971,0.0016655809308102505
400,44900000.0,-0.0009533960093029981,-0.04693482253736536,-0.0008736228678666211,-0.04693756953092814,0.0017002712848205722
400,45200000.0,-0.009801286750300009,-0.04623098244640267,-0.009721283563620958,-0.04624912330112947,0.0017358138310929949
400,45500000.0,-0.01841687811890813,-0.04386301525442293,-0.01833966037735736,-0.043896751023042295,0.0017712588823261706
400,45800000.0,-0.02648795790972469,-0.039893712733900744,-0.026416591990833148,-0.03994260528079469,0.0018064629406949497
400,46100000.0,-0.0337177975721723,-0.034444229581383934,-0.03365523847467872,-0.03450724780553097,0.001842191484781892
400,46400000.0,-0.039835949797247916,-0.027690497927298274,-0.03978497888749753,-0.027766074347159293,0.0018789330848571928
400,46700000.0,-0.04460834635237931,-0.01985770180986257,-0.044571504047328174,-0.019943712830300882,0.0019162290441945328
400,47000000.0,-0.04784630113612809,-0.011212800427065628,-0.047825728897268806,-0.011306571435575492,0.0019534636643211653
400,47300000.0,-0.04941389602389856,-0.0020553555912270483,-0.04941118692584049,-0.0021537825663677595,0.0019908617637674044
400,47600000.0,-0.04923346150216734,0.007292846672167452,-0.04924961987669886,0.007193150090322582,0.00202919788083018
400,47900000.0,-0.04728910686931809,0.016499009635166595,-0.04732453779979521,0.016401643349764676,0.0020686837112086974
400,48200000.0,-0.04362816950096193,0.025231153698964115,-0.04368259524258115,0.025139868626661736,0.002108691794810869
400,48500000.0,-0.03836033469446132,0.03317017194524219,-0.03843270659028958,0.03308870725513261,0.002148680822582438
400,48800000.0,-0.03165438406212606,0.04002151634958939,-0.03174290450898064,0.039953396373628394,0.002188921579653833
400,49100000.0,-0.023732817145405094,0.04552603275173861,-0.023835027226033187,0.04547444065803076,0.0022299927561927452
400,49400000.0,-0.014864577398681633,0.04946969078711605,-0.014977400037713947,0.04943738660650753,0.0022718667961929575
400,49700000.0,-0.00535598143437932,0.05169191305096499,-0.005475751042894668,0.05168109238385593,0.002313961201858811
400,50000000.0,0.004459917954583781,0.05209205112498794,0.004337332103895282,0.05210417627730154,0.0023560386814487624
400,50300000.0,0.014235041288803152,0.05063367014302278,0.014114041165477157,0.050669388943079596,0.00239859036718995
400,50600000.0,0.023618565175250295,0.04734658259176028,0.023503674808219875,0.047405726718176174,0.002442149254240505
400,50900000.0,0.03226945558428973,0.04232662717583424,0.03216521767402894,0.04240818283224803,0.002486570050168413
400,51200000.0,0.03986890434693091,0.035733068949056035,0.03977971988232349,0.0358351175790252,0.002531315652935557
400,51500000.0,0.046132123290548055,0.0277835794020187,0.046062027757576486,0.027903314391288736,0.0025762726818507726
400,51800000.0,0.05081895239658796,0.018747035146268076,0.050771434822409305,0.01888087321160506,0.0026218755052686373
400,52100000.0,0.05374296222288921,0.008934481938501437,0.05372085615644557,0.009078172482659299,0.0026683987299049275
400,52400000.0,0.054778818409302654,-0.0013115003906943867,0.05478417803980709,-0.0011627964535168992,0.00271551005536498
400,52700000.0,0.05386756029193773,-0.011628782569211737,0.053901496772456814,-0.01148035647031819,0.0027627451499561825
400,53000000.0,0.0510194608508332,-0.0216485484681328,0.051082033586258326,-0.02150591746959387,0.0028101788653125846
400,53300000.0,0.04631438332631088,-0.031008460798654713,0.04640459412116352,-0.030877143829834395,0.002858304605525557
400,53600000.0,0.03989971532065839,-0.03936569515965016,0.04001552815872197,-0.039251046107453044,0.002907330273656284
400,53900000.0,0.0319859002372298,-0.04640949264260685,0.032124235096840946,-0.04631652409332065,0.0029569383798109367
400,54200000.0,0.022839579908853103,-0.05187275426025828,0.022996349784471175,-0.05180590288855631,0.0030068269491114645
400,54500000.0,0.012774579985290524,-0.05554213009813469,0.012944828577903038,-0.055505034960999934,0.0030571881039323286
400,54800000.0,0.002141155341657819,-0.057266226864994274,0.002319233702450256,-0.057261588224067614,0.0031084158920748634
400,55100000.0,-0.008686133756890979,-0.05696173155478612,-0.008506417703351605,-0.05699120150763207,0.003160504577844427
400,55400000.0,-0.019321605705601486,-0.05461721624971938,-0.019146817697861425,-0.05468126229818976,0.0032130417044753624
400,55700000.0,-0.029382253935450353,-0.050294350229364126,-0.029219081511249734,-0.050392144781631114,0.0032657924289447387
400,56000000.0,-0.038501556122331304,-0.04412642413399859,-0.03835652327254105,-0.04425583611895686,0.0033190048874005918
400,56300000.0,-0.046342767956665365,-0.036314315435678424,-0.04622199792612065,-0.03647197234125141,0.0033730110728433884
400,56600000.0,-0.05261131716704981,-0.027120050234764048,-0.05252032414967797,-0.0273013989211846,0.003427744162006069
400,56900000.0,-0.057065883897183034,-0.016858072406128133,-0.05700933109540121,-0.01705746157799502,0.00348288300794497
400,57200000.0,-0.05952766361678341,-0.005884463719432742,-0.059509116591074954,-0.006095316895151448,0.003538376446916479
400,57500000.0,-0.059887409054613316,0.005415431860360864,-0.059909164610372184,0.00520037323070186,0.0035945492439559998
400,57800000.0,-0.05811005680879744,0.01664049580839877,-0.05817304333407531,0.01642893722432365,0.003651639763084918
400,58100000.0,-0.054236806187805686,0.027388038999522357,-0.05434048945487926,0.027187906141382417,0.0037094650441493776
400,58400000.0,-0.04838447525602485,0.037268282055273105,-0.04852677658948844,0.0370874385246098,0.003767698976869881
400,58700000.0,-0.04074206068476294,0.045918525609167204,-0.040919362499981016,0.045764440840684206,0.0038263340164257993
400,59000000.0,-0.03156465803448105,0.05301642547836327,-0.031771907838994064,0.05289587222042823,0.0038856493119485947
400,59300000.0,-0.02116500795278431,0.05829194091350809,-0.021395854790576787,0.05821074641961895,0.003945762969452675
400,59600000.0,-0.009902898740970167,0.06153758720553093,-0.010149843801219312,0.06150038592925748,0.004006452729414122
400,59900000.0,0.0018272911396219893,0.06261656167249674,0.001572672718928337,0.06262654165181768,0.004067502687151997
400,60200000.0,0.013610441010577401,0.06146835142783513,0.01335719230072545,0.06152706457419371,0.0041290436082951545
400,60500000.0,0.025025362582978716,0.05811163077502446,0.024782818695087073,0.058218900914917146,0.004191380313182987
400,60800000.0,0.03565981077752767,0.052644397816202115,0.03543729431075702,0.05279827634962781,0.004254571031995459
400,61100000.0,0.04512537584267362,0.04524129458421389,0.04493187193362601,0.04543803481493699,0.004318378227837895
400,61400000.0,0.05307170271469608,0.03614809731610347,0.05291548936283582,0.03638219950654004,0.004382642298059755
400,61700000.0,0.059199438340941324,0.02567355836494223,0.05908773045184874,0.02593792435835861,0.0044475096538679
400,62000000.0,0.06327143469717267,0.014178946905856304,0.06321009470548847,0.014465099868505306,0.004513188473485305
400,62300000.0,0.06512186568395828,0.0020656407100805296,0.06511515384132081,0.0023639641273427233,0.004579616905608204
400,62600000.0,0.0646629123823812,-0.010238880804941397,0.06471324571341323,-0.009938854917723679,0.004646544400502398
400,62900000.0,0.06188867633277928,-0.022296160979866197,0.06199644127030879,-0.022005379380796383,0.00471389785937959
400,63200000.0,0.05687614145849329,-0.033672399259725094,0.05703961582632645,-0.03340187337053278,0.0047818868791179745
400,63500000.0,0.04978319543739562,-0.04395401905218421,0.04999855851463172,-0.04371443186747062,0.004850702461730946
400,63800000.0,0.04084377563651076,-0.0527626807883973,0.04110515972739523,-0.052564006334551994,0.004920263587871473
400,64100000.0,0.03036021887826401,-0.05976922147783459,0.03065982184380681,-0.05962032183851286,0.004990375955105479
400,64400000.0,0.018693033737671505,-0.06470594475198688,0.019021339792883247,-0.06461417522433623,0.005061045852574397
400,64700000.0,0.0062485003358694335,-0.06737677113730633,0.00659459130555194,-0.06734765735427824,0.005132475627544426
400,65000000.0,-0.006535441256904195,-0.06766492234577148,-0.006183541357066635,-0.06770191284136791,0.005204757157915395
400,65300000.0,-0.01920457884744009,-0.06553787893132945,-0.01885952891212821,-0.06564213569149638,0.005277728426557354
400,65600000.0,-0.03130459264640806,-0.06104935443243642,-0.030979292009508913,-0.061219595887940306,0.005351203964962581
400,65900000.0,-0.04239737260910448,-0.0543381424530085,-0.04210446630819968,-0.05457059683096202,0.005425232909109072
400,66200000.0,-0.052076855581537185,-0.04562389550431334,-0.051828253095141184,-0.045912372978406155,0.005500009604692588
400,66500000.0,-0.059983850505217484,-0.0352000093991256,-0.05979028247711446,-0.03553604711903268,0.005575584835923029
400,66800000.0,-0.06581936136093225,-0.02342380500404806,-0.06568994649229143,-0.02379687348861139,0.005651810558465526
400,67100000.0,-0.0693558818195893,-0.01070428302459181,-0.0692977096023678,-0.011102092533673683,0.005728587737412063
400,67400000.0,-0.07044618399932778,0.002512099893848596,-0.07046397230929083,0.002103188111697095,0.005806035316027536
400,67700000.0,-0.06902928999150548,0.015757085996859432,-0.0691251477936654,0.015351597236956498,0.005884327770187198
400,68000000.0,-0.06513344211079675,0.028557176091841052,-0.06530670860399286,0.02817004135997452,0.005963447667174233
400,68300000.0,-0.0588759187542236,0.040450564107190834,-0.059123067153021215,0.0400965983010651,0.0060432192619754655
400,68600000.0,-0.05045961689660494,0.05100382612407128,-0.05077426634059514,0.0506971597898483,0.006123565093639888
400,68900000.0,-0.04016650644480968,0.059827704597750886,-0.04053957101968512,0.059581223596891865,0.006204603582963684
400,69200000.0,-0.02834822107481627,0.06659141981063499,-0.028768163151494112,0.06641626100228125,0.006286455007133261
400,69500000.0,-0.015414095089750446,0.07103503771567543,-0.015867249301012125,0.07094013159991591,0.006369057271427371
400,69800000.0,-0.0018169985089644403,0.07297943285895125,-0.0022879847438309485,0.07297108300588172,0.006452266320065269
400,70100000.0,0.011962542805950882,0.07233341329118415,0.01149029963983812,0.0724149557975035,0.006536083514147794
400,70400000.0,0.025433332726715108,0.06909772117426338,0.024977016381093363,0.06926931112458709,0.006620667614711592
400,70700000.0,0.03811098645551503,0.0633657916881949,0.03768778918226388,0.06362430653308283,0.006706116479256202
400,71000000.0,0.04953533669717303,0.05532122808095452,0.04916184746804794,0.05566026082720105,0.006792343127629974
400,71300000.0,0.05928715523750783,0.045232005205470216,0.058978723133384245,0.04564196718167345,0.006879221799119434
400,71600000.0,0.06700353569062745,0.033441562298827776,0.06677364467712249,0.033909930968588325,0.006966777434129566
400,71900000.0,0.07239135175946487,0.020357124122621473,0.07225106559465949,0.02086882065590905,0.007055138471495595
400,72200000.0,0.0752383351065633,0.006435670524693515,0.07519582616965405,0.006973522598508303,0.007144333786280274
400,72500000.0,0.07542138130855391,-0.007832003209375271,0.07548152858549352,-0.00728672018574619,0.007234243412955814
400,72800000.0,0.07291172286694192,-0.021938607226582807,0.07307580181863946,-0.021405532401481034,0.0073247750346930145
400,73100000.0,0.06777672698207204,-0.03537841126914243,0.0680422417360328,-0.03487738767140442,0.007416001216612486
400,73400000.0,0.06017826095117851,-0.047665357376890594,0.06053892938097139,-0.04721570803584659,0.007508056720996666
400,73700000.0,0.050367690442619795,-0.05835061411915299,0.05081355243947849,-0.057970433768683535,0.007600953347571137
400,74000000.0,0.038677632919162264,-0.06703897434255368,0.0391952769819329,-0.06674442923824309,0.0076945847825814866
400,74300000.0,0.025510697923039283,-0.07340347205011777,0.026083634384029684,-0.07320812714978928,0.007788903737426867
400,74600000.0,0.011325617316646497,-0.07719764099366011,0.011934797577791496,-0.07711187187401565,0.007884000648340496
400,74900000.0,-0.0033787191001490857,-0.07826497709257207,-0.0027542825277712653,-0.07829550076995836,0.007979969198673281
400,75200000.0,-0.01808078556516146,-0.07654528219894452,-0.017463329060848506,-0.07669479779842737,0.00807676463501371
400,75500000.0,-0.032254924388544826,-0.07207762005121343,-0.03166716684046133,-0.07234456300191014,0.008174266961607304
400,75800000.0,-0.04539016243871097,-0.06499970968835767,-0.04485447298833299,-0.06537816078192968,0.008272452919077933
400,76100000.0,-0.05700862552875652,-0.05554376009754858,-0.056546181048707726,-0.05602353512573119,0.008371423088574572
400,76400000.0,-0.06668289421533735,-0.0440289091671795,-0.0663128762976639,-0.044595806567802605,0.008471251211446214
400,76700000.0,-0.07405171158568813,-0.030850506836615388,-0.07379055088673503,-0.03148668917961962,0.008571884692888512
400,77000000.0,-0.07883346476453013,-0.016466561006813762,-0.07869414133394904,-0.01715108180165324,0.0086732401707826
400,77300000.0,-0.08083689875138544,-0.001381809493490982,-0.08082834589121256,-0.002091291842182491,0.008775343859680587
400,77600000.0,-0.07996865386946661,0.013869989578722208,-0.08009531294945339,0.013160561563309804,0.008878304338880988
400,77900000.0,-0.07623737090291804,0.028744922716508636,-0.07649890067234927,0.02806134870843797,0.008982160049993606
400,78200000.0,-0.06975419735989274,0.042708312502250934,-0.07014532867822078,0.04207627051613991,0.009086829133657631
400,78500000.0,-0.06072961079924133,0.055253954202896916,-0.06124017057429058,0.054698051031899224,0.009192232761408741
400,78800000.0,-0.049466632010775724,0.06592246974221228,-0.0500817669480266,0.06546529250661672,0.009298406487823454
400,79100000.0,-0.03635067873449416,0.07431809906613807,-0.0370512673612296,0.07397932912455221,0.009405438426583474
400,79400000.0,-0.021836414776939095,0.08012334810525656,-0.022599632330067145,0.07991896419960143,0.009513334274187794
400,79700000.0,-0.006432011439097884,0.08311097002003454,-0.007232037763388154,0.08305254687003029,0.009622013129756095
400,80000000.0,0.00931865389063935,0.08315279948160059,0.008509779212466229,0.08324693557963903,0.00973143704668139
400,80300000.0,0.02485521038958549,0.08022507802827517,0.02406661626662897,0.08047300381601494,0.009841677852581287
400,80600000.0,0.03962071646591392,0.0744100804961525,0.038881670632849974,0.07480746492672344,0.00995282175516587
400,80900000.0,0.05308160925320149,0.0658939810486654,0.05242046696993128,0.06643092309383537,0.010064854794161299
400,81200000.0,0.06474699212981272,0.05496098338252908,0.06419013513301496,0.055622192106590966,0.01017769621072093
400,81500000.0,0.07418654235896405,0.041983870101191645,0.07375734268187234,0.04274905763346679,0.010291324547839641
400,81800000.0,0.08104635827280215,0.02741130257060931,0.08076423002234533,0.028255787443482998,0.010405807401272412
400,82100000.0,0.08506217962435758,0.011752331234338609,0.08494176284829819,0.012647812802947892,0.010521195162662277
400,82400000.0,0.08606951700989174,-0.004441364209376575,0.08612000480055561,-0.003525891256930102,0.010637442687971935
400,82700000.0,0.08401029092713652,-0.020594914623179195,0.0842349199758482,-0.01969211279675894,0.010754476446293825
400,83000000.0,0.07893568638555726,-0.03613068505861561,0.0793314364073146,-0.03527371802389409,0.010872305835411747
400,83300000.0,0.07100510267789184,-0.050488926196076145,0.07156263364639026,-0.04971025456998074,0.010991013381447009
400,83600000.0,0.06048123893936719,-0.06314792236052136,0.06118505544350685,-0.06247810748206104,0.011110641195722215
400,83900000.0,0.047721458603720235,-0.07364294180391884,0.04855028734790326,-0.07310948314102325,0.011231142606584667
400,84200000.0,0.03316568408619758,-0.08158329858943247,0.03409307385185531,-0.08120953310289554,0.0113524660322153
400,84500000.0,0.017321231304486817,-0.08666687024873698,0.018316375627544942,-0.08647099156523526,0.011474640992606184
400,84800000.0,0.0007451357481255139,-0.08869153161580057,0.001773879865888421,-0.08868578475589978,0.011597737381222046
400,85100000.0,-0.015975411921392513,-0.08756310272260226,-0.014949428402883833,-0.08775317515233612,0.01172176201319989
400,85400000.0,-0.032243862503413157,-0.08329950526070729,-0.03125795237366131,-0.08368412445519545,0.011846648368161282
400,85700000.0,-0.04747560668975037,-0.07603092257531952,-0.046566695439583264,-0.07660169243558555,0.011972354263471492
400,86000000.0,-0.061118987140212466,-0.06599592106267216,-0.06032224361932481,-0.06673742945915774,0.012098922278277791
400,86300000.0,-0.07267525917879236,-0.05353367092024652,-0.07202276591097553,-0.054423863669693776,0.012226416338792548
400,86600000.0,-0.08171680372916956,-0.03907252926681393,-0.08123630995876406,-0.040083324373106875,0.012354832607218426
400,86900000.0,-0.08790294072261318,-0.023115344224448053,-0.08761672643392845,-0.024213476041678245,0.012484116640445854
400,87200000.0,-0.09099273582667833,-0.006221969288785267,-0.09091663581882022,-0.007370057740599463,0.012614256907823333
400,87500000.0,-0.09085430523873417,0.011010382288522136,-0.09099695313218638,0.009852573737494172,0.012745311899337707
400,87800000.0,-0.08747028240463328,0.027968237674932173,-0.08783260603981188,0.026842415985154973,0.012877330588614302
400,88100000.0,-0.08093924200342562,0.04404369375828887,-0.08151421558301578,0.04299156836879713,0.013010285613583722
400,88400000.0,-0.07147298303389382,0.05865621755619199,-0.07224565172629857,0.05771798190348364,0.013144117480788694
400,88700000.0,-0.05938971958316963,0.07127361881205374,-0.06033752301210037,0.07048643346604953,0.013278822439406535
400,89000000.0,-0.045103411117222714,0.08143141649786134,-0.04619680557071373,0.08082796867964324,0.013414454465234569
400,89300000.0,-0.029109609959704075,0.0887499086007899,-0.03031295632762596,0.08835710750412533,0.013551042864515016
400,89600000.0,-0.011968296667502487,0.09294834020984077,-0.01324098343294589,0.09278618189002294,0.013688551421623748
400,89900000.0,0.005715724738033667,0.09385563142608078,0.004417940962327394,0.09393627327087166,0.013826939122346525
400,90200000.0,0.023314176003236042,0.09141723459424789,0.022037648565408914,0.0917443358067539,0.013966229486106457
400,90500000.0,0.040197621905577297,0.0856978575750682,0.03898917815998862,0.08626622504812115,0.014106484320917998
400,90800000.0,0.05575796951371276,0.076879951580058,0.05466322688626334,0.07767549637392226,0.014247721519046536
400,91100000.0,0.06943036886012594,0.06525798417571638,0.06849204818066126,0.06625798805926593,0.014389898237693514
400,91400000.0,0.08071372315559067,0.05122865023393963,0.07997000947406166,0.05240235479089445,0.01453298155882861
400,91700000.0,0.08918904062841787,0.03527734611247979,0.08867206552218673,0.03658686346747899,0.014676999336809432
400,92000000.0,0.0945349564397368,0.017961390299424007,0.09426947294284763,0.019362898932256067,0.014821997330522809
400,92300000.0,0.09653987313116602,-0.00010942878518882537,0.09654216584054821,0.0013357479552830892,0.014967970104479462
400,92600000.0,0.09511026485963209,-0.018294321511473033,0.09538732809071304,-0.016856669109751872,0.015114870372771415
400,92900000.0,0.09027480022267287,-0.035944230284430834,0.0908238309276595,-0.03456637177282866,0.01526268243175544
400,93200000.0,0.08218410352572814,-0.05242499910026188,0.08299235027747448,-0.05115839918978833,0.015411449876127296
400,93500000.0,0.07110615632380468,-0.06714014581581473,0.07215113165851512,-0.06603357422658399,0.015561217545667439
400,93800000.0,0.05741748365831961,-0.07955244000307315,0.05866752599280116,-0.07865013574877722,0.01571197482684305
400,94100000.0,0.04159039317551638,-0.08920351526334258,0.04300557177422073,-0.08854345832774557,0.01586368263709789
400,94400000.0,0.024176688075960573,-0.0957307817998756,0.025710042254511428,-0.09534314197967338,0.016016340377803386
400,94700000.0,0.005788432550451306,-0.09888100469965533,0.007387505449482647,-0.09878684406190169,0.016169991582493055
400,95000000.0,-0.01292354815259511,-0.09852005745173065,-0.011314944878474792,-0.09873033800325227,0.016324661244916848
400,95300000.0,-0.031292694017851896,-0.09463848999119939,-0.029732541610759194,-0.09515341525524479,0.016480319958594464
400,95600000.0,-0.048660462128246124,-0.08735266952597254,-0.04720647302629451,-0.08816139312359687,0.016636928644660418
400,95900000.0,-0.0643999435459828,-0.07690141004254158,-0.06310744804808317,-0.07798214682737678,0.01679449702112673
400,96200000.0,-0.07793848264069589,-0.06363819591519748,-0.07685835510363559,-0.06495874372055455,0.016953070150149966
400,96500000.0,-0.0887784946094479,-0.04801926689316849,-0.08795519885885851,-0.04953791540726386,0.017112665554783905
400,96800000.0,-0.09651574150346051,-0.030587954323238353,-0.0959855555860548,-0.03225475382655967,0.01727325512527638
400,97100000.0,-0.10085438689044912,-0.011955788470267237,-0.10064387194952637,-0.013714154845525078,0.017434816606016035
400,97400000.0,-0.101618252183103,0.0072189584819004615,-0.10174304069880409,0.005430347520362167,0.017597375305537146
400,97700000.0,-0.09875785510431437,0.026254523489840143,-0.09922181640974392,0.02449961583491153,0.017760973107738103
400,98000000.0,-0.09235297029224074,0.04446988261939744,-0.09314778049491576,0.04281300108168661,0.017925611535398223
400,98300000.0,-0.0826105875000174,0.06120911710681698,-0.0837157220876808,0.059712636981589504,0.01809125365232055
400,98600000.0,-0.06985829306879962,0.07586504022713836,-0.0712414645240447,0.07458706966893201,0.018257880941178264
400,98900000.0,-0.05453328562120566,0.08790121548764418,-0.05615133019843052,0.08689337407312292,0.018425520626022995
400,99200000.0,-0.03716741112891271,0.09687156878696968,-0.03896759371677252,0.09617695729481666,0.018594205031130972
400,99500000.0,-0.01836872900395376,0.10243689597400252,-0.02029041885193094,0.10208832711549519,0.01876392601582362
400,99800000.0,0.0011997700964068506,0.10437765708164903,-0.0007769035415516247,0.10439620792605267,0.018934652784002186
400,100100000.0,0.02084355243791557,0.10260255869800261,0.018882035652091907,0.10299651323357092,0.01910638500433993
400,100400000.0,0.03986119324626804,0.09715258829723261,0.037986126542502385,0.09791682910146897,0.0192791609482466
400,100700000.0,0.05756941332289909,0.08820034580736236,0.055850685640137405,0.08931622130960529,0.01945300849011297
400,101000000.0,0.07332762316200861,0.07604467340935717,0.07183115525942282,0.07748034509646895,0.019627911780562998
400,101300000.0,0.08656109957241209,0.06110073107008329,0.08534635413124762,0.06281200416725058,0.01980384169229967
400,101600000.0,0.09678194118353192,0.04388583796749668,0.0958996030018711,0.04581746922384889,0.019980803067492277
400,101900000.0,0.10360703068113335,0.025001576115758706,0.10309695769477936,0.027089019716982205,0.02015882867830934
400,102200000.0,0.10677235683753325,0.0051127838214855,0.10666188097964413,0.00728431028587513,0.020337931086060662
400,102500000.0,0.10614317183860832,-0.015075840869350987,0.10644580795824843,-0.012896719584514648,0.02051808590114234
400,102800000.0,0.10171958281274233,-0.034844713960593854,0.10243420327028863,-0.03273658210526368,0.020699271492219926
400,103100000.0,0.09363733898615906,-0.05348501983684262,0.0947478672226512,-0.05152574973833822,0.020881505576954673
400,103400000.0,0.08216376910508758,-0.07032411966625896,0.08363941636074873,-0.0685880288688587,0.021064824467935107
400,103700000.0,0.06768899876316778,-0.08474981313484964,0.06948503605991765,-0.08330489123175329,0.02124923651142815
400,104000000.0,0.05071272505604249,-0.09623259162021602,0.05277177228384184,-0.0951378877086393,0.021434718346704656
400,104300000.0,0.03182698220548347,-0.10434506628500406,0.034080790654416084,-0.10364833257907538,0.021621257463971495
400,104600000.0,0.011695498789578707,-0.10877784513048949,0.01406717759407557,-0.10851353917903035,0.021808876019699552
400,104900000.0,-0.008969620232365721,-0.10935127619871299,-0.006563014790454406,-0.10953900703497198,0.021997600820464706
400,105200000.0,-0.029433072972635754,-0.10602262686312036,-0.027077675867570768,-0.10666610179358113,0.022187425538816186
400,105500000.0,-0.04896252559685424,-0.09888841115520908,-0.04674461709094873,-0.09997492772832521,0.022378322088294638
400,105800000.0,-0.0668548283144686,-0.08818173891353398,-0.0648577040810991,-0.08968226270440487,0.02257028425155318
400,106100000.0,-0.0824613292119816,-0.07426475551957346,-0.08076220753064105,-0.07613460120454628,0.022763338993633576
400,106400000.0,-0.09521137608310754,-0.057616429656531576,-0.09387846290256524,-0.059796526106017024,0.02295751001792751
400,106700000.0,-0.1046331695287454,-0.03881609917473128,-0.10372298417230746,-0.04123479808776819,0.023152788787007716
400,107000000.0,-0.11037120632566433,-0.018523325163171123,-0.10992626301713948,-0.02109870678121188,0.023349155225739077
400,107300000.0,-0.11219965493410095,0.002545247128197925,-0.11224659897243218,-9.736443369361365e-05,0.02354661541573988
400,107600000.0,-0.11003115909788469,0.023641195234945567,-0.11057944422886946,0.021025264061505112,0.02374519906981695
400,107900000.0,-0.10392074237173199,0.04401089782981771,-0.10496190413094163,0.041516715576881906,0.02394492068703706
400,108200000.0,-0.09406464988899843,0.06292245402410046,-0.09557220553346821,0.06064283402817034,0.02414576254021188
400,108500000.0,-0.08079412689792353,0.07969198672900468,-0.08272412393668982,0.07771407162781784,0.024347704459567118
400,108800000.0,-0.06456432264376638,0.09370837222456307,-0.06685654040121908,0.09211034392707844,0.024550755791990952
400,109100000.0,-0.04593870171715936,0.10445549551617406,-0.04851847420915112,0.10330354291150741,0.02475494299532772
400,109400000.0,-0.025569502835222746,0.11153123272774668,-0.028350100802016203,0.1108768911414332,0.024960273133862645
400,109700000.0,-0.004174911424862815,0.11466247055800016,-0.007060410778309539,0.11454042829274623,0.02516672838765354
400,110000000.0,0.01748626346462734,0.11371559275252308,0.014597710651533617,0.1141420557415146,0.025374299114690673
400,110300000.0,0.03864150552438239,0.10870202442437016,0.0358541079205608,0.10967372038850676,0.02558300510360682
400,110600000.0,0.05853213701203441,0.09977861776571473,0.055948741581937377,0.10127249029056945,0.025792872959587244
400,110900000.0,0.07644052037300408,0.08724284673649452,0.07415886315268136,0.08921645581352956,0.02600390339737785
400,111200000.0,0.09171595061773274,0.07152294616738031,0.08982500673546508,0.07391557452200488,0.02621607639255382
400,111500000.0,0.10379829745510949,0.05316330954054571,0.10237486283077384,0.05589775929670436,0.026429385479402035
400,111800000.0,0.11223852753780861,0.03280564834483668,0.11134417035370493,0.03579068072101209,0.02664384983513165
400,112100000.0,0.11671536069553057,0.011166575481002194,0.11639386472905786,0.014299910420231137,0.026859487294037695
400,112400000.0,0.11704745441804776,-0.010987609177232294,0.11732284958118926,-0.007815833880982564,0.02707629000136992
400,112700000.0,0.11320065217253916,-0.03286805543913962,0.11407591247524243,-0.02977147320350008,0.027294239497389267
400,113000000.0,0.10528999761975155,-0.05369145752760618,0.10674647606070423,-0.05078343652408119,0.02751333848638669
400,113300000.0,0.09357641695037466,-0.0727080945991827,0.09557405880309679,-0.07009762503417198,0.027733611845437114
400,113600000.0,0.07845817143498635,-0.08922881499074808,0.08093650779242459,-0.08701647346909859,0.027955075766866722
400,113900000.0,0.06045735710537703,-0.10265000488598064,0.06333725318549835,-0.10092413748354163,0.02817772079704666
400,114200000.0,0.040201896168245876,-0.11247563700202523,0.043388012979940445,-0.1113088978425761,0.028401532915494788
400,114500000.0,0.018403639756562007,-0.11833558284890122,0.021787541585393734,-0.11778196680512429,0.028626519932085585
400,114800000.0,-0.004166643595295727,-0.11999951179838542,-0.0007028399129484899,-0.1200920062891935,0.028852703657953584
400,115100000.0,-0.02670651316084438,-0.1173858673147592,-0.0232860750807379,-0.11813481694096502,0.02908009037005191
400,115400000.0,-0.04841038280238019,-0.11056557562096625,-0.0451576194985033,-0.11195782687043059,0.02930866432724698
400,115700000.0,-0.06849831853457578,-0.0997603152818014,-0.06553410309573876,-0.1017591926062863,0.029538414171507987
400,116000000.0,-0.08624406704397969,-0.08533537683465253,-0.08368138634932122,-0.08788151626691662,0.029769352978469093
400,116300000.0,-0.10100130324154688,-0.06778734978360346,-0.0989410055791372,-0.07080037523997562,0.030001502810894545
400,116600000.0,-0.11222715795826044,-0.04772705590182191,-0.11075405489398793,-0.05110804694206224,0.03023486752281156
400,116900000.0,-0.11950217556253329,-0.02585830543977119,-0.11868163895797511,-0.0294929848039543,0.030469434094913126
400,117200000.0,-0.12254595991888839,-0.0029532081733378845,-0.12242114874295679,-0.006715756227080029,0.030705199322387747
400,117500000.0,-0.12122791940707367,0.02017508693294312,-0.1218177577503492,0.016417716738858994,0.030942180999819064
400,117800000.0,-0.11557270874214198,0.042701254029013036,-0.11687070377246737,0.03908467261095809,0.03118039682613016
400,118100000.0,-0.1057601530028347,0.06381723739982581,-0.10773410524455751,0.0604747726726889,0.03141984268847246
400,118400000.0,-0.09211962118613437,0.08276124058288392,-0.0947122551226901,0.07981906942365351,0.0316605026801921
400,118700000.0,-0.07511901336832572,0.09884521158507198,-0.07824953213179511,0.09641764573358377,0.03190237572841514
400,119000000.0,-0.05534873333826407,0.11147982388389854,-0.058915262141363195,0.10966493135992693,0.03214547957009246
400,119300000.0,-0.03350120367871878,0.12019605116325094,-0.03738404443032616,0.11907178138941539,0.032389827307511485
400,119600000.0,-0.010346629403478635,0.12466255553267525,-0.014412222138730798,0.12428351215764032,0.03263541228202575
400,119900000.0,0.013294151093392603,0.12469824205587399,0.009188682694672509,0.1250932304870684,0.03288222366983498
400,120200000.0,0.03657876809834404,0.12027949616103317,0.032580636602306555,0.12144995679795365,0.033130268705514936
400,120500000.0,0.05867333454501944,0.11154182030642446,0.05492885200810847,0.11346122602515851,0.033379567961679645
400,120800000.0,0.07878230426478305,0.09877579264277259,0.07543157776076394,0.10139004585830462,0.03363013064894927
400,121100000.0,0.09617711506196458,0.08241746237483438,0.09334885978149321,0.08564629268585298,0.03388194646878619
400,121400000.0,0.11022258504874949,0.06303348757791793,0.10802924020400766,0.0667728246154872,0.03413500559080893
400,121700000.0,0.12040009654977357,0.041301520534896774,0.11893343186068502,0.04542678094491459,0.03438931653385122
400,122000000.0,0.1263267208395038,0.017986528141539004,0.12565410818241327,0.022356711636394026,0.03464489589790555
400,122300000.0,0.12776958824872575,-0.006086124138716453,0.12793108301395387,-0.0016236675957857086,0.03490174633911859
400,122600000.0,0.12465496755538075,-0.030059886832465743,0.12566131585305793,-0.025664174584000856,0.035159856237305276
400,122900000.0,0.11707169441671739,-0.05307750798551458,0.11890335997860246,-0.0489083022436387,0.03541922151289546
400,123200000.0,0.1052687950390554,-0.0743116884059507,0.10787606744308328,-0.07052373374452377,0.035679856848803676
400,123500000.0,0.0896473698386353,-0.09299481090911188,0.09295156901919448,-0.08973214414556537,0.03594177966458042
400,123800000.0,0.07074700324162908,-0.1084466833440687,0.07464275165454981,-0.10583722148424743,0.036204990721388754
400,124100000.0,0.049227151045193374,-0.12009929749408155,0.05358565350077219,-0.11824989867683493,0.036469479680467994
400,124400000.0,0.02584414146715175,-0.12751769573366323,0.030517380054213665,-0.12650988225064244,0.03673524632437885
400,124700000.0,0.001424598226094309,-0.13041617404384853,0.006250307753921297,-0.13030269169063283,0.0370023054166452
400,125000000.0,-0.023163775033625766,-0.12866922515363033,-0.0183565223870991,-0.1294715796351952,0.03727066836691357
400,125300000.0,-0.047043022527668565,-0.12231681052971677,-0.04242781388272947,-0.12402388285000097,0.0375403296686242
400,125600000.0,-0.06935628747080869,-0.11156373907159534,-0.06510315017522988,-0.11413155053768785,0.03781127866147768
400,125900000.0,-0.08929856185419505,-0.09677313919708874,-0.08556774881244894,-0.10012580316282785,0.03808351912202692
400,126200000.0,-0.10614572436366654,-0.07845423402882234,-0.10308173517819805,-0.08248608425412814,0.038357067786698236
400,126500000.0,-0.11928082326178457,-0.0572448369496219,-0.1170068841432477,-0.06182367212686835,0.03863193453837079
400,126800000.0,-0.12821665798833126,-0.03388916469866787,-0.1268298633688538,-0.03886051082234163,0.038908113849832546
400,127100000.0,-0.13261383038062147,-0.009211731630275999,-0.13218113226456207,-0.014403992859833032,0.03918559948404119
400,127400000.0,-0.1322935899307638,0.015911756956304313,-0.13284880164691512,0.010681425638806363,0.03946439973574116
400,127700000.0,-0.12724499052142546,0.04058547742221519,-0.12878693571689984,0.035504779666114275,0.0397445301359404
400,128000000.0,-0.11762608311747558,0.06392542551185221,-0.12011797388570741,0.05918023994551369,0.04002599464312783
400,128300000.0,-0.10375907194806389,0.08509108843077762,-0.10712915832526743,0.08085872351825701,0.04030878358530568
400,128600000.0,-0.08611957061342879,0.10331571590778088,-0.09026306651983909,0.09975834230339554,0.04059289131499738
400,128900000.0,-0.06532031454622667,0.11793409220518658,-0.07010255895058497,0.11519259781604135,0.040878327449845674
400,129200000.0,-0.04208989430323995,0.12840680284139383,-0.04735065281479966,0.1265953055587798,0.04116510565272588
400,129500000.0,-0.017247248158023476,0.13434011875574425,-0.02280601614886707,0.13354134456992667,0.04145322736670989
400,129800000.0,0.00832720083327354,0.13550076708393188,0.0026650637431025375,0.13576247239250916,0.04174268486549284
400,130100000.0,0.03372274812566345,0.13182502842728017,0.028159253862084392,0.1331576183014142,0.042033478538611696
400,130400000.0,0.058030838503938975,0.12342180605819086,0.05276821211926112,0.12579726195963598,0.042325622155610525
400,130700000.0,0.08037756692116571,0.11056953596912544,0.07561095080374329,0.11392171392902208,0.04261912803303207
400,131000000.0,0.09995509350819276,0.09370702258427732,0.09586537383659943,0.09793333123327107,0.04291399417837488
400,131300000.0,0.11605084708195434,0.07341849303251813,0.11279785891072819,0.07838291775555135,0.04321021220854149
400,131600000.0,0.12807345541004267,0.050413373726907906,0.1257898201999965,0.055950767915632936,0.04350778387974011
400,131900000.0,0.1355744545761448,0.025501494296038985,0.1343602901914668,0.031423005325341834,0.04380672184523094
400,132200000.0,0.13826498641014284,-0.0004354102681309868,0.13818369685356283,0.005664038995813499,0.044107034136751856
400,132500000.0,0.13602686815643805,-0.026474901740302315,0.13710218004385297,-0.020413898037237536,0.0444087162232693
400,132800000.0,0.12891760736604763,-0.05168664614885321,0.13113198293221268,-0.045883054303767455,0.044711762511780925
400,133100000.0,0.11716914909067144,-0.07516565544164555,0.12046366352751892,-0.06983316565763298,0.04501617994580147
400,133400000.0,0.1011803755216234,-0.09606476996992397,0.10545609075467512,-0.09140398698840621,0.04532198335960565
400,133700000.0,0.08150360377543109,-0.11362521959800809,0.08662441114736691,-0.1098161872792001,0.04562917943238696
400,134000000.0,0.058825534188577056,-0.12720416719867034,0.06462238819860852,-0.12439949855745461,0.04593776292765596
400,134300000.0,0.03394329911813232,-0.13629823220560677,0.04021971900984344,-0.13461710227683688,0.046247730110016066
400,134600000.0,0.007736449302942816,-0.1405621275340887,0.014275114807211498,-0.14008536635503765,0.046559088938200925
400,134900000.0,-0.01886413170472423,-0.13982172249304536,-0.012293913436594554,-0.14058820800861804,0.04687185094756494
400,135200000.0,-0.044909288041201645,-0.13408104531711063,-0.03854350126815839,-0.13608554603581072,0.04718601747203182
400,135500000.0,-0.06946545931136194,-0.1235229460574736,-0.06353696152676747,-0.12671551469006143,0.047501581159903404
400,135800000.0,-0.09164814646988617,-0.10850336075824973,-0.08637820844516853,-0.11279033240711421,0.04781854057276355
400,136100000.0,-0.11065376965096796,-0.0895393535747111,-0.10624388241385715,-0.09478594455906043,0.04813690632758731
400,136400000.0,-0.12578877034614155,-0.06729134337350029,-0.1224130238184393,-0.07332578206676466,0.048456689862808495
400,136700000.0,-0.1364949105647968,-0.04254012538995111,-0.13429322671148655,-0.049159189144883916,0.04877789178206063
400,137000000.0,-0.14236984758698368,-0.016159480543973537,-0.1414423239529231,-0.023135266084168965,0.04910050676828559
400,137300000.0,-0.14318222058321295,0.0109146685788728,-0.14358481070100512,0.003826960164950673,0.04942453708634631
400,137600000.0,-0.13888068281049293,0.03771746064057124,-0.14062239736851,0.030770989824409317,0.04974999416874659
400,137900000.0,-0.1295965349616286,0.06328947745517954,-0.13263828992658067,0.05673678253321676,0.05007688594403767
400,138200000.0,-0.11563983937470512,0.08671108536880379,-0.11989501745966265,0.08079496424765086,0.05040520903164124
400,138500000.0,-0.09748911961405193,0.10713550969533303,-0.10282585629090907,0.10208008998904058,0.050734957494980845
400,138800000.0,-0.07577498240212321,0.1238194474973382,-0.08202012865174768,0.11982177200705986,0.05106613519073737
400,139100000.0,-0.05125822624770171,0.13615010859722232,-0.058202873597430045,0.1333725539042001,0.05139875367870992
400,139400000.0,-0.024803199810710996,0.14366770598164025,-0.03220959079102341,0.14223152249801163,0.051732819345037324
400,139700000.0,0.00265266180837731,0.14608257473886987,-0.004956936576214244,0.14606279688559134,0.05206832914457445
400,140000000.0,0.0301320536641958,0.14328627914405168,0.022589600051003477,0.14470821320563143,0.05240528097748157
400,140300000.0,0.05665258991512756,0.1353562795052392,0.04944990180105268,0.1381937277122218,0.05274368277437549
400,140600000.0,0.08126192222435114,0.1225539670604423,0.07466409603510805,0.1267292828040552,0.05308354643974865
400,140900000.0,0.10307193538358428,0.10531611314570632,0.09732685550390048,0.11070211274525593,0.053424875598775325
400,141200000.0,0.12129079735759207,0.08424000704145818,0.11661990119100231,0.09066369972952537,0.0537676652688387
400,141500000.0,0.1352517047824393,0.06006278165146561,0.13184154046914545,0.06731081833706418,0.05411191367767155
400,141800000.0,0.14443727530459372,0.033635643798880954,0.14243217455782017,0.04146131917082115,0.0544576286627584
400,142100000.0,0.14849869650998704,0.005893914839582237,0.14799484851313105,0.014025492880267611,0.05480481954249537
400,142400000.0,0.14726892881142195,-0.022176065545358226,0.14831008987995548,-0.014025983002878726,0.055153487142069094
400,142700000.0,0.14076946307478044,-0.04957200676860074,0.14334448266422203,-0.04169638585891917,0.05550362704981246
400,143000000.0,0.12921035787314894,-0.07531145862585897,0.13325264439985815,-0.06799836344441962,0.05585524111010007
400,143300000.0,0.1129835265110879,-0.09846704302194587,0.11837250798666679,-0.09198916464703469,0.05620833988179419
400,143600000.0,0.09264949064135619,-0.11819986268900995,0.09921404836871744,-0.11280442844487089,0.05656293229127881
400,143900000.0,0.0689180470016506,-0.13378988880667864,0.07644182851961938,-0.12968932013148127,0.05691901781411715
400,144200000.0,0.042623507838654096,-0.14466222773350235,0.05085196121990836,-0.14202589341002286,0.057276592396410586
400,144500000.0,0.014695376907260194,-0.15040830382241932,0.023344284778708504,-0.14935568688324938,0.057635658945764404
400,144800000.0,-0.01387450368768084,-0.15080117697093476,-0.0051092751147003524,-0.15139672930252573,0.05799622674618694
400,145100000.0,-0.04206717310037833,-0.14580442659655457,-0.03349904514842173,-0.14805432392024212,0.05835830103338278
400,145400000.0,-0.06887289195082635,-0.13557425876673768,-0.06081343251601082,-0.13942520154808932,0.05872187873277675
400,145700000.0,-0.09332730934003974,-0.12045472773011956,-0.08607497006152005,-0.12579486673117685,0.05908695684708463
400,146000000.0,-0.11454615684879421,-0.1009662112515799,-0.10837529408673476,-0.10762820349078493,0.059453541099488486
400,146300000.0,-0.13175721856260703,-0.07778752817438761,-0.1269078032280436,-0.08555364775997962,0.05982164208161568
400,146600000.0,-0.14432842537368762,-0.05173231474482787,-0.14099682435582492,-0.060341464343169775,0.06019126479293792
400,146900000.0,-0.15179105508052526,-0.02372047743738115,-0.15012223119466142,-0.032876878700284565,0.060562406968331074
400,147200000.0,-0.15385718383858382,0.005254280117167109,-0.1539386192088512,-0.004129000432602576,0.060935068208122584
400,147500000.0,-0.1504307364842674,0.03415970693491577,-0.15228833076826903,0.024883370732482226,0.06130925590677692
400,147800000.0,-0.14161171639197212,0.0619617771138663,-0.14520784104207946,0.05312785002164084,0.061684979004287356
400,148100000.0,-0.12769343904398678,0.0876616776621073,-0.1329272498457015,0.07959520424901392,0.062062239095730776
400,148400000.0,-0.10915283677559362,0.11033169275748955,-0.11586286948777119,0.10333541275930315,0.062441032261540096
400,148700000.0,-0.08663414862797802,0.1291486931002752,-0.0946031448345686,0.12349176422219216,0.06282135893160788
400,149000000.0,-0.060926553634203184,0.14342401711705288,-0.06988838055203989,0.13933176564039176,0.06320322733457515
400,149300000.0,-0.032936527774602986,0.1526286609311458,-0.04258497325228308,0.1502737486630513,0.0635866457077526
400,149600000.0,-0.003655891231469699,0.1564128606123658,-0.013655045050158045,0.15590820723246512,0.06397161511536519
400,149900000.0,0.02587333255591373,0.15461934177818426,0.01587745736207499,0.1560130845834089,0.06435813344650544
400,150200000.0,0.0545960005900743,0.1472897316366346,0.0449630036930375,0.150562440237588,0.0647462042270145
400,150500000.0,0.0814815526423942,0.13466387620315556,0.07256377841325033,0.13972816141996794,0.06513583678685318
400,150800000.0,0.10556098511211776,0.11717206264180047,0.0976907109841944,0.12387463001341568,0.06552703743803492
400,151100000.0,0.12596177439489686,0.09542039640032152,0.1194389167024184,0.1035465070139422,0.06591980475249754
400,151400000.0,0.1419394917141803,0.07016982413181161,0.1370202783095725,0.07945004251862889,0.06631413584224825
400,151700000.0,0.1529049596578318,0.04230952658897302,0.14979199541901916,0.05242855177452057,0.06671003432237674
400,152000000.0,0.15844595885961255,0.012825615504143961,0.15728006792906699,0.02343290839150859,0.06710750832997978
400,152300000.0,0.15834268977483124,-0.017233762444264444,0.1591968561364589,-0.006511913123449752,0.06750656204509926
400,152600000.0,0.152576412438163,-0.04679568381156196,0.1554520680815554,-0.03634306839496883,0.06790719363431336
400,152900000.0,0.14133092345793052,-0.07480074626589317,0.14615675645873652,-0.06499756710616811,0.06830940264129923
400,153200000.0,0.12498678639020033,-0.1002410354988621,0.13162015503732633,-0.09145015087688957,0.06871319566510453
400,153500000.0,0.10410849652236864,-0.12219639822182382,0.11233943918923847,-0.11474997538749435,0.06911858172348367
400,153800000.0,0.07942501379326794,-0.13986771927839636,0.08898274775327847,-0.13405478437757465,0.06952556412846757
400,154100000.0,0.05180433096303583,-0.152606002303048,0.06236604506284964,-0.14866134743452863,0.06993414072337084
400,154400000.0,0.02222296062535767,-0.15993619297732253,0.03342462386266738,-0.15803106189983826,0.07034431186142956
400,154700000.0,-0.008268584055671546,-0.16157486773408436,0.0031802440487406925,-0.1618097873529067,0.0707560841000791
400,155000000.0,-0.038583091666222646,-0.15744113259259174,-0.027294938350978012,-0.1598411831406432,0.07116946435389529
400,155300000.0,-0.06763541569866316,-0.14766031828165493,-0.05691637860380231,-0.15217304823169442,0.07158445361950519
400,155600000.0,-0.09438131993543841,-0.1325603086650693,-0.0846257397707986,-0.13905641022975293,0.07200104975021188
400,155900000.0,-0.11785501372205331,-0.11266060110328069,-0.1094287047165744,-0.12093736792309882,0.07241925530439337
400,156200000.0,-0.13720402427157552,-0.08865446332209814,-0.1304306527287389,-0.09844195012988023,0.07283907875807276
400,156500000.0,-0.15172014821629176,-0.061384802220923795,-0.14686892076592234,-0.07235450360763314,0.07326052729928785
400,156800000.0,-0.16086536266838536,-0.031814582804503555,-0.15814048619185578,-0.043590355481720786,0.07368360192439648
400,157100000.0,-0.1642917474558221,-0.0009928310296014597,-0.163824066619035,-0.013163702644669399,0.07410830171413481
400,157400000.0,-0.16185467777720275,0.029982579060312542,-0.16369582767673832,0.01784814559468985,0.07453463057517494
400,157700000.0,-0.15361878872408452,0.060004030236954,-0.15773811431224197,0.04834291100374949,0.07496259622431431
400,158000000.0,-0.13985647360057651,0.08799376625138489,-0.14614086772634666,0.07723252556129309,0.07539220304533438
400,158300000.0,-0.12103894081292177,0.11294258291031367,-0.12929564952608566,0.10348195366067561,0.07582344961226137
400,158600000.0,-0.09782011670144142,0.13394621750702906,-0.10778245794345774,0.12614627222798463,0.07625633470973438
400,158900000.0,-0.07101394215625767,0.15023812083790666,-0.08234977864399927,0.14440468044461705,0.0766908630376467
400,159200000.0,-0.04156585401250679,0.1612174232347825,-0.05388855552179179,0.15759021518676256,0.0771270423096349
400,159500000.0,-0.010519451118972345,0.1664710781212097,-0.023400986229992732,0.16521409675399026,0.07756487633791342
400,159800000.0,0.021020483327419903,0.16578936910345593,0.008034764883861309,0.16698381682696695,0.0780043643868624
400,160100000.0,0.05192729478589042,0.1591741963800385,0.0393026941011111,0.16281430033456296,0.07844550744591884
400,160400000.0,0.08109270384538636,0.1468398160668224,0.06928857764415922,0.15283171730833825,0.07888831181982886
400,160700000.0,0.10746654658119503,0.12920597990104765,0.09691967645179012,0.13736978123409987,0.07933278452420764
400,161000000.0,0.13009458662634543,0.10688369389615776,0.12120311156859524,0.11695863764811151,0.07977892730122725
400,161300000.0,0.14815303984594497,0.08065407484421944,0.14126153739300634,0.0923067112646375,0.0802267382020602
400,161600000.0,0.16097856006165,0.0514410328336814,0.15636483122581077,0.06427613231752255,0.08067621832796024
400,161900000.0,0.16809259190190362,0.020278736784471757,0.1659566547929576,0.033852594005243236,0.08112737390054398
400,162200000.0,0.1692191992588703,-0.011724988941695214,0.16967492196041192,0.0021106946219998,0.08158021091245757
400,162500000.0,0.16429570892101353,-0.04342804338425177,0.16736542050086223,-0.02982401716511201,0.08203473060025855
400,162800000.0,0.1534757592118816,-0.07369480655623993,0.1590880770237957,-0.06081495338756664,0.08249093255255892
400,163100000.0,0.13712461258252784,-0.10143681982702137,0.14511561454056385,-0.08975493898761695,0.082948820634721
400,163400000.0,0.11580687204087203,-0.12565192882094725,0.1259246223906288,-0.11560576544255362,0.08340840274901754
400,163700000.0,0.09026701581123753,-0.14546048231127234,0.10217932880325283,-0.13743543279246526,0.08386968462670392
400,164000000.0,0.06140341930376225,-0.1601372828767843,0.07470862756381468,-0.15445174425998068,0.08433266674777201
400,164300000.0,0.030236766862119513,-0.16913812836919365,0.044477152747254306,-0.1660310427568586,0.08479734872227428
400,164600000.0,-0.002126036147527266,-0.1721199698892999,0.012551410556972533,-0.17174104730263315,0.08526373445838359
400,164900000.0,-0.034531172035224156,-0.16895394045321033,-0.01993784280369564,-0.17135695387751834,0.08573183057068712
400,165200000.0,-0.06581904441686515,-0.15973076419273105,-0.05183565014194701,-0.16487020227017882,0.08620164062939041
400,165500000.0,-0.09486577356458081,-0.14475832402914005,-0.08200391073304486,-0.15248956971958855,0.08667316411392605
400,165800000.0,-0.1206235690071975,-0.124551442463226,-0.10936198667744025,-0.13463452442594911,0.08714640170930277
400,166100000.0,-0.14215852599866263,-0.09981421182885314,-0.13292540938275435,-0.111921047657061,0.0876213590397417
400,166400000.0,-0.15868448168277904,-0.07141548226209896,-0.15184129985791392,-0.08514040238690466,0.08809804333495357
400,166700000.0,-0.16959170669250456,-0.040358360959509815,-0.16541922861815408,-0.05523157954980986,0.08857645789475828
400,167000000.0,-0.17446938661963207,-0.007744790022683468,-0.173156398942174,-0.023248380991952394,0.08905660240944964
400,167300000.0,-0.17312106229477653,0.025263548064340557,-0.17475623553006428,0.00967770716824251,0.08953847833221208
400,167600000.0,-0.1655724481325076,0.05748660798009675,-0.17013969235728968,0.042377542857917755,0.09002209114594736
400,167900000.0,-0.1520713228175623,0.08776816670968102,-0.15944885056295452,0.07368584200389962,0.09050744618268614
400,168200000.0,-0.13307946882840316,0.11501731057493164,-0.1430426504755013,0.10248270404466703,0.09099454441926617
400,168500000.0,-0.10925691797331272,0.13824773748364355,-0.12148488168068865,0.1277336692270813,0.09148338471480204
400,168800000.0,-0.0814390368448703,0.15661345634162227,-0.09552483142209636,0.1485268749516881,0.09197396925180086
400,169100000.0,-0.0506072487446092,0.16943958929776798,-0.06607125472687096,0.16410597671026506,0.09246630432166582
400,169400000.0,-0.01785442003393367,0.1762471572899852,-0.03416057004082082,0.17389764536044452,0.09296039542837226
400,169700000.0,0.015653870249046964,0.17677094156795542,-0.0009203931855186487,0.17753264156244958,0.09345624406046948
400,170000000.0,0.048720807709888625,0.17096975471695997,0.032470307448187415,0.17485969357299733,0.09395385075110115
