taper_ns,frequency_Hz,fixed_real,fixed_imag,auto_real,auto_imag,pointwise_relative_difference
0,20000000.0,0.023689929985777958,0.010429452120273075,0.020286602205604132,0.010430862383997569,0.14919573357934365
0,20300000.0,0.004533238790953575,-0.012505564522282908,0.004320960557642639,-0.009108862790490058,0.3375725250102333
0,20600000.0,-0.01755545785616247,0.006539626782647634,-0.014178785923280035,0.0069647477672267755,0.21544120624873758
0,20900000.0,0.0023235302735769015,0.030759229597868032,0.002959814432704544,0.027415904782200684,0.12342002571108189
0,21200000.0,0.03017901540386514,0.012985751246567617,0.026882226600434544,0.01214080933024983,0.11538059417592408
0,21500000.0,0.016720595722365283,-0.015848540024372748,0.015670325833017085,-0.012611299019892552,0.16919660105385895
0,21800000.0,-0.010362245670239356,-0.004626504703627798,-0.0071973294757472495,-0.0033750520671547157,0.428128799294233
0,22100000.0,0.001591715403531424,0.0222246182520347,0.0030394111895779563,0.019144514424558334,0.17557318896626306
0,22400000.0,0.03141559779144304,0.010633281573483033,0.028432458939803784,0.008995053183514658,0.11412501672418435
0,22700000.0,0.023728630281897756,-0.02163194982079375,0.0219063317422723,-0.018757549304640464,0.11800967735577488
0,23000000.0,-0.007290891568489277,-0.018132008973956726,-0.004536573394583909,-0.01613283289672829,0.20308308417702445
0,23300000.0,-0.004495548888292511,0.010591844681172802,-0.002327385738323584,0.007968474339036469,0.409976576089169
0,23600000.0,0.025123362277479133,0.006924381961728204,0.022641287836189905,0.004595783296167472,0.14731370698939422
0,23900000.0,0.023584777879850582,-0.025680726808530396,0.021104926073144625,-0.023349745349729917,0.10813287059387154
0,24200000.0,-0.009325679584648361,-0.029041358325001543,-0.007154996351849352,-0.026420039370933734,0.12434014960402125
0,24500000.0,-0.015558026702339411,0.0008098897411206174,-0.012805591529539306,-0.001191928755436944,0.26463117723670215
0,24800000.0,0.012505717939361727,0.006289157210105978,0.010680655335878031,0.0034164693289514547,0.30350258172753214
0,25100000.0,0.017908573538947814,-0.02372093826071684,0.014926959924213667,-0.02207982774759641,0.12769811729468838
0,25400000.0,-0.013965100020836951,-0.03298164159172634,-0.012514424336457441,-0.029902858397599985,0.10499268906196557
0,25700000.0,-0.027833344050117476,-0.003296089813359604,-0.024669543563128588,-0.00455059501924282,0.13567238052748315
0,26000000.0,-0.0019796301450476506,0.011371371575223388,-0.0030330150904974706,0.008135049750998657,0.39200813516556215
0,26300000.0,0.011199451468546617,-0.013989855662900147,0.007903380705941987,-0.013141735369432778,0.22193620195028108
0,26600000.0,-0.016438291800271676,-0.028625538929591743,-0.0157987771501662,-0.025282712550955377,0.11415978211920948
0,26900000.0,-0.03589236820409958,-0.0012539049657691592,-0.03251596640803833,-0.0016822791090107536,0.10453085973557177
0,27200000.0,-0.012753852312031855,0.021172636546716084,-0.012969381709227679,0.017775989906722023,0.154673072693214
0,27500000.0,0.008387491733518826,0.0013328871286811539,0.004984018345412622,0.0013347246680478764,0.6596334394276102
0,27800000.0,-0.012411040171764753,-0.018667884648636113,-0.012622885884628676,-0.015271014362631896,0.17178265557256947
0,28100000.0,-0.035541772699237084,0.0036032473236118356,-0.03216489249825061,0.004027936276564503,0.10499347465338223
0,28400000.0,-0.01609199526091254,0.031189186273143932,-0.015456122746070222,0.027845611354236022,0.10686839463154225
0,28700000.0,0.011932610469288375,0.01684137249107978,0.008635546805826975,0.01599681080640658,0.18722386972583677
0,29000000.0,-0.0007184757487934679,-0.008582524498740307,-0.0017683862391222327,-0.005344999325311517,0.6045377108661341
0,29300000.0,-0.02632273352487635,0.0058856312527677535,-0.023157518043054215,0.007136728948016868,0.14045326474622757
0,29600000.0,-0.012279021912933619,0.03565268278998701,-0.010831674404171321,0.03257224617825716,0.0991525520376963
0,29900000.0,0.020139378734112284,0.02655545965564019,0.01715586910925035,0.024917552459453762,0.11250468641402844
0,30200000.0,0.015487598454043905,-0.0036897497030086712,0.013665581070283483,-0.0008149580035153314,0.24861855998420562
0,30500000.0,-0.012107942748618927,0.0012602917787150059,-0.009353230450465877,0.003259216212601279,0.34362550900551425
0,30800000.0,-0.005622485409598255,0.030754353652957978,-0.0034545619843893705,0.028130581302235003,0.12008855097232005
0,31100000.0,0.027782801781907007,0.02714098094680352,0.025300299130879778,0.024812608285713397,0.09604543031582766
0,31400000.0,0.02999779067354158,-0.0061004779630292605,0.02751813077165055,-0.003769038600342181,0.12254075145391119
0,31700000.0,0.0007162727898097909,-0.010781216821507789,0.002887424801856664,-0.008160044145207879,0.39321357879256336
0,32000000.0,-0.002141699981031947,0.017056940466624537,0.0006106220636457049,0.015054659156567451,0.2258962562991736
0,32300000.0,0.028876293817652998,0.019882298177685054,0.027050767694634326,0.017009707634244753,0.10651399227167781
0,32600000.0,0.03669218752584136,-0.013303297172489285,0.03371065154614028,-0.011661704686712647,0.09541662264298065
0,32900000.0,0.006629817332636456,-0.026149921054842595,0.008080993535115377,-0.02307117542014092,0.13923283730695984
0,33200000.0,-0.006094780030142639,-0.0003767866103081552,-0.0029309693358952962,-0.0016317901425557668,1.014618214959571
0,33500000.0,0.0201469169371985,0.010171264826242254,0.01909305001775874,0.006934900959983781,0.1675551744539618
0,33800000.0,0.03291420130572509,-0.01934225091338468,0.029618072536002904,-0.01849365465772035,0.09747529935913839
0,34100000.0,0.004093087547383023,-0.03799949048713358,0.004733088692178589,-0.034656582288401516,0.09730667338157498
0,34400000.0,-0.017271497640624023,-0.014400657646564063,-0.013894970294275166,-0.014829523774511522,0.16748592911642138
0,34700000.0,0.0032570508996530023,0.004622162535261709,0.003041046482074705,0.0012253447317994715,1.0381396475089097
0,35000000.0,0.021148063689214458,-0.01809973721932895,0.017744393324064467,-0.018097451044427032,0.13429231808559855
0,35300000.0,-0.003415853587706019,-0.04032717523578344,-0.0036272621196817845,-0.036930094846894135,0.09172336064304205
0,35600000.0,-0.030680958526213553,-0.019555246677196658,-0.027303842341783513,-0.01913099745404301,0.10209216987638732
0,35900000.0,-0.015612321280733865,0.007303789836131003,-0.014976879853830005,0.0039599349839331,0.21971316178445155
0,36200000.0,0.00791283006432525,-0.0069420079269223445,0.004615447917468901,-0.007786169905055207,0.3760463379973984
0,36500000.0,-0.009183741368287146,-0.031399700975350886,-0.010233286237313122,-0.028161841438654356,0.11359550754608767
0,36800000.0,-0.03899649612174083,-0.01513179090024619,-0.03583093787337677,-0.013881043831229789,0.08857840818378858
0,37100000.0,-0.028780345668431184,0.01719607009502977,-0.027333343321912507,0.01411526487158321,0.11064324254208034
0,37400000.0,0.0003111079748278345,0.01135190955947023,-0.002672810145990148,0.009714324806969557,0.337829631528512
0,37700000.0,-0.007032559040640374,-0.01502786066003442,-0.00885429721416009,-0.012152633762741283,0.22637289554452722
0,38000000.0,-0.03655428505525138,-0.00573192502573594,-0.03379913405636681,-0.0037332418792934696,0.10009683717420872
0,38300000.0,-0.031150529609349276,0.028419124277005325,-0.028982830959271594,0.02579491027199854,0.08772683965156562
0,38600000.0,0.002048402972267896,0.029615191744823383,-0.00043456483500133036,0.027287030540214974,0.12472266050540438
0,38900000.0,0.004955382655065899,0.001188869517586108,0.0024758990451947405,0.00352080525494812,0.7908056927207059
0,39200000.0,-0.022723518961492273,0.0011584678741867194,-0.02055185938630899,0.0037795148061396944,0.16288950172996647
0,39500000.0,-0.023107367613711634,0.03329282035687564,-0.02035513407368219,0.03129004093479737,0.09118587137710948
0,39800000.0,0.011162871297768329,0.03989737094983731,0.009336849485427984,0.0370248526019793,0.08914156392745093
0,40100000.0,0.02290141449176919,0.009849704894961881,0.019919930282600085,0.01149181167455291,0.14800955586411024
0,40400000.0,-0.0026782431046241673,-0.0006168505649566391,-0.001226534113614619,0.0024618874934561052,1.237530769403701
0,40700000.0,-0.010503602477149987,0.026663688427645438,-0.007339747256656315,0.0254081581377672,0.12870512657251285
0,41000000.0,0.020869585949130326,0.037770461622340545,0.019815213503834445,0.03453402090660085,0.08549166115603982
0,41300000.0,0.03881265031699033,0.007847056199899692,0.03551642994930593,0.008696150575891938,0.09308831113686214
0,41600000.0,0.01504220226549391,-0.012180171343156077,0.01568271276569355,-0.008837145772211175,0.18908935129091017
0,41900000.0,-0.0015687019570228555,0.009108656347491806,0.0018079911052792386,0.008679277671607366,0.3839432274711733
0,42200000.0,0.023230001594377575,0.024938071503770587,0.023013507320423177,0.021541040227204378,0.10798554788606259
0,42500000.0,0.04473645032737317,-0.0017494474000640525,0.04133254241574469,-0.0017467020080850562,0.08228077419609062
0,42800000.0,0.02300426188610727,-0.0285736735222879,0.02279330065335783,-0.025176343662490774,0.10022744747162932
0,43100000.0,-0.00231390696562106,-0.01288468549519406,0.0010634869628428634,-0.012460885707388014,0.27217567959490907
0,43400000.0,0.013725787441519699,0.008566714665382724,0.014360792035276654,0.005222535059371425,0.22275681513992313
0,43700000.0,0.037184090922014246,-0.011216567722817521,0.03388634567224996,-0.01206032973616563,0.09463761002156872
0,44000000.0,0.01897534427884584,-0.041133511803205125,0.017926162282406954,-0.03789527567141415,0.08119877310203143
0,44300000.0,-0.012958374836688713,-0.03005567640184359,-0.009792432342163204,-0.028805276502694266,0.11188186124484624
0,44600000.0,-0.005815331584711831,-0.0024721767102862113,-0.004368669104162663,-0.005553393479714286,0.48174746460045514
0,44900000.0,0.019333888404351685,-0.01243622950552898,0.016349518094505022,-0.014073501233511657,0.15779330344425946
0,45200000.0,0.007308683421800133,-0.04214302068330017,0.00548721090621096,-0.03926731638766051,0.0858544994215184
0,45500000.0,-0.027465669258613046,-0.03525212968604596,-0.024710039521929295,-0.03325367188468498,0.08216433233357678
0,45800000.0,-0.0277068542723531,-0.00249678221337013,-0.025539362905205767,-0.005121476791819957,0.13068176452149577
0,46100000.0,-0.0003609409994856372,-0.0016233157029245104,-0.0028444124876708388,-0.003951285131024412,0.6991689232624317
0,46400000.0,-0.0033106084364002974,-0.029261246359383347,-0.005789938384758164,-0.026928776496942253,0.12358470749783618
0,46700000.0,-0.03663033949319683,-0.027402578610901562,-0.03445813618609739,-0.02478163170365888,0.08020193311075512
0,47000000.0,-0.04223226639912764,0.007659495150658335,-0.039480092970469116,0.00565618378003685,0.08535104379713868
0,47300000.0,-0.01257499557791801,0.01813718844517731,-0.014401544299639732,0.015264712177431639,0.162203977472481
0,47600000.0,-0.004675298495225411,-0.007207795780120652,-0.007656761985983529,-0.005565145321734882,0.35962270817918524
0,47900000.0,-0.033163524647715326,-0.01229397718507741,-0.031711254236369335,-0.00921521401432246,0.10308233981443193
0,48200000.0,-0.04284579307010744,0.0208540306970062,-0.03968185739496882,0.01959794646391444,0.07691684551600642
0,48500000.0,-0.012204705339202399,0.03810740365259402,-0.013259606721699804,0.034870847210828226,0.09124709379927531
0,48800000.0,0.006166691495468113,0.01440104316223352,0.0028703404446885905,0.01525065474906949,0.21935748832435115
0,49100000.0,-0.01600855201572049,0.0004464993886178492,-0.01536751467982067,0.0037896802946489894,0.21506867786702483
0,49400000.0,-0.029892480472627603,0.02743961550118712,-0.026515582194963416,0.02700970650051393,0.08993871112174955
0,49700000.0,-0.0013221965106506584,0.04839014343927206,-0.0015391960147735362,0.044992854976804164,0.07561692882180283
0,50000000.0,0.024873049663785896,0.02605449074553351,0.021468858659382195,0.026057704568680673,0.10082720195514396
0,50300000.0,0.008595245751058522,0.0026543192665557935,0.008384736367851753,0.00605194131573894,0.3291983711321365
0,50600000.0,-0.01068080596952603,0.020702373296560328,-0.007303093936357752,0.021125718661413773,0.15229388897212023
0,50900000.0,0.01177840156113194,0.04334321520493922,0.012412963478576039,0.03999866743389591,0.08128399967000356
0,51200000.0,0.04180275039408621,0.023524157023136344,0.038504594081071986,0.022680795867786485,0.0761786500493552
0,51500000.0,0.030075484181785628,-0.0076614512441191,0.02902665799237636,-0.004422791898515244,0.11594211812981403
0,51800000.0,0.004312948292332863,0.0009438108644519438,0.007479315770654527,0.0021938733036448443,0.43674667506913056
0,52100000.0,0.01709270841005328,0.024917536940460394,0.018539037708731776,0.02183586938418669,0.11884333717094064
0,52400000.0,0.04713028984417561,0.010320718175914234,0.04414542299351132,0.008683752340521128,0.07566501543887667
0,52700000.0,0.039060614664204296,-0.024883344496046345,0.03723939257783737,-0.022007115685317435,0.07870210010186904
0,53000000.0,0.007162039532919273,-0.02416752536527378,0.009918189408151035,-0.022169270246922057,0.14017175502804635
0,53300000.0,0.008602773365112726,0.0019415285157640128,0.010770078906603087,-0.0006836810416503969,0.3154493751329555
0,53600000.0,0.03635715758656122,-0.004073272194521804,0.03387314673222053,-0.006401067123466053,0.09875228359961889
0,53900000.0,0.03251009876909916,-0.03859394904468788,0.030030901574140234,-0.036260903600197514,0.07230668623828634
0,54200000.0,-0.002992218122741308,-0.043364182670200924,-0.000819430977986757,-0.040743305077001635,0.083540622599056
0,54500000.0,-0.01199640071735536,-0.014441667695526128,-0.009244252687939991,-0.01644554195788306,0.1804542843755117
0,54800000.0,0.013142213756954069,-0.00939266066728034,0.01131511235976601,-0.012265124689658014,0.20400657918410448
0,55100000.0,0.015551359152609745,-0.03925022642412962,0.012569889205941154,-0.03760700233537334,0.08585455832039743
0,55400000.0,-0.0192120885327014,-0.04775750404839085,-0.017759223130804358,-0.0446786815700031,0.0708087812912307
0,55700000.0,-0.03573576978389659,-0.016806712114069366,-0.03257171111450241,-0.018063377647048018,0.09140727825748925
0,56000000.0,-0.012266777385082916,-0.0004379991371730174,-0.01332222545844347,-0.0036747128188774347,0.24634696433803815
0,56300000.0,-0.0011501033974499197,-0.023668229046955924,-0.00444662053150624,-0.02281808382788819,0.14644169829534023
0,56600000.0,-0.03040373913995742,-0.03578324310592895,-0.029762153632480137,-0.03243987053414232,0.07732962169679117
0,56900000.0,-0.050931247312680505,-0.00563799286532074,-0.04755409930400678,-0.006068452552508985,0.07101564074328343
0,57200000.0,-0.028328144335665717,0.019675769483643468,-0.028545660227990655,0.016278175593751665,0.1036051187109364
0,57500000.0,-0.007207076618497399,0.0027723935119069454,-0.010611593939497732,0.0027760803883064566,0.3103847249264474
0,57800000.0,-0.027475494304712855,-0.01430448545545493,-0.02768554513981969,-0.01090653200344438,0.1144104283433455
0,58100000.0,-0.049500540757855815,0.010743050924428399,-0.04612246714398183,0.011165932867150286,0.07174065247266631
0,58400000.0,-0.028435749406789723,0.04081390663117812,-0.027801633432772033,0.037468941602534,0.07296993796563302
0,58700000.0,0.0016101383481750275,0.02859363300507478,-0.0016884761475851606,0.027750667616098013,0.12245964821663417
0,59000000.0,-0.008666662902250266,0.004909448382777071,-0.009715140022707791,0.008148572401722176,0.2685000883604767
0,59300000.0,-0.031583140284284106,0.02065218358759391,-0.028416306235077737,0.021901912723539807,0.09489305227760116
0,59600000.0,-0.014645819656574244,0.05113830432746447,-0.013199816760875505,0.04805613968731404,0.06831418545976736
0,59900000.0,0.02072433993004208,0.04218722233816624,0.017738930236876782,0.04055054784504292,0.0769216182222568
0,60200000.0,0.0189818874619323,0.011553584375400439,0.01716089741536675,0.014430378292890289,0.1518482716115382
0,60500000.0,-0.00580819978223146,0.015592948045584087,-0.0030514917721327084,0.017591016778189195,0.19069753217322827
0,60800000.0,0.003280075410568406,0.04364549144554464,0.005447211960595444,0.04101972546227084,0.08227619295884608
0,61100000.0,0.038952863076616606,0.038107053059358686,0.036468270210959275,0.03577940876257446,0.06663988524016526
0,61400000.0,0.043012164135742825,0.0025639799152310516,0.040533070304964225,0.004897637663934362,0.08339110152267473
0,61700000.0,0.015122418891408307,-0.0047032218695162165,0.017295821165238978,-0.0020823861462331283,0.19544360050688858
0,62000000.0,0.013165805823320387,0.020321451376730693,0.015917953555680264,0.01831698076513244,0.14030239750668316
0,62300000.0,0.044530028013730016,0.020192936203493383,0.04270233706220078,0.01732045376313851,0.07388342110363748
0,62600000.0,0.05210894003081412,-0.01595088697417879,0.04912742486776289,-0.014307057223119424,0.06653816237311297
0,62900000.0,0.021263283784970888,-0.0316369313521212,0.02271676716868898,-0.02855801087508647,0.09330335498579195
0,63200000.0,0.0072561746535871885,-0.008509144525183032,0.010420389217652759,-0.009766412832018068,0.2384060038144815
0,63500000.0,0.031738166423359304,-0.00033825172982848706,0.030682144696178082,-0.003575156501248733,0.11022465695936529
0,63800000.0,0.04231002337674994,-0.031854345462259626,0.039013296954968135,-0.03100364001509137,0.06832345011235899
0,64100000.0,0.010955420873283384,-0.052045751170963106,0.011597570881172636,-0.04870213879991758,0.06800732670250287
0,64400000.0,-0.013167106050184119,-0.029474777397868523,-0.009789666191500124,-0.029905796194833467,0.10820203442691587
0,64700000.0,0.0044630926144267336,-0.010960454131160757,0.004245048529816942,-0.014358389718085007,0.22740779905002542
0,65000000.0,0.01939497497065934,-0.033641218639588244,0.015990089647430317,-0.033637041638965415,0.09142051853315065
0,65300000.0,-0.008073251132262538,-0.05525536508285045,-0.008282832108066351,-0.051857029050987435,0.06483547097804687
0,65600000.0,-0.03806006547874918,-0.03332762527684552,-0.03468157977770092,-0.032905205823197115,0.071218652421548
0,65900000.0,-0.025438806798744606,-0.004835457927659714,-0.02480513203767365,-0.008180881469230572,0.130359530141622
0,66200000.0,-0.004022788545245404,-0.017025851673667325,-0.007321899542469978,-0.017868419872981933,0.17633029232247985
0,66500000.0,-0.022813620612776475,-0.039056389307747685,-0.02386174526129481,-0.03581675441005783,0.07911635722262461
0,66800000.0,-0.053822990359799094,-0.020075711728570145,-0.05065563749177482,-0.018826309852600476,0.06300534841800368
0,67100000.0,-0.04426065839083043,0.01513207313415399,-0.0428149655659224,0.01204936452852845,0.07655140447268934
0,67400000.0,-0.015277517215481318,0.012227875617838224,-0.018263507844913263,0.010591476272176159,0.16127875646116166
0,67700000.0,-0.02218602300766781,-0.011237398117743935,-0.024006791727997356,-0.008360000986222915,0.13394897279059187
0,68000000.0,-0.05072633608911614,0.0008507793107694894,-0.047969025127075904,0.0028486739210327183,0.0708594520907177
0,68300000.0,-0.043821329729685665,0.037554910803055286,-0.04165434059447792,0.03492854192365691,0.06263614899836147
0,68600000.0,-0.008670846196022652,0.0409637365222798,-0.011156060911790555,0.038636214616494025,0.08466935474061556
0,68900000.0,-0.0034428929124723506,0.014345264033069682,-0.005921910461021529,0.01667956746468402,0.19238081951910713
0,69200000.0,-0.028501396658738187,0.01566532663403364,-0.026327345772258592,0.01828614467333689,0.10622954774053667
0,69500000.0,-0.026046182433914322,0.048633084240323754,-0.023294008650468268,0.04662798068784313,0.06532904791843314
0,69800000.0,0.011170377474791271,0.05551065079144024,0.00934206065146398,0.05263811749116343,0.06369210991944944
0,70100000.0,0.02584302812913486,0.025174281707532997,0.022861430501428526,0.0268187487877396,0.09662259792398598
0,70400000.0,0.003087183667063176,0.013882281306057287,0.004541311070954679,0.016961337986708847,0.1939289551377124
0,70700000.0,-0.002110685847782734,0.039825020490928065,0.0010537210429640842,0.03856712661114181,0.08826132439028382
0,71000000.0,0.03159620445722533,0.04911449849317129,0.030539585796033497,0.045877367413101666,0.06178642534444869
0,71300000.0,0.051480798308589426,0.01696132419750651,0.04818382436715707,0.017812615043971913,0.06628467625786987
0,71600000.0,0.029190837145073978,-0.0056135161085502094,0.029833574496738846,-0.0022696189492343866,0.1138079110976434
0,71900000.0,0.013561154577755863,0.012901982716083449,0.016938934828410912,0.01247039059470434,0.16189061004832447
0,72200000.0,0.03880930642537134,0.02581724477254954,0.03859072749743042,0.022418923775098243,0.07630136596333732
0,72500000.0,0.06020366962825674,-0.0038249906241528686,0.056798379082089956,-0.0038203148499929007,0.05981890692258687
0,72800000.0,0.03779667257668229,-0.03352573326497099,0.037587576710415016,-0.030126973892875997,0.07068929511108524
0,73100000.0,0.0112775896050753,-0.02052571416167903,0.014656539598677076,-0.020103769195294774,0.13686895751073544
0,73400000.0,0.025640991125199963,-0.00149125566773467,0.026274227450284626,-0.004837192818480052,0.12746512782291716
0,73700000.0,0.04699689235610782,-0.02334194379226695,0.043697241640794915,-0.024184126488211888,0.06818612951444754
0,74000000.0,0.026324956628197116,-0.054893183562201964,0.025277180900455054,-0.05165300421500452,0.059217521128908455
0,74300000.0,-0.00833600355837505,-0.044947351941150515,-0.00516808954988357,-0.043698283752533484,0.07738747621378159
0,74600000.0,-0.004075090781107182,-0.01796065475618125,-0.0026297054977316714,-0.02104396481558135,0.1605686364633284
0,74900000.0,0.01813386066224154,-0.02797739491908091,0.015147234663823173,-0.02961354211370626,0.10237996810190533
0,75200000.0,0.0032023965546295052,-0.057185886641966555,0.0013818215332042083,-0.05430785141411176,0.06268743978537222
0,75500000.0,-0.03433655079765208,-0.049250108891317756,-0.03157860947629687,-0.04725237675445926,0.059920456856300354
0,75800000.0,-0.037087975046060484,-0.01494313509639067,-0.03492113015714565,-0.017570150527330464,0.08711092695203723
0,76100000.0,-0.011909302834335778,-0.012080974551010426,-0.014395197142326843,-0.014408394699571225,0.16719866335602612
0,76400000.0,-0.016620059651766272,-0.03736458433066536,-0.01909904304372745,-0.03502959026734698,0.08535574588776468
0,76700000.0,-0.05123346511863702,-0.03285585173169969,-0.04905874399475829,-0.030235013719639436,0.05909713082074428
0,77000000.0,-0.05760118458326391,0.005060270577419423,-0.05484896804958028,0.003054512497724371,0.06199350924631418
0,77300000.0,-0.02815011448603083,0.018479849621288125,-0.029979100300594086,0.015607250318471877,0.10075736883722708
0,77600000.0,-0.019903482025977803,-0.0039463389752001365,-0.022885201561876567,-0.0023011843668598875,0.14805974794457796
0,77900000.0,-0.04751113051355271,-0.006227832325057081,-0.04605633081328531,-0.0031485839915021963,0.07377236362709809
0,78200000.0,-0.05579789437846461,0.029518768052586575,-0.052633254030946985,0.0282602409340178,0.05700855482928449
0,78500000.0,-0.02328681735475363,0.04905952506114142,-0.02434404969959353,0.04582214646731253,0.06563514118909987
0,78800000.0,-0.002649353088907236,0.027236884452255694,-0.0059466034101760545,0.028088798485783606,0.11861250796628876
0,79100000.0,-0.02225533047432582,0.014705731335997285,-0.02161197114807467,0.018049967555020974,0.12094417601698543
0,79400000.0,-0.033348965702209354,0.042623886472947126,-0.029970784717666343,0.04219171229753882,0.06580687442713315
0,79700000.0,-0.0018533801144690054,0.0639593172847992,-0.0020724899351126647,0.06056057064553744,0.05620504363452539
0,80000000.0,0.027289855276147357,0.04144003681398112,0.023884132713940742,0.041445222439538965,0.0711978272610769
0,80300000.0,0.013861800695912141,0.017300868252623447,0.01365321571766609,0.02070009199325895,0.13733845459736785
0,80600000.0,-0.002759339136820249,0.03409723707821177,0.0006201361866217114,0.03451869341949898,0.0986452316514612
0,80900000.0,0.022081799750747477,0.055014476488548736,0.02271460660664959,0.0516679681713299,0.06034340294589718
0,81200000.0,0.05412718898601676,0.03304428937455506,0.05082696049611246,0.03220247923538255,0.05660499989350715
0,81500000.0,0.043970094243810154,-0.0006416063004628381,0.04292266941517431,0.002599150015972107,0.07920270338337151
0,81800000.0,0.019270716873092897,0.005221708051327489,0.02243923932060199,0.006470434372611411,0.14583290142611935
0,82100000.0,0.03258685407556394,0.026311383962910995,0.03403193799902782,0.023227413878266212,0.08265787759438764
0,82400000.0,0.06261778056327344,0.008773308747920483,0.05963046879612144,0.007137391529933534,0.05671222330873649
0,82700000.0,0.05398044696848192,-0.0293283202989294,0.05216004427911236,-0.026449610799331502,0.05823922021114568
0,83000000.0,0.02096778805437227,-0.03134459338872597,0.023726394867428335,-0.029347012259527627,0.09025052115879087
0,83300000.0,0.020805795934535853,-0.007697192382904117,0.022972507487248772,-0.010324899262642129,0.13522543204675477
0,83600000.0,0.046534868545443586,-0.015832661477161114,0.04404824545951558,-0.018160001767457468,0.07148406539063452
0,83900000.0,0.04029539234102575,-0.05206724923937456,0.03781641175030925,-0.04973152224255384,0.05451685630875904
0,84200000.0,0.0021077455767448683,-0.058066906122793194,0.004283170368699629,-0.05544601674036387,0.061248490865505274
0,84500000.0,-0.009762807746133029,-0.029832599698786044,-0.007010521378624013,-0.03183904351068989,0.10447329251748436
0,84800000.0,0.012445054037773295,-0.024920976559106522,0.010615364768737534,-0.027793668270375438,0.11447665586516616
0,85100000.0,0.011949874457840126,-0.05437554633316566,0.008968001543863902,-0.05272966714779925,0.06367824134412406
0,85400000.0,-0.02560401999582229,-0.0619408360496676,-0.02414851347769953,-0.058861357179841756,0.05353657115597206
0,85700000.0,-0.04469241047331918,-0.029525242769193216,-0.04152749363843233,-0.030784430035327492,0.06589243014648415
0,86000000.0,-0.023452012665916955,-0.011232234302070543,-0.02450987839672719,-0.014469900790629708,0.11967011160883514
0,86300000.0,-0.0141576959174049,-0.03216714778101948,-0.017455257636747046,-0.03131459081531207,0.09500420898619788
0,86600000.0,-0.04478268825118903,-0.04168972171241481,-0.04413868147901867,-0.03834510997243745,0.05825439014078792
0,86900000.0,-0.06617460883097082,-0.008726534776328787,-0.06279598059187363,-0.009159316623461589,0.053674911261735785
0,87200000.0,-0.0438762246721951,0.01952432051687647,-0.04409587983197438,0.01612509489659586,0.07254929523765412
0,87500000.0,-0.022493286231842435,0.0055496277686406525,-0.025899487889581074,0.005555326356299739,0.12859148393051312
0,87800000.0,-0.04196555767273602,-0.008709396357715837,-0.04217362646876499,-0.005309671362182966,0.08013084027970467
0,88100000.0,-0.06268790432756488,0.01896754926548727,-0.05930786402926824,0.019388501970734495,0.05458874129713361
0,88400000.0,-0.03983705845303451,0.051386051559056733,-0.03920469418672287,0.04803891863881815,0.0549357128948486
0,88700000.0,-0.0075833120122521525,0.04112403910125151,-0.010884176305980986,0.04028259837542625,0.08163573199361591
0,89000000.0,-0.015333145994382957,0.018934573535666077,-0.016380233702737446,0.02217595253281157,0.12355285485709055
0,89300000.0,-0.03549979447589746,0.035678525550665086,-0.03233062869149228,0.03692691628488287,0.06940036484122226
0,89600000.0,-0.015664967952868564,0.06664397337176098,-0.014220189151022439,0.06355930091633422,0.052298859233119666
0,89900000.0,0.022655688078976,0.05761027330558921,0.019667634248780097,0.055974582249340266,0.05741607221605227
0,90200000.0,0.023788597524429633,0.02632437912357921,0.021968345346374152,0.029203817149137334,0.09321710575508725
0,90500000.0,0.0016834805761616334,0.029187156714090445,0.0044427913013652676,0.03118461350923507,0.10814171688308372
0,90800000.0,0.013191423727153762,0.05559484548372495,0.015358017482021147,0.05296641498603094,0.06176616118533389
0,91100000.0,0.050947375945429973,0.04798181540774937,0.04845998105565391,0.04565454460606544,0.051163077855373544
0,91400000.0,0.056659276790355095,0.009991838624738847,0.05418027625128141,0.012328350028122825,0.06130765248906888
0,91700000.0,0.029914097703417464,1.1552940320402882e-05,0.03209026888102262,0.002632530066096539,0.10580283171743253
0,92000000.0,0.028570426386057363,0.022173830482058232,0.0313228168227406,0.020166671587211304,0.09144177928997263
0,92300000.0,0.06001503448318095,0.0191199957702457,0.058184612239645994,0.016247186607045716,0.05638741153953275
0,92600000.0,0.06712412081597435,-0.01992948133966599,0.06414206743720569,-0.01828283934214814,0.051074017801554905
0,92900000.0,0.035251995077185905,-0.038384027656598985,0.036708246299829606,-0.035304279591578336,0.06688930053076046
0,93200000.0,0.019710523870109714,-0.017764108547867252,0.02287576062629776,-0.019023983453542392,0.11450322133677791
0,93500000.0,0.04223053014114332,-0.01176102851621419,0.04117200929238733,-0.014999021345098118,0.07774299736499043
0,93800000.0,0.05047433257830164,-0.04505336063829013,0.04717642281956552,-0.044200135928647466,0.052693563778884574
0,94100000.0,0.016482203587638633,-0.06655876958705109,0.017126883122706604,-0.06321373951858567,0.05201468508131237
0,94400000.0,-0.010487492487786937,-0.044765097871698245,-0.007108370348728937,-0.04519850573313322,0.07445904121903268
0,94700000.0,0.004215833027267024,-0.02646710842150979,0.003995618941620649,-0.029866856384567875,0.11306140449587199
0,95000000.0,0.01624429112725556,-0.04882383831805037,0.012837567773913539,-0.048817611025429475,0.06749025902220422
0,95300000.0,-0.01402845548263909,-0.06958538932933056,-0.01423599339459003,-0.06618511386388315,0.05031996455363171
0,95600000.0,-0.04662245952194649,-0.04627839290172986,-0.04324180198956479,-0.04585794876980698,0.05404873430046513
0,95900000.0,-0.036288976360011965,-0.015925824744726036,-0.035657053027961585,-0.019273627109192226,0.08405367189622563
0,96200000.0,-0.016753531865789068,-0.02586993139537852,-0.02005507158184819,-0.026710998786874773,0.10199995279402921
0,96500000.0,-0.03697869840791179,-0.04535655612063971,-0.038025440275920586,-0.042114506062209234,0.06004171083679638
0,96800000.0,-0.06893444088985529,-0.023597582243546356,-0.06576457312056416,-0.022349524691062328,0.0490467883559725
0,97100000.0,-0.05976922168765256,0.014534820741615828,-0.05832472953935523,0.011449394343228558,0.05731728911053337
0,97400000.0,-0.03060639105431906,0.014569962420651672,-0.033595222396624914,0.012934480597611486,0.09464216720631487
0,97700000.0,-0.036790917344326546,-0.006061743208034098,-0.03861102116562393,-0.0031815405753312653,0.08794364869421137
0,98000000.0,-0.06410586578708355,0.008677843493521298,-0.06134579697942849,0.010675178357637538,0.054714607276056065
0,98300000.0,-0.05549391055877767,0.04777484614285932,-0.05332741021282565,0.045145631850941115,0.04875893681122626
0,98600000.0,-0.018195828968975217,0.05320923165665925,-0.020684036390787752,0.05088199154184392,0.06202837972175444
0,98900000.0,-0.010478435106374917,0.028154584753121714,-0.012957481009342131,0.030491903715825774,0.10283948446108278
0,99200000.0,-0.03281825707309638,0.03054118953671292,-0.03064130530989745,0.03316226214680418,0.0754625261137648
0,99500000.0,-0.027493550756808288,0.06406477931528753,-0.024741038043315275,0.06205684942035772,0.050998681058930816
0,99800000.0,0.012666538374285913,0.07095008360655397,0.010835331636379147,0.06807711104293501,0.04942331563928513
0,100100000.0,0.030235368382540734,0.04004579745491199,0.0272530829453356,0.041693225865276684,0.06840082274166742
0,100400000.0,0.010196093791149607,0.02764477884627503,0.01165310170934214,0.03072482488480155,0.1036893610666976
0,100700000.0,0.007450179508325147,0.052006647264069006,0.010615751680801824,0.050746052636586825,0.06572220071247596
0,101000000.0,0.04328688077719428,0.05928959835013403,0.0422276548177376,0.05605124358512281,0.04855076881991887
0,101300000.0,0.06489422114130548,0.02474506949480504,0.061595901935012395,0.025598996518935158,0.05107773512456045
0,101600000.0,0.04382641240487306,-0.0005135877258473087,0.04447177021457771,0.0028319168698791586,0.07645961973768879
0,101900000.0,0.028879078236548963,0.015154192755968854,0.0322587247074035,0.014720155952728131,0.09609541453517523
0,102200000.0,0.05427805492039006,0.025157438423777823,0.05405725571999592,0.021757143026829073,0.05847559221830572
0,102500000.0,0.07528592680958887,-0.007389668044206932,0.07187863248760129,-0.007382876034079722,0.047155440704867366
0,102800000.0,0.051935910557962095,-0.03988567538541776,0.051728917910256994,-0.03648478158091795,0.05382514741263974
0,103100000.0,0.02394729626320509,-0.029437993226993697,0.027328626419808655,-0.02901804769105798,0.0854796995325332
0,103400000.0,0.03640032396066778,-0.012615461181294751,0.037031812502123895,-0.015963965456961215,0.08449912793466095
0,103700000.0,0.05548164092459526,-0.03629101131579615,0.05217939281443143,-0.03713169095332436,0.053208002981556896
0,104000000.0,0.032220281747395454,-0.06922483561107251,0.031173903258904942,-0.06598205955478376,0.04669255262081154
0,104300000.0,-0.005264357601012959,-0.06013809046503216,-0.0020937213280118327,-0.058890362206494906,0.05782199831964789
0,104600000.0,-0.003929136304839376,-0.033441834285561356,-0.0024849080322197348,-0.036528067320620305,0.09306762101207236
0,104900000.0,0.01537343585242168,-0.0432001000061506,0.012383793229989781,-0.04483539059981201,0.07326061604602772
0,105200000.0,-0.00236999444313276,-0.07162884928648605,-0.004189951622132693,-0.0687478474179195,0.049476285669380705
0,105500000.0,-0.04254588846133497,-0.06239200783464405,-0.03978500966105991,-0.06039479498318778,0.04711661463098055
0,105800000.0,-0.04763782975289227,-0.02628724954152517,-0.04547140493599472,-0.0289173088014385,0.06323240372899983
0,106100000.0,-0.024395433595480687,-0.02122058133942728,-0.02688450300532913,-0.02354782604905381,0.09534596696528315
0,106400000.0,-0.03059279954762073,-0.043997611076018295,-0.033071923942057144,-0.04165945380243041,0.06406728299448615
0,106700000.0,-0.06621696870832733,-0.036747720880404344,-0.06403920854515102,-0.03412653529690113,0.04696251413484498
0,107000000.0,-0.07306259476081128,0.004074405692487737,-0.07030994755702374,0.0020656614618603797,0.048445298332477106
0,107300000.0,-0.043509437228667736,0.020441569924732228,-0.04534148363220247,0.017568405179242408,0.07007676242258754
0,107600000.0,-0.03460153542261102,0.0008674955944152352,-0.03758410239209603,0.002515754262473635,0.09046638126241867
0,107900000.0,-0.06104492873308705,0.0012554795161712207,-0.059587143889827,0.004335871936054669,0.05704147801011704
0,108200000.0,-0.06769311076485252,0.03942661417297666,-0.06452717542988734,0.038165285501403634,0.04545809310068283
0,108500000.0,-0.03309356357842608,0.06104892841163023,-0.03415352842603114,0.057810192883475775,0.05075230839899695
0,108800000.0,-0.010001583655934176,0.04085502880361913,-0.0133003516859998,0.041709707057188794,0.07783847927289878
0,109100000.0,-0.026910887288460167,0.02944802751117992,-0.02626481865560365,0.032794071005822545,0.08110948819940492
0,109400000.0,-0.03515807801927895,0.05798169609690795,-0.03177784857731969,0.05754702807573686,0.0518430614436573
0,109700000.0,-0.000731818431021436,0.07939981751797154,-0.0009532017362360312,0.07599894459809464,0.04484013400474545
0,110000000.0,0.03132133589807862,0.056390626815908895,0.027913448143739972,0.05639800954147134,0.054155729125268524
0,110300000.0,0.02064111483143105,0.031204008107986514,0.020434707357453508,0.034605571198300655,0.08479570192155375
0,110600000.0,0.006502208766367867,0.04646979023822739,0.009884287353763233,0.04688922326325651,0.07111870625776519
0,110900000.0,0.03350742671884965,0.06543548768640006,0.03413849955047876,0.062086221724696244,0.04810248134803432
0,111200000.0,0.06733061139041085,0.04112672594317024,0.06402762870982581,0.04028642065518273,0.04505370947092168
0,111500000.0,0.058465612744804274,0.004787335588772645,0.05741961691319192,0.008030863957206424,0.05878070621865777
0,111800000.0,0.03451213139455245,0.007812420154785116,0.03768359758071538,0.009059793849982789,0.08793044232323906
0,112100000.0,0.048035273001203804,0.025997393143639247,0.04947924724521713,0.022910274637288897,0.0625047944520293
0,112400000.0,0.0777454289424594,0.0055593413641430445,0.07475492342966705,0.003924204038598944,0.04553085927113678
0,112700000.0,0.06823910545394396,-0.03535406771114147,0.0664192738078806,-0.03247224643437985,0.04610070233842842
0,113000000.0,0.033817744008734385,-0.039962244795762825,0.0365794638718272,-0.03796516448546239,0.06464593192179888
0,113300000.0,0.03178726053619152,-0.018569120924836646,0.0339536050213467,-0.021200091338463345,0.0851412246426462
0,113600000.0,0.055281729642245536,-0.028568105472852157,0.05279172715447922,-0.030895387938128405,0.055720188770698495
0,113900000.0,0.04649561946997571,-0.06623689308778857,0.044016366494476156,-0.0638978595870423,0.04392882638599299
0,114200000.0,0.005510718606092535,-0.07316551254604242,0.007689302661389896,-0.07054418792000483,0.04803211640362678
0,114500000.0,-0.009284683426224682,-0.04528993908313028,-0.0065318990943054045,-0.04729953161836509,0.07137968398858106
0,114800000.0,0.010008887988274262,-0.04017453395487447,0.00817594064923588,-0.043047908591622885,0.07778231072302716
0,115100000.0,0.006696121080926765,-0.06890457332229083,0.0037132225308995626,-0.06725542977790644,0.05060173762525646
0,115400000.0,-0.033513103451412896,-0.07523422926537604,-0.03205451779885604,-0.07215343533814478,0.043172791144556924
0,115700000.0,-0.05498502559199203,-0.04107955895758586,-0.05181869527837457,-0.04234163394155965,0.050936964377634265
0,116000000.0,-0.0357330721459439,-0.020618368199098125,-0.036793806550734054,-0.02385750372122386,0.07772563236258734
0,116300000.0,-0.027970183124099934,-0.039072345592161994,-0.0312694361103979,-0.03821686984136363,0.06902415862830268
0,116600000.0,-0.059653670093133604,-0.04588326860909042,-0.059006855837806294,-0.0425366287090454,0.04685937985364053
0,116900000.0,-0.08158848337222768,-0.010035548492521418,-0.07820761476071969,-0.010470860459670828,0.0432007962628771
0,117200000.0,-0.05925795585874938,0.021166928972940813,-0.059479930714232854,0.01776543834465638,0.05491182847889938
0,117500000.0,-0.037268634911612586,0.01006478547455858,-0.04067715077275713,0.010072777521369147,0.08133789894667429
0,117800000.0,-0.05562219812232583,-0.0015068615394921991,-0.055827995288726284,0.0018954162799134089,0.06101837463974505
0,118100000.0,-0.07475911467102281,0.028615705516729317,-0.07137623077878164,0.029034608959096708,0.0442371352854138
0,118400000.0,-0.04987340015012043,0.06315811185132869,-0.0492427469638792,0.059808027190075386,0.0440022955903883
0,118700000.0,-0.015198042309105153,0.054582726504393886,-0.018501808914945794,0.05374279301337648,0.05997467693184428
0,119000000.0,-0.020265159934045873,0.033569085947403376,-0.021310773775511715,0.03681340998800131,0.08013439096248742
0,119300000.0,-0.03759974579969416,0.05097363044223391,-0.03442740513043763,0.05222064559148354,0.05449637717744493
0,119600000.0,-0.014848393028492834,0.08207842089993456,-0.013404676648433034,0.07899036469490017,0.04254724912165884
0,119900000.0,0.026388489028888573,0.07262197048996111,0.02339706188613877,0.07098698087017086,0.04561045813059886
0,120200000.0,0.03029790027146473,0.0403440847979355,0.028478175575381126,0.0432267802395736,0.06585611541713933
0,120500000.0,0.010705224012008019,0.0417145032477797,0.013467827091212303,0.04371147297921496,0.07452669648971261
0,120800000.0,0.024402933758103762,0.06620973547434206,0.026569210394416398,0.06357781734459289,0.04946980108091534
0,121100000.0,0.06397589040053298,0.056302829213251915,0.061484907801313105,0.053975502745810644,0.04166729618678823
0,121400000.0,0.07103840472629197,0.015689465435263283,0.0685590049454794,0.01802943420010239,0.04809186355041284
0,121700000.0,0.04509652464386482,0.0028769938422770203,0.04727598484056572,0.005498494971389434,0.07162886012819833
0,122000000.0,0.044004328483691735,0.02213414549860948,0.04675728944235269,0.020123672364197986,0.06696794121497579
0,122300000.0,0.075175114328625,0.016184431004028887,0.07334124005997888,0.013310823129948801,0.04573311996937193
0,122600000.0,0.08147485325360093,-0.025684553091129825,0.07849160704066982,-0.02403448306641165,0.04153030270078436
0,122900000.0,0.048248651671202625,-0.046763087700202544,0.04970809213617833,-0.04368185907729183,0.05152158034797765
0,123200000.0,0.030872416143052694,-0.02843783740117356,0.03403919507111186,-0.029700699900068628,0.07546835248935205
0,123500000.0,0.05118335462198931,-0.02433047069351435,0.05012183238216794,-0.027570056508067875,0.059594848989101556
0,123800000.0,0.056912844233345306,-0.059092615104897384,0.05361307534576598,-0.05823632628866138,0.04306709425203119
0,124100000.0,0.020149651752271458,-0.0815812521005288,0.020797244915817803,-0.07823398893997835,0.04211594341530621
0,124400000.0,-0.009743018010543558,-0.060206396614824964,-0.006361464063249445,-0.060642394107327746,0.055916974249946134
0,124700000.0,0.0020333484877117503,-0.0417502441963955,0.001810756932028923,-0.0451524152416809,0.07544904469937047
0,125000000.0,0.01123630725683955,-0.0634204659376767,0.007827107831347213,-0.06341186002623234,0.05335803937863197
0,125300000.0,-0.02170181408361116,-0.08299467956890272,-0.0219069964422538,-0.07959164909935357,0.041297992832876544
0,125600000.0,-0.05671070822949087,-0.0579993762209674,-0.053326982840056214,-0.057581021607900684,0.04344324098626126
0,125900000.0,-0.04841222916796606,-0.025510024688922606,-0.04778201941586646,-0.028860980188779806,0.06108186421908602
0,126200000.0,-0.030447777424246425,-0.03298773917004816,-0.033752392130842024,-0.033827291405029936,0.07135117894431736
0,126500000.0,-0.05176472380402841,-0.04978060762949843,-0.052809963178918284,-0.04653542954976819,0.04843676095436846
0,126800000.0,-0.08430983276936233,-0.025156904060127605,-0.08113657343784042,-0.023910237377430477,0.04030631779513359
0,127100000.0,-0.07517079235592083,0.015926782716705556,-0.07372733353543315,0.01283774947384142,0.04556119256495296
0,127400000.0,-0.0454488372064743,0.018855176819541075,-0.04844123486885765,0.017220340909266163,0.06632542666539729
0,127700000.0,-0.050546097816989155,0.0009310190644851168,-0.05236571784983313,0.0038146500201703404,0.06494194166637814
0,128000000.0,-0.07631060857790217,0.018130614222131136,-0.07354706099826758,0.02012749337346298,0.044713954254878466
0,128300000.0,-0.06570679521832945,0.0593796415282255,-0.06354055663055758,0.05674672947021442,0.04002180861383244
0,128600000.0,-0.026016845874707206,0.06654831370070724,-0.028508841142951047,0.0642209221899428,0.048528271721356764
0,128900000.0,-0.015624033290705608,0.04271547958849187,-0.018103586224948343,0.04505642231569018,0.07022645504210832
0,129200000.0,-0.0351353591174135,0.045795788710529806,-0.03295496430429834,0.04841747681134567,0.058220489388835645
0,129500000.0,-0.026904628780383355,0.07949593440149538,-0.02415145528083862,0.0774845177191601,0.04201091567320917
0,129800000.0,0.016172028771364477,0.0860102270746026,0.01433718812976048,0.08313633354048289,0.040416493831587186
0,130100000.0,0.03654129403260975,0.0541615319066322,0.03355766355479228,0.05581254462176011,0.052361051320557746
0,130400000.0,0.01904497928633897,0.04029589570938752,0.020505301394926567,0.0433775702597714,0.07107481154049915
0,130700000.0,0.01850967764470779,0.06276734392657524,0.021676923685039817,0.06150363667575398,0.05229178613864381
0,131000000.0,0.05618778908717115,0.06778799054682949,0.055125419827540156,0.064547898672497,0.04017040638516127
0,131300000.0,0.07918955133815442,0.03064703451596218,0.07588919444647257,0.031504158310683206,0.041498095548219975
0,131600000.0,0.05897452628859545,0.0025600127067022527,0.059622893472494276,0.005907941556325902,0.05691629369121971
0,131900000.0,0.044313520385308,0.015314270758442383,0.04769577068231845,0.014877569865992424,0.06825802859663008
0,132200000.0,0.06946732641677134,0.022420612659074912,0.06924406279145767,0.01901773175299093,0.04749037426971983
0,132500000.0,0.08970698783337427,-0.012947974418762831,0.08629702900162517,-0.012938708471688098,0.039077570160380694
0,132800000.0,0.06504777217719715,-0.04809093469078718,0.06484320110755015,-0.04468706898830277,0.04330163917325382
0,133100000.0,0.035250693725626725,-0.03997490336800125,0.038635299172185444,-0.03955707331243108,0.0616755212834887
0,133400000.0,0.04550616353872883,-0.025076486119279817,0.04613591721468735,-0.02842832267146944,0.06293420187964893
0,133700000.0,0.06209096965315197,-0.05024383302224855,0.05878546401555207,-0.05108295546832786,0.04379016173078912
0,134000000.0,0.036080150361116115,-0.08419714777226162,0.03503530938421173,-0.08095102583238356,0.03866039435787741
0,134300000.0,-0.004324421402960965,-0.07557775669807976,-0.0011501623395004934,-0.07433140820418149,0.045872513620606424
0,134600000.0,-0.005932408369399678,-0.04876057557108604,-0.004489169289360717,-0.05185061508798805,0.06552971187502049
0,134900000.0,0.010531581328013129,-0.05785473911297112,0.007538201481949169,-0.059489413277305836,0.05687711353550218
0,135200000.0,-0.009882971158606146,-0.08512447402882328,-0.011702452408112407,-0.08223985340070183,0.04105664800292798
0,135500000.0,-0.05249312268717077,-0.07423746176924606,-0.04972853791086074,-0.07224067050687655,0.03888501541195207
0,135800000.0,-0.059658432865266064,-0.03602153558461563,-0.057492180472999976,-0.03865551148554358,0.04922619825530013
0,136100000.0,-0.03802224216308092,-0.02849316937980384,-0.04051526964989094,-0.030820671901097718,0.06699900772076472
0,136400000.0,-0.045333181800637945,-0.04858029479488346,-0.047812887848711405,-0.046238364077969774,0.05127979569864186
0,136700000.0,-0.081573767215533,-0.03847882081995513,-0.07939238006375282,-0.03585695981745873,0.03915163374018108
0,137000000.0,-0.08848819439104139,0.005291388863605473,-0.08573478183162964,0.0032789445149270513,0.039750085645047915
0,137300000.0,-0.0584143247393385,0.024571060556193736,-0.06025018651518588,0.021696815814428172,0.053257995639478105
0,137600000.0,-0.048438249208178075,0.007727977710126233,-0.051422316414743374,0.009379944741520152,0.0652527433009303
0,137900000.0,-0.07334683175525347,0.010587777990059166,-0.07188561532133697,0.013669910889440029,0.046614582199068846
0,138200000.0,-0.07803064614008859,0.05092610184642199,-0.07486292739141254,0.04966149911987383,0.03796662726726564
0,138500000.0,-0.04106309152076326,0.07431734145436364,-0.042126376435359436,0.07107670120784837,0.041279390312194485
0,138800000.0,-0.015297434242023566,0.05538446164611521,-0.018598452549607014,0.056242460886889,0.05757643815044861
0,139100000.0,-0.02937032808072404,0.044694824213498574,-0.02872118359539133,0.048043479326155936,0.060938961123253275
0,139400000.0,-0.034713725216382496,0.07342343407032947,-0.03133075279761943,0.07298602634513829,0.04294701373256816
0,139700000.0,0.0026266333937230435,0.09450299325107014,0.0024026621227242195,0.09109938409253138,0.037429282730011684
0,140000000.0,0.037498112278298024,0.07058598421374063,0.034087344338874725,0.07059596269942325,0.04350779216441711
0,140300000.0,0.029390857058103848,0.0439529372584202,0.02918692513435195,0.047357717824120016,0.06131438567450404
0,140600000.0,0.01748173965059907,0.05733354753645559,0.020867294820295257,0.05775086277055941,0.05555188566716902
0,140900000.0,0.046340565436151504,0.07405119493976886,0.046969876755481366,0.07069844359393551,0.040190179536158714
0,141200000.0,0.08158515630179064,0.047165536903712724,0.07827873818738018,0.046326862767817056,0.03750133672253889
0,141500000.0,0.07361170354701363,0.007999456991279352,0.07256730036189607,0.011246575338544895,0.04644937569030905
0,141800000.0,0.049970922545603536,0.008095413992679656,0.053146267686103865,0.009341430478856605,0.063213565654311
0,142100000.0,0.06326091096852027,0.02337401794052707,0.06470395984984023,0.02028289720277643,0.05030879351373117
0,142400000.0,0.09222266949845892,0.00011404793713976069,0.08922827577479042,-0.0015204982255625499,0.03822752201237099
0,142700000.0,0.08143782669667177,-0.04345999283187796,0.07961848966420515,-0.04057436492928579,0.03817416751429596
0,143000000.0,0.04522624968099542,-0.0504312717052986,0.047991926814643815,-0.048434596569977284,0.05002761824765437
0,143300000.0,0.0409968276763264,-0.030988294693378604,0.04316309909804783,-0.03362342563219234,0.06234733913044261
0,143600000.0,0.061995379787535665,-0.04249061714632152,0.0595012493113507,-0.044818283916128854,0.045797546707492906
0,143900000.0,0.05047179912801969,-0.08119634293409539,0.04799189042921714,-0.07885340409913866,0.03695866411920075
0,144200000.0,0.006569705390405911,-0.0886255642067093,0.008752096994827596,-0.08600352818952683,0.03946244082057079
0,144500000.0,-0.011187262921121377,-0.06065714811889622,-0.008433626239778391,-0.06267067839075136,0.05394554183478592
0,144800000.0,0.005248034801483392,-0.054886347221475784,0.0034110632306765254,-0.057760972306803327,0.05895864193537777
0,145100000.0,-0.0007416552461143588,-0.0824644619970798,-0.003726232964975651,-0.08081148547815653,0.0421738127595303
0,145400000.0,-0.043393839000361645,-0.08716464134206237,-0.04193172367079212,-0.08408199343761624,0.036312268986314455
0,145700000.0,-0.06696677481411184,-0.05091619880258369,-0.06379857587766091,-0.052181706069803546,0.041392424556672254
0,146000000.0,-0.04935128957172186,-0.027989315906522982,-0.05041554799852088,-0.031230507790161344,0.05752385680959374
0,146300000.0,-0.04271512313226333,-0.043742315053334035,-0.046016855360023534,-0.04288336594015818,0.054238123775783034
0,146600000.0,-0.07502334867940608,-0.04770340555961661,-0.07437339477136629,-0.04435393990651315,0.03940121665882198
0,146900000.0,-0.0970502299877336,-0.008910609861883412,-0.09366647915001769,-0.009348716149095937,0.03624696689333626
0,147200000.0,-0.07422590218731306,0.025220937346202454,-0.07445058859650366,0.021816584267512207,0.0439765891094856
0,147500000.0,-0.051176424387551656,0.01687605637104328,-0.054588025561459474,0.016886795636712693,0.05970596516807215
0,147800000.0,-0.06799173563758432,0.007788971776475417,-0.0681949788872398,0.01119473447123931,0.04936961619093616
0,148100000.0,-0.08517212089407833,0.04008363789271585,-0.08178553337527772,0.04050042872505699,0.03738747232412483
0,148400000.0,-0.0579323878067286,0.07641465289753668,-0.057303503488448815,0.07306093261369395,0.036748322810612674
0,148700000.0,-0.0205798325433304,0.06913040366300582,-0.02388719163277786,0.06829217989419267,0.04715908915705486
0,149000000.0,-0.02279178103962165,0.04884998458231782,-0.023835719540672873,0.05209813983933809,0.059551061778311876
0,149300000.0,-0.03721299115843424,0.06645092516391227,-0.034036492091350734,0.06769658865936123,0.04503031440519455
0,149600000.0,-0.011548594618617347,0.09722768144675253,-0.010105730395631785,0.09413540642842455,0.036042114415907635
0,149900000.0,0.03251831054169241,0.08688500914717356,0.02952284719610354,0.08525057149745208,0.03782353953873111
0,150200000.0,0.03902842187819289,0.05316919342282089,0.03720921642712849,0.05605587059714856,0.05071384156427794
0,150500000.0,0.021684990230697032,0.0526441996494591,0.02445180422229365,0.05464076095387371,0.05699685165618358
0,150800000.0,0.03723979406828892,0.07488560986836568,0.03940608646925048,0.07224926875600257,0.04146203578590923
0,151100000.0,0.07824371867192514,0.06240903718979629,0.07574842206665178,0.060081194311755626,0.035296120533308654
0,151400000.0,0.08622254949114216,0.018967265186043303,0.08374241115385894,0.021311273942036246,0.03949175359499795
0,151700000.0,0.06061113112898653,0.003204222031583326,0.06279457545445899,0.0058264701182557666,0.05410785211604495
0,152000000.0,0.05928348736396849,0.019535283809745563,0.06203737843974366,0.017520634724569994,0.052930990340416734
0,152300000.0,0.08970327169495418,0.010760142927462857,0.08786515419120189,0.007885124102057772,0.03868122922644659
0,152600000.0,0.09473646872997765,-0.033775309396107955,0.09175136642345683,-0.03212126512482849,0.03510617101656308
0,152900000.0,0.059728266361472215,-0.057240699089468494,0.06119134764707557,-0.054157493813097535,0.04176364580809673
0,153200000.0,0.040140187980175934,-0.040889302364437,0.043308932110239784,-0.042155754972835746,0.05646190832314597
0,153500000.0,0.05793757336433858,-0.03828973858535756,0.05687233169144301,-0.04153153009385413,0.04845501082472715
0,153800000.0,0.06092712281784385,-0.07408841593339666,0.057624662328404685,-0.07322849758745431,0.03662246938829418
0,154100000.0,0.021246182230781674,-0.09709231400831309,0.021897003284053085,-0.0937420188759448,0.035453237251150155
0,154400000.0,-0.011627395617776592,-0.07564148016101324,-0.008242802369733404,-0.0760803488936117,0.044598528741523986
0,154700000.0,-0.002735635478953835,-0.056526675624774314,-0.0029610564555335728,-0.05993185937688339,0.05687257800293759
0,155000000.0,0.003780540868589366,-0.07703122939167861,0.00036805452301225117,-0.07701974528364752,0.04430638784209776
0,155300000.0,-0.03160152060083332,-0.09497513786110046,-0.031804066103352735,-0.09156838180723803,0.03520704485748289
0,155600000.0,-0.06872670205510678,-0.06789150350248829,-0.06533905265184048,-0.06747529244770833,0.036338385119829175
0,155900000.0,-0.06208827335126843,-0.03292423801149791,-0.06145986419153937,-0.036279011381444404,0.047823841085444754
0,156200000.0,-0.04525728613691804,-0.03767539435493206,-0.04856568129119765,-0.038513176619223044,0.05506063710575168
0,156500000.0,-0.06719072715959484,-0.05160490636248971,-0.06823423695985076,-0.04835566822196813,0.04080642377819807
0,156800000.0,-0.09982933422210882,-0.02403459237833616,-0.096651670654472,-0.022789284608872418,0.03436954297225878
0,157100000.0,-0.09020827312093349,0.019991983122119805,-0.0887656382934412,0.016898511654941717,0.03777476383513875
0,157400000.0,-0.05942336681540894,0.025705391336796835,-0.06241999365186768,0.024071085300770623,0.05102081369988261
0,157700000.0,-0.06296122556111206,0.010281984936102218,-0.06478033362475433,0.013169801373841938,0.05162975569366167
0,158000000.0,-0.08675452670863715,0.0296521312194995,-0.08398653794877875,0.03164862707959626,0.0380257949039689
0,158300000.0,-0.07379597073306687,0.07269403250693363,-0.07162965102564023,0.07005646774668983,0.034065760577282556
0,158600000.0,-0.03141893542368557,0.08117195272659361,-0.03391544662740342,0.07884395849579912,0.03977115688850139
0,158900000.0,-0.018142575457777532,0.05808077848503701,-0.02062294550338528,0.06042594634663512,0.05346284100518409
0,159200000.0,-0.034716925902136264,0.0613445868104624,-0.032532350520646514,0.06396709722995075,0.047561112883630574
0,159500000.0,-0.02356796555779983,0.09470420658469547,-0.02081376218844566,0.09268840546318513,0.035928407233953914
0,159800000.0,0.022345678472973418,0.10033451127099902,0.020506400739446207,0.09745907588390446,0.03427312570429659
0,160100000.0,0.045339138376229826,0.06704504857614985,0.042353513381834684,0.06870020208811117,0.042297970341240575
0,160400000.0,0.030112308709714153,0.051259776385774,0.031576430152100876,0.05434355705855437,0.05431387935673187
0,160700000.0,0.03143256420491225,0.0714504152162655,0.034601911832943255,0.07018294864165364,0.043622047489354165
0,161000000.0,0.070534785675465,0.07389139736508632,0.06946853021372545,0.07064893478048562,0.034449183509433406
0,161300000.0,0.09446048224870784,0.03391409695099906,0.09115724902086386,0.034774989332511885,0.03498766022142337
0,161600000.0,0.07458342526797335,0.0028503999648670786,0.07523513486038924,0.006201537993948569,0.0452233001054119
0,161900000.0,0.05967244385117931,0.012648288219181625,0.06305790113802168,0.012208598579714791,0.053151955258426614
0,162200000.0,0.08405065611912832,0.016918368055649585,0.0838244361052185,0.013512288149438417,0.04020402444564639
0,162500000.0,0.10301300998507079,-0.021117603179844534,0.0995995468948836,-0.021105351726220398,0.033527622879733716
0,162800000.0,0.07656656770421755,-0.05866183391841423,0.0763647008777193,-0.055254022339390266,0.036217451296426895
0,163100000.0,0.0445339991731597,-0.05253965139260047,0.04792272425192401,-0.05212401650688131,0.04821788384488798
0,163400000.0,0.0522404584969518,-0.039149070437294736,0.05286834227929038,-0.042504914889083784,0.05032837720541505
0,163700000.0,0.06606441602925006,-0.06533698350352196,0.06275490618218793,-0.06617426256173803,0.03743230933565178
0,164000000.0,0.03712780873878341,-0.09979922700380137,0.03608472928327888,-0.09654879312261365,0.033119642700205405
0,164300000.0,-0.006277740241828145,-0.09110626036775159,-0.0030988466678874005,-0.08986125552319864,0.037969340801625374
0,164600000.0,-0.01080209564857526,-0.0636159813446161,-0.009359667991528653,-0.06671064945334845,0.0506845793308632
0,164900000.0,0.002958364688922188,-0.07151148682754344,-3.944212278161885e-05,-0.07314561081257537,0.04667764297866659
0,165200000.0,-0.01989729812633856,-0.09712576691346142,-0.02171625724803672,-0.09423671329203792,0.035302449828055554
0,165500000.0,-0.06462618133110398,-0.08413936471369578,-0.06185689333872135,-0.08214290149483439,0.03320004492113238
0,165800000.0,-0.07346584003284518,-0.043424406946403496,-0.07129940816048785,-0.04606324552855956,0.0402218059026642
0,166100000.0,-0.05296439078865456,-0.033130768462596216,-0.05546209820156012,-0.03545894165015717,0.05186996638367197
0,166400000.0,-0.06086996349555429,-0.05032339378919648,-0.06335051317562979,-0.04797704349527798,0.04296665176826066
0,166700000.0,-0.09718270085334968,-0.037264399937406475,-0.09499687908075183,-0.03464165508178242,0.033764947543070356
0,167000000.0,-0.10360774569672904,0.009461071165764195,-0.1008531575894489,0.007444000690531666,0.033760712145552894
0,167300000.0,-0.07245627796299114,0.03155312648297981,-0.0742967375039747,0.02867717093178007,0.04287393851811404
0,167600000.0,-0.060883853179352077,0.017231387673218357,-0.0638700229002267,0.01888761928635363,0.051268824458088814
0,167900000.0,-0.08378291653897652,0.022257804860827485,-0.0823177186719719,0.025342115410271038,0.039645063676823404
0,168200000.0,-0.08609175532430235,0.06437900595373541,-0.08292179742536998,0.0631104059040464,0.032765572777699994
0,168500000.0,-0.04641838138588383,0.08908274545064782,-0.047485741586133834,0.08583950795227951,0.03480541284887165
0,168800000.0,-0.01773252580345419,0.0708915359814094,-0.021036636585461732,0.07175339425731342,0.0456667466908241
0,169100000.0,-0.028830283496575237,0.060360796688293084,-0.028177718548182185,0.06371279277677133,0.04901878519695656
0,169400000.0,-0.03123948067889204,0.08871403177448711,-0.02785318580525642,0.08827347580752312,0.03689177414053027
0,169700000.0,0.00894306769236941,0.10888865572058598,0.008715944803266318,0.10548163843505304,0.03226136598617283
0,170000000.0,0.04645649323985923,0.08351378268844545,0.043041936682624904,0.08352685633846735,0.03633902527112882
200,20000000.0,0.0010450757559636037,0.010309615401993488,0.001045067006393452,0.010309613187128086,8.709867240926964e-07
200,20300000.0,0.002993277093503166,0.010086900340690486,0.0029932687345860243,0.010086903018347027,8.342145623309532e-07
200,20600000.0,0.004895717444203862,0.009493575664146991,0.004895713359859694,0.009493581255339612,6.482291887369029e-07
200,20900000.0,0.006679808949553556,0.008537659146980126,0.00667980887618308,0.008537663181030775,3.721970346572511e-07
200,21200000.0,0.008274457967063775,0.007244266633804175,0.008274458212414404,0.007244267856839404,1.1342547189185561e-07
200,21500000.0,0.00961643238542595,0.00565282229933417,0.009616431236291356,0.005652823134134177,1.2733075871601234e-07
200,21800000.0,0.010651284542151335,0.0038124812645907724,0.010651283624615426,0.003812483110386733,1.822030363304096e-07
200,22100000.0,0.011332427840993503,0.0017816908016041744,0.01133242824806488,0.001781692176374694,1.2498409481014284e-07
200,22400000.0,0.01162385358856341,-0.0003709280994128594,0.011623853810541762,-0.0003709284203352592,3.355287309636957e-08
200,22700000.0,0.01150415660062551,-0.0025694543402055015,0.011504155029691432,-0.00256945517071272,1.5074789615934282e-07
200,23000000.0,0.010967127347062344,-0.0047353542014136885,0.010967124406043471,-0.004735353832520328,2.4812666757038793e-07
200,23300000.0,0.010020535687372129,-0.0067896233986934895,0.010020532521327119,-0.006789621498756837,3.0505039856909535e-07
200,23600000.0,0.008687061468908908,-0.008653921184481828,0.008687058506896578,-0.008653917873990613,3.6227284003969155e-07
200,23900000.0,0.007005693431098553,-0.010254464080202474,0.007005691282555709,-0.010254459033477215,4.4166227474990727e-07
200,24200000.0,0.005029687246282943,-0.011526899561058679,0.005029687231041136,-0.01152689321473166,5.046214792309806e-07
200,24500000.0,0.0028227043660523365,-0.012417980661223238,0.0028227068514151965,-0.012417974701462997,5.070557323053463e-07
200,24800000.0,0.00045746712586225424,-0.012885337839692701,0.00045747079256247547,-0.0128853331560832,4.6133369751995624e-07
200,25100000.0,-0.001984069508920522,-0.012899756639311644,-0.0019840653854892865,-0.012899752189407199,4.648266385758472e-07
200,25400000.0,-0.0044135899107416166,-0.012449268866810081,-0.0044135838347659495,-0.012449264070707677,5.860482873446101e-07
200,25700000.0,-0.006742152448318828,-0.011540326749676089,-0.006742143077460405,-0.011540323725873103,7.36722976133402e-07
200,26000000.0,-0.008884128128825719,-0.010195549111173152,-0.00888411722029947,-0.010195550575405221,8.138874404969321e-07
200,26300000.0,-0.01075824681848847,-0.00845230763970739,-0.01075823775644058,-0.008452313318570104,7.816731992333375e-07
200,26600000.0,-0.012289546429093412,-0.006363554163280716,-0.012289540298019874,-0.006363561360864134,6.831899313187134e-07
200,26900000.0,-0.01341379965794759,-0.00399744150445458,-0.013413794861463157,-0.003997448968422024,6.338795344715698e-07
200,27200000.0,-0.014081292162721915,-0.0014339366403305354,-0.014081287922690644,-0.001433945736233122,7.09023815253554e-07
200,27500000.0,-0.014257973215260233,0.001238914353649645,-0.014257971343186293,0.001238902615592341,8.305379436848537e-07
200,27800000.0,-0.01392613653658592,0.00392717529618869,-0.013926139104356416,0.0039271624588888,9.047853671991678e-07
200,28100000.0,-0.013086242809574156,0.006533563110573293,-0.013086249748924583,0.006533551713208796,9.12290798696743e-07
200,28400000.0,-0.011757964625330464,0.008961780762672511,-0.011757974487301093,0.008961772083952768,8.88597076404657e-07
200,28700000.0,-0.009978966461600569,0.011120691104475555,-0.009978978176831854,0.01112068532774424,8.742106676556085e-07
200,29000000.0,-0.007803251650401355,0.012926766178591897,-0.007803264575767133,0.01292676350185984,8.741812507023201e-07
200,29300000.0,-0.005300590173490383,0.014306546566604794,-0.005300603540439375,0.014306547109195877,8.768450369709135e-07
200,29600000.0,-0.0025552034637971177,0.0152006104170338,-0.002555216800529614,0.015200614028111792,8.963969244109871e-07
200,29900000.0,0.0003380342712365758,0.015567115469378834,0.0003380211375266784,0.015567122576890635,9.590748383599607e-07
200,30200000.0,0.0032780869678165625,0.015382792976793014,0.0032780752934951085,0.015382804584189058,1.0467009812519969e-06
200,30500000.0,0.006160610054916804,0.014642808947085695,0.006160602472408294,0.014642824665314302,1.098549283855111e-06
200,30800000.0,0.008880266391824765,0.013361803936774885,0.00888026451838958,0.013361821036920407,1.0722315722733393e-06
200,31100000.0,0.011334817612009884,0.011575166669832604,0.011334820245866684,0.011575182514531712,9.914454304227152e-07
200,31400000.0,0.013430264969202466,0.009338092082434968,0.013430270156948143,0.0093381067101026,9.488137081116583e-07
200,31700000.0,0.01508454468493231,0.006722726377019983,0.015084552855909261,0.006722741037261226,1.0162725826849616e-06
200,32000000.0,0.016229673981652093,0.0038156481138709175,0.016229687189320052,0.0038156617937730175,1.1405407314193999e-06
200,32300000.0,0.01681423496861606,0.000715908368108531,0.01681425326889846,0.0007159177377119574,1.2216308572515994e-06
200,32600000.0,0.016806345522043964,-0.0024680880977002717,0.016806366017944663,-0.0024680852154008726,1.2184631294449704e-06
200,32900000.0,0.016195392060060765,-0.005623045011477257,0.01619541181459383,-0.005623047891345934,1.164464221649766e-06
200,33200000.0,0.014992165815881642,-0.008634949897160848,0.014992184026547006,-0.008634956982047082,1.1294262111906225e-06
200,33500000.0,0.013228779139115021,-0.01139256188540605,0.013228795899915102,-0.011392572939469936,1.1500422893945998e-06
200,33800000.0,0.010958574820236155,-0.01379145601410725,0.010958589272309693,-0.013791471499289942,1.2024521276422435e-06
200,34100000.0,0.008254629084788745,-0.015738696025579757,0.008254639633942018,-0.01573871566542029,1.254422447666633e-06
200,34400000.0,0.005206630151164682,-0.01715652858660277,0.005206635392160153,-0.017156551331179437,1.301820536019478e-06
200,34700000.0,0.001917712445016373,-0.01798461283701247,0.0019177111988963325,-0.01798463715111831,1.3460810114549109e-06
200,35000000.0,-0.0014981757334561197,-0.018182199427282608,-0.001498184108175038,-0.018182222934133963,1.3678104022639866e-06
200,35300000.0,-0.004919775509557689,-0.017730800115207668,-0.004919790036821636,-0.017730820172884743,1.3459227138898393e-06
200,35600000.0,-0.008223569767185579,-0.016635808587283085,-0.008223588224639977,-0.016635824117774867,1.2998602732621942e-06
200,35900000.0,-0.011288885703681084,-0.01492604504322459,-0.011288906962245215,-0.014926056683301048,1.2950872921953042e-06
200,36200000.0,-0.014001782694781806,-0.012652394751611507,-0.0140018074903564,-0.012652402253861217,1.372740180602167e-06
200,36500000.0,-0.016258572810481764,-0.009886738502414838,-0.016258601041589382,-0.009886739278726187,1.484171050171722e-06
200,36800000.0,-0.017970035545341934,-0.0067203952699003144,-0.01797006400604212,-0.006720386975999415,1.545147567765855e-06
200,37100000.0,-0.019065533926563127,-0.0032609451785129417,-0.019065558370197355,-0.0032609288019973537,1.5211368444786636e-06
200,37400000.0,-0.019495752821877377,0.00037197137106614875,-0.01949577156071497,0.00037199265545040383,1.454300676553688e-06
200,37700000.0,-0.019234338776581483,0.004050689984511857,-0.019234352553192113,0.004050714412878298,1.4267882228951572e-06
200,38000000.0,-0.018279335733518476,0.007643583044869895,-0.018279344511622053,0.007643610923493305,1.4751822646148215e-06
200,38300000.0,-0.01665404725550368,0.011019901988351899,-0.016654049049531494,0.011019933000343096,1.555534294171776e-06
200,38600000.0,-0.014406420988938073,0.01405492236471173,-0.014406413989615396,0.014054954039985135,1.6117537149929032e-06
200,38900000.0,-0.011607280247285745,0.016634353268279667,-0.011607264538823436,0.016634382395277703,1.6314949666820253e-06
200,39200000.0,-0.00834832865872781,0.018658169585263118,-0.008348305606467155,0.01865819373683364,1.6333683293921437e-06
200,39500000.0,-0.004739681473724278,0.02004464613484558,-0.004739652835790142,0.020044663617842184,1.628979517223917e-06
200,39800000.0,-0.0009060183643126996,0.0207341781482816,-0.0009059862907617733,0.0207341879184616,1.6155283725398575e-06
200,40100000.0,0.0030183269904808796,0.020691700070309182,0.003018360463635794,0.02069170210964566,1.6037355596474389e-06
200,40400000.0,0.006894091086178666,0.019907685862093794,0.0068941249248828385,0.019907680393263516,1.6270358899725765e-06
200,40700000.0,0.010581413336169354,0.018398773044905448,0.010581446605192557,0.018398759126564745,1.6991229419200034e-06
200,41000000.0,0.013944692866732167,0.016208141280634858,0.013944722691294209,0.016208117700417968,1.7781991012010168e-06
200,41300000.0,0.01685807978357945,0.013404603944476179,0.016858101892305744,0.013404572013048233,1.8032586002835088e-06
200,41600000.0,0.019210468636840283,0.010080048000478237,0.019210480722469003,0.01008001183506535,1.757654312328529e-06
200,41900000.0,0.02090935610110689,0.006346133630964368,0.020909359168115205,0.006346096755845632,1.6933839697549435e-06
200,42200000.0,0.0218841445246839,0.0023308500152743328,0.021884139952401793,0.0023308131409820465,1.6883328731189464e-06
200,42500000.0,0.022089257990510536,-0.0018255919516050323,0.022089244795066576,-0.0018256286378005582,1.7589853984467684e-06
200,42800000.0,0.021506389980636476,-0.0059758690031955775,0.021506366465165128,-0.00597590277590454,1.8436767776789875e-06
200,43100000.0,0.020145338214299202,-0.00997097278344905,0.020145305251363266,-0.009970999284689919,1.8816314199355393e-06
200,43400000.0,0.018043862848385994,-0.013665340476380239,0.018043823895608657,-0.01366535691428672,1.8679041179409413e-06
200,43700000.0,0.015266963351422302,-0.016921979957463473,0.015266921847695958,-0.01692198593842076,1.8398642081910186e-06
200,44000000.0,0.011905101897516479,-0.01961780706907701,0.011905060118242439,-0.01961780291597659,1.8296176977186837e-06
200,44300000.0,0.008070998000501706,-0.021648501585517677,0.008070957950234936,-0.021648487431147556,1.8385463855297872e-06
200,44600000.0,0.003895598948490675,-0.022932231734211106,0.003895562810927511,-0.02293220799833573,1.85873693602644e-06
200,44900000.0,-0.00047611433145600124,-0.02341259343116775,-0.0004761444733170084,-0.023412560846470587,1.8955132964136744e-06
200,45200000.0,-0.0048897997157258954,-0.023061235017334925,-0.004889821419796103,-0.02306119448872279,1.9502193217693186e-06
200,45500000.0,-0.009187388682880049,-0.021879660371393328,-0.009187398908924282,-0.02187961412208972,1.996030167327752e-06
200,45800000.0,-0.01321315948495616,-0.019899441414417574,-0.013213156396084447,-0.01989939382681727,1.9964158839537944e-06
200,46100000.0,-0.0168193164322058,-0.017181055986209226,-0.016819301228900074,-0.01718101162573682,1.9503804560675105e-06
200,46400000.0,-0.019871019743413543,-0.013812094507242523,-0.019870995120274126,-0.013812055386564936,1.910130558677563e-06
200,46700000.0,-0.022251373857460455,-0.009904824790294753,-0.02225134077833446,-0.00990479119942178,1.935609608613078e-06
200,47000000.0,-0.02386619708174509,-0.0055925385991194565,-0.023866154942432383,-0.005592512539249972,2.021256191047897e-06
200,47300000.0,-0.024647792903439436,-0.0010247408753120135,-0.024647743117917953,-0.001024726584015756,2.0996415680461156e-06
200,47600000.0,-0.02455748773996458,0.003638109295312275,-0.02455743516880271,0.0036381088946771944,2.117692428529649e-06
200,47900000.0,-0.023587328996650836,0.00823002431169928,-0.023587278948427493,0.008230009989807496,2.0837967378765573e-06
200,48200000.0,-0.021760965455571046,0.012585351812388734,-0.021760920791171756,0.012585326068424552,2.050764991628678e-06
200,48500000.0,-0.019133221283746282,0.016544954423283853,-0.019133183354169248,0.016544918735316827,2.0589273438846565e-06
200,48800000.0,-0.015788286127584428,0.019962041673943554,-0.015788257025290853,0.019961996821806882,2.1007638578740935e-06
200,49100000.0,-0.011837024858560752,0.022707361097364376,-0.01183700738745852,0.02270730895707518,2.147411834528957e-06
200,49400000.0,-0.007413586165934571,0.02467402634409044,-0.00741358247696311,0.024673970115562605,2.187166569216985e-06
200,49700000.0,-0.002670932510483559,0.025781926753404294,-0.002670943725852082,0.02578187025182721,2.222386439584097e-06
200,50000000.0,0.0022247282617335884,0.025981051575251213,0.0022247021340126016,0.02598099918422192,2.24514876527883e-06
200,50300000.0,0.007099921779704976,0.025253372810199237,0.007099882670151936,0.025253328969020328,2.2396107408442328e-06
200,50600000.0,0.011779804555010154,0.023613682214880694,0.011779756082567094,0.023613649656211044,2.2127657464302168e-06
200,50900000.0,0.016094210767101713,0.021109674618344898,0.01609415596667574,0.021109653931513206,2.2066269605503225e-06
200,51200000.0,0.01988401025056985,0.017820870893112906,0.01988395049202063,0.017820862911136603,2.2579227489824985e-06
200,51500000.0,0.02300721599285349,0.013855998823419813,0.023007153427349714,0.013856006252633724,2.3459131194999516e-06
200,51800000.0,0.02534419924425635,0.009349182791951405,0.02534413918081968,0.009349207756053302,2.4078554001613825e-06
200,52100000.0,0.026802030992066128,0.004455479611250368,0.026801979875430315,0.004455520322340423,2.4051545709973347e-06
200,52400000.0,0.027318179071583515,-0.0006542563755412845,0.02731814050329151,-0.0006542046410399349,2.361447302888711e-06
200,52700000.0,0.026863282993833004,-0.00579937271455222,0.026863257487729997,-0.005799313715051269,2.338857988343733e-06
200,53000000.0,0.025442549873042286,-0.010795958165309427,0.025442538150557525,-0.01079589364088851,2.372819081391575e-06
200,53300000.0,0.023095816760543397,-0.01546336655431435,0.02309582115479969,-0.015463298914617507,2.4386999244499873e-06
200,53600000.0,0.019896576651698195,-0.019630602664897356,0.019896598884306615,-0.019630536665206977,2.49167726434945e-06
200,53900000.0,0.015949874017387344,-0.02314265352724132,0.015949913230892343,-0.02314259468987312,2.5156887746817358e-06
200,54200000.0,0.011388805827045378,-0.025866416838906447,0.011388859229173431,-0.0258663695730732,2.5233025756139923e-06
200,54500000.0,0.00636985182542793,-0.027695660330234406,0.0063699158210722695,-0.027695627832424408,2.5255993532690605e-06
200,54800000.0,0.0010675618264058828,-0.028554918314830702,0.00106763214036798,-0.028554902670737015,2.5208619311065215e-06
200,55100000.0,-0.004331282008399606,-0.028402568430333508,-0.004331209778382306,-0.028402570152796014,2.5147321893305466e-06
200,55400000.0,-0.009634234575098488,-0.02723294172744184,-0.00963416387793814,-0.02723296043610024,2.531624978675489e-06
200,55700000.0,-0.014650279551679302,-0.02507696271679727,-0.014650213563879744,-0.025076998626818003,2.5867342499378495e-06
200,56000000.0,-0.019196784012800228,-0.02200121239937769,-0.019196727643895684,-0.02200126555758508,2.6535551867420383e-06
200,56300000.0,-0.023105950655703533,-0.01810582046332987,-0.023105909997655938,-0.018105887894831918,2.6823730375898583e-06
200,56600000.0,-0.026230888656655238,-0.013521400451874332,-0.026230867378557177,-0.013521475814686879,2.6535712570016853e-06
200,56900000.0,-0.028451256825458016,-0.008404805943965976,-0.028451254537792403,-0.008404883168971922,2.6042248484503144e-06
200,57200000.0,-0.029677987108416848,-0.002933657839389703,-0.029678002321035457,-0.0029337337314283563,2.595400030327072e-06
200,57500000.0,-0.029856715640980247,0.0026999236669352777,-0.029856748731315497,0.002699851585586166,2.645685844228463e-06
200,57800000.0,-0.028970006143669735,0.008295977815916178,-0.028970057760302925,0.008295914436390328,2.712470206317407e-06
200,58100000.0,-0.027038449997773273,0.013653721006127495,-0.027038517651618355,0.013653672644352355,2.745493665047853e-06
200,58400000.0,-0.02412039576760816,0.01857884172009805,-0.02412047383924587,0.018578812643257447,2.736321549344015e-06
200,58700000.0,-0.02031014171500778,0.022890616768840077,-0.02031022429597429,0.022890608186122874,2.713079262364582e-06
200,59000000.0,-0.015734841547112244,0.026428426451236886,-0.01573492380331476,0.02642843820259999,2.7014621423317464e-06
200,59300000.0,-0.010550396987265787,0.02905763438511244,-0.010550474394497744,0.029057665864609228,2.7031128940509566e-06
200,59600000.0,-0.004936266196039818,0.03067480823469748,-0.0049363342636975505,0.030674857915372833,2.7122946599685424e-06
200,59900000.0,0.0009108551584618985,0.03121188304202771,0.0009108004241776824,0.03121194857148879,2.7343658732611883e-06
200,60200000.0,0.00678407425409977,0.03063886064945953,0.006784036771160684,0.03063893915772531,2.772289184707888e-06
200,60500000.0,0.012473545822791365,0.028965099919146642,0.012473529680460782,0.028965186896810824,2.8050680070719437e-06
200,60800000.0,0.017773797856024953,0.026239427270232096,0.017773805348719085,0.02623951572491312,2.801015963028577e-06
200,61100000.0,0.022491175919788664,0.02254895266032253,0.022491205493117228,0.022549035336967393,2.7570293454879715e-06
200,61400000.0,0.02645107758004639,0.018016319824729177,0.026451125434893474,0.01801639233462371,2.714600106509696e-06
200,61700000.0,0.029504422417966025,0.01279550141653285,0.0295044860401229,0.012795561570176694,2.722577824854686e-06
200,62000000.0,0.031533115729723615,0.007066551883385674,0.03153319388928022,0.007066596155767879,2.7797164146498334e-06
200,62300000.0,0.0324545545547229,0.0010295189638669378,0.032454643645497105,0.0010295419660026894,2.833679036044826e-06
200,62600000.0,0.03222503874174576,-0.0051025088839229404,0.032225131372103255,-0.005102510630500934,2.8396105069837763e-06
200,62900000.0,0.030841738797810714,-0.011111015412066605,0.03084182706389793,-0.01111104093426496,2.8027975102397376e-06
200,63200000.0,0.02834309923369971,-0.0167798603717928,0.028343177897471872,-0.01677990629708126,2.765468167528825e-06
200,63500000.0,0.02480784402374303,-0.02190296224662025,0.024807909688767338,-0.02190302570112479,2.759299392368219e-06
200,63800000.0,0.020352637302279653,-0.02629177936477589,0.020352686245659335,-0.026291857719964895,2.778583097881295e-06
200,64100000.0,0.015128267655314498,-0.02978235089665282,0.015128295992739016,-0.02978244009491471,2.80176048295319e-06
200,64400000.0,0.009314438974132422,-0.03224142841679334,0.009314444059429272,-0.032241522952572765,2.82098958699622e-06
200,64700000.0,0.003113562534469483,-0.03357141392250518,0.0031135432534974417,-0.03357150766005734,2.838449583391463e-06
200,65000000.0,-0.0032561597853787427,-0.03371414089022595,-0.003256202902214289,-0.033714227109169936,2.846054009954897e-06
200,65300000.0,-0.009568343036291282,-0.03265345258924879,-0.00956840684230087,-0.0326535246572226,2.8288153772769824e-06
200,65600000.0,-0.01559657724360175,-0.030416258601739576,-0.015596656284965316,-0.030416312096033238,2.7921731760657834e-06
200,65900000.0,-0.02112264858395263,-0.0270718667088663,-0.021122737733340835,-0.027071900034930207,2.7717519312538106e-06
200,66200000.0,-0.025944358673148593,-0.02272977548166777,-0.025944454489738145,-0.02272978731476405,2.79896998999641e-06
200,66500000.0,-0.02988280852597902,-0.01753617545104902,-0.029882906752102034,-0.01753616293968796,2.8578517381740338e-06
200,66800000.0,-0.032789068049120074,-0.011669148292134723,-0.032789161151502544,-0.01166910965664969,2.8962604720268716e-06
200,67100000.0,-0.03454988566278161,-0.005332539423450244,-0.034549965088168655,-0.005332477474444541,2.8813054109831687e-06
200,67400000.0,-0.03509204633993668,0.0012512073590911221,-0.035092106837134596,0.001251286319554179,2.832795384477871e-06
200,67700000.0,-0.03438527593496066,0.007848837352246507,-0.03438531588688554,0.007848927732895028,2.801751625539824e-06
200,68000000.0,-0.03244373191951577,0.014224479221328412,-0.03244374995356436,0.014224577336775734,2.816058011336734e-06
200,68300000.0,-0.02932595777412994,0.020148105011143835,-0.02932595136365168,0.020148206414569936,2.8556728048956764e-06
200,68600000.0,-0.02513314267472677,0.025403896536145387,-0.025133110424970462,0.025403994472728453,2.8853476304113835e-06
200,68900000.0,-0.020005793805203287,0.029798068290994406,-0.020005737346411645,0.029798155444618946,2.893290245462403e-06
200,69200000.0,-0.014119082495893664,0.03316592101051419,-0.014119005725775735,0.0331659914077056,2.8896387644130444e-06
200,69500000.0,-0.007676963697181183,0.03537803199519418,-0.00767687168377551,0.035378081119296745,2.8812551118329326e-06
200,69800000.0,-0.0009050911291438313,0.036345305279273044,-0.0009049899934455707,0.03634533017659369,2.8648227482137822e-06
200,70100000.0,0.005957195214175259,0.03602250125454676,0.005957299124448756,0.03602250118577266,2.8459390133594127e-06
200,70400000.0,0.012665332680474872,0.034410119335549716,0.01266543420074151,0.03441009494543201,2.8474937924039053e-06
200,70700000.0,0.0189781419196563,0.03155475113169115,0.018978236375679858,0.03155470266262128,2.883204493730649e-06
200,71000000.0,0.024666462850418625,0.0275479099029996,0.024666543837951194,0.027547837970260503,2.9293732617568817e-06
200,71300000.0,0.029521563299110598,0.022523179414900785,0.029521623303293998,0.02252308810890491,2.942386367401038e-06
200,71600000.0,0.03336284458925687,0.016651700774141798,0.03336287894524126,0.0166515979936126,2.9063502629133057e-06
200,71900000.0,0.036044480071042995,0.010136300419481659,0.036044488749874426,0.01013619387509701,2.8549647867418985e-06
200,72200000.0,0.03746087727225833,0.003204546368663408,0.03746086170905871,0.003204440741463088,2.839739771126961e-06
200,72500000.0,0.03755084659067298,-0.0038991495714431057,0.03755080653906806,-0.0038992503889063723,2.8734825747354255e-06
200,72800000.0,0.03630020529702016,-0.010922194318919276,0.03630014051256414,-0.010922284010374872,2.9187099342666446e-06
200,73100000.0,0.03374262830502528,-0.01761283255663204,0.033742542034955525,-0.017612903510323186,2.934634304241215e-06
200,73400000.0,0.029958801571936755,-0.02372912302503427,0.029958700435062102,-0.023729169936412164,2.9171508003465072e-06
200,73700000.0,0.02507397189293792,-0.029047651151380416,0.02507386294302083,-0.029047671996426105,2.8907540360252954e-06
200,74000000.0,0.01925386356847336,-0.03337174299210233,0.019253752969836113,-0.03337173735373278,2.87435817458252e-06
200,74300000.0,0.012699008720699956,-0.036538774650488604,0.01269890244494154,-0.03653874294495396,2.8670364836561898e-06
200,74600000.0,0.005637789499750578,-0.03842621059565943,0.0056376933557886755,-0.03842615454224352,2.8655491335405097e-06
200,74900000.0,-0.0016814586983464608,-0.03895624860724167,-0.0016815396077254352,-0.038956170884020924,2.8772960505294115e-06
200,75200000.0,-0.008999104368537902,-0.03809901693105355,-0.008999165003411469,-0.03809892076790278,2.9039919723445503e-06
200,75500000.0,-0.016053468616458955,-0.03587411211636349,-0.016053503647704415,-0.035874002668949245,2.9239375401552094e-06
200,75800000.0,-0.02259026876109882,-0.03235026409073738,-0.02259027483331344,-0.032350149465801836,2.909134988324526e-06
200,76100000.0,-0.028371769565785798,-0.027643177377580486,-0.028371747649243995,-0.027643066159437124,2.861697431960105e-06
200,76400000.0,-0.03318534501440118,-0.021911761597025903,-0.033185298664349494,-0.021911659377078285,2.8224028291408614e-06
200,76700000.0,-0.036851284598706235,-0.01535285687903154,-0.03685121612859232,-0.015352766977343002,2.8307237430312035e-06
200,77000000.0,-0.039229554804281475,-0.008194493678890025,-0.03922946533421068,-0.008194420943893999,2.877149386533554e-06
200,77300000.0,-0.04022513678251671,-0.000687911125364149,-0.04022503018719159,-0.0006878624347206319,2.9129179465660033e-06
200,77600000.0,-0.039791726125507854,0.00690127084661607,-0.039791610501025754,0.0069012906442544875,2.9046746275719436e-06
200,77900000.0,-0.03793375990537606,0.01430240215719114,-0.0379336441124658,0.014302392903684735,2.8653445712890266e-06
200,78200000.0,-0.034706698109134404,0.021249450079452004,-0.034706588528013116,0.021249414182971105,2.8335355751933463e-06
200,78500000.0,-0.030215432315953028,0.027490611286714817,-0.030215333740553074,0.027490550868497277,2.830322364000819e-06
200,78800000.0,-0.024610853255039422,0.032797438312849314,-0.024610770985049046,0.032797355610294954,2.8449081814282603e-06
200,79100000.0,-0.018084795327117376,0.03697313635621846,-0.018084734829732385,0.03697303537287988,2.860083664286028e-06
200,79400000.0,-0.010863545236092564,0.0398598404930921,-0.010863510772870955,0.03985972690144424,2.8732564993223028e-06
200,79700000.0,-0.0032000184761616923,0.04134463139171429,-0.0032000129257196974,0.04134451184614307,2.8859331685459375e-06
200,80000000.0,0.004635164054428542,0.041363943907043454,0.004635139500177798,0.04136382625705326,2.8874853580594654e-06
200,80300000.0,0.012363268320000231,0.03990614699672368,0.012363215537692152,0.039906039530145376,2.8658883042920966e-06
200,80600000.0,0.019707304432968087,0.037012303171638505,0.01970722815411008,0.037012212094733155,2.8331723732827734e-06
200,80900000.0,0.026401903422622386,0.03277514378897095,0.026401808322872644,0.03277507245838751,2.824624846579274e-06
200,81200000.0,0.0322029462136848,0.0273361891662951,0.03220283547337188,0.027336140891683236,2.8599117557228303e-06
200,81500000.0,0.03689651625082935,0.020881010198260608,0.036896394402139876,0.020880990128023136,2.9128374646867805e-06
200,81800000.0,0.04030675468418732,0.013632856017896655,0.04030663032852211,0.01363286816515541,2.936506007647132e-06
200,82100000.0,0.042302384934430615,0.0058449582359325625,0.042302268284798994,0.005845001561509244,2.913900476993012e-06
200,82400000.0,0.04280175362659444,-0.0022082692172467056,0.042801651872051205,-0.002208199719245796,2.875112053209088e-06
200,82700000.0,0.04177615549708613,-0.010240913193420242,0.041776072446351176,-0.010240822185354492,2.864408978727515e-06
200,83000000.0,0.03925122895240518,-0.01796574912578297,0.039251168478196874,-0.017965639863302574,2.89296604162958e-06
200,83300000.0,0.03530639504057698,-0.02510449311608287,0.035306362292053306,-0.025104370306134216,2.9338961944578835e-06
200,83600000.0,0.030072424246225915,-0.0313977885921779,0.030072423108038815,-0.03139765990017329,2.960184933864823e-06
200,83900000.0,0.023727166954512824,-0.03661464836728201,0.023727198083437484,-0.03661452257931508,2.970011423787325e-06
200,84200000.0,0.01648950207534272,-0.04056097240502443,0.016489563565109,-0.04056085760276118,2.9743964564713303e-06
200,84500000.0,0.008611742557996127,-0.043086737825796195,0.008611830699940759,-0.043086641260832836,2.975572817769667e-06
200,84800000.0,0.0003708572667322496,-0.04409162291691815,0.0003709664054460937,-0.04409155053305858,2.9700923601600443e-06
200,85100000.0,-0.00794120511872165,-0.04352895652623334,-0.007941081602750089,-0.04352891191897634,2.9679533641809373e-06
200,85400000.0,-0.016027857500108156,-0.04140782961194445,-0.016027725529730863,-0.04140781487642009,2.9906744753900018e-06
200,85700000.0,-0.023598517194642343,-0.03779317159404605,-0.023598382830587905,-0.03779318924636832,3.0415569844797417e-06
200,86000000.0,-0.03037906441245919,-0.032803760461459275,-0.03037893637243927,-0.03280381236717789,3.090168853031679e-06
200,86300000.0,-0.03612171540235498,-0.02660832489421061,-0.03612160428325817,-0.026608408606071166,3.10098832823872e-06
200,86600000.0,-0.04061404646552558,-0.019419898325294227,-0.04061396023129049,-0.01942000657218146,3.074251710580373e-06
200,86900000.0,-0.04368687899608803,-0.011488529503014488,-0.04368682087758058,-0.011488654443720048,3.0504766758369482e-06
200,87200000.0,-0.04522065788434204,-0.0030925569448214674,-0.045220629614367236,-0.0030926931334034347,3.068679495495639e-06
200,87500000.0,-0.045150041299569676,0.005471179912063695,-0.04515004619903551,0.005471037959270841,3.123050574489409e-06
200,87800000.0,-0.04346658989495,0.013897807417215358,-0.043466630807994844,0.01389766850009222,3.173412430050186e-06
200,88100000.0,-0.04021948654158469,0.02188525372424488,-0.04021956203442856,0.021885128559474554,3.1922765765901944e-06
200,88400000.0,-0.03551418624312286,0.029145107823253413,-0.03551429068614187,0.0291450051656561,3.187642957316971e-06
200,88700000.0,-0.029508990612544195,0.0354130507257997,-0.02950911706451098,0.0354129762795683,3.1833160850537547e-06
200,89000000.0,-0.022409719129214967,0.040458439711734906,-0.02240986049386151,0.04045839755970948,3.1895036074365915e-06
200,89300000.0,-0.014462702349375967,0.044092761247493506,-0.01446285073369824,0.04409275418760372,3.201269292184804e-06
200,89600000.0,-0.005946272284922283,0.04617669573010397,-0.005946419318595464,0.04617672458037103,3.2182931181664885e-06
200,89900000.0,0.002839016343021583,0.04662546936955092,0.0028388787694249573,0.046625533412218534,3.248630960286042e-06
200,90200000.0,0.011581034541478574,0.045412221380916495,0.0115809150386878,0.045412318712634736,3.2886412743416784e-06
200,90500000.0,0.019967146222703736,0.042569303261740465,0.019967054175023258,0.042569428991748204,3.3140036080447813e-06
200,90800000.0,0.027695342305739168,0.03818752995829544,0.027695285026837657,0.03818767492386521,3.304223734553501e-06
200,91100000.0,0.03448512579159213,0.03241336399302641,0.034485105609774636,0.03241351755813193,3.272658753635775e-06
200,91400000.0,0.040087733635119804,0.025444037446024748,0.04008774960805489,0.025444191437417718,3.2606295896594107e-06
200,91700000.0,0.04429524490952419,0.017520787100128832,0.04429529682156902,0.017520935125372894,3.293068745760023e-06
200,92000000.0,0.0469482490272905,0.008920508727326304,0.046948337134217644,0.008920642236736498,3.3472865332136872e-06
200,92300000.0,0.047941861369387107,-5.3883513807750916e-05,0.047941982041864506,-5.377547778540048e-05,3.378414461883937e-06
200,92600000.0,0.04722985997500767,-0.009084122677442075,0.047230004176250395,-0.009084048882048279,3.368014558715102e-06
200,92900000.0,0.044826719271959914,-0.017847905026973976,0.04482687628798132,-0.01784786907345559,3.338488659506512e-06
200,93200000.0,0.0408074537440235,-0.026030393362927562,0.04080761459130783,-0.026030395740624268,3.3234533958619154e-06
200,93500000.0,0.0353053250271016,-0.03333549633018951,0.03530548160717878,-0.033335537080625866,3.3321155674369937e-06
200,93800000.0,0.028507482045286192,-0.03949658192325911,0.02850762531805301,-0.03949665997502416,3.349488233281652e-06
200,94100000.0,0.020648610874054396,-0.04428624114084423,0.02064873158644598,-0.04428635267073844,3.3634119366141518e-06
200,94400000.0,0.012002801929298201,-0.04752467698773355,0.012002892129809262,-0.04752481569235423,3.375438081411874e-06
200,94700000.0,0.002873985668301271,-0.04908639690112526,0.002874038897525244,-0.04908655461228317,3.3851855239626096e-06
200,95000000.0,-0.0064147100271495505,-0.04890503026073967,-0.006414698091247506,-0.04890519655342196,3.3801021947579045e-06
200,95300000.0,-0.015532377450830082,-0.0469761139621796,-0.01553240706500092,-0.04697627716313635,3.3523511404043363e-06
200,95600000.0,-0.024152152548389094,-0.04335766563712884,-0.02415221999607947,-0.04335781596264843,3.319770540931312e-06
200,95900000.0,-0.031962960508467586,-0.038168468661538224,-0.03196306135961263,-0.03816859930051786,3.3150566054438896e-06
200,96200000.0,-0.03868071588977587,-0.03158417259960489,-0.03868084659304169,-0.03158427675723141,3.346752809743387e-06
200,96500000.0,-0.04405862246249129,-0.023831384652221566,-0.04405877720379217,-0.02383145367402406,3.3825787866397597e-06
200,96800000.0,-0.04789624898977077,-0.015179908313268875,-0.04789641681997686,-0.015179935159595814,3.3827434611645474e-06
200,97100000.0,-0.050047011309428874,-0.0059333455234584775,-0.05004717898798072,-0.005933329148700928,3.342936668526937e-06
200,97400000.0,-0.05042373436881201,0.0035815786394275406,-0.05042389148825313,0.003581634405164902,3.2981058758143443e-06
200,97700000.0,-0.04900211305443458,0.013026547613860906,-0.049002252524892986,0.013026638574809901,3.2839691580352916e-06
200,98000000.0,-0.045821980264286605,0.02206366219654088,-0.045822094882752185,0.02206378479814841,3.3001074511242136e-06
200,98300000.0,-0.040986295151385244,0.030367544339936714,-0.0409863766488589,0.030367692712891525,3.31856473923786e-06
200,98600000.0,-0.034657828145271505,0.03763707468947697,-0.034657870019087614,0.03763723932263208,3.3202202223529903e-06
200,98900000.0,-0.02705367569944478,0.043606293348266156,-0.027053675206749797,0.04360646315558547,3.3090075599826086e-06
200,99200000.0,-0.01843783940762224,0.04805409573997155,-0.018437796914331422,0.04805425989151413,3.2943908368886023e-06
200,99500000.0,-0.009112098671280627,0.05081242449220236,-0.009112017156686386,0.05081257261420502,3.2750882865658268e-06
200,99800000.0,0.0005945658050031319,0.05177263411480171,0.0005946804380395007,0.05177275720344543,3.2486162141141693e-06
200,100100000.0,0.010337612252571172,0.050889727279362695,0.010337752467720087,0.05088981914975621,3.2280851338967426e-06
200,100400000.0,0.01976916729956383,0.04818430734264467,0.01976932598210523,0.04818436368674961,3.2331342607598434e-06
200,100700000.0,0.028550412531211405,0.04374222786540738,0.028550582071334256,0.043742244073488035,3.260502473610838e-06
200,101000000.0,0.03636374840613833,0.037711942343501725,0.03636391789077155,0.03771191478318281,3.2776627730090314e-06
200,101300000.0,0.0429243088447871,0.030299575561860248,0.04292446502001746,0.030299505726455678,3.25607825435569e-06
200,101600000.0,0.047990354485231014,0.02176186499209054,0.04799048684100574,0.02176176006251218,3.2053559684703373e-06
200,101900000.0,0.05137214843551208,0.012397264047482537,0.05137225155172326,0.012397132221282803,3.1669804892156853e-06
200,102200000.0,0.052939035562982184,0.0025355338378267867,0.05293910565830215,0.002535381145195359,3.1700709715428217e-06
200,102500000.0,0.052624480707248664,-0.007473857386355753,0.052624512457884284,-0.007474024461035622,3.1995575173846798e-06
200,102800000.0,0.05042883093936945,-0.017274137940923584,0.050428819807200514,-0.017274309087353057,3.217460758976485e-06
200,103100000.0,0.04641967073272879,-0.026513958468448617,0.046419616956546506,-0.02651412118796337,3.205782517743747e-06
200,103400000.0,0.04072978529293181,-0.03485996666332891,0.0407296937054005,-0.034860110336154104,3.178125838996317e-06
200,103700000.0,0.033552811834114515,-0.04200882265285211,0.03355268893259514,-0.04200893958526475,3.1553029303072056e-06
200,104000000.0,0.025136677575151672,-0.04769824495149022,0.025136530509667604,-0.04769832901670279,3.141839883186671e-06
200,104300000.0,0.015775019755094294,-0.05171664213950633,0.0157748569355477,-0.05171668871692647,3.1321191772936e-06
200,104600000.0,0.005796926393757479,-0.053910946116837444,0.00579675687134748,-0.05391095283898473,3.1289248045763924e-06
200,104900000.0,-0.004444608712154879,-0.05419239745999738,-0.004444776050659821,-0.05419236349254186,3.1402898792387088e-06
200,105200000.0,-0.014585148770321715,-0.05254010436498868,-0.014585304109184377,-0.052540030001542615,3.1584584094428747e-06
200,105500000.0,-0.024261797493446674,-0.04900220153094503,-0.024261929675919114,-0.04900209041183645,3.158107752990602e-06
200,105800000.0,-0.03312621313569131,-0.043694507631520274,-0.033126312909263544,-0.043694368327139355,3.1249804273586075e-06
200,106100000.0,-0.04085714006863467,-0.036796738321318134,-0.04085720337935428,-0.03679658125500351,3.079884359603241e-06
200,106400000.0,-0.047172024573369886,-0.02854644359698888,-0.047172050661806575,-0.028546276753321553,3.0627510760277002e-06
200,106700000.0,-0.051837339731110155,-0.019230860040673203,-0.05183732678327513,-0.019230689833808157,3.08736123643815e-06
200,107000000.0,-0.05467723215132514,-0.009176913974412226,-0.05467717769856467,-0.009176749613840851,3.123014025852174e-06
200,107300000.0,-0.05558012967993936,0.0012602686797738016,-0.05558003540853712,0.0012604149306016943,3.1298366285516382e-06
200,107600000.0,-0.054503069389317926,0.011709902498478364,-0.054502942800755017,0.011710020240156549,3.101183866193883e-06
200,107900000.0,-0.051473617829292384,0.02179869628461928,-0.05147346836018085,0.021798780047860955,3.0651626950989773e-06
200,108200000.0,-0.0465892950551291,0.03116419268212489,-0.04658913071765336,0.031164239736409804,3.049724362937611e-06
200,108500000.0,-0.040014468616232146,0.0394678114414484,-0.04001429708799442,0.03946781919845632,3.055023629599403e-06
200,108800000.0,-0.03197481928155094,0.04640708560950246,-0.03197464977315895,0.046407052533134596,3.0645454217320634e-06
200,109100000.0,-0.022749607300174446,0.051726650609207336,-0.022749449727694993,0.051726577901120674,3.0710293338595876e-06
200,109400000.0,-0.012662004764544377,0.05522763176977552,-0.012661868384352848,0.05522752305723522,3.078119047594399e-06
200,109700000.0,-0.002067782835916354,0.05677509038655293,-0.0020676762951591376,0.05677495141440625,3.082273432093759e-06
200,110000000.0,0.008657259623468527,0.05630320451537907,0.008657329123949453,0.05630304403571218,3.070020497407446e-06
200,110300000.0,0.019130637327094524,0.05381797280308742,0.01913066646318906,0.053817801639233664,3.0398362640327712e-06
200,110600000.0,0.028976798207441923,0.04939737450015169,0.028976787581278973,0.04939720209673393,3.016127337195058e-06
200,110900000.0,0.03784057581409084,0.04318898789434611,0.03784052642583047,0.04318882125010193,3.02691684383056e-06
200,111200000.0,0.04540001630073964,0.03540510192700719,0.04539992800767223,0.03540494903909153,3.0665588533759976e-06
200,111500000.0,0.05137808436837055,0.026315456794601566,0.05137795965905978,0.02631532876543563,3.0961990190088164e-06
200,111800000.0,0.0555527970634504,0.01623789061558245,0.055552644467027124,0.01623779776951828,3.086239236498318e-06
200,112100000.0,0.05776544175572529,0.005527241696481777,0.05776527296297029,0.0055271887263033115,3.048627476882851e-06
200,112400000.0,0.05792659952421941,-0.0054371314299404006,0.05792642411168436,-0.005437144377049119,3.023144699436803e-06
200,112700000.0,0.05601972192650029,-0.0162647981825077,0.056019547096620825,-0.01626477095193657,3.0332399152607287e-06
200,113000000.0,0.0521020946940578,-0.02656817170653003,0.052101929001161396,-0.026568103473478377,3.0639110889090434e-06
200,113300000.0,0.046303164447444534,-0.035976370322559514,0.046303018677466556,-0.03597626302616552,3.0868236614230176e-06
200,113600000.0,0.03882030241014056,-0.04414855254989236,0.03882018651672825,-0.04414841244054335,3.092940146732575e-06
200,113900000.0,0.02991211962781981,-0.05078627597617613,0.02991204067506925,-0.050786111714186344,3.092133828258147e-06
200,114200000.0,0.01988952714882175,-0.05564441030210121,0.019889489804336136,-0.055644231511750686,3.090919895510965e-06
200,114500000.0,0.009104869303135033,-0.05854017090087815,0.009104875798401135,-0.05853998823572981,3.085226848412292e-06
200,114800000.0,-0.0020604532944199505,-0.059359956699973626,-0.002060403994817883,-0.05935978071828396,3.0769434805863788e-06
200,115100000.0,-0.013209449150935026,-0.05806377559555331,-0.013209360130832182,-0.05806361502440893,3.083208776112633e-06
200,115400000.0,-0.023943653466482306,-0.054687077279555574,-0.023943527809888177,-0.05468694009370578,3.116246857334902e-06
200,115700000.0,-0.03387739075511331,-0.049339874770617964,-0.033877232984386496,-0.049339770559545304,3.159219521120359e-06
200,116000000.0,-0.042651634263916605,-0.042203173820061224,-0.04265145385092717,-0.04220311206743954,3.178037318224988e-06
200,116300000.0,-0.0499469630244781,-0.03352286098659363,-0.0499467735325122,-0.03352284607274969,3.159874051110541e-06
200,116600000.0,-0.0554951831666356,-0.023601259194587776,-0.05549499674198388,-0.02360128939355688,3.1316507307691663e-06
200,116900000.0,-0.05908919515734956,-0.01278660787709196,-0.05908902000165894,-0.012786680060807853,3.1335915396307912e-06
200,117200000.0,-0.06059071315054576,-0.0014608284975361485,-0.06059055718188666,-0.001460941123823556,3.1741956250296167e-06
200,117500000.0,-0.05993554381469268,0.009973964519762735,-0.059935417800199065,0.009973814653904789,3.222610171176627e-06
200,117800000.0,-0.057136254107074125,0.021109725302904003,-0.05713616876923289,0.021109546893279152,3.2468483574571966e-06
200,118100000.0,-0.052282125798627455,0.031547035182945216,-0.052282087245312026,0.03154684077241443,3.245799645578061e-06
200,118400000.0,-0.045536352826687665,0.04090944677879271,-0.045536362427234245,0.040909248611402216,3.2410971793664987e-06
200,118700000.0,-0.037130558152749904,0.048857066641452285,-0.03713061509242488,0.04885687567036756,3.2474300216475884e-06
200,119000000.0,-0.027356845648346395,0.05509887428359139,-0.027356947368536888,0.05509870135295625,3.261389846964895e-06
200,119300000.0,-0.016557674305702097,0.05940336293188375,-0.016557815561023537,0.0594032183211759,3.278081959292169e-06
200,119600000.0,-0.005113874753404968,0.061607131154319816,-0.005114048260122406,0.06160702345092517,3.3034716223719694e-06
200,119900000.0,0.006568793656818395,0.06162107802423478,0.006568596524558767,0.06162101475185766,3.3409243709863645e-06
200,120200000.0,0.018074044202850414,0.05943394438950689,0.01807383492294079,0.05943393205015024,3.374742124818607e-06
200,120500000.0,0.02898988641330802,0.05511308464549369,0.02898967981551892,0.05511312562946369,3.3822929905692375e-06
200,120800000.0,0.03892336484978309,0.04880245425627905,0.03892317525165723,0.04880254455930322,3.364193522769299e-06
200,121100000.0,0.04751471203787894,0.04071785282657636,0.04751454925552645,0.040717985128690515,3.3522585560314957e-06
200,121400000.0,0.05445039014640596,0.031139552865433462,0.05445026125888153,0.031139721005887022,3.3775083693323597e-06
200,121700000.0,0.05947452324099789,0.020402579461102466,0.059474436936393094,0.020402777267471972,3.4323414770423006e-06
200,122000000.0,0.06239831623257097,0.008885002589197555,0.06239828184879115,0.008885219059631577,3.4775837571167845e-06
200,122300000.0,0.06310713871559392,-0.003005361154080788,0.06310716055442112,-0.003005141981690773,3.4862672895206705e-06
200,122600000.0,0.06156499670237614,-0.014845394511745269,0.061565071903645796,-0.014845188041651802,3.469764420171351e-06
200,122900000.0,0.05781619357461243,-0.026211750103606768,0.05781631594965031,-0.026211567690944015,3.460258289005897e-06
200,123200000.0,0.05198411832586447,-0.03669598213649605,0.05198428155961299,-0.03669583307333468,3.4739865183308575e-06
200,123500000.0,0.04426721918121568,-0.04591920813617367,0.04426741547300028,-0.045919101813673535,3.4999958189022864e-06
200,123800000.0,0.03493228474252863,-0.053545803945569403,0.0349325029886256,-0.05354574832275105,3.522793011584065e-06
200,124100000.0,0.02430522861858786,-0.059295631247673786,0.024305455549839428,-0.05929563080425959,3.541173622147509e-06
200,124400000.0,0.012759698534254849,-0.06295432062395268,0.012759920213018638,-0.0629543764913425,3.558995366377344e-06
200,124700000.0,0.0007039396611683291,-0.06438123299861598,0.0007041415087083447,-0.0643813428148503,3.5689406448018085e-06
200,125000000.0,-0.011433623170993501,-0.06351483551738202,-0.011433454982821667,-0.06351499199049071,3.5595648134210448e-06
200,125300000.0,-0.023219605403448362,-0.060375292795133095,-0.02321948064652979,-0.06037548465504772,3.5379064788522575e-06
200,125600000.0,-0.034231151897659906,-0.05506413835149626,-0.034231075805252864,-0.05506435432575785,3.5317242138248996e-06
200,125900000.0,-0.044071114960504865,-0.04776101464994209,-0.0440710918440661,-0.04776124477440069,3.558868611094453e-06
200,126200000.0,-0.05238236614851166,-0.0387176100399933,-0.05238240077032219,-0.03871784198811801,3.600310571789853e-06
200,126500000.0,-0.058860749635307075,-0.0282490072572692,-0.05886084272808323,-0.02824922430354082,3.6172869985915095e-06
200,126800000.0,-0.06326621831987866,-0.01672271792451241,-0.06326636267894736,-0.016722903587257143,3.5938889478324155e-06
200,127100000.0,-0.06543172316244061,-0.004545773351762428,-0.06543190675232236,-0.004545917033351721,3.554374290564788e-06
200,127400000.0,-0.06526951554093596,0.007849653163875203,-0.06526972720255131,0.007849557042829414,3.536122363748629e-06
200,127700000.0,-0.06277464760083018,0.02002157254481407,-0.0627748773669774,0.020021529066935884,3.5489767883603815e-06
200,128000000.0,-0.058025545868234385,0.0315339334422049,-0.05802578121342905,0.03153394749355076,3.569981843705892e-06
200,128300000.0,-0.05118160113299686,0.0419722567100651,-0.05118182645454916,0.04197232911918736,3.5755648501487473e-06
200,128600000.0,-0.04247782949123513,0.05095856839607116,-0.04247802967337533,0.05095869432951128,3.5648929671552154e-06
200,128900000.0,-0.03221680339791977,0.05816507381864433,-0.03221696611769698,0.058165244768356494,3.5494984273960146e-06
200,129200000.0,-0.020758150795832098,0.06332609731346128,-0.020758266272255632,0.06332630243712067,3.5322347266111277e-06
200,129500000.0,-0.008505969379366318,0.06624787609025917,-0.00850603095373681,0.06624810217151067,3.5081524129338516e-06
200,129800000.0,0.004105428111969234,0.06681583289072668,0.00410542271384462,0.06681606597080991,3.482751187597709e-06
200,130100000.0,0.01662692281761946,0.06499903018305853,0.016626972841808474,0.06499925783453842,3.474069173743828e-06
200,130400000.0,0.02861058142621098,0.060851643414144174,0.028610685412015835,0.06085185366190782,3.4882445355858853e-06
200,130700000.0,0.039625668666364966,0.054511411754761596,0.03962582276135018,0.054511590553852685,3.5024625682405943e-06
200,131000000.0,0.04927413162063088,0.046195101866765675,0.04927432562823686,0.046195235248512656,3.485742887770488e-06
200,131300000.0,0.057204994246136565,0.0361911104310777,0.05720521266675327,0.036191190268493934,3.4354673915590718e-06
200,131600000.0,0.06312711961877326,0.024849461732067812,0.06312734786140517,0.024849486970403234,3.384823977977746e-06
200,131900000.0,0.06681988013571427,0.012569568645890428,0.06682010739104038,0.012569540232418852,3.3684035044154856e-06
200,132200000.0,0.06814136683552263,-0.0002138191744496254,0.06814158221308242,-0.00021390143141042373,3.3833926444481783e-06
200,132500000.0,0.06703382927663437,-0.013046008408737375,0.06703401863217717,-0.013046142263898108,3.3955713430731346e-06
200,132800000.0,0.06352611468172054,-0.025468548746800046,0.06352626393723293,-0.02546872549400092,3.3800670926948276e-06
200,133100000.0,0.05773300710150098,-0.03703561213604489,0.05773310716961033,-0.03703581851569737,3.3438709996769545e-06
200,133400000.0,0.049851502641555356,-0.04732997892152113,0.049851549522766714,-0.04733020152135259,3.3092774555737855e-06
200,133700000.0,0.04015414311549348,-0.05597808376788116,0.0401541353349022,-0.055978309998600206,3.285850510463055e-06
200,134000000.0,0.0289796069172934,-0.0626635840934262,0.02897954528986446,-0.06266380109733927,3.2674399061188217e-06
200,134300000.0,0.01672087373229214,-0.06713893292174422,0.016720762309420767,-0.06713912836200331,3.2514991677634153e-06
200,134600000.0,0.0038114005129123996,-0.06923452290355536,0.003811245619674164,-0.06923468617920747,3.2457317947960048e-06
200,134900000.0,-0.00929019325402658,-0.06886508640647016,-0.009290383777918798,-0.0688652077218741,3.250425010096785e-06
200,135200000.0,-0.022116410388500984,-0.06603312383546589,-0.022116625281352498,-0.0660331940982215,3.2465927970854046e-06
200,135500000.0,-0.034207566367488784,-0.060829205461550906,-0.034207790264154436,-0.060829219855611516,3.214862616558909e-06
200,135800000.0,-0.04512827229285232,-0.0534291082049152,-0.04512849003467467,-0.05342906880931553,3.1639276089188873e-06
200,136100000.0,-0.05448310589872163,-0.04408789217698006,-0.0544833069261248,-0.044087804534366004,3.1289999415515524e-06
200,136400000.0,-0.06193092177368742,-0.03313112913318861,-0.06193109805946673,-0.033130997338973955,3.133788652974007e-06
200,136700000.0,-0.06719729619108783,-0.02094356890159954,-0.06719743737632511,-0.020943397018503784,3.1602297739631656e-06
200,137000000.0,-0.07008463744364413,-0.007955624490376678,-0.0700847318799469,-0.007955421937897444,3.168441499388207e-06
200,137300000.0,-0.0704795751104399,0.005371834040550194,-0.07047961601991215,0.005372052265594451,3.141111279975104e-06
200,137600000.0,-0.0683573680048184,0.01856382410180535,-0.06835735570751122,0.018564043242633943,3.0986230492861823e-06
200,137900000.0,-0.0637831778710547,0.03114816909570184,-0.06378311569902673,0.0311483781204851,3.072239052231217e-06
200,138200000.0,-0.0569101349948693,0.0426724075538254,-0.056910026101808064,0.04267259682910929,3.0698599862152446e-06
200,138500000.0,-0.04797422969526277,0.05272007446276783,-0.04797407873881454,0.052720233463654065,3.07582275675121e-06
200,138800000.0,-0.03728621006247845,0.06092574641433668,-0.03728602518135116,0.06092586536619882,3.077739635503473e-06
200,139100000.0,-0.02522078702667141,0.06698831551729567,-0.025220578731161236,0.06698838736138057,3.078251025551088e-06
200,139400000.0,-0.012203515524574549,0.07068203365961523,-0.012203295542672077,0.07068205375875847,3.079674616828712e-06
200,139700000.0,0.0013042124508304553,0.07186491872666667,0.001304430703593873,0.07186488528449986,3.0719265977466473e-06
200,140000000.0,0.014821532276954485,0.07048418778195709,0.014821735055633667,0.07048410383538406,3.0470821269623114e-06
200,140300000.0,0.027865227003724957,0.06657851022036643,0.02786540385977121,0.06657838282437867,3.019941505554391e-06
200,140600000.0,0.03996699315717844,0.06027700721883167,0.03996713732662682,0.060276843232948574,3.0190628815296903e-06
200,140900000.0,0.050690254074920116,0.051795020716000284,0.05069035831259816,0.051794825719021276,3.0509540868691437e-06
200,141200000.0,0.059645918250091245,0.04142677101296299,0.059645973346772685,0.041426553831058976,3.0853585685782425e-06
200,141500000.0,0.06650649559575328,0.029535151740078813,0.06650649552708154,0.029534927085121065,3.0872057984220184e-06
200,141800000.0,0.07101805855042054,0.016539034537489394,0.0710180050288205,0.016538818211574435,3.0561366438612185e-06
200,142100000.0,0.0730096308886008,0.0028985287550371552,0.0730095302930267,0.0028983317745006065,3.0270896765405125e-06
200,142400000.0,0.0723996597559653,-0.010901305814299045,0.07239951740229866,-0.010901476061937254,3.0310561159802393e-06
200,142700000.0,0.06919930519002371,-0.024367720522056047,0.06919912555220309,-0.024367855399432647,3.061937553392781e-06
200,143000000.0,0.06351241020542053,-0.03701787747697516,0.06351220139780045,-0.037017966994482565,3.0904442057907843e-06
200,143300000.0,0.05553216128450744,-0.04839615031161193,0.05553193591960781,-0.04839618748254737,3.1008108838686613e-06
200,143600000.0,0.04553455596466138,-0.05809052745752341,0.04553432772504218,-0.05809051020466427,3.1010903556328248e-06
200,143900000.0,0.03386887768667135,-0.06574754027232,0.033868659333892825,-0.06574746976077117,3.1025019920828313e-06
200,144200000.0,0.020945491557044615,-0.07108515709087992,0.020945295376424422,-0.07108503706297076,3.1034476049826375e-06
200,144500000.0,0.00722140313443953,-0.07390315723009788,0.007221240048835842,-0.07390299470174755,3.1007245208167446e-06
200,144800000.0,-0.0068158954919401715,-0.07409061738944223,-0.006816017583093359,-0.0740904212130149,3.1055871133477893e-06
200,145100000.0,-0.020665733290459176,-0.0716302470273551,-0.02066580816031971,-0.0716300257658864,3.133205590904471e-06
200,145400000.0,-0.0338321225376248,-0.06659939399417003,-0.03383214337329665,-0.06659915765784064,3.1760856849451843e-06
200,145700000.0,-0.04584152878380143,-0.05916765586071526,-0.045841490672930085,-0.059167419126118226,3.203593546384422e-06
200,146000000.0,-0.05625989777626117,-0.04959117825200021,-0.05625980280743548,-0.04959095820165316,3.1957490996418838e-06
200,146300000.0,-0.06470833674334342,-0.038203844909028284,-0.06470819350248513,-0.03820365457008057,3.1701128774261185e-06
200,146600000.0,-0.07087689768800276,-0.025405651878333213,-0.07087671501906234,-0.02540549866835984,3.1665075133928485e-06
200,146900000.0,-0.0745359508926966,-0.011648655257685547,-0.07453573533786884,-0.011648546178955721,3.2022917524843093e-06
200,147200000.0,-0.07554471500709425,0.0025790034849824117,-0.07554447548328636,0.002579059002192796,3.2527913493366624e-06
200,147500000.0,-0.07385663725552849,0.016770411945753683,-0.07385638870494216,0.01677040660736262,3.282538956771052e-06
200,147800000.0,-0.06952143898281182,0.030417935657084838,-0.06952119880589702,0.03041786927178114,3.283712396305502e-06
200,148100000.0,-0.06268373275401329,0.04303138037681964,-0.06268351548510065,0.04303125841250344,3.2770375870933424e-06
200,148400000.0,-0.05357822365320031,0.05415561335851038,-0.05357804067390326,0.05415544296101493,3.2821330521400255e-06
200,148700000.0,-0.0425216549533971,0.06338698713070756,-0.042521516668795556,0.06338677677601479,3.298100752167728e-06
200,149000000.0,-0.02990179662657555,0.07038797249449735,-0.02990171191764679,0.07038773346185057,3.3160630567784323e-06
200,149300000.0,-0.016163862087427372,0.0748994918545618,-0.01616383667638832,0.07489923736782034,3.3377771457255774e-06
200,149600000.0,-0.0017948087263968127,0.07675050698141805,-0.0017948457426264497,0.07675025096828403,3.369430360792504e-06
200,149900000.0,0.012693929920690739,0.07586448841933535,0.012693829827264747,0.07586424661936886,3.402260578232914e-06
200,150200000.0,0.02678465134965835,0.07226251653677451,0.02678449297956087,0.0722623063208907,3.4151709801436904e-06
200,150500000.0,0.03997187667434998,0.06606290577652763,0.03997167165817661,0.06606274153365388,3.4021304110448427e-06
200,150800000.0,0.05178048298011184,0.05747735718480951,0.051780245304202666,0.05747724670448706,3.387966252790805e-06
200,151100000.0,0.06178282970115978,0.04680374804972276,0.06178257099370299,0.046803695645903476,3.405552578453703e-06
200,151400000.0,0.06961424604013544,0.034415799042706974,0.06961397788387069,0.03441581025412188,3.4561182273124022e-06
200,151700000.0,0.07498631370778419,0.020749993524395993,0.07498605279123183,0.02075007280138763,3.504887207972045e-06
200,152000000.0,0.07769747896641954,0.006290212511278925,0.07769724549478241,0.006290356676671216,3.520076221890974e-06
200,152300000.0,0.07764061132379085,-0.00844939253230037,0.07764042174227503,-0.008449194954467387,3.5060891294399794e-06
200,152600000.0,0.07480720707247857,-0.022942692681814814,0.07480707106034279,-0.022942455464514566,3.494659254746124e-06
200,152900000.0,0.06928806170879342,-0.036670370971978894,0.06928798588766849,-0.03667010664348691,3.5077961576462553e-06
200,153200000.0,0.061270391295265014,-0.049138522554003417,0.06127038180928723,-0.04913824485553009,3.537793470281544e-06
200,153500000.0,0.05103150917248467,-0.059896414836074996,0.05103156914762064,-0.05989614075437033,3.565571129880142e-06
200,153800000.0,0.038929257666549866,-0.0685527870364665,0.03892938469360896,-0.06855253450054155,3.58577122071854e-06
200,154100000.0,0.025389505735734286,-0.07479008915358876,0.02538969277587544,-0.07478987452667007,3.6044979660183213e-06
200,154400000.0,0.010891157261653905,-0.07837612369776903,0.010891393465923827,-0.07837596160976457,3.620284710597907e-06
200,154700000.0,-0.004050784649322292,-0.0791726697595384,-0.004050514722590659,-0.07917257180632131,3.6221534513712067e-06
200,155000000.0,-0.018903503424166246,-0.07714078605679031,-0.01890321810072626,-0.0771407577226324,3.6101193589670068e-06
200,155300000.0,-0.033135370962156685,-0.07234258608314625,-0.033135086965347504,-0.07234262706961858,3.606120981058114e-06
200,155600000.0,-0.04623498365499712,-0.0649393937112902,-0.04623471523281042,-0.06493950225147738,3.6320593924132767e-06
200,155900000.0,-0.057729536879009835,-0.055186336600372865,-0.05772929996729559,-0.05518651033000288,3.6785660374350846e-06
200,156200000.0,-0.06720188340079813,-0.04342357201684077,-0.06720169666839082,-0.043423802720888305,3.709574375973506e-06
200,156500000.0,-0.07430567544279221,-0.03006444005997355,-0.07430555394413618,-0.03006471075397077,3.701601153392639e-06
200,156800000.0,-0.07877803457746646,-0.015580939767025348,-0.07877798417005355,-0.015581230170553129,3.670371969979656e-06
200,157100000.0,-0.08044926751183512,-0.00048704389617482136,-0.08044928775258198,-0.0004873371571623153,3.6538952210715643e-06
200,157400000.0,-0.07924927314729624,0.014679537493777706,-0.07924936311308128,0.01467925568397288,3.6703652068272507e-06
200,157700000.0,-0.07521042142077716,0.029376499677135293,-0.07521057913888107,0.029376245826501335,3.701282577002905e-06
200,158000000.0,-0.06846678826121266,0.04307633318638315,-0.06846700580737197,0.04307612545681794,3.718548046316799e-06
200,158300000.0,-0.05924973742983042,0.055285271242787926,-0.05925000020384985,0.05528512424834853,3.7155082894159374e-06
200,158600000.0,-0.04787998743125588,0.06556109257845733,-0.04788027802931083,0.06556101502020117,3.7048132426536135e-06
200,158900000.0,-0.03475645483259138,0.07352912925888733,-0.034756755303651854,0.07352912532586375,3.6947854952871744e-06
200,159200000.0,-0.02034227174507164,0.07889591782033734,-0.020342563476373865,0.07889598739421078,3.680979285439585e-06
200,159500000.0,-0.005148451741949334,0.08146000710482382,-0.005148717099319633,0.08146014477708585,3.662524479441403e-06
200,159800000.0,0.010284230386736759,0.0811195114042394,0.01028400568850607,0.08111970824246711,3.6532379593344295e-06
200,160100000.0,0.02540449032570402,0.077876116352385,0.02540431847439706,0.07787636247150531,3.6645084158290457e-06
200,160400000.0,0.03967022313255786,0.07183539284853563,0.03967011651829555,0.07183567557467141,3.6821185356792428e-06
200,160700000.0,0.052567937842659784,0.0632034023552161,0.05256790599428118,0.06320370280352561,3.6752262571511592e-06
200,161000000.0,0.06363124858982161,0.052279688791542545,0.06363129228638309,0.05227998469382017,3.6320301898971826e-06
200,161300000.0,0.07245774273933892,0.03944688681098468,0.07245785452262776,0.03944716002341553,3.578138528218743e-06
200,161600000.0,0.078723607048103,0.025157321366988283,0.07872377816496678,0.025157559857591716,3.551637689836774e-06
200,161900000.0,0.08219549593138264,0.009917078311295152,0.08219571922294477,0.009917270681059215,3.5598811999272983e-06
200,162200000.0,0.08273922009030166,-0.005731908963406168,0.0827394850147618,-0.005731776352323026,3.5720891455849846e-06
200,162500000.0,0.08032491724375834,-0.02123113852007874,0.08032520616001637,-0.021231076412420335,3.556853160873961e-06
200,162800000.0,0.07502848857571465,-0.036025485126592774,0.07502878087820664,-0.036025496011477434,3.514438889220458e-06
200,163100000.0,0.06702924749215455,-0.04958307944286765,0.06702952547087726,-0.04958315921580636,3.4686361010269463e-06
200,163400000.0,0.05660387282542079,-0.06141441766115726,0.05660412201609155,-0.06141455989313932,3.435358693020863e-06
200,163700000.0,0.04411686409475424,-0.07109003630686472,0.044117071138593644,-0.07109023257638124,3.4098026782047415e-06
200,164000000.0,0.030007806904815748,-0.0782561112298803,0.03000796037122866,-0.07825634974885025,3.3840441150914382e-06
200,164300000.0,0.014775893755173186,-0.08264739495011947,0.014775985819872162,-0.08264766182171712,3.36245544444704e-06
200,164600000.0,-0.0010377373052659067,-0.08409701881437717,-0.0010377117805822067,-0.0840972994074248,3.3500500155153234e-06
200,164900000.0,-0.01686922038460059,-0.08254281383404517,-0.016869264066022183,-0.0825430913437742,3.3344697304817094e-06
200,165200000.0,-0.032152067836934695,-0.07802991210766207,-0.03215217752820365,-0.07803016765924277,3.2952120758778096e-06
200,165500000.0,-0.04633744766374681,-0.07070950832510589,-0.046337612766389924,-0.07070972612063758,3.2328020332101195e-06
200,165800000.0,-0.05891389236957867,-0.06083381325329462,-0.05891409994011765,-0.060833984511346084,3.1776380496394715e-06
200,166100000.0,-0.06942573330504098,-0.04874738164632317,-0.06942597327934541,-0.048747500936592636,3.1590899307896952e-06
200,166400000.0,-0.07748961264380139,-0.03487511022727122,-0.07748987513475392,-0.03487517009848412,3.1683258253513893e-06
200,166700000.0,-0.08280847340176845,-0.019707304981632368,-0.08280874283642214,-0.01970729842595731,3.1662326785179505e-06
200,167000000.0,-0.08518249680806589,-0.003782341973083525,-0.085182753490737,-0.0037822695445179355,3.1278996613078784e-06
200,167300000.0,-0.08451658174274534,0.012332443703208074,-0.08451680955368746,0.012332573202757602,3.0680254619294052e-06
200,167600000.0,-0.08082410875038093,0.02806095673678627,-0.08082429807575231,0.028061132703636193,3.0210662967490616e-06
200,167900000.0,-0.07422684979594152,0.04283893059267607,-0.07422699324420057,0.04283914417840434,3.002103169739961e-06
200,168200000.0,-0.06495099286809092,0.05613418255397079,-0.06495108240739977,0.056134423702989655,2.9964402536582696e-06
200,168500000.0,-0.053319395964174454,0.06746578981945617,-0.05331942560736147,0.06746604488056085,2.9860663447033677e-06
200,168800000.0,-0.039740350311566974,0.07642148030890278,-0.039740318652997875,0.07642173421962295,2.9705806961001357e-06
200,169100000.0,-0.024693259217705155,0.08267262177537454,-0.024693168436012325,0.08267286018777714,2.9567212971814693e-06
200,169400000.0,-0.00871172451772484,0.08598627947225301,-0.008711579897680455,0.0859864883811094,2.939861366263189e-06
200,169700000.0,0.007635376833940999,0.08623389167819989,0.007635565488332219,0.08623405865688066,2.910165340604797e-06
200,170000000.0,0.023764147323950713,0.08339622777459577,0.02376436718930952,0.0833963453316286,2.8751260045896477e-06
400,20000000.0,0.0010450729907465484,0.01031087933899566,0.0010450641112016157,0.010310878619900876,8.595974956148647e-07
400,20300000.0,0.0029944717346992444,0.010087136533908359,0.002994464364958399,0.010087139292422886,7.47853689491386e-07
400,20600000.0,0.004896193631849427,0.009492497217215456,0.004896189280421515,0.009492501927962582,6.00417462240838e-07
400,20900000.0,0.006678937485115527,0.008536955082092623,0.006678936164821958,0.008536959590771831,4.334291034433874e-07
400,21200000.0,0.008273604812605001,0.0072448248937933,0.008273605245540744,0.007244827917632257,2.7776645813049484e-07
400,21500000.0,0.009616617470022654,0.00565367059003874,0.009616618387256776,0.0056536720384952055,1.536877990894192e-07
400,21800000.0,0.010651942909115253,0.0038126295623357453,0.010651943564181587,0.003812629719356808,5.954038479164398e-08
400,22100000.0,0.011332762044103967,0.0017813635886874124,0.011332761769755645,0.0017813628064915488,7.225590967376003e-08
400,22400000.0,0.011623891163590194,-0.0003712406163223214,0.011623889403364784,-0.00037124148502676313,1.6878309955205973e-07
400,22700000.0,0.011504053589560859,-0.0025697663955879246,0.011504050602773874,-0.0025697661661061577,2.5413117759626847e-07
400,23000000.0,0.010966714973983993,-0.0047355581052999085,0.010966711846205512,-0.004735556235675453,3.050500874438453e-07
400,23300000.0,0.010020044152247803,-0.006789294566246884,0.010020041775668675,-0.006789291510009621,3.1986721688389786e-07
400,23600000.0,0.008687182208115818,-0.008653250866566653,0.008687180655498589,-0.008653247240872242,3.2166753807327773e-07
400,23900000.0,0.007006404553737633,-0.010254342514574022,0.007006403639210679,-0.010254338380058847,3.409549405540601e-07
400,24200000.0,0.0050300105674833395,-0.011527542818936976,0.005030010518948941,-0.011527538022722661,3.8136249126520486e-07
400,24500000.0,0.002822180895668408,-0.012418434922384147,0.00282218214218502,-0.012418429663463515,4.243895482666183e-07
400,24800000.0,0.0004569403469881217,-0.012884939863690326,0.0004569430780466399,-0.01288493453204631,4.6462437741725037e-07
400,25100000.0,-0.001983788769452377,-0.012899186739310009,-0.0019837843988257386,-0.01289918159260739,5.173696080569459e-07
400,25400000.0,-0.004412990659483695,-0.012449427338735664,-0.00441298423659775,-0.01244942285016748,5.932470274457684e-07
400,25700000.0,-0.0067421674433225665,-0.011540930000877303,-0.006742158791980757,-0.011540927298870685,6.78099652352542e-07
400,26000000.0,-0.008884681436848452,-0.01019569308856938,-0.008884671345447459,-0.010195693487108581,7.467847428119601e-07
400,26300000.0,-0.010758530224396268,-0.008451878134558166,-0.01075852025832863,-0.00845188218282078,7.862440952628018e-07
400,26600000.0,-0.012289302976148497,-0.006363199900091487,-0.012289294579653276,-0.006363207178464059,8.029474794632507e-07
400,26900000.0,-0.013413477710931487,-0.003997483787061995,-0.013413471784240849,-0.003997493487851278,8.122033649538033e-07
400,27200000.0,-0.014081182265638703,-0.0014341263421031591,-0.014081179415609324,-0.0014341375961353098,8.202122244116027e-07
400,27500000.0,-0.01425797537895268,0.0012387517929088876,-0.014257975969106274,0.0012387400821438632,8.19304290265244e-07
400,27800000.0,-0.013926240080038954,0.003927001706056421,-0.013926243888647993,0.0039269907243227875,8.033145426599471e-07
400,28100000.0,-0.013086521518745398,0.006533527088276814,-0.013086527832644468,0.006533517526871924,7.833552059607987e-07
400,28400000.0,-0.011758163297444946,0.00896206848793113,-0.011758171622429092,0.008962060435088293,7.834347760113526e-07
400,28700000.0,-0.009978751448256717,0.011121020064541298,-0.009978761838161543,0.01112101369418006,8.156637664520876e-07
400,29000000.0,-0.00780285467150732,0.012926665306784879,-0.007802867157171545,0.012926661383399707,8.667779145293477e-07
400,29300000.0,-0.005300577349292623,0.014306141547942075,-0.0053005913268787674,0.014306141047472631,9.167573478448234e-07
400,29600000.0,-0.002555579638253147,0.015200507883947001,-0.002555594006569406,0.01520051140636236,9.597722147778324e-07
400,29900000.0,0.0003378663113077218,0.015567449768906783,0.0003378527619577465,0.015567457509638394,1.0021504827180134e-06
400,30200000.0,0.0032783756860401136,0.015383014540997442,0.0032783643124807416,0.015383026418096857,1.0455270041235896e-06
400,30500000.0,0.006160881803044915,0.01464257632737287,0.0061608741530000954,0.014642591660604443,1.0786715437426018e-06
400,30800000.0,0.008880111895469889,0.0133614920789622,0.008880109139467851,0.01336150932204383,1.088428358177166e-06
400,31100000.0,0.011334495255460209,0.011575220203675851,0.011334497550002154,0.011575237471887156,1.0752732738005743e-06
400,31400000.0,0.013430212721750046,0.009338376488964628,0.013430219419313383,0.009338392401702977,1.0554487489672912e-06
400,31700000.0,0.01508474021369538,0.0067228575654963985,0.015084750614392461,0.006722871371451777,1.046634899297711e-06
400,32000000.0,0.01622982776120474,0.0038155714011867126,0.016229841367296993,0.0038155824756286316,1.0522435606868951e-06
400,32300000.0,0.01681426919631024,0.0007157989202035697,0.0168142854033132,0.0007158065738898101,1.0649940216018254e-06
400,32600000.0,0.016806331460886947,-0.0024681877505090544,0.016806349488620864,-0.002468184029102649,1.0836660934685937e-06
400,32900000.0,0.01619529229256561,-0.005623141516268082,0.016195311441659033,-0.0056231421061320175,1.1175026961115548e-06
400,33200000.0,0.014991982767568635,-0.008634908890773008,0.014992002272218863,-0.008634914389489046,1.1713206730727921e-06
400,33500000.0,0.013228730011437095,-0.011392341394955707,0.013228748483338049,-0.011392352451870758,1.2331390039551984e-06
400,33800000.0,0.01095878144843293,-0.013791318933144892,0.010958796857342024,-0.013791335474520383,1.2833471967425558e-06
400,34100000.0,0.008254828190932484,-0.015738854364796273,0.008254838650584684,-0.01573887521617956,1.3125912832025332e-06
400,34400000.0,0.005206531302014206,-0.017156757825287916,0.005206535713467297,-0.01715678120264319,1.3268685593819963e-06
400,34700000.0,0.0019174763399260053,-0.017984568382742427,0.0019174742880969098,-0.017984592464982407,1.3363260746847037e-06
400,35000000.0,-0.0014981772455175402,-0.018181967242751007,-0.0014981857303463242,-0.018181990211663224,1.3421674660261756e-06
400,35300000.0,-0.004919552202697353,-0.01773075518421141,-0.004919566489668958,-0.017730775248875896,1.3386212188356807e-06
400,35600000.0,-0.008223478578890997,-0.016636013787220127,-0.008223497425707271,-0.016636029636336813,1.3269587313998068e-06
400,35900000.0,-0.011289054471133708,-0.014926181873199718,-0.011289076603487658,-0.014926192925318604,1.321882520152961e-06
400,36200000.0,-0.014001951234095922,-0.012652284844054007,-0.01400197581111845,-0.012652290740221894,1.3392846406895952e-06
400,36500000.0,-0.016258536018358916,-0.009886568213821723,-0.01625856225834965,-0.009886568241479265,1.3789820236346644e-06
400,36800000.0,-0.017969901496182772,-0.006720364561323411,-0.017969928035222515,-0.006720357886396022,1.4263717874578015e-06
400,37100000.0,-0.019065464273358868,-0.0032610122425380528,-0.019065489198238028,-0.0032609985593775592,1.4700249736938995e-06
400,37400000.0,-0.01949574360209877,0.00037190562969302565,-0.019495764940971216,0.00037192593364998583,1.5105670698966727e-06
400,37700000.0,-0.019234359931395717,0.004050621652615605,-0.019234375811372162,0.004050647691248188,1.5516127059058826e-06
400,38000000.0,-0.018279426673337817,0.007643536943645612,-0.018279435288789947,0.007643567197833101,1.5876802037066674e-06
400,38300000.0,-0.016654158176823475,0.011019975154140327,-0.01665415824650396,0.011020007241082541,1.6067597328928912e-06
400,38600000.0,-0.014406394310606752,0.014055075163357467,-0.014406385731659088,0.014055106291966823,1.604282174398741e-06
400,38900000.0,-0.011607116274632845,0.01663438217261881,-0.011607100030734174,0.01663441004535804,1.5904751695072468e-06
400,39200000.0,-0.008348252248235877,0.018658019601372255,-0.008348229642973992,0.01865804271169369,1.5815520833525029e-06
400,39500000.0,-0.004739804762659561,0.02004453788239624,-0.004739777018029523,0.020044555069994585,1.5845295470797939e-06
400,39800000.0,-0.0009061451012382093,0.02073427271874173,-0.0009061136069770104,0.020734282906343493,1.5949155302313918e-06
400,40100000.0,0.0030183942363816163,0.020691838496500248,0.0030184277995738418,0.020691840933766414,1.6092883521012667e-06
400,40400000.0,0.006894238071947334,0.019907647707936516,0.006894272013431957,0.01990764203841333,1.6333936919356571e-06
400,40700000.0,0.010581410142927461,0.01839862355343369,0.010581442761831372,0.01839860949961858,1.6734331289517404e-06
400,41000000.0,0.013944554314424318,0.01620810483003232,0.013944583439407854,0.016208082264978607,1.723178962394458e-06
400,41300000.0,0.016858007748776882,0.013404712548369835,0.01685803069638825,0.013404682204294027,1.7663852761283783e-06
400,41600000.0,0.019210530604404474,0.010080138761265345,0.019210544970666876,0.01008010263662329,1.791992052956812e-06
400,41900000.0,0.020909439096886473,0.006346123238129442,0.02090944350292301,0.006346084095879445,1.8026168554157699e-06
400,42200000.0,0.02188417383354546,0.002330801307613317,0.02188416788536407,0.002330761978655338,1.8073580894927042e-06
400,42500000.0,0.02208925899875236,-0.0018256351560888007,0.022089242993845404,-0.0018256719250683284,1.8092534845364558e-06
400,42800000.0,0.02150636280963114,-0.005975917452293422,0.021506337826829758,-0.005975949033605543,1.8040318207358144e-06
400,43100000.0,0.020145260821762156,-0.009970983961670177,0.020145228746710098,-0.00997100830418085,1.79137677479081e-06
400,43400000.0,0.018043806284517627,-0.013665260271981339,0.01804376923697626,-0.0136652762359184,1.7822691418305322e-06
400,43700000.0,0.015267023496877252,-0.016921886340187542,0.015266983277546053,-0.016921893269701616,1.7907006177987318e-06
400,44000000.0,0.011905215487011067,-0.019617835071162992,0.011905173848980932,-0.01961783220469948,1.8187773176529587e-06
400,44300000.0,0.008071002525172455,-0.021648618224040406,0.008070961785566766,-0.02164860488619269,1.855396767359634e-06
400,44600000.0,0.003895489953070319,-0.022932262308591467,0.003895452947473177,-0.02293223857878479,1.8898972921999267e-06
400,44900000.0,-0.00047616417156526314,-0.023412496035555397,-0.0004761946599823874,-0.023412462937751566,1.9216596752949586e-06
400,45200000.0,-0.004889715155264263,-0.023061169207120757,-0.004889736651077392,-0.02306112846148456,1.9542088901653698e-06
400,45500000.0,-0.009187307743982798,-0.021879728870164095,-0.009187318074821205,-0.02187968293415765,1.9841027252356524e-06
400,45800000.0,-0.013213205189487875,-0.01989953468690664,-0.013213202930010048,-0.019899486938653177,2.001177274667125e-06
400,46100000.0,-0.01681941332099146,-0.0171810402305812,-0.016819398468461366,-0.017180994488623202,2.0002635392823276e-06
400,46400000.0,-0.019871035793463276,-0.01381200864567833,-0.019871009709173437,-0.01381196819214836,1.9890279199017484e-06
400,46700000.0,-0.02225131476080877,-0.00990478475090295,-0.022251279373765587,-0.009904751934357137,1.981487169995325e-06
400,47000000.0,-0.023866150190580804,-0.0055925613523105655,-0.023866107521842594,-0.0055925379833370314,1.984654846023667e-06
400,47300000.0,-0.024647781366892052,-0.001024773805532675,-0.024647733732848787,-0.0010247614141775108,1.9951894796494037e-06
400,47600000.0,-0.024557490477186583,0.0036380774576784125,-0.024557440590352697,0.0036380778960337645,2.009580420619003e-06
400,47900000.0,-0.023587360551832193,0.00822999173750838,-0.023587311180245818,0.008229979916770325,2.0321518033954475e-06
400,48200000.0,-0.02176102594499718,0.01258536416711753,-0.021760979818068904,0.012585340139184775,2.068957689011692e-06
400,48500000.0,-0.01913323847860604,0.016545027142872426,-0.01913319868114527,0.016544991348344973,2.1161248087619868e-06
400,48800000.0,-0.01578821788337792,0.019962087964696673,-0.015788187864223868,0.01996204190916484,2.1600426164698742e-06
400,49100000.0,-0.011836957796707348,0.022707308765195444,-0.011836940526739781,0.02270725541010077,2.1900204518441424e-06
400,49400000.0,-0.007413618696259117,0.024673948993596095,-0.007413615855697331,0.02467389220105609,2.2071275524684816e-06
400,49700000.0,-0.002671012366923242,0.025781941032606892,-0.00267102435354849,0.025781884775973984,2.2191254986841235e-06
400,50000000.0,0.0022247270419928356,0.025981130259840834,0.0022247008027875825,0.02598107839188135,2.2291357505096003e-06
400,50300000.0,0.007099997589238294,0.025253388699669865,0.007099958714205767,0.025253344866070337,2.2334501305296125e-06
400,50600000.0,0.011779836122543741,0.02361361240986093,0.011779787285379872,0.02361357953190124,2.2309907216279123e-06
400,50900000.0,0.016094153231762776,0.021109627497889805,0.01609409754949742,0.021109607361972538,2.230600670699318e-06
400,51200000.0,0.019883952266182447,0.017820908389585277,0.01988389266898727,0.01782090202572828,2.2446937441970042e-06
400,51500000.0,0.02300722840294689,0.013856057367748087,0.023007167831999742,0.013856065629638814,2.2761620900702015e-06
400,51800000.0,0.025344245104232055,0.009349193641206677,0.02534418706978825,0.009349217010554245,2.3159781026950777e-06
400,52100000.0,0.02680205517131462,0.004455457295166498,0.026802003641381855,0.00445549520012134,2.3544391976434486e-06
400,52400000.0,0.027318183679121977,-0.0006542787603728284,0.02731814242031838,-0.000654228119928546,2.3904110995396618e-06
400,52700000.0,0.026863276922965307,-0.005799398199055283,0.026863249171041104,-0.005799337546923078,2.42702248593644e-06
400,53000000.0,0.025442516590474584,-0.010795976605302182,0.02544250501411971,-0.010795909564940365,2.4615347884361013e-06
400,53300000.0,0.02309577463534196,-0.015463340103173628,0.02309578086023345,-0.015463271323314931,2.4847095575468495e-06
400,53600000.0,0.019896585750784568,-0.01963054518804075,0.01989660964968476,-0.019630479788045885,2.4911840301834147e-06
400,53900000.0,0.015949935561057837,-0.02314264187080728,0.01594997530922504,-0.023142584364090113,2.4871969189389904e-06
400,54200000.0,0.011388835298991484,-0.025866473097292175,0.011388888210785209,-0.02586642690581553,2.4851691454000487e-06
400,54500000.0,0.006369805644694915,-0.02769570179319525,0.006369868704833914,-0.02769566958673686,2.4916104330592597e-06
400,54800000.0,0.0010675134094694227,-0.028554883014467736,0.0010675831174578043,-0.028554866921006727,2.5036597269390725e-06
400,55100000.0,-0.0043312570633388114,-0.028402515669022743,-0.0043311847292639705,-0.028402516950043477,2.5180389798763444e-06
400,55400000.0,-0.009634178681897976,-0.02723295569054296,-0.009634107831822614,-0.027232974597980797,2.538508814768501e-06
400,55700000.0,-0.014650280356171552,-0.025077019457917515,-0.01465021500452246,-0.025077055557979566,2.570669227394847e-06
400,56000000.0,-0.01919683652263504,-0.022001226510349303,-0.019196780914021327,-0.022001278680977565,2.611411200967945e-06
400,56300000.0,-0.023105978130665505,-0.018105779409881784,-0.023105936682882522,-0.018105845189178793,2.6485773988803475e-06
400,56600000.0,-0.026230865436493,-0.013521366074807917,-0.02623084182018076,-0.013521441318413596,2.6723359298196132e-06
400,56900000.0,-0.028451225756335963,-0.008404809455196505,-0.028451222023268774,-0.008404888978578051,2.6835106057583647e-06
400,57200000.0,-0.029677975554708635,-0.002933675331302177,-0.029677992130475395,-0.002933753796247718,2.6891195516475606e-06
400,57500000.0,-0.029856713579862082,0.0026999071570276145,-0.029856749582641062,0.0026998349309056424,2.691989723890876e-06
400,57800000.0,-0.028970015840219188,0.00829595716373377,-0.02897006902159527,0.008295896035673267,2.6887494235739004e-06
400,58100000.0,-0.027038481856080154,0.013653715089336882,-0.0270385486195438,0.013653668989921153,2.6784994540541557e-06
400,58400000.0,-0.02412042004573367,0.018578874333247564,-0.024120496135647707,0.018578845779412934,2.669334650196327e-06
400,58700000.0,-0.020310117529699467,0.02289065600677931,-0.02031019875027784,0.02289064644880534,2.6724031397500634e-06
400,59000000.0,-0.015734794294699372,0.02642841556119757,-0.015734876383220464,0.026428425954993173,2.6901685905347733e-06
400,59300000.0,-0.01055039444936623,0.029057586033195304,-0.010550472586740023,0.02905761663194939,2.7144923745315294e-06
400,59600000.0,-0.0049363112443512325,0.03067479495155745,-0.004936380258023898,0.030674844627108122,2.7368519043564065e-06
400,59900000.0,0.0009108339752720296,0.031211923141338582,0.000910778861435535,0.03121198925522284,2.756520563820174e-06
400,60200000.0,0.006784108908691744,0.03063888829622685,0.00678407168911721,0.030638967075759194,2.776493976376027e-06
400,60500000.0,0.012473579514291289,0.028965071981355228,0.012473563332476623,0.028965158606036545,2.7942947060996354e-06
400,60800000.0,0.01777377932735369,0.026239388725928015,0.017773785963219213,0.02623947726715492,2.801590611795871e-06
400,61100000.0,0.022491136126565836,0.02254895891530817,0.022491165263496482,0.022549042986873324,2.7937932550909256e-06
400,61400000.0,0.02645107087974541,0.018016354831434267,0.026451120185689403,0.01801642877069376,2.7768813518481564e-06
400,61700000.0,0.029504446163540643,0.012795517745870622,0.029504512190502208,0.012795577169749772,2.762154926687853e-06
400,62000000.0,0.031533134487294556,0.0070665432913926685,0.031533213258256976,0.007066584796595277,2.7552491812399376e-06
400,62300000.0,0.03245456012433201,0.0010295064978249613,0.03245464703026002,0.0010295274934648546,2.7534172856523197e-06
400,62600000.0,0.03222503933112597,-0.005102522600138215,0.03222512917357445,-0.00510252352916285,2.7538041246641957e-06
400,62900000.0,0.03084172572300936,-0.011111031093504087,0.03084181324427593,-0.011111054045809698,2.7600592771039598e-06
400,63200000.0,0.028343071756763982,-0.01677985598847842,0.028343151894838048,-0.01677990010972019,2.7773892234634188e-06
400,63500000.0,0.024807835357846142,-0.021902929807661176,0.024807902963046136,-0.02190299332219503,2.802998809451666e-06
400,63800000.0,0.020352667449920925,-0.026291757953520234,0.02035271739525857,-0.026291837539686558,2.825954516034497e-06
400,64100000.0,0.01512829809980154,-0.029782373796782613,0.015128326263755376,-0.02978246430166509,2.837513945865099e-06
400,64400000.0,0.009314424981452296,-0.032241463243577684,0.009314429148613801,-0.03224155841680343,2.8386257880533086e-06
400,64700000.0,0.003113526796608257,-0.03357140810228376,0.003113506647201447,-0.03357150156225508,2.835703148394473e-06
400,65000000.0,-0.0032561608494365846,-0.033714105903589475,-0.003256204081101277,-0.03371419149980848,2.8311520728703046e-06
400,65300000.0,-0.009568309566714395,-0.03265344510836954,-0.009568373047938339,-0.032653517139971555,2.8216964953616696e-06
400,65600000.0,-0.015596563012827303,-0.03041628920425543,-0.015596642373856495,-0.030416343097761533,2.8064657709653057e-06
400,65900000.0,-0.02112267363280418,-0.027071887538131945,-0.021122763736302397,-0.02707192037289685,2.7928622843484795e-06
400,66200000.0,-0.025944383968403595,-0.022729759300929908,-0.025944479702499135,-0.022729769453549764,2.791038241727983e-06
400,66500000.0,-0.02988280330459525,-0.017536150257796423,-0.029882899495166537,-0.017536136813306236,2.8031859433005858e-06
400,66800000.0,-0.03278904877394195,-0.01166914350933701,-0.03278913973378028,-0.011669106472300017,2.821862189013579e-06
400,67100000.0,-0.034549875403949826,-0.005332548078049504,-0.034549955199705384,-0.005332489039971522,2.839367012210437e-06
400,67400000.0,-0.035092043043097876,0.0012511984143364074,-0.035092106298940884,0.001251276198080964,2.8551736414768827e-06
400,67700000.0,-0.03438527711608019,0.007848824993262893,-0.034385319410631277,0.007848917037524439,2.872049112806687e-06
400,68000000.0,-0.03244374732789301,0.01422446909005548,-0.03244376526307535,0.014224569796740472,2.8875386023308336e-06
400,68300000.0,-0.0293259786670218,0.02014811681916373,-0.029325970402660384,0.020148219446656457,2.893721666380057e-06
400,68600000.0,-0.02513313919256288,0.02540392424713067,-0.025133105191954663,0.02540402162430433,2.886260034746139e-06
400,68900000.0,-0.0200057645259073,0.029798074579502565,-0.02000570744069252,0.029798160352193737,2.8707088598126417e-06
400,69200000.0,-0.01411906790593842,0.033165894487029224,-0.014118991622787402,0.03316596369556257,2.857437614686614e-06
400,69500000.0,-0.007676985268504577,0.0353780118942324,-0.007676894296072878,0.035378060671811484,2.8513864075811187e-06
400,69800000.0,-0.0009051143201874723,0.03634532156646131,-0.0009050138799673313,0.03634534698941039,2.8497633218182847e-06
400,70100000.0,0.005957206526051917,0.036022526246170194,0.005957310583376452,0.036022526721771086,2.8499935412145937e-06
400,70400000.0,0.012665358849003994,0.034410113191529534,0.012665460625408298,0.034410088585741905,2.8556627220846268e-06
400,70700000.0,0.018978141827236672,0.031554724869388595,0.018978235648499986,0.031554676108924706,2.8715207073746115e-06
400,71000000.0,0.024666438820890924,0.027547903267751694,0.024666518945715588,0.027547832303218334,2.8945461896587436e-06
400,71300000.0,0.029521550782180106,0.02252319795004243,0.029521611531335923,0.022523108398054603,2.9142421747724406e-06
400,71600000.0,0.03336285481912693,0.01665171608833682,0.033362891601732,0.016651613504411467,2.922667204031387e-06
400,71900000.0,0.03604449342711158,0.010136299179934971,0.03604450365745138,0.010136190282997282,2.921175764662007e-06
400,72200000.0,0.037460882676691565,0.0032045396667546022,0.037460865748183525,0.0032044313523296175,2.9158541894939067e-06
400,72500000.0,0.037550849159048494,-0.003899156777419366,0.0375508061045291,-0.0038992577912519977,2.9085747563242725e-06
400,72800000.0,0.036300201820171796,-0.01092220548932743,0.03630013538566523,-0.010922292892474816,2.8961237714267535e-06
400,73100000.0,0.03374261219606656,-0.01761283685017978,0.03374252678720857,-0.01761290545923,2.878223011858363e-06
400,73400000.0,0.02995878838257393,-0.023729107020430185,0.029958689268814953,-0.023729153326214947,2.862473454313598e-06
400,73700000.0,0.02507398343422307,-0.029047630863004548,0.025073875947690505,-0.029047652661081447,2.8581392604260613e-06
400,74000000.0,0.01925388750458712,-0.03337174782554597,0.019253777157753227,-0.03337174362955331,2.8661631476778127e-06
400,74300000.0,0.012699010549043321,-0.03653879884608324,0.012698903504394177,-0.0365387681442646,2.87882620154251e-06
400,74600000.0,0.0056377671900177395,-0.03842621768560894,0.005637669969467463,-0.03842616165155133,2.889281198334768e-06
400,74900000.0,-0.001681469573911687,-0.03895622897376394,-0.0016815509188502498,-0.03895615055232016,2.897762878497458e-06
400,75200000.0,-0.008999087621082036,-0.03809900306878,-0.008999147904654059,-0.03809890655532944,2.906802433873388e-06
400,75500000.0,-0.01605345207121589,-0.03587412543123203,-0.016053487053189874,-0.03587401640264831,2.9134062092159484e-06
400,75800000.0,-0.02259027745767861,-0.032350282662088725,-0.022590284437046693,-0.032350168046771266,2.9101969361304227e-06
400,76100000.0,-0.02837178839205534,-0.027643174527223868,-0.028371767019919725,-0.027643061880400888,2.8944982342925907e-06
400,76400000.0,-0.03318534816649654,-0.021911745386633985,-0.03318530035886824,-0.021911641616948696,2.8730844896441097e-06
400,76700000.0,-0.03685127400188226,-0.015352849478014408,-0.03685120300652556,-0.015352760271971855,2.8558372376691604e-06
400,77000000.0,-0.039229546709626195,-0.008194496980019172,-0.03922945655030641,-0.008194427108291213,2.8461986801080033e-06
400,77300000.0,-0.04022513349046963,-0.0006879157292620786,-0.04022502912533843,-0.0006878691509297763,2.8407871312472087e-06
400,77600000.0,-0.03979172410571574,0.006901264058533529,-0.03979161136981246,0.006901284655592033,2.8376921501482363e-06
400,77900000.0,-0.03793376583902275,0.014302392742830294,-0.03793365086167266,0.014302386117009291,2.8408265027337797e-06
400,78200000.0,-0.03470671309045492,0.02124945127730138,-0.0347066020447826,0.02124941727466756,2.853785982458671e-06
400,78500000.0,-0.030215437844989035,0.0274906283367633,-0.03021533726313219,0.02749056793525262,2.8721033993942122e-06
400,78800000.0,-0.024610837754742043,0.03279745024189684,-0.024610754365244625,0.0327973662988339,2.885612001742758e-06
400,79100000.0,-0.018084778985739236,0.036973124819025927,-0.018084718604489236,0.036973022409554135,2.8884293381585977e-06
400,79400000.0,-0.010863552065866533,0.03985982214895212,-0.010863518607997946,0.03985970781008508,2.883641306610411e-06
400,79700000.0,-0.003200037034370773,0.041344633970328726,-0.003200032486363358,0.04134451474148193,2.877280529423702e-06
400,80000000.0,0.0046351631188694675,0.04136396181326929,0.004635138445147624,0.04136384491792211,2.8703297610656973e-06
400,80300000.0,0.012363285175414296,0.03990615110310358,0.012363232834989524,0.03990604370629258,2.8597392419682055e-06
400,80600000.0,0.019707311748872414,0.0370122880193684,0.019707235200072004,0.037012196440051603,2.846493480923077e-06
400,80900000.0,0.02640189123269554,0.032775133468943896,0.026401795083790147,0.03277506256514706,2.8385772563524215e-06
400,81200000.0,0.03220293404663954,0.02733619688981448,0.03220282330257673,0.02733615038118109,2.8435455441291353e-06
400,81500000.0,0.036896518663158906,0.020881021917876996,0.03689639891264507,0.020881002893484713,2.8600411281808215e-06
400,81800000.0,0.04030676314582282,0.013632858242053958,0.04030664106303494,0.013632868770867557,2.8798287482922476e-06
400,82100000.0,0.04230238939848607,0.005844955189925338,0.04230227241360629,0.005844995482221282,2.897357864328873e-06
400,82400000.0,0.04280175641886097,-0.0022082725080518895,0.04280165182492679,-0.002208204269573688,2.9138968702409233e-06
400,82700000.0,0.041776156499684136,-0.010240920157083222,0.041776071006082716,-0.010240827471127423,2.9315485194308604e-06
400,83000000.0,0.0392512209621656,-0.017965755997445543,0.039251160533181007,-0.017965644068586695,2.946663320528282e-06
400,83300000.0,0.03530638280418763,-0.025104487447544566,0.03530635192335985,-0.02510436331800503,2.952635754610186e-06
400,83600000.0,0.03007242531357046,-0.03139777316014425,0.03007242602054716,-0.03139764496688224,2.9486429275081846e-06
400,83900000.0,0.02372718283481734,-0.036614644257373596,0.023727214709733158,-0.03661451990203113,2.9423461853926297e-06
400,84200000.0,0.016489510465453106,-0.040560986530175036,0.016489571481099308,-0.04056087305983325,2.9424709123923454e-06
400,84500000.0,0.008611731266159328,-0.043086748960909915,0.008611818237825974,-0.04308665281602653,2.950584822528906e-06
400,84800000.0,0.000370844707017981,-0.044091614569959914,0.00037095303858958317,-0.044091541568171966,2.9626638052593966e-06
400,85100000.0,-0.007941199490771655,-0.04352894327208867,-0.007941075775486639,-0.043528897996391036,2.9773494709662426e-06
400,85400000.0,-0.016027843933809294,-0.041407832518005394,-0.01602771158588301,-0.04140781802124649,2.9985350365537412e-06
400,85700000.0,-0.023598517060608448,-0.03779318488471395,-0.023598383336136952,-0.037793202946418525,3.0285405095360903e-06
400,86000000.0,-0.030379076268518768,-0.03280376381673267,-0.03037894921193185,-0.0328038147671974,3.0617784198741484e-06
400,86300000.0,-0.03612172139448888,-0.026608316020920286,-0.03612160957156141,-0.02660839785561797,3.0886397697718957e-06
400,86600000.0,-0.040614041810016155,-0.019419891356783348,-0.040613953037863415,-0.019419999327087156,3.1049440137684507e-06
400,86900000.0,-0.04368687344945865,-0.011488529825292915,-0.043686813663185164,-0.011488657192471274,3.114772237566068e-06
400,87200000.0,-0.04522065526953578,-0.0030925588258952086,-0.04522062837877805,-0.003092697831230007,3.123629984224052e-06
400,87500000.0,-0.04515003841917331,0.005471176924523702,-0.04515004642611731,0.005471034725209378,3.1315651133030114e-06
400,87800000.0,-0.04346659047460266,0.013897800369413904,-0.043466633129197185,0.013897663784103509,3.1355934222672242e-06
400,88100000.0,-0.040219495698478824,0.02188524999352648,-0.04021957036363766,0.021885127263099324,3.137437611266977e-06
400,88400000.0,-0.035514194641112606,0.02914511643702755,-0.03551429701835396,0.029145014481069653,3.1449366158761435e-06
400,88700000.0,-0.029508984731898003,0.03541306266821609,-0.02950910960081876,0.03541298730055242,3.164052606022297e-06
400,89000000.0,-0.022409705548398162,0.040458437601087915,-0.022409846557908564,0.040458393909357016,3.1918407259234954e-06
400,89300000.0,-0.014462700847645282,0.04409274782858774,-0.014462850043603759,0.04409273961764981,3.2200089790768485e-06
400,89600000.0,-0.005946284429731885,0.04617669145349801,-0.005946432693835324,0.04617672026519548,3.2440725361913455e-06
400,89900000.0,0.002839010150443466,0.0466254798480783,0.002838872075028309,0.046625544721114576,3.265892156624331e-06
400,90200000.0,0.011581043274253744,0.04541222898135722,0.011580924223906663,0.04541232675344897,3.2871164146833128e-06
400,90500000.0,0.019967154971055723,0.04256929649629515,0.01996706307087176,0.04256942173066336,3.3036474346003214e-06
400,90800000.0,0.027695338004612602,0.03818752049362506,0.02769527975642072,0.038187665344561195,3.3095755822952822e-06
400,91100000.0,0.03448511656378822,0.03241336537016526,0.034485095718001735,0.03241352041104495,3.3054183877254677e-06
400,91400000.0,0.04008773220684886,0.02544404501310593,0.04008774965582895,0.025444200691456142,3.2992887493261323e-06
400,91700000.0,0.044295249437883766,0.01752079026915121,0.04429530401721027,0.017520937626937183,3.2988771237271456e-06
400,92000000.0,0.046948252049585415,0.008920507859409899,0.046948340926915966,0.0089206383877527,3.3044466930283683e-06
400,92300000.0,0.04794186355033092,-5.3884318327313e-05,0.04794198193162552,-5.37785121887957e-05,3.311785144780926e-06
400,92600000.0,0.04722986279491981,-0.009084126140896931,0.04723000399207178,-0.009084051559235196,3.3201379235158073e-06
400,92900000.0,0.04482671680327133,-0.01784791160664767,0.04482687292733312,-0.017847872957117428,3.3334555332829402e-06
400,93200000.0,0.040807444577793284,-0.026030393788174955,0.04080760688030932,-0.026030394171093096,3.3531651362035413e-06
400,93500000.0,0.0353053208699326,-0.03333548651466289,0.03530547953168567,-0.03333552716092303,3.373089501888391e-06
400,93800000.0,0.028507490623397302,-0.0394965744060749,0.028507635150997412,-0.03949665370833655,3.384407199415764e-06
400,94100000.0,0.020648620567156717,-0.044286247301855486,0.02064874123072835,-0.04428636039516887,3.384476498338947e-06
400,94400000.0,0.012002798469791298,-0.04752468751724637,0.012002887565647269,-0.04752482709620498,3.3782261795142764e-06
400,94700000.0,0.002873975273123053,-0.04908639580922891,0.0028740273465734933,-0.04908655316006838,3.3707847179501773e-06
400,95000000.0,-0.006414710831948445,-0.0489050204762167,-0.006414699021366488,-0.04890518586549142,3.3616524872911507e-06
400,95300000.0,-0.015532368500723981,-0.046976111538193255,-0.015532397542720844,-0.04697627463317344,3.348197340518286e-06
400,95600000.0,-0.024152148613037522,-0.043357673425592935,-0.024152216279298783,-0.043357824368637665,3.3329251889383297e-06
400,95900000.0,-0.03196296655999506,-0.03816847386148314,-0.0319630685692702,-0.03816860413933032,3.323608071541066e-06
400,96200000.0,-0.03868072164606953,-0.03158416890327764,-0.03868085244345118,-0.031584271192262925,3.3250455561442667e-06
400,96500000.0,-0.04405862133488744,-0.023831379541107367,-0.04405877389755042,-0.023831447393411587,3.3333490604683614e-06
400,96800000.0,-0.047896245864134074,-0.015179907442903318,-0.0478964112728299,-0.015179935940882405,3.3405867991029254e-06
400,97100000.0,-0.050047009816408305,-0.005933345779384425,-0.050047177798673625,-0.005933332582282791,3.3434063431828747e-06
400,97400000.0,-0.05042373181433307,0.003581578281310893,-0.05042389187277602,0.0035816326975650625,3.344264838860174e-06
400,97700000.0,-0.04900211082272027,0.013026543343701125,-0.049002252850558564,0.013026636006075787,3.3445465337067758e-06
400,98000000.0,-0.04582198451483471,0.022063656809085064,-0.04582209914454696,0.022063782165952617,3.340036569318661e-06
400,98300000.0,-0.0409863031790052,0.030367546876302942,-0.04098638278911318,0.030367696676266043,3.325587746861404e-06
400,98600000.0,-0.034657828355520004,0.03763708405827426,-0.034657868276167014,0.03763724825908632,3.302804956245664e-06
400,98900000.0,-0.027053666481312064,0.0436062964161561,-0.027053665107696773,0.04360646473087426,3.2800171551500057e-06
400,99200000.0,-0.018437834106384776,0.04805408779172682,-0.018437792073062537,0.04805425044916678,3.264049957754954e-06
400,99500000.0,-0.009112104853761092,0.05081241786185364,-0.009112024655100297,0.05081256548049051,3.2543036079205143e-06
400,99800000.0,0.0005945585975912285,0.05177263854016001,0.0005946722979794303,0.051772762349194146,3.246600526669909e-06
400,100100000.0,0.01033761510136113,0.05088973462434776,0.010337755573116635,0.05088982730034797,3.2407363180214668e-06
400,100400000.0,0.01976917452168254,0.04818430598713341,0.019769333713780098,0.048184362066086006,3.240660457979427e-06
400,100700000.0,0.02855041270039688,0.04374222111528425,0.02855058159133211,0.04374223678600275,3.247164743893939e-06
400,101000000.0,0.03636374270396299,0.037711940730861926,0.03636391107161435,0.03771191411876096,3.25374522731031e-06
400,101300000.0,0.04292430626242504,0.03029957954273188,0.04292446310397675,0.030299511725617734,3.2522236006822283e-06
400,101600000.0,0.04799035633388969,0.021761867595523565,0.04799049136012211,0.021761763026177494,3.241030742565436e-06
400,101900000.0,0.05137214986827225,0.012397264125145302,0.051372254781671414,0.012397129779367244,3.2254868786168085e-06
400,102200000.0,0.0529390366359459,0.002535534537550177,0.052939105327674485,0.0025353788783917253,3.2102410452495235e-06
400,102500000.0,0.05262448381946137,-0.007473858058140603,0.05262451233715977,-0.0074740254311107535,3.1942939134261748e-06
400,102800000.0,0.05042883200868427,-0.017274142879695198,0.050428819031624175,-0.01727431163737725,3.1752100263210867e-06
400,103100000.0,0.04641966520485541,-0.02651396204050549,0.04641961222424493,-0.02651412222056182,3.1560086327552196e-06
400,103400000.0,0.04072977929419985,-0.0348599619434955,0.04072968982566172,-0.0348601048083963,3.1442732219514855e-06
400,103700000.0,0.033552814714809226,-0.04200881501435649,0.033552693531776506,-0.042008932836739454,3.143740246897399e-06
400,104000000.0,0.02513668575945449,-0.047698245617643575,0.02513653916334091,-0.04769833133369428,3.1496280433326147e-06
400,104300000.0,0.015775021071471496,-0.051716649922353586,0.015774857391476743,-0.051716697815355595,3.154168155598823e-06
400,104600000.0,0.005796919560492081,-0.053910948874416054,0.005796748636328591,-0.05391095565676185,3.154800640725543e-06
400,104900000.0,-0.004444612390623631,-0.05419239174795276,-0.00444478030464765,-0.05419235680477774,3.1542707677637454e-06
400,105200000.0,-0.014585144193706129,-0.052540100109099264,-0.014585298970061472,-0.052540025207092,3.153446970995376e-06
400,105500000.0,-0.024261792895476475,-0.04900220491200713,-0.02426192482594583,-0.049002094373024274,3.1477570129412777e-06
400,105800000.0,-0.03312621518508613,-0.04369451224822196,-0.03312631599971308,-0.04369437316952052,3.1327401062054132e-06
400,106100000.0,-0.04085714417316649,-0.036796737646644484,-0.04085720827690742,-0.03679657904537015,3.1111695171468304e-06
400,106400000.0,-0.04717202498857942,-0.028546440660121686,-0.04717204957146204,-0.028546271976093607,3.0916771221812373e-06
400,106700000.0,-0.05183733846014277,-0.019230859250649157,-0.05183732268068009,-0.019230689687688596,3.0800718228706313e-06
400,107000000.0,-0.05467723198589375,-0.009176913552553234,-0.0546771766752977,-0.009176752314179026,3.074593412069824e-06
400,107300000.0,-0.055580128153927766,0.0012602700586636928,-0.05558003625165131,0.0012604139455141272,3.07103484829077e-06
400,107600000.0,-0.05450306601965044,0.011709900927984851,-0.054502942571747204,0.011710019447426223,3.0698178954630285e-06
400,107900000.0,-0.05147361829933045,0.021798691163886108,-0.05147346980640988,0.021798777708569528,3.0746925906689803e-06
400,108200000.0,-0.04658930109204562,0.031164191256127793,-0.04658913530261416,0.031164240421482692,3.0851318307578242e-06
400,108500000.0,-0.04001447211681841,0.039467817310647746,-0.04001429841736731,0.039467825265878886,3.0937749105164874e-06
400,108800000.0,-0.03197481449864553,0.046407090767837555,-0.031974643584618934,0.046407056424984106,3.093378081666351e-06
400,109100000.0,-0.022749601229959393,0.051726647390224034,-0.022749443634016764,0.05172657296449845,3.0842639279937737e-06
400,109400000.0,-0.012662006406958137,0.055227625524286506,-0.012661871242623468,0.05522751579683405,3.0726266458718603e-06
400,109700000.0,-0.002067788755149569,0.05677509072086462,-0.002067683539466292,0.05677495215667916,3.062416759589482e-06
400,110000000.0,0.008657258963295167,0.056303209859969616,0.008657328331226455,0.05630305044624606,3.051928847082828e-06
400,110300000.0,0.01913064196724701,0.05381797422921597,0.019130671815987932,0.05381780321018592,3.0394568747037877e-06
400,110600000.0,0.028976800214915,0.04939737072138195,0.028976789422584304,0.049397197576007024,3.0292378327835992e-06
400,110900000.0,0.03784057310237021,0.04318898558495565,0.037840522434978485,0.04318881923598328,3.0284026675461826e-06
400,111200000.0,0.04540001416188655,0.03540510345007597,0.04539992568060003,0.035404952549887625,3.038362438369686e-06
400,111500000.0,0.0513780848572124,0.026315458160679928,0.051377962424702384,0.02631533143606779,3.0525145932285353e-06
400,111800000.0,0.05555279714648864,0.01623789062732106,0.055552647140536315,0.01623779608349185,3.0636311169072777e-06
400,112100000.0,0.057765441452547694,0.0055272430466191125,0.057765272385460587,0.005527186729502365,3.070875827893915e-06
400,112400000.0,0.0579266019492386,-0.005437129991813006,0.05792642347615984,-0.005437144388945825,3.0775118962671594e-06
400,112700000.0,0.05601972499363206,-0.016264800893787346,0.05601954747290916,-0.016264771927080535,3.0834805062298864e-06
400,113000000.0,0.05210209263392651,-0.02656817636602682,0.05210192687068993,-0.02656810526967268,3.083991131159543e-06
400,113300000.0,0.04630315873827817,-0.03597636964941531,0.046303014886006855,-0.035976260805155924,3.0764017200049765e-06
400,113600000.0,0.03882030140253001,-0.044148546600563776,0.038820187586860566,-0.04414840685523469,3.0657309620092445e-06
400,113900000.0,0.029912125057942163,-0.050786273464866305,0.02991204713415485,-0.050786110766670056,3.06066084415992e-06
400,114200000.0,0.019889530687419055,-0.055644414736968795,0.01988949289583497,-0.05564423762075155,3.0647625058513326e-06
400,114500000.0,0.0091048660046118,-0.05854017493533403,0.009104871022739047,-0.05853999286485223,3.074407457590136e-06
400,114800000.0,-0.002060457416145356,-0.05935995445490727,-0.002060409187065515,-0.05935977764092071,3.085647366353394e-06
400,115100000.0,-0.013209447812823516,-0.05806377164371446,-0.013209358474645883,-0.058063610117966125,3.0998210921801336e-06
400,115400000.0,-0.023943649875089013,-0.054687077830401165,-0.023943523567739322,-0.054686940938821316,3.119995460954404e-06
400,115700000.0,-0.03387739064560058,-0.04933987778138205,-0.033877233538174956,-0.04933977424431646,3.143766876414623e-06
400,116000000.0,-0.042651636443005736,-0.042203174350254,-0.042651457292702144,-0.04220311165027146,3.1633150258128078e-06
400,116300000.0,-0.0499469635518881,-0.03352285980605352,-0.04994677342748732,-0.0335228427145462,3.1733917994893246e-06
400,116600000.0,-0.055495182904871876,-0.023601259218755555,-0.05549499365486299,-0.023601288969598233,3.1767453514429854e-06
400,116900000.0,-0.05908919622051534,-0.01278660763453443,-0.059089019122998465,-0.01278668245117398,3.1800052680925584e-06
400,117200000.0,-0.060590713079953895,-0.0014608261978716897,-0.06059055855007056,-0.001460941964090079,3.1857696700908205e-06
400,117500000.0,-0.059935540503684326,0.009973965334628687,-0.05993541787219425,0.009973815115792206,3.1915600944876305e-06
400,117800000.0,-0.05713625192936145,0.021109721582673657,-0.057136168554653866,0.021109545635531024,3.1964922854361878e-06
400,118100000.0,-0.052282129167304126,0.031547031581710794,-0.0522820898474019,0.03154683983512818,3.205515788380247e-06
400,118400000.0,-0.045536357495091995,0.04090944915416328,-0.04553636490874258,0.0409092519110037,3.224476935087511e-06
400,118700000.0,-0.03713055708957347,0.04885707177750431,-0.03713061215828528,0.048856879944565,3.2523473049019383e-06
400,119000000.0,-0.027356840646862057,0.05509887449016038,-0.02735694177456205,0.05509869978214521,3.2814910268983654e-06
400,119300000.0,-0.016557673118141603,0.05940335848411227,-0.01655781529020195,0.059403212376724746,3.3058377009528237e-06
400,119600000.0,-0.005113878457686738,0.06160712934470203,-0.005114053554610809,0.061607021557800845,3.326062589632804e-06
400,119900000.0,0.00656879152732226,0.06162108095416352,0.0065685937383612725,0.06162101881576776,3.345485768695674e-06
400,120200000.0,0.01807404637844523,0.059433946609956045,0.018073837779271074,0.05943393491540894,3.3632058555745674e-06
400,120500000.0,0.02898988850766515,0.055113083200776014,0.028989682272454464,0.055113123513387485,3.3744972714211405e-06
400,120800000.0,0.038923364065106325,0.048802452554069564,0.03892317334487183,0.048802542514948755,3.3780895649245294e-06
400,121100000.0,0.047514711017728306,0.04071785316144938,0.04751454730390692,0.040717987070051365,3.3800189113068753e-06
400,121400000.0,0.05445039042990829,0.031139553005637755,0.054450263089022455,0.031139723156843768,3.388174325549217e-06
400,121700000.0,0.059474522542652286,0.020402578709459274,0.059474439258063505,0.020402775891254166,3.404264927695468e-06
400,122000000.0,0.0623983145462319,0.008885003773085653,0.062398281115324084,0.00888521695471578,3.4236845867442922e-06
400,122300000.0,0.06310713979017013,-0.003005358323271423,0.06310715916343979,-0.0030051416683019028,3.4429249791182684e-06
400,122600000.0,0.061565000515433566,-0.014845394839215764,0.061565072414735855,-0.014845187594719533,3.4638186625008717e-06
400,122900000.0,0.057816194437609436,-0.02621175440526402,0.05781631574280732,-0.026211569105122123,3.488864245314299e-06
400,123200000.0,0.05198411417625248,-0.03669598428548815,0.051984278867365896,-0.036695832976903375,3.5147108423920146e-06
400,123500000.0,0.044267215999924225,-0.0459192046921868,0.04426741456994332,-0.04591909807156247,3.533653271330088e-06
400,123800000.0,0.034932287179191945,-0.0535458001923419,0.0349325069977533,-0.05354574586050287,3.5417325030574786e-06
400,124100000.0,0.024305232470124505,-0.05929563265883919,0.02430545950079277,-0.05929563410555572,3.5427898945748226e-06
400,124400000.0,0.0127596979780229,-0.06295432422700387,0.01275991831684431,-0.06295438126296382,3.543286192718067e-06
400,124700000.0,0.0007039364958905114,-0.06438123306862042,0.0007041368326292652,-0.06438134242441018,3.5449144427005752e-06
400,125000000.0,-0.011433623665501491,-0.06351483288481852,-0.011433455618624855,-0.06351498811538336,3.54486994923399e-06
400,125300000.0,-0.02321960337539042,-0.06037529205857828,-0.023219477754898854,-0.06037548373185464,3.5427883473077855e-06
400,125600000.0,-0.03423115114413622,-0.05506413971062374,-0.03423107516421231,-0.05506435656063413,3.543892286422864e-06
400,125900000.0,-0.04407111566555044,-0.047761015115283634,-0.0440710939618687,-0.04776124501083201,3.5532547335218654e-06
400,126200000.0,-0.0523823659867082,-0.03871760980302774,-0.05238240089493873,-0.038717839627221196,3.568722299092438e-06
400,126500000.0,-0.05886074946915221,-0.02824900828168131,-0.0588608401681856,-0.02824922387560269,3.582477722271332e-06
400,126800000.0,-0.06326622019466499,-0.01672271854642471,-0.06326636177183098,-0.01672290596635362,3.5893418626084853e-06
400,127100000.0,-0.06543172471433412,-0.00454577095697406,-0.06543190855056724,-0.004545918182635944,3.5908594298735683e-06
400,127400000.0,-0.06526951319302698,0.007849655870306282,-0.0652697280611041,0.007849558186110883,3.590364407430986e-06
400,127700000.0,-0.0627746438740322,0.02002157085507328,-0.06277487648673952,0.02002152916068356,3.5865595650360237e-06
400,128000000.0,-0.05802554647216129,0.0315339291385035,-0.058025781949797794,0.03153394618378824,3.574970570677213e-06
400,128300000.0,-0.0511816054337475,0.041972256119898965,-0.05118182879382194,0.04197233021300262,3.5552916893783615e-06
400,128600000.0,-0.04247783107108427,0.05095857219640365,-0.04247802903187026,0.05095869783512885,3.5342134605924675e-06
400,128900000.0,-0.0322168003751806,0.05816507600672427,-0.03221696190453871,0.05816524530801814,3.5192002996862517e-06
400,129200000.0,-0.020758148385464192,0.06332609510687348,-0.02075826429855665,0.06332629835720649,3.5110080235668394e-06
400,129500000.0,-0.008505970874038482,0.06624787373817487,-0.008506034103752391,0.06624809912547747,3.5047419636805867e-06
400,129800000.0,0.004105425985373445,0.06681583381032041,0.004105419365604934,0.06681606784497518,3.497475360653774e-06
400,130100000.0,0.01662692327573967,0.06499903195880075,0.016626973683766533,0.06499926072671292,3.49154996917338e-06
400,130400000.0,0.028610582708736176,0.06085164328948389,0.028610687496518628,0.060851853211305595,3.4892106630663356e-06
400,130700000.0,0.03962566865647488,0.05451141111316726,0.03962582206966547,0.054511589092271606,3.486641273520604e-06
400,131000000.0,0.0492741316728762,0.04619510210687361,0.04927432425890288,0.04619523644134871,3.4764702146261092e-06
400,131300000.0,0.05720499511979238,0.03619110984047591,0.057205214142351135,0.03619119203468335,3.4558989880181383e-06
400,131600000.0,0.06312711889762435,0.024849459923223627,0.06312735014473159,0.02484948570309209,3.4297205332082848e-06
400,131900000.0,0.06681987736093564,0.012569568931243946,0.06682010672023075,0.012569537749774984,3.404355791373533e-06
400,132200000.0,0.0681413661593413,-0.0002138157477906688,0.06814158005180193,-0.00021390134483256773,3.380945600271535e-06
400,132500000.0,0.06703383277786301,-0.013046006502783314,0.0670340185725804,-0.01304614076982924,3.356658106013605e-06
400,132800000.0,0.06352611771530858,-0.02546855169038098,0.06352626487195678,-0.02546872588253013,3.331758970765382e-06
400,133100000.0,0.0577330051676217,-0.03703561587170778,0.05773310597676673,-0.03703581944023959,3.3118222977369103e-06
400,133400000.0,0.049851498766972036,-0.047329978128757944,0.04985154792011981,-0.04733019967665131,3.301305271966679e-06
400,133700000.0,0.0401541429436727,-0.05597808023897555,0.040154137205839824,-0.055978307307714914,3.2971256323985726e-06
400,134000000.0,0.02897960983379777,-0.0626635832989364,0.028979548931514998,-0.06266380222429335,3.291390120755352e-06
400,134300000.0,0.016720874812559572,-0.06713893517814817,0.016720762407972156,-0.06713913231411572,3.2798173140434272e-06
400,134600000.0,0.0038113988469854476,-0.06923452403919095,0.003811242156261496,-0.06923468742330607,3.2647559028417923e-06
400,134900000.0,-0.009290194305015653,-0.06886508525912927,-0.00929038557486539,-0.0688652052680987,3.249454219999926e-06
400,135200000.0,-0.022116409722578112,-0.06603312300415842,-0.022116623807377778,-0.06603319250677897,3.2321787764631058e-06
400,135500000.0,-0.034207565955531205,-0.06082920571056194,-0.03420778937209912,-0.06082922087475717,3.2087258271370517e-06
400,135800000.0,-0.045128272322182195,-0.053429107963229416,-0.045128491277118155,-0.05342906903278477,3.1798266014488778e-06
400,136100000.0,-0.05448310486089403,-0.04408789198799967,-0.054483306968958534,-0.044087802654204644,3.15281774221562e-06
400,136400000.0,-0.06193092093956443,-0.033131130865295066,-0.06193109562552568,-0.03313099687082355,3.1345426591104633e-06
400,136700000.0,-0.06719729820895548,-0.020943570783556797,-0.06719743615892382,-0.02094339950987356,3.12450829618208e-06
400,137000000.0,-0.07008464048698437,-0.007955622812286567,-0.07008473386598046,-0.007955423743478018,3.117352482423842e-06
400,137300000.0,-0.07047957438887043,0.00537183796769769,-0.07047961788065171,0.005372053499533624,3.110689124404244e-06
400,137600000.0,-0.0683573637893029,0.018563824696991027,-0.06835735498359119,0.018564044613903707,3.107200134985412e-06
400,137900000.0,-0.06378317600053762,0.031148165279561546,-0.06378311500306477,0.031148377321363885,3.108387318279568e-06
400,138200000.0,-0.05691013789138433,0.042672404811083364,-0.0569100275257548,0.042672596487073555,3.1094380524257325e-06
400,138500000.0,-0.04797423273710377,0.05272007625387243,-0.04797407937521658,0.05272023565934569,3.1032420181060527e-06
400,138800000.0,-0.03728620923567094,0.06092574925057215,-0.03728602259709879,0.06092586687692969,3.088525490435226e-06
400,139100000.0,-0.0252207846803012,0.06698831533417837,-0.025220576205505107,0.06698838509515181,3.0712604227108228e-06
400,139400000.0,-0.012203515375729168,0.07068203186419164,-0.012203296872450586,0.07068205062650823,3.0574955922290166e-06
400,139700000.0,0.0013042111600820583,0.07186491844571452,0.0013044276981086789,0.0718648855215911,3.047255573948329e-06
400,140000000.0,0.014821531974033242,0.07048418859276251,0.014821734600988012,0.07048410608108391,3.03756652395731e-06
400,140300000.0,0.027865227299980866,0.06657851041175267,0.02786540518212144,0.0665783832476774,3.02961867542448e-06
400,140600000.0,0.03996699299366924,0.06027700744883391,0.039967137105941575,0.0602768424428497,3.0291501593768016e-06
400,140900000.0,0.05069025467841115,0.05179502156261839,0.05069035735581906,0.05179482672737268,3.038889361878522e-06
400,141200000.0,0.05964592003735447,0.04142677043223397,0.05964597474433875,0.04142655552955454,3.0536184243378173e-06
400,141500000.0,0.0665064956117094,0.029535149018814044,0.06650649807428666,0.029534925978632387,3.065202153171634e-06
400,141800000.0,0.07101805527370164,0.016539033387924063,0.07101800475103781,0.016538815230753734,3.07098169846508e-06
400,142100000.0,0.07300962835774172,0.0028985319104573026,0.07300952754271606,0.002898331157248357,3.0745099299286377e-06
400,142400000.0,0.0723996620555547,-0.010901302097804377,0.07239951632187935,-0.010901474036609127,3.0784583164824105e-06
400,142700000.0,0.0691993095024892,-0.024367721467385417,0.06919912683664409,-0.024367854500005448,3.0801727974167047e-06
400,143000000.0,0.06351241068376368,-0.03701788163070763,0.06351220167780136,-0.03701796799766255,3.0763031273772114e-06
400,143300000.0,0.055532157909984114,-0.04839615186142576,0.05553193456563621,-0.04839618719449268,3.069752099487536e-06
400,143600000.0,0.0455345539235541,-0.05809052514312385,0.04553432807079094,-0.05809050811477556,3.0686152524657457e-06
400,143900000.0,0.03386887902289315,-0.06574753828454316,0.033868662037401354,-0.06574746952147881,3.077690122231251e-06
400,144200000.0,0.020945493165328788,-0.07108515774134783,0.02094529655566557,-0.0710850398077818,3.093755652275745e-06
400,144500000.0,0.007221402870504434,-0.07390315837029515,0.007221237932156566,-0.07390299664432942,3.1108725621124054e-06
400,144800000.0,-0.006815896187539305,-0.07409061733482547,-0.00681601966656098,-0.07409042007000544,3.127873260659564e-06
400,145100000.0,-0.020665733364122474,-0.07163024679030072,-0.020665807779625123,-0.07163002423598352,3.1476993265105112e-06
400,145400000.0,-0.03383212286626014,-0.06659939390810288,-0.03383214273732804,-0.06659915793211102,3.1701708905841463e-06
400,145700000.0,-0.045841528958612265,-0.05916765486215647,-0.04584149155282358,-0.05916741910423928,3.189221504791333e-06
400,146000000.0,-0.05625989618070015,-0.049591177395698516,-0.05625980280743592,-0.04959095638061606,3.1992244570034757e-06
400,146300000.0,-0.06470833480495264,-0.038203846720263,-0.06470819098928482,-0.03820365382305857,3.2019470637976835e-06
400,146600000.0,-0.07087689906802108,-0.025405655035932728,-0.07087671318815625,-0.025405501184434298,3.204725688913227e-06
400,146900000.0,-0.0745359549753628,-0.011648655001374575,-0.07453573713412132,-0.011648548850142548,3.212175875896932e-06
400,147200000.0,-0.07554471630441473,0.002579007800162625,-0.0755444783242929,0.00257905974632755,3.2224951767328257e-06
400,147500000.0,-0.07385663355976524,0.016770414747774964,-0.07385638877968592,0.016770408933298286,3.2329091927498057e-06
400,147800000.0,-0.06952143521174303,0.0304179332513399,-0.06952119728988615,0.030417869535198427,3.245802660255769e-06
400,148100000.0,-0.06268373363576796,0.04303137643643429,-0.06268351564748542,0.04303125745664782,3.2663045456278994e-06
400,148400000.0,-0.05357822702757575,0.05415561296919069,-0.053578041671239696,0.054155443764588806,3.2944588943983343e-06
400,148700000.0,-0.04252165605457359,0.06338698953149957,-0.0425215155330676,0.06338677835740292,3.3232219246506913e-06
400,149000000.0,-0.029901795212000426,0.07038797372370964,-0.02990170963457972,0.07038773260514208,3.3455658247592976e-06
400,149300000.0,-0.016163861110366273,0.07489949118062356,-0.016163836756192485,0.07489923477843585,3.3613203437504806e-06
400,149600000.0,-0.0017948089399317801,0.07675050638668934,-0.0017948479827039066,0.07675025023829862,3.3750506603822734e-06
400,149900000.0,0.012693929709468144,0.07586448832872938,0.01269382877141112,0.07586424802418867,3.3885426845881505e-06
400,150200000.0,0.02678465099866134,0.0722625163146784,0.026784493574367296,0.07226230698491398,3.398603899136847e-06
400,150500000.0,0.039971875840071114,0.06606290630894485,0.03997167142986324,0.06606274118876376,3.4031373603994418e-06
400,150800000.0,0.05178048341674124,0.05747735885002947,0.051780244425640554,0.05747724777383212,3.4066294183768195e-06
400,151100000.0,0.061782832243507,0.04680374820996214,0.06178257229360451,0.04680369759658132,3.4167747085363466e-06
400,151400000.0,0.06961424735703892,0.03441579593603539,0.06961398086708126,0.0344158095590672,3.436125034434278e-06
400,151700000.0,0.07498631072040585,0.020749990721427247,0.07498605328486008,0.02075006940019386,3.459848275215826e-06
400,152000000.0,0.07769747481749034,0.006290214538522854,0.07769724251874255,0.006290354993465419,3.4824180717600117e-06
400,152300000.0,0.07764061174064585,-0.008449387684616783,0.07764041943731126,-0.008449193001652366,3.5038411152929065e-06
400,152600000.0,0.07480721168383431,-0.022942691327218823,0.07480707195811354,-0.022942453326828316,3.5271341121395344e-06
400,152900000.0,0.0692880644244167,-0.0366703744926451,0.0692879873108998,-0.03667010699069806,3.5512567561619625e-06
400,153200000.0,0.061270389304937556,-0.049138525833972935,0.06127038131775686,-0.049138245555200966,3.5700329970711333e-06
400,153500000.0,0.051031506164163076,-0.05989641428128223,0.051031568695211416,-0.059896139680907234,3.5790821808396556e-06
400,153800000.0,0.038929257280286844,-0.06855278485057903,0.038929386270759814,-0.0685525336861782,3.5815469303435656e-06
400,154100000.0,0.025389506960209918,-0.07479008842462875,0.025389694263807883,-0.07478987609764176,3.5848015441366193e-06
400,154400000.0,0.010891157900265735,-0.07837612413350803,0.010891392470122607,-0.07837596356744814,3.5923736276269025e-06
400,154700000.0,-0.004050784541272279,-0.07917267013174756,-0.0040505165545172694,-0.07917257159660707,3.6016863897814966e-06
400,155000000.0,-0.018903503503945096,-0.07714078657966617,-0.018903218344750172,-0.07714075659960307,3.6101694813042618e-06
400,155300000.0,-0.03313537190785221,-0.07234258637418467,-0.03313508670875809,-0.0723426270790285,3.6205746775622296e-06
400,155600000.0,-0.046234984563668036,-0.06493939235821133,-0.04623471614078989,-0.06493950207500254,3.637626219468743e-06
400,155900000.0,-0.05772953536165781,-0.05518633472516321,-0.057729300173424924,-0.05518650836166261,3.6604929657190176e-06
400,156200000.0,-0.06720188035103414,-0.04342357314798806,-0.06720169411768628,-0.04342380139597879,3.681818475627671e-06
400,156500000.0,-0.07430567547204703,-0.030064444104540677,-0.07430555128137506,-0.030064713004314236,3.695146763328472e-06
400,156800000.0,-0.07877803896000657,-0.015580941398409709,-0.07877798530727187,-0.01558123372340603,3.7010306294625696e-06
400,157100000.0,-0.08044927088921039,-0.00048704012960598675,-0.08044929132316136,-0.00048733742769502264,3.704122490164678e-06
400,157400000.0,-0.07924927087685285,0.01467954209783584,-0.07924936442724118,0.014679258451517407,3.7057674611902806e-06
400,157700000.0,-0.07521041654519456,0.02937649932827069,-0.07521057750226356,0.029376247399241828,3.7025312046682995e-06
400,158000000.0,-0.06846678689732055,0.04307632905457359,-0.06846700471227196,0.043076124661821424,3.6926031947601146e-06
400,158300000.0,-0.05924974014947626,0.05528526888895724,-0.059250000826340354,0.055285123906747224,3.680811485831063e-06
400,158600000.0,-0.04787998988012143,0.06556109377270036,-0.0478802779005405,0.06556101606144282,3.6746358869353402e-06
400,158900000.0,-0.034756454789787394,0.07352913111441983,-0.03475675369897857,0.0735291253149235,3.67595664155466e-06
400,159200000.0,-0.020342270765804304,0.07889591835528054,-0.02034256292192138,0.07889598558855748,3.6795024235375653e-06
400,159500000.0,-0.005148451096135709,0.08146000692845462,-0.005148718526191143,0.08146014367956961,3.6799317572457183e-06
400,159800000.0,0.010284230820439166,0.08111951086200014,0.010284004550525694,0.08111970893626513,3.677656805549602e-06
400,160100000.0,0.02540448993051836,0.07787611539694678,0.02540431860998771,0.07787636300263528,3.6757117833848116e-06
400,160400000.0,0.0396702215802045,0.07183539300633784,0.0396701161070494,0.07183567533469298,3.6726939247473024e-06
400,160700000.0,0.05256793746100952,0.06320340458583057,0.052567904879099014,0.06320370388789043,3.6623157756364608e-06
400,161000000.0,0.06363125133983338,0.052279690192792105,0.06363129324931771,0.052279987078784895,3.6407508229182583e-06
400,161300000.0,0.07245774556863616,0.03944688408987246,0.0724578579029469,0.03944716008766014,3.6119213414304396e-06
400,161600000.0,0.07872360519612176,0.02515731708912272,0.07872377976129208,0.025157556329423014,3.583445824541982e-06
400,161900000.0,0.08219549074968535,0.009917078490562031,0.08219571653352631,0.009917267745783193,3.5584596738318114e-06
400,162200000.0,0.08273921822747488,-0.005731903878069239,0.08273948153612709,-0.005731775104165698,3.534109396694693e-06
400,162500000.0,0.08032492114752188,-0.021231134912689437,0.08032520604746951,-0.02123107335159327,3.5082117180110094e-06
400,162800000.0,0.0750284930387699,-0.0360254871300843,0.07502878290643489,-0.036025495207413216,3.4841021549606215e-06
400,163100000.0,0.06702924745309957,-0.049583083643866585,0.06702952613367685,-0.049583160228906006,3.466400773339658e-06
400,163400000.0,0.056603869777948734,-0.061414419018361865,0.05660412147360416,-0.061414559901098925,3.4535194961339706e-06
400,163700000.0,0.04411686222811584,-0.07109003476608705,0.0441170717287509,-0.07109023184221032,3.4377711714307362e-06
400,164000000.0,0.030007807138046072,-0.07825610965048795,0.030007961628718327,-0.07825635044338902,3.41347584971382e-06
400,164300000.0,0.01477589462311757,-0.08264739437677286,0.014775985544002168,-0.08264766340753021,3.382390464113043e-06
400,164600000.0,-0.0010377363937315032,-0.08409701892857173,-0.001037713149980135,-0.08409729968557335,3.349644813108858e-06
400,164900000.0,-0.016869219873036467,-0.08254281485025451,-0.01686926450858861,-0.08254309065627981,3.3162854358303783e-06
400,165200000.0,-0.032152068915124676,-0.0780299132083141,-0.03215217751045785,-0.07803016773540719,3.2789427706472047e-06
400,165500000.0,-0.04633744950862795,-0.07070950726030112,-0.04633761386948354,-0.07070972605032497,3.236906510987742e-06
400,165800000.0,-0.058913891645538286,-0.06083381045224237,-0.05891410064620706,-0.0608339824462692,3.1961976916626116e-06
400,166100000.0,-0.0694257295655949,-0.04874738143420909,-0.0694259709589482,-0.048747498818215856,3.1641867504062723e-06
400,166400000.0,-0.07748961086772699,-0.03487511443182453,-0.07748987161090515,-0.03487517165464446,3.14144848631866e-06
400,166700000.0,-0.08280847716525752,-0.019707308605348778,-0.08280874283812878,-0.019707302641078756,3.12188913346571e-06
400,167000000.0,-0.08518250194113453,-0.003782339678654656,-0.0851827573222863,-0.003782271223807865,3.1008202860502046e-06
400,167300000.0,-0.0845165816094644,0.012332449394774903,-0.08451681230764496,0.012332575768060405,3.0797067936136964e-06
400,167600000.0,-0.08082410372874982,0.028060958772387734,-0.0808242970269335,0.02806113553521189,3.0615127399440877e-06
400,167900000.0,-0.07422684630871679,0.0428389272484101,-0.07422699118253595,0.04283914419463636,3.04393928515389e-06
400,168200000.0,-0.06495099414921146,0.056134178751771735,-0.0649510821510173,0.056134422688621566,3.020780396000368e-06
400,168500000.0,-0.05331939900988969,0.06746578936854647,-0.05331942591991501,0.06746604507160403,2.9899883669456027e-06
400,168800000.0,-0.0397403516934145,0.07642148199579368,-0.03974031784107579,0.076421734475694,2.957374708975209e-06
400,169100000.0,-0.024693258904414872,0.08267262323907609,-0.024693167769779922,0.08267285910702898,2.930652300100345e-06
400,169400000.0,-0.008711723518090242,0.08598628015300513,-0.008711580707987387,0.08598648733518544,2.9115209084969466e-06
400,169700000.0,0.007635378077401445,0.08623389129728137,0.007635564541787154,0.0862340589290917,2.896309504572101e-06
400,170000000.0,0.02376414750453293,0.08339622619415565,0.023764367190939772,0.08339634562972603,2.8835904000199312e-06
